x,y,z,vx,vy,vz,ax,ay,az,mass
-0.92800003290176392,0.071999989449977875,-0.92800003290176392,0,0,0,0,0,0,8
-0.53305536508560181,0.071999989449977875,-0.92800003290176392,-0.013363467529416084,0,0,-0.017321091145277023,0,0,8
-0.53305536508560181,0.071999989449977875,-0.92800003290176392,-0.013363467529416084,0,0,-0.017321091145277023,0,0,8
-0.1760600358247757,0.071999989449977875,-0.92800003290176392,-0.014595246873795986,0,0,-0.1908094584941864,0,0,8
-0.1760600358247757,0.071999989449977875,-0.92800003290176392,-0.014595244079828262,0,0,-0.19080954790115356,0,0,8
0.17963984608650208,0.071999989449977875,-0.92800003290176392,-0.03447435051202774,0,0,-0.36710885167121887,0,0,8
0.17963984608650208,0.071999989449977875,-0.92800003290176392,-0.03447435051202774,0,0,-0.36710885167121887,0,0,8
0.53546601533889771,0.071999989449977875,-0.92800003290176392,-0.00032202969305217266,0,0,0.21871790289878845,0,0,8
0.53546601533889771,0.071999989449977875,-0.92800003290176392,-0.00032202969305217266,0,0,0.21871790289878845,0,0,8
0.92800003290176392,0.071999989449977875,-0.92800003290176392,0,0,0,0,0,0,8
-0.92800003290176392,0.071999989449977875,-0.53172868490219116,0,0,-0.012058445252478123,0,0,0.0467226542532444,8
-0.56091928482055664,0.071999989449977875,-0.70907479524612427,-0.032256841659545898,0,-0.0049601756036281586,-0.66408663988113403,0,-0.36622169613838196,8
-0.44082990288734436,0.071999989449977875,-0.55469107627868652,-0.022989058867096901,0,-0.0103008933365345,0.058028023689985275,0,0.080577798187732697,8
-0.19232651591300964,0.071999989449977875,-0.70883631706237793,-0.015970807522535324,0,0.0089109037071466446,0.63405495882034302,0,0.15057685971260071,8
-0.0080231726169586182,0.071999989449977875,-0.72598975896835327,-0.015869937837123871,0,-0.025482824072241783,0.042197234928607941,0,0.32923248410224915,8
0.17850057780742645,0.071999989449977875,-0.70931774377822876,0.051053676754236221,0,-0.033095803111791611,0.062735863029956818,0,0.50270539522171021,8
0.36109843850135803,0.071999989449977875,-0.72490006685256958,0.021823819726705551,0,-0.022666368633508682,0.36385110020637512,0,-0.062265690416097641,8
0.40060624480247498,0.071999989449977875,-0.54625159502029419,-0.042281143367290497,0,-0.0041763396002352238,-0.76249343156814575,0,-0.88633173704147339,8
0.73746722936630249,0.071999989449977875,-0.72710639238357544,0.02090778760612011,0,-0.031746052205562592,-0.91614985466003418,0,0.25929471850395203,8
0.92800003290176392,0.071999989449977875,-0.5339476466178894,0,0,-0.005924643948674202,0,0,-0.3299262523651123,8
-0.92800003290176392,0.071999989449977875,-0.53172868490219116,0,0,-0.012058445252478123,0,0,0.0467226542532444,8
-0.54661381244659424,0.071999989449977875,-0.37295925617218018,-0.024786617606878281,0,0.039642628282308578,-0.051285900175571442,0,-0.39326313138008118,8
-0.365945965051651,0.071999989449977875,-0.35749614238739014,-0.03996918722987175,0,-0.041416000574827194,-0.52528655529022217,0,-0.228703573346138,8
-0.29525309801101685,0.071999989449977875,-0.53300142288208008,0.013007442466914654,0,-0.014624382369220257,0.57181364297866821,0,-0.47312483191490173,8
-0.18171355128288269,0.071999989449977875,-0.38213562965393066,0.0045484481379389763,0,-0.12995439767837524,0.24719507992267609,0,-0.7779807448387146,8
0.18019276857376099,0.071999989449977875,-0.36168381571769714,0.013801379129290581,0,-0.1882823258638382,-1.1211373805999756,0,-0.5477866530418396,8
0.24826227128505707,0.071999989449977875,-0.52076995372772217,0.13090509176254272,0,-0.070865094661712646,-1.1357947587966919,0,-0.14084726572036743,8
0.37248772382736206,0.071999989449977875,-0.3572959303855896,0.031730081886053085,0,0.053902037441730499,-1.2595063447952271,0,-0.11169052869081497,8
0.55899238586425781,0.071999989449977875,-0.44722187519073486,-0.02221180684864521,0,0.048342753201723099,-0.64355063438415527,0,0.82301795482635498,8
0.92800003290176392,0.071999989449977875,-0.5339476466178894,0,0,-0.005924643948674202,0,0,-0.3299262523651123,8
-0.92800003290176392,0.071999989449977875,-0.1768760085105896,0,0,-0.0086320023983716965,0,0,-0.095826201140880585,8
-0.70798826217651367,0.071999989449977875,-0.53770041465759277,-0.02921246737241745,0,-0.021229943260550499,-0.12515991926193237,0,-0.42864760756492615,8
-0.54179435968399048,0.071999989449977875,-0.23360267281532288,0.013467960059642792,0,0.021733283996582031,-0.40109387040138245,0,0.25944802165031433,8
-0.22619719803333282,0.071999989449977875,-0.23899306356906891,-0.01575108990073204,0,-0.062508814036846161,-0.98476952314376831,0,0.69592767953872681,8
-0.095841944217681885,0.071999989449977875,-0.19267131388187408,-0.04206664115190506,0,0.0059384377673268318,1.0154072046279907,0,-0.063715927302837372,8
0.075034953653812408,0.071999989449977875,-0.16669604182243347,-0.049283172935247421,0,-0.027652300894260406,1.2129461765289307,0,-0.53984707593917847,8
0.21586178243160248,0.071999989449977875,-0.24319849908351898,-0.15877941250801086,0,-0.014589020982384682,0.13300180435180664,0,1.3745979070663452,8
0.70982956886291504,0.071999989449977875,-0.13201472163200378,0.080898724496364594,0,-0.080601766705513,-0.018460525199770927,0,0.056559737771749496,8
0.72710692882537842,0.071999989449977875,-0.33997717499732971,-0.022567111998796463,0,-0.055711984634399414,-0.35806766152381897,0,-0.14805926382541656,8
0.92800003290176392,0.071999989449977875,-0.3607189953327179,0,0,0.0082487016916275024,0,0,-0.44839635491371155,8
-0.92800003290176392,0.071999989449977875,-0.1768760085105896,0,0,-0.008631998673081398,0,0,-0.095826253294944763,8
-0.70718318223953247,0.071999989449977875,-0.14683786034584045,-0.014557737857103348,0,-0.017041059210896492,0.00028800216387026012,0,0.39327099919319153,8
-0.39981794357299805,0.071999989449977875,-0.16800428926944733,0.014583045616745949,0,-0.0059508420526981354,-0.30813533067703247,0,-0.21418435871601105,8
-0.38208892941474915,0.071999989449977875,0.0057896892540156841,-0.059609770774841309,0,0.022999215871095657,-0.45460635423660278,0,0.14492790400981903,8
-0.2260638028383255,0.071999989449977875,-0.078012809157371521,-0.10349058359861374,0,-0.031187213957309723,0.046633552759885788,0,-0.62654465436935425,8
-0.035496950149536133,0.071999989449977875,-0.047091670334339142,-0.057096436619758606,0,0.025697644799947739,-0.0077589596621692181,0,-0.40202859044075012,8
0.23277734220027924,0.071999989449977875,-0.092814400792121887,-0.11751382052898407,0,0.0036177998408675194,-0.92354327440261841,0,-1.6917760372161865,8
0.39936208724975586,0.071999989449977875,-0.15946120023727417,-0.14286310970783234,0,-0.077900290489196777,0.61495852470397949,0,-0.45696860551834106,8
0.72451174259185791,0.071999989449977875,0.0490078404545784,-0.017546692863106728,0,-0.081821717321872711,-0.40241223573684692,0,-0.20564986765384674,8
0.92800003290176392,0.071999989449977875,-0.18218027055263519,0,0,-0.0048220581375062466,0,0,-0.13349729776382446,8
-0.92800003290176392,0.071999989449977875,0.36017486453056335,0,0,0.010130731388926506,0,0,0.23418544232845306,8
-0.72941064834594727,0.071999989449977875,0.034512866288423538,-0.02950935997068882,0,-0.022847365587949753,0.58150619268417358,0,-0.42175087332725525,8
-0.38396546244621277,0.071999989449977875,0.18217067420482635,-0.00038063479587435722,0,0.01758074015378952,-0.026959968730807304,0,0.35158523917198181,8
-0.18615420162677765,0.071999989449977875,0.079321697354316711,-0.018806934356689453,0,-0.018012978136539459,-0.5203859806060791,0,-0.25653418898582458,8
0.0059579005464911461,0.071999989449977875,0.1150602325797081,-0.00083618302596732974,0,0.027147725224494934,0.13565503060817719,0,-0.15510956943035126,8
0.15413570404052734,0.071999989449977875,0.044002104550600052,-0.0090445075184106827,0,0.064209617674350739,0.079927757382392883,0,-0.030158532783389091,8
0.25116950273513794,0.071999989449977875,0.18199524283409119,0.071837343275547028,0,0.067781880497932434,-0.55892360210418701,0,0.37339779734611511,8
0.41998103260993958,0.071999989449977875,0.19155493378639221,0.068439871072769165,0,0.054291818290948868,0.3635469377040863,0,-0.40515828132629395,8
0.70808970928192139,0.071999989449977875,0.22920002043247223,0.029717542231082916,0,-0.056743104010820389,-1.0785139799118042,0,-0.66430580615997314,8
0.92800003290176392,0.071999989449977875,0.17361263930797577,0,0,0.015737412497401237,0,0,0.20475895702838898,8
-0.92800003290176392,0.071999989449977875,0.18456616997718811,0,0,-0.0070272092707455158,0,0,-0.22478234767913818,8
-0.72416782379150391,0.071999989449977875,0.39779284596443176,-0.021561851724982262,0,-0.03673161193728447,0.34401649236679077,0,-0.21868942677974701,8
-0.52816987037658691,0.071999989449977875,0.19995974004268646,0.017509080469608307,0,-0.020716167986392975,-0.57381051778793335,0,-0.15680006146430969,8
-0.23281845450401306,0.071999989449977875,0.22603477537631989,-0.035126999020576477,0,0.043505009263753891,-0.7992243766784668,0,-0.10813838988542557,8
-0.096731744706630707,0.071999989449977875,0.23492659628391266,0.02859632670879364,0,0.01229917723685503,-0.5792357325553894,0,-0.42360061407089233,8
0.12498146295547485,0.071999989449977875,0.24368785321712494,0.015928022563457489,0,0.02689163014292717,0.44608038663864136,0,-0.19679455459117889,8
0.36523908376693726,0.071999989449977875,0.03188382089138031,-0.024706903845071793,0,-0.027236182242631912,-0.02958381362259388,0,-1.0896247625350952,8
0.54075032472610474,0.071999989449977875,0.11496224999427795,0.028872670605778694,0,-0.0037149833515286446,0.14629656076431274,0,-0.48774448037147522,8
0.72719842195510864,0.071999989449977875,0.4037628173828125,0.031257454305887222,0,0.073462620377540588,0.18195535242557526,0,0.0066351140849292278,8
0.92800003290176392,0.071999989449977875,0.17361263930797577,0,0,0.015737412497401237,0,0,0.20475895702838898,8
-0.92800003290176392,0.071999989449977875,0.53946882486343384,0,0,-0.0048290267586708069,0,0,-0.060902833938598633,8
-0.54008990526199341,0.071999989449977875,0.3638649582862854,-0.039341650903224945,0,-0.010077490471303463,-0.57278347015380859,0,-0.035255346447229385,8
-0.3713657557964325,0.071999989449977875,0.36784067749977112,-0.0068437959998846054,0,-0.0013207043521106243,-0.36644724011421204,0,-0.091396152973175049,8
-0.3003285825252533,0.071999989449977875,0.54687005281448364,-0.037489630281925201,0,0.014235156588256359,-0.062351297587156296,0,0.26325446367263794,8
-0.189350426197052,0.071999989449977875,0.40195074677467346,0.0006136519368737936,0,0.038599003106355667,-0.093412585556507111,0,0.35105514526367188,8
0.17948330938816071,0.071999989449977875,0.39816364645957947,0.012297803536057472,0,0.055436953902244568,0.49150818586349487,0,0.39725503325462341,8
0.21781274676322937,0.071999989449977875,0.53750807046890259,-0.014572218060493469,0,0.015548619441688061,0.94035941362380981,0,0.21326424181461334,8
0.34916272759437561,0.071999989449977875,0.35819116234779358,0.029981633648276329,0,0.061143934726715088,0.033515319228172302,0,0.42124438285827637,8
0.53177541494369507,0.071999989449977875,0.44116005301475525,0.020858349278569221,0,-0.034766301512718201,0.50037860870361328,0,0.40971946716308594,8
0.92800003290176392,0.071999989449977875,0.53412246704101562,0,0,0.011134902015328407,0,0,0.10765155404806137,8
-0.92800003290176392,0.071999989449977875,0.53946882486343384,0,0,-0.0048290267586708069,0,0,-0.060902833938598633,8
-0.71225428581237793,0.071999989449977875,0.74066430330276489,-0.021080765873193741,0,0.023899337276816368,-0.20391805469989777,0,0.31941854953765869,8
-0.45722970366477966,0.071999989449977875,0.5363692045211792,-0.020567476749420166,0,0.0058203442022204399,-0.20179674029350281,0,-0.089724220335483551,8
-0.31050422787666321,0.071999989449977875,0.73139089345932007,-0.040706317871809006,0,0.023403717204928398,-0.073018886148929596,0,-0.085313573479652405,8
-0.058262109756469727,0.071999989449977875,0.73196613788604736,-0.035076700150966644,0,0.039834149181842804,0.019590405747294426,0,-0.012296027503907681,8
0.13821369409561157,0.071999989449977875,0.71069777011871338,-0.025239204987883568,0,0.031851258128881454,0.37129834294319153,0,0.39553722739219666,8
0.33317574858665466,0.071999989449977875,0.73017001152038574,-0.019096110016107559,0,0.014304956421256065,0.070487335324287415,0,0.050732079893350601,8
0.36499398946762085,0.071999989449977875,0.54328083992004395,-0.010881140828132629,0,0.029435021802783012,0.63633614778518677,0,0.39634284377098083,8
0.72048473358154297,0.071999989449977875,0.73620349168777466,0.0023670829832553864,0,0.024533389136195183,-0.54815453290939331,0,-0.41419503092765808,8
0.92800003290176392,0.071999989449977875,0.53412240743637085,0,0,0.011131591163575649,0,0,0.10755216330289841,8
-0.92800003290176392,0.071999989449977875,0.92800003290176392,0,0,0,0,0,0,8
-0.53465789556503296,0.071999989449977875,0.92800003290176392,-0.0018920381553471088,0,0,0.027103496715426445,0,0,8
-0.53465783596038818,0.071999989449977875,0.92800003290176392,-0.001889919163659215,0,0,0.027064129710197449,0,0,8
-0.18203745782375336,0.071999989449977875,0.92800003290176392,0.00098032131791114807,0,0,0.11525361984968185,0,0,8
-0.18203745782375336,0.071999989449977875,0.92800003290176392,0.00098032131791114807,0,0,0.11525361984968185,0,0,8
0.17586584389209747,0.071999989449977875,0.92800003290176392,0.0074007455259561539,0,0,-0.17373991012573242,0,0,8
0.17586584389209747,0.071999989449977875,0.92800003290176392,0.0074007455259561539,0,0,-0.17373991012573242,0,0,8
0.53166621923446655,0.071999989449977875,0.92800003290176392,0.0070009371265769005,0,0,0.037362959235906601,0,0,8
0.53166621923446655,0.071999989449977875,0.92800003290176392,0.0070009371265769005,0,0,0.037362959235906601,0,0,8
0.92800003290176392,0.071999989449977875,0.92800003290176392,0,0,0,0,0,0,8
-0.92800003290176392,0.071999989449977875,-0.92800003290176392,0,0,0,0,0,0,8
-0.92800003290176392,0.071999989449977875,-0.92800003290176392,0,0,0,0,0,0,8
-0.53305530548095703,0.071999989449977875,-0.92800003290176392,-0.013363465666770935,0,0,-0.017321119084954262,0,0,8
-0.35803446173667908,0.071999989449977875,-0.92800003290176392,-0.010938359424471855,0,0,-0.21945536136627197,0,0,8
0.17963984608650208,0.071999989449977875,-0.92800003290176392,-0.03447435051202774,0,0,-0.36710885167121887,0,0,8
0.0017544222064316273,0.071999989449977875,-0.92800003290176392,-0.013886242173612118,0,0,0.34665754437446594,0,0,8
0.36100089550018311,0.071999989449977875,-0.92800003290176392,-0.041277177631855011,0,0,-0.84008687734603882,0,0,8
0.53546601533889771,0.071999989449977875,-0.92800003290176392,-0.00032202969305217266,0,0,0.21871790289878845,0,0,8
0.71656161546707153,0.071999989449977875,-0.92800003290176392,0.01982540637254715,0,0,-0.18028679490089417,0,0,8
0.92800003290176392,0.071999989449977875,-0.92800003290176392,0,0,0,0,0,0,8
-0.92800003290176392,0.071999989449977875,-0.71973323822021484,0,0,-0.014651566743850708,0,0,0.033666864037513733,8
-0.70897895097732544,0.28000158071517944,-0.70245271921157837,-0.017351698130369186,0.043835856020450592,-0.051122259348630905,-0.28177845478057861,0.64602905511856079,-0.33752861618995667,8
-0.37425979971885681,0.071999989449977875,-0.7265704870223999,-0.026126598939299583,0,-0.028167244046926498,-0.0043790973722934723,0,-0.14505608379840851,8
-0.37931570410728455,0.26497775316238403,-0.63192498683929443,-0.075195953249931335,-0.050248377025127411,-0.060826629400253296,-0.009096040390431881,0.13669341802597046,-0.44503286480903625,8
-0.14728985726833344,0.071999989449977875,-0.52980875968933105,0.10144822299480438,0,-0.038653675466775894,0.49501147866249084,0,-1.0990531444549561,8
0.11097867041826248,0.071999989449977875,-0.53681957721710205,0.069977119565010071,0,0.052887823432683945,0.64549243450164795,0,-0.1046740934252739,8
0.2272060215473175,0.27186909317970276,-0.67204165458679199,0.046986754983663559,0.021759485825896263,-0.016377199441194534,-0.29941564798355103,1.235288143157959,0.45683974027633667,8
0.56074821949005127,0.071999989449977875,-0.70840716361999512,-0.056966092437505722,0,-0.063110075891017914,0.47161132097244263,0,0.12222021073102951,8
0.61080247163772583,0.30531322956085205,-0.73044782876968384,0.043884344398975372,0.0044318437576293945,-0.0049313884228467941,1.3015609979629517,-0.13334059715270996,0.6039314866065979,8
0.92800003290176392,0.071999989449977875,-0.92800003290176392,0,0,0,0,0,0,8
-0.92800003290176392,0.071999989449977875,-0.53172868490219116,0,0,-0.012058445252478123,0,0,0.0467226542532444,8
-0.73277807235717773,0.071999989449977875,-0.72414529323577881,-0.013491010293364525,0,-0.029914058744907379,0.11533073335886002,0,-0.021997464820742607,8
-0.54566419124603271,0.071999989449977875,-0.5100855827331543,-0.015275123529136181,0,0.023984545841813087,-0.29833158850669861,0,-0.24004355072975159,8
-0.2698560357093811,0.30287659168243408,-0.46437689661979675,-0.015536346472799778,-0.025452585890889168,-0.051187079399824142,1.1101806163787842,0.90863710641860962,0.052993405610322952,8
-0.0044510909356176853,0.071999989449977875,-0.54475176334381104,-0.0019117887131869793,0,-0.01338529959321022,-0.76607447862625122,0,0.38026586174964905,8
0.00027971458621323109,0.071999989449977875,-0.35703793168067932,-0.010606919415295124,0,0.019124705344438553,0.61231511831283569,0,0.60845673084259033,8
0.32042765617370605,0.3029157817363739,-0.4867134690284729,0.11406877636909485,0.0083186337724328041,0.039844989776611328,-0.024515612050890923,-0.4287363588809967,-0.43059030175209045,8
0.50835853815078735,0.071999989449977875,-0.55208307504653931,0.20427745580673218,0,0.095510758459568024,-0.15060423314571381,0,0.72606790065765381,8
0.70856910943984985,0.071999989449977875,-0.5429111123085022,0.011744089424610138,0,0.02172459289431572,-0.27242261171340942,0,0.40239256620407104,8
0.92800003290176392,0.071999989449977875,-0.5339476466178894,0,0,-0.0059246695600450039,0,0,-0.32992574572563171,8
-0.92800003290176392,0.071999989449977875,-0.35652261972427368,0,0,-0.019076941534876823,0,0,-0.26752728223800659,8
-0.6725805401802063,0.26774588227272034,-0.40415957570075989,-0.084464609622955322,-0.015857420861721039,-0.027330603450536728,-0.14016486704349518,0.74272936582565308,0.5417022705078125,8
-0.49834966659545898,0.30489471554756165,-0.289783775806427,-0.079849779605865479,-0.011364609934389591,0.020575005561113358,-0.51545953750610352,0.20262011885643005,0.482494056224823,8
-0.30617216229438782,0.29607513546943665,-0.23466040194034576,-0.020638365298509598,-0.056012608110904694,-0.052886310964822769,1.0849127769470215,0.50088351964950562,-1.4188205003738403,8
0.11351875215768814,0.30063149333000183,-0.25986698269844055,0.12260488420724869,-0.073854506015777588,-0.075296081602573395,-0.72290468215942383,-0.67434388399124146,-0.4196675717830658,8
0.2090909481048584,0.28842377662658691,0.10182353109121323,0.16558991372585297,-0.093381419777870178,0.16065753996372223,1.4562853574752808,-0.35016772150993347,-0.34900856018066406,8
0.29875636100769043,0.29661217331886292,-0.28476858139038086,0.036655299365520477,-0.00065810605883598328,0.041989859193563461,-0.23806928098201752,0.067054219543933868,-0.36622533202171326,8
0.4961344301700592,0.30546069145202637,-0.34061697125434875,-0.031690552830696106,0.071494221687316895,0.042422272264957428,-0.43327870965003967,0.23352852463722229,-0.19923737645149231,8
0.69516032934188843,0.27985203266143799,-0.43694961071014404,0.069073021411895752,0.025820394977927208,0.045475088059902191,0.33223393559455872,0.90452563762664795,0.22046516835689545,8
0.92800003290176392,0.071999989449977875,-0.18218027055263519,0,0,-0.0048220581375062466,0,0,-0.13349729776382446,8
-0.92800003290176392,0.071999989449977875,0.18456621468067169,0,0,-0.0070282518863677979,0,0,-0.22481843829154968,8
-0.72742998600006104,0.071999989449977875,-0.3386235237121582,-0.033112592995166779,0,-0.012099774554371834,-0.41948181390762329,0,-0.091291323304176331,8
-0.53659778833389282,0.071999989449977875,-0.080908447504043579,-0.023100346326828003,0,0.01084600668400526,-0.77972060441970825,0,0.51731616258621216,8
-0.16641430556774139,0.31979930400848389,-0.055343542248010635,-0.029865773394703865,-0.14743863046169281,-0.023652836680412292,-0.15438352525234222,-1.2845902442932129,-1.8236323595046997,8
0.27739438414573669,0.92970144748687744,0.40879747271537781,0.020394759252667427,0.27402424812316895,0.16451412439346313,-1.2257044315338135,1.6856350898742676,-0.55309027433395386,8
0.47175934910774231,0.73696017265319824,0.45654550194740295,0.056606821715831757,-0.025079824030399323,-0.0032905526459217072,0.1753002256155014,1.5416617393493652,-0.33549171686172485,8
0.27262932062149048,0.30319133400917053,-0.093679971992969513,0.12179482728242874,-0.091200210154056549,-0.0085976067930459976,-0.024614183232188225,-0.081025950610637665,-0.62781578302383423,8
0.5417935848236084,0.071999989449977875,-0.027719510719180107,-0.068254172801971436,0,-0.028893731534481049,0.28872570395469666,0,1.1063897609710693,8
0.54890596866607666,0.071999989449977875,-0.29312342405319214,-0.01419999822974205,0,0.037255272269248962,0.57206058502197266,0,0.14543405175209045,8
0.92800003290176392,0.071999989449977875,-0.18218034505844116,0,0,-0.0048222849145531654,0,0,-0.1334930807352066,8
-0.92800003290176392,0.071999989449977875,0.0022270046174526215,0,0,-0.011471507139503956,0,0,-0.37439167499542236,8
-0.70598453283309937,0.071999989449977875,0.21332012116909027,-0.0047145355492830276,0,-0.015438620001077652,0.45686572790145874,0,0.26688039302825928,8
-0.54716253280639648,0.071999989449977875,0.074186049401760101,-0.047321908175945282,0,0.022383973002433777,-0.65285980701446533,0,-0.011002364568412304,8
-0.30646595358848572,0.28615376353263855,0.044805295765399933,-0.03282942995429039,0.030780468136072159,0.08047802746295929,-2.0455293655395508,1.0665184259414673,1.5515037775039673,8
0.70479875802993774,1.1112693548202515,0.47054949402809143,0.2256820946931839,-0.12083306908607483,-0.0045150001533329487,-0.24322448670864105,0.17737312614917755,0.50179392099380493,8
0.20171241462230682,0.51520508527755737,0.04339488223195076,0.075239881873130798,-0.14257603883743286,0.052452065050601959,0.15525071322917938,-2.3474717140197754,-0.15748275816440582,8
0.5541415810585022,1.1341568231582642,0.56957918405532837,0.092999406158924103,-0.35387665033340454,0.074442602694034576,0.72698724269866943,0.44251886010169983,0.6942867636680603,8
0.54757213592529297,0.071999989449977875,-0.17150683701038361,-0.068880237638950348,0,0.11319921910762787,-1.2289894819259644,0,-1.0585931539535522,8
0.53884565830230713,0.071999989449977875,0.2822766900062561,0.046911273151636124,0,-0.024162281304597855,-0.43854227662086487,0,0.21409033238887787,8
0.92800003290176392,0.071999989449977875,-0.0062245992012321949,0,0,0.050053820013999939,0,0,0.92632859945297241,8
-0.92800003290176392,0.071999989449977875,0.1845661848783493,0,0,-0.0070271249860525131,0,0,-0.22478395700454712,8
-0.65109020471572876,0.27617573738098145,0.33054372668266296,-0.0009809369221329689,0.0016779899597167969,-0.0096420431509613991,0.12585842609405518,0.32039231061935425,-1.3238182067871094,8
-0.46019187569618225,0.30460205674171448,0.27873843908309937,-0.0052813077345490456,0.02418920025229454,0.047808006405830383,-0.05177018791437149,0.54971307516098022,-0.43273013830184937,8
-0.24857856333255768,0.3123106062412262,0.23798000812530518,0.065173618495464325,-0.018373962491750717,-0.0023103239946067333,0.26739901304244995,-1.034374475479126,-0.096724793314933777,8
-0.076199762523174286,0.30489432811737061,0.14498686790466309,-0.012140614911913872,-0.078470304608345032,0.16643640398979187,-0.19899772107601166,-1.0352597236633301,0.21741671860218048,8
0.27451339364051819,0.46525803208351135,0.22928208112716675,0.078417293727397919,0.029473274946212769,0.18832673132419586,0.49085104465484619,1.6489763259887695,-0.11052220314741135,8
0.097185671329498291,0.30526706576347351,0.26522621512413025,0.0017434852197766304,-0.0066176727414131165,0.080145098268985748,-0.74505281448364258,-0.45931178331375122,-0.28908175230026245,8
0.50188076496124268,0.32559707760810852,0.26577576994895935,0.096331246197223663,-0.022153828293085098,0.090766951441764832,0.51479053497314453,-0.96818506717681885,0.5346064567565918,8
0.61853021383285522,0.26718652248382568,0.42027369141578674,0.019650446251034737,-0.040502246469259262,0.06404595822095871,0.39195433259010315,0.51405996084213257,-0.43942269682884216,8
0.92800003290176392,0.071999989449977875,0.35302364826202393,0,0,0.035616699606180191,0,0,0.71241134405136108,8
-0.92800003290176392,0.071999989449977875,0.53946864604949951,0,0,-0.0048299115151166916,0,0,-0.060886658728122711,8
-0.70810461044311523,0.071999989449977875,0.57737445831298828,-0.02408391609787941,0,-0.0064249979332089424,0.1028967946767807,0,0.35265037417411804,8
-0.55792373418807983,0.071999989449977875,0.52681761980056763,-0.0010950532741844654,0,0.0061794603243470192,0.27382150292396545,0,-0.29181972146034241,8
-0.3180558979511261,0.30621775984764099,0.43408423662185669,-0.03854076936841011,-0.0089612891897559166,0.0006173434667289257,-0.35389170050621033,0.012807966209948063,0.01314134243875742,8
-0.071954004466533661,0.071999989449977875,0.54743552207946777,-0.044687934219837189,0,0.019632389768958092,-0.35507562756538391,0,-0.012996028177440166,8
0.0026755256112664938,0.071999989449977875,0.37203779816627502,7.0128124207258224e-05,0,0.055487778037786484,0.18532575666904449,0,1.2394800186157227,8
0.24832500517368317,0.3056570291519165,0.46549078822135925,-0.03615107387304306,0.02407294325530529,0.10407950729131699,-0.32862311601638794,0.83668553829193115,0.48900267481803894,8
0.51335537433624268,0.071999989449977875,0.54606294631958008,-0.020673952996730804,0,0.059938851743936539,-0.046339180320501328,0,0.10385389626026154,8
0.70865750312805176,0.071999989449977875,0.56940150260925293,0.01829967275261879,0,-0.008126978762447834,-0.53368657827377319,0,-0.21498309075832367,8
0.92800003290176392,0.071999989449977875,0.53412246704101562,0,0,0.011134902015328407,0,0,0.10765155404806137,8
-0.92800003290176392,0.071999989449977875,0.71931958198547363,0,0,0.012926198542118073,0,0,0.099884845316410065,8
-0.73900943994522095,0.30121046304702759,0.65058159828186035,-0.041272774338722229,-0.015247592702507973,0.04476788267493248,1.1815487146377563,0.60386013984680176,-0.07528725266456604,8
-0.50986272096633911,0.071999989449977875,0.70963454246520996,-0.033209104090929031,0,0.0089088091626763344,0.066353604197502136,0,-0.026272514835000038,8
-0.38144993782043457,0.27238079905509949,0.65352970361709595,-0.011937202885746956,0.00060631521046161652,0.01116999052464962,0.85843384265899658,-0.98067724704742432,-0.15570227801799774,8
-0.18473193049430847,0.071999989449977875,0.59249097108840942,-0.056780099868774414,0,0.020742353051900864,0.21409904956817627,0,-0.29095348715782166,8
0.084231249988079071,0.071999989449977875,0.5393262505531311,-0.042157366871833801,0,-0.0060998136177659035,-0.046984251588582993,0,0.035168997943401337,8
0.31080654263496399,0.27530023455619812,0.65801018476486206,-0.029590118676424026,-0.016964780166745186,0.040247008204460144,0.18073293566703796,0.27678790688514709,-0.44551980495452881,8
0.52331680059432983,0.071999989449977875,0.70712226629257202,-0.015487588010728359,0,0.055072233080863953,-0.072748541831970215,0,0.062268819659948349,8
0.67823314666748047,0.29888513684272766,0.74508661031723022,0.081498093903064728,0.087381675839424133,0.043062180280685425,0.35247799754142761,1.3347995281219482,-0.5105322003364563,8
0.92800003290176392,0.071999989449977875,0.92800003290176392,0,0,0,0,0,0,8
-0.92800003290176392,0.071999989449977875,0.92800003290176392,0,0,0,0,0,0,8
-0.92800003290176392,0.071999989449977875,0.92800003290176392,0,0,0,0,0,0,8
-0.53465789556503296,0.071999989449977875,0.92800003290176392,-0.0018899203278124332,0,0,0.02706415019929409,0,0,8
-0.36380255222320557,0.071999989449977875,0.92800003290176392,-0.017283463850617409,0,0,0.0052142138592898846,0,0,8
0.17586584389209747,0.071999989449977875,0.92800003290176392,0.0074007455259561539,0,0,-0.17373991012573242,0,0,8
-0.0016681210836395621,0.071999989449977875,0.92800003290176392,0.01094241626560688,0,0,-0.10385560244321823,0,0,8
0.35648918151855469,0.071999989449977875,0.92800003290176392,0.014789543114602566,0,0,-0.29682818055152893,0,0,8
0.53166621923446655,0.071999989449977875,0.92800003290176392,0.0070009371265769005,0,0,0.037362959235906601,0,0,8
0.71933740377426147,0.071999989449977875,0.92800003290176392,0.01743471622467041,0,0,-0.033966265618801117,0,0,8
0.92800003290176392,0.071999989449977875,0.92800003290176392,0,0,0,0,0,0,8
-0.92800003290176392,0.071999989449977875,-0.92800003290176392,0,0,0,0,0,0,8
-0.71780204772949219,0.071999989449977875,-0.92800003290176392,-0.011811659671366215,0,0,0.084327079355716705,0,0,8
-0.50393062829971313,0.28658199310302734,-0.92800003290176392,-0.054862145334482193,-0.011469380930066109,0,-0.22008049488067627,-0.19745315611362457,0,8
-0.32680398225784302,0.26890254020690918,-0.92800003290176392,-0.0086027514189481735,-0.017086399719119072,0,0.57696318626403809,0.44450855255126953,0,8
-0.1760600358247757,0.071999989449977875,-0.92800003290176392,-0.014595244079828262,0,0,-0.19080954790115356,0,0,8
0.032883778214454651,0.27010238170623779,-0.92800003290176392,-0.0398450568318367,0.0062788557261228561,0,-0.55004388093948364,0.0091268857941031456,0,8
0.20923222601413727,0.29314124584197998,-0.92800003290176392,-0.0032979249954223633,-0.011497864499688148,0,0.0053917146287858486,-0.057518459856510162,0,8
0.37666085362434387,0.27338325977325439,-0.92800003290176392,-0.0091849276795983315,-0.026846297085285187,0,0.54622650146484375,-0.91743648052215576,0,8
0.71842688322067261,0.2688978910446167,-0.92800003290176392,0.035467050969600677,0.0035332366824150085,0,0.24978908896446228,0.42554557323455811,0,8
0.92800003290176392,0.071999989449977875,-0.92800003290176392,0,0,0,0,0,0,8
-0.92800003290176392,0.2465478777885437,-0.68492192029953003,0,-0.011639805510640144,0.0089317178353667259,0,0.26884230971336365,0.16151747107505798,8
-0.92800003290176392,0.46155071258544922,-0.92800003290176392,0,-0.0045650061219930649,0,0,0.1601620614528656,0,8
-0.54097306728363037,0.32301777601242065,-0.70758479833602905,-0.0079682273790240288,0.024562094360589981,-0.031003115698695183,0.34966930747032166,0.17093728482723236,0.15084446966648102,8
-0.21646006405353546,0.31137514114379883,-0.71908789873123169,0.015665512531995773,-0.044021096080541611,0.026478303596377373,-0.29650059342384338,0.16579079627990723,0.87022304534912109,8
-0.05624818429350853,0.27861601114273071,-0.63251709938049316,0.093219123780727386,-0.018225923180580139,-0.068211577832698822,0.20059144496917725,1.1009454727172852,0.91370940208435059,8
0.072217248380184174,0.34519809484481812,-0.72469961643218994,0.02704925462603569,-0.053613338619470596,0.0079170484095811844,0.89684438705444336,0.65053051710128784,0.036103926599025726,8
0.26714354753494263,0.47141554951667786,-0.70185482501983643,0.0098625831305980682,0.021246336400508881,-0.023798689246177673,0.056209709495306015,-0.53553742170333862,-0.24994976818561554,8
0.42120996117591858,0.30170640349388123,-0.71094715595245361,0.027205917984247208,0.0058136153966188431,-0.0032630050554871559,-0.49937030673027039,0.60458987951278687,0.2628818154335022,8
0.92800003290176392,0.51849275827407837,-0.92800003290176392,0,-0.0093348333612084389,0,0,1.475369930267334,0,8
0.92800003290176392,0.071999989449977875,-0.71755415201187134,0,0,-0.01087785791605711,0,0,-0.34211978316307068,8
-0.92800003290176392,0.28130203485488892,-0.46357104182243347,0,-0.014687275514006615,-0.018353698775172234,0,-0.46970468759536743,-0.78567731380462646,8
-0.70531159639358521,0.33884453773498535,-0.5517047643661499,-0.052990004420280457,0.015143535099923611,-0.041628431528806686,-0.029567329213023186,-0.30292233824729919,0.023648587986826897,8
-0.47991448640823364,0.3185390830039978,-0.47988924384117126,-0.051819663494825363,-0.029056373983621597,-0.01101855281740427,-0.12956823408603668,0.54415369033813477,-0.26098835468292236,8
-0.11008540540933609,0.49014952778816223,-0.32002508640289307,0.0054381848312914371,-0.20842571556568146,-0.26151823997497559,1.3758310079574585,-0.65130156278610229,-1.8770804405212402,8
-0.085308469831943512,0.30666115880012512,-0.44706183671951294,0.0263868048787117,-0.037844307720661163,-0.12171126902103424,0.13484285771846771,-0.32535585761070251,0.14386428892612457,8
0.11835654824972153,0.30881497263908386,-0.47340267896652222,0.10171668976545334,-0.033487942069768906,-0.077926218509674072,-0.49380806088447571,-0.29736962914466858,-0.53658998012542725,8
0.16468749940395355,0.4935343861579895,-0.367707759141922,0.032387081533670425,-0.059903725981712341,-0.025706598535180092,-0.27058905363082886,0.15376566350460052,0.97519618272781372,8
0.52068132162094116,0.3231390118598938,-0.5500178337097168,0.036383733153343201,-0.0095089850947260857,-0.0067399842664599419,0.36170172691345215,-0.64384269714355469,-0.47399246692657471,8
0.74460381269454956,0.31477117538452148,-0.63678979873657227,0.028763528913259506,-0.027502518147230148,-0.068858541548252106,-1.1164065599441528,-0.19278554618358612,-0.44618543982505798,8
0.92800003290176392,0.28850460052490234,-0.48080596327781677,0,-0.017720084637403488,0.03366566076874733,0,-0.31961822509765625,-0.13157978653907776,8
-0.92800003290176392,0.27081668376922607,-0.28205370903015137,0,-0.0078853126615285873,0.0098657151684165001,0,0.3303762674331665,0.17011803388595581,8
-0.70531892776489258,0.30802541971206665,-0.21162670850753784,-0.05689011886715889,0.018413538113236427,-0.0060650147497653961,0.57430821657180786,0.43488070368766785,0.23409327864646912,8
-0.50300002098083496,0.52375549077987671,-0.086593113839626312,-0.11676973104476929,-0.022703360766172409,0.036075618118047714,0.42820525169372559,1.2208058834075928,0.10337478667497635,8
0.37321311235427856,0.5358390212059021,-0.22359457612037659,0.1143098771572113,0.14803996682167053,-0.1244828999042511,1.708370566368103,-1.3108361959457397,-1.5002157688140869,8
0.68863385915756226,0.30267715454101562,-0.26208832859992981,0.0089678950607776642,-0.01193681638687849,-0.013710901141166687,0.81942284107208252,-0.5476534366607666,0.96615922451019287,8
0.92800003290176392,0.27295112609863281,-0.29744219779968262,0,-0.0016127265989780426,0.010993341915309429,0,0.088012099266052246,-0.016779312863945961,8
-0.92800003290176392,0.071999989449977875,-0.17687602341175079,0,0,-0.0086321309208869934,0,0,-0.095823809504508972,8
-0.68401551246643066,0.27448046207427979,-0.038959242403507233,-0.053376622498035431,-0.0094139613211154938,0.013079339638352394,0.14212521910667419,1.2125676870346069,-0.4111657440662384,8
-0.475862056016922,0.30843314528465271,-0.10326192528009415,-0.088263064622879028,-0.017127498984336853,-0.017779024317860603,-0.86699128150939941,-0.40515339374542236,-0.84938865900039673,8
0.49495047330856323,0.30540969967842102,-0.15294663608074188,0.063892990350723267,-0.0089569790288805962,-0.030569363385438919,0.24918894469738007,0.36125591397285461,-0.45284390449523926,8
0.71881210803985596,0.30824536085128784,-0.085372008383274078,-0.037682034075260162,-0.092801563441753387,0.0011627734638750553,-0.78234684467315674,0.42000508308410645,0.787852942943573,8
0.92800003290176392,0.27808535099029541,-0.10606438666582108,0,0.015737073495984077,0.014908917248249054,0,-0.59042477607727051,0.36073368787765503,8
-0.92800003290176392,0.27200323343276978,0.088805258274078369,0,-0.031849298626184464,0.0053351949900388718,0,-0.014761871658265591,-0.15433424711227417,8
-0.706756591796875,0.30474132299423218,0.1735360324382782,-0.055642601102590561,0.040801402181386948,4.4803018681704998e-05,-0.19750578701496124,0.63695758581161499,-0.73245429992675781,8
-0.5129966139793396,0.3186897337436676,0.095101930201053619,-0.04843582957983017,-0.019180906936526299,0.057248752564191818,-1.4379816055297852,-0.29070994257926941,-0.45791754126548767,8
0.43403610587120056,0.30272376537322998,0.050536897033452988,0.035427678376436234,-0.088781177997589111,0.0083588901907205582,0.21818551421165466,0.11341362446546555,0.65475660562515259,8
0.64814257621765137,0.27976945042610168,0.09414277970790863,0.067077942192554474,-0.023779332637786865,0.064846113324165344,0.51504302024841309,0.31874027848243713,-0.24010351300239563,8
0.92800003290176392,0.071999989449977875,0.17361263930797577,0,0,0.015737412497401237,0,0,0.20475895702838898,8
-0.92800003290176392,0.27600228786468506,0.27882599830627441,0,-0.0042350757867097855,-0.032098196446895599,0,0.20586545765399933,-0.22010780870914459,8
-0.69161146879196167,0.50606703758239746,0.24213851988315582,-0.035695947706699371,0.030283330008387566,0.051407024264335632,-0.43436557054519653,-0.1766163557767868,-0.4450823962688446,8
-0.36416530609130859,0.49829387664794922,0.22931310534477234,-0.082615196704864502,-0.041760966181755066,0.047118082642555237,-2.1606276035308838,-1.888230562210083,0.13735021650791168,8
0.48987910151481628,0.48911163210868835,0.15532541275024414,-0.022298604249954224,0.04694749042391777,0.18793323636054993,-1.6652553081512451,2.5116057395935059,-0.25439053773880005,8
0.72856491804122925,0.30921259522438049,0.24132513999938965,0.038790665566921234,-0.018142050132155418,0.0021115122362971306,-0.43283531069755554,0.14191874861717224,-0.22678215801715851,8
0.92800003290176392,0.26493716239929199,0.28565147519111633,0,-0.030192889273166656,-0.085251763463020325,0,-0.27454370260238647,-1.0001194477081299,8
-0.92800003290176392,0.27831804752349854,0.45947360992431641,0,-0.017470464110374451,-0.05792241171002388,0,-0.46804711222648621,-0.029375774785876274,8
-0.7087281346321106,0.32385528087615967,0.46536639332771301,-0.040012247860431671,-0.048280347138643265,-0.024309828877449036,0.66252762079238892,1.1133841276168823,0.44188004732131958,8
-0.50811529159545898,0.32831531763076782,0.48191031813621521,-0.060258388519287109,-0.0087180584669113159,0.062117904424667358,-1.4654173851013184,-0.088825345039367676,0.69787532091140747,8
-0.32346948981285095,0.6146206259727478,0.52244675159454346,0.023417547345161438,-0.040608979761600494,-0.087830819189548492,-0.40512028336524963,0.2043580561876297,0.83701527118682861,8
-0.10064435005187988,0.30696693062782288,0.35542711615562439,0.0039501497521996498,0.023485830053687096,-0.025124041363596916,0.032540619373321533,-0.89084005355834961,0.059413328766822815,8
0.048805247992277145,0.30509692430496216,0.48961105942726135,-0.036193661391735077,0.03191869705915451,0.031436726450920105,1.0171401500701904,-0.10613857954740524,0.65379089117050171,8
0.22415070235729218,0.44919902086257935,0.68314939737319946,-0.014132337644696236,-0.020448939874768257,0.052533257752656937,0.32423368096351624,-0.015297084115445614,-0.13926967978477478,8
0.45084896683692932,0.31453204154968262,0.47198480367660522,-0.010949296876788139,-0.055938608944416046,0.051640793681144714,-0.227396160364151,0.9832615852355957,-0.26127475500106812,8
0.71139639616012573,0.30947405099868774,0.57896089553833008,-0.0014649722725152969,0.0094954399392008781,0.014795439317822456,-0.33987569808959961,0.03036889061331749,0.62043672800064087,8
0.92800003290176392,0.28378391265869141,0.46714124083518982,0,-0.010174429044127464,-0.074126891791820526,0,-0.90364700555801392,-0.79501676559448242,8
-0.92800003290176392,0.26272565126419067,0.69649338722229004,0,-0.0323372483253479,-0.0016207098960876465,0,-0.47720682621002197,-0.28674414753913879,8
-0.92800003290176392,0.41637873649597168,0.92800003290176392,0,-0.016165582463145256,0,0,-0.66478705406188965,0,8
-0.58949106931686401,0.28786361217498779,0.70458471775054932,-0.016591295599937439,0.012597298249602318,0.049325421452522278,0.15764202177524567,0.25668385624885559,-0.36179822683334351,8
-0.2236466258764267,0.33641389012336731,0.72548758983612061,-0.043855268508195877,-0.0077568269334733486,0.030573787167668343,0.048056017607450485,-0.46541157364845276,0.086353600025177002,8
-0.16967573761940002,0.32291555404663086,0.53586924076080322,0.048654258251190186,0.015384368598461151,-0.008162439800798893,0.79557877779006958,0.18033705651760101,0.52463972568511963,8
-0.050952836871147156,0.27439206838607788,0.68070769309997559,-0.029514307156205177,-0.0094888675957918167,-0.014430615119636059,-0.20132100582122803,0.54877030849456787,-0.032494906336069107,8
0.14526420831680298,0.30317205190658569,0.70854222774505615,-0.062406342476606369,-0.0098002851009368896,-0.0027795173227787018,-0.17986579239368439,0.052613146603107452,-0.47548589110374451,8
0.49895307421684265,0.28142321109771729,0.68035745620727539,0.082824140787124634,-0.024921797215938568,-0.020791584625840187,0.85590481758117676,1.482802152633667,0.14147114753723145,8
0.92800003290176392,0.46120518445968628,0.92800003290176392,0,-0.12871164083480835,0,0,-1.8166102170944214,0,8
0.92800003290176392,0.071999989449977875,0.71946346759796143,0,0,0.017963670194149017,0,0,0.10329698026180267,8
-0.92800003290176392,0.071999989449977875,0.92800003290176392,0,0,0,0,0,0,8
-0.72175359725952148,0.071999989449977875,0.92800003290176392,-0.01551430206745863,0,0,-0.13017718493938446,0,0,8
-0.49108308553695679,0.28377103805541992,0.92800003290176392,0.034160323441028595,-0.01314825750887394,0,0.45948714017868042,0.10936567187309265,0,8
-0.30703809857368469,0.26410758495330811,0.92800003290176392,0.00038507205317728221,-0.03066973015666008,0,-0.2127644270658493,0.62788981199264526,0,8
-0.18203742802143097,0.071999989449977875,0.92800003290176392,0.00098081759642809629,0,0,0.11524440348148346,0,0,8
0.0708652064204216,0.27019953727722168,0.92800003290176392,0.016239935532212257,-0.017791951075196266,0,0.21318249404430389,0.55316740274429321,0,8
0.26166290044784546,0.2749214768409729,0.92800003290176392,-0.0062173805199563503,-0.01466219499707222,0,0.59889316558837891,0.13739843666553497,0,8
0.44324514269828796,0.27586650848388672,0.92800003290176392,-0.017703462392091751,-0.0017984416335821152,0,-0.020406356081366539,0.37144574522972107,0,8
0.68055087327957153,0.24739754199981689,0.92800003290176392,-0.022493723779916763,-0.026031039655208588,0,-0.35042881965637207,-0.47273656725883484,0,8
0.92800003290176392,0.071999989449977875,0.92800003290176392,0,0,0,0,0,0,8
-0.92800003290176392,0.27307605743408203,-0.92800003290176392,0,-0.012781817466020584,0,0,0.11432641744613647,0,8
-0.69906908273696899,0.59105139970779419,-0.92800003290176392,-0.029309207573533058,0.008813878521323204,0,-0.037004925310611725,-0.23500826954841614,0,8
-0.72156935930252075,0.41256517171859741,-0.92800003290176392,0.015386037528514862,0.025036344304680824,0,0.0052980887703597546,-0.0074091549031436443,0,8
-0.14268404245376587,0.28562533855438232,-0.92800003290176392,-0.031822144985198975,-0.0025287065654993057,0,0.11776014417409897,-0.033558178693056107,0,8
-0.0199327003210783,0.45553934574127197,-0.92800003290176392,0.049242880195379257,0.0065286043100059032,0,0.53707981109619141,-0.13862325251102448,0,8
-0.15978460013866425,0.47210890054702759,-0.92800003290176392,-0.0066718710586428642,0.017182458192110062,0,-0.43136125802993774,-0.67717146873474121,0,8
0.1281827837228775,0.46748661994934082,-0.92800003290176392,-0.027997177094221115,0.011261682957410812,0,-0.53470897674560547,0.39616250991821289,0,8
0.43743577599525452,0.45492374897003174,-0.92800003290176392,-0.03771640732884407,-0.023241015151143074,0,0.060970742255449295,0.012708808295428753,0,8
0.55195039510726929,0.29580426216125488,-0.92800003290176392,-0.015451814979314804,-0.0034021902829408646,0,-0.60984110832214355,0.80567073822021484,0,8
0.92800003290176392,0.26881265640258789,-0.92800003290176392,0,-0.026439638808369637,0,0,-0.43998205661773682,0,8
-0.92800003290176392,0.44208896160125732,-0.55323433876037598,0,0.02843424491584301,-0.0024685249663889408,0,0.11057020723819733,-1.0482360124588013,8
-0.69419771432876587,0.49612525105476379,-0.6975511908531189,0.0010350896045565605,0.060090415179729462,-0.0095726214349269867,0.58084619045257568,0.030988788232207298,-0.15435826778411865,8
-0.36110013723373413,0.44579464197158813,-0.69399505853652954,-0.012354645878076553,0.00215699034743011,-0.017124880105257034,-0.45123401284217834,-0.71082949638366699,0.46051815152168274,8
-0.18383561074733734,0.53743642568588257,-0.5142483115196228,-0.061770845204591751,-0.11622866988182068,-0.096392020583152771,-0.07229122519493103,1.6141993999481201,-0.18845020234584808,8
-0.10190286487340927,0.49438676238059998,-0.68828010559082031,0.018356919288635254,0.027696797624230385,-0.053026970475912094,0.66722148656845093,-0.18674203753471375,1.3297853469848633,8
0.015379591844975948,0.48863697052001953,-0.50682651996612549,0.048997092992067337,0.0086240824311971664,-0.11764963716268539,-1.303141713142395,0.77491194009780884,-0.82318466901779175,8
0.24269506335258484,0.54403495788574219,-0.52568244934082031,-0.0099932849407196045,0.11706268042325974,-0.093697495758533478,0.31879517436027527,1.559734582901001,0.49626585841178894,8
0.46517261862754822,0.52343261241912842,-0.68282634019851685,0.033058084547519684,0.028591655194759369,-0.028707360848784447,-0.60761988162994385,1.0948637723922729,-1.4374903440475464,8
0.69736677408218384,0.5099523663520813,-0.70040434598922729,-0.0001931535080075264,0.035987429320812225,-0.013077639974653721,-0.34614488482475281,-0.18996442854404449,0.75797164440155029,8
0.92800003290176392,0.41868972778320312,-0.72170495986938477,0,0.012303861789405346,0.041483812034130096,0,0.59951257705688477,0.23503659665584564,8
-0.92800003290176392,0.45910215377807617,-0.39542245864868164,0,0.039378035813570023,0.01372738741338253,0,0.27776786684989929,0.10502272844314575,8
-0.68968361616134644,0.47260764241218567,-0.37360936403274536,-0.013127214275300503,0.065184742212295532,-0.024098971858620644,0.48046797513961792,-0.26568174362182617,0.49085479974746704,8
-0.30619215965270996,0.49263140559196472,-0.37690424919128418,-0.15494963526725769,-0.011898365803062916,-0.077638857066631317,-1.5618488788604736,1.0655361413955688,-0.94885867834091187,8
0.18992419540882111,0.73986530303955078,0.1034223884344101,0.31608027219772339,-0.1128818467259407,0.015436774119734764,-1.3430212736129761,0.096440829336643219,-0.939483642578125,8
0.05778556689620018,0.29490217566490173,-0.032978203147649765,0.12540127336978912,-0.12144721299409866,0.13308200240135193,0.64622277021408081,1.1709189414978027,1.3730638027191162,8
0.23156936466693878,0.48446375131607056,-0.15115614235401154,0.076055586338043213,-0.11945629864931107,0.13943108916282654,-3.3365046977996826,-1.1261587142944336,-0.70682460069656372,8
0.47155237197875977,0.89204418659210205,0.083930633962154388,0.18171215057373047,0.043785061687231064,0.1696707010269165,-0.34989950060844421,2.2589380741119385,0.091093622148036957,8
0.41229346394538879,0.48488879203796387,-0.45043870806694031,0.02335839718580246,0.045947935432195663,-0.078166939318180084,-0.75803369283676147,0.23143774271011353,0.092943675816059113,8
0.69110852479934692,0.46604299545288086,-0.44736120104789734,-0.0093230055645108223,0.05784967914223671,-0.06528589129447937,0.16360868513584137,0.28333491086959839,-0.1829647570848465,8
0.92800003290176392,0.46598833799362183,-0.42117413878440857,0,0.0078224483877420425,0.0058692418970167637,0,-1.2584959268569946,0.43812105059623718,8
-0.92800003290176392,0.4537891149520874,-0.13951383531093597,0,0.018276792019605637,-0.040162216871976852,0,-0.14549055695533752,-1.722184419631958,8
-0.45200812816619873,0.53008216619491577,-0.26288318634033203,-0.037647373974323273,0.05433371290564537,-0.017629232257604599,0.72603249549865723,1.0488688945770264,-1.8689459562301636,8
-0.15704160928726196,0.55245143175125122,0.0076745436526834965,-0.099237896502017975,-0.29828539490699768,-0.023721478879451752,-2.444183349609375,-0.93142294883728027,-3.8057522773742676,8
0.578391432762146,0.76985269784927368,-0.28892701864242554,-0.09680621325969696,0.15710800886154175,-0.21156588196754456,-0.25121724605560303,0.7153504490852356,-0.42655971646308899,8
0.54669886827468872,0.53662312030792236,-0.30624747276306152,0.070316925644874573,-0.059538401663303375,-0.099203385412693024,0.39270478487014771,0.78809690475463867,-0.10535358637571335,8
0.92800003290176392,0.45730340480804443,-0.15189374983310699,0,-0.011218358762562275,0.021153941750526428,0,-0.1053730770945549,-0.73346757888793945,8
-0.92800003290176392,0.45920395851135254,0.0070513375103473663,0,0.063558176159858704,0.00027376646175980568,0,-0.034019127488136292,0.65377259254455566,8
-0.68571627140045166,0.51024866104125977,-0.1716650128364563,-0.072280652821063995,0.075197957456111908,-0.014752469025552273,-1.2666563987731934,0.42885994911193848,0.51432240009307861,8
-0.092809669673442841,0.29885697364807129,-0.24980415403842926,0.028220441192388535,-0.16001585125923157,-0.097126536071300507,-0.010666250251233578,-1.7074964046478271,-1.4586310386657715,8
0.40360143780708313,0.51282256841659546,-0.032407902181148529,0.14616791903972626,0.07307906448841095,0.19874346256256104,0.75695264339447021,0.049628909677267075,0.58364236354827881,8
0.69924145936965942,0.51311492919921875,-0.19633151590824127,0.051942937076091766,0.033882901072502136,-0.14998462796211243,-1.3271300792694092,-0.01847103051841259,-0.046557333320379257,8
0.92800003290176392,0.4590303897857666,0.12737168371677399,0,-0.010974801145493984,-0.29491594433784485,0,-0.025160627439618111,-0.61529421806335449,8
-0.92800003290176392,0.27706360816955566,-0.09319431334733963,0,-0.018417786806821823,-0.0050994395278394222,0,-0.14939048886299133,0.26225689053535461,8
-0.69347959756851196,0.45565974712371826,0.022517263889312744,-0.056883614510297775,0.0052362466230988503,-0.01502043753862381,-1.0345869064331055,0.075592562556266785,-0.36970078945159912,8
-0.34101557731628418,0.47900742292404175,0.033619198948144913,-0.19562040269374847,-0.032087761908769608,0.019426837563514709,-2.161585807800293,0.68518614768981934,-0.66703116893768311,8
0.32169562578201294,0.29293885827064514,0.26414370536804199,0.02866264246404171,-0.048775605857372284,0.1282401829957962,0.52497822046279907,-0.39007854461669922,0.18058685958385468,8
0.71635562181472778,0.60526257753372192,0.0053230207413434982,-0.019218333065509796,0.013463163748383522,-0.036183837801218033,-1.1554054021835327,1.5263535976409912,-0.64373880624771118,8
0.92800003290176392,0.45047235488891602,-0.00031113490695133805,0,0.059343747794628143,-0.01242019422352314,0,0.28361877799034119,-0.31533601880073547,8
-0.92800003290176392,0.45563220977783203,0.15324103832244873,0,-0.0075927553698420525,-0.072772644460201263,0,0.46616268157958984,1.0967563390731812,8
-0.50951570272445679,0.55732095241546631,0.32579866051673889,-0.015391369350254536,0.034080978482961655,0.071402080357074738,-0.45434525609016418,0.14818532764911652,-0.035651698708534241,8
0.13115701079368591,0.89551961421966553,0.39799746870994568,-0.14323842525482178,-0.040885999798774719,0.19596022367477417,-0.070054829120635986,0.34717750549316406,0.099091522395610809,8
0.51048016548156738,0.61880624294281006,0.28792586922645569,0.00066302553750574589,-0.075468547642230988,-0.058035153895616531,-0.96970230340957642,1.2883986234664917,-0.059193667024374008,8
0.68435174226760864,0.51670718193054199,0.17619359493255615,-0.0016779275611042976,-0.087554223835468292,-0.0347120501101017,1.6842507123947144,-0.087464369833469391,0.80240994691848755,8
0.92800003290176392,0.27642935514450073,0.081972837448120117,0,-0.033190011978149414,0.0097227394580841064,0,0.049364041537046432,0.32485005259513855,8
-0.92800003290176392,0.45610654354095459,0.40580853819847107,0,0.02849152684211731,-0.0012028483906760812,0,-0.038686614483594894,1.2481322288513184,8
-0.68467843532562256,0.51767617464065552,0.45229074358940125,-0.047011293470859528,0.065177008509635925,0.015640929341316223,-0.37918028235435486,0.57439213991165161,-0.45781415700912476,8
-0.47463494539260864,0.53542351722717285,0.49314773082733154,-0.035028621554374695,0.01669718511402607,0.075922355055809021,-0.063230842351913452,-0.13957661390304565,0.67610228061676025,8
0.042062848806381226,1.0489073991775513,0.39112401008605957,-0.20058029890060425,0.32338899374008179,-0.0053168456070125103,-0.16730813682079315,-0.9353899359703064,-1.2122931480407715,8
-0.23933602869510651,0.48300594091415405,0.4361787736415863,-0.069811411201953888,-0.042262554168701172,0.032515931874513626,-0.10401583462953568,0.25742131471633911,2.1209611892700195,8
0.014023597352206707,0.49655401706695557,0.27346155047416687,0.194109708070755,0.12802031636238098,0.15110087394714355,2.930300235748291,-0.32117080688476562,1.1418811082839966,8
0.18591742217540741,0.6895173192024231,0.50708389282226562,-0.058430738747119904,-0.00090075749903917313,-0.064166903495788574,-0.2537848949432373,-0.16702933609485626,-0.66722404956817627,8
0.34704446792602539,0.5140683650970459,0.44799315929412842,-0.11247140169143677,-0.0082784844562411308,0.062650524079799652,-0.39368879795074463,-0.63114744424819946,-0.054974999278783798,8
0.70433789491653442,0.45188835263252258,0.4130282998085022,0.052997209131717682,0.016366643831133842,0.086056940257549286,-0.404572993516922,-1.2567867040634155,-0.75232672691345215,8
0.92800003290176392,0.45741403102874756,0.3819732666015625,0,0.041716556996107101,0.099580347537994385,0,0.64390933513641357,1.7452903985977173,8
-0.92800003290176392,0.41159307956695557,0.58353865146636963,0,-0.037312496453523636,0.00026998441899195313,0,-0.016627348959445953,-0.0021864036098122597,8
-0.69117826223373413,0.5042264461517334,0.69935029745101929,-0.044839236885309219,0.046365145593881607,-0.010654027573764324,0.27816987037658691,-1.037298321723938,-0.27429112792015076,8
-0.45640167593955994,0.41704165935516357,0.70046490430831909,-0.071623213589191437,0.030801583081483841,0.090460322797298431,0.24475088715553284,2.5036220550537109,0.29136565327644348,8
-0.14168107509613037,0.78187733888626099,0.54183298349380493,-0.07132556289434433,0.050221461802721024,0.041091896593570709,-0.32238775491714478,1.018288254737854,-0.33451861143112183,8
-0.2176600843667984,0.53111827373504639,0.68304246664047241,-0.046803921461105347,0.0016856229631230235,-0.0512860007584095,-0.92242491245269775,-0.37502416968345642,-0.47685974836349487,8
-0.0044908784329891205,0.47342205047607422,0.68996018171310425,-0.051098402589559555,0.036336012184619904,-0.00021609850227832794,0.19161376357078552,0.11442906409502029,0.15015067160129547,8
0.2707919180393219,0.60241669416427612,0.6866300106048584,0.0033467612229287624,0.031590588390827179,0.021889468654990196,1.3864877223968506,1.7248654365539551,-0.0055344025604426861,8
0.45051142573356628,0.45547899603843689,0.68744903802871704,0.0062866108492016792,-0.033938705921173096,0.051135741174221039,0.2030087411403656,-0.012153982184827328,-0.36187735199928284,8
0.71025663614273071,0.50240987539291382,0.69481766223907471,0.049515705555677414,0.055231582373380661,-0.045606046915054321,-0.34242966771125793,-0.28062710165977478,0.12608572840690613,8
0.92800003290176392,0.40578758716583252,0.7173924446105957,0,0.021204771474003792,0.012622619979083538,0,-0.98929363489151001,-0.094449877738952637,8
-0.92800003290176392,0.26620703935623169,0.92800003290176392,0,-0.031695075333118439,0,0,-0.096512690186500549,0,8
-0.73403769731521606,0.42657351493835449,0.92800003290176392,0.0084012597799301147,0.03903806209564209,0,0.25366500020027161,0.53211939334869385,0,8
-0.60864162445068359,0.44743794202804565,0.92800003290176392,-0.040279366075992584,-0.0039449641481041908,0,0.32816457748413086,0.74300706386566162,0,8
-0.10791374742984772,0.27827370166778564,0.92800003290176392,0.0074714329093694687,-0.037039630115032196,0,-0.23225875198841095,-0.21261556446552277,0,8
-0.039551936089992523,0.46485841274261475,0.92800003290176392,-0.020080104470252991,0.024836743250489235,0,1.1126536130905151,0.33155691623687744,0,8
-0.16582995653152466,0.45928037166595459,0.92800003290176392,0.012221197597682476,0.034791663289070129,0,-0.97469437122344971,-0.080306112766265869,0,8
0.10717759281396866,0.4556121826171875,0.92800003290176392,-0.04352216050028801,-0.054774448275566101,0,0.68699538707733154,-0.088411189615726471,0,8
0.3887595534324646,0.46134114265441895,0.92800003290176392,0.060489099472761154,0.020998289808630943,0,1.0003907680511475,0.04650961235165596,0,8
0.53150743246078491,0.43099546432495117,0.92800003290176392,0.024901954457163811,0.05345785990357399,0,-0.032303296029567719,0.63079404830932617,0,8
0.92800003290176392,0.27024424076080322,0.92800003290176392,0,-0.011463088914752007,0,0,0.22504012286663055,0,8
-0.92800003290176392,0.46155071258544922,-0.92800003290176392,0,-0.0045650061219930649,0,0,0.1601620614528656,0,8
-0.69796872138977051,0.25623536109924316,-0.92800003290176392,-0.036740131676197052,0.0086377132683992386,0,0.21081602573394775,0.33041790127754211,0,8
-0.56733691692352295,0.485068678855896,-0.92800003290176392,0.022925859317183495,0.086083613336086273,0,-0.87252217531204224,-0.25177872180938721,0,8
-0.30471765995025635,0.45354819297790527,-0.92800003290176392,0.024062121286988258,-0.014674085192382336,0,0.48444792628288269,0.48721295595169067,0,8
-0.17932078242301941,0.6178010106086731,-0.92800003290176392,0.0048876097425818443,0.015959978103637695,0,0.08157338947057724,0.18189254403114319,0,8
0.0043193148449063301,0.61802661418914795,-0.92800003290176392,0.017319805920124054,0.0037158189807087183,0,0.29074853658676147,-0.36873850226402283,0,8
0.28518778085708618,0.47202157974243164,-0.92800003290176392,0.0034014524426311255,0.0019882370252162218,0,0.033125139772891998,0.10603848844766617,0,8
0.56557399034500122,0.50186640024185181,-0.92800003290176392,0.010379978455603123,0.00063069944735616446,0,0.26737838983535767,-0.98189073801040649,0,8
0.71447312831878662,0.45282328128814697,-0.92800003290176392,0.0052458615973591805,-0.042016368359327316,0,0.3013785183429718,0.51499402523040771,0,8
0.92800003290176392,0.4253305196762085,-0.92800003290176392,0,0.0079780761152505875,0,0,-0.91671288013458252,0,8
-0.92800003290176392,0.40262651443481445,-0.72445744276046753,0,-0.024128362536430359,-0.0042959116399288177,0,-0.15936310589313507,-0.097560152411460876,8
-0.48629367351531982,0.5216444730758667,-0.49411126971244812,-0.10276670753955841,-0.0035374686121940613,0.026179775595664978,-0.19145293533802032,1.0052155256271362,0.55184125900268555,8
-0.49366417527198792,0.59571772813796997,-0.68764281272888184,-0.042162537574768066,0.074951149523258209,-0.02033710852265358,-0.56135094165802002,0.86199408769607544,-0.30986440181732178,8
-0.20945519208908081,0.74604809284210205,-0.46408158540725708,-0.1172591894865036,0.0056173000484704971,-0.24188680946826935,0.56763631105422974,2.1367442607879639,1.9659709930419922,8
0.0027239518240094185,0.64837777614593506,-0.43325823545455933,0.040312811732292175,-0.025580268353223801,-0.22389990091323853,-0.67200261354446411,2.0451288223266602,1.2313994169235229,8
0.093832165002822876,0.57483702898025513,-0.67994415760040283,0.024164758622646332,0.097282178699970245,-0.013175864703953266,-0.57419049739837646,0.15795035660266876,-0.066040925681591034,8
0.18533012270927429,0.74841117858886719,-0.48878318071365356,-0.053837653249502182,0.15707394480705261,0.084309220314025879,-0.67529177665710449,-0.30112174153327942,1.2370551824569702,8
0.4083387553691864,0.81630206108093262,-0.70037895441055298,-0.0029284153133630753,0.16774524748325348,-0.047223512083292007,0.057342983782291412,-0.50082606077194214,-0.59569311141967773,8
0.53153389692306519,0.6152346134185791,-0.51962423324584961,-0.040188495069742203,0.08272889256477356,-0.099355451762676239,0.80673408508300781,0.15535666048526764,-0.28041467070579529,8
0.92800003290176392,0.25529718399047852,-0.69215154647827148,0,-0.014675794169306755,0.022842129692435265,0,0.1082952469587326,0.69576328992843628,8
-0.92800003290176392,0.60066598653793335,-0.70616906881332397,0,0.0030608864035457373,-0.0071606673300266266,0,-0.155593141913414,0.19359186291694641,8
-0.69485300779342651,0.6089019775390625,-0.54127246141433716,-0.040182881057262421,0.11974902451038361,-0.064008094370365143,0.69491225481033325,0.68916428089141846,0.52934306859970093,8
-0.37812045216560364,0.6447371244430542,-0.49994722008705139,-0.047035563737154007,-0.020431285724043846,-0.12488706409931183,1.6987371444702148,1.4192018508911133,1.4892187118530273,8
-0.27353072166442871,0.485250324010849,-0.18465462327003479,-0.20070533454418182,-0.2012658566236496,-0.01650213822722435,-2.5403339862823486,-0.053054537624120712,0.11335322260856628,8
-0.040137041360139847,0.4282505214214325,-0.078770741820335388,-0.060517545789480209,-0.27394163608551025,0.043061908334493637,0.21448048949241638,0.78674817085266113,-2.0472192764282227,8
0.45804497599601746,0.7343946099281311,-0.012549316510558128,0.36758038401603699,0.076187312602996826,-0.12327897548675537,-0.97646886110305786,0.044649165123701096,0.44923466444015503,8
0.45172509551048279,0.81646209955215454,0.22070740163326263,0.28591156005859375,0.20740164816379547,0.10203968733549118,-0.99802041053771973,0.70240658521652222,0.45551842451095581,8
0.33737745881080627,0.65569007396697998,-0.39587754011154175,0.0014437856152653694,0.15970695018768311,-0.030011534690856934,0.50195670127868652,0.5366179347038269,0.4428611695766449,8
0.73804610967636108,0.67064225673675537,-0.59693890810012817,0.074362941086292267,0.12135233730077744,-0.076853342354297638,0.24566663801670074,0.93952947854995728,-0.21505078673362732,8
0.92800003290176392,0.45447349548339844,-0.57949864864349365,0,-0.026369726285338402,-0.021171236410737038,0,0.32610344886779785,-0.34764701128005981,8
-0.92800003290176392,0.47339868545532227,-0.25467967987060547,0,-0.0099216662347316742,-0.030420228838920593,0,0.11961816251277924,0.68255710601806641,8
-0.35562819242477417,0.67000311613082886,-0.062553383409976959,-0.18889699876308441,-0.14365322887897491,0.0072195613756775856,0.2370576411485672,0.53204697370529175,-1.4075219631195068,8
-0.10978744924068451,0.77846682071685791,0.17301331460475922,0.11906450241804123,-0.34104940295219421,-0.04567892849445343,-1.0365859270095825,-17.664813995361328,-0.93569082021713257,8
0.48838713765144348,0.90567266941070557,-0.11811573058366776,0.22571706771850586,0.14193984866142273,-0.067680038511753082,-1.16380774974823,0.17642496526241302,-0.36958333849906921,8
0.72139304876327515,0.80827528238296509,-0.18395715951919556,0.043083950877189636,0.0015941672027111053,0.04991815984249115,-0.1791461855173111,-1.194005012512207,-0.22291100025177002,8
0.92800003290176392,0.45766973495483398,-0.27997699379920959,0,-0.015869585797190666,0.023682111874222755,0,0.085789389908313751,0.64450919628143311,8
-0.92800003290176392,0.62199878692626953,-0.13710345327854156,0,0.059705339372158051,0.0028228997252881527,0,0.64432591199874878,0.3138575553894043,8
-0.50095534324645996,0.56442397832870483,0.11952642351388931,-0.078283756971359253,0.015355153940618038,0.087765462696552277,-0.66696196794509888,0.11960312724113464,-0.48804154992103577,8
-0.15752725303173065,0.66505718231201172,-0.21961165964603424,0.038606733083724976,-0.37380310893058777,-0.13231402635574341,-1.0782068967819214,0.22086559236049652,2.5738365650177002,8
0.49873679876327515,1.0745043754577637,0.040476761758327484,-0.0073893703520298004,0.1606510728597641,-0.10519443452358246,-1.2089314460754395,-2.1503760814666748,-0.17297162115573883,8
0.6118929386138916,0.44286465644836426,-0.017532248049974442,-0.042082738131284714,0.061752263456583023,0.026862625032663345,0.36153841018676758,-0.36643031239509583,0.3122083842754364,8
0.92800003290176392,0.613075852394104,-0.079139098525047302,0,0.026294771581888199,0.020422521978616714,0,-0.025169903412461281,-0.31267258524894714,8
-0.92800003290176392,0.62687468528747559,0.030237684026360512,0,0.043506473302841187,-0.010162797756493092,0,0.56045258045196533,0.37683472037315369,8
-0.31865394115447998,0.67473369836807251,0.25864121317863464,-0.057959385216236115,0.15750308334827423,-0.00045965379104018211,-2.0917353630065918,1.6201927661895752,2.1465690135955811,8
0.23579621315002441,0.66392922401428223,0.30841216444969177,-0.055377349257469177,0.31358048319816589,0.056420933455228806,-2.5700304508209229,1.907286524772644,-0.7299920916557312,8
0.53459620475769043,0.52135306596755981,0.44888252019882202,-0.057825289666652679,0.093463502824306488,0.085820131003856659,-1.1077452898025513,-0.19156648218631744,0.41641315817832947,8
0.48655900359153748,1.0444729328155518,0.1510753333568573,0.0098180072382092476,0.1632283627986908,-0.045948177576065063,-0.85506373643875122,-0.74047648906707764,-0.11641892790794373,8
0.92800003290176392,0.62536650896072388,0.10458146780729294,0,0.045561507344245911,0.067541703581809998,0,-0.61071974039077759,0.51989233493804932,8
-0.92800003290176392,0.47214949131011963,0.26667910814285278,0,0.02419535256922245,0.046152606606483459,0,-0.2940729558467865,-0.38640525937080383,8
-0.49915942549705505,0.77774971723556519,0.22726239264011383,0.045286804437637329,0.088829115033149719,0.039214961230754852,-1.6226422786712646,0.72580283880233765,1.1952753067016602,8
-0.18140414357185364,0.54139280319213867,0.2215435653924942,0.02123725414276123,-0.010065594688057899,0.045835912227630615,-1.5578135251998901,-3.2448413372039795,-0.42296132445335388,8
0.53403741121292114,0.94188028573989868,0.26842883229255676,-0.26907685399055481,0.24249538779258728,-0.10987673699855804,-0.38745668530464172,1.3296178579330444,0.20241780579090118,8
0.70009177923202515,0.83130091428756714,0.38286122679710388,-0.19100773334503174,0.083112731575965881,-0.065132647752761841,-2.0775487422943115,-0.67540901899337769,-0.64295762777328491,8
0.92800003290176392,0.46626067161560059,0.243641197681427,0,-0.012963130138814449,0.21985480189323425,0,-1.3049392700195312,-0.53443282842636108,8
-0.92800003290176392,0.64639383554458618,0.70664322376251221,0,-0.028029065579175949,0.0016960678622126579,0,0.069745816290378571,0.1273181140422821,8
-0.71635770797729492,0.68581646680831909,0.3064996600151062,-0.050272364169359207,-0.049952328205108643,-0.066311441361904144,0.61145120859146118,0.18961919844150543,-0.12368268519639969,8
-0.52039057016372681,0.76068860292434692,0.45903697609901428,-0.031547099351882935,-0.02717570960521698,0.060752019286155701,-0.4940127432346344,0.78628426790237427,-0.32618162035942078,8
-0.10898485034704208,0.63099706172943115,0.38766816258430481,0.036624450236558914,0.10631846636533737,-0.088734529912471771,1.3393523693084717,1.955843448638916,2.0309925079345703,8
-0.37671121954917908,0.79219281673431396,0.45267155766487122,-0.15028892457485199,0.081869930028915405,0.014775977469980717,1.519347071647644,2.1237316131591797,-1.5041985511779785,8
0.042009666562080383,0.52063781023025513,0.48332163691520691,0.021944666281342506,0.10463329404592514,0.10071787983179092,0.49933648109436035,-0.30287858843803406,1.2933995723724365,8
0.17125312983989716,0.49281951785087585,0.39860233664512634,-0.043916560709476471,0.11669734865427017,-0.023506626486778259,1.3307428359985352,0.5616990327835083,0.320270836353302,8
0.53034156560897827,0.8602447509765625,0.69053900241851807,-0.11127503216266632,0.081309795379638672,-0.097158215939998627,-0.75128358602523804,-0.38485851883888245,-2.2946395874023438,8
0.68476748466491699,0.61226248741149902,0.52360010147094727,0.018867002800107002,0.15263690054416656,-0.0074261403642594814,0.52715849876403809,0.34335312247276306,-0.59976333379745483,8
0.92800003290176392,0.44153904914855957,0.54189223051071167,0,-0.020665314048528671,-0.037636615335941315,0,1.516167163848877,-0.21040241420269012,8
-0.92800003290176392,0.44395846128463745,0.73407191038131714,0,-0.0017644065665081143,0.013902764767408371,0,1.0196744203567505,0.43106251955032349,8
-0.70743846893310547,0.6705964207649231,0.5631558895111084,0.082681551575660706,0.097579717636108398,0.017474843189120293,-1.0040862560272217,0.6713794469833374,-0.89910954236984253,8
-0.61314040422439575,0.66355633735656738,0.69404768943786621,-0.036788675934076309,0.09533856064081192,0.081054449081420898,1.1571294069290161,1.923540472984314,-0.74394440650939941,8
-0.28353631496429443,0.84988844394683838,0.65722513198852539,-0.030162680894136429,0.043113969266414642,0.056106720119714737,-2.1488251686096191,1.5291348695755005,0.41812855005264282,8
-0.057715184986591339,0.6376878023147583,0.58309382200241089,-0.12074347585439682,0.00058342469856142998,-0.021676847711205482,0.97273409366607666,-0.46759924292564392,0.94266253709793091,8
0.074920408427715302,0.67433243989944458,0.71171170473098755,-0.033901818096637726,0.017296241596341133,0.080325551331043243,-0.30217099189758301,0.35148915648460388,-0.24424372613430023,8
0.31009408831596375,0.86368107795715332,0.41133666038513184,-0.087603829801082611,0.09200577437877655,0.24130944907665253,-1.0366436243057251,0.87327241897583008,0.0082321465015411377,8
0.37553638219833374,0.77385908365249634,0.71755719184875488,-0.10632497072219849,-0.062762491405010223,0.093777060508728027,1.5087335109710693,-0.5214693546295166,-0.11162369698286057,8
0.44220647215843201,0.63781982660293579,0.59247082471847534,-0.018249429762363434,0.027598844841122627,0.0077712424099445343,-1.2381975650787354,1.0067818164825439,-0.2750622034072876,8
0.92800003290176392,0.24604892730712891,0.68375426530838013,0,-0.037985116243362427,0.061642229557037354,0,-0.105262391269207,-0.01185100432485342,8
-0.92800003290176392,0.54841524362564087,0.92800003290176392,0,0.009400196373462677,0,0,0.1351739913225174,0,8
-0.69607102870941162,0.25890541076660156,0.92800003290176392,0.0051187975332140923,-0.020452467724680901,0,0.7430235743522644,0.2291056215763092,0,8
-0.70769304037094116,0.60895287990570068,0.92800003290176392,0.037839539349079132,-0.0059617371298372746,0,-0.05731600895524025,0.15508173406124115,0,8
-0.30155417323112488,0.451396644115448,0.92800003290176392,0.021971277892589569,-0.0024076648987829685,0,0.13391867280006409,-0.01468910276889801,0,8
-0.20889188349246979,0.61523354053497314,0.92800003290176392,-0.038849752396345139,0.013058528304100037,0,0.30507633090019226,-0.35130637884140015,0,8
-0.03322148323059082,0.62595212459564209,0.92800003290176392,0.0053535914048552513,-0.0065108900889754295,0,-0.45926913619041443,-0.49265414476394653,0,8
0.24869361519813538,0.45986354351043701,0.92800003290176392,0.052906878292560577,0.0015720827504992485,0,-0.39645281434059143,-0.4097047746181488,0,8
0.58106690645217896,0.50118494033813477,0.92800003290176392,-0.019522262737154961,-0.070644930005073547,0,-0.34717518091201782,0.25845429301261902,0,8
0.71577608585357666,0.41353452205657959,0.92800003290176392,0.0016613779589533806,0.035309992730617523,0,-0.029273375868797302,-0.19055640697479248,0,8
0.92800003290176392,0.44795143604278564,0.92800003290176392,0,0.080216482281684875,0,0,1.1665530204772949,0,8
-0.92800003290176392,0.46155089139938354,-0.92800003290176392,0,-0.0045593422837555408,0,0,0.16005653142929077,0,8
-0.7380414605140686,0.76392728090286255,-0.92800003290176392,0.021139383316040039,0.083908140659332275,0,-0.059994306415319443,-0.11260650306940079,0,8
-0.51673197746276855,0.63481003046035767,-0.92800003290176392,0.0092882178723812103,0.016300348564982414,0,0.058708339929580688,0.60449296236038208,0,8
-0.46071943640708923,0.45965099334716797,-0.92800003290176392,0.053055845201015472,-0.017527427524328232,0,1.1157734394073486,-0.17498663067817688,0,8
-0.11958665400743484,0.79407602548599243,-0.92800003290176392,0.00018216227181255817,0.041338853538036346,0,0.41630244255065918,0.0016904621152207255,0,8
0.054167844355106354,0.79025322198867798,-0.92800003290176392,0.0079224547371268272,0.017517602071166039,0,0.070655137300491333,-0.38662654161453247,0,8
0.35361036658287048,0.62756407260894775,-0.92800003290176392,0.020338686183094978,-0.0025836869608610868,0,0.016965866088867188,-0.74288451671600342,0,8
0.53242963552474976,0.62087959051132202,-0.92800003290176392,-0.024149207398295403,0.0091478023678064346,0,-0.70641309022903442,-0.053277552127838135,0,8
0.70701313018798828,0.6315762996673584,-0.92800003290176392,0.0085381865501403809,-0.019651765003800392,0,0.23251146078109741,-1.3916162252426147,0,8
0.92800003290176392,0.4253305196762085,-0.92800003290176392,0,0.0079780761152505875,0,0,-0.91671288013458252,0,8
-0.92800003290176392,0.77292388677597046,-0.75562554597854614,0,-0.0063851256854832172,-0.025579415261745453,0,-0.013381442055106163,-0.068319156765937805,8
-0.65203911066055298,0.69334691762924194,-0.75102400779724121,0.0095216585323214531,0.071270681917667389,-0.089312493801116943,1.0235872268676758,-0.40123295783996582,-0.026910377666354179,8
-0.61714392900466919,0.85800087451934814,-0.92800003290176392,0.071515679359436035,0.0540158711373806,0,0.13628236949443817,0.34089288115501404,0,8
-0.23839162290096283,0.81354999542236328,-0.6976628303527832,-0.068985976278781891,0.098456412553787231,-0.02851065993309021,0.87369602918624878,0.398813396692276,1.191957950592041,8
-0.28828293085098267,0.61835116147994995,-0.68750202655792236,0.013848505914211273,0.095382153987884521,-0.064500793814659119,0.76245015859603882,1.0226668119430542,0.67894464731216431,8
0.30269515514373779,0.67233651876449585,-0.71420204639434814,0.016269814223051071,0.084813587367534637,-0.073276296257972717,-0.32492947578430176,0.85222715139389038,0.056895237416028976,8
0.21311455965042114,1.0035288333892822,-0.64508342742919922,-0.084618143737316132,0.07754109799861908,0.15199117362499237,0.29252281785011292,-0.10280749946832657,0.019922999665141106,8
0.72005265951156616,0.80681222677230835,-0.92800003290176392,0.0080469828099012375,0.015144761651754379,0,-0.11299341171979904,0.22595568001270294,0,8
0.57608681917190552,0.68371599912643433,-0.73103541135787964,-0.055281229317188263,0.070766814053058624,-0.045135326683521271,-0.21928432583808899,1.0856527090072632,-0.58204984664916992,8
0.92800003290176392,0.62598723173141479,-0.71293532848358154,0,-0.045826010406017303,-0.0085004409775137901,0,-0.65968292951583862,0.67725080251693726,8
-0.92800003290176392,0.52873975038528442,-0.55836361646652222,0,0.079054035246372223,-0.0098155820742249489,0,0.94004827737808228,-0.20402029156684875,8
-0.92800003290176392,0.83025354146957397,-0.62887412309646606,0,0.056744806468486786,-0.027220891788601875,0,-0.0799969881772995,-0.053536944091320038,8
0.038080945611000061,0.76012623310089111,0.050831086933612823,0.19456298649311066,-0.34756767749786377,0.22257636487483978,2.0910553932189941,-0.021338758990168571,0.18527625501155853,8
0.056061435490846634,0.54695874452590942,-0.18088467419147491,-0.097387358546257019,-0.51517629623413086,0.029962953180074692,1.006725549697876,-0.506611168384552,-0.26524654030799866,8
0.37354245781898499,0.67490100860595703,0.1658148467540741,0.074599333107471466,0.13227550685405731,0.14127244055271149,0.29808706045150757,1.6060848236083984,-1.4965559244155884,8
0.25146585702896118,0.73360335826873779,-0.11849928647279739,0.018066368997097015,-0.30734938383102417,0.26186671853065491,0.47102302312850952,-0.46459522843360901,0.2843204140663147,8
0.47884151339530945,0.74864161014556885,-0.26670587062835693,0.38091751933097839,0.015118436887860298,0.081868819892406464,-0.76518946886062622,1.2164164781570435,0.48383784294128418,8
0.42638084292411804,0.78671872615814209,-0.51562029123306274,-0.083229079842567444,0.077477142214775085,0.15504787862300873,-0.82552075386047363,-0.096453569829463959,0.73281967639923096,8
0.92800003290176392,0.80672681331634521,-0.71144342422485352,0,0.021652417257428169,0.031739108264446259,0,-0.64751845598220825,-0.23920263350009918,8
0.92800003290176392,0.57790994644165039,-0.56515860557556152,0,0.063081875443458557,0.045012570917606354,0,-0.4298396110534668,-0.080547958612442017,8
-0.92800003290176392,0.64547443389892578,-0.48122116923332214,0,0.028670141473412514,-0.045469898730516434,0,-0.10732059925794601,-0.64544469118118286,8
-0.58477693796157837,0.64760375022888184,-0.3600412905216217,-0.064072847366333008,0.059914737939834595,-0.031586073338985443,0.23062995076179504,1.7679060697555542,0.037746388465166092,8
-0.097112506628036499,0.77796924114227295,0.028485679998993874,-0.24242687225341797,-0.47674217820167542,-0.015925144776701927,-2.0755143165588379,-0.78765743970870972,-0.92830628156661987,8
-0.41288268566131592,0.77855926752090454,-0.38481149077415466,-0.056731462478637695,0.0014641296584159136,-0.19689746201038361,2.4802138805389404,1.0286550521850586,0.30434620380401611,8
-0.16849076747894287,0.78976666927337646,-0.27983301877975464,-0.07424357533454895,-1.0024900436401367,-0.10172128677368164,-0.47584116458892822,-0.75920456647872925,-0.4651341438293457,8
0.08486291766166687,0.7564624547958374,-0.25466236472129822,-0.22764027118682861,-0.65497499704360962,0.1907929927110672,-3.1325926780700684,-0.31049248576164246,-0.47190827131271362,8
-0.063505753874778748,1.0059261322021484,-0.62601590156555176,0.020186163485050201,0.057755693793296814,0.10094600915908813,0.097591444849967957,-0.01042149867862463,0.50265687704086304,8
0.50958400964736938,0.99763309955596924,-0.24067488312721252,0.11188759654760361,0.090220868587493896,0.053143516182899475,-0.91715425252914429,0.9370606541633606,-1.4642629623413086,8
0.65200984477996826,0.83709144592285156,-0.47148999571800232,0.029959149658679962,0.12065649777650833,-0.1460137814283371,1.2114185094833374,-0.042447518557310104,-0.60496014356613159,8
0.92800003290176392,0.64105308055877686,-0.4124583899974823,0,-0.012595770880579948,0.020967958495020866,0,-1.1602511405944824,0.16748489439487457,8
-0.92800003290176392,0.81607711315155029,-0.058917205780744553,0,0.053119271993637085,-0.040028214454650879,0,-0.067517347633838654,0.52290803194046021,8
-0.71463030576705933,0.68873649835586548,-0.20601540803909302,-0.036990225315093994,0.055468734353780746,-0.053646259009838104,1.2240070104598999,0.45946484804153442,-0.18800026178359985,8
0.057402905076742172,0.7198256254196167,0.25760301947593689,0.036260388791561127,0.32203885912895203,-0.16438549757003784,1.2241051197052002,2.0403330326080322,-0.68419748544692993,8
-0.28996193408966064,0.82854628562927246,-0.20950025320053101,-0.02894759364426136,-0.25300291180610657,-0.006016965489834547,3.5460026264190674,13.21690559387207,1.1739085912704468,8
-0.63843744993209839,1.018180251121521,-0.66046547889709473,0.00068619899684563279,0.13830409944057465,-0.028499884530901909,0.062276013195514679,0.68590563535690308,-0.54857081174850464,8
-0.48254275321960449,1.037699818611145,-0.60548293590545654,0.0054634632542729378,0.08981119841337204,-0.035452194511890411,0.41698899865150452,-0.34217900037765503,-0.23958635330200195,8
-0.10889177024364471,0.997772216796875,-0.44401931762695312,0.040841385722160339,-0.23923884332180023,0.14875863492488861,0.82684957981109619,-1.4988961219787598,2.4490046501159668,8
0.55745464563369751,0.63156002759933472,-0.067466102540493011,0.091821841895580292,-0.17234206199645996,-0.060756325721740723,-0.35322165489196777,0.038955505937337875,0.037798803299665451,8
0.72226393222808838,0.66114324331283569,-0.38067111372947693,0.033432774245738983,0.080496564507484436,-0.15667134523391724,-0.41300719976425171,0.2013898491859436,-0.35721611976623535,8
0.92800003290176392,0.78552913665771484,-0.11344856023788452,0,0.11193469166755676,-0.1745811253786087,0,0.080431841313838959,-1.7743359804153442,8
-0.92800003290176392,0.82045519351959229,0.091069169342517853,0,-0.010843529365956783,-0.00017478968948125839,0,-0.54392355680465698,-0.050934098660945892,8
-0.71195560693740845,0.79180598258972168,0.1610490083694458,0.039892576634883881,0.14905673265457153,0.019209552556276321,0.26179555058479309,0.24002818763256073,0.71360522508621216,8
0.017275959253311157,0.53444874286651611,0.11217573285102844,0.24440264701843262,-0.065274998545646667,0.085564054548740387,1.99876868724823,-1.040818452835083,-1.8060029745101929,8
-0.024960309267044067,0.84390789270401001,0.38649320602416992,-0.14151217043399811,0.007232004776597023,0.26130238175392151,0.23383854329586029,-0.27560272812843323,-0.29449310898780823,8
-0.64645123481750488,0.86796265840530396,-0.27926567196846008,-0.050117503851652145,0.12347182631492615,-0.066248618066310883,0.73920279741287231,0.14456836879253387,-0.14402914047241211,8
-0.72230029106140137,1.0331850051879883,-0.1275096982717514,0.031001314520835876,0.069097824394702911,-0.022886481136083603,0.00039802861283533275,0.20014072954654694,0.18345096707344055,8
-0.39985087513923645,1.0199979543685913,-0.33122095465660095,0.13953673839569092,-0.13364726305007935,0.098007172346115112,1.8063966035842896,-1.3463057279586792,0.96613925695419312,8
0.71918618679046631,1.0824127197265625,0.17389152944087982,0.026046067476272583,0.0074473749846220016,-0.19700741767883301,-0.10589958727359772,-0.82317310571670532,0.44138160347938538,8
0.69856745004653931,0.66640347242355347,0.29947808384895325,0.0010969084687530994,-0.065392613410949707,0.0030472064390778542,-0.25343969464302063,-0.69945210218429565,0.73445475101470947,8
0.92800003290176392,0.7932276725769043,0.0309121273458004,0,0.0037484939675778151,0.010229356586933136,0,-1.1536507606506348,1.913701057434082,8
-0.92800003290176392,0.6391528844833374,0.36350694298744202,0,0.037748776376247406,0.020863033831119537,0,-0.13826686143875122,-0.067599877715110779,8
-0.60264158248901367,1.0055325031280518,0.30094233155250549,0.077398605644702911,0.080202303826808929,-0.16971907019615173,-0.17689479887485504,1.0645284652709961,0.037240680307149887,8
-0.11197875440120697,1.0645365715026855,0.37966054677963257,-0.037946712225675583,0.073288053274154663,-0.013448355719447136,-1.4527950286865234,-0.98130196332931519,-0.98275119066238403,8
-0.38547369837760925,0.99481058120727539,0.13800878822803497,0.099455378949642181,0.063440993428230286,-0.18522413074970245,0.30936908721923828,0.016366392374038696,-0.68331730365753174,8
-0.46710273623466492,0.99752140045166016,-0.0035473550669848919,0.23281766474246979,-0.023189188912510872,-0.16775093972682953,1.090559720993042,-0.22814430296421051,-0.7820623517036438,8
-0.47313779592514038,0.99406063556671143,-0.11133443564176559,0.23104396462440491,-0.089941203594207764,-0.043854523450136185,2.0442440509796143,0.088385261595249176,0.28549286723136902,8
-0.43353596329689026,0.99413031339645386,-0.22352269291877747,0.21887943148612976,-0.11211878061294556,0.097941093146800995,2.1670482158660889,-0.73300880193710327,0.75283879041671753,8
0.72150099277496338,1.0918886661529541,0.32265016436576843,0.10225163400173187,-0.11645542085170746,-0.14524111151695251,-0.29300493001937866,-0.5909000039100647,-0.24818165600299835,8
0.72933924198150635,0.83035260438919067,0.54939049482345581,-0.078846767544746399,-0.0014201065059751272,-0.089468687772750854,-1.5920441150665283,-1.1719486713409424,0.70480245351791382,8
0.92800003290176392,0.64525705575942993,0.45607495307922363,0,0.013043759390711784,-0.13134145736694336,0,-0.72364413738250732,0.35900962352752686,8
-0.92800003290176392,0.53361988067626953,0.56553202867507935,0,-0.011991583742201328,0.010304867289960384,0,-0.14552491903305054,0.40826761722564697,8
-0.92800003290176392,0.83772021532058716,0.72213858366012573,0,0.020838204771280289,0.00245677400380373,0,0.063027217984199524,-0.50721979141235352,8
-0.44131410121917725,1.0316725969314575,0.44912689924240112,-0.077092461287975311,0.053943436592817307,-0.070252925157546997,-1.3443822860717773,1.4394217729568481,0.18195120990276337,8
-0.27340048551559448,1.051958441734314,0.46263623237609863,-0.062751665711402893,0.03173648938536644,0.0052467021159827709,0.29625129699707031,-0.5552247166633606,-0.75382810831069946,8
0.22713550925254822,1.038909912109375,0.46687775850296021,-0.0067487619817256927,0.20780366659164429,0.0024005258455872536,-0.83885914087295532,0.13153731822967529,0.14837062358856201,8
0.46048036217689514,0.94555872678756714,0.47740459442138672,-0.098581738770008087,0.15499375760555267,-0.18778172135353088,1.3498169183731079,1.4677404165267944,-0.38261529803276062,8
0.41592660546302795,1.0793083906173706,0.6547008752822876,-0.013800469227135181,-0.074920333921909332,0.13846312463283539,-0.70820677280426025,0.55492174625396729,0.2583642303943634,8
0.63343715667724609,1.0813863277435303,0.62176328897476196,0.13922768831253052,-0.1139875128865242,0.093994975090026855,-0.073905579745769501,0.64253276586532593,-0.77469789981842041,8
0.92800003290176392,0.76319873332977295,0.71300864219665527,0,-0.032051015645265579,-0.091447338461875916,0,0.70080119371414185,0.7048075795173645,8
0.92800003290176392,0.51547181606292725,0.57076692581176758,0,-0.043859127908945084,0.027744626626372337,0,-0.95141738653182983,-0.35629609227180481,8
-0.92800003290176392,0.65601110458374023,0.52531260251998901,0,-0.0027847436722368002,-0.031142313033342361,0,0.92754614353179932,-0.59249633550643921,8
-0.69323235750198364,0.83127880096435547,0.41457852721214294,0.0060526789166033268,0.12368960678577423,0.025689691305160522,0.41410338878631592,-0.36097076535224915,-0.45286214351654053,8
-0.56536108255386353,0.81971079111099243,0.92800003290176392,0.021276539191603661,0.033422298729419708,0,-0.17359139025211334,0.028654931113123894,0,8
-0.47809922695159912,0.79145276546478271,0.69041752815246582,-0.014356815256178379,0.078144103288650513,-0.015652626752853394,-0.094746485352516174,-0.72411459684371948,0.53039348125457764,8
-0.42875590920448303,0.58449840545654297,0.70138382911682129,0.036519229412078857,0.051017634570598602,0.035539057105779648,-0.048073004931211472,1.9403481483459473,-0.14485727250576019,8
0.22190466523170471,0.83491450548171997,0.66913753747940063,0.002119806595146656,0.05396382138133049,-0.019407957792282104,-0.35821452736854553,-0.89195460081100464,0.72674673795700073,8
0.46695223450660706,1.064062237739563,0.82738786935806274,-0.072690017521381378,-0.027868542820215225,0.048809967935085297,-0.37744289636611938,-0.75561070442199707,0.52566432952880859,8
0.71032559871673584,0.77996343374252319,0.92800003290176392,-0.058949992060661316,-0.065278194844722748,0,0.36913764476776123,0.081469409167766571,0,8
0.57121336460113525,0.63277703523635864,0.70092147588729858,-0.1000230461359024,0.029404424130916595,-0.043261412531137466,0.48807573318481445,0.19711101055145264,-0.5692327618598938,8
0.92800003290176392,0.60153037309646606,0.70412421226501465,0,0.087550610303878784,-0.0036598145961761475,0,0.064664483070373535,-0.56360995769500732,8
-0.92800003290176392,0.41637873649597168,0.92800003290176392,0,-0.016165582463145256,0,0,-0.66478705406188965,0,8
-0.7178611159324646,0.79924577474594116,0.92800003290176392,-0.011091446503996849,0.0034698043018579483,0,0.15432892739772797,-0.23137843608856201,0,8
-0.54650837182998657,0.60063815116882324,0.92800003290176392,-0.0019109671702608466,0.091604769229888916,0,-0.38449943065643311,-0.21157017350196838,0,8
-0.45881438255310059,0.45674264430999756,0.92800003290176392,0.012462378479540348,0.01343240775167942,0,-0.14615811407566071,-0.4928264319896698,0,8
-0.13768461346626282,0.80539339780807495,0.92800003290176392,0.026214636862277985,0.060499094426631927,0,-0.62675869464874268,0.1145264059305191,0,8
0.027096128091216087,0.79132801294326782,0.92800003290176392,0.0092134764418005943,0.083883844316005707,0,1.0371819734573364,0.17746990919113159,0,8
0.29353246092796326,0.60834980010986328,0.92800003290176392,-0.085269756615161896,-0.0079373829066753387,0,0.60106509923934937,0.029835661873221397,0,8
0.47489622235298157,0.64024060964584351,0.92800003290176392,-0.026793701574206352,0.058844540268182755,0,0.30726709961891174,-0.001377314212732017,0,8
0.70302999019622803,0.61230754852294922,0.92800003290176392,-0.039540253579616547,0.076373584568500519,0,0.072827666997909546,0.94517529010772705,0,8
0.92800003290176392,0.44795143604278564,0.92800003290176392,0,0.080216482281684875,0,0,1.1665530204772949,0,8
-0.92800003290176392,0.78471416234970093,-0.92800003290176392,0,-0.023883545771241188,0,0,-0.08590187132358551,0,8
-0.73498237133026123,1.027695894241333,-0.92800003290176392,-0.01476147398352623,0.02748466283082962,0,0.10967714339494705,0.10592567920684814,0,8
-0.47907254099845886,1.0013911724090576,-0.92800003290176392,0.038152799010276794,0.065775260329246521,0,0.62729436159133911,0.14253067970275879,0,8
-0.35247334837913513,0.61686509847640991,-0.92800003290176392,-0.0046249693259596825,0.0034828721545636654,0,0.27287524938583374,-0.18658077716827393,0,8
-0.28458487987518311,0.78385591506958008,-0.92800003290176392,-0.0071856873109936714,0.056265827268362045,0,-0.14263927936553955,-0.067801326513290405,0,8
0.21226197481155396,0.78045374155044556,-0.92800003290176392,-0.0054993322119116783,0.029786352068185806,0,-0.2100980132818222,-0.31135371327400208,0,8
0.17399664223194122,0.61264026165008545,-0.92800003290176392,0.0059882472269237041,0.012452811934053898,0,-0.18465887010097504,-0.2723870575428009,0,8
0.55331921577453613,0.79847168922424316,-0.92800003290176392,0.014224613085389137,-0.0313580222427845,0,-0.076730675995349884,-0.032853260636329651,0,8
0.68943357467651367,1.0231574773788452,-0.92800003290176392,-0.14646244049072266,-0.033068593591451645,0,-0.066615790128707886,0.22661077976226807,0,8
0.92800003290176392,0.75567448139190674,-0.92800003290176392,0,-0.0088456161320209503,0,0,-0.44515889883041382,0,8
-0.92800003290176392,1.0358526706695557,-0.68169569969177246,0,0.052295830100774765,-0.018627069890499115,0,-0.15445064008235931,-0.15627594292163849,8
-0.92800003290176392,1.0551198720932007,-0.92800003290176392,0,-0.0014500392135232687,0,0,-0.18923883140087128,0,8
-0.45738527178764343,0.99718242883682251,-0.92800003290176392,0.016381435096263885,0.050022203475236893,0,0.46733909845352173,0.16113056242465973,0,8
-0.27696546912193298,1.010368824005127,-0.92800003290176392,0.038080569356679916,0.033902883529663086,0,0.18982361257076263,0.023138297721743584,0,8
0.084075279533863068,0.99899119138717651,-0.92800003290176392,0.0026595229282975197,0.040911372750997543,0,-0.26991036534309387,0.020848138257861137,0,8
0.18593187630176544,1.0007337331771851,-0.92800003290176392,-0.019308481365442276,0.040698155760765076,0,-0.019557548686861992,-0.0086608529090881348,0,8
0.45577660202980042,1.0174336433410645,-0.92800003290176392,-0.043299585580825806,0.043207421898841858,0,0.10727851837873459,0.21767197549343109,0,8
0.53417778015136719,1.0329139232635498,-0.7396736741065979,-0.12473273277282715,0.036708172410726547,0.021867725998163223,-0.27800202369689941,-0.27842691540718079,-0.10903788357973099,8
0.92800003290176392,1.0613322257995605,-0.92800003290176392,0,-0.039025884121656418,0,0,-0.055651810020208359,0,8
0.92800003290176392,1.0555940866470337,-0.84401595592498779,0,-0.020379891619086266,-0.08550725132226944,0,-0.036539450287818909,0.47511261701583862,8
-0.92800003290176392,1.0370500087738037,-0.58862489461898804,0,0.056664571166038513,-0.073262743651866913,0,-0.078345306217670441,-0.021414084360003471,8
-0.7277681827545166,1.0358057022094727,-0.50238198041915894,0.010011384263634682,0.10848182439804077,-0.035289131104946136,-0.24303555488586426,-0.17997755110263824,-0.26933395862579346,8
-0.69864499568939209,0.8116220235824585,-0.66648209095001221,-0.013893849216401577,0.11609974503517151,-0.025867657735943794,0.53751063346862793,0.82726633548736572,0.1305355578660965,8
-0.031746625900268555,0.79553550481796265,-0.59638571739196777,0.039526190608739853,0.074556939303874969,0.1093437522649765,-0.3821963369846344,-0.8610236644744873,1.8143587112426758,8
-0.073035545647144318,0.69285374879837036,-0.73992925882339478,0.00060849299188703299,0.090576536953449249,-0.092300206422805786,-0.23265807330608368,0.53579646348953247,-0.05190543457865715,8
0.1516386866569519,0.79837161302566528,-0.70520371198654175,0.022628111764788628,0.066322267055511475,-0.0015895535470917821,1.1648044586181641,1.0745291709899902,-0.55404782295227051,8
0.25503858923912048,0.97776973247528076,-0.46367323398590088,-0.19372184574604034,0.031729001551866531,0.2630799412727356,0.21170853078365326,1.2243150472640991,0.57832670211791992,8
0.68260341882705688,0.83395469188690186,-0.6968197226524353,0.02794453501701355,0.010424294508993626,-0.055334858596324921,-0.61101692914962769,-0.56231582164764404,-0.098361290991306305,8
0.67298120260238647,1.0189163684844971,-0.58395671844482422,-0.070509821176528931,0.20491543412208557,-0.070898048579692841,-0.080592550337314606,0.27237474918365479,-0.23839785158634186,8
0.92800003290176392,0.82052171230316162,-0.57292395830154419,0,0.084966398775577545,-0.0310199074447155,0,0.41824868321418762,0.27999332547187805,8
-0.92800003290176392,0.63702148199081421,-0.3083166778087616,0,0.036704540252685547,-0.059471119195222855,0,0.048564966768026352,-0.78963851928710938,8
-0.92800003290176392,1.0443010330200195,-0.38302257657051086,0,0.043431464582681656,-0.051906295120716095,0,-0.29137986898422241,-0.030407978221774101,8
-0.47931775450706482,0.7500954270362854,-0.20378915965557098,-0.15598496794700623,0.080235883593559265,-0.021494636312127113,1.6217390298843384,1.0927605628967285,-0.10801171511411667,8
-0.44847974181175232,0.79413139820098877,-0.69450980424880981,-0.0072023579850792885,0.098798066377639771,0.031619325280189514,-0.5038759708404541,0.12552380561828613,0.22183756530284882,8
0.061036914587020874,0.75861310958862305,-0.13459254801273346,0.13653372228145599,-0.56470465660095215,-0.0083201294764876366,-0.62882238626480103,-0.2921890914440155,-1.5421128273010254,8
0.19681072235107422,0.95094740390777588,-0.37372457981109619,-0.089322537183761597,0.07899177074432373,0.332783043384552,-1.3912343978881836,-0.56464987993240356,0.70568197965621948,8
0.38511654734611511,0.99982273578643799,-0.56166505813598633,-0.22716812789440155,0.066314108669757843,0.065184660255908966,-0.55193197727203369,1.380407452583313,0.86892002820968628,8
0.70979022979736328,1.0363684892654419,-0.48456043004989624,-0.055437654256820679,0.092173114418983459,-0.086996138095855713,0.16244819760322571,0.029628349468111992,0.23466421663761139,8
0.92800003290176392,1.0081557035446167,-0.5573652982711792,0,0.038093011826276779,-0.066442601382732391,0,0.1322314441204071,-0.086854614317417145,8
0.92800003290176392,0.62321794033050537,-0.24335475265979767,0,0.022758645936846733,-0.055032674223184586,0,-0.31647500395774841,0.011088698171079159,8
-0.92800003290176392,0.8350711464881897,-0.34038248658180237,0,0.038887608796358109,0.013325104489922523,0,0.48231977224349976,-0.49235531687736511,8
-0.92800003290176392,1.0401359796524048,-0.10555050522089005,0,0.036882057785987854,-0.017309084534645081,0,-0.36491361260414124,-0.022983288392424583,8
-0.69904953241348267,0.63744741678237915,0.035389091819524765,-0.076520480215549469,0.072398461401462555,0.043131057173013687,-0.98041677474975586,-0.10428740829229355,-0.50920963287353516,8
-0.17241835594177246,0.78819656372070312,-0.019945507869124413,0.053988445550203323,-0.66913396120071411,-0.054723832756280899,-0.51629650592803955,-0.2217542976140976,-1.7065638303756714,8
-0.57113397121429443,0.84612363576889038,-0.50985389947891235,0.01513129286468029,0.14736160635948181,-0.027303395792841911,0.63756543397903442,0.54569315910339355,0.69075733423233032,8
-0.26482978463172913,1.0303314924240112,-0.6341325044631958,0.039765916764736176,0.030066404491662979,0.024265363812446594,0.53794687986373901,-0.68342894315719604,0.61808472871780396,8
0.51403385400772095,1.0264678001403809,-0.33683061599731445,-0.04250633716583252,0.074059359729290009,-0.20460212230682373,-2.4127018451690674,-0.37129011750221252,-1.1008540391921997,8
0.69089430570602417,0.82905817031860352,0.029858080670237541,0.010417061857879162,0.047642961144447327,-0.051572531461715698,-0.31355148553848267,-0.069334208965301514,-1.2720177173614502,8
0.92800003290176392,1.0077530145645142,-0.16898959875106812,0,0.038845214992761612,-0.11966759711503983,0,-0.53439390659332275,1.0013581514358521,8
0.92800003290176392,0.7991180419921875,-0.2583598792552948,0,0.018151745200157166,0.072784483432769775,0,-0.18541735410690308,0.69043630361557007,8
-0.92800003290176392,0.82039636373519897,0.2420136034488678,0,-0.0020204409956932068,0.015044713392853737,0,0.053856443613767624,-0.15417945384979248,8
-0.92800003290176392,1.0346188545227051,-0.0011858142679557204,0,0.040741488337516785,-0.044349025934934616,0,-0.25874599814414978,0.11391374468803406,8
-0.51316940784454346,0.76255655288696289,0.027270045131444931,-0.088296890258789062,0.14055530726909637,0.036372292786836624,0.87036985158920288,0.91064143180847168,-1.984613299369812,8
-0.45165696740150452,1.0074723958969116,0.24001136422157288,0.082423068583011627,0.010978804901242256,-0.15911692380905151,-0.086566276848316193,0.57918739318847656,-0.14305649697780609,8
-0.32040846347808838,0.92606860399246216,-0.014901388436555862,0.18905889987945557,0.090242743492126465,-0.18838225305080414,0.95744574069976807,0.54215109348297119,-3.0024991035461426,8
-0.7088017463684082,1.0481562614440918,-0.27291849255561829,-0.027290889993309975,0.10196736454963684,-0.031257294118404388,0.057497113943099976,-0.59449994564056396,0.14012697339057922,8
0.65954577922821045,1.0764756202697754,0.040027160197496414,0.030188098549842834,0.14184339344501495,-0.17703902721405029,0.40725749731063843,-0.89454525709152222,0.075528763234615326,8
0.70400035381317139,0.80124318599700928,0.18179523944854736,-0.016357049345970154,0.072681576013565063,0.077152639627456665,-0.81138426065444946,-0.79142439365386963,-0.65753078460693359,8
0.92800003290176392,0.99653655290603638,-0.068644024431705475,0,0.061291955411434174,-0.041474964469671249,0,-0.082583867013454437,0.68942123651504517,8
0.92800003290176392,0.78481972217559814,0.21455158293247223,0,-0.12879385054111481,-0.00064469687640666962,0,0.040710117667913437,0.26131549477577209,8
-0.92800003290176392,0.62525451183319092,0.18616221845149994,0,0.048266872763633728,-0.061673726886510849,0,0.27274855971336365,-0.021660847589373589,8
-0.92800003290176392,1.0367302894592285,0.34586259722709656,0,-0.0098312953487038612,-0.085553795099258423,0,0.24772906303405762,0.11188945919275284,8
-0.73804563283920288,1.0302282571792603,0.19577935338020325,0.076807476580142975,-0.0073081338778138161,-0.10064522176980972,-0.10961919277906418,0.046175006777048111,0.39608871936798096,8
-0.60305333137512207,0.99505072832107544,0.52077323198318481,-0.0388948954641819,0.16654151678085327,-0.023290656507015228,-0.044142115861177444,1.5782774686813354,0.82903903722763062,8
-0.10491468012332916,1.0605094432830811,0.40598630905151367,-0.080796651542186737,0.11599307507276535,-0.046049635857343674,-1.1450198888778687,-0.73411858081817627,-0.22236886620521545,8
0.32421919703483582,1.0691827535629272,0.67452532052993774,-0.10071961581707001,0.0016223124694079161,0.055845156311988831,-1.7522023916244507,0.36087992787361145,-0.47196325659751892,8
0.70346695184707642,1.0856153964996338,0.7474212646484375,0.022723875939846039,0.037523236125707626,0.011407682672142982,-0.085178181529045105,-0.54368722438812256,-0.5213884711265564,8
0.85334831476211548,1.0619066953659058,0.1910109668970108,0.051428407430648804,-0.039029970765113831,-0.22693876922130585,-0.78400141000747681,-0.35468229651451111,-0.20300744473934174,8
0.92800003290176392,0.98279672861099243,0.43394705653190613,0,-0.05737883597612381,-0.066097535192966461,0,-0.19980287551879883,0.60014599561691284,8
0.92800003290176392,0.62751859426498413,0.28254643082618713,0,-0.021101323887705803,-0.21064203977584839,0,0.22487370669841766,-1.4518810510635376,8
-0.92800003290176392,0.82574337720870972,0.56259679794311523,0,-0.072702676057815552,0.0024140244349837303,0,-0.033919662237167358,0.33923456072807312,8
-0.92800003290176392,1.0338752269744873,0.56622433662414551,0,-0.039535269141197205,-0.059461761265993118,0,0.2492954432964325,0.088417001068592072,8
-0.70085561275482178,0.82766282558441162,0.69641631841659546,-0.004549806471914053,-0.0037440499290823936,-0.066843330860137939,0.030546307563781738,0.70923143625259399,-0.19694386422634125,8
-0.38517981767654419,1.0399762392044067,0.67646914720535278,-0.10243524610996246,0.073895789682865143,-0.036173984408378601,-0.58706307411193848,0.52465134859085083,0.41564279794692993,8
-0.17086988687515259,0.72202563285827637,0.736885666847229,-0.0049376594834029675,0.035162828862667084,0.041495438665151596,0.046623650938272476,0.057547014206647873,0.48835116624832153,8
0.0086453976109623909,0.85337615013122559,0.64548075199127197,-0.064829997718334198,0.083113633096218109,0.060715984553098679,-0.15331293642520905,0.92888170480728149,0.97614318132400513,8
0.084009215235710144,1.0481712818145752,0.72473859786987305,-0.14143399894237518,0.025452932342886925,0.021350957453250885,0.26597589254379272,0.6783750057220459,-0.47897869348526001,8
0.72194278240203857,0.78344887495040894,0.72739756107330322,-0.0075116753578186035,-0.024026386439800262,0.026354053989052773,-0.33338269591331482,0.29920700192451477,-1.4180210828781128,8
0.89377868175506592,1.0553388595581055,0.60753679275512695,0.12058521807193756,0.12039759010076523,0.024744203314185143,0.022239087149500847,0.6531645655632019,-0.60998934507369995,8
0.92800003290176392,0.77603960037231445,0.55541759729385376,0,0.028668355196714401,0.080809906125068665,0,0.30075344443321228,1.4860292673110962,8
-0.92800003290176392,1.0572443008422852,0.72179132699966431,0,-0.057973641902208328,-0.15434204041957855,0,0.13646955788135529,-0.27544856071472168,8
-0.92800003290176392,1.0756237506866455,0.92800003290176392,0,-0.061892028898000717,0,0,0.10981890559196472,0,8
-0.59504377841949463,1.0132956504821777,0.70830702781677246,-0.069406822323799133,0.10541923344135284,-0.073073528707027435,-0.24833565950393677,0.99171298742294312,-0.88181394338607788,8
-0.47929292917251587,1.0094075202941895,0.92800003290176392,-0.11139149963855743,0.057199332863092422,0,0.077538184821605682,0.055600959807634354,0,8
-0.11439310759305954,1.0064512491226196,0.92800003290176392,-0.091784492135047913,0.049991276115179062,0,0.38851729035377502,0.28001311421394348,0,8
-0.011194412596523762,0.98896098136901855,0.92800003290176392,-0.05003955215215683,0.046355158090591431,0,0.078307867050170898,0.40545889735221863,0,8
0.33514845371246338,0.97963106632232666,0.92800003290176392,-0.021178781986236572,0.035110525786876678,0,1.4007155895233154,0.20470885932445526,0,8
0.59405422210693359,0.92138689756393433,0.92800003290176392,0.03880656510591507,-0.1733877956867218,0,-0.27961155772209167,-0.0012610851554200053,0,8
0.92800003290176392,0.91785740852355957,0.92800003290176392,0,-0.046784155070781708,0,0,0.65729606151580811,0,8
0.92800003290176392,1.1281113624572754,0.8217814564704895,0,-0.070182979106903076,-0.077347949147224426,0,-0.7091938853263855,-0.83216357231140137,8
-0.92800003290176392,0.72075897455215454,0.92800003290176392,0,-0.010848458856344223,0,0,0.33019143342971802,0,8
-0.83189302682876587,1.0678592920303345,0.92800003290176392,-0.054299741983413696,-0.030680658295750618,0,0.62474769353866577,0.0033832711633294821,0,8
-0.66950660943984985,1.0270583629608154,0.92800003290176392,-0.039146378636360168,0.058950822800397873,0,0.2904333770275116,0.079353258013725281,0,8
-0.37581521272659302,0.61569201946258545,0.92800003290176392,0.013053695671260357,0.010732661001384258,0,0.53262567520141602,-0.1010240837931633,0,8
-0.30199000239372253,0.79504841566085815,0.92800003290176392,-0.0094277635216712952,0.040532179176807404,0,0.55826801061630249,0.099778503179550171,0,8
0.19610202312469482,0.78997725248336792,0.92800003290176392,-0.041386440396308899,-0.030155438929796219,0,0.93929189443588257,0.18012653291225433,0,8
0.13393273949623108,0.62435978651046753,0.92800003290176392,0.041025783866643906,-0.028144372627139091,0,0.9566686749458313,-0.42306336760520935,0,8
0.55744260549545288,0.77851748466491699,0.92800003290176392,0.10609567165374756,0.05402422696352005,0,1.7655884027481079,0.38126471638679504,0,8
0.79621648788452148,1.1202040910720825,0.92800003290176392,-0.092784218490123749,-0.074094198644161224,0,-0.58394795656204224,-0.92769348621368408,0,8
0.92800003290176392,0.75906521081924438,0.92800003290176392,0,0.0044181188568472862,0,0,-0.49587750434875488,0,8
-0.92800003290176392,0.62223464250564575,-0.92800003290176392,0,-0.014507003128528595,0,0,0.41124492883682251,0,8
-0.92800003290176392,0.92080235481262207,-0.92800003290176392,0,-0.015448817983269691,0,0,-0.3435625433921814,0,8
-0.37539383769035339,1.0044094324111938,-0.92800003290176392,0.008328569121658802,0.045774929225444794,0,0.084448665380477905,-0.027104726061224937,0,8
-0.45127305388450623,0.79083806276321411,-0.92800003290176392,-0.010597307235002518,0.044491782784461975,0,0.016328897327184677,-0.073864676058292389,0,8
-0.0084017347544431686,0.99517852067947388,-0.92800003290176392,0.010339957661926746,0.034987695515155792,0,-0.5651698112487793,-0.015555246733129025,0,8
0.27287733554840088,0.99852645397186279,-0.92800003290176392,-0.039359986782073975,0.04248109832406044,0,0.13633120059967041,0.10978135466575623,0,8
0.38578149676322937,0.80280226469039917,-0.92800003290176392,-0.0026313227135688066,0.012501971796154976,0,0.12645427882671356,-0.59234064817428589,0,8
0.58092683553695679,1.0091372728347778,-0.92800003290176392,-0.040897972881793976,0.017397040501236916,0,0.12442163378000259,-0.14712536334991455,0,8
0.92800003290176392,1.0613319873809814,-0.92800003290176392,0,-0.039025869220495224,0,0,-0.055652592331171036,0,8
0.92800003290176392,0.63071060180664062,-0.92800003290176392,0,-0.017177050933241844,0,0,1.6188634634017944,0,8
-0.92800003290176392,0.7847142219543457,-0.92800003290176392,0,-0.023883543908596039,0,0,-0.085901819169521332,0,8
-0.92800003290176392,1.0551198720932007,-0.92800003290176392,0,-0.0014500392135232687,0,0,-0.18923883140087128,0,8
-0.73013746738433838,1.0288832187652588,-0.92800003290176392,-0.019552959129214287,0.027052849531173706,0,0.11824356019496918,0.10277414321899414,0,8
-0.1781373918056488,0.99751067161560059,-0.92800003290176392,0.058379292488098145,0.024704918265342712,0,0.23622560501098633,-0.024229342117905617,0,8
-0.087063811719417572,0.99189507961273193,-0.92800003290176392,0.04306429997086525,0.033729936927556992,0,-0.24622979760169983,-0.03168884664773941,0,8
0.084971368312835693,1.0160398483276367,-0.71527504920959473,-0.045045539736747742,0.0083200931549072266,0.095539070665836334,0.42673730850219727,-0.014227553270757198,0.26554828882217407,8
0.34181669354438782,1.0017746686935425,-0.92800003290176392,-0.080847457051277161,0.047320578247308731,0,0.029717309400439262,0.10529748350381851,0,8
0.6347699761390686,1.0141220092773438,-0.92800003290176392,-0.090243950486183167,0.0019728965125977993,0,-0.18963953852653503,0.0012028972851112485,0,8
0.92800003290176392,0.89145296812057495,-0.92800003290176392,0,-0.025758285075426102,0,0,0.02160150371491909,0,8
0.92800003290176392,0.75567448139190674,-0.92800003290176392,0,-0.0088456161320209503,0,0,-0.44515889883041382,0,8
-0.92800003290176392,1.044635534286499,-0.4794146716594696,0,0.061319664120674133,-0.059382125735282898,0,-0.44040036201477051,-0.15006187558174133,8
-0.92800003290176392,1.0380924940109253,-0.64722812175750732,0,0.052046500146389008,-0.03708060085773468,0,-0.14013300836086273,-0.1197066456079483,8
-0.68456649780273438,1.0305254459381104,-0.73808395862579346,-0.035301920026540756,0.12314525246620178,-0.042412672191858292,0.42233523726463318,-0.21002008020877838,0.11670994758605957,8
-0.15783984959125519,1.020756721496582,-0.70939379930496216,0.042558442801237106,0.013306515291333199,0.019080083817243576,0.72546422481536865,-0.27665907144546509,0.59765017032623291,8
-0.032425623387098312,0.87692612409591675,-0.3945203423500061,0.049338765442371368,0.085669174790382385,0.27713418006896973,-0.029661541804671288,1.4644522666931152,4.1377263069152832,8
0.025553980842232704,0.99781548976898193,-0.59137922525405884,-0.020794965326786041,0.061137497425079346,0.1821485161781311,0.052266750484704971,0.67896801233291626,0.77120435237884521,8
0.35529002547264099,1.0117974281311035,-0.72660940885543823,-0.14598667621612549,0.02267318032681942,0.065796948969364166,-0.19179044663906097,0.34879288077354431,0.39353078603744507,8
0.69117593765258789,1.0396087169647217,-0.70937246084213257,-0.092310778796672821,0.057583704590797424,-0.062731251120567322,-0.27389532327651978,-0.27875214815139771,-0.12655980885028839,8
0.92800003290176392,1.0488356351852417,-0.75361573696136475,0,0.0071325614117085934,-0.042183306068181992,0,-0.39066898822784424,0.48397698998451233,8
0.92800003290176392,1.0237842798233032,-0.65658879280090332,0,0.027246546000242233,-0.059952527284622192,0,-0.30307003855705261,0.18412961065769196,8
-0.92800003290176392,0.81896281242370605,-0.48645833134651184,0,0.071167029440402985,-0.0029423250816762447,0,-0.47332337498664856,-0.32625448703765869,8
-0.92800003290176392,1.0383412837982178,-0.22065910696983337,0,0.052673462778329849,0.047887139022350311,0,-0.66611146926879883,-0.33394640684127808,8
-0.73237150907516479,0.75156855583190918,-0.43258723616600037,0.016300257295370102,0.14980502426624298,-0.043798074126243591,1.4627901315689087,0.018953381106257439,0.63047802448272705,8
-0.35215300321578979,0.93090879917144775,-0.5454135537147522,-0.0057482244446873665,0.33207142353057861,0.051610544323921204,1.5144907236099243,0.44139948487281799,1.4788734912872314,8
0.20712599158287048,0.7383265495300293,0.014997916296124458,0.37123280763626099,-0.22059907019138336,-0.01302784401923418,-2.4386920928955078,0.26355385780334473,-0.078123047947883606,8
0.20296545326709747,0.74102604389190674,-0.25395435094833374,0.26232242584228516,-0.57990086078643799,0.13960886001586914,0.69824200868606567,0.027188656851649284,-1.7540309429168701,8
0.29292771220207214,0.97699004411697388,-0.38645288348197937,-0.25916004180908203,-0.079816639423370361,0.15458142757415771,0.31261679530143738,0.50883960723876953,1.1603753566741943,8
0.48574653267860413,1.022305965423584,-0.46345135569572449,-0.18675106763839722,-1.7889775335788727e-05,-0.071801096200942993,-0.96813434362411499,0.57056128978729248,0.78796213865280151,8
0.92800003290176392,1.0101513862609863,-0.45749089121818542,0,0.05876757949590683,-0.053855780512094498,0,-0.15409401059150696,-0.036328841000795364,8
0.92800003290176392,0.80586832761764526,-0.43431633710861206,0,0.0032600425183773041,0.064226746559143066,0,-1.1157695055007935,1.0896250009536743,8
-0.92800003290176392,0.81375682353973389,-0.18990305066108704,0,0.058730833232402802,-0.025104749947786331,0,0.75095570087432861,0.026006361469626427,8
-0.92800003290176392,1.036541223526001,-0.25018051266670227,0,0.037733595818281174,-0.13151559233665466,0,-0.22257281839847565,0.93993806838989258,8
-0.69082397222518921,0.81974095106124878,-0.052942182868719101,0.0091434596106410027,0.1043006032705307,-0.024041051045060158,0.74211323261260986,-0.59160476922988892,-1.2213869094848633,8
-0.2702404260635376,0.79981446266174316,0.12517014145851135,0.0075762439519166946,-0.52192628383636475,0.11062594503164291,-0.078821651637554169,0.4621785581111908,0.086920998990535736,8
-0.45101606845855713,1.0301624536514282,-0.73454338312149048,-0.0012988328235223889,0.096659600734710693,-0.022516010329127312,0.034453228116035461,-0.64492952823638916,-0.12486017495393753,8
-0.26908159255981445,1.0099258422851562,-0.38144019246101379,0.095151312649250031,-0.26469194889068604,0.10066138207912445,1.387102484703064,-2.1000900268554688,1.5172247886657715,8
0.64667445421218872,1.0548199415206909,-0.29437676072120667,0.022025961428880692,0.11077609658241272,-0.15853653848171234,0.13527251780033112,-1.0954248905181885,-1.0071381330490112,8
0.77634608745574951,1.0661557912826538,-0.27251803874969482,-0.079649187624454498,0.072821587324142456,-0.17625269293785095,-0.18337814509868622,-1.3838179111480713,-0.33484426140785217,8
0.92800003290176392,1.0130022764205933,-0.36129212379455566,0,0.051866982132196426,-0.085364289581775665,0,-0.64038461446762085,-0.50700205564498901,8
0.92800003290176392,1.0136430263519287,-0.26265645027160645,0,0.037847995758056641,-0.14510315656661987,0,-0.57293945550918579,0.030162332579493523,8
-0.92800003290176392,1.0309966802597046,0.08723132312297821,0,0.038140162825584412,-0.031124146655201912,0,-0.15692296624183655,-0.013323369435966015,8
-0.92800003290176392,1.0318974256515503,0.17553533613681793,0,0.013668796047568321,-0.059150524437427521,0,-0.13422790169715881,0.18381199240684509,8
-0.58410400152206421,1.0137462615966797,0.12097647041082382,0.077580638229846954,0.094048619270324707,-0.095481425523757935,0.22981075942516327,0.78805220127105713,-0.068357214331626892,8
-0.23206442594528198,0.8513418436050415,0.37110385298728943,-0.067316196858882904,0.092174947261810303,0.23854470252990723,-1.8089104890823364,3.4963138103485107,-0.56542485952377319,8
-0.67185860872268677,1.0139424800872803,-0.0078963236883282661,0.062658526003360748,0.10179328173398972,-0.084856666624546051,0.5921860933303833,0.73964232206344604,0.30026522278785706,8
-0.62112218141555786,1.0418471097946167,-0.41247051954269409,0.016301196068525314,0.10045258700847626,-0.050165534019470215,0.13964676856994629,-0.55826020240783691,-0.082230374217033386,8
0.55189794301986694,1.057002067565918,-0.087396562099456787,-0.024463742971420288,0.15912094712257385,-0.086128540337085724,0.090532481670379639,-0.59240561723709106,0.089901603758335114,8
0.72912120819091797,1.0702123641967773,-0.084647379815578461,-0.033547703176736832,0.13193847239017487,-0.13222803175449371,0.60736441612243652,-1.2194135189056396,0.01689523458480835,8
0.92800003290176392,0.98643887042999268,0.13962088525295258,0,0.0048992442898452282,-0.21629630029201508,0,-0.48153930902481079,-0.70579195022583008,8
0.92800003290176392,0.9907793402671814,0.036756545305252075,0,0.04353807121515274,-0.088122710585594177,0,-0.37773269414901733,-0.68926709890365601,8
-0.92800003290176392,0.82282775640487671,0.41155722737312317,0,-0.014768058434128761,-0.0013626385480165482,0,0.24453899264335632,-0.11162477731704712,8
-0.92800003290176392,1.0347545146942139,0.26835021376609802,0,-0.011675247922539711,-0.095608048141002655,0,-0.26563873887062073,0.0099319955334067345,8
-0.74647670984268188,1.0313135385513306,0.42859929800033569,0.0073682637885212898,0.05529320240020752,-0.073066145181655884,0.18743181228637695,1.1130541563034058,0.69365185499191284,8
-0.38621404767036438,1.0212169885635376,0.34246057271957397,-0.077379070222377777,-0.0146376583725214,-0.17587406933307648,0.82780921459197998,-0.63173890113830566,-1.1133750677108765,8
-0.028466543182730675,1.0746746063232422,0.51299160718917847,-0.12098050862550735,0.13765113055706024,0.0026234383694827557,-1.0042952299118042,-0.74811989068984985,0.27486744523048401,8
0.19076240062713623,1.0480337142944336,0.62277466058731079,-0.20789124071598053,0.067629523575305939,-0.046618286520242691,1.293593168258667,1.2097128629684448,0.67482757568359375,8
0.61254149675369263,1.0822051763534546,0.44008827209472656,0.15107768774032593,-0.040730033069849014,-0.086080282926559448,0.35647806525230408,0.076317556202411652,0.16579090058803558,8
0.84411734342575073,1.0861554145812988,0.44613710045814514,0.1072317361831665,-0.12647807598114014,-0.029334280639886856,0.98681145906448364,-1.2838495969772339,-0.098036967217922211,8
0.92800003290176392,0.96693193912506104,0.28297650814056396,0,-0.071428075432777405,-0.0042637139558792114,0,0.0064676995389163494,1.569453239440918,8
0.92800003290176392,0.8089098334312439,0.37362697720527649,0,0.056865759193897247,-0.079159379005432129,0,0.68368780612945557,-1.8121268749237061,8
-0.92800003290176392,1.0397613048553467,0.45864814519882202,0,1.0975985787808895e-05,-0.050002843141555786,0,0.016685543581843376,0.34456360340118408,8
-0.92800003290176392,1.0398651361465454,0.61320763826370239,0,-0.039586469531059265,-0.11023738235235214,0,0.11263846606016159,-0.044576298445463181,8
-0.73249626159667969,1.0228452682495117,0.65474098920822144,0.012277131900191307,0.053555805236101151,-0.094834074378013611,0.3337942361831665,0.8973432183265686,-0.60647672414779663,8
-0.45768240094184875,1.0212908983230591,0.62055903673171997,-0.091039165854454041,0.10592953115701675,-0.05050981417298317,-1.5830357074737549,0.80973339080810547,0.32585820555686951,8
-0.25919643044471741,1.0416491031646729,0.71337950229644775,-0.12872247397899628,0.10756240785121918,-0.021098373457789421,0.23504821956157684,0.46524834632873535,0.18365709483623505,8
-0.13411997258663177,1.0466749668121338,0.65111547708511353,-0.18223477900028229,0.14127491414546967,-0.037228040397167206,0.24081452190876007,-0.14587371051311493,0.015651136636734009,8
0.29634156823158264,1.0665572881698608,0.82419276237487793,-0.098734170198440552,0.003846736392006278,0.044612038880586624,0.078573517501354218,0.56839990615844727,-0.60975807905197144,8
0.79468321800231934,1.1119977235794067,0.92800003290176392,-0.095376372337341309,-0.037678256630897522,0,-0.75758165121078491,-0.9454350471496582,0,8
0.92800003290176392,1.0101675987243652,0.70634037256240845,0,0.13256803154945374,0.10670112073421478,0,0.73567581176757812,-0.65059298276901245,8
0.92800003290176392,0.91837608814239502,0.60927069187164307,0,-0.29223144054412842,-0.021736897528171539,0,-0.29912349581718445,0.022914668545126915,8
-0.92800003290176392,0.72075873613357544,0.92800003290176392,0,-0.01084971334785223,0,0,0.3302156925201416,0,8
-0.92800003290176392,1.0756237506866455,0.92800003290176392,0,-0.061892028898000717,0,0,0.10981890559196472,0,8
-0.77068066596984863,1.0611131191253662,0.92800003290176392,0.016473408788442612,-0.0049146139062941074,0,0.35848253965377808,-0.14670422673225403,0,8
-0.3917519748210907,1.0126304626464844,0.92800003290176392,-0.077448651194572449,0.04304128885269165,0,-0.12646302580833435,0.10217606276273727,0,8
-0.29847690463066101,1.0107988119125366,0.92800003290176392,-0.098985143005847931,0.034627851098775864,0,0.2414962500333786,0.11025454103946686,0,8
-0.035232976078987122,1.0495220422744751,0.76034098863601685,-0.17243856191635132,0.061696369200944901,-0.020903671160340309,0.17407043278217316,0.48126101493835449,-0.35295853018760681,8
0.20661133527755737,0.968231201171875,0.92800003290176392,-0.10095025599002838,0.065428078174591064,0,-0.074416093528270721,0.18617983162403107,0,8
0.67691153287887573,1.0049349069595337,0.92800003290176392,0.078925855457782745,0.11438816785812378,0,0.073842771351337433,-0.041409056633710861,0,8
0.92800003290176392,0.91785740852355957,0.92800003290176392,0,-0.046784155070781708,0,0,0.65729606151580811,0,8
0.92800003290176392,0.61488634347915649,0.92800003290176392,0,0.0013232810888439417,0,0,-0.061352260410785675,0,8
-0.92800003290176392,0.72075802087783813,0.92800003290176392,0,-0.010792615823447704,0,0,0.32950079441070557,0,8
-0.92800003290176392,0.89126396179199219,0.92800003290176392,0,-0.039609912782907486,0,0,0.35611787438392639,0,8
-0.56951993703842163,1.0053449869155884,0.92800003290176392,-0.1176474392414093,0.056542057543992996,0,0.30446913838386536,0.23781871795654297,0,8
-0.4423961341381073,0.77973836660385132,0.92800003290176392,0.026672886684536934,0.035699933767318726,0,-0.28947287797927856,0.19727635383605957,0,8
-0.20489679276943207,1.0107003450393677,0.92800003290176392,-0.12945845723152161,0.038338471204042435,0,0.40831756591796875,0.1438940167427063,0,8
0.093581423163414001,0.97444355487823486,0.92800003290176392,-0.10623764991760254,0.054502680897712708,0,-0.16762553155422211,0.17711764574050903,0,8
0.36368647217750549,0.78976190090179443,0.92800003290176392,0.0024271048605442047,0.078825235366821289,0,-0.63311338424682617,-0.37235584855079651,0,8
0.46434256434440613,0.97408652305603027,0.92800003290176392,-0.15603278577327728,0.028384257107973099,0,-0.54277938604354858,-0.49097174406051636,0,8
0.92800003290176392,1.1450508832931519,0.92800003290176392,0,-0.094882674515247345,0,0,-0.39028552174568176,0,8
0.92800003290176392,0.75905144214630127,0.92800003290176392,0,0.0039454419165849686,0,0,-0.48451751470565796,0,8
