JS: AUTO step 0 {"z":-3.6,"my":1,"d":12}
JS: {"t":0.03,"mode":"ground","p":[0,20.92,8],"v":[0,-0.6,-0.3],"sup":true,"spd":0.3,"cr":false,"ev":"respawn"}
JS: {"t":0.05,"mode":"ground","p":[0,20.92,7.99],"v":[0,-0.6,-0.6],"sup":true,"spd":0.6,"cr":false,"ev":""}
JS: {"t":0.07,"mode":"ground","p":[0,20.92,7.98],"v":[0,-0.6,-0.9],"sup":true,"spd":0.9,"cr":false,"ev":""}
JS: {"t":0.08,"mode":"ground","p":[0,20.92,7.97],"v":[0,-0.6,-1.2],"sup":true,"spd":1.2,"cr":false,"ev":""}
JS: {"t":0.1,"mode":"ground","p":[0,20.92,7.95],"v":[0,-0.6,-1.5],"sup":true,"spd":1.5,"cr":false,"ev":""}
JS: {"t":0.12,"mode":"ground","p":[0,20.92,7.92],"v":[0,-0.6,-1.8],"sup":true,"spd":1.8,"cr":false,"ev":""}
JS: {"t":0.13,"mode":"ground","p":[0,20.92,7.89],"v":[0,-0.6,-2.1],"sup":true,"spd":2.1,"cr":false,"ev":""}
JS: {"t":0.15,"mode":"ground","p":[0,20.92,7.86],"v":[0,-0.6,-2.4],"sup":true,"spd":2.4,"cr":false,"ev":""}
JS: {"t":0.17,"mode":"ground","p":[0,20.92,7.82],"v":[0,-0.6,-2.7],"sup":true,"spd":2.7,"cr":false,"ev":""}
JS: {"t":0.18,"mode":"ground","p":[0,20.92,7.77],"v":[0,-0.6,-3],"sup":true,"spd":3,"cr":false,"ev":""}
JS: {"t":0.2,"mode":"ground","p":[0,20.92,7.72],"v":[0,-0.6,-3.3],"sup":true,"spd":3.3,"cr":false,"ev":""}
JS: {"t":0.22,"mode":"ground","p":[0,20.92,7.67],"v":[0,-0.6,-3.6],"sup":true,"spd":3.6,"cr":false,"ev":""}
JS: {"t":0.23,"mode":"ground","p":[0,20.92,7.61],"v":[0,-0.6,-3.9],"sup":true,"spd":3.9,"cr":false,"ev":""}
JS: {"t":0.25,"mode":"ground","p":[0,20.92,7.54],"v":[0,-0.6,-4.2],"sup":true,"spd":4.2,"cr":false,"ev":""}
JS: {"t":0.27,"mode":"ground","p":[0,20.92,7.47],"v":[0,-0.6,-4.3],"sup":true,"spd":4.3,"cr":false,"ev":""}
JS: {"t":0.28,"mode":"ground","p":[0,20.92,7.4],"v":[0,-0.6,-4.4],"sup":true,"spd":4.4,"cr":false,"ev":""}
JS: {"t":0.3,"mode":"ground","p":[0,20.92,7.33],"v":[0,-0.6,-4.5],"sup":true,"spd":4.5,"cr":false,"ev":""}
JS: {"t":0.32,"mode":"ground","p":[0,20.92,7.25],"v":[0,-0.6,-4.6],"sup":true,"spd":4.6,"cr":false,"ev":""}
JS: {"t":0.33,"mode":"ground","p":[0,20.92,7.18],"v":[0,-0.6,-4.7],"sup":true,"spd":4.7,"cr":false,"ev":""}
JS: {"t":0.35,"mode":"ground","p":[0,20.92,7.1],"v":[0,-0.6,-4.8],"sup":true,"spd":4.8,"cr":false,"ev":""}
JS: {"t":0.37,"mode":"ground","p":[0,20.92,7.02],"v":[0,-0.6,-4.9],"sup":true,"spd":4.9,"cr":false,"ev":""}
JS: {"t":0.38,"mode":"ground","p":[0,20.92,6.94],"v":[0,-0.6,-5],"sup":true,"spd":5,"cr":false,"ev":""}
JS: {"t":0.4,"mode":"ground","p":[0,20.92,6.85],"v":[0,-0.6,-5.1],"sup":true,"spd":5.1,"cr":false,"ev":""}
JS: {"t":0.42,"mode":"ground","p":[0,20.92,6.77],"v":[0,-0.6,-5.2],"sup":true,"spd":5.2,"cr":false,"ev":""}
JS: {"t":0.43,"mode":"ground","p":[0,20.92,6.68],"v":[0,-0.6,-5.3],"sup":true,"spd":5.3,"cr":false,"ev":""}
JS: {"t":0.45,"mode":"ground","p":[0,20.92,6.59],"v":[0,-0.6,-5.4],"sup":true,"spd":5.4,"cr":false,"ev":""}
JS: {"t":0.47,"mode":"ground","p":[0,20.92,6.5],"v":[0,-0.6,-5.5],"sup":true,"spd":5.5,"cr":false,"ev":""}
JS: {"t":0.48,"mode":"ground","p":[0,20.92,6.41],"v":[0,-0.6,-5.6],"sup":true,"spd":5.6,"cr":false,"ev":""}
JS: {"t":0.5,"mode":"ground","p":[0,20.92,6.32],"v":[0,-0.6,-5.7],"sup":true,"spd":5.7,"cr":false,"ev":""}
JS: {"t":0.52,"mode":"ground","p":[0,20.92,6.22],"v":[0,-0.6,-5.8],"sup":true,"spd":5.8,"cr":false,"ev":""}
JS: {"t":0.53,"mode":"ground","p":[0,20.92,6.13],"v":[0,-0.6,-5.9],"sup":true,"spd":5.9,"cr":false,"ev":""}
JS: {"t":0.55,"mode":"ground","p":[0,20.92,6.03],"v":[0,-0.6,-6],"sup":true,"spd":6,"cr":false,"ev":""}
JS: {"t":0.57,"mode":"ground","p":[0,20.92,5.93],"v":[0,-0.6,-6.1],"sup":true,"spd":6.1,"cr":false,"ev":""}
JS: {"t":0.58,"mode":"ground","p":[0,20.92,5.83],"v":[0,-0.6,-6.2],"sup":true,"spd":6.2,"cr":false,"ev":""}
JS: {"t":0.6,"mode":"ground","p":[0,20.92,5.72],"v":[0,-0.6,-6.3],"sup":true,"spd":6.3,"cr":false,"ev":""}
JS: {"t":0.62,"mode":"ground","p":[0,20.92,5.62],"v":[0,-0.6,-6.4],"sup":true,"spd":6.4,"cr":false,"ev":""}
JS: {"t":0.63,"mode":"ground","p":[0,20.92,5.51],"v":[0,-0.6,-6.5],"sup":true,"spd":6.5,"cr":false,"ev":""}
JS: {"t":0.65,"mode":"ground","p":[0,20.92,5.4],"v":[0,-0.6,-6.55],"sup":true,"spd":6.55,"cr":false,"ev":""}
JS: {"t":0.67,"mode":"ground","p":[0,20.92,5.3],"v":[0,-0.6,-6.6],"sup":true,"spd":6.6,"cr":false,"ev":""}
JS: {"t":0.68,"mode":"ground","p":[0,20.92,5.19],"v":[0,-0.6,-6.65],"sup":true,"spd":6.65,"cr":false,"ev":""}
JS: {"t":0.7,"mode":"ground","p":[0,20.92,5.07],"v":[0,-0.6,-6.7],"sup":true,"spd":6.7,"cr":false,"ev":""}
JS: {"t":0.72,"mode":"ground","p":[0,20.92,4.96],"v":[0,-0.6,-6.75],"sup":true,"spd":6.75,"cr":false,"ev":""}
JS: {"t":0.73,"mode":"ground","p":[0,20.92,4.85],"v":[0,-0.6,-6.8],"sup":true,"spd":6.8,"cr":false,"ev":""}
JS: {"t":0.75,"mode":"ground","p":[0,20.92,4.74],"v":[0,-0.6,-6.85],"sup":true,"spd":6.85,"cr":false,"ev":""}
JS: {"t":0.77,"mode":"ground","p":[0,20.92,4.62],"v":[0,-0.6,-6.9],"sup":true,"spd":6.9,"cr":false,"ev":""}
JS: {"t":0.78,"mode":"ground","p":[0,20.92,4.51],"v":[0,-0.6,-6.95],"sup":true,"spd":6.95,"cr":false,"ev":""}
JS: {"t":0.8,"mode":"ground","p":[0,20.92,4.39],"v":[0,-0.6,-7],"sup":true,"spd":7,"cr":false,"ev":""}
JS: {"t":0.82,"mode":"ground","p":[0,20.92,4.28],"v":[0,-0.6,-7.05],"sup":true,"spd":7.05,"cr":false,"ev":""}
JS: {"t":0.83,"mode":"ground","p":[0,20.92,4.16],"v":[0,-0.6,-7.1],"sup":true,"spd":7.1,"cr":false,"ev":""}
JS: {"t":0.85,"mode":"ground","p":[0,20.92,4.04],"v":[0,-0.6,-7.15],"sup":true,"spd":7.15,"cr":false,"ev":""}
JS: {"t":0.87,"mode":"ground","p":[0,20.92,3.92],"v":[0,-0.6,-7.2],"sup":true,"spd":7.2,"cr":false,"ev":""}
JS: {"t":0.88,"mode":"ground","p":[0,20.92,3.8],"v":[0,-0.6,-7.25],"sup":true,"spd":7.25,"cr":false,"ev":""}
JS: {"t":0.9,"mode":"ground","p":[0,20.92,3.68],"v":[0,-0.6,-7.3],"sup":true,"spd":7.3,"cr":false,"ev":""}
JS: {"t":0.92,"mode":"ground","p":[0,20.92,3.56],"v":[0,-0.6,-7.35],"sup":true,"spd":7.35,"cr":false,"ev":""}
JS: {"t":0.93,"mode":"ground","p":[0,20.92,3.44],"v":[0,-0.6,-7.4],"sup":true,"spd":7.4,"cr":false,"ev":""}
JS: {"t":0.95,"mode":"ground","p":[0,20.92,3.31],"v":[0,-0.6,-7.45],"sup":true,"spd":7.45,"cr":false,"ev":""}
JS: {"t":0.97,"mode":"ground","p":[0,20.92,3.19],"v":[0,-0.6,-7.5],"sup":true,"spd":7.5,"cr":false,"ev":""}
JS: {"t":0.98,"mode":"ground","p":[0,20.92,3.06],"v":[0,-0.6,-7.55],"sup":true,"spd":7.55,"cr":false,"ev":""}
JS: {"t":1,"mode":"ground","p":[0,20.92,2.94],"v":[0,-0.6,-7.6],"sup":true,"spd":7.6,"cr":false,"ev":""}
JS: {"t":1.02,"mode":"ground","p":[0,20.92,2.81],"v":[0,-0.6,-7.65],"sup":true,"spd":7.65,"cr":false,"ev":""}
JS: {"t":1.03,"mode":"ground","p":[0,20.92,2.68],"v":[0,-0.6,-7.7],"sup":true,"spd":7.7,"cr":false,"ev":""}
JS: {"t":1.05,"mode":"ground","p":[0,20.92,2.55],"v":[0,-0.6,-7.75],"sup":true,"spd":7.75,"cr":false,"ev":""}
JS: {"t":1.07,"mode":"ground","p":[0,20.92,2.43],"v":[0,-0.6,-7.8],"sup":true,"spd":7.8,"cr":false,"ev":""}
JS: {"t":1.08,"mode":"ground","p":[0,20.92,2.3],"v":[0,-0.6,-7.85],"sup":true,"spd":7.85,"cr":false,"ev":""}
JS: {"t":1.1,"mode":"ground","p":[0,20.92,2.16],"v":[0,-0.6,-7.9],"sup":true,"spd":7.9,"cr":false,"ev":""}
JS: {"t":1.12,"mode":"ground","p":[0,20.92,2.03],"v":[0,-0.6,-7.95],"sup":true,"spd":7.95,"cr":false,"ev":""}
JS: {"t":1.13,"mode":"ground","p":[0,20.92,1.9],"v":[0,-0.6,-8],"sup":true,"spd":8,"cr":false,"ev":""}
JS: {"t":1.15,"mode":"ground","p":[0,20.92,1.77],"v":[0,-0.6,-8.05],"sup":true,"spd":8.05,"cr":false,"ev":""}
JS: {"t":1.17,"mode":"ground","p":[0,20.92,1.63],"v":[0,-0.6,-8.1],"sup":true,"spd":8.1,"cr":false,"ev":""}
JS: {"t":1.18,"mode":"ground","p":[0,20.92,1.5],"v":[0,-0.6,-8.15],"sup":true,"spd":8.15,"cr":false,"ev":""}
JS: {"t":1.2,"mode":"ground","p":[0,20.92,1.36],"v":[0,-0.6,-8.2],"sup":true,"spd":8.2,"cr":false,"ev":""}
JS: {"t":1.22,"mode":"ground","p":[0,20.92,1.23],"v":[0,-0.6,-8.25],"sup":true,"spd":8.25,"cr":false,"ev":""}
JS: {"t":1.23,"mode":"ground","p":[0,20.92,1.09],"v":[0,-0.6,-8.3],"sup":true,"spd":8.3,"cr":false,"ev":""}
JS: {"t":1.25,"mode":"ground","p":[0,20.92,0.95],"v":[0,-0.6,-8.35],"sup":true,"spd":8.35,"cr":false,"ev":""}
JS: {"t":1.27,"mode":"ground","p":[0,20.92,0.81],"v":[0,-0.6,-8.4],"sup":true,"spd":8.4,"cr":false,"ev":""}
JS: {"t":1.28,"mode":"ground","p":[0,20.92,0.67],"v":[0,-0.6,-8.4],"sup":true,"spd":8.4,"cr":false,"ev":""}
JS: {"t":1.3,"mode":"ground","p":[0,20.92,0.53],"v":[0,-0.6,-8.4],"sup":true,"spd":8.4,"cr":false,"ev":""}
JS: {"t":1.32,"mode":"ground","p":[0,20.92,0.39],"v":[0,-0.6,-8.4],"sup":true,"spd":8.4,"cr":false,"ev":""}
JS: {"t":1.33,"mode":"ground","p":[0,20.92,0.25],"v":[0,-0.6,-8.4],"sup":true,"spd":8.4,"cr":false,"ev":""}
JS: {"t":1.35,"mode":"ground","p":[0,20.92,0.11],"v":[0,-0.6,-8.4],"sup":true,"spd":8.4,"cr":false,"ev":""}
JS: {"t":1.37,"mode":"ground","p":[0,20.92,-0.03],"v":[0,-0.6,-8.4],"sup":true,"spd":8.4,"cr":false,"ev":""}
JS: {"t":1.38,"mode":"ground","p":[0,20.92,-0.17],"v":[0,-0.6,-8.4],"sup":true,"spd":8.4,"cr":false,"ev":""}
JS: {"t":1.4,"mode":"ground","p":[0,20.92,-0.31],"v":[0,-0.6,-8.4],"sup":true,"spd":8.4,"cr":false,"ev":""}
JS: {"t":1.42,"mode":"ground","p":[0,20.92,-0.45],"v":[0,-0.6,-8.4],"sup":true,"spd":8.4,"cr":false,"ev":""}
JS: {"t":1.43,"mode":"ground","p":[0,20.92,-0.59],"v":[0,-0.6,-8.4],"sup":true,"spd":8.4,"cr":false,"ev":""}
JS: {"t":1.45,"mode":"ground","p":[0,20.92,-0.73],"v":[0,-0.6,-8.4],"sup":true,"spd":8.4,"cr":false,"ev":""}
JS: {"t":1.47,"mode":"ground","p":[0,20.92,-0.87],"v":[0,-0.6,-8.4],"sup":true,"spd":8.4,"cr":false,"ev":""}
JS: {"t":1.48,"mode":"ground","p":[0,20.92,-1.01],"v":[0,-0.6,-8.4],"sup":true,"spd":8.4,"cr":false,"ev":""}
JS: {"t":1.5,"mode":"ground","p":[0,20.92,-1.15],"v":[0,-0.6,-8.4],"sup":true,"spd":8.4,"cr":false,"ev":""}
JS: {"t":1.52,"mode":"ground","p":[0,20.92,-1.29],"v":[0,-0.6,-8.4],"sup":true,"spd":8.4,"cr":false,"ev":""}
JS: {"t":1.53,"mode":"ground","p":[0,20.92,-1.43],"v":[0,-0.6,-8.4],"sup":true,"spd":8.4,"cr":false,"ev":""}
JS: {"t":1.55,"mode":"ground","p":[0,20.92,-1.57],"v":[0,-0.6,-8.4],"sup":true,"spd":8.4,"cr":false,"ev":""}
JS: {"t":1.57,"mode":"ground","p":[0,20.92,-1.71],"v":[0,-0.6,-8.4],"sup":true,"spd":8.4,"cr":false,"ev":""}
JS: {"t":1.58,"mode":"ground","p":[0,20.92,-1.85],"v":[0,-0.6,-8.4],"sup":true,"spd":8.4,"cr":false,"ev":""}
JS: {"t":1.6,"mode":"ground","p":[0,20.92,-1.99],"v":[0,-0.6,-8.4],"sup":true,"spd":8.4,"cr":false,"ev":""}
JS: {"t":1.62,"mode":"ground","p":[0,20.92,-2.13],"v":[0,-0.6,-8.4],"sup":true,"spd":8.4,"cr":false,"ev":""}
JS: {"t":1.63,"mode":"ground","p":[0,20.92,-2.27],"v":[0,-0.6,-8.4],"sup":true,"spd":8.4,"cr":false,"ev":""}
JS: {"t":1.65,"mode":"ground","p":[0,20.92,-2.41],"v":[0,-0.6,-8.4],"sup":true,"spd":8.4,"cr":false,"ev":""}
JS: {"t":1.67,"mode":"ground","p":[0,20.92,-2.55],"v":[0,-0.6,-8.4],"sup":true,"spd":8.4,"cr":false,"ev":""}
JS: {"t":1.68,"mode":"ground","p":[0,20.92,-2.69],"v":[0,-0.6,-8.4],"sup":true,"spd":8.4,"cr":false,"ev":""}
JS: {"t":1.7,"mode":"ground","p":[0,20.92,-2.83],"v":[0,-0.6,-8.4],"sup":true,"spd":8.4,"cr":false,"ev":""}
JS: {"t":1.72,"mode":"ground","p":[0,20.92,-2.97],"v":[0,-0.6,-8.4],"sup":true,"spd":8.4,"cr":false,"ev":""}
JS: {"t":1.73,"mode":"ground","p":[0,20.92,-3.11],"v":[0,-0.6,-8.4],"sup":true,"spd":8.4,"cr":false,"ev":""}
JS: {"t":1.75,"mode":"ground","p":[0,20.92,-3.25],"v":[0,-0.6,-8.4],"sup":true,"spd":8.4,"cr":false,"ev":""}
JS: {"t":1.77,"mode":"ground","p":[0,20.92,-3.39],"v":[0,-0.6,-8.4],"sup":true,"spd":8.4,"cr":false,"ev":""}
JS: {"t":1.78,"mode":"ground","p":[0,20.92,-3.53],"v":[0,-0.6,-8.4],"sup":true,"spd":8.4,"cr":false,"ev":""}
JS: AUTO step 1 {"d":0.15,"my":1,"jump":1}
JS: {"t":1.8,"mode":"traverse","p":[0,20.92,-3.67],"v":[0,5.2,0],"sup":true,"spd":8.4,"cr":false,"ev":"vault"}
JS: {"t":1.82,"mode":"traverse","p":[0,21.01,-3.67],"v":[0,5.2,-0.4],"sup":false,"spd":8.4,"cr":false,"ev":""}
JS: {"t":1.83,"mode":"traverse","p":[0,21.09,-3.68],"v":[0,5.2,-0.4],"sup":false,"spd":8.4,"cr":false,"ev":""}
JS: {"t":1.85,"mode":"traverse","p":[0,21.18,-3.68],"v":[0,5.2,-0.4],"sup":false,"spd":8.4,"cr":false,"ev":""}
JS: {"t":1.87,"mode":"traverse","p":[0,21.27,-3.69],"v":[0,5.2,-0.4],"sup":false,"spd":8.4,"cr":false,"ev":""}
JS: {"t":1.88,"mode":"traverse","p":[0,21.35,-3.7],"v":[0,5.2,-0.4],"sup":false,"spd":8.4,"cr":false,"ev":""}
JS: {"t":1.9,"mode":"traverse","p":[0,21.44,-3.7],"v":[0,5.2,-0.4],"sup":false,"spd":8.4,"cr":false,"ev":""}
JS: {"t":1.92,"mode":"traverse","p":[0,21.53,-3.71],"v":[0,5.2,-0.4],"sup":false,"spd":8.4,"cr":false,"ev":""}
JS: {"t":1.93,"mode":"traverse","p":[0,21.61,-3.72],"v":[0,5.2,-0.4],"sup":false,"spd":8.4,"cr":false,"ev":""}
JS: AUTO step 2 {"z":-12.6,"my":1,"d":12}
JS: {"t":1.95,"mode":"traverse","p":[0,21.7,-3.72],"v":[0,5.2,-0.4],"sup":false,"spd":8.4,"cr":false,"ev":""}
JS: {"t":1.97,"mode":"traverse","p":[0,21.79,-3.73],"v":[0,5.2,-0.4],"sup":false,"spd":8.4,"cr":false,"ev":""}
JS: {"t":1.98,"mode":"traverse","p":[0,21.87,-3.74],"v":[0,5.2,-0.4],"sup":false,"spd":8.4,"cr":false,"ev":""}
JS: {"t":2,"mode":"traverse","p":[0,21.96,-3.74],"v":[0,0,-8.4],"sup":false,"spd":8.4,"cr":false,"ev":""}
JS: {"t":2.02,"mode":"traverse","p":[0,21.96,-3.88],"v":[0,0,-8.4],"sup":false,"spd":8.4,"cr":false,"ev":""}
JS: {"t":2.03,"mode":"traverse","p":[0,21.96,-4.02],"v":[0,0,-8.4],"sup":false,"spd":8.4,"cr":false,"ev":""}
JS: {"t":2.05,"mode":"traverse","p":[0,21.96,-4.16],"v":[0,0,-8.4],"sup":false,"spd":8.4,"cr":false,"ev":""}
JS: {"t":2.07,"mode":"traverse","p":[0,21.96,-4.3],"v":[0,0,-8.4],"sup":false,"spd":8.4,"cr":false,"ev":""}
JS: {"t":2.08,"mode":"traverse","p":[0,21.96,-4.44],"v":[0,0,-8.4],"sup":false,"spd":8.4,"cr":false,"ev":""}
JS: {"t":2.1,"mode":"traverse","p":[0,21.96,-4.58],"v":[0,0,-8.4],"sup":false,"spd":8.4,"cr":false,"ev":""}
JS: {"t":2.12,"mode":"traverse","p":[0,21.96,-4.72],"v":[0,0,-8.4],"sup":false,"spd":8.4,"cr":false,"ev":""}
JS: {"t":2.13,"mode":"traverse","p":[0,21.96,-4.86],"v":[0,0,-8.4],"sup":true,"spd":8.4,"cr":false,"ev":""}
JS: {"t":2.15,"mode":"air","p":[0,21.94,-4.97],"v":[0,-0.5,-8.4],"sup":true,"spd":8.4,"cr":false,"ev":""}
JS: {"t":2.17,"mode":"ground","p":[0,21.93,-5.11],"v":[0,-0.6,-8.4],"sup":true,"spd":8.4,"cr":false,"ev":""}
JS: {"t":2.18,"mode":"ground","p":[0,21.92,-5.25],"v":[0,-0.6,-8.4],"sup":true,"spd":8.4,"cr":false,"ev":""}
JS: {"t":2.2,"mode":"ground","p":[0,21.92,-5.39],"v":[0,-0.6,-8.4],"sup":true,"spd":8.4,"cr":false,"ev":""}
JS: {"t":2.22,"mode":"ground","p":[0,21.92,-5.53],"v":[0,-0.6,-8.4],"sup":true,"spd":8.4,"cr":false,"ev":""}
JS: {"t":2.23,"mode":"ground","p":[0,21.92,-5.67],"v":[0,-0.6,-8.4],"sup":true,"spd":8.4,"cr":false,"ev":""}
JS: {"t":2.25,"mode":"ground","p":[0,21.92,-5.81],"v":[0,-0.6,-8.4],"sup":true,"spd":8.4,"cr":false,"ev":""}
JS: {"t":2.27,"mode":"ground","p":[0,21.92,-5.95],"v":[0,-0.6,-8.4],"sup":true,"spd":8.4,"cr":false,"ev":""}
JS: {"t":2.28,"mode":"ground","p":[0,21.92,-6.09],"v":[0,-0.6,-8.4],"sup":true,"spd":8.4,"cr":false,"ev":""}
JS: {"t":2.3,"mode":"ground","p":[0,21.92,-6.23],"v":[0,-0.6,-8.4],"sup":true,"spd":8.4,"cr":false,"ev":""}
JS: {"t":2.32,"mode":"ground","p":[0,21.91,-6.37],"v":[0,-0.6,-8.4],"sup":true,"spd":8.4,"cr":false,"ev":""}
JS: {"t":2.33,"mode":"air","p":[0,21.86,-6.51],"v":[0,-0.82,-8.4],"sup":false,"spd":8.4,"cr":false,"ev":""}
JS: {"t":2.35,"mode":"air","p":[0,21.84,-6.65],"v":[0,-1.04,-8.4],"sup":false,"spd":8.4,"cr":false,"ev":""}
JS: {"t":2.37,"mode":"air","p":[0,21.83,-6.79],"v":[0,-1.26,-8.4],"sup":false,"spd":8.4,"cr":false,"ev":""}
JS: {"t":2.38,"mode":"air","p":[0,21.8,-6.93],"v":[0,-1.48,-8.4],"sup":false,"spd":8.4,"cr":false,"ev":""}
JS: {"t":2.4,"mode":"air","p":[0,21.78,-7.07],"v":[0,-1.7,-8.4],"sup":false,"spd":8.4,"cr":false,"ev":""}
JS: {"t":2.42,"mode":"air","p":[0,21.75,-7.21],"v":[0,-1.92,-8.4],"sup":false,"spd":8.4,"cr":false,"ev":""}
JS: {"t":2.43,"mode":"air","p":[0,21.72,-7.35],"v":[0,-2.15,-8.4],"sup":false,"spd":8.4,"cr":false,"ev":""}
JS: {"t":2.45,"mode":"air","p":[0,21.68,-7.49],"v":[0,-2.37,-8.4],"sup":false,"spd":8.4,"cr":false,"ev":""}
JS: {"t":2.47,"mode":"air","p":[0,21.64,-7.63],"v":[0,-2.59,-8.4],"sup":false,"spd":8.4,"cr":false,"ev":""}
JS: {"t":2.48,"mode":"air","p":[0,21.6,-7.77],"v":[0,-2.81,-8.4],"sup":false,"spd":8.4,"cr":false,"ev":""}
JS: {"t":2.5,"mode":"air","p":[0,21.55,-7.91],"v":[0,-3.03,-8.4],"sup":false,"spd":8.4,"cr":false,"ev":""}
JS: {"t":2.52,"mode":"air","p":[0,21.5,-8.05],"v":[0,-3.25,-8.4],"sup":false,"spd":8.4,"cr":false,"ev":""}
JS: {"t":2.53,"mode":"air","p":[0,21.45,-8.19],"v":[0,-3.47,-8.4],"sup":false,"spd":8.4,"cr":false,"ev":""}
JS: {"t":2.55,"mode":"air","p":[0,21.39,-8.33],"v":[0,-3.69,-8.4],"sup":false,"spd":8.4,"cr":false,"ev":""}
JS: {"t":2.57,"mode":"air","p":[0,21.33,-8.47],"v":[0,-3.91,-8.4],"sup":false,"spd":8.4,"cr":false,"ev":""}
JS: {"t":2.58,"mode":"air","p":[0,21.26,-8.61],"v":[0,-4.13,-8.4],"sup":false,"spd":8.4,"cr":false,"ev":""}
JS: {"t":2.6,"mode":"air","p":[0,21.2,-8.75],"v":[0,-4.35,-8.4],"sup":false,"spd":8.4,"cr":false,"ev":""}
JS: {"t":2.62,"mode":"air","p":[0,21.12,-8.89],"v":[0,-4.57,-8.4],"sup":false,"spd":8.4,"cr":false,"ev":""}
JS: {"t":2.63,"mode":"ground","p":[0,21.05,-9.03],"v":[0,-0.6,-8.4],"sup":true,"spd":8.4,"cr":false,"ev":""}
JS: {"t":2.65,"mode":"ground","p":[0,20.92,-9.17],"v":[0,-0.6,-8.4],"sup":true,"spd":8.4,"cr":false,"ev":""}
JS: {"t":2.67,"mode":"ground","p":[0,20.92,-9.31],"v":[0,-0.6,-8.4],"sup":true,"spd":8.4,"cr":false,"ev":""}
JS: {"t":2.68,"mode":"ground","p":[0,20.92,-9.45],"v":[0,-0.6,-8.4],"sup":true,"spd":8.4,"cr":false,"ev":""}
JS: {"t":2.7,"mode":"ground","p":[0,20.92,-9.59],"v":[0,-0.6,-8.4],"sup":true,"spd":8.4,"cr":false,"ev":""}
JS: {"t":2.72,"mode":"ground","p":[0,20.92,-9.73],"v":[0,-0.6,-8.4],"sup":true,"spd":8.4,"cr":false,"ev":""}
JS: {"t":2.73,"mode":"ground","p":[0,20.92,-9.87],"v":[0,-0.6,-8.4],"sup":true,"spd":8.4,"cr":false,"ev":""}
JS: {"t":2.75,"mode":"ground","p":[0,20.92,-10.01],"v":[0,-0.6,-8.4],"sup":true,"spd":8.4,"cr":false,"ev":""}
JS: {"t":2.77,"mode":"ground","p":[0,20.92,-10.15],"v":[0,-0.6,-8.4],"sup":true,"spd":8.4,"cr":false,"ev":""}
JS: {"t":2.78,"mode":"ground","p":[0,20.92,-10.29],"v":[0,-0.6,-8.4],"sup":true,"spd":8.4,"cr":false,"ev":""}
JS: {"t":2.8,"mode":"ground","p":[0,20.92,-10.43],"v":[0,-0.6,-8.4],"sup":true,"spd":8.4,"cr":false,"ev":""}
JS: {"t":2.82,"mode":"ground","p":[0,20.92,-10.57],"v":[0,-0.6,-8.4],"sup":true,"spd":8.4,"cr":false,"ev":""}
JS: {"t":2.83,"mode":"ground","p":[0,20.92,-10.71],"v":[0,-0.6,-8.4],"sup":true,"spd":8.4,"cr":false,"ev":""}
JS: {"t":2.85,"mode":"ground","p":[0,20.92,-10.85],"v":[0,-0.6,-8.4],"sup":true,"spd":8.4,"cr":false,"ev":""}
JS: {"t":2.87,"mode":"ground","p":[0,20.92,-10.99],"v":[0,-0.6,-8.4],"sup":true,"spd":8.4,"cr":false,"ev":""}
JS: {"t":2.88,"mode":"ground","p":[0,20.92,-11.13],"v":[0,-0.6,-8.4],"sup":true,"spd":8.4,"cr":false,"ev":""}
JS: {"t":2.9,"mode":"ground","p":[0,20.92,-11.27],"v":[0,-0.6,-8.4],"sup":true,"spd":8.4,"cr":false,"ev":""}
JS: {"t":2.92,"mode":"ground","p":[0,20.92,-11.41],"v":[0,-0.6,-8.4],"sup":true,"spd":8.4,"cr":false,"ev":""}
JS: {"t":2.93,"mode":"ground","p":[0,20.92,-11.55],"v":[0,-0.6,-8.4],"sup":true,"spd":8.4,"cr":false,"ev":""}
JS: {"t":2.95,"mode":"ground","p":[0,20.92,-11.69],"v":[0,-0.6,-8.4],"sup":true,"spd":8.4,"cr":false,"ev":""}
JS: {"t":2.97,"mode":"ground","p":[0,20.92,-11.83],"v":[0,-0.6,-8.4],"sup":true,"spd":8.4,"cr":false,"ev":""}
JS: {"t":2.98,"mode":"ground","p":[0,20.92,-11.97],"v":[0,-0.6,-8.4],"sup":true,"spd":8.4,"cr":false,"ev":""}
JS: {"t":3,"mode":"ground","p":[0,20.92,-12.11],"v":[0,-0.6,-8.4],"sup":true,"spd":8.4,"cr":false,"ev":""}
JS: {"t":3.02,"mode":"ground","p":[0,20.92,-12.25],"v":[0,-0.6,-8.4],"sup":true,"spd":8.4,"cr":false,"ev":""}
JS: {"t":3.03,"mode":"ground","p":[0,20.92,-12.39],"v":[0,-0.6,-8.4],"sup":true,"spd":8.4,"cr":false,"ev":""}
JS: {"t":3.05,"mode":"ground","p":[0,20.92,-12.53],"v":[0,-0.6,-8.4],"sup":true,"spd":8.4,"cr":false,"ev":""}
JS: AUTO step 3 {"d":0.15,"my":1,"jump":1}
JS: {"t":3.07,"mode":"traverse","p":[0,20.92,-12.67],"v":[0,5.7,0],"sup":true,"spd":8.4,"cr":false,"ev":"vault"}
JS: {"t":3.08,"mode":"traverse","p":[0,21.01,-12.67],"v":[0,5.7,-0.4],"sup":false,"spd":8.4,"cr":false,"ev":""}
JS: {"t":3.1,"mode":"traverse","p":[0,21.11,-12.68],"v":[0,5.7,-0.4],"sup":false,"spd":8.4,"cr":false,"ev":""}
JS: {"t":3.12,"mode":"traverse","p":[0,21.2,-12.68],"v":[0,5.7,-0.4],"sup":false,"spd":8.4,"cr":false,"ev":""}
JS: {"t":3.13,"mode":"traverse","p":[0,21.3,-12.69],"v":[0,5.7,-0.4],"sup":false,"spd":8.4,"cr":false,"ev":""}
JS: {"t":3.15,"mode":"traverse","p":[0,21.39,-12.7],"v":[0,5.7,-0.4],"sup":false,"spd":8.4,"cr":false,"ev":""}
JS: {"t":3.17,"mode":"traverse","p":[0,21.49,-12.7],"v":[0,5.7,-0.4],"sup":false,"spd":8.4,"cr":false,"ev":""}
JS: {"t":3.18,"mode":"traverse","p":[0,21.58,-12.71],"v":[0,5.7,-0.4],"sup":false,"spd":8.4,"cr":false,"ev":""}
JS: {"t":3.2,"mode":"traverse","p":[0,21.68,-12.72],"v":[0,5.7,-0.4],"sup":false,"spd":8.4,"cr":false,"ev":""}
JS: AUTO step 4 {"z":-19.4,"my":1,"d":12}
JS: {"t":3.22,"mode":"traverse","p":[0,21.77,-12.72],"v":[0,5.7,-0.4],"sup":false,"spd":8.4,"cr":false,"ev":""}
JS: {"t":3.23,"mode":"traverse","p":[0,21.87,-12.73],"v":[0,5.7,-0.4],"sup":false,"spd":8.4,"cr":false,"ev":""}
JS: {"t":3.25,"mode":"traverse","p":[0,21.96,-12.74],"v":[0,5.7,-0.4],"sup":false,"spd":8.4,"cr":false,"ev":""}
JS: {"t":3.27,"mode":"traverse","p":[0,22.06,-12.74],"v":[0,0,-8.4],"sup":false,"spd":8.4,"cr":false,"ev":""}
JS: {"t":3.28,"mode":"traverse","p":[0,22.06,-12.88],"v":[0,0,-8.4],"sup":false,"spd":8.4,"cr":false,"ev":""}
JS: {"t":3.3,"mode":"traverse","p":[0,22.06,-13.02],"v":[0,0,-8.4],"sup":false,"spd":8.4,"cr":false,"ev":""}
JS: {"t":3.32,"mode":"traverse","p":[0,22.06,-13.16],"v":[0,0,-8.4],"sup":false,"spd":8.4,"cr":false,"ev":""}
JS: {"t":3.33,"mode":"traverse","p":[0,22.06,-13.3],"v":[0,0,-8.4],"sup":false,"spd":8.4,"cr":false,"ev":""}
JS: {"t":3.35,"mode":"traverse","p":[0,22.06,-13.44],"v":[0,0,-8.4],"sup":false,"spd":8.4,"cr":false,"ev":""}
JS: {"t":3.37,"mode":"traverse","p":[0,22.06,-13.58],"v":[0,0,-8.4],"sup":false,"spd":8.4,"cr":false,"ev":""}
JS: {"t":3.38,"mode":"traverse","p":[0,22.06,-13.72],"v":[0,0,-8.4],"sup":false,"spd":8.4,"cr":false,"ev":""}
JS: {"t":3.4,"mode":"traverse","p":[0,22.06,-13.86],"v":[0,0,-8.4],"sup":true,"spd":8.4,"cr":false,"ev":""}
JS: {"t":3.42,"mode":"air","p":[0,22.04,-13.98],"v":[0,-0.5,-8.4],"sup":true,"spd":8.4,"cr":false,"ev":""}
JS: {"t":3.43,"mode":"ground","p":[0,22.03,-14.11],"v":[0,-0.6,-8.4],"sup":true,"spd":8.4,"cr":false,"ev":""}
JS: {"t":3.45,"mode":"ground","p":[0,22.02,-14.25],"v":[0,-0.6,-8.4],"sup":true,"spd":8.4,"cr":false,"ev":""}
JS: {"t":3.47,"mode":"ground","p":[0,22.02,-14.39],"v":[0,-0.6,-8.4],"sup":true,"spd":8.4,"cr":false,"ev":""}
JS: {"t":3.48,"mode":"ground","p":[0,22.02,-14.53],"v":[0,-0.6,-8.4],"sup":true,"spd":8.4,"cr":false,"ev":""}
JS: {"t":3.5,"mode":"air","p":[0,21.98,-14.67],"v":[0,-0.82,-8.4],"sup":false,"spd":8.4,"cr":false,"ev":""}
JS: {"t":3.52,"mode":"air","p":[0,21.96,-14.81],"v":[0,-1.04,-8.4],"sup":false,"spd":8.4,"cr":false,"ev":""}
JS: {"t":3.53,"mode":"air","p":[0,21.95,-14.95],"v":[0,-1.26,-8.4],"sup":false,"spd":8.4,"cr":false,"ev":""}
JS: {"t":3.55,"mode":"air","p":[0,21.93,-15.09],"v":[0,-1.48,-8.4],"sup":false,"spd":8.4,"cr":false,"ev":""}
JS: {"t":3.57,"mode":"air","p":[0,21.9,-15.23],"v":[0,-1.7,-8.4],"sup":false,"spd":8.4,"cr":false,"ev":""}
JS: {"t":3.58,"mode":"air","p":[0,21.87,-15.37],"v":[0,-1.92,-8.4],"sup":false,"spd":8.4,"cr":false,"ev":""}
JS: {"t":3.6,"mode":"air","p":[0,21.84,-15.51],"v":[0,-2.15,-8.4],"sup":false,"spd":8.4,"cr":false,"ev":""}
JS: {"t":3.62,"mode":"air","p":[0,21.81,-15.65],"v":[0,-2.37,-8.4],"sup":false,"spd":8.4,"cr":false,"ev":""}
JS: {"t":3.63,"mode":"air","p":[0,21.77,-15.79],"v":[0,-2.59,-8.4],"sup":false,"spd":8.4,"cr":false,"ev":""}
JS: {"t":3.65,"mode":"air","p":[0,21.72,-15.93],"v":[0,-2.81,-8.4],"sup":false,"spd":8.4,"cr":false,"ev":""}
JS: {"t":3.67,"mode":"air","p":[0,21.68,-16.07],"v":[0,-3.03,-8.4],"sup":false,"spd":8.4,"cr":false,"ev":""}
JS: {"t":3.68,"mode":"air","p":[0,21.63,-16.21],"v":[0,-3.25,-8.4],"sup":false,"spd":8.4,"cr":false,"ev":""}
JS: {"t":3.7,"mode":"air","p":[0,21.57,-16.35],"v":[0,-3.47,-8.4],"sup":false,"spd":8.4,"cr":false,"ev":""}
JS: {"t":3.72,"mode":"air","p":[0,21.51,-16.49],"v":[0,-3.69,-8.4],"sup":false,"spd":8.4,"cr":false,"ev":""}
JS: {"t":3.73,"mode":"air","p":[0,21.45,-16.63],"v":[0,-3.91,-8.4],"sup":false,"spd":8.4,"cr":false,"ev":""}
JS: {"t":3.75,"mode":"air","p":[0,21.39,-16.77],"v":[0,-4.13,-8.4],"sup":false,"spd":8.4,"cr":false,"ev":""}
JS: {"t":3.77,"mode":"air","p":[0,21.32,-16.91],"v":[0,-4.35,-8.4],"sup":false,"spd":8.4,"cr":false,"ev":""}
JS: {"t":3.78,"mode":"air","p":[0,21.25,-17.05],"v":[0,-4.57,-8.4],"sup":false,"spd":8.4,"cr":false,"ev":""}
JS: {"t":3.8,"mode":"air","p":[0,21.17,-17.19],"v":[0,-4.79,-8.4],"sup":false,"spd":8.4,"cr":false,"ev":""}
JS: {"t":3.82,"mode":"air","p":[0,21.09,-17.33],"v":[0,-5.01,-8.4],"sup":false,"spd":8.4,"cr":false,"ev":""}
JS: {"t":3.83,"mode":"ground","p":[0,21.01,-17.47],"v":[0,-0.6,-8.4],"sup":true,"spd":8.4,"cr":false,"ev":""}
JS: {"t":3.85,"mode":"ground","p":[0,20.92,-17.61],"v":[0,-0.6,-8.4],"sup":true,"spd":8.4,"cr":false,"ev":""}
JS: {"t":3.87,"mode":"ground","p":[0,20.92,-17.75],"v":[0,-0.6,-8.4],"sup":true,"spd":8.4,"cr":false,"ev":""}
JS: {"t":3.88,"mode":"ground","p":[0,20.92,-17.89],"v":[0,-0.6,-8.4],"sup":true,"spd":8.4,"cr":false,"ev":""}
JS: {"t":3.9,"mode":"ground","p":[0,20.92,-18.03],"v":[0,-0.6,-8.4],"sup":true,"spd":8.4,"cr":false,"ev":""}
JS: {"t":3.92,"mode":"ground","p":[0,20.92,-18.17],"v":[0,-0.6,-8.4],"sup":true,"spd":8.4,"cr":false,"ev":""}
JS: {"t":3.93,"mode":"ground","p":[0,20.92,-18.31],"v":[0,-0.6,-8.4],"sup":true,"spd":8.4,"cr":false,"ev":""}
JS: {"t":3.95,"mode":"ground","p":[0,20.92,-18.45],"v":[0,-0.6,-8.4],"sup":true,"spd":8.4,"cr":false,"ev":""}
JS: {"t":3.97,"mode":"ground","p":[0,20.92,-18.59],"v":[0,-0.6,-8.4],"sup":true,"spd":8.4,"cr":false,"ev":""}
JS: {"t":3.98,"mode":"ground","p":[0,20.92,-18.73],"v":[0,-0.6,-8.4],"sup":true,"spd":8.4,"cr":false,"ev":""}
JS: {"t":4,"mode":"ground","p":[0,20.92,-18.87],"v":[0,-0.6,-8.4],"sup":true,"spd":8.4,"cr":false,"ev":""}
JS: {"t":4.02,"mode":"ground","p":[0,20.92,-19.01],"v":[0,-0.6,-8.4],"sup":true,"spd":8.4,"cr":false,"ev":""}
JS: {"t":4.03,"mode":"ground","p":[0,20.92,-19.15],"v":[0,-0.6,-8.4],"sup":true,"spd":8.4,"cr":false,"ev":""}
JS: {"t":4.05,"mode":"ground","p":[0,20.92,-19.29],"v":[0,-0.6,-8.4],"sup":true,"spd":8.4,"cr":false,"ev":""}
JS: AUTO step 5 {"d":0.15,"my":1,"jump":1}
JS: {"t":4.07,"mode":"air","p":[0,20.92,-19.43],"v":[0,5.1,-8.4],"sup":true,"spd":8.65,"cr":false,"ev":"jump"}
JS: {"t":4.08,"mode":"air","p":[0,21,-19.57],"v":[0,4.94,-8.4],"sup":false,"spd":8.65,"cr":false,"ev":""}
JS: {"t":4.1,"mode":"air","p":[0,21.09,-19.71],"v":[0,4.77,-8.4],"sup":false,"spd":8.65,"cr":false,"ev":""}
JS: {"t":4.12,"mode":"air","p":[0,21.17,-19.85],"v":[0,4.61,-8.4],"sup":false,"spd":8.65,"cr":false,"ev":""}
JS: {"t":4.13,"mode":"air","p":[0,21.24,-19.99],"v":[0,4.45,-8.4],"sup":false,"spd":8.65,"cr":false,"ev":""}
JS: {"t":4.15,"mode":"air","p":[0,21.32,-20.13],"v":[0,4.28,-8.4],"sup":false,"spd":8.65,"cr":false,"ev":""}
JS: {"t":4.17,"mode":"air","p":[0,21.39,-20.27],"v":[0,4.12,-8.4],"sup":false,"spd":8.65,"cr":false,"ev":""}
JS: {"t":4.18,"mode":"air","p":[0,21.46,-20.41],"v":[0,3.96,-8.4],"sup":false,"spd":8.65,"cr":false,"ev":""}
JS: {"t":4.2,"mode":"air","p":[0,21.52,-20.55],"v":[0,3.79,-8.4],"sup":false,"spd":8.65,"cr":false,"ev":""}
JS: AUTO step 6 {"d":0.9,"my":1}
JS: {"t":4.22,"mode":"air","p":[0,21.59,-20.69],"v":[0,3.5,-8.4],"sup":false,"spd":8.65,"cr":false,"ev":""}
JS: {"t":4.23,"mode":"air","p":[0,21.65,-20.83],"v":[0,3.2,-8.4],"sup":false,"spd":8.65,"cr":false,"ev":""}
JS: {"t":4.25,"mode":"air","p":[0,21.7,-20.97],"v":[0,2.91,-8.4],"sup":false,"spd":8.65,"cr":false,"ev":""}
JS: {"t":4.27,"mode":"air","p":[0,21.75,-21.11],"v":[0,2.61,-8.4],"sup":false,"spd":8.65,"cr":false,"ev":""}
JS: {"t":4.28,"mode":"air","p":[0,21.79,-21.25],"v":[0,2.32,-8.4],"sup":false,"spd":8.65,"cr":false,"ev":""}
JS: {"t":4.3,"mode":"air","p":[0,21.83,-21.39],"v":[0,2.03,-8.4],"sup":false,"spd":8.65,"cr":false,"ev":""}
JS: {"t":4.32,"mode":"air","p":[0,21.86,-21.53],"v":[0,1.73,-8.4],"sup":false,"spd":8.65,"cr":false,"ev":""}
JS: {"t":4.33,"mode":"air","p":[0,21.89,-21.67],"v":[0,1.44,-8.4],"sup":false,"spd":8.65,"cr":false,"ev":""}
JS: {"t":4.35,"mode":"air","p":[0,21.92,-21.81],"v":[0,1.14,-8.4],"sup":false,"spd":8.65,"cr":false,"ev":""}
JS: {"t":4.37,"mode":"air","p":[0,21.93,-21.95],"v":[0,0.85,-8.4],"sup":false,"spd":8.65,"cr":false,"ev":""}
JS: {"t":4.38,"mode":"air","p":[0,21.95,-22.09],"v":[0,0.55,-8.4],"sup":false,"spd":8.65,"cr":false,"ev":""}
JS: {"t":4.4,"mode":"air","p":[0,21.96,-22.23],"v":[0,0.26,-8.4],"sup":false,"spd":8.65,"cr":false,"ev":""}
JS: {"t":4.42,"mode":"air","p":[0,21.96,-22.37],"v":[0,-0.03,-8.4],"sup":false,"spd":8.65,"cr":false,"ev":""}
JS: {"t":4.43,"mode":"air","p":[0,21.96,-22.51],"v":[0,-0.25,-8.4],"sup":false,"spd":8.65,"cr":false,"ev":""}
JS: {"t":4.45,"mode":"air","p":[0,21.96,-22.65],"v":[0,-0.48,-8.4],"sup":false,"spd":8.65,"cr":false,"ev":""}
JS: {"t":4.47,"mode":"air","p":[0,21.95,-22.79],"v":[0,-0.7,-8.4],"sup":false,"spd":8.65,"cr":false,"ev":""}
JS: {"t":4.48,"mode":"air","p":[0,21.94,-22.93],"v":[0,-0.92,-8.4],"sup":false,"spd":8.65,"cr":false,"ev":""}
JS: {"t":4.5,"mode":"air","p":[0,21.92,-23.07],"v":[0,-1.14,-8.4],"sup":false,"spd":8.65,"cr":false,"ev":""}
JS: {"t":4.52,"mode":"air","p":[0,21.9,-23.21],"v":[0,-1.36,-8.4],"sup":false,"spd":8.65,"cr":false,"ev":""}
JS: {"t":4.53,"mode":"air","p":[0,21.88,-23.35],"v":[0,-1.58,-8.4],"sup":false,"spd":8.65,"cr":false,"ev":""}
JS: {"t":4.55,"mode":"air","p":[0,21.86,-23.49],"v":[0,-1.8,-8.4],"sup":false,"spd":8.65,"cr":false,"ev":""}
JS: {"t":4.57,"mode":"air","p":[0,21.83,-23.63],"v":[0,-2.02,-8.4],"sup":false,"spd":8.65,"cr":false,"ev":""}
JS: {"t":4.58,"mode":"air","p":[0,21.79,-23.77],"v":[0,-2.24,-8.4],"sup":false,"spd":8.65,"cr":false,"ev":""}
JS: {"t":4.6,"mode":"air","p":[0,21.75,-23.91],"v":[0,-2.46,-8.4],"sup":false,"spd":8.65,"cr":false,"ev":""}
JS: {"t":4.62,"mode":"air","p":[0,21.71,-24.05],"v":[0,-2.68,-8.4],"sup":false,"spd":8.65,"cr":false,"ev":""}
JS: {"t":4.63,"mode":"air","p":[0,21.67,-24.19],"v":[0,-2.9,-8.4],"sup":false,"spd":8.65,"cr":false,"ev":""}
JS: checkpoint 1 4.32
JS: {"t":4.65,"mode":"air","p":[0,21.62,-24.33],"v":[0,-3.12,-8.4],"sup":false,"spd":8.65,"cr":false,"ev":""}
JS: {"t":4.67,"mode":"air","p":[0,21.57,-24.47],"v":[0,-3.34,-8.4],"sup":false,"spd":8.65,"cr":false,"ev":""}
JS: {"t":4.68,"mode":"air","p":[0,21.51,-24.61],"v":[0,-3.57,-8.4],"sup":false,"spd":8.65,"cr":false,"ev":""}
JS: {"t":4.7,"mode":"air","p":[0,21.45,-24.75],"v":[0,-3.79,-8.4],"sup":false,"spd":8.65,"cr":false,"ev":""}
JS: {"t":4.72,"mode":"air","p":[0,21.39,-24.89],"v":[0,-4.01,-8.4],"sup":false,"spd":8.65,"cr":false,"ev":""}
JS: {"t":4.73,"mode":"air","p":[0,21.32,-25.03],"v":[0,-4.23,-8.4],"sup":false,"spd":8.65,"cr":false,"ev":""}
JS: {"t":4.75,"mode":"air","p":[0,21.25,-25.17],"v":[0,-4.45,-8.4],"sup":false,"spd":8.65,"cr":false,"ev":""}
JS: {"t":4.77,"mode":"air","p":[0,21.18,-25.31],"v":[0,-4.67,-8.4],"sup":false,"spd":8.65,"cr":false,"ev":""}
JS: {"t":4.78,"mode":"air","p":[0,21.1,-25.45],"v":[0,-4.89,-8.4],"sup":false,"spd":8.65,"cr":false,"ev":""}
JS: {"t":4.8,"mode":"air","p":[0,21.02,-25.59],"v":[0,-5.11,-8.4],"sup":false,"spd":8.65,"cr":false,"ev":""}
JS: {"t":4.82,"mode":"air","p":[0,20.93,-25.73],"v":[0,-5.33,-8.4],"sup":false,"spd":8.65,"cr":false,"ev":""}
JS: {"t":4.83,"mode":"air","p":[0,20.84,-25.87],"v":[0,-5.55,-8.4],"sup":false,"spd":8.65,"cr":false,"ev":""}
JS: {"t":4.85,"mode":"air","p":[0,20.75,-26.01],"v":[0,-5.77,-8.4],"sup":false,"spd":8.65,"cr":false,"ev":""}
JS: {"t":4.87,"mode":"air","p":[0,20.66,-26.15],"v":[0,-5.99,-8.4],"sup":false,"spd":8.65,"cr":false,"ev":""}
JS: {"t":4.88,"mode":"air","p":[0,20.56,-26.29],"v":[0,-6.21,-8.4],"sup":false,"spd":8.65,"cr":false,"ev":""}
JS: {"t":4.9,"mode":"air","p":[0,20.45,-26.43],"v":[0,-6.43,-8.4],"sup":false,"spd":8.65,"cr":false,"ev":""}
JS: {"t":4.92,"mode":"air","p":[0,20.35,-26.57],"v":[0,-6.66,-8.4],"sup":false,"spd":8.65,"cr":false,"ev":""}
JS: {"t":4.93,"mode":"ground","p":[0,20.23,-26.71],"v":[0,-0.6,-8.4],"sup":true,"spd":8.4,"cr":false,"ev":""}
JS: {"t":4.95,"mode":"ground","p":[0,20.12,-26.85],"v":[0,-0.6,-8.4],"sup":true,"spd":8.4,"cr":false,"ev":""}
JS: {"t":4.97,"mode":"ground","p":[0,20.12,-26.99],"v":[0,-0.6,-8.4],"sup":true,"spd":8.4,"cr":false,"ev":""}
JS: {"t":4.98,"mode":"ground","p":[0,20.12,-27.13],"v":[0,-0.6,-8.4],"sup":true,"spd":8.4,"cr":false,"ev":""}
JS: {"t":5,"mode":"ground","p":[0,20.12,-27.27],"v":[0,-0.6,-8.4],"sup":true,"spd":8.4,"cr":false,"ev":""}
JS: {"t":5.02,"mode":"ground","p":[0,20.12,-27.41],"v":[0,-0.6,-8.4],"sup":true,"spd":8.4,"cr":false,"ev":""}
JS: {"t":5.03,"mode":"ground","p":[0,20.12,-27.55],"v":[0,-0.6,-8.4],"sup":true,"spd":8.4,"cr":false,"ev":""}
JS: {"t":5.05,"mode":"ground","p":[0,20.12,-27.69],"v":[0,-0.6,-8.4],"sup":true,"spd":8.4,"cr":false,"ev":""}
JS: {"t":5.07,"mode":"ground","p":[0,20.12,-27.83],"v":[0,-0.6,-8.4],"sup":true,"spd":8.4,"cr":false,"ev":""}
JS: {"t":5.08,"mode":"ground","p":[0,20.12,-27.97],"v":[0,-0.6,-8.4],"sup":true,"spd":8.4,"cr":false,"ev":""}
JS: {"t":5.1,"mode":"ground","p":[0,20.12,-28.11],"v":[0,-0.6,-8.4],"sup":true,"spd":8.4,"cr":false,"ev":""}
JS: AUTO step 7 {"z":-38,"d":5,"my":1,"mx":0.5}
JS: {"t":5.12,"mode":"ground","p":[0,20.12,-28.25],"v":[0.73,-0.6,-8.23],"sup":true,"spd":8.4,"cr":false,"ev":""}
JS: {"t":5.13,"mode":"ground","p":[0.01,20.12,-28.39],"v":[1.46,-0.6,-8.06],"sup":true,"spd":8.4,"cr":false,"ev":""}
JS: {"t":5.15,"mode":"ground","p":[0.04,20.12,-28.53],"v":[2.19,-0.6,-7.88],"sup":true,"spd":8.4,"cr":false,"ev":""}
JS: {"t":5.17,"mode":"ground","p":[0.07,20.12,-28.66],"v":[2.92,-0.6,-7.71],"sup":true,"spd":8.4,"cr":false,"ev":""}
JS: {"t":5.18,"mode":"ground","p":[0.12,20.12,-28.79],"v":[3.65,-0.6,-7.54],"sup":true,"spd":8.4,"cr":false,"ev":""}
JS: {"t":5.2,"mode":"ground","p":[0.18,20.12,-28.91],"v":[3.76,-0.6,-7.51],"sup":true,"spd":8.4,"cr":false,"ev":""}
JS: {"t":5.22,"mode":"ground","p":[0.25,20.12,-29.04],"v":[3.76,-0.6,-7.51],"sup":true,"spd":8.4,"cr":false,"ev":""}
JS: {"t":5.23,"mode":"ground","p":[0.31,20.12,-29.16],"v":[3.76,-0.6,-7.51],"sup":true,"spd":8.4,"cr":false,"ev":""}
JS: {"t":5.25,"mode":"ground","p":[0.37,20.12,-29.29],"v":[3.76,-0.6,-7.51],"sup":true,"spd":8.4,"cr":false,"ev":""}
JS: {"t":5.27,"mode":"ground","p":[0.43,20.12,-29.41],"v":[3.76,-0.6,-7.51],"sup":true,"spd":8.4,"cr":false,"ev":""}
JS: {"t":5.28,"mode":"ground","p":[0.5,20.12,-29.54],"v":[3.76,-0.6,-7.51],"sup":true,"spd":8.4,"cr":false,"ev":""}
JS: {"t":5.3,"mode":"ground","p":[0.56,20.12,-29.66],"v":[3.76,-0.6,-7.51],"sup":true,"spd":8.4,"cr":false,"ev":""}
JS: {"t":5.32,"mode":"ground","p":[0.62,20.12,-29.79],"v":[3.76,-0.6,-7.51],"sup":true,"spd":8.4,"cr":false,"ev":""}
JS: {"t":5.33,"mode":"ground","p":[0.68,20.12,-29.91],"v":[3.76,-0.6,-7.51],"sup":true,"spd":8.4,"cr":false,"ev":""}
JS: {"t":5.35,"mode":"ground","p":[0.75,20.12,-30.04],"v":[3.76,-0.6,-7.51],"sup":true,"spd":8.4,"cr":false,"ev":""}
JS: {"t":5.37,"mode":"ground","p":[0.81,20.12,-30.16],"v":[3.76,-0.6,-7.51],"sup":true,"spd":8.4,"cr":false,"ev":""}
JS: {"t":5.38,"mode":"ground","p":[0.87,20.12,-30.29],"v":[3.76,-0.6,-7.51],"sup":true,"spd":8.4,"cr":false,"ev":""}
JS: {"t":5.4,"mode":"ground","p":[0.93,20.12,-30.41],"v":[3.76,-0.6,-7.51],"sup":true,"spd":8.4,"cr":false,"ev":""}
JS: {"t":5.42,"mode":"ground","p":[1,20.12,-30.54],"v":[3.76,-0.6,-7.51],"sup":true,"spd":8.4,"cr":false,"ev":""}
JS: {"t":5.43,"mode":"ground","p":[1.06,20.12,-30.66],"v":[3.76,-0.6,-7.51],"sup":true,"spd":8.4,"cr":false,"ev":""}
JS: {"t":5.45,"mode":"ground","p":[1.12,20.12,-30.79],"v":[3.76,-0.6,-7.51],"sup":true,"spd":8.4,"cr":false,"ev":""}
JS: {"t":5.47,"mode":"ground","p":[1.18,20.12,-30.91],"v":[3.76,-0.6,-7.51],"sup":true,"spd":8.4,"cr":false,"ev":""}
JS: {"t":5.48,"mode":"ground","p":[1.25,20.12,-31.04],"v":[3.76,-0.6,-7.51],"sup":true,"spd":8.4,"cr":false,"ev":""}
JS: {"t":5.5,"mode":"ground","p":[1.31,20.12,-31.17],"v":[3.76,-0.6,-7.51],"sup":true,"spd":8.4,"cr":false,"ev":""}
JS: {"t":5.52,"mode":"ground","p":[1.37,20.12,-31.29],"v":[3.76,-0.6,-7.51],"sup":true,"spd":8.4,"cr":false,"ev":""}
JS: {"t":5.53,"mode":"ground","p":[1.43,20.12,-31.42],"v":[3.76,-0.6,-7.51],"sup":true,"spd":8.4,"cr":false,"ev":""}
JS: {"t":5.55,"mode":"ground","p":[1.5,20.12,-31.54],"v":[3.76,-0.6,-7.51],"sup":true,"spd":8.4,"cr":false,"ev":""}
JS: {"t":5.57,"mode":"ground","p":[1.56,20.12,-31.67],"v":[3.76,-0.6,-7.51],"sup":true,"spd":8.4,"cr":false,"ev":""}
JS: {"t":5.58,"mode":"ground","p":[1.62,20.12,-31.79],"v":[3.76,-0.6,-7.51],"sup":true,"spd":8.4,"cr":false,"ev":""}
JS: {"t":5.6,"mode":"ground","p":[1.69,20.12,-31.92],"v":[3.76,-0.6,-7.51],"sup":true,"spd":8.4,"cr":false,"ev":""}
JS: {"t":5.62,"mode":"ground","p":[1.75,20.12,-32.04],"v":[3.76,-0.6,-7.51],"sup":true,"spd":8.4,"cr":false,"ev":""}
JS: {"t":5.63,"mode":"ground","p":[1.81,20.12,-32.17],"v":[3.76,-0.6,-7.51],"sup":true,"spd":8.4,"cr":false,"ev":""}
JS: {"t":5.65,"mode":"ground","p":[1.87,20.12,-32.29],"v":[3.76,-0.6,-7.51],"sup":true,"spd":8.4,"cr":false,"ev":""}
JS: {"t":5.67,"mode":"ground","p":[1.94,20.12,-32.42],"v":[3.76,-0.6,-7.51],"sup":true,"spd":8.4,"cr":false,"ev":""}
JS: {"t":5.68,"mode":"ground","p":[2,20.12,-32.54],"v":[3.76,-0.6,-7.51],"sup":true,"spd":8.4,"cr":false,"ev":""}
JS: {"t":5.7,"mode":"ground","p":[2.06,20.12,-32.67],"v":[3.76,-0.6,-7.51],"sup":true,"spd":8.4,"cr":false,"ev":""}
JS: {"t":5.72,"mode":"ground","p":[2.12,20.12,-32.68],"v":[3.64,-0.6,-0.74],"sup":true,"spd":6.36,"cr":false,"ev":""}
JS: {"t":5.73,"mode":"ground","p":[2.18,20.12,-32.69],"v":[3.51,-0.6,-1.48],"sup":true,"spd":6.31,"cr":false,"ev":""}
JS: {"t":5.75,"mode":"ground","p":[2.24,20.12,-32.69],"v":[3.41,-0.6,-0.74],"sup":true,"spd":6.11,"cr":false,"ev":""}
JS: {"t":5.77,"mode":"ground","p":[2.3,20.12,-32.7],"v":[3.3,-0.6,-1.48],"sup":true,"spd":6.09,"cr":false,"ev":""}
JS: {"t":5.78,"mode":"ground","p":[2.35,20.12,-32.73],"v":[3.2,-0.6,-2.23],"sup":true,"spd":6.19,"cr":false,"ev":""}
JS: {"t":5.8,"mode":"ground","p":[2.41,20.12,-32.76],"v":[3.12,-0.6,-2.97],"sup":true,"spd":6.29,"cr":false,"ev":""}
JS: {"t":5.82,"mode":"ground","p":[2.46,20.12,-32.81],"v":[3.05,-0.6,-3.72],"sup":true,"spd":6.39,"cr":false,"ev":""}
JS: {"t":5.83,"mode":"ground","p":[2.51,20.12,-32.87],"v":[2.99,-0.6,-4.47],"sup":true,"spd":6.49,"cr":false,"ev":""}
JS: {"t":5.85,"mode":"ground","p":[2.56,20.12,-32.95],"v":[2.97,-0.6,-5.22],"sup":true,"spd":6.59,"cr":false,"ev":""}
JS: {"t":5.87,"mode":"ground","p":[2.61,20.12,-33.04],"v":[2.97,-0.6,-5.94],"sup":true,"spd":6.64,"cr":false,"ev":""}
JS: {"t":5.88,"mode":"ground","p":[2.66,20.12,-33.13],"v":[2.99,-0.6,-5.98],"sup":true,"spd":6.69,"cr":false,"ev":""}
JS: {"t":5.9,"mode":"ground","p":[2.71,20.12,-33.23],"v":[3.01,-0.6,-6.03],"sup":true,"spd":6.74,"cr":false,"ev":""}
JS: {"t":5.92,"mode":"ground","p":[2.76,20.12,-33.34],"v":[3.04,-0.6,-6.07],"sup":true,"spd":6.79,"cr":false,"ev":""}
JS: {"t":5.93,"mode":"ground","p":[2.81,20.12,-33.44],"v":[3.06,-0.6,-6.12],"sup":true,"spd":6.84,"cr":false,"ev":""}
JS: {"t":5.95,"mode":"ground","p":[2.86,20.12,-33.54],"v":[3.08,-0.6,-6.16],"sup":true,"spd":6.89,"cr":false,"ev":""}
JS: {"t":5.97,"mode":"ground","p":[2.91,20.12,-33.64],"v":[3.1,-0.6,-6.21],"sup":true,"spd":6.94,"cr":false,"ev":""}
JS: {"t":5.98,"mode":"ground","p":[2.96,20.12,-33.74],"v":[3.13,-0.6,-6.25],"sup":true,"spd":6.99,"cr":false,"ev":""}
JS: {"t":6,"mode":"ground","p":[3.02,20.12,-33.85],"v":[3.15,-0.6,-6.3],"sup":true,"spd":7.04,"cr":false,"ev":""}
JS: {"t":6.02,"mode":"ground","p":[3.07,20.12,-33.95],"v":[3.17,-0.6,-6.34],"sup":true,"spd":7.09,"cr":false,"ev":""}
JS: {"t":6.03,"mode":"ground","p":[3.12,20.12,-34.06],"v":[3.19,-0.6,-6.39],"sup":true,"spd":7.14,"cr":false,"ev":""}
JS: {"t":6.05,"mode":"ground","p":[3.17,20.12,-34.17],"v":[3.21,-0.6,-6.43],"sup":true,"spd":7.19,"cr":false,"ev":""}
JS: {"t":6.07,"mode":"ground","p":[3.23,20.12,-34.27],"v":[3.24,-0.6,-6.47],"sup":true,"spd":7.24,"cr":false,"ev":""}
JS: {"t":6.08,"mode":"ground","p":[3.28,20.12,-34.38],"v":[3.26,-0.6,-6.52],"sup":true,"spd":7.29,"cr":false,"ev":""}
JS: {"t":6.1,"mode":"ground","p":[3.34,20.12,-34.49],"v":[3.28,-0.6,-6.56],"sup":true,"spd":7.34,"cr":false,"ev":""}
JS: {"t":6.12,"mode":"ground","p":[3.39,20.12,-34.6],"v":[3.3,-0.6,-6.61],"sup":true,"spd":7.39,"cr":false,"ev":""}
JS: {"t":6.13,"mode":"ground","p":[3.45,20.12,-34.71],"v":[3.33,-0.6,-6.65],"sup":true,"spd":7.44,"cr":false,"ev":""}
JS: {"t":6.15,"mode":"ground","p":[3.5,20.12,-34.82],"v":[3.35,-0.6,-6.7],"sup":true,"spd":7.49,"cr":false,"ev":""}
JS: {"t":6.17,"mode":"ground","p":[3.56,20.12,-34.93],"v":[3.37,-0.6,-6.74],"sup":true,"spd":7.54,"cr":false,"ev":""}
JS: {"t":6.18,"mode":"ground","p":[3.61,20.12,-35.04],"v":[3.39,-0.6,-6.79],"sup":true,"spd":7.59,"cr":false,"ev":""}
JS: {"t":6.2,"mode":"ground","p":[3.67,20.12,-35.16],"v":[3.42,-0.6,-6.83],"sup":true,"spd":7.64,"cr":false,"ev":""}
JS: {"t":6.22,"mode":"ground","p":[3.73,20.12,-35.27],"v":[3.44,-0.6,-6.88],"sup":true,"spd":7.69,"cr":false,"ev":""}
JS: {"t":6.23,"mode":"ground","p":[3.78,20.12,-35.39],"v":[3.46,-0.6,-6.92],"sup":true,"spd":7.74,"cr":false,"ev":""}
JS: {"t":6.25,"mode":"ground","p":[3.84,20.12,-35.5],"v":[3.48,-0.6,-6.97],"sup":true,"spd":7.79,"cr":false,"ev":""}
JS: {"t":6.27,"mode":"ground","p":[3.9,20.12,-35.62],"v":[3.51,-0.6,-7.01],"sup":true,"spd":7.84,"cr":false,"ev":""}
JS: {"t":6.28,"mode":"ground","p":[3.96,20.12,-35.73],"v":[3.53,-0.6,-7.06],"sup":true,"spd":7.89,"cr":false,"ev":""}
JS: {"t":6.3,"mode":"ground","p":[4.02,20.12,-35.85],"v":[3.55,-0.6,-7.1],"sup":true,"spd":7.94,"cr":false,"ev":""}
JS: {"t":6.32,"mode":"ground","p":[4.08,20.12,-35.97],"v":[3.57,-0.6,-7.15],"sup":true,"spd":7.99,"cr":false,"ev":""}
JS: {"t":6.33,"mode":"ground","p":[4.14,20.12,-36.09],"v":[3.6,-0.6,-7.19],"sup":true,"spd":8.04,"cr":false,"ev":""}
JS: {"t":6.35,"mode":"ground","p":[4.2,20.12,-36.21],"v":[3.62,-0.6,-7.23],"sup":true,"spd":8.09,"cr":false,"ev":""}
JS: {"t":6.37,"mode":"ground","p":[4.26,20.12,-36.33],"v":[3.64,-0.6,-7.28],"sup":true,"spd":8.14,"cr":false,"ev":""}
JS: {"t":6.38,"mode":"ground","p":[4.32,20.12,-36.45],"v":[3.66,-0.6,-7.32],"sup":true,"spd":8.19,"cr":false,"ev":""}
JS: {"t":6.4,"mode":"ground","p":[4.38,20.12,-36.57],"v":[3.68,-0.6,-7.37],"sup":true,"spd":8.24,"cr":false,"ev":""}
JS: {"t":6.42,"mode":"ground","p":[4.44,20.12,-36.7],"v":[3.71,-0.6,-7.41],"sup":true,"spd":8.29,"cr":false,"ev":""}
JS: {"t":6.43,"mode":"ground","p":[4.5,20.12,-36.82],"v":[3.73,-0.6,-7.46],"sup":true,"spd":8.34,"cr":false,"ev":""}
JS: {"t":6.45,"mode":"ground","p":[4.56,20.12,-36.94],"v":[3.75,-0.6,-7.5],"sup":true,"spd":8.39,"cr":false,"ev":""}
JS: {"t":6.47,"mode":"ground","p":[4.63,20.12,-37.07],"v":[3.76,-0.6,-7.51],"sup":true,"spd":8.4,"cr":false,"ev":""}
JS: {"t":6.48,"mode":"ground","p":[4.69,20.12,-37.19],"v":[3.76,-0.6,-7.51],"sup":true,"spd":8.4,"cr":false,"ev":""}
JS: {"t":6.5,"mode":"ground","p":[4.75,20.12,-37.32],"v":[3.76,-0.6,-7.51],"sup":true,"spd":8.4,"cr":false,"ev":""}
JS: {"t":6.52,"mode":"ground","p":[4.81,20.12,-37.44],"v":[3.76,-0.6,-7.51],"sup":true,"spd":8.4,"cr":false,"ev":""}
JS: {"t":6.53,"mode":"ground","p":[4.88,20.12,-37.57],"v":[3.76,-0.6,-7.51],"sup":true,"spd":8.4,"cr":false,"ev":""}
JS: {"t":6.55,"mode":"ground","p":[4.94,20.12,-37.69],"v":[3.76,-0.6,-7.51],"sup":true,"spd":8.4,"cr":false,"ev":""}
JS: {"t":6.57,"mode":"ground","p":[5,20.12,-37.82],"v":[3.76,-0.6,-7.51],"sup":true,"spd":8.4,"cr":false,"ev":""}
JS: {"t":6.58,"mode":"ground","p":[5.06,20.12,-37.94],"v":[3.76,-0.6,-7.51],"sup":true,"spd":8.4,"cr":false,"ev":""}
JS: AUTO step 8 {"z":-47.5,"my":1,"d":12}
JS: {"t":6.6,"mode":"ground","p":[5.13,20.12,-38.07],"v":[3.03,-0.6,-7.69],"sup":true,"spd":8.4,"cr":false,"ev":""}
JS: {"t":6.62,"mode":"ground","p":[5.18,20.12,-38.2],"v":[2.3,-0.6,-7.86],"sup":true,"spd":8.4,"cr":false,"ev":""}
JS: {"t":6.63,"mode":"ground","p":[5.22,20.12,-38.33],"v":[1.57,-0.6,-8.03],"sup":true,"spd":8.4,"cr":false,"ev":""}
JS: {"t":6.65,"mode":"ground","p":[5.24,20.12,-38.46],"v":[0.84,-0.6,-8.2],"sup":true,"spd":8.4,"cr":false,"ev":""}
JS: {"t":6.67,"mode":"ground","p":[5.26,20.12,-38.6],"v":[0.11,-0.6,-8.37],"sup":true,"spd":8.4,"cr":false,"ev":""}
JS: {"t":6.68,"mode":"ground","p":[5.26,20.12,-38.74],"v":[0,-0.6,-8.4],"sup":true,"spd":8.4,"cr":false,"ev":""}
JS: {"t":6.7,"mode":"ground","p":[5.26,20.12,-38.88],"v":[0,-0.6,-8.4],"sup":true,"spd":8.4,"cr":false,"ev":""}
JS: {"t":6.72,"mode":"ground","p":[5.26,20.12,-39.02],"v":[0,-0.6,-8.4],"sup":true,"spd":8.4,"cr":false,"ev":""}
JS: {"t":6.73,"mode":"ground","p":[5.26,20.12,-39.16],"v":[0,-0.6,-8.4],"sup":true,"spd":8.4,"cr":false,"ev":""}
JS: {"t":6.75,"mode":"ground","p":[5.26,20.12,-39.3],"v":[0,-0.6,-8.4],"sup":true,"spd":8.4,"cr":false,"ev":""}
JS: {"t":6.77,"mode":"ground","p":[5.26,20.12,-39.44],"v":[0,-0.6,-8.4],"sup":true,"spd":8.4,"cr":false,"ev":""}
JS: {"t":6.78,"mode":"ground","p":[5.26,20.12,-39.58],"v":[0,-0.6,-8.4],"sup":true,"spd":8.4,"cr":false,"ev":""}
JS: {"t":6.8,"mode":"ground","p":[5.26,20.12,-39.72],"v":[0,-0.6,-8.4],"sup":true,"spd":8.4,"cr":false,"ev":""}
JS: {"t":6.82,"mode":"ground","p":[5.26,20.12,-39.86],"v":[0,-0.6,-8.4],"sup":true,"spd":8.4,"cr":false,"ev":""}
JS: {"t":6.83,"mode":"ground","p":[5.26,20.12,-40],"v":[0,-0.6,-8.4],"sup":true,"spd":8.4,"cr":false,"ev":""}
JS: {"t":6.85,"mode":"ground","p":[5.26,20.12,-40.14],"v":[0,-0.6,-8.4],"sup":true,"spd":8.4,"cr":false,"ev":""}
JS: {"t":6.87,"mode":"ground","p":[5.26,20.12,-40.28],"v":[0,-0.6,-8.4],"sup":true,"spd":8.4,"cr":false,"ev":""}
JS: {"t":6.88,"mode":"ground","p":[5.26,20.12,-40.42],"v":[0,-0.6,-8.4],"sup":true,"spd":8.4,"cr":false,"ev":""}
JS: {"t":6.9,"mode":"ground","p":[5.26,20.12,-40.56],"v":[0,-0.6,-8.4],"sup":true,"spd":8.4,"cr":false,"ev":""}
JS: {"t":6.92,"mode":"ground","p":[5.26,20.12,-40.7],"v":[0,-0.6,-8.4],"sup":true,"spd":8.4,"cr":false,"ev":""}
JS: {"t":6.93,"mode":"ground","p":[5.26,20.12,-40.84],"v":[0,-0.6,-8.4],"sup":true,"spd":8.4,"cr":false,"ev":""}
JS: {"t":6.95,"mode":"ground","p":[5.26,20.12,-40.98],"v":[0,-0.6,-8.4],"sup":true,"spd":8.4,"cr":false,"ev":""}
JS: {"t":6.97,"mode":"ground","p":[5.26,20.12,-41.12],"v":[0,-0.6,-8.4],"sup":true,"spd":8.4,"cr":false,"ev":""}
JS: {"t":6.98,"mode":"ground","p":[5.26,20.12,-41.26],"v":[0,-0.6,-8.4],"sup":true,"spd":8.4,"cr":false,"ev":""}
JS: {"t":7,"mode":"ground","p":[5.26,20.12,-41.4],"v":[0,-0.6,-8.4],"sup":true,"spd":8.4,"cr":false,"ev":""}
JS: {"t":7.02,"mode":"ground","p":[5.26,20.12,-41.54],"v":[0,-0.6,-8.4],"sup":true,"spd":8.4,"cr":false,"ev":""}
JS: {"t":7.03,"mode":"ground","p":[5.26,20.12,-41.68],"v":[0,-0.6,-8.4],"sup":true,"spd":8.4,"cr":false,"ev":""}
JS: {"t":7.05,"mode":"ground","p":[5.26,20.12,-41.82],"v":[0,-0.6,-8.4],"sup":true,"spd":8.4,"cr":false,"ev":""}
JS: {"t":7.07,"mode":"ground","p":[5.26,20.12,-41.96],"v":[0,-0.6,-8.4],"sup":true,"spd":8.4,"cr":false,"ev":""}
JS: {"t":7.08,"mode":"ground","p":[5.26,20.12,-42.1],"v":[0,-0.6,-8.4],"sup":true,"spd":8.4,"cr":false,"ev":""}
JS: {"t":7.1,"mode":"ground","p":[5.26,20.12,-42.24],"v":[0,-0.6,-8.4],"sup":true,"spd":8.4,"cr":false,"ev":""}
JS: {"t":7.12,"mode":"ground","p":[5.26,20.12,-42.38],"v":[0,-0.6,-8.4],"sup":true,"spd":8.4,"cr":false,"ev":""}
JS: {"t":7.13,"mode":"ground","p":[5.26,20.12,-42.52],"v":[0,-0.6,-8.4],"sup":true,"spd":8.4,"cr":false,"ev":""}
JS: {"t":7.15,"mode":"ground","p":[5.26,20.12,-42.66],"v":[0,-0.6,-8.4],"sup":true,"spd":8.4,"cr":false,"ev":""}
JS: {"t":7.17,"mode":"ground","p":[5.26,20.12,-42.8],"v":[0,-0.6,-8.4],"sup":true,"spd":8.4,"cr":false,"ev":""}
JS: {"t":7.18,"mode":"ground","p":[5.26,20.12,-42.94],"v":[0,-0.6,-8.4],"sup":true,"spd":8.4,"cr":false,"ev":""}
JS: {"t":7.2,"mode":"ground","p":[5.26,20.12,-43.08],"v":[0,-0.6,-8.4],"sup":true,"spd":8.4,"cr":false,"ev":""}
JS: {"t":7.22,"mode":"ground","p":[5.26,20.12,-43.22],"v":[0,-0.6,-8.4],"sup":true,"spd":8.4,"cr":false,"ev":""}
JS: {"t":7.23,"mode":"ground","p":[5.26,20.12,-43.36],"v":[0,-0.6,-8.4],"sup":true,"spd":8.4,"cr":false,"ev":""}
JS: {"t":7.25,"mode":"ground","p":[5.26,20.12,-43.5],"v":[0,-0.6,-8.4],"sup":true,"spd":8.4,"cr":false,"ev":""}
JS: {"t":7.27,"mode":"ground","p":[5.26,20.12,-43.64],"v":[0,-0.6,-8.4],"sup":true,"spd":8.4,"cr":false,"ev":""}
JS: {"t":7.28,"mode":"ground","p":[5.26,20.12,-43.78],"v":[0,-0.6,-8.4],"sup":true,"spd":8.4,"cr":false,"ev":""}
JS: {"t":7.3,"mode":"ground","p":[5.26,20.12,-43.92],"v":[0,-0.6,-8.4],"sup":true,"spd":8.4,"cr":false,"ev":""}
JS: {"t":7.32,"mode":"ground","p":[5.26,20.12,-44.06],"v":[0,-0.6,-8.4],"sup":true,"spd":8.4,"cr":false,"ev":""}
JS: {"t":7.33,"mode":"ground","p":[5.26,20.12,-44.2],"v":[0,-0.6,-8.4],"sup":true,"spd":8.4,"cr":false,"ev":""}
JS: {"t":7.35,"mode":"ground","p":[5.26,20.12,-44.34],"v":[0,-0.6,-8.4],"sup":true,"spd":8.4,"cr":false,"ev":""}
JS: {"t":7.37,"mode":"ground","p":[5.26,20.12,-44.48],"v":[0,-0.6,-8.4],"sup":true,"spd":8.4,"cr":false,"ev":""}
JS: {"t":7.38,"mode":"ground","p":[5.26,20.12,-44.62],"v":[0,-0.6,-8.4],"sup":true,"spd":8.4,"cr":false,"ev":""}
JS: {"t":7.4,"mode":"ground","p":[5.26,20.12,-44.76],"v":[0,-0.6,-8.4],"sup":true,"spd":8.4,"cr":false,"ev":""}
JS: {"t":7.42,"mode":"ground","p":[5.26,20.12,-44.9],"v":[0,-0.6,-8.4],"sup":true,"spd":8.4,"cr":false,"ev":""}
JS: {"t":7.43,"mode":"ground","p":[5.26,20.12,-45.04],"v":[0,-0.6,-8.4],"sup":true,"spd":8.4,"cr":false,"ev":""}
JS: {"t":7.45,"mode":"ground","p":[5.26,20.12,-45.18],"v":[0,-0.6,-8.4],"sup":true,"spd":8.4,"cr":false,"ev":""}
JS: {"t":7.47,"mode":"ground","p":[5.26,20.12,-45.32],"v":[0,-0.6,-8.4],"sup":true,"spd":8.4,"cr":false,"ev":""}
JS: {"t":7.48,"mode":"ground","p":[5.26,20.12,-45.46],"v":[0,-0.6,-8.4],"sup":true,"spd":8.4,"cr":false,"ev":""}
JS: {"t":7.5,"mode":"ground","p":[5.26,20.12,-45.6],"v":[0,-0.6,-8.4],"sup":true,"spd":8.4,"cr":false,"ev":""}
JS: {"t":7.52,"mode":"ground","p":[5.26,20.12,-45.74],"v":[0,-0.6,-8.4],"sup":true,"spd":8.4,"cr":false,"ev":""}
JS: {"t":7.53,"mode":"ground","p":[5.26,20.12,-45.88],"v":[0,-0.6,-8.4],"sup":true,"spd":8.4,"cr":false,"ev":""}
JS: {"t":7.55,"mode":"ground","p":[5.26,20.12,-46.02],"v":[0,-0.6,-8.4],"sup":true,"spd":8.4,"cr":false,"ev":""}
JS: {"t":7.57,"mode":"ground","p":[5.26,20.12,-46.16],"v":[0,-0.6,-8.4],"sup":true,"spd":8.4,"cr":false,"ev":""}
JS: {"t":7.58,"mode":"ground","p":[5.26,20.12,-46.3],"v":[0,-0.6,-8.4],"sup":true,"spd":8.4,"cr":false,"ev":""}
JS: {"t":7.6,"mode":"ground","p":[5.26,20.12,-46.44],"v":[0,-0.6,-8.4],"sup":true,"spd":8.4,"cr":false,"ev":""}
JS: {"t":7.62,"mode":"ground","p":[5.26,20.12,-46.58],"v":[0,-0.6,-8.4],"sup":true,"spd":8.4,"cr":false,"ev":""}
JS: {"t":7.63,"mode":"ground","p":[5.26,20.12,-46.72],"v":[0,-0.6,-8.4],"sup":true,"spd":8.4,"cr":false,"ev":""}
JS: {"t":7.65,"mode":"ground","p":[5.26,20.12,-46.86],"v":[0,-0.6,-8.4],"sup":true,"spd":8.4,"cr":false,"ev":""}
JS: {"t":7.67,"mode":"ground","p":[5.26,20.12,-47],"v":[0,-0.6,-8.4],"sup":true,"spd":8.4,"cr":false,"ev":""}
JS: {"t":7.68,"mode":"ground","p":[5.26,20.12,-47.14],"v":[0,-0.6,-8.4],"sup":true,"spd":8.4,"cr":false,"ev":""}
JS: {"t":7.7,"mode":"ground","p":[5.26,20.12,-47.28],"v":[0,-0.6,-8.4],"sup":true,"spd":8.4,"cr":false,"ev":""}
JS: {"t":7.72,"mode":"ground","p":[5.26,20.12,-47.42],"v":[0,-0.6,-8.4],"sup":true,"spd":8.4,"cr":false,"ev":""}
JS: AUTO step 9 {"d":0.12,"my":1,"mx":0.6,"jump":1}
JS: {"t":7.73,"mode":"air","p":[5.26,20.12,-47.56],"v":[0,5.1,-8.4],"sup":true,"spd":8.65,"cr":false,"ev":"jump"}
JS: {"t":7.75,"mode":"wallrun","p":[5.26,20.2,-47.7],"v":[0.8,3.2,-8.4],"sup":false,"spd":8.65,"cr":false,"ev":"wallrun"}
JS: {"t":7.77,"mode":"wallrun","p":[5.27,20.26,-47.84],"v":[0.8,3.13,-8.39],"sup":false,"spd":8.65,"cr":false,"ev":""}
JS: {"t":7.78,"mode":"wallrun","p":[5.28,20.31,-47.98],"v":[0.8,3.06,-8.38],"sup":false,"spd":8.65,"cr":false,"ev":""}
JS: {"t":7.8,"mode":"wallrun","p":[5.3,20.36,-48.12],"v":[0.8,2.99,-8.37],"sup":false,"spd":8.65,"cr":false,"ev":""}
JS: {"t":7.82,"mode":"wallrun","p":[5.31,20.41,-48.26],"v":[0.8,2.93,-8.36],"sup":false,"spd":8.65,"cr":false,"ev":""}
JS: {"t":7.83,"mode":"wallrun","p":[5.32,20.46,-48.4],"v":[0.8,2.86,-8.35],"sup":false,"spd":8.65,"cr":false,"ev":""}
JS: {"t":7.85,"mode":"wallrun","p":[5.34,20.51,-48.54],"v":[0.8,2.79,-8.34],"sup":false,"spd":8.65,"cr":false,"ev":""}
JS: AUTO step 10 {"z":-56,"d":2,"my":1,"mx":0.2}
JS: {"t":7.87,"mode":"wallrun","p":[5.35,20.55,-48.68],"v":[0.8,2.72,-8.33],"sup":false,"spd":8.65,"cr":false,"ev":""}
JS: {"t":7.88,"mode":"wallrun","p":[5.36,20.6,-48.81],"v":[0.8,2.65,-8.32],"sup":false,"spd":8.65,"cr":false,"ev":""}
JS: {"t":7.9,"mode":"wallrun","p":[5.38,20.64,-48.95],"v":[0.8,2.58,-8.31],"sup":false,"spd":8.65,"cr":false,"ev":""}
JS: {"t":7.92,"mode":"wallrun","p":[5.39,20.69,-49.09],"v":[0.8,2.51,-8.3],"sup":false,"spd":8.65,"cr":false,"ev":""}
JS: {"t":7.93,"mode":"wallrun","p":[5.4,20.73,-49.23],"v":[0.8,2.44,-8.29],"sup":false,"spd":8.65,"cr":false,"ev":""}
JS: {"t":7.95,"mode":"wallrun","p":[5.42,20.77,-49.37],"v":[0.8,2.38,-8.28],"sup":false,"spd":8.65,"cr":false,"ev":""}
JS: {"t":7.97,"mode":"wallrun","p":[5.43,20.81,-49.51],"v":[0.8,2.31,-8.27],"sup":false,"spd":8.65,"cr":false,"ev":""}
JS: {"t":7.98,"mode":"wallrun","p":[5.44,20.85,-49.64],"v":[0.8,2.24,-8.26],"sup":false,"spd":8.65,"cr":false,"ev":""}
JS: {"t":8,"mode":"wallrun","p":[5.46,20.88,-49.78],"v":[0.8,2.17,-8.25],"sup":false,"spd":8.65,"cr":false,"ev":""}
JS: {"t":8.02,"mode":"wallrun","p":[5.47,20.92,-49.92],"v":[0.8,2.1,-8.24],"sup":false,"spd":8.65,"cr":false,"ev":""}
JS: {"t":8.03,"mode":"wallrun","p":[5.48,20.96,-50.06],"v":[0.8,2.03,-8.23],"sup":false,"spd":8.65,"cr":false,"ev":""}
JS: {"t":8.05,"mode":"wallrun","p":[5.5,20.99,-50.19],"v":[0.8,1.96,-8.22],"sup":false,"spd":8.65,"cr":false,"ev":""}
JS: {"t":8.07,"mode":"wallrun","p":[5.51,21.02,-50.33],"v":[0.8,1.9,-8.21],"sup":false,"spd":8.65,"cr":false,"ev":""}
JS: {"t":8.08,"mode":"wallrun","p":[5.52,21.05,-50.47],"v":[0.8,1.83,-8.2],"sup":false,"spd":8.65,"cr":false,"ev":""}
JS: {"t":8.1,"mode":"wallrun","p":[5.54,21.08,-50.6],"v":[0.8,1.76,-8.19],"sup":false,"spd":8.65,"cr":false,"ev":""}
JS: {"t":8.12,"mode":"wallrun","p":[5.55,21.11,-50.74],"v":[0.8,1.69,-8.18],"sup":false,"spd":8.65,"cr":false,"ev":""}
JS: {"t":8.13,"mode":"wallrun","p":[5.56,21.14,-50.88],"v":[0.8,1.62,-8.17],"sup":false,"spd":8.65,"cr":false,"ev":""}
JS: {"t":8.15,"mode":"wallrun","p":[5.58,21.17,-51.01],"v":[0.8,1.55,-8.16],"sup":false,"spd":8.65,"cr":false,"ev":""}
JS: {"t":8.17,"mode":"wallrun","p":[5.59,21.19,-51.15],"v":[0.8,1.48,-8.15],"sup":false,"spd":8.65,"cr":false,"ev":""}
JS: {"t":8.18,"mode":"wallrun","p":[5.6,21.22,-51.29],"v":[0.8,1.41,-8.14],"sup":false,"spd":8.65,"cr":false,"ev":""}
JS: {"t":8.2,"mode":"wallrun","p":[5.62,21.24,-51.42],"v":[0.8,1.35,-8.13],"sup":false,"spd":8.65,"cr":false,"ev":""}
JS: {"t":8.22,"mode":"wallrun","p":[5.63,21.27,-51.56],"v":[0.8,1.28,-8.12],"sup":false,"spd":8.65,"cr":false,"ev":""}
JS: {"t":8.23,"mode":"wallrun","p":[5.64,21.29,-51.69],"v":[0.8,1.21,-8.11],"sup":false,"spd":8.65,"cr":false,"ev":""}
JS: {"t":8.25,"mode":"wallrun","p":[5.66,21.31,-51.83],"v":[0.8,1.14,-8.1],"sup":false,"spd":8.65,"cr":false,"ev":""}
JS: {"t":8.27,"mode":"wallrun","p":[5.67,21.33,-51.96],"v":[0.8,1.07,-8.09],"sup":false,"spd":8.65,"cr":false,"ev":""}
JS: {"t":8.28,"mode":"wallrun","p":[5.68,21.34,-52.1],"v":[0.8,1,-8.08],"sup":false,"spd":8.65,"cr":false,"ev":""}
JS: {"t":8.3,"mode":"wallrun","p":[5.7,21.36,-52.23],"v":[0.8,0.93,-8.07],"sup":false,"spd":8.65,"cr":false,"ev":""}
JS: {"t":8.32,"mode":"wallrun","p":[5.7,21.38,-52.37],"v":[0.8,0.87,-8.06],"sup":false,"spd":8.65,"cr":false,"ev":""}
JS: {"t":8.33,"mode":"wallrun","p":[5.7,21.39,-52.5],"v":[0.8,0.8,-8.05],"sup":false,"spd":8.65,"cr":false,"ev":""}
JS: {"t":8.35,"mode":"wallrun","p":[5.7,21.4,-52.63],"v":[0.8,0.73,-8.04],"sup":false,"spd":8.65,"cr":false,"ev":""}
JS: {"t":8.37,"mode":"wallrun","p":[5.7,21.42,-52.77],"v":[0.8,0.66,-8.03],"sup":false,"spd":8.65,"cr":false,"ev":""}
JS: {"t":8.38,"mode":"wallrun","p":[5.7,21.43,-52.9],"v":[0.8,0.59,-8.02],"sup":false,"spd":8.65,"cr":false,"ev":""}
JS: {"t":8.4,"mode":"wallrun","p":[5.7,21.44,-53.04],"v":[0.8,0.52,-8.01],"sup":false,"spd":8.65,"cr":false,"ev":""}
JS: {"t":8.42,"mode":"wallrun","p":[5.7,21.45,-53.17],"v":[0.8,0.45,-8],"sup":false,"spd":8.65,"cr":false,"ev":""}
JS: {"t":8.43,"mode":"wallrun","p":[5.7,21.45,-53.3],"v":[0.8,0.38,-7.99],"sup":false,"spd":8.65,"cr":false,"ev":""}
JS: {"t":8.45,"mode":"wallrun","p":[5.7,21.46,-53.44],"v":[0.8,0.32,-7.98],"sup":false,"spd":8.65,"cr":false,"ev":""}
JS: {"t":8.47,"mode":"wallrun","p":[5.7,21.46,-53.57],"v":[0.8,0.25,-7.97],"sup":false,"spd":8.65,"cr":false,"ev":""}
JS: {"t":8.48,"mode":"wallrun","p":[5.7,21.47,-53.7],"v":[0.8,0.18,-7.96],"sup":false,"spd":8.65,"cr":false,"ev":""}
JS: {"t":8.5,"mode":"wallrun","p":[5.7,21.47,-53.83],"v":[0.8,0.11,-7.95],"sup":false,"spd":8.65,"cr":false,"ev":""}
JS: {"t":8.52,"mode":"wallrun","p":[5.7,21.47,-53.97],"v":[0.8,0.04,-7.94],"sup":false,"spd":8.65,"cr":false,"ev":""}
JS: {"t":8.53,"mode":"wallrun","p":[5.7,21.47,-54.1],"v":[0.8,-0.03,-7.93],"sup":false,"spd":8.65,"cr":false,"ev":""}
JS: {"t":8.55,"mode":"wallrun","p":[5.7,21.47,-54.23],"v":[0.8,-0.07,-7.92],"sup":false,"spd":8.65,"cr":false,"ev":""}
JS: {"t":8.57,"mode":"wallrun","p":[5.7,21.47,-54.36],"v":[0.8,-0.11,-7.91],"sup":false,"spd":8.65,"cr":false,"ev":""}
JS: {"t":8.58,"mode":"wallrun","p":[5.7,21.47,-54.5],"v":[0.8,-0.15,-7.9],"sup":false,"spd":8.65,"cr":false,"ev":""}
JS: {"t":8.6,"mode":"wallrun","p":[5.7,21.47,-54.63],"v":[0.8,-0.19,-7.89],"sup":false,"spd":8.65,"cr":false,"ev":""}
JS: {"t":8.62,"mode":"wallrun","p":[5.7,21.47,-54.76],"v":[0.8,-0.23,-7.88],"sup":false,"spd":8.65,"cr":false,"ev":""}
JS: {"t":8.63,"mode":"wallrun","p":[5.7,21.46,-54.89],"v":[0.8,-0.27,-7.87],"sup":false,"spd":8.65,"cr":false,"ev":""}
JS: {"t":8.65,"mode":"wallrun","p":[5.7,21.46,-55.02],"v":[0.8,-0.32,-7.86],"sup":false,"spd":8.65,"cr":false,"ev":""}
JS: {"t":8.67,"mode":"wallrun","p":[5.7,21.45,-55.15],"v":[0.8,-0.36,-7.85],"sup":false,"spd":8.65,"cr":false,"ev":""}
JS: {"t":8.68,"mode":"wallrun","p":[5.7,21.45,-55.28],"v":[0.8,-0.4,-7.84],"sup":false,"spd":8.65,"cr":false,"ev":""}
JS: {"t":8.7,"mode":"wallrun","p":[5.7,21.44,-55.41],"v":[0.8,-0.44,-7.83],"sup":false,"spd":8.65,"cr":false,"ev":""}
JS: {"t":8.72,"mode":"wallrun","p":[5.7,21.43,-55.54],"v":[0.8,-0.48,-7.82],"sup":false,"spd":8.65,"cr":false,"ev":""}
JS: {"t":8.73,"mode":"wallrun","p":[5.7,21.42,-55.67],"v":[0.8,-0.52,-7.81],"sup":false,"spd":8.65,"cr":false,"ev":""}
JS: {"t":8.75,"mode":"wallrun","p":[5.7,21.41,-55.8],"v":[0.8,-0.56,-7.8],"sup":false,"spd":8.65,"cr":false,"ev":""}
JS: {"t":8.77,"mode":"wallrun","p":[5.7,21.41,-55.93],"v":[0.8,-0.6,-7.79],"sup":false,"spd":8.65,"cr":false,"ev":""}
JS: AUTO step 11 {"d":1,"my":1,"jump":1}
JS: {"t":8.78,"mode":"air","p":[5.7,21.4,-56.06],"v":[-4.2,5.2,-7.17],"sup":false,"spd":8.65,"cr":false,"ev":"walljump"}
JS: {"t":8.8,"mode":"air","p":[5.63,21.48,-56.18],"v":[-4.15,5.04,-7.2],"sup":false,"spd":8.65,"cr":false,"ev":""}
JS: {"t":8.82,"mode":"air","p":[5.56,21.57,-56.3],"v":[-4.1,4.87,-7.22],"sup":false,"spd":8.65,"cr":false,"ev":""}
JS: {"t":8.83,"mode":"air","p":[5.49,21.65,-56.42],"v":[-4.05,4.71,-7.25],"sup":false,"spd":8.65,"cr":false,"ev":""}
JS: {"t":8.85,"mode":"air","p":[5.42,21.73,-56.54],"v":[-4,4.55,-7.28],"sup":false,"spd":8.65,"cr":false,"ev":""}
JS: {"t":8.87,"mode":"air","p":[5.36,21.8,-56.67],"v":[-3.95,4.38,-7.31],"sup":false,"spd":8.65,"cr":false,"ev":""}
JS: {"t":8.88,"mode":"air","p":[5.29,21.87,-56.79],"v":[-3.9,4.22,-7.33],"sup":false,"spd":8.65,"cr":false,"ev":""}
JS: {"t":8.9,"mode":"air","p":[5.23,21.94,-56.91],"v":[-3.86,4.06,-7.36],"sup":false,"spd":8.65,"cr":false,"ev":""}
JS: {"t":8.92,"mode":"air","p":[5.16,22.01,-57.03],"v":[-3.81,3.89,-7.38],"sup":false,"spd":8.65,"cr":false,"ev":""}
JS: {"t":8.93,"mode":"air","p":[5.1,22.08,-57.16],"v":[-3.76,3.73,-7.41],"sup":false,"spd":8.65,"cr":false,"ev":""}
JS: {"t":8.95,"mode":"air","p":[5.03,22.14,-57.28],"v":[-3.71,3.57,-7.43],"sup":false,"spd":8.65,"cr":false,"ev":""}
JS: {"t":8.97,"mode":"air","p":[4.97,22.2,-57.4],"v":[-3.67,3.4,-7.45],"sup":false,"spd":8.65,"cr":false,"ev":""}
JS: {"t":8.98,"mode":"air","p":[4.91,22.26,-57.53],"v":[-3.62,3.24,-7.48],"sup":false,"spd":8.65,"cr":false,"ev":""}
JS: {"t":9,"mode":"air","p":[4.85,22.31,-57.65],"v":[-3.58,3.07,-7.5],"sup":false,"spd":8.65,"cr":false,"ev":""}
JS: {"t":9.02,"mode":"air","p":[4.79,22.36,-57.78],"v":[-3.53,2.91,-7.52],"sup":false,"spd":8.65,"cr":false,"ev":""}
JS: {"t":9.03,"mode":"air","p":[4.73,22.41,-57.9],"v":[-3.49,2.75,-7.54],"sup":false,"spd":8.65,"cr":false,"ev":""}
JS: {"t":9.05,"mode":"air","p":[4.67,22.46,-58.03],"v":[-3.44,2.58,-7.56],"sup":false,"spd":8.65,"cr":false,"ev":""}
JS: {"t":9.07,"mode":"air","p":[4.62,22.5,-58.15],"v":[-3.4,2.42,-7.58],"sup":false,"spd":8.65,"cr":false,"ev":""}
JS: {"t":9.08,"mode":"air","p":[4.56,22.54,-58.28],"v":[-3.36,2.26,-7.6],"sup":false,"spd":8.65,"cr":false,"ev":""}
JS: {"t":9.1,"mode":"air","p":[4.5,22.58,-58.41],"v":[-3.32,2.09,-7.62],"sup":false,"spd":8.65,"cr":false,"ev":""}
JS: {"t":9.12,"mode":"air","p":[4.45,22.61,-58.53],"v":[-3.27,1.93,-7.63],"sup":false,"spd":8.65,"cr":false,"ev":""}
JS: {"t":9.13,"mode":"air","p":[4.39,22.64,-58.66],"v":[-3.23,1.77,-7.65],"sup":false,"spd":8.65,"cr":false,"ev":""}
JS: {"t":9.15,"mode":"air","p":[4.34,22.67,-58.79],"v":[-3.19,1.6,-7.67],"sup":false,"spd":8.65,"cr":false,"ev":""}
JS: {"t":9.17,"mode":"air","p":[4.29,22.7,-58.92],"v":[-3.15,1.44,-7.69],"sup":false,"spd":8.65,"cr":false,"ev":""}
JS: {"t":9.18,"mode":"air","p":[4.24,22.72,-59.04],"v":[-3.11,1.28,-7.7],"sup":false,"spd":8.65,"cr":false,"ev":""}
JS: {"t":9.2,"mode":"air","p":[4.18,22.74,-59.17],"v":[-3.07,1.11,-7.72],"sup":false,"spd":8.65,"cr":false,"ev":""}
JS: {"t":9.22,"mode":"air","p":[4.13,22.76,-59.3],"v":[-3.03,0.95,-7.73],"sup":false,"spd":8.65,"cr":false,"ev":""}
JS: {"t":9.23,"mode":"air","p":[4.08,22.78,-59.43],"v":[-2.99,0.79,-7.75],"sup":false,"spd":8.65,"cr":false,"ev":""}
JS: {"t":9.25,"mode":"air","p":[4.03,22.79,-59.56],"v":[-2.95,0.62,-7.76],"sup":false,"spd":8.65,"cr":false,"ev":""}
JS: {"t":9.27,"mode":"air","p":[3.98,22.8,-59.69],"v":[-2.91,0.46,-7.78],"sup":false,"spd":8.65,"cr":false,"ev":""}
JS: checkpoint 2 8.95
JS: {"t":9.28,"mode":"air","p":[3.93,22.81,-59.82],"v":[-2.88,0.29,-7.79],"sup":false,"spd":8.65,"cr":false,"ev":""}
JS: {"t":9.3,"mode":"air","p":[3.89,22.82,-59.95],"v":[-2.84,0.13,-7.81],"sup":false,"spd":8.65,"cr":false,"ev":""}
JS: {"t":9.32,"mode":"air","p":[3.84,22.82,-60.08],"v":[-2.8,-0.03,-7.82],"sup":false,"spd":8.65,"cr":false,"ev":""}
JS: {"t":9.33,"mode":"air","p":[3.79,22.82,-60.21],"v":[-2.76,-0.25,-7.83],"sup":false,"spd":8.65,"cr":false,"ev":""}
JS: {"t":9.35,"mode":"air","p":[3.75,22.81,-60.34],"v":[-2.73,-0.47,-7.85],"sup":false,"spd":8.65,"cr":false,"ev":""}
JS: {"t":9.37,"mode":"air","p":[3.7,22.8,-60.47],"v":[-2.69,-0.69,-7.86],"sup":false,"spd":8.65,"cr":false,"ev":""}
JS: {"t":9.38,"mode":"air","p":[3.66,22.79,-60.6],"v":[-2.66,-0.91,-7.87],"sup":false,"spd":8.65,"cr":false,"ev":""}
JS: {"t":9.4,"mode":"air","p":[3.61,22.78,-60.73],"v":[-2.62,-1.14,-7.88],"sup":false,"spd":8.65,"cr":false,"ev":""}
JS: {"t":9.42,"mode":"air","p":[3.57,22.76,-60.86],"v":[-2.59,-1.36,-7.89],"sup":false,"spd":8.65,"cr":false,"ev":""}
JS: {"t":9.43,"mode":"air","p":[3.53,22.74,-61],"v":[-2.55,-1.58,-7.9],"sup":false,"spd":8.65,"cr":false,"ev":""}
JS: {"t":9.45,"mode":"air","p":[3.48,22.71,-61.13],"v":[-2.52,-1.8,-7.92],"sup":false,"spd":8.65,"cr":false,"ev":""}
JS: {"t":9.47,"mode":"air","p":[3.44,22.68,-61.26],"v":[-2.49,-2.02,-7.93],"sup":false,"spd":8.65,"cr":false,"ev":""}
JS: {"t":9.48,"mode":"air","p":[3.4,22.65,-61.39],"v":[-2.45,-2.24,-7.94],"sup":false,"spd":8.65,"cr":false,"ev":""}
JS: {"t":9.5,"mode":"air","p":[3.36,22.61,-61.52],"v":[-2.42,-2.46,-7.95],"sup":false,"spd":8.65,"cr":false,"ev":""}
JS: {"t":9.52,"mode":"air","p":[3.32,22.57,-61.66],"v":[-2.39,-2.68,-7.96],"sup":false,"spd":8.65,"cr":false,"ev":""}
JS: {"t":9.53,"mode":"air","p":[3.28,22.52,-61.79],"v":[-2.36,-2.9,-7.97],"sup":false,"spd":8.65,"cr":false,"ev":""}
JS: {"t":9.55,"mode":"air","p":[3.24,22.47,-61.92],"v":[-2.33,-3.12,-7.97],"sup":false,"spd":8.65,"cr":false,"ev":""}
JS: {"t":9.57,"mode":"air","p":[3.2,22.42,-62.05],"v":[-2.29,-3.34,-7.98],"sup":false,"spd":8.65,"cr":false,"ev":""}
JS: {"t":9.58,"mode":"air","p":[3.16,22.37,-62.19],"v":[-2.26,-3.56,-7.99],"sup":false,"spd":8.65,"cr":false,"ev":""}
JS: {"t":9.6,"mode":"air","p":[3.12,22.31,-62.32],"v":[-2.23,-3.78,-8],"sup":false,"spd":8.65,"cr":false,"ev":""}
JS: {"t":9.62,"mode":"air","p":[3.09,22.24,-62.45],"v":[-2.2,-4.01,-8.01],"sup":false,"spd":8.65,"cr":false,"ev":""}
JS: {"t":9.63,"mode":"air","p":[3.05,22.18,-62.59],"v":[-2.17,-4.23,-8.02],"sup":false,"spd":8.65,"cr":false,"ev":""}
JS: {"t":9.65,"mode":"air","p":[3.01,22.11,-62.72],"v":[-2.15,-4.45,-8.02],"sup":false,"spd":8.65,"cr":false,"ev":""}
JS: {"t":9.67,"mode":"air","p":[2.98,22.03,-62.85],"v":[-2.12,-4.67,-8.03],"sup":false,"spd":8.65,"cr":false,"ev":""}
JS: {"t":9.68,"mode":"air","p":[2.94,21.96,-62.99],"v":[-2.09,-4.89,-8.04],"sup":false,"spd":8.65,"cr":false,"ev":""}
JS: {"t":9.7,"mode":"air","p":[2.91,21.87,-63.12],"v":[-2.06,-5.11,-8.05],"sup":false,"spd":8.65,"cr":false,"ev":""}
JS: {"t":9.72,"mode":"air","p":[2.87,21.79,-63.26],"v":[-2.03,-5.33,-8.05],"sup":false,"spd":8.65,"cr":false,"ev":""}
JS: {"t":9.73,"mode":"air","p":[2.84,21.7,-63.39],"v":[-2.01,-5.55,-8.06],"sup":false,"spd":8.65,"cr":false,"ev":""}
JS: {"t":9.75,"mode":"air","p":[2.81,21.61,-63.52],"v":[-1.98,-5.77,-8.07],"sup":false,"spd":8.65,"cr":false,"ev":""}
JS: {"t":9.77,"mode":"air","p":[2.77,21.51,-63.66],"v":[-1.95,-5.99,-8.07],"sup":false,"spd":8.65,"cr":false,"ev":""}
JS: AUTO step 12 {"z":-70,"d":4,"my":1,"mx":-0.6}
JS: {"t":9.78,"mode":"air","p":[2.74,21.41,-63.79],"v":[-1.99,-6.21,-8.07],"sup":false,"spd":8.65,"cr":false,"ev":""}
JS: {"t":9.8,"mode":"air","p":[2.71,21.31,-63.93],"v":[-2.02,-6.43,-8.06],"sup":false,"spd":8.65,"cr":false,"ev":""}
JS: {"t":9.82,"mode":"air","p":[2.67,21.2,-64.06],"v":[-2.05,-6.65,-8.05],"sup":false,"spd":8.65,"cr":false,"ev":""}
JS: {"t":9.83,"mode":"air","p":[2.64,21.09,-64.2],"v":[-2.08,-6.87,-8.04],"sup":false,"spd":8.65,"cr":false,"ev":""}
JS: {"t":9.85,"mode":"air","p":[2.61,20.98,-64.33],"v":[-2.11,-7.1,-8.03],"sup":false,"spd":8.65,"cr":false,"ev":""}
JS: {"t":9.87,"mode":"air","p":[2.57,20.86,-64.46],"v":[-2.15,-7.32,-8.03],"sup":false,"spd":8.65,"cr":false,"ev":""}
JS: {"t":9.88,"mode":"air","p":[2.53,20.74,-64.6],"v":[-2.18,-7.54,-8.02],"sup":false,"spd":8.65,"cr":false,"ev":""}
JS: {"t":9.9,"mode":"air","p":[2.5,20.61,-64.73],"v":[-2.21,-7.76,-8.01],"sup":false,"spd":8.65,"cr":false,"ev":""}
JS: {"t":9.92,"mode":"air","p":[2.46,20.48,-64.87],"v":[-2.24,-7.98,-8],"sup":false,"spd":8.65,"cr":false,"ev":""}
JS: {"t":9.93,"mode":"air","p":[2.42,20.35,-65],"v":[-2.27,-8.2,-7.99],"sup":false,"spd":8.65,"cr":false,"ev":""}
JS: {"t":9.95,"mode":"ground","p":[2.39,20.21,-65.13],"v":[-2.97,-0.6,-7.72],"sup":true,"spd":8.4,"cr":false,"ev":""}
JS: {"t":9.97,"mode":"ground","p":[2.34,20.12,-65.26],"v":[-3.67,-0.6,-7.45],"sup":true,"spd":8.4,"cr":false,"ev":""}
JS: {"t":9.98,"mode":"ground","p":[2.28,20.12,-65.39],"v":[-4.32,-0.6,-7.2],"sup":true,"spd":8.4,"cr":false,"ev":""}
JS: {"t":10,"mode":"ground","p":[2.2,20.12,-65.51],"v":[-4.32,-0.6,-7.2],"sup":true,"spd":8.4,"cr":false,"ev":""}
JS: {"t":10.02,"mode":"ground","p":[2.13,20.12,-65.63],"v":[-4.32,-0.6,-7.2],"sup":true,"spd":8.4,"cr":false,"ev":""}
JS: {"t":10.03,"mode":"ground","p":[2.06,20.12,-65.75],"v":[-4.32,-0.6,-7.2],"sup":true,"spd":8.4,"cr":false,"ev":""}
JS: {"t":10.05,"mode":"ground","p":[1.99,20.12,-65.87],"v":[-4.32,-0.6,-7.2],"sup":true,"spd":8.4,"cr":false,"ev":""}
JS: {"t":10.07,"mode":"ground","p":[1.92,20.12,-65.99],"v":[-4.32,-0.6,-7.2],"sup":true,"spd":8.4,"cr":false,"ev":""}
JS: {"t":10.08,"mode":"ground","p":[1.84,20.12,-66.11],"v":[-4.32,-0.6,-7.2],"sup":true,"spd":8.4,"cr":false,"ev":""}
JS: {"t":10.1,"mode":"ground","p":[1.77,20.12,-66.23],"v":[-4.32,-0.6,-7.2],"sup":true,"spd":8.4,"cr":false,"ev":""}
JS: {"t":10.12,"mode":"ground","p":[1.7,20.12,-66.35],"v":[-4.32,-0.6,-7.2],"sup":true,"spd":8.4,"cr":false,"ev":""}
JS: {"t":10.13,"mode":"ground","p":[1.63,20.12,-66.47],"v":[-4.32,-0.6,-7.2],"sup":true,"spd":8.4,"cr":false,"ev":""}
JS: {"t":10.15,"mode":"ground","p":[1.56,20.12,-66.59],"v":[-4.32,-0.6,-7.2],"sup":true,"spd":8.4,"cr":false,"ev":""}
JS: {"t":10.17,"mode":"ground","p":[1.48,20.12,-66.71],"v":[-4.32,-0.6,-7.2],"sup":true,"spd":8.4,"cr":false,"ev":""}
JS: {"t":10.18,"mode":"ground","p":[1.41,20.12,-66.83],"v":[-4.32,-0.6,-7.2],"sup":true,"spd":8.4,"cr":false,"ev":""}
JS: {"t":10.2,"mode":"ground","p":[1.34,20.12,-66.95],"v":[-4.32,-0.6,-7.2],"sup":true,"spd":8.4,"cr":false,"ev":""}
JS: {"t":10.22,"mode":"ground","p":[1.27,20.12,-67.07],"v":[-4.32,-0.6,-7.2],"sup":true,"spd":8.4,"cr":false,"ev":""}
JS: {"t":10.23,"mode":"ground","p":[1.2,20.12,-67.19],"v":[-4.32,-0.6,-7.2],"sup":true,"spd":8.4,"cr":false,"ev":""}
JS: {"t":10.25,"mode":"ground","p":[1.12,20.12,-67.31],"v":[-4.32,-0.6,-7.2],"sup":true,"spd":8.4,"cr":false,"ev":""}
JS: {"t":10.27,"mode":"ground","p":[1.05,20.12,-67.43],"v":[-4.32,-0.6,-7.2],"sup":true,"spd":8.4,"cr":false,"ev":""}
JS: {"t":10.28,"mode":"ground","p":[0.98,20.12,-67.55],"v":[-4.32,-0.6,-7.2],"sup":true,"spd":8.4,"cr":false,"ev":""}
JS: {"t":10.3,"mode":"ground","p":[0.91,20.12,-67.67],"v":[-4.32,-0.6,-7.2],"sup":true,"spd":8.4,"cr":false,"ev":""}
JS: {"t":10.32,"mode":"ground","p":[0.83,20.12,-67.79],"v":[-4.32,-0.6,-7.2],"sup":true,"spd":8.4,"cr":false,"ev":""}
JS: {"t":10.33,"mode":"ground","p":[0.76,20.12,-67.91],"v":[-4.32,-0.6,-7.2],"sup":true,"spd":8.4,"cr":false,"ev":""}
JS: {"t":10.35,"mode":"ground","p":[0.69,20.12,-68.03],"v":[-4.32,-0.6,-7.2],"sup":true,"spd":8.4,"cr":false,"ev":""}
JS: {"t":10.37,"mode":"ground","p":[0.62,20.12,-68.15],"v":[-4.32,-0.6,-7.2],"sup":true,"spd":8.4,"cr":false,"ev":""}
JS: {"t":10.38,"mode":"ground","p":[0.55,20.12,-68.27],"v":[-4.32,-0.6,-7.2],"sup":true,"spd":8.4,"cr":false,"ev":""}
JS: {"t":10.4,"mode":"ground","p":[0.47,20.12,-68.39],"v":[-4.32,-0.6,-7.2],"sup":true,"spd":8.4,"cr":false,"ev":""}
JS: {"t":10.42,"mode":"ground","p":[0.4,20.12,-68.51],"v":[-4.32,-0.6,-7.2],"sup":true,"spd":8.4,"cr":false,"ev":""}
JS: {"t":10.43,"mode":"ground","p":[0.33,20.12,-68.63],"v":[-4.32,-0.6,-7.2],"sup":true,"spd":8.4,"cr":false,"ev":""}
JS: {"t":10.45,"mode":"ground","p":[0.26,20.12,-68.75],"v":[-4.32,-0.6,-7.2],"sup":true,"spd":8.4,"cr":false,"ev":""}
JS: {"t":10.47,"mode":"ground","p":[0.19,20.12,-68.87],"v":[-4.32,-0.6,-7.2],"sup":true,"spd":8.4,"cr":false,"ev":""}
JS: {"t":10.48,"mode":"ground","p":[0.11,20.12,-68.99],"v":[-4.32,-0.6,-7.2],"sup":true,"spd":8.4,"cr":false,"ev":""}
JS: {"t":10.5,"mode":"ground","p":[0.04,20.12,-69.11],"v":[-4.32,-0.6,-7.2],"sup":true,"spd":8.4,"cr":false,"ev":""}
JS: {"t":10.52,"mode":"ground","p":[-0.03,20.12,-69.23],"v":[-4.32,-0.6,-7.2],"sup":true,"spd":8.4,"cr":false,"ev":""}
JS: {"t":10.53,"mode":"ground","p":[-0.1,20.12,-69.35],"v":[-4.32,-0.6,-7.2],"sup":true,"spd":8.4,"cr":false,"ev":""}
JS: {"t":10.55,"mode":"ground","p":[-0.17,20.12,-69.47],"v":[-4.32,-0.6,-7.2],"sup":true,"spd":8.4,"cr":false,"ev":""}
JS: {"t":10.57,"mode":"ground","p":[-0.25,20.12,-69.59],"v":[-4.32,-0.6,-7.2],"sup":true,"spd":8.4,"cr":false,"ev":""}
JS: {"t":10.58,"mode":"ground","p":[-0.32,20.12,-69.71],"v":[-4.32,-0.6,-7.2],"sup":true,"spd":8.4,"cr":false,"ev":""}
JS: {"t":10.6,"mode":"ground","p":[-0.39,20.12,-69.83],"v":[-4.32,-0.6,-7.2],"sup":true,"spd":8.4,"cr":false,"ev":""}
JS: {"t":10.62,"mode":"ground","p":[-0.46,20.12,-69.95],"v":[-4.32,-0.6,-7.2],"sup":true,"spd":8.4,"cr":false,"ev":""}
JS: AUTO step 13 {"z":-80.6,"my":1,"d":12}
JS: {"t":10.63,"mode":"ground","p":[-0.53,20.12,-70.07],"v":[-3.6,-0.6,-7.4],"sup":true,"spd":8.4,"cr":false,"ev":""}
JS: {"t":10.65,"mode":"ground","p":[-0.59,20.12,-70.19],"v":[-2.88,-0.6,-7.6],"sup":true,"spd":8.4,"cr":false,"ev":""}
JS: {"t":10.67,"mode":"ground","p":[-0.64,20.12,-70.32],"v":[-2.15,-0.6,-7.8],"sup":true,"spd":8.4,"cr":false,"ev":""}
JS: {"t":10.68,"mode":"ground","p":[-0.68,20.12,-70.45],"v":[-1.43,-0.6,-8],"sup":true,"spd":8.4,"cr":false,"ev":""}
JS: {"t":10.7,"mode":"ground","p":[-0.7,20.12,-70.58],"v":[-0.71,-0.6,-8.2],"sup":true,"spd":8.4,"cr":false,"ev":""}
JS: {"t":10.72,"mode":"ground","p":[-0.71,20.12,-70.72],"v":[0,-0.6,-8.4],"sup":true,"spd":8.4,"cr":false,"ev":""}
JS: {"t":10.73,"mode":"ground","p":[-0.71,20.12,-70.86],"v":[0,-0.6,-8.4],"sup":true,"spd":8.4,"cr":false,"ev":""}
JS: {"t":10.75,"mode":"ground","p":[-0.71,20.12,-71],"v":[0,-0.6,-8.4],"sup":true,"spd":8.4,"cr":false,"ev":""}
JS: {"t":10.77,"mode":"ground","p":[-0.71,20.12,-71.14],"v":[0,-0.6,-8.4],"sup":true,"spd":8.4,"cr":false,"ev":""}
JS: {"t":10.78,"mode":"ground","p":[-0.71,20.12,-71.28],"v":[0,-0.6,-8.4],"sup":true,"spd":8.4,"cr":false,"ev":""}
JS: {"t":10.8,"mode":"ground","p":[-0.71,20.12,-71.42],"v":[0,-0.6,-8.4],"sup":true,"spd":8.4,"cr":false,"ev":""}
JS: {"t":10.82,"mode":"ground","p":[-0.71,20.12,-71.56],"v":[0,-0.6,-8.4],"sup":true,"spd":8.4,"cr":false,"ev":""}
JS: {"t":10.83,"mode":"ground","p":[-0.71,20.12,-71.7],"v":[0,-0.6,-8.4],"sup":true,"spd":8.4,"cr":false,"ev":""}
JS: {"t":10.85,"mode":"ground","p":[-0.71,20.12,-71.84],"v":[0,-0.6,-8.4],"sup":true,"spd":8.4,"cr":false,"ev":""}
JS: {"t":10.87,"mode":"ground","p":[-0.71,20.12,-71.98],"v":[0,-0.6,-8.4],"sup":true,"spd":8.4,"cr":false,"ev":""}
JS: {"t":10.88,"mode":"ground","p":[-0.71,20.12,-72.12],"v":[0,-0.6,-8.4],"sup":true,"spd":8.4,"cr":false,"ev":""}
JS: {"t":10.9,"mode":"ground","p":[-0.71,20.12,-72.26],"v":[0,-0.6,-8.4],"sup":true,"spd":8.4,"cr":false,"ev":""}
JS: {"t":10.92,"mode":"ground","p":[-0.71,20.12,-72.4],"v":[0,-0.6,-8.4],"sup":true,"spd":8.4,"cr":false,"ev":""}
JS: {"t":10.93,"mode":"ground","p":[-0.71,20.12,-72.54],"v":[0,-0.6,-8.4],"sup":true,"spd":8.4,"cr":false,"ev":""}
JS: {"t":10.95,"mode":"ground","p":[-0.71,20.12,-72.68],"v":[0,-0.6,-8.4],"sup":true,"spd":8.4,"cr":false,"ev":""}
JS: {"t":10.97,"mode":"ground","p":[-0.71,20.12,-72.82],"v":[0,-0.6,-8.4],"sup":true,"spd":8.4,"cr":false,"ev":""}
JS: {"t":10.98,"mode":"ground","p":[-0.71,20.12,-72.96],"v":[0,-0.6,-8.4],"sup":true,"spd":8.4,"cr":false,"ev":""}
JS: {"t":11,"mode":"ground","p":[-0.71,20.12,-73.1],"v":[0,-0.6,-8.4],"sup":true,"spd":8.4,"cr":false,"ev":""}
JS: {"t":11.02,"mode":"ground","p":[-0.71,20.12,-73.24],"v":[0,-0.6,-8.4],"sup":true,"spd":8.4,"cr":false,"ev":""}
JS: {"t":11.03,"mode":"ground","p":[-0.71,20.12,-73.38],"v":[0,-0.6,-8.4],"sup":true,"spd":8.4,"cr":false,"ev":""}
JS: {"t":11.05,"mode":"ground","p":[-0.71,20.12,-73.52],"v":[0,-0.6,-8.4],"sup":true,"spd":8.4,"cr":false,"ev":""}
JS: {"t":11.07,"mode":"ground","p":[-0.71,20.12,-73.66],"v":[0,-0.6,-8.4],"sup":true,"spd":8.4,"cr":false,"ev":""}
JS: {"t":11.08,"mode":"ground","p":[-0.71,20.12,-73.8],"v":[0,-0.6,-8.4],"sup":true,"spd":8.4,"cr":false,"ev":""}
JS: {"t":11.1,"mode":"ground","p":[-0.71,20.12,-73.94],"v":[0,-0.6,-8.4],"sup":true,"spd":8.4,"cr":false,"ev":""}
JS: {"t":11.12,"mode":"ground","p":[-0.71,20.12,-74.08],"v":[0,-0.6,-8.4],"sup":true,"spd":8.4,"cr":false,"ev":""}
JS: {"t":11.13,"mode":"ground","p":[-0.71,20.12,-74.22],"v":[0,-0.6,-8.4],"sup":true,"spd":8.4,"cr":false,"ev":""}
JS: {"t":11.15,"mode":"ground","p":[-0.71,20.12,-74.36],"v":[0,-0.6,-8.4],"sup":true,"spd":8.4,"cr":false,"ev":""}
JS: {"t":11.17,"mode":"ground","p":[-0.71,20.12,-74.5],"v":[0,-0.6,-8.4],"sup":true,"spd":8.4,"cr":false,"ev":""}
JS: {"t":11.18,"mode":"ground","p":[-0.71,20.12,-74.64],"v":[0,-0.6,-8.4],"sup":true,"spd":8.4,"cr":false,"ev":""}
JS: {"t":11.2,"mode":"ground","p":[-0.71,20.12,-74.78],"v":[0,-0.6,-8.4],"sup":true,"spd":8.4,"cr":false,"ev":""}
JS: {"t":11.22,"mode":"ground","p":[-0.71,20.12,-74.92],"v":[0,-0.6,-8.4],"sup":true,"spd":8.4,"cr":false,"ev":""}
JS: {"t":11.23,"mode":"ground","p":[-0.71,20.12,-75.06],"v":[0,-0.6,-8.4],"sup":true,"spd":8.4,"cr":false,"ev":""}
JS: {"t":11.25,"mode":"ground","p":[-0.71,20.12,-75.2],"v":[0,-0.6,-8.4],"sup":true,"spd":8.4,"cr":false,"ev":""}
JS: {"t":11.27,"mode":"ground","p":[-0.71,20.12,-75.34],"v":[0,-0.6,-8.4],"sup":true,"spd":8.4,"cr":false,"ev":""}
JS: {"t":11.28,"mode":"ground","p":[-0.71,20.12,-75.48],"v":[0,-0.6,-8.4],"sup":true,"spd":8.4,"cr":false,"ev":""}
JS: {"t":11.3,"mode":"ground","p":[-0.71,20.12,-75.62],"v":[0,-0.6,-8.4],"sup":true,"spd":8.4,"cr":false,"ev":""}
JS: {"t":11.32,"mode":"ground","p":[-0.71,20.12,-75.76],"v":[0,-0.6,-8.4],"sup":true,"spd":8.4,"cr":false,"ev":""}
JS: {"t":11.33,"mode":"ground","p":[-0.71,20.12,-75.9],"v":[0,-0.6,-8.4],"sup":true,"spd":8.4,"cr":false,"ev":""}
JS: {"t":11.35,"mode":"ground","p":[-0.71,20.12,-76.04],"v":[0,-0.6,-8.4],"sup":true,"spd":8.4,"cr":false,"ev":""}
JS: {"t":11.37,"mode":"ground","p":[-0.71,20.12,-76.18],"v":[0,-0.6,-8.4],"sup":true,"spd":8.4,"cr":false,"ev":""}
JS: {"t":11.38,"mode":"ground","p":[-0.71,20.12,-76.32],"v":[0,-0.6,-8.4],"sup":true,"spd":8.4,"cr":false,"ev":""}
JS: {"t":11.4,"mode":"ground","p":[-0.71,20.12,-76.46],"v":[0,-0.6,-8.4],"sup":true,"spd":8.4,"cr":false,"ev":""}
JS: {"t":11.42,"mode":"ground","p":[-0.71,20.12,-76.6],"v":[0,-0.6,-8.4],"sup":true,"spd":8.4,"cr":false,"ev":""}
JS: {"t":11.43,"mode":"ground","p":[-0.71,20.12,-76.74],"v":[0,-0.6,-8.4],"sup":true,"spd":8.4,"cr":false,"ev":""}
JS: {"t":11.45,"mode":"ground","p":[-0.71,20.12,-76.88],"v":[0,-0.6,-8.4],"sup":true,"spd":8.4,"cr":false,"ev":""}
JS: {"t":11.47,"mode":"ground","p":[-0.71,20.12,-77.02],"v":[0,-0.6,-8.4],"sup":true,"spd":8.4,"cr":false,"ev":""}
JS: {"t":11.48,"mode":"ground","p":[-0.71,20.12,-77.16],"v":[0,-0.6,-8.4],"sup":true,"spd":8.4,"cr":false,"ev":""}
JS: {"t":11.5,"mode":"ground","p":[-0.71,20.12,-77.3],"v":[0,-0.6,-8.4],"sup":true,"spd":8.4,"cr":false,"ev":""}
JS: {"t":11.52,"mode":"ground","p":[-0.71,20.12,-77.44],"v":[0,-0.6,-8.4],"sup":true,"spd":8.4,"cr":false,"ev":""}
JS: {"t":11.53,"mode":"ground","p":[-0.71,20.12,-77.58],"v":[0,-0.6,-8.4],"sup":true,"spd":8.4,"cr":false,"ev":""}
JS: {"t":11.55,"mode":"ground","p":[-0.71,20.12,-77.72],"v":[0,-0.6,-8.4],"sup":true,"spd":8.4,"cr":false,"ev":""}
JS: {"t":11.57,"mode":"ground","p":[-0.71,20.12,-77.86],"v":[0,-0.6,-8.4],"sup":true,"spd":8.4,"cr":false,"ev":""}
JS: {"t":11.58,"mode":"ground","p":[-0.71,20.12,-78],"v":[0,-0.6,-8.4],"sup":true,"spd":8.4,"cr":false,"ev":""}
JS: {"t":11.6,"mode":"ground","p":[-0.71,20.12,-78.14],"v":[0,-0.6,-8.4],"sup":true,"spd":8.4,"cr":false,"ev":""}
JS: {"t":11.62,"mode":"ground","p":[-0.71,20.12,-78.28],"v":[0,-0.6,-8.4],"sup":true,"spd":8.4,"cr":false,"ev":""}
JS: {"t":11.63,"mode":"ground","p":[-0.71,20.12,-78.42],"v":[0,-0.6,-8.4],"sup":true,"spd":8.4,"cr":false,"ev":""}
JS: {"t":11.65,"mode":"ground","p":[-0.71,20.12,-78.56],"v":[0,-0.6,-8.4],"sup":true,"spd":8.4,"cr":false,"ev":""}
JS: {"t":11.67,"mode":"ground","p":[-0.71,20.12,-78.7],"v":[0,-0.6,-8.4],"sup":true,"spd":8.4,"cr":false,"ev":""}
JS: {"t":11.68,"mode":"ground","p":[-0.71,20.12,-78.84],"v":[0,-0.6,-8.4],"sup":true,"spd":8.4,"cr":false,"ev":""}
JS: {"t":11.7,"mode":"ground","p":[-0.71,20.12,-78.98],"v":[0,-0.6,-8.4],"sup":true,"spd":8.4,"cr":false,"ev":""}
JS: {"t":11.72,"mode":"ground","p":[-0.71,20.12,-79.12],"v":[0,-0.6,-8.4],"sup":true,"spd":8.4,"cr":false,"ev":""}
JS: {"t":11.73,"mode":"ground","p":[-0.71,20.12,-79.26],"v":[0,-0.6,-8.4],"sup":true,"spd":8.4,"cr":false,"ev":""}
JS: {"t":11.75,"mode":"ground","p":[-0.71,20.12,-79.4],"v":[0,-0.6,-8.4],"sup":true,"spd":8.4,"cr":false,"ev":""}
JS: {"t":11.77,"mode":"ground","p":[-0.71,20.12,-79.54],"v":[0,-0.6,-8.4],"sup":true,"spd":8.4,"cr":false,"ev":""}
JS: {"t":11.78,"mode":"ground","p":[-0.71,20.12,-79.68],"v":[0,-0.6,-8.4],"sup":true,"spd":8.4,"cr":false,"ev":""}
JS: {"t":11.8,"mode":"ground","p":[-0.71,20.12,-79.82],"v":[0,-0.6,-8.4],"sup":true,"spd":8.4,"cr":false,"ev":""}
JS: {"t":11.82,"mode":"ground","p":[-0.71,20.12,-79.96],"v":[0,-0.6,-8.4],"sup":true,"spd":8.4,"cr":false,"ev":""}
JS: {"t":11.83,"mode":"ground","p":[-0.71,20.12,-80.1],"v":[0,-0.6,-8.4],"sup":true,"spd":8.4,"cr":false,"ev":""}
JS: {"t":11.85,"mode":"ground","p":[-0.71,20.12,-80.24],"v":[0,-0.6,-8.4],"sup":true,"spd":8.4,"cr":false,"ev":""}
JS: {"t":11.87,"mode":"ground","p":[-0.71,20.12,-80.38],"v":[0,-0.6,-8.4],"sup":true,"spd":8.4,"cr":false,"ev":""}
JS: {"t":11.88,"mode":"ground","p":[-0.71,20.12,-80.52],"v":[0,-0.6,-8.4],"sup":true,"spd":8.4,"cr":false,"ev":""}
JS: AUTO step 14 {"d":1.6,"my":1,"jump":1}
JS: {"t":11.9,"mode":"air","p":[-0.71,20.12,-80.66],"v":[0,5.1,-8.4],"sup":true,"spd":8.65,"cr":false,"ev":"jump"}
JS: {"t":11.92,"mode":"air","p":[-0.71,20.2,-80.8],"v":[0,4.94,-8.4],"sup":false,"spd":8.65,"cr":false,"ev":""}
JS: {"t":11.93,"mode":"air","p":[-0.71,20.29,-80.94],"v":[0,4.77,-8.4],"sup":false,"spd":8.65,"cr":false,"ev":""}
JS: {"t":11.95,"mode":"air","p":[-0.71,20.37,-81.08],"v":[0,4.61,-8.4],"sup":false,"spd":8.65,"cr":false,"ev":""}
JS: {"t":11.97,"mode":"air","p":[-0.71,20.44,-81.22],"v":[0,4.45,-8.4],"sup":false,"spd":8.65,"cr":false,"ev":""}
JS: {"t":11.98,"mode":"climb","p":[-0.71,20.52,-81.36],"v":[0,5.4,-0.5],"sup":false,"spd":8.65,"cr":false,"ev":"climb"}
JS: {"t":12,"mode":"climb","p":[-0.71,20.61,-81.37],"v":[0,5.34,-0.6],"sup":false,"spd":8.65,"cr":false,"ev":""}
JS: {"t":12.02,"mode":"climb","p":[-0.71,20.7,-81.38],"v":[0,5.27,-0.6],"sup":false,"spd":8.65,"cr":false,"ev":""}
JS: {"t":12.03,"mode":"climb","p":[-0.71,20.78,-81.39],"v":[0,5.21,-0.6],"sup":false,"spd":8.65,"cr":false,"ev":""}
JS: {"t":12.05,"mode":"climb","p":[-0.71,20.87,-81.4],"v":[0,5.15,-0.6],"sup":false,"spd":8.65,"cr":false,"ev":""}
JS: {"t":12.07,"mode":"climb","p":[-0.71,20.96,-81.41],"v":[0,5.08,-0.6],"sup":false,"spd":8.65,"cr":false,"ev":""}
JS: {"t":12.08,"mode":"climb","p":[-0.71,21.04,-81.42],"v":[0,5.02,-0.6],"sup":false,"spd":8.65,"cr":false,"ev":""}
JS: {"t":12.1,"mode":"climb","p":[-0.71,21.13,-81.43],"v":[0,4.96,-0.6],"sup":false,"spd":8.65,"cr":false,"ev":""}
JS: {"t":12.12,"mode":"climb","p":[-0.71,21.21,-81.44],"v":[0,4.9,-0.6],"sup":false,"spd":8.65,"cr":false,"ev":""}
JS: {"t":12.13,"mode":"climb","p":[-0.71,21.29,-81.45],"v":[0,4.83,-0.6],"sup":false,"spd":8.65,"cr":false,"ev":""}
JS: {"t":12.15,"mode":"climb","p":[-0.71,21.37,-81.46],"v":[0,4.77,-0.6],"sup":false,"spd":8.65,"cr":false,"ev":""}
JS: {"t":12.17,"mode":"climb","p":[-0.71,21.45,-81.47],"v":[0,4.71,-0.6],"sup":false,"spd":8.65,"cr":false,"ev":""}
JS: {"t":12.18,"mode":"climb","p":[-0.71,21.53,-81.48],"v":[0,4.64,-0.6],"sup":false,"spd":8.65,"cr":false,"ev":""}
JS: {"t":12.2,"mode":"climb","p":[-0.71,21.61,-81.49],"v":[0,4.58,-0.6],"sup":false,"spd":8.65,"cr":false,"ev":""}
JS: {"t":12.22,"mode":"traverse","p":[-0.71,21.68,-81.5],"v":[0,5.42,0],"sup":false,"spd":8.65,"cr":false,"ev":"ledge"}
JS: {"t":12.23,"mode":"traverse","p":[-0.71,21.77,-81.5],"v":[0,5.42,-0.4],"sup":false,"spd":8.65,"cr":false,"ev":""}
JS: {"t":12.25,"mode":"traverse","p":[-0.71,21.86,-81.5],"v":[0,5.42,-0.4],"sup":false,"spd":8.65,"cr":false,"ev":""}
JS: {"t":12.27,"mode":"traverse","p":[-0.71,21.95,-81.51],"v":[0,5.42,-0.4],"sup":false,"spd":8.65,"cr":false,"ev":""}
JS: {"t":12.28,"mode":"traverse","p":[-0.71,22.04,-81.52],"v":[0,5.42,-0.4],"sup":false,"spd":8.65,"cr":false,"ev":""}
JS: {"t":12.3,"mode":"traverse","p":[-0.71,22.13,-81.52],"v":[0,5.42,-0.4],"sup":false,"spd":8.65,"cr":false,"ev":""}
JS: {"t":12.32,"mode":"traverse","p":[-0.71,22.22,-81.53],"v":[0,5.42,-0.4],"sup":false,"spd":8.65,"cr":false,"ev":""}
JS: {"t":12.33,"mode":"traverse","p":[-0.71,22.31,-81.54],"v":[0,5.42,-0.4],"sup":false,"spd":8.65,"cr":false,"ev":""}
JS: {"t":12.35,"mode":"traverse","p":[-0.71,22.41,-81.54],"v":[0,5.42,-0.4],"sup":false,"spd":8.65,"cr":false,"ev":""}
JS: {"t":12.37,"mode":"traverse","p":[-0.71,22.5,-81.55],"v":[0,5.42,-0.4],"sup":false,"spd":8.65,"cr":false,"ev":""}
JS: {"t":12.38,"mode":"traverse","p":[-0.71,22.59,-81.56],"v":[0,5.42,-0.4],"sup":false,"spd":8.65,"cr":false,"ev":""}
JS: {"t":12.4,"mode":"traverse","p":[-0.71,22.68,-81.56],"v":[0,5.42,-0.4],"sup":false,"spd":8.65,"cr":false,"ev":""}
JS: {"t":12.42,"mode":"traverse","p":[-0.71,22.77,-81.57],"v":[0,5.42,-0.4],"sup":false,"spd":8.65,"cr":false,"ev":""}
JS: {"t":12.43,"mode":"traverse","p":[-0.71,22.86,-81.58],"v":[0,5.42,-0.4],"sup":false,"spd":8.65,"cr":false,"ev":""}
JS: {"t":12.45,"mode":"traverse","p":[-0.71,22.95,-81.58],"v":[0,5.42,-0.4],"sup":false,"spd":8.65,"cr":false,"ev":""}
JS: {"t":12.47,"mode":"traverse","p":[-0.71,23.04,-81.59],"v":[0,5.42,-0.4],"sup":false,"spd":8.65,"cr":false,"ev":""}
JS: {"t":12.48,"mode":"traverse","p":[-0.71,23.13,-81.6],"v":[0,5.42,-0.4],"sup":false,"spd":8.65,"cr":false,"ev":""}
JS: {"t":12.5,"mode":"traverse","p":[-0.71,23.22,-81.6],"v":[0,5.42,-0.4],"sup":false,"spd":8.65,"cr":false,"ev":""}
JS: {"t":12.52,"mode":"traverse","p":[-0.71,23.31,-81.61],"v":[0,5.42,-0.4],"sup":false,"spd":8.65,"cr":false,"ev":""}
JS: {"t":12.53,"mode":"traverse","p":[-0.71,23.4,-81.62],"v":[0,5.42,-0.4],"sup":false,"spd":8.65,"cr":false,"ev":""}
JS: {"t":12.55,"mode":"traverse","p":[-0.71,23.49,-81.62],"v":[0,5.42,-0.4],"sup":false,"spd":8.65,"cr":false,"ev":""}
JS: {"t":12.57,"mode":"traverse","p":[-0.71,23.58,-81.63],"v":[0,5.42,-0.4],"sup":false,"spd":8.65,"cr":false,"ev":""}
JS: {"t":12.58,"mode":"traverse","p":[-0.71,23.67,-81.64],"v":[0,5.42,-0.4],"sup":false,"spd":8.65,"cr":false,"ev":""}
JS: {"t":12.6,"mode":"traverse","p":[-0.71,23.76,-81.64],"v":[0,5.42,-0.4],"sup":false,"spd":8.65,"cr":false,"ev":""}
JS: {"t":12.62,"mode":"traverse","p":[-0.71,23.85,-81.65],"v":[0,5.42,-0.4],"sup":false,"spd":8.65,"cr":false,"ev":""}
JS: {"t":12.63,"mode":"traverse","p":[-0.71,23.94,-81.66],"v":[0,1.08,-0.4],"sup":false,"spd":8.65,"cr":false,"ev":""}
JS: {"t":12.65,"mode":"traverse","p":[-0.71,23.96,-81.66],"v":[0,0,-3],"sup":false,"spd":8.65,"cr":false,"ev":""}
JS: checkpoint 3 12.33
JS: {"t":12.67,"mode":"traverse","p":[-0.71,23.96,-81.71],"v":[0,0,-3],"sup":false,"spd":8.65,"cr":false,"ev":""}
JS: {"t":12.68,"mode":"traverse","p":[-0.71,23.96,-81.76],"v":[0,0,-3],"sup":false,"spd":8.65,"cr":false,"ev":""}
JS: {"t":12.7,"mode":"traverse","p":[-0.71,23.96,-81.81],"v":[0,0,-3],"sup":true,"spd":8.65,"cr":false,"ev":""}
JS: {"t":12.72,"mode":"traverse","p":[-0.71,23.88,-81.84],"v":[0,0,-3],"sup":true,"spd":8.65,"cr":false,"ev":""}
JS: {"t":12.73,"mode":"traverse","p":[-0.71,23.9,-81.88],"v":[0,0,-3],"sup":true,"spd":8.65,"cr":false,"ev":""}
JS: {"t":12.75,"mode":"traverse","p":[-0.71,23.91,-81.92],"v":[0,0,-3],"sup":true,"spd":8.65,"cr":false,"ev":""}
JS: {"t":12.77,"mode":"traverse","p":[-0.71,23.92,-81.97],"v":[0,0,-3],"sup":true,"spd":8.65,"cr":false,"ev":""}
JS: {"t":12.78,"mode":"traverse","p":[-0.71,23.92,-82.02],"v":[0,0,-3],"sup":true,"spd":8.65,"cr":false,"ev":""}
JS: {"t":12.8,"mode":"traverse","p":[-0.71,23.92,-82.07],"v":[0,0,-3],"sup":true,"spd":8.65,"cr":false,"ev":""}
JS: {"t":12.82,"mode":"traverse","p":[-0.71,23.92,-82.12],"v":[0,0,-3],"sup":true,"spd":8.65,"cr":false,"ev":""}
JS: {"t":12.83,"mode":"traverse","p":[-0.71,23.92,-82.17],"v":[0,0,-3],"sup":true,"spd":8.65,"cr":false,"ev":""}
JS: {"t":12.85,"mode":"air","p":[-0.71,23.92,-82.22],"v":[0,-0.5,-3],"sup":true,"spd":8.65,"cr":false,"ev":""}
JS: {"t":12.87,"mode":"ground","p":[-0.71,23.92,-82.27],"v":[0,-0.6,-3.75],"sup":true,"spd":5.6,"cr":false,"ev":""}
JS: {"t":12.88,"mode":"ground","p":[-0.71,23.92,-82.33],"v":[0,-0.6,-4.5],"sup":true,"spd":5.7,"cr":false,"ev":""}
JS: {"t":12.9,"mode":"ground","p":[-0.71,23.92,-82.4],"v":[0,-0.6,-5.25],"sup":true,"spd":5.8,"cr":false,"ev":""}
JS: {"t":12.92,"mode":"ground","p":[-0.71,23.92,-82.49],"v":[0,-0.6,-5.9],"sup":true,"spd":5.9,"cr":false,"ev":""}
JS: {"t":12.93,"mode":"ground","p":[-0.71,23.92,-82.59],"v":[0,-0.6,-6],"sup":true,"spd":6,"cr":false,"ev":""}
JS: {"t":12.95,"mode":"ground","p":[-0.71,23.92,-82.69],"v":[0,-0.6,-6.1],"sup":true,"spd":6.1,"cr":false,"ev":""}
JS: {"t":12.97,"mode":"ground","p":[-0.71,23.92,-82.79],"v":[0,-0.6,-6.2],"sup":true,"spd":6.2,"cr":false,"ev":""}
JS: {"t":12.98,"mode":"ground","p":[-0.71,23.92,-82.9],"v":[0,-0.6,-6.3],"sup":true,"spd":6.3,"cr":false,"ev":""}
JS: {"t":13,"mode":"ground","p":[-0.71,23.92,-83],"v":[0,-0.6,-6.4],"sup":true,"spd":6.4,"cr":false,"ev":""}
JS: {"t":13.02,"mode":"ground","p":[-0.71,23.92,-83.11],"v":[0,-0.6,-6.5],"sup":true,"spd":6.5,"cr":false,"ev":""}
JS: {"t":13.03,"mode":"ground","p":[-0.71,23.92,-83.22],"v":[0,-0.6,-6.55],"sup":true,"spd":6.55,"cr":false,"ev":""}
JS: {"t":13.05,"mode":"ground","p":[-0.71,23.92,-83.32],"v":[0,-0.6,-6.6],"sup":true,"spd":6.6,"cr":false,"ev":""}
JS: {"t":13.07,"mode":"ground","p":[-0.71,23.92,-83.43],"v":[0,-0.6,-6.65],"sup":true,"spd":6.65,"cr":false,"ev":""}
JS: {"t":13.08,"mode":"ground","p":[-0.71,23.92,-83.55],"v":[0,-0.6,-6.7],"sup":true,"spd":6.7,"cr":false,"ev":""}
JS: {"t":13.1,"mode":"ground","p":[-0.71,23.92,-83.66],"v":[0,-0.6,-6.75],"sup":true,"spd":6.75,"cr":false,"ev":""}
JS: {"t":13.12,"mode":"ground","p":[-0.71,23.92,-83.77],"v":[0,-0.6,-6.8],"sup":true,"spd":6.8,"cr":false,"ev":""}
JS: {"t":13.13,"mode":"ground","p":[-0.71,23.92,-83.88],"v":[0,-0.6,-6.85],"sup":true,"spd":6.85,"cr":false,"ev":""}
JS: {"t":13.15,"mode":"ground","p":[-0.71,23.92,-84],"v":[0,-0.6,-6.9],"sup":true,"spd":6.9,"cr":false,"ev":""}
JS: {"t":13.17,"mode":"ground","p":[-0.71,23.92,-84.11],"v":[0,-0.6,-6.95],"sup":true,"spd":6.95,"cr":false,"ev":""}
JS: {"t":13.18,"mode":"ground","p":[-0.71,23.92,-84.23],"v":[0,-0.6,-7],"sup":true,"spd":7,"cr":false,"ev":""}
JS: {"t":13.2,"mode":"ground","p":[-0.71,23.92,-84.34],"v":[0,-0.6,-7.05],"sup":true,"spd":7.05,"cr":false,"ev":""}
JS: {"t":13.22,"mode":"ground","p":[-0.71,23.92,-84.46],"v":[0,-0.6,-7.1],"sup":true,"spd":7.1,"cr":false,"ev":""}
JS: {"t":13.23,"mode":"ground","p":[-0.71,23.92,-84.58],"v":[0,-0.6,-7.15],"sup":true,"spd":7.15,"cr":false,"ev":""}
JS: {"t":13.25,"mode":"ground","p":[-0.71,23.92,-84.7],"v":[0,-0.6,-7.2],"sup":true,"spd":7.2,"cr":false,"ev":""}
JS: {"t":13.27,"mode":"ground","p":[-0.71,23.92,-84.82],"v":[0,-0.6,-7.25],"sup":true,"spd":7.25,"cr":false,"ev":""}
JS: {"t":13.28,"mode":"ground","p":[-0.71,23.92,-84.94],"v":[0,-0.6,-7.3],"sup":true,"spd":7.3,"cr":false,"ev":""}
JS: {"t":13.3,"mode":"ground","p":[-0.71,23.92,-85.06],"v":[0,-0.6,-7.35],"sup":true,"spd":7.35,"cr":false,"ev":""}
JS: {"t":13.32,"mode":"ground","p":[-0.71,23.92,-85.18],"v":[0,-0.6,-7.4],"sup":true,"spd":7.4,"cr":false,"ev":""}
JS: {"t":13.33,"mode":"ground","p":[-0.71,23.92,-85.31],"v":[0,-0.6,-7.45],"sup":true,"spd":7.45,"cr":false,"ev":""}
JS: {"t":13.35,"mode":"ground","p":[-0.71,23.92,-85.43],"v":[0,-0.6,-7.5],"sup":true,"spd":7.5,"cr":false,"ev":""}
JS: {"t":13.37,"mode":"ground","p":[-0.71,23.92,-85.56],"v":[0,-0.6,-7.55],"sup":true,"spd":7.55,"cr":false,"ev":""}
JS: {"t":13.38,"mode":"ground","p":[-0.71,23.92,-85.68],"v":[0,-0.6,-7.6],"sup":true,"spd":7.6,"cr":false,"ev":""}
JS: {"t":13.4,"mode":"ground","p":[-0.71,23.92,-85.81],"v":[0,-0.6,-7.65],"sup":true,"spd":7.65,"cr":false,"ev":""}
JS: {"t":13.42,"mode":"ground","p":[-0.71,23.92,-85.94],"v":[0,-0.6,-7.7],"sup":true,"spd":7.7,"cr":false,"ev":""}
JS: {"t":13.43,"mode":"ground","p":[-0.71,23.92,-86.07],"v":[0,-0.6,-7.75],"sup":true,"spd":7.75,"cr":false,"ev":""}
JS: {"t":13.45,"mode":"ground","p":[-0.71,23.92,-86.19],"v":[0,-0.6,-7.8],"sup":true,"spd":7.8,"cr":false,"ev":""}
JS: {"t":13.47,"mode":"ground","p":[-0.71,23.92,-86.32],"v":[0,-0.6,-7.85],"sup":true,"spd":7.85,"cr":false,"ev":""}
JS: {"t":13.48,"mode":"ground","p":[-0.71,23.92,-86.46],"v":[0,-0.6,-7.9],"sup":true,"spd":7.9,"cr":false,"ev":""}
JS: AUTO step 15 {"z":-90.2,"my":1,"d":12}
JS: {"t":13.5,"mode":"ground","p":[-0.71,23.92,-86.59],"v":[0,-0.6,-7.95],"sup":true,"spd":7.95,"cr":false,"ev":""}
JS: {"t":13.52,"mode":"ground","p":[-0.71,23.92,-86.72],"v":[0,-0.6,-8],"sup":true,"spd":8,"cr":false,"ev":""}
JS: {"t":13.53,"mode":"ground","p":[-0.71,23.92,-86.85],"v":[0,-0.6,-8.05],"sup":true,"spd":8.05,"cr":false,"ev":""}
JS: {"t":13.55,"mode":"ground","p":[-0.71,23.92,-86.99],"v":[0,-0.6,-8.1],"sup":true,"spd":8.1,"cr":false,"ev":""}
JS: {"t":13.57,"mode":"ground","p":[-0.71,23.92,-87.12],"v":[0,-0.6,-8.15],"sup":true,"spd":8.15,"cr":false,"ev":""}
JS: {"t":13.58,"mode":"ground","p":[-0.71,23.92,-87.26],"v":[0,-0.6,-8.2],"sup":true,"spd":8.2,"cr":false,"ev":""}
JS: {"t":13.6,"mode":"ground","p":[-0.71,23.92,-87.39],"v":[0,-0.6,-8.25],"sup":true,"spd":8.25,"cr":false,"ev":""}
JS: {"t":13.62,"mode":"ground","p":[-0.71,23.92,-87.53],"v":[0,-0.6,-8.3],"sup":true,"spd":8.3,"cr":false,"ev":""}
JS: {"t":13.63,"mode":"ground","p":[-0.71,23.92,-87.67],"v":[0,-0.6,-8.35],"sup":true,"spd":8.35,"cr":false,"ev":""}
JS: {"t":13.65,"mode":"ground","p":[-0.71,23.92,-87.81],"v":[0,-0.6,-8.4],"sup":true,"spd":8.4,"cr":false,"ev":""}
JS: {"t":13.67,"mode":"ground","p":[-0.71,23.92,-87.95],"v":[0,-0.6,-8.4],"sup":true,"spd":8.4,"cr":false,"ev":""}
JS: {"t":13.68,"mode":"ground","p":[-0.71,23.92,-88.09],"v":[0,-0.6,-8.4],"sup":true,"spd":8.4,"cr":false,"ev":""}
JS: {"t":13.7,"mode":"ground","p":[-0.71,23.92,-88.23],"v":[0,-0.6,-8.4],"sup":true,"spd":8.4,"cr":false,"ev":""}
JS: {"t":13.72,"mode":"ground","p":[-0.71,23.92,-88.37],"v":[0,-0.6,-8.4],"sup":true,"spd":8.4,"cr":false,"ev":""}
JS: {"t":13.73,"mode":"ground","p":[-0.71,23.92,-88.51],"v":[0,-0.6,-8.4],"sup":true,"spd":8.4,"cr":false,"ev":""}
JS: {"t":13.75,"mode":"ground","p":[-0.71,23.92,-88.65],"v":[0,-0.6,-8.4],"sup":true,"spd":8.4,"cr":false,"ev":""}
JS: {"t":13.77,"mode":"ground","p":[-0.71,23.92,-88.79],"v":[0,-0.6,-8.4],"sup":true,"spd":8.4,"cr":false,"ev":""}
JS: {"t":13.78,"mode":"ground","p":[-0.71,23.92,-88.93],"v":[0,-0.6,-8.4],"sup":true,"spd":8.4,"cr":false,"ev":""}
JS: {"t":13.8,"mode":"ground","p":[-0.71,23.92,-89.07],"v":[0,-0.6,-8.4],"sup":true,"spd":8.4,"cr":false,"ev":""}
JS: {"t":13.82,"mode":"ground","p":[-0.71,23.92,-89.21],"v":[0,-0.6,-8.4],"sup":true,"spd":8.4,"cr":false,"ev":""}
JS: {"t":13.83,"mode":"ground","p":[-0.71,23.92,-89.35],"v":[0,-0.6,-8.4],"sup":true,"spd":8.4,"cr":false,"ev":""}
JS: {"t":13.85,"mode":"ground","p":[-0.71,23.92,-89.49],"v":[0,-0.6,-8.4],"sup":true,"spd":8.4,"cr":false,"ev":""}
JS: {"t":13.87,"mode":"ground","p":[-0.71,23.92,-89.63],"v":[0,-0.6,-8.4],"sup":true,"spd":8.4,"cr":false,"ev":""}
JS: {"t":13.88,"mode":"ground","p":[-0.71,23.92,-89.77],"v":[0,-0.6,-8.4],"sup":true,"spd":8.4,"cr":false,"ev":""}
JS: {"t":13.9,"mode":"ground","p":[-0.71,23.92,-89.91],"v":[0,-0.6,-8.4],"sup":true,"spd":8.4,"cr":false,"ev":""}
JS: {"t":13.92,"mode":"ground","p":[-0.71,23.92,-90.05],"v":[0,-0.6,-8.4],"sup":true,"spd":8.4,"cr":false,"ev":""}
JS: {"t":13.93,"mode":"ground","p":[-0.71,23.92,-90.19],"v":[0,-0.6,-8.4],"sup":true,"spd":8.4,"cr":false,"ev":""}
JS: AUTO step 16 {"d":1.3,"my":1,"slide":1}
JS: {"t":13.95,"mode":"slide","p":[-0.71,23.92,-90.33],"v":[0,-0.6,-9.8],"sup":true,"spd":8.4,"cr":true,"ev":"slide"}
JS: {"t":13.97,"mode":"slide","p":[-0.71,23.92,-90.49],"v":[0,-0.6,-9.75],"sup":true,"spd":8.4,"cr":true,"ev":""}
JS: {"t":13.98,"mode":"slide","p":[-0.71,23.92,-90.66],"v":[0,-0.6,-9.69],"sup":true,"spd":8.4,"cr":true,"ev":""}
JS: {"t":14,"mode":"slide","p":[-0.71,23.92,-90.82],"v":[0,-0.6,-9.64],"sup":true,"spd":8.4,"cr":true,"ev":""}
JS: {"t":14.02,"mode":"slide","p":[-0.71,23.92,-90.98],"v":[0,-0.6,-9.59],"sup":true,"spd":8.4,"cr":true,"ev":""}
JS: {"t":14.03,"mode":"slide","p":[-0.71,23.92,-91.14],"v":[0,-0.6,-9.53],"sup":true,"spd":8.4,"cr":true,"ev":""}
JS: {"t":14.05,"mode":"slide","p":[-0.71,23.92,-91.3],"v":[0,-0.6,-9.48],"sup":true,"spd":8.4,"cr":true,"ev":""}
JS: {"t":14.07,"mode":"slide","p":[-0.71,23.92,-91.45],"v":[0,-0.6,-9.43],"sup":true,"spd":8.4,"cr":true,"ev":""}
JS: {"t":14.08,"mode":"slide","p":[-0.71,23.92,-91.61],"v":[0,-0.6,-9.37],"sup":true,"spd":8.4,"cr":true,"ev":""}
JS: {"t":14.1,"mode":"slide","p":[-0.71,23.92,-91.77],"v":[0,-0.6,-9.32],"sup":true,"spd":8.4,"cr":true,"ev":""}
JS: {"t":14.12,"mode":"slide","p":[-0.71,23.92,-91.92],"v":[0,-0.6,-9.27],"sup":true,"spd":8.4,"cr":true,"ev":""}
JS: {"t":14.13,"mode":"slide","p":[-0.71,23.92,-92.08],"v":[0,-0.6,-9.21],"sup":true,"spd":8.4,"cr":true,"ev":""}
JS: {"t":14.15,"mode":"slide","p":[-0.71,23.92,-92.23],"v":[0,-0.6,-9.16],"sup":true,"spd":8.4,"cr":true,"ev":""}
JS: {"t":14.17,"mode":"slide","p":[-0.71,23.92,-92.38],"v":[0,-0.6,-9.11],"sup":true,"spd":8.4,"cr":true,"ev":""}
JS: {"t":14.18,"mode":"slide","p":[-0.71,23.92,-92.54],"v":[0,-0.6,-9.05],"sup":true,"spd":8.4,"cr":true,"ev":""}
JS: {"t":14.2,"mode":"slide","p":[-0.71,23.92,-92.69],"v":[0,-0.6,-9],"sup":true,"spd":8.4,"cr":true,"ev":""}
JS: {"t":14.22,"mode":"slide","p":[-0.71,23.92,-92.84],"v":[0,-0.6,-8.95],"sup":true,"spd":8.4,"cr":true,"ev":""}
JS: {"t":14.23,"mode":"slide","p":[-0.71,23.92,-92.99],"v":[0,-0.6,-8.89],"sup":true,"spd":8.4,"cr":true,"ev":""}
JS: {"t":14.25,"mode":"slide","p":[-0.71,23.92,-93.13],"v":[0,-0.6,-8.84],"sup":true,"spd":8.4,"cr":true,"ev":""}
JS: {"t":14.27,"mode":"slide","p":[-0.71,23.92,-93.28],"v":[0,-0.6,-8.79],"sup":true,"spd":8.4,"cr":true,"ev":""}
JS: {"t":14.28,"mode":"slide","p":[-0.71,23.92,-93.43],"v":[0,-0.6,-8.73],"sup":true,"spd":8.4,"cr":true,"ev":""}
JS: {"t":14.3,"mode":"slide","p":[-0.71,23.92,-93.57],"v":[0,-0.6,-8.68],"sup":true,"spd":8.4,"cr":true,"ev":""}
JS: {"t":14.32,"mode":"slide","p":[-0.71,23.92,-93.72],"v":[0,-0.6,-8.63],"sup":true,"spd":8.4,"cr":true,"ev":""}
JS: {"t":14.33,"mode":"slide","p":[-0.71,23.92,-93.86],"v":[0,-0.6,-8.57],"sup":true,"spd":8.4,"cr":true,"ev":""}
JS: {"t":14.35,"mode":"slide","p":[-0.71,23.92,-94],"v":[0,-0.6,-8.52],"sup":true,"spd":8.4,"cr":true,"ev":""}
JS: {"t":14.37,"mode":"slide","p":[-0.71,23.92,-94.15],"v":[0,-0.6,-8.47],"sup":true,"spd":8.4,"cr":true,"ev":""}
JS: {"t":14.38,"mode":"slide","p":[-0.71,23.92,-94.29],"v":[0,-0.6,-8.41],"sup":true,"spd":8.4,"cr":true,"ev":""}
JS: {"t":14.4,"mode":"slide","p":[-0.71,23.92,-94.43],"v":[0,-0.6,-8.36],"sup":true,"spd":8.4,"cr":true,"ev":""}
JS: {"t":14.42,"mode":"slide","p":[-0.71,23.92,-94.57],"v":[0,-0.6,-8.31],"sup":true,"spd":8.4,"cr":true,"ev":""}
JS: {"t":14.43,"mode":"slide","p":[-0.71,23.92,-94.71],"v":[0,-0.6,-8.25],"sup":true,"spd":8.4,"cr":true,"ev":""}
JS: {"t":14.45,"mode":"slide","p":[-0.71,23.92,-94.84],"v":[0,-0.6,-8.2],"sup":true,"spd":8.4,"cr":true,"ev":""}
JS: {"t":14.47,"mode":"slide","p":[-0.71,23.92,-94.98],"v":[0,-0.6,-8.15],"sup":true,"spd":8.4,"cr":true,"ev":""}
JS: {"t":14.48,"mode":"slide","p":[-0.71,23.92,-95.12],"v":[0,-0.6,-8.09],"sup":true,"spd":8.4,"cr":true,"ev":""}
JS: {"t":14.5,"mode":"slide","p":[-0.71,23.92,-95.25],"v":[0,-0.6,-8.04],"sup":true,"spd":8.4,"cr":true,"ev":""}
JS: {"t":14.52,"mode":"slide","p":[-0.71,23.92,-95.38],"v":[0,-0.6,-7.99],"sup":true,"spd":8.4,"cr":true,"ev":""}
JS: {"t":14.53,"mode":"slide","p":[-0.71,23.92,-95.52],"v":[0,-0.6,-7.93],"sup":true,"spd":8.4,"cr":true,"ev":""}
JS: {"t":14.55,"mode":"slide","p":[-0.71,23.92,-95.65],"v":[0,-0.6,-7.88],"sup":true,"spd":8.4,"cr":true,"ev":""}
JS: {"t":14.57,"mode":"slide","p":[-0.71,23.92,-95.78],"v":[0,-0.6,-7.83],"sup":true,"spd":8.4,"cr":true,"ev":""}
JS: {"t":14.58,"mode":"slide","p":[-0.71,23.92,-95.91],"v":[0,-0.6,-7.77],"sup":true,"spd":8.4,"cr":true,"ev":""}
JS: {"t":14.6,"mode":"slide","p":[-0.71,23.92,-96.04],"v":[0,-0.6,-7.72],"sup":true,"spd":8.4,"cr":true,"ev":""}
JS: {"t":14.62,"mode":"slide","p":[-0.71,23.92,-96.17],"v":[0,-0.6,-7.67],"sup":true,"spd":8.4,"cr":true,"ev":""}
JS: {"t":14.63,"mode":"slide","p":[-0.71,23.92,-96.3],"v":[0,-0.6,-7.61],"sup":true,"spd":8.4,"cr":true,"ev":""}
JS: {"t":14.65,"mode":"slide","p":[-0.71,23.92,-96.42],"v":[0,-0.6,-7.56],"sup":true,"spd":8.4,"cr":true,"ev":""}
JS: {"t":14.67,"mode":"slide","p":[-0.71,23.92,-96.55],"v":[0,-0.6,-7.51],"sup":true,"spd":8.4,"cr":true,"ev":""}
JS: {"t":14.68,"mode":"slide","p":[-0.71,23.92,-96.68],"v":[0,-0.6,-7.45],"sup":true,"spd":8.4,"cr":true,"ev":""}
JS: {"t":14.7,"mode":"slide","p":[-0.71,23.92,-96.8],"v":[0,-0.6,-7.4],"sup":true,"spd":8.4,"cr":true,"ev":""}
JS: {"t":14.72,"mode":"slide","p":[-0.71,23.92,-96.92],"v":[0,-0.6,-7.35],"sup":true,"spd":8.4,"cr":true,"ev":""}
JS: {"t":14.73,"mode":"slide","p":[-0.71,23.92,-97.05],"v":[0,-0.6,-7.29],"sup":true,"spd":8.4,"cr":true,"ev":""}
JS: {"t":14.75,"mode":"slide","p":[-0.71,23.92,-97.17],"v":[0,-0.6,-7.24],"sup":true,"spd":8.4,"cr":true,"ev":""}
JS: {"t":14.77,"mode":"slide","p":[-0.71,23.92,-97.29],"v":[0,-0.6,-7.19],"sup":true,"spd":8.4,"cr":true,"ev":""}
JS: {"t":14.78,"mode":"slide","p":[-0.71,23.92,-97.41],"v":[0,-0.6,-7.13],"sup":true,"spd":8.4,"cr":true,"ev":""}
JS: {"t":14.8,"mode":"slide","p":[-0.71,23.92,-97.53],"v":[0,-0.6,-7.08],"sup":true,"spd":8.4,"cr":true,"ev":""}
JS: {"t":14.82,"mode":"slide","p":[-0.71,23.92,-97.64],"v":[0,-0.6,-7.03],"sup":true,"spd":8.4,"cr":true,"ev":""}
JS: {"t":14.83,"mode":"slide","p":[-0.71,23.92,-97.76],"v":[0,-0.6,-6.97],"sup":true,"spd":8.4,"cr":true,"ev":""}
JS: {"t":14.85,"mode":"slide","p":[-0.71,23.92,-97.88],"v":[0,-0.6,-6.92],"sup":true,"spd":8.4,"cr":true,"ev":""}
JS: {"t":14.87,"mode":"slide","p":[-0.71,23.92,-97.99],"v":[0,-0.6,-6.87],"sup":true,"spd":8.4,"cr":true,"ev":""}
JS: {"t":14.88,"mode":"slide","p":[-0.71,23.92,-98.11],"v":[0,-0.6,-6.81],"sup":true,"spd":8.4,"cr":true,"ev":""}
JS: {"t":14.9,"mode":"slide","p":[-0.71,23.92,-98.22],"v":[0,-0.6,-6.76],"sup":true,"spd":8.4,"cr":true,"ev":""}
JS: {"t":14.92,"mode":"slide","p":[-0.71,23.92,-98.33],"v":[0,-0.6,-6.71],"sup":true,"spd":8.4,"cr":true,"ev":""}
JS: {"t":14.93,"mode":"slide","p":[-0.71,23.92,-98.45],"v":[0,-0.6,-6.65],"sup":true,"spd":8.4,"cr":true,"ev":""}
JS: {"t":14.95,"mode":"slide","p":[-0.71,23.92,-98.56],"v":[0,-0.6,-6.6],"sup":true,"spd":8.4,"cr":true,"ev":""}
JS: {"t":14.97,"mode":"slide","p":[-0.71,23.92,-98.67],"v":[0,-0.6,-6.55],"sup":true,"spd":8.4,"cr":true,"ev":""}
JS: {"t":14.98,"mode":"slide","p":[-0.71,23.92,-98.78],"v":[0,-0.6,-6.49],"sup":true,"spd":8.4,"cr":true,"ev":""}
JS: {"t":15,"mode":"slide","p":[-0.71,23.92,-98.88],"v":[0,-0.6,-6.44],"sup":true,"spd":8.4,"cr":true,"ev":""}
JS: {"t":15.02,"mode":"slide","p":[-0.71,23.92,-98.99],"v":[0,-0.6,-6.39],"sup":true,"spd":8.4,"cr":true,"ev":""}
JS: {"t":15.03,"mode":"slide","p":[-0.71,23.92,-99.1],"v":[0,-0.6,-6.33],"sup":true,"spd":8.4,"cr":true,"ev":""}
JS: {"t":15.05,"mode":"slide","p":[-0.71,23.92,-99.2],"v":[0,-0.6,-6.28],"sup":true,"spd":8.4,"cr":true,"ev":""}
JS: {"t":15.07,"mode":"slide","p":[-0.71,23.92,-99.31],"v":[0,-0.6,-6.23],"sup":true,"spd":8.4,"cr":true,"ev":""}
JS: {"t":15.08,"mode":"slide","p":[-0.71,23.92,-99.41],"v":[0,-0.6,-6.17],"sup":true,"spd":8.4,"cr":true,"ev":""}
JS: {"t":15.1,"mode":"slide","p":[-0.71,23.92,-99.51],"v":[0,-0.6,-6.12],"sup":true,"spd":8.4,"cr":true,"ev":""}
JS: {"t":15.12,"mode":"slide","p":[-0.71,23.92,-99.62],"v":[0,-0.6,-6.07],"sup":true,"spd":8.4,"cr":true,"ev":""}
JS: {"t":15.13,"mode":"slide","p":[-0.71,23.92,-99.72],"v":[0,-0.6,-6.01],"sup":true,"spd":8.4,"cr":true,"ev":""}
JS: {"t":15.15,"mode":"slide","p":[-0.71,23.92,-99.82],"v":[0,-0.6,-5.96],"sup":true,"spd":8.4,"cr":true,"ev":""}
JS: {"t":15.17,"mode":"slide","p":[-0.71,23.92,-99.92],"v":[0,-0.6,-5.91],"sup":true,"spd":8.4,"cr":true,"ev":""}
JS: {"t":15.18,"mode":"slide","p":[-0.71,23.92,-100.02],"v":[0,-0.6,-5.85],"sup":true,"spd":8.4,"cr":true,"ev":""}
JS: {"t":15.2,"mode":"slide","p":[-0.71,23.92,-100.11],"v":[0,-0.6,-5.8],"sup":true,"spd":8.4,"cr":true,"ev":""}
JS: {"t":15.22,"mode":"slide","p":[-0.71,23.92,-100.21],"v":[0,-0.6,-5.75],"sup":true,"spd":8.4,"cr":true,"ev":""}
JS: {"t":15.23,"mode":"slide","p":[-0.71,23.92,-100.31],"v":[0,-0.6,-5.69],"sup":true,"spd":8.4,"cr":true,"ev":""}
JS: AUTO step 17 {"z":-109.5,"my":1,"d":12}
JS: {"t":15.25,"mode":"ground","p":[-0.71,23.92,-100.4],"v":[0,-0.6,-5.64],"sup":true,"spd":5.64,"cr":false,"ev":""}
JS: {"t":15.27,"mode":"ground","p":[-0.71,23.92,-100.49],"v":[0,-0.6,-5.74],"sup":true,"spd":5.74,"cr":false,"ev":""}
JS: {"t":15.28,"mode":"ground","p":[-0.71,23.92,-100.59],"v":[0,-0.6,-5.84],"sup":true,"spd":5.84,"cr":false,"ev":""}
JS: {"t":15.3,"mode":"ground","p":[-0.71,23.92,-100.69],"v":[0,-0.6,-5.94],"sup":true,"spd":5.94,"cr":false,"ev":""}
JS: {"t":15.32,"mode":"ground","p":[-0.71,23.92,-100.79],"v":[0,-0.6,-6.04],"sup":true,"spd":6.04,"cr":false,"ev":""}
JS: {"t":15.33,"mode":"ground","p":[-0.71,23.92,-100.89],"v":[0,-0.6,-6.14],"sup":true,"spd":6.14,"cr":false,"ev":""}
JS: {"t":15.35,"mode":"ground","p":[-0.71,23.92,-100.99],"v":[0,-0.6,-6.24],"sup":true,"spd":6.24,"cr":false,"ev":""}
JS: {"t":15.37,"mode":"ground","p":[-0.71,23.92,-101.09],"v":[0,-0.6,-6.34],"sup":true,"spd":6.34,"cr":false,"ev":""}
JS: {"t":15.38,"mode":"ground","p":[-0.71,23.92,-101.2],"v":[0,-0.6,-6.44],"sup":true,"spd":6.44,"cr":false,"ev":""}
JS: {"t":15.4,"mode":"ground","p":[-0.71,23.92,-101.31],"v":[0,-0.6,-6.54],"sup":true,"spd":6.54,"cr":false,"ev":""}
JS: {"t":15.42,"mode":"ground","p":[-0.71,23.92,-101.41],"v":[0,-0.6,-6.59],"sup":true,"spd":6.59,"cr":false,"ev":""}
JS: {"t":15.43,"mode":"ground","p":[-0.71,23.92,-101.52],"v":[0,-0.6,-6.64],"sup":true,"spd":6.64,"cr":false,"ev":""}
JS: {"t":15.45,"mode":"ground","p":[-0.71,23.92,-101.64],"v":[0,-0.6,-6.69],"sup":true,"spd":6.69,"cr":false,"ev":""}
JS: {"t":15.47,"mode":"ground","p":[-0.71,23.92,-101.75],"v":[0,-0.6,-6.74],"sup":true,"spd":6.74,"cr":false,"ev":""}
JS: {"t":15.48,"mode":"ground","p":[-0.71,23.92,-101.86],"v":[0,-0.6,-6.79],"sup":true,"spd":6.79,"cr":false,"ev":""}
JS: {"t":15.5,"mode":"ground","p":[-0.71,23.92,-101.97],"v":[0,-0.6,-6.84],"sup":true,"spd":6.84,"cr":false,"ev":""}
JS: {"t":15.52,"mode":"ground","p":[-0.71,23.92,-102.09],"v":[0,-0.6,-6.89],"sup":true,"spd":6.89,"cr":false,"ev":""}
JS: {"t":15.53,"mode":"ground","p":[-0.71,23.92,-102.2],"v":[0,-0.6,-6.94],"sup":true,"spd":6.94,"cr":false,"ev":""}
JS: {"t":15.55,"mode":"ground","p":[-0.71,23.92,-102.32],"v":[0,-0.6,-6.99],"sup":true,"spd":6.99,"cr":false,"ev":""}
JS: {"t":15.57,"mode":"ground","p":[-0.71,23.92,-102.43],"v":[0,-0.6,-7.04],"sup":true,"spd":7.04,"cr":false,"ev":""}
JS: {"t":15.58,"mode":"ground","p":[-0.71,23.92,-102.55],"v":[0,-0.6,-7.09],"sup":true,"spd":7.09,"cr":false,"ev":""}
JS: {"t":15.6,"mode":"ground","p":[-0.71,23.92,-102.67],"v":[0,-0.6,-7.14],"sup":true,"spd":7.14,"cr":false,"ev":""}
JS: {"t":15.62,"mode":"ground","p":[-0.71,23.92,-102.79],"v":[0,-0.6,-7.19],"sup":true,"spd":7.19,"cr":false,"ev":""}
JS: {"t":15.63,"mode":"ground","p":[-0.71,23.92,-102.91],"v":[0,-0.6,-7.24],"sup":true,"spd":7.24,"cr":false,"ev":""}
JS: {"t":15.65,"mode":"ground","p":[-0.71,23.92,-103.03],"v":[0,-0.6,-7.29],"sup":true,"spd":7.29,"cr":false,"ev":""}
JS: {"t":15.67,"mode":"ground","p":[-0.71,23.92,-103.15],"v":[0,-0.6,-7.34],"sup":true,"spd":7.34,"cr":false,"ev":""}
JS: {"t":15.68,"mode":"ground","p":[-0.71,23.92,-103.27],"v":[0,-0.6,-7.39],"sup":true,"spd":7.39,"cr":false,"ev":""}
JS: {"t":15.7,"mode":"ground","p":[-0.71,23.92,-103.4],"v":[0,-0.6,-7.44],"sup":true,"spd":7.44,"cr":false,"ev":""}
JS: {"t":15.72,"mode":"ground","p":[-0.71,23.92,-103.52],"v":[0,-0.6,-7.49],"sup":true,"spd":7.49,"cr":false,"ev":""}
JS: {"t":15.73,"mode":"ground","p":[-0.71,23.92,-103.64],"v":[0,-0.6,-7.54],"sup":true,"spd":7.54,"cr":false,"ev":""}
JS: {"t":15.75,"mode":"ground","p":[-0.71,23.92,-103.77],"v":[0,-0.6,-7.59],"sup":true,"spd":7.59,"cr":false,"ev":""}
JS: {"t":15.77,"mode":"ground","p":[-0.71,23.92,-103.9],"v":[0,-0.6,-7.64],"sup":true,"spd":7.64,"cr":false,"ev":""}
JS: {"t":15.78,"mode":"ground","p":[-0.71,23.92,-104.02],"v":[0,-0.6,-7.69],"sup":true,"spd":7.69,"cr":false,"ev":""}
JS: {"t":15.8,"mode":"ground","p":[-0.71,23.92,-104.15],"v":[0,-0.6,-7.74],"sup":true,"spd":7.74,"cr":false,"ev":""}
JS: {"t":15.82,"mode":"ground","p":[-0.71,23.92,-104.28],"v":[0,-0.6,-7.79],"sup":true,"spd":7.79,"cr":false,"ev":""}
JS: {"t":15.83,"mode":"ground","p":[-0.71,23.92,-104.41],"v":[0,-0.6,-7.84],"sup":true,"spd":7.84,"cr":false,"ev":""}
JS: {"t":15.85,"mode":"ground","p":[-0.71,23.92,-104.54],"v":[0,-0.6,-7.89],"sup":true,"spd":7.89,"cr":false,"ev":""}
JS: {"t":15.87,"mode":"ground","p":[-0.71,23.92,-104.67],"v":[0,-0.6,-7.94],"sup":true,"spd":7.94,"cr":false,"ev":""}
JS: {"t":15.88,"mode":"ground","p":[-0.71,23.92,-104.81],"v":[0,-0.6,-7.99],"sup":true,"spd":7.99,"cr":false,"ev":""}
JS: {"t":15.9,"mode":"ground","p":[-0.71,23.92,-104.94],"v":[0,-0.6,-8.04],"sup":true,"spd":8.04,"cr":false,"ev":""}
JS: {"t":15.92,"mode":"ground","p":[-0.71,23.92,-105.07],"v":[0,-0.6,-8.09],"sup":true,"spd":8.09,"cr":false,"ev":""}
JS: {"t":15.93,"mode":"ground","p":[-0.71,23.92,-105.21],"v":[0,-0.6,-8.14],"sup":true,"spd":8.14,"cr":false,"ev":""}
JS: {"t":15.95,"mode":"ground","p":[-0.71,23.92,-105.34],"v":[0,-0.6,-8.19],"sup":true,"spd":8.19,"cr":false,"ev":""}
JS: {"t":15.97,"mode":"ground","p":[-0.71,23.92,-105.48],"v":[0,-0.6,-8.24],"sup":true,"spd":8.24,"cr":false,"ev":""}
JS: {"t":15.98,"mode":"ground","p":[-0.71,23.92,-105.62],"v":[0,-0.6,-8.29],"sup":true,"spd":8.29,"cr":false,"ev":""}
JS: {"t":16,"mode":"ground","p":[-0.71,23.92,-105.75],"v":[0,-0.6,-8.34],"sup":true,"spd":8.34,"cr":false,"ev":""}
JS: {"t":16.02,"mode":"ground","p":[-0.71,23.92,-105.89],"v":[0,-0.6,-8.39],"sup":true,"spd":8.39,"cr":false,"ev":""}
JS: {"t":16.03,"mode":"ground","p":[-0.71,23.92,-106.03],"v":[0,-0.6,-8.4],"sup":true,"spd":8.4,"cr":false,"ev":""}
JS: {"t":16.05,"mode":"ground","p":[-0.71,23.92,-106.17],"v":[0,-0.6,-8.4],"sup":true,"spd":8.4,"cr":false,"ev":""}
JS: {"t":16.07,"mode":"ground","p":[-0.71,23.92,-106.31],"v":[0,-0.6,-8.4],"sup":true,"spd":8.4,"cr":false,"ev":""}
JS: {"t":16.08,"mode":"ground","p":[-0.71,23.92,-106.45],"v":[0,-0.6,-8.4],"sup":true,"spd":8.4,"cr":false,"ev":""}
JS: {"t":16.1,"mode":"ground","p":[-0.71,23.92,-106.59],"v":[0,-0.6,-8.4],"sup":true,"spd":8.4,"cr":false,"ev":""}
JS: {"t":16.12,"mode":"ground","p":[-0.71,23.92,-106.73],"v":[0,-0.6,-8.4],"sup":true,"spd":8.4,"cr":false,"ev":""}
JS: {"t":16.13,"mode":"ground","p":[-0.71,23.92,-106.87],"v":[0,-0.6,-8.4],"sup":true,"spd":8.4,"cr":false,"ev":""}
JS: {"t":16.15,"mode":"ground","p":[-0.71,23.92,-107.01],"v":[0,-0.6,-8.4],"sup":true,"spd":8.4,"cr":false,"ev":""}
JS: {"t":16.17,"mode":"ground","p":[-0.71,23.92,-107.15],"v":[0,-0.6,-8.4],"sup":true,"spd":8.4,"cr":false,"ev":""}
JS: {"t":16.18,"mode":"ground","p":[-0.71,23.92,-107.29],"v":[0,-0.6,-8.4],"sup":true,"spd":8.4,"cr":false,"ev":""}
JS: {"t":16.2,"mode":"ground","p":[-0.71,23.92,-107.43],"v":[0,-0.6,-8.4],"sup":true,"spd":8.4,"cr":false,"ev":""}
JS: {"t":16.22,"mode":"ground","p":[-0.71,23.92,-107.57],"v":[0,-0.6,-8.4],"sup":true,"spd":8.4,"cr":false,"ev":""}
JS: {"t":16.23,"mode":"ground","p":[-0.71,23.92,-107.71],"v":[0,-0.6,-8.4],"sup":true,"spd":8.4,"cr":false,"ev":""}
JS: {"t":16.25,"mode":"ground","p":[-0.71,23.92,-107.85],"v":[0,-0.6,-8.4],"sup":true,"spd":8.4,"cr":false,"ev":""}
JS: {"t":16.27,"mode":"ground","p":[-0.71,23.92,-107.99],"v":[0,-0.6,-8.4],"sup":true,"spd":8.4,"cr":false,"ev":""}
JS: {"t":16.28,"mode":"ground","p":[-0.71,23.92,-108.13],"v":[0,-0.6,-8.4],"sup":true,"spd":8.4,"cr":false,"ev":""}
JS: {"t":16.3,"mode":"ground","p":[-0.71,23.92,-108.27],"v":[0,-0.6,-8.4],"sup":true,"spd":8.4,"cr":false,"ev":""}
JS: {"t":16.32,"mode":"ground","p":[-0.71,23.92,-108.41],"v":[0,-0.6,-8.4],"sup":true,"spd":8.4,"cr":false,"ev":""}
JS: {"t":16.33,"mode":"ground","p":[-0.71,23.92,-108.55],"v":[0,-0.6,-8.4],"sup":true,"spd":8.4,"cr":false,"ev":""}
JS: {"t":16.35,"mode":"ground","p":[-0.71,23.92,-108.69],"v":[0,-0.6,-8.4],"sup":true,"spd":8.4,"cr":false,"ev":""}
JS: {"t":16.37,"mode":"ground","p":[-0.71,23.92,-108.83],"v":[0,-0.6,-8.4],"sup":true,"spd":8.4,"cr":false,"ev":""}
JS: {"t":16.38,"mode":"ground","p":[-0.71,23.92,-108.97],"v":[0,-0.6,-8.4],"sup":true,"spd":8.4,"cr":false,"ev":""}
JS: {"t":16.4,"mode":"ground","p":[-0.71,23.92,-109.11],"v":[0,-0.6,-8.4],"sup":true,"spd":8.4,"cr":false,"ev":""}
JS: {"t":16.42,"mode":"ground","p":[-0.71,23.92,-109.25],"v":[0,-0.6,-8.4],"sup":true,"spd":8.4,"cr":false,"ev":""}
JS: {"t":16.43,"mode":"ground","p":[-0.71,23.92,-109.39],"v":[0,-0.6,-8.4],"sup":true,"spd":8.4,"cr":false,"ev":""}
JS: AUTO step 18 {"d":0.15,"my":1,"jump":1}
JS: {"t":16.45,"mode":"air","p":[-0.71,23.92,-109.53],"v":[0,5.1,-8.4],"sup":true,"spd":8.65,"cr":false,"ev":"jump"}
JS: {"t":16.47,"mode":"air","p":[-0.71,24,-109.67],"v":[0,4.94,-8.4],"sup":false,"spd":8.65,"cr":false,"ev":""}
JS: {"t":16.48,"mode":"air","p":[-0.71,24.09,-109.81],"v":[0,4.77,-8.4],"sup":false,"spd":8.65,"cr":false,"ev":""}
JS: {"t":16.5,"mode":"air","p":[-0.71,24.17,-109.95],"v":[0,4.61,-8.4],"sup":false,"spd":8.65,"cr":false,"ev":""}
JS: {"t":16.52,"mode":"air","p":[-0.71,24.24,-110.09],"v":[0,4.45,-8.4],"sup":false,"spd":8.65,"cr":false,"ev":""}
JS: {"t":16.53,"mode":"air","p":[-0.71,24.32,-110.23],"v":[0,4.28,-8.4],"sup":false,"spd":8.65,"cr":false,"ev":""}
JS: {"t":16.55,"mode":"air","p":[-0.71,24.39,-110.37],"v":[0,4.12,-8.4],"sup":false,"spd":8.65,"cr":false,"ev":""}
JS: {"t":16.57,"mode":"air","p":[-0.71,24.46,-110.51],"v":[0,3.96,-8.4],"sup":false,"spd":8.65,"cr":false,"ev":""}
JS: {"t":16.58,"mode":"air","p":[-0.71,24.52,-110.65],"v":[0,3.79,-8.4],"sup":false,"spd":8.65,"cr":false,"ev":""}
JS: AUTO step 19 {"d":0.75,"my":1}
JS: {"t":16.6,"mode":"air","p":[-0.71,24.59,-110.79],"v":[0,3.5,-8.4],"sup":false,"spd":8.65,"cr":false,"ev":""}
JS: {"t":16.62,"mode":"air","p":[-0.71,24.65,-110.93],"v":[0,3.2,-8.4],"sup":false,"spd":8.65,"cr":false,"ev":""}
JS: {"t":16.63,"mode":"air","p":[-0.71,24.7,-111.07],"v":[0,2.91,-8.4],"sup":false,"spd":8.65,"cr":false,"ev":""}
JS: {"t":16.65,"mode":"air","p":[-0.71,24.75,-111.21],"v":[0,2.61,-8.4],"sup":false,"spd":8.65,"cr":false,"ev":""}
JS: {"t":16.67,"mode":"air","p":[-0.71,24.79,-111.35],"v":[0,2.32,-8.4],"sup":false,"spd":8.65,"cr":false,"ev":""}
JS: {"t":16.68,"mode":"air","p":[-0.71,24.83,-111.49],"v":[0,2.03,-8.4],"sup":false,"spd":8.65,"cr":false,"ev":""}
JS: {"t":16.7,"mode":"air","p":[-0.71,24.86,-111.63],"v":[0,1.73,-8.4],"sup":false,"spd":8.65,"cr":false,"ev":""}
JS: {"t":16.72,"mode":"air","p":[-0.71,24.89,-111.77],"v":[0,1.44,-8.4],"sup":false,"spd":8.65,"cr":false,"ev":""}
JS: {"t":16.73,"mode":"air","p":[-0.71,24.92,-111.91],"v":[0,1.14,-8.4],"sup":false,"spd":8.65,"cr":false,"ev":""}
JS: {"t":16.75,"mode":"air","p":[-0.71,24.93,-112.05],"v":[0,0.85,-8.4],"sup":false,"spd":8.65,"cr":false,"ev":""}
JS: {"t":16.77,"mode":"air","p":[-0.71,24.95,-112.19],"v":[0,0.55,-8.4],"sup":false,"spd":8.65,"cr":false,"ev":""}
JS: {"t":16.78,"mode":"air","p":[-0.71,24.96,-112.33],"v":[0,0.26,-8.4],"sup":false,"spd":8.65,"cr":false,"ev":""}
JS: {"t":16.8,"mode":"air","p":[-0.71,24.96,-112.47],"v":[0,-0.03,-8.4],"sup":false,"spd":8.65,"cr":false,"ev":""}
JS: {"t":16.82,"mode":"air","p":[-0.71,24.96,-112.61],"v":[0,-0.25,-8.4],"sup":false,"spd":8.65,"cr":false,"ev":""}
JS: {"t":16.83,"mode":"air","p":[-0.71,24.96,-112.75],"v":[0,-0.48,-8.4],"sup":false,"spd":8.65,"cr":false,"ev":""}
JS: {"t":16.85,"mode":"air","p":[-0.71,24.95,-112.89],"v":[0,-0.7,-8.4],"sup":false,"spd":8.65,"cr":false,"ev":""}
JS: {"t":16.87,"mode":"air","p":[-0.71,24.94,-113.03],"v":[0,-0.92,-8.4],"sup":false,"spd":8.65,"cr":false,"ev":""}
JS: {"t":16.88,"mode":"air","p":[-0.71,24.92,-113.17],"v":[0,-1.14,-8.4],"sup":false,"spd":8.65,"cr":false,"ev":""}
JS: {"t":16.9,"mode":"air","p":[-0.71,24.9,-113.31],"v":[0,-1.36,-8.4],"sup":false,"spd":8.65,"cr":false,"ev":""}
JS: {"t":16.92,"mode":"air","p":[-0.71,24.88,-113.45],"v":[0,-1.58,-8.4],"sup":false,"spd":8.65,"cr":false,"ev":""}
JS: {"t":16.93,"mode":"air","p":[-0.71,24.86,-113.59],"v":[0,-1.8,-8.4],"sup":false,"spd":8.65,"cr":false,"ev":""}
JS: {"t":16.95,"mode":"air","p":[-0.71,24.83,-113.73],"v":[0,-2.02,-8.4],"sup":false,"spd":8.65,"cr":false,"ev":""}
JS: {"t":16.97,"mode":"air","p":[-0.71,24.79,-113.87],"v":[0,-2.24,-8.4],"sup":false,"spd":8.65,"cr":false,"ev":""}
JS: {"t":16.98,"mode":"air","p":[-0.71,24.75,-114.01],"v":[0,-2.46,-8.4],"sup":false,"spd":8.65,"cr":false,"ev":""}
JS: {"t":17,"mode":"air","p":[-0.71,24.71,-114.15],"v":[0,-2.68,-8.4],"sup":false,"spd":8.65,"cr":false,"ev":""}
JS: {"t":17.02,"mode":"air","p":[-0.71,24.67,-114.29],"v":[0,-2.9,-8.4],"sup":false,"spd":8.65,"cr":false,"ev":""}
JS: {"t":17.03,"mode":"air","p":[-0.71,24.62,-114.43],"v":[0,-3.12,-8.4],"sup":false,"spd":8.65,"cr":false,"ev":""}
JS: {"t":17.05,"mode":"air","p":[-0.71,24.57,-114.57],"v":[0,-3.34,-8.4],"sup":false,"spd":8.65,"cr":false,"ev":""}
JS: checkpoint 4 16.73
JS: {"t":17.07,"mode":"air","p":[-0.71,24.51,-114.71],"v":[0,-3.57,-8.4],"sup":false,"spd":8.65,"cr":false,"ev":""}
JS: {"t":17.08,"mode":"air","p":[-0.71,24.45,-114.85],"v":[0,-3.79,-8.4],"sup":false,"spd":8.65,"cr":false,"ev":""}
JS: {"t":17.1,"mode":"air","p":[-0.71,24.39,-114.99],"v":[0,-4.01,-8.4],"sup":false,"spd":8.65,"cr":false,"ev":""}
JS: {"t":17.12,"mode":"air","p":[-0.71,24.32,-115.13],"v":[0,-4.23,-8.4],"sup":false,"spd":8.65,"cr":false,"ev":""}
JS: {"t":17.13,"mode":"air","p":[-0.71,24.25,-115.27],"v":[0,-4.45,-8.4],"sup":false,"spd":8.65,"cr":false,"ev":""}
JS: {"t":17.15,"mode":"air","p":[-0.71,24.18,-115.41],"v":[0,-4.67,-8.4],"sup":false,"spd":8.65,"cr":false,"ev":""}
JS: {"t":17.17,"mode":"air","p":[-0.71,24.1,-115.55],"v":[0,-4.89,-8.4],"sup":false,"spd":8.65,"cr":false,"ev":""}
JS: {"t":17.18,"mode":"air","p":[-0.71,24.02,-115.69],"v":[0,-5.11,-8.4],"sup":false,"spd":8.65,"cr":false,"ev":""}
JS: {"t":17.2,"mode":"air","p":[-0.71,23.93,-115.83],"v":[0,-5.33,-8.4],"sup":false,"spd":8.65,"cr":false,"ev":""}
JS: {"t":17.22,"mode":"air","p":[-0.71,23.84,-115.97],"v":[0,-5.55,-8.4],"sup":false,"spd":8.65,"cr":false,"ev":""}
JS: {"t":17.23,"mode":"air","p":[-0.71,23.75,-116.11],"v":[0,-5.77,-8.4],"sup":false,"spd":8.65,"cr":false,"ev":""}
JS: {"t":17.25,"mode":"air","p":[-0.71,23.66,-116.25],"v":[0,-5.99,-8.4],"sup":false,"spd":8.65,"cr":false,"ev":""}
JS: {"t":17.27,"mode":"air","p":[-0.71,23.56,-116.39],"v":[0,-6.21,-8.4],"sup":false,"spd":8.65,"cr":false,"ev":""}
JS: {"t":17.28,"mode":"air","p":[-0.71,23.45,-116.53],"v":[0,-6.43,-8.4],"sup":false,"spd":8.65,"cr":false,"ev":""}
JS: {"t":17.3,"mode":"air","p":[-0.71,23.35,-116.67],"v":[0,-6.66,-8.4],"sup":false,"spd":8.65,"cr":false,"ev":""}
JS: {"t":17.32,"mode":"air","p":[-0.71,23.23,-116.81],"v":[0,-6.88,-8.4],"sup":false,"spd":8.65,"cr":false,"ev":""}
JS: {"t":17.33,"mode":"air","p":[-0.71,23.12,-116.95],"v":[0,-7.1,-8.4],"sup":false,"spd":8.65,"cr":false,"ev":""}
JS: AUTO step 20 {"d":0.6,"my":1,"slide":1}
JS: {"t":17.35,"mode":"air","p":[-0.71,23,-117.09],"v":[0,-7.32,-8.4],"sup":false,"spd":8.65,"cr":false,"ev":""}
JS: {"t":17.37,"mode":"air","p":[-0.71,22.88,-117.23],"v":[0,-7.54,-8.4],"sup":false,"spd":8.65,"cr":false,"ev":""}
JS: {"t":17.38,"mode":"air","p":[-0.71,22.75,-117.37],"v":[0,-7.76,-8.4],"sup":false,"spd":8.65,"cr":false,"ev":""}
JS: {"t":17.4,"mode":"air","p":[-0.71,22.62,-117.51],"v":[0,-7.98,-8.4],"sup":false,"spd":8.65,"cr":false,"ev":""}
JS: {"t":17.42,"mode":"air","p":[-0.71,22.49,-117.65],"v":[0,-8.2,-8.4],"sup":false,"spd":8.65,"cr":false,"ev":""}
JS: {"t":17.43,"mode":"air","p":[-0.71,22.36,-117.79],"v":[0,-8.42,-8.4],"sup":false,"spd":8.65,"cr":false,"ev":""}
JS: {"t":17.45,"mode":"air","p":[-0.71,22.21,-117.93],"v":[0,-8.64,-8.4],"sup":false,"spd":8.65,"cr":false,"ev":""}
JS: {"t":17.47,"mode":"air","p":[-0.71,22.07,-118.07],"v":[0,-8.86,-8.4],"sup":false,"spd":8.65,"cr":false,"ev":""}
JS: {"t":17.48,"mode":"air","p":[-0.71,21.92,-118.21],"v":[0,-9.08,-8.4],"sup":false,"spd":8.65,"cr":false,"ev":""}
JS: {"t":17.5,"mode":"air","p":[-0.71,21.77,-118.35],"v":[0,-9.3,-8.4],"sup":false,"spd":8.65,"cr":false,"ev":""}
JS: {"t":17.52,"mode":"air","p":[-0.71,21.62,-118.49],"v":[0,-9.53,-8.4],"sup":false,"spd":8.65,"cr":false,"ev":""}
JS: {"t":17.53,"mode":"air","p":[-0.71,21.46,-118.63],"v":[0,-9.75,-8.4],"sup":false,"spd":8.65,"cr":false,"ev":""}
JS: {"t":17.55,"mode":"air","p":[-0.71,21.3,-118.77],"v":[0,-9.97,-8.4],"sup":false,"spd":8.65,"cr":false,"ev":""}
JS: {"t":17.57,"mode":"air","p":[-0.71,21.13,-118.91],"v":[0,-10.19,-8.4],"sup":false,"spd":8.65,"cr":false,"ev":""}
JS: {"t":17.58,"mode":"air","p":[-0.71,20.96,-119.05],"v":[0,-10.41,-8.4],"sup":false,"spd":8.65,"cr":false,"ev":""}
JS: {"t":17.6,"mode":"air","p":[-0.71,20.79,-119.19],"v":[0,-10.63,-8.4],"sup":false,"spd":8.65,"cr":false,"ev":""}
JS: {"t":17.62,"mode":"air","p":[-0.71,20.61,-119.33],"v":[0,-10.85,-8.4],"sup":false,"spd":8.65,"cr":false,"ev":""}
JS: {"t":17.63,"mode":"air","p":[-0.71,20.43,-119.47],"v":[0,-11.07,-8.4],"sup":false,"spd":8.65,"cr":false,"ev":""}
JS: {"t":17.65,"mode":"air","p":[-0.71,20.24,-119.61],"v":[0,-11.29,-8.4],"sup":false,"spd":8.65,"cr":false,"ev":""}
JS: {"t":17.67,"mode":"air","p":[-0.71,20.06,-119.75],"v":[0,-11.51,-8.4],"sup":false,"spd":8.65,"cr":false,"ev":""}
JS: {"t":17.68,"mode":"air","p":[-0.71,19.86,-119.89],"v":[0,-11.73,-8.4],"sup":false,"spd":8.65,"cr":false,"ev":""}
JS: {"t":17.7,"mode":"air","p":[-0.71,19.67,-120.03],"v":[0,-11.95,-8.4],"sup":false,"spd":8.65,"cr":false,"ev":""}
JS: {"t":17.72,"mode":"air","p":[-0.71,19.47,-120.17],"v":[0,-12.17,-8.4],"sup":false,"spd":8.65,"cr":false,"ev":""}
JS: {"t":17.73,"mode":"air","p":[-0.71,19.27,-120.31],"v":[0,-12.39,-8.4],"sup":false,"spd":8.65,"cr":false,"ev":""}
JS: {"t":17.75,"mode":"air","p":[-0.71,19.06,-120.45],"v":[0,-12.62,-8.4],"sup":false,"spd":8.65,"cr":false,"ev":""}
JS: {"t":17.77,"mode":"air","p":[-0.71,18.85,-120.59],"v":[0,-12.84,-8.4],"sup":false,"spd":8.65,"cr":false,"ev":""}
JS: {"t":17.78,"mode":"air","p":[-0.71,18.64,-120.73],"v":[0,-13.06,-8.4],"sup":false,"spd":8.65,"cr":false,"ev":""}
JS: {"t":17.8,"mode":"ground","p":[-0.71,18.42,-120.87],"v":[0,-0.6,-8.27],"sup":true,"spd":8.27,"cr":false,"ev":"roll"}
JS: {"t":17.82,"mode":"ground","p":[-0.71,18.32,-121.01],"v":[0,-0.6,-8.32],"sup":true,"spd":8.32,"cr":false,"ev":""}
JS: {"t":17.83,"mode":"ground","p":[-0.71,18.32,-121.15],"v":[0,-0.6,-8.37],"sup":true,"spd":8.37,"cr":false,"ev":""}
JS: {"t":17.85,"mode":"ground","p":[-0.71,18.32,-121.29],"v":[0,-0.6,-8.4],"sup":true,"spd":8.4,"cr":false,"ev":""}
JS: {"t":17.87,"mode":"ground","p":[-0.71,18.32,-121.43],"v":[0,-0.6,-8.4],"sup":true,"spd":8.4,"cr":false,"ev":""}
JS: {"t":17.88,"mode":"ground","p":[-0.71,18.32,-121.57],"v":[0,-0.6,-8.4],"sup":true,"spd":8.4,"cr":false,"ev":""}
JS: {"t":17.9,"mode":"ground","p":[-0.71,18.32,-121.68],"v":[0,-0.6,-0.75],"sup":true,"spd":2.8,"cr":false,"ev":""}
JS: {"t":17.92,"mode":"ground","p":[-0.71,18.32,-121.69],"v":[0,-0.6,-1.5],"sup":true,"spd":3.1,"cr":false,"ev":""}
JS: {"t":17.93,"mode":"ground","p":[-0.71,18.32,-121.68],"v":[0,-0.6,-0.75],"sup":true,"spd":2.8,"cr":false,"ev":""}
JS: AUTO step 21 {"z":-120.6,"my":1,"d":12}
JS: {"t":17.95,"mode":"ground","p":[-0.71,18.32,-121.69],"v":[0,-0.6,-1.5],"sup":true,"spd":3.1,"cr":false,"ev":""}
JS: AUTO step 22 {"d":0.15,"my":1,"jump":1}
JS: {"t":17.97,"mode":"traverse","p":[-0.71,18.32,-121.68],"v":[0,5.2,0],"sup":true,"spd":3.1,"cr":false,"ev":"vault"}
JS: {"t":17.98,"mode":"traverse","p":[-0.71,18.41,-121.68],"v":[0,5.2,-0.4],"sup":false,"spd":3.1,"cr":false,"ev":""}
JS: {"t":18,"mode":"traverse","p":[-0.71,18.49,-121.69],"v":[0,5.2,-0.4],"sup":false,"spd":3.1,"cr":false,"ev":""}
JS: {"t":18.02,"mode":"traverse","p":[-0.71,18.58,-121.69],"v":[0,5.2,-0.4],"sup":false,"spd":3.1,"cr":false,"ev":""}
JS: {"t":18.03,"mode":"traverse","p":[-0.71,18.67,-121.7],"v":[0,5.2,-0.4],"sup":false,"spd":3.1,"cr":false,"ev":""}
JS: {"t":18.05,"mode":"traverse","p":[-0.71,18.75,-121.7],"v":[0,5.2,-0.4],"sup":false,"spd":3.1,"cr":false,"ev":""}
JS: {"t":18.07,"mode":"traverse","p":[-0.71,18.84,-121.7],"v":[0,5.2,-0.4],"sup":false,"spd":3.1,"cr":false,"ev":""}
JS: {"t":18.08,"mode":"traverse","p":[-0.71,18.93,-121.7],"v":[0,5.2,-0.4],"sup":false,"spd":3.1,"cr":false,"ev":""}
JS: {"t":18.1,"mode":"traverse","p":[-0.71,19.01,-121.7],"v":[0,5.2,-0.4],"sup":false,"spd":3.1,"cr":false,"ev":""}
JS: AUTO step 23 {"z":-126.6,"my":1,"d":12}
JS: {"t":18.12,"mode":"traverse","p":[-0.71,19.1,-121.71],"v":[0,5.2,-0.4],"sup":false,"spd":3.1,"cr":false,"ev":""}
JS: {"t":18.13,"mode":"traverse","p":[-0.71,19.19,-121.71],"v":[0,5.2,-0.4],"sup":false,"spd":3.1,"cr":false,"ev":""}
JS: {"t":18.15,"mode":"traverse","p":[-0.71,19.27,-121.72],"v":[0,5.2,-0.4],"sup":false,"spd":3.1,"cr":false,"ev":""}
JS: {"t":18.17,"mode":"traverse","p":[-0.71,19.36,-121.73],"v":[0,0,-4.5],"sup":false,"spd":3.1,"cr":false,"ev":""}
JS: {"t":18.18,"mode":"traverse","p":[-0.71,19.36,-121.8],"v":[0,0,-4.5],"sup":true,"spd":3.1,"cr":false,"ev":""}
JS: {"t":18.2,"mode":"traverse","p":[-0.71,19.28,-121.84],"v":[0,0,-4.5],"sup":true,"spd":3.1,"cr":false,"ev":""}
JS: {"t":18.22,"mode":"traverse","p":[-0.71,19.31,-121.9],"v":[0,0,-4.5],"sup":true,"spd":3.1,"cr":false,"ev":""}
JS: {"t":18.23,"mode":"traverse","p":[-0.71,19.33,-121.96],"v":[0,0,-4.5],"sup":true,"spd":3.1,"cr":false,"ev":""}
JS: {"t":18.25,"mode":"traverse","p":[-0.71,19.33,-122.04],"v":[0,0,-4.5],"sup":true,"spd":3.1,"cr":false,"ev":""}
JS: {"t":18.27,"mode":"traverse","p":[-0.71,19.32,-122.11],"v":[0,0,-4.5],"sup":true,"spd":3.1,"cr":false,"ev":""}
JS: {"t":18.28,"mode":"traverse","p":[-0.71,19.32,-122.19],"v":[0,0,-4.5],"sup":true,"spd":3.1,"cr":false,"ev":""}
JS: {"t":18.3,"mode":"traverse","p":[-0.71,19.32,-122.26],"v":[0,0,-4.5],"sup":true,"spd":3.1,"cr":false,"ev":""}
JS: {"t":18.32,"mode":"traverse","p":[-0.71,19.32,-122.34],"v":[0,0,-4.5],"sup":true,"spd":3.1,"cr":false,"ev":""}
JS: {"t":18.33,"mode":"traverse","p":[-0.71,19.32,-122.41],"v":[0,0,-4.5],"sup":true,"spd":3.1,"cr":false,"ev":""}
JS: {"t":18.35,"mode":"traverse","p":[-0.71,19.32,-122.49],"v":[0,0,-4.5],"sup":true,"spd":3.1,"cr":false,"ev":""}
JS: {"t":18.37,"mode":"traverse","p":[-0.71,19.31,-122.56],"v":[0,0,-4.5],"sup":true,"spd":3.1,"cr":false,"ev":""}
JS: {"t":18.38,"mode":"traverse","p":[-0.71,19.27,-122.64],"v":[0,0,-4.5],"sup":false,"spd":3.1,"cr":false,"ev":""}
JS: {"t":18.4,"mode":"traverse","p":[-0.71,19.27,-122.71],"v":[0,0,-4.5],"sup":false,"spd":3.1,"cr":false,"ev":""}
JS: {"t":18.42,"mode":"traverse","p":[-0.71,19.27,-122.79],"v":[0,0,-4.5],"sup":false,"spd":3.1,"cr":false,"ev":""}
JS: {"t":18.43,"mode":"traverse","p":[-0.71,19.27,-122.86],"v":[0,0,-4.5],"sup":false,"spd":3.1,"cr":false,"ev":""}
JS: {"t":18.45,"mode":"air","p":[-0.71,19.27,-122.94],"v":[0,-0.5,-4.5],"sup":false,"spd":4.27,"cr":false,"ev":""}
JS: {"t":18.47,"mode":"air","p":[-0.71,19.26,-123.01],"v":[0,-0.72,-4.62],"sup":false,"spd":4.62,"cr":false,"ev":""}
JS: {"t":18.48,"mode":"air","p":[-0.71,19.25,-123.09],"v":[0,-0.94,-4.73],"sup":false,"spd":4.73,"cr":false,"ev":""}
JS: {"t":18.5,"mode":"air","p":[-0.71,19.24,-123.17],"v":[0,-1.16,-4.85],"sup":false,"spd":4.85,"cr":false,"ev":""}
JS: {"t":18.52,"mode":"air","p":[-0.71,19.22,-123.25],"v":[0,-1.38,-4.97],"sup":false,"spd":4.97,"cr":false,"ev":""}
JS: {"t":18.53,"mode":"air","p":[-0.71,19.19,-123.33],"v":[0,-1.6,-5.08],"sup":false,"spd":5.08,"cr":false,"ev":""}
JS: {"t":18.55,"mode":"air","p":[-0.71,19.17,-123.41],"v":[0,-1.82,-5.2],"sup":false,"spd":5.2,"cr":false,"ev":""}
JS: {"t":18.57,"mode":"air","p":[-0.71,19.14,-123.5],"v":[0,-2.05,-5.32],"sup":false,"spd":5.32,"cr":false,"ev":""}
JS: {"t":18.58,"mode":"air","p":[-0.71,19.1,-123.59],"v":[0,-2.27,-5.43],"sup":false,"spd":5.43,"cr":false,"ev":""}
JS: {"t":18.6,"mode":"air","p":[-0.71,19.07,-123.68],"v":[0,-2.49,-5.5],"sup":false,"spd":5.5,"cr":false,"ev":""}
JS: {"t":18.62,"mode":"air","p":[-0.71,19.02,-123.77],"v":[0,-2.71,-5.5],"sup":false,"spd":5.5,"cr":false,"ev":""}
JS: {"t":18.63,"mode":"air","p":[-0.71,18.98,-123.86],"v":[0,-2.93,-5.5],"sup":false,"spd":5.5,"cr":false,"ev":""}
JS: {"t":18.65,"mode":"air","p":[-0.71,18.93,-123.96],"v":[0,-3.15,-5.5],"sup":false,"spd":5.5,"cr":false,"ev":""}
JS: {"t":18.67,"mode":"air","p":[-0.71,18.88,-124.05],"v":[0,-3.37,-5.5],"sup":false,"spd":5.5,"cr":false,"ev":""}
JS: {"t":18.68,"mode":"air","p":[-0.71,18.82,-124.14],"v":[0,-3.59,-5.5],"sup":false,"spd":5.5,"cr":false,"ev":""}
JS: {"t":18.7,"mode":"air","p":[-0.71,18.76,-124.23],"v":[0,-3.81,-5.5],"sup":false,"spd":5.5,"cr":false,"ev":""}
JS: {"t":18.72,"mode":"air","p":[-0.71,18.7,-124.32],"v":[0,-4.03,-5.5],"sup":false,"spd":5.5,"cr":false,"ev":""}
JS: {"t":18.73,"mode":"air","p":[-0.71,18.63,-124.41],"v":[0,-4.25,-5.5],"sup":false,"spd":5.5,"cr":false,"ev":""}
JS: {"t":18.75,"mode":"air","p":[-0.71,18.56,-124.51],"v":[0,-4.47,-5.5],"sup":false,"spd":5.5,"cr":false,"ev":""}
JS: {"t":18.77,"mode":"air","p":[-0.71,18.49,-124.6],"v":[0,-4.69,-5.5],"sup":false,"spd":5.5,"cr":false,"ev":""}
JS: {"t":18.78,"mode":"ground","p":[-0.71,18.41,-124.69],"v":[0,-0.6,-5.6],"sup":true,"spd":5.6,"cr":false,"ev":""}
JS: {"t":18.8,"mode":"ground","p":[-0.71,18.32,-124.78],"v":[0,-0.6,-5.7],"sup":true,"spd":5.7,"cr":false,"ev":""}
JS: {"t":18.82,"mode":"ground","p":[-0.71,18.32,-124.88],"v":[0,-0.6,-5.8],"sup":true,"spd":5.8,"cr":false,"ev":""}
JS: {"t":18.83,"mode":"ground","p":[-0.71,18.32,-124.97],"v":[0,-0.6,-5.9],"sup":true,"spd":5.9,"cr":false,"ev":""}
JS: {"t":18.85,"mode":"ground","p":[-0.71,18.32,-125.07],"v":[0,-0.6,-6],"sup":true,"spd":6,"cr":false,"ev":""}
JS: {"t":18.87,"mode":"ground","p":[-0.71,18.32,-125.17],"v":[0,-0.6,-6.1],"sup":true,"spd":6.1,"cr":false,"ev":""}
JS: {"t":18.88,"mode":"ground","p":[-0.71,18.32,-125.27],"v":[0,-0.6,-6.2],"sup":true,"spd":6.2,"cr":false,"ev":""}
JS: {"t":18.9,"mode":"ground","p":[-0.71,18.32,-125.38],"v":[0,-0.6,-6.3],"sup":true,"spd":6.3,"cr":false,"ev":""}
JS: {"t":18.92,"mode":"ground","p":[-0.71,18.32,-125.48],"v":[0,-0.6,-6.4],"sup":true,"spd":6.4,"cr":false,"ev":""}
JS: {"t":18.93,"mode":"ground","p":[-0.71,18.32,-125.59],"v":[0,-0.6,-6.5],"sup":true,"spd":6.5,"cr":false,"ev":""}
JS: {"t":18.95,"mode":"ground","p":[-0.71,18.32,-125.7],"v":[0,-0.6,-6.55],"sup":true,"spd":6.55,"cr":false,"ev":""}
JS: {"t":18.97,"mode":"ground","p":[-0.71,18.32,-125.81],"v":[0,-0.6,-6.6],"sup":true,"spd":6.6,"cr":false,"ev":""}
JS: {"t":18.98,"mode":"ground","p":[-0.71,18.32,-125.92],"v":[0,-0.6,-6.65],"sup":true,"spd":6.65,"cr":false,"ev":""}
JS: {"t":19,"mode":"ground","p":[-0.71,18.32,-126.03],"v":[0,-0.6,-6.7],"sup":true,"spd":6.7,"cr":false,"ev":""}
JS: {"t":19.02,"mode":"ground","p":[-0.71,18.32,-126.14],"v":[0,-0.6,-6.75],"sup":true,"spd":6.75,"cr":false,"ev":""}
JS: {"t":19.03,"mode":"ground","p":[-0.71,18.32,-126.25],"v":[0,-0.6,-6.8],"sup":true,"spd":6.8,"cr":false,"ev":""}
JS: {"t":19.05,"mode":"ground","p":[-0.71,18.32,-126.36],"v":[0,-0.6,-6.85],"sup":true,"spd":6.85,"cr":false,"ev":""}
JS: {"t":19.07,"mode":"ground","p":[-0.71,18.32,-126.48],"v":[0,-0.6,-6.9],"sup":true,"spd":6.9,"cr":false,"ev":""}
JS: {"t":19.08,"mode":"ground","p":[-0.71,18.32,-126.59],"v":[0,-0.6,-6.95],"sup":true,"spd":6.95,"cr":false,"ev":""}
JS: AUTO step 24 {"d":0.15,"my":1,"jump":1}
JS: {"t":19.1,"mode":"traverse","p":[-0.71,18.32,-126.71],"v":[0,5.7,0],"sup":true,"spd":6.95,"cr":false,"ev":"vault"}
JS: {"t":19.12,"mode":"traverse","p":[-0.71,18.41,-126.71],"v":[0,5.7,-0.4],"sup":false,"spd":6.95,"cr":false,"ev":""}
JS: {"t":19.13,"mode":"traverse","p":[-0.71,18.51,-126.72],"v":[0,5.7,-0.4],"sup":false,"spd":6.95,"cr":false,"ev":""}
JS: {"t":19.15,"mode":"traverse","p":[-0.71,18.6,-126.72],"v":[0,5.7,-0.4],"sup":false,"spd":6.95,"cr":false,"ev":""}
JS: {"t":19.17,"mode":"traverse","p":[-0.71,18.7,-126.73],"v":[0,5.7,-0.4],"sup":false,"spd":6.95,"cr":false,"ev":""}
JS: {"t":19.18,"mode":"traverse","p":[-0.71,18.79,-126.74],"v":[0,5.7,-0.4],"sup":false,"spd":6.95,"cr":false,"ev":""}
JS: {"t":19.2,"mode":"traverse","p":[-0.71,18.89,-126.74],"v":[0,5.7,-0.4],"sup":false,"spd":6.95,"cr":false,"ev":""}
JS: {"t":19.22,"mode":"traverse","p":[-0.71,18.98,-126.75],"v":[0,5.7,-0.4],"sup":false,"spd":6.95,"cr":false,"ev":""}
JS: {"t":19.23,"mode":"traverse","p":[-0.71,19.08,-126.76],"v":[0,5.7,-0.4],"sup":false,"spd":6.95,"cr":false,"ev":""}
JS: AUTO step 25 {"z":-141.6,"my":1,"d":12}
JS: {"t":19.25,"mode":"traverse","p":[-0.71,19.17,-126.76],"v":[0,5.7,-0.4],"sup":false,"spd":6.95,"cr":false,"ev":""}
JS: {"t":19.27,"mode":"traverse","p":[-0.71,19.27,-126.77],"v":[0,5.7,-0.4],"sup":false,"spd":6.95,"cr":false,"ev":""}
JS: {"t":19.28,"mode":"traverse","p":[-0.71,19.36,-126.78],"v":[0,5.7,-0.4],"sup":false,"spd":6.95,"cr":false,"ev":""}
JS: {"t":19.3,"mode":"traverse","p":[-0.71,19.46,-126.78],"v":[0,0,-6.95],"sup":false,"spd":6.95,"cr":false,"ev":""}
JS: {"t":19.32,"mode":"traverse","p":[-0.71,19.46,-126.9],"v":[0,0,-6.95],"sup":false,"spd":6.95,"cr":false,"ev":""}
JS: {"t":19.33,"mode":"traverse","p":[-0.71,19.46,-127.01],"v":[0,0,-6.95],"sup":false,"spd":6.95,"cr":false,"ev":""}
JS: {"t":19.35,"mode":"traverse","p":[-0.71,19.46,-127.13],"v":[0,0,-6.95],"sup":false,"spd":6.95,"cr":false,"ev":""}
JS: {"t":19.37,"mode":"traverse","p":[-0.71,19.46,-127.25],"v":[0,0,-6.95],"sup":false,"spd":6.95,"cr":false,"ev":""}
JS: {"t":19.38,"mode":"traverse","p":[-0.71,19.46,-127.36],"v":[0,0,-6.95],"sup":false,"spd":6.95,"cr":false,"ev":""}
JS: {"t":19.4,"mode":"traverse","p":[-0.71,19.46,-127.48],"v":[0,0,-6.95],"sup":false,"spd":6.95,"cr":false,"ev":""}
JS: {"t":19.42,"mode":"traverse","p":[-0.71,19.46,-127.59],"v":[0,0,-6.95],"sup":false,"spd":6.95,"cr":false,"ev":""}
JS: {"t":19.43,"mode":"traverse","p":[-0.71,19.46,-127.71],"v":[0,0,-6.95],"sup":false,"spd":6.95,"cr":false,"ev":""}
JS: {"t":19.45,"mode":"traverse","p":[-0.71,19.46,-127.83],"v":[0,0,-6.95],"sup":true,"spd":6.95,"cr":false,"ev":""}
JS: {"t":19.47,"mode":"traverse","p":[-0.71,19.42,-127.9],"v":[0,0,-6.95],"sup":true,"spd":6.95,"cr":false,"ev":""}
JS: {"t":19.48,"mode":"air","p":[-0.71,19.44,-128.01],"v":[0,-0.5,-6.95],"sup":true,"spd":6.95,"cr":false,"ev":""}
JS: {"t":19.5,"mode":"ground","p":[-0.71,19.42,-128.12],"v":[0,-0.6,-7],"sup":true,"spd":7,"cr":false,"ev":""}
JS: {"t":19.52,"mode":"ground","p":[-0.71,19.42,-128.24],"v":[0,-0.6,-7.05],"sup":true,"spd":7.05,"cr":false,"ev":""}
JS: {"t":19.53,"mode":"ground","p":[-0.71,19.42,-128.36],"v":[0,-0.6,-7.1],"sup":true,"spd":7.1,"cr":false,"ev":""}
JS: {"t":19.55,"mode":"ground","p":[-0.71,19.42,-128.47],"v":[0,-0.6,-7.15],"sup":true,"spd":7.15,"cr":false,"ev":""}
JS: {"t":19.57,"mode":"ground","p":[-0.71,19.4,-128.59],"v":[0,-0.6,-7.2],"sup":true,"spd":7.2,"cr":false,"ev":""}
JS: {"t":19.58,"mode":"air","p":[-0.71,19.34,-128.71],"v":[0,-0.82,-7.2],"sup":false,"spd":7.2,"cr":false,"ev":""}
JS: {"t":19.6,"mode":"air","p":[-0.71,19.33,-128.83],"v":[0,-1.04,-7.2],"sup":false,"spd":7.2,"cr":false,"ev":""}
JS: {"t":19.62,"mode":"air","p":[-0.71,19.31,-128.95],"v":[0,-1.26,-7.2],"sup":false,"spd":7.2,"cr":false,"ev":""}
JS: {"t":19.63,"mode":"air","p":[-0.71,19.29,-129.07],"v":[0,-1.48,-7.2],"sup":false,"spd":7.2,"cr":false,"ev":""}
JS: {"t":19.65,"mode":"air","p":[-0.71,19.26,-129.19],"v":[0,-1.7,-7.2],"sup":false,"spd":7.2,"cr":false,"ev":""}
JS: {"t":19.67,"mode":"air","p":[-0.71,19.23,-129.31],"v":[0,-1.92,-7.2],"sup":false,"spd":7.2,"cr":false,"ev":""}
JS: {"t":19.68,"mode":"air","p":[-0.71,19.2,-129.43],"v":[0,-2.15,-7.2],"sup":false,"spd":7.2,"cr":false,"ev":""}
JS: {"t":19.7,"mode":"air","p":[-0.71,19.17,-129.55],"v":[0,-2.37,-7.2],"sup":false,"spd":7.2,"cr":false,"ev":""}
JS: {"t":19.72,"mode":"air","p":[-0.71,19.13,-129.67],"v":[0,-2.59,-7.2],"sup":false,"spd":7.2,"cr":false,"ev":""}
JS: {"t":19.73,"mode":"air","p":[-0.71,19.08,-129.79],"v":[0,-2.81,-7.2],"sup":false,"spd":7.2,"cr":false,"ev":""}
JS: {"t":19.75,"mode":"air","p":[-0.71,19.04,-129.91],"v":[0,-3.03,-7.2],"sup":false,"spd":7.2,"cr":false,"ev":""}
JS: {"t":19.77,"mode":"air","p":[-0.71,18.99,-130.03],"v":[0,-3.25,-7.2],"sup":false,"spd":7.2,"cr":false,"ev":""}
JS: {"t":19.78,"mode":"air","p":[-0.71,18.93,-130.15],"v":[0,-3.47,-7.2],"sup":false,"spd":7.2,"cr":false,"ev":""}
JS: {"t":19.8,"mode":"air","p":[-0.71,18.87,-130.27],"v":[0,-3.69,-7.2],"sup":false,"spd":7.2,"cr":false,"ev":""}
JS: {"t":19.82,"mode":"air","p":[-0.71,18.81,-130.39],"v":[0,-3.91,-7.2],"sup":false,"spd":7.2,"cr":false,"ev":""}
JS: {"t":19.83,"mode":"air","p":[-0.71,18.75,-130.51],"v":[0,-4.13,-7.2],"sup":false,"spd":7.2,"cr":false,"ev":""}
JS: {"t":19.85,"mode":"air","p":[-0.71,18.68,-130.63],"v":[0,-4.35,-7.2],"sup":false,"spd":7.2,"cr":false,"ev":""}
JS: {"t":19.87,"mode":"air","p":[-0.71,18.61,-130.75],"v":[0,-4.57,-7.2],"sup":false,"spd":7.2,"cr":false,"ev":""}
JS: {"t":19.88,"mode":"air","p":[-0.71,18.53,-130.87],"v":[0,-4.79,-7.2],"sup":false,"spd":7.2,"cr":false,"ev":""}
JS: {"t":19.9,"mode":"air","p":[-0.71,18.45,-130.99],"v":[0,-5.01,-7.2],"sup":false,"spd":7.2,"cr":false,"ev":""}
JS: {"t":19.92,"mode":"ground","p":[-0.71,18.37,-131.11],"v":[0,-0.6,-7.25],"sup":true,"spd":7.25,"cr":false,"ev":""}
JS: {"t":19.93,"mode":"ground","p":[-0.71,18.32,-131.23],"v":[0,-0.6,-7.3],"sup":true,"spd":7.3,"cr":false,"ev":""}
JS: {"t":19.95,"mode":"ground","p":[-0.71,18.32,-131.36],"v":[0,-0.6,-7.35],"sup":true,"spd":7.35,"cr":false,"ev":""}
JS: {"t":19.97,"mode":"ground","p":[-0.71,18.32,-131.48],"v":[0,-0.6,-7.4],"sup":true,"spd":7.4,"cr":false,"ev":""}
JS: {"t":19.98,"mode":"ground","p":[-0.71,18.32,-131.6],"v":[0,-0.6,-7.45],"sup":true,"spd":7.45,"cr":false,"ev":""}
JS: {"t":20,"mode":"ground","p":[-0.71,18.32,-131.73],"v":[0,-0.6,-7.5],"sup":true,"spd":7.5,"cr":false,"ev":""}
JS: {"t":20.02,"mode":"ground","p":[-0.71,18.32,-131.85],"v":[0,-0.6,-7.55],"sup":true,"spd":7.55,"cr":false,"ev":""}
JS: {"t":20.03,"mode":"ground","p":[-0.71,18.32,-131.98],"v":[0,-0.6,-7.6],"sup":true,"spd":7.6,"cr":false,"ev":""}
JS: {"t":20.05,"mode":"ground","p":[-0.71,18.32,-132.1],"v":[0,-0.6,-7.65],"sup":true,"spd":7.65,"cr":false,"ev":""}
JS: {"t":20.07,"mode":"ground","p":[-0.71,18.32,-132.23],"v":[0,-0.6,-7.7],"sup":true,"spd":7.7,"cr":false,"ev":""}
JS: {"t":20.08,"mode":"ground","p":[-0.71,18.32,-132.36],"v":[0,-0.6,-7.75],"sup":true,"spd":7.75,"cr":false,"ev":""}
JS: {"t":20.1,"mode":"ground","p":[-0.71,18.32,-132.49],"v":[0,-0.6,-7.8],"sup":true,"spd":7.8,"cr":false,"ev":""}
JS: {"t":20.12,"mode":"ground","p":[-0.71,18.32,-132.62],"v":[0,-0.6,-7.85],"sup":true,"spd":7.85,"cr":false,"ev":""}
JS: {"t":20.13,"mode":"ground","p":[-0.71,18.32,-132.75],"v":[0,-0.6,-7.9],"sup":true,"spd":7.9,"cr":false,"ev":""}
JS: {"t":20.15,"mode":"ground","p":[-0.71,18.32,-132.88],"v":[0,-0.6,-7.95],"sup":true,"spd":7.95,"cr":false,"ev":""}
JS: {"t":20.17,"mode":"ground","p":[-0.71,18.32,-133.01],"v":[0,-0.6,-8],"sup":true,"spd":8,"cr":false,"ev":""}
JS: {"t":20.18,"mode":"ground","p":[-0.71,18.32,-133.15],"v":[0,-0.6,-8.05],"sup":true,"spd":8.05,"cr":false,"ev":""}
JS: {"t":20.2,"mode":"ground","p":[-0.71,18.32,-133.28],"v":[0,-0.6,-8.1],"sup":true,"spd":8.1,"cr":false,"ev":""}
JS: {"t":20.22,"mode":"ground","p":[-0.71,18.32,-133.42],"v":[0,-0.6,-8.15],"sup":true,"spd":8.15,"cr":false,"ev":""}
JS: {"t":20.23,"mode":"ground","p":[-0.71,18.36,-133.54],"v":[0,1.01,-8.04],"sup":true,"spd":8.2,"cr":false,"ev":""}
JS: {"t":20.25,"mode":"ground","p":[-0.71,18.38,-133.68],"v":[0,1.02,-8.09],"sup":true,"spd":8.25,"cr":false,"ev":""}
JS: {"t":20.27,"mode":"ground","p":[-0.71,18.41,-133.81],"v":[0,1.03,-8.14],"sup":true,"spd":8.3,"cr":false,"ev":""}
JS: {"t":20.28,"mode":"ground","p":[-0.71,18.44,-133.94],"v":[0,1.04,-8.19],"sup":true,"spd":8.35,"cr":false,"ev":""}
JS: {"t":20.3,"mode":"ground","p":[-0.71,18.47,-134.08],"v":[0,1.05,-8.24],"sup":true,"spd":8.4,"cr":false,"ev":""}
JS: {"t":20.32,"mode":"ground","p":[-0.71,18.49,-134.21],"v":[0,1.05,-8.24],"sup":true,"spd":8.4,"cr":false,"ev":""}
JS: {"t":20.33,"mode":"ground","p":[-0.71,18.52,-134.35],"v":[0,1.05,-8.24],"sup":true,"spd":8.4,"cr":false,"ev":""}
JS: {"t":20.35,"mode":"ground","p":[-0.71,18.55,-134.48],"v":[0,1.05,-8.24],"sup":true,"spd":8.4,"cr":false,"ev":""}
JS: {"t":20.37,"mode":"ground","p":[-0.71,18.57,-134.62],"v":[0,1.05,-8.24],"sup":true,"spd":8.4,"cr":false,"ev":""}
JS: {"t":20.38,"mode":"ground","p":[-0.71,18.6,-134.75],"v":[0,1.05,-8.24],"sup":true,"spd":8.4,"cr":false,"ev":""}
JS: {"t":20.4,"mode":"ground","p":[-0.71,18.63,-134.89],"v":[0,1.05,-8.24],"sup":true,"spd":8.4,"cr":false,"ev":""}
JS: {"t":20.42,"mode":"ground","p":[-0.71,18.65,-135.02],"v":[0,1.05,-8.24],"sup":true,"spd":8.4,"cr":false,"ev":""}
JS: {"t":20.43,"mode":"ground","p":[-0.71,18.68,-135.16],"v":[0,1.05,-8.24],"sup":true,"spd":8.4,"cr":false,"ev":""}
JS: {"t":20.45,"mode":"ground","p":[-0.71,18.71,-135.3],"v":[0,1.05,-8.24],"sup":true,"spd":8.4,"cr":false,"ev":""}
JS: {"t":20.47,"mode":"ground","p":[-0.71,18.74,-135.43],"v":[0,1.05,-8.24],"sup":true,"spd":8.4,"cr":false,"ev":""}
JS: {"t":20.48,"mode":"ground","p":[-0.71,18.76,-135.57],"v":[0,1.05,-8.24],"sup":true,"spd":8.4,"cr":false,"ev":""}
JS: {"t":20.5,"mode":"ground","p":[-0.71,18.79,-135.7],"v":[0,1.05,-8.24],"sup":true,"spd":8.4,"cr":false,"ev":""}
JS: {"t":20.52,"mode":"ground","p":[-0.71,18.82,-135.84],"v":[0,1.05,-8.24],"sup":true,"spd":8.4,"cr":false,"ev":""}
JS: {"t":20.53,"mode":"ground","p":[-0.71,18.84,-135.97],"v":[0,1.05,-8.24],"sup":true,"spd":8.4,"cr":false,"ev":""}
JS: {"t":20.55,"mode":"ground","p":[-0.71,18.87,-136.11],"v":[0,1.05,-8.24],"sup":true,"spd":8.4,"cr":false,"ev":""}
JS: {"t":20.57,"mode":"ground","p":[-0.71,18.9,-136.24],"v":[0,1.05,-8.24],"sup":true,"spd":8.4,"cr":false,"ev":""}
JS: {"t":20.58,"mode":"ground","p":[-0.71,18.93,-136.38],"v":[0,1.05,-8.24],"sup":true,"spd":8.4,"cr":false,"ev":""}
JS: {"t":20.6,"mode":"ground","p":[-0.71,18.95,-136.51],"v":[0,1.05,-8.24],"sup":true,"spd":8.4,"cr":false,"ev":""}
JS: {"t":20.62,"mode":"ground","p":[-0.71,18.98,-136.65],"v":[0,1.05,-8.24],"sup":true,"spd":8.4,"cr":false,"ev":""}
JS: {"t":20.63,"mode":"ground","p":[-0.71,19.01,-136.78],"v":[0,1.05,-8.24],"sup":true,"spd":8.4,"cr":false,"ev":""}
JS: {"t":20.65,"mode":"ground","p":[-0.71,19.03,-136.92],"v":[0,1.05,-8.24],"sup":true,"spd":8.4,"cr":false,"ev":""}
JS: {"t":20.67,"mode":"ground","p":[-0.71,19.06,-137.05],"v":[0,1.05,-8.24],"sup":true,"spd":8.4,"cr":false,"ev":""}
JS: {"t":20.68,"mode":"ground","p":[-0.71,19.09,-137.19],"v":[0,1.05,-8.24],"sup":true,"spd":8.4,"cr":false,"ev":""}
JS: {"t":20.7,"mode":"ground","p":[-0.71,19.11,-137.33],"v":[0,1.05,-8.24],"sup":true,"spd":8.4,"cr":false,"ev":""}
JS: {"t":20.72,"mode":"ground","p":[-0.71,19.14,-137.46],"v":[0,1.05,-8.24],"sup":true,"spd":8.4,"cr":false,"ev":""}
JS: {"t":20.73,"mode":"ground","p":[-0.71,19.17,-137.6],"v":[0,1.05,-8.24],"sup":true,"spd":8.4,"cr":false,"ev":""}
JS: {"t":20.75,"mode":"ground","p":[-0.71,19.2,-137.73],"v":[0,1.05,-8.24],"sup":true,"spd":8.4,"cr":false,"ev":""}
JS: {"t":20.77,"mode":"ground","p":[-0.71,19.22,-137.87],"v":[0,1.05,-8.24],"sup":true,"spd":8.4,"cr":false,"ev":""}
JS: {"t":20.78,"mode":"ground","p":[-0.71,19.25,-138],"v":[0,1.05,-8.24],"sup":true,"spd":8.4,"cr":false,"ev":""}
JS: {"t":20.8,"mode":"ground","p":[-0.71,19.28,-138.14],"v":[0,1.05,-8.24],"sup":true,"spd":8.4,"cr":false,"ev":""}
JS: {"t":20.82,"mode":"ground","p":[-0.71,19.3,-138.27],"v":[0,1.05,-8.24],"sup":true,"spd":8.4,"cr":false,"ev":""}
JS: {"t":20.83,"mode":"ground","p":[-0.71,19.33,-138.41],"v":[0,1.05,-8.24],"sup":true,"spd":8.4,"cr":false,"ev":""}
JS: {"t":20.85,"mode":"ground","p":[-0.71,19.36,-138.54],"v":[0,1.05,-8.24],"sup":true,"spd":8.4,"cr":false,"ev":""}
JS: {"t":20.87,"mode":"ground","p":[-0.71,19.39,-138.68],"v":[0,1.05,-8.24],"sup":true,"spd":8.4,"cr":false,"ev":""}
JS: {"t":20.88,"mode":"ground","p":[-0.71,19.41,-138.81],"v":[0,1.05,-8.24],"sup":true,"spd":8.4,"cr":false,"ev":""}
JS: {"t":20.9,"mode":"ground","p":[-0.71,19.44,-138.95],"v":[0,1.05,-8.24],"sup":true,"spd":8.4,"cr":false,"ev":""}
JS: {"t":20.92,"mode":"ground","p":[-0.71,19.47,-139.09],"v":[0,1.05,-8.24],"sup":true,"spd":8.4,"cr":false,"ev":""}
JS: {"t":20.93,"mode":"ground","p":[-0.71,19.49,-139.22],"v":[0,1.05,-8.24],"sup":true,"spd":8.4,"cr":false,"ev":""}
JS: {"t":20.95,"mode":"ground","p":[-0.71,19.52,-139.36],"v":[0,1.05,-8.24],"sup":true,"spd":8.4,"cr":false,"ev":""}
JS: {"t":20.97,"mode":"ground","p":[-0.71,19.55,-139.49],"v":[0,1.05,-8.24],"sup":true,"spd":8.4,"cr":false,"ev":""}
JS: {"t":20.98,"mode":"ground","p":[-0.71,19.58,-139.63],"v":[0,1.05,-8.24],"sup":true,"spd":8.4,"cr":false,"ev":""}
JS: {"t":21,"mode":"ground","p":[-0.71,19.6,-139.76],"v":[0,1.05,-8.24],"sup":true,"spd":8.4,"cr":false,"ev":""}
JS: {"t":21.02,"mode":"ground","p":[-0.71,19.63,-139.9],"v":[0,1.05,-8.24],"sup":true,"spd":8.4,"cr":false,"ev":""}
JS: {"t":21.03,"mode":"ground","p":[-0.71,19.66,-140.03],"v":[0,1.05,-8.24],"sup":true,"spd":8.4,"cr":false,"ev":""}
JS: {"t":21.05,"mode":"ground","p":[-0.71,19.68,-140.17],"v":[0,1.05,-8.24],"sup":true,"spd":8.4,"cr":false,"ev":""}
JS: {"t":21.07,"mode":"ground","p":[-0.71,19.71,-140.3],"v":[0,1.05,-8.24],"sup":true,"spd":8.4,"cr":false,"ev":""}
JS: {"t":21.08,"mode":"ground","p":[-0.71,19.74,-140.44],"v":[0,1.05,-8.24],"sup":true,"spd":8.4,"cr":false,"ev":""}
JS: {"t":21.1,"mode":"ground","p":[-0.71,19.76,-140.57],"v":[0,1.05,-8.24],"sup":true,"spd":8.4,"cr":false,"ev":""}
JS: {"t":21.12,"mode":"ground","p":[-0.71,19.79,-140.71],"v":[0,1.05,-8.24],"sup":true,"spd":8.4,"cr":false,"ev":""}
JS: {"t":21.13,"mode":"ground","p":[-0.71,19.82,-140.84],"v":[0,1.05,-8.24],"sup":true,"spd":8.4,"cr":false,"ev":""}
JS: {"t":21.15,"mode":"ground","p":[-0.71,19.85,-140.98],"v":[0,1.05,-8.24],"sup":true,"spd":8.4,"cr":false,"ev":""}
JS: {"t":21.17,"mode":"ground","p":[-0.71,19.87,-141.12],"v":[0,1.05,-8.24],"sup":true,"spd":8.4,"cr":false,"ev":""}
JS: {"t":21.18,"mode":"ground","p":[-0.71,19.9,-141.25],"v":[0,1.05,-8.24],"sup":true,"spd":8.4,"cr":false,"ev":""}
JS: {"t":21.2,"mode":"ground","p":[-0.71,19.93,-141.39],"v":[0,1.05,-8.24],"sup":true,"spd":8.4,"cr":false,"ev":""}
JS: {"t":21.22,"mode":"ground","p":[-0.71,19.95,-141.52],"v":[0,-0.6,-8.4],"sup":true,"spd":8.4,"cr":false,"ev":""}
JS: AUTO step 26 {"d":1.8,"my":1,"jump":1}
JS: {"t":21.23,"mode":"air","p":[-0.71,19.93,-141.66],"v":[0,5.1,-8.4],"sup":true,"spd":8.65,"cr":false,"ev":"jump"}
JS: {"t":21.25,"mode":"air","p":[-0.71,20.01,-141.8],"v":[0,4.94,-8.4],"sup":false,"spd":8.65,"cr":false,"ev":""}
JS: {"t":21.27,"mode":"air","p":[-0.71,20.09,-141.94],"v":[0,4.77,-8.4],"sup":false,"spd":8.65,"cr":false,"ev":""}
JS: {"t":21.28,"mode":"air","p":[-0.71,20.17,-142.08],"v":[0,4.61,-8.4],"sup":false,"spd":8.65,"cr":false,"ev":""}
JS: {"t":21.3,"mode":"air","p":[-0.71,20.25,-142.22],"v":[0,4.45,-8.4],"sup":false,"spd":8.65,"cr":false,"ev":""}
JS: {"t":21.32,"mode":"air","p":[-0.71,20.32,-142.36],"v":[0,4.28,-8.4],"sup":false,"spd":8.65,"cr":false,"ev":""}
JS: {"t":21.33,"mode":"air","p":[-0.71,20.4,-142.5],"v":[0,4.12,-8.4],"sup":false,"spd":8.65,"cr":false,"ev":""}
JS: {"t":21.35,"mode":"air","p":[-0.71,20.46,-142.64],"v":[0,3.96,-8.4],"sup":false,"spd":8.65,"cr":false,"ev":""}
JS: {"t":21.37,"mode":"air","p":[-0.71,20.53,-142.78],"v":[0,3.79,-8.4],"sup":false,"spd":8.65,"cr":false,"ev":""}
JS: {"t":21.38,"mode":"air","p":[-0.71,20.59,-142.92],"v":[0,3.63,-8.4],"sup":false,"spd":8.65,"cr":false,"ev":""}
JS: {"t":21.4,"mode":"air","p":[-0.71,20.65,-143.06],"v":[0,3.47,-8.4],"sup":false,"spd":8.65,"cr":false,"ev":""}
JS: {"t":21.42,"mode":"air","p":[-0.71,20.71,-143.2],"v":[0,3.3,-8.4],"sup":false,"spd":8.65,"cr":false,"ev":""}
JS: {"t":21.43,"mode":"air","p":[-0.71,20.77,-143.34],"v":[0,3.14,-8.4],"sup":false,"spd":8.65,"cr":false,"ev":""}
JS: {"t":21.45,"mode":"air","p":[-0.71,20.82,-143.48],"v":[0,2.97,-8.4],"sup":false,"spd":8.65,"cr":false,"ev":""}
JS: {"t":21.47,"mode":"air","p":[-0.71,20.87,-143.62],"v":[0,2.81,-8.4],"sup":false,"spd":8.65,"cr":false,"ev":""}
JS: {"t":21.48,"mode":"air","p":[-0.71,20.92,-143.76],"v":[0,2.65,-8.4],"sup":false,"spd":8.65,"cr":false,"ev":""}
JS: {"t":21.5,"mode":"air","p":[-0.71,20.96,-143.9],"v":[0,2.48,-8.4],"sup":false,"spd":8.65,"cr":false,"ev":""}
JS: {"t":21.52,"mode":"air","p":[-0.71,21,-144.04],"v":[0,2.32,-8.4],"sup":false,"spd":8.65,"cr":false,"ev":""}
JS: {"t":21.53,"mode":"air","p":[-0.71,21.04,-144.18],"v":[0,2.16,-8.4],"sup":false,"spd":8.65,"cr":false,"ev":""}
JS: {"t":21.55,"mode":"air","p":[-0.71,21.08,-144.32],"v":[0,1.99,-8.4],"sup":false,"spd":8.65,"cr":false,"ev":""}
JS: {"t":21.57,"mode":"air","p":[-0.71,21.11,-144.46],"v":[0,1.83,-8.4],"sup":false,"spd":8.65,"cr":false,"ev":""}
JS: {"t":21.58,"mode":"air","p":[-0.71,21.14,-144.6],"v":[0,1.67,-8.4],"sup":false,"spd":8.65,"cr":false,"ev":""}
JS: {"t":21.6,"mode":"air","p":[-0.71,21.17,-144.74],"v":[0,1.5,-8.4],"sup":false,"spd":8.65,"cr":false,"ev":""}
JS: {"t":21.62,"mode":"air","p":[-0.71,21.19,-144.88],"v":[0,1.34,-8.4],"sup":false,"spd":8.65,"cr":false,"ev":""}
JS: {"t":21.63,"mode":"air","p":[-0.71,21.22,-145.02],"v":[0,1.18,-8.4],"sup":false,"spd":8.65,"cr":false,"ev":""}
JS: {"t":21.65,"mode":"air","p":[-0.71,21.23,-145.16],"v":[0,1.01,-8.4],"sup":false,"spd":8.65,"cr":false,"ev":""}
JS: {"t":21.67,"mode":"air","p":[-0.71,21.25,-145.3],"v":[0,0.85,-8.4],"sup":false,"spd":8.65,"cr":false,"ev":""}
JS: {"t":21.68,"mode":"air","p":[-0.71,21.27,-145.44],"v":[0,0.69,-8.4],"sup":false,"spd":8.65,"cr":false,"ev":""}
JS: {"t":21.7,"mode":"air","p":[-0.71,21.28,-145.58],"v":[0,0.52,-8.4],"sup":false,"spd":8.65,"cr":false,"ev":""}
JS: {"t":21.72,"mode":"air","p":[-0.71,21.29,-145.72],"v":[0,0.36,-8.4],"sup":false,"spd":8.65,"cr":false,"ev":""}
JS: {"t":21.73,"mode":"air","p":[-0.71,21.29,-145.86],"v":[0,0.19,-8.4],"sup":false,"spd":8.65,"cr":false,"ev":""}
JS: {"t":21.75,"mode":"air","p":[-0.71,21.3,-146],"v":[0,0.03,-8.4],"sup":false,"spd":8.65,"cr":false,"ev":""}
JS: {"t":21.77,"mode":"air","p":[-0.71,21.3,-146.14],"v":[0,-0.13,-8.4],"sup":false,"spd":8.65,"cr":false,"ev":""}
JS: {"t":21.78,"mode":"air","p":[-0.71,21.29,-146.28],"v":[0,-0.35,-8.4],"sup":false,"spd":8.65,"cr":false,"ev":""}
JS: {"t":21.8,"mode":"air","p":[-0.71,21.29,-146.42],"v":[0,-0.57,-8.4],"sup":false,"spd":8.65,"cr":false,"ev":""}
JS: {"t":21.82,"mode":"air","p":[-0.71,21.28,-146.56],"v":[0,-0.79,-8.4],"sup":false,"spd":8.65,"cr":false,"ev":""}
JS: {"t":21.83,"mode":"air","p":[-0.71,21.26,-146.7],"v":[0,-1.01,-8.4],"sup":false,"spd":8.65,"cr":false,"ev":""}
JS: {"t":21.85,"mode":"air","p":[-0.71,21.25,-146.84],"v":[0,-1.24,-8.4],"sup":false,"spd":8.65,"cr":false,"ev":""}
JS: {"t":21.87,"mode":"air","p":[-0.71,21.23,-146.98],"v":[0,-1.46,-8.4],"sup":false,"spd":8.65,"cr":false,"ev":""}
JS: {"t":21.88,"mode":"air","p":[-0.71,21.2,-147.12],"v":[0,-1.68,-8.4],"sup":false,"spd":8.65,"cr":false,"ev":""}
JS: {"t":21.9,"mode":"air","p":[-0.71,21.17,-147.26],"v":[0,-1.9,-8.4],"sup":false,"spd":8.65,"cr":false,"ev":""}
JS: {"t":21.92,"mode":"air","p":[-0.71,21.14,-147.4],"v":[0,-2.12,-8.4],"sup":false,"spd":8.65,"cr":false,"ev":""}
JS: {"t":21.93,"mode":"air","p":[-0.71,21.11,-147.54],"v":[0,-2.34,-8.4],"sup":false,"spd":8.65,"cr":false,"ev":""}
JS: {"t":21.95,"mode":"air","p":[-0.71,21.07,-147.68],"v":[0,-2.56,-8.4],"sup":false,"spd":8.65,"cr":false,"ev":""}
JS: {"t":21.97,"mode":"air","p":[-0.71,21.03,-147.82],"v":[0,-2.78,-8.4],"sup":false,"spd":8.65,"cr":false,"ev":""}
JS: {"t":21.98,"mode":"air","p":[-0.71,20.98,-147.96],"v":[0,-3,-8.4],"sup":false,"spd":8.65,"cr":false,"ev":""}
JS: {"t":22,"mode":"air","p":[-0.71,20.93,-148.1],"v":[0,-3.22,-8.4],"sup":false,"spd":8.65,"cr":false,"ev":""}
JS: {"t":22.02,"mode":"air","p":[-0.71,20.88,-148.24],"v":[0,-3.44,-8.4],"sup":false,"spd":8.65,"cr":false,"ev":""}
JS: {"t":22.03,"mode":"air","p":[-0.71,20.82,-148.38],"v":[0,-3.66,-8.4],"sup":false,"spd":8.65,"cr":false,"ev":""}
JS: {"t":22.05,"mode":"air","p":[-0.71,20.76,-148.52],"v":[0,-3.88,-8.4],"sup":false,"spd":8.65,"cr":false,"ev":""}
JS: {"t":22.07,"mode":"air","p":[-0.71,20.69,-148.66],"v":[0,-4.11,-8.4],"sup":false,"spd":8.65,"cr":false,"ev":""}
JS: {"t":22.08,"mode":"air","p":[-0.71,20.62,-148.8],"v":[0,-4.33,-8.4],"sup":false,"spd":8.65,"cr":false,"ev":""}
JS: {"t":22.1,"mode":"air","p":[-0.71,20.55,-148.94],"v":[0,-4.55,-8.4],"sup":false,"spd":8.65,"cr":false,"ev":""}
JS: {"t":22.12,"mode":"air","p":[-0.71,20.48,-149.08],"v":[0,-4.77,-8.4],"sup":false,"spd":8.65,"cr":false,"ev":""}
JS: {"t":22.13,"mode":"air","p":[-0.71,20.4,-149.22],"v":[0,-4.99,-8.4],"sup":false,"spd":8.65,"cr":false,"ev":""}
JS: {"t":22.15,"mode":"air","p":[-0.71,20.31,-149.36],"v":[0,-5.21,-8.4],"sup":false,"spd":8.65,"cr":false,"ev":""}
JS: {"t":22.17,"mode":"air","p":[-0.71,20.23,-149.5],"v":[0,-5.43,-8.4],"sup":false,"spd":8.65,"cr":false,"ev":""}
JS: {"t":22.18,"mode":"air","p":[-0.71,20.14,-149.64],"v":[0,-5.65,-8.4],"sup":false,"spd":8.65,"cr":false,"ev":""}
JS: {"t":22.2,"mode":"air","p":[-0.71,20.04,-149.78],"v":[0,-5.87,-8.4],"sup":false,"spd":8.65,"cr":false,"ev":""}
JS: {"t":22.22,"mode":"air","p":[-0.71,19.94,-149.92],"v":[0,-6.09,-8.4],"sup":false,"spd":8.65,"cr":false,"ev":""}
JS: {"t":22.23,"mode":"air","p":[-0.71,19.84,-150.06],"v":[0,-6.31,-8.4],"sup":false,"spd":8.65,"cr":false,"ev":""}
JS: {"t":22.25,"mode":"air","p":[-0.71,19.74,-150.2],"v":[0,-6.53,-8.4],"sup":false,"spd":8.65,"cr":false,"ev":""}
JS: {"t":22.27,"mode":"air","p":[-0.71,19.63,-150.34],"v":[0,-6.75,-8.4],"sup":false,"spd":8.65,"cr":false,"ev":""}
JS: {"t":22.28,"mode":"air","p":[-0.71,19.52,-150.48],"v":[0,-6.97,-8.4],"sup":false,"spd":8.65,"cr":false,"ev":""}
JS: {"t":22.3,"mode":"air","p":[-0.71,19.4,-150.62],"v":[0,-7.2,-8.4],"sup":false,"spd":8.65,"cr":false,"ev":""}
JS: {"t":22.32,"mode":"air","p":[-0.71,19.28,-150.76],"v":[0,-7.42,-8.4],"sup":false,"spd":8.65,"cr":false,"ev":""}
JS: {"t":22.33,"mode":"air","p":[-0.71,19.16,-150.9],"v":[0,-7.64,-8.4],"sup":false,"spd":8.65,"cr":false,"ev":""}
JS: {"t":22.35,"mode":"ground","p":[-0.71,19.03,-151.04],"v":[0,-0.6,-8.4],"sup":true,"spd":8.4,"cr":false,"ev":""}
JS: {"t":22.37,"mode":"ground","p":[-0.71,18.92,-151.18],"v":[0,-0.6,-8.4],"sup":true,"spd":8.4,"cr":false,"ev":""}
JS: {"t":22.38,"mode":"ground","p":[-0.71,18.92,-151.32],"v":[0,-0.6,-8.4],"sup":true,"spd":8.4,"cr":false,"ev":""}
JS: {"t":22.4,"mode":"ground","p":[-0.71,18.92,-151.46],"v":[0,-0.6,-8.4],"sup":true,"spd":8.4,"cr":false,"ev":""}
JS: {"t":22.42,"mode":"ground","p":[-0.71,18.92,-151.6],"v":[0,-0.6,-8.4],"sup":true,"spd":8.4,"cr":false,"ev":""}
JS: {"t":22.43,"mode":"ground","p":[-0.71,18.92,-151.74],"v":[0,-0.6,-8.4],"sup":true,"spd":8.4,"cr":false,"ev":""}
JS: {"t":22.45,"mode":"ground","p":[-0.71,18.92,-151.88],"v":[0,-0.6,-8.4],"sup":true,"spd":8.4,"cr":false,"ev":""}
JS: {"t":22.47,"mode":"ground","p":[-0.71,18.92,-152.02],"v":[0,-0.6,-8.4],"sup":true,"spd":8.4,"cr":false,"ev":""}
JS: {"t":22.48,"mode":"ground","p":[-0.71,18.92,-152.16],"v":[0,-0.6,-8.4],"sup":true,"spd":8.4,"cr":false,"ev":""}
JS: {"t":22.5,"mode":"ground","p":[-0.71,18.92,-152.3],"v":[0,-0.6,-8.4],"sup":true,"spd":8.4,"cr":false,"ev":""}
JS: {"t":22.52,"mode":"ground","p":[-0.71,18.92,-152.44],"v":[0,-0.6,-8.4],"sup":true,"spd":8.4,"cr":false,"ev":""}
JS: {"t":22.53,"mode":"ground","p":[-0.71,18.92,-152.58],"v":[0,-0.6,-8.4],"sup":true,"spd":8.4,"cr":false,"ev":""}
JS: {"t":22.55,"mode":"ground","p":[-0.71,18.92,-152.72],"v":[0,-0.6,-8.4],"sup":true,"spd":8.4,"cr":false,"ev":""}
JS: {"t":22.57,"mode":"ground","p":[-0.71,18.92,-152.86],"v":[0,-0.6,-8.4],"sup":true,"spd":8.4,"cr":false,"ev":""}
JS: {"t":22.58,"mode":"ground","p":[-0.71,18.92,-153],"v":[0,-0.6,-8.4],"sup":true,"spd":8.4,"cr":false,"ev":""}
JS: {"t":22.6,"mode":"ground","p":[-0.71,18.92,-153.14],"v":[0,-0.6,-8.4],"sup":true,"spd":8.4,"cr":false,"ev":""}
JS: {"t":22.62,"mode":"ground","p":[-0.71,18.92,-153.28],"v":[0,-0.6,-8.4],"sup":true,"spd":8.4,"cr":false,"ev":""}
JS: {"t":22.63,"mode":"ground","p":[-0.71,18.92,-153.42],"v":[0,-0.6,-8.4],"sup":true,"spd":8.4,"cr":false,"ev":""}
JS: {"t":22.65,"mode":"ground","p":[-0.71,18.92,-153.56],"v":[0,-0.6,-8.4],"sup":true,"spd":8.4,"cr":false,"ev":""}
JS: {"t":22.67,"mode":"ground","p":[-0.71,18.92,-153.7],"v":[0,-0.6,-8.4],"sup":true,"spd":8.4,"cr":false,"ev":""}
JS: {"t":22.68,"mode":"ground","p":[-0.71,18.92,-153.84],"v":[0,-0.6,-8.4],"sup":true,"spd":8.4,"cr":false,"ev":""}
JS: {"t":22.7,"mode":"ground","p":[-0.71,18.92,-153.98],"v":[0,-0.6,-8.4],"sup":true,"spd":8.4,"cr":false,"ev":""}
JS: {"t":22.72,"mode":"ground","p":[-0.71,18.92,-154.12],"v":[0,-0.6,-8.4],"sup":true,"spd":8.4,"cr":false,"ev":""}
JS: {"t":22.73,"mode":"ground","p":[-0.71,18.92,-154.26],"v":[0,-0.6,-8.4],"sup":true,"spd":8.4,"cr":false,"ev":""}
JS: {"t":22.75,"mode":"ground","p":[-0.71,18.92,-154.4],"v":[0,-0.6,-8.4],"sup":true,"spd":8.4,"cr":false,"ev":""}
JS: {"t":22.77,"mode":"ground","p":[-0.71,18.92,-154.54],"v":[0,-0.6,-8.4],"sup":true,"spd":8.4,"cr":false,"ev":""}
JS: {"t":22.78,"mode":"ground","p":[-0.71,18.92,-154.68],"v":[0,-0.6,-8.4],"sup":true,"spd":8.4,"cr":false,"ev":""}
JS: {"t":22.8,"mode":"ground","p":[-0.71,18.92,-154.82],"v":[0,-0.6,-8.4],"sup":true,"spd":8.4,"cr":false,"ev":""}
JS: {"t":22.82,"mode":"ground","p":[-0.71,18.92,-154.96],"v":[0,-0.6,-8.4],"sup":true,"spd":8.4,"cr":false,"ev":""}
JS: {"t":22.83,"mode":"ground","p":[-0.71,18.92,-155.1],"v":[0,-0.6,-8.4],"sup":true,"spd":8.4,"cr":false,"ev":""}
JS: {"t":22.85,"mode":"ground","p":[-0.71,18.92,-155.24],"v":[0,-0.6,-8.4],"sup":true,"spd":8.4,"cr":false,"ev":""}
JS: {"t":22.87,"mode":"ground","p":[-0.71,18.92,-155.38],"v":[0,-0.6,-8.4],"sup":true,"spd":8.4,"cr":false,"ev":""}
JS: {"t":22.88,"mode":"ground","p":[-0.71,18.92,-155.52],"v":[0,-0.6,-8.4],"sup":true,"spd":8.4,"cr":false,"ev":""}
JS: {"t":22.9,"mode":"ground","p":[-0.71,18.92,-155.66],"v":[0,-0.6,-8.4],"sup":true,"spd":8.4,"cr":false,"ev":""}
JS: {"t":22.92,"mode":"ground","p":[-0.71,18.92,-155.8],"v":[0,-0.6,-8.4],"sup":true,"spd":8.4,"cr":false,"ev":""}
JS: {"t":22.93,"mode":"ground","p":[-0.71,18.92,-155.94],"v":[0,-0.6,-8.4],"sup":true,"spd":8.4,"cr":false,"ev":""}
JS: {"t":22.95,"mode":"ground","p":[-0.71,18.92,-156.08],"v":[0,-0.6,-8.4],"sup":true,"spd":8.4,"cr":false,"ev":""}
JS: {"t":22.97,"mode":"ground","p":[-0.71,18.92,-156.22],"v":[0,-0.6,-8.4],"sup":true,"spd":8.4,"cr":false,"ev":""}
JS: {"t":22.98,"mode":"ground","p":[-0.71,18.92,-156.36],"v":[0,-0.6,-8.4],"sup":true,"spd":8.4,"cr":false,"ev":""}
JS: {"t":23,"mode":"ground","p":[-0.71,18.92,-156.5],"v":[0,-0.6,-8.4],"sup":true,"spd":8.4,"cr":false,"ev":""}
JS: {"t":23.02,"mode":"ground","p":[-0.71,18.92,-156.64],"v":[0,-0.6,-8.4],"sup":true,"spd":8.4,"cr":false,"ev":""}
JS: AUTO step 27 {"z":-168,"my":1,"d":12}
JS: {"t":23.03,"mode":"ground","p":[-0.71,18.92,-156.78],"v":[0,-0.6,-8.4],"sup":true,"spd":8.4,"cr":false,"ev":""}
JS: {"t":23.05,"mode":"ground","p":[-0.71,18.92,-156.92],"v":[0,-0.6,-8.4],"sup":true,"spd":8.4,"cr":false,"ev":""}
JS: {"t":23.07,"mode":"ground","p":[-0.71,18.92,-157.06],"v":[0,-0.6,-8.4],"sup":true,"spd":8.4,"cr":false,"ev":""}
JS: {"t":23.08,"mode":"ground","p":[-0.71,18.92,-157.2],"v":[0,-0.6,-8.4],"sup":true,"spd":8.4,"cr":false,"ev":""}
JS: {"t":23.1,"mode":"ground","p":[-0.71,18.92,-157.34],"v":[0,-0.6,-8.4],"sup":true,"spd":8.4,"cr":false,"ev":""}
JS: {"t":23.12,"mode":"ground","p":[-0.71,18.92,-157.48],"v":[0,-0.6,-8.4],"sup":true,"spd":8.4,"cr":false,"ev":""}
JS: {"t":23.13,"mode":"ground","p":[-0.71,18.92,-157.62],"v":[0,-0.6,-8.4],"sup":true,"spd":8.4,"cr":false,"ev":""}
JS: {"t":23.15,"mode":"ground","p":[-0.71,18.92,-157.76],"v":[0,-0.6,-8.4],"sup":true,"spd":8.4,"cr":false,"ev":""}
JS: {"t":23.17,"mode":"ground","p":[-0.71,18.92,-157.9],"v":[0,-0.6,-8.4],"sup":true,"spd":8.4,"cr":false,"ev":""}
JS: {"t":23.18,"mode":"ground","p":[-0.71,18.92,-158.04],"v":[0,-0.6,-8.4],"sup":true,"spd":8.4,"cr":false,"ev":""}
JS: {"t":23.2,"mode":"ground","p":[-0.71,18.92,-158.18],"v":[0,-0.6,-8.4],"sup":true,"spd":8.4,"cr":false,"ev":""}
JS: {"t":23.22,"mode":"ground","p":[-0.71,18.92,-158.32],"v":[0,-0.6,-8.4],"sup":true,"spd":8.4,"cr":false,"ev":""}
JS: {"t":23.23,"mode":"ground","p":[-0.71,18.92,-158.46],"v":[0,-0.6,-8.4],"sup":true,"spd":8.4,"cr":false,"ev":""}
JS: {"t":23.25,"mode":"ground","p":[-0.71,18.92,-158.6],"v":[0,-0.6,-8.4],"sup":true,"spd":8.4,"cr":false,"ev":""}
JS: {"t":23.27,"mode":"ground","p":[-0.71,18.92,-158.74],"v":[0,-0.6,-8.4],"sup":true,"spd":8.4,"cr":false,"ev":""}
JS: {"t":23.28,"mode":"ground","p":[-0.71,18.92,-158.88],"v":[0,-0.6,-8.4],"sup":true,"spd":8.4,"cr":false,"ev":""}
JS: {"t":23.3,"mode":"ground","p":[-0.71,18.92,-159.02],"v":[0,-0.6,-8.4],"sup":true,"spd":8.4,"cr":false,"ev":""}
JS: {"t":23.32,"mode":"ground","p":[-0.71,18.92,-159.16],"v":[0,-0.6,-8.4],"sup":true,"spd":8.4,"cr":false,"ev":""}
JS: {"t":23.33,"mode":"ground","p":[-0.71,18.92,-159.3],"v":[0,-0.6,-8.4],"sup":true,"spd":8.4,"cr":false,"ev":""}
JS: {"t":23.35,"mode":"ground","p":[-0.71,18.92,-159.44],"v":[0,-0.6,-8.4],"sup":true,"spd":8.4,"cr":false,"ev":""}
JS: {"t":23.37,"mode":"ground","p":[-0.71,18.92,-159.58],"v":[0,-0.6,-8.4],"sup":true,"spd":8.4,"cr":false,"ev":""}
JS: {"t":23.38,"mode":"ground","p":[-0.71,18.92,-159.72],"v":[0,-0.6,-8.4],"sup":true,"spd":8.4,"cr":false,"ev":""}
JS: {"t":23.4,"mode":"ground","p":[-0.71,18.92,-159.86],"v":[0,-0.6,-8.4],"sup":true,"spd":8.4,"cr":false,"ev":""}
JS: {"t":23.42,"mode":"ground","p":[-0.71,18.92,-160],"v":[0,-0.6,-8.4],"sup":true,"spd":8.4,"cr":false,"ev":""}
JS: {"t":23.43,"mode":"ground","p":[-0.71,18.92,-160.14],"v":[0,-0.6,-8.4],"sup":true,"spd":8.4,"cr":false,"ev":""}
JS: {"t":23.45,"mode":"ground","p":[-0.71,18.92,-160.28],"v":[0,-0.6,-8.4],"sup":true,"spd":8.4,"cr":false,"ev":""}
JS: {"t":23.47,"mode":"ground","p":[-0.71,18.92,-160.42],"v":[0,-0.6,-8.4],"sup":true,"spd":8.4,"cr":false,"ev":""}
JS: {"t":23.48,"mode":"ground","p":[-0.71,18.92,-160.56],"v":[0,-0.6,-8.4],"sup":true,"spd":8.4,"cr":false,"ev":""}
JS: {"t":23.5,"mode":"ground","p":[-0.71,18.92,-160.7],"v":[0,-0.6,-8.4],"sup":true,"spd":8.4,"cr":false,"ev":""}
JS: {"t":23.52,"mode":"ground","p":[-0.71,18.92,-160.84],"v":[0,-0.6,-8.4],"sup":true,"spd":8.4,"cr":false,"ev":""}
JS: {"t":23.53,"mode":"ground","p":[-0.71,18.92,-160.98],"v":[0,-0.6,-8.4],"sup":true,"spd":8.4,"cr":false,"ev":""}
JS: {"t":23.55,"mode":"ground","p":[-0.71,18.92,-161.12],"v":[0,-0.6,-8.4],"sup":true,"spd":8.4,"cr":false,"ev":""}
JS: {"t":23.57,"mode":"ground","p":[-0.71,18.92,-161.26],"v":[0,-0.6,-8.4],"sup":true,"spd":8.4,"cr":false,"ev":""}
JS: {"t":23.58,"mode":"ground","p":[-0.71,18.92,-161.4],"v":[0,-0.6,-8.4],"sup":true,"spd":8.4,"cr":false,"ev":""}
JS: {"t":23.6,"mode":"ground","p":[-0.71,18.92,-161.54],"v":[0,-0.6,-8.4],"sup":true,"spd":8.4,"cr":false,"ev":""}
JS: {"t":23.62,"mode":"ground","p":[-0.71,18.92,-161.68],"v":[0,-0.6,-8.4],"sup":true,"spd":8.4,"cr":false,"ev":""}
JS: {"t":23.63,"mode":"ground","p":[-0.71,18.92,-161.82],"v":[0,-0.6,-8.4],"sup":true,"spd":8.4,"cr":false,"ev":""}
JS: {"t":23.65,"mode":"ground","p":[-0.71,18.92,-161.96],"v":[0,-0.6,-8.4],"sup":true,"spd":8.4,"cr":false,"ev":""}
JS: {"t":23.67,"mode":"ground","p":[-0.71,18.92,-162.1],"v":[0,-0.6,-8.4],"sup":true,"spd":8.4,"cr":false,"ev":""}
JS: {"t":23.68,"mode":"ground","p":[-0.71,18.92,-162.24],"v":[0,-0.6,-8.4],"sup":true,"spd":8.4,"cr":false,"ev":""}
JS: {"t":23.7,"mode":"ground","p":[-0.71,18.92,-162.38],"v":[0,-0.6,-8.4],"sup":true,"spd":8.4,"cr":false,"ev":""}
JS: {"t":23.72,"mode":"ground","p":[-0.71,18.92,-162.52],"v":[0,-0.6,-8.4],"sup":true,"spd":8.4,"cr":false,"ev":""}
JS: {"t":23.73,"mode":"ground","p":[-0.71,18.92,-162.66],"v":[0,-0.6,-8.4],"sup":true,"spd":8.4,"cr":false,"ev":""}
JS: {"t":23.75,"mode":"ground","p":[-0.71,18.92,-162.8],"v":[0,-0.6,-8.4],"sup":true,"spd":8.4,"cr":false,"ev":""}
JS: {"t":23.77,"mode":"ground","p":[-0.71,18.92,-162.94],"v":[0,-0.6,-8.4],"sup":true,"spd":8.4,"cr":false,"ev":""}
JS: {"t":23.78,"mode":"ground","p":[-0.71,18.92,-163.08],"v":[0,-0.6,-8.4],"sup":true,"spd":8.4,"cr":false,"ev":""}
JS: {"t":23.8,"mode":"ground","p":[-0.71,18.92,-163.22],"v":[0,-0.6,-8.4],"sup":true,"spd":8.4,"cr":false,"ev":""}
JS: {"t":23.82,"mode":"ground","p":[-0.71,18.92,-163.36],"v":[0,-0.6,-8.4],"sup":true,"spd":8.4,"cr":false,"ev":""}
JS: {"t":23.83,"mode":"ground","p":[-0.71,18.92,-163.5],"v":[0,-0.6,-8.4],"sup":true,"spd":8.4,"cr":false,"ev":""}
JS: {"t":23.85,"mode":"ground","p":[-0.71,18.92,-163.64],"v":[0,-0.6,-8.4],"sup":true,"spd":8.4,"cr":false,"ev":""}
JS: {"t":23.87,"mode":"ground","p":[-0.71,18.92,-163.78],"v":[0,-0.6,-8.4],"sup":true,"spd":8.4,"cr":false,"ev":""}
JS: {"t":23.88,"mode":"ground","p":[-0.71,18.92,-163.92],"v":[0,-0.6,-8.4],"sup":true,"spd":8.4,"cr":false,"ev":""}
JS: {"t":23.9,"mode":"ground","p":[-0.71,18.92,-164.06],"v":[0,-0.6,-8.4],"sup":true,"spd":8.4,"cr":false,"ev":""}
JS: {"t":23.92,"mode":"ground","p":[-0.71,18.92,-164.2],"v":[0,-0.6,-8.4],"sup":true,"spd":8.4,"cr":false,"ev":""}
JS: {"t":23.93,"mode":"ground","p":[-0.71,18.92,-164.34],"v":[0,-0.6,-8.4],"sup":true,"spd":8.4,"cr":false,"ev":""}
JS: {"t":23.95,"mode":"ground","p":[-0.71,18.92,-164.48],"v":[0,-0.6,-8.4],"sup":true,"spd":8.4,"cr":false,"ev":""}
JS: {"t":23.97,"mode":"ground","p":[-0.71,18.92,-164.62],"v":[0,-0.6,-8.4],"sup":true,"spd":8.4,"cr":false,"ev":""}
JS: {"t":23.98,"mode":"ground","p":[-0.71,18.92,-164.76],"v":[0,-0.6,-8.4],"sup":true,"spd":8.4,"cr":false,"ev":""}
JS: {"t":24,"mode":"ground","p":[-0.71,18.92,-164.9],"v":[0,-0.6,-8.4],"sup":true,"spd":8.4,"cr":false,"ev":""}
JS: {"t":24.02,"mode":"ground","p":[-0.71,18.92,-165.04],"v":[0,-0.6,-8.4],"sup":true,"spd":8.4,"cr":false,"ev":""}
JS: {"t":24.03,"mode":"ground","p":[-0.71,18.92,-165.18],"v":[0,-0.6,-8.4],"sup":true,"spd":8.4,"cr":false,"ev":""}
Consumer observation frames=2200 scriptErrors=0
Renderer fragment texture units: 32 (material path uses 12)
World state: disk saves disabled for additive compositions
Project: Judas Three Games (/tmp/judas-post-m65-7v_prgwt/project/post_m65_consumers.judasproj)
Scene: Rooftop Run (/tmp/judas-post-m65-7v_prgwt/project/Scenes/rooftop/rooftops.judas)
World origin (m): 0.000, 0.000, 0.000
