step,fixed_ms,particle_executed,particle_ms,coupling_ms,rigid_ms,broadphase_ms,narrowphase_ms,solver_ms,contacts,contained_mass,density_ms,boundary_ms,velocity_ms,hydrostatic_ms,player_ms,phase
0,6.390882,1,6.036753,6.187175,0.025302,0.006342,0.013803,0.00276,0,0,2.477466,1.959295,1.233227,0.073495,0.007158,view
1,0.317796,0,0,0.135009,0.023965,0.005249,0.014102,0.002427,0,0,2.477466,1.959295,1.233227,0.117958,0.006769,view
2,0.285789,0,0,0.121636,0.019145,0.003921,0.012216,0.001949,0,0,2.477466,1.959295,1.233227,0.103815,0.00697,view
3,7.271576,1,6.902146,7.080184,0.020021,0.004209,0.012236,0.001963,0,0,2.660197,2.446396,1.414564,0.101935,0.00798,view
4,0.281705,0,0,0.118798,0.028423,0.011166,0.013316,0.002099,0,0,2.660197,2.446396,1.414564,0.101664,0.006992,view
5,0.290609,0,0,0.123982,0.02304,0.005253,0.013581,0.002308,0,0,2.660197,2.446396,1.414564,0.106034,0.006995,view
6,7.750956,1,7.339858,7.570264,0.016645,0.00308,0.011514,0.001061,0,0,2.485307,2.841046,1.645186,0.103869,0.058031,view
7,0.49075,0,0,0.316123,0.025292,0.005596,0.014809,0.002918,0,0,2.485307,2.841046,1.645186,0.24098,0.064339,view
8,1.239207,0,0,0.55084,0.322585,0.007092,0.040472,0.272162,0,0,2.485307,2.841046,1.645186,0.479247,0.060171,view
9,9.339679,1,8.408852,8.964587,0.060272,0.005741,0.045461,0.007947,4,0,2.887909,3.066414,2.000742,0.392738,0.076743,view
10,1.086899,0,0,0.684136,0.074574,0.009387,0.053311,0.009601,4,0,2.887909,3.066414,2.000742,0.603401,0.069056,view
11,1.147096,0,0,0.551665,0.317694,0.006984,0.053546,0.256362,4,0,2.887909,3.066414,2.000742,0.484587,0.055434,view
12,9.008248,1,7.852837,8.562705,0.100989,0.010569,0.069661,0.017772,12,0,2.584209,3.155529,1.691623,0.573017,0.05885,view
13,1.131218,0,0,0.745749,0.09985,0.010306,0.071322,0.015948,12,0,2.584209,3.155529,1.691623,0.675408,0.058929,view
14,1.054504,0,0,0.704611,0.075697,0.006007,0.059213,0.009679,12,0,2.584209,3.155529,1.691623,0.638631,0.055533,view
15,9.28346,1,8.116185,8.880324,0.109753,0.009986,0.08425,0.013235,12,0,2.523131,3.358648,1.851967,0.637231,0.056363,view
16,1.475885,0,0,1.055907,0.125031,0.011564,0.087366,0.023737,12,0,2.523131,3.358648,1.851967,0.983576,0.059062,view
17,1.146497,0,0,0.796258,0.074074,0.00659,0.05691,0.009658,12,0,2.523131,3.358648,1.851967,0.730179,0.055649,view
18,9.77676,1,8.507977,9.366969,0.090725,0.01032,0.064742,0.013218,12,0,2.539875,3.597427,1.978594,0.722425,0.061119,view
19,1.062475,0,0,0.69449,0.086975,0.010014,0.063851,0.011496,12,0,2.539875,3.597427,1.978594,0.62578,0.05839,view
20,1.712995,0,0,1.095515,0.155635,0.015524,0.1178,0.019183,12,0,2.539875,3.597427,1.978594,0.978175,0.101044,view
21,10.275368,1,9.068558,9.860567,0.087448,0.009545,0.064424,0.011509,12,0,2.716723,3.814397,2.160922,0.660333,0.061239,view
22,1.189293,0,0,0.689538,0.130138,0.019591,0.087352,0.021144,12,0,2.716723,3.814397,2.160922,0.607975,0.070552,view
23,1.074394,0,0,0.652314,0.097897,0.013379,0.068711,0.013331,12,0,2.716723,3.814397,2.160922,0.548929,0.090446,view
24,12.258546,1,10.989886,11.789485,0.091789,0.010386,0.067057,0.012175,12,0,3.012155,4.72757,2.718935,0.533857,0.11723,view
25,0.926268,0,0,0.56321,0.089769,0.010408,0.064984,0.011973,12,0,3.012155,4.72757,2.718935,0.493194,0.05897,view
26,0.844274,0,0,0.475198,0.075686,0.007484,0.057937,0.009303,12,0,3.012155,4.72757,2.718935,0.406108,0.05912,view
27,11.661619,1,10.702924,11.260014,0.10186,0.010373,0.077102,0.012471,12,0,2.953844,4.85757,2.481128,0.475196,0.007996,view
28,0.490924,0,0,0.125299,0.089124,0.009699,0.066072,0.011163,12,0,2.953844,4.85757,2.481128,0.107865,0.006923,view
29,0.48992,0,0,0.129109,0.089241,0.010508,0.064871,0.011621,12,0,2.953844,4.85757,2.481128,0.110665,0.006889,view
30,11.34412,1,10.703933,10.934174,0.095635,0.011238,0.068982,0.012842,12,0,2.967106,4.585342,2.6852,0.143963,0.008905,view
31,0.512004,0,0,0.124749,0.113223,0.01053,0.068722,0.021452,12,0,2.967106,4.585342,2.6852,0.107731,0.006628,view
32,0.481363,0,0,0.124592,0.086131,0.008917,0.063803,0.011249,12,0,2.967106,4.585342,2.6852,0.105887,0.006742,view
33,10.877628,1,10.306886,10.496516,0.090955,0.009529,0.067781,0.01154,12,0,2.974116,4.592322,2.341755,0.112876,0.00761,view
34,0.539245,0,0,0.141487,0.087635,0.010112,0.064667,0.010877,12,0,2.974116,4.592322,2.341755,0.124565,0.006754,view
35,0.49081,0,0,0.119414,0.100802,0.017916,0.071448,0.010045,12,0,2.974116,4.592322,2.341755,0.102303,0.006819,view
36,13.578076,1,12.934487,13.135404,0.086136,0.009191,0.063829,0.010927,12,0,3.484785,5.867452,3.061255,0.106303,0.008806,view
37,0.493889,0,0,0.119544,0.096826,0.019873,0.063081,0.011557,12,0,3.484785,5.867452,3.061255,0.102611,0.006836,view
38,0.449407,0,0,0.112405,0.07208,0.006174,0.056597,0.008607,12,0,3.484785,5.867452,3.061255,0.096389,0.006601,view
39,12.383205,1,11.844586,12.024452,0.083963,0.008825,0.062579,0.010611,12,0,3.574577,5.264893,2.603058,0.105196,0.006926,view
40,0.505018,0,0,0.142576,0.088179,0.010422,0.063748,0.012039,12,0,3.574577,5.264893,2.603058,0.125839,0.00664,view
41,0.472845,0,0,0.113012,0.069781,0.005165,0.05617,0.007866,12,0,3.574577,5.264893,2.603058,0.097422,0.006586,view
42,11.795533,1,11.26058,11.433037,0.072388,0.006155,0.056967,0.008556,12,0,2.980802,5.06455,2.814836,0.096827,0.007836,view
43,0.628407,0,0,0.165638,0.108097,0.011532,0.081287,0.012968,12,0,2.980802,5.06455,2.814836,0.135903,0.008858,view
44,0.586728,0,0,0.149279,0.088233,0.006761,0.070736,0.010034,12,0,2.980802,5.06455,2.814836,0.128485,0.008829,view
45,13.435674,1,12.615704,12.860005,0.085129,0.008799,0.063628,0.010523,12,0,3.646235,5.570469,2.77818,0.107125,0.014273,view
46,0.635577,0,0,0.158565,0.110068,0.011789,0.082056,0.013935,12,0,3.646235,5.570469,2.77818,0.136724,0.008837,view
47,0.575162,0,0,0.145202,0.089626,0.006705,0.071986,0.010183,12,0,3.646235,5.570469,2.77818,0.125198,0.008503,view
48,12.087308,1,11.292752,11.593128,0.156746,0.012235,0.125163,0.017748,12,0,3.361108,5.115863,2.403837,0.211752,0.008011,view
49,0.617992,0,0,0.155291,0.107264,0.011207,0.080787,0.013002,12,0,3.361108,5.115863,2.403837,0.133688,0.008789,view
50,0.585159,0,0,0.147599,0.088466,0.006744,0.070628,0.010363,12,0,3.361108,5.115863,2.403837,0.126752,0.00873,view
51,12.505371,1,11.865816,12.077689,0.091897,0.00995,0.06817,0.011587,12,0,3.226249,5.333369,2.687388,0.108752,0.013778,view
52,0.57199,0,0,0.123424,0.130305,0.020778,0.086915,0.020422,12,0,3.226249,5.333369,2.687388,0.10657,0.006595,view
53,0.441746,0,0,0.111877,0.066388,0.00513,0.052309,0.008419,12,0,3.226249,5.333369,2.687388,0.096213,0.006557,view
54,11.403393,1,10.72404,10.949171,0.10409,0.0107,0.079135,0.011854,12,0,3.098692,4.640732,2.576309,0.141748,0.008284,view
55,0.606386,0,0,0.152378,0.105896,0.011413,0.078229,0.013685,12,0,3.098692,4.640732,2.576309,0.131287,0.008287,view
56,0.548986,0,0,0.139908,0.08229,0.006302,0.065722,0.009614,12,0,3.098692,4.640732,2.576309,0.12009,0.008204,view
57,12.8261,1,12.157173,12.377908,0.089068,0.010074,0.064683,0.012045,12,0,3.438141,5.226255,2.933547,0.110785,0.010579,view
58,0.701739,0,0,0.203747,0.157808,0.012311,0.128617,0.012886,12,0,3.438141,5.226255,2.933547,0.183818,0.0079,view
59,0.487676,0,0,0.12223,0.084887,0.009256,0.062723,0.011188,12,0,3.438141,5.226255,2.933547,0.104641,0.006758,view
60,11.673755,1,11.040203,11.243482,0.089091,0.009636,0.064639,0.012435,12,0,3.123553,4.782097,2.647301,0.109637,0.009764,view
61,0.580975,0,0,0.154295,0.103112,0.011648,0.075453,0.013642,12,0,3.123553,4.782097,2.647301,0.134171,0.007798,view
62,0.553496,0,0,0.139948,0.097787,0.008802,0.069782,0.01139,12,0,3.123553,4.782097,2.647301,0.119371,0.007983,view
63,12.377764,1,11.723349,11.933549,0.087801,0.009946,0.064235,0.011537,12,0,3.242307,4.949115,2.995869,0.109151,0.010869,view
64,0.541576,0,0,0.149633,0.112714,0.010197,0.088292,0.011688,12,0,3.242307,4.949115,2.995869,0.130959,0.00714,view
65,0.467252,0,0,0.12228,0.075975,0.007059,0.058578,0.009144,12,0,3.242307,4.949115,2.995869,0.104228,0.006701,view
66,17.660158,1,16.947495,17.163155,0.088309,0.009862,0.064722,0.011712,12,0,5.139128,7.936148,3.405045,0.121492,0.00916,view
67,0.517862,0,0,0.131555,0.109693,0.010139,0.084936,0.012318,12,0,5.139128,7.936148,3.405045,0.113126,0.006741,view
68,0.554723,0,0,0.152518,0.105073,0.016378,0.074985,0.01284,12,0,5.139128,7.936148,3.405045,0.128959,0.010117,view
69,11.580887,1,10.998138,11.204201,0.095026,0.010009,0.070325,0.012588,12,0,3.258277,4.767928,2.555929,0.124706,0.006872,view
70,0.534916,0,0,0.125024,0.1147,0.010351,0.090149,0.012292,12,0,3.258277,4.767928,2.555929,0.106184,0.007372,view
71,0.516971,0,0,0.127854,0.079808,0.006776,0.063233,0.008931,12,0,3.258277,4.767928,2.555929,0.109451,0.007396,view
72,13.001424,1,12.42229,12.617104,0.082668,0.007104,0.064652,0.009936,12,0,4.113663,5.359599,2.531181,0.109856,0.008737,view
73,0.49387,0,0,0.129898,0.08706,0.01026,0.063821,0.010647,12,0,4.113663,5.359599,2.531181,0.102011,0.00682,view
74,0.450744,0,0,0.11494,0.071582,0.006046,0.056753,0.008099,12,0,4.113663,5.359599,2.531181,0.097833,0.006629,view
75,11.313817,1,10.743423,10.933461,0.09742,0.00925,0.074858,0.011402,12,0,3.053474,4.839479,2.440364,0.113219,0.0072,view
76,0.510044,0,0,0.131295,0.107094,0.009568,0.084086,0.011295,12,0,3.053474,4.839479,2.440364,0.113983,0.006771,view
77,0.475566,0,0,0.116778,0.078957,0.006298,0.063371,0.008451,12,0,3.053474,4.839479,2.440364,0.099299,0.006779,view
78,12.349063,1,11.80905,11.988436,0.072565,0.005951,0.05734,0.008582,12,0,3.211166,4.867532,3.283489,0.098005,0.008296,view
79,0.495011,0,0,0.13148,0.08715,0.009957,0.064217,0.010859,12,0,3.211166,4.867532,3.283489,0.104042,0.006779,view
80,0.469233,0,0,0.118347,0.079874,0.006458,0.064065,0.008517,12,0,3.211166,4.867532,3.283489,0.100485,0.006751,view
81,11.925581,1,11.355422,11.54869,0.092554,0.00968,0.06907,0.011658,12,0,3.262015,5.114366,2.565768,0.115099,0.007206,view
82,0.603802,0,0,0.15651,0.124311,0.010162,0.089483,0.022575,12,0,3.262015,5.114366,2.565768,0.138638,0.006822,view
83,0.442706,0,0,0.112515,0.066024,0.005171,0.052838,0.007473,12,0,3.262015,5.114366,2.565768,0.096471,0.006634,view
84,12.128338,1,11.586357,11.764377,0.072333,0.006021,0.057028,0.008593,12,0,3.897967,4.677568,2.588258,0.098344,0.008103,view
85,0.529664,0,0,0.132951,0.093148,0.010206,0.06927,0.011677,12,0,3.897967,4.677568,2.588258,0.113738,0.007371,view
86,0.4913,0,0,0.125119,0.074197,0.005581,0.059189,0.00875,12,0,3.897967,4.677568,2.588258,0.107275,0.007468,view
87,11.847849,1,11.294249,11.483802,0.08797,0.009594,0.064684,0.01163,12,0,3.304515,4.908527,2.661219,0.111668,0.006853,view
88,0.552116,0,0,0.142527,0.096773,0.010324,0.072089,0.012345,12,0,3.304515,4.908527,2.661219,0.12216,0.007777,view
89,0.495705,0,0,0.127723,0.074372,0.005745,0.059693,0.008249,12,0,3.304515,4.908527,2.661219,0.109363,0.00738,view
90,12.372682,1,11.793737,11.993223,0.082546,0.007013,0.065336,0.009406,12,0,3.303577,5.562578,2.508954,0.114409,0.008338,view
91,0.492228,0,0,0.120403,0.104571,0.01877,0.07297,0.010878,12,0,3.303577,5.562578,2.508954,0.103365,0.006614,view
92,0.448089,0,0,0.112773,0.066528,0.005011,0.053192,0.007723,12,0,3.303577,5.562578,2.508954,0.096452,0.006576,view
93,11.965687,1,11.357715,11.560187,0.086882,0.009297,0.064247,0.011157,12,0,3.280716,4.924984,2.691024,0.112624,0.008492,view
94,0.514943,0,0,0.126991,0.115765,0.00986,0.092138,0.011682,12,0,3.280716,4.924984,2.691024,0.109116,0.006851,view
95,0.445709,0,0,0.113917,0.066823,0.005257,0.053001,0.007955,12,0,3.280716,4.924984,2.691024,0.097711,0.006581,view
96,12.332152,1,11.715627,11.94059,0.087912,0.00761,0.068923,0.010067,12,0,3.935763,4.805545,2.557134,0.140183,0.008256,view
97,0.502042,0,0,0.121022,0.095337,0.020204,0.063124,0.009864,12,0,3.935763,4.805545,2.557134,0.103368,0.006981,view
98,0.44307,0,0,0.113776,0.066517,0.005127,0.053207,0.007637,12,0,3.935763,4.805545,2.557134,0.097661,0.006596,view
99,13.118762,1,12.467912,12.71617,0.09602,0.010523,0.071035,0.012206,12,0,3.439018,5.15284,3.4455,0.126704,0.008245,view
100,0.506881,0,0,0.121797,0.097007,0.019993,0.063983,0.010944,12,0,3.439018,5.15284,3.4455,0.103992,0.00694,view
101,0.445678,0,0,0.113674,0.066842,0.005115,0.053274,0.007825,12,0,3.439018,5.15284,3.4455,0.096993,0.007016,view
102,11.662922,1,11.148467,11.320337,0.073371,0.006181,0.058362,0.008145,12,0,3.311265,4.850284,2.574862,0.097627,0.006906,view
103,0.537393,0,0,0.139412,0.096386,0.009549,0.073449,0.011366,12,0,3.311265,4.850284,2.574862,0.121146,0.006926,view
104,0.468208,0,0,0.118425,0.074428,0.006587,0.058389,0.008543,12,0,3.311265,4.850284,2.574862,0.100943,0.006622,view
105,11.548784,1,10.948387,11.145617,0.088424,0.009228,0.065006,0.012028,12,0,3.157554,4.701223,2.627355,0.109261,0.007814,view
106,0.517297,0,0,0.128172,0.089964,0.008064,0.060768,0.019435,12,0,3.157554,4.701223,2.627355,0.102152,0.015509,view
107,0.524629,0,0,0.130341,0.085296,0.008732,0.063848,0.010773,12,0,3.157554,4.701223,2.627355,0.110893,0.006911,view
108,11.855176,1,11.27623,11.465109,0.08135,0.006414,0.065573,0.008482,12,0,3.288195,4.829579,2.668006,0.100601,0.008181,view
109,0.580265,0,0,0.151117,0.100696,0.010757,0.075174,0.01252,12,0,3.288195,4.829579,2.668006,0.130172,0.008055,view
110,0.557286,0,0,0.142592,0.090607,0.008245,0.070468,0.010737,12,0,3.288195,4.829579,2.668006,0.121516,0.00806,view
111,11.736138,1,11.17273,11.368815,0.085864,0.009013,0.063889,0.010957,12,0,3.330192,4.898032,2.525016,0.117713,0.006951,view
112,0.490497,0,0,0.126146,0.087268,0.009444,0.064002,0.011734,12,0,3.330192,4.898032,2.525016,0.107916,0.007201,view
113,0.468549,0,0,0.119104,0.074714,0.006383,0.058446,0.008912,12,0,3.330192,4.898032,2.525016,0.101281,0.0067,view
114,11.603813,1,11.020391,11.196831,0.079369,0.006514,0.063623,0.00858,12,0,3.256716,4.838285,2.512626,0.099549,0.006866,view
115,0.493308,0,0,0.129775,0.088189,0.009789,0.064947,0.011326,12,0,3.256716,4.838285,2.512626,0.111328,0.007031,view
116,0.486004,0,0,0.121264,0.076389,0.007056,0.058934,0.00918,12,0,3.256716,4.838285,2.512626,0.103423,0.00677,view
117,13.005186,1,12.435932,12.630346,0.086915,0.009135,0.064015,0.011656,12,0,3.587668,5.394348,3.032975,0.114501,0.006986,view
118,0.492081,0,0,0.128521,0.088452,0.010391,0.064594,0.011239,12,0,3.587668,5.394348,3.032975,0.11043,0.006974,view
119,0.457292,0,0,0.117867,0.074266,0.006336,0.058983,0.008203,12,0,3.587668,5.394348,3.032975,0.100315,0.006657,view
120,13.296203,1,12.754839,12.935524,0.072586,0.00623,0.057318,0.008344,12,0,3.56623,5.186303,3.560678,0.099001,0.008066,view
121,0.481479,0,0,0.121874,0.090097,0.010051,0.064863,0.013178,12,0,3.56623,5.186303,3.560678,0.104278,0.006794,over_pool
122,0.47106,0,0,0.117118,0.0783,0.006403,0.058193,0.012846,12,0,3.56623,5.186303,3.560678,0.099461,0.006648,over_pool
123,12.34033,1,11.483468,11.684579,0.372602,0.007611,0.069904,0.29295,12,0,3.398022,5.006619,2.66206,0.112302,0.007137,over_pool
124,0.829517,0,0,0.125331,0.410106,0.016266,0.073638,0.318194,12,0,3.398022,5.006619,2.66206,0.107063,0.007166,over_pool
125,0.527826,0,0,0.135129,0.105974,0.005993,0.064282,0.034853,8,0,3.398022,5.006619,2.66206,0.116808,0.006997,over_pool
126,12.450764,1,11.855443,12.047492,0.110489,0.008679,0.069936,0.030494,8,0,3.344561,5.503102,2.59309,0.109035,0.008176,over_pool
127,0.56545,0,0,0.124085,0.124987,0.010606,0.07248,0.04024,8,0,3.344561,5.503102,2.59309,0.102776,0.008115,over_pool
128,0.595691,0,0,0.144621,0.114103,0.006405,0.075779,0.031146,8,0,3.344561,5.503102,2.59309,0.124476,0.007976,over_pool
129,12.394895,1,11.747596,11.960806,0.134672,0.010096,0.086291,0.036248,8,0,3.51502,5.171057,2.646355,0.131826,0.007224,over_pool
130,0.578302,0,0,0.127957,0.128815,0.010411,0.073207,0.043176,8,0,3.51502,5.171057,2.646355,0.106447,0.008349,over_pool
131,0.606534,0,0,0.169792,0.114331,0.007407,0.074452,0.031622,8,0,3.51502,5.171057,2.646355,0.149256,0.008118,over_pool
132,14.731375,1,13.968354,14.223521,0.139066,0.012102,0.087114,0.03725,8,0,3.752513,6.608286,3.09499,0.151113,0.010122,over_pool
133,0.571872,0,0,0.138181,0.125295,0.011195,0.078448,0.033313,8,0,3.752513,6.608286,3.09499,0.118197,0.007345,over_pool
134,0.544261,0,0,0.120103,0.144899,0.006565,0.086006,0.051563,8,0,3.752513,6.608286,3.09499,0.101496,0.006907,over_pool
135,12.076425,1,11.374711,11.584483,0.142752,0.011389,0.086706,0.042596,8,0,3.300495,4.993805,2.641583,0.110865,0.008853,over_pool
136,0.537579,0,0,0.238709,0.146462,0.011631,0.087609,0.04487,8,0,3.300495,4.993805,2.641583,0.21922,0.00686,over_pool
137,0.43967,0,0,0.140867,0.152243,0.006807,0.088249,0.056268,8,0,3.300495,4.993805,2.641583,0.121998,0.007006,over_pool
138,13.750394,1,13.185431,13.434925,0.133281,0.011982,0.086546,0.03208,8,0,4.255415,5.605677,2.829324,0.158262,0.009052,over_pool
139,0.416362,0,0,0.141184,0.123494,0.011059,0.08686,0.02323,8,0,4.255415,5.605677,2.829324,0.122329,0.006934,over_pool
140,0.321947,0,0,0.115026,0.070769,0.005745,0.057585,0.006816,8,0,4.255415,5.605677,2.829324,0.0979,0.006754,over_pool
141,11.974634,1,11.450754,11.673299,0.094129,0.011306,0.069477,0.010955,8,0,3.194171,4.795481,2.86638,0.12144,0.0092,over_pool
142,0.380542,0,0,0.135112,0.103157,0.01144,0.0787,0.010797,8,0,3.194171,4.795481,2.86638,0.117486,0.00669,over_pool
143,0.326255,0,0,0.122367,0.058196,0.005487,0.045782,0.006459,8,0,3.194171,4.795481,2.86638,0.096156,0.006756,over_pool
144,11.362757,1,10.970137,11.149703,0.062588,0.007334,0.046926,0.007522,8,0,3.100711,4.855597,2.607723,0.099818,0.007974,over_pool
145,0.379753,0,0,0.145813,0.092385,0.010011,0.068681,0.011294,8,0,3.100711,4.855597,2.607723,0.128408,0.006681,over_pool
146,0.337765,0,0,0.128205,0.068718,0.009634,0.047073,0.010171,8,0,3.100711,4.855597,2.607723,0.109551,0.006663,over_pool
147,12.240683,1,11.7667,11.97119,0.072005,0.009861,0.04929,0.010756,8,0,3.432614,5.245684,2.65307,0.121019,0.008291,over_pool
148,0.550268,0,0,0.202048,0.117548,0.015401,0.082177,0.017135,8,0,3.432614,5.245684,2.65307,0.177951,0.010145,over_pool
149,0.347975,0,0,0.128409,0.072436,0.010107,0.050172,0.010054,8,0,3.432614,5.245684,2.65307,0.109712,0.006811,over_pool
150,12.947732,1,12.500477,12.703378,0.0736,0.009233,0.051864,0.010704,8,0,3.581339,5.485735,2.973783,0.117269,0.0087,over_pool
151,0.359439,0,0,0.124213,0.084519,0.010684,0.060808,0.010761,8,0,3.581339,5.485735,2.973783,0.106571,0.006658,over_pool
152,0.35959,0,0,0.151286,0.068777,0.009054,0.047647,0.00995,8,0,3.581339,5.485735,2.973783,0.132736,0.006872,over_pool
153,11.80768,1,11.342212,11.573982,0.070896,0.009834,0.048366,0.010401,8,0,3.342833,4.991309,2.541735,0.112962,0.008523,over_pool
154,0.608407,0,0,0.266405,0.125209,0.01519,0.086674,0.019755,8,0,3.342833,4.991309,2.541735,0.23013,0.019935,over_pool
155,0.31784,0,0,0.126007,0.051394,0.008701,0.030282,0.00974,8,0,3.342833,4.991309,2.541735,0.107769,0.006621,over_pool
156,11.88909,1,11.377103,11.610625,0.052023,0.009206,0.03102,0.010064,8,0,3.123002,4.83688,2.935908,0.109925,0.01298,over_pool
157,0.355345,0,0,0.121941,0.065548,0.009755,0.041552,0.011159,8,0,3.123002,4.83688,2.935908,0.104362,0.006808,over_pool
158,0.31469,0,0,0.123082,0.046653,0.007699,0.028936,0.008657,8,0,3.123002,4.83688,2.935908,0.105296,0.006831,over_pool
159,11.307625,1,10.845515,11.060341,0.053112,0.009436,0.030698,0.009895,8,0,3.178354,4.640774,2.587262,0.137992,0.00697,over_pool
160,0.620274,0,0,0.257322,0.10323,0.017326,0.05895,0.023686,8,0,3.178354,4.640774,2.587262,0.225684,0.014087,over_pool
161,0.430227,0,0,0.199921,0.069627,0.010257,0.04543,0.010951,8,0,3.178354,4.640774,2.587262,0.181145,0.006725,over_pool
162,11.851747,1,11.446057,11.64142,0.052709,0.009277,0.030524,0.010106,8,0,3.273091,5.119356,2.63901,0.112552,0.008239,over_pool
163,0.332512,0,0,0.128425,0.054539,0.009888,0.032087,0.010552,8,0,3.273091,5.119356,2.63901,0.110256,0.007,over_pool
164,0.322307,0,0,0.147243,0.035513,0.005459,0.022202,0.007092,8,0,3.273091,5.119356,2.63901,0.130319,0.006783,over_pool
165,12.983954,1,12.543822,12.772323,0.052759,0.008995,0.030568,0.01025,8,0,3.446296,5.336625,3.351788,0.13616,0.008243,over_pool
166,0.390512,0,0,0.146058,0.066429,0.010279,0.042239,0.011345,8,0,3.446296,5.336625,3.351788,0.126903,0.007273,over_pool
167,0.438199,0,0,0.180093,0.061404,0.009276,0.038342,0.012315,8,0,3.446296,5.336625,3.351788,0.154995,0.01068,over_pool
168,12.358281,1,11.936638,12.133228,0.053516,0.009601,0.031491,0.010245,8,0,3.448411,5.043744,3.034852,0.1125,0.00833,over_pool
169,0.325686,0,0,0.125106,0.053436,0.009608,0.031386,0.010371,8,0,3.448411,5.043744,3.034852,0.106769,0.007015,over_pool
170,0.280709,0,0,0.112882,0.032849,0.005028,0.020315,0.006246,8,0,3.448411,5.043744,3.034852,0.096114,0.006637,over_pool
171,12.208069,1,11.790184,11.98688,0.051852,0.009277,0.030132,0.010325,8,0,3.181257,5.561847,2.623216,0.112964,0.008188,over_pool
172,0.617256,0,0,0.269166,0.080266,0.014122,0.046931,0.016281,8,0,3.181257,5.561847,2.623216,0.242522,0.011485,over_pool
173,0.341347,0,0,0.121116,0.056804,0.01601,0.024476,0.015652,8,0,3.181257,5.561847,2.623216,0.103529,0.006749,over_pool
174,12.502992,1,12.041385,12.26662,0.052875,0.00996,0.031027,0.009803,8,0,3.657104,5.015443,2.858583,0.123221,0.008736,over_pool
175,0.325033,0,0,0.126239,0.053486,0.00916,0.032163,0.010213,8,0,3.657104,5.015443,2.858583,0.107937,0.007062,over_pool
176,0.279576,0,0,0.113012,0.032506,0.004958,0.020766,0.006234,8,0,3.657104,5.015443,2.858583,0.096533,0.006614,over_pool
177,11.66561,1,11.135218,11.362665,0.059938,0.01676,0.031351,0.009764,8,0,3.391255,4.735454,2.503458,0.112433,0.011441,over_pool
178,0.322772,0,0,0.12499,0.052246,0.009554,0.031241,0.009459,8,0,3.391255,4.735454,2.503458,0.107329,0.006758,over_pool
179,0.281914,0,0,0.113576,0.033072,0.005053,0.019936,0.006479,8,0,3.391255,4.735454,2.503458,0.097022,0.006684,over_pool
180,12.375211,1,11.900714,12.132586,0.063363,0.011144,0.037617,0.01238,8,0,3.509297,5.397499,2.556869,0.143032,0.008215,over_pool
181,0.408135,0,0,0.125735,0.053302,0.009491,0.032247,0.009584,8,0,3.509297,5.397499,2.556869,0.107631,0.006884,over_pool
182,0.280919,0,0,0.11288,0.032772,0.005078,0.020889,0.006246,8,0,3.509297,5.397499,2.556869,0.096242,0.006615,over_pool
183,11.976027,1,11.470666,11.696623,0.054051,0.009997,0.031748,0.010269,8,0,3.264385,4.866897,2.785682,0.11373,0.010789,over_pool
184,0.402592,0,0,0.173513,0.07414,0.009746,0.05371,0.00868,8,0,3.264385,4.866897,2.785682,0.1556,0.006956,over_pool
185,0.302366,0,0,0.118751,0.044926,0.007559,0.027572,0.008493,8,0,3.264385,4.866897,2.785682,0.100707,0.007027,over_pool
186,11.724797,1,11.332187,11.520759,0.052257,0.00916,0.031778,0.009269,8,0,3.332237,5.062194,2.52925,0.109075,0.007062,over_pool
187,0.31894,0,0,0.123677,0.052853,0.009605,0.031113,0.010065,8,0,3.332237,5.062194,2.52925,0.105801,0.007035,over_pool
188,0.289936,0,0,0.117422,0.038133,0.006037,0.024232,0.007041,8,0,3.332237,5.062194,2.52925,0.099536,0.006748,over_pool
189,11.596445,1,11.177857,11.374377,0.053292,0.009733,0.030898,0.010451,8,0,3.179232,4.920807,2.657924,0.114069,0.007988,over_pool
190,0.307782,0,0,0.119137,0.050171,0.009109,0.030093,0.009093,8,0,3.179232,4.920807,2.657924,0.101907,0.006855,over_pool
191,0.404377,0,0,0.158614,0.070623,0.010819,0.046305,0.01122,8,0,3.179232,4.920807,2.657924,0.134945,0.008439,over_pool
192,12.893943,1,12.357173,12.619916,0.050919,0.008319,0.031954,0.009368,8,0,3.444398,5.321688,3.033268,0.129709,0.016351,over_pool
193,0.408373,0,0,0.184035,0.065286,0.010455,0.041916,0.010523,8,0,3.444398,5.321688,3.033268,0.14715,0.025286,over_pool
194,0.318687,0,0,0.129965,0.052635,0.007689,0.025539,0.018039,8,0,3.444398,5.321688,3.033268,0.103033,0.006816,over_pool
195,11.198141,1,10.734113,10.959423,0.049846,0.008534,0.029853,0.009605,8,0,3.137791,4.665592,2.49782,0.111526,0.011483,over_pool
196,0.380555,0,0,0.154455,0.065722,0.010292,0.041465,0.011336,8,0,3.137791,4.665592,2.49782,0.135998,0.007125,over_pool
197,0.40854,0,0,0.142037,0.071248,0.01834,0.040598,0.010313,8,0,3.137791,4.665592,2.49782,0.112322,0.007278,over_pool
198,14.887323,1,13.565821,14.590494,0.058176,0.010573,0.03387,0.010934,8,0,4.368628,5.819836,2.950621,0.154471,0.009378,over_pool
199,0.315406,0,0,0.122455,0.053674,0.009957,0.030834,0.010693,8,0,4.368628,5.819836,2.950621,0.104856,0.006612,over_pool
200,0.314198,0,0,0.150518,0.032322,0.004942,0.02058,0.00625,8,0,4.368628,5.819836,2.950621,0.134438,0.006578,over_pool
201,12.335948,1,11.926277,12.124235,0.052115,0.009489,0.03048,0.010143,8,0,3.196265,4.88639,2.756897,0.112323,0.008401,over_pool
202,0.313367,0,0,0.122762,0.052836,0.009792,0.030765,0.010357,8,0,3.196265,4.88639,2.756897,0.105879,0.006631,over_pool
203,0.326042,0,0,0.128312,0.051274,0.009345,0.030142,0.009997,8,0,3.196265,4.88639,2.756897,0.109809,0.006703,over_pool
204,13.54226,1,12.449834,13.298584,0.07469,0.009506,0.042737,0.020225,8,0,3.690571,5.234077,3.104242,0.763375,0.008617,over_pool
205,0.351039,0,0,0.143968,0.065587,0.010512,0.041017,0.011635,8,0,3.690571,5.234077,3.104242,0.126661,0.006763,over_pool
206,0.276008,0,0,0.111771,0.031355,0.004793,0.02004,0.006062,8,0,3.690571,5.234077,3.104242,0.095862,0.006571,over_pool
207,14.037516,1,13.472521,13.750162,0.097903,0.015749,0.059643,0.018779,8,0,4.522682,5.802119,2.728547,0.180235,0.008723,over_pool
208,0.345556,0,0,0.137248,0.055494,0.010764,0.031804,0.01077,8,0,4.522682,5.802119,2.728547,0.119517,0.006863,over_pool
209,0.285998,0,0,0.113992,0.034844,0.005157,0.022282,0.006911,8,0,4.522682,5.802119,2.728547,0.097671,0.006791,over_pool
210,12.85754,1,12.430843,12.627998,0.054033,0.010098,0.03098,0.010837,8,0,4.126951,4.927983,2.947663,0.109408,0.008887,over_pool
211,0.328093,0,0,0.123461,0.054226,0.010011,0.031293,0.010931,8,0,4.126951,4.927983,2.947663,0.10631,0.006694,over_pool
212,0.32318,0,0,0.130816,0.032539,0.004829,0.02079,0.00639,8,0,4.126951,4.927983,2.947663,0.095842,0.007095,over_pool
213,12.174621,1,11.698572,11.921568,0.053451,0.010243,0.031288,0.009991,8,0,3.301256,5.110937,2.846335,0.137871,0.008461,over_pool
214,0.366784,0,0,0.126845,0.101163,0.019626,0.031539,0.047759,8,0,3.301256,5.110937,2.846335,0.10923,0.006842,over_pool
215,0.320767,0,0,0.155669,0.033979,0.005119,0.021401,0.0069,8,0,3.301256,5.110937,2.846335,0.139783,0.006612,over_pool
216,12.9636,1,12.366619,12.659702,0.0919,0.015363,0.05476,0.018852,8,0,3.57022,5.608659,2.765349,0.195463,0.008527,over_pool
217,0.749218,0,0,0.375045,0.095275,0.016667,0.054888,0.019588,8,0,3.57022,5.608659,2.765349,0.348347,0.011054,over_pool
218,0.449356,0,0,0.187755,0.05993,0.008627,0.038435,0.01188,8,0,3.57022,5.608659,2.765349,0.162421,0.01209,over_pool
219,11.317385,1,10.930272,11.117271,0.051719,0.009067,0.030416,0.01025,8,0,3.272231,4.777546,2.477233,0.108979,0.00713,over_pool
220,0.585586,0,0,0.265264,0.083094,0.020218,0.043926,0.016071,8,0,3.272231,4.777546,2.477233,0.237382,0.011759,over_pool
221,0.326173,0,0,0.126048,0.035943,0.005493,0.022812,0.006687,8,0,3.272231,4.777546,2.477233,0.109396,0.006776,over_pool
222,11.845119,1,11.417546,11.639771,0.048393,0.00827,0.028751,0.009582,8,0,3.313752,4.930509,2.763227,0.106274,0.008143,over_pool
223,0.395595,0,0,0.172283,0.049708,0.009085,0.028884,0.009549,8,0,3.313752,4.930509,2.763227,0.155354,0.006789,over_pool
224,0.277018,0,0,0.112824,0.032393,0.005043,0.020222,0.006625,8,0,3.313752,4.930509,2.763227,0.096854,0.006572,over_pool
225,11.793092,1,11.306752,11.534873,0.062862,0.010762,0.037402,0.012579,8,0,3.360763,4.959241,2.560157,0.143976,0.0076,over_pool
226,0.343526,0,0,0.121845,0.051847,0.008886,0.030935,0.010066,8,0,3.360763,4.959241,2.560157,0.105069,0.006648,over_pool
227,0.277487,0,0,0.112828,0.034313,0.004865,0.022306,0.006653,8,0,3.360763,4.959241,2.560157,0.096801,0.006597,over_pool
228,11.789812,1,11.345805,11.565509,0.055664,0.009854,0.034432,0.010101,8,0,3.40535,4.952854,2.507778,0.1366,0.007767,over_pool
229,0.297463,0,0,0.119291,0.043299,0.007387,0.026939,0.007735,8,0,3.40535,4.952854,2.507778,0.103072,0.006617,over_pool
230,0.312085,0,0,0.115958,0.043018,0.006616,0.026764,0.008617,8,0,3.40535,4.952854,2.507778,0.099285,0.00658,over_pool
231,12.087762,1,11.679155,11.882859,0.052047,0.009035,0.03119,0.009984,8,0,3.304653,5.376349,2.590029,0.109567,0.023121,over_pool
232,0.294379,0,0,0.117312,0.044099,0.007904,0.026433,0.008231,8,0,3.304653,5.376349,2.590029,0.100845,0.006655,over_pool
233,0.313363,0,0,0.126223,0.050032,0.00886,0.029311,0.009931,8,0,3.304653,5.376349,2.590029,0.10852,0.006613,over_pool
234,12.480733,1,12.059735,12.268278,0.047076,0.007231,0.029439,0.009526,8,0,3.611092,5.208522,2.828716,0.121472,0.008215,over_pool
235,0.303719,0,0,0.11862,0.049894,0.00928,0.029343,0.009428,8,0,3.611092,5.208522,2.828716,0.1021,0.006581,over_pool
236,0.376416,0,0,0.149699,0.055723,0.00993,0.033106,0.01093,8,0,3.611092,5.208522,2.828716,0.128132,0.008306,over_pool
237,11.703051,1,11.300156,11.5004,0.052717,0.009388,0.030669,0.010711,8,0,3.329907,4.839753,2.719227,0.111852,0.007194,over_pool
238,0.292713,0,0,0.117024,0.042874,0.007623,0.025744,0.008095,8,0,3.329907,4.839753,2.719227,0.100804,0.006736,over_pool
239,0.407171,0,0,0.199556,0.060141,0.00884,0.029847,0.010637,8,0,3.329907,4.839753,2.719227,0.180402,0.006933,over_pool
240,12.424649,1,11.971697,12.196411,0.056436,0.008594,0.036696,0.010003,8,0,3.592257,5.303208,2.643007,0.137954,0.007924,over_pool
241,0.341541,0,0,0.119212,0.05678,0.009496,0.035885,0.009449,8,0,3.592257,5.303208,2.643007,0.102249,0.006809,over_pool
242,0.394509,0,0,0.165594,0.05106,0.00833,0.032244,0.00931,8,0,3.592257,5.303208,2.643007,0.143141,0.0089,over_pool
243,11.286079,1,10.837859,11.074391,0.050078,0.008827,0.029461,0.009949,8,0,3.170718,4.714499,2.538502,0.110689,0.007131,over_pool
244,0.450431,0,0,0.12994,0.055631,0.010324,0.031926,0.010877,8,0,3.170718,4.714499,2.538502,0.111625,0.007219,over_pool
245,0.303358,0,0,0.11851,0.039886,0.006348,0.024908,0.007682,8,0,3.170718,4.714499,2.538502,0.101135,0.006809,over_pool
246,12.467741,1,11.943717,12.1886,0.068829,0.012252,0.040307,0.013768,8,0,3.651557,5.251414,2.626059,0.150484,0.008309,over_pool
247,0.369387,0,0,0.12383,0.056898,0.009669,0.029955,0.015075,8,0,3.651557,5.251414,2.626059,0.106371,0.006973,over_pool
248,0.388352,0,0,0.149188,0.060475,0.007931,0.042096,0.009485,8,0,3.651557,5.251414,2.626059,0.127006,0.008739,over_pool
249,11.415524,1,11.022568,11.212823,0.05033,0.00872,0.030152,0.009559,8,0,3.121151,4.873787,2.610157,0.112796,0.007182,over_pool
250,0.355544,0,0,0.124503,0.052003,0.00949,0.030535,0.010068,8,0,3.121151,4.873787,2.610157,0.106748,0.006848,over_pool
251,0.301346,0,0,0.125765,0.039877,0.006777,0.024416,0.007643,8,0,3.121151,4.873787,2.610157,0.108641,0.006646,over_pool
252,11.602343,1,11.206788,11.393138,0.048739,0.00854,0.02892,0.009545,8,0,3.219826,4.70525,2.868918,0.105945,0.008036,over_pool
253,0.357614,0,0,0.125853,0.04894,0.009366,0.028795,0.009056,8,0,3.219826,4.70525,2.868918,0.102547,0.013425,over_pool
254,0.278106,0,0,0.112611,0.032847,0.00521,0.02074,0.006321,8,0,3.219826,4.70525,2.868918,0.096104,0.006705,over_pool
255,11.56381,1,11.164446,11.357105,0.05328,0.009804,0.031073,0.010213,8,0,3.440779,4.763306,2.544883,0.114869,0.007145,over_pool
256,0.368056,0,0,0.123522,0.077308,0.009387,0.055469,0.01046,8,0,3.440779,4.763306,2.544883,0.106159,0.006828,over_pool
257,0.279703,0,0,0.113193,0.032481,0.005089,0.020418,0.006451,8,0,3.440779,4.763306,2.544883,0.096759,0.006607,over_pool
258,11.19732,1,10.797161,10.989413,0.05118,0.008812,0.030446,0.009939,8,0,3.231918,4.648452,2.508175,0.114829,0.007109,over_pool
259,0.296626,0,0,0.116634,0.042734,0.007579,0.025908,0.007745,8,0,3.231918,4.648452,2.508175,0.100305,0.006683,over_pool
260,0.312673,0,0,0.112598,0.03462,0.005015,0.022997,0.006028,8,0,3.231918,4.648452,2.508175,0.096681,0.006568,over_pool
261,11.13245,1,10.735392,10.925379,0.052007,0.009257,0.030597,0.010143,8,0,3.124485,4.695086,2.508719,0.110476,0.007059,over_pool
262,0.376308,0,0,0.123994,0.051974,0.009331,0.030533,0.010106,8,0,3.124485,4.695086,2.508719,0.106238,0.007077,over_pool
263,0.312652,0,0,0.135121,0.033018,0.005315,0.020841,0.00628,8,0,3.124485,4.695086,2.508719,0.117888,0.007013,over_pool
264,14.439911,1,13.835063,14.09657,0.057635,0.0107,0.033458,0.010793,8,0,3.76799,6.166635,3.26841,0.124311,0.015222,over_pool
265,0.571906,0,0,0.284797,0.080804,0.014279,0.047541,0.016208,8,0,3.76799,6.166635,3.26841,0.257018,0.01231,over_pool
266,0.429717,0,0,0.180543,0.056222,0.00813,0.036775,0.010332,8,0,3.76799,6.166635,3.26841,0.154792,0.01188,over_pool
267,13.061952,1,12.381294,12.707006,0.082218,0.014105,0.048867,0.016245,8,0,3.442983,5.616269,2.852567,0.214142,0.00961,over_pool
268,0.403256,0,0,0.172037,0.061531,0.00943,0.030711,0.010438,8,0,3.442983,5.616269,2.852567,0.14445,0.00688,over_pool
269,0.274289,0,0,0.112003,0.031571,0.00468,0.020419,0.005999,8,0,3.442983,5.616269,2.852567,0.096097,0.006569,over_pool
270,11.231899,1,10.837232,11.035585,0.052011,0.009095,0.03008,0.010186,8,0,3.105408,4.737869,2.571768,0.1106,0.007024,dip
271,0.292291,0,0,0.113207,0.045413,0.005497,0.032436,0.006927,8,0,3.105408,4.737869,2.571768,0.096943,0.006588,dip
272,0.398936,0,0,0.145075,0.076192,0.012939,0.048609,0.012443,8,0,3.105408,4.737869,2.571768,0.123582,0.007807,dip
273,17.686158,1,17.200225,17.424283,0.086117,0.009972,0.053133,0.020721,8,0,7.648501,6.146703,2.84776,0.117464,0.008951,dip
274,0.361452,0,0,0.136417,0.075055,0.012335,0.048577,0.011141,8,0,7.648501,6.146703,2.84776,0.117761,0.007059,dip
275,0.321189,0,0,0.123454,0.059983,0.008771,0.039929,0.00963,8,0,7.648501,6.146703,2.84776,0.105051,0.006709,dip
276,12.119889,1,11.599262,11.889973,0.065065,0.010505,0.041348,0.010807,8,0,3.268102,5.234155,2.64537,0.203509,0.008184,dip
277,1.290477,0,0,0.988361,0.141699,0.031978,0.08415,0.021663,8,0,3.268102,5.234155,2.64537,0.960807,0.011129,dip
278,1.623093,0,0,1.379003,0.073769,0.024853,0.037828,0.009358,8,0,3.268102,5.234155,2.64537,1.350895,0.015971,dip
279,13.572715,1,11.404003,13.341112,0.066838,0.011096,0.042319,0.011238,8,0,3.149039,5.21922,2.593175,1.852551,0.008365,dip
280,2.689884,0,0,2.436594,0.10211,0.019337,0.058404,0.021927,8,0,3.149039,5.21922,2.593175,2.416945,0.007125,dip
281,3.142618,0,0,2.899932,0.066279,0.011101,0.042242,0.010641,8,0,3.149039,5.21922,2.593175,2.865906,0.021427,dip
282,16.150499,1,12.000831,15.890093,0.068005,0.011332,0.043588,0.010414,8,0,3.356451,5.446983,2.785006,3.802339,0.008438,dip
283,3.902638,0,0,3.695424,0.067278,0.010627,0.045315,0.009275,8,0,3.356451,5.446983,2.785006,3.67817,0.006617,dip
284,4.175691,0,0,3.962642,0.053526,0.00639,0.039584,0.006876,8,0,3.356451,5.446983,2.785006,3.945599,0.006659,dip
285,15.443033,1,10.898342,15.226795,0.073243,0.010093,0.050923,0.010089,8,0,3.064504,4.873077,2.552266,4.25276,0.007328,dip
286,4.743283,0,0,4.522309,0.074246,0.010413,0.051199,0.010276,8,0,3.064504,4.873077,2.552266,4.504301,0.006707,dip
287,4.523525,0,0,4.309683,0.076669,0.006084,0.062777,0.006918,8,0,3.064504,4.873077,2.552266,4.292286,0.006772,dip
288,16.333036,1,11.128069,16.083091,0.069988,0.009165,0.049112,0.009909,8,0,3.175462,4.886852,2.655747,4.877532,0.007137,dip
289,4.80732,0,0,4.597191,0.066017,0.008358,0.047178,0.008787,8,0,3.175462,4.886852,2.655747,4.580099,0.006654,dip
290,4.973415,0,0,4.777229,0.055894,0.00606,0.042254,0.007025,8,0,3.175462,4.886852,2.655747,4.760279,0.006596,dip
291,16.931713,1,11.106348,16.657515,0.071857,0.009252,0.050803,0.009841,8,0,3.063891,4.989111,2.600612,5.459462,0.017015,dip
292,5.231829,0,0,5.01484,0.07664,0.010973,0.050434,0.013205,8,0,3.063891,4.989111,2.600612,4.996956,0.006716,dip
293,5.514246,0,0,5.320061,0.056475,0.007502,0.041705,0.006749,8,0,3.063891,4.989111,2.600612,5.296947,0.009344,dip
294,17.443044,1,11.749528,17.233347,0.056278,0.005877,0.042792,0.006893,8,0,3.225918,5.344332,2.739949,5.40593,0.00803,dip
295,6.11258,0,0,5.871206,0.085074,0.010779,0.062244,0.009872,8,0,3.225918,5.344332,2.739949,5.851869,0.007158,dip
296,6.297089,0,0,6.068511,0.070324,0.008375,0.050141,0.009659,8,0,3.225918,5.344332,2.739949,6.048799,0.006957,dip
297,20.835114,1,14.791441,20.597902,0.076714,0.010009,0.054924,0.009916,8,0,3.030439,4.943692,6.405456,5.725759,0.007874,dip
298,5.945438,0,0,5.730181,0.07564,0.010727,0.05327,0.009603,8,0,3.030439,4.943692,6.405456,5.713187,0.006629,dip
299,5.802935,0,0,5.608871,0.057024,0.005686,0.044035,0.006502,8,0,3.030439,4.943692,6.405456,5.592394,0.006636,dip
300,21.185775,1,14.92078,20.945915,0.067071,0.008005,0.049043,0.008676,8,0,3.088134,5.121361,6.301166,5.948531,0.00704,dip
301,5.700569,0,0,5.495804,0.065776,0.008792,0.046676,0.008636,8,0,3.088134,5.121361,6.301166,5.47851,0.006613,dip
302,6.387972,0,0,6.165621,0.068455,0.009,0.048383,0.009088,8,0,3.088134,5.121361,6.301166,6.1466,0.006854,dip
303,20.810489,1,14.813078,20.61012,0.0591,0.006348,0.04452,0.007409,8,0,2.994417,5.135531,6.269878,5.720427,0.00678,dip
304,5.916267,0,0,5.699338,0.07398,0.009994,0.051306,0.01058,8,0,2.994417,5.135531,6.269878,5.681524,0.006733,dip
305,5.52223,0,0,5.326297,0.058046,0.005758,0.042429,0.009276,8,0,2.994417,5.135531,6.269878,5.309828,0.006667,dip
306,21.180603,1,14.913255,20.958929,0.066773,0.008566,0.047585,0.008705,8,0,3.115581,5.236914,6.14835,5.966006,0.007517,dip
307,5.522059,0,0,5.309553,0.069174,0.009051,0.048548,0.009625,8,0,3.115581,5.236914,6.14835,5.292157,0.006665,dip
308,5.415696,0,0,5.22273,0.056085,0.005698,0.043246,0.006519,8,0,3.115581,5.236914,6.14835,5.206074,0.00663,dip
309,20.231519,1,14.460892,20.014933,0.071668,0.009875,0.04967,0.010078,8,0,2.925076,5.070839,6.054367,5.47762,0.006978,dip
310,5.52289,0,0,5.307129,0.072763,0.009808,0.050717,0.01018,8,0,2.925076,5.070839,6.054367,5.28959,0.006674,dip
311,5.382571,0,0,5.159397,0.055508,0.006193,0.042078,0.006648,8,0,2.925076,5.070839,6.054367,5.142801,0.006718,dip
312,19.501868,1,13.352191,19.276213,0.071003,0.008859,0.049646,0.010545,8,0,3.003113,4.946954,4.994222,5.844503,0.007317,dip
313,5.792871,0,0,5.469604,0.114672,0.018585,0.085822,0.008646,8,0,3.003113,4.946954,4.994222,5.433305,0.007162,dip
314,5.945511,0,0,5.717547,0.056327,0.005735,0.042876,0.007165,8,0,3.003113,4.946954,4.994222,5.693264,0.011131,dip
315,16.161257,1,10.599158,15.950154,0.066118,0.008043,0.047363,0.009158,8,0,2.880385,4.819483,2.49192,5.276483,0.006904,dip
316,5.579883,0,0,5.366363,0.072737,0.009468,0.050398,0.010468,8,0,2.880385,4.819483,2.49192,5.348637,0.006837,dip
317,5.254045,0,0,5.065157,0.055606,0.005515,0.042543,0.006967,8,0,2.880385,4.819483,2.49192,5.048654,0.00666,dip
318,16.451063,1,10.642357,16.178324,0.069134,0.008669,0.049133,0.009602,8,0,2.911334,4.70161,2.619163,5.400004,0.065571,dip
319,5.765316,0,0,5.552373,0.069962,0.008915,0.049578,0.009601,8,0,2.911334,4.70161,2.619163,5.477037,0.063857,dip
320,5.517041,0,0,5.30199,0.064135,0.005316,0.051373,0.006897,8,0,2.911334,4.70161,2.619163,5.228247,0.063665,dip
321,15.965885,1,10.404319,15.750755,0.072094,0.008893,0.05116,0.009829,8,0,2.829292,4.642655,2.526872,5.21126,0.06483,dip
322,5.644966,0,0,5.430622,0.07307,0.009655,0.050889,0.010417,8,0,2.829292,4.642655,2.526872,5.35543,0.063943,dip
323,5.529942,0,0,5.339795,0.055108,0.005518,0.042579,0.006517,8,0,2.829292,4.642655,2.526872,5.262237,0.067589,dip
324,16.241539,1,10.627589,16.024825,0.06958,0.008675,0.048927,0.010151,8,0,3.070717,4.714346,2.4402,5.261415,0.065699,dip
325,5.584774,0,0,5.370852,0.066521,0.008788,0.047474,0.008834,8,0,3.070717,4.714346,2.4402,5.295197,0.064663,dip
326,6.175575,0,0,5.941992,0.086358,0.007829,0.060287,0.017015,8,0,3.070717,4.714346,2.4402,5.865992,0.064763,dip
327,16.435043,1,10.755451,16.229822,0.061684,0.006919,0.045965,0.007906,8,0,2.956956,4.938501,2.451947,5.338736,0.065091,dip
328,6.290716,0,0,6.059765,0.074457,0.010045,0.051526,0.010981,8,0,2.956956,4.938501,2.451947,5.983224,0.064297,dip
329,5.677629,0,0,5.483399,0.058854,0.006228,0.044716,0.00712,8,0,2.956956,4.938501,2.451947,5.408135,0.064106,dip
330,19.243891,1,12.714586,19.001426,0.079686,0.010935,0.054826,0.011165,8,274.6249695,3.298748,6.075284,2.905676,6.141848,0.066368,dip
331,5.68977,0,0,5.460206,0.073846,0.009598,0.051214,0.010747,8,274.6249695,3.298748,6.075284,2.905676,5.373753,0.074478,dip
332,5.869689,0,0,5.618189,0.058955,0.00613,0.044577,0.007147,8,274.6249695,3.298748,6.075284,2.905676,5.543412,0.063991,dip
333,16.828065,1,11.036712,16.605709,0.083592,0.016904,0.058078,0.007842,8,274.6249695,3.006709,5.029455,2.55553,5.415165,0.065302,dip
334,5.949164,0,0,5.731646,0.074542,0.009591,0.05179,0.011269,8,274.6249695,3.006709,5.029455,2.55553,5.65355,0.066481,dip
335,5.419116,0,0,5.227772,0.055598,0.005418,0.043194,0.006489,8,274.6249695,3.006709,5.029455,2.55553,5.153178,0.064515,dip
336,16.971206,1,11.334562,16.75574,0.058957,0.006609,0.043605,0.007946,8,274.6249695,3.125285,5.119289,2.673335,5.279101,0.069388,dip
337,5.599829,0,0,5.369033,0.074176,0.009604,0.051172,0.010775,8,274.6249695,3.125285,5.119289,2.673335,5.29043,0.065675,dip
338,5.626936,0,0,5.411108,0.069755,0.009013,0.048458,0.010526,8,274.6249695,3.125285,5.119289,2.673335,5.333342,0.065874,dip
339,20.485786,1,12.027626,20.220002,0.093694,0.011368,0.068533,0.011215,8,274.6249695,3.30008,5.632407,2.646943,8.042932,0.068052,dip
340,6.427599,0,0,5.96452,0.173471,0.015007,0.138307,0.016558,8,274.6249695,3.30008,5.632407,2.646943,5.841991,0.103932,dip
341,5.844039,0,0,5.545032,0.068909,0.008387,0.049209,0.009535,8,274.6249695,3.30008,5.632407,2.646943,5.46703,0.065392,dip
342,18.320993,1,12.40794,18.07696,0.058627,0.006443,0.044195,0.007118,8,274.6249695,3.22037,5.821243,2.92919,5.5216,0.070641,dip
343,5.686985,0,0,5.455802,0.083378,0.009689,0.061797,0.009884,8,274.6249695,3.22037,5.821243,2.92919,5.379337,0.06515,dip
344,5.606716,0,0,5.366932,0.06452,0.007626,0.046765,0.008668,8,274.6249695,3.22037,5.821243,2.92919,5.290877,0.065128,dip
345,18.399293,1,11.663868,18.121044,0.075441,0.009956,0.052457,0.010538,8,274.6249695,3.176029,5.349585,2.730199,6.3085,0.068359,dip
346,5.789915,0,0,5.538033,0.076841,0.010155,0.053215,0.011141,8,274.6249695,3.176029,5.349585,2.730199,5.458782,0.065648,dip
347,5.695433,0,0,5.413469,0.076992,0.010238,0.053343,0.010942,8,274.6249695,3.176029,5.349585,2.730199,5.311006,0.088819,dip
348,18.759939,1,12.851829,18.512753,0.075453,0.00994,0.052411,0.010532,8,549.249939,3.175276,6.440367,2.782078,5.574914,0.008724,dip
349,5.472687,0,0,5.250557,0.073372,0.009649,0.050784,0.010664,8,549.249939,3.175276,6.440367,2.782078,5.231215,0.007017,dip
350,5.499658,0,0,5.296522,0.060222,0.006625,0.045268,0.007224,8,549.249939,3.175276,6.440367,2.782078,5.278278,0.006832,dip
351,16.83565,1,11.1624,16.613168,0.064347,0.007392,0.046876,0.00866,8,549.249939,2.957358,5.189392,2.5697,5.374465,0.00701,dip
352,5.57054,0,0,5.315533,0.074577,0.01013,0.051412,0.010855,8,549.249939,2.957358,5.189392,2.5697,5.296585,0.006927,dip
353,5.421216,0,0,5.223448,0.059696,0.006457,0.045118,0.007158,8,549.249939,2.957358,5.189392,2.5697,5.206072,0.006651,dip
354,16.647456,1,11.128877,16.425149,0.07215,0.009282,0.050863,0.009935,8,549.249939,2.987378,5.153781,2.585702,5.219625,0.007026,dip
355,5.290895,0,0,5.080076,0.070512,0.009352,0.049454,0.009784,8,549.249939,2.987378,5.153781,2.585702,5.062633,0.006645,dip
356,5.538477,0,0,5.246785,0.078755,0.008491,0.058652,0.009676,8,549.249939,2.987378,5.153781,2.585702,5.226933,0.007238,dip
357,16.618649,1,11.266333,16.418446,0.058353,0.006044,0.044582,0.006952,8,549.249939,2.967912,5.24148,2.645394,5.076907,0.006922,dip
358,5.429917,0,0,5.20976,0.073589,0.009632,0.051328,0.010511,8,549.249939,2.967912,5.24148,2.645394,5.191647,0.006801,dip
359,5.32766,0,0,5.12792,0.058996,0.006295,0.044777,0.007062,8,549.249939,2.967912,5.24148,2.645394,5.11068,0.006605,dip
360,16.928782,1,11.443614,16.707479,0.074586,0.01216,0.050122,0.010214,8,549.249939,3.003305,5.382883,2.653638,5.186405,0.007086,dip
361,5.448792,0,0,5.209113,0.071876,0.009936,0.050247,0.009759,8,549.249939,3.003305,5.382883,2.653638,5.191367,0.006766,dip
362,5.502314,0,0,5.293571,0.06316,0.007266,0.046376,0.008128,8,549.249939,3.003305,5.382883,2.653638,5.274902,0.006825,dip
363,16.936892,1,11.343752,16.715666,0.070628,0.006682,0.055324,0.007844,8,549.249939,3.020508,5.247071,2.668718,5.276353,0.007074,dip
364,5.473017,0,0,5.249621,0.075374,0.01,0.052248,0.011087,8,549.249939,3.020508,5.247071,2.668718,5.231827,0.006659,dip
365,5.735303,0,0,5.535038,0.058744,0.005996,0.04451,0.007465,8,549.249939,3.020508,5.247071,2.668718,5.51776,0.006874,dip
366,17.021841,1,11.639824,16.79722,0.058604,0.006339,0.044495,0.007075,8,549.249939,3.143365,5.318582,2.764899,5.078804,0.008084,dip
367,5.32038,0,0,5.109291,0.068557,0.009155,0.048112,0.009245,8,549.249939,3.143365,5.318582,2.764899,5.092045,0.006661,dip
368,5.374795,0,0,5.18223,0.057729,0.006052,0.043548,0.007384,8,549.249939,3.143365,5.318582,2.764899,5.165414,0.006634,dip
369,16.756292,1,11.291806,16.541148,0.070794,0.008852,0.050539,0.009602,8,549.249939,2.993135,5.207628,2.684303,5.172085,0.007149,dip
370,5.649605,0,0,5.419145,0.074555,0.009623,0.051878,0.011058,8,549.249939,2.993135,5.207628,2.684303,5.40102,0.006748,dip
371,5.400502,0,0,5.205699,0.058824,0.006207,0.044582,0.007243,8,549.249939,2.993135,5.207628,2.684303,5.18865,0.006625,dip
372,17.464943,1,12.028548,17.214035,0.092533,0.00678,0.077151,0.007296,8,549.249939,3.194195,5.42241,2.975235,5.101212,0.00858,dip
373,5.362098,0,0,5.154659,0.069041,0.009264,0.048582,0.00938,8,549.249939,3.194195,5.42241,2.975235,5.137494,0.006642,dip
374,5.383148,0,0,5.189277,0.057993,0.0063,0.043805,0.007169,8,549.249939,3.194195,5.42241,2.975235,5.172352,0.006643,dip
375,16.910856,1,11.339051,16.693236,0.072018,0.009407,0.049947,0.010508,8,549.249939,2.969021,5.271983,2.691155,5.276334,0.007127,dip
376,5.564237,0,0,5.347652,0.074334,0.00963,0.051852,0.010892,8,549.249939,2.969021,5.271983,2.691155,5.329316,0.006801,dip
377,5.278817,0,0,5.086135,0.055585,0.005422,0.042906,0.006699,8,549.249939,2.969021,5.271983,2.691155,5.069417,0.006608,dip
378,17.191419,1,11.504639,16.929653,0.107113,0.017663,0.068433,0.019425,8,549.249939,3.05285,5.383523,2.659759,5.34364,0.007708,dip
379,5.420551,0,0,5.199592,0.073757,0.009642,0.050925,0.010908,8,549.249939,3.05285,5.383523,2.659759,5.180451,0.007082,dip
380,5.674915,0,0,5.42767,0.075048,0.010177,0.052747,0.010424,8,549.249939,3.05285,5.383523,2.659759,5.406248,0.007221,dip
381,16.87785,1,11.412607,16.656048,0.073587,0.009606,0.051294,0.010348,8,549.249939,2.971627,5.366387,2.67218,5.167554,0.00725,dip
382,5.420708,0,0,5.205282,0.072946,0.009985,0.05092,0.009884,8,549.249939,2.971627,5.366387,2.67218,5.187352,0.006842,dip
383,5.268382,0,0,5.077652,0.055019,0.005341,0.04254,0.00655,8,549.249939,2.971627,5.366387,2.67218,5.060953,0.006619,dip
384,17.218518,1,11.46062,16.951739,0.071794,0.009374,0.050158,0.01031,8,549.249939,2.957404,5.450675,2.649975,5.412618,0.007488,dip
385,5.475318,0,0,5.270422,0.064814,0.007912,0.046738,0.008777,8,549.249939,2.957404,5.450675,2.649975,5.25304,0.006664,dip
386,5.307746,0,0,5.112226,0.059032,0.005552,0.045998,0.00693,8,549.249939,2.957404,5.450675,2.649975,5.095413,0.006639,dip
387,16.746784,1,11.364284,16.528721,0.074048,0.00875,0.052849,0.010341,8,549.249939,2.934265,5.301718,2.731335,5.088316,0.006885,dip
388,5.459196,0,0,5.244808,0.073179,0.009237,0.051239,0.010583,8,549.249939,2.934265,5.301718,2.731335,5.227042,0.006688,dip
389,5.32787,0,0,5.135528,0.055696,0.005515,0.043294,0.006355,8,549.249939,2.934265,5.301718,2.731335,5.11882,0.006613,dip
390,16.944753,1,11.284568,16.722859,0.073718,0.009377,0.051395,0.011009,8,549.249939,2.936875,5.229742,2.700691,5.36298,0.007146,dip
391,5.644213,0,0,5.420725,0.073076,0.0098,0.050478,0.010614,8,549.249939,2.936875,5.229742,2.700691,5.401313,0.006919,dip
392,5.815012,0,0,5.582204,0.08936,0.006565,0.074725,0.007382,8,549.249939,2.936875,5.229742,2.700691,5.555657,0.006831,dip
393,17.091348,1,11.292206,16.855668,0.071256,0.008803,0.05,0.010648,8,549.249939,2.945469,5.218344,2.730432,5.486504,0.007488,dip
394,5.713515,0,0,5.462434,0.073865,0.009266,0.051893,0.010207,8,549.249939,2.945469,5.218344,2.730432,5.442173,0.006803,dip
395,5.77068,0,0,5.530182,0.064476,0.007545,0.046596,0.008865,8,549.249939,2.945469,5.218344,2.730432,5.511791,0.006725,dip
396,16.854081,1,11.24895,16.634691,0.073183,0.00976,0.050887,0.010316,8,549.249939,2.948385,5.27625,2.62816,5.309257,0.007082,dip
397,5.334507,0,0,5.113762,0.063605,0.007547,0.046176,0.008641,8,549.249939,2.948385,5.27625,2.62816,5.09655,0.006612,dip
398,5.76929,0,0,5.514762,0.082341,0.008805,0.060896,0.01048,8,549.249939,2.948385,5.27625,2.62816,5.493978,0.007435,dip
399,16.865418,1,11.341005,16.63925,0.058613,0.005942,0.044366,0.007447,8,549.249939,2.968429,5.26985,2.66243,5.223939,0.007233,dip
400,5.86106,0,0,5.59524,0.076767,0.009866,0.053989,0.010361,8,549.249939,2.968429,5.26985,2.66243,5.57453,0.007068,dip
401,5.77004,0,0,5.516306,0.079517,0.009496,0.056719,0.010506,8,549.249939,2.968429,5.26985,2.66243,5.494534,0.007149,dip
402,19.642135,1,13.296273,19.384996,0.077692,0.009969,0.053651,0.011133,8,549.249939,3.274212,6.145723,3.458321,6.000232,0.008809,dip
403,5.715959,0,0,5.497817,0.075308,0.00979,0.052002,0.011395,8,549.249939,3.274212,6.145723,3.458321,5.47992,0.006612,dip
404,5.907007,0,0,5.672784,0.072102,0.008567,0.050881,0.010466,8,549.249939,3.274212,6.145723,3.458321,5.651796,0.006982,dip
405,17.676277,1,11.868585,17.440458,0.073518,0.009259,0.051594,0.010646,8,823.8748779,3.097401,5.574769,2.786586,5.490689,0.008288,dip
406,5.665515,0,0,5.442435,0.074068,0.009393,0.051332,0.011293,8,823.8748779,3.097401,5.574769,2.786586,5.423842,0.006959,dip
407,5.414658,0,0,5.218295,0.058616,0.006119,0.044439,0.007231,8,823.8748779,3.097401,5.574769,2.786586,5.201097,0.006648,dip
408,17.770864,1,12.146,17.517123,0.072464,0.008497,0.05123,0.010784,8,823.8748779,3.094856,5.595137,3.014607,5.281672,0.009388,dip
409,5.540453,0,0,5.265764,0.077338,0.010907,0.052609,0.011074,8,823.8748779,3.094856,5.595137,3.014607,5.244999,0.007011,dip
410,7.553317,0,0,7.176611,0.135375,0.01673,0.0969,0.01793,8,823.8748779,3.094856,5.595137,3.014607,7.143339,0.012798,dip
411,18.178215,1,12.17601,17.928832,0.085443,0.012395,0.056624,0.012912,8,1098.499878,3.177066,5.753109,2.842367,5.662091,0.008988,dip
412,5.854052,0,0,5.567845,0.076393,0.010295,0.052296,0.010961,8,1098.499878,3.177066,5.753109,2.842367,5.547015,0.006932,dip
413,5.688741,0,0,5.448264,0.074481,0.010344,0.051666,0.010135,8,1098.499878,3.177066,5.753109,2.842367,5.427729,0.007032,dip
414,18.403847,1,12.078631,18.155628,0.082262,0.010974,0.05678,0.011104,8,1098.499878,3.049132,5.755535,2.854265,5.98841,0.008292,dip
415,6.002278,0,0,5.718303,0.077887,0.010033,0.053837,0.010921,8,1098.499878,3.049132,5.755535,2.854265,5.696444,0.007195,dip
416,6.359883,0,0,5.971859,0.130158,0.01675,0.091315,0.017722,8,1098.499878,3.049132,5.755535,2.854265,5.938582,0.011972,dip
417,18.481217,1,12.131414,18.206296,0.076288,0.009988,0.052933,0.010925,8,1098.499878,3.360556,5.596295,2.776542,5.989271,0.008567,dip
418,5.974517,0,0,5.682534,0.082321,0.011236,0.056222,0.01167,8,1098.499878,3.360556,5.596295,2.776542,5.652137,0.007335,dip
419,5.868897,0,0,5.59398,0.073996,0.009243,0.052004,0.010059,8,1098.499878,3.360556,5.596295,2.776542,5.552581,0.017493,dip
420,17.306519,1,11.671229,17.072017,0.072451,0.009463,0.050621,0.010322,8,1098.499878,3.103668,5.373383,2.784686,5.310518,0.008378,dip
421,5.475527,0,0,5.238761,0.093211,0.010081,0.052149,0.028922,8,1098.499878,3.103668,5.373383,2.784686,5.210886,0.016207,dip
422,5.820903,0,0,5.588893,0.071128,0.008528,0.050362,0.010062,8,1098.499878,3.103668,5.373383,2.784686,5.568546,0.006856,dip
423,17.143696,1,11.513421,16.924766,0.059126,0.005915,0.044945,0.007338,8,1098.499878,3.075679,5.289797,2.740731,5.323298,0.008489,dip
424,5.736405,0,0,5.456047,0.077005,0.010069,0.053577,0.010755,8,1098.499878,3.075679,5.289797,2.740731,5.436192,0.007146,dip
425,5.668849,0,0,5.454649,0.065217,0.006993,0.048063,0.00865,8,1098.499878,3.075679,5.289797,2.740731,5.435796,0.006887,dip
426,17.121638,1,11.712573,16.90516,0.058725,0.006214,0.044152,0.00751,8,1098.499878,3.012153,5.560924,2.748823,5.114504,0.00803,dip
427,5.683141,0,0,5.458951,0.074099,0.010028,0.052261,0.010041,8,1098.499878,3.012153,5.560924,2.748823,5.439861,0.006781,dip
428,5.401464,0,0,5.20598,0.057978,0.006154,0.043583,0.007382,8,1098.499878,3.012153,5.560924,2.748823,5.18889,0.006619,dip
429,16.995131,1,11.46088,16.765238,0.07353,0.008776,0.052928,0.009925,8,1098.499878,3.07338,5.224037,2.754244,5.226463,0.008043,dip
430,5.635917,0,0,5.417964,0.073254,0.009452,0.051171,0.010462,8,1098.499878,3.07338,5.224037,2.754244,5.400078,0.006795,dip
431,5.482288,0,0,5.28781,0.057851,0.006213,0.043301,0.007557,8,1098.499878,3.07338,5.224037,2.754244,5.270434,0.006616,dip
432,17.77031,1,12.065386,17.492097,0.104838,0.009493,0.071571,0.021225,8,1098.499878,3.169419,5.720353,2.695854,5.333084,0.008537,dip
433,5.777538,0,0,5.545314,0.077404,0.010765,0.052823,0.011365,8,1098.499878,3.169419,5.720353,2.695854,5.526251,0.007056,dip
434,5.646708,0,0,5.429092,0.062873,0.006705,0.047183,0.00769,8,1098.499878,3.169419,5.720353,2.695854,5.410876,0.006829,dip
435,17.226576,1,11.492361,16.997193,0.070153,0.008785,0.049224,0.009821,8,1373.124878,3.030938,5.426403,2.652014,5.426554,0.00771,dip
436,5.486165,0,0,5.265789,0.074232,0.009749,0.051733,0.010488,8,1373.124878,3.030938,5.426403,2.652014,5.233033,0.021444,dip
437,5.377357,0,0,5.17402,0.056274,0.005452,0.043289,0.006757,8,1373.124878,3.030938,5.426403,2.652014,5.156945,0.006654,dip
438,17.638912,1,11.75239,17.40375,0.073047,0.009269,0.050687,0.010636,8,1373.124878,3.146129,5.453355,2.766663,5.569644,0.008252,dip
439,5.658936,0,0,5.403746,0.082241,0.010543,0.057855,0.010386,8,1373.124878,3.146129,5.453355,2.766663,5.366006,0.007321,dip
440,5.777751,0,0,5.531947,0.073444,0.009386,0.051605,0.010056,8,1373.124878,3.146129,5.453355,2.766663,5.5107,0.007215,dip
441,17.301694,1,11.274661,17.065205,0.079281,0.009964,0.055157,0.010953,8,1373.124878,2.946978,5.321976,2.621517,5.707649,0.007391,dip
442,5.496496,0,0,5.279661,0.073268,0.009496,0.051227,0.010441,8,1373.124878,2.946978,5.321976,2.621517,5.261902,0.006609,dip
443,5.343548,0,0,5.150673,0.05596,0.005462,0.043156,0.006784,8,1373.124878,2.946978,5.321976,2.621517,5.134006,0.006627,dip
444,17.623662,1,11.801686,17.374493,0.087247,0.009779,0.063906,0.010385,8,1373.124878,3.032092,5.512964,2.873261,5.492516,0.008047,dip
445,5.976686,0,0,5.729458,0.078056,0.010027,0.054476,0.010409,8,1373.124878,3.032092,5.512964,2.873261,5.708275,0.006974,dip
446,5.747118,0,0,5.481462,0.074753,0.017615,0.047187,0.008241,8,1373.124878,3.032092,5.512964,2.873261,5.461518,0.00721,dip
447,16.972776,1,11.296592,16.758988,0.062172,0.007011,0.045966,0.007926,8,1373.124878,2.93286,5.363565,2.620523,5.388015,0.007336,dip
448,5.794693,0,0,5.553323,0.074354,0.009505,0.052127,0.010188,8,1373.124878,2.93286,5.363565,2.620523,5.533347,0.006873,dip
449,5.701889,0,0,5.484222,0.067856,0.008115,0.049027,0.008865,8,1373.124878,2.93286,5.363565,2.620523,5.464558,0.006705,dip
450,17.071785,1,11.396357,16.825148,0.078418,0.009217,0.056335,0.010446,8,1373.124878,2.992185,5.311954,2.690891,5.350806,0.008131,dip
451,5.397998,0,0,5.182573,0.072499,0.009344,0.050972,0.010051,8,1373.124878,2.992185,5.311954,2.690891,5.16466,0.006622,dip
452,5.816818,0,0,5.58285,0.071021,0.008434,0.050357,0.010059,8,1373.124878,2.992185,5.311954,2.690891,5.562803,0.006885,dip
453,16.780258,1,11.292256,16.578412,0.058721,0.006301,0.044315,0.007279,8,1373.124878,2.965607,5.323371,2.620768,5.21301,0.007096,dip
454,5.48441,0,0,5.267831,0.073579,0.00987,0.051497,0.010065,8,1373.124878,2.965607,5.323371,2.620768,5.249729,0.006783,dip
455,5.368685,0,0,5.174303,0.057013,0.005489,0.043525,0.007261,8,1373.124878,2.965607,5.323371,2.620768,5.15723,0.006622,dip
456,17.022761,1,11.6612,16.809401,0.058109,0.006257,0.043837,0.007265,8,1373.124878,3.032643,5.455916,2.792142,5.071461,0.008052,dip
457,5.57714,0,0,5.353445,0.073289,0.009857,0.05065,0.010659,8,1373.124878,3.032643,5.455916,2.792142,5.333946,0.007026,dip
458,5.355952,0,0,5.16215,0.057504,0.005806,0.043961,0.006964,8,1373.124878,3.032643,5.455916,2.792142,5.1449,0.006635,dip
459,16.833094,1,11.335944,16.61186,0.071826,0.009047,0.050473,0.010257,8,1922.374878,2.911668,5.255375,2.784507,5.201047,0.00705,dip
460,5.917853,0,0,5.672726,0.074505,0.009192,0.051815,0.010934,8,1922.374878,2.911668,5.255375,2.784507,5.652308,0.007041,dip
461,5.418139,0,0,5.195375,0.05783,0.005783,0.044032,0.007036,8,1922.374878,2.911668,5.255375,2.784507,5.178058,0.006599,dip
462,17.110548,1,11.648344,16.84884,0.06133,0.00665,0.045791,0.007867,8,1922.374878,3.015564,5.518757,2.726503,5.102678,0.018539,dip
463,5.285138,0,0,5.077349,0.068945,0.009574,0.047925,0.009361,8,1922.374878,3.015564,5.518757,2.726503,5.06001,0.006639,dip
464,5.597348,0,0,5.367039,0.071744,0.009108,0.04999,0.010117,8,1922.374878,3.015564,5.518757,2.726503,5.346786,0.006897,dip
465,19.431927,1,12.399791,19.16342,0.077342,0.010064,0.05294,0.01139,8,1922.374878,3.146199,6.03475,2.808797,6.67408,0.00937,dip
466,5.486846,0,0,5.271783,0.072761,0.009443,0.05081,0.010208,8,1922.374878,3.146199,6.03475,2.808797,5.25397,0.006749,dip
467,5.494856,0,0,5.260965,0.056015,0.005664,0.042761,0.006967,8,1922.374878,3.146199,6.03475,2.808797,5.244377,0.006598,dip
468,17.043295,1,11.514183,16.823539,0.063172,0.007063,0.046686,0.007949,8,1922.374878,2.994104,5.510711,2.629173,5.23068,0.007717,dip
469,5.46559,0,0,5.196924,0.116405,0.019662,0.082732,0.011033,8,1922.374878,2.994104,5.510711,2.629173,5.176857,0.006845,dip
470,5.615208,0,0,5.380562,0.0674,0.007591,0.048954,0.008777,8,1922.374878,2.994104,5.510711,2.629173,5.361565,0.006851,dip
471,16.619064,1,11.261185,16.418309,0.059855,0.006595,0.045121,0.007345,8,1922.374878,2.941919,5.327847,2.612793,5.085421,0.00691,dip
472,7.753692,0,0,7.419239,0.116906,0.014809,0.083061,0.015364,8,1922.374878,2.941919,5.327847,2.612793,7.389738,0.011253,dip
473,5.645793,0,0,5.395554,0.076932,0.008277,0.057696,0.009375,8,1922.374878,2.941919,5.327847,2.612793,5.375245,0.006972,dip
474,21.323422,1,15.772451,21.062579,0.070496,0.008812,0.049711,0.009907,8,1922.374878,3.715853,7.556918,3.960547,5.185357,0.012697,dip
475,5.844285,0,0,5.542494,0.100342,0.021092,0.064852,0.011382,8,1922.374878,3.715853,7.556918,3.960547,5.519831,0.007453,dip
476,6.664152,0,0,6.348098,0.108397,0.011432,0.082253,0.011027,8,1922.374878,3.715853,7.556918,3.960547,6.306331,0.025909,dip
477,22.092046,1,14.332737,21.790311,0.117299,0.014823,0.083658,0.015455,8,1922.374878,3.605761,7.332433,3.000311,7.352107,0.009159,dip
478,5.68883,0,0,5.331863,0.136268,0.014577,0.101954,0.017346,8,1922.374878,3.605761,7.332433,3.000311,5.294127,0.011143,dip
479,5.480085,0,0,5.281238,0.057455,0.005936,0.043853,0.006927,8,1922.374878,3.605761,7.332433,3.000311,5.263683,0.006824,dip
480,22.762352,1,16.01185,22.481633,0.116177,0.015021,0.082571,0.015486,8,1922.374878,3.796497,8.456232,3.350224,6.377064,0.008399,upright
481,8.32111,0,0,7.843211,0.254598,0.025994,0.123897,0.100818,8,1922.374878,3.796497,8.456232,3.350224,7.814072,0.010784,upright
482,7.128314,0,0,6.773355,0.154204,0.0102,0.076162,0.065211,8,1922.374878,3.796497,8.456232,3.350224,6.751259,0.006985,upright
483,22.672859,1,16.286906,21.697404,0.715604,0.007979,0.076029,0.629017,8,2196.999756,3.882686,8.148903,3.766667,5.298148,0.014281,upright
484,7.450149,0,0,6.749909,0.474871,0.016904,0.140097,0.314267,12,2196.999756,3.882686,8.148903,3.766667,6.720301,0.009349,upright
485,5.834243,0,0,5.532082,0.138137,0.008289,0.074873,0.053489,12,2196.999756,3.882686,8.148903,3.766667,5.512643,0.006994,upright
486,17.400002,1,11.777286,17.087528,0.14506,0.006361,0.070501,0.067449,12,2196.999756,2.936195,5.406941,3.044254,5.222789,0.008223,upright
487,5.39787,0,0,5.118482,0.141038,0.009921,0.07412,0.054844,12,2196.999756,2.936195,5.406941,3.044254,5.10115,0.00665,upright
488,5.636282,0,0,5.302567,0.135199,0.007663,0.074399,0.051394,12,2196.999756,2.936195,5.406941,3.044254,5.283342,0.006815,upright
489,17.048424,1,11.156206,16.768969,0.135983,0.007546,0.07353,0.05367,12,2471.624756,2.800702,5.1339,2.844691,5.53777,0.006915,upright
490,5.575362,0,0,5.303311,0.110905,0.009947,0.074699,0.024065,11,2471.624756,2.800702,5.1339,2.844691,5.283669,0.006946,upright
491,5.340249,0,0,5.097964,0.104397,0.006804,0.072175,0.024354,12,2471.624756,2.800702,5.1339,2.844691,5.080707,0.006635,upright
492,18.143555,1,12.679344,17.778482,0.102919,0.006316,0.071863,0.023954,12,2471.624756,2.945108,5.342572,3.98165,4.969616,0.012724,upright
493,5.255425,0,0,5.029898,0.084818,0.00968,0.060163,0.012848,10,2471.624756,2.945108,5.342572,3.98165,5.012429,0.006718,upright
494,5.520725,0,0,5.27432,0.078056,0.007382,0.058369,0.010675,10,2471.624756,2.945108,5.342572,3.98165,5.254923,0.006862,upright
495,19.583107,1,14.176692,19.366209,0.075742,0.007202,0.056668,0.010727,10,2471.624756,2.870231,5.256988,5.676238,5.114736,0.006816,upright
496,5.250169,0,0,5.021436,0.086531,0.009774,0.061209,0.013191,10,2471.624756,2.870231,5.256988,5.676238,5.003593,0.006628,upright
497,5.398239,0,0,5.190062,0.070532,0.006006,0.054138,0.009556,10,2471.624756,2.870231,5.256988,5.676238,5.172721,0.00662,upright
498,19.192515,1,13.834406,18.958772,0.079953,0.006867,0.060927,0.010332,10,2471.624756,2.929309,5.633568,4.897895,5.045415,0.007903,upright
499,5.222219,0,0,4.970812,0.081259,0.009909,0.056032,0.013001,10,2471.624756,2.929309,5.633568,4.897895,4.953202,0.006606,upright
500,5.498868,0,0,5.238946,0.085871,0.009288,0.061898,0.011958,10,2471.624756,2.929309,5.633568,4.897895,5.216933,0.00738,upright
501,17.451558,1,12.2386,17.232949,0.076905,0.008064,0.055475,0.011612,10,2471.624756,2.813627,5.263969,3.787726,4.92162,0.006975,upright
502,5.160597,0,0,4.916438,0.083615,0.009194,0.059881,0.012537,10,2471.624756,2.813627,5.263969,3.787726,4.898336,0.006979,upright
503,5.287003,0,0,5.082362,0.066877,0.005787,0.050792,0.009486,10,2471.624756,2.813627,5.263969,3.787726,5.064783,0.006636,upright
504,17.125879,1,11.817299,16.89534,0.076147,0.008111,0.055131,0.011497,10,2471.624756,2.872017,5.435729,3.13366,4.999927,0.007901,upright
505,5.053661,0,0,4.840682,0.076394,0.008746,0.054456,0.011441,10,2471.624756,2.872017,5.435729,3.13366,4.823008,0.006608,upright
506,5.445065,0,0,5.206439,0.078829,0.008135,0.056585,0.012001,10,2471.624756,2.872017,5.435729,3.13366,5.186368,0.006931,upright
507,17.093961,1,11.723117,16.873772,0.070483,0.006644,0.052598,0.010278,10,2471.624756,2.85456,5.138612,3.351639,5.07846,0.006769,upright
508,5.126633,0,0,4.904885,0.081526,0.008997,0.05755,0.012805,10,2471.624756,2.85456,5.138612,3.351639,4.886904,0.006629,upright
509,5.229779,0,0,5.026154,0.067143,0.005704,0.050984,0.009645,10,2471.624756,2.85456,5.138612,3.351639,5.008906,0.006618,upright
510,17.487951,1,12.020235,17.251646,0.08081,0.009257,0.057246,0.012175,10,2471.624756,2.886993,5.352604,3.399523,5.152739,0.007466,upright
511,5.247769,0,0,4.980526,0.103871,0.009556,0.069955,0.021713,10,2471.624756,2.886993,5.352604,3.399523,4.960876,0.006968,upright
512,5.439873,0,0,5.219809,0.072751,0.006699,0.054307,0.010393,10,2471.624756,2.886993,5.352604,3.399523,5.200757,0.006947,upright
513,17.585042,1,12.189964,17.359565,0.077405,0.008073,0.055688,0.011643,10,2471.624756,2.87275,5.38567,3.544846,5.089777,0.007425,upright
514,5.370534,0,0,5.08508,0.086983,0.013477,0.058198,0.013131,9,2471.624756,2.87275,5.38567,3.544846,5.059459,0.010609,upright
515,5.30018,0,0,5.091994,0.066477,0.005895,0.049885,0.009974,10,2471.624756,2.87275,5.38567,3.544846,5.074694,0.00669,upright
516,18.520463,1,13.208423,18.300031,0.064775,0.005934,0.049604,0.008528,10,2471.624756,2.939909,5.445506,4.43277,5.011197,0.007905,upright
517,6.231371,0,0,5.914845,0.16197,0.010997,0.096687,0.051005,8,2471.624756,2.939909,5.445506,4.43277,5.894996,0.007101,upright
518,5.524361,0,0,5.277605,0.102431,0.017636,0.056118,0.026832,8,2471.624756,2.939909,5.445506,4.43277,5.25834,0.006734,upright
519,20.505285,1,15.113941,20.253232,0.096832,0.008203,0.0548,0.032056,8,2471.624756,2.885958,5.649802,6.184239,5.057762,0.008356,upright
520,5.24771,0,0,5.020108,0.087891,0.008476,0.05183,0.025998,8,2471.624756,2.885958,5.649802,6.184239,5.002313,0.006696,upright
521,5.185141,0,0,4.960084,0.087266,0.007456,0.053187,0.025094,8,2471.624756,2.885958,5.649802,6.184239,4.941845,0.006696,upright
522,20.718559,1,15.296092,20.45245,0.110651,0.007022,0.057481,0.044552,8,2471.624756,3.085462,5.336452,6.48516,5.077713,0.007689,upright
523,5.656308,0,0,5.369141,0.111939,0.009301,0.066077,0.034059,8,2471.624756,3.085462,5.336452,6.48516,5.34863,0.006948,upright
524,5.757624,0,0,5.536871,0.079952,0.005643,0.050346,0.023231,8,2471.624756,3.085462,5.336452,6.48516,5.518955,0.006767,upright
525,20.188479,1,14.89971,19.970374,0.079174,0.005934,0.050335,0.022131,8,2471.624756,2.841114,5.226481,6.441521,4.997192,0.007007,upright
526,5.465856,0,0,5.218833,0.095898,0.009146,0.056997,0.027519,8,2471.624756,2.841114,5.226481,6.441521,5.200582,0.006739,upright
527,5.334149,0,0,5.122557,0.074262,0.006096,0.059951,0.007007,8,2471.624756,2.841114,5.226481,6.441521,5.104746,0.006694,upright
528,20.717097,1,15.473534,20.50587,0.057601,0.005913,0.043974,0.006924,8,2471.624756,3.04221,5.554272,6.476284,4.953927,0.007946,upright
529,5.375669,0,0,5.120496,0.076111,0.009965,0.052876,0.010774,8,2471.624756,3.04221,5.554272,6.476284,5.099375,0.006979,upright
530,6.119827,0,0,5.815041,0.1073,0.010374,0.082837,0.011111,8,2471.624756,3.04221,5.554272,6.476284,5.792634,0.00704,upright
531,21.733102,1,15.173074,21.484961,0.07732,0.011046,0.052632,0.010991,8,2471.624756,2.898432,5.500478,6.384632,6.227695,0.007698,upright
532,5.432869,0,0,5.164329,0.074994,0.010287,0.051992,0.010136,8,2471.624756,2.898432,5.500478,6.384632,5.144561,0.006819,upright
533,5.199553,0,0,4.995953,0.05945,0.006463,0.044687,0.007335,8,2471.624756,2.898432,5.500478,6.384632,4.977679,0.006727,upright
534,17.991999,1,12.891699,17.761877,0.059375,0.006455,0.044779,0.007218,8,2471.624756,3.008404,5.587166,3.909766,4.740336,0.058469,upright
535,5.116313,0,0,4.891715,0.06979,0.009444,0.048705,0.009666,8,2471.624756,3.008404,5.587166,3.909766,4.824297,0.055823,upright
536,5.816486,0,0,5.592591,0.065267,0.007721,0.047927,0.008267,8,2471.624756,3.008404,5.587166,3.909766,5.523506,0.05603,upright
537,17.850841,1,12.510014,17.603037,0.074456,0.009853,0.0513,0.010798,8,2471.624756,2.914957,5.263842,3.939664,4.948903,0.060078,upright
538,6.414593,0,0,5.953366,0.117896,0.014544,0.083427,0.016769,8,2471.624756,2.914957,5.263842,3.939664,5.79386,0.12014,upright
539,7.975143,0,0,7.563678,0.142577,0.028637,0.095558,0.015206,8,2471.624756,2.914957,5.263842,3.939664,7.458791,0.085463,upright
540,24.490817,1,17.359499,24.219829,0.076811,0.010114,0.053239,0.011072,8,2471.624756,2.98762,6.248556,7.716071,6.712514,0.061558,upright
541,6.162135,0,0,5.896909,0.078187,0.011153,0.053208,0.010778,8,2471.624756,2.98762,6.248556,7.716071,5.82326,0.059127,upright
542,5.864814,0,0,5.519925,0.073257,0.009145,0.051274,0.010423,8,2471.624756,2.98762,6.248556,7.716071,5.416909,0.08822,upright
543,20.049971,1,14.034027,19.807297,0.073589,0.010317,0.050788,0.010326,8,2471.624756,3.015225,5.259488,5.342392,5.5944,0.099567,upright
544,7.304804,0,0,6.976515,0.07888,0.010865,0.05366,0.011239,8,2471.624756,3.015225,5.259488,5.342392,6.86312,0.098995,upright
545,5.541115,0,0,5.3157,0.060058,0.006598,0.045016,0.007466,8,2471.624756,3.015225,5.259488,5.342392,5.206388,0.096426,upright
546,20.933174,1,13.776191,20.621685,0.111412,0.013698,0.080027,0.015068,8,2471.624756,3.118489,7.177316,3.09213,6.611425,0.108333,upright
547,5.531498,0,0,5.271066,0.073379,0.009666,0.051544,0.01009,8,2471.624756,3.118489,7.177316,3.09213,5.164998,0.092988,upright
548,5.431053,0,0,5.198767,0.06993,0.009178,0.048988,0.00965,8,2471.624756,3.118489,7.177316,3.09213,5.092438,0.092572,upright
549,16.499929,1,10.997125,16.273213,0.071563,0.009375,0.049931,0.009856,8,2471.624756,2.781007,5.291364,2.54782,5.112014,0.093524,upright
550,5.609414,0,0,5.385332,0.069704,0.008816,0.049427,0.009693,8,2471.624756,2.781007,5.291364,2.54782,5.28165,0.092089,upright
551,5.456637,0,0,5.256427,0.059739,0.006076,0.045282,0.00737,8,2471.624756,2.781007,5.291364,2.54782,5.132601,0.112426,upright
552,16.506721,1,11.139759,16.289533,0.059866,0.006596,0.043902,0.008479,8,2471.624756,2.867233,5.300916,2.595967,4.985322,0.09535,upright
553,5.394151,0,0,5.163631,0.082944,0.019825,0.050954,0.010531,8,2471.624756,2.867233,5.300916,2.595967,5.045778,0.10505,upright
554,5.205495,0,0,5.01297,0.057318,0.005995,0.04312,0.007287,8,2471.624756,2.867233,5.300916,2.595967,4.909813,0.091701,upright
555,16.222486,1,10.887475,15.999502,0.068622,0.008765,0.048367,0.009548,8,2471.624756,2.752057,5.199662,2.562185,4.951708,0.091662,upright
556,5.686074,0,0,5.455863,0.071946,0.009379,0.05035,0.01025,8,2471.624756,2.752057,5.199662,2.562185,5.352548,0.090692,upright
557,5.578469,0,0,5.379013,0.060595,0.007027,0.044782,0.007736,8,2471.624756,2.752057,5.199662,2.562185,5.277149,0.090158,upright
558,16.607589,1,11.297721,16.392613,0.057513,0.006094,0.043117,0.00746,8,2471.624756,2.804578,5.492338,2.626469,4.927908,0.097214,upright
559,5.355956,0,0,5.148829,0.065728,0.008922,0.046304,0.008835,8,2471.624756,2.804578,5.492338,2.626469,5.046511,0.090989,upright
560,5.103493,0,0,4.883085,0.070533,0.009329,0.049918,0.009658,8,2471.624756,2.804578,5.492338,2.626469,4.778474,0.091577,upright
561,17.207937,1,11.661901,16.930483,0.101436,0.010726,0.068677,0.010655,8,2471.624756,2.933675,5.636057,2.713518,5.095798,0.09436,upright
562,5.10971,0,0,4.888355,0.07236,0.010086,0.050068,0.010143,8,2471.624756,2.933675,5.636057,2.713518,4.765115,0.09105,upright
563,5.057934,0,0,4.861012,0.056777,0.005693,0.043387,0.006804,8,2471.624756,2.933675,5.636057,2.713518,4.758842,0.090751,upright
564,16.633754,1,11.523403,16.415596,0.058619,0.006524,0.044148,0.007102,8,2471.624756,2.844589,5.560496,2.736345,4.719998,0.095899,upright
565,4.949701,0,0,4.743778,0.067227,0.009055,0.046871,0.009445,8,2471.624756,2.844589,5.560496,2.736345,4.639898,0.092659,upright
566,5.371829,0,0,5.162012,0.060341,0.006971,0.044257,0.007946,8,2471.624756,2.844589,5.560496,2.736345,5.06101,0.089123,upright
567,16.058994,1,10.988469,15.838317,0.069833,0.008968,0.049073,0.009681,8,2471.624756,2.823401,5.215457,2.571214,4.726793,0.053415,upright
568,5.049162,0,0,4.822624,0.078793,0.008925,0.049488,0.009601,8,2471.624756,2.823401,5.215457,2.571214,4.757789,0.052778,upright
569,5.070689,0,0,4.870882,0.059749,0.00595,0.046208,0.006751,8,2471.624756,2.823401,5.215457,2.571214,4.807116,0.052312,upright
570,16.560956,1,11.230207,16.338328,0.065636,0.007839,0.047021,0.009029,8,2471.624756,2.770172,5.324566,2.748468,4.981479,0.05427,lift
571,5.066601,0,0,4.823634,0.068604,0.009201,0.048036,0.009326,8,2471.624756,2.770172,5.324566,2.748468,4.759363,0.052894,lift
572,4.950066,0,0,4.714611,0.069922,0.00612,0.054585,0.007871,8,2471.624756,2.770172,5.324566,2.748468,4.6501,0.053015,lift
573,15.878944,1,11.016377,15.674745,0.062635,0.007037,0.045891,0.008413,8,2471.624756,2.830001,5.229051,2.582166,4.538798,0.053039,lift
574,4.945563,0,0,4.718625,0.074487,0.010937,0.050073,0.011457,8,2471.624756,2.830001,5.229051,2.582166,4.632702,0.073062,lift
575,4.729802,0,0,4.535749,0.055343,0.005498,0.042564,0.00666,8,2471.624756,2.830001,5.229051,2.582166,4.472463,0.052538,lift
576,16.021968,1,11.129356,15.80041,0.069667,0.00905,0.049196,0.009811,8,2471.624756,2.827719,5.325919,2.603068,4.593734,0.00745,lift
577,5.026719,0,0,4.804382,0.072294,0.009243,0.050718,0.010263,8,2471.624756,2.827719,5.325919,2.603068,4.785065,0.006845,lift
578,4.767626,0,0,4.522965,0.058763,0.006487,0.044469,0.006849,8,2471.624756,2.827719,5.325919,2.603068,4.504899,0.006738,lift
579,15.78329,1,10.908409,15.583093,0.059565,0.006132,0.045021,0.007348,8,2471.624756,2.727166,5.182677,2.631254,4.60108,0.006843,lift
580,4.689684,0,0,4.49093,0.060941,0.007124,0.045205,0.007502,8,2471.624756,2.727166,5.182677,2.631254,4.47363,0.006707,lift
581,4.84715,0,0,4.625006,0.070833,0.008877,0.050143,0.009598,8,2471.624756,2.727166,5.182677,2.631254,4.604132,0.006974,lift
582,15.648773,1,10.730665,15.424531,0.07233,0.00944,0.050319,0.010588,8,2471.624756,2.700539,5.187597,2.469673,4.615671,0.00721,lift
583,5.180831,0,0,4.949069,0.072251,0.009578,0.050553,0.009819,8,2471.624756,2.700539,5.187597,2.469673,4.929544,0.006884,lift
584,4.912683,0,0,4.710014,0.057262,0.006142,0.043781,0.006556,8,2471.624756,2.700539,5.187597,2.469673,4.691183,0.006911,lift
585,15.385801,1,10.701154,15.185715,0.059631,0.006485,0.045314,0.007051,8,2471.624756,2.75994,5.071534,2.493189,4.411496,0.006912,lift
586,4.132928,0,0,3.841213,0.102736,0.011972,0.076231,0.01309,8,2471.624756,2.75994,5.071534,2.493189,3.816276,0.011072,lift
587,4.025049,0,0,3.821098,0.063877,0.007354,0.046904,0.008269,8,2471.624756,2.75994,5.071534,2.493189,3.802561,0.006666,lift
588,15.119106,1,10.961713,14.882149,0.062658,0.00724,0.045995,0.00815,8,2471.624756,2.767466,5.293848,2.527631,3.845009,0.00767,lift
589,3.967803,0,0,3.74807,0.074339,0.009525,0.053391,0.00944,8,2471.624756,2.767466,5.293848,2.527631,3.730337,0.00677,lift
590,3.119893,0,0,2.932387,0.0534,0.0061,0.038694,0.007758,8,2471.624756,2.767466,5.293848,2.527631,2.914491,0.006748,lift
591,14.050459,1,10.675014,13.827116,0.065205,0.009333,0.044152,0.00983,8,2471.624756,2.898529,4.914485,2.491119,3.065842,0.007396,lift
592,3.460484,0,0,3.223778,0.06802,0.009971,0.045956,0.009911,8,2471.624756,2.898529,4.914485,2.491119,3.204609,0.006939,lift
593,3.471054,0,0,3.205519,0.07253,0.011565,0.047265,0.011372,8,2471.624756,2.898529,4.914485,2.491119,3.182004,0.007269,lift
594,14.656413,1,11.439197,14.385153,0.092584,0.010181,0.068591,0.011051,8,2471.624756,2.949516,5.366276,2.743776,2.821633,0.049713,lift
595,3.336471,0,0,3.134787,0.063282,0.00958,0.041387,0.010173,8,2471.624756,2.949516,5.366276,2.743776,3.076923,0.046874,lift
596,3.359744,0,0,3.173803,0.051489,0.006697,0.035468,0.008258,8,2471.624756,2.949516,5.366276,2.743776,3.116278,0.046721,lift
597,13.698085,1,10.533896,13.493872,0.062136,0.009748,0.04089,0.00967,8,2471.624756,2.765388,4.833071,2.562967,2.844644,0.048125,lift
598,3.402789,0,0,3.204762,0.055703,0.007964,0.037417,0.008845,8,2471.624756,2.765388,4.833071,2.562967,3.14748,0.046804,lift
599,3.555456,0,0,3.349479,0.060883,0.009222,0.040391,0.009691,8,2471.624756,2.765388,4.833071,2.562967,3.2903,0.047196,lift
600,14.866469,1,11.235329,14.627788,0.056831,0.006616,0.040997,0.008312,8,2471.624756,2.981743,5.167676,2.657825,3.224613,0.08749,lift
601,3.940314,0,0,3.721347,0.066648,0.010745,0.042811,0.010961,8,2471.624756,2.981743,5.167676,2.657825,3.628618,0.079326,lift
602,6.153682,0,0,5.797498,0.111207,0.016265,0.074153,0.017206,8,2471.624756,2.981743,5.167676,2.657825,5.629101,0.14789,lift
603,15.241515,1,11.325215,14.954554,0.066169,0.010902,0.042039,0.011059,8,2471.624756,3.078966,5.203706,2.664678,3.465283,0.085031,lift
604,3.971473,0,0,3.683447,0.077216,0.010437,0.053331,0.010545,8,2471.624756,3.078966,5.203706,2.664678,3.587126,0.08226,lift
605,3.935875,0,0,3.677438,0.06019,0.00935,0.039401,0.0098,8,2471.624756,3.078966,5.203706,2.664678,3.582183,0.081424,lift
606,15.229795,1,11.330397,15.002135,0.063424,0.009958,0.040739,0.010831,8,2471.624756,2.958631,5.243263,2.701829,3.458911,0.119139,lift
607,3.761385,0,0,3.544375,0.065105,0.010246,0.041612,0.010854,8,2471.624756,2.958631,5.243263,2.701829,3.414097,0.11745,lift
608,3.697736,0,0,3.498304,0.052179,0.007691,0.034961,0.008297,8,2471.624756,2.958631,5.243263,2.701829,3.34574,0.140183,lift
609,14.757113,1,11.101908,14.463873,0.066139,0.011053,0.041302,0.011025,8,2471.624756,2.891459,5.216966,2.619766,3.171907,0.109727,lift
610,3.851357,0,0,3.609738,0.068721,0.010782,0.044335,0.011037,8,2471.624756,2.891459,5.216966,2.619766,3.48548,0.110061,lift
611,3.769586,0,0,3.491271,0.091693,0.01161,0.05537,0.02246,8,2471.624756,2.891459,5.216966,2.619766,3.27267,0.19286,lift
612,15.212496,1,11.517882,14.934451,0.075074,0.010072,0.042421,0.011456,8,2471.624756,2.970367,5.12605,2.986835,3.216982,0.10855,lift
613,4.042857,0,0,3.831105,0.062034,0.010208,0.039989,0.009963,8,2471.624756,2.970367,5.12605,2.986835,3.714276,0.104661,lift
614,4.714661,0,0,4.461254,0.051762,0.006677,0.035789,0.007972,8,2471.624756,2.970367,5.12605,2.986835,4.333737,0.115122,lift
615,14.400365,1,10.508607,14.201241,0.055363,0.007623,0.037258,0.008601,8,2471.624756,2.790566,4.803774,2.534717,3.483882,0.140426,lift
616,4.032751,0,0,3.827774,0.059878,0.00892,0.039009,0.010092,8,2471.624756,2.790566,4.803774,2.534717,3.676855,0.139057,lift
617,4.222927,0,0,4.025617,0.048233,0.005908,0.033964,0.007496,8,2471.624756,2.790566,4.803774,2.534717,3.849629,0.164753,lift
618,15.478749,1,10.799229,15.260094,0.057153,0.008317,0.037715,0.009388,8,2471.624756,2.896353,4.888528,2.63177,4.250245,0.139543,lift
619,4.036088,0,0,3.835148,0.05878,0.009136,0.038518,0.009278,8,2471.624756,2.896353,4.888528,2.63177,3.685593,0.138346,lift
620,4.20258,0,0,3.958726,0.068233,0.008672,0.039115,0.018574,8,2471.624756,2.896353,4.888528,2.63177,3.805383,0.139498,lift
621,14.589175,1,10.471573,14.376099,0.06165,0.009975,0.039508,0.010157,8,2471.624756,2.815767,4.801297,2.479835,3.696416,0.138806,lift
622,4.192803,0,0,3.979796,0.063596,0.009481,0.042316,0.010001,8,2471.624756,2.815767,4.801297,2.479835,3.828829,0.138915,lift
623,3.986631,0,0,3.756297,0.045651,0.005569,0.032826,0.006681,8,2471.624756,2.815767,4.801297,2.479835,3.608481,0.137172,lift
624,14.786198,1,10.657839,14.571433,0.061279,0.009076,0.040355,0.009925,8,2471.624756,2.774225,4.933045,2.573556,3.71091,0.130957,lift
625,4.59689,0,0,4.383186,0.059629,0.009155,0.038836,0.009829,8,2471.624756,2.774225,4.933045,2.573556,4.240991,0.13024,lift
626,4.107207,0,0,3.91756,0.04537,0.005569,0.032233,0.006825,8,2471.624756,2.774225,4.933045,2.573556,3.776917,0.129452,lift
627,14.718791,1,10.54843,14.530501,0.047833,0.006145,0.033505,0.007411,8,2471.624756,2.830603,4.843084,2.493797,3.781587,0.134373,lift
628,3.984454,0,0,3.798783,0.04964,0.006637,0.034652,0.007474,8,2471.624756,2.830603,4.843084,2.493797,3.654603,0.133553,lift
629,4.094066,0,0,3.874102,0.058915,0.007947,0.040634,0.008688,8,2471.624756,2.830603,4.843084,2.493797,3.726809,0.135118,lift
630,14.953355,1,10.717018,14.748539,0.049592,0.006726,0.034092,0.007733,8,2471.624756,2.770326,4.810278,2.729443,3.737957,0.213414,lift
631,3.98995,0,0,3.786308,0.061725,0.009572,0.039847,0.01035,8,2471.624756,2.770326,4.810278,2.729443,3.636427,0.138464,lift
632,3.965759,0,0,3.782805,0.04725,0.006283,0.033144,0.007022,8,2471.624756,2.770326,4.810278,2.729443,3.634024,0.137578,lift
633,15.037406,1,10.621317,14.814507,0.060574,0.008996,0.039449,0.009912,8,2471.624756,2.744233,4.984114,2.520668,3.98177,0.139541,lift
634,4.141802,0,0,3.933209,0.061718,0.009744,0.039278,0.010605,8,2471.624756,2.744233,4.984114,2.520668,3.780018,0.140201,lift
635,3.943334,0,0,3.748082,0.05228,0.007755,0.035031,0.008201,8,2471.624756,2.744233,4.984114,2.520668,3.597418,0.138159,lift
636,15.149042,1,11.006419,14.920754,0.047801,0.006279,0.033652,0.006903,8,2471.624756,2.880971,5.195072,2.561302,3.699832,0.144059,lift
637,4.208488,0,0,4.000097,0.060072,0.009468,0.039098,0.009756,8,2471.624756,2.880971,5.195072,2.561302,3.850917,0.137531,lift
638,3.940504,0,0,3.755676,0.048357,0.006159,0.03438,0.007026,8,2471.624756,2.880971,5.195072,2.561302,3.606614,0.137491,lift
639,15.060373,1,10.738304,14.850561,0.060242,0.009457,0.038665,0.010191,8,2471.624756,2.799335,5.015379,2.554497,3.904173,0.138332,lift
640,3.901374,0,0,3.63217,0.062297,0.009072,0.040585,0.010731,8,2471.624756,2.799335,5.015379,2.554497,3.47867,0.14004,lift
641,3.706331,0,0,3.498635,0.058505,0.008763,0.038132,0.009638,8,2471.624756,2.799335,5.015379,2.554497,3.346736,0.138196,lift
642,15.324748,1,11.570543,15.071872,0.061603,0.0093,0.039864,0.010019,8,2471.624756,2.968244,5.530812,2.656263,3.323674,0.103421,lift
643,3.708003,0,0,3.497527,0.060986,0.009292,0.039149,0.010647,8,2471.624756,2.968244,5.530812,2.656263,3.379075,0.105796,lift
644,3.472827,0,0,3.288148,0.047478,0.006274,0.033212,0.0073,8,2471.624756,2.968244,5.530812,2.656263,3.175549,0.10105,lift
645,14.829349,1,11.230166,14.60117,0.061594,0.009298,0.040023,0.010336,8,2471.624756,2.985107,5.259814,2.617688,3.194411,0.103637,lift
646,4.016999,0,0,3.775088,0.062166,0.009234,0.03996,0.010997,8,2471.624756,2.985107,5.259814,2.617688,3.661327,0.10091,lift
647,3.559204,0,0,3.368339,0.04637,0.005422,0.033601,0.006546,8,2471.624756,2.985107,5.259814,2.617688,3.256983,0.100458,lift
648,14.851856,1,11.104279,14.618904,0.061659,0.009292,0.039878,0.010294,8,2471.624756,2.790043,5.089546,2.852587,3.341551,0.10049,lift
649,3.497505,0,0,3.282793,0.061906,0.009084,0.040273,0.010561,8,2471.624756,2.790043,5.089546,2.852587,3.172196,0.097849,lift
650,3.420794,0,0,3.237373,0.045631,0.005302,0.032665,0.006875,8,2471.624756,2.790043,5.089546,2.852587,3.129183,0.097341,lift
651,14.635206,1,11.075577,14.407152,0.061978,0.011415,0.039266,0.009536,8,2471.624756,2.809759,5.255895,2.643588,3.15914,0.1008,lift
652,2.767538,0,0,2.546071,0.062863,0.00956,0.040571,0.010729,8,2471.624756,2.809759,5.255895,2.643588,2.436834,0.097364,lift
653,2.86585,0,0,2.678776,0.046181,0.005565,0.033101,0.006631,8,2471.624756,2.809759,5.255895,2.643588,2.57023,0.096935,lift
654,14.04925,1,11.128214,13.790765,0.060912,0.009149,0.039281,0.010282,8,2471.624756,2.911994,5.202509,2.604842,2.488414,0.099205,lift
655,2.859043,0,0,2.648307,0.062225,0.010343,0.039205,0.01075,8,2471.624756,2.911994,5.202509,2.604842,2.539147,0.09718,lift
656,2.737852,0,0,2.545116,0.044361,0.005256,0.032189,0.006296,8,2471.624756,2.911994,5.202509,2.604842,2.43796,0.096241,lift
657,14.080737,1,11.102817,13.827257,0.061536,0.009277,0.039473,0.0105,8,2471.624756,2.826094,5.057357,2.731359,2.473535,0.14144,lift
658,1.239072,0,0,0.99593,0.067379,0.010751,0.042377,0.011816,8,2471.624756,2.826094,5.057357,2.731359,0.869725,0.113517,lift
659,1.261271,0,0,1.065987,0.049144,0.006023,0.034286,0.007801,8,2471.624756,2.826094,5.057357,2.731359,0.955285,0.098127,lift
660,12.365768,1,11.037836,12.130251,0.062407,0.009453,0.040159,0.01043,8,2471.624756,2.850742,5.097558,2.703383,0.902208,0.119973,lift
661,0.66652,0,0,0.457996,0.061602,0.009611,0.04013,0.009998,8,2471.624756,2.850742,5.097558,2.703383,0.34924,0.096691,lift
662,0.624063,0,0,0.408002,0.045057,0.004906,0.032878,0.006739,8,2471.624756,2.850742,5.097558,2.703383,0.301354,0.095931,lift
663,11.988817,1,11.171854,11.734439,0.064441,0.010047,0.041622,0.010368,8,2471.624756,3.011411,5.097879,2.648888,0.367239,0.113855,lift
664,0.657403,0,0,0.450259,0.062492,0.00897,0.040603,0.010958,8,2471.624756,3.011411,5.097879,2.648888,0.342987,0.096051,lift
665,0.590558,0,0,0.405662,0.042143,0.005011,0.030161,0.006452,8,2471.624756,3.011411,5.097879,2.648888,0.299292,0.095924,lift
666,12.395744,1,11.490871,12.109382,0.075562,0.011591,0.048783,0.01233,8,2471.624756,2.95142,5.331588,2.791519,0.420504,0.099017,lift
667,1.117651,0,0,0.781064,0.109038,0.015163,0.072521,0.018525,8,2471.624756,2.95142,5.331588,2.791519,0.581817,0.181821,lift
668,1.040084,0,0,0.744419,0.082273,0.00882,0.059703,0.0126,8,2471.624756,2.95142,5.331588,2.791519,0.548938,0.179886,lift
669,15.955142,1,15.038968,15.63882,0.064194,0.009708,0.041378,0.010766,8,2471.624756,3.506103,7.351211,3.611524,0.344267,0.15848,lift
670,0.761486,0,0,0.504359,0.110822,0.011259,0.083614,0.011088,8,2471.624756,3.506103,7.351211,3.611524,0.39549,0.097197,lift
671,0.772655,0,0,0.485157,0.113601,0.005349,0.029752,0.077869,8,2471.624756,3.506103,7.351211,3.611524,0.298186,0.176315,lift
672,12.79105,1,11.978683,12.508489,0.066435,0.009662,0.043544,0.010907,8,2471.624756,3.091921,5.806761,2.712816,0.35173,0.101958,lift
673,0.675814,0,0,0.455313,0.065716,0.01001,0.042062,0.011516,8,2471.624756,3.091921,5.806761,2.712816,0.346224,0.096811,lift
674,0.656281,0,0,0.47352,0.043403,0.005545,0.030694,0.006604,8,2471.624756,3.091921,5.806761,2.712816,0.367193,0.095188,lift
675,12.67045,1,11.828082,12.414746,0.064154,0.010558,0.041182,0.01009,8,2471.624756,3.052832,5.320954,3.012805,0.373487,0.128495,lift
676,0.730646,0,0,0.466749,0.102015,0.010775,0.070199,0.018805,8,2471.624756,3.052832,5.320954,3.012805,0.360504,0.094512,lift
677,0.719223,0,0,0.477634,0.063837,0.010054,0.040765,0.010472,8,2471.624756,3.052832,5.320954,3.012805,0.368706,0.095554,lift
678,12.702537,1,11.681123,12.33487,0.068421,0.009927,0.044249,0.01191,8,2471.624756,3.021615,5.603333,2.642862,0.372526,0.174253,lift
679,0.655332,0,0,0.437318,0.064585,0.009598,0.041782,0.011076,8,2471.624756,3.021615,5.603333,2.642862,0.325555,0.099972,lift
680,0.603345,0,0,0.41133,0.052498,0.00688,0.035755,0.00859,8,2471.624756,3.021615,5.603333,2.642862,0.304984,0.094265,lift
681,11.566967,1,10.819068,11.332178,0.068168,0.010404,0.044028,0.011349,8,2471.624756,2.716694,4.910246,2.735235,0.34213,0.097467,lift
682,0.723862,0,0,0.511974,0.063332,0.009596,0.040779,0.010414,8,2471.624756,2.716694,4.910246,2.735235,0.377506,0.122221,lift
683,0.724532,0,0,0.49841,0.062741,0.008677,0.041851,0.010148,8,2471.624756,2.716694,4.910246,2.735235,0.340395,0.144924,lift
684,11.787734,1,11.031616,11.557383,0.062134,0.008643,0.041146,0.010282,8,2471.624756,2.922564,5.17602,2.572235,0.354924,0.097593,lift
685,0.653258,0,0,0.433788,0.062887,0.009678,0.040228,0.01074,8,2471.624756,2.922564,5.17602,2.572235,0.309672,0.112774,lift
686,0.651369,0,0,0.456112,0.053663,0.00709,0.037103,0.008266,8,2471.624756,2.922564,5.17602,2.572235,0.340841,0.103777,lift
687,11.48263,1,10.71231,11.262947,0.061401,0.009467,0.039351,0.010422,8,2471.624756,2.819906,5.018753,2.499351,0.387375,0.095277,lift
688,0.627322,0,0,0.419175,0.063,0.009958,0.040312,0.01063,8,2471.624756,2.819906,5.018753,2.499351,0.31404,0.093433,lift
689,0.598909,0,0,0.404286,0.056437,0.013057,0.034357,0.008045,8,2471.624756,2.819906,5.018753,2.499351,0.299189,0.093344,lift
690,11.58449,1,10.880329,11.365364,0.059817,0.008974,0.03928,0.009691,8,2471.624756,2.91756,5.024202,2.576966,0.32058,0.094203,lift
691,0.617706,0,0,0.407641,0.060398,0.009026,0.038741,0.010606,8,2471.624756,2.91756,5.024202,2.576966,0.304806,0.091956,lift
692,0.661182,0,0,0.453367,0.059948,0.008754,0.039182,0.01005,8,2471.624756,2.91756,5.024202,2.576966,0.347843,0.092999,lift
693,11.474141,1,10.776853,11.25532,0.061778,0.009684,0.039616,0.010222,8,2471.624756,2.768526,5.038336,2.611791,0.314309,0.094774,lift
694,0.631443,0,0,0.425144,0.061474,0.009293,0.040019,0.010052,8,2471.624756,2.768526,5.038336,2.611791,0.312957,0.100564,lift
695,0.600625,0,0,0.414747,0.048751,0.006209,0.034041,0.007687,8,2471.624756,2.768526,5.038336,2.611791,0.311164,0.092325,lift
696,11.739634,1,11.065241,11.534976,0.047089,0.006005,0.033175,0.007174,8,2471.624756,2.852496,5.285017,2.562314,0.307748,0.095385,lift
697,0.611134,0,0,0.406028,0.066144,0.00941,0.03831,0.016587,8,2471.624756,2.852496,5.285017,2.562314,0.301797,0.092859,lift
698,0.619633,0,0,0.420349,0.055111,0.008448,0.036699,0.008576,8,2471.624756,2.852496,5.285017,2.562314,0.315335,0.092904,lift
699,11.317929,1,10.611995,11.102177,0.062455,0.009903,0.04023,0.01021,8,2471.624756,2.767538,4.832766,2.655226,0.327282,0.093448,lift
700,0.869881,0,0,0.597519,0.077335,0.011444,0.051601,0.012064,8,2471.624756,2.767538,4.832766,2.655226,0.442135,0.139597,lift
701,0.771093,0,0,0.511243,0.055856,0.006992,0.038898,0.009042,8,2471.624756,2.767538,4.832766,2.655226,0.378831,0.117968,lift
702,11.916695,1,11.132761,11.601685,0.057331,0.008431,0.037734,0.009386,8,2471.624756,2.810956,5.325505,2.615484,0.305974,0.094358,lift
703,0.603265,0,0,0.403854,0.059289,0.009166,0.038489,0.009634,8,2471.624756,2.810956,5.325505,2.615484,0.301221,0.091552,lift
704,0.618015,0,0,0.431397,0.051741,0.005155,0.039739,0.006308,8,2471.624756,2.810956,5.325505,2.615484,0.309999,0.110784,lift
705,11.209389,1,10.525231,11.002125,0.060047,0.009032,0.039247,0.009773,8,2471.624756,2.739144,4.936915,2.492807,0.315301,0.092982,lift
706,0.619728,0,0,0.413051,0.062143,0.009459,0.039649,0.010859,8,2471.624756,2.739144,4.936915,2.492807,0.30882,0.092832,lift
707,0.580232,0,0,0.393888,0.042104,0.005108,0.030072,0.00632,8,2471.624756,2.739144,4.936915,2.492807,0.292225,0.091286,lift
708,11.914579,1,11.242483,11.707132,0.047571,0.006268,0.032886,0.007738,8,2471.624756,2.929421,5.238537,2.717019,0.303218,0.095335,lift
709,0.659205,0,0,0.45815,0.059128,0.009258,0.038476,0.009267,8,2471.624756,2.929421,5.238537,2.717019,0.354474,0.092673,lift
710,0.594264,0,0,0.41697,0.041678,0.005164,0.029414,0.006285,8,2471.624756,2.929421,5.238537,2.717019,0.294928,0.111752,lift
711,11.676175,1,10.940016,11.460167,0.06007,0.009146,0.038862,0.010038,8,2471.624756,2.732716,4.982915,2.786398,0.354659,0.095598,lift
712,0.624599,0,0,0.420915,0.061057,0.009298,0.03945,0.010253,8,2471.624756,2.732716,4.982915,2.786398,0.315572,0.094224,lift
713,0.62599,0,0,0.439645,0.045663,0.005406,0.03329,0.006413,8,2471.624756,2.732716,4.982915,2.786398,0.322037,0.106895,lift
714,11.437025,1,10.739883,11.232134,0.05568,0.007656,0.038247,0.008382,8,2471.624756,2.803994,5.011031,2.565533,0.330795,0.096086,lift
715,0.787735,0,0,0.532403,0.074733,0.011367,0.04885,0.012455,8,2471.624756,2.803994,5.011031,2.565533,0.395503,0.12304,lift
716,0.791654,0,0,0.558342,0.057361,0.00684,0.041408,0.00837,8,2471.624756,2.803994,5.011031,2.565533,0.423084,0.122043,lift
717,11.436937,1,10.737537,11.221495,0.060113,0.009605,0.038792,0.009844,8,2471.624756,2.908723,4.834751,2.51282,0.315954,0.097982,lift
718,0.646668,0,0,0.451011,0.053649,0.007676,0.036699,0.007993,8,2471.624756,2.908723,4.834751,2.51282,0.329882,0.110547,lift
719,0.612111,0,0,0.417176,0.053766,0.00714,0.036039,0.008985,8,2471.624756,2.908723,4.834751,2.51282,0.309113,0.095467,lift
720,12.134398,1,11.429285,11.921097,0.049489,0.006308,0.034667,0.00772,8,2471.624756,2.909289,5.277272,2.845033,0.325454,0.09869,lift
721,0.72865,0,0,0.505308,0.065619,0.010123,0.042372,0.010675,8,2471.624756,2.909289,5.277272,2.845033,0.395529,0.097018,lift
722,0.676778,0,0,0.459282,0.06206,0.009852,0.039552,0.010172,8,2471.624756,2.909289,5.277272,2.845033,0.346986,0.097978,lift
723,11.526228,1,10.83004,11.313378,0.061772,0.009285,0.0396,0.010592,8,2471.624756,2.874895,5.016348,2.57771,0.317959,0.097802,lift
724,0.916425,0,0,0.664785,0.067986,0.010131,0.044345,0.011254,8,2471.624756,2.874895,5.016348,2.57771,0.540998,0.110151,lift
725,0.669418,0,0,0.444099,0.055288,0.007534,0.037238,0.008947,8,2471.624756,2.874895,5.016348,2.57771,0.335225,0.096284,lift
726,13.087269,1,12.299545,12.860559,0.0522,0.006627,0.036918,0.007682,8,2471.624756,3.138208,5.599634,3.08256,0.337462,0.145815,lift
727,0.623559,0,0,0.420225,0.060769,0.009028,0.039421,0.010322,8,2471.624756,3.138208,5.599634,3.08256,0.311105,0.097887,lift
728,0.643859,0,0,0.453194,0.05021,0.006121,0.035693,0.007625,8,2471.624756,3.138208,5.599634,3.08256,0.33268,0.109069,lift
729,11.495805,1,10.698591,11.233622,0.066398,0.009719,0.043543,0.010639,8,2471.624756,2.816958,4.911661,2.59909,0.356872,0.103801,lift
730,0.719936,0,0,0.49842,0.064464,0.010195,0.041609,0.010581,8,2471.624756,2.816958,4.911661,2.59909,0.362844,0.112394,lift
731,0.718215,0,0,0.492549,0.067654,0.010591,0.043066,0.01124,8,2471.624756,2.816958,4.911661,2.59909,0.374278,0.103886,lift
732,12.309037,1,11.530866,12.044975,0.068082,0.01079,0.04373,0.011361,8,2471.624756,2.960704,5.293558,2.852809,0.332249,0.104428,lift
733,0.721794,0,0,0.49385,0.063856,0.010264,0.040756,0.010731,8,2471.624756,2.960704,5.293558,2.852809,0.370142,0.111252,lift
734,0.651791,0,0,0.434246,0.062231,0.009735,0.040235,0.010137,8,2471.624756,2.960704,5.293558,2.852809,0.320473,0.100641,lift
735,12.104688,1,11.360716,11.866535,0.061256,0.009141,0.039966,0.009932,8,2471.624756,3.043963,5.299166,2.625418,0.327326,0.10245,lift
736,0.737163,0,0,0.498701,0.065672,0.010385,0.041136,0.011486,8,2471.624756,3.043963,5.299166,2.625418,0.363846,0.122185,lift
737,0.657855,0,0,0.44972,0.046237,0.005513,0.033016,0.007009,8,2471.624756,3.043963,5.299166,2.625418,0.299694,0.138407,lift
738,12.760841,1,11.918194,12.469462,0.096092,0.020444,0.061498,0.01148,8,2471.624756,3.053338,5.504728,2.98713,0.370007,0.102623,lift
739,0.649615,0,0,0.431769,0.067104,0.010807,0.042851,0.011061,8,2471.624756,3.053338,5.504728,2.98713,0.31938,0.099262,lift
740,0.694319,0,0,0.501092,0.054134,0.014519,0.031798,0.007035,8,2471.624756,3.053338,5.504728,2.98713,0.391761,0.09779,lift
741,11.532158,1,10.832468,11.317079,0.061777,0.009045,0.040044,0.010528,8,2471.624756,2.846774,5.054526,2.509857,0.314673,0.10156,lift
742,0.657261,0,0,0.448493,0.062258,0.009611,0.040587,0.010127,8,2471.624756,2.846774,5.054526,2.509857,0.336462,0.100413,lift
743,0.586609,0,0,0.408128,0.041702,0.005121,0.029647,0.006411,8,2471.624756,2.846774,5.054526,2.509857,0.298794,0.098793,lift
744,12.564561,1,11.770047,12.330312,0.061741,0.00799,0.043018,0.009858,8,2471.624756,3.24808,5.558834,2.600087,0.387525,0.100978,lift
745,0.642255,0,0,0.442993,0.05938,0.009024,0.039775,0.008805,8,2471.624756,3.24808,5.558834,2.600087,0.333822,0.097785,lift
746,0.661711,0,0,0.43773,0.07813,0.005643,0.029773,0.042068,8,2471.624756,3.24808,5.558834,2.600087,0.329791,0.097199,lift
747,13.924601,1,13.049225,13.671284,0.07576,0.01086,0.050802,0.012094,8,2471.624756,3.141979,6.67972,2.811409,0.446139,0.10006,lift
748,0.650179,0,0,0.446636,0.057569,0.008439,0.038315,0.008975,8,2471.624756,3.141979,6.67972,2.811409,0.339206,0.095818,lift
749,0.604542,0,0,0.414967,0.050087,0.006947,0.03375,0.008413,8,2471.624756,3.141979,6.67972,2.811409,0.299971,0.10316,lift
750,11.808032,1,11.053596,11.597263,0.059156,0.007852,0.041596,0.008645,8,2471.624756,2.944347,5.202774,2.544665,0.380568,0.096187,carry
751,0.694184,0,0,0.485892,0.061668,0.009129,0.040238,0.01039,8,2471.624756,2.944347,5.202774,2.544665,0.378775,0.095398,carry
752,0.625503,0,0,0.404423,0.049184,0.006852,0.033853,0.007617,8,2471.624756,2.944347,5.202774,2.544665,0.298214,0.094947,carry
753,11.501041,1,10.759997,11.277125,0.060817,0.009263,0.039333,0.010102,8,2471.624756,2.763784,5.012439,2.579491,0.352992,0.097238,carry
754,0.616328,0,0,0.41578,0.057836,0.009397,0.037731,0.009161,8,2471.624756,2.763784,5.012439,2.579491,0.307823,0.096062,carry
755,0.7515,0,0,0.500003,0.068139,0.010207,0.044703,0.010992,8,2471.624756,2.763784,5.012439,2.579491,0.371731,0.113067,carry
756,11.700727,1,10.832909,11.478453,0.063669,0.008634,0.044833,0.009034,8,2471.624756,2.875952,5.082513,2.507342,0.419561,0.156115,carry
757,0.629381,0,0,0.420681,0.061616,0.009728,0.039567,0.010416,8,2471.624756,2.875952,5.082513,2.507342,0.312617,0.096608,carry
758,0.751675,0,0,0.519052,0.061411,0.008259,0.042596,0.00962,8,2471.624756,2.875952,5.082513,2.507342,0.375629,0.129254,carry
759,13.406347,1,12.715325,13.192782,0.059675,0.009112,0.03924,0.009251,8,2471.624756,3.371236,5.96755,3.010499,0.31386,0.09629,carry
760,0.649267,0,0,0.434343,0.061946,0.010142,0.040653,0.009585,8,2471.624756,3.371236,5.96755,3.010499,0.326804,0.095883,carry
761,0.774409,0,0,0.528616,0.057726,0.00872,0.038325,0.009503,8,2471.624756,3.371236,5.96755,3.010499,0.391661,0.12222,carry
762,14.354228,1,13.566031,14.122284,0.06289,0.008345,0.043165,0.010298,8,2471.624756,3.359476,6.016593,3.812274,0.400132,0.084241,carry
763,0.601866,0,0,0.392463,0.061229,0.01011,0.039616,0.009725,8,2471.624756,3.359476,6.016593,3.812274,0.309264,0.072089,carry
764,0.722602,0,0,0.49186,0.059858,0.008187,0.041994,0.008698,8,2471.624756,3.359476,6.016593,3.812274,0.388267,0.089879,carry
765,14.211375,1,13.400694,13.961802,0.083281,0.011594,0.057811,0.011685,8,2471.624756,3.166795,6.164657,3.69869,0.416486,0.073181,carry
766,0.643874,0,0,0.403153,0.092709,0.010034,0.070311,0.010538,8,2471.624756,3.166795,6.164657,3.69869,0.317586,0.073534,carry
767,0.733425,0,0,0.496174,0.065141,0.00793,0.047333,0.008868,8,2471.624756,3.166795,6.164657,3.69869,0.391504,0.090541,carry
768,14.461864,1,13.261525,14.133083,0.119787,0.013292,0.090755,0.01437,8,2471.624756,3.10553,6.009284,3.773723,0.685001,0.074062,carry
769,0.746981,0,0,0.532586,0.073554,0.010369,0.05079,0.010555,8,2471.624756,3.10553,6.009284,3.773723,0.450082,0.071233,carry
770,0.66717,0,0,0.458333,0.0603,0.005758,0.047532,0.006469,8,2471.624756,3.10553,6.009284,3.773723,0.376611,0.071071,carry
771,13.772928,1,12.705709,13.513926,0.10116,0.011583,0.075195,0.012327,8,2471.624756,3.04644,5.928728,3.363617,0.665942,0.072963,carry
772,0.872539,0,0,0.638588,0.084247,0.010789,0.061283,0.010085,8,2471.624756,3.04644,5.928728,3.363617,0.555714,0.071881,carry
773,0.856333,0,0,0.64529,0.071561,0.006048,0.057818,0.007081,8,2471.624756,3.04644,5.928728,3.363617,0.55766,0.076919,carry
774,13.656012,1,12.54498,13.389856,0.1008,0.008341,0.076163,0.015425,8,2471.624756,3.058673,5.50077,3.616852,0.7005,0.07499,carry
775,0.833089,0,0,0.597828,0.094614,0.010377,0.072221,0.009943,8,2471.624756,3.058673,5.50077,3.616852,0.514439,0.0726,carry
776,0.867513,0,0,0.619102,0.105643,0.006019,0.074651,0.024348,8,2471.624756,3.058673,5.50077,3.616852,0.536263,0.072554,carry
777,13.0988,1,11.978819,12.743974,0.19957,0.011696,0.1179,0.06793,8,2471.624756,2.967403,5.026048,3.61332,0.618045,0.079068,carry
778,1.611545,0,0,0.486415,0.983543,0.01299,0.098773,0.869874,8,2471.624756,2.967403,5.026048,3.61332,0.396925,0.07828,carry
779,1.743574,0,0,0.428958,1.176216,0.005078,0.093627,1.07693,8,2471.624756,2.967403,5.026048,3.61332,0.340539,0.078258,carry
780,13.996434,1,11.731795,12.305082,1.51877,0.006139,0.15488,1.356842,8,2471.624756,2.978306,5.453524,2.93774,0.417831,0.081578,carry
781,3.035787,0,0,0.478489,2.417486,0.00764,0.114917,2.29302,8,2471.624756,2.978306,5.453524,2.93774,0.380333,0.086775,carry
782,1.683727,0,0,0.500998,1.045088,0.005603,0.105949,0.93297,8,2471.624756,2.978306,5.453524,2.93774,0.411788,0.078836,carry
783,12.775788,1,10.947788,11.504314,1.115078,0.007445,0.221346,0.884286,8,2471.624756,2.891654,4.928716,2.766901,0.3847,0.093801,carry
784,2.638755,0,0,0.570199,1.913446,0.008861,0.133187,1.769242,8,2471.624756,2.891654,4.928716,2.766901,0.4782,0.080048,carry
785,1.328016,0,0,0.436496,0.734278,0.005796,0.103477,0.624343,8,2471.624756,2.891654,4.928716,2.766901,0.347819,0.078412,carry
786,14.317388,1,12.625989,13.244258,0.892211,0.00961,0.139384,0.740332,8,2471.624756,3.26782,5.731287,3.219798,0.460497,0.080578,carry
787,3.265747,0,0,0.436699,2.460504,0.007978,0.114601,2.336231,8,2471.624756,3.26782,5.731287,3.219798,0.345711,0.079394,carry
788,1.942826,0,0,0.405641,1.182628,0.005705,0.126014,1.050198,8,2471.624756,3.26782,5.731287,3.219798,0.314399,0.079343,carry
789,15.214384,1,12.980893,13.599477,1.300622,0.007645,0.143037,1.14814,8,2471.624756,3.188036,6.07369,3.350836,0.41009,0.105427,carry
790,2.18166,0,0,0.590805,1.31102,0.008074,0.135999,1.165265,8,2471.624756,3.188036,6.07369,3.350836,0.313992,0.265491,carry
791,2.937657,0,0,0.431324,2.232582,0.006178,0.101741,2.123781,8,2471.624756,3.188036,6.07369,3.350836,0.315309,0.10383,carry
792,14.009461,1,10.86461,11.391985,2.341702,0.006617,0.113734,2.220417,8,2471.624756,2.778128,4.987685,2.736079,0.356606,0.10565,carry
793,2.92704,0,0,0.476961,2.165186,0.008496,0.118635,2.035425,8,2471.624756,2.778128,4.987685,2.736079,0.355557,0.108125,carry
794,1.705956,0,0,0.47382,0.961182,0.00617,0.11746,0.836373,8,2471.624756,2.778128,4.987685,2.736079,0.35367,0.107503,carry
795,16.487563,1,14.059709,14.732573,1.412809,0.007659,0.109609,1.293312,8,2471.624756,3.347382,6.799007,3.516123,0.374315,0.119271,carry
796,2.117121,0,0,0.515861,1.313785,0.0083,0.17373,1.129447,8,2471.624756,3.347382,6.799007,3.516123,0.395934,0.106919,carry
797,1.486872,0,0,0.470949,0.689445,0.009503,0.100893,0.576909,8,2471.624756,3.347382,6.799007,3.516123,0.337866,0.117236,carry
798,13.033825,1,11.531932,12.112253,0.594061,0.00837,0.102561,0.48011,8,2471.624756,2.892319,5.152372,3.084562,0.388772,0.111955,carry
799,1.354212,0,0,0.457526,0.616828,0.00831,0.098789,0.507661,8,2471.624756,2.892319,5.152372,3.084562,0.337052,0.108537,carry
800,1.372419,0,0,0.453765,0.638953,0.007466,0.098203,0.53183,8,2471.624756,2.892319,5.152372,3.084562,0.328477,0.111975,carry
801,12.894736,1,11.708824,12.312842,0.202144,0.011531,0.09778,0.090302,8,2471.624756,2.895088,5.298227,3.093154,0.365372,0.14928,carry
802,1.1243,0,0,0.52029,0.266626,0.009898,0.139501,0.114673,8,2471.624756,2.895088,5.298227,3.093154,0.392689,0.114577,carry
803,1.020342,0,0,0.503673,0.230735,0.009762,0.108168,0.110327,8,2471.624756,2.895088,5.298227,3.093154,0.373975,0.115842,carry
804,12.566102,1,11.36398,11.993603,0.23721,0.010818,0.101983,0.122173,8,2471.624756,2.793445,5.271249,2.923751,0.420507,0.116704,carry
805,0.92874,0,0,0.48844,0.164897,0.009449,0.088429,0.065187,8,2471.624756,2.793445,5.271249,2.923751,0.363033,0.113612,carry
806,0.857191,0,0,0.4535,0.136076,0.006964,0.078364,0.049913,8,2471.624756,2.793445,5.271249,2.923751,0.32064,0.121341,carry
807,11.657484,1,10.728586,11.243904,0.132805,0.009065,0.081759,0.040123,8,2471.624756,2.802419,4.855567,2.712274,0.332143,0.116134,carry
808,1.105953,0,0,0.675805,0.113706,0.010534,0.072528,0.028225,8,2471.624756,2.802419,4.855567,2.712274,0.547182,0.116518,carry
809,0.829326,0,0,0.461001,0.098802,0.006666,0.067472,0.023653,8,2471.624756,2.802419,4.855567,2.712274,0.333488,0.11599,carry
810,12.186767,1,11.190091,11.733633,0.106006,0.006786,0.072862,0.025579,8,2471.624756,2.794483,5.444128,2.594209,0.354061,0.123558,carry
811,0.885716,0,0,0.492781,0.113022,0.009723,0.071041,0.030213,8,2471.624756,2.794483,5.444128,2.594209,0.364583,0.11679,carry
812,1.030454,0,0,0.561172,0.123749,0.008532,0.082866,0.031307,8,2471.624756,2.794483,5.444128,2.594209,0.40182,0.145501,carry
813,11.699771,1,10.786799,11.305184,0.110291,0.008882,0.071113,0.02852,8,2471.624756,2.806902,4.944533,2.672418,0.331893,0.119113,carry
814,0.902717,0,0,0.48874,0.121822,0.009725,0.071701,0.038264,8,2471.624756,2.806902,4.944533,2.672418,0.358685,0.118951,carry
815,0.890379,0,0,0.453024,0.098958,0.006432,0.065895,0.024812,8,2471.624756,2.806902,4.944533,2.672418,0.323524,0.118065,carry
816,11.806342,1,10.934787,11.448348,0.07202,0.006222,0.056419,0.008576,8,2471.624756,2.713409,4.954418,2.902155,0.320623,0.126727,carry
817,0.825224,0,0,0.465627,0.083216,0.009604,0.059557,0.01203,8,2471.624756,2.713409,4.954418,2.902155,0.336687,0.117611,carry
818,0.791714,0,0,0.450645,0.072392,0.006086,0.056515,0.00893,8,2471.624756,2.713409,4.954418,2.902155,0.322413,0.116748,carry
819,11.856275,1,10.902658,11.481582,0.088926,0.008595,0.066824,0.011334,8,2471.624756,2.789669,5.146938,2.600807,0.368482,0.130819,carry
820,0.832777,0,0,0.461161,0.087889,0.010657,0.062714,0.012444,8,2471.624756,2.789669,5.146938,2.600807,0.332951,0.116867,carry
821,0.899313,0,0,0.47915,0.067882,0.00566,0.053959,0.007575,8,2471.624756,2.789669,5.146938,2.600807,0.352649,0.115727,carry
822,12.820645,1,11.787733,12.415547,0.093022,0.008079,0.072487,0.011439,8,2471.624756,3.229047,5.543353,2.650595,0.415841,0.119279,carry
823,0.899289,0,0,0.454392,0.08135,0.009341,0.059288,0.010892,8,2471.624756,3.229047,5.543353,2.650595,0.326355,0.116747,carry
824,0.848154,0,0,0.499748,0.072097,0.006526,0.057048,0.007776,8,2471.624756,3.229047,5.543353,2.650595,0.353022,0.135693,carry
825,12.081816,1,11.173467,11.69417,0.08439,0.009598,0.061641,0.011027,8,2471.624756,2.764183,4.896672,3.139253,0.335475,0.119083,carry
826,0.944147,0,0,0.500015,0.088373,0.009844,0.06471,0.011991,8,2471.624756,2.764183,4.896672,3.139253,0.369909,0.11858,carry
827,0.836548,0,0,0.473512,0.068183,0.005693,0.054217,0.007601,8,2471.624756,2.764183,4.896672,3.139253,0.345328,0.116989,carry
828,12.657802,1,11.748446,12.258062,0.071954,0.006374,0.056241,0.008617,8,2471.624756,2.791401,5.122671,3.47138,0.322825,0.120284,carry
829,0.823405,0,0,0.46566,0.085337,0.010576,0.061734,0.011017,8,2471.624756,2.791401,5.122671,3.47138,0.336924,0.117445,carry
830,0.846551,0,0,0.502294,0.068416,0.005461,0.054643,0.007654,8,2471.624756,2.791401,5.122671,3.47138,0.363635,0.128051,carry
831,12.351323,1,11.404338,11.9422,0.084569,0.009049,0.062741,0.011018,8,2471.624756,2.743487,4.968457,3.320906,0.341933,0.119692,carry
832,0.836635,0,0,0.468435,0.085455,0.009188,0.062435,0.011868,8,2471.624756,2.743487,4.968457,3.320906,0.337374,0.119279,carry
833,0.830579,0,0,0.494262,0.067548,0.005467,0.054077,0.007432,8,2471.624756,2.743487,4.968457,3.320906,0.343356,0.139846,carry
834,12.418858,1,11.463238,12.017331,0.120047,0.019549,0.086338,0.012252,8,2471.624756,2.732901,4.92781,3.432255,0.352451,0.123385,carry
835,1.018978,0,0,0.581844,0.098287,0.010422,0.07342,0.012525,8,2471.624756,2.732901,4.92781,3.432255,0.419254,0.148591,carry
836,1.06155,0,0,0.627906,0.093396,0.007173,0.076093,0.00932,8,2471.624756,2.732901,4.92781,3.432255,0.449665,0.164435,carry
837,13.125411,1,12.089994,12.68931,0.090057,0.009356,0.067904,0.010988,8,2471.624756,2.79933,5.229922,3.617533,0.371125,0.148505,carry
838,0.971366,0,0,0.554784,0.096855,0.009841,0.072965,0.0124,8,2471.624756,2.79933,5.229922,3.617533,0.396764,0.144794,carry
839,0.843361,0,0,0.474595,0.079211,0.008607,0.059389,0.009675,8,2471.624756,2.79933,5.229922,3.617533,0.345498,0.117153,carry
840,12.694637,1,11.819575,12.330661,0.071672,0.006398,0.056427,0.00795,8,2471.624756,2.758212,5.141659,3.554133,0.325248,0.117612,carry
841,0.844808,0,0,0.488084,0.083567,0.009174,0.062019,0.010419,8,2471.624756,2.758212,5.141659,3.554133,0.354739,0.122121,carry
842,0.940719,0,0,0.576383,0.07844,0.006873,0.061661,0.008951,8,2471.624756,2.758212,5.141659,3.554133,0.438856,0.124792,carry
843,12.511699,1,11.573532,12.147353,0.083792,0.009015,0.062161,0.010841,8,2471.624756,2.801703,5.056213,3.346181,0.388416,0.11857,carry
844,0.801399,0,0,0.443603,0.082854,0.008656,0.06185,0.010754,8,2471.624756,2.801703,5.056213,3.346181,0.319087,0.113695,carry
845,0.819755,0,0,0.453798,0.082914,0.009076,0.061641,0.01019,8,2471.624756,2.801703,5.056213,3.346181,0.327189,0.114383,carry
846,12.693223,1,11.825679,12.335236,0.072994,0.00664,0.057148,0.00826,8,2471.624756,2.817917,5.171626,3.471659,0.324311,0.117318,carry
847,0.894847,0,0,0.474867,0.084431,0.009837,0.060948,0.011789,8,2471.624756,2.817917,5.171626,3.471659,0.323253,0.130463,carry
848,1.023877,0,0,0.590965,0.103688,0.010581,0.079139,0.012313,8,2471.624756,2.817917,5.171626,3.471659,0.420362,0.155749,carry
849,13.981535,1,13.009549,13.586238,0.088391,0.010256,0.064344,0.011326,8,2471.624756,3.146244,5.518374,3.97165,0.346893,0.15641,carry
850,0.99157,0,0,0.539237,0.086963,0.010236,0.06232,0.012422,8,2471.624756,3.146244,5.518374,3.97165,0.397913,0.129833,carry
851,0.831137,0,0,0.475212,0.074772,0.007065,0.057491,0.009082,8,2471.624756,3.146244,5.518374,3.97165,0.348913,0.115116,carry
852,12.664131,1,11.805281,12.306896,0.071677,0.006441,0.05616,0.008363,8,2471.624756,2.798805,5.252237,3.394258,0.318635,0.117638,carry
853,1.02217,0,0,0.586893,0.103847,0.011456,0.076664,0.013632,8,2471.624756,2.798805,5.252237,3.394258,0.433128,0.139639,carry
854,0.958106,0,0,0.537706,0.087213,0.00784,0.068416,0.009782,8,2471.624756,2.798805,5.252237,3.394258,0.384829,0.139222,carry
855,12.586008,1,11.686006,12.21343,0.087351,0.008857,0.066481,0.010151,8,2471.624756,2.783665,5.243143,3.284276,0.334126,0.117343,carry
856,0.864924,0,0,0.475391,0.088361,0.010847,0.0637,0.011745,8,2471.624756,2.783665,5.243143,3.284276,0.344312,0.118568,carry
857,1.101277,0,0,0.621546,0.130294,0.016287,0.094942,0.015941,8,2471.624756,2.783665,5.243143,3.284276,0.473169,0.126619,carry
858,13.18091,1,12.130053,12.773393,0.091734,0.010193,0.067339,0.011382,8,2471.624756,3.061811,5.110549,3.589427,0.450059,0.118248,carry
859,0.911678,0,0,0.495415,0.091258,0.010408,0.065234,0.013006,8,2471.624756,3.061811,5.110549,3.589427,0.366773,0.11608,carry
860,0.861054,0,0,0.512427,0.07808,0.005919,0.063649,0.007759,8,2471.624756,3.061811,5.110549,3.589427,0.386007,0.114215,carry
861,12.731203,1,11.784408,12.310504,0.086619,0.009534,0.063915,0.01119,8,2471.624756,2.820803,5.217525,3.380702,0.337335,0.119635,carry
862,0.858823,0,0,0.495853,0.089563,0.010307,0.064335,0.012754,8,2471.624756,2.820803,5.217525,3.380702,0.332107,0.152445,carry
863,0.818124,0,0,0.440311,0.067383,0.005642,0.053463,0.007658,8,2471.624756,2.820803,5.217525,3.380702,0.314323,0.114671,carry
864,12.968964,1,12.034849,12.587815,0.088401,0.010136,0.06483,0.011111,8,2471.624756,3.002831,5.116549,3.552374,0.362332,0.119368,carry
865,1.627551,0,0,0.99659,0.163534,0.01616,0.123184,0.021102,8,2471.624756,3.002831,5.116549,3.552374,0.727009,0.250378,carry
866,1.240353,0,0,0.790454,0.084352,0.0077,0.066917,0.00891,8,2471.624756,3.002831,5.116549,3.552374,0.640357,0.13602,carry
867,13.306066,1,12.431832,12.946673,0.085102,0.009591,0.062436,0.011072,8,2471.624756,3.030296,5.355803,3.685717,0.331845,0.116787,carry
868,0.819467,0,0,0.4621,0.086363,0.010138,0.062189,0.011949,8,2471.624756,3.030296,5.355803,3.685717,0.327761,0.123169,carry
869,0.804752,0,0,0.440315,0.066337,0.005327,0.053108,0.007376,8,2471.624756,3.030296,5.355803,3.685717,0.314993,0.114856,carry
870,13.322136,1,12.350906,12.907561,0.084334,0.009392,0.061887,0.011102,8,2471.624756,2.957774,5.280524,3.667698,0.329684,0.151673,carry
871,1.012334,0,0,0.56164,0.10041,0.010888,0.074798,0.012664,8,2471.624756,2.957774,5.280524,3.667698,0.404282,0.143505,carry
872,0.936245,0,0,0.530201,0.079154,0.006359,0.063227,0.008928,8,2471.624756,2.957774,5.280524,3.667698,0.378982,0.138647,carry
873,12.952036,1,11.934392,12.518359,0.092403,0.009322,0.070553,0.010559,8,2471.624756,2.745474,5.095574,3.486724,0.331613,0.145326,carry
874,0.820951,0,0,0.463035,0.086384,0.009529,0.062968,0.011615,8,2471.624756,2.745474,5.095574,3.486724,0.336735,0.114898,carry
875,0.831311,0,0,0.461626,0.065374,0.005391,0.052407,0.007098,8,2471.624756,2.745474,5.095574,3.486724,0.312749,0.138572,carry
876,13.290466,1,12.381883,12.924234,0.089788,0.009029,0.067583,0.011105,8,2471.624756,3.042323,5.438958,3.536589,0.360815,0.115771,carry
877,0.794883,0,0,0.441471,0.077903,0.008227,0.058384,0.009675,8,2471.624756,3.042323,5.438958,3.536589,0.317215,0.113487,carry
878,0.865911,0,0,0.468666,0.066051,0.005449,0.05304,0.00703,8,2471.624756,3.042323,5.438958,3.536589,0.311593,0.146752,carry
879,13.143552,1,12.277134,12.785534,0.081143,0.008451,0.061395,0.009945,8,2471.624756,3.095282,5.310046,3.511721,0.323458,0.120668,carry
880,0.802306,0,0,0.453507,0.080349,0.008751,0.060061,0.009845,8,2471.624756,3.095282,5.310046,3.511721,0.327498,0.11506,carry
881,0.888282,0,0,0.493792,0.092058,0.009658,0.068565,0.011653,8,2471.624756,3.095282,5.310046,3.511721,0.334115,0.146946,carry
882,13.035782,1,12.097833,12.648087,0.084803,0.009964,0.062083,0.010677,8,2471.624756,2.952587,5.165674,3.61959,0.363322,0.118387,carry
883,0.910307,0,0,0.51671,0.11169,0.010779,0.077098,0.021761,8,2471.624756,2.952587,5.165674,3.61959,0.377634,0.127555,carry
884,0.928583,0,0,0.519012,0.091425,0.009666,0.06878,0.011093,8,2471.624756,2.952587,5.165674,3.61959,0.37336,0.132072,carry
885,13.181547,1,12.22881,12.800162,0.089351,0.009501,0.067432,0.010492,8,2471.624756,2.939371,5.375368,3.553106,0.370825,0.116613,carry
886,0.905183,0,0,0.529221,0.099848,0.016467,0.066987,0.01412,8,2471.624756,2.939371,5.375368,3.553106,0.363743,0.143745,carry
887,0.869826,0,0,0.510272,0.086111,0.01041,0.061865,0.011823,8,2471.624756,2.939371,5.375368,3.553106,0.329325,0.168691,carry
888,13.176356,1,12.071961,12.769908,0.104823,0.010751,0.079113,0.012689,8,2471.624756,2.892306,5.406501,3.411004,0.46777,0.159281,carry
889,0.825364,0,0,0.45685,0.087966,0.009961,0.063263,0.012831,8,2471.624756,2.892306,5.406501,3.411004,0.330198,0.115344,carry
890,0.768981,0,0,0.437497,0.066416,0.005458,0.05295,0.007508,8,2471.624756,2.892306,5.406501,3.411004,0.312902,0.114095,carry
891,13.188177,1,12.302054,12.816355,0.084654,0.00987,0.06201,0.010961,8,2471.624756,2.953484,5.263086,3.715706,0.328246,0.118179,carry
892,0.820339,0,0,0.454182,0.086699,0.009809,0.062663,0.012317,8,2471.624756,2.953484,5.263086,3.715706,0.328859,0.11425,carry
893,0.807336,0,0,0.475378,0.066475,0.005436,0.053109,0.007434,8,2471.624756,2.953484,5.263086,3.715706,0.35126,0.113832,carry
894,12.340839,1,11.453433,11.974357,0.087508,0.009615,0.065125,0.010751,8,2471.624756,2.849214,4.926937,3.320175,0.336323,0.118918,carry
895,0.981339,0,0,0.565098,0.097686,0.010438,0.072847,0.012275,8,2471.624756,2.849214,4.926937,3.320175,0.428541,0.125084,carry
896,0.827737,0,0,0.475076,0.082769,0.022023,0.052598,0.007626,8,2471.624756,2.849214,4.926937,3.320175,0.313153,0.138826,carry
897,12.0974,1,11.157716,11.714803,0.084022,0.009352,0.061776,0.010923,8,2471.624756,2.754946,4.99775,3.049266,0.377347,0.114742,carry
898,0.867156,0,0,0.48123,0.108514,0.009871,0.075019,0.02131,8,2471.624756,2.754946,4.99775,3.049266,0.355962,0.113647,carry
899,0.838734,0,0,0.448158,0.065524,0.005374,0.052369,0.007226,8,2471.624756,2.754946,4.99775,3.049266,0.309317,0.128359,carry
900,11.821766,1,10.931633,11.443864,0.08525,0.009317,0.06271,0.011149,8,2471.624756,2.77296,5.043801,2.754394,0.326892,0.117012,carry
901,1.088702,0,0,0.631241,0.111701,0.012088,0.081572,0.015645,8,2471.624756,2.77296,5.043801,2.754394,0.454902,0.143226,carry
902,0.97127,0,0,0.545403,0.093848,0.015329,0.06748,0.01024,8,2471.624756,2.77296,5.043801,2.754394,0.390654,0.14155,carry
903,11.609579,1,10.730056,11.243207,0.086075,0.009634,0.062762,0.011459,8,2471.624756,2.827841,4.952264,2.593481,0.328533,0.118756,carry
904,0.845401,0,0,0.48562,0.086687,0.009978,0.062609,0.012201,8,2471.624756,2.827841,4.952264,2.593481,0.333639,0.13038,carry
905,0.81712,0,0,0.477476,0.066671,0.005447,0.052895,0.007831,8,2471.624756,2.827841,4.952264,2.593481,0.350451,0.116531,carry
906,11.885913,1,10.95291,11.478051,0.085225,0.009852,0.062266,0.011023,8,2471.624756,2.936117,4.993483,2.630864,0.331032,0.124537,carry
907,0.859005,0,0,0.49228,0.086921,0.00969,0.063231,0.012098,8,2471.624756,2.936117,4.993483,2.630864,0.358665,0.121945,carry
908,0.780978,0,0,0.448581,0.065945,0.005321,0.052742,0.007377,8,2471.624756,2.936117,4.993483,2.630864,0.318495,0.119696,carry
909,12.203175,1,11.113794,11.745323,0.085266,0.009207,0.062832,0.011224,8,2471.624756,3.007453,5.060878,2.663717,0.399805,0.159545,carry
910,1.049819,0,0,0.5857,0.105659,0.011376,0.077886,0.014176,8,2471.624756,3.007453,5.060878,2.663717,0.419693,0.151844,carry
911,0.915014,0,0,0.505266,0.101743,0.021018,0.066012,0.012335,8,2471.624756,3.007453,5.060878,2.663717,0.339234,0.153106,carry
912,12.53362,1,11.536784,12.114273,0.119477,0.011383,0.082058,0.012836,8,2471.624756,2.993771,5.463208,2.682639,0.372931,0.123159,carry
913,0.820709,0,0,0.464468,0.084947,0.009355,0.062379,0.011335,8,2471.624756,2.993771,5.463208,2.682639,0.333471,0.119362,carry
914,0.830216,0,0,0.471126,0.085812,0.009512,0.063001,0.01125,8,2471.624756,2.993771,5.463208,2.682639,0.339116,0.119591,carry
915,11.705372,1,10.81072,11.336228,0.086914,0.009592,0.064615,0.010822,8,2471.624756,2.910384,4.996537,2.543611,0.337983,0.121091,carry
916,0.831719,0,0,0.465101,0.093156,0.0102,0.069098,0.011623,8,2471.624756,2.910384,4.996537,2.543611,0.334472,0.119298,carry
917,0.907109,0,0,0.548131,0.084368,0.009173,0.062352,0.010932,8,2471.624756,2.910384,4.996537,2.543611,0.36809,0.149817,carry
918,12.677671,1,11.681089,12.256424,0.085781,0.009852,0.062502,0.011238,8,2471.624756,2.990342,5.412094,2.872098,0.370736,0.132598,carry
919,0.912184,0,0,0.508334,0.097275,0.015893,0.065373,0.013966,8,2471.624756,2.990342,5.412094,2.872098,0.345268,0.136927,carry
920,0.924563,0,0,0.487107,0.093019,0.010634,0.068374,0.011634,8,2471.624756,2.990342,5.412094,2.872098,0.34992,0.123696,carry
921,12.642801,1,11.586369,12.134278,0.088313,0.010258,0.064584,0.011462,8,2471.624756,3.102586,5.124344,2.935783,0.349079,0.127401,carry
922,0.911505,0,0,0.541581,0.090977,0.010966,0.064642,0.012986,8,2471.624756,3.102586,5.124344,2.935783,0.409828,0.119942,carry
923,0.938697,0,0,0.547075,0.091332,0.010245,0.066744,0.011908,8,2471.624756,3.102586,5.124344,2.935783,0.39105,0.142544,carry
924,12.360643,1,11.293159,11.910421,0.089516,0.009891,0.066205,0.011277,8,2471.624756,2.945822,5.068096,2.830601,0.392269,0.142576,carry
925,0.860244,0,0,0.493897,0.090285,0.01167,0.064627,0.011768,8,2471.624756,2.945822,5.068096,2.830601,0.336748,0.145597,carry
926,0.887145,0,0,0.523792,0.087101,0.010108,0.063328,0.011409,8,2471.624756,2.945822,5.068096,2.830601,0.342592,0.168284,carry
927,13.23349,1,12.06112,12.778009,0.140054,0.024061,0.085282,0.019054,8,2471.624756,3.115676,5.733291,2.79951,0.458985,0.142631,carry
928,0.992303,0,0,0.557769,0.098452,0.010684,0.072821,0.012521,8,2471.624756,3.115676,5.733291,2.79951,0.417046,0.129208,carry
929,0.932049,0,0,0.488868,0.12272,0.010429,0.098391,0.011237,8,2471.624756,3.115676,5.733291,2.79951,0.357624,0.118128,carry
930,12.774423,1,11.697098,12.390736,0.087812,0.00999,0.064066,0.011431,8,2471.624756,3.008192,5.504407,2.772564,0.457839,0.153633,return
931,0.878798,0,0,0.461527,0.08733,0.010158,0.062822,0.012197,8,2471.624756,3.008192,5.504407,2.772564,0.333457,0.116849,return
932,0.892245,0,0,0.46193,0.081356,0.008915,0.060462,0.010371,8,2471.624756,3.008192,5.504407,2.772564,0.332967,0.116871,return
933,12.196096,1,11.177818,11.820027,0.086347,0.009617,0.062965,0.011469,8,2471.624756,2.802737,5.319958,2.691025,0.454313,0.118919,return
934,0.866498,0,0,0.483642,0.088861,0.010265,0.063743,0.012711,8,2471.624756,2.802737,5.319958,2.691025,0.356513,0.115579,return
935,0.863795,0,0,0.480382,0.112151,0.019171,0.070142,0.021782,8,2471.624756,2.802737,5.319958,2.691025,0.328912,0.137472,return
936,11.873971,1,10.939328,11.483489,0.078321,0.008382,0.059396,0.009157,8,2471.624756,2.791205,5.044811,2.727298,0.360367,0.117214,return
937,0.837942,0,0,0.484683,0.083252,0.010616,0.05867,0.012075,8,2471.624756,2.791205,5.044811,2.727298,0.357739,0.115667,return
938,0.811458,0,0,0.459896,0.082212,0.00832,0.062287,0.010284,8,2471.624756,2.791205,5.044811,2.727298,0.332455,0.115918,return
939,12.955179,1,11.96646,12.503146,0.153172,0.009963,0.087318,0.053646,8,2471.624756,2.878179,5.225072,3.496595,0.344559,0.119421,return
940,1.148388,0,0,0.697242,0.15926,0.010783,0.090112,0.055932,8,2471.624756,2.878179,5.225072,3.496595,0.543955,0.141773,return
941,0.866004,0,0,0.455448,0.133109,0.006035,0.077862,0.048614,8,2471.624756,2.878179,5.225072,3.496595,0.329279,0.115523,return
942,13.198756,1,11.838937,12.3705,0.548435,0.007322,0.085184,0.453816,8,2471.624756,2.863198,5.000968,3.609935,0.358353,0.087913,return
943,1.353313,0,0,0.458876,0.618855,0.007437,0.081529,0.528327,12,2471.624756,2.863198,5.000968,3.609935,0.360492,0.087461,return
944,0.954823,0,0,0.485083,0.203298,0.005755,0.081083,0.11584,8,2471.624756,2.863198,5.000968,3.609935,0.387717,0.086802,return
945,12.683746,1,11.740804,12.245746,0.162349,0.010282,0.090391,0.059569,8,2471.624756,2.839767,4.960076,3.574488,0.349348,0.088663,return
946,0.904842,0,0,0.464543,0.164596,0.011265,0.089055,0.062063,8,2471.624756,2.839767,4.960076,3.574488,0.364991,0.088193,return
947,0.913973,0,0,0.441489,0.204137,0.00579,0.106292,0.091582,8,2471.624756,2.839767,4.960076,3.574488,0.342945,0.087894,return
948,12.986802,1,12.05041,12.540584,0.160645,0.009775,0.092,0.057021,8,2471.624756,2.766012,5.312591,3.608946,0.340787,0.08337,return
949,0.870897,0,0,0.419362,0.155836,0.009548,0.086766,0.057897,8,2471.624756,2.766012,5.312591,3.608946,0.325907,0.082579,return
950,0.673072,0,0,0.415921,0.121313,0.005807,0.081377,0.033535,8,2471.624756,2.766012,5.312591,3.608946,0.323988,0.081707,return
951,12.558856,1,11.748883,12.234349,0.153045,0.010193,0.093492,0.047454,8,2471.624756,2.753021,4.939093,3.694299,0.336838,0.082974,return
952,0.701354,0,0,0.42739,0.131193,0.01064,0.086696,0.032059,8,2471.624756,2.753021,4.939093,3.694299,0.335172,0.080562,return
953,0.658938,0,0,0.417922,0.1057,0.005701,0.074513,0.024912,8,2471.624756,2.753021,4.939093,3.694299,0.327492,0.08001,return
954,12.557684,1,11.817953,12.295927,0.09699,0.00636,0.071874,0.018127,8,2471.624756,2.791915,5.032306,3.614232,0.328857,0.081827,return
955,0.655826,0,0,0.415656,0.099576,0.010446,0.076803,0.010265,8,2471.624756,2.791915,5.032306,3.614232,0.324642,0.079476,return
956,0.753032,0,0,0.50885,0.087695,0.006611,0.062779,0.017507,8,2471.624756,2.791915,5.032306,3.614232,0.387424,0.110185,return
957,12.92047,1,12.135804,12.662477,0.100817,0.010544,0.077316,0.011138,8,2471.624756,2.946937,5.288615,3.534779,0.375939,0.081495,return
958,0.641988,0,0,0.421196,0.082591,0.010032,0.061275,0.009452,8,2471.624756,2.946937,5.288615,3.534779,0.330245,0.079822,return
959,0.632646,0,0,0.417136,0.075983,0.009088,0.055889,0.009188,8,2471.624756,2.946937,5.288615,3.534779,0.326026,0.079131,return
960,12.005258,1,11.300742,11.771945,0.069632,0.007332,0.052779,0.008435,8,2471.624756,2.736767,4.946349,3.25706,0.327088,0.076849,return
961,0.617787,0,0,0.402463,0.07545,0.010618,0.052907,0.00996,8,2471.624756,2.736767,4.946349,3.25706,0.317236,0.073944,return
962,0.61275,0,0,0.415715,0.061172,0.00626,0.04667,0.007626,8,2471.624756,2.736767,4.946349,3.25706,0.331163,0.073816,return
963,12.087908,1,11.38716,11.876435,0.064338,0.008746,0.04522,0.008914,8,2471.624756,2.907052,4.916891,3.203057,0.349735,0.075283,return
964,0.645155,0,0,0.424197,0.069192,0.009945,0.04724,0.010133,8,2471.624756,2.907052,4.916891,3.203057,0.339854,0.073315,return
965,0.665579,0,0,0.447127,0.072101,0.009841,0.050303,0.010075,8,2471.624756,2.907052,4.916891,3.203057,0.354435,0.079852,return
966,11.734575,1,11.076355,11.528038,0.052323,0.006941,0.036777,0.007721,8,2471.624756,2.816244,5.02874,2.869177,0.308567,0.076079,return
967,0.610493,0,0,0.397038,0.072207,0.010433,0.049841,0.010034,8,2471.624756,2.816244,5.02874,2.869177,0.311765,0.073981,return
968,0.748682,0,0,0.50841,0.065767,0.008137,0.047345,0.009456,8,2471.624756,2.816244,5.02874,2.869177,0.399264,0.095303,return
969,11.569582,1,10.878143,11.364921,0.05668,0.0083,0.037468,0.009498,8,2471.624756,2.80896,5.152449,2.555409,0.322217,0.098524,return
970,0.608257,0,0,0.412795,0.05697,0.00942,0.037001,0.008885,8,2471.624756,2.80896,5.152449,2.555409,0.305606,0.09633,return
971,0.633021,0,0,0.427957,0.060535,0.009615,0.038838,0.010181,8,2471.624756,2.80896,5.152449,2.555409,0.319159,0.09655,return
972,12.714664,1,12.028193,12.501746,0.05568,0.006794,0.033168,0.014903,8,2471.624756,3.055311,5.715895,2.891685,0.305209,0.100489,return
973,0.896748,0,0,0.625602,0.07916,0.011629,0.051646,0.013398,8,2471.624756,3.055311,5.715895,2.891685,0.458903,0.151359,return
974,0.875871,0,0,0.605291,0.081404,0.012747,0.053207,0.013041,8,2471.624756,3.055311,5.715895,2.891685,0.451247,0.138292,return
975,12.333287,1,11.58397,12.071795,0.098661,0.028188,0.057823,0.010565,8,2471.624756,3.048879,5.128717,2.97299,0.31744,0.099733,return
976,0.622234,0,0,0.422948,0.058444,0.009982,0.036309,0.010089,8,2471.624756,3.048879,5.128717,2.97299,0.314847,0.096598,return
977,0.707622,0,0,0.488519,0.052282,0.006948,0.035688,0.008436,8,2471.624756,3.048879,5.128717,2.97299,0.319699,0.157433,return
978,12.808502,1,12.097546,12.589803,0.05119,0.007738,0.034639,0.007991,8,2471.624756,2.918098,5.202023,3.617327,0.320417,0.104418,return
979,0.617723,0,0,0.413629,0.058191,0.008905,0.03777,0.009606,8,2471.624756,2.918098,5.202023,3.617327,0.306454,0.096036,return
980,0.792693,0,0,0.528208,0.07522,0.011775,0.049284,0.01194,8,2471.624756,2.918098,5.202023,3.617327,0.393412,0.119632,return
981,12.476986,1,11.648109,12.20754,0.100928,0.01393,0.06861,0.015649,8,2471.624756,2.962417,5.414926,2.87896,0.377757,0.101337,return
982,0.677438,0,0,0.427814,0.104509,0.011402,0.079805,0.011144,8,2471.624756,2.962417,5.414926,2.87896,0.318007,0.097913,return
983,0.908962,0,0,0.616182,0.083006,0.007277,0.065628,0.008852,8,2471.624756,2.962417,5.414926,2.87896,0.387689,0.212278,return
984,13.210631,1,12.434812,12.944854,0.066684,0.010149,0.042943,0.011167,8,2471.624756,3.732448,5.521351,2.772357,0.330431,0.103505,return
985,0.648656,0,0,0.433064,0.065482,0.011223,0.041051,0.010799,8,2471.624756,3.732448,5.521351,2.772357,0.321544,0.098355,return
986,0.629096,0,0,0.43547,0.043512,0.005336,0.03093,0.006657,8,2471.624756,3.732448,5.521351,2.772357,0.328967,0.09484,return
987,11.762098,1,11.008368,11.499696,0.064567,0.00937,0.04257,0.01041,8,2471.624756,2.812608,5.176277,2.661145,0.323767,0.096202,return
988,0.729286,0,0,0.486294,0.071741,0.016139,0.042241,0.01106,8,2471.624756,2.812608,5.176277,2.661145,0.343436,0.119154,return
989,0.611838,0,0,0.427376,0.045956,0.006636,0.031707,0.006835,8,2471.624756,2.812608,5.176277,2.661145,0.300859,0.114615,return
990,13.17362,1,11.659734,12.24563,0.068228,0.01035,0.043969,0.011452,8,2471.624756,3.008547,5.213068,3.074597,0.382998,0.123671,return
991,0.686493,0,0,0.465485,0.06366,0.010196,0.04069,0.010681,8,2471.624756,3.008547,5.213068,3.074597,0.356308,0.096335,return
992,0.637625,0,0,0.438791,0.056424,0.005897,0.042418,0.00719,8,2471.624756,3.008547,5.213068,3.074597,0.311701,0.105786,return
993,12.196795,1,11.445803,11.96072,0.061805,0.009462,0.040164,0.010175,8,2471.624756,2.735715,5.026006,3.260999,0.323388,0.113378,return
994,0.636522,0,0,0.424392,0.0631,0.009762,0.040638,0.010833,8,2471.624756,2.735715,5.026006,3.260999,0.315667,0.095663,return
995,0.69483,0,0,0.510781,0.044814,0.005399,0.032229,0.006592,8,2471.624756,2.735715,5.026006,3.260999,0.305253,0.194618,return
996,12.026785,1,11.307941,11.815121,0.053729,0.006877,0.037904,0.008133,8,2471.624756,2.887382,5.107519,2.95256,0.342106,0.097519,return
997,0.622114,0,0,0.415928,0.061551,0.009183,0.04011,0.010374,8,2471.624756,2.887382,5.107519,2.95256,0.309383,0.095045,return
998,0.644808,0,0,0.441416,0.052541,0.006714,0.03691,0.008022,8,2471.624756,2.887382,5.107519,2.95256,0.326238,0.102474,return
999,12.743105,1,12.066852,12.540393,0.051634,0.0069,0.035455,0.008052,8,2471.624756,3.526415,5.190237,2.990337,0.306675,0.096839,return
1000,0.606845,0,0,0.413057,0.055438,0.008368,0.036749,0.008729,8,2471.624756,3.526415,5.190237,2.990337,0.306953,0.095098,return
1001,0.625777,0,0,0.424354,0.059298,0.008559,0.038461,0.010377,8,2471.624756,3.526415,5.190237,2.990337,0.316785,0.095026,return
1002,12.524384,1,11.834995,12.311791,0.055787,0.014079,0.033271,0.007636,8,2471.624756,2.793196,5.179976,3.479611,0.304619,0.103379,return
1003,0.611912,0,0,0.413311,0.060529,0.009437,0.038593,0.010419,8,2471.624756,2.793196,5.179976,3.479611,0.307443,0.094712,return
1004,0.588119,0,0,0.405494,0.046837,0.005975,0.033037,0.007153,8,2471.624756,2.793196,5.179976,3.479611,0.299962,0.094708,return
1005,11.713424,1,10.977178,11.507987,0.059874,0.008489,0.039729,0.009799,8,2471.624756,2.766326,4.93657,2.911371,0.367234,0.097094,return
1006,0.602236,0,0,0.412393,0.053651,0.007374,0.035586,0.009277,8,2471.624756,2.766326,4.93657,2.911371,0.305958,0.095602,return
1007,0.664471,0,0,0.459168,0.059874,0.009039,0.03895,0.009971,8,2471.624756,2.766326,4.93657,2.911371,0.351253,0.095301,return
1008,11.840554,1,11.172927,11.639875,0.04787,0.006148,0.033307,0.007685,8,2471.624756,2.777869,5.073129,2.96225,0.301132,0.098202,return
1009,0.622578,0,0,0.424897,0.060347,0.009386,0.039164,0.010037,8,2471.624756,2.777869,5.073129,2.96225,0.317687,0.095777,return
1010,0.596195,0,0,0.40706,0.046156,0.005708,0.032706,0.007074,8,2471.624756,2.777869,5.073129,2.96225,0.300623,0.095764,return
1011,11.621034,1,10.93204,11.415536,0.059788,0.008916,0.038596,0.010181,8,2471.624756,2.746148,4.940769,2.885433,0.321053,0.096273,return
1012,0.691019,0,0,0.440697,0.070162,0.008737,0.049332,0.010522,8,2471.624756,2.746148,4.940769,2.885433,0.324386,0.104757,return
1013,0.637469,0,0,0.439523,0.057661,0.008264,0.038105,0.009389,8,2471.624756,2.746148,4.940769,2.885433,0.332328,0.094704,return
1014,11.754783,1,11.087725,11.552049,0.045614,0.005777,0.032287,0.006911,8,2471.624756,2.795723,4.997179,2.928214,0.300217,0.098446,return
1015,0.619814,0,0,0.421309,0.060252,0.009716,0.038794,0.009939,8,2471.624756,2.795723,4.997179,2.928214,0.315788,0.094409,return
1016,0.605261,0,0,0.413042,0.053171,0.007279,0.035407,0.009031,8,2471.624756,2.795723,4.997179,2.928214,0.307113,0.094412,return
1017,11.547246,1,10.832632,11.342247,0.059671,0.008908,0.038879,0.009952,8,2471.624756,2.77413,4.892699,2.798726,0.348517,0.095251,return
1018,0.618351,0,0,0.416762,0.061107,0.009345,0.03961,0.010043,8,2471.624756,2.77413,4.892699,2.798726,0.310818,0.094076,return
1019,0.607321,0,0,0.415915,0.053393,0.007215,0.03597,0.008753,8,2471.624756,2.77413,4.892699,2.798726,0.31013,0.093942,return
1020,11.848253,1,11.140971,11.643639,0.055693,0.007196,0.0384,0.008852,8,2471.624756,2.717711,5.146873,2.918863,0.339545,0.096057,return
1021,0.611015,0,0,0.408878,0.06493,0.015326,0.038035,0.00975,8,2471.624756,2.717711,5.146873,2.918863,0.30376,0.093849,return
1022,0.614375,0,0,0.410242,0.041737,0.005177,0.029591,0.006519,8,2471.624756,2.717711,5.146873,2.918863,0.296158,0.103737,return
1023,11.870564,1,11.156007,11.662542,0.061852,0.008863,0.040645,0.0104,8,2471.624756,2.870259,5.263658,2.65811,0.344241,0.095523,return
1024,0.6231,0,0,0.421718,0.060964,0.009288,0.039544,0.010169,8,2471.624756,2.870259,5.263658,2.65811,0.315439,0.094819,return
1025,0.573524,0,0,0.397404,0.042367,0.004952,0.030138,0.0068,8,2471.624756,2.870259,5.263658,2.65811,0.293953,0.0933,return
1026,11.780109,1,10.918468,11.532945,0.077022,0.010719,0.051765,0.012511,8,2471.624756,2.766063,4.954613,2.836284,0.445462,0.09686,return
1027,0.612986,0,0,0.41058,0.064405,0.009433,0.03771,0.015538,8,2471.624756,2.766063,4.954613,2.836284,0.304074,0.094963,return
1028,0.630342,0,0,0.42737,0.041426,0.005005,0.029432,0.006503,8,2471.624756,2.766063,4.954613,2.836284,0.294777,0.122136,return
1029,11.145194,1,10.458343,10.94043,0.060645,0.008984,0.039581,0.010291,8,2471.624756,2.722193,4.842877,2.534581,0.32014,0.096169,return
1030,0.623642,0,0,0.420576,0.06223,0.009307,0.040371,0.010658,8,2471.624756,2.722193,4.842877,2.534581,0.313799,0.095356,return
1031,0.581964,0,0,0.398523,0.041678,0.00489,0.029376,0.006965,8,2471.624756,2.722193,4.842877,2.534581,0.293781,0.094329,return
1032,11.364131,1,10.644502,11.153251,0.060559,0.008497,0.04091,0.009477,8,2471.624756,2.792377,4.947386,2.545394,0.343078,0.097793,return
1033,0.619161,0,0,0.418376,0.06053,0.009121,0.03914,0.010465,8,2471.624756,2.792377,4.947386,2.545394,0.31071,0.095927,return
1034,0.587138,0,0,0.411552,0.0415,0.004994,0.029453,0.006442,8,2471.624756,2.792377,4.947386,2.545394,0.305813,0.095199,return
1035,11.190708,1,10.510052,10.987675,0.059816,0.008796,0.038782,0.010363,8,2471.624756,2.783015,4.828247,2.536105,0.315089,0.096604,return
1036,0.659894,0,0,0.43624,0.062816,0.009276,0.040159,0.01113,8,2471.624756,2.783015,4.828247,2.536105,0.329333,0.095218,return
1037,0.585198,0,0,0.402022,0.048162,0.005152,0.036034,0.006539,8,2471.624756,2.783015,4.828247,2.536105,0.296815,0.094774,return
1038,12.147864,1,11.383075,11.915588,0.07291,0.009811,0.040123,0.020869,8,2471.624756,2.968787,5.407958,2.636461,0.315428,0.139467,return
1039,0.73756,0,0,0.49209,0.095397,0.007881,0.077827,0.008332,8,2471.624756,2.968787,5.407958,2.636461,0.385617,0.095548,return
1040,1.015556,0,0,0.723499,0.093068,0.013853,0.060553,0.016187,8,2471.624756,2.968787,5.407958,2.636461,0.533019,0.175383,return
1041,11.625506,1,10.795917,11.387613,0.090168,0.009606,0.067189,0.011085,8,2471.624756,2.811303,5.055125,2.571731,0.375929,0.148803,return
1042,0.609605,0,0,0.416581,0.055723,0.008117,0.036705,0.009348,8,2471.624756,2.811303,5.055125,2.571731,0.310809,0.09509,return
1043,0.684415,0,0,0.476177,0.059031,0.008959,0.037542,0.010537,8,2471.624756,2.811303,5.055125,2.571731,0.367549,0.095887,return
1044,11.342926,1,10.673169,11.142858,0.048982,0.006457,0.033829,0.007777,8,2471.624756,2.765217,4.86637,2.684673,0.304746,0.098631,return
1045,0.628938,0,0,0.422966,0.063674,0.009721,0.040688,0.011049,8,2471.624756,2.765217,4.86637,2.684673,0.313822,0.097886,return
1046,0.666871,0,0,0.429762,0.063258,0.009465,0.04083,0.010764,8,2471.624756,2.765217,4.86637,2.684673,0.319176,0.09773,return
1047,11.848785,1,11.085082,11.61779,0.062602,0.009616,0.04069,0.010303,8,2471.624756,2.89278,5.191507,2.63528,0.358425,0.101392,return
1048,0.779877,0,0,0.523989,0.070085,0.011304,0.045103,0.011359,8,2471.624756,2.89278,5.191507,2.63528,0.40825,0.102112,return
1049,0.723368,0,0,0.50138,0.065141,0.009981,0.041322,0.011316,8,2471.624756,2.89278,5.191507,2.63528,0.38581,0.100309,return
1050,12.368686,1,11.554407,12.096701,0.091485,0.011653,0.057807,0.018535,8,2471.624756,2.924511,5.371617,2.846885,0.364591,0.102486,return
1051,0.644311,0,0,0.434781,0.062109,0.009584,0.040106,0.010274,8,2471.624756,2.924511,5.371617,2.846885,0.323635,0.099107,return
1052,0.721781,0,0,0.470718,0.094159,0.010072,0.041125,0.040386,8,2471.624756,2.924511,5.371617,2.846885,0.3357,0.110884,return
1053,12.096885,1,11.308489,11.856623,0.065652,0.01007,0.04215,0.010856,8,2471.624756,3.018246,5.212649,2.714019,0.369406,0.102814,return
1054,0.677209,0,0,0.442103,0.065115,0.010069,0.041354,0.011464,8,2471.624756,3.018246,5.212649,2.714019,0.328987,0.100427,return
1055,0.782321,0,0,0.532105,0.069771,0.011562,0.043732,0.012039,8,2471.624756,3.018246,5.212649,2.714019,0.396322,0.118916,return
1056,12.536965,1,11.620391,12.211403,0.064194,0.009838,0.041118,0.010818,8,2471.624756,3.006638,5.397718,2.817103,0.373815,0.14039,return
1057,1.106554,0,0,0.801214,0.097207,0.014088,0.063502,0.017042,8,2471.624756,3.006638,5.397718,2.817103,0.598942,0.187015,return
1058,0.728893,0,0,0.465495,0.05607,0.008525,0.036556,0.009403,8,2471.624756,3.006638,5.397718,2.817103,0.340716,0.111352,return
1059,11.138468,1,10.434674,10.929703,0.059701,0.009074,0.038665,0.00994,8,2471.624756,2.719044,4.88105,2.472967,0.32716,0.099829,return
1060,0.606349,0,0,0.420246,0.049741,0.006868,0.034019,0.007811,8,2471.624756,2.719044,4.88105,2.472967,0.310526,0.099038,return
1061,0.688787,0,0,0.474778,0.06185,0.009522,0.03943,0.01042,8,2471.624756,2.719044,4.88105,2.472967,0.361217,0.099776,return
1062,11.60683,1,10.819697,11.337047,0.050832,0.006277,0.036057,0.007664,8,2471.624756,2.898228,4.993453,2.568799,0.346226,0.102723,return
1063,0.635045,0,0,0.434802,0.059571,0.00879,0.038712,0.01022,8,2471.624756,2.898228,4.993453,2.568799,0.323886,0.099986,return
1064,0.628665,0,0,0.432272,0.052846,0.007229,0.035729,0.008207,8,2471.624756,2.898228,4.993453,2.568799,0.319365,0.100654,return
1065,11.065804,1,10.368614,10.86396,0.055423,0.007918,0.03661,0.009192,8,2471.624756,2.717882,4.783375,2.50816,0.325458,0.102919,return
1066,0.642318,0,0,0.436719,0.058557,0.008895,0.038598,0.009374,8,2471.624756,2.717882,4.783375,2.50816,0.323364,0.101979,return
1067,0.636074,0,0,0.437266,0.052176,0.007164,0.034878,0.00871,8,2471.624756,2.717882,4.783375,2.50816,0.322108,0.103129,return
1068,11.352034,1,10.657875,11.147539,0.054732,0.007594,0.036091,0.009413,8,2471.624756,2.787876,4.931815,2.581458,0.322945,0.100758,return
1069,0.625167,0,0,0.429237,0.05651,0.008543,0.037272,0.009105,8,2471.624756,2.787876,4.931815,2.581458,0.312857,0.105423,return
1070,0.623889,0,0,0.442743,0.045079,0.005238,0.032938,0.006431,8,2471.624756,2.787876,4.931815,2.581458,0.333721,0.098371,return
1071,11.997145,1,11.215778,11.757468,0.058635,0.008536,0.038466,0.009693,8,2471.624756,2.861389,5.07278,2.813294,0.326926,0.133809,return
1072,0.643967,0,0,0.434491,0.061582,0.009117,0.039652,0.010669,8,2471.624756,2.861389,5.07278,2.813294,0.322373,0.099866,return
1073,0.598216,0,0,0.417644,0.042461,0.005254,0.030105,0.006446,8,2471.624756,2.861389,5.07278,2.813294,0.307878,0.098889,return
1074,11.514606,1,10.776489,11.299169,0.061207,0.0082,0.041348,0.009789,8,2471.624756,2.776776,4.991575,2.647968,0.353683,0.101145,return
1075,0.631179,0,0,0.424521,0.059455,0.009108,0.038692,0.00966,8,2471.624756,2.776776,4.991575,2.647968,0.314357,0.09916,return
1076,0.589762,0,0,0.413185,0.042083,0.005208,0.029577,0.006831,8,2471.624756,2.776776,4.991575,2.647968,0.303853,0.098633,return
1077,11.129951,1,10.429525,10.922993,0.060558,0.008662,0.039543,0.010239,8,2471.624756,2.742492,4.832159,2.498076,0.323343,0.102843,return
1078,0.665603,0,0,0.429975,0.07006,0.009243,0.048323,0.010538,8,2471.624756,2.742492,4.832159,2.498076,0.319452,0.09899,return
1079,0.589885,0,0,0.411867,0.04189,0.005142,0.029302,0.006901,8,2471.624756,2.742492,4.832159,2.498076,0.30422,0.09729,return
1080,11.394284,1,10.589771,11.15989,0.079177,0.008781,0.039169,0.029066,8,2471.624756,2.7684,4.955182,2.50758,0.393676,0.100001,return
1081,0.621385,0,0,0.426952,0.055621,0.008585,0.036006,0.009259,8,2471.624756,2.7684,4.955182,2.50758,0.318709,0.097168,return
1082,0.586955,0,0,0.410908,0.041969,0.005137,0.029704,0.006679,8,2471.624756,2.7684,4.955182,2.50758,0.303887,0.096632,return
1083,11.313472,1,10.580896,11.104394,0.058414,0.008515,0.038715,0.009523,8,2471.624756,2.728924,4.941978,2.499837,0.356306,0.098399,return
1084,0.611864,0,0,0.422475,0.052048,0.007781,0.035083,0.007896,8,2471.624756,2.728924,4.941978,2.499837,0.313766,0.097894,return
1085,0.63856,0,0,0.431107,0.056051,0.00785,0.037257,0.009431,8,2471.624756,2.728924,4.941978,2.499837,0.320118,0.098386,return
1086,11.569524,1,10.861592,11.361282,0.053041,0.007103,0.035718,0.008817,8,2471.624756,2.72432,5.007061,2.7367,0.323932,0.101238,return
1087,0.700408,0,0,0.457934,0.063074,0.009025,0.041422,0.010548,8,2471.624756,2.72432,5.007061,2.7367,0.348526,0.098298,return
1088,0.603396,0,0,0.42146,0.046901,0.005857,0.032941,0.007476,8,2471.624756,2.72432,5.007061,2.7367,0.313268,0.097537,return
1089,11.191199,1,10.504299,10.990229,0.057429,0.007978,0.038125,0.009544,8,2471.624756,2.72497,4.862281,2.55758,0.321919,0.099032,return
1090,0.614096,0,0,0.421427,0.050824,0.007276,0.034157,0.008171,8,2471.624756,2.72497,4.862281,2.55758,0.313157,0.097971,return
1091,0.642254,0,0,0.433633,0.058648,0.008318,0.038015,0.010287,8,2471.624756,2.72497,4.862281,2.55758,0.323458,0.098103,return
1092,11.324802,1,10.63986,11.118893,0.054709,0.006328,0.039837,0.007853,8,2471.624756,2.793816,4.876126,2.594209,0.312937,0.100256,return
1093,0.677236,0,0,0.470313,0.061314,0.009009,0.040333,0.010178,8,2471.624756,2.793816,4.876126,2.594209,0.361208,0.098396,return
1094,0.655479,0,0,0.466996,0.049373,0.005952,0.03517,0.007616,8,2471.624756,2.793816,4.876126,2.594209,0.347783,0.108611,return
1095,11.773817,1,11.041063,11.568184,0.061832,0.009055,0.041244,0.009929,8,2471.624756,2.761798,5.40287,2.520608,0.363979,0.098129,return
1096,0.613317,0,0,0.425479,0.050296,0.006882,0.033955,0.008316,8,2471.624756,2.761798,5.40287,2.520608,0.3179,0.097062,return
1097,0.717809,0,0,0.502036,0.06031,0.008514,0.040233,0.009958,8,2471.624756,2.761798,5.40287,2.520608,0.363872,0.125928,return
1098,11.405007,1,10.731885,11.206253,0.046452,0.005811,0.032699,0.00732,8,2471.624756,2.836775,4.963091,2.576648,0.309102,0.099807,return
1099,0.827321,0,0,0.543635,0.093737,0.011957,0.066108,0.013401,8,2471.624756,2.836775,4.963091,2.576648,0.399773,0.129352,return
1100,0.826554,0,0,0.560452,0.07628,0.011355,0.049958,0.012609,8,2471.624756,2.836775,4.963091,2.576648,0.41911,0.125682,return
1101,13.214669,1,12.397878,12.936706,0.074911,0.01042,0.050282,0.011622,8,2471.624756,3.055427,5.949378,2.918259,0.3301,0.126687,return
1102,0.708865,0,0,0.472684,0.061665,0.009541,0.039557,0.010691,8,2471.624756,3.055427,5.949378,2.918259,0.363701,0.098031,return
1103,0.58846,0,0,0.411631,0.04206,0.005251,0.029475,0.0068,8,2471.624756,3.055427,5.949378,2.918259,0.304028,0.096948,return
1104,12.420662,1,11.486116,12.188357,0.056216,0.008186,0.036991,0.00946,8,2471.624756,2.927441,5.033786,3.163604,0.536337,0.099275,return
1105,0.607739,0,0,0.411022,0.05776,0.009307,0.036728,0.009902,8,2471.624756,2.927441,5.033786,3.163604,0.304029,0.095996,return
1106,0.585049,0,0,0.407512,0.042113,0.005114,0.029961,0.006562,8,2471.624756,2.927441,5.033786,3.163604,0.302184,0.094928,return
1107,12.096586,1,11.388639,11.873265,0.058859,0.008585,0.03817,0.010229,8,2471.624756,2.930105,5.272621,2.819547,0.314766,0.099927,return
1108,0.684681,0,0,0.440361,0.063367,0.009588,0.040781,0.010872,8,2471.624756,2.930105,5.272621,2.819547,0.332285,0.096832,return
1109,0.604507,0,0,0.416882,0.051596,0.005213,0.039247,0.006667,8,2471.624756,2.930105,5.272621,2.819547,0.310876,0.095765,return
1110,12.119451,1,11.335925,11.88777,0.067254,0.010393,0.043028,0.011034,8,2471.624756,3.003332,5.268017,2.698085,0.375719,0.102453,pour
1111,0.676862,0,0,0.469421,0.064235,0.009598,0.040746,0.011553,8,2471.624756,3.003332,5.268017,2.698085,0.311344,0.130436,pour
1112,0.578475,0,0,0.403334,0.042043,0.005169,0.02961,0.006808,8,2471.624756,3.003332,5.268017,2.698085,0.296704,0.096547,pour
1113,11.660026,1,10.914436,11.439409,0.06308,0.009588,0.040769,0.010492,8,2471.624756,2.922492,5.048799,2.54996,0.357375,0.098799,pour
1114,0.697008,0,0,0.476719,0.076953,0.010883,0.052039,0.01157,8,2471.624756,2.922492,5.048799,2.54996,0.358,0.106972,pour
1115,0.749391,0,0,0.538104,0.072313,0.021117,0.043088,0.007358,8,2471.624756,2.922492,5.048799,2.54996,0.428514,0.098677,pour
1116,13.546364,1,12.782281,13.29822,0.064237,0.00955,0.041207,0.011212,8,2471.624756,3.199028,5.76306,3.271873,0.313716,0.120302,pour
1117,0.661377,0,0,0.451999,0.066728,0.011162,0.041319,0.011671,8,2471.624756,3.199028,5.76306,3.271873,0.343822,0.09635,pour
1118,0.751867,0,0,0.531303,0.074542,0.010277,0.05149,0.010449,8,2471.624756,3.199028,5.76306,3.271873,0.412413,0.105535,pour
1119,11.422486,1,10.666239,11.200151,0.074201,0.00981,0.051723,0.010572,8,2471.624756,2.729379,5.005621,2.565495,0.36478,0.102234,pour
1120,0.718257,0,0,0.479532,0.077538,0.011078,0.045397,0.018635,8,2471.624756,2.729379,5.005621,2.565495,0.355031,0.111304,pour
1121,0.726596,0,0,0.491323,0.070151,0.010915,0.045579,0.011427,8,2471.624756,2.729379,5.005621,2.565495,0.365705,0.110924,pour
1122,12.14719,1,11.325142,11.897749,0.086252,0.016123,0.047483,0.019696,8,2471.624756,2.918926,5.443808,2.584411,0.347897,0.109495,pour
1123,0.636736,0,0,0.430088,0.064221,0.009721,0.041355,0.010812,8,2471.624756,2.918926,5.443808,2.584411,0.321367,0.097396,pour
1124,0.603316,0,0,0.414162,0.050727,0.006563,0.034993,0.00791,8,2471.624756,2.918926,5.443808,2.584411,0.305739,0.097041,pour
1125,12.029823,1,11.32121,11.811482,0.061161,0.009007,0.039459,0.010562,8,2471.624756,2.980637,5.276628,2.708414,0.317564,0.104316,pour
1126,0.618294,0,0,0.417102,0.061014,0.009135,0.039302,0.010669,8,2471.624756,2.980637,5.276628,2.708414,0.308692,0.09711,pour
1127,0.656731,0,0,0.446062,0.060046,0.008804,0.039242,0.009848,8,2471.624756,2.980637,5.276628,2.708414,0.336263,0.096797,pour
1128,11.985069,1,11.245568,11.762527,0.06031,0.009208,0.039031,0.010112,8,2471.624756,2.966903,5.137867,2.722544,0.316841,0.100907,pour
1129,0.674401,0,0,0.450132,0.083021,0.019052,0.040998,0.02085,8,2471.624756,2.966903,5.137867,2.722544,0.340545,0.098023,pour
1130,0.648471,0,0,0.448779,0.051585,0.006406,0.036291,0.008,8,2471.624756,2.966903,5.137867,2.722544,0.328801,0.108511,pour
1131,12.504923,1,11.787852,12.276418,0.06671,0.015937,0.03859,0.01025,8,2471.624756,3.186695,5.423647,2.820166,0.318355,0.101273,pour
1132,0.616613,0,0,0.418742,0.059431,0.009109,0.038387,0.009871,8,2471.624756,3.186695,5.423647,2.820166,0.309169,0.098392,pour
1133,0.681331,0,0,0.466695,0.061294,0.009857,0.039187,0.010431,8,2471.624756,3.186695,5.423647,2.820166,0.3556,0.098357,pour
1134,11.893212,1,11.184457,11.672783,0.061118,0.009241,0.039408,0.01047,8,2471.624756,2.83223,5.166173,2.827073,0.318516,0.100583,pour
1135,0.636011,0,0,0.430949,0.062651,0.009924,0.039933,0.010776,8,2471.624756,2.83223,5.166173,2.827073,0.322323,0.097286,pour
1136,0.815622,0,0,0.560708,0.072667,0.010751,0.047586,0.012427,8,2471.624756,2.83223,5.166173,2.827073,0.419608,0.125369,pour
1137,14.602656,1,13.755921,14.353397,0.062338,0.009161,0.041183,0.010099,8,2471.624756,3.425341,6.125343,3.709745,0.371129,0.142166,pour
1138,0.656302,0,0,0.443792,0.064363,0.010056,0.041605,0.0104,8,2471.624756,3.425341,6.125343,3.709745,0.334104,0.098175,pour
1139,0.585498,0,0,0.407282,0.043772,0.005226,0.031095,0.006969,8,2471.624756,3.425341,6.125343,3.709745,0.299739,0.097074,pour
1140,11.905258,1,10.88186,11.6197,0.10117,0.015214,0.065249,0.018005,8,2471.624756,2.891229,5.095892,2.534273,0.558549,0.100317,pour
1141,0.724601,0,0,0.463683,0.067428,0.010197,0.043341,0.011405,8,2471.624756,2.891229,5.095892,2.534273,0.353432,0.098274,pour
1142,0.582118,0,0,0.404961,0.04324,0.005238,0.030969,0.006506,8,2471.624756,2.891229,5.095892,2.534273,0.297533,0.096922,pour
1143,11.89388,1,11.14782,11.671228,0.063364,0.009978,0.041055,0.010416,8,2471.624756,2.806136,5.366785,2.616389,0.351136,0.101128,pour
1144,0.687308,0,0,0.470708,0.064933,0.00997,0.041534,0.011056,8,2471.624756,2.806136,5.366785,2.616389,0.354509,0.104298,pour
1145,0.588496,0,0,0.410904,0.042907,0.005132,0.030679,0.006613,8,2471.624756,2.806136,5.366785,2.616389,0.297757,0.102762,pour
1146,11.583789,1,10.735469,11.336036,0.079852,0.011535,0.052806,0.013094,8,2471.624756,2.770054,5.009052,2.595716,0.425285,0.103208,pour
1147,0.66651,0,0,0.459813,0.063987,0.0102,0.040947,0.010726,8,2471.624756,2.770054,5.009052,2.595716,0.337527,0.103808,pour
1148,0.585378,0,0,0.40765,0.04389,0.005282,0.031101,0.006991,8,2471.624756,2.770054,5.009052,2.595716,0.299886,0.097242,pour
1149,13.346605,1,12.569555,13.111982,0.065027,0.009329,0.042886,0.01068,8,2471.624756,3.058941,6.26601,2.882908,0.352587,0.119294,pour
1150,0.757201,0,0,0.513375,0.062165,0.009694,0.039763,0.01048,8,2471.624756,3.058941,6.26601,2.882908,0.384338,0.116839,pour
1151,0.603028,0,0,0.425013,0.042981,0.005314,0.030274,0.006823,8,2471.624756,3.058941,6.26601,2.882908,0.29859,0.115848,pour
1152,12.075396,1,11.280491,11.831135,0.049864,0.006114,0.035697,0.007443,8,2471.624756,2.936305,5.334129,2.607955,0.337205,0.127739,pour
1153,0.653311,0,0,0.442921,0.063387,0.010013,0.040403,0.010731,8,2471.624756,2.936305,5.334129,2.607955,0.314787,0.116687,pour
1154,0.679557,0,0,0.476084,0.061027,0.009106,0.03948,0.010482,8,2471.624756,2.936305,5.334129,2.607955,0.346842,0.116346,pour
1155,11.661136,1,10.850246,11.43511,0.061284,0.008916,0.040729,0.009803,8,2471.624756,2.719961,4.842476,2.737035,0.347473,0.13538,pour
1156,0.64359,0,0,0.440931,0.06163,0.009127,0.039838,0.010467,8,2471.624756,2.719961,4.842476,2.737035,0.312738,0.116744,pour
1157,0.709362,0,0,0.501655,0.058579,0.008483,0.038284,0.010152,8,2471.624756,2.719961,4.842476,2.737035,0.371471,0.117346,pour
1158,12.283455,1,11.421339,12.006272,0.087225,0.009904,0.063986,0.011303,8,2471.624756,2.998305,5.426447,2.636025,0.394291,0.118944,pour
1159,0.705013,0,0,0.487401,0.073146,0.009682,0.049962,0.011001,8,2471.624756,2.998305,5.426447,2.636025,0.360085,0.115913,pour
1160,0.747124,0,0,0.52316,0.058452,0.00752,0.040694,0.009297,8,2471.624756,2.998305,5.426447,2.636025,0.369475,0.139984,pour
1161,12.290845,1,11.548064,12.064023,0.063348,0.009949,0.040507,0.010611,8,2471.624756,3.027941,5.41031,2.753382,0.328655,0.118521,pour
1162,0.655152,0,0,0.442009,0.063814,0.010014,0.040588,0.010892,8,2471.624756,3.027941,5.41031,2.753382,0.314578,0.115814,pour
1163,0.688553,0,0,0.480858,0.063737,0.009996,0.040838,0.010399,8,2471.624756,3.027941,5.41031,2.753382,0.352194,0.115913,pour
1164,12.412068,1,11.590391,12.165929,0.070478,0.011544,0.044136,0.012221,8,2471.624756,2.99893,5.363631,2.862555,0.376205,0.120859,pour
1165,0.71039,0,0,0.447072,0.114361,0.011216,0.070047,0.020382,8,2471.624756,2.99893,5.363631,2.862555,0.31733,0.117894,pour
1166,0.696683,0,0,0.505426,0.051069,0.006728,0.03444,0.008412,8,2471.624756,2.99893,5.363631,2.862555,0.3766,0.11645,pour
1167,13.468063,1,12.570918,13.188732,0.073333,0.009896,0.050184,0.010813,8,2471.624756,3.272064,5.71267,3.127626,0.40719,0.126146,pour
1168,0.661127,0,0,0.4388,0.067452,0.010546,0.04209,0.011154,8,2471.624756,3.272064,5.71267,3.127626,0.33047,0.096698,pour
1169,0.699264,0,0,0.468299,0.052747,0.007149,0.035905,0.008201,8,2471.624756,3.272064,5.71267,3.127626,0.327561,0.129538,pour
1170,12.5629,1,11.843528,12.337686,0.059975,0.008972,0.039098,0.01007,8,2471.624756,3.184567,5.45448,2.770557,0.322713,0.100225,pour
1171,0.837364,0,0,0.575753,0.077972,0.011082,0.051107,0.013254,8,2471.624756,3.184567,5.45448,2.770557,0.424682,0.136051,pour
1172,0.772128,0,0,0.550087,0.063838,0.008947,0.040649,0.013391,8,2471.624756,3.184567,5.45448,2.770557,0.398524,0.129726,pour
1173,12.008956,1,11.210502,11.759454,0.063845,0.009721,0.040841,0.010736,8,2471.624756,2.901297,5.177341,2.714121,0.372701,0.100456,pour
1174,0.752495,0,0,0.51979,0.069092,0.010643,0.044331,0.011659,8,2471.624756,2.901297,5.177341,2.714121,0.373691,0.11479,pour
1175,0.65785,0,0,0.469941,0.046247,0.005838,0.032281,0.007204,8,2471.624756,2.901297,5.177341,2.714121,0.362993,0.094836,pour
1176,12.152847,1,11.393704,11.885198,0.074107,0.00991,0.051865,0.010048,8,2471.624756,2.945516,5.324694,2.719727,0.317283,0.099914,pour
1177,0.697815,0,0,0.479682,0.065522,0.01018,0.04232,0.010913,8,2471.624756,2.945516,5.324694,2.719727,0.369508,0.097116,pour
1178,0.631437,0,0,0.434972,0.046057,0.005457,0.033391,0.00656,8,2471.624756,2.945516,5.324694,2.719727,0.327624,0.095823,pour
1179,12.093738,1,11.317897,11.844213,0.069877,0.011313,0.04434,0.011691,8,2471.624756,2.933468,5.328302,2.658365,0.344815,0.103342,pour
1180,0.775931,0,0,0.497723,0.093849,0.011309,0.066781,0.013439,8,2471.624756,2.933468,5.328302,2.658365,0.344066,0.130706,pour
1181,0.613833,0,0,0.422535,0.045401,0.005907,0.031528,0.007003,8,2471.624756,2.933468,5.328302,2.658365,0.314839,0.095034,pour
1182,12.45263,1,11.577333,12.203807,0.075218,0.013565,0.043509,0.015571,8,2471.624756,3.082959,5.340813,2.727133,0.414847,0.098713,pour
1183,0.616007,0,0,0.414673,0.06021,0.009065,0.03916,0.009897,8,2471.624756,3.082959,5.340813,2.727133,0.301987,0.101491,pour
1184,0.577136,0,0,0.397454,0.04331,0.005107,0.030734,0.006939,8,2471.624756,3.082959,5.340813,2.727133,0.29287,0.094229,pour
1185,11.285429,1,10.586354,11.076468,0.06123,0.009798,0.039307,0.010074,8,2471.624756,2.74389,4.891075,2.591834,0.322105,0.099795,pour
1186,0.622786,0,0,0.415154,0.061423,0.00954,0.039755,0.010215,8,2471.624756,2.74389,4.891075,2.591834,0.308118,0.095494,pour
1187,0.588397,0,0,0.400903,0.042866,0.005194,0.030445,0.006596,8,2471.624756,2.74389,4.891075,2.591834,0.295634,0.094317,pour
1188,11.624547,1,10.923231,11.411457,0.060284,0.008622,0.039277,0.010191,8,2196.999756,2.84284,5.134879,2.583386,0.323219,0.09708,pour
1189,1.964879,0,0,1.767419,0.057112,0.008847,0.037385,0.009215,8,2196.999756,2.84284,5.134879,2.583386,1.660334,0.095663,pour
1190,1.942435,0,0,1.756904,0.048461,0.005428,0.035561,0.007023,8,2196.999756,2.84284,5.134879,2.583386,1.650599,0.095413,pour
1191,12.599271,1,10.573175,12.392433,0.059719,0.008591,0.039015,0.010082,8,2196.999756,2.743373,4.94625,2.526904,1.675237,0.07782,pour
1192,1.779299,0,0,1.543045,0.062804,0.009907,0.040275,0.010547,8,2196.999756,2.743373,4.94625,2.526904,1.457492,0.073595,pour
1193,1.787332,0,0,1.569375,0.047751,0.006071,0.03361,0.007221,8,2196.999756,2.743373,4.94625,2.526904,1.480459,0.077164,pour
1194,12.675912,1,10.810555,12.454704,0.047909,0.00609,0.033566,0.007487,8,0,2.777902,4.874757,2.757939,1.420096,0.134258,pour
1195,2.192203,0,0,1.97741,0.064316,0.010115,0.041815,0.010397,8,0,2.777902,4.874757,2.757939,1.883688,0.082311,pour
1196,2.341721,0,0,2.127991,0.052126,0.006957,0.035393,0.008642,8,0,2.777902,4.874757,2.757939,2.038981,0.07709,pour
1197,12.73391,1,10.585083,12.513078,0.059882,0.009395,0.038334,0.010017,8,0,2.716308,5.011507,2.503083,1.788996,0.073844,pour
1198,1.621616,0,0,1.428362,0.051216,0.00721,0.034504,0.008196,8,0,2.716308,5.011507,2.503083,1.344567,0.073221,pour
1199,1.774174,0,0,1.565791,0.055766,0.008047,0.037091,0.00917,8,0,2.716308,5.011507,2.503083,1.48025,0.073562,pour
1200,12.331898,1,10.765286,12.102432,0.052376,0.007098,0.035592,0.00849,8,0,2.740318,5.099488,2.528329,1.224783,0.046554,pour
1201,1.187866,0,0,0.966347,0.067412,0.009622,0.039145,0.016877,8,0,2.740318,5.099488,2.528329,0.909579,0.045252,pour
1202,1.322135,0,0,1.102332,0.056134,0.007245,0.039146,0.008811,8,0,2.740318,5.099488,2.528329,1.038571,0.050965,pour
1203,11.769147,1,10.51657,11.555658,0.060129,0.009117,0.039125,0.009921,8,0,2.755821,4.901564,2.494784,0.927622,0.045749,pour
1204,1.006837,0,0,0.779427,0.062119,0.009197,0.041794,0.009602,8,0,2.755821,4.901564,2.494784,0.713696,0.052714,pour
1205,0.995528,0,0,0.750745,0.095454,0.011512,0.058228,0.023814,8,0,2.755821,4.901564,2.494784,0.692323,0.045687,pour
1206,13.506331,1,12.641879,13.298753,0.049241,0.006531,0.034037,0.007768,8,0,3.316638,5.821372,3.079554,0.541974,0.047674,pour
1207,0.435806,0,0,0.236259,0.059978,0.00928,0.038801,0.010057,8,0,3.316638,5.821372,3.079554,0.180377,0.044839,pour
1208,0.388383,0,0,0.204982,0.047742,0.006099,0.03332,0.007658,8,0,3.316638,5.821372,3.079554,0.149622,0.044683,pour
1209,10.971401,1,10.535321,10.766501,0.059391,0.008661,0.038819,0.010145,8,0,2.818424,4.838886,2.507648,0.160357,0.006971,pour
1210,0.307215,0,0,0.119997,0.05258,0.007658,0.035486,0.00817,8,0,2.818424,4.838886,2.507648,0.102433,0.006597,pour
1211,0.330441,0,0,0.122805,0.06335,0.009726,0.04152,0.010308,8,0,2.818424,4.838886,2.507648,0.104112,0.00678,pour
1212,11.790992,1,11.4147,11.585736,0.048684,0.006329,0.033873,0.007827,8,0,2.984276,5.378515,2.681695,0.095669,0.008147,pour
1213,0.316155,0,0,0.119425,0.060188,0.009607,0.038811,0.009935,8,0,2.984276,5.378515,2.681695,0.101506,0.006782,pour
1214,0.295584,0,0,0.114142,0.047887,0.006037,0.033472,0.007649,8,0,2.984276,5.378515,2.681695,0.096967,0.006631,pour
1215,11.022315,1,10.638078,10.816987,0.060313,0.008865,0.039505,0.010038,8,0,2.848524,4.932044,2.490164,0.106638,0.006956,pour
1216,0.305944,0,0,0.113128,0.054214,0.007746,0.03687,0.008395,8,0,2.848524,4.932044,2.490164,0.095822,0.006771,pour
1217,0.32079,0,0,0.121467,0.059136,0.008645,0.039043,0.009807,8,0,2.848524,4.932044,2.490164,0.102699,0.006657,pour
1218,12.491259,1,12.114759,12.285502,0.048905,0.006406,0.033581,0.008022,8,0,3.167894,5.741965,2.830705,0.095919,0.00808,pour
1219,0.313179,0,0,0.116911,0.060211,0.009588,0.039113,0.009524,8,0,3.167894,5.741965,2.830705,0.099435,0.006641,pour
1220,0.326673,0,0,0.136717,0.054513,0.007196,0.037658,0.007972,8,0,3.167894,5.741965,2.830705,0.118868,0.006669,pour
1221,10.985825,1,10.593258,10.77192,0.064981,0.009329,0.042947,0.010675,8,0,2.831032,4.945697,2.448875,0.103855,0.006907,pour
1222,0.296382,0,0,0.112178,0.051185,0.007425,0.034454,0.008051,8,0,2.831032,4.945697,2.448875,0.095225,0.006616,pour
1223,0.350176,0,0,0.12233,0.062163,0.008831,0.04139,0.010038,8,0,2.831032,4.945697,2.448875,0.103765,0.006686,pour
1224,12.341485,1,11.897483,12.091733,0.049007,0.006203,0.033947,0.0081,8,0,2.982587,5.530443,2.868896,0.094552,0.011445,pour
1225,0.352181,0,0,0.148067,0.06421,0.009943,0.041109,0.010828,8,0,2.982587,5.530443,2.868896,0.130276,0.006638,pour
1226,0.280577,0,0,0.109596,0.040184,0.004838,0.028604,0.006285,8,0,2.982587,5.530443,2.868896,0.09284,0.006575,pour
1227,11.349901,1,10.886308,11.097596,0.084878,0.0098,0.042751,0.030189,8,0,2.942466,4.978494,2.584912,0.105515,0.007459,pour
1228,0.316124,0,0,0.118196,0.059167,0.009173,0.03877,0.009592,8,0,2.942466,4.978494,2.584912,0.099993,0.006876,pour
1229,0.28221,0,0,0.110296,0.040712,0.004792,0.028987,0.00637,8,0,2.942466,4.978494,2.584912,0.093469,0.006628,pour
1230,11.221294,1,10.818223,11.001493,0.06426,0.010038,0.041722,0.010487,8,0,2.967441,4.972466,2.501475,0.106489,0.00808,pour
1231,0.309354,0,0,0.116873,0.059383,0.008901,0.038938,0.009437,8,0,2.967441,4.972466,2.501475,0.099544,0.00666,pour
1232,0.323813,0,0,0.130791,0.053245,0.005286,0.040647,0.006729,8,0,2.967441,4.972466,2.501475,0.113795,0.006735,pour
1233,12.861776,1,12.384036,12.59746,0.06757,0.010252,0.043975,0.011237,8,0,3.173448,5.849549,2.847942,0.106811,0.011493,pour
1234,0.342573,0,0,0.127995,0.064709,0.010253,0.041361,0.010563,8,0,3.173448,5.849549,2.847942,0.10997,0.006723,pour
1235,0.317704,0,0,0.111183,0.04113,0.004935,0.029018,0.006663,8,0,3.173448,5.849549,2.847942,0.094561,0.006577,pour
1236,11.816347,1,11.363879,11.562008,0.067682,0.010714,0.043146,0.011596,8,0,2.917495,5.279253,2.746848,0.113508,0.008644,pour
1237,0.46599,0,0,0.249171,0.06585,0.010197,0.042392,0.010978,8,0,2.917495,5.279253,2.746848,0.228459,0.008534,pour
1238,0.397775,0,0,0.217667,0.043554,0.005032,0.030888,0.006933,8,0,2.917495,5.279253,2.746848,0.199383,0.006802,pour
1239,11.490493,1,10.938109,11.270133,0.063394,0.009808,0.040761,0.010655,8,0,3.045839,4.990992,2.490975,0.20036,0.061169,pour
1240,0.573954,0,0,0.340286,0.065171,0.010538,0.041558,0.010566,8,0,3.045839,4.990992,2.490975,0.267848,0.060069,pour
1241,0.517946,0,0,0.279431,0.064392,0.009892,0.041131,0.01106,8,0,3.045839,4.990992,2.490975,0.204683,0.061208,pour
1242,11.534623,1,10.870246,11.257413,0.065475,0.010278,0.042107,0.010819,8,0,2.982782,4.93404,2.55954,0.228346,0.064202,pour
1243,0.723176,0,0,0.51121,0.062664,0.009462,0.040606,0.010514,8,0,2.982782,4.93404,2.55954,0.438467,0.060614,pour
1244,1.105561,0,0,0.840746,0.09642,0.014272,0.061386,0.017868,8,0,2.982782,4.93404,2.55954,0.742012,0.081423,pour
1245,12.420068,1,11.628525,12.188206,0.072673,0.009162,0.050367,0.010872,8,0,3.135728,5.457358,2.655738,0.430868,0.057443,pour
1246,0.894879,0,0,0.676655,0.061795,0.009817,0.040172,0.009951,8,0,3.135728,5.457358,2.655738,0.608511,0.056562,pour
1247,0.79364,0,0,0.605741,0.050712,0.006626,0.034835,0.008186,8,0,3.135728,5.457358,2.655738,0.53706,0.05686,pour
1248,12.683883,1,11.719005,12.461233,0.048925,0.006532,0.034041,0.007472,8,0,3.061794,5.228609,2.967814,0.583969,0.079394,pour
1249,0.955277,0,0,0.751854,0.060752,0.008703,0.039861,0.010204,8,0,3.061794,5.228609,2.967814,0.683687,0.056426,pour
1250,0.93701,0,0,0.741356,0.057359,0.006166,0.042226,0.007985,8,0,3.061794,5.228609,2.967814,0.673081,0.056429,pour
1251,12.832463,1,11.700687,12.59491,0.059798,0.008565,0.039414,0.009874,8,0,3.092838,5.295371,2.844671,0.684515,0.128074,pour
1252,1.337521,0,0,1.12942,0.061584,0.009386,0.040027,0.010052,8,0,3.092838,5.295371,2.844671,1.018928,0.098675,pour
1253,1.371834,0,0,1.184926,0.048658,0.006303,0.034002,0.007417,8,0,3.092838,5.295371,2.844671,1.074903,0.098417,pour
1254,13.197736,1,11.784701,12.992251,0.047912,0.00603,0.033628,0.007471,8,0,3.023835,5.484155,2.893932,1.005086,0.102024,pour
1255,1.572649,0,0,1.373252,0.060767,0.009517,0.039349,0.009899,8,0,3.023835,5.484155,2.893932,1.263746,0.098355,pour
1256,1.566206,0,0,1.37764,0.051118,0.006684,0.03488,0.008403,8,0,3.023835,5.484155,2.893932,1.266591,0.099287,pour
1257,13.566193,1,11.797608,13.333483,0.060373,0.009108,0.039361,0.009884,8,0,3.243983,5.451877,2.727363,1.371167,0.095754,pour
1258,1.863208,0,0,1.646348,0.062233,0.009477,0.040784,0.009949,8,0,3.243983,5.451877,2.727363,1.539315,0.095094,pour
1259,1.818751,0,0,1.637297,0.04527,0.005443,0.032199,0.006967,8,0,3.243983,5.451877,2.727363,1.531173,0.094901,pour
1260,13.670707,1,11.617972,13.423514,0.048583,0.006172,0.034057,0.00751,8,0,2.982333,5.383889,2.874534,1.585288,0.110904,pour
1261,2.241126,0,0,2.000854,0.06861,0.010151,0.04523,0.011112,8,0,2.982333,5.383889,2.874534,1.875922,0.112105,pour
1262,2.177771,0,0,1.955621,0.06477,0.006308,0.049821,0.007997,8,0,2.982333,5.383889,2.874534,1.834876,0.108696,pour
1263,12.514209,1,10.522251,12.298356,0.060057,0.009009,0.03924,0.00978,8,0,2.81704,4.854824,2.482027,1.581983,0.126823,pour
1264,2.234042,0,0,1.993044,0.070039,0.01043,0.046145,0.011524,8,0,2.81704,4.854824,2.482027,1.862825,0.116733,pour
1265,2.002655,0,0,1.798979,0.045737,0.00552,0.03293,0.006757,8,0,2.81704,4.854824,2.482027,1.688465,0.09948,pour
1266,13.597648,1,11.638677,13.382211,0.048769,0.006258,0.0341,0.007718,8,0,3.135033,5.440199,2.692768,1.576042,0.099247,pour
1267,1.996969,0,0,1.778636,0.066762,0.01002,0.044193,0.010712,8,0,3.135033,5.440199,2.692768,1.656878,0.109055,pour
1268,2.093353,0,0,1.904754,0.044702,0.00551,0.032069,0.006535,8,0,3.135033,5.440199,2.692768,1.79836,0.095776,pour
1269,13.530872,1,11.407056,13.296255,0.06135,0.009193,0.039898,0.0104,8,0,2.907106,5.059562,2.969167,1.696437,0.114978,pour
1270,2.03286,0,0,1.820066,0.061739,0.009257,0.040068,0.010292,8,0,2.907106,5.059562,2.969167,1.712929,0.095497,pour
1271,1.857921,0,0,1.676095,0.044969,0.005505,0.0322,0.006601,8,0,2.907106,5.059562,2.969167,1.57065,0.09481,pour
1272,14.51595,1,11.178709,14.257663,0.097457,0.012569,0.066467,0.016052,8,0,2.991587,5.289555,2.499987,2.902444,0.099636,pour
1273,1.850655,0,0,1.642339,0.061375,0.009152,0.039826,0.010116,8,0,2.991587,5.289555,2.499987,1.531882,0.098349,pour
1274,1.890466,0,0,1.693288,0.057163,0.005824,0.043893,0.006756,8,0,2.991587,5.289555,2.499987,1.553361,0.128247,pour
1275,12.668167,1,10.754093,12.452998,0.059983,0.008533,0.039437,0.010266,8,0,2.873196,4.812797,2.689103,1.529251,0.100987,pour
1276,1.656197,0,0,1.45306,0.060923,0.009325,0.039048,0.010511,8,0,2.873196,4.812797,2.689103,1.339535,0.101807,pour
1277,1.554463,0,0,1.370798,0.045656,0.005453,0.032843,0.006786,8,0,2.873196,4.812797,2.689103,1.262311,0.097873,pour
1278,12.496955,1,10.67976,12.288692,0.05713,0.008082,0.038073,0.009341,8,0,2.860138,4.883225,2.565653,1.487458,0.05731,pour
1279,1.279961,0,0,1.081889,0.05891,0.008761,0.038308,0.009984,8,0,2.860138,4.883225,2.565653,1.014476,0.056048,pour
1280,1.275751,0,0,1.095698,0.04522,0.005363,0.032374,0.006842,8,0,2.860138,4.883225,2.565653,1.029358,0.055788,pour
1281,12.373447,1,10.758677,12.151536,0.064399,0.009784,0.041737,0.010492,8,0,2.99668,4.891033,2.497053,1.267606,0.056141,pour
1282,1.049719,0,0,0.819508,0.063044,0.009859,0.040126,0.010944,8,0,2.99668,4.891033,2.497053,0.727585,0.079827,pour
1283,0.942935,0,0,0.752908,0.052097,0.007309,0.035375,0.008008,8,0,2.99668,4.891033,2.497053,0.685397,0.055485,pour
1284,12.233577,1,11.148697,12.026773,0.052237,0.006663,0.036726,0.007841,8,0,2.947,5.179805,2.578139,0.739821,0.067503,pour
1285,0.683394,0,0,0.477378,0.062027,0.009238,0.040684,0.010172,8,0,2.947,5.179805,2.578139,0.404973,0.06051,pour
1286,0.643952,0,0,0.459935,0.049102,0.00676,0.033905,0.007441,8,0,2.947,5.179805,2.578139,0.388173,0.059952,pour
1287,11.553633,1,10.781557,11.324019,0.079418,0.008624,0.057725,0.011103,8,0,2.886512,5.031985,2.486473,0.457471,0.007282,pour
1288,0.415289,0,0,0.214323,0.060159,0.008977,0.03985,0.009566,8,0,2.886512,5.031985,2.486473,0.195685,0.006828,pour
1289,0.40432,0,0,0.207623,0.051793,0.006812,0.035383,0.008262,8,0,2.886512,5.031985,2.486473,0.188729,0.00679,pour
1290,11.608817,1,11.108177,11.381407,0.048358,0.006161,0.033729,0.007659,8,0,2.931523,4.997673,2.71097,0.185621,0.00931,pour
1291,0.398817,0,0,0.154434,0.07232,0.010553,0.048031,0.011574,8,0,2.931523,4.997673,2.71097,0.132288,0.008467,pour
1292,0.410114,0,0,0.15467,0.073017,0.01042,0.048387,0.012135,8,0,2.931523,4.997673,2.71097,0.1299,0.008804,pour
1293,11.828935,1,11.386312,11.580384,0.066431,0.010061,0.042548,0.011345,8,0,3.030684,5.066453,2.872861,0.109651,0.008499,pour
1294,0.332158,0,0,0.122365,0.063397,0.009575,0.041125,0.010533,8,0,3.030684,5.066453,2.872861,0.103697,0.006909,pour
1295,0.36086,0,0,0.139942,0.08367,0.006761,0.067451,0.008238,8,0,3.030684,5.066453,2.872861,0.121139,0.006947,pour
1296,11.452585,1,10.982672,11.189169,0.051275,0.006512,0.036379,0.007669,8,0,2.983838,5.056701,2.545754,0.096085,0.028924,pour
1297,0.325852,0,0,0.121052,0.062291,0.009269,0.040153,0.010436,8,0,2.983838,5.056701,2.545754,0.102318,0.006833,pour
1298,0.299361,0,0,0.114536,0.049624,0.006302,0.034374,0.007976,8,0,2.983838,5.056701,2.545754,0.096418,0.006677,pour
1299,11.17965,1,10.790905,10.967935,0.05968,0.008474,0.039396,0.009854,8,0,2.902141,5.001598,2.507686,0.102728,0.007057,pour
1300,0.372973,0,0,0.15468,0.065797,0.01025,0.042206,0.011043,8,0,2.902141,5.001598,2.507686,0.135222,0.006994,pour
1301,0.376801,0,0,0.159515,0.06576,0.010197,0.041411,0.011723,8,0,2.902141,5.001598,2.507686,0.138642,0.006958,pour
1302,12.147142,1,11.680736,11.887514,0.078069,0.013397,0.046911,0.015091,8,0,3.251202,5.348493,2.657601,0.117785,0.008158,pour
1303,0.396148,0,0,0.145323,0.083368,0.027134,0.042461,0.011663,8,0,3.251202,5.348493,2.657601,0.105762,0.01623,pour
1304,0.347572,0,0,0.164321,0.045953,0.00574,0.031983,0.007319,8,0,3.251202,5.348493,2.657601,0.145332,0.006909,pour
1305,12.277261,1,11.755684,12.037229,0.067599,0.010494,0.043182,0.011443,8,0,3.350948,5.240747,2.784526,0.160566,0.008898,pour
1306,0.385465,0,0,0.163411,0.07326,0.009975,0.05042,0.010594,8,0,3.350948,5.240747,2.784526,0.144044,0.006976,pour
1307,0.292221,0,0,0.113259,0.04262,0.005034,0.030061,0.006782,8,0,3.350948,5.240747,2.784526,0.095421,0.006808,pour
1308,13.389376,1,12.884287,13.113713,0.081697,0.012584,0.053252,0.013279,8,0,3.493016,6.14663,2.858376,0.140052,0.008573,pour
1309,0.340971,0,0,0.125026,0.068429,0.010567,0.043824,0.011407,8,0,3.493016,6.14663,2.858376,0.105402,0.007195,pour
1310,0.291277,0,0,0.113807,0.043022,0.005315,0.030101,0.006776,8,0,3.493016,6.14663,2.858376,0.095484,0.006893,pour
1311,12.515734,1,11.932481,12.202671,0.065916,0.010719,0.042353,0.010617,8,0,3.140432,5.337167,2.929548,0.114976,0.031659,pour
1312,0.554798,0,0,0.233052,0.096895,0.01393,0.063473,0.01679,8,0,3.140432,5.337167,2.929548,0.205586,0.011128,pour
1313,0.43301,0,0,0.182962,0.069747,0.007636,0.048985,0.01207,8,0,3.140432,5.337167,2.929548,0.157589,0.010676,pour
1314,11.697825,1,11.29732,11.493309,0.048906,0.006334,0.034073,0.007689,8,0,3.040128,5.304749,2.581381,0.107716,0.007755,pour
1315,0.410389,0,0,0.147989,0.074422,0.010466,0.04996,0.011739,8,0,3.040128,5.304749,2.581381,0.125363,0.008479,pour
1316,0.356702,0,0,0.139121,0.052353,0.006174,0.036786,0.008711,8,0,3.040128,5.304749,2.581381,0.117586,0.008329,pour
1317,12.83586,1,12.334328,12.568367,0.073979,0.010789,0.049173,0.012108,8,0,3.317377,5.633659,2.900777,0.134684,0.009561,pour
1318,0.324234,0,0,0.122468,0.061238,0.009079,0.040304,0.010073,8,0,3.317377,5.633659,2.900777,0.103609,0.006985,pour
1319,0.31431,0,0,0.132656,0.041402,0.005158,0.028986,0.006676,8,0,3.317377,5.633659,2.900777,0.115273,0.006783,pour
1320,11.990239,1,11.542793,11.756272,0.071499,0.009167,0.049595,0.01128,8,0,3.101001,5.412775,2.649093,0.132525,0.007445,pour
1321,0.300073,0,0,0.113711,0.049844,0.006602,0.034912,0.00724,8,0,3.101001,5.412775,2.649093,0.096251,0.006845,pour
1322,0.303248,0,0,0.11685,0.051756,0.007409,0.035322,0.008026,8,0,3.101001,5.412775,2.649093,0.09841,0.00673,pour
1323,11.287327,1,10.906388,11.084135,0.055398,0.008063,0.036634,0.008803,8,0,2.937384,4.990398,2.607066,0.101641,0.007224,pour
1324,0.314349,0,0,0.116411,0.055502,0.008199,0.03678,0.008765,8,0,2.937384,4.990398,2.607066,0.098486,0.006841,pour
1325,0.342646,0,0,0.126161,0.060055,0.008768,0.039582,0.009853,8,0,2.937384,4.990398,2.607066,0.106219,0.006993,pour
1326,12.197702,1,11.802008,11.984942,0.049987,0.006774,0.034647,0.00754,8,0,3.110788,5.362954,2.881458,0.09824,0.008352,pour
1327,0.326894,0,0,0.124551,0.06113,0.009259,0.039771,0.01018,8,0,3.110788,5.362954,2.881458,0.10601,0.006962,pour
1328,0.29648,0,0,0.114217,0.048822,0.006382,0.033756,0.007644,8,0,3.110788,5.362954,2.881458,0.09585,0.006846,pour
1329,11.342676,1,10.915371,11.110616,0.058208,0.008381,0.03864,0.009366,8,0,2.906719,5.030129,2.51709,0.104502,0.009035,pour
1330,0.405465,0,0,0.1542,0.073726,0.010744,0.049456,0.011618,8,0,2.906719,5.030129,2.51709,0.13035,0.008766,pour
1331,0.397285,0,0,0.150013,0.068154,0.009011,0.04731,0.010343,8,0,2.906719,5.030129,2.51709,0.125502,0.008837,pour
1332,13.78244,1,13.280345,13.513279,0.066849,0.008843,0.046532,0.010353,8,0,3.637361,6.132761,3.003214,0.132403,0.010037,pour
1333,0.33454,0,0,0.128347,0.062157,0.009474,0.040589,0.010069,8,0,3.637361,6.132761,3.003214,0.109723,0.006791,pour
1334,0.4214,0,0,0.159024,0.070897,0.010615,0.0478,0.010786,8,0,3.637361,6.132761,3.003214,0.133617,0.008969,pour
1335,11.960492,1,11.510553,11.717027,0.058313,0.00799,0.038675,0.009756,8,0,3.00151,5.135469,2.86641,0.106274,0.009518,pour
1336,0.328475,0,0,0.1234,0.06072,0.009323,0.039566,0.009886,8,0,3.00151,5.135469,2.86641,0.104675,0.006884,pour
1337,0.312301,0,0,0.117364,0.05327,0.007086,0.037068,0.008037,8,0,3.00151,5.135469,2.86641,0.098569,0.006918,pour
1338,13.295317,1,12.844309,13.057892,0.066124,0.00886,0.0463,0.010064,8,0,3.549551,6.052131,2.865279,0.131085,0.007976,pour
1339,0.330196,0,0,0.121541,0.06172,0.009632,0.039946,0.010069,8,0,3.549551,6.052131,2.865279,0.102965,0.006893,pour
1340,0.299379,0,0,0.11578,0.049279,0.006442,0.034375,0.007307,8,0,3.549551,6.052131,2.865279,0.097201,0.006725,pour
1341,11.493965,1,11.089359,11.276177,0.065609,0.010334,0.042816,0.010411,8,0,3.028963,5.144323,2.543015,0.109924,0.007196,pour
1342,0.332065,0,0,0.123999,0.062824,0.009287,0.041214,0.010349,8,0,3.028963,5.144323,2.543015,0.104647,0.007007,pour
1343,0.305736,0,0,0.118039,0.05048,0.006457,0.034878,0.007856,8,0,3.028963,5.144323,2.543015,0.099156,0.006812,pour
1344,11.478994,1,11.104389,11.27672,0.048539,0.006291,0.033741,0.007477,8,0,2.979664,5.05314,2.639252,0.096344,0.007982,pour
1345,0.330431,0,0,0.129132,0.06154,0.009378,0.040167,0.009889,8,0,2.979664,5.05314,2.639252,0.111036,0.006838,pour
1346,0.302999,0,0,0.113813,0.055245,0.006305,0.040472,0.007397,8,0,2.979664,5.05314,2.639252,0.095566,0.006671,pour
1347,11.761505,1,11.364253,11.547322,0.06254,0.00899,0.041453,0.010058,8,0,2.923062,5.538685,2.526625,0.10591,0.007099,pour
1348,0.335653,0,0,0.124642,0.06443,0.009496,0.041622,0.011155,8,0,2.923062,5.538685,2.526625,0.10487,0.007107,pour
1349,0.303145,0,0,0.116937,0.050341,0.006745,0.034409,0.008158,8,0,2.923062,5.538685,2.526625,0.097955,0.007028,pour
1350,11.557128,1,11.177117,11.350886,0.048653,0.006649,0.03389,0.007395,8,0,2.925786,5.220359,2.639701,0.09599,0.007881,pour
