step,time,executed,fluid_dt,contained_mass,liquid_mass,retained_mass,tank_y,tank_vy,liquid_y,contained_Ix,contained_Iy,contained_Iz,body_Px,body_Py,body_Pz,liquid_Px,liquid_Py,liquid_Pz,gravity_Iy,residual_x,residual_y,residual_z,kinetic_J,hydro_Fy,drag_Fy,particle_ms,coupling_ms,batch_support_Ix,batch_support_Iy,batch_support_Iz,batch_iterations,batch_closing_speed,batch_speed_scale,batch_cap,batch_rigid_rows,pre_step_body_y,pre_step_tank_vy,liquid_mean_vy
0,0.01666666753590107,1,0.01666666753590107,496.12503051757812,496.12503504753113,496.12503504753113,2.2386389617046198e-12,1.3431833423283024e-10,0.22318333488743308,0,0,0,-0.00013393040489972918,2.6863666846566048e-08,-2.315766778338002e-06,5.5953191139018754e-05,-81.116472170068178,3.6876266012786374e-05,-113.81645403468984,-7.7977213760710429e-05,32.699981891485336,3.4560499234448372e-05,31.41147732527563,0,0,2.6771959999999999,2.7582249999999999,0,0,0,0,0,1,0,0,0,0,-0.16350005833165995
1,0.033333335071802139,0,0,496.12503051757812,496.12503504753113,496.12503504753113,1.9623379310385047e-11,1.0430842856123945e-09,0.22318333488743308,0,0,0,-3.8608919794569374e-05,2.086168571224789e-07,3.9543957086607406e-05,5.5953191139018754e-05,-81.116472170068178,3.6876266012786374e-05,-146.51645713885014,1.734427134444938e-05,65.399985177398818,7.642022309939378e-05,31.41147732523855,0,0,0,0.11639099999999999,0,0,0,0,0,1,0,0,2.2386389617046198e-12,1.3431833423283024e-10,-0.16350005833165995
2,0.050000002607703209,1,0.033333335071802139,496.12503051757812,496.12503504753113,496.12503504753113,3.2778113556730659e-10,1.8489464181925541e-08,0.21262945521141391,-7.7985742308328554e-09,-76.403251647949219,1.9873780399137786e-09,-1.4883886478855857e-05,3.6978928363851082e-06,0.00013400682519204565,5.6333343868175678e-05,-166.94609369462827,3.6809012033067745e-05,-341.44936210406951,4.1449457389319821e-05,174.50327210733406,0.0001708158372251134,46.074410168810601,0,0,2.5664199999999999,2.6156169999999999,2.524256706237793e-05,109.10326385498047,9.7543001174926758e-05,10,1.5350269677583128e-07,1,0,4,1.9623379310385047e-11,1.0430842856123945e-09,-0.33650003910533166
3,0.066666670143604279,0,0,496.12503051757812,496.12503504753113,496.12503504753113,3.3436223234595275e-10,3.9486636183028168e-10,0.21262945521141391,0,0,0,5.9666569995897589e-05,7.8973272366056335e-08,-3.1526769816991873e-05,5.6333343868175678e-05,-166.94609369462827,3.6809012033067745e-05,-374.14936520822982,0.00011599991386407327,207.20327159257482,5.282242216075872e-06,46.074410168789257,0,0,0,0.031137999999999999,0,0,0,10,1.5350269677583128e-07,1,0,4,3.2778113556730659e-10,1.8489464181925541e-08,-0.33650003910533166
4,0.083333337679505348,1,0.033333335071802139,496.12503051757812,496.12503504753113,496.12503504753113,1.4882081345035658e-08,8.7286309735645773e-07,0.19907328131653021,-1.5415313470157344e-08,-109.45565032958984,3.0221432467669729e-08,-3.4645333357730124e-05,0.00017457261947129155,5.1567212722147815e-05,5.6356317746475426e-05,-219.72331456003241,3.6410047243862209e-05,-569.08227017344916,2.1710984388745302e-05,349.35913018603623,8.7977259966010024e-05,81.212295663660214,0,0,2.707382,2.7557079999999998,-0.0001074671745300293,142.15576171875,9.8347663879394531e-05,10,1.1295853710180381e-06,1,0,4,3.3436223234595275e-10,3.9486636183028168e-10,-0.44287890962604187
5,0.10000000521540642,0,0,496.12503051757812,496.12503504753113,496.12503504753113,4.0807721646274331e-09,-6.4807852595549775e-07,0.19907328131653021,0,0,0,2.1128016669536009e-06,-0.00012961570519109955,-0.00015224014759951388,5.6356317746475426e-05,-219.72331456003241,3.6410047243862209e-05,-601.78227327760942,5.8469119413429027e-05,382.05882910187182,-0.00011583010035565167,81.21229566362527,0,0,0,0.031091000000000001,0,0,0,10,1.1295853710180381e-06,1,0,4,1.4882081345035658e-08,8.7286309735645773e-07,-0.44287890962604187
6,0.11666667275130749,1,0.033333335071802139,496.12503051757812,496.12503504753113,496.12503504753113,2.3691782757850888e-08,1.1766605894081295e-06,0.17995902660245791,-3.5976941425985842e-09,-77.877098083496094,5.8689897741714958e-07,-9.806238949749968e-05,0.00023533211788162589,8.7709634044585982e-05,1.546908493837984e-05,-304.07912470080333,-2.2595715784667902e-05,-796.71517824282898,-8.259330455911984e-05,492.63628887414353,6.511391825991808e-05,147.2525346980257,0,0,3.141381,3.1914750000000001,-0.0001150965690612793,110.57730102539062,0.00025728344917297363,10,1.5889199858065695e-06,1,0,4,4.0807721646274331e-09,-6.4807852595549775e-07,-0.61290824534115906
7,0.13333334028720856,0,0,496.12503051757812,496.12503504753113,496.12503504753113,4.0695198322282522e-09,-1.1773356618505204e-06,0.17995902660245791,0,0,0,0.00016308581507473718,-0.00023546713237010408,-7.1547174229635857e-05,1.546908493837984e-05,-304.07912470080333,-2.2595715784667902e-05,-829.41518134698924,0.00017855490001311702,525.33582117905348,-9.4142890014303759e-05,147.25253469805918,0,0,0,0.042762000000000001,0,0,0,10,1.5889199858065695e-06,1,0,4,2.3691782757850888e-08,1.1766605894081295e-06,-0.61290824534115906
8,0.15000000782310963,1,0.033333335071802139,496.12503051757812,496.12503504753113,496.12503504753113,4.4099529361574241e-08,2.4018004296522122e-06,0.15870512363051062,-2.4286177513488383e-09,-159.09286499023438,3.0778414839005563e-06,-6.116284225754498e-05,0.00048036008593044244,0.00012184228808109765,2.7716175378222907e-05,-307.21915372647993,-6.2420279059338668e-05,-1024.3480863122086,-3.3446666879322073e-05,717.12941294581458,5.9422009021758981e-05,188.98218847044376,0,0,2.7880880000000001,2.8369339999999998,-0.00025182962417602539,191.79330444335938,0.00021910667419433594,10,3.1531544664176181e-06,1,0,4,4.0695198322282522e-09,-1.1773356618505204e-06,-0.61923735353739384
9,0.1666666753590107,0,0,496.12503051757812,496.12503504753113,496.12503504753113,4.0920831168023142e-09,-2.4004466467886232e-06,0.15870512363051062,0,0,0,4.3076283873233479e-06,-0.00048008932935772464,-0.00020641450646508019,2.7716175378222907e-05,-307.21915372647993,-6.2420279059338668e-05,-1057.0480894163688,3.2023803765546255e-05,749.82845560055955,-0.00026883478552441886,188.98218847050353,0,0,0,0.031078999999999999,0,0,0,10,3.1531544664176181e-06,1,0,4,4.4099529361574241e-08,2.4018004296522122e-06,-0.61923735353739384
10,0.18333334289491177,1,0.033333335071802139,496.12503051757812,496.12503504753113,496.12503504753113,3.2637281321967748e-08,1.7127117644122336e-06,0.13645809871100245,4.7012402859536451e-09,-134.97221374511719,5.6925791795947589e-06,-7.887529136496596e-05,0.00034254235288244672,0.0001202193175231514,4.7152325821420149e-05,-334.47976284611423,-4.0451159479815146e-05,-1251.9809943815883,-3.1722965543545811e-05,917.50157407782694,7.9768158043336257e-05,240.86049396422408,0,0,2.431527,2.4782579999999998,-0.00011146068572998047,167.6728515625,0.00034630298614501953,10,2.2099277430243092e-06,1,0,4,4.0920831168023142e-09,-2.4004466467886232e-06,-0.6741844075940846
11,0.20000001043081284,0,0,496.12503051757812,496.12503504753113,496.12503504753113,4.1321595034560232e-09,-1.7103071741075837e-06,0.13645809871100245,0,0,0,2.7325557994117844e-05,-0.00034206143482151674,-5.9507715377549175e-05,4.7152325821420149e-05,-334.47976284611423,-4.0451159479815146e-05,-1284.6809974857488,7.4477883815537993e-05,950.20089257819973,-9.9958874857364322e-05,240.8604939641744,0,0,0,0.030970999999999999,0,0,0,10,2.2099277430243092e-06,1,0,4,3.2637281321967748e-08,1.7127117644122336e-06,-0.6741844075940846
12,0.21666667796671391,1,0.033333335071802139,496.12503051757812,496.12503504753113,496.12503504753113,4.2527745769405101e-09,7.2368964154634341e-09,0.11621233684067819,6.4591354203002993e-06,-265.64190673828125,1.1246394024055917e-05,2.8846432087448193e-05,1.4473792830926868e-06,3.9560438835906098e-05,5.8352971036956802e-05,-231.07070918738248,-5.3157540317982921e-05,-1479.6139024509678,8.7199403124404995e-05,1248.5431947109646,-1.3597101482076823e-05,186.85881134593214,0,0,3.0690170000000001,3.1302690000000002,-5.0067901611328125e-06,298.34225463867188,8.8214874267578125e-05,20,6.5826654349621094e-08,1.3762753009796143,0,4,4.1321595034560232e-09,-1.7103071741075837e-06,-0.46575095563408692
13,0.23333334550261497,0,0,496.12503051757812,496.12503504753113,496.12503504753113,4.2548311540713257e-09,1.234079505252339e-10,0.11621233684067819,0,0,0,2.0432480596355163e-06,2.468159010504678e-08,-0.00013393297422226169,5.8352971036956802e-05,-231.07070918738248,-5.3157540317982921e-05,-1512.313905555128,6.0396219096592318e-05,1281.2431963924271,-0.00018709051454024461,186.85881134597065,0,0,0,0.031067000000000001,0,0,0,20,6.5826654349621094e-08,1.3762753009796143,0,4,4.2527745769405101e-09,7.2368964154634341e-09,-0.46575095563408692
14,0.25000001303851604,1,0.033333335071802139,496.12503051757812,496.12503504753113,496.12503504753113,4.5396273407050103e-09,1.7087771198021073e-08,0.10088454701361199,2.7808455342892557e-05,-194.78105163574219,6.4579086028970778e-05,1.6817713799355261e-05,3.4175542396042147e-06,7.8178879903134657e-05,-2.4986887310340933e-05,-198.52248520923138,-6.2529002475386619e-05,-1707.2468105203475,-8.1691735109856722e-06,1508.7243287286703,1.5649877427748038e-05,158.90148900908423,0,0,3.121448,3.169991,-1.2934207916259766e-05,227.4810791015625,0.00014775991439819336,20,2.6196275371148658e-08,1.2252659797668457,0,4,4.2548311540713257e-09,1.234079505252339e-10,-0.40014607444716427
15,0.26666668057441711,0,0,496.12503051757812,496.12503504753113,496.12503504753113,4.2755270435179682e-09,-1.5846021383936204e-08,0.10088454701361199,0,0,0,8.6187708348006709e-05,-3.1692042767872408e-06,-2.6785184559230402e-05,-2.4986887310340933e-05,-198.52248520923138,-6.2529002475386619e-05,-1739.9468136245077,6.1200821037665776e-05,1541.4243252460722,-8.9314187034617021e-05,158.90148900909233,0,0,0,0.031011,0,0,0,20,2.6196275371148658e-08,1.2252659797668457,0,4,4.5396273407050103e-09,1.7087771198021073e-08,-0.40014607444716427
16,0.28333334811031818,1,0.033333335071802139,496.12503051757812,496.12503504753113,496.12503504753113,4.4812615840328363e-09,1.234408308903312e-08,0.089450142187934303,5.4541938879992813e-05,-227.82856750488281,-1.0967254638671875e-05,-2.5527745606268581e-05,2.468816617806624e-06,8.451365829387214e-05,-0.00011038573309507527,-132.92674000710016,-0.00017113167461646484,-1934.8797185897272,-0.00013591347870134385,1801.9529810514437,-8.6618016322592695e-05,107.30617401972277,0,0,2.9553690000000001,3.0032489999999998,-0.00016582012176513672,260.52862548828125,0.00012230873107910156,20,3.3876858651638031e-08,1.4970784187316895,0,4,4.2755270435179682e-09,-1.5846021383936204e-08,-0.26792991809890254
17,0.30000001564621925,0,0,496.12503051757812,496.12503504753113,496.12503504753113,4.2988475001948245e-09,-1.0944835260318087e-08,0.089450142187934303,0,0,0,2.5496132138869143e-05,-2.1889670520636173e-06,-9.4346319201576989e-06,-0.00011038573309507527,-132.92674000710016,-0.00017113167461646484,-1967.5797216938874,-8.4889600956206124e-05,1834.6529794978203,-0.00018056630653662253,107.30617401970362,0,0,0,0.040565999999999998,0,0,0,20,3.3876858651638031e-08,1.4970784187316895,0,4,4.4812615840328363e-09,1.234408308903312e-08,-0.26792991809890254
18,0.31666668318212032,1,0.033333335071802139,496.12503051757812,496.12503504753113,496.12503504753113,4.3188079779099553e-09,1.197625332238772e-09,0.083108009656473067,-2.189445513067767e-05,-241.15983581542969,-1.0956569894915447e-05,5.7069613035309885e-06,2.395250664477544e-07,0.00012455922160370392,1.59525894849466e-05,-53.999852159280998,-0.00014553687716345465,-2162.5126266591069,2.1659550788477588e-05,2108.5127747393508,-2.097765555975073e-05,66.476088494710083,0,0,3.2897029999999998,3.367686,1.2814998626708984e-06,273.85980224609375,0.00014615058898925781,20,5.7535565645139286e-08,1.2404376268386841,0,4,4.2988475001948245e-09,-1.0944835260318087e-08,-0.1088432317351362
19,0.33333335071802139,0,0,496.12503051757812,496.12503504753113,496.12503504753113,4.2979904080198139e-09,-1.2490422029998172e-09,0.083108009656473067,0,0,0,0.00016440121726191137,-2.4980844059996343e-07,-3.8666576074319892e-05,1.59525894849466e-05,-53.999852159280998,-0.00014553687716345465,-2195.2126297632672,0.00018035380674685797,2141.2127773541779,-0.00018420345323777454,66.47608849474237,0,0,0,0.045190000000000001,0,0,0,20,5.7535565645139286e-08,1.2404376268386841,0,4,4.3188079779099553e-09,1.197625332238772e-09,-0.1088432317351362
20,0.35000001825392246,1,0.033333335071802139,496.12503051757812,496.12503504753113,496.12503504753113,4.2962433610682638e-09,-1.0482364976027725e-10,0.078514222081015689,2.7874708393937908e-05,-166.82048034667969,-0.00026535987854003906,-4.2536444766483328e-05,-2.096472995205545e-08,0.00011534158375070547,3.7879471301476091e-05,-49.41217255075653,-3.0036367339766049e-05,-2390.1455347284864,-4.6569734650072365e-06,2340.733362156765,8.5305216410939418e-05,33.025843772198456,0,0,3.7719179999999999,3.8235969999999999,-0.00023761391639709473,199.52056884765625,0.00042039155960083008,20,1.2127486570534529e-07,1,0,4,4.2979904080198139e-09,-1.2490422029998172e-09,-0.099596208738030337
21,0.36666668578982353,0,0,496.12503051757812,496.12503504753113,496.12503504753113,4.2791850063395032e-09,-1.023502171904056e-09,0.078514222081015689,0,0,0,2.9140221613488393e-05,-2.047004343808112e-07,-1.1028166113646876e-05,3.7879471301476091e-05,-49.41217255075653,-3.0036367339766049e-05,-2422.8455378326466,6.7019692914964478e-05,2373.4333650771896,-4.1064533453412925e-05,33.025843772162823,0,0,0,0.031015999999999998,0,0,0,20,1.2127486570534529e-07,1,0,4,4.2962433610682638e-09,-1.0482364976027725e-10,-0.099596208738030337
22,0.3833333533257246,1,0.033333335071802139,496.12503051757812,496.12503504753113,496.12503504753113,4.2781698184057859e-09,-6.0918714517299577e-11,0.076110865616676709,0.00014349818229675293,-187.01780700683594,-9.1633810370694846e-05,-3.0228366654228012e-05,-1.2183742903459915e-08,9.9781107110175071e-05,-9.8196070518597234e-06,-24.627155329752686,1.1350709045685885e-05,-2617.7784427978659,-4.0047973706087735e-05,2593.1512874559294,0.00011113181615586096,20.042380391299485,0,0,3.3103379999999998,3.359245,-0.00020194053649902344,219.71784973144531,0.00019973516464233398,20,2.2146376466025686e-07,1,0,4,4.2791850063395032e-09,-1.023502171904056e-09,-0.049639009503709662
23,0.40000002086162567,0,0,496.12503051757812,496.12503504753113,496.12503504753113,4.2717820392113026e-09,-3.8326941620425714e-10,0.076110865616676709,0,0,0,2.9179068405937869e-05,-7.6653883240851428e-08,-1.1062977023357234e-05,-9.8196070518597234e-06,-24.627155329752686,1.1350709045685885e-05,-2650.4784459020261,1.9359461354078146e-05,2625.8512904956197,2.8773202232865061e-07,20.042380391270289,0,0,0,0.031364000000000003,0,0,0,20,2.2146376466025686e-07,1,0,4,4.2781698184057859e-09,-6.0918714517299577e-11,-0.049639009503709662
24,0.41666668839752674,1,0.033333335071802139,496.12503051757812,496.12503504753113,496.12503504753113,4.2699102031917846e-09,-1.1230527618977248e-10,0.075127933731898133,0.00022566318511962891,-176.70413208007812,1.526760752312839e-05,-9.9870035796811862e-06,-2.2461055237954497e-08,9.515866281617491e-05,-8.3731110716667898e-06,-10.1559911796937,0.00020790612426668814,-2845.4113508672463,-1.8360114651347976e-05,2835.2553596650914,0.00030306478708286305,46.819060895605581,0,0,3.8123170000000002,3.8632330000000001,-0.00026349723339080811,209.40402221679688,8.8632106781005859e-05,20,2.0849762449870468e-07,1.4412535429000854,0,4,4.2717820392113026e-09,-3.8326941620425714e-10,-0.020470628293774187
25,0.43333335593342781,0,0,496.12503051757812,496.12503504753113,496.12503504753113,4.266849540357498e-09,-1.8363799370035849e-10,0.075127933731898133,0,0,0,2.5564088446117239e-05,-3.6727598740071699e-08,-9.2948369001533138e-06,-8.3731110716667898e-06,-10.1559911796937,0.00020790612426668814,-2878.1113539714065,1.7190977374450449e-05,2867.9553627549853,0.00019861128736653482,46.819060895582361,0,0,0,0.031185000000000001,0,0,0,20,2.0849762449870468e-07,1.4412535429000854,0,4,4.2699102031917846e-09,-1.1230527618977248e-10,-0.020470628293774187
26,0.45000002346932888,1,0.033333335071802139,496.12503051757812,496.12503504753113,496.12503504753113,4.2839989333742778e-09,1.0289586960254837e-09,0.075472669232459294,0.0001663408474996686,-179.49406433105469,-0.13228511810302734,-4.2773081077029929e-05,2.0579173920509675e-07,8.8120532382163219e-05,-0.0002173405604344314,7.105121617940096,0.13251805734853384,-3073.0442589366257,-0.00026011364151146132,3080.1493807603574,0.132606177880916,23.405590691629413,0,0,3.5886689999999999,3.6375289999999998,-0.00023445487022399902,212.19400024414062,0.1323820948600769,20,2.0021273883230606e-07,1,0,4,4.266849540357498e-09,-1.8363799370035849e-10,0.014321231778314496
27,0.46666669100522995,0,0,496.12503051757812,496.12503504753113,496.12503504753113,4.259542496498625e-09,-1.4673897652528467e-09,0.075472669232459294,0,0,0,2.4167667334040743e-05,-2.9347795305056934e-07,-7.6442773888629745e-06,-0.0002173405604344314,7.105121617940096,0.13251805734853384,-3105.744262040786,-0.00019317289310039065,3112.8493833652483,0.13251041307114497,23.405590691607891,0,0,0,0.031338999999999999,0,0,0,20,2.0021273883230606e-07,1,0,4,4.2839989333742778e-09,1.0289586960254837e-09,0.014321231778314496
28,0.48333335854113102,1,0.033333335071802139,496.12503051757812,496.12503504753113,496.12503504753113,4.2724095372648208e-09,7.7202144677102069e-10,0.075465256690370769,-0.00061873346567153931,-147.74006652832031,0.017716294154524803,-6.1780320947946166e-05,1.5440428935420414e-07,9.5466702987323515e-05,0.0003460313842024008,-7.387701637045005,0.11477835530935364,-3300.6771670060048,0.00028425106325445464,3293.289465523364,0.11487382201234096,10.57022174109961,0,0,3.366441,3.4148960000000002,0.00053337216377258301,180.44003295898438,-0.017616510391235352,20,1.7067245039470436e-07,1,0,4,4.259542496498625e-09,-1.4673897652528467e-09,-0.014890805976636974
29,0.50000002607703209,0,0,496.12503051757812,496.12503504753113,496.12503504753113,4.3324890341978062e-09,3.6047604901057184e-09,0.075465256690370769,0,0,0,2.5273897108490928e-05,7.2095209802114368e-07,-8.9759879529083264e-06,0.0003460313842024008,-7.387701637045005,0.11477835530935364,-3333.377170110165,0.00037130528131089173,3325.9894691940722,0.11476937932140073,10.570221741068716,0,0,0,0.03092,0,0,0,20,1.7067245039470436e-07,1,0,4,4.2724095372648208e-09,7.7202144677102069e-10,-0.014890805976636974
30,0.51666669361293316,1,0.033333335071802139,496.12503051757812,496.12503504753113,496.12503504753113,4.2965031532560261e-09,-2.1591581855773256e-09,0.074341452598166297,0.0016662769485265017,-148.92169189453125,0.10756132006645203,-7.8736820796621032e-05,-4.3183163711546513e-07,8.3783407944792998e-05,-0.0012858713932013522,-20.699000563819325,0.0072048253766063136,-3528.3100750753847,-0.0013646082139979732,3507.611074079734,0.0072886087845511066,10.021607875950789,0,0,4.1310820000000001,4.1819119999999996,-0.0017700493335723877,181.62158203125,-0.10747170448303223,20,1.8102869603353611e-07,1,0,4,4.3324890341978062e-09,3.6047604901057184e-09,-0.041721338577151754
31,0.53333336114883423,0,0,496.12503051757812,496.12503504753113,496.12503504753113,4.2964360957853387e-09,-4.0132341894150159e-12,0.074341452598166297,0,0,0,2.5142514914477943e-05,-8.0264683788300317e-10,-8.6957498979245429e-06,-0.0012858713932013522,-20.699000563819325,0.0072048253766063136,-3561.010078179545,-0.0012607288782868742,3540.3110776149229,0.0071961296267083891,10.021607875917674,0,0,0,0.031371999999999997,0,0,0,20,1.8102869603353611e-07,1,0,4,4.2965031532560261e-09,-2.1591581855773256e-09,-0.041721338577151754
32,0.5500000286847353,1,0.033333335071802139,496.12503051757812,496.12503504753113,496.12503504753113,4.3173771224758184e-09,1.2564660423208807e-09,0.07377617337367158,0.0023823394440114498,-181.50059509277344,-0.00036126375198364258,-3.5187883895559935e-05,2.5129320846417613e-07,7.2330425382460817e-05,-0.0037920497373192187,-1.4312849445269786,0.0075153442516225997,-3755.9429831447646,-0.0038272376212147787,3754.5116984515307,0.0075876746770050605,11.408972860781123,0,0,3.346104,3.3954599999999999,-0.0024410337209701538,214.20065307617188,0.00043815374374389648,20,2.1891089829750854e-07,1,0,4,4.2964360957853387e-09,-4.0132341894150159e-12,-0.0028849278778883933
33,0.56666669622063637,0,0,496.12503051757812,496.12503504753113,496.12503504753113,4.2834704672145563e-09,-2.0344015361217771e-09,0.07377617337367158,0,0,0,2.5373395828864886e-05,-4.0688030722435542e-07,-9.0404228103579953e-06,-0.0037920497373192187,-1.4312849445269786,0.0075153442516225997,-3788.6429862489249,-0.0037666763414903538,3787.2117008975174,0.0075063038288122417,11.408972860765717,0,0,0,0.030929000000000002,0,0,0,20,2.1891089829750854e-07,1,0,4,4.3173771224758184e-09,1.2564660423208807e-09,-0.0028849278778883933
34,0.58333336375653744,1,0.033333335071802139,496.12503051757812,496.12503504753113,496.12503504753113,4.3006957994862205e-09,1.0335194922106439e-09,0.07424910095374597,0.0012043718015775084,-167.84088134765625,-0.005517125129699707,-2.0540326772788831e-05,2.0670389844212878e-07,8.4045376524954918e-05,-0.0049071717571604993,4.1767543097841795,0.012997396320293172,-3983.5758912141446,-0.0049277120839332882,3987.7526457306326,0.013081441696818127,15.91339066874858,0,0,3.77827,3.8467340000000001,-0.0012486875057220459,200.54090881347656,0.00560760498046875,20,1.8518053934712952e-07,1,0,4,4.2834704672145563e-09,-2.0344015361217771e-09,0.0084187533680577659
35,0.60000003129243851,0,0,496.12503051757812,496.12503504753113,496.12503504753113,4.3159551488258785e-09,9.1555385495212249e-10,0.07424910095374597,0,0,0,5.9487683756742626e-05,1.831107709904245e-07,-3.1425943802787515e-05,-0.0049071717571604993,4.1767543097841795,0.012997396320293172,-4016.2758943183048,-0.0048476840734037567,4020.4526488111997,0.012965970376490384,15.913390668755371,0,0,0,0.032497999999999999,0,0,0,20,1.8518053934712952e-07,1,0,4,4.3006957994862205e-09,1.0335194922106439e-09,0.0084187533680577659
36,0.61666669882833958,1,0.033333335071802139,496.12503051757812,496.12503504753113,496.12503504753113,4.2914023445916882e-09,-1.4731607045348483e-09,0.074096435338866937,-0.0025471746921539307,-152.08082580566406,0.00071293377550318837,-4.6822898980281025e-05,-2.9463214090696965e-07,6.223183390829945e-05,-0.0023227228935559208,-5.9753283406270237,0.012170227053658894,-4211.2087992835241,-0.0023695457925362018,4205.2334706482652,0.012232458887567193,10.000610019870864,0,0,3.6222400000000001,3.6713079999999998,0.0024421215057373047,184.78082275390625,-0.00062209367752075195,20,1.8218523223367811e-07,1,0,4,4.3159551488258785e-09,9.1555385495212249e-10,-0.012043996812324858
37,0.63333336636424065,0,0,496.12503051757812,496.12503504753113,496.12503504753113,4.2897219110216156e-09,-1.0081446788490211e-10,0.074096435338866937,0,0,0,2.5778331291803624e-05,-2.0162893576980423e-08,-9.3607610551771359e-06,-0.0023227228935559208,-5.9753283406270237,0.012170227053658894,-4243.9088023876839,-0.0022969445622641172,4237.9334740268941,0.012160866292603717,10.000610019856023,0,0,0,0.030876000000000001,0,0,0,20,1.8218523223367811e-07,1,0,4,4.2914023445916882e-09,-1.4731607045348483e-09,-0.012043996812324858
38,0.65000003390014172,1,0.033333335071802139,496.12503051757812,496.12503504753113,496.12503504753113,4.2792582810591284e-09,-6.2781602139239112e-10,0.07380051366021842,-0.0024797618389129639,-164.55805969238281,0.0093706874176859856,-1.2667186410908471e-05,-1.2556320427847822e-07,8.1075569369204459e-05,0.00020422610002531004,-3.6501222849013852,0.0026929005626853404,-4438.8417073529035,0.00019155891361440156,4435.1915849424386,0.0027739761320545449,3.931062612809991,0,0,3.3695210000000002,3.4182380000000001,0.0024425983428955078,197.25810241699219,-0.0092827081680297852,20,1.940963727520284e-07,1,0,4,4.2897219110216156e-09,-1.0081446788490211e-10,-0.0073572628411136039
39,0.66666670143604279,0,0,496.12503051757812,496.12503504753113,496.12503504753113,4.302293632463261e-09,1.3821255251400544e-09,0.07380051366021842,0,0,0,5.9302431054675253e-05,2.7642510502801088e-07,-3.1235055075740092e-05,0.00020422610002531004,-3.6501222849013852,0.0026929005626853404,-4471.5417104570643,0.00026352853107998529,4467.8915884485878,0.0026616655076096003,3.931062612817843,0,0,0,0.031059,0,0,0,20,1.940963727520284e-07,1,0,4,4.2792582810591284e-09,-6.2781602139239112e-10,-0.0073572628411136039
40,0.68333336897194386,1,0.033333335071802139,496.12503051757812,496.12503504753113,496.12503504753113,4.2854177983997488e-09,-1.0125587035503258e-09,0.073722969132418506,-0.00069510936737060547,-163.17585754394531,0.003052273066714406,-1.6927675972056022e-05,-2.0251174071006517e-07,8.1343574720449396e-05,0.0010190657406359393,-2.7070882522419222,-0.0004028647896582321,-4666.474615422283,0.0010021380646638833,4663.7675269675292,-0.0003215212149377827,2.9102322115437382,0,0,4.2351809999999999,4.2868050000000002,0.00062003731727600098,195.87591552734375,-0.0029427409172058105,20,1.8070399221414846e-07,1,0,4,4.302293632463261e-09,1.3821255251400544e-09,-0.0054564637158102097
41,0.70000003650784492,0,0,496.12503051757812,496.12503504753113,496.12503504753113,4.2764738417133685e-09,-5.3662629895256941e-10,0.073722969132418506,0,0,0,5.9632895954564447e-05,-1.0732525979051388e-07,-3.1543936529487837e-05,0.0010190657406359393,-2.7070882522419222,-0.0004028647896582321,-4699.1746185264437,0.0010786986365905037,4696.4675301668767,-0.00043440872618771993,2.9102322115516523,0,0,0,0.031563000000000001,0,0,0,20,1.8070399221414846e-07,1,0,4,4.2854177983997488e-09,-1.0125587035503258e-09,-0.0054564637158102097
42,0.71666670404374599,1,0.033333335071802139,496.12503051757812,496.12503504753113,496.12503504753113,4.2921732834599879e-09,9.4197338817991749e-10,0.073320312286112549,-0.0011047720909118652,-156.23468017578125,0.0045360438525676727,-1.2790536629836424e-05,1.883946776359835e-07,7.5422167356009595e-05,0.0018375291627977736,-8.7053521146317223,-0.0051874172626161334,-4894.1075234916625,0.0018247386261679372,4885.4021715654253,-0.0051119950952601238,3.9187181137046383,0,0,3.4093969999999998,3.459085,0.0010340213775634766,188.93460083007812,-0.0044319629669189453,20,1.7896979898068821e-07,1,0,4,4.2764738417133685e-09,-5.3662629895256941e-10,-0.017546689845630768
43,0.73333337157964706,0,0,496.12503051757812,496.12503504753113,496.12503504753113,4.2829757518347833e-09,-5.5185900293963641e-10,0.073320312286112549,0,0,0,9.3037914439264569e-05,-1.1037180058792728e-07,-1.4299641293291643e-05,0.0018375291627977736,-8.7053521146317223,-0.0051874172626161334,-4926.8075265958232,0.0019305670772370382,4918.1021743708197,-0.0052017169039094251,3.9187181137261224,0,0,0,0.041307000000000003,0,0,0,20,1.7896979898068821e-07,1,0,4,4.2921732834599879e-09,9.4197338817991749e-10,-0.017546689845630768
44,0.75000003911554813,1,0.033333335071802139,496.12503051757812,496.12503504753113,496.12503504753113,4.2914112263758852e-09,5.061320806909464e-10,0.072591905716527863,-0.00027056271210312843,-159.6116943359375,-0.0012585818767547607,-1.2607110022599954e-05,1.0122641613818928e-07,7.8163935768316151e-05,0.0021176778277884247,-11.326589773923839,-0.0040304755520196092,-5121.7404315610429,0.0021050707177658248,5110.4138418883458,-0.0039523116162512931,4.5756775951485693,0,0,3.6324019999999999,3.6989839999999998,0.00016775727272033691,192.3116455078125,0.001346886157989502,20,1.9589441535572405e-07,1,0,4,4.2829757518347833e-09,-5.5185900293963641e-10,-0.02283011131022384
45,0.7666667066514492,0,0,496.12503051757812,496.12503504753113,496.12503504753113,4.2863970151074682e-09,-3.0083979751793777e-10,0.072591905716527863,0,0,0,5.902955990677583e-05,-6.0167959503587554e-08,-3.0820729080005549e-05,0.0021176778277884247,-11.326589773923839,-0.0040304755520196092,-5154.4404346652027,0.0021767073876952005,5143.1138448311112,-0.0040612962810996148,4.575677595157412,0,0,0,0.033387,0,0,0,20,1.9589441535572405e-07,1,0,4,4.2914112263758852e-09,5.061320806909464e-10,-0.02283011131022384
46,0.78333337418735027,1,0.033333335071802139,496.12503051757812,496.12503504753113,496.12503504753113,4.2976271430461566e-09,6.7381117352383058e-10,0.071824854455229334,-0.0013918783515691757,-161.33047485351562,0.0074517130851745605,-1.4910661150224769e-05,1.3476223470476612e-07,7.9352400916832266e-05,0.003468006234540552,-12.228995417282658,-0.011551822297032782,-5349.3733396304233,0.0034530955733903272,5337.1443443479029,-0.01147246989611595,5.2421329119193372,0,0,3.923778,3.9732729999999998,0.0013188719749450684,194.03045654296875,-0.0073430538177490234,20,1.83344468496216e-07,1,0,4,4.2863970151074682e-09,-3.0083979751793777e-10,-0.024649019004072355
47,0.80000004172325134,0,0,496.12503051757812,496.12503504753113,496.12503504753113,4.3148786765812019e-09,1.0350955648164017e-09,0.071824854455229334,0,0,0,5.895566346225678e-05,2.0701911296328035e-07,-3.0446429377661843e-05,0.003468006234540552,-12.228995417282658,-0.011551822297032782,-5382.0733427345831,0.0035269618980028087,5369.8443475243193,-0.011582268726410444,5.2421329119277669,0,0,0,0.030948,0,0,0,20,1.83344468496216e-07,1,0,4,4.2976271430461566e-09,6.7381117352383058e-10,-0.024649019004072355
48,0.81666670925915241,1,0.033333335071802139,496.12503051757812,496.12503504753113,496.12503504753113,4.2794736643259057e-09,-2.1243129477710454e-09,0.071448738933825973,0.0012656219769269228,-168.29508972167969,-0.004651874303817749,-6.7990475827173213e-05,-4.2486258955420908e-07,7.7447936064345413e-05,0.0023742443833050255,-6.1668798911666238,-0.0067530575417979136,-5577.006247699801,0.0023062539074778523,5570.8393673837718,-0.0066756096057335682,2.9904698985873557,0,0,3.7055509999999998,3.7538840000000002,-0.0013893842697143555,200.9949951171875,0.004753410816192627,20,2.261012639337423e-07,1,0,4,4.3148786765812019e-09,1.0350955648164017e-09,-0.012430092125014025
49,0.83333337679505348,0,0,496.12503051757812,496.12503504753113,496.12503504753113,4.2973673508583943e-09,1.0736336264471902e-09,0.071448738933825973,0,0,0,3.1112091392060393e-05,2.1472672528943804e-07,-1.1136293665003905e-05,0.0023742443833050255,-6.1668798911666238,-0.0067530575417979136,-5609.7062508039617,0.0024053564746970859,5603.5393711275219,-0.0067641938354629175,2.9904698985588638,0,0,0,0.031001999999999998,0,0,0,20,2.261012639337423e-07,1,0,4,4.2794736643259057e-09,-2.1243129477710454e-09,-0.012430092125014025
50,0.85000004433095455,1,0.033333335071802139,496.12503051757812,496.12503504753113,496.12503504753113,4.2892862595067527e-09,-4.848671464330323e-10,0.071046965032004958,0.0010940232314169407,-161.49629211425781,-0.0039011240005493164,-7.2842084364310722e-05,-9.6973429286606461e-08,7.7266037123990827e-05,0.0015311492344206529,-6.9034811873173698,-0.0029555817911772076,-5804.6391557691813,0.0014583071500563422,5797.7356744848903,-0.0028783157540532168,3.474297334851439,0,0,3.871483,3.9400050000000002,-0.0011947751045227051,194.19631958007812,0.0039848089218139648,20,2.2710398184244696e-07,1,0,4,4.2973673508583943e-09,1.0736336264471902e-09,-0.013914801107861819
51,0.86666671186685562,0,0,496.12503051757812,496.12503504753113,496.12503504753113,4.2765444518977347e-09,-7.645208910389556e-10,0.071046965032004958,0,0,0,3.1573580372423748e-05,-1.5290417820779112e-07,-1.0892171076193335e-05,0.0015311492344206529,-6.9034811873173698,-0.0029555817911772076,-5837.3391588733421,0.0015627228147930767,5830.4356775331207,-0.0029664739622534009,3.474297334821328,0,0,0,0.031234999999999999,0,0,0,20,2.2710398184244696e-07,1,0,4,4.2892862595067527e-09,-4.848671464330323e-10,-0.013914801107861819
52,0.88333337940275669,1,0.033333335071802139,496.12503051757812,496.12503504753113,496.12503504753113,4.3454373432894045e-09,4.1335668221620381e-09,0.070676650953333378,0.0037186471745371819,-163.90521240234375,0.0028537213802337646,-7.7399516840159777e-05,8.2671336443240762e-07,0.00013501627336154343,-0.0019557149759445586,-5.2312245249849916,-0.0057835153983633912,-6032.2720638385617,-0.0020331144927847183,6027.0408401402901,-0.0056484991250018478,1.0803957417697627,0,0,3.4690530000000002,3.5171429999999999,-0.0038248300552368164,196.6051025390625,-0.0027135014533996582,20,2.2915986619409523e-07,1,0,4,4.2765444518977347e-09,-7.645208910389556e-10,-0.010544165594231332
53,0.90000004693865776,0,0,496.12503051757812,496.12503504753113,496.12503504753113,4.3094146029432068e-09,-2.1613608680581819e-09,0.070676650953333378,0,0,0,1.1857770232381881e-05,-4.3227217361163639e-07,-7.4049899012607057e-05,-0.0019557149759445586,-5.2312245249849916,-0.0057835153983633912,-6064.9720669427224,-0.0019438572057121767,6059.7408419854655,-0.0058575652973759983,1.0803957417238961,0,0,0,0.030834,0,0,0,20,2.2915986619409523e-07,1,0,4,4.3454373432894045e-09,4.1335668221620381e-09,-0.010544165594231332
54,0.91666671447455883,1,0.033333335071802139,496.12503051757812,496.12503504753113,496.12503504753113,4.3718468845099778e-09,3.7459240154191775e-09,0.070486390874499386,-0.0013142793904989958,-163.99711608886719,-0.0062394440174102783,-6.341876996884821e-05,7.491848030838355e-07,4.9501460352985305e-05,-0.00068050713814318494,-3.4670506042933575,0.00065436640161560522,-6259.9049719079403,-0.00074392590811203315,6256.4379220528317,0.00070386786196859053,1.0880140487707719,0,0,3.7955830000000002,3.846279,0.0012418180704116821,196.69703674316406,0.0063580870628356934,20,2.1693031726499612e-07,1,0,4,4.3094146029432068e-09,-2.1613608680581819e-09,-0.0069882597316646153
55,0.9333333820104599,0,0,496.12503051757812,496.12503504753113,496.12503504753113,4.3984966779930801e-09,1.5989796153803582e-09,0.070486390874499386,0,0,0,9.3031070491633727e-05,3.1979592307607163e-07,-1.4359324040924548e-05,-0.00068050713814318494,-3.4670506042933575,0.00065436640161560522,-6292.6049750121001,-0.00058747606765155122,6289.1379247276027,0.00064000707757468067,1.0880140487909897,0,0,0,0.040779000000000003,0,0,0,20,2.1693031726499612e-07,1,0,4,4.3718468845099778e-09,3.7459240154191775e-09,-0.0069882597316646153
56,0.95000004954636097,1,0.033333335071802139,496.12503051757812,496.12503504753113,496.12503504753113,4.4180357150480631e-09,1.1723489956594335e-09,0.070272641066385783,-0.00070166680961847305,-161.34396362304688,0.0020324289798736572,-9.2597178991127294e-05,2.344697991318867e-07,6.9069267283339286e-05,9.690155884388054e-05,-4.3560057315934131,-0.0013748188172766533,-6487.5378799773207,4.3043798527532469e-06,6483.1818744801967,-0.0013057495499933141,1.2712209889403325,0,0,3.844922,3.8940350000000001,0.00051932036876678467,194.04391479492188,-0.0019548535346984863,20,2.1999274224526744e-07,1,0,4,4.3984966779930801e-09,1.5989796153803582e-09,-0.008780056283948838
57,0.96666671708226204,0,0,496.12503051757812,496.12503504753113,496.12503504753113,4.3877874666975458e-09,-1.814897565566298e-09,0.070272641066385783,0,0,0,1.17016384137969e-05,-3.629795131132596e-07,-7.3841442826960701e-05,9.690155884388054e-05,-4.3560057315934131,-0.0013748188172766533,-6520.2378830814805,0.00010860319725767744,6515.8818769869076,-0.001448660260103614,1.2712209889145283,0,0,0,0.031008999999999998,0,0,0,20,2.1999274224526744e-07,1,0,4,4.4180357150480631e-09,1.1723489956594335e-09,-0.008780056283948838
58,0.98333338461816311,1,0.033333335071802139,496.12503051757812,496.12503504753113,496.12503504753113,4.4089238926403596e-09,1.2681979910666996e-09,0.069969194833518683,-0.00049930688692256808,-160.84437561035156,0.0010413229465484619,-8.5701458374387585e-05,2.5363959821333992e-07,6.7983182816533372e-05,0.00053227628461569661,-5.7445657734428295,-0.0023801582921738453,-6715.1707880467011,0.00044657482624130902,6709.4262225268976,-0.0023121751093573119,1.534815697289672,0,0,3.609359,3.657705,0.00040419399738311768,193.54428100585938,-0.00090503692626953125,20,2.1989977483372058e-07,1,0,4,4.3877874666975458e-09,-1.814897565566298e-09,-0.011578866954158992
59,1.0000000521540642,0,0,496.12503051757812,496.12503504753113,496.12503504753113,4.4038235280652316e-09,-3.0601743361557965e-10,0.069969194833518683,0,0,0,3.2009495498641627e-05,-6.120348672311593e-08,-1.0731304200817249e-05,0.00053227628461569661,-5.7445657734428295,-0.0023801582921738453,-6747.8707911508609,0.00056428578011433824,6742.1262253162149,-0.0023908895963746625,1.534815697257444,0,0,0,0.030931,0,0,0,20,2.1989977483372058e-07,1,0,4,4.4089238926403596e-09,1.2681979910666996e-09,-0.011578866954158992
60,1.0166667196899652,1,0.033333335071802139,496.12503051757812,496.12503504753113,496.12503504753113,4.3981183139862878e-09,-3.4230362988552088e-10,0.069529179863783791,-0.00039684894727542996,-160.32131958007812,0.00041800737380981445,-8.4206095607441966e-05,-6.8460725977104175e-08,6.8026048438696307e-05,0.00092969158667547845,-7.6561982983495049,-0.0027130015240895838,-6942.8036961160788,0.00084548549106803648,6935.147497749269,-0.0026449754756508875,2.108247665324539,0,0,3.7752720000000002,3.8270879999999998,0.00028343498706817627,193.02127075195312,-0.00034421682357788086,20,2.2115321485216555e-07,1,0,4,4.4038235280652316e-09,-3.0601743361557965e-10,-0.01543199346434111
61,1.0333333872258663,0,0,496.12503051757812,496.12503504753113,496.12503504753113,4.4162549173165644e-09,1.0881850975863472e-09,0.069529179863783791,0,0,0,3.1859235605224967e-05,2.1763701951726944e-07,-1.0934169836218643e-05,0.00092969158667547845,-7.6561982983495049,-0.0027130015240895838,-6975.5036992202395,0.00096155082228070341,6967.8475011395267,-0.0027239356939258025,2.1082476652932165,0,0,0,0.031586999999999997,0,0,0,20,2.2115321485216555e-07,1,0,4,4.3981183139862878e-09,-3.4230362988552088e-10,-0.01543199346434111
62,1.0500000547617674,1,0.033333335071802139,496.12503051757812,496.12503504753113,496.12503504753113,4.8267305707838659e-09,2.4628548089822289e-08,0.069062508135831285,-0.00040272119804285467,-168.63728332519531,0.00047907233238220215,-4.1131764305646357e-05,4.9257096179644577e-06,0.00010495656397324638,0.0012830633349294755,-1.2517673057047292,-0.0031793545724546693,-7170.4366041854591,0.0012419315706238292,7169.1848418054642,-0.0030743980084814229,0.40760126864491875,0,0,3.5726460000000002,3.621791,0.00033394992351531982,201.33734130859375,-0.00036960840225219727,20,2.9068877438476193e-07,1,0,4,4.4162549173165644e-09,1.0881850975863472e-09,-0.0025230883694163991
63,1.0666667222976685,0,0,496.12503051757812,496.12503504753113,496.12503504753113,4.8173993683064964e-09,-5.5988502722925659e-10,0.069062508135831285,0,0,0,2.8494724801930715e-05,-1.1197700544585132e-07,-1.1006474665009591e-05,0.0012830633349294755,-1.2517673057047292,-0.0031793545724546693,-7203.1366072896199,0.0013115580597314062,7201.8848398719383,-0.0031903610471196789,0.40760126861582485,0,0,0,0.030880000000000001,0,0,0,20,2.9068877438476193e-07,1,0,4,4.8267305707838659e-09,2.4628548089822289e-08,-0.0025230883694163991
64,1.0833333898335695,1,0.033333335071802139,496.12503051757812,496.12503504753113,496.12503504753113,5.5240856333682586e-09,4.2401175903705735e-08,0.069035528012278941,0.001103785471059382,-161.97933959960938,-0.002000957727432251,-5.6169892559410073e-05,8.4802351807411469e-06,9.8669738690659869e-05,0.0003263675129368263,-1.5053752186519744,-0.0013445691482002525,-7398.0695122548386,0.00027019762037741623,7396.5641455164223,-0.0012458994095095927,0.41578136833263341,0,0,3.5060410000000002,3.5537290000000001,-0.001185297966003418,194.67924499511719,0.0021046996116638184,20,2.4948491272880347e-07,1,0,4,4.8173993683064964e-09,-5.5988502722925659e-10,-0.003034265784446359
65,1.1000000573694706,0,0,496.12503051757812,496.12503504753113,496.12503504753113,5.5215148009324366e-09,-1.54243284811173e-10,0.069035528012278941,0,0,0,2.9979469218233135e-05,-3.08486569622346e-08,-1.1125192145300389e-05,0.0003263675129368263,-1.5053752186519744,-0.0013445691482002525,-7430.7695153589993,0.00035634698215505944,7429.2641401094988,-0.0013556943403455529,0.41578136830280399,0,0,0,0.030865,0,0,0,20,2.4948491272880347e-07,1,0,4,5.5240856333682586e-09,4.2401175903705735e-08,-0.003034265784446359
66,1.1166667249053717,1,0.033333335071802139,496.12503051757812,496.12503504753113,496.12503504753113,6.2240834708404691e-09,4.215411308905459e-08,0.069001350729238436,0.00011258905578870326,-162.19564819335938,-0.00020527839660644531,-5.5829372058724402e-05,8.430822617810918e-06,9.9813576071028365e-05,7.2453896293082524e-05,-1.5425922624349175,-0.0008295425673335449,-7625.702420324219,1.6624524234358122e-05,7624.1598364926067,-0.00072972899126251653,0.48388611792191188,0,0,4.1719629999999999,4.2234970000000001,-0.00019426643848419189,194.89567565917969,0.00030940771102905273,20,2.5126195168923005e-07,1,0,4,5.5215148009324366e-09,-1.54243284811173e-10,-0.0031092812365075065
67,1.1333333924412727,0,0,496.12503051757812,496.12503504753113,496.12503504753113,6.2410601131546173e-09,1.0186100851683477e-09,0.069001350729238436,0,0,0,2.9850110649931594e-05,2.0372201703366954e-07,-1.1211102446395671e-05,7.2453896293082524e-05,-1.5425922624349175,-0.0008295425673335449,-7658.4024234283797,0.00010230400694301412,7656.8598313696666,-0.00084075366977994057,0.48388611789154223,0,0,0,0.031278,0,0,0,20,2.5126195168923005e-07,1,0,4,6.2240834708404691e-09,4.215411308905459e-08,-0.0031092812365075065
68,1.1500000599771738,1,0.033333335071802139,496.12503051757812,496.12503504753113,496.12503504753113,6.6620020611196651e-09,2.5256516877902868e-08,0.068962423929146366,3.3344065741403028e-05,-162.1474609375,9.4980001449584961e-05,-5.3544488309853477e-05,5.0513033755805736e-06,9.9475380466174101e-05,-8.7855731365327287e-05,-1.6281543693625415,-0.00085873992154811892,-7853.3353283935985,-0.00014140021967518076,7851.707179075539,-0.00075926454108194482,0.60566534875249245,0,0,3.5085899999999999,3.5581499999999999,-0.00011220574378967285,194.84735107421875,7.62939453125e-06,20,2.481113483554509e-07,1,0,4,6.2410601131546173e-09,1.0186100851683477e-09,-0.0032817420092629604
69,1.1666667275130749,0,0,496.12503051757812,496.12503504753113,496.12503504753113,6.6584613378495305e-09,-2.1245094572464041e-10,0.068962423929146366,0,0,0,2.9702579240620253e-05,-4.2490189144928081e-08,-1.1192722126907029e-05,-8.7855731365327287e-05,-1.6281543693625415,-0.00085873992154811892,-7886.0353314977592,-5.8153152124707034e-05,7884.4071770859064,-0.00086993264367502595,0.60566534872325506,0,0,0,0.030891999999999999,0,0,0,20,2.481113483554509e-07,1,0,4,6.6620020611196651e-09,2.5256516877902868e-08,-0.0032817420092629604
70,1.1833333950489759,1,0.033333335071802139,496.12503051757812,496.12503504753113,496.12503504753113,7.2693633335063623e-09,3.6654117963053068e-08,0.068911644927903901,-3.0344021070050076e-05,-162.03353881835938,0.0007877051830291748,-4.9900882004294544e-05,7.3308235926106136e-06,9.8266150416748133e-05,-7.9730168680066684e-05,-1.8274653900251221,-0.001599450133194144,-8080.968236462978,-0.00012963105068436123,8079.1407784037765,-0.0015011839827773958,0.76431193523341023,0,0,3.5771320000000002,3.626992,-4.5359134674072266e-05,194.73356628417969,-0.00068432092666625977,20,2.4063075443336857e-07,1,0,4,6.6584613378495305e-09,-2.1245094572464041e-10,-0.0036834774722667284
71,1.200000062584877,0,0,496.12503051757812,496.12503504753113,496.12503504753113,7.193621254231175e-09,-4.5445314178493845e-09,0.068911644927903901,0,0,0,2.9290606562426547e-05,-9.089062835698769e-07,-1.0925600690825377e-05,-7.9730168680066684e-05,-1.8274653900251221,-0.001599450133194144,-8113.6682395671378,-5.0439562117640137e-05,8111.8407732682062,-0.0016103757338849693,0.76431193520555818,0,0,0,0.031038,0,0,0,20,2.4063075443336857e-07,1,0,4,7.2693633335063623e-09,3.6654117963053068e-08,-0.0036834774722667284
72,1.2166667301207781,1,0.033333335071802139,496.12503051757812,496.12503504753113,496.12503504753113,7.5810531185993568e-09,2.3245895874879352e-08,0.068843660863483827,-1.9735327441594563e-05,-162.05744934082031,0.00044414401054382324,-4.8063799340525293e-05,4.6491791749758704e-06,9.8763018741010455e-05,3.9219014169315073e-06,-2.0027080813661278,-0.002288935697846199,-8308.6011445323584,-4.4141897923593786e-05,8306.5984411001718,-0.0021901726791051885,0.9184252365216734,0,0,3.6336810000000002,3.682795,-5.3554773330688477e-05,194.75764465332031,-0.00034099817276000977,20,2.449826581596426e-07,1,0,4,7.193621254231175e-09,-4.5445314178493845e-09,-0.0040367003071599865
73,1.2333333976566792,0,0,496.12503051757812,496.12503504753113,496.12503504753113,7.2666597183967951e-09,-1.8863612893937898e-08,0.068843660863483827,0,0,0,2.915687673521461e-05,-3.7727225787875796e-06,-1.0549752005317714e-05,3.9219014169315073e-06,-2.0027080813661278,-0.002288935697846199,-8341.3011476365191,3.3078778152146117e-05,8339.2984357824298,-0.0022994854498515167,0.91842523649429142,0,0,0,0.030856000000000001,0,0,0,20,2.449826581596426e-07,1,0,4,7.5810531185993568e-09,2.3245895874879352e-08,-0.0040367003071599865
74,1.2500000651925802,1,0.033333335071802139,496.12503051757812,496.12503504753113,496.12503504753113,7.7830266675960047e-09,3.098199741202734e-08,0.068752696066081101,-0.00036159894079901278,-161.8629150390625,0.00070846080780029297,-4.661398520511284e-05,6.196399482405468e-06,9.7813142474478809e-05,8.0615778024527968e-05,-2.3726467628086585,-0.0029728168687852977,-8536.2340526017379,3.4001792819415128e-05,8533.8614120353286,-0.0028750037263108189,1.0169247018137704,0,0,3.5027089999999999,3.5507330000000001,0.00028884410858154297,194.56295776367188,-0.00060504674911499023,20,2.4745170890128065e-07,1,0,4,7.2666597183967951e-09,-1.8863612893937898e-08,-0.0047823564529077787
75,1.2666667327284813,0,0,496.12503051757812,496.12503504753113,496.12503504753113,7.2103745196727687e-09,-3.4359139533535199e-08,0.068752696066081101,0,0,0,2.8657171924351132e-05,-6.8718279067070398e-06,-1.0004427508647495e-05,8.0615778024527968e-05,-2.3726467628086585,-0.0029728168687852977,-8568.9340557058986,0.0001092729499488791,8566.5614020712619,-0.0029828212962939452,1.0169247017872507,0,0,0,0.031132,0,0,0,20,2.4745170890128065e-07,1,0,4,7.7830266675960047e-09,3.098199741202734e-08,-0.0047823564529077787
76,1.2833334002643824,1,0.033333335071802139,496.12503051757812,496.12503504753113,496.12503504753113,7.6736688114920071e-09,2.7797657509154305e-08,0.06863084232726066,-0.00013137706264387816,-161.87454223632812,-6.5416097640991211e-05,-4.8365086513513234e-05,5.5595315018308611e-06,9.884350902211736e-05,0.00013408981572294676,-2.7308748252092485,-0.0028577990495607729,-8763.8669606711173,8.5724729209433526e-05,8761.1360914054403,-0.0027589555405386555,1.0557113180357085,0,0,3.783728,3.8332389999999998,5.8293342590332031e-05,194.57470703125,0.00016754865646362305,20,2.4356131689273752e-07,1,0,4,7.2103745196727687e-09,-3.4359139533535199e-08,-0.0055044084299185137
77,1.3000000678002834,0,0,496.12503051757812,496.12503504753113,496.12503504753113,7.2278063534270132e-09,-2.6751735049401759e-08,0.06863084232726066,0,0,0,2.8855612299594213e-05,-5.3503470098803518e-06,-1.0268689720760449e-05,0.00013408981572294676,-2.7308748252092485,-0.0028577990495607729,-8796.5669637752781,0.00016294542802254097,8793.836083599721,-0.0028680677392815333,1.0557113180082189,0,0,0,0.031227000000000001,0,0,0,20,2.4356131689273752e-07,1,0,4,7.6736688114920071e-09,2.7797657509154305e-08,-0.0055044084299185137
78,1.3166667353361845,1,0.033333335071802139,496.12503051757812,496.12503504753113,496.12503504753113,7.7160171585433091e-09,2.9292648306977753e-08,0.068482258844943258,8.7371059635188431e-05,-161.89955139160156,-0.00067830085754394531,-4.9769175802794052e-05,5.8585296613955506e-06,9.9010901521978667e-05,0.00010586491072223786,-3.0643563546749095,-0.0021039612662128193,-8991.4998687404968,5.6095734919443807e-05,8988.4355182443524,-0.0020049503646908406,1.0279128663297226,0,0,3.5981679999999998,3.648774,-0.00016222894191741943,194.59944152832031,0.00078219175338745117,20,2.4807849285934935e-07,1,0,4,7.2278063534270132e-09,-2.6751735049401759e-08,-0.0061765807774270647
79,1.3333334028720856,0,0,496.12503051757812,496.12503504753113,496.12503504753113,7.2081207669327796e-09,-3.047377816756125e-08,0.068482258844943258,0,0,0,2.9072805318719475e-05,-6.0947556335122499e-06,-1.0202620615018532e-05,0.00010586491072223786,-3.0643563546749095,-0.0021039612662128193,-9024.1998718446575,0.00013493771604095733,9021.1355093952261,-0.0021141638868278378,1.0279128663017838,0,0,0,0.030941,0,0,0,20,2.4807849285934935e-07,1,0,4,7.7160171585433091e-09,2.9292648306977753e-08,-0.0061765807774270647
80,1.3500000704079866,1,0.033333335071802139,496.12503051757812,496.12503504753113,496.12503504753113,7.7392865449610326e-09,3.1869966221620416e-08,0.068304008265741831,0.00013746786862611771,-161.82923889160156,-0.0004183650016784668,-5.1054036021014326e-05,6.3739932443240832e-06,9.9618841886695009e-05,0.0001051664750276298,-3.4680410628524712,-0.001829047456084195,-9219.1327768098763,5.411243900661547e-05,9215.6647421210164,-0.0017294286141975,0.96814126351419405,0,0,3.6546099999999999,3.7061459999999999,-0.0002139657735824585,194.52920532226562,0.00052124261856079102,20,2.4420302224825718e-07,1,0,4,7.2081207669327796e-09,-3.047377816756125e-08,-0.0069902561206576005
81,1.3666667379438877,0,0,496.12503051757812,496.12503504753113,496.12503504753113,7.2080275081987111e-09,-3.1875536876668775e-08,0.068304008265741831,0,0,0,2.9389724431894138e-05,-6.375107375333755e-06,-1.0289375040883897e-05,0.0001051664750276298,-3.4680410628524712,-0.001829047456084195,-9251.832779914037,0.00013455619945952393,9248.3647324760768,-0.0018393368311250789,0.96814126348566176,0,0,0,0.031820000000000001,0,0,0,20,2.4420302224825718e-07,1,0,4,7.7392865449610326e-09,3.1869966221620416e-08,-0.0069902561206576005
82,1.3833334054797888,1,0.033333335071802139,496.12503051757812,496.12503504753113,496.12503504753113,7.7594979330797287e-09,3.3088230821931575e-08,0.068092581873037378,2.7436708478489891e-05,-161.787353515625,0.00032907724380493164,-5.1666762601598748e-05,6.6176461643863149e-06,9.9092255823052255e-05,-3.1712885343866196e-05,-3.9134717296659551,-0.0022624262907107616,-9446.7656848792558,-8.3379647945464944e-05,9442.8522197672355,-0.0021633340348877093,0.9389223105911042,0,0,3.7111499999999999,3.7610250000000001,-0.00010481476783752441,194.48745727539062,-0.00022554397583007812,20,2.4326732273038942e-07,1,0,4,7.2080275081987111e-09,-3.1875536876668775e-08,-0.0078880754914757035
83,1.4000000730156898,0,0,496.12503051757812,496.12503504753113,496.12503504753113,7.2488557378846963e-09,-3.0638524606274586e-08,0.068092581873037378,0,0,0,2.926537945313612e-05,-6.1277049212549173e-06,-1.0143830309061741e-05,-3.1712885343866196e-05,-3.9134717296659551,-0.0022624262907107616,-9479.4656879834165,-2.4475058907300762e-06,9475.5522101260449,-0.0022725701210198233,0.93892231056260045,0,0,0,0.031031,0,0,0,20,2.4326732273038942e-07,1,0,4,7.7594979330797287e-09,3.3088230821931575e-08,-0.0078880754914757035
84,1.4166667405515909,1,0.033333335071802139,496.12503051757812,496.12503504753113,496.12503504753113,7.7681923116301732e-09,3.1160190872014937e-08,0.067853043324687848,-0.00026301806792616844,-161.908935546875,0.0027005672454833984,-5.119426873534394e-05,6.2320381744029874e-06,9.8747966603696113e-05,-3.8444726472401306e-05,-4.2375488674462192,-0.0049850690236173025,-9674.3985929486371,-8.9638995207745245e-05,9670.1610503132288,-0.0048863210570136064,1.0371864804847661,0,0,3.982694,4.0328030000000004,0.00018577277660369873,194.60881042480469,-0.0025985240936279297,20,2.4043683310992492e-07,1,0,4,7.2488557378846963e-09,-3.0638524606274586e-08,-0.0085412921503552862
85,1.433333408087492,0,0,496.12503051757812,496.12503504753113,496.12503504753113,7.2446963983452406e-09,-3.1409765455236993e-08,0.067853043324687848,0,0,0,2.9163538783905096e-05,-6.2819530910473986e-06,-1.0133905448128644e-05,-3.8444726472401306e-05,-4.2375488674462192,-0.0049850690236173025,-9707.098596052796,-9.2811876884962093e-06,9702.8610409033972,-0.0049952029290654312,1.0371864804565802,0,0,0,0.031092999999999999,0,0,0,20,2.4043683310992492e-07,1,0,4,7.7681923116301732e-09,3.1160190872014937e-08,-0.0085412921503552862
86,1.4500000756233931,1,0.033333335071802139,496.12503051757812,496.12503504753113,496.12503504753113,7.7597963610287479e-09,3.0906019077292513e-08,0.06760673346568126,-9.3802118499297649e-05,-162.26982116699219,0.0076779723167419434,-5.0474801582822693e-05,6.1812038154585025e-06,9.8027226158592384e-05,-9.288539861148467e-05,-4.2004447557541971,-0.012624704680202329,-9902.0315010180148,-0.00014336020019430735,9897.8310624434653,-0.012526677454043737,1.5579994501375003,0,0,3.7289759999999998,3.8007879999999998,1.8164515495300293e-05,194.96998596191406,-0.0075774788856506348,20,2.4761379791016225e-07,1,0,4,7.2446963983452406e-09,-3.1409765455236993e-08,-0.0084665043265792356
87,1.4666667431592941,0,0,496.12503051757812,496.12503504753113,496.12503504753113,7.2394921168950077e-09,-3.1218259977094931e-08,0.06760673346568126,0,0,0,2.8898085702167009e-05,-6.2436519954189862e-06,-1.0200852784691961e-05,-9.288539861148467e-05,-4.2004447557541971,-0.012624704680202329,-9934.7315041221755,-6.3987312909317661e-05,9930.5310531227697,-0.012634905532987021,1.5579994501098686,0,0,0,0.031028,0,0,0,20,2.4761379791016225e-07,1,0,4,7.7597963610287479e-09,3.0906019077292513e-08,-0.0084665043265792356
88,1.4833334106951952,1,0.033333335071802139,496.12503051757812,496.12503504753113,496.12503504753113,7.8712094619959316e-09,3.7903063798694347e-08,0.067391729223079427,-4.0338858525501564e-05,-162.82485961914062,0.013292551040649414,-5.1034851367148804e-05,7.5806127597388695e-06,9.7209544946963433e-05,6.1325460869016913e-05,-3.6085120684607435,-0.025894958928197796,-10129.664409087394,1.029060950186811e-05,10126.055904599547,-0.025797749383250832,3.4375882273446972,0,0,3.6841249999999999,3.733438,-3.4958124160766602e-05,195.52482604980469,-0.01319044828414917,20,2.5471348408245831e-07,1,0,4,7.2394921168950077e-09,-3.1218259977094931e-08,-0.0072733924183346864
89,1.5000000782310963,0,0,496.12503051757812,496.12503504753113,496.12503504753113,7.255855472010353e-09,-3.692123939913472e-08,0.067391729223079427,0,0,0,2.9164823445171351e-05,-7.384247879826944e-06,-1.0026940344687318e-05,6.1325460869016913e-05,-3.6085120684607435,-0.025894958928197796,-10162.364412191555,9.0490284314188264e-05,10158.755892738845,-0.025904985868542483,3.4375882273172689,0,0,0,0.030816,0,0,0,20,2.5471348408245831e-07,1,0,4,7.8712094619959316e-09,3.7903063798694347e-08,-0.0072733924183346864
90,1.5166667457669973,1,0.033333335071802139,496.12503051757812,496.12503504753113,496.12503504753113,7.7428863320960772e-09,2.9221865815998171e-08,0.067197775911717203,-6.8828514486085624e-05,-162.09439086914062,-0.02303546667098999,-5.6159751693485305e-05,5.8443731631996343e-06,9.5438417702098377e-05,0.00036920764310486751,-3.7469151144736239,-0.0028129326355826674,-10357.297317156776,0.00031304789141138221,10353.550407886674,-0.002717494217880569,6.1141281168488266,0,0,3.6816140000000002,3.7314090000000002,-1.1868774890899658e-05,194.79446411132812,0.023134469985961914,20,2.3518771286035189e-07,1,0,4,7.255855472010353e-09,-3.692123939913472e-08,-0.0075523604933878247
91,1.5333334133028984,0,0,496.12503051757812,496.12503504753113,496.12503504753113,7.2358492531066076e-09,-3.0422221186654497e-08,0.067197775911717203,0,0,0,2.9743119966951781e-05,-6.0844442373308993e-06,-1.0227853408650844e-05,0.00036920764310486751,-3.7469151144736239,-0.0028129326355826674,-10389.997320260936,0.00039895076307181929,10386.250399062019,-0.0028231604889913183,6.1141281168209147,0,0,0,0.031968000000000003,0,0,0,20,2.3518771286035189e-07,1,0,4,7.7428863320960772e-09,2.9221865815998171e-08,-0.0075523604933878247
92,1.5500000808387995,1,0.033333335071802139,496.12503051757812,496.12503504753113,496.12503504753113,9.2925231953699949e-09,1.2340044008851692e-07,0.066755002503897862,0.0020098343957215548,-167.45977783203125,-0.035343468189239502,2.7769894472839951e-05,2.4680088017703383e-05,0.00012102864275220782,-0.0016709240371786066,1.4799675188906241,0.032485910001869636,-10584.930225226155,-0.0016431541427057667,10586.410217425133,0.032606938644621844,5.4854825853466789,0,0,3.7795139999999998,3.8486630000000002,-0.0020039826631546021,200.15975952148438,0.035468578338623047,20,3.3896264994837111e-07,1,0,4,7.2358492531066076e-09,-3.0422221186654497e-08,0.0029830534932566671
93,1.5666667483747005,0,0,496.12503051757812,496.12503504753113,496.12503504753113,7.2676629159218464e-09,-1.2149162387231627e-07,0.066755002503897862,0,0,0,2.5098893274844158e-05,-2.4298324774463254e-05,-5.2832945129921427e-06,-0.0016709240371786066,1.4799675188906241,0.032485910001869636,-10617.630228330316,-0.0016458251439037625,10619.110171550881,0.032480626707356644,5.4854825853089944,0,0,0,0.030988999999999999,0,0,0,20,3.3896264994837111e-07,1,0,4,9.2925231953699949e-09,1.2340044008851692e-07,0.0029830534932566671
94,1.5833334159106016,1,0.033333335071802139,496.12503051757812,496.12503504753113,496.12503504753113,9.5211873940570513e-09,1.352114509245439e-07,0.066856883770349082,-0.0020005686674267054,-161.46479797363281,0.031432658433914185,1.0878958844884323e-07,2.7042290184908779e-05,0.00011396568879717961,0.00039291665313529719,0.71192672159608672,0.00098142797576195083,-10812.563133295533,0.00039302544272374604,10813.275087059419,0.0010953936645591304,3.4370920503566307,0,0,3.8203100000000001,3.8720309999999998,0.0019816756248474121,194.1649169921875,-0.031320393085479736,20,3.568634383555036e-07,1,0,4,7.2676629159218464e-09,-1.2149162387231627e-07,0.0014349743941623118
95,1.6000000834465027,0,0,496.12503051757812,496.12503504753113,496.12503504753113,7.2527508443442912e-09,-1.3610618054826773e-07,0.066856883770349082,0,0,0,2.7705834781954763e-05,-2.7221236109653546e-05,-6.8366119876372977e-06,0.00039291665313529719,0.71192672159608672,0.00098142797576195083,-10845.263136399693,0.00042062248791725196,10845.975035900054,0.00097459136377431354,3.4370920503238369,0,0,0,0.041160000000000002,0,0,0,20,3.568634383555036e-07,1,0,4,9.5211873940570513e-09,1.352114509245439e-07,0.0014349743941623118
96,1.6166667509824038,1,0.033333335071802139,496.12503051757812,496.12503504753113,496.12503504753113,9.5246788234248925e-09,1.3631569117933395e-07,0.066937578018425273,0.0004783846961800009,-162.18696594238281,-0.0081273317337036133,-7.2340455403718806e-06,2.7263138235866791e-05,0.00011464260296634166,-6.9363690484263529e-06,0.66611735892736379,0.0088778925922204256,-11040.196041364916,-1.4170414588798234e-05,11040.862185986982,0.0089925351951867672,3.4112349064899288,0,0,4.0450699999999999,4.1068860000000003,-0.00050652027130126953,194.88714599609375,0.0082402229309082031,20,3.6588096463674447e-07,1,0,4,7.2527508443442912e-09,-1.3610618054826773e-07,0.001342640084396359
97,1.6333334185183048,0,0,496.12503051757812,496.12503504753113,496.12503504753113,7.271437674205572e-09,-1.3519446895315923e-07,0.066937578018425273,0,0,0,2.8921982675456093e-05,-2.7038893790631846e-05,-7.2161952857641154e-06,-6.9363690484263529e-06,0.66611735892736379,0.0088778925922204256,-11072.896044469077,2.198561362702974e-05,11073.56213478911,0.0088706763969346614,3.4112349064564507,0,0,0,0.031399999999999997,0,0,0,20,3.6588096463674447e-07,1,0,4,9.5246788234248925e-09,1.3631569117933395e-07,0.001342640084396359
98,1.6500000860542059,1,0.033333335071802139,496.12503051757812,496.12503504753113,496.12503504753113,9.6463201870733428e-09,1.4249295077206625e-07,0.067065250052481276,-9.2513844720087945e-05,-162.90098571777344,-0.010328799486160278,-1.469148855903768e-05,2.849859015441325e-05,0.00011229027450099238,0.00017734589802910475,1.3340827341446564,0.019125703614898893,-11267.828949434293,0.00016265440947006707,11269.163060667028,0.019237993889399885,3.8268446875331166,0,0,3.8788830000000001,3.9302250000000001,5.4210424423217773e-05,195.60092163085938,0.010438859462738037,20,3.769527836539055e-07,1,0,4,7.271437674205572e-09,-1.3519446895315923e-07,0.0026890050690887729
99,1.666666753590107,0,0,496.12503051757812,496.12503504753113,496.12503504753113,7.2524102279203362e-09,-1.4363460820732143e-07,0.067065250052481276,0,0,0,2.9327105721677071e-05,-2.8726921641464287e-05,-6.9366137722681742e-06,0.00017734589802910475,1.3340827341446564,0.019125703614898893,-11300.528952538454,0.00020667300375078182,11301.863006545676,0.019118767001126625,3.8268446875007394,0,0,0,0.031918000000000002,0,0,0,20,3.769527836539055e-07,1,0,4,9.6463201870733428e-09,1.4249295077206625e-07,0.0026890050690887729
100,1.683333421126008,1,0.033333335071802139,496.12503051757812,496.12503504753113,496.12503504753113,9.5632799457234796e-09,1.3865215464647918e-07,0.067192410480002976,-0.0018232230795547366,-161.65811157226562,0.00013840198516845703,-1.0412026796302598e-05,2.7730430929295835e-05,0.000112183761302731,0.0020750829183363065,0.75923740631882786,0.019121459405326779,-11495.461857503671,0.0020646708915400039,11496.221122640422,0.01923364316662951,2.8372155490135027,0,0,3.9598800000000001,4.033658,0.0017898976802825928,194.35810852050781,-2.6404857635498047e-05,20,3.6776663137061405e-07,1,0,4,7.2524102279203362e-09,-1.4363460820732143e-07,0.0015303348000692794
101,1.7000000886619091,0,0,496.12503051757812,496.12503504753113,496.12503504753113,7.2789614335988517e-09,-1.3705910362205032e-07,0.067192410480002976,0,0,0,2.8825803610743606e-05,-2.7411820724410063e-05,-7.0909692340137553e-06,0.0020750829183363065,0.75923740631882786,0.019121459405326779,-11528.161860607832,0.0021039087219470501,11528.92107060233,0.019114368436092766,2.8372155489813422,0,0,0,0.046800000000000001,0,0,0,20,3.6776663137061405e-07,1,0,4,9.5632799457234796e-09,1.3865215464647918e-07,0.0015303348000692794
102,1.7166667561978102,1,0.033333335071802139,496.12503051757812,496.12503504753113,496.12503504753113,9.5276853073755774e-09,1.3492342532117618e-07,0.067184841196958708,-0.00013268354814499617,-160.11398315429688,0.0024671554565429688,-6.7075156096052524e-06,2.6984685064235236e-05,0.00011280999387963675,0.0021477705598209069,-1.3595720510865605,0.016713035243014509,-11723.094765573054,0.0021410630442113016,11721.735220506653,0.016825845236894146,2.2421762551224238,0,0,4.1297730000000001,4.1845210000000002,0.00010295212268829346,192.81413269042969,-0.0023552179336547852,20,3.6035788752997178e-07,1,0,4,7.2789614335988517e-09,-1.3705910362205032e-07,-0.0027403818695750904
103,1.7333334237337112,0,0,496.12503051757812,496.12503504753113,496.12503504753113,7.2659629424265404e-09,-1.3570333123880118e-07,0.067184841196958708,0,0,0,2.8520179284896585e-05,-2.7140666247760237e-05,-7.0563459075856372e-06,0.0021477705598209069,-1.3595720510865605,0.016713035243014509,-11755.794768677215,0.0021762907391058035,11754.435169485461,0.016705978897106923,2.2421762550902633,0,0,0,0.031118,0,0,0,20,3.6035788752997178e-07,1,0,4,9.5276853073755774e-09,1.3492342532117618e-07,-0.0027403818695750904
104,1.7500000912696123,1,0.033333335071802139,496.12503051757812,496.12503504753113,496.12503504753113,9.5761176766018252e-09,1.3860925207609398e-07,0.067070847820667995,0.00049653247697278857,-161.08303833007812,0.0041161477565765381,-6.9484875631076193e-07,2.7721850415218796e-05,0.00011453954584794701,0.0017292655945682024,-2.5094797628630703,0.012925540133060279,-11950.727673642432,0.0017285707458118916,11948.218221601419,0.013040079678908226,2.6615667116339297,0,0,3.8468469999999999,3.8985270000000001,-0.00051884353160858154,193.78302001953125,-0.0040025711059570312,20,3.5516836760507431e-07,1,0,4,7.2659629424265404e-09,-1.3570333123880118e-07,-0.0050581599104803296
105,1.7666667588055134,0,0,496.12503051757812,496.12503504753113,496.12503504753113,7.2489885205584415e-09,-1.3962774403353251e-07,0.067070847820667995,0,0,0,2.7773262445407454e-05,-2.7925548806706502e-05,-6.7812976567438454e-06,0.0017292655945682024,-2.5094797628630703,0.012925540133060279,-11983.427676746593,0.0017570388570136099,11980.918169058181,0.012918758835403535,2.6615667116008837,0,0,0,0.040355000000000002,0,0,0,20,3.5516836760507431e-07,1,0,4,9.5761176766018252e-09,1.3860925207609398e-07,-0.0050581599104803296
106,1.7833334263414145,1,0.033333335071802139,496.12503051757812,496.12503504753113,496.12503504753113,9.4947036899384329e-09,1.3474287641201954e-07,0.066906928559955295,0.0037515079602599144,-162.01165771484375,0.024423152208328247,3.6143681825251406e-06,2.6948575282403908e-05,0.00011639008334896062,-0.0019457392591565284,-2.7307016503028296,-0.011593184208988392,-12178.360581711811,-0.0019421248909740033,12175.629907010083,-0.011476794125639431,2.9609741633923607,0,0,4.1835100000000001,4.243563,-0.0037694722414016724,194.71170043945312,-0.024309039115905762,20,3.5251312624495768e-07,1,0,4,7.2489885205584415e-09,-1.3962774403353251e-07,-0.0055040593749541697
107,1.8000000938773155,0,0,496.12503051757812,496.12503504753113,496.12503504753113,7.2554087182652438e-09,-1.3435769119496399e-07,0.066906928559955295,0,0,0,2.7600867724686395e-05,-2.6871538238992798e-05,-6.84014764829044e-06,-0.0019457392591565284,-2.7307016503028296,-0.011593184208988392,-12211.06058481597,-0.001918138391431842,12208.329856294129,-0.011600024356636682,2.9609741633581921,0,0,0,0.031191,0,0,0,20,3.5251312624495768e-07,1,0,4,9.4947036899384329e-09,1.3474287641201954e-07,-0.0055040593749541697
108,1.8166667614132166,1,0.033333335071802139,496.12503051757812,496.12503504753113,496.12503504753113,9.5153911416900883e-09,1.3559893830006331e-07,0.066783822870173426,-0.0018385797739028931,-162.95478820800781,0.016312599182128906,8.4507929543065075e-07,2.7119787660012662e-05,0.00011501568906169268,-0.00014998680761599815,-2.0088612838857753,-0.027892332841084312,-12405.993489781193,-0.0001491417283205675,12403.984655617094,-0.027777317152022619,2.2995183933727015,0,0,3.8068249999999999,3.8581919999999998,0.0018185079097747803,195.65476989746094,-0.016199827194213867,20,3.6651061918746564e-07,1,0,4,7.2554087182652438e-09,-1.3435769119496399e-07,-0.0040491028308888236
109,1.8333334289491177,0,0,496.12503051757812,496.12503504753113,496.12503504753113,7.2845471876803458e-09,-1.3385063368787087e-07,0.066783822870173426,0,0,0,2.7946282443735981e-05,-2.6770126737574174e-05,-6.8455165092018433e-06,-0.00014998680761599815,-2.0088612838857753,-0.027892332841084312,-12438.693492885353,-0.00012204052517226217,12436.68460483134,-0.027899178357593514,2.2995183933391727,0,0,0,0.044863,0,0,0,20,3.6651061918746564e-07,1,0,4,9.5153911416900883e-09,1.3559893830006331e-07,-0.0040491028308888236
110,1.8500000964850187,1,0.033333335071802139,496.12503051757812,496.12503504753113,496.12503504753113,9.6617096545514869e-09,1.4262971603784536e-07,0.066724033329357085,0.00049842573935166001,-163.10838317871094,-0.010484158992767334,-4.058167846210381e-06,2.8525943207569071e-05,0.00011437882676545996,-0.00083336341545583482,-1.133570602733075,-0.017233460093198733,-12633.626397850572,-0.00083742158330204521,12632.492855773782,-0.017119081266433273,1.882134621071198,0,0,4.1904750000000002,4.2478610000000003,-0.0005232691764831543,195.80821228027344,0.010596394538879395,20,3.6286220961301296e-07,1,0,4,7.2845471876803458e-09,-1.3385063368787087e-07,-0.0022848486221310593
111,1.8666667640209198,0,0,496.12503051757812,496.12503504753113,496.12503504753113,7.2651391569422685e-09,-1.4379422452748258e-07,0.066724033329357085,0,0,0,2.833820644809748e-05,-2.8758844905496517e-05,-6.7477287757355953e-06,-0.00083336341545583482,-1.133570602733075,-0.017233460093198733,-12666.326400954731,-0.00080502520900773734,12665.192801593153,-0.017240207821974468,1.8821346210381531,0,0,0,0.043451999999999998,0,0,0,20,3.6286220961301296e-07,1,0,4,9.6617096545514869e-09,1.4262971603784536e-07,-0.0022848486221310593
112,1.8833334315568209,1,0.033333335071802139,496.12503051757812,496.12503504753113,496.12503504753113,9.5720800175058685e-09,1.3841643919931812e-07,0.066707288985755175,0.0014764207880944014,-162.59028625488281,-0.010364949703216553,-4.4338349880490568e-06,2.7683287839863624e-05,0.00011368281320756068,-0.0023556514620076941,-0.77622263498541422,-0.0069124435084998628,-12861.25930591995,-0.0023600852969957432,12860.483110968253,-0.0067987606952923021,2.0143799244528142,0,0,3.8662619999999999,3.917516,-0.0015023797750473022,195.29026794433594,0.010477542877197266,20,3.6993122876083362e-07,1,0,4,7.2651391569422685e-09,-1.4379422452748258e-07,-0.001564570582315098
113,1.9000000990927219,0,0,496.12503051757812,496.12503504753113,496.12503504753113,7.2784192006736248e-09,-1.3761963657543674e-07,0.066707288985755175,0,0,0,2.8234796900505899e-05,-2.7523927315087349e-05,-6.8974003397670458e-06,-0.0023556514620076941,-0.77622263498541422,-0.0069124435084998628,-12893.959309024111,-0.0023274166651071882,12893.183058865197,-0.0069193409088396298,2.0143799244200835,0,0,0,0.031081999999999999,0,0,0,20,3.6993122876083362e-07,1,0,4,9.5720800175058685e-09,1.3841643919931812e-07,-0.001564570582315098
114,1.916666766628623,1,0.033333335071802139,496.12503051757812,496.12503504753113,496.12503504753113,9.2481240443476054e-09,1.1818227818594096e-07,0.066745143104978144,2.0130788470851257e-05,-163.10212707519531,0.00027596950531005859,-4.1405087358725723e-05,2.3636455637188192e-05,9.5472364591842052e-05,-0.0021060034961513738,0.092994699283460533,-0.0073290531651104491,-13088.892213989333,-0.0021474085835100996,13088.985232325073,-0.007233580800518607,1.4495039134392935,0,0,4.0321550000000004,4.0957530000000002,-8.5756182670593262e-05,195.80215454101562,-0.00016599893569946289,20,3.493120175335207e-07,1,0,4,7.2784192006736248e-09,-1.3761963657543674e-07,0.00018744206140403942
115,1.9333334341645241,0,0,496.12503051757812,496.12503504753113,496.12503504753113,7.295470005885818e-09,-1.1715924586042092e-07,0.066745143104978144,0,0,0,2.6480626047487021e-05,-2.3431849172084185e-05,-6.5888968947547255e-06,-0.0021060034961513738,0.092994699283460533,-0.0073290531651104491,-13121.592217093492,-0.0020795228701038868,13121.685188360927,-0.0073356420620052038,1.4495039134121304,0,0,0,0.032971,0,0,0,20,3.493120175335207e-07,1,0,4,9.2481240443476054e-09,1.1818227818594096e-07,0.00018744206140403942
116,1.9500001017004251,1,0.033333335071802139,496.12503051757812,496.12503504753113,496.12503504753113,9.325609617860664e-09,1.2180836961306341e-07,0.066802279022680669,-0.001590594882145524,-162.39952087402344,0.0047288835048675537,-4.1888407054102572e-05,2.4361673922612681e-05,9.5003048272701562e-05,-0.00043058323335226292,0.25964817808650043,-0.012142593934408584,-13316.525122058711,-0.00047247164040636549,13316.78479459847,-0.012047590886135882,0.78712782387602409,0,0,3.9845090000000001,4.0366070000000001,0.0015258938074111938,195.099609375,-0.0046170353889465332,20,3.4423439387865074e-07,1,0,4,7.295470005885818e-09,-1.1715924586042092e-07,0.00052335229981213284
117,1.9666667692363262,0,0,496.12503051757812,496.12503504753113,496.12503504753113,7.2798238548443805e-09,-1.2274713867554965e-07,0.066802279022680669,0,0,0,2.6526703322815592e-05,-2.454942773510993e-05,-6.4301900692953495e-06,-0.00043058323335226292,0.25964817808650043,-0.012142593934408584,-13349.225125162871,-0.00040405653002944733,13349.48474879153,-0.012149024124477879,0.78712782384910984,0,0,0,0.031168000000000001,0,0,0,20,3.4423439387865074e-07,1,0,4,9.325609617860664e-09,1.2180836961306341e-07,0.00052335229981213284
118,1.9833334367722273,1,0.033333335071802139,496.12503051757812,496.12503504753113,496.12503504753113,9.3877812190612531e-09,1.2647745961658075e-07,0.066879125628747094,9.9882112408522516e-05,-162.59756469726562,-0.011257201433181763,-4.2099696884179139e-05,2.5295491923316149e-05,9.5169946234818781e-05,-0.00053856728157568106,0.62440023249912624,-0.00097361274310013937,-13544.158030128088,-0.0005806669784598602,13544.782455656079,-0.00087844279686532059,1.2559009005158148,0,0,3.692056,3.7429679999999999,-0.00016415119171142578,195.29768371582031,0.011368453502655029,20,3.4485853461774241e-07,1,0,4,7.2798238548443805e-09,-1.2274713867554965e-07,0.0012585541716097954
119,2.0000001043081284,0,0,496.12503051757812,496.12503504753113,496.12503504753113,7.3105868025891141e-09,-1.2463166854104202e-07,0.066879125628747094,0,0,0,2.6300483568775235e-05,-2.4926333708208404e-05,-5.9333501667424571e-06,-0.00053856728157568106,0.62440023249912624,-0.00097361274310013937,-13576.858033232249,-0.00051226679800690583,13577.482408538415,-0.00097954609326688182,1.2559009004888,0,0,0,0.031123999999999999,0,0,0,20,3.4485853461774241e-07,1,0,4,9.3877812190612531e-09,1.2647745961658075e-07,0.0012585541716097954
120,2.0166667718440294,1,0.033333335071802139,496.12503051757812,496.12503504753113,496.12503504753113,9.3717122950920384e-09,1.2366749047032499e-07,0.066941841473790259,-0.001105859293602407,-161.59677124023438,-0.010221391916275024,-4.0676567891750892e-05,2.4733498094064998e-05,9.7733209258876741e-05,0.0006407142581852758,-0.011593676253859115,0.0091719408700324141,-13771.790938197471,0.00060003769029352491,13771.779369254715,0.0092696740792912909,0.93554859045369132,0,0,3.9865940000000002,4.051755,0.0010427236557006836,194.29690551757812,0.010332167148590088,20,3.3953583056245407e-07,1,0,4,7.3105868025891141e-09,-1.2463166854104202e-07,-2.3368456406857973e-05
121,2.0333334393799305,0,0,496.12503051757812,496.12503504753113,496.12503504753113,7.3181816162559699e-09,-1.2321181941388204e-07,0.066941841473790259,0,0,0,2.6667714791983599e-05,-2.4642363882776408e-05,-6.5839003582368605e-06,0.0006407142581852758,-0.011593676253859115,0.0091719408700324141,-13804.490941301632,0.0006673819729772594,13804.479322983014,0.0091653569696741773,0.93554859042558258,0,0,0,0.044903999999999999,0,0,0,20,3.3953583056245407e-07,1,0,4,9.3717122950920384e-09,1.2366749047032499e-07,-2.3368456406857973e-05
122,2.0500001069158316,1,0.033333335071802139,496.12503051757812,496.12503504753113,496.12503504753113,9.4899830216377268e-09,1.3030808077019174e-07,0.066913898451393158,-0.00018192609422840178,-160.85536193847656,0.0036700963973999023,-4.0290541392096202e-05,2.6061616154038347e-05,9.8778912160923937e-05,0.00090071195064817986,-1.3890918335144855,0.0054709614890320994,-13999.423846266849,0.00086042140925608366,13998.034780494951,0.0055697404011930234,0.66555430168175456,0,0,3.762524,3.8263669999999999,0.00011931359767913818,193.555419921875,-0.0035565495491027832,20,3.3859066661534598e-07,1,0,4,7.3181816162559699e-09,-1.2321181941388204e-07,-0.0027998825606158012
123,2.0666667744517326,0,0,496.12503051757812,496.12503504753113,496.12503504753113,7.33340499436963e-09,-1.2939467808337213e-07,0.066913898451393158,0,0,0,2.7005665970136761e-05,-2.5878935616674426e-05,-6.4485448092455044e-06,0.00090071195064817986,-1.3890918335144855,0.0054709614890320994,-14032.12384937101,0.00092771761661831662,14030.73473165856,0.0054645129442228539,0.66555430165302099,0,0,0,0.041911999999999998,0,0,0,20,3.3859066661534598e-07,1,0,4,9.4899830216377268e-09,1.3030808077019174e-07,-0.0027998825606158012
124,2.0833334419876337,1,0.033333335071802139,496.12503051757812,496.12503504753113,496.12503504753113,9.6212984246335509e-09,1.3727360226312157e-07,0.066814536900341948,0.0012889070203527808,-161.59101867675781,0.018938779830932617,7.2925899985420983e-06,2.7454720452624315e-05,0.00011490761835375451,7.839702725557238e-05,-2.0311028423351396,-0.013702180096020766,-14227.05675433623,8.5689617254114479e-05,14225.025678948616,-0.013587272477667011,0.88747887014720239,0,0,4.0307019999999998,4.0966690000000003,-0.0013027042150497437,194.29092407226562,-0.018825173377990723,20,3.4862006259572809e-07,1,0,4,7.33340499436963e-09,-1.2939467808337213e-07,-0.0040939333814117044
125,2.1000001095235348,0,0,496.12503051757812,496.12503504753113,496.12503504753113,7.3078036955109837e-09,-1.3880968197099719e-07,0.066814536900341948,0,0,0,2.6911106942861807e-05,-2.7761936394199438e-05,-6.3057456145543256e-06,7.839702725557238e-05,-2.0311028423351396,-0.013702180096020766,-14259.756757440391,0.00010530813419843419,14257.72562683612,-0.01370848584163532,0.88747887011386661,0,0,0,0.032565999999999998,0,0,0,20,3.4862006259572809e-07,1,0,4,9.6212984246335509e-09,1.3727360226312157e-07,-0.0040939333814117044
126,2.1166667770594358,1,0.033333335071802139,496.12503051757812,496.12503504753113,496.12503504753113,9.5321741611087418e-09,1.3346223681764968e-07,0.06672737270999117,-0.0025289533659815788,-162.61979675292969,-0.007328331470489502,2.6751891368803626e-06,2.6692447363529936e-05,0.00011584486401261529,0.0023558437908124462,-1.6442555124668581,-0.0060702337702069238,-14454.689662405608,0.0023585189799493265,14453.045433585588,-0.0059543889061943085,0.90854661327228958,0,0,3.993026,4.0453739999999998,0.0025121867656707764,195.31976318359375,0.0074418187141418457,20,3.5639371276374732e-07,1,0,4,7.3078036955109837e-09,-1.3880968197099719e-07,-0.0033141958101536454
127,2.1333334445953369,0,0,496.12503051757812,496.12503504753113,496.12503504753113,7.3044832404889348e-09,-1.336614587899021e-07,0.06672737270999117,0,0,0,2.7729004159482429e-05,-2.673229175798042e-05,-6.9116879330977099e-06,0.0023558437908124462,-1.6442555124668581,-0.0060702337702069238,-14487.389665509769,0.0023835727949719286,14485.74538326501,-0.0060771454581400215,0.90854661323849295,0,0,0,0.031085999999999999,0,0,0,20,3.5639371276374732e-07,1,0,4,9.5321741611087418e-09,1.3346223681764968e-07,-0.0033141958101536454
128,2.150000112131238,1,0.033333335071802139,496.12503051757812,496.12503504753113,496.12503504753113,9.4817922402512522e-09,1.3063852577488433e-07,0.066665199186120724,0.0010402584448456764,-162.59671020507812,-0.0092687308788299561,7.1241923471632163e-07,2.6127705154976866e-05,0.00011524790579642286,0.0014434617884286347,-1.2805180157311915,0.0033661120489657183,-14682.322570474989,0.001444174207663351,14681.042078586963,0.0034813599547621412,0.61458510924308751,0,0,3.7587959999999998,3.8090730000000002,-0.0010592490434646606,195.29666137695312,0.0093809962272644043,20,3.5598301906247798e-07,1,0,4,7.3044832404889348e-09,-1.336614587899021e-07,-0.0025810389020350724
129,2.1666667796671391,0,0,496.12503051757812,496.12503504753113,496.12503504753113,7.2803167938673141e-09,-1.3208851612489525e-07,0.066665199186120724,0,0,0,2.7996964035992278e-05,-2.641770322497905e-05,-6.9898419496894348e-06,0.0014434617884286347,-1.2805180157311915,0.0033661120489657183,-14715.022573579148,0.001471458752464627,14713.742029145715,0.0033591222070160289,0.61458510920958564,0,0,0,0.031122,0,0,0,20,3.5598301906247798e-07,1,0,4,9.4817922402512522e-09,1.3063852577488433e-07,-0.0025810389020350724
130,2.1833334472030401,1,0.033333335071802139,496.12503051757812,496.12503504753113,496.12503504753113,9.2446370558718627e-09,1.178592015094182e-07,0.066649693869003643,0.0023604987654834986,-163.01472473144531,0.018382340669631958,-4.1146631701849401e-05,2.357184030188364e-05,9.4296933639270719e-05,-0.001011921522471653,-0.49876143300032155,-0.014987906207569601,-14909.955478544369,-0.0010530681541735024,14909.456740683208,-0.01489360927393033,0.58951367819685718,0,0,3.9368810000000001,3.999841,-0.002425655722618103,195.71469116210938,-0.018272578716278076,20,3.438376268150023e-07,1,0,4,7.2803167938673141e-09,-1.3208851612489525e-07,-0.0010053139788693344
131,2.2000001147389412,0,0,496.12503051757812,496.12503504753113,496.12503504753113,7.2752186497382354e-09,-1.1816509726259028e-07,0.066649693869003643,0,0,0,2.6381167117506266e-05,-2.3633019452518056e-05,-6.4951848344207974e-06,-0.001011921522471653,-0.49876143300032155,-0.014987906207569601,-14942.65548164853,-0.00098554035535414674,14942.15669658251,-0.014994401392404022,0.58951367817048983,0,0,0,0.032573999999999999,0,0,0,20,3.438376268150023e-07,1,0,4,9.2446370558718627e-09,1.178592015094182e-07,-0.0010053139788693344
132,2.2166667822748423,1,0.033333335071802139,496.12503051757812,496.12503504753113,496.12503504753113,9.3070111617521434e-09,1.2190753295726608e-07,0.066692469324789908,0.00066462159156799316,-163.008544921875,0.016188109293580055,-3.929835088456457e-05,2.4381506591453217e-05,9.7389738584752195e-05,-0.0015747537746066981,0.2769032191211383,-0.031069257921943462,-15137.588386613746,-0.0016140521254912627,15137.865314214374,-0.03097186818335871,1.1005681438345885,0,0,3.9766189999999999,4.0293010000000002,-0.00072570145130157471,195.70860290527344,-0.016073822975158691,20,3.3655305742286146e-07,1,0,4,7.2752186497382354e-09,-1.1816509726259028e-07,0.00055813192151170051
133,2.2333334498107433,0,0,496.12503051757812,496.12503504753113,496.12503504753113,7.2842669673889304e-09,-1.2136464988543594e-07,0.066692469324789908,0,0,0,2.6442359057909925e-05,-2.4272929977087188e-05,-6.5234047497142456e-06,-0.0015747537746066981,0.2769032191211383,-0.031069257921943462,-15170.288389717907,-0.0015483114155487882,15170.565268664099,-0.031075781326693176,1.1005681438068935,0,0,0,0.031199000000000001,0,0,0,20,3.3655305742286146e-07,1,0,4,9.3070111617521434e-09,1.2190753295726608e-07,0.00055813192151170051
134,2.2500001173466444,1,0.033333335071802139,496.12503051757812,496.12503504753113,496.12503504753113,9.3953795854417876e-09,1.2666673399053252e-07,0.066783219423829296,-0.0017288923263549805,-162.76942443847656,-0.0046097408048808575,-3.8413145375670865e-05,2.5333346798106504e-05,9.9512635642895475e-05,0.0001935759575508693,0.81350494576057386,-0.026730097526701916,-15365.221294683128,0.00015516281217519844,15366.034824962235,-0.026630584891059021,1.3728942161486617,0,0,3.826009,3.8871850000000001,0.0016688257455825806,195.46954345703125,0.0047239065170288086,20,3.3664025522739394e-07,1,0,4,7.2842669673889304e-09,-1.2136464988543594e-07,0.0016397175878911981
135,2.2666667848825455,0,0,496.12503051757812,496.12503504753113,496.12503504753113,7.267163759649975e-09,-1.2769295665293612e-07,0.066783219423829296,0,0,0,2.705541533032374e-05,-2.5538591330587224e-05,-6.7329665398574434e-06,0.0001935759575508693,0.81350494576057386,-0.026730097526701916,-15397.921297787288,0.00022063137288119304,15398.734777194457,-0.026736830493241773,1.3728942161198825,0,0,0,0.031273000000000002,0,0,0,20,3.3664025522739394e-07,1,0,4,9.3953795854417876e-09,1.2666673399053252e-07,0.0016397175878911981
136,2.2833334524184465,1,0.033333335071802139,496.12503051757812,496.12503504753113,496.12503504753113,9.1703595828107609e-09,1.1419172807336508e-07,0.066877442608479734,-0.0016718506813049316,-162.02359008789062,-0.015201430767774582,-4.0363357811656897e-05,2.2838345614673017e-05,9.7475276561453938e-05,0.0017737507578853245,0.60415241983110768,-0.011572441084462893,-15592.854202752507,0.0017333874000736676,15593.458378010684,-0.011474965807901439,0.90676162517627101,0,0,3.8246760000000002,3.8761350000000001,0.0016090124845504761,194.72355651855469,0.015315592288970947,20,3.3941188348762807e-07,1,0,4,7.267163759649975e-09,-1.2769295665293612e-07,0.0012177422567946547
137,2.3000001199543476,0,0,496.12503051757812,496.12503504753113,496.12503504753113,7.2611499035701854e-09,-1.1455258430714821e-07,0.066877442608479734,0,0,0,2.6541169972915668e-05,-2.2910516861429642e-05,-6.7727825125984964e-06,0.0017737507578853245,0.60415241983110768,-0.011572441084462893,-15625.554205856668,0.0018002919278582402,15626.158335365983,-0.011579213866975491,0.90676162514831782,0,0,0,0.031201,0,0,0,20,3.3941188348762807e-07,1,0,4,9.1703595828107609e-09,1.1419172807336508e-07,0.0012177422567946547
138,2.3166667874902487,1,0.033333335071802139,496.12503051757812,496.12503504753113,496.12503504753113,9.3228713637927285e-09,1.2370327340249787e-07,0.066923279796733334,0.0002898871898651123,-161.40544128417969,-0.012654704973101616,-4.034045844036882e-05,2.4740654680499574e-05,9.7271811227983562e-05,0.0016618253059635453,-0.22331615513163144,0.0012101186539091899,-15820.487110821887,0.0016214848475231765,15820.26381940741,0.0013073904651371734,0.66817579346538658,0,0,3.7655500000000002,3.8176070000000002,-0.00035268068313598633,194.10546875,0.012767910957336426,20,3.387398805898556e-07,1,0,4,7.2611499035701854e-09,-1.1455258430714821e-07,-0.00045012071424744106
139,2.3333334550261497,0,0,496.12503051757812,496.12503504753113,496.12503504753113,7.3058856742136413e-09,-1.2101914137474523e-07,0.066923279796733334,0,0,0,2.6747943593363743e-05,-2.4203828274949046e-05,-6.5217847122767125e-06,0.0016618253059635453,-0.22331615513163144,0.0012101186539091899,-15853.187113926046,0.0016885732495569091,15852.963773567086,0.0012035968691969131,0.66817579343746047,0,0,0,0.054056,0,0,0,20,3.387398805898556e-07,1,0,4,9.3228713637927285e-09,1.2370327340249787e-07,-0.00045012071424744106
140,2.3500001225620508,1,0.033333335071802139,496.12503051757812,496.12503504753113,496.12503504753113,9.2804350870778762e-09,1.1847297542999513e-07,0.066908387353225615,0.00066253542900085449,-161.45890808105469,-0.010354470461606979,-4.0006008816817484e-05,2.3694595085999026e-05,9.8107284429715946e-05,0.0010776643428959934,-0.99738740826773176,0.011543913427233682,-16048.120018891266,0.0010376583340791759,16047.122655177594,0.011642020711663398,0.53154299631022095,0,0,3.8655970000000002,3.9217770000000001,-0.0007251054048538208,194.15884399414062,0.010467469692230225,20,3.3796038678701734e-07,1,0,4,7.3058856742136413e-09,-1.2101914137474523e-07,-0.0020103549262983217
141,2.3666667900979519,0,0,496.12503051757812,496.12503504753113,496.12503504753113,7.2889463353931205e-09,-1.1948932865379902e-07,0.066908387353225615,0,0,0,2.685974322957918e-05,-2.3897865730759804e-05,-6.7042520868199063e-06,0.0010776643428959934,-0.99738740826773176,0.011543913427233682,-16080.820021995427,0.0011045240861255726,16079.822610689294,0.011537209175146862,0.53154299628200774,0,0,0,0.040786999999999997,0,0,0,20,3.3796038678701734e-07,1,0,4,9.2804350870778762e-09,1.1847297542999513e-07,-0.0020103549262983217
142,2.383333457633853,1,0.033333335071802139,496.12503051757812,496.12503504753113,496.12503504753113,9.2934344664286073e-09,1.2026929141484288e-07,0.066864414330647909,-0.0014688670635223389,-162.04124450683594,-0.010414430871605873,-4.0843403326107364e-05,2.4053858282968577e-05,9.7958400147035718e-05,0.0023272615586124143,-1.1890957871480095,0.021978611943709005,-16275.752926960648,0.0022864181552863069,16274.563855227358,0.022076570343856041,0.30615882362605928,0,0,3.726172,3.7796889999999999,0.0014052987098693848,194.7412109375,0.010527491569519043,20,3.3708087698869349e-07,1,0,4,7.2889463353931205e-09,-1.1948932865379902e-07,-0.0023967663454719404
143,2.400000125169754,0,0,496.12503051757812,496.12503504753113,496.12503504753113,7.2658385974477824e-09,-1.2165574503342214e-07,0.066864414330647909,0,0,0,2.6879030201598653e-05,-2.4331149006684427e-05,-6.8543016595867812e-06,0.0023272615586124143,-1.1890957871480095,0.021978611943709005,-16308.452930064806,0.002354140588814013,16307.263809946509,0.021971757642049419,0.3061588235977214,0,0,0,0.048030000000000003,0,0,0,20,3.3708087698869349e-07,1,0,4,9.2934344664286073e-09,1.2026929141484288e-07,-0.0023967663454719404
144,2.4166667927056551,1,0.033333335071802139,496.12503051757812,496.12503504753113,496.12503504753113,9.2735934487109262e-09,1.2046530173392966e-07,0.066823866243670593,0.0035835206508636475,-162.32815551757812,0.011396341025829315,-4.1870342215588607e-05,2.4093060346785933e-05,9.5852931281115161e-05,-0.0013729203870873356,-1.0938060970844321,0.010704320833130665,-16503.385835030025,-0.0014147907293029242,16502.292053026002,0.01080017376441178,0.18500542866760947,0,0,3.9907170000000001,4.0445570000000002,-0.0036479085683822632,195.0281982421875,-0.011283040046691895,20,3.4759594313982234e-07,1,0,4,7.2658385974477824e-09,-1.2165574503342214e-07,-0.0022046984526383358
145,2.4333334602415562,0,0,496.12503051757812,496.12503504753113,496.12503504753113,7.2731602962505804e-09,-1.2002598737126391e-07,0.066823866243670593,0,0,0,2.6694340249378001e-05,-2.4005197474252782e-05,-6.6203256210428663e-06,-0.0013729203870873356,-1.0938060970844321,0.010704320833130665,-16536.085838134186,-0.0013462260468379576,16534.992008031903,0.010697700507509622,0.18500542864018935,0,0,0,0.042859000000000001,0,0,0,20,3.4759594313982234e-07,1,0,4,9.2735934487109262e-09,1.2046530173392966e-07,-0.0022046984526383358
146,2.4500001277774572,1,0.033333335071802139,496.12503051757812,496.12503504753113,496.12503504753113,9.3828358416203628e-09,1.2658053094583011e-07,0.066791934373021944,0.0019980072975158691,-162.34458923339844,0.0076879793778061867,4.1561168728776465e-06,2.5316106189166021e-05,0.00011553214562809444,-0.0033998625169033604,-0.98224181489170714,0.0030101410779152667,-16731.018743099405,-0.0033957064000304828,16730.036526600619,0.0031256732235433612,0.17867274160251087,0,0,4.0431169999999996,4.095377,-0.0020133554935455322,195.04447937011719,-0.0075762271881103516,20,3.5155812838638667e-07,1,0,4,7.2731602962505804e-09,-1.2002598737126391e-07,-0.0019798271514308964
147,2.4666667953133583,0,0,496.12503051757812,496.12503504753113,496.12503504753113,7.2370971437862863e-09,-1.2874433252818562e-07,0.066791934373021944,0,0,0,2.7498839472173131e-05,-2.5748866505637125e-05,-6.8254877305662376e-06,-0.0033998625169033604,-0.98224181489170714,0.0030101410779152667,-16763.718746203565,-0.0033723636774311873,16762.736478639807,0.0030033155901847005,0.17867274156899907,0,0,0,0.031054999999999999,0,0,0,20,3.5155812838638667e-07,1,0,4,9.3828358416203628e-09,1.2658053094583011e-07,-0.0019798271514308964
148,2.4833334628492594,1,0.033333335071802139,496.12503051757812,496.12503504753113,496.12503504753113,9.3041530035975484e-09,1.2402334448324837e-07,0.066767371988215404,0.00070625543594360352,-162.33929443359375,0.0098561588674783707,-4.1752301171982253e-05,2.4804668896649673e-05,9.5958841939136619e-05,-0.0039655513737528554,-0.87593501128793216,-0.0067010325015887497,-16958.651651168788,-0.0040073036749248376,16957.77574096217,-0.0066050736596496131,0.16665585839687985,0,0,3.6651899999999999,3.7354880000000001,-0.00077071785926818848,195.03924560546875,-0.0097435712814331055,20,3.4953743011101324e-07,1,0,4,7.2370971437862863e-09,-1.2874433252818562e-07,-0.0017655529340582731
149,2.5000001303851604,0,0,496.12503051757812,496.12503504753113,496.12503504753113,7.2339321199876849e-09,-1.2421324413480761e-07,0.066767371988215404,0,0,0,2.6790974061441375e-05,-2.4842648826961522e-05,-6.6333456061329343e-06,-0.0039655513737528554,-0.87593501128793216,-0.0067010325015887497,-16991.351654272945,-0.003938760399691414,16990.475694419009,-0.0067076658471948826,0.16665585836948307,0,0,0,0.041239999999999999,0,0,0,20,3.4953743011101324e-07,1,0,4,9.3041530035975484e-09,1.2402334448324837e-07,-0.0017655529340582731
150,2.5166667979210615,1,0.033333335071802139,496.12503051757812,496.12503504753113,496.12503504753113,9.2907805893105433e-09,1.2341091348844202e-07,0.066752548677986162,-0.00069436430931091309,-162.38926696777344,0.012007053010165691,-4.0625215547152038e-05,2.4682182697688404e-05,9.7263955467496999e-05,-0.0030677023972838107,-0.71957393896635324,-0.018842588557564814,-17186.284559238164,-0.0031083276128309628,17185.565009981379,-0.018745324602097317,0.11570735888325934,0,0,3.8442940000000001,3.8969900000000002,0.00063116848468780518,195.08927917480469,-0.011894702911376953,20,3.4244931157445535e-07,1,0,4,7.2339321199876849e-09,-1.2421324413480761e-07,-0.0014503882854801202
151,2.5333334654569626,0,0,496.12503051757812,496.12503504753113,496.12503504753113,7.2128298889140297e-09,-1.2467702958929294e-07,0.066752548677986162,0,0,0,2.686268771867617e-05,-2.4935405917858589e-05,-6.629878157582425e-06,-0.0030677023972838107,-0.71957393896635324,-0.018842588557564814,-17218.984562342324,-0.0030408397095651346,17218.264963467951,-0.018849218435722397,0.11570735885538938,0,0,0,0.031226,0,0,0,20,3.4244931157445535e-07,1,0,4,9.2907805893105433e-09,1.2341091348844202e-07,-0.0014503882854801202
152,2.5500001329928637,1,0.033333335071802139,496.12503051757812,496.12503504753113,496.12503504753113,9.3211998120068529e-09,1.2650220071463991e-07,0.066753648424229664,0.00012919306755065918,-162.48101806640625,0.011525150388479233,-4.0712748727855796e-05,2.5300440142927982e-05,9.6773771929292707e-05,-0.0029123243443422713,-0.47151448838911597,-0.030403197718582266,-17413.917467307543,-0.0029530370930701271,17413.445978119595,-0.030306423946652974,0.071248677765874138,0,0,3.5290119999999998,3.5789819999999999,-0.0001926124095916748,195.18099975585938,-0.011411666870117188,20,3.3875051030918257e-07,1,0,4,7.2128298889140297e-09,-1.2467702958929294e-07,-0.00095039446728170586
153,2.5666668005287647,0,0,496.12503051757812,496.12503504753113,496.12503504753113,7.2286043817371137e-09,-1.255557009471886e-07,0.066753648424229664,0,0,0,2.6399942498755991e-05,-2.511114018943772e-05,-6.4215868178507662e-06,-0.0029123243443422713,-0.47151448838911597,-0.030403197718582266,-17446.617470411704,-0.0028859244018435153,17446.145930812174,-0.030409619305400117,0.071248677738089863,0,0,0,0.030970999999999999,0,0,0,20,3.3875051030918257e-07,1,0,4,9.3211998120068529e-09,1.2650220071463991e-07,-0.00095039446728170586
154,2.5833334680646658,1,0.033333335071802139,496.12503051757812,496.12503504753113,496.12503504753113,9.2502201454180977e-09,1.2129694937357272e-07,0.066768942489510499,-0.0024566352367401123,-162.38191223144531,-0.00024530620430596173,-4.0559973513154546e-05,2.4259389874714543e-05,9.7379756880400237e-05,-0.0004268370602483096,-0.32257335472711524,-0.030079368313516749,-17641.550375376926,-0.00046739703376146415,17641.227826281589,-0.029981988556636349,0.059370115909518836,0,0,3.8652690000000001,3.9157320000000002,0.0023934990167617798,195.08184814453125,0.00035768747329711914,20,3.4496574130571389e-07,1,0,4,7.2286043817371137e-09,-1.255557009471886e-07,-0.00065018560229723374
155,2.6000001356005669,0,0,496.12503051757812,496.12503504753113,496.12503504753113,7.2393513406154852e-09,-1.2065210341916099e-07,0.066768942489510499,0,0,0,2.6698279498305055e-05,-2.4130420683832199e-05,-6.602297730751161e-06,-0.0004268370602483096,-0.32257335472711524,-0.030079368313516749,-17674.250378481087,-0.00040013878075000455,17673.927780995939,-0.030085970611247501,0.059370115881509686,0,0,0,0.051926,0,0,0,20,3.4496574130571389e-07,1,0,4,9.2502201454180977e-09,1.2129694937357272e-07,-0.00065018560229723374
156,2.6166668031364679,1,0.033333335071802139,496.12503051757812,496.12503504753113,496.12503504753113,9.2267837814574705e-09,1.1924592513423704e-07,0.066785294131762318,-0.00055265426635742188,-162.18170166015625,-8.8754801254253834e-05,-4.1320666355204594e-05,2.3849185026847408e-05,9.5820246315270197e-05,0.00019826637805941678,-0.37366317930380422,-0.029905911627726791,-17869.183283446302,0.00015694571170421219,17868.809644116183,-0.029810091381411521,0.059678766295383739,0,0,3.5822569999999998,3.6322130000000001,0.00048905611038208008,194.88186645507812,0.00020176172256469727,20,3.4380929037070018e-07,1,0,4,7.2393513406154852e-09,-1.2065210341916099e-07,-0.00075316332155664248
157,2.633333470672369,0,0,496.12503051757812,496.12503504753113,496.12503504753113,7.1944290525038923e-09,-1.2194126952635997e-07,0.066785294131762318,0,0,0,2.636725184856914e-05,-2.4388253905271995e-05,-6.3101936120801838e-06,0.00019826637805941678,-0.37366317930380422,-0.029905911627726791,-17901.883286550463,0.00022463362990798592,17901.509598982906,-0.029912221821338871,0.059678766268341121,0,0,0,0.031036999999999999,0,0,0,20,3.4380929037070018e-07,1,0,4,9.2267837814574705e-09,1.1924592513423704e-07,-0.00075316332155664248
158,2.6500001382082701,1,0.033333335071802139,496.12503051757812,496.12503504753113,496.12503504753113,9.3681986612637047e-09,1.304262013945845e-07,0.066790831788462027,0.0034379661083221436,-162.0509033203125,0.00064235588070005178,-4.0900636122387368e-05,2.6085240278916899e-05,9.6780649982974865e-05,-0.0036388927120338918,-0.55566725287829333,-0.03053695047540466,-18096.816191515685,-0.0036797933481562792,18096.260550348048,-0.030440169825421685,0.058122618187876736,0,0,3.5347339999999998,3.5832999999999999,-0.0035005509853363037,194.75093078613281,-0.0005289912223815918,20,3.4216029121125757e-07,1,0,4,7.1944290525038923e-09,-1.2194126952635997e-07,-0.001120014539933583
159,2.6666668057441711,0,0,496.12503051757812,496.12503504753113,496.12503504753113,7.1963426329091362e-09,-1.3031134926677623e-07,0.066790831788462027,0,0,0,2.6483365900276112e-05,-2.6062269853355247e-05,-6.2432206959783798e-06,-0.0036388927120338918,-0.55566725287829333,-0.03053695047540466,-18129.516194619842,-0.0036124093461336157,18128.960501304693,-0.030543193696100639,0.058122618160302071,0,0,0,0.031127999999999999,0,0,0,20,3.4216029121125757e-07,1,0,4,9.3681986612637047e-09,1.304262013945845e-07,-0.001120014539933583
160,2.6833334732800722,1,0.033333335071802139,496.12503051757812,496.12503504753113,496.12503504753113,9.2272465224141342e-09,1.2185419961951993e-07,0.066783245880993033,0.0055632889270782471,-162.06553649902344,0.0027371617034077644,-4.1096356540037959e-05,2.4370839923903986e-05,9.6973838026315207e-05,-0.0091897956096900196,-0.72317750669159697,-0.033060253453707104,-18324.449099585065,-0.0092308919662300575,18323.725946449213,-0.032963279615680789,0.059489746217418982,0,0,4.1097849999999996,4.1608280000000004,-0.0056264400482177734,194.76545715332031,-0.0026229619979858398,20,3.443255991442129e-07,1,0,4,7.1963426329091362e-09,-1.3031134926677623e-07,-0.0014576517119768268
161,2.7000001408159733,0,0,496.12503051757812,496.12503504753113,496.12503504753113,7.211564234665957e-09,-1.2094092483039276e-07,0.066783245880993033,0,0,0,2.6551680321063031e-05,-2.4188184966078552e-05,-6.5764226064857212e-06,-0.0091897956096900196,-0.72317750669159697,-0.033060253453707104,-18357.149102689225,-0.0091632439293689565,18356.425900994349,-0.03306682987631359,0.059489746189540234,0,0,0,0.044504000000000002,0,0,0,20,3.443255991442129e-07,1,0,4,9.2272465224141342e-09,1.2185419961951993e-07,-0.0014576517119768268
162,2.7166668083518744,1,0.033333335071802139,496.12503051757812,496.12503504753113,496.12503504753113,9.3037915149807304e-09,1.255336457006706e-07,0.066768063219631607,0.0058796405792236328,-162.16041564941406,0.0063789770938456059,-4.0864003381102521e-05,2.5106729140134121e-05,9.7137501597899245e-05,-0.01502495843417502,-0.79572658200096702,-0.03975305936803885,-18552.082007654441,-0.015065822437556123,18551.286306179169,-0.03965592186644095,0.069871097183781455,0,0,3.6160079999999999,3.7081879999999998,-0.0059433430433273315,194.86039733886719,-0.0062648653984069824,20,3.3831764767455752e-07,1,0,4,7.211564234665957e-09,-1.2094092483039276e-07,-0.0016038831459588259
163,2.7333334758877754,0,0,496.12503051757812,496.12503504753113,496.12503504753113,7.1637531462442894e-09,-1.2840230567690014e-07,0.066768063219631607,0,0,0,2.6640407213562867e-05,-2.5680461135380028e-05,-6.4590977899570134e-06,-0.01502495843417502,-0.79572658200096702,-0.03975305936803885,-18584.782010758601,-0.014998318026961457,18583.986258496137,-0.039759518465828807,0.069871097156004938,0,0,0,0.049449,0,0,0,20,3.3831764767455752e-07,1,0,4,9.3037915149807304e-09,1.255336457006706e-07,-0.0016038831459588259
164,2.7500001434236765,1,0.033333335071802139,496.12503051757812,496.12503504753113,496.12503504753113,9.2423722009016274e-09,1.2471716104300867e-07,0.06675216195737424,0.034062474966049194,-162.24990844726562,0.0088271796703338623,-4.0917683463703725e-05,2.4943432208601735e-05,9.7337999704905087e-05,-0.049238947203065819,-0.77865242428476922,-0.04870670578223843,-18779.714915723824,-0.049279864886529523,18778.93628824297,-0.048609367782533525,0.086252359990967087,0,0,3.7071429999999999,3.7686169999999999,-0.034126102924346924,194.94999694824219,-0.008714139461517334,20,3.4455626973795006e-07,1,0,4,7.1637531462442894e-09,-1.2840230567690014e-07,-0.0015694681164601391
165,2.7666668109595776,0,0,496.12503051757812,496.12503504753113,496.12503504753113,7.1798673673129088e-09,-1.2375029712075047e-07,0.06675216195737424,0,0,0,2.6630885940903681e-05,-2.4750059424150095e-05,-6.5050215880546602e-06,-0.049238947203065819,-0.77865242428476922,-0.04870670578223843,-18812.414918827984,-0.049212316317124916,18811.636241653639,-0.048713210803826484,0.086252359962954522,0,0,0,0.031233,0,0,0,20,3.4455626973795006e-07,1,0,4,9.2423722009016274e-09,1.2471716104300867e-07,-0.0015694681164601391
166,2.7833334784954786,1,0.033333335071802139,496.12503051757812,496.12503504753113,496.12503504753113,9.3401011369564912e-09,1.2961400841504656e-07,0.066739612442701046,0.006877899169921875,-162.28544616699219,-0.015152542851865292,-4.0868894757295493e-05,2.5922801683009311e-05,9.7640440799295902e-05,-0.056269594397617126,-0.72623222756397576,-0.03352793827297202,-19007.347823793203,-0.056310463292374421,19006.621617488439,-0.033430297832172724,0.10386653839127681,0,0,3.7465830000000002,3.7963079999999998,-0.0069410353899002075,194.98536682128906,0.015265345573425293,20,3.3877779515023576e-07,1,0,4,7.1798673673129088e-09,-1.2375029712075047e-07,-0.0014638088712745554
167,2.8000001460313797,0,0,496.12503051757812,496.12503504753113,496.12503504753113,7.1224528497282336e-09,-1.3305887591741339e-07,0.066739612442701046,0,0,0,2.6598110025588539e-05,-2.6611775183482678e-05,-6.2969064629214699e-06,-0.056269594397617126,-0.72623222756397576,-0.03352793827297202,-19040.047826897364,-0.056242996287591537,19039.321568058025,-0.033534235179434942,0.10386653836325246,0,0,0,0.030876000000000001,0,0,0,20,3.3877779515023576e-07,1,0,4,9.3401011369564912e-09,1.2961400841504656e-07,-0.0014638088712745554
168,2.8166668135672808,1,0.033333335071802139,496.12503051757812,496.12503504753113,496.12503504753113,9.1765013365829873e-09,1.2324292697485362e-07,0.066730785481378341,-0.013754516839981079,-162.2767333984375,0.013484301045536995,-4.0135219592229987e-05,2.4648585394970723e-05,9.8605983112065587e-05,-0.042559055283286198,-0.68228816090740085,-0.047027967104316809,-19234.980731862583,-0.042599190502878428,19234.298468350262,-0.046929361121204743,0.12416410479704049,0,0,3.516664,3.5653440000000001,0.013690873980522156,194.97686767578125,-0.01337134838104248,20,3.4163986128987744e-07,1,0,4,7.1224528497282336e-09,-1.3305887591741339e-07,-0.0013752342911742691
169,2.8333334811031818,0,0,496.12503051757812,496.12503504753113,496.12503504753113,7.1345893637442259e-09,-1.2251470593582781e-07,0.066730785481378341,0,0,0,2.7116647061120602e-05,-2.4502941187165561e-05,-6.9239661115716444e-06,-0.042559055283286198,-0.68228816090740085,-0.047027967104316809,-19267.680734966743,-0.042531938636225078,19266.998422302895,-0.047034891070428381,0.12416410476834297,0,0,0,0.030963999999999998,0,0,0,20,3.4163986128987744e-07,1,0,4,9.1765013365829873e-09,1.2324292697485362e-07,-0.0013752342911742691
170,2.8500001486390829,1,0.033333335071802139,496.12503051757812,496.12503504753113,496.12503504753113,9.130490141728842e-09,1.1975403424457909e-07,0.06672303718166285,0.0040059685707092285,-162.23092651367188,-0.0082643600180745125,-4.0824298253028246e-05,2.3950806848915818e-05,9.7849533631233498e-05,-0.046415457234684258,-0.68415705568364937,-0.038859580114639483,-19462.613639931962,-0.046456281532937287,19461.929506827084,-0.03876173058100825,0.15488772507719109,0,0,4.0153530000000002,4.0662089999999997,-0.0040697157382965088,194.93106079101562,0.008381187915802002,20,3.3751609862520127e-07,1,0,4,7.1345893637442259e-09,-1.2251470593582781e-07,-0.0013790012745841457
171,2.866666816174984,0,0,496.12503051757812,496.12503504753113,496.12503504753113,7.1061241335712566e-09,-1.2146195160767093e-07,0.06672303718166285,0,0,0,2.6551055043455563e-05,-2.4292390321534185e-05,-6.5055814957304392e-06,-0.046415457234684258,-0.68415705568364937,-0.038859580114639483,-19495.313643036123,-0.046388906179640803,19494.629461688048,-0.038866085696135214,0.1548877250491994,0,0,0,0.031510999999999997,0,0,0,20,3.3751609862520127e-07,1,0,4,9.130490141728842e-09,1.1975403424457909e-07,-0.0013790012745841457
172,2.883333483710885,1,0.033333335071802139,496.12503051757812,496.12503504753113,496.12503504753113,9.2212149027659507e-09,1.2690544792803848e-07,0.066712422182365352,0.014287084341049194,-162.17280578613281,-0.0028333922382444143,-4.0117896560332156e-05,2.5381089585607697e-05,9.8795089797931723e-05,-0.060769307514780969,-0.74427964969808891,-0.035841933815717091,-19690.246548001342,-0.060809425411341302,19689.502293732734,-0.035743138725919159,0.19628855230031558,0,0,3.6472000000000002,3.7169569999999998,-0.014350444078445435,194.872802734375,0.0029472112655639648,20,3.3851424063868762e-07,1,0,4,7.1061241335712566e-09,-1.2146195160767093e-07,-0.0015001856328955127
173,2.9000001512467861,0,0,496.12503051757812,496.12503504753113,496.12503504753113,7.1044357063954067e-09,-1.2700674290044844e-07,0.066712422182365352,0,0,0,2.6860516300075687e-05,-2.5401348580089689e-05,-6.6736248527377029e-06,-0.060769307514780969,-0.74427964969808891,-0.035841933815717091,-19722.946551105502,-0.060742446998480894,19722.202246054454,-0.035848607440569828,0.19628855227160977,0,0,0,0.030963000000000001,0,0,0,20,3.3851424063868762e-07,1,0,4,9.2212149027659507e-09,1.2690544792803848e-07,-0.0015001856328955127
174,2.9166668187826872,1,0.033333335071802139,496.12503051757812,496.12503504753113,496.12503504753113,9.1988452410873833e-09,1.2566455609430704e-07,0.066695496896091763,0.016094744205474854,-162.13432312011719,0.00054401659872382879,-3.9952456631908717e-05,2.5132911218861409e-05,9.9096848771296209e-05,-0.076953123364222109,-0.84279118111641826,-0.036340562883373222,-19917.879456070721,-0.076993075820854018,19917.036690022516,-0.036241466034601925,0.24380935350774738,0,0,3.6283080000000001,3.6805509999999999,-0.016158118844032288,194.83444213867188,-0.00042825937271118164,20,3.3831412338258815e-07,1,0,4,7.1044357063954067e-09,-1.2700674290044844e-07,-0.0016987475365674196
175,2.9333334863185883,0,0,496.12503051757812,496.12503504753113,496.12503504753113,7.1579102645102921e-09,-1.224560861601276e-07,0.066695496896091763,0,0,0,2.69794725227257e-05,-2.4491217232025519e-05,-6.7402623926682281e-06,-0.076953123364222109,-0.84279118111641826,-0.036340562883373222,-19950.579459174882,-0.076926143891699383,19949.736643502547,-0.03634730314576589,0.24380935347893126,0,0,0,0.042090000000000002,0,0,0,20,3.3831412338258815e-07,1,0,4,9.1988452410873833e-09,1.2566455609430704e-07,-0.0016987475365674196
176,2.9500001538544893,1,0.033333335071802139,496.12503051757812,496.12503504753113,496.12503504753113,9.3993923755419928e-09,1.3448892843825888e-07,0.066671543735630667,0.0073972344398498535,-162.13894653320312,0.0041126674041152,-4.0055471117739216e-05,2.6897785687651776e-05,9.9463886726880446e-05,-0.084168991616583713,-0.93671956585177096,-0.040557401666950925,-20145.512364140101,-0.084209047087701452,20144.575671472034,-0.040457937780224044,0.29673847121703939,0,0,3.976003,4.027101,-0.0074603855609893799,194.8389892578125,-0.0039957165718078613,20,3.3530665177750052e-07,1,0,4,7.1579102645102921e-09,-1.224560861601276e-07,-0.0018880715539017876
177,2.9666668213903904,0,0,496.12503051757812,496.12503504753113,496.12503504753113,7.1343890795105835e-09,-1.3590019420917088e-07,0.066671543735630667,0,0,0,2.7018944592782645e-05,-2.7180038841834175e-05,-6.4356299844803289e-06,-0.084168991616583713,-0.93671956585177096,-0.040557401666950925,-20178.212367244261,-0.084141972671990931,20177.275620498371,-0.040563837296935405,0.29673847118802194,0,0,0,0.032291,0,0,0,20,3.3530665177750052e-07,1,0,4,9.3993923755419928e-09,1.3448892843825888e-07,-0.0018880715539017876
178,2.9833334889262915,1,0.033333335071802139,496.12503051757812,496.12503504753113,496.12503504753113,9.148921620294459e-09,1.2087195955245988e-07,0.066642350232114581,0.0070945918560028076,-162.1695556640625,-0.0039789890870451927,-3.9773703974788077e-05,2.4174391910491977e-05,9.9489352578530088e-05,-0.091239203151930848,-1.0000912432263867,-0.036547059414518794,-20373.14527220948,-0.091278976855905636,20372.145205140645,-0.036447570061940264,0.35436195395909931,0,0,3.8015970000000001,3.852166,-0.0071566402912139893,194.86953735351562,0.0040947794914245605,20,3.3555102163518313e-07,1,0,4,7.1343890795105835e-09,-1.3590019420917088e-07,-0.0020158048326075163
179,3.0000001564621925,0,0,496.12503051757812,496.12503504753113,496.12503504753113,7.1456094374866552e-09,-1.2019872031032719e-07,0.066642350232114581,0,0,0,2.6822618792721187e-05,-2.4039744062065438e-05,-6.9142600978011615e-06,-0.091239203151930848,-1.0000912432263867,-0.036547059414518794,-20405.845275313641,-0.091212380533138127,20404.845160030669,-0.036553973674616595,0.35436195393002445,0,0,0,0.031328000000000002,0,0,0,20,3.3555102163518313e-07,1,0,4,9.148921620294459e-09,1.2087195955245988e-07,-0.0020158048326075163
180,3.0166668239980936,1,0.033333335071802139,496.12503051757812,496.12503504753113,496.12503504753113,9.1493967957489986e-09,1.202272414957406e-07,0.066610509998538875,0.019836783409118652,-162.2059326171875,-0.024726411327719688,-3.9625138015253469e-05,2.404544829914812e-05,9.9699093425442697e-05,-0.1113610533135487,-1.0270560007834222,-0.011583812784816456,-20600.778180278863,-0.11140067845156396,20599.751148323528,-0.011484113691391013,0.41198842411392139,0,0,4.1302269999999996,4.1831269999999998,-0.019898474216461182,194.90594482421875,0.024842917919158936,20,3.3755395634216256e-07,1,0,4,7.1456094374866552e-09,-1.2019872031032719e-07,-0.0020701555620651663
181,3.0333334915339947,0,0,496.12503051757812,496.12503504753113,496.12503504753113,7.1908838883416593e-09,-1.1751076556265616e-07,0.066610509998538875,0,0,0,2.7012998771169805e-05,-2.3502153112531232e-05,-6.7453356678015552e-06,-0.1113610533135487,-1.0270560007834222,-0.011583812784816456,-20633.47818338302,-0.11133404031477753,20632.451103880085,-0.011590558120484257,0.411988424084752,0,0,0,0.031512999999999999,0,0,0,20,3.3755395634216256e-07,1,0,4,9.1493967957489986e-09,1.202272414957406e-07,-0.0020701555620651663
182,3.0500001590698957,1,0.033333335071802139,496.12503051757812,496.12503504753113,496.12503504753113,9.3289216351877258e-09,1.2828228079797555e-07,0.066578579141574667,-0.11991468071937561,-162.25518798828125,-0.050377685576677322,-3.9280268993024947e-05,2.5656456159595109e-05,9.9506007700256305e-05,0.0085585186354852193,-1.0048437887953936,0.038835093266375395,-20828.411088348239,0.0085192383664921944,20827.406270215899,0.038934599274075651,0.46166725553747301,0,0,3.716345,3.7900740000000002,0.11985243856906891,194.95516967773438,0.050494134426116943,20,3.3491755857539829e-07,1,0,4,7.1908838883416593e-09,-1.1751076556265616e-07,-0.0020253841628837068
183,3.0666668266057968,0,0,496.12503051757812,496.12503504753113,496.12503504753113,7.1560490866318105e-09,-1.3037234225521388e-07,0.066578579141574667,0,0,0,2.6896600502368528e-05,-2.6074468451042776e-05,-6.4470810912098386e-06,0.0085585186354852193,-1.0048437887953936,0.038835093266375395,-20861.1110914524,0.0085854152359875879,20860.106221589136,0.038828646185284185,0.46166725550870186,0,0,0,0.031036000000000001,0,0,0,20,3.3491755857539829e-07,1,0,4,9.3289216351877258e-09,1.2828228079797555e-07,-0.0020253841628837068
184,3.0833334941416979,1,0.033333335071802139,496.12503051757812,496.12503504753113,496.12503504753113,9.2006882113082611e-09,1.2267837234958279e-07,0.066544450312650147,0.022699862718582153,-162.17874145507812,0.13337530195713043,-3.8743488062209508e-05,2.4535674469916557e-05,0.00010093544915434904,-0.014171537080907709,-1.0590039193727039,-0.09458200968874915,-21056.043996417618,-0.014210280568969919,21054.98501703392,-0.094481074239594801,0.78205542553174701,0,0,3.8607879999999999,3.9245670000000001,-0.022761315107345581,194.87876892089844,-0.13326019048690796,20,3.3671750543362577e-07,1,0,4,7.1560490866318105e-09,-1.3037234225521388e-07,-0.0021345504551513838
185,3.100000161677599,0,0,496.12503051757812,496.12503504753113,496.12503504753113,7.1587749062018702e-09,-1.2251480541181081e-07,0.066544450312650147,0,0,0,2.7272403713141102e-05,-2.4502961082362162e-05,-6.8537559627657174e-06,-0.014171537080907709,-1.0590039193727039,-0.09458200968874915,-21088.743999521779,-0.014144264677194568,21087.684971099447,-0.094588863444711915,0.78205542550216822,0,0,0,0.033101999999999999,0,0,0,20,3.3671750543362577e-07,1,0,4,9.2006882113082611e-09,1.2267837234958279e-07,-0.0021345504551513838
186,3.1166668292135,1,0.033333335071802139,496.12503051757812,496.12503504753113,496.12503504753113,9.0840197586317117e-09,1.1551468048764946e-07,0.066509204910320502,0.1370023787021637,-162.22084045410156,-0.091006889939308167,-3.7900991856076871e-05,2.3102936097529891e-05,0.00010132678198715439,-0.15121697243761018,-1.0711286296594773,-0.0035784574897856597,-21283.676904487002,-0.15125487342946625,21282.605798960278,-0.0034771307077985053,1.0281540569046401,0,0,3.9076460000000002,3.960051,-0.13706323504447937,194.92083740234375,0.091123998165130615,20,3.3483900097053265e-07,1,0,4,7.1587749062018702e-09,-1.2251480541181081e-07,-0.002158989274864668
187,3.1333334967494011,0,0,496.12503051757812,496.12503504753113,496.12503504753113,7.143000857467996e-09,-1.1646111630625455e-07,0.066509204910320502,0,0,0,2.6946196385324583e-05,-2.3292223261250911e-05,-6.9403199631778989e-06,-0.15121697243761018,-1.0711286296594773,-0.0035784574897856597,-21316.376907591162,-0.15119002624122485,21315.30575566928,-0.0035853978097488376,1.0281540568749965,0,0,0,0.031,0,0,0,20,3.3483900097053265e-07,1,0,4,9.0840197586317117e-09,1.1551468048764946e-07,-0.002158989274864668
188,3.1500001642853022,1,0.033333335071802139,496.12503051757812,496.12503504753113,496.12503504753113,9.1985539185657217e-09,1.2333319432400458e-07,0.066468981810572994,-0.12219500541687012,-162.14515686035156,0.27579817175865173,-3.8389012502193509e-05,2.4666638864800916e-05,0.00010006899628933752,-0.029101352645034717,-1.1588467063354646,-0.27947492211405922,-21511.309812556377,-0.029139741657536911,21510.150990516682,-0.27937485311776988,0.81527093979103571,0,0,3.7706979999999999,3.8210109999999999,0.12213428318500519,194.84521484375,-0.27568352222442627,20,3.345775780871918e-07,1,0,4,7.143000857467996e-09,-1.1646111630625455e-07,-0.0023357956653496464
189,3.1666668318212032,0,0,496.12503051757812,496.12503504753113,496.12503504753113,7.1292425296576312e-09,-1.2415867445270123e-07,0.066468981810572994,0,0,0,2.7000038471669541e-05,-2.4831734890540247e-05,-6.7394694269751199e-06,-0.029101352645034717,-1.1588467063354646,-0.27947492211405922,-21544.009815660538,-0.029074352606563048,21542.850944122467,-0.2794816615834862,0.81527093976206844,0,0,0,0.042278000000000003,0,0,0,20,3.345775780871918e-07,1,0,4,9.1985539185657217e-09,1.2333319432400458e-07,-0.0023357956653496464
190,3.1833334993571043,1,0.033333335071802139,496.12503051757812,496.12503504753113,496.12503504753113,9.2232701476291368e-09,1.2564164819650614e-07,0.066425456836515531,0.039664756506681442,-162.19828796386719,0.20312145352363586,-3.8928757817302539e-05,2.5128329639301228e-05,9.8176485607837094e-05,-0.068479910179114437,-1.1934903265949588,-0.48291394688647082,-21738.942720625757,-0.068518838936931739,21737.74925542749,-0.48281577040086299,0.60124564708349426,0,0,4.0856560000000002,4.1385759999999996,-0.039726197719573975,194.89828491210938,-0.2030063271522522,20,3.3841513413790381e-07,1,0,4,7.1292425296576312e-09,-1.2415867445270123e-07,-0.0024056240711187184
191,3.2000001668930054,0,0,496.12503051757812,496.12503504753113,496.12503504753113,7.1412116220415101e-09,-1.2492350265347341e-07,0.066425456836515531,0,0,0,2.6501521688260254e-05,-2.4984700530694681e-05,-6.4361046270278166e-06,-0.068479910179114437,-1.1934903265949588,-0.48291394688647082,-21771.642723729918,-0.068453408657426176,21770.44920841862,-0.48292038299109785,0.60124564705553174,0,0,0,0.032076,0,0,0,20,3.3841513413790381e-07,1,0,4,9.2232701476291368e-09,1.2564164819650614e-07,-0.0024056240711187184
192,3.2166668344289064,1,0.033333335071802139,496.12503051757812,496.12503504753113,496.12503504753113,9.2004555085622997e-09,1.2355462786217686e-07,0.066384690706016242,0.1263967901468277,-162.27825927734375,-0.097135424613952637,-3.8313439176818065e-05,2.4710925572435372e-05,0.00010058469115392654,-0.19490698060688996,-1.1481028047315625,-0.38586044522420038,-21966.57562869514,-0.19494529404606678,21965.427550601333,-0.38575986053304645,0.55572925022232678,0,0,3.82666,3.8988870000000002,-0.12645770609378815,194.97833251953125,0.097252011299133301,20,3.335221947509126e-07,1,0,4,7.1412116220415101e-09,-1.2492350265347341e-07,-0.0023141400325052508
193,3.2333335019648075,0,0,496.12503051757812,496.12503504753113,496.12503504753113,7.1176309290876816e-09,-1.2496947476847708e-07,0.066384690706016242,0,0,0,2.6956303145198035e-05,-2.4993894953695417e-05,-6.6829642264565337e-06,-0.19490698060688996,-1.1481028047315625,-0.38586044522420038,-21999.275631799301,-0.19488002430374476,21998.127504000673,-0.38586712818842683,0.55572925019305908,0,0,0,0.031300000000000001,0,0,0,20,3.335221947509126e-07,1,0,4,9.2004555085622997e-09,1.2355462786217686e-07,-0.0023141400325052508
194,3.2500001695007086,1,0.033333335071802139,496.12503051757812,496.12503504753113,496.12503504753113,9.1723979522839727e-09,1.2328598586464068e-07,0.066344945963953655,-0.10169490426778793,-162.25146484375,-0.10885447263717651,-3.8834807014609396e-05,2.4657197172928136e-05,0.00010045838507721783,-0.093337334261143573,-1.1295193240909103,-0.27693589663569484,-22194.208536764516,-0.093376169068158182,22193.079042097623,-0.27683543825061763,0.59003019178791305,0,0,3.8786499999999999,3.944159,0.10163334012031555,194.95147705078125,0.10896968841552734,20,3.3905661211974802e-07,1,0,4,7.1176309290876816e-09,-1.2496947476847708e-07,-0.002276682780143713
195,3.2666668370366096,0,0,496.12503051757812,496.12503504753113,496.12503504753113,7.1469545837032911e-09,-1.2152659678577038e-07,0.066344945963953655,0,0,0,2.706851205402927e-05,-2.4305319357154076e-05,-6.8446979639702477e-06,-0.093337334261143573,-1.1295193240909103,-0.27693589663569484,-22226.908539868677,-0.093310265749089544,22225.778996239267,-0.27694274133365882,0.5900301917584988,0,0,0,0.041888000000000002,0,0,0,20,3.3905661211974802e-07,1,0,4,9.1723979522839727e-09,1.2328598586464068e-07,-0.002276682780143713
196,3.2833335045725107,1,0.033333335071802139,496.12503051757812,496.12503504753113,496.12503504753113,9.0768210725400422e-09,1.1579199821198927e-07,0.066311517793710556,-0.19045324623584747,-162.29953002929688,0.21437752246856689,-4.0509536347599351e-05,2.3158399642397853e-05,9.7241513685730752e-05,0.097067846027308571,-1.0627893672614319,-0.49126245087039361,-22421.841444833895,0.097027336490960972,22420.778678625033,-0.49116520935670788,0.66169981654720056,0,0,3.9475549999999999,4.0016429999999996,0.19039183855056763,194.9996337890625,-0.21426165103912354,20,3.4091084444298758e-07,1,0,4,7.1469545837032911e-09,-1.2152659678577038e-07,-0.0021421804831106973
197,3.3000001721084118,0,0,496.12503051757812,496.12503504753113,496.12503504753113,7.1297838744044384e-09,-1.1682222833542255e-07,0.066311517793710556,0,0,0,2.6316001822124235e-05,-2.336444566708451e-05,-6.412352604456828e-06,0.097067846027308571,-1.0627893672614319,-0.49126245087039361,-22454.541447938056,0.097094162029130696,22453.478635206349,-0.49126886322299806,0.66169981651951026,0,0,0,0.031859999999999999,0,0,0,20,3.4091084444298758e-07,1,0,4,9.0768210725400422e-09,1.1579199821198927e-07,-0.0021421804831106973
198,3.3166668396443129,1,0.033333335071802139,496.12503051757812,496.12503504753113,496.12503504753113,9.0789633588883589e-09,1.1695076551632155e-07,0.066275266613684547,0.053925521671772003,-162.25498962402344,-0.81669962406158447,-4.1382446624993463e-05,2.3390153103264311e-05,9.667406857261085e-05,0.043260046258775234,-1.0406501412048856,0.32530540850693285,-22649.474352903278,0.04321866381215024,22648.433726152227,0.32540208257550546,1.3325280983958536,0,0,3.909897,3.9651800000000001,-0.053987503051757812,194.95503234863281,0.81681478023529053,20,3.4389370284770848e-07,1,0,4,7.1297838744044384e-09,-1.1682222833542255e-07,-0.0020975561958996615
199,3.3333335071802139,0,0,496.12503051757812,496.12503504753113,496.12503504753113,7.1657213496223449e-09,-1.1479450989781981e-07,0.066275266613684547,0,0,0,2.6491176186027587e-05,-2.2958901979563962e-05,-6.5943766003329074e-06,0.043260046258775234,-1.0406501412048856,0.32530540850693285,-22682.174356007439,0.043286537434961261,22681.133682907333,0.32529881413033251,1.3325280983681986,0,0,0,0.041813000000000003,0,0,0,20,3.4389370284770848e-07,1,0,4,9.0789633588883589e-09,1.1695076551632155e-07,-0.0020975561958996615
200,3.350000174716115,1,0.033333335071802139,496.12503051757812,496.12503504753113,496.12503504753113,9.2678416052649482e-09,1.2612720468041516e-07,0.066256759168744919,-0.038171734660863876,-162.49974060058594,0.12724161148071289,-4.1391695049242117e-05,2.5225440936083032e-05,9.5853624770825263e-05,0.081760647762366884,-0.77379752211301189,0.19799114898111753,-22877.107260972658,0.081719256067317642,22876.333488675988,0.19808700260588835,1.6032335113491012,0,0,4.0556289999999997,4.1067590000000003,0.038108497858047485,195.19978332519531,-0.12713003158569336,20,3.4500999390729703e-07,1,0,4,7.1657213496223449e-09,-1.1479450989781981e-07,-0.0015596824740740575
201,3.3666668422520161,0,0,496.12503051757812,496.12503504753113,496.12503504753113,7.1774293175508319e-09,-1.2542474792098801e-07,0.066256759168744919,0,0,0,2.6443336764714331e-05,-2.5084949584197602e-05,-6.3348750245495467e-06,0.081760647762366884,-0.77379752211301189,0.19799114898111753,-22909.807264076819,0.081787091099131598,22909.033441469757,0.19798481410609298,1.6032335113218059,0,0,0,0.031074000000000001,0,0,0,20,3.4500999390729703e-07,1,0,4,9.2678416052649482e-09,1.2612720468041516e-07,-0.0015596824740740575
202,3.3833335097879171,1,0.033333335071802139,496.12503051757812,496.12503504753113,496.12503504753113,9.4687777618673863e-09,1.374808675791428e-07,0.066250851517226414,0.22065991163253784,-162.37060546875,-0.37750917673110962,3.1154225865748231e-06,2.7496173515828559e-05,0.00011525473837536993,-0.13902065977433542,-0.6360814350585442,0.5751772510529517,-23104.740169042034,-0.13901754435174885,23104.10411510315,0.57529250579132707,1.0614016160462985,0,0,3.7309549999999998,3.78071,-0.22067552804946899,195.07064819335938,0.37762302160263062,20,3.5251275676273508e-07,1,0,4,7.1774293175508319e-09,-1.2542474792098801e-07,-0.0012820990478692627
203,3.4000001773238182,0,0,496.12503051757812,496.12503504753113,496.12503504753113,7.1756032227199285e-09,-1.3759047590156115e-07,0.066250851517226414,0,0,0,2.7657699774863431e-05,-2.751809518031223e-05,-6.7489906996343052e-06,-0.13902065977433542,-0.6360814350585442,0.5751772510529517,-23137.440172146195,-0.13899300207456056,23136.804063193042,0.57517050206225206,1.0614016160128799,0,0,0,0.030977999999999999,0,0,0,20,3.5251275676273508e-07,1,0,4,9.4687777618673863e-09,1.374808675791428e-07,-0.0012820990478692627
204,3.4166668448597193,1,0.033333335071802139,496.12503051757812,496.12503504753113,496.12503504753113,9.556528901555339e-09,1.4285554073012463e-07,0.066254660335122298,0.10435956716537476,-162.38340759277344,-0.068849563598632812,1.4857476360319311e-07,2.8571108146024926e-05,0.00011449383237049915,-0.24331228273125532,-0.48552648425836431,0.64398612486681583,-23332.373077111417,-0.24331213415649172,23331.887579198268,0.64410061869918633,0.67374293379927075,0,0,4.1635960000000001,4.2154910000000001,-0.10438032448291779,195.08346557617188,0.068962454795837402,20,3.5253739838481124e-07,1,0,4,7.1756032227199285e-09,-1.3759047590156115e-07,-0.00097863733929864785
205,3.4333335123956203,0,0,496.12503051757812,496.12503504753113,496.12503504753113,7.1658563527421393e-09,-1.4344034582336462e-07,0.066254660335122298,0,0,0,2.778228918032255e-05,-2.8688069164672925e-05,-6.6805824872062658e-06,-0.24331228273125532,-0.48552648425836431,0.64398612486681583,-23365.073080215578,-0.243284500442075,23364.587525043251,0.64397944428432863,0.6737429337661538,0,0,0,0.032541,0,0,0,20,3.5253739838481124e-07,1,0,4,9.556528901555339e-09,1.4285554073012463e-07,-0.00097863733929864785
206,3.4500001799315214,1,0.033333335071802139,496.12503051757812,496.12503504753113,496.12503504753113,9.3772305476136353e-09,1.3268243037600769e-07,0.066268564841779731,0.10776957869529724,-162.36672973632812,0.030331999063491821,-2.0850849935527549e-06,2.6536486075201537e-05,0.00011478625765448669,-0.35067768605915223,-0.35168941687230165,0.61359550934037965,-23560.005985180796,-0.35067977114414578,23559.654322300412,0.61371029559803414,0.68841367146087029,0,0,3.7176589999999998,3.7678780000000001,-0.10779303312301636,195.0667724609375,-0.030218780040740967,20,3.6267823588786996e-07,1,0,4,7.1658563527421393e-09,-1.4344034582336462e-07,-0.00070887254628988468
207,3.4666668474674225,0,0,496.12503051757812,496.12503504753113,496.12503504753113,7.1621117925246836e-09,-1.3290710398905503e-07,0.066268564841779731,0,0,0,2.8092199499951676e-05,-2.6581420797811006e-05,-7.0806663643452339e-06,-0.35067768605915223,-0.35168941687230165,0.61359550934037965,-23592.705988284957,-0.35064959385965228,23592.354272286662,0.61358842867401531,0.68841367142764331,0,0,0,0.031171000000000001,0,0,0,20,3.6267823588786996e-07,1,0,4,9.3772305476136353e-09,1.3268243037600769e-07,-0.00070887254628988468
208,3.4833335150033236,1,0.033333335071802139,496.12503051757812,496.12503504753113,496.12503504753113,9.467054695733168e-09,1.3829654221808596e-07,0.066285907867408914,0.064624130725860596,-162.24595642089844,0.17549189925193787,-2.6727343893639954e-06,2.7659308443617192e-05,0.00011484927426863578,-0.41537327917962735,-0.33864478735737802,0.43797940867783042,-23787.638893250172,-0.41537595191401672,23787.300276122125,0.43809425795209905,0.76384852757298749,0,0,3.8474569999999999,3.899769,-0.064647987484931946,194.94598388671875,-0.17537719011306763,20,3.6204875186740537e-07,1,0,4,7.1621117925246836e-09,-1.3290710398905503e-07,-0.00068257951813484731
209,3.5000001825392246,0,0,496.12503051757812,496.12503504753113,496.12503504753113,7.175092076039391e-09,-1.3751774474712875e-07,0.066285907867408914,0,0,0,2.8204124191688607e-05,-2.7503548949425749e-05,-6.891431780786661e-06,-0.41537327917962735,-0.33864478735737802,0.43797940867783042,-23820.338896354333,-0.41534507505543566,23820.000224063428,0.43797251724604963,0.76384852753952825,0,0,0,0.040875000000000002,0,0,0,20,3.6204875186740537e-07,1,0,4,9.467054695733168e-09,1.3829654221808596e-07,-0.00068257951813484731
210,3.5166668500751257,1,0.033333335071802139,496.12503051757812,496.12503504753113,496.12503504753113,9.4354266622076466e-09,1.3562009826273425e-07,0.066298432344076563,-0.049348585307598114,-162.1378173828125,0.066469311714172363,-3.3092163675974007e-06,2.7124019652546849e-05,0.00011614565664785914,-0.36593166907563207,-0.43363120701045887,0.37152273710695971,-24015.271801319555,-0.36593497829199967,24014.838197236564,0.37163888276360757,0.69486038073841483,0,0,4.0053520000000002,4.0558430000000003,0.04932442307472229,194.83795166015625,-0.066353082656860352,20,3.6332829722596216e-07,1,0,4,7.175092076039391e-09,-1.3751774474712875e-07,-0.00087403613278437954
211,3.5333335176110268,0,0,496.12503051757812,496.12503504753113,496.12503504753113,7.1679373547794967e-09,-1.3604933712940692e-07,0.066298432344076563,0,0,0,2.8392236117724678e-05,-2.7209867425881384e-05,-7.0418252562376438e-06,-0.36593166907563207,-0.43363120701045887,0.37152273710695971,-24047.971804423716,-0.36590327683951435,24047.538146006838,0.37151569528170347,0.69486038070426548,0,0,0,0.031248000000000001,0,0,0,20,3.6332829722596216e-07,1,0,4,9.4354266622076466e-09,1.3562009826273425e-07,-0.00087403613278437954
212,3.5500001851469278,1,0.033333335071802139,496.12503051757812,496.12503504753113,496.12503504753113,9.4259418048636689e-09,1.3548026345233666e-07,0.066304461941832579,0.014216013252735138,-162.13896179199219,0.086851745843887329,-3.0930248584581932e-06,2.7096052690467332e-05,0.00011588330153244897,-0.38023994494425833,-0.52765674028277498,0.28452159904084262,-24242.904709388935,-0.38024303796911679,24242.377079744703,0.28463748234237507,0.55211960253584036,0,0,3.7387830000000002,3.7885300000000002,-0.014240637421607971,194.83888244628906,-0.086735308170318604,20,3.6448960827328847e-07,1,0,4,7.1679373547794967e-09,-1.3604933712940692e-07,-0.0010635559647422812
213,3.5666668526828289,0,0,496.12503051757812,496.12503504753113,496.12503504753113,7.195952278493678e-09,-1.3379936092405842e-07,0.066304461941832579,0,0,0,2.8222189030202571e-05,-2.6759872184811684e-05,-7.0358368020606576e-06,-0.38023994494425833,-0.52765674028277498,0.28452159904084262,-24275.604712493096,-0.38021172275522813,24275.077028992942,0.28451456320404056,0.55211960250191461,0,0,0,0.031428999999999999,0,0,0,20,3.6448960827328847e-07,1,0,4,9.4259418048636689e-09,1.3548026345233666e-07,-0.0010635559647422812
214,3.58333352021873,1,0.033333335071802139,496.12503051757812,496.12503504753113,496.12503504753113,9.524594446475021e-09,1.3971853718430793e-07,0.066304660623981826,-0.078269831836223602,-162.15785217285156,-0.0023995935916900635,-2.6745141212813905e-06,2.7943707436861587e-05,0.00011600758398344624,-0.30191269208436983,-0.60268375677356201,0.2869606111687103,-24470.537617458314,-0.30191536659849111,24469.934961645249,0.28707661875269375,0.44692161568091521,0,0,4.005128,4.0560239999999999,0.078245535492897034,194.85791015625,0.0025145411491394043,20,3.6372512113302946e-07,1,0,4,7.195952278493678e-09,-1.3379936092405842e-07,-0.0012147819888101838
215,3.600000187754631,0,0,496.12503051757812,496.12503504753113,496.12503504753113,7.1852790384241416e-09,-1.4035892093033908e-07,0.066304660623981826,0,0,0,2.8446248734326218e-05,-2.8071784186067816e-05,-6.9664196189478389e-06,-0.30191269208436983,-0.60268375677356201,0.2869606111687103,-24503.237620562471,-0.3018842458356355,24502.634908733915,0.28695364474909135,0.4469216156469934,0,0,0,0.031137999999999999,0,0,0,20,3.6372512113302946e-07,1,0,4,9.524594446475021e-09,1.3971853718430793e-07,-0.0012147819888101838
216,3.6166668552905321,1,0.033333335071802139,496.12503051757812,496.12503504753113,496.12503504753113,9.4960190821780088e-09,1.3864439551980468e-07,0.06630105707718402,-0.020289745181798935,-162.18180847167969,-0.012901842594146729,-2.1959328577736414e-06,2.7728879103960935e-05,0.00011497500054247212,-0.28183493124478481,-0.65374531540490777,0.29959293862082559,-24698.170525527694,-0.28183712717764259,24697.516807941167,0.29970791362136806,0.39096022919171713,0,0,3.646296,3.695675,0.020266860723495483,194.88186645507812,0.013016998767852783,20,3.6448204809857998e-07,1,0,4,7.1852790384241416e-09,-1.4035892093033908e-07,-0.0013177027346388112
217,3.6333335228264332,0,0,496.12503051757812,496.12503504753113,496.12503504753113,7.2556773922372031e-09,-1.3442048896195047e-07,0.06630105707718402,0,0,0,2.8054472522853757e-05,-2.6884097792390094e-05,-6.8431432964644046e-06,-0.28183493124478481,-0.65374531540490777,0.29959293862082559,-24730.870528631855,-0.28180687677226196,24730.216756432354,0.29958609547752912,0.39096022915815798,0,0,0,0.030866000000000001,0,0,0,20,3.6448204809857998e-07,1,0,4,9.4960190821780088e-09,1.3864439551980468e-07,-0.0013177027346388112
218,3.6500001903623343,1,0.033333335071802139,496.12503051757812,496.12503504753113,496.12503504753113,9.7417629518758986e-09,1.4916511759111017e-07,0.06629743660185615,-0.069838523864746094,-162.25704956054688,-0.00063636898994445801,-2.8149891306838981e-06,2.9833023518222035e-05,0.00011545095048859366,-0.21183101923247213,-0.62963852468105563,0.30030564666021481,-24925.803433597073,-0.21183383422160282,24925.173824905414,0.3004210976107034,0.34997408868946955,0,0,3.7154129999999999,3.7831939999999999,0.069814145565032959,194.95709228515625,0.00075054168701171875,20,3.5960584909844329e-07,1,0,4,7.2556773922372031e-09,-1.3442048896195047e-07,-0.0012691125829212252
219,3.6666668578982353,0,0,496.12503051757812,496.12503504753113,496.12503504753113,7.2382979610097209e-09,-1.5020789589925698e-07,0.06629743660185615,0,0,0,2.8210899927216815e-05,-3.0041579179851396e-05,-6.6297047851548996e-06,-0.21183101923247213,-0.62963852468105563,0.30030564666021481,-24958.503436701234,-0.21180280833254492,24957.873768134974,0.30029901695542965,0.34997408865576407,0,0,0,0.031621999999999997,0,0,0,20,3.5960584909844329e-07,1,0,4,9.7417629518758986e-09,1.4916511759111017e-07,-0.0012691125829212252
220,3.6833335254341364,1,0.033333335071802139,496.12503051757812,496.12503504753113,496.12503504753113,9.6094039392369268e-09,1.4226634448277764e-07,0.066294624033022886,-0.12293869256973267,-162.25933837890625,0.082901269197463989,-3.0615908030995342e-06,2.8453268896555528e-05,0.00011423655905673513,-0.088901427886360074,-0.60330126028875608,0.21766060125649239,-25153.436341666453,-0.088904489477163173,25152.833068859432,0.21777483781554913,0.30748625783769556,0,0,3.7574369999999999,3.806759,0.12291404604911804,194.95927429199219,-0.082789301872253418,20,3.6351156040836941e-07,1,0,4,7.2382979610097209e-09,-1.5020789589925698e-07,-0.0012160266418141084
221,3.7000001929700375,0,0,496.12503051757812,496.12503504753113,496.12503504753113,7.2543446805184431e-09,-1.413035590758227e-07,0.066294624033022886,0,0,0,2.8270630991755752e-05,-2.8260711815164541e-05,-6.8184760948497569e-06,-0.088901427886360074,-0.60330126028875608,0.21766060125649239,-25186.136344770614,-0.088873157255368318,25185.533015249614,0.21765378278039754,0.30748625780468164,0,0,0,0.031181,0,0,0,20,3.6351156040836941e-07,1,0,4,9.6094039392369268e-09,1.4226634448277764e-07,-0.0012160266418141084
222,3.7166668605059385,1,0.033333335071802139,496.12503051757812,496.12503504753113,496.12503504753113,9.4635073111248857e-09,1.3254977204724128e-07,0.066294674109033988,-0.047538816928863525,-162.256103515625,0.11724478006362915,-4.5175621465887161e-06,2.6509954409448255e-05,0.00011510417152749142,-0.041477339690056,-0.58005995239621477,0.10018497602018696,-25381.069249735836,-0.041481857252202589,25380.489216293394,0.10030008019171445,0.26487618691713133,0,0,3.5703269999999998,3.6193610000000001,0.047512397170066833,194.9561767578125,-0.11713093519210815,20,3.6686969906440936e-07,1,0,4,7.2543446805184431e-09,-1.413035590758227e-07,-0.0011691809753979505
223,3.7333335280418396,0,0,496.12503051757812,496.12503504753113,496.12503504753113,7.2636305858964079e-09,-1.3199260706642235e-07,0.066294674109033988,0,0,0,2.8486448400144582e-05,-2.639852141328447e-05,-7.1455247052654158e-06,-0.041477339690056,-0.58005995239621477,0.10018497602018696,-25413.769252839997,-0.041448853241655856,25413.189166489079,0.10017783049548169,0.26487618688363923,0,0,0,0.031067000000000001,0,0,0,20,3.6686969906440936e-07,1,0,4,9.4635073111248857e-09,1.3254977204724128e-07,-0.0011691809753979505
224,3.7500001955777407,1,0.033333335071802139,496.12503051757812,496.12503504753113,496.12503504753113,9.5571550673412276e-09,1.3761143691226607e-07,0.066298792911630086,-0.057922452688217163,-162.28987121582031,0.17460134625434875,-4.1930036331905285e-06,2.7522287382453214e-05,0.00011429665391915478,0.016250614016798819,-0.52309630168064369,-0.074491410765660349,-25608.702157805212,0.016246421013165629,25608.17908902582,-0.074377114111741194,0.2304910580341035,0,0,3.9293179999999999,3.9795340000000001,0.057896211743354797,194.98995971679688,-0.17448782920837402,20,3.6572970429915586e-07,1,0,4,7.2636305858964079e-09,-1.3199260706642235e-07,-0.0010543638492875663
225,3.7666668631136417,0,0,496.12503051757812,496.12503504753113,496.12503504753113,7.2411205920275279e-09,-1.3896205075525359e-07,0.066298792911630086,0,0,0,2.8453729328248301e-05,-2.7792410151050717e-05,-6.9441597361219465e-06,0.016250614016798819,-0.52309630168064369,-0.074491410765660349,-25641.402160909372,0.016279067746127068,25640.87903681528,-0.074498354925396471,0.23049105800122044,0,0,0,0.031119999999999998,0,0,0,20,3.6572970429915586e-07,1,0,4,9.5571550673412276e-09,1.3761143691226607e-07,-0.0010543638492875663
226,3.7833335306495428,1,0.033333335071802139,496.12503051757812,496.12503504753113,496.12503504753113,9.6394341397854078e-09,1.4389881641818647e-07,0.066306498940704631,-0.034898966550827026,-162.27592468261719,0.074121087789535522,-3.7604866776064227e-06,2.8779763283637294e-05,0.00011479069144115783,0.051009038875102587,-0.4800081740147798,-0.14863898400059611,-25836.335065874591,0.051005278388424981,25835.85508648034,-0.14852419330915495,0.20751945476787756,0,0,3.5573070000000002,3.6070579999999999,0.03487318754196167,194.97601318359375,-0.074006557464599609,20,3.7045575140837173e-07,1,0,4,7.2411205920275279e-09,-1.3896205075525359e-07,-0.00096751451772392975
227,3.8000001981854439,0,0,496.12503051757812,496.12503504753113,496.12503504753113,7.2690573560407756e-09,-1.4222261768281896e-07,0.066306498940704631,0,0,0,2.8225463211128954e-05,-2.8444523536563793e-05,-6.7362066147325095e-06,0.051009038875102587,-0.4800081740147798,-0.14863898400059611,-25869.035068978752,0.051037264338313716,25868.555032360215,-0.14864572020721084,0.20751945473434347,0,0,0,0.031112000000000001,0,0,0,20,3.7045575140837173e-07,1,0,4,9.6394341397854078e-09,1.4389881641818647e-07,-0.00096751451772392975
228,3.8166668657213449,1,0.033333335071802139,496.12503051757812,496.12503504753113,496.12503504753113,9.5757490825576497e-09,1.3840150359101244e-07,0.066316098836408988,0.003628552658483386,-162.24716186523438,0.10333067178726196,-3.1720304605187266e-06,2.7680300718202488e-05,0.00011448036048022914,0.047695193885803885,-0.46566560548763286,-0.25226163238365085,-26063.967973943974,0.047692021855343367,26063.502336018788,-0.25214715202317062,0.19377616404416986,0,0,3.6949160000000001,3.7448130000000002,-0.0036531835794448853,194.94731140136719,-0.10321712493896484,20,3.6624146559915971e-07,1,0,4,7.2690573560407756e-09,-1.4222261768281896e-07,-0.00093860533654186568
229,3.833333533257246,0,0,496.12503051757812,496.12503504753113,496.12503504753113,7.2818457930168279e-09,-1.3763418849066511e-07,0.066316098836408988,0,0,0,2.8234353521838784e-05,-2.7526837698133022e-05,-6.9861869178566849e-06,0.047695193885803885,-0.46566560548763286,-0.25226163238365085,-26096.667977048135,0.047723428239325724,26096.202283915809,-0.2522686185705687,0.1937761640110553,0,0,0,0.031158999999999999,0,0,0,20,3.6624146559915971e-07,1,0,4,9.5757490825576497e-09,1.3840150359101244e-07,-0.00093860533654186568
230,3.8500002007931471,1,0.033333335071802139,496.12503051757812,496.12503504753113,496.12503504753113,9.52287937394658e-09,1.34462027290283e-07,0.066326119208416981,-0.047746539115905762,-162.23989868164062,0.097423464059829712,-2.7968063420757971e-06,2.6892405458056601e-05,0.00011472603773654555,0.095716530457996191,-0.45873413532067492,-0.3497707116428973,-26291.60088201335,0.095713733651654115,26291.142174770433,-0.34965598560516076,0.18258214368663916,0,0,3.8764989999999999,3.9395889999999998,0.047722160816192627,194.93983459472656,-0.097311079502105713,20,3.6589599972103315e-07,1,0,4,7.2818457930168279e-09,-1.3763418849066511e-07,-0.00092463412026108703
231,3.8666668683290482,0,0,496.12503051757812,496.12503504753113,496.12503504753113,7.2544428242338199e-09,-1.3610618054826773e-07,0.066326119208416981,0,0,0,2.8131489671068266e-05,-2.7221236109653546e-05,-7.0442837341033737e-06,0.095716530457996191,-0.45873413532067492,-0.3497707116428973,-26324.300885117511,0.095744661947667259,26323.842123760955,-0.34977775592663141,0.18258214365338654,0,0,0,0.030997,0,0,0,20,3.6589599972103315e-07,1,0,4,9.52287937394658e-09,1.34462027290283e-07,-0.00092463412026108703
232,3.8833335358649492,1,0.033333335071802139,496.12503051757812,496.12503504753113,496.12503504753113,9.6685983663746811e-09,1.4484932364666747e-07,0.06633426598748382,0.0055766124278306961,-162.19694519042969,0.042376428842544556,-1.8213118124776884e-06,2.8969864729333494e-05,0.00011465216402939404,0.090107976659577482,-0.49472872594268458,-0.39172714690055083,-26519.23379008273,0.090106155347765005,26518.739090326653,-0.39161249473652143,0.1708230995615535,0,0,3.5804840000000002,3.632781,-0.0055996626615524292,194.89694213867188,-0.042263627052307129,20,3.5964012568001635e-07,1,0,4,7.2544428242338199e-09,-1.3610618054826773e-07,-0.00099718557015629592
233,3.9000002034008503,0,0,496.12503051757812,496.12503504753113,496.12503504753113,7.2885582014237116e-09,-1.4280239213348978e-07,0.06633426598748382,0,0,0,2.8086009251637734e-05,-2.8560478426697955e-05,-6.7614820409289678e-06,0.090107976659577482,-0.49472872594268458,-0.39172714690055083,-26551.93379318689,0.09013606266882912,26551.439035900468,-0.39173390838259176,0.17082309952826213,0,0,0,0.031151999999999999,0,0,0,20,3.5964012568001635e-07,1,0,4,9.6685983663746811e-09,1.4484932364666747e-07,-0.00099718557015629592
234,3.9166668709367514,1,0.033333335071802139,496.12503051757812,496.12503504753113,496.12503504753113,9.4278505002876045e-09,1.2835752727369254e-07,0.066340373537572897,-0.059579547494649887,-162.20346069335938,0.020274758338928223,-1.7612228120356122e-06,2.5671505454738508e-05,0.00011520332918735221,0.14952540548853346,-0.52418207812440187,-0.4121852768073031,-26746.866698152113,0.14952364426572143,26746.342541745493,-0.41207007347811575,0.15733148588426088,0,0,4.1656740000000001,4.218394,0.059555783867835999,194.90350341796875,-0.020160496234893799,20,3.5878372273145942e-07,1,0,4,7.2885582014237116e-09,-1.4280239213348978e-07,-0.001056552363002973
235,3.9333335384726524,0,0,496.12503051757812,496.12503504753113,496.12503504753113,7.2835861786302303e-09,-1.2865584153587406e-07,0.066340373537572897,0,0,0,2.7996634344162885e-05,-2.5731168307174812e-05,-7.1852923611004371e-06,0.14952540548853346,-0.52418207812440187,-0.4121852768073031,-26779.566701256274,0.14955340212287763,26779.042493446981,-0.4121924620996642,0.15733148585064236,0,0,0,0.032187,0,0,0,20,3.5878372273145942e-07,1,0,4,9.4278505002876045e-09,1.2835752727369254e-07,-0.001056552363002973
236,3.9500002060085535,1,0.033333335071802139,496.12503051757812,496.12503504753113,496.12503504753113,9.6836174634518102e-09,1.440018593257264e-07,0.066344102173029995,0.042271852493286133,-162.20965576171875,-0.0014177560806274414,-1.5414549636716401e-06,2.880037186514528e-05,0.00011551856005098671,0.10758753615770525,-0.54751244127127352,-0.41086185240680617,-26974.499606221492,0.10758599470274158,26973.952122580591,-0.41074633384675518,0.1428377360925854,0,0,3.7360090000000001,3.7875809999999999,-0.0422944575548172,194.90960693359375,0.0015311241149902344,20,3.6022711924488249e-07,1,0,4,7.2835861786302303e-09,-1.2865584153587406e-07,-0.0011035775310528711
237,3.9666668735444546,0,0,496.12503051757812,496.12503504753113,496.12503504753113,7.2907697656887649e-09,-1.4357085831306904e-07,0.066344102173029995,0,0,0,2.836392241079011e-05,-2.8714171662613808e-05,-6.8290148647065507e-06,0.10758753615770525,-0.54751244127127352,-0.41086185240680617,-27007.199609325649,0.10761590008011604,27006.652068170206,-0.41086868142167088,0.14283773605887892,0,0,0,0.030918000000000001,0,0,0,20,3.6022711924488249e-07,1,0,4,9.6836174634518102e-09,1.440018593257264e-07,-0.0011035775310528711
238,3.9833335410803556,1,0.033333335071802139,496.12503051757812,496.12503504753113,496.12503504753113,9.4953680473963686e-09,1.3227588624431519e-07,0.066345864666157023,-0.020271329209208488,-162.22244262695312,0.083049893379211426,-5.8496585353395858e-07,2.6455177248863038e-05,0.00011434884754635277,0.1277383666629765,-0.55793898212294868,-0.49379798718735923,-27202.132514290868,0.12773778169712297,27201.574601763921,-0.49368363833981288,0.13018765100991517,0,0,3.8287460000000002,3.9216139999999999,0.020248815417289734,194.92251586914062,-0.082936942577362061,20,3.6005422998641734e-07,1,0,4,7.2907697656887649e-09,-1.4357085831306904e-07,-0.0011245934849256206
239,4.0000002086162567,0,0,496.12503051757812,496.12503504753113,496.12503504753113,7.2531252115481948e-09,-1.3453457370360411e-07,0.066345864666157023,0,0,0,2.7744829367293278e-05,-2.6906914740720822e-05,-6.9774301891811774e-06,0.1277383666629765,-0.55793898212294868,-0.49379798718735923,-27234.832517395029,0.12776611149234379,27234.274551505991,-0.49380496461754841,0.1301876509769144,0,0,0,0.052123000000000003,0,0,0,20,3.6005422998641734e-07,1,0,4,9.4953680473963686e-09,1.3227588624431519e-07,-0.0011245934849256206
240,4.0166668761521578,1,0.033333335071802139,496.12503051757812,496.12503504753113,496.12503504753113,9.5746051087530759e-09,1.3928880093772023e-07,0.066346691934024399,0.064529746770858765,-162.21597290039062,0.019611746072769165,-1.2199262044987336e-06,2.7857760187544045e-05,0.00011511746151882107,0.063172969600387471,-0.57487919741946536,-0.51357550042492017,-27429.765422360251,0.063171749674182973,27429.190571020594,-0.51346038296340135,0.11748056133074075,0,0,3.8966370000000001,3.9475169999999999,-0.064551874995231628,194.91593933105469,-0.019498050212860107,20,3.6337735309643904e-07,1,0,4,7.2531252115481948e-09,-1.3453457370360411e-07,-0.0011587385372810086
241,4.0333335436880589,0,0,496.12503051757812,496.12503504753113,496.12503504753113,7.2593602240544897e-09,-1.3891470018734253e-07,0.066346691934024399,0,0,0,2.7844430405821186e-05,-2.7782940037468506e-05,-6.7817978788298205e-06,0.063172969600387471,-0.57487919741946536,-0.51357550042492017,-27462.465425464412,0.063200814030793293,27461.890518484051,-0.513582282222799,0.11748056129719106,0,0,0,0.031294000000000002,0,0,0,20,3.6337735309643904e-07,1,0,4,9.5746051087530759e-09,1.3928880093772023e-07,-0.0011587385372810086
242,4.0500002112239599,1,0.033333335071802139,496.12503051757812,496.12503504753113,496.12503504753113,9.6151424600066093e-09,1.413469306044135e-07,0.066348439323253364,0.040226280689239502,-162.2513427734375,0.012801617383956909,-9.9655430574330239e-07,2.82693861208827e-05,0.00011479513659651275,0.022888561865075374,-0.55646387616935467,-0.52653255557931322,-27657.398330429631,0.022887565310769631,27656.841894822846,-0.52641776044271671,0.10338108963830848,0,0,3.6513469999999999,3.7011500000000002,-0.040248498320579529,194.95137023925781,-0.012689709663391113,20,3.5938234077548259e-07,1,0,4,7.2593602240544897e-09,-1.3891470018734253e-07,-0.0011216202305050838
243,4.066666878759861,0,0,496.12503051757812,496.12503504753113,496.12503504753113,7.2658736804953605e-09,-1.4095611788889073e-07,0.066348439323253364,0,0,0,2.7970344262939761e-05,-2.8191223577778146e-05,-6.9239888489391888e-06,0.022888561865075374,-0.55646387616935467,-0.52653255557931322,-27690.098333533791,0.022916532209338314,27689.541841466398,-0.52653947956816216,0.10338108960502614,0,0,0,0.031032000000000001,0,0,0,20,3.5938234077548259e-07,1,0,4,9.6151424600066093e-09,1.413469306044135e-07,-0.0011216202305050838
244,4.0833335462957621,1,0.033333335071802139,496.12503051757812,496.12503504753113,496.12503504753113,9.6680068395471608e-09,1.4412795223961439e-07,0.066350294973980012,0.035121113061904907,-162.23054504394531,-0.036989301443099976,-5.2959294727372708e-07,2.8825590447922878e-05,0.00011505151178425876,-0.012282843954910297,-0.55882584442175998,-0.48938047545779806,-27885.031238499007,-0.01228337354785757,27884.472441480175,-0.4892654239460138,0.089395985808148545,0,0,4.0660670000000003,4.1169909999999996,-0.035142838954925537,194.93058776855469,0.037102162837982178,20,3.6238853340364585e-07,1,0,4,7.2658736804953605e-09,-1.4095611788889073e-07,-0.001126381063129019
245,4.1000002138316631,0,0,496.12503051757812,496.12503504753113,496.12503504753113,7.2973875830939505e-09,-1.422371411763379e-07,0.066350294973980012,0,0,0,2.7850364858750254e-05,-2.844742823526758e-05,-6.7452106122800615e-06,-0.012282843954910297,-0.55882584442175998,-0.48938047545779806,-27917.731241603167,-0.012254993590051546,27917.172387311319,-0.48938722066841034,0.089395985774540485,0,0,0,0.031137000000000001,0,0,0,20,3.6238853340364585e-07,1,0,4,9.6680068395471608e-09,1.4412795223961439e-07,-0.001126381063129019
246,4.1166668813675642,1,0.033333335071802139,496.12503051757812,496.12503504753113,496.12503504753113,9.5651948583963531e-09,1.3606840809643472e-07,0.066350847837470819,0.1469302773475647,-162.20530700683594,0.031316459178924561,-8.8276328469305554e-07,2.7213681619286945e-05,0.00011474502343844506,-0.15894135834819925,-0.58647474562047019,-0.52068990181283836,-28112.66414656839,-0.15894224111148395,28112.07769903645,-0.52057515678939992,0.078620627906443766,0,0,4.1194990000000002,4.1889010000000004,-0.14695285260677338,194.90528869628906,-0.031205058097839355,20,3.6399268310560728e-07,1,0,4,7.2973875830939505e-09,-1.422371411763379e-07,-0.0011821107668236962
247,4.1333335489034653,0,0,496.12503051757812,496.12503504753113,496.12503504753113,7.3265509215048041e-09,-1.343186255553519e-07,0.066350847837470819,0,0,0,2.8050880018781754e-05,-2.686372511107038e-05,-6.8766809135922813e-06,-0.15894135834819925,-0.58647474562047019,-0.52068990181283836,-28145.36414967255,-0.15891330746818047,28144.777648063206,-0.52069677849375195,0.07862062787320917,0,0,0,0.031171999999999998,0,0,0,20,3.6399268310560728e-07,1,0,4,9.5651948583963531e-09,1.3606840809643472e-07,-0.0011821107668236962
248,4.1500002164393663,1,0.033333335071802139,496.12503051757812,496.12503504753113,496.12503504753113,9.7101020557488482e-09,1.4301305384378793e-07,0.066350083924880648,0.031089005991816521,-162.21261596679688,0.013514578342437744,-1.2005910043910717e-06,2.8602610768757586e-05,0.00011467654985608533,-0.18987352138368924,-0.6067922961911757,-0.53434914461296867,-28340.297054637769,-0.18987472197469363,28339.690290944189,-0.53423446806311259,0.07022558470289221,0,0,3.7810619999999999,3.8394750000000002,-0.031110778450965881,194.91261291503906,-0.013403415679931641,20,3.6402411751623731e-07,1,0,4,7.3265509215048041e-09,-1.343186255553519e-07,-0.0012230632468144692
249,4.1666668839752674,0,0,496.12503051757812,496.12503504753113,496.12503504753113,7.3882300277716695e-09,-1.3931231990227388e-07,0.066350083924880648,0,0,0,2.8037408128511743e-05,-2.7862463980454777e-05,-6.8209715209377464e-06,-0.18987352138368924,-0.6067922961911757,-0.53434914461296867,-28372.99705774193,-0.18984548397556072,28372.390237583273,-0.53435596558448961,0.070225584669571919,0,0,0,0.031233,0,0,0,20,3.6402411751623731e-07,1,0,4,9.7101020557488482e-09,1.4301305384378793e-07,-0.0012230632468144692
250,4.1833335515111685,1,0.033333335071802139,496.12503051757812,496.12503504753113,496.12503504753113,9.664890221472433e-09,1.3659962405654369e-07,0.066348775663748888,0.0002795426407828927,-162.22958374023438,-0.011833220720291138,-1.5608307535330823e-06,2.7319924811308738e-05,0.00011516567610669881,-0.19016108246961269,-0.6101171892751619,-0.52252843233272728,-28567.929962707149,-0.19016264330036622,28567.319872837797,-0.52241326665662058,0.063839804843702427,0,0,3.7698309999999999,3.8326579999999999,-0.00030256807804107666,194.92959594726562,0.01194530725479126,20,3.5832539424518473e-07,1,0,4,7.3882300277716695e-09,-1.3931231990227388e-07,-0.0012297649708741462
251,4.2000002190470695,0,0,496.12503051757812,496.12503504753113,496.12503504753113,7.37963912200712e-09,-1.3711505175706407e-07,0.066348775663748888,0,0,0,2.8095013249185286e-05,-2.7423010351412813e-05,-6.9261687940525007e-06,-0.19016108246961269,-0.6101171892751619,-0.52252843233272728,-28600.629965811306,-0.19013298745636351,28600.019821199021,-0.52253535850152133,0.063839804810143563,0,0,0,0.030915000000000002,0,0,0,20,3.5832539424518473e-07,1,0,4,9.664890221472433e-09,1.3659962405654369e-07,-0.0012297649708741462
252,4.2166668865829706,1,0.033333335071802139,496.12503051757812,496.12503504753113,496.12503504753113,9.7355208339422461e-09,1.4135289916339389e-07,0.066347632126337819,0.085886739194393158,-162.24948120117188,0.002791285514831543,-1.6233931532383394e-06,2.8270579832678777e-05,0.00011472741334728198,-0.27618123550540735,-0.59360676679511959,-0.52545311369278613,-28795.562870776528,-0.27618285889856059,28794.969292280311,-0.52533838627943885,0.060177223484032628,0,0,3.5747450000000001,3.6247660000000002,-0.085909992456436157,194.94947814941406,-0.0026794075965881348,20,3.599246269914147e-07,1,0,4,7.37963912200712e-09,-1.3711505175706407e-07,-0.0011964862179112757
253,4.2333335541188717,0,0,496.12503051757812,496.12503504753113,496.12503504753113,7.3662134170149329e-09,-1.4215844146292511e-07,0.066347632126337819,0,0,0,2.8030382281940547e-05,-2.8431688292585022e-05,-6.815389497205615e-06,-0.27618123550540735,-0.59360676679511959,-0.52545311369278613,-28828.262873880689,-0.27615320512312541,28827.669238682207,-0.52545992908228334,0.060177223450683097,0,0,0,0.030976,0,0,0,20,3.599246269914147e-07,1,0,4,9.7355208339422461e-09,1.4135289916339389e-07,-0.0011964862179112757
254,4.2500002216547728,1,0.033333335071802139,496.12503051757812,496.12503504753113,496.12503504753113,9.6642249758360776e-09,1.3788066155484557e-07,0.066347123054014578,0.04826667532324791,-162.23634338378906,-0.0036548078060150146,-1.7964493892463906e-06,2.7576132310969115e-05,0.00011435097349021817,-0.32453816222555137,-0.5901818871235669,-0.52149831228724208,-29023.195778845908,-0.32453995867494062,29022.605624534917,-0.52138396131375186,0.056906038541553655,0,0,4.0452909999999997,4.1131190000000002,-0.048290163278579712,194.93638610839844,0.0037673711776733398,20,3.6004843195769354e-07,1,0,4,7.3662134170149329e-09,-1.4215844146292511e-07,-0.001189582958793895
255,4.2666668891906738,0,0,496.12503051757812,496.12503504753113,496.12503504753113,7.3722628002315105e-09,-1.3751771632541931e-07,0.066347123054014578,0,0,0,2.8031905685566016e-05,-2.7503543265083863e-05,-6.9458906182262581e-06,-0.32453816222555137,-0.5901818871235669,-0.52149831228724208,-29055.895781950068,-0.32451013031986581,29055.305572559402,-0.52150525817786031,0.056906038508372787,0,0,0,0.031213000000000001,0,0,0,20,3.6004843195769354e-07,1,0,4,9.6642249758360776e-09,1.3788066155484557e-07,-0.001189582958793895
256,4.2833335567265749,1,0.033333335071802139,496.12503051757812,496.12503504753113,496.12503504753113,9.6933554516454024e-09,1.3926555197940615e-07,0.066346626450009882,-0.0015159598551690578,-162.22917175292969,0.0035766065120697021,-2.2665341603556044e-06,2.7853110395881231e-05,0.00011511367574712494,-0.32319052579143698,-0.59392283942393564,-0.52513682586432109,-29250.828686915287,-0.32319279232559733,29250.234791928975,-0.52502171218857396,0.054478960335604072,0,0,3.6888839999999998,3.739404,0.0014917105436325073,194.92916870117188,-0.0034642815589904785,20,3.6281437587604159e-07,1,0,4,7.3722628002315105e-09,-1.3751771632541931e-07,-0.0011971233005144259
257,4.300000224262476,0,0,496.12503051757812,496.12503504753113,496.12503504753113,7.3376074105624411e-09,-1.413448700304798e-07,0.066346626450009882,0,0,0,2.8045582212143927e-05,-2.8268974006095959e-05,-6.935968599464104e-06,-0.32319052579143698,-0.59392283942393564,-0.52513682586432109,-29283.528690019448,-0.32316248020922483,29282.934738911052,-0.52514376183292055,0.054478960302110961,0,0,0,0.036686999999999997,0,0,0,20,3.6281437587604159e-07,1,0,4,9.6933554516454024e-09,1.3926555197940615e-07,-0.0011971233005144259
258,4.316666891798377,1,0.033333335071802139,496.12503051757812,496.12503504753113,496.12503504753113,9.7307566448989746e-09,1.4358894873112149e-07,0.066345033444920362,0.11688476055860519,-162.21908569335938,-0.04341474175453186,-2.7068455921153145e-06,2.8717789746224298e-05,0.00011464583167253295,-0.44007285392660883,-0.6076920132717667,-0.48173589085311525,-29478.46159498467,-0.44007556077220095,29477.853931689187,-0.48162124502144271,0.054335138957404383,0,0,3.7404299999999999,3.7918219999999998,-0.11690858006477356,194.91914367675781,0.043528258800506592,20,3.6701274552797258e-07,1,0,4,7.3376074105624411e-09,-1.413448700304798e-07,-0.0012248767353849558
259,4.3333335593342781,0,0,496.12503051757812,496.12503504753113,496.12503504753113,7.3058252780811017e-09,-1.454958606927903e-07,0.066345033444920362,0,0,0,2.8228885184944374e-05,-2.909917213855806e-05,-6.7314147145225434e-06,-0.44007285392660883,-0.6076920132717667,-0.48173589085311525,-29511.161598088827,-0.44004462504142389,29510.553876976384,-0.48174262226782977,0.054335138924188342,0,0,0,0.031255999999999999,0,0,0,20,3.6701274552797258e-07,1,0,4,9.7307566448989746e-09,1.4358894873112149e-07,-0.0012248767353849558
260,4.3500002268701792,1,0.033333335071802139,496.12503051757812,496.12503504753113,496.12503504753113,9.6115515546557617e-09,1.3834358014719328e-07,0.066342088691636839,-0.037872977554798126,-162.21322631835938,-0.051310092210769653,-3.0615062485139788e-06,2.7668716029438656e-05,0.00011545934057721752,-0.40214297340212934,-0.62732571468443954,-0.43057082653457407,-29706.094503054046,-0.40214603490837786,29705.467205008077,-0.43045536719399685,0.053201151292393702,0,0,3.8077589999999999,3.8672780000000002,0.037849590182304382,194.91329956054688,0.051423132419586182,20,3.6332892250356963e-07,1,0,4,7.3058252780811017e-09,-1.454958606927903e-07,-0.0012644508347060912
261,4.3666668944060802,0,0,496.12503051757812,496.12503504753113,496.12503504753113,7.3217716334283978e-09,-1.3738677751007344e-07,0.066342088691636839,0,0,0,2.842145931936102e-05,-2.7477355502014689e-05,-6.9924652734698611e-06,-0.40214297340212934,-0.62732571468443954,-0.43057082653457407,-29738.794506158207,-0.40211455194280998,29738.167152966165,-0.43057781899984754,0.053201151258553576,0,0,0,0.034706000000000001,0,0,0,20,3.6332892250356963e-07,1,0,4,9.6115515546557617e-09,1.3834358014719328e-07,-0.0012644508347060912
262,4.3833335619419813,1,0.033333335071802139,496.12503051757812,496.12503504753113,496.12503504753113,9.5768903918269643e-09,1.3530711839848664e-07,0.066337907851553288,0.090804092586040497,-162.21247863769531,-0.0028257071971893311,-2.9560357717173247e-06,2.7061423679697327e-05,0.00011464264844107674,-0.49315364876026135,-0.64762707575328515,-0.42764420422333027,-29933.727411123426,-0.49315660479603307,29933.079811109095,-0.42752956157488919,0.055524151063081811,0,0,3.6315580000000001,3.6811470000000002,-0.090828552842140198,194.91259765625,0.0029402375221252441,20,3.6888314980387804e-07,1,0,4,7.3217716334283978e-09,-1.3738677751007344e-07,-0.0013053706827982172
263,4.4000002294778824,0,0,496.12503051757812,496.12503504753113,496.12503504753113,7.3249069032499392e-09,-1.3511899510376679e-07,0.066337907851553288,0,0,0,2.8090755677112611e-05,-2.7023799020753358e-05,-6.9670022639911622e-06,-0.49315364876026135,-0.64762707575328515,-0.42764420422333027,-29966.427414227586,-0.49312555800458424,29965.779760128033,-0.42765117122559426,0.055524151029817045,0,0,0,0.030887000000000001,0,0,0,20,3.6888314980387804e-07,1,0,4,9.5768903918269643e-09,1.3530711839848664e-07,-0.0013053706827982172
264,4.4166668970137835,1,0.033333335071802139,496.12503051757812,496.12503504753113,496.12503504753113,9.7956807110222144e-09,1.4824642846633651e-07,0.0663315904687862,-0.077898569405078888,-162.19619750976562,-0.028035730123519897,-2.9142489310629571e-06,2.9649285693267302e-05,0.00011354694606779958,-0.41509842083707915,-0.68423081338915925,-0.39964413328658377,-30161.360319192809,-0.41510133508601021,30160.676118028707,-0.39953058634051597,0.056699723896957009,0,0,3.9744329999999999,4.0253139999999998,0.077874109148979187,194.89630126953125,0.028149783611297607,20,3.6318823504188913e-07,1,0,4,7.3249069032499392e-09,-1.3511899510376679e-07,-0.0013791499421584453
265,4.4333335645496845,0,0,496.12503051757812,496.12503504753113,496.12503504753113,7.3186665616731261e-09,-1.4862085606637265e-07,0.0663315904687862,0,0,0,2.7972299676548573e-05,-2.9724171213274531e-05,-6.6581861801751074e-06,-0.41509842083707915,-0.68423081338915925,-0.39964413328658377,-30194.060322296969,-0.4150704485374026,30193.376061759409,-0.39965079147276394,0.056699723864186959,0,0,0,0.031179999999999999,0,0,0,20,3.6318823504188913e-07,1,0,4,9.7956807110222144e-09,1.4824642846633651e-07,-0.0013791499421584453
266,4.4500002320855856,1,0.033333335071802139,496.12503051757812,496.12503504753113,496.12503504753113,9.4593994859337727e-09,1.2844397190292511e-07,0.066324619867769247,0.073999136686325073,-162.22869873046875,-0.017020421102643013,-3.2834211793897339e-06,2.5688794380585023e-05,0.000115064074179827,-0.48925599930220665,-0.68842298915317457,-0.38260454093765423,-30388.993227262185,-0.48925928272338604,30388.304829961824,-0.3824894768634744,0.058893206823893249,0,0,3.5365129999999998,3.5855009999999998,-0.074023798108100891,194.92872619628906,0.017134547233581543,20,3.635157668213651e-07,1,0,4,7.3186665616731261e-09,-1.4862085606637265e-07,-0.0013875997793322814
267,4.4666668996214867,0,0,496.12503051757812,496.12503504753113,496.12503504753113,7.314167937977345e-09,-1.2871387866653095e-07,0.066324619867769247,0,0,0,2.8167858090455411e-05,-2.5742775733306189e-05,-7.270125479408307e-06,-0.48925599930220665,-0.68842298915317457,-0.38260454093765423,-30421.693230366345,-0.48922783144411619,30421.004781634416,-0.38261181106313363,0.058893206790340748,0,0,0,0.030904999999999998,0,0,0,20,3.635157668213651e-07,1,0,4,9.4593994859337727e-09,1.2844397190292511e-07,-0.0013875997793322814
268,4.4833335671573877,1,0.033333335071802139,496.12503051757812,496.12503504753113,496.12503504753113,9.7909662599704461e-09,1.4860789576687239e-07,0.066316815714041383,-0.075669765472412109,-162.2288818359375,-0.023940937593579292,-3.5814434085068569e-06,2.9721579153374478e-05,0.00011428339803387644,-0.41391265830875262,-0.69237699925672624,-0.35875157907354999,-30616.626135331564,-0.41391623975216113,30615.933788053888,-0.35863729567551611,0.06173328690134687,0,0,3.7589399999999999,3.8087219999999999,0.075644001364707947,194.928955078125,0.024054884910583496,20,3.6871034581054118e-07,1,0,4,7.314167937977345e-09,-1.2871387866653095e-07,-0.0013955695648182585
269,4.5000002346932888,0,0,496.12503051757812,496.12503504753113,496.12503504753113,7.3052373039672602e-09,-1.491437302547638e-07,0.066316815714041383,0,0,0,2.8313047550909687e-05,-2.9828746050952759e-05,-6.5553138028917601e-06,-0.41391265830875262,-0.69237699925672624,-0.35875157907354999,-30649.326138435725,-0.41388434526120171,30648.633731607722,-0.35875813438735288,0.061733286868218724,0,0,0,0.031012999999999999,0,0,0,20,3.6871034581054118e-07,1,0,4,9.7909662599704461e-09,1.4860789576687239e-07,-0.0013955695648182585
270,4.5166669022291899,1,0.033333335071802139,496.12503051757812,496.12503504753113,496.12503504753113,9.6658023807094651e-09,1.4163389039367758e-07,0.066309258392473452,-0.020002514123916626,-162.23310852050781,-0.015837475657463074,-3.6384758317353771e-06,2.8326778078735515e-05,0.00011480382227091468,-0.393856087424516,-0.69217341193892912,-0.34272031029443606,-30844.259043400947,-0.39385972590034773,30843.566898315785,-0.34260550647216514,0.062965390083914746,0,0,3.779433,3.8441369999999999,0.019977837800979614,194.93313598632812,0.015949845314025879,20,3.6579314155460452e-07,1,0,4,7.3052373039672602e-09,-1.491437302547638e-07,-0.0013951592099612866
271,4.5333335697650909,0,0,496.12503051757812,496.12503504753113,496.12503504753113,7.3437274039633849e-09,-1.393244843939101e-07,0.066309258392473452,0,0,0,2.8566574883370777e-05,-2.7864896878782019e-05,-6.9645778921767487e-06,-0.393856087424516,-0.69217341193892912,-0.34272031029443606,-30876.959046505108,-0.39382752084963263,30876.266845228271,-0.34272727487232824,0.062965390050452485,0,0,0,0.030929000000000002,0,0,0,20,3.6579314155460452e-07,1,0,4,9.6658023807094651e-09,1.4163389039367758e-07,-0.0013951592099612866
272,4.550000237300992,1,0.033333335071802139,496.12503051757812,496.12503504753113,496.12503504753113,9.6973051810778088e-09,1.4121467017957912e-07,0.066302183686065011,-0.02205471508204937,-162.24673461914062,-0.01406782865524292,-3.6596588870452251e-06,2.8242934035915823e-05,0.00011451402315287851,-0.37205479836134608,-0.67832613956060561,-0.32860524108741163,-31071.891951470323,-0.37205845802023313,31071.213653573697,-0.32849072706425875,0.064476115937252221,0,0,3.5692889999999999,3.6174379999999999,0.022028431296348572,194.94680786132812,0.014179885387420654,20,3.6863190189251327e-07,1,0,4,7.3437274039633849e-09,-1.393244843939101e-07,-0.0013672483580588082
273,4.5666669048368931,0,0,496.12503051757812,496.12503504753113,496.12503504753113,7.3519466070592898e-09,-1.4072149667754275e-07,0.066302183686065011,0,0,0,2.8280646802159026e-05,-2.8144299335508549e-05,-6.9075838382559596e-06,-0.37205479836134608,-0.67832613956060561,-0.32860524108741163,-31104.591954574484,-0.37202651771454393,31103.913600290623,-0.32861214867124988,0.064476115904141831,0,0,0,0.030884000000000002,0,0,0,20,3.6863190189251327e-07,1,0,4,9.6973051810778088e-09,1.4121467017957912e-07,-0.0013672483580588082
274,4.5833335723727942,1,0.033333335071802139,496.12503051757812,496.12503504753113,496.12503504753113,9.6346468581032241e-09,1.3696200085178134e-07,0.066295710195894947,-0.14351612329483032,-162.24154663085938,-0.036742344498634338,-4.0975152160172001e-06,2.7392400170356268e-05,0.00011524409728735918,-0.2282882899429633,-0.66965415003953566,-0.29185358765733876,-31299.524859539702,-0.22829238745817931,31298.855232782062,-0.29173834356005141,0.063861250172201109,0,0,3.942787,3.9933169999999998,0.14349108934402466,194.94160461425781,0.036857366561889648,20,3.6762637023457501e-07,1,0,4,7.3519466070592898e-09,-1.4072149667754275e-07,-0.0013497689145547343
275,4.6000002399086952,0,0,496.12503051757812,496.12503504753113,496.12503504753113,7.3351658080866855e-09,-1.3796885411920812e-07,0.066295710195894947,0,0,0,2.8620200964724063e-05,-2.7593770823841623e-05,-7.0844123456481611e-06,-0.2282882899429633,-0.66965415003953566,-0.29185358765733876,-31332.224862643863,-0.22825966974199857,31331.555180900054,-0.29186067206968441,0.063861250138633932,0,0,0,0.031349000000000002,0,0,0,20,3.6762637023457501e-07,1,0,4,9.6346468581032241e-09,1.3696200085178134e-07,-0.0013497689145547343
276,4.6166669074445963,1,0.033333335071802139,496.12503051757812,496.12503504753113,496.12503504753113,9.5835872571115033e-09,1.3490526384885015e-07,0.066290478367789257,-0.038157254457473755,-162.25680541992188,-0.00068397662835195661,-4.1883399859443671e-06,2.6981052769770031e-05,0.00011507706858537858,-0.19000938267748801,-0.64577873243424122,-0.29115730833730391,-31527.157767609086,-0.19001357101747396,31526.512015857705,-0.29104223126871853,0.063901362583152002,0,0,3.6128230000000001,3.6624059999999998,0.038131877779960632,194.956787109375,0.00079643726348876953,20,3.6778027379114064e-07,1,0,4,7.3351658080866855e-09,-1.3796885411920812e-07,-0.0013016451233354362
277,4.6333335749804974,0,0,496.12503051757812,496.12503504753113,496.12503504753113,7.3313746185021955e-09,-1.3513273700027639e-07,0.066290478367789257,0,0,0,2.8353207426334848e-05,-2.7026547400055279e-05,-7.120635814317211e-06,-0.19000938267748801,-0.64577873243424122,-0.29115730833730391,-31559.857770713246,-0.18998102947006168,31559.211964954266,-0.29116442897311823,0.063901362549485377,0,0,0,0.030816,0,0,0,20,3.6778027379114064e-07,1,0,4,9.5835872571115033e-09,1.3490526384885015e-07,-0.0013016451233354362
278,4.6500002425163984,1,0.033333335071802139,496.12503051757812,496.12503504753113,496.12503504753113,9.6107966029990166e-09,1.3676532262252294e-07,0.066285769398115132,-0.12858805060386658,-162.23715209960938,-0.041814040392637253,-3.95990298329707e-06,2.7353064524504589e-05,0.00011514891866681864,-0.061319990784718267,-0.64158110706382687,-0.24949897862686143,-31754.790675678465,-0.061323950687701564,31754.149121924467,-0.24938382970819462,0.063315605878998329,0,0,3.6238410000000001,3.6833840000000002,0.12856258451938629,194.93710327148438,0.041926383972167969,20,3.6198787256580545e-07,1,0,4,7.3313746185021955e-09,-1.3513273700027639e-07,-0.0012931843018209319
279,4.6666669100522995,0,0,496.12503051757812,496.12503504753113,496.12503504753113,7.2868138190074205e-09,-1.3943896703949576e-07,0.066285769398115132,0,0,0,2.837488750628836e-05,-2.7887793407899153e-05,-7.0927569595369278e-06,-0.061319990784718267,-0.64158110706382687,-0.24949897862686143,-31787.490678782626,-0.061291615897211979,31786.849069787768,-0.24950607138382097,0.063315605845456854,0,0,0,0.063666,0,0,0,20,3.6198787256580545e-07,1,0,4,9.6107966029990166e-09,1.3676532262252294e-07,-0.0012931843018209319
280,4.6833335775882006,1,0.033333335071802139,496.12503051757812,496.12503504753113,496.12503504753113,9.6809538163711295e-09,1.4364837852554047e-07,0.066281666408996201,-0.1307118833065033,-162.22904968261719,-0.010681670159101486,-3.8607030461434988e-06,2.8729675705108093e-05,0.00011540374771357165,0.069420917439471153,-0.64534770259426788,-0.23889591853022138,-31982.423583747841,0.069417056736425009,31981.778264774923,-0.23878051478250781,0.063967721340188632,0,0,3.943406,3.9930300000000001,0.13068722188472748,194.92916870117188,0.010795772075653076,20,3.6792766877624672e-07,1,0,4,7.2868138190074205e-09,-1.3943896703949576e-07,-0.0013007763305724746
281,4.7000002451241016,0,0,496.12503051757812,496.12503504753113,496.12503504753113,7.2774271053788198e-09,-1.4421159733046807e-07,0.066281666408996201,0,0,0,2.8564852527779294e-05,-2.8842319466093613e-05,-6.8980568812548881e-06,0.069420917439471153,-0.64534770259426788,-0.23889591853022138,-32015.123586852002,0.069449482291998932,32014.478210307087,-0.23890281658710263,0.063967721306379843,0,0,0,0.030960000000000001,0,0,0,20,3.6792766877624672e-07,1,0,4,9.6809538163711295e-09,1.4364837852554047e-07,-0.0013007763305724746
282,4.7166669126600027,1,0.033333335071802139,496.12503051757812,496.12503504753113,496.12503504753113,9.5519281373412923e-09,1.3647006369410519e-07,0.066277667728005626,-0.093255400657653809,-162.23526000976562,-0.0032855374738574028,-4.0357029718052218e-06,2.7294012738821039e-05,0.00011510048807394924,0.16255925135408139,-0.64292861105012744,-0.2355973896385761,-32210.056491817224,0.16255521565110959,32209.413590500186,-0.23548228915050215,0.065373257667511425,0,0,3.6662089999999998,3.7151909999999999,0.093230500817298889,194.93536376953125,0.0033993124961853027,20,3.6659804436567356e-07,1,0,4,7.2774271053788198e-09,-1.4421159733046807e-07,-0.0012959003590466501
283,4.7333335801959038,0,0,496.12503051757812,496.12503504753113,496.12503504753113,7.2980048670956421e-09,-1.3523539621473901e-07,0.066277667728005626,0,0,0,2.8518479666672647e-05,-2.7047079242947802e-05,-7.098896048773895e-06,0.16255925135408139,-0.64292861105012744,-0.2355973896385761,-32242.756494921385,0.16258776983374806,32242.113539263257,-0.23560448853462487,0.065373257634024726,0,0,0,0.030876000000000001,0,0,0,20,3.6659804436567356e-07,1,0,4,9.5519281373412923e-09,1.3647006369410519e-07,-0.0012959003590466501
284,4.7500002477318048,1,0.033333335071802139,496.12503051757812,496.12503504753113,496.12503504753113,9.7171835022891173e-09,1.4515072166432219e-07,0.066273316791673892,-0.038900911808013916,-162.23316955566406,-0.023960718885064125,-3.2743059819040354e-06,2.9030144332864438e-05,0.00011489440794321126,0.20164438021034006,-0.64276954784016604,-0.21163776184166042,-32437.689399886603,0.20164110590435816,32437.046659368909,-0.2115228674337172,0.066662071719894023,0,0,3.9486050000000001,3.9993629999999998,0.038876354694366455,194.93313598632812,0.024074316024780273,20,3.6756154031536425e-07,1,0,4,7.2980048670956421e-09,-1.3523539621473901e-07,-0.0012955797479129142
285,4.7666669152677059,0,0,496.12503051757812,496.12503504753113,496.12503504753113,7.2932833106165162e-09,-1.4543398663136031e-07,0.066273316791673892,0,0,0,2.8411039920683834e-05,-2.9086797326272062e-05,-6.7769121869787341e-06,0.20164438021034006,-0.64276954784016604,-0.21163776184166042,-32470.389402990764,0.20167279125026075,32469.746604356125,-0.21164453875384739,0.066662071686378263,0,0,0,0.041478000000000001,0,0,0,20,3.6756154031536425e-07,1,0,4,9.7171835022891173e-09,1.4515072166432219e-07,-0.0012955797479129142
286,4.783333582803607,1,0.033333335071802139,496.12503051757812,496.12503504753113,496.12503504753113,9.645653165080148e-09,1.411422090313863e-07,0.06626895561712938,-0.052082657814025879,-162.22573852539062,0.0035643198061734438,-3.4764283896038251e-06,2.822844180627726e-05,0.00011490484439491411,0.25381194283174147,-0.64997212114357439,-0.21528366022975209,-32665.322307955979,0.25380846640335186,32664.672364063277,-0.21516875538535718,0.068165160215444026,0,0,3.7173859999999999,3.766632,0.052058130502700806,194.92572021484375,-0.0034515857696533203,20,3.6567280403687619e-07,1,0,4,7.2932833106165162e-09,-1.4543398663136031e-07,-0.0013100974053472307
287,4.8000002503395081,0,0,496.12503051757812,496.12503504753113,496.12503504753113,7.234411736334323e-09,-1.4467447329025163e-07,0.06626895561712938,0,0,0,2.8371738380883471e-05,-2.8934894658050325e-05,-6.8453175572358305e-06,0.25381194283174147,-0.64997212114357439,-0.21528366022975209,-32698.02231106014,0.25384031457012235,32697.372310004102,-0.21529050554730933,0.068165160182131063,0,0,0,0.031461999999999997,0,0,0,20,3.6567280403687619e-07,1,0,4,9.645653165080148e-09,1.411422090313863e-07,-0.0013100974053472307
288,4.8166669178754091,1,0.033333335071802139,496.12503051757812,496.12503504753113,496.12503504753113,9.6546903805005968e-09,1.4521671687361959e-07,0.066264615527221141,-0.073889583349227905,-162.23971557617188,-0.00040719655225984752,-3.2883768597002927e-06,2.9043343374723918e-05,0.00011469735454738839,0.32741593755980714,-0.64324312726599453,-0.21493364311812757,-32892.955216025366,0.32741264918294744,32892.312001941442,-0.21481894576358018,0.068597341062134845,0,0,3.7372019999999999,3.7981210000000001,0.073864951729774475,194.93965148925781,0.00052082538604736328,20,3.7094301319484657e-07,1,0,4,7.234411736334323e-09,-1.4467447329025163e-07,-0.0012965343045112988
289,4.8333335854113102,0,0,496.12503051757812,496.12503504753113,496.12503504753113,7.2688295382761225e-09,-1.4315163809897058e-07,0.066264615527221141,0,0,0,2.8309841582085937e-05,-2.8630327619794116e-05,-6.8029692101845285e-06,0.32741593755980714,-0.64324312726599453,-0.21493364311812757,-32925.655219129527,0.32744424740138922,32925.011947371931,-0.21494044608733776,0.068597341028678482,0,0,0,0.032134999999999997,0,0,0,20,3.7094301319484657e-07,1,0,4,9.6546903805005968e-09,1.4521671687361959e-07,-0.0012965343045112988
290,4.8500002529472113,1,0.033333335071802139,496.12503051757812,496.12503504753113,496.12503504753113,9.5675236622128068e-09,1.379216314489895e-07,0.066261380556083868,0.055963397026062012,-162.2548828125,0.020364724099636078,-3.6845946738139901e-06,2.75843262897979e-05,0.00011455707635832368,0.27129968387966735,-0.62127965769415228,-0.23507263034590481,-33120.588124094742,0.27129599928499354,33119.966872021374,-0.23495807326954649,0.069233810873619794,0,0,3.8860749999999999,3.9355669999999998,-0.055988356471061707,194.95487976074219,-0.020250439643859863,20,3.702060382693162e-07,1,0,4,7.2688295382761225e-09,-1.4315163809897058e-07,-0.0012522642757478077
291,4.8666669204831123,0,0,496.12503051757812,496.12503504753113,496.12503504753113,7.2745898194170877e-09,-1.3757600925146107e-07,0.066261380556083868,0,0,0,2.8244392069609603e-05,-2.7515201850292215e-05,-6.9165196237008786e-06,0.27129968387966735,-0.62127965769415228,-0.23507263034590481,-33153.288127198903,0.27132792827173696,33152.66682002601,-0.23507954686552851,0.06923381084044132,0,0,0,0.0309,0,0,0,20,3.702060382693162e-07,1,0,4,9.5675236622128068e-09,1.379216314489895e-07,-0.0012522642757478077
292,4.8833335880190134,1,0.033333335071802139,496.12503051757812,496.12503504753113,496.12503504753113,9.528471345277012e-09,1.3523289510430914e-07,0.066258788463615242,-0.089313656091690063,-162.23844909667969,0.0078013776801526546,-4.0233356202179493e-06,2.7046579020861827e-05,0.00011484108881631983,0.3607466329563605,-0.61572008832668534,-0.24282344211287632,-33348.221032164118,0.36074260962074028,33347.605339122369,-0.24270860102406,0.067631052028734026,0,0,3.5600559999999999,3.6089739999999999,0.089289471507072449,194.9384765625,-0.0076873898506164551,20,3.6284927773522213e-07,1,0,4,7.2745898194170877e-09,-1.3757600925146107e-07,-0.001241058291419816
293,4.9000002555549145,0,0,496.12503051757812,496.12503504753113,496.12503504753113,7.2898647118790905e-09,-1.343163802403069e-07,0.066258788463615242,0,0,0,2.8478228841777309e-05,-2.686327604806138e-05,-7.1014426339388592e-06,0.3607466329563605,-0.61572008832668534,-0.24282344211287632,-33380.921035268279,0.36077511118520228,33380.305288316675,-0.24283054355551026,0.067631051995251365,0,0,0,0.030972,0,0,0,20,3.6284927773522213e-07,1,0,4,9.528471345277012e-09,1.3523289510430914e-07,-0.001241058291419816
294,4.9166669230908155,1,0.033333335071802139,496.12503051757812,496.12503504753113,496.12503504753113,9.6650962788658035e-09,1.4251389757191646e-07,0.066257893582996066,0.055808037519454956,-162.25906372070312,-0.0038173254579305649,-3.9260012130171162e-06,2.8502779514383292e-05,0.00011444354868217488,0.30502384813064798,-0.58954215317935132,-0.23903132734149427,-33575.853940233501,0.30501992212943496,33575.264426583104,-0.23891688379281209,0.065028207055817105,0,0,3.9089489999999998,3.9588019999999999,-0.05583423376083374,194.95909118652344,0.0039327144622802734,20,3.6558125771080086e-07,1,0,4,7.2898647118790905e-09,-1.343163802403069e-07,-0.0011882934976721552
295,4.9333335906267166,0,0,496.12503051757812,496.12503504753113,496.12503504753113,7.3122192745245229e-09,-1.4117260604962212e-07,0.066257893582996066,0,0,0,2.8324905088084051e-05,-2.8234521209924424e-05,-6.8927533902751748e-06,0.30502384813064798,-0.58954215317935132,-0.23903132734149427,-33608.553943337662,0.30505217303573606,33607.964372949958,-0.23903822009488454,0.065028207022586784,0,0,0,0.041657,0,0,0,20,3.6558125771080086e-07,1,0,4,9.6650962788658035e-09,1.4251389757191646e-07,-0.0011882934976721552
296,4.9500002581626177,1,0.033333335071802139,496.12503051757812,496.12503504753113,496.12503504753113,9.6044168174103106e-09,1.3753185612586094e-07,0.066258143152103946,0.1549590528011322,-162.24882507324219,-0.060155872255563736,-3.945117654780006e-06,2.7506371225172188e-05,0.00011397158914405736,0.14993206086608438,-0.57352483714482339,-0.17869358769477478,-33803.486848302884,0.1499281157484296,33802.913350972107,-0.17857961610563072,0.0634659334766218,0,0,3.6745890000000001,3.7312189999999998,-0.15498441457748413,194.94891357421875,0.060269773006439209,20,3.6484021848082193e-07,1,0,4,7.3122192745245229e-09,-1.4117260604962212e-07,-0.0011560086603770701
297,4.9666669256985188,0,0,496.12503051757812,496.12503504753113,496.12503504753113,7.3213897167079267e-09,-1.3698162604214303e-07,0.066258143152103946,0,0,0,2.8199895041325362e-05,-2.7396325208428607e-05,-6.9379524347823462e-06,0.14993206086608438,-0.57352483714482339,-0.17869358769477478,-33836.186851407037,0.1499602607611257,33835.613299173565,-0.17870052564720956,0.063465933443720202,0,0,0,0.031154000000000001,0,0,0,20,3.6484021848082193e-07,1,0,4,9.6044168174103106e-09,1.3753185612586094e-07,-0.0011560086603770701
298,4.9833335932344198,1,0.033333335071802139,496.12503051757812,496.12503504753113,496.12503504753113,9.5579126835332318e-09,1.3419135314052255e-07,0.06625917558970093,-0.028171420097351074,-162.22822570800781,-0.0068267039023339748,-4.7630162924860997e-06,2.683827062810451e-05,0.00011580899581531412,0.17804759225069339,-0.57825442564896634,-0.17191815372700164,-34031.11975637226,0.1780428292344009,34030.541528784881,-0.17180234473118633,0.061025754933611523,0,0,3.6480359999999998,3.7100080000000002,0.028144866228103638,194.92819213867188,0.0069425106048583984,20,3.7066945424157893e-07,1,0,4,7.3213897167079267e-09,-1.3698162604214303e-07,-0.0011655417179130395
299,5.0000002607703209,0,0,496.12503051757812,496.12503504753113,496.12503504753113,7.2882571089394332e-09,-1.3617933802834159e-07,0.06625917558970093,0,0,0,2.8721512990159681e-05,-2.7235867605668318e-05,-7.152010539357434e-06,0.17804759225069339,-0.57825442564896634,-0.17191815372700164,-34063.819759476421,0.17807631376368355,34063.241477814903,-0.171925305737541,0.061025754899615668,0,0,0,0.032806000000000002,0,0,0,20,3.7066945424157893e-07,1,0,4,9.5579126835332318e-09,1.3419135314052255e-07,-0.0011655417179130395
300,5.016666928306222,1,0.033333335071802139,496.12503051757812,496.12503504753113,496.12503504753113,9.5725276594293973e-09,1.3705620460768841e-07,0.066261365553554233,0.11388218402862549,-162.27894592285156,-0.13501629233360291,-5.1959947455770816e-06,2.7411240921537683e-05,0.0001146889758274483,0.064271097552345058,-0.53224639396497486,-0.036983063971658382,-34258.752664441643,0.064265901557599481,34258.220445458915,-0.036868374995830934,0.067193733374461259,0,0,3.8405399999999998,3.8997459999999999,-0.11390885710716248,194.97891235351562,0.13513177633285522,20,3.6621850085793994e-07,1,0,4,7.2882571089394332e-09,-1.3617933802834159e-07,-0.0010728069667235863
301,5.033333595842123,0,0,496.12503051757812,496.12503504753113,496.12503504753113,7.3205441708523722e-09,-1.3511900931462151e-07,0.066261365553554233,0,0,0,2.8682154606940458e-05,-2.7023801862924302e-05,-7.1282386215898441e-06,0.064271097552345058,-0.53224639396497486,-0.036983063971658382,-34291.452667545804,0.064299779706951998,34290.920394128036,-0.036990192210279972,0.067193733341076201,0,0,0,0.031184,0,0,0,20,3.6621850085793994e-07,1,0,4,9.5725276594293973e-09,1.3705620460768841e-07,-0.0010728069667235863
302,5.0500002633780241,1,0.033333335071802139,496.12503051757812,496.12503504753113,496.12503504753113,9.7519841091298076e-09,1.4588638919121877e-07,0.066261728858055688,0.085796236991882324,-162.17111206054688,-0.10863638669252396,-4.3725865594979041e-06,2.9177277838243754e-05,0.00011483446087368065,-0.021342557694292316,-0.5940010588078275,0.0717311187711515,-34486.385572511019,-0.021346930280851814,34485.791600629491,0.071845953232025181,0.20823157229506789,0,0,3.5707650000000002,3.6281110000000001,-0.085822969675064087,194.87117004394531,0.10875082015991211,20,3.6867777453153394e-07,1,0,4,7.3205441708523722e-09,-1.3511900931462151e-07,-0.0011972809611410144
303,5.0666669309139252,0,0,496.12503051757812,496.12503504753113,496.12503504753113,7.3203230144258669e-09,-1.4589964791866805e-07,0.066261728858055688,0,0,0,2.8400768314895686e-05,-2.917992958373361e-05,-6.7204553033661796e-06,-0.021342557694292316,-0.5940010588078275,0.0717311187711515,-34519.08557561518,-0.021314156925977421,34518.491545376441,0.071724398315848134,0.20823157226154163,0,0,0,0.030845999999999998,0,0,0,20,3.6867777453153394e-07,1,0,4,9.7519841091298076e-09,1.4588638919121877e-07,-0.0011972809611410144
304,5.0833335984498262,1,0.033333335071802139,496.12503051757812,496.12503504753113,496.12503504753113,9.6145384986812132e-09,1.3765288997547032e-07,0.06626390939464373,-0.090897709131240845,-162.29299926757812,-0.057648096233606339,-3.6605882769435993e-06,2.7530577995094063e-05,0.00011428901416365989,0.069361110024639544,-0.53388218285319122,0.12935398419080871,-34714.018480580395,0.0693574494363626,34713.484625928118,0.12946827320497237,0.40926824656185967,0,0,3.9671660000000002,4.0180610000000003,0.090871363878250122,194.99302673339844,0.057765007019042969,20,3.6942378756066319e-07,1,0,4,7.3203230144258669e-09,-1.4589964791866805e-07,-0.0010761040970287718
305,5.1000002659857273,0,0,496.12503051757812,496.12503504753113,496.12503504753113,7.3150578927538845e-09,-1.379688399083534e-07,0.06626390939464373,0,0,0,2.8287070108490298e-05,-2.759376798167068e-05,-6.8768599703616928e-06,0.069361110024639544,-0.53388218285319122,0.12935398419080871,-34746.718483684555,0.069389397094748034,34746.184573907936,0.12934710733083835,0.40926824652877003,0,0,0,0.069452,0,0,0,20,3.6942378756066319e-07,1,0,4,9.6145384986812132e-09,1.3765288997547032e-07,-0.0010761040970287718
306,5.1166669335216284,1,0.033333335071802139,496.12503051757812,496.12503504753113,496.12503504753113,9.6228713886148398e-09,1.3846877777723421e-07,0.06626738177067569,0.001832425594329834,-162.22657775878906,-0.18666481971740723,-3.7969567046047814e-06,2.7693755555446842e-05,0.00011531610653037205,0.067381688685174523,-0.54021475641927175,0.31599797869794161,-34941.651388649778,0.067377891728469919,34941.111201587111,0.31611329480447198,0.32237629752041069,0,0,3.5634070000000002,3.6140279999999998,-0.0018574893474578857,194.92657470703125,0.18677961826324463,20,3.7092183902132092e-07,1,0,4,7.3150578927538845e-09,-1.379688399083534e-07,-0.0010888681647913949
307,5.1333336010575294,0,0,496.12503051757812,496.12503504753113,496.12503504753113,7.3310530979142641e-09,-1.3750907612575247e-07,0.06626738177067569,0,0,0,2.848365170393663e-05,-2.7501815225150494e-05,-7.0293793896780699e-06,0.067381688685174523,-0.54021475641927175,0.31599797869794161,-34974.351391753939,0.06741017233687846,34973.811149495705,0.31599094931855193,0.32237629748658442,0,0,0,0.031009999999999999,0,0,0,20,3.7092183902132092e-07,1,0,4,9.6228713886148398e-09,1.3846877777723421e-07,-0.0010888681647913949
308,5.1500002685934305,1,0.033333335071802139,496.12503051757812,496.12503504753113,496.12503504753113,9.752809226881709e-09,1.453053499744783e-07,0.066269947203243695,-0.097642689943313599,-162.21678161621094,-0.29825004935264587,-3.8136928282028748e-06,2.9061069994895661e-05,0.00011507570434332592,0.16493680189182647,-0.55629645167643238,0.61428733075939523,-35169.284296719161,0.16493298819899826,35168.728029328551,0.61440240646373856,0.42446531293115464,0,0,3.6473529999999998,3.7071230000000002,0.097616672515869141,194.91683959960938,0.29836559295654297,20,3.7101997918398411e-07,1,0,4,7.3310530979142641e-09,-1.3750907612575247e-07,-0.0011212827661944867
309,5.1666669361293316,0,0,496.12503051757812,496.12503504753113,496.12503504753113,7.28234317293186e-09,-1.4822795435520675e-07,0.066269947203243695,0,0,0,2.8499499649115023e-05,-2.964559087104135e-05,-6.7678541881832643e-06,0.16493680189182647,-0.55629645167643238,0.61428733075939523,-35201.984299823322,0.16496530139147558,35201.427973726051,0.61428056290520705,0.42446531289768641,0,0,0,0.031789999999999999,0,0,0,20,3.7101997918398411e-07,1,0,4,9.752809226881709e-09,1.453053499744783e-07,-0.0011212827661944867
310,5.1833336036652327,1,0.033333335071802139,496.12503051757812,496.12503504753113,496.12503504753113,9.6596650678293372e-09,1.4263927994306869e-07,0.066268012181025793,-0.066059589385986328,-162.13862609863281,-0.10556894540786743,-4.2367847896684907e-06,2.8527855988613737e-05,0.00011510545618875767,0.23094271400976504,-0.65055427365267504,0.72013539592791487,-35396.917204788537,0.23093847722497537,35396.266679042739,0.72025050138410363,0.61946022580924776,0,0,3.8586909999999999,3.9083399999999999,0.066034376621246338,194.83866882324219,0.10568106174468994,20,3.7294489629857708e-07,1,0,4,7.28234317293186e-09,-1.4822795435520675e-07,-0.0013112708041237001
311,5.2000002712011337,0,0,496.12503051757812,496.12503504753113,496.12503504753113,7.2668093764605146e-09,-1.4357134148212936e-07,0.066268012181025793,0,0,0,2.850137548193743e-05,-2.8714268296425871e-05,-6.8776415673710289e-06,0.23094271400976504,-0.65055427365267504,0.72013539592791487,-35429.617207892697,0.23097121538524698,35428.966624904773,0.7201285182863475,0.61946022577566617,0,0,0,0.031071000000000001,0,0,0,20,3.7294489629857708e-07,1,0,4,9.6596650678293372e-09,1.4263927994306869e-07,-0.0013112708041237001
312,5.2166669387370348,1,0.033333335071802139,496.12503051757812,496.12503504753113,496.12503504753113,9.5358707596915337e-09,1.3614369720471586e-07,0.066256566467333813,0.12337007373571396,-162.10621643066406,-0.0059167742729187012,-2.9791268119083725e-06,2.7228739440943173e-05,0.00011511467619129689,0.10745053364093565,-0.77731719026711299,0.726194279557004,-35624.55011285792,0.10744755451412374,35623.77282289639,0.72630939423319529,1.2855168533006069,0,0,3.5641020000000001,3.6132170000000001,-0.12339393794536591,194.80618286132812,0.0060282349586486816,20,3.666354757569934e-07,1,0,4,7.2668093764605146e-09,-1.4357134148212936e-07,-0.0015667767908399187
313,5.2333336062729359,0,0,496.12503051757812,496.12503504753113,496.12503504753113,7.2354202629298925e-09,-1.3802703335841215e-07,0.066256566467333813,0,0,0,2.84532802652393e-05,-2.7605406671682431e-05,-7.0084723802210647e-06,0.10745053364093565,-0.77731719026711299,0.726194279557004,-35657.250115962081,0.10747898692120089,35656.472771166409,0.72618727108462378,1.2855168532671428,0,0,0,0.031002999999999999,0,0,0,20,3.666354757569934e-07,1,0,4,9.5358707596915337e-09,1.3614369720471586e-07,-0.0015667767908399187
314,5.2500002738088369,1,0.033333335071802139,496.12503051757812,496.12503504753113,496.12503504753113,9.4773309200490985e-09,1.3451466429614811e-07,0.066241832361334851,0.1771123856306076,-162.22947692871094,0.025054335594177246,-2.2521174258827159e-06,2.6902932859229622e-05,0.00011397229400245124,-0.06996440787932659,-0.78081019986537503,0.70123630319352948,-35852.183020927296,-0.069966659996752473,35851.402237630362,0.70135027548753193,2.0186241381160572,0,0,3.8781020000000002,3.9495619999999998,-0.17713594436645508,194.92947387695312,-0.024943709373474121,20,3.6742670772582642e-07,1,0,4,7.2354202629298925e-09,-1.3802703335841215e-07,-0.0015738173740629108
315,5.266666941344738,0,0,496.12503051757812,496.12503504753113,496.12503504753113,7.2011330232157889e-09,-1.3657185604643018e-07,0.066241832361334851,0,0,0,2.8103573868065723e-05,-2.7314371209286037e-05,-7.0102174731800915e-06,-0.06996440787932659,-0.78081019986537503,0.70123630319352948,-35884.883024031456,-0.069936304305458524,35884.102186517222,0.7012292929760563,2.0186241380832062,0,0,0,0.033026,0,0,0,20,3.6742670772582642e-07,1,0,4,9.4773309200490985e-09,1.3451466429614811e-07,-0.0015738173740629108
316,5.2833336088806391,1,0.033333335071802139,496.12503051757812,496.12503504753113,496.12503504753113,9.5972110258912835e-09,1.4376468016052968e-07,0.066234915181487594,0.44263648986816406,-162.39453125,0.12017697095870972,5.1647586207792529e-08,2.8752936032105936e-05,0.00011415010021664784,-0.51250610349351478,-0.61914490312182535,0.58102708256076741,-36079.815928996679,-0.51250605184592857,36079.196812846494,0.58114123266098405,1.7130026667034077,0,0,3.601108,3.650544,-0.4426569938659668,195.09458923339844,-0.12006348371505737,20,3.5934363040723838e-07,1,0,4,7.2011330232157889e-09,-1.3657185604643018e-07,-0.0012479614197709421
317,5.3000002764165401,0,0,496.12503051757812,496.12503504753113,496.12503504753113,7.2421517671727997e-09,-1.4130354486496799e-07,0.066234915181487594,0,0,0,2.8004609475829056e-05,-2.8260708972993598e-05,-6.7581709117803257e-06,-0.51250610349351478,-0.61914490312182535,0.58102708256076741,-36112.51593210084,-0.51247809888403895,36111.896758937008,0.58102032438985562,1.713002666670445,0,0,0,0.031078000000000001,0,0,0,20,3.5934363040723838e-07,1,0,4,9.5972110258912835e-09,1.4376468016052968e-07,-0.0012479614197709421
318,5.3166669439524412,1,0.033333335071802139,496.12503051757812,496.12503504753113,496.12503504753113,9.5295620283764038e-09,1.3724462633035728e-07,0.066237437532467108,0.35434722900390625,-162.31723022460938,0.096165835857391357,-1.9988327659703486e-08,2.7448925266071456e-05,0.00011433331792432,-0.86704514271877553,-0.53488960028569732,0.48477521155804737,-36307.448837066062,-0.86704516270710319,36306.9139749147,0.48488954487597169,1.2648235492371986,0,0,3.5707260000000001,3.6298979999999998,-0.35436791181564331,195.01718139648438,-0.096052885055541992,20,3.5630603179015452e-07,1,0,4,7.2421517671727997e-09,-1.4130354486496799e-07,-0.0010781346686817616
319,5.3333336114883423,0,0,496.12503051757812,496.12503504753113,496.12503504753113,7.2378423254804147e-09,-1.3750316441019095e-07,0.066237437532467108,0,0,0,2.7784722078649793e-05,-2.750063288203819e-05,-6.9051253603902296e-06,-0.86704514271877553,-0.53488960028569732,0.48477521155804737,-36340.148840170215,-0.86701735799669688,36339.613923069293,0.48476830643268698,1.264823549204118,0,0,0,0.031898000000000003,0,0,0,20,3.5630603179015452e-07,1,0,4,9.5295620283764038e-09,1.3724462633035728e-07,-0.0010781346686817616
320,5.3500002790242434,1,0.033333335071802139,496.12503051757812,496.12503504753113,496.12503504753113,9.6487431378022848e-09,1.4465402387031645e-07,0.066243914367795809,-0.044941078871488571,-162.28256225585938,0.55438029766082764,-6.6133529763590104e-07,2.893080477406329e-05,0.00011397482921893243,-0.82235262880298088,-0.48520662231793615,-0.069372566485840836,-36535.081745135438,-0.82235329013827851,36534.596567443921,-0.069258591656621904,0.96053256157810896,0,0,3.920493,3.9707020000000002,0.044919468462467194,194.98257446289062,-0.55426859855651855,20,3.5916167462346493e-07,1,0,4,7.2378423254804147e-09,-1.3750316441019095e-07,-0.00097799261887973675
321,5.3666669465601444,0,0,496.12503051757812,496.12503504753113,496.12503504753113,7.2270260886853066e-09,-1.453030051834503e-07,0.066243914367795809,0,0,0,2.7983764994132798e-05,-2.9060601036690059e-05,-6.613834102608962e-06,-0.82235262880298088,-0.48520662231793615,-0.069372566485840836,-36567.781748239599,-0.82232464503798675,36567.296512556677,-0.069379180319943445,0.96053256154529487,0,0,0,0.031018,0,0,0,20,3.5916167462346493e-07,1,0,4,9.6487431378022848e-09,1.4465402387031645e-07,-0.00097799261887973675
322,5.3833336140960455,1,0.033333335071802139,496.12503051757812,496.12503504753113,496.12503504753113,9.4644665438181619e-09,1.3424644862425339e-07,0.066249815734470779,-0.086143806576728821,-162.19267272949219,0.07082068920135498,-7.3408101819438798e-07,2.6849289724850678e-05,0.00011411443665565457,-0.73592433065498497,-0.52553105020464419,-0.13994692929088487,-36762.714653204814,-0.73592506473600316,36762.189149003898,-0.13983281485422921,0.67855988086360619,0,0,3.5286040000000001,3.5779209999999999,0.086121037602424622,194.89260864257812,-0.070709168910980225,20,3.6483857002167497e-07,1,0,4,7.2270260886853066e-09,-1.453030051834503e-07,-0.0010592713793495542
323,5.4000002816319466,0,0,496.12503051757812,496.12503504753113,496.12503504753113,7.2348349533513101e-09,-1.3377787411172903e-07,0.066249815734470779,0,0,0,2.7993399953629705e-05,-2.6755574822345807e-05,-6.9725530238429201e-06,-0.73592433065498497,-0.52553105020464419,-0.13994692929088487,-36795.414656308974,-0.73589633725503134,36794.889098503198,-0.13995390184390871,0.67855988083066132,0,0,0,0.034959999999999998,0,0,0,20,3.6483857002167497e-07,1,0,4,9.4644665438181619e-09,1.3424644862425339e-07,-0.0010592713793495542
324,5.4166669491678476,1,0.033333335071802139,496.12503051757812,496.12503504753113,496.12503504753113,9.4165715225358326e-09,1.3090418349293031e-07,0.066249164340852873,-0.0024927428457885981,-162.12564086914062,-0.58461618423461914,-1.0510908587946233e-06,2.6180836698586063e-05,0.00011476078043415328,-0.73349451775268915,-0.6327120626101338,0.44466911685576371,-36990.347561274197,-0.73349556884354794,36989.714875392427,0.44478387763619787,0.64866279226510648,0,0,3.6796389999999999,3.7295120000000002,0.0024706721305847168,194.82574462890625,0.58472806215286255,20,3.5847455137627549e-07,1,0,4,7.2348349533513101e-09,-1.3377787411172903e-07,-0.0012753076702721059
325,5.4333336167037487,0,0,496.12503051757812,496.12503504753113,496.12503504753113,7.1850001504003558e-09,-1.3389428943355597e-07,0.066249164340852873,0,0,0,2.7925551648877445e-05,-2.6778857886711194e-05,-7.0989699452184141e-06,-0.73349451775268915,-0.6327120626101338,0.44466911685576371,-37023.047564378357,-0.73346659220104027,37022.414825536893,0.44466201788581849,0.64866279223189249,0,0,0,0.031362000000000001,0,0,0,20,3.5847455137627549e-07,1,0,4,9.4165715225358326e-09,1.3090418349293031e-07,-0.0012753076702721059
326,5.4500002842396498,1,0.033333335071802139,496.12503051757812,496.12503504753113,496.12503504753113,9.4672083505997762e-09,1.3693248490653787e-07,0.066239347212574115,-0.020362606272101402,-162.1138916015625,-0.36580497026443481,-4.0227141617776851e-07,2.7386496981307573e-05,0.00011452922308308189,-0.71306045581239874,-0.75167560048401194,0.81057349132897205,-37217.980469343573,-0.71306085808381492,37217.228821129589,0.81068802055205513,0.74370324739183769,0,0,3.8228390000000001,3.8724980000000002,0.020340397953987122,194.81396484375,0.36591732501983643,20,3.5737826920012594e-07,1,0,4,7.1850001504003558e-09,-1.3389428943355597e-07,-0.0015150930660292074
327,5.4666669517755508,0,0,496.12503051757812,496.12503504753113,496.12503504753113,7.1888281993892633e-09,-1.3670280907263077e-07,0.066239347212574115,0,0,0,2.8123776019128854e-05,-2.7340561814526154e-05,-6.9214280529195094e-06,-0.71306045581239874,-0.75167560048401194,0.81057349132897205,-37250.680472447733,-0.71303233203637961,37249.928769506689,0.81056656990091913,0.74370324735864179,0,0,0,0.031029000000000001,0,0,0,20,3.5737826920012594e-07,1,0,4,9.4672083505997762e-09,1.3693248490653787e-07,-0.0015150930660292074
328,5.4833336193114519,1,0.033333335071802139,496.12503051757812,496.12503504753113,496.12503504753113,9.4862135924245194e-09,1.3784310226583329e-07,0.066223710015112056,0.073982633650302887,-162.16949462890625,0.066802501678466797,5.7136957387626808e-07,2.7568620453166659e-05,0.00011429273172325338,-0.78698442598405616,-0.81505930778387825,0.74377594343799935,-37445.613377412956,-0.78698385461448228,37444.798345673793,0.74389023616972261,0.75854047280828152,0,0,3.613893,3.6623320000000001,-0.074004516005516052,194.8695068359375,-0.066690444946289062,20,3.6000591308038565e-07,1,0,4,7.1888281993892633e-09,-1.3670280907263077e-07,-0.0016428505925039476
329,5.500000286847353,0,0,496.12503051757812,496.12503504753113,496.12503504753113,7.2107049220448971e-09,-1.3653051667006366e-07,0.066223710015112056,0,0,0,2.7771318400482414e-05,-2.7306103334012732e-05,-6.8465908498183126e-06,-0.78698442598405616,-0.81505930778387825,0.74377594343799935,-37478.313380517116,-0.78695665466565567,37477.498293903227,0.74376909684714954,0.75854047277528658,0,0,0,0.031293000000000001,0,0,0,20,3.6000591308038565e-07,1,0,4,9.4862135924245194e-09,1.3784310226583329e-07,-0.0016428505925039476
330,5.5166669543832541,1,0.033333335071802139,496.12503051757812,496.12503504753113,496.12503504753113,9.4711234410738143e-09,1.35625100483594e-07,0.066204788277343829,0.090447165071964264,-162.19053649902344,0.32103231549263,1.2612022537439316e-06,2.7125020096718799e-05,0.00011542402944542118,-0.87743945400109846,-0.8574558673877446,0.42278442038036851,-37673.246285482339,-0.87743819279884472,37672.38885673997,0.42289984440981393,0.63360251003004631,0,0,3.9637069999999999,4.0231079999999997,-0.090466111898422241,194.89054870605469,-0.32091915607452393,20,3.6303623573985533e-07,1,0,4,7.2107049220448971e-09,-1.3653051667006366e-07,-0.0017283059850136291
331,5.5333336219191551,0,0,496.12503051757812,496.12503504753113,496.12503504753113,7.2770505177288669e-09,-1.3164437007162633e-07,0.066204788277343829,0,0,0,2.7848625450133113e-05,-2.6328874014325265e-05,-6.9314836537159863e-06,-0.87743945400109846,-0.8574558673877446,0.42278442038036851,-37705.9462885865,-0.87741160537564833,37705.088806390238,0.42277748889671479,0.63360250999630763,0,0,0,0.031310999999999999,0,0,0,20,3.6303623573985533e-07,1,0,4,9.4711234410738143e-09,1.35625100483594e-07,-0.0017283059850136291
332,5.5500002894550562,1,0.033333335071802139,496.12503051757812,496.12503504753113,496.12503504753113,9.4939043293607028e-09,1.3301124113240803e-07,0.066184139728140676,-0.33363670110702515,-162.22090148925781,0.33916646242141724,2.6127120023033967e-06,2.6602248226481606e-05,0.00011563540738279698,-0.54383124238960845,-0.86950281518513262,0.083644816691171145,-37900.879193551715,-0.54382862967760615,37900.009717338777,0.083760452098553942,0.47789051972862784,0,0,3.524724,3.5742389999999999,0.3336184024810791,194.92086791992188,-0.33905273675918579,20,3.6363985600473825e-07,1,0,4,7.2770505177288669e-09,-1.3164437007162633e-07,-0.0017525880650264506
333,5.5666669569909573,0,0,496.12503051757812,496.12503504753113,496.12503504753113,7.225301246194249e-09,-1.3611618498998723e-07,0.066184139728140676,0,0,0,2.7676355784933548e-05,-2.7223236997997446e-05,-6.7924418090115068e-06,-0.54383124238960845,-0.86950281518513262,0.083644816691171145,-37933.579196655875,-0.54380356603382352,37932.709666617455,0.083638024249362133,0.47789051969490243,0,0,0,0.030917,0,0,0,20,3.6363985600473825e-07,1,0,4,9.4939043293607028e-09,1.3301124113240803e-07,-0.0017525880650264506
334,5.5833336245268583,1,0.033333335071802139,496.12503051757812,496.12503504753113,496.12503504753113,9.6793222326141404e-09,1.4724125207976613e-07,0.066163232182564369,-0.67154431343078613,-162.231201171875,0.36485198140144348,4.1072414802556523e-06,2.9448250415953225e-05,0.0001149100739894493,0.12773902881379193,-0.87120065366660726,-0.28133149016918396,-38128.512101621091,0.12774313605527218,38127.640930415677,-0.28121658009519451,0.41296917261699145,0,0,3.7112020000000001,3.760961,0.67152750492095947,194.93124389648438,-0.36473876237869263,20,3.5367423834031797e-07,1,0,4,7.225301246194249e-09,-1.3611618498998723e-07,-0.0017560102637899377
335,5.6000002920627594,0,0,496.12503051757812,496.12503504753113,496.12503504753113,7.2343606660751902e-09,-1.4669770109776437e-07,0.066163232182564369,0,0,0,2.7446122885521618e-05,-2.9339540219552873e-05,-6.286003895183967e-06,0.12773902881379193,-0.87120065366660726,-0.28133149016918396,-38161.212104725251,0.12776647493667745,38160.340874732043,-0.28133777617307915,0.41296917258348886,0,0,0,0.037621000000000002,0,0,0,20,3.5367423834031797e-07,1,0,4,9.6793222326141404e-09,1.4724125207976613e-07,-0.0017560102637899377
336,5.6166669595986605,1,0.033333335071802139,496.12503051757812,496.12503504753113,496.12503504753113,9.573713377619697e-09,1.4036113782367465e-07,0.066142856821316459,-0.39942702651023865,-162.24398803710938,0.34952408075332642,3.150964644760279e-06,2.8072227564734931e-05,0.00011566320381461992,0.52685726067672578,-0.86005768454432474,-0.63087638115749223,-38356.145009690474,0.52686041164137054,38355.284980078155,-0.63076071795367761,0.40950922279165564,0,0,3.8293460000000001,3.8792949999999999,0.39940920472145081,194.94406127929688,-0.34941083192825317,20,3.5802739262180694e-07,1,0,4,7.2343606660751902e-09,-1.4669770109776437e-07,-0.0017335502621066625
337,5.6333336271345615,0,0,496.12503051757812,496.12503504753113,496.12503504753113,7.2218453439631958e-09,-1.4111206780853536e-07,0.066142856821316459,0,0,0,2.7711587335943477e-05,-2.8222413561707071e-05,-6.6656923536356771e-06,0.52685726067672578,-0.86005768454432474,-0.63087638115749223,-38388.845012794634,0.52688497226406172,38387.984926887679,-0.63088304684984586,0.40950922275787127,0,0,0,0.030851,0,0,0,20,3.5802739262180694e-07,1,0,4,9.573713377619697e-09,1.4036113782367465e-07,-0.0017335502621066625
338,5.6500002946704626,1,0.033333335071802139,496.12503051757812,496.12503504753113,496.12503504753113,9.5635321883946744e-09,1.405012142186024e-07,0.066125305179430521,-0.1992625892162323,-162.27401733398438,0.28106570243835449,2.1562089003168694e-06,2.810024284372048e-05,0.00011581938679228188,0.72590412672512517,-0.81888100677495368,-0.91181697744293122,-38583.777917759857,0.72590628293402548,38582.959064853327,-0.91170115805613894,0.39481848626516214,0,0,3.5764860000000001,3.6251190000000002,0.19924440979957581,194.97406005859375,-0.28095179796218872,20,3.5892043115381966e-07,1,0,4,7.2218453439631958e-09,-1.4111206780853536e-07,-0.0016505536889435564
339,5.6666669622063637,0,0,496.12503051757812,496.12503504753113,496.12503504753113,7.228579956830572e-09,-1.4009712856477563e-07,0.066125305179430521,0,0,0,2.7882299491466256e-05,-2.8019425712955126e-05,-6.7621357402458671e-06,0.72590412672512517,-0.81888100677495368,-0.91181697744293122,-38616.477920864018,0.72593200902461663,38615.659011837815,-0.91182373957867147,0.39481848623123378,0,0,0,0.030800999999999999,0,0,0,20,3.5892043115381966e-07,1,0,4,9.5635321883946744e-09,1.405012142186024e-07,-0.0016505536889435564
340,5.6833336297422647,1,0.033333335071802139,496.12503051757812,496.12503504753113,496.12503504753113,9.408360313045705e-09,1.3078684446554689e-07,0.06611090295371555,-0.11090008169412613,-162.27420043945312,0.19190520048141479,1.4176729123960286e-06,2.6157368893109378e-05,0.00011672707387333503,0.83685501710864274,-0.77742091939966651,-1.103718002788729,-38811.410825829233,0.83685643478155514,38810.633431067203,-1.1036012757148557,0.37768335517040263,0,0,3.957252,4.0071969999999997,0.11088167130947113,194.97439575195312,-0.19179213047027588,20,3.574640459191869e-07,1,0,4,7.228579956830572e-09,-1.4009712856477563e-07,-0.0015669858694495953
341,5.7000002972781658,0,0,496.12503051757812,496.12503504753113,496.12503504753113,7.2325319067090277e-09,-1.305496937220596e-07,0.06611090295371555,0,0,0,2.8137435492681107e-05,-2.610993874441192e-05,-7.0775598715044907e-06,0.83685501710864274,-0.77742091939966651,-1.103718002788729,-38844.110828933393,0.83688315454413542,38843.333381904056,-1.1037250803486005,0.37768335513603996,0,0,0,0.031223999999999998,0,0,0,20,3.574640459191869e-07,1,0,4,9.408360313045705e-09,1.3078684446554689e-07,-0.0015669858694495953
342,5.7166669648140669,1,0.033333335071802139,496.12503051757812,496.12503504753113,496.12503504753113,9.4729557531536557e-09,1.3442542012853664e-07,0.066100381416122941,-0.041125636547803879,-162.29377746582031,0.090004086494445801,2.6100806849171931e-06,2.6885084025707329e-05,0.00011597251159400912,0.87782971319193459,-0.71649795388011328,-1.193487669794695,-39039.043733898616,0.87783232327261951,39038.327262829822,-1.193371697283101,0.37718950796597178,0,0,3.5704940000000001,3.6196350000000002,0.041107431054115295,194.99383544921875,-0.089888930320739746,20,3.577328016035608e-07,1,0,4,7.2325319067090277e-09,-1.305496937220596e-07,-0.0014441882655880677
343,5.733333632349968,0,0,496.12503051757812,496.12503504753113,496.12503504753113,7.2545023321879398e-09,-1.3310719282344508e-07,0.066100381416122941,0,0,0,2.7813746328320121e-05,-2.6621438564689015e-05,-6.8774966166529339e-06,0.87782971319193459,-0.71649795388011328,-1.193487669794695,-39071.743737002776,0.87785752693826291,39071.027212427456,-1.1934945472913117,0.37718950793194728,0,0,0,0.031975000000000003,0,0,0,20,3.577328016035608e-07,1,0,4,9.4729557531536557e-09,1.3442542012853664e-07,-0.0014441882655880677
344,5.750000299885869,1,0.033333335071802139,496.12503051757812,496.12503504753113,496.12503504753113,9.4773664471858865e-09,1.3337186999251571e-07,0.066094110764208291,-0.1605813056230545,-162.30450439453125,-0.097957432270050049,3.1841647540886697e-06,2.6674373998503143e-05,0.00011605925465119071,1.0384567422935189,-0.64479841584258268,-1.0954609416924048,-39266.676641967992,1.038459926458273,39266.031870226521,-1.0953448824377536,0.39613058947934965,0,0,3.7115019999999999,3.765479,0.16056346893310547,195.00459289550781,0.098070442676544189,20,3.5741942383538117e-07,1,0,4,7.2545023321879398e-09,-1.3310719282344508e-07,-0.0012996691767042314
345,5.7666669674217701,0,0,496.12503051757812,496.12503504753113,496.12503504753113,7.2423906871676991e-09,-1.3409855625923228e-07,0.066094110764208291,0,0,0,2.7715782380255405e-05,-2.6819711251846456e-05,-6.8215371129554114e-06,1.0384567422935189,-0.64479841584258268,-1.0954609416924048,-39299.376645072152,1.0384844580758992,39298.731819836597,-1.0954677632295178,0.3961305894454098,0,0,0,0.031365999999999998,0,0,0,20,3.5741942383538117e-07,1,0,4,9.4773664471858865e-09,1.3337186999251571e-07,-0.0012996691767042314
346,5.7833336349576712,1,0.033333335071802139,496.12503051757812,496.12503504753113,496.12503504753113,9.4274890116707866e-09,1.3110589236475789e-07,0.066093734991388278,-0.028229396790266037,-162.30351257324219,-0.05489271879196167,3.076877419516677e-06,2.6221178472951578e-05,0.00011613242349994835,1.0668947215329097,-0.57416141117589214,-1.0405276866234179,-39494.309550037367,1.0668977984103292,39493.735414847368,-1.0404115541999179,0.4858588647289282,0,0,3.8754330000000001,3.927524,0.028212219476699829,195.00352478027344,0.055005729198455811,20,3.5863814673575689e-07,1,0,4,7.2423906871676991e-09,-1.3409855625923228e-07,-0.001157291752311763
347,5.8000003024935722,0,0,496.12503051757812,496.12503504753113,496.12503504753113,7.2449086729875489e-09,-1.3095480255742586e-07,0.066093734991388278,0,0,0,2.7855935513798613e-05,-2.6190960511485173e-05,-7.0346828806577832e-06,1.0668947215329097,-0.57416141117589214,-1.0405276866234179,-39527.009553141528,1.0669225774684234,39526.435365539393,-1.0405347213062985,0.48585886469489636,0,0,0,0.030932999999999999,0,0,0,20,3.5863814673575689e-07,1,0,4,9.4274890116707866e-09,1.3110589236475789e-07,-0.001157291752311763
348,5.8166669700294733,1,0.033333335071802139,496.12503051757812,496.12503504753113,496.12503504753113,9.4545349327290751e-09,1.3257758268991893e-07,0.066094967023450496,-0.23362793028354645,-162.28529357910156,-0.65285402536392212,3.5921409846650931e-06,2.6515516537983785e-05,0.00011751944839488715,1.3005664776320445,-0.52179501065960954,-0.38750414282796991,-39721.942458106751,1.3005700697730291,39721.420689611608,-0.38738662337957502,1.1418699974489805,0,0,3.647983,3.6969609999999999,0.23361143469810486,194.98530578613281,0.65296941995620728,20,3.5710041856873431e-07,1,0,4,7.2449086729875489e-09,-1.3095480255742586e-07,-0.0010517409398814537
349,5.8333336375653744,0,0,496.12503051757812,496.12503504753113,496.12503504753113,7.302435989231526e-09,-1.2912592239899823e-07,0.066094967023450496,0,0,0,2.8072673785572988e-05,-2.5825184479799645e-05,-7.0889342396185384e-06,1.3005664776320445,-0.52179501065960954,-0.38750414282796991,-39754.642461210911,1.30059455030583,39754.120640375069,-0.38751123176220953,1.1418699974141142,0,0,0,0.030880000000000001,0,0,0,20,3.5710041856873431e-07,1,0,4,9.4545349327290751e-09,1.3257758268991893e-07,-0.0010517409398814537
350,5.8500003051012754,1,0.033333335071802139,496.12503051757812,496.12503504753113,496.12503504753113,9.4500958169874139e-09,1.2885955413821648e-07,0.066113324037619992,-0.67105728387832642,-162.48042297363281,-0.93200975656509399,2.9816135338478489e-06,2.5771910827643296e-05,0.00011742598644559621,1.9716748253588585,-0.27423657208171248,0.5446205494233427,-39949.575366176134,1.9716778069723924,39949.301155375964,0.5447379754097883,1.0640857534840618,0,0,4.0342260000000003,4.0850910000000002,0.67104065418243408,195.18048095703125,0.93212556838989258,20,3.5760993455369317e-07,1,0,4,7.302435989231526e-09,-1.2912592239899823e-07,-0.00055275697195050701
351,5.8666669726371765,0,0,496.12503051757812,496.12503504753113,496.12503504753113,7.2833188369259005e-09,-1.3000659748740873e-07,0.066113324037619992,0,0,0,2.7985714723399724e-05,-2.6001319497481745e-05,-7.1195358941622544e-06,1.9716748253588585,-0.27423657208171248,0.5446205494233427,-39982.275369280294,1.9717028110735819,39982.001106706892,0.54461342988744854,1.0640857534493842,0,0,0,0.031269999999999999,0,0,0,20,3.5760993455369317e-07,1,0,4,9.4500958169874139e-09,1.2885955413821648e-07,-0.00055275697195050701
352,5.8833336401730776,1,0.033333335071802139,496.12503051757812,496.12503504753113,496.12503504753113,9.4542800255226211e-09,1.302576606576622e-07,0.066132367721625743,0.77457267045974731,-162.13906860351562,0.17035159468650818,1.0347266155008583e-06,2.605153213153244e-05,0.00011569436537683941,1.1969674855850947,-0.36810541785248957,0.37433057328516367,-40177.20827424551,1.1969685203117102,40176.840194879187,0.37444626765054051,0.57729532352113,0,0,3.6622479999999999,3.713714,-0.77459269762039185,194.83901977539062,-0.17023855447769165,20,3.5532633546608849e-07,1,0,4,7.2833188369259005e-09,-1.3000659748740873e-07,-0.00074196098130227051
353,5.9000003077089787,0,0,496.12503051757812,496.12503504753113,496.12503504753113,7.3243295872771341e-09,-1.2779703695287026e-07,0.066132367721625743,0,0,0,2.8004518526358879e-05,-2.5559407390574052e-05,-7.1601107265450992e-06,1.1969674855850947,-0.36810541785248957,0.37433057328516367,-40209.90827734967,1.1969954901036211,40209.540146372412,0.37432341317443713,0.57729532348710333,0,0,0,0.031001000000000001,0,0,0,20,3.5532633546608849e-07,1,0,4,9.4542800255226211e-09,1.302576606576622e-07,-0.00074196098130227051
354,5.9166669752448797,1,0.033333335071802139,496.12503051757812,496.12503504753113,496.12503504753113,9.5931182997333053e-09,1.3612732630008395e-07,0.066135708622786463,0.86857116222381592,-161.98103332519531,0.14956742525100708,1.0264451510977324e-06,2.722546526001679e-05,0.00011651188742689556,0.32841612427697853,-0.61996279001677168,0.22460060585257705,-40404.841182314893,0.32841715072212962,40404.221246750341,0.22471711774000394,0.47908954985468599,0,0,3.5568900000000001,3.608616,-0.86859065294265747,194.68107604980469,-0.149452805519104,20,3.5868097825186851e-07,1,0,4,7.3243295872771341e-09,-1.2779703695287026e-07,-0.0012496099697072863
355,5.9333336427807808,0,0,496.12503051757812,496.12503504753113,496.12503504753113,7.2933947770081886e-09,-1.3798340603443648e-07,0.066135708622786463,0,0,0,2.8161952059235773e-05,-2.7596681206887297e-05,-6.9698927518402343e-06,0.32841612427697853,-0.61996279001677168,0.22460060585257705,-40437.541185419053,0.32844428622903776,40436.921195032359,0.22459363595982521,0.47908954982054097,0,0,0,0.032622999999999999,0,0,0,20,3.5868097825186851e-07,1,0,4,9.5931182997333053e-09,1.3612732630008395e-07,-0.0012496099697072863
356,5.9500003103166819,1,0.033333335071802139,496.12503051757812,496.12503504753113,496.12503504753113,9.4988878984736402e-09,1.3232957485342922e-07,0.066125301732903458,0.10253646969795227,-162.08934020996094,0.0075609683990478516,3.3361718720925637e-06,2.6465914970685844e-05,0.00011712463674484752,0.22598764031653826,-0.76354366772528182,0.21700112540205457,-40632.474090384276,0.22599097648841035,40631.710573182463,0.21711825003879942,0.5223188078280292,0,0,3.9809619999999999,4.0319320000000003,-0.10255399346351624,194.78933715820312,-0.0074457526206970215,20,3.585319632293249e-07,1,0,4,7.2933947770081886e-09,-1.3798340603443648e-07,-0.0015390145906507837
357,5.9666669778525829,0,0,496.12503051757812,496.12503504753113,496.12503504753113,7.2944796869478523e-09,-1.322644891388336e-07,0.066125301732903458,0,0,0,2.7763110210798914e-05,-2.6452897827766719e-05,-7.0738138902015635e-06,0.22598764031653826,-0.76354366772528182,0.21700112540205457,-40665.174093488436,0.22601540342674906,40664.410523367813,0.21699405158816437,0.5223188077933234,0,0,0,0.032316999999999999,0,0,0,20,3.585319632293249e-07,1,0,4,9.4988878984736402e-09,1.3232957485342922e-07,-0.0015390145906507837
358,5.983333645388484,1,0.033333335071802139,496.12503051757812,496.12503504753113,496.12503504753113,9.5458201343490146e-09,1.3508041263321502e-07,0.066115178066451549,-0.10231971740722656,-162.299072265625,-0.12281465530395508,4.3652928383153267e-06,2.7016082526643004e-05,0.00011766049965444836,0.32820681951487635,-0.69736164396238876,0.33986105888695489,-40860.106998453652,0.32821118480771466,40859.409663825769,0.33997871938660934,0.44825582555512267,0,0,3.6357719999999998,3.68634,0.10230335593223572,194.99913024902344,0.12292969226837158,20,3.5753544125327608e-07,1,0,4,7.2944796869478523e-09,-1.322644891388336e-07,-0.0014056167189700037
359,6.0000003129243851,0,0,496.12503051757812,496.12503504753113,496.12503504753113,7.2412853491243823e-09,-1.382720853371211e-07,0.066115178066451549,0,0,0,2.7895691800949862e-05,-2.765441706742422e-05,-6.9630146981580765e-06,0.32820681951487635,-0.69736164396238876,0.33986105888695489,-40892.807001557812,0.3282347152066773,40892.109612259432,0.33985409587225673,0.44825582552019305,0,0,0,0.031244000000000001,0,0,0,20,3.5753544125327608e-07,1,0,4,9.5458201343490146e-09,1.3508041263321502e-07,-0.0014056167189700037
