name,quantity,actual,expected,error,tolerance,status
"random_fluid_1_openFalse",constraint_residual,2.3494556460653508e-15,0,2.3494556460653508e-15,1.0000000000000001e-09,PASS
"random_fluid_1_openFalse",impulse_residual,3.784531810603313e-16,0,3.784531810603313e-16,1.0000000000000001e-09,PASS
"random_fluid_1_openFalse",energy_identity_residual,4.1080458516098038e-16,0,4.1080458516098038e-16,1.0000000000000001e-09,PASS
"random_fluid_1_openFalse",momentum_budget_residual,3.3717955458421412e-16,0,3.3717955458421412e-16,1.0000000000000001e-09,PASS
"random_fluid_1_openFalse",mass_partition_error,0,0,0,1.0000000000000001e-09,PASS
"random_fluid_1_openFalse",normal_closure,0,0,0,9.9999999999999998e-13,PASS
"random_fluid_1_openFalse",moment_closure,0,0,0,9.9999999999999998e-13,PASS
"random_fluid_1_openFalse",gauge_count,1,1,0,0.5,PASS
"random_fluid_1_openFalse",idempotence_error,7.5486492057130698e-15,0,7.5486492057130698e-15,1.0000000000000001e-09,PASS
"random_fluid_1_openTrue",constraint_residual,2.5184493627042123e-15,0,2.5184493627042123e-15,1.0000000000000001e-09,PASS
"random_fluid_1_openTrue",impulse_residual,5.793863158516006e-16,0,5.793863158516006e-16,1.0000000000000001e-09,PASS
"random_fluid_1_openTrue",energy_identity_residual,0,0,0,1.0000000000000001e-09,PASS
"random_fluid_1_openTrue",momentum_budget_residual,3.3056156096391748e-16,0,3.3056156096391748e-16,1.0000000000000001e-09,PASS
"random_fluid_1_openTrue",mass_partition_error,0,0,0,1.0000000000000001e-09,PASS
"random_fluid_1_openTrue",normal_closure,0,0,0,9.9999999999999998e-13,PASS
"random_fluid_1_openTrue",moment_closure,0,0,0,9.9999999999999998e-13,PASS
"random_fluid_1_openTrue",gauge_count,0,0,0,0.5,PASS
"random_fluid_1_openTrue",idempotence_error,5.1070259132757201e-15,0,5.1070259132757201e-15,1.0000000000000001e-09,PASS
"random_fluid_1000_openFalse",constraint_residual,2.648130879581892e-15,0,2.648130879581892e-15,1.0000000000000001e-09,PASS
"random_fluid_1000_openFalse",impulse_residual,4.268162978387927e-15,0,4.268162978387927e-15,1.0000000000000001e-09,PASS
"random_fluid_1000_openFalse",energy_identity_residual,5.8662416710685509e-17,0,5.8662416710685509e-17,1.0000000000000001e-09,PASS
"random_fluid_1000_openFalse",momentum_budget_residual,9.9647827433261291e-15,0,9.9647827433261291e-15,1.0000000000000001e-09,PASS
"random_fluid_1000_openFalse",mass_partition_error,5.9039849350309705e-16,0,5.9039849350309705e-16,1.0000000000000001e-09,PASS
"random_fluid_1000_openFalse",normal_closure,0,0,0,9.9999999999999998e-13,PASS
"random_fluid_1000_openFalse",moment_closure,0,0,0,9.9999999999999998e-13,PASS
"random_fluid_1000_openFalse",gauge_count,1,1,0,0.5,PASS
"random_fluid_1000_openFalse",idempotence_error,8.4376949871511897e-15,0,8.4376949871511897e-15,1.0000000000000001e-09,PASS
"random_fluid_1000_openTrue",constraint_residual,3.7996682515486247e-15,0,3.7996682515486247e-15,1.0000000000000001e-09,PASS
"random_fluid_1000_openTrue",impulse_residual,5.485726028362111e-15,0,5.485726028362111e-15,1.0000000000000001e-09,PASS
"random_fluid_1000_openTrue",energy_identity_residual,1.2142404343833312e-15,0,1.2142404343833312e-15,1.0000000000000001e-09,PASS
"random_fluid_1000_openTrue",momentum_budget_residual,2.6356954996281971e-15,0,2.6356954996281971e-15,1.0000000000000001e-09,PASS
"random_fluid_1000_openTrue",mass_partition_error,5.9039849350309705e-16,0,5.9039849350309705e-16,1.0000000000000001e-09,PASS
"random_fluid_1000_openTrue",normal_closure,0,0,0,9.9999999999999998e-13,PASS
"random_fluid_1000_openTrue",moment_closure,0,0,0,9.9999999999999998e-13,PASS
"random_fluid_1000_openTrue",gauge_count,0,0,0,0.5,PASS
"random_fluid_1000_openTrue",idempotence_error,1.0325074129013956e-14,0,1.0325074129013956e-14,1.0000000000000001e-09,PASS
"random_fluid_1e+06_openFalse",constraint_residual,1.9560270675372114e-15,0,1.9560270675372114e-15,1.0000000000000001e-09,PASS
"random_fluid_1e+06_openFalse",impulse_residual,3.3509254118265327e-15,0,3.3509254118265327e-15,1.0000000000000001e-09,PASS
"random_fluid_1e+06_openFalse",energy_identity_residual,7.2173239643096652e-16,0,7.2173239643096652e-16,1.0000000000000001e-09,PASS
"random_fluid_1e+06_openFalse",momentum_budget_residual,4.8673835340986286e-15,0,4.8673835340986286e-15,1.0000000000000001e-09,PASS
"random_fluid_1e+06_openFalse",mass_partition_error,4.8417603905445725e-16,0,4.8417603905445725e-16,1.0000000000000001e-09,PASS
"random_fluid_1e+06_openFalse",normal_closure,0,0,0,9.9999999999999998e-13,PASS
"random_fluid_1e+06_openFalse",moment_closure,0,0,0,9.9999999999999998e-13,PASS
"random_fluid_1e+06_openFalse",gauge_count,1,1,0,0.5,PASS
"random_fluid_1e+06_openFalse",idempotence_error,6.4402449151838289e-15,0,6.4402449151838289e-15,1.0000000000000001e-09,PASS
"random_fluid_1e+06_openTrue",constraint_residual,3.0919808777362678e-15,0,3.0919808777362678e-15,1.0000000000000001e-09,PASS
"random_fluid_1e+06_openTrue",impulse_residual,3.9986671841460846e-15,0,3.9986671841460846e-15,1.0000000000000001e-09,PASS
"random_fluid_1e+06_openTrue",energy_identity_residual,1.8670763554254901e-15,0,1.8670763554254901e-15,1.0000000000000001e-09,PASS
"random_fluid_1e+06_openTrue",momentum_budget_residual,5.6514717213929438e-15,0,5.6514717213929438e-15,1.0000000000000001e-09,PASS
"random_fluid_1e+06_openTrue",mass_partition_error,4.8417603905445725e-16,0,4.8417603905445725e-16,1.0000000000000001e-09,PASS
"random_fluid_1e+06_openTrue",normal_closure,0,0,0,9.9999999999999998e-13,PASS
"random_fluid_1e+06_openTrue",moment_closure,0,0,0,9.9999999999999998e-13,PASS
"random_fluid_1e+06_openTrue",gauge_count,0,0,0,0.5,PASS
"random_fluid_1e+06_openTrue",idempotence_error,1.1088352458443751e-14,0,1.1088352458443751e-14,1.0000000000000001e-09,PASS
"sharp_density_jump_1.0",constraint_residual,5.7162714744743574e-16,0,5.7162714744743574e-16,1.0000000000000001e-09,PASS
"sharp_density_jump_1.0",impulse_residual,3.0375203718181935e-16,0,3.0375203718181935e-16,1.0000000000000001e-09,PASS
"sharp_density_jump_1.0",energy_identity_residual,4.5102810375396984e-17,0,4.5102810375396984e-17,1.0000000000000001e-09,PASS
"sharp_density_jump_1.0",momentum_budget_residual,3.2397318405966724e-16,0,3.2397318405966724e-16,1.0000000000000001e-09,PASS
"sharp_density_jump_1.0",mass_partition_error,1.5210055437364452e-14,0,1.5210055437364452e-14,1.0000000000000001e-09,PASS
"sharp_density_jump_1.0",normal_closure,0,0,0,9.9999999999999998e-13,PASS
"sharp_density_jump_1.0",moment_closure,0,0,0,9.9999999999999998e-13,PASS
"sharp_density_jump_1.0",hydro_pressure_relative_error,1.1525889344865338e-14,0,1.1525889344865338e-14,1.0000000000000001e-09,PASS
"sharp_density_jump_1.0",equilibrium_speed,1.5543122344752192e-15,0,1.5543122344752192e-15,1e-08,PASS
"sharp_density_jump_1000.0",constraint_residual,4.1751702517505079e-15,0,4.1751702517505079e-15,1.0000000000000001e-09,PASS
"sharp_density_jump_1000.0",impulse_residual,2.1133304946516921e-14,0,2.1133304946516921e-14,1.0000000000000001e-09,PASS
"sharp_density_jump_1000.0",energy_identity_residual,9.219940631130657e-16,0,9.219940631130657e-16,1.0000000000000001e-09,PASS
"sharp_density_jump_1000.0",momentum_budget_residual,3.8157552985451397e-15,0,3.8157552985451397e-15,1.0000000000000001e-09,PASS
"sharp_density_jump_1000.0",mass_partition_error,1.5105244172802322e-14,0,1.5105244172802322e-14,1.0000000000000001e-09,PASS
"sharp_density_jump_1000.0",normal_closure,0,0,0,9.9999999999999998e-13,PASS
"sharp_density_jump_1000.0",moment_closure,0,0,0,9.9999999999999998e-13,PASS
"sharp_density_jump_1000.0",hydro_pressure_relative_error,6.8699744532857815e-15,0,6.8699744532857815e-15,1.0000000000000001e-09,PASS
"sharp_density_jump_1000.0",equilibrium_speed,1.2901744125340581e-14,0,1.2901744125340581e-14,1e-08,PASS
"sharp_density_jump_1000000.0",constraint_residual,1.3980001740620012e-13,0,1.3980001740620012e-13,1.0000000000000001e-09,PASS
"sharp_density_jump_1000000.0",impulse_residual,1.8845643663963056e-14,0,1.8845643663963056e-14,1.0000000000000001e-09,PASS
"sharp_density_jump_1000000.0",energy_identity_residual,7.1824947408731582e-15,0,7.1824947408731582e-15,1.0000000000000001e-09,PASS
"sharp_density_jump_1000000.0",momentum_budget_residual,3.9846317614425441e-15,0,3.9846317614425441e-15,1.0000000000000001e-09,PASS
"sharp_density_jump_1000000.0",mass_partition_error,1.1641520541172816e-14,0,1.1641520541172816e-14,1.0000000000000001e-09,PASS
"sharp_density_jump_1000000.0",normal_closure,0,0,0,9.9999999999999998e-13,PASS
"sharp_density_jump_1000000.0",moment_closure,0,0,0,9.9999999999999998e-13,PASS
"sharp_density_jump_1000000.0",hydro_pressure_relative_error,1.2427977429568955e-14,0,1.2427977429568955e-14,1.0000000000000001e-09,PASS
"sharp_density_jump_1000000.0",equilibrium_speed,2.6672957615545638e-13,0,2.6672957615545638e-13,1e-08,PASS
"submerged_free_density_ratio_0.001",constraint_residual,5.7092365041469095e-15,0,5.7092365041469095e-15,1.0000000000000001e-09,PASS
"submerged_free_density_ratio_0.001",impulse_residual,2.0803410716781692e-14,0,2.0803410716781692e-14,1.0000000000000001e-09,PASS
"submerged_free_density_ratio_0.001",energy_identity_residual,1.952228571499059e-16,0,1.952228571499059e-16,1.0000000000000001e-09,PASS
"submerged_free_density_ratio_0.001",momentum_budget_residual,2.1061824753637775e-15,0,2.1061824753637775e-15,1.0000000000000001e-09,PASS
"submerged_free_density_ratio_0.001",mass_partition_error,1.5151119282678834e-14,0,1.5151119282678834e-14,1.0000000000000001e-09,PASS
"submerged_free_density_ratio_0.001",normal_closure,0,0,0,9.9999999999999998e-13,PASS
"submerged_free_density_ratio_0.001",moment_closure,0,0,0,9.9999999999999998e-13,PASS
"submerged_free_density_ratio_0.001",lighter_up_heavier_down,1,1,0,0.5,PASS
"submerged_supported_density_ratio_0.001",constraint_residual,1.7372495975123983e-14,0,1.7372495975123983e-14,1.0000000000000001e-09,PASS
"submerged_supported_density_ratio_0.001",impulse_residual,3.185352372998621e-14,0,3.185352372998621e-14,1.0000000000000001e-09,PASS
"submerged_supported_density_ratio_0.001",energy_identity_residual,6.0519085716470465e-15,0,6.0519085716470465e-15,1.0000000000000001e-09,PASS
"submerged_supported_density_ratio_0.001",momentum_budget_residual,3.8920754326631715e-15,0,3.8920754326631715e-15,1.0000000000000001e-09,PASS
"submerged_supported_density_ratio_0.001",mass_partition_error,1.5151119282678834e-14,0,1.5151119282678834e-14,1.0000000000000001e-09,PASS
"submerged_supported_density_ratio_0.001",normal_closure,0,0,0,9.9999999999999998e-13,PASS
"submerged_supported_density_ratio_0.001",moment_closure,0,0,0,9.9999999999999998e-13,PASS
"submerged_supported_density_ratio_0.001",supported_speed,2.2690183065776637e-14,0,2.2690183065776637e-14,1.0000000000000001e-09,PASS
"submerged_supported_density_ratio_0.001",hydro_force_0,4.7606363295926712e-12,0,4.7606363295926712e-12,9.9999999999999995e-08,PASS
"submerged_supported_density_ratio_0.001",hydro_force_1,272.49999999999113,272.5,8.8675733422860503e-12,9.9999999999999995e-08,PASS
"submerged_supported_density_ratio_0.001",hydro_force_2,3.1086244689504383e-14,0,3.1086244689504383e-14,9.9999999999999995e-08,PASS
"submerged_supported_density_ratio_0.001",hydro_pressure_error,6.3664629124104977e-11,0,6.3664629124104977e-11,9.9999999999999995e-08,PASS
"submerged_free_density_ratio_0.5",constraint_residual,4.595228290859975e-15,0,4.595228290859975e-15,1.0000000000000001e-09,PASS
"submerged_free_density_ratio_0.5",impulse_residual,1.8730925406340728e-14,0,1.8730925406340728e-14,1.0000000000000001e-09,PASS
"submerged_free_density_ratio_0.5",energy_identity_residual,1.8966193662714057e-15,0,1.8966193662714057e-15,1.0000000000000001e-09,PASS
"submerged_free_density_ratio_0.5",momentum_budget_residual,4.841454979911585e-15,0,4.841454979911585e-15,1.0000000000000001e-09,PASS
"submerged_free_density_ratio_0.5",mass_partition_error,1.5151119282678834e-14,0,1.5151119282678834e-14,1.0000000000000001e-09,PASS
"submerged_free_density_ratio_0.5",normal_closure,0,0,0,9.9999999999999998e-13,PASS
"submerged_free_density_ratio_0.5",moment_closure,0,0,0,9.9999999999999998e-13,PASS
"submerged_free_density_ratio_0.5",lighter_up_heavier_down,1,1,0,0.5,PASS
"submerged_supported_density_ratio_0.5",constraint_residual,4.8358166373525548e-15,0,4.8358166373525548e-15,1.0000000000000001e-09,PASS
"submerged_supported_density_ratio_0.5",impulse_residual,1.9493889766512183e-14,0,1.9493889766512183e-14,1.0000000000000001e-09,PASS
"submerged_supported_density_ratio_0.5",energy_identity_residual,7.7761394017127625e-15,0,7.7761394017127625e-15,1.0000000000000001e-09,PASS
"submerged_supported_density_ratio_0.5",momentum_budget_residual,6.738601346728567e-15,0,6.738601346728567e-15,1.0000000000000001e-09,PASS
"submerged_supported_density_ratio_0.5",mass_partition_error,1.5151119282678834e-14,0,1.5151119282678834e-14,1.0000000000000001e-09,PASS
"submerged_supported_density_ratio_0.5",normal_closure,0,0,0,9.9999999999999998e-13,PASS
"submerged_supported_density_ratio_0.5",moment_closure,0,0,0,9.9999999999999998e-13,PASS
"submerged_supported_density_ratio_0.5",supported_speed,1.5123319263565804e-14,0,1.5123319263565804e-14,1.0000000000000001e-09,PASS
"submerged_supported_density_ratio_0.5",hydro_force_0,1.0942358130705543e-12,0,1.0942358130705543e-12,9.9999999999999995e-08,PASS
"submerged_supported_density_ratio_0.5",hydro_force_1,272.49999999999312,272.5,6.8780536821577698e-12,9.9999999999999995e-08,PASS
"submerged_supported_density_ratio_0.5",hydro_force_2,-8.8817841970012523e-14,0,8.8817841970012523e-14,9.9999999999999995e-08,PASS
"submerged_supported_density_ratio_0.5",hydro_pressure_error,6.6393113229423761e-11,0,6.6393113229423761e-11,9.9999999999999995e-08,PASS
"submerged_free_density_ratio_1",constraint_residual,4.8357458478346167e-15,0,4.8357458478346167e-15,1.0000000000000001e-09,PASS
"submerged_free_density_ratio_1",impulse_residual,1.9047355960446023e-14,0,1.9047355960446023e-14,1.0000000000000001e-09,PASS
"submerged_free_density_ratio_1",energy_identity_residual,3.1347798145844281e-15,0,3.1347798145844281e-15,1.0000000000000001e-09,PASS
"submerged_free_density_ratio_1",momentum_budget_residual,1.2892766197782634e-15,0,1.2892766197782634e-15,1.0000000000000001e-09,PASS
"submerged_free_density_ratio_1",mass_partition_error,1.5151119282678834e-14,0,1.5151119282678834e-14,1.0000000000000001e-09,PASS
"submerged_free_density_ratio_1",normal_closure,0,0,0,9.9999999999999998e-13,PASS
"submerged_free_density_ratio_1",moment_closure,0,0,0,9.9999999999999998e-13,PASS
"submerged_free_density_ratio_1",neutral_body_speed,5.2233529834496704e-16,0,5.2233529834496704e-16,1.0000000000000001e-09,PASS
"submerged_supported_density_ratio_1",constraint_residual,5.3551215818174817e-15,0,5.3551215818174817e-15,1.0000000000000001e-09,PASS
"submerged_supported_density_ratio_1",impulse_residual,2.3276758646709568e-14,0,2.3276758646709568e-14,1.0000000000000001e-09,PASS
"submerged_supported_density_ratio_1",energy_identity_residual,1.0879529944734074e-14,0,1.0879529944734074e-14,1.0000000000000001e-09,PASS
"submerged_supported_density_ratio_1",momentum_budget_residual,5.4963788059651814e-15,0,5.4963788059651814e-15,1.0000000000000001e-09,PASS
"submerged_supported_density_ratio_1",mass_partition_error,1.5151119282678834e-14,0,1.5151119282678834e-14,1.0000000000000001e-09,PASS
"submerged_supported_density_ratio_1",normal_closure,0,0,0,9.9999999999999998e-13,PASS
"submerged_supported_density_ratio_1",moment_closure,0,0,0,9.9999999999999998e-13,PASS
"submerged_supported_density_ratio_1",supported_speed,1.5503436394768931e-14,0,1.5503436394768931e-14,1.0000000000000001e-09,PASS
"submerged_supported_density_ratio_1",hydro_force_0,1.9753088054130785e-12,0,1.9753088054130785e-12,9.9999999999999995e-08,PASS
"submerged_supported_density_ratio_1",hydro_force_1,272.50000000000909,272.5,9.0949470177292824e-12,9.9999999999999995e-08,PASS
"submerged_supported_density_ratio_1",hydro_force_2,-5.7287508070658077e-14,0,5.7287508070658077e-14,9.9999999999999995e-08,PASS
"submerged_supported_density_ratio_1",hydro_pressure_error,7.4578565545380116e-11,0,7.4578565545380116e-11,9.9999999999999995e-08,PASS
"submerged_free_density_ratio_2",constraint_residual,5.0170420819028205e-15,0,5.0170420819028205e-15,1.0000000000000001e-09,PASS
"submerged_free_density_ratio_2",impulse_residual,1.764408746838988e-14,0,1.764408746838988e-14,1.0000000000000001e-09,PASS
"submerged_free_density_ratio_2",energy_identity_residual,1.100627625236921e-14,0,1.100627625236921e-14,1.0000000000000001e-09,PASS
"submerged_free_density_ratio_2",momentum_budget_residual,3.125947238099167e-15,0,3.125947238099167e-15,1.0000000000000001e-09,PASS
"submerged_free_density_ratio_2",mass_partition_error,1.5151119282678834e-14,0,1.5151119282678834e-14,1.0000000000000001e-09,PASS
"submerged_free_density_ratio_2",normal_closure,0,0,0,9.9999999999999998e-13,PASS
"submerged_free_density_ratio_2",moment_closure,0,0,0,9.9999999999999998e-13,PASS
"submerged_free_density_ratio_2",lighter_up_heavier_down,1,1,0,0.5,PASS
"submerged_supported_density_ratio_2",constraint_residual,5.8080478243758357e-15,0,5.8080478243758357e-15,1.0000000000000001e-09,PASS
"submerged_supported_density_ratio_2",impulse_residual,1.626049722593101e-14,0,1.626049722593101e-14,1.0000000000000001e-09,PASS
"submerged_supported_density_ratio_2",energy_identity_residual,1.9217307742231953e-15,0,1.9217307742231953e-15,1.0000000000000001e-09,PASS
"submerged_supported_density_ratio_2",momentum_budget_residual,2.2525184400967452e-15,0,2.2525184400967452e-15,1.0000000000000001e-09,PASS
"submerged_supported_density_ratio_2",mass_partition_error,1.5151119282678834e-14,0,1.5151119282678834e-14,1.0000000000000001e-09,PASS
"submerged_supported_density_ratio_2",normal_closure,0,0,0,9.9999999999999998e-13,PASS
"submerged_supported_density_ratio_2",moment_closure,0,0,0,9.9999999999999998e-13,PASS
"submerged_supported_density_ratio_2",supported_speed,1.1734103272376117e-14,0,1.1734103272376117e-14,1.0000000000000001e-09,PASS
"submerged_supported_density_ratio_2",hydro_force_0,-3.4106051316484809e-13,0,3.4106051316484809e-13,9.9999999999999995e-08,PASS
"submerged_supported_density_ratio_2",hydro_force_1,272.49999999999227,272.5,7.73070496506989e-12,9.9999999999999995e-08,PASS
"submerged_supported_density_ratio_2",hydro_force_2,-3.0198066269804258e-14,0,3.0198066269804258e-14,9.9999999999999995e-08,PASS
"submerged_supported_density_ratio_2",hydro_pressure_error,3.5470293369144201e-11,0,3.5470293369144201e-11,9.9999999999999995e-08,PASS
"submerged_free_density_ratio_1000",constraint_residual,4.7396346553699387e-15,0,4.7396346553699387e-15,1.0000000000000001e-09,PASS
"submerged_free_density_ratio_1000",impulse_residual,1.3869339267031342e-14,0,1.3869339267031342e-14,1.0000000000000001e-09,PASS
"submerged_free_density_ratio_1000",energy_identity_residual,9.8007050194812075e-17,0,9.8007050194812075e-17,1.0000000000000001e-09,PASS
"submerged_free_density_ratio_1000",momentum_budget_residual,2.6464220736849846e-17,0,2.6464220736849846e-17,1.0000000000000001e-09,PASS
"submerged_free_density_ratio_1000",mass_partition_error,1.5151119282678834e-14,0,1.5151119282678834e-14,1.0000000000000001e-09,PASS
"submerged_free_density_ratio_1000",normal_closure,0,0,0,9.9999999999999998e-13,PASS
"submerged_free_density_ratio_1000",moment_closure,0,0,0,9.9999999999999998e-13,PASS
"submerged_free_density_ratio_1000",lighter_up_heavier_down,1,1,0,0.5,PASS
"submerged_supported_density_ratio_1000",constraint_residual,5.9871810162198206e-15,0,5.9871810162198206e-15,1.0000000000000001e-09,PASS
"submerged_supported_density_ratio_1000",impulse_residual,1.3362285617592317e-15,0,1.3362285617592317e-15,1.0000000000000001e-09,PASS
"submerged_supported_density_ratio_1000",energy_identity_residual,1.6726536566581233e-15,0,1.6726536566581233e-15,1.0000000000000001e-09,PASS
"submerged_supported_density_ratio_1000",momentum_budget_residual,1.2785856175502715e-15,0,1.2785856175502715e-15,1.0000000000000001e-09,PASS
"submerged_supported_density_ratio_1000",mass_partition_error,1.5151119282678834e-14,0,1.5151119282678834e-14,1.0000000000000001e-09,PASS
"submerged_supported_density_ratio_1000",normal_closure,0,0,0,9.9999999999999998e-13,PASS
"submerged_supported_density_ratio_1000",moment_closure,0,0,0,9.9999999999999998e-13,PASS
"submerged_supported_density_ratio_1000",supported_speed,1.5418222254481861e-14,0,1.5418222254481861e-14,1.0000000000000001e-09,PASS
"submerged_supported_density_ratio_1000",hydro_force_0,-5.6701310313655995e-12,0,5.6701310313655995e-12,9.9999999999999995e-08,PASS
"submerged_supported_density_ratio_1000",hydro_force_1,272.50000000000222,272.5,2.2168933355715126e-12,9.9999999999999995e-08,PASS
"submerged_supported_density_ratio_1000",hydro_force_2,7.0166095156309893e-14,0,7.0166095156309893e-14,9.9999999999999995e-08,PASS
"submerged_supported_density_ratio_1000",hydro_pressure_error,4.2746250983327627e-11,0,4.2746250983327627e-11,9.9999999999999995e-08,PASS
"asymmetric_partial_immersion_hydrostatic_torque",constraint_residual,6.142275822242009e-15,0,6.142275822242009e-15,1.0000000000000001e-09,PASS
"asymmetric_partial_immersion_hydrostatic_torque",impulse_residual,1.7111828100746362e-14,0,1.7111828100746362e-14,1.0000000000000001e-09,PASS
"asymmetric_partial_immersion_hydrostatic_torque",energy_identity_residual,1.0972883905328466e-15,0,1.0972883905328466e-15,1.0000000000000001e-09,PASS
"asymmetric_partial_immersion_hydrostatic_torque",momentum_budget_residual,2.3363296438385194e-15,0,2.3363296438385194e-15,1.0000000000000001e-09,PASS
"asymmetric_partial_immersion_hydrostatic_torque",mass_partition_error,1.5133384332467581e-14,0,1.5133384332467581e-14,1.0000000000000001e-09,PASS
"asymmetric_partial_immersion_hydrostatic_torque",normal_closure,0,0,0,9.9999999999999998e-13,PASS
"asymmetric_partial_immersion_hydrostatic_torque",moment_closure,0,0,0,9.9999999999999998e-13,PASS
"asymmetric_partial_immersion_hydrostatic_torque",hydro_force_x,4.2632564145606011e-14,0,4.2632564145606011e-14,9.9999999999999995e-08,PASS
"asymmetric_partial_immersion_hydrostatic_torque",hydro_force_y,340.76124999998621,340.76125000000013,1.3926637620897964e-11,9.9999999999999995e-08,PASS
"asymmetric_partial_immersion_hydrostatic_torque",hydro_torque,9.7224107142847753,9.7224107142857097,9.3436369752453174e-13,9.9999999999999995e-08,PASS
"supported_resolved_cup_load",constraint_residual,9.1054427233172045e-15,0,9.1054427233172045e-15,1.0000000000000001e-09,PASS
"supported_resolved_cup_load",impulse_residual,3.8919765762737433e-15,0,3.8919765762737433e-15,1.0000000000000001e-09,PASS
"supported_resolved_cup_load",energy_identity_residual,1.1102230246251565e-15,0,1.1102230246251565e-15,1.0000000000000001e-09,PASS
"supported_resolved_cup_load",momentum_budget_residual,6.0205663061078086e-16,0,6.0205663061078086e-16,1.0000000000000001e-09,PASS
"supported_resolved_cup_load",mass_partition_error,1.0811229738756837e-14,0,1.0811229738756837e-14,1.0000000000000001e-09,PASS
"supported_resolved_cup_load",normal_closure,0,0,0,9.9999999999999998e-13,PASS
"supported_resolved_cup_load",moment_closure,0,0,0,9.9999999999999998e-13,PASS
"supported_resolved_cup_load",fluid_force_y,-815.45625000000007,-815.45625000000007,0,9.9999999999999995e-08,PASS
"supported_resolved_cup_load",support_force_y,1428.58125,1428.5812500000002,2.2737367544323206e-13,9.9999999999999995e-08,PASS
"supported_resolved_cup_load",equilibrium_speed,1.8304802118507268e-14,0,1.8304802118507268e-14,1.0000000000000001e-09,PASS
"open_piston_mass_0.01",constraint_residual,4.4682875816290391e-15,0,4.4682875816290391e-15,1.0000000000000001e-09,PASS
"open_piston_mass_0.01",impulse_residual,1.8127505723959692e-14,0,1.8127505723959692e-14,1.0000000000000001e-09,PASS
"open_piston_mass_0.01",energy_identity_residual,1.1368683772161603e-15,0,1.1368683772161603e-15,1.0000000000000001e-09,PASS
"open_piston_mass_0.01",momentum_budget_residual,5.4548260054728537e-15,0,5.4548260054728537e-15,1.0000000000000001e-09,PASS
"open_piston_mass_0.01",mass_partition_error,8.1772750409154121e-16,0,8.1772750409154121e-16,1.0000000000000001e-09,PASS
"open_piston_mass_0.01",normal_closure,0,0,0,9.9999999999999998e-13,PASS
"open_piston_mass_0.01",moment_closure,0,0,0,9.9999999999999998e-13,PASS
"open_piston_mass_0.01",relative_velocity_error,2.5441531404749956e-11,0,2.5441531404749956e-11,1e-08,PASS
"open_piston_mass_0.01",piston_velocity,0.0023975449139470584,0.0023975449140080556,6.0997214224034479e-14,1.0000000000000001e-09,PASS
"open_piston_mass_0.01",fluid_velocity_error,2.3249154337823263e-13,0,2.3249154337823263e-13,1.0000000000000001e-09,PASS
"open_piston_mass_0.1",constraint_residual,2.5066801057449647e-15,0,2.5066801057449647e-15,1.0000000000000001e-09,PASS
"open_piston_mass_0.1",impulse_residual,6.33544182415328e-15,0,6.33544182415328e-15,1.0000000000000001e-09,PASS
"open_piston_mass_0.1",energy_identity_residual,1.5987211554602255e-15,0,1.5987211554602255e-15,1.0000000000000001e-09,PASS
"open_piston_mass_0.1",momentum_budget_residual,8.6532740302122371e-15,0,8.6532740302122371e-15,1.0000000000000001e-09,PASS
"open_piston_mass_0.1",mass_partition_error,8.1772750409154121e-16,0,8.1772750409154121e-16,1.0000000000000001e-09,PASS
"open_piston_mass_0.1",normal_closure,0,0,0,9.9999999999999998e-13,PASS
"open_piston_mass_0.1",moment_closure,0,0,0,9.9999999999999998e-13,PASS
"open_piston_mass_0.1",relative_velocity_error,3.2546495808023309e-12,0,3.2546495808023309e-12,1e-08,PASS
"open_piston_mass_0.1",piston_velocity,0.0023970276856619677,0.0023970276856697692,7.8014851523366957e-15,1.0000000000000001e-09,PASS
"open_piston_mass_0.1",fluid_velocity_error,3.7061499702506495e-14,0,3.7061499702506495e-14,1.0000000000000001e-09,PASS
"open_piston_mass_1",constraint_residual,3.3837006882212027e-15,0,3.3837006882212027e-15,1.0000000000000001e-09,PASS
"open_piston_mass_1",impulse_residual,2.8177412549641811e-15,0,2.8177412549641811e-15,1.0000000000000001e-09,PASS
"open_piston_mass_1",energy_identity_residual,7.7715611723760958e-16,0,7.7715611723760958e-16,1.0000000000000001e-09,PASS
"open_piston_mass_1",momentum_budget_residual,1.2717276097600621e-15,0,1.2717276097600621e-15,1.0000000000000001e-09,PASS
"open_piston_mass_1",mass_partition_error,8.1772750409154121e-16,0,8.1772750409154121e-16,1.0000000000000001e-09,PASS
"open_piston_mass_1",normal_closure,0,0,0,9.9999999999999998e-13,PASS
"open_piston_mass_1",moment_closure,0,0,0,9.9999999999999998e-13,PASS
"open_piston_mass_1",relative_velocity_error,3.3978382896667403e-13,0,3.3978382896667403e-13,1e-08,PASS
"open_piston_mass_1",piston_velocity,0.0023918676499892211,0.0023918676499900338,8.1271794849513412e-16,1.0000000000000001e-09,PASS
"open_piston_mass_1",fluid_velocity_error,1.6786485396158568e-14,0,1.6786485396158568e-14,1.0000000000000001e-09,PASS
"open_piston_mass_80",constraint_residual,2.6427960508722622e-16,0,2.6427960508722622e-16,1.0000000000000001e-09,PASS
"open_piston_mass_80",impulse_residual,1.8258860082568005e-15,0,1.8258860082568005e-15,1.0000000000000001e-09,PASS
"open_piston_mass_80",energy_identity_residual,4.3368086899420177e-18,0,4.3368086899420177e-18,1.0000000000000001e-09,PASS
"open_piston_mass_80",momentum_budget_residual,1.0899704803925584e-15,0,1.0899704803925584e-15,1.0000000000000001e-09,PASS
"open_piston_mass_80",mass_partition_error,8.1772750409154121e-16,0,8.1772750409154121e-16,1.0000000000000001e-09,PASS
"open_piston_mass_80",normal_closure,0,0,0,9.9999999999999998e-13,PASS
"open_piston_mass_80",moment_closure,0,0,0,9.9999999999999998e-13,PASS
"open_piston_mass_80",relative_velocity_error,3.6647840433630856e-15,0,3.6647840433630856e-15,1e-08,PASS
"open_piston_mass_80",piston_velocity,0.0020117351215423376,0.0020117351215423302,7.3725747729014302e-18,1.0000000000000001e-09,PASS
"open_piston_mass_80",fluid_velocity_error,6.9605779473569385e-16,0,6.9605779473569385e-16,1.0000000000000001e-09,PASS
"open_piston_mass_1000",constraint_residual,3.2832648820288092e-17,0,3.2832648820288092e-17,1.0000000000000001e-09,PASS
"open_piston_mass_1000",impulse_residual,4.9203886383978323e-16,0,4.9203886383978323e-16,1.0000000000000001e-09,PASS
"open_piston_mass_1000",energy_identity_residual,6.2341624917916505e-19,0,6.2341624917916505e-19,1.0000000000000001e-09,PASS
"open_piston_mass_1000",momentum_budget_residual,7.2312181014605294e-16,0,7.2312181014605294e-16,1.0000000000000001e-09,PASS
"open_piston_mass_1000",mass_partition_error,8.1772750409154121e-16,0,8.1772750409154121e-16,1.0000000000000001e-09,PASS
"open_piston_mass_1000",normal_closure,0,0,0,9.9999999999999998e-13,PASS
"open_piston_mass_1000",moment_closure,0,0,0,9.9999999999999998e-13,PASS
"open_piston_mass_1000",relative_velocity_error,9.2184289715580015e-16,0,9.2184289715580015e-16,1e-08,PASS
"open_piston_mass_1000",piston_velocity,0.00070567480152896136,0.00070567480152896201,6.5052130349130266e-19,1.0000000000000001e-09,PASS
"open_piston_mass_1000",fluid_velocity_error,4.8572257327350599e-17,0,4.8572257327350599e-17,1.0000000000000001e-09,PASS
"open_piston_mass_1e+06",constraint_residual,1.8179293249137694e-20,0,1.8179293249137694e-20,1.0000000000000001e-09,PASS
"open_piston_mass_1e+06",impulse_residual,7.5083054870479698e-17,0,7.5083054870479698e-17,1.0000000000000001e-09,PASS
"open_piston_mass_1e+06",energy_identity_residual,3.7429922718024502e-23,0,3.7429922718024502e-23,1.0000000000000001e-09,PASS
"open_piston_mass_1e+06",momentum_budget_residual,7.5302999597662931e-17,0,7.5302999597662931e-17,1.0000000000000001e-09,PASS
"open_piston_mass_1e+06",mass_partition_error,8.1772750409154121e-16,0,8.1772750409154121e-16,1.0000000000000001e-09,PASS
"open_piston_mass_1e+06",normal_closure,0,0,0,9.9999999999999998e-13,PASS
"open_piston_mass_1e+06",moment_closure,0,0,0,9.9999999999999998e-13,PASS
"open_piston_mass_1e+06",relative_velocity_error,2.1184655764484606e-16,0,2.1184655764484606e-16,1e-08,PASS
"open_piston_mass_1e+06",piston_velocity,9.9958309055264855e-07,9.9958309055264876e-07,2.1175823681357508e-22,1.0000000000000001e-09,PASS
"open_piston_mass_1e+06",fluid_velocity_error,4.955142741437657e-20,0,4.955142741437657e-20,1.0000000000000001e-09,PASS
"sealed_piston_pressure_difference",constraint_residual,2.112818795305282e-16,0,2.112818795305282e-16,1.0000000000000001e-09,PASS
"sealed_piston_pressure_difference",impulse_residual,3.0918008228900496e-15,0,3.0918008228900496e-15,1.0000000000000001e-09,PASS
"sealed_piston_pressure_difference",energy_identity_residual,1.9081958235744878e-17,0,1.9081958235744878e-17,1.0000000000000001e-09,PASS
"sealed_piston_pressure_difference",momentum_budget_residual,1.3600348947190936e-15,0,1.3600348947190936e-15,1.0000000000000001e-09,PASS
"sealed_piston_pressure_difference",mass_partition_error,6.0026650317013547e-15,0,6.0026650317013547e-15,1.0000000000000001e-09,PASS
"sealed_piston_pressure_difference",normal_closure,0,0,0,9.9999999999999998e-13,PASS
"sealed_piston_pressure_difference",moment_closure,0,0,0,9.9999999999999998e-13,PASS
"sealed_piston_pressure_difference",common_gauge_count,1,1,0,0.5,PASS
"sealed_piston_pressure_difference",pressure_difference,100.0000000000002,100,1.9895196601282805e-13,1e-08,PASS
"sealed_piston_pressure_difference",sealed_velocity,1.9883955080907813e-16,0,1.9883955080907813e-16,1.0000000000000001e-09,PASS
"constant_ambient_pressure",constraint_residual,7.5025285045656862e-16,0,7.5025285045656862e-16,1.0000000000000001e-09,PASS
"constant_ambient_pressure",impulse_residual,1.0838534518531606e-14,0,1.0838534518531606e-14,1.0000000000000001e-09,PASS
"constant_ambient_pressure",energy_identity_residual,1.3366612106466515e-15,0,1.3366612106466515e-15,1.0000000000000001e-09,PASS
"constant_ambient_pressure",momentum_budget_residual,1.353454173323592e-14,0,1.353454173323592e-14,1.0000000000000001e-09,PASS
"constant_ambient_pressure",mass_partition_error,1.122576317616883e-14,0,1.122576317616883e-14,1.0000000000000001e-09,PASS
"constant_ambient_pressure",normal_closure,0,0,0,9.9999999999999998e-13,PASS
"constant_ambient_pressure",moment_closure,0,0,0,9.9999999999999998e-13,PASS
"constant_ambient_pressure",ambient_velocity,1.8025623680775142e-15,0,1.8025623680775142e-15,1.0000000000000001e-09,PASS
"constant_ambient_pressure",ambient_force_0,2.6005864128819667e-12,0,2.6005864128819667e-12,9.9999999999999995e-08,PASS
"constant_ambient_pressure",ambient_force_1,-8.5265128291212022e-14,0,8.5265128291212022e-14,9.9999999999999995e-08,PASS
"constant_ambient_pressure",ambient_force_2,-6.5725203057809267e-14,0,6.5725203057809267e-14,9.9999999999999995e-08,PASS
"constant_ambient_pressure",constant_pressure_error,2.5693225325085223e-11,0,2.5693225325085223e-11,9.9999999999999995e-08,PASS
"common_free_fall",constraint_residual,0,0,0,1.0000000000000001e-09,PASS
"common_free_fall",impulse_residual,0,0,0,1.0000000000000001e-09,PASS
"common_free_fall",energy_identity_residual,0,0,0,1.0000000000000001e-09,PASS
"common_free_fall",momentum_budget_residual,0,0,0,1.0000000000000001e-09,PASS
"common_free_fall",mass_partition_error,1.5151119282678834e-14,0,1.5151119282678834e-14,1.0000000000000001e-09,PASS
"common_free_fall",normal_closure,0,0,0,9.9999999999999998e-13,PASS
"common_free_fall",moment_closure,0,0,0,9.9999999999999998e-13,PASS
"common_free_fall",free_fall_correction,0,0,0,1e-10,PASS
"covariance_reference",constraint_residual,3.8182963753738226e-15,0,3.8182963753738226e-15,1.0000000000000001e-09,PASS
"covariance_reference",impulse_residual,5.133386436367975e-15,0,5.133386436367975e-15,1.0000000000000001e-09,PASS
"covariance_reference",energy_identity_residual,2.3432702583001923e-16,0,2.3432702583001923e-16,1.0000000000000001e-09,PASS
"covariance_reference",momentum_budget_residual,3.8977875851423754e-15,0,3.8977875851423754e-15,1.0000000000000001e-09,PASS
"covariance_reference",mass_partition_error,6.9018984709395575e-16,0,6.9018984709395575e-16,1.0000000000000001e-09,PASS
"covariance_reference",normal_closure,0,0,0,9.9999999999999998e-13,PASS
"covariance_reference",moment_closure,0,0,0,9.9999999999999998e-13,PASS
"covariance_angle0.731_origin0",constraint_residual,3.6598272268467974e-15,0,3.6598272268467974e-15,1.0000000000000001e-09,PASS
"covariance_angle0.731_origin0",impulse_residual,5.0919927528750261e-15,0,5.0919927528750261e-15,1.0000000000000001e-09,PASS
"covariance_angle0.731_origin0",energy_identity_residual,5.8581756457504809e-16,0,5.8581756457504809e-16,1.0000000000000001e-09,PASS
"covariance_angle0.731_origin0",momentum_budget_residual,5.2106038040492956e-15,0,5.2106038040492956e-15,1.0000000000000001e-09,PASS
"covariance_angle0.731_origin0",mass_partition_error,6.9018984709395575e-16,0,6.9018984709395575e-16,1.0000000000000001e-09,PASS
"covariance_angle0.731_origin0",normal_closure,0,0,0,9.9999999999999998e-13,PASS
"covariance_angle0.731_origin0",moment_closure,2.7755575615628914e-17,0,2.7755575615628914e-17,9.9999999999999998e-13,PASS
"covariance_angle0.731_origin0",covariance_velocity_error,2.1760371282653068e-14,0,2.1760371282653068e-14,1.0000000000000001e-09,PASS
"covariance_angle0.731_origin1e+09",constraint_residual,3.6598272268467974e-15,0,3.6598272268467974e-15,1.0000000000000001e-09,PASS
"covariance_angle0.731_origin1e+09",impulse_residual,5.0919927528750261e-15,0,5.0919927528750261e-15,1.0000000000000001e-09,PASS
"covariance_angle0.731_origin1e+09",energy_identity_residual,5.8581756457504809e-16,0,5.8581756457504809e-16,1.0000000000000001e-09,PASS
"covariance_angle0.731_origin1e+09",momentum_budget_residual,5.2106038040492956e-15,0,5.2106038040492956e-15,1.0000000000000001e-09,PASS
"covariance_angle0.731_origin1e+09",mass_partition_error,6.9018984709395575e-16,0,6.9018984709395575e-16,1.0000000000000001e-09,PASS
"covariance_angle0.731_origin1e+09",normal_closure,0,0,0,9.9999999999999998e-13,PASS
"covariance_angle0.731_origin1e+09",moment_closure,2.7755575615628914e-17,0,2.7755575615628914e-17,9.9999999999999998e-13,PASS
"covariance_angle0.731_origin1e+09",covariance_velocity_error,2.1760371282653068e-14,0,2.1760371282653068e-14,1.0000000000000001e-09,PASS
"galilean_covariance",constraint_residual,3.3831413739913993e-15,0,3.3831413739913993e-15,1.0000000000000001e-09,PASS
"galilean_covariance",impulse_residual,5.1533143557761809e-15,0,5.1533143557761809e-15,1.0000000000000001e-09,PASS
"galilean_covariance",energy_identity_residual,3.2350455839937475e-16,0,3.2350455839937475e-16,1.0000000000000001e-09,PASS
"galilean_covariance",momentum_budget_residual,9.9937977827377211e-17,0,9.9937977827377211e-17,1.0000000000000001e-09,PASS
"galilean_covariance",mass_partition_error,6.9018984709395575e-16,0,6.9018984709395575e-16,1.0000000000000001e-09,PASS
"galilean_covariance",normal_closure,0,0,0,9.9999999999999998e-13,PASS
"galilean_covariance",moment_closure,0,0,0,9.9999999999999998e-13,PASS
"galilean_covariance",covariance_velocity_error,1.9984014443252818e-15,0,1.9984014443252818e-15,1.0000000000000001e-09,PASS
"normal_only_free_slip",constraint_residual,0,0,0,1.0000000000000001e-09,PASS
"normal_only_free_slip",impulse_residual,0,0,0,1.0000000000000001e-09,PASS
"normal_only_free_slip",energy_identity_residual,0,0,0,1.0000000000000001e-09,PASS
"normal_only_free_slip",momentum_budget_residual,0,0,0,1.0000000000000001e-09,PASS
"normal_only_free_slip",mass_partition_error,2.5011104298755454e-15,0,2.5011104298755454e-15,1.0000000000000001e-09,PASS
"normal_only_free_slip",normal_closure,0,0,0,9.9999999999999998e-13,PASS
"normal_only_free_slip",moment_closure,0,0,0,9.9999999999999998e-13,PASS
"normal_only_free_slip",tangential_velocity_error,0,0,0,1e-10,PASS
"two_bodies_mixed_mass",constraint_residual,4.3453180491036912e-15,0,4.3453180491036912e-15,1.0000000000000001e-09,PASS
"two_bodies_mixed_mass",impulse_residual,4.9584044937674445e-15,0,4.9584044937674445e-15,1.0000000000000001e-09,PASS
"two_bodies_mixed_mass",energy_identity_residual,1.0593306239972699e-15,0,1.0593306239972699e-15,1.0000000000000001e-09,PASS
"two_bodies_mixed_mass",momentum_budget_residual,8.452184661910171e-16,0,8.452184661910171e-16,1.0000000000000001e-09,PASS
"two_bodies_mixed_mass",mass_partition_error,0,0,0,1.0000000000000001e-09,PASS
"two_bodies_mixed_mass",normal_closure,0,0,0,9.9999999999999998e-13,PASS
"two_bodies_mixed_mass",moment_closure,0,0,0,9.9999999999999998e-13,PASS
"arbitrary_gravity_[3.1, -9.81]",constraint_residual,3.4608015659236862e-15,0,3.4608015659236862e-15,1.0000000000000001e-09,PASS
"arbitrary_gravity_[3.1, -9.81]",impulse_residual,8.5661965694548151e-15,0,8.5661965694548151e-15,1.0000000000000001e-09,PASS
"arbitrary_gravity_[3.1, -9.81]",energy_identity_residual,1.6136017938822441e-16,0,1.6136017938822441e-16,1.0000000000000001e-09,PASS
"arbitrary_gravity_[3.1, -9.81]",momentum_budget_residual,2.840905895778091e-14,0,2.840905895778091e-14,1.0000000000000001e-09,PASS
"arbitrary_gravity_[3.1, -9.81]",mass_partition_error,1.122576317616883e-14,0,1.122576317616883e-14,1.0000000000000001e-09,PASS
"arbitrary_gravity_[3.1, -9.81]",normal_closure,0,0,0,9.9999999999999998e-13,PASS
"arbitrary_gravity_[3.1, -9.81]",moment_closure,0,0,0,9.9999999999999998e-13,PASS
"arbitrary_gravity_[3.1, -9.81]",hydrostatic_speed,1.6114685137365996e-14,0,1.6114685137365996e-14,1.0000000000000001e-09,PASS
"arbitrary_gravity_[3.1, -9.81]",pressure_force_0,-86.111111111108812,-86.1111111111111,2.2879476091475226e-12,9.9999999999999995e-08,PASS
"arbitrary_gravity_[3.1, -9.81]",pressure_force_1,272.49999999998317,272.5,1.6825651982799172e-11,9.9999999999999995e-08,PASS
"arbitrary_gravity_[3.1, -9.81]",pressure_torque,6.4659388954169117e-13,0,6.4659388954169117e-13,9.9999999999999995e-08,PASS
"arbitrary_gravity_[-7.0, 2.0]",constraint_residual,3.4937164947643275e-15,0,3.4937164947643275e-15,1.0000000000000001e-09,PASS
"arbitrary_gravity_[-7.0, 2.0]",impulse_residual,8.7730826169944183e-15,0,8.7730826169944183e-15,1.0000000000000001e-09,PASS
"arbitrary_gravity_[-7.0, 2.0]",energy_identity_residual,1.5061087072480364e-16,0,1.5061087072480364e-16,1.0000000000000001e-09,PASS
"arbitrary_gravity_[-7.0, 2.0]",momentum_budget_residual,8.277408737742381e-14,0,8.277408737742381e-14,1.0000000000000001e-09,PASS
"arbitrary_gravity_[-7.0, 2.0]",mass_partition_error,1.122576317616883e-14,0,1.122576317616883e-14,1.0000000000000001e-09,PASS
"arbitrary_gravity_[-7.0, 2.0]",normal_closure,0,0,0,9.9999999999999998e-13,PASS
"arbitrary_gravity_[-7.0, 2.0]",moment_closure,0,0,0,9.9999999999999998e-13,PASS
"arbitrary_gravity_[-7.0, 2.0]",hydrostatic_speed,1.3402473575396812e-14,0,1.3402473575396812e-14,1.0000000000000001e-09,PASS
"arbitrary_gravity_[-7.0, 2.0]",pressure_force_0,194.44444444445139,194.44444444444443,6.9633188104489818e-12,9.9999999999999995e-08,PASS
"arbitrary_gravity_[-7.0, 2.0]",pressure_force_1,-55.555555555581122,-55.55555555555555,2.5572433060006006e-11,9.9999999999999995e-08,PASS
"arbitrary_gravity_[-7.0, 2.0]",pressure_torque,1.2292389328649733e-12,0,1.2292389328649733e-12,9.9999999999999995e-08,PASS
"arbitrary_gravity_[9.81, 0.0]",constraint_residual,3.3060946958944736e-15,0,3.3060946958944736e-15,1.0000000000000001e-09,PASS
"arbitrary_gravity_[9.81, 0.0]",impulse_residual,8.7196909217738138e-15,0,8.7196909217738138e-15,1.0000000000000001e-09,PASS
"arbitrary_gravity_[9.81, 0.0]",energy_identity_residual,1.6404560464536547e-15,0,1.6404560464536547e-15,1.0000000000000001e-09,PASS
"arbitrary_gravity_[9.81, 0.0]",momentum_budget_residual,2.1983936644010388e-13,0,2.1983936644010388e-13,1.0000000000000001e-09,PASS
"arbitrary_gravity_[9.81, 0.0]",mass_partition_error,1.122576317616883e-14,0,1.122576317616883e-14,1.0000000000000001e-09,PASS
"arbitrary_gravity_[9.81, 0.0]",normal_closure,0,0,0,9.9999999999999998e-13,PASS
"arbitrary_gravity_[9.81, 0.0]",moment_closure,0,0,0,9.9999999999999998e-13,PASS
"arbitrary_gravity_[9.81, 0.0]",hydrostatic_speed,2.1450827446763497e-14,0,2.1450827446763497e-14,1.0000000000000001e-09,PASS
"arbitrary_gravity_[9.81, 0.0]",pressure_force_0,-272.49999999999727,-272.5,2.7284841053187847e-12,9.9999999999999995e-08,PASS
"arbitrary_gravity_[9.81, 0.0]",pressure_force_1,-2.6830093702301383e-11,-0,2.6830093702301383e-11,9.9999999999999995e-08,PASS
"arbitrary_gravity_[9.81, 0.0]",pressure_torque,1.2363443602225743e-12,0,1.2363443602225743e-12,9.9999999999999995e-08,PASS
"smooth_pressure_refinement_6",constraint_residual,2.2885088984758171e-17,0,2.2885088984758171e-17,1.0000000000000001e-09,PASS
"smooth_pressure_refinement_6",impulse_residual,3.9025996474252905e-15,0,3.9025996474252905e-15,1.0000000000000001e-09,PASS
"smooth_pressure_refinement_6",energy_identity_residual,2.2898349882893854e-16,0,2.2898349882893854e-16,1.0000000000000001e-09,PASS
"smooth_pressure_refinement_6",momentum_budget_residual,9.5214671824865395e-16,0,9.5214671824865395e-16,1.0000000000000001e-09,PASS
"smooth_pressure_refinement_6",mass_partition_error,6.8212102632969521e-16,0,6.8212102632969521e-16,1.0000000000000001e-09,PASS
"smooth_pressure_refinement_6",normal_closure,0,0,0,9.9999999999999998e-13,PASS
"smooth_pressure_refinement_6",moment_closure,0,0,0,9.9999999999999998e-13,PASS
"smooth_pressure_refinement_6",pressure_cell_0_0,33.879333779300055,33.493649053890337,0.38568472540971754,-1,MEASURED
"smooth_pressure_refinement_6",pressure_cell_0_1,92.560061211632529,91.506350946109649,1.0537102655228807,-1,MEASURED
"smooth_pressure_refinement_6",pressure_cell_0_2,126.43939499093224,125,1.439394990932243,-1,MEASURED
"smooth_pressure_refinement_6",pressure_cell_0_3,126.4393949909321,125,1.4393949909321009,-1,MEASURED
"smooth_pressure_refinement_6",pressure_cell_0_4,92.560061211632188,91.506350946109663,1.0537102655225254,-1,MEASURED
"smooth_pressure_refinement_6",pressure_cell_0_5,33.87933377930019,33.493649053890373,0.38568472540981702,-1,MEASURED
"smooth_pressure_refinement_6",pressure_cell_1_0,92.560061211632231,91.506350946109649,1.0537102655225823,-1,MEASURED
"smooth_pressure_refinement_6",pressure_cell_1_1,252.8787899818646,249.99999999999994,2.8787899818646565,-1,MEASURED
"smooth_pressure_refinement_6",pressure_cell_1_2,345.43885119349648,341.50635094610965,3.9325002473868267,-1,MEASURED
"smooth_pressure_refinement_6",pressure_cell_1_3,345.43885119349642,341.50635094610965,3.9325002473867698,-1,MEASURED
"smooth_pressure_refinement_6",pressure_cell_1_4,252.8787899818646,250,2.8787899818645997,-1,MEASURED
"smooth_pressure_refinement_6",pressure_cell_1_5,92.560061211632231,91.506350946109734,1.053710265522497,-1,MEASURED
"smooth_pressure_refinement_6",pressure_cell_2_0,126.43939499093229,125,1.4393949909322856,-1,MEASURED
"smooth_pressure_refinement_6",pressure_cell_2_1,345.43885119349653,341.50635094610965,3.9325002473868835,-1,MEASURED
"smooth_pressure_refinement_6",pressure_cell_2_2,471.87824618442926,466.50635094610971,5.3718952383195528,-1,MEASURED
"smooth_pressure_refinement_6",pressure_cell_2_3,471.87824618442875,466.50635094610971,5.3718952383190413,-1,MEASURED
"smooth_pressure_refinement_6",pressure_cell_2_4,345.43885119349659,341.50635094610971,3.9325002473868835,-1,MEASURED
"smooth_pressure_refinement_6",pressure_cell_2_5,126.43939499093204,125.00000000000013,1.4393949909319161,-1,MEASURED
"smooth_pressure_refinement_6",pressure_cell_3_0,126.4393949909324,125,1.4393949909323993,-1,MEASURED
"smooth_pressure_refinement_6",pressure_cell_3_1,345.43885119349693,341.50635094610965,3.9325002473872814,-1,MEASURED
"smooth_pressure_refinement_6",pressure_cell_3_2,471.87824618443005,466.50635094610971,5.3718952383203487,-1,MEASURED
"smooth_pressure_refinement_6",pressure_cell_3_3,471.87824618442892,466.50635094610971,5.3718952383192118,-1,MEASURED
"smooth_pressure_refinement_6",pressure_cell_3_4,345.43885119349613,341.50635094610971,3.9325002473864288,-1,MEASURED
"smooth_pressure_refinement_6",pressure_cell_3_5,126.439394990932,125.00000000000013,1.4393949909318735,-1,MEASURED
"smooth_pressure_refinement_6",pressure_cell_4_0,92.560061211632245,91.506350946109663,1.0537102655225823,-1,MEASURED
"smooth_pressure_refinement_6",pressure_cell_4_1,252.8787899818646,250,2.8787899818645997,-1,MEASURED
"smooth_pressure_refinement_6",pressure_cell_4_2,345.43885119349659,341.50635094610971,3.9325002473868835,-1,MEASURED
"smooth_pressure_refinement_6",pressure_cell_4_3,345.43885119349659,341.50635094610971,3.9325002473868835,-1,MEASURED
"smooth_pressure_refinement_6",pressure_cell_4_4,252.8787899818642,250.00000000000003,2.8787899818641733,-1,MEASURED
"smooth_pressure_refinement_6",pressure_cell_4_5,92.560061211632117,91.506350946109748,1.0537102655223691,-1,MEASURED
"smooth_pressure_refinement_6",pressure_cell_5_0,33.879333779300076,33.493649053890373,0.38568472540970333,-1,MEASURED
"smooth_pressure_refinement_6",pressure_cell_5_1,92.560061211632174,91.506350946109748,1.053710265522426,-1,MEASURED
"smooth_pressure_refinement_6",pressure_cell_5_2,126.439394990932,125.00000000000014,1.4393949909318593,-1,MEASURED
"smooth_pressure_refinement_6",pressure_cell_5_3,126.43939499093189,125.00000000000014,1.4393949909317456,-1,MEASURED
"smooth_pressure_refinement_6",pressure_cell_5_4,92.560061211632117,91.506350946109762,1.0537102655223549,-1,MEASURED
"smooth_pressure_refinement_6",pressure_cell_5_5,33.879333779299934,33.493649053890408,0.3856847254095257,-1,MEASURED
"smooth_pressure_refinement_6",pressure_L1,2.3875089948085115,0,2.3875089948085115,-1,MEASURED
"smooth_pressure_refinement_6",projected_speed,5.377642775528102e-17,0,5.377642775528102e-17,1.0000000000000001e-09,PASS
"smooth_pressure_refinement_12",constraint_residual,6.05162628325278e-17,0,6.05162628325278e-17,1.0000000000000001e-09,PASS
"smooth_pressure_refinement_12",impulse_residual,1.2798444279363235e-14,0,1.2798444279363235e-14,1.0000000000000001e-09,PASS
"smooth_pressure_refinement_12",energy_identity_residual,1.0130785099704553e-15,0,1.0130785099704553e-15,1.0000000000000001e-09,PASS
"smooth_pressure_refinement_12",momentum_budget_residual,2.2585465115235813e-15,0,2.2585465115235813e-15,1.0000000000000001e-09,PASS
"smooth_pressure_refinement_12",mass_partition_error,1.1368683772161722e-14,0,1.1368683772161722e-14,1.0000000000000001e-09,PASS
"smooth_pressure_refinement_12",normal_closure,0,0,0,9.9999999999999998e-13,PASS
"smooth_pressure_refinement_12",moment_closure,0,0,0,9.9999999999999998e-13,PASS
"smooth_pressure_refinement_12",pressure_cell_0_0,8.5429193037407529,8.5185434277329257,0.024375876007827202,-1,MEASURED
"smooth_pressure_refinement_12",pressure_cell_0_1,25.046572078515332,24.975105626157408,0.071466452357924481,-1,MEASURED
"smooth_pressure_refinement_12",pressure_cell_0_2,39.843342357554768,39.729655649472775,0.11368670808199255,-1,MEASURED
"smooth_pressure_refinement_12",pressure_cell_0_3,51.924854699165266,51.776695296636873,0.14815940252839255,-1,MEASURED
"smooth_pressure_refinement_12",pressure_cell_0_4,60.467774002906303,60.295238724369796,0.17253527853650752,-1,MEASURED
"smooth_pressure_refinement_12",pressure_cell_0_5,64.889914436070413,64.704761275630176,0.18515316044023677,-1,MEASURED
"smooth_pressure_refinement_12",pressure_cell_0_6,64.889914436070512,64.704761275630176,0.18515316044033625,-1,MEASURED
"smooth_pressure_refinement_12",pressure_cell_0_7,60.46777400290604,60.295238724369803,0.17253527853623751,-1,MEASURED
"smooth_pressure_refinement_12",pressure_cell_0_8,51.924854699164833,51.776695296636873,0.14815940252795912,-1,MEASURED
"smooth_pressure_refinement_12",pressure_cell_0_9,39.843342357555272,39.729655649472789,0.11368670808248282,-1,MEASURED
"smooth_pressure_refinement_12",pressure_cell_0_10,25.046572078514838,24.975105626157415,0.071466452357423549,-1,MEASURED
"smooth_pressure_refinement_12",pressure_cell_0_11,8.5429193037411384,8.5185434277329524,0.024375876008186026,-1,MEASURED
"smooth_pressure_refinement_12",pressure_cell_1_0,25.046572078514849,24.975105626157408,0.071466452357441312,-1,MEASURED
"smooth_pressure_refinement_12",pressure_cell_1_1,73.432833739811201,73.223304703363127,0.20952903644807463,-1,MEASURED
"smooth_pressure_refinement_12",pressure_cell_1_2,116.81476913523491,116.48145657226708,0.33331256296783351,-1,MEASURED
"smooth_pressure_refinement_12",pressure_cell_1_3,152.23597105962529,151.80158967047947,0.43438138914581259,-1,MEASURED
"smooth_pressure_refinement_12",pressure_cell_1_4,177.28254313814142,176.77669529663689,0.50584784150453288,-1,MEASURED
"smooth_pressure_refinement_12",pressure_cell_1_5,190.24760287504648,189.7047612756302,0.54284159941627763,-1,MEASURED
"smooth_pressure_refinement_12",pressure_cell_1_6,190.247602875046,189.7047612756302,0.54284159941579446,-1,MEASURED
"smooth_pressure_refinement_12",pressure_cell_1_7,177.28254313814125,176.77669529663692,0.50584784150433393,-1,MEASURED
"smooth_pressure_refinement_12",pressure_cell_1_8,152.23597105962631,151.80158967047947,0.43438138914683577,-1,MEASURED
"smooth_pressure_refinement_12",pressure_cell_1_9,116.81476913523498,116.48145657226712,0.33331256296786194,-1,MEASURED
"smooth_pressure_refinement_12",pressure_cell_1_10,73.432833739810619,73.223304703363141,0.20952903644747778,-1,MEASURED
"smooth_pressure_refinement_12",pressure_cell_1_11,25.046572078514806,24.97510562615749,0.071466452357316967,-1,MEASURED
"smooth_pressure_refinement_12",pressure_cell_2_0,39.843342357555017,39.729655649472782,0.11368670808223413,-1,MEASURED
"smooth_pressure_refinement_12",pressure_cell_2_1,116.81476913523652,116.48145657226709,0.33331256296942513,-1,MEASURED
"smooth_pressure_refinement_12",pressure_cell_2_2,185.82546244188202,185.29523872436982,0.53022371751220021,-1,MEASURED
"smooth_pressure_refinement_12",pressure_cell_2_3,242.17245757421151,241.48145657226709,0.69100100194441438,-1,MEASURED
"smooth_pressure_refinement_12",pressure_cell_2_4,282.01579993176625,281.21111222173988,0.80468771002637141,-1,MEASURED
"smooth_pressure_refinement_12",pressure_cell_2_5,302.64023157711694,301.77669529663689,0.86353628048004794,-1,MEASURED
"smooth_pressure_refinement_12",pressure_cell_2_6,302.64023157711699,301.77669529663689,0.86353628048010478,-1,MEASURED
"smooth_pressure_refinement_12",pressure_cell_2_7,282.01579993176568,281.21111222173994,0.80468771002574613,-1,MEASURED
"smooth_pressure_refinement_12",pressure_cell_2_8,242.17245757421114,241.48145657226709,0.6910010019440449,-1,MEASURED
"smooth_pressure_refinement_12",pressure_cell_2_9,185.82546244188208,185.29523872436991,0.53022371751217179,-1,MEASURED
"smooth_pressure_refinement_12",pressure_cell_2_10,116.81476913523478,116.48145657226712,0.33331256296766298,-1,MEASURED
"smooth_pressure_refinement_12",pressure_cell_2_11,39.84334235755523,39.729655649472903,0.1136867080823265,-1,MEASURED
"smooth_pressure_refinement_12",pressure_cell_3_0,51.924854699165124,51.776695296636881,0.14815940252824333,-1,MEASURED
"smooth_pressure_refinement_12",pressure_cell_3_1,152.23597105962628,151.80158967047947,0.43438138914680735,-1,MEASURED
"smooth_pressure_refinement_12",pressure_cell_3_2,242.17245757421168,241.48145657226709,0.69100100194458491,-1,MEASURED
"smooth_pressure_refinement_12",pressure_cell_3_3,315.60529131402268,314.70476127563023,0.90053003839244639,-1,MEASURED
"smooth_pressure_refinement_12",pressure_cell_3_4,367.53014601318694,366.48145657226706,1.0486894409198726,-1,MEASURED
"smooth_pressure_refinement_12",pressure_cell_3_5,394.4084286338379,393.28304624274654,1.1253823910913638,-1,MEASURED
"smooth_pressure_refinement_12",pressure_cell_3_6,394.40842863383466,393.28304624274654,1.1253823910881238,-1,MEASURED
"smooth_pressure_refinement_12",pressure_cell_3_7,367.53014601318671,366.48145657226712,1.0486894409195884,-1,MEASURED
"smooth_pressure_refinement_12",pressure_cell_3_8,315.60529131402177,314.70476127563023,0.90053003839153689,-1,MEASURED
"smooth_pressure_refinement_12",pressure_cell_3_9,242.1724575742096,241.48145657226718,0.69100100194242486,-1,MEASURED
"smooth_pressure_refinement_12",pressure_cell_3_10,152.23597105962588,151.80158967047953,0.4343813891463526,-1,MEASURED
"smooth_pressure_refinement_12",pressure_cell_3_11,51.924854699164577,51.776695296637044,0.14815940252753279,-1,MEASURED
"smooth_pressure_refinement_12",pressure_cell_4_0,60.467774002905834,60.295238724369796,0.17253527853603856,-1,MEASURED
"smooth_pressure_refinement_12",pressure_cell_4_1,177.28254313814114,176.77669529663689,0.50584784150424866,-1,MEASURED
"smooth_pressure_refinement_12",pressure_cell_4_2,282.01579993176608,281.21111222173982,0.80468771002625772,-1,MEASURED
"smooth_pressure_refinement_12",pressure_cell_4_3,367.53014601318614,366.48145657226706,1.0486894409190768,-1,MEASURED
"smooth_pressure_refinement_12",pressure_cell_4_4,427.99792001609279,426.77669529663683,1.2212247194559609,-1,MEASURED
"smooth_pressure_refinement_12",pressure_cell_4_5,459.29834306990614,457.98780751837671,1.3105355515294264,-1,MEASURED
"smooth_pressure_refinement_12",pressure_cell_4_6,459.29834306990563,457.98780751837671,1.3105355515289148,-1,MEASURED
"smooth_pressure_refinement_12",pressure_cell_4_7,427.99792001609234,426.77669529663689,1.2212247194554493,-1,MEASURED
"smooth_pressure_refinement_12",pressure_cell_4_8,367.53014601318591,366.48145657226706,1.0486894409188494,-1,MEASURED
"smooth_pressure_refinement_12",pressure_cell_4_9,282.01579993176586,281.21111222173994,0.80468771002591666,-1,MEASURED
"smooth_pressure_refinement_12",pressure_cell_4_10,177.28254313814048,176.77669529663692,0.50584784150356654,-1,MEASURED
"smooth_pressure_refinement_12",pressure_cell_4_11,60.467774002905827,60.295238724369987,0.17253527853583961,-1,MEASURED
"smooth_pressure_refinement_12",pressure_cell_5_0,64.889914436070399,64.704761275630176,0.18515316044022256,-1,MEASURED
"smooth_pressure_refinement_12",pressure_cell_5_1,190.24760287504625,189.70476127563018,0.54284159941607868,-1,MEASURED
"smooth_pressure_refinement_12",pressure_cell_5_2,302.64023157711785,301.77669529663689,0.86353628048095743,-1,MEASURED
"smooth_pressure_refinement_12",pressure_cell_5_3,394.40842863383659,393.28304624274654,1.1253823910900564,-1,MEASURED
"smooth_pressure_refinement_12",pressure_cell_5_4,459.29834306990671,457.98780751837671,1.3105355515299948,-1,MEASURED
"smooth_pressure_refinement_12",pressure_cell_5_5,492.88783445216279,491.48145657226701,1.4063778798957856,-1,MEASURED
"smooth_pressure_refinement_12",pressure_cell_5_6,492.88783445216166,491.48145657226701,1.4063778798946487,-1,MEASURED
"smooth_pressure_refinement_12",pressure_cell_5_7,459.29834306990563,457.98780751837677,1.3105355515288579,-1,MEASURED
"smooth_pressure_refinement_12",pressure_cell_5_8,394.40842863383671,393.28304624274654,1.1253823910901701,-1,MEASURED
"smooth_pressure_refinement_12",pressure_cell_5_9,302.64023157711603,301.776695296637,0.86353628047902475,-1,MEASURED
"smooth_pressure_refinement_12",pressure_cell_5_10,190.24760287504594,189.70476127563023,0.5428415994157092,-1,MEASURED
"smooth_pressure_refinement_12",pressure_cell_5_11,64.889914436069446,64.704761275630389,0.18515316043905727,-1,MEASURED
"smooth_pressure_refinement_12",pressure_cell_6_0,64.889914436070455,64.704761275630176,0.18515316044027941,-1,MEASURED
"smooth_pressure_refinement_12",pressure_cell_6_1,190.24760287504571,189.70476127563018,0.54284159941553867,-1,MEASURED
"smooth_pressure_refinement_12",pressure_cell_6_2,302.64023157711659,301.77669529663689,0.86353628047970687,-1,MEASURED
"smooth_pressure_refinement_12",pressure_cell_6_3,394.40842863383654,393.28304624274654,1.1253823910899996,-1,MEASURED
"smooth_pressure_refinement_12",pressure_cell_6_4,459.29834306990722,457.98780751837671,1.3105355515305064,-1,MEASURED
"smooth_pressure_refinement_12",pressure_cell_6_5,492.88783445215972,491.48145657226701,1.406377879892716,-1,MEASURED
"smooth_pressure_refinement_12",pressure_cell_6_6,492.88783445216245,491.48145657226701,1.4063778798954445,-1,MEASURED
"smooth_pressure_refinement_12",pressure_cell_6_7,459.29834306990648,457.98780751837677,1.3105355515297106,-1,MEASURED
"smooth_pressure_refinement_12",pressure_cell_6_8,394.40842863383654,393.28304624274654,1.1253823910899996,-1,MEASURED
"smooth_pressure_refinement_12",pressure_cell_6_9,302.64023157711608,301.776695296637,0.8635362804790816,-1,MEASURED
"smooth_pressure_refinement_12",pressure_cell_6_10,190.24760287504455,189.70476127563023,0.54284159941431653,-1,MEASURED
"smooth_pressure_refinement_12",pressure_cell_6_11,64.889914436069887,64.704761275630389,0.18515316043949781,-1,MEASURED
"smooth_pressure_refinement_12",pressure_cell_7_0,60.467774002905657,60.295238724369803,0.17253527853585382,-1,MEASURED
"smooth_pressure_refinement_12",pressure_cell_7_1,177.28254313814071,176.77669529663689,0.50584784150382234,-1,MEASURED
"smooth_pressure_refinement_12",pressure_cell_7_2,282.01579993176529,281.21111222173988,0.80468771002540507,-1,MEASURED
"smooth_pressure_refinement_12",pressure_cell_7_3,367.53014601318671,366.48145657226712,1.0486894409195884,-1,MEASURED
"smooth_pressure_refinement_12",pressure_cell_7_4,427.99792001609217,426.77669529663689,1.2212247194552788,-1,MEASURED
"smooth_pressure_refinement_12",pressure_cell_7_5,459.29834306990551,457.98780751837677,1.3105355515287442,-1,MEASURED
"smooth_pressure_refinement_12",pressure_cell_7_6,459.29834306990676,457.98780751837677,1.3105355515299948,-1,MEASURED
"smooth_pressure_refinement_12",pressure_cell_7_7,427.99792001609234,426.77669529663694,1.2212247194553925,-1,MEASURED
"smooth_pressure_refinement_12",pressure_cell_7_8,367.53014601318608,366.48145657226712,1.0486894409189631,-1,MEASURED
"smooth_pressure_refinement_12",pressure_cell_7_9,282.01579993176483,281.21111222174,0.80468771002483663,-1,MEASURED
"smooth_pressure_refinement_12",pressure_cell_7_10,177.28254313814026,176.77669529663694,0.50584784150331075,-1,MEASURED
"smooth_pressure_refinement_12",pressure_cell_7_11,60.467774002905102,60.295238724369995,0.17253527853510775,-1,MEASURED
"smooth_pressure_refinement_12",pressure_cell_8_0,51.924854699164854,51.776695296636881,0.14815940252797333,-1,MEASURED
"smooth_pressure_refinement_12",pressure_cell_8_1,152.23597105962605,151.80158967047947,0.43438138914657998,-1,MEASURED
"smooth_pressure_refinement_12",pressure_cell_8_2,242.17245757421011,241.48145657226709,0.69100100194302172,-1,MEASURED
"smooth_pressure_refinement_12",pressure_cell_8_3,315.60529131402234,314.70476127563023,0.90053003839210533,-1,MEASURED
"smooth_pressure_refinement_12",pressure_cell_8_4,367.53014601318631,366.48145657226706,1.0486894409192473,-1,MEASURED
"smooth_pressure_refinement_12",pressure_cell_8_5,394.40842863383756,393.28304624274654,1.1253823910910228,-1,MEASURED
"smooth_pressure_refinement_12",pressure_cell_8_6,394.40842863383568,393.28304624274654,1.1253823910891469,-1,MEASURED
"smooth_pressure_refinement_12",pressure_cell_8_7,367.53014601318591,366.48145657226712,1.0486894409187926,-1,MEASURED
"smooth_pressure_refinement_12",pressure_cell_8_8,315.60529131401995,314.70476127563023,0.9005300383897179,-1,MEASURED
"smooth_pressure_refinement_12",pressure_cell_8_9,242.17245757420923,241.48145657226718,0.69100100194205538,-1,MEASURED
"smooth_pressure_refinement_12",pressure_cell_8_10,152.23597105962492,151.80158967047953,0.43438138914538627,-1,MEASURED
"smooth_pressure_refinement_12",pressure_cell_8_11,51.924854699164676,51.776695296637044,0.14815940252763227,-1,MEASURED
"smooth_pressure_refinement_12",pressure_cell_9_0,39.843342357555265,39.729655649472789,0.11368670808247572,-1,MEASURED
"smooth_pressure_refinement_12",pressure_cell_9_1,116.81476913523446,116.48145657226711,0.33331256296735035,-1,MEASURED
"smooth_pressure_refinement_12",pressure_cell_9_2,185.82546244188126,185.29523872436988,0.53022371751137598,-1,MEASURED
"smooth_pressure_refinement_12",pressure_cell_9_3,242.17245757421105,241.48145657226715,0.69100100194390279,-1,MEASURED
"smooth_pressure_refinement_12",pressure_cell_9_4,282.01579993176586,281.21111222173994,0.80468771002591666,-1,MEASURED
"smooth_pressure_refinement_12",pressure_cell_9_5,302.64023157711523,301.77669529663694,0.86353628047828579,-1,MEASURED
"smooth_pressure_refinement_12",pressure_cell_9_6,302.64023157711534,301.77669529663694,0.86353628047839948,-1,MEASURED
"smooth_pressure_refinement_12",pressure_cell_9_7,282.01579993176506,281.21111222173994,0.80468771002512085,-1,MEASURED
"smooth_pressure_refinement_12",pressure_cell_9_8,242.17245757421054,241.48145657226715,0.6910010019433912,-1,MEASURED
"smooth_pressure_refinement_12",pressure_cell_9_9,185.82546244188075,185.29523872436994,0.53022371751080755,-1,MEASURED
"smooth_pressure_refinement_12",pressure_cell_9_10,116.81476913523383,116.48145657226715,0.33331256296668244,-1,MEASURED
"smooth_pressure_refinement_12",pressure_cell_9_11,39.843342357554938,39.729655649472917,0.11368670808202097,-1,MEASURED
"smooth_pressure_refinement_12",pressure_cell_10_0,25.046572078514838,24.975105626157415,0.071466452357423549,-1,MEASURED
"smooth_pressure_refinement_12",pressure_cell_10_1,73.432833739810846,73.223304703363155,0.20952903644769094,-1,MEASURED
"smooth_pressure_refinement_12",pressure_cell_10_2,116.81476913523446,116.48145657226712,0.33331256296733613,-1,MEASURED
"smooth_pressure_refinement_12",pressure_cell_10_3,152.23597105962628,151.80158967047953,0.43438138914675051,-1,MEASURED
"smooth_pressure_refinement_12",pressure_cell_10_4,177.28254313814026,176.77669529663694,0.50584784150331075,-1,MEASURED
"smooth_pressure_refinement_12",pressure_cell_10_5,190.24760287504614,189.70476127563026,0.54284159941587973,-1,MEASURED
"smooth_pressure_refinement_12",pressure_cell_10_6,190.24760287504424,189.70476127563026,0.54284159941397547,-1,MEASURED
"smooth_pressure_refinement_12",pressure_cell_10_7,177.28254313814017,176.77669529663697,0.50584784150319706,-1,MEASURED
"smooth_pressure_refinement_12",pressure_cell_10_8,152.23597105962432,151.80158967047953,0.43438138914478941,-1,MEASURED
"smooth_pressure_refinement_12",pressure_cell_10_9,116.81476913523414,116.48145657226716,0.33331256296698086,-1,MEASURED
"smooth_pressure_refinement_12",pressure_cell_10_10,73.432833739810931,73.223304703363169,0.209529036447762,-1,MEASURED
"smooth_pressure_refinement_12",pressure_cell_10_11,25.046572078514767,24.975105626157497,0.071466452357270782,-1,MEASURED
"smooth_pressure_refinement_12",pressure_cell_11_0,8.5429193037410585,8.5185434277329541,0.024375876008104314,-1,MEASURED
"smooth_pressure_refinement_12",pressure_cell_11_1,25.04657207851486,24.97510562615749,0.071466452357370258,-1,MEASURED
"smooth_pressure_refinement_12",pressure_cell_11_2,39.84334235755518,39.729655649472903,0.11368670808227677,-1,MEASURED
"smooth_pressure_refinement_12",pressure_cell_11_3,51.92485469916457,51.776695296637044,0.14815940252752569,-1,MEASURED
"smooth_pressure_refinement_12",pressure_cell_11_4,60.467774002905834,60.295238724369995,0.17253527853583961,-1,MEASURED
"smooth_pressure_refinement_12",pressure_cell_11_5,64.889914436069546,64.704761275630389,0.18515316043915675,-1,MEASURED
"smooth_pressure_refinement_12",pressure_cell_11_6,64.889914436069944,64.704761275630389,0.18515316043955465,-1,MEASURED
"smooth_pressure_refinement_12",pressure_cell_11_7,60.46777400290518,60.295238724370002,0.1725352785351788,-1,MEASURED
"smooth_pressure_refinement_12",pressure_cell_11_8,51.924854699164513,51.776695296637044,0.14815940252746884,-1,MEASURED
"smooth_pressure_refinement_12",pressure_cell_11_9,39.843342357555187,39.729655649472917,0.11368670808226966,-1,MEASURED
"smooth_pressure_refinement_12",pressure_cell_11_10,25.046572078514739,24.975105626157497,0.07146645235724236,-1,MEASURED
"smooth_pressure_refinement_12",pressure_cell_11_11,8.5429193037411171,8.5185434277329808,0.024375876008136288,-1,MEASURED
"smooth_pressure_refinement_12",pressure_L1,0.58318596693433933,0,0.58318596693433933,-1,MEASURED
"smooth_pressure_refinement_12",projected_speed,1.6653345369377348e-16,0,1.6653345369377348e-16,1.0000000000000001e-09,PASS
"smooth_pressure_refinement_24",constraint_residual,1.007970901088585e-16,0,1.007970901088585e-16,1.0000000000000001e-09,PASS
"smooth_pressure_refinement_24",impulse_residual,2.0641955519355336e-14,0,2.0641955519355336e-14,1.0000000000000001e-09,PASS
"smooth_pressure_refinement_24",energy_identity_residual,3.6082248300317588e-16,0,3.6082248300317588e-16,1.0000000000000001e-09,PASS
"smooth_pressure_refinement_24",momentum_budget_residual,4.4325838962935268e-15,0,4.4325838962935268e-15,1.0000000000000001e-09,PASS
"smooth_pressure_refinement_24",mass_partition_error,6.0822458181061512e-14,0,6.0822458181061512e-14,1.0000000000000001e-09,PASS
"smooth_pressure_refinement_24",normal_closure,0,0,0,9.9999999999999998e-13,PASS
"smooth_pressure_refinement_24",moment_closure,0,0,0,9.9999999999999998e-13,PASS
"smooth_pressure_refinement_24",pressure_cell_0_0,2.1403123990751824,2.1387846565473971,0.0015277425277853141,-1,MEASURED
"smooth_pressure_refinement_24",pressure_cell_0_1,6.3843158586694297,6.3797587711855304,0.0045570874838993802,-1,MEASURED
"smooth_pressure_refinement_24",pressure_cell_0_2,10.519081903855922,10.511573444445382,0.0075084594105394586,-1,MEASURED
"smooth_pressure_refinement_24",pressure_cell_0_3,14.47386354122693,14.463532181712026,0.010331359514903937,-1,MEASURED
"smooth_pressure_refinement_24",pressure_cell_0_4,18.180993360494867,18.16801587330087,0.012977487193996495,-1,MEASURED
"smooth_pressure_refinement_24",pressure_cell_0_5,21.577041342640783,21.561639776171909,0.01540156646887425,-1,MEASURED
"smooth_pressure_refinement_24",pressure_cell_0_6,24.603900165127584,24.586338044456721,0.017562120670863379,-1,MEASURED
"smooth_pressure_refinement_24",pressure_cell_0_7,27.209779434299534,27.190357252180156,0.019422182119377851,-1,MEASURED
"smooth_pressure_refinement_24",pressure_cell_0_8,29.350091833374279,29.329141908727557,0.02094992464672174,-1,MEASURED
"smooth_pressure_refinement_24",pressure_cell_0_9,30.988216023797897,30.966096815642249,0.022119208155647385,-1,MEASURED
"smooth_pressure_refinement_24",pressure_cell_0_10,32.096123246497051,32.073213220617291,0.022910025879760099,-1,MEASURED
"smooth_pressure_refinement_24",pressure_cell_0_11,32.654856901722624,32.6315480550129,0.023308846709724662,-1,MEASURED
"smooth_pressure_refinement_24",pressure_cell_0_12,32.654856901722525,32.6315480550129,0.023308846709625186,-1,MEASURED
"smooth_pressure_refinement_24",pressure_cell_0_13,32.096123246497669,32.073213220617291,0.022910025880378271,-1,MEASURED
"smooth_pressure_refinement_24",pressure_cell_0_14,30.988216023797747,30.966096815642253,0.022119208155494618,-1,MEASURED
"smooth_pressure_refinement_24",pressure_cell_0_15,29.350091833374648,29.329141908727557,0.020949924647091223,-1,MEASURED
"smooth_pressure_refinement_24",pressure_cell_0_16,27.209779434299818,27.190357252180156,0.019422182119662068,-1,MEASURED
"smooth_pressure_refinement_24",pressure_cell_0_17,24.603900165128319,24.586338044456721,0.017562120671598791,-1,MEASURED
"smooth_pressure_refinement_24",pressure_cell_0_18,21.577041342640797,21.561639776171912,0.015401566468884909,-1,MEASURED
"smooth_pressure_refinement_24",pressure_cell_0_19,18.180993360495066,18.168015873300881,0.012977487194184789,-1,MEASURED
"smooth_pressure_refinement_24",pressure_cell_0_20,14.473863541227399,14.46353218171204,0.010331359515358685,-1,MEASURED
"smooth_pressure_refinement_24",pressure_cell_0_21,10.519081903857092,10.511573444445387,0.0075084594117047487,-1,MEASURED
"smooth_pressure_refinement_24",pressure_cell_0_22,6.3843158586702513,6.3797587711855277,0.0045570874847236098,-1,MEASURED
"smooth_pressure_refinement_24",pressure_cell_0_23,2.1403123990752335,2.1387846565473989,0.001527742527834608,-1,MEASURED
"smooth_pressure_refinement_24",pressure_cell_1_0,6.3843158586691473,6.3797587711855304,0.0045570874836169395,-1,MEASURED
"smooth_pressure_refinement_24",pressure_cell_1_1,19.043710161601755,19.030116872178308,0.013593289423447175,-1,MEASURED
"smooth_pressure_refinement_24",pressure_cell_1_2,31.377261303752618,31.35486439734294,0.022396906409678508,-1,MEASURED
"smooth_pressure_refinement_24",pressure_cell_1_3,43.173938805577706,43.143121499458275,0.030817306119431009,-1,MEASURED
"smooth_pressure_refinement_24",pressure_cell_1_4,54.231898244362505,54.193187831184801,0.038710413177703629,-1,MEASURED
"smooth_pressure_refinement_24",pressure_cell_1_5,64.361934868263461,64.315993693929499,0.045941174333961499,-1,MEASURED
"smooth_pressure_refinement_24",pressure_cell_1_6,73.390720942069507,73.338335072808789,0.052385869260717755,-1,MEASURED
"smooth_pressure_refinement_24",pressure_cell_1_7,81.163771432801099,81.105837205364423,0.057934227436675201,-1,MEASURED
"smooth_pressure_refinement_24",pressure_cell_1_8,87.548087291472214,87.485595976549973,0.062491314922240804,-1,MEASURED
"smooth_pressure_refinement_24",pressure_cell_1_9,92.434431103668572,92.368451944987086,0.065979158681486183,-1,MEASURED
"smooth_pressure_refinement_24",pressure_cell_1_10,95.73919617201841,95.670858091272436,0.068338080745974139,-1,MEASURED
"smooth_pressure_refinement_24",pressure_cell_1_11,97.405837049942392,97.336309330643076,0.069527719299316004,-1,MEASURED
"smooth_pressure_refinement_24",pressure_cell_1_12,97.405837049943102,97.336309330643076,0.069527719300026547,-1,MEASURED
"smooth_pressure_refinement_24",pressure_cell_1_13,95.73919617201804,95.670858091272436,0.068338080745604657,-1,MEASURED
"smooth_pressure_refinement_24",pressure_cell_1_14,92.434431103669937,92.3684519449871,0.065979158682836214,-1,MEASURED
"smooth_pressure_refinement_24",pressure_cell_1_15,87.548087291470765,87.485595976549973,0.062491314920791297,-1,MEASURED
"smooth_pressure_refinement_24",pressure_cell_1_16,81.163771432803216,81.105837205364423,0.057934227438792618,-1,MEASURED
"smooth_pressure_refinement_24",pressure_cell_1_17,73.390720942069038,73.338335072808789,0.052385869260248796,-1,MEASURED
"smooth_pressure_refinement_24",pressure_cell_1_18,64.361934868264512,64.315993693929499,0.045941174335013102,-1,MEASURED
"smooth_pressure_refinement_24",pressure_cell_1_19,54.231898244361432,54.193187831184829,0.038710413176602287,-1,MEASURED
"smooth_pressure_refinement_24",pressure_cell_1_20,43.173938805580029,43.143121499458317,0.030817306121711852,-1,MEASURED
"smooth_pressure_refinement_24",pressure_cell_1_21,31.377261303755223,31.354864397342954,0.022396906412268436,-1,MEASURED
"smooth_pressure_refinement_24",pressure_cell_1_22,19.043710161601936,19.030116872178301,0.013593289423635468,-1,MEASURED
"smooth_pressure_refinement_24",pressure_cell_1_23,6.3843158586699627,6.3797587711855357,0.0045570874844269582,-1,MEASURED
"smooth_pressure_refinement_24",pressure_cell_2_0,10.519081903856234,10.511573444445382,0.0075084594108520974,-1,MEASURED
"smooth_pressure_refinement_24",pressure_cell_2_1,31.377261303753595,31.354864397342936,0.022396906410659057,-1,MEASURED
"smooth_pressure_refinement_24",pressure_cell_2_2,51.698567063325847,51.661664927191211,0.036902136134635555,-1,MEASURED
"smooth_pressure_refinement_24",pressure_cell_2_3,71.135296006888623,71.084520046815712,0.05077596007291163,-1,MEASURED
"smooth_pressure_refinement_24",pressure_cell_2_4,89.354880313347451,89.2910993200869,0.063780993260550645,-1,MEASURED
"smooth_pressure_refinement_24",pressure_cell_2_5,106.04557784379102,105.96988312782167,0.075694715969348181,-1,MEASURED
"smooth_pressure_refinement_24",pressure_cell_2_6,120.92180613593742,120.83549285483721,0.086313281100203199,-1,MEASURED
"smooth_pressure_refinement_24",pressure_cell_2_7,133.72902879924035,133.63357379717857,0.095455002061783034,-1,MEASURED
"smooth_pressure_refinement_24",pressure_cell_2_8,144.24811070309622,144.14514724162399,0.10296346147222835,-1,MEASURED
"smooth_pressure_refinement_24",pressure_cell_2_9,152.29906743969195,152.19035725218015,0.10871018751180372,-1,MEASURED
"smooth_pressure_refinement_24",pressure_cell_2_10,157.74414490711447,157.6315480550129,0.112596852101575,-1,MEASURED
"smooth_pressure_refinement_24",pressure_cell_2_11,160.49017632023799,160.37561936690261,0.11455695333538074,-1,MEASURED
"smooth_pressure_refinement_24",pressure_cell_2_12,160.49017632023788,160.37561936690261,0.11455695333526705,-1,MEASURED
"smooth_pressure_refinement_24",pressure_cell_2_13,157.74414490711604,157.6315480550129,0.11259685210313819,-1,MEASURED
"smooth_pressure_refinement_24",pressure_cell_2_14,152.29906743969246,152.19035725218015,0.10871018751231531,-1,MEASURED
"smooth_pressure_refinement_24",pressure_cell_2_15,144.248110703099,144.14514724162399,0.10296346147501367,-1,MEASURED
"smooth_pressure_refinement_24",pressure_cell_2_16,133.72902879924098,133.63357379717857,0.095455002062408312,-1,MEASURED
"smooth_pressure_refinement_24",pressure_cell_2_17,120.92180613594007,120.83549285483721,0.086313281102860628,-1,MEASURED
"smooth_pressure_refinement_24",pressure_cell_2_18,106.04557784379178,105.9698831278217,0.075694715970072934,-1,MEASURED
"smooth_pressure_refinement_24",pressure_cell_2_19,89.354880313348161,89.291099320086957,0.063780993261204344,-1,MEASURED
"smooth_pressure_refinement_24",pressure_cell_2_20,71.135296006889973,71.084520046815783,0.050775960074190607,-1,MEASURED
"smooth_pressure_refinement_24",pressure_cell_2_21,51.698567063324475,51.661664927191232,0.036902136133242891,-1,MEASURED
"smooth_pressure_refinement_24",pressure_cell_2_22,31.377261303754359,31.354864397342922,0.022396906411437101,-1,MEASURED
"smooth_pressure_refinement_24",pressure_cell_2_23,10.519081903856758,10.511573444445391,0.0075084594113672409,-1,MEASURED
"smooth_pressure_refinement_24",pressure_cell_3_0,14.473863541227342,14.463532181712024,0.010331359515317828,-1,MEASURED
"smooth_pressure_refinement_24",pressure_cell_3_1,43.17393880557961,43.143121499458275,0.030817306121335264,-1,MEASURED
"smooth_pressure_refinement_24",pressure_cell_3_2,71.135296006888808,71.084520046815712,0.050775960073096371,-1,MEASURED
"smooth_pressure_refinement_24",pressure_cell_3_3,97.879508571094647,97.809642747819822,0.069865823274824379,-1,MEASURED
"smooth_pressure_refinement_24",pressure_cell_3_4,122.94897560631743,122.86121534345259,0.087760262864847505,-1,MEASURED
"smooth_pressure_refinement_24",pressure_cell_3_5,145.91475158102239,145.8105984809946,0.1041531000277871,-1,MEASURED
"smooth_pressure_refinement_24",pressure_cell_3_6,166.38388570096342,166.26512185219147,0.11876384877194823,-1,MEASURED
"smooth_pressure_refinement_24",pressure_cell_3_7,184.00614540623278,183.87480289109672,0.13134251513605477,-1,MEASURED
"smooth_pressure_refinement_24",pressure_cell_3_8,198.48000894746068,198.33833507280877,0.14167387465190018,-1,MEASURED
"smooth_pressure_refinement_24",pressure_cell_3_9,209.55782450654223,209.40824335164973,0.1495811548925019,-1,MEASURED
"smooth_pressure_refinement_24",pressure_cell_3_10,217.05004758791205,216.89511852781033,0.15492906010172192,-1,MEASURED
"smooth_pressure_refinement_24",pressure_cell_3_11,220.8284841774099,220.67085809127241,0.15762608613749762,-1,MEASURED
"smooth_pressure_refinement_24",pressure_cell_3_12,220.82848417741164,220.67085809127241,0.15762608613923135,-1,MEASURED
"smooth_pressure_refinement_24",pressure_cell_3_13,217.05004758791281,216.89511852781033,0.1549290601024893,-1,MEASURED
"smooth_pressure_refinement_24",pressure_cell_3_14,209.55782450654482,209.40824335164976,0.14958115489505985,-1,MEASURED
"smooth_pressure_refinement_24",pressure_cell_3_15,198.4800089474619,198.33833507280877,0.14167387465312231,-1,MEASURED
"smooth_pressure_refinement_24",pressure_cell_3_16,184.00614540623522,183.87480289109672,0.13134251513849904,-1,MEASURED
"smooth_pressure_refinement_24",pressure_cell_3_17,166.38388570096373,166.26512185219147,0.11876384877226087,-1,MEASURED
"smooth_pressure_refinement_24",pressure_cell_3_18,145.91475158102384,145.81059848099463,0.10415310002920819,-1,MEASURED
"smooth_pressure_refinement_24",pressure_cell_3_19,122.94897560631787,122.86121534345266,0.087760262865216987,-1,MEASURED
"smooth_pressure_refinement_24",pressure_cell_3_20,97.879508571094647,97.809642747819922,0.069865823274724903,-1,MEASURED
"smooth_pressure_refinement_24",pressure_cell_3_21,71.135296006890513,71.084520046815754,0.050775960074759041,-1,MEASURED
"smooth_pressure_refinement_24",pressure_cell_3_22,43.173938805579461,43.143121499458253,0.030817306121207366,-1,MEASURED
"smooth_pressure_refinement_24",pressure_cell_3_23,14.473863541227773,14.463532181712036,0.010331359515737049,-1,MEASURED
"smooth_pressure_refinement_24",pressure_cell_4_0,18.180993360495119,18.168015873300867,0.012977487194252291,-1,MEASURED
"smooth_pressure_refinement_24",pressure_cell_4_1,54.231898244363371,54.193187831184794,0.038710413178577596,-1,MEASURED
"smooth_pressure_refinement_24",pressure_cell_4_2,89.354880313349668,89.2910993200869,0.063780993262767538,-1,MEASURED
"smooth_pressure_refinement_24",pressure_cell_4_3,122.94897560631645,122.86121534345257,0.087760262863881167,-1,MEASURED
"smooth_pressure_refinement_24",pressure_cell_4_4,154.43937983876688,154.32914190872751,0.11023793003937499,-1,MEASURED
"smooth_pressure_refinement_24",pressure_cell_4_5,183.28728346349115,183.15645406782238,0.13082939566876917,-1,MEASURED
"smooth_pressure_refinement_24",pressure_cell_4_6,208.9990908513164,208.84990851725414,0.14918233406226022,-1,MEASURED
"smooth_pressure_refinement_24",pressure_cell_4_7,231.13486584918218,230.96988312782162,0.16498272136055903,-1,MEASURED
"smooth_pressure_refinement_24",pressure_cell_4_8,249.31585920967575,249.13789900112255,0.17796020855320194,-1,MEASURED
"smooth_pressure_refinement_24",pressure_cell_4_9,263.23098909568137,263.04309634843889,0.18789274724247207,-1,MEASURED
"smooth_pressure_refinement_24",pressure_cell_4_10,272.64216377683584,272.44755338790929,0.19461038892654869,-1,MEASURED
"smooth_pressure_refinement_24",pressure_cell_4_11,277.38835544508561,277.19035725218009,0.19799819290551568,-1,MEASURED
"smooth_pressure_refinement_24",pressure_cell_4_12,277.38835544508663,277.19035725218009,0.19799819290653886,-1,MEASURED
"smooth_pressure_refinement_24",pressure_cell_4_13,272.64216377683891,272.44755338790929,0.19461038892961824,-1,MEASURED
"smooth_pressure_refinement_24",pressure_cell_4_14,263.23098909568176,263.04309634843895,0.18789274724281313,-1,MEASURED
"smooth_pressure_refinement_24",pressure_cell_4_15,249.31585920968038,249.13789900112255,0.17796020855783468,-1,MEASURED
"smooth_pressure_refinement_24",pressure_cell_4_16,231.13486584918567,230.96988312782162,0.1649827213640549,-1,MEASURED
"smooth_pressure_refinement_24",pressure_cell_4_17,208.99909085132018,208.84990851725414,0.14918233406604031,-1,MEASURED
"smooth_pressure_refinement_24",pressure_cell_4_18,183.28728346349072,183.15645406782241,0.13082939566831442,-1,MEASURED
"smooth_pressure_refinement_24",pressure_cell_4_19,154.4393798387691,154.32914190872762,0.11023793004147819,-1,MEASURED
"smooth_pressure_refinement_24",pressure_cell_4_20,122.94897560631763,122.8612153434527,0.08776026286493277,-1,MEASURED
"smooth_pressure_refinement_24",pressure_cell_4_21,89.354880313348943,89.291099320086943,0.063780993262000152,-1,MEASURED
"smooth_pressure_refinement_24",pressure_cell_4_22,54.231898244363961,54.193187831184773,0.038710413179188663,-1,MEASURED
"smooth_pressure_refinement_24",pressure_cell_4_23,18.180993360495531,18.168015873300881,0.012977487194650195,-1,MEASURED
"smooth_pressure_refinement_24",pressure_cell_5_0,21.577041342640541,21.561639776171909,0.015401566468632666,-1,MEASURED
"smooth_pressure_refinement_24",pressure_cell_5_1,64.361934868264271,64.315993693929499,0.045941174334771517,-1,MEASURED
"smooth_pressure_refinement_24",pressure_cell_5_2,106.04557784379132,105.96988312782169,0.075694715969632398,-1,MEASURED
"smooth_pressure_refinement_24",pressure_cell_5_3,145.91475158102088,145.81059848099463,0.10415310002625233,-1,MEASURED
"smooth_pressure_refinement_24",pressure_cell_5_4,183.28728346349027,183.15645406782241,0.13082939566785967,-1,MEASURED
"smooth_pressure_refinement_24",pressure_cell_5_5,217.52371910905927,217.3684519449871,0.15526716407217123,-1,MEASURED
"smooth_pressure_refinement_24",pressure_cell_5_6,248.03826361171033,247.86121534345261,0.17704826825772102,-1,MEASURED
"smooth_pressure_refinement_24",pressure_cell_5_7,274.30880465475985,274.11300462727996,0.19580002747989056,-1,MEASURED
"smooth_pressure_refinement_24",pressure_cell_5_8,295.88584599740477,295.67464440345191,0.21120159395286464,-1,MEASURED
"smooth_pressure_refinement_24",pressure_cell_5_9,312.40019847997229,312.17720903738206,0.22298944259023301,-1,MEASURED
"smooth_pressure_refinement_24",pressure_cell_5_10,323.56929695285436,323.33833507280877,0.23096188004558371,-1,MEASURED
"smooth_pressure_refinement_24",pressure_cell_5_11,329.20203504451302,328.96705254881704,0.23498249569598784,-1,MEASURED
"smooth_pressure_refinement_24",pressure_cell_5_12,329.20203504451479,328.96705254881704,0.23498249569774998,-1,MEASURED
"smooth_pressure_refinement_24",pressure_cell_5_13,323.5692969528568,323.33833507280877,0.23096188004802798,-1,MEASURED
"smooth_pressure_refinement_24",pressure_cell_5_14,312.40019847997718,312.17720903738211,0.2229894425950647,-1,MEASURED
"smooth_pressure_refinement_24",pressure_cell_5_15,295.88584599740659,295.67464440345191,0.21120159395468363,-1,MEASURED
"smooth_pressure_refinement_24",pressure_cell_5_16,274.30880465476474,274.11300462727996,0.19580002748477909,-1,MEASURED
"smooth_pressure_refinement_24",pressure_cell_5_17,248.03826361171195,247.86121534345261,0.17704826825934106,-1,MEASURED
"smooth_pressure_refinement_24",pressure_cell_5_18,217.52371910906481,217.36845194498713,0.15526716407768504,-1,MEASURED
"smooth_pressure_refinement_24",pressure_cell_5_19,183.28728346349092,183.15645406782249,0.13082939566842811,-1,MEASURED
"smooth_pressure_refinement_24",pressure_cell_5_20,145.91475158102486,145.81059848099477,0.10415310003008926,-1,MEASURED
"smooth_pressure_refinement_24",pressure_cell_5_21,106.04557784379118,105.96988312782175,0.075694715969433446,-1,MEASURED
"smooth_pressure_refinement_24",pressure_cell_5_22,64.361934868264555,64.315993693929471,0.045941174335084156,-1,MEASURED
"smooth_pressure_refinement_24",pressure_cell_5_23,21.57704134264101,21.561639776171926,0.015401566469083861,-1,MEASURED
"smooth_pressure_refinement_24",pressure_cell_6_0,24.603900165127552,24.586338044456717,0.017562120670834958,-1,MEASURED
"smooth_pressure_refinement_24",pressure_cell_6_1,73.390720942068427,73.338335072808775,0.05238586925965194,-1,MEASURED
"smooth_pressure_refinement_24",pressure_cell_6_2,120.92180613593635,120.83549285483721,0.086313281099137384,-1,MEASURED
"smooth_pressure_refinement_24",pressure_cell_6_3,166.38388570096308,166.26512185219147,0.11876384877160717,-1,MEASURED
"smooth_pressure_refinement_24",pressure_cell_6_4,208.99909085131537,208.84990851725416,0.14918233406120862,-1,MEASURED
"smooth_pressure_refinement_24",pressure_cell_6_5,248.03826361170903,247.86121534345259,0.17704826825644204,-1,MEASURED
"smooth_pressure_refinement_24",pressure_cell_6_6,282.83343291250605,282.6315480550129,0.20188485749315532,-1,MEASURED
"smooth_pressure_refinement_24",pressure_cell_6_7,312.78924375992978,312.56597661908273,0.22326714084704236,-1,MEASURED
"smooth_pressure_refinement_24",pressure_cell_6_8,337.3931439250573,337.15231466353953,0.24082926151777428,-1,MEASURED
"smooth_pressure_refinement_24",pressure_cell_6_9,356.22415385457526,355.96988312782167,0.25427072675358886,-1,MEASURED
"smooth_pressure_refinement_24",pressure_cell_6_10,368.96006974764794,368.6967081982898,0.26336154935813738,-1,MEASURED
"smooth_pressure_refinement_24",pressure_cell_6_11,375.38297655228178,375.11503036944566,0.26794618283611271,-1,MEASURED
"smooth_pressure_refinement_24",pressure_cell_6_12,375.38297655228394,375.11503036944566,0.26794618283827276,-1,MEASURED
"smooth_pressure_refinement_24",pressure_cell_6_13,368.96006974765049,368.6967081982898,0.26336154936069534,-1,MEASURED
"smooth_pressure_refinement_24",pressure_cell_6_14,356.22415385457845,355.96988312782167,0.25427072675677209,-1,MEASURED
"smooth_pressure_refinement_24",pressure_cell_6_15,337.39314392505941,337.15231466353953,0.24082926151987749,-1,MEASURED
"smooth_pressure_refinement_24",pressure_cell_6_16,312.78924375993188,312.56597661908273,0.22326714084914556,-1,MEASURED
"smooth_pressure_refinement_24",pressure_cell_6_17,282.83343291251157,282.6315480550129,0.20188485749866913,-1,MEASURED
"smooth_pressure_refinement_24",pressure_cell_6_18,248.03826361171195,247.86121534345264,0.17704826825931264,-1,MEASURED
"smooth_pressure_refinement_24",pressure_cell_6_19,208.99909085131981,208.84990851725428,0.14918233406552872,-1,MEASURED
"smooth_pressure_refinement_24",pressure_cell_6_20,166.38388570096544,166.26512185219164,0.11876384877379564,-1,MEASURED
"smooth_pressure_refinement_24",pressure_cell_6_21,120.9218061359409,120.83549285483728,0.086313281103613804,-1,MEASURED
"smooth_pressure_refinement_24",pressure_cell_6_22,73.39072094206935,73.338335072808746,0.052385869260604068,-1,MEASURED
"smooth_pressure_refinement_24",pressure_cell_6_23,24.603900165128419,24.586338044456738,0.017562120671680503,-1,MEASURED
"smooth_pressure_refinement_24",pressure_cell_7_0,27.209779434299545,27.190357252180153,0.019422182119392062,-1,MEASURED
"smooth_pressure_refinement_24",pressure_cell_7_1,81.163771432801781,81.105837205364423,0.057934227437357322,-1,MEASURED
"smooth_pressure_refinement_24",pressure_cell_7_2,133.72902879924104,133.63357379717857,0.095455002062465155,-1,MEASURED
"smooth_pressure_refinement_24",pressure_cell_7_3,184.00614540623275,183.87480289109672,0.13134251513602635,-1,MEASURED
"smooth_pressure_refinement_24",pressure_cell_7_4,231.13486584918158,230.96988312782165,0.16498272135993375,-1,MEASURED
"smooth_pressure_refinement_24",pressure_cell_7_5,274.30880465476133,274.11300462727991,0.19580002748142533,-1,MEASURED
"smooth_pressure_refinement_24",pressure_cell_7_6,312.78924375992938,312.56597661908273,0.22326714084664445,-1,MEASURED
"smooth_pressure_refinement_24",pressure_cell_7_7,345.91777218280168,345.67085809127235,0.24691409152933375,-1,MEASURED
"smooth_pressure_refinement_24",pressure_cell_7_8,373.12755161710265,372.86121534345256,0.26633627365009716,-1,MEASURED
"smooth_pressure_refinement_24",pressure_cell_7_9,393.95301519273374,393.67181382444716,0.28120136828658815,-1,MEASURED
"smooth_pressure_refinement_24",pressure_cell_7_10,408.03783345400501,407.74657842445851,0.29125502954650528,-1,MEASURED
"smooth_pressure_refinement_24",pressure_cell_7_11,415.14101125542152,414.84468601891837,0.29632523650315079,-1,MEASURED
"smooth_pressure_refinement_24",pressure_cell_7_12,415.14101125542135,414.84468601891837,0.29632523650298026,-1,MEASURED
"smooth_pressure_refinement_24",pressure_cell_7_13,408.03783345400683,407.74657842445851,0.29125502954832427,-1,MEASURED
"smooth_pressure_refinement_24",pressure_cell_7_14,393.9530151927359,393.67181382444716,0.2812013682887482,-1,MEASURED
"smooth_pressure_refinement_24",pressure_cell_7_15,373.12755161710754,372.86121534345256,0.26633627365498569,-1,MEASURED
"smooth_pressure_refinement_24",pressure_cell_7_16,345.91777218280629,345.67085809127235,0.24691409153393806,-1,MEASURED
"smooth_pressure_refinement_24",pressure_cell_7_17,312.78924375993211,312.56597661908273,0.22326714084937294,-1,MEASURED
"smooth_pressure_refinement_24",pressure_cell_7_18,274.30880465476594,274.11300462727996,0.19580002748597281,-1,MEASURED
"smooth_pressure_refinement_24",pressure_cell_7_19,231.13486584918638,230.96988312782176,0.16498272136462333,-1,MEASURED
"smooth_pressure_refinement_24",pressure_cell_7_20,184.00614540623639,183.87480289109689,0.1313425151394938,-1,MEASURED
"smooth_pressure_refinement_24",pressure_cell_7_21,133.72902879924294,133.63357379717866,0.095455002064284145,-1,MEASURED
"smooth_pressure_refinement_24",pressure_cell_7_22,81.163771432804396,81.105837205364381,0.057934227440014752,-1,MEASURED
"smooth_pressure_refinement_24",pressure_cell_7_23,27.209779434300433,27.190357252180178,0.019422182120255371,-1,MEASURED
"smooth_pressure_refinement_24",pressure_cell_8_0,29.35009183337462,29.329141908727557,0.020949924647062801,-1,MEASURED
"smooth_pressure_refinement_24",pressure_cell_8_1,87.548087291472967,87.485595976549959,0.06249131492300819,-1,MEASURED
"smooth_pressure_refinement_24",pressure_cell_8_2,144.24811070309545,144.14514724162399,0.10296346147146096,-1,MEASURED
"smooth_pressure_refinement_24",pressure_cell_8_3,198.48000894746039,198.33833507280877,0.14167387465161596,-1,MEASURED
"smooth_pressure_refinement_24",pressure_cell_8_4,249.31585920967714,249.13789900112255,0.1779602085545946,-1,MEASURED
"smooth_pressure_refinement_24",pressure_cell_8_5,295.88584599740375,295.67464440345191,0.21120159395184146,-1,MEASURED
"smooth_pressure_refinement_24",pressure_cell_8_6,337.39314392505798,337.15231466353953,0.24082926151845641,-1,MEASURED
"smooth_pressure_refinement_24",pressure_cell_8_7,373.12755161710271,372.86121534345256,0.266336273650154,-1,MEASURED
"smooth_pressure_refinement_24",pressure_cell_8_8,402.47764345047824,402.19035725218021,0.28728619829803392,-1,MEASURED
"smooth_pressure_refinement_24",pressure_cell_8_9,424.94123121653286,424.63791064008944,0.30332057644341148,-1,MEASURED
"smooth_pressure_refinement_24",pressure_cell_8_10,440.13395670050323,439.8197916450759,0.3141650554273383,-1,MEASURED
"smooth_pressure_refinement_24",pressure_cell_8_11,447.79586815714225,447.47623407393138,0.31963408321087172,-1,MEASURED
"smooth_pressure_refinement_24",pressure_cell_8_12,447.79586815714435,447.47623407393138,0.31963408321297493,-1,MEASURED
"smooth_pressure_refinement_24",pressure_cell_8_13,440.13395670050437,439.8197916450759,0.31416505542847517,-1,MEASURED
"smooth_pressure_refinement_24",pressure_cell_8_14,424.94123121653507,424.6379106400895,0.30332057644557153,-1,MEASURED
"smooth_pressure_refinement_24",pressure_cell_8_15,402.47764345048063,402.19035725218021,0.28728619830042135,-1,MEASURED
"smooth_pressure_refinement_24",pressure_cell_8_16,373.12755161710663,372.86121534345256,0.26633627365407619,-1,MEASURED
"smooth_pressure_refinement_24",pressure_cell_8_17,337.39314392506242,337.15231466353953,0.24082926152289019,-1,MEASURED
"smooth_pressure_refinement_24",pressure_cell_8_18,295.88584599740534,295.67464440345191,0.21120159395343308,-1,MEASURED
"smooth_pressure_refinement_24",pressure_cell_8_19,249.3158592096826,249.13789900112269,0.17796020855990946,-1,MEASURED
"smooth_pressure_refinement_24",pressure_cell_8_20,198.48000894746309,198.33833507280897,0.14167387465411707,-1,MEASURED
"smooth_pressure_refinement_24",pressure_cell_8_21,144.24811070310037,144.14514724162407,0.10296346147629265,-1,MEASURED
"smooth_pressure_refinement_24",pressure_cell_8_22,87.548087291474474,87.485595976549931,0.062491314924542962,-1,MEASURED
"smooth_pressure_refinement_24",pressure_cell_8_23,29.350091833375537,29.329141908727582,0.020949924647954532,-1,MEASURED
"smooth_pressure_refinement_24",pressure_cell_9_0,30.988216023798039,30.966096815642246,0.022119208155793046,-1,MEASURED
"smooth_pressure_refinement_24",pressure_cell_9_1,92.434431103669652,92.368451944987086,0.065979158682566208,-1,MEASURED
"smooth_pressure_refinement_24",pressure_cell_9_2,152.29906743969215,152.19035725218015,0.10871018751200268,-1,MEASURED
"smooth_pressure_refinement_24",pressure_cell_9_3,209.55782450654249,209.40824335164973,0.1495811548927577,-1,MEASURED
"smooth_pressure_refinement_24",pressure_cell_9_4,263.23098909568131,263.04309634843895,0.18789274724235838,-1,MEASURED
"smooth_pressure_refinement_24",pressure_cell_9_5,312.4001984799711,312.17720903738206,0.2229894425890393,-1,MEASURED
"smooth_pressure_refinement_24",pressure_cell_9_6,356.22415385457617,355.96988312782167,0.25427072675449836,-1,MEASURED
"smooth_pressure_refinement_24",pressure_cell_9_7,393.95301519273227,393.67181382444716,0.28120136828511022,-1,MEASURED
"smooth_pressure_refinement_24",pressure_cell_9_8,424.94123121653195,424.6379106400895,0.30332057644244514,-1,MEASURED
"smooth_pressure_refinement_24",pressure_cell_9_9,448.65858495825046,448.33833507280872,0.32024988544173993,-1,MEASURED
"smooth_pressure_refinement_24",pressure_cell_9_10,464.69926591966697,464.36756628956221,0.33169963010476522,-1,MEASURED
"smooth_pressure_refinement_24",pressure_cell_9_11,472.78881360222965,472.45133970008868,0.33747390214097095,-1,MEASURED
"smooth_pressure_refinement_24",pressure_cell_9_12,472.78881360222601,472.45133970008868,0.33747390213733297,-1,MEASURED
"smooth_pressure_refinement_24",pressure_cell_9_13,464.69926591967265,464.36756628956221,0.33169963011044956,-1,MEASURED
"smooth_pressure_refinement_24",pressure_cell_9_14,448.65858495824875,448.33833507280877,0.32024988543997779,-1,MEASURED
"smooth_pressure_refinement_24",pressure_cell_9_15,424.94123121653541,424.6379106400895,0.30332057644591259,-1,MEASURED
"smooth_pressure_refinement_24",pressure_cell_9_16,393.95301519273539,393.67181382444716,0.28120136828823661,-1,MEASURED
"smooth_pressure_refinement_24",pressure_cell_9_17,356.22415385457856,355.96988312782167,0.25427072675688578,-1,MEASURED
"smooth_pressure_refinement_24",pressure_cell_9_18,312.40019847997871,312.17720903738211,0.22298944259659947,-1,MEASURED
"smooth_pressure_refinement_24",pressure_cell_9_19,263.23098909568449,263.04309634843906,0.18789274724542793,-1,MEASURED
"smooth_pressure_refinement_24",pressure_cell_9_20,209.55782450654644,209.40824335164996,0.14958115489648094,-1,MEASURED
"smooth_pressure_refinement_24",pressure_cell_9_21,152.29906743969545,152.19035725218023,0.10871018751521433,-1,MEASURED
"smooth_pressure_refinement_24",pressure_cell_9_22,92.434431103671812,92.368451944987044,0.06597915868476889,-1,MEASURED
"smooth_pressure_refinement_24",pressure_cell_9_23,30.988216023798614,30.966096815642274,0.022119208156340164,-1,MEASURED
"smooth_pressure_refinement_24",pressure_cell_10_0,32.096123246496802,32.073213220617291,0.022910025879511409,-1,MEASURED
"smooth_pressure_refinement_24",pressure_cell_10_1,95.739196172018026,95.670858091272436,0.068338080745590446,-1,MEASURED
"smooth_pressure_refinement_24",pressure_cell_10_2,157.74414490711402,157.6315480550129,0.11259685210112025,-1,MEASURED
"smooth_pressure_refinement_24",pressure_cell_10_3,217.05004758791267,216.89511852781033,0.15492906010234719,-1,MEASURED
"smooth_pressure_refinement_24",pressure_cell_10_4,272.64216377683567,272.44755338790929,0.19461038892637816,-1,MEASURED
"smooth_pressure_refinement_24",pressure_cell_10_5,323.56929695285413,323.33833507280877,0.23096188004535634,-1,MEASURED
"smooth_pressure_refinement_24",pressure_cell_10_6,368.96006974765004,368.6967081982898,0.26336154936024059,-1,MEASURED
"smooth_pressure_refinement_24",pressure_cell_10_7,408.03783345400689,407.74657842445851,0.29125502954838112,-1,MEASURED
"smooth_pressure_refinement_24",pressure_cell_10_8,440.13395670050625,439.8197916450759,0.314165055430351,-1,MEASURED
"smooth_pressure_refinement_24",pressure_cell_10_9,464.69926591966765,464.36756628956221,0.33169963010544734,-1,MEASURED
"smooth_pressure_refinement_24",pressure_cell_10_10,481.31344185997148,480.96988312782167,0.34355873214980193,-1,MEASURED
"smooth_pressure_refinement_24",pressure_cell_10_11,489.69221136475312,489.34267191571968,0.34953944903344336,-1,MEASURED
"smooth_pressure_refinement_24",pressure_cell_10_12,489.69221136475579,489.34267191571968,0.349539449036115,-1,MEASURED
"smooth_pressure_refinement_24",pressure_cell_10_13,481.31344185997261,480.96988312782167,0.34355873215093879,-1,MEASURED
"smooth_pressure_refinement_24",pressure_cell_10_14,464.69926591967373,464.36756628956226,0.33169963011147274,-1,MEASURED
"smooth_pressure_refinement_24",pressure_cell_10_15,440.13395670050699,439.8197916450759,0.31416505543108997,-1,MEASURED
"smooth_pressure_refinement_24",pressure_cell_10_16,408.03783345400689,407.74657842445851,0.29125502954838112,-1,MEASURED
"smooth_pressure_refinement_24",pressure_cell_10_17,368.96006974765396,368.6967081982898,0.26336154936416278,-1,MEASURED
"smooth_pressure_refinement_24",pressure_cell_10_18,323.56929695285817,323.33833507280883,0.23096188004933538,-1,MEASURED
"smooth_pressure_refinement_24",pressure_cell_10_19,272.64216377684187,272.44755338790947,0.19461038893240357,-1,MEASURED
"smooth_pressure_refinement_24",pressure_cell_10_20,217.0500475879152,216.89511852781055,0.15492906010464935,-1,MEASURED
"smooth_pressure_refinement_24",pressure_cell_10_21,157.74414490711757,157.63154805501298,0.1125968521045877,-1,MEASURED
"smooth_pressure_refinement_24",pressure_cell_10_22,95.739196172019305,95.670858091272393,0.068338080746912055,-1,MEASURED
"smooth_pressure_refinement_24",pressure_cell_10_23,32.096123246497854,32.073213220617319,0.02291002588053459,-1,MEASURED
"smooth_pressure_refinement_24",pressure_cell_11_0,32.654856901722653,32.631548055012892,0.023308846709760189,-1,MEASURED
"smooth_pressure_refinement_24",pressure_cell_11_1,97.405837049941937,97.336309330643076,0.069527719298861257,-1,MEASURED
"smooth_pressure_refinement_24",pressure_cell_11_2,160.49017632023833,160.37561936690261,0.1145569533357218,-1,MEASURED
"smooth_pressure_refinement_24",pressure_cell_11_3,220.82848417740973,220.67085809127241,0.15762608613732709,-1,MEASURED
"smooth_pressure_refinement_24",pressure_cell_11_4,277.38835544508692,277.19035725218009,0.19799819290682308,-1,MEASURED
"smooth_pressure_refinement_24",pressure_cell_11_5,329.20203504451399,328.96705254881698,0.23498249569701102,-1,MEASURED
"smooth_pressure_refinement_24",pressure_cell_11_6,375.38297655228462,375.11503036944566,0.26794618283895488,-1,MEASURED
"smooth_pressure_refinement_24",pressure_cell_11_7,415.14101125542078,414.84468601891837,0.29632523650241183,-1,MEASURED
"smooth_pressure_refinement_24",pressure_cell_11_8,447.79586815714072,447.47623407393132,0.31963408320939379,-1,MEASURED
"smooth_pressure_refinement_24",pressure_cell_11_9,472.78881360222806,472.45133970008868,0.33747390213937933,-1,MEASURED
"smooth_pressure_refinement_24",pressure_cell_11_10,489.69221136475306,489.34267191571962,0.34953944903344336,-1,MEASURED
"smooth_pressure_refinement_24",pressure_cell_11_11,498.21683962250097,497.86121534345256,0.35562427904841343,-1,MEASURED
"smooth_pressure_refinement_24",pressure_cell_11_12,498.21683962250029,497.86121534345256,0.35562427904773131,-1,MEASURED
"smooth_pressure_refinement_24",pressure_cell_11_13,489.69221136475801,489.34267191571962,0.34953944903838874,-1,MEASURED
"smooth_pressure_refinement_24",pressure_cell_11_14,472.78881360222732,472.45133970008874,0.33747390213858353,-1,MEASURED
"smooth_pressure_refinement_24",pressure_cell_11_15,447.7958681571431,447.47623407393132,0.31963408321178122,-1,MEASURED
"smooth_pressure_refinement_24",pressure_cell_11_16,415.14101125542311,414.84468601891837,0.29632523650474241,-1,MEASURED
"smooth_pressure_refinement_24",pressure_cell_11_17,375.38297655228507,375.11503036944566,0.26794618283940963,-1,MEASURED
"smooth_pressure_refinement_24",pressure_cell_11_18,329.20203504451763,328.96705254881704,0.23498249570059215,-1,MEASURED
"smooth_pressure_refinement_24",pressure_cell_11_19,277.38835544509078,277.19035725218026,0.1979981929105179,-1,MEASURED
"smooth_pressure_refinement_24",pressure_cell_11_20,220.82848417741414,220.67085809127263,0.15762608614150508,-1,MEASURED
"smooth_pressure_refinement_24",pressure_cell_11_21,160.49017632024035,160.3756193669027,0.11455695333765448,-1,MEASURED
"smooth_pressure_refinement_24",pressure_cell_11_22,97.405837049944594,97.336309330643033,0.069527719301561319,-1,MEASURED
"smooth_pressure_refinement_24",pressure_cell_11_23,32.654856901723313,32.631548055012921,0.023308846710392572,-1,MEASURED
"smooth_pressure_refinement_24",pressure_cell_12_0,32.654856901722262,32.631548055012892,0.023308846709369391,-1,MEASURED
"smooth_pressure_refinement_24",pressure_cell_12_1,97.405837049943074,97.336309330643076,0.069527719299998125,-1,MEASURED
"smooth_pressure_refinement_24",pressure_cell_12_2,160.49017632023777,160.37561936690261,0.11455695333515337,-1,MEASURED
"smooth_pressure_refinement_24",pressure_cell_12_3,220.82848417741209,220.67085809127241,0.15762608613968609,-1,MEASURED
"smooth_pressure_refinement_24",pressure_cell_12_4,277.38835544508493,277.19035725218009,0.19799819290483356,-1,MEASURED
"smooth_pressure_refinement_24",pressure_cell_12_5,329.20203504451518,328.96705254881698,0.23498249569820473,-1,MEASURED
"smooth_pressure_refinement_24",pressure_cell_12_6,375.3829765522832,375.11503036944566,0.2679461828375338,-1,MEASURED
"smooth_pressure_refinement_24",pressure_cell_12_7,415.14101125541646,414.84468601891837,0.29632523649809173,-1,MEASURED
"smooth_pressure_refinement_24",pressure_cell_12_8,447.79586815714214,447.47623407393132,0.31963408321081488,-1,MEASURED
"smooth_pressure_refinement_24",pressure_cell_12_9,472.78881360222618,472.45133970008868,0.3374739021375035,-1,MEASURED
"smooth_pressure_refinement_24",pressure_cell_12_10,489.69221136475551,489.34267191571962,0.34953944903588763,-1,MEASURED
"smooth_pressure_refinement_24",pressure_cell_12_11,498.21683962249966,497.86121534345256,0.35562427904710603,-1,MEASURED
"smooth_pressure_refinement_24",pressure_cell_12_12,498.21683962250097,497.86121534345256,0.35562427904841343,-1,MEASURED
"smooth_pressure_refinement_24",pressure_cell_12_13,489.69221136475653,489.34267191571962,0.34953944903691081,-1,MEASURED
"smooth_pressure_refinement_24",pressure_cell_12_14,472.78881360222823,472.45133970008874,0.33747390213949302,-1,MEASURED
"smooth_pressure_refinement_24",pressure_cell_12_15,447.79586815714555,447.47623407393132,0.31963408321422548,-1,MEASURED
"smooth_pressure_refinement_24",pressure_cell_12_16,415.14101125542197,414.84468601891837,0.29632523650360554,-1,MEASURED
"smooth_pressure_refinement_24",pressure_cell_12_17,375.38297655228746,375.11503036944566,0.26794618284179705,-1,MEASURED
"smooth_pressure_refinement_24",pressure_cell_12_18,329.20203504451592,328.96705254881704,0.23498249569888685,-1,MEASURED
"smooth_pressure_refinement_24",pressure_cell_12_19,277.38835544509016,277.19035725218026,0.19799819290989262,-1,MEASURED
"smooth_pressure_refinement_24",pressure_cell_12_20,220.8284841774144,220.67085809127263,0.15762608614176088,-1,MEASURED
"smooth_pressure_refinement_24",pressure_cell_12_21,160.49017632024186,160.3756193669027,0.11455695333916083,-1,MEASURED
"smooth_pressure_refinement_24",pressure_cell_12_22,97.405837049943045,97.336309330643033,0.069527719300012336,-1,MEASURED
"smooth_pressure_refinement_24",pressure_cell_12_23,32.654856901723541,32.631548055012921,0.023308846710619946,-1,MEASURED
"smooth_pressure_refinement_24",pressure_cell_13_0,32.096123246497413,32.073213220617291,0.022910025880122475,-1,MEASURED
"smooth_pressure_refinement_24",pressure_cell_13_1,95.739196172017728,95.670858091272436,0.068338080745292018,-1,MEASURED
"smooth_pressure_refinement_24",pressure_cell_13_2,157.74414490711638,157.6315480550129,0.11259685210347925,-1,MEASURED
"smooth_pressure_refinement_24",pressure_cell_13_3,217.05004758791242,216.89511852781033,0.1549290601020914,-1,MEASURED
"smooth_pressure_refinement_24",pressure_cell_13_4,272.64216377684096,272.44755338790929,0.1946103889316646,-1,MEASURED
"smooth_pressure_refinement_24",pressure_cell_13_5,323.56929695285316,323.33833507280877,0.23096188004439,-1,MEASURED
"smooth_pressure_refinement_24",pressure_cell_13_6,368.9600697476514,368.6967081982898,0.26336154936160483,-1,MEASURED
"smooth_pressure_refinement_24",pressure_cell_13_7,408.03783345400956,407.74657842445851,0.29125502955105276,-1,MEASURED
"smooth_pressure_refinement_24",pressure_cell_13_8,440.13395670050357,439.8197916450759,0.31416505542767936,-1,MEASURED
"smooth_pressure_refinement_24",pressure_cell_13_9,464.69926591966765,464.36756628956221,0.33169963010544734,-1,MEASURED
"smooth_pressure_refinement_24",pressure_cell_13_10,481.31344185997415,480.96988312782167,0.34355873215247357,-1,MEASURED
"smooth_pressure_refinement_24",pressure_cell_13_11,489.69221136475466,489.34267191571968,0.34953944903497813,-1,MEASURED
"smooth_pressure_refinement_24",pressure_cell_13_12,489.69221136475835,489.34267191571968,0.34953944903867296,-1,MEASURED
"smooth_pressure_refinement_24",pressure_cell_13_13,481.31344185997608,480.96988312782167,0.34355873215440624,-1,MEASURED
"smooth_pressure_refinement_24",pressure_cell_13_14,464.69926591967152,464.36756628956226,0.33169963010925585,-1,MEASURED
"smooth_pressure_refinement_24",pressure_cell_13_15,440.13395670050471,439.8197916450759,0.31416505542881623,-1,MEASURED
"smooth_pressure_refinement_24",pressure_cell_13_16,408.03783345400859,407.74657842445851,0.29125502955008642,-1,MEASURED
"smooth_pressure_refinement_24",pressure_cell_13_17,368.96006974765385,368.6967081982898,0.2633615493640491,-1,MEASURED
"smooth_pressure_refinement_24",pressure_cell_13_18,323.56929695285777,323.33833507280883,0.23096188004893747,-1,MEASURED
"smooth_pressure_refinement_24",pressure_cell_13_19,272.6421637768434,272.44755338790947,0.19461038893393834,-1,MEASURED
"smooth_pressure_refinement_24",pressure_cell_13_20,217.05004758791731,216.89511852781055,0.15492906010675256,-1,MEASURED
"smooth_pressure_refinement_24",pressure_cell_13_21,157.74414490711877,157.63154805501298,0.11259685210578141,-1,MEASURED
"smooth_pressure_refinement_24",pressure_cell_13_22,95.73919617201976,95.670858091272393,0.068338080747366803,-1,MEASURED
"smooth_pressure_refinement_24",pressure_cell_13_23,32.096123246497449,32.073213220617319,0.022910025880129581,-1,MEASURED
"smooth_pressure_refinement_24",pressure_cell_14_0,30.988216023797943,30.966096815642249,0.02211920815569357,-1,MEASURED
"smooth_pressure_refinement_24",pressure_cell_14_1,92.434431103670818,92.3684519449871,0.065979158683717287,-1,MEASURED
"smooth_pressure_refinement_24",pressure_cell_14_2,152.29906743969332,152.19035725218018,0.10871018751313954,-1,MEASURED
"smooth_pressure_refinement_24",pressure_cell_14_3,209.55782450654436,209.40824335164976,0.14958115489460511,-1,MEASURED
"smooth_pressure_refinement_24",pressure_cell_14_4,263.23098909568142,263.04309634843895,0.18789274724247207,-1,MEASURED
"smooth_pressure_refinement_24",pressure_cell_14_5,312.40019847997706,312.17720903738211,0.22298944259495102,-1,MEASURED
"smooth_pressure_refinement_24",pressure_cell_14_6,356.22415385457697,355.96988312782167,0.25427072675529416,-1,MEASURED
"smooth_pressure_refinement_24",pressure_cell_14_7,393.95301519273505,393.67181382444721,0.2812013682878387,-1,MEASURED
"smooth_pressure_refinement_24",pressure_cell_14_8,424.94123121653479,424.6379106400895,0.30332057644528732,-1,MEASURED
"smooth_pressure_refinement_24",pressure_cell_14_9,448.65858495825017,448.33833507280877,0.32024988544139887,-1,MEASURED
"smooth_pressure_refinement_24",pressure_cell_14_10,464.6992659196689,464.36756628956226,0.33169963010664105,-1,MEASURED
"smooth_pressure_refinement_24",pressure_cell_14_11,472.78881360222772,472.45133970008874,0.33747390213898143,-1,MEASURED
"smooth_pressure_refinement_24",pressure_cell_14_12,472.78881360223011,472.45133970008874,0.33747390214136885,-1,MEASURED
"smooth_pressure_refinement_24",pressure_cell_14_13,464.69926591967328,464.36756628956226,0.331699630111018,-1,MEASURED
"smooth_pressure_refinement_24",pressure_cell_14_14,448.65858495825336,448.33833507280883,0.32024988544452526,-1,MEASURED
"smooth_pressure_refinement_24",pressure_cell_14_15,424.94123121653587,424.6379106400895,0.30332057644636734,-1,MEASURED
"smooth_pressure_refinement_24",pressure_cell_14_16,393.95301519273858,393.67181382444721,0.281201368291363,-1,MEASURED
"smooth_pressure_refinement_24",pressure_cell_14_17,356.22415385458015,355.96988312782167,0.25427072675847739,-1,MEASURED
"smooth_pressure_refinement_24",pressure_cell_14_18,312.40019847998133,312.17720903738217,0.22298944259915743,-1,MEASURED
"smooth_pressure_refinement_24",pressure_cell_14_19,263.23098909568427,263.04309634843912,0.18789274724514371,-1,MEASURED
"smooth_pressure_refinement_24",pressure_cell_14_20,209.55782450654675,209.40824335164999,0.14958115489676516,-1,MEASURED
"smooth_pressure_refinement_24",pressure_cell_14_21,152.29906743969687,152.19035725218023,0.10871018751663541,-1,MEASURED
"smooth_pressure_refinement_24",pressure_cell_14_22,92.434431103670519,92.368451944987058,0.065979158683461492,-1,MEASURED
"smooth_pressure_refinement_24",pressure_cell_14_23,30.988216023798199,30.966096815642278,0.022119208155920944,-1,MEASURED
"smooth_pressure_refinement_24",pressure_cell_15_0,29.350091833375046,29.329141908727557,0.020949924647489127,-1,MEASURED
"smooth_pressure_refinement_24",pressure_cell_15_1,87.548087291472569,87.485595976549959,0.062491314922610286,-1,MEASURED
"smooth_pressure_refinement_24",pressure_cell_15_2,144.24811070309855,144.14514724162399,0.10296346147455893,-1,MEASURED
"smooth_pressure_refinement_24",pressure_cell_15_3,198.48000894746284,198.33833507280877,0.14167387465406023,-1,MEASURED
"smooth_pressure_refinement_24",pressure_cell_15_4,249.31585920968041,249.13789900112255,0.1779602085578631,-1,MEASURED
"smooth_pressure_refinement_24",pressure_cell_15_5,295.88584599740523,295.67464440345191,0.21120159395331939,-1,MEASURED
"smooth_pressure_refinement_24",pressure_cell_15_6,337.39314392506066,337.15231466353953,0.24082926152112805,-1,MEASURED
"smooth_pressure_refinement_24",pressure_cell_15_7,373.12755161710646,372.86121534345256,0.26633627365390566,-1,MEASURED
"smooth_pressure_refinement_24",pressure_cell_15_8,402.47764345048301,402.19035725218021,0.28728619830280877,-1,MEASURED
"smooth_pressure_refinement_24",pressure_cell_15_9,424.94123121653416,424.63791064008944,0.30332057644471888,-1,MEASURED
"smooth_pressure_refinement_24",pressure_cell_15_10,440.13395670050414,439.8197916450759,0.3141650554282478,-1,MEASURED
"smooth_pressure_refinement_24",pressure_cell_15_11,447.79586815714367,447.47623407393138,0.31963408321229281,-1,MEASURED
"smooth_pressure_refinement_24",pressure_cell_15_12,447.79586815714634,447.47623407393138,0.31963408321496445,-1,MEASURED
"smooth_pressure_refinement_24",pressure_cell_15_13,440.13395670050699,439.8197916450759,0.31416505543108997,-1,MEASURED
"smooth_pressure_refinement_24",pressure_cell_15_14,424.94123121653809,424.6379106400895,0.30332057644858423,-1,MEASURED
"smooth_pressure_refinement_24",pressure_cell_15_15,402.47764345048313,402.19035725218021,0.28728619830292246,-1,MEASURED
"smooth_pressure_refinement_24",pressure_cell_15_16,373.12755161710811,372.86121534345256,0.26633627365555412,-1,MEASURED
"smooth_pressure_refinement_24",pressure_cell_15_17,337.39314392506509,337.15231466353953,0.24082926152556183,-1,MEASURED
"smooth_pressure_refinement_24",pressure_cell_15_18,295.88584599740909,295.67464440345191,0.21120159395718474,-1,MEASURED
"smooth_pressure_refinement_24",pressure_cell_15_19,249.31585920968303,249.13789900112269,0.17796020856033579,-1,MEASURED
"smooth_pressure_refinement_24",pressure_cell_15_20,198.48000894746519,198.33833507280897,0.14167387465622028,-1,MEASURED
"smooth_pressure_refinement_24",pressure_cell_15_21,144.24811070310042,144.14514724162407,0.10296346147634949,-1,MEASURED
"smooth_pressure_refinement_24",pressure_cell_15_22,87.548087291474189,87.485595976549931,0.062491314924258745,-1,MEASURED
"smooth_pressure_refinement_24",pressure_cell_15_23,29.350091833374936,29.329141908727582,0.020949924647354123,-1,MEASURED
"smooth_pressure_refinement_24",pressure_cell_16_0,27.209779434299968,27.190357252180153,0.019422182119814835,-1,MEASURED
"smooth_pressure_refinement_24",pressure_cell_16_1,81.163771432803003,81.105837205364423,0.057934227438579455,-1,MEASURED
"smooth_pressure_refinement_24",pressure_cell_16_2,133.72902879924186,133.63357379717857,0.095455002063289385,-1,MEASURED
"smooth_pressure_refinement_24",pressure_cell_16_3,184.00614540623602,183.87480289109672,0.13134251513929485,-1,MEASURED
"smooth_pressure_refinement_24",pressure_cell_16_4,231.13486584918562,230.96988312782165,0.16498272136396963,-1,MEASURED
"smooth_pressure_refinement_24",pressure_cell_16_5,274.30880465476548,274.11300462727991,0.1958000274855749,-1,MEASURED
"smooth_pressure_refinement_24",pressure_cell_16_6,312.78924375993188,312.56597661908273,0.22326714084914556,-1,MEASURED
"smooth_pressure_refinement_24",pressure_cell_16_7,345.91777218280663,345.67085809127235,0.24691409153427912,-1,MEASURED
"smooth_pressure_refinement_24",pressure_cell_16_8,373.12755161710743,372.86121534345256,0.266336273654872,-1,MEASURED
"smooth_pressure_refinement_24",pressure_cell_16_9,393.95301519273613,393.67181382444716,0.28120136828897557,-1,MEASURED
"smooth_pressure_refinement_24",pressure_cell_16_10,408.0378334540078,407.74657842445851,0.29125502954929061,-1,MEASURED
"smooth_pressure_refinement_24",pressure_cell_16_11,415.14101125542328,414.84468601891837,0.29632523650491294,-1,MEASURED
"smooth_pressure_refinement_24",pressure_cell_16_12,415.14101125542345,414.84468601891837,0.29632523650508347,-1,MEASURED
"smooth_pressure_refinement_24",pressure_cell_16_13,408.03783345400967,407.74657842445851,0.29125502955116644,-1,MEASURED
"smooth_pressure_refinement_24",pressure_cell_16_14,393.95301519273931,393.67181382444716,0.2812013682921588,-1,MEASURED
"smooth_pressure_refinement_24",pressure_cell_16_15,373.12755161711038,372.86121534345256,0.26633627365782786,-1,MEASURED
"smooth_pressure_refinement_24",pressure_cell_16_16,345.91777218281123,345.67085809127235,0.24691409153888344,-1,MEASURED
"smooth_pressure_refinement_24",pressure_cell_16_17,312.78924375993546,312.56597661908273,0.2232671408527267,-1,MEASURED
"smooth_pressure_refinement_24",pressure_cell_16_18,274.30880465476838,274.11300462727996,0.19580002748841707,-1,MEASURED
"smooth_pressure_refinement_24",pressure_cell_16_19,231.13486584918718,230.96988312782176,0.16498272136541914,-1,MEASURED
"smooth_pressure_refinement_24",pressure_cell_16_20,184.0061454062361,183.87480289109689,0.13134251513920958,-1,MEASURED
"smooth_pressure_refinement_24",pressure_cell_16_21,133.72902879924428,133.63357379717866,0.095455002065619965,-1,MEASURED
"smooth_pressure_refinement_24",pressure_cell_16_22,81.163771432803514,81.105837205364381,0.057934227439133679,-1,MEASURED
"smooth_pressure_refinement_24",pressure_cell_16_23,27.209779434300152,27.190357252180178,0.019422182119974707,-1,MEASURED
"smooth_pressure_refinement_24",pressure_cell_17_0,24.603900165128032,24.586338044456717,0.017562120671314574,-1,MEASURED
"smooth_pressure_refinement_24",pressure_cell_17_1,73.390720942068924,73.338335072808775,0.05238586926014932,-1,MEASURED
"smooth_pressure_refinement_24",pressure_cell_17_2,120.92180613593884,120.83549285483721,0.086313281101624284,-1,MEASURED
"smooth_pressure_refinement_24",pressure_cell_17_3,166.38388570096504,166.26512185219147,0.11876384877356827,-1,MEASURED
"smooth_pressure_refinement_24",pressure_cell_17_4,208.99909085131995,208.84990851725416,0.14918233406578452,-1,MEASURED
"smooth_pressure_refinement_24",pressure_cell_17_5,248.03826361171127,247.86121534345259,0.17704826825868736,-1,MEASURED
"smooth_pressure_refinement_24",pressure_cell_17_6,282.83343291251174,282.6315480550129,0.20188485749883966,-1,MEASURED
"smooth_pressure_refinement_24",pressure_cell_17_7,312.78924375993273,312.56597661908273,0.22326714084999821,-1,MEASURED
"smooth_pressure_refinement_24",pressure_cell_17_8,337.39314392506157,337.15231466353953,0.24082926152203754,-1,MEASURED
"smooth_pressure_refinement_24",pressure_cell_17_9,356.22415385457958,355.96988312782167,0.25427072675790896,-1,MEASURED
"smooth_pressure_refinement_24",pressure_cell_17_10,368.96006974765322,368.6967081982898,0.26336154936342382,-1,MEASURED
"smooth_pressure_refinement_24",pressure_cell_17_11,375.38297655228706,375.11503036944566,0.26794618284139915,-1,MEASURED
"smooth_pressure_refinement_24",pressure_cell_17_12,375.38297655228854,375.11503036944566,0.26794618284287708,-1,MEASURED
"smooth_pressure_refinement_24",pressure_cell_17_13,368.96006974765425,368.6967081982898,0.263361549364447,-1,MEASURED
"smooth_pressure_refinement_24",pressure_cell_17_14,356.224153854581,355.96988312782167,0.25427072675933005,-1,MEASURED
"smooth_pressure_refinement_24",pressure_cell_17_15,337.39314392506566,337.15231466353953,0.24082926152613027,-1,MEASURED
"smooth_pressure_refinement_24",pressure_cell_17_16,312.78924375993535,312.56597661908273,0.22326714085261301,-1,MEASURED
"smooth_pressure_refinement_24",pressure_cell_17_17,282.83343291251401,282.6315480550129,0.2018848575011134,-1,MEASURED
"smooth_pressure_refinement_24",pressure_cell_17_18,248.03826361171315,247.86121534345264,0.17704826826050635,-1,MEASURED
"smooth_pressure_refinement_24",pressure_cell_17_19,208.99909085132012,208.84990851725428,0.14918233406584136,-1,MEASURED
"smooth_pressure_refinement_24",pressure_cell_17_20,166.38388570096808,166.26512185219164,0.11876384877643886,-1,MEASURED
"smooth_pressure_refinement_24",pressure_cell_17_21,120.9218061359407,120.83549285483728,0.086313281103414852,-1,MEASURED
"smooth_pressure_refinement_24",pressure_cell_17_22,73.390720942069635,73.338335072808746,0.052385869260888285,-1,MEASURED
"smooth_pressure_refinement_24",pressure_cell_17_23,24.603900165127666,24.586338044456738,0.017562120670927328,-1,MEASURED
"smooth_pressure_refinement_24",pressure_cell_18_0,21.577041342640861,21.561639776171912,0.015401566468948857,-1,MEASURED
"smooth_pressure_refinement_24",pressure_cell_18_1,64.3619348682641,64.315993693929514,0.045941174334586776,-1,MEASURED
"smooth_pressure_refinement_24",pressure_cell_18_2,106.04557784379192,105.96988312782172,0.075694715970200832,-1,MEASURED
"smooth_pressure_refinement_24",pressure_cell_18_3,145.91475158102352,145.81059848099466,0.10415310002886713,-1,MEASURED
"smooth_pressure_refinement_24",pressure_cell_18_4,183.28728346349109,183.15645406782244,0.13082939566865548,-1,MEASURED
"smooth_pressure_refinement_24",pressure_cell_18_5,217.52371910906604,217.36845194498713,0.15526716407890717,-1,MEASURED
"smooth_pressure_refinement_24",pressure_cell_18_6,248.0382636117115,247.86121534345264,0.17704826825885789,-1,MEASURED
"smooth_pressure_refinement_24",pressure_cell_18_7,274.3088046547673,274.11300462727996,0.19580002748733705,-1,MEASURED
"smooth_pressure_refinement_24",pressure_cell_18_8,295.88584599740426,295.67464440345196,0.21120159395229621,-1,MEASURED
"smooth_pressure_refinement_24",pressure_cell_18_9,312.40019847997917,312.17720903738211,0.22298944259705422,-1,MEASURED
"smooth_pressure_refinement_24",pressure_cell_18_10,323.56929695285771,323.33833507280883,0.23096188004888063,-1,MEASURED
"smooth_pressure_refinement_24",pressure_cell_18_11,329.20203504451621,328.96705254881709,0.23498249569911422,-1,MEASURED
"smooth_pressure_refinement_24",pressure_cell_18_12,329.20203504451916,328.96705254881709,0.23498249570207008,-1,MEASURED
"smooth_pressure_refinement_24",pressure_cell_18_13,323.56929695285868,323.33833507280883,0.23096188004984697,-1,MEASURED
"smooth_pressure_refinement_24",pressure_cell_18_14,312.40019847998229,312.17720903738217,0.22298944260012377,-1,MEASURED
"smooth_pressure_refinement_24",pressure_cell_18_15,295.88584599740739,295.67464440345196,0.2112015939554226,-1,MEASURED
"smooth_pressure_refinement_24",pressure_cell_18_16,274.30880465476935,274.11300462727996,0.19580002748938341,-1,MEASURED
"smooth_pressure_refinement_24",pressure_cell_18_17,248.03826361171448,247.86121534345264,0.17704826826184217,-1,MEASURED
"smooth_pressure_refinement_24",pressure_cell_18_18,217.52371910906544,217.36845194498716,0.15526716407828189,-1,MEASURED
"smooth_pressure_refinement_24",pressure_cell_18_19,183.28728346349448,183.15645406782255,0.13082939567192398,-1,MEASURED
"smooth_pressure_refinement_24",pressure_cell_18_20,145.91475158102415,145.8105984809948,0.1041531000293503,-1,MEASURED
"smooth_pressure_refinement_24",pressure_cell_18_21,106.04557784379355,105.96988312782176,0.075694715971792448,-1,MEASURED
"smooth_pressure_refinement_24",pressure_cell_18_22,64.361934868264328,64.315993693929485,0.045941174334842572,-1,MEASURED
"smooth_pressure_refinement_24",pressure_cell_18_23,21.577041342641561,21.56163977617193,0.015401566469630978,-1,MEASURED
"smooth_pressure_refinement_24",pressure_cell_19_0,18.180993360495336,18.168015873300877,0.012977487194458348,-1,MEASURED
"smooth_pressure_refinement_24",pressure_cell_19_1,54.231898244363904,54.193187831184829,0.038710413179074976,-1,MEASURED
"smooth_pressure_refinement_24",pressure_cell_19_2,89.354880313349241,89.291099320086957,0.063780993262284369,-1,MEASURED
"smooth_pressure_refinement_24",pressure_cell_19_3,122.94897560631865,122.86121534345266,0.087760262865998584,-1,MEASURED
"smooth_pressure_refinement_24",pressure_cell_19_4,154.43937983877026,154.32914190872762,0.11023793004264348,-1,MEASURED
"smooth_pressure_refinement_24",pressure_cell_19_5,183.28728346349158,183.15645406782249,0.1308293956690818,-1,MEASURED
"smooth_pressure_refinement_24",pressure_cell_19_6,208.99909085132066,208.84990851725428,0.14918233406638137,-1,MEASURED
"smooth_pressure_refinement_24",pressure_cell_19_7,231.13486584918584,230.96988312782176,0.16498272136408332,-1,MEASURED
"smooth_pressure_refinement_24",pressure_cell_19_8,249.31585920968206,249.13789900112269,0.17796020855936945,-1,MEASURED
"smooth_pressure_refinement_24",pressure_cell_19_9,263.23098909568415,263.04309634843906,0.18789274724508687,-1,MEASURED
"smooth_pressure_refinement_24",pressure_cell_19_10,272.64216377684124,272.44755338790947,0.19461038893177829,-1,MEASURED
"smooth_pressure_refinement_24",pressure_cell_19_11,277.38835544509209,277.19035725218026,0.1979981929118253,-1,MEASURED
"smooth_pressure_refinement_24",pressure_cell_19_12,277.38835544508959,277.19035725218026,0.19799819290932419,-1,MEASURED
"smooth_pressure_refinement_24",pressure_cell_19_13,272.64216377684397,272.44755338790947,0.19461038893450677,-1,MEASURED
"smooth_pressure_refinement_24",pressure_cell_19_14,263.23098909568597,263.04309634843912,0.18789274724684901,-1,MEASURED
"smooth_pressure_refinement_24",pressure_cell_19_15,249.31585920968539,249.13789900112269,0.17796020856269479,-1,MEASURED
"smooth_pressure_refinement_24",pressure_cell_19_16,231.13486584918846,230.96988312782176,0.16498272136669812,-1,MEASURED
"smooth_pressure_refinement_24",pressure_cell_19_17,208.99909085132063,208.84990851725428,0.14918233406635295,-1,MEASURED
"smooth_pressure_refinement_24",pressure_cell_19_18,183.28728346349348,183.15645406782252,0.13082939567095764,-1,MEASURED
"smooth_pressure_refinement_24",pressure_cell_19_19,154.43937983877004,154.32914190872771,0.11023793004233085,-1,MEASURED
"smooth_pressure_refinement_24",pressure_cell_19_20,122.94897560631999,122.86121534345277,0.087760262867220717,-1,MEASURED
"smooth_pressure_refinement_24",pressure_cell_19_21,89.354880313348701,89.291099320087,0.063780993261701724,-1,MEASURED
"smooth_pressure_refinement_24",pressure_cell_19_22,54.231898244364281,54.193187831184801,0.038710413179479986,-1,MEASURED
"smooth_pressure_refinement_24",pressure_cell_19_23,18.18099336049497,18.168015873300892,0.012977487194078208,-1,MEASURED
"smooth_pressure_refinement_24",pressure_cell_20_0,14.473863541227638,14.46353218171204,0.010331359515598493,-1,MEASURED
"smooth_pressure_refinement_24",pressure_cell_20_1,43.173938805579873,43.143121499458317,0.030817306121555532,-1,MEASURED
"smooth_pressure_refinement_24",pressure_cell_20_2,71.135296006890329,71.084520046815783,0.050775960074545878,-1,MEASURED
"smooth_pressure_refinement_24",pressure_cell_20_3,97.879508571093837,97.809642747819922,0.069865823273914884,-1,MEASURED
"smooth_pressure_refinement_24",pressure_cell_20_4,122.94897560631881,122.86121534345271,0.08776026286609806,-1,MEASURED
"smooth_pressure_refinement_24",pressure_cell_20_5,145.91475158102412,145.81059848099477,0.1041531000293503,-1,MEASURED
"smooth_pressure_refinement_24",pressure_cell_20_6,166.38388570096521,166.26512185219164,0.11876384877356827,-1,MEASURED
"smooth_pressure_refinement_24",pressure_cell_20_7,184.00614540623675,183.87480289109692,0.13134251513983486,-1,MEASURED
"smooth_pressure_refinement_24",pressure_cell_20_8,198.48000894746477,198.338335072809,0.14167387465576553,-1,MEASURED
"smooth_pressure_refinement_24",pressure_cell_20_9,209.55782450654553,209.40824335164996,0.14958115489557144,-1,MEASURED
"smooth_pressure_refinement_24",pressure_cell_20_10,217.05004758791662,216.89511852781055,0.15492906010607044,-1,MEASURED
"smooth_pressure_refinement_24",pressure_cell_20_11,220.82848417741369,220.67085809127263,0.15762608614105034,-1,MEASURED
"smooth_pressure_refinement_24",pressure_cell_20_12,220.828484177414,220.67085809127263,0.15762608614136298,-1,MEASURED
"smooth_pressure_refinement_24",pressure_cell_20_13,217.05004758791509,216.89511852781055,0.15492906010453567,-1,MEASURED
"smooth_pressure_refinement_24",pressure_cell_20_14,209.55782450654795,209.40824335164999,0.14958115489795887,-1,MEASURED
"smooth_pressure_refinement_24",pressure_cell_20_15,198.4800089474644,198.338335072809,0.14167387465539605,-1,MEASURED
"smooth_pressure_refinement_24",pressure_cell_20_16,184.00614540623786,183.87480289109692,0.13134251514094331,-1,MEASURED
"smooth_pressure_refinement_24",pressure_cell_20_17,166.38388570096646,166.26512185219164,0.11876384877481883,-1,MEASURED
"smooth_pressure_refinement_24",pressure_cell_20_18,145.91475158102446,145.81059848099477,0.10415310002969136,-1,MEASURED
"smooth_pressure_refinement_24",pressure_cell_20_19,122.94897560631863,122.86121534345278,0.087760262865842265,-1,MEASURED
"smooth_pressure_refinement_24",pressure_cell_20_20,97.879508571094703,97.809642747820021,0.06986582327468227,-1,MEASURED
"smooth_pressure_refinement_24",pressure_cell_20_21,71.135296006891167,71.084520046815825,0.050775960075341686,-1,MEASURED
"smooth_pressure_refinement_24",pressure_cell_20_22,43.173938805580427,43.143121499458296,0.030817306122131072,-1,MEASURED
"smooth_pressure_refinement_24",pressure_cell_20_23,14.473863541227674,14.463532181712052,0.010331359515621585,-1,MEASURED
"smooth_pressure_refinement_24",pressure_cell_21_0,10.519081903856758,10.511573444445387,0.0075084594113707936,-1,MEASURED
"smooth_pressure_refinement_24",pressure_cell_21_1,31.377261303754359,31.354864397342954,0.022396906411405126,-1,MEASURED
"smooth_pressure_refinement_24",pressure_cell_21_2,51.698567063325015,51.661664927191232,0.036902136133782903,-1,MEASURED
"smooth_pressure_refinement_24",pressure_cell_21_3,71.135296006890556,71.084520046815754,0.050775960074801674,-1,MEASURED
"smooth_pressure_refinement_24",pressure_cell_21_4,89.3548803133489,89.291099320086943,0.063780993261957519,-1,MEASURED
"smooth_pressure_refinement_24",pressure_cell_21_5,106.04557784379267,105.96988312782173,0.075694715970939797,-1,MEASURED
"smooth_pressure_refinement_24",pressure_cell_21_6,120.9218061359407,120.83549285483727,0.086313281103429063,-1,MEASURED
"smooth_pressure_refinement_24",pressure_cell_21_7,133.72902879924294,133.63357379717866,0.095455002064284145,-1,MEASURED
"smooth_pressure_refinement_24",pressure_cell_21_8,144.24811070310054,144.14514724162407,0.10296346147646318,-1,MEASURED
"smooth_pressure_refinement_24",pressure_cell_21_9,152.29906743969579,152.19035725218023,0.10871018751555539,-1,MEASURED
"smooth_pressure_refinement_24",pressure_cell_21_10,157.74414490711891,157.63154805501298,0.11259685210592352,-1,MEASURED
"smooth_pressure_refinement_24",pressure_cell_21_11,160.49017632024078,160.3756193669027,0.1145569533380808,-1,MEASURED
"smooth_pressure_refinement_24",pressure_cell_21_12,160.49017632024055,160.3756193669027,0.11455695333785343,-1,MEASURED
"smooth_pressure_refinement_24",pressure_cell_21_13,157.74414490711789,157.63154805501298,0.11259685210490034,-1,MEASURED
"smooth_pressure_refinement_24",pressure_cell_21_14,152.29906743969582,152.19035725218023,0.10871018751558381,-1,MEASURED
"smooth_pressure_refinement_24",pressure_cell_21_15,144.24811070310042,144.14514724162407,0.10296346147634949,-1,MEASURED
"smooth_pressure_refinement_24",pressure_cell_21_16,133.72902879924325,133.63357379717866,0.095455002064596783,-1,MEASURED
"smooth_pressure_refinement_24",pressure_cell_21_17,120.92180613594118,120.83549285483727,0.086313281103912232,-1,MEASURED
"smooth_pressure_refinement_24",pressure_cell_21_18,106.04557784379274,105.96988312782176,0.075694715970982429,-1,MEASURED
"smooth_pressure_refinement_24",pressure_cell_21_19,89.354880313349412,89.291099320087,0.063780993262412267,-1,MEASURED
"smooth_pressure_refinement_24",pressure_cell_21_20,71.135296006891608,71.084520046815825,0.050775960075782223,-1,MEASURED
"smooth_pressure_refinement_24",pressure_cell_21_21,51.698567063324475,51.661664927191261,0.036902136133214469,-1,MEASURED
"smooth_pressure_refinement_24",pressure_cell_21_22,31.377261303755009,31.35486439734294,0.022396906412069484,-1,MEASURED
"smooth_pressure_refinement_24",pressure_cell_21_23,10.519081903856694,10.511573444445396,0.007508459411297963,-1,MEASURED
"smooth_pressure_refinement_24",pressure_cell_22_0,6.3843158586701394,6.3797587711855277,0.0045570874846116993,-1,MEASURED
"smooth_pressure_refinement_24",pressure_cell_22_1,19.043710161601933,19.030116872178301,0.013593289423631916,-1,MEASURED
"smooth_pressure_refinement_24",pressure_cell_22_2,31.377261303754462,31.354864397342926,0.022396906411536577,-1,MEASURED
"smooth_pressure_refinement_24",pressure_cell_22_3,43.173938805579631,43.143121499458253,0.030817306121377896,-1,MEASURED
"smooth_pressure_refinement_24",pressure_cell_22_4,54.231898244364494,54.193187831184773,0.03871041317972157,-1,MEASURED
"smooth_pressure_refinement_24",pressure_cell_22_5,64.361934868265308,64.315993693929471,0.045941174335837331,-1,MEASURED
"smooth_pressure_refinement_24",pressure_cell_22_6,73.390720942071226,73.338335072808746,0.0523858692624799,-1,MEASURED
"smooth_pressure_refinement_24",pressure_cell_22_7,81.163771432804069,81.105837205364381,0.057934227439687902,-1,MEASURED
"smooth_pressure_refinement_24",pressure_cell_22_8,87.548087291475028,87.485595976549931,0.062491314925097186,-1,MEASURED
"smooth_pressure_refinement_24",pressure_cell_22_9,92.434431103672281,92.368451944987044,0.065979158685237849,-1,MEASURED
"smooth_pressure_refinement_24",pressure_cell_22_10,95.739196172020328,95.670858091272393,0.068338080747935237,-1,MEASURED
"smooth_pressure_refinement_24",pressure_cell_22_11,97.405837049945163,97.336309330643033,0.069527719302129753,-1,MEASURED
"smooth_pressure_refinement_24",pressure_cell_22_12,97.405837049944026,97.336309330643033,0.069527719300992885,-1,MEASURED
"smooth_pressure_refinement_24",pressure_cell_22_13,95.739196172019959,95.670858091272393,0.068338080747565755,-1,MEASURED
"smooth_pressure_refinement_24",pressure_cell_22_14,92.434431103672068,92.368451944987058,0.065979158685010475,-1,MEASURED
"smooth_pressure_refinement_24",pressure_cell_22_15,87.548087291473692,87.485595976549931,0.062491314923761365,-1,MEASURED
"smooth_pressure_refinement_24",pressure_cell_22_16,81.16377143280468,81.105837205364381,0.057934227440298969,-1,MEASURED
"smooth_pressure_refinement_24",pressure_cell_22_17,73.390720942069052,73.338335072808746,0.05238586926030564,-1,MEASURED
"smooth_pressure_refinement_24",pressure_cell_22_18,64.361934868265067,64.315993693929471,0.045941174335595747,-1,MEASURED
"smooth_pressure_refinement_24",pressure_cell_22_19,54.231898244364359,54.193187831184808,0.03871041317955104,-1,MEASURED
"smooth_pressure_refinement_24",pressure_cell_22_20,43.173938805580299,43.143121499458296,0.030817306122003174,-1,MEASURED
"smooth_pressure_refinement_24",pressure_cell_22_21,31.377261303754366,31.354864397342944,0.02239690641142289,-1,MEASURED
"smooth_pressure_refinement_24",pressure_cell_22_22,19.043710161601414,19.03011687217829,0.013593289423123878,-1,MEASURED
"smooth_pressure_refinement_24",pressure_cell_22_23,6.3843158586703863,6.379758771185533,0.0045570874848532839,-1,MEASURED
"smooth_pressure_refinement_24",pressure_cell_23_0,2.1403123990750177,2.1387846565473989,0.0015277425276187806,-1,MEASURED
"smooth_pressure_refinement_24",pressure_cell_23_1,6.3843158586701874,6.3797587711855357,0.0045570874846516674,-1,MEASURED
"smooth_pressure_refinement_24",pressure_cell_23_2,10.519081903856675,10.511573444445391,0.0075084594112837522,-1,MEASURED
"smooth_pressure_refinement_24",pressure_cell_23_3,14.473863541227894,14.463532181712038,0.010331359515856064,-1,MEASURED
"smooth_pressure_refinement_24",pressure_cell_23_4,18.180993360495261,18.168015873300885,0.012977487194376636,-1,MEASURED
"smooth_pressure_refinement_24",pressure_cell_23_5,21.577041342641149,21.561639776171926,0.015401566469222416,-1,MEASURED
"smooth_pressure_refinement_24",pressure_cell_23_6,24.603900165128415,24.586338044456742,0.017562120671673398,-1,MEASURED
"smooth_pressure_refinement_24",pressure_cell_23_7,27.209779434300756,27.190357252180178,0.019422182120578668,-1,MEASURED
"smooth_pressure_refinement_24",pressure_cell_23_8,29.350091833375284,29.329141908727586,0.020949924647698737,-1,MEASURED
"smooth_pressure_refinement_24",pressure_cell_23_9,30.988216023798575,30.966096815642274,0.022119208156301085,-1,MEASURED
"smooth_pressure_refinement_24",pressure_cell_23_10,32.096123246498209,32.073213220617319,0.022910025880889862,-1,MEASURED
"smooth_pressure_refinement_24",pressure_cell_23_11,32.65485690172315,32.631548055012928,0.023308846710222042,-1,MEASURED
"smooth_pressure_refinement_24",pressure_cell_23_12,32.654856901723235,32.631548055012928,0.023308846710307307,-1,MEASURED
"smooth_pressure_refinement_24",pressure_cell_23_13,32.096123246497733,32.073213220617319,0.022910025880413798,-1,MEASURED
"smooth_pressure_refinement_24",pressure_cell_23_14,30.98821602379817,30.966096815642278,0.022119208155892522,-1,MEASURED
"smooth_pressure_refinement_24",pressure_cell_23_15,29.350091833375561,29.329141908727586,0.020949924647975848,-1,MEASURED
"smooth_pressure_refinement_24",pressure_cell_23_16,27.209779434300195,27.190357252180178,0.019422182120017339,-1,MEASURED
"smooth_pressure_refinement_24",pressure_cell_23_17,24.603900165127943,24.586338044456742,0.017562120671200887,-1,MEASURED
"smooth_pressure_refinement_24",pressure_cell_23_18,21.577041342641383,21.56163977617193,0.015401566469453343,-1,MEASURED
"smooth_pressure_refinement_24",pressure_cell_23_19,18.180993360495513,18.168015873300895,0.01297748719461822,-1,MEASURED
"smooth_pressure_refinement_24",pressure_cell_23_20,14.473863541227692,14.463532181712052,0.010331359515639349,-1,MEASURED
"smooth_pressure_refinement_24",pressure_cell_23_21,10.519081903857083,10.511573444445396,0.0075084594116869852,-1,MEASURED
"smooth_pressure_refinement_24",pressure_cell_23_22,6.3843158586702575,6.379758771185533,0.004557087484724498,-1,MEASURED
"smooth_pressure_refinement_24",pressure_cell_23_23,2.140312399074785,2.1387846565474007,0.0015277425273843015,-1,MEASURED
"smooth_pressure_refinement_24",pressure_L1,0.14495512465777438,0,0.14495512465777438,-1,MEASURED
"smooth_pressure_refinement_24",projected_speed,1.7694179454963432e-16,0,1.7694179454963432e-16,1.0000000000000001e-09,PASS
pressure_refinement,ratio_0,4.0939067984763771,4,0.093906798476377062,-1,PASS
pressure_refinement,ratio_1,4.0232173116417052,4,0.023217311641705152,-1,PASS
