PASS ordinary M55 project and logical input map
libEGL warning: Not allowed to force software rendering when API explicitly selects a hardware device.
PASS normal EngineHost/GL resources
PASS registered surface scene loads normally
PASS ordinary resource/world/session build
liquid phase containers/connections/parcels 0.347686 ms
liquid phase solid storage 211.547026 ms
liquid phase surface step 1.755431 ms
liquid phase loading 1.727569 ms
liquid phase containers/connections/parcels 0.298111 ms
liquid phase solid storage 3.502503 ms
liquid phase surface step 1.389376 ms
liquid phase loading 1.808007 ms
PASS baked resources and ordinary JS callbacks resolve without faults
PASS swimming-sized conserved spatial partition, no bulk particles
PASS ordinary prefab bucket starts dry
liquid phase containers/connections/parcels 0.273035 ms
liquid phase solid storage 2.903784 ms
liquid phase surface step 1.657284 ms
liquid phase loading 1.748425 ms
PASS JS drain changes owner and local allocation together
liquid phase containers/connections/parcels 0.324059 ms
liquid phase solid storage 2.715564 ms
liquid phase surface step 1.281850 ms
liquid phase loading 2.318781 ms
PASS JS refill restores quantity while preserving surface state
PASS normal query reports actual local occupied depth and separate gravity up
PASS generic momentum impulse disturbs existing water without creating volume
liquid phase containers/connections/parcels 0.290579 ms
liquid phase solid storage 2.944782 ms
liquid phase surface step 1.506628 ms
liquid phase loading 1.960015 ms
liquid phase containers/connections/parcels 0.373854 ms
liquid phase solid storage 3.383609 ms
liquid phase surface step 1.775471 ms
liquid phase loading 1.596489 ms
liquid phase containers/connections/parcels 0.276593 ms
liquid phase solid storage 3.450917 ms
liquid phase surface step 1.546738 ms
liquid phase loading 1.882850 ms
liquid phase containers/connections/parcels 0.275642 ms
liquid phase solid storage 3.244662 ms
liquid phase surface step 1.869040 ms
liquid phase loading 1.793896 ms
liquid phase containers/connections/parcels 0.334273 ms
liquid phase solid storage 3.713172 ms
liquid phase surface step 1.556327 ms
liquid phase loading 2.105592 ms
liquid phase containers/connections/parcels 0.275528 ms
liquid phase solid storage 4.527471 ms
liquid phase surface step 1.374346 ms
liquid phase loading 3.311026 ms
liquid phase containers/connections/parcels 0.353595 ms
liquid phase solid storage 4.437948 ms
liquid phase surface step 1.407327 ms
liquid phase loading 3.233737 ms
liquid phase containers/connections/parcels 0.373255 ms
liquid phase solid storage 4.505871 ms
liquid phase surface step 1.413246 ms
liquid phase loading 3.335083 ms
liquid phase containers/connections/parcels 0.313799 ms
liquid phase solid storage 4.893854 ms
liquid phase surface step 2.818667 ms
liquid phase loading 3.044422 ms
liquid phase containers/connections/parcels 0.345047 ms
liquid phase solid storage 4.448396 ms
liquid phase surface step 2.291116 ms
liquid phase loading 2.986205 ms
liquid phase containers/connections/parcels 0.367573 ms
liquid phase solid storage 4.380562 ms
liquid phase surface step 1.539100 ms
liquid phase loading 3.028377 ms
liquid phase containers/connections/parcels 0.401276 ms
liquid phase solid storage 6.058794 ms
liquid phase surface step 1.563747 ms
liquid phase loading 3.226025 ms
liquid phase containers/connections/parcels 0.347655 ms
liquid phase solid storage 4.996174 ms
liquid phase surface step 1.642501 ms
liquid phase loading 3.265188 ms
liquid phase containers/connections/parcels 0.274188 ms
liquid phase solid storage 5.642544 ms
liquid phase surface step 1.834345 ms
liquid phase loading 3.406560 ms
liquid phase containers/connections/parcels 0.331323 ms
liquid phase solid storage 5.486191 ms
liquid phase surface step 1.466050 ms
liquid phase loading 3.782605 ms
liquid phase containers/connections/parcels 0.356465 ms
liquid phase solid storage 5.902988 ms
liquid phase surface step 1.577166 ms
liquid phase loading 3.809369 ms
liquid phase containers/connections/parcels 0.302672 ms
liquid phase solid storage 6.414687 ms
liquid phase surface step 1.557959 ms
liquid phase loading 4.164764 ms
liquid phase containers/connections/parcels 0.331026 ms
liquid phase solid storage 6.340195 ms
liquid phase surface step 1.698535 ms
liquid phase loading 3.422042 ms
liquid phase containers/connections/parcels 0.326929 ms
liquid phase solid storage 7.236893 ms
liquid phase surface step 2.420310 ms
liquid phase loading 4.319621 ms
liquid phase containers/connections/parcels 0.312435 ms
liquid phase solid storage 8.293146 ms
liquid phase surface step 1.641489 ms
liquid phase loading 5.266920 ms
liquid phase containers/connections/parcels 0.484241 ms
liquid phase solid storage 9.927495 ms
liquid phase surface step 1.593458 ms
liquid phase loading 8.234283 ms
liquid phase containers/connections/parcels 0.403992 ms
liquid phase solid storage 8.926146 ms
liquid phase surface step 2.660700 ms
liquid phase loading 10.556944 ms
liquid phase containers/connections/parcels 0.486548 ms
liquid phase solid storage 13.974792 ms
liquid phase surface step 2.839400 ms
liquid phase loading 11.274445 ms
liquid phase containers/connections/parcels 0.507815 ms
liquid phase solid storage 13.804230 ms
liquid phase surface step 3.369135 ms
liquid phase loading 12.425292 ms
liquid phase containers/connections/parcels 0.469604 ms
liquid phase solid storage 14.714021 ms
liquid phase surface step 7.906631 ms
liquid phase loading 23.300936 ms
liquid phase containers/connections/parcels 1.786552 ms
liquid phase solid storage 29.022652 ms
liquid phase surface step 5.138946 ms
liquid phase loading 26.505066 ms
liquid phase containers/connections/parcels 0.474796 ms
liquid phase solid storage 27.983492 ms
liquid phase surface step 3.090317 ms
liquid phase loading 11.796237 ms
liquid phase containers/connections/parcels 0.498698 ms
liquid phase solid storage 14.126988 ms
liquid phase surface step 3.249532 ms
liquid phase loading 12.109452 ms
liquid phase containers/connections/parcels 0.481923 ms
liquid phase solid storage 14.933491 ms
liquid phase surface step 3.301138 ms
liquid phase loading 9.290311 ms
liquid phase containers/connections/parcels 0.457828 ms
liquid phase solid storage 14.617063 ms
liquid phase surface step 2.886839 ms
liquid phase loading 13.634119 ms
liquid phase containers/connections/parcels 0.505493 ms
liquid phase solid storage 14.970069 ms
liquid phase surface step 1.622106 ms
liquid phase loading 9.847007 ms
liquid phase containers/connections/parcels 0.475755 ms
liquid phase solid storage 18.728763 ms
liquid phase surface step 3.166353 ms
liquid phase loading 10.540108 ms
liquid phase containers/connections/parcels 0.470142 ms
liquid phase solid storage 21.391282 ms
liquid phase surface step 3.746863 ms
liquid phase loading 11.087070 ms
liquid phase containers/connections/parcels 0.486312 ms
liquid phase solid storage 12.666260 ms
liquid phase surface step 2.118536 ms
liquid phase loading 6.130365 ms
liquid phase containers/connections/parcels 0.232128 ms
liquid phase solid storage 10.652399 ms
liquid phase surface step 1.623058 ms
liquid phase loading 7.309995 ms
liquid phase containers/connections/parcels 0.264253 ms
liquid phase solid storage 12.226714 ms
liquid phase surface step 3.087626 ms
liquid phase loading 14.711179 ms
liquid phase containers/connections/parcels 0.495021 ms
liquid phase solid storage 16.192296 ms
liquid phase surface step 3.066493 ms
liquid phase loading 15.197912 ms
liquid phase containers/connections/parcels 0.248887 ms
liquid phase solid storage 8.927389 ms
liquid phase surface step 1.536967 ms
liquid phase loading 6.765725 ms
liquid phase containers/connections/parcels 2.535965 ms
liquid phase solid storage 8.886828 ms
liquid phase surface step 1.735797 ms
liquid phase loading 6.308909 ms
liquid phase containers/connections/parcels 0.210683 ms
liquid phase solid storage 9.790399 ms
liquid phase surface step 2.385680 ms
liquid phase loading 6.070010 ms
liquid phase containers/connections/parcels 0.204760 ms
liquid phase solid storage 11.642756 ms
liquid phase surface step 1.926903 ms
liquid phase loading 6.222216 ms
liquid phase containers/connections/parcels 0.276304 ms
liquid phase solid storage 10.139145 ms
liquid phase surface step 2.054817 ms
liquid phase loading 6.063934 ms
liquid phase containers/connections/parcels 0.204533 ms
liquid phase solid storage 8.788088 ms
liquid phase surface step 1.433069 ms
liquid phase loading 6.551982 ms
liquid phase containers/connections/parcels 0.205762 ms
liquid phase solid storage 8.881027 ms
liquid phase surface step 1.478769 ms
liquid phase loading 6.986864 ms
liquid phase containers/connections/parcels 0.216440 ms
liquid phase solid storage 8.304107 ms
liquid phase surface step 1.802753 ms
liquid phase loading 6.660096 ms
liquid phase containers/connections/parcels 0.230773 ms
liquid phase solid storage 8.426986 ms
liquid phase surface step 1.511147 ms
liquid phase loading 5.652260 ms
liquid phase containers/connections/parcels 0.319504 ms
liquid phase solid storage 8.209840 ms
liquid phase surface step 1.628204 ms
liquid phase loading 5.682213 ms
liquid phase containers/connections/parcels 0.234475 ms
liquid phase solid storage 8.740119 ms
liquid phase surface step 1.588581 ms
liquid phase loading 5.550172 ms
liquid phase containers/connections/parcels 0.205563 ms
liquid phase solid storage 8.382554 ms
liquid phase surface step 1.519564 ms
liquid phase loading 5.984701 ms
liquid phase containers/connections/parcels 0.299083 ms
liquid phase solid storage 8.146543 ms
liquid phase surface step 1.838230 ms
liquid phase loading 5.858137 ms
liquid phase containers/connections/parcels 0.206232 ms
liquid phase solid storage 8.601903 ms
liquid phase surface step 1.464765 ms
liquid phase loading 5.808403 ms
liquid phase containers/connections/parcels 0.248742 ms
liquid phase solid storage 8.393651 ms
liquid phase surface step 1.740475 ms
liquid phase loading 5.754743 ms
liquid phase containers/connections/parcels 0.212798 ms
liquid phase solid storage 7.888156 ms
liquid phase surface step 1.893787 ms
liquid phase loading 5.228159 ms
liquid phase containers/connections/parcels 0.237754 ms
liquid phase solid storage 8.729736 ms
liquid phase surface step 1.505348 ms
liquid phase loading 5.412902 ms
liquid phase containers/connections/parcels 0.204833 ms
liquid phase solid storage 8.636945 ms
liquid phase surface step 1.488946 ms
liquid phase loading 5.267281 ms
liquid phase containers/connections/parcels 0.326514 ms
liquid phase solid storage 8.533202 ms
liquid phase surface step 1.820706 ms
liquid phase loading 5.447404 ms
liquid phase containers/connections/parcels 0.241214 ms
liquid phase solid storage 8.650991 ms
liquid phase surface step 1.477567 ms
liquid phase loading 5.498870 ms
liquid phase containers/connections/parcels 0.225396 ms
liquid phase solid storage 8.368983 ms
liquid phase surface step 1.497733 ms
liquid phase loading 5.709635 ms
liquid phase containers/connections/parcels 0.245149 ms
liquid phase solid storage 8.242792 ms
liquid phase surface step 1.826031 ms
liquid phase loading 5.749392 ms
liquid phase containers/connections/parcels 0.263543 ms
liquid phase solid storage 8.629277 ms
liquid phase surface step 1.916368 ms
liquid phase loading 5.455091 ms
PASS waves persist and owner/parcel ledger stays conserved
liquid phase containers/connections/parcels 2.605211 ms
liquid phase solid storage 47.834771 ms
liquid phase surface step 1.752264 ms
liquid phase loading 5.439147 ms
M55 lab scoop step 0 volume 0.000873317636
liquid phase containers/connections/parcels 2.533557 ms
liquid phase solid storage 44.519331 ms
liquid phase surface step 1.603727 ms
liquid phase loading 5.425394 ms
liquid phase containers/connections/parcels 2.889960 ms
liquid phase solid storage 45.070108 ms
liquid phase surface step 1.516976 ms
liquid phase loading 5.524480 ms
liquid phase containers/connections/parcels 2.782652 ms
liquid phase solid storage 43.286314 ms
liquid phase surface step 1.823669 ms
liquid phase loading 5.333594 ms
liquid phase containers/connections/parcels 2.630924 ms
liquid phase solid storage 46.408581 ms
liquid phase surface step 1.529880 ms
liquid phase loading 5.941101 ms
liquid phase containers/connections/parcels 2.586083 ms
liquid phase solid storage 44.320307 ms
liquid phase surface step 1.909910 ms
liquid phase loading 5.593329 ms
liquid phase containers/connections/parcels 2.327137 ms
liquid phase solid storage 49.619410 ms
liquid phase surface step 1.522885 ms
liquid phase loading 6.057019 ms
liquid phase containers/connections/parcels 2.323242 ms
liquid phase solid storage 44.030312 ms
liquid phase surface step 1.441841 ms
liquid phase loading 6.190918 ms
liquid phase containers/connections/parcels 2.275376 ms
liquid phase solid storage 45.365115 ms
liquid phase surface step 1.549644 ms
liquid phase loading 5.789471 ms
liquid phase containers/connections/parcels 2.393497 ms
liquid phase solid storage 47.362139 ms
liquid phase surface step 1.533477 ms
liquid phase loading 5.856979 ms
liquid phase containers/connections/parcels 2.717681 ms
liquid phase solid storage 45.959480 ms
liquid phase surface step 2.388360 ms
liquid phase loading 5.654278 ms
M55 lab scoop step 10 volume 0.00977569168
liquid phase containers/connections/parcels 2.417400 ms
liquid phase solid storage 49.104006 ms
liquid phase surface step 1.824849 ms
liquid phase loading 6.014193 ms
liquid phase containers/connections/parcels 2.662270 ms
liquid phase solid storage 50.707733 ms
liquid phase surface step 1.519034 ms
liquid phase loading 5.609400 ms
liquid phase containers/connections/parcels 2.956491 ms
liquid phase solid storage 50.487266 ms
liquid phase surface step 1.455546 ms
liquid phase loading 5.955616 ms
liquid phase containers/connections/parcels 2.281852 ms
liquid phase solid storage 57.018236 ms
liquid phase surface step 1.833889 ms
liquid phase loading 9.196363 ms
liquid phase containers/connections/parcels 2.492057 ms
liquid phase solid storage 53.729566 ms
liquid phase surface step 1.974501 ms
liquid phase loading 6.103710 ms
liquid phase containers/connections/parcels 2.282769 ms
liquid phase solid storage 53.452575 ms
liquid phase surface step 1.489767 ms
liquid phase loading 7.359413 ms
liquid phase containers/connections/parcels 2.361031 ms
liquid phase solid storage 54.510242 ms
liquid phase surface step 2.081295 ms
liquid phase loading 5.860907 ms
liquid phase containers/connections/parcels 3.144050 ms
liquid phase solid storage 52.352721 ms
liquid phase surface step 2.198932 ms
liquid phase loading 6.377523 ms
liquid phase containers/connections/parcels 2.674400 ms
liquid phase solid storage 54.194526 ms
liquid phase surface step 1.823323 ms
liquid phase loading 6.754801 ms
liquid phase containers/connections/parcels 2.707818 ms
liquid phase solid storage 52.296492 ms
liquid phase surface step 1.976311 ms
liquid phase loading 6.380724 ms
M55 lab scoop step 20 volume 0.0186871876
liquid phase containers/connections/parcels 3.190730 ms
liquid phase solid storage 53.631831 ms
liquid phase surface step 1.496149 ms
liquid phase loading 6.113089 ms
liquid phase containers/connections/parcels 2.494631 ms
liquid phase solid storage 55.300332 ms
liquid phase surface step 1.454945 ms
liquid phase loading 6.068829 ms
liquid phase containers/connections/parcels 2.312715 ms
liquid phase solid storage 53.580324 ms
liquid phase surface step 2.242904 ms
liquid phase loading 6.133684 ms
liquid phase containers/connections/parcels 3.799336 ms
liquid phase solid storage 56.879012 ms
liquid phase surface step 2.155210 ms
liquid phase loading 5.208420 ms
liquid phase containers/connections/parcels 2.844901 ms
liquid phase solid storage 57.289987 ms
liquid phase surface step 1.799513 ms
liquid phase loading 5.293416 ms
liquid phase containers/connections/parcels 2.203122 ms
liquid phase solid storage 58.925572 ms
liquid phase surface step 1.422136 ms
liquid phase loading 5.972188 ms
liquid phase containers/connections/parcels 2.575336 ms
liquid phase solid storage 55.628151 ms
liquid phase surface step 1.649586 ms
liquid phase loading 5.498414 ms
liquid phase containers/connections/parcels 2.384419 ms
liquid phase solid storage 56.471348 ms
liquid phase surface step 1.452568 ms
liquid phase loading 5.896239 ms
liquid phase containers/connections/parcels 0.813916 ms
liquid phase solid storage 8.301481 ms
liquid phase surface step 1.563296 ms
liquid phase loading 5.818546 ms
liquid phase containers/connections/parcels 1.125733 ms
liquid phase solid storage 8.758331 ms
liquid phase surface step 1.643532 ms
liquid phase loading 5.495104 ms
M55 lab scoop step 30 volume 0.025088
liquid phase containers/connections/parcels 0.735593 ms
liquid phase solid storage 9.147946 ms
liquid phase surface step 2.503221 ms
liquid phase loading 5.993352 ms
liquid phase containers/connections/parcels 0.786494 ms
liquid phase solid storage 9.493504 ms
liquid phase surface step 2.392642 ms
liquid phase loading 5.831052 ms
liquid phase containers/connections/parcels 0.818405 ms
liquid phase solid storage 10.932285 ms
liquid phase surface step 1.772222 ms
liquid phase loading 5.842371 ms
liquid phase containers/connections/parcels 0.997179 ms
liquid phase solid storage 28.468646 ms
liquid phase surface step 1.532152 ms
liquid phase loading 7.159418 ms
liquid phase containers/connections/parcels 0.787750 ms
liquid phase solid storage 26.785941 ms
liquid phase surface step 1.482463 ms
liquid phase loading 5.409115 ms
liquid phase containers/connections/parcels 0.754162 ms
liquid phase solid storage 25.665335 ms
liquid phase surface step 1.660424 ms
liquid phase loading 5.319708 ms
liquid phase containers/connections/parcels 0.714402 ms
liquid phase solid storage 26.819290 ms
liquid phase surface step 1.672000 ms
liquid phase loading 4.970564 ms
liquid phase containers/connections/parcels 0.940906 ms
liquid phase solid storage 27.613112 ms
liquid phase surface step 2.309899 ms
liquid phase loading 5.503679 ms
liquid phase containers/connections/parcels 0.851154 ms
liquid phase solid storage 25.826072 ms
liquid phase surface step 1.399411 ms
liquid phase loading 5.309155 ms
M55 lab acquired 25.088000000 L ledger -5.68434188608e-14
PASS physical opening acquires real moving-surface water with paired ownership
liquid phase containers/connections/parcels 0.337772 ms
liquid phase solid storage 8.896825 ms
liquid phase surface step 1.550317 ms
liquid phase loading 4.930159 ms
liquid phase containers/connections/parcels 0.300070 ms
liquid phase solid storage 8.389768 ms
liquid phase surface step 1.450101 ms
liquid phase loading 5.270318 ms
liquid phase containers/connections/parcels 0.279851 ms
liquid phase solid storage 8.805899 ms
liquid phase surface step 1.683513 ms
liquid phase loading 5.479245 ms
liquid phase containers/connections/parcels 0.288443 ms
liquid phase solid storage 8.281092 ms
liquid phase surface step 1.731165 ms
liquid phase loading 6.029403 ms
liquid phase containers/connections/parcels 0.281723 ms
liquid phase solid storage 8.445429 ms
liquid phase surface step 1.787885 ms
liquid phase loading 5.851272 ms
liquid phase containers/connections/parcels 0.280589 ms
liquid phase solid storage 8.745907 ms
liquid phase surface step 1.529850 ms
liquid phase loading 6.775482 ms
liquid phase containers/connections/parcels 0.457137 ms
liquid phase solid storage 9.952234 ms
liquid phase surface step 1.546733 ms
liquid phase loading 7.157359 ms
liquid phase containers/connections/parcels 0.309202 ms
liquid phase solid storage 9.346119 ms
liquid phase surface step 2.002173 ms
liquid phase loading 6.676505 ms
liquid phase containers/connections/parcels 0.426553 ms
liquid phase solid storage 9.516339 ms
liquid phase surface step 1.773322 ms
liquid phase loading 6.965770 ms
liquid phase containers/connections/parcels 0.298803 ms
liquid phase solid storage 10.447597 ms
liquid phase surface step 1.639261 ms
liquid phase loading 6.490620 ms
liquid phase containers/connections/parcels 0.290137 ms
liquid phase solid storage 8.743380 ms
liquid phase surface step 1.880694 ms
liquid phase loading 5.866666 ms
liquid phase containers/connections/parcels 0.399404 ms
liquid phase solid storage 9.720659 ms
liquid phase surface step 1.967090 ms
liquid phase loading 6.053761 ms
liquid phase containers/connections/parcels 0.461254 ms
liquid phase solid storage 9.362820 ms
liquid phase surface step 2.549357 ms
liquid phase loading 5.826789 ms
liquid phase containers/connections/parcels 0.281761 ms
liquid phase solid storage 8.904751 ms
liquid phase surface step 1.631535 ms
liquid phase loading 7.002363 ms
liquid phase containers/connections/parcels 0.427389 ms
liquid phase solid storage 9.404805 ms
liquid phase surface step 1.923915 ms
liquid phase loading 6.083855 ms
PASS removed cup retains real conserved water
liquid phase containers/connections/parcels 0.806828 ms
liquid phase solid storage 8.606120 ms
liquid phase surface step 1.511488 ms
liquid phase loading 6.663415 ms
liquid phase containers/connections/parcels 0.697603 ms
liquid phase solid storage 8.573135 ms
liquid phase surface step 2.068912 ms
liquid phase loading 6.305079 ms
liquid phase containers/connections/parcels 0.616309 ms
liquid phase solid storage 8.340159 ms
liquid phase surface step 1.674687 ms
liquid phase loading 6.000185 ms
liquid phase containers/connections/parcels 0.627514 ms
liquid phase solid storage 8.338531 ms
liquid phase surface step 1.788338 ms
liquid phase loading 5.480774 ms
liquid phase containers/connections/parcels 0.940084 ms
liquid phase solid storage 8.531352 ms
liquid phase surface step 1.836728 ms
liquid phase loading 5.783494 ms
liquid phase containers/connections/parcels 0.730858 ms
liquid phase solid storage 8.026287 ms
liquid phase surface step 2.035138 ms
liquid phase loading 6.048470 ms
liquid phase containers/connections/parcels 0.634104 ms
liquid phase solid storage 8.448504 ms
liquid phase surface step 1.644545 ms
liquid phase loading 5.923263 ms
liquid phase containers/connections/parcels 0.735327 ms
liquid phase solid storage 8.058115 ms
liquid phase surface step 1.833641 ms
liquid phase loading 5.618389 ms
liquid phase containers/connections/parcels 0.627469 ms
liquid phase solid storage 8.919505 ms
liquid phase surface step 1.564040 ms
liquid phase loading 6.281036 ms
liquid phase containers/connections/parcels 0.675483 ms
liquid phase solid storage 9.046709 ms
liquid phase surface step 1.523013 ms
liquid phase loading 6.675203 ms
liquid phase containers/connections/parcels 0.851461 ms
liquid phase solid storage 8.873685 ms
liquid phase surface step 2.043690 ms
liquid phase loading 6.597887 ms
liquid phase containers/connections/parcels 0.886869 ms
liquid phase solid storage 8.618900 ms
liquid phase surface step 1.438738 ms
liquid phase loading 5.766545 ms
liquid phase containers/connections/parcels 0.845603 ms
liquid phase solid storage 7.881245 ms
liquid phase surface step 1.763841 ms
liquid phase loading 5.634498 ms
liquid phase containers/connections/parcels 0.767963 ms
liquid phase solid storage 8.306340 ms
liquid phase surface step 1.453126 ms
liquid phase loading 5.668247 ms
liquid phase containers/connections/parcels 0.636184 ms
liquid phase solid storage 8.103408 ms
liquid phase surface step 1.632289 ms
liquid phase loading 5.844247 ms
liquid phase containers/connections/parcels 0.689451 ms
liquid phase solid storage 8.618744 ms
liquid phase surface step 1.439135 ms
liquid phase loading 5.603001 ms
liquid phase containers/connections/parcels 0.670378 ms
liquid phase solid storage 9.039022 ms
liquid phase surface step 1.871619 ms
liquid phase loading 5.220903 ms
liquid phase containers/connections/parcels 0.682139 ms
liquid phase solid storage 8.438251 ms
liquid phase surface step 1.501458 ms
liquid phase loading 5.716501 ms
liquid phase containers/connections/parcels 0.793932 ms
liquid phase solid storage 8.601207 ms
liquid phase surface step 1.666313 ms
liquid phase loading 5.819647 ms
liquid phase containers/connections/parcels 0.746198 ms
liquid phase solid storage 8.858715 ms
liquid phase surface step 1.739479 ms
liquid phase loading 5.678921 ms
liquid phase containers/connections/parcels 0.763646 ms
liquid phase solid storage 9.107154 ms
liquid phase surface step 1.872038 ms
liquid phase loading 5.754957 ms
liquid phase containers/connections/parcels 0.615928 ms
liquid phase solid storage 9.178873 ms
liquid phase surface step 1.755345 ms
liquid phase loading 5.860690 ms
liquid phase containers/connections/parcels 0.835694 ms
liquid phase solid storage 9.338033 ms
liquid phase surface step 1.605986 ms
liquid phase loading 6.098222 ms
liquid phase containers/connections/parcels 0.672832 ms
liquid phase solid storage 9.757321 ms
liquid phase surface step 1.616358 ms
liquid phase loading 6.294135 ms
liquid phase containers/connections/parcels 0.841334 ms
liquid phase solid storage 9.322429 ms
liquid phase surface step 1.677334 ms
liquid phase loading 5.935313 ms
liquid phase containers/connections/parcels 0.671097 ms
liquid phase solid storage 9.199932 ms
liquid phase surface step 1.458590 ms
liquid phase loading 6.128545 ms
liquid phase containers/connections/parcels 0.779723 ms
liquid phase solid storage 9.324901 ms
liquid phase surface step 1.452054 ms
liquid phase loading 5.760180 ms
liquid phase containers/connections/parcels 0.990333 ms
liquid phase solid storage 9.466414 ms
liquid phase surface step 1.973564 ms
liquid phase loading 5.345113 ms
liquid phase containers/connections/parcels 0.707417 ms
liquid phase solid storage 8.807720 ms
liquid phase surface step 1.586756 ms
liquid phase loading 5.860327 ms
liquid phase containers/connections/parcels 0.613777 ms
liquid phase solid storage 8.393873 ms
liquid phase surface step 1.481652 ms
liquid phase loading 6.202133 ms
liquid phase containers/connections/parcels 0.647302 ms
liquid phase solid storage 8.493916 ms
liquid phase surface step 1.595225 ms
liquid phase loading 5.544774 ms
liquid phase containers/connections/parcels 1.052381 ms
liquid phase solid storage 8.440506 ms
liquid phase surface step 1.979959 ms
liquid phase loading 5.165847 ms
liquid phase containers/connections/parcels 0.637892 ms
liquid phase solid storage 10.296872 ms
liquid phase surface step 2.223498 ms
liquid phase loading 5.250968 ms
liquid phase containers/connections/parcels 0.762492 ms
liquid phase solid storage 8.678418 ms
liquid phase surface step 1.505143 ms
liquid phase loading 5.903329 ms
liquid phase containers/connections/parcels 0.701483 ms
liquid phase solid storage 8.778698 ms
liquid phase surface step 1.574476 ms
liquid phase loading 5.958815 ms
liquid phase containers/connections/parcels 0.585844 ms
liquid phase solid storage 8.945169 ms
liquid phase surface step 1.485861 ms
liquid phase loading 5.319000 ms
liquid phase containers/connections/parcels 0.953231 ms
liquid phase solid storage 8.027324 ms
liquid phase surface step 2.176288 ms
liquid phase loading 5.635902 ms
liquid phase containers/connections/parcels 0.693495 ms
liquid phase solid storage 8.704928 ms
liquid phase surface step 1.480767 ms
liquid phase loading 6.209607 ms
liquid phase containers/connections/parcels 0.807806 ms
liquid phase solid storage 9.275631 ms
liquid phase surface step 1.732814 ms
liquid phase loading 6.411651 ms
liquid phase containers/connections/parcels 0.650215 ms
liquid phase solid storage 8.603889 ms
liquid phase surface step 1.569020 ms
liquid phase loading 6.056573 ms
liquid phase containers/connections/parcels 0.678007 ms
liquid phase solid storage 8.513274 ms
liquid phase surface step 1.516892 ms
liquid phase loading 5.848573 ms
liquid phase containers/connections/parcels 0.962737 ms
liquid phase solid storage 8.100018 ms
liquid phase surface step 2.005964 ms
liquid phase loading 5.571016 ms
liquid phase containers/connections/parcels 0.788611 ms
liquid phase solid storage 8.408909 ms
liquid phase surface step 1.512295 ms
liquid phase loading 5.854582 ms
liquid phase containers/connections/parcels 0.657411 ms
liquid phase solid storage 8.468652 ms
liquid phase surface step 1.944938 ms
liquid phase loading 8.352146 ms
liquid phase containers/connections/parcels 0.660719 ms
liquid phase solid storage 8.705296 ms
liquid phase surface step 1.440878 ms
liquid phase loading 6.426011 ms
liquid phase containers/connections/parcels 0.586573 ms
liquid phase solid storage 8.524729 ms
liquid phase surface step 1.398755 ms
liquid phase loading 5.591291 ms
liquid phase containers/connections/parcels 0.940802 ms
liquid phase solid storage 8.294242 ms
liquid phase surface step 1.858118 ms
liquid phase loading 5.841943 ms
liquid phase containers/connections/parcels 0.586880 ms
liquid phase solid storage 8.384699 ms
liquid phase surface step 1.634757 ms
liquid phase loading 6.325305 ms
liquid phase containers/connections/parcels 0.653233 ms
liquid phase solid storage 8.791029 ms
liquid phase surface step 1.447274 ms
liquid phase loading 6.565548 ms
liquid phase containers/connections/parcels 0.667308 ms
liquid phase solid storage 9.281664 ms
liquid phase surface step 1.434023 ms
liquid phase loading 7.097052 ms
liquid phase containers/connections/parcels 0.609500 ms
liquid phase solid storage 8.619993 ms
liquid phase surface step 1.477127 ms
liquid phase loading 6.163936 ms
liquid phase containers/connections/parcels 0.952191 ms
liquid phase solid storage 8.264999 ms
liquid phase surface step 1.925962 ms
liquid phase loading 6.285851 ms
liquid phase containers/connections/parcels 0.635920 ms
liquid phase solid storage 8.557861 ms
liquid phase surface step 1.789207 ms
liquid phase loading 5.770392 ms
liquid phase containers/connections/parcels 0.934639 ms
liquid phase solid storage 8.638417 ms
liquid phase surface step 1.921394 ms
liquid phase loading 6.198990 ms
liquid phase containers/connections/parcels 0.654233 ms
liquid phase solid storage 8.457627 ms
liquid phase surface step 1.449191 ms
liquid phase loading 6.526585 ms
liquid phase containers/connections/parcels 0.590041 ms
liquid phase solid storage 8.568871 ms
liquid phase surface step 1.403513 ms
liquid phase loading 6.253632 ms
liquid phase containers/connections/parcels 0.893176 ms
liquid phase solid storage 8.354826 ms
liquid phase surface step 1.563717 ms
liquid phase loading 5.932263 ms
liquid phase containers/connections/parcels 0.674993 ms
liquid phase solid storage 8.913332 ms
liquid phase surface step 1.633988 ms
liquid phase loading 5.838197 ms
liquid phase containers/connections/parcels 0.675305 ms
liquid phase solid storage 8.497009 ms
liquid phase surface step 1.686117 ms
liquid phase loading 5.997690 ms
liquid phase containers/connections/parcels 0.647909 ms
liquid phase solid storage 9.165135 ms
liquid phase surface step 1.545491 ms
liquid phase loading 5.911634 ms
liquid phase containers/connections/parcels 0.635009 ms
liquid phase solid storage 8.899573 ms
liquid phase surface step 1.537817 ms
liquid phase loading 6.965723 ms
liquid phase containers/connections/parcels 0.646637 ms
liquid phase solid storage 8.294520 ms
liquid phase surface step 1.941933 ms
liquid phase loading 5.526718 ms
liquid phase containers/connections/parcels 0.589782 ms
liquid phase solid storage 9.241631 ms
liquid phase surface step 1.450188 ms
liquid phase loading 5.971371 ms
liquid phase containers/connections/parcels 0.586413 ms
liquid phase solid storage 8.253905 ms
liquid phase surface step 1.527535 ms
liquid phase loading 6.315615 ms
liquid phase containers/connections/parcels 0.670289 ms
liquid phase solid storage 8.511861 ms
liquid phase surface step 1.463600 ms
liquid phase loading 6.601956 ms
liquid phase containers/connections/parcels 0.712254 ms
liquid phase solid storage 8.629062 ms
liquid phase surface step 1.556645 ms
liquid phase loading 5.864724 ms
liquid phase containers/connections/parcels 1.019156 ms
liquid phase solid storage 9.178600 ms
liquid phase surface step 1.823767 ms
liquid phase loading 5.596813 ms
liquid phase containers/connections/parcels 0.627122 ms
liquid phase solid storage 8.642174 ms
liquid phase surface step 1.642850 ms
liquid phase loading 6.071355 ms
liquid phase containers/connections/parcels 0.680159 ms
liquid phase solid storage 9.375078 ms
liquid phase surface step 1.476721 ms
liquid phase loading 5.972588 ms
liquid phase containers/connections/parcels 0.834688 ms
liquid phase solid storage 12.494814 ms
liquid phase surface step 2.233181 ms
liquid phase loading 9.238758 ms
liquid phase containers/connections/parcels 1.098671 ms
liquid phase solid storage 12.617105 ms
liquid phase surface step 2.374138 ms
liquid phase loading 9.307630 ms
liquid phase containers/connections/parcels 1.095844 ms
liquid phase solid storage 11.738898 ms
liquid phase surface step 1.990016 ms
liquid phase loading 5.390761 ms
liquid phase containers/connections/parcels 0.694089 ms
liquid phase solid storage 8.904963 ms
liquid phase surface step 2.047159 ms
liquid phase loading 5.811924 ms
liquid phase containers/connections/parcels 0.885761 ms
liquid phase solid storage 10.480216 ms
liquid phase surface step 1.822600 ms
liquid phase loading 5.957167 ms
liquid phase containers/connections/parcels 0.669152 ms
liquid phase solid storage 8.738850 ms
liquid phase surface step 1.824689 ms
liquid phase loading 6.428406 ms
liquid phase containers/connections/parcels 0.647485 ms
liquid phase solid storage 9.276208 ms
liquid phase surface step 1.472176 ms
liquid phase loading 6.455627 ms
liquid phase containers/connections/parcels 0.625729 ms
liquid phase solid storage 9.900591 ms
liquid phase surface step 2.346766 ms
liquid phase loading 6.857461 ms
liquid phase containers/connections/parcels 0.617463 ms
liquid phase solid storage 8.876331 ms
liquid phase surface step 1.386432 ms
liquid phase loading 5.573695 ms
liquid phase containers/connections/parcels 0.683215 ms
liquid phase solid storage 11.268386 ms
liquid phase surface step 1.520252 ms
liquid phase loading 5.404790 ms
liquid phase containers/connections/parcels 0.648582 ms
liquid phase solid storage 8.583288 ms
liquid phase surface step 2.194997 ms
liquid phase loading 5.335258 ms
liquid phase containers/connections/parcels 0.670119 ms
liquid phase solid storage 8.867392 ms
liquid phase surface step 1.577982 ms
liquid phase loading 8.624718 ms
liquid phase containers/connections/parcels 0.629419 ms
liquid phase solid storage 9.075289 ms
liquid phase surface step 1.972155 ms
liquid phase loading 6.148106 ms
liquid phase containers/connections/parcels 0.716303 ms
liquid phase solid storage 8.656501 ms
liquid phase surface step 1.569302 ms
liquid phase loading 5.687493 ms
liquid phase containers/connections/parcels 0.348865 ms
liquid phase solid storage 10.343584 ms
liquid phase surface step 2.402851 ms
liquid phase loading 6.716188 ms
liquid phase containers/connections/parcels 0.328326 ms
liquid phase solid storage 9.447797 ms
liquid phase surface step 1.573691 ms
liquid phase loading 7.706572 ms
liquid phase containers/connections/parcels 0.365282 ms
liquid phase solid storage 8.943536 ms
liquid phase surface step 1.641551 ms
liquid phase loading 6.081733 ms
liquid phase containers/connections/parcels 0.552822 ms
liquid phase solid storage 10.195163 ms
liquid phase surface step 1.435502 ms
liquid phase loading 6.507702 ms
liquid phase containers/connections/parcels 0.360537 ms
liquid phase solid storage 9.017818 ms
liquid phase surface step 1.421136 ms
liquid phase loading 7.824860 ms
liquid phase containers/connections/parcels 0.480855 ms
liquid phase solid storage 9.129115 ms
liquid phase surface step 1.806997 ms
liquid phase loading 7.549041 ms
liquid phase containers/connections/parcels 0.360595 ms
liquid phase solid storage 8.822098 ms
liquid phase surface step 2.341603 ms
liquid phase loading 6.541641 ms
liquid phase containers/connections/parcels 0.344464 ms
liquid phase solid storage 9.443493 ms
liquid phase surface step 2.508657 ms
liquid phase loading 6.217338 ms
liquid phase containers/connections/parcels 0.371749 ms
liquid phase solid storage 11.028428 ms
liquid phase surface step 2.425541 ms
liquid phase loading 9.374099 ms
liquid phase containers/connections/parcels 0.547983 ms
liquid phase solid storage 10.746277 ms
liquid phase surface step 1.544429 ms
liquid phase loading 8.043281 ms
liquid phase containers/connections/parcels 0.571084 ms
liquid phase solid storage 13.076232 ms
liquid phase surface step 2.553973 ms
liquid phase loading 9.459053 ms
liquid phase containers/connections/parcels 0.553003 ms
liquid phase solid storage 8.547468 ms
liquid phase surface step 1.423442 ms
liquid phase loading 6.237389 ms
liquid phase containers/connections/parcels 0.376151 ms
liquid phase solid storage 8.230602 ms
liquid phase surface step 1.929505 ms
liquid phase loading 5.519307 ms
liquid phase containers/connections/parcels 0.408079 ms
liquid phase solid storage 8.426898 ms
liquid phase surface step 1.575743 ms
liquid phase loading 7.929091 ms
liquid phase containers/connections/parcels 0.691667 ms
liquid phase solid storage 11.305643 ms
liquid phase surface step 1.884198 ms
liquid phase loading 5.568609 ms
liquid phase containers/connections/parcels 0.319925 ms
liquid phase solid storage 12.117452 ms
liquid phase surface step 1.629042 ms
liquid phase loading 5.853873 ms
liquid phase containers/connections/parcels 0.446891 ms
liquid phase solid storage 10.677929 ms
liquid phase surface step 1.776168 ms
liquid phase loading 9.607682 ms
liquid phase containers/connections/parcels 0.587489 ms
liquid phase solid storage 12.753568 ms
liquid phase surface step 2.559199 ms
liquid phase loading 9.710651 ms
liquid phase containers/connections/parcels 0.582640 ms
liquid phase solid storage 12.807447 ms
liquid phase surface step 2.423293 ms
liquid phase loading 9.437666 ms
liquid phase containers/connections/parcels 0.535979 ms
liquid phase solid storage 12.689077 ms
liquid phase surface step 2.574584 ms
liquid phase loading 9.536301 ms
liquid phase containers/connections/parcels 0.331905 ms
liquid phase solid storage 8.483049 ms
liquid phase surface step 1.677870 ms
liquid phase loading 5.487274 ms
liquid phase containers/connections/parcels 0.324783 ms
liquid phase solid storage 8.830627 ms
liquid phase surface step 1.440866 ms
liquid phase loading 5.744689 ms
liquid phase containers/connections/parcels 0.364814 ms
liquid phase solid storage 8.774553 ms
liquid phase surface step 1.499661 ms
liquid phase loading 6.619981 ms
liquid phase containers/connections/parcels 0.366622 ms
liquid phase solid storage 8.856593 ms
liquid phase surface step 1.453686 ms
liquid phase loading 6.084225 ms
liquid phase containers/connections/parcels 0.328043 ms
liquid phase solid storage 8.533270 ms
liquid phase surface step 1.659404 ms
liquid phase loading 6.187810 ms
liquid phase containers/connections/parcels 0.371922 ms
liquid phase solid storage 8.510607 ms
liquid phase surface step 1.449243 ms
liquid phase loading 5.576697 ms
liquid phase containers/connections/parcels 0.371604 ms
liquid phase solid storage 9.195870 ms
liquid phase surface step 1.525746 ms
liquid phase loading 6.954230 ms
liquid phase containers/connections/parcels 0.325641 ms
liquid phase solid storage 8.715178 ms
liquid phase surface step 1.423488 ms
liquid phase loading 6.539709 ms
liquid phase containers/connections/parcels 0.354689 ms
liquid phase solid storage 9.196011 ms
liquid phase surface step 1.440586 ms
liquid phase loading 6.504354 ms
liquid phase containers/connections/parcels 0.318844 ms
liquid phase solid storage 8.083007 ms
liquid phase surface step 1.582295 ms
liquid phase loading 5.421275 ms
liquid phase containers/connections/parcels 0.334508 ms
liquid phase solid storage 8.242419 ms
liquid phase surface step 1.506347 ms
liquid phase loading 5.714590 ms
liquid phase containers/connections/parcels 0.305284 ms
liquid phase solid storage 8.096412 ms
liquid phase surface step 1.825563 ms
liquid phase loading 5.511310 ms
liquid phase containers/connections/parcels 0.366752 ms
liquid phase solid storage 10.740454 ms
liquid phase surface step 1.567861 ms
liquid phase loading 5.789577 ms
liquid phase containers/connections/parcels 0.339656 ms
liquid phase solid storage 8.224586 ms
liquid phase surface step 1.495815 ms
liquid phase loading 5.962538 ms
liquid phase containers/connections/parcels 0.304357 ms
liquid phase solid storage 8.629826 ms
liquid phase surface step 1.557928 ms
liquid phase loading 6.071727 ms
liquid phase containers/connections/parcels 0.349495 ms
liquid phase solid storage 8.404454 ms
liquid phase surface step 1.485299 ms
liquid phase loading 5.741800 ms
liquid phase containers/connections/parcels 0.367375 ms
liquid phase solid storage 8.407084 ms
liquid phase surface step 1.442963 ms
liquid phase loading 6.064214 ms
liquid phase containers/connections/parcels 0.333103 ms
liquid phase solid storage 8.451481 ms
liquid phase surface step 1.680133 ms
liquid phase loading 5.422818 ms
liquid phase containers/connections/parcels 0.596227 ms
liquid phase solid storage 10.416142 ms
liquid phase surface step 1.518463 ms
liquid phase loading 5.975260 ms
liquid phase containers/connections/parcels 0.313699 ms
liquid phase solid storage 8.421445 ms
liquid phase surface step 1.531490 ms
liquid phase loading 6.016736 ms
liquid phase containers/connections/parcels 0.387202 ms
liquid phase solid storage 8.518730 ms
liquid phase surface step 1.474129 ms
liquid phase loading 5.809062 ms
liquid phase containers/connections/parcels 0.392464 ms
liquid phase solid storage 8.674141 ms
liquid phase surface step 1.505783 ms
liquid phase loading 6.543987 ms
liquid phase containers/connections/parcels 0.316834 ms
liquid phase solid storage 8.852688 ms
liquid phase surface step 1.362045 ms
liquid phase loading 6.351296 ms
liquid phase containers/connections/parcels 0.413786 ms
liquid phase solid storage 8.632428 ms
liquid phase surface step 1.524212 ms
liquid phase loading 5.978167 ms
liquid phase containers/connections/parcels 0.335706 ms
liquid phase solid storage 8.479412 ms
liquid phase surface step 1.519318 ms
liquid phase loading 5.786793 ms
liquid phase containers/connections/parcels 0.340147 ms
liquid phase solid storage 8.363091 ms
liquid phase surface step 1.551405 ms
liquid phase loading 6.261372 ms
liquid phase containers/connections/parcels 0.532731 ms
liquid phase solid storage 8.652937 ms
liquid phase surface step 1.382774 ms
liquid phase loading 5.489792 ms
liquid phase containers/connections/parcels 0.362740 ms
liquid phase solid storage 8.786280 ms
liquid phase surface step 1.527883 ms
liquid phase loading 5.433569 ms
liquid phase containers/connections/parcels 0.309100 ms
liquid phase solid storage 8.091789 ms
liquid phase surface step 1.537995 ms
liquid phase loading 5.722139 ms
liquid phase containers/connections/parcels 0.304086 ms
liquid phase solid storage 8.344605 ms
liquid phase surface step 1.397961 ms
liquid phase loading 5.658768 ms
liquid phase containers/connections/parcels 0.326901 ms
liquid phase solid storage 8.442239 ms
liquid phase surface step 1.533782 ms
liquid phase loading 5.352648 ms
liquid phase containers/connections/parcels 0.497627 ms
liquid phase solid storage 8.268196 ms
liquid phase surface step 1.490340 ms
liquid phase loading 5.702417 ms
liquid phase containers/connections/parcels 0.324949 ms
liquid phase solid storage 9.020271 ms
liquid phase surface step 1.452514 ms
liquid phase loading 5.523920 ms
liquid phase containers/connections/parcels 0.370327 ms
liquid phase solid storage 11.785529 ms
liquid phase surface step 1.454759 ms
liquid phase loading 7.580485 ms
liquid phase containers/connections/parcels 0.327847 ms
liquid phase solid storage 10.424996 ms
liquid phase surface step 1.362274 ms
liquid phase loading 6.293359 ms
liquid phase containers/connections/parcels 0.310907 ms
liquid phase solid storage 8.166886 ms
liquid phase surface step 1.639598 ms
liquid phase loading 5.707133 ms
liquid phase containers/connections/parcels 0.686523 ms
liquid phase solid storage 9.921041 ms
liquid phase surface step 1.631830 ms
liquid phase loading 5.290559 ms
liquid phase containers/connections/parcels 0.679841 ms
liquid phase solid storage 8.987685 ms
liquid phase surface step 1.468805 ms
liquid phase loading 5.857970 ms
liquid phase containers/connections/parcels 0.417181 ms
liquid phase solid storage 8.247071 ms
liquid phase surface step 1.373886 ms
liquid phase loading 6.511466 ms
liquid phase containers/connections/parcels 0.334569 ms
liquid phase solid storage 11.457677 ms
liquid phase surface step 1.511118 ms
liquid phase loading 6.594609 ms
liquid phase containers/connections/parcels 0.337880 ms
liquid phase solid storage 8.227178 ms
liquid phase surface step 1.397024 ms
liquid phase loading 5.884935 ms
liquid phase containers/connections/parcels 0.420492 ms
liquid phase solid storage 10.688997 ms
liquid phase surface step 1.563847 ms
liquid phase loading 5.634014 ms
liquid phase containers/connections/parcels 0.333692 ms
liquid phase solid storage 8.907107 ms
liquid phase surface step 1.881496 ms
liquid phase loading 5.922688 ms
liquid phase containers/connections/parcels 0.384714 ms
liquid phase solid storage 8.335532 ms
liquid phase surface step 1.453791 ms
liquid phase loading 5.990022 ms
liquid phase containers/connections/parcels 0.306239 ms
liquid phase solid storage 8.854742 ms
liquid phase surface step 1.396182 ms
liquid phase loading 5.819821 ms
liquid phase containers/connections/parcels 0.335612 ms
liquid phase solid storage 8.496867 ms
liquid phase surface step 1.639059 ms
liquid phase loading 5.545409 ms
liquid phase containers/connections/parcels 0.365629 ms
liquid phase solid storage 8.155254 ms
liquid phase surface step 1.521832 ms
liquid phase loading 8.606679 ms
liquid phase containers/connections/parcels 0.663245 ms
liquid phase solid storage 8.467201 ms
liquid phase surface step 2.747446 ms
liquid phase loading 5.909544 ms
liquid phase containers/connections/parcels 0.341939 ms
liquid phase solid storage 9.629759 ms
liquid phase surface step 1.479038 ms
liquid phase loading 5.798992 ms
liquid phase containers/connections/parcels 0.355543 ms
liquid phase solid storage 11.641248 ms
liquid phase surface step 2.490757 ms
liquid phase loading 5.990169 ms
liquid phase containers/connections/parcels 0.315525 ms
liquid phase solid storage 8.521081 ms
liquid phase surface step 1.414315 ms
liquid phase loading 5.792982 ms
liquid phase containers/connections/parcels 0.354117 ms
liquid phase solid storage 8.487100 ms
liquid phase surface step 1.409972 ms
liquid phase loading 5.210616 ms
liquid phase containers/connections/parcels 0.317021 ms
liquid phase solid storage 8.746882 ms
liquid phase surface step 1.683267 ms
liquid phase loading 5.420509 ms
liquid phase containers/connections/parcels 0.318915 ms
liquid phase solid storage 8.842014 ms
liquid phase surface step 1.441945 ms
liquid phase loading 6.510705 ms
liquid phase containers/connections/parcels 0.550138 ms
liquid phase solid storage 10.407270 ms
liquid phase surface step 1.469651 ms
liquid phase loading 5.527336 ms
liquid phase containers/connections/parcels 0.327545 ms
liquid phase solid storage 8.541260 ms
liquid phase surface step 1.467639 ms
liquid phase loading 5.470566 ms
liquid phase containers/connections/parcels 0.357957 ms
liquid phase solid storage 8.639030 ms
liquid phase surface step 1.631527 ms
liquid phase loading 6.725615 ms
liquid phase containers/connections/parcels 0.329351 ms
liquid phase solid storage 8.231006 ms
liquid phase surface step 1.452775 ms
liquid phase loading 6.367503 ms
liquid phase containers/connections/parcels 0.361488 ms
liquid phase solid storage 8.604039 ms
liquid phase surface step 1.410519 ms
liquid phase loading 5.706731 ms
liquid phase containers/connections/parcels 0.340675 ms
liquid phase solid storage 8.861605 ms
liquid phase surface step 1.572086 ms
liquid phase loading 5.364881 ms
liquid phase containers/connections/parcels 0.447039 ms
liquid phase solid storage 8.523732 ms
liquid phase surface step 1.444324 ms
liquid phase loading 5.772136 ms
liquid phase containers/connections/parcels 0.396023 ms
liquid phase solid storage 9.851171 ms
liquid phase surface step 1.840156 ms
liquid phase loading 5.527419 ms
liquid phase containers/connections/parcels 0.340637 ms
liquid phase solid storage 8.263809 ms
liquid phase surface step 1.402255 ms
liquid phase loading 5.598141 ms
liquid phase containers/connections/parcels 0.466470 ms
liquid phase solid storage 8.968925 ms
liquid phase surface step 2.089980 ms
liquid phase loading 5.452014 ms
liquid phase containers/connections/parcels 0.347625 ms
liquid phase solid storage 8.525460 ms
liquid phase surface step 1.748327 ms
liquid phase loading 6.179396 ms
liquid phase containers/connections/parcels 0.335069 ms
liquid phase solid storage 9.198664 ms
liquid phase surface step 1.476434 ms
liquid phase loading 5.722421 ms
liquid phase containers/connections/parcels 0.326071 ms
liquid phase solid storage 8.083188 ms
liquid phase surface step 1.601863 ms
liquid phase loading 6.532746 ms
liquid phase containers/connections/parcels 0.472842 ms
liquid phase solid storage 7.947450 ms
liquid phase surface step 1.565784 ms
liquid phase loading 5.444985 ms
liquid phase containers/connections/parcels 0.317006 ms
liquid phase solid storage 8.183459 ms
liquid phase surface step 1.761194 ms
liquid phase loading 6.015505 ms
liquid phase containers/connections/parcels 0.321025 ms
liquid phase solid storage 9.747319 ms
liquid phase surface step 1.531791 ms
liquid phase loading 6.611493 ms
liquid phase containers/connections/parcels 0.359129 ms
liquid phase solid storage 8.548686 ms
liquid phase surface step 1.560105 ms
liquid phase loading 6.577121 ms
liquid phase containers/connections/parcels 0.369514 ms
liquid phase solid storage 8.512577 ms
liquid phase surface step 1.658305 ms
liquid phase loading 5.936858 ms
liquid phase containers/connections/parcels 0.355892 ms
liquid phase solid storage 8.534288 ms
liquid phase surface step 1.729093 ms
liquid phase loading 7.159435 ms
liquid phase containers/connections/parcels 0.390578 ms
liquid phase solid storage 8.526203 ms
liquid phase surface step 1.484202 ms
liquid phase loading 7.189617 ms
liquid phase containers/connections/parcels 0.399582 ms
liquid phase solid storage 8.432189 ms
liquid phase surface step 1.555123 ms
liquid phase loading 8.673784 ms
liquid phase containers/connections/parcels 0.316614 ms
liquid phase solid storage 8.426851 ms
liquid phase surface step 1.494855 ms
liquid phase loading 6.504028 ms
liquid phase containers/connections/parcels 0.333798 ms
liquid phase solid storage 8.914755 ms
liquid phase surface step 1.712379 ms
liquid phase loading 5.818792 ms
PASS pouring moves retained water through conserved parcels
liquid phase containers/connections/parcels 0.404302 ms
liquid phase solid storage 8.520647 ms
liquid phase surface step 2.239515 ms
liquid phase loading 8.339234 ms
liquid phase containers/connections/parcels 0.482501 ms
liquid phase solid storage 8.374560 ms
liquid phase surface step 1.743919 ms
liquid phase loading 5.485514 ms
liquid phase containers/connections/parcels 0.358204 ms
liquid phase solid storage 8.002870 ms
liquid phase surface step 1.467099 ms
liquid phase loading 5.749963 ms
liquid phase containers/connections/parcels 0.367475 ms
liquid phase solid storage 10.206385 ms
liquid phase surface step 2.482937 ms
liquid phase loading 6.454130 ms
liquid phase containers/connections/parcels 0.341409 ms
liquid phase solid storage 8.674801 ms
liquid phase surface step 1.538030 ms
liquid phase loading 6.685037 ms
liquid phase containers/connections/parcels 0.348870 ms
liquid phase solid storage 8.781252 ms
liquid phase surface step 1.725182 ms
liquid phase loading 5.854327 ms
liquid phase containers/connections/parcels 0.313501 ms
liquid phase solid storage 8.146232 ms
liquid phase surface step 1.663829 ms
liquid phase loading 6.140961 ms
liquid phase containers/connections/parcels 0.360732 ms
liquid phase solid storage 8.676943 ms
liquid phase surface step 1.484450 ms
liquid phase loading 6.182674 ms
liquid phase containers/connections/parcels 0.346905 ms
liquid phase solid storage 7.944696 ms
liquid phase surface step 1.679619 ms
liquid phase loading 6.068929 ms
liquid phase containers/connections/parcels 0.335433 ms
liquid phase solid storage 10.798659 ms
liquid phase surface step 1.452460 ms
liquid phase loading 5.952512 ms
liquid phase containers/connections/parcels 0.329122 ms
liquid phase solid storage 8.182767 ms
liquid phase surface step 1.573090 ms
liquid phase loading 6.148495 ms
liquid phase containers/connections/parcels 0.328940 ms
liquid phase solid storage 7.938999 ms
liquid phase surface step 1.642841 ms
liquid phase loading 5.874522 ms
liquid phase containers/connections/parcels 0.347949 ms
liquid phase solid storage 8.686719 ms
liquid phase surface step 1.491744 ms
liquid phase loading 6.376533 ms
liquid phase containers/connections/parcels 0.333945 ms
liquid phase solid storage 9.142681 ms
liquid phase surface step 2.238520 ms
liquid phase loading 6.086765 ms
liquid phase containers/connections/parcels 0.657015 ms
liquid phase solid storage 9.792118 ms
liquid phase surface step 1.855755 ms
liquid phase loading 7.091168 ms
liquid phase containers/connections/parcels 0.325025 ms
liquid phase solid storage 10.798056 ms
liquid phase surface step 1.491641 ms
liquid phase loading 5.821521 ms
liquid phase containers/connections/parcels 0.641197 ms
liquid phase solid storage 8.405651 ms
liquid phase surface step 1.802030 ms
liquid phase loading 5.668743 ms
liquid phase containers/connections/parcels 0.427403 ms
liquid phase solid storage 8.623065 ms
liquid phase surface step 1.594663 ms
liquid phase loading 7.639133 ms
liquid phase containers/connections/parcels 0.562014 ms
liquid phase solid storage 9.084700 ms
liquid phase surface step 1.522954 ms
liquid phase loading 6.088639 ms
liquid phase containers/connections/parcels 0.317731 ms
liquid phase solid storage 8.239862 ms
liquid phase surface step 1.445953 ms
liquid phase loading 8.921822 ms
liquid phase containers/connections/parcels 0.661565 ms
liquid phase solid storage 11.958169 ms
liquid phase surface step 1.684260 ms
liquid phase loading 5.490484 ms
liquid phase containers/connections/parcels 0.395296 ms
liquid phase solid storage 9.819878 ms
liquid phase surface step 2.811675 ms
liquid phase loading 7.406537 ms
liquid phase containers/connections/parcels 0.346301 ms
liquid phase solid storage 8.748071 ms
liquid phase surface step 2.322800 ms
liquid phase loading 8.116272 ms
liquid phase containers/connections/parcels 0.525834 ms
liquid phase solid storage 9.035870 ms
liquid phase surface step 1.854586 ms
liquid phase loading 5.912749 ms
liquid phase containers/connections/parcels 0.552019 ms
liquid phase solid storage 8.924426 ms
liquid phase surface step 2.176911 ms
liquid phase loading 5.581399 ms
liquid phase containers/connections/parcels 0.499802 ms
liquid phase solid storage 10.544922 ms
liquid phase surface step 2.413977 ms
liquid phase loading 6.043306 ms
liquid phase containers/connections/parcels 0.362795 ms
liquid phase solid storage 8.728428 ms
liquid phase surface step 1.895813 ms
liquid phase loading 5.771917 ms
liquid phase containers/connections/parcels 0.313310 ms
liquid phase solid storage 8.993567 ms
liquid phase surface step 1.554217 ms
liquid phase loading 6.592496 ms
liquid phase containers/connections/parcels 0.522117 ms
liquid phase solid storage 9.128905 ms
liquid phase surface step 1.469986 ms
liquid phase loading 6.215229 ms
liquid phase containers/connections/parcels 0.349353 ms
liquid phase solid storage 8.928961 ms
liquid phase surface step 1.415168 ms
liquid phase loading 5.616959 ms
PASS JS liquid response drives normal CharacterMotor under selected gravity
liquid phase containers/connections/parcels 0.460324 ms
liquid phase solid storage 8.399114 ms
liquid phase surface step 2.088588 ms
liquid phase loading 5.400716 ms
liquid phase containers/connections/parcels 0.374179 ms
liquid phase solid storage 8.903817 ms
liquid phase surface step 1.940080 ms
liquid phase loading 5.713467 ms
liquid phase containers/connections/parcels 0.362373 ms
liquid phase solid storage 8.372856 ms
liquid phase surface step 1.415830 ms
liquid phase loading 5.832001 ms
liquid phase containers/connections/parcels 0.315675 ms
liquid phase solid storage 8.986586 ms
liquid phase surface step 1.492095 ms
liquid phase loading 6.015229 ms
liquid phase containers/connections/parcels 0.347765 ms
liquid phase solid storage 8.689116 ms
liquid phase surface step 1.647647 ms
liquid phase loading 5.230243 ms
liquid phase containers/connections/parcels 0.454248 ms
liquid phase solid storage 8.478988 ms
liquid phase surface step 1.665498 ms
liquid phase loading 6.268573 ms
liquid phase containers/connections/parcels 0.350619 ms
liquid phase solid storage 9.080295 ms
liquid phase surface step 1.648471 ms
liquid phase loading 6.643002 ms
liquid phase containers/connections/parcels 0.358737 ms
liquid phase solid storage 9.924852 ms
liquid phase surface step 1.448994 ms
liquid phase loading 6.185966 ms
liquid phase containers/connections/parcels 0.365844 ms
liquid phase solid storage 8.978615 ms
liquid phase surface step 1.626412 ms
liquid phase loading 6.097797 ms
liquid phase containers/connections/parcels 0.373075 ms
liquid phase solid storage 9.940342 ms
liquid phase surface step 1.816210 ms
liquid phase loading 6.239524 ms
liquid phase containers/connections/parcels 0.447842 ms
liquid phase solid storage 8.952302 ms
liquid phase surface step 1.833779 ms
liquid phase loading 5.413380 ms
liquid phase containers/connections/parcels 0.500601 ms
liquid phase solid storage 8.737791 ms
liquid phase surface step 1.926184 ms
liquid phase loading 5.959619 ms
liquid phase containers/connections/parcels 0.339030 ms
liquid phase solid storage 9.350844 ms
liquid phase surface step 1.711808 ms
liquid phase loading 7.197980 ms
liquid phase containers/connections/parcels 0.388381 ms
liquid phase solid storage 9.112182 ms
liquid phase surface step 1.555416 ms
liquid phase loading 6.313874 ms
liquid phase containers/connections/parcels 0.319556 ms
liquid phase solid storage 9.477718 ms
liquid phase surface step 1.523055 ms
liquid phase loading 5.895968 ms
liquid phase containers/connections/parcels 0.364797 ms
liquid phase solid storage 9.082860 ms
liquid phase surface step 1.484750 ms
liquid phase loading 6.573009 ms
liquid phase containers/connections/parcels 0.326540 ms
liquid phase solid storage 9.254644 ms
liquid phase surface step 2.149070 ms
liquid phase loading 6.315719 ms
liquid phase containers/connections/parcels 0.325750 ms
liquid phase solid storage 9.057533 ms
liquid phase surface step 2.093756 ms
liquid phase loading 5.850423 ms
liquid phase containers/connections/parcels 0.497700 ms
liquid phase solid storage 9.254827 ms
liquid phase surface step 2.193688 ms
liquid phase loading 5.853483 ms
liquid phase containers/connections/parcels 0.434890 ms
liquid phase solid storage 8.773555 ms
liquid phase surface step 1.734417 ms
liquid phase loading 6.286004 ms
liquid phase containers/connections/parcels 0.624126 ms
liquid phase solid storage 8.804407 ms
liquid phase surface step 1.810456 ms
liquid phase loading 6.095881 ms
liquid phase containers/connections/parcels 0.326290 ms
liquid phase solid storage 8.837419 ms
liquid phase surface step 1.486403 ms
liquid phase loading 7.133491 ms
liquid phase containers/connections/parcels 0.347925 ms
liquid phase solid storage 8.789787 ms
liquid phase surface step 1.496408 ms
liquid phase loading 5.796427 ms
liquid phase containers/connections/parcels 0.335085 ms
liquid phase solid storage 8.427371 ms
liquid phase surface step 2.472483 ms
liquid phase loading 7.010453 ms
liquid phase containers/connections/parcels 0.317805 ms
liquid phase solid storage 10.122697 ms
liquid phase surface step 1.618672 ms
liquid phase loading 5.625635 ms
liquid phase containers/connections/parcels 0.425443 ms
liquid phase solid storage 8.909597 ms
liquid phase surface step 1.654979 ms
liquid phase loading 5.262172 ms
liquid phase containers/connections/parcels 0.306262 ms
liquid phase solid storage 8.852348 ms
liquid phase surface step 2.198484 ms
liquid phase loading 6.152845 ms
liquid phase containers/connections/parcels 0.346225 ms
liquid phase solid storage 9.042791 ms
liquid phase surface step 1.782611 ms
liquid phase loading 6.502208 ms
liquid phase containers/connections/parcels 0.327938 ms
liquid phase solid storage 9.722804 ms
liquid phase surface step 1.461767 ms
liquid phase loading 6.588886 ms
liquid phase containers/connections/parcels 0.388713 ms
liquid phase solid storage 9.679203 ms
liquid phase surface step 1.776048 ms
liquid phase loading 7.209178 ms
liquid phase containers/connections/parcels 0.450371 ms
liquid phase solid storage 9.700849 ms
liquid phase surface step 1.465117 ms
liquid phase loading 6.934358 ms
liquid phase containers/connections/parcels 0.364808 ms
liquid phase solid storage 9.312335 ms
liquid phase surface step 1.484937 ms
liquid phase loading 7.548668 ms
liquid phase containers/connections/parcels 0.498381 ms
liquid phase solid storage 8.490763 ms
liquid phase surface step 2.296390 ms
liquid phase loading 8.529643 ms
liquid phase containers/connections/parcels 0.320733 ms
liquid phase solid storage 10.689762 ms
liquid phase surface step 1.774699 ms
liquid phase loading 7.792836 ms
liquid phase containers/connections/parcels 0.336887 ms
liquid phase solid storage 9.561251 ms
liquid phase surface step 1.395526 ms
liquid phase loading 6.957580 ms
liquid phase containers/connections/parcels 0.332875 ms
liquid phase solid storage 9.567514 ms
liquid phase surface step 1.575053 ms
liquid phase loading 7.239338 ms
liquid phase containers/connections/parcels 0.460445 ms
liquid phase solid storage 9.375423 ms
liquid phase surface step 1.493236 ms
liquid phase loading 7.220498 ms
liquid phase containers/connections/parcels 0.307977 ms
liquid phase solid storage 9.255773 ms
liquid phase surface step 1.519075 ms
liquid phase loading 6.962090 ms
liquid phase containers/connections/parcels 0.330402 ms
liquid phase solid storage 8.638096 ms
liquid phase surface step 1.477375 ms
liquid phase loading 5.741178 ms
liquid phase containers/connections/parcels 0.374083 ms
liquid phase solid storage 9.002860 ms
liquid phase surface step 1.726401 ms
liquid phase loading 5.212732 ms
liquid phase containers/connections/parcels 0.542777 ms
liquid phase solid storage 8.157259 ms
liquid phase surface step 1.714364 ms
liquid phase loading 6.425336 ms
liquid phase containers/connections/parcels 0.357742 ms
liquid phase solid storage 8.553717 ms
liquid phase surface step 1.342563 ms
liquid phase loading 6.103422 ms
liquid phase containers/connections/parcels 0.303020 ms
liquid phase solid storage 8.158084 ms
liquid phase surface step 1.570058 ms
liquid phase loading 5.395164 ms
liquid phase containers/connections/parcels 0.431683 ms
liquid phase solid storage 8.021353 ms
liquid phase surface step 2.088655 ms
liquid phase loading 5.075029 ms
liquid phase containers/connections/parcels 0.352095 ms
liquid phase solid storage 9.129507 ms
liquid phase surface step 1.393162 ms
liquid phase loading 5.922840 ms
liquid phase containers/connections/parcels 0.550930 ms
liquid phase solid storage 8.505408 ms
liquid phase surface step 1.465164 ms
liquid phase loading 5.583669 ms
liquid phase containers/connections/parcels 0.373029 ms
liquid phase solid storage 8.183033 ms
liquid phase surface step 1.737040 ms
liquid phase loading 5.510921 ms
liquid phase containers/connections/parcels 0.539090 ms
liquid phase solid storage 8.352522 ms
liquid phase surface step 1.892093 ms
liquid phase loading 5.175984 ms
liquid phase containers/connections/parcels 0.321469 ms
liquid phase solid storage 8.832067 ms
liquid phase surface step 1.507211 ms
liquid phase loading 6.156082 ms
liquid phase containers/connections/parcels 0.304757 ms
liquid phase solid storage 8.449992 ms
liquid phase surface step 1.465600 ms
liquid phase loading 5.444052 ms
liquid phase containers/connections/parcels 0.321643 ms
liquid phase solid storage 7.963929 ms
liquid phase surface step 1.835561 ms
liquid phase loading 5.295283 ms
liquid phase containers/connections/parcels 0.348509 ms
liquid phase solid storage 8.619320 ms
liquid phase surface step 1.491367 ms
liquid phase loading 6.676971 ms
liquid phase containers/connections/parcels 0.371935 ms
liquid phase solid storage 9.685973 ms
liquid phase surface step 1.778691 ms
liquid phase loading 7.539330 ms
liquid phase containers/connections/parcels 0.487105 ms
liquid phase solid storage 9.840963 ms
liquid phase surface step 1.772809 ms
liquid phase loading 6.827210 ms
liquid phase containers/connections/parcels 0.483824 ms
liquid phase solid storage 9.666789 ms
liquid phase surface step 1.539945 ms
liquid phase loading 6.915708 ms
liquid phase containers/connections/parcels 0.434352 ms
liquid phase solid storage 9.745868 ms
liquid phase surface step 1.472520 ms
liquid phase loading 7.120064 ms
liquid phase containers/connections/parcels 0.440901 ms
liquid phase solid storage 9.435527 ms
liquid phase surface step 1.602305 ms
liquid phase loading 6.399378 ms
liquid phase containers/connections/parcels 0.473451 ms
liquid phase solid storage 10.102857 ms
liquid phase surface step 1.825747 ms
liquid phase loading 7.301476 ms
liquid phase containers/connections/parcels 0.333280 ms
liquid phase solid storage 9.850149 ms
liquid phase surface step 1.532518 ms
liquid phase loading 6.726758 ms
liquid phase containers/connections/parcels 0.377012 ms
liquid phase solid storage 9.944401 ms
liquid phase surface step 1.390968 ms
liquid phase loading 6.744810 ms
M55 lab fixed median 18.4458 p95 20.4123 max 21.5860 ms
M55 lab offscreen render 640x360 median 48.6573 p95 52.3520 max 85.4235 ms
M55 lab cells 384 faces 728 parcels 2 bodies 41 draws 49 solve 0.92779 ms iterations 3 residual 1.47677005105e-08 partition 0
PASS complete ledger closes within M54 floating-point tolerance
PASS continued interaction has no retained solve/script failures
liquid phase containers/connections/parcels 0.333554 ms
liquid phase solid storage 225.682256 ms
liquid phase surface step 1.836913 ms
liquid phase loading 2.005556 ms
PASS reload reconstructs surface state and rejects old handles
PASS Stop clears surfaces, containers and parcels
PASS registered surface scene loads normally
PASS ordinary resource/world/session build
liquid phase containers/connections/parcels 0.112355 ms
liquid phase solid storage 125.710093 ms
liquid phase surface step 2.301855 ms
liquid phase loading 4.022292 ms
liquid phase containers/connections/parcels 0.195239 ms
liquid phase solid storage 6.820175 ms
liquid phase surface step 2.936968 ms
liquid phase loading 4.117621 ms
PASS baked resources and ordinary JS callbacks resolve without faults
PASS swimming-sized conserved spatial partition, no bulk particles
PASS ordinary prefab bucket starts dry
liquid phase containers/connections/parcels 0.199668 ms
liquid phase solid storage 7.107458 ms
liquid phase surface step 2.861162 ms
liquid phase loading 4.267824 ms
PASS JS drain changes owner and local allocation together
liquid phase containers/connections/parcels 0.210334 ms
liquid phase solid storage 5.836623 ms
liquid phase surface step 1.687231 ms
liquid phase loading 2.367965 ms
PASS JS refill restores quantity while preserving surface state
PASS normal query reports actual local occupied depth and separate gravity up
PASS generic momentum impulse disturbs existing water without creating volume
liquid phase containers/connections/parcels 0.211097 ms
liquid phase solid storage 4.952319 ms
liquid phase surface step 1.500717 ms
liquid phase loading 2.609285 ms
liquid phase containers/connections/parcels 0.198773 ms
liquid phase solid storage 5.429751 ms
liquid phase surface step 1.508508 ms
liquid phase loading 2.873381 ms
liquid phase containers/connections/parcels 0.189262 ms
liquid phase solid storage 5.046776 ms
liquid phase surface step 1.705606 ms
liquid phase loading 4.257727 ms
liquid phase containers/connections/parcels 0.183448 ms
liquid phase solid storage 7.688101 ms
liquid phase surface step 2.696009 ms
liquid phase loading 4.193424 ms
liquid phase containers/connections/parcels 0.229781 ms
liquid phase solid storage 6.567030 ms
liquid phase surface step 2.363662 ms
liquid phase loading 4.177022 ms
liquid phase containers/connections/parcels 0.229390 ms
liquid phase solid storage 6.644025 ms
liquid phase surface step 2.571209 ms
liquid phase loading 4.003631 ms
liquid phase containers/connections/parcels 0.217948 ms
liquid phase solid storage 7.456220 ms
liquid phase surface step 3.194375 ms
liquid phase loading 5.240072 ms
liquid phase containers/connections/parcels 0.230781 ms
liquid phase solid storage 6.924807 ms
liquid phase surface step 2.626239 ms
liquid phase loading 4.555712 ms
liquid phase containers/connections/parcels 0.201859 ms
liquid phase solid storage 7.024886 ms
liquid phase surface step 2.367751 ms
liquid phase loading 4.746276 ms
liquid phase containers/connections/parcels 0.222363 ms
liquid phase solid storage 7.968294 ms
liquid phase surface step 2.560162 ms
liquid phase loading 5.440566 ms
liquid phase containers/connections/parcels 0.217404 ms
liquid phase solid storage 7.759794 ms
liquid phase surface step 2.347045 ms
liquid phase loading 5.921081 ms
liquid phase containers/connections/parcels 0.217361 ms
liquid phase solid storage 8.589239 ms
liquid phase surface step 2.398143 ms
liquid phase loading 6.556899 ms
liquid phase containers/connections/parcels 0.212685 ms
liquid phase solid storage 8.942966 ms
liquid phase surface step 3.209069 ms
liquid phase loading 5.933378 ms
liquid phase containers/connections/parcels 0.206284 ms
liquid phase solid storage 10.719767 ms
liquid phase surface step 2.705855 ms
liquid phase loading 5.927587 ms
liquid phase containers/connections/parcels 0.233876 ms
liquid phase solid storage 9.642116 ms
liquid phase surface step 2.304808 ms
liquid phase loading 5.832069 ms
liquid phase containers/connections/parcels 0.221910 ms
liquid phase solid storage 9.634008 ms
liquid phase surface step 2.291477 ms
liquid phase loading 5.614869 ms
liquid phase containers/connections/parcels 0.201342 ms
liquid phase solid storage 9.962783 ms
liquid phase surface step 2.472460 ms
liquid phase loading 6.031896 ms
liquid phase containers/connections/parcels 0.234087 ms
liquid phase solid storage 9.997455 ms
liquid phase surface step 2.646929 ms
liquid phase loading 5.820833 ms
liquid phase containers/connections/parcels 0.221201 ms
liquid phase solid storage 7.791474 ms
liquid phase surface step 1.851747 ms
liquid phase loading 3.197881 ms
liquid phase containers/connections/parcels 0.143066 ms
liquid phase solid storage 9.840297 ms
liquid phase surface step 2.690681 ms
liquid phase loading 6.841111 ms
liquid phase containers/connections/parcels 0.205054 ms
liquid phase solid storage 9.820210 ms
liquid phase surface step 2.431987 ms
liquid phase loading 6.265921 ms
liquid phase containers/connections/parcels 0.135779 ms
liquid phase solid storage 8.472768 ms
liquid phase surface step 1.848914 ms
liquid phase loading 4.152364 ms
liquid phase containers/connections/parcels 0.185906 ms
liquid phase solid storage 6.150097 ms
liquid phase surface step 1.594108 ms
liquid phase loading 3.622797 ms
liquid phase containers/connections/parcels 0.114555 ms
liquid phase solid storage 6.067939 ms
liquid phase surface step 1.568724 ms
liquid phase loading 4.538638 ms
liquid phase containers/connections/parcels 0.120072 ms
liquid phase solid storage 8.074626 ms
liquid phase surface step 1.407003 ms
liquid phase loading 4.215657 ms
liquid phase containers/connections/parcels 0.124106 ms
liquid phase solid storage 7.061091 ms
liquid phase surface step 1.665588 ms
liquid phase loading 5.158005 ms
liquid phase containers/connections/parcels 0.155746 ms
liquid phase solid storage 7.098512 ms
liquid phase surface step 2.041728 ms
liquid phase loading 3.845622 ms
liquid phase containers/connections/parcels 0.210822 ms
liquid phase solid storage 7.347771 ms
liquid phase surface step 1.427307 ms
liquid phase loading 4.480748 ms
liquid phase containers/connections/parcels 0.114352 ms
liquid phase solid storage 6.390739 ms
liquid phase surface step 1.531437 ms
liquid phase loading 4.464973 ms
liquid phase containers/connections/parcels 0.120270 ms
liquid phase solid storage 8.016071 ms
liquid phase surface step 1.717249 ms
liquid phase loading 4.639751 ms
liquid phase containers/connections/parcels 0.114783 ms
liquid phase solid storage 8.923952 ms
liquid phase surface step 2.456234 ms
liquid phase loading 7.046860 ms
liquid phase containers/connections/parcels 0.130749 ms
liquid phase solid storage 7.737617 ms
liquid phase surface step 1.656311 ms
liquid phase loading 5.429977 ms
liquid phase containers/connections/parcels 0.128386 ms
liquid phase solid storage 8.504473 ms
liquid phase surface step 1.635440 ms
liquid phase loading 4.010682 ms
liquid phase containers/connections/parcels 0.123048 ms
liquid phase solid storage 6.878963 ms
liquid phase surface step 1.809949 ms
liquid phase loading 5.627053 ms
liquid phase containers/connections/parcels 0.159396 ms
liquid phase solid storage 7.230483 ms
liquid phase surface step 1.745254 ms
liquid phase loading 3.930292 ms
liquid phase containers/connections/parcels 0.197599 ms
liquid phase solid storage 8.273259 ms
liquid phase surface step 1.851252 ms
liquid phase loading 5.120821 ms
liquid phase containers/connections/parcels 0.110641 ms
liquid phase solid storage 7.338765 ms
liquid phase surface step 1.863536 ms
liquid phase loading 3.802611 ms
liquid phase containers/connections/parcels 0.202400 ms
liquid phase solid storage 8.362679 ms
liquid phase surface step 1.700865 ms
liquid phase loading 5.621685 ms
liquid phase containers/connections/parcels 0.220563 ms
liquid phase solid storage 9.733127 ms
liquid phase surface step 1.614696 ms
liquid phase loading 4.729481 ms
liquid phase containers/connections/parcels 0.238465 ms
liquid phase solid storage 8.078778 ms
liquid phase surface step 2.610230 ms
liquid phase loading 5.406924 ms
liquid phase containers/connections/parcels 0.229227 ms
liquid phase solid storage 8.950062 ms
liquid phase surface step 1.528312 ms
liquid phase loading 5.198767 ms
liquid phase containers/connections/parcels 0.127600 ms
liquid phase solid storage 9.142570 ms
liquid phase surface step 2.154923 ms
liquid phase loading 6.207703 ms
liquid phase containers/connections/parcels 0.216315 ms
liquid phase solid storage 8.264160 ms
liquid phase surface step 1.833575 ms
liquid phase loading 4.446056 ms
liquid phase containers/connections/parcels 0.164997 ms
liquid phase solid storage 7.924036 ms
liquid phase surface step 1.918675 ms
liquid phase loading 5.760846 ms
liquid phase containers/connections/parcels 0.141585 ms
liquid phase solid storage 6.936481 ms
liquid phase surface step 2.202297 ms
liquid phase loading 4.301120 ms
liquid phase containers/connections/parcels 0.134806 ms
liquid phase solid storage 6.526475 ms
liquid phase surface step 1.762475 ms
liquid phase loading 4.106767 ms
liquid phase containers/connections/parcels 0.120869 ms
liquid phase solid storage 5.737002 ms
liquid phase surface step 2.398982 ms
liquid phase loading 4.039037 ms
liquid phase containers/connections/parcels 0.120922 ms
liquid phase solid storage 7.086231 ms
liquid phase surface step 1.416900 ms
liquid phase loading 3.419763 ms
liquid phase containers/connections/parcels 0.111496 ms
liquid phase solid storage 6.576536 ms
liquid phase surface step 1.359204 ms
liquid phase loading 4.121908 ms
liquid phase containers/connections/parcels 0.113601 ms
liquid phase solid storage 5.617168 ms
liquid phase surface step 1.425116 ms
liquid phase loading 4.432772 ms
liquid phase containers/connections/parcels 0.120822 ms
liquid phase solid storage 5.469883 ms
liquid phase surface step 1.675316 ms
liquid phase loading 4.052942 ms
liquid phase containers/connections/parcels 0.130371 ms
liquid phase solid storage 6.770946 ms
liquid phase surface step 1.583403 ms
liquid phase loading 3.550540 ms
liquid phase containers/connections/parcels 0.110964 ms
liquid phase solid storage 6.109789 ms
liquid phase surface step 1.409732 ms
liquid phase loading 3.561537 ms
liquid phase containers/connections/parcels 0.110383 ms
liquid phase solid storage 6.047704 ms
liquid phase surface step 1.403508 ms
liquid phase loading 3.700412 ms
liquid phase containers/connections/parcels 0.135385 ms
liquid phase solid storage 5.980944 ms
liquid phase surface step 1.434207 ms
liquid phase loading 4.885687 ms
liquid phase containers/connections/parcels 0.113194 ms
liquid phase solid storage 5.905447 ms
liquid phase surface step 1.648844 ms
liquid phase loading 3.769268 ms
liquid phase containers/connections/parcels 0.110476 ms
liquid phase solid storage 6.347643 ms
liquid phase surface step 1.455531 ms
liquid phase loading 3.556057 ms
liquid phase containers/connections/parcels 0.109936 ms
liquid phase solid storage 6.614846 ms
liquid phase surface step 1.367105 ms
liquid phase loading 3.713982 ms
liquid phase containers/connections/parcels 0.118879 ms
liquid phase solid storage 6.105532 ms
liquid phase surface step 1.330414 ms
liquid phase loading 4.589688 ms
liquid phase containers/connections/parcels 0.110628 ms
liquid phase solid storage 5.949214 ms
liquid phase surface step 2.175802 ms
liquid phase loading 4.013562 ms
PASS waves persist and owner/parcel ledger stays conserved
liquid phase containers/connections/parcels 2.280424 ms
liquid phase solid storage 63.243029 ms
liquid phase surface step 2.117400 ms
liquid phase loading 5.710764 ms
M55 radial scoop step 0 volume 0.000671198649
liquid phase containers/connections/parcels 2.550173 ms
liquid phase solid storage 63.997321 ms
liquid phase surface step 1.391443 ms
liquid phase loading 3.949974 ms
liquid phase containers/connections/parcels 2.731067 ms
liquid phase solid storage 69.371522 ms
liquid phase surface step 1.396155 ms
liquid phase loading 3.761437 ms
liquid phase containers/connections/parcels 3.282659 ms
liquid phase solid storage 64.854987 ms
liquid phase surface step 1.503918 ms
liquid phase loading 5.879838 ms
liquid phase containers/connections/parcels 2.339177 ms
liquid phase solid storage 70.064082 ms
liquid phase surface step 1.581822 ms
liquid phase loading 4.526585 ms
liquid phase containers/connections/parcels 3.852458 ms
liquid phase solid storage 67.111708 ms
liquid phase surface step 1.353773 ms
liquid phase loading 3.869172 ms
liquid phase containers/connections/parcels 3.407541 ms
liquid phase solid storage 68.808084 ms
liquid phase surface step 1.353817 ms
liquid phase loading 3.658365 ms
liquid phase containers/connections/parcels 3.654288 ms
liquid phase solid storage 69.501320 ms
liquid phase surface step 1.770979 ms
liquid phase loading 3.591868 ms
liquid phase containers/connections/parcels 2.724533 ms
liquid phase solid storage 71.009077 ms
liquid phase surface step 1.514475 ms
liquid phase loading 3.528042 ms
liquid phase containers/connections/parcels 3.409233 ms
liquid phase solid storage 73.896894 ms
liquid phase surface step 1.369741 ms
liquid phase loading 3.654996 ms
liquid phase containers/connections/parcels 2.798166 ms
liquid phase solid storage 75.016223 ms
liquid phase surface step 1.512023 ms
liquid phase loading 4.466872 ms
M55 radial scoop step 10 volume 0.00754552338
liquid phase containers/connections/parcels 2.252991 ms
liquid phase solid storage 74.108995 ms
liquid phase surface step 2.323342 ms
liquid phase loading 3.653998 ms
liquid phase containers/connections/parcels 2.499769 ms
liquid phase solid storage 74.244646 ms
liquid phase surface step 1.385032 ms
liquid phase loading 3.449879 ms
liquid phase containers/connections/parcels 3.307847 ms
liquid phase solid storage 71.765934 ms
liquid phase surface step 1.401526 ms
liquid phase loading 3.414557 ms
liquid phase containers/connections/parcels 3.141140 ms
liquid phase solid storage 72.273483 ms
liquid phase surface step 1.433961 ms
liquid phase loading 3.551127 ms
liquid phase containers/connections/parcels 2.819751 ms
liquid phase solid storage 75.624232 ms
liquid phase surface step 1.918142 ms
liquid phase loading 4.475348 ms
liquid phase containers/connections/parcels 2.430280 ms
liquid phase solid storage 74.633405 ms
liquid phase surface step 1.369333 ms
liquid phase loading 3.234953 ms
liquid phase containers/connections/parcels 2.396368 ms
liquid phase solid storage 74.579588 ms
liquid phase surface step 1.416070 ms
liquid phase loading 3.790886 ms
liquid phase containers/connections/parcels 3.243839 ms
liquid phase solid storage 73.933367 ms
liquid phase surface step 1.462855 ms
liquid phase loading 3.821039 ms
liquid phase containers/connections/parcels 2.267011 ms
liquid phase solid storage 78.033976 ms
liquid phase surface step 1.436530 ms
liquid phase loading 3.374479 ms
liquid phase containers/connections/parcels 3.130024 ms
liquid phase solid storage 77.863117 ms
liquid phase surface step 2.500362 ms
liquid phase loading 3.678208 ms
M55 radial scoop step 20 volume 0.0144073019
liquid phase containers/connections/parcels 2.432128 ms
liquid phase solid storage 78.674097 ms
liquid phase surface step 1.398617 ms
liquid phase loading 4.080438 ms
liquid phase containers/connections/parcels 2.305285 ms
liquid phase solid storage 77.456460 ms
liquid phase surface step 1.359506 ms
liquid phase loading 3.437515 ms
liquid phase containers/connections/parcels 3.216209 ms
liquid phase solid storage 80.112091 ms
liquid phase surface step 1.542495 ms
liquid phase loading 3.416136 ms
liquid phase containers/connections/parcels 2.896458 ms
liquid phase solid storage 77.022350 ms
liquid phase surface step 1.440084 ms
liquid phase loading 4.871119 ms
liquid phase containers/connections/parcels 2.259426 ms
liquid phase solid storage 76.849626 ms
liquid phase surface step 1.347490 ms
liquid phase loading 3.236417 ms
liquid phase containers/connections/parcels 3.193987 ms
liquid phase solid storage 77.030331 ms
liquid phase surface step 2.054242 ms
liquid phase loading 3.289205 ms
liquid phase containers/connections/parcels 2.224106 ms
liquid phase solid storage 77.942687 ms
liquid phase surface step 1.616438 ms
liquid phase loading 3.642555 ms
liquid phase containers/connections/parcels 2.602773 ms
liquid phase solid storage 77.942331 ms
liquid phase surface step 1.496276 ms
liquid phase loading 3.132610 ms
liquid phase containers/connections/parcels 2.339755 ms
liquid phase solid storage 78.903432 ms
liquid phase surface step 1.375457 ms
liquid phase loading 4.210591 ms
liquid phase containers/connections/parcels 2.342439 ms
liquid phase solid storage 84.115287 ms
liquid phase surface step 2.389386 ms
liquid phase loading 3.369717 ms
M55 radial scoop step 30 volume 0.0212850699
liquid phase containers/connections/parcels 2.400573 ms
liquid phase solid storage 81.712710 ms
liquid phase surface step 2.043511 ms
liquid phase loading 3.306851 ms
liquid phase containers/connections/parcels 2.287074 ms
liquid phase solid storage 79.929332 ms
liquid phase surface step 1.758708 ms
liquid phase loading 4.804905 ms
liquid phase containers/connections/parcels 2.326290 ms
liquid phase solid storage 81.003540 ms
liquid phase surface step 2.005743 ms
liquid phase loading 4.297264 ms
liquid phase containers/connections/parcels 2.369303 ms
liquid phase solid storage 82.569614 ms
liquid phase surface step 1.878316 ms
liquid phase loading 3.343798 ms
liquid phase containers/connections/parcels 2.301501 ms
liquid phase solid storage 84.929671 ms
liquid phase surface step 1.402849 ms
liquid phase loading 3.280919 ms
liquid phase containers/connections/parcels 3.125067 ms
liquid phase solid storage 71.935977 ms
liquid phase surface step 1.416084 ms
liquid phase loading 3.386539 ms
liquid phase containers/connections/parcels 0.840237 ms
liquid phase solid storage 27.956823 ms
liquid phase surface step 1.377803 ms
liquid phase loading 4.818297 ms
liquid phase containers/connections/parcels 0.689714 ms
liquid phase solid storage 27.854703 ms
liquid phase surface step 1.343798 ms
liquid phase loading 3.342492 ms
liquid phase containers/connections/parcels 0.737360 ms
liquid phase solid storage 28.772231 ms
liquid phase surface step 1.432651 ms
liquid phase loading 4.477340 ms
M55 radial acquired 25.088000000 L ledger -5.68434188608e-14
PASS physical opening acquires real moving-surface water with paired ownership
liquid phase containers/connections/parcels 0.317449 ms
liquid phase solid storage 8.522193 ms
liquid phase surface step 1.335573 ms
liquid phase loading 3.620678 ms
liquid phase containers/connections/parcels 0.255978 ms
liquid phase solid storage 6.887730 ms
liquid phase surface step 1.388563 ms
liquid phase loading 4.312386 ms
liquid phase containers/connections/parcels 0.281566 ms
liquid phase solid storage 6.271847 ms
liquid phase surface step 1.405663 ms
liquid phase loading 6.052406 ms
liquid phase containers/connections/parcels 0.580693 ms
liquid phase solid storage 8.809119 ms
liquid phase surface step 1.694018 ms
liquid phase loading 4.473069 ms
liquid phase containers/connections/parcels 0.263543 ms
liquid phase solid storage 9.355888 ms
liquid phase surface step 1.510118 ms
liquid phase loading 3.743323 ms
liquid phase containers/connections/parcels 0.256264 ms
liquid phase solid storage 7.383755 ms
liquid phase surface step 1.516868 ms
liquid phase loading 4.372708 ms
liquid phase containers/connections/parcels 0.558754 ms
liquid phase solid storage 7.929102 ms
liquid phase surface step 2.123194 ms
liquid phase loading 4.556533 ms
liquid phase containers/connections/parcels 0.261091 ms
liquid phase solid storage 7.042686 ms
liquid phase surface step 1.516969 ms
liquid phase loading 4.124743 ms
liquid phase containers/connections/parcels 0.338773 ms
liquid phase solid storage 6.306319 ms
liquid phase surface step 1.449408 ms
liquid phase loading 5.200575 ms
liquid phase containers/connections/parcels 0.303373 ms
liquid phase solid storage 8.400297 ms
liquid phase surface step 1.429888 ms
liquid phase loading 3.972530 ms
liquid phase containers/connections/parcels 0.479157 ms
liquid phase solid storage 7.130350 ms
liquid phase surface step 1.416296 ms
liquid phase loading 4.994440 ms
liquid phase containers/connections/parcels 0.254698 ms
liquid phase solid storage 7.526581 ms
liquid phase surface step 2.132408 ms
liquid phase loading 4.235877 ms
liquid phase containers/connections/parcels 0.368818 ms
liquid phase solid storage 7.275791 ms
liquid phase surface step 1.417820 ms
liquid phase loading 5.133143 ms
liquid phase containers/connections/parcels 0.268953 ms
liquid phase solid storage 7.289118 ms
liquid phase surface step 1.880311 ms
liquid phase loading 4.749892 ms
liquid phase containers/connections/parcels 0.256870 ms
liquid phase solid storage 7.179824 ms
liquid phase surface step 1.331102 ms
liquid phase loading 4.697279 ms
PASS removed cup retains real conserved water
liquid phase containers/connections/parcels 0.574054 ms
liquid phase solid storage 6.718440 ms
liquid phase surface step 2.296737 ms
liquid phase loading 4.826986 ms
liquid phase containers/connections/parcels 0.627444 ms
liquid phase solid storage 7.950771 ms
liquid phase surface step 1.462656 ms
liquid phase loading 4.937343 ms
liquid phase containers/connections/parcels 0.613361 ms
liquid phase solid storage 6.467162 ms
liquid phase surface step 2.412192 ms
liquid phase loading 4.220251 ms
liquid phase containers/connections/parcels 0.573020 ms
liquid phase solid storage 8.346760 ms
liquid phase surface step 1.358894 ms
liquid phase loading 4.997695 ms
liquid phase containers/connections/parcels 0.614773 ms
liquid phase solid storage 6.589232 ms
liquid phase surface step 2.574960 ms
liquid phase loading 4.440720 ms
liquid phase containers/connections/parcels 0.713079 ms
liquid phase solid storage 7.892490 ms
liquid phase surface step 1.362426 ms
liquid phase loading 4.960130 ms
liquid phase containers/connections/parcels 0.606766 ms
liquid phase solid storage 6.401895 ms
liquid phase surface step 2.372701 ms
liquid phase loading 4.354939 ms
liquid phase containers/connections/parcels 0.614656 ms
liquid phase solid storage 9.850624 ms
liquid phase surface step 1.962393 ms
liquid phase loading 5.972197 ms
liquid phase containers/connections/parcels 0.604148 ms
liquid phase solid storage 9.036155 ms
liquid phase surface step 2.151233 ms
liquid phase loading 6.272259 ms
liquid phase containers/connections/parcels 1.276285 ms
liquid phase solid storage 12.049357 ms
liquid phase surface step 2.994143 ms
liquid phase loading 7.690609 ms
liquid phase containers/connections/parcels 1.290548 ms
liquid phase solid storage 13.253482 ms
liquid phase surface step 3.268546 ms
liquid phase loading 7.840491 ms
liquid phase containers/connections/parcels 1.308199 ms
liquid phase solid storage 10.526149 ms
liquid phase surface step 1.875094 ms
liquid phase loading 7.999398 ms
liquid phase containers/connections/parcels 1.386756 ms
liquid phase solid storage 12.689113 ms
liquid phase surface step 2.318802 ms
liquid phase loading 4.509375 ms
liquid phase containers/connections/parcels 0.787121 ms
liquid phase solid storage 8.084426 ms
liquid phase surface step 2.753706 ms
liquid phase loading 7.813563 ms
liquid phase containers/connections/parcels 0.723032 ms
liquid phase solid storage 8.843597 ms
liquid phase surface step 3.078407 ms
liquid phase loading 6.138962 ms
liquid phase containers/connections/parcels 0.724947 ms
liquid phase solid storage 10.646872 ms
liquid phase surface step 2.271196 ms
liquid phase loading 4.226045 ms
liquid phase containers/connections/parcels 0.665330 ms
liquid phase solid storage 7.796287 ms
liquid phase surface step 1.382328 ms
liquid phase loading 4.391433 ms
liquid phase containers/connections/parcels 0.680677 ms
liquid phase solid storage 10.397483 ms
liquid phase surface step 2.622524 ms
liquid phase loading 4.095424 ms
liquid phase containers/connections/parcels 0.601568 ms
liquid phase solid storage 7.580584 ms
liquid phase surface step 1.699955 ms
liquid phase loading 4.584919 ms
liquid phase containers/connections/parcels 0.594210 ms
liquid phase solid storage 8.203362 ms
liquid phase surface step 1.897782 ms
liquid phase loading 4.696133 ms
liquid phase containers/connections/parcels 0.796456 ms
liquid phase solid storage 7.659465 ms
liquid phase surface step 2.905416 ms
liquid phase loading 5.119222 ms
liquid phase containers/connections/parcels 0.699490 ms
liquid phase solid storage 8.625107 ms
liquid phase surface step 1.980072 ms
liquid phase loading 5.605209 ms
liquid phase containers/connections/parcels 0.609896 ms
liquid phase solid storage 9.169912 ms
liquid phase surface step 1.454512 ms
liquid phase loading 4.304900 ms
liquid phase containers/connections/parcels 0.753433 ms
liquid phase solid storage 11.576148 ms
liquid phase surface step 2.034590 ms
liquid phase loading 4.661070 ms
liquid phase containers/connections/parcels 1.532187 ms
liquid phase solid storage 11.871114 ms
liquid phase surface step 2.699534 ms
liquid phase loading 8.700876 ms
liquid phase containers/connections/parcels 0.702807 ms
liquid phase solid storage 13.659202 ms
liquid phase surface step 3.428613 ms
liquid phase loading 7.590269 ms
liquid phase containers/connections/parcels 1.553154 ms
liquid phase solid storage 14.592861 ms
liquid phase surface step 2.104647 ms
liquid phase loading 7.191692 ms
liquid phase containers/connections/parcels 0.756301 ms
liquid phase solid storage 15.457091 ms
liquid phase surface step 2.093107 ms
liquid phase loading 5.276594 ms
liquid phase containers/connections/parcels 1.539399 ms
liquid phase solid storage 14.193096 ms
liquid phase surface step 1.997505 ms
liquid phase loading 8.237291 ms
liquid phase containers/connections/parcels 1.002846 ms
liquid phase solid storage 14.882001 ms
liquid phase surface step 1.634638 ms
liquid phase loading 4.233322 ms
liquid phase containers/connections/parcels 6.834982 ms
liquid phase solid storage 14.887150 ms
liquid phase surface step 1.431574 ms
liquid phase loading 3.977337 ms
liquid phase containers/connections/parcels 4.458140 ms
liquid phase solid storage 11.917226 ms
liquid phase surface step 1.975683 ms
liquid phase loading 5.148444 ms
liquid phase containers/connections/parcels 3.169237 ms
liquid phase solid storage 9.458750 ms
liquid phase surface step 1.429092 ms
liquid phase loading 4.568423 ms
liquid phase containers/connections/parcels 4.738334 ms
liquid phase solid storage 9.017229 ms
liquid phase surface step 1.372631 ms
liquid phase loading 6.518944 ms
liquid phase containers/connections/parcels 4.642676 ms
liquid phase solid storage 10.090033 ms
liquid phase surface step 1.840619 ms
liquid phase loading 3.796328 ms
liquid phase containers/connections/parcels 3.406861 ms
liquid phase solid storage 9.649131 ms
liquid phase surface step 2.077861 ms
liquid phase loading 5.144087 ms
liquid phase containers/connections/parcels 4.612667 ms
liquid phase solid storage 12.043818 ms
liquid phase surface step 1.751447 ms
liquid phase loading 5.579602 ms
liquid phase containers/connections/parcels 3.619914 ms
liquid phase solid storage 9.347553 ms
liquid phase surface step 1.809997 ms
liquid phase loading 4.804606 ms
liquid phase containers/connections/parcels 3.185716 ms
liquid phase solid storage 11.451567 ms
liquid phase surface step 1.380891 ms
liquid phase loading 4.603521 ms
liquid phase containers/connections/parcels 3.731298 ms
liquid phase solid storage 9.253479 ms
liquid phase surface step 1.377203 ms
liquid phase loading 5.809063 ms
liquid phase containers/connections/parcels 4.692441 ms
liquid phase solid storage 9.655091 ms
liquid phase surface step 1.780488 ms
liquid phase loading 6.890412 ms
liquid phase containers/connections/parcels 3.949596 ms
liquid phase solid storage 8.639689 ms
liquid phase surface step 1.879408 ms
liquid phase loading 4.143320 ms
liquid phase containers/connections/parcels 3.442681 ms
liquid phase solid storage 9.376025 ms
liquid phase surface step 1.641812 ms
liquid phase loading 4.503183 ms
liquid phase containers/connections/parcels 3.327464 ms
liquid phase solid storage 10.788562 ms
liquid phase surface step 1.791891 ms
liquid phase loading 4.406114 ms
liquid phase containers/connections/parcels 3.616008 ms
liquid phase solid storage 8.360029 ms
liquid phase surface step 1.628468 ms
liquid phase loading 5.193163 ms
liquid phase containers/connections/parcels 3.279348 ms
liquid phase solid storage 9.404964 ms
liquid phase surface step 1.865508 ms
liquid phase loading 6.605944 ms
liquid phase containers/connections/parcels 3.510338 ms
liquid phase solid storage 8.300924 ms
liquid phase surface step 2.348936 ms
liquid phase loading 4.313771 ms
liquid phase containers/connections/parcels 3.440662 ms
liquid phase solid storage 9.297011 ms
liquid phase surface step 2.010642 ms
liquid phase loading 4.571679 ms
liquid phase containers/connections/parcels 3.530704 ms
liquid phase solid storage 10.815914 ms
liquid phase surface step 2.086496 ms
liquid phase loading 4.307042 ms
liquid phase containers/connections/parcels 4.479692 ms
liquid phase solid storage 8.139012 ms
liquid phase surface step 2.010172 ms
liquid phase loading 4.137386 ms
liquid phase containers/connections/parcels 3.802500 ms
liquid phase solid storage 8.173652 ms
liquid phase surface step 1.978980 ms
liquid phase loading 5.093612 ms
liquid phase containers/connections/parcels 3.536158 ms
liquid phase solid storage 8.621567 ms
liquid phase surface step 1.656932 ms
liquid phase loading 4.804743 ms
liquid phase containers/connections/parcels 3.167787 ms
liquid phase solid storage 9.035153 ms
liquid phase surface step 1.487052 ms
liquid phase loading 4.979975 ms
liquid phase containers/connections/parcels 3.145165 ms
liquid phase solid storage 10.376733 ms
liquid phase surface step 1.630339 ms
liquid phase loading 4.697145 ms
liquid phase containers/connections/parcels 3.636697 ms
liquid phase solid storage 8.518037 ms
liquid phase surface step 1.378824 ms
liquid phase loading 5.082382 ms
liquid phase containers/connections/parcels 3.316732 ms
liquid phase solid storage 8.839706 ms
liquid phase surface step 1.568024 ms
liquid phase loading 5.209259 ms
liquid phase containers/connections/parcels 3.356125 ms
liquid phase solid storage 8.268880 ms
liquid phase surface step 1.330360 ms
liquid phase loading 4.858781 ms
liquid phase containers/connections/parcels 3.406360 ms
liquid phase solid storage 8.019719 ms
liquid phase surface step 1.442356 ms
liquid phase loading 5.019599 ms
liquid phase containers/connections/parcels 3.633460 ms
liquid phase solid storage 8.761199 ms
liquid phase surface step 1.433107 ms
liquid phase loading 4.509430 ms
liquid phase containers/connections/parcels 3.869382 ms
liquid phase solid storage 9.166431 ms
liquid phase surface step 1.349460 ms
liquid phase loading 4.231354 ms
liquid phase containers/connections/parcels 4.679189 ms
liquid phase solid storage 10.392041 ms
liquid phase surface step 1.397776 ms
liquid phase loading 4.538809 ms
liquid phase containers/connections/parcels 4.068333 ms
liquid phase solid storage 9.094819 ms
liquid phase surface step 1.342858 ms
liquid phase loading 4.601438 ms
liquid phase containers/connections/parcels 4.327197 ms
liquid phase solid storage 10.398354 ms
liquid phase surface step 1.691209 ms
liquid phase loading 6.436881 ms
liquid phase containers/connections/parcels 4.821683 ms
liquid phase solid storage 10.528636 ms
liquid phase surface step 2.736827 ms
liquid phase loading 6.536227 ms
liquid phase containers/connections/parcels 4.873679 ms
liquid phase solid storage 9.408616 ms
liquid phase surface step 1.481543 ms
liquid phase loading 5.293551 ms
liquid phase containers/connections/parcels 4.742515 ms
liquid phase solid storage 9.764771 ms
liquid phase surface step 2.482848 ms
liquid phase loading 6.633189 ms
liquid phase containers/connections/parcels 5.010045 ms
liquid phase solid storage 13.179798 ms
liquid phase surface step 2.335038 ms
liquid phase loading 8.283778 ms
liquid phase containers/connections/parcels 5.414819 ms
liquid phase solid storage 13.300138 ms
liquid phase surface step 2.363340 ms
liquid phase loading 5.633588 ms
liquid phase containers/connections/parcels 3.454027 ms
liquid phase solid storage 8.220677 ms
liquid phase surface step 1.466966 ms
liquid phase loading 4.540501 ms
liquid phase containers/connections/parcels 3.989836 ms
liquid phase solid storage 8.466842 ms
liquid phase surface step 1.708436 ms
liquid phase loading 5.718699 ms
liquid phase containers/connections/parcels 3.976571 ms
liquid phase solid storage 8.230722 ms
liquid phase surface step 1.672049 ms
liquid phase loading 4.217803 ms
liquid phase containers/connections/parcels 4.308628 ms
liquid phase solid storage 11.097316 ms
liquid phase surface step 1.359418 ms
liquid phase loading 4.483046 ms
liquid phase containers/connections/parcels 3.721133 ms
liquid phase solid storage 8.704142 ms
liquid phase surface step 1.385678 ms
liquid phase loading 4.527408 ms
liquid phase containers/connections/parcels 4.085502 ms
liquid phase solid storage 7.949863 ms
liquid phase surface step 1.743526 ms
liquid phase loading 4.307897 ms
liquid phase containers/connections/parcels 4.113998 ms
liquid phase solid storage 7.728347 ms
liquid phase surface step 2.165454 ms
liquid phase loading 5.170015 ms
liquid phase containers/connections/parcels 3.760893 ms
liquid phase solid storage 7.701363 ms
liquid phase surface step 1.864669 ms
liquid phase loading 4.798090 ms
liquid phase containers/connections/parcels 3.202455 ms
liquid phase solid storage 8.347085 ms
liquid phase surface step 1.555570 ms
liquid phase loading 5.125602 ms
liquid phase containers/connections/parcels 3.289706 ms
liquid phase solid storage 10.144539 ms
liquid phase surface step 1.502502 ms
liquid phase loading 5.078820 ms
liquid phase containers/connections/parcels 3.479038 ms
liquid phase solid storage 8.082138 ms
liquid phase surface step 1.363284 ms
liquid phase loading 5.145543 ms
liquid phase containers/connections/parcels 3.236463 ms
liquid phase solid storage 8.164762 ms
liquid phase surface step 1.390948 ms
liquid phase loading 5.514718 ms
liquid phase containers/connections/parcels 5.420468 ms
liquid phase solid storage 7.812130 ms
liquid phase surface step 1.351192 ms
liquid phase loading 4.851875 ms
liquid phase containers/connections/parcels 3.255817 ms
liquid phase solid storage 8.084845 ms
liquid phase surface step 1.397738 ms
liquid phase loading 4.499892 ms
liquid phase containers/connections/parcels 3.441731 ms
liquid phase solid storage 8.582616 ms
liquid phase surface step 2.517883 ms
liquid phase loading 5.077745 ms
liquid phase containers/connections/parcels 3.377597 ms
liquid phase solid storage 8.206755 ms
liquid phase surface step 1.503691 ms
liquid phase loading 4.416202 ms
liquid phase containers/connections/parcels 3.544939 ms
liquid phase solid storage 7.474903 ms
liquid phase surface step 1.706156 ms
liquid phase loading 4.715944 ms
liquid phase containers/connections/parcels 3.210813 ms
liquid phase solid storage 9.776284 ms
liquid phase surface step 1.728809 ms
liquid phase loading 4.537689 ms
liquid phase containers/connections/parcels 2.870240 ms
liquid phase solid storage 7.860816 ms
liquid phase surface step 1.363163 ms
liquid phase loading 4.882094 ms
liquid phase containers/connections/parcels 2.912846 ms
liquid phase solid storage 8.040052 ms
liquid phase surface step 1.521732 ms
liquid phase loading 4.094302 ms
liquid phase containers/connections/parcels 5.041150 ms
liquid phase solid storage 8.445203 ms
liquid phase surface step 1.444777 ms
liquid phase loading 4.694982 ms
liquid phase containers/connections/parcels 3.294120 ms
liquid phase solid storage 9.043934 ms
liquid phase surface step 1.387558 ms
liquid phase loading 4.180362 ms
liquid phase containers/connections/parcels 4.288688 ms
liquid phase solid storage 9.845372 ms
liquid phase surface step 2.751940 ms
liquid phase loading 4.574809 ms
liquid phase containers/connections/parcels 3.107963 ms
liquid phase solid storage 8.546247 ms
liquid phase surface step 1.367320 ms
liquid phase loading 3.987497 ms
liquid phase containers/connections/parcels 3.733563 ms
liquid phase solid storage 8.971902 ms
liquid phase surface step 1.699929 ms
liquid phase loading 4.020529 ms
liquid phase containers/connections/parcels 3.297846 ms
liquid phase solid storage 11.706748 ms
liquid phase surface step 1.478243 ms
liquid phase loading 4.253652 ms
liquid phase containers/connections/parcels 3.783718 ms
liquid phase solid storage 9.041200 ms
liquid phase surface step 1.568447 ms
liquid phase loading 4.091158 ms
liquid phase containers/connections/parcels 3.898312 ms
liquid phase solid storage 9.575738 ms
liquid phase surface step 1.807129 ms
liquid phase loading 4.443565 ms
liquid phase containers/connections/parcels 3.799893 ms
liquid phase solid storage 9.592506 ms
liquid phase surface step 1.700540 ms
liquid phase loading 4.371171 ms
liquid phase containers/connections/parcels 3.367075 ms
liquid phase solid storage 10.084683 ms
liquid phase surface step 1.672000 ms
liquid phase loading 4.627168 ms
liquid phase containers/connections/parcels 3.613326 ms
liquid phase solid storage 10.985235 ms
liquid phase surface step 1.483861 ms
liquid phase loading 5.450173 ms
liquid phase containers/connections/parcels 3.982912 ms
liquid phase solid storage 10.130648 ms
liquid phase surface step 1.404755 ms
liquid phase loading 4.503368 ms
liquid phase containers/connections/parcels 3.387520 ms
liquid phase solid storage 11.137545 ms
liquid phase surface step 2.357626 ms
liquid phase loading 6.817441 ms
liquid phase containers/connections/parcels 3.004508 ms
liquid phase solid storage 9.142872 ms
liquid phase surface step 1.358190 ms
liquid phase loading 5.036014 ms
liquid phase containers/connections/parcels 3.035850 ms
liquid phase solid storage 9.145176 ms
liquid phase surface step 1.413019 ms
liquid phase loading 5.765736 ms
liquid phase containers/connections/parcels 4.224158 ms
liquid phase solid storage 9.253708 ms
liquid phase surface step 1.519795 ms
liquid phase loading 5.151021 ms
liquid phase containers/connections/parcels 2.957031 ms
liquid phase solid storage 8.417622 ms
liquid phase surface step 1.373942 ms
liquid phase loading 4.942023 ms
liquid phase containers/connections/parcels 2.817915 ms
liquid phase solid storage 8.739560 ms
liquid phase surface step 1.392617 ms
liquid phase loading 4.681325 ms
liquid phase containers/connections/parcels 3.298908 ms
liquid phase solid storage 9.394373 ms
liquid phase surface step 1.678282 ms
liquid phase loading 4.482562 ms
liquid phase containers/connections/parcels 3.776167 ms
liquid phase solid storage 9.725421 ms
liquid phase surface step 1.360646 ms
liquid phase loading 4.301122 ms
liquid phase containers/connections/parcels 4.013175 ms
liquid phase solid storage 9.875284 ms
liquid phase surface step 1.364660 ms
liquid phase loading 5.450741 ms
liquid phase containers/connections/parcels 3.504628 ms
liquid phase solid storage 9.385522 ms
liquid phase surface step 1.396741 ms
liquid phase loading 4.486499 ms
liquid phase containers/connections/parcels 3.435453 ms
liquid phase solid storage 9.568645 ms
liquid phase surface step 1.365214 ms
liquid phase loading 4.468945 ms
liquid phase containers/connections/parcels 3.614716 ms
liquid phase solid storage 8.788928 ms
liquid phase surface step 1.438018 ms
liquid phase loading 4.377409 ms
liquid phase containers/connections/parcels 3.503004 ms
liquid phase solid storage 8.458495 ms
liquid phase surface step 1.942722 ms
liquid phase loading 4.235017 ms
liquid phase containers/connections/parcels 0.289671 ms
liquid phase solid storage 8.311999 ms
liquid phase surface step 1.465521 ms
liquid phase loading 4.921822 ms
liquid phase containers/connections/parcels 0.424572 ms
liquid phase solid storage 8.635864 ms
liquid phase surface step 1.599216 ms
liquid phase loading 4.294365 ms
liquid phase containers/connections/parcels 0.469361 ms
liquid phase solid storage 7.852251 ms
liquid phase surface step 1.507715 ms
liquid phase loading 5.060995 ms
liquid phase containers/connections/parcels 0.312425 ms
liquid phase solid storage 9.137826 ms
liquid phase surface step 1.556681 ms
liquid phase loading 4.467095 ms
liquid phase containers/connections/parcels 0.352073 ms
liquid phase solid storage 7.803600 ms
liquid phase surface step 1.354970 ms
liquid phase loading 5.058388 ms
liquid phase containers/connections/parcels 0.307085 ms
liquid phase solid storage 8.184515 ms
liquid phase surface step 1.430607 ms
liquid phase loading 4.731023 ms
liquid phase containers/connections/parcels 0.343004 ms
liquid phase solid storage 8.226551 ms
liquid phase surface step 1.536654 ms
liquid phase loading 4.972217 ms
liquid phase containers/connections/parcels 0.288177 ms
liquid phase solid storage 8.137585 ms
liquid phase surface step 1.378850 ms
liquid phase loading 4.826664 ms
liquid phase containers/connections/parcels 0.428708 ms
liquid phase solid storage 8.039527 ms
liquid phase surface step 1.445223 ms
liquid phase loading 4.737752 ms
liquid phase containers/connections/parcels 0.300521 ms
liquid phase solid storage 8.152748 ms
liquid phase surface step 1.320814 ms
liquid phase loading 4.508940 ms
liquid phase containers/connections/parcels 0.467648 ms
liquid phase solid storage 7.729611 ms
liquid phase surface step 1.450151 ms
liquid phase loading 4.541990 ms
liquid phase containers/connections/parcels 0.294072 ms
liquid phase solid storage 8.218272 ms
liquid phase surface step 1.351725 ms
liquid phase loading 3.953851 ms
liquid phase containers/connections/parcels 0.311214 ms
liquid phase solid storage 8.229872 ms
liquid phase surface step 1.454654 ms
liquid phase loading 4.700215 ms
liquid phase containers/connections/parcels 0.282468 ms
liquid phase solid storage 8.343577 ms
liquid phase surface step 1.342814 ms
liquid phase loading 4.087545 ms
liquid phase containers/connections/parcels 0.313414 ms
liquid phase solid storage 8.849662 ms
liquid phase surface step 2.002277 ms
liquid phase loading 4.941496 ms
liquid phase containers/connections/parcels 0.281070 ms
liquid phase solid storage 8.096587 ms
liquid phase surface step 1.369092 ms
liquid phase loading 4.149288 ms
liquid phase containers/connections/parcels 0.304591 ms
liquid phase solid storage 8.557973 ms
liquid phase surface step 1.798532 ms
liquid phase loading 5.048042 ms
liquid phase containers/connections/parcels 0.309392 ms
liquid phase solid storage 9.212423 ms
liquid phase surface step 1.424937 ms
liquid phase loading 4.717626 ms
liquid phase containers/connections/parcels 0.392359 ms
liquid phase solid storage 7.891571 ms
liquid phase surface step 2.274592 ms
liquid phase loading 4.096925 ms
liquid phase containers/connections/parcels 0.637558 ms
liquid phase solid storage 8.296541 ms
liquid phase surface step 1.485048 ms
liquid phase loading 5.136471 ms
liquid phase containers/connections/parcels 0.332472 ms
liquid phase solid storage 8.911737 ms
liquid phase surface step 2.341405 ms
liquid phase loading 4.662612 ms
liquid phase containers/connections/parcels 0.502967 ms
liquid phase solid storage 7.765417 ms
liquid phase surface step 1.440853 ms
liquid phase loading 4.960263 ms
liquid phase containers/connections/parcels 0.283721 ms
liquid phase solid storage 8.237746 ms
liquid phase surface step 1.406812 ms
liquid phase loading 4.636838 ms
liquid phase containers/connections/parcels 0.467503 ms
liquid phase solid storage 7.996518 ms
liquid phase surface step 2.139661 ms
liquid phase loading 4.307906 ms
liquid phase containers/connections/parcels 0.313298 ms
liquid phase solid storage 7.524654 ms
liquid phase surface step 1.330668 ms
liquid phase loading 3.840762 ms
liquid phase containers/connections/parcels 0.335678 ms
liquid phase solid storage 7.879430 ms
liquid phase surface step 1.409197 ms
liquid phase loading 4.910287 ms
liquid phase containers/connections/parcels 0.283761 ms
liquid phase solid storage 8.191631 ms
liquid phase surface step 1.600532 ms
liquid phase loading 3.873164 ms
liquid phase containers/connections/parcels 0.295358 ms
liquid phase solid storage 8.401134 ms
liquid phase surface step 1.457179 ms
liquid phase loading 5.038092 ms
liquid phase containers/connections/parcels 0.281672 ms
liquid phase solid storage 7.329158 ms
liquid phase surface step 2.165753 ms
liquid phase loading 3.746242 ms
liquid phase containers/connections/parcels 0.292545 ms
liquid phase solid storage 7.781527 ms
liquid phase surface step 1.380749 ms
liquid phase loading 4.107831 ms
liquid phase containers/connections/parcels 0.476438 ms
liquid phase solid storage 8.383678 ms
liquid phase surface step 2.409301 ms
liquid phase loading 3.701491 ms
liquid phase containers/connections/parcels 0.338436 ms
liquid phase solid storage 7.826950 ms
liquid phase surface step 1.319684 ms
liquid phase loading 4.378890 ms
liquid phase containers/connections/parcels 0.504394 ms
liquid phase solid storage 7.221220 ms
liquid phase surface step 1.641374 ms
liquid phase loading 4.583865 ms
liquid phase containers/connections/parcels 0.397755 ms
liquid phase solid storage 8.869287 ms
liquid phase surface step 1.436417 ms
liquid phase loading 4.018274 ms
liquid phase containers/connections/parcels 0.462598 ms
liquid phase solid storage 8.030950 ms
liquid phase surface step 1.608517 ms
liquid phase loading 4.609021 ms
liquid phase containers/connections/parcels 0.294639 ms
liquid phase solid storage 7.695076 ms
liquid phase surface step 1.541346 ms
liquid phase loading 4.005703 ms
liquid phase containers/connections/parcels 0.376633 ms
liquid phase solid storage 8.117253 ms
liquid phase surface step 1.462708 ms
liquid phase loading 5.801844 ms
liquid phase containers/connections/parcels 0.387122 ms
liquid phase solid storage 8.109677 ms
liquid phase surface step 1.458194 ms
liquid phase loading 4.175000 ms
liquid phase containers/connections/parcels 0.499290 ms
liquid phase solid storage 8.394657 ms
liquid phase surface step 2.421604 ms
liquid phase loading 3.859051 ms
liquid phase containers/connections/parcels 0.303670 ms
liquid phase solid storage 7.991684 ms
liquid phase surface step 1.467056 ms
liquid phase loading 4.452154 ms
liquid phase containers/connections/parcels 0.478932 ms
liquid phase solid storage 8.997433 ms
liquid phase surface step 2.012688 ms
liquid phase loading 4.727111 ms
liquid phase containers/connections/parcels 0.357595 ms
liquid phase solid storage 8.231872 ms
liquid phase surface step 1.429005 ms
liquid phase loading 4.988119 ms
liquid phase containers/connections/parcels 0.299422 ms
liquid phase solid storage 8.239171 ms
liquid phase surface step 1.464763 ms
liquid phase loading 4.677527 ms
liquid phase containers/connections/parcels 0.282657 ms
liquid phase solid storage 8.401643 ms
liquid phase surface step 1.426938 ms
liquid phase loading 5.039153 ms
liquid phase containers/connections/parcels 0.310901 ms
liquid phase solid storage 8.139118 ms
liquid phase surface step 1.376940 ms
liquid phase loading 4.963959 ms
liquid phase containers/connections/parcels 0.288830 ms
liquid phase solid storage 7.964752 ms
liquid phase surface step 1.386066 ms
liquid phase loading 4.971724 ms
liquid phase containers/connections/parcels 0.280104 ms
liquid phase solid storage 9.103538 ms
liquid phase surface step 1.496985 ms
liquid phase loading 4.968464 ms
liquid phase containers/connections/parcels 0.510813 ms
liquid phase solid storage 8.362314 ms
liquid phase surface step 2.321594 ms
liquid phase loading 4.117898 ms
liquid phase containers/connections/parcels 0.283868 ms
liquid phase solid storage 7.684759 ms
liquid phase surface step 1.461534 ms
liquid phase loading 4.221216 ms
liquid phase containers/connections/parcels 0.325656 ms
liquid phase solid storage 8.355080 ms
liquid phase surface step 2.158911 ms
liquid phase loading 4.278771 ms
liquid phase containers/connections/parcels 0.304705 ms
liquid phase solid storage 8.051760 ms
liquid phase surface step 1.372745 ms
liquid phase loading 4.137588 ms
liquid phase containers/connections/parcels 0.322461 ms
liquid phase solid storage 8.875016 ms
liquid phase surface step 1.767655 ms
liquid phase loading 4.115460 ms
liquid phase containers/connections/parcels 0.341320 ms
liquid phase solid storage 7.435408 ms
liquid phase surface step 1.459474 ms
liquid phase loading 4.283610 ms
liquid phase containers/connections/parcels 0.486387 ms
liquid phase solid storage 7.645681 ms
liquid phase surface step 1.415309 ms
liquid phase loading 4.831214 ms
liquid phase containers/connections/parcels 0.287647 ms
liquid phase solid storage 7.944179 ms
liquid phase surface step 1.406711 ms
liquid phase loading 4.192715 ms
liquid phase containers/connections/parcels 0.293192 ms
liquid phase solid storage 7.620448 ms
liquid phase surface step 1.425680 ms
liquid phase loading 4.562963 ms
liquid phase containers/connections/parcels 0.295670 ms
liquid phase solid storage 9.071506 ms
liquid phase surface step 1.420798 ms
liquid phase loading 4.295565 ms
liquid phase containers/connections/parcels 0.292567 ms
liquid phase solid storage 7.767779 ms
liquid phase surface step 1.432626 ms
liquid phase loading 4.750756 ms
liquid phase containers/connections/parcels 0.309976 ms
liquid phase solid storage 8.597130 ms
liquid phase surface step 1.392147 ms
liquid phase loading 4.548075 ms
liquid phase containers/connections/parcels 0.312923 ms
liquid phase solid storage 7.861058 ms
liquid phase surface step 1.480125 ms
liquid phase loading 4.954560 ms
liquid phase containers/connections/parcels 0.299341 ms
liquid phase solid storage 8.576614 ms
liquid phase surface step 1.376605 ms
liquid phase loading 4.713864 ms
liquid phase containers/connections/parcels 0.399401 ms
liquid phase solid storage 8.203134 ms
liquid phase surface step 1.638537 ms
liquid phase loading 4.268636 ms
liquid phase containers/connections/parcels 0.280188 ms
liquid phase solid storage 8.178605 ms
liquid phase surface step 1.310309 ms
liquid phase loading 4.242879 ms
liquid phase containers/connections/parcels 0.418937 ms
liquid phase solid storage 8.335683 ms
liquid phase surface step 1.453594 ms
liquid phase loading 4.259426 ms
liquid phase containers/connections/parcels 0.283405 ms
liquid phase solid storage 8.062374 ms
liquid phase surface step 1.334666 ms
liquid phase loading 3.986827 ms
liquid phase containers/connections/parcels 0.343188 ms
liquid phase solid storage 8.271841 ms
liquid phase surface step 1.452490 ms
liquid phase loading 4.692467 ms
liquid phase containers/connections/parcels 0.281024 ms
liquid phase solid storage 8.472353 ms
liquid phase surface step 1.402929 ms
liquid phase loading 3.966671 ms
PASS pouring moves retained water through conserved parcels
liquid phase containers/connections/parcels 0.322453 ms
liquid phase solid storage 7.595627 ms
liquid phase surface step 1.530530 ms
liquid phase loading 4.437653 ms
liquid phase containers/connections/parcels 0.313779 ms
liquid phase solid storage 8.888094 ms
liquid phase surface step 1.388004 ms
liquid phase loading 3.811813 ms
liquid phase containers/connections/parcels 0.324828 ms
liquid phase solid storage 7.990166 ms
liquid phase surface step 1.461102 ms
liquid phase loading 5.029488 ms
liquid phase containers/connections/parcels 0.390601 ms
liquid phase solid storage 8.956334 ms
liquid phase surface step 1.377928 ms
liquid phase loading 3.799589 ms
liquid phase containers/connections/parcels 0.327574 ms
liquid phase solid storage 8.332331 ms
liquid phase surface step 1.581335 ms
liquid phase loading 4.721564 ms
liquid phase containers/connections/parcels 0.298579 ms
liquid phase solid storage 9.136272 ms
liquid phase surface step 1.501932 ms
liquid phase loading 4.242705 ms
liquid phase containers/connections/parcels 0.344735 ms
liquid phase solid storage 9.242469 ms
liquid phase surface step 1.532931 ms
liquid phase loading 4.504319 ms
liquid phase containers/connections/parcels 0.278997 ms
liquid phase solid storage 8.858420 ms
liquid phase surface step 1.320140 ms
liquid phase loading 4.386067 ms
liquid phase containers/connections/parcels 0.597797 ms
liquid phase solid storage 8.353802 ms
liquid phase surface step 1.769953 ms
liquid phase loading 4.393775 ms
liquid phase containers/connections/parcels 0.298748 ms
liquid phase solid storage 9.535923 ms
liquid phase surface step 1.475864 ms
liquid phase loading 4.439848 ms
liquid phase containers/connections/parcels 0.321473 ms
liquid phase solid storage 8.875089 ms
liquid phase surface step 1.781459 ms
liquid phase loading 3.782329 ms
liquid phase containers/connections/parcels 0.493093 ms
liquid phase solid storage 9.215298 ms
liquid phase surface step 1.417015 ms
liquid phase loading 4.398004 ms
liquid phase containers/connections/parcels 0.281087 ms
liquid phase solid storage 9.970959 ms
liquid phase surface step 1.407323 ms
liquid phase loading 4.243737 ms
liquid phase containers/connections/parcels 0.542649 ms
liquid phase solid storage 12.606880 ms
liquid phase surface step 1.392487 ms
liquid phase loading 3.991156 ms
liquid phase containers/connections/parcels 0.329740 ms
liquid phase solid storage 20.084472 ms
liquid phase surface step 2.023113 ms
liquid phase loading 3.955657 ms
liquid phase containers/connections/parcels 0.293764 ms
liquid phase solid storage 37.211298 ms
liquid phase surface step 1.331547 ms
liquid phase loading 4.003600 ms
liquid phase containers/connections/parcels 0.362435 ms
liquid phase solid storage 38.249743 ms
liquid phase surface step 1.423603 ms
liquid phase loading 4.836263 ms
liquid phase containers/connections/parcels 0.364981 ms
liquid phase solid storage 38.236102 ms
liquid phase surface step 1.373662 ms
liquid phase loading 4.040069 ms
liquid phase containers/connections/parcels 0.437102 ms
liquid phase solid storage 36.543882 ms
liquid phase surface step 1.523832 ms
liquid phase loading 4.830979 ms
liquid phase containers/connections/parcels 0.484615 ms
liquid phase solid storage 37.251186 ms
liquid phase surface step 2.279437 ms
liquid phase loading 3.882349 ms
liquid phase containers/connections/parcels 0.546393 ms
liquid phase solid storage 40.355799 ms
liquid phase surface step 2.089218 ms
liquid phase loading 4.606589 ms
liquid phase containers/connections/parcels 0.506349 ms
liquid phase solid storage 69.233964 ms
liquid phase surface step 1.572868 ms
liquid phase loading 4.629802 ms
liquid phase containers/connections/parcels 0.714397 ms
liquid phase solid storage 74.913270 ms
liquid phase surface step 1.975204 ms
liquid phase loading 4.984973 ms
liquid phase containers/connections/parcels 0.618901 ms
liquid phase solid storage 73.655344 ms
liquid phase surface step 1.443458 ms
liquid phase loading 4.485865 ms
liquid phase containers/connections/parcels 0.595884 ms
liquid phase solid storage 72.707156 ms
liquid phase surface step 1.407481 ms
liquid phase loading 4.631411 ms
liquid phase containers/connections/parcels 0.630039 ms
liquid phase solid storage 79.003973 ms
liquid phase surface step 1.472442 ms
liquid phase loading 3.964798 ms
liquid phase containers/connections/parcels 0.701771 ms
liquid phase solid storage 65.641421 ms
liquid phase surface step 1.449103 ms
liquid phase loading 4.659512 ms
liquid phase containers/connections/parcels 0.535959 ms
liquid phase solid storage 66.220896 ms
liquid phase surface step 1.968871 ms
liquid phase loading 3.817188 ms
liquid phase containers/connections/parcels 0.531258 ms
liquid phase solid storage 77.979666 ms
liquid phase surface step 1.500970 ms
liquid phase loading 4.351772 ms
liquid phase containers/connections/parcels 0.721310 ms
liquid phase solid storage 86.473772 ms
liquid phase surface step 2.353078 ms
liquid phase loading 5.986723 ms
PASS JS liquid response drives normal CharacterMotor under selected gravity
liquid phase containers/connections/parcels 0.712899 ms
liquid phase solid storage 96.676587 ms
liquid phase surface step 2.660192 ms
liquid phase loading 5.458404 ms
liquid phase containers/connections/parcels 6.339120 ms
liquid phase solid storage 204.634617 ms
liquid phase surface step 1.395866 ms
liquid phase loading 5.408409 ms
liquid phase containers/connections/parcels 6.033069 ms
liquid phase solid storage 211.472661 ms
liquid phase surface step 1.723358 ms
liquid phase loading 5.110186 ms
liquid phase containers/connections/parcels 7.261828 ms
liquid phase solid storage 94.255832 ms
liquid phase surface step 1.567496 ms
liquid phase loading 4.624911 ms
liquid phase containers/connections/parcels 7.258584 ms
liquid phase solid storage 88.915535 ms
liquid phase surface step 2.542808 ms
liquid phase loading 4.546956 ms
liquid phase containers/connections/parcels 8.604679 ms
liquid phase solid storage 86.748945 ms
liquid phase surface step 1.430874 ms
liquid phase loading 4.479539 ms
liquid phase containers/connections/parcels 5.908263 ms
liquid phase solid storage 149.991645 ms
liquid phase surface step 1.707326 ms
liquid phase loading 5.689492 ms
liquid phase containers/connections/parcels 6.029248 ms
liquid phase solid storage 154.864792 ms
liquid phase surface step 1.478787 ms
liquid phase loading 4.665138 ms
liquid phase containers/connections/parcels 5.500658 ms
liquid phase solid storage 125.628315 ms
liquid phase surface step 1.456721 ms
liquid phase loading 3.903541 ms
liquid phase containers/connections/parcels 6.300615 ms
liquid phase solid storage 134.602230 ms
liquid phase surface step 2.179894 ms
liquid phase loading 5.490062 ms
liquid phase containers/connections/parcels 8.323412 ms
liquid phase solid storage 131.858231 ms
liquid phase surface step 3.974890 ms
liquid phase loading 4.821215 ms
liquid phase containers/connections/parcels 8.821054 ms
liquid phase solid storage 111.255602 ms
liquid phase surface step 2.030246 ms
liquid phase loading 4.559076 ms
liquid phase containers/connections/parcels 6.072926 ms
liquid phase solid storage 185.770320 ms
liquid phase surface step 1.979463 ms
liquid phase loading 4.954504 ms
liquid phase containers/connections/parcels 6.472268 ms
liquid phase solid storage 200.139305 ms
liquid phase surface step 3.196565 ms
liquid phase loading 7.839725 ms
liquid phase containers/connections/parcels 10.907532 ms
liquid phase solid storage 299.365522 ms
liquid phase surface step 1.505082 ms
liquid phase loading 5.849565 ms
liquid phase containers/connections/parcels 5.516487 ms
liquid phase solid storage 209.440798 ms
liquid phase surface step 2.260205 ms
liquid phase loading 5.245481 ms
liquid phase containers/connections/parcels 7.042835 ms
liquid phase solid storage 209.601005 ms
liquid phase surface step 1.529465 ms
liquid phase loading 4.247538 ms
liquid phase containers/connections/parcels 6.155482 ms
liquid phase solid storage 206.464597 ms
liquid phase surface step 1.519450 ms
liquid phase loading 4.511652 ms
liquid phase containers/connections/parcels 5.744510 ms
liquid phase solid storage 223.646499 ms
liquid phase surface step 2.474530 ms
liquid phase loading 5.023345 ms
liquid phase containers/connections/parcels 7.036515 ms
liquid phase solid storage 248.784312 ms
liquid phase surface step 1.837978 ms
liquid phase loading 4.583382 ms
liquid phase containers/connections/parcels 6.150312 ms
liquid phase solid storage 241.145830 ms
liquid phase surface step 1.628725 ms
liquid phase loading 4.251820 ms
liquid phase containers/connections/parcels 5.547945 ms
liquid phase solid storage 260.913756 ms
liquid phase surface step 3.274299 ms
liquid phase loading 4.124684 ms
liquid phase containers/connections/parcels 5.689864 ms
liquid phase solid storage 243.905490 ms
liquid phase surface step 2.396168 ms
liquid phase loading 5.133614 ms
liquid phase containers/connections/parcels 7.676829 ms
liquid phase solid storage 266.478724 ms
liquid phase surface step 2.442482 ms
liquid phase loading 4.090588 ms
liquid phase containers/connections/parcels 7.110019 ms
liquid phase solid storage 266.865176 ms
liquid phase surface step 1.610813 ms
liquid phase loading 4.367203 ms
liquid phase containers/connections/parcels 7.002148 ms
liquid phase solid storage 291.817575 ms
liquid phase surface step 2.893809 ms
liquid phase loading 6.743844 ms
liquid phase containers/connections/parcels 8.886150 ms
liquid phase solid storage 317.885371 ms
liquid phase surface step 1.508668 ms
liquid phase loading 4.931906 ms
liquid phase containers/connections/parcels 5.835052 ms
liquid phase solid storage 313.447395 ms
liquid phase surface step 1.390686 ms
liquid phase loading 3.971652 ms
liquid phase containers/connections/parcels 5.996120 ms
liquid phase solid storage 304.303857 ms
liquid phase surface step 2.315435 ms
liquid phase loading 4.969384 ms
liquid phase containers/connections/parcels 6.984050 ms
liquid phase solid storage 358.409011 ms
liquid phase surface step 2.327178 ms
liquid phase loading 4.288025 ms
liquid phase containers/connections/parcels 7.334235 ms
liquid phase solid storage 316.499191 ms
liquid phase surface step 1.456069 ms
liquid phase loading 6.076331 ms
liquid phase containers/connections/parcels 5.898783 ms
liquid phase solid storage 336.714582 ms
liquid phase surface step 1.968796 ms
liquid phase loading 4.306697 ms
liquid phase containers/connections/parcels 6.471933 ms
liquid phase solid storage 326.410085 ms
liquid phase surface step 2.604510 ms
liquid phase loading 5.290578 ms
liquid phase containers/connections/parcels 5.743176 ms
liquid phase solid storage 306.481637 ms
liquid phase surface step 1.342466 ms
liquid phase loading 5.029367 ms
liquid phase containers/connections/parcels 5.008905 ms
liquid phase solid storage 302.409923 ms
liquid phase surface step 1.940940 ms
liquid phase loading 5.488811 ms
liquid phase containers/connections/parcels 6.436529 ms
liquid phase solid storage 79.377486 ms
liquid phase surface step 1.646174 ms
liquid phase loading 4.680735 ms
liquid phase containers/connections/parcels 6.498551 ms
liquid phase solid storage 80.566938 ms
liquid phase surface step 2.343251 ms
liquid phase loading 7.250664 ms
liquid phase containers/connections/parcels 6.662893 ms
liquid phase solid storage 69.709316 ms
liquid phase surface step 1.987003 ms
liquid phase loading 5.460331 ms
liquid phase containers/connections/parcels 5.519850 ms
liquid phase solid storage 69.948231 ms
liquid phase surface step 1.408799 ms
liquid phase loading 5.229664 ms
liquid phase containers/connections/parcels 5.454486 ms
liquid phase solid storage 64.125609 ms
liquid phase surface step 1.434132 ms
liquid phase loading 4.751429 ms
liquid phase containers/connections/parcels 6.640954 ms
liquid phase solid storage 65.701240 ms
liquid phase surface step 1.417265 ms
liquid phase loading 4.377970 ms
liquid phase containers/connections/parcels 6.435017 ms
liquid phase solid storage 64.302578 ms
liquid phase surface step 1.726182 ms
liquid phase loading 5.009434 ms
liquid phase containers/connections/parcels 6.573297 ms
liquid phase solid storage 66.096437 ms
liquid phase surface step 1.461765 ms
liquid phase loading 5.291329 ms
liquid phase containers/connections/parcels 5.894484 ms
liquid phase solid storage 62.745184 ms
liquid phase surface step 1.439476 ms
liquid phase loading 5.156402 ms
liquid phase containers/connections/parcels 5.176431 ms
liquid phase solid storage 63.045132 ms
liquid phase surface step 1.469799 ms
liquid phase loading 4.348919 ms
liquid phase containers/connections/parcels 5.746360 ms
liquid phase solid storage 78.773459 ms
liquid phase surface step 1.702376 ms
liquid phase loading 4.340728 ms
liquid phase containers/connections/parcels 5.640309 ms
liquid phase solid storage 64.343698 ms
liquid phase surface step 2.022852 ms
liquid phase loading 4.765403 ms
liquid phase containers/connections/parcels 5.720181 ms
liquid phase solid storage 62.859361 ms
liquid phase surface step 1.908294 ms
liquid phase loading 6.835936 ms
liquid phase containers/connections/parcels 6.146173 ms
liquid phase solid storage 68.087556 ms
liquid phase surface step 1.850637 ms
liquid phase loading 5.036834 ms
liquid phase containers/connections/parcels 6.394161 ms
liquid phase solid storage 67.883846 ms
liquid phase surface step 2.129003 ms
liquid phase loading 4.608014 ms
liquid phase containers/connections/parcels 6.814416 ms
liquid phase solid storage 65.986397 ms
liquid phase surface step 1.819932 ms
liquid phase loading 4.703725 ms
liquid phase containers/connections/parcels 6.022834 ms
liquid phase solid storage 80.583187 ms
liquid phase surface step 1.871417 ms
liquid phase loading 4.669289 ms
liquid phase containers/connections/parcels 5.472930 ms
liquid phase solid storage 78.968698 ms
liquid phase surface step 1.573401 ms
liquid phase loading 4.770686 ms
liquid phase containers/connections/parcels 6.553575 ms
liquid phase solid storage 87.687995 ms
liquid phase surface step 1.661062 ms
liquid phase loading 6.394998 ms
liquid phase containers/connections/parcels 6.509524 ms
liquid phase solid storage 82.501498 ms
liquid phase surface step 2.243597 ms
liquid phase loading 5.612113 ms
liquid phase containers/connections/parcels 5.578158 ms
liquid phase solid storage 77.676500 ms
liquid phase surface step 2.276275 ms
liquid phase loading 5.845075 ms
liquid phase containers/connections/parcels 5.635314 ms
liquid phase solid storage 82.465836 ms
liquid phase surface step 1.445816 ms
liquid phase loading 4.299877 ms
liquid phase containers/connections/parcels 6.910918 ms
liquid phase solid storage 92.542185 ms
liquid phase surface step 1.796858 ms
liquid phase loading 4.161587 ms
liquid phase containers/connections/parcels 5.649653 ms
liquid phase solid storage 90.973845 ms
liquid phase surface step 2.035639 ms
liquid phase loading 4.734310 ms
liquid phase containers/connections/parcels 6.245702 ms
liquid phase solid storage 89.859859 ms
liquid phase surface step 1.670018 ms
liquid phase loading 5.432637 ms
M55 radial fixed median 136.9543 p95 333.9227 max 372.4882 ms
M55 radial offscreen render 640x360 median 129.3520 p95 159.9534 max 224.7325 ms
M55 radial cells 192 faces 356 parcels 0 bodies 11 draws 19 solve 1.50687 ms iterations 4 residual 2.404314512e-09 partition 2.84217094304e-14
PASS complete ledger closes within M54 floating-point tolerance
PASS continued interaction has no retained solve/script failures
liquid phase containers/connections/parcels 1.157399 ms
liquid phase solid storage 111.353079 ms
liquid phase surface step 1.914855 ms
liquid phase loading 2.579335 ms
PASS reload reconstructs surface state and rejects old handles
PASS Stop clears surfaces, containers and parcels
M55 application 38 checks 0 failures
