libEGL warning: Not allowed to force software rendering when API explicitly selects a hardware device.
Project: Dynamic Liquid Surface Lab (/home/conner/Documents/GitHub/Project-Judas/projects/liquid_surface_demo/liquid_surface_demo.judasproj)
Scene: Dynamic Surface / Radial Lake (projects/liquid_surface_demo/Scenes/radial.judas)
World origin (m): 1000000000000.000, -2000000000000.000, 3000000000000.000
liquid phase containers/connections/parcels 0.128128 ms
cell storage 0 tets 264 knots 155 geometry 1.1471 curve 0.5190 ms
cell storage 1 tets 214 knots 114 geometry 0.5285 curve 0.3499 ms
cell storage 2 tets 214 knots 114 geometry 1.0442 curve 0.3290 ms
cell storage 3 tets 214 knots 113 geometry 0.8554 curve 0.4432 ms
cell storage 4 tets 221 knots 116 geometry 0.8459 curve 0.4571 ms
cell storage 5 tets 167 knots 95 geometry 0.7550 curve 0.5617 ms
cell storage 6 tets 404 knots 169 geometry 1.3782 curve 0.9152 ms
cell storage 7 tets 220 knots 111 geometry 1.0838 curve 0.3113 ms
cell storage 8 tets 252 knots 121 geometry 1.0249 curve 0.4688 ms
cell storage 9 tets 392 knots 171 geometry 1.3572 curve 0.8607 ms
cell storage 10 tets 189 knots 104 geometry 1.1031 curve 0.4408 ms
cell storage 11 tets 210 knots 114 geometry 0.6844 curve 0.2799 ms
cell storage 12 tets 214 knots 115 geometry 0.9421 curve 0.4721 ms
cell storage 13 tets 214 knots 115 geometry 0.8923 curve 0.4500 ms
cell storage 14 tets 364 knots 169 geometry 1.3415 curve 0.6579 ms
cell storage 15 tets 367 knots 193 geometry 2.1727 curve 0.7623 ms
cell storage 16 tets 214 knots 114 geometry 0.7924 curve 0.2880 ms
cell storage 17 tets 160 knots 66 geometry 0.1932 curve 0.1939 ms
cell storage 18 tets 160 knots 67 geometry 0.1620 curve 0.2030 ms
cell storage 19 tets 136 knots 59 geometry 0.1282 curve 0.1526 ms
cell storage 20 tets 116 knots 52 geometry 0.1259 curve 0.1818 ms
cell storage 21 tets 106 knots 50 geometry 0.1463 curve 0.1263 ms
cell storage 22 tets 852 knots 284 geometry 1.8373 curve 2.0535 ms
cell storage 23 tets 545 knots 196 geometry 1.4052 curve 1.0701 ms
cell storage 24 tets 614 knots 216 geometry 1.3463 curve 1.3162 ms
cell storage 25 tets 918 knots 298 geometry 1.6616 curve 2.0069 ms
cell storage 26 tets 137 knots 61 geometry 0.3566 curve 0.2283 ms
cell storage 27 tets 159 knots 70 geometry 0.3087 curve 0.2659 ms
cell storage 28 tets 160 knots 68 geometry 0.2586 curve 0.2971 ms
cell storage 29 tets 310 knots 119 geometry 0.7593 curve 0.6352 ms
cell storage 30 tets 308 knots 120 geometry 0.7762 curve 0.6656 ms
cell storage 31 tets 214 knots 116 geometry 0.8433 curve 0.3870 ms
cell storage 32 tets 214 knots 114 geometry 0.8849 curve 0.2799 ms
cell storage 33 tets 146 knots 65 geometry 0.2000 curve 0.2796 ms
cell storage 34 tets 122 knots 55 geometry 0.1386 curve 0.1467 ms
cell storage 38 tets 348 knots 132 geometry 0.5773 curve 0.6706 ms
cell storage 39 tets 252 knots 101 geometry 0.5011 curve 0.3038 ms
cell storage 40 tets 326 knots 121 geometry 0.6159 curve 0.6109 ms
cell storage 41 tets 500 knots 168 geometry 0.7573 curve 0.9268 ms
cell storage 42 tets 133 knots 58 geometry 0.2417 curve 0.2551 ms
cell storage 43 tets 302 knots 114 geometry 0.6647 curve 0.6068 ms
cell storage 44 tets 310 knots 117 geometry 0.5158 curve 0.4814 ms
cell storage 45 tets 308 knots 118 geometry 0.5496 curve 0.4511 ms
cell storage 46 tets 160 knots 70 geometry 0.2202 curve 0.2072 ms
cell storage 47 tets 214 knots 116 geometry 0.8351 curve 0.3034 ms
cell storage 48 tets 182 knots 99 geometry 0.7012 curve 0.2882 ms
cell storage 49 tets 119 knots 53 geometry 0.1256 curve 0.1321 ms
cell storage 57 tets 102 knots 48 geometry 0.3079 curve 0.1148 ms
cell storage 58 tets 280 knots 109 geometry 0.7089 curve 0.5355 ms
cell storage 59 tets 311 knots 120 geometry 0.4477 curve 0.4319 ms
cell storage 60 tets 155 knots 67 geometry 0.1976 curve 0.2600 ms
cell storage 61 tets 157 knots 68 geometry 0.2008 curve 0.1846 ms
cell storage 62 tets 150 knots 66 geometry 0.1863 curve 0.1698 ms
cell storage 63 tets 207 knots 114 geometry 1.0515 curve 0.3977 ms
cell storage 64 tets 159 knots 91 geometry 0.7138 curve 0.3279 ms
cell storage 73 tets 169 knots 79 geometry 0.4416 curve 0.3237 ms
cell storage 74 tets 227 knots 92 geometry 0.6282 curve 0.3217 ms
cell storage 75 tets 119 knots 54 geometry 0.3380 curve 0.2120 ms
cell storage 76 tets 117 knots 54 geometry 0.3092 curve 0.2084 ms
cell storage 77 tets 119 knots 55 geometry 0.1744 curve 0.2003 ms
cell storage 78 tets 127 knots 58 geometry 0.3369 curve 0.1633 ms
cell storage 79 tets 163 knots 92 geometry 0.5492 curve 0.3169 ms
cell storage 80 tets 106 knots 67 geometry 0.6910 curve 0.2070 ms
cell storage 87 tets 137 knots 64 geometry 0.2955 curve 0.2581 ms
cell storage 88 tets 152 knots 72 geometry 0.4244 curve 0.1923 ms
cell storage 89 tets 267 knots 115 geometry 0.5615 curve 0.4999 ms
cell storage 90 tets 190 knots 78 geometry 0.4074 curve 0.3082 ms
cell storage 95 tets 116 knots 69 geometry 0.7502 curve 0.2036 ms
cell storage 96 tets 110 knots 65 geometry 0.7170 curve 0.2132 ms
cell storage 102 tets 145 knots 69 geometry 0.2156 curve 0.1744 ms
cell storage 103 tets 147 knots 70 geometry 0.3644 curve 0.3398 ms
cell storage 105 tets 168 knots 75 geometry 0.3066 curve 0.2142 ms
cell storage 106 tets 171 knots 73 geometry 0.2113 curve 0.1915 ms
cell storage 111 tets 111 knots 64 geometry 0.4367 curve 0.1482 ms
cell storage 112 tets 148 knots 81 geometry 0.5052 curve 0.1850 ms
cell storage 113 tets 118 knots 54 geometry 0.1255 curve 0.1314 ms
cell storage 114 tets 114 knots 52 geometry 0.1366 curve 0.1564 ms
cell storage 115 tets 108 knots 48 geometry 0.1027 curve 0.1804 ms
cell storage 116 tets 120 knots 52 geometry 0.1257 curve 0.1335 ms
cell storage 117 tets 219 knots 91 geometry 0.3217 curve 0.2858 ms
cell storage 118 tets 165 knots 74 geometry 0.3162 curve 0.3146 ms
cell storage 126 tets 103 knots 50 geometry 0.1629 curve 0.1463 ms
cell storage 127 tets 136 knots 79 geometry 0.5187 curve 0.2051 ms
cell storage 128 tets 207 knots 108 geometry 0.5596 curve 0.2870 ms
cell storage 129 tets 157 knots 67 geometry 0.3105 curve 0.2766 ms
cell storage 130 tets 153 knots 67 geometry 0.3501 curve 0.3245 ms
cell storage 131 tets 300 knots 109 geometry 0.3531 curve 0.6034 ms
cell storage 132 tets 309 knots 115 geometry 0.5349 curve 0.4735 ms
cell storage 133 tets 288 knots 109 geometry 0.4835 curve 0.6259 ms
cell storage 141 tets 102 knots 48 geometry 0.2253 curve 0.1289 ms
cell storage 142 tets 127 knots 58 geometry 0.1319 curve 0.1833 ms
cell storage 143 tets 203 knots 108 geometry 0.9517 curve 0.3029 ms
cell storage 144 tets 214 knots 113 geometry 0.8843 curve 0.4150 ms
cell storage 145 tets 158 knots 66 geometry 0.1618 curve 0.2147 ms
cell storage 146 tets 308 knots 116 geometry 0.5292 curve 0.6531 ms
cell storage 147 tets 312 knots 117 geometry 0.4098 curve 0.5752 ms
cell storage 148 tets 158 knots 65 geometry 0.2821 curve 0.2289 ms
cell storage 149 tets 132 knots 57 geometry 0.1386 curve 0.1567 ms
cell storage 157 tets 129 knots 57 geometry 0.1711 curve 0.1778 ms
cell storage 158 tets 157 knots 65 geometry 0.2857 curve 0.2908 ms
cell storage 159 tets 214 knots 113 geometry 1.2192 curve 0.4658 ms
cell storage 160 tets 214 knots 113 geometry 0.8455 curve 0.4410 ms
cell storage 161 tets 308 knots 115 geometry 0.3319 curve 0.5219 ms
cell storage 162 tets 308 knots 114 geometry 0.5672 curve 0.4727 ms
cell storage 163 tets 158 knots 65 geometry 0.2573 curve 0.2638 ms
cell storage 164 tets 158 knots 65 geometry 0.2772 curve 0.2409 ms
cell storage 165 tets 134 knots 57 geometry 0.1346 curve 0.1711 ms
cell storage 171 tets 102 knots 50 geometry 0.2235 curve 0.1352 ms
cell storage 172 tets 133 knots 57 geometry 0.2382 curve 0.2159 ms
cell storage 173 tets 158 knots 65 geometry 0.1480 curve 0.2086 ms
cell storage 174 tets 158 knots 65 geometry 0.2671 curve 0.3038 ms
cell storage 175 tets 214 knots 113 geometry 0.8617 curve 0.4068 ms
cell storage 176 tets 367 knots 188 geometry 2.3822 curve 0.7449 ms
cell storage 177 tets 364 knots 165 geometry 1.0479 curve 0.5705 ms
cell storage 178 tets 214 knots 114 geometry 1.0253 curve 0.3707 ms
cell storage 179 tets 214 knots 113 geometry 0.9932 curve 0.2744 ms
cell storage 180 tets 222 knots 116 geometry 0.7913 curve 0.4217 ms
cell storage 181 tets 183 knots 96 geometry 1.0534 curve 0.3433 ms
cell storage 182 tets 123 knots 73 geometry 0.7776 curve 0.2265 ms
cell storage 183 tets 106 knots 63 geometry 0.7245 curve 0.1928 ms
cell storage 184 tets 106 knots 63 geometry 0.6631 curve 0.1787 ms
cell storage 185 tets 125 knots 77 geometry 0.7222 curve 0.1815 ms
cell storage 186 tets 155 knots 93 geometry 0.7095 curve 0.1989 ms
cell storage 187 tets 188 knots 105 geometry 0.5489 curve 0.3923 ms
cell storage 188 tets 214 knots 116 geometry 0.8402 curve 0.3303 ms
cell storage 189 tets 214 knots 114 geometry 1.0090 curve 0.4881 ms
cell storage 190 tets 214 knots 113 geometry 1.0783 curve 0.3204 ms
cell storage 191 tets 264 knots 156 geometry 1.6557 curve 0.8029 ms
liquid phase solid storage 152.671622 ms
liquid phase surface step 1.915201 ms
liquid phase loading 1.302351 ms
liquid phase containers/connections/parcels 0.137785 ms
cell storage 89 tets 267 knots 115 geometry 0.3150 curve 0.7115 ms
cell storage 90 tets 190 knots 78 geometry 0.1671 curve 0.3602 ms
cell storage 105 tets 168 knots 75 geometry 0.2505 curve 0.3186 ms
cell storage 106 tets 171 knots 73 geometry 0.2328 curve 0.2354 ms
liquid phase solid storage 4.896531 ms
liquid phase surface step 1.605758 ms
liquid phase loading 1.116528 ms
liquid phase containers/connections/parcels 0.149618 ms
cell storage 89 tets 267 knots 115 geometry 0.1948 curve 0.5334 ms
cell storage 90 tets 190 knots 78 geometry 0.2296 curve 0.3721 ms
cell storage 105 tets 168 knots 75 geometry 0.2034 curve 0.3277 ms
cell storage 106 tets 171 knots 73 geometry 0.1918 curve 0.2999 ms
liquid phase solid storage 4.591787 ms
liquid phase surface step 1.616496 ms
liquid phase loading 1.113626 ms
liquid phase containers/connections/parcels 0.109077 ms
cell storage 89 tets 267 knots 115 geometry 0.1796 curve 0.5449 ms
cell storage 90 tets 190 knots 78 geometry 0.2003 curve 0.3591 ms
cell storage 105 tets 168 knots 75 geometry 0.2434 curve 0.2382 ms
cell storage 106 tets 171 knots 73 geometry 0.2464 curve 0.2883 ms
liquid phase solid storage 4.830580 ms
liquid phase surface step 2.041370 ms
liquid phase loading 1.130353 ms
liquid phase containers/connections/parcels 0.136399 ms
cell storage 89 tets 267 knots 115 geometry 0.3171 curve 0.5437 ms
cell storage 90 tets 190 knots 78 geometry 0.2631 curve 0.2505 ms
cell storage 105 tets 168 knots 75 geometry 0.2240 curve 0.2727 ms
cell storage 106 tets 171 knots 73 geometry 0.1101 curve 0.3325 ms
liquid phase solid storage 5.196248 ms
liquid phase surface step 1.739469 ms
liquid phase loading 1.126693 ms
liquid phase containers/connections/parcels 0.167788 ms
cell storage 89 tets 267 knots 115 geometry 0.2909 curve 0.5073 ms
cell storage 90 tets 190 knots 78 geometry 0.1211 curve 0.2105 ms
cell storage 105 tets 187 knots 81 geometry 0.2181 curve 0.3670 ms
cell storage 106 tets 171 knots 73 geometry 0.2024 curve 0.2923 ms
liquid phase solid storage 4.127467 ms
liquid phase surface step 2.072558 ms
liquid phase loading 1.238617 ms
liquid phase containers/connections/parcels 0.218413 ms
cell storage 89 tets 267 knots 115 geometry 0.3093 curve 0.4106 ms
cell storage 90 tets 190 knots 78 geometry 0.2301 curve 0.3576 ms
cell storage 105 tets 217 knots 90 geometry 0.2973 curve 0.4101 ms
cell storage 106 tets 167 knots 73 geometry 0.1727 curve 0.3182 ms
liquid phase solid storage 4.641769 ms
liquid phase surface step 1.610191 ms
liquid phase loading 1.379274 ms
liquid phase containers/connections/parcels 0.193745 ms
cell storage 89 tets 312 knots 130 geometry 0.3807 curve 0.6479 ms
cell storage 90 tets 190 knots 78 geometry 0.2508 curve 0.3109 ms
cell storage 105 tets 217 knots 90 geometry 0.2775 curve 0.4132 ms
cell storage 106 tets 167 knots 73 geometry 0.1289 curve 0.2398 ms
liquid phase solid storage 4.938600 ms
liquid phase surface step 2.110096 ms
liquid phase loading 0.918881 ms
liquid phase containers/connections/parcels 0.227262 ms
cell storage 89 tets 312 knots 129 geometry 0.4127 curve 0.8998 ms
cell storage 90 tets 170 knots 76 geometry 0.1664 curve 0.2124 ms
cell storage 105 tets 217 knots 90 geometry 0.3323 curve 0.4247 ms
cell storage 106 tets 147 knots 69 geometry 0.2019 curve 0.2032 ms
liquid phase solid storage 5.492843 ms
liquid phase surface step 1.889195 ms
liquid phase loading 1.105183 ms
liquid phase containers/connections/parcels 0.208947 ms
cell storage 89 tets 312 knots 129 geometry 0.3864 curve 0.5656 ms
cell storage 90 tets 162 knots 72 geometry 0.1451 curve 0.3142 ms
cell storage 105 tets 217 knots 90 geometry 0.3052 curve 0.6020 ms
cell storage 106 tets 147 knots 69 geometry 0.1285 curve 0.1904 ms
liquid phase solid storage 5.659242 ms
liquid phase surface step 2.002472 ms
liquid phase loading 1.392472 ms
liquid phase containers/connections/parcels 0.200422 ms
cell storage 89 tets 312 knots 129 geometry 0.3883 curve 0.6495 ms
cell storage 90 tets 162 knots 72 geometry 0.1799 curve 0.3151 ms
cell storage 105 tets 217 knots 90 geometry 0.3280 curve 0.4646 ms
cell storage 106 tets 147 knots 69 geometry 0.2765 curve 0.1826 ms
liquid phase solid storage 5.595755 ms
liquid phase surface step 1.686008 ms
liquid phase loading 1.226529 ms
liquid phase containers/connections/parcels 0.201880 ms
cell storage 89 tets 312 knots 129 geometry 0.3879 curve 0.4486 ms
cell storage 90 tets 162 knots 72 geometry 0.1206 curve 0.2195 ms
cell storage 105 tets 217 knots 90 geometry 0.5327 curve 0.4289 ms
cell storage 106 tets 147 knots 69 geometry 0.2008 curve 0.2822 ms
liquid phase solid storage 5.182081 ms
liquid phase surface step 2.018751 ms
liquid phase loading 1.144254 ms
liquid phase containers/connections/parcels 0.193499 ms
cell storage 89 tets 327 knots 134 geometry 0.2090 curve 0.6019 ms
cell storage 90 tets 189 knots 80 geometry 0.1841 curve 0.3526 ms
cell storage 105 tets 217 knots 90 geometry 0.2630 curve 0.3194 ms
cell storage 106 tets 185 knots 82 geometry 0.2366 curve 0.4062 ms
liquid phase solid storage 5.957053 ms
liquid phase surface step 2.271987 ms
liquid phase loading 1.140570 ms
liquid phase containers/connections/parcels 0.157050 ms
cell storage 89 tets 350 knots 141 geometry 0.2211 curve 0.6158 ms
cell storage 90 tets 249 knots 98 geometry 0.2333 curve 0.4669 ms
cell storage 105 tets 232 knots 95 geometry 0.2149 curve 0.3493 ms
cell storage 106 tets 245 knots 99 geometry 0.3569 curve 0.5019 ms
liquid phase solid storage 5.751710 ms
liquid phase surface step 1.839433 ms
liquid phase loading 1.614623 ms
liquid phase containers/connections/parcels 0.197519 ms
cell storage 89 tets 378 knots 150 geometry 0.4497 curve 0.6935 ms
cell storage 90 tets 217 knots 91 geometry 0.3403 curve 0.3918 ms
cell storage 105 tets 351 knots 128 geometry 0.4503 curve 0.5474 ms
cell storage 106 tets 217 knots 93 geometry 0.2012 curve 0.3766 ms
liquid phase solid storage 6.056747 ms
liquid phase surface step 1.692008 ms
liquid phase loading 1.618100 ms
liquid phase containers/connections/parcels 0.111943 ms
cell storage 89 tets 510 knots 186 geometry 0.4459 curve 0.8062 ms
cell storage 90 tets 221 knots 91 geometry 0.2052 curve 0.2791 ms
cell storage 105 tets 434 knots 147 geometry 0.5260 curve 0.8833 ms
cell storage 106 tets 221 knots 94 geometry 0.2886 curve 0.4288 ms
liquid phase solid storage 6.479738 ms
liquid phase surface step 1.662280 ms
liquid phase loading 2.271539 ms
liquid phase containers/connections/parcels 0.164881 ms
cell storage 89 tets 486 knots 179 geometry 0.3946 curve 1.0598 ms
cell storage 90 tets 221 knots 91 geometry 0.3550 curve 0.4507 ms
cell storage 105 tets 434 knots 145 geometry 0.6858 curve 0.8773 ms
cell storage 106 tets 213 knots 90 geometry 0.3390 curve 0.2961 ms
liquid phase solid storage 7.441286 ms
liquid phase surface step 2.317615 ms
liquid phase loading 2.606348 ms
liquid phase containers/connections/parcels 0.172099 ms
cell storage 89 tets 554 knots 202 geometry 0.4317 curve 0.8657 ms
cell storage 90 tets 307 knots 121 geometry 0.2594 curve 0.4575 ms
cell storage 105 tets 514 knots 169 geometry 0.6601 curve 1.1209 ms
cell storage 106 tets 295 knots 118 geometry 0.4239 curve 0.6326 ms
liquid phase solid storage 7.649948 ms
liquid phase surface step 2.181657 ms
liquid phase loading 2.248451 ms
liquid phase containers/connections/parcels 0.201227 ms
cell storage 89 tets 554 knots 202 geometry 0.6784 curve 1.0362 ms
cell storage 90 tets 307 knots 121 geometry 0.2586 curve 0.4454 ms
cell storage 105 tets 510 knots 170 geometry 0.4285 curve 0.8808 ms
cell storage 106 tets 295 knots 118 geometry 0.3764 curve 0.5806 ms
liquid phase solid storage 6.785004 ms
liquid phase surface step 1.405415 ms
liquid phase loading 1.978424 ms
liquid phase containers/connections/parcels 0.139220 ms
cell storage 89 tets 554 knots 202 geometry 0.4434 curve 0.8357 ms
cell storage 90 tets 307 knots 121 geometry 0.2762 curve 0.4647 ms
cell storage 105 tets 510 knots 169 geometry 0.6665 curve 0.8449 ms
cell storage 106 tets 295 knots 118 geometry 0.3549 curve 0.5212 ms
liquid phase solid storage 7.359623 ms
liquid phase surface step 2.082211 ms
liquid phase loading 2.607933 ms
liquid phase containers/connections/parcels 0.218578 ms
cell storage 89 tets 554 knots 202 geometry 0.5089 curve 1.2514 ms
cell storage 90 tets 307 knots 121 geometry 0.4455 curve 0.5545 ms
cell storage 105 tets 510 knots 169 geometry 0.8441 curve 1.0586 ms
cell storage 106 tets 295 knots 118 geometry 0.4588 curve 0.5154 ms
liquid phase solid storage 9.339299 ms
liquid phase surface step 1.711873 ms
liquid phase loading 2.725976 ms
liquid phase containers/connections/parcels 0.243494 ms
cell storage 89 tets 566 knots 204 geometry 0.7135 curve 1.1979 ms
cell storage 90 tets 307 knots 121 geometry 0.2866 curve 0.4308 ms
cell storage 105 tets 526 knots 174 geometry 0.8350 curve 0.9634 ms
cell storage 106 tets 299 knots 118 geometry 0.4162 curve 0.3695 ms
liquid phase solid storage 8.140825 ms
liquid phase surface step 2.454082 ms
liquid phase loading 2.999118 ms
liquid phase containers/connections/parcels 0.144046 ms
cell storage 89 tets 558 knots 201 geometry 0.5551 curve 0.9461 ms
cell storage 90 tets 319 knots 127 geometry 0.4563 curve 0.5868 ms
cell storage 105 tets 514 knots 171 geometry 0.5054 curve 0.8499 ms
cell storage 106 tets 299 knots 122 geometry 0.3976 curve 0.5386 ms
liquid phase solid storage 7.030797 ms
liquid phase surface step 1.859989 ms
liquid phase loading 2.592025 ms
liquid phase containers/connections/parcels 0.199487 ms
cell storage 89 tets 624 knots 221 geometry 0.8250 curve 1.2423 ms
cell storage 90 tets 294 knots 116 geometry 0.4365 curve 0.5362 ms
cell storage 105 tets 542 knots 178 geometry 0.8041 curve 1.0119 ms
cell storage 106 tets 312 knots 121 geometry 0.3748 curve 0.6130 ms
liquid phase solid storage 8.045056 ms
liquid phase surface step 1.620835 ms
liquid phase loading 3.079312 ms
liquid phase containers/connections/parcels 0.209579 ms
cell storage 89 tets 628 knots 225 geometry 0.8093 curve 1.2891 ms
cell storage 90 tets 328 knots 128 geometry 0.5008 curve 0.6532 ms
cell storage 105 tets 546 knots 182 geometry 0.7998 curve 1.0543 ms
cell storage 106 tets 308 knots 121 geometry 0.4022 curve 0.5709 ms
liquid phase solid storage 8.146982 ms
liquid phase surface step 1.457416 ms
liquid phase loading 3.334006 ms
liquid phase containers/connections/parcels 0.131489 ms
cell storage 89 tets 710 knots 243 geometry 0.8038 curve 1.4108 ms
cell storage 90 tets 299 knots 120 geometry 0.4170 curve 0.4131 ms
cell storage 105 tets 549 knots 185 geometry 0.6957 curve 1.1506 ms
cell storage 106 tets 264 knots 109 geometry 0.3841 curve 0.4216 ms
liquid phase solid storage 8.443648 ms
liquid phase surface step 2.261990 ms
liquid phase loading 2.599027 ms
liquid phase containers/connections/parcels 0.106528 ms
cell storage 89 tets 595 knots 214 geometry 0.4541 curve 0.8171 ms
cell storage 90 tets 329 knots 132 geometry 0.4745 curve 0.6791 ms
cell storage 105 tets 434 knots 159 geometry 0.5609 curve 0.8328 ms
cell storage 106 tets 256 knots 105 geometry 0.3504 curve 0.5397 ms
liquid phase solid storage 6.701000 ms
liquid phase surface step 1.345673 ms
liquid phase loading 2.339947 ms
liquid phase containers/connections/parcels 0.105828 ms
cell storage 89 tets 575 knots 209 geometry 0.4288 curve 0.8401 ms
cell storage 90 tets 344 knots 135 geometry 0.2843 curve 0.4157 ms
cell storage 105 tets 413 knots 150 geometry 0.3608 curve 0.7742 ms
cell storage 106 tets 268 knots 110 geometry 0.4252 curve 0.5297 ms
liquid phase solid storage 5.885601 ms
liquid phase surface step 1.354972 ms
liquid phase loading 2.326286 ms
liquid phase containers/connections/parcels 0.106744 ms
cell storage 89 tets 594 knots 214 geometry 0.4350 curve 0.8536 ms
cell storage 90 tets 430 knots 150 geometry 0.3638 curve 0.6333 ms
cell storage 105 tets 484 knots 168 geometry 0.6843 curve 0.7272 ms
cell storage 106 tets 359 knots 134 geometry 0.3542 curve 0.7251 ms
liquid phase solid storage 6.572930 ms
liquid phase surface step 1.251495 ms
liquid phase loading 2.792316 ms
liquid phase containers/connections/parcels 0.106720 ms
cell storage 89 tets 559 knots 201 geometry 0.4255 curve 0.9142 ms
cell storage 90 tets 426 knots 150 geometry 0.4233 curve 0.5882 ms
cell storage 105 tets 480 knots 167 geometry 0.4307 curve 0.6017 ms
cell storage 106 tets 359 knots 135 geometry 0.4700 curve 0.7355 ms
liquid phase solid storage 6.444610 ms
liquid phase surface step 1.202783 ms
liquid phase loading 2.675507 ms
liquid phase containers/connections/parcels 0.224868 ms
cell storage 89 tets 559 knots 206 geometry 0.7330 curve 0.9143 ms
cell storage 90 tets 410 knots 146 geometry 0.3628 curve 0.5807 ms
cell storage 105 tets 480 knots 167 geometry 0.5248 curve 0.6941 ms
cell storage 106 tets 351 knots 132 geometry 0.4698 curve 0.7091 ms
liquid phase solid storage 6.851455 ms
liquid phase surface step 1.169485 ms
liquid phase loading 2.943430 ms
liquid phase containers/connections/parcels 0.121594 ms
cell storage 89 tets 559 knots 204 geometry 0.5118 curve 0.8814 ms
cell storage 90 tets 410 knots 146 geometry 0.3109 curve 0.5508 ms
cell storage 105 tets 480 knots 167 geometry 0.4308 curve 0.7226 ms
cell storage 106 tets 351 knots 132 geometry 0.3639 curve 0.4993 ms
liquid phase solid storage 5.997757 ms
liquid phase surface step 1.162861 ms
liquid phase loading 2.834808 ms
liquid phase containers/connections/parcels 0.206694 ms
cell storage 89 tets 559 knots 202 geometry 0.7075 curve 0.9662 ms
cell storage 90 tets 410 knots 146 geometry 0.5337 curve 0.7268 ms
cell storage 105 tets 460 knots 166 geometry 0.6043 curve 0.9483 ms
cell storage 106 tets 367 knots 135 geometry 0.3925 curve 0.4836 ms
liquid phase solid storage 7.625183 ms
liquid phase surface step 1.790064 ms
liquid phase loading 3.631426 ms
liquid phase containers/connections/parcels 0.224839 ms
cell storage 89 tets 559 knots 203 geometry 0.7129 curve 1.1486 ms
cell storage 90 tets 430 knots 154 geometry 0.5785 curve 0.6385 ms
cell storage 105 tets 472 knots 169 geometry 0.6498 curve 0.7820 ms
cell storage 106 tets 371 knots 138 geometry 0.5795 curve 0.6649 ms
liquid phase solid storage 7.752875 ms
liquid phase surface step 1.714096 ms
liquid phase loading 4.087831 ms
liquid phase containers/connections/parcels 0.202402 ms
cell storage 89 tets 571 knots 205 geometry 0.8499 curve 1.3028 ms
cell storage 90 tets 430 knots 151 geometry 0.4110 curve 0.6093 ms
cell storage 105 tets 472 knots 168 geometry 0.7085 curve 0.8442 ms
cell storage 106 tets 371 knots 137 geometry 0.2994 curve 0.6941 ms
liquid phase solid storage 8.586985 ms
liquid phase surface step 2.235851 ms
liquid phase loading 3.767604 ms
liquid phase containers/connections/parcels 0.199272 ms
cell storage 89 tets 559 knots 203 geometry 0.4583 curve 1.2087 ms
cell storage 90 tets 430 knots 152 geometry 0.6334 curve 0.8884 ms
cell storage 105 tets 472 knots 168 geometry 0.7083 curve 1.0654 ms
cell storage 106 tets 371 knots 137 geometry 0.5253 curve 0.6701 ms
liquid phase solid storage 8.664621 ms
liquid phase surface step 1.682574 ms
liquid phase loading 3.993708 ms
liquid phase containers/connections/parcels 0.217776 ms
cell storage 89 tets 559 knots 202 geometry 0.8405 curve 0.9066 ms
cell storage 90 tets 430 knots 151 geometry 0.6055 curve 0.8143 ms
cell storage 105 tets 472 knots 167 geometry 0.6488 curve 0.8102 ms
cell storage 106 tets 371 knots 137 geometry 0.3586 curve 0.7847 ms
liquid phase solid storage 8.897854 ms
liquid phase surface step 1.987751 ms
liquid phase loading 3.540141 ms
liquid phase containers/connections/parcels 0.180315 ms
cell storage 89 tets 559 knots 202 geometry 0.6724 curve 1.2430 ms
cell storage 90 tets 410 knots 147 geometry 0.6338 curve 0.8401 ms
cell storage 105 tets 476 knots 169 geometry 0.6946 curve 1.0518 ms
cell storage 106 tets 371 knots 138 geometry 0.5195 curve 0.6432 ms
liquid phase solid storage 9.035043 ms
liquid phase surface step 2.207513 ms
liquid phase loading 3.175391 ms
liquid phase containers/connections/parcels 0.112927 ms
cell storage 89 tets 559 knots 202 geometry 0.5874 curve 0.8011 ms
cell storage 90 tets 410 knots 146 geometry 0.3755 curve 0.7135 ms
cell storage 105 tets 492 knots 171 geometry 0.5731 curve 0.8841 ms
cell storage 106 tets 367 knots 135 geometry 0.2859 curve 0.5944 ms
liquid phase solid storage 7.383617 ms
liquid phase surface step 2.005363 ms
liquid phase loading 3.395454 ms
liquid phase containers/connections/parcels 0.157574 ms
cell storage 89 tets 559 knots 202 geometry 0.7673 curve 1.3525 ms
cell storage 90 tets 410 knots 147 geometry 0.5722 curve 0.6833 ms
cell storage 105 tets 480 knots 168 geometry 0.7115 curve 0.8981 ms
cell storage 106 tets 359 knots 134 geometry 0.5034 curve 0.6512 ms
liquid phase solid storage 8.781358 ms
liquid phase surface step 1.626470 ms
liquid phase loading 3.394292 ms
liquid phase containers/connections/parcels 0.199773 ms
cell storage 89 tets 559 knots 201 geometry 0.7959 curve 1.2099 ms
cell storage 90 tets 410 knots 147 geometry 0.5765 curve 2.2348 ms
cell storage 105 tets 480 knots 168 geometry 0.5039 curve 0.7132 ms
cell storage 106 tets 351 knots 131 geometry 0.4229 curve 0.6366 ms
liquid phase solid storage 11.068299 ms
liquid phase surface step 2.496117 ms
liquid phase loading 3.846263 ms
liquid phase containers/connections/parcels 0.186230 ms
cell storage 89 tets 559 knots 201 geometry 0.5883 curve 1.0059 ms
cell storage 90 tets 410 knots 147 geometry 0.6756 curve 0.8767 ms
cell storage 105 tets 480 knots 167 geometry 0.6987 curve 0.9018 ms
cell storage 106 tets 351 knots 131 geometry 0.4147 curve 0.6239 ms
liquid phase solid storage 8.988735 ms
liquid phase surface step 2.275715 ms
liquid phase loading 4.259193 ms
liquid phase containers/connections/parcels 0.203613 ms
cell storage 89 tets 559 knots 202 geometry 0.7360 curve 1.1226 ms
cell storage 90 tets 426 knots 150 geometry 0.6212 curve 0.7012 ms
cell storage 105 tets 484 knots 169 geometry 0.6346 curve 0.8937 ms
cell storage 106 tets 351 knots 131 geometry 0.4478 curve 0.7260 ms
liquid phase solid storage 9.140755 ms
liquid phase surface step 2.006116 ms
liquid phase loading 3.929075 ms
liquid phase containers/connections/parcels 0.200733 ms
cell storage 89 tets 559 knots 206 geometry 0.8898 curve 1.0189 ms
cell storage 90 tets 426 knots 150 geometry 0.5522 curve 0.7285 ms
cell storage 105 tets 480 knots 168 geometry 0.5458 curve 1.0227 ms
cell storage 106 tets 359 knots 134 geometry 0.3254 curve 0.6596 ms
liquid phase solid storage 9.005662 ms
liquid phase surface step 2.431329 ms
liquid phase loading 3.370676 ms
liquid phase containers/connections/parcels 0.116779 ms
cell storage 89 tets 559 knots 204 geometry 0.4682 curve 1.1119 ms
cell storage 90 tets 430 knots 151 geometry 0.5249 curve 0.8507 ms
cell storage 105 tets 480 knots 167 geometry 0.6087 curve 0.7393 ms
cell storage 106 tets 359 knots 134 geometry 0.3696 curve 0.7201 ms
liquid phase solid storage 8.485215 ms
liquid phase surface step 1.864393 ms
liquid phase loading 3.262125 ms
liquid phase containers/connections/parcels 0.165908 ms
cell storage 89 tets 571 knots 207 geometry 0.5814 curve 1.0456 ms
cell storage 90 tets 430 knots 150 geometry 0.7040 curve 0.9577 ms
cell storage 105 tets 488 knots 170 geometry 0.5712 curve 1.1808 ms
cell storage 106 tets 359 knots 134 geometry 0.2984 curve 0.4745 ms
liquid phase solid storage 8.299057 ms
liquid phase surface step 2.395510 ms
liquid phase loading 3.712138 ms
liquid phase containers/connections/parcels 0.130745 ms
cell storage 89 tets 552 knots 201 geometry 0.6552 curve 1.0215 ms
cell storage 90 tets 368 knots 139 geometry 0.4955 curve 0.6725 ms
cell storage 105 tets 433 knots 157 geometry 0.6401 curve 0.7503 ms
cell storage 106 tets 292 knots 114 geometry 0.4107 curve 0.5224 ms
liquid phase solid storage 7.453894 ms
liquid phase surface step 2.178917 ms
liquid phase loading 3.375636 ms
liquid phase containers/connections/parcels 0.199390 ms
cell storage 89 tets 552 knots 202 geometry 0.7589 curve 1.0629 ms
cell storage 90 tets 364 knots 138 geometry 0.4966 curve 0.7663 ms
cell storage 105 tets 464 knots 165 geometry 0.6400 curve 0.7802 ms
cell storage 106 tets 292 knots 114 geometry 0.4067 curve 0.6213 ms
liquid phase solid storage 7.750859 ms
liquid phase surface step 1.771661 ms
liquid phase loading 3.048104 ms
liquid phase containers/connections/parcels 0.148429 ms
cell storage 89 tets 536 knots 200 geometry 0.6385 curve 1.1160 ms
cell storage 90 tets 344 knots 134 geometry 0.4136 curve 0.7320 ms
cell storage 105 tets 518 knots 176 geometry 0.5642 curve 1.3998 ms
cell storage 106 tets 292 knots 114 geometry 0.4062 curve 0.5891 ms
liquid phase solid storage 9.003705 ms
liquid phase surface step 2.045958 ms
liquid phase loading 3.336109 ms
liquid phase containers/connections/parcels 0.201693 ms
cell storage 89 tets 599 knots 218 geometry 0.7203 curve 1.2238 ms
cell storage 90 tets 329 knots 130 geometry 0.4226 curve 0.6749 ms
cell storage 105 tets 518 knots 176 geometry 0.4836 curve 1.0731 ms
cell storage 106 tets 280 knots 113 geometry 0.3228 curve 0.5759 ms
liquid phase solid storage 8.894626 ms
liquid phase surface step 2.697934 ms
liquid phase loading 2.834010 ms
liquid phase containers/connections/parcels 0.212387 ms
cell storage 89 tets 619 knots 222 geometry 0.5672 curve 1.1726 ms
cell storage 90 tets 329 knots 131 geometry 0.4318 curve 0.6599 ms
cell storage 105 tets 490 knots 170 geometry 0.9482 curve 0.8144 ms
cell storage 106 tets 272 knots 112 geometry 0.2263 curve 0.5144 ms
liquid phase solid storage 8.574944 ms
liquid phase surface step 1.949314 ms
liquid phase loading 3.282483 ms
liquid phase containers/connections/parcels 0.198859 ms
cell storage 89 tets 661 knots 233 geometry 0.7331 curve 1.4468 ms
cell storage 90 tets 329 knots 130 geometry 0.3247 curve 0.6250 ms
cell storage 105 tets 510 knots 176 geometry 0.6563 curve 1.0064 ms
cell storage 106 tets 272 knots 111 geometry 0.2540 curve 0.5153 ms
liquid phase solid storage 8.530143 ms
liquid phase surface step 2.198770 ms
liquid phase loading 3.208053 ms
liquid phase containers/connections/parcels 0.232641 ms
cell storage 89 tets 597 knots 218 geometry 0.9357 curve 1.2526 ms
cell storage 90 tets 272 knots 112 geometry 0.2365 curve 0.6059 ms
cell storage 105 tets 456 knots 163 geometry 0.6259 curve 0.9438 ms
cell storage 106 tets 306 knots 121 geometry 0.2785 curve 0.4933 ms
liquid phase solid storage 8.315940 ms
liquid phase surface step 1.889209 ms
liquid phase loading 3.022359 ms
liquid phase containers/connections/parcels 0.203311 ms
cell storage 89 tets 640 knots 226 geometry 0.7683 curve 1.2563 ms
cell storage 90 tets 280 knots 114 geometry 0.4693 curve 0.6656 ms
cell storage 105 tets 456 knots 164 geometry 0.5988 curve 0.6349 ms
cell storage 106 tets 306 knots 122 geometry 0.3464 curve 0.6046 ms
liquid phase solid storage 7.636501 ms
liquid phase surface step 1.572608 ms
liquid phase loading 2.685537 ms
liquid phase containers/connections/parcels 0.197558 ms
cell storage 89 tets 632 knots 225 geometry 0.9118 curve 1.4661 ms
cell storage 90 tets 280 knots 114 geometry 0.4252 curve 0.4967 ms
cell storage 105 tets 451 knots 162 geometry 0.5692 curve 0.8511 ms
cell storage 106 tets 268 knots 113 geometry 0.3385 curve 0.5361 ms
liquid phase solid storage 8.153927 ms
liquid phase surface step 2.078273 ms
liquid phase loading 2.946343 ms
liquid phase containers/connections/parcels 0.110517 ms
cell storage 89 tets 600 knots 215 geometry 0.7361 curve 1.1001 ms
cell storage 90 tets 284 knots 114 geometry 0.4368 curve 0.4623 ms
cell storage 105 tets 459 knots 165 geometry 0.6650 curve 0.8755 ms
cell storage 106 tets 260 knots 111 geometry 0.3472 curve 0.5337 ms
liquid phase solid storage 7.782094 ms
liquid phase surface step 1.959932 ms
liquid phase loading 3.086622 ms
liquid phase containers/connections/parcels 0.196257 ms
cell storage 89 tets 592 knots 215 geometry 0.8028 curve 1.0258 ms
cell storage 90 tets 323 knots 123 geometry 0.2450 curve 0.5250 ms
cell storage 105 tets 486 knots 172 geometry 0.4044 curve 0.8092 ms
cell storage 106 tets 260 knots 109 geometry 0.4149 curve 0.4918 ms
liquid phase solid storage 7.592281 ms
liquid phase surface step 1.476554 ms
liquid phase loading 3.942671 ms
liquid phase containers/connections/parcels 0.200941 ms
cell storage 89 tets 554 knots 205 geometry 0.6560 curve 1.0861 ms
cell storage 90 tets 308 knots 119 geometry 0.2323 curve 0.4525 ms
cell storage 105 tets 537 knots 183 geometry 0.7148 curve 0.9304 ms
cell storage 106 tets 260 knots 109 geometry 0.2752 curve 0.4377 ms
liquid phase solid storage 7.193844 ms
liquid phase surface step 2.094748 ms
liquid phase loading 3.205257 ms
liquid phase containers/connections/parcels 0.185180 ms
cell storage 89 tets 557 knots 205 geometry 0.6481 curve 0.8256 ms
cell storage 90 tets 311 knots 121 geometry 0.3447 curve 0.4272 ms
cell storage 105 tets 513 knots 178 geometry 0.4876 curve 0.6893 ms
cell storage 106 tets 290 knots 116 geometry 0.3242 curve 0.5517 ms
liquid phase solid storage 6.669736 ms
liquid phase surface step 2.101586 ms
liquid phase loading 3.436214 ms
liquid phase containers/connections/parcels 0.156613 ms
cell storage 89 tets 610 knots 218 geometry 0.4388 curve 1.3134 ms
cell storage 90 tets 291 knots 117 geometry 0.4302 curve 0.4599 ms
cell storage 105 tets 525 knots 179 geometry 0.7701 curve 1.0559 ms
cell storage 106 tets 290 knots 116 geometry 0.4310 curve 0.4772 ms
liquid phase solid storage 8.180229 ms
liquid phase surface step 2.121936 ms
liquid phase loading 3.479584 ms
liquid phase containers/connections/parcels 0.161721 ms
cell storage 89 tets 618 knots 220 geometry 0.5029 curve 1.2011 ms
cell storage 90 tets 291 knots 115 geometry 0.2384 curve 0.3806 ms
cell storage 105 tets 522 knots 178 geometry 0.6503 curve 0.9382 ms
cell storage 106 tets 290 knots 116 geometry 0.2832 curve 0.5731 ms
liquid phase solid storage 7.695761 ms
liquid phase surface step 1.854450 ms
liquid phase loading 3.841924 ms
liquid phase containers/connections/parcels 0.197238 ms
cell storage 89 tets 618 knots 220 geometry 0.6577 curve 1.2190 ms
cell storage 90 tets 291 knots 115 geometry 0.3900 curve 0.3983 ms
cell storage 105 tets 522 knots 178 geometry 0.5612 curve 1.0331 ms
cell storage 106 tets 290 knots 117 geometry 0.2488 curve 0.3930 ms
liquid phase solid storage 7.868943 ms
liquid phase surface step 1.741448 ms
liquid phase loading 3.089493 ms
liquid phase containers/connections/parcels 0.116087 ms
cell storage 89 tets 618 knots 219 geometry 0.7965 curve 1.2134 ms
cell storage 90 tets 291 knots 115 geometry 0.4079 curve 0.5415 ms
cell storage 105 tets 522 knots 182 geometry 0.9217 curve 0.9307 ms
cell storage 106 tets 290 knots 117 geometry 0.2651 curve 0.4263 ms
liquid phase solid storage 8.414743 ms
liquid phase surface step 1.959088 ms
liquid phase loading 4.786812 ms
liquid phase containers/connections/parcels 0.225801 ms
cell storage 89 tets 618 knots 220 geometry 0.9259 curve 1.2783 ms
cell storage 90 tets 291 knots 115 geometry 0.2537 curve 0.5834 ms
cell storage 105 tets 522 knots 179 geometry 0.7617 curve 0.9962 ms
cell storage 106 tets 290 knots 118 geometry 0.3059 curve 0.3894 ms
liquid phase solid storage 8.344952 ms
liquid phase surface step 1.855433 ms
liquid phase loading 3.348296 ms
liquid phase containers/connections/parcels 0.245466 ms
cell storage 89 tets 618 knots 220 geometry 0.8466 curve 1.3113 ms
cell storage 90 tets 291 knots 116 geometry 0.3854 curve 0.5793 ms
cell storage 105 tets 522 knots 179 geometry 0.7124 curve 1.0264 ms
cell storage 106 tets 290 knots 116 geometry 0.2375 curve 0.5477 ms
liquid phase solid storage 8.990101 ms
liquid phase surface step 2.123195 ms
liquid phase loading 3.454294 ms
liquid phase containers/connections/parcels 0.116524 ms
cell storage 89 tets 618 knots 220 geometry 0.4730 curve 1.0393 ms
cell storage 90 tets 264 knots 107 geometry 0.2429 curve 0.3266 ms
cell storage 105 tets 522 knots 178 geometry 0.5273 curve 0.8150 ms
cell storage 106 tets 290 knots 116 geometry 0.3964 curve 0.5454 ms
liquid phase solid storage 7.448139 ms
liquid phase surface step 1.725089 ms
liquid phase loading 3.339347 ms
liquid phase containers/connections/parcels 0.113472 ms
cell storage 89 tets 610 knots 218 geometry 0.4679 curve 1.3278 ms
cell storage 90 tets 291 knots 116 geometry 0.4248 curve 0.3883 ms
cell storage 105 tets 510 knots 175 geometry 0.7494 curve 1.0549 ms
cell storage 106 tets 290 knots 116 geometry 0.3028 curve 0.4638 ms
liquid phase solid storage 7.744727 ms
liquid phase surface step 1.642868 ms
liquid phase loading 3.457278 ms
liquid phase containers/connections/parcels 0.202203 ms
cell storage 89 tets 557 knots 205 geometry 0.5427 curve 1.2069 ms
cell storage 90 tets 291 knots 117 geometry 0.4276 curve 0.5341 ms
cell storage 105 tets 525 knots 181 geometry 0.4591 curve 1.0908 ms
cell storage 106 tets 290 knots 117 geometry 0.2289 curve 0.5410 ms
liquid phase solid storage 7.670194 ms
liquid phase surface step 2.289820 ms
liquid phase loading 3.474120 ms
liquid phase containers/connections/parcels 0.170904 ms
cell storage 89 tets 557 knots 205 geometry 0.6609 curve 0.8007 ms
cell storage 90 tets 291 knots 115 geometry 0.3617 curve 0.5539 ms
cell storage 105 tets 513 knots 177 geometry 0.6937 curve 1.1257 ms
cell storage 106 tets 290 knots 116 geometry 0.3947 curve 0.5857 ms
liquid phase solid storage 7.715592 ms
liquid phase surface step 1.665403 ms
liquid phase loading 3.147352 ms
liquid phase containers/connections/parcels 0.179979 ms
cell storage 89 tets 554 knots 207 geometry 0.7952 curve 1.0522 ms
cell storage 90 tets 315 knots 122 geometry 0.3853 curve 0.5646 ms
cell storage 105 tets 537 knots 184 geometry 0.5123 curve 1.1003 ms
cell storage 106 tets 260 knots 110 geometry 0.2347 curve 0.4015 ms
liquid phase solid storage 7.564136 ms
liquid phase surface step 1.879345 ms
liquid phase loading 4.088760 ms
liquid phase containers/connections/parcels 0.129194 ms
cell storage 89 tets 592 knots 214 geometry 0.5246 curve 1.0594 ms
cell storage 90 tets 315 knots 121 geometry 0.4207 curve 0.5421 ms
cell storage 105 tets 537 knots 183 geometry 0.6155 curve 1.0580 ms
cell storage 106 tets 260 knots 110 geometry 0.2061 curve 0.3308 ms
liquid phase solid storage 7.294553 ms
liquid phase surface step 2.200578 ms
liquid phase loading 3.122547 ms
liquid phase containers/connections/parcels 0.209218 ms
cell storage 89 tets 584 knots 212 geometry 0.5611 curve 1.2624 ms
cell storage 90 tets 323 knots 123 geometry 0.2588 curve 0.5268 ms
cell storage 105 tets 459 knots 166 geometry 0.6236 curve 0.8694 ms
cell storage 106 tets 260 knots 109 geometry 0.4314 curve 0.4771 ms
liquid phase solid storage 7.428653 ms
liquid phase surface step 1.888147 ms
liquid phase loading 3.723024 ms
liquid phase containers/connections/parcels 0.171413 ms
cell storage 89 tets 584 knots 212 geometry 0.5048 curve 1.0708 ms
cell storage 90 tets 311 knots 121 geometry 0.2928 curve 0.4797 ms
cell storage 105 tets 459 knots 166 geometry 0.6307 curve 0.9178 ms
cell storage 106 tets 260 knots 109 geometry 0.3204 curve 0.3372 ms
liquid phase solid storage 7.347436 ms
liquid phase surface step 2.311641 ms
liquid phase loading 3.602394 ms
liquid phase containers/connections/parcels 0.212800 ms
cell storage 89 tets 611 knots 219 geometry 0.9020 curve 1.2164 ms
cell storage 90 tets 284 knots 114 geometry 0.2991 curve 0.5618 ms
cell storage 105 tets 451 knots 163 geometry 0.5614 curve 0.9498 ms
cell storage 106 tets 260 knots 109 geometry 0.3697 curve 0.3557 ms
liquid phase solid storage 7.228602 ms
liquid phase surface step 1.564348 ms
liquid phase loading 3.118079 ms
liquid phase containers/connections/parcels 0.171611 ms
cell storage 89 tets 624 knots 224 geometry 0.5382 curve 1.2985 ms
cell storage 90 tets 284 knots 115 geometry 0.4133 curve 0.6040 ms
cell storage 105 tets 452 knots 164 geometry 0.6312 curve 0.8321 ms
cell storage 106 tets 268 knots 112 geometry 0.2012 curve 0.4782 ms
liquid phase solid storage 7.953560 ms
liquid phase surface step 1.716831 ms
liquid phase loading 3.004772 ms
liquid phase containers/connections/parcels 0.201311 ms
cell storage 89 tets 644 knots 227 geometry 0.6330 curve 1.1638 ms
cell storage 90 tets 280 knots 114 geometry 0.3920 curve 0.4939 ms
cell storage 105 tets 456 knots 163 geometry 0.5545 curve 0.8430 ms
cell storage 106 tets 268 knots 112 geometry 0.3910 curve 0.4758 ms
liquid phase solid storage 7.706022 ms
liquid phase surface step 2.180937 ms
liquid phase loading 3.590504 ms
liquid phase containers/connections/parcels 0.201698 ms
cell storage 89 tets 612 knots 221 geometry 0.8389 curve 1.4434 ms
cell storage 90 tets 280 knots 114 geometry 0.3903 curve 0.3365 ms
cell storage 105 tets 456 knots 163 geometry 0.5733 curve 0.8075 ms
cell storage 106 tets 306 knots 121 geometry 0.2251 curve 0.5315 ms
liquid phase solid storage 7.660308 ms
liquid phase surface step 1.645032 ms
liquid phase loading 3.139361 ms
liquid phase containers/connections/parcels 0.106330 ms
cell storage 89 tets 567 knots 208 geometry 0.7285 curve 0.9436 ms
cell storage 90 tets 280 knots 114 geometry 0.3318 curve 0.5556 ms
cell storage 105 tets 452 knots 163 geometry 0.5785 curve 0.9126 ms
cell storage 106 tets 306 knots 121 geometry 0.4650 curve 0.6043 ms
liquid phase solid storage 8.079048 ms
liquid phase surface step 2.322427 ms
liquid phase loading 3.758946 ms
liquid phase containers/connections/parcels 0.222623 ms
cell storage 89 tets 567 knots 208 geometry 0.8218 curve 1.1164 ms
cell storage 90 tets 280 knots 114 geometry 0.4785 curve 0.5359 ms
cell storage 105 tets 506 knots 175 geometry 0.5674 curve 1.0752 ms
cell storage 106 tets 306 knots 121 geometry 0.4644 curve 0.5934 ms
liquid phase solid storage 8.243676 ms
liquid phase surface step 1.854176 ms
liquid phase loading 2.943140 ms
liquid phase containers/connections/parcels 0.183994 ms
cell storage 89 tets 599 knots 215 geometry 0.7735 curve 0.9862 ms
cell storage 90 tets 272 knots 111 geometry 0.4301 curve 0.4826 ms
cell storage 105 tets 502 knots 174 geometry 0.6599 curve 1.0054 ms
cell storage 106 tets 314 knots 125 geometry 0.4632 curve 0.4747 ms
liquid phase solid storage 8.042575 ms
liquid phase surface step 1.837100 ms
liquid phase loading 2.783927 ms
liquid phase containers/connections/parcels 0.193401 ms
cell storage 89 tets 551 knots 198 geometry 0.8123 curve 1.2273 ms
cell storage 90 tets 268 knots 110 geometry 0.3670 curve 0.4750 ms
cell storage 105 tets 512 knots 178 geometry 0.6046 curve 1.3360 ms
cell storage 106 tets 299 knots 119 geometry 0.3709 curve 0.5677 ms
liquid phase solid storage 8.967361 ms
liquid phase surface step 2.207065 ms
liquid phase loading 2.344267 ms
liquid phase containers/connections/parcels 0.112051 ms
cell storage 89 tets 588 knots 212 geometry 0.4565 curve 1.0262 ms
cell storage 90 tets 329 knots 130 geometry 0.3340 curve 0.4583 ms
cell storage 105 tets 512 knots 176 geometry 0.3901 curve 1.6556 ms
cell storage 106 tets 268 knots 110 geometry 0.2101 curve 0.3417 ms
liquid phase solid storage 9.536447 ms
liquid phase surface step 1.816613 ms
liquid phase loading 2.221413 ms
liquid phase containers/connections/parcels 0.124396 ms
cell storage 89 tets 592 knots 215 geometry 0.5767 curve 0.8591 ms
cell storage 90 tets 329 knots 131 geometry 0.2406 curve 0.3938 ms
cell storage 105 tets 512 knots 176 geometry 0.3846 curve 0.7864 ms
cell storage 106 tets 268 knots 110 geometry 0.3737 curve 0.4197 ms
liquid phase solid storage 5.991338 ms
liquid phase surface step 1.740153 ms
liquid phase loading 2.230539 ms
liquid phase containers/connections/parcels 0.105951 ms
cell storage 89 tets 588 knots 214 geometry 0.4376 curve 0.8758 ms
cell storage 90 tets 329 knots 130 geometry 0.2392 curve 0.4043 ms
cell storage 105 tets 512 knots 179 geometry 0.5823 curve 0.8380 ms
cell storage 106 tets 268 knots 110 geometry 0.2335 curve 0.3351 ms
liquid phase solid storage 5.763845 ms
liquid phase surface step 1.508729 ms
liquid phase loading 2.091945 ms
liquid phase containers/connections/parcels 0.105999 ms
cell storage 89 tets 588 knots 214 geometry 0.4355 curve 0.7828 ms
cell storage 90 tets 329 knots 131 geometry 0.3171 curve 0.4056 ms
cell storage 105 tets 540 knots 184 geometry 0.4025 curve 1.0478 ms
cell storage 106 tets 280 knots 113 geometry 0.3567 curve 0.4946 ms
liquid phase solid storage 6.232661 ms
liquid phase surface step 1.436756 ms
liquid phase loading 1.947622 ms
liquid phase containers/connections/parcels 0.106346 ms
cell storage 89 tets 572 knots 209 geometry 0.4269 curve 0.7555 ms
cell storage 90 tets 329 knots 131 geometry 0.2775 curve 0.4169 ms
cell storage 105 tets 518 knots 177 geometry 0.4473 curve 0.9625 ms
cell storage 106 tets 276 knots 114 geometry 0.2590 curve 0.3496 ms
liquid phase solid storage 5.892667 ms
liquid phase surface step 1.713607 ms
liquid phase loading 2.159934 ms
liquid phase containers/connections/parcels 0.129867 ms
cell storage 89 tets 572 knots 208 geometry 0.4981 curve 0.8007 ms
cell storage 90 tets 329 knots 131 geometry 0.2433 curve 0.4273 ms
cell storage 105 tets 518 knots 177 geometry 0.4824 curve 0.9782 ms
cell storage 106 tets 276 knots 113 geometry 0.2317 curve 0.3453 ms
liquid phase solid storage 5.858366 ms
liquid phase surface step 1.458865 ms
liquid phase loading 1.926528 ms
liquid phase containers/connections/parcels 0.105951 ms
cell storage 89 tets 572 knots 210 geometry 0.3981 curve 0.7904 ms
cell storage 90 tets 329 knots 130 geometry 0.2384 curve 0.4212 ms
cell storage 105 tets 518 knots 177 geometry 0.3541 curve 0.8938 ms
cell storage 106 tets 276 knots 113 geometry 0.3456 curve 0.4780 ms
liquid phase solid storage 5.829214 ms
liquid phase surface step 1.492684 ms
liquid phase loading 1.947915 ms
liquid phase containers/connections/parcels 0.127586 ms
cell storage 89 tets 572 knots 209 geometry 0.4434 curve 0.8653 ms
cell storage 90 tets 329 knots 131 geometry 0.2396 curve 0.4880 ms
cell storage 105 tets 518 knots 178 geometry 0.5566 curve 0.7357 ms
cell storage 106 tets 276 knots 114 geometry 0.2143 curve 1.1711 ms
liquid phase solid storage 6.748518 ms
liquid phase surface step 1.485777 ms
liquid phase loading 2.158138 ms
liquid phase containers/connections/parcels 0.108711 ms
cell storage 89 tets 572 knots 209 geometry 0.4223 curve 0.8144 ms
cell storage 90 tets 329 knots 131 geometry 0.2580 curve 0.4262 ms
cell storage 105 tets 518 knots 176 geometry 0.3710 curve 1.3531 ms
cell storage 106 tets 276 knots 113 geometry 0.3024 curve 0.3594 ms
liquid phase solid storage 6.474982 ms
liquid phase surface step 1.620801 ms
liquid phase loading 2.663020 ms
liquid phase containers/connections/parcels 0.130912 ms
cell storage 89 tets 572 knots 208 geometry 0.5092 curve 0.8741 ms
cell storage 90 tets 344 knots 134 geometry 0.2580 curve 0.5820 ms
cell storage 105 tets 518 knots 176 geometry 0.6764 curve 0.7315 ms
cell storage 106 tets 276 knots 114 geometry 0.2847 curve 0.3917 ms
liquid phase solid storage 6.468251 ms
liquid phase surface step 1.319853 ms
liquid phase loading 1.981676 ms
liquid phase containers/connections/parcels 0.108554 ms
cell storage 89 tets 572 knots 210 geometry 0.4412 curve 0.8275 ms
cell storage 90 tets 344 knots 135 geometry 0.2560 curve 0.6054 ms
cell storage 105 tets 518 knots 176 geometry 0.6018 curve 0.7727 ms
cell storage 106 tets 280 knots 115 geometry 0.2757 curve 0.4167 ms
liquid phase solid storage 6.272229 ms
liquid phase surface step 1.326076 ms
liquid phase loading 1.960217 ms
liquid phase containers/connections/parcels 0.109122 ms
cell storage 89 tets 572 knots 209 geometry 0.4332 curve 0.8282 ms
cell storage 90 tets 329 knots 130 geometry 0.2424 curve 0.5223 ms
cell storage 105 tets 518 knots 176 geometry 0.5679 curve 0.9666 ms
cell storage 106 tets 268 knots 110 geometry 0.2680 curve 0.4088 ms
liquid phase solid storage 6.252126 ms
liquid phase surface step 1.382223 ms
liquid phase loading 1.970256 ms
liquid phase containers/connections/parcels 0.109605 ms
cell storage 89 tets 572 knots 208 geometry 0.4307 curve 0.8205 ms
cell storage 90 tets 329 knots 132 geometry 0.2452 curve 0.5069 ms
cell storage 105 tets 510 knots 178 geometry 0.6194 curve 0.7506 ms
cell storage 106 tets 268 knots 111 geometry 0.2234 curve 0.3682 ms
liquid phase solid storage 5.850356 ms
liquid phase surface step 1.749655 ms
liquid phase loading 2.632415 ms
liquid phase containers/connections/parcels 0.108361 ms
cell storage 89 tets 572 knots 208 geometry 0.4710 curve 0.9193 ms
cell storage 90 tets 329 knots 130 geometry 0.4553 curve 0.5072 ms
cell storage 105 tets 510 knots 177 geometry 0.3956 curve 0.7507 ms
cell storage 106 tets 268 knots 110 geometry 0.2126 curve 0.3607 ms
liquid phase solid storage 6.125602 ms
liquid phase surface step 1.307395 ms
liquid phase loading 1.835821 ms
liquid phase containers/connections/parcels 0.174650 ms
cell storage 89 tets 572 knots 210 geometry 0.4076 curve 1.1147 ms
cell storage 90 tets 329 knots 130 geometry 0.3979 curve 0.4265 ms
cell storage 105 tets 510 knots 177 geometry 0.3945 curve 0.7352 ms
cell storage 106 tets 268 knots 110 geometry 0.2428 curve 0.3620 ms
liquid phase solid storage 5.954022 ms
liquid phase surface step 1.389710 ms
liquid phase loading 1.873741 ms
liquid phase containers/connections/parcels 0.150571 ms
cell storage 89 tets 572 knots 211 geometry 0.4611 curve 0.7881 ms
cell storage 90 tets 329 knots 130 geometry 0.2680 curve 0.4692 ms
cell storage 105 tets 510 knots 177 geometry 0.3562 curve 0.7474 ms
cell storage 106 tets 268 knots 110 geometry 0.2034 curve 0.3187 ms
liquid phase solid storage 5.608402 ms
liquid phase surface step 1.525618 ms
liquid phase loading 2.185719 ms
liquid phase containers/connections/parcels 0.108535 ms
cell storage 89 tets 572 knots 211 geometry 0.5244 curve 0.7910 ms
cell storage 90 tets 329 knots 130 geometry 0.2443 curve 0.4044 ms
cell storage 105 tets 510 knots 179 geometry 0.3762 curve 0.8901 ms
cell storage 106 tets 268 knots 110 geometry 0.2124 curve 0.3247 ms
liquid phase solid storage 5.576460 ms
liquid phase surface step 1.480470 ms
liquid phase loading 2.339176 ms
liquid phase containers/connections/parcels 0.119483 ms
cell storage 89 tets 572 knots 209 geometry 0.5265 curve 0.8172 ms
cell storage 90 tets 329 knots 130 geometry 0.2777 curve 0.4259 ms
cell storage 105 tets 510 knots 177 geometry 0.3622 curve 0.7746 ms
cell storage 106 tets 268 knots 110 geometry 0.2102 curve 0.5143 ms
liquid phase solid storage 6.541199 ms
liquid phase surface step 1.362289 ms
liquid phase loading 2.504798 ms
liquid phase containers/connections/parcels 0.120176 ms
cell storage 89 tets 572 knots 208 geometry 0.4111 curve 0.7527 ms
cell storage 90 tets 329 knots 130 geometry 0.2439 curve 0.4143 ms
cell storage 105 tets 540 knots 184 geometry 0.3786 curve 0.7215 ms
cell storage 106 tets 268 knots 110 geometry 0.2087 curve 0.5698 ms
liquid phase solid storage 6.104764 ms
liquid phase surface step 1.661800 ms
liquid phase loading 2.457257 ms
liquid phase containers/connections/parcels 0.107412 ms
cell storage 89 tets 564 knots 209 geometry 0.4318 curve 0.7795 ms
cell storage 90 tets 333 knots 130 geometry 0.2450 curve 0.4167 ms
cell storage 105 tets 540 knots 182 geometry 0.4255 curve 1.5193 ms
cell storage 106 tets 268 knots 110 geometry 0.2306 curve 0.3455 ms
liquid phase solid storage 6.728024 ms
liquid phase surface step 1.516106 ms
liquid phase loading 2.286903 ms
liquid phase containers/connections/parcels 0.117249 ms
cell storage 89 tets 564 knots 211 geometry 0.5281 curve 0.8859 ms
cell storage 90 tets 337 knots 133 geometry 0.2454 curve 0.4063 ms
cell storage 105 tets 540 knots 182 geometry 0.5982 curve 0.8970 ms
cell storage 106 tets 268 knots 110 geometry 0.2407 curve 0.3721 ms
liquid phase solid storage 5.990751 ms
liquid phase surface step 1.365496 ms
liquid phase loading 2.237401 ms
liquid phase containers/connections/parcels 0.106422 ms
cell storage 89 tets 564 knots 212 geometry 0.4019 curve 0.7307 ms
cell storage 90 tets 337 knots 132 geometry 0.2470 curve 0.4083 ms
cell storage 105 tets 540 knots 185 geometry 0.4878 curve 0.9444 ms
cell storage 106 tets 295 knots 118 geometry 0.2571 curve 0.3650 ms
liquid phase solid storage 5.666782 ms
liquid phase surface step 1.327142 ms
liquid phase loading 2.131248 ms
liquid phase containers/connections/parcels 0.125721 ms
cell storage 89 tets 549 knots 203 geometry 0.3843 curve 0.8009 ms
cell storage 90 tets 272 knots 111 geometry 0.2153 curve 0.3290 ms
cell storage 105 tets 540 knots 182 geometry 0.3676 curve 0.8615 ms
cell storage 106 tets 295 knots 118 geometry 0.3690 curve 0.4281 ms
liquid phase solid storage 5.649090 ms
liquid phase surface step 1.303455 ms
liquid phase loading 2.313665 ms
liquid phase containers/connections/parcels 0.288708 ms
cell storage 89 tets 549 knots 204 geometry 0.4696 curve 0.8659 ms
cell storage 90 tets 280 knots 114 geometry 0.4250 curve 0.3451 ms
cell storage 105 tets 536 knots 183 geometry 0.4166 curve 0.7172 ms
cell storage 106 tets 306 knots 123 geometry 0.2528 curve 0.3690 ms
liquid phase solid storage 5.583310 ms
liquid phase surface step 1.531015 ms
liquid phase loading 2.409617 ms
liquid phase containers/connections/parcels 0.121819 ms
cell storage 89 tets 553 knots 203 geometry 0.4263 curve 0.8817 ms
cell storage 90 tets 307 knots 121 geometry 0.4145 curve 0.4125 ms
cell storage 105 tets 536 knots 184 geometry 0.4148 curve 0.7343 ms
cell storage 106 tets 306 knots 123 geometry 0.2462 curve 0.3785 ms
liquid phase solid storage 5.865187 ms
liquid phase surface step 1.530397 ms
liquid phase loading 2.637404 ms
liquid phase containers/connections/parcels 0.106338 ms
cell storage 89 tets 553 knots 203 geometry 0.3796 curve 1.0560 ms
cell storage 90 tets 307 knots 121 geometry 0.2537 curve 0.4107 ms
cell storage 105 tets 536 knots 185 geometry 0.4555 curve 0.8011 ms
cell storage 106 tets 306 knots 123 geometry 0.2378 curve 0.4891 ms
liquid phase solid storage 6.235619 ms
liquid phase surface step 1.412835 ms
liquid phase loading 2.479514 ms
liquid phase containers/connections/parcels 0.106347 ms
cell storage 89 tets 557 knots 203 geometry 0.7146 curve 0.8027 ms
cell storage 90 tets 307 knots 121 geometry 0.2447 curve 0.3820 ms
cell storage 105 tets 536 knots 182 geometry 0.3767 curve 0.6852 ms
cell storage 106 tets 306 knots 123 geometry 0.2509 curve 0.3673 ms
liquid phase solid storage 6.275045 ms
liquid phase surface step 1.337525 ms
liquid phase loading 2.464614 ms
liquid phase containers/connections/parcels 0.109926 ms
cell storage 89 tets 557 knots 205 geometry 0.4155 curve 0.7503 ms
cell storage 90 tets 311 knots 122 geometry 0.2471 curve 0.4026 ms
cell storage 105 tets 536 knots 185 geometry 0.3795 curve 0.7555 ms
cell storage 106 tets 306 knots 123 geometry 0.2241 curve 0.4696 ms
liquid phase solid storage 6.260068 ms
liquid phase surface step 1.207420 ms
liquid phase loading 2.712216 ms
liquid phase containers/connections/parcels 0.116073 ms
cell storage 89 tets 527 knots 196 geometry 0.3967 curve 0.7967 ms
cell storage 90 tets 311 knots 124 geometry 0.2418 curve 0.4184 ms
cell storage 105 tets 536 knots 183 geometry 0.4552 curve 0.7444 ms
cell storage 106 tets 306 knots 123 geometry 0.3269 curve 0.5651 ms
liquid phase solid storage 6.686449 ms
liquid phase surface step 1.427935 ms
liquid phase loading 2.501573 ms
liquid phase containers/connections/parcels 0.132989 ms
cell storage 89 tets 536 knots 201 geometry 0.4205 curve 0.7368 ms
cell storage 90 tets 311 knots 122 geometry 0.2316 curve 0.3960 ms
cell storage 105 tets 532 knots 186 geometry 0.6276 curve 0.8482 ms
cell storage 106 tets 306 knots 123 geometry 0.2618 curve 0.4215 ms
liquid phase solid storage 6.255859 ms
liquid phase surface step 1.370604 ms
liquid phase loading 2.527820 ms
liquid phase containers/connections/parcels 0.137384 ms
cell storage 89 tets 516 knots 196 geometry 0.5552 curve 0.8379 ms
cell storage 90 tets 322 knots 125 geometry 0.3123 curve 0.4269 ms
cell storage 105 tets 532 knots 184 geometry 0.4637 curve 0.7713 ms
cell storage 106 tets 310 knots 124 geometry 0.2378 curve 0.3679 ms
liquid phase solid storage 6.955144 ms
liquid phase surface step 1.300526 ms
liquid phase loading 2.753873 ms
liquid phase containers/connections/parcels 0.106058 ms
cell storage 89 tets 555 knots 206 geometry 0.4427 curve 0.7464 ms
cell storage 90 tets 345 knots 132 geometry 0.3841 curve 0.4882 ms
cell storage 105 tets 532 knots 185 geometry 0.3839 curve 0.8002 ms
cell storage 106 tets 310 knots 125 geometry 0.2275 curve 0.5576 ms
liquid phase solid storage 6.803197 ms
liquid phase surface step 1.385535 ms
liquid phase loading 2.664042 ms
liquid phase containers/connections/parcels 0.107912 ms
cell storage 89 tets 570 knots 210 geometry 0.4362 curve 0.8501 ms
cell storage 90 tets 352 knots 135 geometry 0.2548 curve 0.4306 ms
cell storage 105 tets 532 knots 183 geometry 0.5405 curve 0.9578 ms
cell storage 106 tets 310 knots 125 geometry 0.2801 curve 0.3824 ms
liquid phase solid storage 6.641138 ms
liquid phase surface step 1.410499 ms
liquid phase loading 2.406706 ms
liquid phase containers/connections/parcels 0.131095 ms
cell storage 89 tets 594 knots 217 geometry 0.4777 curve 0.9580 ms
cell storage 90 tets 356 knots 135 geometry 0.2502 curve 0.6297 ms
cell storage 105 tets 498 knots 177 geometry 0.6533 curve 0.7159 ms
cell storage 106 tets 310 knots 124 geometry 0.2439 curve 0.4437 ms
liquid phase solid storage 7.153537 ms
liquid phase surface step 1.223237 ms
liquid phase loading 2.427536 ms
liquid phase containers/connections/parcels 0.204840 ms
cell storage 89 tets 563 knots 207 geometry 0.5318 curve 0.8783 ms
cell storage 90 tets 387 knots 143 geometry 0.3431 curve 0.4833 ms
cell storage 105 tets 502 knots 177 geometry 0.3584 curve 0.6764 ms
cell storage 106 tets 276 knots 115 geometry 0.3623 curve 0.3346 ms
liquid phase solid storage 6.570235 ms
liquid phase surface step 1.178749 ms
liquid phase loading 2.302571 ms
liquid phase containers/connections/parcels 0.109471 ms
cell storage 89 tets 595 knots 214 geometry 0.7026 curve 0.9682 ms
cell storage 90 tets 371 knots 138 geometry 0.3053 curve 0.5368 ms
cell storage 105 tets 502 knots 177 geometry 0.4432 curve 0.9085 ms
cell storage 106 tets 276 knots 115 geometry 0.2742 curve 0.3973 ms
liquid phase solid storage 6.985507 ms
liquid phase surface step 1.190119 ms
liquid phase loading 2.875904 ms
liquid phase containers/connections/parcels 0.143655 ms
cell storage 89 tets 595 knots 214 geometry 0.4455 curve 0.9136 ms
cell storage 90 tets 333 knots 130 geometry 0.2677 curve 0.5637 ms
cell storage 105 tets 482 knots 172 geometry 0.3911 curve 0.6579 ms
cell storage 106 tets 308 knots 120 geometry 0.2147 curve 0.3923 ms
liquid phase solid storage 6.523294 ms
liquid phase surface step 1.308158 ms
liquid phase loading 2.756218 ms
liquid phase containers/connections/parcels 0.116237 ms
cell storage 89 tets 599 knots 215 geometry 0.4340 curve 0.9076 ms
cell storage 90 tets 345 knots 131 geometry 0.2416 curve 0.6130 ms
cell storage 105 tets 482 knots 173 geometry 0.4000 curve 0.7181 ms
cell storage 106 tets 264 knots 109 geometry 0.2426 curve 0.3751 ms
liquid phase solid storage 7.166141 ms
liquid phase surface step 1.694206 ms
liquid phase loading 2.470411 ms
liquid phase containers/connections/parcels 0.107152 ms
cell storage 89 tets 583 knots 209 geometry 0.6544 curve 0.7967 ms
cell storage 90 tets 341 knots 127 geometry 0.3775 curve 0.5687 ms
cell storage 105 tets 516 knots 182 geometry 0.4287 curve 0.7085 ms
cell storage 106 tets 294 knots 116 geometry 0.3464 curve 0.4084 ms
liquid phase solid storage 7.058821 ms
liquid phase surface step 1.635070 ms
liquid phase loading 2.831470 ms
liquid phase containers/connections/parcels 0.116575 ms
cell storage 89 tets 587 knots 209 geometry 0.5615 curve 0.8611 ms
cell storage 90 tets 268 knots 108 geometry 0.2023 curve 0.3511 ms
cell storage 105 tets 516 knots 182 geometry 0.4511 curve 0.6837 ms
cell storage 106 tets 290 knots 117 geometry 0.2947 curve 0.3778 ms
liquid phase solid storage 7.142024 ms
liquid phase surface step 1.401388 ms
liquid phase loading 2.722394 ms
liquid phase containers/connections/parcels 0.106466 ms
cell storage 89 tets 591 knots 212 geometry 0.6606 curve 0.8524 ms
cell storage 90 tets 268 knots 108 geometry 0.2796 curve 0.4163 ms
cell storage 105 tets 516 knots 182 geometry 0.6617 curve 0.7362 ms
cell storage 106 tets 274 knots 112 geometry 0.2316 curve 0.3807 ms
liquid phase solid storage 6.730526 ms
liquid phase surface step 1.448368 ms
liquid phase loading 3.498205 ms
liquid phase containers/connections/parcels 0.110245 ms
cell storage 89 tets 591 knots 210 geometry 0.5688 curve 1.0680 ms
cell storage 90 tets 268 knots 108 geometry 0.3164 curve 0.3832 ms
cell storage 105 tets 520 knots 182 geometry 0.3836 curve 0.7422 ms
cell storage 106 tets 274 knots 113 geometry 0.2138 curve 0.3940 ms
liquid phase solid storage 6.834093 ms
liquid phase surface step 1.279519 ms
liquid phase loading 2.323869 ms
liquid phase containers/connections/parcels 0.130251 ms
cell storage 89 tets 591 knots 211 geometry 0.7609 curve 0.9833 ms
cell storage 90 tets 268 knots 108 geometry 0.2090 curve 0.3839 ms
cell storage 105 tets 520 knots 183 geometry 0.4323 curve 0.8153 ms
cell storage 106 tets 274 knots 114 geometry 0.3617 curve 0.3624 ms
liquid phase solid storage 7.101843 ms
liquid phase surface step 1.263689 ms
liquid phase loading 2.602191 ms
liquid phase containers/connections/parcels 0.163645 ms
cell storage 89 tets 591 knots 211 geometry 0.4935 curve 0.8484 ms
cell storage 90 tets 260 knots 107 geometry 0.2484 curve 0.3725 ms
cell storage 105 tets 520 knots 183 geometry 0.4222 curve 0.7014 ms
cell storage 106 tets 274 knots 112 geometry 0.2814 curve 0.4803 ms
liquid phase solid storage 7.036996 ms
liquid phase surface step 1.323406 ms
liquid phase loading 2.887383 ms
liquid phase containers/connections/parcels 0.109752 ms
cell storage 89 tets 614 knots 221 geometry 0.6570 curve 0.8681 ms
cell storage 90 tets 260 knots 107 geometry 0.2482 curve 0.4131 ms
cell storage 105 tets 520 knots 183 geometry 0.6799 curve 0.6922 ms
cell storage 106 tets 274 knots 113 geometry 0.2597 curve 0.3348 ms
liquid phase solid storage 6.681492 ms
liquid phase surface step 1.519675 ms
liquid phase loading 2.618250 ms
liquid phase containers/connections/parcels 0.159105 ms
cell storage 89 tets 614 knots 220 geometry 0.5203 curve 0.9290 ms
cell storage 90 tets 275 knots 111 geometry 0.2869 curve 0.3795 ms
cell storage 105 tets 520 knots 185 geometry 0.4555 curve 0.7258 ms
cell storage 106 tets 282 knots 115 geometry 0.3174 curve 0.3659 ms
liquid phase solid storage 6.862408 ms
liquid phase surface step 1.500285 ms
liquid phase loading 2.834082 ms
liquid phase containers/connections/parcels 0.107216 ms
cell storage 89 tets 614 knots 220 geometry 0.6770 curve 0.9110 ms
cell storage 90 tets 275 knots 111 geometry 0.2086 curve 0.3733 ms
cell storage 105 tets 524 knots 184 geometry 0.4002 curve 0.7339 ms
cell storage 106 tets 298 knots 120 geometry 0.2274 curve 0.4543 ms
liquid phase solid storage 7.371571 ms
liquid phase surface step 1.322686 ms
liquid phase loading 3.028485 ms
liquid phase containers/connections/parcels 0.173802 ms
cell storage 89 tets 614 knots 220 geometry 0.8263 curve 1.3521 ms
cell storage 90 tets 275 knots 111 geometry 0.4125 curve 0.5894 ms
cell storage 105 tets 501 knots 179 geometry 0.7274 curve 1.0956 ms
cell storage 106 tets 329 knots 129 geometry 0.4345 curve 0.7245 ms
liquid phase solid storage 9.860646 ms
liquid phase surface step 1.312997 ms
liquid phase loading 3.457140 ms
liquid phase containers/connections/parcels 0.126126 ms
cell storage 89 tets 602 knots 217 geometry 0.5356 curve 0.8208 ms
cell storage 90 tets 275 knots 111 geometry 0.2146 curve 0.3312 ms
cell storage 105 tets 485 knots 174 geometry 0.3894 curve 0.6727 ms
cell storage 106 tets 352 knots 131 geometry 0.3942 curve 0.5121 ms
liquid phase solid storage 6.319892 ms
liquid phase surface step 1.182328 ms
liquid phase loading 3.224277 ms
liquid phase containers/connections/parcels 0.108484 ms
cell storage 89 tets 602 knots 217 geometry 0.4855 curve 0.8074 ms
cell storage 90 tets 287 knots 114 geometry 0.2190 curve 0.4109 ms
cell storage 105 tets 485 knots 174 geometry 0.3766 curve 0.6091 ms
cell storage 106 tets 352 knots 131 geometry 0.2653 curve 0.4451 ms
liquid phase solid storage 6.023087 ms
liquid phase surface step 1.306346 ms
liquid phase loading 3.062700 ms
liquid phase containers/connections/parcels 0.117139 ms
cell storage 89 tets 583 knots 214 geometry 0.4429 curve 0.9449 ms
cell storage 90 tets 287 knots 115 geometry 0.4283 curve 0.4144 ms
cell storage 105 tets 485 knots 173 geometry 0.3901 curve 0.6716 ms
cell storage 106 tets 352 knots 131 geometry 0.2503 curve 0.5465 ms
liquid phase solid storage 7.182689 ms
liquid phase surface step 1.400699 ms
liquid phase loading 3.030683 ms
liquid phase containers/connections/parcels 0.109903 ms
cell storage 89 tets 579 knots 214 geometry 0.5643 curve 1.1961 ms
cell storage 90 tets 283 knots 113 geometry 0.4008 curve 0.5106 ms
cell storage 105 tets 489 knots 176 geometry 0.6547 curve 1.0493 ms
cell storage 106 tets 352 knots 131 geometry 0.5077 curve 0.6520 ms
liquid phase solid storage 8.589980 ms
liquid phase surface step 1.388586 ms
liquid phase loading 2.686271 ms
liquid phase containers/connections/parcels 0.110779 ms
cell storage 89 tets 609 knots 223 geometry 0.4958 curve 1.0810 ms
cell storage 90 tets 279 knots 112 geometry 0.4279 curve 0.3658 ms
cell storage 105 tets 489 knots 175 geometry 0.3806 curve 0.6851 ms
cell storage 106 tets 352 knots 131 geometry 0.2710 curve 0.4585 ms
liquid phase solid storage 6.903666 ms
liquid phase surface step 1.167237 ms
liquid phase loading 2.294365 ms
liquid phase containers/connections/parcels 0.180179 ms
cell storage 89 tets 609 knots 225 geometry 0.5353 curve 0.8560 ms
cell storage 90 tets 279 knots 112 geometry 0.2549 curve 0.3400 ms
cell storage 105 tets 479 knots 173 geometry 0.3512 curve 0.6640 ms
cell storage 106 tets 356 knots 132 geometry 0.2490 curve 0.5992 ms
liquid phase solid storage 6.906966 ms
liquid phase surface step 1.153371 ms
liquid phase loading 2.305335 ms
liquid phase containers/connections/parcels 0.119014 ms
cell storage 89 tets 613 knots 223 geometry 0.5920 curve 0.8648 ms
cell storage 90 tets 279 knots 112 geometry 0.2481 curve 0.3636 ms
cell storage 105 tets 479 knots 172 geometry 0.3484 curve 0.8234 ms
cell storage 106 tets 356 knots 132 geometry 0.2634 curve 0.4486 ms
liquid phase solid storage 7.226805 ms
liquid phase surface step 1.236582 ms
liquid phase loading 2.469033 ms
liquid phase containers/connections/parcels 0.219030 ms
cell storage 88 tets 175 knots 84 geometry 0.1028 curve 0.2490 ms
cell storage 89 tets 609 knots 226 geometry 0.4876 curve 1.1091 ms
cell storage 90 tets 271 knots 106 geometry 0.2160 curve 0.3732 ms
cell storage 105 tets 479 knots 175 geometry 0.4410 curve 0.7628 ms
cell storage 106 tets 348 knots 130 geometry 0.3324 curve 0.4655 ms
liquid phase solid storage 7.250530 ms
liquid phase surface step 1.206600 ms
liquid phase loading 3.071783 ms
liquid phase containers/connections/parcels 0.106620 ms
cell storage 88 tets 194 knots 91 geometry 0.1353 curve 0.2379 ms
cell storage 89 tets 605 knots 226 geometry 0.5054 curve 1.0481 ms
cell storage 90 tets 271 knots 106 geometry 0.2291 curve 0.3261 ms
cell storage 105 tets 457 knots 167 geometry 0.4146 curve 0.5663 ms
cell storage 106 tets 328 knots 127 geometry 0.2519 curve 0.3857 ms
liquid phase solid storage 6.894167 ms
liquid phase surface step 1.511993 ms
liquid phase loading 2.783929 ms
liquid phase containers/connections/parcels 0.180148 ms
cell storage 88 tets 194 knots 90 geometry 0.1041 curve 0.2334 ms
cell storage 89 tets 624 knots 232 geometry 0.4626 curve 0.8214 ms
cell storage 90 tets 271 knots 106 geometry 0.2953 curve 0.3295 ms
cell storage 105 tets 483 knots 177 geometry 0.3508 curve 0.5926 ms
cell storage 106 tets 328 knots 126 geometry 0.2512 curve 0.3929 ms
liquid phase solid storage 7.134322 ms
liquid phase surface step 1.276770 ms
liquid phase loading 3.394819 ms
liquid phase containers/connections/parcels 0.180447 ms
cell storage 88 tets 194 knots 90 geometry 0.1160 curve 0.2342 ms
cell storage 89 tets 624 knots 231 geometry 0.5121 curve 0.9842 ms
cell storage 90 tets 271 knots 106 geometry 0.2090 curve 0.3631 ms
cell storage 105 tets 479 knots 177 geometry 0.4911 curve 0.8547 ms
cell storage 106 tets 320 knots 124 geometry 0.2856 curve 0.4110 ms
liquid phase solid storage 7.711796 ms
liquid phase surface step 1.278682 ms
liquid phase loading 2.626248 ms
liquid phase containers/connections/parcels 0.111452 ms
cell storage 88 tets 194 knots 90 geometry 0.1603 curve 0.3351 ms
cell storage 89 tets 624 knots 232 geometry 0.7372 curve 0.9796 ms
cell storage 90 tets 271 knots 106 geometry 0.2851 curve 0.3485 ms
cell storage 105 tets 517 knots 189 geometry 0.4224 curve 0.9854 ms
cell storage 106 tets 320 knots 123 geometry 0.2750 curve 0.4630 ms
liquid phase solid storage 7.878299 ms
liquid phase surface step 1.198748 ms
liquid phase loading 3.104776 ms
liquid phase containers/connections/parcels 0.113179 ms
cell storage 88 tets 194 knots 90 geometry 0.1050 curve 0.2394 ms
cell storage 89 tets 664 knots 243 geometry 0.4864 curve 1.3809 ms
cell storage 90 tets 283 knots 109 geometry 0.3787 curve 0.5522 ms
cell storage 105 tets 540 knots 197 geometry 0.4447 curve 0.8027 ms
cell storage 106 tets 320 knots 123 geometry 0.2422 curve 0.3895 ms
liquid phase solid storage 7.971531 ms
liquid phase surface step 1.637162 ms
liquid phase loading 2.982103 ms
liquid phase containers/connections/parcels 0.184241 ms
cell storage 88 tets 194 knots 90 geometry 0.2837 curve 0.2381 ms
cell storage 89 tets 680 knots 247 geometry 0.5095 curve 1.0572 ms
cell storage 90 tets 280 knots 108 geometry 0.1876 curve 0.3557 ms
cell storage 105 tets 552 knots 199 geometry 0.4413 curve 0.8113 ms
cell storage 106 tets 291 knots 114 geometry 0.2934 curve 0.3736 ms
liquid phase solid storage 8.570428 ms
liquid phase surface step 1.444448 ms
liquid phase loading 3.078420 ms
liquid phase containers/connections/parcels 0.240883 ms
cell storage 88 tets 194 knots 90 geometry 0.1059 curve 0.2592 ms
cell storage 89 tets 680 knots 248 geometry 0.5454 curve 1.0058 ms
cell storage 90 tets 280 knots 108 geometry 0.1948 curve 0.4043 ms
cell storage 105 tets 552 knots 202 geometry 0.3925 curve 0.9749 ms
cell storage 106 tets 291 knots 114 geometry 0.2945 curve 0.4795 ms
liquid phase solid storage 8.409999 ms
liquid phase surface step 1.358997 ms
liquid phase loading 2.677200 ms
liquid phase containers/connections/parcels 0.105724 ms
cell storage 88 tets 194 knots 90 geometry 0.1000 curve 0.3219 ms
cell storage 89 tets 680 knots 249 geometry 0.7647 curve 1.3101 ms
cell storage 90 tets 280 knots 108 geometry 0.2219 curve 0.3598 ms
cell storage 105 tets 548 knots 200 geometry 0.4593 curve 0.8663 ms
cell storage 106 tets 283 knots 111 geometry 0.2339 curve 0.3832 ms
liquid phase solid storage 8.183260 ms
liquid phase surface step 1.197212 ms
liquid phase loading 3.606081 ms
liquid phase containers/connections/parcels 0.122927 ms
cell storage 88 tets 194 knots 90 geometry 0.1007 curve 0.4399 ms
cell storage 89 tets 680 knots 248 geometry 0.4809 curve 1.1177 ms
cell storage 90 tets 280 knots 108 geometry 0.2096 curve 0.4423 ms
cell storage 105 tets 548 knots 203 geometry 0.6973 curve 0.7466 ms
cell storage 106 tets 321 knots 122 geometry 0.2211 curve 0.4195 ms
liquid phase solid storage 7.887005 ms
liquid phase surface step 1.717584 ms
liquid phase loading 3.455942 ms
liquid phase containers/connections/parcels 0.223286 ms
cell storage 88 tets 194 knots 90 geometry 0.1051 curve 0.2609 ms
cell storage 89 tets 684 knots 248 geometry 0.4818 curve 0.9107 ms
cell storage 90 tets 261 knots 103 geometry 0.1934 curve 0.3241 ms
cell storage 105 tets 552 knots 201 geometry 0.4652 curve 0.9985 ms
cell storage 106 tets 321 knots 121 geometry 0.2712 curve 0.4326 ms
liquid phase solid storage 7.846252 ms
liquid phase surface step 1.528142 ms
liquid phase loading 3.304343 ms
liquid phase containers/connections/parcels 0.166335 ms
cell storage 88 tets 209 knots 95 geometry 0.1374 curve 0.2785 ms
cell storage 89 tets 676 knots 245 geometry 0.6503 curve 0.9133 ms
cell storage 90 tets 261 knots 103 geometry 0.2185 curve 0.3087 ms
cell storage 104 tets 108 knots 54 geometry 0.0562 curve 0.1157 ms
cell storage 105 tets 548 knots 202 geometry 0.5675 curve 0.7149 ms
cell storage 106 tets 321 knots 121 geometry 0.2339 curve 0.5816 ms
liquid phase solid storage 8.272331 ms
liquid phase surface step 1.463319 ms
liquid phase loading 3.528287 ms
liquid phase containers/connections/parcels 0.109411 ms
cell storage 88 tets 209 knots 96 geometry 0.0982 curve 0.2715 ms
cell storage 89 tets 676 knots 244 geometry 0.7435 curve 1.0376 ms
cell storage 90 tets 261 knots 103 geometry 0.1781 curve 0.3614 ms
cell storage 104 tets 108 knots 55 geometry 0.0602 curve 0.1201 ms
cell storage 105 tets 544 knots 199 geometry 0.4009 curve 0.7138 ms
cell storage 106 tets 321 knots 122 geometry 0.2470 curve 0.5251 ms
liquid phase solid storage 9.084362 ms
liquid phase surface step 1.417173 ms
liquid phase loading 2.970997 ms
liquid phase containers/connections/parcels 0.105359 ms
cell storage 88 tets 209 knots 95 geometry 0.0943 curve 0.2497 ms
cell storage 89 tets 668 knots 249 geometry 0.4811 curve 1.4403 ms
cell storage 90 tets 261 knots 103 geometry 0.2273 curve 0.4709 ms
cell storage 104 tets 108 knots 55 geometry 0.0610 curve 0.1396 ms
cell storage 105 tets 540 knots 198 geometry 0.7456 curve 0.8488 ms
cell storage 106 tets 313 knots 119 geometry 0.2556 curve 0.3905 ms
liquid phase solid storage 8.671738 ms
liquid phase surface step 1.220004 ms
liquid phase loading 3.320103 ms
liquid phase containers/connections/parcels 0.164763 ms
cell storage 88 tets 209 knots 96 geometry 0.1280 curve 0.2510 ms
cell storage 89 tets 668 knots 243 geometry 0.4742 curve 0.9212 ms
cell storage 90 tets 238 knots 97 geometry 0.4294 curve 0.2969 ms
cell storage 104 tets 108 knots 55 geometry 0.0897 curve 0.1438 ms
cell storage 105 tets 544 knots 198 geometry 0.4402 curve 0.8149 ms
cell storage 106 tets 313 knots 119 geometry 0.2280 curve 0.3723 ms
liquid phase solid storage 7.583559 ms
liquid phase surface step 1.275661 ms
liquid phase loading 3.164464 ms
liquid phase containers/connections/parcels 0.128339 ms
cell storage 88 tets 209 knots 95 geometry 0.1082 curve 0.2527 ms
cell storage 89 tets 668 knots 244 geometry 0.5999 curve 1.0688 ms
cell storage 90 tets 242 knots 97 geometry 0.2308 curve 0.3125 ms
cell storage 104 tets 108 knots 54 geometry 0.0581 curve 0.1197 ms
cell storage 105 tets 544 knots 199 geometry 0.5571 curve 0.7829 ms
cell storage 106 tets 313 knots 119 geometry 0.2877 curve 0.3934 ms
liquid phase solid storage 9.012307 ms
liquid phase surface step 1.476545 ms
liquid phase loading 3.264688 ms
liquid phase containers/connections/parcels 0.113251 ms
cell storage 88 tets 209 knots 95 geometry 0.1025 curve 0.2881 ms
cell storage 89 tets 656 knots 241 geometry 0.5073 curve 0.9222 ms
cell storage 90 tets 242 knots 97 geometry 0.1717 curve 0.3936 ms
cell storage 104 tets 108 knots 54 geometry 0.0897 curve 0.2097 ms
cell storage 105 tets 544 knots 199 geometry 0.6475 curve 0.8871 ms
cell storage 106 tets 313 knots 118 geometry 0.2719 curve 0.4005 ms
liquid phase solid storage 8.398679 ms
liquid phase surface step 1.328805 ms
liquid phase loading 2.995592 ms
liquid phase containers/connections/parcels 0.192458 ms
cell storage 88 tets 209 knots 96 geometry 0.2035 curve 0.2930 ms
cell storage 89 tets 656 knots 241 geometry 0.5461 curve 1.1024 ms
cell storage 90 tets 246 knots 97 geometry 0.2087 curve 0.2914 ms
cell storage 104 tets 108 knots 54 geometry 0.0536 curve 0.1388 ms
cell storage 105 tets 544 knots 200 geometry 0.5067 curve 0.8313 ms
cell storage 106 tets 313 knots 119 geometry 0.2326 curve 0.4086 ms
liquid phase solid storage 8.544628 ms
liquid phase surface step 1.350734 ms
liquid phase loading 3.324262 ms
liquid phase containers/connections/parcels 0.127863 ms
cell storage 88 tets 209 knots 95 geometry 0.1110 curve 0.3250 ms
cell storage 89 tets 640 knots 238 geometry 0.5644 curve 1.1765 ms
cell storage 90 tets 246 knots 97 geometry 0.1840 curve 0.3189 ms
cell storage 104 tets 108 knots 54 geometry 0.0548 curve 0.1225 ms
cell storage 105 tets 544 knots 201 geometry 0.4567 curve 0.7967 ms
cell storage 106 tets 313 knots 118 geometry 0.2878 curve 0.3787 ms
liquid phase solid storage 8.794843 ms
liquid phase surface step 1.485002 ms
liquid phase loading 3.059417 ms
liquid phase containers/connections/parcels 0.110003 ms
cell storage 88 tets 209 knots 95 geometry 0.0964 curve 0.2579 ms
cell storage 89 tets 648 knots 238 geometry 0.5429 curve 1.0553 ms
cell storage 90 tets 246 knots 98 geometry 0.2964 curve 0.3633 ms
cell storage 104 tets 108 knots 54 geometry 0.0553 curve 0.1230 ms
cell storage 105 tets 540 knots 197 geometry 0.4319 curve 0.9295 ms
cell storage 106 tets 289 knots 112 geometry 0.2726 curve 0.6868 ms
liquid phase solid storage 10.888376 ms
liquid phase surface step 2.733209 ms
liquid phase loading 5.799689 ms
liquid phase containers/connections/parcels 0.198442 ms
cell storage 88 tets 217 knots 98 geometry 0.2562 curve 0.5767 ms
cell storage 89 tets 648 knots 240 geometry 1.0527 curve 1.4638 ms
cell storage 90 tets 246 knots 97 geometry 0.3362 curve 0.4621 ms
cell storage 104 tets 108 knots 54 geometry 0.1353 curve 0.2806 ms
cell storage 105 tets 563 knots 205 geometry 0.8895 curve 1.1418 ms
cell storage 106 tets 304 knots 121 geometry 0.4317 curve 0.6122 ms
liquid phase solid storage 13.400180 ms
liquid phase surface step 1.494423 ms
liquid phase loading 3.728045 ms
liquid phase containers/connections/parcels 0.106172 ms
cell storage 88 tets 217 knots 98 geometry 0.0977 curve 0.3492 ms
cell storage 89 tets 648 knots 239 geometry 0.5017 curve 0.9653 ms
cell storage 90 tets 246 knots 98 geometry 0.1701 curve 0.4580 ms
cell storage 104 tets 108 knots 55 geometry 0.0886 curve 0.2031 ms
cell storage 105 tets 563 knots 205 geometry 0.5649 curve 0.7933 ms
cell storage 106 tets 320 knots 123 geometry 0.2796 curve 0.3866 ms
liquid phase solid storage 8.981198 ms
liquid phase surface step 1.592698 ms
liquid phase loading 3.247461 ms
liquid phase containers/connections/parcels 0.125243 ms
cell storage 88 tets 217 knots 98 geometry 0.2735 curve 0.3016 ms
cell storage 89 tets 648 knots 240 geometry 0.5716 curve 0.9496 ms
cell storage 90 tets 246 knots 98 geometry 0.1941 curve 0.3260 ms
cell storage 104 tets 108 knots 54 geometry 0.0552 curve 0.1210 ms
cell storage 105 tets 563 knots 207 geometry 0.5021 curve 1.0144 ms
cell storage 106 tets 320 knots 123 geometry 0.3083 curve 0.4401 ms
liquid phase solid storage 9.255548 ms
liquid phase surface step 1.797819 ms
liquid phase loading 2.756214 ms
liquid phase containers/connections/parcels 0.136083 ms
cell storage 88 tets 217 knots 98 geometry 0.2312 curve 0.2762 ms
cell storage 89 tets 640 knots 237 geometry 0.5073 curve 0.8919 ms
cell storage 90 tets 246 knots 97 geometry 0.1701 curve 0.2945 ms
cell storage 104 tets 108 knots 54 geometry 0.0531 curve 0.1216 ms
cell storage 105 tets 575 knots 207 geometry 0.4180 curve 0.7434 ms
cell storage 106 tets 320 knots 124 geometry 0.2631 curve 0.5210 ms
liquid phase solid storage 8.378427 ms
liquid phase surface step 1.447667 ms
liquid phase loading 3.033349 ms
liquid phase containers/connections/parcels 0.107746 ms
cell storage 88 tets 217 knots 98 geometry 0.1139 curve 0.2820 ms
cell storage 89 tets 632 knots 237 geometry 0.4747 curve 1.0966 ms
cell storage 90 tets 246 knots 97 geometry 0.2252 curve 0.3238 ms
cell storage 104 tets 108 knots 54 geometry 0.0532 curve 0.1183 ms
cell storage 105 tets 575 knots 206 geometry 0.4179 curve 0.7933 ms
cell storage 106 tets 320 knots 124 geometry 0.2328 curve 0.3789 ms
liquid phase solid storage 8.833878 ms
liquid phase surface step 1.913297 ms
liquid phase loading 3.295675 ms
liquid phase containers/connections/parcels 0.111227 ms
cell storage 88 tets 217 knots 98 geometry 0.1020 curve 0.2779 ms
cell storage 89 tets 632 knots 237 geometry 0.4774 curve 0.8916 ms
cell storage 90 tets 246 knots 97 geometry 0.1858 curve 0.3331 ms
cell storage 104 tets 108 knots 54 geometry 0.0677 curve 0.1221 ms
cell storage 105 tets 575 knots 210 geometry 0.4194 curve 0.7509 ms
cell storage 106 tets 320 knots 126 geometry 0.2363 curve 0.4537 ms
liquid phase solid storage 8.707586 ms
liquid phase surface step 1.653427 ms
liquid phase loading 2.880022 ms
liquid phase containers/connections/parcels 0.120981 ms
cell storage 88 tets 217 knots 99 geometry 0.0979 curve 0.2869 ms
cell storage 89 tets 687 knots 247 geometry 0.5230 curve 0.9516 ms
cell storage 90 tets 409 knots 140 geometry 0.2850 curve 0.4889 ms
cell storage 104 tets 108 knots 55 geometry 0.0621 curve 0.1220 ms
cell storage 105 tets 562 knots 200 geometry 0.4175 curve 0.9041 ms
cell storage 106 tets 361 knots 135 geometry 0.4940 curve 0.6578 ms
liquid phase solid storage 9.134390 ms
liquid phase surface step 1.503415 ms
liquid phase loading 2.718767 ms
liquid phase containers/connections/parcels 0.115578 ms
cell storage 88 tets 217 knots 98 geometry 0.1554 curve 0.3783 ms
cell storage 89 tets 691 knots 250 geometry 0.9577 curve 0.9498 ms
cell storage 90 tets 397 knots 136 geometry 0.3426 curve 0.5055 ms
cell storage 104 tets 108 knots 54 geometry 0.0627 curve 0.1190 ms
cell storage 105 tets 566 knots 204 geometry 0.4234 curve 0.8756 ms
cell storage 106 tets 361 knots 134 geometry 0.2797 curve 0.4997 ms
liquid phase solid storage 9.860647 ms
liquid phase surface step 1.544580 ms
liquid phase loading 3.302980 ms
liquid phase containers/connections/parcels 0.110884 ms
cell storage 88 tets 217 knots 98 geometry 0.2287 curve 0.3239 ms
cell storage 89 tets 691 knots 251 geometry 0.5406 curve 0.9460 ms
cell storage 90 tets 397 knots 135 geometry 0.2846 curve 0.4898 ms
cell storage 104 tets 108 knots 54 geometry 0.0645 curve 0.1523 ms
cell storage 105 tets 566 knots 201 geometry 0.5095 curve 0.8166 ms
cell storage 106 tets 361 knots 134 geometry 0.2764 curve 0.5268 ms
liquid phase solid storage 9.544590 ms
liquid phase surface step 1.584651 ms
liquid phase loading 2.953668 ms
liquid phase containers/connections/parcels 0.112084 ms
cell storage 88 tets 217 knots 99 geometry 0.1081 curve 0.3056 ms
cell storage 89 tets 687 knots 249 geometry 0.6395 curve 1.2320 ms
cell storage 90 tets 397 knots 136 geometry 0.3306 curve 0.4863 ms
cell storage 104 tets 108 knots 55 geometry 0.0647 curve 0.1218 ms
cell storage 105 tets 578 knots 206 geometry 0.4480 curve 0.7911 ms
cell storage 106 tets 361 knots 136 geometry 0.3332 curve 0.6856 ms
liquid phase solid storage 10.157012 ms
liquid phase surface step 1.572721 ms
liquid phase loading 3.341192 ms
liquid phase containers/connections/parcels 0.115167 ms
cell storage 88 tets 217 knots 98 geometry 0.1019 curve 0.2681 ms
cell storage 89 tets 663 knots 243 geometry 0.5107 curve 0.8888 ms
cell storage 90 tets 374 knots 130 geometry 0.2971 curve 0.4583 ms
cell storage 104 tets 108 knots 54 geometry 0.0653 curve 0.1221 ms
cell storage 105 tets 570 knots 205 geometry 0.4171 curve 0.7690 ms
cell storage 106 tets 361 knots 136 geometry 0.2848 curve 0.7383 ms
liquid phase solid storage 9.222920 ms
liquid phase surface step 1.556202 ms
liquid phase loading 3.121030 ms
liquid phase containers/connections/parcels 0.124608 ms
cell storage 88 tets 217 knots 98 geometry 0.0977 curve 0.2896 ms
cell storage 89 tets 659 knots 242 geometry 0.6506 curve 1.4549 ms
cell storage 90 tets 374 knots 132 geometry 0.3567 curve 0.5030 ms
cell storage 104 tets 108 knots 54 geometry 0.0638 curve 0.1309 ms
cell storage 105 tets 566 knots 204 geometry 0.4528 curve 0.8450 ms
cell storage 106 tets 376 knots 137 geometry 0.2886 curve 0.5346 ms
liquid phase solid storage 9.544967 ms
liquid phase surface step 1.640655 ms
liquid phase loading 3.796161 ms
liquid phase containers/connections/parcels 0.113935 ms
cell storage 88 tets 217 knots 99 geometry 0.1033 curve 0.2773 ms
cell storage 89 tets 676 knots 243 geometry 0.5247 curve 1.4184 ms
cell storage 90 tets 386 knots 133 geometry 0.5232 curve 0.7114 ms
cell storage 104 tets 108 knots 54 geometry 0.1220 curve 0.1933 ms
cell storage 105 tets 562 knots 206 geometry 0.8131 curve 1.2500 ms
cell storage 106 tets 380 knots 140 geometry 0.4963 curve 0.4890 ms
liquid phase solid storage 11.220404 ms
liquid phase surface step 1.995089 ms
liquid phase loading 2.802615 ms
liquid phase containers/connections/parcels 0.229365 ms
cell storage 88 tets 217 knots 98 geometry 0.1511 curve 0.2812 ms
cell storage 89 tets 672 knots 246 geometry 0.5637 curve 0.9831 ms
cell storage 90 tets 386 knots 132 geometry 0.3136 curve 0.5206 ms
cell storage 104 tets 104 knots 53 geometry 0.0640 curve 0.1139 ms
cell storage 105 tets 576 knots 210 geometry 0.5611 curve 0.7633 ms
cell storage 106 tets 388 knots 140 geometry 0.2931 curve 0.4730 ms
liquid phase solid storage 9.374792 ms
liquid phase surface step 1.585091 ms
liquid phase loading 2.799890 ms
liquid phase containers/connections/parcels 0.118813 ms
cell storage 88 tets 217 knots 98 geometry 0.1153 curve 0.2675 ms
cell storage 89 tets 664 knots 246 geometry 0.5313 curve 1.1960 ms
cell storage 90 tets 386 knots 132 geometry 0.2850 curve 0.4933 ms
cell storage 104 tets 104 knots 53 geometry 0.0687 curve 0.1212 ms
cell storage 105 tets 576 knots 210 geometry 0.4679 curve 0.8643 ms
cell storage 106 tets 388 knots 143 geometry 0.3696 curve 0.4753 ms
liquid phase solid storage 9.305840 ms
liquid phase surface step 1.502638 ms
liquid phase loading 3.235136 ms
liquid phase containers/connections/parcels 0.148876 ms
cell storage 88 tets 217 knots 98 geometry 0.1256 curve 0.3650 ms
cell storage 89 tets 656 knots 244 geometry 0.5501 curve 1.0272 ms
cell storage 90 tets 386 knots 132 geometry 0.3797 curve 0.6688 ms
cell storage 104 tets 104 knots 53 geometry 0.0948 curve 0.1226 ms
cell storage 105 tets 556 knots 205 geometry 0.4559 curve 0.7833 ms
cell storage 106 tets 404 knots 145 geometry 0.3827 curve 0.6433 ms
liquid phase solid storage 11.861481 ms
liquid phase surface step 1.719656 ms
liquid phase loading 3.325257 ms
liquid phase containers/connections/parcels 0.110150 ms
cell storage 88 tets 217 knots 98 geometry 0.1358 curve 0.2707 ms
cell storage 89 tets 656 knots 244 geometry 0.5670 curve 1.0867 ms
cell storage 90 tets 386 knots 132 geometry 0.4679 curve 0.7178 ms
cell storage 104 tets 104 knots 53 geometry 0.1190 curve 0.1777 ms
cell storage 105 tets 560 knots 208 geometry 0.4591 curve 0.8171 ms
cell storage 106 tets 404 knots 145 geometry 0.2822 curve 0.5511 ms
liquid phase solid storage 9.821810 ms
liquid phase surface step 1.402217 ms
liquid phase loading 3.641447 ms
liquid phase containers/connections/parcels 0.110098 ms
cell storage 88 tets 217 knots 98 geometry 0.1345 curve 0.2773 ms
cell storage 89 tets 664 knots 250 geometry 0.6026 curve 0.9881 ms
cell storage 90 tets 394 knots 138 geometry 0.3319 curve 0.6778 ms
cell storage 104 tets 104 knots 53 geometry 0.2059 curve 0.1260 ms
cell storage 105 tets 560 knots 206 geometry 0.4320 curve 0.8027 ms
cell storage 106 tets 408 knots 144 geometry 0.3101 curve 0.5772 ms
liquid phase solid storage 10.868294 ms
liquid phase surface step 1.576276 ms
liquid phase loading 2.943628 ms
liquid phase containers/connections/parcels 0.121099 ms
cell storage 88 tets 217 knots 98 geometry 0.1198 curve 0.3258 ms
cell storage 89 tets 660 knots 246 geometry 0.5001 curve 0.9365 ms
cell storage 90 tets 402 knots 142 geometry 0.5091 curve 0.8855 ms
cell storage 104 tets 104 knots 53 geometry 0.1466 curve 0.1796 ms
cell storage 105 tets 560 knots 206 geometry 0.8081 curve 1.0018 ms
cell storage 106 tets 408 knots 145 geometry 0.2805 curve 0.6334 ms
liquid phase solid storage 11.422125 ms
liquid phase surface step 2.550931 ms
liquid phase loading 3.559762 ms
liquid phase containers/connections/parcels 0.107844 ms
cell storage 88 tets 217 knots 98 geometry 0.1274 curve 0.3012 ms
cell storage 89 tets 656 knots 245 geometry 0.5289 curve 0.9028 ms
cell storage 90 tets 410 knots 143 geometry 0.2825 curve 0.5515 ms
cell storage 104 tets 104 knots 54 geometry 0.0696 curve 0.1137 ms
cell storage 105 tets 548 knots 200 geometry 0.4460 curve 0.7919 ms
cell storage 106 tets 412 knots 145 geometry 0.4951 curve 0.5467 ms
liquid phase solid storage 9.200507 ms
liquid phase surface step 1.634109 ms
liquid phase loading 3.017986 ms
liquid phase containers/connections/parcels 0.115706 ms
cell storage 88 tets 217 knots 99 geometry 0.1222 curve 0.2719 ms
cell storage 89 tets 644 knots 244 geometry 0.6453 curve 0.9797 ms
cell storage 90 tets 410 knots 142 geometry 0.3446 curve 0.5468 ms
cell storage 104 tets 104 knots 53 geometry 0.1098 curve 0.1247 ms
cell storage 105 tets 544 knots 201 geometry 0.4497 curve 0.8243 ms
cell storage 106 tets 412 knots 145 geometry 0.2917 curve 0.5374 ms
liquid phase solid storage 9.913939 ms
liquid phase surface step 1.729956 ms
liquid phase loading 3.232851 ms
liquid phase containers/connections/parcels 0.158227 ms
cell storage 88 tets 217 knots 99 geometry 0.1145 curve 0.2626 ms
cell storage 89 tets 644 knots 243 geometry 0.6452 curve 0.8684 ms
cell storage 90 tets 410 knots 145 geometry 0.2852 curve 0.5429 ms
cell storage 104 tets 104 knots 54 geometry 0.0928 curve 0.1243 ms
cell storage 105 tets 560 knots 207 geometry 0.4141 curve 0.7406 ms
cell storage 106 tets 405 knots 146 geometry 0.3190 curve 0.6852 ms
liquid phase solid storage 9.494997 ms
liquid phase surface step 1.634389 ms
liquid phase loading 4.876038 ms
liquid phase containers/connections/parcels 0.214535 ms
cell storage 88 tets 221 knots 99 geometry 0.1421 curve 0.3121 ms
cell storage 89 tets 636 knots 239 geometry 0.5355 curve 0.8985 ms
cell storage 90 tets 414 knots 145 geometry 0.3048 curve 0.5184 ms
cell storage 104 tets 104 knots 53 geometry 0.0722 curve 0.1164 ms
cell storage 105 tets 572 knots 209 geometry 0.4354 curve 0.8973 ms
cell storage 106 tets 417 knots 147 geometry 0.6071 curve 0.5376 ms
liquid phase solid storage 10.031112 ms
liquid phase surface step 1.608467 ms
liquid phase loading 3.392825 ms
liquid phase containers/connections/parcels 0.110682 ms
cell storage 88 tets 221 knots 99 geometry 0.1192 curve 0.2748 ms
cell storage 89 tets 632 knots 235 geometry 0.5016 curve 0.8446 ms
cell storage 90 tets 434 knots 155 geometry 0.3066 curve 0.5399 ms
cell storage 104 tets 104 knots 53 geometry 0.0725 curve 0.1393 ms
cell storage 105 tets 584 knots 210 geometry 0.6199 curve 0.8556 ms
cell storage 106 tets 417 knots 147 geometry 0.3430 curve 0.5251 ms
liquid phase solid storage 9.133035 ms
liquid phase surface step 1.483998 ms
liquid phase loading 3.235010 ms
liquid phase containers/connections/parcels 0.144264 ms
cell storage 88 tets 221 knots 99 geometry 0.1208 curve 0.3198 ms
cell storage 89 tets 624 knots 235 geometry 0.4969 curve 0.9247 ms
cell storage 90 tets 434 knots 152 geometry 0.3306 curve 0.6403 ms
cell storage 104 tets 104 knots 54 geometry 0.0735 curve 0.1250 ms
cell storage 105 tets 584 knots 210 geometry 0.4674 curve 0.8170 ms
cell storage 106 tets 421 knots 145 geometry 0.5792 curve 0.7792 ms
liquid phase solid storage 9.660602 ms
liquid phase surface step 1.922120 ms
liquid phase loading 5.282283 ms
liquid phase containers/connections/parcels 0.198310 ms
cell storage 88 tets 217 knots 98 geometry 0.1314 curve 0.2988 ms
cell storage 89 tets 616 knots 232 geometry 0.5566 curve 1.3105 ms
cell storage 90 tets 434 knots 151 geometry 0.5402 curve 0.6372 ms
cell storage 104 tets 104 knots 53 geometry 0.0744 curve 0.1473 ms
cell storage 105 tets 584 knots 209 geometry 0.4468 curve 0.8057 ms
cell storage 106 tets 401 knots 142 geometry 0.2789 curve 0.5252 ms
liquid phase solid storage 9.557459 ms
liquid phase surface step 1.419667 ms
liquid phase loading 4.219452 ms
liquid phase containers/connections/parcels 0.206224 ms
cell storage 88 tets 217 knots 98 geometry 0.1277 curve 0.2976 ms
cell storage 89 tets 624 knots 232 geometry 0.5547 curve 0.8738 ms
cell storage 90 tets 434 knots 151 geometry 0.3270 curve 0.6315 ms
cell storage 104 tets 104 knots 53 geometry 0.0697 curve 0.1310 ms
cell storage 105 tets 599 knots 213 geometry 0.5384 curve 0.8379 ms
cell storage 106 tets 401 knots 143 geometry 0.2935 curve 0.5018 ms
liquid phase solid storage 8.804457 ms
liquid phase surface step 1.727873 ms
liquid phase loading 3.365684 ms
liquid phase containers/connections/parcels 0.110754 ms
cell storage 88 tets 217 knots 98 geometry 0.1308 curve 0.2719 ms
cell storage 89 tets 624 knots 230 geometry 0.5842 curve 0.8850 ms
cell storage 90 tets 442 knots 155 geometry 0.3046 curve 0.5499 ms
cell storage 104 tets 104 knots 53 geometry 0.0726 curve 0.1135 ms
cell storage 105 tets 599 knots 213 geometry 0.4610 curve 1.2458 ms
cell storage 106 tets 389 knots 138 geometry 0.4755 curve 0.5117 ms
liquid phase solid storage 9.037379 ms
liquid phase surface step 1.291254 ms
liquid phase loading 3.481113 ms
liquid phase containers/connections/parcels 0.107230 ms
cell storage 88 tets 217 knots 98 geometry 0.1529 curve 0.4081 ms
cell storage 89 tets 628 knots 232 geometry 0.8127 curve 1.2849 ms
cell storage 90 tets 442 knots 155 geometry 0.5510 curve 0.7436 ms
cell storage 104 tets 104 knots 53 geometry 0.0759 curve 0.1259 ms
cell storage 105 tets 599 knots 212 geometry 0.4741 curve 0.8412 ms
cell storage 106 tets 389 knots 138 geometry 0.3119 curve 0.4787 ms
liquid phase solid storage 9.521126 ms
liquid phase surface step 1.679344 ms
liquid phase loading 3.480574 ms
liquid phase containers/connections/parcels 0.110005 ms
cell storage 88 tets 217 knots 98 geometry 0.1329 curve 0.3154 ms
cell storage 89 tets 628 knots 230 geometry 0.5190 curve 0.8401 ms
cell storage 90 tets 426 knots 153 geometry 0.2945 curve 0.5335 ms
cell storage 104 tets 104 knots 53 geometry 0.0705 curve 0.1126 ms
cell storage 105 tets 599 knots 213 geometry 0.4449 curve 0.8776 ms
cell storage 106 tets 389 knots 138 geometry 0.4371 curve 0.6933 ms
liquid phase solid storage 8.722508 ms
liquid phase surface step 1.218571 ms
liquid phase loading 3.303099 ms
liquid phase containers/connections/parcels 0.107747 ms
cell storage 88 tets 217 knots 98 geometry 0.1451 curve 0.2715 ms
cell storage 89 tets 628 knots 231 geometry 0.6430 curve 0.8840 ms
cell storage 90 tets 422 knots 151 geometry 0.3308 curve 0.5367 ms
cell storage 104 tets 104 knots 53 geometry 0.0803 curve 0.1483 ms
cell storage 105 tets 599 knots 214 geometry 0.4389 curve 0.8604 ms
cell storage 106 tets 362 knots 132 geometry 0.2534 curve 0.4920 ms
liquid phase solid storage 8.785080 ms
liquid phase surface step 1.549012 ms
liquid phase loading 3.466236 ms
liquid phase containers/connections/parcels 0.109370 ms
cell storage 88 tets 217 knots 99 geometry 0.1325 curve 0.2716 ms
cell storage 89 tets 628 knots 231 geometry 0.5759 curve 0.8847 ms
cell storage 90 tets 422 knots 151 geometry 0.3288 curve 0.5898 ms
cell storage 104 tets 104 knots 54 geometry 0.0728 curve 0.1148 ms
cell storage 105 tets 603 knots 212 geometry 0.4464 curve 0.8073 ms
cell storage 106 tets 350 knots 130 geometry 0.2567 curve 0.4594 ms
liquid phase solid storage 8.584840 ms
liquid phase surface step 1.526866 ms
liquid phase loading 3.501930 ms
liquid phase containers/connections/parcels 0.153330 ms
cell storage 88 tets 217 knots 98 geometry 0.1463 curve 0.2718 ms
cell storage 89 tets 628 knots 237 geometry 0.5358 curve 0.8699 ms
cell storage 90 tets 426 knots 153 geometry 0.3531 curve 0.6548 ms
cell storage 104 tets 104 knots 53 geometry 0.0836 curve 0.1153 ms
cell storage 105 tets 603 knots 215 geometry 0.4948 curve 0.9185 ms
cell storage 106 tets 335 knots 124 geometry 0.2682 curve 0.4213 ms
liquid phase solid storage 8.453297 ms
liquid phase surface step 1.563542 ms
liquid phase loading 3.888227 ms
liquid phase containers/connections/parcels 0.109457 ms
cell storage 88 tets 217 knots 98 geometry 0.1332 curve 0.2712 ms
cell storage 89 tets 648 knots 237 geometry 0.5994 curve 0.9030 ms
cell storage 90 tets 426 knots 153 geometry 0.3045 curve 0.6896 ms
cell storage 104 tets 104 knots 54 geometry 0.0816 curve 0.1210 ms
cell storage 105 tets 623 knots 219 geometry 0.5688 curve 0.9471 ms
cell storage 106 tets 335 knots 123 geometry 0.2491 curve 0.4083 ms
liquid phase solid storage 8.237914 ms
liquid phase surface step 1.385472 ms
liquid phase loading 3.804478 ms
liquid phase containers/connections/parcels 0.131917 ms
cell storage 88 tets 217 knots 98 geometry 0.1383 curve 0.3012 ms
cell storage 89 tets 640 knots 241 geometry 0.5870 curve 0.8607 ms
cell storage 90 tets 458 knots 162 geometry 0.3822 curve 0.6240 ms
cell storage 104 tets 104 knots 54 geometry 0.0939 curve 0.1254 ms
cell storage 105 tets 635 knots 223 geometry 0.4730 curve 0.8510 ms
cell storage 106 tets 335 knots 126 geometry 0.2428 curve 0.6203 ms
liquid phase solid storage 9.041266 ms
liquid phase surface step 1.271292 ms
liquid phase loading 3.560341 ms
liquid phase containers/connections/parcels 0.106675 ms
cell storage 88 tets 217 knots 98 geometry 0.1318 curve 0.2708 ms
cell storage 89 tets 640 knots 237 geometry 0.5956 curve 1.1603 ms
cell storage 90 tets 462 knots 162 geometry 0.3231 curve 0.6629 ms
cell storage 104 tets 104 knots 53 geometry 0.0734 curve 0.1148 ms
cell storage 105 tets 643 knots 228 geometry 0.5435 curve 0.9294 ms
cell storage 106 tets 335 knots 125 geometry 0.2532 curve 0.4179 ms
liquid phase solid storage 8.826737 ms
liquid phase surface step 1.241648 ms
liquid phase loading 3.864568 ms
liquid phase containers/connections/parcels 0.126986 ms
cell storage 88 tets 217 knots 98 geometry 0.1400 curve 0.3227 ms
cell storage 89 tets 640 knots 237 geometry 0.5280 curve 0.9798 ms
cell storage 90 tets 462 knots 162 geometry 0.3324 curve 0.6328 ms
cell storage 104 tets 104 knots 53 geometry 0.0706 curve 0.1222 ms
cell storage 105 tets 643 knots 227 geometry 0.5163 curve 0.8728 ms
cell storage 106 tets 335 knots 124 geometry 0.2508 curve 0.4056 ms
liquid phase solid storage 8.771404 ms
liquid phase surface step 1.362267 ms
liquid phase loading 3.606558 ms
liquid phase containers/connections/parcels 0.131404 ms
cell storage 88 tets 202 knots 93 geometry 0.1210 curve 0.3234 ms
cell storage 89 tets 648 knots 236 geometry 0.4888 curve 0.8625 ms
cell storage 90 tets 462 knots 163 geometry 0.3075 curve 0.8339 ms
cell storage 105 tets 643 knots 227 geometry 0.5900 curve 0.9020 ms
cell storage 106 tets 335 knots 125 geometry 0.2487 curve 0.4337 ms
liquid phase solid storage 8.256814 ms
liquid phase surface step 1.234024 ms
liquid phase loading 3.339582 ms
liquid phase containers/connections/parcels 0.195053 ms
cell storage 88 tets 202 knots 93 geometry 0.1231 curve 0.3835 ms
cell storage 89 tets 648 knots 239 geometry 0.6631 curve 0.8831 ms
cell storage 90 tets 478 knots 164 geometry 0.3578 curve 0.6391 ms
cell storage 105 tets 632 knots 223 geometry 0.4741 curve 1.0667 ms
cell storage 106 tets 335 knots 123 geometry 0.2835 curve 0.4128 ms
liquid phase solid storage 8.492883 ms
liquid phase surface step 1.355227 ms
liquid phase loading 3.845479 ms
liquid phase containers/connections/parcels 0.106262 ms
cell storage 88 tets 202 knots 93 geometry 0.1318 curve 0.2981 ms
cell storage 89 tets 656 knots 240 geometry 0.5622 curve 0.9335 ms
cell storage 90 tets 478 knots 165 geometry 0.3863 curve 0.8042 ms
cell storage 105 tets 628 knots 225 geometry 0.4873 curve 0.8739 ms
cell storage 106 tets 335 knots 123 geometry 0.3210 curve 0.5997 ms
liquid phase solid storage 8.741294 ms
liquid phase surface step 1.276384 ms
liquid phase loading 3.488639 ms
liquid phase containers/connections/parcels 0.106659 ms
cell storage 88 tets 202 knots 93 geometry 0.1328 curve 0.2509 ms
cell storage 89 tets 656 knots 239 geometry 0.5092 curve 1.2306 ms
cell storage 90 tets 478 knots 164 geometry 0.3594 curve 0.6621 ms
cell storage 105 tets 672 knots 233 geometry 0.4798 curve 1.0633 ms
cell storage 106 tets 335 knots 125 geometry 0.3437 curve 0.4024 ms
liquid phase solid storage 8.458232 ms
liquid phase surface step 1.240968 ms
liquid phase loading 3.625746 ms
liquid phase containers/connections/parcels 0.106680 ms
cell storage 88 tets 202 knots 93 geometry 0.1175 curve 0.2556 ms
cell storage 89 tets 656 knots 241 geometry 0.5747 curve 1.1264 ms
cell storage 90 tets 478 knots 164 geometry 0.4043 curve 0.7467 ms
cell storage 105 tets 668 knots 230 geometry 0.4879 curve 0.9008 ms
cell storage 106 tets 335 knots 123 geometry 0.2693 curve 0.4490 ms
liquid phase solid storage 8.432846 ms
liquid phase surface step 1.479895 ms
liquid phase loading 3.667186 ms
liquid phase containers/connections/parcels 0.113532 ms
cell storage 88 tets 202 knots 93 geometry 0.1840 curve 0.2860 ms
cell storage 89 tets 656 knots 241 geometry 0.8218 curve 0.9622 ms
cell storage 90 tets 478 knots 166 geometry 0.7056 curve 0.6533 ms
cell storage 105 tets 648 knots 227 geometry 0.5368 curve 0.9092 ms
cell storage 106 tets 335 knots 124 geometry 0.2612 curve 0.4570 ms
liquid phase solid storage 9.181188 ms
liquid phase surface step 1.326976 ms
liquid phase loading 3.936960 ms
liquid phase containers/connections/parcels 0.110940 ms
cell storage 88 tets 202 knots 93 geometry 0.1214 curve 0.2804 ms
cell storage 89 tets 656 knots 241 geometry 0.5656 curve 1.0929 ms
cell storage 90 tets 463 knots 165 geometry 0.3644 curve 0.6523 ms
cell storage 105 tets 578 knots 211 geometry 0.4395 curve 0.8623 ms
cell storage 106 tets 259 knots 106 geometry 0.2382 curve 0.3200 ms
liquid phase solid storage 8.197841 ms
liquid phase surface step 1.216847 ms
liquid phase loading 3.522627 ms
liquid phase containers/connections/parcels 0.162728 ms
cell storage 88 tets 202 knots 93 geometry 0.1146 curve 0.2482 ms
cell storage 89 tets 635 knots 237 geometry 0.5318 curve 0.9004 ms
cell storage 90 tets 422 knots 155 geometry 0.3441 curve 0.7260 ms
cell storage 105 tets 510 knots 192 geometry 0.3722 curve 0.7176 ms
cell storage 106 tets 210 knots 89 geometry 0.2326 curve 0.2676 ms
liquid phase solid storage 7.098049 ms
liquid phase surface step 1.198500 ms
liquid phase loading 3.499996 ms
liquid phase containers/connections/parcels 0.143145 ms
cell storage 88 tets 202 knots 93 geometry 0.2831 curve 0.4129 ms
cell storage 89 tets 635 knots 238 geometry 0.9802 curve 1.4411 ms
cell storage 90 tets 422 knots 155 geometry 0.5804 curve 0.9747 ms
cell storage 105 tets 517 knots 192 geometry 0.7381 curve 1.1659 ms
cell storage 106 tets 210 knots 89 geometry 0.3068 curve 0.4078 ms
liquid phase solid storage 11.747336 ms
liquid phase surface step 1.215921 ms
liquid phase loading 3.366391 ms
liquid phase containers/connections/parcels 0.109702 ms
cell storage 88 tets 202 knots 93 geometry 0.1176 curve 0.2473 ms
cell storage 89 tets 624 knots 236 geometry 0.5586 curve 0.8782 ms
cell storage 90 tets 426 knots 155 geometry 0.3036 curve 0.6145 ms
cell storage 105 tets 561 knots 202 geometry 0.4678 curve 0.8335 ms
cell storage 106 tets 214 knots 90 geometry 0.1721 curve 0.2758 ms
liquid phase solid storage 7.547339 ms
liquid phase surface step 1.333852 ms
liquid phase loading 3.396836 ms
liquid phase containers/connections/parcels 0.106564 ms
cell storage 88 tets 202 knots 93 geometry 0.1665 curve 0.3130 ms
cell storage 89 tets 624 knots 237 geometry 0.5457 curve 0.9582 ms
cell storage 90 tets 426 knots 154 geometry 0.6592 curve 0.5746 ms
cell storage 105 tets 569 knots 204 geometry 0.3879 curve 0.8067 ms
cell storage 106 tets 214 knots 90 geometry 0.1487 curve 0.2819 ms
liquid phase solid storage 8.041891 ms
liquid phase surface step 1.262525 ms
liquid phase loading 3.167948 ms
liquid phase containers/connections/parcels 0.156688 ms
cell storage 88 tets 202 knots 93 geometry 0.1289 curve 0.2540 ms
cell storage 89 tets 624 knots 236 geometry 0.4881 curve 0.8234 ms
cell storage 90 tets 426 knots 153 geometry 0.3030 curve 0.5574 ms
cell storage 105 tets 638 knots 222 geometry 0.6557 curve 0.9128 ms
cell storage 106 tets 214 knots 89 geometry 0.1766 curve 0.2543 ms
liquid phase solid storage 7.279182 ms
liquid phase surface step 1.418954 ms
liquid phase loading 3.319848 ms
liquid phase containers/connections/parcels 0.106481 ms
cell storage 88 tets 202 knots 93 geometry 0.1132 curve 0.2482 ms
cell storage 89 tets 624 knots 236 geometry 0.6744 curve 0.8758 ms
cell storage 90 tets 426 knots 153 geometry 0.3043 curve 0.5409 ms
cell storage 105 tets 638 knots 222 geometry 0.5198 curve 0.8883 ms
cell storage 106 tets 214 knots 89 geometry 0.1471 curve 0.2423 ms
liquid phase solid storage 7.368925 ms
liquid phase surface step 1.575073 ms
liquid phase loading 3.503781 ms
liquid phase containers/connections/parcels 0.147924 ms
cell storage 88 tets 202 knots 93 geometry 0.1498 curve 0.2625 ms
cell storage 89 tets 590 knots 228 geometry 0.5495 curve 0.8497 ms
cell storage 90 tets 449 knots 161 geometry 0.3836 curve 0.5627 ms
cell storage 105 tets 646 knots 225 geometry 0.4525 curve 0.9043 ms
cell storage 106 tets 214 knots 89 geometry 0.1480 curve 0.2444 ms
liquid phase solid storage 7.210692 ms
liquid phase surface step 1.242281 ms
liquid phase loading 3.582292 ms
liquid phase containers/connections/parcels 0.119796 ms
cell storage 88 tets 202 knots 93 geometry 0.1245 curve 0.2823 ms
cell storage 89 tets 574 knots 221 geometry 0.4907 curve 0.8354 ms
cell storage 90 tets 441 knots 160 geometry 0.2854 curve 0.5675 ms
cell storage 105 tets 642 knots 226 geometry 0.6353 curve 1.0659 ms
cell storage 106 tets 218 knots 89 geometry 0.1914 curve 0.2535 ms
liquid phase solid storage 7.504464 ms
liquid phase surface step 1.641023 ms
liquid phase loading 3.199341 ms
liquid phase containers/connections/parcels 0.108204 ms
cell storage 88 tets 202 knots 94 geometry 0.1131 curve 0.2474 ms
cell storage 89 tets 582 knots 224 geometry 0.5842 curve 0.7702 ms
cell storage 90 tets 441 knots 160 geometry 0.2896 curve 0.6046 ms
cell storage 105 tets 654 knots 225 geometry 0.4575 curve 0.9162 ms
cell storage 106 tets 218 knots 89 geometry 0.1762 curve 0.3028 ms
liquid phase solid storage 7.187418 ms
liquid phase surface step 1.218908 ms
liquid phase loading 3.340873 ms
liquid phase containers/connections/parcels 0.106500 ms
cell storage 88 tets 202 knots 93 geometry 0.1088 curve 0.2516 ms
cell storage 89 tets 582 knots 225 geometry 0.5004 curve 0.7993 ms
cell storage 90 tets 403 knots 151 geometry 0.3176 curve 0.5795 ms
cell storage 105 tets 658 knots 225 geometry 0.5499 curve 0.9341 ms
cell storage 106 tets 218 knots 89 geometry 0.1500 curve 0.2735 ms
liquid phase solid storage 6.992601 ms
liquid phase surface step 1.156993 ms
liquid phase loading 3.757516 ms
liquid phase containers/connections/parcels 0.179615 ms
cell storage 88 tets 206 knots 93 geometry 0.1265 curve 0.2799 ms
cell storage 89 tets 590 knots 227 geometry 0.5484 curve 0.8345 ms
cell storage 90 tets 403 knots 150 geometry 0.3292 curve 0.5424 ms
cell storage 105 tets 658 knots 223 geometry 0.5033 curve 0.9140 ms
cell storage 106 tets 218 knots 89 geometry 0.1500 curve 0.2469 ms
liquid phase solid storage 7.197631 ms
liquid phase surface step 1.322254 ms
liquid phase loading 3.744763 ms
liquid phase containers/connections/parcels 0.109784 ms
cell storage 88 tets 206 knots 93 geometry 0.1165 curve 0.2779 ms
cell storage 89 tets 590 knots 231 geometry 0.4705 curve 0.8659 ms
cell storage 90 tets 407 knots 151 geometry 0.2599 curve 0.5328 ms
cell storage 105 tets 658 knots 225 geometry 0.5553 curve 0.9999 ms
cell storage 106 tets 218 knots 89 geometry 0.1961 curve 0.2562 ms
liquid phase solid storage 6.922570 ms
liquid phase surface step 1.826586 ms
liquid phase loading 3.261955 ms
liquid phase containers/connections/parcels 0.107603 ms
cell storage 88 tets 206 knots 94 geometry 0.1108 curve 0.2466 ms
cell storage 89 tets 598 knots 227 geometry 0.5495 curve 0.8653 ms
cell storage 90 tets 439 knots 162 geometry 0.3033 curve 0.5430 ms
cell storage 105 tets 613 knots 217 geometry 0.4311 curve 0.8044 ms
cell storage 106 tets 218 knots 89 geometry 0.1532 curve 0.3490 ms
liquid phase solid storage 7.539159 ms
liquid phase surface step 1.227825 ms
liquid phase loading 3.376302 ms
liquid phase containers/connections/parcels 0.110119 ms
cell storage 88 tets 210 knots 94 geometry 0.1199 curve 0.2805 ms
cell storage 89 tets 610 knots 231 geometry 0.4964 curve 0.8870 ms
cell storage 90 tets 443 knots 161 geometry 0.4653 curve 0.6985 ms
cell storage 105 tets 593 knots 215 geometry 0.4690 curve 0.8667 ms
cell storage 106 tets 218 knots 91 geometry 0.1690 curve 0.2831 ms
liquid phase solid storage 7.437381 ms
liquid phase surface step 1.166887 ms
liquid phase loading 3.239937 ms
liquid phase containers/connections/parcels 0.142805 ms
cell storage 88 tets 210 knots 95 geometry 0.1426 curve 0.2822 ms
cell storage 89 tets 610 knots 234 geometry 0.5796 curve 0.8866 ms
cell storage 90 tets 435 knots 159 geometry 0.4542 curve 0.6904 ms
cell storage 105 tets 574 knots 203 geometry 0.4657 curve 1.0119 ms
cell storage 106 tets 218 knots 89 geometry 0.1862 curve 0.3159 ms
liquid phase solid storage 8.465769 ms
liquid phase surface step 1.294878 ms
liquid phase loading 3.589394 ms
liquid phase containers/connections/parcels 0.107164 ms
cell storage 88 tets 210 knots 95 geometry 0.2296 curve 0.4652 ms
cell storage 89 tets 610 knots 231 geometry 0.4652 curve 0.8354 ms
cell storage 90 tets 435 knots 160 geometry 0.3203 curve 0.5698 ms
cell storage 105 tets 562 knots 202 geometry 0.4307 curve 0.7749 ms
cell storage 106 tets 222 knots 91 geometry 0.1746 curve 0.2508 ms
liquid phase solid storage 7.151019 ms
liquid phase surface step 1.351961 ms
liquid phase loading 3.686639 ms
liquid phase containers/connections/parcels 0.129855 ms
cell storage 88 tets 210 knots 94 geometry 0.1189 curve 0.2494 ms
cell storage 89 tets 626 knots 240 geometry 0.5170 curve 0.8321 ms
cell storage 90 tets 431 knots 160 geometry 0.2839 curve 0.5839 ms
cell storage 105 tets 611 knots 214 geometry 0.4340 curve 0.8175 ms
cell storage 106 tets 222 knots 91 geometry 0.1858 curve 0.2960 ms
liquid phase solid storage 7.471655 ms
liquid phase surface step 2.003704 ms
liquid phase loading 3.364347 ms
liquid phase containers/connections/parcels 0.146897 ms
cell storage 88 tets 210 knots 94 geometry 0.1222 curve 0.2896 ms
cell storage 89 tets 692 knots 255 geometry 0.6324 curve 0.9971 ms
cell storage 90 tets 431 knots 159 geometry 0.2873 curve 0.5951 ms
cell storage 105 tets 611 knots 215 geometry 0.4370 curve 0.8906 ms
cell storage 106 tets 222 knots 91 geometry 0.3651 curve 0.2600 ms
liquid phase solid storage 7.812423 ms
liquid phase surface step 1.218823 ms
liquid phase loading 3.218491 ms
liquid phase containers/connections/parcels 0.121697 ms
cell storage 88 tets 210 knots 94 geometry 0.1229 curve 0.3484 ms
cell storage 89 tets 692 knots 249 geometry 0.5740 curve 1.1648 ms
cell storage 90 tets 431 knots 160 geometry 0.3045 curve 0.5840 ms
cell storage 105 tets 625 knots 218 geometry 0.4864 curve 0.9504 ms
cell storage 106 tets 222 knots 91 geometry 0.1931 curve 0.2690 ms
liquid phase solid storage 7.971419 ms
liquid phase surface step 1.704212 ms
liquid phase loading 3.767812 ms
liquid phase containers/connections/parcels 0.172072 ms
cell storage 88 tets 210 knots 94 geometry 0.1386 curve 0.2646 ms
cell storage 89 tets 696 knots 252 geometry 0.6925 curve 1.1662 ms
cell storage 90 tets 426 knots 159 geometry 0.4024 curve 0.8128 ms
cell storage 105 tets 625 knots 217 geometry 0.5214 curve 0.8799 ms
cell storage 106 tets 222 knots 91 geometry 0.1641 curve 0.2950 ms
liquid phase solid storage 8.818033 ms
liquid phase surface step 1.473040 ms
liquid phase loading 3.026128 ms
liquid phase containers/connections/parcels 0.109153 ms
cell storage 88 tets 210 knots 94 geometry 0.1396 curve 0.2707 ms
cell storage 89 tets 692 knots 253 geometry 0.6575 curve 1.0366 ms
cell storage 90 tets 426 knots 159 geometry 0.3173 curve 0.5525 ms
cell storage 105 tets 625 knots 217 geometry 0.4323 curve 1.1743 ms
cell storage 106 tets 222 knots 91 geometry 0.2134 curve 0.2842 ms
liquid phase solid storage 8.243415 ms
liquid phase surface step 1.269691 ms
liquid phase loading 3.879958 ms
liquid phase containers/connections/parcels 0.113374 ms
cell storage 88 tets 210 knots 94 geometry 0.2224 curve 0.2644 ms
cell storage 89 tets 692 knots 253 geometry 0.5966 curve 0.9758 ms
cell storage 90 tets 430 knots 159 geometry 0.3161 curve 0.5676 ms
cell storage 105 tets 625 knots 216 geometry 0.4309 curve 0.8730 ms
cell storage 106 tets 222 knots 91 geometry 0.1754 curve 0.2570 ms
liquid phase solid storage 8.514470 ms
liquid phase surface step 1.426961 ms
liquid phase loading 3.270937 ms
liquid phase containers/connections/parcels 0.274607 ms
cell storage 88 tets 210 knots 94 geometry 0.2969 curve 0.3967 ms
cell storage 89 tets 684 knots 247 geometry 1.0203 curve 1.9781 ms
cell storage 90 tets 430 knots 159 geometry 0.7086 curve 0.8661 ms
cell storage 105 tets 621 knots 215 geometry 0.4369 curve 0.8905 ms
cell storage 106 tets 222 knots 91 geometry 0.1564 curve 0.2854 ms
liquid phase solid storage 11.229627 ms
liquid phase surface step 1.692293 ms
liquid phase loading 3.102754 ms
liquid phase containers/connections/parcels 0.110010 ms
cell storage 88 tets 233 knots 102 geometry 0.1319 curve 0.3003 ms
cell storage 89 tets 660 knots 239 geometry 0.5353 curve 0.9667 ms
cell storage 90 tets 418 knots 156 geometry 0.5721 curve 0.5490 ms
cell storage 104 tets 120 knots 61 geometry 0.0610 curve 0.1443 ms
cell storage 105 tets 624 knots 218 geometry 0.4417 curve 0.8316 ms
cell storage 106 tets 243 knots 98 geometry 0.1845 curve 0.3936 ms
liquid phase solid storage 8.703055 ms
liquid phase surface step 1.512214 ms
liquid phase loading 3.451691 ms
liquid phase containers/connections/parcels 0.106531 ms
cell storage 88 tets 233 knots 101 geometry 0.1406 curve 0.4455 ms
cell storage 89 tets 660 knots 240 geometry 0.7004 curve 0.9906 ms
cell storage 90 tets 391 knots 149 geometry 0.3092 curve 0.7233 ms
cell storage 104 tets 120 knots 59 geometry 0.0684 curve 0.1483 ms
cell storage 105 tets 632 knots 219 geometry 0.5217 curve 0.8971 ms
cell storage 106 tets 243 knots 97 geometry 0.2217 curve 0.3234 ms
liquid phase solid storage 9.069191 ms
liquid phase surface step 1.678620 ms
liquid phase loading 4.071124 ms
liquid phase containers/connections/parcels 0.131808 ms
cell storage 88 tets 233 knots 101 geometry 0.1366 curve 0.2931 ms
cell storage 89 tets 660 knots 242 geometry 0.5158 curve 0.9903 ms
cell storage 90 tets 391 knots 149 geometry 0.2689 curve 0.5306 ms
cell storage 104 tets 120 knots 59 geometry 0.0658 curve 0.1687 ms
cell storage 105 tets 636 knots 221 geometry 0.6030 curve 0.9106 ms
cell storage 106 tets 251 knots 100 geometry 0.1879 curve 0.3236 ms
liquid phase solid storage 8.742727 ms
liquid phase surface step 2.106930 ms
liquid phase loading 3.295002 ms
liquid phase containers/connections/parcels 0.109576 ms
cell storage 88 tets 233 knots 101 geometry 0.1345 curve 0.3479 ms
cell storage 89 tets 656 knots 241 geometry 0.5766 curve 0.8999 ms
cell storage 90 tets 383 knots 146 geometry 0.2661 curve 0.4876 ms
cell storage 104 tets 120 knots 59 geometry 0.0593 curve 0.1558 ms
cell storage 105 tets 636 knots 221 geometry 0.4673 curve 1.3395 ms
cell storage 106 tets 251 knots 100 geometry 0.3277 curve 0.3743 ms
liquid phase solid storage 9.078485 ms
liquid phase surface step 1.598522 ms
liquid phase loading 4.359883 ms
liquid phase containers/connections/parcels 0.127693 ms
cell storage 88 tets 233 knots 102 geometry 0.1426 curve 0.3619 ms
cell storage 89 tets 656 knots 239 geometry 0.5091 curve 1.1270 ms
cell storage 90 tets 387 knots 145 geometry 0.3919 curve 0.5966 ms
cell storage 104 tets 120 knots 60 geometry 0.0723 curve 0.1487 ms
cell storage 105 tets 640 knots 222 geometry 0.4801 curve 0.9114 ms
cell storage 106 tets 251 knots 100 geometry 0.1898 curve 0.3209 ms
liquid phase solid storage 10.024272 ms
liquid phase surface step 2.198579 ms
liquid phase loading 3.697380 ms
liquid phase containers/connections/parcels 0.122384 ms
cell storage 88 tets 213 knots 96 geometry 0.1436 curve 0.2839 ms
cell storage 89 tets 640 knots 240 geometry 0.5724 curve 1.3111 ms
cell storage 90 tets 351 knots 136 geometry 0.4442 curve 0.4694 ms
cell storage 104 tets 104 knots 53 geometry 0.0511 curve 0.1424 ms
cell storage 105 tets 530 knots 193 geometry 0.4812 curve 0.8035 ms
cell storage 106 tets 243 knots 99 geometry 0.2117 curve 0.2965 ms
liquid phase solid storage 9.287634 ms
liquid phase surface step 1.979031 ms
liquid phase loading 4.214958 ms
liquid phase containers/connections/parcels 0.111152 ms
cell storage 88 tets 213 knots 96 geometry 0.2257 curve 0.4068 ms
cell storage 89 tets 640 knots 239 geometry 0.5245 curve 0.9102 ms
cell storage 90 tets 351 knots 135 geometry 0.2877 curve 0.4666 ms
cell storage 104 tets 104 knots 53 geometry 0.0528 curve 0.1182 ms
cell storage 105 tets 526 knots 196 geometry 0.5792 curve 0.7200 ms
cell storage 106 tets 243 knots 99 geometry 0.2289 curve 0.4338 ms
liquid phase solid storage 9.187276 ms
liquid phase surface step 1.613946 ms
liquid phase loading 3.739047 ms
liquid phase containers/connections/parcels 0.116906 ms
cell storage 88 tets 213 knots 96 geometry 0.1375 curve 0.2730 ms
cell storage 89 tets 640 knots 238 geometry 0.5441 curve 0.9833 ms
cell storage 90 tets 351 knots 135 geometry 0.2634 curve 0.4598 ms
cell storage 104 tets 104 knots 53 geometry 0.0504 curve 0.1448 ms
cell storage 105 tets 526 knots 194 geometry 0.4052 curve 0.7918 ms
cell storage 106 tets 243 knots 99 geometry 0.2019 curve 0.3308 ms
liquid phase solid storage 7.918467 ms
liquid phase surface step 1.270770 ms
liquid phase loading 3.226074 ms
liquid phase containers/connections/parcels 0.120238 ms
cell storage 88 tets 217 knots 97 geometry 0.1638 curve 0.2670 ms
cell storage 89 tets 636 knots 237 geometry 0.5562 curve 0.8996 ms
cell storage 90 tets 351 knots 137 geometry 0.2513 curve 0.4849 ms
cell storage 104 tets 104 knots 53 geometry 0.0693 curve 0.1464 ms
cell storage 105 tets 526 knots 196 geometry 0.4363 curve 0.7648 ms
cell storage 106 tets 243 knots 99 geometry 0.2127 curve 0.3111 ms
liquid phase solid storage 7.741895 ms
liquid phase surface step 1.495954 ms
liquid phase loading 3.123775 ms
liquid phase containers/connections/parcels 0.147803 ms
cell storage 88 tets 217 knots 97 geometry 0.1526 curve 0.2988 ms
cell storage 89 tets 636 knots 237 geometry 0.6100 curve 1.0253 ms
cell storage 90 tets 347 knots 138 geometry 0.3010 curve 0.4317 ms
cell storage 104 tets 104 knots 53 geometry 0.0489 curve 0.1368 ms
cell storage 105 tets 477 knots 180 geometry 0.3988 curve 0.6529 ms
cell storage 106 tets 255 knots 103 geometry 0.2298 curve 0.3008 ms
liquid phase solid storage 8.481874 ms
liquid phase surface step 1.232609 ms
liquid phase loading 3.424284 ms
liquid phase containers/connections/parcels 0.109212 ms
cell storage 88 tets 217 knots 97 geometry 0.1443 curve 0.2857 ms
cell storage 89 tets 636 knots 238 geometry 0.5064 curve 0.8698 ms
cell storage 90 tets 347 knots 137 geometry 0.2487 curve 0.5275 ms
cell storage 104 tets 104 knots 53 geometry 0.0616 curve 0.1509 ms
cell storage 105 tets 477 knots 182 geometry 0.3751 curve 0.6807 ms
cell storage 106 tets 255 knots 104 geometry 0.2039 curve 0.2989 ms
liquid phase solid storage 7.499046 ms
liquid phase surface step 1.468151 ms
liquid phase loading 2.985421 ms
liquid phase containers/connections/parcels 0.109279 ms
cell storage 88 tets 217 knots 97 geometry 0.1732 curve 0.3219 ms
cell storage 89 tets 663 knots 247 geometry 0.5598 curve 0.9453 ms
cell storage 90 tets 343 knots 133 geometry 0.2372 curve 0.4722 ms
cell storage 104 tets 104 knots 54 geometry 0.0480 curve 0.1138 ms
cell storage 105 tets 489 knots 182 geometry 0.4163 curve 0.6920 ms
cell storage 106 tets 255 knots 103 geometry 0.1928 curve 0.3040 ms
liquid phase solid storage 7.915160 ms
liquid phase surface step 1.180223 ms
liquid phase loading 3.235553 ms
liquid phase containers/connections/parcels 0.156041 ms
cell storage 88 tets 217 knots 97 geometry 0.1680 curve 0.3017 ms
cell storage 89 tets 639 knots 243 geometry 0.5619 curve 0.8626 ms
cell storage 90 tets 343 knots 133 geometry 0.2489 curve 0.6431 ms
cell storage 104 tets 104 knots 53 geometry 0.0495 curve 0.1148 ms
cell storage 105 tets 489 knots 182 geometry 0.3883 curve 0.6706 ms
cell storage 106 tets 255 knots 103 geometry 0.2005 curve 0.3319 ms
liquid phase solid storage 7.859314 ms
liquid phase surface step 1.464174 ms
liquid phase loading 3.159970 ms
liquid phase containers/connections/parcels 0.203822 ms
cell storage 88 tets 217 knots 97 geometry 0.1636 curve 0.2899 ms
cell storage 89 tets 643 knots 242 geometry 0.4878 curve 0.9394 ms
cell storage 90 tets 355 knots 132 geometry 0.2613 curve 0.4851 ms
cell storage 104 tets 104 knots 53 geometry 0.0484 curve 0.1169 ms
cell storage 105 tets 497 knots 189 geometry 0.3810 curve 0.6796 ms
cell storage 106 tets 255 knots 107 geometry 0.2559 curve 0.3409 ms
liquid phase solid storage 8.085960 ms
liquid phase surface step 1.275817 ms
liquid phase loading 3.280650 ms
liquid phase containers/connections/parcels 0.107093 ms
cell storage 88 tets 217 knots 97 geometry 0.1476 curve 0.2687 ms
cell storage 89 tets 643 knots 241 geometry 0.5575 curve 0.9444 ms
cell storage 90 tets 351 knots 132 geometry 0.2953 curve 0.4437 ms
cell storage 104 tets 104 knots 53 geometry 0.0460 curve 0.1342 ms
cell storage 105 tets 493 knots 187 geometry 0.3813 curve 0.7023 ms
cell storage 106 tets 255 knots 107 geometry 0.1924 curve 0.2992 ms
liquid phase solid storage 8.179983 ms
liquid phase surface step 1.205490 ms
liquid phase loading 3.679668 ms
liquid phase containers/connections/parcels 0.362474 ms
cell storage 88 tets 217 knots 97 geometry 0.2924 curve 0.4712 ms
cell storage 89 tets 643 knots 240 geometry 1.1089 curve 1.5819 ms
cell storage 90 tets 382 knots 141 geometry 0.5855 curve 0.7705 ms
cell storage 104 tets 104 knots 53 geometry 0.0982 curve 0.1872 ms
cell storage 105 tets 493 knots 189 geometry 0.7480 curve 1.0794 ms
cell storage 106 tets 255 knots 106 geometry 0.4245 curve 0.6345 ms
liquid phase solid storage 15.011111 ms
liquid phase surface step 1.637362 ms
liquid phase loading 3.508064 ms
liquid phase containers/connections/parcels 0.111140 ms
cell storage 88 tets 217 knots 97 geometry 0.1387 curve 0.2621 ms
cell storage 89 tets 647 knots 245 geometry 0.5441 curve 0.9242 ms
cell storage 90 tets 382 knots 143 geometry 0.3399 curve 0.4779 ms
cell storage 104 tets 108 knots 54 geometry 0.0568 curve 0.1182 ms
cell storage 105 tets 497 knots 188 geometry 0.5246 curve 0.8666 ms
cell storage 106 tets 255 knots 106 geometry 0.1963 curve 0.3288 ms
liquid phase solid storage 8.796697 ms
liquid phase surface step 1.650239 ms
liquid phase loading 2.995867 ms
liquid phase containers/connections/parcels 0.107580 ms
cell storage 88 tets 217 knots 97 geometry 0.1386 curve 0.2655 ms
cell storage 89 tets 643 knots 241 geometry 0.5050 curve 0.8689 ms
cell storage 90 tets 382 knots 141 geometry 0.2647 curve 0.4757 ms
cell storage 104 tets 108 knots 54 geometry 0.0985 curve 0.1757 ms
cell storage 105 tets 497 knots 189 geometry 0.6621 curve 0.7543 ms
cell storage 106 tets 267 knots 107 geometry 0.2298 curve 0.3383 ms
liquid phase solid storage 9.362447 ms
liquid phase surface step 1.897204 ms
liquid phase loading 3.079043 ms
liquid phase containers/connections/parcels 0.118342 ms
cell storage 88 tets 213 knots 97 geometry 0.1477 curve 0.2677 ms
cell storage 89 tets 643 knots 240 geometry 0.5520 curve 0.9546 ms
cell storage 90 tets 362 knots 136 geometry 0.3304 curve 0.4674 ms
cell storage 104 tets 108 knots 54 geometry 0.0569 curve 0.2985 ms
cell storage 105 tets 471 knots 179 geometry 0.3695 curve 0.6202 ms
cell storage 106 tets 267 knots 108 geometry 0.2404 curve 0.4062 ms
liquid phase solid storage 9.218489 ms
liquid phase surface step 1.693149 ms
liquid phase loading 2.902811 ms
liquid phase containers/connections/parcels 0.118456 ms
cell storage 88 tets 213 knots 96 geometry 0.1318 curve 0.3069 ms
cell storage 89 tets 659 knots 246 geometry 0.4887 curve 1.0055 ms
cell storage 90 tets 332 knots 126 geometry 0.2455 curve 0.4189 ms
cell storage 104 tets 108 knots 54 geometry 0.0551 curve 0.1470 ms
cell storage 105 tets 487 knots 185 geometry 0.3641 curve 0.6258 ms
cell storage 106 tets 237 knots 100 geometry 0.1846 curve 0.2987 ms
liquid phase solid storage 8.212116 ms
liquid phase surface step 1.361426 ms
liquid phase loading 3.119370 ms
liquid phase containers/connections/parcels 0.137246 ms
cell storage 88 tets 213 knots 96 geometry 0.1442 curve 0.2536 ms
cell storage 89 tets 659 knots 248 geometry 0.5419 curve 1.1340 ms
cell storage 90 tets 332 knots 126 geometry 0.3398 curve 0.4350 ms
cell storage 104 tets 108 knots 54 geometry 0.0582 curve 0.1240 ms
cell storage 105 tets 483 knots 186 geometry 0.3978 curve 0.6402 ms
cell storage 106 tets 237 knots 100 geometry 0.1748 curve 0.3390 ms
liquid phase solid storage 8.106902 ms
liquid phase surface step 1.403763 ms
liquid phase loading 2.910752 ms
liquid phase containers/connections/parcels 0.181624 ms
cell storage 88 tets 213 knots 97 geometry 0.1609 curve 0.2723 ms
cell storage 89 tets 667 knots 245 geometry 0.5037 curve 0.9520 ms
cell storage 90 tets 332 knots 125 geometry 0.2444 curve 0.4052 ms
cell storage 104 tets 112 knots 55 geometry 0.1786 curve 0.1346 ms
cell storage 105 tets 467 knots 179 geometry 0.3393 curve 0.6867 ms
cell storage 106 tets 237 knots 100 geometry 0.3954 curve 0.3241 ms
liquid phase solid storage 8.356653 ms
liquid phase surface step 1.813863 ms
liquid phase loading 3.021662 ms
liquid phase containers/connections/parcels 0.201406 ms
cell storage 88 tets 213 knots 96 geometry 0.1558 curve 0.2869 ms
cell storage 89 tets 667 knots 247 geometry 0.7894 curve 1.0672 ms
cell storage 90 tets 335 knots 125 geometry 0.2508 curve 0.4063 ms
cell storage 104 tets 112 knots 55 geometry 0.0620 curve 0.1335 ms
cell storage 105 tets 467 knots 178 geometry 0.4795 curve 0.6417 ms
cell storage 106 tets 237 knots 100 geometry 0.1766 curve 0.3074 ms
liquid phase solid storage 8.997935 ms
liquid phase surface step 1.299622 ms
liquid phase loading 3.301994 ms
liquid phase containers/connections/parcels 0.156417 ms
cell storage 88 tets 213 knots 96 geometry 0.1789 curve 0.2655 ms
cell storage 89 tets 667 knots 248 geometry 0.4889 curve 0.9604 ms
cell storage 90 tets 324 knots 123 geometry 0.2226 curve 0.3842 ms
cell storage 104 tets 112 knots 55 geometry 0.0592 curve 0.1209 ms
cell storage 105 tets 467 knots 180 geometry 0.5070 curve 0.7391 ms
cell storage 106 tets 237 knots 100 geometry 0.4162 curve 0.3820 ms
liquid phase solid storage 8.452857 ms
liquid phase surface step 1.483910 ms
liquid phase loading 2.969122 ms
liquid phase containers/connections/parcels 0.106379 ms
cell storage 88 tets 213 knots 96 geometry 0.1379 curve 0.3517 ms
cell storage 89 tets 671 knots 248 geometry 0.5476 curve 1.1428 ms
cell storage 90 tets 340 knots 127 geometry 0.2808 curve 0.4127 ms
cell storage 104 tets 112 knots 55 geometry 0.0613 curve 0.1307 ms
cell storage 105 tets 470 knots 181 geometry 0.3524 curve 0.6010 ms
cell storage 106 tets 237 knots 100 geometry 0.1748 curve 0.3019 ms
liquid phase solid storage 7.978371 ms
liquid phase surface step 1.213373 ms
liquid phase loading 2.869331 ms
liquid phase containers/connections/parcels 0.112277 ms
cell storage 88 tets 209 knots 95 geometry 0.1781 curve 0.2577 ms
cell storage 89 tets 671 knots 247 geometry 0.4951 curve 0.9107 ms
cell storage 90 tets 343 knots 128 geometry 0.2383 curve 0.4942 ms
cell storage 104 tets 112 knots 55 geometry 0.0615 curve 0.1203 ms
cell storage 105 tets 470 knots 182 geometry 0.3436 curve 0.6992 ms
cell storage 106 tets 237 knots 100 geometry 0.2084 curve 0.3729 ms
liquid phase solid storage 7.556614 ms
liquid phase surface step 1.316199 ms
liquid phase loading 3.647274 ms
liquid phase containers/connections/parcels 0.156308 ms
cell storage 88 tets 209 knots 96 geometry 0.1590 curve 0.2502 ms
cell storage 89 tets 671 knots 247 geometry 0.6517 curve 0.9484 ms
cell storage 90 tets 351 knots 132 geometry 0.2624 curve 0.4684 ms
cell storage 104 tets 112 knots 56 geometry 0.0605 curve 0.1410 ms
cell storage 105 tets 443 knots 172 geometry 0.3515 curve 0.6050 ms
cell storage 106 tets 237 knots 100 geometry 0.2626 curve 0.3391 ms
liquid phase solid storage 8.465270 ms
liquid phase surface step 1.370570 ms
liquid phase loading 2.940541 ms
liquid phase containers/connections/parcels 0.116371 ms
cell storage 88 tets 209 knots 95 geometry 0.1813 curve 0.2927 ms
cell storage 89 tets 679 knots 249 geometry 0.4753 curve 0.9614 ms
cell storage 90 tets 355 knots 131 geometry 0.2514 curve 0.5324 ms
cell storage 104 tets 112 knots 56 geometry 0.1433 curve 0.2029 ms
cell storage 105 tets 443 knots 174 geometry 0.3841 curve 0.6218 ms
cell storage 106 tets 237 knots 100 geometry 0.1820 curve 0.3605 ms
liquid phase solid storage 7.949347 ms
liquid phase surface step 1.343109 ms
liquid phase loading 2.620422 ms
liquid phase containers/connections/parcels 0.105901 ms
cell storage 88 tets 209 knots 96 geometry 0.1589 curve 0.3135 ms
cell storage 89 tets 683 knots 250 geometry 0.8032 curve 0.9953 ms
cell storage 90 tets 355 knots 130 geometry 0.2663 curve 0.5453 ms
cell storage 104 tets 112 knots 57 geometry 0.0658 curve 0.1203 ms
cell storage 105 tets 455 knots 174 geometry 0.3622 curve 0.6851 ms
cell storage 106 tets 237 knots 102 geometry 0.1734 curve 0.3024 ms
liquid phase solid storage 8.149216 ms
liquid phase surface step 1.208290 ms
liquid phase loading 3.456916 ms
liquid phase containers/connections/parcels 0.106725 ms
cell storage 88 tets 209 knots 96 geometry 0.1563 curve 0.3528 ms
cell storage 89 tets 679 knots 252 geometry 0.6793 curve 0.9785 ms
cell storage 90 tets 359 knots 131 geometry 0.5107 curve 0.5441 ms
cell storage 104 tets 112 knots 56 geometry 0.0686 curve 0.1287 ms
cell storage 105 tets 475 knots 179 geometry 0.3621 curve 0.6364 ms
cell storage 106 tets 222 knots 97 geometry 0.1716 curve 0.2874 ms
liquid phase solid storage 8.468635 ms
liquid phase surface step 1.595780 ms
liquid phase loading 2.711732 ms
liquid phase containers/connections/parcels 0.110234 ms
cell storage 88 tets 209 knots 95 geometry 0.1429 curve 0.2574 ms
cell storage 89 tets 679 knots 252 geometry 0.5266 curve 0.9715 ms
cell storage 90 tets 371 knots 135 geometry 0.2568 curve 0.5313 ms
cell storage 104 tets 112 knots 55 geometry 0.0694 curve 0.1249 ms
cell storage 105 tets 475 knots 181 geometry 0.4040 curve 0.6468 ms
cell storage 106 tets 230 knots 98 geometry 0.1740 curve 0.3080 ms
liquid phase solid storage 8.454853 ms
liquid phase surface step 1.369165 ms
liquid phase loading 2.772523 ms
liquid phase containers/connections/parcels 0.194766 ms
cell storage 88 tets 209 knots 96 geometry 0.1555 curve 0.3089 ms
cell storage 89 tets 679 knots 251 geometry 0.5231 curve 1.0179 ms
cell storage 90 tets 379 knots 138 geometry 0.2529 curve 0.5330 ms
cell storage 104 tets 112 knots 56 geometry 0.0772 curve 0.1552 ms
cell storage 105 tets 475 knots 179 geometry 0.3754 curve 0.7091 ms
cell storage 106 tets 246 knots 103 geometry 0.2003 curve 0.4075 ms
liquid phase solid storage 8.167650 ms
liquid phase surface step 1.199698 ms
liquid phase loading 2.687528 ms
liquid phase containers/connections/parcels 0.109204 ms
cell storage 88 tets 209 knots 95 geometry 0.2034 curve 0.2886 ms
cell storage 89 tets 679 knots 253 geometry 0.5115 curve 1.0685 ms
cell storage 90 tets 356 knots 131 geometry 0.4574 curve 0.4943 ms
cell storage 104 tets 112 knots 55 geometry 0.0698 curve 0.1260 ms
cell storage 105 tets 471 knots 178 geometry 0.3442 curve 0.6714 ms
cell storage 106 tets 246 knots 102 geometry 0.1721 curve 0.2893 ms
liquid phase solid storage 7.881584 ms
liquid phase surface step 1.211214 ms
liquid phase loading 2.715777 ms
liquid phase containers/connections/parcels 0.133189 ms
cell storage 88 tets 194 knots 90 geometry 0.2513 curve 0.3635 ms
cell storage 89 tets 720 knots 261 geometry 0.6525 curve 1.0572 ms
cell storage 90 tets 536 knots 177 geometry 0.6278 curve 0.7199 ms
cell storage 105 tets 501 knots 181 geometry 0.4213 curve 0.6632 ms
cell storage 106 tets 407 knots 147 geometry 0.2697 curve 0.5214 ms
liquid phase solid storage 9.210894 ms
liquid phase surface step 2.025865 ms
liquid phase loading 2.791768 ms
liquid phase containers/connections/parcels 0.137457 ms
cell storage 88 tets 194 knots 90 geometry 0.1945 curve 0.2535 ms
cell storage 89 tets 720 knots 258 geometry 0.5331 curve 0.9717 ms
cell storage 90 tets 528 knots 174 geometry 0.3564 curve 0.6790 ms
cell storage 105 tets 501 knots 183 geometry 0.3826 curve 0.6997 ms
cell storage 106 tets 403 knots 147 geometry 0.3104 curve 0.5558 ms
liquid phase solid storage 9.289379 ms
liquid phase surface step 1.856352 ms
liquid phase loading 2.469241 ms
liquid phase containers/connections/parcels 0.112168 ms
cell storage 88 tets 194 knots 90 geometry 0.1564 curve 0.2568 ms
cell storage 89 tets 722 knots 259 geometry 0.8955 curve 1.3207 ms
cell storage 90 tets 494 knots 163 geometry 0.3916 curve 0.6794 ms
cell storage 105 tets 501 knots 183 geometry 0.6362 curve 0.7112 ms
cell storage 106 tets 391 knots 145 geometry 0.3271 curve 0.5261 ms
liquid phase solid storage 9.427736 ms
liquid phase surface step 1.611528 ms
liquid phase loading 2.692327 ms
liquid phase containers/connections/parcels 0.137927 ms
cell storage 88 tets 194 knots 90 geometry 0.1540 curve 0.3998 ms
cell storage 89 tets 722 knots 262 geometry 0.5371 curve 1.0445 ms
cell storage 90 tets 513 knots 172 geometry 0.3588 curve 0.6986 ms
cell storage 105 tets 485 knots 179 geometry 0.3528 curve 0.6250 ms
cell storage 106 tets 403 knots 147 geometry 0.2748 curve 0.5416 ms
liquid phase solid storage 8.865835 ms
liquid phase surface step 1.663960 ms
liquid phase loading 3.002474 ms
liquid phase containers/connections/parcels 0.111121 ms
cell storage 88 tets 179 knots 85 geometry 0.1423 curve 0.2236 ms
cell storage 89 tets 774 knots 264 geometry 0.5728 curve 1.0987 ms
cell storage 90 tets 513 knots 168 geometry 0.4476 curve 0.8058 ms
cell storage 105 tets 497 knots 182 geometry 0.4242 curve 0.7203 ms
cell storage 106 tets 435 knots 155 geometry 0.3564 curve 0.5914 ms
liquid phase solid storage 9.380508 ms
liquid phase surface step 1.441735 ms
liquid phase loading 3.128039 ms
liquid phase containers/connections/parcels 0.114172 ms
cell storage 88 tets 179 knots 85 geometry 0.1721 curve 0.2212 ms
cell storage 89 tets 766 knots 267 geometry 0.5666 curve 1.2903 ms
cell storage 90 tets 513 knots 172 geometry 0.3596 curve 0.7470 ms
cell storage 105 tets 497 knots 184 geometry 0.5032 curve 0.6735 ms
cell storage 106 tets 435 knots 156 geometry 0.2841 curve 0.5663 ms
liquid phase solid storage 8.513293 ms
liquid phase surface step 1.615115 ms
liquid phase loading 2.822580 ms
liquid phase containers/connections/parcels 0.131800 ms
cell storage 88 tets 179 knots 85 geometry 0.2449 curve 0.3183 ms
cell storage 89 tets 812 knots 278 geometry 0.8216 curve 1.5388 ms
cell storage 90 tets 513 knots 173 geometry 0.4192 curve 0.6462 ms
cell storage 105 tets 481 knots 177 geometry 0.4556 curve 0.6636 ms
cell storage 106 tets 431 knots 157 geometry 0.3428 curve 0.5651 ms
liquid phase solid storage 9.359460 ms
liquid phase surface step 1.322505 ms
liquid phase loading 2.576923 ms
liquid phase containers/connections/parcels 0.109180 ms
cell storage 88 tets 179 knots 85 geometry 0.1408 curve 0.2186 ms
cell storage 89 tets 824 knots 280 geometry 0.5599 curve 1.2167 ms
cell storage 90 tets 513 knots 171 geometry 0.3908 curve 0.9303 ms
cell storage 105 tets 461 knots 165 geometry 0.3909 curve 0.6253 ms
cell storage 106 tets 407 knots 151 geometry 0.3013 curve 0.5115 ms
liquid phase solid storage 8.165993 ms
liquid phase surface step 1.298455 ms
liquid phase loading 3.529613 ms
liquid phase containers/connections/parcels 0.114901 ms
cell storage 88 tets 179 knots 85 geometry 0.3799 curve 0.2979 ms
cell storage 89 tets 804 knots 271 geometry 0.6494 curve 1.1868 ms
cell storage 90 tets 521 knots 176 geometry 0.4773 curve 0.7333 ms
cell storage 105 tets 484 knots 175 geometry 0.4689 curve 0.8913 ms
cell storage 106 tets 407 knots 150 geometry 0.5806 curve 0.7926 ms
liquid phase solid storage 11.662581 ms
liquid phase surface step 2.019085 ms
liquid phase loading 2.902291 ms
liquid phase containers/connections/parcels 0.122312 ms
cell storage 88 tets 179 knots 85 geometry 0.1514 curve 0.2733 ms
cell storage 89 tets 780 knots 265 geometry 0.5514 curve 1.0927 ms
cell storage 90 tets 521 knots 174 geometry 0.4479 curve 1.0703 ms
cell storage 105 tets 507 knots 181 geometry 0.4768 curve 0.6743 ms
cell storage 106 tets 391 knots 147 geometry 0.3082 curve 0.4929 ms
liquid phase solid storage 8.385181 ms
liquid phase surface step 1.200183 ms
liquid phase loading 2.613159 ms
liquid phase containers/connections/parcels 0.177243 ms
cell storage 88 tets 179 knots 85 geometry 0.2464 curve 0.2340 ms
cell storage 89 tets 780 knots 267 geometry 0.7221 curve 1.1284 ms
cell storage 90 tets 505 knots 171 geometry 0.3404 curve 0.9698 ms
cell storage 105 tets 491 knots 175 geometry 0.4031 curve 0.6769 ms
cell storage 106 tets 383 knots 144 geometry 0.3013 curve 0.4658 ms
liquid phase solid storage 8.894352 ms
liquid phase surface step 1.687881 ms
liquid phase loading 2.721556 ms
liquid phase containers/connections/parcels 0.110833 ms
cell storage 88 tets 179 knots 85 geometry 0.1481 curve 0.2205 ms
cell storage 89 tets 768 knots 261 geometry 0.6160 curve 1.1066 ms
cell storage 90 tets 501 knots 170 geometry 0.3437 curve 0.6359 ms
cell storage 105 tets 484 knots 173 geometry 0.3766 curve 0.6179 ms
cell storage 106 tets 387 knots 144 geometry 0.2665 curve 0.5278 ms
liquid phase solid storage 8.405810 ms
liquid phase surface step 1.927743 ms
liquid phase loading 2.481011 ms
liquid phase containers/connections/parcels 0.122034 ms
cell storage 88 tets 179 knots 85 geometry 0.1404 curve 0.2132 ms
cell storage 89 tets 752 knots 256 geometry 0.5500 curve 1.1145 ms
cell storage 90 tets 501 knots 170 geometry 0.3708 curve 0.7108 ms
cell storage 105 tets 506 knots 180 geometry 0.4956 curve 0.7330 ms
cell storage 106 tets 383 knots 145 geometry 0.3022 curve 0.5417 ms
liquid phase solid storage 8.659084 ms
liquid phase surface step 1.452009 ms
liquid phase loading 2.351494 ms
liquid phase containers/connections/parcels 0.132057 ms
cell storage 88 tets 152 knots 72 geometry 0.2107 curve 0.3213 ms
cell storage 89 tets 697 knots 247 geometry 0.6297 curve 1.0214 ms
cell storage 90 tets 511 knots 180 geometry 0.3721 curve 0.6798 ms
cell storage 105 tets 452 knots 164 geometry 0.3901 curve 0.5834 ms
cell storage 106 tets 366 knots 138 geometry 0.3476 curve 0.5211 ms
liquid phase solid storage 8.483615 ms
liquid phase surface step 1.503778 ms
liquid phase loading 2.800618 ms
liquid phase containers/connections/parcels 0.176287 ms
cell storage 89 tets 711 knots 254 geometry 0.5671 curve 1.0106 ms
cell storage 90 tets 488 knots 174 geometry 0.3412 curve 0.6322 ms
cell storage 105 tets 452 knots 167 geometry 0.3433 curve 0.6619 ms
cell storage 106 tets 366 knots 138 geometry 0.2468 curve 0.4571 ms
liquid phase solid storage 7.686802 ms
liquid phase surface step 1.404130 ms
liquid phase loading 2.496635 ms
liquid phase containers/connections/parcels 0.132054 ms
cell storage 89 tets 653 knots 236 geometry 0.5244 curve 0.8636 ms
cell storage 90 tets 473 knots 170 geometry 0.3149 curve 0.5831 ms
cell storage 105 tets 448 knots 164 geometry 0.3407 curve 0.6245 ms
cell storage 106 tets 366 knots 140 geometry 0.2876 curve 0.4798 ms
liquid phase solid storage 7.114902 ms
liquid phase surface step 1.226115 ms
liquid phase loading 2.333776 ms
liquid phase containers/connections/parcels 0.140760 ms
cell storage 89 tets 645 knots 234 geometry 0.4767 curve 0.8959 ms
cell storage 90 tets 473 knots 174 geometry 0.3355 curve 0.6871 ms
cell storage 105 tets 432 knots 158 geometry 0.4617 curve 0.5779 ms
cell storage 106 tets 366 knots 139 geometry 0.2834 curve 0.4982 ms
liquid phase solid storage 7.153546 ms
liquid phase surface step 1.227144 ms
liquid phase loading 2.290030 ms
liquid phase containers/connections/parcels 0.105868 ms
cell storage 89 tets 698 knots 248 geometry 0.5007 curve 0.9870 ms
cell storage 90 tets 427 knots 158 geometry 0.4961 curve 0.5949 ms
cell storage 105 tets 455 knots 163 geometry 0.4128 curve 0.6538 ms
cell storage 106 tets 332 knots 127 geometry 0.2230 curve 0.4411 ms
liquid phase solid storage 7.185156 ms
liquid phase surface step 1.232220 ms
liquid phase loading 2.299650 ms
liquid phase containers/connections/parcels 0.120188 ms
cell storage 89 tets 767 knots 263 geometry 0.8002 curve 1.2137 ms
cell storage 90 tets 415 knots 156 geometry 0.2990 curve 0.5512 ms
cell storage 105 tets 455 knots 165 geometry 0.4082 curve 0.5882 ms
cell storage 106 tets 336 knots 127 geometry 0.3016 curve 0.4212 ms
liquid phase solid storage 7.206481 ms
liquid phase surface step 1.146288 ms
liquid phase loading 2.390620 ms
liquid phase containers/connections/parcels 0.121599 ms
cell storage 89 tets 767 knots 267 geometry 0.6432 curve 1.1646 ms
cell storage 90 tets 415 knots 153 geometry 0.3770 curve 0.5623 ms
cell storage 105 tets 477 knots 169 geometry 0.4350 curve 0.6229 ms
cell storage 106 tets 340 knots 127 geometry 0.2234 curve 0.4861 ms
liquid phase solid storage 7.062600 ms
liquid phase surface step 1.198560 ms
liquid phase loading 2.580149 ms
liquid phase containers/connections/parcels 0.139578 ms
cell storage 89 tets 767 knots 265 geometry 0.6933 curve 1.4732 ms
cell storage 90 tets 415 knots 154 geometry 0.3339 curve 0.6273 ms
cell storage 105 tets 477 knots 170 geometry 0.4664 curve 0.6169 ms
cell storage 106 tets 340 knots 127 geometry 0.2376 curve 0.4287 ms
liquid phase solid storage 7.615292 ms
liquid phase surface step 1.519615 ms
liquid phase loading 2.562462 ms
liquid phase containers/connections/parcels 0.145925 ms
cell storage 89 tets 763 knots 263 geometry 0.5341 curve 1.2294 ms
cell storage 90 tets 411 knots 153 geometry 0.3321 curve 0.5165 ms
cell storage 105 tets 481 knots 172 geometry 0.3875 curve 0.6030 ms
cell storage 106 tets 340 knots 127 geometry 0.2482 curve 0.4203 ms
liquid phase solid storage 7.104396 ms
liquid phase surface step 1.459312 ms
liquid phase loading 2.594557 ms
liquid phase containers/connections/parcels 0.113252 ms
cell storage 89 tets 755 knots 265 geometry 0.6170 curve 1.2449 ms
cell storage 90 tets 411 knots 152 geometry 0.3205 curve 0.5814 ms
cell storage 105 tets 501 knots 177 geometry 0.6462 curve 0.6819 ms
cell storage 106 tets 340 knots 127 geometry 0.3365 curve 0.4486 ms
liquid phase solid storage 7.414979 ms
liquid phase surface step 1.515346 ms
liquid phase loading 2.407370 ms
liquid phase containers/connections/parcels 0.116927 ms
cell storage 89 tets 822 knots 272 geometry 0.6460 curve 1.3310 ms
cell storage 90 tets 411 knots 152 geometry 0.3133 curve 0.5190 ms
cell storage 105 tets 501 knots 178 geometry 0.4399 curve 0.7673 ms
cell storage 106 tets 340 knots 127 geometry 0.2335 curve 0.4104 ms
liquid phase solid storage 7.555294 ms
liquid phase surface step 1.280400 ms
liquid phase loading 2.458882 ms
liquid phase containers/connections/parcels 0.231176 ms
cell storage 89 tets 810 knots 267 geometry 0.6128 curve 1.2742 ms
cell storage 90 tets 411 knots 151 geometry 0.3005 curve 0.6255 ms
cell storage 105 tets 501 knots 177 geometry 0.4229 curve 0.8376 ms
cell storage 106 tets 340 knots 127 geometry 0.5199 curve 0.4598 ms
liquid phase solid storage 8.014736 ms
liquid phase surface step 1.347441 ms
liquid phase loading 2.644498 ms
liquid phase containers/connections/parcels 0.109399 ms
cell storage 89 tets 798 knots 265 geometry 0.6192 curve 1.2834 ms
cell storage 90 tets 411 knots 151 geometry 0.3072 curve 0.5531 ms
cell storage 105 tets 501 knots 176 geometry 0.4799 curve 0.8208 ms
cell storage 106 tets 340 knots 128 geometry 0.2398 curve 0.4412 ms
liquid phase solid storage 7.232249 ms
liquid phase surface step 1.434261 ms
liquid phase loading 2.383267 ms
liquid phase containers/connections/parcels 0.110203 ms
cell storage 89 tets 798 knots 266 geometry 0.7337 curve 1.1830 ms
cell storage 90 tets 411 knots 152 geometry 0.2919 curve 0.5351 ms
cell storage 105 tets 501 knots 177 geometry 0.4201 curve 0.6606 ms
cell storage 106 tets 340 knots 127 geometry 0.2804 curve 0.4613 ms
liquid phase solid storage 7.149109 ms
liquid phase surface step 1.149818 ms
liquid phase loading 2.452274 ms
liquid phase containers/connections/parcels 0.221694 ms
cell storage 89 tets 790 knots 264 geometry 0.9324 curve 1.2723 ms
cell storage 90 tets 411 knots 151 geometry 0.3925 curve 0.6187 ms
cell storage 105 tets 501 knots 177 geometry 0.4179 curve 0.7630 ms
cell storage 106 tets 340 knots 127 geometry 0.2281 curve 0.4326 ms
liquid phase solid storage 7.489810 ms
liquid phase surface step 1.151661 ms
liquid phase loading 2.470795 ms
liquid phase containers/connections/parcels 0.106590 ms
cell storage 89 tets 790 knots 262 geometry 0.6361 curve 1.2292 ms
cell storage 90 tets 411 knots 151 geometry 0.2827 curve 0.5697 ms
cell storage 105 tets 501 knots 178 geometry 0.5221 curve 0.6700 ms
cell storage 106 tets 340 knots 127 geometry 0.2276 curve 0.4279 ms
liquid phase solid storage 6.680810 ms
liquid phase surface step 1.333710 ms
liquid phase loading 2.653116 ms
liquid phase containers/connections/parcels 0.108400 ms
cell storage 89 tets 778 knots 264 geometry 0.7117 curve 1.1665 ms
cell storage 90 tets 395 knots 149 geometry 0.3750 curve 0.5387 ms
cell storage 105 tets 501 knots 178 geometry 0.3977 curve 0.6856 ms
cell storage 106 tets 324 knots 123 geometry 0.2266 curve 0.4167 ms
liquid phase solid storage 6.741109 ms
liquid phase surface step 1.846336 ms
liquid phase loading 2.478348 ms
liquid phase containers/connections/parcels 0.259698 ms
cell storage 89 tets 778 knots 261 geometry 0.6973 curve 1.0916 ms
cell storage 90 tets 395 knots 148 geometry 0.3220 curve 0.6539 ms
cell storage 105 tets 501 knots 175 geometry 0.4227 curve 0.6286 ms
cell storage 106 tets 324 knots 122 geometry 0.3345 curve 0.4985 ms
liquid phase solid storage 6.702091 ms
liquid phase surface step 1.170978 ms
liquid phase loading 2.563455 ms
liquid phase containers/connections/parcels 0.108534 ms
cell storage 89 tets 766 knots 260 geometry 0.7141 curve 1.1317 ms
cell storage 90 tets 399 knots 149 geometry 0.3180 curve 0.5155 ms
cell storage 105 tets 501 knots 176 geometry 0.4163 curve 0.6945 ms
cell storage 106 tets 324 knots 123 geometry 0.2297 curve 0.5011 ms
liquid phase solid storage 6.458257 ms
liquid phase surface step 1.193988 ms
liquid phase loading 2.646334 ms
liquid phase containers/connections/parcels 0.108708 ms
cell storage 89 tets 758 knots 257 geometry 0.6161 curve 1.3406 ms
cell storage 90 tets 399 knots 148 geometry 0.2898 curve 0.5568 ms
cell storage 105 tets 529 knots 180 geometry 0.3972 curve 0.6916 ms
cell storage 106 tets 324 knots 122 geometry 0.2279 curve 0.5153 ms
liquid phase solid storage 6.758359 ms
liquid phase surface step 1.577240 ms
liquid phase loading 3.336703 ms
liquid phase containers/connections/parcels 0.107067 ms
cell storage 89 tets 758 knots 256 geometry 0.6252 curve 1.1230 ms
cell storage 90 tets 399 knots 151 geometry 0.2949 curve 0.5117 ms
cell storage 105 tets 529 knots 181 geometry 0.5263 curve 0.6943 ms
cell storage 106 tets 324 knots 123 geometry 0.2548 curve 0.4360 ms
liquid phase solid storage 7.247681 ms
liquid phase surface step 1.461355 ms
liquid phase loading 2.248885 ms
liquid phase containers/connections/parcels 0.106597 ms
cell storage 89 tets 726 knots 251 geometry 0.5894 curve 0.9688 ms
cell storage 90 tets 364 knots 140 geometry 0.2702 curve 0.4429 ms
cell storage 105 tets 529 knots 180 geometry 0.4629 curve 0.7400 ms
cell storage 106 tets 320 knots 122 geometry 0.3776 curve 0.6159 ms
liquid phase solid storage 7.137332 ms
liquid phase surface step 1.338873 ms
liquid phase loading 2.071772 ms
liquid phase containers/connections/parcels 0.106647 ms
cell storage 89 tets 710 knots 247 geometry 0.5664 curve 0.9849 ms
cell storage 90 tets 364 knots 139 geometry 0.2701 curve 0.5909 ms
cell storage 105 tets 529 knots 183 geometry 0.4096 curve 1.0852 ms
cell storage 106 tets 320 knots 122 geometry 0.3275 curve 0.5781 ms
liquid phase solid storage 7.221220 ms
liquid phase surface step 1.281522 ms
liquid phase loading 2.656577 ms
liquid phase containers/connections/parcels 0.109470 ms
cell storage 89 tets 673 knots 241 geometry 0.5177 curve 1.0695 ms
cell storage 90 tets 364 knots 140 geometry 0.2978 curve 0.5517 ms
cell storage 105 tets 529 knots 182 geometry 0.4377 curve 0.7521 ms
cell storage 106 tets 324 knots 121 geometry 0.2430 curve 0.3899 ms
liquid phase solid storage 6.477010 ms
liquid phase surface step 1.171642 ms
liquid phase loading 2.038207 ms
liquid phase containers/connections/parcels 0.106273 ms
cell storage 89 tets 680 knots 241 geometry 0.5151 curve 0.9540 ms
cell storage 90 tets 364 knots 140 geometry 0.3107 curve 0.6440 ms
cell storage 105 tets 529 knots 182 geometry 0.4621 curve 0.7906 ms
cell storage 106 tets 324 knots 121 geometry 0.4576 curve 0.4132 ms
liquid phase solid storage 6.582259 ms
liquid phase surface step 1.194245 ms
liquid phase loading 2.161208 ms
liquid phase containers/connections/parcels 0.133141 ms
cell storage 89 tets 680 knots 241 geometry 0.5463 curve 0.8977 ms
cell storage 90 tets 364 knots 140 geometry 0.3725 curve 0.4656 ms
cell storage 105 tets 513 knots 179 geometry 0.5719 curve 0.9727 ms
cell storage 106 tets 324 knots 122 geometry 0.2881 curve 0.4215 ms
liquid phase solid storage 6.676200 ms
liquid phase surface step 1.367440 ms
liquid phase loading 2.484967 ms
liquid phase containers/connections/parcels 0.106478 ms
cell storage 89 tets 666 knots 236 geometry 0.5225 curve 1.0126 ms
cell storage 90 tets 364 knots 139 geometry 0.2876 curve 0.5267 ms
cell storage 105 tets 497 knots 176 geometry 0.4446 curve 0.7733 ms
cell storage 106 tets 324 knots 121 geometry 0.2475 curve 0.4263 ms
liquid phase solid storage 6.464304 ms
liquid phase surface step 1.550433 ms
liquid phase loading 2.135258 ms
liquid phase containers/connections/parcels 0.109383 ms
cell storage 89 tets 655 knots 233 geometry 0.5046 curve 0.9609 ms
cell storage 90 tets 364 knots 139 geometry 0.3200 curve 0.4709 ms
cell storage 105 tets 497 knots 177 geometry 0.4554 curve 0.8516 ms
cell storage 106 tets 324 knots 121 geometry 0.3586 curve 0.4683 ms
liquid phase solid storage 6.591123 ms
liquid phase surface step 1.678696 ms
liquid phase loading 2.107150 ms
liquid phase containers/connections/parcels 0.106652 ms
cell storage 89 tets 614 knots 223 geometry 0.5706 curve 0.9884 ms
cell storage 90 tets 352 knots 136 geometry 0.3965 curve 0.4756 ms
cell storage 105 tets 505 knots 180 geometry 0.4539 curve 0.7160 ms
cell storage 106 tets 324 knots 121 geometry 0.2671 curve 0.4003 ms
liquid phase solid storage 7.433644 ms
liquid phase surface step 1.560176 ms
liquid phase loading 2.209924 ms
liquid phase containers/connections/parcels 0.136292 ms
cell storage 89 tets 614 knots 225 geometry 0.5519 curve 0.8747 ms
cell storage 90 tets 352 knots 137 geometry 0.2818 curve 0.5241 ms
cell storage 105 tets 505 knots 177 geometry 0.5503 curve 0.6909 ms
cell storage 106 tets 324 knots 121 geometry 0.2388 curve 0.5651 ms
liquid phase solid storage 7.056486 ms
liquid phase surface step 1.708408 ms
liquid phase loading 2.830518 ms
liquid phase containers/connections/parcels 0.213635 ms
cell storage 89 tets 614 knots 221 geometry 0.6823 curve 0.8988 ms
cell storage 90 tets 325 knots 130 geometry 0.3148 curve 0.4525 ms
cell storage 105 tets 505 knots 178 geometry 0.4674 curve 0.7367 ms
cell storage 106 tets 324 knots 122 geometry 0.2398 curve 0.4229 ms
liquid phase solid storage 6.819277 ms
liquid phase surface step 1.920808 ms
liquid phase loading 2.597177 ms
liquid phase containers/connections/parcels 0.122620 ms
cell storage 89 tets 614 knots 221 geometry 0.8233 curve 0.8741 ms
cell storage 90 tets 325 knots 129 geometry 0.3099 curve 0.4220 ms
cell storage 105 tets 525 knots 182 geometry 0.4466 curve 0.7421 ms
cell storage 106 tets 324 knots 121 geometry 0.2683 curve 0.4269 ms
liquid phase solid storage 7.111342 ms
liquid phase surface step 1.595617 ms
liquid phase loading 2.749270 ms
liquid phase containers/connections/parcels 0.110621 ms
cell storage 89 tets 614 knots 221 geometry 0.5120 curve 0.8663 ms
cell storage 90 tets 360 knots 140 geometry 0.2756 curve 0.4888 ms
cell storage 105 tets 525 knots 180 geometry 0.4468 curve 0.9166 ms
cell storage 106 tets 324 knots 121 geometry 0.3125 curve 0.4721 ms
liquid phase solid storage 7.236134 ms
liquid phase surface step 2.070233 ms
liquid phase loading 2.141252 ms
liquid phase containers/connections/parcels 0.137677 ms
cell storage 89 tets 610 knots 221 geometry 0.5319 curve 0.8455 ms
cell storage 90 tets 360 knots 139 geometry 0.3178 curve 0.4443 ms
cell storage 105 tets 525 knots 180 geometry 0.4650 curve 0.7262 ms
cell storage 106 tets 324 knots 121 geometry 0.2402 curve 0.5521 ms
liquid phase solid storage 7.240286 ms
liquid phase surface step 2.128176 ms
liquid phase loading 2.332455 ms
liquid phase containers/connections/parcels 0.128736 ms
cell storage 89 tets 610 knots 222 geometry 0.5745 curve 1.1182 ms
cell storage 90 tets 360 knots 140 geometry 0.4709 curve 0.5876 ms
cell storage 105 tets 525 knots 183 geometry 0.8854 curve 0.8980 ms
cell storage 106 tets 324 knots 121 geometry 0.5285 curve 0.5796 ms
liquid phase solid storage 8.799042 ms
liquid phase surface step 1.630115 ms
liquid phase loading 2.373730 ms
liquid phase containers/connections/parcels 0.114104 ms
cell storage 89 tets 610 knots 222 geometry 0.5256 curve 0.9021 ms
cell storage 90 tets 360 knots 139 geometry 0.3168 curve 0.7292 ms
cell storage 105 tets 525 knots 181 geometry 0.4635 curve 0.8262 ms
cell storage 106 tets 324 knots 121 geometry 0.2704 curve 0.4551 ms
liquid phase solid storage 7.009893 ms
liquid phase surface step 1.514969 ms
liquid phase loading 2.235168 ms
liquid phase containers/connections/parcels 0.129361 ms
cell storage 89 tets 610 knots 222 geometry 0.5064 curve 1.0143 ms
cell storage 90 tets 360 knots 140 geometry 0.2902 curve 0.5703 ms
cell storage 105 tets 525 knots 181 geometry 0.4461 curve 0.7272 ms
cell storage 106 tets 324 knots 123 geometry 0.2581 curve 0.4213 ms
liquid phase solid storage 6.630451 ms
liquid phase surface step 1.586154 ms
liquid phase loading 2.905551 ms
liquid phase containers/connections/parcels 0.112046 ms
cell storage 89 tets 610 knots 221 geometry 0.6028 curve 1.0883 ms
cell storage 90 tets 360 knots 138 geometry 0.2860 curve 0.4770 ms
cell storage 105 tets 525 knots 181 geometry 0.4235 curve 0.7125 ms
cell storage 106 tets 320 knots 120 geometry 0.2393 curve 0.4057 ms
liquid phase solid storage 6.907655 ms
liquid phase surface step 1.603054 ms
liquid phase loading 2.513562 ms
liquid phase containers/connections/parcels 0.121871 ms
cell storage 89 tets 599 knots 219 geometry 0.5379 curve 0.9761 ms
cell storage 90 tets 360 knots 138 geometry 0.2931 curve 0.4867 ms
cell storage 105 tets 533 knots 184 geometry 0.4297 curve 0.7351 ms
cell storage 106 tets 304 knots 118 geometry 0.2799 curve 0.4539 ms
liquid phase solid storage 6.820489 ms
liquid phase surface step 1.662258 ms
liquid phase loading 2.531785 ms
liquid phase containers/connections/parcels 0.116372 ms
cell storage 89 tets 569 knots 211 geometry 0.4299 curve 0.8052 ms
cell storage 90 tets 360 knots 140 geometry 0.2773 curve 0.4778 ms
cell storage 105 tets 533 knots 185 geometry 0.5460 curve 0.8204 ms
cell storage 106 tets 300 knots 118 geometry 0.2439 curve 0.3927 ms
liquid phase solid storage 6.908456 ms
liquid phase surface step 1.797088 ms
liquid phase loading 2.113411 ms
liquid phase containers/connections/parcels 0.106532 ms
cell storage 89 tets 569 knots 209 geometry 0.5295 curve 0.7962 ms
cell storage 90 tets 360 knots 138 geometry 0.2884 curve 0.5649 ms
cell storage 105 tets 533 knots 183 geometry 0.5469 curve 1.1547 ms
cell storage 106 tets 300 knots 117 geometry 0.2567 curve 0.4020 ms
liquid phase solid storage 7.910574 ms
liquid phase surface step 1.589252 ms
liquid phase loading 2.114613 ms
liquid phase containers/connections/parcels 0.133781 ms
cell storage 89 tets 569 knots 211 geometry 0.5733 curve 0.8303 ms
cell storage 90 tets 360 knots 138 geometry 0.3220 curve 0.5270 ms
cell storage 105 tets 533 knots 185 geometry 0.4120 curve 0.7770 ms
cell storage 106 tets 300 knots 118 geometry 0.3256 curve 0.4355 ms
liquid phase solid storage 6.309517 ms
liquid phase surface step 1.130543 ms
liquid phase loading 2.023787 ms
liquid phase containers/connections/parcels 0.188230 ms
cell storage 89 tets 569 knots 211 geometry 0.4846 curve 0.8993 ms
cell storage 90 tets 360 knots 139 geometry 0.3566 curve 0.5533 ms
cell storage 105 tets 533 knots 184 geometry 0.4076 curve 0.8249 ms
cell storage 106 tets 300 knots 117 geometry 0.5233 curve 0.3801 ms
liquid phase solid storage 6.474605 ms
liquid phase surface step 1.147752 ms
liquid phase loading 2.230033 ms
liquid phase containers/connections/parcels 0.107680 ms
cell storage 89 tets 569 knots 212 geometry 0.4831 curve 0.7636 ms
cell storage 90 tets 360 knots 138 geometry 0.3393 curve 0.5322 ms
cell storage 105 tets 533 knots 185 geometry 0.4709 curve 0.7398 ms
cell storage 106 tets 300 knots 118 geometry 0.5455 curve 0.3749 ms
liquid phase solid storage 6.303169 ms
liquid phase surface step 1.164445 ms
liquid phase loading 2.082199 ms
liquid phase containers/connections/parcels 0.110308 ms
cell storage 89 tets 569 knots 211 geometry 0.4784 curve 0.7886 ms
cell storage 90 tets 364 knots 141 geometry 0.3046 curve 0.6274 ms
cell storage 105 tets 545 knots 185 geometry 0.5019 curve 0.7451 ms
cell storage 106 tets 300 knots 118 geometry 0.3539 curve 0.6487 ms
liquid phase solid storage 6.338413 ms
liquid phase surface step 1.169301 ms
liquid phase loading 2.157192 ms
liquid phase containers/connections/parcels 0.110037 ms
cell storage 89 tets 569 knots 210 geometry 0.4869 curve 0.8694 ms
cell storage 90 tets 364 knots 139 geometry 0.2968 curve 0.5567 ms
cell storage 105 tets 545 knots 185 geometry 0.5860 curve 0.8076 ms
cell storage 106 tets 300 knots 117 geometry 0.5545 curve 0.4109 ms
liquid phase solid storage 6.538639 ms
liquid phase surface step 1.210393 ms
liquid phase loading 2.159408 ms
liquid phase containers/connections/parcels 0.119810 ms
cell storage 89 tets 565 knots 211 geometry 0.4869 curve 0.7673 ms
cell storage 90 tets 372 knots 143 geometry 0.2919 curve 0.5027 ms
cell storage 105 tets 583 knots 195 geometry 0.4440 curve 1.0536 ms
cell storage 106 tets 300 knots 117 geometry 0.5154 curve 0.3963 ms
liquid phase solid storage 6.387186 ms
liquid phase surface step 1.220435 ms
liquid phase loading 2.308332 ms
liquid phase containers/connections/parcels 0.109455 ms
cell storage 89 tets 565 knots 210 geometry 0.4744 curve 0.7695 ms
cell storage 90 tets 372 knots 145 geometry 0.3885 curve 0.4894 ms
cell storage 105 tets 583 knots 194 geometry 0.4586 curve 1.1703 ms
cell storage 106 tets 300 knots 117 geometry 0.2761 curve 0.3542 ms
liquid phase solid storage 6.322538 ms
liquid phase surface step 1.158437 ms
liquid phase loading 2.342274 ms
liquid phase containers/connections/parcels 0.142828 ms
cell storage 89 tets 565 knots 209 geometry 0.5214 curve 0.9899 ms
cell storage 90 tets 372 knots 143 geometry 0.3432 curve 0.4472 ms
cell storage 105 tets 583 knots 195 geometry 0.5251 curve 0.9467 ms
cell storage 106 tets 300 knots 117 geometry 0.2457 curve 0.3963 ms
liquid phase solid storage 6.419347 ms
liquid phase surface step 1.188757 ms
liquid phase loading 2.344602 ms
liquid phase containers/connections/parcels 0.172302 ms
cell storage 89 tets 565 knots 208 geometry 0.4533 curve 0.9123 ms
cell storage 90 tets 372 knots 143 geometry 0.3076 curve 0.5235 ms
cell storage 105 tets 583 knots 195 geometry 0.4428 curve 0.9599 ms
cell storage 106 tets 300 knots 117 geometry 0.2727 curve 0.3966 ms
liquid phase solid storage 6.720533 ms
liquid phase surface step 1.153166 ms
liquid phase loading 2.372921 ms
liquid phase containers/connections/parcels 0.112571 ms
cell storage 89 tets 565 knots 210 geometry 0.9661 curve 0.8458 ms
cell storage 90 tets 392 knots 148 geometry 0.2767 curve 0.6310 ms
cell storage 105 tets 583 knots 195 geometry 0.6942 curve 1.0428 ms
cell storage 106 tets 316 knots 123 geometry 0.2489 curve 0.4609 ms
liquid phase solid storage 7.312508 ms
liquid phase surface step 1.207684 ms
liquid phase loading 2.457611 ms
liquid phase containers/connections/parcels 0.141049 ms
cell storage 89 tets 534 knots 204 geometry 0.4422 curve 0.8213 ms
cell storage 90 tets 392 knots 147 geometry 0.2841 curve 0.5088 ms
cell storage 105 tets 583 knots 198 geometry 0.4376 curve 1.0200 ms
cell storage 106 tets 316 knots 122 geometry 0.2924 curve 0.3766 ms
liquid phase solid storage 6.146371 ms
liquid phase surface step 1.152632 ms
liquid phase loading 2.473927 ms
liquid phase containers/connections/parcels 0.106524 ms
cell storage 89 tets 549 knots 205 geometry 0.4372 curve 0.9911 ms
cell storage 90 tets 392 knots 147 geometry 0.3461 curve 0.5046 ms
cell storage 105 tets 583 knots 194 geometry 0.7573 curve 0.8240 ms
cell storage 106 tets 312 knots 121 geometry 0.2309 curve 0.3933 ms
liquid phase solid storage 6.371667 ms
liquid phase surface step 1.307373 ms
liquid phase loading 2.920553 ms
liquid phase containers/connections/parcels 0.133667 ms
cell storage 89 tets 549 knots 206 geometry 0.7543 curve 0.9653 ms
cell storage 90 tets 392 knots 147 geometry 0.2923 curve 0.5554 ms
cell storage 105 tets 583 knots 195 geometry 0.4514 curve 0.8607 ms
cell storage 106 tets 312 knots 121 geometry 0.3163 curve 0.4286 ms
liquid phase solid storage 7.232649 ms
liquid phase surface step 1.743993 ms
liquid phase loading 2.345042 ms
liquid phase containers/connections/parcels 0.151519 ms
cell storage 89 tets 549 knots 204 geometry 0.4869 curve 0.7857 ms
cell storage 90 tets 392 knots 148 geometry 0.2732 curve 0.5254 ms
cell storage 105 tets 583 knots 194 geometry 0.4276 curve 0.7796 ms
cell storage 106 tets 308 knots 120 geometry 0.2343 curve 0.3873 ms
liquid phase solid storage 6.700908 ms
liquid phase surface step 1.218930 ms
liquid phase loading 2.325610 ms
liquid phase containers/connections/parcels 0.137667 ms
cell storage 89 tets 549 knots 206 geometry 0.4850 curve 0.7424 ms
cell storage 90 tets 392 knots 148 geometry 0.2726 curve 0.4805 ms
cell storage 105 tets 583 knots 197 geometry 0.5320 curve 0.7734 ms
cell storage 106 tets 308 knots 121 geometry 0.3178 curve 0.6207 ms
liquid phase solid storage 6.884311 ms
liquid phase surface step 1.302992 ms
liquid phase loading 2.274068 ms
liquid phase containers/connections/parcels 0.148006 ms
cell storage 89 tets 549 knots 205 geometry 0.4656 curve 0.7742 ms
cell storage 90 tets 392 knots 149 geometry 0.3180 curve 0.5765 ms
cell storage 105 tets 583 knots 195 geometry 0.4732 curve 0.7950 ms
cell storage 106 tets 308 knots 120 geometry 0.2360 curve 0.4481 ms
liquid phase solid storage 6.138298 ms
liquid phase surface step 1.984791 ms
liquid phase loading 2.103580 ms
liquid phase containers/connections/parcels 0.106839 ms
cell storage 89 tets 549 knots 207 geometry 0.4331 curve 0.8577 ms
cell storage 90 tets 392 knots 148 geometry 0.4904 curve 0.5387 ms
cell storage 105 tets 583 knots 194 geometry 0.4272 curve 0.7725 ms
cell storage 106 tets 308 knots 120 geometry 0.2220 curve 0.5140 ms
liquid phase solid storage 7.108888 ms
liquid phase surface step 2.186692 ms
liquid phase loading 2.531312 ms
liquid phase containers/connections/parcels 0.107080 ms
cell storage 89 tets 549 knots 204 geometry 0.4513 curve 0.7676 ms
cell storage 90 tets 392 knots 148 geometry 0.2724 curve 0.5127 ms
cell storage 105 tets 591 knots 200 geometry 0.5273 curve 1.0004 ms
cell storage 106 tets 308 knots 121 geometry 0.3802 curve 0.5725 ms
liquid phase solid storage 6.692672 ms
liquid phase surface step 1.336843 ms
liquid phase loading 2.520088 ms
liquid phase containers/connections/parcels 0.125965 ms
cell storage 89 tets 549 knots 204 geometry 0.4288 curve 0.7581 ms
cell storage 90 tets 392 knots 147 geometry 0.3222 curve 0.5495 ms
cell storage 105 tets 591 knots 199 geometry 0.7644 curve 1.1457 ms
cell storage 106 tets 308 knots 121 geometry 0.2289 curve 0.3799 ms
liquid phase solid storage 6.749534 ms
liquid phase surface step 1.236303 ms
liquid phase loading 2.479748 ms
liquid phase containers/connections/parcels 0.120941 ms
cell storage 89 tets 557 knots 210 geometry 0.4570 curve 0.8352 ms
cell storage 90 tets 419 knots 155 geometry 0.5386 curve 0.8709 ms
cell storage 105 tets 619 knots 204 geometry 0.6300 curve 0.8715 ms
cell storage 106 tets 308 knots 122 geometry 0.2402 curve 0.4034 ms
liquid phase solid storage 7.457743 ms
liquid phase surface step 1.377634 ms
liquid phase loading 2.084543 ms
liquid phase containers/connections/parcels 0.110370 ms
cell storage 89 tets 557 knots 209 geometry 0.7636 curve 1.2052 ms
cell storage 90 tets 419 knots 153 geometry 0.2893 curve 0.5759 ms
cell storage 105 tets 619 knots 202 geometry 0.6698 curve 1.0540 ms
cell storage 106 tets 308 knots 121 geometry 0.2299 curve 0.4118 ms
liquid phase solid storage 7.603745 ms
liquid phase surface step 1.174408 ms
liquid phase loading 2.427197 ms
liquid phase containers/connections/parcels 0.190413 ms
cell storage 89 tets 557 knots 207 geometry 0.8057 curve 0.9881 ms
cell storage 90 tets 419 knots 155 geometry 0.3620 curve 0.5595 ms
cell storage 105 tets 619 knots 204 geometry 0.5148 curve 0.9079 ms
cell storage 106 tets 308 knots 121 geometry 0.2867 curve 0.3741 ms
liquid phase solid storage 7.045427 ms
liquid phase surface step 1.175730 ms
liquid phase loading 2.831312 ms
liquid phase containers/connections/parcels 0.109986 ms
cell storage 89 tets 561 knots 208 geometry 0.5318 curve 0.7885 ms
cell storage 90 tets 431 knots 158 geometry 0.2886 curve 0.5988 ms
cell storage 105 tets 619 knots 203 geometry 0.4993 curve 0.8583 ms
cell storage 106 tets 308 knots 120 geometry 0.2576 curve 0.3882 ms
liquid phase solid storage 6.355160 ms
liquid phase surface step 1.745904 ms
liquid phase loading 2.390721 ms
liquid phase containers/connections/parcels 0.232806 ms
cell storage 89 tets 561 knots 207 geometry 0.4874 curve 0.7595 ms
cell storage 90 tets 431 knots 157 geometry 0.3705 curve 0.5940 ms
cell storage 105 tets 631 knots 204 geometry 0.4650 curve 0.8864 ms
cell storage 106 tets 308 knots 121 geometry 0.2436 curve 0.4302 ms
liquid phase solid storage 6.562615 ms
liquid phase surface step 1.175945 ms
liquid phase loading 2.986806 ms
liquid phase containers/connections/parcels 0.109667 ms
cell storage 89 tets 557 knots 208 geometry 0.5023 curve 0.9300 ms
cell storage 90 tets 431 knots 156 geometry 0.3596 curve 0.6146 ms
cell storage 105 tets 619 knots 202 geometry 0.4551 curve 0.8199 ms
cell storage 106 tets 308 knots 120 geometry 0.2446 curve 0.4491 ms
liquid phase solid storage 6.506701 ms
liquid phase surface step 1.664729 ms
liquid phase loading 2.711849 ms
liquid phase containers/connections/parcels 0.110096 ms
cell storage 89 tets 514 knots 197 geometry 0.4603 curve 0.7098 ms
cell storage 90 tets 435 knots 158 geometry 0.3244 curve 0.5549 ms
cell storage 105 tets 619 knots 203 geometry 0.4499 curve 0.8650 ms
cell storage 106 tets 308 knots 120 geometry 0.2274 curve 0.4318 ms
liquid phase solid storage 6.693613 ms
liquid phase surface step 2.184438 ms
liquid phase loading 2.686253 ms
liquid phase containers/connections/parcels 0.106646 ms
cell storage 89 tets 518 knots 199 geometry 0.4507 curve 0.7427 ms
cell storage 90 tets 435 knots 159 geometry 0.3178 curve 0.5558 ms
cell storage 105 tets 569 knots 190 geometry 0.5454 curve 0.7791 ms
cell storage 106 tets 339 knots 127 geometry 0.3929 curve 0.6108 ms
liquid phase solid storage 7.145828 ms
liquid phase surface step 1.347622 ms
liquid phase loading 2.485122 ms
liquid phase containers/connections/parcels 0.128955 ms
cell storage 89 tets 518 knots 198 geometry 0.4141 curve 0.7746 ms
cell storage 90 tets 435 knots 161 geometry 0.2914 curve 0.6718 ms
cell storage 105 tets 573 knots 192 geometry 0.7782 curve 1.1449 ms
cell storage 106 tets 339 knots 129 geometry 0.3581 curve 0.4697 ms
liquid phase solid storage 7.336447 ms
liquid phase surface step 1.238424 ms
liquid phase loading 2.285817 ms
liquid phase containers/connections/parcels 0.133749 ms
cell storage 89 tets 518 knots 197 geometry 0.4360 curve 0.7864 ms
cell storage 90 tets 435 knots 159 geometry 0.5050 curve 0.9134 ms
cell storage 105 tets 573 knots 190 geometry 0.4683 curve 0.7597 ms
cell storage 106 tets 339 knots 128 geometry 0.2468 curve 0.4616 ms
liquid phase solid storage 6.911704 ms
liquid phase surface step 1.139641 ms
liquid phase loading 2.290265 ms
liquid phase containers/connections/parcels 0.110060 ms
cell storage 89 tets 518 knots 197 geometry 0.5508 curve 1.2247 ms
cell storage 90 tets 427 knots 159 geometry 0.5736 curve 0.5887 ms
cell storage 105 tets 520 knots 182 geometry 0.3718 curve 0.8187 ms
cell storage 106 tets 323 knots 124 geometry 0.2342 curve 0.4366 ms
liquid phase solid storage 6.977876 ms
liquid phase surface step 1.172211 ms
liquid phase loading 2.248254 ms
liquid phase containers/connections/parcels 0.169164 ms
cell storage 89 tets 518 knots 197 geometry 0.7992 curve 1.2135 ms
cell storage 90 tets 469 knots 169 geometry 0.5847 curve 0.8687 ms
cell storage 105 tets 505 knots 177 geometry 0.3835 curve 0.6501 ms
cell storage 106 tets 373 knots 139 geometry 0.2651 curve 0.4922 ms
liquid phase solid storage 7.593496 ms
liquid phase surface step 1.222844 ms
liquid phase loading 3.167497 ms
liquid phase containers/connections/parcels 0.199678 ms
cell storage 89 tets 518 knots 196 geometry 0.7187 curve 0.9716 ms
cell storage 90 tets 469 knots 169 geometry 0.3520 curve 0.6420 ms
cell storage 105 tets 440 knots 161 geometry 0.3765 curve 0.6516 ms
cell storage 106 tets 377 knots 139 geometry 0.2917 curve 0.4676 ms
liquid phase solid storage 7.183688 ms
liquid phase surface step 1.280479 ms
liquid phase loading 3.364540 ms
liquid phase containers/connections/parcels 0.138708 ms
cell storage 89 tets 518 knots 197 geometry 0.4715 curve 0.8030 ms
cell storage 90 tets 469 knots 168 geometry 0.3598 curve 0.6545 ms
cell storage 105 tets 440 knots 161 geometry 0.3751 curve 0.7148 ms
cell storage 106 tets 377 knots 140 geometry 0.2727 curve 0.5069 ms
liquid phase solid storage 6.453259 ms
liquid phase surface step 1.288312 ms
liquid phase loading 3.050300 ms
liquid phase containers/connections/parcels 0.108922 ms
cell storage 89 tets 522 knots 198 geometry 0.5151 curve 0.6927 ms
cell storage 90 tets 469 knots 168 geometry 0.4644 curve 0.7368 ms
cell storage 105 tets 436 knots 161 geometry 0.4266 curve 0.5855 ms
cell storage 106 tets 377 knots 140 geometry 0.2811 curve 0.4716 ms
liquid phase solid storage 6.554408 ms
liquid phase surface step 1.915606 ms
liquid phase loading 2.490400 ms
liquid phase containers/connections/parcels 0.110529 ms
cell storage 89 tets 522 knots 198 geometry 0.7499 curve 0.7902 ms
cell storage 90 tets 469 knots 168 geometry 0.3234 curve 0.7209 ms
cell storage 105 tets 436 knots 163 geometry 0.3191 curve 0.6178 ms
cell storage 106 tets 377 knots 139 geometry 0.2562 curve 0.4928 ms
liquid phase solid storage 7.479303 ms
liquid phase surface step 1.983830 ms
liquid phase loading 2.694094 ms
liquid phase containers/connections/parcels 0.110894 ms
cell storage 89 tets 538 knots 201 geometry 0.4987 curve 0.7402 ms
cell storage 90 tets 469 knots 168 geometry 0.3343 curve 0.6586 ms
cell storage 105 tets 436 knots 160 geometry 0.5310 curve 0.9113 ms
cell storage 106 tets 373 knots 139 geometry 0.3620 curve 0.4895 ms
liquid phase solid storage 7.019961 ms
liquid phase surface step 1.412045 ms
liquid phase loading 2.268476 ms
liquid phase containers/connections/parcels 0.109618 ms
cell storage 89 tets 615 knots 222 geometry 0.5202 curve 1.0727 ms
cell storage 90 tets 485 knots 166 geometry 0.5774 curve 0.8982 ms
cell storage 105 tets 517 knots 183 geometry 0.4027 curve 0.6888 ms
cell storage 106 tets 406 knots 146 geometry 0.2835 curve 0.5768 ms
liquid phase solid storage 7.519993 ms
liquid phase surface step 1.188807 ms
liquid phase loading 2.363408 ms
liquid phase containers/connections/parcels 0.178360 ms
cell storage 89 tets 627 knots 222 geometry 0.8467 curve 1.0896 ms
cell storage 90 tets 485 knots 167 geometry 0.3961 curve 0.6732 ms
cell storage 105 tets 517 knots 186 geometry 0.5264 curve 0.6973 ms
cell storage 106 tets 406 knots 147 geometry 0.2811 curve 0.7358 ms
liquid phase solid storage 7.551023 ms
liquid phase surface step 1.222663 ms
liquid phase loading 3.226375 ms
liquid phase containers/connections/parcels 0.108754 ms
cell storage 89 tets 627 knots 225 geometry 0.5409 curve 0.9374 ms
cell storage 90 tets 517 knots 172 geometry 0.3476 curve 0.6732 ms
cell storage 105 tets 537 knots 189 geometry 0.4508 curve 0.6943 ms
cell storage 106 tets 414 knots 149 geometry 0.3039 curve 0.5271 ms
liquid phase solid storage 6.658620 ms
liquid phase surface step 1.505031 ms
liquid phase loading 3.610357 ms
liquid phase containers/connections/parcels 0.242290 ms
cell storage 89 tets 663 knots 236 geometry 0.6292 curve 1.0869 ms
cell storage 90 tets 537 knots 172 geometry 0.3797 curve 0.9995 ms
cell storage 105 tets 545 knots 194 geometry 0.4839 curve 0.7099 ms
cell storage 106 tets 434 knots 153 geometry 0.3200 curve 0.5488 ms
liquid phase solid storage 7.817229 ms
liquid phase surface step 2.136507 ms
liquid phase loading 2.856028 ms
liquid phase containers/connections/parcels 0.161408 ms
cell storage 88 tets 183 knots 86 geometry 0.1251 curve 0.2318 ms
cell storage 89 tets 671 knots 243 geometry 0.5578 curve 0.9255 ms
cell storage 90 tets 537 knots 171 geometry 0.3526 curve 0.7074 ms
cell storage 105 tets 561 knots 202 geometry 0.4223 curve 1.0152 ms
cell storage 106 tets 442 knots 151 geometry 0.4692 curve 0.9287 ms
liquid phase solid storage 7.990673 ms
liquid phase surface step 1.247550 ms
liquid phase loading 2.407133 ms
liquid phase containers/connections/parcels 0.135539 ms
cell storage 88 tets 183 knots 86 geometry 0.1172 curve 0.2181 ms
cell storage 89 tets 655 knots 241 geometry 0.4951 curve 0.9314 ms
cell storage 90 tets 381 knots 134 geometry 0.3101 curve 0.7669 ms
cell storage 105 tets 559 knots 201 geometry 0.7839 curve 0.8228 ms
cell storage 106 tets 257 knots 104 geometry 0.1966 curve 0.3248 ms
liquid phase solid storage 7.619325 ms
liquid phase surface step 1.343797 ms
liquid phase loading 2.268733 ms
liquid phase containers/connections/parcels 0.129420 ms
cell storage 88 tets 183 knots 86 geometry 0.1367 curve 0.2402 ms
cell storage 89 tets 659 knots 241 geometry 0.8689 curve 1.3367 ms
cell storage 90 tets 381 knots 134 geometry 0.2547 curve 0.4955 ms
cell storage 105 tets 563 knots 201 geometry 0.3996 curve 0.8023 ms
cell storage 106 tets 257 knots 103 geometry 0.1840 curve 0.3395 ms
liquid phase solid storage 7.242320 ms
liquid phase surface step 1.231404 ms
liquid phase loading 2.601169 ms
liquid phase containers/connections/parcels 0.185075 ms
cell storage 88 tets 183 knots 86 geometry 0.2618 curve 0.3303 ms
cell storage 89 tets 675 knots 243 geometry 0.7987 curve 1.2406 ms
cell storage 90 tets 381 knots 134 geometry 0.2543 curve 0.4755 ms
cell storage 105 tets 563 knots 201 geometry 0.4741 curve 0.7378 ms
cell storage 106 tets 257 knots 103 geometry 0.1845 curve 0.3141 ms
liquid phase solid storage 7.435975 ms
liquid phase surface step 1.193235 ms
liquid phase loading 3.172103 ms
liquid phase containers/connections/parcels 0.139571 ms
cell storage 88 tets 183 knots 86 geometry 0.1238 curve 0.2987 ms
cell storage 89 tets 671 knots 243 geometry 0.5518 curve 0.9838 ms
cell storage 90 tets 381 knots 136 geometry 0.2528 curve 0.5082 ms
cell storage 105 tets 563 knots 201 geometry 0.4094 curve 0.7142 ms
cell storage 106 tets 253 knots 103 geometry 0.1804 curve 0.2945 ms
liquid phase solid storage 6.604197 ms
liquid phase surface step 2.159066 ms
liquid phase loading 2.513417 ms
liquid phase containers/connections/parcels 0.108780 ms
cell storage 88 tets 183 knots 86 geometry 0.2398 curve 0.2330 ms
cell storage 89 tets 671 knots 242 geometry 0.5247 curve 0.9202 ms
cell storage 90 tets 381 knots 135 geometry 0.2534 curve 0.4721 ms
cell storage 105 tets 563 knots 203 geometry 0.3945 curve 0.7943 ms
cell storage 106 tets 253 knots 103 geometry 0.1825 curve 0.3120 ms
liquid phase solid storage 7.678118 ms
liquid phase surface step 1.273595 ms
liquid phase loading 2.452210 ms
liquid phase containers/connections/parcels 0.130747 ms
cell storage 88 tets 183 knots 86 geometry 0.1192 curve 0.2179 ms
cell storage 89 tets 675 knots 243 geometry 0.5224 curve 0.8799 ms
cell storage 90 tets 381 knots 135 geometry 0.2649 curve 0.4734 ms
cell storage 105 tets 544 knots 199 geometry 0.6796 curve 1.0921 ms
cell storage 106 tets 249 knots 103 geometry 0.2958 curve 0.3424 ms
liquid phase solid storage 7.424898 ms
liquid phase surface step 1.176596 ms
liquid phase loading 2.313754 ms
liquid phase containers/connections/parcels 0.129408 ms
cell storage 88 tets 183 knots 86 geometry 0.1923 curve 0.2331 ms
cell storage 89 tets 675 knots 243 geometry 0.5946 curve 0.9337 ms
cell storage 90 tets 377 knots 134 geometry 0.4473 curve 0.5362 ms
cell storage 105 tets 544 knots 200 geometry 0.4017 curve 0.9857 ms
cell storage 106 tets 253 knots 103 geometry 0.3108 curve 0.4555 ms
liquid phase solid storage 8.435711 ms
liquid phase surface step 1.189376 ms
liquid phase loading 2.593776 ms
liquid phase containers/connections/parcels 0.106426 ms
cell storage 88 tets 183 knots 86 geometry 0.1381 curve 0.2605 ms
cell storage 89 tets 633 knots 234 geometry 0.4730 curve 1.1329 ms
cell storage 90 tets 377 knots 135 geometry 0.4180 curve 0.7053 ms
cell storage 105 tets 544 knots 197 geometry 0.4198 curve 0.7339 ms
cell storage 106 tets 253 knots 103 geometry 0.2297 curve 0.3030 ms
liquid phase solid storage 7.365546 ms
liquid phase surface step 1.270479 ms
liquid phase loading 2.396293 ms
liquid phase containers/connections/parcels 0.111122 ms
cell storage 88 tets 183 knots 86 geometry 0.2409 curve 0.3083 ms
cell storage 89 tets 633 knots 236 geometry 0.7903 curve 0.9842 ms
cell storage 90 tets 377 knots 134 geometry 0.2753 curve 0.5430 ms
cell storage 105 tets 544 knots 197 geometry 0.4780 curve 0.7099 ms
cell storage 106 tets 253 knots 103 geometry 0.2043 curve 0.3802 ms
liquid phase solid storage 7.600538 ms
liquid phase surface step 1.134114 ms
liquid phase loading 3.288403 ms
liquid phase containers/connections/parcels 0.106766 ms
cell storage 88 tets 183 knots 86 geometry 0.1185 curve 0.2407 ms
cell storage 89 tets 633 knots 232 geometry 0.5207 curve 0.9081 ms
cell storage 90 tets 369 knots 133 geometry 0.2488 curve 0.4754 ms
cell storage 105 tets 544 knots 197 geometry 0.4145 curve 0.8891 ms
cell storage 106 tets 241 knots 99 geometry 0.1777 curve 0.3169 ms
liquid phase solid storage 6.772004 ms
liquid phase surface step 1.338320 ms
liquid phase loading 3.176015 ms
liquid phase containers/connections/parcels 0.146161 ms
cell storage 88 tets 183 knots 86 geometry 0.1206 curve 0.2174 ms
cell storage 89 tets 633 knots 235 geometry 0.5018 curve 0.9445 ms
cell storage 90 tets 369 knots 134 geometry 0.3043 curve 0.5792 ms
cell storage 105 tets 544 knots 197 geometry 0.3949 curve 0.7161 ms
cell storage 106 tets 241 knots 99 geometry 0.1706 curve 0.2789 ms
liquid phase solid storage 7.346374 ms
liquid phase surface step 2.058878 ms
liquid phase loading 2.849363 ms
liquid phase containers/connections/parcels 0.107245 ms
cell storage 88 tets 183 knots 86 geometry 0.1608 curve 0.3419 ms
cell storage 89 tets 633 knots 234 geometry 0.4477 curve 0.8862 ms
cell storage 90 tets 357 knots 130 geometry 0.2708 curve 0.4580 ms
cell storage 105 tets 548 knots 198 geometry 0.4017 curve 0.9034 ms
cell storage 106 tets 233 knots 95 geometry 0.2976 curve 0.3908 ms
liquid phase solid storage 7.641717 ms
liquid phase surface step 1.174674 ms
liquid phase loading 2.742041 ms
liquid phase containers/connections/parcels 0.109232 ms
cell storage 88 tets 183 knots 86 geometry 0.1210 curve 0.2310 ms
cell storage 89 tets 633 knots 232 geometry 0.4544 curve 1.1306 ms
cell storage 90 tets 357 knots 131 geometry 0.4064 curve 0.6839 ms
cell storage 105 tets 548 knots 198 geometry 0.4185 curve 0.7127 ms
cell storage 106 tets 233 knots 96 geometry 0.1790 curve 0.2684 ms
liquid phase solid storage 7.207617 ms
liquid phase surface step 1.231788 ms
liquid phase loading 2.437624 ms
liquid phase containers/connections/parcels 0.108952 ms
cell storage 88 tets 183 knots 86 geometry 0.2584 curve 0.3152 ms
cell storage 89 tets 633 knots 231 geometry 0.7610 curve 0.9596 ms
cell storage 90 tets 357 knots 130 geometry 0.2459 curve 0.5220 ms
cell storage 105 tets 544 knots 197 geometry 0.3963 curve 0.8686 ms
cell storage 106 tets 233 knots 95 geometry 0.1748 curve 0.3301 ms
liquid phase solid storage 7.741300 ms
liquid phase surface step 1.149733 ms
liquid phase loading 2.738210 ms
liquid phase containers/connections/parcels 0.112683 ms
cell storage 88 tets 183 knots 86 geometry 0.1353 curve 0.2439 ms
cell storage 89 tets 633 knots 231 geometry 0.5425 curve 0.9326 ms
cell storage 90 tets 357 knots 131 geometry 0.2805 curve 0.4956 ms
cell storage 105 tets 544 knots 198 geometry 0.4972 curve 0.7029 ms
cell storage 106 tets 252 knots 101 geometry 0.2214 curve 0.3255 ms
liquid phase solid storage 7.389565 ms
liquid phase surface step 1.220346 ms
liquid phase loading 2.319575 ms
liquid phase containers/connections/parcels 0.145442 ms
cell storage 88 tets 179 knots 85 geometry 0.0997 curve 0.2176 ms
cell storage 89 tets 633 knots 233 geometry 0.5298 curve 0.9043 ms
cell storage 90 tets 345 knots 128 geometry 0.2759 curve 0.4691 ms
cell storage 105 tets 548 knots 197 geometry 0.4422 curve 0.7785 ms
cell storage 106 tets 252 knots 101 geometry 0.2009 curve 0.4676 ms
liquid phase solid storage 7.164148 ms
liquid phase surface step 1.252345 ms
liquid phase loading 4.149493 ms
liquid phase containers/connections/parcels 0.203806 ms
cell storage 88 tets 179 knots 85 geometry 0.1764 curve 0.3674 ms
cell storage 89 tets 633 knots 236 geometry 0.8446 curve 1.3065 ms
cell storage 90 tets 337 knots 124 geometry 0.4590 curve 0.6775 ms
cell storage 105 tets 548 knots 200 geometry 0.6585 curve 1.1324 ms
cell storage 106 tets 252 knots 101 geometry 0.3485 curve 0.4992 ms
liquid phase solid storage 11.443833 ms
liquid phase surface step 1.674896 ms
liquid phase loading 2.382142 ms
liquid phase containers/connections/parcels 0.106684 ms
cell storage 88 tets 179 knots 85 geometry 0.0931 curve 0.2508 ms
cell storage 89 tets 633 knots 232 geometry 0.5230 curve 0.8675 ms
cell storage 90 tets 337 knots 125 geometry 0.2419 curve 0.4419 ms
cell storage 105 tets 548 knots 199 geometry 0.4410 curve 0.7760 ms
cell storage 106 tets 252 knots 101 geometry 0.2161 curve 0.3107 ms
liquid phase solid storage 7.112648 ms
liquid phase surface step 1.233948 ms
liquid phase loading 2.350338 ms
liquid phase containers/connections/parcels 0.110235 ms
cell storage 88 tets 179 knots 85 geometry 0.0931 curve 0.2166 ms
cell storage 89 tets 633 knots 232 geometry 0.4963 curve 0.9231 ms
cell storage 90 tets 337 knots 125 geometry 0.2514 curve 0.4096 ms
cell storage 105 tets 548 knots 198 geometry 0.4329 curve 0.7081 ms
cell storage 106 tets 252 knots 101 geometry 0.2050 curve 0.3136 ms
liquid phase solid storage 6.745314 ms
liquid phase surface step 1.173655 ms
liquid phase loading 2.469870 ms
liquid phase containers/connections/parcels 0.124191 ms
cell storage 88 tets 179 knots 85 geometry 0.1203 curve 0.2261 ms
cell storage 89 tets 633 knots 235 geometry 0.5176 curve 0.9317 ms
cell storage 90 tets 337 knots 125 geometry 0.2723 curve 0.4287 ms
cell storage 105 tets 544 knots 197 geometry 0.6097 curve 1.2402 ms
cell storage 106 tets 252 knots 102 geometry 0.3667 curve 0.5177 ms
liquid phase solid storage 9.032166 ms
liquid phase surface step 2.409262 ms
liquid phase loading 3.917194 ms
liquid phase containers/connections/parcels 0.118722 ms
cell storage 88 tets 179 knots 85 geometry 0.0902 curve 0.2369 ms
cell storage 89 tets 606 knots 224 geometry 0.4575 curve 0.8547 ms
cell storage 90 tets 261 knots 103 geometry 0.2181 curve 0.3193 ms
cell storage 105 tets 498 knots 187 geometry 0.4505 curve 0.6674 ms
cell storage 106 tets 252 knots 101 geometry 0.1973 curve 0.3389 ms
liquid phase solid storage 6.759566 ms
liquid phase surface step 1.235567 ms
liquid phase loading 2.691357 ms
liquid phase containers/connections/parcels 0.108605 ms
cell storage 88 tets 179 knots 85 geometry 0.0925 curve 0.2221 ms
cell storage 89 tets 606 knots 223 geometry 0.4390 curve 0.8526 ms
cell storage 90 tets 261 knots 101 geometry 0.2533 curve 0.3620 ms
cell storage 105 tets 498 knots 185 geometry 0.3954 curve 0.6908 ms
cell storage 106 tets 252 knots 101 geometry 0.2063 curve 0.3323 ms
liquid phase solid storage 6.562721 ms
liquid phase surface step 1.511317 ms
liquid phase loading 2.347417 ms
liquid phase containers/connections/parcels 0.113486 ms
cell storage 88 tets 179 knots 85 geometry 0.0957 curve 0.2106 ms
cell storage 89 tets 606 knots 225 geometry 0.4614 curve 0.8843 ms
cell storage 90 tets 269 knots 104 geometry 0.2017 curve 0.3149 ms
cell storage 105 tets 498 knots 186 geometry 0.6142 curve 0.7813 ms
cell storage 106 tets 252 knots 101 geometry 0.1992 curve 0.3910 ms
liquid phase solid storage 7.137205 ms
liquid phase surface step 1.172466 ms
liquid phase loading 2.838607 ms
liquid phase containers/connections/parcels 0.124174 ms
cell storage 88 tets 152 knots 72 geometry 0.0880 curve 0.1757 ms
cell storage 89 tets 606 knots 223 geometry 0.4277 curve 1.1476 ms
cell storage 90 tets 269 knots 105 geometry 0.2519 curve 0.3240 ms
cell storage 105 tets 518 knots 191 geometry 0.5194 curve 0.7502 ms
cell storage 106 tets 256 knots 101 geometry 0.2539 curve 0.2986 ms
liquid phase solid storage 7.139234 ms
liquid phase surface step 1.344687 ms
liquid phase loading 2.380951 ms
liquid phase containers/connections/parcels 0.109967 ms
cell storage 89 tets 606 knots 223 geometry 0.6013 curve 0.9594 ms
cell storage 90 tets 269 knots 104 geometry 0.2325 curve 0.3845 ms
cell storage 105 tets 506 knots 188 geometry 0.4137 curve 0.6676 ms
cell storage 106 tets 256 knots 101 geometry 0.2310 curve 0.3385 ms
liquid phase solid storage 7.198233 ms
liquid phase surface step 1.225046 ms
liquid phase loading 2.758462 ms
liquid phase containers/connections/parcels 0.131211 ms
cell storage 89 tets 606 knots 223 geometry 0.5365 curve 0.9764 ms
cell storage 90 tets 269 knots 104 geometry 0.2452 curve 0.3363 ms
cell storage 105 tets 490 knots 183 geometry 0.3610 curve 0.6391 ms
cell storage 106 tets 256 knots 101 geometry 0.3087 curve 0.3799 ms
liquid phase solid storage 6.721076 ms
liquid phase surface step 1.262061 ms
liquid phase loading 2.687405 ms
liquid phase containers/connections/parcels 0.119655 ms
cell storage 89 tets 606 knots 223 geometry 0.5198 curve 0.9416 ms
cell storage 90 tets 269 knots 105 geometry 0.2544 curve 0.3360 ms
cell storage 105 tets 490 knots 183 geometry 0.7460 curve 0.9052 ms
cell storage 106 tets 256 knots 103 geometry 0.2256 curve 0.3132 ms
liquid phase solid storage 7.020197 ms
liquid phase surface step 1.626031 ms
liquid phase loading 2.503961 ms
liquid phase containers/connections/parcels 0.118127 ms
cell storage 89 tets 606 knots 224 geometry 0.5168 curve 1.0392 ms
cell storage 90 tets 269 knots 104 geometry 0.4919 curve 0.3463 ms
cell storage 105 tets 520 knots 192 geometry 0.3716 curve 0.6871 ms
cell storage 106 tets 256 knots 101 geometry 0.1913 curve 0.2994 ms
liquid phase solid storage 7.400346 ms
liquid phase surface step 2.041440 ms
liquid phase loading 3.177456 ms
liquid phase containers/connections/parcels 0.109578 ms
cell storage 89 tets 606 knots 222 geometry 0.6207 curve 1.1262 ms
cell storage 90 tets 269 knots 104 geometry 0.2353 curve 0.4354 ms
cell storage 105 tets 520 knots 190 geometry 0.6300 curve 0.7677 ms
cell storage 106 tets 256 knots 101 geometry 0.2046 curve 0.3403 ms
liquid phase solid storage 8.103967 ms
liquid phase surface step 1.751199 ms
liquid phase loading 2.552405 ms
liquid phase containers/connections/parcels 0.133912 ms
cell storage 89 tets 606 knots 225 geometry 0.5941 curve 0.8910 ms
cell storage 90 tets 269 knots 105 geometry 0.2523 curve 0.4235 ms
cell storage 105 tets 520 knots 190 geometry 0.4208 curve 0.7660 ms
cell storage 106 tets 256 knots 101 geometry 0.1962 curve 0.3626 ms
liquid phase solid storage 7.834862 ms
liquid phase surface step 1.247295 ms
liquid phase loading 2.669219 ms
liquid phase containers/connections/parcels 0.112845 ms
cell storage 89 tets 622 knots 227 geometry 0.6838 curve 1.1774 ms
cell storage 90 tets 269 knots 105 geometry 0.3076 curve 0.3467 ms
cell storage 105 tets 520 knots 190 geometry 0.6273 curve 1.0660 ms
cell storage 106 tets 256 knots 101 geometry 0.2459 curve 0.4189 ms
liquid phase solid storage 9.203090 ms
liquid phase surface step 1.308298 ms
liquid phase loading 2.498333 ms
liquid phase containers/connections/parcels 0.188030 ms
cell storage 89 tets 622 knots 229 geometry 0.6107 curve 1.2664 ms
cell storage 90 tets 269 knots 104 geometry 0.3155 curve 0.3564 ms
cell storage 105 tets 520 knots 191 geometry 0.4587 curve 0.7286 ms
cell storage 106 tets 268 knots 104 geometry 0.2676 curve 0.4505 ms
liquid phase solid storage 8.128625 ms
liquid phase surface step 1.176229 ms
liquid phase loading 2.983351 ms
liquid phase containers/connections/parcels 0.113633 ms
cell storage 89 tets 618 knots 227 geometry 0.5033 curve 0.8644 ms
cell storage 90 tets 288 knots 111 geometry 0.2660 curve 0.4949 ms
cell storage 105 tets 520 knots 189 geometry 0.4906 curve 0.6538 ms
cell storage 106 tets 268 knots 105 geometry 0.2220 curve 0.3213 ms
liquid phase solid storage 6.700772 ms
liquid phase surface step 1.585825 ms
liquid phase loading 2.484441 ms
liquid phase containers/connections/parcels 0.110010 ms
cell storage 89 tets 618 knots 227 geometry 0.4418 curve 0.9045 ms
cell storage 90 tets 288 knots 110 geometry 0.2399 curve 0.3564 ms
cell storage 105 tets 520 knots 190 geometry 0.3806 curve 0.6850 ms
cell storage 106 tets 268 knots 104 geometry 0.3695 curve 0.3670 ms
liquid phase solid storage 7.418262 ms
liquid phase surface step 1.488919 ms
liquid phase loading 2.508513 ms
liquid phase containers/connections/parcels 0.108209 ms
cell storage 89 tets 618 knots 227 geometry 0.4696 curve 0.8354 ms
cell storage 90 tets 288 knots 111 geometry 0.2067 curve 0.3820 ms
cell storage 105 tets 516 knots 190 geometry 0.3734 curve 0.6906 ms
cell storage 106 tets 268 knots 104 geometry 0.2981 curve 0.4938 ms
liquid phase solid storage 7.420246 ms
liquid phase surface step 1.729183 ms
liquid phase loading 2.419672 ms
liquid phase containers/connections/parcels 0.109003 ms
cell storage 89 tets 618 knots 228 geometry 0.4370 curve 0.8153 ms
cell storage 90 tets 288 knots 110 geometry 0.2078 curve 0.3740 ms
cell storage 105 tets 516 knots 191 geometry 0.6120 curve 0.7367 ms
cell storage 106 tets 268 knots 104 geometry 0.2190 curve 0.3671 ms
liquid phase solid storage 6.810915 ms
liquid phase surface step 1.251054 ms
liquid phase loading 2.275401 ms
liquid phase containers/connections/parcels 0.105725 ms
cell storage 89 tets 622 knots 228 geometry 0.4988 curve 1.1555 ms
cell storage 90 tets 288 knots 110 geometry 0.4667 curve 0.5086 ms
cell storage 105 tets 493 knots 183 geometry 0.4832 curve 0.6864 ms
cell storage 106 tets 268 knots 104 geometry 0.2284 curve 0.3793 ms
liquid phase solid storage 7.434806 ms
liquid phase surface step 1.168979 ms
liquid phase loading 2.259580 ms
liquid phase containers/connections/parcels 0.168585 ms
cell storage 89 tets 626 knots 228 geometry 0.5146 curve 0.9468 ms
cell storage 90 tets 288 knots 110 geometry 0.2232 curve 0.4451 ms
cell storage 105 tets 493 knots 187 geometry 0.3655 curve 0.6983 ms
cell storage 106 tets 268 knots 104 geometry 0.2053 curve 0.4179 ms
liquid phase solid storage 6.801667 ms
liquid phase surface step 1.168064 ms
liquid phase loading 2.471493 ms
liquid phase containers/connections/parcels 0.128857 ms
cell storage 89 tets 626 knots 227 geometry 0.4764 curve 0.8905 ms
cell storage 90 tets 307 knots 116 geometry 0.2576 curve 0.4175 ms
cell storage 105 tets 493 knots 185 geometry 0.4167 curve 0.6638 ms
cell storage 106 tets 268 knots 105 geometry 0.2069 curve 0.3503 ms
liquid phase solid storage 7.130566 ms
liquid phase surface step 1.455790 ms
liquid phase loading 2.289668 ms
liquid phase containers/connections/parcels 0.115039 ms
cell storage 89 tets 610 knots 222 geometry 0.5707 curve 0.9423 ms
cell storage 90 tets 318 knots 118 geometry 0.3075 curve 0.4041 ms
cell storage 105 tets 481 knots 181 geometry 0.3919 curve 0.6388 ms
cell storage 106 tets 289 knots 110 geometry 0.2422 curve 0.3749 ms
liquid phase solid storage 7.390754 ms
liquid phase surface step 1.518580 ms
liquid phase loading 2.309716 ms
liquid phase containers/connections/parcels 0.117928 ms
cell storage 89 tets 614 knots 222 geometry 0.4977 curve 0.8650 ms
cell storage 90 tets 318 knots 118 geometry 0.2951 curve 0.4491 ms
cell storage 105 tets 481 knots 181 geometry 0.4184 curve 0.5997 ms
cell storage 106 tets 316 knots 119 geometry 0.2346 curve 0.4623 ms
liquid phase solid storage 7.008220 ms
liquid phase surface step 1.396514 ms
liquid phase loading 2.900305 ms
liquid phase containers/connections/parcels 0.156273 ms
cell storage 89 tets 622 knots 227 geometry 0.4689 curve 0.8941 ms
cell storage 90 tets 318 knots 119 geometry 0.2308 curve 0.4399 ms
cell storage 105 tets 485 knots 182 geometry 0.3666 curve 0.6619 ms
cell storage 106 tets 316 knots 117 geometry 0.2353 curve 0.3871 ms
liquid phase solid storage 6.864089 ms
liquid phase surface step 1.865736 ms
liquid phase loading 2.486613 ms
liquid phase containers/connections/parcels 0.112768 ms
cell storage 89 tets 626 knots 227 geometry 0.5726 curve 0.9438 ms
cell storage 90 tets 322 knots 122 geometry 0.2369 curve 0.3810 ms
cell storage 105 tets 485 knots 183 geometry 0.6444 curve 0.6483 ms
cell storage 106 tets 308 knots 116 geometry 0.2463 curve 0.3762 ms
liquid phase solid storage 7.770098 ms
liquid phase surface step 1.770388 ms
liquid phase loading 2.546012 ms
liquid phase containers/connections/parcels 0.121641 ms
cell storage 89 tets 626 knots 228 geometry 0.4619 curve 1.0179 ms
cell storage 90 tets 330 knots 125 geometry 0.2728 curve 0.4012 ms
cell storage 105 tets 493 knots 182 geometry 0.3687 curve 0.7257 ms
cell storage 106 tets 384 knots 142 geometry 0.3026 curve 0.5668 ms
liquid phase solid storage 7.569997 ms
liquid phase surface step 1.471014 ms
liquid phase loading 2.347241 ms
liquid phase containers/connections/parcels 0.109611 ms
cell storage 89 tets 574 knots 217 geometry 0.4697 curve 0.8582 ms
cell storage 90 tets 330 knots 125 geometry 0.2533 curve 0.4414 ms
cell storage 105 tets 509 knots 190 geometry 0.4065 curve 0.6773 ms
cell storage 106 tets 425 knots 155 geometry 0.3296 curve 0.6098 ms
liquid phase solid storage 7.375053 ms
liquid phase surface step 1.381743 ms
liquid phase loading 2.387142 ms
liquid phase containers/connections/parcels 0.113710 ms
cell storage 89 tets 612 knots 229 geometry 0.5455 curve 0.9256 ms
cell storage 90 tets 330 knots 125 geometry 0.2581 curve 0.4398 ms
cell storage 105 tets 513 knots 189 geometry 0.4054 curve 0.7506 ms
cell storage 106 tets 401 knots 149 geometry 0.3595 curve 0.5784 ms
liquid phase solid storage 7.490751 ms
liquid phase surface step 1.366177 ms
liquid phase loading 2.787036 ms
liquid phase containers/connections/parcels 0.113609 ms
cell storage 89 tets 608 knots 225 geometry 0.7474 curve 1.4288 ms
cell storage 90 tets 330 knots 126 geometry 0.4531 curve 0.6321 ms
cell storage 105 tets 529 knots 190 geometry 0.7540 curve 1.3071 ms
cell storage 106 tets 409 knots 152 geometry 0.5586 curve 0.5627 ms
liquid phase solid storage 9.585403 ms
liquid phase surface step 1.463893 ms
liquid phase loading 2.984755 ms
liquid phase containers/connections/parcels 0.137005 ms
cell storage 89 tets 608 knots 228 geometry 0.7120 curve 0.9004 ms
cell storage 90 tets 311 knots 119 geometry 0.2433 curve 0.3959 ms
cell storage 105 tets 529 knots 192 geometry 0.4078 curve 0.7629 ms
cell storage 106 tets 425 knots 156 geometry 0.3197 curve 0.5311 ms
liquid phase solid storage 7.518002 ms
liquid phase surface step 1.795683 ms
liquid phase loading 2.872003 ms
liquid phase containers/connections/parcels 0.108319 ms
cell storage 89 tets 608 knots 228 geometry 0.6095 curve 0.8171 ms
cell storage 90 tets 303 knots 116 geometry 0.2391 curve 0.3621 ms
cell storage 105 tets 529 knots 193 geometry 0.3986 curve 0.6943 ms
cell storage 106 tets 409 knots 153 geometry 0.3327 curve 0.6869 ms
liquid phase solid storage 7.746134 ms
liquid phase surface step 1.845560 ms
liquid phase loading 2.503751 ms
liquid phase containers/connections/parcels 0.124929 ms
cell storage 89 tets 608 knots 227 geometry 0.4771 curve 1.0047 ms
cell storage 90 tets 303 knots 116 geometry 0.3127 curve 0.5951 ms
cell storage 105 tets 529 knots 190 geometry 0.4029 curve 0.7855 ms
cell storage 106 tets 356 knots 140 geometry 0.3096 curve 0.4757 ms
liquid phase solid storage 8.017434 ms
liquid phase surface step 1.515898 ms
liquid phase loading 3.079430 ms
liquid phase containers/connections/parcels 0.194920 ms
cell storage 89 tets 608 knots 227 geometry 0.9347 curve 1.5887 ms
cell storage 90 tets 303 knots 116 geometry 0.2963 curve 0.3752 ms
cell storage 105 tets 529 knots 192 geometry 0.4271 curve 0.7003 ms
cell storage 106 tets 356 knots 139 geometry 0.2519 curve 0.4281 ms
liquid phase solid storage 8.534225 ms
liquid phase surface step 1.747966 ms
liquid phase loading 2.781571 ms
liquid phase containers/connections/parcels 0.137556 ms
cell storage 89 tets 608 knots 227 geometry 0.5401 curve 0.8065 ms
cell storage 90 tets 303 knots 117 geometry 0.2254 curve 0.3516 ms
cell storage 105 tets 529 knots 191 geometry 0.3706 curve 0.6647 ms
cell storage 106 tets 356 knots 140 geometry 0.2443 curve 0.4542 ms
liquid phase solid storage 7.313562 ms
liquid phase surface step 1.959348 ms
liquid phase loading 2.449009 ms
liquid phase containers/connections/parcels 0.106389 ms
cell storage 89 tets 612 knots 228 geometry 0.4675 curve 0.8009 ms
cell storage 90 tets 303 knots 116 geometry 0.2377 curve 0.3822 ms
cell storage 105 tets 533 knots 195 geometry 0.4620 curve 0.7492 ms
cell storage 106 tets 356 knots 140 geometry 0.3138 curve 0.4496 ms
liquid phase solid storage 8.407968 ms
liquid phase surface step 1.644026 ms
liquid phase loading 2.317406 ms
liquid phase containers/connections/parcels 0.144589 ms
cell storage 89 tets 612 knots 230 geometry 0.5692 curve 0.9451 ms
cell storage 90 tets 303 knots 117 geometry 0.4023 curve 0.4113 ms
cell storage 105 tets 533 knots 190 geometry 0.3864 curve 0.9047 ms
cell storage 106 tets 356 knots 140 geometry 0.2509 curve 0.5232 ms
liquid phase solid storage 7.886826 ms
liquid phase surface step 1.389116 ms
liquid phase loading 4.205464 ms
liquid phase containers/connections/parcels 0.157571 ms
cell storage 89 tets 616 knots 230 geometry 0.9165 curve 1.3717 ms
cell storage 90 tets 303 knots 116 geometry 0.5152 curve 0.7611 ms
cell storage 105 tets 529 knots 193 geometry 0.6734 curve 0.8486 ms
cell storage 106 tets 356 knots 141 geometry 0.2829 curve 0.4307 ms
liquid phase solid storage 9.889202 ms
liquid phase surface step 1.188610 ms
liquid phase loading 2.846820 ms
liquid phase containers/connections/parcels 0.117157 ms
cell storage 89 tets 612 knots 226 geometry 0.4862 curve 0.9182 ms
cell storage 90 tets 303 knots 116 geometry 0.2799 curve 0.3516 ms
cell storage 105 tets 529 knots 191 geometry 0.3701 curve 0.7023 ms
cell storage 106 tets 356 knots 139 geometry 0.2466 curve 0.5529 ms
liquid phase solid storage 7.340780 ms
liquid phase surface step 1.420173 ms
liquid phase loading 2.677721 ms
liquid phase containers/connections/parcels 0.119907 ms
cell storage 89 tets 624 knots 231 geometry 0.5184 curve 0.8911 ms
cell storage 90 tets 303 knots 116 geometry 0.2224 curve 0.3711 ms
cell storage 105 tets 529 knots 192 geometry 0.3903 curve 0.7388 ms
cell storage 106 tets 352 knots 138 geometry 0.2616 curve 0.4846 ms
liquid phase solid storage 7.226774 ms
liquid phase surface step 1.433195 ms
liquid phase loading 2.368444 ms
liquid phase containers/connections/parcels 0.109173 ms
cell storage 89 tets 636 knots 232 geometry 0.4773 curve 0.8949 ms
cell storage 90 tets 291 knots 115 geometry 0.2450 curve 0.3486 ms
cell storage 105 tets 545 knots 194 geometry 0.4547 curve 0.8147 ms
cell storage 106 tets 352 knots 139 geometry 0.2998 curve 0.4599 ms
liquid phase solid storage 7.353611 ms
liquid phase surface step 1.369856 ms
liquid phase loading 2.657390 ms
liquid phase containers/connections/parcels 0.105555 ms
cell storage 89 tets 651 knots 236 geometry 0.7171 curve 1.4633 ms
cell storage 90 tets 271 knots 111 geometry 0.3946 curve 0.4953 ms
cell storage 105 tets 537 knots 192 geometry 0.7452 curve 1.2846 ms
cell storage 106 tets 360 knots 140 geometry 0.4204 curve 0.5436 ms
liquid phase solid storage 9.120374 ms
liquid phase surface step 1.210116 ms
liquid phase loading 2.529075 ms
liquid phase containers/connections/parcels 0.222004 ms
cell storage 89 tets 651 knots 233 geometry 0.5215 curve 1.0880 ms
cell storage 90 tets 271 knots 110 geometry 0.2079 curve 0.3507 ms
cell storage 105 tets 513 knots 190 geometry 0.4820 curve 0.6882 ms
cell storage 106 tets 360 knots 143 geometry 0.2617 curve 0.4473 ms
liquid phase solid storage 7.033451 ms
liquid phase surface step 1.219849 ms
liquid phase loading 3.111251 ms
liquid phase containers/connections/parcels 0.252412 ms
cell storage 89 tets 655 knots 237 geometry 0.5187 curve 0.9140 ms
cell storage 90 tets 271 knots 110 geometry 0.2082 curve 0.3268 ms
cell storage 105 tets 513 knots 188 geometry 0.4191 curve 0.6766 ms
cell storage 106 tets 360 knots 140 geometry 0.2974 curve 0.4481 ms
liquid phase solid storage 7.255223 ms
liquid phase surface step 1.513085 ms
liquid phase loading 2.611537 ms
liquid phase containers/connections/parcels 0.128184 ms
cell storage 89 tets 655 knots 231 geometry 0.4554 curve 0.9182 ms
cell storage 90 tets 271 knots 112 geometry 0.2518 curve 0.3233 ms
cell storage 105 tets 513 knots 189 geometry 0.3585 curve 0.6788 ms
cell storage 106 tets 360 knots 140 geometry 0.2579 curve 0.6000 ms
liquid phase solid storage 7.428868 ms
liquid phase surface step 1.598610 ms
liquid phase loading 2.477907 ms
liquid phase containers/connections/parcels 0.111993 ms
cell storage 89 tets 635 knots 229 geometry 0.4519 curve 0.9388 ms
cell storage 90 tets 271 knots 110 geometry 0.2737 curve 0.3468 ms
cell storage 105 tets 513 knots 188 geometry 0.4303 curve 0.6834 ms
cell storage 106 tets 360 knots 140 geometry 0.3062 curve 0.4840 ms
liquid phase solid storage 7.163888 ms
liquid phase surface step 1.291018 ms
liquid phase loading 2.455539 ms
liquid phase containers/connections/parcels 0.109274 ms
cell storage 89 tets 635 knots 230 geometry 0.6084 curve 1.1782 ms
cell storage 90 tets 271 knots 110 geometry 0.2087 curve 0.3592 ms
cell storage 105 tets 513 knots 191 geometry 0.4127 curve 0.7340 ms
cell storage 106 tets 372 knots 143 geometry 0.3515 curve 0.7294 ms
liquid phase solid storage 7.875389 ms
liquid phase surface step 1.364748 ms
liquid phase loading 2.574574 ms
liquid phase containers/connections/parcels 0.151589 ms
cell storage 89 tets 651 knots 234 geometry 0.4875 curve 1.0539 ms
cell storage 90 tets 271 knots 110 geometry 0.2318 curve 0.3173 ms
cell storage 105 tets 513 knots 188 geometry 0.3736 curve 0.7211 ms
cell storage 106 tets 372 knots 143 geometry 0.2677 curve 0.5318 ms
liquid phase solid storage 7.258781 ms
liquid phase surface step 1.387712 ms
liquid phase loading 2.543766 ms
liquid phase containers/connections/parcels 0.161055 ms
cell storage 89 tets 651 knots 234 geometry 0.4935 curve 0.9113 ms
cell storage 90 tets 283 knots 113 geometry 0.2380 curve 0.3279 ms
cell storage 105 tets 513 knots 190 geometry 0.4181 curve 0.6737 ms
cell storage 106 tets 372 knots 143 geometry 0.3077 curve 0.4549 ms
liquid phase solid storage 6.979510 ms
liquid phase surface step 1.572624 ms
liquid phase loading 2.711215 ms
liquid phase containers/connections/parcels 0.109110 ms
cell storage 89 tets 613 knots 222 geometry 0.4951 curve 0.9219 ms
cell storage 90 tets 283 knots 114 geometry 0.2348 curve 0.3461 ms
cell storage 105 tets 513 knots 187 geometry 0.3649 curve 0.6819 ms
cell storage 106 tets 372 knots 143 geometry 0.2861 curve 0.4910 ms
liquid phase solid storage 7.939196 ms
liquid phase surface step 1.573407 ms
liquid phase loading 2.515146 ms
liquid phase containers/connections/parcels 0.147868 ms
cell storage 89 tets 637 knots 227 geometry 0.4804 curve 0.8900 ms
cell storage 90 tets 283 knots 113 geometry 0.2175 curve 0.3599 ms
cell storage 105 tets 513 knots 189 geometry 0.4640 curve 1.0068 ms
cell storage 106 tets 360 knots 140 geometry 0.3065 curve 0.4601 ms
liquid phase solid storage 7.509961 ms
liquid phase surface step 1.266656 ms
liquid phase loading 2.373264 ms
liquid phase containers/connections/parcels 0.106152 ms
cell storage 89 tets 637 knots 226 geometry 0.5019 curve 1.1628 ms
cell storage 90 tets 279 knots 112 geometry 0.3197 curve 0.3441 ms
cell storage 105 tets 509 knots 188 geometry 0.3988 curve 0.7447 ms
cell storage 106 tets 356 knots 141 geometry 0.3272 curve 0.5528 ms
liquid phase solid storage 7.862545 ms
liquid phase surface step 1.233250 ms
liquid phase loading 2.418375 ms
liquid phase containers/connections/parcels 0.119542 ms
cell storage 89 tets 637 knots 226 geometry 0.4897 curve 0.9258 ms
cell storage 90 tets 279 knots 112 geometry 0.2891 curve 0.3647 ms
cell storage 105 tets 501 knots 184 geometry 0.3549 curve 0.6908 ms
cell storage 106 tets 356 knots 142 geometry 0.3516 curve 0.4308 ms
liquid phase solid storage 7.574120 ms
liquid phase surface step 1.251323 ms
liquid phase loading 3.071358 ms
liquid phase containers/connections/parcels 0.181160 ms
cell storage 89 tets 637 knots 227 geometry 0.6875 curve 0.9829 ms
cell storage 90 tets 279 knots 112 geometry 0.2369 curve 0.3802 ms
cell storage 105 tets 501 knots 183 geometry 0.3824 curve 0.7061 ms
cell storage 106 tets 356 knots 140 geometry 0.2930 curve 0.5272 ms
liquid phase solid storage 8.169204 ms
liquid phase surface step 1.151380 ms
liquid phase loading 3.383204 ms
liquid phase containers/connections/parcels 0.110068 ms
cell storage 89 tets 637 knots 228 geometry 0.5591 curve 0.9278 ms
cell storage 90 tets 279 knots 112 geometry 0.2238 curve 0.3279 ms
cell storage 105 tets 501 knots 183 geometry 0.3763 curve 0.6866 ms
cell storage 106 tets 356 knots 140 geometry 0.2818 curve 0.4516 ms
liquid phase solid storage 7.324551 ms
liquid phase surface step 1.774806 ms
liquid phase loading 2.500100 ms
liquid phase containers/connections/parcels 0.107563 ms
cell storage 89 tets 633 knots 228 geometry 0.4888 curve 0.8666 ms
cell storage 90 tets 295 knots 118 geometry 0.2514 curve 0.3769 ms
cell storage 105 tets 497 knots 185 geometry 0.3550 curve 0.6204 ms
cell storage 106 tets 344 knots 137 geometry 0.2925 curve 0.6375 ms
liquid phase solid storage 8.024556 ms
liquid phase surface step 1.301403 ms
liquid phase loading 2.510315 ms
liquid phase containers/connections/parcels 0.106573 ms
cell storage 89 tets 625 knots 223 geometry 0.4873 curve 0.8558 ms
cell storage 90 tets 287 knots 111 geometry 0.2055 curve 0.3409 ms
cell storage 105 tets 489 knots 184 geometry 0.6080 curve 0.8376 ms
cell storage 106 tets 344 knots 138 geometry 0.5342 curve 0.5820 ms
liquid phase solid storage 7.853826 ms
liquid phase surface step 1.337000 ms
liquid phase loading 2.329759 ms
liquid phase containers/connections/parcels 0.105861 ms
cell storage 89 tets 613 knots 223 geometry 0.6895 curve 1.0241 ms
cell storage 90 tets 287 knots 111 geometry 0.2831 curve 0.3847 ms
cell storage 105 tets 459 knots 176 geometry 0.3944 curve 0.6035 ms
cell storage 106 tets 344 knots 138 geometry 0.3083 curve 0.4487 ms
liquid phase solid storage 8.035309 ms
liquid phase surface step 1.206378 ms
liquid phase loading 3.158015 ms
liquid phase containers/connections/parcels 0.149879 ms
cell storage 89 tets 645 knots 228 geometry 0.5566 curve 0.9097 ms
cell storage 90 tets 287 knots 111 geometry 0.2108 curve 0.3614 ms
cell storage 105 tets 451 knots 172 geometry 0.3608 curve 0.5742 ms
cell storage 106 tets 344 knots 138 geometry 0.2621 curve 0.4122 ms
liquid phase solid storage 6.934700 ms
liquid phase surface step 1.612120 ms
liquid phase loading 2.475804 ms
liquid phase containers/connections/parcels 0.106035 ms
cell storage 89 tets 653 knots 231 geometry 0.5322 curve 1.0564 ms
cell storage 90 tets 279 knots 108 geometry 0.2172 curve 0.3748 ms
cell storage 105 tets 451 knots 174 geometry 0.3560 curve 0.6020 ms
cell storage 106 tets 344 knots 139 geometry 0.2600 curve 0.4370 ms
liquid phase solid storage 7.776462 ms
liquid phase surface step 1.379680 ms
liquid phase loading 2.491257 ms
liquid phase containers/connections/parcels 0.107491 ms
cell storage 89 tets 661 knots 233 geometry 0.4573 curve 0.8846 ms
cell storage 90 tets 279 knots 108 geometry 0.2259 curve 0.3524 ms
cell storage 105 tets 462 knots 180 geometry 0.3455 curve 0.7399 ms
cell storage 106 tets 344 knots 138 geometry 0.4280 curve 0.4693 ms
liquid phase solid storage 7.901328 ms
liquid phase surface step 1.234315 ms
liquid phase loading 2.435025 ms
liquid phase containers/connections/parcels 0.135121 ms
cell storage 89 tets 657 knots 233 geometry 0.4993 curve 0.9610 ms
cell storage 90 tets 279 knots 108 geometry 0.2328 curve 0.4072 ms
cell storage 105 tets 462 knots 176 geometry 0.5831 curve 0.8861 ms
cell storage 106 tets 344 knots 138 geometry 0.3412 curve 0.4957 ms
liquid phase solid storage 8.518436 ms
liquid phase surface step 1.450659 ms
liquid phase loading 2.946778 ms
liquid phase containers/connections/parcels 0.109203 ms
cell storage 89 tets 653 knots 229 geometry 0.6685 curve 0.9114 ms
cell storage 90 tets 279 knots 108 geometry 0.2279 curve 0.3620 ms
cell storage 105 tets 462 knots 176 geometry 0.4168 curve 0.6195 ms
cell storage 106 tets 344 knots 139 geometry 0.3297 curve 0.4836 ms
liquid phase solid storage 9.084769 ms
liquid phase surface step 1.201211 ms
liquid phase loading 2.869183 ms
liquid phase containers/connections/parcels 0.131709 ms
cell storage 89 tets 626 knots 225 geometry 0.6797 curve 0.8894 ms
cell storage 90 tets 265 knots 104 geometry 0.2385 curve 0.4720 ms
cell storage 105 tets 444 knots 177 geometry 0.7493 curve 0.6799 ms
cell storage 106 tets 360 knots 146 geometry 0.3570 curve 0.4654 ms
liquid phase solid storage 8.439013 ms
liquid phase surface step 1.368244 ms
liquid phase loading 2.599022 ms
liquid phase containers/connections/parcels 0.116346 ms
cell storage 89 tets 610 knots 224 geometry 0.4687 curve 0.8432 ms
cell storage 90 tets 273 knots 108 geometry 0.1978 curve 0.3481 ms
cell storage 105 tets 428 knots 167 geometry 0.3341 curve 0.7455 ms
cell storage 106 tets 360 knots 147 geometry 0.4518 curve 0.5488 ms
liquid phase solid storage 8.114449 ms
liquid phase surface step 1.480877 ms
liquid phase loading 2.556465 ms
liquid phase containers/connections/parcels 0.109986 ms
cell storage 89 tets 610 knots 219 geometry 0.5376 curve 1.2525 ms
cell storage 90 tets 273 knots 107 geometry 0.2374 curve 0.3732 ms
cell storage 105 tets 435 knots 172 geometry 0.3612 curve 0.6033 ms
cell storage 106 tets 398 knots 155 geometry 0.3858 curve 0.5254 ms
liquid phase solid storage 9.806351 ms
liquid phase surface step 2.491998 ms
liquid phase loading 4.230031 ms
liquid phase containers/connections/parcels 0.113923 ms
cell storage 89 tets 610 knots 220 geometry 0.5404 curve 0.8451 ms
cell storage 90 tets 273 knots 107 geometry 0.2360 curve 0.3273 ms
cell storage 105 tets 435 knots 169 geometry 0.3263 curve 0.7476 ms
cell storage 106 tets 398 knots 155 geometry 0.4329 curve 0.7278 ms
liquid phase solid storage 7.758061 ms
liquid phase surface step 1.285997 ms
liquid phase loading 2.992045 ms
liquid phase containers/connections/parcels 0.112014 ms
cell storage 89 tets 633 knots 229 geometry 0.4722 curve 1.0226 ms
cell storage 90 tets 273 knots 107 geometry 0.3363 curve 0.4570 ms
cell storage 105 tets 435 knots 171 geometry 0.3198 curve 0.5825 ms
cell storage 106 tets 421 knots 163 geometry 0.4137 curve 0.7173 ms
liquid phase solid storage 8.035887 ms
liquid phase surface step 1.955149 ms
liquid phase loading 2.882718 ms
liquid phase containers/connections/parcels 0.152807 ms
cell storage 89 tets 633 knots 226 geometry 0.9267 curve 1.0983 ms
cell storage 90 tets 273 knots 107 geometry 0.2517 curve 0.3623 ms
cell storage 105 tets 435 knots 170 geometry 0.4536 curve 0.6953 ms
cell storage 106 tets 413 knots 159 geometry 0.3909 curve 0.6180 ms
liquid phase solid storage 8.964761 ms
liquid phase surface step 1.549578 ms
liquid phase loading 3.979803 ms
liquid phase containers/connections/parcels 0.184873 ms
cell storage 89 tets 614 knots 224 geometry 0.5289 curve 0.8515 ms
cell storage 90 tets 281 knots 108 geometry 0.2145 curve 0.3815 ms
cell storage 105 tets 412 knots 162 geometry 0.4237 curve 0.5356 ms
cell storage 106 tets 413 knots 161 geometry 0.3587 curve 0.5424 ms
liquid phase solid storage 6.855389 ms
liquid phase surface step 1.919711 ms
liquid phase loading 2.826788 ms
liquid phase containers/connections/parcels 0.109446 ms
cell storage 89 tets 723 knots 253 geometry 0.5943 curve 1.0073 ms
cell storage 90 tets 501 knots 166 geometry 0.3411 curve 0.6619 ms
cell storage 105 tets 399 knots 157 geometry 0.3147 curve 0.4953 ms
cell storage 106 tets 461 knots 170 geometry 0.3536 curve 0.6529 ms
liquid phase solid storage 8.114878 ms
liquid phase surface step 1.256517 ms
liquid phase loading 2.635454 ms
liquid phase containers/connections/parcels 0.106546 ms
cell storage 89 tets 715 knots 246 geometry 0.7045 curve 1.0395 ms
cell storage 90 tets 501 knots 166 geometry 0.3757 curve 0.7516 ms
cell storage 105 tets 441 knots 165 geometry 0.5982 curve 0.6558 ms
cell storage 106 tets 408 knots 155 geometry 0.5165 curve 0.5725 ms
liquid phase solid storage 8.377993 ms
liquid phase surface step 1.240201 ms
liquid phase loading 2.336052 ms
liquid phase containers/connections/parcels 0.142081 ms
cell storage 89 tets 715 knots 248 geometry 0.7338 curve 1.0516 ms
cell storage 90 tets 501 knots 167 geometry 0.3456 curve 0.7136 ms
cell storage 105 tets 425 knots 160 geometry 0.3250 curve 0.5699 ms
cell storage 106 tets 408 knots 157 geometry 0.4318 curve 0.5568 ms
liquid phase solid storage 7.832909 ms
liquid phase surface step 1.419418 ms
liquid phase loading 3.162659 ms
liquid phase containers/connections/parcels 0.110736 ms
cell storage 89 tets 715 knots 248 geometry 0.5916 curve 1.0021 ms
cell storage 90 tets 501 knots 168 geometry 0.4022 curve 0.6645 ms
cell storage 105 tets 421 knots 161 geometry 0.4031 curve 0.5359 ms
cell storage 106 tets 404 knots 157 geometry 0.3021 curve 0.5007 ms
liquid phase solid storage 7.038756 ms
liquid phase surface step 1.635363 ms
liquid phase loading 2.983604 ms
liquid phase containers/connections/parcels 0.135602 ms
cell storage 89 tets 711 knots 248 geometry 0.5294 curve 1.0714 ms
cell storage 90 tets 497 knots 168 geometry 0.3833 curve 0.7561 ms
cell storage 105 tets 409 knots 156 geometry 0.3393 curve 0.5028 ms
cell storage 106 tets 385 knots 152 geometry 0.3070 curve 0.4730 ms
liquid phase solid storage 8.444059 ms
liquid phase surface step 1.289323 ms
liquid phase loading 2.613927 ms
liquid phase containers/connections/parcels 0.107148 ms
cell storage 89 tets 707 knots 247 geometry 0.5180 curve 0.9221 ms
cell storage 90 tets 497 knots 169 geometry 0.3264 curve 0.7980 ms
cell storage 105 tets 401 knots 151 geometry 0.4941 curve 0.6917 ms
cell storage 106 tets 358 knots 144 geometry 0.5157 curve 0.4493 ms
liquid phase solid storage 7.601544 ms
liquid phase surface step 1.366574 ms
liquid phase loading 2.354490 ms
liquid phase containers/connections/parcels 0.106310 ms
cell storage 89 tets 687 knots 243 geometry 0.5647 curve 1.3664 ms
cell storage 90 tets 493 knots 167 geometry 0.4374 curve 0.6760 ms
cell storage 105 tets 397 knots 150 geometry 0.3467 curve 0.5583 ms
cell storage 106 tets 350 knots 143 geometry 0.2629 curve 0.4783 ms
liquid phase solid storage 7.791277 ms
liquid phase surface step 1.236724 ms
liquid phase loading 2.606988 ms
liquid phase containers/connections/parcels 0.114651 ms
cell storage 89 tets 635 knots 232 geometry 0.5665 curve 0.8964 ms
cell storage 90 tets 457 knots 158 geometry 0.3680 curve 0.6267 ms
cell storage 105 tets 409 knots 153 geometry 0.3786 curve 0.6013 ms
cell storage 106 tets 365 knots 146 geometry 0.2941 curve 0.4836 ms
liquid phase solid storage 9.034800 ms
liquid phase surface step 2.576806 ms
liquid phase loading 4.244258 ms
liquid phase containers/connections/parcels 0.109448 ms
cell storage 89 tets 635 knots 234 geometry 0.5542 curve 0.9069 ms
cell storage 90 tets 441 knots 156 geometry 0.3304 curve 0.5601 ms
cell storage 105 tets 409 knots 153 geometry 0.3198 curve 0.5423 ms
cell storage 106 tets 385 knots 151 geometry 0.2896 curve 0.5030 ms
liquid phase solid storage 7.631786 ms
liquid phase surface step 1.562034 ms
liquid phase loading 2.583645 ms
liquid phase containers/connections/parcels 0.109686 ms
cell storage 89 tets 635 knots 232 geometry 0.4955 curve 0.8737 ms
cell storage 90 tets 441 knots 155 geometry 0.3493 curve 0.5550 ms
cell storage 105 tets 421 knots 156 geometry 0.3313 curve 0.6178 ms
cell storage 106 tets 393 knots 151 geometry 0.3089 curve 0.5400 ms
liquid phase solid storage 7.302928 ms
liquid phase surface step 1.523727 ms
liquid phase loading 2.436759 ms
liquid phase containers/connections/parcels 0.109889 ms
cell storage 89 tets 627 knots 231 geometry 0.4911 curve 0.8881 ms
cell storage 90 tets 441 knots 157 geometry 0.4047 curve 0.6271 ms
cell storage 105 tets 421 knots 157 geometry 0.3934 curve 0.5831 ms
cell storage 106 tets 393 knots 153 geometry 0.3164 curve 0.5120 ms
liquid phase solid storage 7.972566 ms
liquid phase surface step 1.591902 ms
liquid phase loading 2.514841 ms
liquid phase containers/connections/parcels 0.121897 ms
cell storage 89 tets 623 knots 229 geometry 0.8204 curve 0.9091 ms
cell storage 90 tets 441 knots 156 geometry 0.3550 curve 0.5943 ms
cell storage 105 tets 421 knots 157 geometry 0.3544 curve 0.6507 ms
cell storage 106 tets 393 knots 151 geometry 0.3108 curve 0.5561 ms
liquid phase solid storage 7.692159 ms
liquid phase surface step 1.494040 ms
liquid phase loading 2.809201 ms
liquid phase containers/connections/parcels 0.110875 ms
cell storage 89 tets 627 knots 230 geometry 0.5077 curve 1.0060 ms
cell storage 90 tets 495 knots 174 geometry 0.4968 curve 0.6585 ms
cell storage 105 tets 380 knots 146 geometry 0.2577 curve 0.5043 ms
cell storage 106 tets 381 knots 149 geometry 0.2643 curve 0.4632 ms
liquid phase solid storage 7.100000 ms
liquid phase surface step 1.911264 ms
liquid phase loading 2.912841 ms
liquid phase containers/connections/parcels 0.180121 ms
cell storage 89 tets 627 knots 231 geometry 0.5291 curve 0.8888 ms
cell storage 90 tets 495 knots 172 geometry 0.3754 curve 0.6515 ms
cell storage 105 tets 380 knots 144 geometry 0.2854 curve 0.4902 ms
cell storage 106 tets 385 knots 149 geometry 0.2792 curve 0.5428 ms
liquid phase solid storage 7.714697 ms
liquid phase surface step 1.770362 ms
liquid phase loading 2.482087 ms
liquid phase containers/connections/parcels 0.109680 ms
cell storage 89 tets 616 knots 227 geometry 0.4719 curve 0.8244 ms
cell storage 90 tets 495 knots 172 geometry 0.3889 curve 0.8098 ms
cell storage 105 tets 383 knots 146 geometry 0.3469 curve 0.5870 ms
cell storage 106 tets 361 knots 140 geometry 0.2927 curve 0.4906 ms
liquid phase solid storage 7.687594 ms
liquid phase surface step 1.583450 ms
liquid phase loading 2.477133 ms
liquid phase containers/connections/parcels 0.150998 ms
cell storage 89 tets 616 knots 231 geometry 0.5648 curve 0.8505 ms
cell storage 90 tets 484 knots 169 geometry 0.4165 curve 0.6097 ms
cell storage 105 tets 383 knots 146 geometry 0.3030 curve 0.4954 ms
cell storage 106 tets 361 knots 140 geometry 0.2792 curve 0.4919 ms
liquid phase solid storage 7.485758 ms
liquid phase surface step 2.018222 ms
liquid phase loading 2.450211 ms
liquid phase containers/connections/parcels 0.109037 ms
cell storage 89 tets 612 knots 225 geometry 0.5204 curve 0.9599 ms
cell storage 90 tets 465 knots 164 geometry 0.4047 curve 0.6248 ms
cell storage 105 tets 379 knots 145 geometry 0.2885 curve 0.5087 ms
cell storage 106 tets 361 knots 140 geometry 0.2585 curve 0.4640 ms
liquid phase solid storage 7.222118 ms
liquid phase surface step 1.432342 ms
liquid phase loading 2.535662 ms
liquid phase containers/connections/parcels 0.115471 ms
cell storage 89 tets 612 knots 226 geometry 0.4936 curve 0.8573 ms
cell storage 90 tets 465 knots 167 geometry 0.3570 curve 0.5990 ms
cell storage 105 tets 379 knots 147 geometry 0.3071 curve 0.5144 ms
cell storage 106 tets 361 knots 139 geometry 0.4581 curve 0.5986 ms
liquid phase solid storage 7.505645 ms
liquid phase surface step 1.553627 ms
liquid phase loading 2.569881 ms
liquid phase containers/connections/parcels 0.107607 ms
cell storage 89 tets 608 knots 222 geometry 0.4530 curve 0.9997 ms
cell storage 90 tets 465 knots 164 geometry 0.3606 curve 0.6372 ms
cell storage 105 tets 379 knots 146 geometry 0.2783 curve 0.4793 ms
cell storage 106 tets 361 knots 139 geometry 0.2861 curve 0.4348 ms
liquid phase solid storage 6.733261 ms
liquid phase surface step 1.840825 ms
liquid phase loading 2.526689 ms
liquid phase containers/connections/parcels 0.164031 ms
cell storage 89 tets 600 knots 220 geometry 0.7915 curve 0.9362 ms
cell storage 90 tets 461 knots 171 geometry 0.3874 curve 0.6938 ms
cell storage 105 tets 379 knots 147 geometry 0.2781 curve 0.5049 ms
cell storage 106 tets 349 knots 136 geometry 0.2578 curve 0.4563 ms
liquid phase solid storage 8.300227 ms
liquid phase surface step 2.062560 ms
liquid phase loading 2.708975 ms
liquid phase containers/connections/parcels 0.139930 ms
cell storage 89 tets 600 knots 223 geometry 0.4980 curve 0.8304 ms
cell storage 90 tets 449 knots 163 geometry 0.3174 curve 0.5936 ms
cell storage 105 tets 379 knots 146 geometry 0.3197 curve 0.6931 ms
cell storage 106 tets 341 knots 132 geometry 0.2667 curve 0.4556 ms
liquid phase solid storage 7.155269 ms
liquid phase surface step 1.609226 ms
liquid phase loading 2.545591 ms
liquid phase containers/connections/parcels 0.123256 ms
cell storage 89 tets 600 knots 220 geometry 0.7542 curve 0.8610 ms
cell storage 90 tets 445 knots 162 geometry 0.3302 curve 0.6213 ms
cell storage 105 tets 379 knots 146 geometry 0.2783 curve 0.4906 ms
cell storage 106 tets 337 knots 129 geometry 0.2640 curve 0.5445 ms
liquid phase solid storage 7.235480 ms
liquid phase surface step 1.418600 ms
liquid phase loading 2.884156 ms
liquid phase containers/connections/parcels 0.165723 ms
cell storage 89 tets 600 knots 224 geometry 0.5195 curve 0.9184 ms
cell storage 90 tets 445 knots 163 geometry 0.4087 curve 0.9093 ms
cell storage 105 tets 379 knots 145 geometry 0.3833 curve 0.5488 ms
cell storage 106 tets 337 knots 128 geometry 0.2658 curve 0.4262 ms
liquid phase solid storage 7.266485 ms
liquid phase surface step 1.815727 ms
liquid phase loading 2.470452 ms
liquid phase containers/connections/parcels 0.129660 ms
cell storage 89 tets 600 knots 219 geometry 0.6285 curve 0.8672 ms
cell storage 90 tets 437 knots 159 geometry 0.3301 curve 0.6449 ms
cell storage 105 tets 379 knots 145 geometry 0.2939 curve 0.5857 ms
cell storage 106 tets 329 knots 126 geometry 0.4337 curve 0.4467 ms
liquid phase solid storage 7.188761 ms
liquid phase surface step 1.402841 ms
liquid phase loading 2.912740 ms
liquid phase containers/connections/parcels 0.110569 ms
cell storage 89 tets 641 knots 233 geometry 0.5321 curve 1.2150 ms
cell storage 90 tets 437 knots 160 geometry 0.4326 curve 0.6051 ms
cell storage 105 tets 379 knots 147 geometry 0.3606 curve 0.5078 ms
cell storage 106 tets 329 knots 127 geometry 0.4389 curve 0.4333 ms
liquid phase solid storage 7.387167 ms
liquid phase surface step 1.911220 ms
liquid phase loading 2.773475 ms
liquid phase containers/connections/parcels 0.132444 ms
cell storage 89 tets 641 knots 233 geometry 0.4832 curve 0.9267 ms
cell storage 90 tets 437 knots 160 geometry 0.3109 curve 0.5839 ms
cell storage 105 tets 379 knots 146 geometry 0.2697 curve 0.5071 ms
cell storage 106 tets 329 knots 127 geometry 0.2560 curve 0.4115 ms
liquid phase solid storage 7.334187 ms
liquid phase surface step 1.560922 ms
liquid phase loading 2.574034 ms
liquid phase containers/connections/parcels 0.126500 ms
cell storage 89 tets 641 knots 231 geometry 0.4787 curve 0.8678 ms
cell storage 90 tets 434 knots 157 geometry 0.3108 curve 0.5921 ms
cell storage 105 tets 402 knots 150 geometry 0.3983 curve 0.7136 ms
cell storage 106 tets 288 knots 112 geometry 0.2805 curve 0.3851 ms
liquid phase solid storage 7.038532 ms
liquid phase surface step 1.786682 ms
liquid phase loading 2.322706 ms
liquid phase containers/connections/parcels 0.107222 ms
cell storage 89 tets 641 knots 232 geometry 0.5307 curve 1.2095 ms
cell storage 90 tets 407 knots 149 geometry 0.3386 curve 0.5543 ms
cell storage 105 tets 402 knots 151 geometry 0.3081 curve 0.5566 ms
cell storage 106 tets 284 knots 112 geometry 0.2347 curve 0.3394 ms
liquid phase solid storage 7.500676 ms
liquid phase surface step 1.779257 ms
liquid phase loading 2.664060 ms
liquid phase containers/connections/parcels 0.222701 ms
cell storage 89 tets 641 knots 232 geometry 0.5892 curve 0.9351 ms
cell storage 90 tets 407 knots 149 geometry 0.3567 curve 0.5584 ms
cell storage 105 tets 387 knots 148 geometry 0.3668 curve 0.6481 ms
cell storage 106 tets 284 knots 113 geometry 0.2799 curve 0.3427 ms
liquid phase solid storage 6.962643 ms
liquid phase surface step 1.432488 ms
liquid phase loading 2.784828 ms
liquid phase containers/connections/parcels 0.109537 ms
cell storage 89 tets 641 knots 232 geometry 0.5441 curve 0.9752 ms
cell storage 90 tets 407 knots 150 geometry 0.3606 curve 0.5388 ms
cell storage 105 tets 387 knots 146 geometry 0.4349 curve 0.5193 ms
cell storage 106 tets 284 knots 112 geometry 0.2475 curve 0.3522 ms
liquid phase solid storage 7.040545 ms
liquid phase surface step 1.834864 ms
liquid phase loading 2.680189 ms
liquid phase containers/connections/parcels 0.237352 ms
cell storage 89 tets 641 knots 231 geometry 0.5338 curve 0.9707 ms
cell storage 90 tets 407 knots 150 geometry 0.4159 curve 0.5828 ms
cell storage 105 tets 387 knots 148 geometry 0.3466 curve 0.4975 ms
cell storage 106 tets 284 knots 113 geometry 0.2606 curve 0.3744 ms
liquid phase solid storage 8.019175 ms
liquid phase surface step 1.661108 ms
liquid phase loading 2.487338 ms
liquid phase containers/connections/parcels 0.114241 ms
cell storage 89 tets 641 knots 233 geometry 0.5641 curve 0.8987 ms
cell storage 90 tets 407 knots 150 geometry 0.4506 curve 0.5682 ms
cell storage 105 tets 387 knots 145 geometry 0.2850 curve 0.4955 ms
cell storage 106 tets 284 knots 112 geometry 0.2343 curve 0.3361 ms
liquid phase solid storage 6.732810 ms
liquid phase surface step 1.831755 ms
liquid phase loading 2.533339 ms
liquid phase containers/connections/parcels 0.170979 ms
cell storage 89 tets 641 knots 230 geometry 0.9847 curve 0.9654 ms
cell storage 90 tets 411 knots 151 geometry 0.3337 curve 0.6237 ms
cell storage 105 tets 387 knots 146 geometry 0.3461 curve 0.4988 ms
cell storage 106 tets 284 knots 113 geometry 0.2346 curve 0.3546 ms
liquid phase solid storage 7.988985 ms
liquid phase surface step 1.690847 ms
liquid phase loading 2.625578 ms
liquid phase containers/connections/parcels 0.106992 ms
cell storage 89 tets 615 knots 224 geometry 0.4942 curve 0.8698 ms
cell storage 90 tets 411 knots 151 geometry 0.2950 curve 0.5395 ms
cell storage 105 tets 383 knots 146 geometry 0.4625 curve 0.6193 ms
cell storage 106 tets 284 knots 113 geometry 0.3110 curve 0.3678 ms
liquid phase solid storage 6.968607 ms
liquid phase surface step 1.600496 ms
liquid phase loading 2.251277 ms
liquid phase containers/connections/parcels 0.126788 ms
cell storage 89 tets 603 knots 221 geometry 0.4755 curve 0.9658 ms
cell storage 90 tets 411 knots 151 geometry 0.3273 curve 0.6048 ms
cell storage 105 tets 413 knots 152 geometry 0.2981 curve 0.6112 ms
cell storage 106 tets 284 knots 112 geometry 0.2249 curve 0.3742 ms
liquid phase solid storage 6.877538 ms
liquid phase surface step 1.644123 ms
liquid phase loading 2.569501 ms
liquid phase containers/connections/parcels 0.127360 ms
cell storage 89 tets 643 knots 231 geometry 0.6418 curve 0.9554 ms
cell storage 90 tets 411 knots 150 geometry 0.3119 curve 0.5961 ms
cell storage 105 tets 445 knots 159 geometry 0.2968 curve 0.6403 ms
cell storage 106 tets 284 knots 112 geometry 0.2355 curve 0.3439 ms
liquid phase solid storage 7.090703 ms
liquid phase surface step 1.680644 ms
liquid phase loading 2.622719 ms
liquid phase containers/connections/parcels 0.189151 ms
cell storage 89 tets 643 knots 232 geometry 0.8078 curve 1.5052 ms
cell storage 90 tets 411 knots 150 geometry 0.5744 curve 0.8382 ms
cell storage 105 tets 445 knots 159 geometry 0.4412 curve 0.7123 ms
cell storage 106 tets 284 knots 112 geometry 0.2583 curve 0.3466 ms
liquid phase solid storage 9.049922 ms
liquid phase surface step 1.748194 ms
liquid phase loading 2.442935 ms
liquid phase containers/connections/parcels 0.150542 ms
cell storage 89 tets 635 knots 228 geometry 0.5464 curve 0.9207 ms
cell storage 90 tets 411 knots 152 geometry 0.3282 curve 0.6346 ms
cell storage 105 tets 445 knots 161 geometry 0.3549 curve 0.5750 ms
cell storage 106 tets 284 knots 116 geometry 0.2360 curve 0.3467 ms
liquid phase solid storage 7.223867 ms
liquid phase surface step 1.741936 ms
liquid phase loading 2.534114 ms
liquid phase containers/connections/parcels 0.112821 ms
cell storage 89 tets 635 knots 228 geometry 0.4730 curve 0.8691 ms
cell storage 90 tets 411 knots 150 geometry 0.2938 curve 0.6062 ms
cell storage 105 tets 445 knots 160 geometry 0.4232 curve 0.6015 ms
cell storage 106 tets 284 knots 113 geometry 0.2296 curve 0.3723 ms
liquid phase solid storage 6.746700 ms
liquid phase surface step 1.565185 ms
liquid phase loading 2.247992 ms
liquid phase containers/connections/parcels 0.223653 ms
cell storage 89 tets 647 knots 231 geometry 0.9358 curve 1.3661 ms
cell storage 90 tets 411 knots 151 geometry 0.4320 curve 0.6793 ms
cell storage 105 tets 445 knots 161 geometry 0.3245 curve 0.6922 ms
cell storage 106 tets 284 knots 112 geometry 0.2445 curve 0.3478 ms
liquid phase solid storage 8.471972 ms
liquid phase surface step 1.597453 ms
liquid phase loading 2.301009 ms
liquid phase containers/connections/parcels 0.113872 ms
cell storage 89 tets 647 knots 231 geometry 0.6306 curve 1.0201 ms
cell storage 90 tets 384 knots 145 geometry 0.3220 curve 0.5188 ms
cell storage 105 tets 445 knots 160 geometry 0.3334 curve 0.6023 ms
cell storage 106 tets 284 knots 112 geometry 0.2729 curve 0.3901 ms
liquid phase solid storage 7.236707 ms
liquid phase surface step 1.471477 ms
liquid phase loading 2.655931 ms
liquid phase containers/connections/parcels 0.150801 ms
cell storage 89 tets 647 knots 230 geometry 0.5513 curve 0.9723 ms
cell storage 90 tets 384 knots 145 geometry 0.3112 curve 0.5652 ms
cell storage 105 tets 445 knots 161 geometry 0.3362 curve 0.6805 ms
cell storage 106 tets 276 knots 109 geometry 0.2476 curve 0.3937 ms
liquid phase solid storage 7.222248 ms
liquid phase surface step 1.572949 ms
liquid phase loading 2.681368 ms
liquid phase containers/connections/parcels 0.110063 ms
cell storage 89 tets 647 knots 232 geometry 0.5362 curve 0.9486 ms
cell storage 90 tets 384 knots 145 geometry 0.3403 curve 0.5452 ms
cell storage 105 tets 445 knots 160 geometry 0.3084 curve 0.6589 ms
cell storage 106 tets 307 knots 118 geometry 0.2378 curve 0.3958 ms
liquid phase solid storage 6.859148 ms
liquid phase surface step 1.875257 ms
liquid phase loading 2.373512 ms
liquid phase containers/connections/parcels 0.109034 ms
cell storage 89 tets 647 knots 231 geometry 0.6611 curve 0.9363 ms
cell storage 90 tets 384 knots 145 geometry 0.3054 curve 0.4906 ms
cell storage 105 tets 445 knots 161 geometry 0.3283 curve 0.5951 ms
cell storage 106 tets 307 knots 119 geometry 0.2336 curve 0.4025 ms
liquid phase solid storage 7.289598 ms
liquid phase surface step 1.595861 ms
liquid phase loading 2.520182 ms
liquid phase containers/connections/parcels 0.123839 ms
cell storage 89 tets 647 knots 231 geometry 0.4781 curve 0.9191 ms
cell storage 90 tets 384 knots 145 geometry 0.2983 curve 0.7197 ms
cell storage 105 tets 445 knots 159 geometry 0.3204 curve 0.6568 ms
cell storage 106 tets 307 knots 118 geometry 0.5252 curve 0.4226 ms
liquid phase solid storage 7.366113 ms
liquid phase surface step 1.676694 ms
liquid phase loading 2.457566 ms
liquid phase containers/connections/parcels 0.118281 ms
cell storage 89 tets 647 knots 231 geometry 0.5121 curve 0.9902 ms
cell storage 90 tets 384 knots 146 geometry 0.5241 curve 0.5564 ms
cell storage 105 tets 445 knots 160 geometry 0.3758 curve 0.6183 ms
cell storage 106 tets 307 knots 119 geometry 0.2670 curve 0.3819 ms
liquid phase solid storage 7.531997 ms
liquid phase surface step 1.577504 ms
liquid phase loading 2.312136 ms
liquid phase containers/connections/parcels 0.141617 ms
cell storage 89 tets 647 knots 233 geometry 0.5498 curve 0.9400 ms
cell storage 90 tets 384 knots 146 geometry 0.2997 curve 0.5038 ms
cell storage 105 tets 437 knots 159 geometry 0.3105 curve 0.6089 ms
cell storage 106 tets 307 knots 121 geometry 0.2354 curve 0.3767 ms
liquid phase solid storage 6.938057 ms
liquid phase surface step 1.412387 ms
liquid phase loading 2.463447 ms
liquid phase containers/connections/parcels 0.171641 ms
cell storage 89 tets 647 knots 231 geometry 0.5861 curve 0.9432 ms
cell storage 90 tets 384 knots 147 geometry 0.3082 curve 0.5129 ms
cell storage 105 tets 445 knots 162 geometry 0.3728 curve 0.5951 ms
cell storage 106 tets 307 knots 118 geometry 0.2761 curve 0.4611 ms
liquid phase solid storage 6.938544 ms
liquid phase surface step 1.195442 ms
liquid phase loading 2.458520 ms
liquid phase containers/connections/parcels 0.146944 ms
cell storage 89 tets 647 knots 232 geometry 0.4474 curve 0.9775 ms
cell storage 90 tets 384 knots 146 geometry 0.3102 curve 0.5716 ms
cell storage 105 tets 445 knots 164 geometry 0.3274 curve 0.6914 ms
cell storage 106 tets 303 knots 117 geometry 0.3053 curve 0.5856 ms
liquid phase solid storage 6.943137 ms
liquid phase surface step 1.180974 ms
liquid phase loading 2.714549 ms
liquid phase containers/connections/parcels 0.123831 ms
cell storage 89 tets 647 knots 231 geometry 0.5380 curve 0.9066 ms
cell storage 90 tets 384 knots 146 geometry 0.3250 curve 0.7506 ms
cell storage 105 tets 445 knots 162 geometry 0.4734 curve 0.6322 ms
cell storage 106 tets 303 knots 118 geometry 0.2943 curve 0.3967 ms
liquid phase solid storage 7.257444 ms
liquid phase surface step 2.555021 ms
liquid phase loading 3.836427 ms
liquid phase containers/connections/parcels 0.109204 ms
cell storage 89 tets 647 knots 235 geometry 0.4915 curve 1.2788 ms
cell storage 90 tets 384 knots 145 geometry 0.5401 curve 0.8440 ms
cell storage 105 tets 445 knots 162 geometry 0.5923 curve 0.9877 ms
cell storage 106 tets 303 knots 118 geometry 0.5320 curve 0.6582 ms
liquid phase solid storage 9.958928 ms
liquid phase surface step 1.684725 ms
liquid phase loading 2.316866 ms
liquid phase containers/connections/parcels 0.113083 ms
cell storage 89 tets 647 knots 231 geometry 0.4826 curve 0.9266 ms
cell storage 90 tets 384 knots 145 geometry 0.2753 curve 0.5576 ms
cell storage 104 tets 101 knots 54 geometry 0.0533 curve 0.1144 ms
cell storage 105 tets 461 knots 170 geometry 0.3585 curve 0.6478 ms
cell storage 106 tets 307 knots 118 geometry 0.3050 curve 0.4151 ms
liquid phase solid storage 6.797228 ms
liquid phase surface step 1.482307 ms
liquid phase loading 2.693547 ms
liquid phase containers/connections/parcels 0.110002 ms
cell storage 89 tets 647 knots 233 geometry 0.4712 curve 0.9102 ms
cell storage 90 tets 384 knots 145 geometry 0.2763 curve 0.5292 ms
cell storage 104 tets 101 knots 54 geometry 0.0496 curve 0.1210 ms
cell storage 105 tets 461 knots 170 geometry 0.3954 curve 0.6128 ms
cell storage 106 tets 307 knots 120 geometry 0.2381 curve 0.3950 ms
liquid phase solid storage 6.392008 ms
liquid phase surface step 1.236997 ms
liquid phase loading 2.779424 ms
liquid phase containers/connections/parcels 0.122936 ms
cell storage 89 tets 647 knots 230 geometry 0.4887 curve 1.0017 ms
cell storage 90 tets 384 knots 145 geometry 0.3385 curve 0.5065 ms
cell storage 104 tets 101 knots 54 geometry 0.0498 curve 0.1110 ms
cell storage 105 tets 461 knots 170 geometry 0.3307 curve 0.6013 ms
cell storage 106 tets 307 knots 119 geometry 0.2500 curve 0.3719 ms
liquid phase solid storage 6.338451 ms
liquid phase surface step 2.134378 ms
liquid phase loading 4.499186 ms
liquid phase containers/connections/parcels 0.136501 ms
cell storage 89 tets 647 knots 230 geometry 0.5516 curve 1.1474 ms
cell storage 90 tets 384 knots 145 geometry 0.3117 curve 0.5040 ms
cell storage 104 tets 101 knots 54 geometry 0.0547 curve 0.1322 ms
cell storage 105 tets 461 knots 170 geometry 0.3650 curve 0.6403 ms
cell storage 106 tets 307 knots 118 geometry 0.2742 curve 0.4098 ms
liquid phase solid storage 6.865034 ms
liquid phase surface step 1.265774 ms
liquid phase loading 2.680259 ms
liquid phase containers/connections/parcels 0.133183 ms
cell storage 89 tets 643 knots 233 geometry 0.5220 curve 0.9034 ms
cell storage 90 tets 384 knots 145 geometry 0.3045 curve 0.6492 ms
cell storage 104 tets 101 knots 55 geometry 0.0976 curve 0.1775 ms
cell storage 105 tets 461 knots 170 geometry 0.5098 curve 0.6525 ms
cell storage 106 tets 307 knots 119 geometry 0.2341 curve 0.3768 ms
liquid phase solid storage 6.911166 ms
liquid phase surface step 1.395944 ms
liquid phase loading 3.263637 ms
liquid phase containers/connections/parcels 0.157560 ms
cell storage 89 tets 643 knots 231 geometry 0.5778 curve 0.8987 ms
cell storage 90 tets 384 knots 146 geometry 0.3314 curve 0.5056 ms
cell storage 104 tets 101 knots 55 geometry 0.0582 curve 0.1370 ms
cell storage 105 tets 461 knots 169 geometry 0.3293 curve 0.6259 ms
cell storage 106 tets 280 knots 112 geometry 0.2187 curve 0.3354 ms
liquid phase solid storage 7.193343 ms
liquid phase surface step 1.191142 ms
liquid phase loading 2.941287 ms
liquid phase containers/connections/parcels 0.139008 ms
cell storage 89 tets 643 knots 233 geometry 0.5092 curve 0.9866 ms
cell storage 90 tets 384 knots 145 geometry 0.2861 curve 0.5088 ms
cell storage 104 tets 101 knots 54 geometry 0.0597 curve 0.1099 ms
cell storage 105 tets 461 knots 169 geometry 0.3103 curve 0.7903 ms
cell storage 106 tets 280 knots 110 geometry 0.2316 curve 0.3518 ms
liquid phase solid storage 6.407570 ms
liquid phase surface step 1.146897 ms
liquid phase loading 3.329819 ms
liquid phase containers/connections/parcels 0.146991 ms
cell storage 89 tets 643 knots 230 geometry 0.4603 curve 0.8980 ms
cell storage 90 tets 384 knots 146 geometry 0.3573 curve 0.5507 ms
cell storage 104 tets 101 knots 54 geometry 0.0622 curve 0.1397 ms
cell storage 105 tets 461 knots 169 geometry 0.4838 curve 0.8275 ms
cell storage 106 tets 280 knots 110 geometry 0.3336 curve 0.3672 ms
liquid phase solid storage 7.221119 ms
liquid phase surface step 1.295739 ms
liquid phase loading 2.962556 ms
liquid phase containers/connections/parcels 0.106122 ms
cell storage 89 tets 643 knots 232 geometry 0.5596 curve 0.9407 ms
cell storage 90 tets 411 knots 151 geometry 0.3212 curve 0.5076 ms
cell storage 104 tets 101 knots 54 geometry 0.0478 curve 0.1092 ms
cell storage 105 tets 453 knots 167 geometry 0.3392 curve 0.5757 ms
cell storage 106 tets 280 knots 111 geometry 0.2323 curve 0.3629 ms
liquid phase solid storage 6.842778 ms
liquid phase surface step 1.342555 ms
liquid phase loading 3.135382 ms
liquid phase containers/connections/parcels 0.106132 ms
cell storage 89 tets 643 knots 232 geometry 0.4464 curve 0.8452 ms
cell storage 90 tets 411 knots 151 geometry 0.2814 curve 0.5098 ms
cell storage 104 tets 101 knots 54 geometry 0.0469 curve 0.1294 ms
cell storage 105 tets 453 knots 168 geometry 0.4217 curve 0.6805 ms
cell storage 106 tets 280 knots 110 geometry 0.2542 curve 0.3784 ms
liquid phase solid storage 6.451127 ms
liquid phase surface step 1.236951 ms
liquid phase loading 3.015493 ms
liquid phase containers/connections/parcels 0.121909 ms
cell storage 89 tets 643 knots 233 geometry 0.4423 curve 0.9228 ms
cell storage 90 tets 411 knots 151 geometry 0.2916 curve 0.6738 ms
cell storage 104 tets 101 knots 54 geometry 0.0786 curve 0.1160 ms
cell storage 105 tets 453 knots 167 geometry 0.3683 curve 0.6463 ms
cell storage 106 tets 268 knots 110 geometry 0.2166 curve 0.3534 ms
liquid phase solid storage 6.665130 ms
liquid phase surface step 1.336233 ms
liquid phase loading 3.390301 ms
liquid phase containers/connections/parcels 0.107323 ms
cell storage 89 tets 639 knots 232 geometry 0.5003 curve 0.9212 ms
cell storage 90 tets 411 knots 150 geometry 0.3115 curve 0.5867 ms
cell storage 104 tets 101 knots 54 geometry 0.0545 curve 0.1176 ms
cell storage 105 tets 441 knots 163 geometry 0.3290 curve 0.6333 ms
cell storage 106 tets 268 knots 110 geometry 0.2717 curve 0.3231 ms
liquid phase solid storage 6.752819 ms
liquid phase surface step 1.136827 ms
liquid phase loading 3.043342 ms
liquid phase containers/connections/parcels 0.124390 ms
cell storage 89 tets 639 knots 232 geometry 0.5364 curve 0.9281 ms
cell storage 90 tets 411 knots 152 geometry 0.2982 curve 0.5571 ms
cell storage 104 tets 101 knots 55 geometry 0.0482 curve 0.1100 ms
cell storage 105 tets 441 knots 163 geometry 0.3047 curve 0.6841 ms
cell storage 106 tets 268 knots 110 geometry 0.2162 curve 0.3754 ms
liquid phase solid storage 6.637595 ms
liquid phase surface step 1.119766 ms
liquid phase loading 3.145115 ms
liquid phase containers/connections/parcels 0.114492 ms
cell storage 89 tets 659 knots 243 geometry 0.5213 curve 0.9204 ms
cell storage 90 tets 411 knots 150 geometry 0.3533 curve 0.5498 ms
cell storage 104 tets 101 knots 54 geometry 0.0479 curve 0.1198 ms
cell storage 105 tets 441 knots 163 geometry 0.3387 curve 0.5720 ms
cell storage 106 tets 268 knots 109 geometry 0.2367 curve 0.4505 ms
liquid phase solid storage 6.613264 ms
liquid phase surface step 1.151377 ms
liquid phase loading 3.180831 ms
liquid phase containers/connections/parcels 0.106936 ms
cell storage 89 tets 667 knots 243 geometry 0.5343 curve 1.0412 ms
cell storage 90 tets 407 knots 150 geometry 0.3058 curve 0.4979 ms
cell storage 104 tets 101 knots 54 geometry 0.0551 curve 0.1313 ms
cell storage 105 tets 441 knots 163 geometry 0.3388 curve 0.6683 ms
cell storage 106 tets 268 knots 110 geometry 0.2179 curve 0.3146 ms
liquid phase solid storage 6.486849 ms
liquid phase surface step 1.185522 ms
liquid phase loading 4.893151 ms
liquid phase containers/connections/parcels 0.136460 ms
cell storage 89 tets 667 knots 243 geometry 0.5128 curve 1.0445 ms
cell storage 90 tets 433 knots 157 geometry 0.3408 curve 0.7598 ms
cell storage 104 tets 101 knots 54 geometry 0.0498 curve 0.1302 ms
cell storage 105 tets 441 knots 164 geometry 0.3558 curve 0.8192 ms
cell storage 106 tets 294 knots 118 geometry 0.4022 curve 0.5567 ms
liquid phase solid storage 8.512435 ms
liquid phase surface step 1.811165 ms
liquid phase loading 3.142691 ms
liquid phase containers/connections/parcels 0.134468 ms
cell storage 89 tets 655 knots 242 geometry 0.4800 curve 1.2933 ms
cell storage 90 tets 449 knots 162 geometry 0.5362 curve 0.8910 ms
cell storage 104 tets 101 knots 54 geometry 0.0718 curve 0.1132 ms
cell storage 105 tets 441 knots 163 geometry 0.3435 curve 0.6285 ms
cell storage 106 tets 310 knots 123 geometry 0.2990 curve 0.3789 ms
liquid phase solid storage 7.854026 ms
liquid phase surface step 1.176604 ms
liquid phase loading 3.714099 ms
liquid phase containers/connections/parcels 0.187684 ms
cell storage 89 tets 655 knots 240 geometry 0.5018 curve 0.9586 ms
cell storage 90 tets 457 knots 165 geometry 0.3140 curve 0.6958 ms
cell storage 104 tets 101 knots 54 geometry 0.1207 curve 0.1834 ms
cell storage 105 tets 441 knots 162 geometry 0.4910 curve 0.7573 ms
cell storage 106 tets 310 knots 123 geometry 0.5285 curve 0.4371 ms
liquid phase solid storage 7.739446 ms
liquid phase surface step 2.052792 ms
liquid phase loading 3.153843 ms
liquid phase containers/connections/parcels 0.129073 ms
cell storage 89 tets 655 knots 240 geometry 0.5202 curve 0.9435 ms
cell storage 90 tets 457 knots 164 geometry 0.3316 curve 0.5845 ms
cell storage 104 tets 101 knots 54 geometry 0.0600 curve 0.1119 ms
cell storage 105 tets 441 knots 164 geometry 0.3184 curve 0.5829 ms
cell storage 106 tets 310 knots 124 geometry 0.2418 curve 0.3964 ms
liquid phase solid storage 8.749913 ms
liquid phase surface step 1.397737 ms
liquid phase loading 3.278041 ms
liquid phase containers/connections/parcels 0.130473 ms
cell storage 89 tets 663 knots 237 geometry 0.6650 curve 1.4285 ms
cell storage 90 tets 457 knots 164 geometry 0.5878 curve 0.6060 ms
cell storage 104 tets 101 knots 54 geometry 0.0553 curve 0.1185 ms
cell storage 105 tets 445 knots 165 geometry 0.3622 curve 0.6328 ms
cell storage 106 tets 306 knots 122 geometry 0.2672 curve 0.4721 ms
liquid phase solid storage 8.407720 ms
liquid phase surface step 1.186762 ms
liquid phase loading 4.034819 ms
liquid phase containers/connections/parcels 0.133408 ms
cell storage 89 tets 663 knots 238 geometry 0.5033 curve 1.0483 ms
cell storage 90 tets 457 knots 164 geometry 0.3269 curve 0.6579 ms
cell storage 104 tets 101 knots 54 geometry 0.0505 curve 0.1139 ms
cell storage 105 tets 445 knots 163 geometry 0.3245 curve 0.6266 ms
cell storage 106 tets 306 knots 122 geometry 0.2439 curve 0.3714 ms
liquid phase solid storage 8.024793 ms
liquid phase surface step 1.739897 ms
liquid phase loading 3.439126 ms
liquid phase containers/connections/parcels 0.130865 ms
cell storage 89 tets 683 knots 244 geometry 0.4736 curve 1.0410 ms
cell storage 90 tets 457 knots 165 geometry 0.6043 curve 0.9432 ms
cell storage 104 tets 101 knots 54 geometry 0.0826 curve 0.1639 ms
cell storage 105 tets 445 knots 166 geometry 0.3716 curve 0.5582 ms
cell storage 106 tets 306 knots 122 geometry 0.2350 curve 0.3897 ms
liquid phase solid storage 8.352173 ms
liquid phase surface step 1.935616 ms
liquid phase loading 4.010431 ms
liquid phase containers/connections/parcels 0.185756 ms
cell storage 89 tets 715 knots 251 geometry 0.6798 curve 0.9904 ms
cell storage 90 tets 453 knots 166 geometry 0.3654 curve 0.6764 ms
cell storage 104 tets 101 knots 54 geometry 0.0514 curve 0.1147 ms
cell storage 105 tets 445 knots 165 geometry 0.3145 curve 0.6158 ms
cell storage 106 tets 306 knots 123 geometry 0.2425 curve 0.3848 ms
liquid phase solid storage 8.582268 ms
liquid phase surface step 1.863668 ms
liquid phase loading 3.537643 ms
liquid phase containers/connections/parcels 0.139947 ms
cell storage 89 tets 715 knots 250 geometry 0.5439 curve 0.9921 ms
cell storage 90 tets 453 knots 165 geometry 0.3266 curve 0.7455 ms
cell storage 104 tets 101 knots 54 geometry 0.0906 curve 0.1724 ms
cell storage 105 tets 433 knots 162 geometry 0.5994 curve 0.8228 ms
cell storage 106 tets 314 knots 125 geometry 0.2734 curve 0.3958 ms
liquid phase solid storage 8.538793 ms
liquid phase surface step 1.459739 ms
liquid phase loading 3.371270 ms
liquid phase containers/connections/parcels 0.238069 ms
cell storage 89 tets 715 knots 247 geometry 0.5992 curve 1.0517 ms
cell storage 90 tets 453 knots 166 geometry 0.5191 curve 0.5780 ms
cell storage 104 tets 101 knots 54 geometry 0.0500 curve 0.1439 ms
cell storage 105 tets 433 knots 163 geometry 0.3683 curve 0.7077 ms
cell storage 106 tets 314 knots 125 geometry 0.2675 curve 0.4243 ms
liquid phase solid storage 7.984350 ms
liquid phase surface step 1.800084 ms
liquid phase loading 3.658321 ms
liquid phase containers/connections/parcels 0.123218 ms
cell storage 89 tets 715 knots 249 geometry 0.5158 curve 1.0273 ms
cell storage 90 tets 472 knots 168 geometry 0.4766 curve 0.6682 ms
cell storage 104 tets 101 knots 54 geometry 0.0514 curve 0.1350 ms
cell storage 105 tets 433 knots 162 geometry 0.3401 curve 0.5587 ms
cell storage 106 tets 314 knots 125 geometry 0.2588 curve 0.4871 ms
liquid phase solid storage 9.378558 ms
liquid phase surface step 1.251610 ms
liquid phase loading 3.249976 ms
liquid phase containers/connections/parcels 0.108679 ms
cell storage 89 tets 719 knots 247 geometry 0.5703 curve 1.0247 ms
cell storage 90 tets 468 knots 168 geometry 0.3786 curve 0.6347 ms
cell storage 104 tets 101 knots 54 geometry 0.0500 curve 0.1136 ms
cell storage 105 tets 433 knots 161 geometry 0.3409 curve 0.8087 ms
cell storage 106 tets 314 knots 125 geometry 0.2520 curve 0.3837 ms
liquid phase solid storage 7.258575 ms
liquid phase surface step 1.205529 ms
liquid phase loading 3.631364 ms
liquid phase containers/connections/parcels 0.120843 ms
cell storage 89 tets 719 knots 250 geometry 0.5394 curve 1.0653 ms
cell storage 90 tets 468 knots 167 geometry 0.4027 curve 0.6521 ms
cell storage 104 tets 101 knots 54 geometry 0.0476 curve 0.1099 ms
cell storage 105 tets 433 knots 163 geometry 0.3071 curve 0.5994 ms
cell storage 106 tets 314 knots 125 geometry 0.2292 curve 0.4017 ms
liquid phase solid storage 7.060921 ms
liquid phase surface step 1.236065 ms
liquid phase loading 3.498200 ms
liquid phase containers/connections/parcels 0.151369 ms
cell storage 89 tets 723 knots 249 geometry 0.6943 curve 0.9826 ms
cell storage 90 tets 468 knots 167 geometry 0.3993 curve 0.6775 ms
cell storage 104 tets 101 knots 54 geometry 0.0506 curve 0.1134 ms
cell storage 105 tets 398 knots 152 geometry 0.3165 curve 0.5319 ms
cell storage 106 tets 314 knots 125 geometry 0.2169 curve 0.3728 ms
liquid phase solid storage 7.756549 ms
liquid phase surface step 1.609306 ms
liquid phase loading 3.197729 ms
liquid phase containers/connections/parcels 0.131179 ms
cell storage 89 tets 723 knots 250 geometry 0.6362 curve 1.0649 ms
cell storage 90 tets 472 knots 169 geometry 0.3697 curve 0.6367 ms
cell storage 104 tets 101 knots 54 geometry 0.0517 curve 0.1353 ms
cell storage 105 tets 398 knots 152 geometry 0.3901 curve 0.6067 ms
cell storage 106 tets 318 knots 126 geometry 0.2309 curve 0.4710 ms
liquid phase solid storage 8.058407 ms
liquid phase surface step 1.536622 ms
liquid phase loading 3.097879 ms
liquid phase containers/connections/parcels 0.116500 ms
cell storage 89 tets 723 knots 250 geometry 0.6837 curve 1.1067 ms
cell storage 90 tets 483 knots 171 geometry 0.3936 curve 0.6636 ms
cell storage 104 tets 101 knots 54 geometry 0.0539 curve 0.1192 ms
cell storage 105 tets 466 knots 168 geometry 0.3998 curve 0.7679 ms
cell storage 106 tets 310 knots 122 geometry 0.2203 curve 0.4316 ms
liquid phase solid storage 8.453462 ms
liquid phase surface step 1.446205 ms
liquid phase loading 3.277597 ms
liquid phase containers/connections/parcels 0.109523 ms
cell storage 89 tets 734 knots 252 geometry 0.5173 curve 1.1425 ms
cell storage 90 tets 449 knots 161 geometry 0.4382 curve 0.6330 ms
cell storage 104 tets 101 knots 54 geometry 0.0729 curve 0.1234 ms
cell storage 105 tets 507 knots 181 geometry 0.4156 curve 0.6698 ms
cell storage 106 tets 319 knots 126 geometry 0.2286 curve 0.3769 ms
liquid phase solid storage 8.328784 ms
liquid phase surface step 1.698642 ms
liquid phase loading 3.491283 ms
liquid phase containers/connections/parcels 0.112671 ms
cell storage 89 tets 724 knots 250 geometry 0.5473 curve 1.0836 ms
cell storage 90 tets 437 knots 157 geometry 0.3749 curve 0.5867 ms
cell storage 104 tets 101 knots 54 geometry 0.0741 curve 0.1311 ms
cell storage 105 tets 511 knots 180 geometry 0.4927 curve 0.9446 ms
cell storage 106 tets 319 knots 128 geometry 0.3074 curve 0.4247 ms
liquid phase solid storage 8.426367 ms
liquid phase surface step 1.813087 ms
liquid phase loading 3.153871 ms
liquid phase containers/connections/parcels 0.240583 ms
cell storage 89 tets 720 knots 253 geometry 0.6139 curve 1.0268 ms
cell storage 90 tets 445 knots 159 geometry 0.3353 curve 0.7212 ms
cell storage 104 tets 101 knots 54 geometry 0.0503 curve 0.1138 ms
cell storage 105 tets 511 knots 183 geometry 0.3705 curve 0.8340 ms
cell storage 106 tets 319 knots 126 geometry 0.4022 curve 0.4403 ms
liquid phase solid storage 8.337464 ms
liquid phase surface step 2.109180 ms
liquid phase loading 5.707427 ms
liquid phase containers/connections/parcels 0.202243 ms
cell storage 89 tets 720 knots 249 geometry 0.9621 curve 1.6466 ms
cell storage 90 tets 445 knots 162 geometry 0.6225 curve 0.8918 ms
cell storage 104 tets 101 knots 54 geometry 0.1040 curve 0.1856 ms
cell storage 105 tets 511 knots 181 geometry 0.9493 curve 1.1197 ms
cell storage 106 tets 319 knots 126 geometry 0.4022 curve 0.6431 ms
liquid phase solid storage 11.615426 ms
liquid phase surface step 1.588639 ms
liquid phase loading 3.149542 ms
liquid phase containers/connections/parcels 0.116853 ms
cell storage 89 tets 732 knots 251 geometry 0.6246 curve 1.0215 ms
cell storage 90 tets 445 knots 161 geometry 0.3252 curve 0.6034 ms
cell storage 104 tets 101 knots 54 geometry 0.0488 curve 0.1095 ms
cell storage 105 tets 511 knots 183 geometry 0.3955 curve 0.7098 ms
cell storage 106 tets 323 knots 127 geometry 0.2637 curve 0.4183 ms
liquid phase solid storage 8.117055 ms
liquid phase surface step 1.732199 ms
liquid phase loading 3.276425 ms
liquid phase containers/connections/parcels 0.122885 ms
cell storage 89 tets 744 knots 253 geometry 0.5598 curve 1.1491 ms
cell storage 90 tets 438 knots 159 geometry 0.4184 curve 0.5671 ms
cell storage 104 tets 101 knots 54 geometry 0.0903 curve 0.1148 ms
cell storage 105 tets 511 knots 182 geometry 0.4278 curve 0.6728 ms
cell storage 106 tets 323 knots 127 geometry 0.2351 curve 0.4635 ms
liquid phase solid storage 8.614571 ms
liquid phase surface step 1.492753 ms
liquid phase loading 3.601204 ms
liquid phase containers/connections/parcels 0.214416 ms
cell storage 89 tets 744 knots 255 geometry 1.1495 curve 1.5650 ms
cell storage 90 tets 450 knots 162 geometry 0.4782 curve 0.6134 ms
cell storage 104 tets 101 knots 54 geometry 0.0623 curve 0.1415 ms
cell storage 105 tets 503 knots 178 geometry 0.4035 curve 0.7221 ms
cell storage 106 tets 323 knots 126 geometry 0.4006 curve 0.4290 ms
liquid phase solid storage 10.161414 ms
liquid phase surface step 1.665266 ms
liquid phase loading 3.102165 ms
liquid phase containers/connections/parcels 0.109651 ms
cell storage 89 tets 748 knots 256 geometry 0.5135 curve 1.0152 ms
cell storage 90 tets 450 knots 164 geometry 0.3516 curve 0.6299 ms
cell storage 104 tets 101 knots 54 geometry 0.0620 curve 0.1349 ms
cell storage 105 tets 503 knots 180 geometry 0.4229 curve 0.6828 ms
cell storage 106 tets 323 knots 127 geometry 0.2794 curve 0.3977 ms
liquid phase solid storage 8.378490 ms
liquid phase surface step 1.564022 ms
liquid phase loading 3.092644 ms
liquid phase containers/connections/parcels 0.120176 ms
cell storage 89 tets 756 knots 257 geometry 0.5619 curve 1.1007 ms
cell storage 90 tets 450 knots 164 geometry 0.3511 curve 0.7806 ms
cell storage 104 tets 101 knots 54 geometry 0.0597 curve 0.1138 ms
cell storage 105 tets 499 knots 180 geometry 0.3863 curve 0.7880 ms
cell storage 106 tets 323 knots 128 geometry 0.2914 curve 0.4544 ms
liquid phase solid storage 8.400821 ms
liquid phase surface step 1.274622 ms
liquid phase loading 3.279035 ms
liquid phase containers/connections/parcels 0.109918 ms
cell storage 89 tets 798 knots 265 geometry 0.6559 curve 1.2323 ms
cell storage 90 tets 466 knots 165 geometry 0.3792 curve 0.6347 ms
cell storage 104 tets 101 knots 54 geometry 0.0607 curve 0.1158 ms
cell storage 105 tets 499 knots 178 geometry 0.4054 curve 0.7280 ms
cell storage 106 tets 327 knots 126 geometry 0.3358 curve 0.4434 ms
liquid phase solid storage 10.457788 ms
liquid phase surface step 2.593226 ms
liquid phase loading 5.251102 ms
liquid phase containers/connections/parcels 0.217025 ms
cell storage 89 tets 750 knots 258 geometry 0.9772 curve 1.5026 ms
cell storage 90 tets 466 knots 167 geometry 0.3844 curve 0.6360 ms
cell storage 104 tets 101 knots 54 geometry 0.0751 curve 0.1314 ms
cell storage 105 tets 499 knots 178 geometry 0.3581 curve 0.7217 ms
cell storage 106 tets 327 knots 127 geometry 0.2588 curve 0.4229 ms
liquid phase solid storage 10.779970 ms
liquid phase surface step 2.063913 ms
liquid phase loading 3.292360 ms
liquid phase containers/connections/parcels 0.132932 ms
cell storage 89 tets 750 knots 260 geometry 0.6426 curve 1.0921 ms
cell storage 90 tets 486 knots 168 geometry 0.4010 curve 0.7151 ms
cell storage 104 tets 101 knots 54 geometry 0.0563 curve 0.1118 ms
cell storage 105 tets 499 knots 179 geometry 0.6562 curve 0.7147 ms
cell storage 106 tets 327 knots 126 geometry 0.4514 curve 0.5081 ms
liquid phase solid storage 9.117909 ms
liquid phase surface step 1.774831 ms
liquid phase loading 3.582751 ms
liquid phase containers/connections/parcels 0.110270 ms
cell storage 89 tets 750 knots 257 geometry 0.6788 curve 1.1135 ms
cell storage 90 tets 486 knots 169 geometry 0.3525 curve 0.6534 ms
cell storage 104 tets 101 knots 54 geometry 0.0622 curve 0.1167 ms
cell storage 105 tets 495 knots 178 geometry 0.4202 curve 0.6377 ms
cell storage 106 tets 335 knots 131 geometry 0.2686 curve 0.4228 ms
liquid phase solid storage 10.403484 ms
liquid phase surface step 2.577247 ms
liquid phase loading 5.016582 ms
liquid phase containers/connections/parcels 0.117348 ms
cell storage 89 tets 746 knots 264 geometry 0.7324 curve 1.2664 ms
cell storage 90 tets 536 knots 178 geometry 0.6185 curve 0.7540 ms
cell storage 104 tets 101 knots 54 geometry 0.0706 curve 0.1270 ms
cell storage 105 tets 495 knots 178 geometry 0.4378 curve 0.6764 ms
cell storage 106 tets 351 knots 134 geometry 0.3626 curve 0.5045 ms
liquid phase solid storage 9.562147 ms
liquid phase surface step 1.788658 ms
liquid phase loading 3.383626 ms
liquid phase containers/connections/parcels 0.108677 ms
cell storage 89 tets 762 knots 263 geometry 0.6765 curve 1.1768 ms
cell storage 90 tets 536 knots 179 geometry 0.3961 curve 0.7825 ms
cell storage 104 tets 101 knots 54 geometry 0.0624 curve 0.1276 ms
cell storage 105 tets 495 knots 179 geometry 0.4295 curve 0.7191 ms
cell storage 106 tets 351 knots 133 geometry 0.2920 curve 0.6176 ms
liquid phase solid storage 9.157640 ms
liquid phase surface step 1.449637 ms
liquid phase loading 5.378435 ms
liquid phase containers/connections/parcels 0.237415 ms
cell storage 89 tets 762 knots 263 geometry 0.7524 curve 1.0899 ms
cell storage 90 tets 532 knots 180 geometry 0.4175 curve 0.8220 ms
cell storage 104 tets 101 knots 54 geometry 0.0596 curve 0.1155 ms
cell storage 105 tets 511 knots 183 geometry 0.4208 curve 0.6419 ms
cell storage 106 tets 339 knots 131 geometry 0.2771 curve 0.4796 ms
liquid phase solid storage 9.360850 ms
liquid phase surface step 1.639645 ms
liquid phase loading 3.103725 ms
liquid phase containers/connections/parcels 0.110735 ms
cell storage 89 tets 762 knots 262 geometry 0.5441 curve 1.0988 ms
cell storage 90 tets 544 knots 181 geometry 0.5945 curve 0.7181 ms
cell storage 105 tets 527 knots 192 geometry 0.4313 curve 0.7577 ms
cell storage 106 tets 343 knots 129 geometry 0.2998 curve 0.4846 ms
liquid phase solid storage 8.720565 ms
liquid phase surface step 1.657383 ms
liquid phase loading 3.164140 ms
liquid phase containers/connections/parcels 0.108001 ms
cell storage 89 tets 762 knots 262 geometry 0.7268 curve 1.0826 ms
cell storage 90 tets 532 knots 181 geometry 0.3653 curve 0.6944 ms
cell storage 105 tets 531 knots 191 geometry 0.3915 curve 0.7788 ms
cell storage 106 tets 347 knots 136 geometry 0.4168 curve 0.4720 ms
liquid phase solid storage 9.152897 ms
liquid phase surface step 1.737919 ms
liquid phase loading 3.674136 ms
liquid phase containers/connections/parcels 0.117063 ms
cell storage 89 tets 782 knots 268 geometry 1.0065 curve 2.0402 ms
cell storage 90 tets 532 knots 182 geometry 0.7561 curve 1.1685 ms
cell storage 104 tets 116 knots 59 geometry 0.1112 curve 0.1877 ms
cell storage 105 tets 555 knots 201 geometry 0.4863 curve 0.7372 ms
cell storage 106 tets 355 knots 134 geometry 0.2421 curve 0.4659 ms
liquid phase solid storage 11.590827 ms
liquid phase surface step 1.630861 ms
liquid phase loading 3.182389 ms
liquid phase containers/connections/parcels 0.110210 ms
cell storage 89 tets 782 knots 272 geometry 0.5534 curve 1.1066 ms
cell storage 90 tets 532 knots 179 geometry 0.4006 curve 0.7978 ms
cell storage 104 tets 116 knots 59 geometry 0.0657 curve 0.1331 ms
cell storage 105 tets 551 knots 201 geometry 0.5467 curve 0.8325 ms
cell storage 106 tets 363 knots 136 geometry 0.3158 curve 0.4517 ms
liquid phase solid storage 9.095964 ms
liquid phase surface step 1.664360 ms
liquid phase loading 3.307797 ms
liquid phase containers/connections/parcels 0.106763 ms
cell storage 89 tets 798 knots 274 geometry 0.5947 curve 1.2066 ms
cell storage 90 tets 528 knots 179 geometry 0.3605 curve 0.6963 ms
cell storage 104 tets 116 knots 59 geometry 0.0705 curve 0.1531 ms
cell storage 105 tets 559 knots 204 geometry 0.4326 curve 0.7997 ms
cell storage 106 tets 363 knots 135 geometry 0.2430 curve 0.5551 ms
liquid phase solid storage 8.695328 ms
liquid phase surface step 1.598276 ms
liquid phase loading 3.097557 ms
liquid phase containers/connections/parcels 0.135076 ms
cell storage 89 tets 813 knots 276 geometry 0.6053 curve 1.1789 ms
cell storage 90 tets 512 knots 171 geometry 0.3965 curve 0.7652 ms
cell storage 104 tets 116 knots 59 geometry 0.0915 curve 0.1983 ms
cell storage 105 tets 559 knots 204 geometry 0.5189 curve 1.0352 ms
cell storage 106 tets 355 knots 134 geometry 0.4776 curve 0.7098 ms
liquid phase solid storage 11.660552 ms
liquid phase surface step 1.576492 ms
liquid phase loading 3.282090 ms
liquid phase containers/connections/parcels 0.109787 ms
cell storage 89 tets 801 knots 272 geometry 0.7605 curve 1.1247 ms
cell storage 90 tets 496 knots 169 geometry 0.3879 curve 0.6912 ms
cell storage 104 tets 116 knots 59 geometry 0.0703 curve 0.1284 ms
cell storage 105 tets 547 knots 204 geometry 0.4268 curve 0.7170 ms
cell storage 106 tets 355 knots 134 geometry 0.2638 curve 0.4559 ms
liquid phase solid storage 8.992456 ms
liquid phase surface step 1.629940 ms
liquid phase loading 3.266002 ms
liquid phase containers/connections/parcels 0.173644 ms
cell storage 89 tets 805 knots 274 geometry 0.5875 curve 1.2312 ms
cell storage 90 tets 481 knots 165 geometry 0.5661 curve 0.6562 ms
cell storage 104 tets 116 knots 59 geometry 0.0622 curve 0.1382 ms
cell storage 105 tets 539 knots 197 geometry 0.4195 curve 0.7168 ms
cell storage 106 tets 347 knots 129 geometry 0.2742 curve 0.4117 ms
liquid phase solid storage 9.191197 ms
liquid phase surface step 1.523976 ms
liquid phase loading 3.164665 ms
liquid phase containers/connections/parcels 0.143314 ms
cell storage 89 tets 789 knots 271 geometry 0.6347 curve 1.5426 ms
cell storage 90 tets 481 knots 166 geometry 0.3912 curve 0.6669 ms
cell storage 104 tets 116 knots 59 geometry 0.0660 curve 0.1699 ms
cell storage 105 tets 559 knots 202 geometry 0.4533 curve 0.7845 ms
cell storage 106 tets 347 knots 128 geometry 0.2428 curve 0.4508 ms
liquid phase solid storage 9.307218 ms
liquid phase surface step 2.638458 ms
liquid phase loading 4.164715 ms
liquid phase containers/connections/parcels 0.112605 ms
cell storage 89 tets 793 knots 270 geometry 0.6847 curve 1.3276 ms
cell storage 90 tets 509 knots 171 geometry 0.4576 curve 0.6571 ms
cell storage 104 tets 116 knots 59 geometry 0.0644 curve 0.1652 ms
cell storage 105 tets 555 knots 201 geometry 0.4300 curve 0.7372 ms
cell storage 106 tets 362 knots 133 geometry 0.3961 curve 0.4700 ms
liquid phase solid storage 9.876186 ms
liquid phase surface step 1.502432 ms
liquid phase loading 2.763877 ms
liquid phase containers/connections/parcels 0.107035 ms
cell storage 89 tets 817 knots 278 geometry 0.7291 curve 1.1448 ms
cell storage 90 tets 509 knots 172 geometry 0.7498 curve 0.6823 ms
cell storage 104 tets 116 knots 59 geometry 0.0627 curve 0.1297 ms
cell storage 105 tets 555 knots 202 geometry 0.4232 curve 0.7001 ms
cell storage 106 tets 362 knots 134 geometry 0.2636 curve 0.4423 ms
liquid phase solid storage 9.595603 ms
liquid phase surface step 1.464963 ms
liquid phase loading 3.092956 ms
liquid phase containers/connections/parcels 0.119140 ms
cell storage 89 tets 837 knots 288 geometry 0.6032 curve 1.2314 ms
cell storage 90 tets 516 knots 175 geometry 0.5088 curve 0.6933 ms
cell storage 104 tets 116 knots 60 geometry 0.0900 curve 0.1377 ms
cell storage 105 tets 559 knots 205 geometry 0.4304 curve 0.8016 ms
cell storage 106 tets 362 knots 135 geometry 0.2426 curve 0.4848 ms
liquid phase solid storage 9.728863 ms
liquid phase surface step 1.778902 ms
liquid phase loading 3.040494 ms
liquid phase containers/connections/parcels 0.138179 ms
cell storage 89 tets 845 knots 286 geometry 0.7748 curve 1.2689 ms
cell storage 90 tets 465 knots 160 geometry 0.5790 curve 0.7385 ms
cell storage 105 tets 543 knots 200 geometry 0.4469 curve 0.7473 ms
cell storage 106 tets 374 knots 135 geometry 0.2829 curve 0.4453 ms
liquid phase solid storage 10.019860 ms
liquid phase surface step 1.518184 ms
liquid phase loading 3.122995 ms
liquid phase containers/connections/parcels 0.111978 ms
cell storage 89 tets 845 knots 289 geometry 0.5804 curve 1.2400 ms
cell storage 90 tets 438 knots 155 geometry 0.3252 curve 0.6058 ms
cell storage 105 tets 547 knots 200 geometry 0.4200 curve 0.6878 ms
cell storage 106 tets 374 knots 137 geometry 0.2675 curve 0.4588 ms
liquid phase solid storage 8.749630 ms
liquid phase surface step 1.314158 ms
liquid phase loading 2.463348 ms
liquid phase containers/connections/parcels 0.120914 ms
cell storage 89 tets 877 knots 297 geometry 0.6242 curve 1.2183 ms
cell storage 90 tets 434 knots 153 geometry 0.3360 curve 0.5692 ms
cell storage 105 tets 547 knots 199 geometry 0.4740 curve 0.7745 ms
cell storage 106 tets 374 knots 134 geometry 0.2840 curve 0.4612 ms
liquid phase solid storage 8.678754 ms
liquid phase surface step 1.457477 ms
liquid phase loading 2.354537 ms
liquid phase containers/connections/parcels 0.105933 ms
cell storage 88 tets 179 knots 85 geometry 0.1023 curve 0.2398 ms
cell storage 89 tets 865 knots 291 geometry 0.6581 curve 1.2474 ms
cell storage 90 tets 402 knots 147 geometry 0.2948 curve 0.5685 ms
cell storage 105 tets 555 knots 205 geometry 0.5060 curve 0.7856 ms
cell storage 106 tets 374 knots 135 geometry 0.2673 curve 0.4561 ms
liquid phase solid storage 9.171125 ms
liquid phase surface step 1.466964 ms
liquid phase loading 2.590323 ms
liquid phase containers/connections/parcels 0.139023 ms
cell storage 88 tets 179 knots 85 geometry 0.0934 curve 0.2470 ms
cell storage 89 tets 865 knots 292 geometry 0.7465 curve 1.5085 ms
cell storage 90 tets 390 knots 144 geometry 0.3480 curve 0.5274 ms
cell storage 105 tets 555 knots 201 geometry 0.4156 curve 0.7903 ms
cell storage 106 tets 374 knots 136 geometry 0.2459 curve 0.4890 ms
liquid phase solid storage 9.250361 ms
liquid phase surface step 1.212763 ms
liquid phase loading 2.943811 ms
liquid phase containers/connections/parcels 0.120519 ms
cell storage 88 tets 179 knots 85 geometry 0.1143 curve 0.2316 ms
cell storage 89 tets 865 knots 292 geometry 0.5811 curve 1.1960 ms
cell storage 90 tets 390 knots 144 geometry 0.3006 curve 0.5194 ms
cell storage 105 tets 539 knots 198 geometry 0.4514 curve 0.7682 ms
cell storage 106 tets 362 knots 130 geometry 0.2618 curve 0.4521 ms
liquid phase solid storage 8.402512 ms
liquid phase surface step 1.564414 ms
liquid phase loading 2.697866 ms
liquid phase containers/connections/parcels 0.142437 ms
cell storage 88 tets 198 knots 91 geometry 0.1653 curve 0.2591 ms
cell storage 89 tets 841 knots 287 geometry 0.6952 curve 1.2123 ms
cell storage 90 tets 404 knots 149 geometry 0.3096 curve 0.5178 ms
cell storage 105 tets 523 knots 194 geometry 0.3895 curve 0.6832 ms
cell storage 106 tets 372 knots 135 geometry 0.2844 curve 0.4819 ms
liquid phase solid storage 8.891942 ms
liquid phase surface step 1.175347 ms
liquid phase loading 2.876763 ms
liquid phase containers/connections/parcels 0.121636 ms
cell storage 88 tets 198 knots 91 geometry 0.1071 curve 0.3075 ms
cell storage 89 tets 841 knots 293 geometry 0.6230 curve 1.2594 ms
cell storage 90 tets 436 knots 155 geometry 0.3718 curve 0.6560 ms
cell storage 105 tets 523 knots 194 geometry 0.4366 curve 0.6584 ms
cell storage 106 tets 408 knots 144 geometry 0.2961 curve 0.5291 ms
liquid phase solid storage 9.018999 ms
liquid phase surface step 2.236616 ms
liquid phase loading 4.168212 ms
liquid phase containers/connections/parcels 0.114241 ms
cell storage 88 tets 198 knots 91 geometry 0.1013 curve 0.2561 ms
cell storage 89 tets 853 knots 291 geometry 0.7273 curve 1.3102 ms
cell storage 90 tets 436 knots 154 geometry 0.3572 curve 0.5554 ms
cell storage 105 tets 527 knots 193 geometry 0.3768 curve 0.7919 ms
cell storage 106 tets 408 knots 144 geometry 0.2757 curve 0.5202 ms
liquid phase solid storage 8.831724 ms
liquid phase surface step 1.317308 ms
liquid phase loading 2.835531 ms
liquid phase containers/connections/parcels 0.111917 ms
cell storage 88 tets 198 knots 91 geometry 0.0970 curve 0.2750 ms
cell storage 89 tets 853 knots 292 geometry 0.6629 curve 1.3216 ms
cell storage 90 tets 432 knots 152 geometry 0.3415 curve 0.5577 ms
cell storage 105 tets 527 knots 194 geometry 0.3760 curve 0.6931 ms
cell storage 106 tets 424 knots 147 geometry 0.3628 curve 0.5492 ms
liquid phase solid storage 8.979969 ms
liquid phase surface step 1.654459 ms
liquid phase loading 3.173862 ms
liquid phase containers/connections/parcels 0.137955 ms
cell storage 88 tets 198 knots 91 geometry 0.1201 curve 0.3123 ms
cell storage 89 tets 861 knots 298 geometry 0.5612 curve 1.5328 ms
cell storage 90 tets 440 knots 160 geometry 0.4881 curve 0.7066 ms
cell storage 105 tets 527 knots 192 geometry 0.4255 curve 0.9488 ms
cell storage 106 tets 428 knots 149 geometry 0.2818 curve 0.5683 ms
liquid phase solid storage 9.585750 ms
liquid phase surface step 1.363162 ms
liquid phase loading 3.252327 ms
liquid phase containers/connections/parcels 0.106888 ms
cell storage 88 tets 198 knots 91 geometry 0.1375 curve 0.2432 ms
cell storage 89 tets 861 knots 294 geometry 0.6157 curve 1.4032 ms
cell storage 90 tets 440 knots 158 geometry 0.3767 curve 0.5680 ms
cell storage 105 tets 531 knots 193 geometry 0.4288 curve 0.7609 ms
cell storage 106 tets 420 knots 147 geometry 0.3207 curve 0.6275 ms
liquid phase solid storage 9.631919 ms
liquid phase surface step 1.426929 ms
liquid phase loading 3.186562 ms
liquid phase containers/connections/parcels 0.106167 ms
cell storage 88 tets 198 knots 91 geometry 0.0934 curve 0.2932 ms
cell storage 89 tets 845 knots 288 geometry 0.5925 curve 1.3095 ms
cell storage 90 tets 440 knots 158 geometry 0.3815 curve 0.7915 ms
cell storage 105 tets 543 knots 197 geometry 0.4432 curve 0.6853 ms
cell storage 106 tets 420 knots 147 geometry 0.4334 curve 0.6875 ms
liquid phase solid storage 9.596593 ms
liquid phase surface step 1.223860 ms
liquid phase loading 2.842427 ms
liquid phase containers/connections/parcels 0.266889 ms
cell storage 88 tets 198 knots 91 geometry 0.1584 curve 0.2432 ms
cell storage 89 tets 845 knots 290 geometry 0.5793 curve 1.1463 ms
cell storage 90 tets 440 knots 159 geometry 0.3496 curve 0.7599 ms
cell storage 105 tets 535 knots 194 geometry 0.3982 curve 0.7288 ms
cell storage 106 tets 420 knots 146 geometry 0.2899 curve 0.5322 ms
liquid phase solid storage 8.739451 ms
liquid phase surface step 1.725300 ms
liquid phase loading 2.723353 ms
liquid phase containers/connections/parcels 0.111490 ms
cell storage 88 tets 198 knots 91 geometry 0.1296 curve 0.3813 ms
cell storage 89 tets 832 knots 290 geometry 0.5941 curve 1.1691 ms
cell storage 90 tets 366 knots 137 geometry 0.2870 curve 0.4712 ms
cell storage 105 tets 525 knots 191 geometry 0.3846 curve 0.7023 ms
cell storage 106 tets 307 knots 117 geometry 0.2879 curve 0.5660 ms
liquid phase solid storage 9.048631 ms
liquid phase surface step 1.630269 ms
liquid phase loading 3.006026 ms
liquid phase containers/connections/parcels 0.146336 ms
cell storage 88 tets 198 knots 91 geometry 0.1082 curve 0.2483 ms
cell storage 89 tets 832 knots 289 geometry 0.6919 curve 1.6154 ms
cell storage 90 tets 362 knots 138 geometry 0.3882 curve 0.4775 ms
cell storage 105 tets 509 knots 186 geometry 0.3963 curve 0.6536 ms
cell storage 106 tets 307 knots 117 geometry 0.2116 curve 0.4434 ms
liquid phase solid storage 8.451227 ms
liquid phase surface step 1.232422 ms
liquid phase loading 3.246126 ms
liquid phase containers/connections/parcels 0.107400 ms
cell storage 88 tets 198 knots 91 geometry 0.0986 curve 0.2415 ms
cell storage 89 tets 868 knots 296 geometry 0.5725 curve 1.4030 ms
cell storage 90 tets 362 knots 136 geometry 0.2818 curve 0.4615 ms
cell storage 105 tets 509 knots 186 geometry 0.3529 curve 0.6292 ms
cell storage 106 tets 311 knots 117 geometry 0.2561 curve 0.3952 ms
liquid phase solid storage 7.859051 ms
liquid phase surface step 1.678818 ms
liquid phase loading 3.412029 ms
liquid phase containers/connections/parcels 0.229653 ms
cell storage 88 tets 202 knots 92 geometry 0.2834 curve 0.5694 ms
cell storage 89 tets 812 knots 286 geometry 1.0645 curve 1.9066 ms
cell storage 90 tets 374 knots 143 geometry 0.4965 curve 0.8588 ms
cell storage 105 tets 501 knots 185 geometry 0.7729 curve 1.0240 ms
cell storage 106 tets 323 knots 120 geometry 0.4072 curve 0.6880 ms
liquid phase solid storage 14.868420 ms
liquid phase surface step 2.703615 ms
liquid phase loading 2.895026 ms
liquid phase containers/connections/parcels 0.140367 ms
cell storage 88 tets 202 knots 92 geometry 0.1604 curve 0.2642 ms
cell storage 89 tets 788 knots 278 geometry 0.6667 curve 1.3098 ms
cell storage 90 tets 374 knots 144 geometry 0.2868 curve 0.6822 ms
cell storage 105 tets 501 knots 185 geometry 0.3538 curve 0.7818 ms
cell storage 106 tets 323 knots 120 geometry 0.2174 curve 0.4188 ms
liquid phase solid storage 8.653896 ms
liquid phase surface step 1.559520 ms
liquid phase loading 3.040237 ms
liquid phase containers/connections/parcels 0.410415 ms
cell storage 88 tets 202 knots 92 geometry 0.1207 curve 0.3276 ms
cell storage 89 tets 772 knots 273 geometry 0.5916 curve 1.0997 ms
cell storage 90 tets 382 knots 147 geometry 0.2797 curve 0.5383 ms
cell storage 105 tets 501 knots 183 geometry 0.5737 curve 0.6848 ms
cell storage 106 tets 342 knots 126 geometry 0.2363 curve 0.4992 ms
liquid phase solid storage 9.280173 ms
liquid phase surface step 1.709165 ms
liquid phase loading 2.941474 ms
liquid phase containers/connections/parcels 0.106796 ms
cell storage 88 tets 202 knots 92 geometry 0.1158 curve 0.2570 ms
cell storage 89 tets 772 knots 275 geometry 0.8735 curve 1.3442 ms
cell storage 90 tets 382 knots 146 geometry 0.3267 curve 0.4735 ms
cell storage 105 tets 497 knots 186 geometry 0.3873 curve 0.6552 ms
cell storage 106 tets 342 knots 125 geometry 0.4359 curve 0.6243 ms
liquid phase solid storage 9.017605 ms
liquid phase surface step 1.501556 ms
liquid phase loading 3.594545 ms
liquid phase containers/connections/parcels 0.206320 ms
cell storage 88 tets 202 knots 92 geometry 0.2702 curve 0.3734 ms
cell storage 89 tets 776 knots 272 geometry 1.0234 curve 1.1929 ms
cell storage 90 tets 390 knots 148 geometry 0.2914 curve 0.5511 ms
cell storage 105 tets 528 knots 194 geometry 0.3983 curve 0.7527 ms
cell storage 106 tets 342 knots 126 geometry 0.2944 curve 0.6060 ms
liquid phase solid storage 10.296357 ms
liquid phase surface step 1.687375 ms
liquid phase loading 2.797196 ms
liquid phase containers/connections/parcels 0.129004 ms
cell storage 88 tets 202 knots 92 geometry 0.1172 curve 0.2529 ms
cell storage 89 tets 776 knots 275 geometry 0.5915 curve 1.1796 ms
cell storage 90 tets 386 knots 149 geometry 0.3202 curve 0.5070 ms
cell storage 105 tets 528 knots 194 geometry 0.3755 curve 0.7330 ms
cell storage 106 tets 342 knots 127 geometry 0.2227 curve 0.4120 ms
liquid phase solid storage 8.176718 ms
liquid phase surface step 1.418887 ms
liquid phase loading 2.880051 ms
liquid phase containers/connections/parcels 0.113595 ms
cell storage 88 tets 202 knots 92 geometry 0.1224 curve 0.2516 ms
cell storage 89 tets 776 knots 273 geometry 0.5693 curve 1.2668 ms
cell storage 90 tets 386 knots 150 geometry 0.2823 curve 0.4878 ms
cell storage 105 tets 528 knots 193 geometry 0.4222 curve 0.6830 ms
cell storage 106 tets 342 knots 127 geometry 0.2219 curve 0.4101 ms
liquid phase solid storage 7.768956 ms
liquid phase surface step 1.399863 ms
liquid phase loading 2.928604 ms
liquid phase containers/connections/parcels 0.265495 ms
cell storage 88 tets 202 knots 92 geometry 0.1175 curve 0.2663 ms
cell storage 89 tets 776 knots 274 geometry 0.6193 curve 1.0554 ms
cell storage 90 tets 386 knots 151 geometry 0.2718 curve 0.4916 ms
cell storage 105 tets 528 knots 195 geometry 0.4333 curve 0.7392 ms
cell storage 106 tets 350 knots 130 geometry 0.2379 curve 0.5302 ms
liquid phase solid storage 9.719797 ms
liquid phase surface step 2.375078 ms
liquid phase loading 3.320057 ms
liquid phase containers/connections/parcels 0.198401 ms
cell storage 88 tets 202 knots 92 geometry 0.2357 curve 0.4016 ms
cell storage 89 tets 780 knots 277 geometry 1.0279 curve 1.4658 ms
cell storage 90 tets 394 knots 154 geometry 0.3447 curve 0.6369 ms
cell storage 105 tets 528 knots 196 geometry 0.4221 curve 0.7508 ms
cell storage 106 tets 362 knots 131 geometry 0.2371 curve 0.6650 ms
liquid phase solid storage 10.232593 ms
liquid phase surface step 1.450916 ms
liquid phase loading 2.886475 ms
liquid phase containers/connections/parcels 0.107333 ms
cell storage 88 tets 202 knots 92 geometry 0.1212 curve 0.2446 ms
cell storage 89 tets 741 knots 265 geometry 0.5761 curve 1.2215 ms
cell storage 90 tets 398 knots 154 geometry 0.2850 curve 0.5205 ms
cell storage 105 tets 504 knots 185 geometry 0.3952 curve 0.7002 ms
cell storage 106 tets 334 knots 126 geometry 0.2229 curve 0.4531 ms
liquid phase solid storage 8.606031 ms
liquid phase surface step 1.627062 ms
liquid phase loading 3.076849 ms
liquid phase containers/connections/parcels 0.108166 ms
cell storage 88 tets 202 knots 92 geometry 0.1161 curve 0.2596 ms
cell storage 89 tets 745 knots 264 geometry 0.5810 curve 0.9976 ms
cell storage 90 tets 398 knots 154 geometry 0.3111 curve 0.5530 ms
cell storage 105 tets 508 knots 187 geometry 0.3680 curve 0.6837 ms
cell storage 106 tets 318 knots 120 geometry 0.2537 curve 0.4308 ms
liquid phase solid storage 7.512683 ms
liquid phase surface step 1.233793 ms
liquid phase loading 3.078405 ms
liquid phase containers/connections/parcels 0.109092 ms
cell storage 88 tets 202 knots 92 geometry 0.1195 curve 0.2471 ms
cell storage 89 tets 741 knots 266 geometry 0.5638 curve 1.0947 ms
cell storage 90 tets 382 knots 146 geometry 0.4143 curve 0.6246 ms
cell storage 105 tets 508 knots 185 geometry 0.4391 curve 0.7367 ms
cell storage 106 tets 318 knots 122 geometry 0.2556 curve 0.4753 ms
liquid phase solid storage 8.215992 ms
liquid phase surface step 1.211650 ms
liquid phase loading 2.948925 ms
liquid phase containers/connections/parcels 0.247065 ms
cell storage 88 tets 198 knots 91 geometry 0.1285 curve 0.2832 ms
cell storage 89 tets 742 knots 269 geometry 0.5778 curve 1.0524 ms
cell storage 90 tets 382 knots 147 geometry 0.2823 curve 0.5834 ms
cell storage 105 tets 498 knots 184 geometry 0.3575 curve 0.6947 ms
cell storage 106 tets 318 knots 121 geometry 0.2557 curve 0.4347 ms
liquid phase solid storage 7.594978 ms
liquid phase surface step 1.144935 ms
liquid phase loading 3.363471 ms
liquid phase containers/connections/parcels 0.110604 ms
cell storage 88 tets 198 knots 91 geometry 0.1393 curve 0.3082 ms
cell storage 89 tets 746 knots 270 geometry 0.5392 curve 1.1455 ms
cell storage 90 tets 386 knots 146 geometry 0.3006 curve 0.4917 ms
cell storage 105 tets 502 knots 183 geometry 0.4581 curve 0.6375 ms
cell storage 106 tets 318 knots 120 geometry 0.2496 curve 0.4137 ms
liquid phase solid storage 8.289875 ms
liquid phase surface step 1.330515 ms
liquid phase loading 3.201052 ms
liquid phase containers/connections/parcels 0.107812 ms
cell storage 88 tets 198 knots 91 geometry 0.1442 curve 0.2442 ms
cell storage 89 tets 742 knots 267 geometry 0.5926 curve 1.0462 ms
cell storage 90 tets 386 knots 149 geometry 0.2781 curve 0.4808 ms
cell storage 105 tets 502 knots 182 geometry 0.3987 curve 0.9179 ms
cell storage 106 tets 322 knots 120 geometry 0.2288 curve 0.4385 ms
liquid phase solid storage 7.365245 ms
liquid phase surface step 1.305721 ms
liquid phase loading 3.062264 ms
liquid phase containers/connections/parcels 0.109428 ms
cell storage 88 tets 198 knots 91 geometry 0.1233 curve 0.2504 ms
cell storage 89 tets 742 knots 268 geometry 0.5940 curve 1.3417 ms
cell storage 90 tets 386 knots 146 geometry 0.3152 curve 0.5131 ms
cell storage 105 tets 495 knots 183 geometry 0.3561 curve 0.7010 ms
cell storage 106 tets 322 knots 121 geometry 0.2450 curve 0.4767 ms
liquid phase solid storage 7.893225 ms
liquid phase surface step 1.182323 ms
liquid phase loading 4.024060 ms
liquid phase containers/connections/parcels 0.138531 ms
cell storage 88 tets 198 knots 91 geometry 0.1260 curve 0.2947 ms
cell storage 89 tets 706 knots 258 geometry 0.6494 curve 1.0599 ms
cell storage 90 tets 382 knots 146 geometry 0.2787 curve 0.4801 ms
cell storage 105 tets 507 knots 186 geometry 0.3949 curve 0.7300 ms
cell storage 106 tets 322 knots 120 geometry 0.2564 curve 0.3963 ms
liquid phase solid storage 7.529244 ms
liquid phase surface step 1.162550 ms
liquid phase loading 3.554479 ms
liquid phase containers/connections/parcels 0.106421 ms
cell storage 88 tets 198 knots 91 geometry 0.1190 curve 0.2531 ms
cell storage 89 tets 706 knots 256 geometry 0.8192 curve 1.5587 ms
cell storage 90 tets 382 knots 146 geometry 0.3074 curve 0.4995 ms
cell storage 105 tets 507 knots 186 geometry 0.3796 curve 0.8182 ms
cell storage 106 tets 322 knots 121 geometry 0.2186 curve 0.4190 ms
liquid phase solid storage 8.340422 ms
liquid phase surface step 1.294199 ms
liquid phase loading 3.977959 ms
liquid phase containers/connections/parcels 0.107343 ms
cell storage 88 tets 198 knots 91 geometry 0.1106 curve 0.3226 ms
cell storage 89 tets 706 knots 257 geometry 0.7227 curve 1.0376 ms
cell storage 90 tets 378 knots 146 geometry 0.3083 curve 0.5647 ms
cell storage 105 tets 499 knots 182 geometry 0.3758 curve 0.6393 ms
cell storage 106 tets 318 knots 120 geometry 0.3956 curve 0.3908 ms
liquid phase solid storage 8.218249 ms
liquid phase surface step 2.166369 ms
liquid phase loading 3.677762 ms
liquid phase containers/connections/parcels 0.109411 ms
cell storage 88 tets 198 knots 91 geometry 0.1111 curve 0.2905 ms
cell storage 89 tets 706 knots 255 geometry 0.8716 curve 1.0928 ms
cell storage 90 tets 370 knots 145 geometry 0.5073 curve 0.7783 ms
cell storage 105 tets 525 knots 189 geometry 0.6240 curve 0.6860 ms
cell storage 106 tets 318 knots 120 geometry 0.2231 curve 0.4088 ms
liquid phase solid storage 8.521776 ms
liquid phase surface step 1.227765 ms
liquid phase loading 3.886202 ms
liquid phase containers/connections/parcels 0.178799 ms
cell storage 88 tets 198 knots 91 geometry 0.1075 curve 0.2360 ms
cell storage 89 tets 706 knots 258 geometry 0.6566 curve 1.1207 ms
cell storage 90 tets 370 knots 146 geometry 0.2704 curve 0.4993 ms
cell storage 105 tets 540 knots 191 geometry 0.4340 curve 0.8344 ms
cell storage 106 tets 318 knots 120 geometry 0.2539 curve 0.4208 ms
liquid phase solid storage 7.743802 ms
liquid phase surface step 1.715596 ms
liquid phase loading 3.633445 ms
liquid phase containers/connections/parcels 0.109153 ms
cell storage 88 tets 198 knots 91 geometry 0.1073 curve 0.2726 ms
cell storage 89 tets 722 knots 259 geometry 0.5328 curve 1.0770 ms
cell storage 90 tets 370 knots 142 geometry 0.2931 curve 0.4662 ms
cell storage 105 tets 548 knots 194 geometry 0.5471 curve 0.7122 ms
cell storage 106 tets 322 knots 122 geometry 0.3524 curve 0.6197 ms
liquid phase solid storage 8.789781 ms
liquid phase surface step 1.162218 ms
liquid phase loading 3.936782 ms
liquid phase containers/connections/parcels 0.116909 ms
cell storage 88 tets 198 knots 91 geometry 0.1967 curve 0.3975 ms
cell storage 89 tets 722 knots 260 geometry 0.9381 curve 1.5632 ms
cell storage 90 tets 382 knots 145 geometry 0.6120 curve 0.6533 ms
cell storage 105 tets 556 knots 198 geometry 0.3859 curve 0.9177 ms
cell storage 106 tets 322 knots 121 geometry 0.2505 curve 0.3950 ms
liquid phase solid storage 9.516698 ms
liquid phase surface step 1.504090 ms
liquid phase loading 3.887949 ms
liquid phase containers/connections/parcels 0.110425 ms
cell storage 88 tets 198 knots 91 geometry 0.1145 curve 0.2999 ms
cell storage 89 tets 745 knots 270 geometry 0.5668 curve 1.0113 ms
cell storage 90 tets 382 knots 145 geometry 0.2838 curve 0.4767 ms
cell storage 105 tets 544 knots 196 geometry 0.4102 curve 0.7864 ms
cell storage 106 tets 322 knots 121 geometry 0.2136 curve 0.4816 ms
liquid phase solid storage 8.365581 ms
liquid phase surface step 1.433424 ms
liquid phase loading 3.374089 ms
liquid phase containers/connections/parcels 0.112692 ms
cell storage 88 tets 198 knots 91 geometry 0.1086 curve 0.2376 ms
cell storage 89 tets 745 knots 265 geometry 0.5669 curve 1.0913 ms
cell storage 90 tets 382 knots 147 geometry 0.2919 curve 0.5015 ms
cell storage 105 tets 544 knots 196 geometry 0.4030 curve 0.7517 ms
cell storage 106 tets 322 knots 120 geometry 0.3104 curve 0.5691 ms
liquid phase solid storage 7.709837 ms
liquid phase surface step 1.213547 ms
liquid phase loading 3.356446 ms
liquid phase containers/connections/parcels 0.115893 ms
cell storage 88 tets 198 knots 91 geometry 0.1055 curve 0.2713 ms
cell storage 89 tets 745 knots 266 geometry 0.5590 curve 1.0450 ms
cell storage 90 tets 390 knots 147 geometry 0.5020 curve 0.5535 ms
cell storage 105 tets 544 knots 197 geometry 0.4447 curve 0.6953 ms
cell storage 106 tets 322 knots 121 geometry 0.2499 curve 0.4254 ms
liquid phase solid storage 7.543642 ms
liquid phase surface step 1.155940 ms
liquid phase loading 3.899265 ms
liquid phase containers/connections/parcels 0.118822 ms
cell storage 88 tets 198 knots 91 geometry 0.1146 curve 0.2961 ms
cell storage 89 tets 745 knots 265 geometry 0.5558 curve 1.1869 ms
cell storage 90 tets 390 knots 148 geometry 0.2930 curve 0.5744 ms
cell storage 105 tets 544 knots 195 geometry 0.4938 curve 0.7761 ms
cell storage 106 tets 322 knots 120 geometry 0.2258 curve 0.3824 ms
liquid phase solid storage 7.515395 ms
liquid phase surface step 1.236093 ms
liquid phase loading 4.126506 ms
liquid phase containers/connections/parcels 0.194002 ms
cell storage 88 tets 198 knots 91 geometry 0.1084 curve 0.2393 ms
cell storage 89 tets 745 knots 266 geometry 0.5482 curve 1.0016 ms
cell storage 90 tets 394 knots 149 geometry 0.3080 curve 0.5011 ms
cell storage 105 tets 544 knots 196 geometry 0.4322 curve 0.7858 ms
cell storage 106 tets 306 knots 117 geometry 0.2044 curve 0.3782 ms
liquid phase solid storage 8.016689 ms
liquid phase surface step 1.342807 ms
liquid phase loading 3.392941 ms
liquid phase containers/connections/parcels 0.137295 ms
cell storage 88 tets 194 knots 90 geometry 0.1065 curve 0.2744 ms
cell storage 89 tets 745 knots 267 geometry 0.5986 curve 1.6023 ms
cell storage 90 tets 398 knots 149 geometry 0.3188 curve 0.5677 ms
cell storage 105 tets 544 knots 195 geometry 0.4567 curve 0.7478 ms
cell storage 106 tets 306 knots 117 geometry 0.2347 curve 0.3970 ms
liquid phase solid storage 8.193856 ms
liquid phase surface step 1.283885 ms
liquid phase loading 3.353211 ms
liquid phase containers/connections/parcels 0.185289 ms
cell storage 88 tets 194 knots 90 geometry 0.1169 curve 0.2658 ms
cell storage 89 tets 737 knots 265 geometry 0.5416 curve 1.2586 ms
cell storage 90 tets 394 knots 149 geometry 0.3178 curve 0.5458 ms
cell storage 105 tets 548 knots 199 geometry 0.5443 curve 0.8029 ms
cell storage 106 tets 306 knots 116 geometry 0.2300 curve 0.3937 ms
liquid phase solid storage 8.078473 ms
liquid phase surface step 1.249276 ms
liquid phase loading 3.546568 ms
liquid phase containers/connections/parcels 0.109424 ms
cell storage 88 tets 194 knots 90 geometry 0.1169 curve 0.3047 ms
cell storage 89 tets 733 knots 263 geometry 0.5960 curve 1.0552 ms
cell storage 90 tets 394 knots 149 geometry 0.3899 curve 0.7469 ms
cell storage 105 tets 552 knots 196 geometry 0.4316 curve 0.7660 ms
cell storage 106 tets 306 knots 116 geometry 0.2246 curve 0.4014 ms
liquid phase solid storage 8.775569 ms
liquid phase surface step 1.391930 ms
liquid phase loading 3.327688 ms
liquid phase containers/connections/parcels 0.108890 ms
cell storage 88 tets 194 knots 90 geometry 0.1315 curve 0.2426 ms
cell storage 89 tets 729 knots 262 geometry 0.5519 curve 1.1161 ms
cell storage 90 tets 390 knots 148 geometry 0.6122 curve 0.5958 ms
cell storage 105 tets 560 knots 200 geometry 0.4170 curve 0.7842 ms
cell storage 106 tets 306 knots 116 geometry 0.2345 curve 0.4541 ms
liquid phase solid storage 7.907870 ms
liquid phase surface step 1.177541 ms
liquid phase loading 3.373801 ms
M55 loop frame samples 61 median 148.60263 p95 172.23568 max 186.51159 ms
M55 loop fixed samples 486 median 0.00000 p95 0.00000 max 0.00000 ms
M55 loop render samples 61 median 47.01533 p95 56.45448 max 59.83849 ms
M55 loop surface samples 61 median 0.00021 p95 0.00032 max 0.00054 ms
M55 loop catchup 61 capped 59 frames 76 failures 0
