PASS ordinary M55 project and logical input map
libEGL warning: Not allowed to force software rendering when API explicitly selects a hardware device.
PASS normal EngineHost/GL resources
PASS registered surface scene loads normally
PASS ordinary resource/world/session build
liquid phase containers/connections/parcels 0.116812 ms
cell storage 0 tets 264 knots 155 geometry 0.7792 curve 0.3621 ms
cell storage 1 tets 214 knots 114 geometry 0.4037 curve 0.2710 ms
cell storage 2 tets 214 knots 114 geometry 0.4256 curve 0.2710 ms
cell storage 3 tets 214 knots 113 geometry 0.4214 curve 0.2811 ms
cell storage 4 tets 221 knots 116 geometry 0.4513 curve 0.2801 ms
cell storage 5 tets 167 knots 95 geometry 0.4697 curve 0.2102 ms
cell storage 6 tets 566 knots 212 geometry 1.2328 curve 0.7941 ms
cell storage 7 tets 348 knots 147 geometry 0.7335 curve 0.5509 ms
cell storage 8 tets 372 knots 155 geometry 0.7352 curve 0.4905 ms
cell storage 9 tets 512 knots 207 geometry 0.7518 curve 0.7015 ms
cell storage 10 tets 189 knots 104 geometry 0.4743 curve 0.2342 ms
cell storage 11 tets 210 knots 114 geometry 0.4814 curve 0.2684 ms
cell storage 12 tets 214 knots 115 geometry 0.4862 curve 0.2731 ms
cell storage 13 tets 214 knots 115 geometry 0.4906 curve 0.2784 ms
cell storage 14 tets 364 knots 169 geometry 0.6938 curve 0.5768 ms
cell storage 15 tets 367 knots 193 geometry 1.4642 curve 0.5211 ms
cell storage 16 tets 214 knots 114 geometry 0.4751 curve 0.2793 ms
cell storage 17 tets 160 knots 66 geometry 0.0543 curve 0.1921 ms
cell storage 18 tets 160 knots 67 geometry 0.0640 curve 0.2643 ms
cell storage 19 tets 136 knots 59 geometry 0.0538 curve 0.1530 ms
cell storage 20 tets 116 knots 52 geometry 0.0636 curve 0.1263 ms
cell storage 21 tets 106 knots 50 geometry 0.0714 curve 0.1160 ms
cell storage 22 tets 934 knots 307 geometry 0.9547 curve 1.3635 ms
cell storage 23 tets 883 knots 289 geometry 0.9128 curve 1.2447 ms
cell storage 24 tets 776 knots 260 geometry 0.7387 curve 1.3405 ms
cell storage 25 tets 918 knots 298 geometry 0.7051 curve 1.3182 ms
cell storage 26 tets 137 knots 61 geometry 0.1084 curve 0.1566 ms
cell storage 27 tets 159 knots 70 geometry 0.1167 curve 0.2413 ms
cell storage 28 tets 160 knots 68 geometry 0.1137 curve 0.1876 ms
cell storage 29 tets 310 knots 119 geometry 0.2071 curve 0.4589 ms
cell storage 30 tets 308 knots 120 geometry 0.2094 curve 0.3937 ms
cell storage 31 tets 214 knots 116 geometry 0.5288 curve 0.2693 ms
cell storage 32 tets 214 knots 114 geometry 0.4635 curve 0.3028 ms
cell storage 33 tets 146 knots 65 geometry 0.0768 curve 0.2652 ms
cell storage 34 tets 122 knots 55 geometry 0.0928 curve 0.1377 ms
cell storage 38 tets 348 knots 132 geometry 0.2494 curve 0.4437 ms
cell storage 39 tets 252 knots 101 geometry 0.2429 curve 0.3070 ms
cell storage 40 tets 326 knots 121 geometry 0.2833 curve 0.4484 ms
cell storage 41 tets 500 knots 168 geometry 0.4442 curve 0.8375 ms
cell storage 42 tets 133 knots 58 geometry 0.1116 curve 0.1524 ms
cell storage 43 tets 302 knots 114 geometry 0.2011 curve 0.3791 ms
cell storage 44 tets 310 knots 117 geometry 0.2238 curve 0.4035 ms
cell storage 45 tets 308 knots 118 geometry 0.2099 curve 0.4014 ms
cell storage 46 tets 160 knots 70 geometry 0.1070 curve 0.2040 ms
cell storage 47 tets 214 knots 116 geometry 0.5300 curve 0.2721 ms
cell storage 48 tets 182 knots 99 geometry 0.4505 curve 0.2922 ms
cell storage 49 tets 119 knots 53 geometry 0.0522 curve 0.1327 ms
cell storage 57 tets 102 knots 48 geometry 0.0943 curve 0.1109 ms
cell storage 58 tets 280 knots 109 geometry 0.2090 curve 0.3528 ms
cell storage 59 tets 311 knots 120 geometry 0.2078 curve 0.4012 ms
cell storage 60 tets 155 knots 67 geometry 0.1052 curve 0.1753 ms
cell storage 61 tets 157 knots 68 geometry 0.1039 curve 0.1831 ms
cell storage 62 tets 150 knots 66 geometry 0.1037 curve 0.1685 ms
cell storage 63 tets 207 knots 114 geometry 0.5282 curve 0.2740 ms
cell storage 64 tets 159 knots 91 geometry 0.4834 curve 0.2157 ms
cell storage 73 tets 169 knots 79 geometry 0.1655 curve 0.2034 ms
cell storage 74 tets 227 knots 92 geometry 0.2071 curve 0.2771 ms
cell storage 75 tets 119 knots 54 geometry 0.0982 curve 0.1384 ms
cell storage 76 tets 117 knots 54 geometry 0.0965 curve 0.1599 ms
cell storage 77 tets 119 knots 55 geometry 0.1301 curve 0.1762 ms
cell storage 78 tets 127 knots 58 geometry 0.1594 curve 0.1561 ms
cell storage 79 tets 163 knots 92 geometry 0.4490 curve 0.2058 ms
cell storage 80 tets 106 knots 67 geometry 0.2928 curve 0.1360 ms
cell storage 87 tets 137 knots 64 geometry 0.1137 curve 0.1703 ms
cell storage 88 tets 152 knots 72 geometry 0.2194 curve 0.1796 ms
cell storage 89 tets 267 knots 115 geometry 0.2415 curve 0.3389 ms
cell storage 90 tets 190 knots 78 geometry 0.1540 curve 0.2234 ms
cell storage 95 tets 116 knots 69 geometry 0.3226 curve 0.1389 ms
cell storage 96 tets 110 knots 65 geometry 0.3027 curve 0.1311 ms
cell storage 102 tets 145 knots 69 geometry 0.1220 curve 0.1733 ms
cell storage 103 tets 147 knots 70 geometry 0.1316 curve 0.1754 ms
cell storage 105 tets 168 knots 75 geometry 0.1550 curve 0.1977 ms
cell storage 106 tets 171 knots 73 geometry 0.1419 curve 0.2209 ms
cell storage 111 tets 111 knots 64 geometry 0.5449 curve 0.1331 ms
cell storage 112 tets 148 knots 81 geometry 0.3759 curve 0.1910 ms
cell storage 113 tets 118 knots 54 geometry 0.0515 curve 0.1336 ms
cell storage 114 tets 114 knots 52 geometry 0.0588 curve 0.1229 ms
cell storage 115 tets 108 knots 48 geometry 0.0503 curve 0.1170 ms
cell storage 116 tets 120 knots 52 geometry 0.0603 curve 0.1373 ms
cell storage 117 tets 219 knots 91 geometry 0.1431 curve 0.2644 ms
cell storage 118 tets 165 knots 74 geometry 0.1252 curve 0.1992 ms
cell storage 126 tets 103 knots 50 geometry 0.0617 curve 0.1146 ms
cell storage 127 tets 136 knots 79 geometry 0.3607 curve 0.1679 ms
cell storage 128 tets 207 knots 108 geometry 0.5383 curve 0.2671 ms
cell storage 129 tets 157 knots 67 geometry 0.0539 curve 0.1821 ms
cell storage 130 tets 153 knots 67 geometry 0.0521 curve 0.1767 ms
cell storage 131 tets 300 knots 109 geometry 0.0996 curve 0.3814 ms
cell storage 132 tets 309 knots 115 geometry 0.1219 curve 0.3927 ms
cell storage 133 tets 288 knots 109 geometry 0.1190 curve 0.3628 ms
cell storage 141 tets 102 knots 48 geometry 0.1232 curve 0.1632 ms
cell storage 142 tets 127 knots 58 geometry 0.1417 curve 0.2154 ms
cell storage 143 tets 203 knots 108 geometry 0.5152 curve 0.2521 ms
cell storage 144 tets 214 knots 113 geometry 0.5123 curve 0.3031 ms
cell storage 145 tets 158 knots 66 geometry 0.0559 curve 0.1802 ms
cell storage 146 tets 308 knots 116 geometry 0.1059 curve 0.3929 ms
cell storage 147 tets 312 knots 117 geometry 0.1247 curve 0.3964 ms
cell storage 148 tets 158 knots 65 geometry 0.0549 curve 0.1935 ms
cell storage 149 tets 132 knots 57 geometry 0.0653 curve 0.1472 ms
cell storage 157 tets 129 knots 57 geometry 0.0548 curve 0.1460 ms
cell storage 158 tets 157 knots 65 geometry 0.0551 curve 0.1796 ms
cell storage 159 tets 214 knots 113 geometry 0.5027 curve 0.2744 ms
cell storage 160 tets 214 knots 113 geometry 0.4581 curve 0.2764 ms
cell storage 161 tets 308 knots 115 geometry 0.1051 curve 0.4793 ms
cell storage 162 tets 308 knots 114 geometry 0.1068 curve 0.3955 ms
cell storage 163 tets 158 knots 65 geometry 0.0550 curve 0.1809 ms
cell storage 164 tets 158 knots 65 geometry 0.0526 curve 0.1788 ms
cell storage 165 tets 134 knots 57 geometry 0.0521 curve 0.1499 ms
cell storage 171 tets 102 knots 50 geometry 0.0567 curve 0.1119 ms
cell storage 172 tets 133 knots 57 geometry 0.0514 curve 0.1840 ms
cell storage 173 tets 158 knots 65 geometry 0.0543 curve 0.1820 ms
cell storage 174 tets 158 knots 65 geometry 0.0654 curve 0.2588 ms
cell storage 175 tets 214 knots 113 geometry 0.7289 curve 0.2753 ms
cell storage 176 tets 367 knots 188 geometry 0.9870 curve 0.5241 ms
cell storage 177 tets 364 knots 165 geometry 0.5099 curve 0.5486 ms
cell storage 178 tets 214 knots 114 geometry 0.4304 curve 0.2717 ms
cell storage 179 tets 214 knots 113 geometry 0.4309 curve 0.2712 ms
cell storage 180 tets 222 knots 116 geometry 0.4473 curve 0.2802 ms
cell storage 181 tets 183 knots 96 geometry 0.3805 curve 0.2349 ms
cell storage 182 tets 123 knots 73 geometry 0.2937 curve 0.1491 ms
cell storage 183 tets 106 knots 63 geometry 0.2614 curve 0.1238 ms
cell storage 184 tets 106 knots 63 geometry 0.3564 curve 0.1301 ms
cell storage 185 tets 125 knots 77 geometry 0.3086 curve 0.1519 ms
cell storage 186 tets 155 knots 93 geometry 0.3818 curve 0.1920 ms
cell storage 187 tets 188 knots 105 geometry 0.4100 curve 0.2822 ms
cell storage 188 tets 214 knots 116 geometry 0.6366 curve 0.3930 ms
cell storage 189 tets 214 knots 114 geometry 0.4254 curve 0.2770 ms
cell storage 190 tets 214 knots 113 geometry 0.4342 curve 0.2728 ms
cell storage 191 tets 264 knots 156 geometry 0.7832 curve 0.3668 ms
liquid phase solid storage 91.658112 ms
liquid phase surface step 1.423695 ms
liquid phase loading 2.544824 ms
liquid phase containers/connections/parcels 0.124353 ms
cell storage 89 tets 267 knots 115 geometry 0.2427 curve 0.3377 ms
cell storage 90 tets 190 knots 78 geometry 0.1544 curve 0.2367 ms
cell storage 105 tets 168 knots 75 geometry 0.1670 curve 0.2352 ms
cell storage 106 tets 171 knots 73 geometry 0.1847 curve 0.2086 ms
liquid phase solid storage 3.422878 ms
liquid phase surface step 1.342362 ms
liquid phase loading 1.992679 ms
PASS baked resources and ordinary JS callbacks resolve without faults
PASS swimming-sized conserved spatial partition, no bulk particles
PASS ordinary prefab bucket starts dry
liquid phase containers/connections/parcels 0.181667 ms
cell storage 89 tets 267 knots 115 geometry 0.3618 curve 0.3504 ms
cell storage 90 tets 190 knots 78 geometry 0.1668 curve 0.2467 ms
cell storage 105 tets 168 knots 75 geometry 0.1590 curve 0.2464 ms
cell storage 106 tets 171 knots 73 geometry 0.1502 curve 0.2146 ms
liquid phase solid storage 3.556268 ms
liquid phase surface step 1.333102 ms
liquid phase loading 2.115611 ms
PASS JS drain changes owner and local allocation together
liquid phase containers/connections/parcels 0.118816 ms
cell storage 89 tets 267 knots 115 geometry 0.2371 curve 0.3473 ms
cell storage 90 tets 190 knots 78 geometry 0.1694 curve 0.2285 ms
cell storage 105 tets 168 knots 75 geometry 0.1568 curve 0.2036 ms
cell storage 106 tets 171 knots 73 geometry 0.1417 curve 0.2002 ms
liquid phase solid storage 3.281775 ms
liquid phase surface step 1.546026 ms
liquid phase loading 1.993188 ms
PASS JS refill restores quantity while preserving surface state
PASS normal query reports actual local occupied depth and separate gravity up
PASS generic momentum impulse disturbs existing water without creating volume
liquid phase containers/connections/parcels 0.190863 ms
cell storage 89 tets 267 knots 115 geometry 0.2665 curve 0.3391 ms
cell storage 90 tets 190 knots 78 geometry 0.1548 curve 0.2207 ms
cell storage 105 tets 168 knots 75 geometry 0.1572 curve 0.2046 ms
cell storage 106 tets 171 knots 73 geometry 0.1438 curve 0.2170 ms
liquid phase solid storage 3.430047 ms
liquid phase surface step 1.328915 ms
liquid phase loading 2.061071 ms
liquid phase containers/connections/parcels 0.112626 ms
cell storage 89 tets 267 knots 115 geometry 0.2431 curve 0.4582 ms
cell storage 90 tets 190 knots 78 geometry 0.2504 curve 0.3297 ms
cell storage 105 tets 187 knots 81 geometry 0.2670 curve 0.3384 ms
cell storage 106 tets 171 knots 73 geometry 0.2664 curve 0.3813 ms
liquid phase solid storage 4.207219 ms
liquid phase surface step 1.388255 ms
liquid phase loading 2.108197 ms
liquid phase containers/connections/parcels 0.112858 ms
cell storage 89 tets 267 knots 115 geometry 0.2377 curve 0.3898 ms
cell storage 90 tets 190 knots 78 geometry 0.1587 curve 0.2289 ms
cell storage 105 tets 217 knots 90 geometry 0.1958 curve 0.2636 ms
cell storage 106 tets 167 knots 73 geometry 0.1440 curve 0.1992 ms
liquid phase solid storage 4.261987 ms
liquid phase surface step 1.557060 ms
liquid phase loading 2.350578 ms
liquid phase containers/connections/parcels 0.112523 ms
cell storage 89 tets 312 knots 130 geometry 0.2787 curve 0.4068 ms
cell storage 90 tets 190 knots 78 geometry 0.2131 curve 0.2266 ms
cell storage 105 tets 217 knots 90 geometry 0.2044 curve 0.3667 ms
cell storage 106 tets 167 knots 73 geometry 0.3101 curve 0.2474 ms
liquid phase solid storage 4.262217 ms
liquid phase surface step 1.753744 ms
liquid phase loading 2.456336 ms
liquid phase containers/connections/parcels 0.114001 ms
cell storage 89 tets 312 knots 129 geometry 0.2967 curve 0.4023 ms
cell storage 90 tets 170 knots 76 geometry 0.1547 curve 0.2414 ms
cell storage 105 tets 217 knots 90 geometry 0.2553 curve 0.2631 ms
cell storage 106 tets 147 knots 69 geometry 0.1414 curve 0.1743 ms
liquid phase solid storage 3.486744 ms
liquid phase surface step 1.356793 ms
liquid phase loading 2.446002 ms
liquid phase containers/connections/parcels 0.114321 ms
cell storage 89 tets 312 knots 129 geometry 0.3584 curve 0.4137 ms
cell storage 90 tets 162 knots 72 geometry 0.2655 curve 0.1937 ms
cell storage 105 tets 217 knots 90 geometry 0.2376 curve 0.2624 ms
cell storage 106 tets 147 knots 69 geometry 0.1401 curve 0.1751 ms
liquid phase solid storage 3.672187 ms
liquid phase surface step 1.424846 ms
liquid phase loading 2.079778 ms
liquid phase containers/connections/parcels 0.162720 ms
cell storage 89 tets 312 knots 129 geometry 0.4303 curve 0.4186 ms
cell storage 90 tets 162 knots 72 geometry 0.1582 curve 0.1924 ms
cell storage 105 tets 217 knots 90 geometry 0.1957 curve 0.2610 ms
cell storage 106 tets 147 knots 69 geometry 0.1465 curve 0.1737 ms
liquid phase solid storage 3.755171 ms
liquid phase surface step 1.490820 ms
liquid phase loading 2.371385 ms
liquid phase containers/connections/parcels 0.115593 ms
cell storage 89 tets 312 knots 129 geometry 0.3634 curve 0.5382 ms
cell storage 90 tets 162 knots 72 geometry 0.1685 curve 0.1911 ms
cell storage 105 tets 217 knots 90 geometry 0.2152 curve 0.3374 ms
cell storage 106 tets 147 knots 69 geometry 0.3015 curve 0.1859 ms
liquid phase solid storage 4.081765 ms
liquid phase surface step 1.441076 ms
liquid phase loading 2.408909 ms
liquid phase containers/connections/parcels 0.113602 ms
cell storage 89 tets 327 knots 134 geometry 0.2855 curve 0.4400 ms
cell storage 90 tets 189 knots 80 geometry 0.1663 curve 0.2245 ms
cell storage 105 tets 217 knots 90 geometry 0.1996 curve 0.2590 ms
cell storage 106 tets 185 knots 82 geometry 0.1640 curve 0.2270 ms
liquid phase solid storage 3.828284 ms
liquid phase surface step 1.379772 ms
liquid phase loading 2.363922 ms
liquid phase containers/connections/parcels 0.112337 ms
cell storage 89 tets 350 knots 141 geometry 0.3065 curve 0.5256 ms
cell storage 90 tets 249 knots 98 geometry 0.2259 curve 0.3058 ms
cell storage 105 tets 232 knots 95 geometry 0.2935 curve 0.3012 ms
cell storage 106 tets 245 knots 99 geometry 0.2291 curve 0.3040 ms
liquid phase solid storage 4.067777 ms
liquid phase surface step 1.535059 ms
liquid phase loading 2.743633 ms
liquid phase containers/connections/parcels 0.113320 ms
cell storage 89 tets 378 knots 150 geometry 0.4209 curve 0.5106 ms
cell storage 90 tets 217 knots 91 geometry 0.2231 curve 0.2738 ms
cell storage 105 tets 351 knots 128 geometry 0.3070 curve 0.4940 ms
cell storage 106 tets 217 knots 93 geometry 0.2806 curve 0.3694 ms
liquid phase solid storage 4.959336 ms
liquid phase surface step 1.677527 ms
liquid phase loading 2.802304 ms
liquid phase containers/connections/parcels 0.113162 ms
cell storage 89 tets 510 knots 186 geometry 0.5072 curve 0.6821 ms
cell storage 90 tets 221 knots 91 geometry 0.2309 curve 0.2686 ms
cell storage 105 tets 434 knots 147 geometry 0.3828 curve 0.6464 ms
cell storage 106 tets 221 knots 94 geometry 0.2831 curve 0.2707 ms
liquid phase solid storage 4.904628 ms
liquid phase surface step 1.362516 ms
liquid phase loading 3.394725 ms
liquid phase containers/connections/parcels 0.157781 ms
cell storage 89 tets 486 knots 179 geometry 0.4065 curve 0.6667 ms
cell storage 90 tets 221 knots 91 geometry 0.2189 curve 0.2662 ms
cell storage 105 tets 434 knots 145 geometry 0.3848 curve 0.6170 ms
cell storage 106 tets 213 knots 90 geometry 0.2284 curve 0.2580 ms
liquid phase solid storage 4.747426 ms
liquid phase surface step 1.608020 ms
liquid phase loading 3.322645 ms
liquid phase containers/connections/parcels 0.112997 ms
cell storage 89 tets 554 knots 202 geometry 0.4411 curve 0.7696 ms
cell storage 90 tets 307 knots 121 geometry 0.3404 curve 0.3921 ms
cell storage 105 tets 514 knots 169 geometry 0.4072 curve 0.7186 ms
cell storage 106 tets 295 knots 118 geometry 0.2782 curve 0.4561 ms
liquid phase solid storage 5.857001 ms
liquid phase surface step 2.036657 ms
liquid phase loading 3.194594 ms
liquid phase containers/connections/parcels 0.114218 ms
cell storage 89 tets 554 knots 202 geometry 0.5970 curve 1.0868 ms
cell storage 90 tets 307 knots 121 geometry 0.3587 curve 0.4742 ms
cell storage 105 tets 510 knots 170 geometry 0.5989 curve 0.8362 ms
cell storage 106 tets 295 knots 118 geometry 0.4913 curve 0.3801 ms
liquid phase solid storage 6.616217 ms
liquid phase surface step 1.410438 ms
liquid phase loading 3.095234 ms
liquid phase containers/connections/parcels 0.112739 ms
cell storage 89 tets 554 knots 202 geometry 0.4455 curve 0.7619 ms
cell storage 90 tets 307 knots 121 geometry 0.3328 curve 0.4091 ms
cell storage 105 tets 510 knots 169 geometry 0.4473 curve 0.6865 ms
cell storage 106 tets 295 knots 118 geometry 0.3080 curve 0.3725 ms
liquid phase solid storage 5.628242 ms
liquid phase surface step 1.499611 ms
liquid phase loading 3.204298 ms
liquid phase containers/connections/parcels 0.113081 ms
cell storage 89 tets 554 knots 202 geometry 0.4423 curve 0.7984 ms
cell storage 90 tets 307 knots 121 geometry 0.2936 curve 0.4082 ms
cell storage 105 tets 510 knots 169 geometry 0.4123 curve 0.6955 ms
cell storage 106 tets 295 knots 118 geometry 0.2785 curve 0.3626 ms
liquid phase solid storage 5.602451 ms
liquid phase surface step 1.338956 ms
liquid phase loading 3.856033 ms
liquid phase containers/connections/parcels 0.114350 ms
cell storage 89 tets 566 knots 204 geometry 0.4398 curve 0.8731 ms
cell storage 90 tets 307 knots 121 geometry 0.2859 curve 0.3994 ms
cell storage 105 tets 526 knots 174 geometry 0.4135 curve 0.7184 ms
cell storage 106 tets 299 knots 118 geometry 0.2655 curve 0.3906 ms
liquid phase solid storage 5.525056 ms
liquid phase surface step 1.415667 ms
liquid phase loading 3.105809 ms
liquid phase containers/connections/parcels 0.249458 ms
cell storage 89 tets 558 knots 201 geometry 0.5457 curve 0.7754 ms
cell storage 90 tets 319 knots 127 geometry 0.2807 curve 0.4058 ms
cell storage 105 tets 514 knots 171 geometry 0.4052 curve 0.7015 ms
cell storage 106 tets 299 knots 122 geometry 0.2715 curve 0.3819 ms
liquid phase solid storage 5.541614 ms
liquid phase surface step 1.426814 ms
liquid phase loading 3.260862 ms
liquid phase containers/connections/parcels 0.129612 ms
cell storage 89 tets 624 knots 221 geometry 0.6080 curve 0.8905 ms
cell storage 90 tets 294 knots 116 geometry 0.3030 curve 0.3785 ms
cell storage 105 tets 542 knots 178 geometry 0.4469 curve 0.7203 ms
cell storage 106 tets 312 knots 121 geometry 0.2857 curve 0.4364 ms
liquid phase solid storage 6.166283 ms
liquid phase surface step 1.711734 ms
liquid phase loading 3.622479 ms
liquid phase containers/connections/parcels 0.116802 ms
cell storage 89 tets 628 knots 224 geometry 0.5032 curve 0.8659 ms
cell storage 90 tets 328 knots 129 geometry 0.2985 curve 0.4173 ms
cell storage 105 tets 546 knots 181 geometry 0.5640 curve 0.7235 ms
cell storage 106 tets 308 knots 121 geometry 0.2801 curve 0.3945 ms
liquid phase solid storage 5.728502 ms
liquid phase surface step 1.450703 ms
liquid phase loading 3.683004 ms
liquid phase containers/connections/parcels 0.112726 ms
cell storage 89 tets 710 knots 244 geometry 0.5842 curve 1.0369 ms
cell storage 90 tets 299 knots 120 geometry 0.2807 curve 0.3713 ms
cell storage 105 tets 549 knots 185 geometry 0.4754 curve 0.7377 ms
cell storage 106 tets 264 knots 109 geometry 0.2298 curve 0.3512 ms
liquid phase solid storage 5.910413 ms
liquid phase surface step 1.398611 ms
liquid phase loading 3.598285 ms
liquid phase containers/connections/parcels 0.115552 ms
cell storage 89 tets 595 knots 215 geometry 0.5047 curve 0.8671 ms
cell storage 90 tets 329 knots 131 geometry 0.2892 curve 0.4237 ms
cell storage 105 tets 434 knots 157 geometry 0.3432 curve 0.6557 ms
cell storage 106 tets 256 knots 105 geometry 0.2381 curve 0.3137 ms
liquid phase solid storage 5.424481 ms
liquid phase surface step 1.392384 ms
liquid phase loading 3.405612 ms
liquid phase containers/connections/parcels 0.236463 ms
cell storage 89 tets 575 knots 209 geometry 0.4887 curve 0.9901 ms
cell storage 90 tets 344 knots 135 geometry 0.4134 curve 0.5816 ms
cell storage 105 tets 413 knots 150 geometry 0.3691 curve 0.5648 ms
cell storage 106 tets 268 knots 110 geometry 0.2460 curve 0.3429 ms
liquid phase solid storage 5.897260 ms
liquid phase surface step 1.456942 ms
liquid phase loading 3.478428 ms
liquid phase containers/connections/parcels 0.112524 ms
cell storage 89 tets 582 knots 208 geometry 0.5249 curve 0.9967 ms
cell storage 90 tets 430 knots 150 geometry 0.3851 curve 0.5583 ms
cell storage 105 tets 476 knots 169 geometry 0.4302 curve 0.7399 ms
cell storage 106 tets 359 knots 134 geometry 0.4325 curve 0.5331 ms
liquid phase solid storage 6.333762 ms
liquid phase surface step 1.494888 ms
liquid phase loading 4.079781 ms
liquid phase containers/connections/parcels 0.113319 ms
cell storage 89 tets 559 knots 202 geometry 0.5543 curve 0.7600 ms
cell storage 90 tets 426 knots 151 geometry 0.3952 curve 0.6182 ms
cell storage 105 tets 480 knots 167 geometry 0.4097 curve 0.6369 ms
cell storage 106 tets 359 knots 134 geometry 0.3030 curve 0.4614 ms
liquid phase solid storage 6.240454 ms
liquid phase surface step 1.798659 ms
liquid phase loading 4.565927 ms
liquid phase containers/connections/parcels 0.113473 ms
cell storage 89 tets 559 knots 203 geometry 0.5291 curve 0.8327 ms
cell storage 90 tets 410 knots 146 geometry 0.3487 curve 0.5320 ms
cell storage 105 tets 480 knots 168 geometry 0.4928 curve 0.6272 ms
cell storage 106 tets 351 knots 131 geometry 0.2982 curve 0.4466 ms
liquid phase solid storage 6.268194 ms
liquid phase surface step 1.377055 ms
liquid phase loading 4.227251 ms
liquid phase containers/connections/parcels 0.112900 ms
cell storage 89 tets 559 knots 201 geometry 0.5224 curve 0.8153 ms
cell storage 90 tets 410 knots 146 geometry 0.3521 curve 0.5387 ms
cell storage 105 tets 460 knots 163 geometry 0.5599 curve 0.6887 ms
cell storage 106 tets 351 knots 131 geometry 0.3064 curve 0.4433 ms
liquid phase solid storage 6.092329 ms
liquid phase surface step 1.465667 ms
liquid phase loading 4.914491 ms
liquid phase containers/connections/parcels 0.198342 ms
cell storage 89 tets 559 knots 202 geometry 0.8085 curve 0.8024 ms
cell storage 90 tets 410 knots 147 geometry 0.3513 curve 0.5680 ms
cell storage 105 tets 460 knots 164 geometry 0.4885 curve 0.6054 ms
cell storage 106 tets 367 knots 135 geometry 0.3013 curve 0.4700 ms
liquid phase solid storage 6.393515 ms
liquid phase surface step 1.339775 ms
liquid phase loading 4.808426 ms
liquid phase containers/connections/parcels 0.187399 ms
cell storage 89 tets 571 knots 203 geometry 0.5202 curve 0.7728 ms
cell storage 90 tets 430 knots 151 geometry 0.3485 curve 0.6093 ms
cell storage 105 tets 472 knots 167 geometry 0.4256 curve 0.6154 ms
cell storage 106 tets 371 knots 138 geometry 0.3055 curve 0.4736 ms
liquid phase solid storage 6.286520 ms
liquid phase surface step 1.941214 ms
liquid phase loading 3.754092 ms
liquid phase containers/connections/parcels 0.158474 ms
cell storage 89 tets 571 knots 203 geometry 0.5538 curve 0.8071 ms
cell storage 90 tets 430 knots 151 geometry 0.3589 curve 0.6054 ms
cell storage 105 tets 476 knots 167 geometry 0.6423 curve 0.9161 ms
cell storage 106 tets 371 knots 138 geometry 0.5958 curve 0.4730 ms
liquid phase solid storage 6.754448 ms
liquid phase surface step 1.393218 ms
liquid phase loading 4.211812 ms
liquid phase containers/connections/parcels 0.177971 ms
cell storage 89 tets 571 knots 205 geometry 0.8553 curve 1.2569 ms
cell storage 90 tets 430 knots 151 geometry 0.5641 curve 0.5859 ms
cell storage 105 tets 476 knots 169 geometry 0.6679 curve 0.6221 ms
cell storage 106 tets 371 knots 138 geometry 0.3063 curve 0.4719 ms
liquid phase solid storage 7.276484 ms
liquid phase surface step 1.346665 ms
liquid phase loading 4.990496 ms
liquid phase containers/connections/parcels 0.113634 ms
cell storage 89 tets 559 knots 203 geometry 0.5318 curve 0.7678 ms
cell storage 90 tets 430 knots 152 geometry 0.3507 curve 0.5604 ms
cell storage 105 tets 472 knots 169 geometry 0.5332 curve 0.7436 ms
cell storage 106 tets 371 knots 137 geometry 0.3670 curve 0.4682 ms
liquid phase solid storage 6.802236 ms
liquid phase surface step 1.701406 ms
liquid phase loading 4.401552 ms
liquid phase containers/connections/parcels 0.113440 ms
cell storage 89 tets 559 knots 203 geometry 0.5448 curve 0.8177 ms
cell storage 90 tets 410 knots 146 geometry 0.5507 curve 0.7741 ms
cell storage 105 tets 464 knots 165 geometry 0.7010 curve 0.6286 ms
cell storage 106 tets 371 knots 137 geometry 0.3164 curve 0.4692 ms
liquid phase solid storage 7.259507 ms
liquid phase surface step 1.382666 ms
liquid phase loading 4.576412 ms
liquid phase containers/connections/parcels 0.112701 ms
cell storage 89 tets 559 knots 205 geometry 0.5290 curve 0.7666 ms
cell storage 90 tets 410 knots 146 geometry 0.3610 curve 0.5438 ms
cell storage 105 tets 460 knots 166 geometry 0.4771 curve 0.6037 ms
cell storage 106 tets 367 knots 136 geometry 0.3008 curve 0.4614 ms
liquid phase solid storage 5.897175 ms
liquid phase surface step 1.341661 ms
liquid phase loading 4.881654 ms
liquid phase containers/connections/parcels 0.112901 ms
cell storage 89 tets 559 knots 202 geometry 0.5821 curve 0.7596 ms
cell storage 90 tets 410 knots 146 geometry 0.3471 curve 0.6536 ms
cell storage 105 tets 480 knots 168 geometry 0.5718 curve 0.6203 ms
cell storage 106 tets 359 knots 134 geometry 0.3112 curve 0.4803 ms
liquid phase solid storage 7.061395 ms
liquid phase surface step 1.408119 ms
liquid phase loading 4.160492 ms
liquid phase containers/connections/parcels 0.115847 ms
cell storage 89 tets 559 knots 201 geometry 0.5239 curve 0.7586 ms
cell storage 90 tets 410 knots 146 geometry 0.4468 curve 0.7856 ms
cell storage 105 tets 480 knots 169 geometry 0.6927 curve 0.7813 ms
cell storage 106 tets 351 knots 131 geometry 0.3047 curve 0.4440 ms
liquid phase solid storage 6.529739 ms
liquid phase surface step 1.350122 ms
liquid phase loading 4.016029 ms
liquid phase containers/connections/parcels 0.188939 ms
cell storage 89 tets 559 knots 202 geometry 0.8775 curve 0.9075 ms
cell storage 90 tets 426 knots 150 geometry 0.3479 curve 0.5515 ms
cell storage 105 tets 480 knots 167 geometry 0.4223 curve 0.6459 ms
cell storage 106 tets 351 knots 131 geometry 0.3011 curve 0.4396 ms
liquid phase solid storage 6.373458 ms
liquid phase surface step 1.547054 ms
liquid phase loading 4.766373 ms
liquid phase containers/connections/parcels 0.113655 ms
cell storage 89 tets 559 knots 203 geometry 0.5975 curve 0.8437 ms
cell storage 90 tets 426 knots 150 geometry 0.3990 curve 0.5456 ms
cell storage 105 tets 480 knots 167 geometry 0.4132 curve 0.6644 ms
cell storage 106 tets 359 knots 134 geometry 0.3089 curve 0.7354 ms
liquid phase solid storage 7.027906 ms
liquid phase surface step 1.902646 ms
liquid phase loading 3.799145 ms
liquid phase containers/connections/parcels 0.112254 ms
cell storage 89 tets 559 knots 202 geometry 0.5192 curve 0.8238 ms
cell storage 90 tets 426 knots 150 geometry 0.3427 curve 0.6855 ms
cell storage 105 tets 484 knots 169 geometry 0.6450 curve 0.9487 ms
cell storage 106 tets 359 knots 134 geometry 0.4150 curve 0.4562 ms
liquid phase solid storage 6.818430 ms
liquid phase surface step 1.412979 ms
liquid phase loading 3.860236 ms
liquid phase containers/connections/parcels 0.182072 ms
cell storage 89 tets 559 knots 202 geometry 0.8466 curve 0.9257 ms
cell storage 90 tets 430 knots 150 geometry 0.3549 curve 0.5586 ms
cell storage 105 tets 480 knots 167 geometry 0.4224 curve 0.6492 ms
cell storage 106 tets 359 knots 134 geometry 0.3149 curve 0.4521 ms
liquid phase solid storage 6.396128 ms
liquid phase surface step 1.659941 ms
liquid phase loading 4.947664 ms
liquid phase containers/connections/parcels 0.113131 ms
cell storage 89 tets 559 knots 202 geometry 0.5344 curve 0.7669 ms
cell storage 90 tets 430 knots 150 geometry 0.3492 curve 0.5520 ms
cell storage 105 tets 480 knots 168 geometry 0.4194 curve 0.6271 ms
cell storage 106 tets 359 knots 135 geometry 0.3870 curve 0.4919 ms
liquid phase solid storage 6.484331 ms
liquid phase surface step 2.143194 ms
liquid phase loading 3.961065 ms
liquid phase containers/connections/parcels 0.189093 ms
cell storage 89 tets 552 knots 201 geometry 0.5165 curve 0.7415 ms
cell storage 90 tets 364 knots 138 geometry 0.2950 curve 0.4600 ms
cell storage 105 tets 441 knots 159 geometry 0.4337 curve 0.8306 ms
cell storage 106 tets 292 knots 114 geometry 0.4041 curve 0.6371 ms
liquid phase solid storage 6.326444 ms
liquid phase surface step 1.752791 ms
liquid phase loading 4.103048 ms
liquid phase containers/connections/parcels 0.183161 ms
cell storage 89 tets 552 knots 202 geometry 0.7604 curve 1.0690 ms
cell storage 90 tets 344 knots 135 geometry 0.2926 curve 0.4486 ms
cell storage 105 tets 433 knots 158 geometry 0.3637 curve 0.6135 ms
cell storage 106 tets 292 knots 114 geometry 0.2534 curve 0.3804 ms
liquid phase solid storage 6.021687 ms
liquid phase surface step 1.477897 ms
liquid phase loading 4.608042 ms
liquid phase containers/connections/parcels 0.178347 ms
cell storage 89 tets 559 knots 206 geometry 0.4771 curve 0.7964 ms
cell storage 90 tets 344 knots 134 geometry 0.2908 curve 0.4440 ms
cell storage 105 tets 464 knots 166 geometry 0.3712 curve 0.6117 ms
cell storage 106 tets 280 knots 114 geometry 0.2490 curve 0.3510 ms
liquid phase solid storage 5.401646 ms
liquid phase surface step 1.426449 ms
liquid phase loading 4.235686 ms
liquid phase containers/connections/parcels 0.115318 ms
cell storage 89 tets 559 knots 208 geometry 0.4810 curve 0.7650 ms
cell storage 90 tets 329 knots 131 geometry 0.2771 curve 0.4192 ms
cell storage 105 tets 518 knots 178 geometry 0.4373 curve 0.7367 ms
cell storage 106 tets 268 knots 110 geometry 0.3572 curve 0.3301 ms
liquid phase solid storage 6.083037 ms
liquid phase surface step 1.893378 ms
liquid phase loading 3.431217 ms
liquid phase containers/connections/parcels 0.112144 ms
cell storage 89 tets 603 knots 221 geometry 0.5020 curve 0.9242 ms
cell storage 90 tets 329 knots 130 geometry 0.5862 curve 0.4213 ms
cell storage 105 tets 490 knots 170 geometry 0.4896 curve 0.9575 ms
cell storage 106 tets 272 knots 111 geometry 0.4171 curve 0.5054 ms
liquid phase solid storage 6.752492 ms
liquid phase surface step 1.455555 ms
liquid phase loading 3.547080 ms
liquid phase containers/connections/parcels 0.113514 ms
cell storage 89 tets 599 knots 218 geometry 0.4949 curve 1.1965 ms
cell storage 90 tets 333 knots 130 geometry 0.4653 curve 0.6379 ms
cell storage 105 tets 502 knots 175 geometry 0.3993 curve 0.6657 ms
cell storage 106 tets 264 knots 108 geometry 0.2406 curve 0.3270 ms
liquid phase solid storage 6.287351 ms
liquid phase surface step 1.415886 ms
liquid phase loading 3.609405 ms
liquid phase containers/connections/parcels 0.183559 ms
cell storage 89 tets 637 knots 225 geometry 0.8273 curve 0.8878 ms
cell storage 90 tets 272 knots 111 geometry 0.2552 curve 0.3360 ms
cell storage 105 tets 456 knots 164 geometry 0.3837 curve 0.6546 ms
cell storage 106 tets 306 knots 121 geometry 0.2728 curve 0.3812 ms
liquid phase solid storage 5.885101 ms
liquid phase surface step 1.348064 ms
liquid phase loading 4.828372 ms
liquid phase containers/connections/parcels 0.112510 ms
cell storage 89 tets 589 knots 216 geometry 0.6403 curve 0.8207 ms
cell storage 90 tets 272 knots 111 geometry 0.2555 curve 0.3408 ms
cell storage 105 tets 456 knots 163 geometry 0.3603 curve 0.6647 ms
cell storage 106 tets 260 knots 109 geometry 0.2361 curve 0.3469 ms
liquid phase solid storage 5.418880 ms
liquid phase surface step 1.854468 ms
liquid phase loading 4.032586 ms
liquid phase containers/connections/parcels 0.111656 ms
cell storage 89 tets 604 knots 220 geometry 0.5451 curve 0.8282 ms
cell storage 90 tets 280 knots 114 geometry 0.2558 curve 0.4750 ms
cell storage 105 tets 456 knots 165 geometry 0.3662 curve 0.6037 ms
cell storage 106 tets 260 knots 110 geometry 0.2366 curve 0.3205 ms
liquid phase solid storage 6.313230 ms
liquid phase surface step 1.562392 ms
liquid phase loading 3.648641 ms
liquid phase containers/connections/parcels 0.112012 ms
cell storage 89 tets 624 knots 223 geometry 0.6712 curve 1.1213 ms
cell storage 90 tets 284 knots 114 geometry 0.4079 curve 0.5030 ms
cell storage 105 tets 455 knots 163 geometry 0.6181 curve 0.8690 ms
cell storage 106 tets 260 knots 109 geometry 0.2422 curve 0.3244 ms
liquid phase solid storage 6.577536 ms
liquid phase surface step 1.382483 ms
liquid phase loading 3.601525 ms
liquid phase containers/connections/parcels 0.179929 ms
cell storage 89 tets 591 knots 214 geometry 0.7885 curve 1.2065 ms
cell storage 90 tets 311 knots 122 geometry 0.2638 curve 0.3891 ms
cell storage 105 tets 455 knots 167 geometry 0.3913 curve 0.6040 ms
cell storage 106 tets 260 knots 109 geometry 0.2482 curve 0.3240 ms
liquid phase solid storage 6.055123 ms
liquid phase surface step 1.330912 ms
liquid phase loading 4.543542 ms
liquid phase containers/connections/parcels 0.112689 ms
cell storage 89 tets 599 knots 217 geometry 0.5033 curve 0.8440 ms
cell storage 90 tets 315 knots 122 geometry 0.2737 curve 0.4114 ms
cell storage 105 tets 537 knots 182 geometry 0.4714 curve 0.7076 ms
cell storage 106 tets 260 knots 109 geometry 0.2290 curve 0.3218 ms
liquid phase solid storage 5.603383 ms
liquid phase surface step 1.388402 ms
liquid phase loading 4.679903 ms
liquid phase containers/connections/parcels 0.114132 ms
cell storage 89 tets 549 knots 204 geometry 0.4634 curve 0.7556 ms
cell storage 90 tets 291 knots 115 geometry 0.2617 curve 0.3531 ms
cell storage 105 tets 541 knots 185 geometry 0.4704 curve 0.7544 ms
cell storage 106 tets 298 knots 119 geometry 0.2735 curve 0.5355 ms
liquid phase solid storage 6.560724 ms
liquid phase surface step 1.867330 ms
liquid phase loading 3.625676 ms
liquid phase containers/connections/parcels 0.113311 ms
cell storage 89 tets 560 knots 208 geometry 0.5205 curve 0.7780 ms
cell storage 90 tets 318 knots 123 geometry 0.2776 curve 0.4105 ms
cell storage 105 tets 510 knots 175 geometry 0.6203 curve 0.9826 ms
cell storage 106 tets 310 knots 120 geometry 0.4620 curve 0.5576 ms
liquid phase solid storage 6.389733 ms
liquid phase surface step 1.393894 ms
liquid phase loading 3.617540 ms
liquid phase containers/connections/parcels 0.113597 ms
cell storage 89 tets 610 knots 219 geometry 0.6657 curve 1.2309 ms
cell storage 90 tets 318 knots 123 geometry 0.4636 curve 0.4266 ms
cell storage 105 tets 510 knots 174 geometry 0.4544 curve 0.6731 ms
cell storage 106 tets 314 knots 120 geometry 0.2702 curve 0.4004 ms
liquid phase solid storage 6.455056 ms
liquid phase surface step 1.339695 ms
liquid phase loading 4.561084 ms
liquid phase containers/connections/parcels 0.114901 ms
cell storage 89 tets 610 knots 218 geometry 0.5593 curve 0.8538 ms
cell storage 90 tets 291 knots 115 geometry 0.5045 curve 0.3594 ms
cell storage 105 tets 494 knots 170 geometry 0.4453 curve 0.6557 ms
cell storage 106 tets 336 knots 125 geometry 0.2827 curve 0.4342 ms
liquid phase solid storage 5.952725 ms
liquid phase surface step 1.415473 ms
liquid phase loading 4.976823 ms
liquid phase containers/connections/parcels 0.112763 ms
cell storage 89 tets 610 knots 218 geometry 0.4940 curve 0.8319 ms
cell storage 90 tets 283 knots 114 geometry 0.2580 curve 0.3477 ms
cell storage 105 tets 494 knots 170 geometry 0.4451 curve 0.6763 ms
cell storage 106 tets 336 knots 125 geometry 0.2981 curve 0.4280 ms
liquid phase solid storage 6.343156 ms
liquid phase surface step 1.695816 ms
liquid phase loading 3.703655 ms
liquid phase containers/connections/parcels 0.112825 ms
cell storage 89 tets 610 knots 219 geometry 0.5357 curve 0.8560 ms
cell storage 90 tets 283 knots 115 geometry 0.2601 curve 0.4244 ms
cell storage 105 tets 494 knots 170 geometry 0.7245 curve 0.9890 ms
cell storage 106 tets 324 knots 124 geometry 0.4094 curve 0.4165 ms
liquid phase solid storage 6.486140 ms
liquid phase surface step 1.486826 ms
liquid phase loading 3.615010 ms
PASS waves persist and owner/parcel ledger stays conserved
liquid phase containers/connections/parcels 3.051874 ms
cell storage 87 tets 4196 knots 1392 geometry 5.4438 curve 8.3183 ms
cell storage 88 tets 4435 knots 1464 geometry 6.8633 curve 8.9712 ms
cell storage 89 tets 610 knots 219 geometry 0.5085 curve 0.8553 ms
cell storage 90 tets 283 knots 114 geometry 0.2558 curve 0.3981 ms
cell storage 103 tets 4666 knots 1529 geometry 7.0750 curve 9.1370 ms
cell storage 104 tets 2346 knots 772 geometry 3.4104 curve 3.8105 ms
cell storage 105 tets 494 knots 172 geometry 0.4975 curve 0.7981 ms
cell storage 106 tets 324 knots 124 geometry 0.3639 curve 0.6120 ms
liquid phase solid storage 60.298045 ms
liquid phase surface step 1.571800 ms
liquid phase loading 3.915619 ms
M55 radial scoop step 0 volume 0.000671198649
liquid phase containers/connections/parcels 3.227169 ms
cell storage 87 tets 4256 knots 1387 geometry 5.5719 curve 8.6040 ms
cell storage 88 tets 4372 knots 1445 geometry 6.9547 curve 9.2524 ms
cell storage 89 tets 610 knots 218 geometry 0.5124 curve 0.8626 ms
cell storage 90 tets 287 knots 115 geometry 0.2642 curve 0.3552 ms
cell storage 103 tets 4819 knots 1561 geometry 7.6674 curve 10.0018 ms
cell storage 104 tets 2401 knots 777 geometry 3.2177 curve 4.4545 ms
cell storage 105 tets 494 knots 170 geometry 0.7264 curve 1.0043 ms
cell storage 106 tets 324 knots 124 geometry 0.4330 curve 0.4219 ms
liquid phase solid storage 63.225470 ms
liquid phase surface step 1.513589 ms
liquid phase loading 4.305018 ms
liquid phase containers/connections/parcels 2.425644 ms
cell storage 87 tets 4274 knots 1357 geometry 5.9439 curve 8.0626 ms
cell storage 88 tets 4300 knots 1418 geometry 7.0709 curve 8.8689 ms
cell storage 89 tets 560 knots 207 geometry 0.4886 curve 0.7588 ms
cell storage 90 tets 291 knots 115 geometry 0.2625 curve 0.4250 ms
cell storage 103 tets 4657 knots 1523 geometry 7.7546 curve 10.1241 ms
cell storage 104 tets 2420 knots 785 geometry 3.4785 curve 4.7391 ms
cell storage 105 tets 510 knots 176 geometry 0.4862 curve 0.6747 ms
cell storage 106 tets 336 knots 125 geometry 0.2922 curve 0.4238 ms
liquid phase solid storage 62.053133 ms
liquid phase surface step 1.352830 ms
liquid phase loading 4.825182 ms
liquid phase containers/connections/parcels 2.449327 ms
cell storage 87 tets 4211 knots 1332 geometry 6.7787 curve 8.2641 ms
cell storage 88 tets 4199 knots 1399 geometry 7.7183 curve 8.4949 ms
cell storage 89 tets 549 knots 204 geometry 0.4737 curve 0.7821 ms
cell storage 90 tets 318 knots 123 geometry 0.2741 curve 0.4217 ms
cell storage 103 tets 4909 knots 1581 geometry 7.9681 curve 9.5857 ms
cell storage 104 tets 2354 knots 768 geometry 3.6096 curve 4.2289 ms
cell storage 105 tets 510 knots 175 geometry 0.4700 curve 0.6784 ms
cell storage 106 tets 314 knots 120 geometry 0.2589 curve 0.3993 ms
liquid phase solid storage 62.588761 ms
liquid phase surface step 1.389957 ms
liquid phase loading 4.708264 ms
liquid phase containers/connections/parcels 2.274528 ms
cell storage 87 tets 4148 knots 1320 geometry 8.4053 curve 8.5760 ms
cell storage 88 tets 4305 knots 1430 geometry 7.0703 curve 7.8585 ms
cell storage 89 tets 545 knots 205 geometry 0.4751 curve 0.8596 ms
cell storage 90 tets 291 knots 115 geometry 0.4832 curve 0.4075 ms
cell storage 103 tets 4956 knots 1602 geometry 7.4987 curve 9.6535 ms
cell storage 104 tets 3061 knots 962 geometry 4.9025 curve 5.4297 ms
cell storage 105 tets 541 knots 184 geometry 0.5052 curve 0.7513 ms
cell storage 106 tets 314 knots 120 geometry 0.2645 curve 0.3918 ms
liquid phase solid storage 65.971553 ms
liquid phase surface step 1.460570 ms
liquid phase loading 3.796020 ms
liquid phase containers/connections/parcels 3.470675 ms
cell storage 87 tets 4203 knots 1331 geometry 6.3867 curve 7.8631 ms
cell storage 88 tets 4423 knots 1461 geometry 7.2226 curve 8.7642 ms
cell storage 89 tets 571 knots 207 geometry 0.5139 curve 0.7692 ms
cell storage 90 tets 291 knots 115 geometry 0.3393 curve 0.3914 ms
cell storage 103 tets 4852 knots 1589 geometry 7.7040 curve 9.1804 ms
cell storage 104 tets 2974 knots 943 geometry 5.0312 curve 5.1024 ms
cell storage 105 tets 529 knots 184 geometry 0.6156 curve 0.7224 ms
cell storage 106 tets 310 knots 120 geometry 0.2703 curve 0.3934 ms
liquid phase solid storage 63.591824 ms
liquid phase surface step 1.549948 ms
liquid phase loading 4.932875 ms
liquid phase containers/connections/parcels 2.509507 ms
cell storage 87 tets 4252 knots 1340 geometry 6.9098 curve 8.2957 ms
cell storage 88 tets 4739 knots 1540 geometry 7.8765 curve 9.6351 ms
cell storage 89 tets 560 knots 204 geometry 0.5004 curve 0.7868 ms
cell storage 90 tets 322 knots 124 geometry 0.2754 curve 0.5855 ms
cell storage 103 tets 5044 knots 1634 geometry 8.6534 curve 10.0669 ms
cell storage 104 tets 2980 knots 954 geometry 6.0461 curve 5.4205 ms
cell storage 105 tets 529 knots 183 geometry 0.7670 curve 1.0646 ms
cell storage 106 tets 264 knots 113 geometry 0.2931 curve 0.3452 ms
liquid phase solid storage 69.845166 ms
liquid phase surface step 1.365311 ms
liquid phase loading 3.720185 ms
liquid phase containers/connections/parcels 2.935040 ms
cell storage 87 tets 4242 knots 1338 geometry 6.3874 curve 8.0866 ms
cell storage 88 tets 4488 knots 1464 geometry 8.6651 curve 8.9846 ms
cell storage 89 tets 633 knots 227 geometry 0.5240 curve 0.8666 ms
cell storage 90 tets 322 knots 124 geometry 0.2716 curve 0.4045 ms
cell storage 103 tets 5000 knots 1625 geometry 9.3079 curve 10.2505 ms
cell storage 104 tets 2979 knots 954 geometry 5.8611 curve 5.2013 ms
cell storage 105 tets 459 knots 166 geometry 0.4049 curve 0.6545 ms
cell storage 106 tets 260 knots 109 geometry 0.3748 curve 0.4763 ms
liquid phase solid storage 69.826877 ms
liquid phase surface step 1.470522 ms
liquid phase loading 3.622380 ms
liquid phase containers/connections/parcels 3.274166 ms
cell storage 87 tets 4256 knots 1344 geometry 6.4026 curve 8.3872 ms
cell storage 88 tets 4570 knots 1489 geometry 8.8386 curve 9.5224 ms
cell storage 89 tets 604 knots 218 geometry 0.5717 curve 0.8224 ms
cell storage 90 tets 311 knots 122 geometry 0.2752 curve 0.3981 ms
cell storage 103 tets 5657 knots 1805 geometry 10.8576 curve 10.8926 ms
cell storage 104 tets 2979 knots 954 geometry 5.7774 curve 5.7585 ms
cell storage 105 tets 455 knots 164 geometry 0.5030 curve 0.6131 ms
cell storage 106 tets 260 knots 109 geometry 0.2356 curve 0.3253 ms
liquid phase solid storage 72.611269 ms
liquid phase surface step 1.364552 ms
liquid phase loading 4.327745 ms
liquid phase containers/connections/parcels 2.287502 ms
cell storage 87 tets 4282 knots 1355 geometry 6.3682 curve 7.8785 ms
cell storage 88 tets 5309 knots 1675 geometry 9.4319 curve 9.9942 ms
cell storage 89 tets 612 knots 222 geometry 0.5457 curve 0.8341 ms
cell storage 90 tets 284 knots 114 geometry 0.2985 curve 0.3950 ms
cell storage 103 tets 5650 knots 1803 geometry 10.2003 curve 12.2887 ms
cell storage 104 tets 3050 knots 969 geometry 5.1967 curve 5.4211 ms
cell storage 105 tets 433 knots 156 geometry 0.3674 curve 0.5702 ms
cell storage 106 tets 260 knots 109 geometry 0.2458 curve 0.3588 ms
liquid phase solid storage 72.571769 ms
liquid phase surface step 1.355883 ms
liquid phase loading 4.196712 ms
liquid phase containers/connections/parcels 2.439809 ms
cell storage 87 tets 4280 knots 1355 geometry 7.1003 curve 7.8109 ms
cell storage 88 tets 5343 knots 1675 geometry 8.8000 curve 10.7771 ms
cell storage 89 tets 612 knots 220 geometry 0.6897 curve 1.2411 ms
cell storage 90 tets 284 knots 114 geometry 0.3681 curve 0.3965 ms
cell storage 103 tets 5783 knots 1844 geometry 9.9847 curve 10.8936 ms
cell storage 104 tets 2858 knots 915 geometry 4.9703 curve 5.1952 ms
cell storage 105 tets 456 knots 164 geometry 0.3796 curve 0.6642 ms
cell storage 106 tets 260 knots 109 geometry 0.2512 curve 0.3321 ms
liquid phase solid storage 72.115338 ms
liquid phase surface step 1.396144 ms
liquid phase loading 4.380112 ms
M55 radial scoop step 10 volume 0.00754552338
liquid phase containers/connections/parcels 2.837309 ms
cell storage 87 tets 3967 knots 1274 geometry 7.3102 curve 7.5410 ms
cell storage 88 tets 4957 knots 1575 geometry 9.6823 curve 9.4293 ms
cell storage 89 tets 612 knots 221 geometry 0.5890 curve 1.0910 ms
cell storage 90 tets 284 knots 114 geometry 0.3153 curve 0.3557 ms
cell storage 103 tets 5655 knots 1815 geometry 9.8982 curve 11.7023 ms
cell storage 104 tets 2642 knots 849 geometry 4.9936 curve 4.8019 ms
cell storage 105 tets 426 knots 156 geometry 0.3679 curve 0.5735 ms
cell storage 106 tets 260 knots 109 geometry 0.2419 curve 0.3448 ms
liquid phase solid storage 71.395912 ms
liquid phase surface step 1.341481 ms
liquid phase loading 4.200478 ms
liquid phase containers/connections/parcels 2.344053 ms
cell storage 87 tets 3937 knots 1264 geometry 6.6772 curve 7.1246 ms
cell storage 88 tets 4875 knots 1555 geometry 10.1977 curve 9.3291 ms
cell storage 89 tets 589 knots 218 geometry 0.5484 curve 1.0009 ms
cell storage 90 tets 280 knots 115 geometry 0.4596 curve 0.4962 ms
cell storage 103 tets 5625 knots 1817 geometry 10.6752 curve 11.0865 ms
cell storage 104 tets 2598 knots 835 geometry 4.9647 curve 4.8244 ms
cell storage 105 tets 452 knots 164 geometry 0.3820 curve 0.6544 ms
cell storage 106 tets 260 knots 109 geometry 0.2441 curve 0.3261 ms
liquid phase solid storage 71.167389 ms
liquid phase surface step 1.368723 ms
liquid phase loading 4.879725 ms
liquid phase containers/connections/parcels 3.878424 ms
cell storage 87 tets 3886 knots 1247 geometry 7.2605 curve 7.2155 ms
cell storage 88 tets 4842 knots 1537 geometry 9.4042 curve 9.2357 ms
cell storage 89 tets 637 knots 224 geometry 1.0899 curve 0.9414 ms
cell storage 90 tets 280 knots 114 geometry 0.2799 curve 0.3439 ms
cell storage 103 tets 5266 knots 1723 geometry 10.9549 curve 10.1366 ms
cell storage 104 tets 2564 knots 825 geometry 5.0312 curve 5.0797 ms
cell storage 105 tets 506 knots 175 geometry 0.4076 curve 0.6727 ms
cell storage 106 tets 294 knots 118 geometry 0.2664 curve 0.3738 ms
liquid phase solid storage 70.899697 ms
liquid phase surface step 1.469317 ms
liquid phase loading 4.394258 ms
liquid phase containers/connections/parcels 2.282552 ms
cell storage 87 tets 3772 knots 1217 geometry 6.5087 curve 7.2975 ms
cell storage 88 tets 4871 knots 1541 geometry 9.9243 curve 9.0720 ms
cell storage 89 tets 580 knots 209 geometry 0.7920 curve 0.9483 ms
cell storage 90 tets 272 knots 111 geometry 0.2589 curve 0.3466 ms
cell storage 103 tets 5025 knots 1631 geometry 10.9534 curve 9.9180 ms
cell storage 104 tets 2555 knots 824 geometry 5.2736 curve 4.7215 ms
cell storage 105 tets 506 knots 175 geometry 0.3940 curve 0.7084 ms
cell storage 106 tets 294 knots 118 geometry 0.2640 curve 0.3635 ms
liquid phase solid storage 69.887006 ms
liquid phase surface step 1.407311 ms
liquid phase loading 3.679486 ms
liquid phase containers/connections/parcels 2.588933 ms
cell storage 87 tets 3602 knots 1165 geometry 6.8036 curve 6.5126 ms
cell storage 88 tets 4690 knots 1486 geometry 9.8676 curve 8.9873 ms
cell storage 89 tets 592 knots 216 geometry 0.5113 curve 0.8249 ms
cell storage 90 tets 272 knots 111 geometry 0.2571 curve 0.3397 ms
cell storage 103 tets 5181 knots 1645 geometry 12.6773 curve 9.9373 ms
cell storage 104 tets 2555 knots 824 geometry 4.9405 curve 4.8760 ms
cell storage 105 tets 498 knots 175 geometry 0.4604 curve 0.6734 ms
cell storage 106 tets 294 knots 118 geometry 0.2708 curve 0.3627 ms
liquid phase solid storage 70.545445 ms
liquid phase surface step 1.409343 ms
liquid phase loading 4.141194 ms
liquid phase containers/connections/parcels 2.398844 ms
cell storage 87 tets 3602 knots 1166 geometry 6.7722 curve 6.4681 ms
cell storage 88 tets 4726 knots 1493 geometry 9.3193 curve 9.4205 ms
cell storage 89 tets 596 knots 215 geometry 0.5039 curve 0.8204 ms
cell storage 90 tets 272 knots 113 geometry 0.2552 curve 0.3526 ms
cell storage 103 tets 5246 knots 1677 geometry 11.5923 curve 10.3030 ms
cell storage 104 tets 2589 knots 830 geometry 5.9547 curve 4.5642 ms
cell storage 105 tets 498 knots 175 geometry 0.6354 curve 0.6667 ms
cell storage 106 tets 306 knots 121 geometry 0.2624 curve 0.3997 ms
liquid phase solid storage 70.915137 ms
liquid phase surface step 1.410781 ms
liquid phase loading 3.244066 ms
liquid phase containers/connections/parcels 3.149856 ms
cell storage 87 tets 3604 knots 1169 geometry 11.3577 curve 7.5543 ms
cell storage 88 tets 4756 knots 1499 geometry 9.9433 curve 9.0539 ms
cell storage 89 tets 565 knots 206 geometry 0.4878 curve 0.8032 ms
cell storage 90 tets 272 knots 111 geometry 0.2598 curve 0.3447 ms
cell storage 103 tets 5464 knots 1727 geometry 12.9817 curve 10.4083 ms
cell storage 104 tets 2532 knots 816 geometry 7.3664 curve 6.2723 ms
cell storage 105 tets 512 knots 177 geometry 0.6871 curve 1.0045 ms
cell storage 106 tets 314 knots 125 geometry 0.4759 curve 0.6024 ms
liquid phase solid storage 83.051899 ms
liquid phase surface step 1.498566 ms
liquid phase loading 3.461825 ms
liquid phase containers/connections/parcels 2.406727 ms
cell storage 87 tets 3631 knots 1176 geometry 6.7765 curve 7.4580 ms
cell storage 88 tets 4724 knots 1493 geometry 9.7409 curve 11.7650 ms
cell storage 89 tets 572 knots 208 geometry 0.7716 curve 1.1569 ms
cell storage 90 tets 337 knots 133 geometry 0.4799 curve 0.6470 ms
cell storage 103 tets 5420 knots 1738 geometry 13.6464 curve 11.2885 ms
cell storage 104 tets 2514 knots 809 geometry 5.9899 curve 4.2392 ms
cell storage 105 tets 512 knots 176 geometry 0.4133 curve 0.6760 ms
cell storage 106 tets 310 knots 123 geometry 0.2650 curve 0.3948 ms
liquid phase solid storage 79.197191 ms
liquid phase surface step 1.537432 ms
liquid phase loading 4.523645 ms
liquid phase containers/connections/parcels 3.445654 ms
cell storage 87 tets 3653 knots 1181 geometry 6.4350 curve 8.9055 ms
cell storage 88 tets 4722 knots 1498 geometry 10.2863 curve 8.9201 ms
cell storage 89 tets 572 knots 211 geometry 0.5089 curve 0.8276 ms
cell storage 90 tets 333 knots 130 geometry 0.4315 curve 0.6152 ms
cell storage 103 tets 5503 knots 1749 geometry 13.6665 curve 11.0209 ms
cell storage 104 tets 2543 knots 816 geometry 5.3400 curve 4.8767 ms
cell storage 105 tets 512 knots 176 geometry 0.4215 curve 0.6861 ms
cell storage 106 tets 295 knots 120 geometry 0.2625 curve 0.3726 ms
liquid phase solid storage 76.140793 ms
liquid phase surface step 2.409210 ms
liquid phase loading 4.771152 ms
liquid phase containers/connections/parcels 2.352216 ms
cell storage 87 tets 3660 knots 1183 geometry 8.8999 curve 7.7621 ms
cell storage 88 tets 4999 knots 1579 geometry 11.1424 curve 11.4047 ms
cell storage 89 tets 572 knots 210 geometry 0.5903 curve 1.0026 ms
cell storage 90 tets 329 knots 130 geometry 0.3294 curve 0.4377 ms
cell storage 103 tets 5474 knots 1747 geometry 14.1194 curve 11.1714 ms
cell storage 104 tets 2533 knots 815 geometry 6.1409 curve 4.7427 ms
cell storage 105 tets 512 knots 178 geometry 0.4269 curve 0.6922 ms
cell storage 106 tets 268 knots 110 geometry 0.2509 curve 0.3655 ms
liquid phase solid storage 82.331756 ms
liquid phase surface step 2.485696 ms
liquid phase loading 3.403408 ms
M55 radial scoop step 20 volume 0.0144073019
liquid phase containers/connections/parcels 2.537855 ms
cell storage 87 tets 3636 knots 1180 geometry 8.2702 curve 6.9488 ms
cell storage 88 tets 4911 knots 1553 geometry 10.6083 curve 9.1401 ms
cell storage 89 tets 572 knots 208 geometry 0.4953 curve 0.7639 ms
cell storage 90 tets 329 knots 130 geometry 0.2766 curve 0.4173 ms
cell storage 103 tets 5479 knots 1747 geometry 13.8257 curve 10.7819 ms
cell storage 104 tets 2560 knots 824 geometry 5.6935 curve 4.6984 ms
cell storage 105 tets 512 knots 177 geometry 0.4332 curve 0.7352 ms
cell storage 106 tets 268 knots 110 geometry 0.2606 curve 0.3567 ms
liquid phase solid storage 75.973681 ms
liquid phase surface step 1.388323 ms
liquid phase loading 4.249349 ms
liquid phase containers/connections/parcels 2.504190 ms
cell storage 87 tets 3630 knots 1176 geometry 7.4809 curve 6.4294 ms
cell storage 88 tets 4867 knots 1544 geometry 10.4498 curve 9.4742 ms
cell storage 89 tets 556 knots 207 geometry 0.7766 curve 1.0232 ms
cell storage 90 tets 329 knots 130 geometry 0.3207 curve 0.5682 ms
cell storage 103 tets 5450 knots 1745 geometry 14.0506 curve 10.3383 ms
cell storage 104 tets 2588 knots 834 geometry 5.8619 curve 4.3961 ms
cell storage 105 tets 512 knots 176 geometry 0.4173 curve 0.6822 ms
cell storage 106 tets 268 knots 110 geometry 0.2459 curve 0.3354 ms
liquid phase solid storage 76.233170 ms
liquid phase surface step 1.915654 ms
liquid phase loading 3.621768 ms
liquid phase containers/connections/parcels 2.417715 ms
cell storage 87 tets 3632 knots 1184 geometry 7.4622 curve 6.6820 ms
cell storage 88 tets 5106 knots 1585 geometry 11.1620 curve 9.7040 ms
cell storage 89 tets 556 knots 207 geometry 0.4962 curve 0.7644 ms
cell storage 90 tets 329 knots 130 geometry 0.2771 curve 0.4169 ms
cell storage 103 tets 5311 knots 1707 geometry 13.8020 curve 10.5718 ms
cell storage 104 tets 2597 knots 838 geometry 5.3559 curve 4.6605 ms
cell storage 105 tets 512 knots 177 geometry 0.4170 curve 0.6906 ms
cell storage 106 tets 268 knots 110 geometry 0.2462 curve 0.3302 ms
liquid phase solid storage 75.312950 ms
liquid phase surface step 1.412687 ms
liquid phase loading 3.343229 ms
liquid phase containers/connections/parcels 2.332014 ms
cell storage 87 tets 3651 knots 1176 geometry 7.0421 curve 7.1021 ms
cell storage 88 tets 5083 knots 1581 geometry 10.1321 curve 9.5226 ms
cell storage 89 tets 556 knots 206 geometry 0.4983 curve 0.7664 ms
cell storage 90 tets 329 knots 130 geometry 0.3162 curve 0.4253 ms
cell storage 103 tets 5256 knots 1698 geometry 14.2825 curve 9.8641 ms
cell storage 104 tets 2645 knots 853 geometry 5.5006 curve 5.0090 ms
cell storage 105 tets 482 knots 172 geometry 0.4799 curve 0.6762 ms
cell storage 106 tets 264 knots 113 geometry 0.2538 curve 0.3424 ms
liquid phase solid storage 74.360972 ms
liquid phase surface step 1.357403 ms
liquid phase loading 4.120212 ms
liquid phase containers/connections/parcels 2.379917 ms
cell storage 87 tets 3651 knots 1176 geometry 7.1915 curve 6.3529 ms
cell storage 88 tets 5024 knots 1570 geometry 11.4302 curve 9.1781 ms
cell storage 89 tets 556 knots 208 geometry 0.5126 curve 0.8035 ms
cell storage 90 tets 329 knots 130 geometry 0.2886 curve 0.4184 ms
cell storage 103 tets 5052 knots 1653 geometry 13.6133 curve 10.3589 ms
cell storage 104 tets 2658 knots 857 geometry 6.0227 curve 6.7851 ms
cell storage 105 tets 482 knots 172 geometry 0.4683 curve 0.7684 ms
cell storage 106 tets 318 knots 122 geometry 0.4075 curve 0.4000 ms
liquid phase solid storage 77.279834 ms
liquid phase surface step 1.469901 ms
liquid phase loading 3.195320 ms
liquid phase containers/connections/parcels 2.440674 ms
cell storage 87 tets 3649 knots 1180 geometry 7.8036 curve 6.6363 ms
cell storage 88 tets 4985 knots 1556 geometry 10.9575 curve 10.2330 ms
cell storage 89 tets 556 knots 208 geometry 0.4978 curve 0.7634 ms
cell storage 90 tets 329 knots 131 geometry 0.2756 curve 0.4202 ms
cell storage 103 tets 5096 knots 1666 geometry 14.4360 curve 9.6795 ms
cell storage 104 tets 2664 knots 860 geometry 5.8775 curve 5.3057 ms
cell storage 105 tets 482 knots 171 geometry 0.4362 curve 0.6543 ms
cell storage 106 tets 318 knots 122 geometry 0.2710 curve 0.4046 ms
liquid phase solid storage 76.896789 ms
liquid phase surface step 1.687596 ms
liquid phase loading 5.958292 ms
liquid phase containers/connections/parcels 2.227094 ms
cell storage 87 tets 3686 knots 1190 geometry 6.9424 curve 6.5416 ms
cell storage 88 tets 4977 knots 1555 geometry 11.0590 curve 9.5259 ms
cell storage 89 tets 536 knots 201 geometry 0.4846 curve 0.7321 ms
cell storage 90 tets 329 knots 131 geometry 0.2755 curve 0.4514 ms
cell storage 103 tets 4866 knots 1591 geometry 14.0094 curve 9.2408 ms
cell storage 104 tets 2668 knots 863 geometry 5.9663 curve 4.6265 ms
cell storage 105 tets 482 knots 172 geometry 0.4011 curve 0.6544 ms
cell storage 106 tets 318 knots 122 geometry 0.2689 curve 0.4019 ms
liquid phase solid storage 74.384587 ms
liquid phase surface step 1.420462 ms
liquid phase loading 3.212824 ms
liquid phase containers/connections/parcels 2.247320 ms
cell storage 87 tets 3772 knots 1215 geometry 8.2126 curve 6.8257 ms
cell storage 88 tets 4967 knots 1556 geometry 10.7385 curve 10.2846 ms
cell storage 89 tets 536 knots 200 geometry 0.4845 curve 0.7286 ms
cell storage 90 tets 329 knots 130 geometry 0.2781 curve 0.4215 ms
cell storage 103 tets 4855 knots 1582 geometry 14.7055 curve 9.5301 ms
cell storage 104 tets 2711 knots 878 geometry 6.2276 curve 4.9665 ms
cell storage 105 tets 486 knots 171 geometry 0.4403 curve 0.6697 ms
cell storage 106 tets 318 knots 122 geometry 0.2736 curve 0.4102 ms
liquid phase solid storage 77.358475 ms
liquid phase surface step 1.421206 ms
liquid phase loading 3.814595 ms
liquid phase containers/connections/parcels 2.343559 ms
cell storage 87 tets 3748 knots 1212 geometry 7.6378 curve 6.5361 ms
cell storage 88 tets 5020 knots 1574 geometry 10.9901 curve 9.5093 ms
cell storage 89 tets 536 knots 203 geometry 0.7866 curve 0.9281 ms
cell storage 90 tets 329 knots 130 geometry 0.2943 curve 0.4202 ms
cell storage 103 tets 4867 knots 1588 geometry 14.6733 curve 9.7507 ms
cell storage 104 tets 2699 knots 879 geometry 6.6498 curve 4.5383 ms
cell storage 105 tets 486 knots 171 geometry 0.4041 curve 0.6410 ms
cell storage 106 tets 344 knots 128 geometry 0.3241 curve 0.6386 ms
liquid phase solid storage 78.272386 ms
liquid phase surface step 2.302603 ms
liquid phase loading 3.192212 ms
liquid phase containers/connections/parcels 3.435424 ms
cell storage 87 tets 3722 knots 1206 geometry 9.7856 curve 6.5776 ms
cell storage 88 tets 5004 knots 1577 geometry 11.6587 curve 9.6723 ms
cell storage 89 tets 536 knots 201 geometry 0.7653 curve 1.0775 ms
cell storage 90 tets 329 knots 131 geometry 0.4620 curve 0.4295 ms
cell storage 103 tets 4918 knots 1606 geometry 14.3706 curve 12.0420 ms
cell storage 104 tets 2772 knots 908 geometry 6.6647 curve 4.9330 ms
cell storage 105 tets 486 knots 172 geometry 0.4191 curve 0.6711 ms
cell storage 106 tets 344 knots 130 geometry 0.2947 curve 0.4651 ms
liquid phase solid storage 82.675295 ms
liquid phase surface step 1.351348 ms
liquid phase loading 3.569539 ms
M55 radial scoop step 30 volume 0.0212850699
liquid phase containers/connections/parcels 3.085453 ms
cell storage 87 tets 3726 knots 1209 geometry 7.8548 curve 6.5423 ms
cell storage 88 tets 4996 knots 1576 geometry 10.8137 curve 9.3591 ms
cell storage 89 tets 536 knots 199 geometry 0.5332 curve 0.9582 ms
cell storage 90 tets 329 knots 130 geometry 0.4613 curve 0.6029 ms
cell storage 103 tets 4906 knots 1601 geometry 14.9957 curve 9.5670 ms
cell storage 104 tets 2784 knots 909 geometry 6.9971 curve 5.0280 ms
cell storage 105 tets 486 knots 173 geometry 0.4083 curve 0.6748 ms
cell storage 106 tets 344 knots 128 geometry 0.2839 curve 0.4602 ms
liquid phase solid storage 78.759497 ms
liquid phase surface step 1.502606 ms
liquid phase loading 3.307601 ms
liquid phase containers/connections/parcels 2.739563 ms
cell storage 87 tets 3789 knots 1223 geometry 8.1007 curve 7.8641 ms
cell storage 88 tets 5074 knots 1602 geometry 11.5088 curve 10.1540 ms
cell storage 89 tets 536 knots 200 geometry 0.4963 curve 1.0442 ms
cell storage 90 tets 329 knots 130 geometry 0.4412 curve 0.6333 ms
cell storage 103 tets 4952 knots 1615 geometry 14.9900 curve 10.1452 ms
cell storage 104 tets 2774 knots 907 geometry 7.1098 curve 4.6062 ms
cell storage 105 tets 486 knots 171 geometry 0.4012 curve 0.6438 ms
cell storage 106 tets 344 knots 129 geometry 0.2826 curve 0.4654 ms
liquid phase solid storage 82.423308 ms
liquid phase surface step 2.477647 ms
liquid phase loading 5.411289 ms
liquid phase containers/connections/parcels 2.663120 ms
cell storage 87 tets 3813 knots 1235 geometry 8.2343 curve 6.6475 ms
cell storage 88 tets 5109 knots 1610 geometry 12.3893 curve 10.3037 ms
cell storage 89 tets 536 knots 199 geometry 0.4806 curve 0.7394 ms
cell storage 90 tets 337 knots 132 geometry 0.2795 curve 0.4570 ms
cell storage 103 tets 4956 knots 1618 geometry 16.9319 curve 10.3692 ms
cell storage 104 tets 2780 knots 910 geometry 6.8971 curve 5.6309 ms
cell storage 105 tets 486 knots 172 geometry 0.4191 curve 0.8387 ms
cell storage 106 tets 340 knots 130 geometry 0.3174 curve 0.4411 ms
liquid phase solid storage 83.551275 ms
liquid phase surface step 1.342492 ms
liquid phase loading 4.670316 ms
liquid phase containers/connections/parcels 2.528577 ms
cell storage 87 tets 3831 knots 1244 geometry 8.4022 curve 7.6012 ms
cell storage 88 tets 5067 knots 1606 geometry 11.8770 curve 10.1563 ms
cell storage 89 tets 536 knots 199 geometry 0.4771 curve 0.7344 ms
cell storage 90 tets 337 knots 132 geometry 0.2783 curve 0.4382 ms
cell storage 103 tets 4975 knots 1627 geometry 15.7311 curve 10.1599 ms
cell storage 104 tets 2873 knots 944 geometry 6.4346 curve 5.6543 ms
cell storage 105 tets 486 knots 172 geometry 0.4077 curve 0.6883 ms
cell storage 106 tets 324 knots 124 geometry 0.2817 curve 0.5403 ms
liquid phase solid storage 82.153797 ms
liquid phase surface step 1.756105 ms
liquid phase loading 4.487917 ms
liquid phase containers/connections/parcels 2.441025 ms
cell storage 87 tets 3859 knots 1252 geometry 8.6869 curve 7.0381 ms
cell storage 88 tets 5045 knots 1605 geometry 11.3870 curve 10.1193 ms
cell storage 89 tets 536 knots 203 geometry 0.4863 curve 0.7312 ms
cell storage 90 tets 337 knots 132 geometry 0.2805 curve 0.4264 ms
cell storage 103 tets 4985 knots 1630 geometry 15.2243 curve 9.5229 ms
cell storage 104 tets 2891 knots 953 geometry 6.9321 curve 5.4064 ms
cell storage 105 tets 486 knots 172 geometry 0.4585 curve 0.8313 ms
cell storage 106 tets 351 knots 134 geometry 0.3145 curve 0.4525 ms
liquid phase solid storage 80.586582 ms
liquid phase surface step 1.412160 ms
liquid phase loading 4.228156 ms
liquid phase containers/connections/parcels 2.214951 ms
cell storage 87 tets 2136 knots 877 geometry 8.5795 curve 3.4412 ms
cell storage 88 tets 2837 knots 1151 geometry 13.9159 curve 5.0412 ms
cell storage 89 tets 536 knots 199 geometry 0.4755 curve 0.7323 ms
cell storage 90 tets 360 knots 137 geometry 0.4429 curve 0.6528 ms
cell storage 103 tets 2596 knots 1077 geometry 16.8247 curve 5.4297 ms
cell storage 104 tets 1570 knots 684 geometry 7.4488 curve 2.8795 ms
cell storage 105 tets 508 knots 178 geometry 0.4201 curve 0.7080 ms
cell storage 106 tets 347 knots 132 geometry 0.2923 curve 0.4553 ms
liquid phase solid storage 70.130013 ms
liquid phase surface step 1.360061 ms
liquid phase loading 4.481536 ms
liquid phase containers/connections/parcels 0.715271 ms
cell storage 89 tets 536 knots 201 geometry 0.4937 curve 0.7358 ms
cell storage 90 tets 360 knots 137 geometry 0.2891 curve 0.5007 ms
cell storage 105 tets 508 knots 178 geometry 0.3964 curve 0.7253 ms
cell storage 106 tets 347 knots 132 geometry 0.2925 curve 0.5274 ms
liquid phase solid storage 28.939446 ms
liquid phase surface step 1.636720 ms
liquid phase loading 3.296871 ms
liquid phase containers/connections/parcels 0.688846 ms
cell storage 89 tets 536 knots 199 geometry 0.5734 curve 0.7463 ms
cell storage 90 tets 360 knots 138 geometry 0.3804 curve 0.7421 ms
cell storage 105 tets 504 knots 177 geometry 0.3993 curve 0.6747 ms
cell storage 106 tets 362 knots 137 geometry 0.2999 curve 0.4600 ms
liquid phase solid storage 30.703373 ms
liquid phase surface step 1.812049 ms
liquid phase loading 4.885612 ms
liquid phase containers/connections/parcels 0.728481 ms
cell storage 89 tets 548 knots 209 geometry 0.4712 curve 0.9236 ms
cell storage 90 tets 360 knots 138 geometry 0.3236 curve 0.4714 ms
cell storage 105 tets 504 knots 181 geometry 0.4550 curve 0.6767 ms
cell storage 106 tets 362 knots 137 geometry 0.3091 curve 0.5226 ms
liquid phase solid storage 26.871193 ms
liquid phase surface step 1.374772 ms
liquid phase loading 3.395780 ms
M55 radial acquired 25.088000000 L ledger -5.68434188608e-14
PASS physical opening acquires real moving-surface water with paired ownership
liquid phase containers/connections/parcels 0.400272 ms
cell storage 87 tets 137 knots 64 geometry 0.1200 curve 0.1772 ms
cell storage 88 tets 152 knots 72 geometry 0.1319 curve 0.1807 ms
cell storage 89 tets 548 knots 208 geometry 0.5321 curve 0.7783 ms
cell storage 90 tets 360 knots 137 geometry 0.3413 curve 0.4759 ms
cell storage 103 tets 147 knots 70 geometry 0.2630 curve 0.2723 ms
cell storage 105 tets 504 knots 178 geometry 0.6152 curve 0.6960 ms
cell storage 106 tets 362 knots 137 geometry 0.4025 curve 0.4604 ms
liquid phase solid storage 7.839581 ms
liquid phase surface step 1.518676 ms
liquid phase loading 4.016788 ms
liquid phase containers/connections/parcels 0.262421 ms
cell storage 89 tets 541 knots 207 geometry 0.5228 curve 1.0259 ms
cell storage 90 tets 295 knots 119 geometry 0.2646 curve 0.3729 ms
cell storage 105 tets 504 knots 178 geometry 0.3991 curve 0.6641 ms
cell storage 106 tets 362 knots 137 geometry 0.2992 curve 0.4668 ms
liquid phase solid storage 6.619590 ms
liquid phase surface step 1.512390 ms
liquid phase loading 3.700721 ms
liquid phase containers/connections/parcels 0.269101 ms
cell storage 89 tets 557 knots 206 geometry 0.4593 curve 0.7737 ms
cell storage 90 tets 295 knots 118 geometry 0.2644 curve 0.3701 ms
cell storage 105 tets 476 knots 171 geometry 0.4790 curve 0.8226 ms
cell storage 106 tets 389 knots 144 geometry 0.3356 curve 0.5462 ms
liquid phase solid storage 6.785219 ms
liquid phase surface step 1.734924 ms
liquid phase loading 3.554054 ms
liquid phase containers/connections/parcels 0.261830 ms
cell storage 89 tets 557 knots 208 geometry 0.6168 curve 0.8179 ms
cell storage 90 tets 303 knots 121 geometry 0.4533 curve 0.3845 ms
cell storage 105 tets 476 knots 171 geometry 0.4018 curve 0.6629 ms
cell storage 106 tets 329 knots 128 geometry 0.2937 curve 0.6673 ms
liquid phase solid storage 7.461807 ms
liquid phase surface step 2.188314 ms
liquid phase loading 4.320778 ms
liquid phase containers/connections/parcels 0.341342 ms
cell storage 89 tets 585 knots 212 geometry 0.4825 curve 0.8114 ms
cell storage 90 tets 307 knots 121 geometry 0.2666 curve 0.3817 ms
cell storage 105 tets 476 knots 170 geometry 0.3903 curve 0.6434 ms
cell storage 106 tets 325 knots 126 geometry 0.2670 curve 0.4083 ms
liquid phase solid storage 6.444986 ms
liquid phase surface step 1.447988 ms
liquid phase loading 4.406182 ms
liquid phase containers/connections/parcels 0.264460 ms
cell storage 89 tets 585 knots 214 geometry 0.5175 curve 0.8196 ms
cell storage 90 tets 334 knots 128 geometry 0.2851 curve 0.5374 ms
cell storage 105 tets 464 knots 168 geometry 0.4437 curve 0.8871 ms
cell storage 106 tets 325 knots 127 geometry 0.4700 curve 0.4156 ms
liquid phase solid storage 6.725168 ms
liquid phase surface step 1.361089 ms
liquid phase loading 3.557345 ms
liquid phase containers/connections/parcels 0.341066 ms
cell storage 89 tets 589 knots 211 geometry 0.4745 curve 0.8583 ms
cell storage 90 tets 341 knots 130 geometry 0.3002 curve 0.5400 ms
cell storage 105 tets 472 knots 171 geometry 0.3983 curve 0.6704 ms
cell storage 106 tets 325 knots 126 geometry 0.2773 curve 0.4278 ms
liquid phase solid storage 6.565020 ms
liquid phase surface step 1.417952 ms
liquid phase loading 4.572268 ms
liquid phase containers/connections/parcels 0.260846 ms
cell storage 89 tets 589 knots 212 geometry 0.5064 curve 0.8143 ms
cell storage 90 tets 368 knots 138 geometry 0.3087 curve 0.4708 ms
cell storage 105 tets 472 knots 173 geometry 0.3938 curve 0.6242 ms
cell storage 106 tets 325 knots 126 geometry 0.2715 curve 0.4062 ms
liquid phase solid storage 5.949529 ms
liquid phase surface step 1.541713 ms
liquid phase loading 4.897014 ms
liquid phase containers/connections/parcels 0.261117 ms
cell storage 89 tets 589 knots 211 geometry 0.8318 curve 1.2814 ms
cell storage 90 tets 373 knots 141 geometry 0.5724 curve 0.7545 ms
cell storage 105 tets 472 knots 171 geometry 0.6753 curve 0.9997 ms
cell storage 106 tets 291 knots 116 geometry 0.4507 curve 0.5786 ms
liquid phase solid storage 9.537645 ms
liquid phase surface step 2.303468 ms
liquid phase loading 6.795916 ms
liquid phase containers/connections/parcels 0.465281 ms
cell storage 89 tets 612 knots 222 geometry 0.4880 curve 0.8452 ms
cell storage 90 tets 353 knots 138 geometry 0.3337 curve 0.4560 ms
cell storage 105 tets 472 knots 172 geometry 0.3937 curve 0.6218 ms
cell storage 106 tets 291 knots 117 geometry 0.2573 curve 0.3864 ms
liquid phase solid storage 6.867515 ms
liquid phase surface step 1.734165 ms
liquid phase loading 4.025589 ms
liquid phase containers/connections/parcels 0.261078 ms
cell storage 89 tets 612 knots 220 geometry 0.5250 curve 0.8756 ms
cell storage 90 tets 365 knots 140 geometry 0.3898 curve 0.4943 ms
cell storage 105 tets 472 knots 172 geometry 0.3907 curve 0.7023 ms
cell storage 106 tets 317 knots 125 geometry 0.2982 curve 0.4132 ms
liquid phase solid storage 6.332861 ms
liquid phase surface step 1.339711 ms
liquid phase loading 4.468633 ms
liquid phase containers/connections/parcels 0.271681 ms
cell storage 89 tets 612 knots 222 geometry 0.5803 curve 0.9829 ms
cell storage 90 tets 381 knots 144 geometry 0.4305 curve 0.4893 ms
cell storage 105 tets 484 knots 174 geometry 0.3972 curve 0.6405 ms
cell storage 106 tets 313 knots 124 geometry 0.2772 curve 0.4382 ms
liquid phase solid storage 7.389499 ms
liquid phase surface step 2.264556 ms
liquid phase loading 5.157815 ms
liquid phase containers/connections/parcels 0.266280 ms
cell storage 89 tets 623 knots 225 geometry 0.5144 curve 0.8588 ms
cell storage 90 tets 397 knots 143 geometry 0.3610 curve 0.5248 ms
cell storage 105 tets 502 knots 181 geometry 0.4182 curve 0.6660 ms
cell storage 106 tets 297 knots 119 geometry 0.2761 curve 0.4373 ms
liquid phase solid storage 6.472826 ms
liquid phase surface step 1.381632 ms
liquid phase loading 3.647484 ms
liquid phase containers/connections/parcels 0.262270 ms
cell storage 89 tets 603 knots 217 geometry 0.5011 curve 0.8228 ms
cell storage 90 tets 367 knots 136 geometry 0.5893 curve 0.4805 ms
cell storage 105 tets 512 knots 181 geometry 0.4171 curve 0.7482 ms
cell storage 106 tets 323 knots 126 geometry 0.3030 curve 0.4091 ms
liquid phase solid storage 6.850135 ms
liquid phase surface step 1.368800 ms
liquid phase loading 4.373399 ms
liquid phase containers/connections/parcels 0.272168 ms
cell storage 89 tets 603 knots 218 geometry 0.5863 curve 0.8241 ms
cell storage 90 tets 287 knots 116 geometry 0.2811 curve 0.3558 ms
cell storage 105 tets 520 knots 184 geometry 0.4067 curve 0.7007 ms
cell storage 106 tets 323 knots 126 geometry 0.2986 curve 0.4022 ms
liquid phase solid storage 6.201214 ms
liquid phase surface step 1.431108 ms
liquid phase loading 5.018686 ms
PASS removed cup retains real conserved water
liquid phase containers/connections/parcels 0.552909 ms
cell storage 89 tets 630 knots 227 geometry 0.5102 curve 0.8696 ms
cell storage 90 tets 287 knots 116 geometry 0.2760 curve 0.3584 ms
cell storage 105 tets 520 knots 182 geometry 0.4315 curve 0.7694 ms
cell storage 106 tets 331 knots 129 geometry 0.4901 curve 0.4173 ms
liquid phase solid storage 6.852293 ms
liquid phase surface step 1.475055 ms
liquid phase loading 3.797344 ms
liquid phase containers/connections/parcels 0.569596 ms
cell storage 89 tets 630 knots 226 geometry 0.8166 curve 0.8632 ms
cell storage 90 tets 268 knots 110 geometry 0.2740 curve 0.3331 ms
cell storage 105 tets 527 knots 188 geometry 0.5548 curve 0.7973 ms
cell storage 106 tets 315 knots 125 geometry 0.2984 curve 0.4033 ms
liquid phase solid storage 6.908325 ms
liquid phase surface step 1.341510 ms
liquid phase loading 4.124135 ms
liquid phase containers/connections/parcels 0.710147 ms
cell storage 89 tets 634 knots 228 geometry 0.6103 curve 1.1183 ms
cell storage 90 tets 264 knots 109 geometry 0.2755 curve 0.3304 ms
cell storage 105 tets 535 knots 188 geometry 0.4273 curve 0.6998 ms
cell storage 106 tets 319 knots 125 geometry 0.2972 curve 0.4004 ms
liquid phase solid storage 6.722187 ms
liquid phase surface step 1.811695 ms
liquid phase loading 4.370365 ms
liquid phase containers/connections/parcels 0.575635 ms
cell storage 89 tets 630 knots 228 geometry 0.5128 curve 0.8666 ms
cell storage 90 tets 260 knots 108 geometry 0.3501 curve 0.4087 ms
cell storage 105 tets 535 knots 189 geometry 0.4515 curve 0.7453 ms
cell storage 106 tets 319 knots 125 geometry 0.2951 curve 0.4085 ms
liquid phase solid storage 6.666457 ms
liquid phase surface step 1.340641 ms
liquid phase loading 3.887108 ms
liquid phase containers/connections/parcels 0.657117 ms
cell storage 89 tets 630 knots 227 geometry 0.5700 curve 0.9788 ms
cell storage 90 tets 252 knots 103 geometry 0.5497 curve 0.4645 ms
cell storage 105 tets 531 knots 190 geometry 0.5367 curve 0.9269 ms
cell storage 106 tets 311 knots 122 geometry 0.3093 curve 0.4033 ms
liquid phase solid storage 7.462454 ms
liquid phase surface step 1.347985 ms
liquid phase loading 5.542596 ms
liquid phase containers/connections/parcels 0.600134 ms
cell storage 89 tets 630 knots 228 geometry 0.5104 curve 0.8822 ms
cell storage 90 tets 252 knots 102 geometry 0.2544 curve 0.3144 ms
cell storage 105 tets 527 knots 190 geometry 0.4233 curve 0.7717 ms
cell storage 106 tets 295 knots 115 geometry 0.4929 curve 0.4121 ms
liquid phase solid storage 6.786897 ms
liquid phase surface step 1.446419 ms
liquid phase loading 4.046857 ms
liquid phase containers/connections/parcels 0.740917 ms
cell storage 89 tets 630 knots 229 geometry 0.6204 curve 0.9071 ms
cell storage 90 tets 267 knots 106 geometry 0.2663 curve 0.4647 ms
cell storage 105 tets 547 knots 195 geometry 0.4434 curve 0.7969 ms
cell storage 106 tets 275 knots 108 geometry 0.3758 curve 0.3404 ms
liquid phase solid storage 6.901141 ms
liquid phase surface step 1.338230 ms
liquid phase loading 4.417327 ms
liquid phase containers/connections/parcels 1.219907 ms
cell storage 89 tets 630 knots 229 geometry 0.6070 curve 1.1139 ms
cell storage 90 tets 267 knots 107 geometry 0.2682 curve 0.3329 ms
cell storage 105 tets 559 knots 198 geometry 0.4352 curve 0.7655 ms
cell storage 106 tets 249 knots 100 geometry 0.2436 curve 0.3063 ms
liquid phase solid storage 6.980732 ms
liquid phase surface step 1.444024 ms
liquid phase loading 4.264862 ms
liquid phase containers/connections/parcels 0.585902 ms
cell storage 89 tets 646 knots 235 geometry 0.5448 curve 0.8930 ms
cell storage 90 tets 264 knots 105 geometry 0.2493 curve 0.4157 ms
cell storage 105 tets 571 knots 201 geometry 0.5342 curve 0.8054 ms
cell storage 106 tets 228 knots 95 geometry 0.2764 curve 0.3224 ms
liquid phase solid storage 6.848056 ms
liquid phase surface step 1.354417 ms
liquid phase loading 3.815474 ms
liquid phase containers/connections/parcels 0.972447 ms
cell storage 89 tets 650 knots 236 geometry 0.5622 curve 0.9468 ms
cell storage 90 tets 249 knots 100 geometry 0.2876 curve 0.3935 ms
cell storage 105 tets 571 knots 202 geometry 0.9120 curve 0.7910 ms
cell storage 106 tets 228 knots 94 geometry 0.2211 curve 0.2783 ms
liquid phase solid storage 7.039801 ms
liquid phase surface step 1.348590 ms
liquid phase loading 4.238247 ms
liquid phase containers/connections/parcels 0.571318 ms
cell storage 89 tets 654 knots 236 geometry 0.5537 curve 0.9008 ms
cell storage 90 tets 249 knots 100 geometry 0.2331 curve 0.3083 ms
cell storage 105 tets 575 knots 202 geometry 0.4421 curve 0.7629 ms
cell storage 106 tets 228 knots 94 geometry 0.2179 curve 0.2782 ms
liquid phase solid storage 7.088842 ms
liquid phase surface step 1.490095 ms
liquid phase loading 3.918336 ms
liquid phase containers/connections/parcels 0.579401 ms
cell storage 89 tets 654 knots 236 geometry 0.5236 curve 0.9168 ms
cell storage 90 tets 249 knots 100 geometry 0.4325 curve 0.4426 ms
cell storage 105 tets 575 knots 202 geometry 0.4853 curve 0.7830 ms
cell storage 106 tets 228 knots 94 geometry 0.2817 curve 0.3162 ms
liquid phase solid storage 8.317737 ms
liquid phase surface step 1.507873 ms
liquid phase loading 4.767816 ms
liquid phase containers/connections/parcels 0.979491 ms
cell storage 89 tets 638 knots 231 geometry 0.5243 curve 0.8887 ms
cell storage 90 tets 249 knots 100 geometry 0.2294 curve 0.3066 ms
cell storage 105 tets 551 knots 200 geometry 0.4646 curve 0.7453 ms
cell storage 106 tets 244 knots 100 geometry 0.2264 curve 0.2998 ms
liquid phase solid storage 6.880213 ms
liquid phase surface step 2.065293 ms
liquid phase loading 4.004371 ms
liquid phase containers/connections/parcels 0.594699 ms
cell storage 89 tets 638 knots 231 geometry 0.5221 curve 0.9540 ms
cell storage 90 tets 249 knots 100 geometry 0.4831 curve 0.4406 ms
cell storage 105 tets 551 knots 199 geometry 0.4520 curve 0.8341 ms
cell storage 106 tets 244 knots 101 geometry 0.2282 curve 0.3010 ms
liquid phase solid storage 7.767221 ms
liquid phase surface step 1.339567 ms
liquid phase loading 4.610222 ms
liquid phase containers/connections/parcels 0.651443 ms
cell storage 89 tets 638 knots 231 geometry 1.0368 curve 1.2685 ms
cell storage 90 tets 249 knots 100 geometry 0.2377 curve 0.3049 ms
cell storage 105 tets 551 knots 199 geometry 0.4356 curve 0.7437 ms
cell storage 106 tets 244 knots 100 geometry 0.2351 curve 0.2980 ms
liquid phase solid storage 8.650794 ms
liquid phase surface step 1.649071 ms
liquid phase loading 3.915729 ms
liquid phase containers/connections/parcels 0.592695 ms
cell storage 89 tets 638 knots 230 geometry 0.5463 curve 1.0689 ms
cell storage 90 tets 249 knots 101 geometry 0.4715 curve 0.4575 ms
cell storage 105 tets 543 knots 199 geometry 0.6104 curve 0.7510 ms
cell storage 106 tets 244 knots 100 geometry 0.2377 curve 0.3181 ms
liquid phase solid storage 7.954800 ms
liquid phase surface step 1.340984 ms
liquid phase loading 4.696517 ms
liquid phase containers/connections/parcels 0.677841 ms
cell storage 89 tets 638 knots 232 geometry 0.8325 curve 0.8952 ms
cell storage 90 tets 261 knots 103 geometry 0.2339 curve 0.3210 ms
cell storage 105 tets 543 knots 197 geometry 0.4761 curve 0.9788 ms
cell storage 106 tets 244 knots 100 geometry 0.2317 curve 0.2993 ms
liquid phase solid storage 9.174620 ms
liquid phase surface step 1.554588 ms
liquid phase loading 3.676395 ms
liquid phase containers/connections/parcels 0.621834 ms
cell storage 89 tets 654 knots 235 geometry 0.8090 curve 1.3405 ms
cell storage 90 tets 265 knots 103 geometry 0.3832 curve 0.4154 ms
cell storage 105 tets 543 knots 199 geometry 0.5130 curve 0.8416 ms
cell storage 106 tets 244 knots 100 geometry 0.3235 curve 0.4177 ms
liquid phase solid storage 8.203676 ms
liquid phase surface step 1.325428 ms
liquid phase loading 5.042996 ms
liquid phase containers/connections/parcels 0.971769 ms
cell storage 89 tets 654 knots 235 geometry 0.5290 curve 0.9163 ms
cell storage 90 tets 265 knots 103 geometry 0.2333 curve 0.3256 ms
cell storage 105 tets 539 knots 196 geometry 0.6549 curve 1.0076 ms
cell storage 106 tets 244 knots 101 geometry 0.3517 curve 0.4327 ms
liquid phase solid storage 8.799043 ms
liquid phase surface step 1.386434 ms
liquid phase loading 3.686905 ms
liquid phase containers/connections/parcels 0.859344 ms
cell storage 89 tets 654 knots 236 geometry 0.7786 curve 0.9401 ms
cell storage 90 tets 265 knots 103 geometry 0.2370 curve 0.3282 ms
cell storage 105 tets 539 knots 196 geometry 0.5939 curve 0.8200 ms
cell storage 106 tets 252 knots 103 geometry 0.2265 curve 0.3095 ms
liquid phase solid storage 8.040257 ms
liquid phase surface step 1.447060 ms
liquid phase loading 5.007363 ms
liquid phase containers/connections/parcels 0.606877 ms
cell storage 89 tets 654 knots 234 geometry 0.5230 curve 0.9022 ms
cell storage 90 tets 265 knots 104 geometry 0.2325 curve 0.3265 ms
cell storage 105 tets 539 knots 197 geometry 0.4295 curve 0.8282 ms
cell storage 106 tets 252 knots 105 geometry 0.3611 curve 0.4407 ms
liquid phase solid storage 8.059489 ms
liquid phase surface step 2.013286 ms
liquid phase loading 3.809130 ms
liquid phase containers/connections/parcels 1.020313 ms
cell storage 88 tets 175 knots 84 geometry 0.1493 curve 0.2189 ms
cell storage 89 tets 650 knots 235 geometry 0.6111 curve 0.9701 ms
cell storage 90 tets 265 knots 104 geometry 0.2354 curve 0.3258 ms
cell storage 105 tets 539 knots 196 geometry 0.4268 curve 0.7584 ms
cell storage 106 tets 252 knots 103 geometry 0.2309 curve 0.4604 ms
liquid phase solid storage 7.997503 ms
liquid phase surface step 1.980824 ms
liquid phase loading 4.460849 ms
liquid phase containers/connections/parcels 0.620236 ms
cell storage 88 tets 175 knots 84 geometry 0.1503 curve 0.2174 ms
cell storage 89 tets 669 knots 240 geometry 0.5308 curve 0.9175 ms
cell storage 90 tets 337 knots 130 geometry 0.2592 curve 0.6190 ms
cell storage 105 tets 539 knots 196 geometry 0.7055 curve 0.9211 ms
cell storage 106 tets 252 knots 103 geometry 0.2266 curve 0.3063 ms
liquid phase solid storage 8.971693 ms
liquid phase surface step 1.434111 ms
liquid phase loading 4.365870 ms
liquid phase containers/connections/parcels 0.987670 ms
cell storage 88 tets 175 knots 84 geometry 0.1500 curve 0.2178 ms
cell storage 89 tets 669 knots 240 geometry 0.5361 curve 0.9175 ms
cell storage 90 tets 329 knots 126 geometry 0.2720 curve 0.4125 ms
cell storage 105 tets 554 knots 199 geometry 0.4364 curve 0.7701 ms
cell storage 106 tets 252 knots 104 geometry 0.2220 curve 0.3083 ms
liquid phase solid storage 8.850990 ms
liquid phase surface step 1.457609 ms
liquid phase loading 3.905865 ms
liquid phase containers/connections/parcels 0.646215 ms
cell storage 88 tets 175 knots 84 geometry 0.1958 curve 0.3130 ms
cell storage 89 tets 669 knots 241 geometry 0.8287 curve 1.3263 ms
cell storage 90 tets 329 knots 125 geometry 0.2658 curve 0.4115 ms
cell storage 105 tets 546 knots 197 geometry 0.6695 curve 0.9951 ms
cell storage 106 tets 252 knots 103 geometry 0.2372 curve 0.3422 ms
liquid phase solid storage 9.194046 ms
liquid phase surface step 1.370434 ms
liquid phase loading 5.189289 ms
liquid phase containers/connections/parcels 0.648800 ms
cell storage 88 tets 175 knots 84 geometry 0.1700 curve 0.2240 ms
cell storage 89 tets 669 knots 240 geometry 0.5378 curve 0.9238 ms
cell storage 90 tets 329 knots 126 geometry 0.2572 curve 0.4132 ms
cell storage 105 tets 546 knots 196 geometry 0.4989 curve 1.0752 ms
cell storage 106 tets 252 knots 103 geometry 0.3560 curve 0.4673 ms
liquid phase solid storage 8.552476 ms
liquid phase surface step 1.408549 ms
liquid phase loading 4.093069 ms
liquid phase containers/connections/parcels 1.068922 ms
cell storage 88 tets 179 knots 85 geometry 0.1701 curve 0.2986 ms
cell storage 89 tets 669 knots 241 geometry 0.5618 curve 0.9400 ms
cell storage 90 tets 329 knots 126 geometry 0.2595 curve 0.4177 ms
cell storage 105 tets 546 knots 198 geometry 0.4357 curve 0.7499 ms
cell storage 106 tets 252 knots 103 geometry 0.2246 curve 0.3137 ms
liquid phase solid storage 8.667008 ms
liquid phase surface step 2.164718 ms
liquid phase loading 6.080559 ms
liquid phase containers/connections/parcels 1.171924 ms
cell storage 88 tets 179 knots 85 geometry 0.3072 curve 0.2307 ms
cell storage 89 tets 669 knots 242 geometry 0.7336 curve 1.0460 ms
cell storage 90 tets 341 knots 128 geometry 0.3741 curve 0.4786 ms
cell storage 105 tets 546 knots 198 geometry 0.4810 curve 0.9917 ms
cell storage 106 tets 252 knots 103 geometry 0.3190 curve 0.3676 ms
liquid phase solid storage 10.369566 ms
liquid phase surface step 2.048082 ms
liquid phase loading 4.333772 ms
liquid phase containers/connections/parcels 0.665979 ms
cell storage 88 tets 179 knots 86 geometry 0.1707 curve 0.2249 ms
cell storage 89 tets 669 knots 246 geometry 0.6543 curve 0.9372 ms
cell storage 90 tets 341 knots 128 geometry 0.2697 curve 0.4421 ms
cell storage 105 tets 546 knots 199 geometry 0.4348 curve 0.7746 ms
cell storage 106 tets 252 knots 103 geometry 0.4760 curve 0.4534 ms
liquid phase solid storage 9.865256 ms
liquid phase surface step 1.524349 ms
liquid phase loading 4.651481 ms
liquid phase containers/connections/parcels 0.838125 ms
cell storage 88 tets 179 knots 86 geometry 0.1930 curve 0.2560 ms
cell storage 89 tets 669 knots 242 geometry 0.6070 curve 1.0012 ms
cell storage 90 tets 341 knots 128 geometry 0.3001 curve 0.4574 ms
cell storage 105 tets 546 knots 202 geometry 0.4727 curve 0.8428 ms
cell storage 106 tets 252 knots 103 geometry 0.2338 curve 0.3097 ms
liquid phase solid storage 9.343074 ms
liquid phase surface step 1.598167 ms
liquid phase loading 4.007086 ms
liquid phase containers/connections/parcels 4.541197 ms
cell storage 88 tets 179 knots 85 geometry 0.2732 curve 0.2435 ms
cell storage 89 tets 669 knots 243 geometry 0.5307 curve 0.9410 ms
cell storage 90 tets 341 knots 129 geometry 0.2854 curve 0.5360 ms
cell storage 105 tets 546 knots 197 geometry 0.4749 curve 0.7705 ms
cell storage 106 tets 252 knots 104 geometry 0.2258 curve 0.3114 ms
liquid phase solid storage 10.148932 ms
liquid phase surface step 1.389301 ms
liquid phase loading 3.910223 ms
liquid phase containers/connections/parcels 4.912231 ms
cell storage 88 tets 179 knots 85 geometry 0.1842 curve 0.2311 ms
cell storage 89 tets 669 knots 243 geometry 0.5286 curve 0.9485 ms
cell storage 90 tets 333 knots 126 geometry 0.2709 curve 0.4295 ms
cell storage 105 tets 534 knots 195 geometry 0.6611 curve 1.0744 ms
cell storage 106 tets 256 knots 105 geometry 0.3464 curve 0.3193 ms
liquid phase solid storage 10.216514 ms
liquid phase surface step 1.427307 ms
liquid phase loading 4.898868 ms
liquid phase containers/connections/parcels 4.173478 ms
cell storage 88 tets 179 knots 85 geometry 0.2006 curve 0.2316 ms
cell storage 89 tets 665 knots 243 geometry 0.5361 curve 0.9137 ms
cell storage 90 tets 337 knots 126 geometry 0.3959 curve 0.6140 ms
cell storage 105 tets 534 knots 198 geometry 0.7252 curve 0.7536 ms
cell storage 106 tets 256 knots 104 geometry 0.2292 curve 0.3181 ms
liquid phase solid storage 9.278015 ms
liquid phase surface step 1.357524 ms
liquid phase loading 5.211129 ms
liquid phase containers/connections/parcels 3.333898 ms
cell storage 88 tets 179 knots 85 geometry 0.1707 curve 0.2289 ms
cell storage 89 tets 669 knots 240 geometry 0.5274 curve 1.0640 ms
cell storage 90 tets 345 knots 130 geometry 0.4391 curve 0.6258 ms
cell storage 105 tets 512 knots 188 geometry 0.5494 curve 0.6843 ms
cell storage 106 tets 256 knots 104 geometry 0.2385 curve 0.3961 ms
liquid phase solid storage 9.573569 ms
liquid phase surface step 1.400351 ms
liquid phase loading 4.980771 ms
liquid phase containers/connections/parcels 3.516166 ms
cell storage 88 tets 179 knots 85 geometry 0.1735 curve 0.2285 ms
cell storage 89 tets 701 knots 247 geometry 0.5582 curve 1.1445 ms
cell storage 90 tets 465 knots 158 geometry 0.6707 curve 0.9726 ms
cell storage 105 tets 518 knots 189 geometry 0.7783 curve 1.1178 ms
cell storage 106 tets 373 knots 136 geometry 0.5574 curve 0.7600 ms
liquid phase solid storage 12.300199 ms
liquid phase surface step 2.172149 ms
liquid phase loading 5.545430 ms
liquid phase containers/connections/parcels 3.775393 ms
cell storage 88 tets 179 knots 85 geometry 0.2442 curve 0.2589 ms
cell storage 89 tets 657 knots 237 geometry 0.6525 curve 1.0145 ms
cell storage 90 tets 465 knots 158 geometry 0.3615 curve 0.6100 ms
cell storage 105 tets 510 knots 187 geometry 0.4151 curve 0.6808 ms
cell storage 106 tets 373 knots 136 geometry 0.3036 curve 0.4712 ms
liquid phase solid storage 8.999863 ms
liquid phase surface step 1.843303 ms
liquid phase loading 4.270375 ms
liquid phase containers/connections/parcels 3.197015 ms
cell storage 88 tets 179 knots 85 geometry 0.1728 curve 0.2717 ms
cell storage 89 tets 659 knots 242 geometry 0.6125 curve 1.0822 ms
cell storage 90 tets 465 knots 160 geometry 0.4655 curve 0.6943 ms
cell storage 105 tets 490 knots 184 geometry 0.4117 curve 0.6600 ms
cell storage 106 tets 373 knots 137 geometry 0.3012 curve 0.4722 ms
liquid phase solid storage 9.490214 ms
liquid phase surface step 1.822578 ms
liquid phase loading 5.348092 ms
liquid phase containers/connections/parcels 3.191771 ms
cell storage 88 tets 152 knots 72 geometry 0.1861 curve 0.1870 ms
cell storage 89 tets 659 knots 242 geometry 0.5992 curve 1.0982 ms
cell storage 90 tets 465 knots 158 geometry 0.3604 curve 0.7801 ms
cell storage 105 tets 466 knots 172 geometry 0.7641 curve 0.6114 ms
cell storage 106 tets 369 knots 139 geometry 0.3108 curve 0.4759 ms
liquid phase solid storage 10.445059 ms
liquid phase surface step 1.548132 ms
liquid phase loading 5.019586 ms
liquid phase containers/connections/parcels 3.899477 ms
cell storage 89 tets 659 knots 242 geometry 1.1992 curve 1.2514 ms
cell storage 90 tets 465 knots 160 geometry 0.4130 curve 0.6036 ms
cell storage 105 tets 470 knots 171 geometry 0.3980 curve 0.6166 ms
cell storage 106 tets 377 knots 142 geometry 0.3147 curve 0.4851 ms
liquid phase solid storage 10.570054 ms
liquid phase surface step 2.246122 ms
liquid phase loading 4.373181 ms
liquid phase containers/connections/parcels 4.171625 ms
cell storage 89 tets 643 knots 236 geometry 0.5955 curve 0.8968 ms
cell storage 90 tets 465 knots 157 geometry 0.3582 curve 0.6082 ms
cell storage 105 tets 470 knots 171 geometry 0.4046 curve 0.6250 ms
cell storage 106 tets 377 knots 142 geometry 0.3076 curve 0.6042 ms
liquid phase solid storage 10.263344 ms
liquid phase surface step 2.219702 ms
liquid phase loading 4.407294 ms
liquid phase containers/connections/parcels 4.086391 ms
cell storage 89 tets 619 knots 229 geometry 0.5657 curve 0.8602 ms
cell storage 90 tets 461 knots 161 geometry 0.3674 curve 0.5988 ms
cell storage 105 tets 462 knots 165 geometry 0.4481 curve 0.6917 ms
cell storage 106 tets 369 knots 141 geometry 0.5933 curve 0.7383 ms
liquid phase solid storage 10.195816 ms
liquid phase surface step 1.810113 ms
liquid phase loading 6.193990 ms
liquid phase containers/connections/parcels 4.765913 ms
cell storage 89 tets 603 knots 223 geometry 0.9044 curve 1.2148 ms
cell storage 90 tets 461 knots 160 geometry 0.5924 curve 0.8630 ms
cell storage 105 tets 462 knots 166 geometry 0.6362 curve 0.8560 ms
cell storage 106 tets 369 knots 142 geometry 0.4998 curve 0.6851 ms
liquid phase solid storage 12.269478 ms
liquid phase surface step 2.376024 ms
liquid phase loading 7.235377 ms
liquid phase containers/connections/parcels 5.248468 ms
cell storage 89 tets 599 knots 219 geometry 1.0065 curve 1.2842 ms
cell storage 90 tets 461 knots 162 geometry 0.6751 curve 0.9446 ms
cell storage 105 tets 478 knots 171 geometry 0.7206 curve 0.9993 ms
cell storage 106 tets 369 knots 141 geometry 0.5522 curve 0.7493 ms
liquid phase solid storage 13.194955 ms
liquid phase surface step 2.447014 ms
liquid phase loading 7.325273 ms
liquid phase containers/connections/parcels 5.282579 ms
cell storage 89 tets 587 knots 218 geometry 0.9955 curve 1.2478 ms
cell storage 90 tets 441 knots 158 geometry 0.6419 curve 0.8893 ms
cell storage 105 tets 478 knots 171 geometry 0.7178 curve 0.9804 ms
cell storage 106 tets 341 knots 134 geometry 0.5298 curve 0.6728 ms
liquid phase solid storage 13.032662 ms
liquid phase surface step 2.222113 ms
liquid phase loading 7.299948 ms
liquid phase containers/connections/parcels 5.339889 ms
cell storage 89 tets 587 knots 219 geometry 1.0005 curve 1.2479 ms
cell storage 90 tets 429 knots 157 geometry 0.6512 curve 0.8820 ms
cell storage 105 tets 478 knots 170 geometry 0.7069 curve 0.9865 ms
cell storage 106 tets 341 knots 133 geometry 0.5399 curve 0.6782 ms
liquid phase solid storage 13.017009 ms
liquid phase surface step 2.184102 ms
liquid phase loading 7.491095 ms
liquid phase containers/connections/parcels 5.378563 ms
cell storage 89 tets 587 knots 219 geometry 1.0026 curve 1.2727 ms
cell storage 90 tets 429 knots 156 geometry 0.6317 curve 0.8781 ms
cell storage 105 tets 486 knots 173 geometry 0.7110 curve 0.9926 ms
cell storage 106 tets 353 knots 136 geometry 0.5335 curve 0.6933 ms
liquid phase solid storage 13.027324 ms
liquid phase surface step 2.183323 ms
liquid phase loading 7.431339 ms
liquid phase containers/connections/parcels 5.365743 ms
cell storage 89 tets 587 knots 218 geometry 1.0016 curve 1.2454 ms
cell storage 90 tets 429 knots 157 geometry 0.6412 curve 0.8528 ms
cell storage 105 tets 486 knots 176 geometry 0.6978 curve 1.0004 ms
cell storage 106 tets 353 knots 137 geometry 0.5144 curve 0.6468 ms
liquid phase solid storage 12.811935 ms
liquid phase surface step 2.229343 ms
liquid phase loading 6.899505 ms
liquid phase containers/connections/parcels 5.114131 ms
cell storage 89 tets 587 knots 219 geometry 0.8365 curve 1.2326 ms
cell storage 90 tets 449 knots 160 geometry 0.6303 curve 0.8954 ms
cell storage 105 tets 486 knots 174 geometry 0.7160 curve 0.9779 ms
cell storage 106 tets 353 knots 136 geometry 0.5270 curve 0.6773 ms
liquid phase solid storage 12.579920 ms
liquid phase surface step 2.280008 ms
liquid phase loading 7.290827 ms
liquid phase containers/connections/parcels 5.051058 ms
cell storage 89 tets 604 knots 222 geometry 0.9609 curve 1.2756 ms
cell storage 90 tets 410 knots 153 geometry 0.6396 curve 0.8095 ms
cell storage 105 tets 452 knots 164 geometry 0.5335 curve 0.6488 ms
cell storage 106 tets 353 knots 136 geometry 0.3210 curve 0.6106 ms
liquid phase solid storage 11.888445 ms
liquid phase surface step 2.004895 ms
liquid phase loading 6.275027 ms
liquid phase containers/connections/parcels 4.693556 ms
cell storage 89 tets 545 knots 204 geometry 0.7524 curve 0.8207 ms
cell storage 90 tets 410 knots 155 geometry 0.3388 curve 0.5393 ms
cell storage 105 tets 407 knots 153 geometry 0.3322 curve 0.5291 ms
cell storage 106 tets 348 knots 136 geometry 0.2806 curve 0.4512 ms
liquid phase solid storage 7.808724 ms
liquid phase surface step 2.033652 ms
liquid phase loading 5.815663 ms
liquid phase containers/connections/parcels 3.818656 ms
cell storage 89 tets 545 knots 204 geometry 0.8195 curve 0.7666 ms
cell storage 90 tets 414 knots 157 geometry 0.3380 curve 0.5389 ms
cell storage 105 tets 407 knots 152 geometry 0.3350 curve 0.5349 ms
cell storage 106 tets 348 knots 135 geometry 0.2811 curve 0.4488 ms
liquid phase solid storage 8.270236 ms
liquid phase surface step 1.512822 ms
liquid phase loading 4.836771 ms
liquid phase containers/connections/parcels 3.557553 ms
cell storage 89 tets 545 knots 203 geometry 0.4807 curve 0.7590 ms
cell storage 90 tets 414 knots 162 geometry 0.4258 curve 0.6306 ms
cell storage 105 tets 407 knots 152 geometry 0.5435 curve 0.5893 ms
cell storage 106 tets 352 knots 138 geometry 0.3779 curve 0.5320 ms
liquid phase solid storage 8.433052 ms
liquid phase surface step 1.828054 ms
liquid phase loading 4.485356 ms
liquid phase containers/connections/parcels 3.162097 ms
cell storage 89 tets 541 knots 201 geometry 0.5646 curve 0.7845 ms
cell storage 90 tets 402 knots 153 geometry 0.3415 curve 0.5407 ms
cell storage 105 tets 407 knots 155 geometry 0.3429 curve 0.6407 ms
cell storage 106 tets 352 knots 135 geometry 0.3397 curve 0.4541 ms
liquid phase solid storage 7.990519 ms
liquid phase surface step 1.338508 ms
liquid phase loading 4.733625 ms
liquid phase containers/connections/parcels 3.293026 ms
cell storage 89 tets 541 knots 201 geometry 0.5134 curve 0.9233 ms
cell storage 90 tets 402 knots 154 geometry 0.5340 curve 0.5867 ms
cell storage 105 tets 422 knots 158 geometry 0.3398 curve 0.5696 ms
cell storage 106 tets 352 knots 135 geometry 0.2853 curve 0.4559 ms
liquid phase solid storage 8.907501 ms
liquid phase surface step 2.180467 ms
liquid phase loading 7.066908 ms
liquid phase containers/connections/parcels 4.588731 ms
cell storage 89 tets 541 knots 202 geometry 0.6946 curve 1.0870 ms
cell storage 90 tets 402 knots 154 geometry 0.5778 curve 0.7955 ms
cell storage 105 tets 392 knots 151 geometry 0.5437 curve 0.7726 ms
cell storage 106 tets 368 knots 138 geometry 0.4182 curve 0.7186 ms
liquid phase solid storage 11.629582 ms
liquid phase surface step 2.236293 ms
liquid phase loading 6.638280 ms
liquid phase containers/connections/parcels 5.172492 ms
cell storage 89 tets 541 knots 201 geometry 0.7465 curve 1.1460 ms
cell storage 90 tets 402 knots 153 geometry 0.4684 curve 0.8005 ms
cell storage 105 tets 399 knots 152 geometry 0.5825 curve 0.8055 ms
cell storage 106 tets 368 knots 139 geometry 0.4980 curve 0.7347 ms
liquid phase solid storage 11.792688 ms
liquid phase surface step 2.214795 ms
liquid phase loading 7.369784 ms
liquid phase containers/connections/parcels 5.471182 ms
cell storage 89 tets 541 knots 203 geometry 0.8042 curve 1.1528 ms
cell storage 90 tets 398 knots 153 geometry 0.6106 curve 0.7928 ms
cell storage 105 tets 411 knots 155 geometry 0.6017 curve 0.7618 ms
cell storage 106 tets 368 knots 138 geometry 0.3371 curve 0.6570 ms
liquid phase solid storage 12.078974 ms
liquid phase surface step 2.178497 ms
liquid phase loading 7.356074 ms
liquid phase containers/connections/parcels 5.737096 ms
cell storage 89 tets 549 knots 206 geometry 0.8224 curve 1.1870 ms
cell storage 90 tets 402 knots 153 geometry 0.6050 curve 0.8065 ms
cell storage 105 tets 411 knots 155 geometry 0.5833 curve 0.8349 ms
cell storage 106 tets 368 knots 139 geometry 0.4995 curve 0.7399 ms
liquid phase solid storage 12.231269 ms
liquid phase surface step 2.242084 ms
liquid phase loading 7.216424 ms
liquid phase containers/connections/parcels 5.303125 ms
cell storage 89 tets 541 knots 199 geometry 0.8119 curve 1.1391 ms
cell storage 90 tets 402 knots 152 geometry 0.5966 curve 0.8229 ms
cell storage 105 tets 399 knots 153 geometry 0.5756 curve 0.8101 ms
cell storage 106 tets 368 knots 140 geometry 0.5091 curve 0.7357 ms
liquid phase solid storage 12.441955 ms
liquid phase surface step 2.262586 ms
liquid phase loading 7.362160 ms
liquid phase containers/connections/parcels 5.165189 ms
cell storage 89 tets 541 knots 198 geometry 0.8095 curve 1.1654 ms
cell storage 90 tets 380 knots 149 geometry 0.5589 curve 0.7745 ms
cell storage 105 tets 399 knots 151 geometry 0.5752 curve 0.8245 ms
cell storage 106 tets 342 knots 130 geometry 0.4850 curve 0.6827 ms
liquid phase solid storage 11.809803 ms
liquid phase surface step 2.283289 ms
liquid phase loading 7.319146 ms
liquid phase containers/connections/parcels 5.256802 ms
cell storage 89 tets 541 knots 198 geometry 0.8125 curve 1.1511 ms
cell storage 90 tets 380 knots 145 geometry 0.5609 curve 0.7677 ms
cell storage 105 tets 399 knots 153 geometry 0.5697 curve 0.8071 ms
cell storage 106 tets 342 knots 130 geometry 0.4848 curve 0.6679 ms
liquid phase solid storage 12.317977 ms
liquid phase surface step 2.400330 ms
liquid phase loading 6.933775 ms
liquid phase containers/connections/parcels 5.585117 ms
cell storage 89 tets 541 knots 199 geometry 0.7167 curve 0.7942 ms
cell storage 90 tets 380 knots 146 geometry 0.3576 curve 0.4928 ms
cell storage 105 tets 399 knots 152 geometry 0.3342 curve 0.5233 ms
cell storage 106 tets 342 knots 129 geometry 0.2745 curve 0.4443 ms
liquid phase solid storage 8.840368 ms
liquid phase surface step 1.390489 ms
liquid phase loading 4.485160 ms
liquid phase containers/connections/parcels 4.341870 ms
cell storage 89 tets 549 knots 201 geometry 0.4648 curve 0.8276 ms
cell storage 90 tets 384 knots 145 geometry 0.3618 curve 0.5000 ms
cell storage 105 tets 399 knots 152 geometry 0.3270 curve 0.5302 ms
cell storage 106 tets 342 knots 129 geometry 0.2783 curve 0.4308 ms
liquid phase solid storage 7.319127 ms
liquid phase surface step 2.081884 ms
liquid phase loading 5.132012 ms
liquid phase containers/connections/parcels 3.512110 ms
cell storage 89 tets 549 knots 201 geometry 0.4581 curve 0.7664 ms
cell storage 90 tets 372 knots 142 geometry 0.3896 curve 0.5624 ms
cell storage 105 tets 388 knots 150 geometry 0.3162 curve 0.5423 ms
cell storage 106 tets 342 knots 129 geometry 0.2713 curve 0.4271 ms
liquid phase solid storage 7.826063 ms
liquid phase surface step 1.408838 ms
liquid phase loading 6.060957 ms
liquid phase containers/connections/parcels 3.297002 ms
cell storage 89 tets 549 knots 203 geometry 0.7433 curve 0.8644 ms
cell storage 90 tets 353 knots 137 geometry 0.3371 curve 0.6542 ms
cell storage 105 tets 388 knots 148 geometry 0.5174 curve 0.5416 ms
cell storage 106 tets 342 knots 129 geometry 0.2840 curve 0.4279 ms
liquid phase solid storage 8.400819 ms
liquid phase surface step 1.916192 ms
liquid phase loading 4.938647 ms
liquid phase containers/connections/parcels 3.719579 ms
cell storage 89 tets 496 knots 186 geometry 0.6649 curve 0.6848 ms
cell storage 90 tets 323 knots 129 geometry 0.3027 curve 0.4086 ms
cell storage 105 tets 428 knots 154 geometry 0.4440 curve 0.6018 ms
cell storage 106 tets 342 knots 129 geometry 0.2715 curve 0.4341 ms
liquid phase solid storage 8.171827 ms
liquid phase surface step 1.832682 ms
liquid phase loading 5.011616 ms
liquid phase containers/connections/parcels 4.121639 ms
cell storage 89 tets 508 knots 187 geometry 0.4216 curve 0.6961 ms
cell storage 90 tets 323 knots 129 geometry 0.2963 curve 0.4221 ms
cell storage 105 tets 428 knots 154 geometry 0.3151 curve 0.6759 ms
cell storage 106 tets 342 knots 129 geometry 0.2755 curve 0.4376 ms
liquid phase solid storage 7.783221 ms
liquid phase surface step 1.441900 ms
liquid phase loading 6.344488 ms
liquid phase containers/connections/parcels 4.199649 ms
cell storage 89 tets 508 knots 189 geometry 0.4310 curve 0.6976 ms
cell storage 90 tets 319 knots 127 geometry 0.2942 curve 0.4169 ms
cell storage 105 tets 424 knots 155 geometry 0.3418 curve 0.7945 ms
cell storage 106 tets 342 knots 129 geometry 0.3026 curve 0.4264 ms
liquid phase solid storage 8.120648 ms
liquid phase surface step 1.336705 ms
liquid phase loading 5.381163 ms
liquid phase containers/connections/parcels 3.184552 ms
cell storage 89 tets 508 knots 187 geometry 0.6774 curve 1.0163 ms
cell storage 90 tets 319 knots 129 geometry 0.4721 curve 0.4293 ms
cell storage 105 tets 408 knots 151 geometry 0.3115 curve 0.5433 ms
cell storage 106 tets 342 knots 130 geometry 0.2834 curve 0.4857 ms
liquid phase solid storage 8.017499 ms
liquid phase surface step 1.352478 ms
liquid phase loading 5.274686 ms
liquid phase containers/connections/parcels 3.823132 ms
cell storage 89 tets 504 knots 187 geometry 0.4085 curve 0.6884 ms
cell storage 90 tets 335 knots 133 geometry 0.3070 curve 0.5950 ms
cell storage 105 tets 395 knots 151 geometry 0.4201 curve 0.5729 ms
cell storage 106 tets 358 knots 134 geometry 0.2784 curve 0.4548 ms
liquid phase solid storage 8.001794 ms
liquid phase surface step 1.351577 ms
liquid phase loading 4.865180 ms
liquid phase containers/connections/parcels 3.988247 ms
cell storage 89 tets 504 knots 186 geometry 0.3987 curve 0.6899 ms
cell storage 90 tets 354 knots 138 geometry 0.2907 curve 0.4598 ms
cell storage 105 tets 420 knots 158 geometry 0.3456 curve 0.7405 ms
cell storage 106 tets 374 knots 135 geometry 0.5605 curve 0.6678 ms
liquid phase solid storage 8.115326 ms
liquid phase surface step 1.844396 ms
liquid phase loading 4.435354 ms
liquid phase containers/connections/parcels 4.375999 ms
cell storage 89 tets 504 knots 187 geometry 0.4113 curve 0.7135 ms
cell storage 90 tets 368 knots 142 geometry 0.3031 curve 0.4716 ms
cell storage 105 tets 420 knots 157 geometry 0.3460 curve 0.5432 ms
cell storage 106 tets 408 knots 149 geometry 0.3080 curve 0.7409 ms
liquid phase solid storage 8.240050 ms
liquid phase surface step 1.638878 ms
liquid phase loading 4.526644 ms
liquid phase containers/connections/parcels 5.016216 ms
cell storage 89 tets 504 knots 188 geometry 0.4159 curve 0.6892 ms
cell storage 90 tets 368 knots 142 geometry 0.3018 curve 0.4745 ms
cell storage 105 tets 420 knots 158 geometry 0.4824 curve 0.7838 ms
cell storage 106 tets 404 knots 150 geometry 0.4813 curve 0.7884 ms
liquid phase solid storage 8.652778 ms
liquid phase surface step 2.169709 ms
liquid phase loading 4.783357 ms
liquid phase containers/connections/parcels 4.305623 ms
cell storage 89 tets 504 knots 187 geometry 0.4411 curve 0.7147 ms
cell storage 90 tets 368 knots 143 geometry 0.3028 curve 0.4767 ms
cell storage 105 tets 435 knots 162 geometry 0.3526 curve 0.6149 ms
cell storage 106 tets 404 knots 148 geometry 0.4656 curve 0.7537 ms
liquid phase solid storage 8.345254 ms
liquid phase surface step 1.444131 ms
liquid phase loading 4.319970 ms
liquid phase containers/connections/parcels 4.154829 ms
cell storage 89 tets 504 knots 187 geometry 0.4438 curve 0.7066 ms
cell storage 90 tets 368 knots 141 geometry 0.3049 curve 0.4881 ms
cell storage 105 tets 439 knots 162 geometry 0.3850 curve 0.8283 ms
cell storage 106 tets 404 knots 148 geometry 0.4603 curve 0.7857 ms
liquid phase solid storage 9.287758 ms
liquid phase surface step 1.581210 ms
liquid phase loading 4.767861 ms
liquid phase containers/connections/parcels 4.038510 ms
cell storage 89 tets 504 knots 188 geometry 0.3999 curve 0.6839 ms
cell storage 90 tets 368 knots 141 geometry 0.3015 curve 0.4892 ms
cell storage 105 tets 439 knots 160 geometry 0.3554 curve 0.5668 ms
cell storage 106 tets 404 knots 149 geometry 0.3007 curve 0.7049 ms
liquid phase solid storage 8.262148 ms
liquid phase surface step 1.475177 ms
liquid phase loading 4.530975 ms
liquid phase containers/connections/parcels 4.210751 ms
cell storage 89 tets 504 knots 186 geometry 0.6440 curve 0.7077 ms
cell storage 90 tets 384 knots 148 geometry 0.3139 curve 0.4966 ms
cell storage 105 tets 439 knots 161 geometry 0.3741 curve 0.5733 ms
cell storage 106 tets 404 knots 151 geometry 0.3013 curve 0.5171 ms
liquid phase solid storage 8.907593 ms
liquid phase surface step 2.089415 ms
liquid phase loading 4.849998 ms
liquid phase containers/connections/parcels 5.731714 ms
cell storage 89 tets 504 knots 188 geometry 0.4042 curve 0.6919 ms
cell storage 90 tets 384 knots 144 geometry 0.3132 curve 0.4893 ms
cell storage 105 tets 439 knots 160 geometry 0.3994 curve 0.7293 ms
cell storage 106 tets 389 knots 143 geometry 0.4434 curve 0.5508 ms
liquid phase solid storage 8.038217 ms
liquid phase surface step 1.804251 ms
liquid phase loading 4.569335 ms
liquid phase containers/connections/parcels 3.565789 ms
cell storage 89 tets 500 knots 187 geometry 0.3973 curve 0.6844 ms
cell storage 90 tets 384 knots 144 geometry 0.3593 curve 0.4930 ms
cell storage 105 tets 439 knots 160 geometry 0.3698 curve 0.5746 ms
cell storage 106 tets 389 knots 143 geometry 0.3273 curve 0.6954 ms
liquid phase solid storage 7.697067 ms
liquid phase surface step 1.454910 ms
liquid phase loading 4.457999 ms
liquid phase containers/connections/parcels 3.724932 ms
cell storage 89 tets 496 knots 188 geometry 0.4616 curve 0.8252 ms
cell storage 90 tets 388 knots 145 geometry 0.5113 curve 0.6190 ms
cell storage 105 tets 439 knots 161 geometry 0.5613 curve 0.5784 ms
cell storage 106 tets 389 knots 143 geometry 0.2907 curve 0.5084 ms
liquid phase solid storage 9.466098 ms
liquid phase surface step 1.590632 ms
liquid phase loading 4.513288 ms
liquid phase containers/connections/parcels 3.714494 ms
cell storage 89 tets 500 knots 187 geometry 0.4606 curve 0.7724 ms
cell storage 90 tets 364 knots 137 geometry 0.3256 curve 0.4614 ms
cell storage 105 tets 439 knots 160 geometry 0.3530 curve 0.5985 ms
cell storage 106 tets 373 knots 142 geometry 0.2958 curve 0.4757 ms
liquid phase solid storage 7.958397 ms
liquid phase surface step 1.562718 ms
liquid phase loading 4.796390 ms
liquid phase containers/connections/parcels 3.812388 ms
cell storage 89 tets 512 knots 191 geometry 0.4028 curve 0.7032 ms
cell storage 90 tets 384 knots 143 geometry 0.3910 curve 0.5730 ms
cell storage 105 tets 447 knots 162 geometry 0.4844 curve 0.5891 ms
cell storage 106 tets 365 knots 139 geometry 0.3682 curve 0.6314 ms
liquid phase solid storage 8.373834 ms
liquid phase surface step 1.880840 ms
liquid phase loading 4.655111 ms
liquid phase containers/connections/parcels 3.411488 ms
cell storage 89 tets 512 knots 191 geometry 0.4123 curve 0.7038 ms
cell storage 90 tets 384 knots 142 geometry 0.3133 curve 0.4856 ms
cell storage 105 tets 451 knots 163 geometry 0.4736 curve 0.6530 ms
cell storage 106 tets 341 knots 132 geometry 0.2950 curve 0.4948 ms
liquid phase solid storage 7.914120 ms
liquid phase surface step 1.408889 ms
liquid phase loading 5.077805 ms
liquid phase containers/connections/parcels 4.093862 ms
cell storage 89 tets 512 knots 192 geometry 0.6516 curve 1.0241 ms
cell storage 90 tets 384 knots 142 geometry 0.3563 curve 0.5328 ms
cell storage 105 tets 467 knots 167 geometry 0.4566 curve 0.7033 ms
cell storage 106 tets 341 knots 130 geometry 0.2897 curve 0.5220 ms
liquid phase solid storage 8.895041 ms
liquid phase surface step 1.361434 ms
liquid phase loading 5.978062 ms
liquid phase containers/connections/parcels 2.861401 ms
cell storage 89 tets 482 knots 183 geometry 0.6064 curve 0.9399 ms
cell storage 90 tets 380 knots 141 geometry 0.5077 curve 0.6738 ms
cell storage 105 tets 467 knots 169 geometry 0.3861 curve 0.6352 ms
cell storage 106 tets 341 knots 131 geometry 0.3270 curve 0.4698 ms
liquid phase solid storage 9.308314 ms
liquid phase surface step 1.442189 ms
liquid phase loading 5.835238 ms
liquid phase containers/connections/parcels 2.883335 ms
cell storage 89 tets 482 knots 183 geometry 0.4895 curve 0.9430 ms
cell storage 90 tets 372 knots 138 geometry 0.4746 curve 0.7225 ms
cell storage 105 tets 471 knots 167 geometry 0.4089 curve 0.6502 ms
cell storage 106 tets 341 knots 130 geometry 0.2959 curve 0.4622 ms
liquid phase solid storage 8.369132 ms
liquid phase surface step 1.343737 ms
liquid phase loading 5.473955 ms
liquid phase containers/connections/parcels 3.053493 ms
cell storage 89 tets 482 knots 184 geometry 0.4007 curve 0.6669 ms
cell storage 90 tets 372 knots 138 geometry 0.3144 curve 0.6793 ms
cell storage 105 tets 475 knots 168 geometry 0.5989 curve 0.9327 ms
cell storage 106 tets 341 knots 130 geometry 0.3974 curve 0.4471 ms
liquid phase solid storage 9.014211 ms
liquid phase surface step 1.710168 ms
liquid phase loading 5.479434 ms
liquid phase containers/connections/parcels 3.559515 ms
cell storage 89 tets 486 knots 185 geometry 0.4044 curve 0.7778 ms
cell storage 90 tets 372 knots 139 geometry 0.4690 curve 0.6987 ms
cell storage 105 tets 505 knots 182 geometry 0.6870 curve 0.8547 ms
cell storage 106 tets 332 knots 131 geometry 0.3087 curve 0.4363 ms
liquid phase solid storage 8.598883 ms
liquid phase surface step 1.353331 ms
liquid phase loading 5.169088 ms
liquid phase containers/connections/parcels 3.988216 ms
cell storage 89 tets 482 knots 182 geometry 0.4064 curve 0.6443 ms
cell storage 90 tets 372 knots 140 geometry 0.3054 curve 0.4903 ms
cell storage 105 tets 505 knots 181 geometry 0.6332 curve 0.9885 ms
cell storage 106 tets 332 knots 133 geometry 0.5444 curve 0.5873 ms
liquid phase solid storage 8.747538 ms
liquid phase surface step 1.474629 ms
liquid phase loading 5.500977 ms
liquid phase containers/connections/parcels 3.264599 ms
cell storage 89 tets 482 knots 182 geometry 0.3905 curve 0.6574 ms
cell storage 90 tets 372 knots 138 geometry 0.2957 curve 0.4737 ms
cell storage 105 tets 547 knots 193 geometry 0.5687 curve 1.0609 ms
cell storage 106 tets 332 knots 132 geometry 0.5151 curve 0.6177 ms
liquid phase solid storage 8.988261 ms
liquid phase surface step 1.962591 ms
liquid phase loading 5.465672 ms
liquid phase containers/connections/parcels 3.479499 ms
cell storage 89 tets 482 knots 181 geometry 0.4172 curve 0.7232 ms
cell storage 90 tets 372 knots 138 geometry 0.4636 curve 0.6860 ms
cell storage 105 tets 555 knots 196 geometry 0.7435 curve 0.8401 ms
cell storage 106 tets 332 knots 131 geometry 0.3343 curve 0.4238 ms
liquid phase solid storage 8.523049 ms
liquid phase surface step 1.344507 ms
liquid phase loading 5.016905 ms
liquid phase containers/connections/parcels 3.197132 ms
cell storage 89 tets 482 knots 184 geometry 0.3877 curve 0.6573 ms
cell storage 90 tets 372 knots 138 geometry 0.2948 curve 0.4664 ms
cell storage 105 tets 555 knots 197 geometry 0.4973 curve 1.0889 ms
cell storage 106 tets 332 knots 131 geometry 0.4777 curve 0.6296 ms
liquid phase solid storage 8.676556 ms
liquid phase surface step 1.901184 ms
liquid phase loading 5.310217 ms
liquid phase containers/connections/parcels 3.890952 ms
cell storage 89 tets 517 knots 193 geometry 0.4518 curve 0.7024 ms
cell storage 90 tets 355 knots 135 geometry 0.3304 curve 0.6470 ms
cell storage 105 tets 554 knots 198 geometry 0.6900 curve 1.1169 ms
cell storage 106 tets 320 knots 130 geometry 0.4292 curve 0.4346 ms
liquid phase solid storage 9.973796 ms
liquid phase surface step 1.386003 ms
liquid phase loading 5.435978 ms
liquid phase containers/connections/parcels 3.855687 ms
cell storage 89 tets 570 knots 204 geometry 0.5085 curve 1.1352 ms
cell storage 90 tets 410 knots 152 geometry 0.5857 curve 0.7769 ms
cell storage 105 tets 576 knots 201 geometry 0.5470 curve 0.8715 ms
cell storage 106 tets 334 knots 130 geometry 0.6318 curve 0.5733 ms
liquid phase solid storage 10.258231 ms
liquid phase surface step 1.377695 ms
liquid phase loading 5.427228 ms
liquid phase containers/connections/parcels 3.048847 ms
cell storage 89 tets 570 knots 203 geometry 0.5377 curve 1.1336 ms
cell storage 90 tets 410 knots 154 geometry 0.5731 curve 0.7908 ms
cell storage 105 tets 576 knots 203 geometry 0.4996 curve 1.0254 ms
cell storage 106 tets 334 knots 130 geometry 0.4244 curve 0.4375 ms
liquid phase solid storage 11.023562 ms
liquid phase surface step 1.542465 ms
liquid phase loading 5.844606 ms
liquid phase containers/connections/parcels 3.213047 ms
cell storage 89 tets 574 knots 206 geometry 0.5154 curve 1.1324 ms
cell storage 90 tets 410 knots 153 geometry 0.4429 curve 0.6810 ms
cell storage 105 tets 554 knots 195 geometry 0.4500 curve 0.7406 ms
cell storage 106 tets 334 knots 130 geometry 0.3073 curve 0.4228 ms
liquid phase solid storage 10.173840 ms
liquid phase surface step 2.138517 ms
liquid phase loading 4.530709 ms
liquid phase containers/connections/parcels 3.480500 ms
cell storage 89 tets 574 knots 203 geometry 0.5504 curve 0.9112 ms
cell storage 90 tets 394 knots 147 geometry 0.3682 curve 0.5158 ms
cell storage 105 tets 578 knots 207 geometry 0.8286 curve 1.0487 ms
cell storage 106 tets 334 knots 130 geometry 0.5868 curve 0.5706 ms
liquid phase solid storage 10.469256 ms
liquid phase surface step 1.970714 ms
liquid phase loading 4.394368 ms
liquid phase containers/connections/parcels 3.502106 ms
cell storage 89 tets 574 knots 205 geometry 0.5206 curve 0.8606 ms
cell storage 90 tets 398 knots 152 geometry 0.3595 curve 0.5251 ms
cell storage 105 tets 582 knots 205 geometry 0.4499 curve 0.7856 ms
cell storage 106 tets 338 knots 131 geometry 0.3321 curve 0.4328 ms
liquid phase solid storage 10.042242 ms
liquid phase surface step 1.839221 ms
liquid phase loading 5.736388 ms
liquid phase containers/connections/parcels 4.022888 ms
cell storage 89 tets 570 knots 208 geometry 0.5046 curve 0.7782 ms
cell storage 90 tets 425 knots 159 geometry 0.3735 curve 0.5449 ms
cell storage 105 tets 606 knots 211 geometry 0.5041 curve 0.8113 ms
cell storage 106 tets 353 knots 136 geometry 0.3422 curve 0.4522 ms
liquid phase solid storage 9.781597 ms
liquid phase surface step 1.593910 ms
liquid phase loading 5.407093 ms
liquid phase containers/connections/parcels 3.429239 ms
cell storage 89 tets 570 knots 204 geometry 0.7470 curve 0.9032 ms
cell storage 90 tets 417 knots 157 geometry 0.4724 curve 0.6560 ms
cell storage 105 tets 602 knots 209 geometry 0.6275 curve 1.1845 ms
cell storage 106 tets 353 knots 138 geometry 0.5511 curve 0.6709 ms
liquid phase solid storage 10.305019 ms
liquid phase surface step 1.584960 ms
liquid phase loading 7.067916 ms
liquid phase containers/connections/parcels 3.193301 ms
cell storage 89 tets 570 knots 204 geometry 0.5047 curve 0.8811 ms
cell storage 90 tets 413 knots 157 geometry 0.5265 curve 0.7383 ms
cell storage 105 tets 602 knots 211 geometry 0.5385 curve 0.8256 ms
cell storage 106 tets 353 knots 137 geometry 0.3214 curve 0.4817 ms
liquid phase solid storage 9.539207 ms
liquid phase surface step 1.663900 ms
liquid phase loading 5.087338 ms
liquid phase containers/connections/parcels 3.320268 ms
cell storage 89 tets 558 knots 199 geometry 0.5033 curve 0.7681 ms
cell storage 90 tets 413 knots 158 geometry 0.5981 curve 0.6469 ms
cell storage 105 tets 626 knots 214 geometry 0.4942 curve 0.8661 ms
cell storage 106 tets 365 knots 140 geometry 0.3163 curve 0.6366 ms
liquid phase solid storage 9.351394 ms
liquid phase surface step 1.340608 ms
liquid phase loading 5.186508 ms
liquid phase containers/connections/parcels 3.383834 ms
cell storage 89 tets 558 knots 200 geometry 0.5056 curve 0.9231 ms
cell storage 90 tets 436 knots 164 geometry 0.7750 curve 0.6240 ms
cell storage 105 tets 626 knots 216 geometry 0.4940 curve 0.8570 ms
cell storage 106 tets 365 knots 141 geometry 0.3154 curve 0.6155 ms
liquid phase solid storage 10.110957 ms
liquid phase surface step 1.663450 ms
liquid phase loading 5.664256 ms
liquid phase containers/connections/parcels 3.095085 ms
cell storage 89 tets 558 knots 199 geometry 0.5224 curve 1.0020 ms
cell storage 90 tets 436 knots 164 geometry 0.6664 curve 0.5725 ms
cell storage 105 tets 634 knots 214 geometry 0.4802 curve 1.0774 ms
cell storage 106 tets 385 knots 145 geometry 0.3605 curve 0.5841 ms
liquid phase solid storage 9.626406 ms
liquid phase surface step 1.350181 ms
liquid phase loading 5.644446 ms
liquid phase containers/connections/parcels 4.068548 ms
cell storage 89 tets 542 knots 195 geometry 0.5003 curve 0.7581 ms
cell storage 90 tets 436 knots 162 geometry 0.3915 curve 0.5725 ms
cell storage 105 tets 637 knots 217 geometry 0.5847 curve 0.8854 ms
cell storage 106 tets 399 knots 146 geometry 0.3634 curve 0.6389 ms
liquid phase solid storage 10.236805 ms
liquid phase surface step 1.521122 ms
liquid phase loading 5.662694 ms
liquid phase containers/connections/parcels 3.530386 ms
cell storage 89 tets 518 knots 190 geometry 0.5772 curve 0.8108 ms
cell storage 90 tets 444 knots 166 geometry 0.4506 curve 0.6054 ms
cell storage 105 tets 581 knots 205 geometry 0.9517 curve 1.1248 ms
cell storage 106 tets 403 knots 144 geometry 0.3401 curve 0.5205 ms
liquid phase solid storage 11.895211 ms
liquid phase surface step 2.388103 ms
liquid phase loading 4.982624 ms
liquid phase containers/connections/parcels 4.168227 ms
cell storage 89 tets 526 knots 193 geometry 0.7593 curve 0.7282 ms
cell storage 90 tets 456 knots 168 geometry 0.3816 curve 0.5907 ms
cell storage 105 tets 604 knots 215 geometry 0.4669 curve 0.9327 ms
cell storage 106 tets 407 knots 148 geometry 0.5545 curve 0.7567 ms
liquid phase solid storage 9.916751 ms
liquid phase surface step 1.688764 ms
liquid phase loading 5.543166 ms
liquid phase containers/connections/parcels 3.239594 ms
cell storage 89 tets 538 knots 197 geometry 0.6017 curve 0.8749 ms
cell storage 90 tets 456 knots 169 geometry 0.5753 curve 0.8640 ms
cell storage 105 tets 608 knots 210 geometry 0.7998 curve 0.9047 ms
cell storage 106 tets 407 knots 148 geometry 0.3365 curve 0.5310 ms
liquid phase solid storage 10.780692 ms
liquid phase surface step 1.386429 ms
liquid phase loading 5.675260 ms
liquid phase containers/connections/parcels 3.253627 ms
cell storage 89 tets 546 knots 200 geometry 0.5209 curve 0.7970 ms
cell storage 90 tets 468 knots 173 geometry 0.6048 curve 0.9010 ms
cell storage 105 tets 585 knots 209 geometry 0.7430 curve 1.1455 ms
cell storage 106 tets 407 knots 150 geometry 0.5759 curve 0.6335 ms
liquid phase solid storage 12.050786 ms
liquid phase surface step 3.001989 ms
liquid phase loading 8.571430 ms
liquid phase containers/connections/parcels 5.430668 ms
cell storage 89 tets 566 knots 205 geometry 1.1640 curve 1.0937 ms
cell storage 90 tets 476 knots 176 geometry 0.8263 curve 0.9539 ms
cell storage 105 tets 585 knots 206 geometry 1.0213 curve 1.1893 ms
cell storage 106 tets 415 knots 152 geometry 0.6966 curve 0.8270 ms
liquid phase solid storage 16.167306 ms
liquid phase surface step 3.154521 ms
liquid phase loading 9.159957 ms
liquid phase containers/connections/parcels 5.562439 ms
cell storage 89 tets 555 knots 202 geometry 1.2558 curve 1.1913 ms
cell storage 90 tets 457 knots 169 geometry 0.8600 curve 0.9078 ms
cell storage 105 tets 597 knots 208 geometry 0.9775 curve 1.2208 ms
cell storage 106 tets 431 knots 158 geometry 0.7186 curve 0.8056 ms
liquid phase solid storage 16.191855 ms
liquid phase surface step 3.131877 ms
liquid phase loading 12.764697 ms
liquid phase containers/connections/parcels 3.488841 ms
cell storage 89 tets 554 knots 203 geometry 0.5553 curve 0.8708 ms
cell storage 90 tets 440 knots 166 geometry 0.4383 curve 0.7096 ms
cell storage 105 tets 529 knots 191 geometry 0.4947 curve 0.8604 ms
cell storage 106 tets 294 knots 119 geometry 0.3843 curve 0.4396 ms
liquid phase solid storage 11.669091 ms
liquid phase surface step 2.581133 ms
liquid phase loading 7.593409 ms
liquid phase containers/connections/parcels 4.428193 ms
cell storage 89 tets 554 knots 203 geometry 0.8765 curve 1.0966 ms
cell storage 90 tets 440 knots 168 geometry 0.5948 curve 0.7716 ms
cell storage 105 tets 541 knots 193 geometry 0.6965 curve 1.1060 ms
cell storage 106 tets 294 knots 120 geometry 0.4437 curve 0.5557 ms
liquid phase solid storage 11.938682 ms
liquid phase surface step 2.150767 ms
liquid phase loading 7.293735 ms
liquid phase containers/connections/parcels 0.505244 ms
cell storage 89 tets 554 knots 206 geometry 0.8480 curve 1.1470 ms
cell storage 90 tets 421 knots 163 geometry 0.5975 curve 0.7729 ms
cell storage 105 tets 541 knots 194 geometry 0.6387 curve 1.0984 ms
cell storage 106 tets 294 knots 120 geometry 0.4336 curve 0.5574 ms
liquid phase solid storage 11.486380 ms
liquid phase surface step 2.122411 ms
liquid phase loading 7.554611 ms
liquid phase containers/connections/parcels 0.532353 ms
cell storage 89 tets 562 knots 208 geometry 0.5900 curve 1.2117 ms
cell storage 90 tets 387 knots 151 geometry 0.5922 curve 0.8251 ms
cell storage 105 tets 541 knots 192 geometry 0.7377 curve 1.1637 ms
cell storage 106 tets 294 knots 119 geometry 0.4537 curve 0.5938 ms
liquid phase solid storage 12.244259 ms
liquid phase surface step 2.239634 ms
liquid phase loading 7.674601 ms
liquid phase containers/connections/parcels 0.536994 ms
cell storage 89 tets 551 knots 207 geometry 0.9024 curve 1.2568 ms
cell storage 90 tets 387 knots 151 geometry 0.5566 curve 0.7873 ms
cell storage 105 tets 541 knots 196 geometry 0.7258 curve 1.1288 ms
cell storage 106 tets 282 knots 115 geometry 0.4434 curve 0.5558 ms
liquid phase solid storage 11.997109 ms
liquid phase surface step 2.265988 ms
liquid phase loading 7.323376 ms
liquid phase containers/connections/parcels 0.500855 ms
cell storage 89 tets 551 knots 205 geometry 0.8132 curve 1.1193 ms
cell storage 90 tets 387 knots 151 geometry 0.5262 curve 0.7553 ms
cell storage 105 tets 541 knots 196 geometry 0.6891 curve 1.1064 ms
cell storage 106 tets 286 knots 117 geometry 0.4132 curve 0.5273 ms
liquid phase solid storage 11.617279 ms
liquid phase surface step 2.160444 ms
liquid phase loading 7.500392 ms
liquid phase containers/connections/parcels 0.504575 ms
cell storage 89 tets 482 knots 183 geometry 0.6516 curve 0.8194 ms
cell storage 90 tets 367 knots 144 geometry 0.3155 curve 0.4777 ms
cell storage 105 tets 537 knots 195 geometry 0.4066 curve 0.7193 ms
cell storage 106 tets 286 knots 116 geometry 0.2508 curve 0.3745 ms
liquid phase solid storage 9.343271 ms
liquid phase surface step 2.136592 ms
liquid phase loading 7.477035 ms
liquid phase containers/connections/parcels 0.478583 ms
cell storage 89 tets 482 knots 186 geometry 0.7745 curve 0.9804 ms
cell storage 90 tets 371 knots 146 geometry 0.5390 curve 0.7249 ms
cell storage 105 tets 495 knots 183 geometry 0.7105 curve 0.8082 ms
cell storage 106 tets 286 knots 116 geometry 0.5437 curve 0.3615 ms
liquid phase solid storage 10.225777 ms
liquid phase surface step 1.467759 ms
liquid phase loading 4.795613 ms
liquid phase containers/connections/parcels 0.288666 ms
cell storage 89 tets 482 knots 184 geometry 0.4490 curve 0.6632 ms
cell storage 90 tets 398 knots 153 geometry 0.3404 curve 0.4917 ms
cell storage 105 tets 472 knots 176 geometry 0.4416 curve 0.6520 ms
cell storage 106 tets 298 knots 119 geometry 0.3336 curve 0.3932 ms
liquid phase solid storage 7.366159 ms
liquid phase surface step 1.479718 ms
liquid phase loading 4.555453 ms
liquid phase containers/connections/parcels 0.280110 ms
cell storage 89 tets 482 knots 184 geometry 0.4303 curve 0.6984 ms
cell storage 90 tets 398 knots 153 geometry 0.3465 curve 0.5344 ms
cell storage 105 tets 472 knots 177 geometry 0.3902 curve 0.6745 ms
cell storage 106 tets 298 knots 119 geometry 0.3437 curve 0.4946 ms
liquid phase solid storage 7.595233 ms
liquid phase surface step 1.367882 ms
liquid phase loading 4.683481 ms
liquid phase containers/connections/parcels 0.499319 ms
cell storage 89 tets 498 knots 190 geometry 0.7017 curve 0.9600 ms
cell storage 90 tets 367 knots 142 geometry 0.4726 curve 0.6410 ms
cell storage 105 tets 480 knots 177 geometry 0.5811 curve 0.9058 ms
cell storage 106 tets 298 knots 119 geometry 0.3795 curve 0.5341 ms
liquid phase solid storage 10.513209 ms
liquid phase surface step 2.228378 ms
liquid phase loading 6.879342 ms
liquid phase containers/connections/parcels 0.473168 ms
cell storage 89 tets 513 knots 195 geometry 0.7805 curve 1.0572 ms
cell storage 90 tets 367 knots 143 geometry 0.4990 curve 0.6952 ms
cell storage 105 tets 480 knots 176 geometry 0.5917 curve 0.6478 ms
cell storage 106 tets 298 knots 119 geometry 0.2607 curve 0.3841 ms
liquid phase solid storage 9.085415 ms
liquid phase surface step 1.452359 ms
liquid phase loading 4.249602 ms
liquid phase containers/connections/parcels 0.279944 ms
cell storage 89 tets 540 knots 203 geometry 0.4735 curve 0.7599 ms
cell storage 90 tets 371 knots 143 geometry 0.3183 curve 0.4798 ms
cell storage 105 tets 492 knots 178 geometry 0.4497 curve 0.7321 ms
cell storage 106 tets 298 knots 120 geometry 0.3105 curve 0.3724 ms
liquid phase solid storage 7.331264 ms
liquid phase surface step 1.364655 ms
liquid phase loading 4.107220 ms
liquid phase containers/connections/parcels 0.494160 ms
cell storage 89 tets 540 knots 204 geometry 0.4914 curve 0.7980 ms
cell storage 90 tets 371 knots 143 geometry 0.3010 curve 0.4668 ms
cell storage 105 tets 503 knots 181 geometry 0.4165 curve 0.6445 ms
cell storage 106 tets 298 knots 120 geometry 0.2675 curve 0.3589 ms
liquid phase solid storage 7.551972 ms
liquid phase surface step 1.360467 ms
liquid phase loading 4.401207 ms
liquid phase containers/connections/parcels 0.283827 ms
cell storage 89 tets 548 knots 205 geometry 0.4508 curve 0.7792 ms
cell storage 90 tets 367 knots 143 geometry 0.4532 curve 0.4632 ms
cell storage 105 tets 580 knots 203 geometry 0.4445 curve 0.7649 ms
cell storage 106 tets 294 knots 118 geometry 0.2713 curve 0.3654 ms
liquid phase solid storage 7.531764 ms
liquid phase surface step 1.391202 ms
liquid phase loading 4.357979 ms
liquid phase containers/connections/parcels 0.294397 ms
cell storage 89 tets 548 knots 205 geometry 0.4669 curve 0.9797 ms
cell storage 90 tets 379 knots 147 geometry 0.3171 curve 0.5476 ms
cell storage 105 tets 602 knots 210 geometry 0.4778 curve 0.8522 ms
cell storage 106 tets 294 knots 118 geometry 0.2528 curve 0.3801 ms
liquid phase solid storage 7.327903 ms
liquid phase surface step 1.569431 ms
liquid phase loading 4.084031 ms
liquid phase containers/connections/parcels 0.279116 ms
cell storage 89 tets 556 knots 209 geometry 0.4991 curve 0.7948 ms
cell storage 90 tets 379 knots 148 geometry 0.3008 curve 0.5063 ms
cell storage 105 tets 590 knots 205 geometry 0.4565 curve 0.9744 ms
cell storage 106 tets 294 knots 120 geometry 0.3261 curve 0.3740 ms
liquid phase solid storage 7.450620 ms
liquid phase surface step 1.484387 ms
liquid phase loading 4.316640 ms
liquid phase containers/connections/parcels 0.328031 ms
cell storage 89 tets 556 knots 205 geometry 0.4619 curve 0.9092 ms
cell storage 90 tets 383 knots 146 geometry 0.3123 curve 0.5421 ms
cell storage 105 tets 578 knots 204 geometry 0.4979 curve 0.8682 ms
cell storage 106 tets 275 knots 113 geometry 0.2884 curve 0.4010 ms
liquid phase solid storage 7.512272 ms
liquid phase surface step 1.330702 ms
liquid phase loading 4.290870 ms
liquid phase containers/connections/parcels 0.526144 ms
cell storage 89 tets 556 knots 207 geometry 0.4623 curve 0.7663 ms
cell storage 90 tets 383 knots 146 geometry 0.2996 curve 0.5529 ms
cell storage 105 tets 578 knots 204 geometry 0.4992 curve 0.7651 ms
cell storage 106 tets 275 knots 113 geometry 0.2683 curve 0.3334 ms
liquid phase solid storage 7.372463 ms
liquid phase surface step 1.402288 ms
liquid phase loading 4.552803 ms
liquid phase containers/connections/parcels 0.332029 ms
cell storage 89 tets 556 knots 209 geometry 0.4728 curve 0.8919 ms
cell storage 90 tets 383 knots 146 geometry 0.3671 curve 0.4839 ms
cell storage 105 tets 586 knots 205 geometry 0.4753 curve 0.8395 ms
cell storage 106 tets 275 knots 113 geometry 0.2463 curve 0.3539 ms
liquid phase solid storage 7.674526 ms
liquid phase surface step 1.356759 ms
liquid phase loading 4.142790 ms
liquid phase containers/connections/parcels 0.288246 ms
cell storage 89 tets 548 knots 202 geometry 0.4908 curve 0.9731 ms
cell storage 90 tets 379 knots 148 geometry 0.3276 curve 0.5110 ms
cell storage 105 tets 582 knots 205 geometry 0.5313 curve 0.8021 ms
cell storage 106 tets 275 knots 113 geometry 0.3089 curve 0.3338 ms
liquid phase solid storage 7.434566 ms
liquid phase surface step 1.485364 ms
liquid phase loading 4.492913 ms
liquid phase containers/connections/parcels 0.338540 ms
cell storage 89 tets 548 knots 201 geometry 0.4604 curve 0.7554 ms
cell storage 90 tets 379 knots 145 geometry 0.3243 curve 0.4772 ms
cell storage 105 tets 598 knots 207 geometry 0.4593 curve 0.9194 ms
cell storage 106 tets 275 knots 113 geometry 0.2501 curve 0.3352 ms
liquid phase solid storage 7.322971 ms
liquid phase surface step 1.757173 ms
liquid phase loading 4.035986 ms
liquid phase containers/connections/parcels 0.317503 ms
cell storage 89 tets 548 knots 202 geometry 0.5084 curve 0.7534 ms
cell storage 90 tets 379 knots 145 geometry 0.3217 curve 0.5024 ms
cell storage 105 tets 591 knots 207 geometry 0.6134 curve 0.9292 ms
cell storage 106 tets 260 knots 108 geometry 0.2629 curve 0.3137 ms
liquid phase solid storage 7.523268 ms
liquid phase surface step 1.316768 ms
liquid phase loading 4.102262 ms
liquid phase containers/connections/parcels 0.625608 ms
cell storage 89 tets 548 knots 203 geometry 0.4876 curve 0.7962 ms
cell storage 90 tets 379 knots 146 geometry 0.3265 curve 0.4833 ms
cell storage 105 tets 465 knots 174 geometry 0.3710 curve 0.6028 ms
cell storage 106 tets 260 knots 109 geometry 0.2711 curve 0.3146 ms
liquid phase solid storage 6.897807 ms
liquid phase surface step 1.371805 ms
liquid phase loading 4.353682 ms
liquid phase containers/connections/parcels 0.312430 ms
cell storage 89 tets 529 knots 196 geometry 0.6880 curve 0.8290 ms
cell storage 90 tets 379 knots 145 geometry 0.3422 curve 0.5050 ms
cell storage 105 tets 452 knots 159 geometry 0.3367 curve 0.5987 ms
cell storage 106 tets 302 knots 119 geometry 0.2659 curve 0.3956 ms
liquid phase solid storage 7.625365 ms
liquid phase surface step 1.349112 ms
liquid phase loading 6.769695 ms
liquid phase containers/connections/parcels 0.326697 ms
cell storage 89 tets 529 knots 197 geometry 0.4474 curve 0.7953 ms
cell storage 90 tets 379 knots 145 geometry 0.3742 curve 0.4887 ms
cell storage 105 tets 464 knots 161 geometry 0.3648 curve 0.6406 ms
cell storage 106 tets 302 knots 119 geometry 0.2659 curve 0.3938 ms
liquid phase solid storage 6.889159 ms
liquid phase surface step 1.374664 ms
liquid phase loading 3.997891 ms
liquid phase containers/connections/parcels 0.310520 ms
cell storage 89 tets 529 knots 196 geometry 0.4692 curve 0.8107 ms
cell storage 90 tets 379 knots 145 geometry 0.3586 curve 0.5494 ms
cell storage 105 tets 458 knots 163 geometry 0.3743 curve 0.5928 ms
cell storage 106 tets 314 knots 123 geometry 0.2668 curve 0.4090 ms
liquid phase solid storage 6.872160 ms
liquid phase surface step 1.462513 ms
liquid phase loading 3.795485 ms
liquid phase containers/connections/parcels 0.286944 ms
cell storage 89 tets 537 knots 199 geometry 0.4511 curve 0.7614 ms
cell storage 90 tets 379 knots 145 geometry 0.3142 curve 0.5025 ms
cell storage 105 tets 458 knots 162 geometry 0.3491 curve 0.6164 ms
cell storage 106 tets 322 knots 123 geometry 0.3270 curve 0.4208 ms
liquid phase solid storage 6.848724 ms
liquid phase surface step 1.361868 ms
liquid phase loading 3.825333 ms
liquid phase containers/connections/parcels 0.300802 ms
cell storage 89 tets 537 knots 199 geometry 0.4996 curve 0.7662 ms
cell storage 90 tets 348 knots 137 geometry 0.2828 curve 0.4507 ms
cell storage 105 tets 466 knots 164 geometry 0.3951 curve 0.7006 ms
cell storage 106 tets 350 knots 131 geometry 0.2743 curve 0.4615 ms
liquid phase solid storage 6.947277 ms
liquid phase surface step 1.443495 ms
liquid phase loading 3.761207 ms
liquid phase containers/connections/parcels 0.278396 ms
cell storage 89 tets 537 knots 200 geometry 0.4892 curve 0.7868 ms
cell storage 90 tets 348 knots 137 geometry 0.2988 curve 0.4578 ms
cell storage 105 tets 464 knots 167 geometry 0.4840 curve 0.7893 ms
cell storage 106 tets 335 knots 129 geometry 0.3350 curve 0.4382 ms
liquid phase solid storage 7.470929 ms
liquid phase surface step 1.437350 ms
liquid phase loading 3.699904 ms
liquid phase containers/connections/parcels 0.279031 ms
cell storage 89 tets 529 knots 196 geometry 0.4875 curve 0.7890 ms
cell storage 90 tets 348 knots 137 geometry 0.2862 curve 0.4599 ms
cell storage 105 tets 460 knots 166 geometry 0.3829 curve 0.6355 ms
cell storage 106 tets 335 knots 127 geometry 0.2657 curve 0.4318 ms
liquid phase solid storage 6.913245 ms
liquid phase surface step 1.377245 ms
liquid phase loading 4.136191 ms
liquid phase containers/connections/parcels 0.296259 ms
cell storage 89 tets 537 knots 200 geometry 0.4530 curve 0.7832 ms
cell storage 90 tets 356 knots 138 geometry 0.3114 curve 0.4844 ms
cell storage 105 tets 460 knots 167 geometry 0.3857 curve 0.5932 ms
cell storage 106 tets 335 knots 127 geometry 0.2628 curve 0.4391 ms
liquid phase solid storage 7.033829 ms
liquid phase surface step 1.644412 ms
liquid phase loading 4.323411 ms
liquid phase containers/connections/parcels 0.282623 ms
cell storage 89 tets 537 knots 202 geometry 0.4516 curve 0.7539 ms
cell storage 90 tets 356 knots 138 geometry 0.2861 curve 0.4721 ms
cell storage 105 tets 452 knots 165 geometry 0.3586 curve 0.6448 ms
cell storage 106 tets 335 knots 127 geometry 0.4191 curve 0.4530 ms
liquid phase solid storage 7.105862 ms
liquid phase surface step 1.875899 ms
liquid phase loading 3.906740 ms
liquid phase containers/connections/parcels 0.305408 ms
cell storage 89 tets 533 knots 204 geometry 0.5984 curve 0.7508 ms
cell storage 90 tets 356 knots 140 geometry 0.3136 curve 0.5283 ms
cell storage 105 tets 471 knots 168 geometry 0.3876 curve 0.6801 ms
cell storage 106 tets 335 knots 127 geometry 0.5478 curve 0.5969 ms
liquid phase solid storage 7.927799 ms
liquid phase surface step 1.399732 ms
liquid phase loading 4.063964 ms
liquid phase containers/connections/parcels 0.350175 ms
cell storage 89 tets 533 knots 200 geometry 0.4768 curve 0.7217 ms
cell storage 90 tets 356 knots 138 geometry 0.3305 curve 0.4401 ms
cell storage 105 tets 471 knots 168 geometry 0.3916 curve 0.6114 ms
cell storage 106 tets 335 knots 127 geometry 0.2807 curve 0.4209 ms
liquid phase solid storage 7.570230 ms
liquid phase surface step 1.768170 ms
liquid phase loading 4.138985 ms
liquid phase containers/connections/parcels 0.281821 ms
cell storage 89 tets 533 knots 200 geometry 0.4618 curve 0.8814 ms
cell storage 90 tets 360 knots 140 geometry 0.3002 curve 0.4731 ms
cell storage 105 tets 471 knots 170 geometry 0.4004 curve 0.6412 ms
cell storage 106 tets 335 knots 127 geometry 0.2665 curve 0.4562 ms
liquid phase solid storage 7.413535 ms
liquid phase surface step 1.358168 ms
liquid phase loading 4.416059 ms
liquid phase containers/connections/parcels 0.286795 ms
cell storage 89 tets 533 knots 199 geometry 0.4671 curve 0.7992 ms
cell storage 90 tets 387 knots 148 geometry 0.4973 curve 0.7590 ms
cell storage 105 tets 471 knots 168 geometry 0.3927 curve 0.6130 ms
cell storage 106 tets 335 knots 127 geometry 0.2802 curve 0.4197 ms
liquid phase solid storage 7.634339 ms
liquid phase surface step 1.461933 ms
liquid phase loading 4.362449 ms
liquid phase containers/connections/parcels 0.280341 ms
cell storage 89 tets 533 knots 201 geometry 0.5210 curve 0.7324 ms
cell storage 90 tets 387 knots 147 geometry 0.2954 curve 0.5156 ms
cell storage 105 tets 471 knots 170 geometry 0.4140 curve 0.6612 ms
cell storage 106 tets 350 knots 131 geometry 0.2823 curve 0.4762 ms
liquid phase solid storage 6.830554 ms
liquid phase surface step 1.749636 ms
liquid phase loading 3.926803 ms
liquid phase containers/connections/parcels 0.310741 ms
cell storage 89 tets 533 knots 202 geometry 0.4722 curve 0.7488 ms
cell storage 90 tets 387 knots 148 geometry 0.3216 curve 0.4849 ms
cell storage 105 tets 471 knots 168 geometry 0.3996 curve 0.6303 ms
cell storage 106 tets 350 knots 130 geometry 0.2849 curve 0.5014 ms
liquid phase solid storage 7.290501 ms
liquid phase surface step 1.443595 ms
liquid phase loading 4.244486 ms
liquid phase containers/connections/parcels 0.280124 ms
cell storage 89 tets 573 knots 209 geometry 0.7118 curve 0.9864 ms
cell storage 90 tets 402 knots 154 geometry 0.3420 curve 0.5035 ms
cell storage 105 tets 475 knots 169 geometry 0.3894 curve 0.6993 ms
cell storage 106 tets 350 knots 131 geometry 0.3093 curve 0.4313 ms
liquid phase solid storage 7.715689 ms
liquid phase surface step 1.380373 ms
liquid phase loading 4.348984 ms
liquid phase containers/connections/parcels 0.279453 ms
cell storage 89 tets 573 knots 207 geometry 0.4577 curve 0.8500 ms
cell storage 90 tets 402 knots 152 geometry 0.4783 curve 0.5391 ms
cell storage 105 tets 490 knots 176 geometry 0.3963 curve 0.6618 ms
cell storage 106 tets 346 knots 131 geometry 0.3703 curve 0.5916 ms
liquid phase solid storage 7.894723 ms
liquid phase surface step 1.424936 ms
liquid phase loading 4.277028 ms
liquid phase containers/connections/parcels 0.322068 ms
cell storage 89 tets 565 knots 206 geometry 0.4744 curve 0.7856 ms
cell storage 90 tets 402 knots 153 geometry 0.3953 curve 0.7481 ms
cell storage 105 tets 478 knots 174 geometry 0.3745 curve 0.6446 ms
cell storage 106 tets 346 knots 130 geometry 0.3403 curve 0.4895 ms
liquid phase solid storage 7.574105 ms
liquid phase surface step 1.571530 ms
liquid phase loading 4.015051 ms
liquid phase containers/connections/parcels 0.319660 ms
cell storage 89 tets 577 knots 209 geometry 0.4692 curve 0.7893 ms
cell storage 90 tets 405 knots 152 geometry 0.3214 curve 0.5684 ms
cell storage 105 tets 478 knots 175 geometry 0.3685 curve 0.6632 ms
cell storage 106 tets 369 knots 137 geometry 0.2769 curve 0.6046 ms
liquid phase solid storage 7.381511 ms
liquid phase surface step 1.903081 ms
liquid phase loading 3.983092 ms
liquid phase containers/connections/parcels 0.321572 ms
cell storage 89 tets 577 knots 213 geometry 0.4603 curve 0.8599 ms
cell storage 90 tets 409 knots 153 geometry 0.3233 curve 0.5366 ms
cell storage 105 tets 478 knots 175 geometry 0.3665 curve 0.6867 ms
cell storage 106 tets 383 knots 143 geometry 0.6188 curve 0.6543 ms
liquid phase solid storage 7.560502 ms
liquid phase surface step 1.433604 ms
liquid phase loading 4.452744 ms
liquid phase containers/connections/parcels 0.346724 ms
cell storage 89 tets 597 knots 216 geometry 0.8198 curve 0.8440 ms
cell storage 90 tets 423 knots 157 geometry 0.3460 curve 0.6018 ms
cell storage 105 tets 478 knots 174 geometry 0.3972 curve 0.6147 ms
cell storage 106 tets 379 knots 142 geometry 0.3291 curve 0.4893 ms
liquid phase solid storage 8.009929 ms
liquid phase surface step 1.418176 ms
liquid phase loading 4.216840 ms
liquid phase containers/connections/parcels 0.279921 ms
cell storage 89 tets 590 knots 213 geometry 0.4405 curve 0.8862 ms
cell storage 90 tets 374 knots 141 geometry 0.3153 curve 0.4821 ms
cell storage 105 tets 512 knots 184 geometry 0.5391 curve 0.7377 ms
cell storage 106 tets 375 knots 143 geometry 0.3142 curve 0.4869 ms
liquid phase solid storage 7.207870 ms
liquid phase surface step 1.415281 ms
liquid phase loading 4.150115 ms
liquid phase containers/connections/parcels 0.310086 ms
cell storage 89 tets 582 knots 213 geometry 0.4889 curve 0.7845 ms
cell storage 90 tets 366 knots 138 geometry 0.3414 curve 0.5232 ms
cell storage 105 tets 496 knots 182 geometry 0.4001 curve 0.6431 ms
cell storage 106 tets 375 knots 142 geometry 0.3094 curve 0.4813 ms
liquid phase solid storage 6.743252 ms
liquid phase surface step 1.410130 ms
liquid phase loading 4.035889 ms
liquid phase containers/connections/parcels 0.591784 ms
cell storage 89 tets 628 knots 223 geometry 0.4824 curve 0.9200 ms
cell storage 90 tets 354 knots 135 geometry 0.3035 curve 0.4637 ms
cell storage 105 tets 507 knots 184 geometry 0.3874 curve 0.7471 ms
cell storage 106 tets 355 knots 135 geometry 0.3508 curve 0.5172 ms
liquid phase solid storage 7.148949 ms
liquid phase surface step 1.385963 ms
liquid phase loading 5.413338 ms
liquid phase containers/connections/parcels 0.405011 ms
cell storage 89 tets 624 knots 225 geometry 0.5016 curve 0.8774 ms
cell storage 90 tets 356 knots 134 geometry 0.3554 curve 0.5377 ms
cell storage 105 tets 511 knots 182 geometry 0.4332 curve 0.9217 ms
cell storage 106 tets 371 knots 137 geometry 0.4426 curve 0.5441 ms
liquid phase solid storage 7.836227 ms
liquid phase surface step 1.327873 ms
liquid phase loading 4.173124 ms
liquid phase containers/connections/parcels 0.526801 ms
cell storage 89 tets 666 knots 234 geometry 0.5289 curve 1.0154 ms
cell storage 90 tets 368 knots 136 geometry 0.3250 curve 0.4734 ms
cell storage 105 tets 503 knots 180 geometry 0.3842 curve 0.6506 ms
cell storage 106 tets 371 knots 137 geometry 0.2947 curve 0.6779 ms
liquid phase solid storage 7.637794 ms
liquid phase surface step 1.377942 ms
liquid phase loading 4.797447 ms
liquid phase containers/connections/parcels 0.279773 ms
cell storage 89 tets 666 knots 237 geometry 0.7081 curve 0.9256 ms
cell storage 90 tets 392 knots 143 geometry 0.3484 curve 0.5178 ms
cell storage 105 tets 507 knots 181 geometry 0.4017 curve 0.6929 ms
cell storage 106 tets 371 knots 137 geometry 0.3357 curve 0.5018 ms
liquid phase solid storage 7.419483 ms
liquid phase surface step 1.371987 ms
liquid phase loading 4.566454 ms
liquid phase containers/connections/parcels 0.295412 ms
cell storage 89 tets 674 knots 237 geometry 0.8230 curve 1.0545 ms
cell storage 90 tets 377 knots 137 geometry 0.3518 curve 0.4683 ms
cell storage 105 tets 507 knots 181 geometry 0.4179 curve 0.7554 ms
cell storage 106 tets 371 knots 138 geometry 0.3007 curve 0.4989 ms
liquid phase solid storage 7.711045 ms
liquid phase surface step 1.505304 ms
liquid phase loading 4.283720 ms
liquid phase containers/connections/parcels 0.278897 ms
cell storage 89 tets 682 knots 239 geometry 0.5038 curve 0.9418 ms
cell storage 90 tets 409 knots 143 geometry 0.3202 curve 0.5241 ms
cell storage 105 tets 503 knots 182 geometry 0.5194 curve 0.6672 ms
cell storage 106 tets 375 knots 138 geometry 0.3296 curve 0.5007 ms
liquid phase solid storage 7.673294 ms
liquid phase surface step 1.403261 ms
liquid phase loading 4.815867 ms
liquid phase containers/connections/parcels 0.282471 ms
cell storage 89 tets 701 knots 244 geometry 0.5500 curve 1.1474 ms
cell storage 90 tets 371 knots 137 geometry 0.6303 curve 0.6759 ms
cell storage 105 tets 537 knots 192 geometry 0.8855 curve 0.8409 ms
cell storage 106 tets 375 knots 137 geometry 0.3345 curve 0.4660 ms
liquid phase solid storage 8.866837 ms
liquid phase surface step 1.362780 ms
liquid phase loading 4.327877 ms
liquid phase containers/connections/parcels 0.279496 ms
cell storage 89 tets 669 knots 242 geometry 0.5059 curve 0.9753 ms
cell storage 90 tets 363 knots 128 geometry 0.3408 curve 0.5118 ms
cell storage 105 tets 537 knots 194 geometry 0.4409 curve 0.7526 ms
cell storage 106 tets 367 knots 134 geometry 0.3212 curve 0.4815 ms
liquid phase solid storage 7.180263 ms
liquid phase surface step 1.433303 ms
liquid phase loading 4.369231 ms
liquid phase containers/connections/parcels 0.284877 ms
cell storage 89 tets 645 knots 237 geometry 0.5801 curve 0.9653 ms
cell storage 90 tets 305 knots 114 geometry 0.2930 curve 0.4154 ms
cell storage 105 tets 537 knots 196 geometry 0.8669 curve 0.7838 ms
cell storage 106 tets 355 knots 132 geometry 0.3048 curve 0.4491 ms
liquid phase solid storage 7.402822 ms
liquid phase surface step 1.314121 ms
liquid phase loading 4.229619 ms
liquid phase containers/connections/parcels 0.344717 ms
cell storage 89 tets 645 knots 234 geometry 0.5461 curve 0.9357 ms
cell storage 90 tets 290 knots 109 geometry 0.2630 curve 0.3650 ms
cell storage 105 tets 537 knots 194 geometry 0.4091 curve 0.7181 ms
cell storage 106 tets 355 knots 131 geometry 0.2939 curve 0.5555 ms
liquid phase solid storage 6.833167 ms
liquid phase surface step 1.423792 ms
liquid phase loading 4.271098 ms
liquid phase containers/connections/parcels 0.280536 ms
cell storage 89 tets 645 knots 236 geometry 0.4956 curve 0.9807 ms
cell storage 90 tets 290 knots 109 geometry 0.2699 curve 0.3797 ms
cell storage 105 tets 537 knots 196 geometry 0.4073 curve 0.7334 ms
cell storage 106 tets 315 knots 126 geometry 0.2981 curve 0.4228 ms
liquid phase solid storage 7.248764 ms
liquid phase surface step 1.384156 ms
liquid phase loading 4.550288 ms
liquid phase containers/connections/parcels 0.293925 ms
cell storage 88 tets 179 knots 85 geometry 0.1686 curve 0.2298 ms
cell storage 89 tets 661 knots 238 geometry 0.5173 curve 1.1846 ms
cell storage 90 tets 230 knots 93 geometry 0.2401 curve 0.2706 ms
cell storage 105 tets 565 knots 204 geometry 0.4451 curve 0.7587 ms
cell storage 106 tets 305 knots 122 geometry 0.2694 curve 0.3744 ms
liquid phase solid storage 7.175826 ms
liquid phase surface step 1.508010 ms
liquid phase loading 4.355040 ms
liquid phase containers/connections/parcels 0.282041 ms
cell storage 88 tets 183 knots 86 geometry 0.1496 curve 0.2529 ms
cell storage 89 tets 639 knots 233 geometry 0.5395 curve 0.8728 ms
cell storage 90 tets 242 knots 96 geometry 0.2283 curve 0.2884 ms
cell storage 105 tets 565 knots 204 geometry 0.4400 curve 0.9036 ms
cell storage 106 tets 305 knots 121 geometry 0.2730 curve 0.4031 ms
liquid phase solid storage 6.988785 ms
liquid phase surface step 1.612515 ms
liquid phase loading 4.154636 ms
liquid phase containers/connections/parcels 0.390474 ms
cell storage 88 tets 183 knots 87 geometry 0.1733 curve 0.2328 ms
cell storage 89 tets 639 knots 236 geometry 0.5118 curve 0.9086 ms
cell storage 90 tets 261 knots 101 geometry 0.2532 curve 0.3334 ms
cell storage 105 tets 565 knots 204 geometry 0.4636 curve 1.0080 ms
cell storage 106 tets 305 knots 121 geometry 0.2928 curve 0.4067 ms
liquid phase solid storage 7.528240 ms
liquid phase surface step 1.339638 ms
liquid phase loading 4.077287 ms
liquid phase containers/connections/parcels 0.279483 ms
cell storage 88 tets 183 knots 86 geometry 0.3366 curve 0.3184 ms
cell storage 89 tets 639 knots 232 geometry 0.5660 curve 0.8821 ms
cell storage 90 tets 261 knots 101 geometry 0.2444 curve 0.3211 ms
cell storage 105 tets 561 knots 203 geometry 0.4322 curve 0.7977 ms
cell storage 106 tets 297 knots 118 geometry 0.2699 curve 0.3557 ms
liquid phase solid storage 7.605543 ms
liquid phase surface step 1.360310 ms
liquid phase loading 4.305005 ms
liquid phase containers/connections/parcels 0.363717 ms
cell storage 88 tets 183 knots 86 geometry 0.1852 curve 0.2333 ms
cell storage 89 tets 639 knots 234 geometry 0.9733 curve 1.1402 ms
cell storage 90 tets 261 knots 101 geometry 0.2691 curve 0.3289 ms
cell storage 105 tets 561 knots 205 geometry 0.4453 curve 0.7764 ms
cell storage 106 tets 297 knots 119 geometry 0.2652 curve 0.3809 ms
liquid phase solid storage 8.560194 ms
liquid phase surface step 1.334814 ms
liquid phase loading 4.067210 ms
liquid phase containers/connections/parcels 0.279686 ms
cell storage 88 tets 183 knots 86 geometry 0.1558 curve 0.2535 ms
cell storage 89 tets 639 knots 235 geometry 0.4926 curve 1.0880 ms
cell storage 90 tets 261 knots 101 geometry 0.2679 curve 0.3374 ms
cell storage 105 tets 557 knots 203 geometry 0.4431 curve 0.7784 ms
cell storage 106 tets 293 knots 115 geometry 0.3053 curve 0.3876 ms
liquid phase solid storage 7.803884 ms
liquid phase surface step 1.389800 ms
liquid phase loading 4.479429 ms
liquid phase containers/connections/parcels 0.279904 ms
cell storage 88 tets 183 knots 86 geometry 0.2082 curve 0.2305 ms
cell storage 89 tets 639 knots 233 geometry 0.5136 curve 0.9216 ms
cell storage 90 tets 261 knots 103 geometry 0.2528 curve 0.3508 ms
cell storage 105 tets 573 knots 207 geometry 0.4534 curve 0.7794 ms
cell storage 106 tets 279 knots 111 geometry 0.2970 curve 0.4009 ms
liquid phase solid storage 8.206390 ms
liquid phase surface step 1.510122 ms
liquid phase loading 4.110551 ms
liquid phase containers/connections/parcels 0.469760 ms
cell storage 88 tets 183 knots 86 geometry 0.2736 curve 0.2467 ms
cell storage 89 tets 616 knots 227 geometry 0.5661 curve 1.2393 ms
cell storage 90 tets 261 knots 101 geometry 0.4005 curve 0.4212 ms
cell storage 105 tets 539 knots 198 geometry 0.4050 curve 0.7460 ms
cell storage 106 tets 260 knots 105 geometry 0.2418 curve 0.3186 ms
liquid phase solid storage 8.832467 ms
liquid phase surface step 1.623046 ms
liquid phase loading 4.176096 ms
liquid phase containers/connections/parcels 0.304822 ms
cell storage 88 tets 183 knots 86 geometry 0.1517 curve 0.2246 ms
cell storage 89 tets 606 knots 224 geometry 0.5230 curve 0.8833 ms
cell storage 90 tets 261 knots 101 geometry 0.4341 curve 0.4783 ms
cell storage 105 tets 539 knots 198 geometry 0.5383 curve 0.7890 ms
cell storage 106 tets 260 knots 105 geometry 0.3103 curve 0.3434 ms
liquid phase solid storage 8.178961 ms
liquid phase surface step 1.356602 ms
liquid phase loading 4.284879 ms
liquid phase containers/connections/parcels 0.555967 ms
cell storage 88 tets 183 knots 86 geometry 0.1867 curve 0.2762 ms
cell storage 89 tets 598 knots 225 geometry 0.5214 curve 1.0326 ms
cell storage 90 tets 261 knots 101 geometry 0.2765 curve 0.4335 ms
cell storage 105 tets 539 knots 196 geometry 0.4237 curve 0.8437 ms
cell storage 106 tets 256 knots 105 geometry 0.2393 curve 0.3572 ms
liquid phase solid storage 8.501566 ms
liquid phase surface step 1.665549 ms
liquid phase loading 4.720846 ms
liquid phase containers/connections/parcels 0.301818 ms
cell storage 88 tets 183 knots 86 geometry 0.1513 curve 0.2648 ms
cell storage 89 tets 598 knots 227 geometry 0.5547 curve 0.9170 ms
cell storage 90 tets 261 knots 101 geometry 0.2484 curve 0.3497 ms
cell storage 105 tets 539 knots 197 geometry 0.4194 curve 0.7898 ms
cell storage 106 tets 256 knots 106 geometry 0.2466 curve 0.3351 ms
liquid phase solid storage 8.261350 ms
liquid phase surface step 1.520052 ms
liquid phase loading 5.481403 ms
PASS pouring moves retained water through conserved parcels
liquid phase containers/connections/parcels 0.362750 ms
cell storage 88 tets 183 knots 86 geometry 0.2340 curve 0.3017 ms
cell storage 89 tets 590 knots 223 geometry 0.5498 curve 0.8625 ms
cell storage 90 tets 261 knots 102 geometry 0.2497 curve 0.3244 ms
cell storage 105 tets 539 knots 196 geometry 0.5148 curve 0.7688 ms
cell storage 106 tets 256 knots 105 geometry 0.2786 curve 0.3259 ms
liquid phase solid storage 8.372670 ms
liquid phase surface step 1.392145 ms
liquid phase loading 4.703461 ms
liquid phase containers/connections/parcels 0.347585 ms
cell storage 88 tets 183 knots 86 geometry 0.1558 curve 0.2488 ms
cell storage 89 tets 617 knots 231 geometry 0.5180 curve 0.8520 ms
cell storage 90 tets 333 knots 124 geometry 0.2728 curve 0.4344 ms
cell storage 105 tets 566 knots 202 geometry 0.4218 curve 0.8124 ms
cell storage 106 tets 256 knots 105 geometry 0.2714 curve 0.3127 ms
liquid phase solid storage 7.997515 ms
liquid phase surface step 1.467330 ms
liquid phase loading 4.352942 ms
liquid phase containers/connections/parcels 0.287231 ms
cell storage 88 tets 183 knots 86 geometry 0.1564 curve 0.2284 ms
cell storage 89 tets 605 knots 229 geometry 0.5208 curve 1.0388 ms
cell storage 90 tets 333 knots 124 geometry 0.2817 curve 0.4036 ms
cell storage 105 tets 566 knots 202 geometry 0.4350 curve 0.7966 ms
cell storage 106 tets 256 knots 106 geometry 0.2352 curve 0.3430 ms
liquid phase solid storage 8.684265 ms
liquid phase surface step 1.601123 ms
liquid phase loading 4.412144 ms
liquid phase containers/connections/parcels 0.307218 ms
cell storage 88 tets 183 knots 86 geometry 0.2433 curve 0.2980 ms
cell storage 89 tets 605 knots 229 geometry 0.5163 curve 0.9796 ms
cell storage 90 tets 333 knots 126 geometry 0.3011 curve 0.4733 ms
cell storage 105 tets 570 knots 205 geometry 0.4427 curve 0.8574 ms
cell storage 106 tets 256 knots 106 geometry 0.2358 curve 0.3117 ms
liquid phase solid storage 8.178676 ms
liquid phase surface step 1.459056 ms
liquid phase loading 4.165736 ms
liquid phase containers/connections/parcels 0.316176 ms
cell storage 88 tets 183 knots 86 geometry 0.1582 curve 0.2296 ms
cell storage 89 tets 605 knots 229 geometry 0.5209 curve 0.8980 ms
cell storage 90 tets 349 knots 129 geometry 0.2740 curve 0.4349 ms
cell storage 105 tets 570 knots 202 geometry 0.4137 curve 0.8182 ms
cell storage 106 tets 272 knots 108 geometry 0.2271 curve 0.3892 ms
liquid phase solid storage 8.570621 ms
liquid phase surface step 1.452673 ms
liquid phase loading 4.611731 ms
liquid phase containers/connections/parcels 0.280672 ms
cell storage 88 tets 183 knots 86 geometry 0.2042 curve 0.3145 ms
cell storage 89 tets 605 knots 227 geometry 0.6100 curve 0.8442 ms
cell storage 90 tets 357 knots 129 geometry 0.2813 curve 0.4568 ms
cell storage 105 tets 578 knots 206 geometry 0.4491 curve 0.8419 ms
cell storage 106 tets 272 knots 108 geometry 0.4792 curve 0.3389 ms
liquid phase solid storage 8.292166 ms
liquid phase surface step 1.469794 ms
liquid phase loading 4.242219 ms
liquid phase containers/connections/parcels 0.290803 ms
cell storage 88 tets 183 knots 86 geometry 0.1910 curve 0.2295 ms
cell storage 89 tets 605 knots 227 geometry 0.5761 curve 0.8430 ms
cell storage 90 tets 369 knots 132 geometry 0.2716 curve 0.4765 ms
cell storage 105 tets 582 knots 206 geometry 0.4832 curve 1.0632 ms
cell storage 106 tets 272 knots 108 geometry 0.2579 curve 0.3601 ms
liquid phase solid storage 8.426860 ms
liquid phase surface step 1.409749 ms
liquid phase loading 4.330870 ms
liquid phase containers/connections/parcels 0.291553 ms
cell storage 88 tets 187 knots 87 geometry 0.2241 curve 0.3152 ms
cell storage 89 tets 605 knots 227 geometry 0.5242 curve 0.8493 ms
cell storage 90 tets 369 knots 133 geometry 0.3293 curve 0.4802 ms
cell storage 105 tets 582 knots 206 geometry 0.4855 curve 0.8239 ms
cell storage 106 tets 272 knots 108 geometry 0.3690 curve 0.4914 ms
liquid phase solid storage 8.615050 ms
liquid phase surface step 1.509789 ms
liquid phase loading 4.076792 ms
liquid phase containers/connections/parcels 0.279832 ms
cell storage 88 tets 187 knots 87 geometry 0.4060 curve 0.2628 ms
cell storage 89 tets 605 knots 228 geometry 0.4983 curve 0.8329 ms
cell storage 90 tets 377 knots 136 geometry 0.3084 curve 0.6317 ms
cell storage 105 tets 582 knots 204 geometry 0.4546 curve 0.7880 ms
cell storage 106 tets 272 knots 108 geometry 0.3168 curve 0.3986 ms
liquid phase solid storage 8.842112 ms
liquid phase surface step 1.385250 ms
liquid phase loading 4.706717 ms
liquid phase containers/connections/parcels 0.311859 ms
cell storage 88 tets 183 knots 86 geometry 0.1755 curve 0.2299 ms
cell storage 89 tets 605 knots 227 geometry 0.5180 curve 0.8313 ms
cell storage 90 tets 377 knots 136 geometry 0.2899 curve 0.4900 ms
cell storage 105 tets 574 knots 204 geometry 0.4863 curve 1.1313 ms
cell storage 106 tets 272 knots 109 geometry 0.2329 curve 0.3309 ms
liquid phase solid storage 8.583895 ms
liquid phase surface step 1.429082 ms
liquid phase loading 4.199264 ms
liquid phase containers/connections/parcels 0.409229 ms
cell storage 88 tets 183 knots 86 geometry 0.1694 curve 0.2214 ms
cell storage 89 tets 605 knots 229 geometry 0.5526 curve 0.9029 ms
cell storage 90 tets 377 knots 135 geometry 0.2996 curve 0.4872 ms
cell storage 105 tets 528 knots 190 geometry 0.4237 curve 0.8198 ms
cell storage 106 tets 272 knots 109 geometry 0.2697 curve 0.3388 ms
liquid phase solid storage 8.934900 ms
liquid phase surface step 1.873213 ms
liquid phase loading 5.768942 ms
liquid phase containers/connections/parcels 0.623280 ms
cell storage 88 tets 183 knots 86 geometry 0.2961 curve 0.2977 ms
cell storage 89 tets 597 knots 230 geometry 0.6496 curve 1.1668 ms
cell storage 90 tets 389 knots 140 geometry 0.3460 curve 0.5522 ms
cell storage 105 tets 528 knots 190 geometry 0.4101 curve 0.7046 ms
cell storage 106 tets 272 knots 109 geometry 0.2438 curve 0.3903 ms
liquid phase solid storage 10.112635 ms
liquid phase surface step 1.615288 ms
liquid phase loading 5.157453 ms
liquid phase containers/connections/parcels 0.463236 ms
cell storage 88 tets 179 knots 85 geometry 0.2877 curve 0.3389 ms
cell storage 89 tets 665 knots 237 geometry 0.7396 curve 0.9228 ms
cell storage 90 tets 517 knots 169 geometry 0.3918 curve 0.9041 ms
cell storage 105 tets 554 knots 195 geometry 0.6725 curve 0.8134 ms
cell storage 106 tets 449 knots 154 geometry 0.3533 curve 0.9066 ms
liquid phase solid storage 12.437731 ms
liquid phase surface step 1.741549 ms
liquid phase loading 6.952350 ms
liquid phase containers/connections/parcels 0.496217 ms
cell storage 88 tets 179 knots 85 geometry 0.2557 curve 0.3125 ms
cell storage 89 tets 723 knots 252 geometry 1.2544 curve 1.4780 ms
cell storage 90 tets 493 knots 165 geometry 0.5832 curve 0.7381 ms
cell storage 105 tets 542 knots 189 geometry 0.6959 curve 1.0203 ms
cell storage 106 tets 441 knots 155 geometry 0.5861 curve 0.6232 ms
liquid phase solid storage 13.460668 ms
liquid phase surface step 1.877837 ms
liquid phase loading 6.311000 ms
liquid phase containers/connections/parcels 0.608767 ms
cell storage 87 tets 984 knots 341 geometry 2.0321 curve 2.2642 ms
cell storage 88 tets 1344 knots 443 geometry 3.2696 curve 2.4531 ms
cell storage 89 tets 727 knots 251 geometry 0.8551 curve 1.2123 ms
cell storage 90 tets 493 knots 165 geometry 0.5689 curve 0.7310 ms
cell storage 103 tets 933 knots 298 geometry 1.1759 curve 1.6541 ms
cell storage 104 tets 328 knots 125 geometry 0.4099 curve 0.5765 ms
cell storage 105 tets 526 knots 186 geometry 0.6143 curve 0.7699 ms
cell storage 106 tets 441 knots 155 geometry 0.3335 curve 0.5713 ms
liquid phase solid storage 24.309696 ms
liquid phase surface step 2.487535 ms
liquid phase loading 4.658698 ms
liquid phase containers/connections/parcels 0.309120 ms
cell storage 87 tets 1969 knots 808 geometry 6.9390 curve 3.4830 ms
cell storage 88 tets 2735 knots 1141 geometry 6.8987 curve 4.9364 ms
cell storage 89 tets 699 knots 251 geometry 0.6238 curve 0.9969 ms
cell storage 90 tets 493 knots 166 geometry 0.4209 curve 0.6859 ms
cell storage 103 tets 1659 knots 650 geometry 3.5107 curve 2.9469 ms
cell storage 104 tets 653 knots 283 geometry 1.2612 curve 0.9362 ms
cell storage 105 tets 526 knots 188 geometry 0.4318 curve 0.7285 ms
cell storage 106 tets 441 knots 154 geometry 0.3193 curve 0.8688 ms
liquid phase solid storage 39.862082 ms
liquid phase surface step 1.489534 ms
liquid phase loading 4.222280 ms
liquid phase containers/connections/parcels 0.282950 ms
cell storage 87 tets 2010 knots 855 geometry 4.3974 curve 4.0956 ms
cell storage 88 tets 3064 knots 1290 geometry 7.2649 curve 5.6791 ms
cell storage 89 tets 691 knots 246 geometry 0.5864 curve 0.9712 ms
cell storage 90 tets 501 knots 165 geometry 0.4007 curve 0.9297 ms
cell storage 103 tets 1671 knots 677 geometry 3.4579 curve 2.8841 ms
cell storage 104 tets 601 knots 266 geometry 1.2065 curve 0.8905 ms
cell storage 105 tets 526 knots 186 geometry 0.4963 curve 1.0261 ms
cell storage 106 tets 453 knots 160 geometry 0.5518 curve 0.7540 ms
liquid phase solid storage 40.050189 ms
liquid phase surface step 1.531790 ms
liquid phase loading 4.491089 ms
liquid phase containers/connections/parcels 0.594170 ms
cell storage 87 tets 2035 knots 894 geometry 4.1894 curve 4.0702 ms
cell storage 88 tets 2586 knots 1102 geometry 5.9092 curve 5.5329 ms
cell storage 89 tets 675 knots 240 geometry 0.5805 curve 0.9603 ms
cell storage 90 tets 501 knots 168 geometry 0.3929 curve 0.7348 ms
cell storage 103 tets 1465 knots 609 geometry 2.7741 curve 3.0229 ms
cell storage 104 tets 527 knots 239 geometry 1.2255 curve 0.7659 ms
cell storage 105 tets 518 knots 180 geometry 0.4491 curve 0.7019 ms
cell storage 106 tets 445 knots 160 geometry 0.3927 curve 0.6389 ms
liquid phase solid storage 36.071602 ms
liquid phase surface step 1.383307 ms
liquid phase loading 5.194928 ms
liquid phase containers/connections/parcels 0.469628 ms
cell storage 87 tets 1756 knots 768 geometry 3.6338 curve 3.6215 ms
cell storage 88 tets 2740 knots 1196 geometry 5.9164 curve 5.6842 ms
cell storage 89 tets 671 knots 236 geometry 0.6223 curve 0.9458 ms
cell storage 90 tets 497 knots 169 geometry 0.3603 curve 0.6277 ms
cell storage 103 tets 1418 knots 592 geometry 3.6314 curve 2.5150 ms
cell storage 104 tets 536 knots 240 geometry 1.3705 curve 0.8035 ms
cell storage 105 tets 518 knots 180 geometry 0.4286 curve 0.6654 ms
cell storage 106 tets 445 knots 158 geometry 0.3229 curve 0.6039 ms
liquid phase solid storage 37.014072 ms
liquid phase surface step 1.771345 ms
liquid phase loading 4.598626 ms
liquid phase containers/connections/parcels 0.888791 ms
cell storage 87 tets 1879 knots 811 geometry 4.2167 curve 3.1488 ms
cell storage 88 tets 2808 knots 1236 geometry 7.8366 curve 5.7529 ms
cell storage 89 tets 667 knots 236 geometry 0.6271 curve 0.9720 ms
cell storage 90 tets 497 knots 168 geometry 0.3946 curve 0.8905 ms
cell storage 103 tets 1592 knots 664 geometry 3.2924 curve 3.3409 ms
cell storage 104 tets 536 knots 241 geometry 1.0116 curve 0.7754 ms
cell storage 105 tets 518 knots 179 geometry 0.4378 curve 0.9546 ms
cell storage 106 tets 429 knots 154 geometry 0.4027 curve 0.5851 ms
liquid phase solid storage 38.681401 ms
liquid phase surface step 2.339673 ms
liquid phase loading 4.207709 ms
liquid phase containers/connections/parcels 0.504656 ms
cell storage 87 tets 2097 knots 902 geometry 4.8804 curve 3.9333 ms
cell storage 88 tets 2822 knots 1193 geometry 6.6144 curve 5.5442 ms
cell storage 89 tets 663 knots 239 geometry 0.5854 curve 1.0226 ms
cell storage 90 tets 477 knots 165 geometry 0.3732 curve 0.6287 ms
cell storage 103 tets 1526 knots 640 geometry 3.0080 curve 2.6822 ms
cell storage 104 tets 845 knots 361 geometry 1.6230 curve 1.3244 ms
cell storage 105 tets 514 knots 181 geometry 0.4321 curve 0.6859 ms
cell storage 106 tets 421 knots 153 geometry 0.3357 curve 0.5259 ms
liquid phase solid storage 38.649507 ms
liquid phase surface step 1.631974 ms
liquid phase loading 4.335305 ms
liquid phase containers/connections/parcels 0.517898 ms
cell storage 87 tets 4495 knots 1598 geometry 9.6316 curve 9.2993 ms
cell storage 88 tets 5474 knots 1976 geometry 12.5275 curve 11.1101 ms
cell storage 89 tets 663 knots 234 geometry 0.6076 curve 0.8916 ms
cell storage 90 tets 477 knots 166 geometry 0.3930 curve 0.6512 ms
cell storage 103 tets 2911 knots 1014 geometry 6.4044 curve 5.4335 ms
cell storage 104 tets 1350 knots 509 geometry 3.2484 curve 2.7034 ms
cell storage 105 tets 514 knots 179 geometry 0.4604 curve 0.7128 ms
cell storage 106 tets 417 knots 153 geometry 0.3125 curve 0.5791 ms
liquid phase solid storage 69.117142 ms
liquid phase surface step 1.436149 ms
liquid phase loading 4.706838 ms
liquid phase containers/connections/parcels 0.746734 ms
cell storage 87 tets 7017 knots 2428 geometry 16.1616 curve 15.0934 ms
cell storage 88 tets 5095 knots 1879 geometry 12.1730 curve 10.4513 ms
cell storage 89 tets 647 knots 229 geometry 0.7459 curve 1.0973 ms
cell storage 90 tets 465 knots 166 geometry 0.4266 curve 0.6344 ms
cell storage 103 tets 2487 knots 899 geometry 6.1161 curve 4.4482 ms
cell storage 104 tets 1222 knots 471 geometry 2.5825 curve 1.9836 ms
cell storage 105 tets 514 knots 180 geometry 0.4126 curve 0.6991 ms
cell storage 106 tets 417 knots 153 geometry 0.3117 curve 0.5720 ms
liquid phase solid storage 77.837935 ms
liquid phase surface step 1.322581 ms
liquid phase loading 4.607012 ms
liquid phase containers/connections/parcels 0.645717 ms
cell storage 87 tets 7135 knots 2551 geometry 17.5586 curve 14.6027 ms
cell storage 88 tets 4798 knots 1788 geometry 10.8228 curve 9.4999 ms
cell storage 89 tets 644 knots 230 geometry 0.6038 curve 0.9654 ms
cell storage 90 tets 465 knots 166 geometry 0.3543 curve 0.6071 ms
cell storage 103 tets 2271 knots 841 geometry 5.0991 curve 4.1573 ms
cell storage 104 tets 1154 knots 449 geometry 2.7128 curve 1.9772 ms
cell storage 105 tets 514 knots 181 geometry 0.4749 curve 0.7227 ms
cell storage 106 tets 417 knots 152 geometry 0.6056 curve 0.5629 ms
liquid phase solid storage 75.457469 ms
liquid phase surface step 1.685892 ms
liquid phase loading 3.817048 ms
liquid phase containers/connections/parcels 0.648471 ms
cell storage 87 tets 7263 knots 2498 geometry 15.5159 curve 14.3797 ms
cell storage 88 tets 4719 knots 1727 geometry 9.2693 curve 8.7049 ms
cell storage 89 tets 644 knots 230 geometry 0.5813 curve 0.9752 ms
cell storage 90 tets 465 knots 163 geometry 0.3887 curve 0.5875 ms
cell storage 103 tets 2136 knots 802 geometry 4.4787 curve 3.8438 ms
cell storage 104 tets 1106 knots 429 geometry 2.0007 curve 1.7368 ms
cell storage 105 tets 514 knots 180 geometry 0.4654 curve 0.7751 ms
cell storage 106 tets 405 knots 151 geometry 0.3484 curve 0.5259 ms
liquid phase solid storage 68.642062 ms
liquid phase surface step 1.459165 ms
liquid phase loading 3.883553 ms
liquid phase containers/connections/parcels 0.603568 ms
cell storage 87 tets 7495 knots 2515 geometry 16.4920 curve 14.5962 ms
cell storage 88 tets 5528 knots 1984 geometry 13.1786 curve 11.1809 ms
cell storage 89 tets 640 knots 227 geometry 0.9506 curve 0.9267 ms
cell storage 90 tets 465 knots 163 geometry 0.4093 curve 0.7695 ms
cell storage 103 tets 2382 knots 865 geometry 5.1113 curve 5.0021 ms
cell storage 104 tets 1345 knots 497 geometry 3.2047 curve 2.4910 ms
cell storage 105 tets 522 knots 183 geometry 0.4736 curve 0.7349 ms
cell storage 106 tets 413 knots 153 geometry 0.3209 curve 0.5445 ms
liquid phase solid storage 81.363076 ms
liquid phase surface step 1.993526 ms
liquid phase loading 4.716726 ms
liquid phase containers/connections/parcels 0.730684 ms
cell storage 87 tets 7043 knots 2492 geometry 14.3240 curve 14.0110 ms
cell storage 88 tets 4629 knots 1796 geometry 9.4656 curve 8.9277 ms
cell storage 89 tets 640 knots 229 geometry 0.5991 curve 0.9638 ms
cell storage 90 tets 481 knots 170 geometry 0.5117 curve 0.9005 ms
cell storage 103 tets 1691 knots 671 geometry 3.0509 curve 2.9652 ms
cell storage 104 tets 955 knots 398 geometry 1.6368 curve 1.6652 ms
cell storage 105 tets 522 knots 183 geometry 0.4295 curve 0.7103 ms
cell storage 106 tets 413 knots 153 geometry 0.3151 curve 0.5674 ms
liquid phase solid storage 65.703856 ms
liquid phase surface step 1.686930 ms
liquid phase loading 4.454874 ms
liquid phase containers/connections/parcels 0.576202 ms
cell storage 87 tets 7284 knots 2641 geometry 15.7585 curve 14.7956 ms
cell storage 88 tets 4572 knots 1803 geometry 10.0591 curve 9.6094 ms
cell storage 89 tets 537 knots 204 geometry 0.5962 curve 0.9101 ms
cell storage 90 tets 458 knots 168 geometry 0.3855 curve 0.6264 ms
cell storage 103 tets 1603 knots 651 geometry 2.7261 curve 2.6182 ms
cell storage 104 tets 909 knots 365 geometry 1.6996 curve 1.5725 ms
cell storage 105 tets 421 knots 156 geometry 0.3514 curve 0.6288 ms
cell storage 106 tets 376 knots 144 geometry 0.2891 curve 0.4882 ms
liquid phase solid storage 67.065853 ms
liquid phase surface step 1.391104 ms
liquid phase loading 4.164760 ms
liquid phase containers/connections/parcels 0.588347 ms
cell storage 87 tets 7325 knots 2612 geometry 18.0658 curve 15.0171 ms
cell storage 88 tets 4411 knots 1778 geometry 9.7057 curve 8.5533 ms
cell storage 89 tets 537 knots 201 geometry 0.5640 curve 0.7685 ms
cell storage 90 tets 458 knots 168 geometry 0.3838 curve 0.6117 ms
cell storage 103 tets 1656 knots 674 geometry 2.7714 curve 3.0208 ms
cell storage 104 tets 1017 knots 405 geometry 1.7399 curve 1.8568 ms
cell storage 105 tets 421 knots 156 geometry 0.3573 curve 0.5519 ms
cell storage 106 tets 364 knots 143 geometry 0.3004 curve 0.4790 ms
liquid phase solid storage 68.966732 ms
liquid phase surface step 1.486342 ms
liquid phase loading 4.492845 ms
liquid phase containers/connections/parcels 0.587000 ms
cell storage 87 tets 7213 knots 2580 geometry 17.7897 curve 14.9915 ms
cell storage 88 tets 5199 knots 1917 geometry 11.8651 curve 10.0749 ms
cell storage 89 tets 537 knots 201 geometry 0.4667 curve 0.8686 ms
cell storage 90 tets 458 knots 169 geometry 0.4159 curve 0.6339 ms
cell storage 103 tets 2197 knots 808 geometry 5.0109 curve 3.7722 ms
cell storage 104 tets 1300 knots 472 geometry 2.8760 curve 2.2946 ms
cell storage 105 tets 383 knots 147 geometry 0.7489 curve 0.5110 ms
cell storage 106 tets 364 knots 143 geometry 0.4240 curve 0.5159 ms
liquid phase solid storage 77.221802 ms
liquid phase surface step 1.481038 ms
liquid phase loading 4.138851 ms
PASS JS liquid response drives normal CharacterMotor under selected gravity
liquid phase containers/connections/parcels 0.672793 ms
cell storage 87 tets 7712 knots 2727 geometry 16.7221 curve 15.6544 ms
cell storage 88 tets 5631 knots 2146 geometry 11.5784 curve 10.9644 ms
cell storage 89 tets 537 knots 202 geometry 0.4774 curve 0.7685 ms
cell storage 90 tets 458 knots 170 geometry 0.3240 curve 0.6502 ms
cell storage 103 tets 2653 knots 1003 geometry 5.4184 curve 4.8767 ms
cell storage 104 tets 1282 knots 506 geometry 2.5279 curve 2.1166 ms
cell storage 105 tets 383 knots 146 geometry 0.4085 curve 0.4916 ms
cell storage 106 tets 368 knots 142 geometry 0.2813 curve 0.4860 ms
liquid phase solid storage 77.574456 ms
liquid phase surface step 1.756972 ms
liquid phase loading 3.824285 ms
liquid phase containers/connections/parcels 6.110176 ms
cell storage 87 tets 16328 knots 5324 geometry 28.6639 curve 36.3865 ms
cell storage 88 tets 11511 knots 3940 geometry 20.4740 curve 24.0920 ms
cell storage 89 tets 537 knots 202 geometry 0.4847 curve 0.7316 ms
cell storage 90 tets 458 knots 168 geometry 0.3333 curve 0.6239 ms
cell storage 103 tets 5156 knots 1696 geometry 8.5501 curve 10.3201 ms
cell storage 104 tets 3316 knots 1056 geometry 5.5356 curve 6.3188 ms
cell storage 105 tets 410 knots 157 geometry 0.3829 curve 0.6678 ms
cell storage 106 tets 368 knots 142 geometry 0.3215 curve 0.4553 ms
liquid phase solid storage 148.250968 ms
liquid phase surface step 1.931948 ms
liquid phase loading 3.985221 ms
liquid phase containers/connections/parcels 6.533399 ms
cell storage 87 tets 13443 knots 4232 geometry 22.8712 curve 30.4821 ms
cell storage 88 tets 18598 knots 5870 geometry 39.4000 curve 53.9694 ms
cell storage 89 tets 533 knots 201 geometry 0.5068 curve 0.7382 ms
cell storage 90 tets 458 knots 168 geometry 0.3556 curve 0.5933 ms
cell storage 103 tets 7527 knots 2385 geometry 11.7618 curve 15.6766 ms
cell storage 104 tets 4158 knots 1311 geometry 6.0782 curve 8.0854 ms
cell storage 105 tets 430 knots 161 geometry 0.3819 curve 0.5770 ms
cell storage 106 tets 368 knots 144 geometry 0.2912 curve 0.4987 ms
liquid phase solid storage 196.574714 ms
liquid phase surface step 1.825818 ms
liquid phase loading 3.797757 ms
liquid phase containers/connections/parcels 6.245519 ms
cell storage 87 tets 5836 knots 2215 geometry 12.2940 curve 11.7825 ms
cell storage 88 tets 7845 knots 2665 geometry 15.6646 curve 18.0957 ms
cell storage 89 tets 533 knots 201 geometry 0.4667 curve 0.7473 ms
cell storage 90 tets 458 knots 168 geometry 0.3854 curve 0.6200 ms
cell storage 103 tets 5061 knots 1756 geometry 10.4980 curve 10.2105 ms
cell storage 104 tets 2232 knots 858 geometry 6.0165 curve 3.7127 ms
cell storage 105 tets 461 knots 171 geometry 0.3733 curve 0.8513 ms
cell storage 106 tets 368 knots 144 geometry 0.4442 curve 0.6874 ms
liquid phase solid storage 97.263342 ms
liquid phase surface step 1.801725 ms
liquid phase loading 3.970696 ms
liquid phase containers/connections/parcels 5.949636 ms
cell storage 87 tets 6007 knots 2053 geometry 10.4963 curve 12.3357 ms
cell storage 88 tets 8526 knots 2845 geometry 15.6920 curve 23.6081 ms
cell storage 89 tets 541 knots 200 geometry 1.0039 curve 1.1462 ms
cell storage 90 tets 454 knots 167 geometry 0.7566 curve 0.9731 ms
cell storage 103 tets 3844 knots 1288 geometry 7.2251 curve 6.8259 ms
cell storage 104 tets 1673 knots 600 geometry 2.5077 curve 2.7198 ms
cell storage 105 tets 450 knots 167 geometry 0.3860 curve 0.6044 ms
cell storage 106 tets 368 knots 144 geometry 0.2892 curve 0.4792 ms
liquid phase solid storage 91.136117 ms
liquid phase surface step 1.355031 ms
liquid phase loading 4.058917 ms
liquid phase containers/connections/parcels 5.351101 ms
cell storage 87 tets 5528 knots 1882 geometry 8.5867 curve 10.1791 ms
cell storage 88 tets 9382 knots 3046 geometry 15.3154 curve 19.4628 ms
cell storage 89 tets 541 knots 203 geometry 0.7323 curve 0.8631 ms
cell storage 90 tets 454 knots 167 geometry 0.6694 curve 0.5910 ms
cell storage 103 tets 3565 knots 1194 geometry 5.2716 curve 6.6031 ms
cell storage 104 tets 1603 knots 570 geometry 2.5073 curve 3.0440 ms
cell storage 105 tets 450 knots 167 geometry 0.5876 curve 0.8006 ms
cell storage 106 tets 360 knots 139 geometry 0.4950 curve 0.4587 ms
liquid phase solid storage 80.187971 ms
liquid phase surface step 1.486748 ms
liquid phase loading 7.120410 ms
liquid phase containers/connections/parcels 10.129353 ms
cell storage 87 tets 9800 knots 3072 geometry 23.3092 curve 19.8978 ms
cell storage 88 tets 15081 knots 4701 geometry 25.6189 curve 34.3954 ms
cell storage 89 tets 541 knots 201 geometry 0.4731 curve 1.1139 ms
cell storage 90 tets 454 knots 168 geometry 0.6428 curve 0.6292 ms
cell storage 103 tets 6525 knots 1984 geometry 11.4793 curve 13.0102 ms
cell storage 104 tets 3641 knots 1117 geometry 5.7359 curve 6.7346 ms
cell storage 105 tets 450 knots 167 geometry 0.5419 curve 0.7547 ms
cell storage 106 tets 360 knots 139 geometry 0.6026 curve 0.4818 ms
liquid phase solid storage 150.494891 ms
liquid phase surface step 1.458626 ms
liquid phase loading 3.926464 ms
liquid phase containers/connections/parcels 5.446853 ms
cell storage 87 tets 17231 knots 5509 geometry 30.8005 curve 39.1122 ms
cell storage 88 tets 11307 knots 3671 geometry 19.4207 curve 23.6654 ms
cell storage 89 tets 549 knots 204 geometry 0.4930 curve 0.9578 ms
cell storage 90 tets 458 knots 168 geometry 0.3671 curve 0.5929 ms
cell storage 103 tets 5744 knots 1818 geometry 9.2347 curve 11.2391 ms
cell storage 104 tets 3155 knots 1041 geometry 4.9215 curve 5.8511 ms
cell storage 105 tets 458 knots 170 geometry 0.4112 curve 0.5917 ms
cell storage 106 tets 356 knots 138 geometry 0.2984 curve 0.5108 ms
liquid phase solid storage 152.746536 ms
liquid phase surface step 1.378370 ms
liquid phase loading 4.156937 ms
liquid phase containers/connections/parcels 5.757361 ms
cell storage 87 tets 13113 knots 4314 geometry 31.3299 curve 41.7467 ms
cell storage 88 tets 9331 knots 2967 geometry 31.3836 curve 29.1466 ms
cell storage 89 tets 549 knots 203 geometry 1.2690 curve 1.2669 ms
cell storage 90 tets 458 knots 168 geometry 0.7563 curve 0.9236 ms
cell storage 103 tets 4511 knots 1458 geometry 17.5781 curve 25.0914 ms
cell storage 104 tets 2344 knots 774 geometry 13.7035 curve 6.6240 ms
cell storage 105 tets 485 knots 178 geometry 0.6882 curve 1.9711 ms
cell storage 106 tets 356 knots 138 geometry 0.7890 curve 0.7444 ms
liquid phase solid storage 211.641557 ms
liquid phase surface step 3.623851 ms
liquid phase loading 7.910563 ms
liquid phase containers/connections/parcels 11.454645 ms
cell storage 87 tets 12326 knots 3980 geometry 49.7635 curve 45.4849 ms
cell storage 88 tets 8977 knots 2973 geometry 36.3508 curve 33.0896 ms
cell storage 89 tets 537 knots 202 geometry 0.8228 curve 2.3905 ms
cell storage 90 tets 458 knots 169 geometry 0.6113 curve 0.9665 ms
cell storage 103 tets 5155 knots 1635 geometry 17.4397 curve 18.2990 ms
cell storage 104 tets 2474 knots 793 geometry 9.0122 curve 8.0187 ms
cell storage 105 tets 513 knots 186 geometry 0.9410 curve 1.1573 ms
cell storage 106 tets 356 knots 139 geometry 0.6341 curve 0.7665 ms
liquid phase solid storage 235.051334 ms
liquid phase surface step 4.396454 ms
liquid phase loading 8.248682 ms
liquid phase containers/connections/parcels 13.018751 ms
cell storage 87 tets 10264 knots 3772 geometry 46.2006 curve 22.8480 ms
cell storage 88 tets 6261 knots 2299 geometry 13.8529 curve 12.3497 ms
cell storage 89 tets 537 knots 203 geometry 0.4746 curve 0.7674 ms
cell storage 90 tets 458 knots 168 geometry 0.3278 curve 0.6074 ms
cell storage 103 tets 2253 knots 857 geometry 4.7179 curve 3.8377 ms
cell storage 104 tets 1354 knots 517 geometry 2.6829 curve 2.4857 ms
cell storage 105 tets 497 knots 182 geometry 0.4215 curve 0.6700 ms
cell storage 106 tets 356 knots 138 geometry 0.2844 curve 0.4735 ms
liquid phase solid storage 118.701828 ms
liquid phase surface step 1.455240 ms
liquid phase loading 5.125061 ms
liquid phase containers/connections/parcels 5.372689 ms
cell storage 87 tets 9815 knots 3593 geometry 30.2454 curve 20.8317 ms
cell storage 88 tets 5793 knots 2067 geometry 13.6858 curve 10.9378 ms
cell storage 89 tets 480 knots 183 geometry 0.4437 curve 0.6716 ms
cell storage 90 tets 412 knots 151 geometry 0.2859 curve 0.5390 ms
cell storage 103 tets 2623 knots 939 geometry 4.8966 curve 4.4952 ms
cell storage 104 tets 1398 knots 527 geometry 2.9781 curve 2.5744 ms
cell storage 105 tets 489 knots 180 geometry 0.5089 curve 0.6889 ms
cell storage 106 tets 352 knots 137 geometry 0.3407 curve 0.4500 ms
liquid phase solid storage 98.821618 ms
liquid phase surface step 1.425588 ms
liquid phase loading 4.130023 ms
liquid phase containers/connections/parcels 5.149426 ms
cell storage 87 tets 16727 knots 5567 geometry 35.4945 curve 36.7804 ms
cell storage 88 tets 10075 knots 3358 geometry 20.7503 curve 21.9460 ms
cell storage 89 tets 480 knots 182 geometry 0.4402 curve 0.6522 ms
cell storage 90 tets 412 knots 151 geometry 0.3080 curve 0.5343 ms
cell storage 103 tets 6476 knots 2074 geometry 13.2262 curve 13.2687 ms
cell storage 104 tets 2683 knots 940 geometry 5.3651 curve 5.2158 ms
cell storage 105 tets 517 knots 187 geometry 0.4802 curve 0.7341 ms
cell storage 106 tets 352 knots 137 geometry 0.2970 curve 0.4564 ms
liquid phase solid storage 160.259567 ms
liquid phase surface step 1.724343 ms
liquid phase loading 3.649107 ms
liquid phase containers/connections/parcels 5.718450 ms
cell storage 87 tets 18673 knots 5936 geometry 34.5720 curve 44.0225 ms
cell storage 88 tets 11935 knots 4085 geometry 24.3162 curve 25.1180 ms
cell storage 89 tets 488 knots 187 geometry 0.4642 curve 0.6862 ms
cell storage 90 tets 412 knots 152 geometry 0.3120 curve 0.5159 ms
cell storage 103 tets 5286 knots 1746 geometry 10.0174 curve 10.1626 ms
cell storage 104 tets 3297 knots 1125 geometry 5.7890 curve 6.1039 ms
cell storage 105 tets 527 knots 187 geometry 0.4591 curve 0.7271 ms
cell storage 106 tets 352 knots 141 geometry 0.3043 curve 0.4537 ms
liquid phase solid storage 168.074650 ms
liquid phase surface step 1.887462 ms
liquid phase loading 3.709182 ms
liquid phase containers/connections/parcels 5.636873 ms
cell storage 87 tets 15020 knots 4639 geometry 23.9239 curve 33.2915 ms
cell storage 88 tets 20035 knots 6208 geometry 37.0180 curve 45.8099 ms
cell storage 89 tets 454 knots 176 geometry 0.4038 curve 0.6350 ms
cell storage 90 tets 412 knots 152 geometry 0.2863 curve 0.5647 ms
cell storage 103 tets 7934 knots 2511 geometry 12.3888 curve 16.8998 ms
cell storage 104 tets 5219 knots 1639 geometry 8.6143 curve 10.7097 ms
cell storage 105 tets 527 knots 188 geometry 0.4042 curve 0.6942 ms
cell storage 106 tets 352 knots 138 geometry 0.2873 curve 0.4658 ms
liquid phase solid storage 196.497756 ms
liquid phase surface step 1.495276 ms
liquid phase loading 4.282441 ms
liquid phase containers/connections/parcels 5.281430 ms
cell storage 87 tets 15040 knots 4636 geometry 24.5872 curve 32.9144 ms
cell storage 88 tets 19989 knots 6212 geometry 35.5942 curve 47.2330 ms
cell storage 89 tets 454 knots 175 geometry 0.4222 curve 0.5974 ms
cell storage 90 tets 416 knots 156 geometry 0.3329 curve 0.5474 ms
cell storage 103 tets 7933 knots 2517 geometry 13.3539 curve 16.1674 ms
cell storage 104 tets 5219 knots 1640 geometry 9.4861 curve 9.8523 ms
cell storage 105 tets 523 knots 187 geometry 0.4574 curve 0.6950 ms
cell storage 106 tets 352 knots 138 geometry 0.2912 curve 0.4343 ms
liquid phase solid storage 197.450328 ms
liquid phase surface step 1.356166 ms
liquid phase loading 4.312877 ms
liquid phase containers/connections/parcels 5.295373 ms
cell storage 87 tets 15718 knots 4826 geometry 29.0418 curve 35.9375 ms
cell storage 88 tets 19935 knots 6228 geometry 37.8871 curve 46.4400 ms
cell storage 89 tets 454 knots 177 geometry 0.4456 curve 0.8594 ms
cell storage 90 tets 404 knots 153 geometry 0.3120 curve 0.5527 ms
cell storage 103 tets 7938 knots 2515 geometry 13.1646 curve 17.2251 ms
cell storage 104 tets 5410 knots 1691 geometry 9.3733 curve 11.0147 ms
cell storage 105 tets 527 knots 186 geometry 0.3985 curve 0.6878 ms
cell storage 106 tets 352 knots 137 geometry 0.2831 curve 0.4408 ms
liquid phase solid storage 208.608465 ms
liquid phase surface step 1.379762 ms
liquid phase loading 5.057366 ms
liquid phase containers/connections/parcels 5.234072 ms
cell storage 87 tets 15936 knots 4866 geometry 25.6132 curve 35.6290 ms
cell storage 88 tets 20488 knots 6369 geometry 36.2609 curve 55.0164 ms
cell storage 89 tets 446 knots 172 geometry 0.9193 curve 0.9331 ms
cell storage 90 tets 444 knots 163 geometry 0.6940 curve 0.8891 ms
cell storage 103 tets 7936 knots 2513 geometry 14.9304 curve 16.2374 ms
cell storage 104 tets 5414 knots 1687 geometry 9.0683 curve 10.4107 ms
cell storage 105 tets 527 knots 188 geometry 0.4673 curve 0.7144 ms
cell storage 106 tets 348 knots 135 geometry 0.2699 curve 0.4972 ms
liquid phase solid storage 214.052907 ms
liquid phase surface step 1.526452 ms
liquid phase loading 3.881097 ms
liquid phase containers/connections/parcels 6.664737 ms
cell storage 87 tets 16434 knots 4988 geometry 26.7013 curve 38.3987 ms
cell storage 88 tets 20990 knots 6481 geometry 37.0164 curve 51.0132 ms
cell storage 89 tets 458 knots 174 geometry 0.5488 curve 0.6626 ms
cell storage 90 tets 444 knots 164 geometry 0.3121 curve 0.5737 ms
cell storage 103 tets 8218 knots 2580 geometry 14.7656 curve 18.2214 ms
cell storage 104 tets 5420 knots 1691 geometry 10.2593 curve 10.6480 ms
cell storage 105 tets 519 knots 187 geometry 0.4037 curve 0.7042 ms
cell storage 106 tets 352 knots 135 geometry 0.2937 curve 0.4786 ms
liquid phase solid storage 215.435510 ms
liquid phase surface step 1.405168 ms
liquid phase loading 4.163006 ms
liquid phase containers/connections/parcels 6.550084 ms
cell storage 87 tets 16467 knots 5014 geometry 30.5285 curve 36.7800 ms
cell storage 88 tets 21090 knots 6512 geometry 38.3225 curve 47.9256 ms
cell storage 89 tets 458 knots 174 geometry 0.4536 curve 0.8062 ms
cell storage 90 tets 452 knots 165 geometry 0.4094 curve 0.6227 ms
cell storage 103 tets 8347 knots 2623 geometry 13.8805 curve 16.9546 ms
cell storage 104 tets 5597 knots 1735 geometry 9.1584 curve 10.8667 ms
cell storage 105 tets 539 knots 191 geometry 0.4104 curve 0.6955 ms
cell storage 106 tets 352 knots 135 geometry 0.2737 curve 0.4748 ms
liquid phase solid storage 213.056076 ms
liquid phase surface step 1.348505 ms
liquid phase loading 4.251984 ms
liquid phase containers/connections/parcels 5.039037 ms
cell storage 87 tets 17017 knots 5183 geometry 29.0146 curve 41.0729 ms
cell storage 88 tets 21027 knots 6530 geometry 37.0870 curve 54.8437 ms
cell storage 89 tets 454 knots 173 geometry 0.8210 curve 0.9579 ms
cell storage 90 tets 483 knots 175 geometry 0.6884 curve 1.0125 ms
cell storage 103 tets 8360 knots 2622 geometry 17.1521 curve 17.0302 ms
cell storage 104 tets 5883 knots 1815 geometry 9.8577 curve 11.9977 ms
cell storage 105 tets 523 knots 190 geometry 0.4209 curve 0.9306 ms
cell storage 106 tets 352 knots 136 geometry 0.2923 curve 0.4430 ms
liquid phase solid storage 228.047136 ms
liquid phase surface step 1.416549 ms
liquid phase loading 4.248968 ms
liquid phase containers/connections/parcels 5.211156 ms
cell storage 87 tets 17469 knots 5333 geometry 29.3640 curve 39.2765 ms
cell storage 88 tets 21030 knots 6586 geometry 44.2130 curve 48.7476 ms
cell storage 89 tets 454 knots 173 geometry 0.5495 curve 0.6171 ms
cell storage 90 tets 483 knots 175 geometry 0.3214 curve 0.6402 ms
cell storage 103 tets 8567 knots 2673 geometry 14.4411 curve 17.4753 ms
cell storage 104 tets 5886 knots 1833 geometry 10.0823 curve 12.4301 ms
cell storage 105 tets 523 knots 189 geometry 0.4379 curve 0.7389 ms
cell storage 106 tets 348 knots 137 geometry 0.2918 curve 0.4527 ms
liquid phase solid storage 224.931512 ms
liquid phase surface step 1.340562 ms
liquid phase loading 4.098723 ms
liquid phase containers/connections/parcels 6.154484 ms
cell storage 87 tets 17520 knots 5404 geometry 29.0498 curve 39.5020 ms
cell storage 88 tets 21735 knots 6827 geometry 47.3901 curve 56.6918 ms
cell storage 89 tets 446 knots 170 geometry 0.7422 curve 0.7538 ms
cell storage 90 tets 479 knots 174 geometry 0.5595 curve 0.6167 ms
cell storage 103 tets 9038 knots 2788 geometry 14.7571 curve 19.2098 ms
cell storage 104 tets 6246 knots 1928 geometry 10.5282 curve 12.3990 ms
cell storage 105 tets 503 knots 185 geometry 0.4824 curve 0.7374 ms
cell storage 106 tets 348 knots 136 geometry 0.5594 curve 0.6287 ms
liquid phase solid storage 239.256613 ms
liquid phase surface step 1.471619 ms
liquid phase loading 3.904077 ms
liquid phase containers/connections/parcels 5.347381 ms
cell storage 87 tets 18199 knots 5590 geometry 33.6414 curve 44.9806 ms
cell storage 88 tets 23008 knots 7173 geometry 46.7791 curve 57.1192 ms
cell storage 89 tets 446 knots 169 geometry 0.4755 curve 0.6597 ms
cell storage 90 tets 479 knots 175 geometry 0.3297 curve 0.6609 ms
cell storage 103 tets 9689 knots 2949 geometry 17.5453 curve 22.7947 ms
cell storage 104 tets 6622 knots 2001 geometry 12.3709 curve 14.6322 ms
cell storage 105 tets 499 knots 184 geometry 0.8320 curve 0.7783 ms
cell storage 106 tets 348 knots 136 geometry 0.2988 curve 0.4946 ms
liquid phase solid storage 259.330121 ms
liquid phase surface step 2.043485 ms
liquid phase loading 4.298458 ms
liquid phase containers/connections/parcels 6.023958 ms
cell storage 87 tets 18514 knots 5714 geometry 52.3372 curve 58.8340 ms
cell storage 88 tets 23848 knots 7431 geometry 70.5847 curve 80.4360 ms
cell storage 89 tets 446 knots 169 geometry 0.8115 curve 0.8769 ms
cell storage 90 tets 483 knots 174 geometry 0.6573 curve 0.9820 ms
cell storage 103 tets 10237 knots 3090 geometry 33.4361 curve 28.1451 ms
cell storage 104 tets 6686 knots 2016 geometry 22.1150 curve 19.3143 ms
cell storage 105 tets 507 knots 187 geometry 0.6894 curve 0.9185 ms
cell storage 106 tets 348 knots 135 geometry 0.6308 curve 0.4668 ms
liquid phase solid storage 376.776452 ms
liquid phase surface step 1.926235 ms
liquid phase loading 5.461927 ms
liquid phase containers/connections/parcels 5.467469 ms
cell storage 87 tets 18751 knots 5811 geometry 34.8158 curve 44.9505 ms
cell storage 88 tets 24410 knots 7584 geometry 49.2696 curve 60.4464 ms
cell storage 89 tets 446 knots 172 geometry 0.5576 curve 0.6461 ms
cell storage 90 tets 487 knots 175 geometry 0.4124 curve 0.6937 ms
cell storage 103 tets 10231 knots 3086 geometry 17.4662 curve 22.3408 ms
cell storage 104 tets 6685 knots 2015 geometry 11.4137 curve 19.2562 ms
cell storage 105 tets 525 knots 194 geometry 0.8869 curve 1.0688 ms
cell storage 106 tets 351 knots 138 geometry 0.6499 curve 0.6649 ms
liquid phase solid storage 273.793780 ms
liquid phase surface step 2.364643 ms
liquid phase loading 4.988814 ms
liquid phase containers/connections/parcels 5.375499 ms
cell storage 87 tets 19172 knots 5958 geometry 31.9980 curve 44.3751 ms
cell storage 88 tets 24939 knots 7715 geometry 47.1506 curve 60.2686 ms
cell storage 89 tets 446 knots 170 geometry 0.4069 curve 0.5839 ms
cell storage 90 tets 463 knots 168 geometry 0.3393 curve 0.6029 ms
cell storage 103 tets 10548 knots 3183 geometry 17.8609 curve 22.7081 ms
cell storage 104 tets 7108 knots 2123 geometry 12.0928 curve 14.4816 ms
cell storage 105 tets 545 knots 197 geometry 0.4650 curve 0.7692 ms
cell storage 106 tets 339 knots 134 geometry 0.2888 curve 0.4203 ms
liquid phase solid storage 260.139626 ms
liquid phase surface step 1.477167 ms
liquid phase loading 4.089332 ms
liquid phase containers/connections/parcels 5.766108 ms
cell storage 87 tets 19645 knots 6109 geometry 35.4682 curve 47.1725 ms
cell storage 88 tets 25985 knots 7999 geometry 47.9886 curve 59.8203 ms
cell storage 89 tets 446 knots 169 geometry 0.5923 curve 0.6856 ms
cell storage 90 tets 463 knots 168 geometry 0.3241 curve 0.6064 ms
cell storage 103 tets 11019 knots 3285 geometry 18.0204 curve 26.9131 ms
cell storage 104 tets 7198 knots 2146 geometry 24.4294 curve 21.4156 ms
cell storage 105 tets 545 knots 197 geometry 0.8863 curve 1.1470 ms
cell storage 106 tets 324 knots 130 geometry 0.6555 curve 0.6551 ms
liquid phase solid storage 294.260713 ms
liquid phase surface step 2.689665 ms
liquid phase loading 8.131020 ms
liquid phase containers/connections/parcels 10.641810 ms
cell storage 87 tets 20424 knots 6253 geometry 74.9369 curve 67.6647 ms
cell storage 88 tets 27370 knots 8356 geometry 57.8158 curve 72.1689 ms
cell storage 89 tets 418 knots 163 geometry 0.4249 curve 0.7518 ms
cell storage 90 tets 443 knots 163 geometry 0.7112 curve 0.5970 ms
cell storage 103 tets 11746 knots 3452 geometry 25.0423 curve 32.8302 ms
cell storage 104 tets 7537 knots 2223 geometry 12.9882 curve 17.6405 ms
cell storage 105 tets 553 knots 200 geometry 0.5406 curve 0.7441 ms
cell storage 106 tets 324 knots 130 geometry 0.3159 curve 0.4400 ms
cell storage 121 tets 103 knots 55 geometry 0.0824 curve 0.1307 ms
liquid phase solid storage 372.513883 ms
liquid phase surface step 1.924073 ms
liquid phase loading 4.684450 ms
liquid phase containers/connections/parcels 6.770568 ms
cell storage 87 tets 20855 knots 6356 geometry 37.4737 curve 56.9483 ms
cell storage 88 tets 28822 knots 8719 geometry 57.4444 curve 81.1165 ms
cell storage 89 tets 418 knots 163 geometry 0.7530 curve 0.8898 ms
cell storage 90 tets 427 knots 160 geometry 0.4129 curve 0.7359 ms
cell storage 103 tets 12231 knots 3552 geometry 22.7226 curve 32.8826 ms
cell storage 104 tets 8078 knots 2344 geometry 14.4559 curve 23.2488 ms
cell storage 105 tets 553 knots 201 geometry 0.9820 curve 1.1621 ms
cell storage 106 tets 324 knots 129 geometry 0.7400 curve 0.6079 ms
cell storage 121 tets 103 knots 55 geometry 0.2044 curve 0.1755 ms
liquid phase solid storage 339.967459 ms
liquid phase surface step 1.800915 ms
liquid phase loading 5.780897 ms
liquid phase containers/connections/parcels 5.832076 ms
cell storage 87 tets 21051 knots 6400 geometry 46.2882 curve 54.4006 ms
cell storage 88 tets 29031 knots 8791 geometry 69.8365 curve 90.4508 ms
cell storage 89 tets 582 knots 208 geometry 1.4352 curve 1.2914 ms
cell storage 90 tets 501 knots 177 geometry 0.9442 curve 1.1559 ms
cell storage 103 tets 12288 knots 3565 geometry 36.3137 curve 27.0252 ms
cell storage 104 tets 8035 knots 2332 geometry 14.4790 curve 19.5558 ms
cell storage 105 tets 590 knots 210 geometry 1.0702 curve 0.8492 ms
cell storage 106 tets 349 knots 134 geometry 0.5788 curve 0.5536 ms
liquid phase solid storage 373.122576 ms
liquid phase surface step 2.451771 ms
liquid phase loading 5.969595 ms
liquid phase containers/connections/parcels 6.677820 ms
cell storage 87 tets 21256 knots 6476 geometry 46.5383 curve 73.4321 ms
cell storage 88 tets 29074 knots 8833 geometry 133.6126 curve 145.9050 ms
cell storage 89 tets 602 knots 211 geometry 0.9321 curve 1.4240 ms
cell storage 90 tets 501 knots 184 geometry 0.6772 curve 3.5927 ms
cell storage 103 tets 12281 knots 3592 geometry 35.5742 curve 43.3820 ms
cell storage 104 tets 8038 knots 2342 geometry 20.1731 curve 22.3099 ms
cell storage 105 tets 594 knots 207 geometry 0.7666 curve 1.2052 ms
cell storage 106 tets 333 knots 127 geometry 0.4760 curve 0.6184 ms
cell storage 121 tets 126 knots 63 geometry 0.1721 curve 0.2136 ms
liquid phase solid storage 539.173246 ms
liquid phase surface step 2.863277 ms
liquid phase loading 6.254712 ms
liquid phase containers/connections/parcels 8.188090 ms
cell storage 87 tets 21265 knots 6515 geometry 59.7264 curve 58.4453 ms
cell storage 88 tets 28263 knots 8735 geometry 59.2574 curve 77.8355 ms
cell storage 89 tets 602 knots 213 geometry 0.5497 curve 0.8806 ms
cell storage 90 tets 520 knots 185 geometry 0.4051 curve 0.7247 ms
cell storage 103 tets 12385 knots 3627 geometry 22.6334 curve 31.8582 ms
cell storage 104 tets 8094 knots 2371 geometry 14.6965 curve 19.2135 ms
cell storage 105 tets 660 knots 222 geometry 0.5826 curve 0.9881 ms
cell storage 106 tets 333 knots 126 geometry 0.4348 curve 0.4409 ms
cell storage 121 tets 103 knots 55 geometry 0.0866 curve 0.1191 ms
liquid phase solid storage 353.223041 ms
liquid phase surface step 2.327178 ms
liquid phase loading 5.338886 ms
liquid phase containers/connections/parcels 6.942357 ms
cell storage 87 tets 21005 knots 6487 geometry 41.2322 curve 51.6159 ms
cell storage 88 tets 28166 knots 8826 geometry 58.6741 curve 69.9583 ms
cell storage 89 tets 602 knots 212 geometry 0.5331 curve 0.8500 ms
cell storage 90 tets 520 knots 185 geometry 0.4289 curve 0.9545 ms
cell storage 103 tets 12338 knots 3650 geometry 22.7330 curve 27.8964 ms
cell storage 104 tets 8161 knots 2388 geometry 13.8395 curve 16.9196 ms
cell storage 105 tets 660 knots 223 geometry 0.5801 curve 1.0314 ms
cell storage 106 tets 333 knots 128 geometry 0.2940 curve 0.5522 ms
cell storage 121 tets 103 knots 55 geometry 0.1965 curve 0.1392 ms
liquid phase solid storage 312.638337 ms
liquid phase surface step 1.341893 ms
liquid phase loading 5.224257 ms
liquid phase containers/connections/parcels 5.207519 ms
cell storage 87 tets 20695 knots 6470 geometry 41.7294 curve 49.7028 ms
cell storage 88 tets 27943 knots 8915 geometry 61.6833 curve 69.4468 ms
cell storage 89 tets 602 knots 216 geometry 0.6126 curve 0.8729 ms
cell storage 90 tets 524 knots 187 geometry 0.3799 curve 0.7150 ms
cell storage 103 tets 12300 knots 3678 geometry 22.2241 curve 27.8443 ms
cell storage 104 tets 7914 knots 2362 geometry 13.8803 curve 16.2525 ms
cell storage 105 tets 660 knots 228 geometry 0.5343 curve 0.9515 ms
cell storage 106 tets 333 knots 126 geometry 0.3236 curve 0.4841 ms
cell storage 121 tets 103 knots 55 geometry 0.1325 curve 0.1587 ms
liquid phase solid storage 313.175576 ms
liquid phase surface step 1.754773 ms
liquid phase loading 4.685602 ms
liquid phase containers/connections/parcels 5.993313 ms
cell storage 89 tets 586 knots 207 geometry 0.4897 curve 0.8015 ms
cell storage 90 tets 516 knots 185 geometry 0.3760 curve 0.6665 ms
cell storage 105 tets 649 knots 221 geometry 0.5695 curve 1.1272 ms
cell storage 106 tets 347 knots 135 geometry 0.3989 curve 0.5588 ms
cell storage 121 tets 103 knots 55 geometry 0.1050 curve 0.1362 ms
liquid phase solid storage 81.189261 ms
liquid phase surface step 1.498311 ms
liquid phase loading 5.273736 ms
liquid phase containers/connections/parcels 5.682602 ms
cell storage 89 tets 586 knots 209 geometry 0.5261 curve 1.1569 ms
cell storage 90 tets 504 knots 183 geometry 0.6457 curve 0.8445 ms
cell storage 105 tets 653 knots 221 geometry 0.4858 curve 0.8977 ms
cell storage 106 tets 339 knots 132 geometry 0.3099 curve 0.4224 ms
cell storage 121 tets 107 knots 56 geometry 0.0872 curve 0.1401 ms
liquid phase solid storage 82.193677 ms
liquid phase surface step 1.686252 ms
liquid phase loading 4.492281 ms
liquid phase containers/connections/parcels 7.871627 ms
cell storage 89 tets 586 knots 207 geometry 0.4887 curve 1.0093 ms
cell storage 90 tets 504 knots 182 geometry 0.5798 curve 0.8869 ms
cell storage 105 tets 676 knots 225 geometry 0.6571 curve 0.9977 ms
cell storage 106 tets 331 knots 129 geometry 0.3362 curve 0.4460 ms
cell storage 121 tets 107 knots 56 geometry 0.1472 curve 0.1397 ms
liquid phase solid storage 79.813761 ms
liquid phase surface step 1.548612 ms
liquid phase loading 5.490830 ms
liquid phase containers/connections/parcels 5.185924 ms
cell storage 89 tets 580 knots 201 geometry 0.7193 curve 1.2091 ms
cell storage 90 tets 492 knots 179 geometry 0.8842 curve 0.9987 ms
cell storage 105 tets 660 knots 226 geometry 1.1289 curve 1.2803 ms
cell storage 106 tets 331 knots 131 geometry 0.6467 curve 0.4374 ms
cell storage 121 tets 107 knots 56 geometry 0.0833 curve 0.1225 ms
liquid phase solid storage 74.595549 ms
liquid phase surface step 1.606838 ms
liquid phase loading 4.787775 ms
liquid phase containers/connections/parcels 5.793074 ms
cell storage 89 tets 580 knots 201 geometry 0.4990 curve 0.7834 ms
cell storage 90 tets 488 knots 177 geometry 0.3931 curve 0.6372 ms
cell storage 105 tets 652 knots 222 geometry 0.7068 curve 1.0758 ms
cell storage 106 tets 331 knots 127 geometry 0.4239 curve 0.4646 ms
cell storage 121 tets 107 knots 57 geometry 0.0972 curve 0.1235 ms
liquid phase solid storage 68.846040 ms
liquid phase surface step 1.517382 ms
liquid phase loading 5.328883 ms
liquid phase containers/connections/parcels 5.878849 ms
cell storage 89 tets 568 knots 199 geometry 0.5078 curve 0.8660 ms
cell storage 90 tets 448 knots 167 geometry 0.6812 curve 0.7723 ms
cell storage 105 tets 644 knots 219 geometry 0.5614 curve 0.8963 ms
cell storage 106 tets 331 knots 128 geometry 0.3185 curve 0.4278 ms
cell storage 121 tets 107 knots 56 geometry 0.0803 curve 0.1191 ms
liquid phase solid storage 70.062416 ms
liquid phase surface step 1.913439 ms
liquid phase loading 5.330024 ms
liquid phase containers/connections/parcels 6.918704 ms
cell storage 89 tets 564 knots 201 geometry 0.7913 curve 0.9308 ms
cell storage 90 tets 444 knots 167 geometry 0.7113 curve 0.5977 ms
cell storage 105 tets 640 knots 220 geometry 0.5001 curve 0.8986 ms
cell storage 106 tets 331 knots 128 geometry 0.3350 curve 0.4043 ms
cell storage 121 tets 107 knots 56 geometry 0.0808 curve 0.1195 ms
liquid phase solid storage 67.297385 ms
liquid phase surface step 1.587739 ms
liquid phase loading 4.753313 ms
liquid phase containers/connections/parcels 6.420380 ms
cell storage 89 tets 526 knots 188 geometry 0.5778 curve 0.7816 ms
cell storage 90 tets 433 knots 164 geometry 0.4046 curve 0.5815 ms
cell storage 105 tets 648 knots 223 geometry 0.4868 curve 0.8798 ms
cell storage 106 tets 351 knots 136 geometry 0.3548 curve 0.4340 ms
cell storage 121 tets 107 knots 56 geometry 0.1012 curve 0.1269 ms
liquid phase solid storage 66.869081 ms
liquid phase surface step 1.576082 ms
liquid phase loading 4.651191 ms
liquid phase containers/connections/parcels 6.422436 ms
cell storage 89 tets 510 knots 187 geometry 0.4894 curve 0.9741 ms
cell storage 90 tets 453 knots 166 geometry 0.7550 curve 0.6290 ms
cell storage 105 tets 648 knots 220 geometry 0.4923 curve 0.8688 ms
cell storage 106 tets 355 knots 135 geometry 0.3178 curve 0.4441 ms
cell storage 121 tets 107 knots 56 geometry 0.0805 curve 0.1326 ms
liquid phase solid storage 67.467451 ms
liquid phase surface step 1.433838 ms
liquid phase loading 5.129840 ms
liquid phase containers/connections/parcels 6.974722 ms
cell storage 89 tets 510 knots 190 geometry 0.4766 curve 0.6956 ms
cell storage 90 tets 453 knots 167 geometry 0.3841 curve 0.8362 ms
cell storage 105 tets 633 knots 217 geometry 0.8611 curve 0.9150 ms
cell storage 106 tets 355 knots 135 geometry 0.3338 curve 0.4690 ms
cell storage 121 tets 107 knots 56 geometry 0.1136 curve 0.1228 ms
liquid phase solid storage 70.024362 ms
liquid phase surface step 1.390245 ms
liquid phase loading 5.140792 ms
liquid phase containers/connections/parcels 5.384840 ms
cell storage 89 tets 502 knots 184 geometry 0.4583 curve 0.6754 ms
cell storage 90 tets 441 knots 165 geometry 0.3570 curve 0.5607 ms
cell storage 105 tets 591 knots 209 geometry 0.5793 curve 1.1511 ms
cell storage 106 tets 363 knots 137 geometry 0.4946 curve 0.5317 ms
cell storage 121 tets 107 knots 56 geometry 0.0833 curve 0.1583 ms
liquid phase solid storage 66.937301 ms
liquid phase surface step 1.386180 ms
liquid phase loading 5.285808 ms
liquid phase containers/connections/parcels 6.084623 ms
cell storage 89 tets 488 knots 182 geometry 0.4502 curve 0.6684 ms
cell storage 90 tets 427 knots 165 geometry 0.3512 curve 0.5502 ms
cell storage 105 tets 578 knots 208 geometry 0.4538 curve 1.0673 ms
cell storage 106 tets 335 knots 133 geometry 0.4929 curve 0.5781 ms
cell storage 121 tets 107 knots 56 geometry 0.0846 curve 0.1262 ms
liquid phase solid storage 65.174712 ms
liquid phase surface step 1.785828 ms
liquid phase loading 5.055520 ms
liquid phase containers/connections/parcels 5.726160 ms
cell storage 89 tets 493 knots 184 geometry 0.4487 curve 0.7420 ms
cell storage 90 tets 445 knots 169 geometry 0.5392 curve 0.7351 ms
cell storage 105 tets 487 knots 182 geometry 0.4231 curve 0.6674 ms
cell storage 106 tets 314 knots 123 geometry 0.2652 curve 0.4491 ms
cell storage 121 tets 103 knots 55 geometry 0.1131 curve 0.1151 ms
liquid phase solid storage 69.391872 ms
liquid phase surface step 1.371570 ms
liquid phase loading 5.033363 ms
liquid phase containers/connections/parcels 5.400764 ms
cell storage 89 tets 501 knots 190 geometry 0.4701 curve 0.6859 ms
cell storage 90 tets 442 knots 165 geometry 0.3382 curve 0.6890 ms
cell storage 105 tets 487 knots 183 geometry 0.5959 curve 0.7917 ms
cell storage 106 tets 314 knots 123 geometry 0.2921 curve 0.4396 ms
cell storage 121 tets 103 knots 55 geometry 0.0901 curve 0.1153 ms
liquid phase solid storage 66.110253 ms
liquid phase surface step 1.732826 ms
liquid phase loading 4.834088 ms
liquid phase containers/connections/parcels 5.529141 ms
cell storage 89 tets 516 knots 198 geometry 0.4569 curve 0.7151 ms
cell storage 90 tets 442 knots 166 geometry 0.3194 curve 0.5940 ms
cell storage 105 tets 491 knots 185 geometry 0.4811 curve 0.9103 ms
cell storage 106 tets 314 knots 123 geometry 0.4082 curve 0.5773 ms
cell storage 121 tets 103 knots 55 geometry 0.0926 curve 0.1322 ms
liquid phase solid storage 66.606241 ms
liquid phase surface step 2.153073 ms
liquid phase loading 4.990322 ms
liquid phase containers/connections/parcels 6.005046 ms
cell storage 89 tets 516 knots 192 geometry 0.7957 curve 0.9824 ms
cell storage 90 tets 438 knots 166 geometry 0.3966 curve 0.5974 ms
cell storage 105 tets 503 knots 190 geometry 0.4204 curve 0.7162 ms
cell storage 106 tets 314 knots 123 geometry 0.3783 curve 0.5985 ms
cell storage 121 tets 103 knots 55 geometry 0.0934 curve 0.1203 ms
liquid phase solid storage 69.771421 ms
liquid phase surface step 1.906580 ms
liquid phase loading 5.790053 ms
liquid phase containers/connections/parcels 5.948613 ms
cell storage 89 tets 505 knots 192 geometry 0.4748 curve 0.6988 ms
cell storage 90 tets 430 knots 163 geometry 0.3924 curve 0.5811 ms
cell storage 105 tets 503 knots 183 geometry 0.6017 curve 0.9117 ms
cell storage 106 tets 318 knots 124 geometry 0.5785 curve 0.4423 ms
liquid phase solid storage 82.685762 ms
liquid phase surface step 2.098982 ms
liquid phase loading 5.270348 ms
liquid phase containers/connections/parcels 6.183440 ms
cell storage 89 tets 505 knots 192 geometry 0.4523 curve 0.7781 ms
cell storage 90 tets 430 knots 164 geometry 0.5152 curve 0.8351 ms
cell storage 105 tets 576 knots 202 geometry 0.7654 curve 1.1476 ms
cell storage 106 tets 318 knots 124 geometry 0.4422 curve 0.4695 ms
liquid phase solid storage 82.436058 ms
liquid phase surface step 1.484616 ms
liquid phase loading 4.910640 ms
liquid phase containers/connections/parcels 5.938609 ms
cell storage 89 tets 505 knots 190 geometry 0.4925 curve 0.7027 ms
cell storage 90 tets 410 knots 158 geometry 0.3287 curve 0.5434 ms
cell storage 105 tets 570 knots 203 geometry 0.4383 curve 0.8008 ms
cell storage 106 tets 310 knots 124 geometry 0.2658 curve 0.4002 ms
liquid phase solid storage 83.281196 ms
liquid phase surface step 1.403359 ms
liquid phase loading 4.612174 ms
liquid phase containers/connections/parcels 6.229760 ms
cell storage 89 tets 505 knots 191 geometry 0.4495 curve 0.6913 ms
cell storage 90 tets 410 knots 158 geometry 0.3189 curve 0.7476 ms
cell storage 105 tets 596 knots 212 geometry 0.7757 curve 0.8231 ms
cell storage 106 tets 318 knots 125 geometry 0.2553 curve 0.4126 ms
liquid phase solid storage 81.939733 ms
liquid phase surface step 1.394732 ms
liquid phase loading 5.050527 ms
liquid phase containers/connections/parcels 5.746090 ms
cell storage 89 tets 505 knots 191 geometry 0.4659 curve 0.6629 ms
cell storage 90 tets 410 knots 158 geometry 0.3455 curve 0.7013 ms
cell storage 105 tets 596 knots 211 geometry 0.4823 curve 0.8139 ms
cell storage 106 tets 310 knots 122 geometry 0.2523 curve 0.4173 ms
liquid phase solid storage 87.396021 ms
liquid phase surface step 1.386554 ms
liquid phase loading 5.028510 ms
liquid phase containers/connections/parcels 6.128095 ms
cell storage 89 tets 505 knots 192 geometry 0.5238 curve 0.7889 ms
cell storage 90 tets 410 knots 159 geometry 0.6515 curve 0.6316 ms
cell storage 105 tets 596 knots 213 geometry 0.7905 curve 0.9003 ms
cell storage 106 tets 310 knots 122 geometry 0.2965 curve 0.4088 ms
liquid phase solid storage 82.393074 ms
liquid phase surface step 1.426621 ms
liquid phase loading 4.767182 ms
liquid phase containers/connections/parcels 7.005106 ms
cell storage 89 tets 521 knots 203 geometry 0.4929 curve 0.7694 ms
cell storage 90 tets 402 knots 153 geometry 0.3439 curve 0.5185 ms
cell storage 105 tets 600 knots 214 geometry 0.7913 curve 1.0465 ms
cell storage 106 tets 310 knots 122 geometry 0.2902 curve 0.4022 ms
liquid phase solid storage 88.496185 ms
liquid phase surface step 1.981835 ms
liquid phase loading 4.991531 ms
liquid phase containers/connections/parcels 6.151001 ms
cell storage 89 tets 521 knots 199 geometry 0.6884 curve 1.0082 ms
cell storage 90 tets 402 knots 153 geometry 0.4195 curve 0.8004 ms
cell storage 105 tets 588 knots 210 geometry 0.4762 curve 0.8421 ms
cell storage 106 tets 310 knots 122 geometry 0.2642 curve 0.4644 ms
liquid phase solid storage 104.666290 ms
liquid phase surface step 2.147438 ms
liquid phase loading 4.563128 ms
liquid phase containers/connections/parcels 7.989354 ms
cell storage 89 tets 521 knots 201 geometry 0.5355 curve 0.7637 ms
cell storage 90 tets 402 knots 155 geometry 0.3475 curve 0.5459 ms
cell storage 105 tets 580 knots 208 geometry 0.7386 curve 1.0869 ms
cell storage 106 tets 306 knots 122 geometry 0.3189 curve 0.5206 ms
liquid phase solid storage 90.912833 ms
liquid phase surface step 1.876540 ms
liquid phase loading 5.260765 ms
M55 radial fixed median 138.8590 p95 388.0704 max 555.5717 ms
M55 radial offscreen render 640x360 median 113.2340 p95 130.0658 max 133.1193 ms
M55 radial cells 192 faces 356 parcels 0 bodies 11 draws 19 solve 1.62278 ms iterations 4 residual 2.404314512e-09 partition 2.84217094304e-14
PASS complete ledger closes within M54 floating-point tolerance
PASS continued interaction has no retained solve/script failures
liquid phase containers/connections/parcels 0.136828 ms
cell storage 0 tets 264 knots 155 geometry 0.7651 curve 0.5369 ms
cell storage 1 tets 214 knots 114 geometry 0.4339 curve 0.2960 ms
cell storage 2 tets 214 knots 114 geometry 0.6182 curve 0.4368 ms
cell storage 3 tets 214 knots 113 geometry 0.8219 curve 0.4363 ms
cell storage 4 tets 221 knots 116 geometry 0.8638 curve 0.4439 ms
cell storage 5 tets 167 knots 95 geometry 0.7519 curve 0.3377 ms
cell storage 6 tets 566 knots 212 geometry 1.6763 curve 1.2263 ms
cell storage 7 tets 348 knots 147 geometry 1.3257 curve 0.7388 ms
cell storage 8 tets 372 knots 155 geometry 1.3568 curve 0.7865 ms
cell storage 9 tets 512 knots 207 geometry 1.5080 curve 0.7548 ms
cell storage 10 tets 189 knots 104 geometry 0.5275 curve 0.3192 ms
cell storage 11 tets 210 knots 114 geometry 1.0728 curve 0.4483 ms
cell storage 12 tets 214 knots 115 geometry 0.4944 curve 0.2766 ms
cell storage 13 tets 214 knots 115 geometry 0.5015 curve 0.2780 ms
cell storage 14 tets 364 knots 169 geometry 0.6395 curve 0.4798 ms
cell storage 15 tets 367 knots 193 geometry 1.1839 curve 0.5921 ms
cell storage 16 tets 214 knots 114 geometry 0.5919 curve 0.4112 ms
cell storage 17 tets 160 knots 66 geometry 0.1108 curve 0.2749 ms
cell storage 18 tets 160 knots 67 geometry 0.1380 curve 0.2726 ms
cell storage 19 tets 136 knots 59 geometry 0.1137 curve 0.2311 ms
cell storage 20 tets 116 knots 52 geometry 0.0667 curve 0.1260 ms
cell storage 21 tets 106 knots 50 geometry 0.0719 curve 0.1355 ms
cell storage 22 tets 934 knots 307 geometry 0.8407 curve 1.5538 ms
cell storage 23 tets 883 knots 289 geometry 1.0156 curve 1.3087 ms
cell storage 24 tets 776 knots 260 geometry 0.7551 curve 1.0994 ms
cell storage 25 tets 918 knots 298 geometry 0.7568 curve 1.8698 ms
cell storage 26 tets 137 knots 61 geometry 0.3218 curve 0.2326 ms
cell storage 27 tets 159 knots 70 geometry 0.1409 curve 0.1889 ms
cell storage 28 tets 160 knots 68 geometry 0.1009 curve 0.1798 ms
cell storage 29 tets 310 knots 119 geometry 0.1981 curve 0.3976 ms
cell storage 30 tets 308 knots 120 geometry 0.2140 curve 0.3859 ms
cell storage 31 tets 214 knots 116 geometry 0.7059 curve 0.2586 ms
cell storage 32 tets 214 knots 114 geometry 0.5767 curve 0.3421 ms
cell storage 33 tets 146 knots 65 geometry 0.0538 curve 0.1693 ms
cell storage 34 tets 122 knots 55 geometry 0.0502 curve 0.1616 ms
cell storage 38 tets 348 knots 132 geometry 0.2583 curve 0.5191 ms
cell storage 39 tets 252 knots 101 geometry 0.3323 curve 0.3895 ms
cell storage 40 tets 326 knots 121 geometry 0.3711 curve 0.5658 ms
cell storage 41 tets 500 knots 168 geometry 0.5338 curve 0.8560 ms
cell storage 42 tets 133 knots 58 geometry 0.1317 curve 0.1781 ms
cell storage 43 tets 302 knots 114 geometry 0.2533 curve 0.5216 ms
cell storage 44 tets 310 knots 117 geometry 0.4919 curve 0.6193 ms
cell storage 45 tets 308 knots 118 geometry 0.4988 curve 1.0146 ms
cell storage 46 tets 160 knots 70 geometry 0.2640 curve 0.2943 ms
cell storage 47 tets 214 knots 116 geometry 1.1684 curve 0.4435 ms
cell storage 48 tets 182 knots 99 geometry 1.0566 curve 0.3662 ms
cell storage 49 tets 119 knots 53 geometry 0.1262 curve 0.2037 ms
cell storage 57 tets 102 knots 48 geometry 0.1418 curve 0.1432 ms
cell storage 58 tets 280 knots 109 geometry 0.2724 curve 0.4798 ms
cell storage 59 tets 311 knots 120 geometry 0.3687 curve 0.6204 ms
cell storage 60 tets 155 knots 67 geometry 0.2613 curve 0.2285 ms
cell storage 61 tets 157 knots 68 geometry 0.1302 curve 0.1982 ms
cell storage 62 tets 150 knots 66 geometry 0.1365 curve 0.1941 ms
cell storage 63 tets 207 knots 114 geometry 0.5515 curve 0.2667 ms
cell storage 64 tets 159 knots 91 geometry 0.6097 curve 0.2122 ms
cell storage 73 tets 169 knots 79 geometry 0.1854 curve 0.2404 ms
cell storage 74 tets 227 knots 92 geometry 0.2275 curve 0.3405 ms
cell storage 75 tets 119 knots 54 geometry 0.2384 curve 0.1980 ms
cell storage 76 tets 117 knots 54 geometry 0.1608 curve 0.1421 ms
cell storage 77 tets 119 knots 55 geometry 0.1085 curve 0.1411 ms
cell storage 78 tets 127 knots 58 geometry 0.1223 curve 0.1792 ms
cell storage 79 tets 163 knots 92 geometry 0.5114 curve 0.2374 ms
cell storage 80 tets 106 knots 67 geometry 0.3481 curve 0.1317 ms
cell storage 87 tets 137 knots 64 geometry 0.2164 curve 0.2399 ms
cell storage 88 tets 152 knots 72 geometry 0.3404 curve 0.3368 ms
cell storage 89 tets 267 knots 115 geometry 0.2526 curve 0.4214 ms
cell storage 90 tets 190 knots 78 geometry 0.2124 curve 0.2470 ms
cell storage 95 tets 116 knots 69 geometry 0.5129 curve 0.1426 ms
cell storage 96 tets 110 knots 65 geometry 0.3480 curve 0.1371 ms
cell storage 102 tets 145 knots 69 geometry 0.1646 curve 0.2167 ms
cell storage 103 tets 147 knots 70 geometry 0.1806 curve 0.1984 ms
cell storage 105 tets 168 knots 75 geometry 0.1828 curve 0.2029 ms
cell storage 106 tets 171 knots 73 geometry 0.2437 curve 0.3516 ms
cell storage 111 tets 111 knots 64 geometry 0.6731 curve 0.2205 ms
cell storage 112 tets 148 knots 81 geometry 0.7440 curve 0.3034 ms
cell storage 113 tets 118 knots 54 geometry 0.0990 curve 0.2353 ms
cell storage 114 tets 114 knots 52 geometry 0.1262 curve 0.2143 ms
cell storage 115 tets 108 knots 48 geometry 0.1065 curve 0.1865 ms
cell storage 116 tets 120 knots 52 geometry 0.1187 curve 0.2216 ms
cell storage 117 tets 219 knots 91 geometry 0.2600 curve 0.4341 ms
cell storage 118 tets 165 knots 74 geometry 0.2387 curve 0.3074 ms
cell storage 126 tets 103 knots 50 geometry 0.0618 curve 0.1343 ms
cell storage 127 tets 136 knots 79 geometry 0.4404 curve 0.1897 ms
cell storage 128 tets 207 knots 108 geometry 0.5709 curve 0.3111 ms
cell storage 129 tets 157 knots 67 geometry 0.0614 curve 0.2129 ms
cell storage 130 tets 153 knots 67 geometry 0.0634 curve 0.1977 ms
cell storage 131 tets 300 knots 109 geometry 0.1223 curve 0.4514 ms
cell storage 132 tets 309 knots 115 geometry 0.1640 curve 0.4568 ms
cell storage 133 tets 288 knots 109 geometry 0.1577 curve 0.3655 ms
cell storage 141 tets 102 knots 48 geometry 0.1566 curve 0.1715 ms
cell storage 142 tets 127 knots 58 geometry 0.1334 curve 0.2392 ms
cell storage 143 tets 203 knots 108 geometry 0.6635 curve 0.2680 ms
cell storage 144 tets 214 knots 113 geometry 0.5178 curve 0.2920 ms
cell storage 145 tets 158 knots 66 geometry 0.0690 curve 0.1789 ms
cell storage 146 tets 308 knots 116 geometry 0.1347 curve 0.4293 ms
cell storage 147 tets 312 knots 117 geometry 0.1122 curve 0.4086 ms
cell storage 148 tets 158 knots 65 geometry 0.0670 curve 0.4234 ms
cell storage 149 tets 132 knots 57 geometry 0.0546 curve 0.2180 ms
cell storage 157 tets 129 knots 57 geometry 0.1283 curve 0.2156 ms
cell storage 158 tets 157 knots 65 geometry 0.0695 curve 0.1849 ms
cell storage 159 tets 214 knots 113 geometry 0.8691 curve 0.2783 ms
cell storage 160 tets 214 knots 113 geometry 0.5031 curve 0.2680 ms
cell storage 161 tets 308 knots 115 geometry 0.1048 curve 0.4152 ms
cell storage 162 tets 308 knots 114 geometry 0.2434 curve 0.5539 ms
cell storage 163 tets 158 knots 65 geometry 0.1585 curve 0.1928 ms
cell storage 164 tets 158 knots 65 geometry 0.0571 curve 0.1805 ms
cell storage 165 tets 134 knots 57 geometry 0.0540 curve 0.1790 ms
cell storage 171 tets 102 knots 50 geometry 0.0512 curve 0.1107 ms
cell storage 172 tets 133 knots 57 geometry 0.0681 curve 0.1518 ms
cell storage 173 tets 158 knots 65 geometry 0.0582 curve 0.1895 ms
cell storage 174 tets 158 knots 65 geometry 0.0555 curve 0.1806 ms
cell storage 175 tets 214 knots 113 geometry 0.4691 curve 0.2849 ms
cell storage 176 tets 367 knots 188 geometry 1.2359 curve 0.5089 ms
cell storage 177 tets 364 knots 165 geometry 0.7800 curve 0.7618 ms
cell storage 178 tets 214 knots 114 geometry 1.0341 curve 0.3167 ms
cell storage 179 tets 214 knots 113 geometry 0.4492 curve 0.2657 ms
cell storage 180 tets 222 knots 116 geometry 0.4541 curve 0.4173 ms
cell storage 181 tets 183 knots 96 geometry 0.6537 curve 0.2563 ms
cell storage 182 tets 123 knots 73 geometry 0.3413 curve 0.2366 ms
cell storage 183 tets 106 knots 63 geometry 0.4778 curve 0.1250 ms
cell storage 184 tets 106 knots 63 geometry 0.2569 curve 0.1206 ms
cell storage 185 tets 125 knots 77 geometry 0.3495 curve 0.1479 ms
cell storage 186 tets 155 knots 93 geometry 0.3794 curve 0.2106 ms
cell storage 187 tets 188 knots 105 geometry 0.4020 curve 0.3766 ms
cell storage 188 tets 214 knots 116 geometry 0.4388 curve 0.2656 ms
cell storage 189 tets 214 knots 114 geometry 0.4098 curve 0.3369 ms
cell storage 190 tets 214 knots 113 geometry 0.9388 curve 0.3934 ms
cell storage 191 tets 264 knots 156 geometry 1.5669 curve 0.3604 ms
liquid phase solid storage 117.490018 ms
liquid phase surface step 1.480168 ms
liquid phase loading 3.378867 ms
PASS reload reconstructs surface state and rejects old handles
PASS Stop clears surfaces, containers and parcels
M55 application 20 checks 0 failures
