step,fixed_ms,particle_executed,particle_ms,coupling_ms,rigid_ms,broadphase_ms,narrowphase_ms,solver_ms,contacts,contained_mass,density_ms,boundary_ms,velocity_ms,hydrostatic_ms,player_ms
0,7.623321,1,6.924682,7.345283,0.048654,0.011114,0.030853,0.004971,0,0,2.691597,2.460403,1.382649,0.087625,0.26825
1,8.756027,0,0,8.501923,0.037619,0.007531,0.025859,0.00342,0,0,2.691597,2.460403,1.382649,8.205503,0.286946
2,15.761614,1,6.915507,15.489344,0.048037,0.010652,0.030738,0.004965,0,0,2.602909,2.513812,1.413488,8.195691,0.312262
3,8.981313,0,0,8.659759,0.037402,0.007298,0.025903,0.00338,0,0,2.602909,2.513812,1.413488,8.356857,0.293685
4,16.856024,1,7.597049,16.54492,0.048017,0.010205,0.031001,0.004703,0,0,2.637769,3.084862,1.469495,8.518759,0.362904
5,8.95558,0,0,8.704932,0.034059,0.00668,0.02409,0.002782,0,0,2.637769,3.084862,1.469495,8.394662,0.301195
6,18.083363,1,8.676084,17.707448,0.045171,0.009079,0.029923,0.004824,0,0,3.045525,3.541157,1.674818,8.653519,0.306728
7,9.473138,0,0,9.156035,0.044294,0.009931,0.028306,0.004438,0,0,3.045525,3.541157,1.674818,8.814551,0.330906
8,17.23672,1,7.826308,16.569158,0.393602,0.007381,0.053235,0.330883,0,0,2.61752,3.192911,1.614632,8.370758,0.308446
9,9.433704,0,0,9.001336,0.142669,0.00902,0.119455,0.011051,4,0,2.61752,3.192911,1.614632,8.685591,0.30495
10,17.384903,1,8.232821,17.030861,0.075138,0.005776,0.062046,0.006688,4,0,2.574271,3.526561,1.735797,8.428906,0.307153
11,9.881956,0,0,8.973831,0.599884,0.007277,0.080263,0.511154,4,0,2.574271,3.526561,1.735797,8.652506,0.311223
12,18.119328,1,8.745989,17.631861,0.119067,0.009813,0.090219,0.01711,12,0,2.724203,3.785048,1.810601,8.467174,0.347135
13,9.317363,0,0,8.905131,0.113209,0.009424,0.086562,0.015453,12,0,2.724203,3.785048,1.810601,8.588052,0.30725
14,18.092039,1,8.935794,17.680648,0.097756,0.005778,0.079259,0.012023,12,0,2.702256,4.007508,1.837368,8.369855,0.308845
15,9.178244,0,0,8.770889,0.10858,0.00947,0.085744,0.011883,12,0,2.702256,4.007508,1.837368,8.453397,0.307712
16,18.240813,1,8.999331,17.747651,0.095344,0.005883,0.079469,0.009332,12,0,2.571997,4.066336,1.952516,8.317189,0.366415
17,9.214806,0,0,8.78643,0.113838,0.010182,0.088704,0.013041,12,0,2.571997,4.066336,1.952516,8.473337,0.302849
18,18.677427,1,9.221748,18.256946,0.106199,0.008111,0.085317,0.011317,12,0,2.639134,4.160684,2.023127,8.672825,0.296325
19,8.981862,0,0,8.581736,0.101157,0.006927,0.08281,0.01047,12,0,2.639134,4.160684,2.023127,8.281394,0.291465
20,18.97696,1,9.857214,18.542983,0.099916,0.006534,0.082551,0.009846,12,0,2.871796,4.501409,2.083419,8.326272,0.292423
21,8.939397,0,0,8.518794,0.121913,0.006972,0.103303,0.010641,12,0,2.871796,4.501409,2.083419,8.191002,0.318484
22,19.568692,1,10.053007,19.15025,0.099267,0.00664,0.081939,0.009944,12,0,2.797606,4.732873,2.028418,8.730719,0.298796
23,9.360685,0,0,8.923975,0.121012,0.010427,0.095175,0.013057,12,0,2.797606,4.732873,2.028418,8.624313,0.288816
24,19.80911,1,10.615348,19.379219,0.108627,0.008485,0.086609,0.01219,12,0,2.907753,5.151796,2.148229,8.403477,0.289872
25,9.353851,0,0,8.820163,0.141165,0.011057,0.102774,0.024034,12,0,2.907753,5.151796,2.148229,8.492267,0.315296
26,18.922883,1,9.813848,18.514721,0.104379,0.007141,0.084497,0.011049,12,0,2.76174,4.508441,2.128006,8.360706,0.277081
27,8.622817,0,0,8.190755,0.096385,0.006008,0.079914,0.009753,12,0,2.76174,4.508441,2.128006,7.905933,0.276142
28,20.301129,1,10.938653,19.815035,0.160437,0.010843,0.134371,0.013033,12,0,3.186022,4.9364,2.333257,8.509108,0.291145
29,8.937014,0,0,8.494055,0.118333,0.010318,0.093055,0.0129,12,0,3.186022,4.9364,2.333257,8.214592,0.267932
30,19.781687,1,10.956492,19.361096,0.101433,0.006785,0.083265,0.010363,12,0,2.950846,5.147243,2.437119,8.067055,0.270594
31,8.549652,0,0,8.142577,0.107858,0.008971,0.085243,0.012064,12,0,2.950846,5.147243,2.437119,7.868638,0.264304
32,20.682953,1,11.900026,20.176354,0.138413,0.007613,0.118194,0.0113,12,0,3.071597,5.659048,2.673354,7.894908,0.267222
33,9.026262,0,0,8.574404,0.123971,0.010121,0.090511,0.012692,12,0,3.071597,5.659048,2.673354,8.299649,0.262623
34,20.022758,1,11.443094,19.604539,0.098369,0.006173,0.08118,0.010166,12,0,3.053722,5.312162,2.616156,7.830578,0.26237
35,8.883952,0,0,8.409714,0.113702,0.01016,0.088313,0.013162,12,0,3.053722,5.312162,2.616156,8.034988,0.362873
36,20.171087,1,11.303748,19.735414,0.117846,0.010794,0.091503,0.013342,12,0,3.064051,5.36095,2.454616,8.105575,0.260014
37,8.663276,0,0,8.189433,0.110671,0.009297,0.087432,0.012348,12,0,3.064051,5.36095,2.454616,7.907149,0.271687
38,20.680066,1,11.831494,20.240484,0.111594,0.009238,0.08799,0.01262,12,0,3.10623,5.670403,2.559035,8.076701,0.261582
39,8.323398,0,0,7.914522,0.108359,0.009154,0.086098,0.011516,12,0,3.10623,5.670403,2.559035,7.64502,0.260262
40,20.401338,1,11.755996,19.975962,0.106845,0.00803,0.086026,0.011332,12,0,3.120128,5.534266,2.673307,7.892316,0.258274
41,8.746733,0,0,8.304943,0.115538,0.010368,0.090469,0.012735,12,0,3.120128,5.534266,2.673307,8.037999,0.255236
42,20.137782,1,11.61675,19.711449,0.10383,0.007603,0.084381,0.01081,12,0,3.055309,5.64501,2.490262,7.769477,0.257437
43,9.515658,0,0,8.947025,0.14911,0.011008,0.122284,0.013169,12,0,3.055309,5.64501,2.490262,8.631108,0.303685
44,20.061434,1,11.662109,19.641009,0.100595,0.006616,0.082726,0.010256,12,0,3.145567,5.593207,2.494966,7.654625,0.256339
45,8.315128,0,0,7.8857,0.107835,0.008896,0.086311,0.011122,12,0,3.145567,5.593207,2.494966,7.622434,0.253722
46,20.195267,1,11.56456,19.687222,0.11029,0.007936,0.089673,0.01128,12,0,3.020545,5.620238,2.501163,7.798338,0.257441
47,12.249447,0,0,11.621945,0.17051,0.015227,0.132637,0.018996,12,0,3.020545,5.620238,2.501163,11.252552,0.352818
48,25.148926,1,15.53116,24.597264,0.116279,0.010297,0.091059,0.012543,12,0,3.754606,8.169295,3.078616,8.617887,0.349371
49,10.189966,0,0,9.719768,0.1172,0.011315,0.090046,0.013175,12,0,3.754606,8.169295,3.078616,9.452385,0.254762
50,25.585241,1,15.546043,24.949241,0.188192,0.014662,0.150319,0.019461,12,0,3.825208,8.184751,3.098826,9.039102,0.276327
51,9.555585,0,0,9.027335,0.122592,0.011802,0.093856,0.014142,12,0,3.825208,8.184751,3.098826,8.742786,0.269996
52,23.195015,1,13.72571,22.695744,0.119749,0.011297,0.092761,0.012823,12,0,3.486943,6.757329,3.025477,8.631203,0.258282
53,8.609656,0,0,8.133639,0.125696,0.011069,0.098878,0.01335,12,0,3.486943,6.757329,3.025477,7.814832,0.306397
54,22.039541,1,12.697019,21.589295,0.114467,0.010216,0.089759,0.012208,12,0,3.3387,6.133757,2.734614,8.544268,0.264599
55,8.585872,0,0,8.110865,0.117745,0.011387,0.091728,0.012451,12,0,3.3387,6.133757,2.734614,7.787038,0.313586
56,22.344983,1,12.914785,21.678486,0.180089,0.021706,0.140584,0.013749,12,0,3.460474,6.226973,2.757137,8.410547,0.270554
57,9.174053,0,0,8.613461,0.117773,0.010985,0.09084,0.01369,12,0,3.460474,6.226973,2.757137,8.348441,0.252322
58,23.7694,1,13.893845,23.307186,0.123535,0.011315,0.095836,0.01355,12,0,3.539166,7.076257,2.802989,9.063036,0.2643
59,9.186339,0,0,8.708627,0.117513,0.01087,0.090028,0.014094,12,0,3.539166,7.076257,2.802989,8.409096,0.286787
60,28.775548,1,16.512044,28.154537,0.248599,0.017116,0.205484,0.022051,12,0,4.099941,8.772429,3.196719,11.292393,0.256548
61,8.540107,0,0,8.086602,0.116687,0.010891,0.089557,0.01371,12,0,4.099941,8.772429,3.196719,7.822865,0.250679
62,23.758775,1,15.199238,23.290098,0.141996,0.02051,0.104698,0.014075,12,0,3.696831,7.912248,3.09524,7.752776,0.258199
63,8.89447,0,0,8.391981,0.11566,0.010618,0.089248,0.013177,12,0,3.696831,7.912248,3.09524,8.087858,0.291502
64,21.641151,1,12.691495,21.153556,0.112812,0.01008,0.088519,0.012152,12,0,3.345932,6.026069,2.888545,8.128493,0.25725
65,8.540794,0,0,8.087084,0.115296,0.010302,0.089324,0.013409,12,0,3.345932,6.026069,2.888545,7.818862,0.255306
66,25.98145,1,16.94547,25.417294,0.115473,0.010555,0.089464,0.013189,12,0,4.068505,8.74746,3.56146,7.979389,0.36232
67,9.038092,0,0,8.535589,0.152261,0.011509,0.113719,0.02391,12,0,4.068505,8.74746,3.56146,8.261283,0.261299
68,22.027613,1,13.369432,21.574694,0.114354,0.009965,0.089568,0.012806,12,0,3.422121,6.592034,2.878281,7.821028,0.296142
69,8.580357,0,0,8.084472,0.117644,0.011354,0.089966,0.013659,12,0,3.422121,6.592034,2.878281,7.817269,0.254302
70,21.256856,1,12.36974,20.796672,0.119108,0.011095,0.092847,0.012782,12,0,3.242294,6.050494,2.624505,8.040533,0.298227
71,9.158107,0,0,8.676413,0.124078,0.010871,0.096945,0.013399,12,0,3.242294,6.050494,2.624505,8.403607,0.259781
72,21.133898,1,12.516601,20.676767,0.112234,0.009293,0.088612,0.012449,12,0,3.227391,5.84826,2.898732,7.818525,0.263107
73,8.677232,0,0,8.143972,0.135799,0.01034,0.11076,0.012732,12,0,3.227391,5.84826,2.898732,7.88177,0.251444
74,21.061387,1,12.353618,20.585704,0.109776,0.008889,0.087247,0.011959,12,0,3.3564,5.92527,2.594703,7.895676,0.267196
75,8.137467,0,0,7.719687,0.114015,0.010271,0.08878,0.012994,12,0,3.3564,5.92527,2.594703,7.455466,0.253807
76,20.323678,1,12.174515,19.885868,0.115179,0.005805,0.10018,0.00857,12,0,3.13597,6.069385,2.545632,7.381256,0.262668
77,8.11346,0,0,7.707255,0.107125,0.008869,0.085462,0.011433,12,0,3.13597,6.069385,2.545632,7.42844,0.268953
78,20.911365,1,12.823434,20.494996,0.094281,0.005871,0.079158,0.008662,12,0,3.420988,6.226168,2.726514,7.339715,0.261827
79,8.119312,0,0,7.696643,0.121275,0.0103,0.097279,0.01172,12,0,3.420988,6.226168,2.726514,7.379065,0.307373
80,21.20548,1,12.977678,20.734687,0.097368,0.005903,0.081817,0.008997,12,0,3.425021,6.038916,3.029349,7.41141,0.272124
81,8.311144,0,0,7.739948,0.110124,0.00968,0.086658,0.012148,12,0,3.425021,6.038916,3.029349,7.469372,0.26008
82,19.833245,1,11.757738,19.43627,0.096164,0.006285,0.08006,0.009178,12,0,3.0592,5.728089,2.54448,7.357411,0.259392
83,8.925082,0,0,8.446984,0.151762,0.012373,0.122225,0.013977,12,0,3.0592,5.728089,2.54448,8.094689,0.320876
84,20.129923,1,11.745739,19.724035,0.100431,0.006589,0.08256,0.010148,12,0,3.157637,5.615579,2.548368,7.652897,0.261691
85,8.24021,0,0,7.753666,0.103169,0.007196,0.084181,0.010643,12,0,3.157637,5.615579,2.548368,7.452394,0.291563
86,20.409809,1,11.79716,19.979977,0.123593,0.006913,0.104664,0.010797,12,0,3.065656,5.750055,2.546593,7.860408,0.259117
87,7.985153,0,0,7.586744,0.096744,0.005951,0.080568,0.009505,12,0,3.065656,5.750055,2.546593,7.320943,0.256531
88,20.310967,1,12.139239,19.896435,0.09461,0.005833,0.079678,0.0084,12,0,3.158916,5.83018,2.726838,7.411377,0.281185
89,8.093595,0,0,7.68728,0.107351,0.008776,0.085843,0.011186,12,0,3.158916,5.83018,2.726838,7.417776,0.259863
90,20.489785,1,12.178955,20.072704,0.094161,0.005706,0.079598,0.008202,12,0,3.38417,5.825975,2.541915,7.566922,0.260169
91,8.418973,0,0,7.997451,0.113559,0.009743,0.089124,0.012487,12,0,3.38417,5.825975,2.541915,7.731452,0.25533
92,19.862017,1,11.747016,19.467551,0.093752,0.005638,0.079172,0.008305,12,0,3.074311,5.695261,2.548816,7.337543,0.322391
93,7.996324,0,0,7.601231,0.095605,0.005755,0.08017,0.009011,12,0,3.074311,5.695261,2.548816,7.334516,0.257429
94,20.3896,1,11.781633,19.963578,0.111091,0.008598,0.089436,0.011222,12,0,3.078875,5.708359,2.568618,7.856167,0.260813
95,8.064768,0,0,7.670395,0.096053,0.006189,0.080131,0.008999,12,0,3.078875,5.708359,2.568618,7.401566,0.256564
96,20.440012,1,11.847152,19.924172,0.202233,0.009421,0.169084,0.02111,12,0,3.090077,5.762316,2.564918,7.742529,0.259318
97,8.100815,0,0,7.677925,0.096702,0.006296,0.080882,0.008823,12,0,3.090077,5.762316,2.564918,7.40907,0.25953
98,20.806725,1,12.45581,20.336193,0.151354,0.018568,0.118218,0.012883,12,0,3.283216,5.895832,2.843004,7.544666,0.261023
99,8.586356,0,0,8.152164,0.114294,0.01033,0.089344,0.012364,12,0,3.283216,5.895832,2.843004,7.874073,0.266338
100,19.926028,1,11.791455,19.526051,0.095497,0.00594,0.080584,0.008217,12,0,3.082894,5.728824,2.549569,7.415393,0.258234
101,8.567001,0,0,8.13973,0.109532,0.008969,0.086745,0.011945,12,0,3.082894,5.728824,2.549569,7.868503,0.259528
102,19.876596,1,11.743942,19.474888,0.101356,0.006105,0.085943,0.008612,12,0,3.08183,5.687032,2.550817,7.406952,0.262488
103,8.463168,0,0,7.983708,0.161228,0.012717,0.129396,0.017055,12,0,3.08183,5.687032,2.550817,7.581971,0.387763
104,19.924182,1,11.811218,19.528057,0.096627,0.006611,0.08062,0.008675,12,0,3.121729,5.722481,2.539037,7.397025,0.258229
105,7.989431,0,0,7.598259,0.095652,0.005993,0.07977,0.009171,12,0,3.121729,5.722481,2.539037,7.332719,0.256247
106,20.241137,1,12.149838,19.831023,0.093696,0.005727,0.079164,0.008179,12,0,3.213293,5.758687,2.754037,7.356839,0.260085
107,8.087784,0,0,7.672407,0.113283,0.009878,0.08861,0.012841,12,0,3.213293,5.758687,2.754037,7.402238,0.259346
108,20.225394,1,12.162405,19.809691,0.09352,0.005721,0.079037,0.008068,12,0,3.190053,5.779949,2.760089,7.318722,0.26152
109,8.074823,0,0,7.668892,0.107404,0.008994,0.085708,0.011078,12,0,3.190053,5.779949,2.760089,7.397482,0.261567
110,19.793224,1,11.755767,19.400128,0.09369,0.005734,0.079095,0.008169,12,0,3.094042,5.691736,2.544361,7.326466,0.258033
111,8.046972,0,0,7.62655,0.096332,0.006135,0.080074,0.009414,12,0,3.094042,5.691736,2.544361,7.359614,0.257608
112,20.262793,1,11.862559,19.85198,0.104449,0.007572,0.084859,0.010462,12,0,3.189089,5.69425,2.551101,7.660386,0.26204
113,7.897174,0,0,7.504815,0.096013,0.006029,0.080101,0.009197,12,0,3.189089,5.69425,2.551101,7.235633,0.259985
114,20.308352,1,11.749273,19.887987,0.107622,0.008713,0.085744,0.011323,12,0,3.147658,5.634317,2.540651,7.813744,0.259478
115,8.96646,0,0,8.530224,0.11318,0.010138,0.088678,0.012054,12,0,3.147658,5.634317,2.540651,8.256576,0.261313
116,19.928124,1,11.918279,19.477823,0.13735,0.005605,0.122733,0.008334,12,0,3.147494,5.649964,2.655293,7.228058,0.266377
117,8.215699,0,0,7.805489,0.10925,0.009144,0.086659,0.011692,12,0,3.147494,5.649964,2.655293,7.538341,0.256893
118,19.681107,1,11.744753,19.236098,0.096005,0.005658,0.081693,0.00799,12,0,3.088755,5.666047,2.54775,7.159254,0.271744
119,8.357483,0,0,7.920054,0.111357,0.009428,0.087602,0.012354,12,0,3.088755,5.666047,2.54775,7.653014,0.256136
120,19.754578,1,11.817076,19.359235,0.095299,0.005955,0.07999,0.008592,12,0,3.111727,5.695906,2.582543,7.222296,0.25875
121,8.381857,0,0,7.950975,0.111869,0.009763,0.087771,0.012291,12,0,3.111727,5.695906,2.582543,7.682764,0.256547
122,20.214504,1,12.173385,19.777124,0.097252,0.006295,0.081511,0.008416,12,0,3.115058,5.970821,2.656143,7.270017,0.261953
123,8.869001,0,0,8.372764,0.117521,0.011139,0.090442,0.013146,12,0,3.115058,5.970821,2.656143,8.100907,0.258172
124,22.590183,1,14.370941,22.144268,0.116127,0.010872,0.089485,0.013511,12,0,3.61088,7.520826,2.75643,7.435175,0.26187
125,8.299435,0,0,7.798617,0.118701,0.011668,0.091478,0.013135,12,0,3.61088,7.520826,2.75643,7.528502,0.257259
126,22.525802,1,13.512815,21.898592,0.209608,0.016627,0.1598,0.020215,12,0,3.616686,6.251043,3.070546,7.83887,0.437354
127,8.372082,0,0,7.87634,0.116057,0.010926,0.089148,0.013516,12,0,3.616686,6.251043,3.070546,7.60703,0.258229
128,22.216594,1,13.872071,21.774095,0.111767,0.009555,0.088476,0.011816,12,0,3.758263,6.725914,2.953826,7.53515,0.291644
129,8.258347,0,0,7.796108,0.142131,0.010385,0.116545,0.012985,12,0,3.758263,6.725914,2.953826,7.52762,0.256663
130,24.996193,1,16.677981,24.530573,0.116017,0.010646,0.09081,0.011985,12,0,4.209625,8.86392,3.149778,7.473458,0.267913
131,8.868823,0,0,8.410155,0.11819,0.010942,0.09058,0.013894,12,0,4.209625,8.86392,3.149778,8.113258,0.283333
132,21.86805,1,13.091311,21.283434,0.113956,0.010752,0.088963,0.011811,12,0,3.354934,6.13868,2.957736,7.670894,0.421169
133,9.862694,0,0,9.352565,0.125292,0.010842,0.099045,0.012862,12,0,3.354934,6.13868,2.957736,9.064761,0.274064
134,21.537455,1,13.126673,21.047373,0.164583,0.009438,0.131875,0.021298,12,0,3.482785,6.403192,2.764087,7.558297,0.288626
135,9.444886,0,0,8.982551,0.120767,0.010751,0.093756,0.013564,12,0,3.482785,6.403192,2.764087,8.660975,0.308472
136,21.073704,1,12.638746,20.597273,0.137375,0.008558,0.116558,0.010673,12,0,3.419225,5.934371,2.718391,7.570004,0.312916
137,8.661559,0,0,8.177238,0.115624,0.01066,0.089128,0.012903,12,0,3.419225,5.934371,2.718391,7.905322,0.258383
138,21.079356,1,12.668325,20.608407,0.114345,0.010136,0.089447,0.012467,12,0,3.374804,6.168728,2.68072,7.599852,0.266215
139,7.908805,0,0,7.49001,0.114703,0.009965,0.088857,0.013487,12,0,3.374804,6.168728,2.68072,7.221203,0.258622
140,20.599361,1,12.721164,20.168555,0.1147,0.005819,0.099802,0.008347,12,0,3.367917,6.168289,2.759262,7.121141,0.260961
141,7.891576,0,0,7.467668,0.125005,0.009374,0.103739,0.01021,12,0,3.367917,6.168289,2.759262,7.200845,0.257035
142,20.852897,1,12.777846,20.417536,0.102571,0.006338,0.086811,0.008696,12,0,3.379366,6.35883,2.609543,7.311323,0.262813
143,7.808706,0,0,7.40327,0.105633,0.008529,0.084522,0.010713,12,0,3.379366,6.35883,2.609543,7.135944,0.257458
144,19.709913,1,11.79103,19.314811,0.096933,0.005762,0.082229,0.008218,12,0,3.097444,5.666246,2.60418,7.201123,0.262677
145,8.821896,0,0,8.384808,0.107813,0.008166,0.085795,0.012059,12,0,3.097444,5.666246,2.60418,8.115813,0.257721
146,19.794397,1,11.822302,19.394148,0.095056,0.006061,0.080056,0.008222,12,0,3.090079,5.745256,2.562397,7.25137,0.259121
147,7.984827,0,0,7.512569,0.136487,0.010679,0.110274,0.013434,12,0,3.090079,5.745256,2.562397,7.219866,0.282125
148,20.805808,1,11.926149,20.375126,0.110112,0.009687,0.086953,0.011509,12,0,3.157529,5.71551,2.574258,8.120979,0.262396
149,7.799045,0,0,7.402582,0.096357,0.006254,0.080295,0.009049,12,0,3.157529,5.71551,2.574258,7.13657,0.256698
150,20.692438,1,12.76317,20.25817,0.093833,0.005636,0.079532,0.008049,12,0,3.287411,6.346169,2.694891,7.167125,0.263121
151,7.867235,0,0,7.452487,0.105595,0.008955,0.084336,0.010575,12,0,3.287411,6.346169,2.694891,7.185088,0.257436
152,20.609694,1,12.648014,20.187995,0.093603,0.005809,0.079038,0.008097,12,0,3.182144,6.178207,2.862018,7.208296,0.266932
153,7.952236,0,0,7.542831,0.107953,0.009537,0.08615,0.010486,12,0,3.182144,6.178207,2.862018,7.271359,0.261439
154,21.143758,1,12.943994,20.652924,0.093551,0.005794,0.078792,0.008275,12,0,3.201576,6.224536,3.025421,7.234209,0.386062
155,8.447809,0,0,7.969033,0.113653,0.010514,0.088722,0.012269,12,0,3.201576,6.224536,3.025421,7.697859,0.260026
156,19.828728,1,11.877353,19.373812,0.094681,0.006034,0.079451,0.008475,12,0,3.132283,5.682307,2.634051,7.174234,0.26039
157,7.816767,0,0,7.427331,0.094359,0.005979,0.079203,0.008515,12,0,3.132283,5.682307,2.634051,7.159796,0.258148
158,20.878943,1,11.993325,20.456137,0.111803,0.008142,0.09133,0.01074,12,0,3.165085,5.81659,2.582857,8.131401,0.265629
159,7.94612,0,0,7.510906,0.098541,0.006254,0.083111,0.008334,12,0,3.165085,5.81659,2.582857,7.243395,0.257966
160,20.742562,1,11.916091,20.32215,0.107147,0.008449,0.085785,0.011017,12,0,3.190395,5.697037,2.600603,8.078216,0.26212
161,7.909994,0,0,7.515966,0.095963,0.006434,0.080348,0.00832,12,0,3.190395,5.697037,2.600603,7.245833,0.260728
162,20.915231,1,12.094623,20.493362,0.106819,0.008137,0.085671,0.010884,12,0,3.121841,5.878412,2.66825,8.071428,0.260357
163,8.906352,0,0,8.467701,0.112832,0.009942,0.0889,0.011646,12,0,3.121841,5.878412,2.66825,8.195549,0.259865
164,19.957982,1,11.963746,19.556037,0.095959,0.006165,0.080433,0.008524,12,0,3.116605,5.835634,2.581902,7.268377,0.261339
165,8.949147,0,0,8.50171,0.112289,0.009984,0.088453,0.01166,12,0,3.116605,5.835634,2.581902,8.231421,0.256999
166,19.953298,1,11.87304,19.545559,0.09745,0.006604,0.08116,0.008749,12,0,3.17445,5.694374,2.577133,7.351651,0.258372
167,8.916119,0,0,8.476349,0.111814,0.0093,0.08871,0.011722,12,0,3.17445,5.694374,2.577133,8.205446,0.258233
168,19.889772,1,11.802088,19.454461,0.097392,0.006402,0.08104,0.008845,12,0,3.114198,5.689911,2.569226,7.332217,0.258026
169,7.876627,0,0,7.485219,0.094446,0.005927,0.079206,0.008557,12,0,3.114198,5.689911,2.569226,7.220166,0.255553
170,20.735625,1,12.153738,20.269656,0.15283,0.010012,0.125334,0.015237,12,0,3.123391,5.922102,2.67336,7.778913,0.261392
171,8.01617,0,0,7.594304,0.114356,0.010562,0.090283,0.011607,12,0,3.123391,5.922102,2.67336,7.327498,0.256252
172,20.742726,1,12.731037,20.310745,0.098579,0.006034,0.083033,0.008812,12,0,3.190608,6.316371,2.791308,7.249647,0.263216
173,7.947212,0,0,7.539165,0.108105,0.008987,0.086324,0.010725,12,0,3.190608,6.316371,2.791308,7.270897,0.258283
174,19.747521,1,11.821006,19.353544,0.093685,0.005977,0.078785,0.00825,12,0,3.1077,5.666773,2.622131,7.213909,0.257767
175,8.800001,0,0,8.375464,0.1084,0.008504,0.086638,0.01143,12,0,3.1077,5.666773,2.622131,8.107211,0.256291
176,19.945729,1,11.893079,19.511538,0.094806,0.006216,0.079465,0.008307,12,0,3.179974,5.718206,2.565938,7.299581,0.256997
177,8.57162,0,0,8.046982,0.137594,0.008223,0.116611,0.010755,12,0,3.179974,5.718206,2.565938,7.732137,0.304015
178,20.165512,1,11.882896,19.719596,0.11104,0.016157,0.083682,0.0099,12,0,3.126772,5.737682,2.588855,7.514658,0.258857
179,8.079426,0,0,7.66197,0.114825,0.010638,0.090135,0.011859,12,0,3.126772,5.737682,2.588855,7.394521,0.256708
180,20.678478,1,12.705074,20.268645,0.093868,0.00574,0.079115,0.00826,12,0,3.161729,6.490535,2.62194,7.236444,0.259804
181,8.017574,0,0,7.612162,0.107357,0.009589,0.085466,0.010562,12,0,3.161729,6.490535,2.62194,7.347788,0.254419
182,20.715082,1,12.746823,20.304155,0.095265,0.00568,0.080992,0.00788,12,0,3.165633,5.892275,3.256606,7.225802,0.263825
183,7.973885,0,0,7.56564,0.108774,0.00951,0.08719,0.010294,12,0,3.165633,5.892275,3.256606,7.296991,0.258703
184,20.610762,1,12.145984,20.200264,0.093471,0.005631,0.079159,0.007941,12,0,3.134363,5.769347,2.684359,7.209457,0.260515
185,7.963054,0,0,7.554231,0.10971,0.009091,0.087829,0.010957,12,0,3.134363,5.769347,2.684359,7.290709,0.253481
186,19.782169,1,11.919048,19.387581,0.092739,0.005649,0.078332,0.008145,12,0,3.131895,5.725594,2.593239,7.149559,0.258053
187,8.464244,0,0,8.047017,0.112874,0.010263,0.088636,0.011708,12,0,3.131895,5.725594,2.593239,7.752742,0.283255
188,21.032769,1,12.819893,20.610239,0.101424,0.007326,0.083429,0.009435,12,0,3.903633,5.89338,2.592307,7.459296,0.258982
189,7.907396,0,0,7.50235,0.105894,0.008864,0.085674,0.009654,12,0,3.903633,5.89338,2.592307,7.233249,0.259008
190,20.621612,1,12.699032,20.186421,0.104263,0.005847,0.089226,0.008501,12,0,3.769058,5.886864,2.618664,7.162519,0.259319
191,7.903287,0,0,7.49467,0.106907,0.008649,0.085818,0.010343,12,0,3.769058,5.886864,2.618664,7.227829,0.256938
192,20.097742,1,11.976409,19.634876,0.092814,0.005676,0.078443,0.008026,12,0,3.130405,5.678148,2.628279,7.15019,0.381896
193,8.739843,0,0,8.285655,0.11119,0.009858,0.087937,0.0113,12,0,3.130405,5.678148,2.628279,7.997533,0.276974
194,19.926606,1,12.032303,19.526901,0.094881,0.00597,0.079694,0.008502,12,0,3.161097,5.759652,2.683019,7.17281,0.260062
195,8.315496,0,0,7.713828,0.179619,0.020221,0.143884,0.013308,12,0,3.161097,5.759652,2.683019,7.411035,0.290272
196,20.01433,1,11.89943,19.586633,0.108303,0.00679,0.091381,0.009152,12,0,3.126434,5.754075,2.589828,7.365613,0.258236
197,7.867204,0,0,7.477983,0.095323,0.006064,0.079669,0.008855,12,0,3.126434,5.754075,2.589828,7.212858,0.255631
198,20.281394,1,12.343506,19.873435,0.092347,0.005479,0.078146,0.008127,12,0,3.280339,5.903798,2.689207,7.167276,0.28323
199,7.870108,0,0,7.462366,0.105729,0.009062,0.084727,0.010356,12,0,3.280339,5.903798,2.689207,7.195972,0.256421
200,21.000315,1,12.646202,20.537429,0.111853,0.009353,0.088214,0.012266,12,0,3.371875,6.060225,2.759563,7.555474,0.259828
201,8.4523,0,0,7.968148,0.116854,0.011271,0.089744,0.012952,12,0,3.371875,6.060225,2.759563,7.678236,0.27527
202,21.412899,1,12.726733,20.963755,0.11789,0.010976,0.091501,0.012824,12,0,3.370364,6.07232,2.818515,7.898035,0.260625
203,7.985346,0,0,7.563428,0.11474,0.010654,0.089162,0.012893,12,0,3.370364,6.07232,2.818515,7.270941,0.281348
204,20.247169,1,11.890175,19.836986,0.103614,0.007079,0.084912,0.010308,12,0,3.154379,5.673573,2.635576,7.62466,0.258592
205,7.837439,0,0,7.447107,0.094497,0.005878,0.079463,0.008497,12,0,3.154379,5.673573,2.635576,7.177349,0.260363
206,20.388893,1,11.894184,19.907135,0.107851,0.008099,0.087042,0.010829,12,0,3.139835,5.69494,2.632933,7.689038,0.257579
207,7.945668,0,0,7.521798,0.108744,0.009657,0.085999,0.011131,12,0,3.139835,5.69494,2.632933,7.255204,0.255431
208,20.965129,1,12.306837,20.517891,0.114405,0.010326,0.089334,0.012008,12,0,3.220037,5.798524,2.804661,7.869609,0.261846
209,9.948458,0,0,9.488425,0.115597,0.010315,0.090748,0.011718,12,0,3.220037,5.798524,2.804661,9.210399,0.264562
210,21.418997,1,12.863312,20.926459,0.115471,0.01085,0.089499,0.012334,12,0,3.466064,6.179707,2.779485,7.724861,0.262136
211,9.53419,0,0,8.917796,0.125705,0.011038,0.098279,0.012228,12,0,3.466064,6.179707,2.779485,8.615993,0.287327
212,21.775878,1,13.101953,21.321561,0.120347,0.01144,0.092162,0.013406,12,0,3.408692,6.292896,2.908718,7.881399,0.258527
213,8.657534,0,0,8.011783,0.187443,0.022303,0.149185,0.013086,12,0,3.408692,6.292896,2.908718,7.620168,0.366322
214,25.227806,1,12.474444,24.732758,0.126637,0.011004,0.099876,0.01266,12,0,3.167483,6.062504,2.774517,11.89918,0.266907
215,10.154561,0,0,9.480752,0.230533,0.041236,0.160254,0.025853,12,0,3.167483,6.062504,2.774517,9.055829,0.406405
216,21.698996,1,12.73697,21.252504,0.101522,0.007386,0.082799,0.010033,12,0,3.328129,6.034514,2.942965,8.135727,0.282097
217,8.453408,0,0,8.005729,0.110913,0.01035,0.087309,0.011302,12,0,3.328129,6.034514,2.942965,7.738572,0.256445
218,20.22534,1,12.114686,19.689005,0.113924,0.005848,0.098995,0.008355,12,0,3.120773,5.814788,2.662759,7.227369,0.279449
219,7.968697,0,0,7.552275,0.110969,0.009938,0.087396,0.011692,12,0,3.120773,5.814788,2.662759,7.285618,0.256101
220,20.564366,1,12.387272,20.132222,0.114372,0.008018,0.094849,0.010348,12,0,3.288392,5.997086,2.652827,7.403217,0.260823
221,7.933247,0,0,7.530333,0.103378,0.007701,0.084212,0.010049,12,0,3.288392,5.997086,2.652827,7.266476,0.254172
222,20.509374,1,12.452047,20.063892,0.124925,0.006164,0.109231,0.008705,12,0,3.329959,6.115994,2.581803,7.283152,0.261571
223,7.971102,0,0,7.562163,0.106436,0.008687,0.086181,0.009999,12,0,3.329959,6.115994,2.581803,7.296264,0.255899
224,20.494871,1,12.596568,20.083542,0.09292,0.005718,0.07828,0.008266,12,0,3.235015,6.146957,2.784541,7.159307,0.260137
225,7.909596,0,0,7.502787,0.108673,0.009426,0.087813,0.009777,12,0,3.235015,6.146957,2.784541,7.173517,0.319264
226,19.758033,1,11.897608,19.369423,0.093204,0.005738,0.078775,0.008105,12,0,3.116066,5.765778,2.593569,7.151058,0.260098
227,8.042152,0,0,7.586265,0.113581,0.010724,0.088367,0.012284,12,0,3.116066,5.765778,2.593569,7.262698,0.311646
228,20.282771,1,12.038618,19.873919,0.102544,0.006714,0.084587,0.010153,12,0,3.158529,5.856756,2.595619,7.515235,0.256113
229,7.797109,0,0,7.401667,0.097689,0.005944,0.07992,0.011087,12,0,3.158529,5.856756,2.595619,7.137441,0.254676
230,20.533804,1,11.963553,20.109228,0.108627,0.008893,0.086713,0.011074,12,0,3.142486,5.742007,2.593994,7.823323,0.255862
231,7.795039,0,0,7.40399,0.094055,0.005814,0.078932,0.008651,12,0,3.142486,5.742007,2.593994,7.140333,0.254144
232,20.312895,1,12.406074,19.904975,0.09266,0.005536,0.07889,0.007663,12,0,3.267672,5.995012,2.719608,7.173473,0.259457
233,7.955678,0,0,7.535981,0.117521,0.0193,0.086,0.010614,12,0,3.267672,5.995012,2.719608,7.260889,0.264906
234,20.441746,1,12.499109,20.032193,0.093292,0.005737,0.078852,0.008001,12,0,3.170529,6.159235,2.709305,7.183002,0.282962
235,8.535639,0,0,8.07424,0.112675,0.010502,0.088574,0.011449,12,0,3.170529,6.159235,2.709305,7.809268,0.253401
236,19.861286,1,11.919566,19.467682,0.093952,0.005786,0.079207,0.008266,12,0,3.119392,5.756008,2.615285,7.227646,0.258232
237,7.848308,0,0,7.461034,0.093041,0.00585,0.078596,0.007944,12,0,3.119392,5.756008,2.615285,7.199144,0.252484
238,20.461135,1,12.004817,20.023595,0.120957,0.008692,0.098695,0.011553,12,0,3.147817,5.809102,2.621453,7.694118,0.257619
239,7.840577,0,0,7.446795,0.095451,0.006409,0.079922,0.008382,12,0,3.147817,5.809102,2.621453,7.182101,0.255268
240,20.491984,1,12.093443,20.065934,0.107075,0.008135,0.08613,0.010862,12,0,3.172744,5.871308,2.622938,7.643007,0.261595
241,7.927528,0,0,7.532432,0.097194,0.006703,0.081288,0.008326,12,0,3.172744,5.871308,2.622938,7.263486,0.259377
242,20.651237,1,12.644007,20.232025,0.09684,0.00623,0.080963,0.008924,12,0,3.396818,6.196231,2.624931,7.259892,0.259501
243,8.551244,0,0,8.110749,0.11327,0.010761,0.088257,0.011899,12,0,3.396818,6.196231,2.624931,7.806199,0.292124
244,20.805438,1,12.810414,20.402617,0.094808,0.005938,0.079959,0.008127,12,0,3.35451,6.346312,2.658715,7.250385,0.257851
245,8.419116,0,0,7.985077,0.112817,0.010327,0.088668,0.011555,12,0,3.35451,6.346312,2.658715,7.711319,0.261398
246,20.290609,1,12.085405,19.843382,0.096349,0.00652,0.080756,0.008155,12,0,3.126202,5.761171,2.768278,7.437845,0.256703
247,8.410465,0,0,7.975297,0.111182,0.009416,0.088483,0.011171,12,0,3.126202,5.761171,2.768278,7.687262,0.275866
248,19.967574,1,12.027819,19.57086,0.094533,0.006045,0.07933,0.008349,12,0,3.171674,5.8007,2.626585,7.223343,0.25768
249,7.890825,0,0,7.501124,0.094606,0.006119,0.079255,0.008514,12,0,3.171674,5.8007,2.626585,7.237712,0.253834
250,20.479347,1,12.606081,20.072512,0.09292,0.005626,0.078666,0.008083,12,0,3.252571,6.055774,2.87353,7.132732,0.267032
251,9.166963,0,0,8.589923,0.24044,0.011008,0.204612,0.021231,12,0,3.252571,6.055774,2.87353,8.317567,0.257748
252,21.476858,1,12.653814,21.035009,0.120727,0.024778,0.084233,0.01022,12,0,3.299894,6.0577,2.838714,8.036338,0.26321
253,7.879833,0,0,7.470259,0.107644,0.009191,0.08628,0.010504,12,0,3.299894,6.0577,2.838714,7.20501,0.255278
254,20.498314,1,12.037916,20.066618,0.118055,0.008519,0.096243,0.011188,12,0,3.170318,5.776767,2.660542,7.701008,0.25979
255,9.015746,0,0,8.485904,0.148416,0.019709,0.103616,0.022473,12,0,3.170318,5.776767,2.660542,8.136259,0.326872
256,20.480949,1,12.520816,20.059179,0.098272,0.006309,0.081979,0.009153,12,0,3.238715,6.094705,2.724878,7.210386,0.259413
257,8.449023,0,0,8.009572,0.113497,0.010742,0.088713,0.011408,12,0,3.238715,6.094705,2.724878,7.731219,0.265796
258,20.656682,1,12.52778,20.199468,0.139296,0.017395,0.095902,0.024348,12,0,3.208154,6.137053,2.75457,7.326322,0.267074
259,8.542861,0,0,8.105179,0.11415,0.010725,0.089328,0.011939,12,0,3.208154,6.137053,2.75457,7.838078,0.254581
260,20.399995,1,12.49193,19.982494,0.095915,0.005788,0.081211,0.008215,12,0,3.261745,6.135203,2.667325,7.161218,0.260541
261,7.896647,0,0,7.486711,0.107812,0.009906,0.086006,0.010287,12,0,3.261745,6.135203,2.667325,7.22003,0.256366
262,20.805585,1,12.325352,20.379202,0.108651,0.008757,0.086385,0.011376,12,0,3.398408,5.831154,2.647265,7.715024,0.262991
263,8.470792,0,0,8.023415,0.111365,0.010045,0.087782,0.011406,12,0,3.398408,5.831154,2.647265,7.749546,0.261586
264,20.403641,1,12.310335,19.988468,0.094819,0.006096,0.079961,0.008005,12,0,3.218165,6.015463,2.644856,7.31146,0.299055
265,7.851752,0,0,7.44717,0.106852,0.008971,0.085769,0.010432,12,0,3.218165,6.015463,2.644856,7.179473,0.257836
266,20.432197,1,12.423819,20.006172,0.106292,0.006815,0.08947,0.008137,12,0,3.336601,5.979444,2.681856,7.25372,0.261693
267,8.584608,0,0,8.161226,0.113167,0.010498,0.088401,0.012085,12,0,3.336601,5.979444,2.681856,7.893164,0.256798
268,23.454259,1,12.651458,22.962511,0.125649,0.013028,0.097247,0.012445,12,0,3.301551,6.240267,2.659648,9.900997,0.317401
269,8.486591,0,0,8.053185,0.111238,0.009719,0.087601,0.011752,12,0,3.301551,6.240267,2.659648,7.783456,0.258022
270,21.492275,1,12.75763,20.994134,0.11143,0.009416,0.088211,0.01167,12,0,3.280033,6.188755,2.858559,7.888768,0.271607
271,8.173563,0,0,7.728446,0.112899,0.010103,0.088531,0.012177,12,0,3.280033,6.188755,2.858559,7.459453,0.256541
272,22.386862,1,13.146666,21.90932,0.1174,0.010574,0.092178,0.012045,12,0,3.556247,6.282272,2.862251,8.360277,0.301547
273,8.237306,0,0,7.820706,0.111415,0.010062,0.087569,0.011896,12,0,3.556247,6.282272,2.862251,7.525521,0.284683
274,21.031931,1,12.465805,20.561696,0.098459,0.006586,0.081585,0.00939,12,0,3.324906,5.978365,2.734946,7.649748,0.365883
275,8.102218,0,0,7.645931,0.114541,0.010454,0.089538,0.01216,12,0,3.324906,5.978365,2.734946,7.36572,0.268385
276,20.711741,1,12.114986,20.169296,0.104166,0.00754,0.085118,0.009973,12,0,3.10707,5.830443,2.7222,7.568915,0.398384
277,7.995426,0,0,7.545189,0.145514,0.010353,0.121839,0.011213,12,0,3.10707,5.830443,2.7222,7.255275,0.279209
278,22.284311,1,13.699303,21.846422,0.114831,0.010697,0.089484,0.012005,12,0,3.466814,6.691972,3.075676,7.806891,0.26198
279,11.00288,0,0,10.284967,0.242897,0.035495,0.166896,0.036436,12,0,3.466814,6.691972,3.075676,9.854151,0.402966
280,22.338443,1,12.570687,21.758667,0.153776,0.011274,0.118793,0.021229,12,0,3.348559,5.952926,2.828211,8.841968,0.264089
281,8.516442,0,0,8.006141,0.123583,0.011612,0.096146,0.013067,12,0,3.348559,5.952926,2.828211,7.72463,0.266356
282,21.963768,1,13.163975,21.474332,0.142894,0.020909,0.103102,0.016482,12,0,3.466941,6.431862,2.79765,7.952231,0.269082
283,8.827464,0,0,8.235377,0.195588,0.016135,0.15524,0.020544,12,0,3.466941,6.431862,2.79765,7.755262,0.463858
284,22.864757,1,13.435985,22.339377,0.191078,0.016021,0.149803,0.021021,12,0,3.433096,6.605678,2.961699,8.440899,0.372784
285,8.771357,0,0,8.238,0.127341,0.010994,0.101537,0.012283,12,0,3.433096,6.605678,2.961699,7.892381,0.33175
286,21.534782,1,13.095748,21.086852,0.113232,0.009869,0.089215,0.012056,12,0,3.411697,6.114631,3.088463,7.653005,0.262274
287,8.435125,0,0,7.910494,0.183969,0.011377,0.156544,0.012816,12,0,3.411697,6.114631,3.088463,7.608464,0.288629
288,20.772698,1,12.779953,20.341822,0.093116,0.005832,0.078738,0.007897,12,0,3.278272,6.398552,2.675258,7.228918,0.263399
289,7.955981,0,0,7.544683,0.107089,0.009449,0.085489,0.010336,12,0,3.278272,6.398552,2.675258,7.27664,0.25797
290,21.174923,1,13.256588,20.760454,0.094565,0.005957,0.079441,0.008257,12,0,3.532349,6.437305,2.811521,7.133692,0.300623
291,8.87433,0,0,8.429151,0.112661,0.010439,0.088323,0.011538,12,0,3.532349,6.437305,2.811521,8.158403,0.258631
292,20.753073,1,12.73263,20.33573,0.096232,0.00619,0.080079,0.009042,12,0,3.259228,6.307817,2.736042,7.273323,0.261992
293,7.90522,0,0,7.49669,0.107499,0.009747,0.085595,0.010206,12,0,3.259228,6.307817,2.736042,7.227779,0.25878
294,21.295266,1,12.599319,20.850766,0.12003,0.009555,0.096294,0.011677,12,0,3.254239,6.013045,2.90386,7.913696,0.264798
295,7.915088,0,0,7.502727,0.108159,0.009653,0.086277,0.01048,12,0,3.254239,6.013045,2.90386,7.236347,0.256409
296,21.668066,1,11.963079,21.241227,0.111114,0.00881,0.088886,0.011338,12,0,3.127293,5.791639,2.610915,8.946692,0.260834
297,8.735073,0,0,8.296942,0.114077,0.009625,0.090466,0.011919,12,0,3.127293,5.791639,2.610915,8.013097,0.271319
298,21.633707,1,12.670909,21.159302,0.151942,0.020003,0.110665,0.019154,12,0,3.307125,5.996795,2.935056,8.147675,0.265178
299,8.524517,0,0,8.090178,0.113653,0.010409,0.088966,0.011898,12,0,3.307125,5.996795,2.935056,7.82139,0.256865
300,21.692392,1,12.75641,21.22059,0.114054,0.009473,0.090576,0.011914,12,0,3.399935,6.285821,2.623329,8.085128,0.306401
301,8.259609,0,0,7.831032,0.111615,0.010199,0.087867,0.011225,12,0,3.399935,6.285821,2.623329,7.560715,0.25862
302,19.977576,1,11.836886,19.57726,0.09749,0.006559,0.081014,0.009195,12,0,3.12326,5.671823,2.615153,7.418409,0.259676
303,8.529631,0,0,8.094717,0.111595,0.009929,0.087592,0.011782,12,0,3.12326,5.671823,2.615153,7.820199,0.262129
304,19.804464,1,11.842067,19.407234,0.094111,0.00583,0.079212,0.008375,12,0,3.085045,5.732313,2.59837,7.242949,0.259845
305,7.895269,0,0,7.479379,0.114773,0.005845,0.099768,0.008495,12,0,3.085045,5.732313,2.59837,7.193354,0.276746
306,21.143321,1,12.508005,20.674218,0.146589,0.010493,0.112176,0.021529,12,0,3.263488,6.138438,2.677554,7.828918,0.261593
307,8.242517,0,0,7.814337,0.11485,0.012639,0.087982,0.012148,12,0,3.263488,6.138438,2.677554,7.54553,0.257543
308,20.342617,1,12.426092,19.923692,0.094491,0.006179,0.079102,0.00853,12,0,3.226884,6.104087,2.659552,7.166166,0.262883
309,7.893468,0,0,7.486338,0.106685,0.009192,0.085285,0.010445,12,0,3.226884,6.104087,2.659552,7.219594,0.25682
310,19.840294,1,11.942241,19.447696,0.09369,0.005841,0.079078,0.00798,12,0,3.194714,5.697802,2.624079,7.182153,0.260798
311,8.356063,0,0,7.910559,0.117545,0.009411,0.0942,0.01169,12,0,3.194714,5.697802,2.624079,7.641582,0.256737
312,19.975801,1,12.009056,19.574971,0.094854,0.006088,0.079079,0.008906,12,0,3.13062,5.791777,2.662737,7.24336,0.259541
313,8.329316,0,0,7.841866,0.166861,0.013056,0.134247,0.016719,12,0,3.13062,5.791777,2.662737,7.457314,0.369581
314,20.011895,1,11.983892,19.60412,0.095738,0.00626,0.080004,0.008572,12,0,3.151385,5.770976,2.635956,7.261985,0.29543
315,7.942254,0,0,7.522327,0.112958,0.01006,0.088476,0.012344,12,0,3.151385,5.770976,2.635956,7.254167,0.257492
316,20.209664,1,12.302787,19.799318,0.094459,0.005964,0.079532,0.008234,12,0,3.294414,5.867343,2.713051,7.161994,0.265437
317,7.947664,0,0,7.539571,0.107425,0.009282,0.085629,0.010664,12,0,3.294414,5.867343,2.713051,7.269422,0.260139
318,20.31233,1,12.310102,19.901807,0.09424,0.00602,0.079282,0.008261,12,0,3.169271,5.821974,2.780478,7.258568,0.263277
319,7.997741,0,0,7.590339,0.106844,0.009259,0.085321,0.010411,12,0,3.169271,5.821974,2.780478,7.322079,0.258211
320,20.19016,1,12.104818,19.724194,0.095254,0.006164,0.079772,0.008589,12,0,3.123668,5.7996,2.722241,7.244118,0.271402
321,8.07624,0,0,7.604606,0.107272,0.008807,0.086633,0.010181,12,0,3.123668,5.7996,2.722241,7.336279,0.258081
322,20.006668,1,11.996516,19.586808,0.115603,0.006058,0.099796,0.008954,12,0,3.106046,5.826311,2.639566,7.267861,0.260208
323,7.966949,0,0,7.542651,0.112043,0.010234,0.087717,0.01169,12,0,3.106046,5.826311,2.639566,7.274563,0.25745
324,20.828613,1,12.917877,20.395781,0.09396,0.005803,0.079164,0.008288,12,0,3.547598,6.086834,2.847346,7.142979,0.264718
325,7.921719,0,0,7.509138,0.110482,0.009671,0.088171,0.010782,12,0,3.547598,6.086834,2.847346,7.16512,0.334014
326,20.425934,1,12.469505,20.004603,0.09712,0.005954,0.079283,0.011166,12,0,3.274628,6.037651,2.673864,7.156885,0.301249
327,7.921282,0,0,7.509754,0.107551,0.00938,0.086118,0.010318,12,0,3.274628,6.037651,2.673864,7.241586,0.258009
328,19.869666,1,11.91512,19.476186,0.094753,0.006068,0.079238,0.008633,12,0,3.104827,5.694065,2.692971,7.237837,0.261179
329,8.529523,0,0,8.089343,0.111308,0.009368,0.088031,0.011642,12,0,3.104827,5.694065,2.692971,7.813578,0.263247
330,19.990503,1,11.926223,19.590278,0.098175,0.006096,0.08238,0.008718,12,0,3.157673,5.725199,2.617212,7.337448,0.260844
331,7.892132,0,0,7.475793,0.112563,0.010155,0.088741,0.011646,12,0,3.157673,5.725199,2.617212,7.203206,0.261915
332,20.5844,1,12.080894,20.095654,0.109796,0.00907,0.087469,0.01121,12,0,3.112461,5.743971,2.79426,7.68424,0.262442
333,7.827461,0,0,7.430858,0.098069,0.006546,0.081385,0.009252,12,0,3.112461,5.743971,2.79426,7.161554,0.259773
334,20.353955,1,12.390443,19.936986,0.093115,0.005569,0.078673,0.008257,12,0,3.16096,6.003989,2.798264,7.217312,0.263016
335,7.984474,0,0,7.574704,0.106279,0.009594,0.084986,0.010109,12,0,3.16096,6.003989,2.798264,7.3054,0.259222
336,20.454746,1,12.55102,20.04244,0.092609,0.005593,0.078312,0.00811,12,0,3.238007,6.139652,2.745871,7.160036,0.263235
337,7.965548,0,0,7.557374,0.107931,0.009241,0.086289,0.01046,12,0,3.238007,6.139652,2.745871,7.28872,0.258583
338,20.39974,1,12.453625,19.982129,0.094747,0.005507,0.080604,0.007989,12,0,3.193902,5.93397,2.895703,7.196971,0.263901
339,8.310013,0,0,7.856677,0.115088,0.010879,0.089534,0.012189,12,0,3.193902,5.93397,2.895703,7.585693,0.257303
340,21.440282,1,12.758311,20.984186,0.114075,0.010691,0.088787,0.011773,12,0,3.438173,6.011557,2.863257,7.848519,0.296191
341,8.477565,0,0,8.036661,0.114188,0.010267,0.089583,0.012086,12,0,3.438173,6.011557,2.863257,7.767025,0.257394
342,21.324903,1,12.625465,20.85345,0.111848,0.009221,0.088482,0.011999,12,0,3.394277,5.992334,2.791765,7.892805,0.262039
343,8.14603,0,0,7.739329,0.105791,0.008593,0.085996,0.009709,12,0,3.394277,5.992334,2.791765,7.413811,0.315616
344,20.561789,1,12.071601,20.132822,0.10998,0.009185,0.087245,0.011099,12,0,3.120635,5.895422,2.624171,7.732261,0.26096
345,7.869678,0,0,7.471049,0.095282,0.006359,0.079403,0.008759,12,0,3.120635,5.895422,2.624171,7.203515,0.258017
346,20.476999,1,12.357834,20.044222,0.112909,0.007548,0.093557,0.010382,12,0,3.182313,6.068506,2.679635,7.353688,0.265525
347,8.789921,0,0,8.319184,0.136596,0.019564,0.102262,0.01237,12,0,3.182313,6.068506,2.679635,8.046318,0.25928
348,23.008717,1,14.480799,22.51091,0.132452,0.011132,0.105718,0.012834,12,0,3.553471,7.29209,3.194688,7.647584,0.276175
349,8.735587,0,0,8.269359,0.126781,0.011545,0.100383,0.011905,12,0,3.553471,7.29209,3.194688,7.960443,0.296015
350,21.391882,1,12.981692,20.911813,0.12595,0.011548,0.09936,0.012421,12,0,3.337488,6.175909,2.993788,7.575754,0.274161
351,8.767355,0,0,8.156975,0.121668,0.013196,0.0897,0.016485,12,0,3.337488,6.175909,2.993788,7.739865,0.401432
352,21.68579,1,13.106368,21.157072,0.138795,0.011663,0.11094,0.012226,12,0,3.509077,6.319123,2.821731,7.691415,0.279536
353,8.201365,0,0,7.788784,0.109844,0.009866,0.087642,0.010609,12,0,3.509077,6.319123,2.821731,7.481936,0.280406
354,22.231115,1,13.291127,21.754741,0.115192,0.011418,0.088675,0.012283,12,0,3.439452,6.504307,2.856845,8.113636,0.271321
355,10.317659,0,0,9.889924,0.112511,0.010301,0.087439,0.012173,12,0,3.439452,6.504307,2.856845,9.619137,0.25912
356,20.67977,1,12.033595,20.252506,0.1071,0.008226,0.08609,0.010984,12,0,3.169844,5.809674,2.62702,7.886759,0.265003
357,7.909499,0,0,7.512646,0.09744,0.0065,0.081325,0.008793,12,0,3.169844,5.809674,2.62702,7.235588,0.267488
358,21.158278,1,12.560779,20.741802,0.096132,0.006183,0.08056,0.008589,12,0,3.303871,6.094914,2.736479,7.793575,0.26299
359,8.203308,0,0,7.792492,0.107088,0.009488,0.085332,0.010476,12,0,3.303871,6.094914,2.736479,7.524256,0.258088
360,20.427154,1,12.471891,20.01727,0.094243,0.005854,0.079438,0.008243,12,0,3.282892,6.074821,2.688239,7.21269,0.266385
361,7.929502,0,0,7.499124,0.124846,0.009462,0.102394,0.010556,12,0,3.282892,6.074821,2.688239,7.231111,0.257986
362,20.250364,1,12.21883,19.839043,0.094363,0.005965,0.079127,0.008496,12,0,3.161098,5.850517,2.673607,7.186165,0.352017
363,8.051768,0,0,7.636439,0.113014,0.010233,0.08884,0.012058,12,0,3.161098,5.850517,2.673607,7.367027,0.258844
364,20.572802,1,12.406945,20.136324,0.117679,0.008164,0.097443,0.01057,12,0,3.167644,6.145079,2.66772,7.393544,0.265401
365,7.888167,0,0,7.490554,0.099071,0.006983,0.081636,0.009283,12,0,3.167644,6.145079,2.66772,7.217986,0.262846
366,20.403005,1,12.391453,19.984452,0.099068,0.007255,0.081478,0.009472,12,0,3.183476,6.113748,2.663579,7.26223,0.26285
367,7.998297,0,0,7.592595,0.10455,0.007898,0.084403,0.010296,12,0,3.183476,6.113748,2.663579,7.322878,0.259662
368,20.313279,1,12.375392,19.889601,0.09445,0.005905,0.079578,0.008291,12,0,3.261474,5.900326,2.781107,7.182223,0.263738
369,7.936279,0,0,7.520192,0.10609,0.009093,0.084771,0.010507,12,0,3.261474,5.900326,2.781107,7.186902,0.323296
370,19.808453,1,11.965886,19.416456,0.094583,0.005978,0.079335,0.008569,12,0,3.113141,5.807293,2.618952,7.126946,0.261814
371,8.063615,0,0,7.602941,0.143048,0.011035,0.116271,0.012761,12,0,3.113141,5.807293,2.618952,7.330657,0.260224
372,20.401434,1,12.16212,19.977726,0.099949,0.006429,0.082818,0.009401,12,0,3.185168,5.769586,2.740464,7.488723,0.260478
373,7.837622,0,0,7.442412,0.096768,0.006385,0.080699,0.008951,12,0,3.185168,5.769586,2.740464,7.154273,0.27863
374,20.404612,1,12.048067,19.876757,0.193373,0.009079,0.160557,0.021265,12,0,3.201725,5.765583,2.654125,7.406246,0.355168
375,7.810561,0,0,7.403081,0.097922,0.006523,0.081054,0.009516,12,0,3.201725,5.765583,2.654125,7.134071,0.259469
376,20.227095,1,12.331628,19.818301,0.092788,0.005785,0.078315,0.008034,12,0,3.159502,5.913315,2.771867,7.1512,0.268757
377,8.000083,0,0,7.592647,0.106897,0.009192,0.085083,0.01099,12,0,3.159502,5.913315,2.771867,7.321064,0.261441
378,20.409508,1,12.461072,19.993946,0.095474,0.006086,0.079817,0.008873,12,0,3.136243,6.029528,2.830719,7.20223,0.263285
379,8.546878,0,0,8.125045,0.11408,0.010494,0.088771,0.012258,12,0,3.136243,6.029528,2.830719,7.854138,0.259281
380,20.100109,1,12.079352,19.689351,0.094678,0.006092,0.079452,0.008473,12,0,3.119416,5.778526,2.752057,7.285073,0.261331
381,7.883999,0,0,7.48636,0.10039,0.006901,0.08294,0.009594,12,0,3.119416,5.778526,2.752057,7.218738,0.257986
382,21.296254,1,12.939682,20.841279,0.127195,0.01061,0.101431,0.013041,12,0,3.340367,6.402555,2.758351,7.543631,0.262864
383,7.836142,0,0,7.431468,0.104253,0.008212,0.084693,0.009704,12,0,3.340367,6.402555,2.758351,7.162342,0.259352
384,21.025454,1,12.675017,20.593455,0.107679,0.008779,0.085918,0.011015,12,0,3.615273,5.89398,2.73823,7.586252,0.262348
385,7.897262,0,0,7.494498,0.10304,0.007514,0.083725,0.010621,12,0,3.615273,5.89398,2.73823,7.226609,0.258084
386,20.742804,1,12.621077,20.319506,0.103989,0.007828,0.084723,0.009599,12,0,3.175495,5.950742,3.06412,7.367066,0.262893
387,8.234943,0,0,7.687673,0.11372,0.010615,0.08942,0.011578,12,0,3.175495,5.950742,3.06412,7.405408,0.269933
388,20.384081,1,12.074039,19.952464,0.107047,0.007927,0.086912,0.010804,12,0,3.182348,5.816664,2.648566,7.551953,0.262305
389,8.122234,0,0,7.676956,0.10924,0.008853,0.085505,0.013314,12,0,3.182348,5.816664,2.648566,7.38659,0.27941
390,20.319803,1,12.138083,19.911861,0.099746,0.006806,0.082534,0.009319,12,0,3.210097,5.849874,2.648567,7.450525,0.260347
391,8.101778,0,0,7.673752,0.107905,0.008953,0.086535,0.010732,12,0,3.210097,5.849874,2.648567,7.403321,0.259413
392,20.204719,1,12.019584,19.800643,0.099917,0.006946,0.082513,0.009382,12,0,3.137959,5.818188,2.637087,7.452848,0.263963
393,7.915165,0,0,7.513531,0.097561,0.006559,0.081277,0.008788,12,0,3.137959,5.818188,2.637087,7.24495,0.258857
394,20.709606,1,12.763114,20.292343,0.093196,0.005594,0.078604,0.008282,12,0,3.295068,6.30996,2.726828,7.197604,0.263015
395,8.487248,0,0,8.06448,0.112375,0.010244,0.088436,0.011574,12,0,3.295068,6.30996,2.726828,7.794713,0.258998
396,20.253101,1,12.304095,19.842574,0.092933,0.005712,0.078465,0.008058,12,0,3.149537,6.01786,2.710027,7.205233,0.265709
397,8.176548,0,0,7.768449,0.10698,0.009107,0.085604,0.010727,12,0,3.149537,6.01786,2.710027,7.499526,0.258435
398,19.935222,1,12.100905,19.544661,0.093062,0.005572,0.078512,0.008268,12,0,3.179721,5.85151,2.644009,7.119794,0.261639
399,7.973018,0,0,7.506122,0.11097,0.006953,0.093231,0.009609,12,0,3.179721,5.85151,2.644009,7.190837,0.305022
400,20.289773,1,12.195991,19.884469,0.099575,0.006546,0.082672,0.00922,12,0,3.309803,5.793524,2.643118,7.363008,0.260677
401,7.781312,0,0,7.36147,0.09647,0.006387,0.080819,0.008494,12,0,3.309803,5.793524,2.643118,7.07274,0.279223
402,20.409207,1,12.164516,19.985582,0.107198,0.008634,0.085669,0.011049,12,0,3.168555,5.833796,2.704836,7.482591,0.261442
403,7.865148,0,0,7.440328,0.122176,0.020587,0.088079,0.01169,12,0,3.168555,5.833796,2.704836,7.161677,0.267812
404,20.044455,1,12.126814,19.63789,0.096053,0.005676,0.081358,0.00842,12,0,3.155353,5.813954,2.697257,7.109712,0.334832
405,8.137963,0,0,7.699434,0.109526,0.009687,0.08694,0.011205,12,0,3.155353,5.813954,2.697257,7.381771,0.30721
406,20.065263,1,12.063164,19.587156,0.09519,0.006051,0.080134,0.008283,12,0,3.142689,5.803408,2.672991,7.179851,0.281503
407,8.180835,0,0,7.759493,0.111105,0.00954,0.087888,0.011433,12,0,3.142689,5.803408,2.672991,7.487549,0.261111
408,20.095653,1,12.129029,19.698739,0.095012,0.006058,0.08001,0.008085,12,0,3.134823,5.868688,2.701477,7.241103,0.265739
409,8.162811,0,0,7.638588,0.108615,0.009319,0.086606,0.010987,12,0,3.134823,5.868688,2.701477,7.354251,0.273365
410,20.114216,1,12.096236,19.685351,0.100677,0.006648,0.084072,0.00903,12,0,3.176353,5.827215,2.664469,7.262907,0.262697
411,8.13918,0,0,7.686951,0.114631,0.010657,0.089192,0.012686,12,0,3.176353,5.827215,2.664469,7.41232,0.261319
412,21.583757,1,13.123853,21.13546,0.12047,0.011521,0.093903,0.012631,12,0,3.522804,6.213965,2.908875,7.669042,0.264878
413,8.169394,0,0,7.759778,0.108533,0.009745,0.086714,0.010408,12,0,3.522804,6.213965,2.908875,7.488542,0.261055
414,20.885201,1,12.769615,20.470944,0.094123,0.006055,0.078819,0.008519,12,0,3.262013,6.293408,2.781445,7.370108,0.264576
415,7.939869,0,0,7.529962,0.107266,0.009253,0.086036,0.010259,12,0,3.262013,6.293408,2.781445,7.260209,0.259521
416,21.371621,1,13.255215,20.959065,0.092936,0.005593,0.078565,0.008164,12,0,3.689204,6.401652,2.738212,7.375484,0.262779
417,8.416281,0,0,7.975415,0.112922,0.010109,0.088924,0.01145,12,0,3.689204,6.401652,2.738212,7.693352,0.259625
418,20.171966,1,12.037389,19.768486,0.098618,0.007063,0.081751,0.008984,12,0,3.15613,5.810749,2.639189,7.405309,0.261688
419,9.5311,0,0,8.82422,0.213772,0.01715,0.171249,0.021311,12,0,3.15613,5.810749,2.639189,8.380096,0.423766
420,23.407378,1,12.777157,22.895364,0.121808,0.011273,0.094827,0.012619,12,0,3.332276,6.130833,2.881883,9.774271,0.264571
421,8.283608,0,0,7.792899,0.114049,0.010495,0.08897,0.012526,12,0,3.332276,6.130833,2.881883,7.465443,0.313464
422,22.160733,1,13.064294,21.684325,0.141301,0.020033,0.105697,0.013026,12,0,3.320767,6.426051,2.855969,8.273878,0.264924
423,8.401453,0,0,7.864315,0.115546,0.010724,0.089912,0.012459,12,0,3.320767,6.426051,2.855969,7.589112,0.261026
424,21.783365,1,13.106613,21.307115,0.131379,0.011483,0.103727,0.012399,12,0,3.319945,6.329547,2.987989,7.844929,0.265034
425,8.389534,0,0,7.790039,0.142969,0.01199,0.113384,0.012662,12,0,3.319945,6.329547,2.987989,7.478081,0.297485
426,21.521404,1,13.121648,21.029927,0.129133,0.010459,0.102902,0.012928,12,0,3.310769,6.487378,2.857914,7.564693,0.264902
427,8.305542,0,0,7.843789,0.155281,0.010975,0.129079,0.012946,12,0,3.310769,6.487378,2.857914,7.522181,0.309658
428,21.554765,1,13.60601,21.061294,0.095204,0.006109,0.079914,0.008407,12,0,3.421135,6.733147,2.982111,7.10573,0.272436
429,8.975154,0,0,8.405392,0.149968,0.011283,0.122251,0.012531,12,0,3.421135,6.733147,2.982111,8.128064,0.262897
430,22.001529,1,13.300242,21.470402,0.111695,0.009802,0.087968,0.01156,12,0,3.526368,6.464049,2.839645,7.829827,0.263393
431,8.829429,0,0,8.340536,0.11327,0.010263,0.08892,0.011548,12,0,3.526368,6.464049,2.839645,8.069851,0.25728
432,21.770437,1,13.315729,21.312468,0.129475,0.025091,0.090861,0.011485,12,0,3.511688,6.467905,2.869506,7.64841,0.26251
433,8.845601,0,0,8.341661,0.11651,0.010864,0.091306,0.011825,12,0,3.511688,6.467905,2.869506,8.060089,0.267606
434,31.572706,1,20.888113,30.825475,0.233248,0.015741,0.182755,0.030183,12,0,4.675922,11.473873,4.069204,9.400743,0.408348
435,9.087557,0,0,8.619428,0.126052,0.010478,0.100951,0.011911,12,0,4.675922,11.473873,4.069204,8.282911,0.32354
436,21.232411,1,13.153646,20.770339,0.110889,0.00947,0.087575,0.012027,12,0,3.330951,6.309571,3.075076,7.276655,0.265296
437,8.448527,0,0,7.975263,0.115235,0.011132,0.089359,0.012038,12,0,3.330951,6.309571,3.075076,7.702726,0.258874
438,20.476318,1,12.139205,20.066338,0.100335,0.006581,0.082545,0.009915,12,0,3.184464,5.868051,2.661985,7.603703,0.258883
439,8.136982,0,0,7.718433,0.1069,0.008539,0.086529,0.010337,12,0,3.184464,5.868051,2.661985,7.445095,0.262486
440,20.252356,1,12.063895,19.812492,0.096945,0.006596,0.080381,0.009162,12,0,3.11401,5.818674,2.703413,7.425202,0.260465
441,8.319072,0,0,7.810705,0.141587,0.0144,0.108488,0.016753,12,0,3.11401,5.818674,2.703413,7.509667,0.283504
442,20.409731,1,12.193046,19.997108,0.098261,0.00665,0.081187,0.009268,12,0,3.109807,6.00361,2.654595,7.47601,0.264525
443,8.113021,0,0,7.685189,0.112181,0.010133,0.088144,0.011807,12,0,3.109807,6.00361,2.654595,7.415835,0.258119
444,20.410925,1,12.43615,19.97869,0.094008,0.005762,0.079237,0.008355,12,0,3.153013,6.016953,2.765832,7.127258,0.323382
445,7.875183,0,0,7.466275,0.109123,0.009235,0.08757,0.01048,12,0,3.153013,6.016953,2.765832,7.196885,0.259327
446,20.196669,1,12.325414,19.792754,0.09245,0.005683,0.07841,0.007763,12,0,3.14233,6.005976,2.71257,7.137318,0.26393
447,8.12442,0,0,7.714658,0.108081,0.008835,0.086205,0.011129,12,0,3.14233,6.005976,2.71257,7.443605,0.260508
448,19.903578,1,12.067598,19.508226,0.093746,0.00573,0.079089,0.008254,12,0,3.172277,5.829881,2.639186,7.117763,0.261324
449,7.721105,0,0,7.308761,0.096029,0.005809,0.081285,0.008155,12,0,3.172277,5.829881,2.639186,7.041213,0.258187
450,20.570349,1,12.174131,20.106693,0.107352,0.008664,0.086314,0.010585,12,0,3.180276,5.913446,2.656893,7.563677,0.301955
451,7.838498,0,0,7.417609,0.112546,0.010092,0.088603,0.01163,12,0,3.180276,5.913446,2.656893,7.149269,0.257804
452,20.418675,1,12.56119,20.009811,0.093167,0.005705,0.078474,0.008359,12,0,3.365203,6.031689,2.738504,7.115591,0.265066
453,7.787152,0,0,7.383372,0.105479,0.008985,0.084735,0.010181,12,0,3.365203,6.031689,2.738504,7.110104,0.263142
454,19.83929,1,11.98744,19.404761,0.094006,0.005786,0.079537,0.008061,12,0,3.130911,5.794067,2.639422,7.073457,0.282404
455,8.213037,0,0,7.789352,0.108603,0.008789,0.087016,0.010996,12,0,3.130911,5.794067,2.639422,7.515041,0.262183
456,20.042921,1,12.15519,19.643794,0.095732,0.006134,0.080256,0.00854,12,0,3.200667,5.87707,2.652661,7.160522,0.266229
457,8.267968,0,0,7.83603,0.111629,0.009797,0.087962,0.011399,12,0,3.200667,5.87707,2.652661,7.56567,0.258121
458,20.333427,1,12.456085,19.924835,0.097142,0.006004,0.082139,0.008245,12,0,3.255428,5.991736,2.784854,7.142188,0.263791
459,7.788343,0,0,7.365605,0.112986,0.010413,0.087899,0.01272,12,0,3.255428,5.991736,2.784854,7.096185,0.258997
460,20.39501,1,12.570239,19.982339,0.093122,0.005664,0.078729,0.008083,12,0,3.231792,6.191397,2.712291,7.079188,0.262496
461,7.776558,0,0,7.359045,0.107096,0.00948,0.085846,0.010057,12,0,3.231792,6.191397,2.712291,7.090362,0.258775
462,20.3925,1,12.554443,19.98118,0.09306,0.005684,0.078885,0.00788,12,0,3.398721,6.017025,2.717286,7.093254,0.268291
463,7.859833,0,0,7.453535,0.106992,0.009171,0.085566,0.010669,12,0,3.398721,6.017025,2.717286,7.181939,0.261563
464,21.133876,1,12.569664,20.725948,0.093785,0.005768,0.07897,0.008305,12,0,3.182961,6.051038,2.887582,7.819924,0.270114
465,7.933219,0,0,7.496607,0.135475,0.011837,0.106144,0.015875,12,0,3.182961,6.051038,2.887582,7.193577,0.290599
466,19.906535,1,12.062378,19.513675,0.095085,0.006098,0.079982,0.008314,12,0,3.170027,5.833933,2.636823,7.12495,0.264947
467,7.83882,0,0,7.413907,0.114918,0.010666,0.089573,0.012788,12,0,3.170027,5.833933,2.636823,7.144332,0.259031
468,20.599483,1,12.507436,20.147486,0.137041,0.01125,0.110041,0.013982,12,0,3.225192,6.183336,2.670807,7.30016,0.265476
469,7.777846,0,0,7.376167,0.099303,0.007054,0.081892,0.009244,12,0,3.225192,6.183336,2.670807,7.108895,0.257741
470,20.501862,1,12.476315,20.084436,0.099937,0.007181,0.082361,0.009513,12,0,3.175682,5.938081,2.934484,7.279193,0.26314
471,7.764206,0,0,7.361167,0.10407,0.007685,0.085412,0.009738,12,0,3.175682,5.938081,2.934484,7.091515,0.260057
472,21.631871,1,12.303481,21.207801,0.098892,0.006857,0.082064,0.00917,12,0,3.2571,5.909483,2.711756,8.574519,0.263641
473,8.341038,0,0,7.921121,0.112413,0.009454,0.089972,0.010923,12,0,3.2571,5.909483,2.711756,7.651427,0.258978
474,20.266705,1,12.330121,19.770037,0.093052,0.005562,0.078682,0.008153,12,0,3.146917,5.927781,2.773707,7.092111,0.282623
475,8.838749,0,0,8.397733,0.113868,0.011069,0.088276,0.012297,12,0,3.146917,5.927781,2.773707,8.125118,0.259389
476,20.563625,1,12.166624,20.141073,0.106124,0.008699,0.085636,0.010394,12,0,3.188547,5.833383,2.65769,7.643388,0.265007
477,7.813756,0,0,7.4097,0.096608,0.006344,0.081047,0.008345,12,0,3.188547,5.833383,2.65769,7.141759,0.258503
478,21.863878,1,13.947133,21.438569,0.095689,0.006874,0.079482,0.008604,12,0,3.24906,6.666838,3.078658,7.154073,0.266591
479,7.94494,0,0,7.523673,0.11061,0.010023,0.087142,0.011533,12,0,3.24906,6.666838,3.078658,7.253494,0.259428
480,20.496366,1,12.576255,20.081405,0.096747,0.006135,0.081328,0.008458,12,0,3.247373,6.195406,2.704812,7.168302,0.265802
481,8.233096,0,0,7.766816,0.124891,0.0113,0.098642,0.012277,12,0,3.247373,6.195406,2.704812,7.490444,0.262287
482,23.297432,1,14.456053,22.694813,0.218635,0.038098,0.156914,0.020317,12,0,3.523636,7.234968,3.217105,7.872643,0.266289
483,8.977153,0,0,8.501212,0.124111,0.011136,0.097652,0.012279,12,0,3.523636,7.234968,3.217105,8.132077,0.357175
484,21.305967,1,12.327358,20.750694,0.109543,0.008942,0.087327,0.011451,12,0,3.137654,5.923114,2.673887,8.036336,0.301868
485,8.558413,0,0,8.018381,0.202062,0.013766,0.155367,0.031093,12,0,3.137654,5.923114,2.673887,7.709936,0.296847
486,20.99901,1,13.047668,20.468589,0.094474,0.005971,0.079837,0.007946,12,0,3.181971,6.389716,3.030038,7.03426,0.309155
487,8.38791,0,0,7.931056,0.110908,0.009996,0.087724,0.0114,12,0,3.181971,6.389716,3.030038,7.660081,0.260469
488,21.674959,1,12.494267,20.982881,0.109949,0.008881,0.08769,0.0114,12,0,3.289047,5.981576,2.757532,8.042714,0.36753
489,9.321772,0,0,8.70856,0.195725,0.026596,0.144775,0.021597,12,0,3.289047,5.981576,2.757532,8.392129,0.286519
490,30.186785,1,18.216814,29.53594,0.206875,0.017306,0.162929,0.022572,12,0,4.2188,9.69676,3.665429,10.88434,0.305777
491,9.104014,0,0,8.644557,0.115707,0.011343,0.089725,0.011944,12,0,4.2188,9.69676,3.665429,8.369695,0.261422
492,22.83813,1,14.023911,22.372412,0.115207,0.009999,0.090904,0.011797,12,0,3.604767,6.952312,3.016974,7.959414,0.309844
493,10.546343,0,0,9.972094,0.128808,0.020493,0.091862,0.013507,12,0,3.604767,6.952312,3.016974,9.599243,0.357306
494,23.095652,1,13.544228,22.558048,0.148282,0.012068,0.089153,0.044165,12,0,3.336188,6.525673,3.218661,8.634326,0.28876
495,9.398705,0,0,8.861357,0.134701,0.011726,0.107214,0.012773,12,0,3.336188,6.525673,3.218661,8.556446,0.289594
496,22.427045,1,12.803098,21.957211,0.115526,0.010364,0.090477,0.011876,12,0,3.279905,6.326854,2.767571,8.820113,0.262654
497,8.803354,0,0,8.234422,0.10969,0.009624,0.087106,0.011072,12,0,3.279905,6.326854,2.767571,7.90207,0.320784
498,21.236798,1,12.966116,20.803686,0.109399,0.009385,0.087259,0.011041,12,0,3.291909,6.332523,2.909892,7.497955,0.267112
499,8.032147,0,0,7.602356,0.113535,0.010092,0.088847,0.01265,12,0,3.291909,6.332523,2.909892,7.330849,0.259262
500,22.53855,1,13.22163,21.949487,0.111372,0.009295,0.088363,0.011667,12,0,3.251449,6.397857,3.103145,8.286317,0.366668
501,8.579361,0,0,7.976718,0.228135,0.014359,0.192308,0.018615,12,0,3.251449,6.397857,3.103145,7.629692,0.332166
502,20.734641,1,12.987981,20.321734,0.094908,0.00618,0.079601,0.008382,12,0,3.309523,6.312782,2.90926,6.991856,0.263498
503,7.741043,0,0,7.334543,0.107445,0.009379,0.085801,0.010579,12,0,3.309523,6.312782,2.90926,7.065417,0.259227
504,21.106883,1,12.364705,20.679354,0.10867,0.008323,0.087337,0.0115,12,0,3.248245,5.962169,2.72518,7.960345,0.283242
505,8.790002,0,0,8.345553,0.115158,0.010114,0.090785,0.012029,12,0,3.248245,5.962169,2.72518,8.06395,0.268847
506,20.148386,1,12.206575,19.744902,0.098307,0.006573,0.081179,0.00966,12,0,3.252757,5.841079,2.681098,7.210952,0.264166
507,8.382238,0,0,7.82036,0.141952,0.013874,0.113173,0.012436,12,0,3.252757,5.841079,2.681098,7.534127,0.274691
508,21.735229,1,13.196059,21.280286,0.105721,0.007683,0.085664,0.010928,12,0,3.474847,6.542628,2.746919,7.749848,0.263904
509,7.965158,0,0,7.450894,0.108531,0.009948,0.086549,0.010377,12,0,3.474847,6.542628,2.746919,7.077872,0.362731
510,21.939624,1,13.436304,21.468967,0.10523,0.007885,0.084721,0.01108,12,0,3.422454,6.493689,3.076305,7.667623,0.284825
511,8.122983,0,0,7.700496,0.109193,0.009754,0.0863,0.01132,12,0,3.422454,6.493689,3.076305,7.430982,0.259006
512,20.805103,1,13.053272,20.395405,0.094206,0.005776,0.079413,0.008341,12,0,3.337421,6.40083,2.888841,7.000413,0.266309
513,7.699454,0,0,7.293493,0.106727,0.008835,0.086076,0.010232,12,0,3.337421,6.40083,2.888841,7.020866,0.262687
514,22.274523,1,13.370354,21.844862,0.108412,0.009209,0.086486,0.010878,12,0,3.451221,6.489858,2.866613,7.955188,0.411383
515,8.897141,0,0,8.417789,0.149813,0.011108,0.123444,0.01205,12,0,3.451221,6.489858,2.866613,8.123174,0.281715
516,21.084968,1,12.372498,20.659158,0.107759,0.008621,0.086863,0.010467,12,0,3.26947,6.020794,2.651771,7.956176,0.262093
517,8.656502,0,0,8.207976,0.110317,0.010089,0.087256,0.011044,12,0,3.26947,6.020794,2.651771,7.892045,0.289571
518,20.918455,1,12.67304,20.501853,0.098333,0.006614,0.081705,0.008969,12,0,3.2745,6.267992,2.702029,7.470107,0.289983
519,8.69453,0,0,8.237252,0.11116,0.010077,0.087928,0.01124,12,0,3.2745,6.267992,2.702029,7.966707,0.258749
520,20.535725,1,12.588852,20.117156,0.096553,0.006227,0.081019,0.008485,12,0,3.259553,6.20184,2.693193,7.177424,0.281437
521,7.994745,0,0,7.582894,0.1093,0.0097,0.087208,0.010577,12,0,3.259553,6.20184,2.693193,7.316009,0.256647
522,20.435823,1,12.712398,20.026914,0.093044,0.005602,0.078422,0.008325,12,0,3.220405,6.322808,2.740978,6.984157,0.262991
523,8.052024,0,0,7.568612,0.112448,0.010692,0.087491,0.011852,12,0,3.220405,6.322808,2.740978,7.298595,0.257409
524,20.582563,1,12.554581,20.118584,0.097407,0.006413,0.081025,0.009043,12,0,3.257124,5.968147,2.848465,7.204197,0.289859
525,7.783334,0,0,7.37524,0.107475,0.009074,0.086143,0.010488,12,0,3.257124,5.968147,2.848465,7.110841,0.254349
526,21.221564,1,13.411958,20.799537,0.100177,0.00693,0.083576,0.008733,12,0,3.186948,6.692341,3.09378,7.058705,0.259427
527,8.193199,0,0,7.674288,0.126697,0.010634,0.10148,0.01242,12,0,3.186948,6.692341,3.09378,7.352584,0.308429
528,21.232949,1,12.578337,20.75105,0.112067,0.01031,0.088125,0.011229,12,0,3.191878,6.118719,2.793047,7.817208,0.278388
529,7.844796,0,0,7.41566,0.111573,0.010526,0.08683,0.012059,12,0,3.191878,6.118719,2.793047,7.151196,0.252213
530,20.344879,1,12.163597,19.920893,0.100368,0.006838,0.082983,0.009296,12,0,3.125205,5.899414,2.712737,7.434801,0.256474
531,8.043341,0,0,7.617948,0.11262,0.009935,0.087973,0.012616,12,0,3.125205,5.899414,2.712737,7.352655,0.253862
532,22.822451,1,13.800655,22.268283,0.112819,0.009383,0.091226,0.010347,12,0,3.231903,6.941468,3.038788,7.926561,0.42498
533,10.104556,0,0,9.628079,0.112991,0.010196,0.088216,0.012085,12,0,3.231903,6.941468,3.038788,9.360972,0.254419
534,20.822421,1,12.959575,20.342643,0.095175,0.006206,0.079968,0.008226,12,0,3.503334,6.180265,2.84281,7.05825,0.257311
535,7.712109,0,0,7.302141,0.109782,0.009233,0.085888,0.013039,12,0,3.503334,6.180265,2.84281,7.037419,0.254533
536,20.873342,1,12.975381,20.439839,0.093309,0.005664,0.078639,0.008298,12,0,3.188488,6.628364,2.730639,7.116626,0.280962
537,7.832989,0,0,7.424568,0.107583,0.009316,0.08582,0.010519,12,0,3.188488,6.628364,2.730639,7.158004,0.256499
538,20.648544,1,12.713729,20.220628,0.094276,0.00603,0.078976,0.008542,12,0,3.168897,5.988352,3.074172,7.182035,0.258203
539,7.826769,0,0,7.389919,0.112957,0.010121,0.089066,0.011785,12,0,3.168897,5.988352,3.074172,7.127143,0.252014
540,20.967714,1,12.251632,20.542743,0.107985,0.00866,0.085828,0.011661,12,0,3.132684,5.956788,2.736614,7.968532,0.255456
541,7.826913,0,0,7.43205,0.095966,0.006266,0.080302,0.008649,12,0,3.132684,5.956788,2.736614,7.169383,0.253206
542,21.118736,1,12.602465,20.594229,0.102888,0.007481,0.083744,0.010437,12,0,3.356743,6.117913,2.692892,7.669935,0.25629
543,7.826806,0,0,7.426219,0.100462,0.00755,0.082173,0.009749,12,0,3.356743,6.117913,2.692892,7.1635,0.253132
544,21.009656,1,12.513617,20.494751,0.142947,0.008052,0.121568,0.010268,12,0,3.178198,6.231248,2.676598,7.657741,0.256203
545,7.902512,0,0,7.501036,0.100064,0.007059,0.082566,0.009335,12,0,3.178198,6.231248,2.676598,7.238719,0.25248
546,20.674034,1,12.666895,20.254451,0.093879,0.005658,0.079079,0.008526,12,0,3.340248,6.151682,2.691381,7.118644,0.383284
547,8.700767,0,0,8.264715,0.113387,0.010407,0.088477,0.012013,12,0,3.340248,6.151682,2.691381,7.979804,0.272266
548,20.179332,1,12.249225,19.771992,0.094801,0.006496,0.07942,0.008153,12,0,3.190454,5.97073,2.660041,7.203767,0.256034
549,9.389764,0,0,8.804797,0.203838,0.015676,0.162899,0.021368,12,0,3.190454,5.97073,2.660041,8.363046,0.422591
550,20.537051,1,12.268699,20.120928,0.107271,0.007506,0.088122,0.01056,12,0,3.146335,5.986348,2.707384,7.532304,0.255483
551,7.799692,0,0,7.39267,0.096443,0.006329,0.080206,0.009007,12,0,3.146335,5.986348,2.707384,7.130036,0.253109
552,21.366599,1,12.820957,20.900436,0.100327,0.007174,0.082697,0.009416,12,0,3.398692,6.178084,2.806751,7.730245,0.277723
553,8.069208,0,0,7.606217,0.116929,0.011296,0.091153,0.012163,12,0,3.398692,6.178084,2.806751,7.33621,0.256419
554,23.65614,1,14.649148,23.212539,0.116022,0.011266,0.090484,0.011788,12,0,3.882725,7.314792,2.956054,8.22706,0.258334
555,8.201371,0,0,7.782768,0.112615,0.010707,0.088357,0.011557,12,0,3.882725,7.314792,2.956054,7.517022,0.254653
556,20.293581,1,12.190244,19.763052,0.093008,0.005609,0.078658,0.008135,12,0,3.171305,5.783106,2.696874,7.08101,0.397388
557,8.308935,0,0,7.779237,0.108776,0.00912,0.086022,0.012011,12,0,3.171305,5.783106,2.696874,7.516181,0.252706
558,20.015911,1,12.174765,19.620985,0.095471,0.006165,0.080373,0.008181,12,0,3.124888,5.993661,2.631879,7.126071,0.257296
559,8.732952,0,0,8.281244,0.114393,0.010797,0.089461,0.012024,12,0,3.124888,5.993661,2.631879,8.01368,0.254657
560,20.395363,1,12.346533,19.94873,0.11436,0.010527,0.08988,0.011608,12,0,3.161999,5.981989,2.763102,7.216086,0.306086
561,11.062109,0,0,10.511025,0.183981,0.016972,0.141409,0.021773,12,0,3.161999,5.981989,2.763102,10.198514,0.291643
562,20.954502,1,12.544253,20.505763,0.11512,0.010825,0.089646,0.012144,12,0,3.228583,6.101441,2.782625,7.588549,0.276366
563,8.505927,0,0,8.01037,0.116041,0.011123,0.090049,0.012244,12,0,3.228583,6.101441,2.782625,7.651093,0.345441
564,22.137169,1,13.33133,21.654418,0.117662,0.011185,0.091327,0.012727,12,0,4.000557,6.052078,2.847604,7.903314,0.338995
565,8.265676,0,0,7.72162,0.145459,0.01249,0.110475,0.019772,12,0,4.000557,6.052078,2.847604,7.41045,0.287587
566,22.577215,1,13.342047,22.085906,0.115056,0.011437,0.089141,0.011768,12,0,3.901286,6.142932,2.861917,8.405912,0.25751
567,8.493952,0,0,8.00873,0.149363,0.010428,0.123805,0.012439,12,0,3.901286,6.142932,2.861917,7.739506,0.255892
568,21.474975,1,13.207008,21.040619,0.108175,0.009518,0.08566,0.011223,12,0,3.879174,6.112433,2.785621,7.500351,0.259625
569,8.005117,0,0,7.595035,0.106142,0.008806,0.085587,0.010127,12,0,3.879174,6.112433,2.785621,7.330598,0.254417
570,20.941164,1,12.799077,20.528088,0.093606,0.00581,0.079023,0.008102,12,0,3.21365,5.948049,3.205595,7.363706,0.297515
571,8.314428,0,0,7.874449,0.11606,0.010291,0.09094,0.01274,12,0,3.21365,5.948049,3.205595,7.608763,0.254921
572,20.138818,1,12.163095,19.707683,0.096479,0.006318,0.080283,0.008834,12,0,3.204507,5.806532,2.722304,7.183461,0.297642
573,7.780736,0,0,7.384799,0.099689,0.010987,0.07973,0.008335,12,0,3.204507,5.806532,2.722304,7.119442,0.25586
574,20.424748,1,12.378705,20.006719,0.104085,0.008175,0.084779,0.00991,12,0,3.171903,6.092387,2.681874,7.302095,0.256241
575,7.781291,0,0,7.381237,0.098551,0.006861,0.081507,0.009253,12,0,3.171903,6.092387,2.681874,7.118594,0.253097
576,20.347675,1,12.280329,19.926364,0.102252,0.007499,0.083495,0.010008,12,0,3.220575,5.968867,2.660708,7.323556,0.256961
577,7.847908,0,0,7.448268,0.099351,0.007073,0.082273,0.009118,12,0,3.220575,5.968867,2.660708,7.184378,0.254205
578,20.349207,1,12.342584,19.905715,0.128878,0.007202,0.10129,0.019371,12,0,3.144913,6.061381,2.70998,7.217366,0.261708
579,8.304431,0,0,7.806125,0.169657,0.011171,0.14314,0.012121,12,0,3.144913,6.061381,2.70998,7.537372,0.256155
580,20.032693,1,12.112629,19.635679,0.093678,0.005824,0.078972,0.00823,12,0,3.122872,5.876184,2.68873,7.202324,0.258197
581,7.990831,0,0,7.571891,0.10453,0.008306,0.084509,0.010439,12,0,3.122872,5.876184,2.68873,7.279735,0.281511
582,20.725787,1,12.36395,20.249798,0.097776,0.006862,0.080381,0.009627,12,0,3.163972,5.810343,2.753866,7.407685,0.394847
583,8.019207,0,0,7.572946,0.107909,0.009062,0.086633,0.010629,12,0,3.163972,5.810343,2.753866,7.308556,0.2532
584,20.711054,1,12.446022,20.292665,0.09766,0.006623,0.081203,0.008839,12,0,3.190571,6.121925,2.703714,7.526721,0.254845
585,7.823715,0,0,7.423845,0.101832,0.006987,0.084437,0.009493,12,0,3.190571,6.121925,2.703714,7.161502,0.252747
586,20.444982,1,12.59438,20.034968,0.09296,0.005705,0.078736,0.007959,12,0,3.424382,6.034784,2.713899,7.118222,0.256791
587,8.288242,0,0,7.83373,0.11308,0.010194,0.089066,0.01153,12,0,3.424382,6.034784,2.713899,7.569154,0.252652
588,20.323952,1,12.386308,19.912638,0.095248,0.006115,0.079988,0.008382,12,0,3.257439,5.998145,2.692114,7.19744,0.256191
589,8.151568,0,0,7.74328,0.10792,0.009462,0.085494,0.011325,12,0,3.257439,5.998145,2.692114,7.480497,0.252595
590,20.08618,1,12.220145,19.68835,0.096694,0.006011,0.081748,0.008252,12,0,3.137529,6.006621,2.649906,7.151143,0.254799
591,7.923428,0,0,7.428763,0.117091,0.005822,0.102004,0.008601,12,0,3.137529,6.006621,2.649906,7.109754,0.309625
592,20.50573,1,12.265727,20.08576,0.107328,0.008729,0.086001,0.011219,12,0,3.118203,6.007199,2.655393,7.495368,0.258231
593,7.743883,0,0,7.345641,0.095317,0.006265,0.079892,0.008419,12,0,3.118203,6.007199,2.655393,7.08392,0.252187
594,20.549026,1,12.248081,20.128492,0.106062,0.008507,0.085271,0.010691,12,0,3.180915,5.971162,2.66902,7.557043,0.255531
595,7.933117,0,0,7.517649,0.11276,0.010075,0.088076,0.012569,12,0,3.180915,5.971162,2.66902,7.248179,0.258843
596,20.164093,1,12.289602,19.765751,0.093048,0.00569,0.078773,0.007928,12,0,3.156679,5.926136,2.749282,7.133436,0.270209
597,8.116251,0,0,7.705178,0.108246,0.009088,0.085692,0.011718,12,0,3.156679,5.926136,2.749282,7.440385,0.25423
598,20.074362,1,12.101452,19.66157,0.094745,0.005872,0.079196,0.008834,12,0,3.125436,5.848452,2.700842,7.241742,0.255658
599,8.300861,0,0,7.872609,0.108412,0.00896,0.086329,0.01129,12,0,3.125436,5.848452,2.700842,7.608081,0.252851
600,20.108731,1,12.190748,19.711909,0.094145,0.005908,0.079224,0.008149,12,0,3.222191,5.871549,2.673695,7.201916,0.256634
601,8.203884,0,0,7.726333,0.161104,0.009327,0.137898,0.011531,12,0,3.222191,5.871549,2.673695,7.452875,0.26164
602,20.202421,1,12.258552,19.779229,0.093154,0.005802,0.078554,0.008147,12,0,3.130181,6.044678,2.657224,7.201859,0.256664
603,7.886466,0,0,7.470959,0.11243,0.010337,0.088352,0.011753,12,0,3.130181,6.044678,2.657224,7.202984,0.257502
604,20.545896,1,12.663801,20.137875,0.093644,0.005753,0.079298,0.007944,12,0,3.207382,6.324518,2.703131,7.148507,0.258227
605,7.925003,0,0,7.516076,0.104817,0.0093,0.084248,0.009628,12,0,3.207382,6.324518,2.703131,7.198988,0.30711
606,20.708078,1,12.7694,20.291896,0.094421,0.006102,0.079304,0.008362,12,0,3.327278,6.187795,2.827832,7.195422,0.256633
607,8.244125,0,0,7.821568,0.117802,0.009964,0.093448,0.011179,12,0,3.327278,6.187795,2.827832,7.555947,0.254527
608,20.134974,1,12.206758,19.737867,0.094255,0.005885,0.079364,0.008372,12,0,3.132326,5.967752,2.682476,7.211995,0.256281
609,8.073338,0,0,7.63689,0.102988,0.007699,0.084217,0.009946,12,0,3.132326,5.967752,2.682476,7.352679,0.273611
610,20.384085,1,12.146844,19.965124,0.099369,0.00682,0.081793,0.009806,12,0,3.22873,5.839589,2.655416,7.494987,0.256219
611,7.873924,0,0,7.454518,0.11247,0.010007,0.088425,0.012066,12,0,3.22873,5.839589,2.655416,7.190414,0.253606
612,20.582503,1,12.436277,20.167565,0.09919,0.00716,0.082139,0.008975,12,0,3.241581,6.096616,2.66902,7.34791,0.316822
613,8.08911,0,0,7.681338,0.106219,0.009251,0.084807,0.010647,12,0,3.241581,6.096616,2.66902,7.413928,0.25699
614,20.158346,1,12.232173,19.744577,0.093766,0.005707,0.079446,0.007978,12,0,3.26445,5.87272,2.654592,7.18812,0.258966
615,8.156767,0,0,7.748215,0.107223,0.008949,0.085611,0.01101,12,0,3.26445,5.87272,2.654592,7.479311,0.258731
616,20.17709,1,12.162577,19.771315,0.095377,0.006217,0.079878,0.008567,12,0,3.186073,5.853695,2.698318,7.285219,0.259041
617,8.259632,0,0,7.848534,0.10768,0.009211,0.085932,0.010921,12,0,3.186073,5.853695,2.698318,7.583059,0.254991
618,20.115095,1,12.171573,19.68998,0.094651,0.005944,0.079402,0.008591,12,0,3.120445,5.889155,2.735511,7.177478,0.277974
619,7.981989,0,0,7.56199,0.112427,0.010151,0.088317,0.011879,12,0,3.120445,5.889155,2.735511,7.295813,0.255464
620,20.668863,1,12.662182,20.254471,0.094331,0.005914,0.079446,0.008229,12,0,3.415356,6.093032,2.724495,7.262292,0.260014
621,7.915,0,0,7.507376,0.107453,0.009548,0.085732,0.010239,12,0,3.415356,6.093032,2.724495,7.241121,0.256264
622,20.461953,1,12.603966,20.051454,0.095227,0.005692,0.078342,0.008024,12,0,3.408597,6.106122,2.666124,7.117432,0.263863
623,8.188934,0,0,7.779549,0.106052,0.008988,0.085382,0.010142,12,0,3.408597,6.106122,2.666124,7.50932,0.260322
624,21.251811,1,13.003483,20.827739,0.098608,0.00733,0.080887,0.009513,12,0,3.229702,6.418246,2.883769,7.489453,0.261791
625,8.461533,0,0,7.844272,0.227644,0.026059,0.177899,0.020789,12,0,3.229702,6.418246,2.883769,7.422876,0.401653
626,21.562246,1,12.716775,21.118149,0.118904,0.011396,0.090802,0.012954,12,0,3.186491,6.277472,2.771759,8.063437,0.261392
627,8.144737,0,0,7.713472,0.114529,0.010663,0.089104,0.012417,12,0,3.186491,6.277472,2.771759,7.439271,0.261663
628,20.6849,1,12.194786,20.28158,0.097777,0.007022,0.080851,0.008979,12,0,3.119534,5.97705,2.671136,7.764295,0.258465
629,8.076499,0,0,7.559123,0.104448,0.008184,0.08405,0.010644,12,0,3.119534,5.97705,2.671136,7.27265,0.276244
630,20.728572,1,12.238096,20.293771,0.103196,0.007223,0.084477,0.010142,12,0,3.160608,5.983543,2.667341,7.731597,0.2594
631,8.016788,0,0,7.540374,0.113516,0.010856,0.087849,0.012816,12,0,3.160608,5.983543,2.667341,7.269585,0.257444
632,21.629861,1,13.284395,21.031494,0.124041,0.012515,0.094541,0.014219,12,0,3.264492,6.718566,2.864458,7.327636,0.288368
633,10.11376,0,0,9.61373,0.119534,0.011284,0.092216,0.013022,12,0,3.264492,6.718566,2.864458,9.320501,0.278794
634,21.64252,1,13.15681,21.160339,0.115566,0.01065,0.089692,0.012589,12,0,3.299347,6.205865,3.215927,7.582191,0.340941
635,8.739205,0,0,8.251538,0.114803,0.010534,0.088898,0.013016,12,0,3.299347,6.205865,3.215927,7.94603,0.29184
636,22.250913,1,12.814251,21.772856,0.11454,0.010659,0.089148,0.012218,12,0,3.159365,6.303256,2.888216,8.584494,0.293441
637,10.392324,0,0,9.89936,0.115286,0.010944,0.088471,0.01318,12,0,3.159365,6.303256,2.888216,9.626382,0.258967
638,21.159951,1,12.81607,20.702738,0.116108,0.010923,0.089567,0.013008,12,0,3.353875,6.189395,2.840645,7.473183,0.311191
639,9.158614,0,0,8.645167,0.150229,0.020707,0.105494,0.021077,12,0,3.353875,6.189395,2.840645,8.374596,0.25707
640,21.702542,1,13.286643,21.275008,0.102457,0.007337,0.083793,0.009978,12,0,3.47144,6.623204,2.74629,7.582568,0.335181
641,8.372471,0,0,7.961891,0.108723,0.009596,0.086238,0.010953,12,0,3.47144,6.623204,2.74629,7.694542,0.257099
642,20.539752,1,12.173687,20.139395,0.097555,0.006664,0.081021,0.008919,12,0,3.119052,5.952718,2.677696,7.641329,0.261175
643,7.985414,0,0,7.547829,0.112311,0.010091,0.087883,0.012269,12,0,3.119052,5.952718,2.677696,7.27616,0.261171
644,20.697543,1,12.601252,20.275665,0.099421,0.007028,0.082165,0.009196,12,0,3.340478,6.129331,2.657588,7.340627,0.266121
645,8.03245,0,0,7.624164,0.10438,0.00845,0.084615,0.009861,12,0,3.340478,6.129331,2.657588,7.353358,0.260968
646,20.571864,1,12.537206,20.161153,0.095122,0.006332,0.079458,0.008699,12,0,3.232569,6.144114,2.727513,7.29275,0.264258
647,7.981726,0,0,7.578533,0.103349,0.007896,0.08376,0.010348,12,0,3.232569,6.144114,2.727513,7.30888,0.259931
648,20.195807,1,12.170965,19.796111,0.092867,0.00559,0.078714,0.00799,12,0,3.118308,5.886027,2.693114,7.299245,0.261716
649,8.266268,0,0,7.843035,0.106892,0.008725,0.085355,0.010984,12,0,3.118308,5.886027,2.693114,7.574952,0.257205
650,20.106557,1,12.142014,19.705172,0.094318,0.005984,0.079245,0.008367,12,0,3.138708,5.867159,2.694096,7.214277,0.285565
651,7.997979,0,0,7.574135,0.113232,0.010297,0.088846,0.011994,12,0,3.138708,5.867159,2.694096,7.300642,0.261905
652,20.459305,1,12.171237,20.055732,0.099495,0.006678,0.081863,0.00971,12,0,3.143648,5.916082,2.684788,7.558985,0.26099
653,7.905244,0,0,7.508693,0.095592,0.006189,0.080267,0.00833,12,0,3.143648,5.916082,2.684788,7.241439,0.257853
654,20.438335,1,12.488773,20.030386,0.093092,0.005576,0.07845,0.008478,12,0,3.257238,6.070774,2.738195,7.210344,0.265851
655,7.962392,0,0,7.513034,0.104862,0.008448,0.084954,0.01004,12,0,3.257238,6.070774,2.738195,7.216038,0.287001
656,20.430687,1,12.372906,20.02363,0.093252,0.005719,0.07871,0.008165,12,0,3.099081,6.048765,2.758999,7.152098,0.41033
657,7.933481,0,0,7.528315,0.106396,0.008566,0.08559,0.010684,12,0,3.099081,6.048765,2.758999,7.264097,0.254227
658,20.324017,1,12.352545,19.915929,0.095146,0.005558,0.080775,0.008199,12,0,3.162609,6.052489,2.714519,7.237998,0.261253
659,8.007726,0,0,7.566172,0.124296,0.010557,0.09926,0.012339,12,0,3.162609,6.052489,2.714519,7.29696,0.258358
660,20.597084,1,12.425627,20.178755,0.099657,0.006415,0.082591,0.009705,12,0,3.269785,5.995371,2.73046,7.430428,0.259097
661,7.870794,0,0,7.47471,0.09797,0.007025,0.081198,0.008763,12,0,3.269785,5.995371,2.73046,7.203744,0.25838
662,20.743159,1,12.501661,20.324905,0.104498,0.00743,0.084474,0.010744,12,0,3.181759,6.036729,2.859282,7.493857,0.263437
663,7.949839,0,0,7.545405,0.102692,0.008002,0.083696,0.009622,12,0,3.181759,6.036729,2.859282,7.278371,0.257117
664,20.90641,1,12.459261,20.467222,0.117472,0.010323,0.093077,0.012108,12,0,3.184449,5.897031,2.94908,7.675173,0.260827
665,7.940194,0,0,7.537568,0.100718,0.007695,0.082334,0.009531,12,0,3.184449,5.897031,2.94908,7.27347,0.254479
666,20.346016,1,12.379029,19.941421,0.093311,0.005791,0.078585,0.008311,12,0,3.170482,6.054288,2.732722,7.234196,0.263801
667,8.073747,0,0,7.652144,0.11269,0.01052,0.088063,0.012081,12,0,3.170482,6.054288,2.732722,7.379192,0.26197
668,20.324701,1,12.117801,19.911968,0.098154,0.006544,0.081585,0.009002,12,0,3.103428,5.875513,2.70854,7.469942,0.260061
669,8.155782,0,0,7.735205,0.106101,0.008372,0.085729,0.010543,12,0,3.103428,5.875513,2.70854,7.466514,0.257223
670,20.585951,1,12.360534,20.178678,0.097663,0.006414,0.080827,0.00917,12,0,3.13811,6.037045,2.757708,7.49579,0.258757
671,7.891603,0,0,7.492262,0.101587,0.0068,0.084229,0.009681,12,0,3.13811,6.037045,2.757708,7.225293,0.257485
672,20.653923,1,12.588017,20.225126,0.112678,0.017514,0.081653,0.012515,12,0,3.330958,6.148519,2.677597,7.309305,0.261689
673,7.897622,0,0,7.473381,0.099444,0.006713,0.082432,0.009127,12,0,3.330958,6.148519,2.677597,7.205261,0.258496
674,20.498282,1,12.506132,20.086813,0.099184,0.006761,0.082314,0.0092,12,0,3.151984,6.000112,2.899515,7.254032,0.260881
675,8.115326,0,0,7.678686,0.112373,0.010176,0.08826,0.01197,12,0,3.151984,6.000112,2.899515,7.411166,0.256766
676,20.223217,1,12.211722,19.816748,0.093762,0.005658,0.079006,0.00848,12,0,3.15135,5.960601,2.679008,7.272581,0.269986
677,8.063468,0,0,7.646741,0.10576,0.008053,0.0858,0.010546,12,0,3.15135,5.960601,2.679008,7.355234,0.280446
678,20.446985,1,12.246086,20.048729,0.09706,0.00642,0.081166,0.008467,12,0,3.197838,5.935041,2.689821,7.479349,0.260423
679,8.047184,0,0,7.609294,0.129219,0.009115,0.107198,0.011128,12,0,3.197838,5.935041,2.689821,7.33846,0.259539
680,20.490647,1,12.214847,20.081659,0.096743,0.006463,0.08074,0.008704,12,0,3.093313,6.025547,2.675697,7.523354,0.280478
681,7.955911,0,0,7.550578,0.102951,0.007856,0.083413,0.010535,12,0,3.093313,6.025547,2.675697,7.279393,0.261041
682,20.677649,1,12.263125,20.251695,0.121699,0.006953,0.104175,0.009171,12,0,3.14507,5.969936,2.727483,7.665994,0.258222
683,8.280636,0,0,7.861123,0.111542,0.010195,0.087731,0.01154,12,0,3.14507,5.969936,2.727483,7.594113,0.255674
684,20.305106,1,12.348851,19.860502,0.09255,0.005575,0.078601,0.007766,12,0,3.151798,5.967962,2.788311,7.180808,0.263895
685,8.105094,0,0,7.694769,0.110057,0.008848,0.085006,0.014654,12,0,3.151798,5.967962,2.788311,7.426598,0.258057
686,20.30198,1,12.29118,19.878296,0.093431,0.006,0.078818,0.007907,12,0,3.185743,5.967398,2.679472,7.259804,0.261183
687,8.214738,0,0,7.783249,0.107998,0.00949,0.085871,0.010963,12,0,3.185743,5.967398,2.679472,7.514554,0.258422
688,20.09594,1,12.198958,19.699957,0.094778,0.006043,0.079626,0.00844,12,0,3.083082,6.039013,2.656424,7.178779,0.260084
689,7.897586,0,0,7.475884,0.094884,0.005816,0.079606,0.00874,12,0,3.083082,6.039013,2.656424,7.209663,0.256819
690,20.661311,1,12.512,20.245562,0.102722,0.007776,0.083756,0.009769,12,0,3.223145,6.124529,2.73707,7.406008,0.261901
691,7.932726,0,0,7.517207,0.112224,0.01064,0.088059,0.011691,12,0,3.223145,6.124529,2.73707,7.247251,0.259284
692,20.522521,1,12.515726,20.099912,0.104185,0.005894,0.088977,0.008566,12,0,3.240285,6.15449,2.69148,7.252781,0.263569
693,7.947128,0,0,7.539983,0.103637,0.008243,0.083844,0.010146,12,0,3.240285,6.15449,2.69148,7.271549,0.258509
694,20.176587,1,12.156855,19.7757,0.093084,0.005734,0.07886,0.00789,12,0,3.094076,5.932751,2.708617,7.230938,0.325376
695,8.83028,0,0,8.348827,0.114996,0.010576,0.089087,0.012365,12,0,3.094076,5.932751,2.708617,8.055589,0.279512
696,21.083823,1,12.878917,20.601083,0.114162,0.010394,0.089765,0.011828,12,0,3.263428,6.347079,2.806737,7.348571,0.290254
697,9.329425,0,0,8.870919,0.122732,0.010698,0.097809,0.01163,12,0,3.263428,6.347079,2.806737,8.599165,0.258606
698,21.407075,1,13.110187,20.923908,0.094854,0.006099,0.079874,0.008157,12,0,3.232432,6.303083,3.141892,7.481183,0.26394
699,8.020778,0,0,7.603998,0.114719,0.010355,0.089395,0.01255,12,0,3.232432,6.303083,3.141892,7.331209,0.262237
700,20.59569,1,12.532212,20.179573,0.099937,0.006715,0.082428,0.009709,12,0,3.107281,6.206676,2.787245,7.317156,0.262154
701,7.871065,0,0,7.472484,0.100269,0.007603,0.082395,0.009141,12,0,3.107281,6.206676,2.787245,7.205907,0.256792
702,21.442051,1,13.425363,20.969002,0.112619,0.005697,0.098518,0.007811,12,0,3.252939,6.672167,3.075474,7.161379,0.299998
703,8.532242,0,0,8.077144,0.115327,0.010606,0.089521,0.012256,12,0,3.252939,6.672167,3.075474,7.801703,0.261643
704,24.818286,1,16.271933,24.361752,0.119243,0.010852,0.092854,0.01255,12,0,4.009259,8.656049,3.131695,7.725828,0.271587
705,8.987166,0,0,8.474507,0.168467,0.012,0.13985,0.013198,12,0,4.009259,8.656049,3.131695,8.199412,0.260468
706,23.182469,1,14.26673,22.71566,0.1157,0.011199,0.089518,0.012433,12,0,3.758016,6.967284,3.075985,8.09413,0.266061
707,9.429723,0,0,8.937711,0.125521,0.010944,0.099784,0.012238,12,0,3.758016,6.967284,3.075985,8.663302,0.260308
708,22.266879,1,13.221506,21.685339,0.124975,0.011078,0.098331,0.012781,12,0,3.403392,6.367996,2.977133,8.120583,0.26425
709,8.530198,0,0,8.038364,0.135021,0.011458,0.108062,0.012461,12,0,3.403392,6.367996,2.977133,7.763948,0.260588
710,22.371321,1,13.99588,21.898099,0.124175,0.010439,0.098953,0.012447,12,0,3.787652,6.91476,2.859639,7.560744,0.264003
711,8.453643,0,0,7.986614,0.113193,0.01048,0.088077,0.012267,12,0,3.787652,6.91476,2.859639,7.682542,0.290637
712,21.20438,1,12.730267,20.781404,0.101122,0.007208,0.08281,0.009882,12,0,3.218638,6.224189,2.74621,7.690133,0.264308
713,8.238657,0,0,7.779102,0.111283,0.010295,0.087289,0.011496,12,0,3.218638,6.224189,2.74621,7.50657,0.260516
714,20.865643,1,12.394157,20.439163,0.10889,0.009269,0.086313,0.011096,12,0,3.164497,5.995775,2.803225,7.709466,0.266003
715,8.421198,0,0,7.967859,0.145621,0.010819,0.119081,0.013261,12,0,3.164497,5.995775,2.803225,7.641037,0.305928
716,20.709814,1,12.631747,20.294112,0.094875,0.006158,0.079789,0.008058,12,0,3.323456,6.09659,2.697375,7.326652,0.265926
717,7.936292,0,0,7.527254,0.106011,0.00912,0.085294,0.009961,12,0,3.323456,6.09659,2.697375,7.255363,0.261911
718,20.909384,1,12.700833,20.484247,0.104355,0.008333,0.084215,0.010311,12,0,3.299306,6.128187,2.844156,7.447574,0.264323
719,8.079978,0,0,7.646829,0.107043,0.009136,0.085861,0.010318,12,0,3.299306,6.128187,2.844156,7.374947,0.261687
720,21.236118,1,12.85771,20.781064,0.109754,0.009407,0.086901,0.011587,12,0,3.277608,6.224798,2.925664,7.579876,0.268857
721,8.597327,0,0,8.159212,0.111479,0.010193,0.087637,0.011388,12,0,3.277608,6.224798,2.925664,7.885881,0.260789
722,20.919758,1,12.786967,20.503198,0.096079,0.006552,0.080609,0.008112,12,0,3.330678,6.093467,2.865354,7.381534,0.265661
723,8.008906,0,0,7.587295,0.11164,0.010497,0.087533,0.011721,12,0,3.330678,6.093467,2.865354,7.294151,0.282544
724,20.885462,1,12.384453,20.415015,0.109041,0.008916,0.086883,0.011195,12,0,3.156223,5.918304,2.85454,7.674518,0.285174
725,8.301787,0,0,7.833373,0.109677,0.009387,0.086882,0.011285,12,0,3.156223,5.918304,2.85454,7.56161,0.261236
726,21.539207,1,13.089073,21.042342,0.175019,0.014732,0.138594,0.01929,12,0,3.137323,6.586364,2.925499,7.603775,0.264543
727,7.961177,0,0,7.550838,0.110284,0.009459,0.088883,0.010162,12,0,3.137323,6.586364,2.925499,7.279509,0.261271
728,20.720913,1,12.412298,20.281427,0.104483,0.007928,0.085184,0.009983,12,0,3.283769,6.027822,2.674574,7.535448,0.266645
729,8.458671,0,0,8.024671,0.110289,0.009817,0.087011,0.011264,12,0,3.283769,6.027822,2.674574,7.751302,0.261603
730,20.679231,1,12.560816,20.263122,0.095236,0.006235,0.079599,0.00867,12,0,3.131379,6.070309,2.929648,7.361833,0.272186
731,8.530801,0,0,8.016137,0.113375,0.010278,0.088821,0.012027,12,0,3.131379,6.070309,2.929648,7.680576,0.32307
732,20.854299,1,12.430657,20.374615,0.108483,0.008745,0.08651,0.011374,12,0,3.212902,5.99366,2.779311,7.606624,0.265188
733,8.454651,0,0,8.017872,0.112999,0.009957,0.088794,0.011876,12,0,3.212902,5.99366,2.779311,7.744254,0.262071
734,20.914235,1,12.367384,20.425458,0.11147,0.00971,0.088135,0.011329,12,0,3.192485,5.906914,2.792546,7.723468,0.264842
735,8.355896,0,0,7.919753,0.10864,0.009319,0.08638,0.01124,12,0,3.192485,5.906914,2.792546,7.614669,0.294733
736,21.238079,1,12.77177,20.799166,0.108854,0.009298,0.08609,0.011395,12,0,3.182027,6.321199,2.841858,7.689405,0.267872
737,7.911222,0,0,7.481333,0.106136,0.009452,0.084977,0.010087,12,0,3.182027,6.321199,2.841858,7.21253,0.258812
738,20.757312,1,12.277713,20.198604,0.187456,0.014352,0.150443,0.019565,12,0,3.194056,5.961516,2.667885,7.575423,0.263141
739,8.629539,0,0,8.187784,0.1305,0.010287,0.106124,0.012078,12,0,3.194056,5.961516,2.667885,7.914543,0.261753
740,20.839427,1,12.736059,20.415721,0.10054,0.006951,0.082871,0.009703,12,0,3.379228,6.145638,2.761743,7.322498,0.285067
741,8.436351,0,0,8.004062,0.110965,0.009996,0.087278,0.01154,12,0,3.379228,6.145638,2.761743,7.724928,0.266961
742,20.721639,1,12.334175,20.290091,0.099955,0.006684,0.082083,0.009941,12,0,3.223228,5.974948,2.713639,7.624457,0.264446
743,8.38533,0,0,7.966005,0.110365,0.010225,0.08691,0.011149,12,0,3.223228,5.974948,2.713639,7.658014,0.297398
744,20.761301,1,12.785689,20.340646,0.094943,0.006022,0.079602,0.008665,12,0,3.347336,6.29585,2.716927,7.219987,0.265021
745,8.397195,0,0,7.892579,0.135322,0.010555,0.111208,0.01188,12,0,3.347336,6.29585,2.716927,7.612547,0.260748
746,20.751334,1,12.291578,20.301283,0.10976,0.009397,0.086889,0.01145,12,0,3.097419,6.000291,2.758663,7.642544,0.297356
747,8.197803,0,0,7.751853,0.115121,0.011283,0.089781,0.012087,12,0,3.097419,6.000291,2.758663,7.48045,0.259456
748,21.405528,1,12.716883,20.933153,0.110486,0.009405,0.088015,0.011057,12,0,3.387165,6.090934,2.809537,7.878158,0.265218
749,8.413978,0,0,7.996068,0.113294,0.009844,0.09056,0.010985,12,0,3.387165,6.090934,2.809537,7.726377,0.259004
750,20.581853,1,12.469355,20.162042,0.100727,0.006721,0.0834,0.009483,12,0,3.404887,5.963517,2.67454,7.356962,0.266343
751,8.084991,0,0,7.668148,0.108833,0.009872,0.086253,0.010814,12,0,3.404887,5.963517,2.67454,7.392841,0.26402
752,20.586863,1,12.23084,20.170557,0.099313,0.006671,0.082229,0.009435,12,0,3.260039,5.883284,2.659425,7.609581,0.262936
753,8.380811,0,0,7.964319,0.1075,0.009468,0.085453,0.010966,12,0,3.260039,5.883284,2.659425,7.661885,0.291758
754,22.034266,1,14.051122,21.616041,0.095489,0.006008,0.080351,0.008393,12,0,3.529361,6.781825,3.307184,7.219851,0.275648
755,8.186121,0,0,7.707483,0.114536,0.010727,0.089354,0.012156,12,0,3.529361,6.781825,3.307184,7.435092,0.260657
756,20.425235,1,12.054812,20.014017,0.104351,0.006757,0.08693,0.009645,12,0,3.134204,5.851509,2.641789,7.633787,0.261452
757,7.919802,0,0,7.525348,0.094617,0.005868,0.079596,0.008398,12,0,3.134204,5.851509,2.641789,7.256747,0.259172
758,21.639898,1,13.595468,21.200977,0.116768,0.005653,0.101866,0.00865,12,0,3.537973,6.776507,2.853696,7.268878,0.268916
759,8.222286,0,0,7.792315,0.120496,0.00997,0.087113,0.021319,12,0,3.537973,6.776507,2.853696,7.520826,0.260908
760,21.007473,1,12.855082,20.584998,0.098207,0.005997,0.082952,0.008592,12,0,3.341947,6.311213,2.773132,7.345538,0.313349
761,8.393662,0,0,7.980229,0.109366,0.009895,0.086712,0.010894,12,0,3.341947,6.311213,2.773132,7.710898,0.258687
762,20.69777,1,12.692206,20.285057,0.094499,0.00597,0.079901,0.007947,12,0,3.24076,6.176007,2.842459,7.25201,0.264522
763,8.190842,0,0,7.745416,0.114536,0.010675,0.089713,0.01203,12,0,3.24076,6.176007,2.842459,7.472513,0.261044
764,21.102144,1,12.689635,20.65306,0.099101,0.006571,0.082291,0.009289,12,0,3.200077,6.116173,2.944266,7.625873,0.264203
765,8.412122,0,0,7.935859,0.120994,0.010985,0.09537,0.01196,12,0,3.200077,6.116173,2.944266,7.661154,0.260434
766,22.048348,1,13.485123,21.605903,0.116187,0.010988,0.090303,0.012406,12,0,3.486782,6.550424,2.983468,7.780848,0.263048
767,8.467054,0,0,7.999016,0.11529,0.01024,0.091425,0.011316,12,0,3.486782,6.550424,2.983468,7.706858,0.280022
768,21.061477,1,12.377118,20.654452,0.100515,0.006585,0.083401,0.009492,12,0,3.222543,6.054561,2.672714,7.943719,0.269662
769,8.035177,0,0,7.6426,0.09552,0.006152,0.080035,0.008643,12,0,3.222543,6.054561,2.672714,7.371376,0.261692
770,20.708143,1,12.616513,20.289628,0.100232,0.007576,0.082575,0.009059,12,0,3.295084,6.197946,2.700335,7.342647,0.264038
771,8.126459,0,0,7.706865,0.114906,0.010449,0.089943,0.012275,12,0,3.295084,6.197946,2.700335,7.436046,0.259687
772,20.960241,1,12.836594,20.518131,0.096625,0.006021,0.081255,0.008653,12,0,3.329468,6.075128,2.918208,7.341291,0.266584
773,8.314139,0,0,7.805589,0.115763,0.011038,0.090261,0.012056,12,0,3.329468,6.075128,2.918208,7.508213,0.283724
774,23.385085,1,12.828188,22.88665,0.14295,0.010606,0.117875,0.011923,12,0,3.3158,6.265933,2.81172,9.622281,0.3576
775,8.8198,0,0,8.317804,0.116325,0.011327,0.089894,0.012689,12,0,3.3158,6.265933,2.81172,8.004281,0.299763
776,22.327761,1,13.21612,21.778824,0.115622,0.010814,0.090259,0.011947,12,0,3.264961,6.242157,3.199664,8.037466,0.396411
777,10.983575,0,0,10.385922,0.14698,0.012602,0.11703,0.01416,12,0,3.264961,6.242157,3.199664,10.037279,0.332711
778,22.101964,1,13.137522,21.595166,0.176169,0.016103,0.128056,0.02937,12,0,3.305284,6.526251,2.830246,8.104501,0.264993
779,8.458941,0,0,7.967022,0.116606,0.011042,0.09076,0.012596,12,0,3.305284,6.526251,2.830246,7.692798,0.260505
780,22.185959,1,12.672659,21.69502,0.155129,0.010359,0.130441,0.012165,12,0,3.363716,6.104423,2.772738,8.678299,0.269313
781,8.24449,0,0,7.8206,0.105755,0.00929,0.085018,0.010029,12,0,3.363716,6.104423,2.772738,7.548421,0.262145
782,21.462311,1,12.538985,21.008326,0.131046,0.025536,0.086498,0.017194,12,0,3.300882,5.994807,2.81403,8.130019,0.262856
783,8.034037,0,0,7.630456,0.099727,0.007488,0.08178,0.009463,12,0,3.300882,5.994807,2.81403,7.360845,0.259656
784,21.060306,1,12.538049,20.593367,0.150401,0.012042,0.121652,0.015371,12,0,3.121933,6.325805,2.659457,7.716266,0.265999
785,8.023738,0,0,7.623965,0.098823,0.006765,0.082265,0.008906,12,0,3.121933,6.325805,2.659457,7.350294,0.263882
786,20.655984,1,12.614652,20.240957,0.095172,0.006017,0.079789,0.008721,12,0,3.264244,6.00612,2.914737,7.278155,0.28163
787,8.574706,0,0,8.154929,0.112647,0.010679,0.087847,0.011971,12,0,3.264244,6.00612,2.914737,7.85177,0.291572
788,20.514522,1,12.197943,20.075999,0.095851,0.006203,0.080373,0.008578,12,0,3.110939,5.943292,2.655418,7.383363,0.403905
789,8.551433,0,0,8.130263,0.109485,0.009441,0.087015,0.01129,12,0,3.110939,5.943292,2.655418,7.855212,0.263741
790,20.287847,1,12.189419,19.888458,0.098544,0.006282,0.082916,0.008732,12,0,3.133723,5.918197,2.70926,7.374508,0.261612
791,7.933229,0,0,7.540191,0.095563,0.006299,0.080097,0.008513,12,0,3.133723,5.918197,2.70926,7.271218,0.25926
792,20.915021,1,12.570175,20.49436,0.10424,0.008236,0.08388,0.010834,12,0,3.204802,6.277762,2.657292,7.596139,0.260789
793,7.939147,0,0,7.540866,0.099274,0.006796,0.082257,0.009366,12,0,3.204802,6.277762,2.657292,7.273476,0.257799
794,20.754885,1,12.466604,20.319052,0.120875,0.007536,0.102758,0.009673,12,0,3.287105,6.013511,2.740333,7.520178,0.2658
795,7.992997,0,0,7.572669,0.11277,0.009776,0.088982,0.012072,12,0,3.287105,6.013511,2.740333,7.301954,0.259876
796,20.144039,1,12.168312,19.753101,0.093234,0.005606,0.079043,0.00805,12,0,3.092151,5.996459,2.655563,7.257515,0.26536
797,8.5308,0,0,8.091131,0.120768,0.009674,0.097004,0.011633,12,0,3.092151,5.996459,2.655563,7.819678,0.259427
798,20.275107,1,12.153413,19.87001,0.094509,0.006033,0.079667,0.008199,12,0,3.105486,5.96707,2.655836,7.392109,0.261942
799,8.219552,0,0,7.75513,0.106305,0.008649,0.085116,0.011117,12,0,3.105486,5.96707,2.655836,7.482016,0.262582
800,20.379304,1,12.097281,19.950359,0.100248,0.006783,0.082766,0.009642,12,0,3.172533,5.85705,2.640718,7.529171,0.259872
801,8.238027,0,0,7.806005,0.116194,0.008923,0.093532,0.011583,12,0,3.172533,5.85705,2.640718,7.535565,0.259262
802,20.557204,1,12.151576,20.154898,0.098654,0.006479,0.081921,0.009321,12,0,3.185139,5.891861,2.646465,7.675465,0.260812
803,8.103827,0,0,7.684547,0.11758,0.009857,0.092498,0.01315,12,0,3.185139,5.891861,2.646465,7.414952,0.258909
804,20.647698,1,12.609555,20.234303,0.096451,0.005519,0.082118,0.008173,12,0,3.228766,6.226737,2.711052,7.291886,0.264092
805,8.061068,0,0,7.654324,0.107426,0.009664,0.08505,0.011179,12,0,3.228766,6.226737,2.711052,7.380329,0.263717
806,20.465711,1,12.325577,19.963922,0.094757,0.005675,0.079825,0.008577,12,0,3.197933,5.956968,2.725913,7.280487,0.2921
807,8.160635,0,0,7.731943,0.107194,0.009208,0.085539,0.010878,12,0,3.197933,5.956968,2.725913,7.462158,0.259674
808,20.121165,1,12.089589,19.72918,0.092979,0.005712,0.078703,0.007963,12,0,3.121391,5.917106,2.627782,7.317051,0.260818
809,8.084189,0,0,7.63441,0.143158,0.008097,0.123286,0.010786,12,0,3.121391,5.917106,2.627782,7.363595,0.260571
810,21.37756,1,12.892648,20.936833,0.120419,0.006701,0.102428,0.010163,12,0,3.434615,6.379945,2.64807,7.714247,0.264792
811,8.149561,0,0,7.729967,0.115989,0.010304,0.088547,0.015069,12,0,3.434615,6.379945,2.64807,7.459379,0.259836
812,20.733849,1,12.564549,20.29225,0.124762,0.007203,0.10405,0.009719,12,0,3.243582,6.145076,2.747002,7.391327,0.26897
813,8.005822,0,0,7.605762,0.100299,0.006955,0.08265,0.009657,12,0,3.243582,6.145076,2.747002,7.33196,0.263992
814,20.248591,1,12.238282,19.847181,0.092675,0.005635,0.07845,0.00801,12,0,3.211276,5.926487,2.630905,7.265996,0.265272
815,9.125126,0,0,8.688164,0.113165,0.010274,0.088766,0.012128,12,0,3.211276,5.926487,2.630905,8.41559,0.25969
816,20.439848,1,12.280015,20.021763,0.09605,0.006098,0.080393,0.008674,12,0,3.285188,5.878212,2.672326,7.411535,0.262866
817,8.363887,0,0,7.94857,0.112003,0.009299,0.08983,0.011211,12,0,3.285188,5.878212,2.672326,7.678013,0.260175
818,20.257433,1,12.258928,19.854302,0.096755,0.008671,0.079134,0.008258,12,0,3.173756,5.94976,2.705378,7.269983,0.262327
819,8.011442,0,0,7.593366,0.115784,0.013127,0.088235,0.012691,12,0,3.173756,5.94976,2.705378,7.323392,0.259069
820,20.749546,1,12.621224,20.325699,0.105955,0.007112,0.088826,0.008978,12,0,3.187238,6.024015,2.980665,7.370692,0.267216
821,7.958708,0,0,7.55865,0.101762,0.007268,0.083122,0.01027,12,0,3.187238,6.024015,2.980665,7.285696,0.263229
822,20.778703,1,12.694744,20.353212,0.105833,0.006475,0.089886,0.008611,12,0,3.193651,6.395315,2.679598,7.32921,0.262965
823,7.952778,0,0,7.547694,0.102717,0.007802,0.083323,0.010434,12,0,3.193651,6.395315,2.679598,7.277839,0.259992
824,20.812109,1,12.898607,20.40192,0.092931,0.005605,0.078692,0.008048,12,0,3.504773,6.280513,2.684103,7.173295,0.261556
825,8.046145,0,0,7.631205,0.107472,0.00965,0.085335,0.01104,12,0,3.504773,6.280513,2.684103,7.263463,0.357704
826,20.171354,1,12.174209,19.757824,0.092348,0.005465,0.078129,0.008254,12,0,3.156209,5.903072,2.65249,7.203959,0.319115
827,8.127637,0,0,7.703675,0.114883,0.01052,0.089898,0.012559,12,0,3.156209,5.903072,2.65249,7.429921,0.262274
828,20.592624,1,12.136628,20.138592,0.147272,0.007441,0.128715,0.00984,12,0,3.149322,5.921415,2.639849,7.672147,0.265054
829,8.003934,0,0,7.574223,0.118049,0.006518,0.101261,0.009681,12,0,3.149322,5.921415,2.639849,7.277542,0.287082
830,20.686119,1,12.290401,20.271088,0.104013,0.00725,0.085091,0.010565,12,0,3.279414,5.878116,2.705681,7.654232,0.262249
831,7.92619,0,0,7.528584,0.096708,0.006075,0.080554,0.009415,12,0,3.279414,5.878116,2.705681,7.195647,0.323294
832,20.669344,1,12.7315,20.244839,0.092806,0.005484,0.078868,0.007899,12,0,3.157687,6.28911,2.766479,7.181724,0.264939
833,7.911021,0,0,7.505365,0.107507,0.009334,0.085677,0.010902,12,0,3.157687,6.28911,2.766479,7.235264,0.259942
834,20.661029,1,12.595079,20.222396,0.094566,0.00562,0.079701,0.008656,12,0,3.289817,6.150317,2.71034,7.284242,0.270758
835,9.120966,0,0,8.634598,0.117776,0.010916,0.090833,0.013121,12,0,3.289817,6.150317,2.71034,8.360817,0.259945
836,21.082434,1,12.890078,20.630541,0.114111,0.010289,0.089904,0.011747,12,0,3.473163,6.087432,2.883919,7.361121,0.301353
837,8.546564,0,0,8.072467,0.128445,0.010882,0.101559,0.0136,12,0,3.473163,6.087432,2.883919,7.791992,0.266609
838,21.220485,1,12.538389,20.709933,0.122259,0.008097,0.101712,0.011092,12,0,3.358626,6.07909,2.672404,7.821503,0.261501
839,8.205735,0,0,7.763706,0.128384,0.017327,0.099938,0.01007,12,0,3.358626,6.07909,2.672404,7.444107,0.309747
840,20.866516,1,12.248035,20.4503,0.105812,0.007684,0.085889,0.010727,12,0,3.199254,5.900229,2.721164,7.873482,0.264388
841,7.900017,0,0,7.478318,0.09651,0.006011,0.080502,0.009205,12,0,3.199254,5.900229,2.721164,7.190165,0.278582
842,20.700441,1,12.283774,20.279663,0.107235,0.008412,0.085891,0.011104,12,0,3.193401,5.937244,2.659378,7.669694,0.258961
843,8.740757,0,0,8.286095,0.115936,0.010523,0.089772,0.013216,12,0,3.193401,5.937244,2.659378,8.00802,0.259972
844,25.133744,1,16.697623,24.666473,0.120003,0.011577,0.092947,0.012725,12,0,3.929544,8.72809,3.477376,7.622839,0.264121
845,8.44653,0,0,7.942611,0.116079,0.011016,0.089714,0.01279,12,0,3.929544,8.72809,3.477376,7.670251,0.258742
846,22.249055,1,13.733966,21.753879,0.150022,0.011001,0.114411,0.021968,12,0,3.299003,6.912873,3.036359,7.63081,0.30672
847,8.43879,0,0,7.980034,0.116672,0.011056,0.090044,0.013145,12,0,3.299003,6.912873,3.036359,7.707738,0.2582
848,21.575984,1,12.872099,21.086382,0.118242,0.010504,0.093054,0.012184,12,0,3.379029,6.278337,2.780784,7.815803,0.298917
849,8.873307,0,0,8.405372,0.115497,0.01047,0.089244,0.013133,12,0,3.379029,6.278337,2.780784,8.08094,0.310364
850,22.736674,1,12.918963,22.197432,0.159152,0.010971,0.123207,0.012311,12,0,3.298553,6.381767,2.790759,8.883771,0.29918
851,8.247744,0,0,7.789512,0.124459,0.01086,0.098609,0.012909,12,0,3.298553,6.381767,2.790759,7.520132,0.257543
852,20.91128,1,12.482076,20.497933,0.099031,0.006768,0.082037,0.009116,12,0,3.125148,6.097642,2.802954,7.692958,0.258209
853,7.928679,0,0,7.533004,0.097565,0.006072,0.082282,0.00857,12,0,3.125148,6.097642,2.802954,7.265425,0.258015
854,20.54397,1,12.596736,20.128613,0.093797,0.005678,0.079209,0.008328,12,0,3.264532,6.22423,2.683534,7.20585,0.259475
855,7.902335,0,0,7.492773,0.106493,0.009423,0.084675,0.010895,12,0,3.264532,6.22423,2.683534,7.226539,0.256343
856,21.953376,1,12.566969,21.535569,0.094747,0.005793,0.079917,0.008373,12,0,3.302829,6.156858,2.684595,8.629448,0.2607
857,7.919622,0,0,7.514263,0.106992,0.008921,0.085861,0.010758,12,0,3.302829,6.156858,2.684595,7.247902,0.256145
858,20.50972,1,12.604576,20.094937,0.092996,0.005607,0.078578,0.008272,12,0,3.206958,6.047699,2.92592,7.15823,0.264727
859,8.278322,0,0,7.835346,0.114141,0.010699,0.088938,0.012487,12,0,3.206958,6.047699,2.92592,7.564756,0.25725
860,21.354526,1,12.554326,20.830081,0.137811,0.010994,0.112616,0.011844,12,0,3.279796,6.144652,2.699866,7.912527,0.285968
861,8.604933,0,0,8.10537,0.115867,0.010791,0.089922,0.013183,12,0,3.279796,6.144652,2.699866,7.777074,0.31456
862,21.60496,1,12.75379,21.043797,0.144449,0.021055,0.108363,0.012372,12,0,3.234932,6.265538,2.812218,7.9162,0.295741
863,8.477936,0,0,7.985776,0.115295,0.010416,0.090063,0.012494,12,0,3.234932,6.265538,2.812218,7.71522,0.257223
864,21.636496,1,12.670781,21.183796,0.116834,0.010212,0.092966,0.011458,12,0,3.172743,6.231068,2.816427,8.185202,0.258627
865,8.136997,0,0,7.741531,0.09577,0.006104,0.080166,0.008562,12,0,3.172743,6.231068,2.816427,7.475691,0.25621
866,20.833106,1,12.699764,20.392216,0.096874,0.006464,0.081263,0.008387,12,0,3.198429,6.387997,2.687974,7.364402,0.261044
867,8.005041,0,0,7.589338,0.113396,0.010091,0.089156,0.012154,12,0,3.198429,6.387997,2.687974,7.31722,0.261401
868,20.633194,1,12.525244,20.216568,0.095809,0.00609,0.080592,0.0084,12,0,3.160242,6.032036,2.872583,7.360224,0.261886
869,7.982598,0,0,7.575512,0.107644,0.009399,0.086381,0.010427,12,0,3.160242,6.032036,2.872583,7.308134,0.257091
870,20.149565,1,12.164136,19.756095,0.093959,0.005863,0.079569,0.007926,12,0,3.135166,5.96105,2.646458,7.269557,0.260267
871,8.026919,0,0,7.559687,0.104119,0.007535,0.084805,0.01055,12,0,3.135166,5.96105,2.646458,7.293511,0.2556
872,21.178256,1,12.212945,20.743535,0.111507,0.009302,0.088135,0.011621,12,0,3.129542,5.958465,2.70012,8.19837,0.262399
873,8.072095,0,0,7.659574,0.106248,0.009236,0.085029,0.01044,12,0,3.129542,5.958465,2.70012,7.387028,0.261923
874,20.422064,1,12.120859,20.014766,0.101705,0.006839,0.083334,0.010291,12,0,3.196637,5.868583,2.628512,7.572301,0.257021
875,7.947685,0,0,7.528147,0.117596,0.00999,0.092593,0.013158,12,0,3.196637,5.868583,2.628512,7.261493,0.255902
876,20.343934,1,12.360751,19.937661,0.094019,0.005913,0.079595,0.00786,12,0,3.234984,5.989765,2.670223,7.25138,0.258186
877,8.226161,0,0,7.81552,0.106949,0.009011,0.085494,0.010728,12,0,3.234984,5.989765,2.670223,7.54872,0.256162
878,20.30778,1,12.284727,19.882216,0.094914,0.00612,0.079444,0.008596,12,0,3.17562,6.041953,2.644069,7.270674,0.26192
879,8.222027,0,0,7.811205,0.108739,0.009735,0.086068,0.01112,12,0,3.17562,6.041953,2.644069,7.544274,0.25584
880,20.080649,1,12.218489,19.678997,0.095806,0.005577,0.081266,0.008383,12,0,3.19327,5.86523,2.699791,7.122847,0.272917
881,8.273091,0,0,7.85567,0.109351,0.009231,0.086841,0.011287,12,0,3.19327,5.86523,2.699791,7.588947,0.255661
882,20.242649,1,12.21155,19.849714,0.09327,0.005608,0.078933,0.008105,12,0,3.190827,5.911974,2.666492,7.226864,0.348388
883,7.934248,0,0,7.509901,0.114934,0.01033,0.089392,0.013092,12,0,3.190827,5.911974,2.666492,7.242644,0.256506
884,20.652653,1,12.766004,20.230872,0.100974,0.005789,0.086021,0.008579,12,0,3.443316,6.226578,2.671083,7.13269,0.260586
885,7.906419,0,0,7.440823,0.105602,0.009309,0.084974,0.009785,12,0,3.443316,6.226578,2.671083,7.171062,0.259453
886,20.526222,1,12.557417,20.113167,0.09262,0.005675,0.078483,0.0078,12,0,3.203399,6.040586,2.887534,7.121761,0.367258
887,7.81269,0,0,7.407018,0.107165,0.009368,0.085517,0.010765,12,0,3.203399,6.040586,2.887534,7.140031,0.25683
888,20.109313,1,12.190119,19.71821,0.094008,0.005866,0.079447,0.00812,12,0,3.126924,5.950586,2.694046,7.207899,0.258902
889,8.344032,0,0,7.917779,0.108847,0.009096,0.086921,0.010978,12,0,3.126924,5.950586,2.694046,7.611042,0.294399
890,20.315167,1,12.226979,19.914967,0.095861,0.006394,0.079827,0.008942,12,0,3.197212,5.949783,2.655067,7.366381,0.257658
891,7.890944,0,0,7.465639,0.122421,0.009885,0.098348,0.012356,12,0,3.197212,5.949783,2.655067,7.198421,0.256381
892,21.1078,1,12.666426,20.677219,0.108232,0.008713,0.085963,0.011182,12,0,3.261487,6.248098,2.66276,7.68309,0.257656
893,7.824021,0,0,7.420624,0.103287,0.007375,0.08552,0.009369,12,0,3.261487,6.248098,2.66276,7.155453,0.254959
894,20.627594,1,12.603555,20.189899,0.096978,0.008595,0.079206,0.008549,12,0,3.441436,6.08355,2.657071,7.259624,0.260045
895,7.888884,0,0,7.480825,0.105704,0.00889,0.085197,0.01009,12,0,3.441436,6.08355,2.657071,7.215138,0.255525
896,20.570209,1,12.641213,20.160302,0.093794,0.005618,0.079391,0.008172,12,0,3.198044,6.178305,2.837013,7.193064,0.259228
897,8.123544,0,0,7.679199,0.112296,0.009986,0.088466,0.011305,12,0,3.198044,6.178305,2.837013,7.409179,0.257077
898,20.924751,1,12.662759,20.462263,0.112456,0.009851,0.088229,0.012271,12,0,3.331597,6.112666,2.764013,7.462559,0.259681
899,7.853735,0,0,7.409847,0.113567,0.0103,0.08867,0.01259,12,0,3.331597,6.112666,2.764013,7.144053,0.254724
900,20.585253,1,12.268235,20.161703,0.108924,0.008584,0.087359,0.011002,12,0,3.178111,5.925681,2.735279,7.567697,0.257423
901,7.886384,0,0,7.489016,0.098666,0.006382,0.082773,0.008758,12,0,3.178111,5.925681,2.735279,7.227324,0.251892
902,20.735843,1,12.504904,20.320948,0.102389,0.007687,0.083069,0.010028,12,0,3.240143,6.159682,2.683545,7.489845,0.259107
903,7.882568,0,0,7.481151,0.099654,0.006857,0.08271,0.009179,12,0,3.240143,6.159682,2.683545,7.216922,0.254522
904,21.132205,1,12.567249,20.671507,0.147333,0.008492,0.121958,0.015573,12,0,3.204383,6.26261,2.676228,7.77345,0.261923
905,7.949744,0,0,7.552,0.098765,0.006738,0.082139,0.008967,12,0,3.204383,6.26261,2.676228,7.283247,0.258994
906,20.37338,1,12.385547,19.898369,0.093992,0.005728,0.079457,0.00821,12,0,3.152099,6.061034,2.741891,7.190642,0.257026
907,9.200156,0,0,8.563537,0.204586,0.012259,0.175569,0.013362,12,0,3.152099,6.061034,2.741891,8.253264,0.295321
908,22.271465,1,12.650511,21.819263,0.114112,0.010762,0.088655,0.012147,12,0,3.245093,6.154331,2.775669,8.802376,0.293041
909,8.542013,0,0,8.084231,0.110357,0.00943,0.087088,0.011798,12,0,3.245093,6.154331,2.775669,7.816649,0.256321
910,20.36219,1,12.333501,19.948634,0.09408,0.005773,0.07925,0.008347,12,0,3.133695,6.109011,2.658027,7.288609,0.262987
911,8.28402,0,0,7.856007,0.110061,0.009556,0.087481,0.011136,12,0,3.133695,6.109011,2.658027,7.587834,0.255473
912,20.21477,1,12.2789,19.81207,0.093995,0.005896,0.07928,0.008155,12,0,3.239817,5.957315,2.659592,7.212514,0.257725
913,7.804398,0,0,7.413137,0.095678,0.006056,0.080425,0.008442,12,0,3.239817,5.957315,2.659592,7.148781,0.254643
914,21.082483,1,12.918093,20.61698,0.139361,0.007742,0.115473,0.014905,12,0,3.279486,6.471265,2.719631,7.363893,0.260197
915,9.193666,0,0,8.712343,0.115768,0.010983,0.090185,0.012071,12,0,3.279486,6.471265,2.719631,8.403654,0.295324
916,21.988361,1,13.590613,21.515863,0.138031,0.011612,0.11088,0.01308,12,0,3.53283,6.811692,2.812477,7.534748,0.299352
917,8.516451,0,0,8.042868,0.115849,0.010745,0.090161,0.01246,12,0,3.53283,6.811692,2.812477,7.772593,0.256314
918,21.826397,1,13.438022,21.380077,0.114955,0.01064,0.090029,0.011758,12,0,3.599572,6.519597,2.82711,7.550871,0.310408
919,9.215294,0,0,8.643468,0.192314,0.01202,0.163351,0.013352,12,0,3.599572,6.519597,2.82711,8.371139,0.257965
920,22.576089,1,13.897476,22.083721,0.148567,0.010701,0.114248,0.020945,12,0,3.44136,6.859482,3.074857,7.715357,0.340773
921,9.309668,0,0,8.615943,0.213249,0.017116,0.163525,0.020284,12,0,3.44136,6.859482,3.074857,8.214388,0.382956
922,22.779612,1,14.146891,22.310878,0.123588,0.019159,0.089383,0.012639,12,0,3.737585,7.072757,2.856085,7.825532,0.260407
923,8.219901,0,0,7.758549,0.150242,0.0109,0.123985,0.013049,12,0,3.737585,7.072757,2.856085,7.479986,0.265965
924,20.808806,1,12.438205,20.312273,0.184342,0.020377,0.145963,0.017084,12,0,3.271531,6.080031,2.653421,7.529043,0.261282
925,7.979599,0,0,7.478094,0.097607,0.006754,0.080689,0.009298,12,0,3.271531,6.080031,2.653421,7.113143,0.355002
926,20.769216,1,12.407323,20.346256,0.108072,0.008898,0.086101,0.011353,12,0,3.153302,6.163661,2.667419,7.614803,0.257572
927,7.720352,0,0,7.32151,0.096889,0.006463,0.080752,0.008918,12,0,3.153302,6.163661,2.667419,7.05888,0.252865
928,20.793577,1,12.341962,20.367214,0.109513,0.008636,0.087973,0.010851,12,0,3.159158,6.106795,2.653609,7.703242,0.254994
929,8.488423,0,0,7.991114,0.140834,0.018988,0.098813,0.021456,12,0,3.159158,6.106795,2.653609,7.694668,0.276527
930,21.040682,1,13.086503,20.615504,0.096138,0.006233,0.08059,0.008603,12,0,3.218652,6.692143,2.735309,7.157635,0.301556
