x,y,z,vx,vy,vz,ax,ay,az,mass
-0.92799896001815796,1.0272818803787231,0.92799931764602661,1.0967254638671875e-05,3.2677056789398193,-1.0728836059570312e-05,0,-9.8099966049194336,0,8
-0.63178843259811401,0.071999989449977875,-0.92800003290176392,-0.27714961767196655,0,0,-16.811092376708984,0,0,8
-0.63178843259811401,0.071999989449977875,-0.92800003290176392,-0.27714961767196655,0,0,-16.811092376708984,0,0,8
0.029254036024212837,0.071999989449977875,-0.92800003290176392,-0.14585596323013306,0,0,-37.936882019042969,0,0,8
0.029254036024212837,0.071999989449977875,-0.92800003290176392,-0.14585596323013306,0,0,-37.936882019042969,0,0,8
0.65684562921524048,0.071999989449977875,-0.60388094186782837,0.94116175174713135,0,-2.7863454818725586,-11.283648490905762,0,-34.959064483642578,8
0.65684562921524048,0.071999989449977875,-0.60388094186782837,0.94116175174713135,0,-2.7863454818725586,-11.283648490905762,0,-34.959064483642578,8
-0.24556542932987213,0.071999989449977875,-0.68835961818695068,0.016467686742544174,0,-0.038604941219091415,-10.879524230957031,0,8.8133955001831055,8
-0.24556542932987213,0.071999989449977875,-0.68835961818695068,0.016467686742544174,0,-0.038604941219091415,-10.879524230957031,0,8.8133955001831055,8
0.92800003290176392,0.071999989449977875,-0.92800003290176392,0,0,0,0,0,0,8
-0.92800003290176392,0.071999989449977875,-0.33889204263687134,0,0,-1.0602850914001465,0,0,-58.0399169921875,8
-0.92800003290176392,0.071999989449977875,-0.67819428443908691,0,0,-0.081982411444187164,0,0,-6.9965705871582031,8
-0.62168985605239868,0.071999989449977875,0.12393058836460114,0.31651899218559265,0,-0.16594290733337402,23.047693252563477,0,6.2072553634643555,8
0.15410646796226501,0.071999989449977875,-0.92800003290176392,-0.3713410496711731,0,0,-14.239062309265137,0,0,8
-0.4756646454334259,0.071999989449977875,0.7514650821685791,0.33355289697647095,0,1.2710229158401489,-16.124004364013672,0,-13.208569526672363,8
-0.66663849353790283,0.071999989449977875,-0.29071804881095886,-0.02415628544986248,0,-0.8402630090713501,12.105810165405273,0,-17.432304382324219,8
-0.67819184064865112,0.071999989449977875,-0.42348936200141907,-0.069451078772544861,0,-0.25070258975028992,-4.3599882125854492,0,8.0314550399780273,8
-0.0017051316099241376,0.071999989449977875,-0.18472734093666077,-0.10858111083507538,0,-0.063605017960071564,-18.146394729614258,0,10.224143981933594,8
-0.060150247067213058,0.071999989449977875,-0.43405961990356445,-0.1166272759437561,0,0.40923017263412476,-15.241789817810059,0,16.592126846313477,8
0.92800003290176392,0.071999989449977875,-0.5101473331451416,0,0,-6.4393157958984375,0,0,-243.32197570800781,8
-0.92800003290176392,0.071999989449977875,-0.43521177768707275,0,0,-0.3278840184211731,0,0,-18.332300186157227,8
-0.5517461895942688,0.071999989449977875,0.7093997597694397,-0.48992377519607544,0,1.0710291862487793,5.5188503265380859,0,-3.1558725833892822,8
-0.37266212701797485,0.071999989449977875,0.13606616854667664,0.030684929341077805,0,-0.069345720112323761,2.0628812313079834,0,24.820680618286133,8
-0.012598857283592224,0.071999989449977875,-0.051764324307441711,-0.20290994644165039,0,0.10618872195482254,-19.951910018920898,0,8.8092756271362305,8
0.076139479875564575,0.072000086307525635,0.19641529023647308,-0.10224486887454987,5.7469575764912406e-09,0.033326204866170883,-1.7877480983734131,1.448406639070754e-08,-1.6764301061630249,8
0.59069240093231201,0.071999989449977875,-0.46148893237113953,0.31940382719039917,0,-1.0987786054611206,14.673884391784668,0,15.625972747802734,8
0.58575439453125,0.071999989449977875,0.69792342185974121,-0.10764595866203308,5.4660048709465059e-10,-0.19253554940223694,-8.8330469131469727,8.5965830010081845e-08,2.4780168533325195,8
-0.034316588193178177,0.071999989449977875,-0.70017141103744507,0.14608989655971527,0,0.077952586114406586,-5.9674644470214844,0,16.337444305419922,8
0.41213086247444153,0.071999989449977875,-0.046411335468292236,-0.35025045275688171,1.1618727313589261e-08,-0.0040407776832580566,-13.911067008972168,1.8526613132507919e-07,1.4443944692611694,8
0.92800003290176392,0.071999989449977875,-0.5101473331451416,0,0,-6.4393157958984375,0,0,-243.32197570800781,8
-0.92800003290176392,0.071999989449977875,-0.14992852509021759,0,0,0.07046075165271759,0,0,-3.7358508110046387,8
-0.73097246885299683,0.071999989449977875,-0.58225232362747192,-0.093231499195098877,0,-0.39063626527786255,11.298149108886719,0,-2.3158986568450928,8
-0.12332063168287277,0.071999989449977875,0.63593810796737671,-0.53658795356750488,0,0.30539789795875549,-14.560145378112793,0,-0.70776069164276123,8
-0.92800003290176392,0.38675159215927124,-0.45353522896766663,0,-0.047981582581996918,0.20448608696460724,0,-10.054675102233887,-1.8143618106842041,8
-0.92800003290176392,0.071999989449977875,-0.068769209086894989,0,0,-0.35898655652999878,0,0,-22.390171051025391,8
-0.92799818515777588,0.071999989449977875,0.92800003290176392,7.5100237154401839e-05,0,0,0.0019311419455334544,0,0.00032186505268327892,8
-0.92799818515777588,0.071999989449977875,0.92800003290176392,7.5100237154401839e-05,0,0,0.0019311419455334544,0,0.00032186505268327892,8
-0.22947755455970764,0.071999989449977875,-0.4093400239944458,-0.11829742789268494,0,-0.27206414937973022,3.7647931575775146,0,-0.33081558346748352,8
-0.36062124371528625,0.071999989449977875,-0.50436413288116455,0.13455310463905334,0,-0.51397484540939331,7.4201135635375977,0,-18.407430648803711,8
0.92800003290176392,0.071999989449977875,-0.50047677755355835,0,0,-5.1092791557312012,0,0,-128.73207092285156,8
-0.92800003290176392,0.071999989449977875,0.00011846935376524925,0,0,-1.7525196075439453,0,0,-83.297378540039062,8
0.58530497550964355,0.071999996900558472,0.69792252779006958,-0.0086318124085664749,-1.1277223599392983e-09,-0.191846564412117,-5.6293501853942871,-1.6170529804071521e-08,2.3676140308380127,8
-0.26826247572898865,0.071999989449977875,-0.35640889406204224,0.23845204710960388,0,-0.011348647996783257,-10.882859230041504,0,18.95640754699707,8
0.075784742832183838,0.072000056505203247,0.38121673464775085,0.10055944323539734,6.4538969724026174e-09,0.53255695104598999,-1.0961731672286987,1.3262372533517919e-07,4.4029927253723145,8
-1.3312822580337524,-18.588272094726562,-1.9680855274200439,-0.1132291853427887,-20.059083938598633,-0.3829798698425293,0,-9.809931755065918,0,8
-0.92799818515777588,0.071999989449977875,0.92800003290176392,7.5100237154401839e-05,0,0,0.0019311419455334544,0,0.00032186505268327892,8
-0.92799818515777588,0.071999989449977875,0.92800003290176392,7.5100237154401839e-05,0,0,0.0019311419455334544,0,0.00032186505268327892,8
0.5843355655670166,0.071999989449977875,-0.046080827713012695,0.022885298356413841,-7.1595875894558958e-09,-0.19320099055767059,-5.6553206443786621,-2.6566857513898867e-07,1.4419689178466797,8
0.274161696434021,0.071999989449977875,-0.046676129102706909,-0.57142353057861328,6.7934937675317997e-09,0.14765849709510803,-2.0905475616455078,4.4161538426124025e-08,2.3277380466461182,8
0.92800003290176392,0.071999989449977875,-0.08229798823595047,0,0,-0.72969919443130493,0,0,-21.165815353393555,8
-0.92800003290176392,0.071999989449977875,-0.61211222410202026,0,0,0.26287013292312622,0,0,-6.3047904968261719,8
-0.28699776530265808,0.071999989449977875,0.62572932243347168,-0.013407451100647449,0,-0.2340676486492157,-4.6248235702514648,0,30.134727478027344,8
0.58341056108474731,0.071999937295913696,-0.046082615852355957,0.067907035350799561,3.1555829060891938e-09,-0.1920953094959259,-4.6082735061645508,-6.9190768670068792e-08,1.3648138046264648,8
-0.92800003290176392,0.071999989449977875,-0.92800003290176392,0,0,0,0,0,0,8
-0.92800003290176392,0.071999989449977875,-0.28318247199058533,0,0,-1.3002676963806152,0,0,-64.624679565429688,8
-0.92799818515777588,0.071999989449977875,0.92800003290176392,7.5100237154401839e-05,0,0,0.0019311419455334544,0,0.00032186505268327892,8
-0.92799818515777588,0.071999989449977875,0.92800003290176392,7.5100237154401839e-05,0,0,0.0019311419455334544,0,0.00032186505268327892,8
0.62017804384231567,0.26795893907546997,-0.046012282371520996,0.29528629779815674,-0.28661593794822693,-0.23219792544841766,2.219843864440918,-1.5138628482818604,1.2772718667984009,8
0.61547112464904785,0.071999989449977875,0.92800003290176392,-0.44404399394989014,0,0,2.1083164215087891,0,0,8
0.92800003290176392,0.071999989449977875,0.012317273765802383,0,0,-1.5359528064727783,0,0,-43.404170989990234,8
-0.92800003290176392,0.071999989449977875,-0.92800003290176392,0,0,0,0,0,0,8
-0.6768956184387207,0.071999989449977875,-0.0049167252145707607,0.76126199960708618,0,0.60140013694763184,22.105630874633789,0,20.284383773803711,8
0.24853669106960297,0.39836609363555908,0.92800003290176392,0.0086509017273783684,-0.062914028763771057,0,0.51471877098083496,-11.902434349060059,0,8
-0.30387115478515625,0.071999989449977875,0.26051050424575806,0.38043451309204102,0,-0.39627736806869507,17.619537353515625,0,6.5728244781494141,8
-0.92800003290176392,0.071999989449977875,-0.92800003290176392,0,0,0,0,0,0,8
-0.92799818515777588,0.071999989449977875,0.92800003290176392,7.5100237154401839e-05,0,0,0.0019311419455334544,0,0.00032186505268327892,8
-0.92799818515777588,0.071999989449977875,0.92800003290176392,7.5100237154401839e-05,0,0,0.0019311419455334544,0,0.00032186505268327892,8
0.18038392066955566,0.071999989449977875,-0.36314639449119568,0.74508136510848999,0,0.098328493535518646,7.7499151229858398,0,0.59599107503890991,8
0.59694373607635498,0.071999989449977875,0.92800003290176392,0.62651610374450684,0,0,26.381372451782227,0,0,8
0.92800003290176392,0.071999989449977875,0.012317273765802383,0,0,-1.5359528064727783,0,0,-43.404170989990234,8
-0.92800003290176392,0.071999989449977875,-0.59351420402526855,0,0,0.09015306830406189,0,0,0.21487621963024139,8
-0.28089487552642822,0.071999989449977875,0.57037991285324097,0.19288119673728943,0,0.92644834518432617,0.3431689441204071,0,32.493755340576172,8
-0.15728870034217834,0.071999989449977875,-0.242745041847229,0.1632276177406311,0,-0.086305424571037292,-1.5414551496505737,0,11.047996520996094,8
-0.68454736471176147,0.071999989449977875,-0.15273252129554749,0.20027074217796326,0,0.45322665572166443,11.621564865112305,0,18.368108749389648,8
-0.60196912288665771,0.071999989449977875,0.10390865057706833,0.27597635984420776,0,0.054342404007911682,9.6333723068237305,0,12.980776786804199,8
-0.31679984927177429,0.071999989449977875,0.43387845158576965,0.60398590564727783,0,0.079413279891014099,12.079392433166504,0,-3.6102125644683838,8
0.92800003290176392,0.071999989449977875,0.11125347018241882,0,0,-0.098367691040039062,0,0,12.827733993530273,8
0.43455818295478821,0.071999989449977875,0.69763320684432983,-0.35340577363967896,5.235824218630114e-09,-0.02630007266998291,-27.234880447387695,-1.9670869733090512e-07,1.8810831308364868,8
0.45525926351547241,0.071999989449977875,-0.266977459192276,0.5235590934753418,0,-0.2444424033164978,-16.026029586791992,0,-14.094816207885742,8
0.92800003290176392,0.071999989449977875,0.18223388493061066,0,0,1.1438716650009155,0,0,59.125282287597656,8
-0.92800003290176392,0.071999989449977875,-0.5538170337677002,0,0,-0.43196433782577515,0,0,-5.6558446884155273,8
0.37641391158103943,0.071999989449977875,-0.92800003290176392,0.90725028514862061,0,0.0037471821997314692,24.001321792602539,0,0.11241546273231506,8
-0.92800003290176392,0.071999989449977875,0.43617412447929382,0,0,0.40840685367584229,0,0,-18.500486373901367,8
-0.67283034324645996,0.071999989449977875,-0.73803353309631348,-0.20597647130489349,0,-0.079666592180728912,-10.966983795166016,0,21.936075210571289,8
0.23148626089096069,0.071999996900558472,0.69724345207214355,0.52933007478713989,2.8343718483370139e-09,0.19930334389209747,9.5117244720458984,-1.0910559922194807e-07,1.0528380870819092,8
0.12328545749187469,0.071999989449977875,0.69847524166107178,-0.30188941955566406,0,0.37779328227043152,-22.475740432739258,2.0394325872530317e-07,3.1224281787872314,8
0.076420068740844727,0.072000205516815186,0.050239771604537964,-0.26539820432662964,1.059897236643792e-08,1.0647096633911133,0.53620576858520508,2.5335864961562038e-07,14.27988338470459,8
0.019447404891252518,0.071999989449977875,0.6372908353805542,-0.74605357646942139,0,-0.35376676917076111,-42.124492645263672,0,-6.4513044357299805,8
0.075645476579666138,0.072000026702880859,0.45378232002258301,0.18044757843017578,2.4139215071272702e-09,0.59405326843261719,-1.0126760005950928,9.1696470860824775e-08,1.1302435398101807,8
0.92800003290176392,0.071999989449977875,0.79468619823455811,0,0,1.4093225002288818,0,0,29.273588180541992,8
-0.91290187835693359,10.581787109375,1.0498812198638916,0.0043184035457670689,-14.771673202514648,0.034858960658311844,0,-9.8100175857543945,0,8
0.58465898036956787,0.071999989449977875,-0.046080172061920166,0.012055247090756893,-5.7309987866460688e-09,-0.19357584416866302,-5.6945042610168457,-1.9179843491201609e-07,1.4720959663391113,8
-0.14303438365459442,0.69298791885375977,0.68996989727020264,0.053758665919303894,-0.22751934826374054,-0.11830585449934006,-2.671271800994873,-8.8945655822753906,2.3090593814849854,8
-0.41495329141616821,0.31896787881851196,0.8964419960975647,-0.23498024046421051,0.72790461778640747,0.4510553777217865,-8.8212518692016602,-11.377728462219238,-4.2331485748291016,8
-0.41495329141616821,0.31896787881851196,0.8964419960975647,-0.23498024046421051,0.72790461778640747,0.4510553777217865,-8.8212518692016602,-11.377728462219238,-4.2331485748291016,8
0.36907240748405457,0.071999989449977875,-0.40530297160148621,1.0984853506088257,0,0.31802916526794434,-10.932000160217285,0,21.693426132202148,8
-0.11496788263320923,0.071999989449977875,0.92800003290176392,-0.8221096396446228,0,0,-22.954051971435547,0,0,8
0.11010710895061493,0.071999989449977875,0.92800003290176392,-0.74079543352127075,0,0,-13.364883422851562,0,0,8
0.11010710895061493,0.071999989449977875,0.92800003290176392,-0.74079543352127075,0,0,-13.364883422851562,0,0,8
0.92800003290176392,0.071999989449977875,0.92800003290176392,0,0,0,0,0,0,8
-0.92799896001815796,1.0272818803787231,0.92799931764602661,1.0967254638671875e-05,3.2677056789398193,-1.0728836059570312e-05,0,-9.8099966049194336,0,8
-0.92799896001815796,1.0272818803787231,0.92799931764602661,1.0967254638671875e-05,3.2677056789398193,-1.0728836059570312e-05,0,-9.8099966049194336,0,8
-0.63178843259811401,0.071999989449977875,-0.92800003290176392,-0.27714961767196655,0,0,-16.811092376708984,0,0,8
-0.54845267534255981,0.071999989449977875,-0.92800003290176392,-0.29228764772415161,0,0,-2.7194790840148926,0,0,8
0.35086902976036072,0.071999989449977875,-0.92798131704330444,-5.3672895431518555,0,0.0031476430594921112,-180.66142272949219,0,-0.11719336360692978,8
-0.29943293333053589,0.071999989449977875,-0.92800003290176392,-0.31466177105903625,0,0,-12.111383438110352,0,0,8
-0.57407784461975098,0.071999989449977875,-0.270560622215271,0.74802035093307495,0,-0.26787465810775757,9.3405370712280273,0,-1.2938805818557739,8
-0.2949959933757782,0.071999989449977875,-0.12514281272888184,0.062408588826656342,0,-0.68751370906829834,-11.050622940063477,0,-8.9537487030029297,8
-0.42831000685691833,0.071999989449977875,-0.70531761646270752,0.0042185485363006592,0,0.053089361637830734,-12.114333152770996,0,11.606207847595215,8
0.92800003290176392,0.071999989449977875,-0.92800003290176392,0,0,0,0,0,0,8
-0.92799896001815796,1.0272818803787231,0.92799931764602661,1.0967254638671875e-05,3.2677056789398193,-1.0728836059570312e-05,0,-9.8099966049194336,0,8
-0.52249705791473389,0.56457287073135376,-0.56983351707458496,-0.12097783386707306,0.082918159663677216,-0.012325895950198174,1.0018707513809204,-3.3914120197296143,0.37669003009796143,8
-0.53268873691558838,0.071999989449977875,-0.58929741382598877,0.30901873111724854,0,-0.021411705762147903,-7.7822394371032715,0,0.73791766166687012,8
-0.55486929416656494,0.37198299169540405,-0.74188309907913208,0.18313422799110413,0.013440816663205624,-0.034472499042749405,4.7164750099182129,-4.2569069862365723,-2.4879231452941895,8
0.3913227915763855,0.071999989449977875,-0.53458380699157715,0.95921474695205688,0,1.3006464242935181,34.801467895507812,0,54.276229858398438,8
0.13596312701702118,0.071999989449977875,-0.51362717151641846,0.94710367918014526,0,0.16395215690135956,6.8679156303405762,0,7.5908346176147461,8
0.68776428699493408,0.69368910789489746,0.32551684975624084,-0.43271511793136597,-0.53418838977813721,0.12382441759109497,-0.67006134986877441,-3.4148452281951904,1.0194307565689087,8
0.52911323308944702,0.071999989449977875,-0.63746756315231323,3.9938268661499023,0,-0.2701052725315094,51.690814971923828,0,-12.42716121673584,8
-0.747100830078125,0.35836485028266907,-0.71042579412460327,-0.088887207210063934,0.078507266938686371,-0.077274464070796967,-4.0173282623291016,-5.0499172210693359,-1.2201569080352783,8
0.92800003290176392,0.071999989449977875,-0.92800003290176392,0,0,0,0,0,0,8
-0.92799896001815796,1.0272818803787231,0.92799931764602661,1.0967254638671875e-05,3.2677056789398193,-1.0728836059570312e-05,0,-9.8099966049194336,0,8
-0.66638946533203125,0.071999989449977875,0.24003051221370697,1.2661911249160767,0,0.34948813915252686,41.896224975585938,0,17.403051376342773,8
-0.23640350997447968,0.071999989449977875,-0.92800003290176392,-0.61900776624679565,0,0,-25.76652717590332,0,0,8
0.039339281618595123,0.69144141674041748,0.92795246839523315,0.12018993496894836,-0.10185389220714569,-0.0027186861261725426,-2.7673313617706299,-7.4433426856994629,-0.023595251142978668,8
-0.12924852967262268,0.071999989449977875,0.13882942497730255,-0.29627552628517151,0,0.41788530349731445,-0.092208974063396454,0,22.410324096679688,8
-0.11512788385152817,0.54627048969268799,-0.47209268808364868,0.063601046800613403,0.14515966176986694,-0.31401869654655457,-0.46655815839767456,-2.0774567127227783,0.75856798887252808,8
0.067333340644836426,0.53975176811218262,0.23131118714809418,0.030515249818563461,-0.45923903584480286,-0.050822548568248749,-2.445122241973877,-1.2246724367141724,3.5879178047180176,8
0.25483676791191101,0.071999989449977875,-0.92800003290176392,-0.083637729287147522,0,0,-20.420751571655273,0,0,8
-0.48703169822692871,0.071999989449977875,-0.41395860910415649,-0.30576565861701965,0,0.10687202215194702,-7.0765705108642578,0,19.332275390625,8
0.92800003290176392,0.071999989449977875,-0.33415403962135315,0,0,-1.0187969207763672,0,0,-270.56396484375,8
-0.92800003290176392,0.071999989449977875,-0.92800003290176392,0,0,0,0,0,0,8
-0.72782236337661743,0.34872278571128845,-0.28798931837081909,0.052785485982894897,0.015661558136343956,0.14176581799983978,0.80495023727416992,-1.1261200904846191,-2.6432864665985107,8
-0.66500842571258545,0.41789719462394714,0.68785417079925537,-0.70230370759963989,-0.014142661355435848,0.58435505628585815,1.6983656883239746,-8.9287433624267578,-0.90608590841293335,8
-0.5748249888420105,0.37559396028518677,-0.55752748250961304,0.14646288752555847,0.23794963955879211,0.17765113711357117,1.7008695602416992,-5.1537818908691406,0.88415306806564331,8
-0.92800003290176392,0.071999989449977875,0.2921110987663269,0,0,-0.79982227087020874,0,0,-39.728313446044922,8
-0.92799818515777588,0.071999989449977875,0.92800003290176392,7.5100237154401839e-05,0,0,0.0019311419455334544,0,0.00032186505268327892,8
0.81959366798400879,0.42986562848091125,0.49622887372970581,0.23027633130550385,0.11032381653785706,0.31398439407348633,-1.1913652420043945,-1.9266418218612671,5.729771614074707,8
2.0312626361846924,203.42604064941406,-2.7397375106811523,0.3116208016872406,41.473091125488281,-0.54260045289993286,0,-9.8101034164428711,0,8
-0.38235375285148621,0.36430296301841736,-0.47356963157653809,0.02198365144431591,0.04962487518787384,-0.084990322589874268,-1.0225094556808472,-2.5847105979919434,-3.9385313987731934,8
0.92800003290176392,0.071999989449977875,-0.18840630352497101,0,0,-0.71920871734619141,0,0,8.5746030807495117,8
-0.92800003290176392,0.071999989449977875,-0.92800003290176392,0,0,0,0,0,0,8
-0.510364830493927,0.071999989449977875,-0.13128809630870819,-0.19287788867950439,0,-0.32133099436759949,9.5319623947143555,0,-7.7424230575561523,8
0.26378530263900757,0.071999989449977875,-0.58162254095077515,-0.94898629188537598,0,0.45249870419502258,-39.924209594726562,0,26.22431755065918,8
-0.47114953398704529,0.071999967098236084,0.92800003290176392,-1.9939761161804199,0,0,-10.514466285705566,0,0,8
-0.92800003290176392,0.071999989449977875,0.19833125174045563,0,0,-0.05277097225189209,0,0,-1.8272807598114014,8
-0.92799818515777588,0.071999989449977875,0.92800003290176392,7.5100237154401839e-05,0,0,0.0019311419455334544,0,0.00032186505268327892,8
0.18579177558422089,0.75662058591842651,0.14870806038379669,-0.65034431219100952,-0.60785973072052002,0.16746996343135834,1.3132612705230713,-6.0701379776000977,-0.14004215598106384,8
0.58739185333251953,0.071999937295913696,0.69792652130126953,-0.54162853956222534,1.9052945887665373e-09,-0.19517110288143158,-24.982275009155273,7.8493194166640023e-08,2.8825631141662598,8
0.27133917808532715,0.071999989449977875,-0.046681523323059082,-0.51949501037597656,1.4975060080857361e-09,0.15086957812309265,-0.65707767009735107,-9.3446139715069876e-08,2.2609448432922363,8
0.92800003290176392,0.071999989449977875,-0.18840630352497101,0,0,-0.71920871734619141,0,0,8.5746030807495117,8
-0.92800003290176392,0.071999989449977875,0.054929815232753754,0,0,-3.2870206832885742,0,0,-149.73237609863281,8
-0.7288554310798645,0.071999989449977875,0.49561429023742676,0.67329001426696777,0,1.2964146137237549,41.079647064208984,0,29.93389892578125,8
0.54910820722579956,0.61741930246353149,0.92800003290176392,-0.016478311270475388,-0.26168370246887207,0,0.71112233400344849,-3.1548311710357666,0,8
-0.4531022310256958,0.37242284417152405,-0.048996642231941223,-0.19884820282459259,-0.16622902452945709,0.16648891568183899,0.86691361665725708,-1.4129854440689087,0.32163974642753601,8
-1.7306528091430664,-26.086986541748047,-3.3875968456268311,-0.26286277174949646,-24.939111709594727,-0.84099167585372925,0.00017255543207284063,-9.8094167709350586,-0.00021994112466927618,8
-0.92800003290176392,0.071999989449977875,0.45692595839500427,0,0,-4.5868434906005859,0,0,-165.38606262207031,8
-0.92799818515777588,0.071999989449977875,0.92800003290176392,7.5100237154401839e-05,0,0,0.0019311419455334544,0,0.00032186505268327892,8
0.36479252576828003,0.40987575054168701,0.92800003290176392,-0.11403483152389526,-0.015535542741417885,0,0.3819165825843811,-3.6272718906402588,0,8
-0.13902358710765839,0.071999989449977875,-0.5707390308380127,-0.18085567653179169,0,0.038770519196987152,-14.778087615966797,0,1.7993736267089844,8
0.92800003290176392,0.071999989449977875,0.72356551885604858,0,0,1.027058482170105,0,0,20.565483093261719,8
-0.92800003290176392,0.071999989449977875,0.41195657849311829,0,0,0.026736617088317871,0,0,-65.411064147949219,8
-1.6064592599868774,-4.8041062355041504,-0.24434316158294678,-0.29711851477622986,-11.631594657897949,0.12592467665672302,0,-9.8106470108032227,0,8
-1.7429947853088379,-23.25084114074707,-3.8886773586273193,-0.2355390340089798,-24.189018249511719,-0.98854070901870728,6.8843364715576172e-05,-9.8082151412963867,-0.00042378899524919689,8
-0.92800003290176392,0.40568220615386963,0.16581854224205017,0,0.01619236171245575,0.59102725982666016,0,9.2799491882324219,-0.10937868803739548,8
-1.294212818145752,-29.641716003417969,-3.4898459911346436,-0.12837536633014679,-25.864797592163086,-0.89018940925598145,-0.00023245810007210821,-9.8090734481811523,0.00027894973754882812,8
-44.047527313232422,-64.120986938476562,115.75836181640625,-12.165409088134766,-35.434200286865234,31.798839569091797,0,-9.8101034164428711,0,8
0.92800003290176392,0.071999989449977875,-0.40352198481559753,0,0,1.9544112682342529,0,0,149.95057678222656,8
0.92800003290176392,0.071999989449977875,0.51952791213989258,0,0,-0.50511956214904785,0,0,-48.848888397216797,8
0.92800003290176392,0.071999989449977875,-0.92800003290176392,0,0,0,0,0,0,8
0.92800003290176392,0.071999989449977875,0.47791346907615662,0,0,-0.025224983692169189,0,0,-28.944116592407227,8
-0.92800003290176392,0.071999989449977875,0.36548700928688049,0,0,-1.6822184324264526,0,0,-110.38411712646484,8
-0.38132774829864502,0.071999989449977875,-0.24808678030967712,-0.22178110480308533,0,-0.02499394491314888,-8.9355831146240234,0,7.350461483001709,8
-0.22302690148353577,0.071999989449977875,0.22127479314804077,-0.3173643946647644,0,0.00066534057259559631,5.9113020896911621,0,18.20068359375,8
-0.41106778383255005,0.56741905212402344,0.89169377088546753,-0.415149986743927,-0.41940081119537354,0.014335287734866142,0.39609429240226746,-3.3167774677276611,0.89170205593109131,8
-0.49565711617469788,0.071999989449977875,0.28265595436096191,0.54667317867279053,0,0.59188026189804077,-0.27796268463134766,0,3.5802249908447266,8
0.07620653510093689,0.072000026702880859,0.16148506104946136,-0.14213643968105316,2.4684911892336459e-09,0.75223070383071899,0.11615841835737228,2.2222714335384808e-07,-1.0027313232421875,8
1.1945149898529053,102.15320587158203,-14.417095184326172,0.071727484464645386,11.018865585327148,-4.0536837577819824,0,-9.8100175857543945,0,8
0.62487310171127319,0.071999989449977875,0.92800003290176392,-1.6513900756835938,0,0,-38.397075653076172,0,0,8
0.19151724874973297,0.071999989449977875,-0.16498954594135284,-0.22419536113739014,0,0.23928472399711609,-20.408359527587891,0,9.7985219955444336,8
0.92800003290176392,0.071999989449977875,0.60586827993392944,0,0,-0.11445827782154083,0,0,-1.7259410619735718,8
-0.92808365821838379,-32.609928131103516,4.5634679794311523,-3.0323697501444258e-05,-26.771442413330078,1.3001265525817871,0,-9.809931755065918,0,8
0.9279245138168335,0.46887725591659546,-0.17245729267597198,-0.0058078779838979244,0.47641554474830627,-0.27673354744911194,-0.12187518179416656,-3.9864444732666016,-5.2331624031066895,8
-0.92800003290176392,0.071999989449977875,0.11756065487861633,0,0,-1.9278987646102905,0,0,-88.417938232421875,8
-0.92800003290176392,0.49985098838806152,0.13808394968509674,0,-0.39396911859512329,0.64729058742523193,0,-6.2327156066894531,-0.74390882253646851,8
-0.43356966972351074,0.071999989449977875,0.44493687152862549,0.1580851674079895,0,0.84782695770263672,-31.605997085571289,0,22.963645935058594,8
-0.11496787518262863,0.071999989449977875,0.92800003290176392,-0.82210993766784668,0,0,-22.954084396362305,0,0,8
0.92800003290176392,0.071999989449977875,0.6627122163772583,0,0,0.42348435521125793,0,0,9.3977394104003906,8
0.47312149405479431,0.071999989449977875,0.92800003290176392,-0.23640277981758118,0,0,-2.2531094551086426,0,0,8
0.53065317869186401,0.65731394290924072,0.81349819898605347,-0.1405983567237854,-0.38213050365447998,0.13722230494022369,2.6664531230926514,-3.5528879165649414,-1.6338528394699097,8
0.92800003290176392,0.071999989449977875,0.92800003290176392,0,0,0,0,0,0,8
-0.91290187835693359,10.581787109375,1.0498812198638916,0.0043184035457670689,-14.771673202514648,0.034858960658311844,0,-9.8100175857543945,0,8
-0.91290187835693359,10.581787109375,1.0498812198638916,0.0043184035457670689,-14.771673202514648,0.034858960658311844,0,-9.8100175857543945,0,8
0.29355913400650024,0.56551080942153931,-0.24960945546627045,0.17502696812152863,-0.56649380922317505,-0.29630923271179199,-0.96950095891952515,-1.4859150648117065,-0.94999545812606812,8
-0.11496787518262863,0.071999989449977875,0.92800003290176392,-0.82210993766784668,0,0,-22.954084396362305,0,0,8
0.59085762500762939,0.071999989449977875,-0.19631481170654297,0.43416455388069153,0,0.41395246982574463,27.673618316650391,0,12.332137107849121,8
-0.11496787518262863,0.071999989449977875,0.92800003290176392,-0.82210993766784668,0,0,-22.954084396362305,0,0,8
0.35843557119369507,0.071999989449977875,0.92800003290176392,-0.75965917110443115,0,0,-17.317121505737305,0,0,8
0.2507571280002594,0.071999989449977875,0.92800003290176392,-0.44693300127983093,0,0,-15.964962959289551,0,0,8
0.26894867420196533,0.071999989449977875,0.92800003290176392,-1.0316118001937866,0,0,-27.759811401367188,0,0,8
0.92800003290176392,0.071999989449977875,0.92800003290176392,0,0,0,0,0,0,8
-0.92799896001815796,1.0272818803787231,0.92799931764602661,1.0967254638671875e-05,3.2677056789398193,-1.0728836059570312e-05,0,-9.8099966049194336,0,8
-0.13102298974990845,0.071999989449977875,-0.92800003290176392,-0.21726720035076141,0,0,-33.633094787597656,0,0,8
-0.082143187522888184,0.62799680233001709,-0.92800003290176392,-0.22291034460067749,-0.35883158445358276,0,4.392305850982666,-1.9542261362075806,0.22108079493045807,8
-0.40486812591552734,0.71415489912033081,-0.92800003290176392,0.51799005270004272,0.24006478488445282,0,-6.259488582611084,-3.7255690097808838,0,8
0.029254041612148285,0.071999989449977875,-0.92800003290176392,-0.14585591852664948,0,0,-37.936878204345703,0,0,8
-0.089085660874843597,0.36614799499511719,-0.92800003290176392,-0.46766787767410278,-0.098249375820159912,0,-0.69414401054382324,11.488661766052246,0,8
0.42071303725242615,0.071999989449977875,-0.92797285318374634,-5.2627582550048828,0,0.0075603239238262177,-141.86538696289062,0,0.22680971026420593,8
-0.6470983624458313,0.5715680718421936,0.21215106546878815,-0.20432937145233154,0.15714454650878906,0.36587274074554443,0.80535107851028442,-8.7325000762939453,1.869817852973938,8
0.4959719181060791,0.66934669017791748,0.58399069309234619,-0.019633885473012924,2.7447938919067383e-05,0.051107123494148254,-0.62481850385665894,-0.00012718141078948975,0.99444425106048584,8
0.92800003290176392,0.071999989449977875,-0.92800003290176392,0,0,0,0,0,0,8
-1.7098065614700317,-28.133121490478516,-3.3726515769958496,-0.23542550206184387,-25.482780456542969,-0.77188569307327271,-1.3411043937594513e-06,-9.809931755065918,0,8
-1.7516380548477173,-27.958974838256836,-3.3414120674133301,-0.23542563617229462,-25.482765197753906,-0.7718852162361145,0,-9.809931755065918,0,8
0.075524359941482544,0.072000026702880859,0.51687586307525635,0.25033029913902283,-4.8757603510196645e-10,0.43087032437324524,-2.2839956283569336,6.1567725140321272e-08,11.062189102172852,8
0.03053753636777401,0.071999989449977875,-0.30074542760848999,0.055870920419692993,0,0.58287316560745239,-21.97685432434082,0,19.687891006469727,8
0.10294144600629807,0.52881693840026855,-0.21153049170970917,-0.22676660120487213,-0.38145321607589722,-0.67465418577194214,0.059740390628576279,1.4624216556549072,0.78868561983108521,8
-0.16026099026203156,0.42816856503486633,-0.25422480702400208,-0.15981629490852356,-0.23560497164726257,-0.15298596024513245,2.2294027805328369,-3.6390683650970459,1.1338791847229004,8
-0.40003293752670288,0.56186383962631226,-0.072158984839916229,-0.5245169997215271,-0.41840490698814392,-0.15863434970378876,-6.2482485771179199,-4.3991060256958008,-0.68348580598831177,8
0.45646828413009644,0.42082586884498596,-0.35035371780395508,0.25384271144866943,-0.2171471118927002,-0.50552701950073242,9.0423698425292969,5.7545709609985352,2.0560257434844971,8
1.7428961992263794,202.42343139648438,-2.7959389686584473,0.25959658622741699,41.223098754882812,-0.55751436948776245,0,-9.8101034164428711,0,8
0.92800003290176392,0.071999989449977875,-0.44852450489997864,0,0,6.988037109375,0,0,171.72956848144531,8
-0.9281049370765686,-32.642490386962891,4.3641891479492188,-3.0323710234370083e-05,-26.771446228027344,1.3001257181167603,0,-9.809931755065918,0,8
-0.60123300552368164,0.5693700909614563,-0.54858255386352539,-0.054728947579860687,-0.098619326949119568,-0.042863693088293076,-0.06404288113117218,-1.0321937799453735,1.6145298480987549,8
0.35609647631645203,0.34411564469337463,0.69748222827911377,0.61095470190048218,0.26766595244407654,0.062064033001661301,-5.5086526870727539,1.3710682392120361,0.39441713690757751,8
0.92800003290176392,0.74729752540588379,0.53746050596237183,0,0.092271469533443451,0.32768535614013672,0,-2.5430154800415039,4.7369790077209473,8
0.24104428291320801,0.61889350414276123,0.92800003290176392,-0.26767399907112122,0.053269267082214355,0,1.4088051319122314,-5.129209041595459,0,8
-0.15382789075374603,0.68657290935516357,0.90735781192779541,-0.099408872425556183,-0.22328969836235046,-0.083172708749771118,-0.74543279409408569,-8.783665657043457,0.30291324853897095,8
0.57006990909576416,0.6116182804107666,0.92800003290176392,-0.10618890076875687,-0.16887703537940979,0,1.9415783882141113,-4.7509846687316895,0,8
0.45050010085105896,0.45209702849388123,-0.047172963619232178,-0.3296072781085968,-0.093619711697101593,0.076480865478515625,-6.665593147277832,-3.2248272895812988,6.993018627166748,8
-0.2705434262752533,0.37057936191558838,-0.37487116456031799,-0.043042119592428207,0.12488950788974762,-0.22717030346393585,1.7890785932540894,-2.7618834972381592,0.29828530550003052,8
0.43186274170875549,0.39772823452949524,-0.92792940139770508,-5.2202930450439453,3.651846170425415,0.015296248719096184,-177.8046875,114.95703887939453,0.22640250623226166,8
-0.44609835743904114,0.46285739541053772,0.63406670093536377,-0.41771376132965088,0.29269608855247498,0.23552751541137695,-0.44418987631797791,-12.806907653808594,1.8825279474258423,8
-0.098442167043685913,0.49944424629211426,0.92800003290176392,-0.10704585909843445,-0.19829922914505005,0,-7.1233043670654297,-7.6537437438964844,0,8
-0.74877852201461792,0.36141404509544373,0.17373117804527283,0.18746960163116455,0.293007493019104,0.64697599411010742,3.8078827857971191,2.4998106956481934,1.722425103187561,8
-0.11212834715843201,0.38060611486434937,-0.70936864614486694,0.11232632398605347,-0.04255988821387291,-0.080413229763507843,-0.97998571395874023,-7.056861400604248,-3.9742529392242432,8
0.070666752755641937,0.34707239270210266,-0.28462734818458557,-0.029238922521471977,0.10113319754600525,-0.32273310422897339,-2.6462180614471436,3.8495156764984131,1.3328825235366821,8
0.12433266639709473,0.071999989449977875,-0.66045928001403809,-0.8826172947883606,0,1.5248770713806152,-44.27740478515625,0,8.2498054504394531,8
-0.92800003290176392,0.071999989449977875,-0.22799420356750488,0,0,-0.43523955345153809,0,0,-24.056388854980469,8
-0.12573248147964478,0.071999989449977875,0.39443999528884888,0.10887012630701065,0,-0.051344364881515503,-11.344760894775391,0,2.905024528503418,8
-0.92800003290176392,0.5765911340713501,-0.71016412973403931,0,-0.15244209766387939,-0.038990236818790436,0,-8.0210437774658203,5.8998303413391113,8
0.92733967304229736,0.67491990327835083,-0.10986880958080292,-0.05470053106546402,0.40195000171661377,0.26305842399597168,-1.641015887260437,-6.6350979804992676,-7.4135751724243164,8
0.25392904877662659,0.50874859094619751,-0.44710901379585266,0.065853230655193329,-0.49496278166770935,-0.32272329926490784,0.81187927722930908,2.7829928398132324,-5.0767416954040527,8
0.92800003290176392,0.071999989449977875,0.25587186217308044,0,0,1.6001474857330322,0,0,53.984336853027344,8
-0.4874839186668396,0.43450337648391724,0.55604696273803711,-0.30226153135299683,0.19210563600063324,0.25758001208305359,-1.7925112247467041,-11.113415718078613,4.3937792778015137,8
-0.47075921297073364,0.48533457517623901,0.92800003290176392,-0.36956441402435303,0.47508642077445984,0,-0.28199762105941772,-14.437526702880859,0,8
0.77513676881790161,0.83913302421569824,0.6944994330406189,-0.11221460253000259,0.16077503561973572,0.039660267531871796,-0.13157039880752563,-8.5180482864379883,0.33546984195709229,8
0.92800003290176392,0.071999989449977875,-0.26498150825500488,0,0,-0.36717426776885986,0,0,-21.608310699462891,8
2.9602556228637695,207.57981872558594,-2.4570674896240234,0.55239486694335938,42.706321716308594,-0.45857340097427368,0,-9.8101034164428711,0,8
0.92800003290176392,0.071999989449977875,-0.12207547575235367,0,0,-0.79184359312057495,0,0,-17.706630706787109,8
0.59035181999206543,0.66932618618011475,0.47135329246520996,-0.47445029020309448,5.385279655456543e-05,0.22169438004493713,4.2727570533752441,-0.00012695789337158203,1.0993713140487671,8
0.10214170068502426,0.37688243389129639,-0.55508995056152344,0.29055839776992798,-0.3019595742225647,-0.23250460624694824,-2.0548009872436523,-2.236769437789917,-0.45364779233932495,8
-0.84609365463256836,0.76130861043930054,-0.9279334545135498,-0.26207694411277771,-0.6097714900970459,-0.012318619526922703,2.6709070205688477,-1.4900707006454468,0.1507546454668045,8
0.94180721044540405,22.525699615478516,-0.92860883474349976,0.0054605156183242798,-11.311924934387207,-0.00018210323469247669,0,-9.8100175857543945,0,8
0.11141399294137955,0.5661739706993103,-0.80857312679290771,-0.16360972821712494,0.032648511230945587,0.33718064427375793,2.2539424896240234,-4.2145800590515137,-4.4161057472229004,8
0.92800003290176392,0.071999989449977875,0.56113731861114502,0,0,-0.42724457383155823,0,0,-22.154594421386719,8
-0.92800003290176392,0.41930532455444336,0.2272670716047287,0,-0.042343951761722565,0.66117876768112183,0,3.7691962718963623,-0.62771016359329224,8
-1.6447538137435913,-4.9792499542236328,-0.05437760055065155,-0.2971189022064209,-11.631784439086914,0.12592487037181854,0,-9.8091592788696289,0,8
-6.039362907409668,-16.461698532104492,3.7557170391082764,-2.5702102184295654,-19.164306640625,1.9151351451873779,0,-9.809931755065918,0,8
-1.6340687274932861,-4.9319663047790527,-0.10901287198066711,-0.29711884260177612,-11.631720542907715,0.12592484056949615,0,-9.8096456527709961,0,8
0.036736711859703064,0.61060845851898193,-0.91208988428115845,-0.45685452222824097,-0.32698124647140503,0.049442391842603683,4.1005163192749023,0.047172006219625473,0.011339484713971615,8
-0.28849133849143982,0.071999989449977875,0.92800003290176392,-0.4135412871837616,0,0,-42.224922180175781,0,0,8
-0.33301648497581482,0.46073126792907715,0.92800003290176392,-0.4904116690158844,-0.13646721839904785,0,2.0412905216217041,-5.6572756767272949,0,8
0.92800003290176392,0.071999989449977875,0.38606953620910645,0,0,1.2016690969467163,0,0,26.279022216796875,8
0.92800003290176392,0.071999989449977875,0.32544705271720886,0,0,1.9432195425033569,0,0,31.354879379272461,8
0.90775948762893677,0.8353310227394104,0.09471198171377182,-0.18777020275592804,0.10217773914337158,0.66595238447189331,-0.81415677070617676,-5.5321354866027832,-2.4352738857269287,8
-1.2936710119247437,-29.646537780761719,-3.4880294799804688,-0.12837299704551697,-25.864805221557617,-0.89019227027893066,-0.00023648141359444708,-9.8090734481811523,0.00028252598713152111,8
-0.93214082717895508,16.678138732910156,1.0565963983535767,-0.00127779645845294,-13.15235710144043,0.036866307258605957,0,-9.8100175857543945,0,8
-0.43750795722007751,0.071999967098236084,0.92800003290176392,-1.4008175134658813,0,0,-28.761533737182617,0,0,8
0.91274517774581909,0.83692198991775513,-0.31280824542045593,-0.26757201552391052,0.62837636470794678,0.3424389660358429,-1.4212126731872559,-8.1765689849853516,4.3682703971862793,8
0.78337705135345459,0.4231453537940979,0.70342773199081421,-0.48265668749809265,0.25950342416763306,-0.22231005132198334,-15.660421371459961,-2.2146284580230713,2.6168251037597656,8
0.92800003290176392,0.55122947692871094,0.92800003290176392,0,-0.59895205497741699,0,0,-12.047636032104492,0,8
0.049330517649650574,0.071999989449977875,-0.58957326412200928,-0.3024822473526001,0,0.27148401737213135,-10.14639949798584,0,-18.618062973022461,8
0.6096305251121521,0.31853890419006348,-0.54282903671264648,0.37251389026641846,-0.11509241163730621,-0.97355836629867554,9.085331916809082,5.7009243965148926,-5.8871088027954102,8
0.57984322309494019,0.66946852207183838,0.1530546098947525,-0.31253057718276978,1.3232231140136719e-05,0.01189965195953846,1.4337550401687622,-0.00020161269640084356,1.7868642807006836,8
0.92800003290176392,0.071999989449977875,0.86683499813079834,0,0,1.7241227626800537,0,0,23.230255126953125,8
-0.91290187835693359,10.581787109375,1.0498812198638916,0.0043184035457670689,-14.771673202514648,0.034858960658311844,0,-9.8100175857543945,0,8
0.31361615657806396,0.071999989449977875,0.69740104675292969,0.084682509303092957,5.1244226639823864e-09,0.10789164900779724,-11.749689102172852,3.0487979074678151e-07,1.2912949323654175,8
0.63440805673599243,0.40061914920806885,0.92800003290176392,0.39487269520759583,0.01671239361166954,0,-0.71057432889938354,-7.5890827178955078,0,8
0.90647721290588379,0.79868334531784058,0.85972517728805542,0.044400271028280258,-0.058057196438312531,-0.0049990983679890633,-0.57712674140930176,-3.3795218467712402,-0.46991929411888123,8
0.04057660698890686,0.58832699060440063,-0.42263171076774597,0.084491215646266937,-0.6724284291267395,-1.0565985441207886,-1.4176343679428101,1.5762715339660645,2.7732143402099609,8
0.27845215797424316,0.62422740459442139,-0.097859367728233337,-0.16326689720153809,-0.58705109357833862,-0.22189429402351379,-0.2033686488866806,-3.3903112411499023,1.6740157604217529,8
0.38464927673339844,0.63766002655029297,0.77589881420135498,-0.075518086552619934,-0.0097953183576464653,-0.028698839247226715,0.19217623770236969,-4.9703617095947266,0.32465735077857971,8
0.72577321529388428,0.39981579780578613,-0.049649976193904877,-0.25616040825843811,-0.35820779204368591,-0.42014431953430176,1.9444986581802368,5.703392505645752,0.87864422798156738,8
0.92800003290176392,0.56820923089981079,0.92800003290176392,0,0.32178059220314026,0,0,15.574342727661133,0,8
0.92800003290176392,0.071999989449977875,0.92800003290176392,0,0,0,0,0,0,8
-3.1705148220062256,-25.355657577514648,-2.8222525119781494,-0.66809952259063721,-24.754920959472656,-0.58676570653915405,0,-9.809931755065918,0,8
-0.92800003290176392,0.52817583084106445,-0.92800003290176392,0,-0.086049072444438934,0,0,-9.0530109405517578,0,8
-0.46372795104980469,0.67830055952072144,-0.92800003290176392,0.69205307960510254,0.13288053870201111,0,-10.286003112792969,-5.5778999328613281,0,8
0.45508107542991638,0.73798847198486328,0.076063118875026703,-0.11533709615468979,-0.44761049747467041,0.070828549563884735,-0.66299355030059814,-5.9166951179504395,0.048384364694356918,8
0.043087635189294815,0.3886711597442627,-0.92800003290176392,-0.2042960524559021,-0.24628879129886627,0,6.4795551300048828,0.22136582434177399,0,8
-0.31636300683021545,0.071999989449977875,-0.92800003290176392,0.084109038114547729,0,0,-25.231044769287109,0,0,8
-0.32096961140632629,0.57346910238265991,-0.36467006802558899,-0.20091527700424194,0.049590982496738434,-0.3188946545124054,0.79942429065704346,-2.9573071002960205,0.41228142380714417,8
0.92787826061248779,0.4706127941608429,-0.19047315418720245,-0.0077773113735020161,0.46589496731758118,-0.067880876362323761,-0.17108874022960663,-4.3163223266601562,-7.058718204498291,8
-0.073583394289016724,0.56161850690841675,-0.58597832918167114,0.087372064590454102,0.16887252032756805,-0.30652838945388794,-0.089062519371509552,-2.8574120998382568,-0.047472413629293442,8
0.71246564388275146,0.76758766174316406,0.0059623653069138527,-0.64280027151107788,-0.73856133222579956,0.27438539266586304,0.78484648466110229,-4.4978427886962891,-1.6593601703643799,8
-5.9633316993713379,2.5879485607147217,-0.77679294347763062,-3.1728429794311523,-7.1920852661132812,0.08437289297580719,0,-9.8100175857543945,0,8
0.27783429622650146,0.071999989449977875,-0.29278251528739929,0.74055546522140503,0,0.44701319932937622,13.942346572875977,0,-2.4324414730072021,8
-0.92800003290176392,0.46583849191665649,-0.20080508291721344,0,-0.29761514067649841,0.33348569273948669,0,-1.1166518926620483,-1.2148224115371704,8
-0.76464027166366577,0.60425424575805664,-0.38038337230682373,-0.17310468852519989,-0.12766368687152863,0.058185316622257233,1.0064009428024292,-4.8905982971191406,1.9846186637878418,8
-0.30360296368598938,0.58002138137817383,-0.92800003290176392,-0.26592755317687988,0.61462241411209106,0,4.3894805908203125,-16.818428039550781,0,8
-0.14590083062648773,0.5127071738243103,0.35779666900634766,-0.49646037817001343,-0.49492150545120239,0.13142278790473938,3.0532333850860596,-1.0570772886276245,1.5538831949234009,8
0.088452011346817017,0.40928393602371216,0.92800003290176392,-0.12923207879066467,-0.068854048848152161,0,-3.5822255611419678,-7.6766228675842285,0,8
0.39194092154502869,0.3515055775642395,-0.37113377451896667,0.075832672417163849,-0.036023229360580444,-0.32694029808044434,-4.899052619934082,-5.6700363159179688,5.9868993759155273,8
0.57067668437957764,0.47798877954483032,-0.23701250553131104,0.080011896789073944,-0.59935963153839111,-0.62862879037857056,2.2399952411651611,-2.3611197471618652,-0.6302153468132019,8
0.82597380876541138,0.90812546014785767,-0.50419008731842041,-0.38269227743148804,0.88992613554000854,0.31726658344268799,0.16908822953701019,-16.205568313598633,1.8110283613204956,8
-4.1430139541625977,-14.756462097167969,2.0153348445892334,-1.6103019714355469,-18.157810211181641,1.074845552444458,0,-9.809931755065918,0,8
-0.92800003290176392,0.37660259008407593,-0.64381450414657593,0,-0.0092814527451992035,-0.082531198859214783,0,-4.9861831665039062,0.68536067008972168,8
0.20443536341190338,0.61168521642684937,0.92800003290176392,-0.21867170929908752,0.086418300867080688,0,0.71038168668746948,-5.4871039390563965,0,8
0.47772923111915588,0.61330139636993408,0.92800003290176392,-0.047089725732803345,-0.097776114940643311,0,-0.30343014001846313,-4.5815801620483398,0,8
0.25956660509109497,0.50820648670196533,0.69729667901992798,-0.073563635349273682,-0.10227536410093307,0.16717691719532013,-0.99419069290161133,-3.3780906200408936,2.0224106311798096,8
0.074166595935821533,0.39891922473907471,0.69694101810455322,-0.1041857972741127,-0.53828185796737671,0.29100656509399414,-0.18893814086914062,-1.041187047958374,1.1526122093200684,8
0.0069638742133975029,0.46227717399597168,0.92800003290176392,-0.33408167958259583,-0.2721303403377533,0,-6.6754031181335449,-5.1640472412109375,0,8
-0.18264585733413696,0.54939520359039307,0.55592328310012817,-0.30548214912414551,-0.11326895654201508,0.2216196209192276,-1.155500054359436,-10.246795654296875,0.95186722278594971,8
0.076134920120239258,0.3636680543422699,0.21073165535926819,-0.087222903966903687,-0.18273483216762543,0.42198705673217773,-0.88718259334564209,-1.1222044229507446,0.45493927597999573,8
0.25648888945579529,0.39717325568199158,-0.65106713771820068,0.53989732265472412,-0.21012797951698303,-0.23231466114521027,2.2327136993408203,1.7960258722305298,-6.4546113014221191,8
-1.359585165977478,-29.332874298095703,-3.6450662612915039,-0.12858250737190247,-25.864051818847656,-0.88994312286376953,0.00013232231140136719,-9.8104467391967773,-0.00015735624765511602,8
-0.068865202367305756,0.62777423858642578,0.071152575314044952,-0.1723577082157135,-0.77363336086273193,-0.21037821471691132,0.36863160133361816,-3.8842194080352783,3.1561663150787354,8
9.1478443145751953,9.6258258819580078,16.546882629394531,2.5591099262237549,-15.324511528015137,4.5931720733642578,0,-9.8100175857543945,0,8
-0.010311380960047245,2.093930721282959,-0.90199106931686401,-0.27367156744003296,-16.937223434448242,0.0075147924944758415,0,-9.809931755065918,0,8
-0.92800003290176392,0.53403383493423462,-0.30191659927368164,0,-0.063561908900737762,0.33173355460166931,0,-6.6965751647949219,-0.50482839345932007,8
0.68500268459320068,101.55416870117188,-16.627311706542969,-0.071213342249393463,10.672052383422852,-4.5304617881774902,0,-9.8100175857543945,0,8
-10.053739547729492,-2.3393368721008301,-8.9053974151611328,-6.1468915939331055,-10.109874725341797,-5.3244028091430664,0,-9.8100175857543945,0,8
-0.39896205067634583,0.42870026826858521,-0.66145330667495728,0.22412705421447754,-0.025546029210090637,-0.12494489550590515,-0.52420467138290405,-4.0491485595703125,-1.0324201583862305,8
-0.92800003290176392,0.4460483193397522,-0.08487914502620697,0,-0.3626064658164978,0.57546550035476685,0,1.0906835794448853,0.90245777368545532,8
1.047932505607605,189.34419250488281,-3.7407631874084473,0.03885166347026825,37.29400634765625,-0.84450989961624146,0,-9.8101034164428711,0,8
0.94418227672576904,22.727275848388672,-0.92862486839294434,0.0054605212062597275,-11.311923980712891,-0.00018210340931545943,0,-9.8100175857543945,0,8
0.16264009475708008,81.64703369140625,-2.0254006385803223,-0.21696867048740387,5.0532255172729492,-0.56483715772628784,0,-9.8100175857543945,0,8
-1.1587214469909668,-41.040374755859375,3.5502266883850098,-0.080695062875747681,-29.195053100585938,0.77087384462356567,0,-9.809931755065918,0,8
-0.56526833772659302,0.37636956572532654,-0.31411576271057129,-0.11487232148647308,0.093491151928901672,-0.076894327998161316,2.1457135677337646,-2.8380537033081055,1.878406286239624,8
-0.92800003290176392,0.39009195566177368,0.45001527667045593,0,-0.53136950731277466,0.65206533670425415,0,2.1025960445404053,2.1133105754852295,8
0.92800003290176392,0.071999989449977875,-0.92800003290176392,0,0,0,0,0,0,8
0.90079230070114136,35.882476806640625,-0.95583075284957886,-0.0078805005177855492,-7.585381031036377,-0.0081184851005673409,0,-9.8100175857543945,0,8
0.92153811454772949,64.4090576171875,-52.375461578369141,-0.0018298679497092962,0.28802239894866943,-14.56341552734375,0,-9.8100004196166992,0,8
-0.92809009552001953,-32.759571075439453,4.4458975791931152,-3.0323710234370083e-05,-26.771446228027344,1.3001257181167603,0,-9.809931755065918,0,8
-0.29474905133247375,0.40590813755989075,0.34317830204963684,-0.2104487270116806,0.20943361520767212,0.31093698740005493,2.0436604022979736,-10.119294166564941,0.77673369646072388,8
-0.67813098430633545,0.55731534957885742,-0.60713344812393188,0.075475245714187622,-0.070511624217033386,0.1150759756565094,-2.2773494720458984,-0.51478570699691772,-0.08444599062204361,8
1.1716252565383911,102.32252502441406,-14.567094802856445,0.07172740250825882,11.018854141235352,-4.0536890029907227,0,-9.8100175857543945,0,8
0.94477695226669312,22.575868606567383,-0.92861926555633545,0.0054605165496468544,-11.311924934387207,-0.00018210326379630715,0,-9.8100175857543945,0,8
0.92800003290176392,0.071999989449977875,0.43497028946876526,0,0,0.54483526945114136,0,0,19.699766159057617,8
-1.6749157905578613,-22.92967414855957,-3.8816564083099365,-0.2354544997215271,-24.186981201171875,-0.98906129598617554,-3.6656852898886427e-05,-9.8107900619506836,0.00022351740335579962,8
-1.3225977420806885,-29.37725830078125,-3.5152153968811035,-0.12855860590934753,-25.8641357421875,-0.88997155427932739,8.9853994722943753e-05,-9.8102750778198242,-0.00010728835331974551,8
0.075767070055007935,0.3448823094367981,0.4016166627407074,0.12282765656709671,-0.20143601298332214,0.6401856541633606,-1.1487845182418823,1.7771421670913696,6.7325730323791504,8
0.7976677417755127,-15.594864845275879,3.1249065399169922,0.37565153837203979,-22.306795120239258,0.63258916139602661,0,-9.809931755065918,0,8
0.92800003290176392,0.4295007586479187,0.92800003290176392,0,0.078797250986099243,0,0,-0.77560269832611084,0,8
0.075970768928527832,0.072000086307525635,0.28430360555648804,-0.0058751702308654785,5.0770445625403227e-09,0.31187766790390015,-1.7450164556503296,1.3517644958938035e-07,8.2285528182983398,8
0.10030918568372726,0.41501414775848389,0.92800003290176392,-0.070980362594127655,-0.023883568122982979,0,-1.8806580305099487,-8.10821533203125,0,8
0.92803758382797241,113.27340698242188,7.2125797271728516,1.0492326509847771e-05,13.772765159606934,1.8889832496643066,0,-9.8100175857543945,0,8
0.82002270221710205,0.43563982844352722,0.27294284105300903,-0.014320537447929382,0.023485802114009857,-0.52121096849441528,-2.2361297607421875,-1.012840747833252,-1.8435027599334717,8
-0.33916392922401428,0.36276456713676453,0.07046838104724884,-0.18168243765830994,-0.10402566194534302,0.18469208478927612,-0.39351668953895569,-5.0807070732116699,1.4631145000457764,8
-1.7613329887390137,-25.627447128295898,-3.46816086769104,-0.26266303658485413,-24.938503265380859,-0.84124976396560669,-0.000295937032205984,-9.8107900619506836,0.00038087365101091564,8
-1.9760855436325073,-19.811820983886719,-5.067838191986084,-0.2925354540348053,-23.254220962524414,-1.3072946071624756,2.6822087875189027e-06,-9.809931755065918,0,8
-1.0736327171325684,-14.373601913452148,-10.767311096191406,-0.057597596198320389,-21.906116485595703,-3.0653574466705322,3.5986300645163283e-05,-9.809931755065918,-0.00012159346806583926,8
-0.86602789163589478,-5.4565982818603516,1.9143069982528687,0.029461262747645378,-12.092678070068359,0.51377695798873901,0,-9.8100175857543945,0,8
-0.72610008716583252,3.9684929847717285,1.1793771982192993,0.67153012752532959,6.2074246406555176,0.84841406345367432,-0.00097095960518345237,-9.8102607727050781,0.00082790845772251487,8
-0.72660136222839355,3.9684352874755859,1.1798133850097656,0.67142707109451294,6.207399845123291,0.84850192070007324,0.00097095960518345237,-9.8097743988037109,-0.00082790845772251487,8
1.1655756235122681,107.77374267578125,-11.264565467834473,0.067170307040214539,12.340660095214844,-3.2259197235107422,0,-9.8100175857543945,0,8
0.61006206274032593,0.31923884153366089,-0.53969705104827881,0.37665066123008728,-0.12114544212818146,-0.98476672172546387,8.8733892440795898,5.8005452156066895,-5.5163521766662598,8
-0.54257690906524658,0.44222027063369751,0.49640870094299316,-0.43461060523986816,0.071121081709861755,0.75209462642669678,0.32144752144813538,-8.3602218627929688,-3.2897255420684814,8
0.91468942165374756,1.2984857559204102,-0.39224088191986084,-0.13884714245796204,3.6344988346099854,0.90813136100769043,-0.20662529766559601,-13.27377986907959,-0.69871538877487183,8
-1.112567663192749,24.281784057617188,1.7786929607391357,-0.052819449454545975,-11.107464790344238,0.24353595077991486,0,-9.8100175857543945,0,8
-0.9370383620262146,-8.3059377670288086,2.5553038120269775,-0.0030062075238674879,-14.198533058166504,0.86248171329498291,0,-9.8100175857543945,0,8
-1.1612184047698975,-40.978218078613281,3.3909170627593994,-0.080695062875747681,-29.195053100585938,0.77087390422821045,0,-9.809931755065918,0,8
0.63974171876907349,0.33158624172210693,-0.32719054818153381,0.1561686247587204,0.15790776908397675,-0.62239366769790649,6.4206013679504395,4.8691611289978027,1.48041832447052,8
-0.12570066750049591,0.3679807186126709,0.7084343433380127,0.20876346528530121,-0.26208338141441345,0.15302900969982147,-8.2567653656005859,-6.2733287811279297,-0.95403534173965454,8
0.58246695995330811,0.66924053430557251,0.37429285049438477,-0.23548264801502228,1.6205012798309326e-05,0.43078970909118652,1.3838351964950562,-0.00047408041427843273,-2.2221832275390625,8
0.92800003290176392,0.44883841276168823,0.61131644248962402,0,0.21348829567432404,0.11458383500576019,0,6.4664177894592285,-0.27803421020507812,8
0.65524858236312866,0.38688045740127563,0.92800003290176392,0.18348208069801331,0.066825352609157562,0,6.854219913482666,-11.526693344116211,0,8
0.90925288200378418,1.1087815761566162,-0.44191634654998779,-0.20544007420539856,2.546422004699707,0.69296234846115112,-0.2747015655040741,-12.115973472595215,-0.29710111021995544,8
0.92800003290176392,0.79426276683807373,0.92800003290176392,0,-0.22065447270870209,0,0,-0.93823397159576416,0,8
-1.7516380548477173,-27.958974838256836,-3.3414120674133301,-0.23542563617229462,-25.482765197753906,-0.7718852162361145,0,-9.809931755065918,0,8
0.79826235771179199,0.84822255373001099,-0.82442039251327515,-0.35170483589172363,-1.9693368673324585,0.28937166929244995,-0.49508926272392273,-6.698033332824707,0.17600922286510468,8
-0.42596414685249329,0.71294134855270386,-0.92800003290176392,0.56488716602325439,0.15114367008209229,0,-6.5982394218444824,-3.6970493793487549,0,8
-0.42995965480804443,0.071999989449977875,-0.92800003290176392,-0.35028290748596191,0,0,-25.13165283203125,0,0,8
-0.88670283555984497,0.75743919610977173,-0.92800003290176392,-0.29028999805450439,-0.50641399621963501,0,2.916926383972168,-1.8592401742935181,0,8
0.81315284967422485,0.75649303197860718,-0.83496385812759399,-0.37066113948822021,-1.9453499317169189,0.29183617234230042,0.020227430388331413,-8.2326717376708984,0.092015855014324188,8
-0.43568366765975952,0.36001878976821899,0.33629694581031799,-0.022352319210767746,-0.0077943196520209312,0.36806365847587585,-5.2703423500061035,-5.1582913398742676,-2.4554040431976318,8
0.92378664016723633,0.66213226318359375,-0.21862705051898956,-0.10367906838655472,0.52826380729675293,0.61917060613632202,-1.038844108581543,-8.6615962982177734,-7.0985174179077148,8
0.44500482082366943,0.47247561812400818,-0.91209667921066284,-0.45839869976043701,-0.25421255826950073,0.066985718905925751,-6.4878253936767578,3.8033103942871094,0.42399129271507263,8
0.19687427580356598,0.35790586471557617,-0.34617489576339722,0.28153616189956665,-0.22834460437297821,-0.13098166882991791,-1.3094865083694458,5.0868058204650879,-0.62005090713500977,8
-2.0591423511505127,-26.381357192993164,-3.4188723564147949,-0.29224979877471924,-25.001907348632812,-0.80572503805160522,0,-9.809931755065918,0,8
-0.92800003290176392,0.53637808561325073,-0.62375032901763916,0,-0.3817516565322876,0.26286980509757996,0,-2.8246948719024658,-2.3231396675109863,8
-0.11305402964353561,0.37137964367866516,-0.021343184635043144,-0.20989324152469635,0.072823382914066315,-0.051814597100019455,-5.7775053977966309,-4.6602826118469238,2.7024085521697998,8
-0.65615630149841309,1.5263993740081787,-0.92799681425094604,0.61338615417480469,-2.1554191112518311,1.0728836059570312e-05,0,-9.8100004196166992,0,8
-0.096425004303455353,0.59126883745193481,0.65745830535888672,-0.25396183133125305,-0.122784823179245,0.2129216194152832,0.6379740834236145,-10.328119277954102,-0.67024779319763184,8
0.1907404363155365,0.66140651702880859,-0.056261975318193436,-0.091549351811408997,-0.35847398638725281,0.020194347947835922,-2.3625388145446777,-7.8655123710632324,1.0828953981399536,8
-0.65943598747253418,0.59602946043014526,-0.33559426665306091,-0.019305676221847534,-0.060456372797489166,0.082768581807613373,-2.5500516891479492,-4.0305123329162598,-0.13796500861644745,8
0.35151362419128418,0.071999989449977875,-0.72502809762954712,-1.984097957611084,0,1.0844089984893799,145.41448974609375,0,-43.991081237792969,8
0.60128575563430786,0.33106273412704468,0.69795280694961548,0.17107012867927551,0.1776764839887619,-0.20912426710128784,3.1786346435546875,-3.8370442390441895,2.5507547855377197,8
0.25684037804603577,0.38442936539649963,-0.5989842414855957,0.8060271143913269,-0.1017116904258728,-0.69259071350097656,-0.69193297624588013,1.7967500686645508,-0.41822788119316101,8
-1.3348616361618042,-29.346855163574219,-3.6109554767608643,-0.12857632339000702,-25.864072799682617,-0.8899504542350769,0.0001206993983942084,-9.8103322982788086,-0.00014305113290902227,8
-0.28575935959815979,0.47542783617973328,0.22040092945098877,-0.37539410591125488,-0.10712160170078278,0.38307276368141174,2.3998661041259766,-6.5813760757446289,-2.6794381141662598,8
0.82002812623977661,0.83014386892318726,-0.59802061319351196,-0.31505239009857178,-0.68558567762374878,0.37323471903800964,-0.71586900949478149,-7.0524616241455078,-0.47809925675392151,8
-0.61800825595855713,0.071999989449977875,0.36378753185272217,1.1362454891204834,0,-0.25444996356964111,-4.688361644744873,0,52.959922790527344,8
0.098120100796222687,0.66955530643463135,0.4000040590763092,-0.1211811751127243,1.8939375877380371e-05,0.16715176403522491,-0.98422068357467651,2.9132792949676514,-1.7145416736602783,8
0.50048947334289551,0.39066576957702637,0.92800003290176392,-0.2010250985622406,-0.35076311230659485,0,-1.5147479772567749,-5.8056702613830566,0,8
0.78209656476974487,0.6293303370475769,0.70634573698043823,-0.37617224454879761,0.25280070304870605,0.084834404289722443,-8.2904558181762695,-6.1296377182006836,-2.0163784027099609,8
0.74641430377960205,0.40314525365829468,0.92800003290176392,-0.11468398571014404,-0.16558283567428589,0,-2.472484827041626,-3.4828240871429443,0,8
-0.54691803455352783,0.46501374244689941,0.28184738755226135,-0.31657776236534119,0.11815530061721802,0.34483745694160461,-1.6833328008651733,-5.5622029304504395,1.1192562580108643,8
0.061857108026742935,0.43588551878929138,-0.68269729614257812,0.5154535174369812,0.037363797426223755,-0.36822417378425598,-0.58542066812515259,-3.3614492416381836,-2.0264534950256348,8
-0.92884647846221924,-26.599607467651367,17.730329513549805,-0.0002500813570804894,-25.030479431152344,5.0061111450195312,0,-9.809931755065918,0,8
-0.50738024711608887,0.21436458826065063,0.43975558876991272,0.7795417308807373,-0.18820808827877045,0.16469576954841614,-20.889869689941406,12.996945381164551,23.90052604675293,8
-0.92800003290176392,0.52133679389953613,0.038577988743782043,0,-0.48330682516098022,0.39216157793998718,0,-2.6326746940612793,3.364809513092041,8
-2.346670389175415,113.66678619384766,-90.418205261230469,-0.91704487800598145,14.049465179443359,-25.19993782043457,0,-9.8100175857543945,0,8
-8.6864461898803711,-23.27720832824707,-2.2866084575653076,-2.4322638511657715,-24.179176330566406,-0.44131025671958923,-2.1457670300151221e-05,-9.809931755065918,-2.6822087875189027e-06,8
0.83975553512573242,206.09523010253906,-76.784873962402344,-0.024839961901307106,40.085304260253906,-21.390956878662109,0,-9.8101034164428711,0,8
-1.6984653472900391,-23.207332611083984,-3.8736591339111328,-0.23553271591663361,-24.188867568969727,-0.98857969045639038,6.079673403291963e-05,-9.8084440231323242,-0.00037550923298113048,8
-0.15204495191574097,0.35884338617324829,0.18874673545360565,-0.059645108878612518,-0.20401617884635925,0.25085237622261047,-4.6411561965942383,-7.9271183013916016,-1.584068775177002,8
0.380088210105896,0.66943860054016113,0.54903894662857056,-0.13765653967857361,3.3639371395111084e-05,0.17776662111282349,-0.75738871097564697,0.00023514030908700079,-2.2847394943237305,8
-0.42764827609062195,9.0915985107421875,-0.9285508394241333,-0.38336530327796936,-15.041304588317871,-0.00015868981427047402,0,-9.8100175857543945,0,8
0.94649535417556763,22.834560394287109,-0.92862850427627563,0.0054605230689048767,-11.311923980712891,-0.00018210346752312034,0,-9.8100175857543945,0,8
0.91290122270584106,73.943290710449219,-39.271762847900391,-0.0042907134629786015,2.9590268135070801,-10.881343841552734,0,-9.8099966049194336,0,8
-1.5908303260803223,-23.920097351074219,-3.5579595565795898,-0.21727363765239716,-24.387155532836914,-0.94747024774551392,0,-9.809931755065918,0,8
-0.32161980867385864,0.40871459245681763,0.52807551622390747,-0.72295457124710083,-0.24020196497440338,0.15750689804553986,7.6282215118408203,-3.1972050666809082,6.3466272354125977,8
0.81966423988342285,0.43169856071472168,0.45954585075378418,0.1903434693813324,0.10543841123580933,0.045211117714643478,-1.0899933576583862,-0.45528417825698853,-5.2960309982299805,8
1.0092166662216187,103.22663116455078,-35.611038208007812,0.02462334930896759,11.03603458404541,-9.9391374588012695,0,-9.8100175857543945,0,8
2.1535642147064209,76.779396057128906,-12.482664108276367,0.35714346170425415,3.7609059810638428,-3.3291807174682617,0,-9.8099966049194336,0,8
0.54796487092971802,88.524589538574219,-10.447408676147461,-0.10524068027734756,7.2335538864135742,-2.8676307201385498,0,-9.8100175857543945,0,8
-1.7025792598724365,-25.736289978027344,-3.3290066719055176,-0.26271200180053711,-24.938650131225586,-0.8411865234375,-0.00018239019846078008,-9.8104467391967773,0.00023603437875863165,8
-0.92800003290176392,0.39274537563323975,-0.31865563988685608,0,-0.097564831376075745,0.32282814383506775,0,2.5860466957092285,-0.17579643428325653,8
-0.69642800092697144,0.58204352855682373,-0.18662963807582855,-0.082611307501792908,-0.19008028507232666,0.28920313715934753,0.12531504034996033,-2.3951561450958252,-1.1405789852142334,8
1.0109362602233887,103.14421081542969,-35.677448272705078,0.02462334930896759,11.036035537719727,-9.9391384124755859,0,-9.8100175857543945,0,8
0.90056240558624268,35.890827178955078,-0.95542216300964355,-0.0078805061057209969,-7.585381031036377,-0.0081184804439544678,0,-9.8100175857543945,0,8
0.8968498706817627,192.5191650390625,-8.7832136154174805,-0.0088251428678631783,36.21044921875,-2.2197299003601074,0,-9.8101034164428711,0,8
-1.3642698526382446,-15.240390777587891,-9.2019100189208984,-0.13996361196041107,-22.090808868408203,-2.5916111469268799,-1.3411043937594513e-06,-9.809931755065918,2.1457670300151221e-05,8
-1.4739320278167725,-16.553424835205078,-7.259495735168457,-0.18090194463729858,-22.452157974243164,-1.999447226524353,0,-9.809931755065918,0,8
-0.81933969259262085,-9.2607898712158203,-9.0813322067260742,0.031658079475164413,-20.494607925415039,-2.7168939113616943,1.3411043937594513e-06,-9.809931755065918,-2.1457670300151221e-05,8
-0.51668936014175415,0.071999989449977875,0.69077372550964355,0.93763607740402222,0,1.0291264057159424,-18.532405853271484,0,-1.1339163780212402,8
-1.3328249454498291,-29.305307388305664,-3.5331833362579346,-0.12857942283153534,-25.864063262939453,-0.88994675874710083,0.0001265108585357666,-9.810389518737793,-0.00015020369028206915,8
0.4884847104549408,1.2394101619720459,-0.87863034009933472,1.4006074666976929,-1.4321070909500122,-2.1250839233398438,-5.544926643371582,-4.6215386390686035,3.4892032146453857,8
-0.16339802742004395,0.65508699417114258,0.82592803239822388,-0.12994295358657837,-0.21104712784290314,-0.12386629730463028,-0.73781150579452515,-8.8693246841430664,1.3298630714416504,8
0.92803812026977539,104.50589752197266,8.3922309875488281,1.31073084048694e-05,11.337662696838379,2.210350513458252,0,-9.8100175857543945,0,8
-0.56408011913299561,0.071999989449977875,-0.58509743213653564,0.025762272998690605,0,0.16942963004112244,14.234637260437012,0,-1.4038690328598022,8
0.33893865346908569,0.81586068868637085,0.24042114615440369,-0.57712852954864502,-0.49073833227157593,0.37282079458236694,-0.076770178973674774,-5.6571426391601562,-1.6462306976318359,8
-1.6832700967788696,-22.896528244018555,-3.9557394981384277,-0.23544898629188538,-24.186849594116211,-0.98909515142440796,-4.3809410271933302e-05,-9.8109617233276367,0.00026822090148925781,8
-1.6293036937713623,-4.8924098014831543,-0.2975659966468811,-0.29711851477622986,-11.631594657897949,0.12592467665672302,0,-9.8106470108032227,0,8
-1.7334610223770142,-26.096672058105469,-3.4117529392242432,-0.26286482810974121,-24.939117431640625,-0.84098917245864868,0.00017702578043099493,-9.8094167709350586,-0.00023066996072884649,8
0.32791009545326233,3.8276567459106445,2.8676557540893555,0.15776880085468292,-16.857616424560547,0.55017292499542236,0,-9.809931755065918,0,8
-0.93703126907348633,-8.3058242797851562,2.5547361373901367,-0.0030062075238674879,-14.198533058166504,0.86248171329498291,0,-9.8100175857543945,0,8
0.92796176671981812,102.89849853515625,15.833475112915039,-9.408132427779492e-06,10.90596866607666,4.257906436920166,0,-9.8100175857543945,0,8
62.168731689453125,78.437492370605469,-8.3588972091674805,17.219154357910156,4.0413093566894531,-2.4381766319274902,0,-9.8100175857543945,0,8
0.92800003290176392,0.43569695949554443,0.37898817658424377,0,0.080319881439208984,-0.18359959125518799,0,1.7052634954452515,-1.4492408037185669,8
0.92796176671981812,104.81277465820312,19.358844757080078,-1.0242120879411232e-05,11.4351806640625,5.2077155113220215,0,-9.8100175857543945,0,8
0.92463761568069458,0.52838480472564697,-0.34076103568077087,-0.035939879715442657,0.64897871017456055,0.39679020643234253,-0.24867697060108185,-10.69721794128418,-2.1294655799865723,8
-1.1136338710784912,24.129735946655273,1.7833064794540405,-0.052819468080997467,-11.107465744018555,0.24353602528572083,0,-9.8100175857543945,0,8
0.60162091255187988,0.36271518468856812,-0.4024709165096283,0.2733694314956665,-0.4857647716999054,-0.6626017689704895,8.2643203735351562,6.3850078582763672,-1.7103641033172607,8
-2.7894234657287598,-14.231566429138184,2.1668932437896729,-0.71223533153533936,-21.686580657958984,0.47247529029846191,0,-9.809931755065918,0,8
0.0755767822265625,0.3559061586856842,0.50115364789962769,0.21069729328155518,-0.078470587730407715,0.19417741894721985,-2.3642125129699707,-3.449409008026123,5.0361075401306152,8
0.14297877252101898,0.66937887668609619,0.16619415581226349,-0.39545184373855591,1.9952654838562012e-05,-0.024007232859730721,-0.57925516366958618,-9.477137791691348e-05,2.0346250534057617,8
0.80029284954071045,0.76900428533554077,0.52794933319091797,-0.22515590488910675,-0.047612734138965607,0.19536149501800537,-3.0986409187316895,-3.9966690540313721,1.3442095518112183,8
0.92800003290176392,0.44496023654937744,0.16033683717250824,0,0.21063913404941559,-0.20320002734661102,0,3.9601356983184814,2.2482287883758545,8
0.92800003290176392,0.63191854953765869,0.076886206865310669,0,0.20233125984668732,0.27896997332572937,0,2.0108675956726074,-6.6455397605895996,8
0.27318024635314941,0.37618532776832581,-0.051740575581789017,-0.44404017925262451,-0.34125682711601257,0.10171814262866974,4.0017304420471191,-1.5751906633377075,2.3229613304138184,8
0.92800003290176392,0.79053801298141479,0.92800003290176392,0,-0.1373981237411499,0,0,-1.9553472995758057,0,8
-3.2228796482086182,-25.294519424438477,-2.8069014549255371,-0.66809958219528198,-24.754919052124023,-0.5867655873298645,0,-9.809931755065918,0,8
-0.096024967730045319,0.62811082601547241,-0.92800003290176392,-0.13845007121562958,-0.20013797283172607,0,3.9109597206115723,-4.593996524810791,0,8
0.15271851420402527,0.41278403997421265,-0.92800003290176392,0.20321314036846161,0.08263552188873291,0,7.2009181976318359,6.9781441688537598,0,8
-0.10984291136264801,0.62579888105392456,-0.92800003290176392,-0.11573579162359238,-0.23497404158115387,0,4.6228146553039551,-3.6339173316955566,0,8
0.76610994338989258,0.84486168622970581,-0.28290367126464844,-0.57668203115463257,0.24276497960090637,0.39622184634208679,1.3379447460174561,-7.6365256309509277,1.429693341255188,8
-0.53870624303817749,0.59408611059188843,-0.30231589078903198,-0.071656227111816406,0.029607191681861877,0.043912552297115326,-0.70095574855804443,-3.5643641948699951,-0.25204494595527649,8
0.24565786123275757,0.59577155113220215,-0.92559814453125,-1.6588379144668579,1.2579466104507446,0.062452547252178192,19.117408752441406,-22.170366287231445,0.47448867559432983,8
0.59083461761474609,0.28200331330299377,-0.68579667806625366,0.11122217774391174,-0.38053587079048157,-0.92148441076278687,17.16656494140625,9.4749393463134766,-3.6292431354522705,8
0.56727206707000732,0.32148712873458862,-0.90548783540725708,0.48077070713043213,-0.21693918108940125,-0.02986469492316246,-10.265748977661133,5.9564118385314941,-1.9086421728134155,8
0.79090464115142822,0.77702665328979492,-0.8358384370803833,-0.3812423050403595,-1.92509925365448,0.29259750247001648,-0.00032275912235490978,-8.1754980087280273,0.10419129580259323,8
-3.3210065364837646,-25.228614807128906,-2.7860133647918701,-0.66809993982315063,-24.754917144775391,-0.58676522970199585,0,-9.809931755065918,0,8
-0.14229048788547516,0.37437602877616882,0.40200024843215942,-0.016123585402965546,0.023665318265557289,0.27601829171180725,-3.6293325424194336,-11.673083305358887,4.7387795448303223,8
-4.2502899169921875,-14.911663055419922,2.0103862285614014,-1.6103030443191528,-18.157817840576172,1.0748465061187744,0,-9.809931755065918,0,8
-0.039910033345222473,0.36975598335266113,0.68884569406509399,-0.058619808405637741,-0.043336324393749237,0.095469184219837189,-4.841888427734375,-9.0922107696533203,0.12244931608438492,8
0.075880527496337891,0.34236666560173035,0.34240180253982544,0.057794369757175446,-0.15313209593296051,0.50771331787109375,-0.96682518720626831,-0.095247916877269745,-0.3900897204875946,8
-0.59357839822769165,0.5734899640083313,0.33707690238952637,-0.44981992244720459,0.25409498810768127,0.58110249042510986,1.4031778573989868,-9.6987447738647461,-1.4800231456756592,8
-0.92800003290176392,0.56196975708007812,-0.5310177206993103,0,-0.16941460967063904,0.37692683935165405,0,-4.7490215301513672,-4.0085325241088867,8
-0.40811106562614441,0.38053572177886963,-0.92800003290176392,-0.32862934470176697,0.22745899856090546,0,4.0058045387268066,-3.3610281944274902,0,8
-0.78037160634994507,0.60666912794113159,0.1777939647436142,0.018813036382198334,0.082994885742664337,0.049642302095890045,-1.7644591331481934,-11.08482837677002,6.7998762130737305,8
0.076546818017959595,0.35080242156982422,-0.004359513521194458,-0.29143530130386353,-0.071936748921871185,0.096327483654022217,-0.83955729007720947,-1.3955888748168945,0.71808451414108276,8
-1.7178881168365479,-25.861223220825195,-3.3653795719146729,-0.26278546452522278,-24.938869476318359,-0.84109163284301758,-1.0728835150075611e-05,-9.809931755065918,1.2516974493337329e-05,8
-1.6942349672317505,-22.782573699951172,-3.9192657470703125,-0.23544460535049438,-24.186744689941406,-0.98912209272384644,-4.9173828301718459e-05,-9.8111333847045898,0.00030398365925066173,8
-0.30154094099998474,0.38684874773025513,-0.7197454571723938,0.17408525943756104,0.14294394850730896,-0.23839659988880157,-1.3781614303588867,-4.0407004356384277,-1.6146740913391113,8
0.41049358248710632,0.40122449398040771,-0.82722914218902588,-0.11030830442905426,0.090712137520313263,0.41217947006225586,-6.5846405029296875,4.6396493911743164,-7.1361274719238281,8
0.28419950604438782,0.66927623748779297,0.29723161458969116,-0.57476067543029785,4.5903027057647705e-05,0.13439086079597473,-0.27268946170806885,-9.9688761110883206e-05,1.255210280418396,8
-0.83858388662338257,0.36104828119277954,-0.11625869572162628,-0.10312241315841675,0.0041681397706270218,0.33878457546234131,1.4539213180541992,-3.5659310817718506,5.1033468246459961,8
0.0050263074226677418,0.34843775629997253,-0.16643746197223663,-0.18462349474430084,-0.46858194470405579,-0.26794946193695068,-3.7560043334960938,5.4300594329833984,-1.1318751573562622,8
0.2978363037109375,0.669342041015625,0.44497162103652954,-0.43365150690078735,4.7408044338226318e-05,-0.042631179094314575,0.81744605302810669,6.5714120864868164e-05,2.6999132633209229,8
0.75611430406570435,0.79861074686050415,-0.039469614624977112,-0.61836481094360352,-0.63060444593429565,0.35504895448684692,0.76077812910079956,-3.4060959815979004,-1.6738440990447998,8
-0.45236840844154358,0.071999989449977875,-0.011583947576582432,-0.12370108067989349,0,-0.29724064469337463,-7.8403711318969727,0,16.977270126342773,8
-1.6870417594909668,-27.799520492553711,-3.2173824310302734,-0.23542603850364685,-25.482744216918945,-0.77188456058502197,1.3411043937594513e-06,-9.809931755065918,0,8
-0.65216577053070068,0.39077726006507874,0.023968502879142761,0.066938199102878571,-0.16116082668304443,0.44469165802001953,1.4983277320861816,-8.6154804229736328,3.0800905227661133,8
0.60949587821960449,0.68609720468521118,-0.021294411271810532,-0.52737432718276978,-0.9788852334022522,0.019512638449668884,3.0132882595062256,-1.8123434782028198,-0.26870173215866089,8
0.076268583536148071,0.36573979258537292,0.14120452105998993,-0.16363316774368286,-0.082322634756565094,0.29804706573486328,-1.0247929096221924,-1.1808938980102539,0.28082102537155151,8
0.35360735654830933,0.66969394683837891,0.058565277606248856,-0.36754950881004333,8.8289380073547363e-06,-0.025214532390236855,-0.84096992015838623,0.00028587874840013683,2.7281270027160645,8
-0.025907037779688835,0.57099175453186035,0.46378800272941589,-0.2141183465719223,-0.28535452485084534,0.30310520529747009,-0.39953869581222534,-4.6246590614318848,-2.1514873504638672,8
-0.93695783615112305,-8.327052116394043,2.5666055679321289,-0.0030062084551900625,-14.19853687286377,0.86248195171356201,0,-9.8100175857543945,0,8
-14.703774452209473,-14.109156608581543,-20.089981079101562,-4.3257460594177246,-21.640716552734375,-5.5307073593139648,0,-9.809931755065918,0,8
-61.795188903808594,16.083866119384766,-14.839740753173828,-17.911901473999023,-12.875012397766113,-4.0267806053161621,0,-9.8100175857543945,0,8
-89.735740661621094,24.917020797729492,-2.1766936779022217,-25.970264434814453,-10.175248146057129,-0.36490157246589661,0,-9.8100175857543945,0,8
-1.4864213466644287,-15.358834266662598,-9.2901515960693359,-0.13996380567550659,-22.090816497802734,-2.5916092395782471,-1.3411043937594513e-06,-9.809931755065918,7.1525569182995241e-06,8
-0.33439809083938599,0.56311064958572388,-0.026532908901572227,-0.34553080797195435,-0.31489938497543335,0.23643845319747925,-1.7064677476882935,0.58236920833587646,9.9532661437988281,8
8.7218351364135742,9.8968849182128906,16.732074737548828,2.5168025493621826,-15.262221336364746,4.614250659942627,0,-9.8100175857543945,0,8
-0.29757788777351379,0.4562070369720459,0.92800003290176392,-0.53671056032180786,-0.10922116786241531,0,2.8716175556182861,-6.846646785736084,0,8
9.1819963455200195,9.5249710083007812,16.51500129699707,2.5591115951538086,-15.324515342712402,4.5931696891784668,0,-9.8100175857543945,0,8
9.8985052108764648,5.5244622230529785,14.183060646057129,2.7237832546234131,-16.443149566650391,3.9310863018035889,0,-9.809931755065918,0,8
-0.93710547685623169,-8.305302619934082,2.5521595478057861,-0.0030062075238674879,-14.198533058166504,0.86248171329498291,0,-9.8100175857543945,0,8
-3.3970208168029785,-17.022907257080078,0.12167268991470337,-1.0911158323287964,-22.584362030029297,0.040353201329708099,0,-9.809931755065918,0,8
-8.0309276580810547,-39.126220703125,-1.0779001712799072,-2.1915264129638672,-28.694360733032227,-0.047837782651185989,1.4305113836599048e-05,-9.809931755065918,-1.3411043937594513e-06,8
0.54669207334518433,81.089149475097656,-10.098762512207031,-0.10764069855213165,5.0732488632202148,-2.7979040145874023,0,-9.8100175857543945,0,8
-1.4289052486419678,-15.516870498657227,-9.0318603515625,-0.1399652361869812,-22.090852737426758,-2.5915923118591309,4.0233135223388672e-06,-9.809931755065918,-4.2915340600302443e-05,8
12.463095664978027,-37.519119262695312,-2.4441051483154297,3.616926908493042,-28.311767578125,-0.74288481473922729,0,-9.809931755065918,0,8
0.5949476957321167,0.071999989449977875,-0.34561318159103394,0.29772117733955383,0,0.37785789370536804,10.075675964355469,0,17.426532745361328,8
0.71423166990280151,19.852836608886719,29.886411666870117,0.31092366576194763,-12.456388473510742,8.2273616790771484,0,-9.8100175857543945,0,8
9.1982345581054688,9.4081134796142578,16.582815170288086,2.559112548828125,-15.324519157409668,4.5931682586669922,0,-9.8100175857543945,0,8
24.59510612487793,17.543542861938477,4.6847667694091797,6.7644047737121582,-12.962940216064453,1.2525560855865479,0,-9.8100175857543945,0,8
0.98782718181610107,94.728096008300781,-13.906745910644531,0.018089892342686653,8.9133968353271484,-3.8420591354370117,0,-9.8100175857543945,0,8
0.25405591726303101,0.33232638239860535,0.69728636741638184,0.19537365436553955,0.21951131522655487,0.17377066612243652,1.7317001819610596,2.116732120513916,1.5324556827545166,8
0.8885912299156189,187.48074340820312,-8.901057243347168,-0.010966651141643524,34.814247131347656,-2.2492380142211914,0,-9.8101034164428711,0,8
1.0554572343826294,81.020942687988281,6.4257802963256836,0.031465508043766022,4.8580293655395508,1.7571656703948975,0,-9.8100175857543945,0,8
-1.560765266418457,-16.883281707763672,-7.0035295486450195,-0.18652611970901489,-22.483644485473633,-1.939551830291748,-4.470347903406946e-06,-9.809931755065918,5.0067897973349318e-05,8
0.3534233570098877,-13.582792282104492,3.7612607479095459,0.29874485731124878,-21.729537963867188,0.83972769975662231,0,-9.809931755065918,0,8
-3.5809364318847656,11.459861755371094,14.968610763549805,-0.81758695840835571,-14.727138519287109,4.0017280578613281,0,-9.8100175857543945,0,8
-2.3801243305206299,10.541354179382324,23.466777801513672,-0.52338719367980957,-15.026501655578613,6.3734598159790039,0,-9.8100175857543945,0,8
5.8190202713012695,24.500236511230469,28.334346771240234,1.6762322187423706,-11.14849853515625,7.7772431373596191,0,-9.8100175857543945,0,8
52.516742706298828,40.063327789306641,-3.7609646320343018,14.543620109558105,-6.6730074882507324,-1.153570294380188,0,-9.8100175857543945,0,8
-0.037990488111972809,0.36838927865028381,-0.36454716324806213,0.14831539988517761,0.13046908378601074,-0.29510191082954407,-1.2580301761627197,-0.1577456146478653,2.0807628631591797,8
-2.5223064422607422,-8.5543994903564453,1.5275360345840454,-0.85182046890258789,-14.384827613830566,0.35275653004646301,0,-9.8100175857543945,0,8
5.2283029556274414,31.857213973999023,1.4808663129806519,1.2256602048873901,-8.9304933547973633,0.31851723790168762,0,-9.8100175857543945,0,8
0.92800003290176392,0.44621193408966064,0.72827714681625366,0,0.19854174554347992,-0.016790967434644699,0,1.1683348417282104,3.0107829570770264,8
-1.5586106777191162,-17.032808303833008,-6.8885707855224609,-0.18652690947055817,-22.483661651611328,-1.9395434856414795,1.3411043937594513e-06,-9.809931755065918,-2.1457670300151221e-05,8
-0.81576389074325562,-9.4364404678344727,-9.1944284439086914,0.03165845200419426,-20.494634628295898,-2.7169027328491211,0,-9.809931755065918,0,8
-0.16953347623348236,0.071999989449977875,-0.068668141961097717,0.34339019656181335,0,-0.30081489682197571,14.298871040344238,0,7.343297004699707,8
-1.3413717746734619,5.4083256721496582,28.312314987182617,-0.27656576037406921,-16.426191329956055,7.7101387977600098,0,-9.809931755065918,0,8
3.4257678985595703,-32.901710510253906,1.4316673278808594,0.93485534191131592,-26.42021369934082,0.17825585603713989,0,-9.809931755065918,0,8
-1.1130753755569458,24.221179962158203,1.7806441783905029,-0.052819453179836273,-11.107464790344238,0.24353596568107605,0,-9.8100175857543945,0,8
-0.4786759614944458,0.071999967098236084,0.92800003290176392,-1.4138715267181396,0,0,-15.91004753112793,0,0,8
-0.2107321172952652,0.071999989449977875,0.63333487510681152,-0.47511059045791626,0,0.50328159332275391,-3.6661772727966309,0,6.4735307693481445,8
0.92792928218841553,0.46904924511909485,-0.16721463203430176,-0.0054975314997136593,0.45289075374603271,-0.16920766234397888,-0.11222255229949951,-3.9439611434936523,-7.5923652648925781,8
0.3613889217376709,0.36995577812194824,-0.53682041168212891,0.48077398538589478,-0.010609690099954605,-0.78348410129547119,0.70942813158035278,4.5218563079833984,-3.1608312129974365,8
-1.0628352165222168,-14.323497772216797,-10.790641784667969,-0.057595428079366684,-21.906112670898438,-3.0653648376464844,1.4752148672414478e-05,-9.809931755065918,-5.0067897973349318e-05,8
-0.90044099092483521,2.0710000991821289,1.2396451234817505,0.050592914223670959,0,0.12794594466686249,0,0,0,8
0.45829790830612183,2.0710000991821289,1.1359525918960571,-0.008174549788236618,0,0.057022731751203537,-0.00068418675800785422,0,-0.00082857900997623801,8
4.9470338821411133,-32.970432281494141,1.1182893514633179,1.4730073213577271,-26.746219635009766,0.041334439069032669,2.1457670300151221e-05,-9.8098745346069336,-1.933425483002793e-05,8
0.085886962711811066,2.0710000991821289,1.0238742828369141,-0.0076572662219405174,0,0.05533992126584053,-0.0014850496081635356,0,0.0023888421710580587,8
0.39456728100776672,0.3106270432472229,-0.046445399522781372,-0.35587185621261597,0.018760116770863533,0.015314258635044098,-6.2321724891662598,11.846434593200684,1.7312082052230835,8
2.3706486225128174,-17.575220108032227,0.40698328614234924,0.55135524272918701,-19.581838607788086,-0.14402100443840027,0,-9.809931755065918,0,8
0.44350361824035645,-21.912590026855469,2.3395564556121826,-0.18797400593757629,-21.635387420654297,0.47953358292579651,0,-9.809931755065918,0,8
0.41133648157119751,0.071999989449977875,-0.92799592018127441,0.026999950408935547,0,0.0057444935664534569,153.76870727539062,0,0.10052938759326935,8
0.32070013880729675,0.66733330488204956,-0.4428546130657196,-2.3852970600128174,-0.063204601407051086,0.01707809790968895,10.557273864746094,-10.213709831237793,-2.2197701930999756,8
-0.93214082717895508,16.678138732910156,1.0565963983535767,-0.00127779645845294,-13.15235710144043,0.036866307258605957,0,-9.8100175857543945,0,8
-0.91286635398864746,10.774421691894531,1.0477254390716553,0.0043184002861380577,-14.771672248840332,0.034858934581279755,0,-9.8100175857543945,0,8
-1.1154072284698486,20.529268264770508,1.8330559730529785,-0.053750790655612946,-12.097799301147461,0.25938159227371216,0,-9.8100175857543945,0,8
-0.92946851253509521,-28.798496246337891,8.9036455154418945,-0.00043621781514957547,-25.648557662963867,2.3862552642822266,0,-9.809931755065918,0,8
0.1917664110660553,2.0710000991821289,1.0441437959671021,-0.0077885128557682037,0,0.055619359016418457,-0.0012437904952093959,0,0.0017580761341378093,8
0.26867860555648804,2.0710000991821289,1.0562152862548828,-0.0076115638948976994,0,0.05576598271727562,-0.0013309762580320239,0,0.0012492387322708964,8
0.92800003290176392,0.44438827037811279,0.21720197796821594,0,0.13391388952732086,0.065091289579868317,0,2.7171800136566162,-7.6802182197570801,8
0.78628718852996826,0.7444998025894165,0.41013014316558838,-0.3849494457244873,-0.12403387576341629,0.21174977719783783,-5.445580005645752,-3.2973208427429199,0.21357490122318268,8
0.92800003290176392,0.6704673171043396,0.42100238800048828,0,-0.000430339016020298,0.12344242632389069,0,-1.0089864730834961,1.7579232454299927,8
0.92800003290176392,0.79053801298141479,0.92800003290176392,0,-0.1373981237411499,0,0,-1.9553472995758057,0,8
-8.7853364944458008,-23.158973693847656,-2.3290529251098633,-2.4322659969329834,-24.179170608520508,-0.44131094217300415,0,-9.809931755065918,-8.9406961478744051e-07,8
0.088195808231830597,0.66969096660614014,0.55480724573135376,-0.23161299526691437,4.0978193283081055e-05,0.12961317598819733,0.25076642632484436,1.0548136234283447,0.34660932421684265,8
-0.92800003290176392,0.40597736835479736,-0.92800003290176392,0,-0.20288977026939392,0,0,4.5318136215209961,0,8
-0.92800003290176392,0.72429102659225464,-0.92800003290176392,0,0.19073942303657532,0,0,-11.407517433166504,0,8
0.13262517750263214,1.2667763233184814,-0.92800003290176392,-0.92535525560379028,-0.96112382411956787,0,1.4874743223190308,-10.186795234680176,0,8
-0.92800003290176392,0.73006898164749146,-0.92800003290176392,0,0.2087339460849762,0,0,-12.05803394317627,0,8
-0.69744300842285156,0.55509740114212036,-0.92800003290176392,0.33746087551116943,-0.34518349170684814,0,-0.45645472407341003,-3.222318172454834,0,8
-0.87355124950408936,0.75680041313171387,-0.89078974723815918,-0.27524000406265259,-0.51998358964920044,0.029923787340521812,2.8164176940917969,-2.0701789855957031,-0.089038103818893433,8
-8.7710990905761719,-23.142601013183594,-2.5378792285919189,-2.4322700500488281,-24.179155349731445,-0.44131171703338623,1.4305113836599048e-05,-9.809931755065918,2.6822087875189027e-06,8
-0.19581472873687744,0.3789827823638916,-0.92800003290176392,0.065001264214515686,-0.24515965580940247,0,-10.921813011169434,3.3782913684844971,0,8
-16.364316940307617,-0.79660290479660034,-8.9841747283935547,-4.5147218704223633,-17.785825729370117,-2.3423545360565186,0,-9.809931755065918,0,8
-14.009050369262695,-9.0037775039672852,-1.6807583570480347,-3.8150672912597656,-20.135444641113281,-0.17937515676021576,0,-9.809931755065918,0,8
-8.092738151550293,-39.195960998535156,-1.0835316181182861,-2.1915264129638672,-28.694360733032227,-0.047837793827056885,7.1525569182995241e-06,-9.809931755065918,-1.3411043937594513e-06,8
0.27876302599906921,0.53608494997024536,-0.9275662899017334,-0.064088128507137299,0.29825478792190552,0.032852601259946823,-6.5844607353210449,-5.8857631683349609,0.98557800054550171,8
-0.92800003290176392,0.40656352043151855,-0.92800003290176392,0,-0.22011221945285797,0,0,4.2855300903320312,0,8
-0.92800003290176392,0.38283622264862061,-0.69291061162948608,0,-0.16858136653900146,0.2327360212802887,0,-3.1594414710998535,-1.7664196491241455,8
-4.7803168296813965,-35.820945739746094,-1.716583251953125,-1.3294370174407959,-27.807416915893555,-0.2450297623872757,0,-9.809931755065918,0,8
-8.8941822052001953,-23.080934524536133,-2.5384809970855713,-2.4322710037231445,-24.17915153503418,-0.4413120448589325,2.1457670300151221e-05,-9.809931755065918,2.6822087875189027e-06,8
-3.3159010410308838,-8.0537881851196289,-0.92200207710266113,-1.1523067951202393,-19.862970352172852,0.0018142934422940016,1.0728835150075611e-05,-9.809931755065918,2.0954756152491427e-08,8
-103.10070037841797,29.157140731811523,-13.883210182189941,-29.882741928100586,-8.9840049743652344,-3.745168924331665,0,-9.8100175857543945,0,8
-10.473507881164551,-4.0679802894592285,-16.739370346069336,-2.8157587051391602,-18.754528045654297,-4.5263261795043945,0,-9.809931755065918,0,8
-4.7656245231628418,-35.976810455322266,-1.6551532745361328,-1.3294378519058228,-27.807424545288086,-0.24502965807914734,0,-9.809931755065918,0,8
-0.27986469864845276,0.41091969609260559,0.71429455280303955,-0.39276638627052307,-0.080074749886989594,0.335590660572052,1.4322789907455444,-9.2192506790161133,-2.9662582874298096,8
0.0016209661262109876,0.65209114551544189,-0.14353702962398529,-0.13994894921779633,-0.86999571323394775,-0.44081190228462219,-4.0954360961914062,2.0134520530700684,4.8874630928039551,8
-0.61503309011459351,0.4243924617767334,-0.92800003290176392,-0.2410467267036438,0.28063267469406128,0,5.2352595329284668,-11.055603981018066,0,8
-0.27749437093734741,0.56274211406707764,0.12951155006885529,-0.23838789761066437,-0.65509426593780518,0.030633643269538879,0.99008780717849731,-2.1013586521148682,6.1270160675048828,8
-4.6887011528015137,-36.013008117675781,-1.6016963720321655,-1.3294380903244019,-27.807426452636719,-0.24502962827682495,0,-9.809931755065918,0,8
-0.67901140451431274,0.40111649036407471,-0.92800003290176392,0.15371538698673248,0.087525255978107452,0,-1.249144434928894,-8.0803365707397461,0,8
-30.837898254394531,-7.734501838684082,-3.7190778255462646,-8.7002134323120117,-19.844274520874023,-0.84384828805923462,0,-9.809931755065918,0,8
-0.4190542995929718,0.36642193794250488,-0.27055862545967102,0.048388779163360596,-0.1057889312505722,0.011834324337542057,-3.0708863735198975,-7.6200437545776367,3.5996513366699219,8
-1.767264723777771,-25.988763809204102,-3.4863741397857666,-0.26284918189048767,-24.939069747924805,-0.84100931882858276,0.00013947486877441406,-9.8095312118530273,-0.00018239019846078008,8
-6.8941001892089844,-5.3906760215759277,-11.727896690368652,-1.7370896339416504,-19.229667663574219,-3.1521897315979004,0,-9.809931755065918,0,8
1.6737107038497925,-17.41667366027832,-2.3117692470550537,0.56705474853515625,-19.517368316650391,-0.53079885244369507,0,-9.809931755065918,0,8
-7.8901371955871582,-39.2955322265625,-0.94795823097229004,-2.1915013790130615,-28.69439697265625,-0.047840606421232224,-6.4373016357421875e-05,-9.809931755065918,6.8172807914379518e-06,8
-0.53961271047592163,0.38874343037605286,0.1263350248336792,-0.12843054533004761,0.26485580205917358,0.30146163702011108,1.4602674245834351,-8.6308221817016602,2.782557487487793,8
-0.27306392788887024,0.071999989449977875,0.018511630594730377,0.33662781119346619,0,0.25899115204811096,0.48943606019020081,0,29.121467590332031,8
-9.3767852783203125,-17.926254272460938,-8.4541826248168945,-2.8172576427459717,-22.711942672729492,-2.1980276107788086,0,-9.809931755065918,0,8
-21.139621734619141,-14.454404830932617,-16.417884826660156,-6.1564617156982422,-21.71668815612793,-4.4944643974304199,0,-9.809931755065918,0,8
-17.266111373901367,-13.649118423461914,-2.4489378929138184,-4.7835006713867188,-21.444526672363281,-0.45267015695571899,0,-9.809931755065918,0,8
0.88725030422210693,203.73208618164062,-68.925926208496094,-0.011549904942512512,39.405723571777344,-19.210987091064453,0,-9.8101034164428711,0,8
-1.5729234218597412,-17.093015670776367,-6.8984084129333496,-0.18652702867984772,-22.483663558959961,-1.9395421743392944,2.6822087875189027e-06,-9.809931755065918,-3.2186508178710938e-05,8
-1.3005729913711548,-14.828418731689453,-10.615523338317871,-0.086633302271366119,-21.95384407043457,-2.9635117053985596,5.1409001571300905e-06,-9.809931755065918,-2.1457670300151221e-05,8
-0.48048567771911621,0.45269989967346191,-0.92800003290176392,-0.090342305600643158,-0.2159351259469986,0,-1.2715423107147217,-5.505061149597168,0,8
0.79017645120620728,0.86163151264190674,-0.82468396425247192,-0.35387840867042542,-1.9694491624832153,0.28920051455497742,-0.56336849927902222,-6.5088949203491211,0.19082663953304291,8
9.0821075439453125,9.6239452362060547,16.57267951965332,2.5591099262237549,-15.32451057434082,4.5931730270385742,0,-9.8100175857543945,0,8
5.9717483520507812,-11.680758476257324,6.563018798828125,1.5990656614303589,-21.175798416137695,1.8525122404098511,0,-9.809931755065918,0,8
-5.5476055145263672,-5.6463561058044434,-0.56213724613189697,-1.6969788074493408,-19.431798934936523,-0.10354259610176086,0,-9.809931755065918,0,8
-7.6047258377075195,100.13859558105469,-83.146171569824219,-2.3782660961151123,10.259039878845215,-23.181402206420898,0,-9.8100175857543945,0,8
-10.471899032592773,81.029304504394531,-9.6358060836791992,-3.1670792102813721,4.8990592956542969,-2.6823494434356689,0,-9.8100175857543945,0,8
1.0257024765014648,103.25635528564453,-35.808250427246094,0.024623362347483635,11.036042213439941,-9.9391450881958008,0,-9.8100175857543945,0,8
-1.41889488697052,-15.427642822265625,-9.187382698059082,-0.13996419310569763,-22.090831756591797,-2.591604471206665,0,-9.809931755065918,-7.1525569182995241e-06,8
-1.2746163606643677,-14.886758804321289,-10.535617828369141,-0.08663342148065567,-21.95384407043457,-2.9635112285614014,6.0349698287609499e-06,-9.809931755065918,-2.1457670300151221e-05,8
-0.59615951776504517,0.39231589436531067,-0.11955825239419937,-0.013514469377696514,-0.14788222312927246,0.086645126342773438,4.4964866638183594,-1.9192943572998047,1.4467263221740723,8
0.39830285310745239,0.34962236881256104,0.69756317138671875,0.6438901424407959,0.28653711080551147,0.015590187162160873,-4.9760980606079102,1.5274003744125366,0.45043081045150757,8
8.6927871704101562,9.8962955474853516,16.756526947021484,2.516801118850708,-15.262218475341797,4.6142535209655762,0,-9.8100175857543945,0,8
7.6657567024230957,-15.324315071105957,13.688705444335938,2.1021683216094971,-22.180587768554688,3.6887552738189697,0,-9.809931755065918,0,8
-2.7398817539215088,-14.086958885192871,2.2184586524963379,-0.71223574876785278,-21.68658447265625,0.47247552871704102,0,-9.809931755065918,0,8
1.1437004804611206,93.687675476074219,-40.638782501220703,0.060759518295526505,8.4511260986328125,-11.289523124694824,0,-9.8100175857543945,0,8
-4.0804715156555176,79.681877136230469,4.5532207489013672,-1.3697272539138794,4.5086822509765625,1.2538067102432251,0,-9.8100175857543945,0,8
2.4735589027404785,77.120933532714844,-14.205471038818359,0.4498392641544342,3.8057656288146973,-3.7920007705688477,0,-9.8100032806396484,0,8
-1.852628231048584,-19.609020233154297,-4.9019145965576172,-0.29253342747688293,-23.254171371459961,-1.3072977066040039,-2.6822087875189027e-06,-9.809931755065918,0,8
-1.0412141084671021,-14.186922073364258,-10.896299362182617,-0.057590954005718231,-21.906095504760742,-3.0653808116912842,-1.9893048374797218e-05,-9.809931755065918,7.1525566454511136e-05,8
-0.7492634654045105,0.58583414554595947,0.014226019382476807,0.11110854148864746,-0.14391627907752991,0.53069025278091431,-2.9731619358062744,-4.6686825752258301,-2.3064332008361816,8
0.60632604360580444,-15.646045684814453,3.1308155059814453,0.37565153837203979,-22.306795120239258,0.63258916139602661,0,-9.809931755065918,0,8
3.1565263271331787,-25.434335708618164,0.0032258371356874704,0.80948954820632935,-23.173065185546875,-0.29460945725440979,0,-9.809931755065918,0,8
2.9326565265655518,-21.825477600097656,-0.052132871001958847,0.75524634122848511,-21.598154067993164,-0.24782153964042664,0,-9.809931755065918,0,8
0.92800003290176392,0.42958694696426392,0.92800003290176392,0,0.076112337410449982,0,0,-0.88428425788879395,0,8
-2.5295321941375732,-8.5546579360961914,1.3390054702758789,-0.85182100534439087,-14.384831428527832,0.35275629162788391,0,-9.8100175857543945,0,8
4.9464521408081055,51.035079956054688,8.3519773483276367,1.1347447633743286,-3.5601840019226074,2.2200696468353271,0,-9.8099966049194336,0,8
0.88955283164978027,187.39311218261719,-8.8819103240966797,-0.010966644622385502,34.814224243164062,-2.2492365837097168,0,-9.8101034164428711,0,8
-1.3588473796844482,-15.201904296875,-9.2982902526855469,-0.13996350765228271,-22.090805053710938,-2.5916130542755127,-1.3411043937594513e-06,-9.809931755065918,2.1457670300151221e-05,8
-0.83193683624267578,-8.5959415435791016,-8.6610298156738281,0.027382442727684975,-20.329204559326172,-2.6110897064208984,0,-9.809931755065918,0,8
-0.41078409552574158,0.59072321653366089,-0.23736764490604401,-0.25882107019424438,0.0013218112289905548,-0.12769946455955505,-0.39176923036575317,-6.2416443824768066,-1.790772557258606,8
7.088162899017334,-18.862331390380859,9.6582241058349609,2.0395617485046387,-23.184619903564453,2.4829592704772949,0,-9.809931755065918,0,8
0.4715084433555603,0.66924911737442017,0.30458933115005493,-0.38862231373786926,3.24249267578125e-05,0.22105070948600769,-1.5648953914642334,0.00036388632724992931,-1.7200621366500854,8
0.57668185234069824,0.46744835376739502,-0.063961140811443329,0.097102150321006775,-0.38428083062171936,-0.33967572450637817,6.374455451965332,-0.96437656879425049,0.53841322660446167,8
3.1205732822418213,-25.282163619995117,0.026599831879138947,0.80948913097381592,-23.173059463500977,-0.29460921883583069,0,-9.809931755065918,0,8
0.60803455114364624,0.30471640825271606,-0.046305656433105469,-0.22651901841163635,0.29172065854072571,-0.12717841565608978,8.7962923049926758,13.84131908416748,5.8101139068603516,8
3.6111757755279541,-28.495334625244141,-0.035960812121629715,0.91508382558822632,-24.435564041137695,-0.29421424865722656,-2.6822088329936378e-05,-9.809931755065918,2.5928018658305518e-05,8
0.58634680509567261,0.65234529972076416,-0.21273231506347656,-0.87880635261535645,-0.96797877550125122,0.10858955979347229,5.5950374603271484,-3.2525520324707031,-2.9427175521850586,8
-0.97435653209686279,6.1097335815429688,-12.225732803344727,-0.013084587641060352,-16.254060745239258,-3.6075267791748047,0,-9.8099603652954102,0,8
-0.84189599752426147,32.221199035644531,0.87848275899887085,0.024412674829363823,-8.9632778167724609,-0.014061994850635529,0,-9.8100175857543945,0,8
0.76597827672958374,-15.846066474914551,3.1186566352844238,0.375652015209198,-22.30681037902832,0.63258820772171021,0,-9.809931755065918,0,8
0.093398347496986389,2.0710000991821289,1.1737810373306274,-0.0076020997948944569,0,0.05530354380607605,-0.0015455809189006686,0,0.0024373454507440329,8
5.1821045875549316,-33.125762939453125,1.124576210975647,1.4730103015899658,-26.74620246887207,0.041331954300403595,0,-9.809931755065918,-1.4528631027133088e-06,8
3.5514624118804932,-33.031257629394531,1.4629684686660767,0.9348558783531189,-26.420196533203125,0.17825599014759064,0,-9.809931755065918,0,8
3.6596882343292236,-32.978492736816406,1.4787790775299072,0.93485593795776367,-26.420194625854492,0.17825600504875183,0,-9.809931755065918,0,8
3.6043899059295654,-32.934589385986328,1.4258111715316772,0.93485581874847412,-26.420200347900391,0.17825597524642944,0,-9.809931755065918,0,8
5.1303215026855469,-33.036975860595703,0.90259289741516113,1.4730116128921509,-26.746192932128906,0.041329745203256607,-1.0728835150075611e-05,-9.809931755065918,1.508742479927605e-05,8
3.2776498794555664,-26.178976058959961,-0.094480000436306,0.82885980606079102,-23.440620422363281,-0.29898703098297119,0,-9.809931755065918,0,8
-0.8397558331489563,32.174739837646484,0.87702447175979614,0.024412676692008972,-8.9632787704467773,-0.014061995781958103,0,-9.8100175857543945,0,8
4.4184398651123047,8.3422641754150391,9.6637763977050781,1.4059782028198242,-15.625613212585449,2.4804589748382568,0,-9.8100175857543945,0,8
2.2498955726623535,-18.939132690429688,1.0124621391296387,0.46852302551269531,-20.241399765014648,0.0061580887995660305,0,-9.809931755065918,0,8
-0.93123692274093628,16.497991561889648,1.0524584054946899,-0.0012777956435456872,-13.15235710144043,0.036866281181573868,0,-9.8100175857543945,0,8
0.17528930306434631,2.0710000991821289,1.0425924062728882,-0.0077637378126382828,0,0.055570557713508606,-0.0012762564001604915,0,0.0018626822857186198,8
0.30319687724113464,2.0710000991821289,1.074849009513855,-0.007563313003629446,0,0.056168649345636368,-0.0012392642674967647,0,0.00087272370001301169,8
0.92800003290176392,0.71285367012023926,0.6446913480758667,0,0.27732449769973755,-0.14459140598773956,0,-6.9307613372802734,4.4187946319580078,8
0.50922858715057373,2.0710000991821289,1.1635614633560181,-0.0089743835851550102,0,0.057790122926235199,-0.00047095117042772472,0,-0.001341327908448875,8
3.0544068813323975,-28.223554611206055,2.2042064666748047,0.78032797574996948,-24.406291961669922,0.4470544159412384,0,-9.809931755065918,0,8
0.92800003290176392,0.44628870487213135,0.12461064755916595,0,0.1176440566778183,-0.13352367281913757,0,4.3987202644348145,6.2690982818603516,8
-11.660585403442383,-14.92048168182373,-2.3158965110778809,-3.1708023548126221,-21.780158996582031,-0.40722724795341492,0,-9.809931755065918,0,8
-11.586942672729492,-12.454521179199219,0.38771089911460876,-3.1148686408996582,-21.117288589477539,0.34655201435089111,0,-9.809931755065918,0,8
0.20196487009525299,0.66952043771743774,0.50713151693344116,-0.46586471796035767,5.5298209190368652e-05,0.066257171332836151,3.0958626270294189,-0.00010281800496159121,-0.87036383152008057,8
-0.41782715916633606,0.59620571136474609,-0.48518243432044983,-0.0832623690366745,0.11593818664550781,-0.17308489978313446,0.50631117820739746,-3.7865135669708252,0.37687224149703979,8
0.27306637167930603,0.38532924652099609,-0.92791706323623657,0.22498045861721039,0.59443163871765137,0.013023044914007187,-6.0554757118225098,15.365532875061035,0.39069133996963501,8
-0.13574804365634918,0.35913962125778198,-0.53434818983078003,-0.14816400408744812,0.26732718944549561,0.17766670882701874,0.22108329832553864,-4.999547004699707,-1.8892053365707397,8
-0.25321668386459351,0.57768863439559937,-0.5169939398765564,-0.10456863045692444,0.15999504923820496,-0.29164987802505493,0.75962436199188232,-3.9032039642333984,0.64885044097900391,8
-153.20533752441406,177.88922119140625,-4.3351073265075684,-44.416187286376953,34.258499145507812,-0.97587043046951294,0,-9.8101034164428711,0,8
-3.0856606960296631,-7.864677906036377,-0.92146050930023193,-1.1523027420043945,-19.862943649291992,0.001814306597225368,-1.0728835150075611e-05,-9.809931755065918,-2.0954756152491427e-08,8
2.0039768218994141,203.49327087402344,-2.7415430545806885,0.31162098050117493,41.473114013671875,-0.54260015487670898,0,-9.8101034164428711,0,8
-17.056558609008789,-13.675451278686523,-2.5675690174102783,-4.7834939956665039,-21.444524765014648,-0.45267057418823242,0,-9.809931755065918,0,8
-13.967831611633301,-8.9933691024780273,-1.4139702320098877,-3.8150629997253418,-20.135454177856445,-0.17937487363815308,0,-9.809931755065918,0,8
-0.74686092138290405,0.43449079990386963,0.35154107213020325,-0.24301484227180481,0.047248460352420807,0.63621127605438232,0.8017694354057312,-9.8421964645385742,0.026078222319483757,8
-0.71966785192489624,0.36342594027519226,-0.47298797965049744,-0.06416003406047821,-0.054205600172281265,0.10176551342010498,0.55629616975784302,-3.0176970958709717,0.65794205665588379,8
0.39737829566001892,0.97188788652420044,-0.82624012231826782,-3.8515336513519287,4.8021378517150879,0.69350999593734741,5.3757257461547852,-17.151044845581055,-2.3613772392272949,8
-7.2441577911376953,-25.892007827758789,-2.8578228950500488,-1.9025973081588745,-24.884599685668945,-0.54517245292663574,0,-9.809931755065918,0,8
-4.7576766014099121,-36.037254333496094,-1.7120904922485352,-1.3294379711151123,-27.807424545288086,-0.24502964317798615,0,-9.809931755065918,0,8
-139.433837890625,179.40769958496094,-1.7014884948730469,-40.463897705078125,34.724922180175781,-0.20316918194293976,0,-9.8101034164428711,0,8
-52.81494140625,5.4718842506408691,-15.780512809753418,-15.322590827941895,-15.920733451843262,-4.2949957847595215,0,-9.8100175857543945,0,8
-0.19581472873687744,0.3789827823638916,-0.92800003290176392,0.065001264214515686,-0.24515965580940247,0,-10.921813011169434,3.3782913684844971,0,8
-10.522974014282227,-3.9082274436950684,-16.621099472045898,-2.8157608509063721,-18.754528045654297,-4.5263214111328125,0,-9.809931755065918,0,8
-13.847685813903809,-0.2799915075302124,-14.232476234436035,-3.7714779376983643,-17.679111480712891,-3.8490433692932129,0,-9.809931755065918,0,8
-7.9942989349365234,-39.022979736328125,-1.0840421915054321,-2.1915283203125,-28.694353103637695,-0.047837570309638977,2.1457670300151221e-05,-9.809931755065918,-2.0116567611694336e-06,8
-8.1738767623901367,-39.072402954101562,-1.0822548866271973,-2.1915297508239746,-28.69434928894043,-0.047837454825639725,2.1457670300151221e-05,-9.809931755065918,-2.235173951703473e-06,8
0.25088560581207275,0.73525381088256836,-0.1042022705078125,-0.36237341165542603,-0.83566015958786011,0.32100290060043335,2.0460550785064697,-2.9164192676544189,-5.7659764289855957,8
1.7342115640640259,-17.565431594848633,-2.3739075660705566,0.56705528497695923,-19.517375946044922,-0.53079938888549805,0,-9.809931755065918,0,8
-12.888503074645996,-18.713172912597656,-6.5447683334350586,-3.7780387401580811,-22.93846321105957,-1.6625808477401733,0,-9.809931755065918,0,8
-28.522790908813477,-5.7229070663452148,-3.5555884838104248,-8.1188564300537109,-19.220390319824219,-0.77232533693313599,0,-9.809931755065918,0,8
-155.64006042480469,173.22142028808594,-14.237751007080078,-45.074573516845703,32.906517028808594,-3.8399803638458252,0,-9.8101034164428711,0,8
-0.92800003290176392,0.5600581169128418,-0.43515291810035706,0,-0.20790329575538635,0.35949721932411194,0,-3.8903670310974121,-0.89624935388565063,8
-4.686917781829834,-14.87639331817627,-2.841874361038208,-1.0730981826782227,-21.895322799682617,-0.66825562715530396,0,-9.809931755065918,0,8
-6.8615536689758301,-5.4535250663757324,-11.687000274658203,-1.7370892763137817,-19.229669570922852,-3.1521890163421631,0,-9.809931755065918,0,8
1.2873388528823853,-16.720691680908203,-2.2484803199768066,0.51048201322555542,-19.148733139038086,-0.49962979555130005,-5.3644175750378054e-06,-9.809931755065918,2.6822087875189027e-06,8
1.0373160839080811,-16.694143295288086,-2.2404787540435791,0.51047992706298828,-19.148704528808594,-0.49962872266769409,5.3644175750378054e-06,-9.809931755065918,-2.6822087875189027e-06,8
0.2616722583770752,0.36409860849380493,-0.046700537204742432,-0.31666141748428345,0.042526468634605408,0.16191546618938446,3.7055752277374268,-4.4382615089416504,1.8119105100631714,8
-0.28945410251617432,0.56939619779586792,-0.093676194548606873,-0.026575233787298203,-0.3906172513961792,-0.43601319193840027,5.8278818130493164,0.64331793785095215,-3.1072380542755127,8
-13.708081245422363,-15.851152420043945,-10.786815643310547,-3.9877488613128662,-22.145904541015625,-2.9187450408935547,0,-9.809931755065918,0,8
-17.185127258300781,-5.6977806091308594,-23.843944549560547,-4.9758577346801758,-19.299903869628906,-6.6522750854492188,0,-9.809931755065918,0,8
1.0941200256347656,100.94045257568359,-13.49370002746582,0.050851628184318542,10.731738090515137,-3.7473139762878418,0,-9.8100175857543945,0,8
-0.69099068641662598,0.39908576011657715,-0.92800003290176392,0.32353097200393677,-0.00056131649762392044,0,-3.840595006942749,-6.354921817779541,0,8
-6.7692651748657227,-5.6112127304077148,-11.584665298461914,-1.7370878458023071,-19.22967529296875,-3.1521861553192139,0,-9.809931755065918,0,8
2.287703275680542,-25.340986251831055,-2.8429660797119141,0.730427086353302,-23.111204147338867,-0.64811569452285767,0,-9.809931755065918,0,8
2.3398668766021729,-25.258628845214844,-2.7912249565124512,0.73042666912078857,-23.111198425292969,-0.64811527729034424,0,-9.809931755065918,0,8
0.64126086235046387,0.68409031629562378,0.10729718953371048,-0.392954021692276,-0.81396180391311646,0.097987845540046692,0.40670779347419739,-4.1176486015319824,0.70110076665878296,8
6.6648283004760742,-8.1299905776977539,9.4386177062988281,1.8475079536437988,-20.226428985595703,2.6567544937133789,0,-9.809931755065918,0,8
11.419389724731445,3.5635876655578613,13.460282325744629,3.1205606460571289,-16.971521377563477,3.7271566390991211,0,-9.809931755065918,0,8
-3.3815162181854248,-17.037036895751953,-5.0329256057739258,-0.99482756853103638,-22.584814071655273,-1.4245442152023315,0,-9.809931755065918,0,8
3.1866228580474854,76.513542175292969,-16.83392333984375,0.63951921463012695,3.6507883071899414,-4.5210056304931641,0,-9.8099966049194336,0,8
1.0249594449996948,45.879150390625,-9.5980901718139648,0.028518447652459145,-4.7396788597106934,-2.5949497222900391,0,-9.8100175857543945,0,8
0.6379050612449646,101.57614135742188,-16.685382843017578,-0.071213386952877045,10.672046661376953,-4.5304651260375977,0,-9.8100175857543945,0,8
-1.2597920894622803,-14.840160369873047,-10.554709434509277,-0.086633205413818359,-21.95384407043457,-2.9635121822357178,4.0233135223388672e-06,-9.809931755065918,-2.1457670300151221e-05,8
-1.2369843721389771,-14.751895904541016,-10.565533638000488,-0.086632825434207916,-21.953840255737305,-2.9635131359100342,0,-9.809931755065918,0,8
0.71005022525787354,0.78741258382797241,-0.32633200287818909,-0.79490029811859131,-0.011271229013800621,0.23937468230724335,3.7883267402648926,-6.3611392974853516,2.8088605403900146,8
-0.07144349068403244,0.5320621132850647,0.013482407666742802,-0.22232885658740997,-0.44266116619110107,-0.077718764543533325,-0.53421598672866821,-3.7531309127807617,3.5344772338867188,8
11.812689781188965,3.2040088176727295,14.360422134399414,3.277271032333374,-17.046928405761719,3.8896329402923584,0,-9.809931755065918,0,8
11.381771087646484,3.4226541519165039,13.558038711547852,3.1205625534057617,-16.971521377563477,3.7271585464477539,0,-9.809931755065918,0,8
-5.1959133148193359,-15.468621253967285,-3.8839161396026611,-1.5921968221664429,-22.184354782104492,-1.0618610382080078,0,-9.809931755065918,0,8
4.4004244804382324,24.183940887451172,7.283782958984375,1.0484120845794678,-11.077488899230957,2.0163657665252686,0,-9.8100175857543945,0,8
0.88186699151992798,72.183326721191406,-15.964166641235352,-0.01233986858278513,2.6127092838287354,-4.4888935089111328,0,-9.8099966049194336,0,8
0.22005435824394226,78.329910278320312,3.6957499980926514,-0.20364546775817871,4.1409749984741211,1.0089701414108276,0,-9.8100175857543945,0,8
-1.2089452743530273,-14.702872276306152,-10.525236129760742,-0.086631730198860168,-21.953832626342773,-2.9635171890258789,-1.4975666090322193e-05,-9.809931755065918,5.0067897973349318e-05,8
-1.0452408790588379,-14.224203109741211,-10.984251022338867,-0.057589482516050339,-21.906091690063477,-3.0653860569000244,-3.0845403671264648e-05,-9.809931755065918,0.00010728835331974551,8
0.74700790643692017,-18.327774047851562,-8.1452045440673828,0.33347681164741516,-23.004032135009766,-2.3302297592163086,0,-9.809931755065918,0,8
-0.92841088771820068,-41.068458557128906,3.4352016448974609,-0.080695152282714844,-29.195075988769531,0.77087455987930298,0,-9.809931755065918,0,8
-0.22339741885662079,0.54480510950088501,-0.65669339895248413,-0.033796094357967377,0.21024492383003235,-0.10550549626350403,0.25761723518371582,-4.0006494522094727,0.29125747084617615,8
47.639030456542969,25.148712158203125,-5.7636661529541016,13.191864967346191,-10.827145576477051,-1.7206002473831177,0,-9.8100175857543945,0,8
-0.26134037971496582,0.35853493213653564,-0.13169360160827637,-0.14074316620826721,0.06458812952041626,0.019071351736783981,-0.70498907566070557,-4.462791919708252,3.8608412742614746,8
-0.76736259460449219,0.58476758003234863,-0.039253268390893936,-0.030621713027358055,-0.16705237329006195,0.13543054461479187,-0.28511315584182739,-4.0704050064086914,4.650364875793457,8
1.1270848512649536,84.104576110839844,-11.27098274230957,0.061201658099889755,5.7652664184570312,-2.9363327026367188,0,-9.8100175857543945,0,8
-39.667980194091797,22.602270126342773,-0.92796212434768677,-11.335357666015625,-11.430454254150391,1.0728836059570312e-05,0,-9.8100175857543945,0,8
-0.80725491046905518,-9.4811477661132812,-9.402587890625,0.031658876687288284,-20.494661331176758,-2.7169129848480225,-1.3411043937594513e-06,-9.809931755065918,3.5762783227255568e-05,8
-0.83500593900680542,-8.3881187438964844,-8.610905647277832,0.027382422238588333,-20.329198837280273,-2.6110870838165283,0,-9.809931755065918,0,8
0.37959566712379456,-13.484862327575684,3.6287927627563477,0.29874461889266968,-21.729536056518555,0.83972817659378052,0,-9.809931755065918,0,8
0.74310505390167236,-15.844119071960449,2.9679749011993408,0.37565207481384277,-22.306812286376953,0.63258808851242065,0,-9.809931755065918,0,8
5.2159023284912109,-32.935993194580078,1.0281710624694824,1.4730108976364136,-26.746194839477539,0.041330486536026001,-1.0728835150075611e-05,-9.809931755065918,9.4994893515831791e-06,8
3.3725130558013916,-28.448326110839844,0.098012335598468781,0.91507130861282349,-24.435604095458984,-0.29420283436775208,2.6822088329936378e-05,-9.809931755065918,-2.5928018658305518e-05,8
3.5535469055175781,-32.929149627685547,1.3597099781036377,0.93485552072525024,-26.420209884643555,0.17825588583946228,0,-9.809931755065918,0,8
3.6598067283630371,-33.043888092041016,1.3986128568649292,0.93485599756240845,-26.420194625854492,0.17825600504875183,0,-9.809931755065918,0,8
0.91137492656707764,0.80742132663726807,-0.27880197763442993,-0.24233536422252655,1.430121898651123,1.2669633626937866,-1.4940050840377808,-23.632905960083008,-12.035243034362793,8
0.92766237258911133,0.77879869937896729,0.21169675886631012,-0.029378900304436684,0.16309991478919983,0.71581816673278809,-0.88136696815490723,-2.3427529335021973,-4.5543351173400879,8
-0.8397558331489563,32.174739837646484,0.87702447175979614,0.024412676692008972,-8.9632787704467773,-0.014061995781958103,0,-9.8100175857543945,0,8
-0.84173953533172607,32.2008056640625,0.87838846445083618,0.024412676692008972,-8.9632778167724609,-0.014061995781958103,0,-9.8100175857543945,0,8
1.1122838258743286,-16.4351806640625,2.8085165023803711,0.42160338163375854,-22.446147918701172,0.56322896480560303,0,-9.809931755065918,0,8
5.0093955993652344,-32.985218048095703,1.1214933395385742,1.4730086326599121,-26.7462158203125,0.041333083063364029,1.0728835150075611e-05,-9.8098745346069336,-9.3877306426293217e-06,8
5.1328258514404297,-33.036998748779297,1.1580228805541992,1.4730093479156494,-26.746213912963867,0.041332367807626724,0,-9.809931755065918,-4.3585896492004395e-06,8
3.4945218563079834,-32.816383361816406,1.3852574825286865,0.93485534191131592,-26.420215606689453,0.17825585603713989,0,-9.809931755065918,0,8
3.0850746631622314,-28.230287551879883,2.187828540802002,0.78032827377319336,-24.40629768371582,0.44705423712730408,0,-9.809931755065918,0,8
5.1379461288452148,-33.153270721435547,1.093064546585083,1.4730103015899658,-26.74620246887207,0.041331935673952103,0,-9.809931755065918,-1.2293456848055939e-06,8
5.1303215026855469,-33.036975860595703,0.90259289741516113,1.4730116128921509,-26.746192932128906,0.041329745203256607,-1.0728835150075611e-05,-9.809931755065918,1.508742479927605e-05,8
0.92800003290176392,0.44254934787750244,-0.010387931019067764,0,0.4348423182964325,-0.31063872575759888,0,1.0534652471542358,-0.87893927097320557,8
-1.1109936237335205,24.220443725585938,1.7788145542144775,-0.052819453179836273,-11.107464790344238,0.24353596568107605,0,-9.8100175857543945,0,8
-0.84179866313934326,32.327095031738281,0.87840664386749268,0.024412667378783226,-8.9632778167724609,-0.01406199112534523,0,-9.8100175857543945,0,8
0.20358067750930786,-20.424909591674805,1.5033746957778931,0.22286169230937958,-23.410224914550781,0.16826681792736053,0,-9.809931755065918,0,8
0.96613192558288574,2.0720000267028809,1.0894085168838501,-0.026452053338289261,0,0.071767888963222504,0.0048662531189620495,0,-0.0038134304340928793,8
5.0971460342407227,-33.123905181884766,1.1225970983505249,1.473009467124939,-26.746212005615234,0.041332300752401352,3.5762784591497621e-06,-9.8098745346069336,-3.9115548133850098e-06,8
0.42649039626121521,2.0710000991821289,1.1226752996444702,-0.0079561807215213776,0,0.05674530565738678,-0.00079619692405685782,0,-0.00048760321806184947,8
0.47872310876846313,0.66935080289840698,0.57329362630844116,0.18729904294013977,2.1010637283325195e-05,0.10320295393466949,-4.3330411911010742,0.00049866735935211182,0.16139744222164154,8
0.80346554517745972,2.0710000991821289,1.1841433048248291,-0.025265200063586235,0,0.070834293961524963,0.005025006365031004,0,-0.0040981918573379517,8
0.92800003290176392,0.44641703367233276,0.5666545033454895,0,0.18120165169239044,-0.0090081077069044113,0,6.3459601402282715,3.1898088455200195,8
0.92800003290176392,0.64933949708938599,0.27306073904037476,0,-0.053613994270563126,0.074848048388957977,0,-1.8848665952682495,-3.4356143474578857,8
