x,y,z,vx,vy,vz,ax,ay,az,mass
-0.92800003290176392,0.071999989449977875,-0.92800003290176392,0,0,0,0,0,0,8
-0.53136622905731201,0.071999989449977875,-0.92800003290176392,-0.0079339593648910522,0,0,0.031053021550178528,0,0,8
-0.53136622905731201,0.071999989449977875,-0.92800003290176392,-0.0079339593648910522,0,0,0.031053021550178528,0,0,8
-0.17686660587787628,0.071999989449977875,-0.92800003290176392,-0.0031272370833903551,0,0,-0.021530257537961006,0,0,8
-0.17686662077903748,0.071999989449977875,-0.92800003290176392,-0.0031273013446480036,0,0,-0.021529078483581543,0,0,8
0.18060080707073212,0.071999989449977875,-0.92800003290176392,-0.0036779241636395454,0,0,0.0087174307554960251,0,0,8
0.18060079216957092,0.071999989449977875,-0.92800003290176392,-0.0036778871435672045,0,0,0.0087167387828230858,0,0,8
0.53307038545608521,0.071999989449977875,-0.92800003290176392,0.011862263083457947,0,0,0.1955767422914505,0,0,8
0.53307020664215088,0.071999989449977875,-0.92800003290176392,0.011866002343595028,0,0,0.19569621980190277,0,0,8
0.92800003290176392,0.071999989449977875,-0.92800003290176392,0,0,0,0,0,0,8
-0.92800003290176392,0.071999989449977875,-0.53573060035705566,0,0,-0.0041093556210398674,0,0,-0.27856463193893433,8
-0.70887738466262817,0.071999989449977875,-0.74136728048324585,-0.0026289606466889381,0,-0.021889166906476021,0.13456058502197266,0,-0.48062384128570557,8
-0.42374184727668762,0.071999989449977875,-0.54412227869033813,0.068481609225273132,0,0.036461319774389267,-0.52396929264068604,0,-0.12804105877876282,8
-0.30520254373550415,0.071999989449977875,-0.72183352708816528,0.043181523680686951,0,-0.013209949247539043,-0.0019391252426430583,0,-0.27477240562438965,8
-0.098484426736831665,0.071999989449977875,-0.71858197450637817,0.034681491553783417,0,-0.030111117288470268,0.29690572619438171,0,-0.24502016603946686,8
0.10014974325895309,0.071999989449977875,-0.7222515344619751,0.023402798920869827,0,-0.027435868978500366,0.092737428843975067,0,-0.29950550198554993,8
0.32988530397415161,0.071999989449977875,-0.72813498973846436,-0.011889301240444183,0,-0.026616349816322327,0.1938556432723999,0,-0.35019385814666748,8
0.41101866960525513,0.071999989449977875,-0.55956381559371948,-0.055774159729480743,0,0.011464218609035015,0.073543258011341095,0,0.14554469287395477,8
0.7313154935836792,0.071999989449977875,-0.7281227707862854,-2.5687739253044128e-05,0,-0.010179758071899414,0.015268697403371334,0,-0.31518664956092834,8
0.92800003290176392,0.071999989449977875,-0.53176754713058472,0,0,-0.021429866552352905,0,0,-0.40747848153114319,8
-0.92800003290176392,0.071999989449977875,-0.53573065996170044,0,0,-0.0041097803041338921,0,0,-0.27855679392814636,8
-0.53470331430435181,0.071999989449977875,-0.39276692271232605,0.013227969408035278,0,-0.034736890345811844,-0.6664121150970459,0,-0.19797076284885406,8
-0.35387700796127319,0.071999989449977875,-0.37351009249687195,0.016657205298542976,0,0.039587236940860748,-0.44117066264152527,0,-0.70356440544128418,8
-0.27947890758514404,0.071999989449977875,-0.54951763153076172,0.0056788497604429722,0,0.019781611859798431,0.1186290830373764,0,-0.1567050963640213,8
-0.17187228798866272,0.071999989449977875,-0.38564306497573853,0.015976021066308022,0,-0.00016895122826099396,-0.48471778631210327,0,-1.2060811519622803,8
0.17913620173931122,0.071999989449977875,-0.39416041970252991,0.003740599611774087,0,0.023787422105669975,0.47073933482170105,0,-1.1170217990875244,8
0.27649572491645813,0.071999989449977875,-0.55168008804321289,0.02713872492313385,0,0.023276841267943382,0.21175524592399597,0,-0.25324371457099915,8
0.36272552609443665,0.071999989449977875,-0.36235970258712769,0.017403952777385712,0,0.016078546643257141,0.86877763271331787,0,-0.19879034161567688,8
0.55370157957077026,0.071999989449977875,-0.41499790549278259,-0.00011238665319979191,0,0.043762225657701492,0.097756445407867432,0,0.38066881895065308,8
0.92800003290176392,0.071999989449977875,-0.53176754713058472,0,0,-0.021429866552352905,0,0,-0.40747848153114319,8
-0.92800003290176392,0.071999989449977875,-0.176561638712883,0,0,0.012942780740559101,0,0,-0.072747707366943359,8
-0.72073566913604736,0.071999989449977875,-0.40864035487174988,-0.0176848154515028,0,0.00096438772743567824,0.0075057703070342541,0,-0.17324064671993256,8
-0.51682418584823608,0.071999989449977875,-0.22781889140605927,-0.014537891373038292,0,-0.061857908964157104,-0.26917937397956848,0,-0.053739394992589951,8
-0.20882125198841095,0.071999989449977875,-0.21723164618015289,0.016165230423212051,0,0.020093433558940887,-1.6046836376190186,0,-0.67405152320861816,8
-0.060683600604534149,0.071999989449977875,-0.21878409385681152,0.079936131834983826,0,0.12370256334543228,-0.1822563111782074,0,-0.21564310789108276,8
0.099488429725170135,0.071999989449977875,-0.22769059240818024,-0.094856947660446167,0,0.078310437500476837,0.37350675463676453,0,-0.1570764034986496,8
0.23968632519245148,0.071999989449977875,-0.20832048356533051,0.01353264506906271,0,0.0073808836750686169,1.1549392938613892,0,-0.38069501519203186,8
0.55265098810195923,0.071999989449977875,-0.27446144819259644,0.010084306821227074,0,-0.033362835645675659,0.41913318634033203,0,-0.30677926540374756,8
0.72740286588668823,0.071999989449977875,-0.32998102903366089,0.021827161312103271,0,0.012945457361638546,0.23357440531253815,0,-0.049265749752521515,8
0.92800003290176392,0.071999989449977875,-0.36004737019538879,0,0,0.0011425978736951947,0,0,-0.19031095504760742,8
-0.92800003290176392,0.071999989449977875,-0.18614941835403442,0,0,-0.023151785135269165,0,0,-0.88351458311080933,8
-0.71689522266387939,0.071999989449977875,-0.072989270091056824,-0.028578165918588638,0,-0.034351885318756104,-0.47192391753196716,0,-0.44654083251953125,8
-0.35427865386009216,0.071999989449977875,-0.1949155330657959,-0.046116337180137634,0,0.027833953499794006,-1.2464621067047119,0,-0.24619704484939575,8
-0.36967867612838745,0.071999989449977875,-0.037870444357395172,-0.021507088094949722,0,0.021840780973434448,-1.5401842594146729,0,-0.65010106563568115,8
-0.16767673194408417,0.071999989449977875,-0.066067516803741455,0.070970363914966583,0,0.002280509565025568,-0.16658125817775726,0,-0.10518819838762283,8
0.008011610247194767,0.071999989449977875,-0.079347267746925354,0.00093631935305893421,0,0.092201098799705505,0.82865732908248901,0,0.70424234867095947,8
0.2020132839679718,0.071999989449977875,-0.065756648778915405,-0.072150088846683502,0,0.078701652586460114,0.4819871187210083,0,0.20850172638893127,8
0.38332554697990417,0.071999989449977875,-0.17578998208045959,0.017243118956685066,0,0.039751648902893066,1.1497770547866821,0,-0.019731445237994194,8
0.71924322843551636,0.071999989449977875,-0.11584120988845825,0.025397654622793198,0,0.010045120492577553,-0.10360545665025711,0,0.32295867800712585,8
0.92800003290176392,0.071999989449977875,-0.17969785630702972,0,0,-0.0040661031380295753,0,0,-0.069860376417636871,8
-0.92800003290176392,0.071999989449977875,0.36144131422042847,0,0,0.0091047398746013641,0,0,0.16815510392189026,8
-0.7222064733505249,0.071999989449977875,0.10545847564935684,-0.021626666188240051,0,-0.015114606358110905,-0.19362257421016693,0,-0.15116119384765625,8
-0.39111050963401794,0.071999989449977875,0.14810274541378021,-0.063507720828056335,0,0.0056859562173485756,-0.94046783447265625,0,0.37495866417884827,8
-0.2542271614074707,0.071999989449977875,0.072532817721366882,0.091970168054103851,0,-0.10773991048336029,-0.27556321024894714,0,0.44544649124145508,8
-0.079469062387943268,0.071999989449977875,0.078184984624385834,0.13390414416790009,0,-0.094462357461452484,0.31966006755828857,0,0.7403596043586731,8
0.08886321634054184,0.071999989449977875,0.051590576767921448,-0.076017402112483978,0,-0.08062899112701416,-0.19773690402507782,0,-0.33607965707778931,8
0.24858781695365906,0.071999989449977875,0.10827324539422989,-0.076679706573486328,0,-0.058159541338682175,0.26670834422111511,0,-0.69665974378585815,8
0.39951387047767639,0.071999989449977875,0.17339934408664703,0.007527567446231842,0,-0.0041265119798481464,1.2798894643783569,0,0.62774872779846191,8
0.72914814949035645,0.071999989449977875,0.086151517927646637,0.023147821426391602,0,-0.00043737736996263266,-0.27410799264907837,0,0.033069569617509842,8
0.92800003290176392,0.071999989449977875,0.17886775732040405,0,0,-0.0085302181541919708,0,0,-0.089910991489887238,8
-0.92800003290176392,0.071999989449977875,0.18670904636383057,0,0,0.0091869384050369263,0,0,0.086999483406543732,8
-0.72339081764221191,0.071999989449977875,0.35307484865188599,-0.026349201798439026,0,0.035763740539550781,-0.34565773606300354,0,0.41035822033882141,8
-0.50318741798400879,0.071999989449977875,0.28667202591896057,0.038454361259937286,0,0.044960092753171921,-0.33624750375747681,0,-0.17942066490650177,8
-0.22287380695343018,0.071999989449977875,0.20944662392139435,-0.07055460661649704,0,-0.050827663391828537,-1.0927330255508423,0,0.57691305875778198,8
-0.10017035901546478,0.071999989449977875,0.28236377239227295,0.023061975836753845,0,-0.28455394506454468,-0.074429452419281006,0,-0.1920693963766098,8
0.034701552242040634,0.071999989449977875,0.20767079293727875,0.070085242390632629,0,-0.11176212131977081,0.61473870277404785,0,-0.49828803539276123,8
0.19148553907871246,0.071999989449977875,0.22375591099262238,-0.043437328189611435,0,0.037489701062440872,0.3632366955280304,0,0.62935179471969604,8
0.55226713418960571,0.071999989449977875,0.27239891886711121,-0.0015973674599081278,0,0.013061806559562683,0.030910912901163101,0,-0.10029041767120361,8
0.72930854558944702,0.071999989449977875,0.31856808066368103,0.01913108304142952,0,-0.01401141844689846,0.29384335875511169,0,0.52013754844665527,8
0.92800003290176392,0.071999989449977875,0.17886775732040405,0,0,-0.0085302097722887993,0,0,-0.089911103248596191,8
-0.92800003290176392,0.071999989449977875,0.53646302223205566,0,0,0.0078529864549636841,0,0,0.21689920127391815,8
-0.5528377890586853,0.071999989449977875,0.44456678628921509,0.0033077527768909931,0,0.028240550309419632,-0.24000237882137299,0,0.68165576457977295,8
-0.35522541403770447,0.071999989449977875,0.35430371761322021,0.0025032390840351582,0,0.050802502781152725,-0.3732459545135498,0,1.0227481126785278,8
-0.2429574728012085,0.071999989449977875,0.57662272453308105,0.078639961779117584,0,0.014510045759379864,0.018582789227366447,0,0.031410761177539825,8
-0.20313169062137604,0.071999989449977875,0.41719585657119751,0.057054284960031509,0,-0.093255549669265747,0.11728326976299286,0,0.87358427047729492,8
0.19410170614719391,0.071999989449977875,0.37820935249328613,-0.069419905543327332,0,0.02369438111782074,0.56377685070037842,0,0.087324842810630798,8
0.28970855474472046,0.071999989449977875,0.55381244421005249,0.008912891149520874,0,0.0012683994136750698,0.46610462665557861,0,0.2138843834400177,8
0.36791568994522095,0.071999989449977875,0.35613322257995605,-0.042794708162546158,0,0.019342537969350815,0.32776179909706116,0,0.39817941188812256,8
0.55934691429138184,0.071999989449977875,0.40381020307540894,-0.035638168454170227,0,-0.041058722883462906,0.088054344058036804,0,0.10855849087238312,8
0.92800003290176392,0.071999989449977875,0.53095912933349609,0,0,0.0017026917776092887,0,0,0.074335962533950806,8
-0.92800003290176392,0.071999989449977875,0.53646296262741089,0,0,0.0078529845923185349,0,0,0.21689920127391815,8
-0.7174837589263916,0.071999989449977875,0.73438543081283569,0.020839745178818703,0,0.022752257063984871,-0.078533343970775604,0,0.48491641879081726,8
-0.38765227794647217,0.071999989449977875,0.54209679365158081,0.079984396696090698,0,-0.039102613925933838,-0.53824871778488159,0,0.0030980629380792379,8
-0.3164735734462738,0.071999989449977875,0.72900992631912231,0.027859020978212357,0,0.02187192440032959,-0.57999080419540405,0,0.53312528133392334,8
-0.066075220704078674,0.071999989449977875,0.73020577430725098,0.040776614099740982,0,0.01509493961930275,0.21348951756954193,0,-0.010569886304438114,8
0.14053481817245483,0.071999989449977875,0.71398156881332397,0.024745138362050056,0,0.02176273986697197,-0.06945490837097168,0,0.39928984642028809,8
0.34509328007698059,0.071999989449977875,0.7316930890083313,0.035935357213020325,0,0.020951114594936371,0.37399390339851379,0,0.43148481845855713,8
0.42573028802871704,0.071999989449977875,0.55581438541412354,-0.054512619972229004,0,-0.010127739980816841,0.27364566922187805,0,0.18977521359920502,8
0.72860890626907349,0.071999989449977875,0.73144698143005371,0.0096868239343166351,0,-0.0063832364976406097,0.19737978279590607,0,-0.047977842390537262,8
0.92800003290176392,0.071999989449977875,0.53095918893814087,0,0,0.001701625413261354,0,0,0.074166864156723022,8
-0.92800003290176392,0.071999989449977875,0.92800003290176392,0,0,0,0,0,0,8
-0.53369051218032837,0.071999989449977875,0.92800003290176392,0.003625854616984725,0,0,-0.019880358129739761,0,0,8
-0.53369027376174927,0.071999989449977875,0.92800003290176392,0.0036279056221246719,0,0,-0.019918236881494522,0,0,8
-0.18147335946559906,0.071999989449977875,0.92800003290176392,0.0091519337147474289,0,0,0.01266446802765131,0,0,8
-0.18147338926792145,0.071999989449977875,0.92800003290176392,0.0091519281268119812,0,0,0.012664551846683025,0,0,8
0.17487859725952148,0.071999989449977875,0.92800003290176392,0.009874952957034111,0,0,0.25977000594139099,0,0,8
0.17487862706184387,0.071999989449977875,0.92800003290176392,0.0098748328164219856,0,0,0.25977221131324768,0,0,8
0.53191137313842773,0.071999989449977875,0.92800003290176392,0.0062501975335180759,0,0,0.2076776921749115,0,0,8
0.53191137313842773,0.071999989449977875,0.92800003290176392,0.0062501975335180759,0,0,0.2076776921749115,0,0,8
0.92800003290176392,0.071999989449977875,0.92800003290176392,0,0,0,0,0,0,8
-0.92800003290176392,0.071999989449977875,-0.92800003290176392,0,0,0,0,0,0,8
-0.92800003290176392,0.071999989449977875,-0.92800003290176392,0,0,0,0,0,0,8
-0.53136628866195679,0.071999989449977875,-0.92800003290176392,-0.0079339472576975822,0,0,0.03105279803276062,0,0,8
-0.35768476128578186,0.071999989449977875,-0.92800003290176392,-0.011073521338403225,0,0,-0.10962493717670441,0,0,8
0.18060077726840973,0.071999989449977875,-0.92800003290176392,-0.0036769814323633909,0,0,0.0087471650913357735,0,0,8
0.0010213686618953943,0.071999989449977875,-0.92800003290176392,0.0056816209107637405,0,0,0.11697056889533997,0,0,8
0.35894876718521118,0.071999989449977875,-0.92800003290176392,0.0053805387578904629,0,0,0.19172859191894531,0,0,8
0.53307020664215088,0.071999989449977875,-0.92800003290176392,0.011865935288369656,0,0,0.19569750130176544,0,0,8
0.71974188089370728,0.071999989449977875,-0.92800003290176392,0.013399526476860046,0,0,0.062743768095970154,0,0,8
0.92800003290176392,0.071999989449977875,-0.92800003290176392,0,0,0,0,0,0,8
-0.92800003290176392,0.071999989449977875,-0.71995091438293457,0,0,-0.020986549556255341,0,0,-0.15046906471252441,8
-0.71520239114761353,0.29647627472877502,-0.70732450485229492,0.049528546631336212,-0.097001761198043823,0.032179877161979675,0.52806365489959717,-0.04926256462931633,0.11788135021924973,8
-0.50310784578323364,0.071999989449977875,-0.70691782236099243,0.048436086624860764,0,-0.025067348033189774,0.28404781222343445,0,-0.02444889210164547,8
-0.37705597281455994,0.28616172075271606,-0.70402443408966064,0.062085188925266266,-0.057844273746013641,0.016297366470098495,0.91290163993835449,0.53464919328689575,0.59140068292617798,8
-0.14280346035957336,0.071999989449977875,-0.54793930053710938,0.019840937107801437,0,-0.0059722885489463806,-0.3103891909122467,0,-0.21401505172252655,8
0.1476965993642807,0.071999989449977875,-0.55309391021728516,-0.019361509010195732,0,-0.0041539296507835388,0.017374232411384583,0,-0.76666361093521118,8
0.31663590669631958,0.26693791151046753,-0.66266822814941406,-0.036411866545677185,-0.0007603280246257782,0.0095962556079030037,0.076018378138542175,0.89578282833099365,0.23800691962242126,8
0.54527699947357178,0.071999989449977875,-0.71164309978485107,-0.035282574594020844,0,-0.015036482363939285,-0.48716363310813904,0,-0.0141722047701478,8
0.69243836402893066,0.27836456894874573,-0.71461606025695801,-0.058501929044723511,-0.096911802887916565,0.051622346043586731,-0.48245427012443542,-0.19036753475666046,0.31017833948135376,8
0.92800003290176392,0.071999989449977875,-0.92800003290176392,0,0,0,0,0,0,8
-0.92800003290176392,0.071999989449977875,-0.53573060035705566,0,0,-0.0041084764525294304,0,0,-0.2785809338092804,8
-0.71128404140472412,0.071999989449977875,-0.58699327707290649,-0.0035385368391871452,0,0.017884328961372375,0.29836884140968323,0,0.076274417340755463,8
-0.54267233610153198,0.071999989449977875,-0.53429746627807617,0.022784005850553513,0,-0.034855864942073822,0.16392576694488525,0,0.16943691670894623,8
-0.27736756205558777,0.30410009622573853,-0.52450281381607056,0.064362511038780212,0.020907893776893616,0.14881391823291779,0.66359543800354004,0.61772119998931885,0.8168414831161499,8
-0.00026448379503563046,0.071999989449977875,-0.55370819568634033,-0.0027754500042647123,0,0.028934501111507416,0.25278884172439575,0,-0.27316376566886902,8
0.005574558861553669,0.071999989449977875,-0.38614016771316528,0.0095542706549167633,0,0.031223028898239136,-0.39790171384811401,0,-1.7821139097213745,8
0.28762850165367126,0.30162486433982849,-0.46663698554039001,-0.06379331648349762,-0.068756550550460815,0.14708259701728821,-0.73077809810638428,0.25984436273574829,0.94247502088546753,8
0.52507191896438599,0.071999989449977875,-0.53294456005096436,-0.018379524350166321,0,-0.0031268054153770208,-0.090151585638523102,0,-0.27852782607078552,8
0.70768320560455322,0.071999989449977875,-0.54300963878631592,0.022441130131483078,0,0.035577248781919479,0.030858421698212624,0,0.50278210639953613,8
0.92800003290176392,0.071999989449977875,-0.53176742792129517,0,0,-0.021429926156997681,0,0,-0.40747728943824768,8
-0.92800003290176392,0.071999989449977875,-0.35678505897521973,0,0,-0.0086447419598698616,0,0,-0.033333458006381989,8
-0.65716379880905151,0.27181577682495117,-0.39042168855667114,0.027251500636339188,-0.038759529590606689,0.072101101279258728,0.10924452543258667,0.71203482151031494,0.60361891984939575,8
-0.48174673318862915,0.29568153619766235,-0.26477602124214172,0.16077980399131775,-0.065649412572383881,0.049826823174953461,1.2255386114120483,0.91571015119552612,1.0735601186752319,8
-0.27478078007698059,0.29451340436935425,-0.28628742694854736,0.15240955352783203,-0.063638724386692047,0.14763109385967255,0.83758878707885742,1.1193305253982544,0.98457473516464233,8
-0.10901693254709244,0.34023404121398926,-0.21052661538124084,0.084839046001434326,0.13927987217903137,0.13099208474159241,1.1567866802215576,-0.19739805161952972,1.4984304904937744,8
0.071556918323040009,0.35652035474777222,-0.21434152126312256,0.017483096569776535,0.28990945219993591,0.21672046184539795,0.17552961409091949,0.32416549324989319,0.63881498575210571,8
0.23675389587879181,0.28911975026130676,-0.26559785008430481,-0.1728043258190155,-0.11582733690738678,0.12172461301088333,-0.85017752647399902,-0.12348867207765579,1.1474342346191406,8
0.45703873038291931,0.29308426380157471,-0.27435299754142761,-0.15831403434276581,-0.014112930744886398,0.060985472053289413,-1.2028627395629883,0.88823550939559937,0.6630440354347229,8
0.65645486116409302,0.26705953478813171,-0.39520800113677979,-0.010023195296525955,-0.020807638764381409,0.048133384436368942,0.19296163320541382,0.69822144508361816,0.017858369275927544,8
0.92800003290176392,0.071999989449977875,-0.17969779670238495,0,0,-0.0040657236240804195,0,0,-0.069867461919784546,8
-0.92800003290176392,0.071999989449977875,0.18693727254867554,0,0,0.0043527856469154358,0,0,0.083874113857746124,8
-0.70551210641860962,0.071999989449977875,-0.23525446653366089,-0.041946291923522949,0,-0.022474119439721107,-0.27264630794525146,0,-0.38744053244590759,8
-0.53723627328872681,0.071999989449977875,-0.10303833335638046,0.021622693166136742,0,0.047453630715608597,-1.0350757837295532,0,0.21561449766159058,8
-0.2379588782787323,0.33812671899795532,-0.093175619840621948,0.15740966796875,0.049532927572727203,0.048197843134403229,0.37246984243392944,-1.3672425746917725,-0.077951245009899139,8
-0.034854691475629807,0.38740381598472595,-0.089268513023853302,0.098589017987251282,0.69299298524856567,0.15683385729789734,-0.40651670098304749,3.0944304466247559,-0.21095795929431915,8
0.079181812703609467,0.39117464423179626,-0.050369273871183395,-0.17950887978076935,0.72736835479736328,0.12175490707159042,0.53744626045227051,3.4495799541473389,0.56810837984085083,8
0.24786987900733948,0.32920119166374207,-0.090698756277561188,-0.14260713756084442,-0.022018909454345703,0.029172163456678391,-0.5558927059173584,-1.7354940176010132,0.58113813400268555,8
0.38211411237716675,0.071999989449977875,-0.0042835334315896034,-0.010479140095412731,0,0.0093302670866250992,1.5654661655426025,0,-0.45252829790115356,8
0.53688549995422363,0.071999989449977875,-0.14472891390323639,-0.0051467311568558216,0,0.020348941907286644,0.37166669964790344,0,-0.0028671694453805685,8
0.92800003290176392,0.071999989449977875,-0.17969784140586853,0,0,-0.0040657669305801392,0,0,-0.069866649806499481,8
-0.92800003290176392,0.071999989449977875,0.0034316449891775846,0,0,0.014665915630757809,0,0,0.35744032263755798,8
-0.61000907421112061,0.071999989449977875,0.20658320188522339,-0.068070679903030396,0,0.036832369863986969,-0.54641938209533691,0,0.12232682853937149,8
-0.53531461954116821,0.071999989449977875,0.05236351490020752,-0.038088243454694748,0,0.049276556819677353,-0.1720682829618454,0,0.29709529876708984,8
-0.24234288930892944,0.32830289006233215,0.11301010102033615,0.16364559531211853,-0.039178349077701569,-0.10417003184556961,1.2988771200180054,-1.879327654838562,-0.28875207901000977,8
-0.088217124342918396,0.38975709676742554,0.030740434303879738,0.17573666572570801,0.72856259346008301,-0.033034402877092361,-0.31439241766929626,3.77099609375,0.18103200197219849,8
0.03161923959851265,0.39331847429275513,0.075591824948787689,-0.059934142976999283,0.73851466178894043,-0.22107166051864624,0.45323148369789124,3.4809598922729492,0.31725344061851501,8
0.19424845278263092,0.36508482694625854,0.090258419513702393,-0.12631449103355408,0.40342938899993896,-0.035853154957294464,-0.55306500196456909,0.93681865930557251,-0.58345627784729004,8
0.55803096294403076,0.071999989449977875,-0.0030752073507755995,-0.023334989324212074,0,0.050409972667694092,0.13321977853775024,0,0.86863791942596436,8
0.56237286329269409,0.071999989449977875,0.14673742651939392,0.021084785461425781,0,0.017033414915204048,0.30393803119659424,0,0.2940918505191803,8
0.92800003290176392,0.071999989449977875,-0.0011545370798557997,0,0,0.0032594460062682629,0,0,-0.12195516377687454,8
-0.92800003290176392,0.071999989449977875,0.18615205585956573,0,0,0.016210198402404785,0,0,0.16458556056022644,8
-0.66466814279556274,0.27454093098640442,0.32578107714653015,0.046079892665147781,-0.045836478471755981,-0.0329701267182827,0.23310384154319763,0.75876450538635254,-0.14008606970310211,8
-0.45940089225769043,0.30056610703468323,0.2881644070148468,0.14333248138427734,-0.028663057833909988,-0.042232595384120941,0.96716850996017456,0.37353166937828064,-0.67784953117370605,8
-0.24775241315364838,0.29918444156646729,0.28503897786140442,0.15661846101284027,-0.1015658900141716,-0.19477547705173492,1.3349454402923584,-0.1139976754784584,-1.7110450267791748,8
-0.085529252886772156,0.36340844631195068,0.186362624168396,0.031061924993991852,0.38275596499443054,-0.17451266944408417,0.22917446494102478,0.77286773920059204,-0.91687643527984619,8
0.091253176331520081,0.34098100662231445,0.22416828572750092,-0.031342264264822006,0.093712098896503448,-0.15568754076957703,-0.22453765571117401,-1.7495317459106445,-0.81106913089752197,8
0.25629791617393494,0.29422566294670105,0.25722581148147583,-0.12737178802490234,-0.13246448338031769,-0.18431085348129272,-1.2339158058166504,-0.25179436802864075,-2.019855260848999,8
0.46718934178352356,0.30096784234046936,0.28882628679275513,-0.15784049034118652,-0.048680126667022705,-0.071959041059017181,-0.40632915496826172,0.67341303825378418,-0.57594156265258789,8
0.67769259214401245,0.27138251066207886,0.3753294050693512,-0.012623107060790062,-0.013552822172641754,-0.063306421041488647,-0.36407837271690369,1.0884557962417603,-0.270994633436203,8
0.92800003290176392,0.071999989449977875,0.36061716079711914,0,0,0.004362983163446188,0,0,0.053098563104867935,8
-0.92800003290176392,0.071999989449977875,0.53646308183670044,0,0,0.0078531559556722641,0,0,0.21689605712890625,8
-0.71308314800262451,0.071999989449977875,0.56007492542266846,-0.00010365061461925507,0,0.013026202097535133,0.066641271114349365,0,-0.50219535827636719,8
-0.53029721975326538,0.071999989449977875,0.53477096557617188,0.050408069044351578,0,0.041006661951541901,0.28321096301078796,0,0.38843709230422974,8
-0.26603060960769653,0.30617979168891907,0.49175742268562317,0.091773808002471924,-0.051256280392408371,-0.14838242530822754,0.61686354875564575,0.72891318798065186,-0.71548527479171753,8
0.022472921758890152,0.071999989449977875,0.55348867177963257,-0.01729314960539341,0,-0.012000791728496552,-0.8307759165763855,0,0.53418946266174316,8
0.022080356255173683,0.071999989449977875,0.39021530747413635,-0.1384240984916687,0,-0.0094018867239356041,0.87886732816696167,0,1.7813539505004883,8
0.32450124621391296,0.30203640460968018,0.45908883213996887,-0.095336489379405975,-0.045677747577428818,-0.12044982612133026,-0.71829819679260254,0.38192766904830933,-0.67846739292144775,8
0.5401952862739563,0.071999989449977875,0.51889294385910034,-0.011852730065584183,0,-0.0030698531772941351,0.34376832842826843,0,0.4687352180480957,8
0.71137785911560059,0.071999989449977875,0.5459362268447876,0.021702239289879799,0,-0.036711569875478745,0.19071033596992493,0,-0.24608908593654633,8
0.92800003290176392,0.071999989449977875,0.53095906972885132,0,0,0.0017026937566697598,0,0,0.07433590292930603,8
-0.92800003290176392,0.071999989449977875,0.72060555219650269,0,0,0.022694751620292664,0,0,0.23868611454963684,8
-0.71421265602111816,0.29035422205924988,0.70225393772125244,0.043757915496826172,-0.090488247573375702,-0.044608902186155319,0.39609876275062561,-0.20983433723449707,-0.52382594347000122,8
-0.52744424343109131,0.071999989449977875,0.70638120174407959,0.056729108095169067,0,0.01993216946721077,0.54783135652542114,0,0.24741135537624359,8
-0.38462051749229431,0.2683870792388916,0.67289161682128906,0.085845649242401123,-0.016994612291455269,-0.017539789900183678,0.5569155216217041,1.4022890329360962,-0.19152575731277466,8
-0.12418736517429352,0.071999989449977875,0.5673825740814209,0.014642511494457722,0,0.010629106312990189,-0.0039665680378675461,0,0.24276700615882874,8
0.15853072702884674,0.071999989449977875,0.53366374969482422,-0.031425710767507553,0,0.0044044353999197483,0.059433724731206894,0,0.71296596527099609,8
0.32625043392181396,0.26998031139373779,0.66268587112426758,-0.061057958751916885,-0.0086630918085575104,-0.024630207568407059,-0.47863033413887024,1.0735244750976562,-0.15374751389026642,8
0.54553604125976562,0.071999989449977875,0.70933741331100464,0.0074819512665271759,0,-0.0025903088971972466,-0.15405328571796417,0,0.036672331392765045,8
0.70673799514770508,0.29012161493301392,0.71410346031188965,-0.055648118257522583,-0.059204481542110443,-0.060937058180570602,-0.48285773396492004,0.33016112446784973,-0.54495948553085327,8
0.92800003290176392,0.071999989449977875,0.92800003290176392,0,0,0,0,0,0,8
-0.92800003290176392,0.071999989449977875,0.92800003290176392,0,0,0,0,0,0,8
-0.92800003290176392,0.071999989449977875,0.92800003290176392,0,0,0,0,0,0,8
-0.53369045257568359,0.071999989449977875,0.92800003290176392,0.0036259125918149948,0,0,-0.019881397485733032,0,0,8
-0.3621833324432373,0.071999989449977875,0.92800003290176392,0.0026105127763003111,0,0,-0.03130146861076355,0,0,8
0.17487862706184387,0.071999989449977875,0.92800003290176392,0.0098748411983251572,0,0,0.25977209210395813,0,0,8
-0.0023118071258068085,0.071999989449977875,0.92800003290176392,0.0065169734880328178,0,0,0.35401251912117004,0,0,8
0.35611698031425476,0.071999989449977875,0.92800003290176392,0.0064073768444359303,0,0,0.27634936571121216,0,0,8
0.53191137313842773,0.071999989449977875,0.92800003290176392,0.0062501966021955013,0,0,0.20767770707607269,0,0,8
0.71971225738525391,0.071999989449977875,0.92800003290176392,0.019378837198019028,0,0,0.19481709599494934,0,0,8
0.92800003290176392,0.071999989449977875,0.92800003290176392,0,0,0,0,0,0,8
-0.92800003290176392,0.071999989449977875,-0.92800003290176392,0,0,0,0,0,0,8
-0.72158843278884888,0.071999989449977875,-0.92800003290176392,-0.020128080621361732,0,0,-0.02714870311319828,0,0,8
-0.47562849521636963,0.2829100489616394,-0.92800003290176392,-0.0010829905513674021,-0.022965181618928909,0,-0.28958868980407715,0.00014936549996491522,0,8
-0.29118219017982483,0.26667016744613647,-0.92800003290176392,0.0028552182484418154,-0.027341322973370552,0,0.23027040064334869,0.19803033769130707,0,8
-0.17686662077903748,0.071999989449977875,-0.92800003290176392,-0.0031272843480110168,0,0,-0.021529378369450569,0,0,8
0.082457102835178375,0.26779711246490479,-0.92800003290176392,0.012878350913524628,-0.028070265427231789,0,0.17782217264175415,-0.051996350288391113,0,8
0.27340120077133179,0.2736859917640686,-0.92800003290176392,0.018700834363698959,-0.044793270528316498,0,-0.46062120795249939,0.14304320514202118,0,8
0.45130231976509094,0.27290499210357666,-0.92800003290176392,0.027446050196886063,-0.024650046601891518,0,0.20226459205150604,0.24331216514110565,0,8
0.68726038932800293,0.2528461217880249,-0.92800003290176392,0.02928464487195015,-0.01523873396217823,0,-0.2155299037694931,0.44965046644210815,0,8
0.92800003290176392,0.071999989449977875,-0.92800003290176392,0,0,0,0,0,0,8
-0.92800003290176392,0.25419574975967407,-0.68805915117263794,0,-0.023611091077327728,-0.024030581116676331,0,0.41181126236915588,-0.090344727039337158,8
-0.92800003290176392,0.42649221420288086,-0.92800003290176392,0,-0.019042996689677238,0,0,0.16973035037517548,0,8
-0.54435276985168457,0.29833999276161194,-0.68287456035614014,0.023622533306479454,-0.0446896031498909,0.030204113572835922,0.23786364495754242,0.42256748676300049,0.42647814750671387,8
-0.1937042772769928,0.31912168860435486,-0.70565551519393921,0.042376335710287094,-0.079983390867710114,0.014027164317667484,-0.10575893521308899,-0.41591918468475342,0.037744320929050446,8
-0.038543231785297394,0.27550479769706726,-0.65660792589187622,0.032406382262706757,-0.019791007041931152,0.07646217942237854,-0.6139906644821167,1.2527972459793091,0.22476418316364288,8
0.12568126618862152,0.30346661806106567,-0.69303500652313232,0.022524503991007805,-0.01431211456656456,0.06896664947271347,0.013780965469777584,0.25390061736106873,0.33003371953964233,8
0.25963935256004333,0.43230921030044556,-0.70195072889328003,-0.022532101720571518,-0.10421285778284073,-0.016647335141897202,-0.44694265723228455,-1.0159058570861816,-0.61192643642425537,8
0.50753909349441528,0.3035348653793335,-0.70136308670043945,-0.0041801789775490761,-0.03032844141125679,0.045000776648521423,-0.55549818277359009,0.25058135390281677,0.43246403336524963,8
0.92800003290176392,0.52159696817398071,-0.92800003290176392,0,0.028372148051857948,0,0,-0.28475308418273926,0,8
0.92800003290176392,0.071999989449977875,-0.71931546926498413,0,0,-0.023576531559228897,0,0,-0.13525949418544769,8
-0.92800003290176392,0.28030133247375488,-0.46524742245674133,0,-0.022189131006598473,0.0083678364753723145,0,0.36581087112426758,-0.24457207322120667,8
-0.69305986166000366,0.31923866271972656,-0.53533440828323364,0.0444834865629673,-0.050162427127361298,-0.001058733556419611,0.36525997519493103,0.0077484543435275555,-0.17927031219005585,8
-0.46801578998565674,0.31015512347221375,-0.46691137552261353,0.052906174212694168,0.0022679790854454041,0.033958993852138519,-0.0052011380903422832,0.027670616284012794,-0.10406824946403503,8
-0.22746025025844574,0.50300800800323486,-0.37263005971908569,-0.0079377228394150734,0.012423104606568813,-0.0068477094173431396,-0.33253434300422668,-0.19644802808761597,-0.044771429151296616,8
-0.10835595428943634,0.29047909379005432,-0.4265284538269043,0.037831630557775497,-0.055000774562358856,0.19357915222644806,0.080367468297481537,0.95389562845230103,1.3203897476196289,8
0.092546634376049042,0.2965485155582428,-0.44652119278907776,-0.069848746061325073,-0.063935503363609314,0.16241563856601715,0.14343155920505524,0.6411815881729126,0.82360172271728516,8
0.19404377043247223,0.48413071036338806,-0.37276959419250488,-0.0030780876986682415,0.0042103235609829426,-0.0087072625756263733,0.5370519757270813,-0.45086047053337097,-0.048104520887136459,8
0.4814700186252594,0.31964248418807983,-0.49602353572845459,-0.053140655159950256,-0.015847358852624893,0.068676747381687164,-0.40069586038589478,0.092890925705432892,-0.042384486645460129,8
0.70459085702896118,0.30622270703315735,-0.55819892883300781,-0.042166434228420258,-0.062793552875518799,-0.0097764227539300919,-0.30924537777900696,-0.32156220078468323,0.11067743599414825,8
0.92800003290176392,0.28476846218109131,-0.48226115107536316,0,-0.020874578505754471,0.02707386389374733,0,-0.077329590916633606,-0.12827888131141663,8
-0.92800003290176392,0.26559638977050781,-0.28569549322128296,0,-0.029665932059288025,0.00053198018576949835,0,0.067323669791221619,0.28326314687728882,8
-0.70042473077774048,0.31207370758056641,-0.22534289956092834,0.043829835951328278,-0.052101887762546539,0.049884423613548279,0.18219004571437836,0.68534570932388306,0.30951482057571411,8
-0.37142959237098694,0.47303035855293274,-0.2148236483335495,0.0071540325880050659,0.012638360261917114,-0.041332785040140152,0.05257062241435051,-0.38487148284912109,-0.62830179929733276,8
0.37256744503974915,0.48118546605110168,-0.20933084189891815,0.0071732848882675171,0.031015325337648392,-0.025360250845551491,0.053160261362791061,-0.51466840505599976,0.4428781270980835,8
0.68721491098403931,0.29468244314193726,-0.2302500307559967,-0.07566581666469574,-0.054245047271251678,0.097725078463554382,0.079552076756954193,0.24894697964191437,0.43525925278663635,8
0.92800003290176392,0.26361334323883057,-0.29862761497497559,0,-0.060395441949367523,0.0086796795949339867,0,0.022121964022517204,0.78840219974517822,8
-0.92800003290176392,0.071999989449977875,-0.16691794991493225,0,0,0.047759819775819778,0,0,0.73398196697235107,8
-0.67608791589736938,0.28269073367118835,-0.040706232190132141,0.068316280841827393,-0.01529899425804615,0.014225169084966183,0.92932212352752686,1.2806912660598755,0.014600184746086597,8
-0.47042688727378845,0.29765328764915466,-0.068743802607059479,0.10738521814346313,-0.08563830703496933,0.017692122608423233,1.3876329660415649,0.32965978980064392,-0.24637687206268311,8
0.5057605504989624,0.30724498629570007,-0.088202677667140961,-0.12381459772586823,-0.038255907595157623,0.077730320394039154,-1.2235791683197021,0.51952552795410156,0.22406435012817383,8
0.69769644737243652,0.28828528523445129,-0.02524787001311779,-0.053960815072059631,-0.03625989705324173,-0.024874301627278328,-0.13489711284637451,0.54492831230163574,-0.2663625180721283,8
0.92800003290176392,0.27184617519378662,-0.087729483842849731,0,-0.025583850219845772,-0.0082537485286593437,0,-0.037177592515945435,-0.31566071510314941,8
-0.92800003290176392,0.26831626892089844,0.080673433840274811,0,-0.02823193371295929,0.016692526638507843,0,0.11166460067033768,0.38728249073028564,8
-0.68760097026824951,0.30044806003570557,0.15548920631408691,0.053726233541965485,-0.034507568925619125,0.039716213941574097,0.31768104434013367,0.49236604571342468,-0.15223076939582825,8
-0.48069366812705994,0.3046841025352478,0.11115727573633194,0.085829921066761017,-0.066324688494205475,-0.038965579122304916,0.71876561641693115,0.20340999960899353,-0.11456060409545898,8
0.40690040588378906,0.29774567484855652,0.077448517084121704,-0.21979478001594543,-0.085252128541469574,-0.034446928650140762,-1.8836008310317993,0.057123001664876938,-0.1600055992603302,8
0.6199188232421875,0.28208741545677185,0.12487707287073135,-0.077205352485179901,0.033372208476066589,0.00022511242423206568,-0.33774933218955994,1.1003737449645996,0.14269866049289703,8
0.92800003290176392,0.071999989449977875,0.17886774241924286,0,0,-0.008531046099960804,0,0,-0.089935846626758575,8
-0.92800003290176392,0.2753722071647644,0.26717346906661987,0,-0.024823673069477081,0.0084454771131277084,0,0.23405435681343079,-0.17374114692211151,8
-0.69155126810073853,0.46888133883476257,0.26743108034133911,0.023026695474982262,-0.029226157814264297,-0.0087478924542665482,0.053743921220302582,-0.57472991943359375,-0.54416364431381226,8
-0.37130039930343628,0.48078131675720215,0.22704875469207764,0.0090722516179084778,0.057463753968477249,-0.041997130960226059,0.05915924534201622,-0.082756645977497101,-0.92065328359603882,8
0.37269842624664307,0.49268829822540283,0.24567431211471558,0.0091943889856338501,0.015500257723033428,0.010827655903995037,0.062857568264007568,-0.3205680251121521,0.074017621576786041,8
0.7169945240020752,0.36517298221588135,0.23279313743114471,-0.01886451244354248,-0.062435515224933624,-0.015101848170161247,0.10826171934604645,-0.099791131913661957,-0.40127110481262207,8
0.92800003290176392,0.26297610998153687,0.29299241304397583,0,-0.037441916763782501,0.010777115821838379,0,0.17879894375801086,-0.071880124509334564,8
-0.92800003290176392,0.27329480648040771,0.44435298442840576,0,-0.029480766505002975,0.019890874624252319,0,0.18133866786956787,0.41391023993492126,8
-0.68911224603652954,0.29020184278488159,0.51561790704727173,0.031215623021125793,-0.036659397184848785,-0.0077723800204694271,0.28552952408790588,0.75881010293960571,-0.14478184282779694,8
-0.4765123724937439,0.31521359086036682,0.47921314835548401,0.064542949199676514,-0.026120705530047417,-0.047622315585613251,0.44147124886512756,0.19899670779705048,-0.30311766266822815,8
-0.1767427921295166,0.49174696207046509,0.37134772539138794,-0.056003082543611526,-0.012825317680835724,-0.0070700645446777344,-0.59491348266601562,-0.1795894056558609,-0.043547000735998154,8
-0.067123472690582275,0.28998702764511108,0.40234324336051941,0.022000011056661606,-0.10191880911588669,-0.23153163492679596,0.14268837869167328,0.86828845739364624,-1.9615159034729004,8
0.1367046982049942,0.30089300870895386,0.4804006814956665,-0.10770238935947418,-0.025791319087147713,-0.16720192134380341,-0.26142796874046326,0.66248440742492676,-1.6113162040710449,8
0.2190491259098053,0.49598625302314758,0.37123042345046997,0.0032969450112432241,0.05559137836098671,-0.0087881982326507568,0.20586241781711578,0.43276110291481018,-0.049725916236639023,8
0.50539898872375488,0.32424628734588623,0.49998235702514648,-0.074247643351554871,-0.03256814181804657,-0.066365055739879608,-0.72350996732711792,-0.11333416402339935,-0.73359006643295288,8
0.70510011911392212,0.31136405467987061,0.55416750907897949,-0.037356436252593994,-0.042425557971000671,0.029723390936851501,-0.28545418381690979,0.33274075388908386,0.12570574879646301,8
0.92800003290176392,0.28203588724136353,0.48203715682029724,0,-0.020931676030158997,-0.0052110780961811543,0,0.23724500834941864,-0.089949548244476318,8
-0.92800003290176392,0.25322723388671875,0.6847611665725708,0,-0.029275381937623024,0.018895316869020462,0,0.61900502443313599,-0.098608002066612244,8
-0.92800003290176392,0.42661648988723755,0.92800003290176392,0,-0.00015948526561260223,0,0,0.23528051376342773,0,8
-0.55744129419326782,0.30735358595848083,0.69635200500488281,0.0030817189253866673,-0.030572798103094101,-0.037233106791973114,0.25107905268669128,0.1990763396024704,-0.4577879011631012,8
-0.22468835115432739,0.33267360925674438,0.71363931894302368,0.015320610255002975,-0.048337023705244064,-0.025446861982345581,0.70223337411880493,-0.083564102649688721,0.05845259502530098,8
-0.092719562351703644,0.27980661392211914,0.63506007194519043,-0.022729430347681046,0.017287107184529305,-0.065633639693260193,-1.1421853303909302,0.97097671031951904,-0.41736993193626404,8
0.066367484629154205,0.29711773991584778,0.69522440433502197,0.060837209224700928,-0.024922342970967293,-0.054795626550912857,0.38206779956817627,0.40532952547073364,-0.062960945069789886,8
0.2138066291809082,0.37846267223358154,0.71260130405426025,-0.055210869759321213,-0.054734732955694199,-0.039089690893888474,0.11707673966884613,0.038270760327577591,0.043322253972291946,8
0.53046339750289917,0.30036616325378418,0.70050305128097534,0.016924077644944191,-0.042758550494909286,-0.02719758078455925,-0.23550833761692047,0.39325866103172302,-0.28251537680625916,8
0.92800003290176392,0.52796280384063721,0.92800003290176392,0,-0.0036382218822836876,0,0,0.45861515402793884,0,8
0.92800003290176392,0.071999989449977875,0.71942538022994995,0,0,0.017782578244805336,0,0,0.11009992659091949,8
-0.92800003290176392,0.071999989449977875,0.92800003290176392,0,0,0,0,0,0,8
-0.72057729959487915,0.071999989449977875,0.92800003290176392,-0.017512381076812744,0,0,-0.14380687475204468,0,0,8
-0.47257843613624573,0.28021442890167236,0.92800003290176392,0.00028943788493052125,-0.036035344004631042,0,-0.19245323538780212,0.36293584108352661,0,8
-0.28868585824966431,0.26715338230133057,0.92800003290176392,0.0074641034007072449,-0.026895839720964432,0,0.16631628572940826,0.31276220083236694,0,8
-0.18147337436676025,0.071999989449977875,0.92800003290176392,0.0091519728302955627,0,0,0.012663713656365871,0,0,8
0.084034062922000885,0.27047371864318848,0.92800003290176392,-0.00044555321801453829,-0.028801640495657921,0,0.060288134962320328,-0.1761518269777298,0,8
0.28178656101226807,0.27118426561355591,0.92800003290176392,0.032895594835281372,-0.03497692197561264,0,-0.16563411056995392,0.08911549299955368,0,8
0.46021804213523865,0.27517926692962646,0.92800003290176392,0.037526659667491913,-0.023870736360549927,0,0.31559902429580688,0.10819142311811447,0,8
0.68597912788391113,0.25137293338775635,0.92800003290176392,0.034776762127876282,-0.034640885889530182,0,0.18825189769268036,0.32406580448150635,0,8
0.92800003290176392,0.071999989449977875,0.92800003290176392,0,0,0,0,0,0,8
-0.92800003290176392,0.26724982261657715,-0.92800003290176392,0,-0.026235420256853104,0,0,0.23192133009433746,0,8
-0.61939162015914917,0.51494181156158447,-0.92800003290176392,0.014970337972044945,-0.0012587738456204534,0,-0.21901285648345947,0.70583158731460571,0,8
-0.73188626766204834,0.40891474485397339,-0.92800003290176392,-0.023131862282752991,0.021378861740231514,0,0.013497098349034786,0.057750973850488663,0,8
-0.094999566674232483,0.27496814727783203,-0.92800003290176392,0.00079893751535564661,-0.03394756093621254,0,-0.32274642586708069,0.084800936281681061,0,8
0.015869066119194031,0.45462954044342041,-0.92800003290176392,-0.023680925369262695,0.001657167449593544,0,-0.46978145837783813,0.51072430610656738,0,8
-0.13192439079284668,0.45989727973937988,-0.92800003290176392,0.018596725538372993,-0.039965815842151642,0,0.48258689045906067,0.0041116029024124146,0,8
0.13979405164718628,0.45450836420059204,-0.92800003290176392,-0.049886815249919891,-0.024606911465525627,0,0.35878610610961914,0.045289486646652222,0,8
0.42137947678565979,0.46425169706344604,-0.92800003290176392,0.033817537128925323,-0.0023942575789988041,0,0.17893154919147491,0.27613925933837891,0,8
0.5582086443901062,0.4153631329536438,-0.92800003290176392,0.0086420588195323944,0.0047398805618286133,0,0.11268319934606552,-0.11863644421100616,0,8
0.92800003290176392,0.26782619953155518,-0.92800003290176392,0,-0.024474477395415306,0,0,0.38138154149055481,0,8
-0.92800003290176392,0.42997545003890991,-0.59087049961090088,0,-0.06235118955373764,-0.0056540514342486858,0,-0.099632322788238525,0.21001146733760834,8
-0.68080461025238037,0.49337959289550781,-0.67880797386169434,0.00056124245747923851,-0.093877367675304413,-0.0028417469002306461,-0.034290015697479248,-0.58874261379241943,-0.50369393825531006,8
-0.43897715210914612,0.48041504621505737,-0.68787878751754761,0.043259136378765106,-0.038667891174554825,0.033651188015937805,-0.42800554633140564,-0.89851021766662598,0.070069357752799988,8
-0.22639033198356628,0.518271803855896,-0.56833356618881226,0.022785341367125511,-0.055879056453704834,0.028705636039376259,-0.044288408011198044,0.016345605254173279,0.89314258098602295,8
-0.094052053987979889,0.50317329168319702,-0.69703418016433716,-0.014135734178125858,-0.062613524496555328,0.023640710860490799,0.10269638895988464,-0.55608135461807251,-0.17210906744003296,8
0.041522596031427383,0.46178439259529114,-0.57700932025909424,-0.016559997573494911,-0.086981862783432007,0.05575990304350853,0.012847947888076305,-1.088984489440918,0.6296040415763855,8
0.29133108258247375,0.55003160238265991,-0.55290073156356812,-0.021629994735121727,-0.064670078456401825,0.013430140912532806,0.17731289565563202,0.34528365731239319,-0.020184235647320747,8
0.44919425249099731,0.50394833087921143,-0.69294959306716919,-0.026648927479982376,-0.04158753901720047,0.0073962872847914696,0.016926750540733337,-0.50213295221328735,-0.14294332265853882,8
0.68488764762878418,0.47553327679634094,-0.67763108015060425,-0.0095155723392963409,-0.06730613112449646,0.015992993488907814,0.14981386065483093,-0.34618902206420898,-0.036680713295936584,8
0.92800003290176392,0.41958510875701904,-0.72406899929046631,0,0.030819384381175041,-0.02772706001996994,0,-0.38112953305244446,0.045480538159608841,8
-0.92800003290176392,0.46035075187683105,-0.43515360355377197,0,-0.025796674191951752,-0.0035901782102882862,0,0.06613941490650177,-0.52615606784820557,8
-0.69430077075958252,0.48681637644767761,-0.42267856001853943,-0.0040900306776165962,-0.053631968796253204,0.01746959425508976,-0.24992930889129639,-0.13466812670230865,0.074695244431495667,8
-0.4135170578956604,0.50496035814285278,-0.45783445239067078,0.096734695136547089,-0.0077390167862176895,0.043042954057455063,0.58489608764648438,0.0064994948916137218,0.88707387447357178,8
-0.20036493241786957,0.67350620031356812,-0.37253189086914062,0.01859685406088829,0.12363623082637787,-0.0055208802223205566,-0.97577744722366333,-0.12057065218687057,-0.032435506582260132,8
-0.047729521989822388,0.48726609349250793,-0.37269437313079834,-0.016405310481786728,0.070342816412448883,-0.0076012164354324341,-1.1266493797302246,0.80062615871429443,-0.043446417897939682,8
0.094188056886196136,0.58163243532180786,-0.3726784884929657,0.044969178736209869,0.1157231405377388,-0.0077184513211250305,0.098049595952033997,2.4241800308227539,-0.047098692506551743,8
0.21660913527011871,0.86281955242156982,-0.3725401759147644,0.097795628011226654,0.18879814445972443,-0.005514971911907196,1.7609232664108276,1.0200051069259644,-0.017483532428741455,8
0.42916128039360046,0.4847530722618103,-0.39075359702110291,-0.029550924897193909,-0.024279769510030746,0.081054121255874634,0.10812900215387344,-0.27237117290496826,0.55552279949188232,8
0.69582319259643555,0.47896665334701538,-0.41769289970397949,-0.025316447019577026,-0.061864741146564484,0.027954600751399994,-0.095312625169754028,-0.72544795274734497,-0.55436050891876221,8
0.92800003290176392,0.45676141977310181,-0.42965710163116455,0,-0.008490346372127533,-0.040395665913820267,0,0.80858874320983887,-0.2738800048828125,8
-0.92800003290176392,0.45039409399032593,-0.1597951352596283,0,-0.023440469056367874,0.037860583513975143,0,-0.10992122441530228,0.20269273221492767,8
-0.56760478019714355,0.50997090339660645,-0.27033883333206177,0.0041789752431213856,-0.088112935423851013,-0.0079234801232814789,-0.015898430719971657,-0.69999837875366211,0.040417924523353577,8
-0.37165108323097229,0.84960788488388062,-0.21519894897937775,0.0043261274695396423,0.19442194700241089,-0.042493663728237152,0.040729563683271408,0.53284943103790283,-0.2144375741481781,8
0.37245231866836548,0.67802417278289795,-0.20742225646972656,0.0058798938989639282,0.17257493734359741,0.098487280309200287,0.05273490771651268,0.39150100946426392,-0.36737477779388428,8
0.59618008136749268,0.54123657941818237,-0.29216077923774719,-0.046633079648017883,-0.070035994052886963,0.022420750930905342,-0.72544097900390625,-0.19300124049186707,0.36901658773422241,8
0.92800003290176392,0.44735479354858398,-0.15866304934024811,0,0.036150649189949036,0.065051376819610596,0,0.38308492302894592,0.16988787055015564,8
-0.92800003290176392,0.45649135112762451,-0.0086052119731903076,0,0.0032891100272536278,0.017539661377668381,0,0.34459230303764343,0.33581900596618652,8
-0.68786162137985229,0.47256657481193542,-0.10903668403625488,0.0071067539975047112,-0.077270634472370148,-0.029233634471893311,-0.48201560974121094,-1.0383713245391846,-0.34927454590797424,8
-0.37144944071769714,0.56886738538742065,-0.094267770648002625,0.0072891116142272949,0.1487257182598114,0.024979529902338982,0.060043927282094955,2.5993938446044922,0.45694315433502197,8
0.37262213230133057,0.48075208067893982,-0.029482169076800346,0.0079510882496833801,0.089705668389797211,0.038692209869623184,0.055495794862508774,-0.1102890744805336,-0.32151100039482117,8
0.69759500026702881,0.44976004958152771,-0.14513088762760162,-0.026096668094396591,-0.087660707533359528,-0.061092786490917206,0.022973062470555305,-0.95214271545410156,-0.32267430424690247,8
0.92800003290176392,0.45072156190872192,0.14039045572280884,0,-0.061205856502056122,-0.083448790013790131,0,-0.11082115769386292,-0.60624736547470093,8
-0.92800003290176392,0.2757495641708374,-0.094711676239967346,0,-0.036577455699443817,0.0076196677982807159,0,-0.35364991426467896,-0.23021309077739716,8
-0.68198478221893311,0.4755064845085144,0.058821942657232285,0.035466309636831284,-0.10929666459560394,-0.0065740197896957397,-0.18972067534923553,-1.3347086906433105,0.11184579133987427,8
-0.37135857343673706,0.46839261054992676,0.010807928629219532,0.0081278830766677856,0.062303014099597931,-0.01085550244897604,0.055795531719923019,0.33810403943061829,0.77207648754119873,8
0.37261945009231567,0.54610979557037354,0.088527433574199677,0.0083129554986953735,0.10503300279378891,-0.00082445284351706505,0.064708739519119263,2.6749365329742432,-0.33396613597869873,8
0.69519788026809692,0.50584065914154053,0.065499015152454376,-0.022647276520729065,-0.073851406574249268,0.018605358898639679,0.26842105388641357,-0.91009312868118286,-0.36146771907806396,8
0.92800003290176392,0.45066827535629272,-0.012250972911715508,0,0.010747591964900494,0.0060149189084768295,0,1.1374474763870239,0.80809235572814941,8
-0.92800003290176392,0.44613808393478394,0.13723425567150116,0,-0.024554787203669548,0.0028677450027316809,0,-0.048372574150562286,0.5074802041053772,8
-0.52144026756286621,0.54792338609695435,0.34455642104148865,0.072904668748378754,-0.10453996807336807,-0.0055653322488069534,0.14280751347541809,-0.18284863233566284,-0.13027824461460114,8
-0.37142276763916016,0.68016564846038818,0.21000675857067108,0.0076944679021835327,0.047773294150829315,-0.12770408391952515,0.059365775436162949,-1.8093146085739136,-0.017002522945404053,8
0.37249168753623962,0.84656244516372681,0.24989522993564606,0.0064301192760467529,0.13836389780044556,-0.053971510380506516,0.049056928604841232,0.61058676242828369,0.98114585876464844,8
0.56477761268615723,0.50682634115219116,0.20567697286605835,-0.020952917635440826,-0.071012645959854126,0.02532847598195076,-0.32361924648284912,-0.35758739709854126,0.53529655933380127,8
0.92800003290176392,0.27033650875091553,0.09533228725194931,0,-0.014046702533960342,0.02118312194943428,0,0.08286634087562561,0.40479543805122375,8
-0.92800003290176392,0.45930743217468262,0.41491135954856873,0,-0.0044025150127708912,0.024349266663193703,0,0.38448792695999146,0.20436683297157288,8
-0.68436515331268311,0.47555512189865112,0.46507847309112549,0.036539431661367416,-0.025145603343844414,-0.038039334118366241,0.044647824019193649,-0.66254448890686035,0.065122582018375397,8
-0.37838739156723022,0.50707292556762695,0.44676148891448975,0.069707311689853668,-0.0014981706626713276,-0.10799815505743027,0.29339206218719482,-0.039555694907903671,-0.45152059197425842,8
-0.23158834874629974,0.86302590370178223,0.37159600853919983,0.029931854456663132,0.19575423002243042,-0.0035091713070869446,-0.5564720630645752,0.94559979438781738,-0.0094825020059943199,8
-0.078395895659923553,0.59839832782745361,0.37138447165489197,0.016944874078035355,0.098931819200515747,-0.0067924708127975464,-0.037107687443494797,1.9346003532409668,-0.042572017759084702,8
0.036806277930736542,0.48770105838775635,0.3712804913520813,0.010238248854875565,0.058106482028961182,-0.0079857856035232544,0.12810221314430237,0.45437043905258179,-0.045430805534124374,8
0.2569769024848938,0.64823675155639648,0.37131392955780029,-0.1239263117313385,0.096421822905540466,-0.0077483505010604858,-0.68697649240493774,0.6318550705909729,-0.041177269071340561,8
0.45925822854042053,0.52247858047485352,0.42355918884277344,-0.078515082597732544,-0.022497866302728653,0.014942055568099022,-0.58701491355895996,-0.014748460613191128,-0.43562978506088257,8
0.68054056167602539,0.4919414222240448,0.43981915712356567,-0.050700325518846512,-0.06531970202922821,-0.022308977320790291,-0.35996216535568237,-0.77016675472259521,0.40791776776313782,8
0.92800003290176392,0.44796192646026611,0.42319265007972717,0,0.010187547653913498,0.06173502653837204,0,0.66579318046569824,1.0072509050369263,8
-0.92800003290176392,0.40502113103866577,0.55657386779785156,0,0.014628274366259575,-0.0099277934059500694,0,0.29653584957122803,-0.019894473254680634,8
-0.68046700954437256,0.49259549379348755,0.69516044855117798,0.004455548245459795,-0.06994330883026123,-0.0088615790009498596,0.024088358506560326,-0.084680460393428802,-0.23121684789657593,8
-0.42814040184020996,0.46762669086456299,0.69004273414611816,0.037190094590187073,-0.08720986545085907,-0.020369458943605423,-0.0039209425449371338,-0.84402453899383545,-0.054551601409912109,8
-0.22362791001796722,0.52697283029556274,0.57127988338470459,-0.014758099801838398,-0.053514286875724792,0.0012282747775316238,-0.37012922763824463,-0.47412076592445374,-0.1736920177936554,8
-0.096397839486598969,0.52298450469970703,0.70662927627563477,0.0067695584148168564,-0.028666673228144646,-0.01205737516283989,-0.17359896004199982,-0.0026710887905210257,0.28917491436004639,8
0.014843137934803963,0.46353045105934143,0.57586896419525146,-0.012976718135178089,-0.075290203094482422,-0.080528661608695984,0.164968341588974,-0.56955856084823608,-0.78638440370559692,8
0.27476212382316589,0.52536684274673462,0.56521213054656982,-0.018396561965346336,-0.11145114153623581,-0.032395735383033752,-0.1774628758430481,-0.41670617461204529,-0.51986432075500488,8
0.42542707920074463,0.47081229090690613,0.68763464689254761,-0.057809408754110336,-0.049078561365604401,-0.011013258248567581,-0.047034095972776413,-0.96559107303619385,0.32291850447654724,8
0.69299566745758057,0.49790200591087341,0.6861463189125061,-6.8728579208254814e-05,-0.058339666575193405,0.0067810532636940479,0.068546786904335022,-0.14727908372879028,0.16632586717605591,8
0.92800003290176392,0.41838574409484863,0.7217908501625061,0,0.0086364075541496277,0.020244214683771133,0,0.021119041368365288,0.16797791421413422,8
-0.92800003290176392,0.26693373918533325,0.92800003290176392,0,-0.022596130147576332,0,0,0.31080940365791321,0,8
-0.72817730903625488,0.42524558305740356,0.92800003290176392,-0.0057373763993382454,-0.0069119362160563469,0,-0.083140343427658081,-0.00089342700084671378,0,8
-0.57619494199752808,0.42943078279495239,0.92800003290176392,0.02342945896089077,0.0022643175907433033,0,0.28807422518730164,0.24433587491512299,0,8
-0.093933932483196259,0.2731940746307373,0.92800003290176392,0.0016030839178711176,-0.041363343596458435,0,-0.4073415994644165,-0.059813033789396286,0,8
0.002121620811522007,0.4520263671875,0.92800003290176392,0.00082194583956152201,-0.012408411130309105,0,0.011442288756370544,0.066624000668525696,0,8
-0.14178963005542755,0.46167564392089844,0.92800003290176392,0.041471380740404129,-0.023204246535897255,0,0.26441818475723267,0.11120846122503281,0,8
0.14644558727741241,0.45158016681671143,0.92800003290176392,0.0026752152480185032,-0.01936936192214489,0,-0.26073664426803589,0.14213712513446808,0,8
0.41721174120903015,0.46348154544830322,0.92800003290176392,0.01723322831094265,-0.028868876397609711,0,0.41243347525596619,0.2371736466884613,0,8
0.55854707956314087,0.42791038751602173,0.92800003290176392,-0.011116462759673595,0.01929016225039959,0,-0.4254932701587677,0.072902768850326538,0,8
0.92800003290176392,0.26737737655639648,0.92800003290176392,0,-0.028327884152531624,0,0,0.3129010796546936,0,8
-0.92800003290176392,0.42649221420288086,-0.92800003290176392,0,-0.019042996689677238,0,0,0.16973035037517548,0,8
-0.68311041593551636,0.24768966436386108,-0.92800003290176392,-0.0069757113233208656,-0.020057270303368568,0,0.11853672564029694,0.38626348972320557,0,8
-0.56481474637985229,0.45993077754974365,-0.92800003290176392,-0.017242798581719398,-0.0020952231716364622,0,0.58011633157730103,-0.074820324778556824,0,8
-0.26092308759689331,0.45517688989639282,-0.92800003290176392,-0.041658740490674973,-0.0071110976859927177,0,-0.44790133833885193,-0.041802462190389633,0,8
-0.1962667852640152,0.60823822021484375,-0.92800003290176392,-0.010131457820534706,-0.029310658574104309,0,0.19524703919887543,0.16648559272289276,0,8
-0.031309209764003754,0.61923021078109741,-0.92800003290176392,-0.0098222233355045319,-0.039460089057683945,0,0.019393878057599068,0.42036929726600647,0,8
0.26870244741439819,0.46880650520324707,-0.92800003290176392,0.039868798106908798,-0.036343347281217575,0,0.21244300901889801,-0.16236600279808044,0,8
0.58581465482711792,0.52275139093399048,-0.92800003290176392,0.034017004072666168,-0.029190896078944206,0,0.35575863718986511,0.59216684103012085,0,8
0.7294623851776123,0.42010974884033203,-0.92800003290176392,0.03441740944981575,0.029646668583154678,0,-0.06181686744093895,0.054727677255868912,0,8
0.92800003290176392,0.42837977409362793,-0.92800003290176392,0,-0.027296112850308418,0,0,0.59200882911682129,0,8
-0.92800003290176392,0.4229271411895752,-0.73261368274688721,0,0.02424691803753376,-0.039274353533983231,0,0.44322943687438965,-0.072224393486976624,8
-0.5483558177947998,0.60278379917144775,-0.52999520301818848,-0.0062674055807292461,-0.081921711564064026,0.021127184852957726,0.44024652242660522,0.073138691484928131,0.63830214738845825,8
-0.51350361108779907,0.68310695886611938,-0.69930887222290039,0.023409830406308174,-0.052965808659791946,0.026020169258117676,0.041819658130407333,-0.15410150587558746,0.28498408198356628,8
-0.28077834844589233,0.74695742130279541,-0.54003936052322388,-0.0077935322187840939,0.00587442796677351,-0.04872797429561615,-0.28022009134292603,-0.17817752063274384,-1.2312339544296265,8
-0.039387866854667664,0.69485676288604736,-0.58732348680496216,0.063305988907814026,-0.055465050041675568,0.021297156810760498,0.22910287976264954,0.30107927322387695,-0.063358411192893982,8
0.092000201344490051,0.57412612438201904,-0.69302892684936523,-0.0095497611910104752,-0.083249486982822418,0.011290601454675198,-0.12292046099901199,0.57549518346786499,0.13453617691993713,8
0.22676919400691986,0.77273350954055786,-0.56823486089706421,0.0047074863687157631,-0.062799029052257538,-0.0061366353183984756,-0.18116752803325653,-0.1414952427148819,-0.78877383470535278,8
0.51581048965454102,0.67522943019866943,-0.69091904163360596,0.049009092152118683,-0.083866707980632782,0.022501757368445396,0.30507665872573853,-0.30309250950813293,0.11491471529006958,8
0.53837436437606812,0.57954764366149902,-0.51554489135742188,-0.0081266164779663086,-0.034673597663640976,0.039585016667842865,-0.48059371113777161,0.35510367155075073,0.5485033392906189,8
0.92800003290176392,0.25133413076400757,-0.69345772266387939,0,-0.024890732020139694,-0.017779549583792686,0,0.84058493375778198,-0.082564644515514374,8
-0.92800003290176392,0.54863834381103516,-0.57045620679855347,0,-0.040458489209413528,-0.02209850400686264,0,0.28777933120727539,-0.17433267831802368,8
-0.69542562961578369,0.68868887424468994,-0.50617879629135132,0.027884844690561295,-0.056548334658145905,0.026011701673269272,0.16809391975402832,0.354291170835495,0.36622634530067444,8
-0.47139552235603333,0.6794663667678833,-0.40542542934417725,0.045694369822740555,-0.076322041451931,0.088985815644264221,0.1122216060757637,-0.37668493390083313,0.22599643468856812,8
-0.18531076610088348,0.84277158975601196,-0.37243086099624634,0.1802707314491272,0.2127801924943924,-0.0039483606815338135,0.76875054836273193,2.0511317253112793,-0.013567059300839901,8
-0.071731187403202057,0.67527502775192261,-0.37256979942321777,-0.046325806528329849,0.099646098911762238,-0.0060667097568511963,1.5785229206085205,0.80776131153106689,-0.034121498465538025,8
0.22896362841129303,0.65990328788757324,-0.3726705014705658,-0.038988843560218811,-0.0044900919310748577,-0.0076079890131950378,-0.78990030288696289,-0.042106885462999344,-0.042235847562551498,8
0.080871790647506714,0.74826234579086304,-0.37257048487663269,0.073738947510719299,0.12080394476652145,-0.0060587078332901001,0.54370319843292236,-0.62113142013549805,-0.029344258829951286,8
0.42642569541931152,0.68434703350067139,-0.39267215132713318,-0.20465578138828278,-0.066318385303020477,0.11181396245956421,-0.75287413597106934,0.18193444609642029,-0.11212974041700363,8
0.70732158422470093,0.67953264713287354,-0.52926629781723022,-0.064865320920944214,-0.043836571276187897,0.038779739290475845,-0.31966230273246765,-0.2538890540599823,-0.38448134064674377,8
0.92800003290176392,0.45467078685760498,-0.58209896087646484,0,-0.030550675466656685,0.041297286748886108,0,0.64564037322998047,0.49447274208068848,8
-0.92800003290176392,0.45414537191390991,-0.29479509592056274,0,-0.033257529139518738,-0.028027847409248352,0,-0.12100623548030853,-0.68569028377532959,8
-0.5887874960899353,0.76811867952346802,-0.21085639297962189,-0.041493386030197144,-0.08044886589050293,0.049265272915363312,-1.0101157426834106,0.15389686822891235,-0.36271858215332031,8
-0.37154248356819153,0.73381894826889038,-0.081346899271011353,0.0060029178857803345,-0.11210288852453232,-0.28943169116973877,0.052735354751348495,-1.2427068948745728,-0.37346449494361877,8
0.37236228585243225,0.84078633785247803,-0.18877391517162323,0.0045730248093605042,0.18548159301280975,0.10568498820066452,0.043117847293615341,1.9065207242965698,0.32253047823905945,8
0.573566734790802,0.78895574808120728,-0.24312694370746613,0.084172040224075317,-0.039033502340316772,0.026711324229836464,1.643887996673584,0.0046622375957667828,-0.27908444404602051,8
0.92800003290176392,0.44627070426940918,-0.28432473540306091,0,-0.029137197881937027,-0.064597554504871368,0,0.039503570646047592,-1.4025816917419434,8
-0.92800003290176392,0.62373995780944824,-0.10154767334461212,0,-0.046731971204280853,-0.015564516186714172,0,-0.015310942195355892,-0.26659229397773743,8
-0.59280699491500854,0.61821138858795166,-0.045577887445688248,0.037508800625801086,-0.055427934974431992,0.022026445716619492,-0.051523778587579727,0.99680191278457642,-0.14847439527511597,8
-0.37155053019523621,0.66311520338058472,-0.24522976577281952,0.0058588236570358276,0.093231849372386932,0.02828308567404747,0.053671669214963913,0.1726810485124588,0.68161976337432861,8
0.37251803278923035,0.6372227668762207,-0.069530896842479706,0.0068815499544143677,0.040715821087360382,0.0080783562734723091,0.058700811117887497,0.60364758968353271,1.2427183389663696,8
0.58567571640014648,0.57990080118179321,-0.08472173660993576,-0.035366877913475037,-0.058509267866611481,0.046269666403532028,0.31077009439468384,0.2816433310508728,-0.84364330768585205,8
0.92800003290176392,0.60628819465637207,-0.07403564453125,0,-0.049994003027677536,-0.048862501978874207,0,0.37966498732566833,-0.77600175142288208,8
-0.92800003290176392,0.60939896106719971,0.05396144837141037,0,-0.045499220490455627,-0.0072206472977995872,0,0.58652645349502563,-0.21923272311687469,8
-0.59300452470779419,0.60402244329452515,0.13925358653068542,0.021415714174509048,-0.058359023183584213,0.0017309605609625578,0.073362208902835846,0.84953391551971436,0.32633307576179504,8
-0.37141582369804382,0.60632532835006714,0.089510731399059296,0.0077973753213882446,0.080180130898952484,-0.046784937381744385,0.061242427676916122,1.1342816352844238,-1.9526082277297974,8
0.37257185578346252,0.68808615207672119,0.20700754225254059,0.0076890140771865845,0.069209389388561249,0.14035183191299438,0.060612108558416367,0.39368578791618347,0.82055854797363281,8
0.58844673633575439,0.68766355514526367,0.057582918554544449,-0.03746785968542099,0.022530268877744675,-0.0575246661901474,-0.391571044921875,1.1993677616119385,-0.11922116577625275,8
0.92800003290176392,0.59933954477310181,0.090192578732967377,0,-0.050428774207830429,0.057988084852695465,0,0.69933086633682251,-0.07570735365152359,8
-0.92800003290176392,0.46496564149856567,0.26607513427734375,0,-0.024376720190048218,0.023711875081062317,0,0.50811588764190674,-0.14336523413658142,8
-0.50395786762237549,0.7918664813041687,0.30230799317359924,-0.011503079906105995,-0.0090080667287111282,0.058067083358764648,-2.3706369400024414,0.014757792465388775,1.8459535837173462,8
-0.37152382731437683,0.82555121183395386,0.15850140154361725,0.0062506720423698425,0.067531101405620575,-0.029401905834674835,0.050055604428052902,1.3313778638839722,2.5281565189361572,8
0.37248450517654419,0.76277720928192139,0.063462518155574799,0.0064667016267776489,0.0075665279291570187,0.17185531556606293,0.055430974811315536,-0.30444031953811646,0.091110609471797943,8
0.56358087062835693,0.75268429517745972,0.26092115044593811,0.042956765741109848,-0.11626283824443817,0.0093499617651104927,1.6371737718582153,-0.83645623922348022,0.55986690521240234,8
0.92800003290176392,0.4522397518157959,0.27342379093170166,0,-0.0068269073963165283,0.049196749925613403,0,-0.19629192352294922,0.026417633518576622,8
-0.92800003290176392,0.51686060428619385,0.59226560592651367,0,-0.015283461660146713,0.025278666988015175,0,0.32591485977172852,-0.07570154219865799,8
-0.69699329137802124,0.66927069425582886,0.43174821138381958,-0.012184572406113148,-0.047355450689792633,-0.022620853036642075,0.047463614493608475,-0.56321430206298828,0.10807374119758606,8
-0.42639264464378357,0.76846539974212646,0.4760093092918396,0.14318723976612091,-0.052339471876621246,-0.0012660438660532236,0.82627320289611816,-0.69232481718063354,0.47142258286476135,8
-0.081299200654029846,0.75655156373977661,0.37148401141166687,-0.19022990763187408,0.021719655022025108,-0.005238652229309082,-0.14316378533840179,-0.16379645466804504,-0.02484351210296154,8
-0.24765197932720184,0.65913873910903931,0.37147367000579834,0.018343735486268997,0.049612659960985184,-0.0054925456643104553,0.30681794881820679,0.027293039485812187,-0.034497007727622986,8
0.10269924253225327,0.65596002340316772,0.37136548757553101,0.0041533606126904488,0.14450274407863617,-0.0070026665925979614,-0.52185243368148804,1.6222442388534546,-0.038092281669378281,8
0.16461698710918427,0.84110105037689209,0.37146222591400146,-0.14036394655704498,0.13771536946296692,-0.0054511427879333496,-0.88180923461914062,0.5016016960144043,-0.01754075288772583,8
0.45972567796707153,0.74594783782958984,0.44167938828468323,-0.054204266518354416,-0.011151867918670177,-0.054490167647600174,0.10911259055137634,-0.53074556589126587,-0.014128423295915127,8
0.71033239364624023,0.68025875091552734,0.54557222127914429,-0.038038793951272964,-0.10711217671632767,0.0051643396727740765,-0.049699652940034866,-0.75081712007522583,0.49243968725204468,8
0.92800003290176392,0.46244597434997559,0.5794140100479126,0,-0.020562129095196724,-0.014472348615527153,0,-0.35796386003494263,-0.59926646947860718,8
-0.92800003290176392,0.41930150985717773,0.73111748695373535,0,-0.0086844414472579956,0.011751341633498669,0,0.18998081982135773,-0.052337467670440674,8
-0.50255006551742554,0.59900867938995361,0.558665931224823,0.030774734914302826,-0.10864167660474777,-0.0031376583501696587,0.25443372130393982,-0.25017544627189636,-0.22161415219306946,8
-0.56903630495071411,0.67763030529022217,0.70643609762191772,-0.031612463295459747,-0.098786346614360809,-0.021999567747116089,-0.30318301916122437,-0.36094841361045837,-0.12659075856208801,8
-0.23918195068836212,0.77055186033248901,0.58133786916732788,0.068551219999790192,-0.089383326470851898,0.022668920457363129,0.8300178050994873,-0.3790571391582489,0.91442984342575073,8
-0.011000438593327999,0.69751763343811035,0.58647531270980835,0.021382192149758339,-0.042566169053316116,-0.047662604600191116,0.065190531313419342,0.81350892782211304,-0.32534164190292358,8
0.11756829917430878,0.56327682733535767,0.68919968605041504,0.0012322930851951241,-0.050004895776510239,-0.049277335405349731,0.041054680943489075,0.17448338866233826,-0.10215561091899872,8
0.25891023874282837,0.77977544069290161,0.52785396575927734,0.026926605030894279,0.0075933528132736683,0.039423689246177673,1.1664800643920898,-0.091304495930671692,1.8996042013168335,8
0.41137126088142395,0.67706799507141113,0.69906258583068848,-0.023140078410506248,-0.037621509283781052,0.039823763072490692,0.67260873317718506,0.33924657106399536,-0.0047727669589221478,8
0.53776872158050537,0.60418260097503662,0.55034297704696655,-0.011848654597997665,-0.075570672750473022,-0.00033027492463588715,-0.18657641112804413,0.16093207895755768,-0.10373803228139877,8
0.92800003290176392,0.25102519989013672,0.69124287366867065,0,-0.032968409359455109,0.011654825881123543,0,0.51409709453582764,-0.065852724015712738,8
-0.92800003290176392,0.52625191211700439,0.92800003290176392,0,-0.021714730188250542,0,0,0.81707197427749634,0,8
-0.69143277406692505,0.25232887268066406,0.92800003290176392,-0.012189179658889771,-0.03044072724878788,0,0.039540953934192657,0.62513881921768188,0,8
-0.56354856491088867,0.54615914821624756,0.92800003290176392,-0.037020429968833923,-0.039000160992145538,0,0.1614542156457901,0.37749117612838745,0,8
-0.26003280282020569,0.45300412178039551,0.92800003290176392,0.0087088402360677719,-0.021646715700626373,0,-0.42165297269821167,0.040486488491296768,0,8
-0.16102813184261322,0.61718851327896118,0.92800003290176392,-0.02318851463496685,-0.019776191562414169,0,-0.48156836628913879,0.34653669595718384,0,8
-0.00265924958512187,0.61675846576690674,0.92800003290176392,0.008533913642168045,-0.05395204946398735,0,0.059787079691886902,0.49222970008850098,0,8
0.26802191138267517,0.4641801118850708,0.92800003290176392,0.025972969830036163,-0.035723913460969925,0,0.34915170073509216,0.32535752654075623,0,8
0.58765435218811035,0.52550899982452393,0.92800003290176392,0.012345222756266594,-0.017600242048501968,0,-0.34167793393135071,0.19017016887664795,0,8
0.72894167900085449,0.41948330402374268,0.92800003290176392,0.020868312567472458,0.0072040329687297344,0,0.075764074921607971,-0.17401306331157684,0,8
0.92800003290176392,0.42507565021514893,0.92800003290176392,0,-0.0086628617718815804,0,0,0.51315361261367798,0,8
-0.92800003290176392,0.53445464372634888,-0.92800003290176392,0,0.014088962227106094,0,0,0.41196611523628235,0,8
-0.70794570446014404,0.65462851524353027,-0.92800003290176392,-0.007561802864074707,0.015351460315287113,0,-0.23564501106739044,0.44771385192871094,0,8
-0.53229993581771851,0.63685524463653564,-0.92800003290176392,-0.031695183366537094,-0.0015927995555102825,0,-0.12295396625995636,0.64963579177856445,0,8
-0.40709295868873596,0.45400166511535645,-0.92800003290176392,-0.066681608557701111,-0.028336817398667336,0,-0.4054161012172699,0.32350954413414001,0,8
-0.091717198491096497,0.79040300846099854,-0.92800003290176392,-0.01709442213177681,-0.026816843077540398,0,-0.21949037909507751,-0.19483135640621185,0,8
0.06519867479801178,0.79250615835189819,-0.92800003290176392,0.034026455134153366,-0.040940456092357635,0,0.20949772000312805,-0.40488335490226746,0,8
0.32646787166595459,0.62722539901733398,-0.92800003290176392,-0.018779419362545013,-0.037604652345180511,0,-0.088825814425945282,0.12932628393173218,0,8
0.49361065030097961,0.64562249183654785,-0.92800003290176392,-0.0071643199771642685,-0.01636776328086853,0,-0.05073016881942749,0.41927343606948853,0,8
0.71323835849761963,0.6249353289604187,-0.92800003290176392,-3.4251250326633453e-05,-0.0017927446169778705,0,-0.15656667947769165,0.61736053228378296,0,8
0.92800003290176392,0.42837643623352051,-0.92800003290176392,0,-0.027331378310918808,0,0,0.59372043609619141,0,8
-0.92800003290176392,0.63752281665802002,-0.7171819806098938,0,0.0073949550278484821,-0.020078197121620178,0,0.56737929582595825,-0.32626879215240479,8
-0.69703316688537598,0.68011319637298584,-0.70496195554733276,0.09970150887966156,-0.077879324555397034,0.07448974996805191,0.35553258657455444,0.47565153241157532,0.29647728800773621,8
-0.71618300676345825,0.84184962511062622,-0.92800003290176392,-0.0060234083794057369,-0.014014392159879208,0,0.32361173629760742,-0.12297547608613968,0,8
-0.39145752787590027,0.81854152679443359,-0.69744873046875,-0.034737110137939453,-0.065313220024108887,-0.02574286051094532,0.67447429895401001,-0.73420459032058716,1.1192694902420044,8
-0.28859996795654297,0.58793580532073975,-0.71737277507781982,0.009942161850631237,-0.10242871195077896,-0.023900682106614113,0.15667788684368134,0.71863150596618652,0.26866161823272705,8
0.24504575133323669,0.67586344480514526,-0.73494088649749756,0.012912115082144737,-0.10610151290893555,-0.032846972346305847,-0.45354139804840088,0.22467432916164398,0.13079725205898285,8
0.39235562086105347,0.80857926607131958,-0.69866150617599487,0.0372433140873909,-0.064231164753437042,-0.0099815391004085541,-0.0093718608841300011,-0.51472985744476318,0.32402816414833069,8
0.71267378330230713,0.80346852540969849,-0.92800003290176392,0.011514434590935707,-0.032107148319482803,0,0.30725646018981934,0.067649222910404205,0,8
0.68450218439102173,0.66366910934448242,-0.7196241021156311,-0.056104034185409546,-0.057724472135305405,0.081871822476387024,-0.2820199728012085,0.078360505402088165,0.51201778650283813,8
0.92800003290176392,0.60633194446563721,-0.70899325609207153,0,0.0081561580300331116,0.01216659601777792,0,0.52865767478942871,-0.048920109868049622,8
-0.92800003290176392,0.72062212228775024,-0.56210482120513916,0,-0.093117862939834595,-0.026435393840074539,0,0.13009943068027496,-0.16560377180576324,8
-0.92800003290176392,0.83280420303344727,-0.6846158504486084,0,-0.033179525285959244,-0.0023974888026714325,0,0.25861567258834839,-0.063329480588436127,8
-0.46507525444030762,0.85598611831665039,-0.46447259187698364,0.074735976755619049,-0.0079453671351075172,0.12004443258047104,0.82870030403137207,-0.70936477184295654,0.17239025235176086,8
-0.29675188660621643,1.0082371234893799,-0.42661720514297485,0.22133556008338928,-0.051213320344686508,0.21509905159473419,2.0215339660644531,0.73600763082504272,1.2484376430511475,8
-0.046816006302833557,0.8627057671546936,-0.37246039509773254,-0.30254337191581726,0.1964832991361618,-0.0042314156889915466,-2.1288096904754639,1.1300570964813232,-0.0093454858288168907,8
0.095183707773685455,0.96898561716079712,-0.37243711948394775,-0.023040125146508217,-0.041552644222974777,-0.0040633305907249451,-0.030144395306706429,1.3535453081130981,-0.0063928212039172649,8
0.31055396795272827,1.0074019432067871,-0.42524847388267517,-0.1006813645362854,-0.10240215063095093,0.19270825386047363,-0.39863881468772888,0.37544664740562439,1.3221014738082886,8
0.47630691528320312,0.82462871074676514,-0.48547148704528809,-0.062404148280620575,-0.082452863454818726,0.065611332654953003,-0.13311602175235748,-0.97218459844589233,0.85973888635635376,8
0.92800003290176392,0.78607052564620972,-0.71121668815612793,0,-0.061528120189905167,-0.019932692870497704,0,0.011393464170396328,-0.0453047975897789,8
0.92800003290176392,0.55987590551376343,-0.55588012933731079,0,-0.075292490422725677,-0.067953586578369141,0,0.61457473039627075,-0.16085608303546906,8
-0.92800003290176392,0.63839620351791382,-0.40444117784500122,0,-0.032446317374706268,0.0020891318563371897,0,0.31518033146858215,-0.01562168076634407,8
-0.69250303506851196,0.82436567544937134,-0.3817007839679718,0.0076809301972389221,-0.060520440340042114,-0.032147221267223358,0.41063448786735535,-0.8028113842010498,0.18820612132549286,8
-0.40800637006759644,1.0072612762451172,-0.30684047937393188,0.22478657960891724,-0.1055767834186554,0.16807040572166443,1.8327882289886475,0.7117728590965271,1.4110928773880005,8
-0.27893587946891785,1.2018585205078125,-0.32140102982521057,0.043905060738325119,1.570725679397583,0.053738277405500412,0.058084685355424881,10.722126007080078,0.14736223220825195,8
-0.11218099296092987,1.2019710540771484,-0.32134115695953369,-0.0067849010229110718,1.5721147060394287,0.048819199204444885,-0.028839025646448135,10.731546401977539,-0.44990745186805725,8
0.26237112283706665,1.2021408081054688,-0.26387906074523926,-0.034755431115627289,1.5749661922454834,0.0073171588592231274,-0.10512124001979828,10.749520301818848,0.1093500629067421,8
0.32957565784454346,1.2021794319152832,-0.26261109113693237,-0.053297378122806549,1.5752550363540649,0.0082321222871541977,-0.12644971907138824,10.751262664794922,0.1606241911649704,8
0.47189861536026001,1.0187112092971802,-0.34302309155464172,-0.18245665729045868,-0.011678941547870636,0.10008370876312256,-1.1907522678375244,0.53193771839141846,0.87740910053253174,8
0.7043311595916748,0.79356467723846436,-0.40117549896240234,0.06875581294298172,-0.046851906925439835,-0.055461067706346512,-0.96444004774093628,0.18347661197185516,0.20731943845748901,8
0.92800003290176392,0.62715500593185425,-0.41661426424980164,0,-0.051131926476955414,0.014244580641388893,0,0.4788842499256134,0.35222563147544861,8
-0.92800003290176392,0.8019864559173584,-0.12236814200878143,0,-0.035690438002347946,-0.055578097701072693,0,-0.65834760665893555,0.052757930010557175,8
-0.72190481424331665,0.62732034921646118,-0.24907208979129791,-0.021463427692651749,-0.079944238066673279,0.0087667303159832954,-0.12883666157722473,0.56012481451034546,-0.041647914797067642,8
-0.3716447651386261,0.92938435077667236,-0.039467353373765945,0.004496157169342041,0.075990371406078339,-0.016848918050527573,0.040314380079507828,2.361572265625,-1.6770544052124023,8
-0.27741658687591553,1.2017996311187744,-0.21584528684616089,0.022332800552248955,1.5699212551116943,0.032695475965738297,-0.13010233640670776,10.712806701660156,-0.033704750239849091,8
-0.052833478897809982,1.2018541097640991,-0.098674885928630829,0.0045482665300369263,1.5706940889358521,0.031041579321026802,0.023312173783779144,10.712702751159668,-0.0323483906686306,8
0.077000275254249573,1.201924204826355,-0.091570235788822174,0.027174968272447586,1.5717582702636719,0.014106129296123981,1.0406644344329834,10.720441818237305,-0.029223531484603882,8
0.32679954171180725,1.2021207809448242,-0.16861405968666077,-0.049802709370851517,1.5743563175201416,-0.0099916364997625351,-0.11697325110435486,10.74117374420166,0.14339374005794525,8
0.37239542603492737,0.84795588254928589,-0.065371833741664886,0.0048863664269447327,0.22185368835926056,-0.38111293315887451,0.039652880281209946,0.78398013114929199,-1.070431113243103,8
0.73322927951812744,0.66188758611679077,-0.23590625822544098,0.028453212231397629,-0.1285940408706665,-0.0054215886630117893,-0.31208071112632751,0.11428802460432053,0.63932746648788452,8
0.92800003290176392,0.78455048799514771,-0.073746159672737122,0,-5.7801604270935059e-05,-0.0050676059909164906,0,-0.36573919653892517,-0.47642126679420471,8
-0.92800003290176392,0.78861516714096069,0.046043429523706436,0,-0.027979465201497078,0.012164579704403877,0,-0.19695298373699188,0.300790935754776,8
-0.7351144552230835,0.69832885265350342,0.21966302394866943,-0.0014712829142808914,-0.081886656582355499,0.014420608058571815,0.76027733087539673,0.54883289337158203,-0.63933426141738892,8
-0.37154766917228699,0.81052809953689575,0.050559327006340027,0.0059158205986022949,0.20007801055908203,0.26266279816627502,0.049865391105413437,-1.2209553718566895,-3.2085592746734619,8
-0.3722025454044342,1.0414026975631714,0.17938017845153809,0.10100815445184708,-0.11291641741991043,-0.010254002176225185,1.4043489694595337,2.072718620300293,0.44764292240142822,8
-0.12814505398273468,1.2017307281494141,0.025374291464686394,-0.0063394438475370407,1.5688492059707642,0.037002243101596832,-0.40965381264686584,10.69414234161377,0.79923802614212036,8
-0.019077392295002937,1.2017184495925903,0.14772070944309235,0.0060904691927134991,1.5686168670654297,0.0075579346157610416,0.12979918718338013,10.687726020812988,0.40621644258499146,8
0.20329198241233826,1.2018283605575562,0.18101981282234192,-0.0076030232012271881,1.5701909065246582,-0.018675414845347404,-0.014995223842561245,10.69696044921875,-0.062874667346477509,8
0.37238234281539917,0.94747614860534668,0.084637686610221863,0.0049127787351608276,0.050098057836294174,-0.0033704740926623344,0.042268257588148117,1.3370471000671387,0.019921770319342613,8
0.70978832244873047,0.59232962131500244,0.29585960507392883,0.05278441309928894,-0.12023921310901642,-0.014517410658299923,-0.00055164098739624023,0.51369351148605347,-0.48306113481521606,8
0.92800003290176392,0.77135241031646729,0.086788207292556763,0,-0.02388436533510685,0.036871083080768585,0,0.50651496648788452,0.60294097661972046,8
-0.92800003290176392,0.63663768768310547,0.3616664707660675,0,-0.026741418987512589,0.0082550281658768654,0,0.37307414412498474,-0.011904257349669933,8
-0.68417686223983765,0.84272497892379761,0.4233284592628479,-0.060398660600185394,-0.068775378167629242,0.029947098344564438,0.49698960781097412,-0.26539617776870728,-0.14938874542713165,8
-0.47941499948501587,1.0246275663375854,0.36246544122695923,0.13682395219802856,-0.024253278970718384,0.017593316733837128,1.3080602884292603,0.92639213800430298,-0.15128126740455627,8
-0.33578047156333923,1.2014412879943848,0.293691486120224,0.04645489901304245,1.5648375749588013,0.016181068494915962,0.14214690029621124,10.65537166595459,-0.28065678477287292,8
-0.21404469013214111,1.2015405893325806,0.24936835467815399,0.035839639604091644,1.5659903287887573,0.015496189706027508,0.056167129427194595,10.665224075317383,-0.23584872484207153,8
0.19681224226951599,1.2017197608947754,0.35035690665245056,-0.00049236055929213762,1.569016695022583,-0.05648455023765564,-0.18410749733448029,10.684167861938477,-0.18258053064346313,8
0.29738110303878784,1.2017984390258789,0.31744346022605896,-0.022058272734284401,1.5698620080947876,-0.056448057293891907,-0.10564745962619781,10.689775466918945,-0.11159117519855499,8
0.44886475801467896,1.0073528289794922,0.31644988059997559,-0.17558835446834564,-0.1671890914440155,-0.089414067566394806,-0.92599284648895264,-0.22025136649608612,-0.084774114191532135,8
0.69083082675933838,0.80576509237289429,0.41629707813262939,0.040482807904481888,-0.067462988197803497,0.087727084755897522,-0.39925116300582886,-0.50821274518966675,-0.34662631154060364,8
0.92800003290176392,0.62504363059997559,0.42184412479400635,0,-0.0033517524134367704,-0.034327276051044464,0,0.36448657512664795,-0.93331623077392578,8
-0.92800003290176392,0.64053231477737427,0.5204961895942688,0,-0.049218524247407913,0.029993603006005287,0,0.26312792301177979,-0.28955277800559998,8
-0.92800003290176392,0.80516791343688965,0.71288669109344482,0,-0.0177743099629879,0.015646670013666153,0,0.22321023046970367,-0.18502463400363922,8
-0.54860937595367432,0.99206507205963135,0.53990787267684937,0.11023548990488052,-0.090376757085323334,-0.02053145132958889,0.71242886781692505,0.25684452056884766,0.0097682131454348564,8
-0.3219808042049408,1.004216194152832,0.43831524252891541,0.094656571745872498,-0.10750738531351089,-0.11920303106307983,0.46542268991470337,0.29596632719039917,-0.66190367937088013,8
-0.062062349170446396,0.9438936710357666,0.37159505486488342,0.078768305480480194,0.041255142539739609,-0.0035866014659404755,0.81793993711471558,1.1543720960617065,-0.0062905619852244854,8
0.053093485534191132,0.82578760385513306,0.37148648500442505,0.32684341073036194,0.19417241215705872,-0.0052108839154243469,1.1908622980117798,0.1599477082490921,-0.021079925820231438,8
0.35300359129905701,1.0120877027511597,0.45290806889533997,-0.032219365239143372,-0.017065668478608131,-0.23486481606960297,-0.2513994574546814,0.75821739435195923,-1.7138036489486694,8
0.56156349182128906,0.95502972602844238,0.53922700881958008,-0.016094829887151718,0.057731810957193375,-0.086811736226081848,-0.43520894646644592,0.010202451609075069,-0.6017041802406311,8
0.92800003290176392,0.78561276197433472,0.71352708339691162,0,-0.020252641290426254,0.011112704873085022,0,0.25551331043243408,-0.042930148541927338,8
0.92800003290176392,0.55744123458862305,0.56461554765701294,0,-0.017788944765925407,0.021946003660559654,0,0.96604090929031372,-0.43304389715194702,8
-0.92800003290176392,0.62971144914627075,0.71695882081985474,0,-0.025257229804992676,0.018805233761668205,0,0.31329897046089172,-0.053748391568660736,8
-0.71423882246017456,0.66553419828414917,0.60494273900985718,0.093982689082622528,-0.042182564735412598,-0.057993512600660324,0.58254224061965942,0.20685328543186188,0.15861678123474121,8
-0.72292929887771606,0.8000638484954834,0.92800003290176392,-0.018306966871023178,-0.0246763676404953,0,-0.027027053758502007,0.25422602891921997,0,8
-0.4272296130657196,0.80296874046325684,0.6892130970954895,-0.045153044164180756,-0.073363788425922394,0.027918336912989616,0.15750701725482941,-0.70026570558547974,-0.31790706515312195,8
-0.31367352604866028,0.61903536319732666,0.71529722213745117,-0.023573974147439003,-0.10774121433496475,0.050444968044757843,0.15831509232521057,-0.085434608161449432,0.37383633852005005,8
0.23725463449954987,0.69052571058273315,0.73620343208312988,0.054588291794061661,-0.079998485743999481,0.068050846457481384,0.24842697381973267,0.18716229498386383,-0.29864472150802612,8
0.42579755187034607,0.86833733320236206,0.65485012531280518,0.11830708384513855,-0.0075118625536561012,0.045560240745544434,-0.038530375808477402,-0.62594032287597656,0.0049132476560771465,8
0.71930593252182007,0.7985914945602417,0.92800003290176392,0.015141640789806843,-0.025810383260250092,0,-0.033017460256814957,0.3679853081703186,0,8
0.58407044410705566,0.66621279716491699,0.71177369356155396,-0.069236442446708679,-0.023335115984082222,-0.08893989771604538,-0.075277306139469147,-0.38152745366096497,-0.37526336312294006,8
0.92800003290176392,0.6074027419090271,0.71051418781280518,0,0.0020423862151801586,0.016879858449101448,0,0.64738225936889648,0.27677187323570251,8
-0.92800003290176392,0.42661643028259277,0.92800003290176392,0,-0.00015378301031887531,0,0,0.23544801771640778,0,8
-0.71310675144195557,0.6194947361946106,0.92800003290176392,-0.011939119547605515,0.0011968652252107859,0,0.015881052240729332,0.33558601140975952,0,8
-0.49795898795127869,0.66195207834243774,0.92800003290176392,0.003904685378074646,-0.054684955626726151,0,0.030798707157373428,-0.09584403783082962,0,8
-0.4111582338809967,0.45832955837249756,0.92800003290176392,-0.027696145698428154,-0.0060485880821943283,0,-0.22953085601329803,0.093984931707382202,0,8
-0.075410939753055573,0.79782736301422119,0.92800003290176392,-0.037681590765714645,-0.036943551152944565,0,-0.29923319816589355,-0.41103902459144592,0,8
0.079615399241447449,0.79494321346282959,0.92800003290176392,0.038858663290739059,-0.033799897879362106,0,0.52216941118240356,-0.14735217392444611,0,8
0.33935177326202393,0.62789928913116455,0.92800003290176392,0.010671782307326794,-0.034451764076948166,0,-0.14914263784885406,0.42380723357200623,0,8
0.50534671545028687,0.65127164125442505,0.92800003290176392,0.047306757420301437,-0.044576007872819901,0,0.051973607391119003,0.119784876704216,0,8
0.71423262357711792,0.62188482284545898,0.92800003290176392,0.011467031203210354,-0.01309294905513525,0,0.14566509425640106,0.40818774700164795,0,8
0.92800003290176392,0.42507565021514893,0.92800003290176392,0,-0.0086628617718815804,0,0,0.51315361261367798,0,8
-0.92800003290176392,0.7518729567527771,-0.92800003290176392,0,-0.017705069854855537,0,0,0.65543007850646973,0,8
-0.69787412881851196,1.0352776050567627,-0.92800003290176392,0.016103042289614677,-0.037521060556173325,0,0.30401232838630676,0.060359086841344833,0,8
-0.55461221933364868,0.85136878490447998,-0.92800003290176392,-0.036565579473972321,0.0058823865838348866,0,-0.19197194278240204,0.68291407823562622,0,8
-0.36875301599502563,0.62679016590118408,-0.92800003290176392,0.022975925356149673,-0.027115760371088982,0,0.31106173992156982,0.092506252229213715,0,8
-0.24804860353469849,0.78081822395324707,-0.92800003290176392,0.0060745645314455032,-0.037730608135461807,0,0.071959026157855988,-0.16222468018531799,0,8
0.22910042107105255,0.800251305103302,-0.92800003290176392,0.0087780700996518135,-0.049250170588493347,0,0.12806275486946106,-0.38495162129402161,0,8
0.14217241108417511,0.62030822038650513,-0.92800003290176392,0.0086455149576067924,-0.04212743416428566,0,0.13807740807533264,0.1817394345998764,0,8
0.55544596910476685,0.82189309597015381,-0.92800003290176392,0.031178005039691925,-0.0040026474744081497,0,0.021701863035559654,0.062447201460599899,0,8
0.7359423041343689,1.0178437232971191,-0.92800003290176392,-0.033206358551979065,-0.040417458862066269,0,-0.24075953662395477,0.15955834090709686,0,8
0.92800003290176392,0.76313614845275879,-0.92800003290176392,0,-0.0070998580195009708,0,0,0.6047900915145874,0,8
-0.92800003290176392,1.0193361043930054,-0.74212032556533813,0,-0.044711161404848099,0.027889605611562729,0,0.4368380606174469,0.29917636513710022,8
-0.92800003290176392,1.0348337888717651,-0.92800003290176392,0,0.0028776885010302067,0,0,0.6832660436630249,0,8
-0.52346342802047729,1.0513348579406738,-0.78056210279464722,0.064120739698410034,-0.10471751540899277,0.045553658157587051,0.64888745546340942,-0.33020249009132385,0.25133660435676575,8
-0.37712973356246948,0.99917358160018921,-0.92800003290176392,0.048742532730102539,-0.032876014709472656,0,0.59392708539962769,-0.017036832869052887,0,8
0.011231577023863792,1.0002713203430176,-0.92800003290176392,0.0070973238907754421,-0.033556509763002396,0,-0.33661660552024841,-0.0010303035378456116,0,8
0.11081632971763611,0.99818533658981323,-0.92800003290176392,-0.0057014529593288898,-0.032399445772171021,0,-0.53570467233657837,0.11446795612573624,0,8
0.44340705871582031,1.0065428018569946,-0.92800003290176392,-0.020640287548303604,-0.033387608826160431,0,-0.33203673362731934,0.14498768746852875,0,8
0.57389885187149048,1.0474840402603149,-0.80566519498825073,-0.036112271249294281,-0.082715250551700592,0.046784847974777222,-0.5720553994178772,-0.20089587569236755,0.52507644891738892,8
0.92800003290176392,1.0382423400878906,-0.92800003290176392,0,-0.012987447902560234,0,0,0.38135764002799988,0,8
0.92800003290176392,0.99503082036972046,-0.72181206941604614,0,-0.032438900321722031,0.049331028014421463,0,0.34533584117889404,0.41030129790306091,8
-0.92800003290176392,1.0067075490951538,-0.55751729011535645,0,-0.023380320519208908,-0.018919449299573898,0,0.44559067487716675,0.14305247366428375,8
-0.76403558254241943,1.0502184629440308,-0.53710758686065674,0.071805194020271301,-0.10104863345623016,0.028996864333748817,0.36230093240737915,-0.34307774901390076,0.26041343808174133,8
-0.68100541830062866,0.83101409673690796,-0.67184627056121826,0.028232075273990631,-0.11463393270969391,0.033153582364320755,-0.073095500469207764,-0.40007403492927551,0.22708490490913391,8
-0.23680806159973145,1.0049514770507812,-0.70806026458740234,0.040274962782859802,-0.13075107336044312,0.056486617773771286,0.1243654191493988,-0.32982763648033142,0.41695553064346313,8
-0.15297327935695648,0.79240942001342773,-0.70816618204116821,0.068155199289321899,-0.077131889760494232,0.020286101847887039,-0.10937287658452988,-0.70577222108840942,1.2858973741531372,8
0.049609728157520294,0.80977749824523926,-0.69445115327835083,0.0011347427498549223,0.0016287714242935181,0.011379718780517578,0.32558524608612061,0.19413883984088898,0.44188371300697327,8
0.30409544706344604,1.0065126419067383,-0.65039938688278198,-0.014656472019851208,-0.098732270300388336,0.066729210317134857,-0.054704293608665466,-0.19571720063686371,0.53468704223632812,8
0.67460405826568604,0.82130956649780273,-0.67427027225494385,-0.021810196340084076,-0.087524242699146271,0.04042578861117363,-0.076586000621318817,-0.11231481283903122,0.074522934854030609,8
0.78865987062454224,1.0358580350875854,-0.54854583740234375,-0.041622892022132874,-0.078863494098186493,0.024966120719909668,-0.27639055252075195,-0.049099620431661606,0.44293791055679321,8
0.92800003290176392,0.79736608266830444,-0.5593181848526001,0,-0.023159164935350418,-0.039018929004669189,0,0.29274556040763855,-0.031631067395210266,8
-0.92800003290176392,0.60904836654663086,-0.24803332984447479,0,-0.021926736459136009,0.0066111180931329727,0,0.55431360006332397,0.72482836246490479,8
-0.92800003290176392,1.0172911882400513,-0.41514942049980164,0,-0.019524587318301201,-0.01801709458231926,0,0.46120867133140564,0.53552168607711792,8
-0.63570195436477661,1.0012450218200684,-0.28356614708900452,0.069746293127536774,-0.10961896926164627,0.0049882102757692337,0.47009521722793579,-0.66552442312240601,-0.16295617818832397,8
-0.59347569942474365,1.0008140802383423,-0.61268937587738037,0.070401161909103394,-0.09808070957660675,0.046722780913114548,-0.060172896832227707,-0.27818083763122559,-0.095725685358047485,8
-0.21425028145313263,0.98690825700759888,-0.54244589805603027,0.12716147303581238,-0.042259242385625839,0.18249717354774475,1.0261777639389038,-0.310374915599823,1.1786143779754639,8
0.20378096401691437,0.98923689126968384,-0.55712753534317017,0.034241434186697006,-0.05143989622592926,0.14750994741916656,0.41594231128692627,-0.034548863768577576,0.68171131610870361,8
0.59323614835739136,0.99974429607391357,-0.58912068605422974,-0.067487113177776337,-0.072895720601081848,0.060491614043712616,-0.44197461009025574,0.038525905460119247,0.17610511183738708,8
0.68488883972167969,0.99918538331985474,-0.28322857618331909,-0.014311590231955051,-0.11808609217405319,0.012084305286407471,-0.19340234994888306,-0.20992620289325714,-0.14903660118579865,8
0.92800003290176392,0.99086916446685791,-0.41118147969245911,0,-0.024598553776741028,-0.020217461511492729,0,0.30367666482925415,0.25192081928253174,8
0.92800003290176392,0.60185593366622925,-0.24220721423625946,0,-0.020439771935343742,0.015188980847597122,0,0.033147856593132019,0.46318599581718445,8
-0.92800003290176392,0.81199777126312256,-0.26985055208206177,0,-0.013681124895811081,-0.054155480116605759,0,0.13226267695426941,-0.37787562608718872,8
-0.92800003290176392,1.0006231069564819,-0.061301223933696747,0,-0.021294906735420227,-0.031432751566171646,0,0.37859255075454712,0.21683748066425323,8
-0.71477323770523071,0.78627616167068481,-0.0646238774061203,-0.027884673327207565,-0.054438643157482147,0.066634051501750946,0.52142810821533203,0.1719091385602951,0.58362585306167603,8
-0.50507628917694092,0.99958312511444092,-0.24653260409832001,0.22066748142242432,-0.098916590213775635,0.042708784341812134,1.371399998664856,-0.092815376818180084,0.08235565572977066,8
-0.19726112484931946,1.2017999887466431,-0.15064889192581177,-0.017667194828391075,1.5699714422225952,0.017206860706210136,-0.75466436147689819,10.710231781005859,-0.24817539751529694,8
0.17425025999546051,1.2020093202590942,-0.13641524314880371,-0.0094138076528906822,1.5730054378509521,-0.0075247902423143387,0.51765668392181396,10.73077392578125,0.056208677589893341,8
0.54737377166748047,0.99702572822570801,-0.18329992890357971,-0.19334132969379425,-0.0029156627133488655,0.038195647299289703,-1.4907989501953125,-0.030727623030543327,0.057471577078104019,8
0.69189006090164185,0.79531574249267578,-0.065556429326534271,0.025086265057325363,-0.0537303127348423,0.10432672500610352,-0.63801783323287964,0.5725710391998291,-0.20674242079257965,8
0.92800003290176392,0.98042720556259155,-0.057319801300764084,0,-0.0086072236299514771,0.0063554598018527031,0,0.35800954699516296,0.4287169873714447,8
0.92800003290176392,0.78697210550308228,-0.22890095412731171,0,-0.02199479378759861,-0.026940695941448212,0,-0.24304129183292389,-0.042570397257804871,8
-0.92800003290176392,0.81637895107269287,0.20651876926422119,0,-0.014684699475765228,-0.016077160835266113,0,0.072821579873561859,0.13880240917205811,8
-0.92800003290176392,1.0014170408248901,0.025034314021468163,0,-0.023010455071926117,-0.039941061288118362,0,0.18867170810699463,-0.21713598072528839,8
-0.65850812196731567,0.79849070310592651,0.093130886554718018,-0.059069585055112839,-0.080224886536598206,-0.066785961389541626,-0.4477401077747345,0.3640839159488678,0.16289389133453369,8
-0.58198708295822144,0.99708151817321777,0.2217974066734314,0.024296220391988754,-0.0028803488239645958,-0.06599947065114975,0.54500430822372437,0.17363964021205902,-0.59352982044219971,8
-0.24095551669597626,1.2016335725784302,0.076042070984840393,0.030038569122552872,1.5674476623535156,-0.003423674963414669,-0.35043618083000183,10.683030128479004,0.5424034595489502,8
0.092799894511699677,1.2017241716384888,0.24386224150657654,-0.0040842024609446526,1.5686526298522949,-0.02588292770087719,0.087413422763347626,10.683874130249023,0.011934543959796429,8
0.54556053876876831,0.99011218547821045,0.20732501149177551,-0.17157524824142456,-0.085922770202159882,0.030738189816474915,-1.099199652671814,-0.022853536531329155,0.4682166576385498,8
0.72101444005966187,0.77314823865890503,0.1332022100687027,0.0014277887530624866,-0.060496162623167038,-0.088510386645793915,-0.59794098138809204,0.14972794055938721,-0.11264271289110184,8
0.92800003290176392,0.98239624500274658,0.029609622433781624,0,-0.013019479811191559,-0.0016743208980187774,0,0.14857928454875946,-0.13420253992080688,8
0.92800003290176392,0.79196447134017944,0.2434418797492981,0,-0.050658319145441055,-0.0026306509971618652,0,-0.70680975914001465,-0.15857669711112976,8
-0.92800003290176392,0.62107521295547485,0.20235344767570496,0,-0.040523409843444824,0.010964967310428619,0,-0.10348956286907196,0.73659652471542358,8
-0.92800003290176392,1.0138078927993774,0.3968299925327301,0,-0.016138290986418724,-0.0049918494187295437,0,0.45441073179244995,-0.014561460353434086,8
-0.70801061391830444,1.009675145149231,0.2709040641784668,-0.0060803443193435669,-0.12753070890903473,-0.038727540522813797,0.24514216184616089,-0.24550391733646393,-0.10051532834768295,8
-0.61561304330825806,0.98929142951965332,0.60829287767410278,0.07341320812702179,-0.10576160997152328,-0.045772720128297806,0.43395122885704041,0.035685673356056213,-0.27471193671226501,8
-0.20612500607967377,0.98002809286117554,0.54804712533950806,-0.049275975674390793,-0.044886194169521332,-0.16943775117397308,-0.72275972366333008,-0.16305013000965118,-0.91822338104248047,8
0.20179906487464905,1.0062545537948608,0.53132367134094238,-0.067710749804973602,0.027101501822471619,-0.19994765520095825,-0.43748077750205994,0.776722252368927,-1.3404920101165771,8
0.63491332530975342,0.99540477991104126,0.66200149059295654,-0.064695462584495544,-0.10118935257196426,-0.10365384072065353,-0.00013031065464019775,-0.29213926196098328,-0.15210917592048645,8
0.66716772317886353,1.0082707405090332,0.27711081504821777,-0.071260295808315277,-0.15334287285804749,-0.030344268307089806,-0.73642170429229736,-0.44617381691932678,0.22411257028579712,8
0.92800003290176392,0.98427915573120117,0.38404661417007446,0,0.00026486534625291824,-0.038289666175842285,0,0.69785654544830322,-0.12025437504053116,8
0.92800003290176392,0.61172473430633545,0.2483288049697876,0,-0.02858462929725647,0.0028739410918205976,0,-0.18242496252059937,0.14633768796920776,8
-0.92800003290176392,0.80943351984024048,0.54509657621383667,0,-0.034865140914916992,0.031741216778755188,0,-0.071548141539096832,-0.17178697884082794,8
-0.92800003290176392,1.0171717405319214,0.59697985649108887,0,-0.034981969743967056,0.0010929952841252089,0,0.36385861039161682,-0.011790113523602486,8
-0.68756556510925293,0.81206560134887695,0.68173378705978394,0.048032853752374649,-0.085630141198635101,-0.042819365859031677,0.53719431161880493,-0.31365883350372314,0.045935060828924179,8
-0.2585655152797699,1.0036407709121704,0.70325148105621338,-0.00023783999495208263,-0.13167980313301086,-0.016969941556453705,-0.039433769881725311,-0.3815864622592926,-0.31646338105201721,8
-0.12395687401294708,0.78412175178527832,0.71929728984832764,0.10576213896274567,-0.021848715841770172,-0.0084752188995480537,0.51473665237426758,0.29900100827217102,-0.67562586069107056,8
0.096563346683979034,0.8103598952293396,0.6823456883430481,-0.09712529182434082,-0.081380896270275116,0.022877708077430725,-0.72215163707733154,-0.12922994792461395,-0.17728243768215179,8
0.25911822915077209,1.0059412717819214,0.68848949670791626,-0.052419599145650864,-0.11456358432769775,-0.036442257463932037,-0.054744105786085129,-0.15727287530899048,-0.14776511490345001,8
0.68563598394393921,0.80475783348083496,0.68413621187210083,-0.030664462596178055,-0.067310623824596405,-0.07540525496006012,-0.094748131930828094,-0.61170881986618042,-0.32643532752990723,8
0.81732505559921265,1.0355637073516846,0.5515785813331604,-0.02161097526550293,-0.042367320507764816,-0.02670547179877758,-0.29987719655036926,0.059327553957700729,-0.50671309232711792,8
0.92800003290176392,0.79226773977279663,0.5656847357749939,0,-0.033348951488733292,0.010864770039916039,0,0.25427386164665222,-0.033219911158084869,8
-0.92800003290176392,1.0258444547653198,0.74627155065536499,0,-0.038471817970275879,-0.040163110941648483,0,0.16029316186904907,-0.7352217435836792,8
-0.92800003290176392,1.0456293821334839,0.92800003290176392,0,-0.0093927597627043724,0,0,0.25904372334480286,0,8
-0.59125018119812012,1.0456207990646362,0.83069896697998047,0.0041368310339748859,-0.082040436565876007,-0.010378019884228706,0.47979983687400818,-0.16135787963867188,-0.43414545059204102,8
-0.41369834542274475,1.007267951965332,0.92800003290176392,0.007938615046441555,-0.0185353122651577,0,0.45027515292167664,0.49175941944122314,0,8
-0.029246440157294273,0.99962842464447021,0.92800003290176392,-0.007426135241985321,-0.0077995317988097668,0,-0.096682317554950714,0.43031799793243408,0,8
0.060645423829555511,0.9998619556427002,0.92800003290176392,-0.027620706707239151,-0.012304625473916531,0,-0.26204091310501099,0.41233164072036743,0,8
0.4111349880695343,1.0100352764129639,0.92800003290176392,-0.019571572542190552,-0.022896640002727509,0,-0.29296618700027466,0.52330935001373291,0,8
0.57440263032913208,1.0524590015411377,0.81146508455276489,-0.016100414097309113,-0.076086468994617462,-0.029132064431905746,-0.16468164324760437,-0.10137497633695602,-0.72074872255325317,8
0.92800003290176392,1.0403226613998413,0.92800003290176392,0,-0.018690258264541626,0,0,0.24358569085597992,0,8
0.92800003290176392,0.99471837282180786,0.73963660001754761,0,-0.045708928257226944,-0.079748347401618958,0,0.34986072778701782,-0.58664536476135254,8
-0.92800003290176392,0.761557936668396,0.92800003290176392,0,0.014038626104593277,0,0,0.4576621949672699,0,8
-0.71913421154022217,1.0169142484664917,0.92800003290176392,0.025821402668952942,-0.032704971730709076,0,0.25522235035896301,0.43449369072914124,0,8
-0.57124221324920654,0.82219123840332031,0.92800003290176392,-0.019811619073152542,-0.012460631318390369,0,0.075143590569496155,0.46016731858253479,0,8
-0.33383530378341675,0.61772572994232178,0.92800003290176392,0.0086536239832639694,-0.021273117512464523,0,0.18945454061031342,0.16104932129383087,0,8
-0.23288427293300629,0.79527246952056885,0.92800003290176392,-0.038513690233230591,-0.033819030970335007,0,-0.057991925626993179,-0.2451806515455246,0,8
0.24023480713367462,0.80837094783782959,0.92800003290176392,-0.01917077973484993,-0.0032682246528565884,0,-0.41000685095787048,0.27045583724975586,0,8
0.16269949078559875,0.61636680364608765,0.92800003290176392,-0.010123955085873604,-0.039826095104217529,0,-0.078188791871070862,0.15259197354316711,0,8
0.56436061859130859,0.82342803478240967,0.92800003290176392,0.041426792740821838,-0.023960636928677559,0,-0.15032729506492615,0.34217113256454468,0,8
0.73644137382507324,1.0171700716018677,0.92800003290176392,-0.039172619581222534,-0.050786502659320831,0,-0.16087016463279724,0.42824816703796387,0,8
0.92800003290176392,0.759391188621521,0.92800003290176392,0,0.016221258789300919,0,0,0.80465441942214966,0,8
-0.92800003290176392,0.64673322439193726,-0.92800003290176392,0,0.027019435539841652,0,0,0.45635253190994263,0,8
-0.92800003290176392,0.88716822862625122,-0.92800003290176392,0,-0.0070573338307440281,0,0,0.76510071754455566,0,8
-0.45636662840843201,1.0015586614608765,-0.92800003290176392,0.091514840722084045,-0.024570103734731674,0,0.80094534158706665,0.16688251495361328,0,8
-0.41503491997718811,0.80613619089126587,-0.92800003290176392,-0.0042396700009703636,-0.024401817470788956,0,-0.075653150677680969,0.17494824528694153,0,8
-0.081586681306362152,0.99735933542251587,-0.92800003290176392,0.022827692329883575,-0.024817300960421562,0,0.1244378387928009,0.075694561004638672,0,8
0.20828734338283539,0.99531447887420654,-0.92800003290176392,-0.014184951782226562,-0.018461359664797783,0,-0.29365625977516174,0.39646270871162415,0,8
0.3953397274017334,0.80358403921127319,-0.92800003290176392,-0.012176445685327053,-0.025985337793827057,0,-0.086707793176174164,0.077634185552597046,0,8
0.5201725959777832,1.0050458908081055,-0.92800003290176392,-0.03113916888833046,-0.023872485384345055,0,-0.7225341796875,0.37910178303718567,0,8
0.92800003290176392,0.89622765779495239,-0.92800003290176392,0,-0.0042181750759482384,0,0,0.63850975036621094,0,8
0.92800003290176392,0.6363976001739502,-0.92800003290176392,0,0.028317676857113838,0,0,-0.04140743613243103,0,8
-0.92800003290176392,0.75187301635742188,-0.92800003290176392,0,-0.017705069854855537,0,0,0.65543007850646973,0,8
-0.92800003290176392,1.0348339080810547,-0.92800003290176392,0,0.002877688966691494,0,0,0.68326598405838013,0,8
-0.66348695755004883,1.0329679250717163,-0.92800003290176392,0.025980172678828239,-0.039680160582065582,0,0.32680404186248779,-0.020926481112837791,0,8
-0.27605715394020081,1.0041862726211548,-0.92800003290176392,0.02854844368994236,-0.031908378005027771,0,0.33722826838493347,0.055309046059846878,0,8
-0.17878833413124084,0.99912363290786743,-0.92800003290176392,0.025246623903512955,-0.026327421888709068,0,0.3080076277256012,0.12649570405483246,0,8
0.25580376386642456,1.0416399240493774,-0.7991364598274231,0.0037681956309825182,-0.0992451012134552,0.076897159218788147,0.01968807727098465,-0.36971655488014221,0.38725775480270386,8
0.33561047911643982,1.0030184984207153,-0.92800003290176392,-0.005414753220975399,-0.031209187582135201,0,0.057668942958116531,0.12016469240188599,0,8
0.68635886907577515,1.0156577825546265,-0.92800003290176392,-0.015572799369692802,-0.040833137929439545,0,-0.26465258002281189,0.19215981662273407,0,8
0.92800003290176392,1.0382424592971802,-0.92800003290176392,0,-0.012987473048269749,0,0,0.38135805726051331,0,8
0.92800003290176392,0.76313614845275879,-0.92800003290176392,0,-0.0070998580195009708,0,0,0.6047900915145874,0,8
-0.92800003290176392,1.0173244476318359,-0.44540774822235107,0,-0.017768774181604385,-0.016056761145591736,0,0.46893101930618286,0.36788991093635559,8
-0.92800003290176392,1.0202112197875977,-0.72162497043609619,0,-0.046717580407857895,0.019460160285234451,0,0.42384499311447144,0.27072867751121521,8
-0.72674936056137085,1.0534048080444336,-0.73291492462158203,0.0087283430621027946,-0.12472823262214661,0.013858460821211338,0.29903104901313782,-0.46252390742301941,0.32831829786300659,8
-0.38350921869277954,1.0194638967514038,-0.71951484680175781,0.095251381397247314,-0.13621330261230469,0.04264058917760849,0.80914711952209473,-0.4271596372127533,-0.30362200736999512,8
-0.088594384491443634,1.0085686445236206,-0.72045266628265381,-0.029995147138834,-0.13836225867271423,0.069896504282951355,-0.2797904908657074,-0.32249358296394348,0.41977977752685547,8
0.091734848916530609,1.0126594305038452,-0.72490203380584717,0.0029908972792327404,-0.15893237292766571,0.025044951587915421,-0.20114517211914062,-0.56519907712936401,0.25780367851257324,8
0.46148663759231567,1.0187604427337646,-0.68257588148117065,-0.051890458911657333,-0.1149422898888588,0.037466403096914291,-0.38768178224563599,-0.49935600161552429,0.19528733193874359,8
0.74567538499832153,1.044896125793457,-0.72473609447479248,0.0032169250771403313,-0.10581956058740616,-0.0011527461465448141,-0.25821149349212646,-0.50121277570724487,0.23681551218032837,8
0.92800003290176392,0.98363006114959717,-0.66132360696792603,0,-0.0096112824976444244,0.0058923270553350449,0,0.50576120615005493,0.41233271360397339,8
0.92800003290176392,0.98746830224990845,-0.53925830125808716,0,-0.033165387809276581,-0.017264196649193764,0,0.1430189460515976,0.25958189368247986,8
-0.92800003290176392,0.8152313232421875,-0.45057344436645508,0,-0.043805789202451706,-0.037307456135749817,0,0.14628453552722931,-0.10463900119066238,8
-0.92800003290176392,1.0102493762969971,-0.28379964828491211,0,-0.038060262799263,-0.013490581884980202,0,0.13431484997272491,0.39411219954490662,8
-0.67353636026382446,1.012332558631897,-0.42469894886016846,0.052401382476091385,-0.13478362560272217,0.044056467711925507,-0.047676932066679001,-0.46444615721702576,0.42510184645652771,8
-0.52537834644317627,1.0181577205657959,-0.58976477384567261,0.033597767353057861,-0.13083536922931671,0.0019216230139136314,0.27854582667350769,0.18804697692394257,-0.26261359453201294,8
-0.094695277512073517,0.9853331446647644,-0.49149367213249207,-0.099435575306415558,-0.17793393135070801,0.23014046251773834,-1.0089285373687744,-0.45052346587181091,1.2412346601486206,8
0.048942908644676208,0.98037838935852051,-0.54070937633514404,-0.09810926765203476,-0.016749992966651917,0.16309522092342377,-0.72571074962615967,0.79089635610580444,0.40507611632347107,8
0.48111644387245178,1.0187621116638184,-0.51083242893218994,-0.082817479968070984,-0.041827041655778885,0.070050604641437531,-0.74113655090332031,0.22646571695804596,0.50747102499008179,8
0.69269710779190063,1.0087289810180664,-0.43003728985786438,-0.079979084432125092,-0.14036330580711365,0.072649478912353516,0.0089507540687918663,-0.29496696591377258,0.41225317120552063,8
0.92800003290176392,0.9864349365234375,-0.32505476474761963,0,-0.024191278964281082,-0.014965743757784367,0,0.51068204641342163,0.26357588171958923,8
0.92800003290176392,0.7964940071105957,-0.40116670727729797,0,-0.0075396751053631306,0.015389406122267246,0,0.47563552856445312,0.035684723407030106,8
-0.92800003290176392,0.99693715572357178,-0.16175675392150879,0,-0.016391310840845108,-0.031535744667053223,0,0.5551336407661438,0.31640610098838806,8
-0.77591997385025024,1.0389537811279297,-0.22767749428749084,0.062753744423389435,-0.14024394750595093,-0.02880694717168808,-0.015770718455314636,-0.2838742733001709,-0.25462925434112549,8
-0.71235942840576172,1.0066671371459961,-0.071603737771511078,0.031251966953277588,-0.14829017221927643,0.0069859321229159832,0.2748064398765564,-0.32152619957923889,-0.061328914016485214,8
-0.53991633653640747,0.97293448448181152,-0.080552153289318085,0.18215231597423553,-0.024408647790551186,0.035823829472064972,0.89500659704208374,0.75562846660614014,0.056618634611368179,8
-0.045786913484334946,1.201940655708313,-0.23043069243431091,-0.0011903899721801281,1.5720460414886475,-0.0082986112684011459,0.066886693239212036,10.728460311889648,-0.95976495742797852,8
0.16999922692775726,1.2019072771072388,0.023098787292838097,-0.0035217576660215855,1.571429967880249,-0.0053609837777912617,0.35971254110336304,10.712656021118164,0.27060335874557495,8
0.44655147194862366,0.98301237821578979,-0.070708252489566803,-0.24925512075424194,-0.10187777876853943,-0.10363803058862686,-1.2137026786804199,0.2216966301202774,-0.78363615274429321,8
0.71968019008636475,1.0010740756988525,-0.095798738300800323,-0.043381310999393463,-0.1279556006193161,-0.028549427166581154,-0.63244128227233887,-0.0010581314563751221,-0.0034078021999448538,8
0.84033399820327759,1.0311230421066284,-0.2365892231464386,-0.059528809040784836,-0.063554346561431885,-0.010196528397500515,0.24836058914661407,-0.17620000243186951,0.26277115941047668,8
0.92800003290176392,0.9802398681640625,-0.17506036162376404,0,-0.023264553397893906,0.020671509206295013,0,0.36351451277732849,0.47363010048866272,8
-0.92800003290176392,1.0006977319717407,0.11679451912641525,0,-0.02121228352189064,-0.05909360945224762,0,0.26744231581687927,-0.58855730295181274,8
-0.87378948926925659,1.0405875444412231,0.21057984232902527,-0.010313715785741806,-0.061193633824586868,-0.020037118345499039,-0.28660807013511658,-0.25489780306816101,-0.05809234082698822,8
-0.70608979463577271,1.0082854032516479,0.10814069211483002,0.04230031743645668,-0.14020521938800812,0.0066835638135671616,1.0375368595123291,-0.20145981013774872,0.021125327795743942,8
-0.50253957509994507,0.97714293003082275,0.078806556761264801,0.16112315654754639,-0.11491496860980988,-0.0012134880525991321,0.29061910510063171,0.33552733063697815,1.0168652534484863,8
-0.16731195151805878,1.2016158103942871,0.17253716289997101,0.041517008095979691,1.5671519041061401,-0.0008568001794628799,-0.33947667479515076,10.677358627319336,0.37067055702209473,8
0.15504066646099091,1.2018445730209351,0.10960964113473892,-0.0055779693648219109,1.5704630613327026,-0.0054375641047954559,0.20961011946201324,10.70234203338623,0.11371961981058121,8
0.56055545806884766,0.9684455394744873,0.047492310404777527,-0.13274635374546051,-0.03031887486577034,-0.07234598696231842,-0.80101913213729858,0.26837220788002014,-0.34962379932403564,8
0.73334908485412598,1.0097401142120361,0.077762305736541748,-0.033554490655660629,-0.13729271292686462,-0.0088101541623473167,-0.44599351286888123,-0.27211815118789673,0.25311532616615295,8
0.83239161968231201,1.0317796468734741,0.21673370897769928,-0.031674068421125412,-0.090661220252513885,0.0060084122233092785,-0.026978997513651848,-0.27363583445549011,0.065703727304935455,8
0.92800003290176392,0.98148119449615479,0.14034277200698853,0,-0.01295727863907814,-0.024511514231562614,0,0.066074229776859283,-0.46699169278144836,8
-0.92800003290176392,0.81807875633239746,0.37258890271186829,0,-0.020843736827373505,-0.0045274402946233749,0,-0.32878917455673218,0.24427379667758942,8
-0.92800003290176392,1.0095484256744385,0.30286654829978943,0,-0.019745916128158569,-0.0051206201314926147,0,0.42460474371910095,0.051935609430074692,8
-0.75528544187545776,1.0342077016830444,0.47153016924858093,0.047259911894798279,-0.11565598845481873,-0.019774084910750389,-0.12602761387825012,-0.33970129489898682,0.088149674236774445,8
-0.43008524179458618,0.99922418594360352,0.54292780160903931,0.059752102941274643,-0.087228477001190186,-0.084347993135452271,0.64226341247558594,0.14002047479152679,-0.62762969732284546,8
-0.061500184237957001,0.97850406169891357,0.55977284908294678,0.059478819370269775,-0.0098942238837480545,-0.1534498929977417,0.29415291547775269,0.58969640731811523,-0.80458176136016846,8
0.065661780536174774,0.98790353536605835,0.4584079384803772,0.058076187968254089,-0.10338670015335083,-0.2627367377281189,0.75495874881744385,-0.0038395819719880819,-1.7553313970565796,8
0.48813211917877197,1.0009119510650635,0.40586602687835693,-0.11210465431213379,-0.10124742239713669,-0.097136780619621277,-1.0029870271682739,-0.074282206594944,-1.3645627498626709,8
0.71736723184585571,1.0166486501693726,0.42665988206863403,-0.099956773221492767,-0.11045139282941818,-0.064660154283046722,-0.32187443971633911,-0.55082535743713379,-0.42668411135673523,8
0.92800003290176392,0.98436284065246582,0.28627416491508484,0,-0.0093479063361883163,-0.013089345768094063,0,0.45800593495368958,-0.15335498750209808,8
0.92800003290176392,0.79234957695007324,0.40957921743392944,0,0.0079770144075155258,-0.00085573119577020407,0,-0.10122505575418472,-0.28083965182304382,8
-0.92800003290176392,1.0228598117828369,0.4946647584438324,0,-0.033834420144557953,0.00093444634694606066,0,0.35050791501998901,0.038738977164030075,8
-0.92800003290176392,1.0162196159362793,0.6737944483757019,0,-0.028146617114543915,-0.039810717105865479,0,0.47355347871780396,-0.2432362288236618,8
-0.7294318675994873,1.0431469678878784,0.70008021593093872,0.016188258305191994,-0.11929606646299362,-0.024688277393579483,0.26651439070701599,-0.67949223518371582,-0.45574164390563965,8
-0.42591431736946106,1.0235518217086792,0.72494632005691528,0.04604894295334816,-0.10859808325767517,-0.063850678503513336,0.354869544506073,-0.12412435561418533,-0.29612982273101807,8
-0.10520859062671661,1.0166416168212891,0.74319583177566528,-0.03041796013712883,-0.12737651169300079,-0.018374452367424965,-0.44228026270866394,-0.23306450247764587,-0.005441978108137846,8
0.064954333007335663,1.0079269409179688,0.69755947589874268,0.0073680179193615913,-0.16099736094474792,-0.050101157277822495,0.24338506162166595,-0.32682713866233826,-0.41201534867286682,8
0.41713115572929382,1.0274773836135864,0.75550240278244019,-0.052993994206190109,-0.12487483024597168,-0.045392878353595734,-0.20482923090457916,-0.3722948431968689,-0.097993046045303345,8
0.77048206329345703,1.0531718730926514,0.72774821519851685,0.012577425688505173,-0.08470480889081955,-0.016624268144369125,-0.58020603656768799,-0.25970131158828735,-0.59059709310531616,8
0.92800003290176392,0.9681549072265625,0.63465893268585205,0,0.0065520131029188633,-0.022825762629508972,0,0.72670042514801025,-0.50946295261383057,8
0.92800003290176392,0.98360615968704224,0.50300431251525879,0,-0.014187060296535492,-0.0054026199504733086,0,0.38552197813987732,-0.22774235904216766,8
-0.92800003290176392,0.76155769824981689,0.92800003290176392,0,0.0140401441603899,0,0,0.45763421058654785,0,8
-0.92800003290176392,1.0456298589706421,0.92800003290176392,0,-0.0093917557969689369,0,0,0.25902709364891052,0,8
-0.68809026479721069,1.0150861740112305,0.92800003290176392,0.0014146516332402825,-0.03250565379858017,0,0.35726216435432434,0.46649670600891113,0,8
-0.32822319865226746,1.0053176879882812,0.92800003290176392,0.0056478683836758137,-0.017759509384632111,0,0.17092803120613098,0.46122178435325623,0,8
-0.23729331791400909,1.0041060447692871,0.92800003290176392,0.0099596017971634865,-0.015444285236299038,0,0.12856319546699524,0.38603588938713074,0,8
0.2003709077835083,1.0455235242843628,0.80313849449157715,-0.032639142125844955,-0.1058366522192955,-0.075383365154266357,-0.00084031367441639304,-0.19936679303646088,-0.2303042858839035,8
0.30637803673744202,1.0048658847808838,0.92800003290176392,-0.020900927484035492,-0.019879821687936783,0,-0.32910683751106262,0.52015328407287598,0,8
0.66581445932388306,1.0115269422531128,0.92800003290176392,-0.0010411049006506801,-0.03068203292787075,0,-0.15468610823154449,0.49657738208770752,0,8
0.92800003290176392,1.0403217077255249,0.92800003290176392,0,-0.018692964687943459,0,0,0.24362966418266296,0,8
0.92800003290176392,0.759391188621521,0.92800003290176392,0,0.016223447397351265,0,0,0.80461382865905762,0,8
-0.92800003290176392,0.63975924253463745,0.92800003290176392,0,-0.021867385134100914,0,0,0.71210950613021851,0,8
-0.92800003290176392,0.89939099550247192,0.92800003290176392,0,0.011340358294546604,0,0,0.67390519380569458,0,8
-0.49749255180358887,1.0100847482681274,0.92800003290176392,0.014161838218569756,-0.021550724282860756,0,0.7581445574760437,0.49045157432556152,0,8
-0.40209528803825378,0.79909974336624146,0.92800003290176392,0.019316356629133224,-0.0073685105890035629,0,0.11009975522756577,-0.0090763568878173828,0,8
-0.13008834421634674,0.99912607669830322,0.92800003290176392,0.0069055641070008278,-0.012881772592663765,0,0.083734132349491119,0.31520324945449829,0,8
0.17492978274822235,1.0021193027496338,0.92800003290176392,-0.0301657784730196,-0.027651939541101456,0,-0.35962632298469543,0.25639727711677551,0,8
0.40207594633102417,0.8161730170249939,0.92800003290176392,0.014349009841680527,-0.028362926095724106,0,0.1674136221408844,-0.037932243198156357,0,8
0.52874267101287842,1.0113526582717896,0.92800003290176392,-0.018256362527608871,-0.034378767013549805,0,-0.26114270091056824,0.50320863723754883,0,8
0.92800003290176392,0.89644569158554077,0.92800003290176392,0,0.010904246941208839,0,0,0.77434968948364258,0,8
0.92800003290176392,0.64185541868209839,0.92800003290176392,0,0.0011319749755784869,0,0,0.39936688542366028,0,8
