x,y,z,vx,vy,vz,ax,ay,az,mass
-0.92800003290176392,0.071999989449977875,-0.92800003290176392,0,0,0,0,0,0,8
-0.53632885217666626,0.071999989449977875,-0.92800003290176392,-0.0072359046898782253,0,0,-0.98234802484512329,0,0,8
-0.53632885217666626,0.071999989449977875,-0.92800003290176392,-0.0072359046898782253,0,0,-0.98234802484512329,0,0,8
-0.18856006860733032,0.071999989449977875,-0.92800003290176392,-0.043444044888019562,0,0,-0.031405314803123474,0,0,8
-0.18856006860733032,0.071999989449977875,-0.92800003290176392,-0.043444044888019562,0,0,-0.031405314803123474,0,0,8
0.17145945131778717,0.071999989449977875,-0.92800003290176392,-0.097889110445976257,0,0,0.33094477653503418,0,0,8
0.17145940661430359,0.071999989449977875,-0.92800003290176392,-0.09788966178894043,0,0,0.33095529675483704,0,0,8
0.52962315082550049,0.071999989449977875,-0.92800003290176392,-0.021502818912267685,0,0,0.34069719910621643,0,0,8
0.52962309122085571,0.071999989449977875,-0.92800003290176392,-0.021503282710909843,0,0,0.3407057523727417,0,0,8
0.92800003290176392,0.071999989449977875,-0.92800003290176392,0,0,0,0,0,0,8
-0.92800003290176392,0.071999989449977875,-0.52744162082672119,0,0,-0.11838401108980179,0,0,-2.470961332321167,8
-0.56690078973770142,0.071999989449977875,-0.71453070640563965,0.088885560631752014,0,-0.039417386054992676,-0.67505520582199097,0,-3.1127855777740479,8
-0.42026156187057495,0.071999989449977875,-0.54280745983123779,0.061252258718013763,0,-0.066883735358715057,1.265615701675415,0,-2.7845087051391602,8
-0.18660333752632141,0.071999989449977875,-0.70443987846374512,-0.069636166095733643,0,-0.076248236000537872,-6.789794921875,0,-4.2843966484069824,8
0.0022198043297976255,0.071999989449977875,-0.72686082124710083,-0.0061339954845607281,0,0.017074702307581902,-0.097305953502655029,0,-2.4802396297454834,8
0.18682479858398438,0.071999989449977875,-0.70662403106689453,0.067213825881481171,0,-0.053599782288074493,1.7628053426742554,0,-3.3257615566253662,8
0.37892085313796997,0.071999989449977875,-0.72283971309661865,0.0089138001203536987,0,-0.089372560381889343,0.73476928472518921,0,-1.5507242679595947,8
0.49165618419647217,0.071999989449977875,-0.56109923124313354,0.060873478651046753,0,0.039816781878471375,0.020748337730765343,0,-0.87345415353775024,8
0.74304389953613281,0.071999989449977875,-0.71678286790847778,0.029307615011930466,0,-0.064254626631736755,-1.7484842538833618,0,-2.1489708423614502,8
0.92800003290176392,0.071999989449977875,-0.54865330457687378,0,0,0.019599735736846924,0,0,1.0652772188186646,8
-0.92800003290176392,0.071999989449977875,-0.52744162082672119,0,0,-0.11838401108980179,0,0,-2.470961332321167,8
-0.55277901887893677,0.071999989449977875,-0.38495549559593201,-0.049970749765634537,0,0.14117689430713654,-1.4010879993438721,0,-1.2533166408538818,8
-0.36534965038299561,0.071999989449977875,-0.36180412769317627,-0.017808560281991959,0,0.028318868950009346,-1.5358901023864746,0,-2.6831481456756592,8
-0.25509008765220642,0.071999989449977875,-0.53298193216323853,-0.021645208820700645,0,-0.10336560010910034,-2.2263298034667969,0,-5.4325242042541504,8
-0.1668134331703186,0.071999989449977875,-0.39835688471794128,0.065301544964313507,0,-0.021267436444759369,-1.8690576553344727,0,-1.3538780212402344,8
0.19937637448310852,0.071999989449977875,-0.38567134737968445,0.12713488936424255,0,0.0025739395059645176,1.2104039192199707,0,-0.98474156856536865,8
0.34436303377151489,0.071999989449977875,-0.54533535242080688,0.060211315751075745,0,-0.042629014700651169,0.38295829296112061,0,-0.19612713158130646,8
0.36977154016494751,0.071999989449977875,-0.38159817457199097,0.0072640408761799335,0,-0.018739204853773117,0.44815045595169067,0,-2.1529245376586914,8
0.54837465286254883,0.071999989449977875,-0.32744854688644409,0.020936574786901474,0,-0.085457839071750641,-0.65612274408340454,0,-1.3292397260665894,8
0.92800003290176392,0.071999989449977875,-0.54865330457687378,0,0,0.019599735736846924,0,0,1.0652772188186646,8
-0.92800003290176392,0.071999989449977875,-0.17787131667137146,0,0,-0.060422539710998535,0,0,-1.501987099647522,8
-0.70469701290130615,0.071999989449977875,-0.51496738195419312,-0.05269308015704155,0,-0.081117577850818634,-0.94089651107788086,0,-1.2880653142929077,8
-0.55688744783401489,0.071999989449977875,-0.23945173621177673,-0.022089898586273193,0,-0.058305982500314713,-1.2916083335876465,0,-2.9430196285247803,8
-0.24186143279075623,0.071999989449977875,-0.21997639536857605,0.054005824029445648,0,0.00016672688070684671,-0.84375429153442383,0,-0.59582877159118652,8
-0.098412767052650452,0.071999989449977875,-0.23762524127960205,0.11275452375411987,0,-0.080940417945384979,0.16172422468662262,0,-2.0991833209991455,8
0.080175802111625671,0.071999989449977875,-0.18447050452232361,0.085627943277359009,0,-0.030922619625926018,0.052429582923650742,0,-1.7492591142654419,8
0.20522964000701904,0.071999989449977875,-0.24573235213756561,0.03563990443944931,0,-0.061756286770105362,1.5275343656539917,0,-2.7778356075286865,8
0.57404768466949463,0.071999989449977875,-0.20677244663238525,0.026831885799765587,0,-0.037200316786766052,0.094838321208953857,0,-2.2914950847625732,8
0.72934591770172119,0.071999989449977875,-0.32700499892234802,0.048554025590419769,0,0.023406190797686577,0.76454383134841919,0,0.16015714406967163,8
0.92800003290176392,0.071999989449977875,-0.34524229168891907,0,0,0.0097726276144385338,0,0,-1.4432410001754761,8
-0.92800003290176392,0.071999989449977875,-0.17787128686904907,0,0,-0.060422517359256744,0,0,-1.5019875764846802,8
-0.70669162273406982,0.071999989449977875,-0.12131716310977936,-0.026946917176246643,0,-0.061438310891389847,-1.7226177453994751,0,-2.1954939365386963,8
-0.41489797830581665,0.071999989449977875,-0.1756644994020462,-0.038948476314544678,0,0.022950964048504829,-0.52524703741073608,0,-0.19865868985652924,8
-0.40643706917762756,0.071999989449977875,0.013311390765011311,0.022561585530638695,0,0.014625424519181252,1.7521234750747681,0,-0.17998510599136353,8
-0.23089545965194702,0.071999989449977875,-0.071506083011627197,-0.033809423446655273,0,0.064230427145957947,-2.0493004322052002,0,-0.18746113777160645,8
-0.070401042699813843,0.071999989449977875,-0.083614237606525421,0.049204237759113312,0,-0.010222363285720348,0.12722465395927429,0,-1.2488124370574951,8
0.22278633713722229,0.071999989449977875,-0.097213968634605408,0.038405600935220718,0,-0.030010819435119629,1.4633738994598389,0,-0.32940420508384705,8
0.37109860777854919,0.071999989449977875,-0.19542688131332397,-0.01077754981815815,0,-0.082955032587051392,1.5772179365158081,0,-0.9881516695022583,8
0.72581779956817627,0.071999989449977875,-0.092074133455753326,0.037255052477121353,0,0.014678867533802986,0.47688913345336914,0,0.39174285531044006,8
0.92800003290176392,0.071999989449977875,-0.17497144639492035,0,0,0.019422369077801704,0,0,-0.2863495945930481,8
-0.92800003290176392,0.071999989449977875,0.35485422611236572,0,0,-0.0019309213384985924,0,0,-0.37459203600883484,8
-0.71981853246688843,0.071999989449977875,0.056236319243907928,-0.08583928644657135,0,-0.090116731822490692,-3.9735569953918457,0,-1.1478660106658936,8
-0.40054890513420105,0.071999989449977875,0.21312114596366882,0.080810561776161194,0,0.022817380726337433,0.94311100244522095,0,0.51368165016174316,8
-0.25036376714706421,0.071999989449977875,0.099137045443058014,-0.0086583970114588737,0,0.031288158148527145,-1.2782748937606812,0,0.65237265825271606,8
-0.07038898766040802,0.071999989449977875,0.087951958179473877,0.018067501485347748,0,0.031318873167037964,-0.0035850515123456717,0,2.3180415630340576,8
0.092514798045158386,0.071999989449977875,0.0075291479006409645,0.088258497416973114,0,0.014654219150543213,1.1457579135894775,0,0.092061452567577362,8
0.23936903476715088,0.071999989449977875,0.080252930521965027,0.015787873417139053,0,0.043301980942487717,-0.24867875874042511,0,-0.54534906148910522,8
0.38514173030853271,0.071999989449977875,0.18191063404083252,-0.0024844587314873934,0,0.026641599833965302,0.65897661447525024,0,0.7304958701133728,8
0.72433304786682129,0.071999989449977875,0.11318506300449371,0.040749635547399521,0,0.004679099190980196,0.51768362522125244,0,0.083935581147670746,8
0.92800003290176392,0.071999989449977875,0.18196527659893036,0,0,0.02319062128663063,0,0,-0.11623480916023254,8
-0.92800003290176392,0.071999989449977875,0.1796388179063797,0,0,0.021231336519122124,0,0,-0.972756028175354,8
-0.71421462297439575,0.071999989449977875,0.41675388813018799,0.017503594979643822,0,0.010003875941038132,1.2427371740341187,0,0.70262223482131958,8
-0.533885657787323,0.071999989449977875,0.20583726465702057,0.055219430476427078,0,0.0099853035062551498,1.8011313676834106,0,1.876190185546875,8
-0.24420937895774841,0.071999989449977875,0.23990379273891449,-0.017909705638885498,0,-0.0033827745355665684,0.6259535551071167,0,1.8316076993942261,8
-0.10698490589857101,0.071999989449977875,0.24032387137413025,0.030979733914136887,0,0.10401266813278198,-0.11982265114784241,0,1.662289023399353,8
0.073698438704013824,0.071999989449977875,0.20980542898178101,0.072141267359256744,0,0.096239380538463593,-0.91819721460342407,0,1.3339711427688599,8
0.21109330654144287,0.071999989449977875,0.22388336062431335,-0.0098654711619019508,0,0.013435652479529381,-0.18007214367389679,0,0.096224941313266754,8
0.55741506814956665,0.071999989449977875,0.28659787774085999,0.02875932864844799,0,0.063083946704864502,0.51404625177383423,0,1.288537859916687,8
0.72966986894607544,0.071999989449977875,0.34128975868225098,0.0074726492166519165,0,-0.012429140508174896,-0.032165274024009705,0,-0.062490995973348618,8
0.92800003290176392,0.071999989449977875,0.18196527659893036,0,0,0.02319062128663063,0,0,-0.11623480916023254,8
-0.92800003290176392,0.071999989449977875,0.53364944458007812,0,0,-0.020273283123970032,0,0,-0.18300355970859528,8
-0.53255075216293335,0.071999989449977875,0.38032194972038269,0.078359395265579224,0,0.086028486490249634,2.3530116081237793,0,1.0108757019042969,8
-0.35475632548332214,0.071999989449977875,0.39370036125183105,-0.023237764835357666,0,0.0056840735487639904,0.19616150856018066,0,0.043859899044036865,8
-0.26019728183746338,0.071999989449977875,0.56235378980636597,0.066776998341083527,0,-0.083800658583641052,-0.18977990746498108,0,-2.9194521903991699,8
-0.14906732738018036,0.071999989449977875,0.40955856442451477,-0.017613526433706284,0,-0.070489831268787384,-0.53326165676116943,0,-3.2024650573730469,8
0.20423994958400726,0.071999989449977875,0.38718104362487793,0.001370876794680953,0,0.05440014973282814,1.2628759145736694,0,0.063631050288677216,8
0.26771444082260132,0.071999989449977875,0.54942137002944946,0.016214478760957718,0,0.029133334755897522,0.38612043857574463,0,0.10354796051979065,8
0.38332286477088928,0.071999989449977875,0.36994320154190063,0.051360554993152618,0,0.024788267910480499,0.56936055421829224,0,1.1848164796829224,8
0.566120445728302,0.071999989449977875,0.43739032745361328,0.0043111690320074558,0,-0.012546660378575325,0.051442753523588181,0,-1.4758250713348389,8
0.92800003290176392,0.071999989449977875,0.5347098708152771,0,0,0.0053038350306451321,0,0,-0.036717008799314499,8
-0.92800003290176392,0.071999989449977875,0.53364914655685425,0,0,-0.020274199545383453,0,0,-0.18298628926277161,8
-0.70992708206176758,0.071999989449977875,0.74547314643859863,-0.00069846678525209427,0,0.028831321746110916,0.31286537647247314,0,-1.2662181854248047,8
-0.43194568157196045,0.071999989449977875,0.55280143022537231,0.0297362320125103,0,-0.046347364783287048,-0.77528172731399536,0,-2.2548139095306396,8
-0.31541234254837036,0.071999989449977875,0.72740650177001953,-0.0035921062808483839,0,0.040953207761049271,0.62891054153442383,0,0.62637704610824585,8
-0.052602026611566544,0.071999989449977875,0.72971487045288086,0.054256252944469452,0,0.07111002504825592,-0.53716081380844116,0,1.4688006639480591,8
0.14169488847255707,0.071999989449977875,0.71053200960159302,0.054666571319103241,0,0.011436574161052704,-0.63410478830337524,0,0.35072222352027893,8
0.34118053317070007,0.071999989449977875,0.72901076078414917,0.034497123211622238,0,-0.010753322392702103,0.0081798434257507324,0,-0.34745284914970398,8
0.40349346399307251,0.071999989449977875,0.55931675434112549,-0.011490732431411743,0,-0.010217929258942604,-0.58239066600799561,0,-0.93997853994369507,8
0.72952651977539062,0.071999989449977875,0.73894822597503662,0.0066057946532964706,0,0.028900422155857086,-0.19283847510814667,0,-0.66839373111724854,8
0.92800003290176392,0.071999989449977875,0.5347098708152771,0,0,0.0053038350306451321,0,0,-0.036717008799314499,8
-0.92800003290176392,0.071999989449977875,0.92800003290176392,0,0,0,0,0,0,8
-0.52913475036621094,0.071999989449977875,0.92800003290176392,0.020940123125910759,0,0,0.5916709303855896,0,0,8
-0.52913475036621094,0.071999989449977875,0.92800003290176392,0.020940123125910759,0,0,0.5916709303855896,0,0,8
-0.1758284866809845,0.071999989449977875,0.92800003290176392,0.015611848793923855,0,0,0.065572828054428101,0,0,8
-0.1758284866809845,0.071999989449977875,0.92800003290176392,0.015611848793923855,0,0,0.065572828054428101,0,0,8
0.17735482752323151,0.071999989449977875,0.92800003290176392,0.011641599237918854,0,0,0.42413994669914246,0,0,8
0.17735482752323151,0.071999989449977875,0.92800003290176392,0.011641599237918854,0,0,0.42413994669914246,0,0,8
0.53231030702590942,0.071999989449977875,0.92800003290176392,0.0065767476335167885,0,0,0.50158554315567017,0,0,8
0.53231030702590942,0.071999989449977875,0.92800003290176392,0.0065767476335167885,0,0,0.50158554315567017,0,0,8
0.92800003290176392,0.071999989449977875,0.92800003290176392,0,0,0,0,0,0,8
-0.92800003290176392,0.071999989449977875,-0.92800003290176392,0,0,0,0,0,0,8
-0.92800003290176392,0.071999989449977875,-0.92800003290176392,0,0,0,0,0,0,8
-0.53632885217666626,0.071999989449977875,-0.92800003290176392,-0.0072359046898782253,0,0,-0.98234802484512329,0,0,8
-0.36327657103538513,0.071999989449977875,-0.92800003290176392,0.0015898533165454865,0,0,0.99744254350662231,0,0,8
0.17145945131778717,0.071999989449977875,-0.92800003290176392,-0.097889065742492676,0,0,0.33094412088394165,0,0,8
-0.010212003253400326,0.071999989449977875,-0.92800003290176392,-0.14081326127052307,0,0,1.3529351949691772,0,0,8
0.35347840189933777,0.071999989449977875,-0.92800003290176392,-0.14886870980262756,0,0,-1.9609850645065308,0,0,8
0.52962309122085571,0.071999989449977875,-0.92800003290176392,-0.021503282710909843,0,0,0.3407057523727417,0,0,8
0.7168421745300293,0.071999989449977875,-0.92800003290176392,-0.0014683008193969727,0,0,0.32391276955604553,0,0,8
0.92800003290176392,0.071999989449977875,-0.92800003290176392,0,0,0,0,0,0,8
-0.92800003290176392,0.071999989449977875,-0.71915793418884277,0,0,0.0016669481992721558,0,0,-1.7202657461166382,8
-0.72568482160568237,0.25191709399223328,-0.63977092504501343,0.0015271827578544617,-0.077447712421417236,0.0017107578460127115,0.4724174439907074,2.2513236999511719,-1.135766863822937,8
-0.38447386026382446,0.071999989449977875,-0.72420912981033325,0.12677937746047974,0,-0.049127265810966492,2.2243969440460205,0,-3.0004532337188721,8
-0.056769955903291702,0.28998562693595886,-0.67691713571548462,0.28934872150421143,0.099644556641578674,0.097124531865119934,0.916656494140625,-1.3169069290161133,-0.71154618263244629,8
-0.092061586678028107,0.071999989449977875,-0.53449875116348267,0.10337043553590775,0,-0.053237646818161011,-1.9981658458709717,0,-3.6329052448272705,8
0.18344020843505859,0.071999989449977875,-0.53801870346069336,-0.039429809898138046,0,-0.0021722996607422829,0.97575932741165161,0,1.1861010789871216,8
0.49705010652542114,0.31377694010734558,-0.69027704000473022,0.11265073716640472,0.010641767643392086,-0.11587268859148026,-3.1874570846557617,1.1546491384506226,-2.1313223838806152,8
0.57023483514785767,0.071999989449977875,-0.7081376314163208,0.014706220477819443,0,-0.017414499074220657,1.0394095182418823,0,-0.95126718282699585,8
0.72273790836334229,0.41258731484413147,-0.66738903522491455,0.054929058998823166,0.053839225322008133,-0.010320969857275486,1.0850894451141357,2.2208702564239502,0.89320462942123413,8
0.92800003290176392,0.071999989449977875,-0.92800003290176392,0,0,0,0,0,0,8
-0.92800003290176392,0.071999989449977875,-0.52744162082672119,0,0,-0.11838401108980179,0,0,-2.470961332321167,8
-0.73367893695831299,0.071999989449977875,-0.7239842414855957,0.0073248166590929031,0,-0.041261322796344757,-0.85716462135314941,0,-0.94313347339630127,8
-0.52187061309814453,0.071999989449977875,-0.53348737955093384,-0.088921777904033661,0,-0.0085352472960948944,-4.8355197906494141,0,-1.7303286790847778,8
0.031883947551250458,0.31466639041900635,-0.48842480778694153,0.010772952809929848,0.1682693213224411,0.24667568504810333,-3.526043176651001,-1.6247175931930542,-1.7746007442474365,8
0.032856248319149017,0.071999989449977875,-0.55820393562316895,0.18558606505393982,0,-0.017154160887002945,3.2797033786773682,0,0.18736626207828522,8
0.02737119048833847,0.071999989449977875,-0.37815132737159729,0.16410785913467407,0,-0.065947063267230988,1.5016565322875977,0,-0.41272366046905518,8
0.39597323536872864,0.30669227242469788,-0.45564502477645874,0.092355869710445404,-0.0046756500378251076,0.031928155571222305,2.0111486911773682,-0.088521584868431091,0.19171351194381714,8
0.56005144119262695,0.071999989449977875,-0.46971628069877625,-0.059071406722068787,0,-0.054282892495393753,-2.3235354423522949,0,-2.0931494235992432,8
0.71128559112548828,0.071999989449977875,-0.52814304828643799,0.0085789449512958527,0,0.019555984064936638,-1.3508707284927368,0,-2.0131287574768066,8
0.92800003290176392,0.071999989449977875,-0.47951632738113403,0,0,-0.046477992087602615,0,0,-2.2988605499267578,8
-0.92800003290176392,0.071999989449977875,-0.35235568881034851,0,0,-0.084185041487216949,0,0,-3.0974860191345215,8
-0.68501132726669312,0.2859572172164917,-0.25105330348014832,-0.08133041113615036,0.019290871918201447,0.088811039924621582,-1.1217870712280273,-3.9645524024963379,-2.466080904006958,8
-0.45710828900337219,0.30714830756187439,-0.2213401198387146,0.16211384534835815,0.1261163055896759,0.0032096924260258675,0.078390233218669891,2.1438512802124023,-6.4216823577880859,8
-0.24186317622661591,0.28782105445861816,-0.2943328320980072,0.078240983188152313,-0.30710533261299133,-0.062065299600362778,-1.0671297311782837,-4.1820793151855469,-7.6488523483276367,8
0.17051889002323151,0.31473320722579956,-0.24247953295707703,0.012286996468901634,0.090565614402294159,0.12023456394672394,0.4112408459186554,-2.4065942764282227,2.6190383434295654,8
0.097193561494350433,0.32418352365493774,-0.037936460226774216,-0.0090417657047510147,-0.013285546563565731,0.13595518469810486,-0.62180072069168091,-3.5310437679290771,0.63147801160812378,8
0.39836934208869934,0.3053315281867981,-0.26055404543876648,0.21802359819412231,-0.045068942010402679,0.027340613305568695,2.1161129474639893,-0.8068544864654541,-0.97614622116088867,8
0.59317058324813843,0.28937095403671265,-0.30259186029434204,0.064935222268104553,-0.019613971933722496,0.063922852277755737,2.4845037460327148,-0.34577342867851257,-1.2720236778259277,8
0.72525519132614136,0.30849704146385193,-0.45519635081291199,0.035114221274852753,0.037587400525808334,0.085261180996894836,0.27582406997680664,-0.013295709155499935,0.46935704350471497,8
0.92800003290176392,0.071999989449977875,-0.17497146129608154,0,0,0.019422225654125214,0,0,-0.28634679317474365,8
-0.92800003290176392,0.071999989449977875,0.17963883280754089,0,0,0.021232049912214279,0,0,-0.97272896766662598,8
-0.72066867351531982,0.071999989449977875,-0.32137009501457214,-0.044405113905668259,0,-0.082690879702568054,-1.5458337068557739,0,-2.7055661678314209,8
-0.544994056224823,0.071999989449977875,-0.094252236187458038,-0.025019407272338867,0,-0.0026942274998873472,-0.76656860113143921,0,-1.0649220943450928,8
-0.073832735419273376,0.30701953172683716,-0.12825465202331543,0.078408509492874146,-0.36403653025627136,0.19488787651062012,3.1373555660247803,-8.0686922073364258,4.8208942413330078,8
-0.51724147796630859,0.77621608972549438,-0.13439145684242249,-2.0907044410705566,-0.38566157221794128,0.78642106056213379,-6.537877082824707,7.2498793601989746,5.9782752990722656,8
-0.39296743273735046,0.4848097562789917,0.033822666853666306,0.37469339370727539,-0.23284992575645447,-0.072952479124069214,7.618739128112793,0.64834171533584595,-2.8720417022705078,8
0.30178752541542053,0.31267997622489929,-0.081372000277042389,0.099101752042770386,-0.02202947810292244,0.082982331514358521,1.2649028301239014,-3.1774890422821045,0.76417720317840576,8
0.39088091254234314,0.071999989449977875,-0.0057828323915600777,-0.022008148953318596,0,-0.040476109832525253,0.070437096059322357,0,-0.90410900115966797,8
0.54612421989440918,0.071999989449977875,-0.11058451235294342,-0.0667596235871315,0,0.072078868746757507,0.0069283689372241497,0,1.1221418380737305,8
0.92800003290176392,0.071999989449977875,-0.17497144639492035,0,0,0.019422369077801704,0,0,-0.2863495945930481,8
-0.92800003290176392,0.071999989449977875,-0.0006897358107380569,0,0,0.01048656739294529,0,0,0.3822682797908783,8
-0.70679962635040283,0.071999989449977875,0.24197781085968018,-0.033856004476547241,0,0.020774621516466141,-0.57328838109970093,0,0.40743529796600342,8
-0.55349123477935791,0.071999989449977875,0.074932016432285309,-0.033815652132034302,0,-0.12030657380819321,1.3039610385894775,0,-2.5144102573394775,8
-0.27991878986358643,0.29803463816642761,0.055583912879228592,0.32940882444381714,-0.081608191132545471,0.17118585109710693,2.1467828750610352,-2.0251204967498779,3.189058780670166,8
-0.58837044239044189,0.83054918050765991,-0.28288629651069641,-1.8263052701950073,0.3308984637260437,0.1938810795545578,-6.259331226348877,6.3694519996643066,-1.7612701654434204,8
-0.08158787339925766,0.5640254020690918,0.35000109672546387,0.32780912518501282,0.046452935785055161,-0.074636481702327728,2.7035963535308838,-0.42014622688293457,1.5989632606506348,8
-0.16569556295871735,0.5535997748374939,0.11416541785001755,0.25641521811485291,0.24117258191108704,-0.2962181568145752,-3.934819221496582,1.3113846778869629,1.3799391984939575,8
0.55354732275009155,0.071999989449977875,0.041581068187952042,0.034654151648283005,0,0.0082013066858053207,-0.098641805350780487,0,-0.23581996560096741,8
0.55908364057540894,0.071999989449977875,0.17007099092006683,-0.0067314710468053818,0,-0.042428351938724518,0.77893584966659546,0,0.78338336944580078,8
0.92800003290176392,0.071999989449977875,0.0037226600106805563,0,0,0.029741439968347549,0,0,0.034592896699905396,8
-0.92800003290176392,0.071999989449977875,0.17963883280754089,0,0,0.021232049912214279,0,0,-0.97272896766662598,8
-0.6880500316619873,0.27411329746246338,0.3768627941608429,0.052425377070903778,-0.056119091808795929,0.15405547618865967,0.50507199764251709,-0.019915847107768059,0.15675587952136993,8
-0.5188596248626709,0.31115680932998657,0.43609362840652466,0.0459015853703022,0.18867756426334381,0.001454576849937439,0.54655647277832031,4.9979324340820312,-1.74376380443573,8
-0.32816806435585022,0.29160448908805847,0.32185998558998108,0.087587296962738037,0.097056865692138672,0.082294709980487823,-1.7200732231140137,3.4178802967071533,1.7454761266708374,8
0.03741876408457756,0.29658952355384827,0.15754784643650055,-0.0072785140946507454,0.012782204896211624,0.037464506924152374,0.75064384937286377,1.5069653987884521,0.92726027965545654,8
-0.01694917120039463,0.51492255926132202,-0.091030403971672058,0.16585394740104675,-0.017984982579946518,0.2181885689496994,10.500654220581055,-9.3978605270385742,10.729695320129395,8
0.36019247770309448,0.29592463374137878,0.27293026447296143,0.025388354435563087,0.0030340282246470451,0.041800945997238159,-0.45727667212486267,0.10479370504617691,0.094081379473209381,8
0.55053824186325073,0.30259400606155396,0.24158245325088501,-0.048720188438892365,-0.0027001658454537392,0.013046659529209137,-0.92334157228469849,0.7261737585067749,0.92463135719299316,8
0.69066125154495239,0.27309730648994446,0.40091493725776672,0.037389393895864487,-0.030072063207626343,-0.0083540948107838631,0.55976426601409912,-0.58820432424545288,-0.29151460528373718,8
0.92800003290176392,0.071999989449977875,0.36101409792900085,0,0,0.014530062675476074,0,0,0.23946000635623932,8
-0.92800003290176392,0.071999989449977875,0.53364914655685425,0,0,-0.020273676142096519,0,0,-0.1829959899187088,8
-0.71449530124664307,0.071999989449977875,0.58602231740951538,0.029908441007137299,0,0.026516338810324669,1.1362999677658081,0,-0.34743070602416992,8
-0.54112476110458374,0.071999989449977875,0.53371912240982056,0.0072121387347579002,0,-0.05165119469165802,0.79163336753845215,0,-1.2944705486297607,8
-0.24009841680526733,0.29439455270767212,0.70420008897781372,-0.033477261662483215,0.0062454193830490112,-0.033303543925285339,-1.9475835561752319,0.20735363662242889,-1.339952826499939,8
-0.027543356642127037,0.071999989449977875,0.55423617362976074,-0.012366578914225101,0,0.016806764528155327,0.47210374474525452,0,0.67787843942642212,8
0.03963562473654747,0.071999989449977875,0.37755700945854187,-0.041707787662744522,0,-0.028702875599265099,-2.0368893146514893,0,-1.7217336893081665,8
0.32261556386947632,0.31585186719894409,0.46770238876342773,-0.025886829942464828,0.02243516780436039,-0.068512514233589172,-0.33110567927360535,0.71200567483901978,-0.53130424022674561,8
0.52708548307418823,0.071999989449977875,0.54206705093383789,-0.0064267539419233799,0,-0.015742799267172813,-0.16481886804103851,0,0.24602662026882172,8
0.71152603626251221,0.071999989449977875,0.56107693910598755,0.026225443929433823,0,0.0035727862268686295,0.27249062061309814,0,0.43403753638267517,8
0.92800003290176392,0.071999989449977875,0.5347098708152771,0,0,0.0053038350306451321,0,0,-0.036717008799314499,8
-0.92800003290176392,0.071999989449977875,0.72052931785583496,0,0,0.019891057163476944,0,0,0.89008045196533203,8
-0.70788878202438354,0.35445034503936768,0.73002731800079346,-0.045290157198905945,-0.041134286671876907,0.073062971234321594,0.96738243103027344,-0.6355631947517395,0.72744888067245483,8
-0.51964771747589111,0.071999989449977875,0.7102476954460144,-0.037664700299501419,0,-0.02444353885948658,-1.1189099550247192,0,-1.250733494758606,8
-0.46628978848457336,0.28101804852485657,0.69536483287811279,0.017338287085294724,-0.089206300675868988,0.010767984203994274,-0.4936295747756958,-1.1937694549560547,0.18672104179859161,8
-0.16292370855808258,0.071999989449977875,0.5865093469619751,-0.030059754848480225,0,0.031747914850711823,0.90664851665496826,0,0.22201475501060486,8
0.12651783227920532,0.071999989449977875,0.5401427149772644,0.0014231929089874029,0,0.040115859359502792,1.4171384572982788,0,0.95612400770187378,8
0.32028627395629883,0.28413352370262146,0.66377127170562744,0.067692741751670837,0.0013018772006034851,0.0014715278521180153,0.87370181083679199,-0.55427044630050659,1.2942966222763062,8
0.5444754958152771,0.071999989449977875,0.71443545818328857,0.026443770155310631,0,0.015180588699877262,0.60860806703567505,0,0.39954286813735962,8
0.71006125211715698,0.36033797264099121,0.72660523653030396,0.01186569407582283,0.0030365539714694023,-0.044126339256763458,-0.53135305643081665,-0.0063400431536138058,-0.2105928510427475,8
0.92800003290176392,0.071999989449977875,0.92800003290176392,0,0,0,0,0,0,8
-0.92800003290176392,0.071999989449977875,0.92800003290176392,0,0,0,0,0,0,8
-0.92800003290176392,0.071999989449977875,0.92800003290176392,0,0,0,0,0,0,8
-0.52913492918014526,0.071999989449977875,0.92800003290176392,0.020939406007528305,0,0,0.59168422222137451,0,0,8
-0.35671907663345337,0.071999989449977875,0.92800003290176392,0.020680984482169151,0,0,0.25530728697776794,0,0,8
0.17735482752323151,0.071999989449977875,0.92800003290176392,0.011641599237918854,0,0,0.42413994669914246,0,0,8
0.0026305129285901785,0.071999989449977875,0.92800003290176392,-0.0076037514954805374,0,0,-0.30657267570495605,0,0,8
0.35849511623382568,0.071999989449977875,0.92800003290176392,0.0066653336398303509,0,0,0.5334775447845459,0,0,8
0.53231030702590942,0.071999989449977875,0.92800003290176392,0.0065767476335167885,0,0,0.50158554315567017,0,0,8
0.71864646673202515,0.071999989449977875,0.92800003290176392,0.014965614303946495,0,0,0.21870812773704529,0,0,8
0.92800003290176392,0.071999989449977875,0.92800003290176392,0,0,0,0,0,0,8
-0.92800003290176392,0.071999989449977875,-0.92800003290176392,0,0,0,0,0,0,8
-0.71435517072677612,0.071999989449977875,-0.92800003290176392,-0.012740832753479481,0,0,0.39278799295425415,0,0,8
-0.37461367249488831,0.2692185640335083,-0.92800003290176392,0.32267129421234131,-0.025194235146045685,0,4.513514518737793,-2.2959465980529785,0,8
-0.18474733829498291,0.29360151290893555,-0.92800003290176392,0.30595177412033081,-0.0077506545931100845,0,3.3467953205108643,-1.1743876934051514,0,8
-0.18856006860733032,0.071999989449977875,-0.92800003290176392,-0.043444044888019562,0,0,-0.031405314803123474,0,0,8
0.16622985899448395,0.2825247049331665,-0.92800003290176392,0.22156704962253571,-0.0064787603914737701,0,-0.15751226246356964,1.4150307178497314,0,8
0.33988082408905029,0.26585805416107178,-0.92800003290176392,0.16564488410949707,-0.073337726294994354,0,1.6545723676681519,0.36552247405052185,0,8
0.51427215337753296,0.28381443023681641,-0.92800003290176392,0.093566060066223145,-0.0085868705064058304,0,-0.20949928462505341,4.0206851959228516,0,8
0.70131713151931763,0.24317848682403564,-0.92800003290176392,0.057968147099018097,0.025626730173826218,0,2.1672530174255371,2.288759708404541,0,8
0.92800003290176392,0.071999989449977875,-0.92800003290176392,0,0,0,0,0,0,8
-0.92800003290176392,0.23920905590057373,-0.66904544830322266,0,-0.002847772091627121,-0.11607403308153152,0,1.1113321781158447,-5.272972583770752,8
-0.92800003290176392,0.44582760334014893,-0.92800003290176392,0,-0.035205572843551636,0,0,1.5152832269668579,0,8
-0.34054964780807495,0.25644013285636902,-0.61383873224258423,0.22794798016548157,0.16230779886245728,0.26056048274040222,-1.7609497308731079,6.848170280456543,-1.9304957389831543,8
0.09813295304775238,0.46751484274864197,-0.68608731031417847,0.26142522692680359,0.048236019909381866,-0.0088976705446839333,-1.457721471786499,1.2870720624923706,-1.2888697385787964,8
0.15872128307819366,0.28307566046714783,-0.67486280202865601,0.2012123316526413,-0.11860871315002441,-0.01814667135477066,0.93889468908309937,-4.9856748580932617,-0.50680875778198242,8
0.33200877904891968,0.27081280946731567,-0.66465204954147339,0.18237940967082977,-0.032713033258914948,-0.015604937449097633,2.1393373012542725,1.5877541303634644,-2.9748284816741943,8
0.39904505014419556,0.58529907464981079,-0.6918519139289856,0.039586644619703293,0.075821712613105774,-0.03891029953956604,-0.47471576929092407,-1.0089985132217407,-1.8314398527145386,8
0.6698334813117981,0.26786395907402039,-0.68026626110076904,0.10303529351949692,0.0090120993554592133,-0.036759603768587112,1.4015506505966187,-0.1702849417924881,-0.94575870037078857,8
0.92800003290176392,0.46198070049285889,-0.92800003290176392,0,-0.035579580813646317,0,0,-0.1428932249546051,0,8
0.92800003290176392,0.071999989449977875,-0.72013509273529053,0,0,-0.03091706708073616,0,0,-0.95622265338897705,8
-0.92800003290176392,0.29234552383422852,-0.47789311408996582,0,-0.001879032701253891,0.099881820380687714,0,-0.3701799213886261,2.6632003784179688,8
-0.65256953239440918,0.25715088844299316,-0.44998744130134583,0.017545018345117569,-0.15120826661586761,0.028395317494869232,0.81336969137191772,-0.53337109088897705,-6.265965461730957,8
-0.41057679057121277,0.28672930598258972,-0.407377690076828,0.29918164014816284,-0.32150021195411682,0.010360549204051495,2.3752386569976807,-8.4732990264892578,-3.6246192455291748,8
-0.18658396601676941,0.30870991945266724,-0.4765336811542511,0.13553191721439362,0.0466289222240448,0.1206095889210701,-0.17215175926685333,-1.6069332361221313,-4.1092658042907715,8
-0.028909867629408836,0.2948281466960907,-0.31946286559104919,0.065800845623016357,-0.12394151091575623,-0.012322003953158855,-0.084538973867893219,-8.4789571762084961,-2.9979257583618164,8
0.20796822011470795,0.32127338647842407,-0.45236155390739441,0.33731940388679504,0.096358656883239746,-0.03856389969587326,1.5750118494033813,-1.0186269283294678,-2.9895913600921631,8
0.27108937501907349,0.49253156781196594,-0.33701303601264954,0.12846562266349792,0.042840510606765747,-0.071317106485366821,2.3422262668609619,2.1638209819793701,-0.12172310799360275,8
0.56391781568527222,0.34510549902915955,-0.52381640672683716,0.096512272953987122,-0.025701321661472321,-0.041745461523532867,2.3454775810241699,-0.29196199774742126,1.1487247943878174,8
0.72851210832595825,0.61732196807861328,-0.68632978200912476,0.063637301325798035,0.21772244572639465,-0.035995088517665863,-0.074170894920825958,1.4348695278167725,2.0059647560119629,8
0.92800003290176392,0.28249412775039673,-0.49653011560440063,0,-0.049027357250452042,0.040803011506795883,0,-1.662915825843811,0.41495493054389954,8
-0.92800003290176392,0.27241396903991699,-0.30099591612815857,0,-0.036117516458034515,0.071128562092781067,0,2.9573514461517334,0.17573161423206329,8
-0.72014415264129639,0.35837799310684204,-0.084386318922042847,-0.0081751290708780289,0.20162640511989594,0.15073093771934509,0.79005050659179688,0.41029927134513855,-0.24865730106830597,8
-0.6257205605506897,0.60825544595718384,-0.40221333503723145,0.79315495491027832,0.077788345515727997,-0.99643677473068237,7.6580963134765625,-1.8972508907318115,-21.526626586914062,8
0.49606350064277649,0.32771572470664978,-0.10044018179178238,0.071458026766777039,-0.065483212471008301,0.0915837362408638,2.5679929256439209,-2.2303893566131592,1.2944610118865967,8
0.72821974754333496,0.39531782269477844,-0.23057650029659271,-0.03236568346619606,0.043622151017189026,-0.012933964841067791,-0.37640169262886047,-0.075017578899860382,-1.1722482442855835,8
0.92800003290176392,0.27319240570068359,-0.30955100059509277,0,-0.040673743933439255,0.032841399312019348,0,-1.8924431800842285,0.68432652950286865,8
-0.92800003290176392,0.071999989449977875,-0.17787137627601624,0,0,-0.06042233482003212,0,0,-1.5019910335540771,8
-0.67116415500640869,0.27592572569847107,0.059815026819705963,0.10859306901693344,-0.27077603340148926,0.31708568334579468,4.4684052467346191,-5.8968167304992676,1.9100340604782104,8
-0.48762750625610352,0.3162352442741394,-0.042870119214057922,0.06625143438577652,-0.24113452434539795,0.17237919569015503,-3.1323976516723633,-8.8434858322143555,2.6418166160583496,8
0.69548052549362183,0.29004558920860291,-0.066680647432804108,-0.012149494141340256,-0.026879679411649704,0.025616094470024109,-0.074084728956222534,0.4616180956363678,-0.19551101326942444,8
0.65240931510925293,0.44802886247634888,-0.013351099565625191,0.050016183406114578,0.056321404874324799,0.086062058806419373,-0.50507950782775879,-0.22032535076141357,0.46965879201889038,8
0.92800003290176392,0.27184343338012695,-0.11183922737836838,0,0.0035476572811603546,-0.027394797652959824,0,0.2911013662815094,1.4566216468811035,8
-0.92800003290176392,0.27331864833831787,0.072086893022060394,0,-0.10790926218032837,-0.17627538740634918,0,-1.1088434457778931,-0.60405087471008301,8
-0.70046931505203247,0.32216441631317139,0.23531116545200348,0.080491438508033752,-0.11990537494421005,0.25406008958816528,4.1374235153198242,-3.0587975978851318,3.1747817993164062,8
-0.48933392763137817,0.30212095379829407,0.19000391662120819,0.085923746228218079,-0.2017505019903183,0.28981590270996094,-1.225953221321106,-0.72784197330474854,1.385174036026001,8
0.46243345737457275,0.30859574675559998,0.084811821579933167,0.12081534415483475,-0.0055747739970684052,0.067377001047134399,1.3241931200027466,-0.096640795469284058,0.54999160766601562,8
0.7011798620223999,0.30263704061508179,0.12949390709400177,0.04026944562792778,-0.0048581669107079506,0.040786419063806534,0.18527491390705109,-0.34173929691314697,-0.3500789999961853,8
0.92800003290176392,0.071999989449977875,0.18196527659893036,0,0,0.02319062128663063,0,0,-0.11623480916023254,8
-0.92800003290176392,0.2820543646812439,0.26328766345977783,0,-0.027599889785051346,-0.021769102662801743,0,-2.5036766529083252,0.41136109828948975,8
-0.62236124277114868,0.64051610231399536,0.46596923470497131,0.10332638770341873,0.078612588346004486,0.30601337552070618,-0.017466768622398376,1.2228050231933594,5.9583859443664551,8
-0.47262793779373169,0.47808629274368286,0.3142932653427124,0.30360841751098633,-0.21544763445854187,0.2924954891204834,2.9078390598297119,-1.6618702411651611,3.3350067138671875,8
0.44393068552017212,0.49003136157989502,0.32130077481269836,-0.054950937628746033,0.037907056510448456,-0.048398785293102264,-0.75938743352890015,0.95440793037414551,-0.12135352194309235,8
0.71058374643325806,0.43445122241973877,0.26144653558731079,0.00098970159888267517,0.023756619542837143,0.021935353055596352,-0.69113451242446899,0.59621924161911011,1.6348838806152344,8
0.92800003290176392,0.2676815390586853,0.28543314337730408,0,0.014068679884076118,-0.0052970643155276775,0,0.113080695271492,0.03928837925195694,8
-0.92800003290176392,0.27649730443954468,0.45413759350776672,0,-0.0058969687670469284,0.043403886258602142,0,0.071330107748508453,-2.0061986446380615,8
-0.6766669750213623,0.27800071239471436,0.58983170986175537,-0.055437594652175903,-0.043146342039108276,0.031133238226175308,0.39487412571907043,-1.2718080282211304,0.80107176303863525,8
-0.36049449443817139,0.30082717537879944,0.53815567493438721,0.08382406085729599,-0.016582680866122246,0.26612293720245361,2.8352644443511963,-0.59166324138641357,2.958571195602417,8
-0.16350694000720978,0.31176018714904785,0.48843342065811157,0.1790025383234024,0.0010102000087499619,0.088425025343894958,1.4401074647903442,0.42458412051200867,1.0487885475158691,8
-0.010930086486041546,0.29682275652885437,0.41206502914428711,0.12486766278743744,0.039585292339324951,0.062442298978567123,-0.15987305343151093,-0.5800788402557373,1.525421142578125,8
0.14017376303672791,0.31769925355911255,0.5242995023727417,0.01890706829726696,0.043728679418563843,-0.0082786828279495239,-0.72943490743637085,-0.33078140020370483,-0.64088600873947144,8
0.34065496921539307,0.56612569093704224,0.47591680288314819,0.085089243948459625,-0.01877918466925621,0.0060280337929725647,-0.97009730339050293,0.97513347864151001,-0.75720924139022827,8
0.5007891058921814,0.32405856251716614,0.46679738163948059,0.080546408891677856,0.037737399339675903,0.006999666802585125,1.643227219581604,0.54458248615264893,0.733673095703125,8
0.70633476972579956,0.30139949917793274,0.57419073581695557,0.021604828536510468,0.014181030914187431,-0.05180131271481514,-0.40913766622543335,-0.065390743315219879,-0.42908725142478943,8
0.92800003290176392,0.28128373622894287,0.47500959038734436,0,-0.019397040829062462,0.02202935516834259,0,-0.28249722719192505,0.12382964789867401,8
-0.92800003290176392,0.2418627142906189,0.6800883412361145,0,-0.048375226557254791,-0.03485262393951416,0,-0.86352819204330444,0.68484848737716675,8
-0.92800003290176392,0.45802569389343262,0.92800003290176392,0,-0.0016016009030863643,0,0,-0.24083000421524048,0,8
-0.55291581153869629,0.45021650195121765,0.69026559591293335,0.10703049600124359,0.058485951274633408,0.0072259418666362762,1.3671594858169556,-0.69675213098526001,1.2635042667388916,8
-0.11773525923490524,0.43957638740539551,0.6871604323387146,0.11054997146129608,-0.011556172743439674,0.04804697260260582,-0.20132659375667572,1.797565221786499,-0.90300840139389038,8
-0.039267592132091522,0.28411915898323059,0.65584325790405273,0.11635201424360275,-0.065873228013515472,-0.038914863020181656,1.5356613397598267,-1.3618878126144409,-0.37294158339500427,8
0.14329156279563904,0.31091797351837158,0.71864372491836548,0.092258207499980927,0.010307056829333305,-0.0013640150427818298,1.6577203273773193,-0.81180500984191895,1.0223038196563721,8
0.26419097185134888,0.49945682287216187,0.67577213048934937,0.036719836294651031,0.058058649301528931,0.050070881843566895,0.17849300801753998,0.92307156324386597,-0.15279549360275269,8
0.53051590919494629,0.29180246591567993,0.68628895282745361,0.006345071829855442,-9.1768801212310791e-05,0.02416093647480011,-1.0567277669906616,-0.096905745565891266,0.25805574655532837,8
0.92800003290176392,0.54011279344558716,0.92800003290176392,0,-0.010936672799289227,0,0,0.030372131615877151,0,8
0.92800003290176392,0.071999989449977875,0.71933442354202271,0,0,0.010071474127471447,0,0,0.0065360120497643948,8
-0.92800003290176392,0.071999989449977875,0.92800003290176392,0,0,0,0,0,0,8
-0.72066527605056763,0.071999989449977875,0.92800003290176392,-0.0069605475291609764,0,0,-0.085492752492427826,0,0,8
-0.476583331823349,0.2825055718421936,0.92800003290176392,0.00041870109271258116,-0.017504598945379257,0,0.075058348476886749,0.14358958601951599,0,8
-0.28979724645614624,0.26412200927734375,0.92800003290176392,0.034716598689556122,-0.060334302484989166,0,0.66706174612045288,-0.30702260136604309,0,8
-0.17582845687866211,0.071999989449977875,0.92800003290176392,0.015612044371664524,0,0,0.065569192171096802,0,0,8
0.097534500062465668,0.27475333213806152,0.92800003290176392,-0.0057440889067947865,-0.024740604683756828,0,-0.29691705107688904,0.85490810871124268,0,8
0.30544450879096985,0.2660902738571167,0.92800003290176392,-0.00061776465736329556,-0.024282403290271759,0,0.11944437772035599,-0.0011478735832497478,0,8
0.4917655885219574,0.28278601169586182,0.92800003290176392,-0.002218406880274415,-0.031278021633625031,0,0.07167719304561615,-0.41940313577651978,0,8
0.69522553682327271,0.25258362293243408,0.92800003290176392,0.03234931081533432,-0.035915680229663849,0,0.41530406475067139,-0.038394700735807419,0,8
0.92800003290176392,0.071999989449977875,0.92800003290176392,0,0,0,0,0,0,8
-0.92800003290176392,0.26886379718780518,-0.92800003290176392,0,-0.033796239644289017,0,0,-0.60777223110198975,0,8
-0.52333992719650269,0.38070237636566162,-0.92800003290176392,0.19302047789096832,-0.32524001598358154,0,0.78600835800170898,1.4914342164993286,0,8
-0.72318500280380249,0.42792320251464844,-0.92800003290176392,-0.18870460987091064,-0.41593506932258606,0,1.435192346572876,-5.665924072265625,0,8
-0.0049567748792469501,0.26429450511932373,-0.92800003290176392,0.2971922755241394,0.046659350395202637,0,0.98265045881271362,1.4836034774780273,0,8
0.077509611845016479,0.47525781393051147,-0.92800003290176392,0.10081618279218674,0.0042897481471300125,0,-5.5163040161132812,0.62093979120254517,0,8
-0.065261401236057281,0.463523268699646,-0.92800003290176392,0.048237379640340805,0.026333356276154518,0,1.7337262630462646,1.7961196899414062,0,8
0.21351966261863708,0.47531133890151978,-0.92800003290176392,0.20841781795024872,0.16497012972831726,0,-2.6202118396759033,1.2729253768920898,0,8
0.4523901641368866,0.46148008108139038,-0.92800003290176392,0.09598831832408905,-0.10919023305177689,0,-0.94635438919067383,-2.2002124786376953,0,8
0.58089613914489746,0.49063014984130859,-0.92800003290176392,0.089042872190475464,0.37989014387130737,0,1.4829304218292236,-1.7799755334854126,0,8
0.92800003290176392,0.27310681343078613,-0.92800003290176392,0,-0.020227119326591492,0,0,-0.59022074937820435,0,8
-0.92800003290176392,0.44338935613632202,-0.52122735977172852,0,0.055142775177955627,-0.12158606946468353,0,-0.67133206129074097,-0.46767574548721313,8
-0.53169286251068115,0.28084954619407654,-0.6896095871925354,0.22907881438732147,-0.23481999337673187,0.12094446271657944,1.3355164527893066,4.314415454864502,-0.53639638423919678,8
-0.21182091534137726,0.2950018048286438,-0.70556384325027466,0.48463907837867737,-0.28618064522743225,0.16892422735691071,-1.9435545206069946,1.3831158876419067,0.16606850922107697,8
-0.099944934248924255,0.49457472562789917,-0.69133728742599487,0.23856920003890991,0.095206774771213531,-0.061630971729755402,-7.0737447738647461,4.5511007308959961,-2.3768165111541748,8
0.38460537791252136,0.5466073751449585,-0.49782183766365051,0.1236649751663208,0.031996618956327438,0.041342932730913162,-3.0844213962554932,-1.3171671628952026,1.71186363697052,8
-0.55178821086883545,0.67951273918151855,-0.758414626121521,-0.78002995252609253,-0.75801688432693481,-0.77401608228683472,19.479866027832031,15.467514038085938,47.371006011962891,8
0.35607445240020752,0.77197098731994629,-0.39393368363380432,0.090967215597629547,-0.0020293332636356354,-0.2120826244354248,6.8207015991210938,1.6818398237228394,-6.398223876953125,8
0.55538046360015869,0.54043960571289062,-0.68429815769195557,0.17712554335594177,0.10929729044437408,-0.004037788137793541,-0.67684108018875122,-1.433847188949585,-0.66199886798858643,8
0.65177130699157715,0.74560391902923584,-0.60671663284301758,-0.11976969242095947,0.30042502284049988,0.024353427812457085,0.28712150454521179,1.1479513645172119,-1.8620128631591797,8
0.92800003290176392,0.38216042518615723,-0.74189984798431396,0,-0.033148724585771561,-0.053827144205570221,0,-0.73703145980834961,0.29657673835754395,8
-0.92800003290176392,0.48295021057128906,-0.37150448560714722,0,0.0057951672933995724,-0.071286194026470184,0,-0.81979572772979736,-0.65695196390151978,8
-0.71478605270385742,0.43489482998847961,-0.41669189929962158,-0.27546447515487671,-0.047989372164011002,0.16026444733142853,-6.2999148368835449,2.1877098083496094,-9.2861804962158203,8
-0.74379956722259521,0.8883170485496521,-0.71834665536880493,-2.1639506816864014,1.3735611438751221,-2.4186973571777344,-54.663516998291016,29.769767761230469,-85.706756591796875,8
-0.59752160310745239,1.3954150676727295,-0.92659461498260498,0.3629365861415863,-0.047488324344158173,0.0083794575184583664,0.12845546007156372,6.2633352279663086,-0.038802620023488998,8
-0.036601118743419647,0.53671157360076904,-0.54660695791244507,-0.023446222767233849,-0.27321425080299377,-0.45552399754524231,-4.2141056060791016,-3.1856639385223389,-10.95778751373291,8
0.078894004225730896,0.45995494723320007,-0.34835594892501831,0.48598405718803406,-0.46616777777671814,-0.063796341419219971,12.373349189758301,-11.799885749816895,-3.5959177017211914,8
-0.33111611008644104,0.69292742013931274,-0.7452157735824585,-0.11824303865432739,-0.39955264329910278,-0.43042820692062378,3.0071320533752441,15.555286407470703,18.015104293823242,8
0.5111769437789917,0.49767950177192688,-0.37327238917350769,0.16288529336452484,0.031203873455524445,-0.026100015267729759,-1.0505063533782959,-0.90861612558364868,0.72337639331817627,8
0.68834125995635986,0.54054707288742065,-0.43322157859802246,0.078657858073711395,-0.03471548855304718,-0.020061928778886795,2.6437492370605469,-2.53312087059021,-0.8880767822265625,8
0.92800003290176392,0.4528929591178894,-0.49021181464195251,0,0.025193857029080391,-0.075264148414134979,0,0.075949482619762421,-0.74748009443283081,8
-0.92800003290176392,0.46315383911132812,-0.17527803778648376,0,-0.084308519959449768,0.29448413848876953,0,-3.0953152179718018,-5.1096758842468262,8
-0.92800003290176392,1.4179821014404297,-0.52603334188461304,0,-0.037444766610860825,0.24876819550991058,0,-1.8256003856658936,1.7187165021896362,8
-0.74505347013473511,0.82375466823577881,-0.43385657668113708,0.17482081055641174,0.80036139488220215,-0.074943467974662781,3.8099198341369629,11.666205406188965,-23.30931282043457,8
0.44833773374557495,0.52938354015350342,-0.19323700666427612,0.17350359261035919,-0.0046722404658794403,-0.11617967486381531,3.2041885852813721,-1.2794332504272461,-4.2148990631103516,8
0.51650148630142212,0.69927936792373657,-0.2859322726726532,0.14340125024318695,0.098432742059230804,-0.076835900545120239,3.8481323719024658,1.386082649230957,0.73343080282211304,8
0.92800003290176392,0.4504246711730957,-0.18749327957630157,0,0.042204786092042923,-0.035586636513471603,0,0.76343327760696411,0.98299169540405273,8
-0.92800003290176392,0.4673837423324585,0.21274495124816895,0,-0.098678998649120331,0.09464215487241745,0,0.49771648645401001,0.057650055736303329,8
-0.65781033039093018,0.44804516434669495,-0.21078667044639587,0.1122371107339859,-0.20947635173797607,0.15438997745513916,7.8815207481384277,-2.2906501293182373,5.078394889831543,8
-0.10467523336410522,0.31844902038574219,0.034156028181314468,0.095985911786556244,-0.071207091212272644,0.11751600354909897,0.16267752647399902,-1.9296678304672241,-0.84639805555343628,8
0.48036366701126099,0.54775166511535645,0.060456063598394394,0.11703492701053619,0.040684707462787628,-0.062603689730167389,5.4438343048095703,-0.45189106464385986,3.5776855945587158,8
0.67801487445831299,0.55975377559661865,-0.19058927893638611,0.046018186956644058,0.089408092200756073,0.035946354269981384,0.98028653860092163,0.51917684078216553,-0.26568329334259033,8
0.92800003290176392,0.44158065319061279,0.13226138055324554,0,-0.06291642040014267,-0.027937281876802444,0,-0.47559821605682373,-0.021194254979491234,8
-0.92800003290176392,0.26836538314819336,-0.10342293232679367,0,-0.10122343897819519,-0.18804840743541718,0,2.3398473262786865,-2.7124509811401367,8
-0.70226752758026123,0.52282065153121948,0.30592215061187744,0.058274649083614349,0.034128725528717041,0.16349703073501587,2.7691328525543213,-0.8046991229057312,6.7331891059875488,8
-0.68029290437698364,0.47623845934867859,0.067495107650756836,-0.16421796381473541,-0.15369224548339844,0.01685754582285881,-5.5018410682678223,-5.0054025650024414,-1.3384575843811035,8
0.24616724252700806,0.31167629361152649,0.10694538056850433,0.11037915199995041,-0.014845477417111397,0.1062057837843895,1.4453701972961426,-1.7516874074935913,2.768054723739624,8
0.70866769552230835,0.58369004726409912,0.025877388194203377,0.018586549907922745,0.08676602691411972,0.050443258136510849,-1.201833963394165,0.38864937424659729,0.46266517043113708,8
0.92800003290176392,0.43427026271820068,-0.03115149587392807,0,-0.01931115984916687,-0.082369476556777954,0,0.029167624190449715,0.12752696871757507,8
-0.92800003290176392,0.46394753456115723,0.13939975202083588,0,-0.10561168193817139,-0.012375427410006523,0,-0.54796832799911499,-0.24162872135639191,8
-0.43042588233947754,0.53168225288391113,0.50196361541748047,0.026412222534418106,0.095605872571468353,-0.041090726852416992,-0.63798117637634277,-0.67468011379241943,-1.2504692077636719,8
-0.28020894527435303,0.58425551652908325,0.31132158637046814,0.29845157265663147,-0.047040387988090515,0.050624433904886246,-1.9512345790863037,2.0108299255371094,-2.3906841278076172,8
-0.18081915378570557,0.69425207376480103,-0.21610476076602936,-0.30182275176048279,-2.4683239459991455,-1.5245531797409058,-5.8471579551696777,-97.710235595703125,-37.480083465576172,8
0.61027997732162476,0.59188055992126465,0.20681525766849518,-0.13172814249992371,0.07075095921754837,0.020707203075289726,-1.6256581544876099,0.63801902532577515,-0.13472187519073486,8
0.92800003290176392,0.27051210403442383,0.086024612188339233,0,-0.022785451263189316,-0.062327250838279724,0,-0.66540467739105225,-0.40337851643562317,8
-0.92800003290176392,0.47549718618392944,0.58229511976242065,0,0.14835384488105774,0.26795095205307007,0,-2.8004996776580811,-3.7751016616821289,8
-0.68867224454879761,0.46870306134223938,0.50269728899002075,0.013331697322428226,0.10413818061351776,0.12461531162261963,-0.17315259575843811,0.96668058633804321,0.62359744310379028,8
-0.21911191940307617,0.50366830825805664,0.47395926713943481,0.17606714367866516,0.034931357949972153,0.080614298582077026,3.7592422962188721,-1.4519528150558472,3.0955972671508789,8
-0.5782892107963562,0.81048458814620972,-0.12696179747581482,0.30772906541824341,1.4446978569030762,-0.07588939368724823,22.389606475830078,4.4748363494873047,4.4031586647033691,8
0.11083299666643143,0.68226134777069092,0.38260403275489807,0.11316585540771484,0.11387413740158081,-5.1660463213920593e-05,-0.63250285387039185,0.29339364171028137,1.533025860786438,8
0.17778144776821136,0.31050729751586914,0.31734827160835266,0.15474463999271393,0.035087540745735168,0.091692909598350525,1.6537898778915405,-0.24689777195453644,1.6232312917709351,8
0.28128236532211304,0.70394980907440186,0.18659022450447083,0.22196707129478455,0.039148755371570587,0.0027136951684951782,-0.86330646276473999,0.23253689706325531,1.2970147132873535,8
0.52020955085754395,0.59204065799713135,0.48342970013618469,-0.018757916986942291,0.10657531768083572,0.01268976554274559,-0.85990345478057861,0.56091088056564331,-0.48153969645500183,8
0.68090927600860596,0.48243150115013123,0.47714051604270935,0.004889107309281826,0.062461435794830322,0.039029799401760101,0.7100604772567749,0.2551235556602478,-0.017819143831729889,8
0.92800003290176392,0.44565367698669434,0.42735439538955688,0,-0.0088307531550526619,-0.062097489833831787,0,-0.35537299513816833,-1.1605702638626099,8
-0.92800003290176392,0.43946874141693115,0.51731455326080322,0,-0.045328967273235321,-0.16263946890830994,0,2.3438436985015869,3.3817324638366699,8
-0.69087594747543335,0.6003115177154541,0.70929712057113647,0.053494814783334732,0.040358155965805054,-0.037126004695892334,1.3513911962509155,-0.97890162467956543,-1.1590557098388672,8
-0.34109055995941162,0.49886509776115417,0.69477874040603638,0.078520074486732483,0.010542559437453747,0.078972801566123962,0.55816018581390381,1.0807979106903076,0.27452072501182556,8
-0.065174698829650879,0.64583343267440796,0.53452849388122559,0.16769315302371979,0.060854893177747726,-0.060575719922780991,0.26736795902252197,0.7466883659362793,-2.1310405731201172,8
0.06305297464132309,0.50847363471984863,0.67383879423141479,0.11905067414045334,0.025099417194724083,0.029469477012753487,1.1669323444366455,1.6834790706634521,1.0306127071380615,8
0.17514841258525848,0.62353938817977905,0.51305806636810303,0.084726504981517792,0.11696717143058777,-0.11998361349105835,0.48607257008552551,0.62827253341674805,-0.52303093671798706,8
0.22941185534000397,0.69772833585739136,0.71189343929290771,-0.025965344160795212,-0.0025434561539441347,0.001345320837572217,-0.43897053599357605,0.49025234580039978,0.49849867820739746,8
0.43500196933746338,0.42988857626914978,0.69113641977310181,0.035673830658197403,-0.074870295822620392,-0.014658545143902302,1.0833585262298584,-0.52077388763427734,0.25073644518852234,8
0.69528985023498535,0.55179113149642944,0.68997126817703247,0.022291738539934158,0.048026233911514282,0.023755472153425217,0.12266551703214645,0.68681126832962036,-0.86346405744552612,8
0.92800003290176392,0.40834122896194458,0.72035461664199829,0,-0.049854326993227005,0.011037119664251804,0,-0.10521500557661057,0.63563007116317749,8
-0.92800003290176392,0.27238237857818604,0.92800003290176392,0,-0.037847459316253662,0,0,-0.49500417709350586,0,8
-0.71558016538619995,0.39779126644134521,0.92800003290176392,0.00068980082869529724,0.027258444577455521,0,0.83811134099960327,1.6440402269363403,0,8
-0.57303094863891602,0.45733529329299927,0.92800003290176392,-0.053039614111185074,0.02360379695892334,0,-1.4269396066665649,0.95597052574157715,0,8
-0.087338440120220184,0.27107757329940796,0.92800003290176392,0.0037834625691175461,-0.01399567723274231,0,-0.1360027939081192,0.14009104669094086,0,8
0.0093337027356028557,0.45104104280471802,0.92800003290176392,0.019099593162536621,-0.003453428391367197,0,-0.3627302348613739,-0.33865335583686829,0,8
-0.14097321033477783,0.44171434640884399,0.92800003290176392,0.02810230664908886,0.01172393374145031,0,0.029419304803013802,0.26977977156639099,0,8
0.15782633423805237,0.45144534111022949,0.92800003290176392,0.0063886702992022038,-0.0082351909950375557,0,-0.69531548023223877,0.0031887271907180548,0,8
0.44413796067237854,0.45175111293792725,0.92800003290176392,0.017024260014295578,-7.8832788858562708e-05,0,-0.0081535801291465759,0.11672679334878922,0,8
0.58555024862289429,0.46363067626953125,0.92800003290176392,0.0097229061648249626,-0.00071842793840914965,0,0.34487906098365784,0.54660975933074951,0,8
0.92800003290176392,0.26766049861907959,0.92800003290176392,0,-0.019801231101155281,0,0,-0.12587320804595947,0,8
-0.92800003290176392,0.44582760334014893,-0.92800003290176392,0,-0.035205572843551636,0,0,1.5152832269668579,0,8
-0.69742792844772339,0.24703037738800049,-0.92800003290176392,-0.045654349029064178,-0.024943549185991287,0,1.2366902828216553,1.0608881711959839,0,8
-0.53566253185272217,0.37424588203430176,-0.92800003290176392,0.20116016268730164,-0.25229448080062866,0,-0.3864910900592804,-2.4401953220367432,0,8
-0.17222782969474792,0.56675076484680176,-0.92800003290176392,0.22673754394054413,-0.12227854877710342,0,-4.4090638160705566,2.024064302444458,0,8
-0.06013619527220726,0.71706509590148926,-0.92800003290176392,0.34068477153778076,0.19827176630496979,0,0.91174715757369995,1.0587165355682373,0,8
0.071404479444026947,0.6517714262008667,-0.92800003290176392,0.40801385045051575,0.026013441383838654,0,4.9088783264160156,-2.819103479385376,0,8
0.30473119020462036,0.46576201915740967,-0.92800003290176392,0.0021715667098760605,0.028945108875632286,0,4.9828572273254395,-1.2396990060806274,0,8
0.57201600074768066,0.57713335752487183,-0.92800003290176392,0.010946082882583141,-0.11263037472963333,0,-5.5071320533752441,-0.68788421154022217,0,8
0.71383976936340332,0.40442609786987305,-0.92800003290176392,-0.020053131505846977,-0.071123018860816956,0,2.5593819618225098,1.7147061824798584,0,8
0.92800003290176392,0.46198058128356934,-0.92800003290176392,0,-0.035576134920120239,0,0,-0.14284645020961761,0,8
-0.92800003290176392,0.39065849781036377,-0.71229422092437744,0,0.27748474478721619,0.2094542384147644,0,3.0480687618255615,-2.2995505332946777,8
-0.92800003290176392,1.3167363405227661,-0.52145355939865112,0,0.81016278266906738,0.14894707500934601,0,-14.754616737365723,8.834843635559082,8
-0.50505572557449341,0.44796821475028992,-0.43992692232131958,-0.077317140996456146,-0.21328628063201904,0.45906001329421997,-0.61400735378265381,-7.9457345008850098,-0.62196040153503418,8
0.035637833178043365,0.68237477540969849,-0.68792766332626343,-0.16448448598384857,0.40544393658638,0.11306863278150558,-8.4534111022949219,1.1277329921722412,-2.2585532665252686,8
-0.23782508075237274,0.54867005348205566,-0.091772496700286865,-0.16926805675029755,0.54961037635803223,0.28799349069595337,-10.471944808959961,6.1298398971557617,7.717170238494873,8
0.38295647501945496,0.75094521045684814,-0.66087418794631958,0.33781817555427551,0.15481580793857574,-0.20392720401287079,3.207939624786377,2.3770577907562256,-1.2005598545074463,8
-0.42466157674789429,1.0235278606414795,-0.92800003290176392,1.0354924201965332,0.2609393298625946,0,23.02802848815918,5.1458063125610352,0,8
0.52345335483551025,0.89610862731933594,-0.69409346580505371,0.082984499633312225,0.24668227136135101,0.11058827489614487,-1.907625675201416,-2.2607100009918213,-0.62272149324417114,8
0.53290861845016479,0.68583482503890991,-0.49892857670783997,0.18931660056114197,0.19614432752132416,-0.095200598239898682,-0.94317954778671265,1.781400203704834,-1.54875648021698,8
0.92800003290176392,0.24575585126876831,-0.67465531826019287,0,-0.066611997783184052,0.052000455558300018,0,-1.181908130645752,-0.47869539260864258,8
-0.92800003290176392,0.63991475105285645,-0.70338457822799683,0,0.07633884996175766,0.12278003990650177,0,4.4828782081604004,-0.4963691234588623,8
-0.92800003290176392,1.3327724933624268,-0.31151196360588074,0,-0.02861478179693222,0.40958148241043091,0,-5.2091212272644043,-1.2041839361190796,8
-0.52902877330780029,0.99642449617385864,-0.78040468692779541,-1.3489813804626465,0.82952570915222168,-2.0212869644165039,-10.312127113342285,12.938601493835449,-5.215691089630127,8
-0.28710433840751648,0.31652835011482239,-0.12928318977355957,0.16599680483341217,-0.030469821766018867,0.32221513986587524,1.2628911733627319,-0.84698724746704102,3.0243799686431885,8
-0.84715676307678223,1.4325120449066162,-0.27197307348251343,-0.79601454734802246,1.4092965126037598,0.60522264242172241,3.7779304981231689,-13.980652809143066,1.0867506265640259,8
-0.83657872676849365,1.2409836053848267,-0.67726695537567139,-0.091641053557395935,0.37152799963951111,0.3201289176940918,16.137063980102539,-0.51072478294372559,8.6480846405029297,8
0.16932573914527893,0.50854659080505371,-0.13758167624473572,0.31971752643585205,-0.054199609905481339,0.014139444567263126,8.1316995620727539,1.7730448246002197,3.3314745426177979,8
0.29127687215805054,0.94200468063354492,-0.21033887565135956,-0.33697628974914551,0.11537052690982819,-0.086136758327484131,-2.9088582992553711,4.5967559814453125,-1.2019475698471069,8
0.7018316388130188,0.74470585584640503,-0.41707354784011841,0.0021909121423959732,0.20806942880153656,-0.010378984734416008,0.7971072793006897,-0.016797780990600586,0.40415114164352417,8
0.92800003290176392,0.51335465908050537,-0.66139793395996094,0,0.037558726966381073,-0.04909321665763855,0,1.3164523839950562,-0.25968575477600098,8
-0.92800003290176392,0.49333220720291138,-0.25709599256515503,0,0.25251838564872742,-0.63392937183380127,0,-4.8550548553466797,-2.0607805252075195,8
-0.53770303726196289,1.0162671804428101,0.1137286052107811,0.77125293016433716,0.31784051656723022,0.1245073676109314,8.3108510971069336,9.0987119674682617,9.4736061096191406,8
-0.549396812915802,0.57680344581604004,0.13678467273712158,-0.061691615730524063,-0.23177658021450043,0.31986021995544434,2.030881404876709,3.7613217830657959,9.0646400451660156,8
0.21944840252399445,0.70822978019714355,-0.26997241377830505,0.33006307482719421,-0.11992912739515305,0.16229495406150818,12.512724876403809,-7.0674324035644531,8.0498313903808594,8
-0.31157988309860229,0.48235923051834106,-0.6829833984375,0.2042957991361618,-0.27361178398132324,0.012586822733283043,-5.2339234352111816,1.8721907138824463,-10.514200210571289,8
0.92800003290176392,0.44867813587188721,-0.34641963243484497,0,0.02546641044318676,-0.055745795369148254,0,1.0001578330993652,1.9742081165313721,8
-0.92800003290176392,0.77013778686523438,-0.067590676248073578,0,-0.0079005351290106773,0.088010847568511963,0,4.1257314682006836,-3.552969217300415,8
-0.70109391212463379,0.6991879940032959,0.18485137820243835,-0.27940139174461365,-0.028815301135182381,0.61608195304870605,-7.4533638954162598,1.2101200819015503,5.4837708473205566,8
-0.71744823455810547,0.61629444360733032,-0.56853419542312622,0.28477048873901367,0.43555340170860291,0.027760766446590424,6.2514166831970215,6.3377375602722168,-8.6717309951782227,8
-0.48542827367782593,0.51014047861099243,-0.14289075136184692,0.15450519323348999,-0.68948638439178467,-0.32343876361846924,-2.4319579601287842,1.8126939535140991,-7.3569097518920898,8
0.4453481137752533,0.72444891929626465,-0.12997129559516907,0.025503126904368401,0.17492674291133881,-0.10051579773426056,2.6735608577728271,2.277562141418457,1.8616058826446533,8
0.92800003290176392,0.59153616428375244,-0.077884405851364136,0,-0.044368568807840347,-0.037359576672315598,0,-0.16650538146495819,-0.38871732354164124,8
-0.92800003290176392,0.65805459022521973,0.026446843519806862,0,0.047155179083347321,-0.2661784291267395,0,-2.4785363674163818,2.177506685256958,8
-0.50471270084381104,0.70690852403640747,0.32231786847114563,0.19378602504730225,0.028662491589784622,0.094489753246307373,7.2739920616149902,0.81396859884262085,0.23454485833644867,8
0.014678175561130047,0.49137181043624878,0.19272701442241669,0.13717247545719147,0.2162192165851593,0.036906756460666656,-1.3656922578811646,3.0165092945098877,1.7659083604812622,8
0.49865737557411194,0.65712916851043701,0.22138352692127228,0.16330036520957947,0.088918395340442657,-0.034139033406972885,1.1296435594558716,-0.55557489395141602,1.8927512168884277,8
0.3645387589931488,0.76879674196243286,0.016727956011891365,0.13307000696659088,0.12113151699304581,0.0057081077247858047,-1.3198277950286865,0.68376833200454712,-0.74936789274215698,8
0.92800003290176392,0.58906060457229614,0.083446033298969269,0,-0.025572542101144791,-0.068690009415149689,0,0.54786866903305054,-0.12953080236911774,8
-0.92800003290176392,0.45604485273361206,0.35821804404258728,0,-0.0080006131902337074,-0.065564677119255066,0,0.6008726954460144,0.56501984596252441,8
-0.64918822050094604,0.85436439514160156,0.057387590408325195,-0.33508604764938354,0.039687138050794601,0.52844911813735962,-14.457845687866211,-6.537102222442627,12.10210132598877,8
-0.14273476600646973,0.3090609610080719,0.25184223055839539,0.18480399250984192,0.10480476915836334,0.065788723528385162,2.2820365428924561,4.2714996337890625,0.38489988446235657,8
0.12916435301303864,0.55885195732116699,0.08946382999420166,0.088012315332889557,-0.025697410106658936,-0.21433928608894348,-0.45657095313072205,1.8259094953536987,-0.310137540102005,8
0.47483775019645691,0.91663551330566406,0.13316863775253296,0.040450319647789001,0.21218441426753998,-0.1070006862282753,1.1120874881744385,1.4783624410629272,1.2642459869384766,8
0.92800003290176392,0.45340591669082642,0.26965373754501343,0,-0.01014329120516777,-0.0087339617311954498,0,0.81183522939682007,-0.40010538697242737,8
-0.92800003290176392,0.61202478408813477,0.71428203582763672,0,0.0030575869604945183,0.074181444942951202,0,-0.025294626131653786,1.203629732131958,8
-0.7096564769744873,0.79278779029846191,0.5304223895072937,-0.042491480708122253,0.043871015310287476,0.15476207435131073,4.473179817199707,0.97534739971160889,-1.2748686075210571,8
-0.35450658202171326,0.76546788215637207,0.42046132683753967,0.41806793212890625,0.16907855868339539,0.16842636466026306,2.4086127281188965,3.4429903030395508,2.3522408008575439,8
0.059466283768415451,0.48537558317184448,0.4180418848991394,0.081693537533283234,0.1423507034778595,-0.098131977021694183,-0.30532968044281006,0.53229796886444092,-0.75649893283843994,8
-0.13088954985141754,0.75746774673461914,0.36316573619842529,0.26746478676795959,0.13025735318660736,-0.19668813049793243,1.5720887184143066,1.7558883428573608,2.1901876926422119,8
0.072279073297977448,0.74054819345474243,0.17802910506725311,0.066303953528404236,0.0016649607568979263,-0.33359131217002869,1.8036172389984131,-0.88273203372955322,-0.66744530200958252,8
0.28393825888633728,0.51231491565704346,0.095669224858283997,0.0053267702460289001,0.16430719196796417,-0.026420526206493378,-0.96557754278182983,0.60106867551803589,2.2990884780883789,8
0.43524375557899475,0.75966751575469971,0.35982233285903931,0.045381106436252594,0.022780634462833405,0.019861824810504913,0.47020217776298523,0.68817692995071411,1.0547535419464111,8
0.67177695035934448,0.70080089569091797,0.52864545583724976,0.011869795620441437,0.054629605263471603,-0.015709299594163895,0.96325874328613281,0.34962770342826843,0.81497365236282349,8
0.92800003290176392,0.46778082847595215,0.5854957103729248,0,0.033543635159730911,0.061568610370159149,0,-1.8957691192626953,0.92075467109680176,8
-0.92800003290176392,0.38756120204925537,0.72668331861495972,0,-0.099233835935592651,0.068194441497325897,0,1.3723065853118896,-0.48132485151290894,8
-0.33122825622558594,0.68262529373168945,0.5824236273765564,0.1561063677072525,0.099508605897426605,0.084798403084278107,1.1115409135818481,0.78898918628692627,-0.27919203042984009,8
-0.4275878369808197,0.74094492197036743,0.70293515920639038,0.15726266801357269,0.12337595969438553,-0.010188651271164417,0.74794822931289673,0.31057587265968323,-1.2846393585205078,8
0.075825780630111694,0.8869166374206543,0.39411532878875732,0.22959312796592712,0.21620886027812958,-0.12508790194988251,-0.70085668563842773,0.07455020397901535,-0.19457055628299713,8
-0.16901968419551849,0.4882068932056427,-0.28493285179138184,-0.29772472381591797,-0.57932949066162109,0.1862674355506897,-7.6967520713806152,-23.356821060180664,-0.020376292988657951,8
0.24166898429393768,0.81533050537109375,0.46104878187179565,-0.0049808667972683907,0.1188632920384407,-0.17882147431373596,1.2606710195541382,-0.38272953033447266,0.11442884057760239,8
-0.39280021190643311,0.57292550802230835,-0.30048057436943054,-0.095440901815891266,0.64886283874511719,-0.06046927347779274,-10.90113353729248,5.9215936660766602,7.5288796424865723,8
0.37318211793899536,0.75934982299804688,0.6314464807510376,-0.089676238596439362,-0.061008136719465256,-0.047943577170372009,0.7156262993812561,0.073648199439048767,0.19635389745235443,8
0.47667455673217773,0.59033471345901489,0.67448312044143677,0.074389271438121796,0.0075374720618128777,0.000784329604357481,-0.21112939715385437,-1.2763676643371582,0.43701061606407166,8
0.92800003290176392,0.25130796432495117,0.68708258867263794,0,-0.020149843767285347,-0.0032906001433730125,0,-0.093010172247886658,0.16483759880065918,8
-0.92800003290176392,0.4602285623550415,0.92800003290176392,0,0.001870426582172513,0,0,-1.2829840183258057,0,8
-0.68387705087661743,0.24224108457565308,0.92800003290176392,0.029471674934029579,-0.040280841290950775,0,0.55856519937515259,-0.64674639701843262,0,8
-0.70410674810409546,0.56671839952468872,0.92800003290176392,0.0060547702014446259,0.036764763295650482,0,1.1655997037887573,1.0015016794204712,0,8
-0.27869522571563721,0.44755280017852783,0.92800003290176392,0.026410020887851715,-0.015375064685940742,0,0.94491416215896606,0.55124324560165405,0,8
-0.15950128436088562,0.5987933874130249,0.92800003290176392,0.0088341953232884407,-0.044560752809047699,0,-0.75341439247131348,-0.29341208934783936,0,8
0.013666351325809956,0.60198831558227539,0.92800003290176392,-0.0070219030603766441,0.0019152192398905754,0,0.29150488972663879,-0.57489639520645142,0,8
0.28304195404052734,0.44245964288711548,0.92800003290176392,0.00059280567802488804,0.003906747791916132,0,-0.28843629360198975,0.43883737921714783,0,8
0.70564794540405273,0.59317600727081299,0.92800003290176392,0.014713821932673454,-0.016702592372894287,0,0.41953057050704956,0.34379956126213074,0,8
0.71781933307647705,0.41966855525970459,0.92800003290176392,0.041560113430023193,-0.011730723083019257,0,0.87456202507019043,0.57017207145690918,0,8
0.92800003290176392,0.4193577766418457,0.92800003290176392,0,-0.0091880615800619125,0,0,-0.48300257325172424,0,8
-0.92800003290176392,0.44589561223983765,-0.92800003290176392,0,-0.035362940281629562,0,0,1.4754619598388672,0,8
-0.74550670385360718,0.63430768251419067,-0.92800003290176392,-0.095650359988212585,-0.42100906372070312,0,4.4772558212280273,-10.645920753479004,0,8
-0.38381671905517578,0.45654451847076416,-0.92800003290176392,0.063083119690418243,-0.13773342967033386,0,0.71972233057022095,5.2423586845397949,0,8
-0.18428674340248108,0.44596517086029053,-0.92800003290176392,0.38243907690048218,0.050779495388269424,0,1.3018672466278076,5.7380504608154297,0,8
0.11841532588005066,0.8307960033416748,-0.92800003290176392,0.13926628232002258,0.1020040363073349,0,6.123415470123291,1.3904944658279419,0,8
0.26343876123428345,0.83764499425888062,-0.92800003290176392,0.49931538105010986,0.15615205466747284,0,-7.0534672737121582,0.55266600847244263,0,8
0.3808424174785614,0.66476541757583618,-0.92800003290176392,0.11451536417007446,0.10963433235883713,0,4.2989802360534668,1.5515313148498535,0,8
0.53240388631820679,0.75292837619781494,-0.92800003290176392,0.06218428909778595,-0.25243932008743286,0,3.1797733306884766,5.4452104568481445,0,8
0.71377134323120117,0.60384219884872437,-0.92800003290176392,0.07357005774974823,0.19771423935890198,0,3.7815237045288086,1.1737046241760254,0,8
0.92800003290176392,0.46069538593292236,-0.92800003290176392,0,-0.012982516549527645,0,0,0.057334534823894501,0,8
-0.92800003290176392,0.53937184810638428,-0.68429219722747803,0,0.13420085608959198,-0.021359063684940338,0,0.55409073829650879,-3.0165317058563232,8
-0.71214902400970459,0.45531949400901794,-0.69639205932617188,-0.05135781317949295,-0.094797447323799133,0.32554483413696289,3.1210787296295166,1.2712624073028564,4.4975495338439941,8
-0.36744877696037292,0.58923035860061646,-0.92800003290176392,0.32188460230827332,-0.38007548451423645,0,2.536346435546875,6.9140324592590332,0,8
-0.81839317083358765,1.0850232839584351,-0.58795511722564697,-1.0576421022415161,0.88747328519821167,-0.36611095070838928,-11.885744094848633,-9.7425069808959961,-35.303863525390625,8
0.28202289342880249,0.45453831553459167,-0.67585265636444092,0.37579989433288574,0.040135994553565979,-0.0117629524320364,6.0569329261779785,0.036746148020029068,-1.0444740056991577,8
0.32345548272132874,0.98049545288085938,-0.59290045499801636,0.064329154789447784,0.10020650178194046,0.14774343371391296,-0.41071748733520508,-0.32663291692733765,0.71967953443527222,8
0.49695730209350586,0.97825509309768677,-0.33000794053077698,0.014096776023507118,0.1346975564956665,0.10030210763216019,1.1010847091674805,-0.80926042795181274,-0.4897342324256897,8
0.72095566987991333,0.79035776853561401,-0.92800003290176392,-0.076508224010467529,0.096457533538341522,0,-2.4710688591003418,1.6228353977203369,0,8
0.67866325378417969,0.87576478719711304,-0.68236875534057617,-0.021913327276706696,0.31432995200157166,-0.12799680233001709,-0.72190159559249878,-1.5830003023147583,-2.1715395450592041,8
0.92800003290176392,0.66527557373046875,-0.71510905027389526,0,0.018875081092119217,-0.0091830743476748466,0,-1.0876554250717163,-0.60283249616622925,8
-0.92800003290176392,0.57024127244949341,-0.50230181217193604,0,0.16725397109985352,0.027908671647310257,0,9.343266487121582,0.6345592737197876,8
-0.92800003290176392,0.78836506605148315,-0.51791071891784668,0,0.14588120579719543,0.04676741361618042,0,-6.5010209083557129,-0.0097033372148871422,8
-0.30944666266441345,1.2400969266891479,-0.92800003290176392,1.0667462348937988,0.37484803795814514,0,8.4622526168823242,-2.5396914482116699,0,8
0.033032387495040894,1.2010418176651001,-0.92753845453262329,0.71234405040740967,-0.061378583312034607,0.014232393354177475,1.4290236234664917,-4.0770354270935059,0.19210217893123627,8
-0.57457780838012695,0.705005943775177,-0.37896525859832764,-1.2412219047546387,-0.052406638860702515,0.13399384915828705,-41.427597045898438,-21.62895393371582,3.2349643707275391,8
-0.64731144905090332,1.4083015918731689,-0.92631375789642334,0.28601229190826416,-0.019576985388994217,0.012275668792426586,-0.40006574988365173,3.8791232109069824,-0.014477557502686977,8
0.2031964510679245,0.60049819946289062,-0.53262394666671753,0.26128759980201721,-0.0039081042632460594,-0.080387778580188751,7.3233566284179688,-3.1441068649291992,-0.81854343414306641,8
-0.19672663509845734,0.77112913131713867,-0.38516238331794739,-0.79905521869659424,-1.9094090461730957,-1.2667405605316162,0.52278757095336914,-63.435726165771484,-42.537837982177734,8
0.92800003290176392,0.97947788238525391,-0.65801525115966797,0,0.11333834379911423,0.14991410076618195,0,0.60380524396896362,-0.41580003499984741,8
0.92800003290176392,0.62191790342330933,-0.54550939798355103,0,0.020104153081774712,-0.070456206798553467,0,1.094014048576355,0.73590958118438721,8
-0.92800003290176392,0.69628685712814331,-0.37203651666641235,0,-0.10731446743011475,-0.0088353129103779793,0,2.2516047954559326,-2.5769627094268799,8
-0.7416577935218811,1.1058171987533569,0.14515705406665802,0.30979186296463013,-0.10546018183231354,0.48629999160766602,0.72914862632751465,3.8434367179870605,1.5299032926559448,8
-0.86296182870864868,1.0744856595993042,-0.11763660609722137,0.19169960916042328,0.056301835924386978,-0.098140165209770203,12.294097900390625,-5.2188239097595215,-7.7718720436096191,8
-0.92800003290176392,1.1388338804244995,-0.92800003290176392,0,0.29834297299385071,0,0,4.247063159942627,0,8
-0.54256391525268555,0.60494816303253174,-0.67615234851837158,0.01934184692800045,-0.81129294633865356,0.54414504766464233,3.2292068004608154,7.8209257125854492,7.0148024559020996,8
0.15053083002567291,1.0139156579971313,-0.92751133441925049,0.46599754691123962,0.090729705989360809,0.011829573661088943,-0.13644754886627197,-2.138683557510376,-0.04287734255194664,8
0.18968352675437927,1.0254886150360107,-0.80734604597091675,-0.045684002339839935,-0.014214843511581421,0.45908021926879883,3.0419139862060547,-1.8695822954177856,-1.2384294271469116,8
-0.41040384769439697,0.58260160684585571,-0.53126531839370728,-0.41967755556106567,0.56936502456665039,-0.57328230142593384,-1.2139211893081665,19.688896179199219,-0.44102665781974792,8
0.53745567798614502,0.96487438678741455,-0.15106123685836792,-0.04738924652338028,0.12525849044322968,-0.038042288273572922,2.5370538234710693,2.8582327365875244,-0.056317444890737534,8
0.92800003290176392,0.59701323509216309,-0.41964337229728699,0,0.065667666494846344,-0.016410540789365768,0,1.1347728967666626,0.3913884162902832,8
-0.92800003290176392,0.87670809030532837,0.090701237320899963,0,-0.045245718210935593,-0.19723343849182129,0,2.7842776775360107,-7.3636431694030762,8
-0.58184760808944702,0.93648719787597656,0.24518966674804688,0.24566610157489777,0.10340162366628647,0.72578603029251099,5.1274404525756836,6.6979484558105469,8.6348047256469727,8
-0.70688456296920776,0.62147295475006104,0.014476628042757511,-0.36305615305900574,-0.43629932403564453,0.8771059513092041,-3.1855907440185547,-1.6246988773345947,7.0693421363830566,8
-0.92800003290176392,1.052354097366333,-0.33547019958496094,0,-0.11336811631917953,0.27600541710853577,0,-2.0496439933776855,-7.5445446968078613,8
-0.92800003290176392,0.99846923351287842,-0.64301913976669312,0,0.065249450504779816,0.39535456895828247,0,-8.2153530120849609,2.8924591541290283,8
-0.59370028972625732,0.87810212373733521,-0.92800003290176392,0.52328699827194214,-1.0519908666610718,0,27.180074691772461,-23.621866226196289,0,8
-0.025476783514022827,0.92411845922470093,-0.67883032560348511,-0.13540329039096832,-0.15504655241966248,0.55826592445373535,-3.5697479248046875,-3.0832433700561523,3.2160685062408447,8
0.32878383994102478,0.5490913987159729,-0.088737033307552338,-0.26258039474487305,0.12422113120555878,-0.12264504283666611,-5.3823823928833008,2.3988595008850098,0.88695573806762695,8
0.71513378620147705,0.7564399242401123,-0.20904603600502014,0.010663632303476334,0.012281375005841255,-0.017199449241161346,-0.60945463180541992,0.4163241982460022,0.50543308258056641,8
0.92800003290176392,0.76624751091003418,-0.094228602945804596,0,-0.08254571259021759,-0.052077434957027435,0,-1.4414620399475098,1.3921700716018677,8
-0.92800003290176392,0.85460197925567627,0.29493638873100281,0,0.059846196323633194,-0.021777048707008362,0,2.8886170387268066,-0.23387551307678223,8
-0.66014647483825684,0.78959417343139648,0.34588271379470825,-0.1689809113740921,0.21798747777938843,0.20534513890743256,-4.6233091354370117,5.7849025726318359,2.1392865180969238,8
-0.30428940057754517,0.43665361404418945,0.21465511620044708,0.1367601603269577,0.0065545174293220043,0.42683756351470947,2.8845505714416504,2.9986836910247803,1.5376924276351929,8
-0.3727148175239563,0.68765401840209961,0.12464738637208939,0.25575745105743408,-0.035211082547903061,0.26044526696205139,9.9151172637939453,14.183091163635254,-4.2522516250610352,8
-0.91582047939300537,1.3126070499420166,-0.2543008029460907,-0.20215579867362976,-0.060599036514759064,0.38961851596832275,0.23285059630870819,-4.0253705978393555,-1.3787322044372559,8
-0.92800003290176392,1.3234059810638428,-0.3115086555480957,0,-0.028609409928321838,0.41577693819999695,0,-5.2298669815063477,-1.5184663534164429,8
-0.52164644002914429,1.2205097675323486,-0.92800003290176392,0.3326488733291626,0.26807087659835815,0,4.720341682434082,1.8122085332870483,0,8
-0.30289581418037415,0.53159517049789429,-0.44846665859222412,-0.37569728493690491,0.2484508603811264,0.052755557000637054,-14.430685043334961,0.5180436372756958,-4.1168570518493652,8
0.69378280639648438,0.67261773347854614,0.35425400733947754,0.0074801784940063953,-0.014700410887598991,-0.077871911227703094,0.2483941912651062,0.58526957035064697,0.9971504807472229,8
0.92800003290176392,0.76031869649887085,0.070076070725917816,0,-0.037903495132923126,-0.049838799983263016,0,-0.19225849211215973,-0.038392800837755203,8
-0.92800003290176392,0.64881575107574463,0.39272090792655945,0,-0.11632245033979416,-0.0050875945016741753,0,-1.301300048828125,-0.83648526668548584,8
-0.14551304280757904,0.94951224327087402,0.52263069152832031,0.32225725054740906,0.039230361580848694,-0.097045250236988068,0.077216319739818573,-0.22794550657272339,-0.82818293571472168,8
-0.50262725353240967,0.90533077716827393,0.017998933792114258,-1.513392448425293,-0.092166677117347717,0.57630199193954468,-49.727725982666016,-23.130764007568359,27.165410995483398,8
-0.58375853300094604,0.97755205631256104,0.41185134649276733,0.2890968918800354,-0.1943584680557251,0.19282439351081848,-1.2200366258621216,2.0497198104858398,-2.643606424331665,8
-0.92800003290176392,1.0832109451293945,0.21476475894451141,0,-0.13048307597637177,0.11966341733932495,0,-0.14558000862598419,2.5805692672729492,8
-0.83272683620452881,1.4255645275115967,-0.87409108877182007,-0.16993182897567749,-0.016781147569417953,0.1022857129573822,0.47480952739715576,-0.14718464016914368,-1.0850948095321655,8
-0.31542903184890747,1.2406795024871826,-0.92800003290176392,1.1216335296630859,0.37880811095237732,0,8.0601768493652344,-2.1427576541900635,0,8
-0.044817820191383362,0.73829799890518188,-0.23726043105125427,0.79052340984344482,-1.8235090970993042,-1.0918020009994507,5.9721059799194336,18.738201141357422,10.024415969848633,8
0.60151249170303345,0.92100614309310913,0.40576004981994629,-0.058662615716457367,0.067028410732746124,-0.051744908094406128,-2.0614955425262451,-1.3159111738204956,-0.14909370243549347,8
0.92800003290176392,0.60196655988693237,0.41850101947784424,0,-0.0089847836643457413,-0.0089495265856385231,0,-0.19680655002593994,-0.13646326959133148,8
-0.92800003290176392,0.58619141578674316,0.55162853002548218,0,-0.15803307294845581,-0.054273940622806549,0,-1.9566923379898071,-1.3778631687164307,8
-0.92800003290176392,0.94029343128204346,0.70634227991104126,0,-0.019483128562569618,-0.0030847107991576195,0,0.23760202527046204,2.7940077781677246,8
-0.045610174536705017,0.95764237642288208,0.24642778933048248,0.10714057087898254,0.047889702022075653,-0.37343952059745789,-0.78899186849594116,0.55938529968261719,-0.15875367820262909,8
-0.37517553567886353,0.72687733173370361,0.089697971940040588,-0.97517132759094238,-0.66528260707855225,0.61663615703582764,31.65989875793457,23.030937194824219,-10.95952320098877,8
-0.13311447203159332,0.72752588987350464,0.15462911128997803,-0.019865844398736954,0.30677801370620728,-0.42033886909484863,-8.6096935272216797,3.1509642601013184,-6.3513836860656738,8
0.24476492404937744,0.52692961692810059,0.2992321252822876,0.046491261571645737,0.11150647699832916,0.010308818891644478,-0.074251249432563782,-0.59271985292434692,3.4091451168060303,8
-0.14635477960109711,0.70654112100601196,-0.23165713250637054,-0.080310992896556854,-2.6809115409851074,-1.4232033491134644,-16.995494842529297,-26.057674407958984,-2.2840869426727295,8
0.34178820252418518,0.93902742862701416,0.20351801812648773,0.013560530729591846,0.037586145102977753,-0.24723124504089355,-2.7626378536224365,1.7981722354888916,2.4394824504852295,8
0.92800003290176392,0.7880626916885376,0.72647911310195923,0,0.019277472048997879,0.0064102290198206902,0,-0.12203759700059891,0.43074655532836914,8
0.92800003290176392,0.56762665510177612,0.56919735670089722,0,0.040133394300937653,-0.016684858128428459,0,0.35036039352416992,-0.51225852966308594,8
-0.92800003290176392,0.78756976127624512,0.7193455696105957,0,0.063899785280227661,-0.021730316802859306,0,0.014624296687543392,1.8928360939025879,8
-0.55568701028823853,0.66018813848495483,0.62387698888778687,0.010835100896656513,0.010918552987277508,-0.017721347510814667,0.67267429828643799,0.71677172183990479,-3.0634980201721191,8
-0.53890633583068848,0.73902463912963867,0.92800003290176392,0.079039022326469421,-0.069939218461513519,0,-1.1337153911590576,1.0603095293045044,0,8
-0.21003735065460205,0.75589835643768311,0.68524020910263062,0.25012567639350891,-0.0029100463725626469,-0.054873637855052948,0.26716187596321106,1.0362067222595215,-0.90103882551193237,8
-0.12421204894781113,0.60982209444046021,0.70414048433303833,-0.0075142476707696915,0.0028939216863363981,-0.034429211169481277,0.0035752446856349707,0.79981762170791626,0.014631784521043301,8
0.24205775558948517,0.9506683349609375,0.23978389799594879,0.0046935905702412128,0.067210465669631958,-0.27319315075874329,-0.0063983113504946232,0.95811653137207031,0.72521203756332397,8
0.34449467062950134,0.94657695293426514,0.25272849202156067,0.021693859249353409,0.028342742472887039,-0.27471113204956055,-2.0351452827453613,1.1626276969909668,2.0053911209106445,8
0.56643599271774292,0.78715419769287109,0.92800003290176392,-0.025270689278841019,0.021673474460840225,0,-0.19282248616218567,0.40207359194755554,0,8
0.57595956325531006,0.71799147129058838,0.69960778951644897,0.0091738505288958549,0.073038198053836823,-0.0018330710008740425,0.81070655584335327,0.65800750255584717,-0.10158828645944595,8
0.92800003290176392,0.61333674192428589,0.70776444673538208,0,-0.021577652543783188,0.028541909530758858,0,-0.57609266042709351,0.58648818731307983,8
-0.92800003290176392,0.45802569389343262,0.92800003290176392,0,-0.0016016009030863643,0,0,-0.24083000421524048,0,8
-0.715370774269104,0.74590569734573364,0.92800003290176392,0.0031164430547505617,0.044448122382164001,0,1.4215848445892334,1.4444717168807983,0,8
-0.51073163747787476,0.58145463466644287,0.92800003290176392,-0.013242483139038086,-0.04989917203783989,0,-1.2795251607894897,2.7066102027893066,0,8
-0.42553991079330444,0.45633870363235474,0.92800003290176392,-0.025951240211725235,-0.0098675843328237534,0,0.32893693447113037,0.43774709105491638,0,8
-0.051373142749071121,0.77598631381988525,0.92800003290176392,0.075888536870479584,0.026398969814181328,0,-0.74961882829666138,1.0538730621337891,0,8
0.10497689992189407,0.76715761423110962,0.92800003290176392,0.052251160144805908,0.028732838109135628,0,-0.056475695222616196,1.18526291847229,0,8
0.35903245210647583,0.60304158926010132,0.92800003290176392,0.059806410223245621,0.0018008154584094882,0,0.28019607067108154,0.85616368055343628,0,8
0.53366494178771973,0.5914122462272644,0.92800003290176392,-0.00073148729279637337,0.0015104019548743963,0,-0.075963608920574188,0.5617910623550415,0,8
0.72399443387985229,0.7737424373626709,0.92800003290176392,0.011165485717356205,-0.011837955564260483,0,0.38734373450279236,0.31818324327468872,0,8
0.92800003290176392,0.4193577766418457,0.92800003290176392,0,-0.0091880615800619125,0,0,-0.48300257325172424,0,8
-0.92800003290176392,0.80291473865509033,-0.92800003290176392,0,0.035196293145418167,0,0,-0.43577635288238525,0,8
-0.74921286106109619,1.2291593551635742,-0.92800003290176392,0.018080443143844604,0.53727191686630249,0,-3.9161818027496338,17.137327194213867,0,8
-0.57384133338928223,0.54655957221984863,-0.92800003290176392,0.029401807114481926,-0.37282672524452209,0,6.9605522155761719,1.540460467338562,0,8
-0.22758656740188599,0.74372458457946777,-0.92800003290176392,0.19598531723022461,0.28637149930000305,0,-11.963774681091309,5.0886530876159668,0,8
-0.34594166278839111,0.82335102558135986,-0.92800003290176392,0.66845446825027466,-0.30677276849746704,0,7.7392849922180176,-6.3112387657165527,0,8
0.40152573585510254,0.85312259197235107,-0.92800003290176392,0.1895783394575119,0.12281171977519989,0,3.0250518321990967,-4.1651058197021484,0,8
0.21761560440063477,0.63522768020629883,-0.92800003290176392,-0.064856752753257751,0.18702805042266846,0,-2.0437211990356445,2.9422581195831299,0,8
0.6690598726272583,0.95955634117126465,-0.92800003290176392,0.16934335231781006,0.17257344722747803,0,2.0137419700622559,-4.5183014869689941,0,8
0.92800003290176392,1.1554456949234009,-0.92800003290176392,0,0.090413704514503479,0,0,-1.9399670362472534,0,8
0.92800003290176392,0.63146871328353882,-0.92800003290176392,0,-0.064993485808372498,0,0,-1.1501379013061523,0,8
-0.92800003290176392,1.138901948928833,-0.92800003290176392,0,0.29854664206504822,0,0,4.2393007278442383,0,8
-0.92800003290176392,0.8047603964805603,-0.92800003290176392,0,0.05052473396062851,0,0,-1.365170955657959,0,8
-0.14721395075321198,1.2082030773162842,-0.92800003290176392,0.46542403101921082,-0.084337882697582245,0,2.2144889831542969,0.18881185352802277,0,8
-0.029050979763269424,0.87615954875946045,-0.92800003290176392,0.29141226410865784,0.092272326350212097,0,-2.4880642890930176,2.077385425567627,0,8
0.36369207501411438,1.1967785358428955,-0.92510896921157837,0.12784329056739807,0.2327839732170105,0.034601170569658279,-0.81797534227371216,-4.8582320213317871,0.030840819701552391,8
0.45998579263687134,1.1474850177764893,-0.92764699459075928,-0.047746650874614716,0.19533613324165344,0.0053526810370385647,2.5087828636169434,-0.49136903882026672,-0.0030247911345213652,8
0.76938921213150024,1.1834890842437744,-0.92800003290176392,0.21056993305683136,0.025847159326076508,0,-2.1082327365875244,-1.7971483469009399,0,8
0.67332082986831665,0.97711384296417236,-0.50213050842285156,0.0070388293825089931,0.2103700190782547,0.14123290777206421,3.0237560272216797,-1.0435277223587036,0.32690224051475525,8
0.92800003290176392,0.97242081165313721,-0.92800003290176392,0,-0.070916466414928436,0,0,-1.474082350730896,0,8
0.92800003290176392,0.99487638473510742,-0.57595944404602051,0,0.017645576968789101,-0.016849353909492493,0,0.27103975415229797,-0.41648346185684204,8
-0.92800003290176392,0.80388635396957397,-0.67279511690139771,0,-0.094533577561378479,-0.04607095941901207,0,1.3594167232513428,-10.90850830078125,8
-0.92800003290176392,1.1813541650772095,0.048350788652896881,0,-0.28455600142478943,0.41166585683822632,0,0.59082800149917603,0.09741692990064621,8
-0.52677392959594727,0.43462389707565308,-0.65246462821960449,0.10916454344987869,-0.25998148322105408,0.029741669073700905,3.6569194793701172,16.320106506347656,-7.3173966407775879,8
-0.1775345504283905,0.71396434307098389,-0.62470197677612305,-0.080676056444644928,0.29396271705627441,0.15237663686275482,-9.5607767105102539,11.757027626037598,-6.2706418037414551,8
0.20655763149261475,0.71280425786972046,-0.67286086082458496,0.21449628472328186,0.14269864559173584,0.074321508407592773,2.4548630714416504,2.2531535625457764,-2.1344499588012695,8
-0.43064820766448975,0.97225075960159302,-0.8381035327911377,-0.78367483615875244,0.25309482216835022,-2.0957317352294922,15.687592506408691,9.0147705078125,-10.575130462646484,8
-0.040194243192672729,0.83642077445983887,-0.47591862082481384,-0.14058798551559448,-2.4370193481445312,-1.3115121126174927,7.9320955276489258,-73.612548828125,-51.872417449951172,8
0.66882467269897461,0.94923585653305054,-0.31362798810005188,-0.050421103835105896,0.15033015608787537,0.058014117181301117,0.50210076570510864,0.45831483602523804,0.8190036416053772,8
0.6588103175163269,0.95733684301376343,-0.24749957025051117,-0.047978740185499191,0.12429458647966385,-0.0068965386599302292,1.4009683132171631,-0.30426865816116333,-0.68731409311294556,8
0.92800003290176392,0.79408693313598633,-0.677742600440979,0,-0.0118916230276227,-0.047387920320034027,0,-0.086729474365711212,0.0030228493269532919,8
-0.92800003290176392,0.46535575389862061,-0.022376662120223045,0,-0.14813748002052307,-0.078599266707897186,0,-2.3167617321014404,-2.0378959178924561,8
-0.92800003290176392,0.92412757873535156,-0.11650356650352478,0,0.086590439081192017,-0.011510536074638367,0,-1.273815393447876,-4.2561607360839844,8
-0.36263197660446167,0.95566356182098389,0.12923642992973328,0.43907609581947327,-0.19595547020435333,-0.066477350890636444,3.8732419013977051,-3.4548604488372803,1.3860242366790771,8
-0.41051861643791199,1.3173387050628662,-0.92800003290176392,0.95487850904464722,0.16806794703006744,0,9.1523418426513672,6.0622024536132812,0,8
0.085898332297801971,0.83967322111129761,-0.64600968360900879,-0.15203458070755005,-0.10397592931985855,0.36924219131469727,-4.681398868560791,10.545320510864258,1.8718134164810181,8
-0.22268947958946228,0.81366550922393799,-0.78938287496566772,-0.2930055558681488,-0.31201562285423279,0.0093113761395215988,3.3079977035522461,5.2994117736816406,15.56731128692627,8
0.37698665261268616,0.9399101734161377,-0.1755671501159668,0.016031458973884583,0.1763603687286377,-0.038289617747068405,5.0888147354125977,4.2874503135681152,0.90577870607376099,8
0.30959117412567139,0.93653309345245361,-0.15811921656131744,-0.31882390379905701,0.13385389745235443,-0.090913161635398865,-4.2520947456359863,3.2067782878875732,4.8536405563354492,8
0.92800003290176392,0.98087173700332642,-0.31961092352867126,0,-0.030974131077528,-0.0067477775737643242,0,-0.20523826777935028,1.02580726146698,8
0.92800003290176392,0.59863573312759399,-0.24377502501010895,0,0.0033339625224471092,-0.078369848430156708,0,-0.62348741292953491,-0.15220439434051514,8
-0.92800003290176392,0.61522954702377319,-0.13574473559856415,0,-0.11311214417219162,0.0924190953373909,0,-4.7067761421203613,1.1616990566253662,8
-0.92375868558883667,1.1528661251068115,0.57322883605957031,0.0039308764971792698,0.022843483835458755,0.10888856649398804,0.0022914723958820105,0.46254417300224304,-0.84996920824050903,8
-0.24587750434875488,0.95624673366546631,0.41044771671295166,0.32555285096168518,0.09272746741771698,-0.18405461311340332,-0.098071388900279999,0.040647085756063461,-1.6046319007873535,8
-0.54313933849334717,0.96623808145523071,0.42805522680282593,0.23385700583457947,-0.095322318375110626,0.11403538286685944,-1.7293014526367188,1.9969052076339722,-2.0028817653656006,8
-0.6127312183380127,1.3901557922363281,-0.9270937442779541,0.36801537871360779,0.047547843307256699,0.0056556635536253452,-0.62940263748168945,5.2423033714294434,-0.035702072083950043,8
-0.062282759696245193,1.0188534259796143,-0.92800003290176392,0.35587739944458008,-0.28425443172454834,0,-2.2653346061706543,-2.8623344898223877,0,8
0.13040904700756073,0.70759910345077515,-0.079467296600341797,-0.0090488549321889877,0.15898698568344116,0.097801215946674347,5.6413478851318359,-2.2303504943847656,9.4621610641479492,8
0.63309359550476074,0.76140040159225464,-0.036027878522872925,-0.020229920744895935,0.0020180279389023781,-0.10715572535991669,1.292570948600769,-1.4115051031112671,-0.32050630450248718,8
0.92800003290176392,0.96714365482330322,0.006354854442179203,0,-0.024869514629244804,-0.025051858276128769,0,0.052918471395969391,-0.20354573428630829,8
0.92800003290176392,0.76459121704101562,-0.27419212460517883,0,-0.0026466459967195988,-0.14042234420776367,0,-1.1244643926620483,-0.2188195139169693,8
-0.92800003290176392,0.79362636804580688,0.20406660437583923,0,0.062294848263263702,0.25943589210510254,0,-3.9361076354980469,1.0491231679916382,8
-0.92800003290176392,1.0147497653961182,0.37918514013290405,0,0.10522997379302979,0.17733655869960785,0,5.369814395904541,0.54707586765289307,8
-0.26324230432510376,0.93315476179122925,0.1303831934928894,0.19025568664073944,-0.092146717011928558,-0.12190781533718109,-1.4693189859390259,-7.7238917350769043,-2.2565205097198486,8
-0.10822652280330658,0.94178980588912964,0.15409977734088898,0.072314895689487457,-0.14164665341377258,-0.33925697207450867,-3.2037427425384521,-0.35218831896781921,-3.0993423461914062,8
-0.92800003290176392,1.1497491598129272,-0.087455928325653076,0,0.038852095603942871,0.35012304782867432,0,2.4188156127929688,0.17667977511882782,8
-0.92800003290176392,1.3218902349472046,-0.75548684597015381,0,0.42139926552772522,-0.084762811660766602,0,6.6690807342529297,-1.5782766342163086,8
0.11798772215843201,0.90817838907241821,-0.17668692767620087,-0.23989285528659821,0.2208825945854187,-0.45026922225952148,-0.18471254408359528,5.1980109214782715,4.8489470481872559,8
0.6746552586555481,0.76740074157714844,0.18932370841503143,0.087819911539554596,0.042282991111278534,-0.027226634323596954,0.18620452284812927,0.78019076585769653,0.32038626074790955,8
0.92800003290176392,0.96818035840988159,0.10763443261384964,0,-0.03457418829202652,-0.038376990705728531,0,-0.11007125675678253,-0.70596921443939209,8
0.92800003290176392,0.76059377193450928,0.23234917223453522,0,-0.075933851301670074,-0.10135237872600555,0,-0.77655613422393799,-0.61837297677993774,8
-0.92800003290176392,0.63458019495010376,0.19962820410728455,0,-0.077516302466392517,-0.025011390447616577,0,-1.5827003717422485,-0.17619061470031738,8
-0.92800003290176392,0.8873603343963623,0.53517550230026245,0,-0.060469876974821091,-0.029232935979962349,0,2.6853771209716797,1.0630632638931274,8
-0.51501047611236572,0.94496804475784302,0.70605200529098511,0.12699007987976074,0.10231661796569824,0.068067200481891632,1.6955265998840332,2.0423827171325684,-0.37579533457756042,8
-0.039655204862356186,0.93922066688537598,0.52808189392089844,0.34775084257125854,0.039727691560983658,-0.22093458473682404,0.80637478828430176,0.89764666557312012,-2.1543037891387939,8
-0.92800003290176392,1.0080170631408691,-0.33282166719436646,0,0.14630812406539917,-0.066374197602272034,0,-3.6549270153045654,-1.7338577508926392,8
-0.079424493014812469,0.66344749927520752,-0.014881688170135021,-0.50470244884490967,0.59579306840896606,-0.098676480352878571,-5.5074777603149414,9.4421854019165039,8.5891046524047852,8
0.53390151262283325,0.94408887624740601,0.48271253705024719,0.072142980992794037,-0.0012452888768166304,-0.11624638736248016,-1.0729036331176758,-0.44534033536911011,-0.010372995398938656,8
0.65992110967636108,0.96486920118331909,0.070967346429824829,-0.0014198923017829657,0.074411898851394653,-0.12152466177940369,2.0034937858581543,0.67734658718109131,0.59571456909179688,8
0.92800003290176392,0.97362583875656128,0.44362220168113708,0,-0.014390897937119007,-0.029654806479811668,0,0.23585917055606842,0.58044290542602539,8
0.92800003290176392,0.59820383787155151,0.23830546438694,0,-0.062361449003219604,-0.013470262289047241,0,-0.36809393763542175,0.10793588310480118,8
-0.92800003290176392,0.77221566438674927,0.55508643388748169,0,-0.044077958911657333,0.080242305994033813,0,-2.704925537109375,0.84592622518539429,8
-0.92800003290176392,1.1646021604537964,0.82975715398788452,0,0.016539985314011574,0.19673638045787811,0,0.67720848321914673,0.054388489574193954,8
-0.66828459501266479,0.80291450023651123,0.72981142997741699,0.10340867936611176,0.076014101505279541,0.11179777234792709,-1.4192273616790771,2.2755069732666016,-3.6429879665374756,8
0.11356133967638016,0.94936233758926392,0.66071623563766479,0.19103968143463135,-0.00070839794352650642,-0.09185396134853363,-0.71774297952651978,0.74455499649047852,0.1835920512676239,8
0.04444073885679245,0.73582279682159424,0.67342191934585571,0.022858386859297752,-0.027950208634138107,-0.023989873006939888,1.1862946748733521,0.71518093347549438,0.7139507532119751,8
0.0098794503137469292,0.92206162214279175,-0.053700301796197891,-0.12362901866436005,-0.10344808548688889,-0.54406189918518066,-1.8369995355606079,-0.53844916820526123,2.0739305019378662,8
0.11787872016429901,0.93655496835708618,0.007902105338871479,-0.10369350761175156,0.10699637979269028,-0.46611964702606201,-1.5662863254547119,0.37674081325531006,0.13683110475540161,8
0.71618545055389404,0.84197556972503662,0.67270565032958984,0.038516849279403687,0.10491494089365005,0.059648636728525162,0.10240684449672699,-0.33742141723632812,-0.63696819543838501,8
0.66800838708877563,0.93865793943405151,0.42260563373565674,0.045426484197378159,0.074858859181404114,-0.020948907360434532,0.95707070827484131,1.3961864709854126,1.2865413427352905,8
0.92800003290176392,0.80081868171691895,0.57454240322113037,0,-0.057876680046319962,-0.059103172272443771,0,-0.89992856979370117,-0.026958880946040154,8
-0.92800003290176392,1.1500809192657471,0.92800003290176392,0,-0.054117396473884583,0,0,1.1275069713592529,0,8
-0.92800003290176392,0.96451926231384277,0.92800003290176392,0,0.0091933449730277061,0,0,-0.093474395573139191,0,8
-0.18119320273399353,0.97787249088287354,0.72855758666992188,0.24371674656867981,-0.0069321817718446255,-0.028945554047822952,0.074434421956539154,0.91797322034835815,0.49931630492210388,8
-0.26293456554412842,0.97554755210876465,0.92800003290176392,0.1412302553653717,0.001053792773745954,0,1.0310240983963013,0.081048838794231415,0,8
0.084707744419574738,0.98293769359588623,0.92800003290176392,0.055109813809394836,0.0060542975552380085,0,-0.54741758108139038,0.74624204635620117,0,8
0.17909380793571472,0.9853711724281311,0.92800003290176392,0.067218363285064697,0.014605438336730003,0,-0.22030188143253326,0.49237313866615295,0,8
0.44694465398788452,0.98797386884689331,0.92800003290176392,0.011690854094922543,0.032868519425392151,0,0.31936207413673401,0.51737576723098755,0,8
0.50497865676879883,0.95847046375274658,0.63413071632385254,0.084277160465717316,-0.016287911683320999,-0.1314329206943512,0.78802323341369629,-0.0841049924492836,-1.0128185749053955,8
0.92800003290176392,0.99971950054168701,0.92800003290176392,0,-0.035924620926380157,0,0,-0.066745541989803314,0,8
0.92800003290176392,0.99182474613189697,0.70594722032546997,0,-0.0065870936959981918,-0.070881851017475128,0,0.24529141187667847,0.26567301154136658,8
-0.92800003290176392,0.80731356143951416,0.92800003290176392,0,-0.0038441568613052368,0,0,-0.82336002588272095,0,8
-0.62339174747467041,0.96048951148986816,0.92800003290176392,0.097815223038196564,-0.032730482518672943,0,-0.18197378516197205,-0.12931722402572632,0,8
-0.49179905652999878,0.98644089698791504,0.92800003290176392,0.1435321718454361,-0.021482177078723907,0,0.55466514825820923,1.0347549915313721,0,8
-0.33601284027099609,0.59810358285903931,0.92800003290176392,0.010758291929960251,-0.0014901334652677178,0,-0.2287355363368988,0.42024362087249756,0,8
-0.2201659232378006,0.76377922296524048,0.92800003290176392,-0.005087519995868206,-0.019655114039778709,0,-0.18753278255462646,0.76594215631484985,0,8
0.26816099882125854,0.77272689342498779,0.92800003290176392,0.015576710924506187,-0.010305175557732582,0,0.45419466495513916,0.29032608866691589,0,8
0.18480092287063599,0.59315812587738037,0.92800003290176392,0.0066415769979357719,0.043789096176624298,0,-0.13904260098934174,0.41112270951271057,0,8
0.62591296434402466,0.9881584644317627,0.92800003290176392,0.020852252840995789,0.027057783678174019,0,-0.15301856398582458,0.6220136284828186,0,8
0.79377216100692749,1.0197446346282959,0.92800003290176392,-0.020497282966971397,-0.01912284828722477,0,0.10096834599971771,0.24630583822727203,0,8
0.92800003290176392,0.67324918508529663,0.92800003290176392,0,-0.0053128236904740334,0,0,0.071356005966663361,0,8
-0.92800003290176392,0.62353658676147461,-0.92800003290176392,0,-0.046576023101806641,0,0,-2.091317892074585,0,8
-0.92800003290176392,0.95748406648635864,-0.92800003290176392,0,-0.19597795605659485,0,0,-5.5685391426086426,0,8
-0.19364161789417267,0.93466252088546753,-0.92800003290176392,0.42387476563453674,-0.15460747480392456,0,-5.0069303512573242,-6.2000851631164551,0,8
-0.68363064527511597,0.747111976146698,-0.92800003290176392,-0.42237463593482971,-0.58176082372665405,0,6.6407995223999023,-15.082825660705566,0,8
0.36334779858589172,0.96545058488845825,-0.92800003290176392,0.07644575834274292,0.20573186874389648,0,-3.9423422813415527,7.136932373046875,0,8
0.63462084531784058,1.0531235933303833,-0.92800003290176392,0.17871890962123871,-0.013424649834632874,0,-3.6261250972747803,7.0899591445922852,0,8
0.5622292160987854,0.89415478706359863,-0.92800003290176392,0.10187675803899765,0.62134641408920288,0,-3.3225095272064209,-9.1244468688964844,0,8
0.82685732841491699,1.193000316619873,-0.92800003290176392,0.30884113907814026,0.12596714496612549,0,0.068441927433013916,-2.6926851272583008,0,8
0.92800003290176392,0.81472694873809814,-0.92800003290176392,0,-0.021643618121743202,0,0,-0.4825490415096283,0,8
0.92800003290176392,0.81472724676132202,-0.92800003290176392,0,-0.021644037216901779,0,0,-0.48254042863845825,0,8
-0.92800003290176392,0.8068082332611084,-0.92800003290176392,0,0.044695228338241577,0,0,-2.0611002445220947,0,8
-0.92800003290176392,1.1390421390533447,-0.92800003290176392,0,0.29890236258506775,0,0,4.2236013412475586,0,8
-0.74634850025177002,0.97759789228439331,-0.92800003290176392,-0.21649986505508423,0.74002635478973389,0,-1.9879361391067505,11.592617034912109,0,8
0.18909373879432678,0.93931698799133301,-0.63857758045196533,-0.024204347282648087,0.026941262185573578,0.23058506846427917,-7.192957878112793,3.6545329093933105,0.58465224504470825,8
0.44173839688301086,1.1479698419570923,-0.92721831798553467,0.12630710005760193,0.24429714679718018,0.011322988197207451,-0.32388967275619507,-1.0207325220108032,-0.0039854831993579865,8
0.40979543328285217,0.99205935001373291,-0.5416572093963623,0.028729114681482315,0.17595139145851135,0.039570800960063934,-3.6193168163299561,-1.7312455177307129,-0.36205026507377625,8
0.67535430192947388,1.2352006435394287,-0.92800003290176392,0.37580007314682007,0.24255447089672089,0,-3.1127471923828125,-6.3841805458068848,0,8
0.90369755029678345,1.1607708930969238,-0.92800003290176392,0.41132143139839172,0.047163151204586029,0,-1.0885351896286011,-1.6427716016769409,0,8
0.92800003290176392,1.1554484367370605,-0.92800003290176392,0,0.090397000312805176,0,0,-1.9399750232696533,0,8
0.92800003290176392,0.81472682952880859,-0.92800003290176392,0,-0.02164621464908123,0,0,-0.48250153660774231,0,8
-0.92800003290176392,0.84702885150909424,-0.20038405060768127,0,0.22442400455474854,0.59197545051574707,0,4.008479118347168,-11.419282913208008,8
-0.92800003290176392,1.1926929950714111,-0.70980507135391235,0,-0.29879012703895569,0.1330045759677887,0,-17.006135940551758,10.245765686035156,8
-0.92800003290176392,0.96568983793258667,-0.55303126573562622,0,0.28911951184272766,0.33298331499099731,0,2.5868155956268311,-3.2532029151916504,8
0.12965793907642365,1.1645574569702148,-0.92575007677078247,0.62394821643829346,-0.33990848064422607,0.038181208074092865,0.70754522085189819,-0.82731211185455322,0.22259819507598877,8
0.2215389758348465,0.96426838636398315,-0.46315199136734009,-0.18374717235565186,0.025230377912521362,0.20462647080421448,-2.7711730003356934,0.72193115949630737,-0.89418226480484009,8
0.31871828436851501,0.98080593347549438,-0.53085923194885254,-0.078237049281597137,0.13940554857254028,0.11597235500812531,-0.1380331814289093,-0.64867788553237915,0.4395659863948822,8
0.53887271881103516,0.97572588920593262,-0.51332598924636841,-0.006654033437371254,0.23374776542186737,0.067500516772270203,1.6598511934280396,2.9573874473571777,0.33739125728607178,8
0.78662467002868652,0.98022270202636719,-0.60382312536239624,0.0926060751080513,0.17970699071884155,-0.048651892691850662,0.73085540533065796,0.063158422708511353,2.1607553958892822,8
0.92800003290176392,0.99207216501235962,-0.52737295627593994,0,0.00027812179177999496,-0.10693709552288055,0,0.17938484251499176,-0.82938146591186523,8
0.92800003290176392,0.99151700735092163,-0.4124157726764679,0,0.060230687260627747,-0.087596341967582703,0,0.96167391538619995,0.071212649345397949,8
-0.92800003290176392,0.87192660570144653,-0.32670938968658447,0,0.57503104209899902,-0.58295530080795288,0,3.8314933776855469,5.1572599411010742,8
-0.92800003290176392,1.1278051137924194,0.1421658992767334,0,0.0080868741497397423,0.13276144862174988,0,0.96144109964370728,-0.53350746631622314,8
-0.72739702463150024,1.1224426031112671,0.12772643566131592,0.31186056137084961,-0.17936313152313232,0.47671595215797424,0.78374499082565308,3.4907777309417725,1.3734849691390991,8
-0.0080848727375268936,1.2083740234375,-0.92783039808273315,0.63200980424880981,-0.15649121999740601,0.0067408327013254166,1.6818325519561768,-1.0276141166687012,0.1184515655040741,8
-0.74692881107330322,0.85715699195861816,-0.55483740568161011,-0.49334549903869629,0.17452399432659149,-0.11125735193490982,15.405673980712891,2.9597151279449463,5.9553318023681641,8
-0.57004189491271973,0.93797224760055542,-0.78357130289077759,-1.5004245042800903,0.53299242258071899,-2.3905189037322998,-9.3878593444824219,9.3789119720458984,-3.4396646022796631,8
-0.22208206355571747,0.59840017557144165,-0.49379509687423706,-0.8113713264465332,0.62647455930709839,-0.84228318929672241,3.9034292697906494,19.561422348022461,-14.262563705444336,8
0.14728264510631561,0.76116049289703369,-0.34338933229446411,0.13812503218650818,0.74488735198974609,-0.32096201181411743,3.8342032432556152,16.253559112548828,-6.6027812957763672,8
0.92800003290176392,0.97210466861724854,-0.24003879725933075,0,-0.065294414758682251,0.014696039259433746,0,-0.050869431346654892,-0.33095228672027588,8
0.92800003290176392,0.77286398410797119,-0.45771351456642151,0,-0.013035227544605732,-0.086467944085597992,0,-0.67408221960067749,-0.012364312075078487,8
-0.92800003290176392,1.0941258668899536,0.21490210294723511,0,0.029155399650335312,0.074114643037319183,0,4.5365514755249023,0.84427422285079956,8
-0.34932449460029602,0.96101075410842896,0.30549371242523193,0.40008634328842163,-0.049409884959459305,-0.11299747973680496,-0.67612940073013306,0.206835076212883,-3.2019534111022949,8
-0.43302962183952332,0.96069049835205078,0.5229765772819519,0.36373567581176758,0.04726959764957428,0.095461688935756683,-0.25618225336074829,1.9429959058761597,1.3771246671676636,8
-0.7561337947845459,0.94466811418533325,-0.033211532980203629,0.0051080761477351189,0.55188733339309692,-0.27164202928543091,-10.573362350463867,12.773534774780273,-8.7935304641723633,8
-0.50205892324447632,0.72469198703765869,-0.92800003290176392,0.43477177619934082,-0.56629335880279541,0,18.134042739868164,-5.8184700012207031,0,8
-0.22627019882202148,1.1309672594070435,-0.92800003290176392,0.75569552183151245,0.33844953775405884,0,4.3792567253112793,-4.7498197555541992,0,8
-0.92800003290176392,1.3967187404632568,-0.62021917104721069,0,0.3878263533115387,0.11846169829368591,0,-3.490450382232666,4.030484676361084,8
0.66430824995040894,0.96395379304885864,0.0044192122295498848,0.0010958774946630001,0.09006866067647934,-0.085757486522197723,1.982241153717041,0.80908966064453125,0.4903833270072937,8
0.92800003290176392,0.96836578845977783,-0.16699472069740295,0,-0.049292169511318207,-0.031990505754947662,0,0.24354054033756256,-0.84464138746261597,8
0.92800003290176392,0.96653848886489868,-0.084316112101078033,0,-0.035453394055366516,-0.049006819725036621,0,0.21832352876663208,-0.52980655431747437,8
-0.92800003290176392,1.1389483213424683,0.53697144985198975,0,0.12917988002300262,0.28307148814201355,0,-0.438740074634552,-2.4949040412902832,8
-0.92800003290176392,1.1563937664031982,0.57760721445083618,0,0.024102015420794487,0.089248403906822205,0,0.17952929437160492,-0.60244601964950562,8
-0.58290433883666992,0.97101664543151855,0.57882362604141235,0.23485556244850159,0.036930941045284271,0.072117477655410767,1.6041460037231445,1.111635684967041,-0.35688510537147522,8
-0.24835777282714844,0.95102691650390625,0.54104137420654297,0.21870502829551697,0.06650504469871521,0.033300220966339111,0.11658265441656113,0.96804898977279663,-0.17228564620018005,8
-0.92800003290176392,1.2754971981048584,-0.16956064105033875,0,-0.1530873030424118,0.35227662324905396,0,-1.3333282470703125,-1.208957314491272,8
-0.62262588739395142,1.1240148544311523,-0.92800003290176392,0.30179330706596375,0.99917054176330566,0,14.507648468017578,24.755149841308594,0,8
0.021665574982762337,0.63095599412918091,-0.40165755152702332,0.08809979259967804,-0.27422693371772766,-0.73420685529708862,17.004898071289062,-2.2047743797302246,-18.572065353393555,8
0.63915956020355225,0.96372383832931519,0.061498172581195831,0.0027876989915966988,0.084588713943958282,-0.1166268065571785,2.418602466583252,0.9108244776725769,0.60052669048309326,8
0.92800003290176392,0.96646660566329956,0.25892528891563416,0,-0.030658457428216934,-0.042335692793130875,0,0.58811444044113159,2.2069008350372314,8
0.92800003290176392,0.96477168798446655,0.19362536072731018,0,-0.050053257495164871,-0.036933895200490952,0,0.18635194003582001,-0.17763878405094147,8
-0.92800003290176392,0.850838303565979,0.4017714262008667,0,0.064784593880176544,0.13619847595691681,0,0.95318686962127686,3.0151505470275879,8
-0.92800003290176392,1.156389594078064,0.57748675346374512,0,0.024148520082235336,0.089661836624145508,0,0.17760129272937775,-0.60545879602432251,8
-0.35139453411102295,0.98273533582687378,0.7703167200088501,0.23693656921386719,-0.0040897494181990623,-0.008982466533780098,-1.1603459119796753,1.288103461265564,-0.89990139007568359,8
-0.036778047680854797,0.93757480382919312,0.11794079095125198,-0.038411997258663177,-0.055573280900716782,-0.45474344491958618,-2.5756223201751709,0.89199751615524292,-2.392136812210083,8
-0.47365850210189819,0.65509063005447388,-0.11971819400787354,-2.3365702629089355,-1.4606806039810181,0.87705743312835693,-4.8760337829589844,-11.318663597106934,10.902402877807617,8
-0.73679447174072266,0.67765510082244873,-0.22290432453155518,-0.42673957347869873,-0.091933056712150574,0.22441650927066803,-15.001782417297363,-9.3361310958862305,14.55722713470459,8
0.23711608350276947,0.95218187570571899,0.065602347254753113,-0.064727716147899628,0.07650892436504364,-0.2829267680644989,-2.2612147331237793,1.1840569972991943,0.39744701981544495,8
0.70584547519683838,0.94661551713943481,0.36055532097816467,0.020189400762319565,0.008169686421751976,-0.10797612369060516,0.83669328689575195,0.31105279922485352,-1.1735694408416748,8
0.92800003290176392,0.9738423228263855,0.3465055525302887,0,-0.014197515323758125,-0.036213144659996033,0,-0.1609615832567215,1.8008301258087158,8
0.92800003290176392,0.75479227304458618,0.42118549346923828,0,-0.019846091046929359,-0.031163044273853302,0,-0.22031219303607941,-0.018087195232510567,8
-0.92800003290176392,1.1932611465454102,0.71380853652954102,0,0.10584873706102371,0.12209822237491608,0,-0.69974648952484131,0.15314584970474243,8
-0.92800003290176392,1.1500270366668701,0.92800003290176392,0,-0.055539626628160477,0,0,1.1567293405532837,0,8
-0.61404192447662354,0.97200387716293335,0.90916305780410767,0.081375077366828918,-0.087612606585025787,0.18768301606178284,-0.0042101740837097168,0.66373831033706665,0.94584786891937256,8
-0.00048233894631266594,0.95421254634857178,0.65802788734436035,0.14590951800346375,0.039752248674631119,-0.027173830196261406,-0.089755646884441376,0.71422863006591797,0.38446104526519775,8
0.19921979308128357,0.94602638483047485,0.67113745212554932,0.1523730456829071,-0.0324227474629879,-0.061891928315162659,0.11623754352331161,0.89163118600845337,0.42187011241912842,8
0.20411956310272217,0.96186572313308716,0.38391613960266113,0.068997517228126526,-0.026807356625795364,-0.3017040491104126,-1.5691401958465576,0.92531263828277588,-1.162696361541748,8
0.47195041179656982,0.96505385637283325,0.66655421257019043,0.024335302412509918,0.020768331363797188,-0.033034037798643112,-2.1120920181274414,1.0343430042266846,1.2934709787368774,8
0.56766253709793091,0.96854382753372192,0.66037845611572266,-0.087210357189178467,-0.063873320817947388,-0.099677339196205139,1.3575329780578613,0.2512107789516449,0.32668611407279968,8
0.92800003290176392,0.98604625463485718,0.62518739700317383,0,-0.015214025974273682,-0.071075789630413055,0,0.35173457860946655,0.20295804738998413,8
0.92800003290176392,0.97597408294677734,0.5273703932762146,0,-0.031460180878639221,-0.052117157727479935,0,0.35311213135719299,0.3470151424407959,8
-0.92800003290176392,0.81066364049911499,0.92800003290176392,0,-0.10175856202840805,0,0,-0.32817763090133667,0,8
-0.92800003290176392,1.1512024402618408,0.92800003290176392,0,-0.03682258352637291,0,0,0.72866207361221313,0,8
-0.62309908866882324,0.96050065755844116,0.92800003290176392,0.096673831343650818,-0.032249022275209427,0,-0.17725645005702972,-0.13636578619480133,0,8
-0.17831394076347351,0.98264700174331665,0.92800003290176392,0.11848998814821243,0.019240466877818108,0,0.79471123218536377,-0.19244781136512756,0,8
-0.081251092255115509,0.9795384407043457,0.92800003290176392,0.11902952194213867,0.022507024928927422,0,-0.24816332757472992,0.18548810482025146,0,8
0.27946162223815918,0.96168190240859985,0.69941848516464233,0.13954387605190277,-0.0038494362961500883,-0.024114243686199188,-0.28018444776535034,0.50149834156036377,0.8810962438583374,8
0.35478538274765015,0.98015975952148438,0.92800003290176392,0.018371617421507835,0.03440074622631073,0,-0.44226711988449097,0.68586617708206177,0,8
0.69562268257141113,0.998984694480896,0.92800003290176392,-0.018298247829079628,0.0083405543118715286,0,-0.0067615131847560406,0.3881659209728241,0,8
0.92800003290176392,0.99971926212310791,0.92800003290176392,0,-0.035924620926380157,0,0,-0.066745541989803314,0,8
0.92800003290176392,0.8122367262840271,0.92800003290176392,0,-0.0098124509677290916,0,0,-0.10161782801151276,0,8
-0.92800003290176392,0.62614059448242188,0.92800003290176392,0,0.0079106511548161507,0,0,0.24564512073993683,0,8
-0.92800003290176392,0.80586457252502441,0.92800003290176392,0,0.019966207444667816,0,0,-0.75651323795318604,0,8
-0.35612934827804565,0.97981560230255127,0.92800003290176392,0.1540558934211731,-0.029488343745470047,0,0.28890785574913025,0.19447188079357147,0,8
-0.37635558843612671,0.77574706077575684,0.92800003290176392,0.076922565698623657,0.027238015085458755,0,-1.7012879848480225,0.84059107303619385,0,8
0.0013218673411756754,0.97762888669967651,0.92800003290176392,0.072631239891052246,0.0082511305809020996,0,-0.80746465921401978,0.55322152376174927,0,8
0.2671113908290863,0.97946923971176147,0.92800003290176392,0.051055680960416794,0.028216145932674408,0,-0.64932066202163696,0.26243686676025391,0,8
0.42972156405448914,0.77343738079071045,0.92800003290176392,0.033714517951011658,0.03811999037861824,0,-0.17217043042182922,0.096416354179382324,0,8
0.54593485593795776,0.98936951160430908,0.92800003290176392,0.01732354424893856,0.025045387446880341,0,0.12533484399318695,0.18888762593269348,0,8
0.92800003290176392,0.99971926212310791,0.92800003290176392,0,-0.035924620926380157,0,0,-0.066745541989803314,0,8
0.92800003290176392,0.67324924468994141,0.92800003290176392,0,-0.0053112264722585678,0,0,0.071327544748783112,0,8
