x,y,z,vx,vy,vz,ax,ay,az,mass
-0.92800003290176392,0.071999989449977875,-0.92800003290176392,0,0,0,0,0,0,8
-0.5323823094367981,0.071999989449977875,-0.92800003290176392,-0.024374634027481079,0,0,-0.38502168655395508,0,0,8
-0.5323823094367981,0.071999989449977875,-0.92800003290176392,-0.024374634027481079,0,0,-0.38502168655395508,0,0,8
-0.17493264377117157,0.071999989449977875,-0.92800003290176392,-0.013784884475171566,0,0,-0.46000620722770691,0,0,8
-0.17493262887001038,0.071999989449977875,-0.92800003290176392,-0.013786022551357746,0,0,-0.46004042029380798,0,0,8
0.17946113646030426,0.071999989449977875,-0.92800003290176392,-0.0038810581900179386,0,0,-0.3340381383895874,0,0,8
0.17946113646030426,0.071999989449977875,-0.92800003290176392,-0.0038810581900179386,0,0,-0.3340381383895874,0,0,8
0.53487050533294678,0.071999989449977875,-0.92800003290176392,-0.025644533336162567,0,0,-0.30317181348800659,0,0,8
0.53257673978805542,0.071999989449977875,-0.92800003290176392,-0.01811174675822258,0,0,-0.054792888462543488,0,0,8
0.92800003290176392,0.071999989449977875,-0.92800003290176392,0,0,0,0,0,0,8
-0.92800003290176392,0.071999989449977875,-0.53536546230316162,0,0,-0.0021900888532400131,0,0,0.10234649479389191,8
-0.72105234861373901,0.071999989449977875,-0.73548597097396851,-0.0090181594714522362,0,-0.0045493915677070618,-0.092331521213054657,0,0.19250106811523438,8
-0.43281775712966919,0.071999989449977875,-0.54819458723068237,-0.0027939681895077229,0,-0.0024551684036850929,0.0061710360459983349,0,-0.45182186365127563,8
-0.34854862093925476,0.071999989449977875,-0.72949850559234619,-0.12166692316532135,0,-0.0077800918370485306,-0.87808007001876831,0,0.068795360624790192,8
-0.022212449461221695,0.071999989449977875,-0.72731655836105347,0.083284564316272736,0,-0.0040316227823495865,0.271421879529953,0,-0.015584303997457027,8
0.17733703553676605,0.071999989449977875,-0.70374822616577148,0.043492477387189865,0,0.0037421602755784988,-0.024760251864790916,0,0.034917470067739487,8
0.38227793574333191,0.071999989449977875,-0.72223460674285889,0.031468674540519714,0,0.00025842525064945221,0.090279348194599152,0,0.015174373053014278,8
0.3740638792514801,0.071999989449977875,-0.55086779594421387,-0.054575301706790924,0,-0.0070958058349788189,-0.0061955670826137066,0,0.1426861435174942,8
0.74114084243774414,0.071999989449977875,-0.71558171510696411,-0.00039198808372020721,0,0.0068074986338615417,0.14747543632984161,0,-0.41902339458465576,8
0.92800003290176392,0.071999989449977875,-0.53292351961135864,0,0,0.018628964200615883,0,0,0.39745211601257324,8
-0.92800003290176392,0.071999989449977875,-0.5353655219078064,0,0,-0.0021864296868443489,0,0,0.10250036418437958,8
-0.54338788986206055,0.071999989449977875,-0.35528570413589478,-0.0046354550868272781,0,0.064459666609764099,-0.27875873446464539,0,-0.098383642733097076,8
-0.37226280570030212,0.071999989449977875,-0.39339432120323181,-0.0010772501118481159,0,-0.029961850494146347,0.047164358198642731,0,0.16356322169303894,8
-0.2706945538520813,0.071999989449977875,-0.55554366111755371,-0.019471488893032074,0,0.0023522055707871914,-0.62560844421386719,0,0.92727094888687134,8
-0.18321095407009125,0.071999989449977875,-0.41381797194480896,-0.020461717620491982,0,-0.041157066822052002,-0.1364077627658844,0,0.060565952211618423,8
0.18735809624195099,0.071999989449977875,-0.41601097583770752,-0.02781577967107296,0,-0.00079462653957307339,-0.17606393992900848,0,-0.2121189683675766,8
0.26606598496437073,0.071999989449977875,-0.55526977777481079,0.039933148771524429,0,0.016921855509281158,0.41546288132667542,0,-0.10840929299592972,8
0.37050923705101013,0.071999989449977875,-0.36023515462875366,-0.021095903590321541,0,-0.01047879084944725,-0.39488387107849121,0,-0.20876601338386536,8
0.55446642637252808,0.071999989449977875,-0.39351931214332581,-0.007175997830927372,0,0.043360505253076553,-0.29604178667068481,0,-0.15637746453285217,8
0.92800003290176392,0.071999989449977875,-0.53292351961135864,0,0,0.018628964200615883,0,0,0.39745211601257324,8
-0.92800003290176392,0.071999989449977875,-0.17507433891296387,0,0,-0.0047891410067677498,0,0,-0.22890098392963409,8
-0.72541290521621704,0.071999989449977875,-0.38513463735580444,-0.0093403644859790802,0,0.0082258675247430801,0.058780774474143982,0,-0.12198711186647415,8
-0.53216791152954102,0.071999989449977875,-0.19400916993618011,-0.0062013315036892891,0,0.066059201955795288,-0.1014707013964653,0,-0.36132058501243591,8
-0.20840498805046082,0.071999989449977875,-0.2480090856552124,-0.02247137762606144,0,-0.015784012153744698,-0.13072241842746735,0,0.096281573176383972,8
-0.055285993963479996,0.071999989449977875,-0.24798972904682159,-0.0054872394539415836,0,-0.045858073979616165,-0.07038404792547226,0,0.15363959968090057,8
0.11581318825483322,0.071999989449977875,-0.25648000836372375,-0.030829515308141708,0,-0.0031464609783142805,-0.013057886622846127,0,0.21325136721134186,8
0.24300716817378998,0.071999989449977875,-0.20687167346477509,-0.0060032131150364876,0,-0.010321998968720436,-0.46627271175384521,0,-0.045246124267578125,8
0.55125927925109863,0.071999989449977875,-0.28717285394668579,-0.010042211040854454,0,-0.025001119822263718,-0.069729648530483246,0,0.15456731617450714,8
0.72737628221511841,0.071999989449977875,-0.33984443545341492,0.0031926706433296204,0,0.01105878222733736,-0.092875391244888306,0,-0.0052736415527760983,8
0.92800003290176392,0.071999989449977875,-0.17615914344787598,0,0,0.00088250881526619196,0,0,0.42300319671630859,8
-0.92800003290176392,0.071999989449977875,-0.17507922649383545,0,0,-0.0047932476736605167,0,0,-0.22729043662548065,8
-0.72486734390258789,0.071999989449977875,0.0013721943832933903,-0.02167133241891861,0,-0.00033356901258230209,0.097464874386787415,0,0.16017033159732819,8
-0.37835144996643066,0.071999989449977875,-0.21901983022689819,-0.012218441814184189,0,-0.015539119020104408,-0.23601049184799194,0,0.12160135060548782,8
-0.23751763999462128,0.071999989449977875,-0.10094655305147171,0.0071162167005240917,0,-0.0010815199930220842,0.020253932103514671,0,0.15133687853813171,8
-0.095351777970790863,0.071999989449977875,-0.083090610802173615,0.013174376450479031,0,-0.037823520600795746,-0.20638555288314819,0,0.11828161031007767,8
0.063556551933288574,0.071999989449977875,-0.091203801333904266,0.012185205705463886,0,-0.0043372977524995804,-0.15622517466545105,0,-0.035360578447580338,8
0.23698265850543976,0.071999989449977875,-0.06648661196231842,0.012821811251342297,0,-0.016809070482850075,-0.061739839613437653,0,0.21794483065605164,8
0.40204495191574097,0.071999989449977875,-0.17395341396331787,0.020745441317558289,0,0.010407179594039917,0.065061949193477631,0,0.05823880061507225,8
0.71709609031677246,0.071999989449977875,-0.1340307891368866,0.010153189301490784,0,0.02888108603656292,-0.25333070755004883,0,-0.062795147299766541,8
0.92800003290176392,0.071999989449977875,-0.17615912854671478,0,0,0.00088207266526296735,0,0,0.42301130294799805,8
-0.92800003290176392,0.071999989449977875,0.17896392941474915,0,0,-0.0085994051769375801,0,0,-0.22778990864753723,8
-0.70374214649200439,0.071999989449977875,0.1924319863319397,-0.023707391694188118,0,0.012280597351491451,-0.0021421350538730621,0,0.17552274465560913,8
-0.41010770201683044,0.071999989449977875,0.1768462061882019,0.03336011990904808,0,0.012391521595418453,-0.32275277376174927,0,-0.02361704409122467,8
-0.25376641750335693,0.071999989449977875,0.067184895277023315,0.016866583377122879,0,-0.011597820557653904,-0.075217068195343018,0,-0.18417669832706451,8
-0.083185002207756042,0.071999989449977875,0.085751838982105255,0.022882059216499329,0,-0.030436616390943527,0.054481752216815948,0,0.050153505057096481,8
0.083279862999916077,0.071999989449977875,0.067761644721031189,0.02230587974190712,0,-0.020071923732757568,-0.16691435873508453,0,-0.052761171013116837,8
0.22251178324222565,0.071999989449977875,0.1049482524394989,0.02450648695230484,0,-0.002282056724652648,0.00045642253826372325,0,-0.0012105283094570041,8
0.38000839948654175,0.071999989449977875,0.2051464170217514,-0.0073993969708681107,0,-0.0025420240126550198,-0.076125547289848328,0,-0.37534216046333313,8
0.72575026750564575,0.071999989449977875,0.064015008509159088,0.012173844501376152,0,0.021093260496854782,-0.098313681781291962,0,0.17921692132949829,8
0.92800003290176392,0.071999989449977875,0.17777355015277863,0,0,0.00017276176367886364,0,0,0.2853643000125885,8
-0.92800003290176392,0.071999989449977875,0.17896389961242676,0,0,-0.0085980203002691269,0,0,-0.2277601957321167,8
-0.72156083583831787,0.071999989449977875,0.38063609600067139,-0.013246860355138779,0,0.0071993311867117882,-0.032217409461736679,0,0.021410787478089333,8
-0.54393184185028076,0.071999989449977875,0.26084849238395691,0.0088914744555950165,0,-0.0061293002218008041,0.1146586611866951,0,-0.19973269104957581,8
-0.23046191036701202,0.071999989449977875,0.21071349084377289,0.016350043937563896,0,-0.0097639206796884537,0.049027144908905029,0,0.071322843432426453,8
-0.13412332534790039,0.071999989449977875,0.26861342787742615,0.003972168080508709,0,-0.0067895753309130669,-0.083266153931617737,0,0.039147898554801941,8
0.038919199258089066,0.071999989449977875,0.22913339734077454,0.0034869576338678598,0,-0.025017747655510902,-0.13632418215274811,0,0.076940223574638367,8
0.19786925613880157,0.071999989449977875,0.23687317967414856,-0.0094222556799650192,0,0.0020362264476716518,-0.050033841282129288,0,-0.12619462609291077,8
0.55169647932052612,0.071999989449977875,0.26815637946128845,-0.0079769352450966835,0,0.010576787404716015,0.058487102389335632,0,-0.12315317243337631,8
0.72903549671173096,0.071999989449977875,0.29820570349693298,0.016242917627096176,0,-0.0028190687298774719,-0.1322421133518219,0,-0.10603528469800949,8
0.92800003290176392,0.071999989449977875,0.35727265477180481,0,0,-0.0072882808744907379,0,0,0.19715128839015961,8
-0.92800003290176392,0.071999989449977875,0.53659623861312866,0,0,-0.01046445406973362,0,0,-0.16582071781158447,8
-0.54097014665603638,0.071999989449977875,0.38373875617980957,-0.0019687567837536335,0,0.0043317228555679321,0.048206500709056854,0,0.37435173988342285,8
-0.35202813148498535,0.071999989449977875,0.359874427318573,0.017409674823284149,0,0.0029326183721423149,-0.10918165743350983,0,-0.10243309289216995,8
-0.27619948983192444,0.071999989449977875,0.55523395538330078,-0.013570419512689114,0,-0.010489902459084988,0.13368712365627289,0,-0.18108801543712616,8
-0.17629477381706238,0.071999989449977875,0.44339495897293091,0.0064697209745645523,0,-0.003865865059196949,-0.16267599165439606,0,-0.063099958002567291,8
0.19013115763664246,0.071999989449977875,0.39508312940597534,-0.0035005409736186266,0,0.0065690209157764912,-0.064703889191150665,0,-0.095048390328884125,8
0.24064083397388458,0.071999989449977875,0.54073768854141235,-0.033169787377119064,0,0.013020627200603485,0.043016929179430008,0,-0.039827112108469009,8
0.37420263886451721,0.071999989449977875,0.382264643907547,-0.013381927274167538,0,0.0064244009554386139,-0.086854055523872375,0,0.018750539049506187,8
0.55213552713394165,0.071999989449977875,0.41421779990196228,-0.005090213380753994,0,0.030317362397909164,0.029375802725553513,0,0.14517734944820404,8
0.92800003290176392,0.071999989449977875,0.53116214275360107,0,0,-0.0010352283716201782,0,0,0.20448668301105499,8
-0.92800003290176392,0.071999989449977875,0.53659623861312866,0,0,-0.01046445406973362,0,0,-0.16582071781158447,8
-0.72426247596740723,0.071999989449977875,0.73014962673187256,-0.01504016388207674,0,0.012389872223138809,-0.064188919961452484,0,-0.062681883573532104,8
-0.3883565366268158,0.071999989449977875,0.54558515548706055,-0.027116537094116211,0,0.0079313823953270912,-0.44230067729949951,0,-0.18079350888729095,8
-0.36268717050552368,0.071999989449977875,0.72628706693649292,-0.019007492810487747,0,0.016847122460603714,-0.14345869421958923,0,-0.061768811196088791,8
0.01303291879594326,0.071999989449977875,0.72352337837219238,-0.0128974923864007,0,0.010393228381872177,-0.22783786058425903,0,-0.053831093013286591,8
0.20795248448848724,0.071999989449977875,0.70735430717468262,-0.015117413364350796,0,0.012546355836093426,-0.13718344271183014,0,0.064445793628692627,8
0.39584138989448547,0.071999989449977875,0.72374588251113892,-0.0049459976144134998,0,0.012492332607507706,0.15383285284042358,0,-0.077407538890838623,8
0.40633541345596313,0.071999989449977875,0.5505601167678833,-0.012295979075133801,0,0.014184111729264259,-0.024703813716769218,0,0.16839130222797394,8
0.74670177698135376,0.071999989449977875,0.70828795433044434,0.022884799167513847,0,0.010135729797184467,-0.34010502696037292,0,-0.029140913859009743,8
0.92800003290176392,0.071999989449977875,0.53116220235824585,0,0,-0.0010335750412195921,0,0,0.20445612072944641,8
-0.92800003290176392,0.071999989449977875,0.92800003290176392,0,0,0,0,0,0,8
-0.53463852405548096,0.071999989449977875,0.92800003290176392,0.010148711502552032,0,0,0.043387632817029953,0,0,8
-0.53463852405548096,0.071999989449977875,0.92800003290176392,0.010148711502552032,0,0,0.043387632817029953,0,0,8
-0.17923302948474884,0.071999989449977875,0.92800003290176392,0.0013203979469835758,0,0,-0.10308673232793808,0,0,8
-0.17923308908939362,0.071999989449977875,0.92800003290176392,0.0013203427661210299,0,0,-0.10308568924665451,0,0,8
0.17528669536113739,0.071999989449977875,0.92800003290176392,0.0043777702376246452,0,0,-0.00028185543487779796,0,0,8
0.17528645694255829,0.071999989449977875,0.92800003290176392,0.0043810661882162094,0,0,-0.00020035541092511266,0,0,8
0.53268802165985107,0.071999989449977875,0.92800003290176392,0.0016183024272322655,0,0,-0.040162235498428345,0,0,8
0.53268802165985107,0.071999989449977875,0.92800003290176392,0.0016183024272322655,0,0,-0.040162235498428345,0,0,8
0.92800003290176392,0.071999989449977875,0.92800003290176392,0,0,0,0,0,0,8
-0.92800003290176392,0.071999989449977875,-0.92800003290176392,0,0,0,0,0,0,8
-0.92800003290176392,0.071999989449977875,-0.92800003290176392,0,0,0,0,0,0,8
-0.53238177299499512,0.071999989449977875,-0.92800003290176392,-0.024385932832956314,0,0,-0.38522255420684814,0,0,8
-0.35103994607925415,0.071999989449977875,-0.92800003290176392,-0.01891244575381279,0,0,-0.73640948534011841,0,0,8
0.17946113646030426,0.071999989449977875,-0.92800003290176392,-0.0038794036954641342,0,0,-0.33397319912910461,0,0,8
0.002429585438221693,0.071999989449977875,-0.92800003290176392,-0.0065214643254876137,0,0,-0.27329009771347046,0,0,8
0.35617178678512573,0.071999989449977875,-0.92800003290176392,-0.01917542889714241,0,0,-0.20701980590820312,0,0,8
0.5327875018119812,0.071999989449977875,-0.92800003290176392,-0.016737842932343483,0,0,0.16920866072177887,0,0,8
0.71576142311096191,0.071999989449977875,-0.92800003290176392,-0.00084466207772493362,0,0,-0.16641965508460999,0,0,8
0.92800003290176392,0.071999989449977875,-0.92800003290176392,0,0,0,0,0,0,8
-0.92800003290176392,0.071999989449977875,-0.71539062261581421,0,0,-0.019916338846087456,0,0,-0.22576358914375305,8
-0.71099609136581421,0.28105640411376953,-0.68822014331817627,-0.028717385604977608,-0.015762532129883766,-0.0041478732600808144,-0.46329528093338013,0.51694583892822266,-0.14748187363147736,8
-0.53943777084350586,0.071999989449977875,-0.7050098180770874,-0.04172433540225029,0,0.0032598553225398064,-0.47485664486885071,0,0.052054129540920258,8
-0.30472186207771301,0.28095707297325134,-0.68470728397369385,0.0037249124143272638,-0.033750124275684357,0.0036895070225000381,0.064337357878684998,0.037319134920835495,-0.10177700221538544,8
-0.18023437261581421,0.071999989449977875,-0.66361093521118164,-0.0097246179357171059,0,-0.24182508885860443,0.026194004341959953,0,-1.8763754367828369,8
0.085204325616359711,0.071999989449977875,-0.54507094621658325,-0.071774616837501526,0,-0.016811912879347801,-0.28445050120353699,0,-0.47374328970909119,8
0.24106243252754211,0.28965073823928833,-0.70313817262649536,-0.0037927404046058655,-0.0076213143765926361,0.010562551207840443,0.39576378464698792,0.098803021013736725,-0.2626747190952301,8
0.5683128833770752,0.071999989449977875,-0.71563780307769775,0.028076158836483955,0,-0.022760212421417236,0.030349137261509895,0,-0.35609784722328186,8
0.69614428281784058,0.27222362160682678,-0.69747579097747803,0.048433642834424973,0.050257563591003418,-0.065431244671344757,0.058833803981542587,0.43904787302017212,0.69197636842727661,8
0.92800003290176392,0.071999989449977875,-0.92800003290176392,0,0,0,0,0,0,8
-0.92800003290176392,0.071999989449977875,-0.53536540269851685,0,0,-0.0021916213445365429,0,0,0.10221415758132935,8
-0.70330214500427246,0.071999989449977875,-0.56129813194274902,0.00032360758632421494,0,0.031372979283332825,-0.081545546650886536,0,-0.27689504623413086,8
-0.54203891754150391,0.071999989449977875,-0.5029292106628418,-0.010565898381173611,0,0.064156569540500641,-0.3455888032913208,0,0.010800360701978207,8
-0.21416318416595459,0.31398800015449524,-0.51188457012176514,0.015486264601349831,-0.036668166518211365,0.007745661772787571,0.17051991820335388,0.42941951751708984,0.079175800085067749,8
-0.077468886971473694,0.071999989449977875,-0.55585789680480957,-0.036802403628826141,0,0.0063951956108212471,0.74565160274505615,0,0.52101582288742065,8
0.0036750917788594961,0.071999989449977875,-0.41806378960609436,-0.031070342287421227,0,-0.063096292316913605,-0.52367013692855835,0,-0.10306275635957718,8
0.30975520610809326,0.30098837614059448,-0.50398504734039307,-0.00045953149674460292,0.0019672717899084091,0.012008634395897388,-0.39449724555015564,0.16658920049667358,-0.17000669240951538,8
0.51987504959106445,0.071999989449977875,-0.54328936338424683,0.0016721643041819334,0,-0.0016836193390190601,-0.072945930063724518,0,-0.11485224962234497,8
0.70414066314697266,0.071999989449977875,-0.52807265520095825,0.0022925743833184242,0,-0.011174933984875679,0.12239279597997665,0,0.10908817499876022,8
0.92800003290176392,0.071999989449977875,-0.53292351961135864,0,0,0.018632266670465469,0,0,0.39755162596702576,8
-0.92800003290176392,0.071999989449977875,-0.3553907573223114,0,0,-0.012027962133288383,0,0,-0.066934354603290558,8
-0.67939156293869019,0.28141325712203979,-0.23726865649223328,0.0027863960713148117,-0.042790792882442474,0.032825075089931488,-0.13798254728317261,-0.2084793746471405,0.34123653173446655,8
-0.49012461304664612,0.29600358009338379,-0.30203473567962646,0.0096198311075568199,-0.016351345926523209,0.017989359796047211,0.28551432490348816,-0.41181299090385437,0.12168164551258087,8
-0.28020450472831726,0.3012465238571167,-0.30251443386077881,-0.013586640357971191,-0.014344820752739906,-0.019028747454285622,0.047654051333665848,0.01920461468398571,-0.031089594587683678,8
-0.13592788577079773,0.35655823349952698,-0.13672362267971039,-0.028875628486275673,0,0.018119757995009422,-0.23815728724002838,0,0.14692279696464539,8
0.11072640866041183,0.31631991267204285,-0.24627849459648132,0.055999651551246643,-0.0097027439624071121,-0.018432293087244034,0.040090080350637436,0.090400747954845428,0.19007137417793274,8
0.279338538646698,0.2866135835647583,-0.27996751666069031,0.02463676780462265,-0.019443012773990631,0.0095430184155702591,0.17752283811569214,-0.059240326285362244,0.088202469050884247,8
0.50629216432571411,0.30560100078582764,-0.25419902801513672,-0.022568129003047943,0.0041824802756309509,-0.015573052689433098,-0.077761761844158173,-0.073577567934989929,0.053207982331514359,8
0.71051180362701416,0.30167940258979797,-0.23547321557998657,0.011601854115724564,-0.0078922528773546219,0.0030456532258540392,0.15993081033229828,0.20878881216049194,0.15561717748641968,8
0.92800003290176392,0.071999989449977875,-0.36067149043083191,0,0,0.0097356382757425308,0,0,0.72168022394180298,8
-0.92800003290176392,0.071999989449977875,0.17896391451358795,0,0,-0.0085990903899073601,0,0,-0.22779576480388641,8
-0.70854973793029785,0.071999989449977875,-0.19881203770637512,-0.011247615329921246,0,-0.0042185485363006592,-0.08555525541305542,0,-0.015266504138708115,8
-0.40974870324134827,0.071999989449977875,-0.020149124786257744,0.034775249660015106,0,0.006367269903421402,-0.1441548615694046,0,0.099132068455219269,8
-0.32862409949302673,0.29776579141616821,-0.11539780348539352,-0.012980977073311806,-0.022813837975263596,-0.014209486544132233,-0.12480063736438751,0.22669844329357147,0.12208587676286697,8
-0.13405798375606537,0.35655823349952698,-0.031022351235151291,0.024457015097141266,0,0.020275317132472992,0.11528854817152023,0,0.30444753170013428,8
0.0068719564005732536,0.35655823349952698,-0.10169082880020142,0.0091541232541203499,0,-0.045870333909988403,0.19018749892711639,0,0.33480247855186462,8
0.16747215390205383,0.35655823349952698,-0.095083668828010559,0.0016304840100929141,0,0.0002401085221208632,-0.15103314816951752,0,0.03361070528626442,8
0.55064994096755981,0.071999989449977875,-0.13447315990924835,0.0063588256016373634,0,-0.024874512106180191,0.013238865882158279,0,-0.2239612489938736,8
0.54747003316879272,0.071999989449977875,0.02962920069694519,-0.012887014076113701,0,0.0075834831222891808,0.069770596921443939,0,-0.30231586098670959,8
0.92800003290176392,0.071999989449977875,-0.17615917325019836,0,0,0.00088208873057737947,0,0,0.42301106452941895,8
-0.92800003290176392,0.071999989449977875,0.0022288435138761997,0,0,-0.0096750902011990547,0,0,-0.32344105839729309,8
-0.55836576223373413,0.071999989449977875,-0.065035603940486908,0.0096774697303771973,0,0.056157764047384262,0.12252136319875717,0,-0.049405280500650406,8
-0.55205243825912476,0.071999989449977875,0.086119964718818665,0.021489255130290985,0,0.047146443277597427,0.13251760601997375,0,0.32331612706184387,8
-0.1687144935131073,0.35655823349952698,0.081950612366199493,0.0013066192623227835,0,-0.048334665596485138,0.23623710870742798,0,0.011106244288384914,8
-0.026133991777896881,0.35655823349952698,0.11021841317415237,0.0088573703542351723,0,0.0037219899240881205,0.32080957293510437,0,0.34230828285217285,8
0.15301086008548737,0.35655823349952698,0.024577377364039421,-0.031165339052677155,0,-0.017872583121061325,-0.12335355579853058,0,0.079284973442554474,8
0.32171398401260376,0.30684253573417664,0.11731557548046112,-0.0049042925238609314,-0.01513605285435915,1.7829122953116894e-05,0.052057512104511261,-0.19680637121200562,-0.080572031438350677,8
0.39954811334609985,0.071999989449977875,0.014546096324920654,0.0054790936410427094,0,-0.0083845555782318115,0.096443802118301392,0,-0.036503549665212631,8
0.55766576528549194,0.071999989449977875,0.15180288255214691,-0.010215646587312222,0,0.0021305144764482975,-0.070696212351322174,0,-0.13537852466106415,8
0.92800003290176392,0.071999989449977875,-0.0044996249489486217,0,0,-0.01405850425362587,0,0,0.55138009786605835,8
-0.92800003290176392,0.071999989449977875,0.35786968469619751,0,0,-0.0048464010469615459,0,0,-0.26174113154411316,8
-0.70391154289245605,0.28689026832580566,0.2734643816947937,0.0070259571075439453,-0.024647023528814316,0.029218165203928947,0.072585739195346832,-0.23951935768127441,0.16782742738723755,8
-0.50458633899688721,0.31078401207923889,0.2750525176525116,0.018713595345616341,-0.018331348896026611,0.054169073700904846,-0.42930245399475098,-0.44515508413314819,-0.06686970591545105,8
-0.28484344482421875,0.2885977029800415,0.24865935742855072,0.0054165814071893692,-0.013089554384350777,-0.029456866905093193,0.19144324958324432,-0.34303897619247437,-0.272626131772995,8
-0.11849982291460037,0.31264916062355042,0.26944687962532043,0.016759708523750305,-0.022686749696731567,-0.011510857380926609,0.10647715628147125,-0.15079127252101898,-0.055925704538822174,8
0.11762560904026031,0.35655823349952698,0.12556163966655731,0.022880412638187408,0,-0.0014047378208488226,-0.14679527282714844,0,0.25071540474891663,8
0.28980359435081482,0.2855052649974823,0.29700595140457153,-0.0096139423549175262,-0.008347364142537117,0.011448594741523266,-0.21879121661186218,-0.023286769166588783,-0.083266772329807281,8
0.51458001136779785,0.30265611410140991,0.30553328990936279,-0.020176433026790619,-0.01549942884594202,-0.006986154243350029,-0.13354544341564178,-0.31985527276992798,-0.037375058978796005,8
0.70038563013076782,0.29295498132705688,0.24116286635398865,0.0064942464232444763,-0.024352915585041046,-0.010356852784752846,0.0088164489716291428,-0.022825932130217552,-0.300324946641922,8
0.92800003290176392,0.071999989449977875,0.17777359485626221,0,0,0.00017285833018831909,0,0,0.28536251187324524,8
-0.92800003290176392,0.071999989449977875,0.53659623861312866,0,0,-0.010464455932378769,0,0,-0.16582067310810089,8
-0.70783323049545288,0.071999989449977875,0.55353009700775146,-0.015892121940851212,0,0.0038366783410310745,0.19443595409393311,0,0.20046888291835785,8
-0.52941679954528809,0.071999989449977875,0.51956659555435181,-0.017100544646382332,0,-0.0022309862542897463,0.026992017403244972,0,0.16903138160705566,8
-0.23424188792705536,0.29185330867767334,0.49151703715324402,0.031832292675971985,-0.019625086337327957,-0.016577890142798424,0.23942011594772339,-0.11359266191720963,0.21415823698043823,8
0.0017575884703546762,0.071999989449977875,0.40366387367248535,-0.0040661650709807873,0,-0.035309437662363052,-0.1031397208571434,0,0.16639295220375061,8
0.092614203691482544,0.071999989449977875,0.55369889736175537,-0.0069172563962638378,0,-0.0076529225334525108,-0.13501420617103577,0,0.091667838394641876,8
0.19912691414356232,0.3002677857875824,0.5056648850440979,-0.0035552384797483683,-0.011335738003253937,0.0010823536431416869,-0.16975666582584381,-0.0040378980338573456,0.29370108246803284,8
0.53354352712631226,0.071999989449977875,0.54495847225189209,-0.0065698460675776005,0,0.0044890041463077068,-0.27191853523254395,0,-0.04303262010216713,8
0.7113577127456665,0.071999989449977875,0.50251823663711548,0.015579689294099808,0,-0.00081230158684775233,-0.097806632518768311,0,0.042686991393566132,8
0.92800003290176392,0.071999989449977875,0.53116220235824585,0,0,-0.0010342905297875404,0,0,0.20446936786174774,8
-0.92800003290176392,0.071999989449977875,0.71624016761779785,0,0,0.012233915738761425,0,0,-0.13537099957466125,8
-0.69637465476989746,0.27398175001144409,0.70390468835830688,-0.02506302110850811,-0.0065521541982889175,0.047365397214889526,-0.0068269479088485241,0.56791943311691284,-0.21167880296707153,8
-0.54392290115356445,0.071999989449977875,0.70478695631027222,-0.026977229863405228,0,0.0023766122758388519,-0.065694615244865417,0,-0.089948907494544983,8
-0.25779882073402405,0.28936102986335754,0.68960988521575928,-0.0021736184135079384,-0.036051321774721146,-0.0060326633974909782,0.15396161377429962,-0.4545682966709137,0.1377045214176178,8
-0.17089028656482697,0.071999989449977875,0.69414466619491577,-0.011096801608800888,0,0.012709202244877815,-0.16913583874702454,0,-0.080573081970214844,8
-0.045879200100898743,0.071999989449977875,0.55229926109313965,-0.032981954514980316,0,-0.01340972725301981,-0.25323593616485596,0,0.09956088662147522,8
0.27698212862014771,0.27944567799568176,0.69535982608795166,-0.0083025339990854263,-0.028153035789728165,0.0088394936174154282,-0.24932800233364105,-0.082714959979057312,-0.092208616435527802,8
0.58366900682449341,0.071999989449977875,0.71556687355041504,0.00067404069704934955,0,0.012200256809592247,-0.14003673195838928,0,-0.15347543358802795,8
0.70932066440582275,0.28418073058128357,0.70550429821014404,0.022260449826717377,-0.0070857275277376175,0.0086603285744786263,-0.14859576523303986,-0.073741354048252106,0.070379599928855896,8
0.92800003290176392,0.071999989449977875,0.92800003290176392,0,0,0,0,0,0,8
-0.92800003290176392,0.071999989449977875,0.92800003290176392,0,0,0,0,0,0,8
-0.92800003290176392,0.071999989449977875,0.92800003290176392,0,0,0,0,0,0,8
-0.53463852405548096,0.071999989449977875,0.92800003290176392,0.010144826956093311,0,0,0.043270986527204514,0,0,8
-0.35632690787315369,0.071999989449977875,0.92800003290176392,0.0097740096971392632,0,0,0.0054000965319573879,0,0,8
0.1752864271402359,0.071999989449977875,0.92800003290176392,0.0043814238160848618,0,0,-0.00020703299378510565,0,0,8
-0.0037184108514338732,0.071999989449977875,0.92800003290176392,0.0029399555642157793,0,0,-0.056797876954078674,0,0,8
0.35243287682533264,0.071999989449977875,0.92800003290176392,0.0040278215892612934,0,0,-0.020052710548043251,0,0,8
0.53268808126449585,0.071999989449977875,0.92800003290176392,0.0016147709684446454,0,0,-0.04031849279999733,0,0,8
0.71545231342315674,0.071999989449977875,0.92800003290176392,0.013969508931040764,0,0,-0.033050708472728729,0,0,8
0.92800003290176392,0.071999989449977875,0.92800003290176392,0,0,0,0,0,0,8
-0.92800003290176392,0.071999989449977875,-0.92800003290176392,0,0,0,0,0,0,8
-0.71375811100006104,0.071999989449977875,-0.92800003290176392,-0.01161285862326622,0,0,-0.17730756103992462,0,0,8
-0.54242199659347534,0.28186476230621338,-0.92800003290176392,0.056531347334384918,0.0075820386409759521,0,0.18427769839763641,0.29557269811630249,0,8
-0.36799758672714233,0.27263057231903076,-0.92800003290176392,0.0008937719976529479,-0.014326717704534531,0,-0.08396090567111969,0.26215088367462158,0,8
-0.17493262887001038,0.071999989449977875,-0.92800003290176392,-0.013786021620035172,0,0,-0.46004045009613037,0,0,8
0.16803619265556335,0.28330862522125244,-0.92800003290176392,0.012436245568096638,-0.028932124376296997,0,-0.095858432352542877,-0.077229954302310944,0,8
0.35702028870582581,0.26915210485458374,-0.92800003290176392,0.014549908228218555,-0.016073008999228477,0,-0.094090856611728668,-0.56780922412872314,0,8
0.54364198446273804,0.28778493404388428,-0.92800003290176392,0.0021576853469014168,0.0020806677639484406,0,-0.44077461957931519,0.40528041124343872,0,8
0.71029311418533325,0.26483279466629028,-0.92800003290176392,-0.00099835637956857681,-0.098222434520721436,0,0.029344202950596809,-0.31229671835899353,0,8
0.92800003290176392,0.071999989449977875,-0.92800003290176392,0,0,0,0,0,0,8
-0.92800003290176392,0.26215660572052002,-0.70427560806274414,0,-0.056687399744987488,0.012546767480671406,0,0.096974588930606842,-0.065769687294960022,8
-0.92800003290176392,0.41264784336090088,-0.92800003290176392,0,-0.0067905890755355358,0,0,0.24953667819499969,0,8
-0.49113020300865173,0.31769633293151855,-0.7088201642036438,0.017247730866074562,0.0094124041497707367,-0.015724055469036102,0.23749867081642151,0.18923494219779968,0.072359345853328705,8
-0.17718552052974701,0.5133247971534729,-0.69003438949584961,-0.0069870902225375175,0.021067198365926743,-0.022917021065950394,-0.12018417567014694,-0.031337086111307144,0.01222271379083395,8
-0.1021135076880455,0.29946413636207581,-0.70139575004577637,-0.012456037104129791,0.0029925424605607986,-0.016132937744259834,-0.34635663032531738,0.19503703713417053,0.030927488580346107,8
0.082943521440029144,0.29164978861808777,-0.67345696687698364,0.0020252787508070469,-0.021815158426761627,-0.012783351354300976,-0.097558237612247467,0.09817197173833847,-0.26522213220596313,8
0.046587944030761719,0.52194720506668091,-0.71126526594161987,-0.002171909436583519,0.0025736058596521616,-0.0077290041372179985,0.051620863378047943,-0.037808436900377274,0.17205607891082764,8
0.46061313152313232,0.29673653841018677,-0.70110666751861572,-0.0021307375282049179,-0.012190196663141251,0.0071851899847388268,-0.24030815064907074,0.51317691802978516,0.46862649917602539,8
0.92800003290176392,0.41617965698242188,-0.92800003290176392,0,0.042056851089000702,0,0,0.47897723317146301,0,8
0.92800003290176392,0.071999989449977875,-0.7154812216758728,0,0,-0.013879872858524323,0,0,-0.089789539575576782,8
-0.92800003290176392,0.29505765438079834,-0.53227889537811279,0,-0.016591038554906845,0.021469734609127045,0,-0.16081446409225464,0.04320792481303215,8
-0.70262610912322998,0.28851866722106934,-0.42112255096435547,-0.020999405533075333,0.02010674774646759,0.0073510459624230862,-0.099486984312534332,0.19616468250751495,-0.20779101550579071,8
-0.41451123356819153,0.3113555908203125,-0.48365139961242676,-0.0080652553588151932,-0.0030739447101950645,-0.0090572666376829147,0.22758682072162628,0.12892372906208038,-0.066429734230041504,8
-0.21642686426639557,0.50626111030578613,-0.34344175457954407,0.0046799653209745884,0.0061466158367693424,0,-0.15841233730316162,0.079121693968772888,0,8
-0.094276018440723419,0.28471201658248901,-0.34367945790290833,-0.0087423678487539291,0.00058205053210258484,0.024200301617383957,-0.15398447215557098,0.26172497868537903,-0.41131314635276794,8
0.092333182692527771,0.2998516857624054,-0.47274544835090637,-0.003772013820707798,-0.013377291150391102,0.0041873105801641941,0.18709929287433624,0.023221613839268684,0.26569640636444092,8
0.34804478287696838,0.47972199320793152,-0.41186019778251648,-0.0094517022371292114,0.014241676777601242,0.0089012682437896729,-0.018246199935674667,0.27209740877151489,-0.026136308908462524,8
0.49155491590499878,0.31154969334602356,-0.43988481163978577,0.019063472747802734,-0.003116103820502758,-0.029107756912708282,-0.13347873091697693,-0.030199212953448296,0.14450053870677948,8
0.70712494850158691,0.30346900224685669,-0.44560694694519043,0.012835266999900341,-0.023558378219604492,-0.01849585585296154,-0.31392374634742737,-0.34636789560317993,0.22894446551799774,8
0.92800003290176392,0.28826308250427246,-0.50616949796676636,0,-0.027570152655243874,-0.0053266258910298347,0,-0.082227021455764771,-0.54185479879379272,8
-0.92800003290176392,0.2641911506652832,-0.34993097186088562,0,-0.027790792286396027,0.011714610271155834,0,0.40565839409828186,-0.1295163482427597,8
-0.69951093196868896,0.4794405996799469,-0.2194918692111969,-0.0039522228762507439,-0.0037398273125290871,-0.017085809260606766,0.35624957084655762,0.43929973244667053,-0.2220449298620224,8
-0.4487510621547699,0.4822312593460083,-0.32035860419273376,-0.0066279810853302479,0.02597053162753582,-0.020215455442667007,-0.26981458067893982,0.6538199782371521,-0.56641501188278198,8
0.34344175457954407,0.50438392162322998,-0.20528770983219147,0,0.014173692092299461,0.017058596014976501,0,-0.20997437834739685,-0.02608235739171505,8
0.71117115020751953,0.54052549600601196,-0.077369444072246552,0.0024954751133918762,0.0019760387949645519,0.0059127835556864738,-0.21148040890693665,0.078827522695064545,-0.046506889164447784,8
0.92800003290176392,0.26713210344314575,-0.31775954365730286,0,-0.013958722352981567,0.043384525924921036,0,-0.30200347304344177,0.30273342132568359,8
-0.92800003290176392,0.071999989449977875,-0.17508615553379059,0,0,-0.0047888532280921936,0,0,-0.2252257764339447,8
-0.71976512670516968,0.31927794218063354,-0.049951311200857162,-0.0040529435500502586,-0.0088345995172858238,0.038127284497022629,-0.17545495927333832,-0.11745526641607285,0.27729937434196472,8
-0.53718322515487671,0.31142944097518921,-0.086805753409862518,-0.0060278675518929958,-0.0024515176191926003,0.034491099417209625,-0.14300930500030518,-0.083411775529384613,0.24624678492546082,8
0.38379928469657898,0.29337066411972046,-0.085953518748283386,-0.0039265593513846397,-0.024801280349493027,0.0059701874852180481,0.024643659591674805,-0.23369772732257843,-0.15235111117362976,8
0.63836497068405151,0.28663328289985657,-0.075283795595169067,-0.0075996727682650089,-0.030802657827734947,-0.017164800316095352,0.18976053595542908,0.13954454660415649,0.10783328860998154,8
0.92800003290176392,0.27636319398880005,-0.11119414865970612,0,-0.029516875743865967,-0.0095491195097565651,0,0.19273068010807037,-0.27398970723152161,8
-0.92800003290176392,0.28680586814880371,0.19039973616600037,0,-0.013844529166817665,0.014008014462888241,0,0.29043269157409668,0.16665360331535339,8
-0.65070652961730957,0.29582676291465759,0.10127682238817215,-0.012596569955348969,-0.02123485691845417,0.01930401474237442,-0.21682702004909515,-0.14835336804389954,-0.2183980792760849,8
-0.41648468375205994,0.28730639815330505,0.09093107283115387,-0.024418286979198456,-0.011736823245882988,0.012160995975136757,0.28439360857009888,-0.046383660286664963,0.042750664055347443,8
0.52730870246887207,0.30322754383087158,0.10083429515361786,-0.0045407069846987724,-0.012093775905668736,-0.0029517279472202063,-0.14885212481021881,0.099933654069900513,-0.24745956063270569,8
0.71945005655288696,0.32608383893966675,0.060008779168128967,-0.008480684831738472,-0.017294082790613174,-0.011904021725058556,-0.00051314011216163635,-0.0037388314958661795,-0.10801520198583603,8
0.92800003290176392,0.071999989449977875,0.17777362465858459,0,0,0.00017297628801316023,0,0,0.28536033630371094,8
-0.92800003290176392,0.27051186561584473,0.36667546629905701,0,-0.0086756870150566101,0.013809394091367722,0,0.04548238217830658,0.52295583486557007,8
-0.70741117000579834,0.53273779153823853,0.041967965662479401,0.00082189776003360748,0.01545471977442503,-0.018703348934650421,-0.17292717099189758,-0.093956910073757172,0.038929242640733719,8
-0.34344175457954407,0.51238036155700684,0.20595015585422516,0,-0.011020784266293049,-0.010245243087410927,0,-0.43848979473114014,-0.70732039213180542,8
0.39059180021286011,0.47514453530311584,0.32845759391784668,-0.029566137120127678,0.0078344438225030899,0.044813204556703568,-0.40966925024986267,-0.21484909951686859,-0.11924150586128235,8
0.71058601140975952,0.52651864290237427,0.1578022837638855,0.016386281698942184,-0.021595600992441177,0.017391286790370941,0.072943702340126038,-0.095544077455997467,-0.1233120933175087,8
0.92800003290176392,0.27080953121185303,0.27970254421234131,0,-0.022249197587370872,0.0060090357437729836,0,0.02424711175262928,0.0016327666817232966,8
-0.92800003290176392,0.29281890392303467,0.54566335678100586,0,-0.02539917454123497,0.012837018817663193,0,0.030580198392271996,0.25553953647613525,8
-0.71028375625610352,0.32600653171539307,0.45744460821151733,-0.058577790856361389,0.03078593872487545,-0.0050825383514165878,-0.315411776304245,-0.50085407495498657,0.090028896927833557,8
-0.44234129786491394,0.29844322800636292,0.45961162447929382,0.040542609989643097,-0.048040147870779037,0.0089945876970887184,-0.17481943964958191,-0.76717907190322876,-0.0014756618766114116,8
-0.3255210816860199,0.45475596189498901,0.42003703117370605,-0.025046098977327347,0.013204319402575493,-0.0056173712946474552,0.43307021260261536,-0.72576028108596802,-0.11793600022792816,8
-0.032208476215600967,0.29556572437286377,0.49777340888977051,0.019974049180746078,-0.015604518353939056,-0.00068166456185281277,0.19126021862030029,-0.028594860807061195,0.074375845491886139,8
0.085834302008152008,0.29636368155479431,0.30422714352607727,0.018416846171021461,0.0024339938536286354,-0.015324044972658157,0.12768001854419708,0.1396474689245224,0.16794784367084503,8
0.19603696465492249,0.49482622742652893,0.34344175457954407,-0.012721235863864422,0.044565495103597641,0,-0.40473833680152893,0.23778362572193146,0,8
0.4055192768573761,0.3040606677532196,0.49249491095542908,-0.0018309219740331173,-0.013135697692632675,0.0064073917455971241,-0.23226533830165863,-0.089632488787174225,0.2244076281785965,8
0.70027929544448853,0.28488531708717346,0.44677039980888367,0.0063050445169210434,-0.028189137578010559,-0.00033531931694597006,-0.014718816615641117,-0.14296905696392059,0.27130365371704102,8
0.92800003290176392,0.28112351894378662,0.46850618720054626,0,-0.016901532188057899,-0.012931168079376221,0,-0.17068414390087128,0.088798381388187408,8
-0.92800003290176392,0.27295601367950439,0.71289587020874023,0,-0.039975948631763458,0.0070623457431793213,0,-0.081858441233634949,-0.081266902387142181,8
-0.92800003290176392,0.41262936592102051,0.92800003290176392,0,0.0017310273833572865,0,0,0.035398442298173904,0,8
-0.46105313301086426,0.29424223303794861,0.69774293899536133,-0.0076860040426254272,-0.034139238297939301,0.014677060768008232,-0.1883692592382431,-0.64024806022644043,0.20192199945449829,8
-0.18553215265274048,0.50936013460159302,0.70861977338790894,-0.032772980630397797,-0.032314468175172806,0.0011519696563482285,0.38837802410125732,-0.25081592798233032,0.31929627060890198,8
-0.08689175546169281,0.29611724615097046,0.70180439949035645,-0.009211481548845768,-0.043618094176054001,0.0076236501336097717,-0.24756442010402679,-0.014008841477334499,0.069054417312145233,8
0.088165529072284698,0.30366650223731995,0.69597113132476807,-0.011539389379322529,-0.01539861224591732,0.014326938427984715,0.064123958349227905,0.030542591586709023,-0.12664046883583069,8
0.031098706647753716,0.53950697183609009,0.71191698312759399,-0.010553688742220402,0.014082319103181362,0.013239666819572449,0.1285981684923172,-0.31090408563613892,0.038878142833709717,8
0.46139255166053772,0.31722640991210938,0.71421372890472412,0.0043641040101647377,-0.013406443409621716,0.030672580003738403,-0.37702444195747375,0.10454314202070236,0.15776349604129791,8
0.92800003290176392,0.4253164529800415,0.92800003290176392,0,-0.0090312547981739044,0,0,0.058845482766628265,0,8
0.92800003290176392,0.071999989449977875,0.72020018100738525,0,0,0.015831058844923973,0,0,0.061347566545009613,8
-0.92800003290176392,0.071999989449977875,0.92800003290176392,0,0,0,0,0,0,8
-0.71508437395095825,0.071999989449977875,0.92800003290176392,-0.0075944205746054649,0,0,0.024741141125559807,0,0,8
-0.5480162501335144,0.29169559478759766,0.92800003290176392,0.011457754299044609,-0.0068190321326255798,0,0.1943594217300415,0.36408543586730957,0,8
-0.36446931958198547,0.26835393905639648,0.92800003290176392,0.00010288844350725412,-0.014255370944738388,0,0.035091113299131393,0.30614960193634033,0,8
-0.17923299968242645,0.071999989449977875,0.92800003290176392,0.0013204436982050538,0,0,-0.10308758169412613,0,0,8
0.17861352860927582,0.28746879100799561,0.92800003290176392,0.0023863480892032385,-0.011216897517442703,0,0.099326089024543762,0.13943669199943542,0,8
0.36168751120567322,0.27060770988464355,0.92800003290176392,0.013969214633107185,-0.023766329512000084,0,-0.060190387070178986,-0.064126588404178619,0,8
0.54121476411819458,0.29247492551803589,0.92800003290176392,-0.0041579082608222961,-0.017850261181592941,0,-0.18819215893745422,0.16329874098300934,0,8
0.70839673280715942,0.2608262300491333,0.92800003290176392,0.0087830154225230217,-0.02170119620859623,0,0.052330620586872101,-0.010850037448108196,0,8
0.92800003290176392,0.071999989449977875,0.92800003290176392,0,0,0,0,0,0,8
-0.92800003290176392,0.2650073766708374,-0.92800003290176392,0,-0.026563430204987526,0,0,0.23889131844043732,0,8
-0.39198681712150574,0.46292167901992798,-0.92800003290176392,-0.035542752593755722,0.022650543600320816,0,-0.34253567457199097,-0.094145305454730988,0,8
-0.5368918776512146,0.45994365215301514,-0.92800003290176392,0.0092674270272254944,0.027430173009634018,0,-0.29399177432060242,0.18310071527957916,0,8
-0.19439214468002319,0.28180766105651855,-0.92800003290176392,0.039093930274248123,-0.011448297649621964,0,0.17223937809467316,0.48384448885917664,0,8
0.16395637392997742,0.45923483371734619,-0.92800003290176392,0.01086540799587965,-0.0037156697362661362,0,-0.65983033180236816,-0.077357359230518341,0,8
-0.009562244638800621,0.26941847801208496,-0.92800003290176392,0.036988470703363419,-0.010688873007893562,0,-0.23618815839290619,0.24699713289737701,0,8
0.02368035726249218,0.46314609050750732,-0.92800003290176392,-0.035937212407588959,-0.023176709190011024,0,0.10169102996587753,-0.42813724279403687,0,8
0.45581203699111938,0.44323539733886719,-0.92800003290176392,0.0074821794405579567,-0.0093537485226988792,0,0.43890878558158875,0.40459358692169189,0,8
0.58387845754623413,0.49580752849578857,-0.92800003290176392,-0.066849306225776672,0.08254687488079071,0,-0.73288476467132568,0.20683093369007111,0,8
0.92800003290176392,0.26604676246643066,-0.92800003290176392,0,-0.018878944218158722,0,0,0.19404630362987518,0,8
-0.92800003290176392,0.45310294628143311,-0.43781799077987671,0,0.048530619591474533,0.022744815796613693,0,-0.26166880130767822,-0.55694538354873657,8
-0.69064420461654663,0.45217376947402954,-0.69547146558761597,0.011198604479432106,-0.01394004188477993,-0.0038671074435114861,0.17628024518489838,0.27997845411300659,0.18472632765769958,8
-0.37483888864517212,0.48051550984382629,-0.70060122013092041,-0.0062934770248830318,0.0077379182912409306,0.0019132737070322037,-0.20377907156944275,0.51164162158966064,0.31971371173858643,8
-0.29629725217819214,0.53342241048812866,-0.52431607246398926,0.0067020761780440807,-0.0060481615364551544,0.016522156074643135,-0.21630840003490448,0.33431157469749451,0.1208052933216095,8
-0.039936598390340805,0.40143409371376038,-0.56164592504501343,0.0015580973122268915,-0.02338060550391674,-0.010893440805375576,-0.18695911765098572,0.2018590122461319,-0.039126329123973846,8
0.15991511940956116,0.51271599531173706,-0.55925190448760986,-0.0095221754163503647,0.026442980393767357,0.013481340371072292,-0.15797457098960876,-0.16917233169078827,-0.089230634272098541,8
0.35208669304847717,0.6036226749420166,-0.56279486417770386,0.057434652000665665,-0.011464298702776432,0.041074097156524658,0.47185227274894714,-0.18999794125556946,-0.047281529754400253,8
0.32086178660392761,0.45746245980262756,-0.70389926433563232,-0.036232024431228638,-0.021425142884254456,0.002161896787583828,-0.32390359044075012,-0.071081496775150299,-0.071931503713130951,8
0.7035565972328186,0.45733338594436646,-0.69703793525695801,0.0060173552483320236,0.044693514704704285,-0.020219061523675919,-0.039146054536104202,-1.0421603918075562,0.067854523658752441,8
0.92800003290176392,0.44877439737319946,-0.5953444242477417,0,0.0038600172847509384,0.069681376218795776,0,0.99454885721206665,3.1827449798583984,8
-0.92800003290176392,0.47877895832061768,-0.60229629278182983,0,-0.07581542432308197,0.09346318244934082,0,0.45644131302833557,0.72564208507537842,8
-0.68859857320785522,0.46794837713241577,-0.45870468020439148,0.022402327507734299,-0.021625019609928131,0.0059717814438045025,0.48617830872535706,0.26938149333000183,-0.03166695311665535,8
-0.48359659314155579,0.53892183303833008,-0.50175106525421143,0.01436582300812006,0.0013220133259892464,0.020830171182751656,-0.31097963452339172,0.12294108420610428,0.0070411334745585918,8
-0.1099705696105957,0.66270214319229126,-0.34344175457954407,-0.032427195459604263,0.0020455943886190653,0,-0.43532529473304749,0.074784860014915466,0,8
-0.027967188507318497,0.48557254672050476,-0.34344175457954407,0.011487465351819992,0.0024668863043189049,0,-0.033328011631965637,-0.047777809202671051,0,8
0.17318512499332428,0.50827938318252563,-0.34344175457954407,0.0058003086596727371,0.037918440997600555,0,0.082739531993865967,0.32848957180976868,0,8
0.14673146605491638,0.63267678022384644,-0.34344175457954407,-0.014501133002340794,0.0020411198493093252,0,0.22517408430576324,-0.25039419531822205,0,8
0.50721228122711182,0.54531854391098022,-0.47565001249313354,-0.0043071839027106762,0.025734042748808861,0.043861091136932373,-0.14537151157855988,0.10064983367919922,0.076794989407062531,8
0.70202106237411499,0.49959561228752136,-0.3026852011680603,0.0035353880375623703,0.020765107125043869,0.076303526759147644,0.093257971107959747,0.22819328308105469,0.33723479509353638,8
0.92800003290176392,0.44703841209411621,-0.41597262024879456,0,0.02524041011929512,-0.050726674497127533,0,0.42160946130752563,-0.34480789303779602,8
-0.92800003290176392,0.28814685344696045,-0.17256639897823334,0,-0.012649040669202805,-8.1364880315959454e-05,0,0.26378747820854187,0.083527140319347382,8
-0.59552639722824097,0.6048625111579895,-0.32998919486999512,0.0057174372486770153,-0.0016633371124044061,-0.018287859857082367,0.21260383725166321,0.090811394155025482,-0.30188530683517456,8
-0.34344175457954407,0.65990400314331055,-0.13235078752040863,0,0.013593342155218124,0.055044002830982208,0,0.60566931962966919,-0.28677484393119812,8
0.34344175457954407,0.6714051365852356,-0.10277794301509857,0,0.016818581148982048,0.0092177689075469971,0,-0.098372526466846466,0.071166269481182098,8
0.53346598148345947,0.57827246189117432,-0.28899458050727844,-0.0050413152202963829,-0.020272903144359589,0.016402469947934151,0.32585760951042175,-0.14680510759353638,-0.25831130146980286,8
0.92800003290176392,0.45569640398025513,-0.14899273216724396,0,-0.0094235334545373917,0.060059119015932083,0,-0.10531074553728104,0.35382291674613953,8
-0.92800003290176392,0.4511711597442627,0.13410866260528564,0,-0.0081094503402709961,0.040361862629652023,0,0.32783907651901245,0.69141381978988647,8
-0.55686116218566895,0.54497087001800537,-0.095609456300735474,0.011333657428622246,0.0191305261105299,-0.032315600663423538,0.23251372575759888,-0.043294202536344528,0.19340714812278748,8
-0.34344175457954407,0.54049474000930786,-0.18546335399150848,0,0.0077904630452394485,-0.031525377184152603,0,-0.48407405614852905,-0.037729121744632721,8
0.34344175457954407,0.51107901334762573,-0.014493227936327457,0,-0.011596339754760265,0.0078885164111852646,0,0.027748400345444679,-0.1206115260720253,8
0.55375415086746216,0.47195881605148315,-0.13446658849716187,0.01000752579420805,-0.028186323121190071,0.0154399573802948,0.018736150115728378,-0.108245849609375,-0.17653952538967133,8
0.92800003290176392,0.27141469717025757,0.073622740805149078,0,-0.020017283037304878,-0.015742260962724686,0,0.091952599585056305,-0.16766884922981262,8
-0.92800003290176392,0.26956093311309814,0.011046958155930042,0,-0.024499921128153801,-0.0081680547446012497,0,-0.30652427673339844,-0.1118561252951622,8
-0.55423939228057861,0.47140797972679138,0.11895135790109634,-0.0053552179597318172,-0.0040658148936927319,-0.025051971897482872,-0.11666715890169144,0.078395053744316101,-0.30831456184387207,8
-0.34344175457954407,0.48115101456642151,0.011732376180589199,0,-0.0085112079977989197,0.0021292781457304955,0,-0.12080534547567368,-0.21877609193325043,8
0.34344175457954407,0.53452438116073608,0.16053426265716553,0,-0.029364721849560738,-0.0092153176665306091,0,-0.094300821423530579,-0.25882819294929504,8
0.54703575372695923,0.52099227905273438,0.051039122045040131,-0.011328902095556259,0.007066620048135519,-0.0069119320251047611,-0.17489072680473328,-0.19904372096061707,-0.3197091817855835,8
0.92800003290176392,0.45204037427902222,0.0076684923842549324,0,0.015843665227293968,0.027767792344093323,0,0.14456938207149506,-0.1050696074962616,8
-0.92800003290176392,0.45634889602661133,-0.011401606723666191,0,0.0056426255032420158,-0.012668711133301258,0,-0.41498461365699768,0.44688507914543152,8
-0.51804226636886597,0.55214834213256836,0.31613361835479736,-0.0068202828988432884,0.018033148720860481,0.012901141308248043,-0.84754043817520142,-0.43422764539718628,-0.56013572216033936,8
-0.34344175457954407,0.67485827207565308,0.10993948578834534,0,-0.0042402278631925583,0.028136227279901505,0,0.30026981234550476,-0.03913845494389534,8
0.34344175457954407,0.68297016620635986,0.23187039792537689,0,-0.043315529823303223,-0.0090706637129187584,0,0.13027387857437134,-0.082541875541210175,8
0.55377167463302612,0.55417770147323608,0.26981401443481445,-0.014616608619689941,-0.012245850637555122,-0.015742110088467598,0.15077276527881622,0.10358936339616776,-0.097533859312534332,8
0.92800003290176392,0.45195960998535156,0.15424245595932007,0,-0.014517996460199356,-0.011425899341702461,0,0.083141766488552094,0.69782924652099609,8
-0.92800003290176392,0.45377832651138306,0.4458087682723999,0,-0.0080215185880661011,0.047798942774534225,0,-0.24896195530891418,-0.14516717195510864,8
-0.69946378469467163,0.49471023678779602,0.2753082811832428,-0.0044640302658081055,0.012163200415670872,-0.043518632650375366,-0.25006893277168274,-0.28512895107269287,-0.18789073824882507,8
-0.49888932704925537,0.50300127267837524,0.50722771883010864,-0.035648316144943237,0.017983021214604378,0.0043749930337071419,-0.90171420574188232,-0.15988150238990784,0.44659543037414551,8
-0.18160581588745117,0.67400509119033813,0.34344175457954407,0.034719474613666534,0.0025983648374676704,0,0.40517407655715942,0.42558273673057556,0,8
-0.17554716765880585,0.52758920192718506,0.34344175457954407,0.002598755294457078,-0.089663565158843994,0,0.81209808588027954,-0.40321823954582214,0,8
-0.0024557877331972122,0.49807694554328918,0.34344175457954407,0.013720620423555374,0.00087857124162837863,0,0.3012956976890564,0.073960967361927032,0,8
0.10095742344856262,0.66037732362747192,0.34344175457954407,-0.055879861116409302,-0.048171646893024445,0,0.84533190727233887,-0.0086243078112602234,0,8
0.52542638778686523,0.47901436686515808,0.49893394112586975,0.022488415241241455,-0.016374653205275536,0.020759405568242073,-0.12238617241382599,-0.03524799644947052,0.28816354274749756,8
0.70455074310302734,0.46322911977767944,0.39987069368362427,0.013264522887766361,0.0074597075581550598,-0.0025309780612587929,0.12598980963230133,-0.10276657342910767,0.10508357733488083,8
0.92800003290176392,0.45721703767776489,0.4491000771522522,0,-0.010477378964424133,0.037377197295427322,0,-0.18047551810741425,0.04969831183552742,8
-0.92800003290176392,0.47669053077697754,0.58886128664016724,0,0.091276049613952637,-0.021800881251692772,0,0.83047980070114136,-0.7285427451133728,8
-0.6931186318397522,0.45589715242385864,0.69526320695877075,-0.015698544681072235,-0.018197614699602127,0.00082594342529773712,-0.30720633268356323,-0.21817813813686371,0.54285097122192383,8
-0.39207220077514648,0.46035557985305786,0.7010534405708313,-0.022972270846366882,0.00088151777163147926,0.0176539346575737,-0.11539572477340698,-0.47925156354904175,0.64325249195098877,8
-0.31932330131530762,0.58932697772979736,0.5732540488243103,-0.0029007145203649998,0.020919021219015121,0.010533396154642105,0.2710832953453064,0.15721650421619415,0.82681620121002197,8
-0.10575317591428757,0.50401097536087036,0.54035383462905884,0.013272279873490334,-0.0007571992464363575,0.0046489154919981956,0.4541010856628418,-0.32453703880310059,0.091748155653476715,8
0.10874480754137039,0.47248345613479614,0.5552254319190979,-0.0042136739939451218,0.0034833704121410847,-0.0093155717477202415,-0.0080002052709460258,-0.17283241450786591,-0.064842484891414642,8
0.3153076171875,0.54616290330886841,0.52053815126419067,-0.0034831431694328785,0.0060089360922574997,-0.0027566477656364441,-0.25801050662994385,-0.011177155189216137,0.26412415504455566,8
0.26363614201545715,0.48129042983055115,0.70460295677185059,-0.030572062358260155,-0.01681767962872982,0.0024972865357995033,0.041731089353561401,-0.029606500640511513,-0.14557783305644989,8
0.69794708490371704,0.45704337954521179,0.68340039253234863,0.002390019129961729,0.012867173179984093,0.0075050233863294125,0.048332832753658295,-0.21718895435333252,0.026491269469261169,8
0.92800003290176392,0.42881429195404053,0.59057450294494629,0,-0.010919706895947456,0.019610404968261719,0,0.34508791565895081,-0.19670319557189941,8
-0.92800003290176392,0.26579177379608154,0.92800003290176392,0,-0.023675676435232162,0,0,0.076475135982036591,0,8
-0.57995325326919556,0.48238950967788696,0.92800003290176392,0.0087886638939380646,0.026416517794132233,0,0.72479063272476196,-0.46478912234306335,0,8
-0.43494227528572083,0.44718706607818604,0.92800003290176392,0.018850600346922874,-0.010955587029457092,0,0.22531463205814362,0.30817371606826782,0,8
-0.18638321757316589,0.29115140438079834,0.92800003290176392,0.011690939776599407,-0.0026008337736129761,0,-0.0093910554423928261,-0.0079281628131866455,0,8
0.16444119811058044,0.46952098608016968,0.92800003290176392,0.021061072126030922,-0.008926992304623127,0,-0.13638707995414734,0.43191388249397278,0,8
-0.0018562250770628452,0.26864683628082275,0.92800003290176392,-0.00045757865882478654,-0.025240236893296242,0,-0.14755880832672119,0.19018542766571045,0,8
0.021808236837387085,0.45469224452972412,0.92800003290176392,0.0068888482637703419,-0.0093826334923505783,0,0.39270868897438049,-0.41229298710823059,0,8
0.44723469018936157,0.45807993412017822,0.92800003290176392,0.0057976315729320049,-2.083621802739799e-05,0,0.2722352147102356,-0.062055047601461411,0,8
0.57011723518371582,0.49156409502029419,0.92800003290176392,0.016955140978097916,0.0084951091557741165,0,-0.23551967740058899,0.044736839830875397,0,8
0.92800003290176392,0.26850128173828125,0.92800003290176392,0,-0.027298359200358391,0,0,0.032818950712680817,0,8
-0.92800003290176392,0.41264784336090088,-0.92800003290176392,0,-0.0067905890755355358,0,0,0.24953667819499969,0,8
-0.70994561910629272,0.26689434051513672,-0.92800003290176392,0.013343118131160736,2.0738691091537476e-05,0,0.097972653806209564,0.62427002191543579,0,8
-0.7239764928817749,0.45008182525634766,-0.92800003290176392,-0.063182078301906586,-0.07901349663734436,0,-0.68598008155822754,-0.37332838773727417,0,8
-0.24452939629554749,0.46584033966064453,-0.92800003290176392,0.0069954260252416134,-0.051646202802658081,0,-0.16267549991607666,0.15737614035606384,0,8
-0.1121247336268425,0.45387643575668335,-0.92800003290176392,-0.012032601051032543,0.028846606612205505,0,0.040334552526473999,0.27201107144355774,0,8
0.060344215482473373,0.62276488542556763,-0.92800003290176392,0.030931524932384491,0.0012796809896826744,0,0.28996041417121887,-0.35142576694488525,0,8
0.30485579371452332,0.45976614952087402,-0.92800003290176392,0.03289191797375679,0.0054160733707249165,0,0.13516980409622192,0.26878154277801514,0,8
0.69999420642852783,0.64199978113174438,-0.92800003290176392,-0.0011019892990589142,0.056609008461236954,0,0.83227658271789551,-0.57051378488540649,0,8
0.71543031930923462,0.44700515270233154,-0.92800003290176392,0.010064084082841873,-0.023802060633897781,0,-0.9598967432975769,-0.28077620267868042,0,8
0.92800003290176392,0.41617965698242188,-0.92800003290176392,0,0.042056851089000702,0,0,0.47897723317146301,0,8
-0.92800003290176392,0.45310443639755249,-0.72449237108230591,0,0.017577091231942177,-0.035486001521348953,0,-0.88986474275588989,0.32940542697906494,8
-0.59881901741027832,0.28718191385269165,-0.57048708200454712,-0.022700676694512367,-0.0083749480545520782,0.017449408769607544,0.33463010191917419,0.79497218132019043,0.60038012266159058,8
-0.50753283500671387,0.59693914651870728,-0.68468677997589111,-0.0046343123540282249,-0.013051636517047882,-0.015857705846428871,0.16994786262512207,-0.024417264387011528,0.23687765002250671,8
-0.24964867532253265,0.70540875196456909,-0.7288936972618103,0.0054191397503018379,0.012675698846578598,-0.0018496010452508926,-0.16821040213108063,0.035273142158985138,0.28351730108261108,8
-0.083245351910591125,0.62686192989349365,-0.56296557188034058,-0.011793741956353188,-0.017145320773124695,-0.0039838682860136032,0.028584998100996017,-0.01660522073507309,-0.44756788015365601,8
0.092615664005279541,0.74596524238586426,-0.55518007278442383,-0.026070192456245422,0.047185726463794708,-0.003169989213347435,0.10359562188386917,0.42498257756233215,-0.54762899875640869,8
0.26043471693992615,0.65830391645431519,-0.71750771999359131,0.0022347765043377876,-0.01359163410961628,-0.0054507614113390446,-0.08508676290512085,0.75636273622512817,-0.19047972559928894,8
0.5143047571182251,0.52807611227035522,-0.68581432104110718,-0.028808131814002991,-0.050030112266540527,-0.0019417628645896912,-0.31532773375511169,-0.026743410155177116,0.23782078921794891,8
0.58737921714782715,0.28828781843185425,-0.57281726598739624,0.036946970969438553,-0.058890026062726974,-0.030508046969771385,0.43224185705184937,-0.33149173855781555,-0.68470078706741333,8
0.92800003290176392,0.25858521461486816,-0.69740605354309082,0,-0.12682466208934784,0.029889853671193123,0,-0.71970683336257935,0.07472633570432663,8
-0.92800003290176392,0.66644150018692017,-0.70227658748626709,0,-0.072129331529140472,-0.0005324147641658783,0,-0.99490773677825928,0.034280445426702499,8
-0.68990910053253174,0.64502590894699097,-0.5285494327545166,-0.0025636306963860989,-0.0043770847842097282,0.0041159479878842831,0.48822957277297974,0.17398861050605774,-0.00019371973758097738,8
-0.33458799123764038,0.69066876173019409,-0.3736785352230072,0.01465828251093626,0.027695197612047195,0.0055940407328307629,-0.17166547477245331,0.15037518739700317,-0.20234578847885132,8
-0.17606756091117859,0.79390865564346313,-0.34344175457954407,0.0056552491150796413,0.013534554280340672,0,-0.24209891259670258,-0.2522723376750946,0,8
0.0035011966247111559,0.81042885780334473,-0.34344175457954407,0.0053253974765539169,0.012064062990248203,0,-0.17474132776260376,-0.12066936492919922,0,8
0.0098480936139822006,0.64896136522293091,-0.34344175457954407,-0.010728705674409866,-0.0046747219748795033,0,0.31086075305938721,0.094139203429222107,0,8
0.19267335534095764,0.80430489778518677,-0.34344175457954407,-0.027187580242753029,0.0014635047409683466,0,0.11557945609092712,-0.12440090626478195,0,8
0.35820746421813965,0.71175986528396606,-0.33909150958061218,-0.033594455569982529,0.065205268561840057,0.044606205075979233,-0.077473312616348267,-0.044089701026678085,0.1150173619389534,8
0.69805347919464111,0.52189284563064575,-0.4963182806968689,0.013827061280608177,-0.058297682553529739,0.036428138613700867,-0.70641118288040161,0.50360339879989624,0.58497929573059082,8
0.92800003290176392,0.44340384006500244,-0.71414202451705933,0,-0.002105573657900095,-0.12690530717372894,0,-1.606941819190979,-0.59367811679840088,8
-0.92800003290176392,0.461406409740448,-0.30689716339111328,0,0.016543872654438019,0.044858071953058243,0,0.050195414572954178,1.2880136966705322,8
-0.72005397081375122,0.68238896131515503,-0.23712138831615448,-0.016614727675914764,0.0087331384420394897,-0.026863861829042435,0.3517899215221405,0.034789826720952988,-0.97708165645599365,8
-0.34344175457954407,0.80429363250732422,-0.17912401258945465,0,-0.029435794800519943,-0.0084551190957427025,0,-0.19028495252132416,-0.13810838758945465,8
0.34344175457954407,0.78343319892883301,-0.17443037033081055,0,-0.067488528788089752,0.045598380267620087,0,-0.3226158618927002,-0.21246771514415741,8
0.73081636428833008,0.74121445417404175,-0.27845862507820129,-0.0052034417167305946,0.056432779878377914,0.0004589851014316082,-0.42224967479705811,-0.11799494922161102,-0.55283820629119873,8
0.92800003290176392,0.44932997226715088,-0.26537761092185974,0,-0.00032350071705877781,-0.10081060975790024,0,0.211104616522789,-0.15358126163482666,8
-0.92800003290176392,0.46491837501525879,-0.16168698668479919,0,-0.01312662661075592,0.035370610654354095,0,0.16436050832271576,-0.71811205148696899,8
-0.56159430742263794,0.7718011736869812,-0.12043998390436172,0.01271530520170927,0.016632087528705597,-0.03199111670255661,0.45333203673362732,-0.47565129399299622,-0.15281851589679718,8
-0.34344175457954407,0.66466498374938965,-0.012353098019957542,0,0.015836874023079872,-0.042843863368034363,0,-0.15725080668926239,-0.070716440677642822,8
0.34344175457954407,0.81415742635726929,-0.015540911816060543,0,0.028888031840324402,0.016173580661416054,0,-0.18847613036632538,0.19207274913787842,8
0.56398826837539673,0.72117125988006592,-0.10792369395494461,-0.01502535305917263,0.00074140197830274701,0.0088158901780843735,-0.035959787666797638,0.12331617623567581,-0.10044889152050018,8
0.92800003290176392,0.60483801364898682,-0.0047772638499736786,0,-0.017506515607237816,-0.0051524313166737556,0,0.23520228266716003,0.22126533091068268,8
-0.92800003290176392,0.60254061222076416,0.044142227619886398,0,0.037717703729867935,0.055329754948616028,0,0.37315687537193298,0.21435554325580597,8
-0.56723964214324951,0.68093001842498779,0.10227452963590622,0.0006994912400841713,-0.011438297107815742,-0.026907779276371002,0.043199263513088226,-0.088003046810626984,-0.51535522937774658,8
-0.34344175457954407,0.83518224954605103,0.037003524601459503,0,0.0050295963883399963,0.0055830543860793114,0,-0.089748553931713104,0.021718138828873634,8
0.34344175457954407,0.65540593862533569,0.033659394830465317,0,-0.021554233506321907,-0.0045086885802447796,0,-0.28110188245773315,-0.33963322639465332,8
0.55910539627075195,0.75450187921524048,0.10203251987695694,-0.0098814480006694794,0.00032832362921908498,0.019914723932743073,-0.036795433610677719,-0.070016965270042419,-0.23072516918182373,8
0.92800003290176392,0.60130953788757324,0.16338299214839935,0,0.015518426895141602,0.039632223546504974,0,0.35325074195861816,-0.13422052562236786,8
-0.92800003290176392,0.46118175983428955,0.28281095623970032,0,-0.0271193478256464,-0.030721534043550491,0,-0.14941664040088654,-0.054365579038858414,8
-0.73025733232498169,0.70036733150482178,0.26491490006446838,-0.02713906392455101,0.012584093026816845,-0.036248333752155304,-0.21424701809883118,0.12033648788928986,-0.18712514638900757,8
-0.34344175457954407,0.73991799354553223,0.19944173097610474,0,-0.048268299549818039,-0.018593404442071915,0,0.30898097157478333,-0.70612251758575439,8
0.34344175457954407,0.81984364986419678,0.18110482394695282,0,-0.011133435182273388,0.049839343875646591,0,0.19681459665298462,0.073781192302703857,8
0.72741514444351196,0.67532813549041748,0.29648196697235107,0.0024233963340520859,-0.0065605035051703453,0.0061184116639196873,0.135453000664711,-0.010012433864176273,-0.1872422993183136,8
0.92800003290176392,0.4507138729095459,0.28210446238517761,0,-0.01830763928592205,0.011970571242272854,0,-0.11409230530261993,-0.010445359162986279,8
-0.92800003290176392,0.63713347911834717,0.69634884595870972,0,-0.0041639660485088825,0.001894491259008646,0,0.32394176721572876,0.2709466814994812,8
-0.68959200382232666,0.53518503904342651,0.48613196611404419,-0.025527995079755783,-0.03359353169798851,-0.017753127962350845,-0.77255123853683472,0.27772799134254456,0.42362070083618164,8
-0.4005066454410553,0.68823182582855225,0.40874320268630981,0.017631243914365768,0.04578743502497673,-0.019440742209553719,-0.069133937358856201,0.54806381464004517,-0.071415603160858154,8
-0.17757593095302582,0.8175472617149353,0.34344175457954407,0.033382795751094818,0.024117022752761841,0,0.3722514808177948,0.45835375785827637,0,8
-0.024575144052505493,0.67045819759368896,0.34344175457954407,-0.036108717322349548,0.0064726988784968853,0,0.075567655265331268,-0.25273710489273071,0,8
0.045454595237970352,0.8333284854888916,0.34344175457954407,0.0075204186141490936,-0.0095367776229977608,0,-0.12899357080459595,0.18765194714069366,0,8
0.18476594984531403,0.7240372896194458,0.34344175457954407,0.045539047569036484,0.10520715266466141,0,-0.6077810525894165,-0.27174174785614014,0,8
0.47582212090492249,0.64580452442169189,0.45938026905059814,0.036919385194778442,0.018860369920730591,0.039244301617145538,-0.22431078553199768,0.31760314106941223,-0.21181482076644897,8
0.69291895627975464,0.6193547248840332,0.54242575168609619,0.014319088310003281,-0.00076295528560876846,0.02456977404654026,0.072358950972557068,-0.10862394422292709,0.19505235552787781,8
0.92800003290176392,0.42342382669448853,0.71806418895721436,0,0.020085554569959641,0.0046872859820723534,0,0.23079490661621094,0.068752698600292206,8
-0.92800003290176392,0.46136635541915894,0.71657967567443848,0,-0.00065878615714609623,0.018370021134614944,0,-0.35815763473510742,-0.10627224296331406,8
-0.60712003707885742,0.28346621990203857,0.56739389896392822,0.00074275326915085316,-0.0077922642230987549,-0.01874307356774807,-0.2163844108581543,-0.46894550323486328,0.54569536447525024,8
-0.53626143932342529,0.59621399641036987,0.69178670644760132,-0.036177784204483032,-0.049799680709838867,0.026078337803483009,-0.31063124537467957,0.14165349304676056,0.66116535663604736,8
-0.26241216063499451,0.71388506889343262,0.73271656036376953,0.021174762398004532,-0.022088369354605675,0.0065376395359635353,0.23210285604000092,0.26971548795700073,0.73826783895492554,8
-0.064336508512496948,0.74338036775588989,0.55891388654708862,0.023442581295967102,-0.0011940465774387121,0.011647085659205914,0.49103370308876038,0.42116081714630127,0.27782061696052551,8
0.13072535395622253,0.66767191886901855,0.56963670253753662,0.034588329493999481,0.0073617571033537388,-0.0039942627772688866,0.07200903445482254,0.13455256819725037,0.21517454087734222,8
0.27102473378181458,0.71031975746154785,0.72916275262832642,-0.031049191951751709,-0.010237878188490868,0.008382248692214489,-0.31321990489959717,-0.18163132667541504,0.2523118257522583,8
0.4708695113658905,0.54140055179595947,0.693916916847229,-0.050116255879402161,-0.017587708309292793,0.017211934551596642,-0.15239629149436951,-0.20186194777488708,0.11715013533830643,8
0.58772051334381104,0.28179562091827393,0.59749919176101685,0.01451214961707592,-0.031755782663822174,0.017069529742002487,0.25290927290916443,0.00013321638107299805,0.070693023502826691,8
0.92800003290176392,0.25479865074157715,0.68709748983383179,0,-0.028774196282029152,0.012199370190501213,0,0.11693006008863449,0.11928226798772812,8
-0.92800003290176392,0.41262936592102051,0.92800003290176392,0,0.0017310273833572865,0,0,0.035398442298173904,0,8
-0.71392560005187988,0.27182722091674805,0.92800003290176392,-0.0016707349568605423,-0.03663993626832962,0,0.20407404005527496,0.085411474108695984,0,8
-0.71576076745986938,0.45844113826751709,0.92800003290176392,-0.020294647663831711,-0.011827153153717518,0,0.11655281484127045,-0.098864182829856873,0,8
-0.27978029847145081,0.45932543277740479,0.92800003290176392,-0.0026700678281486034,0.00064418319379910827,0,-0.1678316742181778,0.35167896747589111,0,8
-0.12181700021028519,0.4579918384552002,0.92800003290176392,-0.032927371561527252,0.0096689965575933456,0,-0.30331087112426758,0.08669009804725647,0,8
-0.023254347965121269,0.6106230616569519,0.92800003290176392,0.010955587029457092,-0.0075051691383123398,0,-0.092042788863182068,-0.10467589646577835,0,8
0.29931998252868652,0.46313440799713135,0.92800003290176392,-0.035205096006393433,0.012606744654476643,0,-0.24850855767726898,0.064697675406932831,0,8
0.70170825719833374,0.61332374811172485,0.92800003290176392,0.00402414845302701,-0.011340446770191193,0,0.16117225587368011,0.086540572345256805,0,8
0.71025824546813965,0.43962293863296509,0.92800003290176392,0.0085957590490579605,0.0023984387516975403,0,-0.081820473074913025,0.0021885288879275322,0,8
0.92800003290176392,0.4253164529800415,0.92800003290176392,0,-0.0090312547981739044,0,0,0.058845482766628265,0,8
-0.92800003290176392,0.54237961769104004,-0.92800003290176392,0,0.031751357018947601,0,0,0.40554669499397278,0,8
-0.71486294269561768,0.74223774671554565,-0.92800003290176392,-0.028523022308945656,0.097736157476902008,0,0.2723858654499054,1.1038974523544312,0,8
-0.42033573985099792,0.64904981851577759,-0.92800003290176392,-0.075380377471446991,-0.062822103500366211,0,-0.5740048885345459,-0.42842251062393188,0,8
-0.091905280947685242,0.63408774137496948,-0.92800003290176392,0.00074862840119749308,-0.011108305305242538,0,-0.42492330074310303,0.038145285099744797,0,8
-0.25394916534423828,0.61291086673736572,-0.92800003290176392,-0.028663648292422295,0.020462039858102798,0,0.10665071755647659,0.28857192397117615,0,8
0.21007317304611206,0.79598993062973022,-0.92800003290176392,-0.020210076123476028,-0.03776177391409874,0,-0.31957727670669556,-0.27886763215065002,0,8
0.21790322661399841,0.62109094858169556,-0.92800003290176392,-0.033059112727642059,-0.029871108010411263,0,0.16210688650608063,-0.64227813482284546,0,8
0.38633587956428528,0.62563067674636841,-0.92800003290176392,-0.015731409192085266,0.035893827676773071,0,-0.077348753809928894,0.55058658123016357,0,8
0.70870566368103027,0.82470929622650146,-0.92800003290176392,0.0085425553843379021,-0.05275016650557518,0,-0.62362957000732422,0.30973801016807556,0,8
0.92800003290176392,0.5230182409286499,-0.92800003290176392,0,-0.046095855534076691,0,0,-0.3190162181854248,0,8
-0.92800003290176392,0.83293282985687256,-0.70239132642745972,0,-0.03032241016626358,0.017637502402067184,0,-0.79083138704299927,0.30134934186935425,8
-0.70235872268676758,0.65869617462158203,-0.71468073129653931,-0.011487016454339027,0.021552707999944687,-0.012715062126517296,0.26677206158638,1.0291404724121094,-0.29206722974777222,8
-0.65288949012756348,0.56682991981506348,-0.92800003290176392,-0.31966871023178101,-0.042671535164117813,0,-1.5118108987808228,-0.08328593522310257,0,8
-0.42518341541290283,0.78543055057525635,-0.71009975671768188,-0.019151194021105766,-0.037367194890975952,-0.0073448414914309978,-0.31082808971405029,-0.48872745037078857,0.6431119441986084,8
-0.084195069968700409,0.78339046239852905,-0.69914275407791138,0.015052281320095062,-0.011215663515031338,-0.0074423998594284058,0.013900966383516788,0.050279095768928528,-0.013590612448751926,8
0.13108445703983307,0.78579527139663696,-0.71882760524749756,0.016529154032468796,0.0095850303769111633,0.010279374197125435,-0.15653912723064423,0.64029192924499512,0.15675549209117889,8
0.44428363442420959,0.76340711116790771,-0.71100199222564697,-0.015355889685451984,0.012809695675969124,-0.010385359637439251,0.37467482686042786,0.13990141451358795,-0.14012663066387177,8
0.54516541957855225,0.6042630672454834,-0.92800003290176392,0.062833689153194427,-0.0091882320120930672,0,-0.010119079612195492,0.80402147769927979,0,8
0.70348316431045532,0.66077947616577148,-0.68876302242279053,0.049088999629020691,-0.078442953526973724,0.01472064945846796,0.73210132122039795,-1.579731822013855,-0.032243922352790833,8
0.92800003290176392,0.62111645936965942,-0.69764202833175659,0,0.10625658929347992,0.051729850471019745,0,-0.61587852239608765,-0.30964022874832153,8
-0.92800003290176392,0.64154911041259766,-0.424064040184021,0,0.00074989296263083816,-0.020615147426724434,0,0.40034237504005432,-0.51501631736755371,8
-0.92800003290176392,0.58626717329025269,-0.56016755104064941,0,0.0090311598032712936,-0.064545497298240662,0,0.93279683589935303,-0.46713685989379883,8
-0.51561802625656128,0.77246016263961792,-0.55167454481124878,0.034310091286897659,-0.022726112976670265,0.0040923142805695534,-0.0052567939274013042,0.28444159030914307,-0.34281253814697266,8
-0.26817497611045837,0.77860987186431885,-0.54856914281845093,0.02087707631289959,-0.008843899704515934,-0.014734769240021706,-0.29617789387702942,-0.074533291161060333,-0.35945302248001099,8
-0.10319092869758606,0.9766814112663269,-0.34352654218673706,-0.02691345289349556,0.027497407048940659,-0.00031671859323978424,0.057437211275100708,-0.07883492112159729,-0.0095015568658709526,8
0.1343214362859726,1.0163075923919678,-0.3921583890914917,0.006414506584405899,0.013908464461565018,-0.0019843552727252245,0.15817508101463318,-0.030011709779500961,-0.56997472047805786,8
0.33168196678161621,0.78613805770874023,-0.54000604152679443,-0.017744280397891998,-0.020847572013735771,-0.060790404677391052,0.03045385517179966,0.2988128662109375,-0.4000607430934906,8
0.56725668907165527,0.75834900140762329,-0.57661497592926025,-0.012427225708961487,-0.051356256008148193,0.021264880895614624,-0.73791444301605225,0.39941754937171936,0.50012367963790894,8
0.92800003290176392,0.56731319427490234,-0.53570353984832764,0,0.0078610638156533241,-0.030458705499768257,0,0.59198147058486938,-0.90929871797561646,8
0.92800003290176392,0.6016806960105896,-0.35926833748817444,0,-0.045787125825881958,0.064760655164718628,0,0.52260583639144897,0.058962773531675339,8
-0.92800003290176392,0.62365949153900146,-0.10313758254051208,0,0.015568952076137066,-0.029067289084196091,0,0.19957399368286133,0.087748907506465912,8
-0.70538574457168579,0.7900041937828064,-0.41012266278266907,0.0020860563963651657,0.0098278280347585678,0.0020496502984315157,0.014516407623887062,0.49538642168045044,0.60332417488098145,8
-0.49824854731559753,0.78179442882537842,-0.33507972955703735,-0.0098813017830252647,0.028115548193454742,-0.0090312417596578598,-0.060438826680183411,-0.41187754273414612,-0.055315863341093063,8
-0.40902829170227051,1.0139102935791016,-0.32635045051574707,-4.1211256757378578e-05,-0.013584008440375328,0.04454495757818222,-0.1076991856098175,-0.3178977370262146,-0.43317416310310364,8
-0.15363240242004395,1.0439120531082153,-0.1904723197221756,-0.06827225536108017,0,0.034537598490715027,0.044317912310361862,0,0.014454982243478298,8
0.065718509256839752,1.0441886186599731,-0.22855044901371002,-0.036166317760944366,0,0.0083694374188780785,-0.23109252750873566,0,-0.26717725396156311,8
0.36828744411468506,1.0007857084274292,-0.42666041851043701,-0.061495810747146606,-0.023560144007205963,-0.026162225753068924,-0.093568630516529083,-0.046969499439001083,0.096409931778907776,8
0.54503154754638672,0.78690922260284424,-0.3331274688243866,0.015864105895161629,-0.029466660693287849,-0.039878614246845245,-0.15347336232662201,0.012530776672065258,-0.28724187612533569,8
0.70129400491714478,0.74933916330337524,-0.46763521432876587,-0.019448798149824142,0.014157149940729141,0.018750960007309914,0.10312221199274063,0.37726691365242004,-0.40248504281044006,8
0.92800003290176392,0.60645431280136108,-0.17608502507209778,0,0.01448519341647625,0.057634331285953522,0,-0.54654651880264282,-0.097289636731147766,8
-0.92800003290176392,0.62601059675216675,-0.2725161612033844,0,0.008345247246325016,0.060258138924837112,0,-0.76301312446594238,0.39582642912864685,8
-0.72828173637390137,0.77555704116821289,-0.083548754453659058,-0.029345624148845673,0.0017892967443913221,0.022268902510404587,0.14034099876880646,-0.11550198495388031,0.36374795436859131,8
-0.38391631841659546,1.0230711698532104,-0.15735350549221039,-0.033763125538825989,-0.0047021247446537018,-0.023928932845592499,-0.017025433480739594,-0.056929945945739746,-0.10280711203813553,8
-0.24197396636009216,1.0442312955856323,-0.07037055492401123,0.0034218304790556431,0,0.034563098102807999,0.032973825931549072,0,0.13866618275642395,8
-0.069033890962600708,1.0435906648635864,-0.061726804822683334,0.028965618461370468,0,0.0092979948967695236,-0.055365707725286484,0,-0.16187222301959991,8
0.089931651949882507,1.04366135597229,-0.12431805580854416,0.00084664649330079556,0,-0.012939485721290112,0.22380107641220093,0,0.35836079716682434,8
0.18313692510128021,1.0439305305480957,-0.1241808608174324,-0.0026032333262264729,0,-0.035896115005016327,-0.16539108753204346,0,-0.20149189233779907,8
0.36691153049468994,0.99386471509933472,-0.13407765328884125,-0.025877775624394417,-0.012325754389166832,-0.026151705533266068,-0.17958433926105499,0.061034556478261948,-0.33874264359474182,8
0.72399365901947021,0.78533446788787842,-0.080988988280296326,-0.0088285626843571663,0.011864987201988697,0.080769374966621399,-0.08680889755487442,0.15443110466003418,0.16773796081542969,8
0.92800003290176392,0.79374247789382935,-0.31276482343673706,0,0.012272263877093792,0.072652481496334076,0,0.73491495847702026,0.76241588592529297,8
-0.92800003290176392,0.79243308305740356,0.21103456616401672,0,-0.032273545861244202,0.017772339284420013,0,-0.57036358118057251,0.26687535643577576,8
-0.70315819978713989,0.79703456163406372,0.1326991468667984,0.01554377656430006,0.015828467905521393,-0.01907961443066597,-0.046435154974460602,0.0082454457879066467,-0.2013838142156601,8
-0.377890944480896,0.99720185995101929,0.18217070400714874,0.039245828986167908,0.004423198290169239,0.0027392522897571325,0.11735770106315613,0.055363103747367859,-0.067365080118179321,8
-0.21122787892818451,1.044062614440918,0.11924107372760773,0.018687449395656586,0,0.034796293824911118,-0.019522791728377342,0,0.056202109903097153,8
-0.11586292088031769,1.04374098777771,0.11224758625030518,-0.0098739629611372948,0,0.0075718020088970661,0.33905497193336487,0,-0.29449713230133057,8
0.056018512696027756,1.0435574054718018,0.072868622839450836,-0.019247047603130341,0,-0.01205148920416832,0.059725750237703323,0,-0.031022120267152786,8
0.212453693151474,1.0442053079605103,0.045480072498321533,0.012681936845183372,0,-0.04005621001124382,0.047060247510671616,0,-0.28734681010246277,8
0.3717477023601532,1.0145344734191895,0.096502766013145447,0.020875737071037292,0.017718041315674782,0.057499527931213379,0.10369335860013962,-0.050025150179862976,0.22882114350795746,8
0.71249324083328247,0.78732997179031372,0.15621177852153778,0.0014559156261384487,0.0089002307504415512,0.014410499483346939,0.26452228426933289,-0.02728644572198391,0.047904863953590393,8
0.92800003290176392,0.78703993558883667,0.3131963312625885,0,-0.025225957855582237,0.021795110777020454,0,0.12337797880172729,0.45529407262802124,8
-0.92800003290176392,0.61926126480102539,0.20157183706760406,0,-0.056628290563821793,-0.014778932556509972,0,-1.2172900438308716,-0.34960612654685974,8
-0.70890688896179199,0.75679945945739746,0.44380426406860352,0.00015596160665154457,0.0062685278244316578,-0.025307795032858849,-0.15575259923934937,0.19126403331756592,-0.33433806896209717,8
-0.52271425724029541,0.786781907081604,0.30421262979507446,0.021832257509231567,0.0028374521061778069,-0.024848848581314087,-0.41665744781494141,0.41473719477653503,-0.41646662354469299,8
-0.42528024315834045,0.98316037654876709,0.32134068012237549,-0.009685492143034935,0.0017739676404744387,0.0093856947496533394,-0.03269316628575325,0.3417012095451355,-0.080716632306575775,8
-0.039845023304224014,1.0441703796386719,0.2314838171005249,0.075065754354000092,0,0.02072882279753685,0.24653053283691406,0,-0.018200909718871117,8
0.15436883270740509,1.043910026550293,0.19878114759922028,0.033548541367053986,0,-0.022198377177119255,-0.069979950785636902,0,0.1512422114610672,8
0.34875530004501343,0.99102431535720825,0.42238831520080566,0.023455524817109108,0.020457500591874123,0.012208624742925167,-0.14309388399124146,0.024830156937241554,0.10987626761198044,8
0.5119209885597229,0.78372484445571899,0.32388347387313843,0.0019213780760765076,0.010471273213624954,-0.0042262710630893707,-0.25403451919555664,0.31381094455718994,-0.022784274071455002,8
0.69404840469360352,0.79716020822525024,0.43791323900222778,0.0062994034960865974,0.01709703728556633,0.014018299989402294,-0.12285519391298294,0.024118198081851006,-0.15028491616249084,8
0.92800003290176392,0.78493833541870117,0.14642909169197083,0,0.0065952111035585403,0.076941907405853271,0,0.10391522198915482,0.26986753940582275,8
-0.92800003290176392,0.6102224588394165,0.36697551608085632,0,0.030747581273317337,0.02203083410859108,0,0.56875532865524292,0.90130746364593506,8
-0.92800003290176392,0.60978102684020996,0.53032028675079346,0,-0.0083461375907063484,0.040292438119649887,0,-0.73760050535202026,0.7142145037651062,8
-0.57308512926101685,0.76399987936019897,0.54189485311508179,-0.011917087249457836,0.0065960986539721489,0.047759592533111572,-0.41305381059646606,0.7480577826499939,0.56973695755004883,8
-0.29090318083763123,0.79149532318115234,0.53681135177612305,0.035214405506849289,-0.020285574719309807,0.017073402181267738,0.43757867813110352,0.58485090732574463,0.62687993049621582,8
-0.11622855812311172,1.0121419429779053,0.37228137254714966,-0.00015793880447745323,0.0024309195578098297,0.0094956569373607635,0.3712373673915863,-0.023623261600732803,0.3356182873249054,8
0.19089294970035553,0.9851374626159668,0.3747832179069519,-0.012673472985625267,0.008687988854944706,-0.01681993156671524,-0.13760429620742798,-0.029541736468672752,0.083450503647327423,8
0.3099459707736969,0.77850949764251709,0.48892214894294739,0.0014931970508769155,0.018464423716068268,-0.011106478050351143,-0.025056499987840652,0.12540815770626068,0.2250608503818512,8
0.5386313796043396,0.78005355596542358,0.59438186883926392,-0.0047401520423591137,0.0089748809114098549,-0.0089257769286632538,0.18955771625041962,0.24814896285533905,0.15776199102401733,8
0.92800003290176392,0.56861257553100586,0.53354591131210327,0,0.014958598650991917,-0.00071184779517352581,0,-0.30820807814598083,0.095436640083789825,8
0.92800003290176392,0.60563832521438599,0.35453036427497864,0,-0.023368675261735916,0.02349441684782505,0,-0.13357187807559967,0.10640529543161392,8
-0.92800003290176392,0.82968622446060181,0.71890723705291748,0,-0.00958254374563694,0.044005710631608963,0,-0.11427687853574753,-0.35431700944900513,8
-0.72338956594467163,0.6651579737663269,0.66917800903320312,-0.023776477202773094,0.073298878967761993,-0.0081765074282884598,-0.00077728176256641746,-0.39405715465545654,0.75768816471099854,8
-0.54731428623199463,0.5860019326210022,0.92800003290176392,0.0082778241485357285,0.00056703138398006558,0,-0.066812649369239807,0.19266259670257568,0,8
-0.44871532917022705,0.78014290332794189,0.69962745904922485,-0.030279301106929779,-0.0180796068161726,0.013980265706777573,-0.1314113587141037,0.055386941879987717,0.4640820324420929,8
-0.10874317586421967,0.78365486860275269,0.72039341926574707,-0.029979528859257698,-0.020133974030613899,0.016523819416761398,0.003617685055360198,0.30154141783714294,0.17217825353145599,8
0.1259174644947052,0.7895740270614624,0.69971251487731934,-0.0068789208307862282,0.0035512791946530342,-0.0029136389493942261,-0.022118890658020973,0.011874592863023281,0.040030848234891891,8
0.42647221684455872,0.77226912975311279,0.70501500368118286,-0.022287283092737198,-0.0082030594348907471,0.021019190549850464,-0.25702133774757385,-0.2403300553560257,0.16483005881309509,8
0.51872003078460693,0.62619268894195557,0.92800003290176392,-0.033907167613506317,0.0044073369354009628,0,-0.18180866539478302,-0.30658116936683655,0,8
0.66484606266021729,0.63901036977767944,0.73803257942199707,-0.068023845553398132,0.0033614251296967268,0.027517452836036682,0.024498401209712029,0.1560194194316864,0.00034432855318300426,8
0.92800003290176392,0.60846078395843506,0.70160931348800659,0,0.0052518332377076149,-0.0027945423498749733,0,0.0079333456233143806,-0.24006490409374237,8
-0.92800003290176392,0.54015529155731201,0.92800003290176392,0,0.018009938299655914,0,0,0.200318843126297,0,8
-0.69936883449554443,0.63742709159851074,0.92800003290176392,0.0036344090476632118,-0.031364463269710541,0,0.037038762122392654,0.2966303825378418,0,8
-0.38403478264808655,0.61577564477920532,0.92800003290176392,-0.0086099114269018173,0.012773327529430389,0,0.14694942533969879,-0.29491114616394043,0,8
-0.25679460167884827,0.7721177339553833,0.92800003290176392,-0.043855573982000351,0.018389377743005753,0,0.42653971910476685,0.24960507452487946,0,8
-0.19506609439849854,0.59519648551940918,0.92800003290176392,0.020364154130220413,0.0013365056365728378,0,-0.3801710307598114,0.132624551653862,0,8
0.23336605727672577,0.78068166971206665,0.92800003290176392,-0.0017581500578671694,0.018002599477767944,0,0.60604476928710938,-0.25673365592956543,0,8
0.14528430998325348,0.61991280317306519,0.92800003290176392,-0.0036288772244006395,-0.0036036730743944645,0,0.26426017284393311,-0.32860651612281799,0,8
0.34032890200614929,0.61718922853469849,0.92800003290176392,0.0062819318845868111,-0.00305776740424335,0,0.13876189291477203,0.10749927908182144,0,8
0.71741873025894165,0.80259799957275391,0.92800003290176392,0.018676862120628357,-0.012991808354854584,0,0.21596603095531464,-0.091393806040287018,0,8
0.92800003290176392,0.51307737827301025,0.92800003290176392,0,0.010727440007030964,0,0,0.004719653632491827,0,8
-0.92800003290176392,0.7094762921333313,-0.92800003290176392,0,0.074446618556976318,0,0,0.79043632745742798,0,8
-0.73900830745697021,1.0524969100952148,-0.92800003290176392,0.042620327323675156,0.04255945235490799,0,-0.54710054397583008,0.065404996275901794,0,8
-0.56550902128219604,0.63766747713088989,-0.92800003290176392,0.097213573753833771,0.0079994797706604004,0,1.5836621522903442,0.16057981550693512,0,8
-0.32673048973083496,0.80040544271469116,-0.92800003290176392,-0.033977057784795761,-0.048652559518814087,0,0.087999023497104645,-0.46967467665672302,0,8
-0.14590013027191162,0.80382066965103149,-0.92800003290176392,-0.012500989250838757,-0.0077411755919456482,0,0.084148131310939789,0.1671566516160965,0,8
0.029392244294285774,0.79573118686676025,-0.92800003290176392,-0.052970491349697113,-0.00060393637977540493,0,-0.01811552606523037,0.073979079723358154,0,8
0.3890247642993927,0.80362856388092041,-0.92800003290176392,-0.037431221455335617,0.051397643983364105,0,0.47368735074996948,-0.31181102991104126,0,8
0.54393720626831055,0.79197996854782104,-0.92800003290176392,-0.01688564196228981,-0.062583975493907928,0,0.89149504899978638,-0.074564620852470398,0,8
0.92800003290176392,1.0728151798248291,-0.92800003290176392,0,-0.024840198457241058,0,0,0.12855805456638336,0,8
0.92800003290176392,0.87844967842102051,-0.92800003290176392,0,0.026524363085627556,0,0,0.25189819931983948,0,8
-0.92800003290176392,1.078218936920166,-0.92800003290176392,0,0.022338122129440308,0,0,-0.25179845094680786,0,8
-0.92800003290176392,0.70951670408248901,-0.92800003290176392,0,0.073716044425964355,0,0,0.79015785455703735,0,8
-0.55443364381790161,1.0364515781402588,-0.78129869699478149,-0.001096172840334475,0.010367735289037228,0.015596544370055199,1.056847095489502,-0.25636544823646545,-0.47185692191123962,8
-0.52982676029205322,0.81340581178665161,-0.92800003290176392,-0.013891155831515789,-0.050642095506191254,0,-0.074078671634197235,0.088555805385112762,0,8
-0.070215687155723572,0.99307942390441895,-0.92800003290176392,-0.028807491064071655,-0.0070395320653915405,0,0.35732397437095642,-0.067191429436206818,0,8
0.032177194952964783,0.99939471483230591,-0.92800003290176392,0.01060822606086731,-0.00067162502091377974,0,0.31935259699821472,0.054422404617071152,0,8
0.62079554796218872,0.99683141708374023,-0.92800003290176392,-0.015299216844141483,0.029285455122590065,0,0.51654338836669922,-0.54995131492614746,0,8
0.56283003091812134,1.0236366987228394,-0.73942416906356812,0.0014686895301565528,-0.018956184387207031,-0.010911202058196068,-0.11750806123018265,0.1069718524813652,0.11147028207778931,8
0.92800003290176392,0.73865711688995361,-0.92800003290176392,0,0.071235440671443939,0,0,1.3073235750198364,0,8
0.92800003290176392,1.0721040964126587,-0.86241751909255981,0,-0.027884650975465775,0.037432387471199036,0,0.13432011008262634,0.0068558375351130962,8
-0.92800003290176392,0.79845201969146729,-0.52100598812103271,0,-0.014717143960297108,-0.021121403202414513,0,0.32686197757720947,0.14734798669815063,8
-0.72212058305740356,1.0189251899719238,-0.53844225406646729,0.018123406916856766,-0.01811843179166317,-0.021626219153404236,-0.078438125550746918,-0.3393520712852478,0.5646512508392334,8
-0.68437302112579346,0.83990418910980225,-0.67526453733444214,0.031330995261669159,-0.049532394856214523,0.015533724799752235,0.56263208389282227,0.13038362562656403,0.045070439577102661,8
-0.38131740689277649,1.0300769805908203,-0.74677354097366333,-0.013001780956983566,-0.0026857925113290548,0.015977088361978531,0.48183882236480713,0.27428865432739258,-0.018215997144579887,8
-0.072376623749732971,0.95534545183181763,-0.51925933361053467,0.0026064480189234018,0.039668552577495575,0.018519049510359764,0.15718154609203339,-0.19732026755809784,-0.68703645467758179,8
0.18290156126022339,1.0026448965072632,-0.49896499514579773,0.034125767648220062,0.0098361074924468994,-0.019518349319696426,-0.35365572571754456,-0.40121161937713623,-0.21352188289165497,8
0.37921547889709473,1.0225387811660767,-0.75421422719955444,-0.015400974079966545,-0.0094746584072709084,-0.022181998938322067,-0.27062800526618958,0.052513208240270615,-0.0040803104639053345,8
0.68494319915771484,0.7960895299911499,-0.70098787546157837,-0.025261286646127701,0.024058498442173004,0.01410306803882122,-0.58705371618270874,1.4644739627838135,0.2132488340139389,8
0.78852719068527222,1.0309256315231323,-0.56814402341842651,0.0060808830894529819,-0.020169571042060852,0.018229886889457703,-0.095751933753490448,0.056520957499742508,0.10661634802818298,8
0.92800003290176392,0.79131847620010376,-0.57043755054473877,0,-0.071379654109477997,-0.040015827864408493,0,0.033328235149383545,-1.6614341735839844,8
-0.92800003290176392,0.80387061834335327,-0.33669933676719666,0,-0.011051972396671772,-0.067613795399665833,0,-0.092023544013500214,0.55689382553100586,8
-0.92800003290176392,0.97238701581954956,-0.64434731006622314,0,0.10668466985225677,0.029096478596329689,0,1.6339826583862305,1.4848453998565674,8
-0.7471124529838562,1.0278513431549072,-0.37164995074272156,-0.0073984209448099136,-0.013695253059267998,-0.019869299605488777,0.10803501307964325,-0.27238866686820984,0.31720438599586487,8
-0.56357288360595703,0.9908871054649353,-0.60074609518051147,7.8362529166042805e-05,0.0027900976128876209,-0.02575615793466568,0.33538654446601868,-1.2394286394119263,0.19200144708156586,8
-0.26826241612434387,0.99643832445144653,-0.6679651141166687,0.010294108651578426,-0.008427291177213192,-0.0073609347455203533,0.91161471605300903,-0.17077848315238953,0.055139131844043732,8
0.24768732488155365,0.99688625335693359,-0.6723218560218811,-0.057978123426437378,-6.5184431150555611e-05,-0.006284685805439949,-0.67385357618331909,-0.33917680382728577,-0.028825055807828903,8
0.61797827482223511,0.99309927225112915,-0.5775112509727478,0.012438846752047539,-0.055670984089374542,-0.01137030404061079,-0.21160471439361572,-0.36434745788574219,0.46504023671150208,8
0.75147390365600586,1.0230526924133301,-0.36829987168312073,-0.0055205179378390312,-0.020081484690308571,0.020511344075202942,-0.074285328388214111,-0.24374480545520782,-0.071862518787384033,8
0.92800003290176392,0.99489098787307739,-0.6064685583114624,0,0.0003531996626406908,0.052890203893184662,0,-0.39537617564201355,-0.28030827641487122,8
0.92800003290176392,0.76659685373306274,-0.45843017101287842,0,0.0037415707483887672,0.050672769546508789,0,-0.56139302253723145,0.25923559069633484,8
-0.92800003290176392,0.79531735181808472,-0.13984072208404541,0,0.0060304473154246807,-0.024004882201552391,0,-0.15441061556339264,-0.13134285807609558,8
-0.92800003290176392,0.98848891258239746,-0.057544145733118057,0,0.018113978207111359,-0.014816157519817352,0,0.22451706230640411,0.58618313074111938,8
-0.48982903361320496,0.99717026948928833,-0.067590206861495972,0.00068383617326617241,0.028619451448321342,0.034474492073059082,0.067092344164848328,-0.013923178426921368,0.022129787132143974,8
-0.65567833185195923,0.99944388866424561,-0.26049381494522095,0.0014718184247612953,-0.00033377419458702207,0.023745885118842125,0.28933754563331604,0.11154811829328537,-0.12595188617706299,8
-0.26391062140464783,0.99228423833847046,-0.39028677344322205,0.0080851148813962936,-0.0046518025919795036,-0.043728873133659363,-0.19550995528697968,-0.021103046834468842,-0.25296738743782043,8
0.38133415579795837,0.99775195121765137,-0.28355160355567932,0.033728208392858505,-0.033949721604585648,-0.021878626197576523,-0.11776193231344223,0.015362574718892574,-0.20799921452999115,8
0.64151465892791748,0.98597663640975952,-0.22864794731140137,-0.011053463444113731,-0.0042462269775569439,0.028776828199625015,-0.012618591077625751,-0.29613110423088074,-0.067229568958282471,8
0.51735347509384155,0.98158776760101318,-0.11713418364524841,0.0063126119785010815,-0.0039428910240530968,-0.015557965263724327,-0.050016336143016815,-0.095058798789978027,-0.32726010680198669,8
0.92800003290176392,0.99544769525527954,-0.052316226065158844,0,-0.013091693632304668,0.001008790684863925,0,-0.069973133504390717,0.12604397535324097,8
0.92800003290176392,0.77944076061248779,-0.14087110757827759,0,-0.033700790256261826,-0.024734716862440109,0,-0.20483073592185974,-0.20592430233955383,8
-0.92800003290176392,0.79104125499725342,0.036212902516126633,0,0.031201055273413658,-0.043980460613965988,0,-0.0039288215339183807,-0.10532274097204208,8
-0.92800003290176392,0.99417853355407715,0.046948961913585663,0,0.012210335582494736,0.017418559640645981,0,-0.058565277606248856,0.2588367760181427,8
-0.5116037130355835,0.98549789190292358,0.099184960126876831,0.041822470724582672,0.0137647595256567,-0.012602450326085091,0.054748240858316422,0.036262821406126022,0.06929461658000946,8
-0.66461795568466187,0.9972919225692749,0.24819138646125793,0.0026084200944751501,-0.0041994331404566765,0.0038548903539776802,0.018407830968499184,-0.21192848682403564,-0.03891938179731369,8
-0.28196606040000916,1.0062364339828491,0.3900391161441803,-0.0054037179797887802,0.00019481033086776733,0.046061303466558456,0.12368606775999069,0.34856492280960083,0.16463486850261688,8
0.37352806329727173,1.0230327844619751,0.26730570197105408,0.033581681549549103,0.029446350410580635,-0.0007349835941568017,-0.033606626093387604,-0.19863875210285187,-0.033263243734836578,8
0.64976882934570312,1.0083013772964478,0.26317301392555237,0.0068298405967652798,0.004018519539386034,0.013010921888053417,0.001783571089617908,0.016991555690765381,0.029790259897708893,8
0.4998820424079895,0.99785798788070679,0.091971084475517273,-0.035407878458499908,0.023693487048149109,0.0095435548573732376,-0.027910506352782249,0.070083886384963989,0.19131661951541901,8
0.92800003290176392,0.99114614725112915,0.051215425133705139,0,-0.0075283143669366837,-0.010613275691866875,0,0.1191236600279808,-0.16154351830482483,8
0.92800003290176392,0.79188352823257446,0.013553380034863949,0,-0.024020366370677948,0.040413133800029755,0,-0.54528850317001343,-0.3145357072353363,8
-0.92800003290176392,0.78832203149795532,0.39695626497268677,0,0.029518779367208481,-0.039116173982620239,0,1.0600757598876953,-0.17839561402797699,8
-0.92800003290176392,0.94576859474182129,0.59411823749542236,0,0.14582455158233643,-0.060910433530807495,0,1.5261777639389038,-0.066033639013767242,8
-0.75734126567840576,1.0235214233398438,0.36671087145805359,0.026057105511426926,-0.023291170597076416,-0.065726153552532196,0.34037119150161743,-0.39461794495582581,-0.47366231679916382,8
-0.56418877840042114,0.99671244621276855,0.60595375299453735,0.0048788823187351227,-0.06131131574511528,0.02430388517677784,0.32738173007965088,-0.1480792760848999,0.086128577589988708,8
-0.25538286566734314,1.0000557899475098,0.65434718132019043,0.0096460096538066864,-0.00079623202327638865,-0.00072280806489288807,0.40250617265701294,0.18447305262088776,0.071460552513599396,8
0.24226564168930054,0.98999685049057007,0.66703838109970093,-0.014617308042943478,0.0025532110594213009,-0.009365549311041832,-0.15605872869491577,-0.064821794629096985,-0.19976107776165009,8
0.58974212408065796,1.0047781467437744,0.56391996145248413,-0.001103302463889122,0.0035805501975119114,0.031064631417393684,-0.12773558497428894,-0.00067122973268851638,-0.015993509441614151,8
0.74608975648880005,1.0320192575454712,0.38085794448852539,0.0040156613104045391,-0.00099786452483385801,0.016575401648879051,-0.12919938564300537,-0.0063370047137141228,0.032930679619312286,8
0.92800003290176392,0.93546074628829956,0.63314485549926758,0,0.01917492039501667,0.087602995336055756,0,-0.14329807460308075,0.25170475244522095,8
0.92800003290176392,0.76475268602371216,0.47784098982810974,0,-0.0057260049507021904,0.022376175969839096,0,0.093205362558364868,0.11053192615509033,8
-0.92800003290176392,0.8114514946937561,0.5402907133102417,0,-0.036366153508424759,-0.083052828907966614,0,-1.8919112682342529,0.13800054788589478,8
-0.72242265939712524,1.017634391784668,0.54284495115280151,-0.019905468448996544,-0.012399511411786079,-0.013528673909604549,-0.14760908484458923,0.12789782881736755,-0.18176230788230896,8
-0.69236159324645996,0.80682432651519775,0.68983358144760132,-0.018148154020309448,0.027588518336415291,-0.010589562356472015,0.29957491159439087,1.4975749254226685,0.31187406182289124,8
-0.3785872757434845,1.0247039794921875,0.74175041913986206,0.023610878735780716,-0.018953340128064156,0.0096464846283197403,0.42438524961471558,-0.061387211084365845,-0.070416279137134552,8
-0.076542697846889496,0.99917793273925781,0.49811062216758728,0.029126517474651337,0.0011645255144685507,0.0076475050300359726,0.27873077988624573,-0.29742899537086487,0.99314731359481812,8
0.10641595721244812,0.97855961322784424,0.50779837369918823,-0.02754681184887886,-0.0012623348738998175,-0.0042933286167681217,-0.34896224737167358,-0.054250776767730713,0.39711159467697144,8
0.37201651930809021,1.0241999626159668,0.76078474521636963,-0.015001370571553707,0.010074850171804428,-0.0074845538474619389,0.01425954420119524,-0.016597229987382889,-0.26869016885757446,8
0.69229954481124878,0.81073647737503052,0.68801325559616089,0.025310596451163292,-0.015139434486627579,0.011234866455197334,-0.052060779184103012,-0.021564232185482979,0.25741040706634521,8
0.75445556640625,1.0269666910171509,0.54423427581787109,-0.02328718826174736,0.0033248891122639179,-0.012348543852567673,-0.12094398587942123,-0.0076901861466467381,-0.0067334338091313839,8
0.92800003290176392,0.78700679540634155,0.5845876932144165,0,0.066698580980300903,0.028326969593763351,0,-0.083614282310009003,-0.15149305760860443,8
-0.92800003290176392,1.0737111568450928,0.92800003290176392,0,0.0029048852156847715,0,0,-0.31861937046051025,0,8
-0.92800003290176392,0.70845133066177368,0.92800003290176392,0,0.012951049022376537,0,0,0.0020250678062438965,0,8
-0.56980627775192261,1.0392856597900391,0.77939766645431519,0.020265029743313789,-0.0051431115716695786,0.038676250725984573,0.37990802526473999,-0.23914937674999237,0.31074848771095276,8
-0.56182044744491577,0.99451839923858643,0.92800003290176392,-0.03183562308549881,0.023554684594273567,0,0.10323609411716461,0.016625337302684784,0,8
-0.047528430819511414,0.98948758840560913,0.92800003290176392,-0.018118858337402344,0.012334289029240608,0,-0.082350462675094604,0.028029948472976685,0,8
0.054049283266067505,0.99310362339019775,0.92800003290176392,-0.011322969570755959,0.0025896015577018261,0,0.0053862663917243481,0.0124914376065135,0,8
0.6317557692527771,0.99970787763595581,0.92800003290176392,0.093247547745704651,-0.014363761059939861,0,-0.49474459886550903,0.14275243878364563,0,8
0.56894153356552124,1.0319238901138306,0.73869782686233521,0.0045438134111464024,-0.00049259001389145851,-0.0040701506659388542,-0.062523253262042999,0.10546264797449112,-0.082249373197555542,8
0.92800003290176392,0.62671267986297607,0.92800003290176392,0,0.0068475855514407158,0,0,0.061711326241493225,0,8
0.92800003290176392,1.0565770864486694,0.7923513650894165,0,0.015418549999594688,0.017445996403694153,0,0.27513477206230164,0.22862081229686737,8
-0.92800003290176392,0.70844990015029907,0.92800003290176392,0,0.012970989570021629,0,0,0.0020632054656744003,0,8
-0.73716914653778076,1.0453958511352539,0.92800003290176392,0.049095101654529572,-0.015402152203023434,0,0.017391666769981384,-0.24326024949550629,0,8
-0.5503469705581665,0.81770825386047363,0.92800003290176392,0.033672116696834564,-0.048636026680469513,0,-0.23429732024669647,-0.79812735319137573,0,8
-0.4272553026676178,0.78494232892990112,0.92800003290176392,0.0056152716279029846,0.063690274953842163,0,-0.45120927691459656,0.72131848335266113,0,8
-0.082042649388313293,0.78672623634338379,0.92800003290176392,0.0079886820167303085,-0.037305880337953568,0,0.0061260811053216457,-0.065148510038852692,0,8
0.06507902592420578,0.78530097007751465,0.92800003290176392,-0.036874670535326004,0.025349363684654236,0,-0.38757124543190002,0.25183308124542236,0,8
0.40848299860954285,0.80177313089370728,0.92800003290176392,-0.025611422955989838,-0.0037144357338547707,0,0.13765084743499756,-0.037978023290634155,0,8
0.56032544374465942,0.79670560359954834,0.92800003290176392,-0.014748901128768921,0.0097128581255674362,0,-0.25165793299674988,-0.087879948318004608,0,8
0.92800003290176392,1.0714856386184692,0.92800003290176392,0,0.0308675616979599,0,0,0.28215894103050232,0,8
0.92800003290176392,0.75053310394287109,0.92800003290176392,0,-0.0086937481537461281,0,0,0.084923036396503448,0,8
-0.92800003290176392,0.70949697494506836,-0.92800003290176392,0,0.074606843292713165,0,0,0.78227078914642334,0,8
-0.92800003290176392,1.0782192945480347,-0.92800003290176392,0,0.022358421236276627,0,0,-0.25215518474578857,0,8
-0.68022614717483521,0.91520535945892334,-0.92800003290176392,0.018899731338024139,-0.029825711622834206,0,-0.11861789226531982,-0.91066825389862061,0,8
-0.38426434993743896,0.99774843454360962,-0.92800003290176392,0.026684928685426712,0.0049156928434967995,0,0.18388804793357849,0.028743807226419449,0,8
-0.28054061532020569,0.99835610389709473,-0.92800003290176392,0.021778380498290062,-0.019230535253882408,0,0.029246637597680092,0.32420748472213745,0,8
0.23184973001480103,0.9935460090637207,-0.92800003290176392,-0.059727955609560013,0.011742454953491688,0,-0.056283917278051376,0.0067499182187020779,0,8
0.31990844011306763,0.99471628665924072,-0.92800003290176392,-0.058680064976215363,0.0022250297479331493,0,-0.68118637800216675,0.068490736186504364,0,8
0.71148574352264404,1.0321522951126099,-0.92800003290176392,-0.085414603352546692,-0.047244418412446976,0,0.12113436311483383,-0.10466034710407257,0,8
0.92800003290176392,1.0728151798248291,-0.92800003290176392,0,-0.024827487766742706,0,0,0.1283286064863205,0,8
0.92800003290176392,0.63571876287460327,-0.92800003290176392,0,-0.13915732502937317,0,0,-2.0995385646820068,0,8
-0.92800003290176392,1.0782113075256348,-0.92800003290176392,0,0.022340098395943642,0,0,-0.25145506858825684,0,8
-0.92800003290176392,0.87912046909332275,-0.92800003290176392,0,0.048334062099456787,0,0,0.21029366552829742,0,8
-0.60283279418945312,1.027753472328186,-0.92800003290176392,0.10356698930263519,0.01451167743653059,0,0.46925491094589233,-0.084561973810195923,0,8
-0.4407382607460022,0.99649345874786377,-0.92800003290176392,-0.089816637337207794,-0.028877938166260719,0,-0.25208717584609985,0.52266949415206909,0,8
-0.18287929892539978,0.9980090856552124,-0.92800003290176392,-0.039220511913299561,-0.023478088900446892,0,0.54228395223617554,0.10220685601234436,0,8
0.13530275225639343,0.99834859371185303,-0.92800003290176392,-0.014069376513361931,0.0069643766619265079,0,0.30386829376220703,0.038287092000246048,0,8
0.43237400054931641,1.0023455619812012,-0.92800003290176392,-0.0277585219591856,-0.0093297259882092476,0,-0.32920107245445251,0.049539364874362946,0,8
0.53709530830383301,0.99576777219772339,-0.92800003290176392,0.032552998512983322,-0.032127853482961655,0,-0.069915801286697388,0.031980089843273163,0,8
0.92800003290176392,0.73865878582000732,-0.92800003290176392,0,0.071233205497264862,0,0,1.3068537712097168,0,8
0.92800003290176392,1.0728156566619873,-0.92800003290176392,0,-0.024838689714670181,0,0,0.12853044271469116,0,8
-0.92800003290176392,1.0384882688522339,-0.75104284286499023,0,0.020151916891336441,0.036492198705673218,0,0.36130642890930176,0.85976684093475342,8
-0.92800003290176392,1.0241239070892334,-0.54873752593994141,0,-0.093523964285850525,-0.075107954442501068,0,-0.28861147165298462,-2.7081298828125,8
-0.7310672402381897,1.0322667360305786,-0.72285032272338867,-0.0049653351306915283,0.003938009962439537,0.024539696052670479,0.25855037569999695,1.9634175300598145,1.1106579303741455,8
-0.36563065648078918,0.98673063516616821,-0.55228370428085327,0.0030565066263079643,-0.005426142830401659,0.012519212439656258,0.39365324378013611,-0.21119324862957001,0.28175842761993408,8
-0.080705411732196808,1.0373426675796509,-0.77676403522491455,-0.019509423524141312,-0.0098714586347341537,-0.0082992240786552429,0.21710395812988281,-0.39255574345588684,0.5230027437210083,8
0.10302029550075531,1.0346109867095947,-0.75123429298400879,-0.003296444658190012,-0.015275631099939346,-0.013480431400239468,-0.30309498310089111,-0.81942856311798096,0.041043829172849655,8
0.40848502516746521,0.985207200050354,-0.59582805633544922,0.0099169258028268814,-0.038929928094148636,-0.0045495470985770226,-0.058921646326780319,-0.32898437976837158,0.081237122416496277,8
0.74466550350189209,1.0445305109024048,-0.73574483394622803,0.007297419011592865,-0.018059989437460899,-0.019961193203926086,0.17107371985912323,0.38726860284805298,-0.099533028900623322,8
0.92800003290176392,0.99154216051101685,-0.59917300939559937,0,-0.020054038614034653,0.033775798976421356,0,-0.017571989446878433,-0.095489203929901123,8
0.92800003290176392,0.81686365604400635,-0.72197651863098145,0,-0.044916197657585144,0.037332162261009216,0,-0.4290270209312439,0.41488698124885559,8
-0.92800003290176392,0.99693959951400757,-0.36159199476242065,0,0.0035843816585838795,0.097481600940227509,0,-0.38546684384346008,1.1949191093444824,8
-0.92800003290176392,0.99684429168701172,-0.46118628978729248,0,0.012193350121378899,-0.033136386424303055,0,0.77163845300674438,-0.21229812502861023,8
-0.56361061334609985,1.0008323192596436,-0.37496742606163025,0.008276364766061306,-0.032734893262386322,-0.04365193098783493,0.58304524421691895,-0.41907724738121033,-0.16224916279315948,8
-0.47075578570365906,1.0023820400238037,-0.474943608045578,0.00061552016995847225,-0.01121659018099308,-0.0094764083623886108,0.34779015183448792,-0.6687435507774353,0.78465229272842407,8
-0.12678849697113037,0.97493207454681396,-0.64932107925415039,0.017851261422038078,-0.011617640964686871,0.043754149228334427,0.28927609324455261,-0.17392759025096893,-0.2974419891834259,8
0.076885052025318146,0.98025971651077271,-0.59142410755157471,-0.055205900222063065,4.7551351599395275e-05,0.010898650623857975,-0.046487484127283096,-0.44239687919616699,-0.36709463596343994,8
0.48750028014183044,0.99126631021499634,-0.47539106011390686,-0.031171198934316635,-0.049014568328857422,-0.0014009826118126512,-0.16249430179595947,-0.26145288348197937,0.12882678210735321,8
0.60870081186294556,0.97601151466369629,-0.38626813888549805,0.010079308412969112,-0.02303142286837101,-0.0081925317645072937,-0.04936625063419342,-0.13915517926216125,-0.036500852555036545,8
0.92800003290176392,1.0001226663589478,-0.46295827627182007,0,-0.016098817810416222,-0.00010428251698613167,0,-0.11196663230657578,-0.19152456521987915,8
0.92800003290176392,0.99556946754455566,-0.33922749757766724,0,-0.016697479411959648,-0.042121678590774536,0,-0.41803586483001709,-0.40034013986587524,8
-0.92800003290176392,0.98918056488037109,-0.25686255097389221,0,0.022427130490541458,-0.0074442904442548752,0,-0.58771520853042603,-0.73590505123138428,8
-0.92800003290176392,0.9868619441986084,-0.16217544674873352,0,0.03457285463809967,-0.072106577455997467,0,0.45668303966522217,-0.80996447801589966,8
-0.76908445358276367,1.0351160764694214,-0.12266186624765396,-0.0019214870408177376,0.022495444864034653,-0.033259212970733643,0.4804384708404541,0.52286279201507568,0.038568038493394852,8
-0.61206388473510742,0.9965444803237915,-0.10632216185331345,0.020747892558574677,0.021619392558932304,0.02352515421807766,0.23315905034542084,0.13610628247261047,0.18628504872322083,8
-0.23680388927459717,1.0440000295639038,-0.19340279698371887,0.025048453360795975,0,-0.0048704966902732849,0.016429312527179718,0,-0.11088051646947861,8
0.2033703625202179,1.04410719871521,-0.26960006356239319,0.011894635856151581,0,0.01036798395216465,0.31228068470954895,0,-0.049584515392780304,8
0.64002090692520142,0.99965077638626099,-0.051947750151157379,-0.021697871387004852,0.01133214496076107,-0.014303614385426044,0.1031937375664711,0.035589560866355896,-0.15321344137191772,8
0.77399545907974243,1.0398074388504028,-0.13117483258247375,-0.028661336749792099,-0.0074161598458886147,0.017238525673747063,-0.11357249319553375,-0.079249873757362366,0.044028904289007187,8
0.92800003290176392,0.99789321422576904,-0.16060788929462433,0,-0.020953616127371788,0.066669128835201263,0,-0.21037198603153229,0.61059111356735229,8
0.92800003290176392,0.99155610799789429,-0.24811981618404388,0,-0.017395256087183952,0.041486974805593491,0,0.13149529695510864,-0.25179916620254517,8
-0.92800003290176392,0.99405413866043091,0.24125362932682037,0,-0.0016656306106597185,-0.067312411963939667,0,-0.25440844893455505,-0.17402975261211395,8
-0.92800003290176392,0.9962572455406189,0.14965638518333435,0,0.003208105219528079,-0.010606525465846062,0,-0.038715332746505737,-0.26073920726776123,8
-0.75795984268188477,1.0386003255844116,0.087897755205631256,0.0014488664455711842,0.018471235409379005,0.011177282780408859,0.28498753905296326,0.34536910057067871,0.18556305766105652,8
-0.61381649971008301,0.99396437406539917,0.092520520091056824,0.009286477230489254,0.019671864807605743,-0.021344289183616638,-0.10996958613395691,0.27945131063461304,0.2974185049533844,8
-0.21356964111328125,1.0440528392791748,0.21617826819419861,0.016681455075740814,0,-0.0029979175888001919,0.061435800045728683,0,-0.18092022836208344,8
0.19009438157081604,1.0439693927764893,0.2039550244808197,-0.0020995645318180323,0,-0.024253753945231438,0.0016069923294708133,0,0.22300203144550323,8
0.62953025102615356,0.99809926748275757,0.10832842439413071,-0.010457170195877552,0.018710052594542503,0.012095516547560692,-0.078908436000347137,0.1344325840473175,0.16722853481769562,8
0.78638601303100586,1.0402833223342896,0.12960721552371979,0.00139830750413239,-0.0065851351246237755,0.00084330281242728233,-0.11090786010026932,0.15712393820285797,-0.031196000054478645,8
0.92800003290176392,0.99349993467330933,0.17104673385620117,0,-0.016200341284275055,-0.011658946052193642,0,-0.0329868383705616,-0.20102602243423462,8
0.92800003290176392,0.99450600147247314,0.27440512180328369,0,-0.013198971748352051,0.016483057290315628,0,-0.23254239559173584,-0.21110700070858002,8
-0.92800003290176392,0.9960256814956665,0.32845276594161987,0,-0.00055524468189105392,-0.058402508497238159,0,-0.34937137365341187,0.35515418648719788,8
-0.92800003290176392,0.99665075540542603,0.43290764093399048,0,0.0089328140020370483,0.079414613544940948,0,-0.18667498230934143,0.501323401927948,8
-0.6016266942024231,0.98097163438796997,0.41230708360671997,0.013900794088840485,-0.036549758166074753,-0.020789926871657372,0.13930417597293854,0.054739411920309067,-0.47857075929641724,8
-0.45301443338394165,0.99378937482833862,0.47982814908027649,0.040662132203578949,-0.025834117084741592,-0.02296878769993782,0.23451592028141022,0.14116393029689789,0.18274335563182831,8
-0.088701121509075165,1.0043890476226807,0.61190116405487061,0.00076253095176070929,0.008264150470495224,0.026968488469719887,0.27170801162719727,-0.54387831687927246,-0.077663414180278778,8
0.087398380041122437,0.9891238808631897,0.61237788200378418,-0.020647447556257248,-0.0022383807227015495,0.027011176571249962,-0.49772319197654724,-0.27908685803413391,-0.007009673397988081,8
0.46613973379135132,1.0051913261413574,0.45508038997650146,-0.02046925388276577,0.017557878047227859,0.036221340298652649,0.059095878154039383,-0.090884916484355927,0.28705489635467529,8
0.55057036876678467,1.0066577196121216,0.3740977942943573,-0.0086432816460728645,0.031189577654004097,0.0053042452782392502,0.09522179514169693,0.076145172119140625,-0.099721729755401611,8
0.92800003290176392,0.99081557989120483,0.44669529795646667,0,-0.0086142309010028839,0.029609091579914093,0,-0.14798994362354279,0.48685154318809509,8
0.92800003290176392,0.99512100219726562,0.35463693737983704,0,-0.010884486138820648,0.013001549988985062,0,-0.18832728266716003,-0.0031082609202712774,8
-0.92800003290176392,1.0465942621231079,0.74137043952941895,0,0.0041964235715568066,-0.01671273447573185,0,-0.4339638352394104,-0.62668639421463013,8
-0.92800003290176392,1.0541505813598633,0.56563442945480347,0,-0.099443726241588593,0.022038545459508896,0,-1.3624392747879028,0.82799756526947021,8
-0.73446452617645264,1.0398231744766235,0.72165220975875854,-0.034050405025482178,-0.0039960308931767941,-0.020433163270354271,-0.15976549685001373,0.10527432709932327,-0.26374214887619019,8
-0.38908079266548157,0.9891810417175293,0.57553553581237793,0.032575055956840515,-0.018473764881491661,-0.01397227868437767,0.23274001479148865,0.20168779790401459,0.010658706538379192,8
-0.13444729149341583,1.0336415767669678,0.76021039485931396,-0.011382840573787689,0.0043419273570179939,0.00061322050169110298,0.049606893211603165,-0.46249157190322876,-0.68806934356689453,8
0.091212384402751923,1.0374648571014404,0.75980216264724731,-0.0068350965157151222,0.00030847662128508091,-0.0074047022499144077,-0.26357337832450867,-0.23926468193531036,-0.53858965635299683,8
0.40710127353668213,0.98253107070922852,0.60887408256530762,0.00091594166588038206,0.012481058947741985,0.026199856773018837,0.014370011165738106,-0.06689898669719696,-0.13224156200885773,8
0.73010283708572388,1.0399196147918701,0.73534834384918213,0.00473066046833992,0.025722712278366089,0.042135342955589294,-0.10184699296951294,0.059485357254743576,-0.070454366505146027,8
0.92800003290176392,1.0608847141265869,0.58887046575546265,0,0.025243876501917839,-0.059770133346319199,0,0.067571662366390228,-0.14853803813457489,8
0.92800003290176392,0.80169022083282471,0.72170108556747437,0,-0.020638735964894295,0.0040619578212499619,0,0.015075354836881161,0.09811083972454071,8
-0.92800003290176392,1.0737227201461792,0.92800003290176392,0,0.0027440257836133242,0,0,-0.31773322820663452,0,8
-0.92800003290176392,1.0737228393554688,0.92800003290176392,0,0.0027456989046186209,0,0,-0.31776252388954163,0,8
-0.69077455997467041,1.026222825050354,0.92800003290176392,0.040997236967086792,0.0068150945007801056,0,-0.22668856382369995,0.12530145049095154,0,8
-0.43966236710548401,0.98924261331558228,0.92800003290176392,-0.083966456353664398,0.033551294356584549,0,0.40979009866714478,0.11481301486492157,0,8
-0.15560679137706757,0.9894978404045105,0.92800003290176392,0.0055204993113875389,-0.00064334453782066703,0,-0.15905947983264923,0.12962836027145386,0,8
0.15549048781394958,0.99765759706497192,0.92800003290176392,0.0053638601675629616,-0.0023637199774384499,0,0.056602291762828827,0.059325013309717178,0,8
0.44608581066131592,1.0085831880569458,0.92800003290176392,-0.0032770589459687471,-0.0032943477854132652,0,0.30618509650230408,-0.082856997847557068,0,8
0.56372326612472534,1.0047307014465332,0.92800003290176392,-0.03752189502120018,-0.0034708278253674507,0,0.76369649171829224,-0.19821344316005707,0,8
0.92800003290176392,1.0714921951293945,0.92800003290176392,0,0.030761471018195152,0,0,0.28285780549049377,0,8
0.92800003290176392,1.0714923143386841,0.92800003290176392,0,0.030761530622839928,0,0,0.28285691142082214,0,8
-0.92800003290176392,0.70845043659210205,0.92800003290176392,0,0.012967445887625217,0,0,0.0021295063197612762,0,8
-0.92800003290176392,0.87824481725692749,0.92800003290176392,0,0.020197177305817604,0,0,-0.16080395877361298,0,8
-0.71276122331619263,0.8148009181022644,0.92800003290176392,-0.043507494032382965,-0.052810791879892349,0,1.0943155288696289,-0.2565949559211731,0,8
-0.33714994788169861,0.98678761720657349,0.92800003290176392,-0.0035689170472323895,-0.0017266692593693733,0,-0.32894107699394226,0.15112771093845367,0,8
-0.2494281530380249,0.98658227920532227,0.92800003290176392,0.033539567142724991,-0.012251801788806915,0,-0.37847912311553955,0.20761208236217499,0,8
0.2452264130115509,0.99594718217849731,0.92800003290176392,0.014313369989395142,0.0079633165150880814,0,0.068134672939777374,-0.11872188746929169,0,8
0.32849141955375671,0.99556821584701538,0.92800003290176392,0.026006538420915604,0.0031773429363965988,0,0.20596100389957428,-0.16405099630355835,0,8
0.69567275047302246,1.0232325792312622,0.92800003290176392,-0.024258051067590714,-0.031494021415710449,0,-0.097321823239326477,0.058479752391576767,0,8
0.92800003290176392,0.8855176568031311,0.92800003290176392,0,0.0044596772640943527,0,0,0.22330087423324585,0,8
0.92800003290176392,0.75053268671035767,0.92800003290176392,0,-0.008689449168741703,0,0,0.085253871977329254,0,8
