x,y,z,vx,vy,vz,ax,ay,az,mass
-0.92800003290176392,0.071999989449977875,-0.92800003290176392,0,0,0,0,0,0,8
-0.5309327244758606,0.071999989449977875,-0.92800003290176392,-0.0044937999919056892,0,0,-0.026904776692390442,0,0,8
-0.5309327244758606,0.071999989449977875,-0.92800003290176392,-0.0044937999919056892,0,0,-0.026904776692390442,0,0,8
-0.17711731791496277,0.071999989449977875,-0.92800003290176392,-0.0051434934139251709,0,0,0.00076486257603392005,0,0,8
-0.17711730301380157,0.071999989449977875,-0.92800003290176392,-0.0051435572095215321,0,0,0.00076603604247793555,0,0,8
0.18048794567584991,0.071999989449977875,-0.92800003290176392,-0.003808438777923584,0,0,0.045682612806558609,0,0,8
0.18048796057701111,0.071999989449977875,-0.92800003290176392,-0.0038084010593593121,0,0,0.045681916177272797,0,0,8
0.53286111354827881,0.071999989449977875,-0.92800003290176392,0.0049324166029691696,0,0,0.053647089749574661,0,0,8
0.53286099433898926,0.071999989449977875,-0.92800003290176392,0.0049350881017744541,0,0,0.053597468882799149,0,0,8
0.92800003290176392,0.071999989449977875,-0.92800003290176392,0,0,0,0,0,0,8
-0.92800003290176392,0.071999989449977875,-0.53608548641204834,0,0,-0.00055218290071934462,0,0,-0.011893406510353088,8
-0.70986658334732056,0.071999989449977875,-0.742747962474823,-0.013247611001133919,0,-0.01695413701236248,0.019607113674283028,0,0.00017233191465493292,8
-0.4282945990562439,0.071999989449977875,-0.54628837108612061,0.024322941899299622,0,0.018062770366668701,-0.26478844881057739,0,0.091660939157009125,8
-0.30755648016929626,0.071999989449977875,-0.72362810373306274,0.026902914047241211,0,-0.016014046967029572,0.037700846791267395,0,-0.106223464012146,8
-0.098511837422847748,0.071999989449977875,-0.71966177225112915,0.023173559457063675,0,-0.027572266757488251,-0.017069187015295029,0,-0.073688432574272156,8
0.10024771094322205,0.071999989449977875,-0.7226642370223999,0.023315388709306717,0,-0.021659277379512787,0.12663730978965759,0,-0.20727506279945374,8
0.33159929513931274,0.071999989449977875,-0.72969293594360352,-0.0041050384752452374,0,-0.026642611250281334,0.041192848235368729,0,-0.17661657929420471,8
0.41521227359771729,0.071999989449977875,-0.56120383739471436,-0.013590593822300434,0,-0.0055726896971464157,0.030192088335752487,0,0.12593244016170502,8
0.73275411128997803,0.071999989449977875,-0.72921419143676758,0.010423783212900162,0,-0.01394360139966011,-0.17362457513809204,0,-0.043601091951131821,8
0.92800003290176392,0.071999989449977875,-0.53151422739028931,0,0,-0.0087768761441111565,0,0,-0.090101920068264008,8
-0.92800003290176392,0.071999989449977875,-0.53608554601669312,0,0,-0.00055260822409763932,0,0,-0.011885571293532848,8
-0.53666228055953979,0.071999989449977875,-0.39375931024551392,0.0068108099512755871,0,-0.018799563869833946,-0.21924105286598206,0,0.63509994745254517,8
-0.35605207085609436,0.071999989449977875,-0.3759179413318634,0.0075786975212395191,0,0.037346344441175461,-0.26662531495094299,0,-0.3369673490524292,8
-0.27978473901748657,0.071999989449977875,-0.55017024278640747,0.010350131429731846,0,0.013114935718476772,0.1001877635717392,0,-0.070173010230064392,8
-0.17476449906826019,0.071999989449977875,-0.39173847436904907,0.0059211556799709797,0,-0.016983162611722946,0.010557536967098713,0,-0.0036026535090059042,8
0.18254935741424561,0.071999989449977875,-0.40023595094680786,0.022500816732645035,0,0.009557611308991909,0.04716842994093895,0,-0.04450443759560585,8
0.27576616406440735,0.071999989449977875,-0.55353909730911255,0.011860175058245659,0,0.014071413315832615,0.099897637963294983,0,0.12681111693382263,8
0.36543852090835571,0.071999989449977875,-0.36509579420089722,0.013574159704148769,0,0.0097641637548804283,0.070605963468551636,0,-0.10819088667631149,8
0.55502563714981079,0.071999989449977875,-0.42010346055030823,0.0069889118894934654,0,-0.006856035441160202,0.035379789769649506,0,0.35787025094032288,8
0.92800003290176392,0.071999989449977875,-0.53151422739028931,0,0,-0.0087768761441111565,0,0,-0.090101920068264008,8
-0.92800003290176392,0.071999989449977875,-0.17715311050415039,0,0,0.0070064389146864414,0,0,0.020745139569044113,8
-0.72166895866394043,0.071999989449977875,-0.40951785445213318,-0.01583649218082428,0,-0.0092523572966456413,-0.018268803134560585,0,-0.3056526780128479,8
-0.52098959684371948,0.071999989449977875,-0.22710128128528595,-0.035648446530103683,0,-0.033659033477306366,0.25994214415550232,0,0.18893925845623016,8
-0.21571984887123108,0.071999989449977875,-0.22483247518539429,-0.016070906072854996,0,-0.020999915897846222,-0.43394774198532104,0,0.11824584752321243,8
-0.067663885653018951,0.071999989449977875,-0.23109868168830872,-0.0010517120826989412,0,0.019067293033003807,-0.32320311665534973,0,-0.0023742017801851034,8
0.10869160294532776,0.071999989449977875,-0.23572316765785217,0.0017556454986333847,0,0.021833514794707298,-0.11717226356267929,0,0.046659704297780991,8
0.24640199542045593,0.071999989449977875,-0.21211238205432892,0.035714872181415558,0,0.0043892269022762775,-0.064606927335262299,0,0.051319874823093414,8
0.5532645583152771,0.071999989449977875,-0.27350759506225586,0.001479469588957727,0,-0.0032659822609275579,0.27326363325119019,0,-0.027076695114374161,8
0.72847199440002441,0.071999989449977875,-0.33196088671684265,0.016426917165517807,0,0.00071455736178904772,0.069931834936141968,0,0.070823714137077332,8
0.92800003290176392,0.071999989449977875,-0.36050724983215332,0,0,0.0019391729729250073,0,0,-0.079822510480880737,8
-0.92800003290176392,0.071999989449977875,-0.18877826631069183,0,0,-0.0091418717056512833,0,0,0.49961996078491211,8
-0.71762490272521973,0.071999989449977875,-0.072119347751140594,-0.014848876744508743,0,-0.010131705552339554,-0.20828603208065033,0,0.060063205659389496,8
-0.36153620481491089,0.071999989449977875,-0.19677592813968658,-0.076589316129684448,0,0.025687079876661301,-0.27066707611083984,0,-0.086243070662021637,8
-0.37665033340454102,0.071999989449977875,-0.03840954601764679,-0.032122761011123657,0,0.03294236958026886,0.013329236768186092,0,-0.11276285350322723,8
-0.17945581674575806,0.071999989449977875,-0.070717334747314453,-0.039645642042160034,0,-0.040875993669033051,0.042893882840871811,0,0.0057277451269328594,8
0.0075911302119493484,0.071999989449977875,-0.085510194301605225,-0.017940886318683624,0,0.013734702952206135,0.097430229187011719,0,0.010393922217190266,8
0.21288891136646271,0.071999989449977875,-0.072595685720443726,0.015551924705505371,0,-0.00048569566570222378,-0.21880990266799927,0,0.034998569637537003,8
0.3885321319103241,0.071999989449977875,-0.17866173386573792,0.027053005993366241,0,0.023252390325069427,0.12623709440231323,0,-0.033637247979640961,8
0.71937453746795654,0.071999989449977875,-0.11651115119457245,0.017802612856030464,0,-0.00070858432445675135,0.055843476206064224,0,0.066663607954978943,8
0.92800003290176392,0.071999989449977875,-0.17924222350120544,0,0,0.0016740243881940842,0,0,-0.020119829103350639,8
-0.92800003290176392,0.071999989449977875,0.36151787638664246,0,0,0.0048965844325721264,0,0,0.03868340328335762,8
-0.72354453802108765,0.071999989449977875,0.10586836189031601,-0.019424103200435638,0,-0.0037077351007610559,-0.036974918097257614,0,0.1909625381231308,8
-0.39792972803115845,0.071999989449977875,0.14965605735778809,-0.082433164119720459,0,0.0018463009037077427,-0.0037975606974214315,0,0.056790560483932495,8
-0.26422578096389771,0.071999989449977875,0.076736912131309509,0.013294008560478687,0,-0.062895432114601135,0.22608207166194916,0,0.13962104916572571,8
-0.088400170207023621,0.071999989449977875,0.084307387471199036,0.032564036548137665,0,-0.040422990918159485,0.079856507480144501,0,0.39206516742706299,8
0.099154435098171234,0.071999989449977875,0.056604918092489243,0.039088688790798187,0,-0.016443677246570587,-0.17377069592475891,0,0.0091655543074011803,8
0.25827178359031677,0.071999989449977875,0.11459601670503616,-0.00408981554210186,0,0.041024986654520035,-0.14951141178607941,0,0.084918171167373657,8
0.40605542063713074,0.071999989449977875,0.17796215415000916,0.02243461087346077,0,0.018847422674298286,0.16249749064445496,0,0.4563899040222168,8
0.72910809516906738,0.071999989449977875,0.085622236132621765,0.019634364172816277,0,-0.0058843651786446571,0.11083635687828064,0,0.20248885452747345,8
0.92800003290176392,0.071999989449977875,0.17927427589893341,0,0,-0.0037426790222525597,0,0,-0.11535736173391342,8
-0.92800003290176392,0.071999989449977875,0.18674755096435547,0,0,0.0081946263089776039,0,0,0.021161189302802086,8
-0.72463101148605347,0.071999989449977875,0.35413664579391479,-0.019574273377656937,0,0.030223870649933815,-0.06211615726351738,0,0.0033240390475839376,8
-0.50783652067184448,0.071999989449977875,0.28817960619926453,0.00029108300805091858,0,0.066184192895889282,-0.15162481367588043,0,0.27179783582687378,8
-0.22981762886047363,0.071999989449977875,0.21423956751823425,-0.10153655707836151,0,-0.029864177107810974,-0.078635208308696747,0,0.3251190185546875,8
-0.10798831284046173,0.071999989449977875,0.28938975930213928,-0.050708465278148651,0,-0.23502157628536224,0.26951774954795837,0,-0.25768786668777466,8
0.036633919924497604,0.071999989449977875,0.21977779269218445,0.077153436839580536,0,0.019239045679569244,0.048707347363233566,0,0.27929806709289551,8
0.20033666491508484,0.071999989449977875,0.2305573970079422,0.031323559582233429,0,0.053490437567234039,-0.21730697154998779,0,-0.12701466679573059,8
0.55297380685806274,0.071999989449977875,0.27197185158729553,0.007611595094203949,0,0.006262557115405798,0.28438720107078552,0,0.16010917723178864,8
0.73106801509857178,0.071999989449977875,0.32083821296691895,0.018554519861936569,0,-0.00072017940692603588,0.039544027298688889,0,0.24003466963768005,8
0.92800003290176392,0.071999989449977875,0.17927427589893341,0,0,-0.0037426711060106754,0,0,-0.11535748839378357,8
-0.92800003290176392,0.071999989449977875,0.53663206100463867,0,0,0.00295088323764503,0,0,-0.00057172955712303519,8
-0.55443036556243896,0.071999989449977875,0.44822874665260315,-0.0045785382390022278,0,0.058632459491491318,-0.13270655274391174,0,0.38959866762161255,8
-0.35721239447593689,0.071999989449977875,0.35635295510292053,0.0024176053702831268,0,0.039326146245002747,-0.00026352005079388618,0,0.42971661686897278,8
-0.24261993169784546,0.071999989449977875,0.57647687196731567,0.083812519907951355,0,0.0020928559824824333,-0.03512844443321228,0,-0.13134971261024475,8
-0.20573943853378296,0.071999989449977875,0.4225037693977356,0.049912773072719574,0,-0.091003008186817169,0.50068169832229614,0,-0.37076932191848755,8
0.19766302406787872,0.071999989449977875,0.38445499539375305,-0.073044843971729279,0,0.041399091482162476,-0.45250684022903442,0,-0.58090150356292725,8
0.28961062431335449,0.071999989449977875,0.55497646331787109,-0.0090204151347279549,0,0.004983976949006319,-0.11704728007316589,0,-0.042819898575544357,8
0.37154656648635864,0.071999989449977875,0.35823932290077209,-0.027341833338141441,0,0.020938444882631302,-0.082946859300136566,0,0.39984259009361267,8
0.56023222208023071,0.071999989449977875,0.40789052844047546,-0.026324409991502762,0,-0.00074821448652073741,0.11872009932994843,0,0.087362661957740784,8
0.92800003290176392,0.071999989449977875,0.53115493059158325,0,0,0.0016670178156346083,0,0,-0.055796824395656586,8
-0.92800003290176392,0.071999989449977875,0.5366320013999939,0,0,0.0029508816078305244,0,0,-0.00057171558728441596,8
-0.71868360042572021,0.071999989449977875,0.7358243465423584,0.0086938627064228058,0,0.026573659852147102,-0.052115708589553833,0,0.083554491400718689,8
-0.39005166292190552,0.071999989449977875,0.54474663734436035,0.072662599384784698,0,-0.011437623761594296,-0.064729303121566772,0,-0.0062384544871747494,8
-0.31874561309814453,0.071999989449977875,0.73041832447052002,0.026499504223465919,0,0.01375296339392662,0.038592290133237839,0,0.063391886651515961,8
-0.066085077822208405,0.071999989449977875,0.7313305139541626,0.031814035028219223,0,0.017805688083171844,-0.02103131078183651,0,-0.13807252049446106,8
0.14205977320671082,0.071999989449977875,0.71487218141555786,0.043152771890163422,0,0.016245134174823761,-0.02080824039876461,0,-0.086431048810482025,8
0.34739094972610474,0.071999989449977875,0.73345416784286499,0.047498319298028946,0,0.018055282533168793,-0.0046323980204761028,0,-0.16954812407493591,8
0.43006411194801331,0.071999989449977875,0.55727875232696533,-0.011529034934937954,0,-0.00027095066616311669,0.028334295377135277,0,-0.0039825844578444958,8
0.73000669479370117,0.071999989449977875,0.73257720470428467,0.020279791206121445,0,0.0056690294295549393,0.02443268708884716,0,-0.16880592703819275,8
0.92800003290176392,0.071999989449977875,0.53115499019622803,0,0,0.0016664230497553945,0,0,-0.055785778909921646,8
-0.92800003290176392,0.071999989449977875,0.92800003290176392,0,0,0,0,0,0,8
-0.53378140926361084,0.071999989449977875,0.92800003290176392,0.0040034661069512367,0,0,0.020406104624271393,0,0,8
-0.53378152847290039,0.071999989449977875,0.92800003290176392,0.0040034614503383636,0,0,0.020406104624271393,0,0,8
-0.18201689422130585,0.071999989449977875,0.92800003290176392,0.0045401845127344131,0,0,0.081187546253204346,0,0,8
-0.18201687932014465,0.071999989449977875,0.92800003290176392,0.0045395800843834877,0,0,0.081158526241779327,0,0,8
0.17458601295948029,0.071999989449977875,0.92800003290176392,0.0015058406861498952,0,0,0.090216033160686493,0,0,8
0.17458602786064148,0.071999989449977875,0.92800003290176392,0.0015057210111990571,0,0,0.090218275785446167,0,0,8
0.53187656402587891,0.071999989449977875,0.92800003290176392,0.0021568622905761003,0,0,0.109158955514431,0,0,8
0.53187656402587891,0.071999989449977875,0.92800003290176392,0.0021568622905761003,0,0,0.109158955514431,0,0,8
0.92800003290176392,0.071999989449977875,0.92800003290176392,0,0,0,0,0,0,8
-0.92800003290176392,0.071999989449977875,-0.92800003290176392,0,0,0,0,0,0,8
-0.92800003290176392,0.071999989449977875,-0.92800003290176392,0,0,0,0,0,0,8
-0.53093278408050537,0.071999989449977875,-0.92800003290176392,-0.0044937883503735065,0,0,-0.026905013248324394,0,0,8
-0.35764899849891663,0.071999989449977875,-0.92800003290176392,-0.0025400999002158642,0,0,-0.0072302781045436859,0,0,8
0.1804879754781723,0.071999989449977875,-0.92800003290176392,-0.003808273933827877,0,0,0.045679539442062378,0,0,8
0.00068583950633183122,0.071999989449977875,-0.92800003290176392,-0.00056152156321331859,0,0,0.099362052977085114,0,0,8
0.35906964540481567,0.071999989449977875,-0.92800003290176392,0.00088107958436012268,0,0,0.10581789165735245,0,0,8
0.53286099433898926,0.071999989449977875,-0.92800003290176392,0.0049350210465490818,0,0,0.053598731756210327,0,0,8
0.71969366073608398,0.071999989449977875,-0.92800003290176392,0.01024308055639267,0,0,-0.013641965575516224,0,0,8
0.92800003290176392,0.071999989449977875,-0.92800003290176392,0,0,0,0,0,0,8
-0.92800003290176392,0.071999989449977875,-0.72000008821487427,0,0,-0.015845119953155518,0,0,-0.0092589287087321281,8
-0.71914517879486084,0.30193185806274414,-0.71159458160400391,-0.0017651701346039772,-0.035642541944980621,-0.011302313767373562,0.039940688759088516,-0.074222080409526825,0.00058880069991573691,8
-0.50545096397399902,0.071999989449977875,-0.70765513181686401,0.026302797719836235,0,-0.025471270084381104,0.21361084282398224,0,-0.15955431759357452,8
-0.37821269035339355,0.29145976901054382,-0.70705926418304443,0.019838450476527214,-0.0085026267915964127,-0.029748130589723587,0.11373543739318848,0.17959561944007874,-0.015458240173757076,8
-0.14326050877571106,0.071999989449977875,-0.54890865087509155,0.018052404746413231,0,-0.0031701899133622646,-0.13020861148834229,0,0.20624078810214996,8
0.14886848628520966,0.071999989449977875,-0.55382680892944336,-0.003120283130556345,0,0.014675365760922432,0.074534893035888672,0,-0.0020276661962270737,8
0.32157856225967407,0.26838216185569763,-0.66499423980712891,0.016011569648981094,-0.009481821209192276,-0.020485591143369675,-0.016241725534200668,0.55812722444534302,-0.045714728534221649,8
0.54681485891342163,0.071999989449977875,-0.71219390630722046,-0.010670273564755917,0,-0.013516027480363846,-0.10676103830337524,0,0.018046598881483078,8
0.69754290580749512,0.28350540995597839,-0.72086960077285767,0.0066673681139945984,-0.033931277692317963,-0.018128588795661926,0.0169405248016119,-0.1011730283498764,0.026536153629422188,8
0.92800003290176392,0.071999989449977875,-0.92800003290176392,0,0,0,0,0,0,8
-0.92800003290176392,0.071999989449977875,-0.53608542680740356,0,0,-0.00055191724095493555,0,0,-0.011898309923708439,8
-0.71213138103485107,0.071999989449977875,-0.58775657415390015,-0.0092660235241055489,0,0.0089612565934658051,0.15418680012226105,0,-0.017845518887042999,8
-0.54260385036468506,0.071999989449977875,-0.53637295961380005,0.034114550799131393,0,-0.048441119492053986,0.13706110417842865,0,0.36618891358375549,8
-0.28301733732223511,0.30155211687088013,-0.53798454999923706,-0.0092302290722727776,-0.0080334972590208054,-0.022221561521291733,-0.030992252752184868,0.41366851329803467,-0.11965831369161606,8
0.00067283638054504991,0.071999989449977875,-0.55662834644317627,-0.0018531663808971643,0,0.0090425712987780571,0.11521455645561218,0,0.12037039548158646,8
0.0054372726008296013,0.071999989449977875,-0.39259627461433411,0.01781061664223671,0,0.031513750553131104,-0.1294725090265274,0,-0.034407936036586761,8
0.29295018315315247,0.30636164546012878,-0.47866499423980713,0.013462129049003124,-0.0097487978637218475,-0.0049325688742101192,-0.027537595480680466,0.40825766324996948,0.012116473168134689,8
0.52706003189086914,0.071999989449977875,-0.53337424993515015,-0.00099635939113795757,0,0.0077158599160611629,0.018064508214592934,0,-0.060769226402044296,8
0.7081763744354248,0.071999989449977875,-0.54462742805480957,0.020392797887325287,0,0.010900592431426048,0.022463107481598854,0,0.17918816208839417,8
0.92800003290176392,0.071999989449977875,-0.53151440620422363,0,0,-0.0087782097980380058,0,0,-0.090077318251132965,8
-0.92800003290176392,0.071999989449977875,-0.35670983791351318,0,0,-0.0020167164038866758,0,0,0.093590855598449707,8
-0.65888792276382446,0.27427077293395996,-0.39553365111351013,0.014191707596182823,-0.026013931259512901,0.0066598593257367611,0.1181795746088028,0.20066772401332855,0.24074660241603851,8
-0.49235498905181885,0.3020559549331665,-0.26797980070114136,0.011540769599378109,-0.020076476037502289,-0.01434050127863884,-0.10296843200922012,0.15667223930358887,0.084501534700393677,8
-0.28764781355857849,0.30037000775337219,-0.29764321446418762,-0.010782361961901188,-0.018481072038412094,0.0015847205650061369,-0.046735253185033798,0.04520091786980629,-0.12410859763622284,8
-0.11433503031730652,0.32442739605903625,-0.22119653224945068,-0.0061878282576799393,-0.0036686360836029053,-0.015107332728803158,0.25775828957557678,-0.044149491935968399,0.1107022762298584,8
0.069463297724723816,0.32443919777870178,-0.2330644428730011,-0.0011651129461824894,-0.0035603046417236328,0.0092020975425839424,-0.19632446765899658,-0.044920962303876877,-0.33138403296470642,8
0.24950212240219116,0.29858139157295227,-0.27512314915657043,-0.013763628900051117,-0.012238480150699615,-0.0017343697836622596,-0.06022687628865242,-0.021555962041020393,-0.1116054505109787,8
0.46840175986289978,0.29495251178741455,-0.27850189805030823,-0.0077146850526332855,-0.0095831956714391708,-0.007907048799097538,-0.12940388917922974,0.23425345122814178,-0.36922582983970642,8
0.65886443853378296,0.27005645632743835,-0.39671829342842102,0.01187521405518055,-0.010052986443042755,0.030618984252214432,0.15985511243343353,0.091608047485351562,-0.27817937731742859,8
0.92800003290176392,0.071999989449977875,-0.17924223840236664,0,0,0.0016748871421441436,0,0,-0.020135862752795219,8
-0.92800003290176392,0.071999989449977875,0.1869518905878067,0,0,0.0033577426802366972,0,0,0.025100229308009148,8
-0.70601463317871094,0.071999989449977875,-0.23556536436080933,-0.028414336964488029,0,-0.013327195309102535,-0.026865171268582344,0,-0.30270016193389893,8
-0.53806853294372559,0.071999989449977875,-0.10597588866949081,0.0309557244181633,0,0.010701403953135014,-0.7041589617729187,0,0.14097747206687927,8
-0.25175479054450989,0.3244093656539917,-0.096808858215808868,-0.0036804522387683392,-0.0039464980363845825,0.0067474283277988434,-0.00014127696340437979,-0.048620846122503281,0.070715740323066711,8
-0.047129075974225998,0.32442229986190796,-0.10753034055233002,-0.0044837440364062786,-0.0038304179906845093,-0.0032362330239266157,-0.26504573225975037,-0.049653049558401108,-0.30335590243339539,8
0.10175520181655884,0.32442760467529297,-0.063373781740665436,0.015546423383057117,-0.003827214241027832,0.0052131903357803822,0.10392227023839951,-0.052472051233053207,0.31259071826934814,8
0.26240181922912598,0.32443925738334656,-0.090548738837242126,0.011731884442269802,-0.0037038885056972504,0.0030760257504880428,-0.1469653993844986,-0.052474845200777054,0.041276562958955765,8
0.38797485828399658,0.071999989449977875,-0.0051800766959786415,-0.016879050061106682,0,0.019015580415725708,-0.065969489514827728,0,0.11256881058216095,8
0.53964084386825562,0.071999989449977875,-0.14464759826660156,0.0040743583813309669,0,0.02465459518134594,0.24618494510650635,0,-0.017927045002579689,8
0.92800003290176392,0.071999989449977875,-0.17924225330352783,0,0,0.0016748437192291021,0,0,-0.020135056227445602,8
-0.92800003290176392,0.071999989449977875,0.0035752397961914539,0,0,0.0064017684198915958,0,0,0.04483465850353241,8
-0.60820025205612183,0.071999989449977875,0.20595012605190277,-0.021172972396016121,0,0.014674315229058266,0.032175220549106598,0,-0.17557051777839661,8
-0.53814095258712769,0.071999989449977875,0.052128273993730545,-0.041683334857225418,0,0.033197123557329178,0.33600333333015442,0,-0.028929969295859337,8
-0.25654482841491699,0.3243919312953949,0.11830177903175354,-0.020247235894203186,-0.0043115094304084778,-0.036247331649065018,0.18020017445087433,-0.057882737368345261,0.060896310955286026,8
-0.10949056595563889,0.32440733909606934,0.033875022083520889,0.016824936494231224,-0.004098162055015564,0.0067321672104299068,0.10902511328458786,-0.055290158838033676,0.30360120534896851,8
0.04084734246134758,0.32441109418869019,0.098639950156211853,0.010280036367475986,-0.0041296929121017456,-0.0063848104327917099,-0.01009745430201292,-0.059060003608465195,0.36697489023208618,8
0.20908109843730927,0.32442149519920349,0.092846870422363281,0.00039033975917845964,-0.0040401667356491089,0.0072470065206289291,-0.36314672231674194,-0.060063596814870834,0.16192135214805603,8
0.56079208850860596,0.071999989449977875,-0.0044957413338124752,-0.0068880533799529076,0,0.01463749073445797,0.20885446667671204,0,0.26322799921035767,8
0.56398290395736694,0.071999989449977875,0.14608770608901978,0.017492134124040604,0,0.0019737533293664455,0.16537757217884064,0,0.30826106667518616,8
0.92800003290176392,0.071999989449977875,-0.0014331919373944402,0,0,0.00087760039605200291,0,0,-0.11432767659425735,8
-0.92800003290176392,0.071999989449977875,0.18622748553752899,0,0,0.015254434198141098,0,0,0.087737508118152618,8
-0.66805678606033325,0.27774921059608459,0.33093079924583435,0.0046207001432776451,-0.031760178506374359,0.012877621687948704,0.02666793204843998,0.045908797532320023,-0.15102162957191467,8
-0.46899139881134033,0.30205667018890381,0.29244187474250793,0.013248691335320473,-0.012768805958330631,0.0048501756973564625,0.023113710805773735,0.014130714349448681,-0.17220672965049744,8
-0.25926053524017334,0.30750486254692078,0.29711106419563293,0.0032665235921740532,-0.0042333323508501053,-0.022737067192792892,0.20451207458972931,-0.23047597706317902,-0.23502154648303986,8
-0.091195248067378998,0.32439503073692322,0.20211847126483917,-0.0083513958379626274,-0.0043718516826629639,-0.010703610256314278,0.27248373627662659,-0.062659978866577148,-0.091451659798622131,8
0.093852832913398743,0.32440298795700073,0.23961016535758972,-0.012636964209377766,-0.0043427124619483948,-0.0092787938192486763,-0.23512209951877594,-0.06557956337928772,-0.23509728908538818,8
0.26492142677307129,0.30365267395973206,0.26978045701980591,-0.0059121069498360157,-0.022213885560631752,0.018790731206536293,-0.21148280799388885,-0.0023183783050626516,0.13000041246414185,8
0.47969329357147217,0.30501216650009155,0.29579606652259827,-0.015807569026947021,-0.012461820617318153,0.030780881643295288,0.12776802480220795,0.15419219434261322,0.31824761629104614,8
0.6800694465637207,0.27362698316574097,0.38022056221961975,0.019840650260448456,-0.016719752922654152,-0.0032599940896034241,-0.0011248512892052531,0.34191900491714478,-0.20566658675670624,8
0.92800003290176392,0.071999989449977875,0.36078932881355286,0,0,0.00037398005952127278,0,0,0.0015377822564914823,8
-0.92800003290176392,0.071999989449977875,0.53663212060928345,0,0,0.0029510529711842537,0,0,-0.0005748588009737432,8
-0.71462017297744751,0.071999989449977875,0.56095194816589355,-0.012623067013919353,0,0.028221877291798592,0.028729027137160301,0,-0.13167236745357513,8
-0.53250056505203247,0.071999989449977875,0.53623175621032715,0.027512211352586746,0,0.033934041857719421,0.16598714888095856,0,0.054848600178956985,8
-0.272957444190979,0.30962488055229187,0.50216948986053467,0.015326657332479954,-0.027608718723058701,-0.01940113864839077,0.28527125716209412,0.10257336497306824,-0.074169836938381195,8
0.023883135989308357,0.071999989449977875,0.55647397041320801,0.010207170620560646,0,-0.010534052737057209,-0.25230967998504639,0,-0.13460063934326172,8
0.022760810330510139,0.071999989449977875,0.39639991521835327,-0.15462277829647064,0,-0.014900855720043182,0.14029785990715027,0,0.22598989307880402,8
0.33310133218765259,0.30485484004020691,0.47055923938751221,0.0026144254952669144,-0.017944984138011932,0.014021032489836216,0.033182505518198013,0.038991045206785202,-0.23848438262939453,8
0.54194933176040649,0.071999989449977875,0.52153927087783813,-0.0072690402157604694,0,0.010926787741482258,0.012686638161540031,0,0.30712148547172546,8
0.71216768026351929,0.071999989449977875,0.54721611738204956,0.015376484952867031,0,-0.022609973326325417,-0.031902555376291275,0,-0.11809112131595612,8
0.92800003290176392,0.071999989449977875,0.53115499019622803,0,0,0.0016662398120388389,0,0,-0.05578237771987915,8
-0.92800003290176392,0.071999989449977875,0.72051882743835449,0,0,0.017033977434039116,0,0,0.11315188556909561,8
-0.71978300809860229,0.29515397548675537,0.70674812793731689,-0.0091985929757356644,-0.025382056832313538,0.010527567006647587,0.34060034155845642,0.063913799822330475,-0.1829652339220047,8
-0.5287700891494751,0.071999989449977875,0.70714116096496582,0.036989923566579819,0,0.013924546539783478,0.12067514657974243,0,-0.037467189133167267,8
-0.3894173800945282,0.27024418115615845,0.67470443248748779,0.019019603729248047,-0.027549741789698601,0.01421862468123436,0.10507676005363464,0.36794635653495789,0.24057787656784058,8
-0.1261945515871048,0.071999989449977875,0.56777781248092651,-0.010490043088793755,0,-0.0022856721188873053,-0.03443107008934021,0,-0.021554894745349884,8
0.15901467204093933,0.071999989449977875,0.53570818901062012,-0.037173796445131302,0,-0.0022764694876968861,-0.19663429260253906,0,0.080377236008644104,8
0.33171936869621277,0.27258780598640442,0.6657833456993103,0.0035652690567076206,-0.0093931034207344055,0.0097049903124570847,-0.22372157871723175,0.30440992116928101,0.17621943354606628,8
0.54746145009994507,0.071999989449977875,0.71093970537185669,0.030138785019516945,0,0.0089654363691806793,0.030265318229794502,0,-0.10410996526479721,8
0.71191543340682983,0.29537153244018555,0.71906745433807373,0.0079390574246644974,-0.0013631433248519897,0.0012654978781938553,-0.10405822098255157,0.23366342484951019,-0.17355550825595856,8
0.92800003290176392,0.071999989449977875,0.92800003290176392,0,0,0,0,0,0,8
-0.92800003290176392,0.071999989449977875,0.92800003290176392,0,0,0,0,0,0,8
-0.92800003290176392,0.071999989449977875,0.92800003290176392,0,0,0,0,0,0,8
-0.53378134965896606,0.071999989449977875,0.92800003290176392,0.0040035243146121502,0,0,0.020405065268278122,0,0,8
-0.36233246326446533,0.071999989449977875,0.92800003290176392,0.0077024283818900585,0,0,0.065071001648902893,0,0,8
0.17458602786064148,0.071999989449977875,0.92800003290176392,0.0015057288110256195,0,0,0.090218141674995422,0,0,8
-0.0020459599327296019,0.071999989449977875,0.92800003290176392,0.0020772609859704971,0,0,0.13609938323497772,0,0,8
0.35619860887527466,0.071999989449977875,0.92800003290176392,0.00049876980483531952,0,0,0.12457329034805298,0,0,8
0.53187656402587891,0.071999989449977875,0.92800003290176392,0.0021568615920841694,0,0,0.1091589629650116,0,0,8
0.7194780707359314,0.071999989449977875,0.92800003290176392,0.01252652145922184,0,0,0.083534352481365204,0,0,8
0.92800003290176392,0.071999989449977875,0.92800003290176392,0,0,0,0,0,0,8
-0.92800003290176392,0.071999989449977875,-0.92800003290176392,0,0,0,0,0,0,8
-0.72153180837631226,0.071999989449977875,-0.92800003290176392,-0.018164405599236488,0,0,-0.05320323258638382,0,0,8
-0.47600457072257996,0.28340244293212891,-0.92800003290176392,0.005436343140900135,-0.017863718792796135,0,0.055251818150281906,0.10581660270690918,0,8
-0.29034608602523804,0.26818400621414185,-0.92800003290176392,0.0079442514106631279,-0.022024238482117653,0,-0.0080270972102880478,0.13650158047676086,0,8
-0.17711730301380157,0.071999989449977875,-0.92800003290176392,-0.0051435399800539017,0,0,0.00076574267586693168,0,0,8
0.083491712808609009,0.26895803213119507,-0.92800003290176392,0.017099861055612564,-0.011040540412068367,0,-0.10131999105215073,0.19950275123119354,0,8
0.27304926514625549,0.27535855770111084,-0.92800003290176392,0.019073478877544403,-0.026598375290632248,0,-0.27445748448371887,0.28813126683235168,0,8
0.45104226469993591,0.27384567260742188,-0.92800003290176392,0.017493484541773796,-0.018697595223784447,0,0.05424119159579277,0.05857139453291893,0,8
0.68617141246795654,0.25339823961257935,-0.92800003290176392,0.016782838851213455,-0.022506535053253174,0,-0.13966898620128632,-0.027696153149008751,0,8
0.92800003290176392,0.071999989449977875,-0.92800003290176392,0,0,0,0,0,0,8
-0.92800003290176392,0.25458061695098877,-0.6872551441192627,0,-0.027737952768802643,-0.01223822683095932,0,0.03086395375430584,-0.02920117974281311,8
-0.92800003290176392,0.42776715755462646,-0.92800003290176392,0,-0.0041495505720376968,0,0,0.14185331761837006,0,8
-0.54550528526306152,0.30199059844017029,-0.68519574403762817,-0.0040916670113801956,-0.019712325185537338,-0.0042015323415398598,-0.077212400734424591,-0.076901048421859741,0.1640007346868515,8
-0.19529238343238831,0.32278424501419067,-0.70887589454650879,0.034290380775928497,-0.017210185527801514,-0.014314706437289715,0.24268306791782379,0.15794163942337036,-0.096302196383476257,8
-0.040630515664815903,0.27817672491073608,-0.66389918327331543,0.02982671745121479,-0.022776136174798012,-0.014232242479920387,-0.0073128188960254192,0.41197067499160767,-0.18372519314289093,8
0.12606483697891235,0.30566057562828064,-0.69958972930908203,0.024171406403183937,-0.00034978985786437988,-0.0070406273007392883,-0.10814750194549561,0.26466366648674011,0.097223341464996338,8
0.26292365789413452,0.43816700577735901,-0.70390617847442627,0.021977150812745094,-0.0063198711723089218,-0.0084284897893667221,-0.20864371955394745,0.16450470685958862,0.095901258289813995,8
0.50846022367477417,0.30572181940078735,-0.70465725660324097,0.023211948573589325,-0.0072117829695343971,-0.0012362925335764885,0.0073774154298007488,0.33329209685325623,0.082358561456203461,8
0.92800003290176392,0.5231473445892334,-0.92800003290176392,0,0.028115179389715195,0,0,-0.95530021190643311,0,8
0.92800003290176392,0.071999989449977875,-0.71919244527816772,0,0,-0.017064578831195831,0,0,0.0044866646640002728,8
-0.92800003290176392,0.28115725517272949,-0.46517607569694519,0,-0.022818226367235184,0.01365297008305788,0,0.082432940602302551,-0.026496311649680138,8
-0.69674199819564819,0.32133546471595764,-0.53489530086517334,0.0022312132641673088,-0.024736758321523666,0.00075098412344232202,0.10341591387987137,0.063700452446937561,-0.30311352014541626,8
-0.47123068571090698,0.31000298261642456,-0.47153067588806152,0.010710040107369423,0.00045802723616361618,-0.011793205514550209,-0.1588447093963623,0.053716372698545456,-0.15694963932037354,8
-0.22710919380187988,0.49917632341384888,-0.37223365902900696,0.0067104804329574108,-0.014721670188009739,-0.0019852966070175171,0.16307799518108368,0.1042255237698555,0.014479457400739193,8
-0.11128154397010803,0.29609271883964539,-0.44110691547393799,-0.0085912309587001801,-0.0072886403650045395,-0.0030238514300435781,0.21903392672538757,0.3765835165977478,-0.069652125239372253,8
0.098120048642158508,0.3017391562461853,-0.45936247706413269,-0.0014083263231441379,-0.015170452184975147,0.0031752011273056269,0.13339191675186157,0.26673761010169983,-0.14296379685401917,8
0.19898208975791931,0.48004245758056641,-0.3722054660320282,0.023918155580759048,0.0027092371601611376,-0.0019585862755775452,0.013510341756045818,0.48253720998764038,0.0076702232472598553,8
0.48641800880432129,0.31944727897644043,-0.50092118978500366,0.017145298421382904,-0.01014639250934124,0.012113387696444988,-0.020751522853970528,0.34819895029067993,-0.07744830846786499,8
0.70821034908294678,0.30963471531867981,-0.55637431144714355,-0.0011339588090777397,-0.024249397218227386,-0.0012167312670499086,-0.17182688415050507,-0.20224323868751526,-0.10907957702875137,8
0.92800003290176392,0.28487813472747803,-0.4833584725856781,0,-0.017366776242852211,0.017731590196490288,0,-0.085499711334705353,-0.08482787013053894,8
-0.92800003290176392,0.26653814315795898,-0.28463184833526611,0,-0.025478655472397804,0.011109820567071438,0,0.048353072255849838,0.13450120389461517,8
-0.7048678994178772,0.31564193964004517,-0.22772571444511414,5.3711235523223877e-05,-0.032090585678815842,0.016099879518151283,-0.0016056372551247478,0.22220703959465027,0.1814822256565094,8
-0.37193357944488525,0.4691765308380127,-0.21494117379188538,0.00063831359148025513,0.0065972846932709217,-0.010126885958015919,0.0098099550232291222,0.21835973858833313,-0.1143527626991272,8
0.37206551432609558,0.47697150707244873,-0.2084212601184845,0.00063471496105194092,0.0041327103972434998,-0.033000051975250244,0.010063870809972286,0.34681755304336548,-0.33256250619888306,8
0.69394183158874512,0.29729703068733215,-0.23536312580108643,-0.00054757017642259598,-0.031963098794221878,0.027172565460205078,0.43441477417945862,0.25926253199577332,0.11970122903585434,8
0.92800003290176392,0.26561594009399414,-0.29785633087158203,0,-0.039518702775239944,0.0083224494010210037,0,-0.0034011525567620993,0.43552035093307495,8
-0.92800003290176392,0.071999989449977875,-0.16535891592502594,0,0,0.023118956014513969,0,0,-0.46831417083740234,8
-0.68361926078796387,0.28640517592430115,-0.039881434291601181,-0.039704054594039917,-0.014382071793079376,0.024764496833086014,0.022049097344279289,0.074000127613544464,0.010500512085855007,8
-0.48077288269996643,0.30471149086952209,-0.070644550025463104,-0.040454071015119553,-0.003055403009057045,0.00069765158696100116,-0.054000798612833023,-0.010779182426631451,-0.08056969940662384,8
0.51424258947372437,0.31118956208229065,-0.093351781368255615,0.0057237064465880394,-0.00036057177931070328,0.0066571701318025589,0.11939732730388641,0.22357343137264252,-0.018245697021484375,8
0.70392143726348877,0.29372265934944153,-0.022362940013408661,0.015024619176983833,0.0084239579737186432,0.013711893931031227,0.13425153493881226,0.37489530444145203,-0.028196664527058601,8
0.92800003290176392,0.27167654037475586,-0.08845578134059906,0,-0.028426604345440865,-0.013454671949148178,0,-0.10585421323776245,-0.26144084334373474,8
-0.92800003290176392,0.26921963691711426,0.081055425107479095,0,-0.015775047242641449,0.013880697079002857,0,0.049899701029062271,0.061806753277778625,8
-0.69316881895065308,0.30378830432891846,0.15526026487350464,-0.0079108644276857376,-0.014204579405486584,0.043303288519382477,0.067124292254447937,0.065411277115345001,0.050549354404211044,8
-0.48841586709022522,0.3095773458480835,0.11285848170518875,-0.018372558057308197,-0.0069680195301771164,-0.0093834642320871353,-0.10146310180425644,-0.042067091912031174,0.084865592420101166,8
0.42129799723625183,0.30443185567855835,0.078956305980682373,-0.019079346209764481,-0.0054104262962937355,-0.0010658069513738155,-0.12368366122245789,0.058464553207159042,0.35261252522468567,8
0.62233364582061768,0.28118082880973816,0.12752856314182281,-0.031970053911209106,-0.009636247530579567,0.021688306704163551,0.28374841809272766,0.3497435450553894,0.38298597931861877,8
0.92800003290176392,0.071999989449977875,0.17927423119544983,0,0,-0.0037429952062666416,0,0,-0.11535149067640305,8
-0.92800003290176392,0.27606034278869629,0.26658427715301514,0,-0.017278825864195824,0.0070429770275950432,0,0.11153149604797363,-0.034267399460077286,8
-0.69468343257904053,0.47158873081207275,0.26827806234359741,-0.0084046972915530205,0.021232577040791512,0.020552374422550201,-0.035136613994836807,-0.021735725924372673,0.066302083432674408,8
-0.37196499109268188,0.47599038481712341,0.22940361499786377,0.00057595968246459961,-0.0042275660671293736,0.0079741012305021286,0.016241222620010376,-0.053090650588274002,0.18365676701068878,8
0.3720325231552124,0.4919535219669342,0.25156012177467346,0.00055649876594543457,0.029138265177607536,0.066730916500091553,0.016528218984603882,0.21012245118618011,0.16841153800487518,8
0.7202797532081604,0.36702117323875427,0.23063075542449951,0.012549533508718014,-0.029205679893493652,-0.019853286445140839,0.2763267457485199,0.20394957065582275,-0.036539617925882339,8
0.92800003290176392,0.26421880722045898,0.29175490140914917,0,-0.032580558210611343,0.0027672434225678444,0,0.068424604833126068,0.13858434557914734,8
-0.92800003290176392,0.27456605434417725,0.44404178857803345,0,-0.018821245059370995,0.0045980671420693398,0,-0.020486878231167793,0.039902761578559875,8
-0.69154495000839233,0.29345870018005371,0.51483023166656494,-0.0053595053032040596,-0.021251590922474861,0.0011199837317690253,0.014866952784359455,0.20794254541397095,0.28999373316764832,8
-0.48170223832130432,0.31555461883544922,0.48313543200492859,-0.0053035151213407516,-0.017946932464838028,0.0051489202305674553,-0.027834510430693626,0.20397795736789703,-0.12509159743785858,8
-0.17684219777584076,0.49086874723434448,0.37176918983459473,-0.015106333419680595,-0.0084256390109658241,-0.0019942820072174072,-0.078069239854812622,-0.15643796324729919,0.013340412639081478,8
-0.06780734658241272,0.29979559779167175,0.41668915748596191,0.0063964198343455791,-0.021142378449440002,-0.016469413414597511,0.19813552498817444,-0.15561404824256897,0.12489253282546997,8
0.1434076726436615,0.30359521508216858,0.49201634526252747,-0.017461562529206276,-0.016862913966178894,0.003554516239091754,-0.21963892877101898,0.094524167478084564,-0.23047284781932831,8
0.21484996378421783,0.49245291948318481,0.37179666757583618,-0.032167725265026093,0.010096428915858269,-0.0019376873970031738,0.01029286440461874,0.057266641408205032,0.0079887360334396362,8
0.5105360746383667,0.32537549734115601,0.50451630353927612,0.0090605346485972404,-0.01287913229316473,-0.0023334107827395201,0.11127196252346039,0.019515024498105049,-0.20846672356128693,8
0.70909172296524048,0.31517168879508972,0.55263042449951172,0.0093752527609467506,-0.004554341547191143,0.017525075003504753,-0.16759631037712097,0.14046934247016907,0.1677396148443222,8
0.92800003290176392,0.28341782093048096,0.48178514838218689,0,-0.015008185058832169,-0.01142253540456295,0,-0.11991848796606064,-0.11730694770812988,8
-0.92800003290176392,0.25431668758392334,0.68366867303848267,0,-0.030121130868792534,0.0039897635579109192,0,0.079155057668685913,-0.039694119244813919,8
-0.92800003290176392,0.42753428220748901,0.92800003290176392,0,0.0033955664839595556,0,0,0.047941304743289948,0,8
-0.55564534664154053,0.30986681580543518,0.70025646686553955,0.0066053047776222229,-0.0048520201817154884,0.019191637635231018,-0.2674390971660614,0.15289869904518127,-0.012517253868281841,8
-0.22495129704475403,0.33674368262290955,0.71749162673950195,-0.006195632740855217,0.0022428277879953384,0.0089577268809080124,0.19253887236118317,0.022618675604462624,0.017958421260118484,8
-0.09392799437046051,0.27983617782592773,0.64181417226791382,-0.0074870893731713295,-0.0099747702479362488,0.017671085894107819,-0.37326061725616455,0.12349012494087219,-0.061298530548810959,8
0.063294120132923126,0.29932558536529541,0.70269745588302612,0.016473773866891861,-0.0060393102467060089,0.015214269980788231,0.087398767471313477,0.26316738128662109,-0.17186605930328369,8
0.21911956369876862,0.38126584887504578,0.71767598390579224,-0.004569430835545063,-0.024656329303979874,0.0074001243337988853,0.031520482152700424,0.14028924703598022,0.16549594700336456,8
0.52882975339889526,0.30489376187324524,0.70294779539108276,0.019518259912729263,-0.0063296323642134666,0.0074279280379414558,0.15331354737281799,0.17073357105255127,-0.14385242760181427,8
0.92800003290176392,0.52937650680541992,0.92800003290176392,0,0.0026017921045422554,0,0,0.041287746280431747,0,8
0.92800003290176392,0.071999989449977875,0.71934616565704346,0,0,0.014313958585262299,0,0,0.022682098671793938,8
-0.92800003290176392,0.071999989449977875,0.92800003290176392,0,0,0,0,0,0,8
-0.72058331966400146,0.071999989449977875,0.92800003290176392,-0.014231477864086628,0,0,-0.070947304368019104,0,0,8
-0.47245803475379944,0.2815285325050354,0.92800003290176392,0.007212416734546423,-0.028639169409871101,0,-0.10606799274682999,0.070862285792827606,0,8
-0.28801754117012024,0.26819676160812378,0.92800003290176392,0.012413719668984413,-0.02233506552875042,0,0.014850524254143238,0.094138823449611664,0,8
-0.18201687932014465,0.071999989449977875,0.92800003290176392,0.0045396243222057819,0,0,0.081157699227333069,0,0,8
0.084985919296741486,0.27090299129486084,0.92800003290176392,0.010315163992345333,-0.022924778982996941,0,0.03823365643620491,-0.15186163783073425,0,8
0.28054088354110718,0.27215540409088135,0.92800003290176392,0.023501981049776077,-0.028392214328050613,0,-0.0032512282487004995,-0.012069995515048504,0,8
0.46022412180900574,0.27613723278045654,0.92800003290176392,0.028049027547240257,-0.015736274421215057,0,0.083352543413639069,-0.017165634781122208,0,8
0.68484050035476685,0.25220018625259399,0.92800003290176392,0.015640862286090851,-0.031103497371077538,0,0.11162964999675751,0.024428496137261391,0,8
0.92800003290176392,0.071999989449977875,0.92800003290176392,0,0,0,0,0,0,8
-0.92800003290176392,0.26765632629394531,-0.92800003290176392,0,-0.02537854015827179,0,0,0.10632136464118958,0,8
-0.62048721313476562,0.51832336187362671,-0.92800003290176392,0.0074417442083358765,0.016663022339344025,0,-0.038744505494832993,0.17659901082515717,0,8
-0.73258090019226074,0.40791749954223633,-0.92800003290176392,-0.02468753419816494,0.0081755407154560089,0,0.046624612063169479,0.11347617954015732,0,8
-0.094646207988262177,0.27639394998550415,-0.92800003290176392,0.0052710268646478653,-0.020617129281163216,0,-0.24242253601551056,0.25863915681838989,0,8
0.016373313963413239,0.45518434047698975,-0.92800003290176392,-0.011943597346544266,-0.001575734349898994,0,-0.31001400947570801,0.30600953102111816,0,8
-0.13384291529655457,0.46233671903610229,-0.92800003290176392,-0.0029442398808896542,-0.012353210709989071,0,0.44280168414115906,0.028111252933740616,0,8
0.14155909419059753,0.45712792873382568,-0.92800003290176392,-0.03168584406375885,0.0075651798397302628,0,0.31677502393722534,0.31996512413024902,0,8
0.41994962096214294,0.4653857946395874,-0.92800003290176392,0.0089838569983839989,0.0081038577482104301,0,-0.26052901148796082,0.34437680244445801,0,8
0.55717206001281738,0.41640901565551758,-0.92800003290176392,-0.007696081418544054,0.019345836713910103,0,-0.068187840282917023,-0.011015105061233044,0,8
0.92800003290176392,0.26829218864440918,-0.92800003290176392,0,-0.025249497964978218,0,0,0.20567016303539276,0,8
-0.92800003290176392,0.43188828229904175,-0.58913737535476685,0,-0.036010775715112686,0.006563838105648756,0,0.0057229395024478436,0.14321133494377136,8
-0.68279927968978882,0.49989485740661621,-0.68041211366653442,-0.013886532746255398,-0.010718955658376217,7.6490920037031174e-05,0.058570753782987595,0.050160489976406097,-0.0054525951854884624,8
-0.4445042610168457,0.48154681921005249,-0.69228816032409668,0.0096203703433275223,0.021474206820130348,-0.0081711411476135254,0.035734061151742935,0.25057438015937805,0.18140789866447449,8
-0.22695015370845795,0.52591615915298462,-0.56950843334197998,0.017584718763828278,0.011447852477431297,-0.010941807180643082,-0.0375184565782547,0.17924597859382629,0.022130653262138367,8
-0.092125840485095978,0.50633531808853149,-0.70159226655960083,-0.0040558353066444397,0.0034178539644926786,-0.012063246220350266,0.00032155771623365581,0.15502451360225677,0.079826332628726959,8
0.042510267347097397,0.46659925580024719,-0.58005917072296143,0.0045727803371846676,0.012389762327075005,-0.00033318018540740013,0.41083616018295288,0.10888589173555374,-0.0841970294713974,8
0.29262912273406982,0.55893296003341675,-0.55606704950332642,-0.015544939786195755,0.0095939245074987411,-0.0035475746262818575,-0.13179726898670197,0.098050855100154877,0.15399709343910217,8
0.45147031545639038,0.50701838731765747,-0.69427311420440674,-0.0044411118142306805,0.020558705553412437,0.0033674128353595734,-0.199947789311409,0.28227078914642334,0.078407362103462219,8
0.68693941831588745,0.48115941882133484,-0.67951375246047974,0.0022019315510988235,-0.001604413497261703,-0.00090798130258917809,-0.14936566352844238,0.019038964062929153,0.072453610599040985,8
0.92800003290176392,0.41888904571533203,-0.72494840621948242,0,0.021864235401153564,-0.028831601142883301,0,-0.43840983510017395,0.13698086142539978,8
-0.92800003290176392,0.4620208740234375,-0.43468120694160461,0,-0.0060599213466048241,0.012418488971889019,0,0.039005547761917114,0.0019865110516548157,8
-0.6955140233039856,0.48968055844306946,-0.42379984259605408,-0.005667347926646471,-0.011133672669529915,0.0058378232643008232,0.056595094501972198,0.14824193716049194,0.040727764368057251,8
-0.4194200336933136,0.50655114650726318,-0.46327599883079529,0.029731696471571922,0.014400362968444824,-0.032557941973209381,0.037758402526378632,0.031788982450962067,5.2303072152426466e-05,8
-0.20263800024986267,0.65906643867492676,-0.37221920490264893,0.01072497945278883,0.0024992695543915033,-0.001710057258605957,-0.21465732157230377,-0.022555973380804062,0.021159721538424492,8
-0.047730296850204468,0.48308780789375305,-0.3722224235534668,0.013207472860813141,0.014167817309498787,-0.0019852370023727417,0.061736766248941422,0.40731939673423767,0.011310427449643612,8
0.089089483022689819,0.57731610536575317,-0.37220537662506104,0.0058881416916847229,-0.018118040636181831,-0.001811295747756958,0.0080184778198599815,0.17525838315486908,0.013338177464902401,8
0.21076439321041107,0.84523880481719971,-0.37217554450035095,-0.039647363126277924,-0.0025624125264585018,-0.0013492032885551453,0.02527490071952343,-0.047760628163814545,0.023090912029147148,8
0.43242257833480835,0.48640233278274536,-0.4006926417350769,-0.0058236098848283291,0.02014254592359066,-0.032076731324195862,-0.14724633097648621,0.41034704446792603,-0.30559456348419189,8
0.70048511028289795,0.48008882999420166,-0.42089980840682983,0.0093589294701814651,-0.014865417964756489,0.019188914448022842,-0.26409783959388733,0.098793327808380127,-0.040964145213365555,8
0.92800003290176392,0.45839965343475342,-0.42785611748695374,0,-0.0001149435993283987,-0.020285386592149734,0,0.43899619579315186,-0.23707494139671326,8
-0.92800003290176392,0.45321154594421387,-0.16173414885997772,0,0.0085293203592300415,0.015681220218539238,0,0.039288770407438278,0.030831851065158844,8
-0.56726980209350586,0.51560908555984497,-0.27084121108055115,0.020094335079193115,-0.010708699002861977,-0.017651883885264397,0.17340938746929169,0.040844172239303589,-0.13016614317893982,8
-0.37195530533790588,0.83125197887420654,-0.21049317717552185,0.0004525110125541687,0.0086561171337962151,0.037655308842658997,0.012298821471631527,0.17835168540477753,-0.093337401747703552,8
0.37205520272254944,0.65788233280181885,-0.21402499079704285,0.000539436936378479,0.0071714683435857296,0.02329745702445507,0.011032371781766415,0.18431186676025391,-0.39548170566558838,8
0.59696811437606812,0.54967033863067627,-0.29203632473945618,-0.023593932390213013,0.026863086968660355,0.0038592338096350431,-0.17735999822616577,0.17857520282268524,-0.18570806086063385,8
0.92800003290176392,0.44929397106170654,-0.15990123152732849,0,0.04991401731967926,0.055635355412960052,0,0.19604969024658203,0.29238054156303406,8
-0.92800003290176392,0.45754635334014893,-0.0090252570807933807,0,0.0089305508881807327,0.013094482012093067,0,0.26478350162506104,0.11570895463228226,8
-0.69224637746810913,0.47670572996139526,-0.10936685651540756,-0.016299786046147346,0.0091192545369267464,-0.023813731968402863,0.098418734967708588,-0.035269204527139664,-0.095889970660209656,8
-0.37194737792015076,0.56421768665313721,-0.098017103970050812,0.00057609379291534424,-0.0056200157850980759,-0.030612338334321976,0.012132524512708187,0.24480956792831421,0.16907382011413574,8
0.37205365300178528,0.47622019052505493,-0.037866633385419846,0.00060616433620452881,0.06399979442358017,-0.020753664895892143,0.012309550307691097,0.60115474462509155,0.35951003432273865,8
0.70139527320861816,0.45610272884368896,-0.14231158792972565,0.0057588433846831322,0.01204238086938858,-0.029064174741506577,0.093159064650535583,-0.039125353097915649,-0.15229867398738861,8
0.92800003290176392,0.45370995998382568,0.14291886985301971,0,-0.030534692108631134,-0.048919320106506348,0,-0.11411144584417343,-0.32089912891387939,8
-0.92800003290176392,0.27644908428192139,-0.094805680215358734,0,-0.021495148539543152,0.013228755444288254,0,-0.091204769909381866,-0.030967442318797112,8
-0.68670099973678589,0.48139700293540955,0.059629287570714951,-0.0027871825732290745,-0.0047748861834406853,0.0032481318339705467,-0.085837364196777344,-0.10670139640569687,0.22786876559257507,8
-0.37194892764091492,0.46143355965614319,0.011518378742039204,0.00061492621898651123,-0.001889966893941164,-0.05244719609618187,0.013131647370755672,0.16760309040546417,-0.28554180264472961,8
0.37204110622406006,0.53562355041503906,0.091722838580608368,0.00056686997413635254,-0.10244444012641907,0.0297977514564991,0.014769135974347591,0.47144246101379395,-0.32670322060585022,8
0.69938200712203979,0.50955796241760254,0.065273001790046692,0.011416694149374962,-0.00084336893633008003,0.032246794551610947,0.11170898377895355,-0.087650954723358154,0.0040995329618453979,8
0.92800003290176392,0.45081222057342529,-0.011345634236931801,0,-0.0043791551142930984,0.010130032896995544,0,0.65315812826156616,0.60800296068191528,8
-0.92800003290176392,0.44851207733154297,0.13820089399814606,0,0.0047687338665127754,0.012212439440190792,0,0.011313640512526035,0.23991559445858002,8
-0.52619552612304688,0.55734282732009888,0.34656819701194763,0.013584771193563938,-0.002964874729514122,0.018775880336761475,-0.095765277743339539,-0.034257568418979645,-0.13531486690044403,8
-0.37197583913803101,0.66740429401397705,0.22273455560207367,0.00048094242811203003,0.034860510379076004,-0.008462417870759964,0.017520636320114136,0.24720561504364014,-0.1425093412399292,8
0.37201219797134399,0.8329358696937561,0.25400421023368835,0.00040034949779510498,0.0080433692783117294,-0.060303226113319397,0.019151864573359489,-0.038171939551830292,0.0089075043797492981,8
0.56739097833633423,0.51227051019668579,0.20691362023353577,0.0049502747133374214,0.00068788585485890508,0.028742382302880287,0.067231215536594391,0.12535884976387024,0.15276072919368744,8
0.92800003290176392,0.27109795808792114,0.09575016051530838,0,-0.0056592579931020737,0.013793048448860645,0,0.12519505620002747,0.016298750415444374,8
-0.92800003290176392,0.46143758296966553,0.41451898217201233,0,0.014488901011645794,0.014273175969719887,0,0.21096248924732208,0.077987402677536011,8
-0.68733853101730347,0.47594562172889709,0.46988841891288757,0.00412769615650177,0.013721111230552197,0.0073212804272770882,-0.06675255298614502,0.031815022230148315,0.0081137660890817642,8
-0.38308495283126831,0.50724756717681885,0.45770865678787231,0.01545234490185976,-0.0022671762853860855,0.0096719376742839813,-0.0381728895008564,-0.058314196765422821,-0.15817971527576447,8
-0.23385085165500641,0.84331816434860229,0.37179329991340637,0.03626498207449913,-0.0021921929437667131,-0.0014027804136276245,-0.36085453629493713,0.021112866699695587,0.02951703779399395,8
-0.080278657376766205,0.59441095590591431,0.37178418040275574,-0.006333512719720602,-0.033057857304811478,-0.0018078833818435669,0.022557111456990242,0.015787035226821899,0.016448646783828735,8
0.038518533110618591,0.48470443487167358,0.37178373336791992,0.0027584217023104429,0.017809920012950897,-0.0019721835851669312,-0.10110820084810257,-0.11650671809911728,0.010167359374463558,8
0.2664330005645752,0.64176630973815918,0.37181216478347778,-0.013247529976069927,0.029170472174882889,-0.0016773492097854614,0.034004487097263336,-0.17769052088260651,0.01373246219009161,8
0.46449765563011169,0.52685171365737915,0.42433324456214905,-0.01568031869828701,0.023780234158039093,0.023619977757334709,-0.087949737906455994,-0.10840281099081039,-0.15019045770168304,8
0.68488764762878418,0.49400404095649719,0.44371867179870605,0.0031810845248401165,-0.0034209629520773888,0.0020705698989331722,-0.083187073469161987,-0.13443325459957123,0.200111985206604,8
0.92800003290176392,0.4496147632598877,0.42112454771995544,0,0.019704118371009827,0.024035386741161346,0,0.40226507186889648,0.57401794195175171,8
-0.92800003290176392,0.4050409197807312,0.55687981843948364,0,0.011487988755106926,-0.00022892688866704702,0,0.13604146242141724,0.16331256926059723,8
-0.68171113729476929,0.4978300929069519,0.69686996936798096,-0.0085372980684041977,-0.012156235054135323,0.013160344213247299,0.020206252112984657,0.039234597235918045,-0.10145130753517151,8
-0.43175125122070312,0.47225433588027954,0.69211596250534058,0.012149077840149403,-0.0045518605038523674,0.010978803969919682,0.10804401338100433,-0.083203718066215515,0.25098904967308044,8
-0.22243323922157288,0.53303027153015137,0.5711742639541626,0.012233828194439411,0.012263242155313492,0.0081126503646373749,-0.059135023504495621,-0.067919589579105377,0.10083792358636856,8
-0.097455941140651703,0.52613425254821777,0.70953959226608276,-0.0012409368064254522,0.012626016512513161,0.015034234151244164,-0.0053339912556111813,-0.0052141300402581692,-0.098061837255954742,8
0.014056219719350338,0.46861732006072998,0.58099895715713501,-0.023215878754854202,-0.0050908378325402737,-0.0061629815027117729,0.12727488577365875,-0.14608016610145569,-0.21472308039665222,8
0.27563303709030151,0.53530657291412354,0.56730127334594727,-0.0046434332616627216,0.0067022358998656273,-0.0044988105073571205,0.028460178524255753,-0.17439970374107361,-0.01053557638078928,8
0.4292999804019928,0.47241300344467163,0.69067960977554321,-0.012628513388335705,0.011120684444904327,0.0083597898483276367,0.04075845330953598,-0.025964172556996346,0.1522238701581955,8
0.69357752799987793,0.5042264461517334,0.6885143518447876,0.0066385082900524139,0.009218970313668251,0.018556347116827965,0.14408060908317566,-0.10986732691526413,-0.14703506231307983,8
0.92800003290176392,0.41799288988113403,0.72220391035079956,0,0.001569680985994637,0.01845092698931694,0,-0.039933212101459503,0.12002982199192047,8
-0.92800003290176392,0.26741808652877808,0.92800003290176392,0,-0.024417286738753319,0,0,0.081967070698738098,0,8
-0.72803187370300293,0.4248816967010498,0.92800003290176392,0.0022493088617920876,-0.014010924845933914,0,-0.075761139392852783,-0.10678356885910034,0,8
-0.57534563541412354,0.43085169792175293,0.92800003290176392,0.023046180605888367,0.01718483678996563,0,0.087039239704608917,0.2134677916765213,0,8
-0.093903884291648865,0.27469825744628906,0.92800003290176392,0.010378381237387657,-0.024734269827604294,0,-0.0084348767995834351,-0.067015156149864197,0,8
0.0021920260041952133,0.45283699035644531,0.92800003290176392,-0.00059483340010046959,-0.0043500605970621109,0,-0.024779031053185463,0.11260739713907242,0,8
-0.1450534462928772,0.46410143375396729,0.92800003290176392,-0.0040273256599903107,0.0028002161998301744,0,0.13805978000164032,0.17410604655742645,0,8
0.146834596991539,0.45450109243392944,0.92800003290176392,0.0038370185066014528,0.012685365974903107,0,-0.3747478723526001,0.21297892928123474,0,8
0.41552057862281799,0.46602433919906616,0.92800003290176392,-0.008222753182053566,-0.0032709301449358463,0,0.20774188637733459,0.27451837062835693,0,8
0.55865991115570068,0.42810297012329102,0.92800003290176392,-0.0026755440048873425,0.013013394549489021,0,-0.18996948003768921,-0.13558588922023773,0,8
0.92800003290176392,0.26815718412399292,0.92800003290176392,0,-0.025971384719014168,0,0,0.075946912169456482,0,8
-0.92800003290176392,0.42776715755462646,-0.92800003290176392,0,-0.0041495505720376968,0,0,0.14185331761837006,0,8
-0.68249654769897461,0.24818015098571777,-0.92800003290176392,-0.0034087719395756721,-0.025592627003788948,0,-0.035676620900630951,0.02839391864836216,0,8
-0.56356263160705566,0.45968961715698242,-0.92800003290176392,-0.017456885427236557,-0.0018938864814117551,0,0.43556377291679382,0.032004754990339279,0,8
-0.26006931066513062,0.4572100043296814,-0.92800003290176392,-0.024499932304024696,0.012777426280081272,0,-0.23472367227077484,-0.1357511430978775,0,8
-0.1953161358833313,0.61119735240936279,-0.92800003290176392,-0.0066517917439341545,-0.0088613731786608696,0,0.013282451778650284,-0.25799879431724548,0,8
-0.031167427077889442,0.62422466278076172,-0.92800003290176392,-0.011041363701224327,-0.011228600516915321,0,0.08254888653755188,-0.30809822678565979,0,8
0.26626706123352051,0.47115325927734375,-0.92800003290176392,0.0034520281478762627,-0.017519496381282806,0,-0.1349872499704361,-0.14803633093833923,0,8
0.58324992656707764,0.52563154697418213,-0.92800003290176392,-0.0013069713022559881,-0.002769737271592021,0,0.058794200420379639,0.51403731107711792,0,8
0.72921550273895264,0.41988134384155273,-0.92800003290176392,0.025934319943189621,0.021307768300175667,0,-0.081936337053775787,-0.14109458029270172,0,8
0.92800003290176392,0.42963564395904541,-0.92800003290176392,0,-0.012752090580761433,0,0,0.56005895137786865,0,8
-0.92800003290176392,0.42277324199676514,-0.73246675729751587,0,0.010744871571660042,-0.027311351150274277,0,0.1125388890504837,0.086330913007259369,8
-0.54910928010940552,0.60954064130783081,-0.53072208166122437,-0.029247941449284554,0.0037817168049514294,-0.0032724188640713692,0.0029774194117635489,0.24431720376014709,0.063443973660469055,8
-0.51595866680145264,0.69041067361831665,-0.7022823691368103,-0.0035989109892398119,0.026304429396986961,-0.0051329671405255795,-0.05059882253408432,0.19302448630332947,0.11159326136112213,8
-0.27869024872779846,0.74520564079284668,-0.54128521680831909,0.024317752569913864,0.0069185975007712841,-0.002048935042694211,0.064587198197841644,0.067123159766197205,-0.39011111855506897,8
-0.043084204196929932,0.70181936025619507,-0.58842748403549194,0.028804603964090347,0.012139434926211834,-0.0029155840165913105,0.26943418383598328,0.41896545886993408,-0.52161335945129395,8
0.09377945214509964,0.58201003074645996,-0.69428175687789917,0.018190871924161911,-0.014110189862549305,-0.011699384078383446,0.27491697669029236,0.21005335450172424,0.18925866484642029,8
0.22330638766288757,0.77928251028060913,-0.56955862045288086,-0.019697157666087151,0.0081247435882687569,0.00923173688352108,-0.18824833631515503,0.066423900425434113,-0.28751367330551147,8
0.51502984762191772,0.68421781063079834,-0.69330310821533203,0.01734224334359169,0.024416966363787651,-0.0018175244331359863,-0.24666023254394531,0.046574041247367859,-0.06147364154458046,8
0.53900432586669922,0.58483779430389404,-0.51827269792556763,0.0093546081334352493,0.026771776378154755,-0.0029711183160543442,-0.26209557056427002,0.25656327605247498,0.0071864617057144642,8
0.92800003290176392,0.25273376703262329,-0.69301104545593262,0,-0.02787507139146328,-0.011624031700193882,0,0.1587287038564682,-0.12618054449558258,8
-0.92800003290176392,0.55052214860916138,-0.56918323040008545,0,-0.026465203613042831,-0.0087790535762906075,0,0.10088346153497696,-0.086554460227489471,8
-0.69973981380462646,0.69642788171768188,-0.50770372152328491,-0.0064026643522083759,0.017993448302149773,0.00047991052269935608,0.1684277206659317,0.24665170907974243,-0.080110266804695129,8
-0.47895243763923645,0.68332785367965698,-0.41424232721328735,-0.025878008455038071,-0.027612648904323578,-0.002302761422470212,-0.11603917181491852,-0.0037363169249147177,0.054617352783679962,8
-0.20510509610176086,0.82643896341323853,-0.37220606207847595,-0.01530379056930542,-0.0018567200750112534,-0.0014332607388496399,-0.08614020049571991,0.40605789422988892,0.028329266235232353,8
-0.061575416475534439,0.66584622859954834,-0.37220883369445801,0.002924756146967411,0.001562906545586884,-0.0016811788082122803,0.33792608976364136,-0.13869163393974304,0.019420085474848747,8
0.23236885666847229,0.66079920530319214,-0.37218871712684631,0.017228050157427788,0.010389559902250767,-0.0016499832272529602,-0.0012749432353302836,-0.23614990711212158,0.014986618421971798,8
0.075059153139591217,0.72742879390716553,-0.37219440937042236,-0.0072572571225464344,-0.018015420064330101,-0.001562751829624176,-0.11978894472122192,-0.22614867985248566,0.019997654482722282,8
0.44513377547264099,0.69046956300735474,-0.40144738554954529,-0.0035296590067446232,-0.0085108261555433273,0.037384305149316788,-0.06177859753370285,-0.11585719138383865,0.040029842406511307,8
0.71325153112411499,0.68206900358200073,-0.534831702709198,0.0017694327980279922,-0.0080663552507758141,0.0014094596263021231,-0.021227838471531868,0.12586645781993866,0.064200542867183685,8
0.92800003290176392,0.45495772361755371,-0.58280640840530396,0,-0.026529325172305107,0.034530039876699448,0,0.58310264348983765,0.55280333757400513,8
-0.92800003290176392,0.45619761943817139,-0.29350781440734863,0,-0.011510450392961502,-0.0016354767140001059,0,-0.083052113652229309,-0.26276963949203491,8
-0.58767575025558472,0.77652090787887573,-0.21444708108901978,0.014674804173409939,-0.010918314568698406,0.028595205396413803,-0.0095422929152846336,0.045589055866003036,0.01899774931371212,8
-0.37196072936058044,0.73583263158798218,-0.052147697657346725,0.00048382580280303955,-0.0059784227050840855,-0.014662478119134903,0.014042033813893795,-0.032583277672529221,-0.57028508186340332,8
0.37204459309577942,0.8266066312789917,-0.20505726337432861,0.00045817345380783081,-0.0022372612729668617,-0.033903464674949646,0.01240320410579443,-0.098842665553092957,-0.063519291579723358,8
0.57579833269119263,0.79245609045028687,-0.24343307316303253,0.02005583792924881,0.0030096739064902067,0.040552571415901184,-0.021622626110911369,-0.00047439473564736545,-0.047214586287736893,8
0.92800003290176392,0.44902586936950684,-0.28201538324356079,0,-0.0068001062609255314,-0.02941710501909256,0,-0.16416364908218384,-1.0297311544418335,8
-0.92800003290176392,0.62911731004714966,-0.10054560750722885,0,0.0087217818945646286,0.0050895991735160351,0,-0.15642835199832916,0.044127266854047775,8
-0.59589111804962158,0.6258271336555481,-0.047693841159343719,0.0089597441256046295,-0.0060688969679176807,0.014211857691407204,-0.058804523199796677,0.33307278156280518,0.022311646491289139,8
-0.37194216251373291,0.65473711490631104,-0.24957117438316345,0.00054654479026794434,0.035075787454843521,-0.025663210079073906,0.010502188466489315,0.49747323989868164,0.018357539549469948,8
0.37204590439796448,0.63642776012420654,-0.062481090426445007,0.00053106248378753662,-0.00013092663721181452,0.033899035304784775,0.013120024465024471,-0.18227703869342804,-0.063138976693153381,8
0.58873999118804932,0.58250296115875244,-0.086096875369548798,-0.012165446765720844,-0.042620591819286346,0.05346163734793663,0.26676195859909058,0.14861705899238586,-0.088922038674354553,8
0.92800003290176392,0.61260497570037842,-0.072630621492862701,0,0.0016229245811700821,-0.030840354040265083,0,-0.025343619287014008,-0.60254526138305664,8
-0.92800003290176392,0.61501437425613403,0.05435570701956749,0,-0.0084299845620989799,0.0031061617191880941,0,-0.10709216445684433,-0.32924872636795044,8
-0.5946839451789856,0.60889285802841187,0.14209212362766266,0.0027718029450625181,-0.029148265719413757,0.018407564610242844,-0.14544790983200073,0.19857732951641083,0.078525297343730927,8
-0.37196260690689087,0.59841358661651611,0.091174624860286713,0.00053302943706512451,-0.056898310780525208,0.014843026176095009,0.015160291455686092,0.078198008239269257,-0.19848340749740601,8
0.37202569842338562,0.67795014381408691,0.19198159873485565,0.00048315525054931641,-0.021472575142979622,-0.030464859679341316,0.017175748944282532,-0.19720977544784546,-0.26701927185058594,8
0.58918440341949463,0.69251120090484619,0.062605611979961395,-0.014118617400527,0.039555300027132034,-0.0065065920352935791,-0.039081599563360214,0.33705624938011169,0.049359235912561417,8
0.92800003290176392,0.60540497303009033,0.089131779968738556,0,0.0011388387065380812,0.043952334672212601,0,0.38937366008758545,-0.21593166887760162,8
-0.92800003290176392,0.4676896333694458,0.26616054773330688,0,-0.0060145184397697449,0.022235317155718803,0,0.072556070983409882,-0.15581773221492767,8
-0.51258069276809692,0.7918810248374939,0.30424541234970093,0.011177107691764832,0.00022574479226022959,0.0035833064466714859,-0.19342570006847382,0.080054394900798798,0.11193493008613586,8
-0.37198129296302795,0.82150113582611084,0.16991104185581207,0.0004130825400352478,-0.014331200160086155,-0.03176594153046608,0.017799586057662964,0.23480618000030518,-0.27956664562225342,8
0.37203115224838257,0.75598877668380737,0.047574702650308609,0.00046047568321228027,0.0050306143239140511,0.0033740941435098648,0.015601067803800106,-0.087266810238361359,0.1050235778093338,8
0.56321746110916138,0.75956583023071289,0.26459366083145142,-0.027015978470444679,-0.014722832478582859,0.034873887896537781,0.080734208226203918,-0.1199713721871376,0.096336223185062408,8
0.92800003290176392,0.45475137233734131,0.27285513281822205,0,0.01475024688988924,0.039866168051958084,0,-0.34767207503318787,-0.14342586696147919,8
-0.92800003290176392,0.51965475082397461,0.59123361110687256,0,0.0088114496320486069,0.017940200865268707,0,0.022499876096844673,0.053497102111577988,8
-0.69591778516769409,0.67329025268554688,0.43268990516662598,-0.01212364062666893,0.0069967587478458881,-0.0075268503278493881,-0.25793558359146118,-0.015248077921569347,0.16180793941020966,8
-0.43640393018722534,0.77136623859405518,0.4790617823600769,0.017242753878235817,0.014665014110505581,0.007416789885610342,0.13408680260181427,0.19973719120025635,0.31141388416290283,8
-0.060236364603042603,0.75224429368972778,0.37179815769195557,0.027276743203401566,0.010673894546926022,-0.0015338212251663208,0.27712240815162659,-0.23821063339710236,0.023135839030146599,8
-0.24968782067298889,0.65303218364715576,0.37177702784538269,0.003519674064591527,-0.00043267590808682144,-0.0017294809222221375,-0.057196084409952164,-0.088068962097167969,0.021486504003405571,8
0.099116355180740356,0.64534687995910645,0.3718007504940033,-0.0071030217222869396,0.0027711216825991869,-0.0016977936029434204,-0.19176441431045532,-0.071770384907722473,0.016090571880340576,8
0.17950296401977539,0.82844263315200806,0.37182095646858215,0.018911674618721008,-0.014798694290220737,-0.0013781934976577759,0.15146371722221375,-0.41897282004356384,0.022918133065104485,8
0.46623173356056213,0.74917048215866089,0.44736340641975403,-0.016108520328998566,0.044333711266517639,-0.0051523060537874699,-0.027110453695058823,-0.026999672874808311,-0.052563294768333435,8
0.71491724252700806,0.68948942422866821,0.54810440540313721,0.0082842344418168068,0.0078772800043225288,0.005102984607219696,0.19486033916473389,-0.072070054709911346,-0.10488428920507431,8
0.92800003290176392,0.46310687065124512,0.57848197221755981,0,-0.015724539756774902,-0.01016136072576046,0,-0.40044796466827393,-0.26257282495498657,8
-0.92800003290176392,0.41921508312225342,0.73173820972442627,0,-0.013179156929254532,0.01193629577755928,0,0.012796399183571339,-0.041498102247714996,8
-0.50391143560409546,0.60996097326278687,0.55986124277114868,0.00079111388185992837,0.021215353161096573,0.016042770817875862,-0.080916061997413635,0.044135969132184982,-0.010461620055139065,8
-0.56787651777267456,0.68414920568466187,0.70983213186264038,-0.0084870960563421249,-0.015872998163104057,0.016679286956787109,-0.26545518636703491,0.14301855862140656,0.16916412115097046,8
-0.24264669418334961,0.77959650754928589,0.58191847801208496,0.0052898870781064034,0.017082000151276588,-0.0019659432582557201,-0.048631604760885239,0.053070660680532455,0.18733517825603485,8
-0.014281083829700947,0.70407950878143311,0.58842015266418457,-0.0019968131091445684,0.0011945771984755993,-0.013194740749895573,0.10708160698413849,0.1984008252620697,0.042888380587100983,8
0.11834146827459335,0.56628876924514771,0.69290018081665039,0.0033433865755796432,-0.021174738183617592,-0.0021584718488156796,-0.23945492506027222,-0.2350374311208725,-0.071696668863296509,8
0.26041325926780701,0.77778887748718262,0.53614068031311035,-0.009919850155711174,-0.0030554148834198713,0.020467612892389297,0.17920614778995514,-0.040261052548885345,0.34534427523612976,8
0.41242235898971558,0.68312937021255493,0.69646793603897095,-0.021597784012556076,0.016236379742622375,0.011491991579532623,0.24583975970745087,0.19963647425174713,0.11020276695489883,8
0.53870284557342529,0.61206811666488647,0.55049228668212891,0.0093857906758785248,0.010564369149506092,0.015548949129879475,0.025017688050866127,0.036225214600563049,0.11237083375453949,8
0.92800003290176392,0.25218302011489868,0.69099271297454834,0,-0.033766463398933411,0.0081912176683545113,0,-0.024430675432085991,-0.05079304426908493,8
-0.92800003290176392,0.52748608589172363,0.92800003290176392,0,-0.023840293288230896,0,0,0.19993576407432556,0,8
-0.69081801176071167,0.25314939022064209,0.92800003290176392,-0.0038543902337551117,-0.035189002752304077,0,-0.0018871295033022761,0.10161056369543076,0,8
-0.5625385046005249,0.54829156398773193,0.92800003290176392,-0.029438789933919907,-0.012904800474643707,0,0.1075686439871788,0.3439083993434906,0,8
-0.25972315669059753,0.45531076192855835,0.92800003290176392,0.025500180199742317,0.0084663787856698036,0,-0.0030216199811547995,0.18738126754760742,0,8
-0.15995995700359344,0.62115788459777832,0.92800003290176392,-0.0039552757516503334,0.013320746831595898,0,-0.086885251104831696,0.21340483427047729,0,8
-0.0023260586895048618,0.62287956476211548,0.92800003290176392,0.011287488974630833,-0.0066792499274015427,0,0.075121290981769562,0.034051649272441864,0,8
0.26639652252197266,0.467643141746521,0.92800003290176392,0.0036420177202671766,-0.0022750631906092167,0,0.27355185151100159,0.30522933602333069,0,8
0.58547282218933105,0.52807348966598511,0.92800003290176392,0.0017592892982065678,0.0090607432648539543,0,0.072129175066947937,0.23969511687755585,0,8
0.72975510358810425,0.41838109493255615,0.92800003290176392,0.021544884890317917,0.0029473116155713797,0,-0.0021388940513134003,0.079870693385601044,0,8
0.92800003290176392,0.42660439014434814,0.92800003290176392,0,0.00055927835637703538,0,0,0.19498828053474426,0,8
-0.92800003290176392,0.53525769710540771,-0.92800003290176392,0,0.01248457096517086,0,0,-0.046828825026750565,0,8
-0.70808219909667969,0.65645784139633179,-0.92800003290176392,-0.0049731079488992691,0.023288141936063766,0,-0.102980837225914,0.10044994950294495,0,8
-0.52971237897872925,0.63916712999343872,-0.92800003290176392,-0.0060458499938249588,0.0067716799676418304,0,-0.08137812465429306,0.0582449771463871,0,8
-0.40485396981239319,0.45610940456390381,-0.92800003290176392,-0.036468852311372757,-0.013377470895648003,0,-0.23549196124076843,0.17076875269412994,0,8
-0.089395433664321899,0.79278272390365601,-0.92800003290176392,0.0005515855154953897,0.0074948323890566826,0,-0.32623931765556335,0.14714556932449341,0,8
0.062565125524997711,0.79498368501663208,-0.92800003290176392,0.01381860114634037,0.0020429284777492285,0,0.48037165403366089,0.057230353355407715,0,8
0.32627922296524048,0.63082879781723022,-0.92800003290176392,-0.017544612288475037,-0.0060419570654630661,0,0.010548456571996212,-0.12085555493831635,0,8
0.49254781007766724,0.64849472045898438,-0.92800003290176392,-0.01304282434284687,0.0082394909113645554,0,-0.071713298559188843,0.30687382817268372,0,8
0.71289324760437012,0.62676459550857544,-0.92800003290176392,-0.0051850704476237297,0.011310274712741375,0,-0.19890011847019196,0.35547202825546265,0,8
0.92800003290176392,0.42963230609893799,-0.92800003290176392,0,-0.012788800522685051,0,0,0.56176745891571045,0,8
-0.92800003290176392,0.63916027545928955,-0.71691274642944336,0,0.014314927160739899,-0.0065271137282252312,0,0.20268011093139648,-0.061162631958723068,8
-0.70455026626586914,0.6844525933265686,-0.71092730760574341,0.016679316759109497,-0.035148456692695618,0.0008865082636475563,0.16306972503662109,0.30893814563751221,-0.034156590700149536,8
-0.71556806564331055,0.84435898065567017,-0.92800003290176392,-0.0069487951695919037,0.019218092784285545,0,0.13219290971755981,0.016209706664085388,0,8
-0.38342025876045227,0.82177317142486572,-0.69073718786239624,0.017214434221386909,-0.0012785978615283966,-0.0024826058652251959,0.17182078957557678,-0.099517196416854858,0.15980586409568787,8
-0.28909039497375488,0.60101920366287231,-0.71519619226455688,0.0065729706548154354,-0.0041527724824845791,-0.010722946375608444,0.15944716334342957,0.27011978626251221,0.26834607124328613,8
0.2464103102684021,0.68859010934829712,-0.73111993074417114,0.030181955546140671,0.0017190097132697701,-0.0055733192712068558,-0.26029428839683533,0.055579733103513718,0.66061180830001831,8
0.38728874921798706,0.81375205516815186,-0.6949426531791687,0.0075404834933578968,0.014645533636212349,0.0064482861198484898,0.16137389838695526,-0.015927990898489952,0.13794830441474915,8
0.71141797304153442,0.8059878945350647,-0.92800003290176392,-0.0021133576519787312,-0.0054819900542497635,0,0.15479809045791626,0.019240321591496468,0,8
0.69030392169952393,0.66841405630111694,-0.7267494797706604,0.012297948822379112,-0.012024037539958954,-0.0033932328224182129,-0.050168342888355255,0.026461107656359673,0.12813650071620941,8
0.92800003290176392,0.60823315382003784,-0.7096676230430603,0,0.017049944028258324,0.011123337782919407,0,0.17442415654659271,0.0064423582516610622,8
-0.92800003290176392,0.72334033250808716,-0.55908268690109253,0,-0.067641779780387878,0.0020132041536271572,0,-0.041829045861959457,-0.13353073596954346,8
-0.92800003290176392,0.83541387319564819,-0.68441605567932129,0,-0.0065219327807426453,-0.0014967964962124825,0,0.11562122404575348,-0.075573258101940155,8
-0.46746787428855896,0.85183554887771606,-0.47579461336135864,0.020110027864575386,-0.027077855542302132,0.016660325229167938,-0.053596176207065582,-0.1174895241856575,0.039845246821641922,8
-0.31342563033103943,1.0207420587539673,-0.44537791609764099,0.0032931491732597351,-0.011428521946072578,-0.023405961692333221,0.34417045116424561,-0.033104885369539261,-0.55226588249206543,8
-0.023255698382854462,0.84797519445419312,-0.37219163775444031,-0.0029980565886944532,0.0020427640993148088,-0.0013704076409339905,-0.069544203579425812,0.12388315051794052,0.026722176000475883,8
0.095697484910488129,0.9904138445854187,-0.37219473719596863,-0.014228521846234798,0.017306707799434662,-0.001115165650844574,-0.21048741042613983,0.12862217426300049,0.031162908300757408,8
0.319761723279953,1.0244829654693604,-0.44324573874473572,-0.010867571458220482,0.011386542581021786,-0.019582575187087059,-0.052511166781187057,0.31493335962295532,-0.24866518378257751,8
0.47917044162750244,0.82740014791488647,-0.48858687281608582,-0.030963970348238945,-0.016692854464054108,0.0087012527510523796,-0.056258995085954666,-0.12162632495164871,-0.0076361647807061672,8
0.92800003290176392,0.78891372680664062,-0.70979249477386475,0,-0.028272856026887894,-0.003395675215870142,0,0.033661387860774994,-0.016855169087648392,8
0.92800003290176392,0.56593561172485352,-0.55294501781463623,0,-0.03333379328250885,-0.042245037853717804,0,-0.041481699794530869,-0.29811477661132812,8
-0.92800003290176392,0.64143288135528564,-0.40348809957504272,0,-0.0039019854739308357,0.010159365832805634,0,0.10940595716238022,-0.062097102403640747,8
-0.69187092781066895,0.82750499248504639,-0.37477993965148926,-0.0068456875160336494,0.010266751982271671,0.0077733993530273438,0.018663395196199417,-0.078965991735458374,-0.19573402404785156,8
-0.42743360996246338,1.0245037078857422,-0.3193814754486084,-0.015753498300909996,-0.016350118443369865,0.0064231175929307938,0.080520302057266235,0.053649540990591049,-0.042725630104541779,8
-0.2833157479763031,1.0692551136016846,-0.32716324925422668,0.0033152783289551735,-0.0036218129098415375,0.011430311016738415,-0.073866523802280426,-0.039771735668182373,-0.051395311951637268,8
-0.11340294033288956,1.0692582130432129,-0.32437917590141296,-0.013890105299651623,-0.0035438016057014465,0.029495704919099808,0.28991702198982239,-0.040908154100179672,-0.62568366527557373,8
0.26381769776344299,1.0691283941268921,-0.2650621235370636,-0.014573203399777412,-0.0034119375050067902,-0.010056763887405396,-0.10256900638341904,-0.045048590749502182,-0.38265353441238403,8
0.33198842406272888,1.0692054033279419,-0.26636984944343567,-0.024208150804042816,-0.0033843368291854858,-0.027017092332243919,0.1457027792930603,-0.045012939721345901,-0.44077295064926147,8
0.48738649487495422,1.0258210897445679,-0.3527979850769043,0.0086904074996709824,-0.0018649796256795526,-0.015896905213594437,0.010449438355863094,0.070011027157306671,-0.07433260977268219,8
0.69528740644454956,0.7974969744682312,-0.39577099680900574,0.012986608780920506,-0.0079768477007746696,-0.022200785577297211,-0.14099855720996857,0.11738404631614685,-0.15216316282749176,8
0.92800003290176392,0.63208013772964478,-0.41502183675765991,0,-0.0048220846801996231,0.03126123920083046,0,0.37405872344970703,0.34857600927352905,8
-0.92800003290176392,0.80532485246658325,-0.11985312402248383,0,0.016711687669157982,-0.037819720804691315,0,-0.14425674080848694,-0.19428512454032898,8
-0.71919220685958862,0.63681787252426147,-0.2518770694732666,-0.0090999109670519829,-0.0094192447140812874,-0.013769447803497314,0.070039652287960052,0.26252776384353638,-0.045157138258218765,8
-0.3719734251499176,0.93674057722091675,-0.040295660495758057,0.0003840029239654541,-0.021143047139048576,0.0068123140372335911,0.015618502162396908,0.31430709362030029,-0.2137954980134964,8
-0.27606692910194397,1.0690852403640747,-0.21792095899581909,0.041017249226570129,-0.0037543252110481262,0.01937960647046566,0.0068001816980540752,-0.043148469179868698,0.20063646137714386,8
-0.054404716938734055,1.0685144662857056,-0.095967672765254974,-0.017235592007637024,-0.0038565024733543396,0.046647664159536362,0.094238460063934326,-0.050128918141126633,-0.2643585205078125,8
0.084724999964237213,1.0684878826141357,-0.090320013463497162,0.04626261442899704,-0.0037978440523147583,0.030942339450120926,-0.37945735454559326,-0.05138799175620079,0.13480585813522339,8
0.33019217848777771,1.0693060159683228,-0.16611979901790619,-0.011870585381984711,-0.0035573914647102356,-0.00036146308411844075,0.48870986700057983,-0.049406286329030991,0.57534265518188477,8
0.3720325231552124,0.82548689842224121,-0.031173720955848694,0.00043550878763198853,-0.0075060343369841576,-0.012466447427868843,0.014890058897435665,0.18351180851459503,-0.14277739822864532,8
0.73002934455871582,0.67497611045837402,-0.23275810480117798,0.012786301784217358,-0.0049352352507412434,0.01464542094618082,-0.065316259860992432,0.21180494129657745,0.1787182092666626,8
0.92800003290176392,0.78660124540328979,-0.068234086036682129,0,0.027901209890842438,0.054659835994243622,0,-0.18800316751003265,-0.1904280036687851,8
-0.92800003290176392,0.79097020626068115,0.044608328491449356,0,0.0035076041240245104,0.00089488807134330273,0,0.050420738756656647,0.28713226318359375,8
-0.73425912857055664,0.70942890644073486,0.21582362055778503,-0.022145785391330719,0.0072562145069241524,-0.0027928599156439304,-0.086842991411685944,-0.020477741956710815,-0.061894115060567856,8
-0.37196782231330872,0.77638411521911621,0.015351381152868271,0.00045534968376159668,-0.039027012884616852,0.036951057612895966,0.015255509875714779,0.25738218426704407,0.51732760667800903,8
-0.38463371992111206,1.0587770938873291,0.18096630275249481,-0.096849814057350159,-0.087584823369979858,-0.027465611696243286,-0.26718175411224365,0.28986719250679016,-0.00023061408137436956,8
-0.13759055733680725,1.0685639381408691,0.02965439110994339,-0.080419100821018219,-0.0041067153215408325,0.043132994323968887,0.08393637090921402,-0.054983045905828476,-0.24316135048866272,8
-0.022321078926324844,1.0686182975769043,0.15129390358924866,-0.022189848124980927,-0.0042538642883300781,0.047972202301025391,0.19010172784328461,-0.060929726809263229,0.48567873239517212,8
0.20146740972995758,1.068911075592041,0.18538002669811249,-0.01577041856944561,-0.0041984841227531433,0.031022880226373672,0.11852597445249557,-0.063947886228561401,0.028114074841141701,8
0.3720167875289917,0.95741289854049683,0.082699030637741089,0.00035735219717025757,0.013080877251923084,-0.024442426860332489,0.017449110746383667,0.24724952876567841,-0.071523837745189667,8
0.70465189218521118,0.60475444793701172,0.29709130525588989,0.0070062149316072464,-0.0080483723431825638,0.013536539860069752,-0.041467983275651932,0.24897207319736481,-0.21434019505977631,8
0.92800003290176392,0.77346307039260864,0.083020120859146118,0,0.0094802984967827797,6.7638116888701916e-05,0,0.79756653308868408,0.54106229543685913,8
-0.92800003290176392,0.64026033878326416,0.36158633232116699,0,0.0019480255432426929,0.0046347584575414658,0,-0.0041859992779791355,0.027931852266192436,8
-0.67806339263916016,0.84935402870178223,0.42024275660514832,-0.018469924107193947,0.0051424191333353519,0.010174956172704697,-0.047018226236104965,-0.013152699917554855,0.19164597988128662,8
-0.49111834168434143,1.0298807621002197,0.36335167288780212,-0.027875859290361404,-0.029391050338745117,0.028175126761198044,0.10476662963628769,0.074230462312698364,-0.17020201683044434,8
-0.34085375070571899,1.069177508354187,0.29640191793441772,0.014210429973900318,-0.004638969898223877,0.060772523283958435,0.12366189807653427,-0.065592527389526367,0.034867152571678162,8
-0.21980912983417511,1.0690284967422485,0.243922159075737,-0.0027238228358328342,-0.0045039281249046326,-0.030813168734312057,-0.0070136548019945621,-0.063674971461296082,-0.26399770379066467,8
0.19799098372459412,1.0694930553436279,0.35504665970802307,0.016537077724933624,-0.0043860394507646561,-0.014835627749562263,-0.36528521776199341,-0.068551503121852875,0.4088188111782074,8
0.29973411560058594,1.0692540407180786,0.3216308057308197,-0.004300959873944521,-0.0043441653251647949,-0.017224757000803947,0.49545103311538696,-0.069635398685932159,-0.11113955825567245,8
0.46423771977424622,1.025328516960144,0.32146599888801575,-0.0082948915660381317,-0.0117438780143857,-0.048496559262275696,0.0093453740701079369,0.15401212871074677,0.020928492769598961,8
0.68414789438247681,0.8085561990737915,0.40781387686729431,-0.0060895043425261974,-0.015020246617496014,0.01840830035507679,-0.044166829437017441,0.029142282903194427,-0.15040463209152222,8
0.92800003290176392,0.62766695022583008,0.42223456501960754,0,0.013890362344682217,-0.016560912132263184,0,0.032575510442256927,-0.41786965727806091,8
-0.92800003290176392,0.64645034074783325,0.51767247915267944,0,0.0072602294385433197,0.0094677815213799477,0,0.13625805079936981,-0.016787024214863777,8
-0.92800003290176392,0.8082042932510376,0.71149313449859619,0,0.019450034946203232,0.0065630930475890636,0,0.40119346976280212,-0.091588340699672699,8
-0.55615812540054321,1.0005620718002319,0.53947323560714722,0.0024980602320283651,0.0043386477045714855,-0.011971753090620041,-0.088327378034591675,0.195964515209198,-0.037810791283845901,8
-0.33084866404533386,1.0194653272628784,0.44827041029930115,0.0070206434465944767,-0.0039417073130607605,-0.014625037088990211,-0.092227622866630554,0.16750262677669525,-0.13270625472068787,8
-0.066726647317409515,0.95281195640563965,0.37181368470191956,0.0094584934413433075,0.015778744593262672,-0.0011993758380413055,0.13252459466457367,0.49679812788963318,0.031840167939662933,8
0.01910439133644104,0.80444586277008057,0.37180787324905396,-0.025275561958551407,0.0031612792517989874,-0.0014388486742973328,-0.15486755967140198,-0.15304183959960938,0.024216322228312492,8
0.35773381590843201,1.0199035406112671,0.47176095843315125,0.010455281473696232,-0.0097838882356882095,0.001207027118653059,0.16118212044239044,0.11295127868652344,-0.060695040971040726,8
0.56614029407501221,0.95797926187515259,0.54337668418884277,0.056478910148143768,0.1005420908331871,-0.025715764611959457,0.092223502695560455,0.030093265697360039,-0.024157313629984856,8
0.92800003290176392,0.7876468300819397,0.71255838871002197,0,-0.0052895471453666687,-0.0064729307778179646,0,0.01611032523214817,-0.28826895356178284,8
0.92800003290176392,0.56025326251983643,0.56245714426040649,0,0.0008430878515355289,0.015418466180562973,0,0.59240859746932983,0.019131049513816833,8
-0.92800003290176392,0.63344007730484009,0.71706503629684448,0,0.0061270473524928093,0.01640334352850914,0,0.051348347216844559,-0.047685649245977402,8
-0.72148162126541138,0.66827213764190674,0.61026346683502197,0.002309904433786869,-0.012826986610889435,-0.023535287007689476,0.045034062117338181,0.25489845871925354,-0.00084294000407680869,8
-0.72227609157562256,0.80204188823699951,0.92800003290176392,-0.011243091896176338,-0.012583906762301922,0,-0.040790863335132599,0.054350826889276505,0,8
-0.42308869957923889,0.80860435962677002,0.68600189685821533,-0.014096248894929886,0.013750836253166199,0.006739339791238308,0.084361501038074493,0.03874528780579567,-0.13797380030155182,8
-0.31195077300071716,0.6311870813369751,0.71043491363525391,-0.011146037839353085,0.0099443970248103142,0.0085833407938480377,0.057951889932155609,0.055854037404060364,0.21524488925933838,8
0.23280040919780731,0.70162725448608398,0.7304915189743042,0.0048685185611248016,0.025529932230710983,0.0067630214616656303,0.094237729907035828,0.25583627820014954,-0.099569991230964661,8
0.41951474547386169,0.87004971504211426,0.64726400375366211,0.054009288549423218,0.018846714869141579,-0.027006372809410095,-0.084586918354034424,-0.40708068013191223,0.074750922620296478,8
0.71846544742584229,0.80206412076950073,0.92800003290176392,0.0053818956948816776,0.002744138240814209,0,-0.13669420778751373,0.074989974498748779,0,8
0.59037697315216064,0.66942673921585083,0.71973121166229248,-0.020578138530254364,0.018146434798836708,-0.0028646588325500488,-0.15121598541736603,-0.22468048334121704,0.080961048603057861,8
0.92800003290176392,0.60977816581726074,0.71117639541625977,0,0.013373169116675854,0.015102442353963852,0,0.21496286988258362,0.081175431609153748,8
-0.92800003290176392,0.42753428220748901,0.92800003290176392,0,0.0033959744032472372,0,0,0.048027925193309784,0,8
-0.71318906545639038,0.62097638845443726,0.92800003290176392,-0.007933969609439373,0.0073184524662792683,0,0.034802358597517014,0.020838318392634392,0,8
-0.49709239602088928,0.66542243957519531,0.92800003290176392,0.0065377792343497276,-0.018990807235240936,0,-0.1144430935382843,-0.025743952021002769,0,8
-0.40966731309890747,0.4596257209777832,0.92800003290176392,0.0027401086408644915,0.0030215666629374027,0,0.047368094325065613,-0.10017875581979752,0,8
-0.07228483259677887,0.80090427398681641,0.92800003290176392,-0.00016827811487019062,0.011049428954720497,0,-0.13725119829177856,0.033818185329437256,0,8
0.07571178674697876,0.7968672513961792,0.92800003290176392,-0.0066351625137031078,-0.0052762571722269058,0,0.28268733620643616,-0.013823363929986954,0,8
0.33882275223731995,0.6313210129737854,0.92800003290176392,0.00061025749891996384,-0.0070777111686766148,0,-0.20883363485336304,0.038796991109848022,0,8
0.50155580043792725,0.65555548667907715,0.92800003290176392,0.0040388596244156361,0.00053672638023272157,0,-0.048534233123064041,0.065876156091690063,0,8
0.71424448490142822,0.62417817115783691,0.92800003290176392,0.010466016829013824,0.005954414140433073,0,0.14506338536739349,0.19673684239387512,0,8
0.92800003290176392,0.42660439014434814,0.92800003290176392,0,0.00055927835637703538,0,0,0.19498828053474426,0,8
-0.92800003290176392,0.75391566753387451,-0.92800003290176392,0,-0.0075261853635311127,0,0,0.33645892143249512,0,8
-0.69842922687530518,1.0391662120819092,-0.92800003290176392,0.0019294479861855507,0.0079805674031376839,0,0.059946950525045395,0.057424582540988922,0,8
-0.55101203918457031,0.85316663980484009,-0.92800003290176392,-0.0014360952191054821,0.011898545548319817,0,-0.21264435350894928,0.19250577688217163,0,8
-0.36993923783302307,0.62959891557693481,-0.92800003290176392,0.007471493910998106,0.0007919702329672873,0,0.085338413715362549,-0.11925259977579117,0,8
-0.24713863432407379,0.7830888032913208,-0.92800003290176392,0.0061924285255372524,-0.0099359042942523956,0,-0.1519666463136673,0.02678937092423439,0,8
0.22816292941570282,0.80157667398452759,-0.92800003290176392,0.0017936161020770669,-0.017214743420481682,0,0.20264331996440887,-0.0028045286890119314,0,8
0.14159774780273438,0.62332499027252197,-0.92800003290176392,0.0017633656971156597,-0.020167399197816849,0,0.20171956717967987,-0.21130838990211487,0,8
0.55197477340698242,0.82411420345306396,-0.92800003290176392,0.00091233913553878665,0.022601267322897911,0,-0.031083986163139343,0.032294690608978271,0,8
0.73789799213409424,1.0216063261032104,-0.92800003290176392,-0.004486527293920517,0.00047595798969268799,0,0.0038923181127756834,0.096878841519355774,0,8
0.92800003290176392,0.76444566249847412,-0.92800003290176392,0,-0.0057614459656178951,0,0,0.21058808267116547,0,8
-0.92800003290176392,1.0231789350509644,-0.74426805973052979,0,-0.0090961214154958725,-0.002423920901492238,0,0.18323013186454773,0.057783797383308411,8
-0.92800003290176392,1.0365880727767944,-0.92800003290176392,0,0.012097913771867752,0,0,0.2841668426990509,0,8
-0.5267670750617981,1.0593258142471313,-0.78369474411010742,0.012347441166639328,-0.0055461251176893711,0.005936136469244957,0.10707081854343414,-0.048826482146978378,0.0209310632199049,8
-0.37926453351974487,1.0015647411346436,-0.92800003290176392,0.009668983519077301,0.00014807459956500679,0,0.11142747849225998,0.05682450532913208,0,8
0.010241808369755745,1.0020737648010254,-0.92800003290176392,0.0019728918559849262,-0.0033602491021156311,0,-0.34530147910118103,0.097043082118034363,0,8
0.11094652861356735,1.0005152225494385,-0.92800003290176392,0.0014325325610116124,-0.00076069706119596958,0,-0.4855116605758667,0.11519386619329453,0,8
0.44363978505134583,1.009365439414978,-0.92800003290176392,-0.0042143967002630234,0.00075654039392247796,0,0.11146729439496994,0.077141530811786652,0,8
0.57657337188720703,1.0544112920761108,-0.80873268842697144,0.011722785420715809,0.0032927682623267174,-0.0027588601224124432,0.029664922505617142,0.10480590909719467,-0.062283053994178772,8
0.92800003290176392,1.0401008129119873,-0.92800003290176392,0,0.0044200965203344822,0,0,0.24801759421825409,0,8
0.92800003290176392,0.99831986427307129,-0.72384583950042725,0,-0.0016960360808297992,0.015907503664493561,0,0.12023096531629562,-0.060391105711460114,8
-0.92800003290176392,1.0101703405380249,-0.55739986896514893,0,0.0081051476299762726,-0.026457807049155235,0,0.18227854371070862,-0.09438033401966095,8
-0.76732856035232544,1.0576070547103882,-0.53953588008880615,0.031040426343679428,-0.0025712978094816208,-0.0033461444545537233,0.073434628546237946,0.095242470502853394,-0.0277523472905159,8
-0.68561333417892456,0.83956784009933472,-0.67592698335647583,-0.011958501301705837,-0.01061968132853508,-0.015321074984967709,0.1432453989982605,-0.16286107897758484,0.049820605665445328,8
-0.23871570825576782,1.016912579536438,-0.71178126335144043,0.021544361487030983,0.0015307615976780653,0.0081755891442298889,0.52757763862609863,-0.27805411815643311,0.28498581051826477,8
-0.15828046202659607,0.79679077863693237,-0.7062181830406189,0.031452234834432602,0.009890655055642128,-0.0096487989649176598,0.18882577121257782,0.46652078628540039,0.2797921895980835,8
0.052997749298810959,0.81039166450500488,-0.69307500123977661,0.013113409280776978,0.019497059285640717,-0.0025452447589486837,-0.047627255320549011,0.51841437816619873,0.19547553360462189,8
0.30596563220024109,1.0150889158248901,-0.65498393774032593,0.00010471603309269994,0.0073957131244242191,-0.0042604431509971619,-0.39847135543823242,-0.011277137324213982,0.087956473231315613,8
0.67696684598922729,0.82890677452087402,-0.67825698852539062,0.0014147202018648386,-0.00124209257774055,0.0049981269985437393,-0.083846904337406158,-0.050321470946073532,0.18018847703933716,8
0.79132634401321411,1.0428555011749268,-0.55113625526428223,-0.0053470069542527199,0.0032427685800939798,-0.016774216666817665,-0.064621813595294952,0.14014674723148346,-0.076497264206409454,8
0.92800003290176392,0.80001866817474365,-0.55371922254562378,0,0.0014032169710844755,0.0085385283455252647,0,0.12625046074390411,-0.23400498926639557,8
-0.92800003290176392,0.61196935176849365,-0.24675294756889343,0,-0.00020167462935205549,0.005717249121516943,0,0.069442354142665863,0.30665212869644165,8
-0.92800003290176392,1.0198549032211304,-0.41649729013442993,0,0.0023428078275173903,-0.051046211272478104,0,0.12975978851318359,-0.089940831065177917,8
-0.63882076740264893,1.0090500116348267,-0.28260508179664612,0.0098186284303665161,0.0060647851787507534,0.0063426773995161057,-0.063568264245986938,0.008809003047645092,-0.055143784731626511,8
-0.59597480297088623,1.0084593296051025,-0.61546391248703003,0.044139087200164795,1.5175901353359222e-06,0.019219700247049332,0.029765365645289421,0.06798117607831955,-0.025267245247960091,8
-0.22270558774471283,0.99231219291687012,-0.55752015113830566,0.01153197605162859,-0.0014689119998365641,-0.011171795427799225,0.51998966932296753,-0.14882118999958038,-0.41283419728279114,8
0.20105785131454468,0.99388056993484497,-0.56925499439239502,-0.019813094288110733,0.0039888685569167137,0.003802374005317688,-0.52712768316268921,-0.14513379335403442,-0.41738897562026978,8
0.5962899923324585,1.0072038173675537,-0.59129530191421509,-0.020661897957324982,0.017826316878199577,0.033061418682336807,-0.035256966948509216,0.16767236590385437,0.084134966135025024,8
0.68517959117889404,1.0084577798843384,-0.28404930233955383,0.001540633849799633,-0.0092095332220196724,0.0040294835343956947,0.002921725157648325,0.07752712070941925,-0.14323724806308746,8
0.92800003290176392,0.99333292245864868,-0.41215315461158752,0,0.00056353979744017124,-0.045670807361602783,0,0.14154732227325439,-0.27096512913703918,8
0.92800003290176392,0.60389280319213867,-0.24338477849960327,0,-0.0052013741806149483,0.0023064631968736649,0,-0.2643011212348938,0.43097451329231262,8
-0.92800003290176392,0.81317645311355591,-0.26834771037101746,0,0.0041219945996999741,-0.034789908677339554,0,0.22750137746334076,-0.15566366910934448,8
-0.92800003290176392,1.0024456977844238,-0.061926852911710739,0,-0.0021496769040822983,-0.046662587672472,0,0.026724992319941521,0.038904208689928055,8
-0.71129739284515381,0.79000121355056763,-0.070493869483470917,-0.029951205477118492,-0.015477114357054234,0.0053637661039829254,0.0011169164208695292,0.11009883135557175,0.053028527647256851,8
-0.52225744724273682,1.0104074478149414,-0.24980348348617554,0.012352905236184597,-0.0062615657225251198,0.0082553587853908539,-0.024614350870251656,-0.056013252586126328,0.21739262342453003,8
-0.19808872044086456,1.0688148736953735,-0.15420038998126984,-0.0086712855845689774,-0.0038194432854652405,-0.0081362528726458549,0.073195554316043854,-0.046498771756887436,-0.0063275261782109737,8
0.17414547502994537,1.0688233375549316,-0.13765224814414978,-0.020632077008485794,-0.0036682188510894775,-0.029787858948111534,-0.26021361351013184,-0.049860250204801559,-0.085043452680110931,8
0.56259989738464355,0.99744975566864014,-0.18640300631523132,0.0013385179918259382,-0.024090763181447983,-0.010376375168561935,0.014997904188930988,0.035092569887638092,-0.11308618634939194,8
0.68894177675247192,0.79940271377563477,-0.076186954975128174,0.022585440427064896,-0.013627657666802406,0.013176131993532181,-0.11334902793169022,0.29054251313209534,0.10784125328063965,8
0.92800003290176392,0.98159962892532349,-0.060386564582586288,0,0.005451579112559557,-0.047316286712884903,0,0.17476633191108704,-0.11865644901990891,8
0.92800003290176392,0.78659957647323608,-0.22942903637886047,0,-0.027363110333681107,-0.038486406207084656,0,-0.32482612133026123,-0.19526760280132294,8
-0.92800003290176392,0.81758064031600952,0.20582576096057892,0,0.0026139612309634686,-0.021090410649776459,0,0.29069489240646362,-0.070220343768596649,8
-0.92800003290176392,1.0032588243484497,0.025027470663189888,0,0.00099301198497414589,-0.043392494320869446,0,0.0026495472993701696,-0.34659916162490845,8
-0.65233021974563599,0.80676537752151489,0.099429704248905182,0.0065972926095128059,-0.017409179359674454,-0.020062951371073723,-0.35104244947433472,-0.081059955060482025,-0.19421452283859253,8
-0.5845261812210083,0.99855446815490723,0.22586862742900848,-0.035314232110977173,-0.0037367977201938629,0.0081598944962024689,-0.12570160627365112,0.066892527043819427,-0.0018695275066420436,8
-0.23707079887390137,1.068865180015564,0.081649214029312134,0.084947943687438965,-0.0042353272438049316,0.029523385688662529,-0.076671384274959564,-0.056352090090513229,0.54229366779327393,8
0.10077007859945297,1.0688432455062866,0.2445041835308075,0.073347292840480804,-0.0043446645140647888,-0.020649144425988197,-0.03111630491912365,-0.065747648477554321,-0.25631582736968994,8
0.56212747097015381,0.99668067693710327,0.20396402478218079,0.013624665327370167,-0.023903701454401016,-0.011425260454416275,-0.024046309292316437,0.020856799557805061,0.24613417685031891,8
0.71918594837188721,0.77911514043807983,0.14543664455413818,0.0046683689579367638,-0.0060238526202738285,0.036612067371606827,-0.37689900398254395,-0.15061961114406586,0.053603831678628922,8
0.92800003290176392,0.9835808277130127,0.02958274818956852,0,0.0066471383906900883,-0.0058320723474025726,0,0.13113228976726532,-0.24123664200305939,8
0.92800003290176392,0.7931397557258606,0.24136964976787567,0,-0.02671772800385952,-0.032099038362503052,0,-0.41313698887825012,-0.53152531385421753,8
-0.92800003290176392,0.62551045417785645,0.20196044445037842,0,0.0066137784160673618,0.00059137854259461164,0,-0.083802051842212677,0.3486064076423645,8
-0.92800003290176392,1.0165492296218872,0.39675706624984741,0,0.0048160632140934467,-0.0038560761604458094,0,0.079896710813045502,-0.023241123184561729,8
-0.70979249477386475,1.0214023590087891,0.27437275648117065,-0.024654693901538849,0.0098060257732868195,-0.004697900265455246,0.20842640101909637,0.11783315241336823,-0.035680085420608521,8
-0.62228095531463623,0.99824541807174683,0.61458051204681396,-0.003719043917953968,0.0055532981641590595,0.022145859897136688,0.050128906965255737,0.1409870982170105,-0.10784173011779785,8
-0.20333306491374969,0.98514389991760254,0.56292366981506348,0.0023562470450997353,0.015813443809747696,-0.0042912028729915619,-0.18106910586357117,0.045600399374961853,0.016373921185731888,8
0.20744511485099792,1.0089223384857178,0.54580205678939819,0.013960812240839005,-0.0095407208427786827,-0.017803333699703217,0.069406934082508087,0.14215704798698425,0.20162823796272278,8
0.63983041048049927,1.0043290853500366,0.66820001602172852,-0.01013777032494545,0.0085350088775157928,-0.031418569386005402,0.11769314855337143,0.17578840255737305,0.12933634221553802,8
0.67145657539367676,1.0211519002914429,0.27596631646156311,0.014635657891631126,-0.0052882451564073563,-0.038789961487054825,0.12105342000722885,0.052325703203678131,0.14538455009460449,8
0.92800003290176392,0.98626089096069336,0.38477537035942078,0,0.013842570595443249,-0.036685306578874588,0,0.32811221480369568,-0.27924063801765442,8
0.92800003290176392,0.61461663246154785,0.24797168374061584,0,-0.001023388234898448,0.0046576405875384808,0,-0.33235359191894531,0.212991863489151,8
-0.92800003290176392,0.812153160572052,0.54314142465591431,0,0.00046958899474702775,0.020647449418902397,0,0.15612116456031799,0.11353622376918793,8
-0.92800003290176392,1.0196877717971802,0.59390038251876831,0,-0.0075435731559991837,-0.030066207051277161,0,0.23887567222118378,-0.052160132676362991,8
-0.69208037853240967,0.81988793611526489,0.68677550554275513,-0.010371590033173561,0.0093231098726391792,0.00026382273063063622,0.2318614274263382,-0.07481817901134491,-0.23734341561794281,8
-0.25987008213996887,1.0158329010009766,0.70427954196929932,-0.0095155350863933563,0.0082713942974805832,0.015678985044360161,-0.034561045467853546,0.11843159049749374,-0.065960489213466644,8
-0.13281050324440002,0.78710091114044189,0.71708863973617554,0.0076034385710954666,0.011196637526154518,0.0068561169318854809,-0.045900501310825348,0.050957638770341873,-0.19660681486129761,8
0.10429179668426514,0.81603372097015381,0.67957830429077148,0.00018301040108781308,-0.012163271196186543,-0.0057674599811434746,-0.18594357371330261,0.20714114606380463,-0.055208884179592133,8
0.26261529326438904,1.0141172409057617,0.69033312797546387,-0.015673737972974777,-0.022935584187507629,-0.0094764195382595062,0.12696012854576111,0.047147978097200394,-0.046673368662595749,8
0.68870890140533447,0.80998396873474121,0.69047319889068604,0.0034360093995928764,0.01097059715539217,-0.0044947769492864609,0.08955557644367218,0.079356864094734192,-0.059332109987735748,8
0.82071685791015625,1.0399941205978394,0.55335158109664917,0.015634696930646896,0.012954311445355415,0.007583236787468195,-0.073637358844280243,0.18383602797985077,0.01602892205119133,8
0.92800003290176392,0.79506003856658936,0.56291615962982178,0,-0.0031960587948560715,-0.001349210855551064,0,0.26465171575546265,0.35981512069702148,8
-0.92800003290176392,1.0303772687911987,0.75314247608184814,0,0.0097033241763710976,0.046013802289962769,0,0.13702814280986786,-0.12000079452991486,8
-0.92800003290176392,1.0483614206314087,0.92800003290176392,0,0.019394045695662498,0,0,0.16206023097038269,0,8
-0.59428209066390991,1.0530638694763184,0.8336334228515625,-0.041651129722595215,0.0069349342957139015,0.029590051621198654,0.098134197294712067,0.090739518404006958,-0.036738771945238113,8
-0.41377407312393188,1.0094460248947144,0.92800003290176392,-0.0064516887068748474,-0.0024039724376052618,0,-0.0029836778994649649,0.12688350677490234,0,8
-0.029673697426915169,1.0010344982147217,0.92800003290176392,-0.0090197883546352386,0.0033873452339321375,0,-0.036250386387109756,0.065691515803337097,0,8
0.061965197324752808,1.0012408494949341,0.92800003290176392,-0.0044360226020216942,-0.0019468702375888824,0,-0.07690708339214325,0.073799788951873779,0,8
0.4127887487411499,1.0127538442611694,0.92800003290176392,0.0028687845915555954,-0.0023114257492125034,0,-0.15999767184257507,0.052610423415899277,0,8
0.57636153697967529,1.0586087703704834,0.81514787673950195,0.0098503874614834785,-0.0032100621610879898,0.022335182875394821,0.04905405268073082,0.064758367836475372,-0.24222877621650696,8
0.92800003290176392,1.0423852205276489,0.92800003290176392,0,0.00089957122690975666,0,0,0.10375122725963593,0,8
0.92800003290176392,0.99944591522216797,0.74415558576583862,0,-0.0014321254566311836,-0.012862920761108398,0,0.14251045882701874,0.022410189732909203,8
-0.92800003290176392,0.76159107685089111,0.92800003290176392,0,-0.0014003375545144081,0,0,-0.020739641040563583,0,8
-0.72086328268051147,1.0201243162155151,0.92800003290176392,-0.0014354796148836613,-0.0055269710719585419,0,-0.0054678362794220448,0.13122835755348206,0,8
-0.56880682706832886,0.82452547550201416,0.92800003290176392,-0.0020787965040653944,0.0014173164963722229,0,-0.0334772989153862,0.14240959286689758,0,8
-0.33407494425773621,0.61963415145874023,0.92800003290176392,0.0014565718593075871,-0.0026169756893068552,0,0.066550604999065399,0.25231364369392395,0,8
-0.23119847476482391,0.79718631505966187,0.92800003290176392,-0.020928423851728439,-0.0065098139457404613,0,0.021358205005526543,-0.01635158434510231,0,8
0.24048297107219696,0.8091590404510498,0.92800003290176392,-0.012755380943417549,-0.00041983078699558973,0,-0.34673693776130676,-0.074298441410064697,0,8
0.16193689405918121,0.62051540613174438,0.92800003290176392,-0.017219522967934608,0.0023861220106482506,0,-0.039756257086992264,0.10096839070320129,0,8
0.55957180261611938,0.82516127824783325,0.92800003290176392,0.0037577820476144552,-0.011153530329465866,0,0.19878605008125305,0.070727668702602386,0,8
0.73894214630126953,1.0225499868392944,0.92800003290176392,-0.0049291187897324562,0.0022906393278390169,0,0.090216793119907379,0.18334439396858215,0,8
0.92800003290176392,0.76004958152770996,0.92800003290176392,0,0.0076123354956507683,0,0,0.32998409867286682,0,8
-0.92800003290176392,0.64733207225799561,-0.92800003290176392,0,0.019983422011137009,0,0,-0.045453380793333054,0,8
-0.92800003290176392,0.88931626081466675,-0.92800003290176392,0,0.0028097003232687712,0,0,0.31818833947181702,0,8
-0.45854634046554565,1.0029919147491455,-0.92800003290176392,0.044522088021039963,-0.0075661684386432171,0,0.033873952925205231,0.034020956605672836,0,8
-0.41543608903884888,0.80923372507095337,-0.92800003290176392,-0.006004976574331522,0.007598386611789465,0,0.0010976521298289299,0.096395581960678101,0,8
-0.082844525575637817,0.9985385537147522,-0.92800003290176392,0.0060213617980480194,-0.0016730179777368903,0,-0.010748560540378094,0.16244117915630341,0,8
0.20977573096752167,0.9972071647644043,-0.92800003290176392,0.0071268454194068909,1.5886384062469006e-05,0,-0.11873789131641388,0.07245151698589325,0,8
0.3958650529384613,0.80553293228149414,-0.92800003290176392,-0.009395478293299675,0.00010675491648726165,0,-0.17942805588245392,0.073739953339099884,0,8
0.52328008413314819,1.007591724395752,-0.92800003290176392,0.026417804881930351,0.0024104509502649307,0,0.092060171067714691,0.14671793580055237,0,8
0.92800003290176392,0.89812856912612915,-0.92800003290176392,0,0.0021064607426524162,0,0,0.20402306318283081,0,8
0.92800003290176392,0.63768571615219116,-0.92800003290176392,0,0.029496392235159874,0,0,-0.53777009248733521,0,8
-0.92800003290176392,0.75391572713851929,-0.92800003290176392,0,-0.0075261848978698254,0,0,0.33645892143249512,0,8
-0.92800003290176392,1.036588191986084,-0.92800003290176392,0,0.012097914703190327,0,0,0.28416708111763,0,8
-0.6635163426399231,1.0367162227630615,-0.92800003290176392,0.016251210123300552,0.0060630994848906994,0,0.065345481038093567,0.01935272291302681,0,8
-0.27711755037307739,1.0064852237701416,-0.92800003290176392,0.0079368064180016518,-0.00089130864944308996,0,0.16572412848472595,0.075384050607681274,0,8
-0.17958623170852661,1.0007880926132202,-0.92800003290176392,0.0082367444410920143,-0.0011415485059842467,0,0.15499506890773773,0.15454226732254028,0,8
0.25697597861289978,1.0498738288879395,-0.80579274892807007,0.0079715484753251076,-0.00045185472117736936,0.0055183051154017448,-0.30580979585647583,-0.03726973757147789,0.35627356171607971,8
0.33590841293334961,1.0056809186935425,-0.92800003290176392,-0.00046330853365361691,-0.0012189311673864722,0,0.10139933973550797,-0.012723041698336601,0,8
0.68813979625701904,1.019402027130127,-0.92800003290176392,0.014270830899477005,0.00039080926217138767,0,0.048170376569032669,0.11759588867425919,0,8
0.92800003290176392,1.0401009321212769,-0.92800003290176392,0,0.0044200713746249676,0,0,0.24801798164844513,0,8
0.92800003290176392,0.76444566249847412,-0.92800003290176392,0,-0.0057614459656178951,0,0,0.21058808267116547,0,8
-0.92800003290176392,1.0198836326599121,-0.44596150517463684,0,0.004083770327270031,-0.036913570016622543,0,0.15578289330005646,-0.12003845721483231,8
-0.92800003290176392,1.0242111682891846,-0.72345024347305298,0,-0.0093077048659324646,-0.0077099353075027466,0,0.17624011635780334,0.036218676716089249,8
-0.72783011198043823,1.063774585723877,-0.73413437604904175,-0.013081483542919159,0.001015431946143508,-0.011993241496384144,0.031678032130002975,0.061838075518608093,0.0031733603682368994,8
-0.39102131128311157,1.0308566093444824,-0.72140985727310181,0.0041674780659377575,-0.0052156331948935986,0.029813436791300774,0.37463030219078064,-0.075802095234394073,0.060821600258350372,8
-0.084813453257083893,1.0210069417953491,-0.72391009330749512,0.010974711738526821,-0.013953963294625282,0.010675180703401566,-0.04298868402838707,-0.79327869415283203,0.12287821620702744,8
0.092564083635807037,1.0269757509231567,-0.72525817155838013,0.012956611812114716,-0.010966373607516289,0.003620995907112956,-0.47047942876815796,-0.77286988496780396,0.20182384550571442,8
0.46674773097038269,1.0293211936950684,-0.68473845720291138,0.014187496155500412,0.010583325289189816,0.0022056461311876774,-0.05456668883562088,0.067602083086967468,-0.041478656232357025,8
0.74728250503540039,1.0550686120986938,-0.72554558515548706,0.034709382802248001,0.021824637427926064,-0.022032726556062698,0.085602246224880219,0.22083452343940735,-0.10370123386383057,8
0.92800003290176392,0.98635929822921753,-0.66304135322570801,0,0.013939946889877319,-0.030710902065038681,0,0.20589323341846466,-0.28187111020088196,8
0.92800003290176392,0.99035316705703735,-0.53991430997848511,0,-0.00047681669821031392,-0.039970975369215012,0,0.13925568759441376,-0.25107666850090027,8
-0.92800003290176392,0.819385826587677,-0.45015251636505127,0,0.002644344000145793,-0.030026216059923172,0,0.06237204372882843,0.063491575419902802,8
-0.92800003290176392,1.0133360624313354,-0.28524687886238098,0,0.0012886966578662395,-0.038884688168764114,0,0.12695802748203278,0.11454495787620544,8
-0.67443180084228516,1.0232219696044922,-0.42954114079475403,0.038334120064973831,-0.0051964670419692993,-0.017283882945775986,-0.018458513543009758,0.0037470178212970495,-0.12741073966026306,8
-0.53016823530197144,1.0276360511779785,-0.5924190878868103,-0.025699831545352936,-0.031104898080229759,-0.022781003266572952,0.10461246222257614,0.089637130498886108,-0.050748731940984726,8
-0.089328594505786896,1.0053915977478027,-0.51235044002532959,-0.0192448440939188,0.0031384557951241732,-0.016103122383356094,-0.19515523314476013,-0.33981040120124817,-0.87411040067672729,8
0.053761396557092667,0.98634332418441772,-0.55658215284347534,-0.01430487260222435,0.010249157436192036,-0.0028808081988245249,-0.22286218404769897,-0.17810551822185516,-0.68847167491912842,8
0.4889204204082489,1.0235805511474609,-0.5168461799621582,0.029876686632633209,0.00051019887905567884,-0.011367345228791237,0.024425702169537544,0.078141458332538605,0.072459287941455841,8
0.69523382186889648,1.0197029113769531,-0.43740183115005493,-0.048649698495864868,-0.015055306255817413,-0.013411870226264,-0.018394587561488152,0.013959388248622417,-0.057966165244579315,8
0.92800003290176392,0.98866909742355347,-0.32378309965133667,0,-0.0079397968947887421,-0.0011275727301836014,0,0.21287621557712555,0.3602529764175415,8
0.92800003290176392,0.79837614297866821,-0.40338286757469177,0,0.021715568378567696,-0.003382531926035881,0,0.73760640621185303,0.12244195491075516,8
-0.92800003290176392,0.99874615669250488,-0.16237545013427734,0,-0.0015673066955059767,-0.044161096215248108,0,0.10290905833244324,0.22203448414802551,8
-0.78109276294708252,1.0512672662734985,-0.22865207493305206,0.011942422017455101,0.00024091714294627309,-0.030526112765073776,-0.071290545165538788,0.025868028402328491,0.025532504543662071,8
-0.71209245920181274,1.0213589668273926,-0.072523742914199829,-0.0059625236317515373,0.0075369169935584068,-0.0075746355578303337,-0.025660663843154907,-0.012164711020886898,-0.061900351196527481,8
-0.5604516863822937,0.97750431299209595,-0.084350571036338806,-0.025792732834815979,0.0051301382482051849,-0.012765644118189812,-0.18254129588603973,-0.14550575613975525,-0.098063960671424866,8
-0.047400660812854767,1.0688248872756958,-0.23431819677352905,-0.017380867153406143,-0.0036171898245811462,0.0054652085527777672,0.16028282046318054,-0.044121887534856796,0.58026081323623657,8
0.16981947422027588,1.068601131439209,0.019372520968317986,-0.0079744653776288033,-0.0039352625608444214,-0.035174090415239334,-0.018817692995071411,-0.056596171110868454,0.014826579950749874,8
0.47076427936553955,0.99769186973571777,-0.066291496157646179,-0.0060299718752503395,-0.01108181569725275,-0.02678203210234642,0.0090022608637809753,-0.056834135204553604,-0.030571425333619118,8
0.72157466411590576,1.0137139558792114,-0.094206303358078003,0.010439028032124043,0.0012138959718868136,-0.019936896860599518,0.052253395318984985,0.15030641853809357,0.017940232530236244,8
0.8509446382522583,1.0343323945999146,-0.23759672045707703,0.04144890233874321,-0.016669059172272682,-0.02048012800514698,0.20296564698219299,0.090308628976345062,0.29096981883049011,8
0.92800003290176392,0.98287284374237061,-0.17729544639587402,0,0.00076597864972427487,-0.014265133067965508,0,0.19914977252483368,0.1894700676202774,8
-0.92800003290176392,1.0028659105300903,0.1181967630982399,0,0.0019471233244985342,-0.030628863722085953,0,0.067685447633266449,-0.15284562110900879,8
-0.88062971830368042,1.0427727699279785,0.21014700829982758,-0.068573072552680969,-0.023751134052872658,-0.021868361160159111,-0.10337724536657333,-0.10259845852851868,0.033679381012916565,8
-0.70707887411117554,1.02198326587677,0.10621122270822525,-0.018060531467199326,0.0094286343082785606,-0.0005411108722910285,0.0615525022149086,0.071866296231746674,0.12402261793613434,8
-0.52580690383911133,0.98742514848709106,0.082780838012695312,-0.064203478395938873,-0.041474312543869019,-0.0009995907312259078,-0.29121670126914978,0.025606488808989525,0.12770651280879974,8
-0.17617148160934448,1.0687940120697021,0.16954538226127625,-0.031647861003875732,-0.0043615177273750305,-0.021742893382906914,-0.34863278269767761,-0.060840319842100143,0.51101291179656982,8
0.15600438416004181,1.0686928033828735,0.108172208070755,0.0066306451335549355,-0.0040862038731575012,-0.015035991556942463,0.058375008404254913,-0.06015501543879509,-0.19723606109619141,8
0.57501715421676636,0.97192656993865967,0.051011011004447937,0.022254353389143944,-0.0047117038629949093,-0.022719303146004677,-0.0055225002579391003,0.046150993555784225,-0.11281191557645798,8
0.73437273502349854,1.0228198766708374,0.077914319932460785,0.016431944444775581,-0.0027448015753179789,-0.012102029286324978,0.24984286725521088,-0.054411295801401138,0.1102495938539505,8
0.8394700288772583,1.0392442941665649,0.21703691780567169,0.044668462127447128,-0.0021179136820137501,0.018203204497694969,0.20387737452983856,0.049727637320756912,0.4170384407043457,8
0.92800003290176392,0.983318030834198,0.1414075493812561,0,0.01494241040199995,0.0081767048686742783,0,0.1541949063539505,0.24005886912345886,8
-0.92800003290176392,0.81912803649902344,0.37374743819236755,0,0.00030130919185467064,-0.0043407836928963661,0,-0.0013539601350203156,-0.013742171227931976,8
-0.92800003290176392,1.0126092433929443,0.30000856518745422,0,0.0069903810508549213,-0.028998114168643951,0,0.15383617579936981,0.1151505783200264,8
-0.760661780834198,1.0437831878662109,0.47403821349143982,-0.0067144734784960747,0.0005328491679392755,0.0051904274150729179,0.0030892479699105024,0.09779396653175354,-0.045711822807788849,8
-0.43093904852867126,1.0081218481063843,0.54899358749389648,0.016194829717278481,0.0055343932472169399,0.0029565403237938881,0.065106987953186035,0.25205147266387939,-0.10915965586900711,8
-0.064851336181163788,0.98184126615524292,0.57443898916244507,0.007130390964448452,0.0097771193832159042,0.00041434355080127716,-0.049939431250095367,0.1432194709777832,-0.16052520275115967,8
0.063739553093910217,1.0025514364242554,0.48129001259803772,0.0058288476429879665,0.0065786167979240417,-0.011806603521108627,-0.22276531159877777,0.11895939707756042,0.031977433711290359,8
0.50028800964355469,1.0118222236633301,0.41470053791999817,0.041417360305786133,-0.0051800096407532692,0.046074599027633667,0.042983066290616989,0.26673957705497742,0.18282260000705719,8
0.72387415170669556,1.0267070531845093,0.43111202120780945,-0.022336974740028381,0.012890957295894623,-0.0070273559540510178,-0.024241356179118156,0.1721462607383728,-0.0055650663562119007,8
0.92800003290176392,0.9867020845413208,0.28678023815155029,0,0.012336221523582935,0.0072861993685364723,0,0.21346330642700195,0.41662651300430298,8
0.92800003290176392,0.79401105642318726,0.41132628917694092,0,0.028253812342882156,0.025711655616760254,0,-0.022166052833199501,0.014445426873862743,8
-0.92800003290176392,1.0255622863769531,0.49374678730964661,0,-0.007442115806043148,-0.015876621007919312,0,0.1835336834192276,-0.24815164506435394,8
-0.92800003290176392,1.0189727544784546,0.6750565767288208,0,-0.0036871512420475483,-0.01473282091319561,0,0.16113731265068054,0.10415709763765335,8
-0.73072618246078491,1.0533177852630615,0.70232301950454712,-0.0054187201894819736,0.0093769561499357224,0.0079677458852529526,0.067518055438995361,0.025369644165039062,-0.13495670258998871,8
-0.43040657043457031,1.0326334238052368,0.73097473382949829,-0.012919670902192593,-0.0041711977683007717,0.01089198887348175,-0.06586901843547821,0.15029878914356232,0.089942283928394318,8
-0.10274496674537659,1.0290663242340088,0.74392503499984741,-0.0013937678886577487,0.0029510911554098129,0.00054922420531511307,-0.12747861444950104,0.099742181599140167,0.18256556987762451,8
0.063147351145744324,1.0220049619674683,0.69910496473312378,-0.010037594474852085,-0.0055207000114023685,-0.0088033303618431091,0.090575091540813446,0.081343024969100952,-0.0031786689069122076,8
0.42032676935195923,1.0376397371292114,0.76138752698898315,-0.013849310576915741,-0.0060676364228129387,0.026829224079847336,0.095732450485229492,0.12768283486366272,0.11577575653791428,8
0.77210092544555664,1.0611424446105957,0.73027849197387695,0.035741239786148071,0.010303964838385582,0.026309465989470482,-0.29678988456726074,0.086090855300426483,-0.10010852664709091,8
0.92800003290176392,0.96938502788543701,0.63473737239837646,0,0.0012732702307403088,-0.0045976266264915466,0,0.12796127796173096,-0.013031232170760632,8
0.92800003290176392,0.98601001501083374,0.50246143341064453,0,0.0088047925382852554,-0.01109918300062418,0,0.27830207347869873,-0.25288799405097961,8
-0.92800003290176392,0.76159095764160156,0.92800003290176392,0,-0.0013996524503454566,0,0,-0.020752387121319771,0,8
-0.92800003290176392,1.0483615398406982,0.92800003290176392,0,0.01939505897462368,0,0,0.16204400360584259,0,8
-0.69023871421813965,1.0180438756942749,0.92800003290176392,-0.032780855894088745,-0.0084285242483019829,0,0.026738045737147331,0.1388416588306427,0,8
-0.32791265845298767,1.007189154624939,0.92800003290176392,0.0010335855185985565,-0.0028147781267762184,0,-0.03051934577524662,0.13794520497322083,0,8
-0.23851008713245392,1.0059733390808105,0.92800003290176392,-0.0084376949816942215,0.0016544692916795611,0,0.066611878573894501,0.11011801660060883,0,8
0.20142561197280884,1.0536861419677734,0.81026512384414673,-0.014730433933436871,-0.013064426369965076,0.0030167496297508478,0.11231048405170441,0.073436334729194641,0.23046416044235229,8
0.30680069327354431,1.006893515586853,0.92800003290176392,-0.0026343141216784716,-0.0047664707526564598,0,0.12352901697158813,0.12607647478580475,0,8
0.66610437631607056,1.0156991481781006,0.92800003290176392,0.0014310306869447231,0.0024385063443332911,0,-0.14437131583690643,-0.006220230832695961,0,8
0.92800003290176392,1.0423845052719116,0.92800003290176392,0,0.00089686561841517687,0,0,0.10379486531019211,0,8
0.92800003290176392,0.76004958152770996,0.92800003290176392,0,0.0076154260896146297,0,0,0.33008769154548645,0,8
-0.92800003290176392,0.64068835973739624,0.92800003290176392,0,-0.026145001873373985,0,0,0.16791293025016785,0,8
-0.92800003290176392,0.90026503801345825,0.92800003290176392,0,0.0039902017451822758,0,0,0.13772086799144745,0,8
-0.50151139497756958,1.0130691528320312,0.92800003290176392,-0.047592494636774063,0.002770125400274992,0,0.14111213386058807,0.11835841834545135,0,8
-0.40254798531532288,0.80151510238647461,0.92800003290176392,0.0070057590492069721,0.017354484647512436,0,0.012177060358226299,-0.010036713443696499,0,8
-0.13162155449390411,1.0011396408081055,0.92800003290176392,-0.012401585467159748,0.0084407897666096687,0,0.067240938544273376,0.068096369504928589,0,8
0.17614074051380157,1.0043653249740601,0.92800003290176392,-0.0026841862127184868,-0.0040704547427594662,0,0.062675520777702332,0.10449805110692978,0,8
0.40137684345245361,0.81924504041671753,0.92800003290176392,0.0019786125048995018,0.0090303570032119751,0,0.11124896258115768,-0.013145952485501766,0,8
0.5305246114730835,1.0149328708648682,0.92800003290176392,0.0036972751840949059,-0.0032590865157544613,0,-0.15644223988056183,0.12006096541881561,0,8
0.92800003290176392,0.89729160070419312,0.92800003290176392,0,0.0019835226703435183,0,0,0.23250630497932434,0,8
0.92800003290176392,0.64304655790328979,0.92800003290176392,0,0.0045085889287292957,0,0,0.012781172059476376,0,8
