x,y,z,vx,vy,vz,ax,ay,az,mass
-0.39239180088043213,-0.13835310935974121,-1.2467715740203857,-3.6754466137267627e-09,1.2321579312413178e-09,4.5301140616516022e-09,2.3673187854456046e-07,-2.0243889764515188e-07,8.4153320756286121e-08,8
-0.24555081129074097,-0.023670315742492676,-1.14914870262146,0.0012528650695458055,0.00097848963923752308,0.00083294167416170239,-0.63606643676757812,-0.49676862359046936,-0.42287001013755798,8
-0.11650347709655762,0.077115654945373535,-1.0633554458618164,-0.027253616601228714,-0.021285079419612885,-0.01811877079308033,-0.33932217955589294,-0.26501083374023438,-0.22558841109275818,8
0.13015291094779968,0.26975405216217041,-0.89937329292297363,-0.027154238894581795,-0.021207453683018684,-0.018052700906991959,0.31436589360237122,0.24552001059055328,0.20899681746959686,8
0.005633234977722168,0.17250430583953857,-0.98215645551681519,0.00024632664280943573,0.00019238372624386102,0.00016378663713112473,0.20655810832977295,0.16132129728794098,0.13732440769672394,8
0.38094702363014221,0.46562409400939941,-0.73264020681381226,-0.041634991765022278,-0.032516922801733017,-0.027679776772856712,0.0057267392985522747,0.0044725830666720867,0.0038078424986451864,8
0.38094702363014221,0.46562409400939941,-0.73264020681381226,-0.041634991765022278,-0.032516922801733017,-0.027679776772856712,0.0057267392985522747,0.0044725830666720867,0.0038078424986451864,8
0.62856674194335938,0.65901505947113037,-0.56801760196685791,-0.026180045679211617,-0.020446600392460823,-0.01740502193570137,-0.071057915687561035,-0.055496297776699066,-0.047240570187568665,8
0.62856674194335938,0.65901505947113037,-0.56801760196685791,-0.026180045679211617,-0.020446600392460823,-0.01740502193570137,-0.071057915687561035,-0.055496297776699066,-0.047240570187568665,8
0.90327990055084229,0.87356597185134888,-0.38538265228271484,2.6111095507985738e-09,2.4354549488236898e-09,-1.730260379417814e-09,-2.2351740369686013e-07,2.2351740369686013e-07,0,8
-0.52143561840057373,-0.27208083868026733,-0.89557105302810669,-0.017539581283926964,-0.018176199868321419,0.047734953463077545,-0.0076195406727492809,-0.0078958086669445038,0.02073637954890728,8
-0.31903594732284546,-0.097461655735969543,-0.98047411441802979,-0.028634309768676758,-0.020697087049484253,-0.041138786822557449,-1.123831033706665,-0.89037042856216431,-0.57922589778900146,8
-0.1443154513835907,0.024209298193454742,-0.66819137334823608,-0.034133996814489365,-0.022093914449214935,-0.083241559565067291,-0.31225693225860596,-0.14174222946166992,-1.5622924566268921,8
-0.062413603067398071,0.10247552394866943,-0.80343586206436157,-0.056770056486129761,-0.040295898914337158,-0.091350093483924866,-0.15277682244777679,-0.0017774103907868266,-1.6607040166854858,8
0.076184123754501343,0.20965255796909332,-0.69713044166564941,-0.019485868513584137,-0.01194853987544775,-0.05632811039686203,0.82909536361694336,0.62799358367919922,0.81025975942611694,8
0.2171766459941864,0.32107377052307129,-0.62072032690048218,0.021695643663406372,0.018567025661468506,-0.0071007236838340759,-0.49641427397727966,-0.380633145570755,-0.42374402284622192,8
0.35418099164962769,0.42724597454071045,-0.51865261793136597,0.0074279094114899635,0.0066351136192679405,-0.0061231250874698162,-0.0012952553806826472,-0.073770157992839813,0.9642336368560791,8
0.439210444688797,0.47954070568084717,-0.27491879463195801,-0.0079862475395202637,-0.0061672329902648926,-0.0062383674085140228,-0.061562951654195786,-0.030961630865931511,-0.26801124215126038,8
0.67806154489517212,0.68280500173568726,-0.33793097734451294,0.025835335254669189,0.026095926761627197,-0.061330538243055344,0.035429298877716064,0.055197175592184067,-0.34157583117485046,8
0.77669620513916016,0.74238765239715576,-0.040877640247344971,-0.0024409294128417969,-0.0025295168161392212,0.006643146276473999,-0.098312787711620331,-0.10188101977109909,0.26756420731544495,8
-0.52143561840057373,-0.27208083868026733,-0.89557105302810669,-0.017539581283926964,-0.018176199868321419,0.047734953463077545,-0.0076195406727492809,-0.0078958086669445038,0.02073637954890728,8
-0.30213505029678345,-0.1094781905412674,-0.63475865125656128,0.0034394562244415283,0.015689730644226074,-0.17019835114479065,-1.0356947183609009,-0.94646567106246948,1.1364787817001343,8
-0.17864854633808136,-0.018254965543746948,-0.48342600464820862,-0.056461744010448456,-0.042593762278556824,-0.057471375912427902,-2.5387232303619385,-2.0252840518951416,-1.1234949827194214,8
-0.055777698755264282,0.092530414462089539,-0.5983622670173645,-0.12362997978925705,-0.089159511029720306,-0.1802888810634613,-0.40085431933403015,-0.15679521858692169,-2.3393769264221191,8
-0.034082144498825073,0.097126886248588562,-0.42015230655670166,0.0015347003936767578,0.0045728087425231934,-0.043736647814512253,1.1788650751113892,0.81491029262542725,2.1869018077850342,8
0.22571472823619843,0.29974609613418579,-0.2436930239200592,-0.0018019188428297639,0.00020287133520469069,-0.02255621924996376,-1.2064337730407715,-0.97965061664581299,-0.30562826991081238,8
0.33194959163665771,0.39524936676025391,-0.33932116627693176,-0.0071800011210143566,-0.0068142642267048359,0.011232443153858185,-0.63550460338592529,-0.56931740045547485,0.54565060138702393,8
0.33942276239395142,0.38662326335906982,-0.14251333475112915,-0.016259491443634033,-0.011664658784866333,-0.024525370448827744,0.22863125801086426,0.20486493408679962,-0.19691157341003418,8
0.50321733951568604,0.52158570289611816,-0.1269877552986145,0.013184040784835815,0.010208338499069214,0.009937455877661705,0.14760765433311462,0.070271886885166168,0.69516128301620483,8
0.77669620513916016,0.74238765239715576,-0.040877640247344971,-0.0024409294128417969,-0.0025295168161392212,0.006643146276473999,-0.098312787711620331,-0.10188101977109909,0.26756420731544495,8
-0.63430517911911011,-0.38904702663421631,-0.5883902907371521,0.0042158556170761585,0.004368878435343504,-0.011473672464489937,-0.045851912349462509,-0.047516223043203354,0.1247897669672966,8
-0.4442407488822937,-0.22807894647121429,-0.6282077431678772,-0.025358684360980988,-0.01005412545055151,-0.14620065689086914,-0.26383659243583679,-0.077532351016998291,-1.8802028894424438,8
-0.33651489019393921,-0.14694274961948395,-0.5168268084526062,0.074402295053005219,0.077240131795406342,-0.20431172847747803,1.2035485506057739,1.3251873254776001,-4.3095602989196777,8
-0.10784527659416199,0.027138344943523407,-0.30498293042182922,0.033814042806625366,0.035833418369293213,-0.10253305733203888,0.41635727882385254,0.27454602718353271,0.94837450981140137,8
-0.0059611201286315918,0.10394027829170227,-0.20051172375679016,0.072814799845218658,0.058764025568962097,0.023263085633516312,1.1335213184356689,0.94619524478912354,-0.054441574960947037,8
0.14178669452667236,0.22214557230472565,-0.13961648941040039,0.018753748387098312,0.018223308026790619,-0.034974358975887299,0.0035775077994912863,0.13166584074497223,-1.7070409059524536,8
0.16083374619483948,0.22765423357486725,-0.0027041751891374588,0.012939512729644775,0.0085078179836273193,0.029798431321978569,-0.054272372275590897,0.077160678803920746,-1.6218080520629883,8
0.4386882483959198,0.4590533971786499,-0.008922310546040535,0.026979297399520874,0.024515509605407715,-0.027755429968237877,0.66359043121337891,0.58733916282653809,-0.47506681084632874,8
0.5798027515411377,0.57395279407501221,0.02269655279815197,0.0094699561595916748,0.009088367223739624,-0.01615249365568161,-0.20800551772117615,-0.14064472913742065,-0.42754912376403809,8
0.6612810492515564,0.62278330326080322,0.27323156595230103,-0.0075933574698865414,-0.0078689595684409142,0.02066577784717083,-0.10964807122945786,-0.11362817138433456,0.2984149158000946,8
-0.63562875986099243,-0.39041870832443237,-0.58478790521621704,0.01285727322101593,0.013323932886123657,-0.034991778433322906,0.25172832608222961,0.26086515188217163,-0.68509262800216675,8
-0.50446182489395142,-0.29199343919754028,-0.44431477785110474,-0.071330241858959198,-0.049072548747062683,-0.13544991612434387,-1.810649037361145,-1.3585455417633057,-1.9408968687057495,8
-0.25348380208015442,-0.092146918177604675,-0.32829937338829041,0.03783685714006424,0.040643200278282166,-0.12198310345411301,0.51443266868591309,0.48322182893753052,-0.7383837103843689,8
-0.1635771244764328,-0.027717836201190948,-0.19175282120704651,-0.016668170690536499,-0.011221975088119507,-0.034902472048997879,1.6910808086395264,1.3904409408569336,0.19964529573917389,8
-0.085142284631729126,0.026625514030456543,-0.047894187271595001,0.0074843848124146461,0.0072987815365195274,-0.014304259791970253,0.15209732949733734,0.18997012078762054,-0.8430788516998291,8
0.039997771382331848,0.12902079522609711,-0.026523703709244728,-0.014467597007751465,-0.0083686411380767822,-0.048490170389413834,-0.15897834300994873,-0.017106654122471809,-1.525705099105835,8
0.076921164989471436,0.14641819894313812,0.1497662365436554,0.023163050413131714,0.017293870449066162,0.025964092463254929,0.94241589307785034,0.85973083972930908,-1.0143305063247681,8
0.27787229418754578,0.32449430227279663,0.0030392240732908249,0.020788460969924927,0.018526643514633179,-0.016566555947065353,0.60067117214202881,0.51802641153335571,-0.24932433664798737,8
0.50482916831970215,0.49944716691970825,0.18443818390369415,0.033649861812591553,0.030238747596740723,-0.030132342129945755,0.30025270581245422,0.36505129933357239,-1.5321247577667236,8
0.6612810492515564,0.622783362865448,0.27323147654533386,-0.0075936107896268368,-0.0078692277893424034,0.020666478201746941,-0.10966729372739792,-0.11364828795194626,0.29846677184104919,8
-0.75068426132202148,-0.50965034961700439,-0.27165767550468445,-0.010708287358283997,-0.011096954345703125,0.029143191874027252,-0.1183144673705101,-0.12260913103818893,0.32199984788894653,8
-0.56986021995544434,-0.35852408409118652,-0.28279680013656616,-0.05486530065536499,-0.03954005241394043,-0.080377168953418732,-1.7298969030380249,-1.3333510160446167,-1.3848030567169189,8
-0.3762052059173584,-0.2178373783826828,-0.014007510617375374,0.014828473329544067,0.0096266269683837891,0.035782784223556519,0.94075077772140503,0.91316604614257812,-1.7414687871932983,8
-0.21300661563873291,-0.082485511898994446,-0.010217251256108284,0.064708121120929718,0.057426199316978455,-0.048362437635660172,2.3967101573944092,2.0814085006713867,-1.1865805387496948,8
-0.18259024620056152,-0.06985647976398468,0.15758693218231201,0.065717123448848724,0.051941283047199249,0.035515982657670975,1.4071428775787354,1.240848183631897,-0.94633972644805908,8
-0.063842609524726868,0.031597815454006195,0.12096640467643738,0.0030573687981814146,0.0066538592800498009,-0.05455460399389267,-0.045979969203472137,0.12604635953903198,-2.1788463592529297,8
0.21783167123794556,0.26208359003067017,0.16897512972354889,0.048905134201049805,0.037315815687179565,0.044173412024974823,1.1966379880905151,0.89990073442459106,1.255457878112793,8
0.18283563852310181,0.22044838964939117,0.33543509244918823,0.032205909490585327,0.023011565208435059,0.049813460558652878,1.2179315090179443,0.93330562114715576,1.0471200942993164,8
0.45546707510948181,0.4458271861076355,0.35149338841438293,0.0099434256553649902,0.0081681013107299805,0.0012745261192321777,0.67258602380752563,0.54639947414398193,0.1671469658613205,8
0.5455939769744873,0.50289732217788696,0.58808046579360962,-0.0076442062854766846,-0.0079216510057449341,0.020804151892662048,0.010755098424851894,0.01114617008715868,-0.029271336272358894,8
-0.75074279308319092,-0.50971096754074097,-0.27149838209152222,-0.010575782507658005,-0.010959633626043797,0.028782619163393974,-0.1006905809044838,-0.10434464365243912,0.27403569221496582,8
-0.63234233856201172,-0.42379075288772583,-0.10589408874511719,-0.02380826324224472,-0.018347309902310371,-0.019103880971670151,-0.84656035900115967,-0.69723623991012573,-0.084317691624164581,8
-0.50567722320556641,-0.32483410835266113,-0.022099645808339119,0.022263593971729279,0.012466325424611568,0.080082885921001434,-0.45430248975753784,-0.48239660263061523,1.3903466463088989,8
-0.27943617105484009,-0.14566816389560699,0.095523536205291748,0.016840308904647827,0.016252368688583374,-0.029925184324383736,0.39287778735160828,0.36074793338775635,-0.45389142632484436,8
-0.1672898530960083,-0.070870503783226013,0.33971452713012695,0.01689717173576355,0.0092958807945251465,0.062975779175758362,-0.14438173174858093,-0.13557535409927368,0.20662049949169159,8
-0.040896870195865631,0.038297787308692932,0.28505748510360718,0.023769188672304153,0.015176094137132168,0.060737583786249161,-0.040620598942041397,-0.07576683908700943,0.5571906566619873,8
0.063347071409225464,0.12393207848072052,0.2983870804309845,-0.0030496609397232533,-0.0056112180463969707,0.040809214115142822,1.3885775804519653,0.98766595125198364,2.2073276042938232,8
0.24577367305755615,0.26154112815856934,0.48421370983123779,0.0065523493103682995,0.0068446625955402851,-0.018555156886577606,-1.2481271028518677,-0.95495599508285522,-1.0928201675415039,8
0.33494624495506287,0.3209262490272522,0.67957222461700439,0.0085130417719483376,0.0047074398025870323,0.031408727169036865,0.5960192084312439,0.3676007091999054,1.6947017908096313,8
0.5455939769744873,0.50289732217788696,0.58808046579360962,-0.0076442062854766846,-0.0079216510057449341,0.020804151892662048,0.010755098424851894,0.01114617008715868,-0.029271336272358894,8
-0.86667519807815552,-0.62985122203826904,0.044018268585205078,0.0027458709664642811,0.0028455178253352642,-0.0074730087071657181,-0.0083130598068237305,-0.0086148083209991455,0.022625325247645378,8
-0.5610080361366272,-0.38107013702392578,0.11385506391525269,0.01427614688873291,0.0067097842693328857,0.068383842706680298,0.31483891606330872,0.21363146603107452,0.63719403743743896,8
-0.42486092448234558,-0.27077347040176392,0.15176428854465485,-0.014835149049758911,-0.01288837194442749,0.007409263402223587,-0.28975570201873779,-0.43427684903144836,2.5660903453826904,8
-0.43497323989868164,-0.29278421401977539,0.33224296569824219,0.026252925395965576,0.022285133600234985,-0.0061786137521266937,0.27990403771400452,0.20437160134315491,0.37489110231399536,8
-0.30350536108016968,-0.1780102401971817,0.25917664170265198,-0.012846440076828003,-0.017954379320144653,0.096531622111797333,-0.41540378332138062,-0.47784841060638428,1.7588473558425903,8
-0.0435619056224823,0.024178490042686462,0.4429621696472168,0.033112555742263794,0.023516476154327393,0.0531112439930439,1.5736486911773682,1.079791784286499,3.0256130695343018,8
-0.031040400266647339,0.021912746131420135,0.61105787754058838,0.066801011562347412,0.050006195902824402,0.073133304715156555,1.8742899894714355,1.5542975664138794,0.04592321440577507,8
0.093799322843551636,0.13490831851959229,0.48851007223129272,0.026962079107761383,0.017277015373110771,0.068069107830524445,-0.35327371954917908,-0.39712336659431458,1.3730090856552124,8
0.2051122784614563,0.21737174689769745,0.62183046340942383,0.0083238184452056885,0.010947257280349731,-0.053444765508174896,-0.032055526971817017,0.11488436907529831,-1.8772799968719482,8
0.36960184574127197,0.32051742076873779,1.0670531988143921,-0.0010946608381345868,-0.001134381745941937,0.0029791856650263071,0.040879793465137482,0.042364116758108139,-0.1112581267952919,8
-0.86667519807815552,-0.62985122203826904,0.044018268585205078,0.0027458709664642811,0.0028455178253352642,-0.0074730087071657181,-0.0083130598068237305,-0.0086148083209991455,0.022625325247645378,8
-0.79278868436813354,-0.58476358652114868,0.26050645112991333,-0.048594094812870026,-0.039952829480171204,-0.0057657998986542225,-1.3804091215133667,-1.2128850221633911,0.87015682458877563,8
-0.54326605796813965,-0.37834262847900391,0.27327093482017517,0.04125136137008667,0.033495664596557617,0.010468093678355217,0.73513442277908325,0.51078110933303833,1.3291552066802979,8
-0.55975323915481567,-0.4058152437210083,0.45591902732849121,0.001012265682220459,-0.005211949348449707,0.080293670296669006,-0.1247176006436348,-0.18661420047283173,1.1004104614257812,8
-0.29192435741424561,-0.19723503291606903,0.64185690879821777,0.013456680811941624,0.0057736774906516075,0.071766473352909088,0.28531038761138916,0.11601757258176804,1.6064469814300537,8
-0.1515837162733078,-0.085765376687049866,0.71043771505355835,0.025100477039813995,0.017195893451571465,0.048622053116559982,0.15197059512138367,0.091281324625015259,0.46457019448280334,8
-0.033148109912872314,0.0051155388355255127,0.81062793731689453,-0.0068270182237029076,-0.0050050774589180946,-0.0088735036551952362,-0.39702478051185608,-0.31737551093101501,-0.16712149977684021,8
0.05648919939994812,0.089821875095367432,0.67523783445358276,-0.014814957976341248,-0.010936528444290161,-0.018258256837725639,-1.4423239231109619,-1.0141478776931763,-2.4485771656036377,8
0.22472661733627319,0.20586119592189789,0.99074834585189819,0.024680078029632568,0.015745609998703003,0.063225209712982178,0.67117983102798462,0.49570706486701965,0.82404083013534546,8
0.42619073390960693,0.37916016578674316,0.91304343938827515,0.01198582723736763,0.012420854531228542,-0.032620087265968323,0.1191040426492691,0.12342650443315506,-0.32414805889129639,8
-0.99516755342483521,-0.76300728321075439,0.39371758699417114,4.1159289310144231e-09,-1.5430702049457068e-08,5.7255773455722192e-09,1.349602740674527e-07,-6.9076492081876495e-07,2.3956133077263075e-07,8
-0.71862024068832397,-0.54702401161193848,0.5775718092918396,0.010138830170035362,0.0079184342175722122,0.0067405118606984615,0.33388769626617432,0.26076635718345642,0.22197607159614563,8
-0.71862024068832397,-0.54702401161193848,0.5775718092918396,0.010138830170035362,0.0079184342175722122,0.0067405118606984615,0.33388769626617432,0.26076635718345642,0.22197607159614563,8
-0.46927040815353394,-0.35228198766708374,0.74334460496902466,-0.0033395919017493725,-0.002608210314065218,-0.002220215043053031,-0.22790278494358063,-0.17799165844917297,-0.15151356160640717,8
-0.59322142601013184,-0.44908761978149414,0.66093945503234863,0.001570803695358336,0.0012267719721421599,0.0010442767525091767,-0.07102879136800766,-0.055475074797868729,-0.047222763299942017,8
-0.22140520811080933,-0.15869927406311035,0.9081304669380188,-0.0089269578456878662,-0.0069719478487968445,-0.0059348046779632568,-0.13142858445644379,-0.1026458814740181,-0.087376035749912262,8
-0.22140520811080933,-0.15869927406311035,0.9081304669380188,-0.0089269578456878662,-0.0069719478487968445,-0.0059348046779632568,-0.13142858445644379,-0.1026458814740181,-0.087376035749912262,8
0.02666175365447998,0.03504103422164917,1.0730504989624023,0.00086897832807153463,0.00067868339829146862,0.00057772145373746753,0.18359816074371338,0.14339029788970947,0.12205982208251953,8
0.02666175365447998,0.03504103422164917,1.0730504989624023,0.00086897832807153463,0.00067868339829146862,0.00057772145373746753,0.18359816074371338,0.14339029788970947,0.12205982208251953,8
0.30050420761108398,0.24891185760498047,1.2551064491271973,1.5048193802158494e-09,-2.9649958044331015e-09,5.2571280662050413e-12,1.2347786082500534e-07,2.076311744758641e-07,-5.1750095764191428e-08,8
-0.39239180088043213,-0.13835310935974121,-1.2467715740203857,-3.6754466137267627e-09,1.2321579312413178e-09,4.5301140616516022e-09,2.3673187854456046e-07,-2.0243889764515188e-07,8.4153320756286121e-08,8
-0.39239180088043213,-0.13835310935974121,-1.2467715740203857,-3.6754466137267627e-09,1.2321579312413178e-09,4.5301140616516022e-09,2.3673187854456046e-07,-2.0243889764515188e-07,8.4153320756286121e-08,8
-0.11650347709655762,0.077115654945373535,-1.0633554458618164,-0.027253616601228714,-0.021285079419612885,-0.01811877079308033,-0.33932217955589294,-0.26501083374023438,-0.22558841109275818,8
0.13015291094779968,0.26975405216217041,-0.89937329292297363,-0.027154272422194481,-0.021207461133599281,-0.018052699044346809,0.31436532735824585,0.24551978707313538,0.20899687707424164,8
0.3809349536895752,0.4656146764755249,-0.73264831304550171,-0.04140646755695343,-0.032338440418243408,-0.027527868747711182,0.0058804075233638287,0.0045925001613795757,0.0039090961217880249,8
0.25490266084671021,0.3671836256980896,-0.81643706560134888,-0.020903715863823891,-0.01632576622068882,-0.013897214084863663,0.011235157959163189,0.0087762437760829926,0.0074706501327455044,8
0.50471764802932739,0.56228888034820557,-0.65035510063171387,-0.026501024141907692,-0.020697275176644325,-0.017618421465158463,0.11854597926139832,0.092584706842899323,0.078811340034008026,8
0.62856674194335938,0.65901505947113037,-0.56801760196685791,-0.026180045679211617,-0.020446600392460823,-0.01740502193570137,-0.071057915687561035,-0.055496297776699066,-0.047240570187568665,8
0.90327990055084229,0.87356597185134888,-0.38538265228271484,2.6111095507985738e-09,2.4354549488236898e-09,-1.730260379417814e-09,-2.2351740369686013e-07,2.2351740369686013e-07,0,8
0.90327990055084229,0.87356597185134888,-0.38538265228271484,2.6111095507985738e-09,2.4354549488236898e-09,-1.730260379417814e-09,-2.2351740369686013e-07,2.2351740369686013e-07,0,8
-0.46055096387863159,-0.20898622274398804,-1.0612723827362061,-0.01240090373903513,-0.012850983999669552,0.0337497778236866,-0.29721722006797791,-0.30800333619117737,0.80889326333999634,8
-0.37163752317428589,0.096480540931224823,-0.85478973388671875,-0.18370199203491211,0.14252676069736481,-0.021685197949409485,-0.96398943662643433,-0.74257981777191162,-3.6954431533813477,8
-0.20447325706481934,-0.0094605088233947754,-0.8847811222076416,-0.047713540494441986,-0.03442661464214325,-0.069361284375190735,0.067319869995117188,-0.056426521390676498,1.4906282424926758,8
-0.1521858274936676,0.26971349120140076,-0.70771569013595581,0.25626572966575623,0.11625844240188599,0.12250598520040512,-0.41437533497810364,1.5856796503067017,0.78822743892669678,8
0.044862143695354462,0.1708093136548996,-0.52719992399215698,0.046692419797182083,0.042146332561969757,-0.044294312596321106,2.8868622779846191,2.3281903266906738,0.94362854957580566,8
0.24018928408622742,0.32429623603820801,-0.40976539254188538,-0.044013138860464096,-0.033936105668544769,-0.035072334110736847,-1.5621639490127563,-1.2673488855361938,-0.4111461341381073,8
0.23528684675693512,0.78866714239120483,-0.41347479820251465,0.018138652667403221,0.11125870794057846,0.039060477167367935,0.098382413387298584,-1.129605770111084,0.87734854221343994,8
0.49500817060470581,0.53820884227752686,-0.43798530101776123,0.041840553283691406,0.03675234317779541,-0.026234656572341919,0.5863679051399231,0.50442695617675781,-0.22660462558269501,8
0.53431808948516846,0.84833967685699463,-0.29894563555717468,0.080857403576374054,0.065597496926784515,-0.0095270797610282898,-0.38447833061218262,0.60779011249542236,0.97981637716293335,8
0.83602821826934814,0.80387312173843384,-0.20235306024551392,0.0049947402440011501,0.0051759947091341019,-0.013593381270766258,-0.048138149082660675,-0.049887213855981827,0.13101378083229065,8
-0.52143561840057373,-0.27208083868026733,-0.89557105302810669,-0.017539581283926964,-0.018176199868321419,0.047734953463077545,-0.0076195406727492809,-0.0078958086669445038,0.02073637954890728,8
-0.36753994226455688,-0.1503864973783493,-0.81317955255508423,-0.0052275955677032471,0.0086593925952911377,-0.17249307036399841,-1.5294115543365479,-1.3690029382705688,1.2983080148696899,8
-0.23175680637359619,-0.045173779129981995,-0.71184688806533813,0.062711626291275024,0.063459128141403198,-0.15039615333080292,-0.10741441696882248,-0.0030934808310121298,-1.1431598663330078,8
-0.174881711602211,0.30720376968383789,-0.50272351503372192,0.17657433450222015,0.10781880468130112,0.037644065916538239,2.1195206642150879,-2.0864717960357666,1.2129917144775391,8
0.14843712747097015,0.25249952077865601,-0.46892866492271423,0.028191179037094116,0.025026708841323853,-0.02117602713406086,0.56209713220596313,0.44205752015113831,0.3331034779548645,8
0.092290222644805908,0.194451704621315,-0.31793907284736633,0.024182766675949097,0.020650327205657959,-0.007316097617149353,0.49599674344062805,0.33642050623893738,1.0056178569793701,8
0.24555908143520355,0.5941728949546814,-0.44754952192306519,0.097265556454658508,0.08077201247215271,0.065286852419376373,-2.0428645610809326,-0.51887869834899902,1.617404580116272,8
0.53240954875946045,0.5560334324836731,-0.26209333539009094,0.010396961122751236,0.0071592847816646099,0.019655715674161911,0.42473191022872925,0.33285966515541077,0.26718819141387939,8
0.6467100977897644,0.64479261636734009,-0.17934587597846985,0.0066937422379851341,0.0051536420360207558,0.0054344083182513714,0.062195703387260437,0.093576483428478241,-0.55556404590606689,8
0.77669620513916016,0.74238765239715576,-0.040877640247344971,-0.0024409294128417969,-0.0025295168161392212,0.006643146276473999,-0.098312787711620331,-0.10188101977109909,0.26756420731544495,8
-0.57779639959335327,-0.33048719167709351,-0.74218213558197021,-0.0022032179404050112,-0.0022832017857581377,0.005996194202452898,0.38623479008674622,0.40025302767753601,-1.0511608123779297,8
-0.58090722560882568,-0.079123638570308685,-0.48393794894218445,0.015169136226177216,-0.13786853849887848,-0.037014763802289963,-1.4520857334136963,-0.11558397859334946,-6.273277759552002,8
-0.41770824790000916,0.052659802138805389,-0.43993061780929565,0.062911540269851685,-0.17936490476131439,0.016913393512368202,3.7817924022674561,-4.178462028503418,1.3917472362518311,8
-0.26632028818130493,0.18711420893669128,-0.37630817294120789,0.47958278656005859,0.19821536540985107,-0.24701742827892303,11.070565223693848,2.2464752197265625,-6.9846940040588379,8
-0.04581601545214653,0.36103558540344238,0.059799354523420334,0.23069225251674652,0.055842343717813492,0.0020516286604106426,2.3132915496826172,-0.21669957041740417,-1.8144376277923584,8
-1.0565305948257446,0.61221593618392944,-0.59190434217453003,-0.65894836187362671,0.85521548986434937,-0.28968524932861328,-10.02908992767334,8.3581438064575195,-19.61729621887207,8
0.076723061501979828,0.46869683265686035,-0.10284487158060074,0.072557501494884491,0.072614945471286774,0.085268586874008179,0.035642310976982117,-0.65324032306671143,0.74110525846481323,8
0.21712052822113037,0.5954660177230835,-0.028102239593863487,0.044423963874578476,0.03206980973482132,0.024737879633903503,-0.72080147266387939,-0.51465499401092529,-0.48134908080101013,8
0.43367010354995728,0.72924637794494629,-0.00014509417815133929,0.074247166514396667,0.096600353717803955,-0.051245301961898804,-1.22327721118927,1.0589185953140259,0.28089925646781921,8
0.71941417455673218,0.68302655220031738,0.11501872539520264,-0.0027261711657047272,-0.0028251598123461008,0.0074194660410284996,0.023352092131972313,0.024199217557907104,-0.063553176820278168,8
-0.63953769207000732,-0.3944694995880127,-0.57414960861206055,0.010149911046028137,0.010518327355384827,-0.027623593807220459,0.93205744028091431,0.96588778495788574,-2.5366477966308594,8
-0.36663597822189331,-0.18131808936595917,-0.39292195439338684,0.035494916141033173,0.040719673037528992,-0.1488158106803894,0.50562745332717896,0.54963332414627075,-1.7163556814193726,8
-0.30414438247680664,-0.14648135006427765,-0.16608263552188873,0.0056108236312866211,0.0038591921329498291,0.01066550612449646,0.11319278925657272,0.16359506547451019,-0.92213660478591919,8
-0.20070675015449524,0.20101115107536316,0.0064130327664315701,0.27013173699378967,0.080095648765563965,0.17916101217269897,5.2101187705993652,7.9026823043823242,5.2570343017578125,8
-0.68691045045852661,0.12834136188030243,-0.28752490878105164,-0.16525526344776154,-0.26867774128913879,-0.20229232311248779,2.0966835021972656,-2.5523533821105957,-4.8552107810974121,8
-0.42122453451156616,0.42088121175765991,0.60409742593765259,0.089260436594486237,0.11364211142063141,0.1540057510137558,1.6194509267807007,1.8231700658798218,0.35310071706771851,8
0.1079121008515358,0.48305124044418335,0.085372880101203918,0.017828885465860367,0.026516461744904518,-0.020499812439084053,-1.6929993629455566,-0.36598801612854004,-1.5636293888092041,8
0.34761273860931396,0.36518865823745728,0.23209457099437714,-0.00506202457472682,-0.0057395626790821552,0.020326631143689156,-1.2644203901290894,-1.0659024715423584,0.19919122755527496,8
0.38229748606681824,0.40445864200592041,0.093576252460479736,0.0061879944987595081,0.0051317880861461163,0.00014819031639490277,0.38810399174690247,0.35907623171806335,-0.4843553900718689,8
0.60428082942962646,0.56371414661407471,0.4283607006072998,-0.015759915113449097,-0.016331970691680908,0.042891517281532288,-0.34201917052268982,-0.35443511605262756,0.93082618713378906,8
-0.69306832551956177,-0.4499431848526001,-0.42846280336380005,-0.017144642770290375,-0.017766969278454781,0.046660196036100388,0.084920741617679596,0.088000982999801636,-0.23111487925052643,8
-0.47550654411315918,-0.29126846790313721,-0.13471689820289612,-0.033608697354793549,-0.030759798362851143,0.037497777491807938,0.32902812957763672,0.45810198783874512,-2.4491686820983887,8
-0.42554128170013428,-0.240472212433815,-0.2576671838760376,-0.032317280769348145,-0.024769335985183716,-0.027724925428628922,-0.11705874651670456,-0.099686972796916962,0.031803511083126068,8
-0.41336297988891602,0.027142012491822243,-0.023374505341053009,0.021701313555240631,-0.26228165626525879,0.088037468492984772,-0.63335466384887695,-2.104299783706665,3.2820572853088379,8
-0.36489513516426086,0.4563772976398468,0.38261213898658752,-0.03513852134346962,0.10731285065412521,0.14156034588813782,0.1309361606836319,5.2147336006164551,1.1070084571838379,8
-0.32688838243484497,0.34295222163200378,0.11114825308322906,0.073499135673046112,0.24389843642711639,0.17739365994930267,-6.6564111709594727,8.157078742980957,-4.6013360023498535,8
-0.16347576677799225,0.24269476532936096,0.2095552533864975,0.23212796449661255,0.084286868572235107,0.22984281182289124,6.4270830154418945,1.1331894397735596,5.0126218795776367,8
0.30006992816925049,0.31682991981506348,0.34941798448562622,-0.015735536813735962,-0.012788861989974976,-0.0038366485387086868,-1.3181641101837158,-1.0199646949768066,-1.0026205778121948,8
0.37995049357414246,0.37119394540786743,0.5089411735534668,-0.014363855123519897,-0.011340081691741943,-0.0079318918287754059,0.30782458186149597,0.21388112008571625,0.55654984712600708,8
0.6612810492515564,0.62278330326080322,0.27323156595230103,-0.007593303918838501,-0.0078689306974411011,0.020665630698204041,-0.109648697078228,-0.1136295422911644,0.29841673374176025,8
-0.80934321880340576,-0.57043826580047607,-0.11201411485671997,-0.018096558749675751,-0.018753426149487495,0.049250897020101547,0.10757049173116684,0.11147427558898926,-0.29275739192962646,8
-0.75625991821289062,-0.27763104438781738,0.01028018444776535,-0.13628605008125305,-0.059655901044607162,0.029933953657746315,-0.52036952972412109,2.2372057437896729,2.82552170753479,8
-0.66567569971084595,-0.14385871589183807,0.099052146077156067,-0.096172064542770386,-0.2387014776468277,0.13293647766113281,2.5189688205718994,-6.399411678314209,2.8470497131347656,8
-0.49019822478294373,-0.031859725713729858,0.18092480301856995,0.073060289025306702,-0.085181117057800293,0.19283865392208099,-0.11697716265916824,-1.3431187868118286,0.13181895017623901,8
-0.31852346658706665,0.10077016055583954,0.22073762118816376,-0.0099709909409284592,-0.030416155233979225,0.18746656179428101,1.5051385164260864,-0.57274162769317627,2.1924407482147217,8
-0.10607028007507324,0.27188244462013245,0.39909839630126953,0.090506643056869507,0.058738149702548981,0.10531526058912277,-2.7188160419464111,-3.0111484527587891,-2.8261418342590332,8
0.052883937954902649,0.41418462991714478,0.42565521597862244,0.0052795363590121269,0.05044245719909668,0.032561689615249634,0.67385870218276978,-0.13861331343650818,0.8874133825302124,8
0.079697713255882263,0.42619574069976807,0.60347181558609009,0.11486712843179703,0.028397465124726295,0.10993774980306625,0.90926408767700195,-0.49212938547134399,1.3724808692932129,8
0.21413154900074005,0.5252806544303894,0.58643865585327148,-0.0078671369701623917,0.10660094022750854,-0.02916608564555645,-0.92373943328857422,0.23321269452571869,-1.9817458391189575,8
0.54570680856704712,0.5030142068862915,0.58777344226837158,-0.0069631445221602917,-0.0072158803232014179,0.018950594589114189,-0.036380641162395477,-0.037700958549976349,0.099011950194835663,8
-0.86667519807815552,-0.62985122203826904,0.044018268585205078,0.0027458709664642811,0.0028455178253352642,-0.0074730087071657181,-0.0083130598068237305,-0.0086148083209991455,0.022625325247645378,8
-0.69692701101303101,-0.49077022075653076,0.070546925067901611,-0.010703912936151028,-0.0085202911868691444,-0.0049867811612784863,0.27176409959793091,0.30831456184387207,-1.0936043262481689,8
-0.62767177820205688,-0.44512873888015747,0.22863319516181946,0.007100224494934082,0.0036354660987854004,0.030053142458200455,0.98346275091171265,0.72594428062438965,1.2127997875213623,8
-0.6957058310508728,-0.17912584543228149,0.26691949367523193,-0.010175109840929508,-0.1286051869392395,0.073078140616416931,2.4792017936706543,-1.9550743103027344,-2.279118537902832,8
-0.33245974779129028,-0.21368221938610077,0.41314297914505005,0.043668974190950394,0.033159054815769196,0.041585423052310944,0.24187232553958893,0.1920258104801178,0.11936488747596741,8
-0.14420400559902191,-0.065948426723480225,0.52893286943435669,0.023152202367782593,0.016691327095031738,0.033836711198091507,1.073790431022644,0.75748598575592041,1.7902113199234009,8
-0.070011965930461884,0.30754527449607849,0.60177707672119141,0.036437664180994034,0.097055770456790924,0.069734431803226471,1.4521491527557373,0.45313951373100281,1.8553812503814697,8
0.15459829568862915,0.16809532046318054,0.71857249736785889,-0.017928048968315125,-0.01185646653175354,-0.040375664830207825,-0.60342991352081299,-0.50176799297332764,0.0032573190983384848,8
0.26891535520553589,0.25471585988998413,0.82986903190612793,0.036264032125473022,0.028198361396789551,0.025751704350113869,1.2820975780487061,0.98881417512893677,1.0182349681854248,8
0.43538403511047363,0.3886871337890625,0.8880232572555542,-0.02028346061706543,-0.021019682288169861,0.055202603340148926,0.074960917234420776,0.077681906521320343,-0.20401059091091156,8
-0.92805087566375732,-0.69345468282699585,0.21105563640594482,-0.012131762690842152,-0.012572052888572216,0.033017177134752274,-0.082057066261768341,-0.085033595561981201,0.22331997752189636,8
-0.85765081644058228,-0.39677116274833679,0.33363944292068481,0.026489874348044395,-0.12771815061569214,0.014447812922298908,0.8523220419883728,-2.7784485816955566,1.5796103477478027,8
-0.70227545499801636,-0.51750630140304565,0.36622363328933716,-0.022102236747741699,-0.024387896060943604,0.079829663038253784,-0.33047789335250854,-0.36229261755943298,1.1623238325119019,8
-0.6153685450553894,-0.19436566531658173,0.48356753587722778,0.023479979485273361,-0.015572672709822655,0.070428192615509033,-1.1541740894317627,3.3221063613891602,2.1274678707122803,8
-0.42454349994659424,-0.29927295446395874,0.53329432010650635,-0.0071547031402587891,-0.0078397989273071289,0.025115218013525009,-0.23810236155986786,-0.21961568295955658,0.28815791010856628,8
-0.25095862150192261,-0.15058501064777374,0.47469052672386169,-0.016060393303632736,-0.010994457639753819,-0.031219877302646637,-0.011483765207231045,-0.036711197346448898,0.36035385727882385,8
-0.28519821166992188,0.15012624859809875,0.77567535638809204,0.026826875284314156,0.019280165433883667,0.1017160564661026,0.95155954360961914,0.5316241979598999,2.1150057315826416,8
0.099444985389709473,0.1104796826839447,0.87478286027908325,-0.014744222164154053,-0.011776536703109741,-0.0063359364867210388,0.46864715218544006,0.32971677184104919,0.79302883148193359,8
-0.0041376813314855099,0.46270304918289185,0.9692307710647583,-0.055526744574308395,0.093537747859954834,0.01423189602792263,-1.6838301420211792,1.9334533214569092,-0.73833805322647095,8
0.30050420761108398,0.24891185760498047,1.2551064491271973,1.5048193802158494e-09,-2.9649958044331015e-09,5.2571280662050413e-12,1.2347786082500534e-07,2.076311744758641e-07,-5.1750095764191428e-08,8
-0.99516755342483521,-0.76300728321075439,0.39371758699417114,4.1159289310144231e-09,-1.5430702049457068e-08,5.7255773455722192e-09,1.349602740674527e-07,-6.9076492081876495e-07,2.3956133077263075e-07,8
-0.99516755342483521,-0.76300728321075439,0.39371758699417114,4.1159289310144231e-09,-1.5430702049457068e-08,5.7255773455722192e-09,1.349602740674527e-07,-6.9076492081876495e-07,2.3956133077263075e-07,8
-0.71862024068832397,-0.54702401161193848,0.5775718092918396,0.010138830170035362,0.0079184342175722122,0.0067405118606984615,0.33388769626617432,0.26076635718345642,0.22197607159614563,8
-0.47003942728042603,-0.3528825044631958,0.74283337593078613,-0.0002522595168557018,-0.00019702057761605829,-0.00016769420471973717,-0.04755086824297905,-0.037137415260076523,-0.031612515449523926,8
-0.22140508890151978,-0.1586991548538208,0.90813052654266357,-0.0089269671589136124,-0.0069719604216516018,-0.0059348330833017826,-0.13145466148853302,-0.10266661643981934,-0.087394371628761292,8
-0.34373927116394043,-0.25424212217330933,0.82680028676986694,-0.0014759771293029189,-0.0011527497554197907,-0.00098129769321531057,-0.3871634304523468,-0.30237525701522827,-0.25739461183547974,8
-0.09632718563079834,-0.061013400554656982,0.99128484725952148,-0.0087993443012237549,-0.0068723112344741821,-0.005849987268447876,-0.070270098745822906,-0.054880648851394653,-0.046716827899217606,8
0.026661992073059082,0.035041272640228271,1.0730506181716919,0.00086319114780053496,0.0006741429097019136,0.00057387177366763353,0.18362005054950714,0.14340688288211823,0.12207477539777756,8
0.15355825424194336,0.13414698839187622,1.1574137210845947,0.0078913122415542603,0.0061631053686141968,0.0052463114261627197,-0.10715851932764053,-0.08368980884552002,-0.07124115526676178,8
0.30050420761108398,0.24891185760498047,1.2551064491271973,1.5048193802158494e-09,-2.9649958044331015e-09,5.2571280662050413e-12,1.2347786082500534e-07,2.076311744758641e-07,-5.1750095764191428e-08,8
-0.39239180088043213,-0.13835310935974121,-1.2467715740203857,-3.6754466137267627e-09,1.2321579312413178e-09,4.5301140616516022e-09,2.3673187854456046e-07,-2.0243889764515188e-07,8.4153320756286121e-08,8
-0.11650347709655762,0.077115654945373535,-1.0633554458618164,-0.027253616601228714,-0.021285079419612885,-0.01811877079308033,-0.33932217955589294,-0.26501083374023438,-0.22558841109275818,8
-0.20512428879737854,0.27207821607589722,-1.0216814279556274,-0.036781381815671921,-0.030335808172821999,-0.02506590262055397,0.98064851760864258,0.549083411693573,0.56940245628356934,8
-0.073213905096054077,0.36949062347412109,-0.93612068891525269,-0.025077061727643013,-0.0049377484247088432,-0.011094395071268082,0.33312839269638062,-0.32790002226829529,-0.0024524328764528036,8
0.13015291094779968,0.26975405216217041,-0.89937329292297363,-0.027154272422194481,-0.021207461133599281,-0.018052699044346809,0.31436532735824585,0.24551978707313538,0.20899687707424164,8
0.18991515040397644,0.57302713394165039,-0.76193618774414062,0.0028883418999612331,-0.017524914816021919,-0.0056117209605872631,-0.64637207984924316,-1.0246299505233765,-0.62765204906463623,8
0.32168489694595337,0.67552000284194946,-0.67449259757995605,0.01498393714427948,-0.039459213614463806,-0.0095193684101104736,0.39566811919212341,-0.83309108018875122,-0.17183560132980347,8
0.44828504323959351,0.77556896209716797,-0.58987915515899658,0.013845652341842651,-0.026212334632873535,-0.004893571138381958,0.30424994230270386,-0.65676891803741455,-0.13828833401203156,8
0.7607073187828064,0.76221686601638794,-0.48016783595085144,-0.0028731324709951878,-0.0022439162712544203,-0.0019101237412542105,-0.31592682003974915,-0.24673877656459808,-0.21003562211990356,8
0.90327990055084229,0.87356597185134888,-0.38538265228271484,2.6111095507985738e-09,2.4354549488236898e-09,-1.730260379417814e-09,-2.2351740369686013e-07,2.2351740369686013e-07,0,8
-0.57665938138961792,-0.081747174263000488,-1.0361003875732422,0.04425126314163208,-0.024277061223983765,-0.038041740655899048,-1.0971405506134033,0.16615299880504608,1.455091118812561,8
-0.63872224092483521,0.15803062915802002,-1.2244274616241455,-0.015497447922825813,0.018646461889147758,0.0014057422522455454,0.063186526298522949,-0.076026149094104767,-0.005731537938117981,8
-0.29226985573768616,0.27680537104606628,-0.83294796943664551,0.010948615148663521,0.24815207719802856,-0.028836902230978012,0.87021350860595703,-4.2138147354125977,2.9412879943847656,8
-0.12761202454566956,0.57864284515380859,-0.60015869140625,0.18523310124874115,0.13151562213897705,0.0059677795507013798,-0.21047024428844452,-0.91963285207748413,-0.59533745050430298,8
0.111754409968853,0.53165394067764282,-0.55929768085479736,0.1654561311006546,0.15182638168334961,0.060314051806926727,2.3009078502655029,2.046921968460083,0.52917546033859253,8
0.063864588737487793,0.70537596940994263,-0.46649941802024841,0.03752608597278595,0.12169594317674637,0.05146501213312149,0.94219225645065308,-1.2724262475967407,0.51410245895385742,8
0.10141267627477646,0.94161969423294067,-0.3754938542842865,-0.037348233163356781,0.17531140148639679,0.12620444595813751,-1.1863698959350586,0.80858093500137329,-0.13981640338897705,8
0.39592069387435913,0.74416893720626831,-0.35055109858512878,0.0428943932056427,0.032439351081848145,-2.0096078515052795e-05,0.32267621159553528,-0.627677321434021,0.21008564531803131,8
0.67484241724014282,1.148421049118042,-0.3646615743637085,-0.0058476068079471588,0.007035817950963974,0.00053042173385620117,0.51157170534133911,-0.61552083492279053,-0.046403951942920685,8
0.7116425633430481,0.95171815156936646,-0.18893778324127197,0.028255144134163857,-0.033463746309280396,-0.0031888175290077925,-0.24493969976902008,-0.060173120349645615,0.43911701440811157,8
-0.66508221626281738,-0.10338476300239563,-0.87767904996871948,0.0055528134107589722,0.094754315912723541,-0.11966525018215179,3.3324105739593506,-1.4472360610961914,-3.3123519420623779,8
-0.49211707711219788,-0.01308742817491293,-0.69405966997146606,-0.08417414128780365,0.014385722577571869,0.0062744906172156334,-6.5656371116638184,3.611863374710083,-3.3667910099029541,8
-0.32577815651893616,0.16750772297382355,-0.59831547737121582,0.12121494859457016,0.22617955505847931,-0.12968836724758148,5.5318708419799805,0.12414022535085678,-2.0907192230224609,8
-0.36985382437705994,0.43730959296226501,-0.51626700162887573,-0.22585637867450714,0.44178083539009094,0.072627179324626923,-2.4192061424255371,2.9781701564788818,0.17294681072235107,8
-0.022531477734446526,0.41075006127357483,-0.65790432691574097,0.038165166974067688,0.10559775680303574,-0.027215581387281418,-4.3528990745544434,-0.23139169812202454,-0.30875152349472046,8
0.051512692123651505,0.47257128357887268,-0.29666891694068909,0.051521256566047668,0.15033413469791412,0.0084409210830926895,2.4521629810333252,2.0252978801727295,3.2987167835235596,8
0.19614066183567047,0.58869200944900513,-0.25908178091049194,0.1259143054485321,0.063602171838283539,0.040737342089414597,0.96244359016418457,-1.5880426168441772,-1.2281012535095215,8
0.31978604197502136,0.68688511848449707,-0.15700230002403259,-0.019369006156921387,0.017298581078648567,-0.044266678392887115,-1.1328333616256714,0.13467228412628174,0.11311757564544678,8
0.47803252935409546,0.82527637481689453,-0.15938940644264221,0.032106805592775345,0.041629258543252945,0.014525095000863075,0.19260360300540924,0.12666518986225128,0.14419163763523102,8
0.63825982809066772,0.91240441799163818,-0.032373964786529541,-0.00041475892066955566,0.0010201930999755859,-0.00057463347911834717,0.58572018146514893,-0.32442969083786011,-0.49989578127861023,8
-0.70754635334014893,-0.17861062288284302,-0.72543418407440186,-0.069326356053352356,0.05136624351143837,0.043935712426900864,0.0012977420119568706,-2.4059610366821289,2.8244571685791016,8
-0.73559844493865967,-0.089608818292617798,-0.36077865958213806,-0.19045744836330414,-0.097209520637989044,0.083038270473480225,2.2350664138793945,-3.2231929302215576,-1.3302450180053711,8
-1.0131198167800903,0.68799299001693726,-0.72070944309234619,0.16537204384803772,0.8243444561958313,0.0084296837449073792,5.3648715019226074,2.2082893848419189,0.68755292892456055,8
0.10904417932033539,0.7902870774269104,0.10915741324424744,-0.04532107338309288,0.0063987486064434052,-0.00043519074097275734,0.48850288987159729,0.20977573096752167,-0.18421955406665802,8
0.3122715950012207,0.78723520040512085,0.12731677293777466,-0.033853940665721893,0.036425217986106873,-0.0025962782092392445,1.0563622713088989,-0.4105370044708252,-0.4513096809387207,8
0.59249329566955566,0.83163797855377197,0.13134711980819702,0.0092144310474395752,-0.035238534212112427,0.027536541223526001,0.065174102783203125,-0.50459277629852295,0.49473923444747925,8
-0.77274912595748901,-0.23360836505889893,-0.56274968385696411,-0.1146024763584137,-0.0076692104339599609,0.18139056861400604,-3.8846349716186523,1.2999924421310425,4.3159666061401367,8
-0.8814997673034668,0.02416437491774559,-0.24363753199577332,-0.38922810554504395,-0.18168976902961731,-0.20109613239765167,-2.4832096099853516,-3.8571701049804688,-4.1148924827575684,8
-0.58896362781524658,-0.09967215359210968,-0.28231737017631531,0.19006301462650299,-0.17985968291759491,0.062670968472957611,2.3307218551635742,2.0128328800201416,-2.0314319133758545,8
0.29739263653755188,0.60737729072570801,0.15598095953464508,0.058136321604251862,0.016062334179878235,-0.016616696491837502,0.064995177090167999,0.75853389501571655,0.83730554580688477,8
0.31327822804450989,0.68064391613006592,0.31159955263137817,0.018115676939487457,0.010630036704242229,0.012284561991691589,-0.78402978181838989,-1.7734768390655518,0.12823964655399323,8
0.52288621664047241,0.78062993288040161,0.29596948623657227,0.011316746473312378,0.0045005530118942261,-0.022309288382530212,0.0098791895434260368,0.16273322701454163,-0.20603077113628387,8
-0.75062441825866699,-0.50958830118179321,-0.27182060480117798,-0.010770302265882492,-0.011161231435835361,0.029311997815966606,-0.13734060525894165,-0.14232584834098816,0.37378028035163879,8
-0.72446370124816895,-0.1943175345659256,-0.17827150225639343,-0.21115200221538544,-0.18577367067337036,0.20769549906253815,-1.3999440670013428,-2.095649242401123,-1.6319645643234253,8
-0.59769946336746216,-0.080841265618801117,-0.070483863353729248,0.020438484847545624,-0.20186123251914978,-0.065633326768875122,4.5442848205566406,-4.9099926948547363,3.6503851413726807,8
0.13713711500167847,0.50704920291900635,0.26621541380882263,0.079657085239887238,0.11096573621034622,-0.005224321037530899,1.8831404447555542,1.2775027751922607,0.071190409362316132,8
0.25667852163314819,0.56175875663757324,0.42283788323402405,0.076258905231952667,0.11553119868040085,0.041306398808956146,-0.75612181425094604,1.1500276327133179,-0.47866329550743103,8
0.48839545249938965,0.44362270832061768,0.74374961853027344,-0.004969495814293623,-0.0051498385146260262,0.013524783775210381,0.086735188961029053,0.089883111417293549,-0.23605197668075562,8
-0.9516148567199707,-0.42520934343338013,-0.068622171878814697,-0.077185094356536865,-0.051317393779754639,0.17638443410396576,0.38028469681739807,-0.14155536890029907,-0.40571984648704529,8
-0.9325404167175293,-0.1342749297618866,0.10154606401920319,-0.22695651650428772,-0.03468615934252739,0.11197255551815033,-0.66242152452468872,-3.886730432510376,2.3172838687896729,8
-0.78764134645462036,0.071533508598804474,0.10852190852165222,-0.19794188439846039,-0.29081740975379944,0.4757213294506073,1.0403358936309814,-6.2493844032287598,7.0588665008544922,8
-0.084703564643859863,0.75628280639648438,0.46993741393089294,0.0138285206630826,0.10776976495981216,0.022264482453465462,0.67069560289382935,1.9372915029525757,0.49474638700485229,8
0.11465600878000259,0.69778096675872803,0.49690529704093933,0.058914270251989365,0.10142428427934647,0.052894305437803268,2.2921669483184814,-0.15706656873226166,0.52239781618118286,8
0.39792221784591675,0.65934658050537109,0.62641406059265137,0.0067543685436248779,-0.0096136778593063354,0.0011340081691741943,0.089977376163005829,-0.62412315607070923,0.59785002470016479,8
-1.0114413499832153,-0.46023577451705933,0.062514245510101318,-0.058860182762145996,-0.010664165019989014,0.10106319934129715,1.2105666399002075,-1.200892448425293,-0.41014081239700317,8
-0.99565994739532471,-0.26800632476806641,0.33516713976860046,-0.10263955593109131,0.057401709258556366,0.073354028165340424,-0.16883386671543121,-0.098745405673980713,-0.647999107837677,8
-0.85369455814361572,-0.31580358743667603,0.16930279135704041,-0.0015479009598493576,-0.0023240093141794205,-0.03421860933303833,2.2193114757537842,-0.86363792419433594,-1.1371805667877197,8
-0.53924751281738281,-0.067003212869167328,0.3594551682472229,0.012866342440247536,-0.067111946642398834,0.2190721184015274,2.191157341003418,-1.5142720937728882,2.6254422664642334,8
-0.4847201406955719,-0.071058750152587891,0.58047330379486084,0.038654163479804993,0.036054924130439758,0.14071720838546753,-0.67157602310180664,2.1830425262451172,-0.049009319394826889,8
-0.25636264681816101,0.14937040209770203,0.45896071195602417,0.21095502376556396,0.12102654576301575,0.11072622239589691,4.1275296211242676,-1.4144941568374634,-1.2519540786743164,8
-0.20569303631782532,0.1808750331401825,0.63626194000244141,0.050048939883708954,0.021118214353919029,-0.006992170587182045,-0.27730843424797058,-0.6913827657699585,-1.1956353187561035,8
-0.017745435237884521,0.34689992666244507,0.7876242995262146,0.05368369072675705,-0.0025702512357383966,0.0021812503691762686,-1.1070218086242676,-1.8917577266693115,-2.5455992221832275,8
0.13242389261722565,0.47823476791381836,0.77734643220901489,-0.036733686923980713,0.013616967014968395,-0.047218695282936096,-0.87340563535690308,-1.1475727558135986,-2.1425778865814209,8
0.35126078128814697,0.58470529317855835,0.78428572416305542,-0.0072282254695892334,-0.0087014734745025635,0.02109450101852417,-0.66302144527435303,0.079010270535945892,0.90447568893432617,8
-1.0425400733947754,-0.55094492435455322,0.21585279703140259,0.015340030193328857,-0.034148722887039185,0.017042338848114014,-0.4064038097858429,0.45208540558815002,0.08020966500043869,8
-1.2388763427734375,-0.46977794170379639,0.41582387685775757,-0.0034802458249032497,0.0041874228045344353,0.00031568456324748695,-0.2860029935836792,0.34411764144897461,0.02594265341758728,8
-0.77559518814086914,-0.25633251667022705,0.41528645157814026,-0.027783475816249847,-0.028233138844370842,0.061080150306224823,0.61456972360610962,1.210013747215271,2.0582077503204346,8
-0.83002984523773193,0.10453713685274124,0.52506458759307861,-0.13880126178264618,0.02952670119702816,0.17238223552703857,-0.056202556937932968,1.1557207107543945,0.24414671957492828,8
-0.67709732055664062,0.0026211005169898272,0.53134548664093018,-0.0094878505915403366,0.017755640670657158,0.093168854713439941,1.4469351768493652,-2.6154611110687256,1.6496886014938354,8
-0.34088888764381409,0.029294572770595551,0.64868956804275513,0.058674845844507217,0.034385167062282562,0.019975170493125916,-0.64361423254013062,1.3977115154266357,-1.0898339748382568,8
-0.38007926940917969,0.33187234401702881,0.77039974927902222,0.024439385160803795,0.074346013367176056,0.053443491458892822,-0.55922317504882812,-1.1552655696868896,0.85274845361709595,8
-0.12574204802513123,0.23261711001396179,0.84513682126998901,0.061127766966819763,0.11077603697776794,0.029167231172323227,0.83792728185653687,1.2814905643463135,-1.7201179265975952,8
0.077138781547546387,0.51766413450241089,1.2753674983978271,0.012514491565525532,-0.015057387761771679,-0.001135168713517487,0.58135032653808594,-0.69947874546051025,-0.052733331918716431,8
0.42619350552558899,0.37916314601898193,0.91303563117980957,0.012552443891763687,0.013008034788072109,-0.034162163734436035,0.10997220873832703,0.11396370083093643,-0.29929438233375549,8
-0.99516755342483521,-0.76300728321075439,0.39371758699417114,4.1159289310144231e-09,-1.5430702049457068e-08,5.7255773455722192e-09,1.349602740674527e-07,-6.9076492081876495e-07,2.3956133077263075e-07,8
-0.84721869230270386,-0.64745938777923584,0.49207693338394165,-0.016386326402425766,-0.01279769279062748,-0.01089396420866251,-0.58302813768386841,-0.45534396171569824,-0.38760849833488464,8
-0.88189059495925903,-0.38708162307739258,0.57848209142684937,-0.057869065552949905,0.0065030856058001518,-0.018787022680044174,-0.96781760454177856,-0.26231363415718079,-0.45549371838569641,8
-0.74176156520843506,-0.3100440502166748,0.65930444002151489,-0.020967107266187668,0.015680108219385147,-0.0017335345037281513,-0.57157307863235474,-0.71859258413314819,-0.48363789916038513,8
-0.47065454721450806,-0.35336291790008545,0.74242448806762695,0.0021491465158760548,0.0016784885665401816,0.001428810996003449,0.096894696354866028,0.075674712657928467,0.064417660236358643,8
-0.49270552396774292,-0.11882436275482178,0.82362806797027588,0.020524555817246437,-0.012560774572193623,0.0027586554642766714,0.069504804909229279,-0.5369604229927063,-0.17892199754714966,8
-0.37584686279296875,-0.00656089186668396,0.90931320190429688,0.029239857569336891,0.034029226750135422,0.023701224476099014,0.4631676971912384,8.7507061834912747e-05,0.17021845281124115,8
-0.23136186599731445,0.082249343395233154,0.99621880054473877,0.015610307455062866,-0.016188755631446838,-0.00042843818664550781,0.53862017393112183,-0.62341463565826416,-0.03947049006819725,8
0.025272488594055176,0.28161108493804932,1.1664272546768188,0.025482006371021271,0.0054865181446075439,0.011452138423919678,-0.014729852788150311,0.36980879306793213,0.13540048897266388,8
0.30050420761108398,0.24891185760498047,1.2551064491271973,1.5048193802158494e-09,-2.9649958044331015e-09,5.2571280662050413e-12,1.2347786082500534e-07,2.076311744758641e-07,-5.1750095764191428e-08,8
-0.52048510313034058,0.015768289566040039,-1.2351524829864502,0.022320136427879333,-0.026855498552322388,-0.0020246505737304688,0.59066259860992432,-0.71068340539932251,-0.053579803556203842,8
-0.40417677164077759,0.34979963302612305,-1.0652263164520264,0.12653201818466187,-0.010208954103291035,0.042605206370353699,0.15451154112815857,0.15736907720565796,0.11669530719518661,8
-0.45720529556274414,0.2364920973777771,-1.1278555393218994,0.021143941208720207,0.094096958637237549,0.043598663061857224,1.3065953254699707,0.78166854381561279,0.77773004770278931,8
0.057180404663085938,0.46801865100860596,-0.85069221258163452,-0.067408405244350433,-0.061787854880094528,-0.04829547181725502,-0.60535836219787598,-0.30132827162742615,-0.33716884255409241,8
0.0075325667858123779,0.64868813753128052,-0.80014055967330933,0.057155285030603409,0.004861307330429554,0.022851999849081039,0.60455256700515747,-0.47484138607978821,0.041328255087137222,8
-0.19594916701316833,0.52128410339355469,-0.92341923713684082,-0.032874267548322678,-0.013517181389033794,-0.017226193100214005,-1.5551804304122925,-3.0636920928955078,-1.7380025386810303,8
0.10292953252792358,0.74263191223144531,-0.72931694984436035,0.014210043475031853,0.048604171723127365,0.023728456348180771,-0.91585695743560791,-2.3216302394866943,-1.2205338478088379,8
0.29257166385650635,0.88399314880371094,-0.60580891370773315,0.0028903856873512268,0.02330450713634491,0.0099357515573501587,0.54189693927764893,-0.16989780962467194,0.134420245885849,8
0.54684329032897949,1.027888298034668,-0.457588791847229,-0.021407589316368103,0.0027777105569839478,-0.0068082511425018311,-0.80013173818588257,-0.95051717758178711,-0.65592879056930542,8
0.77740019559860229,1.0250239372253418,-0.37396442890167236,0.01350961159914732,-0.016254713758826256,-0.0012254187604412436,0.14688834547996521,-0.17673672735691071,-0.013323632068932056,8
-0.7708899974822998,0.063956290483474731,-0.9151110053062439,0.056929301470518112,-0.16579349339008331,0.10913525521755219,0.70033913850784302,0.091203592717647552,-1.160569429397583,8
-0.49410232901573181,0.13517424464225769,-0.94674551486968994,0.16511455178260803,0.17703261971473694,-0.04205409437417984,2.2676155567169189,1.2336703538894653,-0.67915326356887817,8
-0.25663432478904724,0.46384119987487793,-0.70771706104278564,0.1424601674079895,0.26479309797286987,0.12535735964775085,1.5159698724746704,0.63061994314193726,-2.6033551692962646,8
-0.20873361825942993,0.5316193699836731,-0.38945820927619934,-0.093339502811431885,0.25358274579048157,0.087833411991596222,-2.0891551971435547,0.12456490844488144,3.7305922508239746,8
-0.12008599936962128,0.73515838384628296,-0.5493127703666687,0.07012610137462616,0.25362175703048706,0.0094100013375282288,-0.14704985916614532,-0.24792639911174774,0.54383665323257446,8
-0.086702652275562286,0.66645634174346924,-0.34154883027076721,0.13488398492336273,0.039365172386169434,-0.010272127576172352,-0.19569440186023712,-0.93554818630218506,-0.14030055701732635,8
0.015298065729439259,0.72565513849258423,-0.23750725388526917,0.018927384167909622,0.073541611433029175,-0.015405884943902493,0.9302440881729126,0.7232440710067749,0.36607900261878967,8
0.18402989208698273,0.8667946457862854,-0.22335429489612579,-0.034856993705034256,0.11663532257080078,0.065336443483829498,0.24292173981666565,0.84883308410644531,0.3610176146030426,8
0.39046302437782288,0.99909698963165283,-0.25837096571922302,-0.03744107112288475,0.065260633826255798,0.0086529478430747986,1.1230324506759644,-0.53929764032363892,0.52921158075332642,8
0.50226390361785889,1.0993372201919556,-0.047413408756256104,-0.012522782199084759,0.014493308030068874,0.0018102756002917886,0.25644287467002869,-0.0022806038614362478,-0.38305401802062988,8
-0.82495337724685669,-0.059612929821014404,-0.68862748146057129,0.10226387530565262,-0.085395291447639465,-0.053503468632698059,-3.0598573684692383,2.5856184959411621,1.565069317817688,8
-0.65571165084838867,0.069099307060241699,-0.61565333604812622,0.0062579596415162086,0.17416705191135406,0.043474897742271423,-2.1495945453643799,-0.90556424856185913,-8.6142282485961914,8
-0.60592859983444214,0.50948101282119751,-0.52635866403579712,-0.48284918069839478,0.17344066500663757,-0.11548476666212082,2.4006340503692627,0.29686865210533142,4.9436588287353516,8
-0.74262851476669312,0.29293635487556458,-0.70659714937210083,0.36382573843002319,0.047677598893642426,-0.085340782999992371,-7.7594032287597656,3.6700904369354248,7.9083461761474609,8
-0.0080944998189806938,0.42074275016784668,-0.45154902338981628,0.045360676944255829,-0.029625914990901947,0.051659673452377319,-2.6703903675079346,-0.41314706206321716,-1.2858515977859497,8
-0.16173683106899261,0.55745041370391846,-0.19815126061439514,-0.024361466988921165,0.14529862999916077,0.032765991985797882,-5.228663444519043,-2.4749631881713867,2.2368803024291992,8
-0.02986348420381546,0.65539610385894775,-0.051295023411512375,-0.091586597263813019,0.026288971304893494,-0.039624087512493134,1.0297412872314453,0.74309825897216797,0.26046293973922729,8
0.10435817390680313,0.79652845859527588,-0.068589791655540466,0.016030354425311089,0.045118913054466248,0.10480125993490219,0.53921389579772949,-0.097501978278160095,-0.48700195550918579,8
0.29240038990974426,0.92411011457443237,-0.043381199240684509,0.0078314514830708504,0.084780775010585785,-0.049295421689748764,0.97413593530654907,-0.18843165040016174,0.72034460306167603,8
0.51559758186340332,0.99259728193283081,0.057923614978790283,-0.015328873880207539,-0.014608814381062984,0.040218926966190338,-0.36611539125442505,-0.38311505317687988,1.0007638931274414,8
-0.95622658729553223,-0.14058604836463928,-0.39604732394218445,-0.03306957334280014,0.082006335258483887,-0.046595081686973572,2.7632560729980469,-0.30188685655593872,-3.8017535209655762,8
-0.47445598244667053,0.2393258661031723,-0.35758715867996216,0.18657813966274261,-0.066596873104572296,-0.39650771021842957,2.4347336292266846,-5.6806745529174805,1.495877742767334,8
-0.27474737167358398,0.14209398627281189,-0.18392355740070343,0.37544822692871094,-0.055085580796003342,-0.16667114198207855,-0.92130386829376221,2.7020094394683838,-2.0972189903259277,8
-0.071926109492778778,0.90635484457015991,0.07410430908203125,-0.064933106303215027,0.05026521161198616,0.0305138248950243,-0.13954471051692963,-0.60236877202987671,0.90402501821517944,8
0.17106850445270538,0.96065932512283325,0.15418791770935059,-0.016258470714092255,0.031934771686792374,-0.057912897318601608,0.78730517625808716,0.76301008462905884,-0.31869244575500488,8
0.40251496434211731,0.90699946880340576,0.32857489585876465,-0.021906137466430664,0.048142805695533752,-0.02360544353723526,0.19632947444915771,0.16574887931346893,-0.49002683162689209,8
-0.98361843824386597,-0.20764803886413574,-0.27606415748596191,-0.045454114675521851,-0.05369257926940918,0.13144606351852417,-0.70181012153625488,1.8693974018096924,-1.1404412984848022,8
-0.78582775592803955,0.09376256912946701,-0.083088129758834839,-0.24454154074192047,-0.32742336392402649,-0.14863449335098267,-0.25035291910171509,-12.70286750793457,-7.5859098434448242,8
-1.1600291728973389,0.26075845956802368,-0.56097513437271118,0.15963174402713776,-0.4391462504863739,0.2757757306098938,2.7927060127258301,-7.3223228454589844,4.4012274742126465,8
0.007322829682379961,0.67396944761276245,0.32040458917617798,-0.087824679911136627,0.10025078803300858,0.022108223289251328,-1.4693528413772583,-0.50805550813674927,-1.218741774559021,8
0.13726253807544708,0.82434362173080444,0.31369113922119141,-0.0038702888414263725,0.044838447123765945,-0.0048707476817071438,1.7212200164794922,0.79501920938491821,1.4888330698013306,8
0.29962748289108276,0.81326037645339966,0.59345495700836182,-0.01752626895904541,0.0079756379127502441,0.016993008553981781,-0.47116172313690186,-0.064582228660583496,0.78457313776016235,8
-0.89813899993896484,-0.36510753631591797,-0.21966339647769928,-0.00034537911415100098,-0.066991180181503296,0.079217582941055298,-1.0915911197662354,0.10956286638975143,1.5132262706756592,8
-0.86019700765609741,-0.1390446275472641,-0.06346101313829422,-0.21699456870555878,-0.071198202669620514,-0.036091230809688568,-0.57247632741928101,-5.3840141296386719,-0.78445887565612793,8
-0.45612865686416626,0.0042886133305728436,-0.23924866318702698,0.12347716093063354,-0.42244696617126465,-0.2559351921081543,-0.33761587738990784,-6.9449305534362793,-4.5960607528686523,8
-0.01349622942507267,0.37974125146865845,0.25245958566665649,0.072720780968666077,0.046507105231285095,0.040126778185367584,-2.4028477668762207,-2.2103545665740967,-2.6147189140319824,8
-0.013069318607449532,0.94764727354049683,0.41314390301704407,-0.042367532849311829,0.093725308775901794,0.008671121671795845,-0.53845405578613281,-0.58034056425094604,1.0678596496582031,8
0.35580062866210938,0.84875363111495972,0.46726542711257935,-0.012311071157455444,0.030034497380256653,-0.016765214502811432,0.11551569402217865,0.21908706426620483,-0.43112796545028687,8
-0.82647252082824707,-0.30317634344100952,-0.40021553635597229,0.0043612122535705566,-0.024581700563430786,0.022317469120025635,0.3286188542842865,-0.55340409278869629,0.15581665933132172,8
-1.0020667314529419,0.12892170250415802,0.16191786527633667,-0.45968085527420044,0.20237690210342407,0.14196938276290894,-6.9212017059326172,2.4160223007202148,-0.55696249008178711,8
-0.60134661197662354,0.079058341681957245,0.073473192751407623,0.14627625048160553,-0.72124314308166504,0.1040385514497757,11.191106796264648,0.84534460306167603,10.428699493408203,8
-0.11080160737037659,0.55089050531387329,0.46946963667869568,-0.050622306764125824,0.06763795018196106,0.013728565536439419,-2.2967774868011475,-0.97151839733123779,-1.3819030523300171,8
-0.15072940289974213,0.84079736471176147,0.2668476402759552,-0.037750508636236191,0.043933816254138947,0.079201288521289825,-0.63943386077880859,-0.84250038862228394,-1.1841046810150146,8
0.46975421905517578,0.70574164390563965,0.46386405825614929,0.034151248633861542,-0.021715207025408745,-0.025859149172902107,0.57825064659118652,-0.55254608392715454,-0.22067929804325104,8
-1.0964095592498779,-0.23062980175018311,-0.079409748315811157,-0.080031424760818481,0.053209409117698669,0.05787263810634613,-0.93816334009170532,0.87770414352416992,0.38006743788719177,8
-1.0477777719497681,-0.12216532975435257,0.22806093096733093,-0.1136079803109169,0.098563775420188904,-0.045191854238510132,-2.669032096862793,1.6555140018463135,-0.28282338380813599,8
-0.86413061618804932,-0.018240643665194511,0.2630901038646698,-0.18623045086860657,-0.25611221790313721,0.17370828986167908,-3.6933968067169189,-5.8481736183166504,6.8587064743041992,8
-0.6988493800163269,0.071208775043487549,0.29436823725700378,0.031883977353572845,-0.15088711678981781,0.46789178252220154,2.737968921661377,2.5015170574188232,7.5948691368103027,8
-0.58327031135559082,0.25044915080070496,0.16530424356460571,0.34271922707557678,-0.19864234328269958,0.44775313138961792,9.4075593948364258,3.3263144493103027,4.0985536575317383,8
-0.40078750252723694,0.047109901905059814,0.40606188774108887,0.148553267121315,0.078037820756435394,0.22029207646846771,4.6962332725524902,-1.0289853811264038,2.9620871543884277,8
-0.430888831615448,0.61055952310562134,0.49917173385620117,-0.072245940566062927,0.20580588281154633,0.18848054111003876,1.5695888996124268,0.2243676632642746,-0.81775856018066406,8
-0.13784494996070862,0.54954856634140015,0.65305435657501221,0.04063812643289566,0.077271662652492523,0.091850809752941132,0.92362242937088013,-0.10909213870763779,2.1769518852233887,8
0.024910742416977882,0.665233314037323,0.67754888534545898,-0.016326049342751503,0.07796795666217804,-0.012664768844842911,-0.41181367635726929,-0.03187425434589386,-0.79203099012374878,8
0.28706264495849609,0.53184521198272705,0.94294780492782593,0.011922568082809448,-0.030233994126319885,0.017583936452865601,-0.39848235249519348,-0.3730509877204895,1.0376263856887817,8
-1.1236052513122559,-0.3180813193321228,0.064231038093566895,-0.11263530701398849,0.08503761887550354,0.069523975253105164,0.02874724380671978,-1.8256901502609253,2.1014933586120605,8
-1.1268520355224609,-0.087630853056907654,0.37991303205490112,-0.16793012619018555,0.060316756367683411,0.022485308349132538,-1.918376088142395,-0.2551422119140625,-2.7256608009338379,8
-0.88297134637832642,-0.072991669178009033,0.43707939982414246,-0.17120324075222015,0.12048870325088501,0.080405086278915405,2.1240823268890381,0.85578805208206177,0.2045304924249649,8
-0.70330870151519775,0.2097405344247818,0.60188806056976318,-0.045185044407844543,0.18160730600357056,0.11877783387899399,-0.33876946568489075,3.9137115478515625,-1.0169914960861206,8
-0.58482235670089722,0.29282960295677185,0.68440389633178711,0.031207649037241936,0.19067111611366272,0.20115508139133453,-0.25479996204376221,1.8692666292190552,2.9242696762084961,8
-0.49290543794631958,0.14078810811042786,0.6507488489151001,0.058733321726322174,0.05586560070514679,0.15357634425163269,1.3891669511795044,-0.73872548341751099,1.7929459810256958,8
-0.26502916216850281,0.49198690056800842,0.68205714225769043,0.016212219372391701,0.055839743465185165,0.0018175067380070686,0.88046592473983765,1.2008179426193237,-0.2511710524559021,8
-0.22437827289104462,0.43803951144218445,0.86624640226364136,0.074932701885700226,0.074477039277553558,0.063664615154266357,1.4381828308105469,0.057371329516172409,-0.07706008106470108,8
0.070017896592617035,0.32851734757423401,0.93694883584976196,-0.0039217695593833923,-0.090561918914318085,-0.011090044863522053,-0.28322437405586243,-1.4251623153686523,-1.590570330619812,8
0.14238071441650391,0.69481569528579712,0.96912336349487305,0.0017801419598981738,-0.013044045306742191,0.012645886279642582,0.62575227022171021,-1.0404015779495239,0.28097906708717346,8
-1.1220550537109375,-0.61033666133880615,0.40522730350494385,0.016806803643703461,-0.020221900194883347,-0.001524528837762773,-0.24197837710380554,0.29114627838134766,0.021948784589767456,8
-1.0941221714019775,-0.34944736957550049,0.51483047008514404,-0.036423530429601669,-0.0015247885603457689,-0.013963934034109116,-1.1427766084671021,-1.3699804544448853,-0.94154918193817139,8
-0.9141387939453125,-0.21733689308166504,0.63126718997955322,0.042682215571403503,0.014907161705195904,0.021359262987971306,-0.30080771446228027,0.67363238334655762,0.145973801612854,8
-0.62911504507064819,-0.20270001888275146,0.74156862497329712,0.01526215672492981,0.02055562287569046,0.013434916734695435,1.5337381362915039,-0.34763205051422119,0.43118283152580261,8
-0.71502745151519775,-0.04587090015411377,0.76971757411956787,0.018218442797660828,0.0034247934818267822,0.0079981982707977295,0.33045321702957153,0.72777080535888672,0.3985368013381958,8
-0.61490261554718018,0.02100256085395813,0.8319706916809082,-0.016373643651604652,0.07398107647895813,0.022153722122311592,-0.71272021532058716,0.64188188314437866,-0.01746833324432373,8
-0.52384424209594727,0.096211612224578857,0.89406651258468628,-0.010289783589541912,0.020874390378594398,0.0041675586253404617,0.28030198812484741,-0.49540415406227112,-0.085643820464611053,8
-0.29090380668640137,0.26103025674819946,1.0424158573150635,-0.0055864155292510986,0.021536409854888916,0.0061478316783905029,-0.18687820434570312,-0.63511198759078979,-0.3104996383190155,8
-0.11737298965454102,0.20311135053634644,1.0841234922409058,0.035508189350366592,-0.0046398686245083809,0.011280272156000137,1.5118378400802612,0.28004348278045654,0.66213732957839966,8
0.17526555061340332,0.39959830045700073,1.2664666175842285,0.0071725347079336643,-0.0086299823597073555,-0.00065061106579378247,-0.21864622831344604,0.26307448744773865,0.01983235590159893,8
-0.63755792379379272,0.15662980079650879,-1.2245330810546875,-0.036410287022590637,0.043808706104755402,0.0033027101308107376,-0.31187897920608521,0.37525129318237305,0.028290417045354843,8
-0.3257521390914917,0.12996339797973633,-1.1201180219650269,-0.0079910308122634888,0.1016751229763031,0.035778969526290894,-0.27105987071990967,2.4479918479919434,0.83253192901611328,8
-0.42022663354873657,0.57078635692596436,-0.98697781562805176,0.12612009048461914,0.078381940722465515,0.076186880469322205,1.0575286149978638,0.91943103075027466,0.73867005109786987,8
-0.10027486085891724,0.58355271816253662,-0.864554762840271,0.0083691878244280815,0.006347613874822855,0.0054921489208936691,0.093991972506046295,-2.1475260257720947,-0.78318405151367188,8
-0.19132377207279205,0.71164226531982422,-0.84923642873764038,-0.079645462334156036,0.03215552493929863,-0.017020704224705696,-1.0114762783050537,0.53724122047424316,-0.16708680987358093,8
-0.085955247282981873,0.80360972881317139,-0.77550143003463745,0.031836185604333878,0.047600008547306061,0.029822580516338348,1.4859418869018555,-0.97310447692871094,0.17545697093009949,8
0.18055123090744019,0.80700504779815674,-0.6762843132019043,-0.0014920830726623535,0.043759174644947052,0.016114071011543274,1.0075565576553345,-0.38377323746681213,0.22408251464366913,8
0.4087560772895813,0.95249056816101074,-0.53703653812408447,-0.012275797314941883,0.029508648440241814,0.0067255180329084396,0.77488267421722412,-0.33601689338684082,0.15677371621131897,8
0.61537301540374756,0.87964743375778198,-0.48885461688041687,-0.00042924284934997559,-0.044041655957698822,-0.016927599906921387,-0.33449959754943848,-0.64124304056167603,-0.36707457900047302,8
0.67484211921691895,1.1484214067459106,-0.3646615743637085,-0.0058305580168962479,0.007015313021838665,0.00052887719357386231,0.5114213228225708,-0.61533981561660767,-0.04638994112610817,8
-0.67066919803619385,0.050314009189605713,-1.0498335361480713,0.040213696658611298,0.052374772727489471,-0.12201549112796783,-3.8797562122344971,3.503950834274292,1.7195203304290771,8
-0.42178928852081299,0.31264367699623108,-0.64694428443908691,0.18080951273441315,0.28338602185249329,-0.043586172163486481,-8.8100709915161133,3.5309751033782959,-3.9351563453674316,8
-0.44046559929847717,0.67985522747039795,-0.64702695608139038,0.16179236769676208,0.077277250587940216,0.16225357353687286,4.8448724746704102,-0.060766112059354782,2.9002931118011475,8
-0.63321065902709961,0.3942207396030426,-0.67409247159957886,-0.014989442192018032,0.29576754570007324,-0.35214138031005859,-0.52778661251068115,5.0410223007202148,7.8629899024963379,8
-0.2170933336019516,0.43233305215835571,-0.096495233476161957,0.30521363019943237,0.25517955422401428,-0.092495866119861603,-3.0889792442321777,3.7639544010162354,0.55990129709243774,8
-0.035867061465978622,0.92028474807739258,-0.46711251139640808,0.0060337353497743607,0.29174712300300598,0.16051416099071503,2.339989185333252,0.80618882179260254,1.4081828594207764,8
-0.3244921863079071,0.65378654003143311,-0.11925624310970306,-0.38680437207221985,-0.29819798469543457,0.19404713809490204,-4.4389419555664062,-7.4609036445617676,5.3654642105102539,8
-0.023441284894943237,1.1516087055206299,-0.34999537467956543,-0.15179896354675293,0.15140414237976074,-0.0030680298805236816,1.7130329608917236,0.2181127518415451,-0.23652045428752899,8
0.20888324081897736,1.0684357881546021,-0.14958818256855011,-0.035040214657783508,0.1089480072259903,0.049097970128059387,-0.18225681781768799,-0.55281847715377808,0.71369397640228271,8
0.59556347131729126,1.0920650959014893,-0.17920857667922974,-0.011900940909981728,0.018480272963643074,-0.0038087379653006792,-0.085912153124809265,-0.52603697776794434,0.74719130992889404,8
-0.78644043207168579,0.17716214060783386,-1.0247094631195068,0.11623057723045349,0.012063682079315186,-0.1890019029378891,2.5778324604034424,-3.9262800216674805,0.73492163419723511,8
-0.56360995769500732,0.18040601909160614,-0.4994451105594635,0.047755591571331024,-0.063228875398635864,-0.43607220053672791,-5.4675736427307129,-2.1824796199798584,-9.4986743927001953,8
-0.65719163417816162,0.60929334163665771,-0.61250948905944824,-0.18440346419811249,0.010168366134166718,0.33879992365837097,-5.510833740234375,-4.6452512741088867,1.6783689260482788,8
-0.13419587910175323,0.30763694643974304,-0.31208369135856628,0.22423405945301056,0.10721930116415024,-0.089077949523925781,-0.22348834574222565,2.6680617332458496,-1.9685680866241455,8
-0.064094230532646179,0.32998508214950562,-0.14604255557060242,0.17706719040870667,0.069428771734237671,0.04599197581410408,0.06655275821685791,3.8177773952484131,1.1873278617858887,8
-0.16131316125392914,0.81882292032241821,-0.10728617012500763,-0.035715535283088684,0.054283507168292999,0.13519322872161865,-1.0872527360916138,-0.3497718870639801,0.61703097820281982,8
-0.15759044885635376,0.54567897319793701,0.076595112681388855,-0.069975860416889191,0.036351058632135391,-0.015623942948877811,-1.3548514842987061,-1.0446851253509521,-1.0923149585723877,8
-0.0088891498744487762,0.98523741960525513,-0.10640137642621994,-0.1103636845946312,-0.016498234122991562,-0.086047716438770294,0.21716280281543732,0.068655610084533691,0.42027375102043152,8
0.14256955683231354,1.1043070554733276,0.0075782723724842072,-0.031420592218637466,0.083615384995937347,0.034352697432041168,-0.19523206353187561,-1.1049191951751709,-0.23810258507728577,8
0.46574795246124268,1.2440609931945801,-0.16250205039978027,-0.024670165032148361,0.026824615895748138,0.005595735739916563,0.55005478858947754,-1.4468994140625,0.87237566709518433,8
-0.88258922100067139,-0.12702280282974243,-0.5227435827255249,0.039711862802505493,-0.039646819233894348,-0.013158008456230164,-1.2317795753479004,2.3419902324676514,-0.89845842123031616,8
-0.77916741371154785,0.096155755221843719,-0.43993934988975525,-0.16971515119075775,0.025427283719182014,-0.080480791628360748,-1.9110302925109863,5.0403656959533691,-4.5468206405639648,8
-0.62918078899383545,0.23730963468551636,-0.79814666509628296,0.11131148040294647,-0.034637194126844406,-0.15472625195980072,-4.2227907180786133,2.2022190093994141,0.040644850581884384,8
-0.014678755775094032,0.67592144012451172,0.14262032508850098,0.061932876706123352,0.14686460793018341,0.05677487701177597,-1.1142343282699585,-0.1230660006403923,1.0885043144226074,8
-0.25997856259346008,1.0459897518157959,0.12517017126083374,-0.14252740144729614,0.045467235147953033,0.11489538103342056,0.66528034210205078,0.35030150413513184,2.8151454925537109,8
0.45725840330123901,0.9592278003692627,0.18487626314163208,-0.02121875062584877,0.010770044289529324,0.019264377653598785,-0.27459347248077393,-0.02609054371714592,0.44368472695350647,8
-1.0414761304855347,0.005553320050239563,-0.43949556350708008,-0.13049967586994171,0.16149088740348816,0.006581231951713562,-2.0386433601379395,1.9949469566345215,0.72288787364959717,8
-0.99129617214202881,0.022627050057053566,-0.040477961301803589,-0.74204492568969727,-0.23643893003463745,0.039385035634040833,-5.8902363777160645,-7.1785016059875488,-1.4586920738220215,8
-0.89800262451171875,0.66206395626068115,-0.73772579431533813,-0.45052364468574524,0.93264919519424438,-0.77260160446166992,1.1746152639389038,2.3086628913879395,5.8084983825683594,8
-1.0454316139221191,0.4438115656375885,-0.60439729690551758,-0.78274744749069214,0.6227220892906189,-1.3974968194961548,10.624309539794922,19.146570205688477,-14.098419189453125,8
-0.24282178282737732,0.76375001668930054,0.095656871795654297,-0.064871519804000854,0.02772052027285099,-0.073884978890419006,-2.7742819786071777,-0.84661662578582764,0.22710485756397247,8
0.27712994813919067,0.99782121181488037,0.41048157215118408,-0.015282951295375824,0.018850699067115784,0.00084318965673446655,-0.03930620476603508,0.17620323598384857,-0.14787150919437408,8
-1.0979501008987427,-0.0789908766746521,-0.25523081421852112,-0.16020318865776062,0.10926831513643265,0.1126088872551918,-2.6310956478118896,1.5465189218521118,2.1408274173736572,8
-1.2946226596832275,0.45841571688652039,-0.59072256088256836,-0.33497923612594604,0.30250522494316101,0.14849546551704407,-3.9627914428710938,2.0775141716003418,3.5201308727264404,8
-1.0793458223342896,0.40363207459449768,-0.57359343767166138,-1.5275956392288208,-0.11115731298923492,-0.6552964448928833,-12.854214668273926,-5.7348017692565918,11.412212371826172,8
-0.34493809938430786,0.63972342014312744,0.30410188436508179,0.028985932469367981,0.017054803669452667,0.075863659381866455,0.1566331684589386,-0.096253693103790283,-0.68656253814697266,8
-0.4053044319152832,0.27721720933914185,-0.13370068371295929,0.53799527883529663,-0.56664204597473145,0.21000464260578156,10.210006713867188,-1.3396756649017334,5.8736910820007324,8
0.22086817026138306,0.95011818408966064,0.5511479377746582,-0.023584641516208649,0.035384960472583771,-0.0060933679342269897,0.3609984815120697,-0.038516964763402939,-0.49775314331054688,8
-1.0197679996490479,-0.22615164518356323,-0.19995209574699402,-0.076511405408382416,0.16112872958183289,-0.074200622737407684,-0.35553035140037537,0.70958369970321655,-0.29880967736244202,8
-0.91241991519927979,0.2497822642326355,-0.26069110631942749,-0.20695039629936218,0.69401019811630249,-0.53823298215866089,-1.7792141437530518,6.3352422714233398,-13.93168830871582,8
-1.1698031425476074,0.17432525753974915,-0.44473579525947571,0.15151020884513855,0.0028136968612670898,-0.23120185732841492,3.0316891670227051,0.70129209756851196,-5.3840079307556152,8
-0.14572308957576752,0.58036226034164429,0.27924925088882446,0.17841161787509918,0.061363816261291504,0.13291269540786743,0.31081435084342957,1.1673234701156616,0.57406020164489746,8
-0.25114074349403381,0.75344967842102051,0.47167414426803589,0.018334608525037766,0.085773110389709473,0.069026879966259003,-0.096159085631370544,-1.2551776170730591,-0.73847287893295288,8
0.2533683180809021,0.75532221794128418,0.73109942674636841,-0.031245704740285873,0.0041115949861705303,0.042168594896793365,-0.53158611059188843,-0.35794255137443542,1.2200876474380493,8
-1.1437773704528809,-0.30881130695343018,0.083683311939239502,0.033318035304546356,-0.017551593482494354,-0.029497064650058746,-0.10068855434656143,-0.36913743615150452,0.58509725332260132,8
-1.2818340063095093,0.081370249390602112,0.36909559369087219,-0.1590932160615921,0.25459408760070801,0.25291138887405396,-1.2970129251480103,1.1209858655929565,3.2234964370727539,8
-1.0367163419723511,0.19284176826477051,-0.14360937476158142,-0.44008728861808777,0.37784823775291443,-0.48185074329376221,-11.326014518737793,3.8379619121551514,-0.89154475927352905,8
-0.38194599747657776,0.2861083447933197,0.31731626391410828,-0.064899392426013947,0.016486018896102905,0.11588364839553833,0.28625023365020752,0.97362649440765381,-0.47253948450088501,8
-0.73042291402816772,0.27951067686080933,0.41452756524085999,0.13517947494983673,0.12825609743595123,0.19996629655361176,0.64780664443969727,4.9248123168945312,-4.8336572647094727,8
-0.48121356964111328,0.25892475247383118,0.47553107142448425,-0.041892863810062408,0.12599028646945953,0.13251972198486328,-0.19466768205165863,1.3044735193252563,2.5713002681732178,8
-0.25500094890594482,0.37719166278839111,0.52473938465118408,-0.0054355612955987453,0.071443229913711548,0.10711657255887985,-0.042151011526584625,0.78715264797210693,-3.1596601009368896,8
-0.31434687972068787,0.7004513144493103,0.6588975191116333,-0.03991447389125824,0.095901444554328918,0.025395851582288742,0.33570325374603271,-0.18156363070011139,0.73092854022979736,8
-0.13920937478542328,0.79883790016174316,0.7676626443862915,-0.054376177489757538,0.13348919153213501,0.0023259234149008989,-0.30020129680633545,-0.17759798467159271,-0.94603061676025391,8
-0.034716576337814331,0.80507171154022217,1.1059834957122803,-0.0040672123432159424,0.015492334961891174,-0.012081913650035858,0.81482946872711182,-0.99909394979476929,-0.051949944347143173,8
-1.164821982383728,-0.40315240621566772,0.2261652946472168,-0.0404033362865448,0.038360536098480225,0.015709161758422852,1.1987094879150391,-0.99012577533721924,-0.63990485668182373,8
-0.92036736011505127,0.18722137808799744,0.33317536115646362,-0.09225735068321228,0.24204276502132416,0.23478357493877411,4.2254347801208496,5.1949996948242188,6.084414005279541,8
-0.92538422346115112,0.27390417456626892,0.55960571765899658,0.0061469180509448051,0.13737945258617401,0.21189500391483307,2.3143236637115479,1.7380084991455078,-1.8779587745666504,8
-0.89065754413604736,0.30885514616966248,-0.074540480971336365,-0.33312466740608215,-0.96174252033233643,-0.35921043157577515,18.586849212646484,-27.672609329223633,0.096804492175579071,8
-0.48207202553749084,0.47881397604942322,0.15107658505439758,0.21545100212097168,0.29934239387512207,-0.10596508532762527,-6.1976351737976074,2.4953138828277588,-5.5979781150817871,8
-0.58435070514678955,0.48844867944717407,0.48911702632904053,-0.099138177931308746,0.12130517512559891,0.035638168454170227,0.55757802724838257,-0.84301358461380005,-2.1309449672698975,8
-0.44091269373893738,0.58290219306945801,0.78095382452011108,-0.032435547560453415,0.085175059735774994,0.13112431764602661,0.28006899356842041,0.78676855564117432,1.4093639850616455,8
-0.34248417615890503,0.62386482954025269,0.91070985794067383,-0.033317044377326965,0.10342851281166077,0.092673763632774353,-0.28160655498504639,0.41552332043647766,0.31117734313011169,8
-0.078309334814548492,0.61978060007095337,0.82096028327941895,-0.033855527639389038,0.10577838122844696,-0.043222267180681229,-1.5413285493850708,-0.53143519163131714,-0.67264485359191895,8
0.24248778820037842,0.47047281265258789,1.0820932388305664,0.012049049139022827,-0.016279265284538269,0.0010003745555877686,-0.048366762697696686,0.18772651255130768,-0.14777989685535431,8
-1.2388761043548584,-0.46977818012237549,0.41582387685775757,-0.0034842833410948515,0.0041922708041965961,0.00031606055563315749,-0.28598558902740479,0.34409606456756592,0.025941759347915649,8
-0.96991515159606934,-0.498943030834198,0.50354480743408203,0.017537076026201248,-0.01082361675798893,0.0023224125616252422,-1.2029087543487549,-0.60488784313201904,-0.67231792211532593,8
-1.0411503314971924,-0.23239314556121826,0.5788654088973999,-0.017539195716381073,-0.046575367450714111,-0.024179190397262573,0.88822418451309204,-1.6604001522064209,-0.3058696985244751,8
-0.81167936325073242,-0.13418120145797729,0.70057797431945801,-0.031691249459981918,-0.015347021631896496,-0.017488254234194756,-1.4379285573959351,-0.30518797039985657,-0.64455491304397583,8
-0.85961771011352539,0.043699651956558228,0.75069594383239746,0.084482505917549133,0.08660394698381424,0.064018413424491882,0.39504912495613098,1.3267747163772583,0.65035516023635864,8
-0.63127195835113525,0.21785606443881989,0.9009125828742981,-0.013832792639732361,0.039050783962011337,0.0097868144512176514,-1.309525728225708,-0.70067030191421509,-0.74796390533447266,8
-0.40454018115997314,0.17892265319824219,0.96939736604690552,0.048362143337726593,0.028009306639432907,0.028435215353965759,0.74008208513259888,0.0050393114797770977,0.27385219931602478,8
-0.21429568529129028,0.36020636558532715,1.108328104019165,0.0062077203765511513,0.034127704799175262,0.015275852754712105,1.049864649772644,0.93697404861450195,0.74253332614898682,8
-0.08086860179901123,0.41483926773071289,1.178156852722168,0.040730930864810944,0.03903169184923172,0.029828265309333801,0.67959016561508179,-0.48350882530212402,0.065599232912063599,8
0.077138781547546387,0.51766413450241089,1.2753674983978271,0.012514491565525532,-0.015057387761771679,-0.001135168713517487,0.58135032653808594,-0.69947874546051025,-0.052733331918716431,8
-0.63753622770309448,0.15660369396209717,-1.2245349884033203,-0.036527443677186966,0.043949667364358902,0.0033133311662822962,-0.32195955514907837,0.3873799741268158,0.029204392805695534,8
-0.47176361083984375,0.43297642469406128,-1.0583887100219727,-0.27198231220245361,0.20762962102890015,-0.02087646909058094,0.062527656555175781,-3.0768566131591797,-1.1486093997955322,8
-0.5707249641418457,0.63438045978546143,-1.0180615186691284,-0.10556448251008987,0.027172407135367393,-0.028441730886697769,-1.60956871509552,-1.2575641870498657,-1.0702612400054932,8
-0.28943997621536255,0.41789460182189941,-0.99713915586471558,-0.047265391796827316,0.097060471773147583,0.019590988755226135,-2.0995800495147705,1.8048975467681885,-0.084205597639083862,8
-0.19547921419143677,0.93576663732528687,-0.76542270183563232,-0.01248281542211771,0.020809667184948921,0.003337120870128274,1.3154448270797729,-1.6463057994842529,-0.14352639019489288,8
-0.075717493891716003,1.0300068855285645,-0.68553376197814941,0.0051858872175216675,0.072524547576904297,0.029520884156227112,0.84364831447601318,-0.81223791837692261,0.00070860603591427207,8
0.13419038057327271,0.98411053419113159,-0.62588202953338623,0.0084406612440943718,0.061336029320955276,0.026456518098711967,0.59821146726608276,-0.29312464594841003,0.1081908643245697,8
0.38098382949829102,1.0335074663162231,-0.51639199256896973,0.0032120931427925825,-0.0053560859523713589,-0.00085921760182827711,0.86834228038787842,0.67639893293380737,0.57661539316177368,8
0.40007615089416504,1.1847913265228271,-0.45177197456359863,-0.018896250054240227,0.00068381673190742731,-0.0066828001290559769,0.84822702407836914,-1.1334241628646851,-0.11990854144096375,8
0.61169213056564331,1.2244031429290771,-0.35893332958221436,0.023656250908970833,-0.028463108465075493,-0.0021458135452121496,0.26726770401000977,-0.32157638669013977,-0.024243311956524849,8
-0.89125740528106689,0.3049178421497345,-1.0171288251876831,0.076237291097640991,-0.0038687139749526978,-0.11012876033782959,0.19975034892559052,-0.36294487118721008,0.12591227889060974,8
-0.510181725025177,0.17060829699039459,-0.74613857269287109,0.40294411778450012,0.02278955839574337,0.15511961281299591,1.1720349788665771,-1.5145306587219238,-0.48523259162902832,8
-0.58850115537643433,0.41978764533996582,-1.106304407119751,-0.010038767941296101,0.12486538290977478,0.043856784701347351,1.1535207033157349,0.74225729703903198,0.7064778208732605,8
-0.34331327676773071,0.81795960664749146,-0.57488614320755005,0.064123399555683136,0.24733817577362061,-0.019827015697956085,-0.38393786549568176,-2.854809045791626,-1.2330453395843506,8
-0.30020409822463989,0.62187939882278442,-0.59932249784469604,0.14277763664722443,0.22643271088600159,0.23829987645149231,-0.61245733499526978,1.997494101524353,0.58925133943557739,8
-0.090400747954845428,0.9430084228515625,-0.27281853556632996,0.011333918198943138,0.24962601065635681,0.11153443157672882,0.1314726322889328,-0.11270462721586227,-0.1381373405456543,8
-0.15961372852325439,1.146614670753479,-0.14887118339538574,-0.13317976891994476,-0.011318168602883816,0.032720427960157394,-0.72536295652389526,0.8089144229888916,-0.45251265168190002,8
0.28361862897872925,1.3052432537078857,-0.44869786500930786,-0.00081641227006912231,0.016733657568693161,0.0060717463493347168,1.2688552141189575,-0.21045057475566864,0.38609009981155396,8
0.19881199300289154,1.0548511743545532,-0.32018393278121948,-0.057158727198839188,0.10244601219892502,0.025463849306106567,-0.68394100666046143,-0.16685976088047028,-0.43487703800201416,8
0.34669387340545654,1.385664701461792,-0.14977437257766724,-0.015598580241203308,0.0012871026992797852,0.021950826048851013,1.2680871486663818,-1.5221399068832397,-0.11927447468042374,8
-0.78178298473358154,-0.0053208470344543457,-0.81734251976013184,0.11392606794834137,-0.15421846508979797,0.0098048895597457886,-2.8591125011444092,1.4763906002044678,2.5661847591400146,8
-1.0281554460525513,0.48378700017929077,-1.0213384628295898,0.067759521305561066,0.26308822631835938,-0.41098520159721375,1.3654903173446655,1.3631280660629272,-3.6552615165710449,8
-0.61329549551010132,0.72303247451782227,-0.43293094635009766,0.30288547277450562,-0.35293561220169067,-0.086165986955165863,5.0125932693481445,-6.4401407241821289,2.3734192848205566,8
-0.48628154397010803,0.79161942005157471,-0.27402663230895996,0.59078997373580933,-0.022868366912007332,-0.26739650964736938,1.6841338872909546,-4.4292926788330078,-4.5955381393432617,8
-0.32573127746582031,0.42285445332527161,-0.32832834124565125,0.14039522409439087,0.44010472297668457,-0.04592365026473999,-0.9803960919380188,5.3240900039672852,5.1484270095825195,8
-0.37515130639076233,0.52611511945724487,-0.0047791497781872749,-0.15709614753723145,0.18077543377876282,-0.082892812788486481,-6.3494348526000977,0.85655266046524048,-2.3788502216339111,8
-0.51414585113525391,0.41092133522033691,-0.39743328094482422,0.075840659439563751,-1.5461138486862183,-0.4322131872177124,-0.35471004247665405,-9.0505237579345703,2.7761468887329102,8
-0.29782906174659729,0.99996769428253174,0.019504189491271973,-0.15718571841716766,-0.012316395528614521,0.071403294801712036,-0.23173479735851288,0.14670343697071075,0.47319662570953369,8
0.2117515504360199,1.4419728517532349,-0.012946844100952148,-0.15345649421215057,0.18510328233242035,0.013373390771448612,1.3166927099227905,-1.2396163940429688,-0.52428144216537476,8
0.44857767224311829,1.1523135900497437,-0.028894543647766113,0.016018711030483246,-0.020478572696447372,-3.7532299757003784e-05,-0.92801743745803833,1.3214079141616821,-0.15643569827079773,8
-0.89827215671539307,0.10405352711677551,-0.77061140537261963,0.047431044280529022,-0.058173760771751404,-0.0030043285805732012,-2.6440215110778809,0.13693168759346008,3.8161864280700684,8
-0.83866584300994873,0.51898711919784546,-0.91276246309280396,-0.14704936742782593,0.38313046097755432,-0.23158389329910278,13.567923545837402,-0.56440919637680054,4.4900264739990234,8
-1.309687614440918,0.67182004451751709,-0.80866158008575439,0.1803206205368042,0.12389029562473297,-0.30853411555290222,-2.5083703994750977,1.7624191045761108,2.7771420478820801,8
-0.77592253684997559,0.74187630414962769,-1.0525270700454712,0.05764365941286087,0.11993283778429031,0.066847607493400574,2.6132280826568604,-2.1528947353363037,0.14043152332305908,8
-0.44359090924263,0.44718393683433533,-0.7903367280960083,-0.056855238974094391,0.059003233909606934,0.16231840848922729,-1.3798537254333496,0.79298430681228638,2.2617902755737305,8
-0.58414506912231445,0.88772433996200562,-0.71431130170822144,0.058628357946872711,0.17212483286857605,0.35518646240234375,-0.32349404692649841,0.98669880628585815,-1.0231822729110718,8
-0.40058568120002747,1.0018247365951538,-0.4331451952457428,-0.051218323409557343,0.26668709516525269,0.11757255345582962,1.0680786371231079,1.4049391746520996,-0.91158956289291382,8
-0.72578954696655273,0.37181487679481506,-0.34005862474441528,-0.70861279964447021,-0.84699440002441406,-0.93315744400024414,4.5966677665710449,5.4523510932922363,8.01995849609375,8
-0.11248565465211868,1.1537413597106934,0.13845784962177277,-0.11530059576034546,-0.014942408539354801,0.042934615164995193,0.97368699312210083,0.23658956587314606,0.47331839799880981,8
0.33708524703979492,1.040745735168457,0.26987311244010925,-0.0074291080236434937,0.013528130948543549,-0.004717603325843811,0.060469504445791245,-0.55360972881317139,0.5593988299369812,8
-1.2926652431488037,0.15400238335132599,-0.23605646193027496,-0.32910212874412537,0.29148155450820923,0.15260535478591919,-4.2088594436645508,2.5719280242919922,3.3094425201416016,8
-1.0640848875045776,0.23897810280323029,-0.39778625965118408,0.31375947594642639,0.48221707344055176,0.056683801114559174,11.643115997314453,7.7140612602233887,5.2292065620422363,8
-1.3908157348632812,0.6165277361869812,-0.63168579339981079,0.049479644745588303,0.082159996032714844,-0.16971887648105621,3.8496041297912598,-4.9279308319091797,-0.056060399860143661,8
-1.1094684600830078,0.7244306206703186,-1.1817269325256348,-0.23967269062995911,0.28837317228317261,0.021740246564149857,-4.2334918975830078,5.0937199592590332,0.38401180505752563,8
-0.79546582698822021,0.75659215450286865,-0.79968458414077759,0.15694522857666016,0.78459620475769043,0.15361869335174561,-0.26406750082969666,-2.1553373336791992,1.3759613037109375,8
-0.67195570468902588,0.87292581796646118,-0.8813701868057251,0.041937094181776047,0.16714544594287872,0.28614035248756409,-1.8832137584686279,-1.5288393497467041,2.6022138595581055,8
-0.50931131839752197,0.91870898008346558,-0.46948704123497009,0.026983249932527542,0.23250302672386169,0.10778271406888962,1.5822315216064453,1.1335721015930176,-2.558314323425293,8
-0.86942917108535767,0.22703574597835541,-0.53475385904312134,0.37275466322898865,0.00063411705195903778,-0.23625119030475616,-4.8718075752258301,16.913894653320312,5.0875983238220215,8
0.017354220151901245,1.0353463888168335,0.21510219573974609,-0.032113704830408096,0.037652373313903809,-0.004062955267727375,0.20957639813423157,-0.71250486373901367,-0.61786192655563354,8
0.13949295878410339,1.0979456901550293,0.49988889694213867,0.0094621703028678894,-0.014516390860080719,0.0028204917907714844,0.75232541561126709,-0.26697993278503418,-0.81798678636550903,8
-1.1850447654724121,0.090133219957351685,-0.32290500402450562,0.061664953827857971,0.0033332407474517822,-0.096670076251029968,0.47401648759841919,0.20703835785388947,-0.95621907711029053,8
-1.1799197196960449,0.060846805572509766,0.25865530967712402,-0.22287546098232269,0.090047255158424377,-0.067635983228683472,-4.4628200531005859,-2.4743573665618896,1.0486900806427002,8
-0.41700983047485352,0.18608708679676056,0.082437008619308472,0.31677171587944031,-0.19384175539016724,0.448527991771698,-0.4141598641872406,2.037663459777832,7.1318063735961914,8
-1.3426380157470703,0.60417068004608154,-0.68972551822662354,0.048654597252607346,0.19599819183349609,-0.30343401432037354,-1.4650084972381592,-1.5029864311218262,3.8212759494781494,8
-1.170128345489502,0.50422835350036621,-0.83180129528045654,-0.15919509530067444,0.40241318941116333,-0.23328025639057159,-3.6146671772003174,5.0653471946716309,-0.51347178220748901,8
-1.153602123260498,0.5997655987739563,-0.96889197826385498,-0.27696311473846436,0.546547532081604,-0.22545981407165527,-2.1466970443725586,5.4987492561340332,-3.2306818962097168,8
-0.98973238468170166,0.79058998823165894,-0.90054160356521606,0.52754330635070801,0.41184622049331665,-0.2205967903137207,2.5843968391418457,0.48380699753761292,2.0870661735534668,8
-0.81368935108184814,0.35196542739868164,-0.34566456079483032,-0.88316786289215088,0.64522385597229004,-0.61978268623352051,3.9959368705749512,1.0446667671203613,2.640244722366333,8
-0.048572607338428497,0.8574487566947937,0.58987575769424438,-0.079110845923423767,0.21142776310443878,0.08748219907283783,-0.45391690731048584,0.32093343138694763,-0.71512961387634277,8
0.17677342891693115,0.89040762186050415,0.68761885166168213,0.012986183166503906,-0.0008104667067527771,-0.018581278622150421,0.43212509155273438,-0.72565239667892456,0.20247435569763184,8
-1.3667976856231689,-0.044843375682830811,0.10904568433761597,-0.29201099276542664,0.29299110174179077,0.095040813088417053,-1.8861172199249268,-0.40752854943275452,3.3157782554626465,8
-1.1840584278106689,0.30273652076721191,0.36976379156112671,0.038262940943241119,0.30789798498153687,0.25791776180267334,0.79235827922821045,0.18725393712520599,2.2959990501403809,8
-1.1488665342330933,0.31730008125305176,-0.014290781691670418,-0.21331986784934998,0.19688522815704346,0.18199616670608521,-0.056850310415029526,4.5328607559204102,5.7610111236572266,8
-1.5009222030639648,0.27672985196113586,-0.057648204267024994,-0.19111889600753784,0.0050812624394893646,0.37901404500007629,1.1523386240005493,0.24900978803634644,-1.5467761754989624,8
-1.2843508720397949,0.30228734016418457,-0.42276084423065186,0.23220759630203247,-0.41793155670166016,0.14168758690357208,0.24219585955142975,-1.5170779228210449,1.4178891181945801,8
-0.59625387191772461,0.16806556284427643,-0.10500574856996536,0.062129329890012741,-0.53486508131027222,0.038480900228023529,7.250373363494873,-7.8080101013183594,-4.0683779716491699,8
-0.9796183705329895,0.79223930835723877,-0.88024687767028809,0.43471670150756836,0.42705342173576355,-0.22949354350566864,3.9370651245117188,-0.10372280329465866,2.192328929901123,8
-0.55215871334075928,0.61534923315048218,0.170924112200737,0.14522802829742432,-0.36540830135345459,-0.13305556774139404,-1.5829645395278931,-1.2354968786239624,-4.3107113838195801,8
-0.23026739060878754,0.94990742206573486,0.61042916774749756,-0.16613592207431793,0.23647512495517731,0.048158884048461914,1.5445777177810669,-0.26686057448387146,0.10358969867229462,8
0.21460086107254028,0.69697713851928711,0.85795319080352783,-0.023378480225801468,-0.0046537588350474834,0.040632128715515137,-0.17849217355251312,-0.10760193318128586,0.39488774538040161,8
-1.2364109754562378,-0.15403872728347778,0.041200071573257446,-0.15881314873695374,0.16444522142410278,0.045698776841163635,-0.46742674708366394,-0.67725372314453125,1.4986931085586548,8
-1.3728387355804443,-0.15682059526443481,0.24967807531356812,0.092479325830936432,-0.15485291182994843,0.042809657752513885,-1.102843165397644,1.4166018962860107,-0.0052975858561694622,8
-0.78422373533248901,0.34412854909896851,0.28177496790885925,0.34385597705841064,-0.50095975399017334,0.10842320322990417,-3.1699140071868896,18.975931167602539,-0.62229299545288086,8
-0.8608245849609375,0.27869418263435364,0.15978585183620453,0.31632882356643677,-1.6911251544952393,-0.2650248110294342,17.931386947631836,-51.731166839599609,-6.4489426612854004,8
-0.56371855735778809,0.15514260530471802,0.38370773196220398,-0.033831864595413208,-0.0018339302623644471,0.29195520281791687,-4.2744474411010742,2.4352526664733887,0.03052353672683239,8
-0.23713959753513336,0.44211703538894653,0.2659938633441925,0.16892431676387787,0.20399285852909088,0.065966807305812836,2.5941061973571777,4.6608767509460449,3.1523520946502686,8
-0.58034950494766235,0.76525938510894775,0.36580339074134827,0.11039644479751587,0.0096177961677312851,-0.18508696556091309,0.43636432290077209,-1.9549516439437866,-0.9387248158454895,8
-0.50476467609405518,0.82666373252868652,0.54676252603530884,-0.012189843691885471,0.15915566682815552,-0.070301756262779236,-0.20831039547920227,-1.5333096981048584,-0.59169507026672363,8
-0.17869511246681213,0.99595892429351807,1.0983058214187622,-0.018095318228006363,0.049539089202880859,-0.030977828428149223,1.4066016674041748,-1.5425589084625244,-0.30363661050796509,8
0.070863664150238037,0.77633041143417358,0.98093730211257935,-0.013879135251045227,-0.01457865908741951,0.038002844899892807,-0.16213482618331909,-0.52511715888977051,0.86076080799102783,8
-1.2681279182434082,-0.2739206850528717,0.22973912954330444,-0.091664537787437439,0.088648609817028046,0.033738456666469574,-0.98531335592269897,1.1091799736022949,0.1790621429681778,8
-1.035913348197937,0.093725278973579407,0.44791534543037415,-0.23078018426895142,0.03895442932844162,0.33130636811256409,-1.2919588088989258,1.0569043159484863,3.3499381542205811,8
-1.3700140714645386,0.01440584659576416,0.55200326442718506,0.05985647439956665,-0.083677336573600769,-0.009868621826171875,0.047972869127988815,-1.122566819190979,-0.40981608629226685,8
-0.84070640802383423,0.55889034271240234,0.49142152070999146,0.051796741783618927,0.18392971158027649,-0.012580522336065769,0.37627500295639038,-2.4612565040588379,-3.3280937671661377,8
-0.75409907102584839,0.41732555627822876,0.65549176931381226,-0.032201163470745087,0.18475976586341858,0.10435451567173004,0.25351142883300781,0.050196196883916855,0.10490006953477859,8
-0.57968950271606445,0.46289244294166565,0.75971341133117676,-0.026527009904384613,0.11593416333198547,0.12206819653511047,-0.77787423133850098,-0.7156490683555603,0.34027865529060364,8
-0.54449355602264404,0.75422894954681396,0.794971764087677,-0.02278345450758934,0.14659152925014496,-0.03517112135887146,-0.37521359324455261,-1.069514274597168,-0.52867597341537476,8
-0.31577539443969727,0.68273210525512695,1.1938499212265015,-0.05524376779794693,0.069463856518268585,0.0061513949185609818,0.081497237086296082,0.81637018918991089,0.34079697728157043,8
-0.12444016337394714,0.61801326274871826,0.97926819324493408,-0.046827584505081177,0.081942655146121979,0.0051055210642516613,-0.86111980676651001,0.80436092615127563,-0.86237227916717529,8
0.11676765978336334,0.61832761764526367,1.0975043773651123,-0.008126160129904747,-0.0032040043734014034,0.01598699577152729,0.59633594751358032,-0.37012335658073425,-0.46218475699424744,8
-1.2388761043548584,-0.46977818012237549,0.41582387685775757,-0.0034842833410948515,0.0041922708041965961,0.00031606055563315749,-0.28598558902740479,0.34409606456756592,0.025941759347915649,8
-1.2327042818069458,-0.18162542581558228,0.52781248092651367,-0.0080141182988882065,0.027300285175442696,0.0074505242519080639,-0.29852625727653503,-1.5911033153533936,-0.71553909778594971,8
-1.1187183856964111,-0.10655313730239868,0.59828060865402222,-0.057152774184942245,0.072534985840320587,0.0066193509846925735,-0.079896852374076843,-0.31762784719467163,-0.15030135214328766,8
-0.96466279029846191,-0.057253062725067139,0.67365837097167969,0.061881009489297867,0.053426899015903473,0.043080870062112808,-0.66778695583343506,0.88305866718292236,0.090875916182994843,8
-0.74706494808197021,0.34947890043258667,0.90848445892333984,0.024213166907429695,0.088912613689899445,0.04275234043598175,-0.054934654384851456,-0.53864634037017822,-0.22528721392154694,8
-0.75784158706665039,0.13302886486053467,0.82210636138916016,0.030348727479577065,0.093268007040023804,0.04666518047451973,-0.033078845590353012,-0.35267627239227295,-0.14644402265548706,8
-0.42348611354827881,0.38593024015426636,1.0412588119506836,0.015279050916433334,0.07207973301410675,0.03306010365486145,0.86871010065078735,0.40798050165176392,0.4745439887046814,8
-0.29597139358520508,0.4377981424331665,1.1078623533248901,0.018220501020550728,0.016501503065228462,0.012978212907910347,-0.36801800131797791,-0.51181983947753906,-0.3301105797290802,8
-0.19835865497589111,0.5474504828453064,1.1854815483093262,-0.036710876971483231,0.042823914438486099,0.0028172617312520742,1.0074373483657837,-1.5730131864547729,-0.2287919670343399,8
0.0025693774223327637,0.60738569498062134,1.282131552696228,-0.014081239700317383,0.01694251224398613,0.0012772852787747979,0.55118876695632935,-0.66318768262863159,-0.049997642636299133,8
-0.85701471567153931,0.42067939043045044,-1.2046265602111816,-0.13115248084068298,0.15780211985111237,0.011896586045622826,-0.89704930782318115,1.0793260335922241,0.08136952668428421,8
-0.777229905128479,0.74130630493164062,-1.0532245635986328,0.063605614006519318,0.12366160005331039,0.070458047091960907,2.6109194755554199,-2.1564218997955322,0.13823948800563812,8
-0.71648591756820679,0.5614548921585083,-1.099387526512146,0.13158676028251648,0.023127170279622078,0.057155996561050415,2.7623372077941895,-0.83677321672439575,0.69636267423629761,8
-0.30952975153923035,0.65056753158569336,-0.91592526435852051,0.040788482874631882,0.026538863778114319,0.025092467665672302,0.51491516828536987,-1.237501859664917,-0.28200879693031311,8
-0.30894523859024048,0.83072984218597412,-0.84710949659347534,-0.056569762527942657,0.0017469674348831177,-0.020120605826377869,-0.33187931776046753,-1.4721992015838623,-0.68251842260360718,8
0.045715093612670898,1.1299657821655273,-0.60285329818725586,-0.019583804532885551,0.060005653649568558,0.01565273106098175,-0.11757714301347733,-1.0208004713058472,-0.43189576268196106,8
0.025964856147766113,0.88548868894577026,-0.7032005786895752,0.014711934141814709,0.026727320626378059,0.015582753345370293,-1.0185201168060303,-0.47654253244400024,-0.55569607019424438,8
0.16028180718421936,1.2191207408905029,-0.5268094539642334,-0.0049640350043773651,0.024594828486442566,0.0075410827994346619,1.2513999938964844,-0.19624242186546326,0.38508635759353638,8
0.18941429257392883,1.5171657800674438,-0.40261757373809814,0.084923900663852692,0.077891506254673004,0.06086314469575882,0.24536153674125671,-0.69357675313949585,-0.17394056916236877,8
0.46329230070114136,1.4029572010040283,-0.34547233581542969,-0.0019457098096609116,0.0023410692811012268,0.00017648935317993164,0.072519369423389435,-0.087255023419857025,-0.0065782815217971802,8
-0.96097296476364136,0.54576146602630615,-1.1951966285705566,-0.07381054013967514,0.088808521628379822,0.0066952225752174854,1.9447420835494995,-2.3399057388305664,-0.17640297114849091,8
-1.0949771404266357,0.70699465274810791,-1.1830414533615112,-0.17113736271858215,0.20591175556182861,0.015523532405495644,0.17975805699825287,-0.21628437936306,-0.016305819153785706,8
-0.39786303043365479,1.0378456115722656,-0.80091702938079834,-0.00056178250815719366,0.083769507706165314,0.03169076144695282,0.7504880428314209,-1.2486422061920166,-0.19969257712364197,8
-0.4517778754234314,0.99759954214096069,-0.83605194091796875,0.05540056899189949,0.092364639043807983,0.055526174604892731,0.13755396008491516,-1.9792386293411255,-0.7030983567237854,8
-0.17408676445484161,1.2203482389450073,-0.64920133352279663,-0.024129770696163177,0.074249126017093658,0.019405914470553398,0.25932008028030396,-0.97532624006271362,-0.27609434723854065,8
-0.12252525985240936,1.2641558647155762,-0.61357498168945312,-0.036015383899211884,0.081131026148796082,0.017659146338701248,0.80744457244873047,-0.46706220507621765,0.11883995682001114,8
0.047815561294555664,1.4007264375686646,-0.49898311495780945,-0.0023326633963733912,0.020046187564730644,0.0067759454250335693,0.68746626377105713,-0.73930913209915161,-0.028908735141158104,8
0.02565804123878479,1.2965447902679443,-0.18074056506156921,-0.013226890936493874,0.068339288234710693,0.13818280398845673,0.24085956811904907,0.41540944576263428,1.00937819480896,8
0.28458684682846069,1.6179749965667725,-0.32926225662231445,-0.014666087925434113,0.017646174877882004,0.0013303327141329646,0.15042240917682648,-0.18098758161067963,-0.013644511811435223,8
0.22985318303108215,1.512373685836792,-0.1228783130645752,-0.097226709127426147,0.010794829577207565,0.13356383144855499,-0.45366591215133667,0.81759661436080933,-0.27808517217636108,8
-1.0545090436935425,0.39639800786972046,-0.87903773784637451,0.028938345611095428,0.1016671359539032,-0.16296182572841644,1.3861038684844971,-2.3592529296875,0.68660968542098999,8
-1.0049071311950684,0.32605370879173279,-0.87101012468338013,0.30836117267608643,-0.3643416166305542,-0.035814985632896423,4.9367690086364746,-9.0360584259033203,3.1894159317016602,8
-0.61835575103759766,0.35635808110237122,-0.93834871053695679,0.05540795624256134,0.23803949356079102,-0.05220312625169754,-0.43003520369529724,1.9798737764358521,0.52435487508773804,8
-0.25263166427612305,1.0986125469207764,-0.40389853715896606,-0.096198618412017822,0.11604925990104675,0.11585438251495361,-0.34257328510284424,0.50969702005386353,0.0073713804595172405,8
-0.21266137063503265,0.89844214916229248,-0.4985661506652832,0.030379211530089378,0.29513221979141235,-0.13288213312625885,1.1202410459518433,-0.41577544808387756,0.22968067228794098,8
-0.2612285315990448,0.7633092999458313,-0.29654484987258911,0.31484085321426392,-0.12602835893630981,-0.037133887410163879,7.1944146156311035,-4.0596199035644531,-0.8102150559425354,8
-0.34131401777267456,0.96854931116104126,-0.03622310608625412,-0.17483998835086823,-0.13133972883224487,0.088979050517082214,-0.95843011140823364,-2.7436771392822266,-2.4386231899261475,8
0.22767356038093567,1.2204543352127075,-0.23537963628768921,0.013975474052131176,0.13074001669883728,-0.016017524525523186,-0.4968397319316864,-0.067886263132095337,-0.11660366505384445,8
0.15966138243675232,1.4039453268051147,0.11007830500602722,0.037733864039182663,0.19316138327121735,-0.28367486596107483,-0.75663024187088013,0.090603671967983246,1.0316606760025024,8
0.33068147301673889,1.2719379663467407,0.0079118013381958008,0.027000702917575836,-0.012273341417312622,-0.026195403188467026,0.36703792214393616,-0.089571021497249603,-0.44686213135719299,8
-0.92909860610961914,0.0019360780715942383,-0.60428059101104736,0.10811186581850052,-0.11186087131500244,-0.03120926208794117,-0.23893272876739502,-0.17545758187770844,0.56551551818847656,8
-1.1662098169326782,0.3789898157119751,-0.69057101011276245,0.0088588595390319824,0.20533615350723267,-0.25454443693161011,-2.9415595531463623,0.98183912038803101,3.2711753845214844,8
-1.3287919759750366,0.66546869277954102,-0.77395081520080566,0.21260738372802734,0.078621819615364075,-0.32708343863487244,-1.8974974155426025,0.33959624171257019,3.2189841270446777,8
-0.90452682971954346,0.44284346699714661,-0.73460960388183594,-0.76091468334197998,-0.59211421012878418,-1.8434509038925171,-4.6410722732543945,13.523894309997559,-11.641165733337402,8
-0.44122987985610962,0.81277203559875488,-0.21863056719303131,0.78814220428466797,0.084306009113788605,-0.18267633020877838,7.3464679718017578,-2.4188017845153809,2.838207483291626,8
-0.53811478614807129,0.37747511267662048,-0.19375136494636536,0.53786677122116089,-2.0893266201019287,-0.48328569531440735,-4.3565778732299805,-12.433475494384766,-6.495811939239502,8
-0.13332335650920868,1.1660279035568237,-0.027435112744569778,-0.13480539619922638,0.0038940892554819584,0.1055980920791626,1.4002041816711426,0.69489157199859619,0.68238431215286255,8
-0.099838495254516602,1.1716082096099854,0.25998580455780029,-0.075064867734909058,0.021956916898488998,-0.02715509757399559,0.24218155443668365,-0.38963186740875244,-0.085399799048900604,8
0.11098971962928772,1.3552305698394775,0.24051639437675476,-0.024315841495990753,-0.063419394195079803,0.11107718199491501,0.45483633875846863,-0.26437973976135254,-0.37356844544410706,8
0.3753916323184967,1.1185899972915649,0.12080627679824829,-0.067973770201206207,0.079934492707252502,0.0083405300974845886,0.26725730299949646,-0.54264527559280396,0.23547469079494476,8
-1.0323848724365234,0.092079564929008484,-0.5548173189163208,-0.45362749695777893,0.37796995043754578,0.23830972611904144,-4.7545709609985352,6.7152252197265625,-0.73706609010696411,8
-1.3531359434127808,0.079994253814220428,-0.058157235383987427,-0.18427635729312897,0.032890923321247101,0.23854349553585052,1.7821338176727295,1.0182839632034302,-3.8768563270568848,8
-1.3756953477859497,0.2541668713092804,-0.22883385419845581,-0.14070196449756622,-0.21702827513217926,0.46659365296363831,-1.6143676042556763,3.6536526679992676,-1.8638625144958496,8
-1.4326651096343994,0.48672106862068176,-0.41633564233779907,0.27859416604042053,-0.45437330007553101,0.1147245466709137,-1.5459688901901245,0.75759434700012207,1.4899415969848633,8
-1.0986188650131226,0.71137648820877075,-1.1827110052108765,-0.32269656658172607,0.3882671594619751,0.029271190986037254,-4.456944465637207,5.362576961517334,0.4042811393737793,8
-0.50330126285552979,0.94252210855484009,-0.60505777597427368,0.0058261733502149582,0.15174789726734161,0.2332543283700943,0.33719712495803833,0.72650176286697388,-1.8147972822189331,8
-0.39179697632789612,0.65368825197219849,0.034409265965223312,-0.061046093702316284,-0.38862037658691406,-0.29276233911514282,-8.683319091796875,-2.4905917644500732,-3.1434602737426758,8
-0.32124853134155273,0.98552203178405762,0.31034830212593079,-0.12190763652324677,-0.079015180468559265,-0.024097023531794548,0.59105199575424194,-0.95112490653991699,-0.024419164285063744,8
-0.0087008178234100342,1.2471466064453125,0.54752278327941895,-0.0018604077631607652,-0.016092000529170036,0.021702488884329796,0.45991092920303345,-1.5912271738052368,1.1775164604187012,8
0.20627853274345398,1.1525390148162842,0.33529868721961975,0.055008646100759506,-0.046232905238866806,-0.028429869562387466,0.12131485342979431,-0.94769382476806641,0.9308282732963562,8
-1.2328282594680786,0.033029243350028992,-0.18394759297370911,-0.21911320090293884,-0.048414163291454315,0.38645726442337036,-0.048429962247610092,-1.4939510822296143,1.8278698921203613,8
-1.5369893312454224,0.20809109508991241,0.068204879760742188,-0.25046846270561218,0.096085868775844574,0.27415341138839722,-0.63617211580276489,0.26438197493553162,0.7185172438621521,8
-1.2058855295181274,0.26837843656539917,0.24191316962242126,-0.084030240774154663,0.19251085817813873,0.10571058094501495,-1.7306329011917114,3.3772070407867432,1.084846019744873,8
-1.1264822483062744,0.054213903844356537,0.074635334312915802,-0.30110886693000793,0.23804403841495514,0.03463229164481163,-6.6350016593933105,-3.0812263488769531,-1.2985321283340454,8
-1.4125185012817383,0.41866046190261841,-0.36668515205383301,-0.10255735367536545,-0.1238069087266922,0.29970580339431763,0.79955285787582397,-3.4804797172546387,2.8860437870025635,8
-1.1738238334655762,0.75573909282684326,-0.82932496070861816,0.49618425965309143,0.31817305088043213,-0.14694297313690186,1.2308057546615601,2.6788158416748047,1.6730009317398071,8
-0.66423428058624268,0.35542994737625122,-0.16811458766460419,0.23644272983074188,-1.6223409175872803,-0.48665589094161987,-0.72013777494430542,-7.3455185890197754,-3.8619141578674316,8
-0.3645232617855072,0.94775325059890747,0.32909718155860901,-0.089569635689258575,-0.049774140119552612,-0.042123232036828995,0.21879023313522339,-0.89033591747283936,-0.57108217477798462,8
-0.037573441863059998,1.2158010005950928,0.62777525186538696,0.012628410942852497,0.020947063341736794,-0.043602846562862396,1.1449791193008423,-0.48462992906570435,-1.1529178619384766,8
0.087790325284004211,1.0357232093811035,0.65075433254241943,0.018151748925447464,0.0089168017730116844,-0.037778288125991821,0.15997599065303802,-0.43568506836891174,0.27119165658950806,8
-1.2105299234390259,-0.05576518177986145,-0.11317649483680725,-0.17767623066902161,0.22139987349510193,0.0071643642149865627,-0.5797308087348938,3.2263052463531494,-2.9181003570556641,8
-1.5799732208251953,0.050613567233085632,0.31755870580673218,-0.48782473802566528,0.31113904714584351,0.3682577908039093,-1.9724812507629395,0.82906985282897949,1.9929858446121216,8
-1.0440278053283691,0.48690459132194519,0.18871767818927765,0.45466560125350952,0.028373301029205322,0.30860051512718201,4.4135336875915527,-3.6875925064086914,-1.2577073574066162,8
-0.94491636753082275,0.49222543835639954,0.43454155325889587,0.16069914400577545,0.1872265636920929,0.0018096813000738621,4.2341752052307129,-1.2222288846969604,-2.9733977317810059,8
-0.70194494724273682,0.32116842269897461,0.027578547596931458,0.35195788741111755,-1.9460299015045166,-0.27532279491424561,-3.7033390998840332,-3.9297435283660889,-2.6160831451416016,8
-0.6805264949798584,0.70203083753585815,0.2253766804933548,0.14969231188297272,-0.37370657920837402,-0.0023128930479288101,5.2669501304626465,-4.7306222915649414,-2.5463390350341797,8
-0.3951912522315979,0.88817512989044189,0.74582493305206299,-0.069628395140171051,0.10913421213626862,-0.042004581540822983,0.62174135446548462,0.097329311072826385,0.050790753215551376,8
-0.45405945181846619,0.87585067749023438,0.34220096468925476,-0.0084499483928084373,-0.003328695660457015,-0.067449480295181274,-0.60006934404373169,-1.1665022373199463,-1.3312242031097412,8
-0.11897200345993042,1.1347086429595947,0.84547567367553711,-0.036697708070278168,0.016685200855135918,0.035598449409008026,0.42505767941474915,-1.561044454574585,1.1944842338562012,8
0.10772913694381714,0.84422522783279419,0.84572583436965942,-0.019559755921363831,0.014852024614810944,0.011973641812801361,0.29971358180046082,-0.36064556241035461,-0.027150211855769157,8
-1.678333044052124,0.068269163370132446,0.45922529697418213,-0.084852233529090881,0.12483242899179459,0.01635502465069294,1.2717183828353882,2.12709641456604,-3.8823771476745605,8
-1.0450727939605713,0.41114631295204163,0.40898087620735168,0.18787568807601929,0.27696144580841064,0.01548630278557539,1.0110586881637573,0.55172592401504517,-1.2958762645721436,8
-1.2586581707000732,0.23732060194015503,0.45904427766799927,-0.038984652608633041,0.16731829941272736,0.12842151522636414,1.150783896446228,0.39325740933418274,-1.2373945713043213,8
-0.75338709354400635,0.63976120948791504,0.32533738017082214,0.25383514165878296,-0.087298557162284851,-0.091388247907161713,1.6078139543533325,-5.4406490325927734,-3.0038275718688965,8
-0.61096060276031494,0.43574711680412292,0.35070341825485229,-0.085092522203922272,0.17354793846607208,-0.044370513409376144,-5.7700557708740234,-2.0667417049407959,-12.278763771057129,8
-0.73308950662612915,0.62650203704833984,0.70219570398330688,0.0029717688448727131,0.21153806149959564,-0.003187243128195405,0.42402514815330505,0.31386938691139221,0.91753792762756348,8
-0.60798001289367676,0.74444013833999634,0.64616686105728149,0.032116450369358063,0.19710069894790649,-0.0041970713064074516,0.25907802581787109,-0.18539874255657196,-0.41413301229476929,8
-0.22840355336666107,0.76851880550384521,0.96972870826721191,-0.057282518595457077,0.085979416966438293,0.01048736460506916,-0.5527184009552002,-1.4386903047561646,-0.44331899285316467,8
-0.31720864772796631,0.95993888378143311,0.87497669458389282,-0.071581199765205383,0.13538038730621338,-0.011049010790884495,0.079737596213817596,-0.57514065504074097,-0.4104730486869812,8
-0.042689859867095947,0.91559898853302002,0.98813444375991821,-0.0015643015503883362,0.0020235329866409302,-2.4184584617614746e-05,0.56130772829055786,-0.67403215169906616,-0.052478328347206116,8
-1.5499988794326782,0.13503819704055786,0.53180384635925293,0.11076068878173828,0.19117854535579681,0.11349319666624069,-0.28595274686813354,0.13613149523735046,-0.053234469145536423,8
-1.6658886671066284,0.072180777788162231,0.46528726816177368,-0.087373964488506317,0.17751675844192505,0.035489227622747421,-0.01748107373714447,0.46947550773620605,0.17234058678150177,8
-1.231239914894104,0.26141151785850525,0.69704711437225342,0.016288740560412407,0.19035100936889648,0.078465640544891357,1.3411328792572021,-0.47789809107780457,0.31081056594848633,8
-1.1117608547210693,0.35421660542488098,0.77628576755523682,-0.055499810725450516,0.16110014915466309,0.040949955582618713,0.52007526159286499,-0.5829932689666748,-0.030893458053469658,8
-0.87478697299957275,0.53074520826339722,0.93057602643966675,0.032022252678871155,0.12631231546401978,0.059862487018108368,0.16320738196372986,-0.96536678075790405,-0.30761739611625671,8
-0.81960338354110718,0.57013314962387085,0.9658503532409668,0.011598881334066391,0.090825118124485016,0.038845621049404144,0.4301908016204834,-0.57377701997756958,-0.060411166399717331,8
-0.62864184379577637,0.7126690149307251,1.0902904272079468,0.090064853429794312,0.1368129551410675,0.085187822580337524,0.52054142951965332,-0.9020693302154541,-0.1522178053855896,8
-0.51200234889984131,0.80952954292297363,1.1700299978256226,-0.076101534068584442,0.015890128910541534,-0.021911956369876862,0.75922292470932007,0.044500190764665604,0.29591065645217896,8
-0.32135146856307983,0.99712580442428589,1.3115136623382568,-0.053476691246032715,0.064342930912971497,0.0048507670871913433,0.50343811511993408,-0.60573464632034302,-0.045665934681892395,8
-0.2405792772769928,1.0285038948059082,1.1531574726104736,-0.022665008902549744,0.065491259098052979,-0.042844116687774658,-0.36023527383804321,-0.26626735925674438,0.85465210676193237,8
-1.3456486463546753,-0.34130990505218506,0.42550903558731079,-0.0081335213035345078,0.0097862137481570244,0.00073775992495939136,0.99279952049255371,-1.1945316791534424,-0.090055540204048157,8
-1.3084039688110352,0.14367216825485229,0.62386220693588257,-0.074848577380180359,0.05908048152923584,-0.0050058439373970032,-0.0050047780387103558,-0.35319840908050537,-0.13632740080356598,8
-1.2216224670410156,-0.019269704818725586,0.59370505809783936,0.087557584047317505,0.098011389374732971,0.069491967558860779,0.039257030934095383,-0.7548518180847168,-0.27300283312797546,8
-0.98086047172546387,0.19231817126274109,0.76273679733276367,0.0031561478972434998,0.17837655544281006,0.069080695509910583,0.11238253861665726,-0.44119429588317871,-0.12670129537582397,8
-0.88189488649368286,0.25626340508460999,0.82344901561737061,-0.054975487291812897,0.14339712262153625,0.034401774406433105,0.73893493413925171,-0.84655874967575073,-0.050835009664297104,8
-0.63115280866622925,0.43407753109931946,0.98328769207000732,-0.016565592959523201,0.11673194169998169,0.038361586630344391,0.6352229118347168,1.518528938293457,0.81161922216415405,8
-0.5129401683807373,0.28379055857658386,0.96949809789657593,0.037178657948970795,0.061032846570014954,0.03690047562122345,1.3094267845153809,1.5461820363998413,1.0698763132095337,8
-0.43294304609298706,0.59805536270141602,1.1185555458068848,0.0078994873911142349,0.071600295603275299,0.030166037380695343,0.66211503744125366,-0.81442523002624512,-0.066825896501541138,8
-0.432076096534729,0.88428544998168945,1.2278628349304199,0.17390990257263184,0.24566507339477539,0.15744353830814362,0.0070028002373874187,-0.97571694850921631,-0.36895346641540527,8
-0.13046807050704956,0.76745575666427612,1.2941989898681641,0.029257765039801598,-0.035202819854021072,-0.0026539182290434837,0.62285584211349487,-0.74941766262054443,-0.056498073041439056,8
-0.74400770664215088,0.28470957279205322,-1.2148771286010742,-0.030707389116287231,0.036946985870599747,0.0027853972278535366,-0.05972999706864357,0.071866430342197418,0.0054168603383004665,8
-1.0883142948150635,0.69897806644439697,-1.1836457252502441,0.072009451687335968,-0.086641468107700348,-0.0065318350680172443,7.6395082473754883,-9.1918239593505859,-0.69296503067016602,8
-0.51590216159820557,0.92562711238861084,-0.88701868057250977,0.13929973542690277,0.10263153910636902,0.090263150632381439,3.3888123035430908,-0.78936916589736938,0.94460278749465942,8
-0.44331759214401245,0.7614513635635376,-0.92286217212677002,0.12183136492967606,0.097295284271240234,0.081812731921672821,1.7174967527389526,-0.74649202823638916,0.34682658314704895,8
-0.22759979963302612,1.1743814945220947,-0.68636691570281982,0.018955990672111511,0.11805190145969391,0.051916122436523438,0.5352938175201416,-1.3297514915466309,-0.30964705348014832,8
-0.065217122435569763,1.3112359046936035,-0.57459104061126709,0.004472645465284586,0.1108848974108696,0.04386540874838829,0.90351700782775879,-0.54533350467681885,0.12433680891990662,8
0.24715083837509155,1.0782690048217773,-0.5485231876373291,-0.028678055852651596,0.022108796983957291,-0.0021189302206039429,0.93485856056213379,-0.90828233957290649,-0.0023482737597078085,8
0.1020883321762085,1.4366555213928223,-0.46536046266555786,-0.020718507468700409,0.0022919739130884409,-0.0067400150001049042,0.40567469596862793,-0.67327970266342163,-0.1073070764541626,8
0.46329253911972046,1.4029569625854492,-0.34547233581542969,-0.0019502736395224929,0.0023465643171221018,0.0001769025984685868,0.072387300431728363,-0.087096065282821655,-0.0065662446431815624,8
0.53972393274307251,1.3109951019287109,-0.35240525007247925,0.028286052867770195,-0.034033667296171188,-0.0025657799560576677,0.4831937849521637,-0.58137702941894531,-0.043829958885908127,8
-0.85764199495315552,0.42143404483795166,-1.2045695781707764,-0.094910196959972382,0.11419554799795151,0.0086091179400682449,-1.2171672582626343,1.464490532875061,0.11040697991847992,8
-0.85764199495315552,0.42143404483795166,-1.2045695781707764,-0.094909951090812683,0.11419525742530823,0.0086091011762619019,-1.2171714305877686,1.4644956588745117,0.11040731519460678,8
-0.62157142162322998,0.86164164543151855,-0.95020943880081177,0.11047379672527313,0.11960714310407639,0.086135320365428925,0.47897544503211975,-1.4243854284286499,-0.36637431383132935,8
-0.34293532371520996,1.0785773992538452,-0.76522499322891235,0.011740704067051411,0.12409550696611404,0.051566202193498611,0.81106489896774292,-0.22640234231948853,0.2118069976568222,8
-0.28560355305671692,1.124101996421814,-0.72682464122772217,0.014993327669799328,0.1474226713180542,0.061643693596124649,1.5056915283203125,-0.35129290819168091,0.41948315501213074,8
-0.220078244805336,1.1200799942016602,-0.35784587264060974,-0.16933311522006989,-0.0078130532056093216,0.059762537479400635,-0.59673023223876953,0.01414110790938139,0.061550099402666092,8
-0.010453402996063232,1.3579286336898804,-0.53668951988220215,0.038093298673629761,0.093222424387931824,0.049493473023176193,0.77888810634613037,-0.90244078636169434,-0.057433132082223892,8
0.14741870760917664,1.4790002107620239,-0.43258070945739746,0.043903771787881851,0.059876233339309692,0.038931112736463547,0.15027511119842529,-0.78429216146469116,-0.24342085421085358,8
0.28458684682846069,1.6179749965667725,-0.32926225662231445,-0.014666091650724411,0.017646178603172302,0.0013303328305482864,0.15042251348495483,-0.18098774552345276,-0.013644525781273842,8
0.37696951627731323,1.5068205595016479,-0.33764207363128662,0.0035455748438835144,-0.0042660236358642578,-0.00032161921262741089,0.33754876255989075,-0.40613701939582825,-0.030618702992796898,8
-1.1550368070602417,0.71769964694976807,-1.1048194169998169,-0.098190225660800934,0.4244360625743866,-0.33239489793777466,-1.3282411098480225,0.6453823447227478,1.5379437208175659,8
-0.90723514556884766,0.20495721697807312,-0.87566655874252319,0.19040481746196747,-0.25547754764556885,0.013722586445510387,-0.55812430381774902,-1.4975210428237915,2.598729133605957,8
-0.54785209894180298,0.6413537859916687,-0.77402305603027344,-0.12497197091579437,0.17865149676799774,0.11880764365196228,-1.7308624982833862,-4.2926263809204102,1.4169814586639404,8
-0.31833556294441223,1.0596010684967041,-0.40227252244949341,-0.045875243842601776,0.22704605758190155,0.11539293825626373,0.26435503363609314,0.92267626523971558,0.04620395228266716,8
-0.4248470664024353,0.92391675710678101,-0.17322427034378052,-0.18486802279949188,0.15043699741363525,0.3223952054977417,4.4315352439880371,2.2423305511474609,2.459458589553833,8
-0.30963009595870972,1.0484797954559326,-0.20055106282234192,-0.086243182420730591,0.18711128830909729,0.11952558904886246,0.52044105529785156,-0.51065278053283691,-0.4152088463306427,8
-0.0081182718276977539,1.2562974691390991,-0.14818288385868073,-0.073457628488540649,0.020088521763682365,0.13257922232151031,1.8295131921768188,1.3333039283752441,0.55742090940475464,8
0.041943028569221497,1.3054684400558472,-0.14835986495018005,-0.028813144192099571,0.049407839775085449,0.10966993868350983,-0.095080450177192688,0.13226430118083954,0.31142053008079529,8
0.19948796927928925,1.4715712070465088,-0.029271185398101807,0.015518486499786377,-0.02326473779976368,0.0039879437536001205,-0.45561328530311584,0.86339157819747925,-0.32895374298095703,8
0.13837799429893494,1.377987265586853,0.1725863516330719,-0.06641116738319397,-0.056464161723852158,0.16622483730316162,0.39316421747207642,-0.64353466033935547,0.16460983455181122,8
-1.0180016756057739,0.21126024425029755,-0.71645981073379517,0.22874996066093445,-0.35827863216400146,0.076810978353023529,-2.7273521423339844,-0.2452540248632431,4.3905014991760254,8
-1.427865743637085,0.62894785404205322,-0.5903438925743103,0.24076126515865326,-0.15006867051124573,-0.18437120318412781,3.4056403636932373,-4.2988748550415039,-0.057369764894247055,8
-0.66634780168533325,0.72072041034698486,-0.49128192663192749,-0.064842060208320618,-0.23350478708744049,-0.25981715321540833,-2.9924850463867188,-4.5631632804870605,-4.5570263862609863,8
-0.53904783725738525,0.77812731266021729,-0.33547210693359375,0.55612915754318237,-0.0050942199304699898,-0.0861215740442276,0.38238105177879333,-4.7033085823059082,-6.0938310623168945,8
-0.39663252234458923,0.62536728382110596,-0.3994709849357605,-0.42176192998886108,-0.22557948529720306,0.059332694858312607,-1.5525178909301758,-5.8098878860473633,2.030545711517334,8
-0.4310678243637085,0.39186421036720276,-0.11370135098695755,0.69016802310943604,-1.6399321556091309,0.14606398344039917,-4.0249886512756348,17.246946334838867,-0.45017880201339722,8
-0.4205317497253418,0.882282555103302,0.013100719079375267,-0.073860019445419312,-0.26103794574737549,0.0080894157290458679,-1.5715508460998535,-4.0159721374511719,1.043000340461731,8
-0.019791509956121445,1.267859935760498,0.061880409717559814,-0.079386778175830841,-0.033191751688718796,0.022304408252239227,-0.052837278693914413,0.47124040126800537,0.15898385643959045,8
0.074627242982387543,1.3291082382202148,0.32589882612228394,0.021761264652013779,-0.0041347225196659565,-0.027875272557139397,1.2779014110565186,-0.3416118323802948,-1.5208660364151001,8
0.25301805138587952,1.2195537090301514,0.18626904487609863,-0.06119878962635994,0.093460515141487122,-0.017739895731210709,-0.08276849240064621,0.072922997176647186,0.038830894976854324,8
-1.5282500982284546,0.23923233151435852,0.019298767670989037,-0.25245550274848938,0.049451790750026703,0.35773944854736328,0.054814513772726059,0.36002841591835022,-0.09523271769285202,8
-1.4442888498306274,0.41070029139518738,-0.30523329973220825,0.2771356999874115,-0.54855334758758545,0.25800859928131104,-1.8791841268539429,-0.53818166255950928,3.4411232471466064,8
-1.3245887756347656,0.40336737036705017,-0.041036125272512436,0.28834745287895203,-0.15200367569923401,0.45914638042449951,1.1356866359710693,-1.7857943773269653,-1.6748051643371582,8
-1.2712990045547485,0.27529221773147583,0.17281866073608398,-0.12276288121938705,0.065757691860198975,0.30454614758491516,0.40212637186050415,1.7890932559967041,-4.1625199317932129,8
-0.68589872121810913,0.57110506296157837,-0.86179804801940918,0.41814696788787842,0.35495373606681824,0.2577974796295166,2.7634842395782471,0.68248265981674194,2.3967127799987793,8
-0.67163246870040894,0.76027137041091919,-0.51399093866348267,-0.14820483326911926,-0.074663996696472168,0.019465181976556778,-2.1047766208648682,-2.9185824394226074,-5.5290045738220215,8
-0.68404936790466309,0.34489521384239197,-0.52051925659179688,-0.73751348257064819,0.49590477347373962,-0.19736659526824951,-7.9731974601745605,9.8996467590332031,-3.9975416660308838,8
-0.17619355022907257,1.1084169149398804,0.35139992833137512,-0.037923257797956467,0.026463739573955536,-0.047010447829961777,0.34173509478569031,-0.69945400953292847,0.094886265695095062,8
0.044714309275150299,1.2929860353469849,0.41332751512527466,0.028900889679789543,0.056007437407970428,-0.10926662385463715,0.51322191953659058,0.79535990953445435,-1.7063220739364624,8
0.023989230394363403,1.273911714553833,0.46690911054611206,-0.041939117014408112,0.015155617147684097,0.045279283076524734,-0.69551753997802734,-1.0674227476119995,2.3001317977905273,8
-1.5417089462280273,0.18258938193321228,0.10496395826339722,-0.27270615100860596,0.17708830535411835,0.20216026902198792,-0.45243319869041443,0.040308680385351181,0.63318145275115967,8
-1.1343241930007935,0.4589029848575592,0.055387899279594421,0.23216918110847473,0.30085352063179016,0.40210446715354919,4.403895378112793,-5.5771355628967285,-1.0049808025360107,8
-1.3407431840896606,0.35080063343048096,0.06365656852722168,0.12817564606666565,-0.045400865375995636,0.48328599333763123,2.0077745914459229,-0.81861770153045654,-1.6349681615829468,8
-1.2367514371871948,0.33398431539535522,-0.10646487772464752,-0.14383824169635773,0.22501322627067566,0.44715481996536255,-0.49869415163993835,1.4212390184402466,0.25669723749160767,8
-1.40912926197052,0.42396733164787292,-0.3780173659324646,-0.11348134279251099,-0.10841946303844452,0.2980608344078064,0.77826571464538574,-3.0211567878723145,2.3784716129302979,8
-0.77395796775817871,0.82200169563293457,-1.0212956666946411,0.087670646607875824,-0.098060712218284607,-0.0051254834979772568,0.52910906076431274,-1.7649835348129272,-0.47764429450035095,8
-0.43960744142532349,0.69890081882476807,0.18133945763111115,-0.10839898139238358,-0.22199566662311554,-0.16281929612159729,-7.4279975891113281,0.07355152815580368,-8.3646488189697266,8
-0.24037541449069977,1.0432010889053345,0.42251574993133545,-0.12162278592586517,0.024440119042992592,-0.002400232246145606,0.57377946376800537,-0.42330312728881836,0.34281733632087708,8
-0.18180248141288757,1.089608907699585,0.5432511568069458,0.015672802925109863,0.044094275683164597,-0.056674636900424957,0.3515302836894989,-1.1281208992004395,0.36708331108093262,8
-0.065675094723701477,1.1831796169281006,0.70836687088012695,-0.0084834443405270576,0.04313436895608902,-0.03791172057390213,0.47870153188705444,0.46517202258110046,-1.2665088176727295,8
-1.3660366535186768,-0.034289151430130005,0.095502376556396484,-0.34001940488815308,0.052261941134929657,0.45005068182945251,-1.4453306198120117,2.6267740726470947,-0.91179454326629639,8
-1.4940328598022461,0.017773017287254333,0.22686970233917236,-0.15470461547374725,-0.18021607398986816,0.4444107711315155,-0.53038358688354492,1.6993956565856934,-1.1985852718353271,8
-1.0383999347686768,0.42505431175231934,0.30046319961547852,0.31016740202903748,0.13970507681369781,0.1689399778842926,3.2127056121826172,0.6726718544960022,-1.6339336633682251,8
-0.952098548412323,0.28638455271720886,0.017665460705757141,0.69190609455108643,-0.87029010057449341,-0.037490800023078918,4.3551063537597656,-34.890254974365234,0.81168222427368164,8
-0.64688855409622192,0.40415894985198975,0.16286441683769226,0.19823490083217621,-0.31359371542930603,0.021286925300955772,-8.4495782852172852,21.888912200927734,-0.91343611478805542,8
-0.81225764751434326,0.33489710092544556,-0.1743188351392746,-0.51376581192016602,-0.95887941122055054,-0.86585980653762817,7.0204401016235352,6.430572509765625,1.3106702566146851,8
-0.45130708813667297,0.88531404733657837,0.48705807328224182,-0.072827301919460297,0.078031711280345917,-0.10362047702074051,-0.16353583335876465,-1.1278699636459351,-0.24600169062614441,8
-0.29245603084564209,0.97029554843902588,0.7606162428855896,-0.03354775533080101,0.067703843116760254,-0.044437374919652939,0.39740601181983948,-0.36881130933761597,-0.098000757396221161,8
-0.09435802698135376,1.1572401523590088,0.78198325634002686,-0.023741839453577995,0.032398723065853119,-0.0023488327860832214,-0.43425911664962769,-0.34327200055122375,1.05645751953125,8
0.021891072392463684,0.98231375217437744,0.81262063980102539,-0.045844808220863342,0.025116421282291412,0.039452604949474335,0.091972269117832184,-0.4295007586479187,0.36621561646461487,8
-1.5406513214111328,0.15340504050254822,0.13765740394592285,-0.32377108931541443,0.3052833080291748,0.12837295234203339,-0.48487809300422668,0.72478735446929932,-0.12210889905691147,8
-1.5514628887176514,0.13443097472190857,0.53103470802307129,0.11080119013786316,0.19206529855728149,0.11384572833776474,-0.28078904747962952,0.14095902442932129,-0.049498599022626877,8
-1.1401829719543457,0.35737058520317078,0.53491491079330444,0.089201956987380981,0.23101632297039032,0.03809395432472229,-0.96703171730041504,-0.49944472312927246,-1.3088613748550415,8
-0.93320423364639282,0.50209063291549683,0.60634911060333252,0.093980677425861359,0.38081583380699158,-0.036049425601959229,1.4770908355712891,-0.39083626866340637,-0.86339443922042847,8
-0.7620273232460022,0.61408102512359619,0.54843014478683472,-0.084128998219966888,0.18951453268527985,0.0062128626741468906,-0.74803698062896729,0.37601259350776672,-0.87278211116790771,8
-0.65380972623825073,0.71629095077514648,0.47447797656059265,-0.01378798671066761,0.21085724234580994,-0.12502920627593994,2.1437959671020508,-0.44629675149917603,-0.80817884206771851,8
-0.48611196875572205,0.80821824073791504,0.88423460721969604,-0.034152820706367493,0.097261309623718262,-0.0082708718255162239,-0.2517150342464447,0.2394246906042099,0.70018255710601807,8
-0.3904300332069397,0.87639391422271729,0.96156597137451172,-0.051104281097650528,0.082487799227237701,0.0028237977530807257,0.34478667378425598,-0.50531989336013794,-0.5926063060760498,8
-0.16860538721084595,1.074770450592041,0.99054509401321411,-0.011306658387184143,0.00063948426395654678,0.016255853697657585,0.76342368125915527,-0.52830135822296143,-0.52769225835800171,8
-0.14795768260955811,1.0945618152618408,0.93623757362365723,-0.040901228785514832,0.062702827155590057,-0.012138098478317261,0.67265325784683228,-0.87279367446899414,0.013534816913306713,8
-1.4596152305603027,-0.2041858434677124,0.43584668636322021,-0.063058987259864807,0.075872309505939484,0.0057199546135962009,-0.42973646521568298,0.51705724000930786,0.038980387151241302,8
-1.5652918815612793,-0.077036038041114807,0.44543242454528809,-0.02567501924932003,0.03089207224547863,0.0023289269302040339,-0.27125805616378784,0.32637643814086914,0.024605201557278633,8
-1.2692151069641113,0.22029381990432739,0.66743713617324829,0.051733560860157013,0.2529338002204895,0.11531920731067657,0.94318777322769165,-0.21621643006801605,0.26423221826553345,8
-1.0403666496276855,0.39705982804298401,0.8188321590423584,-0.025200357660651207,0.14380943775177002,0.04549923911690712,0.46088546514511108,-0.16811145842075348,0.10533380508422852,8
-0.97604721784591675,0.44390258193016052,0.86030197143554688,0.026545390486717224,0.13185843825340271,0.059961903840303421,0.5359843373298645,-0.2530825138092041,0.10057321935892105,8
-0.65776604413986206,0.6728476881980896,0.784537672996521,-2.3037777282297611e-05,0.1528383195400238,-0.020987117663025856,0.6494486927986145,-0.28748583793640137,-0.3861503005027771,8
-0.68742942810058594,0.65516459941864014,1.0467936992645264,0.050151821225881577,0.13445815443992615,0.069625675678253174,0.71504813432693481,-0.46788540482521057,0.084576748311519623,8
-0.46350568532943726,0.85421675443649292,1.2048650979995728,0.038005989044904709,0.12515148520469666,0.061619117856025696,0.41432929039001465,-0.3017238974571228,0.037351321429014206,8
-0.32135146856307983,0.99712580442428589,1.3115136623382568,-0.053476691246032715,0.064342930912971497,0.0048507670871913433,0.50343811511993408,-0.60573464632034302,-0.045665934681892395,8
-0.072911620140075684,0.6982039213180542,1.2889782190322876,-0.04597119614481926,0.055312342941761017,0.0041699628345668316,0.4653264582157135,-0.5598791241645813,-0.042208872735500336,8
-1.4601880311965942,-0.20349663496017456,0.43589866161346436,-0.04339899867773056,0.052217487245798111,0.0039366446435451508,-0.59611999988555908,0.71724903583526611,0.054072994738817215,8
-1.4591770172119141,-0.20471298694610596,0.4358069896697998,-0.078891284763813019,0.094921663403511047,0.0071560726501047611,-0.29045125842094421,0.34946945309638977,0.026346052065491676,8
-1.1815664768218994,0.30805832147598267,0.73306083679199219,-0.052822887897491455,0.1589893251657486,0.041129808872938156,0.99539452791213989,-0.63183408975601196,0.12515902519226074,8
-1.0895137786865234,0.07799828052520752,0.67928361892700195,-0.00063090288313105702,0.20530486106872559,0.077942773699760437,0.66903233528137207,-0.035569667816162109,0.23228330910205841,8
-0.92541885375976562,0.48866868019104004,0.89595043659210205,0.038665708154439926,0.14229273796081543,0.068388454616069794,0.42197388410568237,-0.54147583246231079,-0.051130723208189011,8
-0.75802862644195557,0.60958892107009888,1.003498911857605,0.0049420096911489964,0.081451520323753357,0.032830428332090378,1.2435520887374878,-0.12883052229881287,0.40787127614021301,8
-0.53067630529403687,0.52183640003204346,1.0536227226257324,-0.00075177103281021118,0.019421897828578949,0.0071191117167472839,0.23729331791400909,-1.6178464889526367,-0.52884203195571899,8
-0.57258760929107666,0.76448667049407959,1.130617618560791,0.014762177132070065,0.041132491081953049,0.021086312830448151,0.63126444816589355,-0.6063377857208252,0.0010724924504756927,8
-0.22140008211135864,0.8768647313117981,1.3024473190307617,0.010545633733272552,-0.012688465416431427,-0.00095657259225845337,0.76881605386734009,-0.92503654956817627,-0.069737710058689117,8
-0.13046830892562866,0.76745599508285522,1.2941989898681641,0.029259737581014633,-0.035205192863941193,-0.0026540905237197876,0.62281954288482666,-0.74937385320663452,-0.056494694203138351,8
