x,y,z,vx,vy,vz,ax,ay,az,mass
-0.92800003290176392,0.071999989449977875,-0.92800003290176392,0,0,0,0,0,0,8
-0.56756657361984253,0.071999989449977875,-0.92800003290176392,0.0014173178933560848,0,0,-0.048597119748592377,0,0,8
-0.56756657361984253,0.071999989449977875,-0.92800003290176392,0.0014173176605254412,0,0,-0.04859711229801178,0,0,8
-0.22028873860836029,0.071999989449977875,-0.92800003290176392,0.012575321830809116,0,0,-0.13597264885902405,0,0,8
-0.041997943073511124,0.071999989449977875,-0.92800003290176392,-0.008992939256131649,0,0,-0.034177571535110474,0,0,8
0.10541189461946487,0.071999989449977875,-0.92800003290176392,-0.0038748090155422688,0,0,-0.19399705529212952,0,0,8
0.10541190952062607,0.071999989449977875,-0.92800003290176392,-0.0038753761909902096,0,0,-0.19401426613330841,0,0,8
0.60769009590148926,0.071999989449977875,-0.92800003290176392,0.0046320799738168716,0,0,-0.10796410590410233,0,0,8
0.60769033432006836,0.071999989449977875,-0.92800003290176392,0.0046324338763952255,0,0,-0.10796899348497391,0,0,8
0.92800003290176392,0.071999989449977875,-0.92800003290176392,0,0,0,0,0,0,8
-0.92800003290176392,0.071999989449977875,-0.61684459447860718,0,0,-0.00048840208910405636,0,0,0.28946000337600708,8
-0.70260161161422729,0.071999989449977875,-0.72640562057495117,-0.0027267802506685257,0,-0.017521211877465248,0.18546435236930847,0,-0.011315959505736828,8
-0.30467486381530762,0.071999989449977875,-0.72743666172027588,-0.0059633543714880943,0,-0.011804383248090744,-0.21399760246276855,0,-0.21519847214221954,8
-0.2946772575378418,0.071999989449977875,-0.54639792442321777,0.0028846273198723793,0,0.014974714256823063,0.25186580419540405,0,0.46219521760940552,8
-0.057396337389945984,0.071999989449977875,-0.72652482986450195,0.0058187930844724178,0,-0.01437826082110405,-0.018033426254987717,0,0.16049706935882568,8
0.15096321702003479,0.071999989449977875,-0.71592235565185547,0.018075145781040192,0,-0.016389602795243263,-0.025892088189721107,0,-0.047039516270160675,8
0.099518470466136932,0.071999989449977875,-0.55130279064178467,-0.014448457397520542,0,0.010410399176180363,-0.60307896137237549,0,0.4122968316078186,8
0.34523016214370728,0.071999989449977875,-0.72184383869171143,0.018943235278129578,0,-0.02250233106315136,-0.011935158632695675,0,0.0080537237226963043,8
0.71945959329605103,0.071999989449977875,-0.71604973077774048,0.011475825682282448,0,-0.027566922828555107,-0.27633818984031677,0,-0.19648811221122742,8
0.92800003290176392,0.071999989449977875,-0.48502263426780701,0,0,-0.015441178344190121,0,0,-0.48562318086624146,8
-0.92800003290176392,0.071999989449977875,-0.49051368236541748,0,0,-0.019087914377450943,0,0,-0.19244197010993958,8
-0.7146909236907959,0.071999989449977875,-0.37830457091331482,0.0015268847346305847,0,-0.0037979362532496452,0.033653788268566132,0,0.27671611309051514,8
-0.53976452350616455,0.071999989449977875,-0.38369512557983398,0.02883387915790081,0,0.040599871426820755,0.43799656629562378,0,0.12429054081439972,8
-0.37081789970397949,0.071999989449977875,-0.36905005574226379,0.021701406687498093,0,0.0091023873537778854,0.26746818423271179,0,0.6300654411315918,8
-0.18768569827079773,0.071999989449977875,-0.38988828659057617,0.013354617170989513,0,0.016911983489990234,-0.25288593769073486,0,0.73379737138748169,8
0.0017545596929267049,0.071999989449977875,-0.40203988552093506,0.015168947167694569,0,0.0045128902420401573,-0.32624077796936035,0,0.35840970277786255,8
0.19657503068447113,0.071999989449977875,-0.42067769169807434,0.00019718942348845303,0,0.0031348085030913353,-0.12510667741298676,0,0.45200240612030029,8
0.39279958605766296,0.071999989449977875,-0.55272191762924194,0.0029740340542048216,0,-0.015824222937226295,0.22131609916687012,0,-0.10055442154407501,8
0.71992349624633789,0.071999989449977875,-0.32128086686134338,0.018729640170931816,0,0.0010503035737201571,0.060147695243358612,0,0.21848247945308685,8
0.92800003290176392,0.071999989449977875,-0.61080330610275269,0,0,-0.0029682815074920654,0,0,0.097213670611381531,8
-0.92800003290176392,0.071999989449977875,-0.12013170123100281,0,0,-0.040079381316900253,0,0,-0.27344763278961182,8
-0.54547828435897827,0.071999989449977875,-0.22473262250423431,0.03561759740114212,0,0.044271312654018402,0.41851940751075745,0,0.32777106761932373,8
-0.40866580605506897,0.071999989449977875,-0.19436363875865936,0.054677356034517288,0,-0.0037687956355512142,0.32932719588279724,0,-0.083002731204032898,8
-0.23153343796730042,0.071999989449977875,-0.22638538479804993,0.021745219826698303,0,0.0021713809110224247,0.16428104043006897,0,0.28019240498542786,8
-0.089880950748920441,0.071999989449977875,-0.22996361553668976,-0.014348246157169342,0,0.010116666555404663,-0.78246885538101196,0,0.23018725216388702,8
0.096197612583637238,0.071999989449977875,-0.25665625929832458,-0.0076802177354693413,0,0.020145950838923454,-0.45817163586616516,0,-0.47420474886894226,8
0.25106590986251831,0.071999989449977875,-0.23785753548145294,0.0084340311586856842,0,-0.01502486877143383,-0.43996483087539673,0,-0.23464030027389526,8
0.37225374579429626,0.071999989449977875,-0.37625756859779358,0.0080960597842931747,0,-0.023481095209717751,0.07880103588104248,0,-0.061020419001579285,8
0.54425036907196045,0.071999989449977875,-0.29862809181213379,0.0038177068345248699,0,-0.037635479122400284,0.17211253941059113,0,-0.45675340294837952,8
0.92800003290176392,0.071999989449977875,-0.37126001715660095,0,0,-0.031223118305206299,0,0,-0.81884109973907471,8
-0.92800003290176392,0.071999989449977875,0.0058622886426746845,0,0,-0.012392649427056313,0,0,0.28369465470314026,8
-0.70754212141036987,0.071999989449977875,-0.0011354922316968441,-0.0091219497844576836,0,-0.019187934696674347,-0.015118884854018688,0,-0.469705730676651,8
-0.43092575669288635,0.071999989449977875,0.011959354393184185,0.022316744551062584,0,-0.0060447808355093002,0.21285344660282135,0,-0.13895423710346222,8
-0.28102201223373413,0.071999989449977875,-0.077221371233463287,0.026003520935773849,0,0.0065190494060516357,0.25186723470687866,0,-0.12110097706317902,8
-0.11793383955955505,0.071999989449977875,-0.071208059787750244,0.011898033320903778,0,-0.014699121005833149,-0.30312436819076538,0,0.039864972233772278,8
0.052436098456382751,0.071999989449977875,-0.097728528082370758,0.012818471528589725,0,0.0083764642477035522,-0.84032553434371948,0,0.12607313692569733,8
0.22398138046264648,0.071999989449977875,-0.097583703696727753,-0.0040933964774012566,0,-0.015868257731199265,-0.46692502498626709,0,-0.093356572091579437,8
0.40091240406036377,0.071999989449977875,-0.17961315810680389,0.001237921416759491,0,-0.011509345844388008,-0.13560575246810913,0,-0.46672323346138,8
0.72245872020721436,0.071999989449977875,-0.10455913841724396,0.025214806199073792,0,-0.011923638172447681,0.0089990338310599327,0,-0.28894719481468201,8
0.92800003290176392,0.071999989449977875,0.0024491730146110058,0,0,-0.0058991666883230209,0,0,-0.20286530256271362,8
-0.92800003290176392,0.071999989449977875,-0.034326888620853424,0,0,-0.019445905461907387,0,0,0.14128865301609039,8
-0.71721148490905762,0.071999989449977875,0.18070909380912781,-0.0045451708137989044,0,-0.0018998004961758852,-0.084324344992637634,0,-0.12802831828594208,8
-0.40246748924255371,0.071999989449977875,0.18650861084461212,-0.00047568907029926777,0,-0.016305543482303619,0.22195141017436981,0,-0.59455347061157227,8
-0.23366929590702057,0.071999989449977875,0.095605149865150452,0.0016419222811236978,0,0.011329280212521553,0.25603592395782471,0,-0.32844284176826477,8
-0.046636290848255157,0.071999989449977875,0.084566853940486908,-0.01914634183049202,0,0.01873103529214859,-0.75664842128753662,0,-0.44518619775772095,8
0.13320469856262207,0.071999989449977875,0.054174572229385376,-0.0063169803470373154,0,-0.0097759207710623741,-0.73550564050674438,0,-0.14002954959869385,8
0.37174531817436218,0.071999989449977875,0.0056747486814856529,0.0033444478176534176,0,-0.0060433121398091316,-0.1128164604306221,0,0.22153483331203461,8
0.54643964767456055,0.071999989449977875,0.10839561372995377,0.015033839270472527,0,-0.0045438730157911777,0.13284528255462646,0,-0.0079428590834140778,8
0.72009456157684326,0.071999989449977875,0.11148678511381149,0.013267451897263527,0,0.010288547724485397,0.080189213156700134,0,0.18746471405029297,8
0.92800003290176392,0.071999989449977875,0.0024485050234943628,0,0,-0.0058609084226191044,0,0,-0.20315153896808624,8
-0.92800003290176392,0.071999989449977875,0.1261523962020874,0,0,-0.020078705623745918,0,0,0.23261439800262451,8
-0.40744280815124512,0.071999989449977875,0.37188306450843811,0.043886054307222366,0,0.0058828582987189293,0.69156920909881592,0,-0.34843248128890991,8
-0.24859905242919922,0.071999989449977875,0.24610862135887146,0.012518314644694328,0,-0.041170649230480194,0.16521419584751129,0,-0.77500814199447632,8
-0.11147812753915787,0.071999989449977875,0.23178061842918396,-0.0057704397477209568,0,0.0091393487527966499,-0.26394212245941162,0,-0.4883001446723938,8
0.063799396157264709,0.071999989449977875,0.22707776725292206,0.0017029175069183111,0,0.0042596515268087387,-0.78172129392623901,0,-0.097233399748802185,8
0.21167933940887451,0.071999989449977875,0.24911738932132721,-0.019461469724774361,0,-0.02465498074889183,-0.54619944095611572,0,0.44013437628746033,8
0.26178216934204102,0.071999989449977875,0.13982479274272919,0.0020837865304201841,0,-0.01340740080922842,-0.10338320583105087,0,0.22390657663345337,8
0.41711997985839844,0.071999989449977875,0.21023008227348328,-0.00025408811052329838,0,-0.027031607925891876,0.36345323920249939,0,0.1934686154127121,8
0.56123697757720947,0.071999989449977875,0.24910411238670349,-0.027257442474365234,0,0.032528463751077652,-0.07774728536605835,0,0.23167796432971954,8
0.92800003290176392,0.071999989449977875,0.12667930126190186,0,0,-0.00964397843927145,0,0,-0.31947875022888184,8
-0.92800003290176392,0.071999989449977875,0.60775071382522583,0,0,-0.0090208332985639572,0,0,-0.15356065332889557,8
-0.70877671241760254,0.071999989449977875,0.37191444635391235,-0.015651680529117584,0,-0.005527647677809,0.0060430164448916912,0,-0.058710843324661255,8
-0.5589134693145752,0.071999989449977875,0.44878342747688293,0.0095436275005340576,0,-0.0083802575245499611,-0.29214903712272644,0,0.37887248396873474,8
-0.22309736907482147,0.071999989449977875,0.41388800740242004,0.039280328899621964,0,-0.030146144330501556,0.060326676815748215,0,-0.29907354712486267,8
-0.037953872233629227,0.071999989449977875,0.39004269242286682,0.026200339198112488,0,0.0047089601866900921,-0.57306277751922607,0,-0.13417516648769379,8
0.14490646123886108,0.071999989449977875,0.40247011184692383,0.011035086587071419,0,-0.0077000763267278671,-0.21809956431388855,0,-0.06956828385591507,8
0.3551287055015564,0.071999989449977875,0.38078668713569641,-0.00041786604560911655,0,-0.0047048982232809067,-0.17740878462791443,0,0.39089208841323853,8
0.44915634393692017,0.071999989449977875,0.55937308073043823,-0.014774288982152939,0,-0.0053204810246825218,-0.72622579336166382,0,-0.40756469964981079,8
0.71907120943069458,0.071999989449977875,0.31842437386512756,0.010591691359877586,0,-0.019714456051588058,-0.10487626492977142,0,-0.11084954440593719,8
0.92800003290176392,0.071999989449977875,0.61393952369689941,0,0,0.005552713293582201,0,0,0.070068895816802979,8
-0.92800003290176392,0.071999989449977875,0.48663899302482605,0,0,-0.0036743739619851112,0,0,0.31505709886550903,8
-0.7044752836227417,0.071999989449977875,0.72591924667358398,-0.066590674221515656,0,-0.004595121368765831,-0.7203298807144165,0,-0.14588271081447601,8
-0.30748292803764343,0.071999989449977875,0.71567797660827637,0.019560724496841431,0,0.0097000021487474442,-0.22717392444610596,0,2.4700174331665039,8
-0.25104591250419617,0.071999989449977875,0.55931323766708374,-0.0047820592299103737,0,-0.011876443400979042,-0.81936371326446533,0,0.65155160427093506,8
-0.096503928303718567,0.071999989449977875,0.72255182266235352,-0.051884062588214874,0,0.014124035835266113,0.18260869383811951,0,-0.77279341220855713,8
0.12482857704162598,0.071999989449977875,0.72078007459640503,0.0019367457134649158,0,0.016580633819103241,-0.5181504487991333,0,0.13548687100410461,8
0.30009546875953674,0.071999989449977875,0.54816192388534546,-0.0030421905685216188,0,0.014569493010640144,-0.03863244503736496,0,0.040431112051010132,8
0.34556633234024048,0.071999989449977875,0.71778076887130737,-0.017329934984445572,0,0.0080444943159818649,-0.42986837029457092,0,0.090078294277191162,8
0.7195696234703064,0.071999989449977875,0.70909744501113892,0.019900422543287277,0,0.0078956242650747299,0.22444400191307068,0,0.0035029647406190634,8
0.92800003290176392,0.071999989449977875,0.48653537034988403,0,0,0.010492689907550812,0,0,0.17892752587795258,8
-0.92800003290176392,0.071999989449977875,0.92800003290176392,0,0,0,0,0,0,8
-0.61495012044906616,0.071999989449977875,0.92800003290176392,0.016701269894838333,0,0,0.80031865835189819,0,0,8
-0.48282718658447266,0.071999989449977875,0.92800003290176392,-0.037276193499565125,0,0,-2.4620118141174316,0,0,8
-0.1269504725933075,0.071999989449977875,0.92800003290176392,0.026733918115496635,0,0,-0.48837843537330627,0,0,8
0.0016555837355554104,0.071999989449977875,0.92800003290176392,0.058240745216608047,0,0,-2.4219679832458496,0,0,8
0.12431410700082779,0.071999989449977875,0.92800003290176392,0.031297899782657623,0,0,-0.0052694226615130901,0,0,8
-0.0054726749658584595,0.071999989449977875,0.92800003290176392,-0.088041990995407104,0,0,2.2169327735900879,0,0,8
0.61001932621002197,0.071999989449977875,0.92800003290176392,0.0029097059741616249,0,0,0.030290594324469566,0,0,8
0.48078286647796631,0.071999989449977875,0.92800003290176392,0.028013754636049271,0,0,0.41076892614364624,0,0,8
0.92800003290176392,0.071999989449977875,0.92800003290176392,0,0,0,0,0,0,8
-0.92800003290176392,0.071999989449977875,-0.92800003290176392,0,0,0,0,0,0,8
-0.74476093053817749,0.071999989449977875,-0.92800003290176392,-0.003439364954829216,0,0,0.061562169343233109,0,0,8
-0.39234697818756104,0.071999989449977875,-0.92800003290176392,0.0021833693608641624,0,0,-0.068201936781406403,0,0,8
-0.56756651401519775,0.071999989449977875,-0.92800003290176392,0.0014152880758047104,0,0,-0.048559129238128662,0,0,8
-0.22020195424556732,0.071999989449977875,-0.92800003290176392,0.011859786696732044,0,0,-0.15283346176147461,0,0,8
0.21115982532501221,0.071999989449977875,-0.92800003290176392,-0.0024750665761530399,0,0,-0.25534182786941528,0,0,8
0.49849432706832886,0.071999989449977875,-0.92800003290176392,0.00070537417195737362,0,0,-0.079650253057479858,0,0,8
0.40618658065795898,0.071999989449977875,-0.92800003290176392,-0.014305831864476204,0,0,-0.086909659206867218,0,0,8
0.7505297064781189,0.071999989449977875,-0.92800003290176392,0.029359320178627968,0,0,0.17690587043762207,0,0,8
0.92800003290176392,0.071999989449977875,-0.92800003290176392,0,0,0,0,0,0,8
-0.92800003290176392,0.071999989449977875,-0.7547873854637146,0,0,-0.023689946159720421,0,0,0.037001628428697586,8
-0.59900999069213867,0.27068260312080383,-0.62302565574645996,-0.0049622845835983753,-0.026009790599346161,-0.0077954051084816456,-0.099778436124324799,-0.29023763537406921,0.35175290703773499,8
-0.50046259164810181,0.071999989449977875,-0.71901339292526245,0.0052944798953831196,0,-0.014524256810545921,0.14933639764785767,0,-0.11803071200847626,8
-0.25998350977897644,0.28603178262710571,-0.67051470279693604,0.0028023920021951199,-0.035006105899810791,0.0054085664451122284,-0.62002843618392944,-0.075290940701961517,0.61605018377304077,8
-0.1064440906047821,0.32564479112625122,-0.71289461851119995,-0.012440183199942112,-0.036123592406511307,-0.021819965913891792,0.57487893104553223,0.11668245494365692,-0.18888089060783386,8
0.055143814533948898,0.29175177216529846,-0.67949283123016357,-0.011900811456143856,-0.021471207961440086,-0.053338285535573959,0.22405923902988434,-0.013591478578746319,0.46793892979621887,8
0.22333742678165436,0.30046695470809937,-0.70137745141983032,-0.043950539082288742,-0.010582812130451202,0.014952251687645912,-0.15102176368236542,0.054290030151605606,0.067503601312637329,8
0.53866833448410034,0.071999989449977875,-0.71876931190490723,-0.010844741947948933,0,-0.027539778500795364,-0.37129300832748413,0,0.11371101438999176,8
0.58165395259857178,0.27881497144699097,-0.66041004657745361,0.029934186488389969,0.027085788547992706,-0.10382797569036484,1.3549419641494751,-0.2433331161737442,-0.79087680578231812,8
0.92800003290176392,0.071999989449977875,-0.75333970785140991,0,0,-0.017207130789756775,0,0,-0.071417778730392456,8
-0.92800003290176392,0.071999989449977875,-0.34428903460502625,0,0,-0.012050673365592957,0,0,0.86332112550735474,8
-0.71891880035400391,0.071999989449977875,-0.55564033985137939,-0.000867500901222229,0,0.0014026687713339925,0.2136465460062027,0,-0.029371762648224831,8
-0.55422115325927734,0.071999989449977875,-0.51564699411392212,0.0058191069401800632,0,0.017653597518801689,0.10714216530323029,0,0.28166097402572632,8
-0.44650200009346008,0.071999989449977875,-0.55358040332794189,0.00042577646672725677,0,0.022437270730733871,0.064025722444057465,0,0.29401060938835144,8
-0.067464187741279602,0.071999989449977875,-0.55232805013656616,-0.017301954329013824,0,0.027144059538841248,-0.26609542965888977,0,0.75451338291168213,8
-0.1744026392698288,0.071999989449977875,-0.57610088586807251,0.017666790634393692,0,0.025783132761716843,-0.05473371222615242,0,0.67788684368133545,8
0.23807609081268311,0.071999989449977875,-0.54971253871917725,-0.018294315785169601,0,0.012873957864940166,0.11918976157903671,0,0.15197037160396576,8
0.53248488903045654,0.071999989449977875,-0.54563611745834351,0.016737712547183037,0,-0.0082205543294548988,-0.53126662969589233,0,0.14482606947422028,8
0.72103029489517212,0.071999989449977875,-0.53117859363555908,0.037559248507022858,0,0.0092888660728931427,-0.29740196466445923,0,0.11328915506601334,8
0.92800003290176392,0.071999989449977875,-0.30113458633422852,0,0,-0.037725068628787994,0,0,-0.19105462729930878,8
-0.92800003290176392,0.071999989449977875,-0.61684495210647583,0,0,-0.0004902244545519352,0,0,0.28949114680290222,8
-0.71786081790924072,0.30422472953796387,-0.27397814393043518,-0.021467074751853943,-0.065033711493015289,-0.058338187634944916,0.045077648013830185,0.073553092777729034,-0.047706436365842819,8
-0.7174873948097229,0.071999989449977875,-0.18750037252902985,0.0025636870414018631,0,-0.013903690502047539,-0.011749695055186749,0,0.06832469254732132,8
-0.33251407742500305,0.3112226128578186,-0.26046514511108398,0.016771532595157623,0.018823027610778809,0.051655363291501999,0.076215356588363647,0.24805463850498199,0.42316350340843201,8
-0.13777619600296021,0.29217243194580078,-0.29063287377357483,-0.014873309060931206,0.048596307635307312,0.064103245735168457,-0.052190531045198441,1.5779110193252563,0.31344404816627502,8
0.051781602203845978,0.30590009689331055,-0.26476052403450012,-0.044989660382270813,0.020589828491210938,0.0062608709558844566,0.4145265519618988,0.99063855409622192,-0.34029805660247803,8
0.258604496717453,0.30061683058738708,-0.30323538184165955,-0.003358813002705574,-0.0081866122782230377,0.025657018646597862,0.18791094422340393,-0.047502309083938599,-0.41346019506454468,8
0.56350952386856079,0.071999989449977875,-0.44644075632095337,0.0010084370151162148,0,-0.047870166599750519,-0.80027544498443604,0,0.34449318051338196,8
0.66559857130050659,0.27633759379386902,-0.34007981419563293,-0.0083669945597648621,-0.011677581816911697,0.032934419810771942,0.56278914213180542,0.20515477657318115,0.076083146035671234,8
0.92800003290176392,0.071999989449977875,-0.61080330610275269,0,0,-0.00296828243881464,0,0,0.097213685512542725,8
-0.92800003290176392,0.071999989449977875,-0.36595556139945984,0,0,-0.030084911733865738,0,0,-1.0366188287734985,8
-0.66781991720199585,0.28485003113746643,-0.093166090548038483,-0.066020607948303223,-0.023872096091508865,-0.0087689803913235664,-0.17710535228252411,-0.15504641830921173,-0.28125563263893127,8
-0.55606436729431152,0.071999989449977875,-0.079116113483905792,0.025417698547244072,0,0.016566764563322067,0.3590686023235321,0,-0.18802770972251892,8
-0.24567902088165283,0.30736497044563293,-0.069585815072059631,0.010652884840965271,0.022668151184916496,-0.0079357568174600601,0.50833660364151001,1.5229336023330688,-0.36688181757926941,8
-0.032769657671451569,0.30962780117988586,-0.07508985698223114,-0.048205297440290451,0.032699700444936752,0.023563085123896599,-1.2430456876754761,1.2514511346817017,-0.9016726016998291,8
0.15783260762691498,0.30778452754020691,-0.088469266891479492,-0.016342664137482643,0.038384784013032913,-0.01592898927628994,0.69867688417434692,0.94973349571228027,-0.68753266334533691,8
0.34252387285232544,0.29727116227149963,-0.12098106741905212,0.020389249548316002,-0.0079417619854211807,-0.025372087955474854,0.75901740789413452,0.47230720520019531,-0.31094259023666382,8
0.55616068840026855,0.071999989449977875,-0.15227866172790527,-0.007846832275390625,0,0.0074443998746573925,-0.39282819628715515,0,-0.82279050350189209,8
0.70680594444274902,0.30571717023849487,-0.16770672798156738,-0.0066055413335561752,0.018804755061864853,-0.017681475728750229,-0.4751548171043396,0.67646598815917969,0.52297359704971313,8
0.92800003290176392,0.071999989449977875,-0.12888692319393158,0,0,0.0048681991174817085,0,0,0.071793116629123688,8
-0.92800003290176392,0.071999989449977875,0.26464647054672241,0,0,-0.024060327559709549,0,0,-0.22430552542209625,8
-0.70920896530151367,0.30806785821914673,0.071919962763786316,-0.034965164959430695,-0.04393647238612175,0.0065004327334463596,-0.33391925692558289,0.46165642142295837,-0.40265035629272461,8
-0.55599004030227661,0.071999989449977875,0.1183890700340271,0.015174140222370625,0,-0.029841993004083633,0.43467926979064941,0,-0.37452414631843567,8
-0.32357269525527954,0.30346083641052246,0.11829814314842224,0.010877562686800957,0.00650789774954319,-0.014730673283338547,0.44756761193275452,0.74276411533355713,0.33930009603500366,8
-0.12921801209449768,0.30943799018859863,0.10342224687337875,-0.017032831907272339,0.024567887187004089,-0.021736942231655121,-1.4226539134979248,0.92195612192153931,0.33115077018737793,8
0.066303223371505737,0.31508165597915649,0.10837004333734512,-0.038102764636278152,0.016176922246813774,-0.022869952023029327,0.2324526309967041,0.16953851282596588,0.93704891204833984,8
0.26959869265556335,0.31396046280860901,0.075145691633224487,-0.017864875495433807,0.020849650725722313,-0.014791975729167461,1.1115522384643555,-0.20399583876132965,0.022640720009803772,8
0.55063563585281372,0.071999989449977875,-0.034304291009902954,0.013729716651141644,0,-0.0282748993486166,-0.43483301997184753,0,0.58317083120346069,8
0.6970704197883606,0.28993752598762512,0.020674670115113258,-0.0061305304989218712,0.018426036462187767,-0.016464682295918465,-0.28438213467597961,1.1493052244186401,-0.46580839157104492,8
0.92800003290176392,0.071999989449977875,0.31175431609153748,0,0,0.013098213821649551,0,0,0.060640271753072739,8
-0.92800003290176392,0.071999989449977875,0.60775071382522583,0,0,-0.0090208332985639572,0,0,-0.15356065332889557,8
-0.68071621656417847,0.29020524024963379,0.25938132405281067,-0.0058521926403045654,-0.017122991383075714,-7.9449586337432265e-05,0.17767971754074097,0.42729732394218445,0.38581204414367676,8
-0.54715198278427124,0.071999989449977875,0.2536328136920929,0.010087118484079838,0,0.024850668385624886,0.1460254043340683,0,-0.4129595160484314,8
-0.26037463545799255,0.30332237482070923,0.30989167094230652,-0.0074352435767650604,0.011111859232187271,0.0036566895432770252,-0.87042498588562012,0.63288021087646484,-0.89977467060089111,8
-0.039176486432552338,0.30776062607765198,0.27903881669044495,-0.020302852615714073,0.0045075714588165283,-0.01337533351033926,-0.011463928036391735,-0.28159376978874207,-0.36341425776481628,8
0.1486549973487854,0.30890661478042603,0.29418089985847473,0.025660226121544838,-0.016624029725790024,-0.001768769696354866,1.0440191030502319,-0.93512803316116333,0.80718505382537842,8
0.33783093094825745,0.30046096444129944,0.26328125596046448,0.021452015265822411,-0.045538786798715591,0.0088791558519005775,0.23033119738101959,0.25853341817855835,1.2051430940628052,8
0.55178934335708618,0.071999989449977875,0.39231336116790771,0.020674441009759903,0,0.016730591654777527,-0.35365012288093567,0,0.01135976891964674,8
0.69883066415786743,0.29136073589324951,0.21717575192451477,0.00069159269332885742,0.0015708990395069122,-0.057838860899209976,-0.29201605916023254,0.92757284641265869,0.28241279721260071,8
0.92800003290176392,0.071999989449977875,0.61393976211547852,0,0,0.0055503952316939831,0,0,0.069892190396785736,8
-0.92800003290176392,0.071999989449977875,0.37226048111915588,0,0,-0.0065961796790361404,0,0,0.30041226744651794,8
-0.72489219903945923,0.071999989449977875,0.5581708550453186,-0.011349277570843697,0,-0.0071675144135951996,0.37916481494903564,0,0.31089165806770325,8
-0.53458446264266968,0.071999989449977875,0.55499440431594849,0.0093948384746909142,0,-0.046675845980644226,0.0007066223188303411,0,-1.738057017326355,8
-0.40123078227043152,0.071999989449977875,0.55692166090011597,-0.0044755176641047001,0,0.01893199048936367,1.0647448301315308,0,0.13162334263324738,8
0.035874567925930023,0.071999989449977875,0.55458998680114746,-0.032092664390802383,0,0.013285137712955475,-0.18106977641582489,0,0.14360879361629486,8
-0.10904105007648468,0.071999989449977875,0.55186057090759277,0.0062589831650257111,0,-0.011873441748321056,0.06346525251865387,0,-1.08589768409729,8
0.17426037788391113,0.071999989449977875,0.55402910709381104,-0.020697081461548805,0,0.0048568621277809143,-0.14582386612892151,0,0.53463113307952881,8
0.54732602834701538,0.071999989449977875,0.53894847631454468,-0.026691587641835213,0,0.0099897421896457672,-0.45059493184089661,0,-0.32094970345497131,8
0.71682846546173096,0.071999989449977875,0.51340961456298828,-0.0040741600096225739,0,0.0021381964907050133,-0.19538600742816925,0,0.062699258327484131,8
0.92800003290176392,0.071999989449977875,0.37286725640296936,0,0,0.026938542723655701,0,0,0.50842523574829102,8
-0.92800003290176392,0.071999989449977875,0.74921977519989014,0,0,0.0188437569886446,0,0,0.29893705248832703,8
-0.70835667848587036,0.29171460866928101,0.61395788192749023,-0.010460668243467808,-0.012138593941926956,0.055053312331438065,-0.37379300594329834,-0.41436409950256348,1.2160582542419434,8
-0.51098519563674927,0.071999989449977875,0.72132456302642822,0.029481824487447739,0,0.024835743010044098,0.6219441294670105,0,-1.5494621992111206,8
-0.2212066650390625,0.29588478803634644,0.70731359720230103,-0.0055167763493955135,-0.034451127052307129,0.041054792702198029,0.42773398756980896,0.011586024425923824,-0.12387222796678543,8
-0.041053388267755508,0.27033868432044983,0.65309673547744751,0.077370509505271912,0.0086369514465332031,0.048810459673404694,0.13303622603416443,0.10014395415782928,-0.40699166059494019,8
0.13374945521354675,0.29690888524055481,0.68979114294052124,0.0073359957896173,-0.025169096887111664,0.0032130545005202293,-0.64313399791717529,0.064894311130046844,0.73620176315307617,8
0.31409680843353271,0.28964337706565857,0.68505227565765381,0.033146612346172333,0.011402800679206848,0.021213274449110031,1.1494712829589844,0.10289567708969116,-0.050369199365377426,8
0.54592406749725342,0.071999989449977875,0.72435599565505981,0.0021565558854490519,0,0.015044532716274261,0.0065687224268913269,0,-0.31336066126823425,8
0.66757529973983765,0.28446942567825317,0.58309972286224365,0.048208128660917282,0.037383884191513062,-0.049996361136436462,0.14519433677196503,0.51760828495025635,-0.49090704321861267,8
0.92800003290176392,0.071999989449977875,0.75338870286941528,0,0,0.016561981290578842,0,0,-0.010620820336043835,8
-0.92800003290176392,0.071999989449977875,0.92800003290176392,0,0,0,0,0,0,8
-0.7555353045463562,0.071999989449977875,0.92800003290176392,-0.0019653718918561935,0,0,0.89067733287811279,0,0,8
-0.37247413396835327,0.071999989449977875,0.92800003290176392,0.098997868597507477,0,0,-0.94970285892486572,0,0,8
-0.61443614959716797,0.071999989449977875,0.92800003290176392,0.01437394879758358,0,0,0.65422457456588745,0,0,8
-0.31300503015518188,0.071999989449977875,0.92800003290176392,-0.40933516621589661,0,0,2.1950526237487793,0,0,8
0.30505961179733276,0.071999989449977875,0.92800003290176392,-0.075367100536823273,0,0,0.018076298758387566,0,0,8
0.6100192666053772,0.071999989449977875,0.92800003290176392,0.0029115756042301655,0,0,0.030256301164627075,0,0,8
0.36402192711830139,0.071999989449977875,0.92800003290176392,0.072967842221260071,0,0,0.95119172334671021,0,0,8
0.75068008899688721,0.071999989449977875,0.92800003290176392,0.013291811570525169,0,0,0.060293484479188919,0,0,8
0.92800003290176392,0.071999989449977875,0.92800003290176392,0,0,0,0,0,0,8
-0.92800003290176392,0.071999989449977875,-0.92800003290176392,0,0,0,0,0,0,8
-0.69599795341491699,0.27017641067504883,-0.92800003290176392,-0.018595943227410316,-0.030795639380812645,0,0.10385116189718246,0.014426316134631634,0,8
-0.50556743144989014,0.28254568576812744,-0.92800003290176392,-0.0069527239538729191,-0.022805459797382355,0,0.11554781347513199,-0.23062598705291748,0,8
-0.19012372195720673,0.071999989449977875,-0.92800003290176392,-0.013829641975462437,0,0,0.40255486965179443,0,0,8
-0.14121873676776886,0.28750014305114746,-0.92800003290176392,-0.039718110114336014,0.00050653330981731415,0,-0.3186897337436676,0.080463416874408722,0,8
0.035350367426872253,0.27746713161468506,-0.92800003290176392,-0.030701486393809319,-0.015108650550246239,0,0.022702271118760109,0.39612632989883423,0,8
0.31741428375244141,0.071999989449977875,-0.92800003290176392,-0.013777934014797211,0,0,-0.32425445318222046,0,0,8
0.40242433547973633,0.27357888221740723,-0.92800003290176392,-0.054756823927164078,-0.015558566898107529,0,0.011494270525872707,-0.048474051058292389,0,8
0.69492793083190918,0.2753758430480957,-0.92800003290176392,0.016134098172187805,0.0093869231641292572,0,0.2511579692363739,0.36241105198860168,0,8
0.92800003290176392,0.071999989449977875,-0.92800003290176392,0,0,0,0,0,0,8
-0.92800003290176392,0.2626793384552002,-0.68079304695129395,0,-0.044360578060150146,0.013423244468867779,0,-0.17963936924934387,0.025311250239610672,8
-0.92800003290176392,0.42009431123733521,-0.92800003290176392,0,0.0092927049845457077,0,0,0.23442050814628601,0,8
-0.57046991586685181,0.45268315076828003,-0.92800003290176392,-0.0045237462036311626,-0.0054914308711886406,0,-0.050278481096029282,-0.24748601019382477,0,8
-0.32699340581893921,0.27083778381347656,-0.92800003290176392,-0.018219055607914925,-0.030457410961389542,0,-0.22848457098007202,-0.11323263496160507,0,8
0.089659355580806732,0.459189772605896,-0.92800003290176392,-0.017894875258207321,0.0079876510426402092,0,0.81342411041259766,0.35409396886825562,0,8
-0.1777053028345108,0.48216116428375244,-0.92800003290176392,0.0033559426665306091,0.03992900624871254,0,0.23329530656337738,-0.015127322636544704,0,8
0.21521994471549988,0.28558433055877686,-0.92800003290176392,-0.024081030860543251,-0.0042957067489624023,0,0.22114638984203339,0.26819446682929993,0,8
0.55267924070358276,0.38999390602111816,-0.92800003290176392,-0.031781569123268127,-0.046826008707284927,0,0.011630057357251644,0.022546982392668724,0,8
0.92800003290176392,0.41908609867095947,-0.92800003290176392,0,0.0098324008285999298,0,0,-0.080583140254020691,0,8
0.92800003290176392,0.26483422517776489,-0.68718057870864868,0,-0.010406097397208214,-0.06935080885887146,0,-0.42689052224159241,0.065312460064888,8
-0.92800003290176392,0.28022897243499756,-0.4545682966709137,0,-0.014464143663644791,-0.0041510043665766716,0,-0.15845662355422974,0.26430186629295349,8
-0.92800003290176392,0.41537308692932129,-0.56841486692428589,0,0.10669895261526108,0.023472761735320091,0,0.032300055027008057,-0.1973198801279068,8
-0.46722662448883057,0.32276421785354614,-0.47739711403846741,-0.0031667703296989202,-0.021961169317364693,0.012841781601309776,-0.19316151738166809,-0.03581748902797699,-0.19045287370681763,8
-0.27290892601013184,0.30663207173347473,-0.4675973653793335,-0.041769254952669144,0.0036847870796918869,0.027604976668953896,-0.53637987375259399,0.26655468344688416,-0.39280876517295837,8
-0.083194524049758911,0.31783914566040039,-0.50833278894424438,-0.024487905204296112,0.017362192273139954,0.013333098031580448,0.50506281852722168,0.074348703026771545,-0.0042811688035726547,8
0.10880781710147858,0.3109765350818634,-0.46884748339653015,0.028286788612604141,-0.019063334912061691,-0.026855422183871269,0.46725934743881226,-0.13866648077964783,-0.59400850534439087,8
0.31457245349884033,0.3061758279800415,-0.52586311101913452,0.0071128779090940952,-0.016838539391756058,0.0025170824956148863,-0.8533482551574707,-0.011655538342893124,0.58980530500411987,8
0.49584904313087463,0.31860846281051636,-0.46549397706985474,-0.0013574573677033186,-0.034000121057033539,-0.010654592886567116,-0.40788248181343079,0.52695214748382568,0.32721272110939026,8
0.92800003290176392,0.4405442476272583,-0.56681042909622192,0,-0.072477556765079498,0.1089891791343689,0,0.06542108952999115,0.32259082794189453,8
0.92800003290176392,0.27609020471572876,-0.48188099265098572,0,-0.018127625808119774,0.070343166589736938,0,-0.28232640027999878,0.72663027048110962,8
-0.92800003290176392,0.071999989449977875,-0.23328576982021332,0,0,-0.023306654766201973,0,0,-0.092898361384868622,8
-0.92800003290176392,0.27477943897247314,-0.24149781465530396,0,-0.011406689882278442,0.03541753813624382,0,-0.029806828126311302,0.26850664615631104,8
-0.52840268611907959,0.30473604798316956,-0.27900159358978271,0.018950656056404114,-0.0062480606138706207,0.020245702937245369,-0.31086626648902893,-0.16905945539474487,-0.41105639934539795,8
-0.36694756150245667,0.47164028882980347,-0.37574207782745361,0.008116232231259346,-0.018365772441029549,0.0082543510943651199,0.10370713472366333,-0.16214117407798767,-1.1174308061599731,8
-0.15904302895069122,0.46530073881149292,-0.16178591549396515,0.010280509479343891,-0.0086380587890744209,0.06107041984796524,0.11791550368070602,-1.2157407999038696,-0.45347702503204346,8
0.15095651149749756,0.4712870717048645,-0.34090408682823181,-0.047695890069007874,-0.01206820085644722,-0.060575436800718307,-0.34138953685760498,0.73485392332077026,-0.037203017622232437,8
0.34839445352554321,0.47766217589378357,-0.36767479777336121,-0.062562882900238037,0.031524937599897385,-0.0029465127736330032,-0.064632296562194824,0.4374748170375824,0.13028323650360107,8
0.47972699999809265,0.31019881367683411,-0.26785045862197876,-0.0064143906347453594,-0.018923584371805191,0.01005034614354372,-0.11304914206266403,0.45507684350013733,0.8158906102180481,8
0.92800003290176392,0.28104448318481445,-0.29141852259635925,0,-0.019067099317908287,0.01844269223511219,0,0.11624766141176224,1.2066909074783325,8
0.92800003290176392,0.071999989449977875,-0.24340462684631348,0,0,0.045885287225246429,0,0,0.31020751595497131,8
-0.92800003290176392,0.28708052635192871,-0.057686567306518555,0,-0.041090801358222961,0.014548147097229958,0,-0.030924079939723015,-0.29575538635253906,8
-0.92800003290176392,0.44307804107666016,0.059792429208755493,0,-0.027244165539741516,0.078852057456970215,0,0.28369948267936707,0.21138085424900055,8
-0.46305406093597412,0.30856475234031677,-0.069609910249710083,-0.0078345965594053268,0.015599591657519341,-0.010393479838967323,-0.30171048641204834,0.43091607093811035,-0.028398808091878891,8
-0.37721282243728638,0.47389090061187744,-0.093050889670848846,-0.020959628745913506,0.0022248975001275539,0.074510246515274048,-0.25609776377677917,-0.35421642661094666,0.96518528461456299,8
-0.051260761916637421,0.55705970525741577,-0.01696196012198925,-0.074347160756587982,0.19977270066738129,-0.106923907995224,1.6800826787948608,0.036377009004354477,-0.43820005655288696,8
0.066788621246814728,0.52567505836486816,-0.16433131694793701,0.037730753421783447,-0.035580873489379883,-0.026806438341736794,1.0295814275741577,-2.0109686851501465,-1.4570748805999756,8
0.2840045690536499,0.50160884857177734,-0.096579067409038544,-0.049580778926610947,0.022848675027489662,-0.00042494409717619419,-0.46824514865875244,0.86211806535720825,-0.42300465703010559,8
0.52760499715805054,0.31472364068031311,-0.061604462563991547,0.0039036055095493793,-0.012366743758320808,0.014902415685355663,0.25696247816085815,0.90008664131164551,0.054681967943906784,8
0.92800003290176392,0.47167539596557617,0.06094861775636673,0,-0.027633089572191238,-0.051317982375621796,0,-0.92660063505172729,-0.29424133896827698,8
0.92800003290176392,0.27538853883743286,-0.096453167498111725,0,-0.031025592237710953,0.010715514421463013,0,0.36888965964317322,0.92118322849273682,8
-0.92800003290176392,0.27639687061309814,0.13258682191371918,0,-0.001284843310713768,0.025163901969790459,0,0.34275779128074646,-0.085109002888202667,8
-0.92800003290176392,0.51883977651596069,-0.070860758423805237,0,-0.10548588633537292,0.056560389697551727,0,1.0020840167999268,-0.011330432258546352,8
-0.51841425895690918,0.31684863567352295,0.12674668431282043,-0.031530175358057022,0.0088597172871232033,0.015251697972416878,-0.094976790249347687,0.26843652129173279,0.67543184757232666,8
-0.20862136781215668,0.47584149241447449,0.17821250855922699,-0.056520074605941772,-0.04304860532283783,0.02774723619222641,-0.75253862142562866,-0.64156359434127808,1.4722112417221069,8
-0.022474093362689018,0.55341553688049316,0.16614128649234772,0.023810669779777527,-0.16836053133010864,0.052951373159885406,0.66127824783325195,-2.5114486217498779,2.413398265838623,8
0.15051566064357758,0.53016906976699829,0.059271048754453659,0.061755698174238205,-0.04173138365149498,0.0027641246560961008,0.80168908834457397,0.11985237896442413,-0.29756623506546021,8
0.31666988134384155,0.51844322681427002,0.161306232213974,-0.056045308709144592,0.064887002110481262,-0.038673743605613708,0.91206878423690796,0.56240206956863403,-0.45425564050674438,8
0.48115906119346619,0.30411636829376221,0.12061730027198792,0.014930860139429569,-0.023790426552295685,0.0035551390610635281,0.51116526126861572,0.67659890651702881,0.097285002470016479,8
0.92800003290176392,0.46276140213012695,-0.088622115552425385,0,0.020525345578789711,-0.076262660324573517,0,1.5034893751144409,0.069467425346374512,8
0.92800003290176392,0.2780907154083252,0.099343635141849518,0,-0.030815213918685913,0.085848167538642883,0,0.18743923306465149,0.2049533873796463,8
-0.92800003290176392,0.071999989449977875,0.26464605331420898,0,0,-0.024058151990175247,0,0,-0.22423501312732697,8
-0.92800003290176392,0.28029477596282959,0.33116856217384338,0,-0.034516125917434692,-0.035252541303634644,0,-0.40208104252815247,-0.15960103273391724,8
-0.47822445631027222,0.3042755126953125,0.32320567965507507,0.01056336797773838,-0.026599718257784843,-0.012961209751665592,-0.13820283114910126,0.012720766477286816,-0.21274761855602264,8
-0.34372410178184509,0.46969243884086609,0.3804144561290741,0.021423732861876488,0.018920812755823135,-0.039362423121929169,-0.19796271622180939,0.86798137426376343,-1.0120038986206055,8
-0.080729834735393524,0.5067439079284668,0.3689083456993103,-0.009719502180814743,-0.0020387591794133186,0.043853186070919037,-1.1253658533096313,1.1517322063446045,-2.2190415859222412,8
0.17063269019126892,0.50647008419036865,0.25787606835365295,0.021819464862346649,-0.0077340523712337017,-0.001989088486880064,-0.62391763925552368,0.053278684616088867,0.014746043831110001,8
0.36823952198028564,0.48557594418525696,0.36944621801376343,0.022369317710399628,-0.0048096906393766403,0.0074293743818998337,1.5626041889190674,-0.078305520117282867,0.44482254981994629,8
0.52937543392181396,0.30528551340103149,0.3277646005153656,-0.036081131547689438,0.020119104534387589,-0.04195810854434967,-0.064095295965671539,1.4638673067092896,-0.32761344313621521,8
0.92800003290176392,0.27473652362823486,0.30330261588096619,0,-0.040372870862483978,-0.0049873460084199905,0,-0.091238349676132202,-0.46215325593948364,8
0.92800003290176392,0.071999989449977875,0.23606486618518829,0,0,-0.0068442365154623985,0,0,-0.22309313714504242,8
-0.92800003290176392,0.28414440155029297,0.51526528596878052,0,-0.040971364825963974,-0.054840583354234695,0,-0.093904465436935425,-0.21971336007118225,8
-0.92800003290176392,0.44797605276107788,0.55841684341430664,0,-0.034148983657360077,-0.017787482589483261,0,0.3635234534740448,0.17540785670280457,8
-0.52063983678817749,0.31614241003990173,0.51834219694137573,-0.0055933636613190174,-0.024779671803116798,-0.020710179582238197,0.12508596479892731,0.52193599939346313,-0.66327047348022461,8
-0.31768190860748291,0.30370739102363586,0.53365200757980347,0.010548700578510761,-0.016203340142965317,-0.024096503853797913,-0.89828783273696899,-0.17966653406620026,-0.81053769588470459,8
-0.13127140700817108,0.31882774829864502,0.46289634704589844,0.016788424924015999,-0.025923551991581917,0.053392063826322556,0.11830812692642212,-0.8595353364944458,0.69845056533813477,8
0.063050366938114166,0.33271393179893494,0.48146963119506836,0.013527732342481613,-0.012208458036184311,0.017494460567831993,0.7600061297416687,-0.46521243453025818,-0.24527665972709656,8
0.24939121305942535,0.30050012469291687,0.47558686137199402,0.0052926572971045971,-0.048202686011791229,-0.036007225513458252,1.0094074010848999,0.11630415171384811,-1.0677239894866943,8
0.45558741688728333,0.31133976578712463,0.50469917058944702,-0.028668545186519623,-0.0060528302565217018,-0.0027472930960357189,-0.62076497077941895,0.80901020765304565,-0.55291092395782471,8
0.92800003290176392,0.42837643623352051,0.57632935047149658,0,0.05313728004693985,-0.058663558214902878,0,0.78504878282546997,0.20158286392688751,8
0.92800003290176392,0.27502715587615967,0.49940618872642517,0,-0.031727176159620285,0.03158843144774437,0,0.40637779235839844,-0.64827644824981689,8
-0.92800003290176392,0.2766878604888916,0.70250940322875977,0,-0.01384614035487175,0.0020050369203090668,0,0.55631428956985474,-0.65602624416351318,8
-0.92800003290176392,0.42177581787109375,0.92800003290176392,0,0.012620460242033005,0,0,-0.0098898066207766533,0,8
-0.56492596864700317,0.41904687881469727,0.92800003290176392,-0.018190519884228706,0.014888245612382889,0,-0.59998005628585815,0.35443100333213806,0,8
-0.27666518092155457,0.27897167205810547,0.92800003290176392,-0.016885679215192795,-0.079080142080783844,0,-0.011188219301402569,-3.1548712253570557,0,8
0.089070513844490051,0.46938252449035645,0.92800003290176392,-0.066891014575958252,0.059043608605861664,0,-1.2418957948684692,-0.36881020665168762,0,8
-0.052421923726797104,0.4754784107208252,0.92800003290176392,0.013328155502676964,-0.026364998891949654,0,-0.22434821724891663,0.66427189111709595,0,8
0.30972275137901306,0.27471756935119629,0.92800003290176392,-0.057385168969631195,-0.02784900926053524,0,-0.18866154551506042,-0.17054104804992676,0,8
0.56564795970916748,0.47493648529052734,0.92800003290176392,0.031807996332645416,-0.0090633919462561607,0,0.87641191482543945,0.33660373091697693,0,8
0.92800003290176392,0.42238128185272217,0.92800003290176392,0,-0.006684313528239727,0,0,-0.13823823630809784,0,8
0.92800003290176392,0.27135545015335083,0.69440245628356934,0,0.0019255578517913818,0.050005551427602768,0,-0.090583391487598419,-0.046638581901788712,8
-0.92800003290176392,0.071999989449977875,0.92800003290176392,0,0,0,0,0,0,8
-0.68885618448257446,0.26652318239212036,0.92800003290176392,-0.052495218813419342,-0.044633287936449051,0,-0.58683609962463379,-0.2949489951133728,0,8
-0.47503650188446045,0.27422213554382324,0.92800003290176392,0.047007352113723755,-0.0063289571553468704,0,1.3580471277236938,0.59064370393753052,0,8
-0.23823466897010803,0.071999989449977875,0.92800003290176392,0.3001941442489624,0,0,-1.5388842821121216,0,0,8
-0.083425447344779968,0.2769545316696167,0.92800003290176392,-0.055652212351560593,-0.042917147278785706,0,0.31017455458641052,0.18500848114490509,0,8
0.10775081813335419,0.2751845121383667,0.92800003290176392,2.7289468562230468e-05,-0.024806296452879906,0,0.03156227245926857,-0.62773090600967407,0,8
0.23772858083248138,0.071999989449977875,0.92800003290176392,0.031011752784252167,0,0,-0.64529675245285034,0,0,8
0.50699442625045776,0.27452516555786133,0.92800003290176392,-0.026948409155011177,-0.04063095897436142,0,-0.020729394629597664,0.06135910376906395,0,8
0.69635367393493652,0.27096939086914062,0.92800003290176392,-0.00029334798455238342,-0.014496246352791786,0,-0.051132343709468842,-0.16665345430374146,0,8
0.92800003290176392,0.071999989449977875,0.92800003290176392,0,0,0,0,0,0,8
-0.92800003290176392,0.24340653419494629,-0.92800003290176392,0,-0.029411986470222473,0,0,0.14790292084217072,0,8
-0.71334636211395264,0.43937468528747559,-0.92800003290176392,-0.008366965688765049,-0.0038260102737694979,0,-0.17445240914821625,-0.066367745399475098,0,8
-0.43773508071899414,0.46611541509628296,-0.92800003290176392,0.016785860061645508,-4.1769133531488478e-05,0,-0.2438705712556839,-0.12127795815467834,0,8
-0.29854658246040344,0.46019136905670166,-0.92800003290176392,0.0053249802440404892,0.021721964702010155,0,0.11309885233640671,0.025765242055058479,0,8
-0.058612912893295288,0.47801339626312256,-0.92800003290176392,0.0056046284735202789,0.020319037139415741,0,0.32329502701759338,0.13191975653171539,0,8
0.19145195186138153,0.46596312522888184,-0.92800003290176392,-0.042718242853879929,0.0036159241572022438,0,-0.53835833072662354,-0.21369284391403198,0,8
0.37614449858665466,0.46581792831420898,-0.92800003290176392,-0.017151962965726852,0.007069762796163559,0,0.039852481335401535,-0.11520500481128693,0,8
0.55267918109893799,0.38999474048614502,-0.92800003290176392,-0.031786996871232986,-0.046824779361486435,0,0.011729746125638485,0.02242024801671505,0,8
0.71478605270385742,0.50982344150543213,-0.92800003290176392,-0.024706184864044189,0.0029162419959902763,0,-0.38000151515007019,0.058813903480768204,0,8
0.92800003290176392,0.24415016174316406,-0.92800003290176392,0,-0.025921430438756943,0,0,-0.11936254054307938,0,8
-0.92800003290176392,0.44210529327392578,-0.71502918004989624,0,-0.11894015967845917,-0.014038100838661194,0,-0.39276880025863647,0.068864710628986359,8
-0.72262126207351685,0.32168933749198914,-0.69600439071655273,-0.0095374537631869316,-0.0072685545310378075,0.0050622355192899704,-0.44553670287132263,-0.067114010453224182,-0.41330984234809875,8
-0.44789573550224304,0.30174684524536133,-0.70434582233428955,0.021128365769982338,-0.028679225593805313,0.0099579542875289917,-0.099385671317577362,0.27820697426795959,-0.086794599890708923,8
-0.29556933045387268,0.48052936792373657,-0.69603443145751953,-0.026501176878809929,-0.022851789370179176,-0.00835452601313591,-0.53672617673873901,0.54618328809738159,0.49078464508056641,8
-0.088758155703544617,0.53470611572265625,-0.6942707896232605,-0.012357761152088642,0.020121084526181221,0.0038891141302883625,-0.06079033762216568,0.13089793920516968,-0.18008379638195038,8
0.10918654501438141,0.49368768930435181,-0.68526983261108398,-0.010815887711942196,-0.0029046903364360332,0.0024705794639885426,0.31403365731239319,0.30332648754119873,-0.074862278997898102,8
0.3233020007610321,0.48160505294799805,-0.69843506813049316,-0.032734017819166183,-0.001418097410351038,0.018924985080957413,-0.38633653521537781,0.31726491451263428,0.11641386896371841,8
0.4182249903678894,0.31338107585906982,-0.70076674222946167,-0.064688749611377716,-0.00714144017547369,-0.0012569734826683998,0.21753719449043274,-0.2873537540435791,-0.53975796699523926,8
0.71871113777160645,0.34050020575523376,-0.71836531162261963,0.0090040136128664017,0.0053823506459593773,-0.010515231639146805,0.45726451277732849,-0.58255946636199951,-0.0036527493502944708,8
0.92800003290176392,0.44034886360168457,-0.71849793195724487,0,0.013040062971413136,0.0033861091360449791,0,0.61893743276596069,0.23871569335460663,8
-0.92800003290176392,0.46543186902999878,-0.44628345966339111,0,0.0057202456519007683,0.010088004171848297,0,0.20975111424922943,-0.40768212080001831,8
-0.69677507877349854,0.30827030539512634,-0.47446611523628235,0.0047386856749653816,-0.0058573046699166298,-0.0065902722999453545,0.49363091588020325,0.05228695273399353,-0.47611856460571289,8
-0.49075153470039368,0.55456942319869995,-0.47709974646568298,0.01160703506320715,0.011594712734222412,0.022961264476180077,-0.63470357656478882,-0.34456738829612732,-0.05337969958782196,8
-0.24954500794410706,0.53166329860687256,-0.50281268358230591,0.010107973590493202,0.016635028645396233,0.077214837074279785,0.29867672920227051,-0.25027412176132202,0.51419126987457275,8
-0.10315334796905518,0.49203199148178101,-0.36795881390571594,-0.00092355452943593264,-0.012268533930182457,0.02047528512775898,0.18204735219478607,0.54605591297149658,0.75478649139404297,8
0.032760139554738998,0.52905523777008057,-0.49567908048629761,-0.046830233186483383,-0.012271283194422722,0.045997895300388336,0.051231082528829575,-0.20684510469436646,0.85398250818252563,8
0.22567392885684967,0.55898433923721313,-0.50833368301391602,-0.056149490177631378,0.038858778774738312,0.022164735943078995,-0.70124632120132446,-0.27783983945846558,0.45855477452278137,8
0.44713848829269409,0.56304103136062622,-0.5287584662437439,-0.061390023678541183,0.00038506559212692082,-0.0036269468255341053,-0.44511210918426514,-0.073268488049507141,0.67844033241271973,8
0.7080879807472229,0.31491208076477051,-0.49959093332290649,-0.057423166930675507,-0.025676315650343895,-0.018666690215468407,0.22261752188205719,-0.34634026885032654,-0.53067165613174438,8
0.92800003290176392,0.45405161380767822,-0.44832533597946167,0,-0.030915595591068268,-0.060183718800544739,0,1.1309616565704346,-1.2323909997940063,8
-0.92800003290176392,0.4684600830078125,-0.29256361722946167,0,-0.014180982485413551,-0.019026875495910645,0,0.10573507845401764,0.0084454379975795746,8
-0.69313818216323853,0.47519582509994507,-0.33389544486999512,0.0042905993759632111,0.035647720098495483,-0.011609950102865696,0.30170989036560059,0.40585547685623169,-0.54713845252990723,8
-0.50383132696151733,0.52940499782562256,-0.23071534931659698,-0.0017180370632559061,-0.02370772510766983,0.034773703664541245,-0.5918886661529541,0.32707211375236511,0.3639371395111084,8
-0.28670820593833923,0.61885786056518555,-0.24141876399517059,0.050727508962154388,0.0036856909282505512,0.05947263166308403,-0.062437240034341812,-0.74296087026596069,-1.0754903554916382,8
-0.068149201571941376,0.6841314435005188,-0.16894873976707458,-0.010785252787172794,0.30501210689544678,0.15227477252483368,0.76333922147750854,5.2930908203125,0.47699061036109924,8
0.064658164978027344,0.66545301675796509,-0.3454267680644989,-0.025247711688280106,-0.023441338911652565,0.032124355435371399,1.1649343967437744,-0.62539809942245483,-0.22077395021915436,8
0.27455717325210571,0.63969099521636963,-0.26622653007507324,0.054046090692281723,-0.052267536520957947,-0.023268437013030052,0.57374304533004761,-0.49546778202056885,-0.13424332439899445,8
0.51752883195877075,0.55518078804016113,-0.34653925895690918,0.027945594862103462,-0.0089095346629619598,-0.038724955171346664,-0.06134507805109024,-0.36572569608688354,0.14133386313915253,8
0.693930983543396,0.474741131067276,-0.27832266688346863,0.033503293991088867,-0.019392538815736771,0.0028774389065802097,0.15771856904029846,0.22556695342063904,0.7025560736656189,8
0.92800003290176392,0.4845576286315918,-0.31293082237243652,0,0.012583367526531219,-0.071903228759765625,0,-0.83560508489608765,0.244045689702034,8
-0.92800003290176392,0.43642270565032959,-0.1913035660982132,0,0.021703740581870079,-0.019170116633176804,0,-0.01827908493578434,-0.13906341791152954,8
-0.69724750518798828,0.48453173041343689,-0.10309345275163651,0.048638422042131424,0.026123005896806717,-0.0092244762927293777,0.73067337274551392,0.070344619452953339,0.049806773662567139,8
-0.53652673959732056,0.55303287506103516,-0.0062860222533345222,0.03521014004945755,0.021007124334573746,0.0044385171495378017,0.87642389535903931,0.26519960165023804,-0.042588882148265839,8
-0.20699979364871979,0.61831319332122803,-0.026216916739940643,0.083853356540203094,0.21117600798606873,0.025541538372635841,-0.48280921578407288,1.7256348133087158,-1.5365172624588013,8
0.15179826319217682,0.69890880584716797,-0.063473962247371674,-0.26937118172645569,0.095037892460823059,0.010147243738174438,-1.2001346349716187,-0.072246856987476349,-0.69463825225830078,8
0.47377645969390869,0.52075916528701782,-0.1637209951877594,-0.062626548111438751,-0.0071851154789328575,-0.020762505009770393,-0.20128513872623444,-0.51078766584396362,-0.20588018000125885,8
0.69798570871353149,0.51490181684494019,-0.070368111133575439,0.022431358695030212,-0.023495737463235855,-0.0041625131852924824,-0.15974967181682587,-0.19203867018222809,-0.023355606943368912,8
0.92800003290176392,0.45293092727661133,-0.17722514271736145,0,-0.0049152066931128502,0.20220395922660828,0,0.53189867734909058,-1.7103337049484253,8
-0.92800003290176392,0.47880303859710693,0.15864461660385132,0,0.11656692624092102,0.029211422428488731,0,0.15218807756900787,-1.0894755125045776,8
-0.69043248891830444,0.50800597667694092,0.10731545090675354,0.081420391798019409,0.026652470231056213,-0.012082694098353386,0.95656853914260864,0.1747843474149704,0.52639687061309814,8
-0.37703341245651245,0.5302436351776123,0.10118275135755539,0.0049040466547012329,-0.035671617835760117,-0.022914605215191841,-0.93967097997665405,-0.58832240104675293,0.89783895015716553,8
-0.19979509711265564,0.71573400497436523,0.11212746053934097,0.063725925981998444,0.22523576021194458,-0.058938831090927124,1.5521334409713745,5.0710968971252441,0.2321382462978363,8
0.30720683932304382,0.72362172603607178,0.090515695512294769,0.0031826184131205082,-0.0092869391664862633,-0.025206280872225761,0.51625388860702515,0.44259878993034363,-0.5183756947517395,8
0.4589637815952301,0.51906663179397583,0.030166963115334511,-0.015173797495663166,-0.023427877575159073,-0.0044535216875374317,0.67835652828216553,-0.64483702182769775,0.21543011069297791,8
0.69068688154220581,0.47159954905509949,0.11625681817531586,-0.017742317169904709,0.042062588036060333,-0.032930713146924973,-0.66085100173950195,0.10508335381746292,-0.37599015235900879,8
0.92800003290176392,0.44952166080474854,0.19829894602298737,0,0.052942514419555664,0.0018080309964716434,0,-0.034654140472412109,-1.8736600875854492,8
-0.92800003290176392,0.45507776737213135,0.28171414136886597,0,0.055501990020275116,-0.017362460494041443,0,-0.22039218246936798,0.22736291587352753,8
-0.68595254421234131,0.48824548721313477,0.30599120259284973,-0.0040641720406711102,-0.0013732444494962692,0.020582772791385651,0.09886053204536438,0.25725987553596497,0.19418741762638092,8
-0.47536450624465942,0.51530343294143677,0.26738837361335754,-0.020152971148490906,0.012903395108878613,0.0009435238316655159,0.1326080709695816,0.44528371095657349,0.042513322085142136,8
-0.24462452530860901,0.65363615751266479,0.3173326849937439,-0.0039845532737672329,-0.046247821301221848,0.010966921225190163,-0.13879653811454773,-2.1443581581115723,1.0304900407791138,8
-0.05758173018693924,0.74560964107513428,0.27682510018348694,-0.05600680410861969,0.032639570534229279,-0.30310541391372681,-0.83225542306900024,1.1224899291992188,-1.8693059682846069,8
0.10344903916120529,0.76454395055770874,0.21448622643947601,-0.020907865837216377,0.1351393461227417,-0.038006924092769623,0.161700040102005,1.0220682621002197,-0.091556638479232788,8
0.28922304511070251,0.68628120422363281,0.31999310851097107,-0.03240673616528511,-0.02474396675825119,0.0025267493911087513,0.49722418189048767,0.5473029613494873,0.60077834129333496,8
0.5176621675491333,0.53630930185317993,0.23403549194335938,0.0085958139970898628,-0.011338226497173309,0.014133132062852383,0.3058600127696991,-0.35786473751068115,1.2969051599502563,8
0.69687134027481079,0.47733920812606812,0.32605630159378052,-0.040505703538656235,0.024865590035915375,-0.075868010520935059,-1.5476046800613403,0.80538010597229004,0.11177121847867966,8
0.92800003290176392,0.46610987186431885,0.27341502904891968,0,0.072756364941596985,-0.1023704931139946,0,0.28256803750991821,0.99402505159378052,8
-0.92800003290176392,0.46817100048065186,0.42108559608459473,0,0.02689981646835804,-0.018806265667080879,0,0.25319057703018188,0.61930501461029053,8
-0.7045707106590271,0.30593299865722656,0.4265637993812561,-0.024365309625864029,-0.0066691860556602478,0.0095609985291957855,-0.015731770545244217,0.39444875717163086,-0.21467527747154236,8
-0.48334932327270508,0.54089319705963135,0.48697429895401001,0.02943648025393486,0.011822827160358429,-0.026178119704127312,0.27470603585243225,0.13017435371875763,-0.92821723222732544,8
-0.23082306981086731,0.53910517692565918,0.52555584907531738,-0.0090538663789629936,0.0089683979749679565,-0.016263037919998169,-1.3404562473297119,0.72006905078887939,-0.70285612344741821,8
-0.043241169303655624,0.55986684560775757,0.51870578527450562,0.046389084309339523,0.051144193857908249,-0.081009566783905029,0.13488146662712097,0.63359105587005615,0.13848669826984406,8
0.092820614576339722,0.58516007661819458,0.4161994457244873,-0.0076200636103749275,0.06163879856467247,-0.07384885847568512,-0.31702351570129395,1.3056820631027222,-0.62645488977432251,8
0.23702460527420044,0.52349615097045898,0.51896005868911743,-0.019521664828062057,0.00068116281181573868,-0.010027917101979256,1.1187922954559326,-0.21314427256584167,-2.0842997400905006e-05,8
0.49917158484458923,0.51651608943939209,0.50580865144729614,-0.021215124055743217,-0.025334473699331284,-0.024971337988972664,-0.18074864149093628,1.3108128309249878,-1.1341912746429443,8
0.71055299043655396,0.31228360533714294,0.43547999858856201,0.0067971143871545792,-0.070800408720970154,-0.036459546536207199,-0.72711795568466187,0.18692156672477722,0.3007199764251709,8
0.92800003290176392,0.46850383281707764,0.43022903800010681,0,-0.047410160303115845,-0.11142599582672119,0,0.11406204849481583,-0.111789770424366,8
-0.92800003290176392,0.44975811243057251,0.71278923749923706,0,-0.0069676712155342102,0.0094923889264464378,0,-0.22340337932109833,0.052345037460327148,8
-0.66293913125991821,0.34929060935974121,0.74278748035430908,-0.024873131886124611,-0.076469175517559052,-0.013664891943335533,-0.79044967889785767,-0.70663696527481079,0.092994473874568939,8
-0.46129369735717773,0.29347750544548035,0.70557409524917603,0.024167150259017944,-0.00083428435027599335,-0.023525891825556755,-0.91094404458999634,0.0094239404425024986,-0.11278565227985382,8
-0.32943391799926758,0.44324260950088501,0.70084357261657715,0.031587306410074234,0.0063563622534275055,0.011315538547933102,0.065442264080047607,0.80089384317398071,-0.3589041531085968,8
-0.053866323083639145,0.44189861416816711,0.70102351903915405,0.032072130590677261,0.015417362563312054,0.015178188681602478,0.15509755909442902,0.38492131233215332,-0.29848504066467285,8
0.1843162328004837,0.47033873200416565,0.69387805461883545,0.026456663385033607,-0.0061519276350736618,0.034940164536237717,0.47139456868171692,0.71522533893585205,0.095991559326648712,8
0.39884352684020996,0.46775373816490173,0.69452983140945435,0.038604628294706345,0.035163320600986481,-3.0944123864173889e-05,-0.18684367835521698,0.56114798784255981,-0.5551835298538208,8
0.51760554313659668,0.31242051720619202,0.70246893167495728,0.028661336749792099,-0.0056848442181944847,0.0051946770399808884,0.011040418408811092,-0.081510931253433228,-0.0080238562077283859,8
0.71866804361343384,0.33141449093818665,0.72060132026672363,0.0052837468683719635,-0.052971623837947845,0.0063489852473139763,-0.32326322793960571,-0.25051966309547424,-0.6996837854385376,8
0.92800003290176392,0.48010724782943726,0.71415787935256958,0,0.04535631462931633,0.023748401552438736,0,-0.46444624662399292,0.28523346781730652,8
-0.92800003290176392,0.24570626020431519,0.92800003290176392,0,-0.035206601023674011,0,0,-0.29272118210792542,0,8
-0.71644848585128784,0.45413857698440552,0.92800003290176392,-0.038907110691070557,-0.033013265579938889,0,-0.34802141785621643,-0.7146642804145813,0,8
-0.41785901784896851,0.46769356727600098,0.92800003290176392,0.015744585543870926,-0.04229242354631424,0,-0.48182651400566101,0.088477239012718201,0,8
-0.27156162261962891,0.46681427955627441,0.92800003290176392,-0.10309676826000214,0.048899050801992416,0,-2.0398316383361816,-0.40057170391082764,0,8
-0.17504885792732239,0.46063244342803955,0.92800003290176392,0.17971190810203552,0.021167555823922157,0,1.5681819915771484,0.038281377404928207,0,8
0.18584130704402924,0.44503992795944214,0.92800003290176392,0.092842355370521545,0.0025445232167840004,0,1.1960536241531372,-0.3337494432926178,0,8
0.32154560089111328,0.46286582946777344,0.92800003290176392,-0.023613821715116501,-0.00093329057563096285,0,-0.31768625974655151,0.11931440234184265,0,8
0.46620666980743408,0.45253324508666992,0.92800003290176392,-0.010360941290855408,-0.003044577082619071,0,-0.37115898728370667,-0.3357636034488678,0,8
0.71309798955917358,0.45063084363937378,0.92800003290176392,0.0095003489404916763,0.012910950928926468,0,-0.012260683812201023,-0.17031578719615936,0,8
0.92800003290176392,0.2463308572769165,0.92800003290176392,0,-0.031592532992362976,0,0,-0.14755254983901978,0,8
-0.92800003290176392,0.42009419202804565,-0.92800003290176392,0,0.0092940498143434525,0,0,0.23439477384090424,0,8
-0.5329245924949646,0.60559427738189697,-0.92800003290176392,0.014644957147538662,-0.01138171274214983,0,0.3548828661441803,0.28593829274177551,0,8
-0.3948509693145752,0.6757848858833313,-0.92800003290176392,0.0069435574114322662,-0.010332216508686543,0,-0.1941983699798584,-0.019429109990596771,0,8
-0.16719184815883636,0.86112171411514282,-0.92800003290176392,0.029280021786689758,0.0076319193467497826,0,0.13497422635555267,-0.21494866907596588,0,8
0.021367160603404045,0.64165890216827393,-0.92800003290176392,0.0073782526887953281,0.01595977321267128,0,0.43194365501403809,0.1110699325799942,0,8
0.16617560386657715,0.85253804922103882,-0.92800003290176392,0.050352562218904495,-0.012062556110322475,0,-0.0037643683608621359,-0.17998479306697845,0,8
0.18982286751270294,0.71723514795303345,-0.92800003290176392,0.063268370926380157,-0.020217910408973694,0,0.28074198961257935,-0.032740328460931778,0,8
0.39766722917556763,0.65975773334503174,-0.92800003290176392,-0.017508156597614288,0.051353149116039276,0,0.14050354063510895,0.44023004174232483,0,8
0.55380886793136597,0.57665014266967773,-0.92800003290176392,-0.040920436382293701,-0.049187187105417252,0,0.38774481415748596,-0.37298473715782166,0,8
0.92800003290176392,0.41908609867095947,-0.92800003290176392,0,0.009831942617893219,0,0,-0.080574981868267059,0,8
-0.92800003290176392,0.5638808012008667,-0.56322795152664185,0,0.0051577519625425339,-0.016823053359985352,0,0.22876842319965363,-0.13260555267333984,8
-0.69785290956497192,0.51901054382324219,-0.70479238033294678,-0.0092724049463868141,0.014023872092366219,0.012353050522506237,0.25437098741531372,0.028324292972683907,0.24761433899402618,8
-0.51160788536071777,0.47735625505447388,-0.68529856204986572,-0.021683817729353905,-0.030003804713487625,-0.022237945348024368,0.046428866684436798,0.43800771236419678,-0.10701040923595428,8
-0.43083992600440979,0.65484440326690674,-0.68408232927322388,-0.0049070017412304878,-0.052271053194999695,0.021097060292959213,-0.18663282692432404,-0.67138206958770752,-0.49617579579353333,8
-0.23971767723560333,0.70869123935699463,-0.70677763223648071,-0.037573996931314468,0.016196638345718384,0.034061826765537262,0.26236206293106079,0.39485606551170349,0.14298547804355621,8
0.043949715793132782,0.70713347196578979,-0.69958269596099854,-0.029184604063630104,0.012839857488870621,0.027050936594605446,-0.046404503285884857,0.42863443493843079,-0.12554877996444702,8
0.25610435009002686,0.68036752939224243,-0.69939994812011719,-0.027863562107086182,-0.022530261427164078,0.0058451937511563301,-0.46167659759521484,-0.015325973741710186,-0.34272634983062744,8
0.51902014017105103,0.51560968160629272,-0.68719863891601562,-0.062538087368011475,0.00055563414935022593,0.036703605204820633,-1.1864303350448608,-0.19916372001171112,0.17114347219467163,8
0.71629887819290161,0.53915870189666748,-0.69027507305145264,0.027496278285980225,-0.037052348256111145,-0.05068540945649147,0.028124356642365456,-0.41099682450294495,-0.60280865430831909,8
0.92800003290176392,0.58433991670608521,-0.55659538507461548,0,-0.042829088866710663,-0.0027166293002665043,0,1.4140468835830688,-1.1091328859329224,8
-0.92800003290176392,0.63682550191879272,-0.37246078252792358,0,0.014782296493649483,-0.032639093697071075,0,0.75919175148010254,-0.10157670080661774,8
-0.6897239089012146,0.53708130121231079,-0.51655960083007812,-0.012971989810466766,-0.0049205357208848,-0.021446751430630684,0.25755652785301208,0.11499654501676559,0.11609885096549988,8
-0.50250273942947388,0.83871233463287354,-0.49639928340911865,0.050733238458633423,-0.045489061623811722,0.017665857449173927,0.79950225353240967,-0.70814651250839233,0.82408064603805542,8
-0.35876020789146423,0.69695228338241577,-0.48504745960235596,-0.0084698665887117386,-0.0015815575607120991,-0.0035779038444161415,0.29832258820533752,1.0382233858108521,0.69946384429931641,8
-0.088955819606781006,0.66632169485092163,-0.54930293560028076,-0.013372664339840412,-0.054915420711040497,-0.015018263831734657,-0.3504035472869873,0.099238820374011993,0.48663365840911865,8
0.18032805621623993,0.80684995651245117,-0.52814322710037231,0.057773154228925705,0.046359606087207794,-0.061781376600265503,-0.25236958265304565,0.068389512598514557,-0.37916162610054016,8
0.33105352520942688,0.7432783842086792,-0.50039529800415039,-0.0077487747184932232,0.011193592101335526,0.058660741895437241,-0.20329840481281281,0.06705639511346817,0.589638352394104,8
0.51589280366897583,0.85045695304870605,-0.55574297904968262,-0.017560739070177078,0.022155396640300751,-0.018524192273616791,0.27348029613494873,0.21182098984718323,0.064108371734619141,8
0.67472964525222778,0.51508802175521851,-0.5037345290184021,-0.026524661108851433,-0.0087424498051404953,0.057244729250669479,-0.42568114399909973,0.062960498034954071,0.60658174753189087,8
0.92800003290176392,0.66127407550811768,-0.38411208987236023,0,-0.11257750540971756,-0.011323501355946064,0,0.29336479306221008,-0.43323212862014771,8
-0.92800003290176392,0.81448078155517578,-0.22682099044322968,0,-0.054795671254396439,0.12782804667949677,0,-0.22220736742019653,-0.36441695690155029,8
-0.68906587362289429,0.66669213771820068,-0.33289298415184021,0.029680408537387848,0.025064816698431969,0.053773496299982071,0.51388037204742432,-0.4167335033416748,0.067129209637641907,8
-0.51283073425292969,0.71265280246734619,-0.34210664033889771,-0.042323697358369827,-0.05150672048330307,-0.063162066042423248,-0.35658133029937744,0.0078786537051200867,-0.38163384795188904,8
-0.30106478929519653,0.83844614028930664,-0.32796353101730347,0.060757659375667572,0.043689843267202377,0.1188172847032547,0.50867688655853271,1.22479248046875,0.25291979312896729,8
-0.14800521731376648,0.72416454553604126,-0.35329514741897583,0.056509401649236679,0.1246098205447197,0.18056358397006989,0.45301076769828796,2.1391148567199707,0.55571925640106201,8
-0.0036116717383265495,0.84596353769302368,-0.45975115895271301,-0.061125658452510834,0.04000365361571312,-0.035638399422168732,-0.1452934592962265,-0.43687281012535095,-0.44101408123970032,8
0.35387915372848511,0.84904485940933228,-0.35205525159835815,0.010817026719450951,-0.028476575389504433,-0.0046239621005952358,-0.51726311445236206,-0.19494584202766418,0.55561858415603638,8
0.5104525089263916,0.74406647682189941,-0.40069690346717834,-0.0060983616858720779,0.0097087854519486427,-0.013912898488342762,0.34478336572647095,-0.04414873942732811,-0.22767718136310577,8
0.70439708232879639,0.66106003522872925,-0.3908379077911377,0.050257083028554916,-0.033898293972015381,-0.021813265979290009,0.43442776799201965,0.56829309463500977,-0.056345384567975998,8
0.92800003290176392,0.84970194101333618,-0.20886623859405518,0,0.037110421806573868,0.12981621921062469,0,0.62857788801193237,0.075657956302165985,8
-0.92800003290176392,0.86978113651275635,-0.069749072194099426,0,-0.026279645040631294,0.078684642910957336,0,0.40205791592597961,-0.36697378754615784,8
-0.69714272022247314,0.68180781602859497,-0.13664840161800385,0.034012526273727417,-0.030638467520475388,0.058740615844726562,0.39566409587860107,0.33199968934059143,0.22484554350376129,8
-0.52895736694335938,0.81163358688354492,0.006488339975476265,0.042703434824943542,0.079887047410011292,0.0765228271484375,0.27298381924629211,-0.14346307516098022,0.83379310369491577,8
-0.46071663498878479,0.72419589757919312,-0.13351984322071075,0.066486090421676636,0.0084617594256997108,0.015825508162379265,-1.365578293800354,0.74861598014831543,-0.47126984596252441,8
-0.13064323365688324,0.94605618715286255,-0.051599450409412384,-0.059685975313186646,0.89509040117263794,-0.12587076425552368,0.48648741841316223,-4.6495680809020996,-1.2339605093002319,8
0.062580026686191559,0.84507030248641968,-0.13889673352241516,-0.014855802059173584,-0.068484470248222351,-0.03864576667547226,-4.4852724075317383,-1.4848136901855469,1.5261207818984985,8
0.4125906229019165,0.69386821985244751,-0.15404950082302094,-0.055409498512744904,-0.077398478984832764,-0.030091367661952972,-0.68566101789474487,-0.11787078529596329,2.0284203856135719e-05,8
0.57806563377380371,0.67987310886383057,-0.063558943569660187,-0.015284782275557518,-0.0025629517622292042,-0.0027152909897267818,0.64937889575958252,1.0248854160308838,-0.19218471646308899,8
0.71085309982299805,0.70857024192810059,-0.19546797871589661,0.013039473444223404,0.010603860020637512,-0.020630136132240295,0.16208371520042419,0.30874750018119812,1.1302351951599121,8
0.92800003290176392,0.63459426164627075,-0.0048805978149175644,0,-0.00046150991693139076,-0.016768187284469604,0,0.8382258415222168,-0.32322922348976135,8
-0.92800003290176392,0.65245437622070312,0.08214973658323288,0,-0.094507217407226562,0.030011456459760666,0,1.1053744554519653,-0.18469925224781036,8
-0.70660746097564697,0.67360854148864746,0.12094993144273758,-0.0010635601356625557,-0.010012270882725716,-0.044964905828237534,0.35370776057243347,-0.30600225925445557,0.28219252824783325,8
-0.50194823741912842,0.70134651660919189,0.18714617192745209,0.0055007757619023323,0.0014788011321797967,-0.0057397992350161076,-0.034697752445936203,0.1947949230670929,0.83662784099578857,8
-0.36723670363426208,0.75672221183776855,0.036720667034387589,0.23241585493087769,0.082404568791389465,0.0070482431910932064,0.30299660563468933,3.2149367332458496,0.5070158839225769,8
-0.045010268688201904,0.81752359867095947,0.14996583759784698,-0.022883294150233269,-0.073729835450649261,0.095502898097038269,-1.3280311822891235,2.0342111587524414,-3.4668581485748291,8
0.12888184189796448,0.79406338930130005,0.051036510616540909,-0.046458415687084198,0.15168841183185577,-0.083875343203544617,-0.84921306371688843,2.3933854103088379,-0.18322861194610596,8
0.45651450753211975,0.8479839563369751,0.014618770219385624,0.021533133462071419,-0.0079295504838228226,-0.0053936345502734184,0.33179560303688049,0.37289765477180481,0.103380486369133,8
0.50786066055297852,0.70753693580627441,0.14376784861087799,-0.019606435671448708,0.0021336795762181282,-0.023619949817657471,-0.41879713535308838,0.067532166838645935,0.23413783311843872,8
0.70698010921478271,0.68527704477310181,0.10304134339094162,0.072848819196224213,0.047578640282154083,-0.013930125162005424,0.091736458241939545,-0.066726543009281158,0.32905110716819763,8
0.92800003290176392,0.86170029640197754,-0.004997587762773037,0,0.0010792096145451069,0.11110655963420868,0,-0.58175474405288696,0.59731650352478027,8
-0.92800003290176392,0.80448395013809204,0.1483389139175415,0,0.22514945268630981,-0.15322619676589966,0,-0.85567915439605713,0.44408124685287476,8
-0.70275676250457764,0.68782871961593628,0.34622299671173096,0.0075113135389983654,-0.010033821687102318,-0.041765842586755753,0.749409019947052,0.17886008322238922,0.068706013262271881,8
-0.50307267904281616,0.69465696811676025,0.383646160364151,-0.030144989490509033,-0.033642981201410294,-0.0046698590740561485,-0.01747671514749527,0.17272050678730011,-0.77734512090682983,8
-0.33742755651473999,0.84177350997924805,0.35510659217834473,-0.0349697545170784,-0.0056351758539676666,-0.034502025693655014,-1.1489715576171875,-0.93494534492492676,-0.87350636720657349,8
-0.062903158366680145,0.84135258197784424,0.40688619017601013,-0.019351659342646599,0.0034670154564082623,-0.024055320769548416,0.69753307104110718,-2.2110295295715332,-0.072104200720787048,8
0.16450715065002441,0.84367465972900391,0.43318957090377808,0.10253548622131348,-0.011943879537284374,0.089949309825897217,-0.074608542025089264,0.18746083974838257,0.67513924837112427,8
0.28291675448417664,0.87723064422607422,0.26244094967842102,0.026688519865274429,-0.037098489701747894,-0.031820502132177353,0.22268626093864441,0.5234912633895874,0.42048710584640503,8
0.51820296049118042,0.67970007658004761,0.39235609769821167,0.0052589187398552895,-0.064922653138637543,-0.013901934027671814,0.6567341685295105,-1.4755532741546631,0.046081408858299255,8
0.70184117555618286,0.68468844890594482,0.32043400406837463,-0.039942216128110886,-0.019154375419020653,-0.049419626593589783,-0.6501430869102478,-0.15951918065547943,0.28084996342658997,8
0.92800003290176392,0.8541717529296875,0.20643414556980133,0,0.017320293933153152,0.012075730599462986,0,0.29192468523979187,-0.90947592258453369,8
-0.92800003290176392,0.70616590976715088,0.42450779676437378,0,-0.0029255654662847519,0.028164606541395187,0,-0.72609567642211914,0.033054202795028687,8
-0.69195574522018433,0.51646280288696289,0.50427353382110596,-0.006363272201269865,0.0046810675412416458,-0.021564904600381851,-0.30763322114944458,0.2165168970823288,-1.029138445854187,8
-0.51749801635742188,0.85097455978393555,0.51813554763793945,-0.012500455603003502,-0.053756184875965118,0.0067369709722697735,-0.338295578956604,-0.66856181621551514,-1.3091001510620117,8
-0.3643069863319397,0.7124219536781311,0.51506853103637695,-0.031372226774692535,-0.014665806666016579,-0.0081663792952895164,-0.0095978928729891777,-0.79114770889282227,-0.73129487037658691,8
-0.025067323818802834,0.74373811483383179,0.55399894714355469,0.029021658003330231,-0.056756123900413513,-0.085453592240810394,0.72260010242462158,-0.6485406756401062,-1.5149866342544556,8
0.20124553143978119,0.7621578574180603,0.55345135927200317,-0.047002967447042465,-0.0082370378077030182,-0.043098572641611099,0.048147883266210556,0.53469294309616089,-1.0892186164855957,8
0.37635275721549988,0.70754367113113403,0.51155239343643188,-0.0024689310230314732,0.021141141653060913,-0.021521009504795074,0.65181422233581543,-0.2103588879108429,-0.074260696768760681,8
0.48410287499427795,0.85389047861099243,0.48436936736106873,0.037106432020664215,-0.0099463695660233498,-0.013539250940084457,-0.1287534087896347,-0.98929363489151001,0.17764995992183685,8
0.68924063444137573,0.54295748472213745,0.50961017608642578,-0.031693421304225922,-0.045838415622711182,-0.072610616683959961,-0.94973653554916382,0.13727612793445587,-0.3784240186214447,8
0.92800003290176392,0.68624359369277954,0.38019216060638428,0,-0.057327680289745331,0.023464497178792953,0,-1.3589167594909668,0.30454933643341064,8
-0.92800003290176392,0.59898972511291504,0.53759664297103882,0,-0.062233917415142059,0.01648818701505661,0,-0.12126389145851135,-0.37956255674362183,8
-0.71872526407241821,0.53786563873291016,0.68993067741394043,0.01145628560334444,-0.055526591837406158,0.018511220812797546,0.51563179492950439,-0.16532754898071289,-0.21374835073947906,8
-0.51813089847564697,0.53594297170639038,0.68456727266311646,0.017900640144944191,-0.03279288113117218,0.016776258125901222,-0.65202122926712036,-0.18812549114227295,-0.73601293563842773,8
-0.34871205687522888,0.64889031648635864,0.69803839921951294,0.022535365074872971,-0.069513119757175446,-0.018062733113765717,-0.19467566907405853,-0.21172049641609192,-0.99201250076293945,8
-0.15805740654468536,0.63729172945022583,0.69699019193649292,0.041623011231422424,0.0054094856604933739,-0.020133271813392639,0.17501211166381836,-1.2252324819564819,-0.19894982874393463,8
0.068526104092597961,0.64209640026092529,0.69635301828384399,0.027059907093644142,-0.02209613099694252,-0.0030341236852109432,0.26132139563560486,-0.85918229818344116,-0.28307372331619263,8
0.30231755971908569,0.67371541261672974,0.7103915810585022,-0.0054555442184209824,0.0003716961364261806,0.0052690738812088966,0.53586357831954956,-0.20361633598804474,-0.63953244686126709,8
0.52141952514648438,0.61364871263504028,0.68716418743133545,-0.013866620138287544,0.039855360984802246,-0.02791190892457962,0.4348360002040863,0.091445997357368469,-0.76829361915588379,8
0.69649088382720947,0.52454221248626709,0.70549184083938599,-0.039400666952133179,-0.024236986413598061,-0.012243497185409069,-0.99248379468917847,0.51380801200866699,-0.89894533157348633,8
0.92800003290176392,0.57474756240844727,0.56142920255661011,0,-0.20042809844017029,-0.078389614820480347,0,1.0882172584533691,-1.0529937744140625,8
-0.92800003290176392,0.42177581787109375,0.92800003290176392,0,0.012620460242033005,0,0,-0.0098898066207766533,0,8
-0.55492448806762695,0.56654244661331177,0.92800003290176392,-0.0039686155505478382,-0.062124140560626984,0,-0.26072362065315247,-0.18235287070274353,0,8
-0.401569664478302,0.67691284418106079,0.92800003290176392,0.034674163907766342,-0.026193119585514069,0,1.3942551612854004,0.4528118371963501,0,8
-0.16381354629993439,0.86268961429595947,0.92800003290176392,-0.0065568885765969753,0.016545610502362251,0,-0.024440901353955269,-0.38346338272094727,0,8
0.0030769840814173222,0.65035414695739746,0.92800003290176392,-0.031562883406877518,0.00062450114637613297,0,-0.26807525753974915,0.93571674823760986,0,8
0.15027329325675964,0.76207715272903442,0.92800003290176392,0.06951410323381424,0.02817176841199398,0,-1.0977778434753418,-0.28971236944198608,0,8
0.21339313685894012,0.85964131355285645,0.92800003290176392,-0.076447688043117523,0.03902624174952507,0,-0.43218901753425598,0.39053675532341003,0,8
0.36967176198959351,0.65390819311141968,0.92800003290176392,0.023033177480101585,-0.02454831637442112,0,0.02515554241836071,0.20224285125732422,0,8
0.56492733955383301,0.61025530099868774,0.92800003290176392,-0.015425898134708405,-0.034763384610414505,0,-0.22925975918769836,-0.23539125919342041,0,8
0.92800003290176392,0.42238128185272217,0.92800003290176392,0,-0.006684313528239727,0,0,-0.13823823630809784,0,8
-0.92800003290176392,0.42009419202804565,-0.92800003290176392,0,0.0092940498143434525,0,0,0.23439477384090424,0,8
-0.7111508846282959,0.62247896194458008,-0.92800003290176392,-0.0023907218128442764,-0.013102843426167965,0,-0.237547367811203,0.04226292297244072,0,8
-0.47661218047142029,0.84671908617019653,-0.92800003290176392,0.048294767737388611,-0.024015506729483604,0,-0.021073555573821068,-0.37169218063354492,0,8
-0.24109518527984619,0.63738882541656494,-0.92800003290176392,-0.011008800007402897,0.041376162320375443,0,0.0055367215536534786,0.22163639962673187,0,8
-0.11374985426664352,0.72618651390075684,-0.92800003290176392,0.043441973626613617,0.011763806454837322,0,0.43723490834236145,0.0884581059217453,0,8
0.0032609866466373205,0.84698343276977539,-0.92800003290176392,0.030565913766622543,0.0025838213041424751,0,-0.31693828105926514,0.074355356395244598,0,8
0.24081051349639893,0.59062397480010986,-0.92800003290176392,0.0045084524899721146,-0.0062850830145180225,0,0.28388035297393799,-0.48068821430206299,0,8
0.526264488697052,0.85497915744781494,-0.92800003290176392,-0.014546232298016548,0.090044215321540833,0,0.028222480788826942,0.26546916365623474,0,8
0.70395618677139282,0.70815372467041016,-0.92800003290176392,0.0033068656921386719,0.0032457734923809767,0,0.010368301533162594,-0.5847477912902832,0,8
0.92800003290176392,0.41908609867095947,-0.92800003290176392,0,0.009831942617893219,0,0,-0.080574981868267059,0,8
-0.92800003290176392,0.65590190887451172,-0.71102428436279297,0,-0.074634283781051636,-0.0290641188621521,0,-0.059812363237142563,0.31311312317848206,8
-0.69450044631958008,0.70476603507995605,-0.69508308172225952,-0.01718476228415966,0.0018077732529491186,-0.022476093843579292,0.15436430275440216,0.15208680927753448,0.37326651811599731,8
-0.63480794429779053,0.97707796096801758,-0.92800003290176392,0.0051536927931010723,-0.0090931355953216553,0,-0.012556970119476318,-0.1980271190404892,0,8
-0.53771626949310303,0.78861582279205322,-0.70756196975708008,-0.047081772238016129,-0.026273725554347038,-0.017260810360312462,-0.0053026149980723858,-0.33815920352935791,0.048021819442510605,8
-0.09708210825920105,0.84589767456054688,-0.7005799412727356,-0.008648858405649662,-0.041845347732305527,0.00078534334897994995,0.010499925352632999,-0.16328303515911102,-0.31035897135734558,8
0.12500032782554626,0.86234056949615479,-0.67851167917251587,-0.03582381084561348,-0.042920716106891632,-0.01338226068764925,-0.56615656614303589,-0.62939012050628662,-0.45977428555488586,8
0.49896013736724854,0.71653139591217041,-0.70499193668365479,0.0066437264904379845,-0.034274592995643616,-0.004202558659017086,-0.59967124462127686,0.66062980890274048,0.37924334406852722,8
0.58700597286224365,1.0228886604309082,-0.92800003290176392,0.042149379849433899,0.054952725768089294,0,0.1264282613992691,0.40501746535301208,0,8
0.69454604387283325,0.70169764757156372,-0.70040154457092285,-0.025107830762863159,-0.013212550431489944,-0.01751689612865448,0.35636374354362488,1.0245646238327026,-0.070028729736804962,8
0.92800003290176392,0.66242271661758423,-0.71327894926071167,0,-0.054936904460191727,-0.027090415358543396,0,-0.648171067237854,0.44143190979957581,8
-0.92800003290176392,0.73746931552886963,-0.5562748908996582,0,0.14710202813148499,-0.0045211310498416424,0,0.22083474695682526,0.61600947380065918,8
-0.92800003290176392,1.030266284942627,-0.57373762130737305,0,-0.042829148471355438,0.022133102640509605,0,-0.25377953052520752,-0.0033807007130235434,8
-0.69147217273712158,0.89551413059234619,-0.68486618995666504,-0.011771942488849163,-0.040566280484199524,-0.029944300651550293,-0.26217752695083618,-0.48704677820205688,0.027429943904280663,8
-0.36352333426475525,0.87250274419784546,-0.69181066751480103,-0.002446081256493926,-0.034681446850299835,0.025238081812858582,0.49033045768737793,-0.37385895848274231,0.022234728559851646,8
-0.23390717804431915,0.86134046316146851,-0.52656793594360352,-0.074422925710678101,-0.064436823129653931,0.013566059060394764,-0.47083225846290588,-0.37177416682243347,0.48114380240440369,8
0.28238162398338318,1.0489233732223511,-0.52637612819671631,0.023343108594417572,-0.025717765092849731,-0.033310838043689728,0.47580447793006897,-0.1435188502073288,-0.7312811017036438,8
0.3650471568107605,0.86844742298126221,-0.69301730394363403,0.0073840492404997349,-0.0021957291755825281,-0.040561329573392868,-0.03463258221745491,0.22418974339962006,-0.24703836441040039,8
0.6866726279258728,0.8973623514175415,-0.70017886161804199,0.010180894285440445,-0.081049151718616486,-0.020768061280250549,-0.15641094744205475,-0.76882565021514893,0.16602268815040588,8
0.92800003290176392,1.0160531997680664,-0.61000686883926392,0,-0.17474356293678284,0.10536260157823563,0,2.0843198299407959,-0.27784377336502075,8
0.92800003290176392,0.74313652515411377,-0.53374844789505005,0,0.14680001139640808,-0.063703998923301697,0,0.79150038957595825,-0.14680097997188568,8
-0.92800003290176392,0.67078709602355957,-0.19620645046234131,0,-0.083724915981292725,0.045594803988933563,0,-1.3869649171829224,-0.89477258920669556,8
-0.70147985219955444,0.76596683263778687,-0.51421552896499634,0.00010703178122639656,0.015238613821566105,0.033785447478294373,0.28115421533584595,-0.21438087522983551,-0.50532734394073486,8
-0.69993209838867188,0.85457754135131836,-0.33549466729164124,-0.03465772420167923,-0.034050974994897842,0.052872098982334137,0.36828058958053589,-0.19477413594722748,0.24751602113246918,8
-0.41541287302970886,1.0753974914550781,-0.50937235355377197,-0.027352370321750641,-0.037007465958595276,-0.051717899739742279,-0.1392977237701416,-0.69339865446090698,-0.30536064505577087,8
-0.11995750665664673,0.84624147415161133,-0.27103233337402344,0.032417751848697662,-0.12729763984680176,-0.035683497786521912,0.36550280451774597,-0.14085330069065094,3.302236795425415,8
0.15721806883811951,0.85769277811050415,-0.3150888979434967,0.0089558074250817299,-0.037614911794662476,0.058763682842254639,-0.080275356769561768,-1.0147100687026978,0.91556137800216675,8
0.45939549803733826,1.0592935085296631,-0.43689224123954773,0.018903873860836029,-0.01419918704777956,0.010386213660240173,0.70393776893615723,-0.23770037293434143,-0.3757898211479187,8
0.6874428391456604,0.8709646463394165,-0.32461589574813843,0.012902325019240379,0.016671398654580116,0.043907016515731812,0.51586610078811646,-0.65151047706604004,0.28953361511230469,8
0.70448052883148193,0.79774141311645508,-0.52047741413116455,-0.0047840443439781666,-0.032878831028938293,0.0068898284807801247,-0.28655931353569031,-0.77720886468887329,0.44195100665092468,8
0.92800003290176392,0.6436086893081665,-0.20814695954322815,0,0.046041019260883331,0.034163951873779297,0,-1.4519809484481812,-0.61533695459365845,8
-0.92800003290176392,0.70182937383651733,-0.10135447233915329,0,-0.056539114564657211,-0.064866058528423309,0,0.57830756902694702,1.5795859098434448,8
-0.70475226640701294,0.86181032657623291,-0.10963837057352066,-0.064648792147636414,-0.0026604090817272663,-0.027396939694881439,-0.43304809927940369,-1.117286205291748,-0.29706531763076782,8
-0.51640325784683228,0.91630458831787109,-0.24317879974842072,0.0075388825498521328,-0.057213097810745239,-0.020769312977790833,0.22249093651771545,-1.3396902084350586,-0.33854827284812927,8
-0.33101451396942139,0.83650010824203491,-0.11365999281406403,-0.20648789405822754,-0.0076044145971536636,0.050987973809242249,2.1225857734680176,2.624859094619751,1.287448525428772,8
-0.34793972969055176,1.067324161529541,-0.28092816472053528,-0.03729257732629776,0.00086341588757932186,0.10704278945922852,-0.78896009922027588,0.48784485459327698,1.5115756988525391,8
0.26649042963981628,1.0817190408706665,-0.2036864310503006,0.064494960010051727,0.053025126457214355,0.043749000877141953,1.7875603437423706,0.95984286069869995,0.80980950593948364,8
0.27367627620697021,0.85317659378051758,-0.11805335432291031,-0.020754190161824226,-0.047366909682750702,0.036301031708717346,1.0220887660980225,-0.57207953929901123,-0.14698649942874908,8
0.51650732755661011,0.85101288557052612,-0.21097846329212189,-0.010159938596189022,-0.047139812260866165,0.037582952529191971,-0.26023554801940918,-0.25850558280944824,1.3942497968673706,8
0.69545269012451172,0.86740952730178833,-0.055022131651639938,-0.053884517401456833,0.026247214525938034,0.021393518894910812,0.0027422232087701559,0.59857803583145142,0.22540140151977539,8
0.92800003290176392,0.76363259553909302,-0.1283908486366272,0,0.029307801276445389,-0.16446956992149353,0,-0.20349326729774475,-0.60588103532791138,8
-0.92800003290176392,0.85865211486816406,0.12415863573551178,0,0.0088219791650772095,0.074165523052215576,0,-0.56318473815917969,0.042657848447561264,8
-0.70626330375671387,0.85123664140701294,0.11972983181476593,-0.0075372853316366673,-0.079109236598014832,0.020903179422020912,1.2229272127151489,0.18518349528312683,0.95468813180923462,8
-0.53171801567077637,0.90381520986557007,0.2519700825214386,-0.0041268612258136272,-0.084574975073337555,0.0046251458115875721,0.41279831528663635,-0.32292139530181885,0.90124607086181641,8
-0.28912904858589172,0.84778785705566406,0.16559332609176636,0.055783364921808243,-0.033808507025241852,-0.03868219256401062,0.55415439605712891,1.7015658617019653,-1.4935803413391113,8
-0.30613353848457336,1.0645251274108887,0.29689270257949829,0.1114758774638176,-0.058660015463829041,-0.050323240458965302,0.54112601280212402,-0.22969900071620941,-1.0448888540267944,8
0.20770007371902466,1.0799540281295776,0.26740163564682007,0.027913657948374748,-0.041192129254341125,0.037991195917129517,0.099644392728805542,0.10782848298549652,0.53239613771438599,8
0.2375822514295578,1.0027065277099609,0.042316451668739319,0.025380237028002739,0.040297925472259521,-0.037151489406824112,0.5672881007194519,-0.32900387048721313,1.3348735570907593,8
0.48612722754478455,0.85153865814208984,0.24955947697162628,-0.0253908671438694,-0.027177715674042702,0.005523990374058485,-0.0065532508306205273,-0.12390195578336716,0.051578037440776825,8
0.68413746356964111,0.87571591138839722,0.13645447790622711,0.017280494794249535,0.026939988136291504,5.201948806643486e-05,-0.023944022133946419,0.56909722089767456,-0.84990376234054565,8
0.92800003290176392,0.74244111776351929,0.12147436290979385,0,0.038032166659832001,0.058440428227186203,0,-0.5412096381187439,1.4652435779571533,8
-0.92800003290176392,0.6272774338722229,0.28815737366676331,0,0.14303815364837646,0.031961116939783096,0,-0.33241909742355347,-1.2955396175384521,8
-0.70193773508071899,0.75333011150360107,0.53790569305419922,0.016403902322053909,-0.045582808554172516,0.028819939121603966,0.12154480069875717,-0.59024012088775635,-0.57779699563980103,8
-0.70885169506072998,0.86509281396865845,0.36595523357391357,0.041464533656835556,0.064059898257255554,0.036808941513299942,0.96791934967041016,-0.13973593711853027,-0.56196153163909912,8
-0.48671123385429382,1.0782628059387207,0.41440317034721375,-0.041266769170761108,-0.039493836462497711,0.010908030904829502,-0.43538942933082581,-1.1549860239028931,-0.26521903276443481,8
-0.12675034999847412,1.0230041742324829,0.24896937608718872,-0.068409144878387451,0.013185681775212288,-0.038651332259178162,1.1251757144927979,-0.79942804574966431,-0.65692639350891113,8
0.08675171434879303,1.0659520626068115,0.22974294424057007,-0.062509924173355103,-0.053991921246051788,0.04776054248213768,-0.58174192905426025,-0.021558811888098717,0.70544356107711792,8
0.42516133189201355,1.0681139230728149,0.42774695158004761,-0.12535049021244049,-0.031011082231998444,-0.0039891190826892853,-0.91191971302032471,-0.55827605724334717,-0.1190110445022583,8
0.68809324502944946,0.88051706552505493,0.34750247001647949,-0.007561088539659977,-0.040867302566766739,0.06508076936006546,-0.10229377448558807,-1.6006560325622559,-0.2927916944026947,8
0.69678723812103271,0.78437352180480957,0.51934701204299927,0.0069403545930981636,-0.084743782877922058,0.0038056180346757174,-0.40678158402442932,-0.61730855703353882,-0.23449417948722839,8
0.92800003290176392,0.63287186622619629,0.22777993977069855,0,0.13689592480659485,0.0091568548232316971,0,-0.67546600103378296,-0.90923678874969482,8
-0.92800003290176392,0.77754414081573486,0.59854429960250854,0,-0.036450404673814774,0.050569474697113037,0,-0.18467243015766144,0.14855390787124634,8
-0.92800003290176392,1.0166556835174561,0.60305249691009521,0,0.0046948720701038837,0.045805677771568298,0,0.015138065442442894,0.30439314246177673,8
-0.70226699113845825,0.88704997301101685,0.69416427612304688,-0.011782577261328697,-0.016472924500703812,-0.032973416149616241,0.17552274465560913,-0.8786126971244812,0.0076275314204394817,8
-0.31768074631690979,0.86429017782211304,0.69258558750152588,-0.0032036388292908669,-0.044414214789867401,-0.043647192418575287,-1.2796198129653931,-1.5211499929428101,0.057805400341749191,8
-0.2232612669467926,0.84319323301315308,0.52114236354827881,-0.0017301299376413226,-0.08863481879234314,0.076707944273948669,-0.52778589725494385,-2.0041422843933105,-0.9512406587600708,8
0.26879853010177612,1.0377861261367798,0.51910871267318726,-0.0022298898547887802,0.0019163331016898155,-0.015421701595187187,-0.14823067188262939,-1.2647031545639038,-0.1477423757314682,8
0.33224862813949585,0.87405449151992798,0.6740836501121521,0.0097320806235074997,-0.0062406770884990692,-0.030050946399569511,-0.072217352688312531,-0.016768317669630051,-0.53844082355499268,8
0.69472205638885498,0.88998168706893921,0.68119513988494873,-0.017859725281596184,-0.084782473742961884,0.0019401132594794035,-0.070924028754234314,-1.3060473203659058,0.10828782618045807,8
0.92800003290176392,1.0371639728546143,0.59093660116195679,0,-0.06730961799621582,0.011287426576018333,0,-0.80581647157669067,-1.092182993888855,8
0.92800003290176392,0.68978047370910645,0.52636665105819702,0,-0.00061173876747488976,0.025146294385194778,0,0.25548267364501953,0.25620526075363159,8
-0.92800003290176392,0.63738828897476196,0.71504676342010498,0,-0.0035877972841262817,-0.0048203673213720322,0,-0.16625252366065979,0.16869358718395233,8
-0.66512846946716309,0.71085959672927856,0.71700537204742432,-0.033016674220561981,0.021381944417953491,-0.020180417224764824,0.19007539749145508,0.34950661659240723,0.18348006904125214,8
-0.63304620981216431,0.96975797414779663,0.92800003290176392,-0.011599150486290455,-0.070761010050773621,0,0.16128924489021301,0.1059345081448555,0,8
-0.49815988540649414,0.79188096523284912,0.7086150050163269,-0.028059115633368492,-0.020114034414291382,0.024462152272462845,-1.1420590877532959,-0.65329062938690186,0.042583305388689041,8
-0.10632385313510895,0.84447985887527466,0.7047123908996582,0.02328488789498806,-0.033334050327539444,-0.061855055391788483,1.1730353832244873,-0.80814999341964722,0.060188990086317062,8
0.11272443830966949,0.85624313354492188,0.68717396259307861,-0.0035167646128684282,-0.022423055022954941,-0.00090612540952861309,0.63045769929885864,-0.10954605042934418,-0.41784223914146423,8
0.52143102884292603,0.81784498691558838,0.70322591066360474,-0.011314804665744305,0.0081341080367565155,0.0063096135854721069,0.44876563549041748,-0.5688929557800293,-0.56212973594665527,8
0.57541006803512573,1.0555166006088257,0.92800003290176392,-0.062875017523765564,-0.010405024513602257,0,-0.39120575785636902,-0.033223319798707962,0,8
0.71573042869567871,0.72094815969467163,0.67846310138702393,0.021814068779349327,-0.06201133131980896,-0.056768149137496948,-0.83595830202102661,0.56640273332595825,-0.23534907400608063,8
0.92800003290176392,0.69303059577941895,0.70709669589996338,0,-0.014237171038985252,-0.045109644532203674,0,-0.9870031476020813,-0.24572005867958069,8
-0.92800003290176392,0.42177581787109375,0.92800003290176392,0,0.012620460242033005,0,0,-0.0098898066207766533,0,8
-0.70792478322982788,0.66429394483566284,0.92800003290176392,-0.0095172077417373657,-0.019913563504815102,0,-0.42237496376037598,-0.39796918630599976,0,8
-0.53804969787597656,0.71234965324401855,0.92800003290176392,0.0068058674223721027,-0.011388049460947514,0,-0.019105624407529831,0.82668966054916382,0,8
-0.23237130045890808,0.63903170824050903,0.92800003290176392,0.03076603077352047,0.058505982160568237,0,0.48775017261505127,0.43528652191162109,0,8
-0.12639150023460388,0.73666894435882568,0.92800003290176392,-0.025447707623243332,0.027314096689224243,0,-0.24550235271453857,-0.19987988471984863,0,8
0.025526510551571846,0.85916894674301147,0.92800003290176392,-0.02140895277261734,-0.026936884969472885,0,-0.017963310703635216,-0.198158860206604,0,8
0.20238573849201202,0.62330609560012817,0.92800003290176392,0.023351440206170082,0.053616605699062347,0,-0.12376868724822998,-0.23099607229232788,0,8
0.51042646169662476,0.74380302429199219,0.92800003290176392,0.10530946403741837,0.051820173859596252,0,-0.27873492240905762,-0.40417265892028809,0,8
0.71840459108352661,0.66748338937759399,0.92800003290176392,-0.0034854551777243614,0.0017381291836500168,0,-0.27801793813705444,-0.41181987524032593,0,8
0.92800003290176392,0.42238128185272217,0.92800003290176392,0,-0.006684313528239727,0,0,-0.13823823630809784,0,8
-0.92800003290176392,0.58358895778656006,-0.92800003290176392,0,-0.00044416188029572368,0,0,-0.0090399952605366707,0,8
-0.72755730152130127,0.83749252557754517,-0.92800003290176392,0.010061340406537056,-0.0074099833145737648,0,0.043459299951791763,-0.11110399663448334,0,8
-0.60348469018936157,0.77250242233276367,-0.92800003290176392,-0.0034659053198993206,-0.0057523883879184723,0,0.024148778989911079,0.1073211282491684,0,8
-0.32084181904792786,0.84764140844345093,-0.92800003290176392,0.0025374051183462143,-0.0041160327382385731,0,-0.094802349805831909,-0.034654367715120316,0,8
-0.071653768420219421,1.049472451210022,-0.92800003290176392,0.0073048393242061138,-0.0026776525191962719,0,-0.14203624427318573,-0.025432068854570389,0,8
0.040236674249172211,1.0528956651687622,-0.92800003290176392,-0.00068442814517766237,0.0098538137972354889,0,-0.082923993468284607,0.19188298285007477,0,8
0.34468299150466919,0.83325862884521484,-0.92800003290176392,0.048187620937824249,-0.001476264325901866,0,-0.099520564079284668,-0.20688144862651825,0,8
0.52922528982162476,0.74335241317749023,-0.92800003290176392,0.073791056871414185,-0.12349528819322586,0,-0.2446424812078476,-0.97074323892593384,0,8
0.71248430013656616,0.86736959218978882,-0.92800003290176392,0.02552531473338604,-0.012280387803912163,0,-0.069440156221389771,0.012757004238665104,0,8
0.92800003290176392,0.58214187622070312,-0.92800003290176392,0,0.014392063021659851,0,0,0.47296857833862305,0,8
-0.92800003290176392,0.86350756883621216,-0.70573008060455322,0,-0.0021409085020422935,-0.0063623851165175438,0,-0.19530768692493439,0.051517128944396973,8
-0.92800003290176392,0.76035577058792114,-0.92800003290176392,0,0.008048301562666893,0,0,0.16587328910827637,0,8
-0.92800003290176392,1.1292632818222046,-0.92800003290176392,0,0.0029598954133689404,0,0,0.38799253106117249,0,8
-0.49546253681182861,1.0983330011367798,-0.89067530632019043,0.057275980710983276,-0.038108300417661667,-0.10964914411306381,0.01790318451821804,-0.07038462907075882,-0.38901618123054504,8
-0.28115206956863403,1.0770537853240967,-0.92800003290176392,0.032672122120857239,-0.011077952571213245,0,-0.1561608761548996,0.034117251634597778,0,8
0.24917007982730865,1.0605448484420776,-0.92800003290176392,-0.030626950785517693,0.006039054598659277,0,-0.26411297917366028,0.105185866355896,0,8
0.51230597496032715,1.1053115129470825,-0.83180737495422363,0.0041024335660040379,0.051864959299564362,0.012374920770525932,0.73950350284576416,0.46191111207008362,-0.96317160129547119,8
0.92800003290176392,1.1256618499755859,-0.92800003290176392,0,-0.0080366199836134911,0,0,0.27415910363197327,0,8
0.92800003290176392,0.75728374719619751,-0.92800003290176392,0,0.0031444868072867393,0,0,-0.021588966250419617,0,8
0.92800003290176392,0.85961306095123291,-0.71516251564025879,0,0.026240533217787743,0.063884124159812927,0,0.35978597402572632,-0.61430585384368896,8
-0.92800003290176392,0.81516718864440918,-0.54884570837020874,0,-0.11557338386774063,0.026230020448565483,0,-0.11665663868188858,-0.21540758013725281,8
-0.92800003290176392,1.129273533821106,-0.92800003290176392,0,0.0028158382046967745,0,0,0.38917455077171326,0,8
-0.54112279415130615,1.0638339519500732,-0.53434735536575317,-0.018336830660700798,-0.015270469710230827,-0.022397942841053009,-0.020459944382309914,-0.14200282096862793,-0.20731119811534882,8
-0.53713953495025635,1.0800070762634277,-0.70398002862930298,-0.049012310802936554,-0.024528319016098976,-0.034126508980989456,-0.18812465667724609,-0.20018799602985382,-0.11300492286682129,8
-0.24048809707164764,1.06999671459198,-0.66130745410919189,-0.018524322658777237,-0.036583013832569122,0.04039064422249794,0.013783312402665615,-0.47589090466499329,0.06097957119345665,8
0.22140316665172577,1.0659228563308716,-0.6842009425163269,-0.013045400381088257,0.0021674239542335272,-0.0018259249627590179,-0.13244384527206421,-0.24916848540306091,-0.40397223830223083,8
0.53130120038986206,1.0855753421783447,-0.69316166639328003,0.04243868961930275,0.026834649965167046,0.022015873342752457,0.21791784465312958,0.11374761909246445,0.48169979453086853,8
0.51005047559738159,1.0614826679229736,-0.55002498626708984,0.031529039144515991,-0.013718826696276665,-0.038038391619920731,-0.0092926239594817162,-0.93597137928009033,0.13271580636501312,8
0.92800003290176392,1.125663161277771,-0.92800003290176392,0,-0.0078791249543428421,0,0,0.27127563953399658,0,8
0.92800003290176392,0.85970228910446167,-0.56885677576065063,0,-0.10469642281532288,0.015141619369387627,0,0.44280093908309937,1.6301126480102539,8
-0.92800003290176392,0.84564846754074097,-0.38642945885658264,0,0.0061676627956330776,0.066826209425926208,0,-0.59836584329605103,-0.07596752792596817,8
-0.76443618535995483,1.0964683294296265,-0.56623631715774536,-0.016172334551811218,-0.028596261516213417,-0.026968097314238548,0.20325097441673279,-0.12845741212368011,0.084168888628482819,8
-0.65592128038406372,1.0597413778305054,-0.46936401724815369,-0.00067693623714148998,-0.042981531471014023,-0.0028366204351186752,-0.16498143970966339,-0.22441102564334869,0.10084244608879089,8
-0.41232016682624817,1.0601950883865356,-0.37323656678199768,-0.074264921247959137,-0.021463967859745026,-0.085581079125404358,-0.87004315853118896,-0.65311950445175171,-1.2706832885742188,8
-0.091438665986061096,1.069683313369751,-0.50112247467041016,-0.023161903023719788,-0.027472808957099915,-0.078534528613090515,-0.33780181407928467,-0.11406361311674118,-0.77417677640914917,8
0.13215912878513336,1.0618175268173218,-0.4703308641910553,0.042712382972240448,-0.028795730322599411,-0.067311525344848633,-0.22748830914497375,0.060896087437868118,-0.92696970701217651,8
0.47852617502212524,1.0803549289703369,-0.29335325956344604,0.018217772245407104,-0.036011554300785065,0.021435573697090149,0.63674396276473999,-0.019821634516119957,0.035565309226512909,8
0.66694283485412598,1.0714176893234253,-0.52557331323623657,0.015882730484008789,-0.021509300917387009,-0.022784555330872536,-0.24900314211845398,0.029771680012345314,-0.2745591402053833,8
0.81992673873901367,1.1012320518493652,-0.48627957701683044,0.023745398968458176,-0.051466982811689377,0.018981479108333588,1.3764159679412842,1.138491153717041,-0.7356751561164856,8
0.92800003290176392,0.84884947538375854,-0.38677477836608887,0,-0.12455342710018158,0.10209135711193085,0,-0.45407471060752869,0.86655151844024658,8
-0.92800003290176392,1.0918275117874146,-0.04306015744805336,0,0.11331752687692642,-0.10391978174448013,0,-0.96173930168151855,-0.77024924755096436,8
-0.92800003290176392,1.0561460256576538,-0.25942796468734741,0,0.015796983614563942,0.024048687890172005,0,-0.14371229708194733,-0.54622340202331543,8
-0.71770608425140381,1.0815253257751465,-0.24274885654449463,0.013116206042468548,0.010415449738502502,0.013476789928972721,0.16905355453491211,-0.14029626548290253,-0.32309174537658691,8
-0.49677717685699463,1.0625672340393066,-0.064935214817523956,-0.02425227127969265,-0.011236170306801796,-0.025434022769331932,0.60110372304916382,0.012978146784007549,-0.80376094579696655,8
-0.064879231154918671,1.0903568267822266,-0.20551334321498871,0.06049356609582901,0.1500069797039032,-0.16967836022377014,0.26050752401351929,1.1099528074264526,-1.802362322807312,8
0.098064407706260681,1.0751343965530396,-0.12354817986488342,0.06631942093372345,0.081554785370826721,0.017925666645169258,0.30138415098190308,0.95172518491744995,1.8517659902572632,8
0.44191321730613708,1.0690261125564575,-0.063603624701499939,0.020053142681717873,-0.039502691477537155,-0.011412046849727631,0.66734719276428223,-0.49595651030540466,1.1716209650039673,8
0.64894133806228638,1.0614216327667236,-0.23601146042346954,0.024543303996324539,-0.032186191529035568,-0.014328215271234512,0.35942184925079346,-0.56279313564300537,0.59166276454925537,8
0.92800003290176392,1.0582268238067627,-0.2582421600818634,0,-0.0063976580277085304,-0.063555806875228882,0,0.2911190390586853,0.2230726033449173,8
0.92800003290176392,1.0649257898330688,-0.055570438504219055,0,0.047403894364833832,0.02940068207681179,0,0.22902286052703857,0.26383838057518005,8
-0.92800003290176392,1.0446689128875732,0.070433609187602997,0,-0.051899455487728119,-0.026206256821751595,0,0.070234760642051697,0.21785721182823181,8
-0.92800003290176392,1.0881408452987671,0.29482614994049072,0,-0.024405879899859428,0.083656452596187592,0,-0.21841752529144287,-0.34288150072097778,8
-0.70532375574111938,1.0839656591415405,0.23705723881721497,0.032403614372014999,-0.022152353078126907,0.027842950075864792,0.80702906847000122,-0.83805370330810547,0.33266839385032654,8
-0.47990056872367859,1.0637706518173218,0.10317467898130417,-0.089352279901504517,-0.022774048149585724,0.092225365340709686,-0.85656195878982544,-0.33516734838485718,1.3283030986785889,8
-0.10945578664541245,1.112395167350769,0.0099663631990551949,0.044623810797929764,0.65728741884231567,0.14347383379936218,0.67024433612823486,5.9299068450927734,2.6103296279907227,8
0.042478065937757492,1.0763897895812988,0.005816193763166666,0.20866037905216217,0.1814136803150177,-0.038155872374773026,1.8489627838134766,0.97434097528457642,1.9534647464752197,8
0.47621244192123413,1.0709761381149292,0.061395023018121719,0.026229359209537506,-0.058989007025957108,-0.0087067661806941032,0.54275882244110107,-1.0365961790084839,0.8507649302482605,8
0.63426554203033447,1.0735460519790649,0.24947378039360046,0.0015464348252862692,-0.032533194869756699,-0.024211909621953964,-0.54412961006164551,-0.7900434136390686,-1.56562340259552,8
0.92800003290176392,1.0666376352310181,0.24309045076370239,0,-0.00042347749695181847,0.040712028741836548,0,0.20390459895133972,-0.22006942331790924,8
0.92800003290176392,1.0675534009933472,0.04944002628326416,0,0.059955861419439316,-0.025171076878905296,0,0.3054078221321106,0.24639725685119629,8
-0.92800003290176392,0.8459964394569397,0.30782309174537659,0,-0.084743387997150421,0.0060680555179715157,0,-0.15740743279457092,-0.032169308513402939,8
-0.82904219627380371,1.1095141172409058,0.51947993040084839,-0.038480088114738464,0.027836106717586517,-0.021131157875061035,0.067473985254764557,-0.17855364084243774,-0.04849567636847496,8
-0.67609900236129761,1.0670933723449707,0.5133136510848999,0.020870177075266838,0.013303110376000404,0.046074267476797104,0.1198827251791954,-0.086663007736206055,-0.098320387303829193,8
-0.359029620885849,1.0924637317657471,0.48900049924850464,-0.035981178283691406,-0.038261435925960541,0.071304351091384888,-1.2751239538192749,0.5835031270980835,-0.7690919041633606,8
-0.077845185995101929,1.0611109733581543,0.46401229500770569,0.020676460117101669,-5.11509133502841e-05,-0.026981774717569351,1.1906696557998657,0.76692473888397217,-1.2660825252532959,8
0.077549904584884644,1.0600830316543579,0.48115682601928711,0.062101051211357117,-0.0032478198409080505,0.011460475623607635,1.0855151414871216,-0.23283790051937103,-1.0079379081726074,8
0.45722165703773499,1.0957293510437012,0.29791468381881714,0.046541512012481689,-0.03503166139125824,-0.063811101019382477,-0.081542834639549255,-0.28484141826629639,-0.51345813274383545,8
0.66997808218002319,1.0710686445236206,0.52090126276016235,0.024534329771995544,0.032433945685625076,0.0036376945208758116,0.3063274621963501,-0.18637339770793915,0.92521840333938599,8
0.83487111330032349,1.1053327322006226,0.5297350287437439,-0.049758963286876678,0.001709293108433485,-0.036480523645877838,1.1902679204940796,-0.61919873952865601,-0.086880430579185486,8
0.92800003290176392,0.8502199649810791,0.36009329557418823,0,0.042177177965641022,0.098253034055233002,0,-0.59562361240386963,0.52621585130691528,8
-0.92800003290176392,0.86009091138839722,0.49731475114822388,0,0.020278288051486015,-0.019372232258319855,0,-0.13074243068695068,-0.24490737915039062,8
-0.92800003290176392,1.1442397832870483,0.92800003290176392,0,0.021892271935939789,0,0,0.11683779954910278,0,8
-0.51410770416259766,1.0656856298446655,0.54594564437866211,0.034785371273756027,0.018081523478031158,0.0093709882348775864,-0.706401526927948,0.14591901004314423,-0.68038380146026611,8
-0.53142988681793213,1.0747761726379395,0.69464749097824097,-0.055424738675355911,0.021665144711732864,0.053493902087211609,-0.86462241411209106,0.2964881956577301,0.12984640896320343,8
-0.24379943311214447,1.0579477548599243,0.65131467580795288,-0.029538244009017944,0.012628398835659027,-0.03947974368929863,-0.48099219799041748,1.542579174041748,-0.15496014058589935,8
0.23510640859603882,1.0769871473312378,0.71529197692871094,0.016061050817370415,-0.019470738247036934,-0.0053280787542462349,0.46818828582763672,-0.034950803965330124,-0.26049044728279114,8
0.51263666152954102,1.0651140213012695,0.64636862277984619,0.014610837213695049,-0.0085032954812049866,0.025744549930095673,-0.22764317691326141,-0.35860773921012878,0.56953728199005127,8
0.51180845499038696,1.0638182163238525,0.48865056037902832,0.068871967494487762,-0.0034378250129520893,0.033178016543388367,-1.079053521156311,-0.18513764441013336,-0.51052302122116089,8
0.92800003290176392,1.1322036981582642,0.92800003290176392,0,0.0080626374110579491,0,0,-0.0013039446203038096,0,8
0.92800003290176392,0.85465705394744873,0.53062009811401367,0,-0.018291402608156204,0.086064904928207397,0,0.062861308455467224,-0.17036049067974091,8
-0.92800003290176392,0.85455650091171265,0.71821951866149902,0,-0.018552931025624275,0.010552406311035156,0,0.054715216159820557,0.10642676800489426,8
-0.92800003290176392,0.76384544372558594,0.92800003290176392,0,0.01658240519464016,0,0,-0.054810713976621628,0,8
-0.92800003290176392,1.1442415714263916,0.92800003290176392,0,0.021882705390453339,0,0,0.11701314896345139,0,8
-0.51994121074676514,1.1017155647277832,0.85895389318466187,0.021368172019720078,-0.023545967414975166,0.10994154214859009,-0.2524973452091217,-0.075803861021995544,0.30807828903198242,8
-0.2781812846660614,1.0675327777862549,0.92800003290176392,0.0005274992436170578,-0.034060157835483551,0,0.12030106037855148,-0.34559357166290283,0,8
0.26135054230690002,1.064918041229248,0.92800003290176392,0.031090494245290756,0.0024718695785850286,0,0.084856703877449036,-0.07680220901966095,0,8
0.53797119855880737,1.1074594259262085,0.79232490062713623,-0.0096663329750299454,-0.013553262688219547,-0.020095955580472946,0.13124445080757141,-0.23680007457733154,0.84485989809036255,8
0.92800003290176392,1.1322054862976074,0.92800003290176392,0,0.008015860803425312,0,0,-0.0011629610089585185,0,8
0.92800003290176392,0.76103121042251587,0.92800003290176392,0,-0.018285803496837616,0,0,0.00050581991672515869,0,8
0.92800003290176392,0.86644244194030762,0.71800780296325684,0,-0.043648321181535721,-0.023200763389468193,0,0.3275168240070343,-0.73679274320602417,8
-0.92800003290176392,0.58622175455093384,0.92800003290176392,0,0.0087841320782899857,0,0,-0.22532945871353149,0,8
-0.72039157152175903,0.8418310284614563,0.92800003290176392,-0.011826100759208202,-0.081413432955741882,0,-0.11776721477508545,-0.11191605776548386,0,8
-0.50065821409225464,0.85291796922683716,0.92800003290176392,0.0034602971281856298,-0.050029296427965164,0,1.025153636932373,-0.13497054576873779,0,8
-0.31831613183021545,0.84343153238296509,0.92800003290176392,-0.037156451493501663,-0.02220560796558857,0,-0.37077251076698303,-0.19547681510448456,0,8
-0.064603865146636963,1.0600976943969727,0.92800003290176392,-0.00023233288084156811,0.0066809197887778282,0,-0.29834714531898499,-0.56701987981796265,0,8
0.037475433200597763,1.0669548511505127,0.92800003290176392,-0.023653414100408554,0.0048984694294631481,0,0.22907125949859619,-0.39395725727081299,0,8
0.38016721606254578,0.8482208251953125,0.92800003290176392,-0.036334801465272903,-0.048644587397575378,0,-0.058116313070058823,-0.29705542325973511,0,8
0.56096756458282471,0.86263221502304077,0.92800003290176392,-0.0075307628139853477,0.0076771033927798271,0,-0.44216009974479675,0.30340027809143066,0,8
0.71088898181915283,0.86344945430755615,0.92800003290176392,0.013948312029242516,0.013707109726965427,0,1.0638558864593506,-0.0073786447755992413,0,8
0.92800003290176392,0.58558237552642822,0.92800003290176392,0,-0.00095090497052296996,0,0,0.12864381074905396,0,8
-0.92800003290176392,0.76035588979721069,-0.92800003290176392,0,0.0080527365207672119,0,0,0.16579191386699677,0,8
-0.92800003290176392,1.1292737722396851,-0.92800003290176392,0,0.0028212070465087891,0,0,0.38907578587532043,0,8
-0.77115947008132935,1.1307448148727417,-0.92800003290176392,-0.024638550356030464,0.0080802347511053085,0,0.081615425646305084,0.21636004745960236,0,8
-0.38120242953300476,1.0761168003082275,-0.92800003290176392,0.027493223547935486,-0.0068454747088253498,0,0.11718609929084778,0.0077108615078032017,0,8
-0.18264089524745941,1.061184287071228,-0.92800003290176392,0.010807642713189125,-0.0078708203509449959,0,-0.12765710055828094,0.24505004286766052,0,8
0.15856544673442841,1.0592032670974731,-0.92800003290176392,0.0037165072280913591,0.0020432155579328537,0,0.33900675177574158,0.057642348110675812,0,8
0.32177555561065674,1.056743860244751,-0.92800003290176392,-0.010445285588502884,0.006777618546038866,0,-0.10793337225914001,0.16831907629966736,0,8
0.76351380348205566,1.1269427537918091,-0.92800003290176392,0.069592781364917755,0.046736598014831543,0,-0.23212349414825439,-0.57604008913040161,0,8
0.92800003290176392,1.1256600618362427,-0.92800003290176392,0,-0.0080259758979082108,0,0,0.27440577745437622,0,8
0.92800003290176392,0.75728398561477661,-0.92800003290176392,0,0.0031453054398298264,0,0,-0.021603997796773911,0,8
-0.92800003290176392,0.92773711681365967,-0.92800003290176392,0,-0.0026588032487779856,0,0,0.14462696015834808,0,8
-0.92800003290176392,0.76035583019256592,-0.92800003290176392,0,0.0080504361540079117,0,0,0.1658342033624649,0,8
-0.72073274850845337,1.1225806474685669,-0.92800003290176392,-0.0087292911484837532,-0.0075289793312549591,0,0.14789752662181854,-0.0048719109036028385,0,8
-0.45102372765541077,1.0669063329696655,-0.92800003290176392,-0.013350228779017925,-0.020848443731665611,0,0.17156064510345459,-0.046283021569252014,0,8
-0.12161149829626083,1.107872486114502,-0.77610146999359131,0.0041669481433928013,-0.020188868045806885,0.031419746577739716,0.09693136066198349,-0.063209101557731628,-0.083940505981445312,8
0.086044535040855408,1.1092524528503418,-0.78935754299163818,-0.013424082659184933,0.0076799076050519943,0.013012670911848545,-0.06504395604133606,0.40212291479110718,0.037398792803287506,8
0.43097484111785889,1.0414457321166992,-0.92800003290176392,0.016435947269201279,0.023515556007623672,0,0.79983288049697876,0.16630399227142334,0,8
0.71487653255462646,1.097699761390686,-0.92800003290176392,-0.15560784935951233,-0.064649008214473724,0,-0.47753509879112244,-0.0086809694766998291,0,8
0.92800003290176392,0.75728386640548706,-0.92800003290176392,0,0.0031449312809854746,0,0,-0.021596956998109818,0,8
0.92800003290176392,0.92489540576934814,-0.92800003290176392,0,-0.0031446870416402817,0,0,0.50849735736846924,0,8
-0.92800003290176392,1.1119403839111328,-0.73851644992828369,0,-0.013389557600021362,0.0015980652533471584,0,-0.030318990349769592,-0.45542615652084351,8
-0.92800003290176392,1.0846544504165649,-0.69159680604934692,0,0.036663401871919632,-0.02610931359231472,0,0.32794478535652161,-0.95938432216644287,8
-0.71473532915115356,1.1164697408676147,-0.73373126983642578,-0.011263754218816757,-0.0093741584569215775,-0.0056782392784953117,0.027021577581763268,-0.031001919880509377,-0.028480866923928261,8
-0.38077625632286072,1.0845793485641479,-0.70831012725830078,-0.024726737290620804,-0.019650999456644058,-0.0061480607837438583,-0.19699689745903015,-0.095975913107395172,-0.1391424834728241,8
-0.097577273845672607,1.0729418992996216,-0.6262739896774292,-0.0079573476687073708,-0.034004569053649902,-0.0095551218837499619,-0.025271715596318245,-0.68676328659057617,-0.56307691335678101,8
0.057340525090694427,1.0731277465820312,-0.62255990505218506,-0.020885342732071877,0.0025504531804472208,0.0042866682633757591,-0.18048515915870667,0.05244242399930954,-0.49796190857887268,8
0.37112203240394592,1.0897916555404663,-0.72847414016723633,0.022006014361977577,0.018920779228210449,-0.024826299399137497,-0.26059553027153015,0.26167392730712891,0.28249672055244446,8
0.70956319570541382,1.1171963214874268,-0.72372770309448242,0.019195633009076118,-0.017232192680239677,-0.00117855379357934,0.76304072141647339,0.2820589542388916,-0.3196544349193573,8
0.90406322479248047,1.1228480339050293,-0.67008858919143677,0.048037078231573105,0.060329638421535492,-0.12053715437650681,1.3652817010879517,-2.1292257308959961,0.52403676509857178,8
0.92800003290176392,1.1229404211044312,-0.76326096057891846,0,-0.029065221548080444,-0.095547944307327271,0,-0.58641481399536133,1.1452445983886719,8
-0.92800003290176392,1.0492221117019653,-0.3577619194984436,0,-0.040617480874061584,-0.013470024801790714,0,-0.52975237369537354,-0.88801556825637817,8
-0.92800003290176392,1.0464552640914917,-0.45956999063491821,0,-0.045746330171823502,0.026162667199969292,0,-0.33899375796318054,0.82552820444107056,8
-0.72448313236236572,1.0794481039047241,-0.37080231308937073,-0.029754018411040306,-0.011286237277090549,-0.013692941516637802,0.10279638320207596,-0.10689906030893326,-0.087471358478069305,8
-0.29373446106910706,1.0887488126754761,-0.42168623208999634,-0.009616900235414505,-0.027574708685278893,-0.12086227536201477,-0.10882897675037384,-0.29176586866378784,-1.2683260440826416,8
-0.15625305473804474,1.0837556123733521,-0.34880721569061279,0.010493144392967224,0.021481301635503769,0.046964004635810852,0.03265715017914772,0.61113977432250977,-0.41870644688606262,8
0.012926636263728142,1.0720057487487793,-0.35458287596702576,-0.027395613491535187,0.021841324865818024,-0.010980229824781418,-0.83536320924758911,0.11434798687696457,-0.70184612274169922,8
0.29970481991767883,1.0713191032409668,-0.37049993872642517,0.02671845443546772,-0.042448032647371292,-0.039339486509561539,1.1205109357833862,-0.0066167856566607952,-0.64520925283432007,8
0.70230072736740112,1.0761945247650146,-0.37588551640510559,0.0099586565047502518,-0.0048370677977800369,-0.048968203365802765,-0.23168131709098816,0.21368800103664398,0.95485001802444458,8
0.92800003290176392,1.0608025789260864,-0.44503358006477356,0,0.0086448285728693008,0.031290456652641296,0,-0.40764468908309937,-0.56343215703964233,8
0.92800003290176392,1.0589561462402344,-0.33658263087272644,0,0.013736015185713768,-0.045065626502037048,0,0.024069638922810555,-0.29365190863609314,8
-0.92800003290176392,1.0727797746658325,-0.18717861175537109,0,0.047980733215808868,0.014246932230889797,0,-0.91953247785568237,1.4059813022613525,8
-0.78274804353713989,1.1167618036270142,-0.11095522344112396,-0.035979010164737701,0.037024080753326416,-0.0071411672979593277,-0.16434228420257568,-0.23016637563705444,-0.032555814832448959,8
-0.64118200540542603,1.0721099376678467,-0.081128992140293121,-0.079354293644428253,0.030829854309558868,-0.025340327993035316,-0.33254003524780273,0.23612529039382935,-0.57768642902374268,8
-0.37441903352737427,1.0778152942657471,-0.093976378440856934,-0.059635426849126816,0.024242114275693893,-0.078098021447658539,-0.73286336660385132,0.026420203968882561,-0.078458406031131744,8
-0.24138776957988739,1.0984313488006592,-0.16039715707302094,-0.17103372514247894,0.18377351760864258,-0.16755086183547974,-2.144883394241333,2.0756540298461914,-0.83552014827728271,8
0.13740538060665131,1.0815236568450928,-0.24954678118228912,-0.041961520910263062,0.072287648916244507,-0.036832123994827271,-0.66208511590957642,1.2872946262359619,-1.0340349674224854,8
0.38875976204872131,1.0826249122619629,-0.16937719285488129,0.063382059335708618,-0.011050584726035595,-0.029765788465738297,1.5933816432952881,-0.14671361446380615,0.32847413420677185,8
0.60184472799301147,1.0785306692123413,-0.09363255649805069,0.00040325336158275604,-0.065873682498931885,0.0087930895388126373,0.67488312721252441,-0.9278302788734436,0.86406081914901733,8
0.77716737985610962,1.101624608039856,-0.12595729529857635,-0.0040632514283061028,-0.010825667530298233,-0.0017767809331417084,-0.58603954315185547,-0.036563869565725327,0.37465041875839233,8
0.92800003290176392,1.060001015663147,-0.16096021234989166,0,0.012318703345954418,0.049473144114017487,0,0.27901336550712585,0.17531095445156097,8
-0.92800003290176392,1.0736153125762939,0.18287400901317596,0,-0.053792700171470642,0.10165415704250336,0,-0.58217924833297729,0.40890407562255859,8
-0.77298861742019653,1.1138459444046021,0.10601893067359924,0.041668858379125595,-0.044381983578205109,0.0016768744681030512,-0.37150883674621582,-0.034558139741420746,0.072659894824028015,8
-0.62991273403167725,1.0767613649368286,0.069416999816894531,-0.071016699075698853,0.015031764283776283,0.028747256845235825,-0.77682113647460938,-0.29597499966621399,0.49337628483772278,8
-0.34968960285186768,1.0714057683944702,0.095420390367507935,-0.048288043588399887,0.033268630504608154,0.13813294470310211,0.39062660932540894,0.66195708513259888,0.70250803232192993,8
-0.24034105241298676,1.0865623950958252,0.052105527371168137,-0.19424611330032349,0.29695418477058411,0.17334111034870148,-1.2507622241973877,2.5896968841552734,1.598213791847229,8
0.046160627156496048,1.0520992279052734,0.1266244649887085,0.0016502495855093002,-0.016276765614748001,0.021953051909804344,0.17285074293613434,0.026102473959326744,0.92966777086257935,8
0.43012601137161255,1.0789588689804077,0.16266413033008575,-0.0045859673991799355,-0.069075018167495728,0.025657989084720612,0.59657579660415649,-0.91905921697616577,-0.39260530471801758,8
0.65090376138687134,1.0846761465072632,0.074230842292308807,0.0337214395403862,-0.049375526607036591,-0.004028786439448595,-0.44469571113586426,-1.8671245574951172,-0.067557588219642639,8
0.79171395301818848,1.1126383543014526,0.12138520926237106,-0.0064086960628628731,0.00096362450858578086,-0.0062518729828298092,-0.51855391263961792,-0.32692766189575195,-0.32455036044120789,8
0.92800003290176392,1.0694786310195923,0.14908210933208466,0,0.021777147427201271,-0.075562566518783569,0,-0.061688624322414398,-0.032087713479995728,8
-0.92800003290176392,1.083004355430603,0.37884506583213806,0,-0.038961607962846756,0.09285493940114975,0,-0.50542658567428589,0.11039323359727859,8
-0.92800003290176392,1.0753870010375977,0.42414566874504089,0,0.012551307678222656,-0.015445278957486153,0,-0.38792446255683899,0.015500037930905819,8
-0.70667952299118042,1.0875393152236938,0.36077961325645447,0.052094351500272751,-0.0076867220923304558,0.025701524689793587,0.81371444463729858,-0.74561417102813721,0.42224511504173279,8
-0.39904189109802246,1.0759350061416626,0.30992612242698669,-0.18818649649620056,-0.023644493892788887,0.04291146993637085,-1.4049499034881592,-0.83978849649429321,0.41027921438217163,8
-0.22537326812744141,1.0700232982635498,0.43125668168067932,0.026569085195660591,-0.022364787757396698,0.034768238663673401,0.54878616333007812,0.96728891134262085,-0.95155853033065796,8
0.072011634707450867,1.0720114707946777,0.36275893449783325,-0.013773489743471146,-0.033712014555931091,0.042329628020524979,0.3138975203037262,-0.27194994688034058,0.35336592793464661,8
0.31865546107292175,1.0901193618774414,0.3003210723400116,0.0086094718426465988,-0.054619334638118744,0.02563164010643959,0.43318432569503784,-0.40508753061294556,0.35881981253623962,8
0.73340839147567749,1.0871509313583374,0.36456584930419922,0.0095093343406915665,0.047039840370416641,0.025936892256140709,-0.13053014874458313,0.9130246639251709,-1.0589340925216675,8
0.92800003290176392,1.0514622926712036,0.44006597995758057,0,-0.0087990425527095795,-0.056381329894065857,0,-0.87865358591079712,0.36353340744972229,8
0.92800003290176392,1.0597935914993286,0.33852255344390869,0,-0.021697454154491425,0.054909601807594299,0,-0.12268970906734467,0.34210881590843201,8
-0.92800003290176392,1.1229709386825562,0.75964945554733276,0,0.019884521141648293,0.011201703920960426,0,0.21597154438495636,0.12220227718353271,8
-0.92800003290176392,1.0974856615066528,0.72299480438232422,0,0.02065606601536274,0.01258277241140604,0,0.1852881908416748,0.121971495449543,8
-0.7133144736289978,1.1034839153289795,0.72206258773803711,-0.0092818057164549828,0.00081571674672886729,0.025417225435376167,-0.03993317112326622,0.3524152934551239,0.013020950369536877,8
-0.37598907947540283,1.0857676267623901,0.71787136793136597,-0.076334528625011444,0.022791102528572083,0.058679137378931046,-1.3807195425033569,1.2197836637496948,0.62004947662353516,8
-0.083309881389141083,1.0658735036849976,0.62013691663742065,0.041346143931150436,0.032298639416694641,-0.0062684896402060986,0.96843922138214111,1.5212719440460205,-0.34313252568244934,8
0.07686721533536911,1.0619188547134399,0.6330726146697998,0.065549924969673157,-0.00034905364736914635,-0.0068132877349853516,1.4256613254547119,0.49530103802680969,-0.51921296119689941,8
0.37352338433265686,1.0823285579681396,0.72179150581359863,0.016442591324448586,-0.0048625757917761803,0.0084009962156414986,-0.56406408548355103,-0.38947901129722595,0.11917079240083694,8
0.71650201082229614,1.1063505411148071,0.70615017414093018,0.020911602303385735,-0.011245045810937881,0.034106258302927017,0.44065579771995544,-0.53240841627120972,0.84201228618621826,8
0.92800003290176392,1.0832492113113403,0.69060450792312622,0,-0.050626039505004883,0.043854948133230209,0,0.5960654616355896,1.6793771982192993,8
0.92800003290176392,1.1219836473464966,0.76260632276535034,0,-0.016209354624152184,0.032976426184177399,0,0.06443660706281662,-0.060284320265054703,8
-0.92800003290176392,0.93404239416122437,0.92800003290176392,0,0.022690484300255775,0,0,0.22378191351890564,0,8
-0.92800003290176392,0.76384556293487549,0.92800003290176392,0,0.016582392156124115,0,0,-0.054810937494039536,0,8
-0.70358675718307495,1.106866717338562,0.92800003290176392,-0.026048621162772179,0.021452052518725395,0,-0.15100042521953583,0.50434839725494385,0,8
-0.43671253323554993,1.0597596168518066,0.92800003290176392,-0.048349175602197647,-0.041597995907068253,0,-0.58427363634109497,-0.44182467460632324,0,8
-0.12094884365797043,1.1063886880874634,0.78542244434356689,0.018682336434721947,0.01563599705696106,0.057496841996908188,0.1439615786075592,1.2399617433547974,1.1910803318023682,8
0.087317384779453278,1.1152305603027344,0.7988322377204895,-0.0041624340228736401,0.0073374421335756779,0.020702388137578964,0.56624174118041992,0.23254287242889404,0.42105787992477417,8
0.44722673296928406,1.063595175743103,0.92800003290176392,-0.067222684621810913,-0.013949507847428322,0,0.0070544327609241009,0.1177220344543457,0,8
0.68445378541946411,1.0731782913208008,0.92800003290176392,0.036717779934406281,-0.027713507413864136,0,-0.73444598913192749,-0.076264582574367523,0,8
0.92800003290176392,0.76103103160858154,0.92800003290176392,0,-0.018285879865288734,0,0,0.00050732865929603577,0,8
0.92800003290176392,0.93115943670272827,0.92800003290176392,0,-0.013352839276194572,0,0,-0.31477344036102295,0,8
-0.92800003290176392,0.76384544372558594,0.92800003290176392,0,0.01658240519464016,0,0,-0.054810713976621628,0,8
-0.92800003290176392,1.1442357301712036,0.92800003290176392,0,0.021909287199378014,0,0,0.11717000603675842,0,8
-0.74898141622543335,1.1227444410324097,0.92800003290176392,0.0097581613808870316,-0.012945900671184063,0,-0.054032035171985626,0.2203352153301239,0,8
-0.37626707553863525,1.059637188911438,0.92800003290176392,-0.020455852150917053,-0.030494656413793564,0,0.059667691588401794,-0.24654164910316467,0,8
-0.17298594117164612,1.0663775205612183,0.92800003290176392,0.014080462045967579,-0.016925163567066193,0,-0.43782156705856323,-0.35733529925346375,0,8
0.15424352884292603,1.0696932077407837,0.92800003290176392,-0.016465609893202782,0.0050335931591689587,0,0.64260220527648926,-0.1012817844748497,0,8
0.34767657518386841,1.0600942373275757,0.92800003290176392,0.020040210336446762,-0.0024712986778467894,0,-0.33342671394348145,0.10045509785413742,0,8
0.74956178665161133,1.1113599538803101,0.92800003290176392,0.027074012905359268,-0.010911921970546246,0,0.55856794118881226,0.53291738033294678,0,8
0.92800003290176392,1.1321990489959717,0.92800003290176392,0,0.0080455765128135681,0,0,-0.0010033696889877319,0,8
0.92800003290176392,0.76103121042251587,0.92800003290176392,0,-0.018285537138581276,0,0,0.00050067901611328125,0,8
