x,y,z,vx,vy,vz,ax,ay,az,mass
-0.92799907922744751,0.082096002995967865,-0.92799901962280273,-2.2444878595706541e-06,0.0020249260123819113,-1.9522908587532584e-06,2.2029097124232067e-07,-5.2666287047031801e-06,1.3188127923058346e-07,8
-0.73539620637893677,0.081517115235328674,-0.92799961566925049,-2.1110136003699154e-06,0.0019974261522293091,-1.9184099073754624e-06,5.46774515441939e-07,6.4750197452667635e-06,-6.0292677517281845e-08,8
-0.51542854309082031,0.080050647258758545,-0.92799907922744751,-1.5680092246839195e-06,0.0019247682066634297,-1.7918985122378217e-06,1.1998746458630194e-06,3.7540445191552863e-05,-1.1323071475999313e-06,8
-0.30226263403892517,0.0791044682264328,-0.92799896001815796,-6.0773373888878268e-07,0.0018697858322411776,-1.565374532219721e-06,1.1432705377956154e-06,6.0988819313934073e-05,-3.2032639865064994e-06,8
-0.099443621933460236,0.07861386239528656,-0.92799842357635498,5.5615663541175309e-07,0.0018391767516732216,-1.3156615068510291e-06,6.2291456970342551e-07,7.4256669904571027e-05,-4.9174750529346056e-06,8
0.099447198212146759,0.078615084290504456,-0.92799860239028931,1.5061426665852196e-06,0.00183994194958359,-1.4017603007232537e-06,4.4071835958447991e-08,7.439287583110854e-05,-4.4008943405060563e-06,8
0.30226540565490723,0.079107046127319336,-0.92799872159957886,2.1095647753099911e-06,0.0018718077335506678,-1.7766312794265104e-06,-3.2640852509757678e-07,6.1446335166692734e-05,-2.0965467228961643e-06,8
0.51542830467224121,0.080053843557834625,-0.92799884080886841,2.291314558533486e-06,0.0019274379592388868,-2.0129193671891699e-06,-2.9908275678280916e-07,3.8413560105254874e-05,-4.9716391004039906e-07,8
0.73539584875106812,0.081521034240722656,-0.92799919843673706,2.0866830254817614e-06,0.0020003619138151407,-2.0783727450179867e-06,1.3229055184638128e-07,7.941853255033493e-06,2.4481321858615956e-08,8
0.92799878120422363,0.082099974155426025,-0.92799985408782959,1.966853460544371e-06,0.0020279160235077143,-2.0873990251857322e-06,3.4932097037199128e-07,-3.569293539840146e-06,9.7502372398139414e-08,8
-0.92799931764602661,0.081517055630683899,-0.73539412021636963,-2.3069494545779889e-06,0.0019974256865680218,-1.8500411442801123e-06,5.4193151299841702e-07,6.4750197452667635e-06,4.9990944717137609e-07,8
-0.74139589071273804,0.081063151359558105,-0.74139225482940674,-2.2129013359517558e-06,0.0019742886070162058,-1.8672470787350903e-06,6.5899706669370062e-07,1.6365665942430496e-05,3.41309458917749e-07,8
-0.50581222772598267,0.079433701932430267,-0.72932446002960205,-1.6018514088500524e-06,0.0018843910656869411,-2.022920170929865e-06,1.2254951116119628e-06,5.4646512580802664e-05,-3.3432795021326456e-07,8
-0.29249238967895508,0.078403450548648834,-0.71487468481063843,-2.9478846386155055e-07,0.0018167280359193683,-2.3985523966985056e-06,9.6640258107072441e-07,8.3592014561872929e-05,-8.5978621200410998e-07,8
-0.096159420907497406,0.077919676899909973,-0.70888316631317139,1.1850663668155903e-06,0.0017830268479883671,-2.3314089503401192e-06,1.0631196545318744e-07,9.8141601483803242e-05,-1.4193573178999941e-06,8
0.096165403723716736,0.077921703457832336,-0.7088811993598938,1.9665205854835222e-06,0.0017841504886746407,-2.3345148747466737e-06,-3.3437569868510764e-07,9.8274314950685948e-05,-1.064749994839076e-06,8
0.29249614477157593,0.078407920897006989,-0.71487468481063843,2.4812532046780689e-06,0.0018195605371147394,-2.458696599205723e-06,-4.8388983486802317e-07,8.396570774493739e-05,-1.4383202540102502e-07,8
0.50581616163253784,0.079438135027885437,-0.72932332754135132,2.581051376182586e-06,0.0018877576803788543,-2.2195245037437417e-06,-5.0665903472690843e-07,5.556502947001718e-05,2.8023575282531965e-07,8
0.74139541387557983,0.081067860126495361,-0.74139487743377686,2.1221494534984231e-06,0.001977777574211359,-2.06151753445738e-06,1.5594649482864043e-07,1.7909331290866248e-05,3.9924540828906174e-07,8
0.92799901962280273,0.081521779298782349,-0.73539602756500244,1.9529468318069121e-06,0.0020009975414723158,-2.0333834527264116e-06,4.2758753693306062e-07,8.2352198660373688e-06,4.4337863869259309e-07,8
-0.92799907922744751,0.080050408840179443,-0.51542776823043823,-2.2133465336082736e-06,0.0019247694872319698,-1.3840472092851996e-06,5.2249374675739091e-06,3.7540445191552863e-05,1.2116173593312851e-06,8
-0.72932630777359009,0.079433649778366089,-0.50581181049346924,-2.5828903744695708e-06,0.0018843925790861249,-1.3857995782018406e-06,2.7213488920097006e-06,5.4656989959767088e-05,1.2601911976162228e-06,8
-0.48163652420043945,0.077565848827362061,-0.48163697123527527,-2.5016445306391688e-06,0.0017501546535640955,-2.1465052668645512e-06,1.8581862377686775e-06,0.00011247814836679026,1.7647697632128256e-06,8
-0.27696499228477478,0.076970160007476807,-0.48330485820770264,1.3500216766715312e-07,0.0016999687068164349,-3.1665163078287151e-06,3.7241417771838314e-07,0.00015101394092198461,2.5256006210838677e-06,8
-0.090885624289512634,0.076745010912418365,-0.48292496800422668,2.5858041681203758e-06,0.0016821322496980429,-2.9458235530910315e-06,-1.9674621398735326e-06,0.00014243296755012125,2.1284631657181308e-06,8
0.090896181762218475,0.076748892664909363,-0.48292535543441772,2.8502781788120046e-06,0.0016841762699186802,-2.8247195587027818e-06,-1.8856484302887111e-06,0.00014139221457298845,2.097160631819861e-06,8
0.27697604894638062,0.076981298625469208,-0.48330295085906982,3.4489146401028847e-06,0.0017055977368727326,-3.0126350338832708e-06,-1.0764210855995771e-06,0.00012463191524147987,2.6907966912403936e-06,8
0.48164114356040955,0.077576823532581329,-0.48163494467735291,4.0500226532458328e-06,0.0017570126801729202,-2.3202660486276727e-06,-1.2694680435743066e-06,0.00011255847493885085,2.5197684863087488e-06,8
0.72932618856430054,0.079440809786319733,-0.50581014156341553,2.3822160528652603e-06,0.0018899703864008188,-1.7385926867063972e-06,5.8313838735557511e-07,5.6518470955779776e-05,1.5026545270302449e-06,8
0.92799907922744751,0.08005698025226593,-0.5154266357421875,1.8273306068294914e-06,0.0019299157429486513,-1.7181658904519281e-06,1.5104818658073782e-06,3.9538132114103064e-05,1.2227427532707225e-06,8
-0.92799925804138184,0.079104356467723846,-0.30226278305053711,-1.8195472648585564e-06,0.0018697903724387288,-4.7834043925831793e-07,1.2042985872540157e-05,6.1016758991172537e-05,1.1801118944276823e-06,8
-0.71487712860107422,0.078403562307357788,-0.29249286651611328,-3.0159351354086539e-06,0.0018167338566854596,-1.5412626908073435e-07,5.5438904382754117e-06,8.3654878835659474e-05,9.2344004087863141e-07,8
-0.48330679535865784,0.076970160007476807,-0.27697035670280457,-3.6559661111823516e-06,0.0016999770887196064,3.1513701514995773e-07,3.0736575808987254e-06,0.00015109775995370001,2.2414495148836977e-08,8
-0.28321251273155212,0.076384007930755615,-0.28321334719657898,-3.9625163594791957e-07,0.001642734045162797,-1.5384161144993413e-07,9.6398196092195576e-07,0.00023432656598743051,4.0706038362259278e-07,8
-0.085900768637657166,0.076090313494205475,-0.28331068158149719,4.3844192987307906e-06,0.0016177252400666475,-2.5450614771216351e-07,-1.8789540263242088e-05,0.00018735647608991712,1.1257733376623946e-06,8
0.085915222764015198,0.076096400618553162,-0.28331038355827332,2.647853989401483e-06,0.0016203513368964195,-2.8301627708060551e-07,-1.0221153388556559e-05,0.00016091506404336542,1.8235166407976067e-06,8
0.28322172164916992,0.076404526829719543,-0.28321239352226257,4.2353021854069084e-06,0.0016496292082592845,-3.5825297572955606e-07,-1.0715848475228995e-06,9.6112482424359769e-05,2.4608598323538899e-06,8
0.48330739140510559,0.076986320316791534,-0.27696776390075684,4.8896895350480918e-06,0.0017090640030801296,-1.5489723637074349e-07,-1.3511315728464979e-06,0.00012548058293759823,2.3981895083124982e-06,8
0.71487635374069214,0.078413859009742737,-0.29249179363250732,2.7891651370737236e-06,0.00182405358646065,-6.8006880837856443e-07,1.4332589444165933e-06,8.5621133621316403e-05,1.7070896092263865e-06,8
0.92799985408782959,0.07911255955696106,-0.3022615909576416,1.5455930224561598e-06,0.0018762378022074699,-9.6948633654392324e-07,4.2145288716710638e-06,6.3321786001324654e-05,1.4775456520510488e-06,8
-0.92799961566925049,0.078613787889480591,-0.099443897604942322,-2.2094591258792207e-06,0.0018391957273706794,6.5815908101285459e-07,4.3767540773842484e-06,7.4330011557321995e-05,6.0225141851333319e-07,8
-0.70888268947601318,0.077919580042362213,-0.096160054206848145,-3.2393818401033059e-06,0.0017830561846494675,1.2620906773008755e-06,2.1979915345582413e-06,9.827082249103114e-05,-2.4904579731810372e-07,8
-0.48292630910873413,0.076745100319385529,-0.090886026620864868,-3.4898391731985612e-06,0.0016821881290525198,2.5688862024253467e-06,3.0758676530240336e-06,0.00014261806791182607,-2.2449146399594611e-06,8
-0.28330984711647034,0.076090358197689056,-0.085901796817779541,-4.9004211177816615e-07,0.0016177820507436991,4.3645950427162461e-06,2.1648440906574251e-06,0.00018767428991850466,-1.9124488972011022e-05,8
-0.083642639219760895,0.075746066868305206,-0.083642713725566864,3.7228924156806897e-06,0.0015838750405237079,3.6113578971708193e-06,-3.1277292578124616e-07,0.00018659511988516897,-1.4860005421724054e-06,8
0.083655543625354767,0.075750596821308136,-0.08364405483007431,4.2408455556142144e-06,0.0015865204622969031,3.6965095659979852e-06,-2.3804658155768266e-07,0.00018567660299595445,3.3421198963878851e-07,8
0.28331509232521057,0.076105870306491852,-0.085903801023960114,4.4642406464845408e-06,0.0016265396261587739,4.4586240619537421e-06,-3.1861870297689165e-07,0.0001613830536371097,9.7229249149677344e-06,8
0.4829297661781311,0.076760798692703247,-0.090885862708091736,4.5069141378917266e-06,0.0016922152135521173,2.3735942704661284e-06,-8.2456148220444447e-07,0.00014286254008766264,2.0848278836638201e-06,8
0.70888197422027588,0.07793126255273819,-0.096158623695373535,2.7469486667541787e-06,0.0017913610208779573,7.2975797138497001e-07,1.7461615016145515e-06,0.00010059330816147849,1.4718107195221819e-06,8
0.92799890041351318,0.078623004257678986,-0.099442295730113983,1.3602036688098451e-06,0.0018464289605617523,7.7218864191763714e-08,5.9365570450609084e-06,7.6998250733595341e-05,1.1974480003118515e-06,8
-0.92799979448318481,0.078614756464958191,0.099447131156921387,-2.3598561256221728e-06,0.0018399911932647228,1.6205315205297666e-06,-1.9275785234640352e-06,7.4508126999717206e-05,-1.7499813154131516e-08,8
-0.70888417959213257,0.077921323478221893,0.09616544097661972,-3.1176605261862278e-06,0.0017842528177425265,2.0163181488896953e-06,7.1047674055080279e-07,9.8462907772045583e-05,-5.8579865935826092e-07,8
-0.48292633891105652,0.076748982071876526,0.090897016227245331,-3.2081391054816777e-06,0.0016843627672642469,2.7217049591854447e-06,3.9441533772333059e-06,0.00014266346988733858,-1.1835480790978181e-06,8
-0.28331077098846436,0.076096586883068085,0.085915647447109222,-4.1835414776869584e-07,0.0016209245659410954,2.9802588414895581e-06,3.1748691071697976e-06,0.00017859040235634893,5.9686744862119667e-06,8
-0.083644568920135498,0.075750663876533508,0.083655856549739838,3.8669577406835742e-06,0.0015865565510466695,4.0667464418220334e-06,5.7868413705364219e-07,0.00018691642617341131,-7.8134229397619492e-07,8
0.083654917776584625,0.075754940509796143,0.083655677735805511,4.599803560267901e-06,0.0015894968528300524,4.4587218326341826e-06,7.4074245048905141e-07,0.0001860433112597093,-4.496405097142997e-07,8
0.28331270813941956,0.076110899448394775,0.085917241871356964,4.2240531001880299e-06,0.001630889717489481,4.2868450691457838e-06,2.5211193133145571e-07,0.0001700233988231048,4.3938140947830107e-07,8
0.48292890191078186,0.07676396518945694,0.090897828340530396,3.7727750168414786e-06,0.0016950559802353382,3.1323265829996672e-06,-3.1235683195518504e-07,0.00014313495194073766,9.7963493317365646e-07,8
0.70888221263885498,0.077932871878147125,0.096166662871837616,2.5781369004107546e-06,0.0017927722074091434,1.6340329693775857e-06,9.7646989161148667e-07,0.00010094255412695929,7.7995417768761399e-07,8
0.92799955606460571,0.078623846173286438,0.099448397755622864,1.6664320128256804e-06,0.0018472779775038362,1.0320932233298663e-06,3.0290127597254468e-06,7.7469732786994427e-05,6.1332565337579581e-07,8
-0.92799955606460571,0.079106874763965607,0.30226540565490723,-2.3721111119812122e-06,0.0018718860810622573,2.2884521513333311e-06,-1.3281782003105036e-06,6.1558093875646591e-05,-3.2550130413255829e-07,8
-0.71487677097320557,0.078407943248748779,0.29249629378318787,-2.9593095405289205e-06,0.001819728291593492,2.6352522581873927e-06,9.7155862022191286e-07,8.4192717622499913e-05,-9.2277326757539413e-07,8
-0.48330709338188171,0.076981633901596069,0.27697613835334778,-3.1743834369990509e-06,0.0017063816776499152,3.492046971587115e-06,5.1888328016502783e-06,0.00014218151045497507,-2.2086394437792478e-06,8
-0.2832159698009491,0.076404854655265808,0.28321927785873413,-3.5045667345912079e-07,0.0016517876647412777,4.2174724512733519e-06,3.7634456475643674e-06,0.00021529964578803629,-2.7654411951516522e-06,8
-0.085906632244586945,0.07610621303319931,0.28331342339515686,4.1684506868477911e-06,0.0016271178610622883,4.4932839955436066e-06,-6.7412515818432439e-06,0.0001790548994904384,-2.1438245312310755e-06,8
0.085914328694343567,0.076111100614070892,0.28331330418586731,4.3521813495317474e-06,0.0016309515340253711,4.315105798013974e-06,7.2045617116600624e-07,0.00017033422773238271,-1.1782548199334997e-06,8
0.2832164466381073,0.076420433819293976,0.28321817517280579,3.6503088267636485e-06,0.0016647748416289687,3.7676074953196803e-06,6.7509512291508145e-07,0.00015693715249653906,-2.105502829863326e-07,8
0.48330429196357727,0.076995685696601868,0.27697610855102539,3.2494560855411692e-06,0.001717472798191011,3.0455744308710564e-06,6.5483614086758735e-09,0.00013453303836286068,2.7341454256202269e-07,8
0.71487265825271606,0.078417912125587463,0.29249811172485352,2.4177074919862207e-06,0.0018274928443133831,2.0371010123199085e-06,3.6100570355301898e-07,8.6689826275687665e-05,2.1814911121964542e-07,8
0.92799907922744751,0.079115010797977448,0.30226731300354004,1.9715012058441062e-06,0.0018784330459311604,1.6948703205343918e-06,8.8763721350915148e-07,6.461399607360363e-05,3.2895286494749598e-08,8
-0.92799890041351318,0.080053694546222687,0.5154300332069397,-2.2453641577158123e-06,0.0019275243394076824,2.5719634777487954e-06,-4.359298770850728e-07,3.8490394217660651e-05,-3.2410295602858241e-07,8
-0.72932285070419312,0.079438216984272003,0.50581651926040649,-2.4552434751967667e-06,0.0018878768896684051,2.8461547572078416e-06,4.3682345562956471e-07,5.5652340961387381e-05,-7.4942585115422844e-07,8
-0.48163899779319763,0.077577278017997742,0.48163998126983643,-2.4359158032893902e-06,0.0017573076765984297,4.2078368096554186e-06,3.9998963075049687e-06,0.00011368653940735385,-3.311110731374356e-06,8
-0.27697134017944336,0.076986722648143768,0.48330426216125488,-1.1368084074092621e-07,0.0017098551616072655,4.8322190195904113e-06,3.3199869449163089e-06,0.00014302668569143862,-4.5522979235101957e-06,8
-0.090890981256961823,0.076761014759540558,0.48292577266693115,2.5750257464096649e-06,0.0016924128867685795,4.4769985834136605e-06,1.3027555496591958e-06,0.00014413030294235796,-3.2752175229688874e-06,8
0.09089381992816925,0.076764188706874847,0.4829254150390625,3.1998233680496924e-06,0.0016951221041381359,3.8439047784777358e-06,1.3204088418206084e-06,0.00014332005230244249,-1.5481417676710407e-06,8
0.27697339653968811,0.076995767652988434,0.48330265283584595,2.9416246434266213e-06,0.001717486884444952,3.3623923627601471e-06,9.0928773488485604e-07,0.00013461336493492126,-6.0925680145373917e-07,8
0.48163887858390808,0.077587254345417023,0.48163941502571106,2.7540775136003504e-06,0.001765561755746603,2.9001332677580649e-06,1.9054367328408262e-07,0.00011419993097661063,-1.4460282216077758e-07,8
0.72932416200637817,0.079445131123065948,0.50581479072570801,2.1927583020442398e-06,0.0018937154673039913,2.1746368474850897e-06,3.1497617669629108e-07,5.8338042435934767e-05,-1.4885243615481158e-07,8
0.92799961566925049,0.080060034990310669,0.51542973518371582,2.0229015262884786e-06,0.0019327099435031414,2.0264842532924376e-06,4.7763478505657986e-07,4.1340241295984015e-05,-2.0426112712357281e-07,8
-0.92799878120422363,0.081520877778530121,0.73539566993713379,-1.9174572116753552e-06,0.0020004494581371546,2.4990288238768699e-06,-4.8385913942183834e-07,7.9628080129623413e-06,-1.196644916490186e-07,8
-0.74139285087585449,0.081067919731140137,0.74139297008514404,-1.8980599634232931e-06,0.0019778723362833261,2.4893981844797963e-06,-9.6127898530085076e-08,1.7958225726033561e-05,-3.0567204589715402e-07,8
-0.50581276416778564,0.079441279172897339,0.72932517528533936,-1.6304213659168454e-06,0.0018901079893112183,2.4904320525820367e-06,1.3364352753342246e-06,5.6598797527840361e-05,-6.7624108623931534e-07,8
-0.29249545931816101,0.078414313495159149,0.71487408876419067,-6.2331292838280206e-07,0.0018242452060803771,2.4829050744301639e-06,2.0565335034916643e-06,8.5834173660259694e-05,9.5749321360472095e-08,8
-0.096162714064121246,0.077931314706802368,0.70887863636016846,7.8329998132176115e-07,0.0017914874479174614,2.2334465938911308e-06,1.7844438389147399e-06,0.00010076443868456408,1.1815767493317253e-06,8
0.096163369715213776,0.077933184802532196,0.70887821912765503,1.6040504533521016e-06,0.0017928252927958965,2.1900857518630801e-06,1.2634073982553673e-06,0.00010105780529556796,5.3763415053253993e-07,8
0.29249593615531921,0.078418195247650146,0.71487361192703247,1.9382371192477876e-06,0.001827519154176116,2.3097506982594496e-06,4.0367919496020477e-07,8.6742213170509785e-05,-3.9309949784183118e-07,8
0.50581395626068115,0.079445287585258484,0.72932493686676025,2.0464685803744942e-06,0.0018937300192192197,2.3028260329738259e-06,-1.0580378528857182e-07,5.8338042435934767e-05,-3.7314745782168757e-07,8
0.74139618873596191,0.081071428954601288,0.74139368534088135,1.9979408989456715e-06,0.0019813654944300652,2.1589469270111294e-06,1.8027775183782069e-07,2.0137520550633781e-05,-2.5852384677449436e-09,8
0.92799913883209229,0.081524781882762909,0.73539453744888306,1.9691447050718125e-06,0.0020039810333400965,2.1146461222087964e-06,3.6015305227010685e-07,1.0246875717712101e-05,6.5469976107124239e-08,8
-0.92799973487854004,0.082099325954914093,0.92799985408782959,-1.7824423821366508e-06,0.0020280054304748774,2.4328646759386174e-06,-5.5254525932468823e-07,-3.5553237012209138e-06,-1.740090560531371e-08,8
-0.73539406061172485,0.081521786749362946,0.92799925804138184,-1.7600369801584748e-06,0.0020010904408991337,2.3377879188046791e-06,-1.4538044013079343e-07,8.256174623966217e-06,-1.7276077812766744e-07,8
-0.51542752981185913,0.080057375133037567,0.92799919843673706,-1.5319461681428947e-06,0.0019300223793834448,1.8485729924577754e-06,8.4792412735623657e-07,3.9607981307199225e-05,5.7851360679705977e-07,8
-0.30226448178291321,0.079113006591796875,0.92799931764602661,-8.8017407051665941e-07,0.0018763466505333781,7.9989109735834063e-07,1.3895418078391231e-06,6.3423067331314087e-05,5.293180493026739e-06,8
-0.099445737898349762,0.078623257577419281,0.92799878120422363,8.5101120816943876e-08,0.0018465121975168586,-2.4668861442478374e-07,1.3393290601015906e-06,7.7099532063584775e-05,1.35014388433774e-05,8
0.09944538027048111,0.078624263405799866,0.92799949645996094,9.7816644029080635e-07,0.0018473290838301182,5.8487330534262583e-07,7.4451116915952298e-07,7.7532597060780972e-05,5.4246233958110679e-06,8
0.30226466059684753,0.079115264117717743,0.92799925804138184,1.6022421505113016e-06,0.0018784638959914446,1.6266818647636683e-06,4.6401279263363904e-08,6.463145837187767e-05,6.9750961984027526e-07,8
0.51542884111404419,0.080060206353664398,0.92799919843673706,1.9079984667769168e-06,0.0019327278714627028,2.104259920088225e-06,-2.4451992430840619e-07,4.1333256376674399e-05,-2.4969040168798529e-07,8
0.73539608716964722,0.08152472972869873,0.92799901962280273,1.9620620150817558e-06,0.0020039870869368315,2.1403120626928285e-06,7.4855954323993501e-08,1.0246875717712101e-05,1.022499347413941e-07,8
0.92799985408782959,0.082102715969085693,0.92799878120422363,1.9482977222651243e-06,0.002030935138463974,2.1148437099327566e-06,2.8297787935116503e-07,-1.5296972151190857e-06,2.4837390810716897e-07,8
-0.92799967527389526,0.26328814029693604,-0.92799919843673706,-2.2192539290699642e-06,0.0020754055585712194,-2.0214656615280546e-06,9.679296653075653e-08,-2.8337815820123069e-05,1.9517527505286125e-07,8
-0.74875468015670776,0.25018155574798584,-0.92799937725067139,-2.1234384348645108e-06,0.0020449368748813868,-1.9942121980420779e-06,3.8088271026026632e-07,-1.4989635928941425e-05,5.1950333812555982e-08,8
-0.517131507396698,0.24206878244876862,-0.92799955606460571,-1.5703251392551465e-06,0.0019608414731919765,-1.9194328615412815e-06,1.1586165555854677e-06,2.1304002075339667e-05,-8.4183278659111238e-07,8
-0.3016103208065033,0.23948460817337036,-0.92799961566925049,-6.4310756897612009e-07,0.001904877950437367,-1.7668714917817852e-06,1.1178188970006886e-06,4.5318152842810377e-05,-2.4916139409469906e-06,8
-0.099163457751274109,0.23871512711048126,-0.92799872159957886,4.8088742232721415e-07,0.0018748587463051081,-1.5612522474839352e-06,6.1223767033879994e-07,5.8411384088685736e-05,-3.9578808355145156e-06,8
0.099167101085186005,0.23871608078479767,-0.92799878120422363,1.413983454767731e-06,0.0018756064819172025,-1.6089700238808291e-06,3.8683079850443391e-08,5.8558067394187674e-05,-3.6135086247668369e-06,8
0.30161282420158386,0.23948736488819122,-0.92799931764602661,2.0280585886212066e-06,0.0019068513065576553,-1.8832050727723981e-06,-3.4865249176618818e-07,4.5793127355864272e-05,-1.8309525557924644e-06,8
0.51713103055953979,0.24207235872745514,-0.92799884080886841,2.2339527276926674e-06,0.0019634501077234745,-2.0449258499866119e-06,-3.4314095387344423e-07,2.2198071746970527e-05,-5.446599971037358e-07,8
0.7487524151802063,0.25018402934074402,-0.92799931764602661,2.041096422544797e-06,0.0020478744991123676,-2.0927918740198947e-06,1.3124690667609684e-07,-1.3466923519445118e-05,8.0012796388473362e-09,8
0.92799967527389526,0.26329192519187927,-0.92799943685531616,1.9601864096330246e-06,0.0020784218795597553,-2.1032260519859847e-06,2.7869415930581454e-07,-2.6647465347195975e-05,1.0147231677137825e-07,8
-0.92799937725067139,0.25018179416656494,-0.74875307083129883,-2.2782537598686758e-06,0.0020449366420507431,-1.9249396245868411e-06,4.651178358017205e-07,-1.4989635928941425e-05,4.4871282511849131e-07,8
-0.77454560995101929,0.21713848412036896,-0.77454322576522827,-2.2108201847004239e-06,0.0020192733500152826,-1.9321821582707344e-06,4.7972207539714873e-07,-3.5832633784593781e-06,2.9208419505266647e-07,8
-0.49933195114135742,0.2097257673740387,-0.7479931116104126,-1.5244268070091493e-06,0.0019118321361020207,-2.0914415017614374e-06,1.2204030781504116e-06,4.2503230361035094e-05,-4.0893834807320673e-07,8
-0.28606691956520081,0.20981490612030029,-0.71593642234802246,-2.118605948453478e-07,0.0018362504197284579,-2.6838190478883917e-06,8.2546017665663385e-07,7.5011041190009564e-05,-3.8299046423162508e-07,8
-0.094996891915798187,0.20937161147594452,-0.70556294918060303,1.2584858950503985e-06,0.0018014531815424562,-2.5919998734025285e-06,-4.2348116835455585e-07,9.0081004600506276e-05,-8.8225527861141018e-07,8
0.095003865659236908,0.20937319099903107,-0.70556265115737915,1.910058244902757e-06,0.0018025729805231094,-2.5442441256018355e-06,-7.9510749628752819e-07,9.0154346253257245e-05,-7.3968516289824038e-07,8
0.28607085347175598,0.2098192423582077,-0.71593582630157471,2.3777358819643268e-06,0.0018390041077509522,-2.6407810764794704e-06,-5.4408701544161886e-07,7.52869455027394e-05,-7.4378469605562714e-08,8
0.49933236837387085,0.20973031222820282,-0.74799197912216187,2.4695787033124361e-06,0.0019149334402754903,-2.2235551568883238e-06,-4.9150230552186258e-07,4.3376345274737105e-05,2.7448548323150135e-08,8
0.77454453706741333,0.21714174747467041,-0.77454143762588501,2.0442716959223617e-06,0.0020225748885422945,-2.0739500996569404e-06,2.1079584655581129e-07,-1.9697472453117371e-06,2.6226871341350488e-07,8
0.92799937725067139,0.25018492341041565,-0.7487526535987854,1.9498409074003575e-06,0.0020484270062297583,-2.0544316612358671e-06,3.8054164974710147e-07,-1.3222451343608554e-05,3.5687887134372431e-07,8
-0.92799949645996094,0.24206919968128204,-0.51712954044342041,-2.0132208646828076e-06,0.0019608417060226202,-1.4199483757693088e-06,7.8887842391850427e-06,2.1304002075339667e-05,1.2021699831166188e-06,8
-0.74799621105194092,0.20972634851932526,-0.49933069944381714,-2.4627540824440075e-06,0.0019118338823318481,-1.3446675666273222e-06,4.8468377826793585e-06,4.251021528034471e-05,1.2643043874049908e-06,8
-0.44775781035423279,0.23211994767189026,-0.44775769114494324,-3.0814196634310065e-06,0.001713426667265594,-2.7754251732403645e-06,3.1355600640381454e-06,0.00012824311852455139,3.0534667985193664e-06,8
-0.25882109999656677,0.24317941069602966,-0.47287458181381226,5.9485950032467372e-07,0.0016883412608876824,-7.6707547123078257e-06,-8.9539634018365177e-07,0.00017083364946302027,6.8267567257862538e-05,8
-0.082173451781272888,0.24959190189838409,-0.46975687146186829,5.4624088079435751e-06,0.0016748780617490411,-3.6068465760763502e-06,-4.7245597670553252e-05,0.00014557268877979368,3.0560725008399459e-06,8
0.082191459834575653,0.24959702789783478,-0.4697539210319519,-2.1131884864189487e-07,0.0016769809881225228,-3.3675601116556209e-06,-4.7746860218467191e-05,0.00014526884478982538,2.4138691969710635e-06,8
0.25883284211158752,0.24319350719451904,-0.47286966443061829,3.4074730592692504e-06,0.0016945466632023454,-7.1440722422266845e-06,-2.1669552552339155e-06,0.00012189381959615275,-2.8538468541228212e-05,8
0.44776448607444763,0.23213458061218262,-0.44775712490081787,4.8722258725319989e-06,0.0017217493150383234,-2.7259768557996722e-06,-2.0040579329361208e-06,0.00012797769159078598,3.3053945571737131e-06,8
0.7479928731918335,0.20973335206508636,-0.49932882189750671,2.282638888573274e-06,0.0019176113419234753,-1.6796747104308452e-06,8.604137633483333e-07,4.4486947444966063e-05,1.4369628615895635e-06,8
0.92799931764602661,0.24207545816898346,-0.51712846755981445,1.8545674720371608e-06,0.0019662242848426104,-1.7134649397121393e-06,1.530024633211724e-06,2.3378523110295646e-05,1.1816927099062013e-06,8
-0.92799949645996094,0.23948413133621216,-0.30160978436470032,4.6887662392691709e-06,0.0019048812100663781,-5.3198505156615283e-07,-9.4187351351138204e-05,4.5339107600739226e-05,1.1593634781092987e-06,8
-0.71593725681304932,0.2098141610622406,-0.28606885671615601,-3.0702881304023322e-06,0.0018362547270953655,-8.8603336223513907e-08,7.8183074947446585e-06,7.5063428084831685e-05,7.4060307042600471e-07,8
-0.47287648916244507,0.2431793212890625,-0.25882109999656677,-8.0889512901194394e-06,0.0016883456846699119,7.1766459086575196e-07,6.888677307870239e-05,0.00017090349865611643,-1.4940444543753983e-06,8
-0.26638397574424744,0.31183668971061707,-0.26638171076774597,-4.9144432523462456e-07,0.0016301019350066781,-3.8070476193752256e-07,-2.0939408784670377e-07,0.00016465548833366483,-1.2853129192080814e-06,8
-0.077059835195541382,0.30787238478660583,-0.26616469025611877,1.0606101568555459e-05,0.0016106124967336655,-2.453095646615111e-07,-0.0001245748862856999,0.00017417942581232637,-8.6270397048338054e-08,8
0.077093608677387238,0.30787938833236694,-0.26616498827934265,-4.0328959585167468e-06,0.0016133708413690329,-2.1911749570335814e-07,-0.00010985624248860404,0.0001741479936754331,2.0455713638511952e-06,8
0.26639574766159058,0.31185981631278992,-0.26638269424438477,4.6267577999969944e-06,0.0016402940964326262,-4.1561190755601274e-07,-3.1003489766590064e-06,0.00016448435781057924,3.9199790080601815e-06,8
0.47287666797637939,0.24320085346698761,-0.25882282853126526,9.1276488092262298e-06,0.0016990256262943149,2.6329334446018038e-07,2.9835508030373603e-05,0.00012270407751202583,3.2070997804112267e-06,8
0.71593821048736572,0.2098253071308136,-0.28606569766998291,2.9384643767116359e-06,0.0018439640989527106,-5.9786185602206388e-07,1.3789416470899596e-06,7.7012220572214574e-05,1.6964775113592623e-06,8
0.92799907922744751,0.23949389159679413,-0.30160877108573914,1.6296646663249703e-06,0.0019116868497803807,-9.7425220246805111e-07,4.3112709136039484e-06,4.770699524669908e-05,1.3973861996419146e-06,8
-0.92799967527389526,0.23871463537216187,-0.099163815379142761,-1.9825824892905075e-06,0.0018748752772808075,5.72422095501679e-07,6.9396601247717626e-06,5.8474248362472281e-05,5.8700430827229866e-07,8
-0.70556539297103882,0.20937162637710571,-0.094999365508556366,-3.3411408821848454e-06,0.0018014806555584073,1.2986763522349065e-06,3.0673616038257023e-06,9.0196255769114941e-05,-5.4784203484814498e-07,8
-0.46976000070571899,0.24959352612495422,-0.082175076007843018,-4.0218160393123981e-06,0.001674913102760911,5.2412401601031888e-06,4.3355612433515489e-06,0.0001456669851904735,-4.5383978431345895e-05,8
-0.26616102457046509,0.30787128210067749,-0.077060751616954803,-2.1891304413657053e-07,0.0016106095863506198,1.0131649105460383e-05,1.1242829032198642e-06,0.00017413751629646868,-0.00012043790047755465,8
-0.066189400851726532,0.30526736378669739,-0.066189363598823547,7.6642581916530617e-06,0.0015805419534444809,6.9561720010824502e-06,-4.6629680582555011e-05,0.0001881283096736297,-4.4088181311963126e-05,8
0.066210240125656128,0.30527356266975403,-0.066195227205753326,2.4738822048675502e-06,0.0015829233452677727,8.3400400399114005e-06,-5.3091487643541768e-05,0.00018826451560016721,4.3025233026128262e-05,8
0.26617142558097839,0.30789703130722046,-0.07707638293504715,4.9057744035962969e-06,0.0016224154969677329,1.3055370800429955e-05,-1.4792339015912148e-06,0.00017473821935709566,0.00010245946032227948,8
0.46976128220558167,0.24961709976196289,-0.082179464399814606,5.0575772547745146e-06,0.0016870845574885607,6.4731921156635508e-06,-1.0963730119328829e-06,0.00014660994929727167,4.5731016143690795e-05,8
0.70556437969207764,0.20938408374786377,-0.094996877014636993,2.917119445555727e-06,0.0018102687317878008,8.3731634958894574e-07,1.4389546549864463e-06,9.246635454474017e-05,1.6408300780312857e-06,8
0.92799901962280273,0.23872470855712891,-0.099162377417087555,1.5402027884192648e-06,0.0018825497245416045,4.8236458383144054e-08,5.076504749013111e-06,6.1159953474998474e-05,1.091271883524314e-06,8
-0.92799931764602661,0.23871563374996185,0.099167115986347198,-2.2660506147076376e-06,0.0018756504869088531,1.5203946759356768e-06,-3.9289830056077335e-06,5.8652363804867491e-05,-3.0657929528388195e-08,8
-0.70556604862213135,0.20937362313270569,0.09500449150800705,-3.2145810564543353e-06,0.0018026732141152024,1.9009926290891599e-06,8.9568624161984189e-07,9.0346431534271687e-05,-4.9876007324201055e-07,8
-0.46975800395011902,0.24959813058376312,0.082193687558174133,-3.5659893455886049e-06,0.0016770920483395457,4.5158196826378116e-07,5.7873121477314271e-06,0.00014550982450600713,3.9317030314123258e-05,8
-0.26616260409355164,0.30787765979766846,0.077092580497264862,1.0077893364268675e-07,0.0016133165918290615,-1.541525080028805e-06,2.19905791709607e-06,0.0001738860592013225,9.0342553448863328e-05,8
-0.066194459795951843,0.3052746057510376,0.066210515797138214,8.0703184721642174e-06,0.0015829236945137382,2.565232307460974e-06,-4.4021959183737636e-05,0.00018823657592292875,3.6759483919013292e-05,8
0.066211901605129242,0.30527913570404053,0.066212594509124756,6.0540264712471981e-06,0.0015853948425501585,5.3281769396562595e-06,-2.7369148938305443e-06,0.00018846009334083647,2.4269864340453751e-08,8
0.26617294549942017,0.30790436267852783,0.077098198235034943,4.6966729314590339e-06,0.0016255965456366539,5.4220931815507356e-06,-1.6181273565507581e-07,0.00017525510338600725,-5.3037638281239197e-07,8
0.46975976228713989,0.24962128698825836,0.082196846604347229,4.0977733988256659e-06,0.0016897930763661861,3.7789843645441579e-06,-4.9884874897543341e-07,0.00014687886869069189,1.5800582104930072e-06,8
0.70556247234344482,0.20938661694526672,0.095004938542842865,2.6589823391987011e-06,0.0018116799183189869,1.6776093616499566e-06,7.8953456750241457e-07,9.2798138211946934e-05,8.1600427392913844e-07,8
0.92799925804138184,0.23872609436511993,0.099168054759502411,1.7934710285771871e-06,0.0018833960639312863,9.9001829312328482e-07,2.5486153845122317e-06,6.159651093184948e-05,5.1298570724611636e-07,8
-0.92799925804138184,0.23948755860328674,0.30161285400390625,-2.3758041152177611e-06,0.0019069230183959007,2.1991561425238615e-06,-1.6516604546268354e-06,4.5883931306889281e-05,-3.533181995862833e-07,8
-0.71593940258026123,0.20981898903846741,0.28607237339019775,-3.0677949780510971e-06,0.0018391672056168318,2.5014523998834193e-06,1.1739642786778859e-06,7.5538402597885579e-05,-8.8614336846148944e-07,8
-0.47287088632583618,0.24319356679916382,0.25883284211158752,-5.1162542149540968e-06,0.0016956962645053864,3.1947597562975716e-06,3.4697939554462209e-05,0.00015233059821184725,-1.7330033870166517e-06,8
-0.26638719439506531,0.3118584156036377,0.26639172434806824,1.548349928270909e-07,0.001640115980990231,4.0641548366693314e-06,2.863460167645826e-06,0.00016414209676440805,-2.5133019789791433e-06,8
-0.077077038586139679,0.30789962410926819,0.26617196202278137,1.0595752428343985e-05,0.0016223662532866001,4.5257129386300221e-06,-9.8493554105516523e-05,0.00017447279242333025,-2.2042602267902112e-06,8
0.077094607055187225,0.30790698528289795,0.26617312431335449,5.7864281188813038e-06,0.0016255988739430904,4.5899696488049813e-06,-2.6751283712656004e-06,0.00017521668632980436,-1.7006640291583608e-06,8
0.26639237999916077,0.31188380718231201,0.26639339327812195,4.1077164496527985e-06,0.0016518681077286601,4.160624484939035e-06,3.2201566568801354e-07,0.00016669857723172754,-8.8843529510995722e-07,8
0.47286775708198547,0.24321511387825012,0.25883102416992188,3.4751678867905866e-06,0.0017085738945752382,3.2672614906914532e-06,-1.34029960463522e-07,0.00013984854740556329,5.9624198911478743e-08,8
0.71593451499938965,0.20983000099658966,0.28607264161109924,2.4492762804584345e-06,0.0018473267555236816,1.9974954739154782e-06,3.1315491355599079e-07,7.8011064033489674e-05,1.5821113663605502e-07,8
0.92799985408782959,0.23949648439884186,0.30161395668983459,2.0305440102674766e-06,0.001913874177262187,1.6596067098362255e-06,7.6115151159683592e-07,4.8904908908298239e-05,-5.0695231124109341e-08,8
-0.92799919843673706,0.24207247793674469,0.51713210344314575,-2.2673541479889536e-06,0.0019635315984487534,2.5089918835874414e-06,-4.291973425551987e-07,2.2260936020757072e-05,-3.6017351590089675e-07,8
-0.74799233675003052,0.20973066985607147,0.4993320107460022,-2.4733415102673462e-06,0.001915037864819169,2.7268808935332345e-06,2.9159988912397239e-07,4.3463656766107306e-05,-7.0404433927251375e-07,8
-0.44776514172554016,0.23213803768157959,0.44776433706283569,-2.7032735943066655e-06,0.001721984357573092,4.8675510697648861e-06,6.8164758886268828e-06,0.00012942706234753132,-5.9570443227130454e-06,8
-0.25882676243782043,0.24320207536220551,0.47286975383758545,5.5061809689505026e-07,0.0017001812811940908,6.9147272370173596e-06,2.5459578409936512e-06,0.0001531373563921079,-3.4001357562374324e-05,8
-0.082184441387653351,0.24961726367473602,0.46975317597389221,5.8716655075841118e-06,0.0016872016713023186,4.9476229833089747e-06,-4.1531046008458361e-05,0.00014684743655379862,-4.9900695557880681e-06,8
0.082191325724124908,0.24962344765663147,0.46975615620613098,4.0363906919083092e-06,0.0016898363828659058,4.1608764149714261e-06,-3.407330666505004e-07,0.00014697316510137171,-2.0675634004874155e-06,8
0.25882846117019653,0.24321600794792175,0.47286760807037354,3.1976292120816652e-06,0.0017085857689380646,3.5886823752662167e-06,8.4917240883441991e-07,0.00013991839659865946,-8.1386582451159484e-07,8
0.44776013493537903,0.23215374350547791,0.44776076078414917,3.0273104130174033e-06,0.0017320563783869147,3.1709021186543396e-06,1.710486543515799e-07,0.00012984964996576309,-1.8198987561390823e-07,8
0.74799251556396484,0.20973826944828033,0.49933314323425293,2.1807811663165921e-06,0.0019210592145100236,2.1130917957634665e-06,3.212039416666812e-07,4.6198252675822005e-05,-2.0476589668305678e-07,8
0.92799901962280273,0.24207897484302521,0.51713168621063232,2.0565792056004284e-06,0.0019690105691552162,2.0141226286796154e-06,4.2809912770280789e-07,2.5061888663913123e-05,-2.8262317641747359e-07,8
-0.92799901962280273,0.25018495321273804,0.7487524151802063,-1.9248170701757772e-06,0.0020479629747569561,2.4694893454579869e-06,-4.2061626004397112e-07,-1.3452953680825885e-05,-1.1274777733660812e-07,8
-0.77454358339309692,0.21714264154434204,0.77454304695129395,-1.8751923107629409e-06,0.0020226670894771814,2.4479081730532926e-06,-2.290869218768421e-07,-1.9487924873828888e-06,-1.7832006449225446e-07,8
-0.49933302402496338,0.20973457396030426,0.74799203872680664,-1.5644333188902237e-06,0.0019177385838702321,2.3394136405840982e-06,1.3204668221078464e-06,4.4556796638062224e-05,-1.5296562594357965e-07,8
-0.28606981039047241,0.20982648432254791,0.71593338251113892,-5.2736999123226269e-07,0.0018441519932821393,2.5780307169043226e-06,1.9790052192547591e-06,7.7246215369086713e-05,9.8962111394484964e-08,8
-0.09500063955783844,0.2093861997127533,0.70555633306503296,9.4005224582360825e-07,0.0018103927141055465,2.4248897716461215e-06,1.399584334649262e-06,9.2640977527480572e-05,8.5812865791012882e-07,8
0.095001563429832458,0.20938746631145477,0.70555806159973145,1.6771319906183635e-06,0.0018117313738912344,2.2930762497708201e-06,1.0529186056373874e-06,9.2902912001591176e-05,6.4535464616710669e-07,8
0.28606969118118286,0.20983050763607025,0.71593254804611206,1.903825932458858e-06,0.0018473530653864145,2.3247998797160108e-06,3.7460719681803312e-07,7.8059958468656987e-05,-1.6225611432219011e-07,8
0.49933174252510071,0.2097385972738266,0.74799203872680664,1.9911205981770763e-06,0.0019210763275623322,2.2807323603046825e-06,-1.8589842909477738e-07,4.6198252675822005e-05,-3.5891159200218681e-07,8
0.77454310655593872,0.21714530885219574,0.77454203367233276,1.9967017124145059e-06,0.0020259737502783537,2.1570403987425379e-06,1.7134196639290167e-07,1.6065312991031533e-07,4.0115534005735753e-08,8
0.92799985408782959,0.25018841028213501,0.74875205755233765,2.0022484932269435e-06,0.0020514638163149357,2.1399423530965578e-06,2.7397388180361304e-07,-1.126667393691605e-05,2.8212523872639395e-08,8
-0.92799901962280273,0.26329195499420166,0.92799949645996094,-1.8383478845862555e-06,0.002078512916341424,2.4309024411195423e-06,-4.2543885570012208e-07,-2.6640480427886359e-05,-3.9105994886767803e-08,8
-0.7487524151802063,0.25018543004989624,0.92799925804138184,-1.8014015950029716e-06,0.0020485201384872198,2.3565482933918247e-06,-1.5591920998758724e-07,-1.3208481504989322e-05,-9.4883027657033381e-08,8
-0.51713013648986816,0.24207660555839539,0.92799925804138184,-1.5475397958653048e-06,0.0019663292914628983,1.862162434917991e-06,8.6805692944835755e-07,2.3420432626153342e-05,1.1246537496845121e-06,8
-0.30161169171333313,0.23949481546878815,0.92799907922744751,-9.0037622157979058e-07,0.0019117931369692087,8.1052513678514515e-07,1.3522246717911912e-06,4.7787321818759665e-05,8.1892176240216941e-06,8
-0.09916561096906662,0.23872613906860352,0.92799890041351318,4.7929194835205635e-08,0.0018826326122507453,1.7509890426481434e-07,1.252932520401373e-06,6.1240280047059059e-05,1.137415074481396e-05,8
0.099164962768554688,0.23872709274291992,0.92799907922744751,9.328816190645739e-07,0.0018834492657333612,6.3263757965614786e-07,6.519183557429642e-07,6.1645405367016792e-05,8.3177301348769106e-06,8
0.30161130428314209,0.23949719965457916,0.92799931764602661,1.5669900221837452e-06,0.0019139077048748732,1.6798310298327124e-06,-3.1166109693003818e-08,4.8915386287262663e-05,1.2510371334428783e-06,8
0.51713001728057861,0.24207957088947296,0.92799919843673706,1.8983494101121323e-06,0.0019690315239131451,2.1439332158479374e-06,-3.1859823934610176e-07,2.5061888663913123e-05,-2.1314916409664875e-07,8
0.74875271320343018,0.25018846988677979,0.92799979448318481,1.9901601717720041e-06,0.0020514689385890961,2.1681260022887727e-06,4.4672102461618124e-08,-1.126667393691605e-05,7.1527203715504584e-08,8
0.92799913883209229,0.26329466700553894,0.92799913883209229,1.9990498003608081e-06,0.0020815355237573385,2.1579826352535747e-06,1.8501849297081208e-07,-2.465676334395539e-05,1.4392752234471118e-07,8
-0.92799913883209229,0.48166242241859436,-0.92799925804138184,-2.1798177840537392e-06,0.0022024482022970915,-2.1758760340162553e-06,-1.0641087300200525e-07,-8.6354550148826092e-05,2.8082919811822649e-07,8
-0.75605261325836182,0.4767448902130127,-0.92799919843673706,-2.1085670596221462e-06,0.002184154000133276,-2.1988662410876714e-06,1.1810242739329624e-07,-7.8272998507600278e-05,2.4797145670163445e-07,8
-0.51752585172653198,0.46523860096931458,-0.92799907922744751,-1.6048995803430444e-06,0.0020986292511224747,-2.3328525458055083e-06,1.0617793577694101e-06,-4.0763985452940688e-05,1.0436450814665932e-08,8
-0.30042460560798645,0.46026515960693359,-0.92749261856079102,-8.4765002839048975e-07,0.0020416306797415018,-2.3446730210707756e-06,1.062207388713432e-06,-1.57160684466362e-05,-5.8444123851586482e-07,8
-0.098649583756923676,0.45779740810394287,-0.92425143718719482,1.6215777520756092e-07,0.0020078502129763365,-2.2529768557433272e-06,5.7695666555446223e-07,-6.3562760033164523e-07,-1.2327426475167158e-06,8
0.098652414977550507,0.45779815316200256,-0.92425233125686646,1.0858921086764894e-06,0.0020085731521248817,-2.2060103219700977e-06,-2.1739195332770578e-08,-4.8195943236351013e-07,-1.2844201364714536e-06,8
0.30042669177055359,0.46026736497879028,-0.92749255895614624,1.7518652839498827e-06,0.0020435184706002474,-2.2159622403705725e-06,-4.6721194735255267e-07,-1.521315334684914e-05,-8.6667563437003992e-07,8
0.51752597093582153,0.46524128317832947,-0.92799913883209229,2.0422905890882248e-06,0.0021011049393564463,-2.1761168227385497e-06,-5.2717723519890569e-07,-3.9862930862000212e-05,-5.5377307717208168e-07,8
0.75605064630508423,0.47674742341041565,-0.92799973487854004,1.967167918337509e-06,0.0021871230565011501,-2.1494731754501117e-06,4.5292832595578147e-08,-7.671536150155589e-05,-1.0913935533096719e-08,8
0.92799913883209229,0.48166513442993164,-0.92799913883209229,1.9351000446476974e-06,0.0022055297158658504,-2.1516964352485957e-06,1.7523687745324423e-07,-8.4678169514518231e-05,1.2209284250275232e-07,8
-0.92799896001815796,0.4767448902130127,-0.75605249404907227,-2.2483670818473911e-06,0.0021841537673026323,-2.0966456304449821e-06,3.0456703825620934e-08,-7.8272998507600278e-05,4.5251906044541101e-07,8
-0.78428661823272705,0.47384816408157349,-0.7842833399772644,-2.1848181859240867e-06,0.0021796755027025938,-2.1481853309524013e-06,7.5128802734525379e-08,-7.6282296504359692e-05,3.7153765219954948e-07,8
-0.49162420630455017,0.46456924080848694,-0.73412412405014038,-1.5256953247444471e-06,0.0020774009171873331,-2.5258543701056624e-06,1.2069925787727698e-06,-3.1606759876012802e-05,3.081890724843106e-07,8
-0.28330463171005249,0.45674923062324524,-0.69836181402206421,-6.8589628199333674e-07,0.0019971656147390604,-3.0333301310747629e-06,1.0429391750221839e-06,3.5902482977689942e-06,6.6533397102830349e-07,8
-0.093700654804706573,0.45312017202377319,-0.6877143383026123,5.9144304032088257e-07,0.0019532176665961742,-3.0238020372053143e-06,8.0766533017140318e-08,2.3329628675128333e-05,3.4884348565356049e-07,8
0.093704752624034882,0.45312303304672241,-0.68771332502365112,1.3295602911966853e-06,0.0019542628433555365,-2.9181626359786605e-06,-2.8631345116991724e-07,2.3490281819249503e-05,2.2614356964822946e-07,8
0.28330773115158081,0.45675349235534668,-0.69836437702178955,1.9526301002770197e-06,0.0019997667986899614,-2.793717612803448e-06,-5.7748360404730192e-07,4.0582381188869476e-06,2.3415167049734009e-07,8
0.49162313342094421,0.46457228064537048,-0.73412126302719116,2.1128389562363736e-06,0.0020801438950002193,-2.3300842713069869e-06,-6.6463138637118391e-07,-3.0796509236097336e-05,-2.4999735614983365e-07,8
0.78428524732589722,0.47385039925575256,-0.7842833399772644,1.9715566850209143e-06,0.0021829986944794655,-2.1262060272420058e-06,1.0372331615826624e-07,-7.4612900789361447e-05,1.5722206114787696e-07,8
0.92799931764602661,0.47674807906150818,-0.75604915618896484,1.9502458599163219e-06,0.002187743317335844,-2.1014018329879036e-06,2.0655987498230388e-07,-7.6484859164338559e-05,2.9633380904670048e-07,8
-0.92799913883209229,0.46523779630661011,-0.51752448081970215,-2.4858213691913988e-06,0.0020986264571547508,-1.5671499795644195e-06,2.5654228466009954e-06,-4.0763985452940688e-05,1.1933262840102543e-06,8
-0.73412662744522095,0.46456807851791382,-0.4916212260723114,-2.7703381419996731e-06,0.0020773957949131727,-1.4801336192249437e-06,1.4642886299043312e-06,-3.159279003739357e-05,1.3135160088495468e-06,8
-0.38815581798553467,0.47289717197418213,-0.38814973831176758,-5.1850411182385869e-06,0.0016486202366650105,-5.024183337809518e-06,1.6926042007980868e-05,0.00014291841944213957,1.6823518308228813e-05,8
-0.22500242292881012,0.48115891218185425,-0.37937852740287781,-5.0857306632678956e-07,0.0016358508728444576,-8.4673229139298201e-06,-5.3756693887407891e-06,9.9091550509911031e-05,6.8766144977416843e-05,8
-0.068978235125541687,0.49037536978721619,-0.38257241249084473,3.0524283829436172e-06,0.0016303593292832375,-5.0561475291033275e-06,-1.9604101908043958e-05,0.00016667063755448908,3.845129867841024e-06,8
0.068992279469966888,0.49038046598434448,-0.38257318735122681,1.87470834589476e-06,0.0016336051048710942,-4.7922662815835793e-06,-1.0952629054372665e-05,0.00016726784815546125,3.1719989692646777e-06,8
0.2250128835439682,0.48118028044700623,-0.37937554717063904,3.8206294448173139e-06,0.0016473137075081468,-7.794974408170674e-06,2.0273864720365964e-06,0.00019636702199932188,-2.8161079171695746e-05,8
0.38816049695014954,0.47293263673782349,-0.38815096020698547,6.4495898186578415e-06,0.0016648740274831653,-4.275945684639737e-06,-1.1726137017831206e-05,0.00014776246098335832,1.2824842997360975e-05,8
0.73412197828292847,0.46457856893539429,-0.49162060022354126,2.2997853648121236e-06,0.0020846652332693338,-1.6379896123908111e-06,1.7348382641557691e-07,-2.9315704523469321e-05,1.2176268455732497e-06,8
0.92799913883209229,0.46524640917778015,-0.51752376556396484,2.0434122234291863e-06,0.002105021383613348,-1.7150464373116847e-06,5.9605093838399625e-07,-3.8486901758005843e-05,1.0646203918440733e-06,8
-0.92749619483947754,0.46026375889778137,-0.30042415857315063,-2.3108484583644895e-06,0.0020416297484189272,-7.9811081832303898e-07,7.437335625581909e-06,-1.5695113688707352e-05,1.1338657941450947e-06,8
-0.69836407899856567,0.45674696564674377,-0.28330403566360474,-3.3285787139902823e-06,0.0019971588626503944,-6.3023043139764923e-07,3.1099123134481488e-06,3.6112030556978425e-06,1.0551968898653286e-06,8
-0.37938389182090759,0.48115462064743042,-0.22500032186508179,-8.6227646534098312e-06,0.0016358342254534364,-4.1486731561235501e-07,6.9139372499193996e-05,9.9046148534398526e-05,-6.0185248003108427e-06,8
0.3793807327747345,0.48120316863059998,-0.2250036746263504,9.6168478194158524e-06,0.0016573629109188914,-4.4720448499901977e-07,2.9275704946485348e-05,0.00019644036365207285,-1.3664622429132578e-06,8
0.69836390018463135,0.45676437020301819,-0.28330427408218384,2.8810341063945089e-06,0.0020069712772965431,-8.9605538278192398e-07,2.0347668439057998e-08,5.9790904742840212e-06,1.292721549361886e-06,8
0.92749261856079102,0.46027687191963196,-0.30042341351509094,2.0660522750404198e-06,0.0020498698577284813,-1.0577881539575174e-06,1.461873921471124e-06,-1.3187526747060474e-05,1.1435348596933181e-06,8
-0.9242551326751709,0.45779559016227722,-0.098649397492408752,-2.6044688183901599e-06,0.0020078558009117842,2.2275472133514995e-07,2.6174277536483714e-06,-6.0768792309318087e-07,6.1162933207015158e-07,8
-0.68771588802337646,0.45311757922172546,-0.093700051307678223,-3.4612673971423646e-06,0.0019532137084752321,6.3602902855564025e-07,1.4061855608815677e-06,2.335407589271199e-05,-3.2668481253494974e-08,8
-0.38257902860641479,0.49037256836891174,-0.068974860012531281,-5.127111762703862e-06,0.0016302759759128094,3.0007488476258004e-06,4.8585839067527559e-06,0.00016617820074316114,-1.8804970750352368e-05,8
0.38257905840873718,0.4904380738735199,-0.068980954587459564,5.6813964874891099e-06,0.0016578030772507191,3.2542368444410386e-06,-1.7731871366777341e-06,0.00016766598855610937,9.350964319310151e-06,8
0.68771481513977051,0.45313936471939087,-0.093700014054775238,2.9620277928188443e-06,0.0019649213645607233,3.2414851602879935e-07,-3.3328433346468955e-08,2.5823244868661277e-05,9.2851246336067561e-07,8
0.92425346374511719,0.45781025290489197,-0.098648518323898315,2.1045907487859949e-06,0.0020173345692455769,-1.128408584349927e-07,1.5480599131478812e-06,2.1164305508136749e-06,7.7529210784632596e-07,8
-0.92425304651260376,0.45779666304588318,0.098652638494968414,-2.6187635739916004e-06,0.0020085945725440979,1.1727646551662474e-06,-9.3273223455980769e-07,-4.6100464601295243e-07,-1.0163603292312473e-09,8
-0.68771517276763916,0.45312070846557617,0.093705244362354279,-3.2786272186058341e-06,0.0019542702939361334,1.369179926768993e-06,8.6494986817342578e-07,2.3392492948914878e-05,-2.0669970979270147e-07,8
-0.382579505443573,0.49038019776344299,0.068992607295513153,-4.6226705308072269e-06,0.0016333576058968902,2.184961431339616e-06,5.4344304771802854e-06,0.00016548320127185434,5.8518953665043227e-06,8
0.38257876038551331,0.4904504120349884,0.068993955850601196,4.7960184019757435e-06,0.0016618990339338779,3.2354141694668215e-06,-1.2584858950503985e-06,0.00016846576181706041,4.2746475514832127e-07,8
0.68771505355834961,0.453142911195755,0.093705922365188599,2.7710104859579587e-06,0.0019662508275359869,1.1684211358442553e-06,-1.8994340678091248e-07,2.6172490834142081e-05,2.7887833198292356e-07,8
0.92425161600112915,0.45781153440475464,0.098653189837932587,2.1998239390086383e-06,0.0020182279404252768,8.1767808524091379e-07,7.0931031359577901e-07,2.4517064503015717e-06,1.7954958764221374e-07,8
-0.92749232053756714,0.46026709675788879,0.30042693018913269,-2.5406361601199023e-06,0.0020435634069144726,1.8996745438926155e-06,-6.1254462480064831e-07,-1.521315334684914e-05,-4.1421114360673528e-07,8
-0.69836682081222534,0.45675203204154968,0.28330719470977783,-3.0456953936663922e-06,0.0019997905474156141,2.0580196178343613e-06,9.4971022690515383e-07,3.9045698940753937e-06,-7.6296595352687291e-07,8
-0.37938058376312256,0.48117849230766296,0.22501569986343384,-5.4025967983761802e-06,0.0016449037939310074,3.7039151266071713e-06,3.3747772249625996e-05,0.00013378914445638657,-1.7979958784053451e-06,8
0.37937861680984497,0.48123779892921448,0.22501696646213531,3.9991632547753397e-06,0.0016679728869348764,3.452069677223335e-06,-7.4409848593859351e-07,0.00016749136557336897,-5.5850699709480978e-07,8
0.69836103916168213,0.45677047967910767,0.28330916166305542,2.5290919438702986e-06,0.0020102169364690781,1.6794634802863584e-06,-1.1606970673483374e-07,6.9919037741783541e-06,-2.8271185215089645e-07,8
0.92749208211898804,0.46028083562850952,0.3004283607006073,2.2411261397792259e-06,0.0020521632395684719,1.5424041066580685e-06,2.1317644893770193e-07,-1.2272502317500766e-05,-3.7997548929524783e-07,8
-0.92799913883209229,0.46524253487586975,0.51752644777297974,-2.3740033157082507e-06,0.0021011712960898876,2.2935005290491972e-06,-1.9134175488488836e-07,-3.9862930862000212e-05,-4.9749814934330061e-07,8
-0.73412132263183594,0.46457293629646301,0.49162313342094421,-2.5536917291901773e-06,0.0020802016369998455,2.3192480966827134e-06,1.5724252477866685e-07,-3.0831433832645416e-05,-6.6730530079439632e-07,8
-0.38815420866012573,0.47293874621391296,0.38815760612487793,-3.3682883895380655e-06,0.0016638538800179958,5.5581981541763525e-06,8.3777076724800281e-06,0.00015180323680397123,-7.4097165452258196e-06,8
-0.22500710189342499,0.48120751976966858,0.37937924265861511,-2.9978588145240792e-07,0.0016549567226320505,7.2147067839978263e-06,2.295976628374774e-06,0.00013385550118982792,-3.2826144888531417e-05,8
-0.068984612822532654,0.49044600129127502,0.38257792592048645,2.9659167921636254e-06,0.0016575636109337211,5.47807803741307e-06,-7.6448914114735089e-06,0.00016587086429353803,-4.2659030441427603e-06,8
0.068988412618637085,0.49045780301094055,0.38257905840873718,3.2930631732597249e-06,0.0016618240624666214,4.8251185944536701e-06,-4.9065647544921376e-07,0.00016795586270745844,-2.4899734398786677e-06,8
0.22501194477081299,0.48123764991760254,0.37937995791435242,3.3589858503546566e-06,0.0016679603140801191,4.1210732888430357e-06,1.2792497727787122e-07,0.00016744596359785646,-1.3025645557718235e-06,8
0.38815495371818542,0.47298380732536316,0.38816022872924805,3.4609965950949118e-06,0.0016839562449604273,3.6022158838022733e-06,-4.0687152136342775e-07,0.00016067059186752886,-6.9806895908186561e-07,8
0.73412185907363892,0.46458473801612854,0.49162459373474121,2.2780698145652423e-06,0.0020879674702882767,1.9685451206896687e-06,1.2356622391962446e-07,-2.8009524612571113e-05,-6.2239445242084912e-07,8
0.92799901962280273,0.46525195240974426,0.51752698421478271,2.1888474748266162e-06,0.0021079180296510458,1.9789049474638887e-06,2.2752145412141545e-07,-3.715278216986917e-05,-5.9397046925369068e-07,8
-0.92799896001815796,0.47674867510795593,0.7560502290725708,-2.0289239728299435e-06,0.0021872138604521751,2.4264329567813547e-06,-1.7092587256684055e-07,-7.6736316259484738e-05,-1.5591238877732394e-07,8
-0.78428459167480469,0.47385275363922119,0.78428459167480469,-1.9831320514640538e-06,0.002183093223720789,2.4252756247733487e-06,-5.074297959595242e-08,-7.4626870627980679e-05,-1.5355225002622319e-07,8
-0.49162393808364868,0.46458160877227783,0.73412114381790161,-1.5889822861936409e-06,0.002084765350446105,2.4685311927896691e-06,1.2171800563010038e-06,-2.9364598958636634e-05,-4.6590909619226295e-07,8
-0.28330698609352112,0.45676866173744202,0.69836366176605225,-8.841421959004947e-07,0.0020070502068847418,2.8300828489591368e-06,1.5768351886435994e-06,5.804467491543619e-06,-1.0907523346759262e-06,8
-0.093703314661979675,0.45314481854438782,0.68771320581436157,3.1763062224854366e-07,0.0019649884197860956,2.8711551749438513e-06,9.6902704171952792e-07,2.571148615970742e-05,-1.074054125638213e-06,8
0.093702204525470734,0.45314720273017883,0.68771016597747803,1.1084003972428036e-06,0.0019663011189550161,2.7255352961219614e-06,5.0980702326341998e-07,2.6179475753451698e-05,-7.6469171972348704e-07,8
0.2833055853843689,0.45677381753921509,0.69836235046386719,1.581873561917746e-06,0.0020102576818317175,2.5939314127754187e-06,-1.8389640388249973e-07,6.9988886934879702e-06,-6.873187317069096e-07,8
0.49162185192108154,0.46458616852760315,0.734122633934021,1.8629287978910725e-06,0.0020879993680864573,2.4502721771568758e-06,-6.1692043118455331e-07,-2.8016509531880729e-05,-4.673620139783452e-07,8
0.78428387641906738,0.47385618090629578,0.78428405523300171,2.1089049369038548e-06,0.0021866129245609045,2.2471351712738397e-06,-6.3321294874185696e-08,-7.2713002737145871e-05,-1.3690167577351531e-07,8
0.92799943685531616,0.47675305604934692,0.75604957342147827,2.1245698462735163e-06,0.0021909947972744703,2.2195263227331452e-06,3.695731365382926e-08,-7.4703704740386456e-05,-1.6676493430622941e-07,8
-0.92799913883209229,0.48166719079017639,0.92799913883209229,-1.9674887425935594e-06,0.0022056263405829668,2.4343778477486921e-06,-1.5192198077329522e-07,-8.4699124272447079e-05,-8.0531201263056573e-08,8
-0.75605124235153198,0.47674962878227234,0.92799913883209229,-1.9274630176369101e-06,0.0021878406405448914,2.4071428015304264e-06,3.3307969715679064e-08,-7.6505813922267407e-05,-1.0506709458013574e-07,8
-0.51752549409866333,0.46524912118911743,0.92799913883209229,-1.6312782236127532e-06,0.0021051240619271994,2.216000439148047e-06,9.511290386399196e-07,-3.8500871596625075e-05,1.290845830226317e-07,8
-0.30042624473571777,0.46028020977973938,0.92749196290969849,-1.0441356153023662e-06,0.0020499671809375286,1.8955007590193418e-06,1.1723442412403529e-06,-1.3208481504989322e-05,1.4995576975707081e-06,8
-0.098651424050331116,0.45781406760215759,0.92425388097763062,-1.5344082271440129e-07,0.0020174162928014994,1.6987850131044979e-06,8.9509325107428594e-07,2.1164305508136749e-06,2.0953598323103506e-06,8
0.098649740219116211,0.45781514048576355,0.92425328493118286,7.4096226398978615e-07,0.002018291037529707,1.8393561731500085e-06,2.7125736323796446e-07,2.4517064503015717e-06,1.4256362419473589e-06,8
0.30042406916618347,0.46028319001197815,0.92749249935150146,1.4480839354291675e-06,0.0020522093400359154,2.1814901174366241e-06,-3.623017335030454e-07,-1.2286472156119999e-05,2.6589075829974718e-08,8
0.51752454042434692,0.46525299549102783,0.92799907922744751,1.8754122947939322e-06,0.0021079485304653645,2.3427114683727268e-06,-6.1588360722453217e-07,-3.7166752008488402e-05,-3.2095837809720251e-07,8
0.75604927539825439,0.47675323486328125,0.92799931764602661,2.0927996047248598e-06,0.0021910001523792744,2.270747245347593e-06,-1.5820431542579172e-07,-7.4710689659696072e-05,-9.0381028883257386e-08,8
0.92799907922744751,0.48167061805725098,0.92799913883209229,2.1204018594289664e-06,0.0022088750265538692,2.252544845759985e-06,-3.8116919398589744e-08,-8.2813196058850735e-05,-6.1390892369672656e-08,8
-0.92799979448318481,0.71604955196380615,-0.92799979448318481,-2.1814212232129648e-06,0.0023347202222794294,-2.2750871266907779e-06,-3.5886383642491637e-08,-0.00014736781304236501,3.0136104101075034e-07,8
-0.75867420434951782,0.71251428127288818,-0.92799913883209229,-2.1187706806813367e-06,0.0023185319732874632,-2.3097734356269939e-06,1.3719498781483708e-07,-0.00014010349696036428,2.8464225465540949e-07,8
-0.51806849241256714,0.69631034135818481,-0.92799901962280273,-1.6522570831511985e-06,0.0022284951992332935,-2.5101874143729219e-06,9.9207682069391012e-07,-9.9856399174313992e-05,2.3491564604682935e-07,8
-0.30035829544067383,0.68881112337112427,-0.92770755290985107,-9.9963767752342392e-07,0.0021709990687668324,-2.5949148039217107e-06,9.8342070486978628e-07,-7.4082046921830624e-05,1.5777457917920401e-07,8
-0.098531179130077362,0.68530046939849854,-0.92418265342712402,-8.6669793120108807e-08,0.0021373322233557701,-2.5920694497472141e-06,5.1402952294665738e-07,-5.8771107433130965e-05,1.4474607290537733e-08,8
0.098532907664775848,0.68530160188674927,-0.92418211698532104,8.2547853708092589e-07,0.002138110576197505,-2.5238748548872536e-06,-9.6179057607059804e-08,-5.8652363804867491e-05,-1.0825259977309543e-07,8
0.30035987496376038,0.68881404399871826,-0.92770683765411377,1.5339619494625367e-06,0.0021729969885200262,-2.4133855731633957e-06,-5.6285210803252994e-07,-7.3655966843944043e-05,-2.1702361152620142e-07,8
0.51806902885437012,0.69631290435791016,-0.92799907922744751,1.8901466773968423e-06,0.0022310446947813034,-2.2948768219066551e-06,-6.3125520455287187e-07,-9.9032178695779294e-05,-2.69185420620488e-07,8
0.75867456197738647,0.71251767873764038,-0.92799925804138184,1.9147419152432121e-06,0.0023216381669044495,-2.2208444079296896e-06,2.7830536097894765e-08,-0.00013858778402209282,1.2948703442816623e-07,8
0.92799955606460571,0.71605312824249268,-0.92799985408782959,1.9045895669478341e-06,0.0023379491176456213,-2.214550704593421e-06,1.6820079906665342e-07,-0.00014574731176253408,2.2988159287251619e-07,8
-0.92799907922744751,0.71251422166824341,-0.75867003202438354,-2.2361555238603614e-06,0.0023185305763036013,-2.1994885628373595e-06,-3.7100559069358496e-08,-0.00014010349696036428,4.3743054334299813e-07,8
-0.78535705804824829,0.71097421646118164,-0.78535634279251099,-2.1791211111121811e-06,0.0023139403201639652,-2.2527995042764815e-06,6.3382685766555369e-08,-0.00013802899047732353,3.7579408740384679e-07,8
-0.49036458134651184,0.68877017498016357,-0.72831928730010986,-1.5614807580277557e-06,0.0021958805155009031,-2.6108243673661491e-06,1.0977440751958056e-06,-8.5292842413764447e-05,3.7719925671808596e-07,8
-0.28323784470558167,0.67901122570037842,-0.69679689407348633,-9.1267230573066627e-07,0.0021177865564823151,-2.8649526484514354e-06,9.7616123184707249e-07,-5.0305385229876265e-05,5.3705434766015969e-07,8
-0.092773519456386566,0.67606347799301147,-0.68662893772125244,7.4550293049924221e-08,0.0020735892467200756,-2.9845480185031192e-06,4.4013216893290519e-07,-3.01748495985521e-05,5.8984363704439602e-07,8
0.092776447534561157,0.67606598138809204,-0.68662720918655396,9.561746310282615e-07,0.0020748088136315346,-2.9082839319016784e-06,-1.1292853940858549e-07,-3.0153894840623252e-05,5.0230710257892497e-07,8
0.28324022889137268,0.67901605367660522,-0.6967930793762207,1.6327074945365894e-06,0.00212077796459198,-2.6695968244894175e-06,-5.8149106507698889e-07,-5.008186781196855e-05,2.2139600730497477e-07,8
0.49036368727684021,0.68877333402633667,-0.72831851243972778,1.9130293367197737e-06,0.002198799280449748,-2.3809950562281301e-06,-7.1501284537589527e-07,-8.4615305240731686e-05,-1.2935743143316358e-07,8
0.78535693883895874,0.71097773313522339,-0.78535401821136475,1.9355466065462679e-06,0.002317455830052495,-2.1856692455912707e-06,7.1343031038395566e-08,-0.0001364084891974926,2.5046801965800114e-07,8
0.92799919843673706,0.71251857280731201,-0.75866925716400146,1.9398873973841546e-06,0.002322332002222538,-2.1560974801104749e-06,1.5208568981961434e-07,-0.0001383642666041851,3.5680383803082805e-07,8
-0.92799913883209229,0.69630908966064453,-0.51806741952896118,-2.5595181796234101e-06,0.0022284910082817078,-1.664942828938365e-06,1.8936360390853224e-07,-9.9856399174313992e-05,1.0992004035870195e-06,8
-0.72832483053207397,0.68876796960830688,-0.49036186933517456,-2.6847051231015939e-06,0.0021958746947348118,-1.558429175929632e-06,2.4121845854097046e-07,-8.5285857494454831e-05,1.1805365147665725e-06,8
-0.37922203540802002,0.63492816686630249,-0.37921944260597229,-4.0756481212156359e-06,0.0016345076728612185,-3.9545202525914647e-06,3.5880518680642126e-06,0.00016377538850065321,3.5624586871563224e-06,8
-0.20136038959026337,0.63247883319854736,-0.37491893768310547,-1.3251111568024498e-06,0.0016270952764898539,-4.9766972551879007e-06,1.179571313514316e-06,0.00016845877689775079,3.8777216104790568e-06,8
-0.059081550687551498,0.64197808504104614,-0.37602025270462036,9.8337091003486421e-07,0.0016282652504742146,-5.1899132813559845e-06,-2.2273637512171263e-07,0.00017034819757100195,3.3590774819458602e-06,8
0.059087317436933517,0.64198893308639526,-0.37602260708808899,1.900099846352532e-06,0.0016320685390383005,-5.0302937779633794e-06,-1.6068041475136852e-07,0.00017022596148308367,3.0273620268417289e-06,8
0.20136567950248718,0.63252383470535278,-0.37491068243980408,3.4728018363239244e-06,0.0016420034226030111,-4.5529282033385243e-06,-7.8753595289526857e-07,0.00016807460633572191,3.1410306746693095e-06,8
0.37922945618629456,0.63499742746353149,-0.37922191619873047,5.0872658903244883e-06,0.0016594212502241135,-3.5464279335428728e-06,-2.29450483857363e-06,0.00016281146963592619,3.2087380077427952e-06,8
0.72831821441650391,0.68878173828125,-0.49036160111427307,2.3037923710944597e-06,0.0022042589262127876,-1.6284062667182297e-06,-9.4998988231509429e-08,-8.3050683315377682e-05,1.0546307294134749e-06,8
0.92799931764602661,0.6963198184967041,-0.51806694269180298,2.1583730358543107e-06,0.0022357683628797531,-1.7209897578140954e-06,7.1574952187347662e-08,-9.7579315479379147e-05,9.7107772489835043e-07,8
-0.9277111291885376,0.68880975246429443,-0.30035743117332458,-2.7279909318167483e-06,0.0021709962747991085,-9.80919480753073e-07,5.6644006463102414e-07,-7.4082046921830624e-05,1.0444125564390561e-06,8
-0.696796715259552,0.67900848388671875,-0.2832375168800354,-3.0078115287324181e-06,0.0021177784074097872,-8.8327306002611294e-07,5.7751771009861841e-07,-5.0298400310566649e-05,1.0231252645098721e-06,8
-0.37491360306739807,0.63247883319854736,-0.20135630667209625,-5.089654223411344e-06,0.0016270681517198682,-1.2163002338638762e-06,4.0519353206036612e-06,0.00016837845032569021,9.1967302751072566e-07,8
0.37491559982299805,0.63257414102554321,-0.20135937631130219,5.4730830925109331e-06,0.0016613879706710577,-1.133956743615272e-06,-2.1934008600510424e-06,0.00016753676754888147,1.4867781601424213e-06,8
0.69679456949234009,0.6790313720703125,-0.28323787450790405,2.6300972422177438e-06,0.0021297342609614134,-1.0235434046990122e-06,-2.9150439218028623e-07,-4.8147045163204893e-05,1.0198596100963186e-06,8
0.92770588397979736,0.68882501125335693,-0.30035707354545593,2.2928040834813146e-06,0.0021806552540510893,-1.1098991308244877e-06,9.540143963704395e-08,-7.1609385486226529e-05,9.5198510052796337e-07,8
-0.92418426275253296,0.68529945611953735,-0.09853074699640274,-2.7804146611742908e-06,0.0021373359486460686,-4.3971247976060113e-08,3.2739760058575484e-07,-5.8757137594511732e-05,5.7972181366494624e-07,8
-0.6866268515586853,0.67606168985366821,-0.092773355543613434,-3.1610593396180775e-06,0.0020735801663249731,1.2318565723035135e-07,6.096524316490104e-07,-3.01748495985521e-05,4.5279446680979163e-07,8
-0.37602770328521729,0.64197647571563721,-0.059076488018035889,-5.2476516430033371e-06,0.0016281901625916362,1.0861176633625291e-06,3.865116013912484e-06,0.00016994656471069902,-6.4216914097414701e-07,8
0.37602800130844116,0.64209407567977905,-0.059078246355056763,5.1017786972806789e-06,0.0016720889834687114,9.8065618203690974e-07,-1.9652725313790143e-06,0.00016927251999732107,4.2266603372809186e-07,8
0.68662649393081665,0.67609262466430664,-0.092772670090198517,2.7863075047207531e-06,0.0020887246355414391,-7.9895713156474812e-08,-4.4794202835873875e-07,-2.8002539693261497e-05,5.9512905181691167e-07,8
0.92418128252029419,0.68531954288482666,-0.098530232906341553,2.3785200937709305e-06,0.0021487527992576361,-2.3277122807030537e-07,2.7046096917615614e-08,-5.6137792853405699e-05,5.4411810879173572e-07,8
-0.92418444156646729,0.68530118465423584,0.098533444106578827,-2.7101855266664643e-06,0.002138128038495779,9.0158232524117921e-07,-1.964508555829525e-09,-5.8638393966248259e-05,-9.9640820039326172e-09,8
-0.68662768602371216,0.67606604099273682,0.092777058482170105,-3.0765966130275046e-06,0.0020748106762766838,1.0291385024174815e-06,5.5211552307810052e-07,-3.0195804356480949e-05,-1.1287055912134747e-07,8
-0.37602755427360535,0.64198970794677734,0.05908835306763649,-4.9700647650752217e-06,0.0016318944981321692,1.9965902993135387e-06,4.14217993238708e-06,0.00016905249503906816,-7.2049027721732273e-07,8
0.37602826952934265,0.64210891723632812,0.059089317917823792,4.5639235395356081e-06,0.0016780864680185914,1.8348334833717672e-06,-1.7344835896437871e-06,0.00016991164011415094,9.0016094134170999e-08,8
0.68662559986114502,0.6760978102684021,0.092777460813522339,2.715952405196731e-06,0.0020905944984406233,7.9562704513591598e-07,-4.3939505189882766e-07,-2.7702188162948005e-05,3.7254036300282678e-08,8
0.92418062686920166,0.68532180786132812,0.098534174263477325,2.3983636765478877e-06,0.0021498596761375666,6.8524184371199226e-07,-7.7359338490623486e-08,-5.5865381000330672e-05,-5.2226592828219509e-08,8
-0.92770534753799438,0.68881428241729736,0.30036053061485291,-2.5747003746801056e-06,0.0021730344742536545,1.673019369263784e-06,-6.1288574215723202e-08,-7.3662951763253659e-05,-4.6808847287138633e-07,8
-0.69679766893386841,0.67901760339736938,0.28324142098426819,-2.8216920782142552e-06,0.0021208033431321383,1.7497326325610629e-06,3.8934101098675455e-07,-5.0179656682303175e-05,-5.6578863905087928e-07,8
-0.37491384148597717,0.63252484798431396,0.20136934518814087,-4.3278000703139696e-06,0.0016416357830166817,3.4488882647565333e-06,5.0355806706647854e-06,0.00016557400522287935,-2.1019559426349588e-06,8
0.37491407990455627,0.63262969255447388,0.20136928558349609,3.8896114347153343e-06,0.0016830111853778362,2.7473138288769405e-06,-1.2900680985694635e-06,0.00016981035878416151,-4.6852844093336898e-07,8
0.69679099321365356,0.67904335260391235,0.28324291110038757,2.5154608920274768e-06,0.0021341103129088879,1.4802699297433719e-06,-2.2906986885118386e-07,-4.7343779442599043e-05,-5.0913854465761688e-07,8
0.92770552635192871,0.68883204460144043,0.30036130547523499,2.3481909465772333e-06,0.0021833977662026882,1.4560367844751454e-06,-2.2748734451738528e-08,-7.0841044362168759e-05,-5.8061795016328688e-07,8
-0.92799913883209229,0.69631344079971313,0.5180695652961731,-2.399371851424803e-06,0.0022311056964099407,2.1402900074463105e-06,-6.4248979469994083e-08,-9.903916361508891e-05,-6.0289261227808311e-07,8
-0.72831940650939941,0.68877488374710083,0.49036437273025513,-2.5088977508858079e-06,0.0021988535299897194,2.1162275061215041e-06,7.4999199739522737e-08,-8.4643244917970151e-05,-6.6452906821723445e-07,8
-0.37922599911689758,0.63500285148620605,0.37922817468643188,-3.3151516163343331e-06,0.0016589729348197579,4.8680590225558262e-06,4.9759019020712003e-06,0.00015996162255760282,-4.0778422771836631e-06,8
-0.2013632208108902,0.63257735967636108,0.37491509318351746,-1.0991756198563962e-06,0.0016610269667580724,5.2555496949935332e-06,2.7772725843533408e-06,0.00016499425692018121,-4.1592329580453224e-06,8
-0.059085037559270859,0.64210128784179688,0.37602806091308594,8.8664364739088342e-07,0.0016719250706955791,5.0478593038860708e-06,9.627046893001534e-07,0.00016800126468297094,-3.193895054209861e-06,8
0.059084124863147736,0.6421133279800415,0.37602844834327698,1.726030973259185e-06,0.0016780199948698282,4.6295690481201746e-06,5.0632820602913853e-07,0.00016940523346420377,-2.3751588287268532e-06,8
0.20136512815952301,0.63263112306594849,0.37491682171821594,2.6239731596433558e-06,0.0016829925589263439,4.0152563087758608e-06,-1.5362046212885616e-07,0.00016967066039796919,-1.6096281569843995e-06,8
0.37922459840774536,0.63508909940719604,0.37923094630241394,3.2510140499653062e-06,0.0016937665641307831,3.3939097647817107e-06,-8.6525682263527415e-07,0.00016618518566247076,-1.0274720807501581e-06,8
0.7283177375793457,0.68879157304763794,0.49036535620689392,2.324402430531336e-06,0.0022081686183810234,1.9021296111532138e-06,5.4501465562850626e-09,-8.1933096225839108e-05,-7.8245074064398068e-07,8
0.92799913883209229,0.69632619619369507,0.51807016134262085,2.2753656594431959e-06,0.0022390368394553661,1.9536366835382069e-06,7.2495815572892752e-08,-9.641283395467326e-05,-7.5896872431258089e-07,8
-0.92799907922744751,0.71251922845840454,0.75867509841918945,-2.143297933798749e-06,0.0023217338602989912,2.4108512661769055e-06,7.30619760247464e-08,-0.00013860873878002167,-2.453862180118449e-07,8
-0.78535616397857666,0.71097975969314575,0.78535526990890503,-2.1009554984630086e-06,0.0023175543174147606,2.4269022560474696e-06,1.7276759933793073e-07,-0.00013642245903611183,-2.076376262039048e-07,8
-0.49036425352096558,0.68878573179244995,0.72831809520721436,-1.6382768990297336e-06,0.0022043623030185699,2.5355384423164651e-06,1.0963116210405133e-06,-8.3106562669854611e-05,-3.3389139275641355e-07,8
-0.28323954343795776,0.67903661727905273,0.69679540395736694,-1.0707867659220938e-06,0.0021298201754689217,2.7654216410155641e-06,1.1633402436928009e-06,-4.8279758630087599e-05,-7.2787764793247334e-07,8
-0.092775411903858185,0.67609608173370361,0.68662738800048828,-1.5899556160547945e-07,0.0020887942519038916,2.8827751066273777e-06,7.5185892001172761e-07,-2.808635872497689e-05,-9.3660668198936037e-07,8
0.092773064970970154,0.67610025405883789,0.68662488460540771,7.0066300850157859e-07,0.0020906510762870312,2.8204419777466683e-06,1.4893258537540532e-07,-2.7723142920876853e-05,-8.6258290821206174e-07,8
0.28323701024055481,0.67904442548751831,0.69679254293441772,1.3816035107083735e-06,0.0021341561805456877,2.6585116756905336e-06,-4.6752231241953268e-07,-4.7364734200527892e-05,-6.2227167063610977e-07,8
0.49036160111427307,0.68879175186157227,0.72831892967224121,1.8089356217387831e-06,0.0022082049399614334,2.4994296836666763e-06,-7.8021679428275093e-07,-8.194706606445834e-05,-3.5807258313980128e-07,8
0.78535503149032593,0.71098482608795166,0.7853548526763916,2.2171714135765797e-06,0.0023214453831315041,2.3109562334866496e-06,-2.6453335522091947e-07,-0.00013456447049975395,-2.6840098144020885e-07,8
0.92799919843673706,0.7125246524810791,0.7586742639541626,2.2424721919378499e-06,0.0023258922155946493,2.282069999637315e-06,-1.7668979523932649e-07,-0.00013663899153470993,-3.1535816447103571e-07,8
-0.92799937725067139,0.71605497598648071,0.92799931764602661,-2.1050798295618733e-06,0.002338050864636898,2.4442838366667274e-06,1.1832070612172174e-07,-0.00014576128160115331,-1.6739930686071602e-07,8
-0.75867295265197754,0.7125205397605896,0.92799907922744751,-2.0580284854077036e-06,0.002322434913367033,2.4410685455222847e-06,2.5396730052307248e-07,-0.00013838522136211395,-1.5428894073465926e-07,8
-0.51806896924972534,0.69632267951965332,0.92799913883209229,-1.7075855112125282e-06,0.0022358738351613283,2.4284192932100268e-06,9.6384724201925565e-07,-9.7607255156617612e-05,-1.7669661644958978e-07,8
-0.30035942792892456,0.68882870674133301,0.92770594358444214,-1.1484307833597995e-06,0.0021807535085827112,2.4228236270573689e-06,1.0053986443381291e-06,-7.1644310082774609e-05,-2.909109468873794e-07,8
-0.098532967269420624,0.68532252311706543,0.92418265342712402,-3.0747534651709429e-07,0.0021488373167812824,2.4237324396381155e-06,6.2229042896433384e-07,-5.6158747611334547e-05,-4.3286715367685247e-07,8
0.098530597984790802,0.68532407283782959,0.92418211698532104,5.9330574231353239e-07,0.0021499281283468008,2.443085804770817e-06,6.1493206082730012e-09,-5.588633575825952e-05,-4.7897856347844936e-07,8
0.30035746097564697,0.68883335590362549,0.9277079701423645,1.3630743751491536e-06,0.0021834501530975103,2.4631683572806651e-06,-5.6359220934609766e-07,-7.0855014200787991e-05,-4.1388372551409702e-07,8
0.51806735992431641,0.6963270902633667,0.92799907922744751,1.8669169321583468e-06,0.0022390724625438452,2.4377943645959022e-06,-7.7695625577689498e-07,-9.641283395467326e-05,-2.6275984055246226e-07,8
0.75867420434951782,0.71252483129501343,0.92799884080886841,2.1986768388160272e-06,0.002325897803530097,2.3420695924869506e-06,-3.4692672556957405e-07,-0.00013664597645401955,-2.060755690536098e-07,8
0.92799949645996094,0.71605974435806274,0.92799901962280273,2.2430874651035992e-06,0.0023415915202349424,2.32603838412615e-06,-2.4752125682425685e-07,-0.00014391726290341467,-2.1696222063383175e-07,8
-0.92799907922744751,0.96328353881835938,-0.92799937725067139,-2.2092549443186726e-06,0.0024582254700362682,-2.3047098238748731e-06,1.6080319653610786e-07,-0.00020472098549362272,2.5008603188325651e-07,8
-0.76042777299880981,0.95825159549713135,-0.92799907922744751,-2.1451803604577435e-06,0.0024414283689111471,-2.3331738248089096e-06,2.9371446430559445e-07,-0.00019704455917235464,2.0640980835651135e-07,8
-0.52055633068084717,0.93572932481765747,-0.92799913883209229,-1.7021668554662028e-06,0.0023553576320409775,-2.4914834284572862e-06,9.3770830744688283e-07,-0.00015790805628057569,5.1165894632276832e-08,8
-0.30166563391685486,0.92414736747741699,-0.92799925804138184,-1.0948116369036143e-06,0.0022962701041251421,-2.5787946924538119e-06,8.9178791995436768e-07,-0.00013097422197461128,7.0197067714161676e-08,8
-0.098884552717208862,0.919258713722229,-0.9273536205291748,-2.4861358838279557e-07,0.0022632605396211147,-2.6038990199594991e-06,4.382303302463697e-07,-0.00011571216600714251,8.2366106823883456e-08,8
0.098885655403137207,0.91925966739654541,-0.92735332250595093,6.4142295741476119e-07,0.0022640610113739967,-2.5524655029585119e-06,-1.6330146479504037e-07,-0.00011563533189473674,2.665046672234439e-08,8
0.3016667366027832,0.92415022850036621,-0.92799925804138184,1.3661891671290505e-06,0.0022982873488217592,-2.4445212147838902e-06,-6.2369730358113884e-07,-0.00013063894584774971,-8.2345643193093565e-08,8
0.52055656909942627,0.93573158979415894,-0.92799925804138184,1.7685287048152531e-06,0.0023579038679599762,-2.3376746867143083e-06,-6.7011563942287466e-07,-0.00015716066991444677,-1.1558540080613966e-07,8
0.76042717695236206,0.95825475454330444,-0.92799961566925049,1.8657386817721999e-06,0.0024446232710033655,-2.2694634935760405e-06,4.6121609642568728e-08,-0.00019558471103664488,2.1675758432593284e-07,8
0.92799913883209229,0.96328657865524292,-0.92799907922744751,1.8678824744711164e-06,0.0024615682195872068,-2.261034296680009e-06,2.0557421009925747e-07,-0.00020314239372964948,2.9604049700537871e-07,8
-0.92799913883209229,0.9582514762878418,-0.76042383909225464,-2.234841531389975e-06,0.0024414269719272852,-2.229085794169805e-06,9.3239115983578813e-08,-0.00019704455917235464,3.7624428728122439e-07,8
-0.78953123092651367,0.95322233438491821,-0.78952908515930176,-2.1878415736864554e-06,0.0024348446168005466,-2.2787157831771765e-06,1.9504567205785861e-07,-0.00019401310419198126,3.0152475005706947e-07,8
-0.49503743648529053,0.91331559419631958,-0.74104040861129761,-1.6095195860543754e-06,0.002315764082595706,-2.5466461011092179e-06,1.0156679763895227e-06,-0.0001399358588969335,1.4496434630473232e-07,8
-0.28382125496864319,0.90058159828186035,-0.70759332180023193,-1.0128537724085618e-06,0.0022339546121656895,-2.6966813493345398e-06,9.0668885377453989e-07,-0.00010276212560711429,3.0541283990714874e-07,8
-0.092576682567596436,0.89661896228790283,-0.69459682703018188,-1.6860656160133658e-07,0.0021908690687268972,-2.7798112114396645e-06,4.2158231394751056e-07,-8.2855105574708432e-05,4.0543906720813538e-07,8
0.092578046023845673,0.89662235975265503,-0.69459629058837891,6.8839688083244255e-07,0.0021923934109508991,-2.7305227376928087e-06,-1.59715213499112e-07,-8.3015758718829602e-05,3.5037825796280231e-07,8
0.28382262587547302,0.90058797597885132,-0.70758920907974243,1.3854398730472894e-06,0.0022374014370143414,-2.5624121917644516e-06,-6.2322664007297135e-07,-0.00010286689939675853,1.427610953896874e-07,8
0.49503687024116516,0.91331994533538818,-0.74104052782058716,1.7613280078876414e-06,0.0023187107872217894,-2.3768270693835802e-06,-7.4351868306621327e-07,-0.00013937707990407944,-6.7693690652959049e-08,8
0.78953403234481812,0.95322656631469727,-0.78952896595001221,1.8894603499575169e-06,0.0024384781718254089,-2.2264680410444271e-06,1.0818438767046246e-07,-0.00019244848226662725,3.1165424729806546e-07,8
0.92799890041351318,0.95825529098510742,-0.76042145490646362,1.9033905118703842e-06,0.0024453951045870781,-2.1919015580351697e-06,1.9682259733144747e-07,-0.00019534722378011793,4.0007077473092068e-07,8
-0.92799979448318481,0.93572759628295898,-0.52055454254150391,-2.3987806798686506e-06,0.0023553532082587481,-1.7210888927365886e-06,-1.5583053425416438e-07,-0.00015790107136126608,9.5612563200120348e-07,8
-0.74104076623916626,0.9133141040802002,-0.49503445625305176,-2.4727362415433163e-06,0.0023157570976763964,-1.618184796825517e-06,-8.6922675279765826e-08,-0.00013992887397762388,1.0362748525949428e-06,8
-0.38317286968231201,0.81730252504348755,-0.383167564868927,-3.0755388706893427e-06,0.0016299529233947396,-2.976083578687394e-06,2.149049578292761e-06,0.00017041106184478849,2.1679920791939367e-06,8
-0.20278778672218323,0.82051324844360352,-0.37308391928672791,-1.4369718428497436e-06,0.0016227938467636704,-3.6496962820820045e-06,1.1860821587106329e-06,0.00017510842008050531,2.409032958894386e-06,8
-0.062675677239894867,0.82262659072875977,-0.37324786186218262,1.9370847326172225e-07,0.0016279495321214199,-4.0277059270010795e-06,3.1840554015616362e-07,0.00017439945077057928,2.5304232167400187e-06,8
0.062681801617145538,0.82265555858612061,-0.37324762344360352,1.2221097449582885e-06,0.0016348307253792882,-3.9902247408463154e-06,-2.3038295182686852e-07,0.00017261480388697237,2.5469032607361441e-06,8
0.20279021561145782,0.82060301303863525,-0.37308338284492493,2.4987148208310828e-06,0.0016475165029987693,-3.5513241982698673e-06,-9.1009945890618837e-07,0.00016972304729279131,2.4171911263692891e-06,8
0.38317570090293884,0.8174290657043457,-0.38316932320594788,3.6321141578810057e-06,0.0016691605560481548,-2.8849506179540185e-06,-1.5914496316327131e-06,0.00016345408221241087,2.2035576421330916e-06,8
0.74104177951812744,0.91332942247390747,-0.49503457546234131,2.1974251467327122e-06,0.0023245438933372498,-1.6359444998670369e-06,9.7406873678096417e-09,-0.00013777753338217735,9.3100987896832521e-07,8
0.92799949645996094,0.93573921918869019,-0.52055442333221436,2.1119888060638914e-06,0.0023629784118384123,-1.7276553307965514e-06,1.1254314102870921e-07,-0.00015567986702080816,8.6901872009548242e-07,8
-0.92799925804138184,0.92414587736129761,-0.30166405439376831,-2.5039244064828381e-06,0.0022962668444961309,-1.0838454045369872e-06,-1.8978651894485665e-07,-0.00013097422197461128,9.1550867864498287e-07,8
-0.70758718252182007,0.90057963132858276,-0.28381958603858948,-2.6500129024498165e-06,0.002233939478173852,-9.9313706414250191e-07,3.1056970328791067e-08,-0.00010276212560711429,9.3619058816329925e-07,8
-0.37308534979820251,0.82051420211791992,-0.2027834951877594,-3.7481340768863447e-06,0.0016227802261710167,-1.3353620715861325e-06,2.4635071440570755e-06,0.00017508048040326685,1.1790153848778573e-06,8
0.37308728694915771,0.82069355249404907,-0.20278310775756836,3.8909133763809223e-06,0.0016790659865364432,-1.4249304740587831e-06,-1.8199942815044778e-06,0.00016849020903464407,1.463135845369834e-06,8
0.70758670568466187,0.90060734748840332,-0.28381970524787903,2.4065209345280891e-06,0.0022473493590950966,-1.0577637112874072e-06,-1.5664907948576001e-07,-0.00010095303150592372,8.4096990349280532e-07,8
0.92799931764602661,0.92416423559188843,-0.30166417360305786,2.2486001398647204e-06,0.0023066229186952114,-1.1284894299024018e-06,4.1316067012076019e-08,-0.00012857839465141296,7.9355908155775978e-07,8
-0.92735397815704346,0.9192579984664917,-0.098883680999279022,-2.5464992177148815e-06,0.0022632649634033442,-2.1338072997423296e-07,-1.9491606906285597e-07,-0.00011571216600714251,4.9701850457495311e-07,8
-0.69459593296051025,0.896617591381073,-0.092575833201408386,-2.7518444767338224e-06,0.0021908630151301622,-1.2685499939379952e-07,1.2882537703262642e-07,-8.2855105574708432e-05,4.7886601350910496e-07,8
-0.37324979901313782,0.8226282000541687,-0.062675148248672485,-4.1147304727928713e-06,0.0016279162373393774,2.9541538992816641e-07,2.694896238608635e-06,0.00017428769206162542,2.7067926566815004e-07,8
0.37325096130371094,0.82284486293792725,-0.062673918902873993,3.8941529965086374e-06,0.0017012670869007707,3.7445211376052612e-08,-1.9703611542354338e-06,0.0001701526198303327,7.0138162300281692e-07,8
0.69459259510040283,0.89665663242340088,-0.092576034367084503,2.5211809315806022e-06,0.0022087439429014921,-2.4168335244212358e-07,-2.6566567612462677e-07,-8.1032041634898633e-05,4.2238210085088213e-07,8
0.92735302448272705,0.91927999258041382,-0.098883740603923798,2.3293926005862886e-06,0.0022756948601454496,-2.9541783419517742e-07,6.0163070081387104e-09,-0.00011317664029775187,3.7079158232700138e-07,8
-0.92735415697097778,0.91926008462905884,0.098886512219905853,-2.511659204174066e-06,0.0022640798706561327,7.1259171363635687e-07,-2.1030471941685391e-07,-0.00011563533189473674,-6.6012262323056348e-08,8
-0.69459688663482666,0.89662367105484009,0.092579342424869537,-2.7160140234627761e-06,0.0021924017928540707,7.5805718324772897e-07,1.192211129819043e-07,-8.3029728557448834e-05,-7.3230800978763e-08,8
-0.37324970960617065,0.82265603542327881,0.062683038413524628,-4.0599620660941582e-06,0.0016347798518836498,1.3221160770626739e-06,2.8282645416766172e-06,0.00017235985433217138,-3.37932959837417e-07,8
0.37325054407119751,0.82288879156112671,0.062683254480361938,3.6830049339187099e-06,0.0017169634811580181,9.4077108769852202e-07,-1.9436220100033097e-06,0.00017084063438232988,1.0897394275843908e-07,8
0.69459325075149536,0.89666438102722168,0.092579789459705353,2.5032782104972284e-06,0.0022116925101727247,6.0983893490629271e-07,-2.4106839191517793e-07,-8.0668825830798596e-05,-1.3848931246229768e-07,8
0.92735302448272705,0.91928404569625854,0.098886825144290924,2.3411414531437913e-06,0.0022769572678953409,6.0648170574495452e-07,2.9440341720032848e-08,-0.00011291121336398646,-2.0222329055741284e-07,8
-0.92799925804138184,0.92415159940719604,0.30166742205619812,-2.4210551146097714e-06,0.0022983262315392494,1.5059335964906495e-06,-2.1630738444855524e-07,-0.00013063894584774971,-5.2437712838582229e-07,8
-0.70758706331253052,0.90059107542037964,0.28382354974746704,-2.5611204819142586e-06,0.0022374279797077179,1.5061748399602948e-06,6.630215931835437e-09,-0.00010288086923537776,-5.268123004498193e-07,8
-0.37308573722839355,0.82060730457305908,0.20279371738433838,-3.599673846110818e-06,0.0016474429285153747,2.5841964088613167e-06,2.8832912448706338e-06,0.00016914679144974798,-1.2090525842722855e-06,8
0.37308606505393982,0.82082152366638184,0.20279313623905182,3.2233372166956542e-06,0.0017287200316786766,1.9899300696124556e-06,-1.717757982078183e-06,0.00017091746849473566,-7.1934431389308884e-07,8
0.70758694410324097,0.90062248706817627,0.28382480144500732,2.3968689220055239e-06,0.002253358718007803,1.353240804746747e-06,-9.1574740679334354e-08,-0.00010010087135015056,-6.4296040136468946e-07,8
0.92799931764602661,0.92417162656784058,0.30166792869567871,2.3052978121995693e-06,0.0023096341174095869,1.3938847587269265e-06,9.2345537439086911e-08,-0.00012784497812390327,-6.739730338267691e-07,8
-0.92799979448318481,0.93573349714279175,0.52055716514587402,-2.3164789126894902e-06,0.0023579676635563374,2.0318852875789162e-06,-1.5123985974696552e-07,-0.00015716765483375639,-6.727281629537174e-07,8
-0.74104166030883789,0.91332155466079712,0.49503800272941589,-2.3764116576785455e-06,0.0023187666665762663,1.9783399238804122e-06,-1.0412576756380076e-07,-0.00013937707990407944,-6.9333503915913752e-07,8
-0.38317269086837769,0.81743824481964111,0.38317471742630005,-2.9394454941211734e-06,0.0016690850025042892,3.6896992696711095e-06,2.7190092168893898e-06,0.00016269971092697233,-2.0693983060482424e-06,8
-0.20278947055339813,0.8207017183303833,0.3730875551700592,-1.5176332226474187e-06,0.0016789955552667379,3.9500519051216543e-06,1.8094827964887372e-06,0.00016773583774920553,-2.2872061435919022e-06,8
-0.062680140137672424,0.82285338640213013,0.37325140833854675,-7.954136549415125e-08,0.001701208995655179,3.9838405427872203e-06,8.6143035105124e-07,0.00016974400205072016,-2.2891433673066786e-06,8
0.06267835944890976,0.82289314270019531,0.3732512891292572,8.1520232697585016e-07,0.0017169099301099777,3.7965698993502883e-06,2.1105505254581658e-07,0.00017071490583475679,-2.1656455828633625e-06,8
0.20278839766979218,0.82082271575927734,0.37308743596076965,1.8560832586445031e-06,0.0017286947695538402,3.3559028906893218e-06,-6.4962131318679894e-07,0.00017081967962440103,-1.8443664657752379e-06,8
0.38317272067070007,0.81760561466217041,0.38317689299583435,2.7405874334363034e-06,0.0017368970438838005,2.8811821266572224e-06,-1.4210489780452917e-06,0.00016660428082104772,-1.4809733102083555e-06,8
0.74104160070419312,0.91333985328674316,0.49503862857818604,2.2953672669245861e-06,0.0023288154043257236,1.8582937855171622e-06,4.2271036448937593e-08,-0.00013668788596987724,-8.351582323484763e-07,8
0.92799949645996094,0.93574810028076172,0.52055758237838745,2.2765354970033513e-06,0.0023664215113967657,1.9284643713035621e-06,7.461039075451481e-08,-0.00015454132517334074,-8.0246758216162561e-07,8
-0.92799913883209229,0.95825695991516113,0.76042771339416504,-2.2145463844935875e-06,0.002444723853841424,2.3891511773399543e-06,1.9495699632443575e-07,-0.00019561265071388334,-3.2560362228650774e-07,8
-0.78953123092651367,0.95322942733764648,0.78953272104263306,-2.1768175884062657e-06,0.0024385827127844095,2.4079597551462939e-06,2.9346890073611576e-07,-0.0001924694370245561,-2.5030431061168201e-07,8
-0.4950374960899353,0.91333359479904175,0.74104195833206177,-1.6825248394525261e-06,0.0023246535565704107,2.444301571813412e-06,9.9216890703246463e-07,-0.00013781944289803505,2.4010658350448466e-08,8
-0.28382194042205811,0.90060991048812866,0.7075875997543335,-1.1383211813154048e-06,0.0022474473807960749,2.5688630103104515e-06,9.2466615342345904e-07,-0.00010100192594109103,-1.5292469868199987e-07,8
-0.092578709125518799,0.89665979146957397,0.69459569454193115,-3.4097922707587713e-07,0.0022088293917477131,2.6462532787263626e-06,4.9946606850426178e-07,-8.1094905908685178e-05,-3.0767066050430003e-07,8
0.092575646936893463,0.89666610956192017,0.69459408521652222,5.0718927013804205e-07,0.0022117618937045336,2.6215345769742271e-06,-8.3379056547983055e-08,-8.0738675023894757e-05,-3.1933493005453784e-07,8
0.28381949663162231,0.90062218904495239,0.70758569240570068,1.2605784149855026e-06,0.0022534127347171307,2.5219494546036003e-06,-6.2072666651147301e-07,-0.00010012881102738902,-1.9872912560003897e-07,8
0.49503481388092041,0.91334033012390137,0.7410392165184021,1.7868514987640083e-06,0.002328857546672225,2.4150835997716058e-06,-8.5334016830529436e-07,-0.00013670884072780609,-5.7584653490039273e-08,8
0.78953379392623901,0.95323538780212402,0.78952896595001221,2.2887254544912139e-06,0.0024426931049674749,2.3201448584586615e-06,-3.7156493704060267e-07,-0.00019059747864957899,-2.8407609420355584e-07,8
0.92799890041351318,0.9582628607749939,0.76042550802230835,2.317893631698098e-06,0.0024491483345627785,2.2954534415475791e-06,-2.8435576382435102e-07,-0.00019362194871064276,-3.5842728607349272e-07,8
-0.92799907922744751,0.96328938007354736,0.92799890041351318,-2.2026640635885997e-06,0.0024616760201752186,2.4390401449636556e-06,2.769752143194637e-07,-0.00020316334848757833,-2.4323753677890636e-07,8
-0.76042693853378296,0.95825809240341187,0.92799896001815796,-2.1471328182087746e-06,0.0024455050006508827,2.430549329801579e-06,3.899208138591348e-07,-0.00019537516345735639,-1.7439104738059541e-07,8
-0.52055668830871582,0.93574357032775879,0.92799955606460571,-1.7635437643548357e-06,0.0023630918003618717,2.400222911091987e-06,9.2214571623117081e-07,-0.00015570780669804662,8.3689421614963067e-08,8
-0.30166593194007874,0.92416775226593018,0.92799931764602661,-1.2040699175486225e-06,0.0023067286238074303,2.4249770831374917e-06,8.6916878672127496e-07,-0.00012859934940934181,4.7789395551944835e-08,8
-0.098886199295520782,0.91928333044052124,0.92735308408737183,-3.920106621535524e-07,0.0022757884580641985,2.4498215225321474e-06,4.4434554524741543e-07,-0.00011320457997499034,-3.8021422454903586e-08,8
0.098883360624313354,0.91928589344024658,0.92735284566879272,5.0801901352315326e-07,0.0022770350333303213,2.4468968149449211e-06,-1.5220506099922204e-07,-0.00011293915304122493,-5.2878018408364369e-08,8
0.30166369676589966,0.92417281866073608,0.92799925804138184,1.3096650945954025e-06,0.0023096944205462933,2.4163966827472905e-06,-6.6311707769273198e-07,-0.00012786593288183212,-2.1213963918853551e-09,8
0.52055495977401733,0.93574869632720947,0.92799901962280273,1.8688920135900844e-06,0.0023664620239287615,2.3765121568430914e-06,-8.3899516312158084e-07,-0.00015455529501195997,1.4842952644755769e-08,8
0.76042753458023071,0.958263099193573,0.92799884080886841,2.2717308638675604e-06,0.0024491557851433754,2.3491302272304893e-06,-4.5931980707791809e-07,-0.00019362893362995237,-1.9914521942610008e-07,8
0.92799896001815796,0.96329450607299805,0.92799890041351318,2.3305553895625053e-06,0.0024654169101268053,2.3464854166377336e-06,-3.6887055898660037e-07,-0.00020129837503191084,-2.5537929104757495e-07,8
-0.92799907922744751,1.2291108369827271,-0.92799907922744751,-2.227567847512546e-06,0.0025475602596998215,-2.2903075205249479e-06,2.7256189127911057e-07,-0.00024639302864670753,1.8792432854297658e-07,8
-0.76093161106109619,1.2243068218231201,-0.92799913883209229,-2.1577527604677016e-06,0.0025318197440356016,-2.3080690425558714e-06,3.9293578879551205e-07,-0.00023910075833555311,1.1042174463682386e-07,8
-0.52513104677200317,1.196636438369751,-0.92799896001815796,-1.7453999134886544e-06,0.0024566447827965021,-2.3952507035573944e-06,8.663789117235865e-07,-0.00020439269428607076,-1.8492299602712592e-07,8
-0.30522143840789795,1.180394172668457,-0.92799896001815796,-1.1622936426647357e-06,0.0024010275956243277,-2.4536911951145157e-06,7.9962995869209408e-07,-0.00017868120630737394,-2.4190057956730016e-07,8
-0.10005895793437958,1.1728402376174927,-0.92799955606460571,-3.3737001103872899e-07,0.0023670948576182127,-2.4776554710115306e-06,3.6486309795691341e-07,-0.00016283940931316465,-2.3824439665531827e-07,8
0.10005964338779449,1.17284095287323,-0.92799907922744751,5.5005415333653218e-07,0.0023677295539528131,-2.4453606783936266e-06,-2.2355833095843991e-07,-0.00016273463552352041,-2.4462906367261894e-07,8
0.3052220344543457,1.1803961992263794,-0.92799901962280273,1.2841804846175364e-06,0.0024026902392506599,-2.3735419745207764e-06,-6.701599772895861e-07,-0.00017830402066465467,-2.507817953301128e-07,8
0.52513116598129272,1.1966392993927002,-0.92799973487854004,1.7075964251489495e-06,0.0024589465465396643,-2.3099744339560857e-06,-7.1551079372511595e-07,-0.00020362435316201299,-1.6995726070945238e-07,8
0.76093494892120361,1.2243098020553589,-0.92799967527389526,1.8518591105021187e-06,0.0025349769275635481,-2.2764536424801918e-06,-1.0716802734123121e-07,-0.00023767583479639143,1.8683293490084907e-07,8
0.92799967527389526,1.2291139364242554,-0.92799907922744751,1.8654773157322779e-06,0.0025509186089038849,-2.2717094907420687e-06,4.647631257626017e-08,-0.00024482142180204391,2.753995147486421e-07,8
-0.92799913883209229,1.2243064641952515,-0.76093125343322754,-2.2261169760895427e-06,0.0025318190455436707,-2.210723323514685e-06,1.5405701958570717e-07,-0.00023910075833555311,3.1526266752734955e-07,8
-0.79717487096786499,1.2220792770385742,-0.79717433452606201,-2.1898124487051973e-06,0.0025286765303462744,-2.2583228656003485e-06,2.7207761377212591e-07,-0.00023764789511915296,2.1641652381276799e-07,8
-0.50855404138565063,1.1699144840240479,-0.77531206607818604,-1.6739760440032114e-06,0.0024366036523133516,-2.4169596599676879e-06,9.0338397740197252e-07,-0.00019517260079737753,-1.7294495080477645e-07,8
-0.2892870306968689,1.1430661678314209,-0.7402794361114502,-1.0626281436998397e-06,0.0023711835965514183,-2.5008666852954775e-06,7.8942201753307017e-07,-0.00016498377954121679,-1.5494377691993577e-07,8
-0.095749177038669586,1.1331403255462646,-0.7262236475944519,-2.879351086448878e-07,0.002334630349650979,-2.5399031073902734e-06,3.6184812302053615e-07,-0.00014795454626437277,-1.0739312727992001e-07,8
0.095750018954277039,1.1331421136856079,-0.72622311115264893,5.4564833362746867e-07,0.0023354401346296072,-2.5070226001844276e-06,-1.9984439347808802e-07,-0.0001479266065871343,-1.194393917103298e-07,8
0.28928783535957336,1.1430678367614746,-0.74028176069259644,1.2310165402595885e-06,0.0023730646353214979,-2.4170876713469625e-06,-6.3970327346396516e-07,-0.00016473232244607061,-1.8033914273019036e-07,8
0.50855445861816406,1.1699166297912598,-0.77531367540359497,1.678686089690018e-06,0.0024389172904193401,-2.3219618014991283e-06,-7.5565702672975021e-07,-0.00019448807870503515,-1.773309890040764e-07,8
0.79717719554901123,1.2220834493637085,-0.79717475175857544,1.8702951365412446e-06,0.0025322719011455774,-2.2322174118016846e-06,-7.765947884763591e-09,-0.00023607628827448934,2.843898698756675e-07,8
0.92799955606460571,1.2243111133575439,-0.76093065738677979,1.8875591649702983e-06,0.0025358183775097132,-2.1921825918980176e-06,9.0759606052870367e-08,-0.0002374034229433164,3.7838614730389963e-07,8
-0.92799901962280273,1.1966358423233032,-0.52512919902801514,-2.2367576093529351e-06,0.0024566410575062037,-1.7530844615976093e-06,-3.2846170938682917e-07,-0.00020438570936676115,8.1616457237032591e-07,8
-0.77531313896179199,1.169912576675415,-0.50855094194412231,-2.256508196296636e-06,0.0024365985300391912,-1.678461899246031e-06,-3.4420506267451856e-07,-0.00019516561587806791,8.6373228214142728e-07,8
-0.39281624555587769,1.0094437599182129,-0.39280992746353149,-2.6612124202074483e-06,0.0016263187862932682,-2.5701219783513807e-06,2.0708512238343246e-06,0.00017441342060919851,2.0856873561569955e-06,8
-0.21779718995094299,1.0075551271438599,-0.39200255274772644,-1.5545853102594265e-06,0.0016239455435425043,-2.8153049242973793e-06,1.3452141729430878e-06,0.00017800017667468637,2.1098958313814364e-06,8
-0.070782385766506195,1.00010085105896,-0.38815730810165405,-2.4322648073393793e-07,0.0016313430387526751,-3.0574849461117992e-06,4.6363592787201924e-07,0.00017708515224512666,2.1687492335331626e-06,8
0.070785723626613617,1.0001609325408936,-0.38815733790397644,8.652857559354743e-07,0.00164358492475003,-3.0588362278649583e-06,-2.9152144520594447e-07,0.00017312470299657434,2.1502773961401545e-06,8
0.21779938042163849,1.0077158212661743,-0.39200347661972046,2.0090039924980374e-06,0.0016602780669927597,-2.8271088012843393e-06,-1.0462576938152779e-06,0.00016773583774920553,2.0580000636982732e-06,8
0.39281854033470154,1.0096306800842285,-0.39281272888183594,2.9258339964144398e-06,0.0016765648033469915,-2.591172687971266e-06,-1.6112379626065376e-06,0.00016205360589083284,2.0034099179611076e-06,8
0.7753136157989502,1.1699244976043701,-0.50855123996734619,2.0379270608827937e-06,0.0024442940484732389,-1.6677352050464833e-06,2.3468372489787725e-07,-0.00019288853218313307,7.972323032845452e-07,8
0.92799973487854004,1.1966458559036255,-0.52512913942337036,2.006542445087689e-06,0.0024637922178953886,-1.7398778027200024e-06,2.4841483536874875e-07,-0.00020213656534906477,7.6558870887311059e-07,8
-0.92799907922744751,1.1803920269012451,-0.3052198588848114,-2.2602746412303532e-06,0.0024010259658098221,-1.1490901670185849e-06,-5.2590166887966916e-07,-0.00017868120630737394,7.9382851936316001e-07,8
-0.74028116464614868,1.1430642604827881,-0.28928589820861816,-2.3200600480777211e-06,0.0023711798712611198,-1.0465421382832574e-06,-4.5536350512520585e-07,-0.00016498377954121679,7.9369550576302572e-07,8
-0.39200836420059204,1.0075570344924927,-0.21779516339302063,-2.909871909650974e-06,0.001623942400328815,-1.4579715070794919e-06,2.1155096874281298e-06,0.00017799668421503156,1.3602003718915512e-06,8
-0.22502939403057098,1.0759752988815308,-0.22502554953098297,-1.783624156814767e-06,0.001616792636923492,-1.6816984498291276e-06,1.4236512697607395e-06,0.00018687451665755361,1.4220005368770217e-06,8
-0.074688240885734558,1.0760595798492432,-0.23015871644020081,-5.0738157142404816e-07,0.0016313839005306363,-1.9002560520675615e-06,5.1269239520479459e-07,0.00018655321036931127,1.4682756273032282e-06,8
0.074688799679279327,1.0762085914611816,-0.23015798628330231,6.6918317997988197e-07,0.0016556578921154141,-1.9389196950214682e-06,-3.6235289258002013e-07,0.00018271499720867723,1.4499709095616709e-06,8
0.225030317902565,1.0764075517654419,-0.22502666711807251,1.8554600274001132e-06,0.0016803157050162554,-1.7926066675499897e-06,-1.1745167967092129e-06,0.00017300246690865606,1.4064140714253881e-06,8
0.39200955629348755,1.0078277587890625,-0.21779564023017883,2.9282568902999628e-06,0.001696633524261415,-1.5997159152902896e-06,-1.7217211052411585e-06,0.00016709322517272085,1.4052237702344428e-06,8
0.74028187990188599,1.1430814266204834,-0.28928607702255249,2.1556741103267996e-06,0.0023817846085876226,-1.0561309409240494e-06,2.5442432161071338e-07,-0.0001626019220566377,6.7901390821134555e-07,8
0.92799907922744751,1.1804081201553345,-0.30521994829177856,2.0959405446774326e-06,0.0024105447810143232,-1.1486007451821934e-06,3.2629938573336403e-07,-0.00017618060519453138,6.8401044472921058e-07,8
-0.92799878120422363,1.1728394031524658,-0.10005799680948257,-2.2730200726073235e-06,0.0023671016097068787,-3.0345179879986972e-07,-6.1093481917851022e-07,-0.00016283940931316465,4.1549353113623511e-07,8
-0.72622376680374146,1.1331393718719482,-0.095748499035835266,-2.3581001187267248e-06,0.0023346331436187029,-2.5230070832549245e-07,-4.7428554239559162e-07,-0.00014795454626437277,4.1513030168971454e-07,8
-0.38816279172897339,1.0001052618026733,-0.070781424641609192,-3.1541821954306215e-06,0.0016313291853293777,-1.4363908462655672e-07,2.2103038190834923e-06,0.00017705372010823339,4.7981501438698615e-07,8
-0.23016205430030823,1.0760595798492432,-0.074685543775558472,-2.0068089270353084e-06,0.0016313734231516719,-4.0164971437661734e-07,1.4878422689434956e-06,0.00018648685363586992,5.1599641892607906e-07,8
-0.07165072113275528,1.0878229141235352,-0.071646898984909058,-6.6736254211718915e-07,0.0016611830797046423,-5.5486259498138679e-07,4.8129948027053615e-07,0.00018893506785389036,4.7215391418831132e-07,8
0.071650274097919464,1.0879741907119751,-0.071646921336650848,4.4453278746914293e-07,0.0017012993339449167,-6.3708750985824736e-07,-4.0831164938026632e-07,0.00018729361181613058,4.5053920416648907e-07,8
0.23016107082366943,1.0766670703887939,-0.074685811996459961,1.7033645463016001e-06,0.0017659118166193366,-6.8443119971561828e-07,-2.6553948373475578e-07,-0.00047089179861359298,1.5664106740587158e-06,8
0.38816311955451965,1.0004386901855469,-0.070781148970127106,2.9086838821967831e-06,0.0017326747765764594,-4.2642619746402488e-07,-1.8649460571396048e-06,0.00017105716688092798,6.0446149063864141e-07,8
0.7262229323387146,1.1331632137298584,-0.095748558640480042,2.2298067960946355e-06,0.0023476199712604284,-2.8736172907883883e-07,2.5831241146079265e-07,-0.0001454958546673879,2.8509074923022126e-07,8
0.92799878120422363,1.1728576421737671,-0.10005805641412735,2.1579016902251169e-06,0.0023783852811902761,-3.226987814741733e-07,3.8566437865483749e-07,-0.00016015720029827207,2.763843269804056e-07,8
-0.92799878120422363,1.17284095287323,0.1000606045126915,-2.256183961435454e-06,0.002367751207202673,6.2186177274270449e-07,-6.0866335616083234e-07,-0.00016273463552352041,-1.2192913345643319e-07,8
-0.72622376680374146,1.1331425905227661,0.095751203596591949,-2.3399832116410835e-06,0.0023354568984359503,6.1423583019859507e-07,-4.7526097546324308e-07,-0.0001479266065871343,-1.0084476542715493e-07,8
-0.3881630003452301,1.0001614093780518,0.070787377655506134,-3.1565080007567303e-06,0.0016435629222542048,9.668932534623309e-07,2.2243486910156207e-06,0.00017304786888416857,-2.8599285428754229e-07,8
-0.23016232252120972,1.0762088298797607,0.074690677225589752,-2.0494019281613873e-06,0.0016556272748857737,7.777384212204197e-07,1.4846499425402726e-06,0.00018274992180522531,-3.6182936469231208e-07,8
-0.071650192141532898,1.0879770517349243,0.071651667356491089,-7.5462043014340452e-07,0.0017012363532558084,5.6049975682981312e-07,4.6572321821258811e-07,0.00018815275689121336,-4.1789289184634981e-07,8
0.071647889912128448,1.0881472826004028,0.07165190577507019,3.1874893124950177e-07,0.0017565015004947782,4.4025159695593175e-07,-4.4043272851013171e-07,0.0001882575306808576,-4.5439404061653477e-07,8
0.23015916347503662,1.0769162178039551,0.074690312147140503,1.4754383528270409e-06,0.0018674549646675587,3.192153315012547e-07,-1.1193025102329557e-06,4.4004988808410417e-07,-1.5068222580794099e-07,8
0.38816314935684204,1.0005282163619995,0.070787109434604645,2.7593005142989568e-06,0.0017681287135928869,5.6656716651559691e-07,-1.9084450286754873e-06,0.00017205601034220308,-1.8630258580287773e-07,8
0.72622287273406982,1.1331671476364136,0.095751337707042694,2.2445181002694881e-06,0.0023490285966545343,5.5861983128124848e-07,2.8026985887663614e-07,-0.00014523042773362249,-2.3651180924844084e-07,8
0.92799878120422363,1.1728605031967163,0.10006074607372284,2.182209755119402e-06,0.0023793482687324286,5.8352964060759405e-07,4.0916344801189553e-07,-0.00015990574320312589,-2.6526322471909225e-07,8
-0.92799907922744751,1.1803973913192749,0.30522310733795166,-2.22103699343279e-06,0.0024027335457503796,1.4317545264930231e-06,-5.1708866521948949e-07,-0.00017830402066465467,-5.5896401818245067e-07,8
-0.74028098583221436,1.1430681943893433,0.28928932547569275,-2.276620989505318e-06,0.0023731000255793333,1.3616249816550408e-06,-4.5385601765701722e-07,-0.00016473930736538023,-5.2480345402727835e-07,8
-0.39200854301452637,1.0077227354049683,0.21780173480510712,-2.9281145543791354e-06,0.001660253619775176,2.1121986719663255e-06,2.1571531760855578e-06,0.00016762058658059686,-1.0770554581540637e-06,8
-0.22503137588500977,1.0764075517654419,0.22503182291984558,-1.907117507471412e-06,0.0016802639001980424,1.9661238184198737e-06,1.4537737342834589e-06,0.00017322947678621858,-1.1953897001149016e-06,8
-0.07468973845243454,1.0766670703887939,0.23016321659088135,-8.063823315751506e-07,0.0017658956348896027,1.8215649788544397e-06,1.5939683635224355e-06,-0.0004713772505056113,-2.9070631057948049e-07,8
0.074686877429485321,1.0769162178039551,0.23016197979450226,1.9259559280726535e-07,0.0018674515886232257,1.6004634062483092e-06,-1.3002420473640086e-07,3.0384396154659044e-07,-1.1434564157752902e-06,8
0.22502715885639191,1.0771585702896118,0.22503095865249634,1.2048180906276684e-06,0.0019640144892036915,1.3352065479921293e-06,-1.0727956123446347e-06,3.7020069498794328e-07,-1.0944460200335016e-06,8
0.39200761914253235,1.0080630779266357,0.21780194342136383,2.5088545498874737e-06,0.0017878722865134478,1.6176371673282119e-06,-1.8373133343629888e-06,0.00017064156418200582,-1.0782287063193507e-06,8
0.74028205871582031,1.1430894136428833,0.28928965330123901,2.2245001218834659e-06,0.0023847334086894989,1.2978002814634237e-06,2.9620420605169784e-07,-0.00016191041504498571,-6.533184091495059e-07,8
0.92799907922744751,1.1804150342941284,0.30522361397743225,2.1920543531450676e-06,0.0024129396770149469,1.3789477861791966e-06,3.6100570355301898e-07,-0.00017546115850564092,-6.8009848064320977e-07,8
-0.92799901962280273,1.1966403722763062,0.52513188123703003,-2.2014442038198467e-06,0.0024590145330876112,1.9815408904833021e-06,-3.0882344503879722e-07,-0.00020363133808132261,-6.8946059172958485e-07,8
-0.77531427145004272,1.1699186563491821,0.50855505466461182,-2.2143653950479347e-06,0.0024389796890318394,1.9227104530727956e-06,-3.3022840284502308e-07,-0.00019450204854365438,-7.0138406726982794e-07,8
-0.3928159773349762,1.0096431970596313,0.39281770586967468,-2.6975483251590049e-06,0.0016765415202826262,3.0311368846014375e-06,2.113790742441779e-06,0.00016191390750464052,-1.6768511841291911e-06,8
-0.2177998423576355,1.0078349113464355,0.39200976490974426,-1.7151128304249141e-06,0.001696597901172936,3.0379208055819618e-06,1.4854002756692353e-06,0.00016690113989170641,-1.8008198594543501e-06,8
-0.070785291492938995,1.0004453659057617,0.38816428184509277,-5.4976965202513384e-07,0.001732584903948009,3.0263433927757433e-06,6.4740100924609578e-07,0.00017161945288535208,-1.944249561347533e-06,8
0.070783235132694244,1.000532865524292,0.38816377520561218,4.3810939587274333e-07,0.0017680136952549219,2.8855392883997411e-06,-1.5929229846278758e-07,0.00017310025577899069,-1.9721687749552075e-06,8
0.2177981436252594,1.0080626010894775,0.39200955629348755,1.4845365967630642e-06,0.0017878124490380287,2.6421748771099374e-06,-1.0554424534348072e-06,0.00017108859901782125,-1.8761533056022017e-06,8
0.39281579852104187,1.0098979473114014,0.39281901717185974,2.3662912553845672e-06,0.0017812870210036635,2.5028978143382119e-06,-1.7730779973135213e-06,0.00016740405408199877,-1.7951377913050237e-06,8
0.7753138542175293,1.1699361801147461,0.50855511426925659,2.2232090941542992e-06,0.0024474344681948423,1.8560405123935197e-06,2.0956802870841784e-07,-0.0001918198395287618,-7.8602505482194829e-07,8
0.92799973487854004,1.1966539621353149,0.52513200044631958,2.2274562070379034e-06,0.0024668269325047731,1.915747816383373e-06,1.8951367053432477e-07,-0.00020099802350159734,-7.5672454613595619e-07,8
-0.92799913883209229,1.2243119478225708,0.76093494892120361,-2.2304600406641839e-06,0.0025350800715386868,2.3560291992907878e-06,1.9061870659697888e-07,-0.00023769678955432028,-3.6237676681594166e-07,8
-0.79717499017715454,1.2220859527587891,0.79717457294464111,-2.2018630261300132e-06,0.0025323790032416582,2.3731477085675579e-06,3.0619045787716459e-07,-0.00023611121287103742,-2.6012003218056634e-07,8
-0.50855422019958496,1.1699314117431641,0.77531373500823975,-1.734785428197938e-06,0.0024444141890853643,2.2959482066653436e-06,8.8103769257941167e-07,-0.00019293044169899076,3.1968963298822928e-07,8
-0.28928783535957336,1.1430851221084595,0.74028229713439941,-1.1527384913279093e-06,0.0023818954359740019,2.3105474156182026e-06,7.6627765110970358e-07,-0.00016263684665318578,4.0736946971264842e-07,8
-0.095751188695430756,1.1331655979156494,0.72622311115264893,-3.9412822161466465e-07,0.0023477175273001194,2.332791382286814e-06,3.592560631204833e-07,-0.0001455377641832456,4.0043912008513871e-07,8
0.095747776329517365,1.1331679821014404,0.72622263431549072,4.5869325049352483e-07,0.0023491107858717442,2.3242769202624913e-06,-1.8944886903682345e-07,-0.00014526535233017057,3.8835875670883979e-07,8
0.28928554058074951,1.143089771270752,0.74027985334396362,1.2203879578009946e-06,0.0023847992997616529,2.2896138034411706e-06,-6.4630279439370497e-07,-0.00016194533964153379,3.81380658609487e-07,8
0.50855278968811035,1.1699366569519043,0.77531248331069946,1.8166508652939228e-06,0.0024474812671542168,2.2606088805332547e-06,-8.3646449411389767e-07,-0.00019182682444807142,3.0737734846297826e-07,8
0.79717528820037842,1.2220921516418457,0.79717338085174561,2.314970060979249e-06,0.0025364244356751442,2.2868050564284204e-06,-3.8153754644554283e-07,-0.00023421829973813146,-2.197657380520468e-07,8
0.92799943685531616,1.2243185043334961,0.76093238592147827,2.3395575681206537e-06,0.0025395243428647518,2.2670947146252729e-06,-2.787760138289741e-07,-0.00023567814787384123,-3.2539898597860883e-07,8
-0.92799907922744751,1.2291159629821777,0.92799907922744751,-2.2412330054066842e-06,0.0025510292034596205,2.4181101707654307e-06,3.0977841447565879e-07,-0.00024484936147928238,-2.7087708076578565e-07,8
-0.76093167066574097,1.2243139743804932,0.92799949645996094,-2.1783785086881835e-06,0.002535930834710598,2.3935142507980345e-06,4.2171447489636193e-07,-0.00023743136262055486,-1.5919339091396978e-07,8
-0.52513110637664795,1.1966495513916016,0.92799985408782959,-1.8010608755503199e-06,0.0024639118928462267,2.2920778519619489e-06,8.4884158013665001e-07,-0.00020217847486492246,3.0296402542262513e-07,8
-0.30522248148918152,1.1804121732711792,0.92799907922744751,-1.2431519280653447e-06,0.0024106595665216446,2.2636650101048872e-06,7.7291127809075988e-07,-0.00017622251471038908,4.7758703658473678e-07,8
-0.10006053745746613,1.1728607416152954,0.92799878120422363,-4.2922144416479568e-07,0.0023784872610121965,2.2589060790778603e-06,3.5138097587150696e-07,-0.00016019212489482015,5.3908024710835889e-07,8
0.10005757212638855,1.17286217212677,0.92799878120422363,4.8624923465467873e-07,0.0023794339504092932,2.2529750367539236e-06,-2.2132097399207851e-07,-0.00015993368288036436,5.3214989748084918e-07,8
0.30521988868713379,1.1804157495498657,0.92799901962280273,1.3095551594233257e-06,0.002413005568087101,2.244119968963787e-06,-6.8342382064656704e-07,-0.00017548909818287939,4.6481770255013544e-07,8
0.52512985467910767,1.1966546773910522,0.92799937725067139,1.886661266325973e-06,0.0024668707046657801,2.2515037017001305e-06,-8.2131458611911512e-07,-0.00020101199334021658,3.0601310641031887e-07,8
0.76093518733978271,1.2243189811706543,0.92799913883209229,2.2969654764892766e-06,0.0025395331904292107,2.3086824967322173e-06,-4.8469473767909221e-07,-0.00023568513279315084,-1.0933035099469635e-07,8
0.92799907922744751,1.2291213274002075,0.92799907922744751,2.3666148081247229e-06,0.0025547898840159178,2.3236227661982412e-06,-3.9088942571652296e-07,-0.00024296341871377081,-2.1051617693501612e-07,8
-0.92894047498703003,3.1868107318878174,-0.92894458770751953,-0.00019062674255110323,0.26524892449378967,-0.00019136304035782814,2.2771271687815897e-05,-0.00030040738056413829,2.2859892851556651e-05,8
-0.76017898321151733,3.237623929977417,-0.92901301383972168,-0.00017783325165510178,0.2651883065700531,-0.00019759983115363866,2.1348967493395321e-05,-0.00028789040516130626,2.3300815882976167e-05,8
-0.53859752416610718,3.3152890205383301,-0.92919301986694336,-0.00012592945131473243,0.26498433947563171,-0.00022291454661171883,1.5365512808784842e-05,-0.00023335216974373907,2.5146144253085367e-05,8
-0.3189939558506012,3.3528149127960205,-0.92928582429885864,-7.5920608651358634e-05,0.26508468389511108,-0.00024216983001679182,9.3102416940382682e-06,-0.00023603437875863165,2.6780615371535532e-05,8
-0.10555258393287659,3.3676891326904297,-0.92932087182998657,-2.5417533834115602e-05,0.26522788405418396,-0.00025275960797443986,3.1218221465678653e-06,-0.00026553869247436523,2.7847125238622539e-05,8
0.10555090010166168,3.3676865100860596,-0.92932087182998657,2.52812315011397e-05,0.26522794365882874,-0.00025276164524257183,-3.1178931294562062e-06,-0.00026553869247436523,2.7847998353536241e-05,8
0.3189922571182251,3.3528141975402832,-0.92928588390350342,7.5785545050166547e-05,0.26508486270904541,-0.00024217605823650956,-9.3071857918403111e-06,-0.00023603437875863165,2.6781051928992383e-05,8
0.53859615325927734,3.3152909278869629,-0.92919319868087769,0.00012579809117596596,0.26498466730117798,-0.00022292490757536143,-1.5363766578957438e-05,-0.00023335216974373907,2.514745392545592e-05,8
0.7601783275604248,3.2376282215118408,-0.92901301383972168,0.00017770988051779568,0.26518881320953369,-0.0001976142666535452,-2.1349840608309023e-05,-0.00028789040516130626,2.3302562112803571e-05,8
0.92894023656845093,3.1868150234222412,-0.92894458770751953,0.00019050548144150525,0.26524946093559265,-0.00019137852359563112,-2.2773017917643301e-05,-0.00030040738056413829,2.2861639081384055e-05,8
-0.9290090799331665,3.2376222610473633,-0.76018208265304565,-0.00019683533173520118,0.26518815755844116,-0.00017851585289463401,2.3208702259580605e-05,-0.00028789040516130626,2.143104029528331e-05,8
-0.79397499561309814,3.3053348064422607,-0.79397869110107422,-0.00018602637283038348,0.26516351103782654,-0.00018674469902180135,2.2106831238488667e-05,-0.00028520819614641368,2.2192833057488315e-05,8
-0.5380815863609314,3.3907842636108398,-0.79732710123062134,-0.00012223194062244147,0.26455467939376831,-0.00021903208107687533,1.4788819498789962e-05,-0.0001385807991027832,2.4117614884744398e-05,8
-0.31486150622367859,3.4126853942871094,-0.78874629735946655,-7.3065166361629963e-05,0.26501169800758362,-0.0002421996759949252,8.9110098997480236e-06,-0.00018775461649056524,2.6368941689725034e-05,8
-0.10436135530471802,3.4222104549407959,-0.78438174724578857,-2.4627477614558302e-05,0.26523870229721069,-0.00025304229347966611,3.0354929094755789e-06,-0.00026822090148925781,2.792134000628721e-05,8
0.10435950011014938,3.4222102165222168,-0.78438180685043335,2.4491022486472502e-05,0.26523876190185547,-0.00025304430164396763,-3.0315093226818135e-06,-0.00026822090148925781,2.792134000628721e-05,8
0.31485980749130249,3.4126858711242676,-0.78874659538269043,7.2929506131913513e-05,0.26501187682151794,-0.00024220561317633837,-8.9075174400932156e-06,-0.00018775461649056524,2.6369378247181885e-05,8
0.53807961940765381,3.3907854557037354,-0.79732745885848999,0.00012209761189296842,0.26455500721931458,-0.00021904231107328087,-1.4786636711505707e-05,-0.0001385807991027832,2.41184879996581e-05,8
0.79397416114807129,3.30533766746521,-0.79397881031036377,0.00018590467516332865,0.2651640772819519,-0.00018675986211746931,-2.2107704353402369e-05,-0.00028520819614641368,2.219501584477257e-05,8
0.9290086030960083,3.2376272678375244,-0.76018232107162476,0.00019671546760946512,0.26518875360488892,-0.0001785320055205375,-2.3210448489408009e-05,-0.00028789040516130626,2.1432786525110714e-05,8
-0.92917937040328979,3.3152804374694824,-0.53859847784042358,-0.00022203556727617979,0.26498359441757202,-0.00012639515625778586,2.5038314561243169e-05,-0.00023335216974373907,1.5420519048348069e-05,8
-0.79731988906860352,3.3907744884490967,-0.53808152675628662,-0.00021816813386976719,0.26455381512641907,-0.00012268236605450511,2.4014587324927561e-05,-0.0001385807991027832,1.4842516065982636e-05,8
-0.4989134669303894,3.2660367488861084,-0.49891269207000732,-5.2070707170059904e-05,0.24608506262302399,-5.2246392442611977e-05,1.2814270121452864e-05,0.00040233132313005626,1.2870367754658218e-05,8
-0.28047952055931091,3.1621696949005127,-0.48143264651298523,-2.3913204131531529e-05,0.24274228513240814,-2.9333374186535366e-05,5.9177541515964549e-06,0.001180618884973228,7.4318445513199549e-06,8
-0.091829851269721985,3.1115310192108154,-0.4726797342300415,-7.2112584348360542e-06,0.24172227084636688,-2.2150117729324847e-05,1.7432283812013338e-06,0.0014626978663727641,5.3941034821036737e-06,8
0.091826207935810089,3.1115319728851318,-0.47268003225326538,6.9357060965558048e-06,0.24172221124172211,-2.2150594304548576e-05,-1.7338969655611436e-06,0.0014626978663727641,5.3942671911499929e-06,8
0.280475914478302,3.1621682643890381,-0.48143297433853149,2.3643431632081047e-05,0.24274209141731262,-2.9334805731195956e-05,-5.9102235354657751e-06,0.001180618884973228,7.432444817823125e-06,8
0.49890971183776855,3.2660336494445801,-0.49891367554664612,5.1819934014929458e-05,0.24608460068702698,-5.2248986321501434e-05,-1.2811759916075971e-05,0.00040233132313005626,1.2871786566392984e-05,8
0.79731941223144531,3.3907814025878906,-0.5380823016166687,0.00021805206779390574,0.26455467939376831,-0.00012270083243492991,-2.4016770112211816e-05,-0.0001385807991027832,1.484426229581004e-05,8
0.92917901277542114,3.3152868747711182,-0.53859883546829224,0.00022192171309143305,0.26498439908027649,-0.00012641375360544771,-2.5041807020897977e-05,-0.00023335216974373907,1.5422701835632324e-05,8
-0.92927694320678711,3.3527975082397461,-0.31899446249008179,-0.00024120199668686837,0.26508358120918274,-7.6182579505257308e-05,2.6659252398530953e-05,-0.00023603437875863165,9.3410189947462641e-06,8
-0.78874039649963379,3.4126665592193604,-0.31486174464225769,-0.00024123078037519008,0.2650105357170105,-7.3316012276336551e-05,2.6248451831634156e-05,-0.00018686054681893438,8.940695806813892e-06,8
-0.48143431544303894,3.1621720790863037,-0.28047862648963928,-2.924750151578337e-05,0.24274237453937531,-2.3976521333679557e-05,7.397574790957151e-06,0.001180618884973228,5.9450389926496428e-06,8
-0.27281460165977478,3.0867862701416016,-0.27281355857849121,-1.6367390344385058e-05,0.24169394373893738,-1.640090522414539e-05,4.0055783756542951e-06,0.0014680622844025493,4.0248960431199521e-06,8
-0.087264947593212128,3.0475707054138184,-0.26865148544311523,-5.161705757927848e-06,0.24127320945262909,-1.3564656910602935e-05,1.2308190662224661e-06,0.0015865265158936381,3.2655041195539525e-06,8
0.087261095643043518,3.0475683212280273,-0.26865145564079285,4.8838751354196575e-06,0.24127316474914551,-1.356501343252603e-05,-1.2208328143969993e-06,0.0015865265158936381,3.2656405437592184e-06,8
0.27281081676483154,3.0867836475372314,-0.27281412482261658,1.6091922589112073e-05,0.24169380962848663,-1.640207483433187e-05,-3.9962469600141048e-06,0.0014680622844025493,4.0252780308946967e-06,8
0.48143097758293152,3.1621689796447754,-0.28047916293144226,2.8977790861972608e-05,0.24274210631847382,-2.3978322133189067e-05,-7.389880465780152e-06,0.001180618884973228,5.9456938288349193e-06,8
0.78873980045318604,3.4126770496368408,-0.31486222147941589,0.00024112382379826158,0.2650114893913269,-7.3335868364665657e-05,-2.6253690521116368e-05,-0.00018686054681893438,8.9430968728265725e-06,8
0.92927676439285278,3.3528058528900146,-0.31899482011795044,0.0002410948509350419,0.26508450508117676,-7.6202493801247329e-05,-2.6664054530556314e-05,-0.00023603437875863165,9.3434200607589446e-06,8
-0.92931437492370605,3.3676712512969971,-0.10555232316255569,-0.00025174109032377601,0.26522660255432129,-2.5476436348981224e-05,2.7717031116480939e-05,-0.00026553869247436523,3.1297347504732898e-06,8
-0.78437608480453491,3.4221909046173096,-0.10436100512742996,-0.00025202281540259719,0.26523739099502563,-2.4683322408236563e-05,2.7790372769231908e-05,-0.00026822090148925781,3.0430235256062588e-06,8
-0.47268083691596985,3.1115355491638184,-0.091829411685466766,-2.20915098907426e-05,0.24172237515449524,-7.2056545832310803e-06,5.367418907553656e-06,0.0014626978663727641,1.7512501244709711e-06,8
-0.26865202188491821,3.0475723743438721,-0.087264284491539001,-1.3541751286538783e-05,0.24127325415611267,-5.148267973709153e-06,3.2490786452399334e-06,0.0015865265158936381,1.2367398767310078e-06,8
-0.085328355431556702,3.0124680995941162,-0.08532802015542984,-4.3125946831423789e-06,0.24102663993835449,-4.296432962291874e-06,1.009921106742695e-06,0.0016562639502808452,1.0150642992812209e-06,8
0.085324905812740326,3.012467622756958,-0.085328251123428345,4.0338850340049248e-06,0.24102659523487091,-4.2968385969288647e-06,-9.9964836408616975e-07,0.0016562639502808452,1.015159796224907e-06,8
0.26864954829216003,3.0475707054138184,-0.087264738976955414,1.326453457295429e-05,0.24127314984798431,-5.149525804881705e-06,-3.2392288176197326e-06,0.0015865265158936381,1.2370809372441727e-06,8
0.47267892956733704,3.1115336418151855,-0.091829806566238403,2.1816891603521071e-05,0.24172218143939972,-7.2075526986736804e-06,-5.3583603403239977e-06,0.0014626978663727641,1.7517821788715082e-06,8
0.78437554836273193,3.4222028255462646,-0.10436152666807175,0.00025192127213813365,0.26523834466934204,-2.4703629605937749e-05,-2.7796484573627822e-05,-0.00026822090148925781,3.0455883006652584e-06,8
0.92931395769119263,3.3676795959472656,-0.1055527850985527,0.00025163928512483835,0.2652275562286377,-2.5496796297375113e-05,-2.7723142920876853e-05,-0.00026553869247436523,3.1322995255322894e-06,8
-0.92931437492370605,3.367671012878418,0.10555186867713928,-0.00025173937319777906,0.26522651314735413,2.5424347768421285e-05,2.7717031116480939e-05,-0.00026553869247436523,-3.1323540952143958e-06,8
-0.78437602519989014,3.4221904277801514,0.10436010360717773,-0.00025202115648426116,0.26523733139038086,2.4631104679428972e-05,2.7790372769231908e-05,-0.00026822090148925781,-3.0456428703473648e-06,8
-0.47267988324165344,3.1115353107452393,0.0918264240026474,-2.2090902348281816e-05,0.24172237515449524,7.0007536123739555e-06,5.3672006288252305e-06,0.0014622508315369487,-1.7424916904928978e-06,8
-0.26865160465240479,3.0475740432739258,0.087261512875556946,-1.3541378393711057e-05,0.24127326905727386,4.9399145609640982e-06,3.2489695058757206e-06,0.0015865265158936381,-1.2270810429981793e-06,8
-0.085328206419944763,3.0124683380126953,0.085325390100479126,-4.3123095565533731e-06,0.24102663993835449,4.0856457417248748e-06,1.0097983249579556e-06,0.0016562639502808452,-1.0047642717836425e-06,8
0.085324592888355255,3.0124690532684326,0.085325323045253754,4.0341601561522111e-06,0.2410266101360321,4.0851850826584268e-06,-9.9974386102985591e-07,0.0016562639502808452,-1.0046824172604829e-06,8
0.26864936947822571,3.0475714206695557,0.08726135641336441,1.3264856534078717e-05,0.24127314984798431,4.9384238991478924e-06,-3.2393652418249985e-06,0.0015865265158936381,-1.2267536249055411e-06,8
0.47267884016036987,3.1115338802337646,0.091826550662517548,2.181733725592494e-05,0.24172218143939972,6.9983589128241874e-06,-5.3585240493703168e-06,0.0014626978663727641,-1.742014205774467e-06,8
0.78437554836273193,3.4222030639648438,0.10435973852872849,0.00025192246539518237,0.26523828506469727,2.4611379558336921e-05,-2.7796484573627822e-05,-0.00026822090148925781,-3.0431872346525779e-06,8
0.92931395769119263,3.3676800727844238,0.10555118322372437,0.00025164053658954799,0.26522746682167053,2.5404500775039196e-05,-2.7723142920876853e-05,-0.00026553869247436523,-3.1298438898375025e-06,8
-0.92927694320678711,3.3527963161468506,0.31899434328079224,-0.00024119681620504707,0.26508337259292603,7.6129574154037982e-05,2.6658815841074102e-05,-0.00023603437875863165,-9.3438566182157956e-06,8
-0.78874003887176514,3.4126653671264648,0.31486162543296814,-0.00024122587637975812,0.26501032710075378,7.3262432124465704e-05,2.6248451831634156e-05,-0.00018686054681893438,-8.9430968728265725e-06,8
-0.48143193125724792,3.16217041015625,0.28047612309455872,-2.9245529731269926e-05,0.24274240434169769,2.3778673494234681e-05,7.3968108154076617e-06,0.001180618884973228,-5.9381632127042394e-06,8
-0.27281242609024048,3.0867860317230225,0.27281054854393005,-1.636604247323703e-05,0.24169397354125977,1.6195435819099657e-05,4.0050872485153377e-06,0.0014680622844025493,-4.0160557546187192e-06,8
-0.087264209985733032,3.047572135925293,0.26865020394325256,-5.1607380555651616e-06,0.24127323925495148,1.3355645933188498e-05,1.2304780057093012e-06,0.0015865265158936381,-3.255708861615858e-06,8
0.087261170148849487,3.0475699901580811,0.26865026354789734,4.8847746256797109e-06,0.2412731945514679,1.3354992006497923e-05,-1.2211329476485844e-06,0.0015865265158936381,-3.2555724374105921e-06,8
0.27281054854393005,3.0867838859558105,0.27281123399734497,1.6092943042167462e-05,0.24169382452964783,1.6193393093999475e-05,-3.9965743781067431e-06,0.0014680622844025493,-4.015728336526081e-06,8
0.48143088817596436,3.16217041015625,0.28047668933868408,2.8979344278923236e-05,0.24274210631847382,2.3774900910211727e-05,-7.3902624535548966e-06,0.001180618884973228,-5.9375629462010693e-06,8
0.78873908519744873,3.4126806259155273,0.31486126780509949,0.00024112743267323822,0.26501128077507019,7.3244184022769332e-05,-2.6253690521116368e-05,-0.00018686054681893438,-8.9404775280854665e-06,8
0.92927676439285278,3.3528091907501221,0.31899398565292358,0.00024109857622534037,0.26508429646492004,7.6111333328299224e-05,-2.6664054530556314e-05,-0.00023603437875863165,-9.3412372734746896e-06,8
-0.92917937040328979,3.3152773380279541,0.53859895467758179,-0.00022202669060789049,0.26498320698738098,0.00012634143058676273,2.5037004888872616e-05,-0.00023335216974373907,-1.5424011508002877e-05,8
-0.79731965065002441,3.3907713890075684,0.53808242082595825,-0.00021815957734361291,0.26455345749855042,0.00012262590462341905,2.4013277652557008e-05,-0.0001385807991027832,-1.4844698853266891e-05,8
-0.49891185760498047,3.2660360336303711,0.49891239404678345,-5.2067429351154715e-05,0.24608524143695831,5.207235153648071e-05,1.2812851309718098e-05,0.00040233132313005626,-1.2868512385466602e-05,8
-0.28047770261764526,3.16217041015625,0.48143172264099121,-2.3911139578558505e-05,0.2427423894405365,2.9135706427041441e-05,5.9169901760469656e-06,0.001180618884973228,-7.4251870501029771e-06,8
-0.091829031705856323,3.1115341186523438,0.472678542137146,-7.2097109296009876e-06,0.24172233045101166,2.1944251784589142e-05,1.7426826843802701e-06,0.0014626978663727641,-5.3851540542382281e-06,8
0.091826170682907104,3.1115334033966064,0.47267875075340271,6.9371458266687114e-06,0.24172225594520569,2.1943234969512559e-05,-1.7343744502795744e-06,0.0014626978663727641,-5.3850449148740154e-06,8
0.28047612309455872,3.1621699333190918,0.4814317524433136,2.3645407054573298e-05,0.24274212121963501,2.9132172130630352e-05,-5.9107692322868388e-06,0.001180618884973228,-7.4245867835998069e-06,8
0.49891018867492676,3.2660346031188965,0.49891173839569092,5.1823230023728684e-05,0.24608457088470459,5.2063984185224399e-05,-1.2812414752261247e-05,0.00040233132313005626,-1.2867857549281325e-05,8
0.79731923341751099,3.390782356262207,0.53808170557022095,0.00021805807773489505,0.26455435156822205,0.00012260994117241353,-2.4017206669668667e-05,-0.0001385807991027832,-1.4842516065982636e-05,8
0.92917901277542114,3.3152873516082764,0.53859823942184448,0.00022192786855157465,0.26498407125473022,0.00012632532161660492,-2.5042243578354828e-05,-0.00023335216974373907,-1.5421392163261771e-05,8
-0.9290090799331665,3.237617015838623,0.76018202304840088,-0.00019682272977661341,0.26518756151199341,0.00017846240371000022,2.3207392587210052e-05,-0.00028789040516130626,-2.1434532754938118e-05,8
-0.79397457838058472,3.3053293228149414,0.79397845268249512,-0.00018601323245093226,0.26516285538673401,0.00018669036217033863,2.2104648451204412e-05,-0.00028610226581804454,-2.2196325517143123e-05,8
-0.53808027505874634,3.3907730579376221,0.79732716083526611,-0.00012221600627526641,0.26455381512641907,0.00021896992984693497,1.4787073268962558e-05,-0.00013768672943115234,-2.4120234229485504e-05,8
-0.3148607611656189,3.412667989730835,0.7887457013130188,-7.3048693593591452e-05,0.26501071453094482,0.00024213659344241023,8.9092636699206196e-06,-0.00018686054681893438,-2.6371124477009289e-05,8
-0.10436106473207474,3.4221949577331543,0.78438079357147217,-2.4611044864286669e-05,0.2652377188205719,0.00025297785759903491,3.0333101221913239e-06,-0.00026822090148925781,-2.7923959351028316e-05,8
0.10435908287763596,3.4221978187561035,0.78438079357147217,2.45064111368265e-05,0.26523783802986145,0.0002529765188228339,-3.0333646918734303e-06,-0.00026822090148925781,-2.7923959351028316e-05,8
0.31485947966575623,3.4126787185668945,0.7887457013130188,7.2943526902236044e-05,0.26501107215881348,0.00024213270808104426,-8.9090453911921941e-06,-0.00018596647714730352,-2.6371124477009289e-05,8
0.53807967901229858,3.3907816410064697,0.79732716083526611,0.00012210958811920136,0.26455432176589966,0.00021896265388932079,-1.4787509826419409e-05,-0.00013768672943115234,-2.4119797672028653e-05,8
0.79397404193878174,3.3053369522094727,0.79397827386856079,0.00018591401749290526,0.26516354084014893,0.00018667776021175086,-2.2108577468316071e-05,-0.00028520819614641368,-2.219501584477257e-05,8
0.9290086030960083,3.2376260757446289,0.76018184423446655,0.00019672424241434783,0.26518824696540833,0.00017844897229224443,-2.3211321604321711e-05,-0.00028789040516130626,-2.1432786525110714e-05,8
-0.92894041538238525,3.1868057250976562,0.92894446849822998,-0.00019061320926994085,0.26524826884269714,0.00019130970758851618,2.2769525457988493e-05,-0.00030040738056413829,-2.2864258426125161e-05,8
-0.76017874479293823,3.2376174926757812,0.92901277542114258,-0.00017781915084924549,0.2651875913143158,0.00019754536333493888,2.1347657821024768e-05,-0.00028789040516130626,-2.3304744900087826e-05,8
-0.53859633207321167,3.3152797222137451,0.92919272184371948,-0.00012591303675435483,0.26498347520828247,0.00022285566956270486,1.5362893464043736e-05,-0.00023335216974373907,-2.5149636712740175e-05,8
-0.31899324059486389,3.3527987003326416,0.92928540706634521,-7.590402674395591e-05,0.26508373022079468,0.00024210789706557989,9.3080589067540132e-06,-0.00023603437875863165,-2.6783671273733489e-05,8
-0.10555229336023331,3.3676743507385254,0.9293208122253418,-2.5401248421985656e-05,0.26522693037986755,0.00025269517209380865,3.1196939289657166e-06,-0.00026553869247436523,-2.7850617698277347e-05,8
0.10555059462785721,3.3676774501800537,0.9293208122253418,2.5296341846114956e-05,0.2652270495891571,0.00025269380421377718,-3.1196939289657166e-06,-0.00026553869247436523,-2.7850617698277347e-05,8
0.31899210810661316,3.3528056144714355,0.92928540706634521,7.5799420301336795e-05,0.26508405804634094,0.00024210351693909615,-9.3084954642108642e-06,-0.00023603437875863165,-2.6783671273733489e-05,8
0.53859573602676392,3.3152871131896973,0.92919272184371948,0.0001258099073311314,0.26498395204544067,0.00022284772421699017,-1.536463969387114e-05,-0.00023335216974373907,-2.5148763597826473e-05,8
0.76017826795578003,3.2376253604888916,0.92901277542114258,0.00017771981947589666,0.26518824696540833,0.00019753343076445162,-2.1350277165765874e-05,-0.00028789040516130626,-2.3303435227717273e-05,8
0.92894023656845093,3.1868128776550293,0.92894446849822998,0.00019051495473831892,0.26524892449378967,0.00019129680003970861,-2.2773454475100152e-05,-0.00030040738056413829,-2.2862948753754608e-05,8
-0.92932796478271484,3.4598517417907715,-0.92933231592178345,-0.00018849890329875052,0.26533699035644531,-0.00018922664457932115,2.270753429911565e-05,-0.00033795830677263439,2.2794409233029e-05,8
-0.75052791833877563,3.5260202884674072,-0.92955207824707031,-0.00017088688036892563,0.26534169912338257,-0.00019888604583684355,2.0735604266519658e-05,-0.0003486871428322047,2.3834725652704947e-05,8
-0.53898459672927856,3.6201870441436768,-0.93007910251617432,-0.0001230314519489184,0.26553440093994141,-0.00022737075050827116,1.5309196896851063e-05,-0.00042468306492082775,2.7481290089781396e-05,8
-0.32156091928482056,3.6778202056884766,-0.93054467439651489,-7.3334274929948151e-05,0.26586326956748962,-0.00025086058303713799,9.3244298113859259e-06,-0.00053733587265014648,3.1052331905812025e-05,8
-0.10668697208166122,3.7040488719940186,-0.93079429864883423,-2.4379145543207414e-05,0.26604631543159485,-0.00026289274683222175,3.1275519631890347e-06,-0.00060617917915806174,3.3030810300260782e-05,8
0.10668521374464035,3.7040488719940186,-0.93079429864883423,2.4246046450571157e-05,0.26604637503623962,-0.00026289469678886235,-3.1239503641700139e-06,-0.00060617917915806174,3.3030810300260782e-05,8
0.32155913114547729,3.6778221130371094,-0.93054467439651489,7.3202580097131431e-05,0.26586347818374634,-0.00025086657842621207,-9.3215921879163943e-06,-0.00053644180297851562,3.1052331905812025e-05,8
0.53898310661315918,3.620189905166626,-0.93007928133010864,0.00012290278391446918,0.26553472876548767,-0.00022738074767403305,-1.5307450667023659e-05,-0.00042468306492082775,2.7482163204695098e-05,8
0.750527024269104,3.5260224342346191,-0.92955219745635986,0.00017076385847758502,0.26534217596054077,-0.00019889965187758207,-2.073647738143336e-05,-0.0003486871428322047,2.3836471882532351e-05,8
0.92932748794555664,3.4598543643951416,-0.92933231592178345,0.00018837822426576167,0.26533752679824829,-0.00018924173491541296,-2.2709280528943054e-05,-0.00033795830677263439,2.2796592020313255e-05,8
-0.92954707145690918,3.5260190963745117,-0.75053113698959351,-0.00019811611855402589,0.26534152030944824,-0.0001715414400678128,2.3742612029309385e-05,-0.0003486871428322047,2.0813311493839137e-05,8
-0.76395213603973389,3.6303043365478516,-0.76395583152770996,-0.00018232026195619255,0.26548364758491516,-0.00018302327953279018,2.2237361918087117e-05,-0.0004014372534584254,2.2320744392345659e-05,8
-0.54191678762435913,3.7733306884765625,-0.77093148231506348,-0.00011764672672143206,0.26583552360534668,-0.00022919784532859921,1.4917822227289435e-05,-0.00053197145462036133,2.8573556846822612e-05,8
-0.32168042659759521,3.8347806930541992,-0.77180010080337524,-6.7795983341056854e-05,0.26604300737380981,-0.00025400187587365508,8.7518847067258321e-06,-0.00060975545784458518,3.2155076041817665e-05,8
-0.10662806034088135,3.8604018688201904,-0.77123743295669556,-2.2287216779659502e-05,0.26615899801254272,-0.00026466729468666017,2.8992869829380652e-06,-0.00065445894142612815,3.3800024539232254e-05,8
0.10662630945444107,3.8604023456573486,-0.77123767137527466,2.2154552425490692e-05,0.2661590576171875,-0.00026466904091648757,-2.8956853839190444e-06,-0.00065445894142612815,3.3800897654145956e-05,8
0.32167869806289673,3.8347823619842529,-0.77180057764053345,6.7664892412722111e-05,0.26604318618774414,-0.00025400728918612003,-8.7490470832563005e-06,-0.00060975545784458518,3.2155076041817665e-05,8
0.54191488027572632,3.7733352184295654,-0.77093154191970825,0.00011751915735658258,0.26583585143089294,-0.00022920740593690425,-1.4916294276190456e-05,-0.00053197145462036133,2.8574429961736314e-05,8
0.76395130157470703,3.6303093433380127,-0.76395601034164429,0.00018220049969386309,0.26548418402671814,-0.0001830374967539683,-2.223867159045767e-05,-0.0004014372534584254,2.2322490622173063e-05,8
0.92954659461975098,3.5260219573974609,-0.75053131580352783,0.00019799795700237155,0.265342116355896,-0.00017155718524008989,-2.374479481659364e-05,-0.0003486871428322047,2.0815494281123392e-05,8
-0.93007367849349976,3.620180606842041,-0.53898578882217407,-0.00022648167214356363,0.26553386449813843,-0.00012348663585726172,2.7373896955396049e-05,-0.00042468306492082775,1.5362456906586885e-05,8
-0.77092719078063965,3.7733280658721924,-0.54191792011260986,-0.00022830509988125414,0.26583504676818848,-0.0001180795079562813,2.8466163712437265e-05,-0.00053197145462036133,1.4968462892284151e-05,8
-0.54388338327407837,4.396693229675293,-0.54388159513473511,-5.8792847994482145e-05,0.35192891955375671,-5.8726800489239395e-05,4.1462586523266509e-05,2.6822087875189027e-06,4.1462368244538084e-05,8
-0.32174551486968994,4.4875340461730957,-0.54394561052322388,-4.0923474443843588e-05,0.35192936658859253,-5.6388023949693888e-05,2.8841821404057555e-05,8.9406961478744051e-07,3.9810216549085453e-05,8
-0.10659219324588776,4.5284466743469238,-0.54409795999526978,-1.4467192158917896e-05,0.35192969441413879,-5.5292461183853447e-05,1.0157381439057644e-05,0,3.9036745874909684e-05,8
0.10659008473157883,4.528447151184082,-0.54409819841384888,1.4297005691332743e-05,0.35192969441413879,-5.5292643082793802e-05,-1.0156672033190262e-05,0,3.903696415363811e-05,8
0.32174345850944519,4.4875369071960449,-0.54394727945327759,4.0753187931841239e-05,0.35192939639091492,-5.6388576922472566e-05,-2.8841166567872278e-05,8.9406961478744051e-07,3.9810653106542304e-05,8
0.54388135671615601,4.3966970443725586,-0.54388231039047241,5.8622463257052004e-05,0.35192897915840149,-5.8727517171064392e-05,-4.1461713408352807e-05,2.6822087875189027e-06,4.1462804801994935e-05,8
0.77092635631561279,3.7733325958251953,-0.54191833734512329,0.00022819597506895661,0.26583573222160339,-0.00011809768329840153,-2.8470529287005775e-05,-0.00053197145462036133,1.4970863958296832e-05,8
0.93007296323776245,3.6201868057250977,-0.5389862060546875,0.0002263708011014387,0.26553457975387573,-0.00012350465112831444,-2.7377389415050857e-05,-0.00042468306492082775,1.536463969387114e-05,8
-0.93053930997848511,3.6778104305267334,-0.32156148552894592,-0.00024987483629956841,0.26586252450942993,-7.3586168582551181e-05,3.0933588277548552e-05,-0.00053644180297851562,9.3534608822665177e-06,8
-0.77179610729217529,3.8347744941711426,-0.32168048620223999,-0.00025300652487203479,0.26604226231575012,-6.8025132350157946e-05,3.2034586183726788e-05,-0.00060975545784458518,8.7787329903221689e-06,8
-0.54394835233688354,4.4875307083129883,-0.32174423336982727,-5.6453889555996284e-05,0.35192936658859253,-4.0857750718714669e-05,3.9810543967178091e-05,8.9406961478744051e-07,2.8841712264693342e-05,8
-0.32157012820243835,4.5754208564758301,-0.32156869769096375,-3.8300266169244424e-05,0.35193011164665222,-3.8234684325288981e-05,2.6989289835910313e-05,0,2.6989071557181887e-05,8
-0.10659297555685043,4.6142306327819824,-0.32190868258476257,-1.3482126632879954e-05,0.35193043947219849,-3.7184960092417896e-05,9.4617271315655671e-06,-8.9406961478744051e-07,2.6247906134813093e-05,8
0.10659058392047882,4.6142325401306152,-0.32190892100334167,1.3312286682776175e-05,0.35193043947219849,-3.7185029214015231e-05,-9.4612632892676629e-06,-8.9406961478744051e-07,2.6248124413541518e-05,8
0.32156756520271301,4.5754261016845703,-0.32156914472579956,3.8130277971504256e-05,0.35193014144897461,-3.8234869862208143e-05,-2.6988634999725036e-05,0,2.6989289835910313e-05,8
0.54394656419754028,4.4875378608703613,-0.32174474000930786,5.628384678857401e-05,0.3519294261932373,-4.0858081774786115e-05,-3.9809889130992815e-05,8.9406961478744051e-07,2.8841930543421768e-05,8
0.77179521322250366,3.8347792625427246,-0.32168105244636536,0.000252904137596488,0.26604300737380981,-6.8045228545088321e-05,-3.2039824873209e-05,-0.00061064952751621604,8.7813523350632749e-06,8
0.93053889274597168,3.6778180599212646,-0.32156196236610413,0.00024977116845548153,0.26586329936981201,-7.3606017394922674e-05,-3.0937953852117062e-05,-0.00053644180297851562,9.3562985057360493e-06,8
-0.93078917264938354,3.7040386199951172,-0.10668656229972839,-0.00026185641763731837,0.26604539155960083,-2.4433697035419755e-05,3.2905081752687693e-05,-0.00060617917915806174,3.1345914521807572e-06,8
-0.7712329626083374,3.8603954315185547,-0.10662773996591568,-0.00026362654170952737,0.26615810394287109,-2.2333344531944022e-05,3.3675169106572866e-05,-0.00065445894142612815,2.9053987873339793e-06,8
-0.54409992694854736,4.528444766998291,-0.10659132152795792,-5.5357828387059271e-05,0.35192969441413879,-1.4401298358279746e-05,3.9036636735545471e-05,0,1.0157054020965006e-05,8
-0.32190990447998047,4.6142306327819824,-0.10659206658601761,-3.7250239984132349e-05,0.35193043947219849,-1.3416351066553034e-05,2.6247906134813093e-05,-8.9406961478744051e-07,9.4614815679960884e-06,8
-0.10675693303346634,4.6524572372436523,-0.10675622522830963,-1.306575086346129e-05,0.35193085670471191,-1.300030362472171e-05,9.1677056843764149e-06,-2.6822087875189027e-06,9.1677056843764149e-06,8
0.10675475746393204,4.652458667755127,-0.106756292283535,1.2896464795630891e-05,0.35193085670471191,-1.3000388207728975e-05,-9.1676783995353617e-06,-2.6822087875189027e-06,9.1677602540585212e-06,8
0.32190805673599243,4.614234447479248,-0.10659221559762955,3.7080884794704616e-05,0.35193046927452087,-1.3416563888313249e-05,-2.624779699544888e-05,-8.9406961478744051e-07,9.4616179922013544e-06,8
0.54409795999526978,4.5284504890441895,-0.10659147799015045,5.5188313126564026e-05,0.35192975401878357,-1.4401606676983647e-05,-3.9036418456817046e-05,0,1.0157272299693432e-05,8
0.7712322473526001,3.860400915145874,-0.10662805289030075,0.00026352860732004046,0.26615887880325317,-2.2353970052790828e-05,-3.3682154025882483e-05,-0.00065445894142612815,2.9081818411214044e-06,8
0.93078881502151489,3.7040457725524902,-0.10668700933456421,0.00026175781385973096,0.26604616641998291,-2.4454380763927475e-05,-3.2911193557083607e-05,-0.00060617917915806174,3.1374290756502887e-06,8
-0.93078911304473877,3.7040390968322754,0.10668613761663437,-0.00026185484603047371,0.26604533195495605,2.4385364667978138e-05,3.2905081752687693e-05,-0.00060617917915806174,-3.1384658996103099e-06,8
-0.7712329626083374,3.8603940010070801,0.10662708431482315,-0.00026362511562183499,0.26615804433822632,2.2285325030679815e-05,3.3675169106572866e-05,-0.00065445894142612815,-2.9094369438098511e-06,8
-0.54409980773925781,4.528447151184082,0.10659043490886688,-5.5357439123326913e-05,0.35192972421646118,1.43630568345543e-05,3.9036418456817046e-05,0,-1.0157135875488166e-05,8
-0.32190972566604614,4.6142315864562988,0.10659129917621613,-3.7249956221785396e-05,0.35193046927452087,1.3378323274082504e-05,2.6247578716720454e-05,-8.9406961478744051e-07,-9.4616998467245139e-06,8
-0.10675688087940216,4.652458667755127,0.1067553237080574,-1.3065504390397109e-05,0.3519308865070343,1.2962187611265108e-05,9.1675419753300957e-06,-2.6822087875189027e-06,-9.167869393422734e-06,8
0.10675491392612457,4.6524600982666016,0.10675534605979919,1.2896726730105001e-05,0.3519308865070343,1.2962120308657177e-05,-9.1678421085816808e-06,-2.6822087875189027e-06,-9.1678421085816808e-06,8
0.32190835475921631,4.6142373085021973,0.1065913513302803,3.7081124901305884e-05,0.35193049907684326,1.3378114999795798e-05,-2.6247906134813093e-05,-8.9406961478744051e-07,-9.4615907073603012e-06,8
0.54409801959991455,4.5284523963928223,0.10659074783325195,5.5188462283695117e-05,0.35192978382110596,1.4362809451995417e-05,-3.9036636735545471e-05,0,-1.0156972166441847e-05,8
0.77123230695724487,3.8604016304016113,0.10662684589624405,0.00026352974236942828,0.2661588191986084,2.2265037841862068e-05,-3.3682154025882483e-05,-0.00065445894142612815,-2.9065447506582132e-06,8
0.93078881502151489,3.7040469646453857,0.1066858172416687,0.0002617590653244406,0.26604610681533813,2.4364966520806774e-05,-3.2911193557083607e-05,-0.00060617917915806174,-3.1356828458228847e-06,8
-0.93053930997848511,3.6778085231781006,0.32156124711036682,-0.00024987003416754305,0.26586231589317322,7.3536692070774734e-05,3.093271516263485e-05,-0.00053644180297851562,-9.3573898993781768e-06,8
-0.77179580926895142,3.8347725868225098,0.32168030738830566,-0.00025300213019363582,0.2660420835018158,6.7976499849464744e-05,3.2034586183726788e-05,-0.00060975545784458518,-8.782662007433828e-06,8
-0.54394805431365967,4.4875392913818359,0.32174387574195862,-5.6452747230650857e-05,0.3519294261932373,4.0819406422087923e-05,3.9809889130992815e-05,8.9406961478744051e-07,-2.8841821404057555e-05,8
-0.32156914472579956,4.5754241943359375,0.32156798243522644,-3.8299378502415493e-05,0.351930171251297,3.819653284153901e-05,2.6988634999725036e-05,0,-2.6989289835910313e-05,8
-0.10659255087375641,4.6142339706420898,0.32190829515457153,-1.3481370842782781e-05,0.35193049907684326,3.7146797694731504e-05,9.4611814347445033e-06,-8.9406961478744051e-07,-2.6248233552905731e-05,8
0.10659098625183105,4.6142368316650391,0.32190847396850586,1.3313024282979313e-05,0.35193049907684326,3.7146721297176555e-05,-9.4617817012476735e-06,-8.9406961478744051e-07,-2.6248124413541518e-05,8
0.32156836986541748,4.5754308700561523,0.32156860828399658,3.8130976463435218e-05,0.35193020105361938,3.8196303648874164e-05,-2.69891806965461e-05,0,-2.69891806965461e-05,8
0.54394686222076416,4.4875473976135254,0.3217441737651825,5.6284192396560684e-05,0.35192948579788208,4.0818944398779422e-05,-3.9810216549085453e-05,8.9406961478744051e-07,-2.8841493985964917e-05,8
0.77179533243179321,3.8347811698913574,0.32168003916740417,0.00025290768826380372,0.26604282855987549,6.7957160354126245e-05,-3.2039824873209e-05,-0.00060975545784458518,-8.7800426626927219e-06,8
0.93053895235061646,3.6778197288513184,0.32156082987785339,0.00024977492284961045,0.2658630907535553,7.3517519922461361e-05,-3.0937953852117062e-05,-0.00053644180297851562,-9.3549888333654962e-06,8
-0.93007349967956543,3.6201775074005127,0.53898578882217407,-0.00022647340665571392,0.26553350687026978,0.00012343515118118376,2.7372587283025496e-05,-0.00042468306492082775,-1.5366385923698545e-05,8
-0.77092695236206055,3.7733273506164551,0.54191803932189941,-0.0002282974892295897,0.26583471894264221,0.00011802910739788786,2.8465290597523563e-05,-0.00053197145462036133,-1.4972610188124236e-05,8
-0.54388284683227539,4.3967013359069824,0.54388189315795898,-5.8791236369870603e-05,0.35192903876304626,5.8688805438578129e-05,4.1461604268988594e-05,2.6822087875189027e-06,-4.1462586523266509e-05,8
-0.32174485921859741,4.4875383377075195,0.54394662380218506,-4.0922182961367071e-05,0.35192945599555969,5.6350108934566379e-05,2.8841057428508066e-05,8.9406961478744051e-07,-3.9810543967178091e-05,8
-0.10659165680408478,4.5284485816955566,0.54409795999526978,-1.4466163520410191e-05,0.35192978382110596,5.5254386097658426e-05,1.0156644748349208e-05,0,-3.9037073293002322e-05,8
0.10659027844667435,4.5284519195556641,0.54409807920455933,1.4297888810688164e-05,0.35192981362342834,5.5254229664569721e-05,-1.0157326869375538e-05,0,-3.903696415363811e-05,8
0.32174387574195862,4.4875478744506836,0.54394704103469849,4.0753784560365602e-05,0.35192948579788208,5.6349657825194299e-05,-2.8841603125329129e-05,8.9406961478744051e-07,-3.9810325688449666e-05,8
0.54388159513473511,4.3967099189758301,0.54388213157653809,5.8622947108233348e-05,0.35192906856536865,5.8688259741757065e-05,-4.1462368244538084e-05,2.6822087875189027e-06,-4.1462259105173871e-05,8
0.77092635631561279,3.7733328342437744,0.54191774129867554,0.0002282021741848439,0.26583540439605713,0.00011801222717622295,-2.8470965844462626e-05,-0.00053197145462036133,-1.4970427400839981e-05,8
0.93007296323776245,3.6201872825622559,0.53898543119430542,0.00022637708752881736,0.26553425192832947,0.00012341808178462088,-2.7377825972507708e-05,-0.00042468306492082775,-1.5364203136414289e-05,8
-0.9295470118522644,3.526015043258667,0.75053119659423828,-0.00019810446246992797,0.26534095406532288,0.00017148832557722926,2.3740865799481981e-05,-0.0003486871428322047,-2.0817677068407647e-05,8
-0.76395177841186523,3.6302990913391113,0.76395565271377563,-0.00018230827117804438,0.26548305153846741,0.00018296996131539345,2.2235615688259713e-05,-0.0004014372534584254,-2.2325109966914169e-05,8
-0.54191595315933228,3.7733273506164551,0.77093124389648438,-0.00011763143993448466,0.26583483815193176,0.00022914409055374563,1.4915421161276754e-05,-0.00053197145462036133,-2.8578795536304824e-05,8
-0.32167983055114746,3.8347728252410889,0.7718004584312439,-6.7779583332594484e-05,0.26604226231575012,0.00025394669501110911,8.7494836407131515e-06,-0.00060975545784458518,-3.2160314731299877e-05,8
-0.10662776231765747,3.8603954315185547,0.77123725414276123,-2.2270385670708492e-05,0.26615825295448303,0.00026461007655598223,2.8970496259717038e-06,-0.00065445894142612815,-3.3806136343628168e-05,8
0.1066262423992157,3.8603975772857666,0.77123737335205078,2.2170856027514674e-05,0.26615831255912781,0.00026460853405296803,-2.897813601521193e-06,-0.00065445894142612815,-3.3806136343628168e-05,8
0.32167863845825195,3.8347768783569336,0.7718004584312439,6.7680288339033723e-05,0.26604247093200684,0.00025394192198291421,-8.7507933130837046e-06,-0.00061064952751621604,-3.2160314731299877e-05,8
0.54191499948501587,3.7733314037322998,0.7709311842918396,0.00011753278522519395,0.2658352255821228,0.0002291356649948284,-1.4917603948561009e-05,-0.00053197145462036133,-2.8577922421391122e-05,8
0.76395136117935181,3.6303083896636963,0.76395553350448608,0.00018221023492515087,0.26548367738723755,0.0001829569082474336,-2.2239544705371372e-05,-0.0004014372534584254,-2.2323363737086765e-05,8
0.9295467734336853,3.5260219573974609,0.75053101778030396,0.00019800665904767811,0.26534163951873779,0.00017147418111562729,-2.3745231374050491e-05,-0.0003486871428322047,-2.0815930838580243e-05,8
-0.92932790517807007,3.4598462581634521,0.92933213710784912,-0.00018848590843845159,0.26533633470535278,0.00018917335546575487,2.2705788069288246e-05,-0.00033795830677263439,-2.2799211365054362e-05,8
-0.75052750110626221,3.5260159969329834,0.92955201864242554,-0.00017087350715883076,0.26534101366996765,0.00019883163622580469,2.0733858036692254e-05,-0.0003486871428322047,-2.3839527784730308e-05,8
-0.53898370265960693,3.6201784610748291,0.93007910251617432,-0.0001230165216838941,0.26553365588188171,0.00022731513308826834,1.5307014109566808e-05,-0.00042468306492082775,-2.7485655664349906e-05,8
-0.32156041264533997,3.6778106689453125,0.93054443597793579,-7.3318085924256593e-05,0.26586249470710754,0.00025080458726733923,9.3222470241016708e-06,-0.00053644180297851562,-3.1057570595294237e-05,8
-0.10668662935495377,3.7040419578552246,0.93079406023025513,-2.4362607291550376e-05,0.26604554057121277,0.00026283494662493467,3.1254237455868861e-06,-0.00060617917915806174,-3.3036048989742994e-05,8
0.10668522864580154,3.7040426731109619,0.93079406023025513,2.4262179067591205e-05,0.26604562997817993,0.00026283328770659864,-3.1260785817721626e-06,-0.00060617917915806174,-3.3036048989742994e-05,8
0.32155919075012207,3.6778151988983154,0.93054431676864624,7.3217735916841775e-05,0.26586276292800903,0.00025079955230467021,-9.3233384177437983e-06,-0.00053644180297851562,-3.1057570595294237e-05,8
0.53898298740386963,3.6201846599578857,0.93007910251617432,0.000122916026157327,0.26553407311439514,0.0002273068530485034,-1.5308760339394212e-05,-0.00042468306492082775,-2.7484782549436204e-05,8
0.750527024269104,3.52602219581604,0.92955201864242554,0.00017077433585654944,0.26534160971641541,0.00019881998014170676,-2.0736913938890211e-05,-0.0003486871428322047,-2.3838218112359755e-05,8
0.92932748794555664,3.4598538875579834,0.92933201789855957,0.0001883878285298124,0.26533699035644531,0.00018916034605354071,-2.2709717086399905e-05,-0.00033795830677263439,-2.2797028577770106e-05,8
