x,y,z,vx,vy,vz,ax,ay,az,mass
-0.92799967527389526,0.074175126850605011,-0.92799967527389526,-2.1352127532736631e-06,0.0017641369486227632,-2.1581267901638057e-06,-0.00020795858290512115,0.00032803622889332473,-0.00020833018061239272,8
-0.73534560203552246,0.073875345289707184,-0.92799973487854004,-5.933082866249606e-05,0.0016279434785246849,3.6319795526651433e-06,8.1350510299671441e-05,0.00037214948679320514,0.00040555233135819435,8
-0.51533085107803345,0.073146529495716095,-0.92799997329711914,-0.0001202565326821059,0.001268562744371593,-1.174371391243767e-05,0.00015284966502804309,0.00048838905058801174,-0.00019326743495184928,8
-0.30217528343200684,0.072744794189929962,-0.92799979448318481,-0.00010867818491533399,0.0010143279796466231,-8.1846555985976011e-06,0.00013843586202710867,0.00055530807003378868,-0.00032372126588597894,8
-0.099409930408000946,0.072557717561721802,-0.92799979448318481,-4.2779949581017718e-05,0.00087522342801094055,-8.8819033408071846e-06,5.4761982028139755e-05,0.00058739149244502187,-0.00034085434162989259,8
0.099411189556121826,0.072557836771011353,-0.92799979448318481,4.3416112021077424e-05,0.00087523652473464608,-8.8774895630194806e-06,-5.509300171979703e-05,0.00058737577637657523,-0.00034077712916769087,8
0.30217599868774414,0.072744913399219513,-0.92799979448318481,0.00010922691581072286,0.0010143668623641133,-8.1698253779904917e-06,-0.0001387091469950974,0.0005552731454372406,-0.00032344277133233845,8
0.51533061265945435,0.073146708309650421,-0.92799997329711914,0.0001206418892252259,0.0012686252593994141,-1.170172072306741e-05,-0.00015295989578589797,0.00048835412599146366,-0.00019280984997749329,8
0.73534631729125977,0.073876306414604187,-0.92799973487854004,5.9606743889162317e-05,0.0016280369600281119,3.5644291074277135e-06,-7.7220349339768291e-05,0.00037212853203527629,0.00040125197847373784,8
0.92799967527389526,0.074176087975502014,-0.92799967527389526,2.6789678031491349e-06,0.0017642390448600054,-2.6499094474274898e-06,0.00021548532822635025,0.0003280222590547055,-0.00021500927687156945,8
-0.92799973487854004,0.073875345289707184,-0.73534524440765381,3.6438132156035863e-06,0.0016279317205771804,-5.9464047808432952e-05,0.00040488154627382755,0.00037215996417216957,8.1454301835037768e-05,8
-0.74134665727615356,0.073654167354106903,-0.7413448691368103,-5.7684173953020945e-05,0.0015167258679866791,-5.7809123973129317e-05,7.6140961027704179e-05,0.00040428360807709396,7.6250427810009569e-05,8
-0.50570791959762573,0.072914481163024902,-0.72926515340805054,-0.00012939445150550455,0.0011004835832864046,-7.3671195423230529e-05,0.00016747084737289697,0.00051356968469917774,8.5218845924828202e-05,8
-0.29240185022354126,0.072531051933765411,-0.71479099988937378,-0.00011396592162782326,0.00081615953240543604,-0.00010359765292378142,0.00014842733799014241,0.00056179525563493371,0.00013642813428305089,8
-0.096125572919845581,0.072373174130916595,-0.70878642797470093,-4.4372023694450036e-05,0.00067628332180902362,-0.00012192280701128766,5.8082765463041142e-05,0.00057821680093184114,0.00016382100875489414,8
0.096127688884735107,0.072373487055301666,-0.70878446102142334,4.503281888901256e-05,0.00067629269324243069,-0.00012189242988824844,-5.8493020333116874e-05,0.00057819759240373969,0.00016379110456909984,8
0.2924029529094696,0.072531275451183319,-0.7147904634475708,0.00011454786726972088,0.00081619562115520239,-0.00010351758828619495,-0.0001487739646108821,0.00056174985365942121,0.00013638098607771099,8
0.50570893287658691,0.072914600372314453,-0.72926515340805054,0.00012981194595340639,0.0011005506385117769,-7.356367859756574e-05,-0.00016768563364166766,0.00051352079026401043,8.5249841504264623e-05,8
0.74134767055511475,0.073655068874359131,-0.74134665727615356,5.7841225498123094e-05,0.0015168382087722421,-5.7689616369316354e-05,-7.4983756348956376e-05,0.00040424519102089107,7.4996634793933481e-05,8
0.92799973487854004,0.073876306414604187,-0.73534572124481201,-3.5499260775395669e-06,0.0016280530253425241,-5.9440906625241041e-05,-0.00040198606438934803,0.00037212853203527629,7.7233773481566459e-05,8
-0.92799997329711914,0.073146343231201172,-0.51533031463623047,-1.171357052953681e-05,0.0012685208348557353,-0.00012055012484779581,-0.00019301554129924625,0.00048842397518455982,0.00015309391892515123,8
-0.72926533222198486,0.072914443910121918,-0.50570738315582275,-7.3552240792196244e-05,0.001100449007935822,-0.0001296996051678434,8.5062558355275542e-05,0.00051359762437641621,0.00016776770644355565,8
-0.48150411248207092,0.07229352742433548,-0.48150444030761719,-0.00016530102584511042,0.00057562667643651366,-0.00016558969218749553,0.00022414779232349247,0.00056472542928531766,0.00022457692830357701,8
-0.27685919404029846,0.07214810699224472,-0.48315626382827759,-0.00013455626321956515,0.00039764118264429271,-0.00018430636555422097,0.00018120581808034331,0.00056095357285812497,0.00025197878130711615,8
-0.090850904583930969,0.072106607258319855,-0.48276948928833008,-4.8309964768122882e-05,0.00032844211091287434,-0.00019373395480215549,6.4924715843517333e-05,0.00054452772019430995,0.00026464462280273438,8
0.090853944420814514,0.072106637060642242,-0.48277047276496887,4.8972262447932735e-05,0.00032845363602973521,-0.00019366914057172835,-6.5393141994718462e-05,0.00054451898904517293,0.0002645686618052423,8
0.27686545252799988,0.072148345410823822,-0.48315584659576416,0.00013515839236788452,0.00039768021088093519,-0.00018411388737149537,-0.00018163189815822989,0.00056091602891683578,0.00025177665520459414,8
0.48150679469108582,0.072293616831302643,-0.48150360584259033,0.00016576566849835217,0.00057570816716179252,-0.00016530413995496929,-0.00022448044910561293,0.00056464859517291188,0.00022434380662161857,8
0.72926580905914307,0.072914622724056244,-0.50570625066757202,7.3706964030861855e-05,0.0011005967389792204,-0.00012938008876517415,-8.5212734120432287e-05,0.00051350332796573639,0.0001676149113336578,8
0.92799997329711914,0.073146834969520569,-0.51532942056655884,1.1736306987586431e-05,0.0012686847476288676,-0.000120235861686524,0.00019312307995278388,0.00048834714107215405,0.00015292191528715193,8
-0.92799979448318481,0.072744667530059814,-0.30217519402503967,-8.1662728916853666e-06,0.0010142709361389279,-0.00010904843657044694,-0.00032341363839805126,0.00055536744184792042,0.00013875913282390684,8
-0.71479064226150513,0.072531156241893768,-0.2924019992351532,-0.00010348658543080091,0.00081611680798232555,-0.00011433841427788138,0.00013620068784803152,0.00056184065761044621,0.00014880976232234389,8
-0.48315784335136414,0.072148069739341736,-0.27686426043510437,-0.00018410223128739744,0.00039764487883076072,-0.00013488892000168562,0.00025158326025120914,0.00056096143089234829,0.00018166551308240741,8
-0.28309029340744019,0.072051048278808594,-0.28309103846549988,-0.00015496215200982988,0.00022071653802413493,-0.0001551921886857599,0.00020972000493202358,0.00051958195399492979,0.0002101181453326717,8
-0.085867948830127716,0.072021134197711945,-0.28318047523498535,-4.9804428272182122e-05,0.00013150087033864111,-0.00016429058450739831,6.726455467287451e-05,0.00045384946861304343,0.00022203965636435896,8
0.085871748626232147,0.072021141648292542,-0.28318008780479431,5.0397909944877028e-05,0.00013150559971109033,-0.00016421041800640523,-6.7662149376701564e-05,0.00045385558041743934,0.00022194361372385174,8
0.28309431672096252,0.072051063179969788,-0.28308957815170288,0.00015548770898021758,0.00022075060405768454,-0.00015492725651711226,-0.00021006139286328107,0.00051957799587398767,0.00020983220019843429,8
0.48315823078155518,0.072148405015468597,-0.27686125040054321,0.00018450547941029072,0.00039773114258423448,-0.00013451282575260848,-0.00025183602701872587,0.00056089070858433843,0.00018132718105334789,8
0.71479105949401855,0.072531446814537048,-0.29240062832832336,0.00010366993956267834,0.00081628619227558374,-0.00011392230953788385,-0.00013632467016577721,0.00056170095922425389,0.00014856441703159362,8
0.92799979448318481,0.072744987905025482,-0.30217388272285461,8.193559551727958e-06,0.0010144731495529413,-0.00010863529314519837,0.00032385424128733575,0.0005552277434617281,0.00013857250451110303,8
-0.92799979448318481,0.072557650506496429,-0.099409885704517365,-8.8718888946459629e-06,0.00087516038911417127,-4.3160038330825046e-05,-0.00034068510285578668,0.00058748229639604688,5.5081323807826266e-05,8
-0.70878309011459351,0.072373084723949432,-0.096125885844230652,-0.00012185960804345086,0.00067623978247866035,-4.4745007471647114e-05,0.00016361451707780361,0.00057827966520562768,5.8451438235351816e-05,8
-0.48277029395103455,0.072106622159481049,-0.090851143002510071,-0.00019365698972251266,0.0003284570702817291,-4.8629255616106093e-05,0.00026439229259267449,0.00054453819757327437,6.5323838498443365e-05,8
-0.28317940235137939,0.072021141648292542,-0.085869006812572479,-0.00016423469060100615,0.00013152434257790446,-5.0017177272820845e-05,0.00022184538829606026,0.00045383768156170845,6.7588807723950595e-05,8
-0.083608128130435944,0.072002202272415161,-0.083608455955982208,-4.8365596740040928e-05,3.5689914511749521e-05,-4.8394871555501595e-05,6.5219937823712826e-05,0.0003143051580991596,6.5338681451976299e-05,8
0.083612836897373199,0.072002202272415161,-0.083608917891979218,4.8816946218721569e-05,3.5693032259587198e-05,-4.8312107537640259e-05,-6.5435815486125648e-05,0.00031432250398211181,6.523914635181427e-05,8
0.28318047523498535,0.072021149098873138,-0.085867539048194885,0.00016462814528495073,0.00013155151100363582,-4.9719041271600872e-05,-0.00022200560488272458,0.00045386847341433167,6.7257678892929107e-05,8
0.48277309536933899,0.072106741368770599,-0.090849056839942932,0.00019396432617213577,0.00032855200697667897,-4.8212597903329879e-05,-0.00026450623408891261,0.00054448668379336596,6.4930281951092184e-05,8
0.70878404378890991,0.072373516857624054,-0.09612400084733963,0.00012202322977827862,0.00067642313661053777,-4.4279913709033281e-05,-0.00016368174692615867,0.0005781155196018517,5.8134388382313773e-05,8
0.92799979448318481,0.072557903826236725,-0.099408440291881561,8.8957513071363792e-06,0.00087539124069735408,-4.2690928239608184e-05,0.00034110294654965401,0.00058729195734485984,5.4831612942507491e-05,8
-0.92799979448318481,0.072557531297206879,0.099411487579345703,-8.87755595613271e-06,0.00087517488282173872,4.307996277930215e-05,-0.00034078132011927664,0.0005874927737750113,-5.4850384913152084e-05,8
-0.70878452062606812,0.072373040020465851,0.096128031611442566,-0.00012189873814349994,0.00067626015515998006,4.4702122977469116e-05,0.00016367781790904701,0.00057829363504424691,-5.8205874665873125e-05,8
-0.48277094960212708,0.072106651961803436,0.090854808688163757,-0.00019372950191609561,0.00032848503906279802,4.8688492825021967e-05,0.00026451583835296333,0.00054455478675663471,-6.5075546444859356e-05,8
-0.28318005800247192,0.072021156549453735,0.08587200939655304,-0.00016431095718871802,0.00013155791384633631,5.0206304877065122e-05,0.00022196456848178059,0.00045385013800114393,-6.7389955802354962e-05,8
-0.083608932793140411,0.072002202272415161,0.083612963557243347,-4.8425834393128753e-05,3.572314017219469e-05,4.8784884711494669e-05,6.5292952058371156e-05,0.00031436191056855023,-6.5310086938552558e-05,8
0.083612844347953796,0.072002202272415161,0.083613134920597076,4.8770005378173664e-05,3.5726036003325135e-05,4.886585520580411e-05,-6.5391723182983696e-05,0.000314380566123873,-6.5403182816226035e-05,8
0.28317812085151672,0.072021156549453735,0.085874371230602264,0.00016459438484162092,0.00013158310321159661,5.0499595090514049e-05,-0.00022197897487785667,0.00045389030128717422,-6.770602340111509e-05,8
0.48277309536933899,0.072106719017028809,0.090856820344924927,0.00019394290575291961,0.00032858134363777936,4.9099999159807339e-05,-0.00026448746211826801,0.0005445067654363811,-6.5459826146252453e-05,8
0.70878428220748901,0.072373606264591217,0.096129328012466431,0.00012201385106891394,0.00067645066883414984,4.5166314521338791e-05,-0.00016367410717066377,0.00057812948944047093,-5.8531000831862912e-05,8
0.92799979448318481,0.072557903826236725,0.099412523210048676,8.8945880634128116e-06,0.0008754181326366961,4.3551153794396669e-05,0.0003410832432564348,0.00058729719603434205,-5.5114938732003793e-05,8
-0.92799979448318481,0.072744674980640411,0.30217623710632324,-8.1823291111504659e-06,0.0010143138933926821,0.00010896471212618053,-0.0003236824122723192,0.0005554023664444685,-0.00013856573787052184,8
-0.71479117870330811,0.072531163692474365,0.2924034595489502,-0.00010358628060203046,0.00081616861280053854,0.00011427990830270573,0.00013634868082590401,0.00056187383597716689,-0.00014858318900223821,8
-0.48315930366516113,0.072148174047470093,0.27686586976051331,-0.00018431417993269861,0.00039773387834429741,0.00013491508434526622,0.00025192901375703514,0.00056099722860381007,-0.00018137214647140354,8
-0.2830926775932312,0.072051085531711578,0.28309184312820435,-0.00015521080058533698,0.00022083644580561668,0.00015531081589870155,0.00021008889598306268,0.00051960768178105354,-0.0002097929100273177,8
-0.085869655013084412,0.072021164000034332,0.28317862749099731,-5.0020938942907378e-05,0.00013163538824301213,0.00016456092998851091,6.7518849391490221e-05,0.00045386169222183526,-0.00022177859500516206,8
0.085872121155261993,0.072021164000034332,0.2831784188747406,5.0231516070198268e-05,0.00013163966650608927,0.00016463248175568879,-6.7512737587094307e-05,0.00045387720456346869,-0.00022184407862368971,8
0.28309151530265808,0.072051107883453369,0.28309297561645508,0.00015537771105300635,0.00022086768876761198,0.0001555557973915711,-0.00020997932006139308,0.00051961513236165047,-0.00021001468121539801,8
0.48315718770027161,0.072148308157920837,0.27686706185340881,0.00018444146553520113,0.00039782264502719045,0.00013527508417610079,-0.0002517832035664469,0.00056093611055985093,-0.00018167599046137184,8
0.71479099988937378,0.072531603276729584,0.29240462183952332,0.00010364735499024391,0.00081636599497869611,0.00011469418677734211,-0.00013630895409733057,0.00056173239136114717,-0.00014885516429785639,8
0.92799979448318481,0.072744987905025482,0.30217745900154114,8.1904872786253691e-06,0.0010145516134798527,0.0001093812461476773,0.00032380266929976642,0.00055524171330034733,-0.0001387973316013813,8
-0.92799997329711914,0.073146410286426544,0.51533061265945435,-1.1742893548216671e-05,0.0012685927795246243,0.0001204649597639218,-0.00019326270557940006,0.00048847636207938194,-0.00015289375733118504,8
-0.72926586866378784,0.072914481163024902,0.50570857524871826,-7.3669798439368606e-05,0.0011005309643223882,0.00012962269829586148,8.5194616985972971e-05,0.00051364651881158352,-0.00016757824050728232,8
-0.48150715231895447,0.072293654084205627,0.48150572180747986,-0.00016560360381845385,0.00057577865663915873,0.00016557137132622302,0.00022458522289525717,0.00056476035388186574,-0.00022424689086619765,8
-0.27686423063278198,0.07214827835559845,0.48315504193305969,-0.00013489479897543788,0.00039783425745554268,0.00018434958474244922,0.00018164674111176282,0.00056095881154760718,-0.0002515435335226357,8
-0.090853512287139893,0.072106748819351196,0.48276901245117188,-4.8607667849864811e-05,0.00032865823595784605,0.00019386924395803362,6.5235763031523675e-05,0.0005445076385512948,-0.00026419409550726414,8
0.090853504836559296,0.072106771171092987,0.48276886343955994,4.8745736421551555e-05,0.00032866714172996581,0.00019392446847632527,-6.5220701799262315e-05,0.00054450327297672629,-0.00026423207600601017,8
0.27686497569084167,0.072148323059082031,0.48315507173538208,0.00013500497152563184,0.00039787040441296995,0.00018451924552209675,-0.00018154545978177339,0.00056093349121510983,-0.00025166751584038138,8
0.48150661587715149,0.072293855249881744,0.48150664567947388,0.00016567530110478401,0.00057586753973737359,0.00016583605611231178,-0.00022443155467044562,0.00056469574337825179,-0.00022444159549195319,8
0.72926592826843262,0.072914741933345795,0.50570976734161377,7.3684364906512201e-05,0.0011007259599864483,0.00012993485142942518,-8.5214262071531266e-05,0.00051354872994124889,-0.00016776115808170289,8
0.92799997329711914,0.073146723210811615,0.51533174514770508,1.1731822269211989e-05,0.0012688062852248549,0.00012077392602805048,0.00019308150513097644,0.00048838206566870213,-0.00015305659326259047,8
-0.92799973487854004,0.073875829577445984,0.73534590005874634,3.6314133922132896e-06,0.0016280426643788815,5.9533416788326576e-05,0.00040558271575719118,0.00037222632090561092,-7.7203541877679527e-05,8
-0.74134683609008789,0.073654875159263611,0.74134528636932373,-5.781311119790189e-05,0.0015168575337156653,5.7770059356698766e-05,7.624889985891059e-05,0.0004043464723508805,-7.4947631219401956e-05,8
-0.50570917129516602,0.072914682328701019,0.72926455736160278,-0.00012970424722880125,0.0011006823042407632,7.3623938078526407e-05,0.00016775941185187548,0.0005135941319167614,-8.5099884017836303e-05,8
-0.29240378737449646,0.072531461715698242,0.71478837728500366,-0.00011432107567088678,0.00081640080315992236,0.00010357574501540512,0.00014874798944219947,0.00056177953956648707,-0.00013611206668429077,8
-0.096127331256866455,0.072373196482658386,0.70878016948699951,-4.4689251808449626e-05,0.00067654316080734134,0.00012194197915960103,5.8310211898060516e-05,0.00057817139895632863,-0.00016341522859875113,8
0.096126869320869446,0.072373658418655396,0.70877963304519653,4.4798867747886106e-05,0.00067655672319233418,0.00012196940224384889,-5.8407891629030928e-05,0.00057815568288788199,-0.00016343290917575359,8
0.29240304231643677,0.072531647980213165,0.71478843688964844,0.00011440374510129914,0.00081644713645800948,0.00010364662011852488,-0.00014880343223921955,0.00056174286874011159,-0.0001361576869385317,8
0.50570935010910034,0.072914786636829376,0.72926485538482666,0.0001297442358918488,0.0011007747380062938,7.3715134931262583e-05,-0.00016777425480540842,0.0005135522224009037,-8.5148123616818339e-05,8
0.74134808778762817,0.073654532432556152,0.74134707450866699,5.7827237469609827e-05,0.0015170103870332241,5.7888886658474803e-05,-7.5038326031062752e-05,0.00040432202513329685,-7.5007548730354756e-05,8
0.92799973487854004,0.073875829577445984,0.73534584045410156,-3.551113195499056e-06,0.0016282078577205539,5.9668458561645821e-05,-0.00040195288602262735,0.00037221235106699169,-7.7265751315280795e-05,8
-0.92799967527389526,0.074175253510475159,0.92799967527389526,-2.1596945316559868e-06,0.0017642617458477616,2.6660015919333091e-06,-0.00020835672330576926,0.00032811306300573051,0.00021527506760321558,8
-0.73534643650054932,0.073875829577445984,0.92799973487854004,-5.9470396081451327e-05,0.0016280947020277381,-3.5569132705859374e-06,8.1458121712785214e-05,0.00037221235106699169,-0.00040161199285648763,8
-0.51533091068267822,0.073146723210811615,0.92799997329711914,-0.00012055363913532346,0.0012687777634710073,1.1715011169144418e-05,0.00015308060392271727,0.00048841699026525021,0.00019294452795293182,8
-0.30217635631561279,0.072744987905025482,0.92799979448318481,-0.00010902352369157597,0.0010145999258384109,8.1777388913906179e-06,0.00013867815141566098,0.00055529410019516945,0.00032358962926082313,8
-0.099411129951477051,0.072557792067527771,0.92799979448318481,-4.3088821257697418e-05,0.00087553029879927635,8.8829501692089252e-06,5.4908665333641693e-05,0.00058734609046950936,0.0003408878983464092,8
0.099410295486450195,0.072557799518108368,0.92799979448318481,4.3194544559810311e-05,0.00087554712081328034,8.8868073362391442e-06,-5.5086016800487414e-05,0.00058733037440106273,0.00034095437149517238,8
0.30217552185058594,0.072744995355606079,0.92799979448318481,0.00010910053970292211,0.0010146521963179111,8.1891794252442196e-06,-0.00013880868209525943,0.00055526266805827618,0.00032378334435634315,8
0.51533108949661255,0.073146723210811615,0.92799997329711914,0.00012058761058142409,0.0012688690330833197,1.1737659406207968e-05,-0.00015309217269532382,0.00048839254304766655,0.0001931394508574158,8
0.73534601926803589,0.073875829577445984,0.92799973487854004,5.9595062339212745e-05,0.0016282260185107589,-3.5456132536637597e-06,-7.7296856034081429e-05,0.00037221235106699169,-0.00040222465759143233,8
0.92799967527389526,0.074175372719764709,0.92799967527389526,2.6771854209073354e-06,0.0017644080799072981,2.6898403575614793e-06,0.0002154531393898651,0.00032812354038469493,0.00021566239593084902,8
-0.92799967527389526,0.2547529935836792,-0.92799967527389526,-3.0143692129058763e-06,0.0021267440170049667,-3.0362002689798828e-06,-0.00021961437596473843,0.0001269858330488205,-0.00021996613941155374,8
-0.74871128797531128,0.24198080599308014,-0.92799985408782959,-4.896094833384268e-05,0.0019466888625174761,-8.3255781646585092e-06,6.133828719612211e-05,0.00020931706239935011,-0.0001381230540573597,8
-0.51703602075576782,0.23475468158721924,-0.92799997329711914,-0.00011686261132126674,0.0014874789630994201,-1.1845691915368661e-05,0.00014702249609399587,0.00040178649942390621,-0.00019303594308439642,8
-0.30152511596679688,0.2327381819486618,-0.92799991369247437,-0.00010523743549128994,0.00121048663277179,-1.2436395991244353e-05,0.0001326733035966754,0.00049569527618587017,-0.0003828982007689774,8
-0.099130727350711823,0.23227255046367645,-0.92799991369247437,-4.1243663872592151e-05,0.0010648986790329218,-1.5564590285066515e-05,5.2248829888412729e-05,0.00054062227718532085,-0.0004355918790679425,8
0.099132098257541656,0.23227255046367645,-0.92799991369247437,4.1838768083835021e-05,0.0010649079922586679,-1.5560448446194641e-05,-5.2527680963976309e-05,0.00054061179980635643,-0.00043551504495553672,8
0.30152556300163269,0.2327381819486618,-0.92799991369247437,0.00010575159103609622,0.0012105155037716031,-1.2418119695212226e-05,-0.00013290118658915162,0.00049567432142794132,-0.00038251999649219215,8
0.51703524589538574,0.23475515842437744,-0.92799997329711914,0.00011721579357981682,0.0014875284396111965,-1.1767016076191794e-05,-0.00014718838792759925,0.00040176554466597736,-0.00019252990023232996,8
0.74871116876602173,0.24198020994663239,-0.92799985408782959,4.9175403546541929e-05,0.0019467686070129275,-8.1352927736588754e-06,-5.427227370091714e-05,0.00020930658502038568,-0.00014998506230767816,8
0.92799985408782959,0.25475367903709412,-0.92799985408782959,7.9190185715560801e-06,0.0021268336568027735,-7.8799357652314939e-06,0.00015331857139244676,0.00012697884812951088,-0.00015297718346118927,8
-0.92799985408782959,0.24198104441165924,-0.74871045351028442,-8.2957949416595511e-06,0.0019466786179691553,-4.9064863560488448e-05,-0.00013790467346552759,0.00020932753977831453,6.1403770814649761e-05,8
-0.77450823783874512,0.20922611653804779,-0.77450662851333618,-4.2859948734985664e-05,0.0017897069919854403,-4.2952950025210157e-05,5.2957253501517698e-05,0.00028077277238480747,5.3021318308310583e-05,8
-0.49922886490821838,0.20290999114513397,-0.74794173240661621,-0.00012637527834158391,0.0012497325660660863,-6.3305000367108732e-05,0.00016164979024324566,0.00046709898742847145,6.523281626868993e-05,8
-0.28597947955131531,0.20372903347015381,-0.71585100889205933,-0.00010949032730422914,0.00092201214283704758,-0.00010456196469021961,0.00014133109652902931,0.00053657975513488054,0.00013488206604961306,8
-0.094964407384395599,0.20362548530101776,-0.70546180009841919,-4.2659135942813009e-05,0.00077289325417950749,-0.00012607383541762829,5.5372835049638525e-05,0.00056142505491152406,0.00016533520829398185,8
0.094967164099216461,0.20362523198127747,-0.70546162128448486,4.3296407966408879e-05,0.00077290169429033995,-0.00012604502262547612,-5.5748056183801964e-05,0.00056141457753255963,0.00016530901484657079,8
0.28598076105117798,0.20372915267944336,-0.71584916114807129,0.00011005659325746819,0.00092203734675422311,-0.00010449169349158183,-0.00014164825552143157,0.00053655181545764208,0.00013487966498360038,8
0.49922877550125122,0.20291043817996979,-0.74794173240661621,0.00012678180064540356,0.0012497857678681612,-6.3212857639882714e-05,-0.00016184755077119917,0.00046706057037226856,6.5548447309993207e-05,8
0.77450793981552124,0.20922604203224182,-0.77450603246688843,4.3000454752473161e-05,0.0017898057121783495,-4.2885323637165129e-05,-4.7999488742789254e-05,0.00028075181762687862,4.8033758503152058e-05,8
0.92799985408782959,0.24198032915592194,-0.74871039390563965,8.1725065683713183e-06,0.001946781761944294,-4.9037793360184878e-05,0.00015029800124466419,0.00020930658502038568,5.4308507969835773e-05,8
-0.92799997329711914,0.23475514352321625,-0.51703411340713501,-1.1818387974926736e-05,0.0014874299522489309,-0.00011712701962096617,-0.00019280520791653544,0.0004018284089397639,0.00014722876949235797,8
-0.74794191122055054,0.20291060209274292,-0.49922734498977661,-6.3209525251295418e-05,0.0012496898416429758,-0.0001266674225917086,6.5114290919154882e-05,0.00046713041956536472,0.00016191565373446792,8
-0.44761329889297485,0.22718407213687897,-0.4476131796836853,-0.00017583812586963177,0.00043455601553432643,-0.00017610882059670985,0.00023452607274521142,0.00060159096028655767,0.00023496175708714873,8
-0.25871753692626953,0.23846310377120972,-0.47270950675010681,-0.00012998009333387017,0.00034887247602455318,-0.00019076607713941485,0.0001707192714093253,0.00060735788429155946,0.00025329805794171989,8
-0.082149118185043335,0.24502450227737427,-0.4695906937122345,-4.3768803152488545e-05,0.00029123807325959206,-0.0002007590519497171,5.7280154578620568e-05,0.00059908686671406031,0.00026475594495423138,8
0.082153111696243286,0.24502542614936829,-0.46958881616592407,4.4409563997760415e-05,0.00029123391141183674,-0.00020069982565473765,-5.7698376622283831e-05,0.00059910520212724805,0.00026468216674402356,8
0.2587241530418396,0.23846332728862762,-0.47271081805229187,0.00013057587784714997,0.00034888699883595109,-0.00019058155885431916,-0.00017110737098846585,0.00060738844331353903,0.00025308982003480196,8
0.44761937856674194,0.2271837592124939,-0.44761449098587036,0.00017633366223890334,0.00043461640598252416,-0.00017581477004569024,-0.00023486003919970244,0.00060157960979267955,0.0002346893452340737,8
0.74794244766235352,0.20291028916835785,-0.49922603368759155,6.3327708630822599e-05,0.0012498393189162016,-0.00012634592712856829,-6.5497151808813214e-05,0.00046704310807399452,0.00016178643272724003,8
0.92799997329711914,0.23475492000579834,-0.51703333854675293,1.179920400318224e-05,0.0014875885099172592,-0.00011682086187647656,0.00019282560970168561,0.00040175157482735813,0.00014716328587383032,8
-0.92799991369247437,0.23273769021034241,-0.30152440071105957,-1.2416661775205284e-05,0.0012104242341592908,-0.00010557056521065533,-0.00038257602136582136,0.00049576163291931152,0.00013294789823703468,8
-0.71584963798522949,0.20372828841209412,-0.28598114848136902,-0.00010445975931361318,0.00092196476180106401,-0.00010984082473441958,0.00013466880773194134,0.00053662690334022045,0.00014168121560942382,8
-0.47271108627319336,0.23846298456192017,-0.25871738791465759,-0.00019059889018535614,0.00034888077061623335,-0.00013026928354520351,0.00025294313672930002,0.00060735177248716354,0.00017113443755079061,8
-0.26625555753707886,0.30769625306129456,-0.26625335216522217,-0.00015702264499850571,0.00010095383186126128,-0.00015716826601419598,0.00019893878197763115,0.00067441357532516122,0.00019923651416320354,8
-0.07704557478427887,0.303914874792099,-0.26602664589881897,-4.5678698370466009e-05,4.8266832891386002e-05,-0.00016800474259071052,5.831195812788792e-05,0.00060995371313765645,0.00021307756833266467,8
0.077054128050804138,0.30391651391983032,-0.26602655649185181,4.6248424041550606e-05,4.8256461013806984e-05,-0.00016793402028270066,-5.8624751545721665e-05,0.00061000487767159939,0.00021298720093909651,8
0.26626136898994446,0.30769827961921692,-0.26625350117683411,0.00015753527986817062,0.00010092848970089108,-0.00015691859880462289,-0.00019919373153243214,0.00067456986289471388,0.00019894314755219966,8
0.47271567583084106,0.23846326768398285,-0.25871843099594116,0.00019100539793726057,0.0003489430237095803,-0.00012990224058739841,-0.00025316097890026867,0.00060736486921086907,0.00017078475502785295,8
0.71585047245025635,0.20372878015041351,-0.28597772121429443,0.00010464147635502741,0.00092212948948144913,-0.0001094322869903408,-0.00013482400390785187,0.00053649069741368294,0.00014144722081255168,8
0.92799991369247437,0.2327384352684021,-0.30152317881584167,1.2444808817235753e-05,0.001210623886436224,-0.00010517700866330415,0.00038297055289149284,0.00049561844207346439,0.00013278593542054296,8
-0.92799991369247437,0.23227207362651825,-0.099130786955356598,-1.5551166143268347e-05,0.0010648347670212388,-4.1583469283068553e-05,-0.00043537598685361445,0.00054070609621703625,5.2517094445647672e-05,8
-0.70546162128448486,0.20362547039985657,-0.09496653825044632,-0.00012601222260855138,0.0007728565251454711,-4.3006013584090397e-05,0.00016513832088094205,0.00056148093426600099,5.5706801504129544e-05,8
-0.46959325671195984,0.2450261265039444,-0.082150578498840332,-0.00020071931066922843,0.00029127998277544975,-4.4036991312168539e-05,0.00026456298655830324,0.00059905456146225333,5.761663123848848e-05,8
-0.26602277159690857,0.3039136528968811,-0.077046610414981842,-0.00016801175661385059,4.8323632654501125e-05,-4.5817676436854526e-05,0.0002129845815943554,0.00060987146571278572,5.8525871281744912e-05,8
-0.066169716417789459,0.30158424377441406,-0.066169828176498413,-3.8584454159718007e-05,-1.8732318494585343e-05,-3.8563259295187891e-05,4.9856604164233431e-05,0.00047542538959532976,4.9874830438056961e-05,8
0.066174544394016266,0.30158549547195435,-0.066170573234558105,3.9015802030917257e-05,-1.8739359802566469e-05,-3.8500722439493984e-05,-4.9998812755802646e-05,0.00047546441783197224,4.9795704399002716e-05,8
0.26602825522422791,0.30391597747802734,-0.077047765254974365,0.00016840202442836016,4.8297031753463671e-05,-4.5540920837083831e-05,-0.00021308149734977633,0.00061003357404842973,5.82056563871447e-05,8
0.46959501504898071,0.24502779543399811,-0.082148157060146332,0.00020103674614802003,0.00029133280622772872,-4.3639636714942753e-05,-0.00026464811526238918,0.00059909123228862882,5.7226239732699469e-05,8
0.70546144247055054,0.20362547039985657,-0.094963483512401581,0.00012618400796782225,0.00077302980935201049,-4.2554624087642878e-05,-0.00016520817007403821,0.00056132551981136203,5.5406340834451839e-05,8
0.92799991369247437,0.23227250576019287,-0.099129535257816315,1.55849993461743e-05,0.0010650627082213759,-4.1138737287838012e-05,0.00043593076406978071,0.0005405140109360218,5.2298270020401105e-05,8
-0.92799991369247437,0.23227207362651825,0.0991324782371521,-1.5557026927126572e-05,0.0010648497845977545,4.1539908124832436e-05,-0.00043547290260903537,0.00054072006605565548,-5.2329593017930165e-05,8
-0.70546221733093262,0.20362560451030731,0.094968110322952271,-0.00012604983930941671,0.00077287637395784259,4.2990654037566856e-05,0.00016519900236744434,0.00056149141164496541,-5.5493979743914679e-05,8
-0.46959248185157776,0.24502648413181305,0.082155503332614899,-0.00020078590023331344,0.00029130745679140091,4.4175707444082946e-05,0.00026467954739928246,0.00059905980015173554,-5.7450084568699822e-05,8
-0.26602381467819214,0.30391472578048706,0.077053122222423553,-0.00016807997599244118,4.8363846872234717e-05,4.6131463022902608e-05,0.00021309546718839556,0.00060986093012616038,-5.848374348715879e-05,8
-0.066169589757919312,0.30158653855323792,0.066174738109111786,-3.8628772017545998e-05,-1.8697413906920701e-05,3.9036433008732274e-05,4.9905935156857595e-05,0.00047541302046738565,-4.9986152589553967e-05,8
0.066175371408462524,0.30158665776252747,0.066175654530525208,3.8981088437139988e-05,-1.8704158719629049e-05,3.9098747947718948e-05,-4.9974583816947415e-05,0.00047545338748022914,-5.0060149078490213e-05,8
0.26602986454963684,0.30391731858253479,0.077055945992469788,0.00016837836301419884,4.8338013584725559e-05,4.640505721908994e-05,-0.00021308673603925854,0.00061002944130450487,-5.8784313296200708e-05,8
0.46959394216537476,0.24502791464328766,0.082158230245113373,0.00020101932750549167,0.0002913622884079814,4.4567830627784133e-05,-0.00026464549591764808,0.00059910083655267954,-5.7825633120955899e-05,8
0.70546013116836548,0.20362633466720581,0.094968788325786591,0.00012617657193914056,0.00077305687591433525,4.3440806621219963e-05,-0.00016520511417184025,0.00056133425096049905,-5.5800443078624085e-05,8
0.92799991369247437,0.23227250576019287,0.099133215844631195,1.5584095308440737e-05,0.0010650916956365108,4.1987197619164363e-05,0.00043591528083197773,0.00054052099585533142,-5.2563151257345453e-05,8
-0.92799991369247437,0.2327381819486618,0.30152586102485657,-1.243243423232343e-05,0.0012104705674573779,0.00010551937884883955,-0.00038283524918369949,0.0004957930650562048,-0.00013279139238875359,8
-0.71585166454315186,0.20372872054576874,0.28598251938819885,-0.00010455035953782499,0.0009220187203027308,0.00010980650404235348,0.00013480457710102201,0.00053665833547711372,-0.00014148301852401346,8
-0.47271224856376648,0.23846296966075897,0.25872427225112915,-0.00019080187485087663,0.00034897885052487254,0.00013037388271186501,0.00025328714400529861,0.00060736312298104167,-0.00017092008783947676,8
-0.26625746488571167,0.30769705772399902,0.26625731587409973,-0.0001572574838064611,0.00010110752191394567,0.0001574515481479466,0.00019930330745410174,0.00067435269011184573,-0.00019911078561563045,8
-0.077048055827617645,0.3039185106754303,0.26602852344512939,-4.5879321987740695e-05,4.8439465899718925e-05,0.00016841228352859616,5.8537549193715677e-05,0.00060985662275925279,-0.00021302168897818774,8
0.077052973210811615,0.30391991138458252,0.26602962613105774,4.6094894059933722e-05,4.8430181777803227e-05,0.00016847641381900758,-5.851943205925636e-05,0.00060991232749074697,-0.00021307975111994892,8
0.26625928282737732,0.30770024657249451,0.26625943183898926,0.0001574431371409446,0.00010108150308951735,0.00015768199227750301,-0.00019919416808988899,0.00067452137591317296,-0.00019931946008000523,8
0.47271251678466797,0.23846447467803955,0.25872364640235901,0.00019094962044619024,0.00034903569030575454,0.00013072375440970063,-0.00025314526283182204,0.00060738844331353903,-0.000171218256582506,8
0.71585142612457275,0.20372937619686127,0.28598219156265259,0.00010462176578585058,0.00092221354134380817,0.00011021343379979953,-0.00013481439964380115,0.00053651339840143919,-0.00014174036914482713,8
0.92799991369247437,0.23273855447769165,0.30152636766433716,1.244239138031844e-05,0.0012107082875445485,0.00010591718455543742,0.00038292969111353159,0.00049562891945242882,-0.00013299722922965884,8
-0.92799997329711914,0.23475515842437744,0.51703518629074097,-1.1844574146380182e-05,0.0014875069027766585,0.00011706096120178699,-0.00019302943837828934,0.00040188079583458602,-0.00014714626013301313,8
-0.74794268608093262,0.20291060209274292,0.49922853708267212,-6.3302868511527777e-05,0.0012497659772634506,0.00012660399079322815,6.5208150772377849e-05,0.00046717931400053203,-0.00016176547796931118,8
-0.44762197136878967,0.22718681395053864,0.44761940836906433,-0.000176146553712897,0.00043473779805935919,0.00017616074183024466,0.00023500104725826532,0.00060159969143569469,-0.000234667953918688,8
-0.25872161984443665,0.23846393823623657,0.4727092981338501,-0.00013030799163971096,0.00034908295492641628,0.00019089032139163464,0.0001711540826363489,0.00060731248231604695,-0.00025295361410826445,8
-0.082152567803859711,0.24502786993980408,0.46958675980567932,-4.405149957165122e-05,0.00029146607266739011,0.00020098562526982278,5.7571556681068614e-05,0.00059900130145251751,-0.00026443245587870479,8
0.082153491675853729,0.24502988159656525,0.46959012746810913,4.4191743654664606e-05,0.00029147430905140936,0.00020103628048673272,-5.7546345487935469e-05,0.00059902312932536006,-0.00026446607080288231,8
0.25872167944908142,0.23846527934074402,0.4727117121219635,0.00013042484351899475,0.00034909846726804972,0.0001910520950332284,-0.00017104930884670466,0.00060735526494681835,-0.00025306711904704571,8
0.44761767983436584,0.22718782722949982,0.44761776924133301,0.00017623936582822353,0.00043477758299559355,0.00017643014143686742,-0.00023482293181587011,0.00060160580324009061,-0.00023486789723392576,8
0.74794238805770874,0.20291092991828918,0.4992293119430542,6.3311425037682056e-05,0.0012499693548306823,0.00012691858864855021,-6.5503481891937554e-05,0.00046707454021088779,-0.00016193835472222418,8
0.92799997329711914,0.23475506901741028,0.51703566312789917,1.1795703358075116e-05,0.0014877211069688201,0.00011735688894987106,0.00019279214029666036,0.00040177951450459659,-0.00014729054237250239,8
-0.92799985408782959,0.24198068678379059,0.74871063232421875,-8.3288678069948219e-06,0.0019467991078272462,4.9120455514639616e-05,-0.00013814546400681138,0.00020939040405210108,-5.4273583373287693e-05,8
-0.77450811862945557,0.20922648906707764,0.77450650930404663,-4.2959814891219139e-05,0.0017898424994200468,4.2949523049173877e-05,5.3023282816866413e-05,0.0002808321441989392,-4.7989666200010106e-05,8
-0.49922993779182434,0.20291104912757874,0.74794083833694458,-0.0001266839390154928,0.001249953405931592,6.3259838498197496e-05,0.00016191696340683848,0.00046710247988812625,-6.5406566136516631e-05,8
-0.28598132729530334,0.20372945070266724,0.71584641933441162,-0.00010983882384607568,0.0009222685475833714,0.00010455505253048614,0.00014163406740408391,0.00053653260692954063,-0.0001346273347735405,8
-0.094966478645801544,0.20362727344036102,0.70545351505279541,-4.2969430069206282e-05,0.00077316694660112262,0.00012611034617293626,5.5588385293958709e-05,0.00056134123587980866,-0.00016496282478328794,8
0.094966232776641846,0.20362697541713715,0.70545536279678345,4.3065901991212741e-05,0.00077317992690950632,0.00012613541912287474,-5.5670021538389847e-05,0.00056133425096049905,-0.00016497854085173458,8
0.28597983717918396,0.20372967422008514,0.71584618091583252,0.00010991042654495686,0.00092230353038758039,0.00010462001955602318,-0.00014168077905196697,0.00053650990594178438,-0.00013466902601066977,8
0.49922832846641541,0.20291109383106232,0.74794119596481323,0.00012671285367105156,0.0012500323355197906,6.3330626289825886e-05,-0.00016194752242881805,0.00046707104775123298,-6.5436906879767776e-05,8
0.77450722455978394,0.20922556519508362,0.7745060920715332,4.2992007365683094e-05,0.0017899866215884686,4.3042218749178573e-05,-4.8049038014141843e-05,0.0002808286517392844,-4.8018260713433847e-05,8
0.92799985408782959,0.24198022484779358,0.74871104955673218,8.169988177542109e-06,0.0019469597609713674,4.9231388402404264e-05,0.00015026963956188411,0.00020937992667313665,-5.4304688092088327e-05,8
-0.92799967527389526,0.2547534704208374,0.92799985408782959,-3.0397463888220955e-06,0.0021268834825605154,7.9035589806153439e-06,-0.00022002274636179209,0.00012704869732260704,0.00015318751684390008,8
-0.74871128797531128,0.24198056757450104,0.92799985408782959,-4.9077239964390174e-05,0.0019468454411253333,8.156093826983124e-06,6.1410646594595164e-05,0.00020937294175382704,0.00015016384713817388,8
-0.51703548431396484,0.23475554585456848,0.92799997329711914,-0.00011714960419340059,0.0014877186622470617,1.1779555279645137e-05,0.0001472333533456549,0.00040178999188356102,0.00019266111485194415,8
-0.3015257716178894,0.23273904621601105,0.92799991369247437,-0.00010557143832556903,0.0012107893126085401,1.2427575711626559e-05,0.00013289551134221256,0.00049564638175070286,0.00038269039941951632,8
-0.099132001399993896,0.23227322101593018,0.92799991369247437,-4.1542974940966815e-05,0.0010652387281879783,1.5569370589219034e-05,5.2382198191480711e-05,0.00054052798077464104,0.00043567875400185585,8
0.099130928516387939,0.23227322101593018,0.92799991369247437,4.1621951822889969e-05,0.0010652516502887011,1.5573345081065781e-05,-5.2524188504321501e-05,0.00054051750339567661,0.00043574522715061903,8
0.30152437090873718,0.2327389270067215,0.92799991369247437,0.00010562528041191399,0.0012108318042010069,1.2438715202733874e-05,-0.00013299788406584412,0.0004956219345331192,0.00038287512143142521,8
0.51703423261642456,0.23475542664527893,0.92799997329711914,0.00011716014705598354,0.0014877986395731568,1.1799496860476211e-05,-0.0001473162992624566,0.00040177602204494178,0.00019283592700958252,8
0.74871081113815308,0.24198022484779358,0.92799985408782959,4.9165333621203899e-05,0.0019469780381768942,8.1856096585397609e-06,-5.4336993343895301e-05,0.00020937992667313665,0.0001504010142525658,8
0.92799985408782959,0.25475287437438965,0.92799985408782959,7.9166147770592943e-06,0.0021270294673740864,7.9353021646966226e-06,0.00015328916197177023,0.00012705568224191666,0.00015345473366323858,8
-0.92799991369247437,0.4715786874294281,-0.92799991369247437,-8.2393789853085764e-06,0.0030473568476736546,-8.2589122030185536e-06,-8.6247186118271202e-05,-0.00039968403871171176,-8.6338906839955598e-05,8
-0.75601977109909058,0.46687522530555725,-0.92799973487854004,-3.6181463656248525e-05,0.0029190778732299805,5.1586730478447862e-06,3.6197812733007595e-05,-0.00031926666270010173,0.00037623339449055493,8
-0.51743495464324951,0.45635160803794861,-0.92799979448318481,-0.00010849693353520706,0.0023354485165327787,-7.5581860983220395e-06,0.00013096941984258592,4.7169156459858641e-05,-0.00028205860871821642,8
-0.30034437775611877,0.45200839638710022,-0.92743802070617676,-9.618704643798992e-05,0.0019839629530906677,-6.3539875554852188e-05,0.00011654009722406045,0.00023811588471289724,6.9790905399713665e-05,8
-0.098618939518928528,0.44991043210029602,-0.92417651414871216,-3.7383553717518225e-05,0.001782383187673986,-8.8659166067373008e-05,4.5512530050473288e-05,0.00033956483821384609,0.00010040602501248941,8
0.098619796335697174,0.44991034269332886,-0.92417663335800171,3.7835117836948484e-05,0.0017823773669078946,-8.8659406173974276e-05,-4.5617194700753316e-05,0.00033957880805246532,0.00010048962576547638,8
0.30034470558166504,0.45200788974761963,-0.92743808031082153,9.657425107434392e-05,0.0019839482847601175,-6.3597144617233425e-05,-0.0001166064539575018,0.00023813683947082609,6.6272696130909026e-05,8
0.51743435859680176,0.45635077357292175,-0.92799979448318481,0.0001087495984393172,0.0023354396689683199,-7.7754248195560649e-06,-0.00013157165085431188,4.7211065975716338e-05,-0.00030465723830275238,8
0.75601977109909058,0.46687442064285278,-0.92799955606460571,3.5823126381728798e-05,0.0029191188514232635,-4.9371669774700422e-07,-3.672004459076561e-05,-0.0003192526928614825,-0.00018848531180992723,8
0.92799967527389526,0.47157800197601318,-0.92799967527389526,4.8264746510540135e-06,0.0030474076047539711,-4.7956614253052976e-06,0.00013531102740671486,-0.00039966308395378292,-0.00013502613001037389,8
-0.92799973487854004,0.46687522530555725,-0.7560192346572876,5.1644246923387982e-06,0.0029190655332058668,-3.6233621358405799e-05,0.00037586895632557571,-0.00031925967778079212,3.6203815398039296e-05,8
-0.78426182270050049,0.46403041481971741,-0.78426051139831543,-2.7978556317975745e-05,0.0028888208325952291,-2.8020200261380523e-05,3.191906216670759e-05,-0.00030165069620124996,3.1927302188705653e-05,8
-0.49152585864067078,0.45590588450431824,-0.73407042026519775,-0.00011651375098153949,0.0022145775146782398,-5.9520963986869901e-05,0.00014086638111621141,0.0001130159871536307,7.1274982474278659e-05,8
-0.28322339057922363,0.44893580675125122,-0.69826537370681763,-9.7452168120071292e-05,0.0017752250423654914,-0.00011052296031266451,0.00011843191896332428,0.00030634805443696678,0.00013583965483121574,8
-0.093670792877674103,0.44577068090438843,-0.68759483098983765,-3.710622331709601e-05,0.0015403238357976079,-0.00013929599663242698,4.5387019781628624e-05,0.00040051175164990127,0.00017117678362410516,8
0.093672297894954681,0.44577166438102722,-0.68759387731552124,3.7587378756143153e-05,0.0015403152210637927,-0.000139286057674326,-4.5547454647021368e-05,0.00040053270640783012,0.000171197738382034,8
0.28322440385818481,0.44893541932106018,-0.69826793670654297,9.7872893093153834e-05,0.0017752054845914245,-0.00011049355816794559,-0.00011854062177008018,0.00030639694887213409,0.00013622688129544258,8
0.49152424931526184,0.45590493083000183,-0.73407059907913208,0.00011681444448186085,0.0022145523689687252,-5.9571717429207638e-05,-0.00014119358093012124,0.00011306488158879802,6.5291205828543752e-05,8
0.78426098823547363,0.46402880549430847,-0.78426080942153931,2.7653000870486721e-05,0.0028888701926916838,-2.757575384748634e-05,-2.8585562176886015e-05,-0.00030163672636263072,2.8624961487366818e-05,8
0.92799955606460571,0.46687430143356323,-0.75601917505264282,5.1479742069204804e-07,0.0029191304929554462,-3.5721259337151423e-05,0.00018884216842707247,-0.00031925967778079212,3.6764246033271775e-05,8
-0.92799979448318481,0.45635077357292175,-0.51743334531784058,-7.544165327999508e-06,0.0023353681899607182,-0.00010865538934012875,-0.00028184190159663558,4.7232020733645186e-05,0.00013104145182296634,8
-0.73407113552093506,0.45590490102767944,-0.49152278900146484,-5.9466423408593982e-05,0.0022144867107272148,-0.00011668069782899693,7.1197056968230754e-05,0.00011308583634672686,0.00014095391088631004,8
-0.38798552751541138,0.46860474348068237,-0.38797947764396667,-0.00018807612650562078,0.00012284447439014912,-0.00018819044635165483,0.00022186983551364392,0.00082782399840652943,0.00022217280638869852,8
-0.2248908132314682,0.47701746225357056,-0.37918543815612793,-0.0001310697989538312,5.7286564697278664e-05,-0.00020898020011372864,0.00015361538680735976,0.00083405140321701765,0.00024317951465491205,8
-0.068950794637203217,0.48626849055290222,-0.38236641883850098,-3.8441270589828491e-05,4.8506808525417e-05,-0.00023076751676853746,4.5271113776834682e-05,0.00082322227535769343,0.00026576744858175516,8
0.068955518305301666,0.48626548051834106,-0.38236835598945618,3.9028902392601594e-05,4.8490765038877726e-05,-0.00023071373288985342,-4.5589800720335916e-05,0.00082329520955681801,0.00026570021873340011,8
0.22489561140537262,0.47701594233512878,-0.37918844819068909,0.00013162102550268173,5.7227454817621037e-05,-0.00020879686053376645,-0.00015388561587315053,0.00083429866936057806,0.0002429607993690297,8
0.38799268007278442,0.46860483288764954,-0.38798543810844421,0.00018858241674024612,0.00012278581561986357,-0.00018792015907820314,-0.0002221007744083181,0.00082814879715442657,0.00022187943977769464,8
0.73407065868377686,0.45590493083000183,-0.49152252078056335,5.9652167692547664e-05,0.0022146208211779594,-0.00011641261517070234,-6.5253661887254566e-05,0.0001130159871536307,0.00014119903789833188,8
0.92799979448318481,0.4563508927822113,-0.5174328088760376,7.7960494309081696e-06,0.0023355095181614161,-0.00010839250171557069,0.00030500668799504638,4.7169156459858641e-05,0.00013159020454622805,8
-0.92743885517120361,0.45200705528259277,-0.30034366250038147,-6.3490391767118126e-05,0.0019838714506477118,-9.6384625067003071e-05,6.9713642005808651e-05,0.00023819271882530302,0.00011664530757116154,8
-0.69826763868331909,0.44893360137939453,-0.28322264552116394,-0.00011044798156945035,0.0017751338891685009,-9.7648066002875566e-05,0.00013568467693403363,0.00030641441117040813,0.00011856834316859022,8
-0.37919044494628906,0.47701317071914673,-0.22488892078399658,-0.00020895269699394703,5.7347981055499986e-05,-0.00013117877824697644,0.00024298175412695855,0.00083396711852401495,0.0001538716460345313,8
0.37919136881828308,0.47701531648635864,-0.22489033639431,0.00020939744717907161,5.7255288993474096e-05,-0.00013087314437143505,-0.00024312407185789198,0.00083432323299348354,0.00015354248171206564,8
0.69826734066009521,0.44893497228622437,-0.28322300314903259,0.00011063375859521329,0.0017752854619175196,-9.7323623776901513e-05,-0.00013619806850329041,0.00030630265246145427,0.00011845745757455006,8
0.92743849754333496,0.45200774073600769,-0.30034318566322327,6.3665647758170962e-05,0.0019840574823319912,-9.60685865720734e-05,-6.6234279074706137e-05,0.0002380530204391107,0.00011657109280349687,8
-0.92417752742767334,0.44990870356559753,-0.098618470132350922,-8.8602639152668417e-05,0.0017822990193963051,-3.7581947253784165e-05,0.00010030256089521572,0.00033964865724556148,4.561141031445004e-05,8
-0.68759626150131226,0.44576817750930786,-0.09367002546787262,-0.00013923898222856224,0.0015402481658384204,-3.7297264498192817e-05,0.00017101656703744084,0.00040055715362541378,4.5513948862208053e-05,8
-0.3823724091053009,0.48626556992530823,-0.068947590887546539,-0.00023086727014742792,4.8655510909156874e-05,-3.8537651562364772e-05,0.00026575042284093797,0.00082301365910097957,4.5442462578648701e-05,8
0.38237336277961731,0.48626551032066345,-0.068950392305850983,0.00023122031416278332,4.855125371250324e-05,-3.8200800190679729e-05,-0.00026578622055239975,0.00082338193897157907,4.5095835957909003e-05,8
0.68759506940841675,0.44577014446258545,-0.093669794499874115,0.00013944608508609235,0.0015404175501316786,-3.6935296520823613e-05,-0.00017116150411311537,0.00040041745523922145,4.5353623136179522e-05,8
0.92417669296264648,0.44990977644920349,-0.098617978394031525,8.8750064605847001e-05,0.0017825216054916382,-3.7224563129711896e-05,-0.00010045928502222523,0.00033945307950489223,4.5500197302317247e-05,8
-0.92417764663696289,0.44990891218185425,0.098620288074016571,-8.8614731794223189e-05,0.0017823182279244065,3.7667883589165285e-05,0.00010031631245510653,0.0003396556421648711,-4.55665540357586e-05,8
-0.68759554624557495,0.44576936960220337,0.093672886490821838,-0.0001392647682223469,0.0015402700519189239,3.7426947528729215e-05,0.00017105760343838483,0.00040056413854472339,-4.5478042011382058e-05,8
-0.38237369060516357,0.48626506328582764,0.06895553320646286,-0.00023092680203262717,4.8696518206270412e-05,3.8958387449383736e-05,0.00026585912564769387,0.00082299578934907913,-4.5508601033361629e-05,8
0.38237312436103821,0.48626869916915894,0.06895766407251358,0.00023121068079490215,4.8589819925837219e-05,3.9293870941037312e-05,-0.00026581983547657728,0.00082336919149383903,-4.5841912651667371e-05,8
0.68759530782699585,0.44577127695083618,0.093673303723335266,0.00013944496458861977,0.0015404588775709271,3.7792662624269724e-05,-0.00017117503739427775,0.00040041047031991184,-4.5649390813196078e-05,8
0.92417651414871216,0.44991001486778259,0.098620735108852386,8.8751039584167302e-05,0.001782560721039772,3.8030193536542356e-05,-0.0001004693258437328,0.00033944958704523742,-4.5693046558881178e-05,8
-0.92743945121765137,0.45200750231742859,0.30034515261650085,-6.3516519730910659e-05,0.0019839289598166943,9.6453775768168271e-05,6.9737652665935457e-05,0.00023821367358323187,-0.00011661256576189771,8
-0.69827032089233398,0.4489339292049408,0.28322401642799377,-0.00011050603643525392,0.0017751954728737473,9.7754797025118023e-05,0.00013577067875303328,0.00030642838100902736,-0.00011853843898279592,8
-0.37919339537620544,0.47701442241668701,0.22489827871322632,-0.00020915071945637465,5.7492747146170586e-05,0.00013159614172764122,0.00024332925386261195,0.00083389325300231576,-0.0001539187942398712,8
0.37919315695762634,0.47701987624168396,0.22489999234676361,0.0002093560469802469,5.7399378420086578e-05,0.00013188827142585069,-0.0002432201144983992,0.00083425984485074878,-0.00015418422117363662,8
0.69826757907867432,0.44893574714660645,0.28322547674179077,0.00011063121201004833,0.0017754004802554846,9.8089440143667161e-05,-0.00013622906408272684,0.00030628169770352542,-0.0001186794470413588,8
0.92743825912475586,0.45200827717781067,0.3003460168838501,6.3667161157354712e-05,0.0019841731991618872,9.6780175226740539e-05,-6.6254578996449709e-05,0.00023803206568118185,-0.00011672607070067897,8
-0.92799979448318481,0.45635184645652771,0.51743441820144653,-7.5562384154181927e-06,0.0023354697041213512,0.00010867490345844999,-0.00028202770045027137,4.7266945330193266e-05,-0.00013160723028704524,8
-0.73407167196273804,0.45590537786483765,0.491524338722229,-5.9516332839848474e-05,0.0022145796101540327,0.00011673595872707665,7.1249553002417088e-05,0.00011311377602396533,-0.00014122872380539775,8
-0.38798812031745911,0.46861046552658081,0.38798964023590088,-0.0001883662334876135,0.00012307296856306493,0.00018858069961424917,0.000222361835767515,0.00082771026063710451,-0.0002221880858996883,8
-0.22489316761493683,0.47701996564865112,0.37919005751609802,-0.00013135035987943411,5.7550485507817939e-05,0.00020944337302353233,0.00015402444114442915,0.00083385623292997479,-0.00024320789088960737,8
-0.068953163921833038,0.48627328872680664,0.38237139582633972,-3.8686350308125839e-05,4.881733184447512e-05,0.0002313298755325377,4.5527045585913584e-05,0.00082295387983322144,-0.00026585257728584111,8
0.068952888250350952,0.48627597093582153,0.38237309455871582,3.8836107705719769e-05,4.8801826778799295e-05,0.00023137727112043649,-4.5478478568838909e-05,0.00082303315866738558,-0.00026588793843984604,8
0.22489602863788605,0.4770195484161377,0.37919378280639648,0.00013150468294043094,5.7495515648042783e-05,0.0002096083335345611,-0.00015392752538900822,0.00083411321975290775,-0.00024333842156920582,8
0.38799008727073669,0.46861109137535095,0.38799464702606201,0.00018851463391911238,0.00012300771777518094,0.00018882888252846897,-0.00022221646213438362,0.0008280486217699945,-0.00022238453675527126,8
0.73407071828842163,0.45590606331825256,0.49152538180351257,5.9650628827512264e-05,0.0022148010320961475,0.00011700600589392707,-6.5281492425128818e-05,0.00011298106255708262,-0.00014132280193734914,8
0.92799979448318481,0.45635196566581726,0.51743495464324951,7.7957038229214959e-06,0.0023356955498456955,0.00010892353020608425,0.00030499850981868804,4.7148201701929793e-05,-0.0001316882116952911,8
-0.92799973487854004,0.46687522530555725,0.75601929426193237,5.1556567086663563e-06,0.0029192257206887007,3.5801927879219875e-05,0.00037642955430783331,-0.00031921776826493442,-3.6740126233780757e-05,8
-0.78426104784011841,0.46403053402900696,0.7842603325843811,-2.8043476049788296e-05,0.0028890003450214863,2.7635489459498785e-05,3.1939307518769056e-05,-0.00030161577160470188,-2.8598495191545226e-05,8
-0.4915253221988678,0.45590728521347046,0.73406976461410522,-0.00011679094313876703,0.0022149148862808943,5.9611738834064454e-05,0.00014103838475421071,0.00011291121336398646,-6.5187196014449e-05,8
-0.28322494029998779,0.44893866777420044,0.69826716184616089,-9.7756805189419538e-05,0.0017756161978468299,0.00011057459050789475,0.00011863164399983361,0.00030614898423664272,-0.0001360601163469255,8
-0.0936722531914711,0.44577503204345703,0.68759340047836304,-3.7379541026894003e-05,0.0015407354803755879,0.00013939030759502202,4.5522570871980861e-05,0.00040024981717579067,-0.00017098076932597905,8
0.093670576810836792,0.44577524065971375,0.68759030103683472,3.7378998968051746e-05,0.0015407163882628083,0.00013940950157120824,-4.5519624109147117e-05,0.00040027077193371952,-0.00017100216064136475,8
0.2832227349281311,0.44893833994865417,0.69826614856719971,9.7737436590250582e-05,0.0017755976878106594,0.00011061700934078544,-0.00011860479571623728,0.00030619089375250041,-0.000136115777422674,8
0.49152323603630066,0.45590710639953613,0.7340703010559082,0.00011673862172756344,0.0022149470169097185,5.9646925365086645e-05,-0.00014129726332612336,0.00011293216812191531,-6.5245694713667035e-05,8
0.78426015377044678,0.46402958035469055,0.78426057100296021,2.7645188310998492e-05,0.0028891465626657009,2.7691832656273618e-05,-2.8620650482480414e-05,-0.00030161577160470188,-2.8614702387130819e-05,8
0.92799955606460571,0.46687513589859009,0.75601959228515625,5.1271808843011968e-07,0.0029193907976150513,3.5877303162124008e-05,0.00018880558491218835,-0.00031923872302286327,-3.6755624023498967e-05,8
-0.92799991369247437,0.47157952189445496,0.92799967527389526,-8.2711321738315746e-06,0.0030475372914224863,4.8199435696005821e-06,-8.6400570580735803e-05,-0.00039963514427654445,0.00013524835230782628,8
-0.75601953268051147,0.46687531471252441,0.92799955606460571,-3.6265872040530667e-05,0.0029192783404141665,5.0966377784789074e-07,3.6219094909029081e-05,-0.00031923872302286327,0.0001887534890556708,8
-0.51743477582931519,0.45635280013084412,0.92799979448318481,-0.00010875173029489815,0.0023357784375548363,7.7854219853179529e-06,0.0001311130472458899,4.7085337428143248e-05,0.00030483322916552424,8
-0.30034518241882324,0.45201033353805542,0.92743778228759766,-9.6481977379880846e-05,0.0019843666814267635,6.3624167523812503e-05,0.00011669311061268672,0.00023794126173015684,-6.6151769715361297e-05,8
-0.098620034754276276,0.44991302490234375,0.92417633533477783,-3.7651509046554565e-05,0.0017828327836468816,8.8699962361715734e-05,4.5602351747220382e-05,0.00033933433587662876,-0.00010033552098320797,8
0.098618142306804657,0.44991308450698853,0.92417579889297485,3.7634265027008951e-05,0.0017828342970460653,8.8708176917862147e-05,-4.562527101370506e-05,0.00033933782833628356,-0.00010034905426437035,8
0.30034244060516357,0.45201012492179871,0.92743730545043945,9.6449730335734785e-05,0.0019843808840960264,6.3641600718256086e-05,-0.00011669158266158774,0.00023795523156877607,-6.6182110458612442e-05,8
0.51743322610855103,0.45635280013084412,0.92799979448318481,0.00010868600656976923,0.0023358319886028767,7.7923359640408307e-06,-0.00013167729775886983,4.7106292186072096e-05,0.00030495325336232781,8
0.75601935386657715,0.46687537431716919,0.92799955606460571,3.5811226553050801e-05,0.0029194166418164968,5.2377231440914329e-07,-3.6764246033271775e-05,-0.00031923872302286327,0.00018898991402238607,8
0.92799967527389526,0.47157928347587585,0.92799967527389526,4.8232250264845788e-06,0.0030476890970021486,4.8420106395496987e-06,0.0001352756517007947,-0.00039964212919585407,0.00013544312969315797,8
-0.92799985408782959,0.70429682731628418,-0.92799985408782959,-6.9849684223299846e-06,0.0040870178490877151,-6.9927232289046515e-06,-8.3681319665629417e-05,-0.0010743085294961929,-8.3731596532743424e-05,8
-0.75864481925964355,0.70096635818481445,-0.92799967527389526,-3.0586939828936011e-05,0.0039518736302852631,-3.6832648220297415e-06,2.479798968124669e-05,-0.00097195146372541785,-0.00010100097279064357,8
-0.51798397302627563,0.68588131666183472,-0.92799973487854004,-9.8895303381141275e-05,0.0032213251106441021,2.8917511372128502e-06,0.0001166407237178646,-0.00042475989903323352,8.6752530478406698e-05,8
-0.30028381943702698,0.67906779050827026,-0.92765140533447266,-8.7210835772566497e-05,0.0027990795206278563,-6.2861035985406488e-05,0.0001029223421937786,-0.00013852491974830627,8.2936960097867996e-05,8
-0.098502792418003082,0.67595446109771729,-0.92409873008728027,-3.3710770367179066e-05,0.0025608607102185488,-9.5296229119412601e-05,3.9888578612590209e-05,1.42841590786702e-05,0.00011206341878278181,8
0.098503388464450836,0.67595422267913818,-0.92409873008728027,3.4035379940178245e-05,0.0025608455762267113,-9.5264258561655879e-05,-3.98739539377857e-05,1.4298128917289432e-05,0.00011433242616476491,8
0.30028390884399414,0.67906713485717773,-0.92765128612518311,8.7489606812596321e-05,0.0027990418020635843,-6.3071369368117303e-05,-0.00010289724014000967,-0.00013848301023244858,6.7862420110031962e-05,8
0.51798385381698608,0.68588024377822876,-0.92800003290176392,9.9079959909431636e-05,0.0032212894875556231,0,-0.00011678718874463812,-0.00042469703475944698,0.00021080287115182728,8
0.75864458084106445,0.70096582174301147,-0.92799973487854004,3.0622148187831044e-05,0.0039518885314464569,-6.2747681113251019e-06,-2.1118574295542203e-05,-0.00097190955420956016,-8.7342457845807076e-05,8
0.92799973487854004,0.70429635047912598,-0.92799973487854004,7.0377882366301492e-06,0.0040870415978133678,-7.0047958615759853e-06,9.6182644483633339e-05,-0.0010742666199803352,-9.5982315542642027e-05,8
-0.92799961566925049,0.70096629858016968,-0.7586442232131958,-3.6764740798389539e-06,0.0039518610574305058,-3.0605475330958143e-05,-0.00010095164179801941,-0.00097195146372541785,2.4776489226496778e-05,8
-0.78533577919006348,0.69948279857635498,-0.78533494472503662,-2.382579623372294e-05,0.0039161229506134987,-2.3841716028982773e-05,2.3107912056730129e-05,-0.0009468336938880384,2.3095906726666726e-05,8
-0.490273118019104,0.67871737480163574,-0.72827202081680298,-0.000106251951365266,0.0029995737131685019,-5.3319654398364946e-05,0.00012520686141215265,-0.00028507548267953098,7.7481083280872554e-05,8
-0.28316289186477661,0.66983425617218018,-0.69670814275741577,-8.7355030700564384e-05,0.0025071832351386547,-9.8842116130981594e-05,0.00010233670036541298,-8.2422047853469849e-06,0.00011731236736522987,8
-0.092746108770370483,0.66737866401672363,-0.6865154504776001,-3.2508480217074975e-05,0.0022370198275893927,-0.00012816439266316593,3.8129906897665933e-05,0.00013292999938130379,0.00015051582886371762,8
0.092747293412685394,0.66737830638885498,-0.68651372194290161,3.287039726274088e-05,0.00223699607886374,-0.00012816893286071718,-3.8163085264386609e-05,0.00013296492397785187,0.00015045514737721533,8
0.28316366672515869,0.66983222961425781,-0.69670432806015015,8.7670872744638473e-05,0.0025071159470826387,-9.8868185887113214e-05,-0.00010234084766125306,-8.172355592250824e-06,0.00011571740469662473,8
0.49027156829833984,0.67871564626693726,-0.72827142477035522,0.00010647959425114095,0.0029995148070156574,-5.3738331189379096e-05,-0.000125262959045358,-0.00028500563348643482,4.9228070565732196e-05,8
0.7853354811668396,0.69948190450668335,-0.78533488512039185,2.4038965420913883e-05,0.0039161485619843006,-2.3971833797986619e-05,-1.3185889656597283e-05,-0.00094680575421079993,1.3237021448730957e-05,8
0.92799973487854004,0.70096582174301147,-0.7586442232131958,6.304483122221427e-06,0.0039519001729786396,-3.0535949917975813e-05,8.7513297330588102e-05,-0.00097192352404817939,2.117358053510543e-05,8
-0.92799973487854004,0.68588006496429443,-0.5179826021194458,2.8963065688003553e-06,0.0032212343066930771,-9.8957847512792796e-05,8.6889194790273905e-05,-0.00042469004984013736,0.00011661736789392307,8
-0.72827333211898804,0.6787152886390686,-0.49027031660079956,-5.3283521992852911e-05,0.0029994684737175703,-0.00010632340854499489,7.7422693721018732e-05,-0.00028500563348643482,0.00012519398296717554,8
-0.37905338406562805,0.63075399398803711,-0.37905091047286987,-0.00018309136794414371,7.3226714448537678e-05,-0.00018311612075194716,0.00019935438467655331,0.0008676447905600071,0.00019956131291110069,8
-0.20125773549079895,0.62839162349700928,-0.37472084164619446,-0.00011358196206856519,3.1690629839431494e-05,-0.00021491727966349572,0.00012409363989718258,0.00086808291962370276,0.0002326069661648944,8
-0.059056978672742844,0.63789713382720947,-0.37580189108848572,-2.9140992410248145e-05,2.6930214517051354e-05,-0.00023650811635889113,3.1844738259678707e-05,0.00085837813094258308,0.00025345914764329791,8
0.059058275073766708,0.63789695501327515,-0.3758048415184021,2.9702463507419452e-05,2.6915917260339484e-05,-0.00023647115449421108,-3.2122443371918052e-05,0.00085844163550063968,0.00025341811124235392,8
0.20126010477542877,0.62839490175247192,-0.37471404671669006,0.00011411806190153584,3.1613068131264299e-05,-0.00021477096015587449,-0.00012433592928573489,0.00086832692613825202,0.000232452861382626,8
0.3790605366230011,0.63075518608093262,-0.37905484437942505,0.00018358143279328942,7.3139730375260115e-05,-0.00018287834245711565,-0.00019954821618739516,0.00086801697034388781,0.00019933517614845186,8
0.72827136516571045,0.67871576547622681,-0.49027034640312195,5.3813862905371934e-05,0.0029995804652571678,-0.00010611918696667999,-4.9195765313925222e-05,-0.00028504754300229251,0.0001252928632311523,8
0.92800003290176392,0.68588036298751831,-0.5179826021194458,0,0.0032213551457971334,-9.8764845461118966e-05,-0.0002113831287715584,-0.00042473195935599506,0.00011682582407956943,8
-0.92765170335769653,0.67906653881072998,-0.3002828061580658,-6.2817132857162505e-05,0.002798981498926878,-8.7287779024336487e-05,8.286056254291907e-05,-0.0001384480856359005,0.00010290509817423299,8
-0.69670784473419189,0.66983169317245483,-0.28316250443458557,-9.879015851765871e-05,0.0025070798583328724,-8.743633225094527e-05,0.00011720846669049934,-8.1793405115604401e-06,0.0001023445583996363,8
-0.37471494078636169,0.62839162349700928,-0.20125383138656616,-0.00021497767011169344,3.1765332096256316e-05,-0.00011361535143805668,0.00023250131926033646,0.0008679719758220017,0.00012426913599483669,8
0.37471747398376465,0.62839603424072266,-0.2012568861246109,0.00021540063607972115,3.1643103284295648e-05,-0.00011333158181514591,-0.00023261264141183347,0.00086837320122867823,0.00012399847037158906,8
0.69670587778091431,0.66983270645141602,-0.28316313028335571,9.9003955256193876e-05,0.0025072016287595034,-8.7186308519449085e-05,-0.00011571653158171102,-8.256174623966217e-06,0.00010231945634586737,8
0.92765110731124878,0.67906647920608521,-0.30028277635574341,6.3146937463898212e-05,0.0027991414535790682,-8.705117943463847e-05,-6.7851506173610687e-05,-0.00013854587450623512,0.0001029094637488015,8
-0.92409861087799072,0.6759534478187561,-0.098502263426780701,-9.5230672741308808e-05,0.002560783876106143,-3.378286783117801e-05,0.00011207258648937568,1.4360993191075977e-05,3.9865113649284467e-05,8
-0.68651324510574341,0.6673770546913147,-0.092745833098888397,-0.00012811817578040063,0.0022369369398802519,-3.2580974220763892e-05,0.0001504215324530378,0.0001329788938164711,3.8131653127493337e-05,8
-0.37580886483192444,0.63789516687393188,-0.059052113443613052,-0.00023668099311180413,2.7112613679491915e-05,-2.9160684789530933e-05,0.00025350454961881042,0.00085813849000260234,3.195098543073982e-05,8
0.37580963969230652,0.63789886236190796,-0.059053115546703339,0.00023702728503849357,2.6974241336574778e-05,-2.8847069188486785e-05,-0.00025353554519824684,0.00085855205543339252,3.1662366382079199e-05,8
0.68651264905929565,0.66737872362136841,-0.092745468020439148,0.00012834520020987839,0.0022370866499841213,-3.2298634323524311e-05,-0.00015045471081975847,0.00013287412002682686,3.8068570574978366e-05,8
0.92409795522689819,0.67595446109771729,-0.098502136766910553,9.5383096777368337e-05,0.0025609845761209726,-3.3512624213472009e-05,-0.00011423703836044297,1.4193355127645191e-05,3.9838156226323918e-05,8
-0.92409878969192505,0.67595380544662476,0.098504036664962769,-9.5240080554503947e-05,0.0025608092546463013,3.3983651519520208e-05,0.0001120821907534264,1.4360993191075977e-05,-3.9921211282489821e-05,8
-0.68651407957077026,0.66737848520278931,0.092747829854488373,-0.00012813479406759143,0.0022369683720171452,3.2818370527820662e-05,0.0001504446699982509,0.00013297190889716148,-3.8192552892724052e-05,8
-0.37580940127372742,0.63789743185043335,0.059059098362922668,-0.0002367247361689806,2.7145020794705488e-05,2.9700158847845159e-05,0.00025358225684612989,0.00085812312318012118,-3.2077750802272931e-05,8
0.3758099377155304,0.63789927959442139,0.059060845524072647,0.00023702207545284182,2.7007408789359033e-05,3.001419099746272e-05,-0.00025356872356496751,0.00085853633936494589,-3.236429620301351e-05,8
0.68651175498962402,0.66738009452819824,0.092748254537582397,0.00012834653898607939,0.0022371339146047831,3.3107189665315673e-05,-0.00015047086344566196,0.00013286015018820763,-3.826982356258668e-05,8
0.92409801483154297,0.67595487833023071,0.098504222929477692,9.5384770247619599e-05,0.0025610357988625765,3.4261018299730495e-05,-0.00011424729746067896,1.4179385289025959e-05,-3.9963448216440156e-05,8
-0.92765206098556519,0.67906719446182251,0.30028462409973145,-6.2836697907187045e-05,0.0027990555390715599,8.7462736701127142e-05,8.2886319432873279e-05,-0.0001384480856359005,-0.00010296818072674796,8
-0.69670873880386353,0.6698337197303772,0.28316488862037659,-9.882923768600449e-05,0.0025071578565984964,8.764269296079874e-05,0.00011725910735549405,-8.1793405115604401e-06,-0.00010240589472232386,8
-0.37471628189086914,0.628395676612854,0.20126354694366455,-0.00021514222316909581,3.1897885492071509e-05,0.00011415478365961462,0.00023278246226254851,0.00086789735360071063,-0.00012439071724656969,8
0.37471640110015869,0.6283990740776062,0.2012641578912735,0.00021537199791055173,3.1776402465766296e-05,0.00011443442781455815,-0.00023271872487384826,0.00086829753126949072,-0.00012463846360333264,8
0.6967042088508606,0.66983598470687866,0.28316599130630493,9.9006130767520517e-05,0.0025073497090488672,8.7910397269297391e-05,-0.00011575254757190123,-8.3050690591335297e-06,-0.00010247356112813577,8
0.92765098810195923,0.67906832695007324,0.3002849817276001,6.3149673223961145e-05,0.0027992941904813051,8.7716245616320521e-05,-6.7871806095354259e-05,-0.00013859476894140244,-0.00010301227302988991,8
-0.92799973487854004,0.68588054180145264,0.51798403263092041,2.8922393084940268e-06,0.0032213591039180756,9.9071170552633703e-05,8.6767176981084049e-05,-0.00042467608000151813,-0.00011685834761010483,8
-0.72827303409576416,0.67871689796447754,0.4902724027633667,-5.3318970458349213e-05,0.002999589778482914,0.00010646721057128161,7.7461438195314258e-05,-0.00028500563348643482,-0.0001253365189768374,8
-0.37905818223953247,0.63076037168502808,0.37905901670455933,-0.00018335523782297969,7.3473100201226771e-05,0.0001836564188124612,0.0001997857034439221,0.00086749921320006251,-0.00019968092965427786,8
-0.20125986635684967,0.6283990740776062,0.37471672892570496,-0.00011384317622287199,3.1971401767805219e-05,0.00021552036923822016,0.00012444659660104662,0.0008678475278429687,-0.0002327379334019497,8
-0.059058941900730133,0.63790583610534668,0.37580916285514832,-2.9369124604272656e-05,2.7270543796475977e-05,0.00023720315948594362,3.2063071557786316e-05,0.00085807009600102901,-0.00025364555767737329,8
0.059056550264358521,0.63790345191955566,0.37580955028533936,2.9514758352888748e-05,2.7254507585894316e-05,0.00023723801132291555,-3.2015595934353769e-05,0.00085813459008932114,-0.00025367393391206861,8
0.20126087963581085,0.62840026617050171,0.37471845746040344,0.00011400056246202439,3.1909410608932376e-05,0.00021565814677160233,-0.00012437609257176518,0.00086808804189786315,-0.00023285143834073097,8
0.37905719876289368,0.63076382875442505,0.37906259298324585,0.00018352516053710133,7.3377741500735283e-05,0.00018388529133517295,-0.00019969489949289709,0.00086787104373797774,-0.00019987257837783545,8
0.72827112674713135,0.6787184476852417,0.49027302861213684,5.3814346756553277e-05,0.002999807707965374,0.00010668518370948732,-4.9223595851799473e-05,-0.00028511739219538867,-0.00012538694136310369,8
0.92800003290176392,0.68588167428970337,0.51798456907272339,0,0.0032215886749327183,9.9266260804142803e-05,-0.00021139021555427462,-0.00042478085379116237,-0.00011689938401104882,8
-0.92799967527389526,0.70096671581268311,0.75864434242248535,-3.6967228425055509e-06,0.0039520622231066227,3.062180257984437e-05,-0.00010110702714882791,-0.00097192352404817939,-2.1140729586477391e-05,8
-0.78533536195755005,0.69948303699493408,0.78533446788787842,-2.3878361389506608e-05,0.0039163436740636826,2.4037657567532733e-05,2.3107857487048022e-05,-0.00094681972404941916,-1.3201660294726025e-05,8
-0.49027246236801147,0.67871886491775513,0.72827136516571045,-0.00010649499745341018,0.0029999620746821165,5.3789008234161884e-05,0.00012532080290839076,-0.0002852151810657233,-4.9156693421537057e-05,8
-0.28316384553909302,0.66983723640441895,0.69670599699020386,-8.7623426225036383e-05,0.0025076107122004032,9.8969736427534372e-05,0.00010247072350466624,-8.4727071225643158e-06,-0.0001156316211563535,8
-0.092747285962104797,0.66738146543502808,0.68651348352432251,-3.2754222047515213e-05,0.0022374703548848629,0.00012831475760322064,3.8223439332796261e-05,0.00013264361768960953,-0.00015034819080028683,8
0.092744775116443634,0.66738194227218628,0.68651098012924194,3.2673407986294478e-05,0.0022374487016350031,0.00012832660286221653,-3.8140929973451421e-05,0.00013267854228615761,-0.00015038660785648972,8
0.2831607460975647,0.66983687877655029,0.69670343399047852,8.7532745965290815e-05,0.0025075767189264297,9.8992903076577932e-05,-0.00010238319373456761,-8.4238126873970032e-06,-0.0001157274455181323,8
0.49026983976364136,0.67871856689453125,0.72827053070068359,0.00010639017273206264,0.0029999776743352413,5.3795669373357669e-05,-0.00012532604159787297,-0.00028518025646917522,-4.9107689847005531e-05,8
0.7853350043296814,0.69948339462280273,0.78533518314361572,2.402601603535004e-05,0.0039165024645626545,2.407232386758551e-05,-1.3209190910856705e-05,-0.0009468336938880384,-1.3208263226260897e-05,8
0.92799973487854004,0.70096719264984131,0.75864452123641968,6.2993053688842338e-06,0.0039522354491055012,3.0671919375890866e-05,8.7480657384730875e-05,-0.00097195146372541785,-2.1178055249038152e-05,8
-0.92799985408782959,0.70429742336273193,0.92799973487854004,-7.0118953772180248e-06,0.004087238572537899,7.0375535869970918e-06,-8.3819562860298902e-05,-0.0010742805898189545,9.6176619990728796e-05,8
-0.75864458084106445,0.70096689462661743,0.92799973487854004,-3.065488999709487e-05,0.0039521185681223869,6.3032675825525075e-06,2.4795916033326648e-05,-0.00097195146372541785,8.7502332462463528e-05,8
-0.51798421144485474,0.6858823299407959,0.92800003290176392,-9.911596862366423e-05,0.0032217127736657858,0,0.00011673240078380331,-0.00042487165774218738,-0.00021116541756782681,8
-0.30028420686721802,0.67906945943832397,0.92765128612518311,-8.7469466961920261e-05,0.0027995365671813488,6.3114675867836922e-05,0.00010302536975359544,-0.00013873446732759476,-6.7787332227453589e-05,8
-0.098503872752189636,0.67595672607421875,0.92409813404083252,-3.3952903322642669e-05,0.0025613645557314157,9.5340234111063182e-05,3.99552627641242e-05,1.4011747225595172e-05,-0.00011413990432629362,8
0.098501548171043396,0.67595678567886353,0.92409765720367432,3.384301089681685e-05,0.0025613626930862665,9.5345218142028898e-05,-3.986838783021085e-05,1.4025717064214405e-05,-0.00011416391498642042,8
0.30028188228607178,0.67906922101974487,0.9276508092880249,8.7357904703821987e-05,0.0027995423879474401,6.3120271079242229e-05,-0.00010294220555806533,-0.00013869954273104668,-6.7742803366854787e-05,8
0.51798230409622192,0.68588215112686157,0.92800003290176392,9.900107397697866e-05,0.0032217539846897125,0,-0.00011684590572258458,-0.00042484371806494892,-0.00021068572823423892,8
0.7586439847946167,0.70096725225448608,0.92799973487854004,3.0603849154431373e-05,0.0039522633887827396,6.3114875956671312e-06,-2.1146513972780667e-05,-0.00097196543356403708,8.7686123151797801e-05,8
0.92799973487854004,0.70429813861846924,0.92799973487854004,7.0312353273038752e-06,0.0040874015539884567,7.0511100602743682e-06,9.6139636298175901e-05,-0.0010743085294961929,9.6270858193747699e-05,8
-0.92799967527389526,0.94992685317993164,-0.92799967527389526,6.3228217186406255e-06,0.0051291892305016518,6.3230859268514905e-06,0.00045109918573871255,-0.0018265562830492854,0.00045103006414137781,8
-0.76039969921112061,0.94512206315994263,-0.92799961566925049,-2.7737600248656236e-05,0.0049679013900458813,9.2299114839988761e-07,4.6191322326194495e-05,-0.0016910209087654948,-0.00014055641076993197,8
-0.52047908306121826,0.92375177145004272,-0.92799967527389526,-8.9330882474314421e-05,0.0041586584411561489,5.8957321016350761e-06,0.00010431517875986174,-0.0010154256597161293,0.0004181837139185518,8
-0.301596999168396,0.91292655467987061,-0.92799991369247437,-7.9091470979619771e-05,0.0036540799774229527,-1.2001228242297657e-05,9.2522888735402375e-05,-0.00062486383831128478,-0.00034952102578245103,8
-0.098858259618282318,0.90845674276351929,-0.92730361223220825,-3.0664348741993308e-05,0.0033801405224949121,-5.9510850405786186e-05,3.5905428376281634e-05,-0.00042006603325717151,5.8103611081605777e-05,8
0.09885852038860321,0.90845638513565063,-0.92730379104614258,3.0887178581906483e-05,0.0033801218960434198,-5.9333924582460895e-05,-3.5824556107399985e-05,-0.00042004507849924266,7.0081543526612222e-05,8
0.30159696936607361,0.91292524337768555,-0.92799973487854004,7.9285746323876083e-05,0.0036540303844958544,1.6686772141838446e-07,-9.2462425527628511e-05,-0.00062482192879542708,0.00038014285382814705,8
0.52047890424728394,0.92374986410140991,-0.92799955606460571,8.9460751041769981e-05,0.0041586020961403847,7.819835445843637e-09,-0.00010445072985021397,-0.0010153558105230331,-0.0001721341977827251,8
0.76039940118789673,0.94512104988098145,-0.92799955606460571,2.8183358153910376e-05,0.0049678841605782509,4.499144097280805e-07,-2.3859009161242284e-05,-0.0016909510595723987,-0.00016664514259900898,8
0.92799997329711914,0.94992589950561523,-0.92799997329711914,8.2913020378327928e-06,0.0051291785202920437,-8.2576561908354051e-06,5.0993236072827131e-05,-0.0018264864338561893,-5.0876471505034715e-05,8
-0.92799961566925049,0.94512194395065308,-0.76039892435073853,9.2276650320854969e-07,0.0049678883515298367,-2.7731970476452261e-05,-0.00014055841893423349,-0.0016910069389268756,4.6161690988810733e-05,8
-0.78951311111450195,0.9401785135269165,-0.78951126337051392,-2.0740631953231059e-05,0.0049112956039607525,-2.0738221792271361e-05,3.7754631193820387e-05,-0.0016480077756568789,3.7734331272076815e-05,8
-0.49495396018028259,0.90182012319564819,-0.74101203680038452,-9.5731898909434676e-05,0.003858084324747324,-3.3162850741064176e-05,0.00011165458272444084,-0.00080712133785709739,5.2212159062037244e-05,8
-0.28375262022018433,0.89005166292190552,-0.70752930641174316,-7.8581782872788608e-05,0.0032771502155810595,-6.741647666785866e-05,9.0373934654053301e-05,-0.00043195436592213809,7.4510528065729886e-05,8
-0.092551365494728088,0.88659518957138062,-0.69451075792312622,-2.9257971618790179e-05,0.0029800091870129108,-9.3656562967225909e-05,3.3510914363432676e-05,-0.0002542790025472641,0.00010738439596025273,8
0.092551767826080322,0.88659459352493286,-0.69451028108596802,2.9519676900235936e-05,0.0029799831099808216,-9.3648661277256906e-05,-3.3463002182543278e-05,-0.00025425106287002563,0.00010910312266787514,8
0.28375262022018433,0.89004921913146973,-0.70752781629562378,7.8811201092321426e-05,0.0032770794350653887,-6.7299260990694165e-05,-9.031958325067535e-05,-0.00043187753180973232,8.3674742199946195e-05,8
0.49495294690132141,0.90181869268417358,-0.74101227521896362,9.5897441497072577e-05,0.0038580202963203192,-3.3122796594398096e-05,-0.00011175128020113334,-0.00080704450374469161,4.5569173380499706e-05,8
0.7895127534866333,0.94017785787582397,-0.78951150178909302,2.1095911506563425e-05,0.0049112928099930286,-2.103638689732179e-05,-2.0811401554965414e-05,-0.0016479658661410213,2.0842942831222899e-05,8
0.92799955606460571,0.94512087106704712,-0.76039886474609375,-4.3181205455766758e-07,0.004967893473803997,-2.8105740057071671e-05,0.00016694223450031132,-0.0016909510595723987,2.390031841059681e-05,8
-0.92799967527389526,0.92375010251998901,-0.52047741413116455,5.8976138461730443e-06,0.0041585653088986874,-8.9316170488018543e-05,0.00041801572660915554,-0.0010153697803616524,0.00010423507046652958,8
-0.74101203680038452,0.90181875228881836,-0.49495089054107666,-3.314548303023912e-05,0.0038579765241593122,-9.572473936714232e-05,5.2185856475261971e-05,-0.00080704450374469161,0.00011157774861203507,8
-0.38301306962966919,0.81313627958297729,-0.38300809264183044,-0.00016630851314403117,0.00010401484905742109,-0.00016623176634311676,0.00016193529882002622,0.00075740989996120334,0.00016202348342631012,8
-0.20269021391868591,0.81644785404205322,-0.37289988994598389,-0.00010200166434515268,5.1926639571320266e-05,-0.00019159959629178047,9.9223172583151609e-05,0.00073109590448439121,0.00018698714848142117,8
-0.062649659812450409,0.8185465931892395,-0.37304669618606567,-2.7854490326717496e-05,4.9575457524042577e-05,-0.00020952109480276704,2.7133135517942719e-05,0.00070815172512084246,0.00020473626500461251,8
0.062653690576553345,0.8185495138168335,-0.37304660677909851,2.8368353014229797e-05,4.9558348109712824e-05,-0.00020949103054590523,-2.7332642275723629e-05,0.00070819217944517732,0.00020471269090194255,8
0.20269092917442322,0.81644892692565918,-0.37289977073669434,0.00010249361366732046,5.1866089052055031e-05,-0.0001914907043101266,-9.9398232123348862e-05,0.0007312592351809144,0.00018690813158173114,8
0.3830147385597229,0.81313508749008179,-0.38301026821136475,0.00016676964878570288,0.00010392856347607449,-0.00016605146811343729,-0.0001620789262233302,0.00075768493115901947,0.00016191478061955422,8
0.7410123348236084,0.90181893110275269,-0.49495136737823486,3.3179283491335809e-05,0.0038580766413360834,-9.5586590759921819e-05,-4.556895510177128e-05,-0.00080706545850262046,0.00011179057037224993,8
0.92799955606460571,0.92375016212463379,-0.52047741413116455,5.7877969084074721e-09,0.0041586593724787235,-8.9189838035963476e-05,0.00017235650739166886,-0.0010153697803616524,0.00010449263936607167,8
-0.92799991369247437,0.91292530298233032,-0.30159541964530945,-1.1989168342552148e-05,0.0036539805587381124,-7.9072728112805635e-05,-0.00034933580900542438,-0.00062480097403749824,9.2430775112006813e-05,8
-0.70752835273742676,0.89005005359649658,-0.28375092148780823,-6.7388216848485172e-05,0.0032770277466624975,-7.857067248551175e-05,7.4454430432524532e-05,-0.00043187753180973232,9.0298628492746502e-05,8
-0.37290084362030029,0.81644880771636963,-0.20268630981445312,-0.00019174753106199205,5.2002655138494447e-05,-0.00010193038178840652,0.00018696706683840603,0.00073101749876514077,9.9299133580643684e-05,8
0.37290200591087341,0.81644928455352783,-0.20268596708774567,0.00019215639622416347,5.1894588978029788e-05,-0.0001017086542560719,-0.00018705437832977623,0.00073129840893670917,9.9151577160228044e-05,8
0.70752674341201782,0.89005047082901001,-0.28375136852264404,6.7414344812277704e-05,0.0032771460246294737,-7.8390527050942183e-05,-8.3700280811171979e-05,-0.00043191944132559001,9.0335299319121987e-05,8
0.92799973487854004,0.91292577981948853,-0.30159589648246765,-1.5300338418455794e-07,0.0036541244480758905,-7.8910328738857061e-05,-0.00038060604128986597,-0.00062484288355335593,9.2496695287991315e-05,8
-0.9273034930229187,0.90845614671707153,-0.098857387900352478,-5.9455549489939585e-05,0.0033800702076405287,-3.0637838790426031e-05,5.8404944866197184e-05,-0.00042000316898338497,3.5809167457045987e-05,8
-0.69450974464416504,0.88659411668777466,-0.092550553381443024,-9.3618560640607029e-05,0.0029799235053360462,-2.9237342459964566e-05,0.00010744856990640983,-0.00025423010811209679,3.3435444493079558e-05,8
-0.37304803729057312,0.81854808330535889,-0.062649466097354889,-0.00020975181541871279,4.9726331781130284e-05,-2.778479756671004e-05,0.00020480698731262237,0.00070799817331135273,2.7185686121811159e-05,8
0.37304887175559998,0.81854760646820068,-0.062648147344589233,0.00021010024647694081,4.9608046538196504e-05,-2.7533727916306816e-05,-0.00020484715059865266,0.00070828449679538608,2.7004078219761141e-05,8
0.69450879096984863,0.88659507036209106,-0.092551082372665405,9.3815746367909014e-05,0.002980066230520606,-2.9029473807895556e-05,-0.00010900817142101005,-0.00025429995730519295,3.3443138818256557e-05,8
0.9273032546043396,0.90845674276351929,-0.098857849836349487,5.9439291362650692e-05,0.0033802511170506477,-3.0445375159615651e-05,-6.9748566602356732e-05,-0.00042010095785371959,3.5839726479025558e-05,8
-0.92730367183685303,0.90845668315887451,0.098859429359436035,-5.9459864132804796e-05,0.0033801030367612839,3.092384577030316e-05,5.8406254538567737e-05,-0.00042000316898338497,-3.5924200346926227e-05,8
-0.69451069831848145,0.88659590482711792,0.092553064227104187,-9.3628215836361051e-05,0.0029799654148519039,2.95517202175688e-05,0.0001074586107279174,-0.0002542370930314064,-3.3546712074894458e-05,8
-0.37304797768592834,0.81854987144470215,0.062654636800289154,-0.00020978981046937406,4.9754537030821666e-05,2.8451406251406297e-05,0.0002048646128969267,0.00070799118839204311,-2.7313488317304291e-05,8
0.37304875254631042,0.81855326890945435,0.062655113637447357,0.00021009412012062967,4.9638190830592066e-05,2.8704871510853991e-05,-0.00020487334404606372,0.00070826750015839934,-2.7507701815920882e-05,8
0.69450962543487549,0.88659608364105225,0.092553019523620605,9.3816372100263834e-05,0.0029801265336573124,2.9768092645099387e-05,-0.00010901843052124605,-0.0002543209120631218,-3.3553260436747223e-05,8
0.9273032546043396,0.90845775604248047,0.098859220743179321,5.9440073528094217e-05,0.0033803132828325033,3.1125437089940533e-05,-6.9753696152474731e-05,-0.00042012191261164844,-3.590608321246691e-05,8
-0.92799991369247437,0.91292649507522583,0.30159768462181091,-1.1994245141977444e-05,0.0036540774162858725,7.9328921856358647e-05,-0.0003494113334454596,-0.00062481494387611747,-9.2559341283049434e-05,8
-0.70752823352813721,0.89005196094512939,0.28375354409217834,-6.7411230702418834e-05,0.0032771248370409012,7.8850869613233954e-05,7.447538519045338e-05,-0.00043189848656766117,-9.0411042037885636e-05,8
-0.37290129065513611,0.81645309925079346,0.20269398391246796,-0.00019188260193914175,5.2117102313786745e-05,0.00010260588896926492,0.00018716526392381638,0.0007309735519811511,-9.9431628768797964e-05,8
0.37290167808532715,0.81645554304122925,0.20269356667995453,0.00019213152700103819,5.2013157983310521e-05,0.00010283708979841322,-0.00018713863391894847,0.00073123612673953176,-9.9620221590157598e-05,8
0.70752722024917603,0.8900529146194458,0.28375428915023804,6.7415428929962218e-05,0.0032773169223219156,7.9054327215999365e-05,-8.3722763520199805e-05,-0.00043198230559937656,-9.0425011876504868e-05,8
0.92799973487854004,0.91292768716812134,0.30159777402877808,-1.5285013432730921e-07,0.0036543025635182858,7.9515360994264483e-05,-0.00038061832310631871,-0.00062490574782714248,-9.2557376774493605e-05,8
-0.92799967527389526,0.9237515926361084,0.52047914266586304,5.8951418395736255e-06,0.0041587278246879578,8.9500877948012203e-05,0.0004182269040029496,-0.0010153977200388908,-0.00010452931019244716,8
-0.74101287126541138,0.90181988477706909,0.49495410919189453,-3.3166805224027485e-05,0.0038581287954002619,9.5935523859225214e-05,5.2203973609721288e-05,-0.00080707244342193007,-0.00011183553579030558,8
-0.38301298022270203,0.81314384937286377,0.38301333785057068,-0.00016652925114613026,0.00010423080675536767,0.00016690525808371603,0.00016224743740167469,0.00075730186654254794,-0.00016215445066336542,8
-0.20269142091274261,0.81645750999450684,0.37290164828300476,-0.00010221638513030484,5.2180570492055267e-05,0.00019233209604863077,9.9476375908125192e-05,0.00073092919774353504,-0.00018712902965489775,8
-0.062653407454490662,0.81855589151382446,0.37304875254631042,-2.8047039450029843e-05,4.9862006562761962e-05,0.00021032083895988762,2.7298645363771357e-05,0.00070794060593470931,-0.00020491918257903308,8
0.062651127576828003,0.81855744123458862,0.37304887175559998,2.8211199605721049e-05,4.9847883929032832e-05,0.0002103527367580682,-2.7253516236669384e-05,0.00070797826629132032,-0.00020494755881372839,8
0.20268991589546204,0.81645649671554565,0.3729022741317749,0.0001023939621518366,5.2126950322417542e-05,0.00019245156727265567,-9.9430973932612687e-05,0.00073108013020828366,-0.00018723511311691254,8
0.38301274180412292,0.81314569711685181,0.3830159604549408,0.00016672318452037871,0.00010415053839096799,0.00016710362979210913,-0.00016220290854107589,0.00075754610588774085,-0.00016232863708864897,8
0.74101221561431885,0.90182203054428101,0.49495437741279602,3.3178534067701548e-05,0.0038583423011004925,9.60970573942177e-05,-4.5584998588310555e-05,-0.00080715626245364547,-0.00011186194751644507,8
0.92799955606460571,0.92375344038009644,0.52047926187515259,5.2469886213657446e-09,0.0041589485481381416,8.9640823716763407e-05,0.00017234540428034961,-0.001015467569231987,-0.00010456838208483532,8
-0.92799961566925049,0.94512271881103516,0.76039916276931763,9.0998264568042941e-07,0.0049681318923830986,2.8197438950883225e-05,-0.00014074755017645657,-0.0016910209087654948,-2.3878599677118473e-05,8
-0.78951281309127808,0.94017988443374634,0.78951156139373779,-2.0785044398508035e-05,0.0049115633592009544,2.1105775886098854e-05,3.7771820643683895e-05,-0.0016480217454954982,-2.0825207684538327e-05,8
-0.49495372176170349,0.90182244777679443,0.74101263284683228,-9.5940929895732552e-05,0.0038585159927606583,3.3170126698678359e-05,0.00011172312224516645,-0.00080724706640467048,-4.5551601942861453e-05,8
-0.28375262022018433,0.8900524377822876,0.70752769708633423,-7.881865167291835e-05,0.0032775949221104383,6.7402652348391712e-05,9.0460591309238225e-05,-0.00043213597382418811,-8.366186375496909e-05,8
-0.092552743852138519,0.88659751415252686,0.69450992345809937,-2.9482853278750554e-05,0.0029804895166307688,9.380606934428215e-05,3.3580981835257262e-05,-0.00025450950488448143,-0.00010897914035012946,8
0.092549778521060944,0.88659727573394775,0.69450891017913818,2.9329154131119139e-05,0.0029804750811308622,9.3806367658544332e-05,-3.343015123391524e-05,-0.0002544955350458622,-0.00010902345093199983,8
0.2837500274181366,0.89005213975906372,0.70752584934234619,7.8664495958946645e-05,0.0032775732688605785,6.7386223236098886e-05,-9.032154775923118e-05,-0.00043209406430833042,-8.3467813965398818e-05,8
0.49495115876197815,0.90182214975357056,0.74101048707962036,9.5792624051682651e-05,0.0038585353177040815,3.3147785870824009e-05,-0.00011176394036738202,-0.00080721912672743201,-4.325912959757261e-05,8
0.7895125150680542,0.94018071889877319,0.78951168060302734,2.1076661141705699e-05,0.0049117240123450756,2.1101215679664165e-05,-2.0820405552512966e-05,-0.0016480496851727366,-2.0389359633554704e-05,8
0.92799955606460571,0.94512349367141724,0.76039916276931763,-4.3732586618716596e-07,0.0049683051183819771,2.8211732569616288e-05,0.00016685310401953757,-0.0016910348786041141,-2.3879527361714281e-05,8
-0.92799967527389526,0.9499281644821167,0.92799997329711914,6.3164688981487416e-06,0.0051294565200805664,8.2973474491154775e-06,0.00045169462100602686,-0.0018265562830492854,5.1004804845433682e-05,8
-0.76039940118789673,0.94512307643890381,0.92799955606460571,-2.7795969799626619e-05,0.0049681924283504486,-4.2921408294205321e-07,4.6214296162361279e-05,-0.0016910348786041141,0.00016698204854037613,8
-0.52047890424728394,0.92375361919403076,0.92799955606460571,-8.951948257163167e-05,0.0041590877808630466,3.5656739783007652e-09,0.00010436822049086913,-0.0010155234485864639,0.00017232242680620402,8
-0.30159670114517212,0.91292840242385864,0.92799973487854004,-7.9319332144223154e-05,0.0036545721814036369,-1.5585192159051076e-07,9.2590991698671132e-05,-0.00062503147637471557,-0.00038049934664741158,8
-0.098859302699565887,0.90845906734466553,0.92730337381362915,-3.0887840694049373e-05,0.0033806797582656145,5.9417983720777556e-05,3.5962289985036477e-05,-0.00042028955067507923,-6.9735579018015414e-05,8
0.098856717348098755,0.90845906734466553,0.92730313539505005,3.0696548492414877e-05,0.0033806799910962582,5.9412308473838493e-05,-3.5794542782241479e-05,-0.00042027558083645999,-6.9665074988733977e-05,8
0.30159437656402588,0.91292840242385864,0.92799973487854004,7.9141034802887589e-05,0.0036545838229358196,-1.339394657406956e-07,-9.2457405116874725e-05,-0.00062501052161678672,-0.00037958039320074022,8
0.52047717571258545,0.92375373840332031,0.92799955606460571,8.936382073443383e-05,0.004159136675298214,2.8052443212800426e-07,-0.00010445618681842461,-0.0010155234485864639,0.00017644319450482726,8
0.7603989839553833,0.94512367248535156,0.92799955606460571,2.8156478947494179e-05,0.0049683400429785252,-3.8426389892265433e-07,-2.3868667994975112e-05,-0.0016910628182813525,0.00016778941790107638,8
0.92799997329711914,0.9499284029006958,0.92799997329711914,8.2801607277360745e-06,0.005129616241902113,8.2773503891075961e-06,5.0956961786141619e-05,-0.0018265702528879046,5.1262210035929456e-05,8
-0.92799967527389526,1.2145658731460571,-0.92799967527389526,6.424658749892842e-06,0.0059259887784719467,6.4266796471201815e-06,0.00044075609184801579,-0.0024484514724463224,0.00044053993769921362,8
-0.76090937852859497,1.2099908590316772,-0.92799997329711914,-2.7314239559927955e-05,0.0057543842121958733,-7.4894987847073935e-06,3.908815051545389e-05,-0.002292408375069499,-2.1972098693368025e-05,8
-0.52506047487258911,1.1833956241607666,-0.92799943685531616,-8.1069432781077921e-05,0.0049520931206643581,-2.4615933398308698e-06,9.4793424068484455e-05,-0.0015707964776083827,-7.2689581429585814e-05,8
-0.30515751242637634,1.167921781539917,-0.92799997329711914,-7.3372299084439874e-05,0.0044026165269315243,-8.2757305790437385e-06,8.6665597336832434e-05,-0.0011002505198121071,-7.1967951953411102e-05,8
-0.10003393888473511,1.1608297824859619,-0.92799985408782959,-2.8967553589609452e-05,0.0040776226669549942,-9.6499707069597207e-06,3.4230579331051558e-05,-0.00082943117013201118,-0.00018424412701278925,8
0.10003402829170227,1.1608293056488037,-0.92799985408782959,2.9122751584509388e-05,0.0040776031091809273,-9.6470639618928544e-06,-3.4120948839699849e-05,-0.00082940323045477271,-0.00018288768478669226,8
0.30515733361244202,1.1679203510284424,-0.92799997329711914,7.3509960202500224e-05,0.0044025680981576443,-8.1832977230078541e-06,-8.6554930021520704e-05,-0.0011002086102962494,-6.0905858845217153e-05,8
0.52506023645401001,1.1833953857421875,-0.92799943685531616,8.1183417933061719e-05,0.0049520423635840416,-2.1392452254076488e-07,-9.4761773652862757e-05,-0.0015707405982539058,-9.5161267381627113e-05,8
0.76090943813323975,1.2099899053573608,-0.92799997329711914,2.7496569600771181e-05,0.0057543567381799221,-7.6205815275898203e-06,-3.5475037293508649e-05,-0.0022923664655536413,-2.1431367713375948e-05,8
0.92799967527389526,1.214565634727478,-0.92799967527389526,-6.1255586842889898e-06,0.0059259701520204544,6.1338541854638606e-06,-0.00043210102012380958,-0.0024483816232532263,0.00043140404159203172,8
-0.92799997329711914,1.2099905014038086,-0.76090902090072632,-7.4965278145100456e-06,0.005754370242357254,-2.7293141101836227e-05,-2.1975018171360716e-05,-0.002292408375069499,3.9053007640177384e-05,8
-0.79715889692306519,1.2078069448471069,-0.79715871810913086,-1.9496867025736719e-05,0.005724951159209013,-1.9482198695186526e-05,2.1377070879680105e-05,-0.0022683523129671812,2.1355352146201767e-05,8
-0.50848042964935303,1.1569395065307617,-0.7753024697303772,-8.4993065684102476e-05,0.004771803505718708,-1.3216971638030373e-05,9.9744640465360135e-05,-0.0014262645272538066,4.7197586354741361e-06,8
-0.2892250120639801,1.1309546232223511,-0.74025678634643555,-7.1220769314095378e-05,0.0041808057576417923,-2.8838905564043671e-05,8.3618644566740841e-05,-0.00095226796111091971,1.8551834727986716e-05,8
-0.095725350081920624,1.121502161026001,-0.72618591785430908,-2.757624133664649e-05,0.0038677463307976723,-4.3373045627959073e-05,3.2302905310643837e-05,-0.00071457814192399383,3.8334761484293267e-05,8
0.095725521445274353,1.1215016841888428,-0.72618567943572998,2.774999120447319e-05,0.0038677242118865252,-4.341287785791792e-05,-3.220407961634919e-05,-0.00071456417208537459,3.8602698623435572e-05,8
0.28922495245933533,1.1309530735015869,-0.74025636911392212,7.1374161052517593e-05,0.0041807526722550392,-2.8907250452903099e-05,-8.3512124547269195e-05,-0.00095222605159506202,2.4155922801583074e-05,8
0.50848013162612915,1.1569377183914185,-0.7753027081489563,8.5117273556534201e-05,0.0047717462293803692,-1.3232003766461276e-05,-9.9708187917713076e-05,-0.0014262086478993297,1.4249289051804226e-05,8
0.79715883731842041,1.2078064680099487,-0.79715871810913086,1.9667613742058165e-05,0.0057249367237091064,-1.9612447431427427e-05,-2.0285677237552591e-05,-0.0022683104034513235,2.0309305909904651e-05,8
0.92799997329711914,1.2099900245666504,-0.76090902090072632,7.6506221375893801e-06,0.0057543660514056683,-2.7422847779234871e-05,2.1490302970050834e-05,-0.0022923664655536413,3.5491462767822668e-05,8
-0.92799943685531616,1.1833952665328979,-0.52505886554718018,-2.4585740447946591e-06,0.0049520093016326427,-8.1010111898649484e-05,-7.2675145929679275e-05,-0.0015707405982539058,9.469323413213715e-05,8
-0.77530264854431152,1.1569375991821289,-0.50847762823104858,-1.3209853932494298e-05,0.0047717038542032242,-8.4934035839978606e-05,4.7152020670182537e-06,-0.0014262086478993297,9.9640303233172745e-05,8
-0.39266535639762878,1.0053012371063232,-0.39265948534011841,-0.00015170808183029294,0.00012504163896664977,-0.00015156708832364529,0.00013470285921357572,0.00061141682090237737,0.00013471290003508329,8
-0.21769973635673523,1.0034750699996948,-0.39184451103210449,-9.8083371995016932e-05,8.9854889665730298e-05,-0.00015954204718582332,8.709822577657178e-05,0.00051857437938451767,0.00014287389058154076,8
-0.070752106606960297,0.99600332975387573,-0.38799008727073669,-3.0709848942933604e-05,7.9328528954647481e-05,-0.00016917775792535394,2.7260937713435851e-05,0.00047192818601615727,0.00015248208364937454,8
0.070754192769527435,0.9960053563117981,-0.38799017667770386,3.1172479793895036e-05,7.9313635069411248e-05,-0.00016914974548853934,-2.7378917366149835e-05,0.00047194346552714705,0.00015246942348312587,8
0.21770066022872925,1.0034797191619873,-0.39184561371803284,9.8534110293257982e-05,8.9809094788506627e-05,-0.00015945264021866024,-8.7208456534426659e-05,0.00051864574197679758,0.00014283678319770843,8
0.39266675710678101,1.0052995681762695,-0.39266246557235718,0.00015214818995445967,0.00012497713032644242,-0.0001514275063527748,-0.00013481243513524532,0.00061156938318163157,0.00013468932593241334,8
0.77530264854431152,1.156937837600708,-0.50847816467285156,1.3262531865620986e-05,0.004771791398525238,-8.4863626398146152e-05,-1.4235346498026047e-05,-0.0014261807082220912,9.9748132925014943e-05,8
0.92799943685531616,1.1833951473236084,-0.52505922317504883,2.2857466319692321e-07,0.0049520852044224739,-8.0951540439855307e-05,9.5295181381516159e-05,-0.0015707266284152865,9.4801500381436199e-05,8
-0.92799997329711914,1.1679197549819946,-0.30515599250793457,-8.2660781117738225e-06,0.0044025182723999023,-7.3297123890370131e-05,-7.1938266046345234e-05,-0.0011001946404576302,8.6541615019086748e-05,8
-0.74025791883468628,1.1309528350830078,-0.28922393918037415,-2.8820340958191082e-05,0.0041806995868682861,-7.1151036536321044e-05,1.8532135072746314e-05,-0.00095221208175644279,8.3498591266106814e-05,8
-0.39184966683387756,1.0034767389297485,-0.21769824624061584,-0.00015973777044564486,8.9912471594288945e-05,-9.7938936960417777e-05,0.00014289790124166757,0.00051855342462658882,8.7110012827906758e-05,8
-0.22492635250091553,1.0720009803771973,-0.22492308914661407,-0.00010251461935695261,2.3926699213916436e-05,-0.00010229747567791492,8.8613298430573195e-05,0.00028553316951729357,8.8582084572408348e-05,8
-0.074654541909694672,1.0720003843307495,-0.2300497442483902,-3.3447471651015803e-05,1.4152458788885269e-05,-0.00010857133020181209,2.8530337658594362e-05,0.00020953986677341163,9.3848058895673603e-05,8
0.074654370546340942,1.0720003843307495,-0.2300490140914917,3.3857362723210827e-05,1.4141214705887251e-05,-0.00010853975254576653,-2.8580978323589079e-05,0.00020951362967025489,9.3840855697635561e-05,8
0.22492656111717224,1.0720009803771973,-0.22492404282093048,0.00010291918442817405,2.3888116629677825e-05,-0.00010219936666544527,-8.8670487457420677e-05,0.00028548561385832727,8.8555236288812011e-05,8
0.39185041189193726,1.0034798383712769,-0.21769875288009644,0.00016013774438761175,8.9841756562236696e-05,-9.7775817266665399e-05,-0.00014295770961325616,0.00051867042202502489,8.7050859292503446e-05,8
0.74025660753250122,1.1309530735015869,-0.28922462463378906,2.8963682780158706e-05,0.0041808281093835831,-7.102829113136977e-05,-2.414921073068399e-05,-0.00095222605159506202,8.3549668488558382e-05,8
0.92799997329711914,1.1679205894470215,-0.30515649914741516,8.2093010860262439e-06,0.0044026477262377739,-7.318802090594545e-05,6.0999773268122226e-05,-0.0011002086102962494,8.659640297992155e-05,8
-0.92799985408782959,1.1608289480209351,-0.10003309696912766,-9.6329731604782864e-06,0.0040775537490844727,-2.8883565391879529e-05,-0.00018393430218566209,-0.00082938926061615348,3.4102504287147895e-05,8
-0.72618627548217773,1.1215014457702637,-0.09572475403547287,-4.3338226532796398e-05,0.0038676674012094736,-2.7499572752276435e-05,3.8410504203056917e-05,-0.00071454321732744575,3.2182415452552959e-05,8
-0.38799494504928589,0.99600780010223389,-0.070751644670963287,-0.00016944194794632494,7.9437770182266831e-05,-3.0565297493012622e-05,0.00015255979087669402,0.00047189631732180715,2.7271742510492913e-05,8
-0.23005226254463196,1.0720003843307495,-0.074652388691902161,-0.00010885913798119873,1.4195000403560698e-05,-3.3227806852664798e-05,9.3922491942066699e-05,0.00020963556016795337,2.8507200113381259e-05,8
-0.071617372334003448,1.0837826728820801,-0.071614310145378113,-3.2781459594843909e-05,1.2598333114510751e-06,-3.2484898838447407e-05,2.7554850021260791e-05,0.00011164298484800383,2.7494059395394288e-05,8
0.071616567671298981,1.0837829113006592,-0.071614287793636322,3.3129479561466724e-05,1.2506515076893265e-06,-3.2452200684929267e-05,-2.7546337150852196e-05,0.00011161161091877148,2.748183578660246e-05,8
0.23005132377147675,1.0720003843307495,-0.074652485549449921,0.00010920963541138917,1.4156458746583667e-05,-3.3115982660092413e-05,-9.3934933829586953e-05,0.00020956840307917446,2.8458414817578159e-05,8
0.38799488544464111,0.9960060715675354,-0.070751279592514038,0.00016979176143649966,7.9360957897733897e-05,-3.0380497264559381e-05,-0.0001525929692434147,0.00047200656263157725,2.7175863579032011e-05,8
0.726185142993927,1.1215019226074219,-0.095725215971469879,4.3504238419700414e-05,0.003867830615490675,-2.7348922230885364e-05,-3.849552376777865e-05,-0.00071457814192399383,3.2233765523415059e-05,8
0.92799985408782959,1.1608294248580933,-0.10003355145454407,9.6819976533879526e-06,0.0040777251124382019,-2.8743856091750786e-05,0.00018336903303861618,-0.00082943117013201118,3.4160675568273291e-05,8
-0.92799985408782959,1.1608291864395142,0.10003496706485748,-9.6343583209090866e-06,0.0040775896050035954,2.9210314096417278e-05,-0.00018394623475614935,-0.00082938926061615348,-3.4241602406837046e-05,8
-0.72618627548217773,1.1215020418167114,0.095726661384105682,-4.3342155549908057e-05,0.0038676997646689415,2.783147465379443e-05,3.8411486457334831e-05,-0.00071455718716606498,-3.2319767342414707e-05,8
-0.38799506425857544,0.99600541591644287,0.070755273103713989,-0.00016948061238508672,7.9464683949481696e-05,3.1324652809416875e-05,0.00015260824875440449,0.00047191945486702025,-2.7377171136322431e-05,8
-0.23005247116088867,1.0720003843307495,0.074655629694461823,-0.00010889516852330416,1.4218062460713554e-05,3.4077787859132513e-05,9.395981760462746e-05,0.00020971629419364035,-2.859767664631363e-05,8
-0.071616716682910919,1.0837857723236084,0.071617260575294495,-3.2808751711854711e-05,1.280421088267758e-06,3.3419644751120359e-05,2.7575149943004362e-05,0.00011172616359544918,-2.7589010642259382e-05,8
0.071614302694797516,1.0837858915328979,0.071617551147937775,3.310710599180311e-05,1.2713396699837176e-06,3.3454274671385065e-05,-2.7537496862350963e-05,0.00011169438948854804,-2.7608110030996613e-05,8
0.23004968464374542,1.0720003843307495,0.074655614793300629,0.00010919532360276207,1.4179760910337791e-05,3.4195199987152591e-05,-9.3943010142538697e-05,0.00020964724535588175,-2.8666871003224514e-05,8
0.38799506425857544,0.99600553512573242,0.070755243301391602,0.00016978516941890121,7.9388701124116778e-05,3.1515530281467363e-05,-0.0001526143605588004,0.00047202422865666449,-2.7497660994413309e-05,8
0.72618508338928223,1.1215028762817383,0.095726333558559418,4.3504616769496351e-05,0.0038678960409015417,2.7991425668005832e-05,-3.8499561924254522e-05,-0.00071462005143985152,-3.2276930141961202e-05,8
0.92799985408782959,1.1608301401138306,0.10003463923931122,9.6821049737627618e-06,0.00407779635861516,2.935996963060461e-05,0.00018336939683649689,-0.00082945910980924964,-3.419019776629284e-05,8
-0.92799997329711914,1.1679211854934692,0.30515822768211365,-8.2702317740768194e-06,0.0044026309624314308,7.3592826083768159e-05,-7.1956332249101251e-05,-0.0011002365499734879,-8.6658175860065967e-05,8
-0.74025774002075195,1.1309534311294556,0.28922602534294128,-2.8829119401052594e-05,0.0041807950474321842,7.1454232966061682e-05,1.8531371097196825e-05,-0.00095224002143368125,-8.3616461779456586e-05,8
-0.39184978604316711,1.0034860372543335,0.21770255267620087,-0.00015985773643478751,9.0008223196491599e-05,9.8699303634930402e-05,0.00014304502110462636,0.00051857088692486286,-8.7221116700675339e-05,8
-0.22492796182632446,1.0720009803771973,0.2249273955821991,-0.00010262471914757043,2.4013514121179469e-05,0.00010313899838365614,8.8726585090626031e-05,0.00028573899180628359,-8.8687076640781015e-05,8
-0.074655435979366302,1.0720003843307495,0.23005266487598419,-3.3542000892339274e-05,1.424377660441678e-05,0.00010948305134661496,2.8603461032616906e-05,0.00020977348322048783,-9.3965711130294949e-05,8
0.074653252959251404,1.0720003843307495,0.23005171120166779,3.3784952393034473e-05,1.4233111869543791e-05,0.00010951951117021963,-2.8553475203807466e-05,0.00020974561630282551,-9.3992559413891286e-05,8
0.22492425143718719,1.0720009803771973,0.22492723166942596,0.00010287382610840723,2.3976350348675624e-05,0.00010325331095373258,-8.8692097051534802e-05,0.00028568538255058229,-8.877176878741011e-05,8
0.39184874296188354,1.0034852027893066,0.21770307421684265,0.00016011334082577378,8.9936605945695192e-05,9.8883632745128125e-05,-0.0001430205738870427,0.0005186760681681335,-8.7359287135768682e-05,8
0.74025678634643555,1.1309553384780884,0.28922608494758606,2.8963984732399695e-05,0.0041810180991888046,7.1602538810111582e-05,-2.4156850486178882e-05,-0.00095230987062677741,-8.3597253251355141e-05,8
0.92799997329711914,1.1679238080978394,0.30515831708908081,8.2090637079090811e-06,0.0044028609991073608,7.3729395808186382e-05,6.0996924730716273e-05,-0.0011002924293279648,-8.6641150119248778e-05,8
-0.92799943685531616,1.1833961009979248,0.52506065368652344,-2.4656669666001108e-06,0.0049521946348249912,8.1249840150121599e-05,-7.2717142757028341e-05,-0.0015707825077697635,-9.4836424977984279e-05,8
-0.77530372142791748,1.1569393873214722,0.50848060846328735,-1.3220619621279184e-05,0.0047718845307826996,8.5185631178319454e-05,4.7063890633580741e-06,-0.0014262505574151874,-9.9788514489773661e-05,8
-0.39266490936279297,1.0053120851516724,0.39266541600227356,-0.00015189812984317541,0.00012521805183496326,0.00015231715224217623,0.00013492986909113824,0.00061137491138651967,-0.00013483077054843307,8
-0.2177019864320755,1.0034865140914917,0.39185014367103577,-9.8258562502451241e-05,9.0053086751140654e-05,0.00016034195141401142,8.728027023607865e-05,0.00051855255151167512,-0.00014298346650321037,8
-0.070754498243331909,0.99601227045059204,0.3879953920841217,-3.0862112907925621e-05,7.954043394420296e-05,0.0001700386346783489,2.7380227038520388e-05,0.00047190504847094417,-0.00015262614761013538,8
0.070752263069152832,0.99601024389266968,0.3879949152469635,3.1052579288370907e-05,7.952697342261672e-05,0.00017007344285957515,-2.7328931537340395e-05,0.0004719190183095634,-0.00015265845286194235,8
0.21770021319389343,1.0034847259521484,0.39184999465942383,9.8457974672783166e-05,9.0011781139764935e-05,0.0001604532590135932,-8.7238797277677804e-05,0.00051861279644072056,-0.0001430830016033724,8
0.39266440272331238,1.0053073167800903,0.39266681671142578,0.00015210900164674968,0.00012516035349108279,0.00015249317220877856,-0.00013490760466083884,0.00061149819521233439,-0.00013498574844561517,8
0.77530288696289062,1.1569442749023438,0.50848066806793213,1.3259884326544125e-05,0.0047721168957650661,8.5289662820287049e-05,-1.4242058568925131e-05,-0.0014263064367696643,-9.9781966127920896e-05,8
0.92799943685531616,1.1833984851837158,0.52506065368652344,2.2661936327494914e-07,0.0049524176865816116,8.1340433098375797e-05,9.5275710918940604e-05,-0.0015708383871242404,-9.4898416136857122e-05,8
-0.92799997329711914,1.209991455078125,0.76090943813323975,-7.5182879299973138e-06,0.0057546417228877544,2.7519641662365757e-05,-2.2009957319824025e-05,-0.0022924502845853567,-3.5498065699357539e-05,8
-0.79715895652770996,1.2078084945678711,0.79715782403945923,-1.9537324988050386e-05,0.0057252473197877407,1.968428296095226e-05,2.1374287825892679e-05,-0.0022683942224830389,-2.029833740380127e-05,8
-0.50848007202148438,1.1569439172744751,0.77530300617218018,-8.5169645899441093e-05,0.0047722696326673031,1.3261113963380922e-05,9.9781529570464045e-05,-0.0014263762859627604,-1.4231799468689132e-05,8
-0.2892252504825592,1.130955696105957,0.74025702476501465,-7.1434064011555165e-05,0.0041813035495579243,2.895835496019572e-05,8.3673869085032493e-05,-0.00095242162933573127,-2.4151393517968245e-05,8
-0.095726847648620605,1.1215033531188965,0.72618544101715088,-2.7790998501586728e-05,0.0038682715967297554,4.3492884287843481e-05,3.236036718590185e-05,-0.00071474577998742461,-3.8558169762836769e-05,8
0.095723696053028107,1.121503472328186,0.72618508338928223,2.7557569410419092e-05,0.0038682743906974792,4.3466119677759707e-05,-3.2156440283870324e-05,-0.00071474577998742461,-3.8276917621260509e-05,8
0.28922301530838013,1.1309551000595093,0.74025517702102661,7.1215916250366718e-05,0.0041813165880739689,2.8968006517970935e-05,-8.3475671999622136e-05,-0.0009523936896584928,-2.0312852939241566e-05,8
0.50847876071929932,1.1569442749023438,0.77530288696289062,8.5001418483443558e-05,0.0047723259776830673,1.3839570783602539e-05,-9.9679156846832484e-05,-0.0014263623161241412,1.2459348681659321e-06,8
0.79715877771377563,1.2078099250793457,0.79715782403945923,1.9642769984784536e-05,0.0057254158891737461,1.9687589883687906e-05,-2.0283931007725187e-05,-0.0022684081923216581,-1.7467535144533031e-05,8
0.92799997329711914,1.209992527961731,0.76090943813323975,7.6379628808354028e-06,0.0057548223994672298,2.7467436666483991e-05,2.1469444618560374e-05,-0.0022924502845853567,-3.4986529499292374e-05,8
-0.92799967527389526,1.2145674228668213,0.92799967527389526,6.4188689066213556e-06,0.0059262863360345364,-6.1231557992869057e-06,0.00044130653259344399,-0.0024484794121235609,-0.00043233254109509289,8
-0.76090937852859497,1.2099919319152832,0.92799997329711914,-2.736900387390051e-05,0.0057547073811292648,7.6591222750721499e-06,3.9098027627915144e-05,-0.0022924502845853567,2.1499825379578397e-05,8
-0.52506023645401001,1.1833981275558472,0.92799943685531616,-8.1233287346549332e-05,0.004952543880790472,2.2876838556840084e-07,9.4823546533007175e-05,-0.0015708942664787173,9.5297538791783154e-05,8
-0.30515792965888977,1.1679239273071289,0.92799997329711914,-7.3578332376200706e-05,0.004403130616992712,8.2062833826057613e-06,8.671383693581447e-05,-0.0011004041880369186,6.0981834394624457e-05,8
-0.10003513842821121,1.1608309745788574,0.92799985408782959,-2.9180349883972667e-05,0.0040781763382256031,9.6720605142763816e-06,3.4284712455701083e-05,-0.00082959880819544196,0.0001832632115110755,8
0.10003238171339035,1.160831093788147,0.92799985408782959,2.8931021006428637e-05,0.0040781819261610508,9.6501835287199356e-06,-3.4071454138029367e-05,-0.00082959880819544196,0.00018388802709523588,8
0.3051554262638092,1.1679239273071289,0.92799991369247437,7.3355564381927252e-05,0.0044031562283635139,8.5655155999120325e-06,-8.6514111899305135e-05,-0.0011003762483596802,6.9643487222492695e-05,8
0.52505892515182495,1.1833988428115845,0.92799961566925049,8.1074715126305819e-05,0.0049526132643222809,5.3291428230295423e-06,-9.4732087745796889e-05,-0.0015708942664787173,4.8177120334003121e-05,8
0.76090896129608154,1.2099928855895996,0.92799991369247437,2.7462128855404444e-05,0.0057548605836927891,7.8116763688740321e-06,-3.5464669053908437e-05,-0.0022924782242625952,2.8673079214058816e-05,8
0.92799967527389526,1.2145687341690063,0.92799967527389526,-6.1292121245060116e-06,0.0059264581650495529,-6.1255404943949543e-06,-0.00043177520274184644,-0.0024484933819621801,-0.00042829240555875003,8
-0.92801940441131592,2.1255652904510498,-0.92801946401596069,-0.00015997694572433829,0.2628408670425415,-0.00016076354950200766,-0.00043689794256351888,0.0049209590069949627,-0.00043876335257664323,8
-0.75929433107376099,2.1763155460357666,-0.9280545711517334,-0.00021136879513505846,0.26330173015594482,-0.00019989135034848005,-0.00013612472685053945,0.0042575597763061523,-0.00023064813285600394,8
-0.53790789842605591,2.2542266845703125,-0.92812538146972656,-0.00027521455194801092,0.26441466808319092,-0.00025204371195286512,0.00018279008509125561,0.0022888181265443563,-0.00011428462312323973,8
-0.3185502290725708,2.2909176349639893,-0.92814725637435913,-0.00021888069750275463,0.26528447866439819,-0.00026330273249186575,0.00020252466492820531,0.0010398030281066895,-0.00011375813483027741,8
-0.10539910942316055,2.3047516345977783,-0.92814624309539795,-8.2449805631767958e-05,0.2658856213092804,-0.00026200094725936651,8.2543621829245239e-05,0.00044256445835344493,-0.00012772972695529461,8
0.1053980216383934,2.3047490119934082,-0.92814624309539795,8.2254271546844393e-05,0.26588565111160278,-0.00026200126740150154,-8.2499747804831713e-05,0.00044256445835344493,-0.00012773147318512201,8
0.31854909658432007,2.2909166812896729,-0.92814725637435913,0.00021870409545954317,0.26528459787368774,-0.00026330616674385965,-0.00020249105000402778,0.0010398030281066895,-0.00011376250040484592,8
0.53790706396102905,2.2542271614074707,-0.92812538146972656,0.0002750787534750998,0.26441493630409241,-0.00025205107522197068,-0.00018278397328685969,0.0022888181265443563,-0.00011429073492763564,8
0.75929409265518188,2.1763172149658203,-0.9280545711517334,0.00021129954257048666,0.26330223679542542,-0.00019990256987512112,0.0001360618625767529,0.0042575597763061523,-0.00023066253925208002,8
0.92801940441131592,2.1255667209625244,-0.92801946401596069,0.00015993120905477554,0.26284143328666687,-0.00016077404143288732,0.00043676828499883413,0.0049209590069949627,-0.00043879085569642484,8
-0.92805427312850952,2.1763148307800293,-0.75929415225982666,-0.00019861706823576242,0.2633015513420105,-0.00021214029402472079,-0.00023075116041582078,0.0042575597763061523,-0.00013702621799893677,8
-0.79305112361907959,2.2438349723815918,-0.79305124282836914,-0.00022943405201658607,0.2636684775352478,-0.00023052113829180598,-0.00010227885650238022,0.0038275120314210653,-0.00010230461339233443,8
-0.53740775585174561,2.3320455551147461,-0.79627352952957153,-0.00027771075838245451,0.26391729712486267,-0.00026474150945432484,0.0001949438446899876,0.0019302963046357036,-7.1135284088086337e-05,8
-0.3144339919090271,2.3518552780151367,-0.78761112689971924,-0.00021176024165470153,0.26475903391838074,-0.00026618241099640727,0.00019479672482702881,0.0011408327845856547,-0.00010195885988650844,8
-0.10421245545148849,2.3592863082885742,-0.7832036018371582,-8.0039390013553202e-05,0.26577523350715637,-0.00026630779029801488,7.9509984061587602e-05,0.00059366220375522971,-0.00012137868179706857,8
0.10421125590801239,2.359285831451416,-0.78320366144180298,7.9841673141345382e-05,0.26577523350715637,-0.00026630872162058949,-7.9463708971161395e-05,0.00059366220375522971,-0.00012138042802689597,8
0.31443309783935547,2.3518555164337158,-0.78761142492294312,0.00021157815353944898,0.26475915312767029,-0.00026618631090968847,-0.00019476136367302388,0.0011408327845856547,-0.00010196060611633584,8
0.53740644454956055,2.332045316696167,-0.79627376794815063,0.00027756465715356171,0.26391753554344177,-0.00026474910555407405,-0.00019493162108119577,0.0019302963046357036,-7.1140522777568549e-05,8
0.79305064678192139,2.2438368797302246,-0.79305130243301392,0.00022936610912438482,0.26366901397705078,-0.00023053631593938917,0.0001022247233777307,0.0038266179617494345,-0.0001023120348691009,8
0.92805427312850952,2.1763169765472412,-0.75929427146911621,0.00019856444851029664,0.26330217719078064,-0.00021215669403318316,0.00023067214351613075,0.0042575597763061523,-0.0001370366953779012,8
-0.92811787128448486,2.2542216777801514,-0.53790676593780518,-0.00024951162049546838,0.26441368460655212,-0.00027558972942642868,-0.00011812982120318338,0.0022888181265443563,0.00018226970860268921,8
-0.79627102613449097,2.3320393562316895,-0.53740590810775757,-0.00026237088604830205,0.26391622424125671,-0.00027810744359157979,-7.4371921073179692e-05,0.0019302963046357036,0.00019453086133580655,8
-0.4986138641834259,2.2892730236053467,-0.49861124157905579,-8.0143428931478411e-05,0.2403150349855423,-8.0686229921411723e-05,-1.7848649804363959e-05,0.003826170926913619,-1.7682321413303725e-05,8
-0.28034758567810059,2.2056591510772705,-0.48127198219299316,-2.7810163373942487e-05,0.2335900217294693,-2.269169817736838e-05,-2.1530902813537978e-05,0.0043576955795288086,-5.7122448197333142e-05,8
-0.09179193526506424,2.162407398223877,-0.47257319092750549,-6.0877459873154294e-06,0.23071499168872833,2.1843291051482083e-06,-9.6894464149954729e-06,0.0048534567467868328,-7.4130774009972811e-05,8
0.091789357364177704,2.1624083518981934,-0.47257348895072937,5.7285619732283521e-06,0.23071496188640594,2.1826915599376662e-06,9.7368265414843336e-06,0.0048534567467868328,-7.413019920932129e-05,8
0.28034490346908569,2.2056586742401123,-0.48127231001853943,2.7471882276586257e-05,0.23358991742134094,-2.2696392989018932e-05,2.1571448087343015e-05,0.0043576955795288086,-5.7121193094644696e-05,8
0.49861118197441101,2.2892720699310303,-0.49861219525337219,7.9857287346385419e-05,0.24031485617160797,-8.0694568168837577e-05,1.7874188415589742e-05,0.003826170926913619,-1.7681448298390023e-05,8
0.79627090692520142,2.3320431709289551,-0.53740662336349487,0.0002623019099701196,0.26391711831092834,-0.00027814015629701316,7.4337869591545314e-05,0.0019302963046357036,0.00019454221182968467,8
0.92811787128448486,2.2542243003845215,-0.53790712356567383,0.00024945457698777318,0.26441454887390137,-0.00027562186005525291,0.00011808703857241198,0.0022888181265443563,0.00018227843975182623,8
-0.92814475297927856,2.2909064292907715,-0.31854942440986633,-0.00026057648938149214,0.26528283953666687,-0.00021899439161643386,-0.0001162281769211404,0.0010398030281066895,0.00020217148994561285,8
-0.78761023283004761,2.3518416881561279,-0.31443315744400024,-0.00026358908507972956,0.2647571861743927,-0.00021187082165852189,-0.00010398885206086561,0.0011408327845856547,0.0001944645046023652,8
-0.48127442598342896,2.2056608200073242,-0.28034627437591553,-2.2418902517529204e-05,0.23359036445617676,-2.7983538529952057e-05,-5.6992899772012606e-05,0.0043576955795288086,-2.1676713004126213e-05,8
-0.27273315191268921,2.1380772590637207,-0.27273187041282654,-3.8204211705306079e-06,0.23032368719577789,-3.9017013477860019e-06,-4.2536135879345238e-05,0.005220919381827116,-4.2707702959887683e-05,8
-0.087240263819694519,2.1020452976226807,-0.26859006285667419,-1.7967234100524365e-07,0.22898350656032562,5.5736377362336498e-06,-1.4665569324279204e-05,0.0055709476582705975,-5.06174037582241e-05,8
0.087237440049648285,2.1020431518554688,-0.26859003305435181,-1.865343932649921e-07,0.22898346185684204,5.5722448450978845e-06,1.4713281416334212e-05,0.005570500623434782,-5.0616639782674611e-05,8
0.27273029088973999,2.1380748748779297,-0.2727324366569519,3.4643826438696124e-06,0.23032356798648834,-3.9059573282429483e-06,4.2579336877679452e-05,0.005220919381827116,-4.270570570952259e-05,8
0.48127239942550659,2.2056591510772705,-0.28034681081771851,2.2087560864747502e-05,0.23359006643295288,-2.79903833870776e-05,5.7024659326998517e-05,0.0043576955795288086,-2.1674039089703001e-05,8
0.78761011362075806,2.3518495559692383,-0.31443360447883606,0.00026353105204179883,0.2647584080696106,-0.00021191265841480345,0.00010396003926871344,0.0011408327845856547,0.00019448109378572553,8
0.92814475297927856,2.2909111976623535,-0.31854972243309021,0.00026052418979816139,0.26528394222259521,-0.00021903570450376719,0.00011619499855441973,0.0010398030281066895,0.00020218764257151634,8
-0.92814528942108154,2.3047399520874023,-0.10539861768484116,-0.00025946850655600429,0.26588362455368042,-8.2421109254937619e-05,-0.00012796284863725305,0.00044256445835344493,8.2405014836695045e-05,8
-0.78320294618606567,2.3592765331268311,-0.10421192646026611,-0.00026384237571619451,0.26577311754226685,-8.000924572115764e-05,-0.00012147647066740319,0.00059366220375522971,7.9375524364877492e-05,8
-0.47257465124130249,2.1624109745025635,-0.091791369020938873,2.3198697363113752e-06,0.23071534931659698,-6.0978882174822502e-06,-7.3891184001695365e-05,0.0048534567467868328,-9.7684905995265581e-06,8
-0.26859071850776672,2.1020467281341553,-0.087239585816860199,5.617006536340341e-06,0.22898361086845398,-1.7048196809810179e-07,-5.0448848924133927e-05,0.005570500623434782,-1.4731514966115355e-05,8
-0.085309155285358429,2.0688889026641846,-0.085308834910392761,2.256582547488506e-06,0.22810016572475433,2.2718586478731595e-06,-1.6517211406608112e-05,0.0058767194859683514,-1.6573889297433197e-05,8
0.085306830704212189,2.0688884258270264,-0.085309065878391266,-2.623573664095602e-06,0.22810013592243195,2.2704232378600864e-06,1.6562258679186925e-05,0.0058767194859683514,-1.6573105313000269e-05,8
0.26858913898468018,2.1020455360412598,-0.087240040302276611,-5.9770932239189278e-06,0.22898352146148682,-1.7506710037196171e-07,5.0490554713178426e-05,0.0055709476582705975,-1.4728929272678215e-05,8
0.47257372736930847,2.162409782409668,-0.091791749000549316,-2.6666816665965598e-06,0.23071514070034027,-6.1052314777043648e-06,7.3925097240135074e-05,0.0048534567467868328,-9.7641659522196278e-06,8
0.78320282697677612,2.3592822551727295,-0.10421232134103775,0.00026379406335763633,0.26577445864677429,-8.005343988770619e-05,0.00012144940410507843,0.00059366220375522971,7.9392331826966256e-05,8
0.92814528942108154,2.3047440052032471,-0.10539895296096802,0.00025942217325791717,0.2658848762512207,-8.2465281593613327e-05,0.00012793141650035977,0.00044256445835344493,8.242225885624066e-05,8
-0.92814528942108154,2.3047397136688232,0.10539837926626205,-0.00025946655659936368,0.26588356494903564,8.2375408965162933e-05,-0.00012796284863725305,0.00044256445835344493,-8.2405669672880322e-05,8
-0.7832028865814209,2.3592767715454102,0.10421122610569,-0.00026384068769402802,0.26577308773994446,7.9961275332607329e-05,-0.00012147647066740319,0.00059366220375522971,-7.9373559856321663e-05,8
-0.47257369756698608,2.1624109745025635,0.091789282858371735,2.3231596060213633e-06,0.23071528971195221,5.8261894082534127e-06,-7.3893483204301447e-05,0.0048534567467868328,9.7976990218739957e-06,8
-0.2685903012752533,2.1020479202270508,0.087237589061260223,5.6196049627033062e-06,0.22898362576961517,-1.1474068628558598e-07,-5.045102079748176e-05,0.0055709476582705975,1.4766919775865972e-05,8
-0.08530900627374649,2.0688886642456055,0.085307084023952484,2.2589435957343085e-06,0.22810018062591553,-2.5658896447566804e-06,-1.6519354176125489e-05,0.0058767194859683514,1.6613199477433227e-05,8
0.085306502878665924,2.068889856338501,0.085307016968727112,-2.6212449029117124e-06,0.22810016572475433,-2.56750536209438e-06,1.6560130461584777e-05,0.0058767194859683514,1.6614161722827703e-05,8
0.26858896017074585,2.102046012878418,0.087237432599067688,-5.9746953411377035e-06,0.22898353636264801,-1.1993674320365244e-07,5.0488495617173612e-05,0.005570500623434782,1.4770016605325509e-05,8
0.47257360816001892,2.1624100208282471,0.091789416968822479,-2.6640577743819449e-06,0.23071514070034027,5.817608780489536e-06,7.3923103627748787e-05,0.0048534567467868328,9.8030604931409471e-06,8
0.78320282697677612,2.3592827320098877,0.10421095788478851,0.0002637950237840414,0.26577445864677429,7.9920733696781099e-05,0.00012144940410507843,0.00059366220375522971,-7.9360244853887707e-05,8
0.92814528942108154,2.3047444820404053,0.10539780557155609,0.00025942313368432224,0.2658848762512207,8.2333855971228331e-05,0.00012793228961527348,0.00044256445835344493,-8.2391044998075813e-05,8
-0.92814475297927856,2.2909059524536133,0.31854954361915588,-0.00026057084323838353,0.26528260111808777,0.0002189519873354584,-0.0001162273038062267,0.0010398030281066895,-0.00020217410929035395,8
-0.78760993480682373,2.3518414497375488,0.31443327665328979,-0.00026358378818258643,0.26475700736045837,0.0002118231204804033,-0.00010398885206086561,0.0011408327845856547,-0.0001944645046023652,8
-0.48127210140228271,2.2056591510772705,0.28034445643424988,-2.2409114535548724e-05,0.23359020054340363,2.7732106900657527e-05,-5.6999066146090627e-05,0.0043576955795288086,2.1701705918530934e-05,8
-0.27273097634315491,2.1380770206451416,0.27272960543632507,-3.8123639569676016e-06,0.23032370209693909,3.6263775200495729e-06,-4.2542298615444452e-05,0.005220919381827116,4.2740004573715851e-05,8
-0.087239533662796021,2.1020464897155762,0.26858940720558167,-1.7233234927971353e-07,0.22898359596729279,-5.8609193729353137e-06,-1.4671936696686316e-05,0.0055709476582705975,5.0654194637900218e-05,8
0.087237514555454254,2.1020445823669434,0.26858946681022644,-1.7922226902555849e-07,0.2289835661649704,-5.8628947954275645e-06,1.4706743058923166e-05,0.005570500623434782,5.0655220547923818e-05,8
0.2727300226688385,2.1380751132965088,0.27273029088973999,3.4717872949840967e-06,0.23032362759113312,3.6202079627400963e-06,4.2573086830088869e-05,0.005220919381827116,4.2743387894006446e-05,8
0.48127228021621704,2.2056605815887451,0.28034505248069763,2.2095322492532432e-05,0.23359009623527527,2.7721453079720959e-05,5.7019256928469986e-05,0.0043576955795288086,2.1707708583562635e-05,8
0.78760939836502075,2.351853609085083,0.31443303823471069,0.00026353489374741912,0.2647584080696106,0.00021179078612476587,0.00010395916615379974,0.0011408327845856547,-0.00019445751968305558,8
0.92814475297927856,2.2909152507781982,0.31854930520057678,0.00026052791508845985,0.26528394222259521,0.00021891850337851793,0.00011619499855441973,0.0010398030281066895,-0.00020216494158376008,8
-0.92811787128448486,2.2542200088500977,0.53790742158889771,-0.00024950224906206131,0.26441323757171631,0.00027555617270991206,-0.00011812632874352857,0.0022888181265443563,-0.00018227669352199882,8
-0.79627084732055664,2.3320374488830566,0.53740686178207397,-0.00026236075791530311,0.2639157772064209,0.00027806652360595763,-7.4370174843352288e-05,0.0019302963046357036,-0.00019453610002528876,8
-0.49861234426498413,2.2892723083496094,0.49861180782318115,-8.0129910202231258e-05,0.24031496047973633,8.0484605859965086e-05,-1.7855416444945149e-05,0.003826170926913619,1.7699783711577766e-05,8
-0.28034576773643494,2.2056591510772705,0.48127195239067078,-2.7798398150480352e-05,0.23359018564224243,2.2441479814006016e-05,-2.153914283553604e-05,0.0043576955795288086,5.7147604820784181e-05,8
-0.091791175305843353,2.162409782409668,0.4725726842880249,-6.076432327972725e-06,0.23071521520614624,-2.4579871933383401e-06,-9.6989006124204025e-06,0.0048534567467868328,7.4161274824291468e-05,8
0.091789305210113525,2.1624095439910889,0.472572922706604,5.7401589401706588e-06,0.23071518540382385,-2.4605369617347606e-06,9.7265947260893881e-06,0.0048534567467868328,7.4162242526654154e-05,8
0.28034508228302002,2.2056601047515869,0.48127204179763794,2.7484147722134367e-05,0.23359009623527527,2.2433736376115121e-05,2.156173468392808e-05,0.0043576955795288086,5.7150005886796862e-05,8
0.49861165881156921,2.2892730236053467,0.4986112117767334,7.9868979810271412e-05,0.24031485617160797,8.0470970715396106e-05,1.7867421775008552e-05,0.003826170926913619,1.7703494449960999e-05,8
0.79627072811126709,2.3320455551147461,0.53740626573562622,0.0002623066829983145,0.26391696929931641,0.0002780430659186095,7.4339615821372718e-05,0.0019302963046357036,-0.00019453522691037506,8
0.92811787128448486,2.2542264461517334,0.53790682554244995,0.00024945876793935895,0.2644144594669342,0.00027553256950341165,0.00011808965791715309,0.0022888181265443563,-0.00018227494729217142,8
-0.92805427312850952,2.1763122081756592,0.75929433107376099,-0.00019860529573634267,0.26330083608627319,0.00021212280262261629,-0.00023073675401974469,0.0042575597763061523,0.00013700482668355107,8
-0.79305070638656616,2.2438318729400635,0.79305130243301392,-0.00022941851057112217,0.26366767287254333,0.00023050216259434819,-0.00010227187158307061,0.0038275120314210653,0.00010228496830677614,8
-0.53740662336349487,2.3320379257202148,0.79627370834350586,-0.00027767868596129119,0.26391607522964478,0.00026470262673683465,0.00019493249419610947,0.0019302963046357036,7.1122187364380807e-05,8
-0.31443336606025696,2.3518424034118652,0.78761094808578491,-0.00021172182459849864,0.26475739479064941,0.0002661356411408633,0.00019477969908621162,0.0011408327845856547,0.00010194838250754401,8
-0.10421226918697357,2.3592789173126221,0.78320270776748657,-8.0002158938441426e-05,0.26577359437942505,0.00026626387261785567,7.9495577665511519e-05,0.00059366220375522971,0.00012136471195844933,8
0.1042107418179512,2.359281063079834,0.78320270776748657,7.9872275819070637e-05,0.26577383279800415,0.00026626480394043028,-7.9471785284113139e-05,0.00059366220375522971,0.00012136383884353563,8
0.31443268060684204,2.3518521785736084,0.78761094808578491,0.00021160143660381436,0.26475808024406433,0.00026613770751282573,-0.00019476441957522184,0.0011408327845856547,0.0001019422707031481,8
0.53740638494491577,2.3320448398590088,0.79627370834350586,0.000277580606052652,0.26391685009002686,0.00026469872682355344,-0.00019493336731102318,0.0019302963046357036,7.1117821789812297e-05,8
0.79305052757263184,2.2438371181488037,0.79305112361907959,0.00022937217727303505,0.26366865634918213,0.00023049137962516397,0.00010222996206721291,0.0038266179617494345,0.00010227623715763912,8
0.92805427312850952,2.1763179302215576,0.75929415225982666,0.00019856891594827175,0.26330187916755676,0.00021211119019426405,0.00023067912843544036,0.0042575597763061523,0.00013699522241950035,8
-0.92801940441131592,2.1255631446838379,0.92801946401596069,-0.0001599663810338825,0.26284009218215942,0.00016075190796982497,-0.00043687000288628042,0.0049209590069949627,0.00043872668175026774,8
-0.75929415225982666,2.1763124465942383,0.9280545711517334,-0.00021135252609383315,0.26330086588859558,0.00019987505220342427,-0.00013611512258648872,0.0042575597763061523,0.00023062237596604973,8
-0.5379067063331604,2.2542212009429932,0.92812538146972656,-0.00027518332353793085,0.26441347599029541,0.00025201390963047743,0.00018278222705703229,0.0022888181265443563,0.00011426628771005198,8
-0.31854966282844543,2.2909073829650879,0.92814713716506958,-0.00021884278976358473,0.26528295874595642,0.00026326341321691871,0.00020250894885975868,0.0010398030281066895,0.00011374329187674448,8
-0.10539891570806503,2.3047416210174561,0.92814624309539795,-8.2413120253477246e-05,0.26588404178619385,0.00026195895043201745,8.2530088548082858e-05,0.00044256445835344493,0.00012771313777193427,8
0.10539764165878296,2.304743766784668,0.92814624309539795,8.2284583186265081e-05,0.26588428020477295,0.00026195976533927023,-8.2507169281598181e-05,0.00044256445835344493,0.00012771226465702057,8
0.31854894757270813,2.2909138202667236,0.92814713716506958,0.00021872746583539993,0.26528355479240417,0.00026326393708586693,-0.00020249497902113944,0.0010398030281066895,0.00011373805318726227,8
0.53790658712387085,2.2542262077331543,0.92812538146972656,0.0002750942949205637,0.26441428065299988,0.00025201003882102668,-0.00018278397328685969,0.0022888181265443563,0.00011426104902056977,8
0.75929403305053711,2.1763174533843994,0.9280545711517334,0.00021130633831489831,0.26330184936523438,0.0001998674706555903,0.00013606797438114882,0.0042575597763061523,0.0002306101523572579,8
0.92801940441131592,2.1255669593811035,0.92801946401596069,0.00015993522538337857,0.26284110546112061,0.00016074403538368642,0.00043678050860762596,0.0049200649373233318,0.0004387066001072526,8
-0.92836982011795044,2.3967084884643555,-0.92837029695510864,-0.00027059955755248666,0.26458790898323059,-0.00027159831370227039,-1.7726850273902528e-05,0.0034439561422914267,-1.8114513295586221e-05,8
-0.74962174892425537,2.461815357208252,-0.92852890491485596,-0.00031757954275235534,0.2658984363079071,-0.00031699991086497903,0.00013437937013804913,0.0020268559455871582,5.0353406550129876e-05,8
-0.53825902938842773,2.5520927906036377,-0.9288749098777771,-0.00035437988117337227,0.26961061358451843,-0.00041380245238542557,0.00029978572274558246,-0.0016218422679230571,0.00010994786134688184,8
-0.32108733057975769,2.6051814556121826,-0.9291757345199585,-0.00027859600959345698,0.27307632565498352,-0.0005000196979381144,0.00027857953682541847,-0.0045776362530887127,0.00015314608754124492,8
-0.10652193427085876,2.6288213729858398,-0.9293365478515625,-0.00010471956193214282,0.27488753199577332,-0.00054575211834162474,0.00011015719064744189,-0.0059276814572513103,0.00017291690164711326,8
0.10652083903551102,2.6288211345672607,-0.9293365478515625,0.00010452691640239209,0.27488762140274048,-0.00054575549438595772,-0.0001101170273614116,-0.0059276814572513103,0.00017291864787694067,8
0.32108610868453979,2.6051819324493408,-0.9291757345199585,0.00027841949486173689,0.27307659387588501,-0.00050002895295619965,-0.0002785481046885252,-0.0045776362530887127,0.00015314783377107233,8
0.53825795650482178,2.5520946979522705,-0.92887502908706665,0.00035423669032752514,0.26961103081703186,-0.00041381650953553617,-0.00029976826044730842,-0.0016209481982514262,0.00010994786134688184,8
0.74962145090103149,2.4618163108825684,-0.92852890491485596,0.00031748428591527045,0.26589891314506531,-0.00031701519037596881,-0.00013439072063192725,0.0020268559455871582,5.0352533435216174e-05,8
0.92836976051330566,2.3967099189758301,-0.92837029695510864,0.00027052976656705141,0.26458844542503357,-0.00027161405887454748,1.7685813872958533e-05,0.0034439561422914267,-1.8120625099982135e-05,8
-0.92852789163589478,2.4618144035339355,-0.74962180852890015,-0.00031562635558657348,0.26589825749397278,-0.00031840254087001085,4.9640944780549034e-05,0.0020268559455871582,0.00013405457139015198,8
-0.76296669244766235,2.5637261867523193,-0.76296669244766235,-0.00036969766370020807,0.26804810762405396,-0.00037071897531859577,0.00018076358537655324,-2.1457670300151221e-05,0.00018082208407577127,8
-0.54118716716766357,2.7007858753204346,-0.76965296268463135,-0.00039695700979791582,0.27380263805389404,-0.00050866109086200595,0.00037182992673479021,-0.0064918394200503826,0.00024629873223602772,8
-0.32122513651847839,2.7591564655303955,-0.77036446332931519,-0.00028611993184313178,0.27588805556297302,-0.00057275925064459443,0.00030468477052636445,-0.0082933902740478516,0.00025339191779494286,8
-0.10647241026163101,2.7830910682678223,-0.7697296142578125,-0.00010341744928155094,0.27684983611106873,-0.00060307147214189172,0.00011337745672790334,-0.0084641575813293457,0.00025269866455346346,8
0.10647129267454147,2.7830915451049805,-0.7697298526763916,0.00010322483285563067,0.27684992551803589,-0.0006030744407325983,-0.00011333816655678675,-0.0084632635116577148,0.00025270041078329086,8
0.32122397422790527,2.759157657623291,-0.77036494016647339,0.00028594114701263607,0.27588829398155212,-0.00057276833103969693,-0.00030465246527455747,-0.0082933902740478516,0.00025339366402477026,8
0.54118603467941284,2.700789213180542,-0.76965302228927612,0.00039680785266682506,0.27380308508872986,-0.00050867738900706172,-0.00037180984509177506,-0.0064918394200503826,0.00024630397092550993,8
0.76296621561050415,2.5637285709381104,-0.76296687126159668,0.00036960368743166327,0.26804864406585693,-0.00037074039573781192,-0.00018077231652569026,-2.1457670300151221e-05,0.00018082644965033978,8
0.92852771282196045,2.4618158340454102,-0.7496219277381897,0.00031555257737636566,0.26589885354042053,-0.00031842425232753158,-4.9667138227960095e-05,0.0020268559455871582,0.00013405719073489308,8
-0.92887377738952637,2.552088737487793,-0.53825807571411133,-0.00041211908683180809,0.26961010694503784,-0.0003547415544744581,0.00010877963359234855,-0.0016218422679230571,0.00029930812888778746,8
-0.76965302228927612,2.7007849216461182,-0.54118621349334717,-0.00050750799709931016,0.273802250623703,-0.00039727543480694294,0.00024659035261720419,-0.0064918394200503826,0.00037136281025595963,8
-0.54260337352752686,2.9925298690795898,-0.54260212182998657,-0.00092115032020956278,0.34481951594352722,-0.00092110247351229191,0.00060375715838745236,0.01024156715720892,0.00060373794985935092,8
-0.32084959745407104,3.0809988975524902,-0.5427011251449585,-0.00065960915526375175,0.35000571608543396,-0.00092805322492495179,0.00047105769044719636,0.0017613171366974711,0.00068010058021172881,8
-0.1062752977013588,3.1204524040222168,-0.54286718368530273,-0.00023570688790641725,0.3527793288230896,-0.00093547313008457422,0.00017467753787059337,-0.0022834537085145712,0.00071884942008182406,8
0.1062738224864006,3.1204531192779541,-0.54286742210388184,0.00023551803315058351,0.35277944803237915,-0.00093547679716721177,-0.00017465832934249192,-0.0022834537085145712,0.00071885116631165147,8
0.3208482563495636,3.0810010433197021,-0.54270279407501221,0.00065942364744842052,0.35000607371330261,-0.00092806486645713449,-0.00047104721306823194,0.0017613171366974711,0.00068010931136086583,8
0.54260259866714478,2.9925327301025391,-0.54260283708572388,0.00092097156448289752,0.34482008218765259,-0.00092111871344968677,-0.00060375890461727977,0.01024156715720892,0.00060375017346814275,8
0.76965254545211792,2.7007870674133301,-0.5411866307258606,0.00050742580788210034,0.27380272746086121,-0.00039730960270389915,-0.00024659035261720419,-0.0064918394200503826,0.00037137066829018295,8
0.92887353897094727,2.5520920753479004,-0.53825831413269043,0.00041204711305908859,0.26961076259613037,-0.00035477487836033106,-0.00010879534966079518,-0.0016218422679230571,0.00029931860626675189,8
-0.92917519807815552,2.6051757335662842,-0.32108655571937561,-0.00049866136396303773,0.27307567000389099,-0.00027868125471286476,0.00015335912758018821,-0.0045776362530887127,0.00027822417905554175,8
-0.77036511898040771,2.7591531276702881,-0.3212241530418396,-0.00057181227020919323,0.27588737010955811,-0.00028618038049899042,0.0002544117160141468,-0.0082933902740478516,0.00030435211374424398,8
-0.54270350933074951,3.0809957981109619,-0.32084855437278748,-0.00092812522780150175,0.3500056266784668,-0.00065953959710896015,0.00068013201234862208,0.0017613171366974711,0.00047102625831030309,8
-0.32072210311889648,3.1671886444091797,-0.32072097063064575,-0.00064009270863607526,0.35317888855934143,-0.00064001820283010602,0.00048963935114443302,-0.0032544133719056845,0.00048961490392684937,8
-0.10629470646381378,3.204970121383667,-0.32107830047607422,-0.00022655367502011359,0.35499292612075806,-0.00063587009208276868,0.00017691533139441162,-0.0057721133343875408,0.0005018297815695405,8
0.10629302263259888,3.2049717903137207,-0.32107853889465332,0.00022636892390437424,0.35499304533004761,-0.00063587207114323974,-0.00017689917876850814,-0.0057721133343875408,0.00050183327402919531,8
0.32072022557258606,3.1671931743621826,-0.32072141766548157,0.00063990883063524961,0.35317930579185486,-0.00064002384897321463,-0.00048962712753564119,-0.0032544133719056845,0.00048962014261633158,8
0.54270249605178833,3.0810017585754395,-0.32084903120994568,0.00092794763622805476,0.35000628232955933,-0.00065954960882663727,-0.00068013026611879468,0.0017604230670258403,0.00047103498945944011,8
0.77036470174789429,2.7591550350189209,-0.32122460007667542,0.00057173939421772957,0.27588781714439392,-0.0002862209512386471,-0.00025440647732466459,-0.0082933902740478516,0.0003043599717784673,8
0.92917519807815552,2.6051797866821289,-0.32108691334724426,0.00049859262071549892,0.27307626605033875,-0.00027872200007550418,-0.00015336611249949783,-0.0045776362530887127,0.00027823640266433358,8
-0.9293363094329834,2.6288144588470459,-0.10652133822441101,-0.0005447154981084168,0.27488657832145691,-0.00010467791435075924,0.00017409735301043838,-0.0059276814572513103,0.00011002360406564549,8
-0.76972991228103638,2.7830874919891357,-0.10647193342447281,-0.00060232094256207347,0.27684891223907471,-0.00010336998093407601,0.00025413755793124437,-0.0084641575813293457,0.0001132539109676145,8
-0.54286879301071167,3.1204507350921631,-0.10627464950084686,-0.00093554932391270995,0.35277938842773438,-0.00023563136346638203,0.00071887735975906253,-0.0022816655691713095,0.00017465876589994878,8
-0.32107925415039062,3.2049696445465088,-0.10629408806562424,-0.00063594360835850239,0.35499295592308044,-0.00022647957666777074,0.00050184899009764194,-0.0057721133343875408,0.00017690267122816294,8
-0.10646604001522064,3.2423644065856934,-0.1064656525850296,-0.00022363703465089202,0.35639235377311707,-0.00022356766567099839,0.00017907192523125559,-0.0077444310300052166,0.00017906537686940283,8
0.10646458715200424,3.2423655986785889,-0.10646571964025497,0.00022345985053107142,0.35639247298240662,-0.00022356942645274103,-0.00017906101129483432,-0.0077444310300052166,0.00017906668654177338,8
0.32107800245285034,3.2049736976623535,-0.10629423707723618,0.00063576764659956098,0.35499334335327148,-0.00022648416052106768,-0.00050184025894850492,-0.0057721133343875408,0.0001769066002452746,8
0.54286748170852661,3.1204557418823242,-0.1062747985124588,0.00093537656357511878,0.35277998447418213,-0.00023563856666442007,-0.00071887735975906253,-0.0022834537085145712,0.00017466618737671524,8
0.76972955465316772,2.7830908298492432,-0.10647212713956833,0.00060225423658266664,0.27684950828552246,-0.00010341314919060096,-0.00025413581170141697,-0.0084632635116577148,0.00011326373351039365,8
0.92933619022369385,2.6288189888000488,-0.10652167350053787,0.00054465193534269929,0.27488726377487183,-0.0001047220139298588,-0.00017410259169992059,-0.0059276814572513103,0.00011003604595316574,8
-0.9293363094329834,2.6288149356842041,0.10652108490467072,-0.00054471316980198026,0.27488645911216736,0.00010464261140441522,0.00017409735301043838,-0.0059276814572513103,-0.00011002513201674446,8
-0.76972991228103638,2.7830872535705566,0.1064714640378952,-0.00060231797397136688,0.27684873342514038,0.00010333582031307742,0.00025413231924176216,-0.0084641575813293457,-0.00011325543891871348,8
-0.54286867380142212,3.1204526424407959,0.10627388209104538,-0.00093554682098329067,0.35277968645095825,0.00023559271357953548,0.00071887561352923512,-0.0022816655691713095,-0.00017465570999775082,8
-0.3210790753364563,3.2049705982208252,0.1062934547662735,-0.00063594069797545671,0.35499316453933716,0.00022644105774816126,0.00050184724386781454,-0.0057721133343875408,-0.00017689874221105129,8
-0.10646598786115646,3.2423648834228516,0.1064649224281311,-0.00022363381867762655,0.35639253258705139,0.00022352626547217369,0.00017907061555888504,-0.0077444310300052166,-0.00017905882850755006,8
0.10646474361419678,3.2423665523529053,0.10646494477987289,0.00022346449259202927,0.35639268159866333,0.00022352504311129451,-0.00017906406719703227,-0.0077444310300052166,-0.00017905751883517951,8
0.32107827067375183,3.2049756050109863,0.10629350692033768,0.00063577323453500867,0.35499361157417297,0.00022643776901531965,-0.00050184375140815973,-0.0057721133343875408,-0.00017689524975139648,8
0.54286754131317139,3.1204574108123779,0.10627422481775284,0.00093538232613354921,0.35278031229972839,0.00023558951215818524,-0.00071887910598888993,-0.0022834537085145712,-0.00017465178098063916,8
0.7697296142578125,2.7830917835235596,0.10647133737802505,0.00060225441120564938,0.2768494188785553,0.00010329304495826364,-0.00025413581170141697,-0.0084632635116577148,-0.00011324583465466276,8
0.92933619022369385,2.6288204193115234,0.1065208688378334,0.00054465263383463025,0.27488723397254944,0.00010459949407959357,-0.00017410259169992059,-0.0059276814572513103,-0.00011001421808032319,8
-0.92917519807815552,2.6051754951477051,0.32108652591705322,-0.00049865368055179715,0.27307528257369995,0.00027864749426953495,0.00015335738135036081,-0.0045776362530887127,-0.00027822679840028286,8
-0.77036488056182861,2.7591524124145508,0.32122421264648438,-0.00057180318981409073,0.27588683366775513,0.00028614792972803116,0.00025440473109483719,-0.0082933902740478516,-0.00030435385997407138,8
-0.54270321130752563,3.0810019969940186,0.32084846496582031,-0.00092811888316646218,0.3500065803527832,0.00065950542921200395,0.00068013026611879468,0.0017613171366974711,-0.00047102625831030309,8
-0.32072111964225769,3.1671907901763916,0.32072034478187561,-0.00064008397748693824,0.35317954421043396,0.00063998089171946049,0.00048963411245495081,-0.0032544133719056845,-0.00048961315769702196,8
-0.10629429668188095,3.2049722671508789,0.32107806205749512,-0.00022654331405647099,0.35499349236488342,0.00063583080191165209,0.00017690790991764516,-0.0057721133343875408,-0.0005018280353397131,8
0.10629341751337051,3.2049751281738281,0.32107824087142944,0.00022638188966084272,0.35499367117881775,0.0006358299870043993,-0.00017690747336018831,-0.0057721133343875408,-0.00050182628910988569,8
0.32072100043296814,3.1671967506408691,0.32072097063064575,0.00063992547802627087,0.35318011045455933,0.00063997943652793765,-0.00048963760491460562,-0.0032544133719056845,-0.00048961315769702196,8
0.54270279407501221,3.081007719039917,0.32084876298904419,0.0009279650985263288,0.35000744462013245,0.00065950339194387197,-0.0006801407434977591,0.0017604230670258403,-0.00047102625831030309,8
0.77036470174789429,2.7591578960418701,0.32122403383255005,0.00057173980167135596,0.27588751912117004,0.00028610852314159274,-0.00025440647732466459,-0.0082933902740478516,-0.00030434600193984807,8
0.92917519807815552,2.6051814556121826,0.32108628749847412,0.00049859256250783801,0.27307602763175964,0.00027860939735546708,-0.00015336611249949783,-0.0045776362530887127,-0.00027821806725114584,8
-0.92887365818023682,2.5520873069763184,0.53825825452804565,-0.00041210642666555941,0.26960954070091248,0.00035471210139803588,0.00010877701424760744,-0.0016218422679230571,-0.00029931511380709708,8
-0.76965278387069702,2.7007846832275391,0.54118651151657104,-0.00050749361980706453,0.27380156517028809,0.00039724732050672174,0.00024658686015754938,-0.0064918394200503826,-0.00037136892206035554,8
-0.54260289669036865,2.9925341606140137,0.5426025390625,-0.0009211439173668623,0.34482109546661377,0.00092108064563944936,0.00060375541215762496,0.01024156715720892,-0.00060375191969797015,8
-0.32084894180297852,3.0810005664825439,0.54270225763320923,-0.00065959931816905737,0.35000675916671753,0.00092802528524771333,0.00047105245175771415,0.0017613171366974711,-0.00068010756513103843,8
-0.10627481341362,3.1204540729522705,0.54286730289459229,-0.00023569310724269599,0.35278022289276123,0.00093543884577229619,0.0001746674970490858,-0.0022825596388429403,-0.00071885116631165147,8
0.10627400130033493,3.1204571723937988,0.54286742210388184,0.00023553549544885755,0.35278046131134033,0.00093543808907270432,-0.0001746692432789132,-0.0022834537085145712,-0.00071885291254147887,8
0.32084864377975464,3.081007719039917,0.54270267486572266,0.000659446872305125,0.35000753402709961,0.0009280238882638514,-0.00047106292913667858,0.0017604230670258403,-0.00068010931136086583,8
0.5426027774810791,2.9925413131713867,0.5426027774810791,0.00092100183246657252,0.34482237696647644,0.00092108035460114479,-0.00060377985937520862,0.010240673087537289,-0.00060375191969797015,8
0.76965248584747314,2.7007887363433838,0.54118633270263672,0.00050742737948894501,0.27380216121673584,0.00039721489883959293,-0.00024658686015754938,-0.0064918394200503826,-0.00037136106402613223,8
0.92887353897094727,2.5520944595336914,0.53825795650482178,0.00041205002344213426,0.26961046457290649,0.00035468302667140961,-0.00010879273031605408,-0.0016218422679230571,-0.00029931074823252857,8
-0.92852783203125,2.4618127346038818,0.74962204694747925,-0.00031561095966026187,0.26589757204055786,0.00031838234281167388,4.9643564125290141e-05,0.0020268559455871582,-0.00013407028745859861,8
-0.76296639442443848,2.5637235641479492,0.76296687126159668,-0.00036967688356526196,0.26804733276367188,0.00037069930112920702,0.00018075834668707103,-2.1457670300151221e-05,-0.0001808360539143905,8
-0.54118651151657104,2.70078444480896,0.76965296268463135,-0.00039692351128906012,0.27380162477493286,0.00050864682998508215,0.00037181944935582578,-0.0064918394200503826,-0.00024631270207464695,8
-0.32122457027435303,2.7591524124145508,0.77036488056182861,-0.00028608168940991163,0.27588692307472229,0.00057274516439065337,0.00030467080068774521,-0.0082933902740478516,-0.00025340064894407988,8
-0.1064721867442131,2.7830879688262939,0.76972955465316772,-0.00010338080755900592,0.27684876322746277,0.00060305494116619229,0.00011336523311911151,-0.0084641575813293457,-0.00025270739570260048,8
0.10647112131118774,2.7830896377563477,0.76972967386245728,0.00010325579205527902,0.27684879302978516,0.00060305144870653749,-0.00011334536975482479,-0.0084632635116577148,-0.00025270564947277308,8
0.32122388482093811,2.7591557502746582,0.77036494016647339,0.00028596393531188369,0.27588698267936707,0.00057273503625765443,-0.00030465333838947117,-0.0082933902740478516,-0.00025339541025459766,8
0.54118609428405762,2.7007882595062256,0.76965290307998657,0.00039682202623225749,0.27380186319351196,0.00050863152137026191,-0.00037180635263212025,-0.0064918394200503826,-0.00024630746338516474,8
0.76296627521514893,2.5637302398681641,0.76296675205230713,0.00036961198202334344,0.26804816722869873,0.00037068262463435531,-0.00018077057029586285,-2.1457670300151221e-05,-0.00018083692702930421,8
0.92852777242660522,2.4618170261383057,0.74962186813354492,0.00031555839814245701,0.26589852571487427,0.00031836432754062116,-4.9666265113046393e-05,0.0020268559455871582,-0.00013407028745859861,8
-0.92836976051330566,2.3967063426971436,0.92837029695510864,-0.00027058401610702276,0.2645871639251709,0.00027158338343724608,-1.7721611584420316e-05,0.0034439561422914267,1.8094431652571075e-05,8
-0.74962145090103149,2.4618129730224609,0.92852890491485596,-0.00031755841337144375,0.26589763164520264,0.0003169827105011791,0.00013437675079330802,0.0020268559455871582,-5.0374361308058724e-05,8
-0.53825831413269043,2.5520875453948975,0.9288749098777771,-0.00035434859455563128,0.26960963010787964,0.00041378513560630381,0.00029977524536661804,-0.0016218422679230571,-0.00010996445053024217,8
-0.32108691334724426,2.6051764488220215,0.9291757345199585,-0.00027856012457050383,0.2730754017829895,0.00050000724149867892,0.00027856644010171294,-0.0045776362530887127,-0.00015316529606934637,8
-0.10652168840169907,2.6288175582885742,0.92933648824691772,-0.00010468400432728231,0.2748866081237793,0.0005457376828417182,0.00011014584015356377,-0.0059276814572513103,-0.0001729343639453873,8
0.10652076452970505,2.6288182735443115,0.92933648824691772,0.00010455779556650668,0.27488663792610168,0.00054573325905948877,-0.00011012510367436334,-0.0059276814572513103,-0.0001729308714857325,8
0.32108604907989502,2.6051797866821289,0.92917567491531372,0.00027844327269122005,0.27307555079460144,0.0004999963566660881,-0.00027855072403326631,-0.0045776362530887127,-0.00015316005737986416,8
0.53825783729553223,2.5520925521850586,0.9288749098777771,0.00035425237729214132,0.26961013674736023,0.00041377346497029066,-0.00029977000667713583,-0.0016218422679230571,-0.00010996270430041477,8
0.74962139129638672,2.4618172645568848,0.92852890491485596,0.00031749391928315163,0.26589846611022949,0.00031696993391960859,-0.00013439072063192725,0.0020259618759155273,-5.0374361308058724e-05,8
0.92836976051330566,2.3967106342315674,0.92837029695510864,0.00027053616940975189,0.26458808779716492,0.00027157051954418421,1.7691052562440746e-05,0.0034430620726197958,1.8090066078002565e-05,8
