step,phase,step_ms,fluid_ms,hydrostatic_ms,player_ms,cup_x,cup_y,cup_z,contained_particles,player_x,player_y,player_z,immersion,unresolved_geometry
0,rest,6.68094,6.46776,0.048795,0.007437,2,3.89728,4.7,0,0,3.71728,5.5,0,0
1,rest,0.152372,0,0.094779,0.006542,2,3.89183,4.7,0,0,3.71728,5.5,0,0
2,rest,7.25391,7.06026,0.09182,0.006869,2,3.88365,4.7,0,0,3.71728,5.5,0,0
3,rest,0.27103,0,0.198724,0.006599,2,3.87275,4.7,0,0,3.71728,5.5,0,0
4,rest,6.89225,6.63554,0.105263,0.057157,2,3.85913,4.7,0,0,3.71728,5.5,0,0
5,rest,0.233588,0,0.130351,0.055958,2,3.84278,4.7,0,0,3.71728,5.5,0,0
6,rest,7.39761,7.15737,0.091747,0.055797,2,3.8237,4.7,0,0,3.71728,5.5,0,0
7,rest,0.302226,0,0.200307,0.055027,2,3.8019,4.7,0,0,3.71728,5.5,0,0
8,rest,7.93486,7.06311,0.319948,0.055889,2,3.78,4.7,0,0,3.71728,5.5,0,0
9,rest,0.780279,0,0.482371,0.05456,2,3.78,4.7,0,0,3.71728,5.5,0,0
10,rest,8.22649,7.39392,0.508763,0.055661,2,3.78,4.7,0,0,3.71728,5.5,0,0
11,rest,0.977325,0,0.477293,0.055026,2,3.78,4.7,0,0,3.71728,5.5,0,0
12,rest,8.21709,7.39328,0.472621,0.05575,2,3.78,4.7,0,0,3.71728,5.5,0,0
13,rest,0.782192,0,0.487793,0.054845,2,3.78,4.7,0,0,3.71728,5.5,0,0
14,rest,8.1039,7.29803,0.467393,0.055301,2,3.78,4.7,0,0,3.71728,5.5,0,0
15,rest,0.762206,0,0.472425,0.05477,2,3.78,4.7,0,0,3.71728,5.5,0,0
16,rest,8.65736,7.82372,0.493333,0.055821,2,3.78,4.7,0,0,3.71728,5.5,0,0
17,rest,0.845536,0,0.508217,0.055546,2,3.78,4.7,0,0,3.71728,5.5,0,0
18,rest,9.19922,8.34817,0.488676,0.057671,2,3.78,4.7,0,0,3.71728,5.5,0,0
19,rest,0.942227,0,0.642373,0.055711,2,3.78,4.7,0,0,3.71728,5.5,0,0
20,rest,8.98357,8.1661,0.467935,0.058582,2,3.78,4.7,0,0,3.71728,5.5,0,0
21,rest,0.735582,0,0.385929,0.093795,2,3.78,4.7,0,0,3.71728,5.5,0,0
22,rest,9.38541,8.6391,0.382825,0.05991,2,3.78,4.7,0,0,3.71728,5.5,0,0
23,rest,0.666967,0,0.329991,0.060913,2,3.78,4.7,0,0,3.71728,5.5,0,0
24,rest,10.0214,9.39257,0.295621,0.007878,2,3.78,4.7,0,0,3.71728,5.5,0,0
25,rest,0.343569,0,0.097236,0.006613,2,3.78,4.7,0,0,3.71728,5.5,0,0
26,rest,9.57193,9.19372,0.094183,0.006748,2,3.78,4.7,0,0,3.71728,5.5,0,0
27,rest,0.334679,0,0.094628,0.006572,2,3.78,4.7,0,0,3.71728,5.5,0,0
28,rest,9.87664,9.49908,0.093847,0.006836,2,3.78,4.7,0,0,3.71728,5.5,0,0
29,rest,0.378576,0,0.114625,0.006726,2,3.78,4.7,0,0,3.71728,5.5,0,0
30,rest,10.7578,10.3335,0.094003,0.008454,2,3.78,4.7,0,0,3.71728,5.5,0,0
31,rest,0.357924,0,0.097433,0.006631,2,3.78,4.7,0,0,3.71728,5.5,0,0
32,rest,10.2099,9.83344,0.09294,0.006656,2,3.78,4.7,0,0,3.71728,5.5,0,0
33,rest,0.3327,0,0.092604,0.006586,2,3.78,4.7,0,0,3.71728,5.5,0,0
34,rest,10.1852,9.8128,0.092146,0.006725,2,3.78,4.7,0,0,3.71728,5.5,0,0
35,rest,0.337449,0,0.092914,0.00656,2,3.78,4.7,0,0,3.71728,5.5,0,0
36,rest,10.4066,10.0243,0.091508,0.007611,2,3.78,4.7,0,0,3.71728,5.5,0,0
37,rest,0.346797,0,0.09563,0.006646,2,3.78,4.7,0,0,3.71728,5.5,0,0
38,rest,10.6743,10.2836,0.096994,0.007442,2,3.78,4.7,0,0,3.71728,5.5,0,0
39,rest,0.34848,0,0.09786,0.006607,2,3.78,4.7,0,0,3.71728,5.5,0,0
40,rest,10.2464,9.86355,0.098873,0.006659,2,3.78,4.7,0,0,3.71728,5.5,0,0
41,rest,0.333751,0,0.094689,0.00657,2,3.78,4.7,0,0,3.71728,5.5,0,0
42,rest,10.7537,10.3677,0.093727,0.007829,2,3.78,4.7,0,0,3.71728,5.5,0,0
43,rest,0.346519,0,0.097904,0.006625,2,3.78,4.7,0,0,3.71728,5.5,0,0
44,rest,10.8595,10.4787,0.09444,0.006769,2,3.78,4.7,0,0,3.71728,5.5,0,0
45,rest,0.337626,0,0.095294,0.006595,2,3.78,4.7,0,0,3.71728,5.5,0,0
46,rest,10.4343,10.0491,0.102362,0.006662,2,3.78,4.7,0,0,3.71728,5.5,0,0
47,rest,0.333865,0,0.095296,0.00656,2,3.78,4.7,0,0,3.71728,5.5,0,0
48,rest,10.903,10.4869,0.094249,0.00742,2,3.78,4.7,0,0,3.71728,5.5,0,0
49,rest,0.513637,0,0.121499,0.006843,2,3.78,4.7,0,0,3.71728,5.5,0,0
50,rest,10.4948,10.1128,0.095863,0.006677,2,3.78,4.7,0,0,3.71728,5.5,0,0
51,rest,0.341284,0,0.096489,0.006566,2,3.78,4.7,0,0,3.71728,5.5,0,0
52,rest,10.4727,10.0931,0.095938,0.006821,2,3.78,4.7,0,0,3.71728,5.5,0,0
53,rest,0.335285,0,0.095375,0.006557,2,3.78,4.7,0,0,3.71728,5.5,0,0
54,rest,10.6786,10.2923,0.094316,0.007124,2,3.78,4.7,0,0,3.71728,5.5,0,0
55,rest,0.341724,0,0.095924,0.006582,2,3.78,4.7,0,0,3.71728,5.5,0,0
56,rest,10.9542,10.5676,0.094003,0.007022,2,3.78,4.7,0,0,3.71728,5.5,0,0
57,rest,0.346077,0,0.097466,0.006602,2,3.78,4.7,0,0,3.71728,5.5,0,0
58,rest,10.5295,10.1516,0.09542,0.006639,2,3.78,4.7,0,0,3.71728,5.5,0,0
59,rest,0.337785,0,0.095099,0.006591,2,3.78,4.7,0,0,3.71728,5.5,0,0
60,rest,10.7984,10.3356,0.093967,0.011677,2,3.78,4.7,0,0,3.71728,5.5,0,0
61,rest,0.456507,0,0.152809,0.00678,2,3.78,4.7,0,0,3.71728,5.5,0,0
62,rest,10.7609,10.3766,0.096141,0.00675,2,3.78,4.7,0,0,3.71728,5.5,0,0
63,rest,0.335757,0,0.095332,0.006701,2,3.78,4.7,0,0,3.71728,5.5,0,0
64,rest,10.6103,10.2289,0.094553,0.006846,2,3.78,4.7,0,0,3.71728,5.5,0,0
65,rest,0.334663,0,0.095308,0.006577,2,3.78,4.7,0,0,3.71728,5.5,0,0
66,rest,10.9978,10.6084,0.094773,0.007822,2,3.78,4.7,0,0,3.71728,5.5,0,0
67,rest,0.457929,0,0.098366,0.006587,2,3.78,4.7,0,0,3.71728,5.5,0,0
68,rest,10.6861,10.293,0.101514,0.006697,2,3.78,4.7,0,0,3.71728,5.5,0,0
69,rest,0.340522,0,0.095683,0.006607,2,3.78,4.7,0,0,3.71728,5.5,0,0
70,rest,11.1836,10.7685,0.094655,0.008094,2,3.78,4.7,0,0,3.71728,5.5,0,0
71,rest,0.346401,0,0.098199,0.006575,2,3.78,4.7,0,0,3.71728,5.5,0,0
72,rest,10.949,10.563,0.094278,0.007229,2,3.78,4.7,0,0,3.71728,5.5,0,0
73,rest,0.377532,0,0.127248,0.006628,2,3.78,4.7,0,0,3.71728,5.5,0,0
74,rest,11.2103,10.8193,0.100877,0.010491,2,3.78,4.7,0,0,3.71728,5.5,0,0
75,rest,0.339786,0,0.096019,0.006565,2,3.78,4.7,0,0,3.71728,5.5,0,0
76,rest,10.6954,10.3171,0.094469,0.006752,2,3.78,4.7,0,0,3.71728,5.5,0,0
77,rest,0.336395,0,0.095609,0.006614,2,3.78,4.7,0,0,3.71728,5.5,0,0
78,rest,11.1321,10.7436,0.094191,0.007972,2,3.78,4.7,0,0,3.71728,5.5,0,0
79,rest,0.355602,0,0.098315,0.006644,2,3.78,4.7,0,0,3.71728,5.5,0,0
80,rest,10.9471,10.5636,0.094641,0.006732,2,3.78,4.7,0,0,3.71728,5.5,0,0
81,rest,0.337847,0,0.095649,0.006601,2,3.78,4.7,0,0,3.71728,5.5,0,0
82,rest,10.7963,10.3697,0.093788,0.00712,2,3.78,4.7,0,0,3.71728,5.5,0,0
83,rest,0.389183,0,0.095521,0.006693,2,3.78,4.7,0,0,3.71728,5.5,0,0
84,rest,11.3489,10.9396,0.114483,0.007459,2,3.78,4.7,0,0,3.71728,5.5,0,0
85,rest,0.353035,0,0.10347,0.006573,2,3.78,4.7,0,0,3.71728,5.5,0,0
86,rest,10.7877,10.4034,0.095106,0.006765,2,3.78,4.7,0,0,3.71728,5.5,0,0
87,rest,0.33782,0,0.095731,0.006554,2,3.78,4.7,0,0,3.71728,5.5,0,0
88,rest,10.7542,10.3745,0.094196,0.006682,2,3.78,4.7,0,0,3.71728,5.5,0,0
89,rest,0.337407,0,0.096661,0.006582,2,3.78,4.7,0,0,3.71728,5.5,0,0
90,rest,11.102,10.6623,0.095523,0.007269,2,3.78,4.7,0,0,3.71728,5.5,0,0
91,rest,0.49498,0,0.14059,0.011021,2,3.78,4.7,0,0,3.71728,5.5,0,0
92,rest,10.9603,10.5665,0.097469,0.00668,2,3.78,4.7,0,0,3.71728,5.5,0,0
93,rest,0.33864,0,0.097672,0.006604,2,3.78,4.7,0,0,3.71728,5.5,0,0
94,rest,10.7813,10.4007,0.095953,0.006673,2,3.78,4.7,0,0,3.71728,5.5,0,0
95,rest,0.336649,0,0.095946,0.006616,2,3.78,4.7,0,0,3.71728,5.5,0,0
96,rest,11.2257,10.7425,0.094738,0.007449,2,3.78,4.7,0,0,3.71728,5.5,0,0
97,rest,0.391336,0,0.116101,0.006584,2,3.78,4.7,0,0,3.71728,5.5,0,0
98,rest,10.9627,10.577,0.096269,0.006805,2,3.78,4.7,0,0,3.71728,5.5,0,0
99,rest,0.338469,0,0.097485,0.006591,2,3.78,4.7,0,0,3.71728,5.5,0,0
100,rest,11.8209,11.4322,0.095734,0.00765,2,3.78,4.7,0,0,3.71728,5.5,0,0
101,rest,0.372654,0,0.118204,0.00668,2,3.78,4.7,0,0,3.71728,5.5,0,0
102,rest,11.1818,10.7461,0.137513,0.00676,2,3.78,4.7,0,0,3.71728,5.5,0,0
103,rest,0.338855,0,0.096772,0.00661,2,3.78,4.7,0,0,3.71728,5.5,0,0
104,rest,10.8051,10.424,0.095791,0.006679,2,3.78,4.7,0,0,3.71728,5.5,0,0
105,rest,0.337621,0,0.096339,0.006583,2,3.78,4.7,0,0,3.71728,5.5,0,0
106,rest,10.7552,10.3756,0.095069,0.006667,2,3.78,4.7,0,0,3.71728,5.5,0,0
107,rest,0.335701,0,0.096032,0.006618,2,3.78,4.7,0,0,3.71728,5.5,0,0
108,rest,11.2153,10.8276,0.09453,0.008033,2,3.78,4.7,0,0,3.71728,5.5,0,0
109,rest,0.354732,0,0.103022,0.006624,2,3.78,4.7,0,0,3.71728,5.5,0,0
110,rest,10.9964,10.6138,0.095909,0.006753,2,3.78,4.7,0,0,3.71728,5.5,0,0
111,rest,0.338244,0,0.096171,0.006628,2,3.78,4.7,0,0,3.71728,5.5,0,0
112,rest,10.863,10.4807,0.094644,0.006968,2,3.78,4.7,0,0,3.71728,5.5,0,0
113,rest,0.402459,0,0.107319,0.006761,2,3.78,4.7,0,0,3.71728,5.5,0,0
114,rest,11.3093,10.9209,0.099708,0.007377,2,3.78,4.7,0,0,3.71728,5.5,0,0
115,rest,0.395253,0,0.099896,0.010519,2,3.78,4.7,0,0,3.71728,5.5,0,0
116,rest,11.3108,10.9145,0.095819,0.006856,2,3.78,4.7,0,0,3.71728,5.5,0,0
117,rest,0.362144,0,0.09693,0.01579,2,3.78,4.7,0,0,3.71728,5.5,0,0
118,rest,11.2034,10.7374,0.094177,0.011658,2,3.78,4.7,0,0,3.71728,5.5,0,0
119,rest,0.498052,0,0.141075,0.01149,2,3.78,4.7,0,0,3.71728,5.5,0,0
120,enter,11.1343,10.7271,0.096727,0.006727,2,3.78,4.7,0,0,3.71728,5.49444,0,0
121,enter,0.339102,0,0.096239,0.006598,2,3.78,4.7,0,0,3.71728,5.48333,0,0
122,enter,10.891,10.5115,0.094374,0.006698,2,3.78,4.7,0,0,3.71728,5.46667,0,0
123,enter,0.35502,0,0.095475,0.016978,2,3.78,4.7,0,0,3.71728,5.44444,0,0
124,enter,10.9799,10.5393,0.124092,0.00674,2,3.78,4.7,0,0,3.71728,5.41667,0,0
125,enter,0.361593,0,0.120004,0.0066,2,3.78,4.7,0,0,3.71728,5.38333,0,0
126,enter,12.0014,11.5868,0.11444,0.007619,2,3.78,4.7,0,0,3.71728,5.34444,0,0
127,enter,0.377499,0,0.100751,0.006641,2,3.78,4.7,0,0,3.71728,5.3,0,0
128,enter,11.4173,11.0164,0.095795,0.008137,2,3.78,4.7,0,0,3.71728,5.25,0,0
129,enter,0.35406,0,0.098695,0.006547,2,3.78,4.7,0,0,3.71728,5.19444,0,0
130,enter,11.2935,10.816,0.094359,0.013178,2,3.78,4.7,0,0,3.71728,5.13333,0,0
131,enter,0.360198,0,0.100575,0.006651,2,3.78,4.7,0,0,3.71728,5.06667,0,0
132,enter,10.9716,10.5867,0.095011,0.006714,2,3.78,4.7,0,0,3.71728,5,0,0
133,enter,0.336863,0,0.096095,0.006637,2,3.78,4.7,0,0,3.71728,4.93333,0,0
134,enter,11.3078,10.8192,0.0947,0.008034,2,3.78,4.7,0,0,3.71728,4.86667,0,0
135,enter,0.390941,0,0.099125,0.006642,2,3.78,4.7,0,0,3.71728,4.8,0,0
136,enter,11.4761,11.0731,0.104791,0.00826,2,3.78,4.7,0,0,3.71728,4.73333,0,0
137,enter,0.382257,0,0.099781,0.006634,2,3.78,4.7,0,0,3.71728,4.66667,0,0
138,enter,11.2873,10.8581,0.106461,0.007483,2,3.78,4.7,0,0,3.71728,4.6,0,0
139,enter,0.343619,0,0.097068,0.00659,2,3.78,4.7,0,0,3.71728,4.53333,0,0
140,enter,11.0486,10.6572,0.094842,0.00766,2,3.78,4.7,0,0,3.71728,4.46667,0,0
141,enter,0.353435,0,0.104549,0.006629,2,3.78,4.7,0,0,3.71728,4.4,0,0
142,enter,11.5586,11.1263,0.096188,0.007816,2,3.78,4.7,0,0,3.71728,4.33333,0,0
143,enter,0.358502,0,0.099217,0.00659,2,3.78,4.7,0,0,3.71728,4.26667,0,0
144,enter,11.4179,11.0268,0.09536,0.008389,2,3.78,4.7,0,0,3.71728,4.2,0,0
145,enter,0.355928,0,0.09834,0.006562,2,3.78,4.7,0,0,3.71728,4.13333,0,0
146,enter,11.0488,10.6429,0.095474,0.00671,2,3.78,4.7,0,0,3.71728,4.06667,0,0
147,enter,0.432194,0,0.118581,0.006589,2,3.78,4.7,0,0,3.71728,4,0,0
148,enter,11.4872,11.0518,0.094115,0.007614,2,3.78,4.7,0,0,3.71728,3.93333,0,0
149,enter,0.391606,0,0.098089,0.006623,2,3.78,4.7,0,0,3.71728,3.86667,0,0
150,enter,11.0705,10.6436,0.094157,0.007283,2,3.78,4.7,0,0,3.71728,3.8,0,0
151,enter,0.387239,0,0.096602,0.006667,2,3.78,4.7,0,0,3.71728,3.73333,0,0
152,enter,11.5209,11.081,0.098647,0.007973,2,3.78,4.7,0,0,3.71728,3.66667,0,0
153,enter,0.396431,0,0.099078,0.006579,2,3.78,4.7,0,0,3.71728,3.6,0,0
154,enter,11.6858,11.2447,0.09527,0.008097,2,3.78,4.7,0,0,3.71728,3.53333,0,0
155,enter,0.394527,0,0.098248,0.006608,2,3.78,4.7,0,0,3.71728,3.46667,0,0
156,enter,11.1414,10.7089,0.09921,0.006673,2,3.78,4.7,0,0,3.71728,3.4,0,0
157,enter,0.380411,0,0.096381,0.006534,2,3.78,4.7,0,0,3.71728,3.33333,0,0
158,enter,11.529,11.0148,0.094581,0.02325,2,3.78,4.7,0,0,3.71728,3.26667,0,0
159,enter,0.418069,0,0.119451,0.006895,2,3.78,4.7,0,0,3.71728,3.2,0,0
160,enter,11.6,11.1812,0.094261,0.007956,2,3.78,4.7,0,0,3.71728,3.13334,0,0
161,enter,0.375932,0,0.099082,0.006568,2,3.78,4.7,0,0,3.71728,3.06667,0,0
162,enter,11.3274,10.9212,0.094249,0.00697,2,3.78,4.7,0,0,3.71728,3,0,0
163,enter,0.367852,0,0.096213,0.006711,2,3.78,4.7,0,0,3.71728,2.93334,0,0
164,enter,11.2547,10.7862,0.094192,0.012056,2,3.78,4.7,0,0,3.70977,2.86667,0,0
165,enter,0.429407,0,0.165676,0.00671,2,3.78,4.7,0,0,3.68602,2.8,0,0
166,enter,11.1612,10.7539,0.101637,0.006687,2,3.78,4.7,0,0,3.64088,2.73334,0,0
167,enter,0.378742,0,0.096498,0.006562,2,3.78,4.7,0,0,3.63543,2.66667,0,0
168,enter,11.5745,11.2265,0.094636,0.008526,2,3.78,4.7,0,0,3.62726,2.6,0,0
169,enter,0.303364,0,0.098876,0.006587,2,3.78,4.7,0,0,3.61636,2.53334,0,0
170,enter,11.4426,11.1016,0.094221,0.008089,2,3.78,4.7,0,0,3.60273,2.46667,0,0
171,enter,0.29686,0,0.099303,0.006617,2,3.78,4.7,0,0,3.58638,2.4,0,0
172,enter,11.3762,11.0496,0.094573,0.007623,2,3.78,4.7,0,0,3.56731,2.33334,0,0
173,enter,0.286787,0,0.098168,0.00662,2,3.78,4.7,0,0,3.54551,2.26667,0,0
174,enter,11.4871,11.1154,0.113631,0.007015,2,3.78,4.7,0,0,3.52098,2.2,0,0
175,enter,0.285046,0,0.096032,0.006574,2,3.78,4.7,0,0,3.49373,2.13334,0,0
176,enter,11.1774,10.8548,0.094033,0.007459,2,3.78,4.7,0,0,3.46376,2.06667,0,0
177,enter,0.423739,0,0.155734,0.010633,2,3.78,4.7,0,0,3.43106,2,0,0
178,enter,11.336,10.8058,0.146492,0.207312,2,3.78,4.7,0,3.19924e-09,3.39564,1.93334,0.00269046,0
179,enter,0.392491,0,0.097424,0.211375,2,3.78,4.7,0,1.62426e-08,3.35753,1.86668,0.00595592,0
180,enter,12.3349,11.8361,0.09622,0.256197,2,3.78,4.7,0,-1.55777e-07,3.31673,1.80002,0.00929171,0
181,enter,0.43319,0,0.111013,0.211633,2,3.78,4.7,0,-5.93564e-07,3.27326,1.73337,0.0126592,0
182,enter,11.7197,11.2319,0.095955,0.222793,2,3.78,4.7,0,-6.51143e-07,3.22713,1.66672,0.016017,0
183,enter,0.438371,0,0.099665,0.234187,2,3.78,4.7,0,-2.43624e-07,3.17837,1.60008,0.0193236,0
184,enter,11.4648,11.0035,0.096545,0.227571,2,3.78,4.7,0,5.13526e-07,3.12698,1.53344,0.0225352,0
185,enter,0.410953,0,0.097655,0.22503,2,3.78,4.7,0,1.68979e-06,3.07299,1.4668,0.0256086,0
186,enter,11.4338,10.8589,0.100429,0.308011,2,3.78,4.7,0,3.25866e-06,3.01641,1.40016,0.0284999,0
187,enter,0.420935,0,0.098854,0.226718,2,3.78,4.7,0,5.287e-06,2.95726,1.33353,0.0311667,0
188,enter,11.5176,10.8437,0.0962,0.435926,2,3.78,4.7,0,7.65997e-06,2.89554,1.2669,0.0335707,0
189,enter,0.614252,0,0.09729,0.427641,2,3.78,4.7,0,1.04299e-05,2.83128,1.20027,0.0356749,0
190,enter,12.0528,11.3447,0.098714,0.459239,2,3.78,4.7,0,1.34994e-05,2.76448,1.13365,0.0374449,0
191,enter,0.633266,0,0.101336,0.432954,2,3.78,4.7,0,1.70289e-05,2.69516,1.06703,0.0388508,0
192,enter,11.7633,11.0627,0.095607,0.442016,2,3.78,4.7,0,2.04673e-05,2.62332,1.0004,0.0398639,0
193,enter,0.682699,0,0.100306,0.481116,2,3.78,4.7,0,2.36552e-05,2.54902,0.933793,0.0492547,0
194,enter,12.3638,11.4416,0.098277,0.675713,2,3.78,4.7,0,2.71237e-05,2.47239,0.867206,0.0717259,0
195,swim,0.848335,0,0.099352,0.649991,2,3.78,4.7,0,3.0973e-05,2.39366,0.800835,0.0967823,0
196,swim,12.8378,11.8565,0.096075,0.732741,2,3.78,4.7,0,3.62701e-05,2.31289,0.734733,0.121268,0
197,swim,0.912637,0,0.114199,0.689766,2,3.78,4.7,0,4.33104e-05,2.2302,0.668949,0.144616,0
198,swim,12.6171,11.722,0.099044,0.642466,2,3.78,4.7,0,5.78864e-05,2.14575,0.603543,0.171678,0
199,swim,0.948379,0,0.102,0.707508,2,3.78,4.7,0,8.22467e-05,2.05976,0.538593,0.207639,0
200,swim,15.7979,14.5341,0.096775,0.977004,2,3.78,4.7,0,0.000107304,1.97248,0.474173,0.247099,0
201,swim,1.20915,0,0.127765,0.957526,2,3.78,4.7,0,0.000132865,1.88416,0.410365,0.288295,0
202,swim,12.8414,11.6066,0.122404,0.925868,2,3.78,4.7,0,0.000159831,1.79506,0.347256,0.330577,0
203,swim,1.11584,0,0.100484,0.914068,2,3.78,4.7,0,0.000188249,1.70544,0.284933,0.376785,0
204,swim,12.8966,11.5394,0.095902,1.08356,2,3.78,4.7,0,0.000218163,1.61555,0.223471,0.4176,0
205,swim,1.21966,0,0.10089,0.983122,2,3.78,4.7,0,0.000249638,1.52567,0.162953,0.464599,0
206,swim,12.3074,10.9811,0.105103,1.04889,2,3.78,4.7,0,0.00029753,1.43606,0.103469,0.510499,0
207,swim,1.14807,0,0.102749,0.942105,2,3.78,4.7,0,0.00036324,1.34697,0.0450966,0.557711,0
208,swim,12.5425,11.372,0.09946,0.916151,2,3.78,4.7,0,0.000421,1.2587,-0.0121202,0.605501,0
209,swim,1.09717,0,0.099795,0.897532,2,3.78,4.7,0,0.000470255,1.17152,-0.068116,0.653967,0
210,swim,12.6087,11.3973,0.096055,0.957619,2,3.78,4.7,0,0.000516913,1.08565,-0.122829,0.700163,0
211,swim,1.20096,0,0.110214,0.941927,2,3.78,4.7,0,0.00056111,1.00131,-0.176211,0.743932,0
212,swim,12.845,11.5416,0.09869,1.0244,2,3.78,4.7,0,0.000621528,0.919534,-0.226596,0.787533,0
213,swim,1.12906,0,0.125575,0.869871,2,3.78,4.7,0,0.000698418,0.919655,-0.274319,0.830761,0
214,swim,12.9504,11.7708,0.095989,0.874244,2,3.78,4.7,0,0.000768037,0.919686,-0.319494,0.833947,0
215,swim,1.314,0,0.09975,1.09009,2,3.78,4.7,0,0.000830704,0.919695,-0.362213,0.837084,0
216,swim,14.317,12.9418,0.098957,1.0713,2,3.78,4.7,0,0.000898313,0.919694,-0.402553,0.839661,0
217,swim,1.37291,0,0.101382,1.07675,2,3.78,4.7,0,0.000970483,0.919702,-0.440596,0.842217,0
218,swim,15.0836,13.6115,0.161401,1.02133,2,3.78,4.7,0,0.00104552,0.919708,-0.476421,0.844255,0
219,swim,1.18682,0,0.109283,0.940255,2,3.78,4.7,0,0.0011234,0.919714,-0.510103,0.846322,0
220,swim,13.1647,11.9354,0.09892,0.951513,2,3.78,4.7,0,0.00119893,0.919718,-0.541711,0.847931,0
221,swim,1.13725,0,0.102992,0.908669,2,3.78,4.7,0,0.00127229,0.919723,-0.571315,0.849604,0
222,swim,15.0895,13.9338,0.098455,0.881884,2,3.78,4.7,0,0.00134382,0.919728,-0.598983,0.850862,0
223,swim,1.14852,0,0.121262,0.875933,2,3.78,4.7,0,0.00141342,0.919732,-0.624777,0.852191,0
224,swim,13.0583,11.8142,0.104926,0.967934,2,3.78,4.7,0,0.00148235,0.919736,-0.648757,0.853144,0
225,exit,1.08601,0,0.102016,0.862703,2,3.78,4.7,0,0.00155257,0.919739,-0.670058,0.854196,0
226,exit,13.4028,12.1986,0.095651,0.917684,2,3.78,4.7,0,0.00162254,0.919739,-0.688759,0.854857,0
227,exit,1.16545,0,0.100339,0.928048,2,3.78,4.7,0,0.00169193,0.919741,-0.704939,0.855618,0
228,exit,13.8816,12.6614,0.099198,0.90044,2,3.78,4.7,0,0.00176052,0.919733,-0.718658,0.855975,0
229,exit,1.08112,0,0.103032,0.85374,2,3.78,4.7,0,0.00182809,0.919734,-0.72999,0.856501,0
230,exit,14.2421,12.8813,0.095472,1.02928,2,3.78,4.7,0,0.00189188,0.919733,-0.739,0.856626,0
231,exit,1.17605,0,0.100381,0.942478,2,3.78,4.7,0,0.00195182,0.919734,-0.745754,0.856952,0
232,exit,13.1196,11.9937,0.095537,0.858172,2,3.78,4.7,0,0.00201113,0.919735,-0.750304,0.856891,0
233,exit,1.18452,0,0.132217,0.923939,2,3.78,4.7,0,0.00206977,0.919736,-0.752713,0.857049,0
234,exit,15.7845,14.5709,0.096608,0.93361,2,3.78,4.7,0,0.00213214,0.919739,-0.753047,0.856834,0
235,exit,1.14729,0,0.10648,0.910539,2,3.78,4.7,0,0.00219817,0.91974,-0.751364,0.856842,0
236,exit,12.9599,11.8136,0.096594,0.880168,2,3.78,4.7,0,0.0022645,0.919736,-0.748031,0.856497,0
237,exit,1.09118,0,0.100239,0.871331,2,3.78,4.7,0,0.00233113,0.919736,-0.743094,0.856381,0
238,exit,13.1178,11.9515,0.095913,0.899647,2,3.78,4.7,0,0.00239855,0.919731,-0.736598,0.855904,0
239,exit,1.18216,0,0.099994,0.914868,2,3.78,4.7,0,0.00246679,0.91973,-0.728586,0.855675,0
240,exit,12.3293,11.1682,0.105318,0.882613,2,3.78,4.7,0,0.00253506,0.919728,-0.719091,0.855069,0
241,exit,1.14952,0,0.101317,0.914347,2,3.78,4.7,0,0.00260339,0.919727,-0.70815,0.854721,0
242,exit,13.9083,12.3843,0.098222,1.20993,2,3.78,4.7,0,0.00267028,0.919731,-0.695809,0.854004,0
243,exit,1.29396,0,0.125866,1.03079,2,3.78,4.7,0,0.00273574,0.919729,-0.682103,0.853529,0
244,exit,13.4036,12.1499,0.103519,0.916501,2,3.78,4.7,0,0.00280456,0.919724,-0.66706,0.852697,0
245,exit,1.08091,0,0.100933,0.855195,2,3.78,4.7,0,0.00287677,0.919723,-0.650715,0.852094,0
246,exit,12.8393,11.6563,0.09622,0.902874,2,3.78,4.7,0,0.00294773,0.919718,-0.6331,0.850586,0
247,exit,1.45666,0,0.104785,1.22259,2,3.78,4.7,0,0.0030175,0.919716,-0.614247,0.849894,0
248,exit,14.2077,12.9063,0.12146,0.968531,2,3.78,4.7,0,0.00308612,0.919681,-0.594129,0.837919,0
249,exit,1.29905,0,0.099982,1.00413,2,3.78,4.7,0,0.00315364,0.919678,-0.572775,0.836687,0
250,exit,14.1192,12.7898,0.096276,1.04352,2,3.78,4.7,0,0.00321953,0.919648,-0.550161,0.825505,0
251,exit,1.11174,0,0.098487,0.891413,2,3.78,4.7,0,0.00328379,0.919643,-0.526313,0.823896,0
252,exit,13.2108,12.0052,0.104957,0.924603,2,3.78,4.7,0,0.00334553,0.919638,-0.501254,0.821909,0
253,exit,1.27082,0,0.103535,1.03094,2,3.78,4.7,0,0.00340475,0.919633,-0.475006,0.820021,0
254,exit,14.5654,12.9637,0.170369,1.19876,2,3.78,4.7,0,0.00345799,0.919629,-0.447589,0.817768,0
255,exit,1.27082,0,0.102477,1.03045,2,3.78,4.7,0,0.00350539,0.919623,-0.41902,0.815608,0
256,exit,12.9967,11.7957,0.098947,0.897085,2,3.78,4.7,0,0.00354928,0.919613,-0.389318,0.813081,0
257,exit,1.10214,0,0.100533,0.841928,2,3.78,4.7,0,0.00358976,0.919607,-0.358499,0.810642,0
258,exit,12.9249,11.7043,0.129485,0.909266,2,3.78,4.7,0,0.0036297,0.9196,-0.326578,0.807826,0
259,exit,1.45473,0,0.179333,1.10908,2,3.78,4.7,0,0.00366904,0.919592,-0.293568,0.805062,0
260,exit,12.4226,11.1867,0.096116,0.97271,2,3.78,4.7,0,0.0037059,0.919582,-0.259481,0.801921,0
261,exit,1.16508,0,0.100901,0.912301,2,3.78,4.7,0,0.00374031,0.919574,-0.224328,0.798828,0
262,exit,12.538,11.3337,0.129852,0.871553,2,3.78,4.7,0,0.0037735,0.919564,-0.188119,0.795331,0
263,exit,1.09952,0,0.097578,0.885499,2,3.78,4.7,0,0.00380552,0.919554,-0.150861,0.791862,0
264,exit,11.9003,10.7706,0.095291,0.877408,2,3.78,4.7,0,0.00383372,0.919543,-0.112559,0.787857,0
265,exit,1.1036,0,0.096658,0.897613,2,3.78,4.7,0,0.00385822,0.919532,-0.073218,0.784,0
266,exit,13.549,12.3796,0.095546,0.903468,2,3.78,4.7,0,0.00388176,0.91952,-0.0328419,0.779623,0
267,exit,1.15412,0,0.100561,0.930629,2,3.78,4.7,0,0.00390436,0.919508,0.00856749,0.775322,0
268,exit,12.3729,11.2039,0.096128,0.907608,2,3.78,4.7,0,0.00392571,0.919493,0.0510105,0.770574,0
269,exit,1.11449,0,0.097931,0.854917,2,3.78,4.7,0,0.00394582,0.91948,0.0944885,0.765822,0
270,exit,12.849,11.5785,0.130296,0.956992,2,3.78,4.7,0,0.00396251,0.919465,0.139005,0.760586,0
271,exit,1.28263,0,0.152708,0.978278,2,3.78,4.7,0,0.00397585,0.919451,0.184564,0.75532,0
272,exit,12.2192,11.0687,0.096078,0.877315,2,3.78,4.7,0,0.00398879,0.919433,0.231176,0.749564,0
273,exit,1.08525,0,0.09726,0.856467,2,3.78,4.7,0,0.00400127,0.919417,0.278848,0.743801,0
274,exit,12.2441,11.0266,0.095842,0.875741,2,3.78,4.7,0,0.0040121,0.919398,0.280001,0.737553,0
275,exit,1.47072,0,0.097948,1.13366,2,3.78,4.7,0,0.00402132,0.919398,0.280001,0.737415,0
276,exit,13.1163,11.7371,0.097211,0.993759,2,3.78,4.7,0,0.00402786,0.919398,0.280001,0.737149,0
277,exit,1.2014,0,0.103197,0.882006,2,3.78,4.7,0,0.00403185,0.919398,0.280001,0.737149,0
278,exit,12.3179,11.133,0.095844,0.848968,2,3.78,4.7,0,0.00403374,0.91939,0.280001,0.733496,0
279,exit,1.13872,0,0.100283,0.844773,2,3.78,4.7,0,0.00403367,0.91939,0.280001,0.7335,0
280,exit,12.5459,11.2269,0.095652,0.97936,2,3.78,4.7,0,0.00403107,0.919388,0.280001,0.733269,0
281,exit,1.16013,0,0.098771,0.863695,2,3.78,4.7,0,0.00402617,0.919388,0.280001,0.73327,0
282,exit,11.9437,10.7573,0.095484,0.853191,2,3.78,4.7,0,0.00401626,0.919387,0.280001,0.733012,0
283,exit,1.13101,0,0.096059,0.849553,2,3.78,4.7,0,0.00400202,0.919387,0.280001,0.733013,0
284,exit,12.0915,10.8659,0.095495,0.866318,2,3.78,4.7,0,0.00398376,0.919384,0.280001,0.732737,0
285,exit,1.40241,0,0.10685,1.06021,2,3.78,4.7,0,0.00396226,0.919384,0.280001,0.732738,0
286,exit,12.0788,10.8919,0.096567,0.851227,2,3.78,4.7,0,0.00393744,0.919385,0.280001,0.732449,0
287,exit,1.09972,0,0.096848,0.852217,2,3.78,4.7,0,0.00389675,1.21386,0.371053,0.732449,0
288,exit,11.9694,10.7507,0.094806,0.954632,2,3.78,4.7,0,0.00387338,1.24576,0.400929,0.604043,0
289,exit,1.14247,0,0.097254,0.920058,2,3.78,4.7,0,0.0038559,1.27214,0.444374,0.58675,0
290,exit,12.3884,11.2749,0.095148,0.849713,2,3.78,4.7,0,0.00384699,1.29342,0.502419,0.57112,0
291,exit,1.02106,0,0.096751,0.815593,2,3.78,4.7,0,0.00383996,1.30258,0.568467,0.557555,0
292,exit,11.7754,10.7047,0.095529,0.805809,2,3.78,4.7,0,0.00383252,1.3172,0.634523,0.549067,0
293,exit,1.09902,0,0.09639,0.79519,2,3.78,4.7,0,0.00382512,1.31884,0.680003,0.538694,0
294,exit,11.9155,10.7344,0.095212,0.868832,2,3.78,4.7,0,0.00381547,1.623,0.779111,0.535151,0
295,exit,1.07777,0,0.099394,0.846054,2,3.78,4.7,0,0.00381094,1.65546,0.814577,0.40259,0
296,exit,12.4219,11.3766,0.094922,0.775645,2,3.78,4.7,0,0.00380792,1.68146,0.863987,0.387718,0
297,exit,0.983998,0,0.097318,0.763724,2,3.78,4.7,0,0.00380513,1.69808,0.926376,0.375374,0
298,exit,11.7269,10.7265,0.095167,0.749144,2,3.78,4.7,0,0.0038018,1.70917,0.992636,0.367483,0
299,exit,0.971527,0,0.096589,0.756156,2,3.78,4.7,0,0.00379868,1.71824,1.0589,0.362652,0
300,exit,12.5955,11.4182,0.095218,0.832373,2,3.78,4.7,0,0.00379541,1.71832,1.08001,0.358838,0
301,exit,1.03048,0,0.135581,0.733182,2,3.78,4.7,0,0.00379052,2.02332,1.17941,0.359012,0
302,exit,11.8604,10.8203,0.099407,0.768339,2,3.78,4.7,0,0.00378921,2.05572,1.21474,0.235666,0
303,exit,0.975134,0,0.096651,0.751704,2,3.78,4.7,0,0.00378804,2.08163,1.264,0.223195,0
304,exit,12.5221,11.128,0.095984,1.05939,2,3.78,4.7,0,0.00378782,2.09832,1.32631,0.213878,0
305,exit,1.14848,0,0.099156,0.931418,2,3.78,4.7,0,0.00378772,2.1087,1.39274,0.209032,0
306,exit,11.8224,10.793,0.095703,0.760941,2,3.78,4.7,0,0.0037882,2.1178,1.45918,0.206965,0
307,exit,0.92631,0,0.096054,0.637766,2,3.78,4.7,0,0.00378878,2.11788,1.48001,0.205492,0
308,exit,11.7374,10.8206,0.095703,0.615555,2,3.78,4.7,0,0.00378997,2.4236,1.57967,0.206182,0
309,exit,0.800321,0,0.096023,0.584937,2,3.78,4.7,0,0.00379062,2.45595,1.61493,0.120998,0
310,exit,11.8781,10.9534,0.094939,0.64987,2,3.78,4.7,0,0.00379143,2.48178,1.66412,0.113913,0
311,exit,1.05809,0,0.097759,0.807116,2,3.78,4.7,0,0.00379226,2.49849,1.72639,0.109109,0
312,exit,11.7467,10.9184,0.096569,0.562857,2,3.78,4.7,0,0.00379266,2.50842,1.79293,0.107142,0
313,exit,0.786305,0,0.096122,0.568875,2,3.78,4.7,0,0.00379311,2.51751,1.85948,0.107031,0
314,exit,11.8681,10.8265,0.095178,0.693506,2,3.78,4.7,0,0.00379283,2.51759,1.88001,0.106995,0
315,exit,0.818803,0,0.098152,0.553978,2,3.78,4.7,0,0.00379241,2.82378,1.97983,0.107688,0
316,exit,12.7065,12.0431,0.095769,0.382604,2,3.78,4.7,0,0.00379203,2.8561,2.01507,0.06068,0
317,exit,0.800609,0,0.099653,0.364249,2,3.78,4.7,0,0.00379166,2.88189,2.06423,0.0582881,0
318,exit,11.7557,10.9219,0.095474,0.372893,2,3.78,4.7,0,0.0037915,2.89859,2.12649,0.0566772,0
319,exit,0.693689,0,0.096678,0.358717,2,3.78,4.7,0,0.00379132,2.9083,2.1931,0.0560438,0
320,exit,12.4589,11.6991,0.095323,0.357969,2,3.78,4.7,0,0.0037912,2.91736,2.2597,0.0560309,0
321,exit,1.12506,0,0.099272,0.463364,2,3.78,4.7,0,0.00379108,2.91744,2.28001,0.0559496,0
322,exit,11.6765,10.7769,0.095838,0.363822,2,3.78,4.7,0,0.00379109,3.22388,2.37992,0.0561777,0
323,exit,0.605869,0,0.09632,0.185374,2,3.78,4.7,0,0.0037911,3.25617,2.41514,0.0248334,0
324,exit,11.3826,10.7083,0.095691,0.190807,2,3.78,4.7,0,0.00379109,3.28194,2.46428,0.0215361,0
325,exit,0.588668,0,0.095543,0.180054,2,3.78,4.7,0,0.00379109,3.29865,2.52652,0.018922,0
326,exit,12.2142,11.6338,0.094931,0.19528,2,3.78,4.7,0,0.00379109,3.30819,2.59317,0.0172499,0
327,exit,0.548876,0,0.118782,0.171616,2,3.78,4.7,0,0.00379109,3.31725,2.65982,0.0163077,0
328,exit,11.8173,10.8805,0.095149,0.176655,2,3.78,4.7,0,0.00379111,3.31732,2.68002,0.015375,0
329,exit,0.659138,0,0.095908,0.17246,2,3.78,4.7,0,0.00379115,3.62395,2.77999,0.0153745,0
330,exit,11.3105,10.835,0.095153,0.006961,2,3.78,4.7,0,0.00379115,3.65623,2.8152,0,0
331,exit,0.449529,0,0.095883,0.006568,2,3.78,4.7,0,0.00379115,3.68198,2.86433,0,0
332,exit,12.0874,11.6255,0.094623,0.00691,2,3.78,4.7,0,0.00379115,3.69869,2.92658,0,0
333,exit,0.352978,0,0.095634,0.006596,2,3.78,4.7,0,0.00379115,3.70815,2.99324,0,0
334,exit,11.1246,10.7282,0.093359,0.006861,2,3.78,4.7,0,0.00379115,3.7172,3.05991,0,0
335,exit,0.367114,0,0.09589,0.006602,2,3.78,4.7,0,0.00379115,3.71728,3.12657,0,0
336,exit,11.7253,11.3162,0.094693,0.007458,2,3.78,4.7,0,0.00379115,3.71728,3.19324,0,0
337,exit,0.400855,0,0.096806,0.006662,2,3.78,4.7,0,0.00379115,3.71728,3.25991,0,0
338,exit,11.0874,10.6524,0.095357,0.006679,2,3.78,4.7,0,0.00379115,3.71728,3.32657,0,0
339,exit,0.427297,0,0.125311,0.0066,2,3.78,4.7,0,0.00379115,3.71728,3.39324,0,0
340,exit,11.0833,10.6636,0.093694,0.006708,2,3.78,4.7,0,0.00379115,3.71728,3.45991,0,0
341,exit,0.380424,0,0.094484,0.006625,2,3.78,4.7,0,0.00379115,3.71728,3.52657,0,0
342,exit,11.1557,10.7348,0.093271,0.006882,2,3.78,4.7,0,0.00379115,3.71728,3.59324,0,0
343,exit,0.383746,0,0.096503,0.00659,2,3.78,4.7,0,0.00379115,3.71728,3.65991,0,0
344,exit,11.41,10.9823,0.09375,0.00684,2,3.78,4.7,0,0.00379115,3.71728,3.72657,0,0
345,exit,0.383502,0,0.095631,0.006601,2,3.78,4.7,0,0.00379115,3.71728,3.79324,0,0
346,exit,11.1885,10.7653,0.093686,0.006682,2,3.78,4.7,0,0.00379115,3.71728,3.85991,0,0
347,exit,0.6077,0,0.320017,0.006608,2,3.78,4.7,0,0.00379115,3.71728,3.92657,0,0
348,exit,12.0002,11.2171,0.308992,0.117369,2,3.78,4.7,0,0.00379115,3.71728,3.99324,0,0
349,exit,0.80639,0,0.40088,0.10793,2,3.78,4.7,0,0.00379115,3.71728,4.05991,0,0
350,exit,11.8146,10.9396,0.414506,0.11179,2,3.78,4.7,0,0.00379115,3.71728,4.12657,0,0
351,exit,0.945795,0,0.593516,0.107635,2,3.78,4.7,0,0.00379115,3.71728,4.19324,0,0
352,exit,11.8659,10.8382,0.62858,0.107762,2,3.78,4.7,0,0.00379115,3.71728,4.25991,0,0
353,exit,1.50329,0,1.15545,0.098341,2,3.78,4.7,0,0.00379115,3.71728,4.32657,0,0
354,exit,12.6953,11.1149,1.13738,0.099898,2,3.78,4.7,0,0.00379115,3.71728,4.39324,0,0
355,exit,1.4069,0,1.0722,0.093858,2,3.78,4.7,0,0.00379115,3.71728,4.45991,0,0
356,exit,12.1224,10.6213,1.12942,0.086141,2,3.78,4.7,0,0.00379115,3.71728,4.52657,0,0
357,exit,1.3975,0,1.07071,0.088721,2,3.78,4.7,0,0.00379115,3.71728,4.59324,0,0
358,exit,12.4182,10.8628,1.06547,0.119505,2,3.78,4.7,0,0.00379115,3.71728,4.65991,0,0
359,exit,1.627,0,1.29916,0.077085,2,3.78,4.7,0,0.00379115,3.71728,4.72657,0,0
360,exit,12.5065,10.9548,1.16189,0.071681,2,3.78,4.7,0,0.00379115,3.71728,4.79324,0,0
361,exit,1.49325,0,1.17921,0.069716,2,3.78,4.7,0,0.00379115,3.71728,4.85991,0,0
362,exit,12.6,11.0807,1.15483,0.070281,2,3.78,4.7,0,0.00379115,3.71728,4.92657,0,0
363,exit,1.62966,0,1.31284,0.066626,2,3.78,4.7,0,0.00379115,3.71728,4.99324,0,0
364,exit,12.7903,10.8397,1.40343,0.079943,2,3.78,4.7,0,0.00379115,3.71728,5.05991,0,0
365,exit,1.47266,0,1.15924,0.063618,2,3.78,4.7,0,0.00379115,3.71728,5.12657,0,0
366,exit,12.3679,10.7023,1.22595,0.11082,2,3.78,4.7,0,0.00379115,3.71728,5.19324,0,0
367,exit,1.46272,0,1.15969,0.061301,2,3.78,4.7,0,0.00379115,3.71728,5.25991,0,0
368,exit,12.5503,10.9718,1.22307,0.061062,2,3.78,4.7,0,0.00379115,3.71728,5.32657,0,0
369,exit,1.5795,0,1.27922,0.060088,2,3.78,4.7,0,0.00379115,3.71728,5.39324,0,0
370,exit,12.1355,10.5409,1.17772,0.106842,2,3.78,4.7,0,0.00379115,3.71728,5.45991,0,0
371,exit,1.53437,0,1.19277,0.105301,2,3.78,4.7,0,0.00379115,3.71728,5.52657,0,0
372,exit,12.2522,10.7082,1.14801,0.107712,2,3.78,4.7,0,0.00379115,3.71728,5.59324,0,0
373,exit,1.65581,0,1.18292,0.144561,2,3.78,4.7,0,0.00379115,3.71728,5.65991,0,0
374,exit,12.431,10.5856,1.45713,0.09409,2,3.78,4.7,0,0.00379115,3.71728,5.72657,0,0
375,props,1.4767,0,1.15191,0.083642,2,3.78,4.7,0,0.00379115,3.71728,5.78546,0,0
376,props,12.1731,10.565,1.19636,0.057214,2,3.78,4.7,0,0.00379115,3.71728,5.83657,0,0
377,props,1.45096,0,1.14719,0.044722,2,3.78,4.7,0,0.00379115,3.71728,5.87991,0,0
378,props,12.8817,11.1968,1.31728,0.042228,2,3.78,4.7,0,0.00379115,3.71728,5.91546,0,0
379,props,1.59744,0,1.28575,0.039962,2,3.78,4.7,0,0.00379115,3.71728,5.94324,0,0
380,props,12.583,10.8931,1.11589,0.127662,2,3.78,4.7,0,0.00379115,3.71728,5.96324,0,0
381,props,2.6024,0,2.00632,0.12413,2,3.78,4.7,0,0.00379115,3.71728,5.97546,0,0
382,props,15.4601,13.0382,1.904,0.098861,2,3.78,4.7,0,0.00379115,3.71728,5.97991,0,0
383,props,1.71556,0,1.25302,0.068611,2,3.78,4.7,0,0.00379115,3.71728,5.97991,0,0
384,props,12.7263,11.0343,1.25924,0.070862,2,3.78,4.7,0,0.00379115,3.71728,5.97991,0,0
385,props,1.7682,0,1.36918,0.070055,2,3.78,4.7,0,0.00379115,3.71728,5.97991,0,0
386,props,13.8206,11.8916,1.48532,0.070793,2,3.78,4.7,0,0.00379115,3.71728,5.97991,0,0
387,props,2.34701,0,1.94368,0.068441,2,3.78,4.7,0,0.00379115,3.71728,5.97991,0,0
388,props,15.2111,11.6252,1.8068,0.070311,2,3.78,4.7,0,0.00379115,3.71728,5.97991,0,0
389,props,2.35394,0,1.80291,0.068533,2,3.78,4.7,0,0.00379115,3.71728,5.97991,0,0
390,props,14.0178,11.5371,2.01647,0.070366,2,3.78,4.7,0,0.00379115,3.71728,5.97991,0,0
391,props,2.16307,0,1.81751,0.068128,2,3.78,4.7,0,0.00379115,3.71728,5.97991,0,0
392,props,14.0749,11.839,1.8188,0.071038,2,3.78,4.7,0,0.00379115,3.71728,5.97991,0,0
393,props,2.25141,0,1.84909,0.070496,2,3.78,4.7,0,0.00379115,3.71728,5.97991,0,0
394,props,14.0984,11.6171,1.91648,0.114002,2,3.78,4.7,0,0.00379115,3.71728,5.97991,0,0
395,props,2.53581,0,2.02945,0.069926,2,3.78,4.7,0,0.00379115,3.71728,5.97991,0,0
396,props,13.9465,11.0014,2.48966,0.073502,2,3.78,4.7,0,0.00379115,3.71728,5.97991,0,0
397,props,2.83565,0,1.84793,0.069184,2,3.78,4.7,0,0.00379115,3.71728,5.97991,0,0
398,props,16.3231,13.8768,1.85298,0.129414,2,3.78,4.7,0,0.00379115,3.71728,5.97991,0,0
399,props,2.68504,0,2.32557,0.069434,2,3.78,4.7,0,0.00379115,3.71728,5.97991,0,0
400,props,14.7908,11.5757,1.94182,0.07155,2,3.78,4.7,0,0.00379115,3.71728,5.97991,0,0
401,props,3.11975,0,1.85964,0.072683,2,3.78,4.7,0,0.00379115,3.71728,5.97991,0,0
402,props,14.4859,11.4861,1.88556,0.071423,2,3.78,4.7,0,0.00379115,3.71728,5.97991,0,0
403,props,3.33358,0,2.12514,0.069455,2,3.78,4.7,0,0.00379115,3.71728,5.97991,0,0
404,props,13.861,11.1833,1.93694,0.07016,2,3.78,4.7,0,0.00379115,3.71728,5.97991,0,0
405,props,2.85489,0,1.98079,0.068246,2,3.78,4.7,0,0.00379115,3.71728,5.97991,0,0
406,props,15.5909,11.959,2.51918,0.071277,2,3.78,4.7,0,0.00379115,3.71728,5.97991,0,0
407,props,2.71453,0,1.91931,0.069493,2,3.78,4.7,0,0.00379115,3.71728,5.97991,0,0
408,props,13.4847,10.9342,1.92162,0.069433,2,3.78,4.7,0,0.00379115,3.71728,5.97991,0,0
409,props,2.46148,0,1.93767,0.090234,2,3.78,4.7,0,0.00379115,3.71728,5.97991,0,0
410,props,15.4815,12.2949,2.59641,0.071791,2,3.78,4.7,0,0.00379115,3.71728,5.97991,0,0
411,props,2.84229,0,2.379,0.099203,2,3.78,4.7,0,0.00379115,3.71728,5.97991,0,0
412,props,13.8268,11.0828,2.31748,0.073018,2,3.78,4.7,0,0.00379115,3.71728,5.97991,0,0
413,props,2.47257,0,2.0948,0.076371,2,3.78,4.7,0,0.00379115,3.71728,5.97991,0,0
414,props,14.335,11.2879,2.61969,0.072221,2,3.78,4.7,0,0.00379115,3.71728,5.97991,0,0
415,props,2.19027,0,1.8325,0.069551,2,3.78,4.7,0,0.00379115,3.71728,5.97991,0,0
416,props,13.5837,11.4017,1.77553,0.071863,2,3.78,4.7,0,0.00379115,3.71728,5.97991,0,0
417,props,2.43328,0,1.91912,0.118146,2,3.78,4.7,0,0.00379115,3.71728,5.97991,0,0
418,props,13.6361,11.3071,1.91659,0.071781,2,3.78,4.7,0,0.00379115,3.71728,5.97991,0,0
419,props,2.22448,0,1.88285,0.069661,2,3.78,4.7,0,0.00379115,3.71728,5.97991,0,0
420,props,13.5897,11.2873,1.91602,0.042915,2,3.78,4.7,0,0.00379115,3.71728,5.97991,0,0
421,props,2.23266,0,1.93202,0.040239,2,3.78,4.7,0,0.00379115,3.71728,5.97991,0,0
422,props,13.9594,11.5469,2.01137,0.043692,2,3.78,4.7,0,0.00379115,3.71728,5.97991,0,0
423,props,2.28719,0,1.96704,0.040419,2,3.78,4.7,0,0.00379115,3.71728,5.97991,0,0
424,props,13.4013,10.9319,2.0814,0.040313,2,3.78,4.7,0,0.00379115,3.71728,5.97991,0,0
425,props,1.86359,0,1.50584,0.051593,2,3.78,4.7,0,0.00379115,3.71728,5.97991,0,0
426,props,13.869,11.944,1.52396,0.041417,2,3.78,4.7,0,0.00379115,3.71728,5.97991,0,0
427,props,1.73925,0,1.25722,0.039631,2,3.78,4.7,0,0.00379115,3.71728,5.97991,0,0
428,props,12.9666,11.2676,1.36675,0.007611,2,3.78,4.7,0,0.00379115,3.71728,5.97991,0,0
429,props,1.58456,0,1.27936,0.015971,2,3.78,4.7,0,0.00379115,3.71728,5.97991,0,0
430,props,12.7579,11.2205,1.18414,0.007026,2,3.78,4.7,0,0.00379115,3.71728,5.97991,0,0
431,props,1.39432,0,1.11815,0.006775,2,3.78,4.7,0,0.00379115,3.71728,5.97991,0,0
432,props,12.4921,10.8703,1.28903,0.006807,2,3.78,4.7,0,0.00379115,3.71728,5.97991,0,0
433,props,1.38817,0,1.11711,0.006674,2,3.78,4.7,0,0.00379115,3.71728,5.97991,0,0
434,props,12.1192,10.6162,1.19285,0.006911,2,3.78,4.7,0,0.00379115,3.71728,5.97991,0,0
435,props,1.49915,0,1.22211,0.006717,2,3.78,4.7,0,0.00379115,3.71728,5.97991,0,0
436,props,14.2264,12.6636,1.22044,0.008376,2,3.78,4.7,0,0.00379115,3.71728,5.97991,0,0
437,props,1.52926,0,1.23616,0.006694,2,3.78,4.7,0,0.00379115,3.71728,5.97991,0,0
438,props,15.3453,13.7717,1.2111,0.007217,2,3.78,4.7,0,0.00379115,3.71728,5.97991,0,0
439,props,1.47147,0,1.1856,0.00671,2,3.78,4.7,0,0.00379115,3.71728,5.97991,0,0
440,props,16.2578,14.2639,1.41664,0.006836,2,3.78,4.7,0,0.00379115,3.71728,5.97991,0,0
441,props,1.52825,0,1.101,0.006786,2,3.78,4.7,0,0.00379115,3.71728,5.97991,0,0
442,props,15.6478,14.0882,1.10119,0.0079,2,3.78,4.7,0,0.00379115,3.71728,5.97991,0,0
443,props,1.41873,0,1.12316,0.006645,2,3.78,4.7,0,0.00379115,3.71728,5.97991,0,0
444,props,13.3553,11.8971,1.16064,0.006808,2,3.78,4.7,0,0.00379115,3.71728,5.97991,0,0
445,props,1.3728,0,1.10271,0.006628,2,3.78,4.7,0,0.00379115,3.71728,5.97991,0,0
446,props,12.797,11.3295,1.09807,0.006752,2,3.78,4.7,0,0.00379115,3.71728,5.97991,0,0
447,props,1.86991,0,1.09407,0.006752,2,3.78,4.7,0,0.00379115,3.71728,5.97991,0,0
448,props,13.3724,11.2014,1.20378,0.00772,2,3.78,4.7,0,0.00379115,3.71728,5.97991,0,0
449,props,2.59558,0,1.10167,0.006645,2,3.78,4.7,0,0.00379115,3.71728,5.97991,0,0
450,props,13.5622,10.7288,1.20312,0.006954,2,3.78,4.7,0,0.00379115,3.71728,5.97991,0,0
451,props,1.42607,0,1.12784,0.006713,2,3.78,4.7,0,0.00379115,3.71728,5.97991,0,0
452,props,13.0576,11.6025,1.10962,0.007999,2,3.78,4.7,0,0.00379115,3.71728,5.97991,0,0
453,props,1.38773,0,1.09419,0.006615,2,3.78,4.7,0,0.00379115,3.71728,5.97991,0,0
454,props,11.8848,10.3432,1.21228,0.006724,2,3.78,4.7,0,0.00379115,3.71728,5.97991,0,0
455,props,1.38218,0,1.10534,0.006635,2,3.78,4.7,0,0.00379115,3.71728,5.97991,0,0
456,props,12.0081,10.5601,1.09345,0.007872,2,3.78,4.7,0,0.00379115,3.71728,5.97991,0,0
457,props,1.39141,0,1.10186,0.006662,2,3.78,4.7,0,0.00379115,3.71728,5.97991,0,0
458,props,12.0771,10.6543,1.09103,0.007255,2,3.78,4.7,0,0.00379115,3.71728,5.97991,0,0
459,props,1.37776,0,1.09769,0.006672,2,3.78,4.7,0,0.00379115,3.71728,5.97991,0,0
460,props,12.1825,10.7114,1.13666,0.006739,2,3.78,4.7,0,0.00379115,3.71728,5.97991,0,0
461,props,1.40048,0,1.12409,0.006707,2,3.78,4.7,0,0.00379115,3.71728,5.97991,0,0
462,props,12.8406,11.2996,1.1958,0.008006,2,3.78,4.7,0,0.00379115,3.71728,5.97991,0,0
463,props,1.39129,0,1.10658,0.006673,2,3.78,4.7,0,0.00379115,3.71728,5.97991,0,0
464,props,15.268,13.8535,1.08959,0.006676,2,3.78,4.7,0,0.00379115,3.71728,5.97991,0,0
465,props,1.36073,0,1.08481,0.006671,2,3.78,4.7,0,0.00379115,3.71728,5.97991,0,0
466,props,15.5167,13.9905,1.21099,0.00739,2,3.78,4.7,0,0.00379115,3.71728,5.97991,0,0
467,props,1.51649,0,1.25456,0.006674,2,3.78,4.7,0,0.00379115,3.71728,5.97991,0,0
468,props,17.2908,15.7763,1.16694,0.012466,2,3.78,4.7,0,0.00379115,3.71728,5.97991,0,0
469,props,1.41277,0,1.10904,0.006673,2,3.78,4.7,0,0.00379115,3.71728,5.97991,0,0
470,props,15.0231,13.3615,1.34946,0.006881,2,3.78,4.7,0,0.00379115,3.71728,5.97991,0,0
471,props,1.33886,0,1.08574,0.00664,2,3.78,4.7,0,0.00379115,3.71728,5.97991,0,0
472,props,14.1994,12.6675,1.08401,0.006725,2,3.78,4.7,0,0.00379115,3.71728,5.97991,0,0
473,props,1.34965,0,1.09504,0.006647,2,3.78,4.7,0,0.00379115,3.71728,5.97991,0,0
474,props,14.4858,13.1117,1.06358,0.007497,2,3.78,4.7,0,0.00379115,3.71728,5.97991,0,0
475,props,1.32955,0,1.06543,0.006742,2,3.78,4.7,0,0.00379115,3.71728,5.97991,0,0
476,props,13.479,12.0984,1.0763,0.006723,2,3.78,4.7,0,0.00379115,3.71728,5.97991,0,0
477,props,1.338,0,1.08546,0.006617,2,3.78,4.7,0,0.00379115,3.71728,5.97991,0,0
478,props,13.7959,12.4185,1.06834,0.007804,2,3.78,4.7,0,0.00379115,3.71728,5.97991,0,0
479,props,1.34809,0,1.08412,0.006673,2,3.78,4.7,0,0.00379115,3.71728,5.97991,0,0
480,props,13.4157,12.0334,1.0792,0.006701,2,3.78,4.7,0,0.00379115,3.71728,5.97991,0,0
481,props,1.35701,0,1.10424,0.006602,2,3.78,4.7,0,0.00379115,3.71728,5.97991,0,0
482,props,13.7495,12.355,1.08313,0.007561,2,3.78,4.7,0,0.00379115,3.71728,5.97991,0,0
483,props,1.37416,0,1.10851,0.006675,2,3.78,4.7,0,0.00379115,3.71728,5.97991,0,0
484,props,14.0857,12.6733,1.1067,0.006808,2,3.78,4.7,0,0.00379115,3.71728,5.97991,0,0
485,props,1.35595,0,1.10344,0.006668,2,3.78,4.7,0,0.00379115,3.71728,5.97991,0,0
486,props,14.3846,12.9684,1.10969,0.007181,2,3.78,4.7,0,0.00379115,3.71728,5.97991,0,0
487,props,1.42207,0,1.1554,0.006802,2,3.78,4.7,0,0.00379115,3.71728,5.97991,0,0
488,props,15.2984,13.794,1.13214,0.007745,2,3.78,4.7,0,0.00379115,3.71728,5.97991,0,0
489,props,1.35882,0,1.10258,0.006752,2,3.78,4.7,0,0.00379115,3.71728,5.97991,0,0
490,props,14.9679,13.4561,1.1097,0.012196,2,3.78,4.7,0,0.00379115,3.71728,5.97991,0,0
491,props,1.43925,0,1.13727,0.006657,2,3.78,4.7,0,0.00379115,3.71728,5.97991,0,0
492,props,15.9009,14.4715,1.10226,0.007426,2,3.78,4.7,0,0.00379115,3.71728,5.97991,0,0
493,props,1.35881,0,1.1099,0.006684,2,3.78,4.7,0,0.00379115,3.71728,5.97991,0,0
494,props,16.0526,14.6317,1.11737,0.007969,2,3.78,4.7,0,0.00379115,3.71728,5.97991,0,0
495,props,1.40321,0,1.14621,0.006643,2,3.78,4.7,0,0.00379115,3.71728,5.97991,0,0
496,props,15.9561,14.5519,1.10388,0.006858,2,3.78,4.7,0,0.00379115,3.71728,5.97991,0,0
497,props,1.31787,0,1.07441,0.006678,2,3.78,4.7,0,0.00379115,3.71728,5.97991,0,0
498,props,16.0188,14.5359,1.18163,0.007836,2,3.78,4.7,0,0.00379115,3.71728,5.97991,0,0
499,props,1.60252,0,1.34299,0.006729,2,3.78,4.7,0,0.00379115,3.71728,5.97991,0,0
500,props,15.814,14.4397,1.0835,0.006873,2,3.78,4.7,0,0.00379115,3.71728,5.97991,0,0
501,props,1.34085,0,1.1003,0.006656,2,3.78,4.7,0,0.00379115,3.71728,5.97991,0,0
502,props,16.2261,14.8297,1.09712,0.008158,2,3.78,4.7,0,0.00379115,3.71728,5.97991,0,0
503,props,1.37212,0,1.12212,0.00669,2,3.78,4.7,0,0.00379115,3.71728,5.97991,0,0
504,props,15.842,14.4305,1.12265,0.006682,2,3.78,4.7,0,0.00379115,3.71728,5.97991,0,0
505,props,1.35509,0,1.11174,0.006695,2,3.78,4.7,0,0.00379115,3.71728,5.97991,0,0
506,props,16.5477,15.1113,1.13499,0.00799,2,3.78,4.7,0,0.00379115,3.71728,5.97991,0,0
507,props,1.45281,0,1.19355,0.006677,2,3.78,4.7,0,0.00379115,3.71728,5.97991,0,0
508,props,12.0541,10.646,1.11785,0.006928,2,3.78,4.7,0,0.00379115,3.71728,5.97991,0,0
509,props,1.43418,0,1.19545,0.006658,2,3.78,4.7,0,0.00379115,3.71728,5.97991,0,0
510,props,12.0874,10.6613,1.1352,0.007117,2,3.78,4.7,0,0.00379115,3.71728,5.97991,0,0
511,props,1.38023,0,1.13139,0.006642,2,3.78,4.7,0,0.00379115,3.71728,5.97991,0,0
512,props,12.5749,11.0491,1.19074,0.007024,2,3.78,4.7,0,0.00379115,3.71728,5.97991,0,0
513,props,1.36984,0,1.12396,0.006663,2,3.78,4.7,0,0.00379115,3.71728,5.97991,0,0
514,props,12.0031,10.5564,1.11266,0.006671,2,3.78,4.7,0,0.00379115,3.71728,5.97991,0,0
515,props,1.46055,0,1.20511,0.006663,2,3.78,4.7,0,0.00379115,3.71728,5.97991,0,0
516,props,12.4065,10.9241,1.16159,0.007291,2,3.78,4.7,0,0.00379115,3.71728,5.97991,0,0
517,props,1.46395,0,1.11048,0.00682,2,3.78,4.7,0,0.00379115,3.71728,5.97991,0,0
518,props,12.0371,10.5912,1.15767,0.006741,2,3.78,4.7,0,0.00379115,3.71728,5.97991,0,0
519,props,1.49305,0,1.10915,0.006799,2,3.78,4.7,0,0.00379115,3.71728,5.97991,0,0
520,props,12.4729,10.9636,1.20172,0.00727,2,3.78,4.7,0,0.00379115,3.71728,5.97991,0,0
521,props,1.34675,0,1.10015,0.006616,2,3.78,4.7,0,0.00379115,3.71728,5.97991,0,0
522,props,12.2273,10.8302,1.10526,0.00672,2,3.78,4.7,0,0.00379115,3.71728,5.97991,0,0
523,props,1.38535,0,1.11225,0.006667,2,3.78,4.7,0,0.00379115,3.71728,5.97991,0,0
524,props,12.0371,10.6114,1.13647,0.006661,2,3.78,4.7,0,0.00379115,3.71728,5.97991,0,0
525,props,1.36066,0,1.1187,0.006677,2,3.78,4.7,0,0.00379115,3.71728,5.97991,0,0
526,props,12.4767,10.9581,1.21823,0.007282,2,3.78,4.7,0,0.00379115,3.71728,5.97991,0,0
527,props,1.83039,0,1.40801,0.006763,2,3.78,4.7,0,0.00379115,3.71728,5.97991,0,0
528,props,13.095,11.4887,1.29721,0.0084,2,3.78,4.7,0,0.00379115,3.71728,5.97991,0,0
529,props,1.35429,0,1.10072,0.006648,2,3.78,4.7,0,0.00379115,3.71728,5.97991,0,0
530,props,13.4073,11.9586,1.11343,0.008284,2,3.78,4.7,0,0.00379115,3.71728,5.97991,0,0
531,props,1.41065,0,1.15186,0.006846,2,3.78,4.7,0,0.00379115,3.71728,5.97991,0,0
532,props,13.6462,11.9396,1.26511,0.008065,2,3.78,4.7,0,0.00379115,3.71728,5.97991,0,0
533,props,1.6845,0,1.29137,0.010877,2,3.78,4.7,0,0.00379115,3.71728,5.97991,0,0
534,props,12.9823,11.513,1.16645,0.0075,2,3.78,4.7,0,0.00379115,3.71728,5.97991,0,0
535,props,1.37508,0,1.12551,0.006714,2,3.78,4.7,0,0.00379115,3.71728,5.97991,0,0
536,props,12.4491,11.0245,1.13438,0.00684,2,3.78,4.7,0,0.00379115,3.71728,5.97991,0,0
537,props,1.43326,0,1.17191,0.015581,2,3.78,4.7,0,0.00379115,3.71728,5.97991,0,0
538,props,12.0436,10.663,1.0912,0.006696,2,3.78,4.7,0,0.00379115,3.71728,5.97991,0,0
539,props,1.39932,0,1.15321,0.006877,2,3.78,4.7,0,0.00379115,3.71728,5.97991,0,0
540,props,12.4931,11.0047,1.19192,0.007456,2,3.78,4.7,0,0.00379115,3.71728,5.97991,0,0
541,props,1.34995,0,1.10282,0.006647,2,3.78,4.7,0,0.00379115,3.71728,5.97991,0,0
542,props,12.3411,10.8175,1.22029,0.006714,2,3.78,4.7,0,0.00379115,3.71728,5.97991,0,0
543,props,1.34496,0,1.1023,0.006733,2,3.78,4.7,0,0.00379115,3.71728,5.97991,0,0
544,props,12.6541,11.2399,1.11239,0.007735,2,3.78,4.7,0,0.00379115,3.71728,5.97991,0,0
545,props,1.3417,0,1.08971,0.006676,2,3.78,4.7,0,0.00379115,3.71728,5.97991,0,0
546,props,12.4867,11.0905,1.08994,0.008207,2,3.78,4.7,0,0.00379115,3.71728,5.97991,0,0
547,props,1.40074,0,1.13221,0.00675,2,3.78,4.7,0,0.00379115,3.71728,5.97991,0,0
548,props,13.2255,11.68,1.18445,0.012053,2,3.78,4.7,0,0.00379115,3.71728,5.97991,0,0
549,props,1.53465,0,1.22873,0.007346,2,3.78,4.7,0,0.00379115,3.71728,5.97991,0,0
550,props,16.0569,14.3321,1.31403,0.008652,2,3.78,4.7,0,0.00379115,3.71728,5.97991,0,0
551,props,1.42275,0,1.16258,0.006665,2,3.78,4.7,0,0.00379115,3.71728,5.97991,0,0
552,props,13.0692,11.5451,1.1538,0.00897,2,3.78,4.7,0,0.00379115,3.71728,5.97991,0,0
553,props,1.54324,0,1.25157,0.007058,2,3.78,4.7,0,0.00379115,3.71728,5.97991,0,0
554,props,14.5662,13.0005,1.20027,0.008292,2,3.78,4.7,0,0.00379115,3.71728,5.97991,0,0
555,over_pool,1.48914,0,1.2029,0.006698,1.99885,3.78,4.68223,0,0.00379115,3.71728,5.97991,0,0
556,over_pool,14.0475,12.3917,1.22405,0.009064,1.99656,3.78,4.64668,0,0.00379115,3.71728,5.97991,0,0
557,over_pool,2.28364,0,1.67727,0.007257,1.99484,3.7894,4.6105,0,0.00379115,3.71728,5.97991,0,0
558,over_pool,14.3554,12.39,1.46528,0.008413,1.99353,3.80526,4.57211,0,0.00379115,3.71728,5.97991,0,0
559,over_pool,1.48397,0,1.16934,0.006658,1.9909,3.81827,4.51433,0,0.00379115,3.71728,5.97991,0,0
560,over_pool,14.7385,13.1495,1.1736,0.008168,1.98695,3.82852,4.43714,0,0.00379115,3.71728,5.97991,0,0
561,over_pool,1.63221,0,1.28318,0.006842,1.98167,3.83614,4.34055,0,0.00379115,3.71728,5.97991,0,0
562,over_pool,14.7932,13.2568,1.17785,0.008716,1.97505,3.84126,4.22457,0,0.00379115,3.71728,5.97991,0,0
563,over_pool,1.49432,0,1.18892,0.006729,1.9671,3.84407,4.08919,0,0.00379115,3.71728,5.97991,0,0
564,over_pool,14.8065,12.783,1.58009,0.00787,1.9578,3.84476,3.93443,0,0.00379115,3.71728,5.97991,0,0
565,over_pool,1.55017,0,1.19635,0.007028,1.94715,3.84362,3.76029,0,0.00379115,3.71728,5.97991,0,0
566,over_pool,16.6683,14.3986,1.90368,0.008357,1.93513,3.84098,3.56679,0,0.00379115,3.71728,5.97991,0,0
567,over_pool,1.51617,0,1.16973,0.006691,1.92173,3.83731,3.35397,0,0.00379115,3.71728,5.97991,0,0
568,over_pool,15.7112,14.1744,1.17692,0.0081,1.90695,3.83329,3.1219,0,0.00379115,3.71728,5.97991,0,0
569,over_pool,1.45352,0,1.15813,0.010584,1.89076,3.83001,2.87074,0,0.00379115,3.71728,5.97991,0,0
570,over_pool,15.7979,14.2394,1.34161,0.006811,1.8735,3.82824,2.60577,0,0.00379115,3.71728,5.97991,0,0
571,over_pool,1.26533,0,1.10725,0.006791,1.85581,3.82759,2.33603,0,0.00379115,3.71728,5.97991,0,0
572,over_pool,16.1669,14.843,1.12195,0.007901,1.83816,3.82775,2.06813,0,0.00379115,3.71728,5.97991,0,0
573,over_pool,1.35803,0,1.21431,0.006951,1.82088,3.82849,1.80676,0,0.00379115,3.71728,5.97991,0,0
574,over_pool,15.6135,14.3079,1.12973,0.007058,1.80421,3.82963,1.55514,0,0.00379115,3.71728,5.97991,0,0
575,over_pool,1.22982,0,1.12264,0.006811,1.78828,3.83103,1.31541,0,0.00379115,3.71728,5.97991,0,0
576,over_pool,15.5968,14.3175,1.12349,0.007253,1.77321,3.8326,1.08886,0,0.00379115,3.71728,5.97991,0,0
577,over_pool,1.34717,0,1.23245,0.007076,1.75904,3.83425,0.876156,0,0.00379115,3.71728,5.97991,0,0
578,over_pool,12.767,10.9043,1.7052,0.007191,1.74579,3.83593,0.677517,0,0.00379115,3.71728,5.97991,0,0
579,over_pool,1.2242,0,1.12584,0.00676,1.73346,3.8376,0.492819,0,0.00379115,3.71728,5.97991,0,0
580,over_pool,11.9426,10.6642,1.12388,0.006859,1.72203,3.83924,0.321703,0,0.00379115,3.71728,5.97991,0,0
581,over_pool,1.23201,0,1.12436,0.006859,1.71147,3.8408,0.163647,0,0.00379115,3.71728,5.97991,0,0
582,over_pool,13.0867,11.6916,1.19664,0.012359,1.70173,3.8423,0.0180257,0,0.00379115,3.71728,5.97991,0,0
583,over_pool,1.31548,0,1.13707,0.006906,1.69277,3.84371,-0.115854,0,0.00379115,3.71728,5.97991,0,0
584,over_pool,11.7397,10.4696,1.12813,0.006711,1.68455,3.84504,-0.238715,0,0.00379115,3.71728,5.97991,0,0
585,over_pool,1.20629,0,1.11442,0.006647,1.67701,3.84628,-0.35129,0,0.00379115,3.71728,5.97991,0,0
586,over_pool,12.596,11.2938,1.14961,0.007737,1.67011,3.84743,-0.454305,0,0.00379115,3.71728,5.97991,0,0
587,over_pool,1.2191,0,1.11671,0.006874,1.6638,3.8485,-0.548465,0,0.00379115,3.71728,5.97991,0,0
588,over_pool,13.0186,11.7316,1.13439,0.006755,1.65804,3.84948,-0.634449,0,0.00379115,3.71728,5.97991,0,0
589,over_pool,1.28103,0,1.18704,0.006683,1.65278,3.85039,-0.712901,0,0.00379115,3.71728,5.97991,0,0
590,over_pool,13.1066,11.7703,1.19512,0.006722,1.64799,3.85123,-0.784429,0,0.00379115,3.71728,5.97991,0,0
591,over_pool,1.29795,0,1.18578,0.006721,1.64362,3.85199,-0.849605,0,0.00379115,3.71728,5.97991,0,0
592,over_pool,13.5816,12.2181,1.19175,0.007219,1.63964,3.85269,-0.908961,0,0.00379115,3.71728,5.97991,0,0
593,over_pool,1.31897,0,1.19547,0.006753,1.63602,3.85334,-0.962992,0,0.00379115,3.71728,5.97991,0,0
594,over_pool,12.1579,10.8528,1.14094,0.006884,1.63272,3.85392,-1.01216,0,0.00379115,3.71728,5.97991,0,0
595,over_pool,1.4313,0,1.15172,0.00678,1.62972,3.85446,-1.05688,0,0.00379115,3.71728,5.97991,0,0
596,over_pool,12.7622,11.3762,1.20351,0.007546,1.627,3.85495,-1.09754,0,0.00379115,3.71728,5.97991,0,0
597,over_pool,1.24992,0,1.12951,0.006747,1.62452,3.8554,-1.13451,0,0.00379115,3.71728,5.97991,0,0
598,over_pool,11.9646,10.5868,1.21031,0.006661,1.62226,3.8558,-1.16811,0,0.00379115,3.71728,5.97991,0,0
599,over_pool,1.23149,0,1.11692,0.006682,1.62022,3.85617,-1.19865,0,0.00379115,3.71728,5.97991,0,0
600,over_pool,12.0101,10.7173,1.13999,0.007524,1.61835,3.85651,-1.22639,0,0.00379115,3.71728,5.97991,0,0
601,over_pool,1.72155,0,1.61049,0.007071,1.61666,3.85682,-1.25159,0,0.00379115,3.71728,5.97991,0,0
602,over_pool,11.9767,10.679,1.1495,0.006822,1.61513,3.85709,-1.27448,0,0.00379115,3.71728,5.97991,0,0
603,over_pool,1.21326,0,1.11479,0.0067,1.61373,3.85735,-1.29527,0,0.00379115,3.71728,5.97991,0,0
604,over_pool,11.8707,10.6034,1.11953,0.006862,1.61247,3.85758,-1.31416,0,0.00379115,3.71728,5.97991,0,0
605,over_pool,1.21064,0,1.11285,0.006767,1.61132,3.85779,-1.3313,0,0.00379115,3.71728,5.97991,0,0
606,over_pool,12.2144,10.7742,1.10589,0.007206,1.61027,3.85798,-1.34687,0,0.00379115,3.71728,5.97991,0,0
607,over_pool,1.46986,0,1.37518,0.006707,1.60932,3.85815,-1.361,0,0.00379115,3.71728,5.97991,0,0
608,over_pool,12.135,10.8706,1.12765,0.007284,1.60846,3.85831,-1.37383,0,0.00379115,3.71728,5.97991,0,0
609,over_pool,1.18099,0,1.08926,0.006765,1.60768,3.85845,-1.38548,0,0.00379115,3.71728,5.97991,0,0
610,over_pool,12.058,10.8186,1.09932,0.00763,1.60697,3.85858,-1.39606,0,0.00379115,3.71728,5.97991,0,0
611,over_pool,1.2375,0,1.14357,0.006767,1.60633,3.8587,-1.40566,0,0.00379115,3.71728,5.97991,0,0
612,over_pool,12.4443,11.1667,1.10079,0.016605,1.60574,3.85881,-1.41437,0,0.00379115,3.71728,5.97991,0,0
613,over_pool,1.20025,0,1.10536,0.006727,1.60521,3.8589,-1.42229,0,0.00379115,3.71728,5.97991,0,0
614,over_pool,12.0708,10.8159,1.09125,0.00757,1.60473,3.85899,-1.42947,0,0.00379115,3.71728,5.97991,0,0
615,over_pool,1.2103,0,1.11371,0.006743,1.60429,3.85907,-1.43598,0,0.00379115,3.71728,5.97991,0,0
616,over_pool,12.7196,11.4772,1.09948,0.007689,1.6039,3.85914,-1.4419,0,0.00379115,3.71728,5.97991,0,0
617,over_pool,1.1837,0,1.08973,0.006785,1.60354,3.85921,-1.44727,0,0.00379115,3.71728,5.97991,0,0
618,over_pool,11.959,10.7368,1.08976,0.006656,1.60321,3.85927,-1.45214,0,0.00379115,3.71728,5.97991,0,0
619,over_pool,1.15854,0,1.07483,0.006752,1.60291,3.85932,-1.45656,0,0.00379115,3.71728,5.97991,0,0
620,over_pool,11.9334,10.7193,1.07823,0.007224,1.60264,3.85937,-1.46058,0,0.00379115,3.71728,5.97991,0,0
621,over_pool,1.23558,0,1.14241,0.0068,1.6024,3.85942,-1.46422,0,0.00379115,3.71728,5.97991,0,0
622,over_pool,12.4174,11.1087,1.16869,0.006992,1.60218,3.85946,-1.46753,0,0.00379115,3.71728,5.97991,0,0
623,over_pool,1.17159,0,1.08454,0.006675,1.60198,3.8595,-1.47053,0,0.00379115,3.71728,5.97991,0,0
624,over_pool,11.8712,10.5843,1.11114,0.0161,1.60179,3.85953,-1.47325,0,0.00379115,3.71728,5.97991,0,0
625,over_pool,1.20366,0,1.11361,0.00682,1.60163,3.85956,-1.47573,0,0.00379115,3.71728,5.97991,0,0
626,over_pool,12.2411,11.001,1.10588,0.007196,1.60148,3.85959,-1.47797,0,0.00379115,3.71728,5.97991,0,0
627,over_pool,1.28178,0,1.1929,0.006702,1.60134,3.85961,-1.48001,0,0.00379115,3.71728,5.97991,0,0
628,over_pool,11.9506,10.668,1.14788,0.006756,1.60122,3.85963,-1.48185,0,0.00379115,3.71728,5.97991,0,0
629,over_pool,1.16184,0,1.07532,0.006656,1.6011,3.85965,-1.48353,0,0.00379115,3.71728,5.97991,0,0
630,over_pool,12.2737,11.0534,1.08062,0.007961,1.601,3.85967,-1.48505,0,0.00379115,3.71728,5.97991,0,0
631,over_pool,1.19989,0,1.10616,0.006667,1.60091,3.85969,-1.48644,0,0.00379115,3.71728,5.97991,0,0
632,over_pool,12.1046,10.89,1.08268,0.006814,1.60083,3.85971,-1.48769,0,0.00379115,3.71728,5.97991,0,0
633,over_pool,1.16799,0,1.08361,0.00675,1.60075,3.85972,-1.48883,0,0.00379115,3.71728,5.97991,0,0
634,over_pool,11.9222,10.6857,1.10613,0.006776,1.60068,3.85973,-1.48986,0,0.00379115,3.71728,5.97991,0,0
635,over_pool,1.14428,0,1.06182,0.006789,1.60062,3.85974,-1.4908,0,0.00379115,3.71728,5.97991,0,0
636,over_pool,12.4156,11.1881,1.07088,0.007831,1.60056,3.85975,-1.49165,0,0.00379115,3.71728,5.97991,0,0
637,over_pool,1.1768,0,1.08262,0.006772,1.60051,3.85976,-1.49242,0,0.00379115,3.71728,5.97991,0,0
638,over_pool,12.0926,10.891,1.06912,0.006824,1.60046,3.85977,-1.49312,0,0.00379115,3.71728,5.97991,0,0
639,over_pool,1.14763,0,1.06464,0.00678,1.60042,3.85978,-1.49376,0,0.00379115,3.71728,5.97991,0,0
640,over_pool,12.1907,10.947,1.10591,0.007573,1.60038,3.85979,-1.49433,0,0.00379115,3.71728,5.97991,0,0
641,over_pool,1.17956,0,1.08725,0.00668,1.60035,3.85979,-1.49486,0,0.00379115,3.71728,5.97991,0,0
642,over_pool,12.4325,11.1745,1.10273,0.006962,1.60031,3.8598,-1.49533,0,0.00379115,3.71728,5.97991,0,0
643,over_pool,1.16693,0,1.08161,0.00667,1.60028,3.85981,-1.49576,0,0.00379115,3.71728,5.97991,0,0
644,over_pool,12.3344,11.0922,1.10522,0.007669,1.60026,3.85981,-1.49616,0,0.00379115,3.71728,5.97991,0,0
645,over_pool,1.21587,0,1.12393,0.00666,1.60023,3.85981,-1.49651,0,0.00379115,3.71728,5.97991,0,0
646,over_pool,12.5835,11.2808,1.16784,0.006942,1.60021,3.85982,-1.49683,0,0.00379115,3.71728,5.97991,0,0
647,over_pool,1.16891,0,1.08279,0.006708,1.60019,3.85982,-1.49713,0,0.00379115,3.71728,5.97991,0,0
648,over_pool,11.9819,10.7115,1.13976,0.006719,1.60018,3.85983,-1.49739,0,0.00379115,3.71728,5.97991,0,0
649,over_pool,1.15,0,1.06808,0.006648,1.60016,3.85983,-1.49763,0,0.00379115,3.71728,5.97991,0,0
650,over_pool,12.4985,11.3035,1.06039,0.007173,1.60014,3.85983,-1.49785,0,0.00379115,3.71728,5.97991,0,0
651,over_pool,1.20885,0,1.11428,0.006759,1.60013,3.85983,-1.49805,0,0.00379115,3.71728,5.97991,0,0
652,over_pool,12.6499,11.3934,1.12228,0.006832,1.60012,3.85984,-1.49823,0,0.00379115,3.71728,5.97991,0,0
653,over_pool,1.15874,0,1.0725,0.00664,1.60011,3.85984,-1.49839,0,0.00379115,3.71728,5.97991,0,0
654,over_pool,12.4216,11.14,1.14666,0.006954,1.6001,3.85984,-1.49854,0,0.00379115,3.71728,5.97991,0,0
655,over_pool,1.21685,0,1.12571,0.006624,1.60009,3.85984,-1.49868,0,0.00379115,3.71728,5.97991,0,0
656,over_pool,12.3735,11.0823,1.15713,0.006849,1.60008,3.85984,-1.4988,0,0.00379115,3.71728,5.97991,0,0
657,over_pool,1.18413,0,1.09877,0.006684,1.60007,3.85984,-1.49891,0,0.00379115,3.71728,5.97991,0,0
658,over_pool,11.7889,10.5508,1.10771,0.006654,1.60007,3.85984,-1.49901,0,0.00379115,3.71728,5.97991,0,0
659,over_pool,1.19477,0,1.11298,0.00671,1.60006,3.85985,-1.4991,0,0.00379115,3.71728,5.97991,0,0
660,over_pool,12.7711,11.0662,1.53337,0.007376,1.60005,3.85985,-1.49919,0,0.00379115,3.71728,5.97991,0,0
661,over_pool,1.30623,0,1.21815,0.006711,1.60005,3.85985,-1.49926,0,0.00379115,3.71728,5.97991,0,0
662,over_pool,12.0243,10.7106,1.18063,0.006677,1.60005,3.85985,-1.49933,0,0.00379115,3.71728,5.97991,0,0
663,over_pool,1.17443,0,1.09139,0.006702,1.60004,3.85985,-1.49939,0,0.00379115,3.71728,5.97991,0,0
664,over_pool,11.844,10.6283,1.08493,0.006682,1.60004,3.85985,-1.49945,0,0.00379115,3.71728,5.97991,0,0
665,over_pool,1.22052,0,1.11527,0.010355,1.60003,3.85985,-1.4995,0,0.00379115,3.71728,5.97991,0,0
666,over_pool,12.7961,11.1037,1.55219,0.007095,1.60003,3.85985,-1.49955,0,0.00379115,3.71728,5.97991,0,0
667,over_pool,1.33071,0,1.24047,0.006693,1.60003,3.85985,-1.49959,0,0.00379115,3.71728,5.97991,0,0
668,over_pool,12.775,11.4676,1.16646,0.006798,1.60003,3.85985,-1.49963,0,0.00379115,3.71728,5.97991,0,0
669,over_pool,1.21016,0,1.1239,0.006658,1.60002,3.85985,-1.49966,0,0.00379115,3.71728,5.97991,0,0
670,over_pool,13.0954,11.7115,1.2412,0.00774,1.60002,3.85985,-1.49969,0,0.00379115,3.71728,5.97991,0,0
671,over_pool,1.20109,0,1.10535,0.006727,1.60002,3.85985,-1.49972,0,0.00379115,3.71728,5.97991,0,0
672,over_pool,12.0871,10.7197,1.23209,0.006707,1.60002,3.85985,-1.49975,0,0.00379115,3.71728,5.97991,0,0
673,over_pool,1.16793,0,1.08431,0.006631,1.60002,3.85985,-1.49977,0,0.00379115,3.71728,5.97991,0,0
674,over_pool,12.1074,10.8592,1.11114,0.007619,1.60001,3.85985,-1.49979,0,0.00379115,3.71728,5.97991,0,0
675,over_pool,1.33316,0,1.20488,0.010646,1.60001,3.85985,-1.49981,0,0.00379115,3.71728,5.97991,0,0
676,over_pool,12.2836,10.8972,1.25035,0.00668,1.60001,3.85985,-1.49983,0,0.00379115,3.71728,5.97991,0,0
677,over_pool,1.18399,0,1.09943,0.006734,1.60001,3.85986,-1.49984,0,0.00379115,3.71728,5.97991,0,0
678,over_pool,11.9756,10.7268,1.119,0.006696,1.60001,3.85986,-1.49986,0,0.00379115,3.71728,5.97991,0,0
679,over_pool,1.18308,0,1.10098,0.006664,1.60001,3.85986,-1.49987,0,0.00379115,3.71728,5.97991,0,0
680,over_pool,12.2313,10.9819,1.11328,0.007183,1.60001,3.85986,-1.49988,0,0.00379115,3.71728,5.97991,0,0
681,over_pool,1.45199,0,1.35696,0.00686,1.60001,3.85986,-1.49989,0,0.00379115,3.71728,5.97991,0,0
682,over_pool,12.3477,10.9977,1.2177,0.006825,1.60001,3.85986,-1.4999,0,0.00379115,3.71728,5.97991,0,0
683,over_pool,1.18259,0,1.09868,0.006659,1.60001,3.85986,-1.49991,0,0.00379115,3.71728,5.97991,0,0
684,over_pool,12.1771,10.9078,1.11877,0.010553,1.60001,3.85986,-1.49992,0,0.00379115,3.71728,5.97991,0,0
685,over_pool,1.22593,0,1.13429,0.006676,1.6,3.85986,-1.49993,0,0.00379115,3.71728,5.97991,0,0
686,over_pool,12.4128,11.1789,1.1015,0.006773,1.6,3.85986,-1.49993,0,0.00379115,3.71728,5.97991,0,0
687,over_pool,1.21998,0,1.13454,0.006627,1.6,3.85986,-1.49994,0,0.00379115,3.71728,5.97991,0,0
688,over_pool,12.0744,10.8275,1.10874,0.007305,1.6,3.85986,-1.49995,0,0.00379115,3.71728,5.97991,0,0
689,over_pool,1.24275,0,1.13922,0.006726,1.6,3.85986,-1.49995,0,0.00379115,3.71728,5.97991,0,0
690,over_pool,13.1005,11.2581,1.67105,0.008384,1.6,3.85986,-1.49996,0,0.00379115,3.71728,5.97991,0,0
691,over_pool,1.18715,0,1.08773,0.006743,1.6,3.85986,-1.49996,0,0.00379115,3.71728,5.97991,0,0
692,over_pool,13.0551,11.7843,1.12485,0.007903,1.6,3.85986,-1.49996,0,0.00379115,3.71728,5.97991,0,0
693,over_pool,1.215,0,1.1162,0.006715,1.6,3.85986,-1.49997,0,0.00379115,3.71728,5.97991,0,0
694,over_pool,12.9187,11.4692,1.30072,0.007912,1.6,3.85986,-1.49997,0,0.00379115,3.71728,5.97991,0,0
695,over_pool,1.24646,0,1.14995,0.006688,1.6,3.85986,-1.49997,0,0.00379115,3.71728,5.97991,0,0
696,over_pool,12.9017,11.6717,1.08074,0.007997,1.6,3.85986,-1.49998,0,0.00379115,3.71728,5.97991,0,0
697,over_pool,1.2742,0,1.17671,0.006669,1.6,3.85986,-1.49998,0,0.00379115,3.71728,5.97991,0,0
698,over_pool,12.3233,11.0712,1.11095,0.007951,1.6,3.85986,-1.49998,0,0.00379115,3.71728,5.97991,0,0
699,over_pool,1.25501,0,1.14097,0.0171,1.6,3.85986,-1.49998,0,0.00379115,3.71728,5.97991,0,0
700,over_pool,12.3439,11.0255,1.18206,0.007273,1.6,3.85986,-1.49998,0,0.00379115,3.71728,5.97991,0,0
701,over_pool,1.18329,0,1.09728,0.006671,1.6,3.85986,-1.49998,0,0.00379115,3.71728,5.97991,0,0
702,over_pool,12.3378,11.0856,1.10979,0.00797,1.6,3.85986,-1.49999,0,0.00379115,3.71728,5.97991,0,0
703,over_pool,1.25223,0,1.1547,0.007072,1.6,3.85986,-1.49999,0,0.00379115,3.71728,5.97991,0,0
704,over_pool,12.8664,11.5681,1.09804,0.007837,1.6,3.85986,-1.49999,0,0.00379115,3.71728,5.97991,0,0
705,dip,1.25973,0,1.16061,0.006695,1.6,3.83769,-1.49999,0,0.00379115,3.71728,5.97991,0,0
706,dip,12.2944,11.0499,1.10123,0.006808,1.6,3.79335,-1.49999,0,0.00379115,3.71728,5.97991,0,0
707,dip,1.18302,0,1.08752,0.006684,1.6,3.72684,-1.49999,0,0.00379115,3.71728,5.97991,0,0
708,dip,12.6364,11.2956,1.15947,0.00811,1.6,3.63816,-1.49999,0,0.00379115,3.71728,5.97991,0,0
709,dip,1.63335,0,1.48925,0.006943,1.6,3.52731,-1.49999,0,0.00379115,3.71728,5.97991,0,0
710,dip,14.2307,11.8989,2.16793,0.008691,1.6,3.39795,-1.49999,0,0.00379115,3.71728,5.97991,0,0
711,dip,2.8153,0,2.69805,0.006835,1.6,3.25783,-1.49999,0,0.00379115,3.71728,5.97991,0,0
712,dip,14.3682,11.206,3.00047,0.007746,1.6,3.11273,-1.5,0,0.00379115,3.71728,5.97991,0,0
713,dip,3.28146,0,3.14435,0.010542,1.6,2.96688,-1.5,0,0.00379115,3.71728,5.97991,0,0
714,dip,15.2949,11.0783,4.03639,0.00738,1.6,2.82335,-1.49999,0,0.00379115,3.71728,5.97991,0,0
715,dip,4.47055,0,4.35354,0.006776,1.59999,2.68435,-1.49998,0,0.00379115,3.71728,5.97991,0,0
716,dip,16.9896,11.6019,5.18252,0.007853,1.59998,2.55158,-1.49993,0,0.00379115,3.71728,5.97991,0,0
717,dip,5.19605,0,5.06378,0.006623,1.59965,2.42714,-1.50018,0,0.00379115,3.71728,5.97991,0,0
718,dip,16.3865,11.0569,5.15931,0.00775,1.5989,2.31192,-1.50073,0,0.00379115,3.71728,5.97991,0,0
719,dip,5.7849,0,5.64925,0.007196,1.59811,2.20528,-1.50071,0,0.00379115,3.71728,5.97991,0,0
720,dip,17.5594,11.7685,5.5983,0.007848,1.59724,2.10757,-1.50008,0,0.00379115,3.71728,5.97991,0,0
721,dip,6.13838,0,6.01027,0.006758,1.59607,2.01749,-1.49845,0,0.00379115,3.71728,5.97991,0,0
722,dip,19.7733,12.4851,7.03813,0.007748,1.59467,1.93524,-1.49612,0,0.00379115,3.71728,5.97991,0,0
723,dip,6.13819,0,6.00855,0.006722,1.59184,1.86122,-1.494,0,0.00379115,3.71728,5.97991,0,0
724,dip,17.3864,11.247,5.96721,0.007821,1.58794,1.79472,-1.49209,0,0.00379115,3.71728,5.97991,0,0
725,dip,6.26159,0,6.13704,0.006819,1.58507,1.73645,-1.49111,0,0.00379115,3.71728,5.97991,0,0
726,dip,18.1118,11.6951,6.22774,0.008329,1.58297,1.68526,-1.49084,0,0.00379115,3.71728,5.97991,0,0
727,dip,7.05318,0,6.90499,0.007324,1.58234,1.63934,-1.49175,0,0.00379115,3.71728,5.97991,0,0
728,dip,19.1261,12.0512,6.80961,0.009866,1.58277,1.59811,-1.49352,0,0.00379115,3.71728,5.97991,0,0
729,dip,7.04127,0,6.91054,0.007129,1.58391,1.55969,-1.49562,0,0.00379115,3.71728,5.97991,0,0
730,dip,19.8832,12.6237,7.03431,0.007614,1.58553,1.52403,-1.49795,0,0.00379115,3.71728,5.97991,0,0
731,dip,7.1118,0,6.98542,0.006777,1.58755,1.4904,-1.49989,0,0.00379115,3.71728,5.97991,0,0
732,dip,21.7578,14.7466,6.83112,0.0079,1.58982,1.45886,-1.50154,0,0.00379115,3.71728,5.97991,0,0
733,dip,6.78205,0,6.6517,0.007144,1.59166,1.42964,-1.50108,0,0.00379115,3.71728,5.97991,0,0
734,dip,22.179,15.4456,6.55225,0.007858,1.59317,1.40265,-1.49916,0,0.00379115,3.71728,5.97991,0,0
735,dip,6.70254,0,6.57515,0.006662,1.59397,1.37983,-1.49529,0,0.00379115,3.71728,5.97991,0,0
736,dip,22.3807,15.7824,6.40932,0.017156,1.59424,1.36046,-1.49008,0,0.00379115,3.71728,5.97991,0,0
737,dip,6.86277,0,6.70792,0.016619,1.59531,1.34399,-1.48552,0,0.00379115,3.71728,5.97991,0,0
738,dip,26.6704,18.6444,7.74294,0.008156,1.59679,1.32988,-1.48189,0,0.00379115,3.71728,5.97991,0,0
739,dip,6.89001,0,6.75121,0.007112,1.59961,1.31674,-1.48258,0,0.00379115,3.71728,5.97991,0,0
740,dip,22.9824,15.9466,6.77098,0.008323,1.60328,1.30479,-1.48601,0,0.00379115,3.71728,5.97991,0,0
741,dip,6.81874,0,6.65642,0.007202,1.60717,1.29455,-1.48964,0,0.00379115,3.71728,5.97991,0,0
742,dip,22.6723,15.8276,6.63947,0.007895,1.61138,1.28568,-1.49325,0,0.00379115,3.71728,5.97991,0,0
743,dip,6.68094,0,6.52261,0.007487,1.61287,1.27861,-1.4965,0,0.00379115,3.71728,5.97991,0,0
744,dip,20.9712,13.8416,6.92734,0.007896,1.61233,1.27297,-1.49949,0,0.00379115,3.71728,5.97991,0,0
745,dip,6.94113,0,6.73732,0.021478,1.6113,1.26728,-1.50121,0,0.00379115,3.71728,5.97991,0,0
746,dip,21.7902,14.7709,6.76091,0.015629,1.60996,1.2617,-1.50201,0,0.00379115,3.71728,5.97991,0,0
747,dip,9.97891,0,9.74946,0.012429,1.6076,1.25526,-1.50207,0,0.00379115,3.71728,5.97991,0,0
748,dip,18.5876,11.1787,7.12118,0.022485,1.60452,1.24829,-1.50182,0,0.00379115,3.71728,5.97991,0,0
749,dip,6.70576,0,6.57766,0.006796,1.6028,1.24095,-1.50106,0,0.00379115,3.71728,5.97991,0,0
750,dip,17.7469,11.1856,6.39448,0.007913,1.60226,1.23349,-1.49997,0,0.00379115,3.71728,5.97991,0,0
751,dip,6.33926,0,6.22489,0.00686,1.60234,1.22634,-1.49892,0,0.00379115,3.71728,5.97991,0,0
752,dip,17.4485,11.2204,6.06103,0.00807,1.60287,1.21959,-1.49792,0,0.00379115,3.71728,5.97991,0,0
753,dip,6.93169,0,6.80511,0.007168,1.60327,1.21317,-1.49556,0,0.00379115,3.71728,5.97991,0,0
754,dip,17.7047,11.033,6.45127,0.007503,1.60356,1.20711,-1.49229,0,0.00379115,3.71728,5.97991,0,0
755,dip,7.41308,0,7.29079,0.006924,1.60372,1.20118,-1.48991,0,0.00379115,3.71728,5.97991,0,0
756,dip,17.3343,10.8863,6.28533,0.007593,1.60377,1.19544,-1.48822,0,0.00379115,3.71728,5.97991,0,0
757,dip,6.54632,0,6.42433,0.007036,1.60463,1.19007,-1.48742,0,0.00379115,3.71728,5.97991,0,0
758,dip,17.3257,11.0069,6.14147,0.007655,1.60605,1.18506,-1.48726,0,0.00379115,3.71728,5.97991,0,0
759,dip,6.38109,0,6.25173,0.006887,1.60736,1.18088,-1.48768,0,0.00379115,3.71728,5.97991,0,0
760,dip,17.5541,11.0506,6.30857,0.007054,1.60856,1.17736,-1.48849,0,0.00379115,3.71728,5.97991,0,0
761,dip,6.41241,0,6.28699,0.006881,1.60939,1.17494,-1.48996,0,0.00379115,3.71728,5.97991,0,0
762,dip,17.4874,11.1409,6.18127,0.007391,1.60993,1.17333,-1.49185,0,0.00379115,3.71728,5.97991,0,0
763,dip,6.49812,0,6.35236,0.006736,1.60986,1.17342,-1.49564,0,0.00379115,3.71728,5.97991,0,0
764,dip,18.0813,11.5308,6.37186,0.007945,1.60936,1.17468,-1.50069,0,0.00379115,3.71728,5.97991,0,0
765,dip,6.37515,0,6.25781,0.007038,1.6084,1.17691,-1.50545,0,0.00379115,3.71728,5.97991,0,0
766,dip,18.308,11.5467,6.58795,0.008143,1.60711,1.17977,-1.50992,0,0.00379115,3.71728,5.97991,0,0
767,dip,6.56209,0,6.44204,0.007408,1.60605,1.18224,-1.51268,0,0.00379115,3.71728,5.97991,0,0
768,dip,17.9585,11.3295,6.44884,0.007066,1.60515,1.1844,-1.51419,0,0.00379115,3.71728,5.97991,0,0
769,dip,6.37073,0,6.25437,0.006878,1.60452,1.18546,-1.51479,0,0.00379115,3.71728,5.97991,0,0
770,dip,17.759,11.1391,6.45766,0.006895,1.60408,1.18573,-1.51475,0,0.00379115,3.71728,5.97991,0,0
771,dip,6.36532,0,6.25713,0.006643,1.60397,1.18529,-1.51557,0,0.00379115,3.71728,5.97991,0,0
772,dip,18.4222,11.9949,6.25181,0.008247,1.6041,1.18435,-1.51697,0,0.00379115,3.71728,5.97991,0,0
773,dip,6.44229,0,6.33026,0.006661,1.60453,1.18359,-1.51801,0,0.00379115,3.71728,5.97991,0,0
774,dip,17.6332,11.2963,6.18081,0.006694,1.60517,1.18298,-1.51878,0,0.00379115,3.71728,5.97991,0,0
775,dip,6.60156,0,6.41196,0.015889,1.60553,1.1834,-1.51888,0,0.00379115,3.71728,5.97991,0,0
776,dip,18.7006,11.3812,7.12785,0.007238,1.60569,1.18446,-1.51852,0,0.00379115,3.71728,5.97991,0,0
777,dip,6.35361,0,6.24617,0.006682,1.60519,1.1857,-1.51674,0,0.00379115,3.71728,5.97991,0,0
778,dip,18.4499,11.6808,6.57829,0.008211,1.60444,1.18701,-1.51401,0,0.00379115,3.71728,5.97991,0,0
779,dip,6.4841,0,6.36793,0.006653,1.60378,1.18722,-1.51093,0,0.00379115,3.71728,5.97991,0,0
780,dip,18.184,11.6459,6.35634,0.00779,1.6032,1.18666,-1.50767,0,0.00379115,3.71728,5.97991,0,0
781,dip,6.3247,0,6.20352,0.017064,1.60286,1.18526,-1.50488,0,0.00379115,3.71728,5.97991,0,0
782,dip,17.6529,11.1854,6.31143,0.006738,1.6027,1.18329,-1.50247,0,0.00379115,3.71728,5.97991,0,0
783,dip,6.79231,0,6.67762,0.007114,1.6026,1.18134,-1.50086,0,0.00379115,3.71728,5.97991,0,0
784,dip,18.1687,11.305,6.69505,0.007041,1.60254,1.17946,-1.49983,0,0.00379115,3.71728,5.97991,0,0
785,dip,6.47429,0,6.37249,0.006603,1.60191,1.17812,-1.49935,0,0.00379115,3.71728,5.97991,0,0
786,dip,18.1294,11.4205,6.53277,0.00712,1.60089,1.1772,-1.49925,0,0.00379115,3.71728,5.97991,0,0
787,dip,6.41082,0,6.2958,0.006642,1.59922,1.17687,-1.49941,0,0.00379115,3.71728,5.97991,0,0
788,dip,18.169,11.8109,6.19394,0.007763,1.5973,1.177,-1.49968,0,0.00379115,3.71728,5.97991,0,0
789,dip,6.38959,0,6.27585,0.006765,1.59613,1.17681,-1.4999,0,0.00379115,3.71728,5.97991,0,0
790,dip,17.7626,11.2308,6.37597,0.006739,1.5955,1.17639,-1.50009,0,0.00379115,3.71728,5.97991,0,0
791,dip,6.4789,0,6.36713,0.006741,1.59538,1.17567,-1.5003,0,0.00379115,3.71728,5.97991,0,0
792,dip,17.9303,11.3183,6.44902,0.007271,1.59561,1.17475,-1.50052,0,0.00379115,3.71728,5.97991,0,0
793,dip,6.37921,0,6.27432,0.006702,1.59576,1.17384,-1.50065,0,0.00379115,3.71728,5.97991,0,0
794,dip,18.0023,11.4756,6.35954,0.007295,1.59585,1.17296,-1.50073,0,0.00379115,3.71728,5.97991,0,0
795,dip,6.36167,0,6.25303,0.006738,1.59587,1.17215,-1.50067,0,0.00379115,3.71728,5.97991,0,0
796,dip,17.886,11.5494,6.16874,0.007631,1.59582,1.17141,-1.50052,0,0.00379115,3.71728,5.97991,0,0
797,dip,6.44403,0,6.32946,0.006827,1.59571,1.17089,-1.50016,0,0.00379115,3.71728,5.97991,0,0
798,dip,17.8508,11.3937,6.28068,0.016498,1.59555,1.17054,-1.49964,0,0.00379115,3.71728,5.97991,0,0
799,dip,6.29612,0,6.19093,0.006659,1.59553,1.17023,-1.49904,0,0.00379115,3.71728,5.97991,0,0
800,dip,18.3494,11.6558,6.49041,0.011047,1.59562,1.16996,-1.49838,0,0.00379115,3.71728,5.97991,0,0
801,dip,6.42912,0,6.31845,0.00672,1.5959,1.16956,-1.49768,0,0.00379115,3.71728,5.97991,0,0
802,dip,18.0817,11.696,6.22361,0.007641,1.59631,1.1691,-1.49696,0,0.00379115,3.71728,5.97991,0,0
803,dip,6.30523,0,6.19328,0.006651,1.59653,1.16883,-1.49619,0,0.00379115,3.71728,5.97991,0,0
804,dip,19.0731,12.6479,6.26135,0.007981,1.5966,1.16872,-1.49539,0,0.00379115,3.71728,5.97991,0,0
805,dip,6.7316,0,6.61124,0.006853,1.59658,1.16857,-1.49474,0,0.00379115,3.71728,5.97991,0,0
806,dip,18.7954,12.1781,6.43424,0.008679,1.5965,1.16841,-1.49419,0,0.00379115,3.71728,5.97991,0,0
807,dip,6.42159,0,6.27206,0.021031,1.59633,1.16823,-1.49399,0,0.00379115,3.71728,5.97991,0,0
808,dip,20.642,13.3562,7.04622,0.013436,1.59609,1.16804,-1.49402,0,0.00379115,3.71728,5.97991,0,0
809,dip,7.31642,0,7.08418,0.018455,1.59587,1.16792,-1.49414,0,0.00379115,3.71728,5.97991,0,0
810,dip,19.3001,11.6511,7.43945,0.007559,1.59566,1.16784,-1.49431,0,0.00379115,3.71728,5.97991,0,0
811,dip,6.41325,0,6.28201,0.006619,1.5957,1.16756,-1.49452,0,0.00379115,3.71728,5.97991,0,0
812,dip,17.8909,11.5426,6.13691,0.007699,1.59593,1.16713,-1.49475,0,0.00379115,3.71728,5.97991,0,0
813,dip,6.39794,0,6.23387,0.0067,1.59622,1.1667,-1.49501,0,0.00379115,3.71728,5.97991,0,0
814,dip,17.8157,11.355,6.26015,0.007124,1.59656,1.16627,-1.49529,0,0.00379115,3.71728,5.97991,0,0
815,dip,6.49789,0,6.31059,0.006627,1.59677,1.16587,-1.49564,0,0.00379115,3.71728,5.97991,0,0
816,dip,18.3933,11.6123,6.52747,0.016182,1.59689,1.16549,-1.49603,0,0.00379115,3.71728,5.97991,0,0
817,dip,6.66678,0,6.50987,0.006633,1.59694,1.16519,-1.49648,0,0.00379115,3.71728,5.97991,0,0
818,dip,18.5813,11.7959,6.56248,0.007515,1.59694,1.16495,-1.49695,0,0.00379115,3.71728,5.97991,0,0
819,dip,6.36925,0,6.21069,0.006601,1.59686,1.16488,-1.49744,0,0.00379115,3.71728,5.97991,0,0
820,dip,26.4051,18.0024,8.07232,0.013698,1.59671,1.16493,-1.49793,0,0.00379115,3.71728,5.97991,0,0
821,dip,7.06643,0,6.89656,0.006752,1.59651,1.16495,-1.49842,0,0.00379115,3.71728,5.97991,0,0
822,dip,17.9223,11.5366,6.17683,0.007562,1.59626,1.16494,-1.49891,0,0.00379115,3.71728,5.97991,0,0
823,dip,6.78191,0,6.29983,0.006966,1.59614,1.16496,-1.49928,0,0.00379115,3.71728,5.97991,0,0
824,dip,17.5393,11.1963,6.14204,0.006685,1.59611,1.165,-1.49956,0,0.00379115,3.71728,5.97991,0,0
825,dip,6.51218,0,6.35688,0.006818,1.5965,1.16499,-1.49985,0,0.00379115,3.71728,5.97991,0,0
826,dip,17.833,11.2235,6.40815,0.007136,1.59717,1.16494,-1.50014,0,0.00379115,3.71728,5.97991,0,0
827,dip,6.35088,0,6.20454,0.006661,1.59791,1.16484,-1.50039,0,0.00379115,3.71728,5.97991,0,0
828,dip,17.8853,11.2609,6.41035,0.007462,1.59867,1.16471,-1.50062,0,0.00379115,3.71728,5.97991,0,0
829,dip,6.38019,0,6.22894,0.006643,1.59929,1.16444,-1.50082,0,0.00379115,3.71728,5.97991,0,0
830,dip,17.463,11.0888,6.17679,0.006714,1.5998,1.1641,-1.50099,0,0.00379115,3.71728,5.97991,0,0
831,dip,6.64165,0,6.47464,0.007263,1.60008,1.16369,-1.5011,0,0.00379115,3.71728,5.97991,0,0
832,dip,17.6641,11.1759,6.28947,0.006718,1.6002,1.16325,-1.50116,0,0.00379115,3.71728,5.97991,0,0
833,dip,6.41209,0,6.24639,0.006906,1.60015,1.16281,-1.5012,0,0.00379115,3.71728,5.97991,0,0
834,dip,17.9198,11.2262,6.31286,0.007245,1.59999,1.16238,-1.50123,0,0.00379115,3.71728,5.97991,0,0
835,dip,6.33276,0,6.22206,0.006636,1.59978,1.16202,-1.50122,0,0.00379115,3.71728,5.97991,0,0
836,dip,19.0823,11.6274,7.24116,0.008313,1.59954,1.16173,-1.50117,0,0.00379115,3.71728,5.97991,0,0
837,dip,6.54585,0,6.38077,0.006935,1.5994,1.16147,-1.5011,0,0.00379115,3.71728,5.97991,0,0
838,dip,20.2792,13.1697,6.88903,0.008318,1.59934,1.16125,-1.50102,0,0.00379115,3.71728,5.97991,0,0
839,dip,6.67959,0,6.54622,0.007023,1.59922,1.16103,-1.50087,0,0.00379115,3.71728,5.97991,0,0
840,dip,18.0959,11.4754,6.4575,0.006797,1.59905,1.16082,-1.50068,0,0.00379115,3.71728,5.97991,0,0
841,dip,7.46003,0,7.33377,0.006911,1.5989,1.16066,-1.5004,0,0.00379115,3.71728,5.97991,0,0
842,dip,17.878,11.3493,6.33769,0.007351,1.59877,1.16053,-1.50006,1,0.00379115,3.71728,5.97991,0,0
843,dip,6.61044,0,6.12305,0.006773,1.59886,1.16044,-1.49965,1,0.00379115,3.71728,5.97991,0,0
844,dip,17.9555,11.4202,6.35247,0.007857,1.59911,1.16039,-1.49921,1,0.00379115,3.71728,5.97991,0,0
845,dip,6.30558,0,6.18061,0.006632,1.5996,1.16036,-1.49888,1,0.00379115,3.71728,5.97991,0,0
846,dip,18.7145,11.5712,6.9364,0.007474,1.60027,1.16034,-1.49865,1,0.00379115,3.71728,5.97991,0,0
847,dip,6.70469,0,6.55652,0.007027,1.60095,1.16036,-1.49846,1,0.00379115,3.71728,5.97991,0,0
848,dip,20.9022,14.3261,6.33914,0.008749,1.60164,1.16042,-1.49832,1,0.00379115,3.71728,5.97991,0,0
849,dip,7.07168,0,6.92127,0.007263,1.60202,1.16035,-1.49809,1,0.00379115,3.71728,5.97991,0,0
850,dip,18.6217,11.7899,6.60832,0.008344,1.60216,1.16019,-1.49781,1,0.00379115,3.71728,5.97991,0,0
851,dip,6.85718,0,6.6754,0.006967,1.60205,1.15994,-1.49758,1,0.00379115,3.71728,5.97991,0,0
852,dip,18.3324,11.641,6.49736,0.007805,1.60176,1.15964,-1.4974,1,0.00379115,3.71728,5.97991,0,0
853,dip,7.1237,0,6.97769,0.007245,1.6014,1.1593,-1.49727,1,0.00379115,3.71728,5.97991,0,0
854,dip,18.4628,11.7036,6.53952,0.007986,1.601,1.15894,-1.49718,1,0.00379115,3.71728,5.97991,0,0
855,dip,7.02978,0,6.84774,0.00724,1.60074,1.15862,-1.4972,1,0.00379115,3.71728,5.97991,0,0
856,dip,18.1337,11.6406,6.30331,0.008824,1.60058,1.15835,-1.49729,2,0.00379115,3.71728,5.97991,0,0
857,dip,7.64087,0,7.49119,0.007022,1.60058,1.15815,-1.49744,2,0.00379115,3.71728,5.97991,0,0
858,dip,18.6693,11.8925,6.51835,0.013824,1.60069,1.15801,-1.49763,2,0.00379115,3.71728,5.97991,0,0
859,dip,7.64681,0,7.50023,0.007061,1.60081,1.15794,-1.49784,2,0.00379115,3.71728,5.97991,0,0
860,dip,18.1401,11.5153,6.42831,0.007745,1.60095,1.15792,-1.49806,2,0.00379115,3.71728,5.97991,0,0
861,dip,6.38415,0,6.25349,0.006593,1.60101,1.15793,-1.49829,2,0.00379115,3.71728,5.97991,0,0
862,dip,18.5922,12.168,6.24442,0.008665,1.60102,1.15795,-1.49851,2,0.00379115,3.71728,5.97991,0,0
863,dip,6.28337,0,6.15387,0.00662,1.60097,1.15793,-1.49871,2,0.00379115,3.71728,5.97991,0,0
864,dip,19.7287,13.4951,6.05833,0.007625,1.60086,1.15788,-1.4989,2,0.00379115,3.71728,5.97991,0,0
865,dip,6.35544,0,6.22433,0.006889,1.60077,1.15773,-1.49909,2,0.00379115,3.71728,5.97991,0,0
866,dip,19.5687,13.2261,6.17165,0.00682,1.60069,1.15751,-1.49928,2,0.00379115,3.71728,5.97991,0,0
867,dip,6.61578,0,6.45296,0.007139,1.60063,1.15722,-1.49947,2,0.00379115,3.71728,5.97991,0,0
868,dip,19.9097,13.4052,6.32912,0.006842,1.60058,1.15689,-1.49966,2,0.00379115,3.71728,5.97991,0,0
869,dip,6.26373,0,6.14548,0.00663,1.60054,1.15648,-1.49983,2,0.00379115,3.71728,5.97991,0,0
870,dip,20.0295,13.7953,6.05884,0.007631,1.60049,1.15601,-1.49998,2,0.00379115,3.71728,5.97991,0,0
871,dip,6.15813,0,6.03031,0.006645,1.6004,1.15547,-1.5001,2,0.00379115,3.71728,5.97991,0,0
872,dip,20.3543,14.0718,6.11397,0.007787,1.60027,1.15488,-1.5002,2,0.00379115,3.71728,5.97991,0,0
873,dip,6.27228,0,6.14956,0.006646,1.60012,1.15432,-1.50028,2,0.00379115,3.71728,5.97991,0,0
874,dip,20.7861,14.5753,6.05143,0.007573,1.59995,1.15379,-1.50034,3,0.00379115,3.71728,5.97991,0,0
875,dip,6.29329,0,6.17853,0.006856,1.5998,1.15329,-1.50038,3,0.00379115,3.71728,5.97991,0,0
876,dip,20.699,14.6118,5.92925,0.007288,1.59968,1.15282,-1.5004,3,0.00379115,3.71728,5.97991,0,0
877,dip,6.07855,0,5.97552,0.006671,1.59961,1.15243,-1.50039,3,0.00379115,3.71728,5.97991,0,0
878,dip,20.7757,14.452,6.13424,0.007214,1.59958,1.15211,-1.50037,3,0.00379115,3.71728,5.97991,0,0
879,dip,6.56153,0,6.42768,0.00693,1.59957,1.15198,-1.50034,3,0.00379115,3.71728,5.97991,0,0
880,dip,20.7485,14.357,6.2272,0.007478,1.59958,1.15199,-1.5003,3,0.00379115,3.71728,5.97991,0,0
881,dip,6.16278,0,6.05454,0.006657,1.59953,1.1521,-1.5003,3,0.00379115,3.71728,5.97991,0,0
882,dip,18.0302,11.9027,5.96598,0.007715,1.59946,1.15229,-1.50033,3,0.00379115,3.71728,5.97991,0,0
883,dip,6.11711,0,6.00617,0.006616,1.59919,1.15267,-1.5006,3,0.00379115,3.71728,5.97991,0,0
884,dip,17.4194,11.2207,6.04239,0.00668,1.59879,1.15317,-1.50103,4,0.00379115,3.71728,5.97991,0,0
885,dip,6.14687,0,6.00577,0.015854,1.59845,1.15363,-1.50111,4,0.00379115,3.71728,5.97991,0,0
886,dip,17.8197,11.241,6.40681,0.007235,1.59817,1.15407,-1.50095,4,0.00379115,3.71728,5.97991,0,0
887,dip,6.15606,0,6.05253,0.006622,1.59792,1.15424,-1.50044,4,0.00379115,3.71728,5.97991,0,0
888,dip,17.9333,11.7077,6.06623,0.007763,1.59769,1.15423,-1.49968,4,0.00379115,3.71728,5.97991,0,0
889,dip,6.08695,0,5.97958,0.006627,1.59786,1.15135,-1.49918,4,0.00379115,3.71728,5.97991,0,0
890,dip,17.8939,11.6212,6.11281,0.008059,1.59832,1.1492,-1.49872,4,0.00379115,3.71728,5.97991,0,0
891,dip,6.17793,0,6.06877,0.00675,1.59891,1.14679,-1.49862,4,0.00379115,3.71728,5.97991,0,0
892,dip,17.2957,11.1622,5.98311,0.006682,1.59958,1.14511,-1.49874,4,0.00379115,3.71728,5.97991,0,0
893,dip,6.16744,0,6.06622,0.006732,1.60016,1.14335,-1.49924,4,0.00379115,3.71728,5.97991,0,0
894,dip,17.6679,11.3409,6.16395,0.007346,1.60067,1.14243,-1.49997,4,0.00379115,3.71728,5.97991,0,0
895,dip,6.15183,0,6.01788,0.006755,1.60096,1.1412,-1.50013,4,0.00379115,3.71728,5.97991,0,0
896,dip,17.6372,11.4611,6.01698,0.007779,1.6011,1.14071,-1.49986,4,0.00379115,3.71728,5.97991,0,0
897,dip,6.15924,0,6.04992,0.006729,1.60112,1.13956,-1.49933,4,0.00379115,3.71728,5.97991,0,0
898,dip,17.5404,11.3896,5.95243,0.007356,1.60107,1.13895,-1.49857,4,0.00379115,3.71728,5.97991,0,0
899,dip,6.33327,0,6.19564,0.007043,1.601,1.13773,-1.49825,4,0.00379115,3.71728,5.97991,0,0
900,dip,17.769,11.2821,6.10126,0.006876,1.60092,1.13707,-1.49821,4,0.00379115,3.71728,5.97991,0,0
901,dip,6.11451,0,5.98996,0.006717,1.60084,1.13591,-1.49842,4,0.00379115,3.71728,5.97991,0,0
902,dip,17.5782,11.4862,5.91223,0.007575,1.60077,1.13542,-1.49876,4,0.00379115,3.71728,5.97991,0,0
903,dip,6.165,0,6.03183,0.006852,1.60067,1.13432,-1.49913,4,0.00379115,3.71728,5.97991,0,0
904,dip,17.5042,11.3247,6.00096,0.007584,1.60056,1.13388,-1.49947,4,0.00379115,3.71728,5.97991,0,0
905,dip,6.5203,0,6.38121,0.006887,1.60048,1.1308,-1.49986,4,0.00379115,3.71728,5.97991,0,0
906,dip,17.3325,11.1446,6.01164,0.006746,1.60046,1.12912,-1.50014,5,0.00379115,3.71728,5.97991,0,0
907,dip,6.24698,0,6.11339,0.006965,1.6005,1.12665,-1.50044,5,0.00379115,3.71728,5.97991,0,0
908,dip,17.9425,11.2647,6.47308,0.007203,1.60061,1.12549,-1.50067,5,0.00379115,3.71728,5.97991,0,0
909,dip,6.04387,0,5.91817,0.006674,1.60077,1.12336,-1.50092,5,0.00379115,3.71728,5.97991,0,0
910,dip,17.6679,11.4765,6.01182,0.007764,1.60099,1.12248,-1.5011,5,0.00379115,3.71728,5.97991,0,0
911,dip,6.22335,0,6.06535,0.007029,1.60118,1.12053,-1.50129,5,0.00379115,3.71728,5.97991,0,0
912,dip,17.2948,11.2072,5.93287,0.006876,1.60137,1.11978,-1.5014,5,0.00379115,3.71728,5.97991,0,0
913,dip,7.07557,0,6.87748,0.00741,1.60141,1.11791,-1.50155,5,0.00379115,3.71728,5.97991,0,0
914,dip,17.4704,11.2033,6.10968,0.00691,1.60137,1.11725,-1.50165,5,0.00379115,3.71728,5.97991,0,0
915,upright,6.01845,0,5.91717,0.006716,1.6012,1.11552,-1.50188,5,0.00379115,3.71728,5.97991,0,0
916,upright,18.1822,11.3533,6.63383,0.00704,1.60095,1.11529,-1.50227,5,0.00379115,3.71728,5.97991,0,0
917,upright,6.15833,0,5.97413,0.006713,1.60058,1.11438,-1.50096,5,0.00379115,3.71728,5.97991,0,0
918,upright,17.6293,11.1601,5.9126,0.007302,1.59947,1.12573,-1.50671,5,0.00379115,3.71728,5.97991,0,0
919,upright,6.70434,0,6.20828,0.00685,1.59743,1.1449,-1.5236,5,0.00379115,3.71728,5.97991,0,0
920,upright,17.3856,10.984,6.04182,0.006808,1.59628,1.18331,-1.54556,5,0.00379115,3.71728,5.97991,0,0
921,upright,7.132,0,6.92279,0.007498,1.59615,1.20815,-1.56927,5,0.00379115,3.71728,5.97991,0,0
922,upright,17.5329,11.0205,6.26372,0.007969,1.5956,1.23081,-1.59199,5,0.00379115,3.71728,5.97991,0,0
923,upright,6.97026,0,6.75999,0.007623,1.59566,1.24998,-1.61387,5,0.00379115,3.71728,5.97991,0,0
924,upright,19.0212,11.5324,7.22653,0.007291,1.59651,1.26656,-1.63212,5,0.00379115,3.71728,5.97991,0,0
925,upright,6.33016,0,6.17548,0.006673,1.59697,1.28116,-1.651,5,0.00379115,3.71728,5.97991,0,0
926,upright,20.4187,13.7117,6.49783,0.007259,1.59713,1.29595,-1.66878,5,0.00379115,3.71728,5.97991,0,0
927,upright,7.1954,0,7.02603,0.007002,1.59736,1.30755,-1.68601,5,0.00379115,3.71728,5.97991,0,0
928,upright,20.3774,14.1402,6.0493,0.00684,1.59752,1.31849,-1.70213,6,0.00379115,3.71728,5.97991,0,0
929,upright,6.25185,0,6.10188,0.007299,1.59617,1.32889,-1.71262,6,0.00379115,3.71728,5.97991,0,0
930,upright,19.791,13.7028,5.92266,0.00681,1.59326,1.33844,-1.71644,7,0.00379115,3.71728,5.97991,0,0
931,upright,6.32711,0,6.19524,0.007274,1.59048,1.34834,-1.71952,7,0.00379115,3.71728,5.97991,0,0
932,upright,19.1225,13.0564,5.88177,0.008791,1.58724,1.35656,-1.7193,7,0.00379115,3.71728,5.97991,0,0
933,upright,7.26555,0,7.0248,0.013061,1.58622,1.36023,-1.71828,7,0.00379115,3.71728,5.97991,0,0
934,upright,19.457,12.2829,6.82888,0.007892,1.58579,1.36834,-1.72103,7,0.00379115,3.71728,5.97991,0,0
935,upright,6.22467,0,6.08908,0.007303,1.58629,1.37327,-1.72426,7,0.00379115,3.71728,5.97991,0,0
936,upright,18.0555,11.8051,6.03601,0.017249,1.58739,1.37528,-1.72674,7,0.00379115,3.71728,5.97991,0,0
937,upright,6.18523,0,6.03621,0.007073,1.58914,1.37692,-1.72982,7,0.00379115,3.71728,5.97991,0,0
938,upright,18.3271,12.0094,6.07901,0.008182,1.59147,1.37751,-1.73289,7,0.00379115,3.71728,5.97991,0,0
939,upright,6.76079,0,6.60249,0.007122,1.59375,1.37667,-1.73332,7,0.00379115,3.71728,5.97991,0,0
940,upright,19.756,13.4153,6.11798,0.008377,1.5961,1.37418,-1.73159,7,0.00379115,3.71728,5.97991,0,0
941,upright,6.18903,0,5.99074,0.015238,1.59778,1.36958,-1.72679,7,0.00379115,3.71728,5.97991,0,0
942,upright,19.6205,13.3659,6.06187,0.008161,1.599,1.36255,-1.71925,7,0.00379115,3.71728,5.97991,0,0
943,upright,6.34796,0,6.13324,0.023784,1.5998,1.35365,-1.71025,7,0.00379115,3.71728,5.97991,0,0
944,upright,20.3314,13.9423,6.19354,0.008401,1.60024,1.34357,-1.70025,7,0.00379115,3.71728,5.97991,0,0
945,upright,6.46945,0,6.31579,0.007069,1.60037,1.33009,-1.69073,7,0.00379115,3.71728,5.97991,0,0
946,upright,21.0486,14.6673,6.16102,0.008058,1.60031,1.31758,-1.67999,7,0.00379115,3.71728,5.97991,0,0
947,upright,6.4802,0,6.27329,0.00751,1.59915,1.30393,-1.66882,7,0.00379115,3.71728,5.97991,0,0
948,upright,20.9492,14.7863,5.98461,0.006852,1.59728,1.29234,-1.65619,7,0.00379115,3.71728,5.97991,0,0
949,upright,5.94091,0,5.81485,0.006761,1.59524,1.28259,-1.64451,7,0.00379115,3.71728,5.97991,0,0
950,upright,22.3525,15.3275,6.79933,0.011805,1.59311,1.2751,-1.63331,7,0.00379115,3.71728,5.97991,0,0
951,upright,5.97806,0,5.84554,0.006773,1.5908,1.26725,-1.6242,7,0.00379115,3.71728,5.97991,0,0
952,upright,21.5894,15.1448,6.25259,0.00728,1.58809,1.2605,-1.61631,7,0.00379115,3.71728,5.97991,0,0
953,upright,5.98159,0,5.84743,0.006674,1.58526,1.25534,-1.60841,7,0.00379115,3.71728,5.97991,0,0
954,upright,21.3213,15.3822,5.75452,0.008086,1.5824,1.2523,-1.60033,7,0.00379115,3.71728,5.97991,0,0
955,upright,5.90826,0,5.77778,0.010636,1.58024,1.25145,-1.59251,7,0.00379115,3.71728,5.97991,0,0
956,upright,21.8734,15.9151,5.78537,0.008462,1.57861,1.25217,-1.58498,7,0.00379115,3.71728,5.97991,0,0
957,upright,6.00867,0,5.89009,0.006948,1.57924,1.24723,-1.57917,7,0.00379115,3.71728,5.97991,0,0
958,upright,20.8298,14.726,5.94085,0.007012,1.58155,1.24173,-1.57402,7,0.00379115,3.71728,5.97991,0,0
959,upright,6.33989,0,6.21999,0.007049,1.58465,1.23331,-1.57221,7,0.00379115,3.71728,5.97991,0,0
960,upright,19.0929,13.0191,5.91017,0.007356,1.58832,1.22527,-1.57242,7,0.00379115,3.71728,5.97991,0,0
961,upright,5.78846,0,5.68356,0.006778,1.59224,1.21597,-1.5691,7,0.00379115,3.71728,5.97991,0,0
962,upright,18.6767,12.3721,6.11166,0.007259,1.59634,1.20814,-1.56303,7,0.00379115,3.71728,5.97991,0,0
963,upright,5.80934,0,5.70197,0.006776,1.59955,1.19874,-1.55516,7,0.00379115,3.71728,5.97991,0,0
964,upright,18.5695,12.6965,5.70997,0.00738,1.60223,1.1916,-1.54571,7,0.00379115,3.71728,5.97991,0,0
965,upright,5.784,0,5.67167,0.007018,1.60451,1.1826,-1.53966,7,0.00379115,3.71728,5.97991,0,0
966,upright,19.3334,13.5269,5.6486,0.007161,1.60655,1.17604,-1.53576,7,0.00379115,3.71728,5.97991,0,0
967,upright,6.24161,0,6.12484,0.006969,1.60803,1.16824,-1.53429,7,0.00379115,3.71728,5.97991,0,0
968,upright,19.2063,13.2753,5.76833,0.00736,1.60916,1.16351,-1.53427,7,0.00379115,3.71728,5.97991,0,0
969,upright,5.68149,0,5.57754,0.006872,1.61068,1.15796,-1.53385,7,0.00379115,3.71728,5.97991,0,0
970,upright,19.3333,13.0098,6.15107,0.00746,1.61251,1.15651,-1.5329,7,0.00379115,3.71728,5.97991,0,0
971,upright,5.75977,0,5.65439,0.006819,1.61334,1.15283,-1.53,7,0.00379115,3.71728,5.97991,0,0
972,upright,19.4075,13.5297,5.70187,0.008192,1.61351,1.15314,-1.52555,7,0.00379115,3.71728,5.97991,0,0
973,upright,5.92105,0,5.80318,0.007196,1.61013,1.14887,-1.52171,7,0.00379115,3.71728,5.97991,0,0
974,upright,19.4906,13.3141,6.01201,0.007313,1.60437,1.14835,-1.51814,7,0.00379115,3.71728,5.97991,0,0
975,upright,6.25317,0,6.12569,0.007201,1.59918,1.14436,-1.51437,7,0.00379115,3.71728,5.97991,0,0
976,upright,19.4025,13.6201,5.60804,0.007656,1.59449,1.14324,-1.51039,7,0.00379115,3.71728,5.97991,0,0
977,upright,5.60255,0,5.43336,0.010441,1.59196,1.13695,-1.50858,7,0.00379115,3.71728,5.97991,0,0
978,upright,19.4772,13.2727,5.80936,0.007357,1.59106,1.13328,-1.50821,7,0.00379115,3.71728,5.97991,0,0
979,upright,5.54668,0,5.43031,0.006881,1.59175,1.12559,-1.5093,7,0.00379115,3.71728,5.97991,0,0
980,upright,19.0878,13.3819,5.53548,0.007824,1.59361,1.12097,-1.51129,7,0.00379115,3.71728,5.97991,0,0
981,upright,6.20276,0,6.07549,0.007194,1.59569,1.1137,-1.51336,7,0.00379115,3.71728,5.97991,0,0
982,upright,18.7371,13.0739,5.49831,0.007189,1.59798,1.10975,-1.5154,7,0.00379115,3.71728,5.97991,0,0
983,upright,6.03556,0,5.9056,0.006971,1.59968,1.10321,-1.5167,7,0.00379115,3.71728,5.97991,0,0
984,upright,19.2341,13.2461,5.81507,0.00712,1.60103,1.10017,-1.51742,7,0.00379115,3.71728,5.97991,0,0
985,upright,5.87267,0,5.687,0.011151,1.60189,1.09457,-1.51742,7,0.00379115,3.71728,5.97991,0,0
986,upright,19.2301,13.3638,5.67042,0.007234,1.60247,1.09251,-1.51687,7,0.00379115,3.71728,5.97991,0,0
987,upright,5.53783,0,5.42268,0.00685,1.60263,1.08783,-1.51634,7,0.00379115,3.71728,5.97991,0,0
988,upright,19.6441,13.5611,5.90513,0.007323,1.60255,1.08664,-1.51584,7,0.00379115,3.71728,5.97991,0,0
989,upright,5.61465,0,5.49507,0.006827,1.60208,1.08276,-1.51573,7,0.00379115,3.71728,5.97991,0,0
990,upright,18.9122,13.3212,5.39351,0.04153,1.60141,1.08226,-1.51589,7,0.00379115,3.71728,5.97991,0,0
991,upright,6.52885,0,6.3342,0.053833,1.60017,1.07947,-1.5163,7,0.00379115,3.71728,5.97991,0,0
992,upright,19.2833,13.482,5.59406,0.042316,1.59863,1.08023,-1.5169,7,0.00379115,3.71728,5.97991,0,0
993,upright,5.98712,0,5.82567,0.042249,1.5969,1.07794,-1.51603,7,0.00379115,3.71728,5.97991,0,0
994,upright,19.3013,13.5605,5.53052,0.046275,1.59515,1.07888,-1.51416,7,0.00379115,3.71728,5.97991,0,0
995,upright,5.53707,0,5.3891,0.041641,1.59343,1.07702,-1.51129,7,0.00379115,3.71728,5.97991,0,0
996,upright,19.7864,13.6835,5.89006,0.042597,1.59185,1.0782,-1.50779,7,0.00379115,3.71728,5.97991,0,0
997,upright,5.64916,0,5.4937,0.042077,1.59055,1.07668,-1.50423,7,0.00379115,3.71728,5.97991,0,0
998,upright,19.4306,13.8221,5.36313,0.055881,1.58956,1.07813,-1.50072,7,0.00379115,3.71728,5.97991,0,0
999,upright,5.72299,0,5.56204,0.041708,1.58889,1.077,-1.4976,7,0.00379115,3.71728,5.97991,0,0
1000,upright,19.1662,13.4346,5.53128,0.041691,1.58857,1.07891,-1.49489,7,0.00379115,3.71728,5.97991,0,0
1001,upright,5.97705,0,5.82144,0.041586,1.58932,1.07777,-1.49356,7,0.00379115,3.71728,5.97991,0,0
1002,upright,18.9761,13.3351,5.46861,0.007555,1.59093,1.07944,-1.49332,7,0.00379115,3.71728,5.97991,0,0
1003,upright,5.93206,0,5.81679,0.006964,1.59386,1.07789,-1.49278,7,0.00379115,3.71728,5.97991,0,0
1004,upright,20.0724,13.6875,6.20015,0.008168,1.59779,1.07906,-1.49216,7,0.00379115,3.71728,5.97991,0,0
1005,lift,5.88114,0,5.75419,0.00691,1.60223,1.09532,-1.49072,7,0.00379115,3.71728,5.97991,0,0
1006,lift,20.4064,14.4929,5.72696,0.00868,1.60721,1.13282,-1.48873,7,0.00379115,3.71728,5.97991,0,0
1007,lift,6.27032,0,6.10462,0.007027,1.61175,1.16622,-1.48686,7,0.00379115,3.71728,5.97991,0,0
1008,lift,19.1956,13.3031,5.73231,0.006985,1.61634,1.22062,-1.48577,7,0.00379115,3.71728,5.97991,0,0
1009,lift,6.48914,0,6.36621,0.006972,1.62025,1.26966,-1.48706,7,0.00379115,3.71728,5.97991,0,0
1010,lift,19.013,12.9425,5.90814,0.007012,1.62393,1.33898,-1.4891,7,0.00379115,3.71728,5.97991,0,0
1011,lift,6.16909,0,5.96492,0.028817,1.62573,1.40227,-1.49254,7,0.00379115,3.71728,5.97991,0,0
1012,lift,19.2403,13.2105,5.83027,0.007625,1.62639,1.48504,-1.49577,7,0.00379115,3.71728,5.97991,0,0
1013,lift,5.69841,0,5.58657,0.007013,1.62492,1.56214,-1.50106,7,0.00379115,3.71728,5.97991,0,0
1014,lift,19.0988,13.2256,5.68507,0.008716,1.62237,1.65831,-1.50551,7,0.00379115,3.71728,5.97991,0,0
1015,lift,6.98825,0,6.84768,0.007379,1.61889,1.75438,-1.51015,7,0.00379115,3.71728,5.97991,0,0
1016,lift,20.6327,14.1893,6.1826,0.015607,1.61568,1.87434,-1.51391,7,0.00379115,3.71728,5.97991,0,0
1017,lift,8.53811,0,8.40515,0.007059,1.61754,1.98223,-1.5159,7,0.00379115,3.71728,5.97991,0,0
1018,lift,19.6014,13.032,6.34565,0.00931,1.61822,2.10514,-1.51686,7,0.00379115,3.71728,5.97991,0,0
1019,lift,6.25085,0,6.11259,0.007211,1.61816,2.21966,-1.51707,7,0.00379115,3.71728,5.97991,0,0
1020,lift,19.098,13.0948,5.79556,0.00827,1.61788,2.34147,-1.51694,7,0.00379115,3.71728,5.97991,0,0
1021,lift,5.38983,0,5.23656,0.008046,1.61804,2.45479,-1.51741,7,0.00379115,3.71728,5.97991,0,0
1022,lift,19.5073,13.8679,5.36003,0.008255,1.61793,2.57125,-1.51744,7,0.00379115,3.71728,5.97991,0,0
1023,lift,4.79679,0,4.64278,0.00709,1.61805,2.68039,-1.51831,7,0.00379115,3.71728,5.97991,0,0
1024,lift,18.9352,14.3688,4.34653,0.008226,1.61786,2.78965,-1.51863,7,0.00379115,3.71728,5.97991,0,0
1025,lift,4.72857,0,4.37489,0.007101,1.61743,2.89246,-1.51842,7,0.00379115,3.71728,5.97991,0,0
1026,lift,19.5571,15.2567,3.87155,0.012338,1.61686,2.99277,-1.51795,7,0.00379115,3.71728,5.97991,0,0
1027,lift,6.21215,0,6.0588,0.007102,1.61606,3.08798,-1.51718,7,0.00379115,3.71728,5.97991,0,0
1028,lift,18.5527,14.5669,3.75642,0.031952,1.61521,3.17905,-1.51632,7,0.00379115,3.71728,5.97991,0,0
1029,lift,4.01353,0,3.84986,0.030005,1.61433,3.26536,-1.51542,7,0.00379115,3.71728,5.97991,0,0
1030,lift,16.4602,12.7878,3.45664,0.032094,1.61344,3.34655,-1.51449,7,0.00379115,3.71728,5.97991,0,0
1031,lift,3.73823,0,3.57868,0.029694,1.61255,3.42251,-1.51357,7,0.00379115,3.71728,5.97991,0,0
1032,lift,16.0552,12.1689,3.65573,0.048923,1.61168,3.49324,-1.51265,7,0.00379115,3.71728,5.97991,0,0
1033,lift,3.31809,0,3.14549,0.047811,1.61082,3.55889,-1.51176,7,0.00379115,3.71728,5.97991,0,0
1034,lift,16.0081,12.5087,3.21357,0.054883,1.60998,3.61961,-1.51089,7,0.00379115,3.71728,5.97991,0,0
1035,lift,3.18652,0,3.01684,0.047973,1.60919,3.67563,-1.51007,7,0.00379115,3.71728,5.97991,0,0
1036,lift,15.9592,12.4715,3.20044,0.050423,1.60844,3.72718,-1.50929,7,0.00379115,3.71728,5.97991,0,0
1037,lift,3.79722,0,3.61411,0.054141,1.60774,3.77449,-1.50856,7,0.00379115,3.71728,5.97991,0,0
1038,lift,15.6264,12.2298,3.11143,0.08805,1.60709,3.81783,-1.50787,7,0.00379115,3.71728,5.97991,0,0
1039,lift,3.2794,0,3.08944,0.065313,1.60649,3.85749,-1.50723,7,0.00379115,3.71728,5.97991,0,0
1040,lift,14.5943,11.2054,3.14102,0.077599,1.60593,3.89374,-1.50663,7,0.00379115,3.71728,5.97991,0,0
1041,lift,3.73315,0,3.51695,0.065587,1.60542,3.92686,-1.50608,7,0.00379115,3.71728,5.97991,0,0
1042,lift,14.7469,11.3228,3.17945,0.065221,1.60496,3.95708,-1.50557,7,0.00379115,3.71728,5.97991,0,0
1043,lift,3.7474,0,3.54138,0.064743,1.60454,3.98465,-1.5051,7,0.00379115,3.71728,5.97991,0,0
1044,lift,15.0255,11.5619,3.06827,0.066033,1.60415,4.00978,-1.50467,7,0.00379115,3.71728,5.97991,0,0
1045,lift,4.25446,0,3.17034,0.086716,1.6038,4.03268,-1.50427,7,0.00379115,3.71728,5.97991,0,0
1046,lift,15.6523,12.0449,3.16924,0.079286,1.60349,4.05353,-1.5039,7,0.00379115,3.71728,5.97991,0,0
1047,lift,3.85285,0,3.07442,0.080595,1.6032,4.07251,-1.50355,7,0.00379115,3.71728,5.97991,0,0
1048,lift,15.3757,11.3599,3.33971,0.07921,1.60293,4.08977,-1.50323,7,0.00379115,3.71728,5.97991,0,0
1049,lift,2.20141,0,1.99558,0.07808,1.60269,4.10549,-1.50294,7,0.00379115,3.71728,5.97991,0,0
1050,lift,13.8441,11.476,2.10562,0.079611,1.60247,4.11978,-1.50266,7,0.00379115,3.71728,5.97991,0,0
1051,lift,1.93872,0,1.73196,0.077459,1.60227,4.13277,-1.50241,7,0.00379115,3.71728,5.97991,0,0
1052,lift,13.4623,11.4469,1.75117,0.07967,1.60208,4.14458,-1.50218,7,0.00379115,3.71728,5.97991,0,0
1053,lift,1.74601,0,1.5309,0.078373,1.60199,4.15529,-1.50197,7,0.00379115,3.71728,5.97991,0,0
1054,lift,13.1685,11.2783,1.63321,0.080263,1.60189,4.165,-1.50178,7,0.00379115,3.71728,5.97991,0,0
1055,lift,1.53299,0,1.29084,0.078283,1.60181,4.17382,-1.50162,7,0.00379115,3.71728,5.97991,0,0
1056,lift,13.3522,11.8264,1.26458,0.078218,1.60172,4.1818,-1.50146,7,0.00379115,3.71728,5.97991,0,0
1057,lift,1.17938,0,0.96891,0.076238,1.60165,4.18905,-1.50133,7,0.00379115,3.71728,5.97991,0,0
1058,lift,13.4418,11.7623,0.943811,0.078156,1.60156,4.19562,-1.5012,7,0.00379115,3.71728,5.97991,0,0
1059,lift,1.3718,0,0.973786,0.076474,1.6015,4.20157,-1.50109,7,0.00379115,3.71728,5.97991,0,0
1060,lift,13.2382,11.8592,0.942593,0.078292,1.60142,4.20697,-1.50099,7,0.00379115,3.71728,5.97991,0,0
1061,lift,1.41145,0,0.993915,0.076528,1.60136,4.21187,-1.5009,7,0.00379115,3.71728,5.97991,0,0
1062,lift,12.9294,11.4345,0.950009,0.078833,1.60129,4.21632,-1.50081,7,0.00379115,3.71728,5.97991,0,0
1063,lift,1.44236,0,1.02279,0.077517,1.60124,4.22035,-1.50074,7,0.00379115,3.71728,5.97991,0,0
1064,lift,13.2126,11.4766,0.962465,0.075389,1.60118,4.22401,-1.50067,7,0.00379115,3.71728,5.97991,0,0
1065,lift,1.3346,0,0.948052,0.074443,1.60113,4.22733,-1.50061,7,0.00379115,3.71728,5.97991,0,0
1066,lift,13.7348,12.338,0.967021,0.079196,1.60107,4.23034,-1.50055,7,0.00379115,3.71728,5.97991,0,0
1067,lift,1.32933,0,0.936088,0.074618,1.60103,4.23307,-1.5005,7,0.00379115,3.71728,5.97991,0,0
1068,lift,13.0585,11.684,0.935353,0.074099,1.60098,4.23555,-1.50045,7,0.00379115,3.71728,5.97991,0,0
1069,lift,1.33169,0,0.924718,0.073903,1.601,4.2378,-1.50041,7,0.00379115,3.71728,5.97991,0,0
1070,lift,13.6759,12.2903,0.968962,0.075913,1.601,4.23984,-1.50037,7,0.00379115,3.71728,5.97991,0,0
1071,lift,1.1761,0,0.965579,0.074476,1.601,4.24169,-1.50034,7,0.00379115,3.71728,5.97991,0,0
1072,lift,13.8519,12.4347,0.954337,0.096639,1.60099,4.24337,-1.50031,7,0.00379115,3.71728,5.97991,0,0
1073,lift,1.36581,0,1.00684,0.07557,1.60098,4.24489,-1.50028,7,0.00379115,3.71728,5.97991,0,0
1074,lift,13.8654,12.4312,0.993879,0.088269,1.60096,4.24628,-1.50025,7,0.00379115,3.71728,5.97991,0,0
1075,lift,1.45629,0,1.05336,0.075317,1.60095,4.24753,-1.50023,7,0.00379115,3.71728,5.97991,0,0
1076,lift,13.7527,12.3625,0.974407,0.077874,1.60092,4.24867,-1.50021,7,0.00379115,3.71728,5.97991,0,0
1077,lift,1.33107,0,0.954104,0.074269,1.6009,4.24971,-1.50019,7,0.00379115,3.71728,5.97991,0,0
1078,lift,13.9995,12.5759,0.971062,0.077831,1.60087,4.25065,-1.50017,7,0.00379115,3.71728,5.97991,0,0
1079,lift,1.23451,0,1.01278,0.073903,1.60085,4.2515,-1.50016,7,0.00379115,3.71728,5.97991,0,0
1080,lift,13.9068,12.6581,0.957068,0.089465,1.60081,4.25227,-1.50014,7,0.00379115,3.71728,5.97991,0,0
1081,lift,1.19134,0,0.961816,0.062199,1.60079,4.25297,-1.50013,7,0.00379115,3.71728,5.97991,0,0
1082,lift,13.836,12.4343,0.966124,0.073132,1.60075,4.25361,-1.50012,7,0.00379115,3.71728,5.97991,0,0
1083,lift,1.18369,0,0.965303,0.062282,1.60176,4.23324,-1.5001,7,0.00379115,3.71728,5.97991,0,0
1084,lift,13.5758,12.3283,0.996877,0.063108,1.60246,4.21915,-1.50008,7,0.00379115,3.71728,5.97991,0,0
1085,lift,1.14214,0,0.95666,0.062423,1.60287,4.20289,-1.50003,7,0.00379115,3.71728,5.97991,0,0
1086,lift,12.1603,10.9723,0.965226,0.064045,1.60311,4.19233,-1.49998,7,0.00379115,3.71728,5.97991,0,0
1087,lift,1.26128,0,1.04304,0.076999,1.60311,4.17841,-1.49982,7,0.00379115,3.71728,5.97991,0,0
1088,lift,11.9443,10.6929,1.01801,0.069507,1.60306,4.17002,-1.49971,7,0.00379115,3.71728,5.97991,0,0
1089,lift,1.18951,0,1.00973,0.06238,1.60281,4.15826,-1.49944,7,0.00379115,3.71728,5.97991,0,0
1090,lift,11.8495,10.6161,1.01452,0.063011,1.60257,4.1518,-1.49926,7,0.00379115,3.71728,5.97991,0,0
1091,lift,1.15557,0,0.967219,0.062636,1.60258,4.14194,-1.49891,7,0.00379115,3.71728,5.97991,0,0
1092,lift,12.0336,10.7782,1.01341,0.064037,1.60253,4.13716,-1.49868,7,0.00379115,3.71728,5.97991,0,0
1093,lift,1.26551,0,1.02778,0.064963,1.60242,4.12902,-1.49827,7,0.00379115,3.71728,5.97991,0,0
1094,lift,12.4496,10.9201,1.23586,0.06438,1.6023,4.12573,-1.49801,7,0.00379115,3.71728,5.97991,0,0
1095,lift,1.16025,0,0.962944,0.062753,1.60194,4.11913,-1.49757,7,0.00379115,3.71728,5.97991,0,0
1096,lift,11.9883,10.7312,1.02408,0.062603,1.60164,4.11713,-1.49731,7,0.00379115,3.71728,5.97991,0,0
1097,lift,1.35189,0,0.980825,0.074118,1.60147,4.11181,-1.49686,7,0.00379115,3.71728,5.97991,0,0
1098,lift,12.4137,11.0415,0.960689,0.076506,1.60132,4.11087,-1.49661,7,0.00379115,3.71728,5.97991,0,0
1099,lift,1.42973,0,1.09648,0.063413,1.60093,4.10661,-1.49669,7,0.00379115,3.71728,5.97991,0,0
1100,lift,12.2662,10.9146,0.980156,0.065451,1.60064,4.10653,-1.49681,7,0.00379115,3.71728,5.97991,0,0
1101,lift,1.25855,0,1.03913,0.063763,1.60094,4.10308,-1.49721,7,0.00379115,3.71728,5.97991,0,0
1102,lift,12.2874,10.8748,1.03274,0.067202,1.60114,4.10365,-1.49756,7,0.00379115,3.71728,5.97991,0,0
1103,lift,1.31844,0,0.997702,0.06501,1.60156,4.10091,-1.49829,7,0.00379115,3.71728,5.97991,0,0
1104,lift,12.6573,11.1615,0.985666,0.068171,1.60184,4.10204,-1.49885,7,0.00379115,3.71728,5.97991,0,0
1105,lift,1.25543,0,1.05909,0.06439,1.60189,4.10003,-1.4993,7,0.00379115,3.71728,5.97991,0,0
1106,lift,11.976,10.6063,0.977202,0.065075,1.6019,4.1017,-1.49964,7,0.00379115,3.71728,5.97991,0,0
1107,lift,1.13611,0,0.971589,0.063645,1.60163,4.10028,-1.49978,7,0.00379115,3.71728,5.97991,0,0
1108,lift,12.0424,10.8586,0.966012,0.063508,1.60141,4.10236,-1.49988,7,0.00379115,3.71728,5.97991,0,0
1109,lift,1.14096,0,0.964154,0.065452,1.60099,4.10132,-1.50011,7,0.00379115,3.71728,5.97991,0,0
1110,lift,11.7722,10.5306,1.01711,0.074028,1.60068,4.10366,-1.50027,7,0.00379115,3.71728,5.97991,0,0
1111,lift,1.23354,0,1.05946,0.062123,1.60035,4.10291,-1.50034,7,0.00379115,3.71728,5.97991,0,0
1112,lift,12.1435,10.854,0.955892,0.117537,1.60011,4.10543,-1.50039,7,0.00379115,3.71728,5.97991,0,0
1113,lift,1.26732,0,1.08962,0.063533,1.6,4.10485,-1.50054,7,0.00379115,3.71728,5.97991,0,0
1114,lift,12.2296,10.9644,1.04323,0.063461,1.59992,4.10745,-1.50063,7,0.00379115,3.71728,5.97991,0,0
1115,lift,1.13303,0,0.959928,0.062015,1.59979,4.10701,-1.50074,7,0.00379115,3.71728,5.97991,0,0
1116,lift,15.8634,14.6702,0.957375,0.063352,1.5997,4.10967,-1.5008,7,0.00379115,3.71728,5.97991,0,0
1117,lift,1.34168,0,1.02469,0.16533,1.5996,4.1093,-1.50094,7,0.00379115,3.71728,5.97991,0,0
1118,lift,16.2221,14.8933,1.10366,0.063899,1.59953,4.11196,-1.50101,7,0.00379115,3.71728,5.97991,0,0
1119,lift,1.13656,0,0.960797,0.062049,1.59929,4.11167,-1.50094,7,0.00379115,3.71728,5.97991,0,0
1120,lift,16.0082,14.7731,0.997688,0.075142,1.59914,4.11434,-1.50087,7,0.00379115,3.71728,5.97991,0,0
1121,lift,1.22624,0,1.04684,0.063248,1.59911,4.11402,-1.50074,7,0.00379115,3.71728,5.97991,0,0
1122,lift,15.9842,14.7035,1.0566,0.064618,1.59911,4.11663,-1.50063,7,0.00379115,3.71728,5.97991,0,0
1123,lift,1.16576,0,0.992812,0.066553,1.59908,4.11623,-1.50076,7,0.00379115,3.71728,5.97991,0,0
1124,lift,16.4455,15.1651,0.967595,0.109853,1.59908,4.11874,-1.50084,7,0.00379115,3.71728,5.97991,0,0
1125,lift,1.7411,0,1.4476,0.114364,1.59905,4.11832,-1.50077,7,0.00379115,3.71728,5.97991,0,0
1126,lift,14.8383,13.0912,1.49019,0.066971,1.59905,4.12077,-1.50071,7,0.00379115,3.71728,5.97991,0,0
1127,lift,1.1889,0,1.02559,0.064627,1.59916,4.12024,-1.50081,7,0.00379115,3.71728,5.97991,0,0
1128,lift,15.0358,13.8071,1.01554,0.06737,1.59925,4.12257,-1.50087,7,0.00379115,3.71728,5.97991,0,0
1129,lift,1.25045,0,1.09123,0.065283,1.59916,4.12201,-1.50082,7,0.00379115,3.71728,5.97991,0,0
1130,lift,12.8395,11.6225,1.01454,0.065771,1.59911,4.12429,-1.50076,7,0.00379115,3.71728,5.97991,0,0
1131,lift,1.14025,0,0.986333,0.063943,1.59913,4.12363,-1.50065,7,0.00379115,3.71728,5.97991,0,0
1132,lift,12.5785,11.4095,0.977427,0.063711,1.59916,4.12581,-1.50055,7,0.00379115,3.71728,5.97991,0,0
1133,lift,1.14106,0,0.999656,0.062923,1.59919,4.12504,-1.50065,7,0.00379115,3.71728,5.97991,0,0
1134,lift,12.8041,11.5888,1.01193,0.064776,1.59923,4.1271,-1.50072,7,0.00379115,3.71728,5.97991,0,0
1135,lift,1.1737,0,1.00047,0.06196,1.59922,4.12627,-1.50063,7,0.00379115,3.71728,5.97991,0,0
1136,lift,12.8096,11.4647,1.13065,0.063625,1.59923,4.12828,-1.50056,7,0.00379115,3.71728,5.97991,0,0
1137,lift,1.1363,0,0.992876,0.062648,1.59924,4.12732,-1.50072,7,0.00379115,3.71728,5.97991,0,0
1138,lift,12.7217,11.5421,0.983793,0.063709,1.59927,4.12922,-1.50083,7,0.00379115,3.71728,5.97991,0,0
1139,lift,1.16174,0,1.01284,0.061546,1.59927,4.12824,-1.50067,7,0.00379115,3.71728,5.97991,0,0
1140,lift,13.5507,12.3441,1.01204,0.068933,1.59929,4.1301,-1.50055,7,0.00379115,3.71728,5.97991,0,0
1141,lift,1.22589,0,1.08406,0.061827,1.59937,4.12903,-1.50041,7,0.00379115,3.71728,5.97991,0,0
1142,lift,15.6403,14.4077,0.968304,0.09869,1.59945,4.13081,-1.5003,7,0.00379115,3.71728,5.97991,0,0
1143,lift,1.75005,0,1.52076,0.092892,1.59945,4.12964,-1.50045,7,0.00379115,3.71728,5.97991,0,0
1144,lift,17.0083,15.3136,1.45051,0.064569,1.59947,4.13133,-1.50055,7,0.00379115,3.71728,5.97991,0,0
1145,lift,1.18201,0,1.02018,0.062351,1.59952,4.13013,-1.50051,7,0.00379115,3.71728,5.97991,0,0
1146,lift,16.3058,15.0038,0.977391,0.099727,1.59956,4.13179,-1.50047,7,0.00379115,3.71728,5.97991,0,0
1147,lift,1.84785,0,1.60165,0.082892,1.59964,4.13054,-1.50038,7,0.00379115,3.71728,5.97991,0,0
1148,lift,14.0789,12.6879,1.1307,0.063944,1.5997,4.13215,-1.5003,7,0.00379115,3.71728,5.97991,0,0
1149,lift,1.17165,0,1.01128,0.061378,1.59979,4.13081,-1.50044,7,0.00379115,3.71728,5.97991,0,0
1150,lift,13.8344,12.6035,1.00989,0.06417,1.59986,4.13237,-1.50053,7,0.00379115,3.71728,5.97991,0,0
1151,lift,1.29557,0,1.12523,0.06366,1.59976,4.13105,-1.50037,7,0.00379115,3.71728,5.97991,0,0
1152,lift,13.076,11.7762,1.03989,0.096065,1.5997,4.13262,-1.50025,7,0.00379115,3.71728,5.97991,0,0
1153,lift,1.14982,0,0.995041,0.062197,1.5998,4.1312,-1.50042,7,0.00379115,3.71728,5.97991,0,0
1154,lift,14.4113,13.1139,0.983226,0.101769,1.59987,4.13268,-1.50054,7,0.00379115,3.71728,5.97991,0,0
1155,lift,1.84791,0,1.55482,0.127271,1.59993,4.13127,-1.50051,7,0.00379115,3.71728,5.97991,0,0
1156,lift,20.9339,19.0651,1.55106,0.128756,1.59998,4.13276,-1.50048,7,0.00379115,3.71728,5.97991,0,0
1157,lift,1.20975,0,1.03584,0.061814,1.59985,4.13135,-1.5004,7,0.00379115,3.71728,5.97991,0,0
1158,lift,13.5864,12.3637,1.01878,0.063512,1.59977,4.13284,-1.50033,7,0.00379115,3.71728,5.97991,0,0
1159,lift,1.29032,0,1.13435,0.061103,1.59985,4.13139,-1.50025,7,0.00379115,3.71728,5.97991,0,0
1160,lift,13.3204,12.0957,1.02076,0.063457,1.5999,4.13285,-1.50018,7,0.00379115,3.71728,5.97991,0,0
1161,lift,1.14954,0,0.99258,0.061728,1.59997,4.13137,-1.50023,7,0.00379115,3.71728,5.97991,0,0
1162,lift,13.4167,12.0662,1.07617,0.09649,1.60001,4.1328,-1.50025,7,0.00379115,3.71728,5.97991,0,0
1163,lift,1.15599,0,0.998177,0.061391,1.59998,4.13133,-1.50018,7,0.00379115,3.71728,5.97991,0,0
1164,lift,13.2737,12.0402,1.01939,0.064945,1.59996,4.13278,-1.50013,7,0.00379115,3.71728,5.97991,0,0
1165,lift,1.24771,0,1.07699,0.063789,1.59995,4.13126,-1.50031,7,0.00379115,3.71728,5.97991,0,0
1166,lift,13.2172,11.8645,1.08053,0.072635,1.59995,4.13268,-1.50043,7,0.00379115,3.71728,5.97991,0,0
1167,lift,1.18166,0,1.02638,0.061182,1.59993,4.1312,-1.50029,7,0.00379115,3.71728,5.97991,0,0
1168,lift,13.1926,11.9689,1.0165,0.062846,1.59991,4.13265,-1.50019,7,0.00379115,3.71728,5.97991,0,0
1169,lift,1.1527,0,1.00062,0.06107,1.60003,4.13116,-1.50005,7,0.00379115,3.71728,5.97991,0,0
1170,lift,12.6309,11.4964,0.945517,0.060866,1.60011,4.13259,-1.49995,7,0.00379115,3.71728,5.97991,0,0
1171,lift,1.15935,0,1.0178,0.060851,1.60001,4.13107,-1.50014,7,0.00379115,3.71728,5.97991,0,0
1172,lift,12.6159,11.4507,0.96356,0.062117,1.59994,4.13248,-1.50027,7,0.00379115,3.71728,5.97991,0,0
1173,lift,1.13574,0,0.989284,0.060645,1.60001,4.13097,-1.50024,7,0.00379115,3.71728,5.97991,0,0
1174,lift,12.6914,11.4247,1.07085,0.064577,1.60006,4.1324,-1.50022,7,0.00379115,3.71728,5.97991,0,0
1175,lift,1.11355,0,0.9728,0.060736,1.60005,4.13091,-1.50013,7,0.00379115,3.71728,5.97991,0,0
1176,lift,12.7962,11.5563,0.986652,0.062315,1.60004,4.13235,-1.50007,7,0.00379115,3.71728,5.97991,0,0
1177,lift,1.22173,0,1.0714,0.061407,1.60007,4.13088,-1.49981,7,0.00379115,3.71728,5.97991,0,0
1178,lift,12.8032,11.5585,1.04765,0.061669,1.60009,4.13234,-1.49962,7,0.00379115,3.71728,5.97991,0,0
1179,lift,1.11884,0,0.975142,0.061512,1.60004,4.1308,-1.49986,7,0.00379115,3.71728,5.97991,0,0
1180,lift,12.5183,11.3076,0.99398,0.08097,1.6,4.13221,-1.50003,7,0.00379115,3.71728,5.97991,0,0
1181,lift,1.11962,0,0.969591,0.071347,1.60002,4.13073,-1.49994,7,0.00379115,3.71728,5.97991,0,0
1182,lift,12.8242,11.5256,1.09058,0.062738,1.60003,4.13217,-1.49987,7,0.00379115,3.71728,5.97991,0,0
1183,lift,1.11614,0,0.972534,0.061021,1.60009,4.13067,-1.49991,7,0.00379115,3.71728,5.97991,0,0
1184,lift,12.3578,11.2001,0.970697,0.060772,1.60013,4.1321,-1.49993,7,0.00379115,3.71728,5.97991,0,0
1185,carry,1.13657,0,0.997328,0.060267,1.59996,4.12487,-1.48061,7,0.00379115,3.71728,5.97991,0,0
1186,carry,11.9048,10.7394,0.978292,0.061042,1.59981,4.11611,-1.44187,7,0.00379115,3.71728,5.97991,0,0
1187,carry,1.23446,0,1.08676,0.062752,1.60378,4.10237,-1.4015,7,0.00379115,3.71728,5.97991,0,0
1188,carry,11.9319,10.7151,1.02521,0.061305,1.60755,4.08756,-1.34175,7,0.00379115,3.71728,5.97991,0,0
1189,carry,1.13034,0,0.987563,0.060225,1.61631,4.06878,-1.28279,7,0.00379115,3.71728,5.97991,0,0
1190,carry,12.0155,10.8367,0.988927,0.061528,1.62456,4.04942,-1.20451,7,0.00379115,3.71728,5.97991,0,0
1191,carry,1.14817,0,1.00703,0.062118,1.63388,4.02647,-1.12467,7,0.00379115,3.71728,5.97991,0,0
1192,carry,12.3415,11.1626,0.981758,0.064099,1.64255,4.00353,-1.02558,7,0.00379115,3.71728,5.97991,0,0
1193,carry,1.23589,0,1.08346,0.061593,1.65031,3.97736,-0.925964,7,0.00379115,3.71728,5.97991,0,0
1194,carry,12.3127,11.1119,1.0132,0.061195,1.65737,3.9519,-0.807221,7,0.00379115,3.71728,5.97991,0,0
1195,carry,1.14148,0,1.00017,0.061035,1.66316,3.92273,-0.701992,7,0.00379115,3.71728,5.97991,0,0
1196,carry,12.6845,11.4736,0.992327,0.07287,1.66829,3.89494,-0.577771,7,0.00379115,3.71728,5.97991,0,0
1197,carry,1.15683,0,1.00435,0.061082,1.67232,3.86516,-0.453048,7,0.00379115,3.71728,5.97991,0,0
1198,carry,12.8554,11.6787,0.996142,0.048534,1.67569,3.83766,-0.309547,7,0.00379115,3.71728,5.97991,0,0
1199,carry,1.13742,0,1.00317,0.046619,1.67782,3.8083,-0.169509,7,0.00379115,3.71728,5.97991,0,0
1200,carry,15.6311,14.4586,0.994497,0.046456,1.67931,3.78223,-0.0109926,7,0.00379115,3.71728,5.97991,0,0
1201,carry,1.12304,0,0.992946,0.046153,1.67959,3.75481,0.144087,7,0.00379115,3.71728,5.97991,0,0
1202,carry,15.1776,13.9992,0.990684,0.048658,1.67929,3.73192,0.317198,7,0.00379115,3.71728,5.97991,0,0
1203,carry,1.16392,0,1.00099,0.046738,1.67785,3.70764,0.486771,7,0.00379115,3.71728,5.97991,0,0
1204,carry,13.9226,12.7412,0.997897,0.046513,1.67593,3.6895,0.673644,7,0.00379115,3.71728,5.97991,0,0
1205,carry,1.16544,0,1.0087,0.046039,1.6721,3.67015,0.856689,7,0.00379115,3.71728,5.97991,0,0
1206,carry,13.8536,12.5326,1.12269,0.047959,1.6681,3.65906,1.05577,7,0.00379115,3.71728,5.97991,0,0
1207,carry,1.18985,0,1.0399,0.046297,1.66346,3.6471,1.25056,7,0.00379115,3.71728,5.97991,0,0
1208,carry,13.0621,11.8359,1.01678,0.046851,1.65888,3.64628,1.45898,7,0.00379115,3.71728,5.97991,0,0
1209,carry,1.1949,0,1.042,0.046504,1.65398,3.64503,1.6619,7,0.00379115,3.71728,5.97991,0,0
1210,carry,13.2519,11.8919,1.12022,0.049708,1.64941,3.65608,1.87224,7,0.00379115,3.71728,5.97991,0,0
1211,carry,1.55092,0,1.00513,0.04872,1.64844,3.66792,2.06763,7,0.00379115,3.71728,5.97991,0,0
1212,carry,13.3154,11.6174,1.02152,0.04814,1.69405,3.72097,2.16393,7,0.00379115,3.71728,5.97991,0,0
1213,carry,1.68552,0,0.997017,0.048345,1.73532,3.74859,2.2461,7,0.00379115,3.71728,5.97991,0,0
1214,carry,13.7168,11.7432,1.05127,0.049551,1.77026,3.77714,2.33121,7,0.00379115,3.71728,5.97991,0,0
1215,carry,2.51269,0,1.00411,0.049014,1.79774,3.8041,2.41625,7,0.00379115,3.71728,5.97991,0,0
1216,carry,13.9325,11.8127,1.02538,0.064932,1.79961,3.85366,2.47097,7,0.00379115,3.71728,5.97991,0,0
1217,carry,2.19491,0,1.01304,0.048043,1.7951,3.89939,2.53106,7,0.00379115,3.71728,5.97991,0,0
1218,carry,14.0521,11.7497,0.993037,0.052302,1.78921,3.93725,2.59011,7,0.00379115,3.71728,5.97991,0,0
1219,carry,2.35208,0,1.09044,0.050655,1.76663,3.98089,2.66083,7,0.00379115,3.71728,5.97991,0,0
1220,carry,12.7021,10.8785,0.999197,0.066877,1.74882,4.01832,2.7377,7,0.00379115,3.71728,5.97991,0,0
1221,carry,1.81579,0,0.985366,0.067228,1.74067,4.04593,2.83755,7,0.00379115,3.71728,5.97991,0,0
1222,carry,13.6601,11.1744,0.981736,0.069454,1.73173,4.07283,2.923,7,0.00379115,3.71728,5.97991,0,0
1223,carry,1.75068,0,1.01043,0.067749,1.72106,4.09586,3.01799,7,0.00379115,3.71728,5.97991,0,0
1224,carry,13.5512,11.0226,0.993542,0.068645,1.71052,4.11634,3.114,7,0.00379115,3.71728,5.97991,0,0
1225,carry,2.54259,0,1.01798,0.068757,1.71346,4.13367,3.20609,7,0.00379115,3.71728,5.97991,0,0
1226,carry,12.4557,10.5562,1.01658,0.066788,1.71186,4.15031,3.29688,7,0.00379115,3.71728,5.97991,0,0
1227,carry,1.87015,0,1.0555,0.067083,1.71172,4.166,3.38748,7,0.00379115,3.71728,5.97991,0,0
1228,carry,13.1337,10.952,0.989407,0.068831,1.70908,4.1814,3.47423,7,0.00379115,3.71728,5.97991,0,0
1229,carry,2.1227,0,1.00247,0.068828,1.70514,4.19661,3.55617,7,0.00379115,3.71728,5.97991,0,0
1230,carry,11.7149,10.2611,1.02326,0.084736,1.70028,4.20882,3.6427,7,0.00388087,3.71736,5.9802,0.0928322,0
1231,carry,1.43049,0,1.01514,0.088505,1.69485,4.21856,3.73111,7,0.00397492,3.71735,5.98049,0.0928322,0
1232,carry,12.1126,10.6199,0.994166,0.086434,1.68911,4.22635,3.81914,7,0.00402892,3.71734,5.98078,0.0928851,0
1233,carry,1.48073,0,1.05563,0.085214,1.68326,4.23258,3.90518,7,0.00408593,3.71733,5.98106,0.0928851,0
1234,carry,12.0022,10.5619,1.01669,0.0863,1.67746,4.23757,3.98814,7,0.00411457,3.71732,5.98135,0.0928965,0
1235,carry,1.3311,0,0.989768,0.089891,1.67331,4.24155,4.06723,7,0.00414527,3.71731,5.98163,0.0928965,0
1236,carry,12.1873,10.7744,0.996381,0.109769,1.66891,4.24476,4.14206,7,0.00415708,3.71731,5.98191,0.0960618,0
1237,carry,1.38534,0,1.03733,0.08684,1.6648,4.24734,4.21235,7,0.00417036,3.7173,5.9822,0.0960635,0
1238,carry,11.8218,10.4268,1.00289,0.09134,1.6606,4.24944,4.27804,7,0.00417341,3.71736,5.98325,0.371747,0
1239,carry,1.38071,0,1.03537,0.09066,1.65695,4.24839,4.34303,7,0.00418058,3.71733,5.98429,0.371745,0
1240,carry,11.8448,10.4434,1.01054,0.091394,1.65322,4.24787,4.40239,7,0.00415614,3.71735,5.98523,0.371541,0
1241,carry,1.36214,0,1.01639,0.090874,1.64992,4.2457,4.46015,7,0.00413473,3.71732,5.98617,0.371538,0
1242,carry,12.2834,10.8825,1.00152,0.092861,1.64658,4.24442,4.51204,7,0.00409175,3.71734,5.98698,0.371145,0
1243,carry,1.3868,0,1.06286,0.08959,1.64334,4.24191,4.56286,7,0.00405103,3.71731,5.98779,0.371142,0
1244,carry,11.882,10.5022,1.00745,0.094496,1.64018,4.24046,4.60778,7,0.00399881,3.71731,5.98849,0.369151,0
1245,carry,1.33177,0,1.00611,0.098518,1.63717,4.23813,4.6521,7,0.0039484,3.71728,5.98918,0.369151,0
1246,carry,12.1082,10.7172,0.98259,0.095375,1.63429,4.23689,4.69063,7,0.00389752,3.71822,5.98635,0.373355,0
1247,carry,1.34656,0,1.00245,0.093649,1.63154,4.23329,4.73524,7,0.00384839,3.71822,5.98341,0.373374,0
1248,carry,12.0984,10.6763,1.05264,0.093117,1.62895,4.23123,4.77235,7,0.00379257,3.71759,5.98229,0.373392,0
1249,carry,1.3215,0,0.999135,0.092441,1.62651,4.22895,4.80913,7,0.00373825,3.71757,5.98112,0.373399,0
1250,carry,13.3308,11.9762,0.979221,0.093958,1.62424,4.22791,4.83919,7,0.00367785,3.71737,5.98029,0.373378,0
1251,carry,1.34809,0,1.01958,0.092318,1.6221,4.22663,4.87014,7,0.0036187,3.71735,5.97942,0.373382,0
1252,carry,12.6293,11.2297,1.02914,0.093157,1.62014,4.22637,4.89484,7,0.0040994,3.72088,5.97877,0.367024,0
1253,carry,1.2954,0,1.02357,0.09258,1.61722,4.21836,4.92018,7,0.00507213,3.72272,5.97744,0.367043,0
1254,carry,12.4271,11.0521,1.00637,0.092835,1.6148,4.21343,4.9399,7,0.00606166,3.72292,5.97535,0.366774,0
1255,carry,1.31993,0,1.02971,0.111742,1.61255,4.20755,4.96072,7,0.00707053,3.7215,5.97249,0.366821,0
1256,carry,12.5398,11.1768,1.0055,0.075805,1.6107,4.20435,4.97641,7,0.00711733,3.71826,5.97162,0.366398,0
1257,carry,1.37637,0,1.06796,0.07498,1.6089,4.1975,4.99319,7,0.00716729,3.71826,5.97071,0.366406,0
1258,carry,12.554,11.0409,1.15026,0.075031,1.60744,4.19381,5.00534,7,0.00719179,3.71813,5.96999,0.364666,0
1259,carry,1.30605,0,1.00564,0.0739,1.60604,4.18832,5.01852,7,0.00721858,3.71813,5.96923,0.36467,0
1260,carry,12.1182,10.7497,0.998981,0.084979,1.60492,4.18577,5.0276,7,0.00742194,3.71825,5.96854,0.362726,0
1261,carry,1.35439,0,1.03994,0.075944,1.60343,4.181,5.03767,7,0.00763278,3.71825,5.96783,0.362729,0
1262,carry,12.1175,10.7427,1.01391,0.076928,1.60229,4.17911,5.04415,7,0.00764648,3.7182,5.96705,0.361124,0
1263,carry,1.30284,0,0.9981,0.07639,1.60129,4.16948,5.05219,7,0.00766158,3.7182,5.96623,0.361124,0
1264,carry,11.8973,10.5336,1.01329,0.075936,1.60055,4.16433,5.05694,7,0.00759331,3.71778,5.9657,0.361117,0
1265,carry,1.2943,0,0.993156,0.075846,1.60001,4.15763,5.06235,7,0.0075239,3.71777,5.96515,0.361117,0
1266,carry,12.2178,10.8553,1.00224,0.078614,1.59963,4.15481,5.06502,7,0.00752408,3.71826,5.96465,0.361111,0
1267,carry,1.32614,0,1.00957,0.080957,1.59921,4.14914,5.06847,7,0.00752525,3.71826,5.96413,0.361112,0
1268,carry,11.8296,10.4635,1.01061,0.077208,1.59893,4.14723,5.06961,7,0.00755991,3.71827,5.96369,0.361116,0
1269,carry,1.31459,0,1.0128,0.076529,1.59851,4.14245,5.07144,7,0.00759652,3.71827,5.96322,0.361115,0
1270,carry,11.9216,10.5407,1.0302,0.077215,1.59824,4.1413,5.07137,7,0.00762857,3.71827,5.96284,0.361118,0
1271,carry,1.29685,0,0.995516,0.076699,1.59784,4.13728,5.0719,7,0.00766239,3.71828,5.96243,0.361118,0
1272,carry,12.1923,10.8456,0.988761,0.077834,1.59759,4.13678,5.07088,7,0.00769166,3.71827,5.9621,0.361159,0
1273,carry,1.34657,0,1.0304,0.079729,1.59724,4.13337,5.07038,7,0.00772251,3.71828,5.96175,0.361159,0
1274,carry,13.841,12.4661,1.01224,0.078627,1.59703,4.13339,5.06866,7,0.0077489,3.71827,5.96147,0.361149,0
1275,carry,1.34654,0,1.03609,0.078286,1.59673,4.1305,5.06737,7,0.00777669,3.71827,5.96117,0.361149,0
1276,carry,13.4207,12.015,1.04406,0.078881,1.59657,4.13093,5.06514,7,0.00779618,3.71827,5.96098,0.361136,0
1277,carry,1.36159,0,1.01829,0.080717,1.59633,4.12845,5.06321,7,0.00781678,3.71827,5.96078,0.361136,0
1278,carry,12.8157,11.434,1.00094,0.077482,1.59622,4.12923,5.0606,7,0.00784158,3.71826,5.9606,0.361124,0
1279,carry,1.35047,0,1.02304,0.076754,1.59602,4.1271,5.05811,7,0.0078676,3.71826,5.96041,0.361124,0
1280,carry,13.4124,11.7344,1.28845,0.080983,1.59595,4.12815,5.05519,7,0.0079302,3.71827,5.96024,0.361122,0
1281,carry,1.47443,0,1.10819,0.096982,1.59569,4.12623,5.05261,7,0.00799507,3.71828,5.96006,0.361122,0
1282,carry,12.8463,11.4561,1.0113,0.081048,1.59558,4.12745,5.04974,7,0.00801814,3.71824,5.96005,0.36112,0
1283,carry,1.32809,0,1.00315,0.077249,1.59541,4.12581,5.0465,7,0.00804216,3.71824,5.96005,0.36112,0
1284,carry,12.3958,11.0021,1.01944,0.07732,1.59537,4.12725,5.04327,7,0.00806277,3.71828,5.95989,0.361119,0
1285,carry,1.33763,0,1.00998,0.077064,1.59526,4.1256,5.04069,7,0.00808422,3.71828,5.95972,0.361119,0
1286,carry,12.2083,10.7666,1.03901,0.079139,1.59527,4.12703,5.03806,7,0.00810168,3.71825,5.95972,0.361118,0
1287,carry,1.34468,0,1.01005,0.077009,1.59521,4.12556,5.03518,7,0.00811983,3.71825,5.95972,0.361118,0
1288,carry,12.045,10.6444,0.990174,0.080122,1.59526,4.12711,5.03243,7,0.00813518,3.71825,5.95972,0.361116,0
1289,carry,1.37758,0,1.04375,0.079789,1.59524,4.12572,5.02957,7,0.00815112,3.71825,5.95973,0.361116,0
1290,carry,12.1379,10.7159,1.04192,0.079615,1.59532,4.12734,5.02695,7,0.00816464,3.71825,5.95974,0.361115,0
1291,carry,1.32246,0,1.01467,0.077182,1.59533,4.12598,5.02427,7,0.00817867,3.71825,5.95975,0.361115,0
1292,carry,11.9995,10.5375,1.10541,0.077148,1.59543,4.12761,5.02187,7,0.00819066,3.71825,5.95977,0.361113,0
1293,carry,1.31099,0,1.00516,0.080464,1.59547,4.12627,5.01944,7,0.00820307,3.71825,5.95979,0.361113,0
1294,carry,13.6283,12.2455,0.997168,0.079638,1.59558,4.12791,5.01733,7,0.00821384,3.71825,5.95981,0.361112,0
1295,carry,1.42403,0,1.08482,0.086114,1.59564,4.12656,5.01517,7,0.00822498,3.71825,5.95984,0.361112,0
1296,carry,11.8944,10.4933,1.04575,0.080389,1.59577,4.1282,5.01333,7,0.00823458,3.71825,5.95987,0.361112,0
1297,carry,1.54527,0,1.24311,0.076768,1.59584,4.12685,5.01145,7,0.00824448,3.71825,5.9599,0.361112,0
1298,carry,12.0317,10.4901,1.18968,0.075662,1.59597,4.12847,5.00988,7,0.00825307,3.71825,5.95993,0.361113,0
1299,carry,1.66112,0,1.36146,0.075206,1.59605,4.12712,5.00824,7,0.00826191,3.71825,5.95997,0.361113,0
1300,carry,12.3725,10.637,1.381,0.07731,1.59619,4.12874,5.00691,7,0.00825325,3.71825,5.96001,0.361114,0
1301,carry,1.81334,0,1.50551,0.075516,1.59631,4.12739,5.00551,7,0.00824433,3.71825,5.96005,0.361114,0
1302,carry,12.3425,10.4112,1.58007,0.075269,1.59648,4.129,5.00439,7,0.00826315,3.71825,5.9601,0.361116,0
1303,carry,1.97311,0,1.67135,0.074835,1.59656,4.12764,5.00318,7,0.00828254,3.71825,5.96015,0.361116,0
1304,carry,12.6223,10.5947,1.67527,0.0768,1.59668,4.12925,5.00225,7,0.00828173,3.71825,5.9602,0.361117,0
1305,carry,1.99106,0,1.68502,0.075379,1.59679,4.12789,5.00121,7,0.00828087,3.71825,5.96025,0.361117,0
1306,carry,12.567,10.5086,1.70278,0.080744,1.59693,4.12949,5.00044,7,0.00828671,3.71827,5.96019,0.361118,0
1307,carry,2.00028,0,1.69136,0.076392,1.59703,4.12801,5.00014,7,0.0082927,3.71828,5.96012,0.361118,0
1308,carry,12.9432,10.8041,1.68323,0.09961,1.59716,4.12951,4.99992,7,0.00829623,3.71824,5.96018,0.361118,0
1309,carry,2.04347,0,1.70112,0.076848,1.59726,4.12812,4.99944,7,0.00829983,3.71824,5.96023,0.361118,0
1310,carry,12.5387,10.4396,1.72589,0.075546,1.59738,4.12968,4.9991,7,0.00830315,3.71824,5.96029,0.361119,0
1311,carry,1.99429,0,1.6911,0.074869,1.59748,4.12832,4.99854,7,0.00830653,3.71824,5.96034,0.361119,0
1312,carry,12.3632,10.338,1.67339,0.075193,1.5976,4.12991,4.99817,7,0.00831698,3.71824,5.9604,0.36112,0
1313,carry,1.99955,0,1.69717,0.074588,1.59768,4.12857,4.99761,7,0.0083277,3.71824,5.96047,0.36112,0
1314,carry,12.6989,10.6637,1.67836,0.076233,1.59778,4.13017,4.99726,7,0.00830627,3.71828,5.96032,0.361121,0
1315,carry,2.09403,0,1.77788,0.074719,1.59792,4.12865,4.99759,7,0.00828413,3.71828,5.96017,0.361121,0
1316,carry,12.4013,10.3678,1.68502,0.076567,1.59806,4.13012,4.99788,7,0.00830419,3.71824,5.96023,0.361124,0
1317,carry,1.99345,0,1.6954,0.075987,1.59813,4.12874,4.99779,7,0.00832484,3.71824,5.96029,0.361124,0
1318,carry,16.5682,14.3848,1.69627,0.11845,1.59822,4.13033,4.99778,7,0.00830494,3.71825,5.96034,0.361124,0
1319,carry,3.06676,0,2.57288,0.139546,1.59834,4.12898,4.99768,7,0.0082844,3.71825,5.96039,0.361124,0
1320,carry,13.3886,10.5702,2.31559,0.09751,1.59846,4.13056,4.99766,7,0.00829321,3.71824,5.96045,0.361122,0
1321,carry,2.69927,0,2.32173,0.088027,1.59854,4.12925,4.99737,7,0.00830228,3.71824,5.96051,0.361122,0
1322,carry,14.6166,12.1748,2.05686,0.078799,1.59863,4.13086,4.99721,7,0.00830327,3.71826,5.96055,0.361122,0
1323,carry,2.11456,0,1.76491,0.07668,1.5987,4.12944,4.99741,7,0.00830426,3.71826,5.96059,0.361122,0
1324,carry,13.677,11.5111,1.79166,0.076271,1.59878,4.13097,4.9976,7,0.00828651,3.71826,5.96045,0.361125,0
1325,carry,2.00488,0,1.70254,0.075697,1.59889,4.12954,4.99791,7,0.00826821,3.71826,5.96031,0.361125,0
1326,carry,13.2753,11.1398,1.74355,0.077748,1.599,4.13106,4.99817,7,0.00829449,3.71824,5.96037,0.361127,0
1327,carry,2.10319,0,1.72784,0.103721,1.59902,4.12972,4.99808,7,0.00832156,3.71824,5.96044,0.361127,0
1328,carry,13.3878,11.1857,1.8169,0.077122,1.59905,4.1313,4.99804,7,0.00830397,3.71824,5.96048,0.361126,0
1329,carry,1.92837,0,1.59434,0.076541,1.59913,4.12994,4.99797,7,0.00828581,3.71824,5.96053,0.361126,0
1330,carry,13.4898,11.4611,1.59277,0.078645,1.5992,4.1315,4.99796,7,0.00829452,3.71826,5.9604,0.361124,0
1331,carry,1.82052,0,1.43186,0.076909,1.59924,4.13008,4.99814,7,0.00830349,3.71826,5.96026,0.361124,0
1332,carry,12.4297,10.6116,1.38955,0.076753,1.59928,4.13158,4.99831,7,0.0083122,3.71825,5.9603,0.361124,0
1333,carry,1.58198,0,1.20883,0.076613,1.59929,4.13012,4.99861,7,0.00832114,3.71825,5.96035,0.361124,0
1334,carry,12.397,10.741,1.2244,0.078854,1.59929,4.1316,4.99886,7,0.00830432,3.71823,5.96041,0.361125,0
1335,carry,1.45912,0,1.07637,0.076438,1.59934,4.13023,4.99874,7,0.00828695,3.71823,5.96047,0.361125,0
1336,carry,16.6604,15.1552,1.09471,0.080775,1.59939,4.13177,4.99868,7,0.00830759,3.71823,5.96054,0.361126,0
1337,carry,1.57037,0,1.17884,0.0949,1.59939,4.13043,4.99835,7,0.00832884,3.71823,5.9606,0.361126,0
1338,carry,14.0723,12.3015,1.14059,0.151041,1.5994,4.13199,4.99814,7,0.00831165,3.71827,5.96047,0.361126,0
1339,carry,2.25957,0,1.65845,0.139056,1.59946,4.13045,4.99863,7,0.00829389,3.71827,5.96033,0.361126,0
1340,carry,16.9712,15.3312,1.11116,0.119083,1.59951,4.13187,4.999,7,0.00831057,3.71823,5.96039,0.361127,0
1341,carry,2.1785,0,1.64286,0.124368,1.59952,4.13046,4.99897,7,0.00832774,3.71823,5.96046,0.361127,0
1342,carry,13.6441,11.4796,1.52976,0.149793,1.59953,4.13196,4.99897,7,0.00831059,3.71827,5.96032,0.361127,0
1343,carry,1.58578,0,1.16915,0.077739,1.59959,4.1304,4.99956,7,0.00829289,3.71827,5.96017,0.361127,0
1344,carry,17.1024,15.492,1.06985,0.080553,1.59964,4.1318,4.99999,7,0.00830582,3.71823,5.96023,0.361127,0
1345,carry,1.4833,0,1.0978,0.077723,1.59965,4.13038,4.99999,7,0.00831912,3.71823,5.96029,0.361127,0
1346,carry,13.0407,11.5024,1.07873,0.083043,1.59966,4.13188,4.99999,7,0.00830236,3.71823,5.96035,0.361128,0
1347,carry,2.01533,0,1.60402,0.077807,1.59972,4.13051,4.99968,7,0.00828508,3.71823,5.96042,0.361128,0
1348,carry,12.7147,10.7033,1.094,0.079421,1.59976,4.13205,4.99946,7,0.00829651,3.71825,5.96044,0.361128,0
1349,carry,1.91749,0,1.09706,0.077673,1.59977,4.13056,4.99964,7,0.00830828,3.71825,5.96046,0.361128,0
1350,carry,14.9949,13.296,1.10148,0.12876,1.59979,4.13201,4.99978,7,0.00829138,3.71825,5.96036,0.361128,0
1351,carry,2.27471,0,1.71879,0.113393,1.59984,4.13053,4.99996,7,0.00827396,3.71825,5.96025,0.361128,0
1352,carry,14.0223,11.8548,1.60295,0.079188,1.59988,4.13198,5.00008,7,0.0082978,3.71823,5.96031,0.361128,0
1353,carry,1.49342,0,1.09359,0.076768,1.59986,4.13058,4.99986,7,0.00832238,3.71823,5.96038,0.361128,0
1354,carry,18.36,16.1106,1.63342,0.079723,1.59984,4.13209,4.99971,7,0.00830473,3.71827,5.96023,0.361129,0
1355,carry,1.50617,0,1.08852,0.102722,1.59988,4.13053,5.00017,7,0.00828653,3.71827,5.96007,0.361129,0
1356,carry,13.4815,11.9241,1.10267,0.078773,1.59991,4.13193,5.0005,7,0.00829861,3.71824,5.96012,0.361129,0
1357,carry,1.51439,0,1.09481,0.076585,1.5999,4.13046,5.00056,7,0.00831106,3.71823,5.96017,0.361129,0
1358,carry,12.7884,11.1541,1.16296,0.082182,1.5999,4.13193,5.0006,7,0.00829389,3.71823,5.96023,0.361111,0
1359,carry,1.49713,0,1.14003,0.079165,1.59994,4.13054,5.0003,7,0.0082762,3.71823,5.96029,0.361111,0
1360,carry,12.2852,10.7287,1.15809,0.080577,1.59997,4.13206,5.00008,7,0.00828832,3.71823,5.96035,0.361111,0
1361,carry,1.49884,0,1.15268,0.079779,1.59997,4.13069,4.99961,7,0.00830083,3.71823,5.96042,0.361111,0
1362,carry,11.8726,10.4436,1.0371,0.081022,1.59996,4.13222,4.99929,7,0.00828313,3.71827,5.96029,0.361111,0
1363,carry,1.38321,0,1.03033,0.080747,1.60001,4.13065,4.99971,7,0.0082649,3.71827,5.96016,0.361111,0
1364,carry,13.131,11.6886,1.04002,0.081869,1.60004,4.13204,5.00002,7,0.00828002,3.71823,5.96022,0.361111,0
1365,return,1.42025,0,1.05903,0.080333,1.60002,4.12486,4.98049,7,0.00829563,3.71823,5.96028,0.361111,0
1366,return,12.0956,10.5817,1.12069,0.080333,1.6,4.11615,4.94154,7,0.00828287,3.71776,5.95745,0.361112,0
1367,return,1.37,0,1.0287,0.079554,1.60002,4.10225,4.90174,7,0.00826973,3.71775,5.95454,0.361112,0
1368,return,12.3092,10.8788,1.02961,0.081066,1.60003,4.08728,4.84256,7,0.00835145,3.71785,5.95131,0.363818,0
1369,return,1.50244,0,1.15374,0.079642,1.59976,4.06707,4.7838,7,0.0084356,3.71784,5.94799,0.363818,0
1370,return,12.1564,10.7075,1.05754,0.079648,1.59951,4.04636,4.70572,7,0.00841693,3.71723,5.94439,0.363999,0
1371,return,1.36853,0,1.01412,0.082822,1.59933,4.02454,4.62903,7,0.00839758,3.7172,5.9407,0.363998,0
1372,return,12.5623,11.1003,1.06247,0.081179,1.59916,4.00266,4.53308,7,0.00836413,3.71803,5.93672,0.363843,0
1373,return,1.43744,0,1.08811,0.084288,1.59914,3.97518,4.43999,7,0.0083296,3.71803,5.93263,0.363842,0
1374,return,12.3318,10.8553,1.07454,0.079585,1.59914,3.94842,4.32777,7,0.00847592,3.71757,5.92846,0.364181,0
1375,return,1.51238,0,1.10719,0.078793,1.59875,3.91956,4.21814,7,0.0086265,3.71756,5.92419,0.36418,0
1376,return,12.2591,10.6007,1.19135,0.078673,1.5984,3.89212,4.0895,7,0.00856589,3.71759,5.91971,0.363745,0
1377,return,1.8647,0,1.46683,0.078629,1.59833,3.86249,3.96436,7,0.00850318,3.71757,5.91512,0.363744,0
1378,return,13.5023,11.0621,1.60904,0.058259,1.59939,3.84175,3.8256,7,0.00876459,3.71939,5.91195,0.361112,0
1379,return,3.13428,0,2.00621,0.05751,1.60143,3.82253,3.69304,7,0.00903347,3.71943,5.90873,0.361111,0
1380,return,14.0951,10.7429,2.21385,0.054429,1.60343,3.80934,3.54437,7,0.00911614,3.71756,5.90692,0.137515,0
1381,return,5.36098,0,2.1914,0.054221,1.60461,3.80099,3.40388,7,0.00920101,3.71756,5.90508,0.137515,0
1382,return,13.8003,11.0798,2.28381,0.056643,1.60565,3.79528,3.24498,7,0.00915929,3.71775,5.90342,0.13764,0
1383,return,2.58318,0,2.29588,0.053954,1.60692,3.78245,3.08548,7,0.00911597,3.71775,5.90173,0.13764,0
1384,return,14.0251,11.3856,2.35536,0.053415,1.60798,3.77341,2.90766,7,0.00911597,3.71728,5.90173,0,0
1385,return,3.0317,0,2.74599,0.053692,1.60935,3.76196,2.73239,7,0.00911597,3.71728,5.90173,0,0
1386,return,14.2685,11.0712,2.90843,0.053503,1.61041,3.7562,2.53958,7,0.00911597,3.71728,5.90173,0,0
1387,return,3.27795,0,3.04165,0.053037,1.61081,3.74874,2.35013,7,0.00911597,3.71728,5.90173,0,0
1388,return,14.0704,10.5957,3.20394,0.052614,1.61097,3.74969,2.14473,7,0.00911597,3.71728,5.90173,0,0
1389,return,3.53753,0,3.31485,0.052911,1.61134,3.74992,1.94381,7,0.00911597,3.71728,5.90173,0,0
1390,return,14.6516,10.8669,3.51513,0.051152,1.61139,3.76,1.73285,7,0.00911597,3.71728,5.90173,0,0
1391,return,3.84855,0,3.64045,0.050218,1.61151,3.76798,1.52984,7,0.00911597,3.71728,5.90173,0,0
1392,return,14.4253,10.4981,3.69554,0.049055,1.61137,3.78327,1.32543,7,0.00911597,3.71728,5.90173,0,0
1393,return,4.15646,0,3.93582,0.048923,1.61119,3.79541,1.12876,7,0.00911597,3.71728,5.90173,0,0
1394,return,14.7785,10.5362,3.98439,0.052916,1.61083,3.81315,0.936691,7,0.00911597,3.71728,5.90173,0,0
1395,return,4.04646,0,3.84055,0.049087,1.61038,3.82762,0.751996,7,0.00911597,3.71728,5.90173,0,0
1396,return,14.8866,10.5899,3.74193,0.052383,1.60986,3.84639,0.575842,7,0.00911597,3.71728,5.90173,0,0
1397,return,3.6005,0,3.37578,0.048055,1.60932,3.86123,0.409419,7,0.00911597,3.71728,5.90173,0,0
1398,return,13.6979,10.3314,3.09713,0.054014,1.60876,3.87961,0.253022,7,0.00911597,3.71728,5.90173,0,0
1399,return,3.30653,0,3.13861,0.047594,1.60823,3.89343,0.106896,7,0.00911597,3.71728,5.90173,0,0
1400,return,14.526,10.8358,3.44315,0.064972,1.6077,3.91047,-0.0290734,7,0.00911597,3.71728,5.90173,0,0
1401,return,3.60691,0,3.41973,0.06424,1.60722,3.92254,-0.155203,7,0.00911597,3.71728,5.90173,0,0
1402,return,14.2105,10.528,3.44994,0.067073,1.60674,3.93776,-0.271744,7,0.00911597,3.71728,5.90173,0,0
1403,return,3.50285,0,3.30423,0.073363,1.60634,3.948,-0.379337,7,0.00911597,3.71728,5.90173,0,0
1404,return,14.098,10.6174,3.25401,0.065077,1.60593,3.96142,-0.478234,7,0.00911597,3.71728,5.90173,0,0
1405,return,3.62058,0,3.4319,0.064141,1.60559,3.97038,-0.569221,7,0.00911597,3.71728,5.90173,0,0
1406,return,13.86,10.3839,3.28186,0.063681,1.60524,3.98243,-0.652525,7,0.00911597,3.71728,5.90173,0,0
1407,return,3.17825,0,3.03601,0.063227,1.60496,3.99105,-0.728936,7,0.00911597,3.71728,5.90173,0,0
1408,return,14.0345,10.7656,3.06666,0.065328,1.60466,4.00246,-0.798689,7,0.00911597,3.71728,5.90173,0,0
1409,return,2.15712,0,2.01357,0.064004,1.60393,4.0025,-0.922517,7,0.00911597,3.71728,5.90173,0,0
1410,return,12.8715,10.5021,2.17732,0.063786,1.60329,4.00581,-1.02784,7,0.00911597,3.71728,5.90173,0,0
1411,return,1.80103,0,1.658,0.06402,1.60266,4.00884,-1.13142,7,0.00911597,3.71728,5.90173,0,0
1412,return,12.7767,10.7444,1.82825,0.064918,1.60214,4.0148,-1.21638,7,0.00911597,3.71728,5.90173,0,0
1413,return,1.39886,0,1.24015,0.075203,1.6017,4.01848,-1.30503,7,0.00911597,3.71728,5.90173,0,0
1414,return,11.8898,10.4537,1.24378,0.063328,1.60134,4.02501,-1.37506,7,0.00911597,3.71728,5.90173,0,0
1415,return,1.16459,0,1.02157,0.063278,1.60118,4.02915,-1.44842,7,0.00911597,3.71728,5.90173,0,0
1416,return,11.6608,10.4423,1.02627,0.063459,1.60104,4.03624,-1.50318,7,0.00911597,3.71728,5.90173,0,0
1417,return,1.33705,0,1.18956,0.063914,1.60115,4.0409,-1.56107,7,0.00911597,3.71728,5.90173,0,0
1418,return,12.7064,10.9891,1.47239,0.06521,1.6012,4.0485,-1.60137,7,0.00911597,3.71728,5.90173,0,0
1419,return,1.20818,0,1.04824,0.06387,1.60152,4.05383,-1.64412,7,0.00911597,3.71728,5.90173,0,0
1420,return,11.7944,10.5712,1.02937,0.0638,1.60172,4.06166,-1.67196,7,0.00911597,3.71728,5.90173,0,0
1421,return,1.17516,0,1.03206,0.063914,1.60116,4.06711,-1.7025,7,0.00911597,3.71728,5.90173,0,0
1422,return,12.6394,11.406,1.0339,0.065884,1.60074,4.07477,-1.72045,7,0.00911597,3.71728,5.90173,0,0
1423,return,1.32842,0,1.17407,0.063984,1.60076,4.08005,-1.74127,7,0.00911597,3.71728,5.90173,0,0
1424,return,11.9142,10.6666,1.05362,0.062904,1.60075,4.08734,-1.75149,7,0.00911597,3.71728,5.90173,0,0
1425,return,1.20057,0,1.0581,0.062566,1.60064,4.09228,-1.76437,7,0.00911597,3.71728,5.90173,0,0
1426,return,12.4249,11.1876,1.041,0.063054,1.60054,4.09909,-1.76845,7,0.00911597,3.71728,5.90173,0,0
1427,return,1.18991,0,1.04016,0.061793,1.60073,4.10357,-1.77488,7,0.00911597,3.71728,5.90173,0,0
1428,return,11.998,10.723,1.07995,0.062557,1.60085,4.10982,-1.77415,7,0.00911597,3.71728,5.90173,0,0
1429,return,1.24336,0,1.09991,0.061797,1.60084,4.1137,-1.77551,7,0.00911597,3.71728,5.90173,0,0
1430,return,11.9855,10.7595,1.03636,0.061811,1.60082,4.11932,-1.77113,7,0.00911597,3.71728,5.90173,0,0
1431,return,1.18554,0,1.04433,0.061386,1.60098,4.12254,-1.76856,7,0.00911597,3.71728,5.90173,0,0
1432,return,12.6998,11.4608,1.03937,0.063694,1.60107,4.12752,-1.76149,7,0.00911597,3.71728,5.90173,0,0
1433,return,1.19333,0,1.04376,0.06228,1.60107,4.13003,-1.75601,7,0.00911597,3.71728,5.90173,0,0
1434,return,12.2144,10.9023,1.08259,0.075185,1.60104,4.13435,-1.74709,7,0.00911597,3.71728,5.90173,0,0
1435,return,1.21197,0,1.04139,0.062283,1.60114,4.13615,-1.7395,7,0.00911597,3.71728,5.90173,0,0
1436,return,12.1751,10.8896,1.04339,0.07873,1.60118,4.13984,-1.7294,7,0.00911597,3.71728,5.90173,0,0
1437,return,1.83949,0,1.54805,0.105258,1.60111,4.14094,-1.7204,7,0.00911597,3.71728,5.90173,0,0
1438,return,12.2215,10.9367,1.05787,0.063515,1.60103,4.14404,-1.70967,7,0.00911597,3.71728,5.90173,0,0
1439,return,1.21005,0,1.0388,0.063294,1.60105,4.1445,-1.69982,7,0.00911597,3.71728,5.90173,0,0
1440,return,12.3802,11.0453,1.06619,0.064292,1.60104,4.14707,-1.68888,7,0.00911597,3.71728,5.90173,0,0
1441,return,1.21984,0,1.04731,0.06332,1.6009,4.14693,-1.67865,7,0.00911597,3.71728,5.90173,0,0
1442,return,12.0904,10.7588,1.11119,0.063651,1.60079,4.14903,-1.66784,7,0.00911597,3.71728,5.90173,0,0
1443,return,1.22236,0,1.05296,0.063308,1.60075,4.1484,-1.65741,7,0.00911597,3.71728,5.90173,0,0
1444,return,11.9619,10.6972,1.04799,0.063791,1.60071,4.15011,-1.64687,7,0.00911597,3.71728,5.90173,0,0
1445,return,1.20684,0,1.04005,0.06374,1.60072,4.14903,-1.63656,7,0.00911597,3.71728,5.90173,0,0
1446,return,12.3648,11.0671,1.08123,0.06221,1.60072,4.15041,-1.62652,7,0.00911597,3.71728,5.90173,0,0
1447,return,1.21742,0,1.02534,0.072349,1.60058,4.1489,-1.6169,7,0.00911597,3.71728,5.90173,0,0
1448,return,12.0738,10.8197,1.03784,0.062025,1.60046,4.14997,-1.60774,7,0.00911597,3.71728,5.90173,0,0
1449,return,1.18897,0,1.04562,0.061489,1.60032,4.14808,-1.59907,7,0.00911597,3.71728,5.90173,0,0
1450,return,11.9126,10.6881,1.03427,0.061826,1.60021,4.1489,-1.59093,7,0.00911597,3.71728,5.90173,0,0
1451,return,1.20118,0,1.04151,0.061613,1.6002,4.14672,-1.58327,7,0.00911597,3.71728,5.90173,0,0
1452,return,12.5433,11.2124,1.12124,0.063014,1.60018,4.14735,-1.57616,7,0.00911597,3.71728,5.90173,0,0
1453,return,1.19158,0,1.03949,0.061733,1.60002,4.14493,-1.56948,7,0.00911597,3.71728,5.90173,0,0
1454,return,11.9143,10.663,1.05933,0.061979,1.59991,4.14543,-1.56334,7,0.00911597,3.71728,5.90173,0,0
1455,return,1.17699,0,1.03536,0.061434,1.59977,4.14286,-1.55755,7,0.00911597,3.71728,5.90173,0,0
1456,return,12.8862,11.6415,1.04446,0.062864,1.59967,4.14328,-1.55229,7,0.00911597,3.71728,5.90173,0,0
1457,return,1.30446,0,1.14509,0.061938,1.59968,4.14063,-1.54731,7,0.00911597,3.71728,5.90173,0,0
1458,return,12.1622,10.9226,1.04621,0.062356,1.59969,4.14105,-1.54283,7,0.00911597,3.71728,5.90173,0,0
1459,return,1.20433,0,1.03912,0.08562,1.59955,4.13835,-1.53856,7,0.00911597,3.71728,5.90173,0,0
1460,return,12.1472,10.921,1.03554,0.062199,1.59946,4.13879,-1.53475,7,0.00911597,3.71728,5.90173,0,0
1461,return,1.18353,0,1.04165,0.061847,1.59934,4.13612,-1.5311,7,0.00911597,3.71728,5.90173,0,0
1462,return,12.5395,11.2406,1.03234,0.083644,1.59927,4.13661,-1.52787,7,0.00911597,3.71728,5.90173,0,0
1463,return,1.19626,0,1.04341,0.062206,1.59932,4.13401,-1.52476,7,0.00911597,3.71728,5.90173,0,0
1464,return,11.867,10.6403,1.03553,0.062159,1.59937,4.1346,-1.52204,7,0.00911597,3.71728,5.90173,0,0
1465,return,1.17104,0,1.03307,0.06227,1.59926,4.13208,-1.51938,7,0.00911597,3.71728,5.90173,0,0
1466,return,12.2619,11.039,1.02832,0.063005,1.5992,4.13276,-1.5171,7,0.00911597,3.71728,5.90173,0,0
1467,return,1.21128,0,1.06216,0.061105,1.59909,4.13035,-1.51485,7,0.00911597,3.71728,5.90173,0,0
1468,return,11.9578,10.6656,1.06811,0.082884,1.59903,4.13115,-1.51294,7,0.00911597,3.71728,5.90173,0,0
1469,return,1.2859,0,1.14234,0.062019,1.59909,4.12888,-1.51102,7,0.00911597,3.71728,5.90173,0,0
1470,return,15.7252,14.4026,1.05486,0.096119,1.59916,4.1298,-1.50944,7,0.00911597,3.71728,5.90173,0,0
1471,return,1.86967,0,1.58751,0.142662,1.59914,4.12765,-1.50782,7,0.00911597,3.71728,5.90173,0,0
1472,return,13.0231,11.0516,1.71501,0.064278,1.59915,4.12868,-1.50651,7,0.00911597,3.71728,5.90173,0,0
1473,return,1.57055,0,1.29883,0.119443,1.5991,4.12667,-1.50515,7,0.00911597,3.71728,5.90173,0,0
1474,return,13.584,12.0272,1.34597,0.063393,1.59909,4.12781,-1.50407,7,0.00911597,3.71728,5.90173,0,0
1475,return,1.23812,0,1.08472,0.061561,1.59919,4.12593,-1.50293,7,0.00911597,3.71728,5.90173,0,0
1476,return,12.3646,11.0567,1.0661,0.081503,1.59928,4.12719,-1.50205,7,0.00911597,3.71728,5.90173,0,0
1477,return,1.24468,0,1.08621,0.061943,1.59928,4.12542,-1.50111,7,0.00911597,3.71728,5.90173,0,0
1478,return,12.1431,10.8726,1.07813,0.062641,1.59929,4.12677,-1.5004,7,0.00911597,3.71728,5.90173,0,0
1479,return,1.18719,0,1.04695,0.062198,1.59929,4.12511,-1.49962,7,0.00911597,3.71728,5.90173,0,0
1480,return,11.9335,10.6918,1.05067,0.062627,1.5993,4.12654,-1.49906,7,0.00911597,3.71728,5.90173,0,0
1481,return,1.19827,0,1.04956,0.061617,1.59942,4.12499,-1.49842,7,0.00911597,3.71728,5.90173,0,0
1482,return,11.9528,10.6123,1.11359,0.06155,1.59952,4.12649,-1.49799,7,0.00911597,3.71728,5.90173,0,0
1483,return,1.25332,0,1.11103,0.061549,1.59951,4.12501,-1.49747,7,0.00911597,3.71728,5.90173,0,0
1484,return,11.884,10.6508,1.04499,0.061922,1.5995,4.12657,-1.49715,7,0.00911597,3.71728,5.90173,0,0
1485,return,1.22742,0,1.08339,0.061358,1.5995,4.12516,-1.49674,7,0.00911597,3.71728,5.90173,0,0
1486,return,11.8964,10.636,1.07194,0.062874,1.5995,4.12677,-1.4965,7,0.00911597,3.71728,5.90173,0,0
1487,return,1.18442,0,1.04602,0.062215,1.59961,4.12542,-1.49618,7,0.00911597,3.71728,5.90173,0,0
1488,return,12.3355,11.0597,1.05076,0.090944,1.5997,4.12707,-1.49602,7,0.00911597,3.71728,5.90173,0,0
1489,return,1.1849,0,1.04792,0.061533,1.59968,4.12575,-1.49577,7,0.00911597,3.71728,5.90173,0,0
1490,return,16.6823,15.4306,1.04748,0.063521,1.59967,4.12742,-1.49568,7,0.00911597,3.71728,5.90173,0,0
1491,return,1.25522,0,1.09747,0.06173,1.59966,4.12614,-1.4955,7,0.00911597,3.71728,5.90173,0,0
1492,return,12.9924,11.64,1.1202,0.068295,1.59965,4.12782,-1.49546,7,0.00911597,3.71728,5.90173,0,0
1493,return,1.36053,0,1.17486,0.064816,1.59976,4.12657,-1.49533,7,0.00911597,3.71728,5.90173,0,0
1494,return,14.5819,12.482,1.83573,0.065657,1.59984,4.12827,-1.49533,7,0.00911597,3.71728,5.90173,0,0
1495,return,1.35833,0,1.18009,0.061699,1.59981,4.12702,-1.49525,7,0.00911597,3.71728,5.90173,0,0
1496,return,12.877,11.4584,1.17324,0.06406,1.59979,4.12871,-1.49529,7,0.00911597,3.71728,5.90173,0,0
1497,return,1.28408,0,1.12455,0.061509,1.59977,4.12747,-1.49525,7,0.00911597,3.71728,5.90173,0,0
1498,return,13.069,11.7556,1.09472,0.064254,1.59976,4.12916,-1.49532,7,0.00911597,3.71728,5.90173,0,0
1499,return,1.29044,0,1.13192,0.061945,1.59986,4.12793,-1.49531,7,0.00911597,3.71728,5.90173,0,0
1500,return,12.8992,11.5747,1.11269,0.065162,1.59993,4.12961,-1.4954,7,0.00911597,3.71728,5.90173,0,0
1501,return,1.32043,0,1.1311,0.062538,1.5999,4.12836,-1.49542,7,0.00911597,3.71728,5.90173,0,0
1502,return,13.5459,12.2589,1.08234,0.063175,1.59987,4.13003,-1.49553,7,0.00911597,3.71728,5.90173,0,0
1503,return,1.25921,0,1.08693,0.061778,1.5998,4.12877,-1.49557,7,0.00911597,3.71728,5.90173,0,0
1504,return,12.8848,11.5767,1.0995,0.06351,1.59974,4.13041,-1.49569,7,0.00911597,3.71728,5.90173,0,0
1505,return,1.28369,0,1.11904,0.061714,1.59926,4.12912,-1.49576,7,0.00911597,3.71728,5.90173,0,0
1506,return,13.1151,11.6694,1.21603,0.06407,1.59893,4.13073,-1.49589,7,0.00911597,3.71728,5.90173,0,0
1507,return,1.2404,0,1.08523,0.061803,1.59737,4.12934,-1.49597,7,0.00911597,3.71728,5.90173,0,0
1508,return,13.6729,12.4178,1.05108,0.063826,1.5963,4.13089,-1.4961,7,0.00911597,3.71728,5.90173,0,0
1509,return,1.2838,0,1.12783,0.06179,1.59291,4.12938,-1.4962,7,0.00911597,3.71728,5.90173,0,0
1510,return,12.9599,11.7061,1.05334,0.06443,1.59062,4.13084,-1.49634,7,0.00911597,3.71728,5.90173,0,0
1511,return,1.22652,0,1.07079,0.06258,1.58862,4.12946,-1.49644,7,0.00911597,3.71728,5.90173,0,0
1512,return,14.0292,12.7545,1.06376,0.066946,1.5874,4.131,-1.49659,7,0.00911597,3.71728,5.90173,0,0
1513,return,1.35917,0,1.18374,0.077917,1.58666,4.12967,-1.4967,7,0.00911597,3.71728,5.90173,0,0
1514,return,13.2451,11.906,1.13606,0.063759,1.58639,4.13126,-1.49685,7,0.00911597,3.71728,5.90173,0,0
1515,return,1.24123,0,1.09083,0.061729,1.58653,4.12996,-1.49698,7,0.00911597,3.71728,5.90173,0,0
1516,return,12.8816,11.6324,1.06174,0.061101,1.58689,4.13156,-1.49712,7,0.00911597,3.71728,5.90173,0,0
1517,return,1.20198,0,1.06242,0.061286,1.58746,4.13026,-1.49726,7,0.00911597,3.71728,5.90173,0,0
1518,return,13.398,11.8497,1.3391,0.063196,1.58811,4.13185,-1.49741,7,0.00911597,3.71728,5.90173,0,0
1519,return,1.21835,0,1.06991,0.061086,1.58888,4.13054,-1.49754,7,0.00911597,3.71728,5.90173,0,0
1520,return,13.0942,11.8781,1.02781,0.061873,1.58964,4.13211,-1.49769,7,0.00911597,3.71728,5.90173,0,0
1521,return,1.16879,0,1.02783,0.061316,1.59044,4.13079,-1.49784,7,0.00911597,3.71728,5.90173,0,0
1522,return,13.3359,12.0814,1.05399,0.064323,1.59121,4.13234,-1.49798,7,0.00911597,3.71728,5.90173,0,0
1523,return,1.19586,0,1.04285,0.061504,1.59198,4.131,-1.49813,7,0.00911597,3.71728,5.90173,0,0
1524,return,12.5947,11.3355,1.06519,0.065569,1.5927,4.13254,-1.49827,7,0.00911597,3.71728,5.90173,0,0
1525,return,1.18416,0,1.04283,0.062231,1.59341,4.13118,-1.49842,7,0.00911597,3.71728,5.90173,0,0
1526,return,13.0466,11.8136,1.03519,0.064023,1.59405,4.13271,-1.49856,7,0.00911597,3.71728,5.90173,0,0
1527,return,1.3484,0,1.19444,0.062392,1.59468,4.13134,-1.49872,7,0.00911597,3.71728,5.90173,0,0
1528,return,12.68,11.4262,1.06308,0.06305,1.59523,4.13286,-1.49885,7,0.00911597,3.71728,5.90173,0,0
1529,return,1.18518,0,1.04399,0.062507,1.59578,4.13148,-1.49901,7,0.00911597,3.71728,5.90173,0,0
1530,return,12.6047,11.3717,1.04574,0.061362,1.59625,4.13299,-1.49914,7,0.00911597,3.71728,5.90173,0,0
1531,return,1.18191,0,1.04217,0.061462,1.59672,4.1316,-1.4993,7,0.00911597,3.71728,5.90173,0,0
1532,return,12.9369,11.7044,1.03577,0.063345,1.59711,4.1331,-1.49943,7,0.00911597,3.71728,5.90173,0,0
1533,return,1.20394,0,1.05245,0.061499,1.5975,4.13171,-1.4996,7,0.00911597,3.71728,5.90173,0,0
1534,return,12.707,11.4544,1.06427,0.061373,1.59783,4.13321,-1.49972,7,0.00911597,3.71728,5.90173,0,0
1535,return,1.18278,0,1.04286,0.061051,1.59816,4.13182,-1.49989,7,0.00911597,3.71728,5.90173,0,0
1536,return,13.0775,11.839,1.04466,0.062773,1.59843,4.13332,-1.50001,7,0.00911597,3.71728,5.90173,0,0
1537,return,1.33295,0,1.1813,0.061361,1.5987,4.13193,-1.50018,7,0.00911597,3.71728,5.90173,0,0
1538,return,12.6101,11.3554,1.06589,0.06142,1.59891,4.13342,-1.50029,7,0.00911597,3.71728,5.90173,0,0
1539,return,1.19379,0,1.05476,0.060787,1.59913,4.13203,-1.50047,7,0.00911597,3.71728,5.90173,0,0
1540,return,13.8961,12.6301,1.06119,0.063881,1.5993,4.13353,-1.50058,7,0.00911597,3.71728,5.90173,0,0
1541,return,1.34177,0,1.15913,0.071456,1.59947,4.13214,-1.50075,7,0.00911597,3.71728,5.90173,0,0
1542,return,13.806,12.2327,1.32864,0.062992,1.59961,4.13364,-1.50086,7,0.00911597,3.71728,5.90173,0,0
1543,return,1.223,0,1.065,0.061744,1.59974,4.13226,-1.50104,7,0.00911597,3.71728,5.90173,0,0
1544,return,13.2318,11.9727,1.05784,0.064576,1.59985,4.13375,-1.50115,7,0.00911597,3.71728,5.90173,0,0
1545,pour,1.21382,0,1.06084,0.062351,1.59995,4.13238,-1.50133,7,0.00911597,3.71728,5.90173,0,0
1546,pour,13.5746,11.8777,1.47495,0.074345,1.60002,4.13387,-1.50143,7,0.00911597,3.71728,5.90173,0,0
1547,pour,1.28868,0,1.13363,0.062257,1.60117,4.1374,-1.50147,7,0.00911597,3.71728,5.90173,0,0
1548,pour,12.7752,11.4955,1.08681,0.062859,1.60197,4.14231,-1.50148,7,0.00911597,3.71728,5.90173,0,0
1549,pour,1.20649,0,1.06277,0.062433,1.60294,4.14152,-1.48073,7,0.00911597,3.71728,5.90173,0,0
1550,pour,13.3697,12.097,1.07265,0.064845,1.60358,4.14325,-1.46624,7,0.00911597,3.71728,5.90173,0,0
1551,pour,1.25183,0,1.07563,0.071556,1.60426,4.14298,-1.44713,7,0.00911597,3.71728,5.90173,0,0
1552,pour,13.0793,11.8106,1.0738,0.062903,1.60466,4.14507,-1.43447,7,0.00911597,3.71728,5.90173,0,0
1553,pour,1.26929,0,1.1207,0.061566,1.60512,4.1433,-1.41896,7,0.00911597,3.71728,5.90173,0,0
1554,pour,13.6059,12.2252,1.10314,0.066897,1.60535,4.1443,-1.40943,7,0.00911597,3.71728,5.90173,0,0
1555,pour,1.39519,0,1.21741,0.062212,1.60564,4.1402,-1.39817,7,0.00911597,3.71728,5.90173,0,0
1556,pour,12.9561,11.6722,1.08716,0.063755,1.60574,4.13958,-1.39208,7,0.00911597,3.71728,5.90173,0,0
1557,pour,1.21325,0,1.065,0.063068,1.60592,4.13329,-1.38525,7,0.00911597,3.71728,5.90173,0,0
1558,pour,13.1383,11.8696,1.06781,0.065004,1.60592,4.13125,-1.38258,7,0.00911597,3.71728,5.90173,0,0
1559,pour,1.62405,0,1.46479,0.06386,1.606,4.12354,-1.37998,7,0.00911597,3.71728,5.90173,0,0
1560,pour,13.3548,12.0287,1.12098,0.064997,1.60594,4.12066,-1.38044,7,0.00911597,3.71728,5.90173,0,0
1561,pour,1.32488,0,1.10901,0.083982,1.60594,4.11249,-1.38156,7,0.00911597,3.71728,5.90173,0,0
1562,pour,12.5114,11.2453,1.07152,0.064654,1.60583,4.1095,-1.38466,7,0.00911597,3.71728,5.90173,0,0
1563,pour,1.41326,0,1.15006,0.116145,1.60572,4.10174,-1.38875,7,0.00911597,3.71728,5.90173,0,0
1564,pour,12.8743,11.5031,1.15505,0.066097,1.60553,4.09926,-1.39384,7,0.00911597,3.71728,5.90173,0,0
1565,pour,1.19704,0,1.04731,0.064472,1.60546,4.09256,-1.40007,7,0.00911597,3.71728,5.90173,0,0
1566,pour,13.0034,11.7611,1.04188,0.066214,1.6053,4.09101,-1.40647,7,0.00911597,3.71728,5.90173,0,0
1567,pour,1.25514,0,1.10169,0.063495,1.60514,4.08575,-1.41401,7,0.00911597,3.71728,5.90173,0,0
1568,pour,13.4948,12.2325,1.04455,0.065471,1.60492,4.08536,-1.42109,7,0.00911597,3.71728,5.90173,0,0
1569,pour,1.22411,0,1.06756,0.063537,1.6049,4.08301,-1.43933,7,0.00911597,3.71728,5.90173,0,0
1570,pour,12.8757,11.5739,1.10668,0.064364,1.60478,4.08476,-1.45357,7,0.00911597,3.71728,5.90173,0,0
1571,pour,1.17999,0,1.0354,0.063727,1.60476,4.0846,-1.46967,7,0.00911597,3.71728,5.90173,0,0
1572,pour,12.8774,11.6124,1.03612,0.086273,1.60465,4.0879,-1.4818,7,0.00911597,3.71728,5.90173,0,0
1573,pour,1.34483,0,1.16118,0.066055,1.60446,4.08934,-1.49559,7,0.00911597,3.71728,5.90173,0,0
1574,pour,12.8821,11.4882,1.1497,0.082166,1.60424,4.0937,-1.50556,7,0.00911597,3.71728,5.90173,0,0
1575,pour,1.27826,0,1.10628,0.080531,1.60413,4.09619,-1.51695,7,0.00911597,3.71728,5.90173,0,0
1576,pour,12.0017,10.6508,1.14022,0.07796,1.60397,4.10116,-1.52478,7,0.00911597,3.71728,5.90173,0,0
1577,pour,1.1985,0,1.03857,0.07634,1.60375,4.10424,-1.53381,7,0.00911597,3.71728,5.90173,0,0
1578,pour,12.2523,10.9001,1.09069,0.099557,1.60352,4.10947,-1.53963,7,0.00911597,3.71728,5.90173,0,0
1579,pour,1.56603,0,1.3483,0.120939,1.60339,4.11274,-1.54648,7,0.00911597,3.71728,5.90173,0,0
1580,pour,12.3542,10.8858,1.26068,0.076159,1.60324,4.11795,-1.55049,7,0.00911597,3.71728,5.90173,0,0
1581,pour,1.48881,0,1.33312,0.075516,1.60303,4.12091,-1.55474,7,0.00911597,3.71728,5.90173,0,0
1582,pour,12.4482,10.8635,1.37159,0.07767,1.60282,4.12573,-1.55672,7,0.00911597,3.71728,5.90173,0,0
1583,pour,1.65162,0,1.43351,0.124658,1.60269,4.12866,-1.56007,7,0.00911597,3.71728,5.90173,0,0
1584,pour,13.2732,11.6822,1.37983,0.077324,1.60255,4.13331,-1.56131,7,0.00911597,3.71728,5.90173,0,0
1585,pour,1.52814,0,1.36545,0.076104,1.60237,4.13571,-1.56295,7,0.00911597,3.71728,5.90173,0,0
1586,pour,12.9559,11.3432,1.40704,0.07603,1.60219,4.13984,-1.56291,7,0.00911597,3.71728,5.90173,0,0
1587,pour,1.46527,0,1.3101,0.075053,1.60207,4.14181,-1.56362,7,0.00911597,3.71728,5.90173,0,0
1588,pour,13.276,11.6372,1.42224,0.077217,1.60195,4.14551,-1.56289,7,0.00911597,3.71728,5.90173,0,0
1589,pour,1.46,0,1.29662,0.0758,1.60179,4.14712,-1.56313,7,0.00911597,3.71728,5.90173,0,0
1590,pour,12.8935,11.3929,1.28682,0.081341,1.60165,4.15046,-1.56207,7,0.00911597,3.71728,5.90173,0,0
1591,pour,1.40889,0,1.24568,0.075355,1.60155,4.15173,-1.56209,7,0.00911597,3.71728,5.90173,0,0
1592,pour,13.2513,11.7293,1.2984,0.077138,1.60145,4.15474,-1.5609,7,0.00911597,3.71728,5.90173,0,0
1593,pour,1.22567,0,1.05389,0.074915,1.60132,4.15571,-1.56088,7,0.00911597,3.71728,5.90173,0,0
1594,pour,13.0073,11.718,1.06242,0.078824,1.60121,4.15842,-1.55967,7,0.00911597,3.71728,5.90173,0,0
1595,pour,1.17746,0,1.02262,0.075594,1.60115,4.1591,-1.55969,7,0.00911597,3.71728,5.90173,0,0
1596,pour,13.5718,12.3398,1.02205,0.077218,1.60109,4.16154,-1.55854,7,0.00911597,3.71728,5.90173,0,0
1597,pour,1.22553,0,1.04763,0.079226,1.601,4.16194,-1.55864,7,0.00911597,3.71728,5.90173,0,0
1598,pour,12.6596,11.4088,1.04417,0.077627,1.60091,4.16414,-1.55757,7,0.00911597,3.71728,5.90173,0,0
1599,pour,1.30549,0,1.0607,0.110308,1.60087,4.16428,-1.55777,7,0.00911597,3.71728,5.90173,0,0
1600,pour,12.4662,11.2036,1.05993,0.0755,1.60082,4.16625,-1.5568,7,0.00911597,3.71728,5.90173,0,0
1601,pour,1.2967,0,1.12122,0.095953,1.60079,4.16616,-1.55712,7,0.00911597,3.71728,5.90173,0,0
1602,pour,12.7944,11.4465,1.12516,0.076739,1.60075,4.16793,-1.55624,7,0.00911597,3.71728,5.90173,0,0
1603,pour,1.19642,0,1.03947,0.07577,1.60076,4.16764,-1.55667,7,0.00911597,3.71728,5.90173,0,0
1604,pour,12.8284,11.572,1.04834,0.078444,1.60074,4.16922,-1.55588,7,0.00911597,3.71728,5.90173,0,0
1605,pour,1.22064,0,1.05699,0.075946,1.60069,4.16876,-1.5564,7,0.00911597,3.71728,5.90173,0,0
1606,pour,13.0208,11.7303,1.06515,0.078022,1.60064,4.17021,-1.55568,7,0.00911597,3.71728,5.90173,0,0
1607,pour,1.33139,0,1.16133,0.076139,1.60063,4.16962,-1.55629,7,0.00911597,3.71728,5.90173,0,0
1608,pour,12.7762,11.5173,1.06215,0.064504,1.60062,4.17095,-1.55562,7,0.00911597,3.71728,5.90173,0,0
1609,pour,1.19768,0,1.05259,0.063869,1.60056,4.17027,-1.55628,7,0.00911597,3.71728,5.90173,0,0
1610,pour,12.8824,11.6212,1.06374,0.065298,1.60051,4.17152,-1.55565,7,0.00911597,3.71728,5.90173,0,0
1611,pour,1.27629,0,1.12281,0.064057,1.60052,4.1708,-1.55634,7,0.00911597,3.71728,5.90173,0,0
1612,pour,12.5165,11.253,1.06916,0.066813,1.60051,4.17201,-1.55573,7,0.00911597,3.71728,5.90173,0,0
1613,pour,1.2161,0,1.07553,0.062901,1.60046,4.17129,-1.55642,7,0.00911597,3.71728,5.90173,0,0
1614,pour,12.8504,11.5636,1.08003,0.065313,1.60042,4.1725,-1.55581,7,0.00911597,3.71728,5.90173,0,0
1615,pour,1.23963,0,1.08776,0.06321,1.60042,4.17184,-1.55647,7,0.00911597,3.71728,5.90173,0,0
1616,pour,12.7898,11.4568,1.10963,0.076776,1.60042,4.17307,-1.55584,7,0.00911597,3.71728,5.90173,0,0
1617,pour,1.30651,0,1.15074,0.063541,1.60038,4.17251,-1.55645,7,0.00911597,3.71728,5.90173,0,0
1618,pour,12.796,11.4946,1.1083,0.063434,1.60034,4.1738,-1.55578,7,0.00911597,3.71728,5.90173,0,0
1619,pour,1.22544,0,1.08114,0.062341,1.60036,4.17337,-1.55631,7,0.00911597,3.71728,5.90173,0,0
1620,pour,12.3729,11.0933,1.08193,0.063346,1.60036,4.17474,-1.55559,7,0.00911597,3.71728,5.90173,0,0
1621,pour,1.28426,0,1.13278,0.061876,1.60033,4.17448,-1.55603,7,0.00911597,3.71728,5.90173,0,0
1622,pour,12.4208,11.1338,1.09332,0.063038,1.6003,4.17595,-1.55524,7,0.00911597,3.71728,5.90173,0,0
1623,pour,1.30335,0,1.14948,0.066406,1.60025,4.17587,-1.55557,7,0.00911597,3.71728,5.90173,0,0
1624,pour,13.1674,11.8621,1.10756,0.063382,1.60021,4.17745,-1.55472,7,0.00911597,3.71728,5.90173,0,0
1625,pour,1.26485,0,1.11104,0.061604,1.60021,4.17755,-1.55493,7,0.00911597,3.71728,5.90173,0,0
1626,pour,12.8827,11.5758,1.12172,0.048183,1.60021,4.17922,-1.55401,7,0.00911597,3.71728,5.90173,0,0
1627,pour,1.25179,0,1.11534,0.045905,1.60018,4.17951,-1.55411,7,0.00911597,3.71728,5.90173,0,0
1628,pour,12.7653,11.4972,1.09032,0.047554,1.60016,4.18127,-1.55313,7,0.00911597,3.71728,5.90173,0,0
1629,pour,1.30698,0,1.17293,0.046032,1.60017,4.18172,-1.55313,7,0.00911597,3.71728,5.90173,0,0
1630,pour,12.6446,11.374,1.09216,0.04773,1.60017,4.18356,-1.5521,0,0.00911597,3.71728,5.90173,0,0
1631,pour,2.87613,0,2.7314,0.046611,1.60015,4.18402,-1.55209,0,0.00911597,3.71728,5.90173,0,0
1632,pour,13.483,10.6753,2.60678,0.046557,1.60013,4.18583,-1.55107,0,0.00911597,3.71728,5.90173,0,0
1633,pour,2.34063,0,2.21523,0.045816,1.60011,4.18859,-1.54933,0,0.00911597,3.71728,5.90173,0,0
1634,pour,13.9984,11.527,2.29107,0.048045,1.6001,4.19196,-1.54711,0,0.00911597,3.71728,5.90173,0,0
1635,pour,2.11707,0,1.97929,0.046136,1.60008,4.1957,-1.5446,0,0.00911597,3.71728,5.90173,0,0
1636,pour,13.5464,11.4042,1.9757,0.030244,1.60007,4.19963,-1.54194,0,0.00911597,3.71728,5.90173,0,0
1637,pour,2.12414,0,1.9624,0.044851,1.60007,4.20362,-1.53921,0,0.00911597,3.71728,5.90173,0,0
1638,pour,13.9184,11.7538,1.9514,0.042486,1.60006,4.20757,-1.53649,0,0.00911597,3.71728,5.90173,0,0
1639,pour,1.74963,0,1.61932,0.028851,1.60005,4.21143,-1.53383,0,0.00911597,3.71728,5.90173,0,0
1640,pour,13.3242,11.547,1.60454,0.031191,1.60005,4.21514,-1.53126,0,0.00911597,3.71728,5.90173,0,0
1641,pour,1.62438,0,1.48937,0.029453,1.60005,4.21867,-1.52881,0,0.00911597,3.71728,5.90173,0,0
1642,pour,14.0721,12.3493,1.52935,0.030926,1.60004,4.222,-1.5265,0,0.00911597,3.71728,5.90173,0,0
1643,pour,1.35582,0,1.20539,0.03826,1.60004,4.22512,-1.52432,0,0.00911597,3.71728,5.90173,0,0
1644,pour,12.4865,11.1111,1.22275,0.007992,1.60003,4.22803,-1.52229,0,0.00911597,3.71728,5.90173,0,0
1645,pour,1.31085,0,1.17152,0.015721,1.60003,4.23074,-1.5204,0,0.00911597,3.71728,5.90173,0,0
1646,pour,12.953,11.6659,1.11332,0.007567,1.60003,4.23324,-1.51865,0,0.00911597,3.71728,5.90173,0,0
1647,pour,1.19697,0,1.06901,0.006736,1.60003,4.23556,-1.51703,0,0.00911597,3.71728,5.90173,0,0
1648,pour,13.1697,11.894,1.13037,0.008109,1.60002,4.23769,-1.51554,0,0.00911597,3.71728,5.90173,0,0
1649,pour,1.22327,0,1.12246,0.006694,1.60002,4.23965,-1.51417,0,0.00911597,3.71728,5.90173,0,0
1650,pour,12.7759,11.4572,1.17796,0.00763,1.60002,4.24144,-1.51292,0,0.00911597,3.71728,5.90173,0,0
1651,pour,1.2568,0,1.15975,0.006691,1.60002,4.24309,-1.51176,0,0.00911597,3.71728,5.90173,0,0
1652,pour,12.5071,11.2752,1.09514,0.007074,1.60002,4.24459,-1.51071,0,0.00911597,3.71728,5.90173,0,0
1653,pour,1.18672,0,1.0956,0.006779,1.60002,4.24597,-1.50974,0,0.00911597,3.71728,5.90173,0,0
1654,pour,12.8727,11.6348,1.09653,0.007719,1.60001,4.24722,-1.50886,0,0.00911597,3.71728,5.90173,0,0
1655,pour,1.26269,0,1.16383,0.006729,1.60001,4.24837,-1.50806,0,0.00911597,3.71728,5.90173,0,0
1656,pour,12.7566,11.5055,1.11163,0.007609,1.60001,4.24941,-1.50733,0,0.00911597,3.71728,5.90173,0,0
1657,pour,1.26351,0,1.16763,0.006656,1.60001,4.25037,-1.50666,0,0.00911597,3.71728,5.90173,0,0
1658,pour,12.9877,11.7289,1.11061,0.007956,1.60001,4.25123,-1.50605,0,0.00911597,3.71728,5.90173,0,0
1659,pour,1.20392,0,1.10028,0.006719,1.60001,4.25202,-1.5055,0,0.00911597,3.71728,5.90173,0,0
1660,pour,13.9761,12.485,1.31313,0.00882,1.60001,4.25274,-1.505,0,0.00911597,3.71728,5.90173,0,0
1661,pour,1.34954,0,1.20802,0.011676,1.60001,4.25339,-1.50454,0,0.00911597,3.71728,5.90173,0,0
1662,pour,16.5797,14.4978,1.91507,0.008568,1.60001,4.25399,-1.50412,0,0.00911597,3.71728,5.90173,0,0
1663,pour,1.32024,0,1.21612,0.006691,1.60001,4.25453,-1.50374,0,0.00911597,3.71728,5.90173,0,0
1664,pour,13.5372,12.2367,1.14931,0.007847,1.60001,4.25502,-1.5034,0,0.00911597,3.71728,5.90173,0,0
1665,pour,1.36982,0,1.26075,0.007001,1.6,4.25546,-1.50309,0,0.00911597,3.71728,5.90173,0,0
1666,pour,14.2278,12.8529,1.22221,0.008525,1.6,4.25587,-1.5028,0,0.00911597,3.71728,5.90173,0,0
1667,pour,1.30486,0,1.19894,0.00671,1.6,4.25623,-1.50254,0,0.00911597,3.71728,5.90173,0,0
1668,pour,14.6695,13.3219,1.1723,0.007945,1.6,4.25657,-1.50231,0,0.00911597,3.71728,5.90173,0,0
1669,pour,1.26522,0,1.15963,0.006648,1.6,4.25687,-1.5021,0,0.00911597,3.71728,5.90173,0,0
1670,pour,13.9593,12.4352,1.31623,0.008209,1.6,4.25715,-1.5019,0,0.00911597,3.71728,5.90173,0,0
1671,pour,1.27398,0,1.15237,0.006629,1.6,4.2574,-1.50173,0,0.00911597,3.71728,5.90173,0,0
1672,pour,13.3188,11.9897,1.14416,0.018789,1.6,4.25762,-1.50157,0,0.00911597,3.71728,5.90173,0,0
1673,pour,1.90435,0,1.73718,0.011673,1.6,4.25783,-1.50142,0,0.00911597,3.71728,5.90173,0,0
1674,pour,13.95,12.2332,1.55354,0.007895,1.6,4.25802,-1.50129,0,0.00911597,3.71728,5.90173,0,0
1675,pour,1.23886,0,1.13162,0.006659,1.6,4.25819,-1.50117,0,0.00911597,3.71728,5.90173,0,0
1676,pour,13.8378,12.5527,1.13245,0.008563,1.6,4.25834,-1.50106,0,0.00911597,3.71728,5.90173,0,0
1677,pour,1.27197,0,1.167,0.006663,1.6,4.25848,-1.50097,0,0.00911597,3.71728,5.90173,0,0
1678,pour,13.7884,12.3948,1.23461,0.007924,1.6,4.25861,-1.50088,0,0.00911597,3.71728,5.90173,0,0
1679,pour,1.27018,0,1.16418,0.006773,1.6,4.25872,-1.5008,0,0.00911597,3.71728,5.90173,0,0
1680,pour,13.8287,12.4212,1.21047,0.041117,1.6,4.25883,-1.50072,0,0.00911597,3.71728,5.90173,0,0
1681,pour,1.28771,0,1.15213,0.039046,1.6,4.25892,-1.50066,0,0.00911597,3.71728,5.90173,0,0
1682,pour,13.832,12.4564,1.18883,0.045742,1.6,4.25901,-1.50059,0,0.00911597,3.71728,5.90173,0,0
1683,pour,1.62847,0,1.49561,0.038024,1.6,4.25909,-1.50054,0,0.00911597,3.71728,5.90173,0,0
1684,pour,13.1777,11.4592,1.51718,0.038752,1.6,4.25916,-1.50049,0,0.00911597,3.71728,5.90173,0,0
1685,pour,1.94036,0,1.7997,0.046936,1.6,4.25923,-1.50045,0,0.00911597,3.71728,5.90173,0,0
1686,pour,13.6351,11.5336,1.87329,0.067614,1.6,4.25929,-1.5004,0,0.00911597,3.71728,5.90173,0,0
1687,pour,2.30453,0,2.08342,0.085181,1.6,4.25936,-1.50037,0,0.00911597,3.71728,5.90173,0,0
1688,pour,13.6997,11.3725,2.08702,0.087546,1.6,4.25942,-1.50033,0,0.00911597,3.71728,5.90173,0,0
1689,pour,2.44808,0,2.29701,0.066916,1.6,4.25948,-1.5003,0,0.00911597,3.71728,5.90173,0,0
1690,pour,13.9833,11.5114,2.26622,0.068894,1.6,4.25954,-1.50027,0,0.00911597,3.71728,5.90173,0,0
1691,pour,2.66273,0,2.50203,0.066879,1.6,4.2596,-1.50025,0,0.00911597,3.71728,5.90173,0,0
1692,pour,14.1362,11.31,2.60351,0.091592,1.59999,4.25966,-1.50022,0,0.00911597,3.71728,5.90173,0,0
1693,pour,2.813,0,2.63874,0.091892,1.59999,4.25973,-1.5002,0,0.00911597,3.71728,5.90173,0,0
1694,pour,13.4159,10.5574,2.63808,0.091874,1.59999,4.25979,-1.50018,0,0.00911597,3.71728,5.90173,0,0
1695,pour,3.12705,0,2.94706,0.092097,1.59999,4.25985,-1.50016,0,0.00911597,3.71728,5.90173,0,0
1696,pour,13.8324,10.74,2.86632,0.09193,1.59998,4.2599,-1.50015,0,0.00911597,3.71728,5.90173,0,0
1697,pour,3.04388,0,2.86781,0.091902,1.59998,4.25996,-1.50013,0,0.00911597,3.71728,5.90173,0,0
1698,pour,13.8002,10.6024,2.96837,0.097732,1.59998,4.26002,-1.50012,0,0.00911597,3.71728,5.90173,0,0
1699,pour,3.27475,0,3.09194,0.091954,1.59997,4.26007,-1.5001,0,0.00911597,3.71728,5.90173,0,0
1700,pour,13.8375,10.621,2.98941,0.092498,1.59997,4.26013,-1.50009,0,0.00911597,3.71728,5.90173,0,0
1701,pour,3.29066,0,3.11369,0.092341,1.59997,4.26018,-1.50007,0,0.00911597,3.71728,5.90173,0,0
1702,pour,14.0772,10.7364,3.1101,0.096926,1.59996,4.26022,-1.50006,0,0.00911597,3.71728,5.90173,0,0
1703,pour,3.49017,0,3.28139,0.091263,1.59996,4.26026,-1.50005,0,0.00911597,3.71728,5.90173,0,0
1704,pour,13.9981,10.6044,3.16994,0.091681,1.59996,4.2603,-1.50004,0,0.00911597,3.71728,5.90173,0,0
1705,pour,3.34581,0,3.16888,0.094887,1.59996,4.26034,-1.50003,0,0.00911597,3.71728,5.90173,0,0
1706,pour,14.0789,10.6353,3.21973,0.091973,1.59996,4.26037,-1.50003,0,0.00911597,3.71728,5.90173,0,0
1707,pour,3.54608,0,3.36245,0.091398,1.59995,4.2604,-1.50002,0,0.00911597,3.71728,5.90173,0,0
1708,pour,14.2205,10.6992,3.28522,0.091867,1.59995,4.26042,-1.50001,0,0.00911597,3.71728,5.90173,0,0
1709,pour,3.49305,0,3.3172,0.092078,1.59995,4.26044,-1.50001,0,0.00911597,3.71728,5.90173,0,0
1710,pour,14.3885,10.8445,3.28759,0.116933,1.59995,4.26045,-1.5,0,0.00911597,3.71728,5.90173,0,0
1711,pour,3.69918,0,3.48378,0.115942,1.59995,4.26046,-1.5,0,0.00911597,3.71728,5.90173,0,0
1712,pour,14.121,10.6067,3.28987,0.092584,1.59996,4.26047,-1.49999,0,0.00911597,3.71728,5.90173,0,0
1713,pour,3.52041,0,3.34482,0.092423,1.59996,4.26047,-1.49999,0,0.00911597,3.71728,5.90173,0,0
1714,pour,14.3414,10.7401,3.36664,0.093401,1.59996,4.26047,-1.49999,0,0.00911597,3.71728,5.90173,0,0
1715,pour,3.35669,0,3.1745,0.095923,1.59996,4.26047,-1.49999,0,0.00911597,3.71728,5.90173,0,0
1716,pour,14.0798,10.5462,3.30774,0.092611,1.59997,4.26046,-1.49999,0,0.00911597,3.71728,5.90173,0,0
1717,pour,3.37609,0,3.20076,0.092555,1.59997,4.26046,-1.49999,0,0.00911597,3.71728,5.90173,0,0
1718,pour,14.1534,10.7234,3.20157,0.093166,1.59997,4.26045,-1.49999,0,0.00911597,3.71728,5.90173,0,0
1719,pour,3.52212,0,3.33619,0.091731,1.59998,4.26043,-1.49999,0,0.00911597,3.71728,5.90173,0,0
1720,pour,14.0051,10.5705,3.21143,0.09152,1.59998,4.26042,-1.49999,0,0.00911597,3.71728,5.90173,0,0
1721,pour,3.34817,0,3.15517,0.111321,1.59999,4.2604,-1.49999,0,0.00911597,3.71728,5.90173,0,0
1722,pour,14.181,10.7078,3.23733,0.093362,1.59999,4.26039,-1.5,0,0.00911597,3.71728,5.90173,0,0
1723,pour,3.16562,0,2.98687,0.092231,1.6,4.26037,-1.5,0,0.00911597,3.71728,5.90173,0,0
1724,pour,13.8966,10.5943,3.07583,0.093166,1.6,4.26035,-1.5,0,0.00911597,3.71728,5.90173,0,0
1725,pour,3.15254,0,2.96626,0.096935,1.60001,4.26034,-1.50001,0,0.00911597,3.71728,5.90173,0,0
1726,pour,13.8654,10.632,3.00765,0.091988,1.60001,4.26032,-1.50001,0,0.00911597,3.71728,5.90173,0,0
1727,pour,3.03693,0,2.8628,0.091617,1.60001,4.2603,-1.50001,0,0.00911597,3.71728,5.90173,0,0
1728,pour,13.6592,10.6358,2.79861,0.092415,1.60002,4.26029,-1.50002,0,0.00911597,3.71728,5.90173,0,0
1729,pour,2.79542,0,2.62182,0.091918,1.60002,4.26028,-1.50002,0,0.00911597,3.71728,5.90173,0,0
1730,pour,14.6232,11.6548,2.74602,0.071248,1.60003,4.26026,-1.50002,0,0.00911597,3.71728,5.90173,0,0
1731,pour,2.64303,0,2.48887,0.06655,1.60003,4.26025,-1.50002,0,0.00911597,3.71728,5.90173,0,0
1732,pour,13.6594,10.9705,2.49107,0.066896,1.60003,4.26024,-1.50002,0,0.00911597,3.71728,5.90173,0,0
1733,pour,2.63024,0,2.43274,0.080092,1.60003,4.26023,-1.50002,0,0.00911597,3.71728,5.90173,0,0
1734,pour,13.4896,10.9166,2.36306,0.067488,1.60003,4.26021,-1.50002,0,0.00911597,3.71728,5.90173,0,0
1735,pour,2.21352,0,2.05652,0.065888,1.60004,4.2602,-1.50002,0,0.00911597,3.71728,5.90173,0,0
1736,pour,12.8669,10.6537,2.04347,0.038755,1.60004,4.2602,-1.50002,0,0.00911597,3.71728,5.90173,0,0
1737,pour,2.0492,0,1.91839,0.038774,1.60004,4.26018,-1.50002,0,0.00911597,3.71728,5.90173,0,0
1738,pour,12.8478,10.9202,1.74914,0.040511,1.60004,4.26017,-1.50002,0,0.00911597,3.71728,5.90173,0,0
1739,pour,1.60275,0,1.47575,0.038916,1.60003,4.26016,-1.50002,0,0.00911597,3.71728,5.90173,0,0
1740,pour,12.1288,10.4869,1.47147,0.039239,1.60003,4.26014,-1.50002,0,0.00911597,3.71728,5.90173,0,0
1741,pour,1.24765,0,1.12591,0.038887,1.60003,4.26012,-1.50002,0,0.00911597,3.71728,5.90173,0,0
1742,pour,11.9625,10.6419,1.18304,0.006864,1.60003,4.26011,-1.50002,0,0.00911597,3.71728,5.90173,0,0
1743,pour,1.23864,0,1.14736,0.006663,1.60003,4.26009,-1.50002,0,0.00911597,3.71728,5.90173,0,0
1744,pour,12.2938,10.9044,1.21424,0.040001,1.60003,4.26007,-1.50002,0,0.00911597,3.71728,5.90173,0,0
1745,pour,1.24587,0,1.12322,0.039365,1.60002,4.26006,-1.50001,0,0.00911597,3.71728,5.90173,0,0
1746,pour,11.9866,10.7027,1.11514,0.03919,1.60002,4.26004,-1.50001,0,0.00911597,3.71728,5.90173,0,0
1747,pour,1.68653,0,1.50922,0.048344,1.60002,4.26003,-1.50001,0,0.00911597,3.71728,5.90173,0,0
1748,pour,12.6282,10.8717,1.57858,0.041021,1.60002,4.26002,-1.50001,0,0.00911597,3.71728,5.90173,0,0
1749,pour,1.92067,0,1.79472,0.039388,1.60002,4.26001,-1.50001,0,0.00911597,3.71728,5.90173,0,0
1750,pour,12.6572,10.6817,1.77844,0.067503,1.60001,4.26001,-1.50001,0,0.00911597,3.71728,5.90173,0,0
1751,pour,2.22774,0,2.0697,0.067223,1.60001,4.26003,-1.5,0,0.00911597,3.71728,5.90173,0,0
1752,pour,13.1834,10.837,2.1375,0.068802,1.6,4.26006,-1.5,0,0.00911597,3.71728,5.90173,0,0
1753,pour,2.73604,0,2.57865,0.06708,1.6,4.2601,-1.5,0,0.00911597,3.71728,5.90173,0,0
1754,pour,14.3373,11.6362,2.47414,0.095266,1.59999,4.26015,-1.49999,0,0.00911597,3.71728,5.90173,0,0
1755,pour,3.00659,0,2.82972,0.095346,1.59999,4.26021,-1.49999,0,0.00911597,3.71728,5.90173,0,0
1756,pour,15.0929,12.1209,2.73489,0.099694,1.59999,4.26027,-1.49999,0,0.00911597,3.71728,5.90173,0,0
1757,pour,3.19903,0,3.01068,0.094435,1.59999,4.26033,-1.5,0,0.00911597,3.71728,5.90173,0,0
1758,pour,17.5002,14.405,2.86897,0.094984,1.59999,4.26039,-1.5,0,0.00911597,3.71728,5.90173,0,0
1759,pour,3.48692,0,3.29982,0.09502,1.6,4.26044,-1.5,0,0.00911597,3.71728,5.90173,0,0
1760,pour,14.286,10.8974,3.15588,0.096245,1.60001,4.26049,-1.50001,0,0.00911597,3.71728,5.90173,0,0
1761,pour,3.49438,0,3.31137,0.095367,1.60002,4.26054,-1.50001,0,0.00911597,3.71728,5.90173,0,0
1762,pour,14.2782,10.7801,3.24559,0.118597,1.60003,4.26058,-1.50001,0,0.00911597,3.71728,5.90173,0,0
1763,pour,3.66727,0,3.45534,0.12092,1.60004,4.26063,-1.50002,0,0.00911597,3.71728,5.90173,0,0
1764,pour,14.682,10.7163,3.69762,0.118907,1.60005,4.26068,-1.50002,0,0.00911597,3.71728,5.90173,0,0
1765,pour,3.64816,0,3.44801,0.118125,1.60006,4.26074,-1.50003,0,0.00911597,3.71728,5.90173,0,0
1766,pour,14.5001,10.7548,3.48098,0.131012,1.60007,4.26081,-1.50004,0,0.00911597,3.71728,5.90173,0,0
1767,pour,3.957,0,3.74949,0.118186,1.60008,4.26088,-1.50005,0,0.00911597,3.71728,5.90173,0,0
1768,pour,14.7531,10.7191,3.78107,0.118505,1.60009,4.26094,-1.50006,0,0.00911597,3.71728,5.90173,0,0
1769,pour,4.01417,0,3.81285,0.117844,1.6001,4.26101,-1.50008,0,0.00911597,3.71728,5.90173,0,0
1770,pour,14.8085,10.821,3.72823,0.121155,1.60011,4.26108,-1.50009,0,0.00911597,3.71728,5.90173,0,0
1771,pour,4.08843,0,3.87453,0.119981,1.60012,4.26115,-1.50011,0,0.00911597,3.71728,5.90173,0,0
1772,pour,14.5476,10.5598,3.73867,0.118865,1.60013,4.26121,-1.50013,0,0.00911597,3.71728,5.90173,0,0
1773,pour,4.13426,0,3.93034,0.119107,1.60014,4.26128,-1.50015,0,0.00911597,3.71728,5.90173,0,0
1774,pour,14.8856,10.6849,3.92647,0.118931,1.60016,4.26135,-1.50017,0,0.00911597,3.71728,5.90173,0,0
1775,pour,4.1302,0,3.91719,0.118759,1.60017,4.26096,-1.49956,0,0.00911597,3.71728,5.90173,0,0
1776,pour,14.5377,10.4425,3.84438,0.118955,1.60019,4.26024,-1.4985,0,0.00911597,3.71728,5.90173,0,0
1777,pour,4.06945,0,3.86671,0.122235,1.6002,4.25974,-1.49777,0,0.00911597,3.71728,5.90173,0,0
1778,pour,14.9046,10.6694,3.97584,0.119534,1.60022,4.25942,-1.49728,0,0.00911597,3.71728,5.90173,0,0
1779,pour,4.04433,0,3.83591,0.121768,1.60024,4.25921,-1.49697,0,0.00911597,3.71728,5.90173,0,0
1780,pour,15.3068,10.6889,4.35049,0.119307,1.60026,4.2591,-1.49681,0,0.00911597,3.71728,5.90173,0,0
1781,pour,4.17826,0,3.96568,0.117833,1.60028,4.25906,-1.49674,0,0.00911597,3.71728,5.90173,0,0
1782,pour,14.7527,10.5539,3.94812,0.117955,1.60029,4.25906,-1.49675,0,0.00911597,3.71728,5.90173,0,0
1783,pour,3.99394,0,3.79511,0.117857,1.60031,4.25909,-1.49681,0,0.00911597,3.71728,5.90173,0,0
1784,pour,15.0238,10.6486,4.1177,0.119327,1.60032,4.25914,-1.49692,0,0.00911597,3.71728,5.90173,0,0
1785,destroyed,1.25756,0,1.07176,0.117429,0,0,0,6,0.00911597,3.71728,5.90173,0,0
1786,destroyed,12.3553,11.0693,1.06907,0.114936,0,0,0,6,0.00911597,3.71728,5.90173,0,0
1787,destroyed,1.24612,0,1.07093,0.114918,0,0,0,6,0.00911597,3.71728,5.90173,0,0
1788,destroyed,13.1114,11.6497,1.23453,0.118642,0,0,0,6,0.00911597,3.71728,5.90173,0,0
1789,destroyed,1.6456,0,1.32036,0.214109,0,0,0,6,0.00911597,3.71728,5.90173,0,0
1790,destroyed,11.8353,10.4691,1.12683,0.117445,0,0,0,6,0.00911597,3.71728,5.90173,0,0
1791,destroyed,1.49859,0,1.29601,0.121888,0,0,0,6,0.00911597,3.71728,5.90173,0,0
1792,destroyed,15.0614,13.7042,1.12766,0.116969,0,0,0,6,0.00911597,3.71728,5.90173,0,0
1793,destroyed,1.64885,0,1.4169,0.126389,0,0,0,6,0.00911597,3.71728,5.90173,0,0
1794,destroyed,14.4247,13.0585,1.14386,0.115925,0,0,0,6,0.00911597,3.71728,5.90173,0,0
