step,fixed_ms,particle_executed,particle_ms,coupling_ms,rigid_ms,broadphase_ms,narrowphase_ms,solver_ms,contacts,contained_mass,density_ms,boundary_ms,velocity_ms,hydrostatic_ms,player_ms
0,7.728397,1,7.004356,7.446042,0.050603,0.012051,0.031045,0.005117,0,0,2.825307,2.426464,1.349666,0.089245,0.268997
1,8.98175,0,0,8.712558,0.047111,0.011034,0.029036,0.004897,0,0,2.825307,2.426464,1.349666,8.415886,0.286379
2,15.995657,1,6.947545,15.692046,0.045546,0.009889,0.029584,0.004469,0,0,2.677668,2.507611,1.368967,8.38584,0.289999
3,8.871533,0,0,8.600714,0.048663,0.010386,0.031868,0.004801,0,0,2.677668,2.507611,1.368967,8.298512,0.292038
4,16.278166,1,7.340372,16.005266,0.037525,0.007311,0.026624,0.003106,0,0,2.671117,2.813995,1.456928,8.296093,0.301481
5,9.699346,0,0,9.394101,0.047066,0.010773,0.028783,0.004966,0,0,2.671117,2.813995,1.456928,9.078968,0.303457
6,18.374226,1,8.359574,17.940648,0.044405,0.009631,0.029316,0.004085,0,0,2.676602,3.4161,1.811176,9.193788,0.304957
7,9.729762,0,0,9.385605,0.049565,0.010845,0.031748,0.004921,0,0,2.676602,3.4161,1.811176,9.066689,0.307823
8,18.604107,1,8.468453,17.916663,0.389488,0.007551,0.05228,0.328043,0,0,2.810551,3.56773,1.69222,9.069102,0.308
9,9.121403,0,0,8.713198,0.134277,0.008438,0.113413,0.010241,4,0,2.810551,3.56773,1.69222,8.395134,0.308643
10,18.081824,1,8.805819,17.651112,0.09173,0.009705,0.069815,0.010112,4,0,2.687446,3.789225,1.859346,8.472767,0.303194
11,10.359169,0,0,9.342441,0.69696,0.008269,0.116804,0.569978,4,0,2.687446,3.789225,1.859346,9.024266,0.307365
12,17.650237,1,8.40077,17.241863,0.104769,0.006232,0.083249,0.014397,12,0,2.643198,3.607199,1.75811,8.473607,0.30358
13,9.785072,0,0,9.277215,0.152161,0.011102,0.121555,0.016923,12,0,2.643198,3.607199,1.75811,8.933962,0.331705
14,18.093985,1,8.833419,17.692617,0.101271,0.006351,0.081324,0.012635,12,0,2.57768,3.995141,1.831846,8.454303,0.320449
15,10.738169,0,0,10.116385,0.198005,0.014371,0.15788,0.021659,12,0,2.57768,3.995141,1.831846,9.633827,0.465174
16,18.333931,1,9.020802,17.871165,0.115584,0.010983,0.089654,0.012865,12,0,2.562884,4.136618,1.917845,8.46505,0.310448
17,13.377564,0,0,12.756705,0.222383,0.015928,0.1795,0.022644,12,0,2.562884,4.136618,1.917845,12.256068,0.484797
18,18.898262,1,9.360807,18.482128,0.103258,0.007598,0.083328,0.011245,12,0,2.619459,4.345726,1.988767,8.699065,0.356768
19,9.121854,0,0,8.705378,0.113526,0.01037,0.088039,0.01323,12,0,2.619459,4.345726,1.988767,8.404705,0.290836
20,19.270793,1,10.154552,18.826097,0.094304,0.005804,0.078766,0.00912,12,0,2.882294,4.639451,2.220263,8.272556,0.325162
21,9.316349,0,0,8.867145,0.114745,0.010583,0.089175,0.01263,12,0,2.882294,4.639451,2.220263,8.559994,0.295553
22,24.295432,1,14.632997,23.743883,0.116572,0.010641,0.090398,0.013205,12,0,3.750763,7.476436,2.897162,8.580987,0.403557
23,9.983686,0,0,9.458485,0.147731,0.011802,0.109237,0.023558,12,0,3.750763,7.476436,2.897162,9.150231,0.295295
24,24.45403,1,11.492418,23.892407,0.173853,0.015373,0.135141,0.019656,12,0,3.039878,5.767905,2.250451,12.015155,0.285838
25,9.827921,0,0,9.333296,0.11587,0.010016,0.090328,0.013056,12,0,3.039878,5.767905,2.250451,9.039014,0.282193
26,20.404732,1,10.610207,19.943881,0.119697,0.010982,0.092974,0.013363,12,0,2.946923,4.826098,2.374179,8.938179,0.316411
27,9.730853,0,0,9.20203,0.117051,0.01091,0.089536,0.013816,12,0,2.946923,4.826098,2.374179,8.874989,0.315136
28,24.378641,1,14.823234,23.799532,0.11831,0.010989,0.091827,0.013074,12,0,3.298318,8.083765,2.837384,8.411264,0.462773
29,9.5948,0,0,9.02939,0.14669,0.011155,0.119692,0.012929,12,0,3.298318,8.083765,2.837384,8.746937,0.26988
30,20.558629,1,11.470841,20.114223,0.112524,0.009777,0.088284,0.012322,12,0,3.093683,5.449177,2.4787,8.289364,0.271585
31,9.730038,0,0,9.253678,0.13292,0.011159,0.089763,0.028756,12,0,3.093683,5.449177,2.4787,8.964888,0.275502
32,22.051703,1,12.898189,21.545449,0.147059,0.021171,0.110319,0.01277,12,0,3.426225,6.224898,2.776959,8.293951,0.267884
33,8.998678,0,0,8.495446,0.116293,0.010948,0.089942,0.012884,12,0,3.426225,6.224898,2.776959,8.220287,0.263029
34,21.599653,1,12.246728,21.0226,0.143212,0.011279,0.115648,0.013873,12,0,3.184512,5.881576,2.749832,8.381959,0.309486
35,9.108889,0,0,8.628944,0.11711,0.011255,0.089972,0.013358,12,0,3.184512,5.881576,2.749832,8.35592,0.260363
36,21.401437,1,12.155059,20.827261,0.115543,0.010367,0.089989,0.012726,12,0,3.257708,5.636354,2.810368,8.306715,0.29028
37,8.97718,0,0,8.493276,0.132191,0.011184,0.102455,0.0146,12,0,3.257708,5.636354,2.810368,8.204759,0.274684
38,20.99333,1,12.291865,20.562336,0.097776,0.006401,0.080874,0.009767,12,0,3.461722,5.674655,2.674115,7.940683,0.260561
39,8.995502,0,0,8.552562,0.115378,0.010819,0.088972,0.012854,12,0,3.461722,5.674655,2.674115,8.28335,0.258003
40,20.945479,1,12.13681,20.387806,0.135176,0.007718,0.110329,0.016334,12,0,3.105299,5.864879,2.716354,7.829739,0.339035
41,8.664201,0,0,8.249717,0.111092,0.010381,0.086372,0.012215,12,0,3.105299,5.864879,2.716354,7.95732,0.28253
42,19.812322,1,11.512901,19.401504,0.095108,0.005917,0.079192,0.009287,12,0,3.028845,5.409781,2.519936,7.547709,0.279575
43,8.361153,0,0,7.883612,0.168181,0.011405,0.14062,0.013204,12,0,3.028845,5.409781,2.519936,7.618987,0.254746
44,20.16994,1,11.978054,19.757826,0.094038,0.00572,0.0783,0.009405,12,0,3.09582,5.719309,2.735626,7.442389,0.271944
45,8.152983,0,0,7.73984,0.113349,0.008678,0.09199,0.011321,12,0,3.09582,5.719309,2.735626,7.476743,0.253718
46,19.703112,1,11.418435,19.30806,0.096045,0.005994,0.080171,0.009206,12,0,2.994202,5.398163,2.606299,7.552535,0.277088
47,8.678758,0,0,8.247833,0.108171,0.008818,0.085505,0.012204,12,0,2.994202,5.398163,2.606299,7.984958,0.252307
48,19.782505,1,11.489483,19.386193,0.095667,0.006059,0.079781,0.009113,12,0,3.091555,5.476732,2.495438,7.580407,0.254735
49,8.671491,0,0,8.222372,0.128669,0.011029,0.088229,0.027266,12,0,3.091555,5.476732,2.495438,7.938789,0.263087
50,21.717888,1,12.580487,21.103762,0.11644,0.010769,0.09002,0.013065,12,0,3.336377,5.943507,2.847787,8.168546,0.269375
51,8.358786,0,0,7.888714,0.12799,0.011174,0.100771,0.013444,12,0,3.336377,5.943507,2.847787,7.622052,0.253673
52,21.156717,1,12.376245,20.707025,0.115484,0.010915,0.088954,0.012967,12,0,3.275279,5.757266,2.858247,7.99792,0.258066
53,8.682471,0,0,8.211078,0.131682,0.011744,0.090858,0.026873,12,0,3.275279,5.757266,2.858247,7.934878,0.255801
54,21.216822,1,12.390829,20.667735,0.103031,0.0071,0.084546,0.009502,12,0,3.060657,6.047863,2.810337,7.755791,0.416363
55,9.093634,0,0,8.581182,0.124022,0.010929,0.096319,0.013896,12,0,3.060657,6.047863,2.810337,8.273787,0.294989
56,21.847572,1,12.849956,21.35195,0.123634,0.01075,0.097087,0.013068,12,0,3.32711,6.26696,2.814208,8.125661,0.296507
57,10.809928,0,0,10.02939,0.221806,0.018044,0.17582,0.023071,12,0,3.32711,6.26696,2.814208,9.60369,0.40702
58,29.281531,1,18.34034,28.595329,0.180827,0.013063,0.14848,0.014328,12,0,4.03144,9.674197,4.028244,9.713014,0.43371
59,13.763138,0,0,13.104173,0.196273,0.013753,0.161131,0.018581,12,0,4.03144,9.674197,4.028244,12.691468,0.398624
60,23.75499,1,12.088041,23.261799,0.116067,0.010404,0.090576,0.012487,12,0,3.088913,5.917071,2.617038,10.848976,0.254914
61,8.596877,0,0,8.129083,0.156925,0.019603,0.111682,0.023402,12,0,3.088913,5.917071,2.617038,7.827542,0.290391
62,20.111981,1,11.776669,19.695654,0.095576,0.006125,0.079528,0.00913,12,0,3.140681,5.575126,2.568954,7.575849,0.270546
63,8.393369,0,0,7.968541,0.110108,0.009309,0.086853,0.012157,12,0,3.140681,5.575126,2.568954,7.704494,0.253666
64,20.049242,1,11.709251,19.58221,0.094618,0.005839,0.079191,0.008819,12,0,3.039255,5.623396,2.619986,7.557689,0.25356
65,8.042559,0,0,7.646382,0.095654,0.005844,0.079475,0.00968,12,0,3.039255,5.623396,2.619986,7.3846,0.25267
66,20.258557,1,11.716394,19.830191,0.107605,0.009062,0.085402,0.011588,12,0,3.063542,5.670971,2.554685,7.78723,0.260396
67,8.109332,0,0,7.707473,0.099469,0.006149,0.082841,0.009733,12,0,3.063542,5.670971,2.554685,7.441872,0.256437
68,20.411993,1,11.691984,19.988433,0.118767,0.010795,0.093357,0.012469,12,0,3.057278,5.663927,2.547271,7.971693,0.256671
69,8.485829,0,0,8.050088,0.110377,0.009698,0.086376,0.012197,12,0,3.057278,5.663927,2.547271,7.784847,0.254014
70,19.897697,1,11.726333,19.501007,0.095437,0.005821,0.080046,0.008953,12,0,3.067065,5.701925,2.534137,7.457458,0.256084
71,8.201713,0,0,7.796432,0.0987,0.0063,0.081454,0.00994,12,0,3.067065,5.701925,2.534137,7.533858,0.253387
72,20.181207,1,11.699727,19.690909,0.171188,0.01267,0.126391,0.029851,12,0,3.068902,5.599531,2.606888,7.663272,0.259858
73,8.072217,0,0,7.671103,0.100577,0.006346,0.083735,0.009719,12,0,3.068902,5.599531,2.606888,7.408287,0.253496
74,20.816247,1,12.621206,20.370883,0.118726,0.008596,0.099697,0.009667,12,0,3.21992,6.152199,2.823812,7.398406,0.281956
75,8.535002,0,0,8.091823,0.115586,0.010597,0.089293,0.012745,12,0,3.21992,6.152199,2.823812,7.826211,0.253468
76,19.935885,1,11.747721,19.531623,0.096961,0.006371,0.080741,0.009025,12,0,3.094786,5.686404,2.539464,7.462826,0.258837
77,8.027728,0,0,7.628028,0.097667,0.006116,0.080914,0.009886,12,0,3.094786,5.686404,2.539464,7.364189,0.254627
78,20.249585,1,12.182228,19.836553,0.09393,0.005639,0.079238,0.008525,12,0,3.142268,5.756877,2.85641,7.324617,0.263876
79,8.047753,0,0,7.610692,0.106827,0.008694,0.085339,0.011323,12,0,3.142268,5.756877,2.85641,7.341401,0.259559
80,20.179883,1,12.029058,19.701553,0.094504,0.005807,0.079087,0.008978,12,0,3.207155,5.731397,2.668849,7.343674,0.262172
81,8.033386,0,0,7.618939,0.106351,0.008547,0.085113,0.011142,12,0,3.207155,5.731397,2.668849,7.352621,0.256629
82,20.391033,1,11.845271,19.955251,0.113603,0.01061,0.088601,0.012431,12,0,3.07338,5.683325,2.661546,7.784692,0.257373
83,7.999614,0,0,7.594306,0.101097,0.006156,0.084767,0.009436,12,0,3.07338,5.683325,2.661546,7.330525,0.254495
84,20.125711,1,12.043767,19.710839,0.094241,0.005656,0.078929,0.00903,12,0,3.134019,5.697505,2.769698,7.341348,0.260206
85,8.094476,0,0,7.687607,0.107604,0.008858,0.085579,0.011766,12,0,3.134019,5.697505,2.769698,7.417758,0.260035
86,20.227148,1,12.0621,19.812969,0.095129,0.005905,0.079692,0.008863,12,0,3.225733,5.772129,2.637052,7.421157,0.262605
87,8.135586,0,0,7.728676,0.106666,0.008626,0.085085,0.011433,12,0,3.225733,5.772129,2.637052,7.461488,0.257222
88,20.471961,1,11.856292,20.003649,0.149072,0.010271,0.124202,0.012057,12,0,3.097386,5.662275,2.668959,7.815205,0.263233
89,8.167385,0,0,7.768378,0.097867,0.006568,0.080947,0.009476,12,0,3.097386,5.662275,2.668959,7.498577,0.260524
90,20.612014,1,12.492187,20.18747,0.096557,0.008445,0.079073,0.008319,12,0,3.301628,6.143939,2.621178,7.364895,0.260936
91,8.074101,0,0,7.660499,0.109713,0.009889,0.086886,0.011316,12,0,3.301628,6.143939,2.621178,7.396021,0.254588
92,20.156439,1,12.016485,19.731792,0.094236,0.005712,0.079461,0.008397,12,0,3.102229,5.749262,2.617662,7.320022,0.302909
93,8.138012,0,0,7.658503,0.128636,0.008904,0.106826,0.01137,12,0,3.102229,5.749262,2.617662,7.350261,0.298065
94,20.297653,1,12.183709,19.874453,0.103907,0.008241,0.08401,0.010431,12,0,3.181867,5.977297,2.59287,7.363749,0.260556
95,8.091725,0,0,7.677385,0.108452,0.009597,0.086501,0.01065,12,0,3.181867,5.977297,2.59287,7.410984,0.256457
96,19.823834,1,11.712159,19.40981,0.095303,0.006074,0.079611,0.008828,12,0,3.074259,5.6475,2.559196,7.369038,0.268133
97,8.445878,0,0,8.016544,0.10952,0.009409,0.086866,0.011446,12,0,3.074259,5.6475,2.559196,7.743449,0.261834
98,19.838103,1,11.742421,19.440088,0.093826,0.005777,0.079041,0.008364,12,0,3.089577,5.66315,2.561554,7.377877,0.258244
99,8.182475,0,0,7.764399,0.1149,0.010372,0.089458,0.012839,12,0,3.089577,5.66315,2.561554,7.495528,0.258687
100,20.317756,1,12.191177,19.896649,0.094905,0.005834,0.0802,0.008157,12,0,3.196457,5.927283,2.638379,7.358194,0.279953
101,8.029802,0,0,7.612077,0.106692,0.008598,0.085789,0.010885,12,0,3.196457,5.927283,2.638379,7.344129,0.257684
102,19.927094,1,11.815664,19.506797,0.095778,0.006116,0.080379,0.008569,12,0,3.087089,5.742541,2.561519,7.372036,0.258559
103,8.372495,0,0,7.941772,0.108621,0.00919,0.085716,0.011815,12,0,3.087089,5.742541,2.561519,7.667382,0.262916
104,19.79394,1,11.701231,19.396383,0.096401,0.005612,0.081859,0.008241,12,0,3.132013,5.591507,2.551493,7.371072,0.262111
105,8.260464,0,0,7.832841,0.114972,0.011515,0.088854,0.012263,12,0,3.132013,5.591507,2.551493,7.546299,0.276061
106,20.0947,1,12.038149,19.675291,0.094084,0.005656,0.079548,0.008301,12,0,3.135157,5.731304,2.714674,7.308854,0.260349
107,8.084514,0,0,7.673109,0.107729,0.009377,0.085573,0.011285,12,0,3.135157,5.731304,2.714674,7.405092,0.258202
108,19.798216,1,11.753805,19.400554,0.094532,0.006074,0.079589,0.0082,12,0,3.138984,5.635033,2.551947,7.326906,0.258722
109,7.920678,0,0,7.526977,0.09606,0.006045,0.079864,0.00937,12,0,3.138984,5.635033,2.551947,7.259619,0.258118
110,20.705829,1,12.585973,20.26432,0.111394,0.009733,0.088118,0.01152,12,0,3.461916,6.034543,2.623465,7.332994,0.272884
111,8.247682,0,0,7.790123,0.110941,0.009996,0.086846,0.01213,12,0,3.461916,6.034543,2.623465,7.518257,0.261705
112,19.767161,1,11.75579,19.343261,0.093764,0.005696,0.079184,0.008224,12,0,3.161495,5.616093,2.552323,7.265649,0.260954
113,8.327628,0,0,7.890256,0.114301,0.009885,0.090296,0.012309,12,0,3.161495,5.616093,2.552323,7.620038,0.258569
114,19.764647,1,11.753343,19.365476,0.096606,0.005641,0.081899,0.008429,12,0,3.15821,5.624708,2.542636,7.288769,0.262154
115,8.362022,0,0,7.925717,0.113823,0.010795,0.088458,0.012115,12,0,3.15821,5.624708,2.542636,7.637394,0.276738
116,20.037198,1,12.012543,19.636308,0.095256,0.005987,0.079789,0.008605,12,0,3.301281,5.734724,2.546793,7.301876,0.259424
117,8.294038,0,0,7.857028,0.111965,0.009781,0.087744,0.01229,12,0,3.301281,5.734724,2.546793,7.588377,0.257205
118,19.719914,1,11.755539,19.325225,0.093901,0.005792,0.079308,0.008186,12,0,3.116691,5.598359,2.612157,7.249451,0.258596
119,8.534653,0,0,8.039978,0.111459,0.009703,0.087345,0.012326,12,0,3.116691,5.598359,2.612157,7.766443,0.261292
120,20.205864,1,11.827401,19.739997,0.109555,0.00957,0.086529,0.011735,12,0,3.103386,5.694319,2.603708,7.590963,0.258826
121,8.271009,0,0,7.838016,0.111407,0.009597,0.087262,0.012209,12,0,3.103386,5.694319,2.603708,7.535204,0.291027
122,20.419686,1,11.794417,19.993554,0.107482,0.008371,0.086535,0.010779,12,0,3.10935,5.676219,2.574035,7.872458,0.260304
123,8.265481,0,0,7.711958,0.197263,0.009882,0.172363,0.011989,12,0,3.10935,5.676219,2.574035,7.413137,0.287536
124,19.726827,1,11.72459,19.297906,0.096992,0.006341,0.080241,0.009586,12,0,3.098376,5.648683,2.55155,7.251597,0.258694
125,8.045532,0,0,7.628491,0.113219,0.010222,0.088875,0.012099,12,0,3.098376,5.648683,2.55155,7.356576,0.261579
126,19.690527,1,11.788131,19.294475,0.093606,0.005751,0.079123,0.008087,12,0,3.128918,5.638072,2.596482,7.186267,0.25864
127,7.816656,0,0,7.424499,0.095211,0.005985,0.079048,0.009466,12,0,3.128918,5.638072,2.596482,7.157865,0.257306
128,20.514066,1,12.076644,20.035374,0.107361,0.008901,0.085428,0.011275,12,0,3.208154,5.818331,2.621943,7.553403,0.331963
129,8.103709,0,0,7.645176,0.115561,0.010438,0.089617,0.013382,12,0,3.208154,5.818331,2.621943,7.34947,0.282539
130,22.178145,1,13.388017,21.598374,0.165094,0.024684,0.116791,0.020813,12,0,3.342295,6.402981,3.108549,7.785659,0.31648
131,8.744189,0,0,8.232998,0.121775,0.012106,0.092773,0.014289,12,0,3.342295,6.402981,3.108549,7.922418,0.295842
132,20.857824,1,12.475296,20.290577,0.138082,0.007394,0.120327,0.009314,12,0,3.361202,5.920288,2.694411,7.440102,0.283632
133,9.35243,0,0,8.716844,0.201597,0.015416,0.160144,0.021513,12,0,3.361202,5.920288,2.694411,8.255798,0.441522
134,26.030538,1,15.187836,25.490105,0.174457,0.015271,0.137314,0.017961,12,0,3.711362,7.979228,3.017075,9.954386,0.261641
135,8.418257,0,0,7.927418,0.13767,0.012126,0.109461,0.013081,12,0,3.711362,7.979228,3.017075,7.606909,0.307994
136,24.408397,1,16.084832,23.941142,0.120909,0.011904,0.092575,0.013959,12,0,3.92099,8.238527,3.450348,7.511542,0.262817
137,8.2588,0,0,7.778553,0.112286,0.010725,0.088389,0.011173,12,0,3.92099,8.238527,3.450348,7.509041,0.258572
138,21.112676,1,12.897529,20.660605,0.097561,0.00612,0.081465,0.008997,12,0,3.279779,6.437471,2.751766,7.410323,0.278656
139,8.306173,0,0,7.832512,0.151775,0.011336,0.125191,0.012819,12,0,3.279779,6.437471,2.751766,7.560187,0.261325
140,22.547085,1,14.094401,22.029322,0.139823,0.011266,0.113241,0.012862,12,0,3.569317,6.92484,3.057037,7.556223,0.276666
141,8.257858,0,0,7.80748,0.120301,0.011875,0.092031,0.013634,12,0,3.569317,6.92484,3.057037,7.482604,0.312124
142,22.668229,1,13.175994,22.117717,0.154078,0.019562,0.119413,0.012374,12,0,3.448471,6.398031,2.81246,8.549297,0.306277
143,8.29384,0,0,7.774453,0.120156,0.011484,0.092838,0.013709,12,0,3.448471,6.398031,2.81246,7.486491,0.274213
144,21.670446,1,13.182857,21.162714,0.116513,0.010556,0.091471,0.012696,12,0,3.454399,6.407467,2.879647,7.634234,0.265025
145,8.532429,0,0,8.05536,0.121562,0.012041,0.093379,0.013222,12,0,3.454399,6.407467,2.879647,7.775963,0.266697
146,21.670401,1,13.100072,21.20726,0.119233,0.012308,0.092001,0.012636,12,0,3.405471,6.317697,2.935603,7.730082,0.298244
147,8.913173,0,0,8.392485,0.116656,0.010679,0.089711,0.013008,12,0,3.405471,6.317697,2.935603,8.117089,0.261104
148,21.149,1,12.295481,20.572829,0.122907,0.014055,0.091669,0.014603,12,0,3.271526,5.872691,2.721254,7.937704,0.261442
149,8.053016,0,0,7.645136,0.100263,0.007388,0.082564,0.00942,12,0,3.271526,5.872691,2.721254,7.342839,0.292694
150,20.636541,1,12.599119,20.216954,0.095898,0.006189,0.080561,0.008382,12,0,3.382637,6.17989,2.607351,7.289489,0.26135
151,8.084123,0,0,7.66121,0.10737,0.009287,0.085955,0.010548,12,0,3.382637,6.17989,2.607351,7.392029,0.258989
152,20.42798,1,12.449156,20.009708,0.094814,0.006147,0.079794,0.008201,12,0,3.141834,6.079623,2.801919,7.228865,0.264023
153,8.008697,0,0,7.579456,0.129158,0.010288,0.097065,0.020072,12,0,3.141834,6.079623,2.801919,7.309965,0.259205
154,20.455686,1,11.956968,20.020696,0.108187,0.00935,0.085797,0.011083,12,0,3.20282,5.699589,2.627208,7.735049,0.260427
155,7.86761,0,0,7.461713,0.097259,0.00655,0.080989,0.008647,12,0,3.20282,5.699589,2.627208,7.193875,0.258204
156,20.270617,1,12.308897,19.850413,0.09385,0.005789,0.079164,0.008202,12,0,3.415883,5.855848,2.61302,7.207325,0.266529
157,7.968118,0,0,7.557018,0.106959,0.009454,0.085768,0.010247,12,0,3.415883,5.855848,2.61302,7.283674,0.263189
158,20.237813,1,12.228371,19.820256,0.095682,0.006114,0.080528,0.008217,12,0,3.158681,5.769388,2.831189,7.260793,0.263133
159,7.981956,0,0,7.568134,0.111691,0.01051,0.08821,0.01092,12,0,3.158681,5.769388,2.831189,7.298343,0.259272
160,20.303825,1,12.361668,19.882633,0.094133,0.005785,0.079528,0.008179,12,0,3.484851,5.823914,2.625325,7.192614,0.260907
161,7.925456,0,0,7.510184,0.107653,0.009404,0.086627,0.009883,12,0,3.484851,5.823914,2.625325,7.243057,0.256966
162,19.818687,1,11.894356,19.402912,0.093276,0.005707,0.078576,0.008377,12,0,3.116913,5.755173,2.576107,7.168414,0.278934
163,8.273867,0,0,7.826386,0.110576,0.009513,0.087829,0.01115,12,0,3.116913,5.755173,2.576107,7.55781,0.257585
164,19.900549,1,11.856327,19.496901,0.094609,0.005929,0.079732,0.008213,12,0,3.127016,5.657436,2.642194,7.316662,0.260452
165,7.96132,0,0,7.497148,0.114803,0.010231,0.09102,0.011384,12,0,3.127016,5.657436,2.642194,7.228044,0.258263
166,20.413154,1,12.44259,19.987513,0.093492,0.005751,0.078988,0.008117,12,0,3.41698,5.938362,2.656562,7.214814,0.261371
167,7.966331,0,0,7.547054,0.107524,0.009395,0.086044,0.010497,12,0,3.41698,5.938362,2.656562,7.278854,0.258
168,19.759324,1,11.838203,19.36345,0.09404,0.005868,0.079227,0.008283,12,0,3.130085,5.683841,2.575074,7.205721,0.258549
169,8.399292,0,0,7.957107,0.109299,0.009241,0.086981,0.011316,12,0,3.130085,5.683841,2.575074,7.689428,0.255719
170,20.234972,1,12.190164,19.826193,0.094148,0.005879,0.078941,0.008471,12,0,3.105555,5.751089,2.896725,7.30917,0.26268
171,7.994859,0,0,7.569632,0.112273,0.010137,0.08863,0.011366,12,0,3.105555,5.751089,2.896725,7.301588,0.257136
172,20.376488,1,12.38617,19.952872,0.095079,0.006048,0.079829,0.008512,12,0,3.345639,5.933541,2.678736,7.232758,0.264849
173,8.001445,0,0,7.587844,0.107636,0.009376,0.086227,0.010442,12,0,3.345639,5.933541,2.678736,7.317675,0.259798
174,19.794856,1,11.844668,19.398781,0.094695,0.005779,0.079942,0.008261,12,0,3.108725,5.73706,2.572024,7.231973,0.260252
175,8.004216,0,0,7.574082,0.116197,0.016322,0.090257,0.008984,12,0,3.108725,5.73706,2.572024,7.267175,0.297319
176,20.607104,1,12.300699,20.179935,0.106558,0.008399,0.086466,0.010048,12,0,3.257218,5.708957,2.903962,7.553404,0.258615
177,8.181425,0,0,7.75224,0.11618,0.010617,0.091249,0.012352,12,0,3.257218,5.708957,2.903962,7.483723,0.257221
178,20.009323,1,12.027488,19.595543,0.093668,0.005948,0.078955,0.008103,12,0,3.195323,5.677628,2.650016,7.21994,0.265593
179,8.226376,0,0,7.81153,0.108508,0.009586,0.085929,0.01111,12,0,3.195323,5.677628,2.650016,7.545786,0.254968
180,19.881764,1,11.881764,19.485172,0.094868,0.00581,0.079893,0.008375,12,0,3.151067,5.647336,2.652292,7.283969,0.257239
181,7.926495,0,0,7.521388,0.095328,0.006045,0.079962,0.008625,12,0,3.151067,5.647336,2.652292,7.256058,0.255856
182,20.015164,1,11.931657,19.594067,0.111613,0.01038,0.087734,0.011519,12,0,3.113526,5.768449,2.621416,7.338489,0.257879
183,8.307389,0,0,7.873183,0.109438,0.009314,0.08715,0.011261,12,0,3.113526,5.768449,2.621416,7.602119,0.259184
184,19.947985,1,11.930941,19.548295,0.094323,0.006024,0.07951,0.008044,12,0,3.146893,5.725549,2.627822,7.292258,0.261572
185,8.285518,0,0,7.854034,0.108857,0.009637,0.086117,0.011463,12,0,3.146893,5.725549,2.627822,7.58583,0.256583
186,19.9332,1,11.918461,19.53288,0.094276,0.005886,0.079333,0.008282,12,0,3.13882,5.666904,2.677889,7.292483,0.258633
187,8.362506,0,0,7.915928,0.11301,0.010538,0.088486,0.011667,12,0,3.13882,5.666904,2.677889,7.644834,0.258238
188,19.943477,1,11.910877,19.535034,0.096185,0.006308,0.07999,0.008552,12,0,3.122879,5.730125,2.629572,7.302921,0.257622
189,8.205778,0,0,7.677319,0.11154,0.01817,0.083041,0.009118,12,0,3.122879,5.730125,2.629572,7.389769,0.276462
190,20.007351,1,11.900059,19.554072,0.13887,0.017047,0.110948,0.009775,12,0,3.151522,5.701498,2.609388,7.321449,0.259311
191,7.973622,0,0,7.513494,0.139232,0.006894,0.113294,0.018238,12,0,3.151522,5.701498,2.609388,7.203979,0.29971
192,19.994234,1,11.99343,19.57563,0.109571,0.009833,0.08668,0.011158,12,0,3.156239,5.715407,2.692776,7.259351,0.258365
193,7.892751,0,0,7.473522,0.09591,0.00627,0.080425,0.008449,12,0,3.156239,5.715407,2.692776,7.187597,0.27627
194,20.257588,1,11.878773,19.829783,0.108921,0.009517,0.086753,0.011188,12,0,3.147554,5.681658,2.617706,7.565282,0.318613
195,7.860327,0,0,7.455106,0.096836,0.006727,0.080729,0.008543,12,0,3.147554,5.681658,2.617706,7.189894,0.255798
196,20.964271,1,12.876354,20.523348,0.105066,0.008619,0.085246,0.010097,12,0,3.426566,6.125113,2.864227,7.309927,0.260074
197,8.437728,0,0,7.979987,0.114894,0.010943,0.089116,0.012342,12,0,3.426566,6.125113,2.864227,7.708351,0.259075
198,20.434262,1,12.031467,19.991479,0.109147,0.009292,0.086769,0.011181,12,0,3.175032,5.818089,2.611703,7.629241,0.261703
199,8.368773,0,0,7.924094,0.110865,0.010383,0.086541,0.011572,12,0,3.175032,5.818089,2.611703,7.655269,0.257329
200,20.921012,1,12.435381,20.472644,0.10941,0.009338,0.086314,0.011641,12,0,3.275777,5.987686,2.705846,7.703483,0.261001
201,7.959109,0,0,7.544831,0.10786,0.009557,0.086622,0.01008,12,0,3.275777,5.987686,2.705846,7.279193,0.255296
202,20.993448,1,12.810683,20.46647,0.111356,0.010219,0.087698,0.011368,12,0,3.497301,6.134472,2.748992,7.320369,0.261552
203,8.995415,0,0,8.498108,0.116784,0.011376,0.090124,0.012834,12,0,3.497301,6.134472,2.748992,8.210305,0.274207
204,22.471406,1,12.816366,21.824654,0.133807,0.011522,0.106764,0.013154,12,0,3.368255,6.209732,2.804239,8.497371,0.425342
205,8.587118,0,0,8.144361,0.112865,0.010848,0.088847,0.011137,12,0,3.368255,6.209732,2.804239,7.842205,0.290785
206,21.980031,1,12.970854,21.486359,0.107175,0.009001,0.086692,0.010161,12,0,3.426738,6.148065,2.952827,8.154001,0.28998
207,8.106127,0,0,7.679325,0.112549,0.010684,0.087752,0.011819,12,0,3.426738,6.148065,2.952827,7.407811,0.260371
208,21.196358,1,12.970999,20.684186,0.096105,0.006299,0.080391,0.008473,12,0,3.250933,6.294243,2.963127,7.217255,0.416247
209,8.344758,0,0,7.811642,0.187408,0.014345,0.151949,0.01807,12,0,3.250933,6.294243,2.963127,7.388226,0.409485
210,20.892821,1,12.361279,20.378679,0.107621,0.009213,0.086296,0.010435,12,0,3.250641,5.878435,2.778695,7.682274,0.26241
211,8.865257,0,0,8.202001,0.150789,0.011788,0.122031,0.013637,12,0,3.250641,5.878435,2.778695,7.898187,0.288466
212,23.818389,1,13.353604,23.209162,0.124379,0.012431,0.094409,0.014018,12,0,3.278584,6.758754,2.879082,9.452675,0.320272
213,8.947946,0,0,8.410835,0.130142,0.01221,0.100368,0.013702,12,0,3.278584,6.758754,2.879082,8.096971,0.299078
214,21.487226,1,12.833991,20.982779,0.11639,0.010368,0.091153,0.012486,12,0,3.261887,6.097199,2.997359,7.805895,0.261904
215,8.680283,0,0,8.158692,0.150287,0.011938,0.111569,0.01362,12,0,3.261887,6.097199,2.997359,7.883785,0.26031
216,22.368109,1,12.869541,21.82653,0.115515,0.010716,0.090022,0.012204,12,0,3.380241,6.108737,2.947904,8.614658,0.262332
217,9.223769,0,0,8.570078,0.24643,0.018243,0.201555,0.022525,12,0,3.380241,6.108737,2.947904,8.235903,0.312428
218,22.396352,1,13.724909,21.863317,0.116076,0.010818,0.089786,0.013159,12,0,3.524449,6.566051,3.131621,7.773686,0.281425
219,8.423981,0,0,7.947155,0.123336,0.010551,0.089792,0.011842,12,0,3.524449,6.566051,3.131621,7.626988,0.307795
220,20.954494,1,12.680052,20.478994,0.13607,0.007402,0.116688,0.010773,12,0,3.282058,6.240184,2.694751,7.466196,0.26016
221,8.361086,0,0,7.752362,0.154469,0.019662,0.119752,0.012398,12,0,3.282058,6.240184,2.694751,7.441035,0.300044
222,20.361575,1,12.056664,19.789853,0.139355,0.017144,0.111589,0.009546,12,0,3.14548,5.711593,2.712712,7.331875,0.320742
223,8.12491,0,0,7.676275,0.127194,0.011374,0.101311,0.012431,12,0,3.14548,5.711593,2.712712,7.398729,0.266332
224,21.063073,1,12.681968,20.528557,0.10098,0.007362,0.082631,0.009583,12,0,3.257673,6.12796,2.816739,7.455626,0.310434
225,8.100651,0,0,7.576201,0.152508,0.010042,0.129026,0.011549,12,0,3.257673,6.12796,2.816739,7.269072,0.296206
226,20.569458,1,12.527527,20.101828,0.09565,0.006392,0.079924,0.008476,12,0,3.213331,5.916618,2.924763,7.21192,0.28129
227,8.189493,0,0,7.704333,0.10968,0.009767,0.087089,0.010864,12,0,3.213331,5.916618,2.924763,7.438172,0.255352
228,20.399873,1,12.361439,19.861081,0.094046,0.006017,0.07879,0.008548,12,0,3.311391,5.871608,2.750737,7.171937,0.260316
229,8.838672,0,0,8.364146,0.151365,0.021831,0.113047,0.013647,12,0,3.311391,5.871608,2.750737,8.073818,0.26843
230,20.451866,1,12.508726,20.028969,0.094552,0.006106,0.079604,0.008077,12,0,3.283504,6.014777,2.782967,7.189499,0.262103
231,7.835848,0,0,7.423683,0.107276,0.009298,0.085939,0.010385,12,0,3.283504,6.014777,2.782967,7.155399,0.2581
232,20.932583,1,12.4721,20.434528,0.106929,0.00904,0.085738,0.010378,12,0,3.267807,5.918293,2.858188,7.631568,0.259331
233,8.424627,0,0,7.915658,0.176771,0.010184,0.152666,0.011588,12,0,3.267807,5.918293,2.858188,7.64812,0.255416
234,20.459733,1,12.375983,20.033463,0.096569,0.006791,0.080601,0.008256,12,0,3.236876,6.044196,2.666361,7.32895,0.259577
235,8.588724,0,0,8.086893,0.113502,0.01061,0.088625,0.011647,12,0,3.236876,6.044196,2.666361,7.81521,0.258939
236,20.506983,1,12.416867,20.078989,0.097092,0.006654,0.080915,0.008367,12,0,3.202495,6.064754,2.717627,7.333116,0.25869
237,7.94963,0,0,7.53832,0.104901,0.008676,0.085037,0.009761,12,0,3.202495,6.064754,2.717627,7.273867,0.254227
238,20.796997,1,12.395245,20.362855,0.105943,0.008443,0.085401,0.010363,12,0,3.186644,5.916137,2.839082,7.614039,0.261122
239,8.350296,0,0,7.908589,0.110185,0.010135,0.086754,0.011375,12,0,3.186644,5.916137,2.839082,7.640099,0.256401
240,20.444646,1,12.358193,19.975888,0.138864,0.00702,0.112899,0.018026,12,0,3.219276,5.936435,2.771318,7.286579,0.261814
241,8.084607,0,0,7.655518,0.11451,0.011093,0.089621,0.011559,12,0,3.219276,5.936435,2.771318,7.388865,0.255637
242,20.747637,1,12.354364,20.307933,0.107005,0.008095,0.086118,0.010867,12,0,3.22756,5.9158,2.775555,7.624366,0.256863
243,8.409919,0,0,7.942282,0.109855,0.009205,0.087154,0.011192,12,0,3.22756,5.9158,2.775555,7.672173,0.258495
244,20.45464,1,12.441715,20.029334,0.096035,0.006344,0.080342,0.008517,12,0,3.219822,6.122436,2.668118,7.257167,0.259988
245,7.945416,0,0,7.533611,0.106213,0.009139,0.085294,0.009961,12,0,3.219822,6.122436,2.668118,7.242034,0.281216
246,20.453868,1,12.32621,19.994336,0.135917,0.009542,0.112617,0.012583,12,0,3.173395,6.007245,2.674229,7.333179,0.260316
247,8.025203,0,0,7.603809,0.111704,0.010482,0.087728,0.011517,12,0,3.173395,6.007245,2.674229,7.296359,0.296384
248,20.935322,1,12.682628,20.445196,0.159822,0.010712,0.133223,0.014442,12,0,3.228038,6.25289,2.756258,7.42092,0.259312
249,8.036063,0,0,7.616491,0.108893,0.009516,0.08741,0.010385,12,0,3.228038,6.25289,2.756258,7.35047,0.255892
250,20.313742,1,12.295955,19.854933,0.094327,0.006167,0.079234,0.008202,12,0,3.183367,5.795382,2.771059,7.229824,0.259969
251,7.914142,0,0,7.49737,0.10542,0.008504,0.085353,0.010328,12,0,3.183367,5.795382,2.771059,7.231727,0.25565
252,20.004533,1,12.096086,19.577098,0.093417,0.005804,0.078704,0.008279,12,0,3.187673,5.743122,2.672051,7.142958,0.272747
253,8.029217,0,0,7.607866,0.112242,0.010067,0.088562,0.011735,12,0,3.187673,5.743122,2.672051,7.296318,0.301119
254,20.091048,1,12.065999,19.676714,0.096853,0.006208,0.080654,0.009081,12,0,3.173783,5.780837,2.663957,7.261224,0.270618
255,8.297257,0,0,7.824953,0.118056,0.01104,0.091854,0.012254,12,0,3.173783,5.780837,2.663957,7.551521,0.259481
256,20.962571,1,12.253454,20.439116,0.114937,0.010875,0.089804,0.011911,12,0,3.167033,5.959094,2.694351,7.835967,0.267345
257,8.329521,0,0,7.88742,0.10945,0.009688,0.087053,0.010968,12,0,3.167033,5.959094,2.694351,7.621034,0.255359
258,19.931606,1,11.971619,19.526177,0.094359,0.006123,0.079545,0.008049,12,0,3.09741,5.813689,2.632366,7.232445,0.258391
259,8.014453,0,0,7.596789,0.11127,0.010192,0.086946,0.011656,12,0,3.09741,5.813689,2.632366,7.330208,0.255619
260,19.901278,1,11.93072,19.505665,0.094648,0.005983,0.079668,0.008237,12,0,3.193193,5.692251,2.612801,7.252122,0.258814
261,8.331682,0,0,7.895303,0.108718,0.009109,0.086822,0.01133,12,0,3.193193,5.692251,2.612801,7.627598,0.256256
262,19.820598,1,11.809342,19.421206,0.09408,0.006013,0.079355,0.008096,12,0,3.122551,5.664599,2.590174,7.291439,0.256641
263,8.349174,0,0,7.912807,0.106585,0.008937,0.085076,0.010635,12,0,3.122551,5.664599,2.590174,7.644801,0.256098
264,20.340188,1,12.307142,19.915765,0.102405,0.007834,0.08404,0.009279,12,0,3.203448,5.910039,2.764956,7.277355,0.262294
265,8.010597,0,0,7.598132,0.106617,0.009212,0.085551,0.010263,12,0,3.203448,5.910039,2.764956,7.290712,0.28628
266,20.267818,1,12.21683,19.837417,0.09517,0.006309,0.079874,0.008072,12,0,3.152187,5.986919,2.629506,7.294724,0.261951
267,8.113856,0,0,7.632791,0.117033,0.0091,0.095546,0.010783,12,0,3.152187,5.986919,2.629506,7.342161,0.279851
268,20.190677,1,11.942105,19.766314,0.100451,0.007506,0.082564,0.009269,12,0,3.131857,5.74428,2.63778,7.494407,0.264578
269,8.106043,0,0,7.681845,0.112363,0.010177,0.08762,0.012247,12,0,3.131857,5.74428,2.63778,7.412405,0.258878
270,20.104622,1,12.085603,19.638607,0.09361,0.005676,0.079079,0.008196,12,0,3.095655,5.753477,2.773097,7.195821,0.292677
271,8.238704,0,0,7.70234,0.105675,0.008599,0.084957,0.010487,12,0,3.095655,5.753477,2.773097,7.381215,0.311029
272,20.824765,1,12.338542,20.328875,0.119682,0.008406,0.097393,0.012285,12,0,3.251119,5.916879,2.694084,7.65214,0.262761
273,8.746014,0,0,8.240592,0.123056,0.011106,0.096227,0.013034,12,0,3.251119,5.916879,2.694084,7.951665,0.274652
274,20.920548,1,12.54714,20.475728,0.114639,0.010757,0.089471,0.011984,12,0,3.241277,6.092491,2.7349,7.584545,0.261098
275,7.9884,0,0,7.570909,0.106464,0.009331,0.085075,0.010264,12,0,3.241277,6.092491,2.7349,7.301256,0.259345
276,20.120598,1,12.096317,19.710413,0.094844,0.00625,0.079734,0.007986,12,0,3.16081,5.713044,2.661883,7.192036,0.331549
277,8.122924,0,0,7.668435,0.106097,0.008842,0.085401,0.01031,12,0,3.16081,5.713044,2.661883,7.397933,0.260442
278,20.13556,1,12.005499,19.671861,0.095743,0.00645,0.080161,0.008381,12,0,3.16132,5.763502,2.656468,7.309302,0.294347
279,8.326661,0,0,7.857063,0.117917,0.01199,0.090013,0.013195,12,0,3.16132,5.763502,2.656468,7.584036,0.259922
280,20.758665,1,12.330891,20.221985,0.103412,0.007769,0.084402,0.009611,12,0,3.209722,5.835323,2.796797,7.487002,0.283563
281,10.805104,0,0,10.227093,0.15549,0.010639,0.129328,0.012863,12,0,3.209722,5.835323,2.796797,9.953409,0.260038
282,21.249992,1,12.739402,20.714133,0.114862,0.010473,0.08997,0.01184,12,0,3.187829,6.170282,2.831939,7.582469,0.310036
283,8.717499,0,0,8.138136,0.172019,0.011844,0.144143,0.013344,12,0,3.187829,6.170282,2.831939,7.79653,0.327525
284,22.166905,1,13.759663,21.709308,0.116418,0.01136,0.090072,0.01219,12,0,3.464943,6.880095,2.94129,7.606959,0.264214
285,8.699019,0,0,8.152207,0.15117,0.010642,0.116339,0.021494,12,0,3.464943,6.880095,2.94129,7.876526,0.261481
286,21.924251,1,13.48435,21.434735,0.115568,0.010659,0.089777,0.012773,12,0,3.417566,6.631883,2.956474,7.562326,0.286643
287,8.437362,0,0,7.957575,0.118544,0.011376,0.092033,0.012573,12,0,3.417566,6.631883,2.956474,7.682494,0.263387
288,21.94854,1,13.566286,21.461763,0.115272,0.010187,0.09075,0.012136,12,0,3.42801,6.623203,2.989506,7.545587,0.261992
289,8.209675,0,0,7.782565,0.111683,0.010278,0.087485,0.011987,12,0,3.42801,6.623203,2.989506,7.51232,0.259014
290,22.041242,1,13.07278,21.596207,0.109843,0.009834,0.086629,0.011585,12,0,3.376014,6.492687,2.741175,8.185268,0.263466
291,7.98789,0,0,7.563571,0.107569,0.009505,0.086186,0.010047,12,0,3.376014,6.492687,2.741175,7.293088,0.260029
292,20.648728,1,12.641241,20.2236,0.096935,0.00642,0.080447,0.009176,12,0,3.194913,6.293128,2.724132,7.251476,0.262219
293,7.959733,0,0,7.543839,0.105571,0.008801,0.08517,0.01024,12,0,3.194913,6.293128,2.724132,7.275938,0.257506
294,20.48271,1,12.493651,20.038487,0.118448,0.015517,0.093174,0.008777,12,0,3.208853,5.989099,2.867275,7.215787,0.261918
295,8.022688,0,0,7.608493,0.109873,0.010043,0.086697,0.011357,12,0,3.208853,5.989099,2.867275,7.334493,0.263345
296,20.344487,1,12.37616,19.928361,0.095857,0.006194,0.080551,0.008352,12,0,3.340958,5.987664,2.619699,7.225322,0.259803
297,7.977475,0,0,7.536549,0.130397,0.009158,0.108766,0.011051,12,0,3.340958,5.987664,2.619699,7.268489,0.257646
298,20.490891,1,12.514868,20.064895,0.095923,0.006221,0.080127,0.008462,12,0,3.275993,5.951839,2.820729,7.204144,0.26205
299,7.986157,0,0,7.564277,0.11404,0.008634,0.093332,0.0104,12,0,3.275993,5.951839,2.820729,7.296737,0.257302
300,20.085639,1,12.030093,19.677069,0.094326,0.006105,0.078933,0.008524,12,0,3.165475,5.689073,2.61259,7.160396,0.398716
301,8.0206,0,0,7.60069,0.111386,0.00995,0.087582,0.011547,12,0,3.165475,5.689073,2.61259,7.326167,0.25881
302,19.89702,1,11.877229,19.406639,0.093955,0.005843,0.079014,0.008541,12,0,3.119928,5.711059,2.606561,7.129869,0.337302
303,8.235091,0,0,7.795672,0.108134,0.008875,0.086114,0.011134,12,0,3.119928,5.711059,2.606561,7.527051,0.257766
304,19.995449,1,12.006715,19.595286,0.094479,0.006097,0.078891,0.008606,12,0,3.194929,5.740673,2.641527,7.263904,0.261978
305,8.563484,0,0,8.135541,0.107939,0.009271,0.085887,0.010975,12,0,3.194929,5.740673,2.641527,7.858091,0.266248
306,19.910178,1,11.879686,19.505717,0.094854,0.006248,0.079239,0.008524,12,0,3.169821,5.654876,2.629644,7.303234,0.260933
307,8.060478,0,0,7.640258,0.111491,0.010119,0.087502,0.011829,12,0,3.169821,5.654876,2.629644,7.370354,0.259588
308,19.878517,1,11.903195,19.482103,0.095509,0.006128,0.079961,0.00862,12,0,3.117292,5.740181,2.619251,7.255846,0.260277
309,8.469052,0,0,8.048215,0.104984,0.008333,0.084478,0.01098,12,0,3.117292,5.740181,2.619251,7.777751,0.259358
310,20.073075,1,12.005948,19.668409,0.095615,0.006413,0.079961,0.008327,12,0,3.130214,5.722788,2.729169,7.337867,0.260187
311,8.447751,0,0,8.017412,0.10956,0.009039,0.087062,0.011525,12,0,3.130214,5.722788,2.729169,7.74775,0.258042
312,20.20938,1,12.198032,19.780117,0.107369,0.008823,0.085881,0.011121,12,0,3.228171,5.917519,2.623288,7.25271,0.260707
313,8.130299,0,0,7.692026,0.106856,0.009146,0.085975,0.01037,12,0,3.228171,5.917519,2.623288,7.425691,0.256145
314,19.907887,1,11.990636,19.508101,0.093128,0.005705,0.078535,0.008271,12,0,3.134789,5.790706,2.637953,7.195717,0.258922
315,7.882402,0,0,7.482619,0.098057,0.006251,0.081284,0.009501,12,0,3.134789,5.790706,2.637953,7.195428,0.277436
316,20.851792,1,12.162271,20.392251,0.132033,0.027083,0.088399,0.014186,12,0,3.153744,5.890129,2.687351,7.888638,0.261332
317,8.125758,0,0,7.705082,0.114512,0.010468,0.089536,0.012215,12,0,3.153744,5.890129,2.687351,7.436091,0.25827
318,20.159198,1,12.185907,19.703413,0.093558,0.005799,0.078921,0.008122,12,0,3.164284,5.787058,2.786746,7.183824,0.26659
319,7.982685,0,0,7.574041,0.1084,0.00941,0.08627,0.011117,12,0,3.164284,5.787058,2.786746,7.301277,0.26245
320,19.999174,1,11.979112,19.549731,0.094832,0.006202,0.07941,0.008503,12,0,3.109517,5.721988,2.720893,7.244219,0.263715
321,7.789346,0,0,7.394133,0.095011,0.005877,0.080255,0.008245,12,0,3.109517,5.721988,2.720893,7.126997,0.257607
322,20.07466,1,12.020494,19.658929,0.111433,0.010345,0.087177,0.012063,12,0,3.132403,5.785572,2.668179,7.309947,0.264048
323,8.227901,0,0,7.777942,0.132857,0.010007,0.106987,0.011329,12,0,3.132403,5.785572,2.668179,7.462207,0.293288
324,19.942734,1,11.975071,19.549383,0.093272,0.005789,0.078449,0.008424,12,0,3.117233,5.796662,2.629048,7.249353,0.262065
325,8.14846,0,0,7.706079,0.129426,0.008523,0.109063,0.0107,12,0,3.117233,5.796662,2.629048,7.43458,0.259878
326,19.992945,1,11.987855,19.596781,0.093977,0.005912,0.079128,0.008326,12,0,3.161459,5.724,2.672494,7.286754,0.259567
327,8.250561,0,0,7.817278,0.111893,0.009893,0.088036,0.011662,12,0,3.161459,5.724,2.672494,7.546979,0.258212
328,19.975751,1,11.911208,19.573319,0.09453,0.006003,0.079283,0.008471,12,0,3.11303,5.753262,2.618361,7.337899,0.260552
329,9.130102,0,0,8.712744,0.105393,0.008431,0.085105,0.01069,12,0,3.11303,5.753262,2.618361,8.438764,0.262981
330,19.926609,1,11.92569,19.526257,0.09387,0.005829,0.078907,0.008465,12,0,3.190155,5.677042,2.629204,7.276033,0.260745
331,8.005706,0,0,7.522331,0.110969,0.007657,0.093089,0.00916,12,0,3.190155,5.677042,2.629204,7.255249,0.257213
332,19.999404,1,11.907797,19.573635,0.111555,0.009776,0.08799,0.011797,12,0,3.150257,5.702785,2.629555,7.340195,0.261623
333,7.920763,0,0,7.486294,0.108495,0.006449,0.091896,0.009351,12,0,3.150257,5.702785,2.629555,7.188753,0.279173
334,20.156511,1,12.029393,19.73505,0.104405,0.00794,0.084977,0.01046,12,0,3.098976,5.798496,2.644805,7.379685,0.260218
335,7.790501,0,0,7.391515,0.095199,0.005925,0.079997,0.008495,12,0,3.098976,5.798496,2.644805,7.12489,0.257274
336,20.267358,1,11.929691,19.8429,0.10536,0.008188,0.085754,0.010265,12,0,3.105116,5.769945,2.627427,7.58062,0.264647
337,8.355392,0,0,7.915031,0.121977,0.010362,0.097733,0.011726,12,0,3.105116,5.769945,2.627427,7.643012,0.26005
338,20.11,1,12.012744,19.711704,0.094219,0.005899,0.079473,0.008035,12,0,3.143814,5.739685,2.699601,7.374994,0.259554
339,7.83558,0,0,7.440561,0.095185,0.006126,0.07969,0.008674,12,0,3.143814,5.739685,2.699601,7.173611,0.257452
340,20.263243,1,11.997367,19.835928,0.106233,0.008262,0.085826,0.010762,12,0,3.175048,5.74095,2.650532,7.506814,0.261859
341,7.902865,0,0,7.498742,0.097239,0.006333,0.08124,0.008706,12,0,3.175048,5.74095,2.650532,7.229115,0.260078
342,19.994425,1,11.925346,19.572493,0.112034,0.010296,0.087801,0.011963,12,0,3.103847,5.768992,2.627402,7.323913,0.258871
343,8.290358,0,0,7.832882,0.128889,0.008794,0.10733,0.010984,12,0,3.103847,5.768992,2.627402,7.48107,0.339661
344,20.473103,1,12.24344,20.011643,0.132734,0.009034,0.110903,0.011207,12,0,3.252435,5.752762,2.784152,7.429485,0.263982
345,8.541354,0,0,8.070859,0.118121,0.010663,0.093177,0.011953,12,0,3.252435,5.752762,2.784152,7.776097,0.281083
346,21.11795,1,12.632177,20.657368,0.135234,0.011377,0.099533,0.021866,12,0,3.248712,6.169732,2.739811,7.668016,0.262333
347,8.31159,0,0,7.880121,0.112052,0.0103,0.087791,0.011729,12,0,3.248712,6.169732,2.739811,7.609904,0.258269
348,19.929442,1,11.924754,19.508207,0.114654,0.00613,0.099245,0.008477,12,0,3.1256,5.749278,2.621188,7.256064,0.263073
349,8.089456,0,0,7.624711,0.135073,0.008026,0.096242,0.029448,12,0,3.1256,5.749278,2.621188,7.275406,0.329419
350,20.137563,1,12.126733,19.71976,0.094858,0.006029,0.079088,0.008818,12,0,3.121376,5.927002,2.650212,7.266637,0.262826
351,8.411233,0,0,7.982789,0.106013,0.009323,0.085401,0.010095,12,0,3.121376,5.927002,2.650212,7.693347,0.279004
352,21.522168,1,12.713975,20.89296,0.138757,0.010651,0.113775,0.011942,12,0,3.327082,6.090249,2.779443,7.632101,0.435251
353,10.104875,0,0,9.499681,0.148203,0.011766,0.111827,0.021461,12,0,3.327082,6.090249,2.779443,9.215945,0.268286
354,21.29717,1,12.79054,20.761595,0.124703,0.011065,0.098791,0.011913,12,0,3.533108,6.094274,2.727518,7.57604,0.313147
355,9.071764,0,0,8.600582,0.115175,0.010793,0.089614,0.012103,12,0,3.533108,6.094274,2.727518,8.278579,0.308113
356,22.351037,1,13.44146,21.826612,0.162315,0.011293,0.135855,0.01221,12,0,3.664726,6.146089,2.874917,7.776227,0.427243
357,8.814314,0,0,8.294588,0.117901,0.011258,0.091204,0.012908,12,0,3.664726,6.146089,2.874917,8.019244,0.261885
358,21.330772,1,12.850223,20.870087,0.106981,0.00803,0.08664,0.010401,12,0,3.39148,6.090148,2.910111,7.654376,0.275446
359,8.85482,0,0,8.373622,0.116417,0.011473,0.090043,0.01245,12,0,3.39148,6.090148,2.910111,8.052808,0.30703
360,21.533017,1,12.962839,21.045505,0.11862,0.01175,0.091964,0.012387,12,0,3.526186,6.086656,2.907645,7.718351,0.284076
361,8.095597,0,0,7.671832,0.113217,0.010186,0.08893,0.011841,12,0,3.526186,6.086656,2.907645,7.369874,0.290864
362,20.310999,1,12.099144,19.910801,0.096794,0.006501,0.08063,0.008672,12,0,3.153354,5.768771,2.726607,7.46606,0.259908
363,8.441851,0,0,8.004741,0.108084,0.009094,0.086288,0.011221,12,0,3.153354,5.768771,2.726607,7.732916,0.259551
364,20.180906,1,12.056889,19.773941,0.097122,0.006386,0.080965,0.008719,12,0,3.182798,5.811668,2.637524,7.387774,0.264807
365,8.384985,0,0,7.939196,0.120205,0.00972,0.097346,0.011169,12,0,3.182798,5.811668,2.637524,7.666378,0.261111
366,20.052193,1,12.014193,19.647217,0.09723,0.006862,0.080994,0.008537,12,0,3.135349,5.791962,2.657214,7.307279,0.261286
367,8.109379,0,0,7.690846,0.111954,0.010282,0.087951,0.011838,12,0,3.135349,5.791962,2.657214,7.416074,0.264056
368,19.897882,1,11.924902,19.497167,0.094985,0.006194,0.07966,0.008358,12,0,3.106311,5.701424,2.690284,7.247897,0.261444
369,8.303432,0,0,7.875427,0.1045,0.008087,0.084641,0.01037,12,0,3.106311,5.701424,2.690284,7.570426,0.293685
370,20.193856,1,12.113678,19.769515,0.114373,0.006984,0.096651,0.009756,12,0,3.148287,5.893047,2.642115,7.326444,0.263639
371,8.31445,0,0,7.881111,0.116336,0.008487,0.095503,0.010806,12,0,3.148287,5.893047,2.642115,7.610712,0.260059
372,20.478691,1,12.40604,20.048714,0.110754,0.010288,0.0872,0.011476,12,0,3.16758,6.060252,2.684748,7.311029,0.263463
373,8.01495,0,0,7.603018,0.107144,0.009452,0.085679,0.010532,12,0,3.16758,6.060252,2.684748,7.333986,0.258802
374,20.031835,1,12.189472,19.633943,0.093192,0.005695,0.078654,0.008243,12,0,3.177348,5.860865,2.719086,7.118716,0.262147
375,7.83636,0,0,7.392295,0.101309,0.010553,0.08051,0.009456,12,0,3.177348,5.860865,2.719086,7.123071,0.259589
376,21.017126,1,12.194376,20.551316,0.121151,0.010192,0.096985,0.01172,12,0,3.159091,5.906989,2.66135,7.95238,0.27306
377,8.098053,0,0,7.63231,0.156459,0.015196,0.119675,0.019255,12,0,3.159091,5.906989,2.66135,7.261529,0.357011
378,20.035832,1,12.138425,19.627153,0.095011,0.006126,0.07915,0.008985,12,0,3.134751,5.885831,2.684291,7.16442,0.26062
379,8.36338,0,0,7.908032,0.107455,0.009111,0.085532,0.011065,12,0,3.134751,5.885831,2.684291,7.635156,0.261683
380,20.024514,1,12.04651,19.626471,0.095097,0.006253,0.079503,0.00864,12,0,3.141002,5.746496,2.731893,7.252491,0.263891
381,7.850754,0,0,7.45288,0.095768,0.006257,0.079832,0.008922,12,0,3.141002,5.746496,2.731893,7.184049,0.259358
382,20.11193,1,12.042367,19.690878,0.11561,0.013473,0.08792,0.01207,12,0,3.194351,5.763067,2.651666,7.320856,0.262509
383,8.331526,0,0,7.900138,0.109355,0.009838,0.086538,0.011179,12,0,3.194351,5.763067,2.651666,7.628957,0.259842
384,20.115968,1,12.11538,19.716324,0.095191,0.006281,0.079455,0.008799,12,0,3.195844,5.799724,2.693202,7.277164,0.260714
385,8.40309,0,0,7.967383,0.105913,0.008466,0.0846,0.011556,12,0,3.195844,5.799724,2.693202,7.662653,0.29379
386,20.16661,1,12.114129,19.718647,0.0961,0.006428,0.080058,0.008706,12,0,3.136076,5.887026,2.660494,7.267428,0.270499
387,8.501944,0,0,8.056965,0.112926,0.010773,0.087882,0.011659,12,0,3.136076,5.887026,2.660494,7.720288,0.324766
388,20.284579,1,12.110131,19.868344,0.104852,0.007572,0.085677,0.010348,12,0,3.141576,5.851306,2.686264,7.430052,0.262345
389,8.255178,0,0,7.762751,0.110255,0.0091,0.086357,0.013068,12,0,3.141576,5.851306,2.686264,7.490447,0.260876
390,20.363745,1,12.208248,19.944364,0.103011,0.007779,0.083774,0.010147,12,0,3.150591,5.9636,2.664151,7.400426,0.269132
391,8.422725,0,0,7.962742,0.148051,0.017752,0.107086,0.021381,12,0,3.150591,5.9636,2.664151,7.671166,0.270788
392,20.401856,1,12.237071,19.958438,0.136852,0.010134,0.112358,0.011923,12,0,3.311755,5.786899,2.673536,7.393878,0.261754
393,8.33026,0,0,7.912538,0.101826,0.007774,0.083074,0.009701,12,0,3.311755,5.786899,2.673536,7.603936,0.298293
394,20.215316,1,12.218412,19.810465,0.096521,0.006149,0.08054,0.009061,12,0,3.130978,6.007516,2.652097,7.261854,0.266377
395,8.01218,0,0,7.497463,0.095675,0.006164,0.080085,0.008555,12,0,3.130978,6.007516,2.652097,7.141057,0.346882
396,20.386764,1,12.183945,19.945644,0.10586,0.00852,0.085707,0.010363,12,0,3.189127,5.828114,2.666305,7.432471,0.263222
397,8.147662,0,0,7.666973,0.112214,0.010684,0.087397,0.011849,12,0,3.189127,5.828114,2.666305,7.387951,0.267933
398,20.057373,1,12.104303,19.659077,0.094286,0.005909,0.079357,0.008383,12,0,3.193003,5.817543,2.664913,7.138164,0.352372
399,7.783348,0,0,7.368519,0.095963,0.006111,0.080272,0.008828,12,0,3.193003,5.817543,2.664913,7.099067,0.26001
400,20.597402,1,12.125934,20.167312,0.108064,0.009596,0.085779,0.010826,12,0,3.15336,5.886402,2.655516,7.710565,0.262612
401,7.868133,0,0,7.467211,0.096512,0.006216,0.081051,0.008478,12,0,3.15336,5.886402,2.655516,7.198627,0.259041
402,20.112721,1,12.03517,19.692772,0.111905,0.010174,0.087727,0.012083,12,0,3.190809,5.760633,2.657046,7.325751,0.267204
403,8.525272,0,0,8.099514,0.107419,0.009522,0.085594,0.010686,12,0,3.190809,5.760633,2.657046,7.826952,0.261286
404,20.016689,1,12.040132,19.617018,0.096372,0.006068,0.080864,0.008737,12,0,3.218335,5.757735,2.632518,7.25129,0.2619
405,7.849244,0,0,7.451484,0.095798,0.006136,0.080467,0.008502,12,0,3.218335,5.757735,2.632518,7.181817,0.260192
406,20.617405,1,12.264137,20.19788,0.100958,0.007574,0.082844,0.009397,12,0,3.174606,5.981793,2.682206,7.601418,0.266459
407,8.643046,0,0,8.197912,0.122188,0.011097,0.096721,0.01205,12,0,3.174606,5.981793,2.682206,7.925316,0.260362
408,20.252007,1,12.121378,19.816332,0.095487,0.006112,0.080109,0.008451,12,0,3.134389,5.877207,2.68358,7.368673,0.262243
409,8.504293,0,0,8.079553,0.104332,0.008113,0.084022,0.010825,12,0,3.134389,5.877207,2.68358,7.768795,0.299827
410,20.052356,1,12.121822,19.651846,0.09689,0.006314,0.08062,0.009103,12,0,3.172533,5.856215,2.658761,7.204157,0.262455
411,8.095227,0,0,7.694541,0.098032,0.006956,0.080893,0.009115,12,0,3.172533,5.856215,2.658761,7.423157,0.261607
412,20.275636,1,12.084558,19.776135,0.1735,0.011542,0.146538,0.01243,12,0,3.127487,5.875564,2.654958,7.357303,0.266763
413,8.138947,0,0,7.555397,0.168945,0.008325,0.145132,0.014599,12,0,3.127487,5.875564,2.654958,7.141301,0.402069
414,20.537059,1,12.38593,20.067882,0.11232,0.008293,0.092262,0.010458,12,0,3.203603,5.965486,2.78458,7.346454,0.264742
415,8.060548,0,0,7.593584,0.11064,0.009947,0.087511,0.011209,12,0,3.203603,5.965486,2.78458,7.322197,0.261153
416,21.771033,1,13.085198,21.318914,0.113218,0.010322,0.088351,0.012121,12,0,3.484895,6.269939,2.85876,7.888881,0.265146
417,8.588059,0,0,7.925154,0.205481,0.015576,0.158536,0.019292,12,0,3.484895,6.269939,2.85876,7.529195,0.382327
418,20.739386,1,12.4831,20.320182,0.103598,0.008141,0.084086,0.010302,12,0,3.374235,5.933386,2.744221,7.504847,0.264676
419,7.891449,0,0,7.477527,0.096532,0.006505,0.080369,0.008861,12,0,3.374235,5.933386,2.744221,7.182127,0.285936
420,20.713778,1,12.280607,20.257091,0.10458,0.008232,0.084227,0.010421,12,0,3.169917,5.926887,2.708476,7.638727,0.270129
421,7.727411,0,0,7.322028,0.097309,0.006471,0.081127,0.008806,12,0,3.169917,5.926887,2.708476,7.05031,0.262034
422,20.445121,1,12.302137,19.976443,0.115166,0.010423,0.088166,0.014286,12,0,3.315418,5.80895,2.704684,7.188481,0.3515
423,7.799516,0,0,7.383681,0.110075,0.010417,0.08667,0.011212,12,0,3.315418,5.80895,2.704684,7.113543,0.260083
424,24.800784,1,15.839544,24.319898,0.136792,0.020826,0.100887,0.012637,12,0,3.998524,8.423089,2.947871,8.130051,0.266664
425,8.759838,0,0,8.250643,0.137891,0.013648,0.106076,0.013957,12,0,3.998524,8.423089,2.947871,7.938532,0.299345
426,21.798389,1,13.295548,21.336691,0.110365,0.00938,0.087277,0.01167,12,0,3.421259,6.610499,2.83087,7.647816,0.314119
427,8.696836,0,0,8.17926,0.119125,0.011513,0.091132,0.013393,12,0,3.421259,6.610499,2.83087,7.902009,0.263256
428,21.666086,1,13.113304,21.180492,0.134675,0.017698,0.103867,0.011428,12,0,3.319449,6.306614,3.009266,7.710565,0.268108
429,8.692001,0,0,8.160888,0.134604,0.012636,0.105608,0.013586,12,0,3.319449,6.306614,3.009266,7.850869,0.296074
430,21.517547,1,12.757503,21.009747,0.118153,0.011052,0.091446,0.012671,12,0,3.316711,6.124266,2.843118,7.906957,0.264562
431,8.926673,0,0,8.362496,0.125522,0.011068,0.098955,0.012896,12,0,3.316711,6.124266,2.843118,8.036098,0.31301
432,21.39345,1,12.905791,20.916134,0.112278,0.010283,0.087967,0.011722,12,0,3.418208,6.246034,2.810563,7.670581,0.264377
433,7.900581,0,0,7.48029,0.108571,0.009768,0.086853,0.010152,12,0,3.418208,6.246034,2.810563,7.210422,0.259484
434,20.401649,1,12.219462,19.868314,0.096232,0.006181,0.080113,0.009029,12,0,3.191716,5.91685,2.687013,7.191548,0.385505
435,9.30169,0,0,8.766549,0.12604,0.014147,0.09475,0.014165,12,0,3.191716,5.91685,2.687013,8.489828,0.261918
436,21.580664,1,12.694477,21.12073,0.112642,0.010249,0.087857,0.011734,12,0,3.309421,6.227153,2.724299,8.087491,0.264545
437,7.921749,0,0,7.482179,0.113164,0.01069,0.088094,0.012011,12,0,3.309421,6.227153,2.724299,7.210603,0.261297
438,21.211536,1,12.67377,20.783421,0.10504,0.008616,0.084241,0.010847,12,0,3.340053,6.061732,2.842497,7.752485,0.286559
439,8.647725,0,0,8.191517,0.110399,0.009997,0.087161,0.011274,12,0,3.340053,6.061732,2.842497,7.919744,0.260508
440,20.636853,1,12.562588,20.218978,0.095842,0.006301,0.079938,0.008915,12,0,3.180695,6.250112,2.701465,7.325431,0.263043
441,8.491563,0,0,8.061286,0.108923,0.009444,0.086562,0.010909,12,0,3.180695,6.250112,2.701465,7.784679,0.265549
442,20.755334,1,12.186198,20.323622,0.107732,0.009145,0.085957,0.011313,12,0,3.30907,5.792292,2.659572,7.80744,0.26212
443,7.966014,0,0,7.549078,0.111526,0.010286,0.087797,0.011588,12,0,3.30907,5.792292,2.659572,7.276463,0.262374
444,20.92033,1,12.567855,20.46414,0.130496,0.009783,0.107898,0.011521,12,0,3.378019,6.005784,2.756013,7.558534,0.263226
445,8.29421,0,0,7.861031,0.114799,0.010468,0.090729,0.011892,12,0,3.378019,6.005784,2.756013,7.589095,0.26039
446,20.681733,1,12.780358,20.26299,0.093652,0.005992,0.079081,0.007876,12,0,3.411521,6.142378,2.800291,7.142304,0.270681
447,8.27515,0,0,7.823726,0.111642,0.010192,0.087713,0.011978,12,0,3.411521,6.142378,2.800291,7.504316,0.307713
448,20.502203,1,12.392869,20.045327,0.136293,0.008048,0.117319,0.009933,12,0,3.270569,6.019786,2.674099,7.321429,0.262885
449,7.997691,0,0,7.580055,0.112255,0.010092,0.088609,0.011332,12,0,3.270569,6.019786,2.674099,7.307738,0.261783
450,20.837039,1,12.884236,20.386502,0.096589,0.006476,0.080888,0.008481,12,0,3.40682,6.205454,2.825545,7.1593,0.262532
451,8.30945,0,0,7.875768,0.115159,0.010175,0.091507,0.011066,12,0,3.40682,6.205454,2.825545,7.604731,0.259513
452,20.735435,1,12.756857,20.293029,0.097387,0.006294,0.081597,0.008791,12,0,3.300006,6.147762,2.802818,7.179672,0.288123
453,8.044688,0,0,7.624333,0.11025,0.010139,0.086493,0.012168,12,0,3.300006,6.147762,2.802818,7.305102,0.308569
454,20.390438,1,12.24378,19.937114,0.095964,0.005853,0.080836,0.008291,12,0,3.158671,5.934034,2.721655,7.323033,0.304663
455,8.134059,0,0,7.675405,0.145733,0.010982,0.120193,0.012488,12,0,3.158671,5.934034,2.721655,7.348976,0.31477
456,20.424248,1,12.19493,19.977204,0.127881,0.00717,0.104765,0.015081,12,0,3.130394,5.836788,2.757051,7.411383,0.272264
457,8.112498,0,0,7.699183,0.107464,0.009146,0.086311,0.010782,12,0,3.130394,5.836788,2.757051,7.430838,0.258156
458,20.426542,1,12.525747,20.00112,0.093111,0.005587,0.079091,0.007832,12,0,3.281087,5.984183,2.772571,7.10152,0.294829
459,8.092729,0,0,7.658567,0.121714,0.022596,0.085963,0.011977,12,0,3.281087,5.984183,2.772571,7.388466,0.259597
460,20.463218,1,12.083524,19.974585,0.108663,0.009064,0.086959,0.011036,12,0,3.118089,5.850465,2.685262,7.527873,0.294894
461,8.132781,0,0,7.683893,0.133273,0.010288,0.109285,0.011461,12,0,3.118089,5.850465,2.685262,7.413622,0.259532
462,20.58819,1,12.183066,20.146697,0.105473,0.008556,0.084677,0.010955,12,0,3.108059,5.961702,2.687374,7.632681,0.262634
463,8.212597,0,0,7.786391,0.108921,0.009463,0.086071,0.01208,12,0,3.108059,5.961702,2.687374,7.491259,0.283949
464,20.464924,1,12.482064,20.03205,0.094318,0.005965,0.079067,0.008512,12,0,3.266505,5.983138,2.783834,7.218379,0.26338
465,8.273096,0,0,7.817033,0.11002,0.009987,0.087021,0.011353,12,0,3.266505,5.983138,2.783834,7.544754,0.260858
466,20.119235,1,12.068957,19.702662,0.112542,0.010155,0.088664,0.011592,12,0,3.179963,5.812825,2.651568,7.306758,0.26312
467,8.192573,0,0,7.772233,0.108018,0.010164,0.085027,0.011394,12,0,3.179963,5.812825,2.651568,7.500874,0.260024
468,20.449198,1,12.457058,20.037579,0.092966,0.005614,0.078761,0.008003,12,0,3.22552,6.072672,2.734128,7.2446,0.267627
469,8.223742,0,0,7.79291,0.110797,0.009252,0.08778,0.012024,12,0,3.22552,6.072672,2.734128,7.515966,0.262169
470,20.660039,1,12.450139,20.228714,0.10448,0.008317,0.084722,0.010286,12,0,3.171774,6.010036,2.800313,7.423393,0.273773
471,7.977171,0,0,7.55998,0.1127,0.010509,0.087885,0.012216,12,0,3.171774,6.010036,2.800313,7.287829,0.261966
472,20.525729,1,12.391074,20.099341,0.110243,0.017695,0.081545,0.010082,12,0,3.265231,5.943454,2.738101,7.37519,0.264462
473,8.167201,0,0,7.695327,0.10811,0.009563,0.086314,0.01095,12,0,3.265231,5.943454,2.738101,7.384193,0.300218
474,20.517409,1,12.422753,20.091978,0.094823,0.005935,0.079642,0.008551,12,0,3.174052,6.016938,2.763535,7.316564,0.284457
475,8.098927,0,0,7.665505,0.123724,0.010037,0.100358,0.011751,12,0,3.174052,6.016938,2.763535,7.393851,0.261075
476,20.977223,1,12.760284,20.538576,0.11219,0.010688,0.087482,0.011787,12,0,3.283261,6.038355,2.991658,7.418698,0.268995
477,7.885614,0,0,7.469802,0.107749,0.009675,0.086149,0.01019,12,0,3.283261,6.038355,2.991658,7.199141,0.260366
478,20.325612,1,12.524069,19.916187,0.092617,0.005614,0.078085,0.008304,12,0,3.24853,6.085712,2.760173,7.050852,0.264636
479,7.901269,0,0,7.475926,0.111681,0.009796,0.088405,0.012121,12,0,3.24853,6.085712,2.760173,7.173055,0.292616
480,20.511166,1,12.301194,20.040809,0.121177,0.007005,0.104418,0.008867,12,0,3.310787,5.805527,2.682375,7.392503,0.279969
481,8.175714,0,0,7.745825,0.112757,0.010373,0.088458,0.011857,12,0,3.310787,5.805527,2.682375,7.464932,0.270207
482,20.538453,1,12.672077,20.064105,0.093563,0.005686,0.079067,0.008112,12,0,3.340954,6.049033,2.818004,7.045486,0.276071
483,8.039726,0,0,7.605796,0.109537,0.009915,0.086437,0.011779,12,0,3.340954,6.049033,2.818004,7.310846,0.28482
484,20.466104,1,12.140462,20.006214,0.107871,0.008917,0.08663,0.01082,12,0,3.174376,5.8441,2.649348,7.493246,0.30526
485,8.062299,0,0,7.640879,0.108949,0.009894,0.086465,0.011229,12,0,3.174376,5.8441,2.649348,7.350449,0.279614
486,22.285942,1,13.462818,21.739986,0.115791,0.010942,0.090315,0.012147,12,0,3.435213,6.227843,3.31434,7.891644,0.302734
487,8.298118,0,0,7.870682,0.112243,0.010059,0.087961,0.011859,12,0,3.435213,6.227843,3.31434,7.596806,0.262294
488,21.615761,1,13.512587,21.145594,0.094056,0.005702,0.079473,0.008261,12,0,3.528433,6.66021,2.89404,7.250883,0.294756
489,8.228435,0,0,7.811075,0.109023,0.010028,0.085943,0.010953,12,0,3.528433,6.66021,2.89404,7.54068,0.260083
490,20.193179,1,12.274342,19.793034,0.093194,0.005712,0.078614,0.0082,12,0,3.230498,5.875697,2.742585,7.194127,0.262127
491,8.081468,0,0,7.652076,0.115155,0.011571,0.088688,0.012162,12,0,3.230498,5.875697,2.742585,7.334727,0.306592
492,20.196478,1,12.1955,19.701243,0.094491,0.006021,0.079694,0.008058,12,0,3.197987,5.862266,2.672929,7.010853,0.432304
493,10.741419,0,0,10.063649,0.200843,0.015459,0.163143,0.018797,12,0,3.197987,5.862266,2.672929,9.679156,0.367731
494,23.533687,1,13.283939,22.893015,0.137114,0.010515,0.11194,0.01231,12,0,3.270409,6.57256,2.84695,9.073382,0.425044
495,12.417054,0,0,11.854801,0.124606,0.012262,0.094503,0.014256,12,0,3.270409,6.57256,2.84695,11.536478,0.3035
496,22.158739,1,13.85054,21.617719,0.118997,0.011494,0.091834,0.012962,12,0,3.569008,6.807451,3.036958,7.422424,0.264621
497,8.138493,0,0,7.63828,0.169859,0.011387,0.144091,0.012311,12,0,3.569008,6.807451,3.036958,7.297195,0.329528
498,22.103223,1,13.982145,21.664771,0.098272,0.006697,0.081887,0.008813,12,0,3.481012,6.992731,3.07386,7.306199,0.301537
499,8.502882,0,0,8.031028,0.117514,0.010828,0.090484,0.013441,12,0,3.481012,6.992731,3.07386,7.757444,0.260703
500,22.097392,1,13.826234,21.574905,0.09752,0.006395,0.081613,0.008465,12,0,3.546159,6.752877,3.050668,7.402594,0.266845
501,8.061901,0,0,7.580072,0.113701,0.011255,0.088338,0.011897,12,0,3.546159,6.752877,3.050668,7.308697,0.260379
502,21.634148,1,12.84049,21.174376,0.118927,0.010601,0.093597,0.012323,12,0,3.431643,6.126401,2.841354,7.961401,0.294726
503,7.88883,0,0,7.469863,0.109683,0.009476,0.087171,0.01118,12,0,3.431643,6.126401,2.841354,7.168814,0.290883
504,20.546207,1,12.653898,20.123958,0.093328,0.005852,0.078444,0.008378,12,0,3.343156,6.05641,2.825098,7.136682,0.264655
505,7.796375,0,0,7.373922,0.108753,0.00935,0.086885,0.011054,12,0,3.343156,6.05641,2.825098,7.105562,0.258669
506,20.468218,1,12.628824,20.042537,0.092839,0.005659,0.07832,0.0082,12,0,3.238291,6.057531,2.855315,7.070133,0.263464
507,7.715543,0,0,7.301755,0.108348,0.009747,0.086454,0.010616,12,0,3.238291,6.057531,2.855315,7.034382,0.257478
508,20.553114,1,12.64435,20.08543,0.124771,0.008604,0.104504,0.010496,12,0,3.28522,6.028529,2.879469,7.06419,0.294546
509,7.74212,0,0,7.326362,0.109718,0.01024,0.086588,0.011315,12,0,3.28522,6.028529,2.879469,7.053026,0.263206
510,20.384931,1,12.554766,19.967001,0.095212,0.005898,0.079849,0.008475,12,0,3.251901,6.06089,2.784472,7.077907,0.265704
511,8.166328,0,0,7.731602,0.111645,0.010961,0.087672,0.011015,12,0,3.251901,6.06089,2.784472,7.459543,0.260894
512,20.542209,1,12.634447,20.117517,0.096129,0.006348,0.080275,0.008614,12,0,3.34556,6.111438,2.745824,7.128615,0.284658
513,7.783474,0,0,7.36995,0.10624,0.009151,0.08507,0.010311,12,0,3.34556,6.111438,2.745824,7.097169,0.262607
514,20.687984,1,12.802696,20.259017,0.101022,0.007713,0.083184,0.009031,12,0,3.262535,6.394483,2.720956,7.121647,0.265557
515,7.812426,0,0,7.384204,0.108679,0.009847,0.086564,0.010597,12,0,3.262535,6.394483,2.720956,7.113508,0.260214
516,20.477715,1,12.586168,20.058234,0.095429,0.006236,0.079992,0.008319,12,0,3.325105,6.050956,2.765287,7.134198,0.268446
517,7.923822,0,0,7.507913,0.107715,0.009354,0.086404,0.010173,12,0,3.325105,6.050956,2.765287,7.233402,0.263814
518,20.940174,1,13.091465,20.520652,0.093638,0.005909,0.079181,0.00787,12,0,3.226548,6.547987,2.873392,7.092472,0.267469
519,7.882816,0,0,7.469054,0.109234,0.009835,0.087142,0.010623,12,0,3.226548,6.547987,2.873392,7.197531,0.261169
520,20.121747,1,12.207579,19.640721,0.145278,0.006733,0.127915,0.009364,12,0,3.163254,5.908738,2.690429,7.070075,0.296081
521,7.896505,0,0,7.478142,0.110359,0.009919,0.08766,0.011113,12,0,3.163254,5.908738,2.690429,7.186413,0.281639
522,20.027155,1,12.178962,19.62211,0.095885,0.006431,0.080078,0.008531,12,0,3.156295,5.874553,2.680534,7.074018,0.304191
523,7.952066,0,0,7.534141,0.108094,0.009322,0.085673,0.011304,12,0,3.156295,5.874553,2.680534,7.263455,0.259773
524,19.905564,1,12.099777,19.508547,0.094192,0.005871,0.079154,0.008503,12,0,3.12539,5.825944,2.721897,7.085668,0.258984
525,7.75675,0,0,7.338835,0.110774,0.010164,0.087616,0.01137,12,0,3.12539,5.825944,2.721897,7.04524,0.282484
526,19.82464,1,12.114403,19.426856,0.094437,0.00597,0.079788,0.008012,12,0,3.129311,5.878571,2.681326,6.993589,0.254966
527,7.885109,0,0,7.408397,0.126102,0.009242,0.095247,0.020173,12,0,3.129311,5.878571,2.681326,7.118708,0.278817
528,19.902426,1,12.113933,19.487398,0.093949,0.006059,0.079145,0.007919,12,0,3.151098,5.785359,2.752024,7.050999,0.257055
529,7.954428,0,0,7.525651,0.106935,0.008682,0.085537,0.011064,12,0,3.151098,5.785359,2.752024,7.260376,0.254062
530,20.527034,1,12.249531,19.934319,0.096364,0.006468,0.080442,0.008532,12,0,3.266003,5.785983,2.684327,7.133992,0.479682
531,7.815683,0,0,7.370914,0.113295,0.010603,0.088873,0.011769,12,0,3.266003,5.785983,2.684327,7.104808,0.25493
532,19.820908,1,12.087341,19.425348,0.093952,0.005918,0.07951,0.007801,12,0,3.128245,5.861458,2.66994,7.016859,0.256628
533,7.752824,0,0,7.345119,0.10719,0.006201,0.090679,0.009534,12,0,3.128245,5.861458,2.66994,7.056558,0.279042
534,20.097515,1,12.143147,19.685867,0.10149,0.008056,0.082522,0.010006,12,0,3.151853,5.849583,2.716028,7.217982,0.260273
535,7.686961,0,0,7.292607,0.094431,0.005968,0.079509,0.00826,12,0,3.151853,5.849583,2.716028,7.02782,0.255273
536,20.120351,1,12.245692,19.693829,0.112126,0.010291,0.087798,0.011951,12,0,3.206606,5.926001,2.685471,7.125992,0.257084
537,8.033647,0,0,7.596805,0.110283,0.009994,0.0869,0.011729,12,0,3.206606,5.926001,2.685471,7.327998,0.256603
538,20.059384,1,12.162446,19.661827,0.097213,0.006068,0.078585,0.01178,12,0,3.160138,5.891701,2.681146,7.178084,0.257267
539,7.8006,0,0,7.406659,0.097098,0.00592,0.082346,0.008112,12,0,3.160138,5.891701,2.681146,7.143593,0.253576
540,20.321659,1,12.321508,19.906144,0.09944,0.007075,0.081754,0.00969,12,0,3.236189,5.970027,2.687282,7.258225,0.256342
541,8.193623,0,0,7.73951,0.112618,0.010926,0.087786,0.011588,12,0,3.236189,5.970027,2.687282,7.432215,0.285602
542,20.198037,1,12.19419,19.788107,0.095865,0.006213,0.080136,0.008741,12,0,3.127935,5.826193,2.815295,7.27305,0.257214
543,7.924257,0,0,7.509135,0.10515,0.008438,0.084743,0.010859,12,0,3.127935,5.826193,2.815295,7.244711,0.253254
544,20.136478,1,12.144901,19.723276,0.096924,0.006129,0.080857,0.009131,12,0,3.183573,5.866418,2.669492,7.25603,0.258689
545,7.810292,0,0,7.413155,0.096025,0.005981,0.081138,0.008277,12,0,3.183573,5.866418,2.669492,7.15176,0.251917
546,20.419322,1,12.306181,19.97082,0.135561,0.011898,0.107896,0.013671,12,0,3.122253,5.975766,2.705284,7.312464,0.284231
547,7.881922,0,0,7.461725,0.116436,0.00836,0.083555,0.023232,12,0,3.122253,5.975766,2.705284,7.187808,0.263807
548,20.332027,1,12.240873,19.918587,0.10332,0.007416,0.085637,0.009222,12,0,3.152092,5.926376,2.734244,7.356498,0.255131
549,7.765641,0,0,7.372582,0.094571,0.006265,0.079024,0.008568,12,0,3.152092,5.926376,2.734244,7.110288,0.252689
550,20.287653,1,12.192405,19.863741,0.107492,0.009562,0.085406,0.010939,12,0,3.181948,5.877406,2.709385,7.348689,0.255804
551,7.903287,0,0,7.49328,0.106521,0.009155,0.084842,0.011106,12,0,3.181948,5.877406,2.709385,7.228632,0.254641
552,20.190128,1,12.168355,19.761547,0.107102,0.010026,0.084092,0.011311,12,0,3.147964,5.909754,2.682715,7.262619,0.259362
553,7.853528,0,0,7.456729,0.097387,0.006392,0.08107,0.00889,12,0,3.147964,5.909754,2.682715,7.191783,0.255157
554,20.381807,1,12.260684,19.947894,0.104427,0.00836,0.084677,0.00992,12,0,3.168588,5.985956,2.681683,7.330009,0.290513
555,7.850108,0,0,7.449644,0.097406,0.006568,0.081619,0.008449,12,0,3.168588,5.985956,2.681683,7.184583,0.255412
556,25.767196,1,14.041509,25.259243,0.169984,0.014962,0.133289,0.017647,12,0,3.524214,7.200492,2.877588,10.86793,0.263859
557,9.249324,0,0,8.540469,0.149568,0.015047,0.10443,0.027463,12,0,3.524214,7.200492,2.877588,8.123907,0.399303
558,21.003185,1,12.575874,20.537066,0.112471,0.010463,0.088008,0.011303,12,0,3.214888,6.115037,2.817197,7.586853,0.256805
559,7.90234,0,0,7.503462,0.097255,0.006457,0.081269,0.008701,12,0,3.214888,6.115037,2.817197,7.199295,0.294453
560,19.997392,1,12.06223,19.570361,0.112237,0.010341,0.087911,0.011753,12,0,3.164593,5.778379,2.66058,7.177787,0.25559
561,7.99268,0,0,7.576273,0.110947,0.009756,0.087406,0.011983,12,0,3.164593,5.778379,2.66058,7.311256,0.254247
562,19.860428,1,12.020711,19.468671,0.093419,0.005681,0.078805,0.00829,12,0,3.13118,5.817731,2.644548,7.128369,0.256727
563,7.76577,0,0,7.376666,0.093594,0.00583,0.079342,0.007826,12,0,3.13118,5.817731,2.644548,7.109805,0.25731
564,24.648733,1,15.679134,24.126523,0.173889,0.014359,0.139078,0.017465,12,0,3.720042,8.208525,3.279781,8.101794,0.259421
565,11.311304,0,0,10.649119,0.174984,0.015277,0.138868,0.017467,12,0,3.720042,8.208525,3.279781,10.281316,0.351297
566,25.402664,1,14.123094,24.899776,0.127001,0.011556,0.099233,0.012986,12,0,3.647063,6.938718,3.009095,10.428703,0.26161
567,11.488006,0,0,10.832174,0.176417,0.015115,0.138584,0.018879,12,0,3.647063,6.938718,3.009095,10.456284,0.357422
568,23.015678,1,13.497762,22.464175,0.139376,0.009359,0.116025,0.012103,12,0,3.335687,6.450157,3.254971,8.624839,0.259682
569,8.593515,0,0,7.914359,0.226244,0.011749,0.198057,0.012052,12,0,3.335687,6.450157,3.254971,7.55482,0.344328
570,23.191148,1,14.410919,22.72164,0.117649,0.011632,0.090535,0.012571,12,0,3.631568,7.34254,2.948055,7.968808,0.259105
571,8.430331,0,0,7.933525,0.118398,0.011844,0.091291,0.012707,12,0,3.631568,7.34254,2.948055,7.623074,0.298085
572,22.552687,1,12.834388,22.07366,0.13323,0.012166,0.101577,0.014362,12,0,3.270219,6.30578,2.769938,8.875926,0.261653
573,8.162811,0,0,7.682665,0.111391,0.01034,0.08734,0.011601,12,0,3.270219,6.30578,2.769938,7.414899,0.256336
574,20.719368,1,12.768703,20.296272,0.095959,0.006276,0.080505,0.008252,12,0,3.484256,6.096636,2.752856,7.197743,0.259981
575,7.91887,0,0,7.503234,0.107155,0.009169,0.085983,0.010411,12,0,3.484256,6.096636,2.752856,7.238423,0.254361
576,21.048595,1,12.268197,20.60863,0.113534,0.011014,0.088356,0.012002,12,0,3.248379,5.916147,2.674948,8.012997,0.258161
577,7.796637,0,0,7.392658,0.096875,0.006654,0.080874,0.008468,12,0,3.248379,5.916147,2.674948,7.127827,0.255171
578,20.652548,1,12.16165,20.22028,0.106045,0.00857,0.08539,0.01066,12,0,3.191612,5.826616,2.707489,7.729772,0.26086
579,7.81274,0,0,7.385372,0.119056,0.006982,0.102127,0.009055,12,0,3.191612,5.826616,2.707489,7.116769,0.258847
580,20.403365,1,12.594513,19.99217,0.094224,0.005924,0.079514,0.008126,12,0,3.188471,6.204076,2.708271,7.072079,0.259688
581,7.886548,0,0,7.470735,0.105725,0.009127,0.084972,0.010161,12,0,3.188471,6.204076,2.708271,7.205501,0.255217
582,20.900365,1,12.417232,20.463597,0.111271,0.010375,0.087302,0.011753,12,0,3.210747,6.018353,2.696274,7.720104,0.25673
583,7.801902,0,0,7.393326,0.106011,0.012708,0.082825,0.009279,12,0,3.210747,6.018353,2.696274,7.128837,0.25487
584,20.598535,1,12.250993,20.174426,0.099791,0.007597,0.081559,0.009414,12,0,3.115081,5.863321,2.849582,7.59933,0.257084
585,7.841249,0,0,7.439047,0.10001,0.006984,0.082248,0.009778,12,0,3.115081,5.863321,2.849582,7.175308,0.254166
586,20.299108,1,12.471067,19.896739,0.093309,0.0058,0.078924,0.00798,12,0,3.14425,6.183604,2.72131,7.101135,0.259715
587,7.964701,0,0,7.53466,0.105904,0.008978,0.085004,0.010246,12,0,3.14425,6.183604,2.72131,7.267471,0.25714
588,22.849511,1,14.799139,22.410121,0.105958,0.008534,0.085147,0.010971,12,0,3.675432,7.503578,3.116447,7.227941,0.308268
589,8.834672,0,0,8.250951,0.212875,0.016376,0.174506,0.018693,12,0,3.675432,7.503578,3.116447,7.965049,0.271203
590,20.454562,1,12.461684,20.029748,0.100043,0.007545,0.082104,0.009359,12,0,3.322698,5.976443,2.734301,7.239247,0.258011
591,7.908093,0,0,7.503001,0.103195,0.007546,0.084222,0.010292,12,0,3.322698,5.976443,2.734301,7.239134,0.25404
592,20.026795,1,12.216044,19.625751,0.093496,0.005687,0.078833,0.008329,12,0,3.140267,5.888813,2.759897,7.069407,0.276167
593,7.999889,0,0,7.483898,0.130005,0.009117,0.108776,0.010733,12,0,3.140267,5.888813,2.759897,7.197224,0.276765
594,20.415227,1,12.533786,19.984647,0.107589,0.00862,0.086923,0.010427,12,0,3.23852,6.179318,2.689772,7.123353,0.258022
595,7.841861,0,0,7.43371,0.1053,0.009446,0.084022,0.010355,12,0,3.23852,6.179318,2.689772,7.169606,0.254049
596,20.508801,1,12.403113,20.093211,0.095671,0.006189,0.080337,0.00833,12,0,3.199792,5.998671,2.776463,7.365243,0.256868
597,7.928301,0,0,7.492234,0.108523,0.008936,0.087455,0.010797,12,0,3.199792,5.998671,2.776463,7.227299,0.254974
598,19.988687,1,12.133142,19.59647,0.093551,0.005682,0.079011,0.008239,12,0,3.201814,5.834699,2.672953,7.140227,0.25753
599,8.023331,0,0,7.594869,0.112047,0.014355,0.084799,0.011347,12,0,3.201814,5.834699,2.672953,7.287971,0.295642
600,20.361061,1,12.418352,19.930049,0.111448,0.009641,0.089069,0.01107,12,0,3.289309,5.994201,2.709348,7.188066,0.256026
601,8.363278,0,0,7.950083,0.109058,0.009253,0.087345,0.010864,12,0,3.289309,5.994201,2.709348,7.681257,0.2584
602,20.266911,1,12.403636,19.856679,0.093346,0.005625,0.079047,0.008088,12,0,3.187557,5.970763,2.798057,7.127643,0.257257
603,7.832021,0,0,7.423351,0.108521,0.008464,0.088187,0.010555,12,0,3.187557,5.970763,2.798057,7.159814,0.253381
604,20.093458,1,12.190863,19.703505,0.092554,0.005797,0.078262,0.007906,12,0,3.201504,5.880184,2.681329,7.195895,0.254779
605,8.013451,0,0,7.596511,0.112375,0.010279,0.08804,0.012045,12,0,3.201504,5.880184,2.681329,7.331011,0.254685
606,20.348655,1,12.368818,19.893731,0.093498,0.005632,0.079021,0.008203,12,0,3.217861,5.947737,2.779851,7.200802,0.257453
607,8.142781,0,0,7.707193,0.109985,0.009346,0.087232,0.011392,12,0,3.217861,5.947737,2.779851,7.437952,0.258653
608,20.183523,1,12.32298,19.781021,0.092902,0.00567,0.078459,0.00815,12,0,3.152019,6.011518,2.711061,7.134763,0.257691
609,8.095563,0,0,7.581826,0.212023,0.009413,0.113044,0.087873,12,0,3.152019,6.011518,2.711061,7.244289,0.316624
610,19.997752,1,12.12131,19.60232,0.095235,0.005516,0.081027,0.00802,12,0,3.138782,5.876637,2.679192,7.162013,0.256374
611,7.941838,0,0,7.528,0.111073,0.010077,0.08734,0.011693,12,0,3.138782,5.876637,2.679192,7.26409,0.25352
612,20.056309,1,12.069192,19.661739,0.094222,0.005787,0.079494,0.008133,12,0,3.13802,5.805686,2.69678,7.273284,0.255722
613,8.082055,0,0,7.656663,0.108147,0.009064,0.085953,0.011728,12,0,3.13802,5.805686,2.69678,7.389457,0.25615
614,20.260851,1,12.198357,19.828574,0.118619,0.00674,0.091433,0.019575,12,0,3.276009,5.808425,2.677142,7.280308,0.264259
615,8.201514,0,0,7.73839,0.126487,0.010649,0.090792,0.021902,12,0,3.276009,5.808425,2.677142,7.453164,0.271193
616,20.120759,1,12.156356,19.706521,0.110779,0.009736,0.087358,0.01151,12,0,3.250026,5.840934,2.637555,7.228475,0.256826
617,8.087286,0,0,7.663871,0.10818,0.0094,0.0857,0.01151,12,0,3.250026,5.840934,2.637555,7.331223,0.321107
618,20.101093,1,12.104833,19.697318,0.09549,0.00596,0.079857,0.00889,12,0,3.179137,5.762015,2.69906,7.269907,0.258327
619,7.942408,0,0,7.52735,0.104929,0.008666,0.084191,0.010612,12,0,3.179137,5.762015,2.69906,7.260762,0.25593
620,20.208831,1,12.106898,19.783181,0.097742,0.006654,0.080732,0.008982,12,0,3.108823,5.875157,2.697131,7.351689,0.259681
621,8.003185,0,0,7.58383,0.112995,0.010186,0.088617,0.011914,12,0,3.108823,5.875157,2.697131,7.312099,0.261262
622,20.042075,1,12.08182,19.648783,0.093281,0.005825,0.078831,0.007981,12,0,3.184188,5.820915,2.652952,7.243863,0.25836
623,7.802667,0,0,7.410375,0.093984,0.005808,0.079129,0.00835,12,0,3.184188,5.820915,2.652952,7.12089,0.279956
624,20.431985,1,12.339752,19.998248,0.103215,0.008095,0.084041,0.009924,12,0,3.231602,5.959974,2.720166,7.331594,0.259176
625,7.803112,0,0,7.401981,0.101125,0.006749,0.08421,0.009326,12,0,3.231602,5.959974,2.720166,7.13559,0.256815
626,23.080982,1,14.775662,22.540214,0.112622,0.010819,0.088102,0.011332,12,0,3.547755,7.37,3.319856,7.242383,0.40398
627,10.784336,0,0,10.278756,0.116479,0.011215,0.090362,0.011851,12,0,3.547755,7.37,3.319856,10.007653,0.257452
628,22.307941,1,13.903028,21.800956,0.115305,0.011409,0.089468,0.012216,12,0,3.684199,6.572268,3.194845,7.553167,0.264093
629,8.405595,0,0,7.902043,0.163782,0.05719,0.090353,0.013651,12,0,3.684199,6.572268,3.194845,7.556815,0.323492
630,20.72174,1,12.385007,20.297804,0.104039,0.007956,0.084835,0.009706,12,0,3.203822,5.986592,2.763669,7.577874,0.267117
631,8.805665,0,0,8.354212,0.113075,0.010514,0.087606,0.012521,12,0,3.203822,5.986592,2.763669,8.077543,0.263773
632,20.390644,1,12.420973,19.968699,0.095102,0.00631,0.079648,0.008418,12,0,3.198091,5.94704,2.843684,7.179473,0.300104
633,7.922785,0,0,7.508912,0.107614,0.009254,0.085769,0.010927,12,0,3.198091,5.94704,2.843684,7.241678,0.256995
634,20.757206,1,12.528863,20.232042,0.093895,0.005955,0.079125,0.008173,12,0,3.134229,5.952288,2.901809,7.259511,0.360934
635,11.508004,0,0,10.834292,0.189795,0.01594,0.150822,0.019116,12,0,3.134229,5.952288,2.901809,10.402802,0.41266
636,23.799578,1,15.457181,23.260821,0.118526,0.009727,0.094895,0.011734,12,0,3.739203,7.972782,3.261867,7.455972,0.268741
637,9.452007,0,0,8.991907,0.116454,0.010838,0.089982,0.01251,12,0,3.739203,7.972782,3.261867,8.719855,0.259268
638,26.479031,1,17.492614,25.962027,0.115896,0.010878,0.08948,0.012197,12,0,4.276678,9.40219,3.363986,8.074412,0.313699
639,8.215224,0,0,7.667332,0.142198,0.011232,0.115684,0.012124,12,0,4.276678,9.40219,3.363986,7.396232,0.257687
640,25.028802,1,14.688195,24.538136,0.11153,0.009911,0.087491,0.011459,12,0,3.687667,7.499107,2.941201,9.506168,0.265618
641,8.887231,0,0,8.383712,0.159197,0.011488,0.131859,0.012259,12,0,3.687667,7.499107,2.941201,8.110728,0.259759
642,22.912498,1,13.835739,22.426885,0.15222,0.011632,0.116416,0.011996,12,0,3.370786,6.978128,3.049447,8.206109,0.263807
643,8.904463,0,0,8.395628,0.114141,0.010277,0.089216,0.01187,12,0,3.370786,6.978128,3.049447,8.124257,0.258316
644,21.248882,1,12.345185,20.841268,0.098573,0.006975,0.081185,0.009386,12,0,3.133345,6.02727,2.755798,8.167356,0.26397
645,8.076696,0,0,7.683766,0.095035,0.006034,0.079712,0.008611,12,0,3.133345,6.02727,2.755798,7.413313,0.260932
646,21.005578,1,12.607256,20.584495,0.103563,0.008239,0.084042,0.009983,12,0,3.098124,6.013695,3.068315,7.645729,0.264132
647,7.910014,0,0,7.511084,0.099458,0.007093,0.081659,0.009615,12,0,3.098124,6.013695,3.068315,7.240758,0.26067
648,20.751156,1,12.519168,20.331097,0.102483,0.00803,0.083237,0.009935,12,0,3.149122,6.29315,2.654244,7.479813,0.265622
649,8.552334,0,0,8.124,0.11111,0.009778,0.087532,0.011768,12,0,3.149122,6.29315,2.654244,7.853132,0.25949
650,20.490436,1,12.11848,20.068372,0.112385,0.010609,0.087408,0.011978,12,0,3.212443,5.824729,2.652194,7.622892,0.261183
651,8.140239,0,0,7.699485,0.107254,0.009066,0.085582,0.011036,12,0,3.212443,5.824729,2.652194,7.403588,0.284652
652,20.416134,1,12.148177,20.010144,0.098445,0.00683,0.080983,0.009265,12,0,3.086614,5.966652,2.671745,7.534785,0.260987
653,7.871457,0,0,7.475606,0.09471,0.006084,0.079635,0.008239,12,0,3.086614,5.966652,2.671745,7.20373,0.262362
654,20.5775,1,12.517051,20.144875,0.108018,0.007578,0.080722,0.009699,12,0,3.119656,6.184167,2.779769,7.297697,0.261283
655,7.902068,0,0,7.497907,0.101101,0.007756,0.082597,0.009484,12,0,3.119656,6.184167,2.779769,7.215417,0.272779
656,20.485849,1,12.242492,20.060449,0.111846,0.010884,0.086803,0.011954,12,0,3.094739,5.992784,2.727789,7.49129,0.261303
657,8.016514,0,0,7.597711,0.105481,0.008721,0.084326,0.011115,12,0,3.094739,5.992784,2.727789,7.330255,0.256325
658,20.565584,1,12.290785,20.157416,0.09883,0.006647,0.08142,0.009467,12,0,3.265289,5.904703,2.691493,7.539276,0.261954
659,7.932779,0,0,7.535743,0.095963,0.006263,0.080533,0.008383,12,0,3.265289,5.904703,2.691493,7.26825,0.257969
660,20.505794,1,12.58542,20.084147,0.098595,0.005811,0.083758,0.008366,12,0,3.271293,6.212831,2.677281,7.170025,0.26153
661,7.985673,0,0,7.569906,0.1065,0.009329,0.085649,0.010019,12,0,3.271293,6.212831,2.677281,7.302449,0.257496
662,20.787395,1,12.391668,20.345427,0.11273,0.010425,0.087889,0.011627,12,0,3.113819,6.05846,2.793417,7.622545,0.262931
663,7.836167,0,0,7.439181,0.095201,0.00606,0.079904,0.008474,12,0,3.113819,6.05846,2.793417,7.168583,0.261152
664,21.028456,1,12.650213,20.597253,0.10725,0.011158,0.083936,0.010825,12,0,3.212715,6.312971,2.69253,7.550654,0.317003
665,7.848084,0,0,7.441279,0.10037,0.007463,0.082568,0.009449,12,0,3.212715,6.312971,2.69253,7.174885,0.256712
666,20.498728,1,12.408564,20.077488,0.093015,0.005718,0.078207,0.008399,12,0,3.110893,6.068905,2.777744,7.185447,0.394767
667,8.112202,0,0,7.680583,0.127277,0.009611,0.105471,0.010561,12,0,3.110893,6.068905,2.777744,7.412488,0.258024
668,20.746218,1,12.476577,20.31339,0.112627,0.010567,0.087972,0.011598,12,0,3.233088,6.048487,2.765432,7.506866,0.260535
669,7.883761,0,0,7.480683,0.099588,0.007043,0.08211,0.009491,12,0,3.233088,6.048487,2.765432,7.213965,0.257098
670,20.72631,1,12.549874,20.279475,0.1272,0.008436,0.107079,0.010296,12,0,3.17415,6.104051,2.846386,7.39893,0.260477
671,7.911084,0,0,7.50865,0.098981,0.006962,0.081756,0.00936,12,0,3.17415,6.104051,2.846386,7.226837,0.272201
672,20.617734,1,12.661668,20.19782,0.094002,0.005892,0.079127,0.008286,12,0,3.201051,6.180059,2.854747,7.209398,0.25978
673,8.276824,0,0,7.862018,0.107148,0.009448,0.085374,0.01051,12,0,3.201051,6.180059,2.854747,7.588639,0.263044
674,21.893977,1,13.448939,21.448419,0.112861,0.01052,0.088849,0.011338,12,0,3.530932,6.630206,2.848659,7.660342,0.262739
675,8.791524,0,0,8.344868,0.111522,0.009953,0.087627,0.011598,12,0,3.530932,6.630206,2.848659,8.07008,0.262617
676,21.078873,1,12.7436,20.641625,0.110781,0.009782,0.087442,0.011554,12,0,3.155027,6.365224,2.799341,7.558419,0.261165
677,8.223808,0,0,7.765803,0.111487,0.010217,0.086746,0.011899,12,0,3.155027,6.365224,2.799341,7.496875,0.257636
678,20.761848,1,12.453378,20.340469,0.097383,0.006528,0.081211,0.00864,12,0,3.103211,6.096755,2.824163,7.557453,0.261301
679,8.23986,0,0,7.824833,0.107265,0.009567,0.08507,0.010998,12,0,3.103211,6.096755,2.824163,7.556826,0.257746
680,21.603051,1,12.828322,21.107683,0.113483,0.010168,0.088904,0.012134,12,0,3.244283,6.106146,3.048776,7.943496,0.262796
681,8.277897,0,0,7.807129,0.108468,0.009521,0.085777,0.011332,12,0,3.244283,6.106146,3.048776,7.536624,0.260048
682,20.99522,1,12.794883,20.563779,0.105147,0.00854,0.084659,0.010398,12,0,3.319478,6.038707,2.974208,7.440153,0.259022
683,8.318986,0,0,7.876387,0.117631,0.010343,0.093466,0.01123,12,0,3.319478,6.038707,2.974208,7.608475,0.256222
684,20.764748,1,12.406103,20.339752,0.098058,0.006398,0.081854,0.008696,12,0,3.120071,6.052248,2.808441,7.601087,0.264322
685,8.261577,0,0,7.846239,0.109355,0.009771,0.086785,0.010853,12,0,3.120071,6.052248,2.808441,7.576844,0.259161
686,21.757417,1,12.803741,21.289414,0.112089,0.010282,0.087674,0.011501,12,0,3.175072,6.353535,2.846822,8.01586,0.381105
687,8.021511,0,0,7.602892,0.107999,0.009515,0.085835,0.010822,12,0,3.175072,6.353535,2.846822,7.335194,0.257647
688,20.730857,1,12.590093,20.305074,0.103906,0.008695,0.0835,0.01038,12,0,3.14445,6.056531,2.96162,7.384501,0.26181
689,8.113194,0,0,7.678149,0.109915,0.009518,0.086863,0.011513,12,0,3.14445,6.056531,2.96162,7.406953,0.260197
690,20.799203,1,12.352279,20.354219,0.098715,0.006786,0.08172,0.008869,12,0,3.123075,6.040356,2.757316,7.64976,0.282984
691,9.056455,0,0,8.568566,0.112307,0.010075,0.088117,0.011367,12,0,3.123075,6.040356,2.757316,8.296592,0.259084
692,20.856566,1,12.53418,20.409136,0.124457,0.01162,0.097139,0.012472,12,0,3.131423,5.993075,2.984951,7.538604,0.265446
693,8.148923,0,0,7.721126,0.115556,0.009951,0.09175,0.011934,12,0,3.131423,5.993075,2.984951,7.450189,0.260087
694,21.434029,1,12.812847,20.977091,0.105565,0.008436,0.085177,0.010453,12,0,3.251255,6.062599,3.07,7.829151,0.263001
695,8.242696,0,0,7.810561,0.107561,0.009572,0.085999,0.010309,12,0,3.251255,6.062599,3.07,7.536765,0.263777
696,21.464701,1,13.253723,21.033818,0.09955,0.007115,0.082384,0.009054,12,0,3.40402,6.400973,3.017612,7.370738,0.333798
697,8.893589,0,0,8.412908,0.116847,0.01122,0.090684,0.011753,12,0,3.40402,6.400973,3.017612,8.139707,0.259449
698,21.888588,1,12.846371,21.411869,0.113338,0.010699,0.088491,0.011469,12,0,3.529734,6.061376,2.791162,8.229871,0.26216
699,8.65798,0,0,8.218166,0.11283,0.010251,0.088154,0.011775,12,0,3.529734,6.061376,2.791162,7.945593,0.259936
700,21.776843,1,13.121665,21.344567,0.106464,0.008662,0.085353,0.01078,12,0,3.267628,6.544874,2.834281,7.857529,0.29208
701,7.985041,0,0,7.573312,0.108004,0.00906,0.087368,0.010132,12,0,3.267628,6.544874,2.834281,7.304777,0.258552
702,21.482477,1,13.040184,21.028796,0.105058,0.008708,0.084235,0.010362,12,0,3.432194,6.388088,2.791711,7.650471,0.264452
703,8.684234,0,0,8.246071,0.112981,0.010136,0.088679,0.011806,12,0,3.432194,6.388088,2.791711,7.971567,0.262762
704,21.92382,1,12.798108,21.467204,0.118411,0.010806,0.092847,0.012036,12,0,3.186763,6.216301,2.961755,8.326459,0.2664
705,8.301929,0,0,7.825692,0.117192,0.01152,0.090963,0.012086,12,0,3.186763,6.216301,2.961755,7.514517,0.297864
706,24.495895,1,13.174202,23.98485,0.174694,0.022041,0.137561,0.012385,12,0,3.185599,6.554874,2.941967,10.462446,0.266511
707,8.938793,0,0,8.451906,0.115086,0.010949,0.088984,0.012267,12,0,3.185599,6.554874,2.941967,8.176365,0.261823
708,23.473037,1,14.322197,23.009554,0.115696,0.010874,0.089917,0.012051,12,0,3.525117,7.476062,2.874593,8.296698,0.309163
709,8.834358,0,0,8.325595,0.121524,0.011627,0.094203,0.013038,12,0,3.525117,7.476062,2.874593,8.003661,0.307149
710,23.272397,1,13.282024,22.783202,0.123895,0.011055,0.088986,0.011868,12,0,3.248495,6.405791,3.037975,8.972941,0.416797
711,9.251017,0,0,8.643253,0.114346,0.011004,0.088587,0.01214,12,0,3.248495,6.405791,3.037975,8.339897,0.29017
712,22.919491,1,14.490686,22.477527,0.098754,0.006502,0.082174,0.009106,12,0,3.774478,7.193401,3.021281,7.608531,0.268316
713,8.279692,0,0,7.829006,0.112385,0.010544,0.087821,0.01145,12,0,3.774478,7.193401,3.021281,7.545412,0.272162
714,22.282769,1,12.76119,21.621586,0.111848,0.010357,0.087661,0.011281,12,0,3.300262,6.275397,2.715916,8.433312,0.350331
715,8.720722,0,0,8.22737,0.111737,0.009844,0.087375,0.012058,12,0,3.300262,6.275397,2.715916,7.951443,0.263731
716,21.333468,1,12.675364,20.875312,0.134803,0.008856,0.113168,0.010821,12,0,3.435209,6.021897,2.789812,7.860609,0.269162
717,8.480038,0,0,8.050013,0.113736,0.010706,0.088613,0.012314,12,0,3.435209,6.021897,2.789812,7.774109,0.265197
718,20.908575,1,12.703899,20.483106,0.100865,0.007397,0.082734,0.00954,12,0,3.217997,6.224968,2.831499,7.444043,0.266039
719,8.09115,0,0,7.668173,0.108566,0.009295,0.086338,0.011293,12,0,3.217997,6.224968,2.831499,7.393797,0.263878
720,21.355754,1,12.679707,20.893852,0.139081,0.009438,0.105684,0.021841,12,0,3.309394,6.222815,2.720414,7.87124,0.270067
721,8.182186,0,0,7.760972,0.109837,0.010013,0.086757,0.011103,12,0,3.309394,6.222815,2.720414,7.487348,0.262818
722,20.960459,1,12.383057,20.513838,0.098651,0.007063,0.081449,0.009003,12,0,3.170836,6.072511,2.709027,7.776747,0.285821
723,8.712765,0,0,8.279585,0.110693,0.009873,0.087134,0.011256,12,0,3.170836,6.072511,2.709027,7.997355,0.270858
724,21.004712,1,12.426856,20.557649,0.117474,0.010865,0.092494,0.011886,12,0,3.201143,6.043813,2.754149,7.774516,0.285639
725,8.699394,0,0,8.239637,0.112671,0.010627,0.088097,0.011698,12,0,3.201143,6.043813,2.754149,7.944842,0.282771
726,21.318209,1,12.67191,20.822758,0.164374,0.01991,0.130957,0.011383,12,0,3.19181,6.097128,2.934571,7.810807,0.265738
727,8.153696,0,0,7.73171,0.109886,0.009813,0.0871,0.010849,12,0,3.19181,6.097128,2.934571,7.454984,0.265502
728,20.728383,1,12.210239,20.29612,0.098891,0.006709,0.081609,0.009139,12,0,3.197383,5.907356,2.679264,7.757648,0.263755
729,8.118359,0,0,7.703924,0.102557,0.008197,0.083473,0.009501,12,0,3.197383,5.907356,2.679264,7.432629,0.26075
730,20.770932,1,12.276448,20.358971,0.098313,0.006702,0.081252,0.00934,12,0,3.124278,6.036647,2.690243,7.753814,0.264702
731,8.345575,0,0,7.908109,0.113315,0.010598,0.088521,0.012172,12,0,3.124278,6.036647,2.690243,7.571937,0.323796
732,21.347019,1,12.356926,20.905878,0.117409,0.008905,0.095239,0.011092,12,0,3.213169,6.005919,2.709211,8.192635,0.286988
733,8.122417,0,0,7.698129,0.115861,0.008541,0.094993,0.010891,12,0,3.213169,6.005919,2.709211,7.403394,0.284515
734,21.879812,1,13.203737,21.410951,0.140625,0.011551,0.114425,0.012493,12,0,3.767745,6.269759,2.734057,7.861127,0.267305
735,8.122389,0,0,7.695233,0.113759,0.010297,0.089622,0.011509,12,0,3.767745,6.269759,2.734057,7.424206,0.259973
736,20.728968,1,12.195555,20.312765,0.103517,0.006785,0.08616,0.009273,12,0,3.126722,5.964195,2.679152,7.785982,0.266869
737,7.957461,0,0,7.561221,0.094862,0.005974,0.079833,0.008334,12,0,3.126722,5.964195,2.679152,7.287275,0.26438
738,20.830285,1,12.196104,20.296123,0.220158,0.010905,0.194714,0.012334,12,0,3.128726,5.954758,2.687071,7.771421,0.263347
739,8.087042,0,0,7.666012,0.103211,0.008462,0.083426,0.010191,12,0,3.128726,5.954758,2.687071,7.320374,0.335477
740,20.627497,1,12.331273,20.216222,0.101092,0.006709,0.083711,0.009309,12,0,3.350494,5.882594,2.671016,7.557097,0.264083
741,7.919631,0,0,7.498298,0.095903,0.006155,0.08044,0.008541,12,0,3.350494,5.882594,2.671016,7.227103,0.261689
742,20.873863,1,12.371411,20.426541,0.126389,0.009064,0.104365,0.01092,12,0,3.223281,5.934701,2.715387,7.723384,0.26381
743,7.995961,0,0,7.597038,0.097267,0.006836,0.081015,0.008695,12,0,3.223281,5.934701,2.715387,7.326737,0.26075
744,20.823419,1,12.700571,20.34479,0.093799,0.005672,0.079131,0.008436,12,0,3.38892,6.023294,2.86393,7.308515,0.264732
745,8.315786,0,0,7.894086,0.111955,0.010365,0.087691,0.011901,12,0,3.38892,6.023294,2.86393,7.620535,0.262917
746,21.122207,1,12.369835,20.663058,0.134551,0.009824,0.11098,0.011478,12,0,3.191428,6.025334,2.686272,7.894565,0.326938
747,8.004678,0,0,7.600196,0.101328,0.007752,0.082981,0.009684,12,0,3.191428,6.025334,2.686272,7.327885,0.262535
748,21.149857,1,12.681329,20.716897,0.108977,0.009929,0.086098,0.010874,12,0,3.161875,6.25094,2.839326,7.697823,0.266551
749,8.05964,0,0,7.652181,0.104678,0.008078,0.085883,0.009515,12,0,3.161875,6.25094,2.839326,7.382271,0.260184
750,20.501875,1,12.446183,20.083256,0.095383,0.005696,0.080671,0.008382,12,0,3.233281,5.950152,2.832128,7.28348,0.286529
751,8.563241,0,0,8.132523,0.11086,0.010187,0.087356,0.011181,12,0,3.233281,5.950152,2.832128,7.858802,0.261884
752,20.81789,1,12.429973,20.384381,0.112336,0.010569,0.088055,0.011466,12,0,3.252183,6.100562,2.649916,7.618631,0.267042
753,8.011424,0,0,7.610899,0.098886,0.006831,0.081833,0.009429,12,0,3.252183,6.100562,2.649916,7.337635,0.260536
754,20.822594,1,12.580434,20.393255,0.111009,0.008756,0.090504,0.010149,12,0,3.197587,6.301547,2.656815,7.478943,0.26723
755,8.241049,0,0,7.832795,0.105794,0.008471,0.086482,0.009719,12,0,3.197587,6.301547,2.656815,7.541214,0.271493
756,20.684507,1,12.411159,20.209535,0.094253,0.005803,0.079502,0.008257,12,0,3.194712,5.941667,2.80289,7.341116,0.375592
757,8.223674,0,0,7.811382,0.109182,0.008937,0.08822,0.010475,12,0,3.194712,5.941667,2.80289,7.540606,0.260877
758,21.123375,1,12.779426,20.684912,0.116182,0.010816,0.09074,0.012041,12,0,3.491074,6.089495,2.768605,7.569633,0.263788
759,8.076842,0,0,7.667049,0.10325,0.008081,0.084094,0.009691,12,0,3.491074,6.089495,2.768605,7.397939,0.259279
760,20.771903,1,12.545429,20.352977,0.099339,0.00726,0.082157,0.00914,12,0,3.205465,5.971088,2.93962,7.475418,0.265242
761,7.998152,0,0,7.593201,0.102373,0.007607,0.083861,0.009921,12,0,3.205465,5.971088,2.93962,7.321128,0.262334
762,20.282823,1,12.214909,19.837206,0.093764,0.005675,0.079481,0.008037,12,0,3.188634,5.933203,2.65032,7.284348,0.273398
763,9.275241,0,0,8.816596,0.116179,0.010687,0.090369,0.012509,12,0,3.188634,5.933203,2.65032,8.50936,0.293661
764,22.3429,1,13.771357,21.854812,0.12566,0.010777,0.10033,0.012035,12,0,3.401139,6.334415,3.577338,7.734912,0.266711
765,8.370336,0,0,7.904667,0.137272,0.010973,0.112429,0.01149,12,0,3.401139,6.334415,3.577338,7.631712,0.26152
766,22.99839,1,13.797393,22.549571,0.115206,0.010352,0.089937,0.012513,12,0,4.157905,6.348372,2.845515,8.392913,0.265305
767,8.200652,0,0,7.78856,0.108927,0.009972,0.086726,0.010483,12,0,4.157905,6.348372,2.845515,7.518398,0.260182
768,21.411042,1,12.932594,20.893499,0.141061,0.006224,0.115503,0.018644,12,0,3.230993,6.121535,3.117159,7.582616,0.305669
769,8.54861,0,0,8.08351,0.122149,0.011123,0.096101,0.012324,12,0,3.230993,6.121535,3.117159,7.807642,0.262029
770,21.807645,1,12.849282,21.337708,0.113429,0.010592,0.088817,0.011451,12,0,3.497743,6.036796,2.837507,8.157042,0.262888
771,8.130816,0,0,7.710367,0.097419,0.006698,0.081,0.009011,12,0,3.497743,6.036796,2.837507,7.410932,0.289841
772,21.124241,1,12.370859,20.698195,0.105322,0.008715,0.084495,0.010292,12,0,3.124533,6.009756,2.80952,7.923019,0.337452
773,8.102702,0,0,7.70084,0.098931,0.006419,0.083074,0.00874,12,0,3.124533,6.009756,2.80952,7.431374,0.259896
774,20.6577,1,12.612864,20.234926,0.098999,0.005774,0.084544,0.008041,12,0,3.420325,6.069315,2.698822,7.290485,0.264055
775,8.135812,0,0,7.722837,0.10773,0.009476,0.086374,0.010495,12,0,3.420325,6.069315,2.698822,7.447139,0.265655
776,25.302722,1,13.506492,24.610706,0.33923,0.183443,0.135088,0.017391,12,0,3.39947,6.962475,2.709989,10.742152,0.266016
777,10.405498,0,0,9.871982,0.173164,0.01934,0.136739,0.013162,12,0,3.39947,6.962475,2.709989,9.579308,0.278228
778,27.206472,1,15.562236,26.669924,0.170993,0.015553,0.134931,0.017399,12,0,3.713453,8.225803,3.121364,10.758521,0.264172
779,9.891515,0,0,9.218585,0.214917,0.027186,0.162551,0.019774,12,0,3.713453,8.225803,3.121364,8.771446,0.426294
780,25.676676,1,13.319674,24.939352,0.182631,0.014225,0.147839,0.017854,12,0,3.475842,6.480536,2.763349,11.051023,0.46184
781,8.932287,0,0,8.376474,0.113713,0.010384,0.088706,0.011969,12,0,3.475842,6.480536,2.763349,8.055461,0.307997
782,24.154821,1,14.324493,23.69029,0.118095,0.011245,0.092161,0.012056,12,0,3.702255,7.150367,2.988225,9.023357,0.267368
783,8.398747,0,0,7.933082,0.112373,0.010994,0.087985,0.011408,12,0,3.702255,7.150367,2.988225,7.661995,0.260406
784,22.666844,1,14.249286,22.109608,0.097336,0.00665,0.081144,0.008762,12,0,3.77816,7.027471,2.939556,7.509353,0.276694
785,9.635292,0,0,9.02149,0.112581,0.010311,0.088514,0.011465,12,0,3.77816,7.027471,2.939556,8.670023,0.339212
786,20.914716,1,12.43174,20.446001,0.097063,0.006572,0.080698,0.008962,12,0,3.101985,6.094828,2.805292,7.678157,0.262674
787,8.450682,0,0,7.984196,0.105049,0.008877,0.085013,0.009921,12,0,3.101985,6.094828,2.805292,7.714147,0.25991
788,20.28124,1,12.214908,19.870894,0.094989,0.00603,0.079916,0.008435,12,0,3.181524,5.929458,2.658464,7.298997,0.274428
789,8.038111,0,0,7.62127,0.112217,0.010712,0.087984,0.011591,12,0,3.181524,5.929458,2.658464,7.349145,0.261605
790,20.26126,1,12.227769,19.845922,0.094811,0.005938,0.079818,0.008406,12,0,3.174039,5.969806,2.654248,7.270594,0.282737
791,8.457147,0,0,8.022942,0.108843,0.009997,0.086326,0.010629,12,0,3.174039,5.969806,2.654248,7.749966,0.262668
792,20.308411,1,12.267445,19.853938,0.093425,0.005729,0.0789,0.008222,12,0,3.189618,5.885439,2.698829,7.256308,0.262421
793,8.7736,0,0,8.330532,0.112257,0.010057,0.088061,0.011849,12,0,3.189618,5.885439,2.698829,8.018112,0.299684
794,20.780507,1,12.384347,20.369181,0.095237,0.006086,0.080104,0.008375,12,0,3.165698,6.051606,2.737814,7.653152,0.265967
795,8.409979,0,0,7.994607,0.106776,0.009319,0.084652,0.011319,12,0,3.165698,6.051606,2.737814,7.723026,0.260853
796,20.424394,1,12.301284,20.021926,0.094208,0.005694,0.079951,0.008,12,0,3.15948,6.014371,2.700592,7.396375,0.261085
797,8.48764,0,0,8.065552,0.114217,0.010615,0.088641,0.012523,12,0,3.15948,6.014371,2.700592,7.794405,0.260048
798,20.204373,1,12.226374,19.780325,0.092848,0.005635,0.078721,0.007942,12,0,3.153594,5.892908,2.711262,7.226699,0.262821
799,8.409434,0,0,7.995732,0.107452,0.008805,0.085615,0.011469,12,0,3.153594,5.892908,2.711262,7.71812,0.26731
800,20.23295,1,12.171753,19.832951,0.095001,0.005982,0.080099,0.008255,12,0,3.130119,5.80841,2.803269,7.313122,0.283096
801,8.414268,0,0,7.981107,0.109581,0.008948,0.086396,0.012416,12,0,3.130119,5.80841,2.803269,7.708333,0.261217
802,20.527201,1,12.383293,20.120766,0.096673,0.006303,0.081179,0.008317,12,0,3.13157,5.993932,2.826509,7.409705,0.262829
803,7.929171,0,0,7.526663,0.101307,0.007154,0.082605,0.010671,12,0,3.13157,5.993932,2.826509,7.255657,0.261359
804,20.575335,1,12.339371,20.147937,0.113211,0.010279,0.089143,0.011956,12,0,3.274183,5.97288,2.663226,7.481466,0.262167
805,8.379738,0,0,7.950197,0.112819,0.00985,0.087931,0.012539,12,0,3.274183,5.97288,2.663226,7.678042,0.260341
806,20.202983,1,12.041529,19.797672,0.095924,0.006041,0.080187,0.008957,12,0,3.124445,5.840814,2.647439,7.430913,0.262603
807,8.215647,0,0,7.773494,0.103974,0.007711,0.084191,0.010751,12,0,3.124445,5.840814,2.647439,7.498623,0.264438
808,20.476696,1,12.077714,20.046996,0.097129,0.006676,0.080932,0.008688,12,0,3.141747,5.807622,2.697839,7.642041,0.26425
809,7.948662,0,0,7.553751,0.096853,0.00611,0.08065,0.009422,12,0,3.141747,5.807622,2.697839,7.282634,0.261482
810,20.885324,1,12.091998,20.450821,0.113721,0.010682,0.088964,0.011967,12,0,3.133297,5.874008,2.653837,8.027966,0.263247
811,8.124997,0,0,7.679631,0.10317,0.008089,0.083673,0.010175,12,0,3.133297,5.874008,2.653837,7.385893,0.28335
812,21.249679,1,12.3201,20.834935,0.101964,0.007189,0.083309,0.009956,12,0,3.221445,5.900968,2.77052,8.183596,0.267242
813,8.079356,0,0,7.657945,0.103708,0.007614,0.083911,0.01076,12,0,3.221445,5.900968,2.77052,7.363451,0.283869
814,21.041287,1,12.511223,20.59524,0.098489,0.006992,0.081256,0.009102,12,0,3.236174,6.052753,2.758461,7.717792,0.291547
815,8.181485,0,0,7.723302,0.123312,0.010859,0.088673,0.01273,12,0,3.236174,6.052753,2.758461,7.446694,0.263222
816,21.120282,1,12.592934,20.680517,0.11483,0.009973,0.091047,0.0117,12,0,3.3295,6.102374,2.731581,7.750278,0.266842
817,8.129759,0,0,7.665822,0.108758,0.009239,0.086626,0.011392,12,0,3.3295,6.102374,2.731581,7.388997,0.265812
818,20.617657,1,12.098578,20.200308,0.101539,0.007324,0.08325,0.009681,12,0,3.195244,5.825074,2.649056,7.773044,0.264774
819,8.03492,0,0,7.580369,0.110488,0.007539,0.09203,0.009982,12,0,3.195244,5.825074,2.649056,7.308516,0.261793
820,20.720934,1,12.265858,20.308435,0.10468,0.007136,0.08728,0.00902,12,0,3.250468,5.935447,2.648482,7.714634,0.263331
821,7.91904,0,0,7.521514,0.095998,0.006178,0.079984,0.00903,12,0,3.250468,5.935447,2.648482,7.252201,0.259664
822,20.793146,1,12.209453,20.343577,0.139684,0.009977,0.115053,0.012357,12,0,3.225745,5.897529,2.655529,7.785825,0.281633
823,7.9465,0,0,7.495344,0.131931,0.006213,0.115517,0.009517,12,0,3.225745,5.897529,2.655529,7.216123,0.260394
824,20.889831,1,12.29192,20.332081,0.224387,0.009372,0.202608,0.010922,12,0,3.181803,5.963169,2.718812,7.706714,0.262935
825,7.900583,0,0,7.506704,0.096081,0.006022,0.08023,0.009199,12,0,3.181803,5.963169,2.718812,7.233913,0.26324
826,20.840078,1,12.298392,20.399587,0.104801,0.008792,0.083856,0.010603,12,0,3.305407,5.846962,2.718891,7.715254,0.31918
827,7.936869,0,0,7.542,0.09572,0.006245,0.079966,0.008851,12,0,3.305407,5.846962,2.718891,7.26794,0.264461
828,21.427697,1,12.750829,20.991888,0.112475,0.010754,0.088275,0.011325,12,0,3.14203,6.055505,2.946562,7.861838,0.282597
829,7.982531,0,0,7.575913,0.105186,0.007699,0.086118,0.010511,12,0,3.14203,6.055505,2.946562,7.305295,0.260739
830,20.735409,1,12.198416,20.305248,0.108402,0.008965,0.086382,0.01113,12,0,3.243751,5.793877,2.730494,7.769067,0.268742
831,7.981736,0,0,7.582148,0.097651,0.006379,0.081049,0.009512,12,0,3.243751,5.793877,2.730494,7.307241,0.26533
832,20.708047,1,12.459296,20.276407,0.108901,0.008178,0.083895,0.015521,12,0,3.277131,5.953151,2.799999,7.486698,0.26322
833,7.988679,0,0,7.583976,0.100172,0.006833,0.08274,0.009769,12,0,3.277131,5.953151,2.799999,7.314575,0.259742
834,20.770099,1,12.505397,20.33934,0.112677,0.01006,0.088366,0.012174,12,0,3.223726,6.087823,2.762226,7.50369,0.262486
835,8.286147,0,0,7.8705,0.105538,0.008407,0.084434,0.011392,12,0,3.223726,6.087823,2.762226,7.599329,0.260984
836,20.717302,1,12.54943,20.294158,0.104063,0.008467,0.083831,0.010654,12,0,3.243374,6.216889,2.652059,7.407795,0.264733
837,7.926417,0,0,7.526633,0.100446,0.007122,0.08263,0.009742,12,0,3.243374,6.216889,2.652059,7.25774,0.259302
838,20.740755,1,12.635107,20.322746,0.099791,0.007642,0.081894,0.00912,12,0,3.319048,5.965727,2.921434,7.353291,0.266663
839,7.923579,0,0,7.522892,0.101637,0.007075,0.083263,0.010279,12,0,3.319048,5.965727,2.921434,7.250798,0.262397
840,21.521625,1,13.153156,21.073654,0.115885,0.011173,0.089614,0.0126,12,0,3.4377,6.468093,2.791998,7.580317,0.263518
841,8.881689,0,0,8.428789,0.115651,0.010731,0.089398,0.012732,12,0,3.4377,6.468093,2.791998,8.121845,0.278672
842,22.438826,1,12.972894,21.973135,0.112199,0.010249,0.087793,0.011738,12,0,3.387005,6.293496,2.853897,8.66685,0.261609
843,8.240261,0,0,7.826721,0.100493,0.007025,0.082228,0.010352,12,0,3.387005,6.293496,2.853897,7.523625,0.293367
844,21.129535,1,12.809383,20.706765,0.102801,0.007518,0.085059,0.009373,12,0,3.445162,6.190388,2.74508,7.565326,0.264314
845,8.253753,0,0,7.849451,0.101881,0.007468,0.083155,0.010284,12,0,3.445162,6.190388,2.74508,7.583333,0.256451
846,20.883166,1,12.66834,20.45042,0.111821,0.010579,0.087977,0.011372,12,0,3.255672,6.200664,2.782105,7.445142,0.267498
847,7.953045,0,0,7.548076,0.102215,0.007543,0.083446,0.010124,12,0,3.255672,6.200664,2.782105,7.276014,0.262281
848,22.158285,1,13.099714,21.718089,0.113283,0.010231,0.088553,0.011908,12,0,3.260845,6.529543,2.854137,8.279488,0.262222
849,10.311497,0,0,9.575724,0.225892,0.017716,0.181172,0.022763,12,0,3.260845,6.529543,2.854137,9.139832,0.415577
850,24.238033,1,13.225013,23.639193,0.197295,0.012191,0.159367,0.021696,12,0,3.310559,6.537054,2.896187,10.073283,0.261703
851,8.258494,0,0,7.763469,0.145598,0.012537,0.109684,0.020151,12,0,3.310559,6.537054,2.896187,7.479226,0.263876
852,22.002908,1,13.149085,21.514299,0.126005,0.011571,0.099458,0.012549,12,0,3.312562,6.308158,3.011198,7.993116,0.284165
853,8.526529,0,0,8.004412,0.117394,0.010537,0.092045,0.012242,12,0,3.312562,6.308158,3.011198,7.660392,0.313894
854,22.621126,1,13.339388,22.085654,0.144571,0.010878,0.11905,0.011886,12,0,3.382717,6.544413,2.970165,8.408693,0.26106
855,9.171665,0,0,8.659573,0.128199,0.011205,0.100837,0.013714,12,0,3.382717,6.544413,2.970165,8.33595,0.299395
856,22.970436,1,13.738346,22.373993,0.105921,0.008442,0.085396,0.0107,12,0,3.411509,6.90171,2.815172,8.170167,0.332832
857,9.162926,0,0,8.5932,0.181793,0.0158,0.138681,0.023631,12,0,3.411509,6.90171,2.815172,8.164491,0.4113
858,24.931519,1,14.821626,24.341704,0.1166,0.010882,0.089998,0.013151,12,0,3.473264,7.526335,3.200065,8.957217,0.442944
859,14.292172,0,0,13.586849,0.209237,0.016586,0.165606,0.022894,12,0,3.473264,7.526335,3.200065,12.918403,0.648132
860,34.887269,1,20.439083,34.189893,0.208889,0.016641,0.165645,0.022386,12,0,4.686154,11.057371,4.050322,13.160836,0.445008
861,14.467424,0,0,13.742889,0.212273,0.017117,0.167964,0.023162,12,0,4.686154,11.057371,4.050322,13.288573,0.43406
862,34.879047,1,20.183021,34.160714,0.215116,0.016015,0.173911,0.020973,12,0,4.673805,10.895597,3.976258,13.406432,0.436608
863,14.191963,0,0,13.495461,0.204282,0.01684,0.161976,0.021116,12,0,4.673805,10.895597,3.976258,13.037243,0.437579
864,34.879939,1,20.227052,34.186173,0.205057,0.017032,0.16193,0.022089,12,0,4.562857,11.061947,3.953352,13.372357,0.454615
865,14.605838,0,0,13.902899,0.213224,0.016979,0.169913,0.022036,12,0,4.562857,11.061947,3.953352,13.448088,0.434968
866,34.217776,1,20.14521,33.525802,0.205321,0.016341,0.165222,0.02024,12,0,4.542725,10.998533,3.955859,12.802984,0.441878
867,12.919292,0,0,12.406744,0.1223,0.011059,0.095055,0.013245,12,0,4.542725,10.998533,3.955859,12.120267,0.272262
868,30.8129,1,18.008711,30.195093,0.130899,0.010202,0.09954,0.011769,12,0,4.41449,9.284708,3.684519,11.634176,0.428734
869,11.967321,0,0,11.246955,0.210608,0.018066,0.164378,0.022596,12,0,4.41449,9.284708,3.684519,10.788843,0.437026
870,24.694109,1,13.688492,24.200673,0.118457,0.010748,0.09222,0.012307,12,0,3.475508,6.677989,2.989873,10.127841,0.27104
871,10.565691,0,0,9.845855,0.215461,0.018172,0.168193,0.023625,12,0,3.475508,6.677989,2.989873,9.409612,0.414775
872,35.832586,1,20.949622,35.054888,0.216307,0.021132,0.163137,0.025469,12,0,4.690507,11.397398,4.184374,13.505165,0.445417
873,9.38939,0,0,8.847019,0.125051,0.010783,0.099019,0.012672,12,0,4.690507,11.397398,4.184374,8.525905,0.306977
874,21.764157,1,12.792677,21.288018,0.118693,0.011122,0.09248,0.012336,12,0,3.384981,6.219319,2.758307,8.159741,0.260492
875,8.11339,0,0,7.70573,0.107952,0.008745,0.086457,0.011135,12,0,3.384981,6.219319,2.758307,7.40656,0.288843
876,33.86032,1,21.022172,33.244671,0.191284,0.018252,0.149127,0.019578,12,0,4.643417,11.8199,3.920227,11.650114,0.423528
877,9.334854,0,0,8.839116,0.137085,0.010949,0.099799,0.023197,12,0,4.643417,11.8199,3.920227,8.518928,0.304795
878,21.186073,1,12.522143,20.700304,0.124459,0.010271,0.099635,0.01201,12,0,3.252994,6.07054,2.763501,7.837721,0.262688
879,8.318135,0,0,7.898306,0.110545,0.009754,0.087721,0.011063,12,0,3.252994,6.07054,2.763501,7.630065,0.257425
880,21.220559,1,12.970807,20.801837,0.102181,0.007451,0.083119,0.010149,12,0,3.314467,6.287691,2.938504,7.498316,0.264539
881,8.371026,0,0,7.952255,0.113658,0.010371,0.08904,0.012029,12,0,3.314467,6.287691,2.938504,7.682952,0.258412
882,20.744215,1,12.691915,20.303081,0.094933,0.006065,0.079646,0.008466,12,0,3.267498,6.283421,2.711526,7.279261,0.261666
883,8.378539,0,0,7.95879,0.111132,0.009849,0.087308,0.011871,12,0,3.267498,6.283421,2.711526,7.690214,0.257895
884,20.275135,1,12.221476,19.826428,0.095882,0.005996,0.080113,0.008871,12,0,3.174946,5.864738,2.745055,7.254071,0.284511
885,8.242131,0,0,7.779702,0.109148,0.009017,0.085361,0.013025,12,0,3.174946,5.864738,2.745055,7.500096,0.269213
886,20.233738,1,12.280272,19.837504,0.095142,0.006107,0.07969,0.00835,12,0,3.182147,5.944433,2.667584,7.231447,0.2589
887,8.111982,0,0,7.713152,0.099502,0.006477,0.082025,0.010144,12,0,3.182147,5.944433,2.667584,7.447254,0.255831
888,20.902254,1,12.446512,20.459115,0.115914,0.009171,0.084161,0.020755,12,0,3.304537,5.971553,2.740692,7.680521,0.260485
889,8.451497,0,0,8.01802,0.113242,0.011177,0.087557,0.012223,12,0,3.304537,5.971553,2.740692,7.743972,0.262124
890,20.223248,1,12.292456,19.826905,0.093721,0.005647,0.078678,0.008758,12,0,3.136802,6.014389,2.713574,7.210619,0.259592
891,8.385778,0,0,7.952513,0.109731,0.009617,0.086575,0.011719,12,0,3.136802,6.014389,2.713574,7.681512,0.259215
892,20.225786,1,12.26422,19.824128,0.094544,0.00582,0.079859,0.008244,12,0,3.165834,6.036101,2.63862,7.235273,0.261397
893,7.857838,0,0,7.460941,0.09624,0.006182,0.080533,0.008835,12,0,3.165834,6.036101,2.63862,7.194569,0.256619
894,20.615907,1,12.519814,20.197058,0.102732,0.007839,0.083247,0.010354,12,0,3.343465,6.049514,2.700375,7.351472,0.258103
895,7.902332,0,0,7.501441,0.0991,0.007089,0.081608,0.009426,12,0,3.343465,6.049514,2.700375,7.235911,0.255662
896,20.625258,1,12.349401,20.163641,0.112425,0.010309,0.088379,0.01176,12,0,3.150564,5.944856,2.825564,7.48948,0.258679
897,8.112029,0,0,7.692763,0.106547,0.008579,0.085471,0.011045,12,0,3.150564,5.944856,2.825564,7.424006,0.256751
898,20.744481,1,12.415013,20.292108,0.096962,0.006479,0.08064,0.008957,12,0,3.171744,6.145077,2.672205,7.549748,0.261258
899,7.866794,0,0,7.463565,0.10343,0.008141,0.084214,0.009827,12,0,3.171744,6.145077,2.672205,7.193348,0.260515
900,20.680994,1,12.800655,20.263103,0.094048,0.005796,0.079839,0.007815,12,0,3.388478,6.283678,2.703657,7.13503,0.260047
901,8.753216,0,0,8.292119,0.117327,0.011103,0.091128,0.012294,12,0,3.388478,6.283678,2.703657,8.015436,0.263596
902,22.759717,1,14.207009,22.304244,0.12577,0.011662,0.099239,0.012161,12,0,3.758732,6.8938,3.083132,7.757253,0.262284
903,8.433914,0,0,7.983924,0.115841,0.01028,0.091915,0.011427,12,0,3.758732,6.8938,3.083132,7.67881,0.293274
904,21.131247,1,12.580615,20.708162,0.097605,0.006396,0.081252,0.009002,12,0,3.1398,6.179568,2.834584,7.764678,0.298146
905,7.901935,0,0,7.50224,0.101076,0.007039,0.081669,0.011393,12,0,3.1398,6.179568,2.834584,7.235721,0.256754
906,21.123216,1,13.17761,20.702404,0.093752,0.005699,0.079194,0.0083,12,0,3.532108,6.362541,2.833591,7.192956,0.260007
907,8.783243,0,0,8.294456,0.115967,0.010399,0.089735,0.012702,12,0,3.532108,6.362541,2.833591,7.987167,0.293766
908,22.070124,1,13.12176,21.625663,0.113885,0.010798,0.088565,0.012125,12,0,3.340307,6.379608,2.972643,8.087841,0.341232
909,9.158245,0,0,8.561096,0.134098,0.01486,0.101035,0.015102,12,0,3.340307,6.379608,2.972643,8.155679,0.387851
910,24.718237,1,16.319148,24.189145,0.103187,0.00768,0.08404,0.01015,12,0,3.811029,8.760516,3.311195,7.493716,0.300867
911,8.949738,0,0,8.382277,0.142118,0.021669,0.104164,0.01355,12,0,3.811029,8.760516,3.311195,8.065173,0.30292
912,22.702021,1,13.478546,22.219533,0.116923,0.01134,0.090461,0.012598,12,0,3.41593,6.615242,2.874232,8.25329,0.374372
913,8.694131,0,0,8.161014,0.120723,0.012286,0.092769,0.012327,12,0,3.41593,6.615242,2.874232,7.858823,0.286989
914,23.938626,1,14.102592,23.461824,0.118568,0.010353,0.09344,0.01193,12,0,3.424621,6.709358,3.411448,9.014167,0.264836
915,8.555127,0,0,8.070439,0.122293,0.011184,0.096019,0.01192,12,0,3.424621,6.709358,3.411448,7.768723,0.287935
916,22.371929,1,13.91681,21.916191,0.121641,0.011346,0.094343,0.013482,12,0,3.791818,6.740186,2.926563,7.654373,0.262068
917,8.876565,0,0,8.276533,0.256047,0.015188,0.207419,0.02933,12,0,3.791818,6.740186,2.926563,7.992607,0.268619
918,22.060817,1,13.048938,21.548725,0.119517,0.011221,0.093202,0.012187,12,0,3.396191,6.357326,2.834074,8.157431,0.261851
919,8.337827,0,0,7.905557,0.111267,0.009931,0.087454,0.011603,12,0,3.396191,6.357326,2.834074,7.635581,0.258494
920,21.400454,1,12.610227,20.9167,0.140101,0.009774,0.114641,0.012933,12,0,3.335908,6.035796,2.809592,7.974319,0.2618
921,8.030648,0,0,7.608761,0.112405,0.010484,0.087874,0.012233,12,0,3.335908,6.035796,2.809592,7.33902,0.259181
922,20.727026,1,12.645807,20.247432,0.095691,0.005991,0.080155,0.008793,12,0,3.352077,6.086115,2.780221,7.27077,0.262063
923,8.270217,0,0,7.841283,0.109158,0.009345,0.086293,0.011142,12,0,3.352077,6.086115,2.780221,7.572248,0.257778
924,21.185455,1,12.589963,20.760393,0.10666,0.008636,0.085265,0.01077,12,0,3.345602,6.027946,2.791975,7.839947,0.262414
925,8.365417,0,0,7.91659,0.109537,0.009126,0.086842,0.011518,12,0,3.345602,6.027946,2.791975,7.646885,0.258244
926,20.709123,1,12.694052,20.294316,0.09528,0.006054,0.079828,0.008611,12,0,3.439665,6.146742,2.684721,7.271232,0.260106
927,8.214963,0,0,7.788624,0.111353,0.009858,0.087368,0.011741,12,0,3.439665,6.146742,2.684721,7.522425,0.255112
928,21.221056,1,12.828015,20.796992,0.10545,0.008235,0.084875,0.010815,12,0,3.388961,6.267007,2.701515,7.644675,0.256353
929,8.330423,0,0,7.889672,0.117682,0.010638,0.092975,0.011611,12,0,3.388961,6.267007,2.701515,7.622746,0.254614
930,21.183783,1,12.779417,20.755773,0.105817,0.008617,0.084924,0.010694,12,0,3.125296,6.54012,2.688007,7.65157,0.257122
931,8.322164,0,0,7.884936,0.10779,0.009024,0.085618,0.011157,12,0,3.125296,6.54012,2.688007,7.619844,0.25384
932,20.68526,1,12.740042,20.27076,0.094856,0.006055,0.079527,0.008634,12,0,3.305756,6.332109,2.676474,7.203829,0.257142
933,8.215496,0,0,7.781851,0.109435,0.009723,0.086439,0.011324,12,0,3.305756,6.332109,2.676474,7.375594,0.394918
934,21.056695,1,12.592984,20.611237,0.107311,0.008515,0.086245,0.010958,12,0,3.288603,6.116028,2.75966,7.671809,0.27068
935,8.059052,0,0,7.63334,0.11075,0.009528,0.087347,0.011562,12,0,3.288603,6.116028,2.75966,7.364828,0.25702
936,21.098422,1,12.724701,20.660927,0.116177,0.011624,0.089229,0.012471,12,0,3.280074,6.343506,2.664836,7.609239,0.257639
937,8.258229,0,0,7.738197,0.130094,0.012663,0.098134,0.017263,12,0,3.280074,6.343506,2.664836,7.362705,0.361498
938,20.896992,1,12.786903,20.453026,0.105113,0.008369,0.084898,0.010444,12,0,3.474151,6.075209,2.812057,7.341683,0.258153
939,8.064537,0,0,7.635175,0.107632,0.009137,0.085301,0.011431,12,0,3.474151,6.075209,2.812057,7.369494,0.254418
940,20.672704,1,12.492353,20.257157,0.096761,0.0065,0.080856,0.008443,12,0,3.185727,6.1502,2.728593,7.43932,0.25787
941,10.028834,0,0,9.443504,0.112075,0.010376,0.087684,0.011745,12,0,3.185727,6.1502,2.728593,9.177947,0.253636
942,21.120302,1,12.644791,20.560814,0.179241,0.012778,0.14761,0.016214,12,0,3.245834,6.180717,2.783558,7.581701,0.258514
943,8.344123,0,0,7.901856,0.118645,0.010682,0.093634,0.012049,12,0,3.245834,6.180717,2.783558,7.616803,0.273125
944,21.248105,1,12.816507,20.820997,0.106495,0.008419,0.08522,0.010776,12,0,3.327579,6.327929,2.729854,7.680717,0.25551
945,8.04366,0,0,7.609129,0.109662,0.009869,0.087019,0.011047,12,0,3.327579,6.327929,2.729854,7.343405,0.254239
946,20.779986,1,12.560313,20.224581,0.096437,0.006373,0.080042,0.009114,12,0,3.259748,6.034591,2.84296,7.328547,0.268293
947,8.081582,0,0,7.613907,0.106897,0.009386,0.085041,0.010946,12,0,3.259748,6.034591,2.84296,7.340524,0.262845
948,20.746132,1,12.483054,20.215513,0.102032,0.00717,0.083975,0.009726,12,0,3.14659,5.99008,2.923641,7.405994,0.256671
949,7.985096,0,0,7.57077,0.106882,0.008864,0.085637,0.01079,12,0,3.14659,5.99008,2.923641,7.30758,0.252525
950,21.364257,1,12.816099,20.92647,0.113796,0.010476,0.088793,0.011871,12,0,3.27616,6.161851,2.861329,7.771876,0.262819
951,8.066357,0,0,7.629229,0.119126,0.009656,0.095945,0.01183,12,0,3.27616,6.161851,2.861329,7.315796,0.30204
952,20.637138,1,12.423137,20.228572,0.097283,0.006394,0.081208,0.008635,12,0,3.156759,6.066706,2.775549,7.486566,0.254393
953,7.995235,0,0,7.53544,0.144922,0.008,0.124827,0.010913,12,0,3.156759,6.066706,2.775549,7.272157,0.252186
954,21.190772,1,13.006055,20.724063,0.119349,0.006611,0.102139,0.009531,12,0,3.417482,6.372668,2.790204,7.385691,0.260782
955,8.347079,0,0,7.920919,0.109189,0.009719,0.086854,0.010804,12,0,3.417482,6.372668,2.790204,7.657682,0.252497
956,21.22832,1,12.833296,20.739234,0.112389,0.010276,0.087921,0.01182,12,0,3.313034,6.313058,2.773486,7.563173,0.262686
957,8.549271,0,0,8.117256,0.111474,0.009615,0.087794,0.01204,12,0,3.313034,6.313058,2.773486,7.85126,0.254248
958,21.689987,1,12.897,21.071447,0.19591,0.014018,0.159415,0.019606,12,0,3.149746,6.381652,2.93723,7.833318,0.258514
959,8.565612,0,0,8.121263,0.109775,0.009721,0.086892,0.011087,12,0,3.149746,6.381652,2.93723,7.856743,0.253075
960,21.157001,1,12.760782,20.722112,0.106376,0.008622,0.084405,0.011503,12,0,3.219828,6.190556,2.920976,7.633465,0.255641
961,7.975256,0,0,7.470987,0.103307,0.008359,0.083643,0.010271,12,0,3.219828,6.190556,2.920976,7.205843,0.255085
962,20.969811,1,12.705983,20.536718,0.117187,0.01021,0.088407,0.016495,12,0,3.2705,6.209825,2.8001,7.503192,0.260294
963,7.974605,0,0,7.555554,0.108018,0.009164,0.08627,0.010985,12,0,3.2705,6.209825,2.8001,7.286103,0.258418
964,20.849883,1,12.645042,20.422895,0.099576,0.006733,0.082482,0.009063,12,0,3.279864,6.27462,2.666088,7.451543,0.257353
965,7.874274,0,0,7.446869,0.108798,0.009394,0.086882,0.01103,12,0,3.279864,6.27462,2.666088,7.181317,0.254981
966,21.761761,1,13.567157,21.321601,0.1124,0.010501,0.088229,0.011903,12,0,3.635099,6.630729,2.862923,7.417448,0.259028
967,8.170347,0,0,7.750452,0.108808,0.009875,0.085999,0.010797,12,0,3.635099,6.630729,2.862923,7.48663,0.253158
968,20.613174,1,12.402799,20.189772,0.111519,0.010142,0.087466,0.011554,12,0,3.15597,6.149366,2.673238,7.463989,0.256625
969,7.82708,0,0,7.407207,0.101811,0.007669,0.083784,0.009466,12,0,3.15597,6.149366,2.673238,7.144657,0.252633
970,20.665156,1,12.391297,20.247231,0.103446,0.007752,0.084326,0.009973,12,0,3.238144,5.941529,2.79093,7.531582,0.258451
971,7.77401,0,0,7.375719,0.096828,0.006252,0.080906,0.008846,12,0,3.238144,5.941529,2.79093,7.113566,0.252493
972,20.493182,1,12.584741,20.061678,0.092764,0.00568,0.07858,0.007864,12,0,3.349647,6.103184,2.710713,7.131284,0.27877
973,7.948276,0,0,7.541076,0.105975,0.008989,0.084878,0.010631,12,0,3.349647,6.103184,2.710713,7.276996,0.253846
974,20.740175,1,12.624842,20.302022,0.119537,0.01087,0.09437,0.01211,12,0,3.170399,6.289267,2.742996,7.349142,0.257823
975,7.884111,0,0,7.483616,0.098852,0.007326,0.081575,0.009032,12,0,3.170399,6.289267,2.742996,7.221211,0.252522
976,20.682759,1,12.648303,20.263494,0.102117,0.008228,0.082611,0.009789,12,0,3.173779,6.381801,2.665007,7.284373,0.256757
977,7.843273,0,0,7.436805,0.098615,0.006813,0.081479,0.009471,12,0,3.173779,6.381801,2.665007,7.161597,0.265367
978,20.69763,1,12.675518,20.274954,0.096965,0.006699,0.080181,0.009276,12,0,3.27318,6.132291,2.733878,7.204637,0.30096
979,8.078583,0,0,7.662292,0.109798,0.009576,0.087176,0.01133,12,0,3.27318,6.132291,2.733878,7.266533,0.385466
980,21.451057,1,13.293632,20.979801,0.111347,0.010228,0.087634,0.011348,12,0,3.390734,6.573739,2.809299,7.350549,0.258544
981,8.180986,0,0,7.684971,0.115764,0.010858,0.089311,0.012856,12,0,3.390734,6.573739,2.809299,7.417609,0.254358
982,22.050961,1,13.720357,21.594185,0.129505,0.021448,0.092691,0.012617,12,0,3.576895,6.759132,2.90906,7.485694,0.294847
983,8.397412,0,0,7.971415,0.110907,0.009918,0.087132,0.011751,12,0,3.576895,6.759132,2.90906,7.705201,0.254706
984,20.93485,1,12.732252,20.523143,0.094527,0.006062,0.079529,0.008142,12,0,3.241306,6.22657,2.814335,7.465334,0.257323
985,8.352568,0,0,7.906727,0.106487,0.009062,0.085185,0.010716,12,0,3.241306,6.22657,2.814335,7.642461,0.253951
986,20.793367,1,12.615894,20.362069,0.11229,0.01052,0.08815,0.011214,12,0,3.253218,6.275768,2.658434,7.418496,0.257376
987,7.820304,0,0,7.417829,0.099034,0.007025,0.081914,0.009147,12,0,3.253218,6.275768,2.658434,7.154933,0.253008
988,20.90417,1,12.807285,20.452777,0.099257,0.00744,0.081057,0.009626,12,0,3.166324,6.213986,2.975084,7.295704,0.276305
989,8.001317,0,0,7.543279,0.117385,0.011278,0.090742,0.012082,12,0,3.166324,6.213986,2.975084,7.277487,0.252783
990,24.543911,1,16.473968,24.016384,0.115623,0.010371,0.089859,0.01282,12,0,4.034224,8.588688,3.287402,7.169749,0.291389
991,12.036817,0,0,11.353424,0.171802,0.014838,0.135211,0.018,12,0,4.034224,8.588688,3.287402,10.963841,0.372036
992,27.491643,1,17.759781,26.882038,0.238341,0.025234,0.190749,0.018434,12,0,4.198562,9.711321,3.355585,8.705446,0.320299
993,8.823953,0,0,8.137388,0.221042,0.025856,0.154282,0.036292,12,0,4.198562,9.711321,3.355585,7.814295,0.307492
994,22.246174,1,13.035555,21.732992,0.149789,0.01085,0.124954,0.011528,12,0,3.405531,6.271341,2.891073,8.354478,0.261633
995,8.229216,0,0,7.74597,0.115414,0.01065,0.090266,0.012315,12,0,3.405531,6.271341,2.891073,7.475828,0.257569
996,22.820084,1,13.196402,21.788349,0.675861,0.569801,0.09081,0.01256,12,0,3.361995,6.550605,2.837676,8.221545,0.285841
997,8.318078,0,0,7.800188,0.122529,0.011444,0.094824,0.01324,12,0,3.361995,6.550605,2.837676,7.510509,0.274783
998,21.041294,1,12.746982,20.604084,0.115047,0.010702,0.090247,0.011812,12,0,3.374185,6.109034,2.798609,7.486436,0.257217
999,8.106815,0,0,7.696516,0.107446,0.009227,0.086253,0.010511,12,0,3.374185,6.109034,2.798609,7.429074,0.256869
1000,21.115717,1,12.98232,20.710073,0.093746,0.00562,0.079508,0.008018,12,0,3.441439,6.338763,2.74345,7.401761,0.259852
1001,8.016337,0,0,7.54629,0.109003,0.00993,0.08658,0.01093,12,0,3.441439,6.338763,2.74345,7.266646,0.267788
1002,20.380012,1,12.346637,19.975063,0.096593,0.006094,0.081085,0.008723,12,0,3.209486,5.998881,2.714765,7.301781,0.262097
1003,7.836952,0,0,7.406843,0.097167,0.006247,0.081149,0.009077,12,0,3.209486,5.998881,2.714765,7.121053,0.27596
1004,20.485978,1,12.285219,20.063787,0.104397,0.008158,0.084475,0.0108,12,0,3.232994,5.926349,2.699859,7.412813,0.286419
1005,9.796633,0,0,9.205795,0.132642,0.011337,0.106436,0.011792,12,0,3.232994,5.926349,2.699859,8.935932,0.256198
1006,22.387796,1,13.899334,21.823385,0.128533,0.010278,0.104856,0.01155,12,0,3.389317,7.012124,3.062844,7.520612,0.309659
1007,8.275791,0,0,7.799483,0.119364,0.011024,0.093579,0.012128,12,0,3.389317,7.012124,3.062844,7.530916,0.254915
1008,20.385914,1,12.218033,19.970252,0.098409,0.006879,0.081561,0.008928,12,0,3.211345,5.906275,2.674547,7.425626,0.261017
1009,7.986004,0,0,7.56493,0.104314,0.008174,0.085091,0.00992,12,0,3.211345,5.906275,2.674547,7.263295,0.290714
1010,20.42586,1,12.328429,19.978973,0.117179,0.006542,0.100658,0.008985,12,0,3.218655,5.946351,2.736669,7.329694,0.256494
1011,7.813393,0,0,7.41964,0.096239,0.006098,0.08123,0.008202,12,0,3.218655,5.946351,2.736669,7.155805,0.25406
1012,20.232377,1,12.216222,19.79093,0.112921,0.010584,0.088139,0.011871,12,0,3.1912,5.86595,2.733714,7.253696,0.256306
1013,7.78324,0,0,7.387746,0.095348,0.006048,0.080315,0.008278,12,0,3.1912,5.86595,2.733714,7.124905,0.253204
1014,20.565056,1,12.359671,20.143528,0.104886,0.008907,0.084046,0.010666,12,0,3.139439,5.976345,2.818756,7.457643,0.257947
1015,7.873214,0,0,7.476595,0.097628,0.006774,0.080896,0.009003,12,0,3.139439,5.976345,2.818756,7.209865,0.253899
1016,20.501426,1,12.395922,20.074976,0.104741,0.007822,0.086084,0.00981,12,0,3.217765,6.060655,2.695539,7.353348,0.256778
1017,7.850527,0,0,7.453158,0.098791,0.006766,0.081548,0.00957,12,0,3.217765,6.060655,2.695539,7.18725,0.256084
1018,20.532289,1,12.480355,20.11636,0.098743,0.007163,0.081304,0.009367,12,0,3.173536,6.15532,2.728287,7.305136,0.262827
1019,7.962601,0,0,7.532939,0.10901,0.009741,0.086763,0.010883,12,0,3.173536,6.15532,2.728287,7.240561,0.281873
1020,21.370339,1,12.477029,20.951497,0.098639,0.0074,0.081528,0.008808,12,0,3.257133,6.083447,2.708426,8.149316,0.257164
1021,7.84179,0,0,7.437866,0.104644,0.007639,0.085938,0.009834,12,0,3.257133,6.083447,2.708426,7.172733,0.255
1022,20.497167,1,12.506569,20.078778,0.095944,0.006455,0.079831,0.008758,12,0,3.259649,6.05699,2.766493,7.246693,0.257668
1023,7.872359,0,0,7.462977,0.100904,0.007627,0.08236,0.009952,12,0,3.259649,6.05699,2.766493,7.199639,0.253428
1024,20.509183,1,12.596519,20.080619,0.104445,0.015785,0.079685,0.008301,12,0,3.278607,6.181779,2.713465,7.15295,0.263048
1025,7.90378,0,0,7.498536,0.10525,0.008837,0.08534,0.009809,12,0,3.278607,6.181779,2.713465,7.231906,0.256432
1026,20.97485,1,12.990492,20.53284,0.118592,0.009541,0.096437,0.011029,12,0,3.342113,6.344254,2.857791,7.185022,0.28558
1027,8.013386,0,0,7.590851,0.122458,0.009921,0.099664,0.011033,12,0,3.342113,6.344254,2.857791,7.31737,0.254458
1028,20.497498,1,12.567911,20.081306,0.093734,0.005805,0.078671,0.008588,12,0,3.266597,5.985002,2.895542,7.187569,0.257309
1029,7.810418,0,0,7.406731,0.1051,0.009031,0.08474,0.010221,12,0,3.266597,5.985002,2.895542,7.141284,0.255243
1030,20.705554,1,12.71821,20.291234,0.092435,0.00563,0.078344,0.007858,12,0,3.24775,6.20123,2.845938,7.196875,0.257275
1031,7.953525,0,0,7.538707,0.112615,0.009289,0.090608,0.010991,12,0,3.24775,6.20123,2.845938,7.274218,0.254172
1032,20.392482,1,12.397565,19.948893,0.101911,0.007737,0.083189,0.009803,12,0,3.290422,5.976166,2.685713,7.2039,0.278273
1033,7.971397,0,0,7.551296,0.10812,0.009624,0.085775,0.011172,12,0,3.290422,5.976166,2.685713,7.285996,0.255235
1034,20.302384,1,12.399499,19.892361,0.092871,0.005687,0.078753,0.007865,12,0,3.230907,6.030579,2.716621,7.169014,0.257594
1035,7.938579,0,0,7.526319,0.105578,0.009037,0.084661,0.010703,12,0,3.230907,6.030579,2.716621,7.262437,0.253552
1036,20.312132,1,12.262351,19.901064,0.093722,0.005772,0.078831,0.008526,12,0,3.148584,5.982504,2.709143,7.28909,0.282724
1037,8.053611,0,0,7.621238,0.10996,0.009072,0.088577,0.010599,12,0,3.148584,5.982504,2.709143,7.355623,0.255166
1038,20.328708,1,12.382242,19.901215,0.106053,0.008195,0.085951,0.010677,12,0,3.344544,5.875677,2.712475,7.191609,0.257046
1039,8.109211,0,0,7.678529,0.108998,0.009383,0.087032,0.010792,12,0,3.344544,5.875677,2.712475,7.415433,0.252759
1040,20.31383,1,12.361052,19.885296,0.093591,0.005721,0.079202,0.008013,12,0,3.232792,5.989082,2.71513,7.175194,0.282169
1041,8.006625,0,0,7.599722,0.10733,0.009669,0.085216,0.011293,12,0,3.232792,5.989082,2.71513,7.331787,0.257755
1042,20.131583,1,12.252658,19.727806,0.093565,0.005668,0.079052,0.008232,12,0,3.12997,5.93361,2.754182,7.097606,0.278835
1043,7.986709,0,0,7.552936,0.130591,0.019214,0.097349,0.011951,12,0,3.12997,5.93361,2.754182,7.273842,0.268189
1044,20.515023,1,12.646534,20.071827,0.093956,0.0059,0.078945,0.008417,12,0,3.247653,6.013471,2.882004,7.097729,0.258046
1045,7.80137,0,0,7.395424,0.107963,0.009235,0.086689,0.010505,12,0,3.247653,6.013471,2.882004,7.130419,0.254792
1046,20.06088,1,12.140917,19.65753,0.095002,0.005905,0.079889,0.008471,12,0,3.147851,5.856095,2.716309,7.195962,0.257885
1047,8.670427,0,0,8.20403,0.134901,0.010511,0.11106,0.01145,12,0,3.147851,5.856095,2.716309,7.935082,0.255629
1048,20.468541,1,12.284449,20.060105,0.098287,0.006341,0.081257,0.009694,12,0,3.197435,5.990859,2.668855,7.452916,0.256492
1049,8.00308,0,0,7.587343,0.112494,0.010001,0.088229,0.012053,12,0,3.197435,5.990859,2.668855,7.318634,0.257796
1050,20.5375,1,12.560175,20.122146,0.095533,0.006019,0.080178,0.008591,12,0,3.269817,6.044029,2.770761,7.21273,0.279196
1051,8.039558,0,0,7.61917,0.109174,0.00968,0.087135,0.010592,12,0,3.269817,6.044029,2.770761,7.352884,0.255697
1052,20.658742,1,12.396375,20.219454,0.111464,0.009341,0.088379,0.0117,12,0,3.193755,5.991091,2.756895,7.483968,0.260255
1053,8.463935,0,0,7.963075,0.117833,0.010765,0.092209,0.012076,12,0,3.193755,5.991091,2.756895,7.683488,0.265485
1054,21.61986,1,12.691083,21.167242,0.117681,0.011199,0.091338,0.012437,12,0,3.190789,6.236003,2.800615,8.143069,0.257665
1055,8.259913,0,0,7.835982,0.11356,0.010997,0.088968,0.011284,12,0,3.190789,6.236003,2.800615,7.568172,0.255911
1056,20.768313,1,12.809785,20.354658,0.096531,0.006292,0.080589,0.008542,12,0,3.319503,6.366908,2.694042,7.214956,0.260113
1057,8.015992,0,0,7.603209,0.107295,0.009479,0.085476,0.010852,12,0,3.319503,6.366908,2.694042,7.3377,0.254971
1058,20.176735,1,12.209493,19.780443,0.095602,0.005998,0.080022,0.008826,12,0,3.188943,5.87673,2.718345,7.251144,0.256923
1059,8.542142,0,0,8.101367,0.12479,0.008687,0.10423,0.010304,12,0,3.188943,5.87673,2.718345,7.830774,0.259054
1060,21.546685,1,13.308005,21.053083,0.115675,0.011421,0.08978,0.01188,12,0,3.359298,6.573639,2.891364,7.363444,0.28961
1061,10.27905,0,0,9.753358,0.143799,0.011228,0.117608,0.012383,12,0,3.359298,6.573639,2.891364,9.475869,0.263675
1062,22.722771,1,13.42646,22.045319,0.127491,0.011321,0.100538,0.012587,12,0,3.568536,6.512583,2.909818,8.275952,0.260491
1063,8.460641,0,0,7.975393,0.121612,0.011967,0.093775,0.01284,12,0,3.568536,6.512583,2.909818,7.699421,0.261938
1064,21.273448,1,12.678072,20.762451,0.11534,0.010304,0.090388,0.01205,12,0,3.377589,6.085357,2.785077,7.747083,0.261372
1065,8.610945,0,0,8.150579,0.117915,0.011785,0.090826,0.01256,12,0,3.377589,6.085357,2.785077,7.841725,0.29534
1066,21.937208,1,13.757772,21.486762,0.098216,0.006335,0.081943,0.00883,12,0,3.478701,6.886121,2.93962,7.361001,0.289681
1067,8.675039,0,0,8.155413,0.117583,0.011142,0.090944,0.012717,12,0,3.478701,6.886121,2.93962,7.882527,0.259334
1068,22.410102,1,14.066025,21.953466,0.103758,0.007898,0.084894,0.009757,12,0,3.595627,6.911213,3.071947,7.503324,0.301356
1069,8.28714,0,0,7.795132,0.115247,0.010643,0.090418,0.011911,12,0,3.595627,6.911213,3.071947,7.513675,0.268838
1070,20.90938,1,12.628272,20.447778,0.123655,0.007407,0.104886,0.010103,12,0,3.148441,6.150866,2.859815,7.471075,0.259612
1071,7.884591,0,0,7.457089,0.111506,0.010103,0.087598,0.011629,12,0,3.148441,6.150866,2.859815,7.18871,0.257424
1072,20.400553,1,12.488213,19.971387,0.096357,0.006197,0.080657,0.008602,12,0,3.192062,6.068047,2.8023,7.150653,0.261378
1073,7.882325,0,0,7.4603,0.10756,0.009109,0.086725,0.010156,12,0,3.192062,6.068047,2.8023,7.192424,0.257241
1074,20.449611,1,12.592975,20.027162,0.094891,0.00591,0.080044,0.008307,12,0,3.160114,6.077872,2.913801,7.103425,0.260582
1075,7.824626,0,0,7.411456,0.106017,0.009532,0.085488,0.009931,12,0,3.160114,6.077872,2.913801,7.13899,0.261913
1076,20.023947,1,12.077149,19.623384,0.096241,0.00649,0.080459,0.008511,12,0,3.12901,5.850206,2.676194,7.220507,0.259977
1077,7.92559,0,0,7.496596,0.114301,0.010633,0.089552,0.012086,12,0,3.12901,5.850206,2.676194,7.227777,0.257284
1078,20.353975,1,12.413705,19.933303,0.096767,0.006342,0.08108,0.008462,12,0,3.254298,6.035936,2.698188,7.187972,0.260881
1079,7.908935,0,0,7.494332,0.109841,0.009076,0.088679,0.010791,12,0,3.254298,6.035936,2.698188,7.22708,0.256666
1080,20.271316,1,12.33215,19.856245,0.094396,0.005893,0.079224,0.008521,12,0,3.206329,5.947583,2.732254,7.17507,0.281674
1081,7.949712,0,0,7.542075,0.106554,0.008915,0.08555,0.010372,12,0,3.206329,5.947583,2.732254,7.272596,0.259099
1082,20.038334,1,12.13823,19.642794,0.095256,0.006189,0.080065,0.00827,12,0,3.158649,5.867764,2.685254,7.181137,0.260162
1083,8.183358,0,0,7.749888,0.112625,0.010795,0.087799,0.011792,12,0,3.158649,5.867764,2.685254,7.479098,0.259706
1084,20.235066,1,12.30957,19.823631,0.095297,0.006038,0.080071,0.008466,12,0,3.179212,5.964749,2.737864,7.172527,0.272152
1085,7.987149,0,0,7.577208,0.107505,0.0093,0.086278,0.010231,12,0,3.179212,5.964749,2.737864,7.303325,0.26321
1086,20.217918,1,12.223724,19.785421,0.09613,0.005931,0.080278,0.009018,12,0,3.147667,5.907009,2.705849,7.219699,0.271577
1087,8.281019,0,0,7.834743,0.112346,0.010298,0.08802,0.011623,12,0,3.147667,5.907009,2.705849,7.544019,0.277843
1088,20.070736,1,12.175521,19.661057,0.093817,0.00578,0.079084,0.008177,12,0,3.146246,5.897673,2.688372,7.145383,0.27532
1089,8.024197,0,0,7.599108,0.112785,0.010435,0.087988,0.012128,12,0,3.146246,5.897673,2.688372,7.331049,0.256652
1090,19.997291,1,12.105497,19.559164,0.094157,0.005863,0.079251,0.008445,12,0,3.166366,5.841857,2.671339,7.128794,0.261098
1091,8.130768,0,0,7.694389,0.110307,0.009786,0.086861,0.011445,12,0,3.166366,5.841857,2.671339,7.403587,0.278895
1092,20.043999,1,12.10244,19.647029,0.095681,0.006225,0.080028,0.008674,12,0,3.131927,5.865566,2.677489,7.219266,0.262383
1093,8.178038,0,0,7.70825,0.127365,0.009484,0.10539,0.011064,12,0,3.131927,5.865566,2.677489,7.41126,0.284691
1094,20.171674,1,12.054639,19.757168,0.107823,0.009336,0.086054,0.010923,12,0,3.136846,5.828316,2.662506,7.378694,0.260024
1095,8.059887,0,0,7.591685,0.10896,0.009051,0.087371,0.011094,12,0,3.136846,5.828316,2.662506,7.322398,0.258067
1096,20.047324,1,12.074581,19.642327,0.100382,0.00627,0.084468,0.008846,12,0,3.130029,5.827738,2.688949,7.242902,0.260523
1097,7.97815,0,0,7.566763,0.10371,0.00808,0.084225,0.010203,12,0,3.130029,5.827738,2.688949,7.296338,0.259736
1098,20.277336,1,12.151543,19.849172,0.09804,0.006567,0.081357,0.009089,12,0,3.144732,5.900602,2.681182,7.371726,0.261126
1099,8.335259,0,0,7.905344,0.11348,0.011172,0.087936,0.011961,12,0,3.144732,5.900602,2.681182,7.6309,0.262689
1100,20.163127,1,12.145191,19.76366,0.095925,0.006177,0.080564,0.008411,12,0,3.180276,5.87735,2.657302,7.292517,0.261664
1101,7.982471,0,0,7.54438,0.107852,0.007466,0.088414,0.010827,12,0,3.180276,5.87735,2.657302,7.240862,0.292958
1102,20.427625,1,12.304473,20.003504,0.10373,0.008066,0.084683,0.009731,12,0,3.207867,5.965132,2.7036,7.369943,0.261876
1103,7.806612,0,0,7.388409,0.099109,0.006884,0.082021,0.009447,12,0,3.207867,5.965132,2.7036,7.121179,0.257389
1104,21.19783,1,13.137309,20.759567,0.112388,0.010803,0.087573,0.011798,12,0,3.504223,6.410685,2.754061,7.285081,0.265438
1105,8.064055,0,0,7.644237,0.113672,0.010393,0.089522,0.011582,12,0,3.504223,6.410685,2.754061,7.317592,0.315846
1106,20.139155,1,12.173991,19.743059,0.095838,0.006146,0.080023,0.008849,12,0,3.165057,5.882079,2.698835,7.245807,0.260331
1107,7.779117,0,0,7.384676,0.096486,0.006234,0.080519,0.008985,12,0,3.165057,5.882079,2.698835,7.114743,0.260071
1108,20.329961,1,12.20144,19.903487,0.107165,0.007888,0.087748,0.01036,12,0,3.175972,5.872062,2.72401,7.375145,0.258525
1109,8.089737,0,0,7.653139,0.112895,0.010649,0.088405,0.011585,12,0,3.175972,5.872062,2.72401,7.365313,0.275814
1110,20.09019,1,12.139373,19.69273,0.09452,0.005926,0.079713,0.008164,12,0,3.136634,5.912647,2.664333,7.23193,0.25704
1111,8.082283,0,0,7.630948,0.127976,0.008781,0.107038,0.010946,12,0,3.136634,5.912647,2.664333,7.342135,0.277453
1112,20.300645,1,12.171122,19.886406,0.101926,0.006635,0.084057,0.010164,12,0,3.123305,5.95119,2.671075,7.385886,0.262627
1113,7.773391,0,0,7.374404,0.095874,0.00616,0.08017,0.008742,12,0,3.123305,5.95119,2.671075,7.109336,0.255278
1114,20.349297,1,12.181657,19.929447,0.112213,0.010295,0.088311,0.011411,12,0,3.116914,5.907185,2.733476,7.41998,0.261509
1115,9.289513,0,0,8.861191,0.1062,0.00891,0.084798,0.011207,12,0,3.116914,5.907185,2.733476,8.573507,0.27614
1116,20.293085,1,12.2527,19.884536,0.099029,0.006942,0.081625,0.00929,12,0,3.140009,6.021021,2.668863,7.306309,0.260274
1117,8.520345,0,0,8.104158,0.105126,0.008862,0.084522,0.010228,12,0,3.140009,6.021021,2.668863,7.834403,0.258232
1118,20.391449,1,12.260557,19.978737,0.099514,0.006605,0.082069,0.009783,12,0,3.182705,5.962894,2.692951,7.393176,0.260278
1119,8.708926,0,0,8.275307,0.113069,0.010713,0.087657,0.012413,12,0,3.182705,5.962894,2.692951,8.0069,0.257221
1120,20.328476,1,12.196162,19.917849,0.09921,0.006749,0.081719,0.009684,12,0,3.158302,5.946771,2.668561,7.397458,0.259586
1121,8.29243,0,0,7.671915,0.171894,0.01087,0.142627,0.01692,12,0,3.158302,5.946771,2.668561,7.265395,0.393028
1122,21.122162,1,12.549957,20.539841,0.111908,0.010099,0.087735,0.011951,12,0,3.266562,6.094369,2.75242,7.608854,0.303823
1123,9.362861,0,0,8.67402,0.217956,0.013324,0.185751,0.014353,12,0,3.266562,6.094369,2.75242,8.368008,0.289134
1124,20.953236,1,12.669646,20.489981,0.115007,0.010622,0.089499,0.012465,12,0,3.260139,6.135345,2.819119,7.493937,0.258578
1125,8.246709,0,0,7.769012,0.106396,0.008553,0.085343,0.01102,12,0,3.260139,6.135345,2.819119,7.502375,0.255069
1126,20.489287,1,12.332122,20.078664,0.09835,0.006702,0.081717,0.00906,12,0,3.190815,6.009178,2.705112,7.420454,0.260712
1127,8.05393,0,0,7.641219,0.105867,0.008328,0.085727,0.010373,12,0,3.190815,6.009178,2.705112,7.352455,0.277985
1128,20.403688,1,12.286296,19.9938,0.097509,0.006474,0.081385,0.008821,12,0,3.287391,5.875542,2.67473,7.38397,0.258959
1129,8.397325,0,0,7.927217,0.127117,0.011364,0.100304,0.012772,12,0,3.287391,5.875542,2.67473,7.600594,0.302402
1130,20.757537,1,12.492374,20.246744,0.099888,0.007021,0.082717,0.009193,12,0,3.224499,5.994376,2.789761,7.317628,0.356482
1131,10.13799,0,0,9.597682,0.125761,0.011235,0.097622,0.013978,12,0,3.224499,5.994376,2.789761,9.308117,0.274322
1132,21.628048,1,12.85438,21.154782,0.117154,0.010818,0.091315,0.01263,12,0,3.371264,6.183002,2.851785,7.911878,0.308288
1133,8.489295,0,0,7.964505,0.132458,0.011344,0.104437,0.01323,12,0,3.371264,6.183002,2.851785,7.689378,0.260648
1134,22.116879,1,13.666383,21.622982,0.11701,0.01093,0.091018,0.012443,12,0,3.378782,6.652393,3.169408,7.611542,0.2662
1135,8.648805,0,0,8.137744,0.153328,0.010788,0.12748,0.012173,12,0,3.378782,6.652393,3.169408,7.863576,0.260658
1136,21.330179,1,12.831476,20.817178,0.111055,0.007601,0.092307,0.009523,12,0,3.329643,6.165364,2.878282,7.584819,0.324101
1137,9.151451,0,0,8.609792,0.118033,0.010669,0.092327,0.012515,12,0,3.329643,6.165364,2.878282,8.292339,0.303707
1138,21.601922,1,13.158926,21.126535,0.12423,0.018572,0.088954,0.015184,12,0,3.467272,6.257341,2.935038,7.555119,0.314248
1139,8.342744,0,0,7.882366,0.113449,0.010591,0.089215,0.011383,12,0,3.467272,6.257341,2.935038,7.6073,0.262287
1140,21.229494,1,12.980137,20.800188,0.097678,0.006562,0.081258,0.008903,12,0,3.428429,6.298187,2.821434,7.365266,0.385542
1141,7.933808,0,0,7.5197,0.107885,0.00934,0.085851,0.011061,12,0,3.428429,6.298187,2.821434,7.245683,0.260487
1142,20.267231,1,12.24247,19.825589,0.097195,0.006208,0.081467,0.008772,12,0,3.223535,5.906014,2.686112,7.259196,0.259449
1143,8.528771,0,0,8.033396,0.138778,0.009172,0.116194,0.011675,12,0,3.223535,5.906014,2.686112,7.746352,0.275304
1144,20.460268,1,12.323242,20.050898,0.097953,0.0067,0.081554,0.008665,12,0,3.181147,5.986593,2.723864,7.403271,0.259048
1145,8.102776,0,0,7.678837,0.113155,0.009986,0.088504,0.012601,12,0,3.181147,5.986593,2.723864,7.407887,0.259623
1146,20.71412,1,12.627779,20.228797,0.097023,0.006463,0.081084,0.008679,12,0,3.212831,5.956665,2.76923,7.208511,0.294151
1147,8.994056,0,0,8.467698,0.115864,0.010238,0.090573,0.012497,12,0,3.212831,5.956665,2.76923,8.194879,0.259028
1148,21.815247,1,13.418089,21.311156,0.109508,0.00948,0.087106,0.010906,12,0,3.526744,6.535809,2.892194,7.555415,0.261121
1149,8.636742,0,0,8.187521,0.112894,0.010557,0.088375,0.011667,12,0,3.526744,6.535809,2.892194,7.918955,0.256075
1150,20.995143,1,12.439328,20.556661,0.107212,0.008681,0.085925,0.010961,12,0,3.269216,6.040262,2.696021,7.784711,0.261683
1151,7.97072,0,0,7.533164,0.112669,0.010346,0.088672,0.011604,12,0,3.269216,6.040262,2.696021,7.263476,0.258661
1152,21.472756,1,12.988081,21.042355,0.105232,0.00885,0.084634,0.01018,12,0,3.397057,6.409965,2.745962,7.720519,0.260593
1153,8.54891,0,0,8.10225,0.113207,0.010157,0.08836,0.012274,12,0,3.397057,6.409965,2.745962,7.826938,0.26253
1154,20.890054,1,12.821478,20.426411,0.098259,0.00656,0.081488,0.009081,12,0,3.456468,6.18183,2.751549,7.271424,0.262836
1155,8.608333,0,0,8.171551,0.111319,0.009899,0.087595,0.011643,12,0,3.456468,6.18183,2.751549,7.898675,0.260762
1156,21.065021,1,12.438836,20.634855,0.107117,0.009002,0.086365,0.010608,12,0,3.283084,6.000574,2.721605,7.866554,0.260771
1157,8.044041,0,0,7.62681,0.112657,0.010243,0.088644,0.011815,12,0,3.283084,6.000574,2.721605,7.354483,0.261736
1158,21.54181,1,12.97296,21.11347,0.104753,0.008448,0.084483,0.010572,12,0,3.414525,6.427032,2.694981,7.805548,0.261456
1159,8.696458,0,0,8.257267,0.115395,0.010338,0.091297,0.01184,12,0,3.414525,6.427032,2.694981,7.984547,0.260661
1160,20.875251,1,12.79964,20.410975,0.101017,0.006051,0.0857,0.008559,12,0,3.3164,6.337719,2.717235,7.274024,0.267689
1161,8.620556,0,0,8.178325,0.111803,0.010307,0.087726,0.011845,12,0,3.3164,6.337719,2.717235,7.9077,0.258372
1162,21.085042,1,12.46298,20.65386,0.105897,0.008801,0.085239,0.01031,12,0,3.293966,6.041716,2.696006,7.861103,0.261272
1163,8.66337,0,0,8.225487,0.113642,0.010442,0.089121,0.011837,12,0,3.293966,6.041716,2.696006,7.948618,0.264275
1164,20.748213,1,12.436552,20.312451,0.107107,0.008913,0.086176,0.01081,12,0,3.364699,5.925654,2.697754,7.541476,0.261732
1165,7.897507,0,0,7.485076,0.107459,0.008854,0.086867,0.010388,12,0,3.364699,5.925654,2.697754,7.214558,0.260186
1166,20.437679,1,12.323184,20.013514,0.103763,0.008333,0.08431,0.01002,12,0,3.227721,5.976074,2.688831,7.360853,0.260656
1167,8.159189,0,0,7.722581,0.119783,0.009612,0.097487,0.011414,12,0,3.227721,5.976074,2.688831,7.44971,0.260673
1168,20.526978,1,12.429941,20.104836,0.095197,0.006217,0.080012,0.00831,12,0,3.230722,5.966283,2.799204,7.321675,0.263009
1169,8.514482,0,0,8.02592,0.112747,0.010408,0.088898,0.011347,12,0,3.230722,5.966283,2.799204,7.752438,0.261047
1170,20.651594,1,12.496009,20.194855,0.095536,0.006014,0.080507,0.008372,12,0,3.267546,5.958073,2.837576,7.31855,0.291418
1171,7.912151,0,0,7.497396,0.113002,0.009323,0.091444,0.01084,12,0,3.267546,5.958073,2.837576,7.227588,0.259263
1172,20.558143,1,12.471768,20.132001,0.103531,0.007211,0.08607,0.009305,12,0,3.285723,5.918321,2.837352,7.329337,0.26229
1173,8.163156,0,0,7.74344,0.109227,0.009273,0.086858,0.011544,12,0,3.285723,5.918321,2.837352,7.470297,0.261992
1174,20.544706,1,12.413478,20.106818,0.097081,0.00613,0.081197,0.008909,12,0,3.228517,6.05239,2.698443,7.344751,0.280555
1175,8.363805,0,0,7.926024,0.114537,0.010653,0.089962,0.011724,12,0,3.228517,6.05239,2.698443,7.577625,0.335581
1176,20.58488,1,12.395378,20.159848,0.101642,0.006763,0.084729,0.009203,12,0,3.279256,5.931614,2.753991,7.432277,0.263308
1177,8.047311,0,0,7.632046,0.107113,0.009137,0.086153,0.010499,12,0,3.279256,5.931614,2.753991,7.362176,0.259322
1178,20.437804,1,12.502812,20.032285,0.093429,0.005573,0.078914,0.008424,12,0,3.183981,6.03791,2.801263,7.146095,0.282135
1179,8.24575,0,0,7.781591,0.119249,0.010172,0.096341,0.010976,12,0,3.183981,6.03791,2.801263,7.499131,0.271346
1180,20.640473,1,12.492035,20.208776,0.111683,0.009947,0.087897,0.01176,12,0,3.283357,5.955858,2.791132,7.384002,0.26333
1181,8.135065,0,0,7.64677,0.10909,0.009808,0.087122,0.010918,12,0,3.283357,5.955858,2.791132,7.375885,0.260112
1182,21.593688,1,13.578009,21.163405,0.094571,0.00607,0.079638,0.008193,12,0,3.33455,6.638612,3.147037,7.197807,0.294286
1183,8.461605,0,0,7.921497,0.131045,0.011958,0.102941,0.01319,12,0,3.33455,6.638612,3.147037,7.628309,0.278169
1184,21.668803,1,13.0785,21.141058,0.157016,0.010129,0.132832,0.011814,12,0,3.270886,6.126275,3.085849,7.695958,0.282493
1185,9.24295,0,0,8.725808,0.125752,0.010922,0.099617,0.012506,12,0,3.270886,6.126275,3.085849,8.452655,0.259526
1186,21.460243,1,12.740998,21.017111,0.112777,0.010194,0.088437,0.011245,12,0,3.293218,6.156668,2.857351,7.926858,0.271587
1187,8.050567,0,0,7.639116,0.107766,0.009096,0.08653,0.010433,12,0,3.293218,6.156668,2.857351,7.368197,0.260177
1188,21.348874,1,13.204545,20.782993,0.139777,0.016343,0.101515,0.02128,12,0,3.425207,6.564204,2.76975,7.168069,0.338278
1189,8.227536,0,0,7.790105,0.112395,0.010264,0.088365,0.011713,12,0,3.425207,6.564204,2.76975,7.518834,0.258534
1190,21.129107,1,12.749267,20.649708,0.110789,0.019,0.081616,0.009141,12,0,3.307656,6.019445,2.922341,7.48026,0.337721
1191,8.439163,0,0,7.927834,0.11841,0.011886,0.090732,0.012945,12,0,3.307656,6.019445,2.922341,7.609344,0.29317
1192,22.2434,1,13.48705,21.775459,0.138358,0.013173,0.107781,0.01459,12,0,3.455984,6.495695,3.054995,7.914821,0.272372
1193,8.50267,0,0,8.007871,0.112374,0.010146,0.088774,0.011384,12,0,3.455984,6.495695,3.054995,7.733532,0.261577
1194,21.784421,1,13.480639,21.338755,0.097384,0.006386,0.080846,0.009291,12,0,3.595516,6.434475,2.952076,7.510902,0.272661
1195,8.24152,0,0,7.811503,0.111091,0.009966,0.087921,0.011169,12,0,3.595516,6.434475,2.952076,7.535132,0.265192
1196,20.714429,1,12.502936,20.282319,0.103316,0.008555,0.083732,0.009814,12,0,3.25159,5.949051,2.868768,7.440844,0.264619
1197,7.991394,0,0,7.575269,0.112646,0.010063,0.088807,0.011952,12,0,3.25159,5.949051,2.868768,7.298658,0.265661
1198,21.061985,1,12.769682,20.617648,0.103924,0.007432,0.086137,0.009455,12,0,3.401706,6.030304,2.894078,7.451609,0.323093
1199,8.60459,0,0,8.102476,0.115296,0.010688,0.08975,0.012999,12,0,3.401706,6.030304,2.894078,7.789097,0.299846
1200,24.756433,1,16.33475,24.297898,0.117099,0.010955,0.091741,0.012311,12,0,3.984923,8.124301,3.599982,7.565316,0.313937
1201,8.255237,0,0,7.800131,0.115592,0.010848,0.090204,0.01202,12,0,3.984923,8.124301,3.599982,7.5254,0.263394
1202,21.946254,1,12.9823,21.435838,0.114735,0.01065,0.089224,0.012472,12,0,3.260356,6.281514,3.002975,8.109021,0.264936
1203,8.072144,0,0,7.62502,0.113933,0.010934,0.088821,0.012068,12,0,3.260356,6.281514,3.002975,7.341499,0.272582
1204,22.716376,1,13.963661,22.247371,0.112638,0.009823,0.088551,0.011878,12,0,3.454735,6.981908,3.007072,7.917339,0.266495
1205,8.385792,0,0,7.799366,0.151091,0.022053,0.111135,0.015099,12,0,3.454735,6.981908,3.007072,7.494007,0.289305
1206,22.421283,1,13.985563,21.880811,0.150051,0.009211,0.127418,0.011811,12,0,3.66741,6.706873,3.125088,7.537905,0.273326
1207,8.617567,0,0,8.134815,0.119932,0.011013,0.092972,0.013456,12,0,3.66741,6.706873,3.125088,7.828765,0.29263
1208,22.294165,1,13.529356,21.672922,0.165287,0.012834,0.134267,0.014424,12,0,3.563452,6.618326,2.85599,7.774084,0.265709
1209,8.199557,0,0,7.779114,0.113348,0.010271,0.088589,0.012358,12,0,3.563452,6.618326,2.85599,7.508805,0.258856
1210,21.3351,1,12.710766,20.818302,0.189671,0.010164,0.162093,0.015744,12,0,3.39259,6.03522,2.843459,7.768536,0.261602
1211,7.962197,0,0,7.551533,0.101713,0.00774,0.083598,0.009308,12,0,3.39259,6.03522,2.843459,7.282023,0.259501
1212,20.800941,1,12.509431,20.37877,0.10112,0.007449,0.082591,0.010075,12,0,3.311339,6.000901,2.762507,7.537947,0.26292
1213,7.901727,0,0,7.494532,0.101091,0.007725,0.083289,0.009162,12,0,3.311339,6.000901,2.762507,7.226132,0.258376
1214,20.500753,1,12.632877,20.09959,0.093295,0.005583,0.079165,0.008042,12,0,3.220305,5.960672,2.984191,7.134483,0.267611
1215,7.97264,0,0,7.556195,0.112519,0.010501,0.088133,0.011991,12,0,3.220305,5.960672,2.984191,7.280634,0.265123
1216,20.97112,1,13.084401,20.555652,0.09339,0.005661,0.079304,0.007893,12,0,3.504545,6.295586,2.849948,7.136064,0.265663
1217,7.88096,0,0,7.430623,0.146561,0.013621,0.105332,0.026371,12,0,3.504545,6.295586,2.849948,7.156128,0.263934
1218,22.506247,1,13.107848,22.081102,0.100301,0.005782,0.085544,0.0084,12,0,3.508591,6.348706,2.814715,8.641859,0.261151
1219,7.922528,0,0,7.484775,0.108001,0.009712,0.086325,0.010342,12,0,3.508591,6.348706,2.814715,7.203622,0.27069
1220,20.563322,1,12.443394,20.04153,0.094632,0.005913,0.079562,0.008485,12,0,3.319105,5.927866,2.764041,7.119437,0.403774
1221,7.959134,0,0,7.542719,0.111889,0.009825,0.088665,0.011265,12,0,3.319105,5.927866,2.764041,7.270893,0.261101
1222,20.905775,1,13.053047,20.490932,0.094306,0.005673,0.079536,0.008502,12,0,3.386986,6.283533,2.923149,7.107851,0.261301
1223,7.784831,0,0,7.377718,0.106028,0.009343,0.085249,0.010169,12,0,3.386986,6.283533,2.923149,7.104949,0.262301
1224,21.542045,1,12.925116,21.114534,0.103469,0.008261,0.083918,0.00999,12,0,3.295817,6.072436,3.051157,7.852986,0.263393
1225,7.811385,0,0,7.397435,0.105874,0.009397,0.084861,0.010417,12,0,3.295817,6.072436,3.051157,7.126672,0.260508
1226,20.154506,1,12.211759,19.760088,0.094431,0.005934,0.079427,0.008471,12,0,3.214505,5.836806,2.727366,7.221688,0.264097
1227,8.124405,0,0,7.701534,0.115428,0.010083,0.091296,0.011991,12,0,3.214505,5.836806,2.727366,7.431908,0.259069
1228,20.972314,1,12.951552,20.503594,0.095391,0.006048,0.079825,0.008836,12,0,3.298567,6.451015,2.770835,7.200296,0.283982
1229,7.886979,0,0,7.479547,0.105579,0.008796,0.085194,0.010374,12,0,3.298567,6.451015,2.770835,7.206806,0.262355
1230,20.881722,1,12.830875,20.418743,0.095018,0.005985,0.08006,0.008341,12,0,3.437647,6.195138,2.748084,7.253485,0.264913
1231,7.940109,0,0,7.529257,0.106643,0.009385,0.085452,0.010411,12,0,3.437647,6.195138,2.748084,7.257677,0.261328
1232,20.236857,1,12.259051,19.840927,0.095849,0.006038,0.08035,0.008793,12,0,3.225078,5.899339,2.699639,7.257041,0.261143
1233,7.989842,0,0,7.570926,0.111319,0.010071,0.087936,0.011648,12,0,3.225078,5.899339,2.699639,7.299314,0.261033
1234,20.759233,1,12.799115,20.343204,0.095271,0.006191,0.079538,0.008887,12,0,3.249206,6.200613,2.895402,7.210964,0.264032
1235,7.960851,0,0,7.551642,0.107212,0.009523,0.085728,0.010526,12,0,3.249206,6.200613,2.895402,7.280762,0.260607
1236,20.5835,1,12.589511,20.17423,0.094753,0.006014,0.079877,0.008299,12,0,3.379682,6.031634,2.748081,7.251057,0.266035
1237,8.017312,0,0,7.608597,0.106355,0.008818,0.085512,0.010973,12,0,3.379682,6.031634,2.748081,7.335795,0.262472
1238,20.140378,1,12.257972,19.749131,0.092975,0.005623,0.078463,0.008371,12,0,3.206145,5.922372,2.695522,7.166923,0.261582
1239,8.083141,0,0,7.667537,0.112139,0.010193,0.088262,0.011747,12,0,3.206145,5.922372,2.695522,7.397146,0.259419
1240,20.45964,1,12.531358,20.002754,0.099423,0.005559,0.084952,0.008446,12,0,3.336322,5.997292,2.767374,7.119917,0.283516
1241,8.032791,0,0,7.562449,0.128541,0.009366,0.106789,0.011297,12,0,3.336322,5.997292,2.767374,7.268721,0.283158
1242,21.076457,1,13.130919,20.662924,0.092382,0.005505,0.078632,0.007772,12,0,3.322054,6.307496,3.055835,7.112695,0.35008
1243,8.167257,0,0,7.730088,0.112439,0.012838,0.087226,0.010716,12,0,3.322054,6.307496,3.055835,7.411457,0.308125
1244,20.274294,1,12.383514,19.861203,0.094274,0.005738,0.079596,0.008293,12,0,3.213929,5.980773,2.713166,7.111997,0.302657
1245,7.845193,0,0,7.429612,0.112672,0.010314,0.088786,0.011722,12,0,3.213929,5.980773,2.713166,7.159646,0.259531
1246,20.262118,1,12.312564,19.829939,0.094034,0.005775,0.079691,0.007938,12,0,3.232924,5.903702,2.746134,7.172336,0.282861
1247,8.087381,0,0,7.650397,0.108796,0.009711,0.08692,0.01107,12,0,3.232924,5.903702,2.746134,7.376281,0.262247
1248,20.340775,1,12.382143,19.945142,0.094127,0.005553,0.079327,0.008644,12,0,3.288572,5.950232,2.708459,7.240114,0.25919
1249,8.283708,0,0,7.831126,0.113442,0.009992,0.090147,0.01161,12,0,3.288572,5.950232,2.708459,7.546722,0.271303
1250,20.700918,1,12.732872,20.266357,0.107534,0.00913,0.08621,0.010899,12,0,3.356749,6.13725,2.758559,7.199488,0.264283
1251,8.044133,0,0,7.634986,0.108271,0.00954,0.086435,0.010942,12,0,3.356749,6.13725,2.758559,7.365846,0.258756
1252,20.209577,1,12.305355,19.816659,0.094559,0.007438,0.078527,0.00808,12,0,3.223766,5.921429,2.731162,7.186489,0.26225
1253,8.080249,0,0,7.658407,0.103414,0.008337,0.083281,0.010779,12,0,3.223766,5.921429,2.731162,7.387388,0.260162
1254,20.401101,1,12.285642,20.003424,0.094198,0.005773,0.079398,0.008328,12,0,3.201402,5.874942,2.774893,7.385895,0.267117
1255,8.014615,0,0,7.594371,0.111279,0.010137,0.087687,0.011799,12,0,3.201402,5.874942,2.774893,7.324675,0.25937
1256,20.356638,1,12.372436,19.942454,0.096549,0.00578,0.082311,0.007905,12,0,3.270219,5.918897,2.751425,7.237234,0.264411
1257,8.057979,0,0,7.643146,0.106821,0.009177,0.085629,0.010879,12,0,3.270219,5.918897,2.751425,7.371878,0.260654
1258,20.405329,1,12.569787,19.992843,0.11359,0.014588,0.089663,0.00886,12,0,3.2494,6.17221,2.717429,7.094426,0.2628
1259,7.963505,0,0,7.556058,0.101799,0.007265,0.083819,0.010004,12,0,3.2494,6.17221,2.717429,7.267943,0.277799
1260,20.443787,1,12.515983,20.017637,0.10975,0.009503,0.087643,0.010998,12,0,3.21181,6.068101,2.765161,7.170213,0.264724
1261,8.044793,0,0,7.609831,0.13073,0.010422,0.107697,0.011462,12,0,3.21181,6.068101,2.765161,7.33545,0.263642
1262,20.888478,1,12.950969,20.428437,0.092876,0.005612,0.078558,0.008177,12,0,3.343237,6.188601,2.972164,7.127601,0.266188
1263,8.356168,0,0,7.900058,0.114783,0.010395,0.088835,0.012294,12,0,3.343237,6.188601,2.972164,7.602618,0.26955
1264,22.323416,1,13.586437,21.786465,0.183062,0.021072,0.136153,0.021894,12,0,3.496878,6.761435,2.86238,7.851362,0.268469
1265,8.426039,0,0,8.005249,0.114274,0.010764,0.088847,0.011931,12,0,3.496878,6.761435,2.86238,7.733389,0.260873
1266,21.555701,1,12.968678,20.980121,0.094343,0.005772,0.079533,0.008391,12,0,3.348702,6.300388,2.836238,7.46075,0.448088
1267,8.444361,0,0,8.013058,0.112488,0.010764,0.088187,0.011649,12,0,3.348702,6.300388,2.836238,7.740242,0.261201
1268,20.668002,1,12.692201,20.253049,0.094344,0.005778,0.07944,0.008497,12,0,3.214305,6.25943,2.771937,7.230041,0.263401
1269,8.250255,0,0,7.837945,0.107665,0.009534,0.085603,0.011088,12,0,3.214305,6.25943,2.771937,7.567735,0.259578
1270,21.511827,1,13.072425,20.981597,0.188607,0.014544,0.151681,0.0201,12,0,3.3649,6.388669,2.820334,7.530999,0.291501
1271,10.195565,0,0,9.488244,0.21279,0.017787,0.171011,0.019762,12,0,3.3649,6.388669,2.820334,9.033249,0.435321
1272,23.256138,1,13.359579,22.766116,0.115654,0.010884,0.089275,0.012544,12,0,3.459391,6.471067,2.927834,9.028919,0.265609
1273,8.685963,0,0,8.222458,0.117064,0.011743,0.090002,0.012311,12,0,3.459391,6.471067,2.927834,7.947147,0.260931
1274,22.063433,1,13.345359,21.610618,0.115888,0.010793,0.090131,0.012216,12,0,3.330525,6.548061,2.981016,7.8959,0.288266
1275,9.227848,0,0,8.713155,0.115856,0.011002,0.089705,0.01215,12,0,3.330525,6.548061,2.981016,8.438827,0.261169
1276,22.417279,1,14.014338,21.982352,0.099463,0.006637,0.082482,0.009273,12,0,3.410589,6.967092,3.143682,7.590828,0.274865
1277,8.318841,0,0,7.773934,0.11351,0.010611,0.088595,0.012106,12,0,3.410589,6.967092,3.143682,7.490525,0.272787
1278,22.170647,1,13.842951,21.677347,0.113709,0.010025,0.08921,0.012236,12,0,3.444224,6.897575,3.059509,7.475678,0.279588
1279,8.393802,0,0,7.976597,0.110388,0.009609,0.087489,0.011656,12,0,3.444224,6.897575,3.059509,7.571319,0.394215
1280,21.358757,1,13.20043,20.943529,0.095329,0.006156,0.080036,0.008418,12,0,3.33445,6.633874,2.765455,7.40903,0.265433
1281,7.977651,0,0,7.561491,0.110724,0.01016,0.087293,0.011154,12,0,3.33445,6.633874,2.765455,7.291425,0.25941
1282,20.980071,1,13.024483,20.53901,0.093326,0.005822,0.07878,0.008109,12,0,3.355013,6.470731,2.766809,7.183096,0.262961
1283,7.884816,0,0,7.476229,0.105985,0.009197,0.085122,0.010391,12,0,3.355013,6.470731,2.766809,7.207239,0.258603
1284,21.389418,1,12.89729,20.918535,0.107922,0.008472,0.086903,0.010806,12,0,3.383936,6.103807,2.97523,7.651076,0.298772
1285,7.862269,0,0,7.45477,0.106583,0.008942,0.085981,0.010351,12,0,3.383936,6.103807,2.97523,7.181827,0.262862
1286,20.916821,1,12.768004,20.474922,0.095504,0.006138,0.079812,0.00883,12,0,3.278633,6.236028,2.824927,7.258761,0.364538
1287,7.881546,0,0,7.46816,0.110662,0.00973,0.087878,0.011314,12,0,3.278633,6.236028,2.824927,7.198229,0.259317
1288,20.847284,1,12.726674,20.336515,0.095941,0.006207,0.080719,0.008263,12,0,3.32707,6.052534,2.912951,7.240853,0.282426
1289,7.844497,0,0,7.432423,0.10635,0.009139,0.085736,0.01019,12,0,3.32707,6.052534,2.912951,7.164104,0.258009
1290,20.712631,1,12.688464,20.296019,0.095892,0.006146,0.080135,0.008891,12,0,3.298271,6.251355,2.704718,7.27351,0.265323
1291,7.982609,0,0,7.573845,0.107676,0.009457,0.086617,0.010382,12,0,3.298271,6.251355,2.704718,7.305434,0.258194
1292,20.707846,1,12.667888,20.292785,0.09525,0.006187,0.079903,0.008445,12,0,3.25764,6.156307,2.806225,7.28954,0.267653
1293,8.104824,0,0,7.690845,0.112982,0.009697,0.087278,0.014195,12,0,3.25764,6.156307,2.806225,7.420279,0.260312
1294,20.696176,1,12.687892,20.278931,0.094954,0.006161,0.07965,0.008412,12,0,3.258946,6.164603,2.81533,7.250353,0.264299
1295,8.023958,0,0,7.615592,0.106625,0.00956,0.085147,0.010742,12,0,3.258946,6.164603,2.81533,7.344353,0.260937
1296,20.630653,1,12.540008,20.176022,0.095961,0.00617,0.080689,0.008399,12,0,3.263624,5.934221,2.905034,7.306315,0.264203
1297,8.088395,0,0,7.660166,0.10695,0.009036,0.085683,0.01065,12,0,3.263624,5.934221,2.905034,7.388344,0.261357
1298,20.593863,1,12.570056,20.184226,0.094773,0.00601,0.079664,0.008296,12,0,3.287436,6.142648,2.708802,7.284219,0.262885
1299,8.075183,0,0,7.660182,0.111619,0.010456,0.087696,0.011843,12,0,3.287436,6.142648,2.708802,7.388905,0.260808
1300,20.684705,1,12.643412,20.245619,0.095861,0.006085,0.080457,0.008514,12,0,3.242761,6.254589,2.716397,7.271525,0.265597
1301,8.17962,0,0,7.765442,0.108202,0.009517,0.086599,0.010499,12,0,3.242761,6.254589,2.716397,7.49587,0.258651
1302,21.218324,1,13.100719,20.712288,0.183159,0.015665,0.14736,0.009113,12,0,3.453893,6.416694,2.793914,7.278141,0.263949
1303,8.235684,0,0,7.76727,0.108173,0.009543,0.086225,0.010862,12,0,3.453893,6.416694,2.793914,7.498522,0.25802
1304,20.741099,1,12.789373,20.332288,0.09418,0.005786,0.079524,0.00835,12,0,3.284084,6.216171,2.849253,7.213334,0.262598
1305,8.049183,0,0,7.629663,0.112375,0.010456,0.087885,0.011621,12,0,3.284084,6.216171,2.849253,7.359205,0.259967
1306,20.666597,1,12.728557,20.264031,0.093183,0.005644,0.0787,0.008204,12,0,3.259439,6.218302,2.813011,7.20577,0.26364
1307,8.119557,0,0,7.637706,0.115367,0.009094,0.094379,0.010326,12,0,3.259439,6.218302,2.813011,7.339817,0.287415
1308,20.685865,1,12.471797,20.245045,0.094654,0.005911,0.079382,0.00873,12,0,3.200666,6.041399,2.706035,7.262266,0.420771
1309,8.247617,0,0,7.826603,0.110678,0.009444,0.087891,0.011672,12,0,3.200666,6.041399,2.706035,7.555799,0.259343
1310,20.296132,1,12.283747,19.896427,0.095115,0.006006,0.079942,0.00849,12,0,3.193604,5.910845,2.748404,7.285363,0.263248
1311,8.124265,0,0,7.705211,0.111931,0.01027,0.087893,0.011693,12,0,3.193604,5.910845,2.748404,7.435543,0.258872
1312,20.300841,1,12.284722,19.902387,0.095767,0.006298,0.080056,0.008626,12,0,3.195507,5.946506,2.715437,7.291178,0.263272
1313,8.520704,0,0,8.090312,0.107453,0.009183,0.08541,0.011073,12,0,3.195507,5.946506,2.715437,7.817222,0.261042
1314,20.37121,1,12.316638,19.96477,0.095405,0.006083,0.08032,0.008345,12,0,3.208017,5.893607,2.785323,7.323275,0.262131
1315,8.501606,0,0,8.068003,0.112535,0.009302,0.089737,0.011606,12,0,3.208017,5.893607,2.785323,7.777701,0.278504
1316,20.843529,1,12.794183,20.412111,0.110021,0.0093,0.08816,0.011012,12,0,3.425575,6.193625,2.744689,7.282451,0.264951
1317,7.956759,0,0,7.546831,0.107168,0.009426,0.08618,0.010102,12,0,3.425575,6.193625,2.744689,7.27416,0.262143
1318,20.228746,1,12.247791,19.834324,0.095838,0.006101,0.080379,0.008622,12,0,3.19193,5.946513,2.679358,7.262838,0.260951
1319,8.50105,0,0,8.024303,0.104687,0.008544,0.084175,0.010588,12,0,3.19193,5.946513,2.679358,7.753049,0.259955
1320,20.421259,1,12.28965,20.016532,0.096566,0.00636,0.080521,0.008825,12,0,3.181776,5.926199,2.748409,7.40254,0.259377
1321,7.987468,0,0,7.565778,0.113174,0.010402,0.088955,0.01184,12,0,3.181776,5.926199,2.748409,7.296662,0.258456
1322,20.664176,1,12.660737,20.247469,0.095988,0.006246,0.080414,0.008582,12,0,3.21029,6.038549,2.954129,7.255569,0.262035
1323,8.063787,0,0,7.65027,0.109329,0.0095,0.08708,0.011046,12,0,3.21029,6.038549,2.954129,7.382066,0.257314
1324,20.354546,1,12.368775,19.952457,0.096713,0.006099,0.081102,0.008745,12,0,3.235361,5.968945,2.732923,7.258665,0.261909
1325,8.336326,0,0,7.914229,0.105309,0.008542,0.084763,0.010616,12,0,3.235361,5.968945,2.732923,7.642369,0.260804
1326,21.634631,1,13.367055,21.165865,0.112843,0.010774,0.088453,0.011566,12,0,3.45151,6.45836,3.003734,7.393262,0.330033
1327,8.848992,0,0,8.404679,0.110782,0.010242,0.087109,0.01146,12,0,3.45151,6.45836,3.003734,8.135629,0.258027
1328,20.624628,1,12.47833,20.210369,0.096239,0.006159,0.080715,0.00864,12,0,3.249998,6.00148,2.70602,7.402715,0.260779
1329,8.423915,0,0,8.014677,0.10752,0.009162,0.085843,0.010824,12,0,3.249998,6.00148,2.70602,7.741189,0.263072
1330,20.278757,1,12.224578,19.884166,0.095216,0.006019,0.079672,0.008735,12,0,3.241184,5.868469,2.679509,7.337405,0.259403
1331,8.670038,0,0,8.250316,0.113882,0.010851,0.08887,0.012019,12,0,3.241184,5.868469,2.679509,7.978527,0.260695
1332,21.377069,1,12.783984,20.91191,0.114028,0.010543,0.089325,0.011891,12,0,3.248249,6.184903,2.794646,7.783498,0.264593
1333,9.736838,0,0,9.265521,0.119261,0.010805,0.093009,0.012376,12,0,3.248249,6.184903,2.794646,8.969839,0.280802
1334,22.578247,1,13.387149,22.045778,0.150513,0.009979,0.126074,0.01192,12,0,3.510877,6.032914,3.398995,8.299509,0.284202
1335,8.205309,0,0,7.752625,0.107273,0.009514,0.086024,0.010076,12,0,3.510877,6.032914,3.398995,7.455527,0.28675
1336,20.583817,1,12.378208,20.157577,0.122584,0.006267,0.106628,0.008943,12,0,3.286177,5.893284,2.771992,7.454957,0.262242
