SOLVE n=64 V=1 dt=0.0166666675 outer=0 norm=4.35221620587e-06 target=1e-09 q=0.447756781..0.450066744 dry=0 full=0 pred=0 worst=13 old=0.0268654069 C=0.0268654069 h=0.447759004 floor=0 slope=0.06 weights=0.00528756726 active=4
SOLVE n=64 V=1 dt=0.0166666675 outer=1 norm=7.54346759284e-10 target=1e-09 q=0.447756864..0.449896966 dry=0 full=0 pred=0 worst=58 old=0.00501215337 C=0.0050082676 h=0.449893145 floor=0.00230997837 slope=0.0223791598 weights=0.00213371983 active=3
SOLVE n=64 V=0.1 dt=0.0166666675 outer=0 norm=2.65012929166e-11 target=1e-09 q=0.0694444444..0.0694445845 dry=0 full=0 pred=0 worst=63 old=0.0015625 C=0.0015625 h=0.0694445845 floor=0 slope=0.0224999546 weights=0.00037847266 active=2
SOLVE n=64 V=0.1 dt=0.0166666675 outer=0 norm=2.65013771886e-11 target=1e-09 q=0.0694444444..0.0694445845 dry=0 full=0 pred=0 worst=56 old=0.0015625 C=0.0015625 h=0.0694445845 floor=0 slope=0.0224999546 weights=0.00037847266 active=2
SOLVE n=384 V=160 dt=0.0166666675 outer=0 norm=1.63736436878e-12 target=1.6e-07 q=2.00000002..2.25 dry=48 full=0 pred=0 worst=375 old=0.9625 C=0.9625 h=2.00000003 floor=0 slope=0.5 weights=0.0162837698 active=3
SOLVE n=64 V=1 dt=0.0166666675 outer=0 norm=7.75528326754e-06 target=1e-09 q=0.447756864..0.449896934 dry=0 full=0 pred=0.000227075692 worst=2 old=0.00500826684 C=0.00500826684 h=0.449893111 floor=0.00230997837 slope=0.0223791581 weights=0.00213277734 active=3
SOLVE n=64 V=1 dt=0.0166666675 outer=1 norm=2.42248061211e-09 target=1e-09 q=0.447757274..0.449591687 dry=0 full=0 pred=0.000227075692 worst=2 old=0.00500826684 C=0.00500130546 h=0.449581937 floor=0.00230997837 slope=0.0223635994 weights=0.00213277734 active=3
SOLVE n=64 V=1 dt=0.0166666675 outer=2 norm=5.26031780075e-12 target=1e-09 q=0.447757274..0.449591591 dry=0 full=0 pred=0.000227075692 worst=42 old=0.0268656443 C=0.0268662777 h=0.447771295 floor=0 slope=0.06 weights=0.00528785003 active=4
SOLVE n=64 V=0.1 dt=0.0166666675 outer=0 norm=5.24466948507e-11 target=1e-09 q=0.0694444444..0.0694445833 dry=0 full=0 pred=7.91733889e-10 worst=63 old=0.00156249997 C=0.00156249997 h=0.0694445833 floor=0 slope=0.0224999546 weights=0.000378472653 active=2
SOLVE n=64 V=0.1 dt=0.0166666675 outer=0 norm=5.2446722125e-11 target=1e-09 q=0.0694444444..0.0694445833 dry=0 full=0 pred=7.91735105e-10 worst=56 old=0.00156249997 C=0.00156249997 h=0.0694445833 floor=0 slope=0.0224999546 weights=0.000378472653 active=2
SOLVE n=384 V=160 dt=0.0166666675 outer=0 norm=3.25269790712e-12 target=1.6e-07 q=2.00000002..2.25 dry=48 full=0 pred=9.78570734e-11 worst=379 old=0.9625 C=0.9625 h=2.00000003 floor=0 slope=0.5 weights=0.0162837698 active=3
SOLVE n=64 V=1 dt=0.0166666675 outer=0 norm=1.00257060435e-05 target=1e-09 q=0.447757274..0.449591591 dry=0 full=0 pred=0.000408035734 worst=2 old=0.00500130323 C=0.00500130323 h=0.449581837 floor=0.00230997837 slope=0.0223635944 weights=0.00213108734 active=3
SOLVE n=64 V=1 dt=0.0166666675 outer=1 norm=4.06474653812e-09 target=1e-09 q=0.447758498..0.449194575 dry=0 full=0 pred=0.000408035734 worst=58 old=0.00500130323 C=0.00499229248 h=0.449178735 floor=0.00230997837 slope=0.0223434393 weights=0.00213108734 active=3
SOLVE n=64 V=1 dt=0.0166666675 outer=2 norm=8.83015000271e-12 target=1e-09 q=0.447758498..0.449194412 dry=0 full=0 pred=0.000408035734 worst=18 old=0.0268662777 C=0.0268674753 h=0.447791256 floor=0 slope=0.06 weights=0.00528836275 active=4
SOLVE n=64 V=0.1 dt=0.0166666675 outer=0 norm=7.74037426447e-11 target=1e-09 q=0.0694444444..0.069444581 dry=0 full=0 pred=1.56685798e-09 worst=63 old=0.00156249992 C=0.00156249992 h=0.069444581 floor=0 slope=0.0224999546 weights=0.00037847264 active=2
SOLVE n=64 V=0.1 dt=0.0166666675 outer=0 norm=7.74038954825e-11 target=1e-09 q=0.0694444444..0.069444581 dry=0 full=0 pred=1.56686033e-09 worst=56 old=0.00156249992 C=0.00156249992 h=0.069444581 floor=0 slope=0.0224999546 weights=0.00037847264 active=2
SOLVE n=384 V=160 dt=0.0166666675 outer=0 norm=4.82873665197e-12 target=1.6e-07 q=2.00000002..2.25 dry=48 full=0 pred=1.94358638e-10 worst=376 old=0.9625 C=0.9625 h=2.00000003 floor=0 slope=0.5 weights=0.0162837698 active=3
SOLVE n=64 V=1 dt=0.0166666675 outer=0 norm=1.10549413638e-05 target=1e-09 q=0.447758498..0.449194412 dry=0 full=0 pred=0.000530235093 worst=2 old=0.00499228873 C=0.00499228873 h=0.449178567 floor=0.00230997837 slope=0.0223434309 weights=0.00212889721 active=3
SOLVE n=64 V=1 dt=0.0166666675 outer=1 norm=4.97008999499e-09 target=1e-09 q=0.447761316..0.448753143 dry=0 full=0 pred=0.000530235093 worst=2 old=0.00499228873 C=0.00498233436 h=0.448732829 floor=0.00230997837 slope=0.022321144 weights=0.00212889721 active=3
SOLVE n=64 V=1 dt=0.0166666675 outer=2 norm=1.08054399268e-11 target=1e-09 q=0.447761315..0.44875294 dry=0 full=0 pred=0.000530235093 worst=42 old=0.0268674753 C=0.0268693681 h=0.447822802 floor=0 slope=0.06 weights=0.00528904081 active=4
SOLVE n=64 V=0.1 dt=0.0166666675 outer=0 norm=1.00962555428e-10 target=1e-09 q=0.0694444444..0.0694445775 dry=0 full=0 pred=2.31245883e-09 worst=63 old=0.00156249984 C=0.00156249984 h=0.0694445775 floor=0 slope=0.0224999546 weights=0.000378472622 active=2
SOLVE n=64 V=0.1 dt=0.0166666675 outer=0 norm=1.00962726999e-10 target=1e-09 q=0.0694444444..0.0694445775 dry=0 full=0 pred=2.31246231e-09 worst=56 old=0.00156249984 C=0.00156249984 h=0.0694445775 floor=0 slope=0.0224999546 weights=0.000378472622 active=2
SOLVE n=384 V=160 dt=0.0166666675 outer=0 norm=6.35402132054e-12 target=1.6e-07 q=2.00000002..2.25 dry=48 full=0 pred=2.88582881e-10 worst=379 old=0.9625 C=0.9625 h=2.00000003 floor=0 slope=0.5 weights=0.0162837698 active=3
SOLVE n=64 V=1 dt=0.0166666675 outer=0 norm=1.08984725256e-05 target=1e-09 q=0.447761315..0.44875294 dry=0 full=0 pred=0.000588659847 worst=2 old=0.00498232978 C=0.00498232978 h=0.448732623 floor=0.00230997837 slope=0.0223211337 weights=0.00212647435 active=3
SOLVE n=64 V=1 dt=0.0166666675 outer=1 norm=4.86682240591e-09 target=1e-09 q=0.447766813..0.448406081 dry=0 full=0 pred=0.000588659847 worst=58 old=0.00498232978 C=0.0049724896 h=0.448291559 floor=0.00230997837 slope=0.0222990805 weights=0.00212647435 active=3
SOLVE n=64 V=1 dt=0.0166666675 outer=2 norm=1.05923004929e-11 target=1e-09 q=0.447766813..0.448406067 dry=0 full=0 pred=0.000588659847 worst=42 old=0.0268693681 C=0.0268720114 h=0.447866856 floor=0 slope=0.06 weights=0.00528981045 active=4
SOLVE n=64 V=0.1 dt=0.0166666675 outer=0 norm=1.22743341596e-10 target=1e-09 q=0.0694444444..0.0694445731 dry=0 full=0 pred=3.01628316e-09 worst=63 old=0.00156249974 C=0.00156249974 h=0.0694445731 floor=0 slope=0.0224999546 weights=0.000378472597 active=2
SOLVE n=64 V=0.1 dt=0.0166666675 outer=0 norm=1.22743517861e-10 target=1e-09 q=0.0694444444..0.0694445731 dry=0 full=0 pred=3.01628763e-09 worst=56 old=0.00156249974 C=0.00156249974 h=0.0694445731 floor=0 slope=0.0224999546 weights=0.000378472597 active=2
SOLVE n=384 V=160 dt=0.0166666675 outer=0 norm=7.81370800911e-12 target=1.6e-07 q=2.00000002..2.25 dry=48 full=0 pred=3.79650453e-10 worst=376 old=0.9625 C=0.9625 h=2.00000003 floor=0 slope=0.5 weights=0.0162837698 active=3
SOLVE n=64 V=1 dt=0.0166666675 outer=0 norm=9.76172100176e-06 target=1e-09 q=0.447766813..0.448406067 dry=0 full=0 pred=0.000585538302 worst=3 old=0.0049729728 C=0.0049729728 h=0.448313228 floor=0.00230997837 slope=0.022300164 weights=0.00212420499 active=3
SOLVE n=64 V=1 dt=0.0166666675 outer=1 norm=3.95656212415e-09 target=1e-09 q=0.447776333..0.448448521 dry=0 full=0 pred=0.000585538302 worst=59 old=0.0049729728 C=0.00496410592 h=0.447915436 floor=0.00230997837 slope=0.0222802743 weights=0.00212420499 active=3
SOLVE n=64 V=1 dt=0.0166666675 outer=2 norm=8.59337280889e-12 target=1e-09 q=0.447776333..0.448448512 dry=0 full=0 pred=0.000585538302 worst=19 old=0.0268705972 C=0.0268736161 h=0.447893601 floor=0 slope=0.06 weights=0.00529027256 active=4
SOLVE n=64 V=0.1 dt=0.0166666675 outer=0 norm=1.42404843742e-10 target=1e-09 q=0.0694444444..0.0694445676 dry=0 full=0 pred=3.66699042e-09 worst=63 old=0.00156249962 C=0.00156249962 h=0.0694445676 floor=0 slope=0.0224999546 weights=0.000378472567 active=2
SOLVE n=64 V=0.1 dt=0.0166666675 outer=0 norm=1.42405104568e-10 target=1e-09 q=0.0694444444..0.0694445676 dry=0 full=0 pred=3.66699573e-09 worst=56 old=0.00156249962 C=0.00156249962 h=0.0694445676 floor=0 slope=0.0224999546 weights=0.000378472567 active=2
SOLVE n=384 V=160 dt=0.0166666675 outer=0 norm=9.19141345032e-12 target=1.6e-07 q=2.00000002..2.25 dry=48 full=0 pred=4.66735768e-10 worst=379 old=0.9625 C=0.9625 h=2.00000003 floor=0 slope=0.5 weights=0.0162837698 active=3
SOLVE n=64 V=1 dt=0.0166666675 outer=0 norm=7.93432371258e-06 target=1e-09 q=0.447776333..0.448448512 dry=0 full=0 pred=0.000529200338 worst=3 old=0.00496410225 C=0.00496410225 h=0.447915271 floor=0.00230997837 slope=0.0222802661 weights=0.00212403861 active=3
SOLVE n=64 V=1 dt=0.0166666675 outer=1 norm=2.6903614529e-09 target=1e-09 q=0.447575476..0.448473251 dry=0 full=0 pred=0.000529200338 worst=3 old=0.00496410225 C=0.00495685343 h=0.447589805 floor=0.00230997837 slope=0.0222639928 weights=0.00212403861 active=3
SOLVE n=64 V=1 dt=0.0166666675 outer=2 norm=5.91529411479e-12 target=1e-09 q=0.44757537..0.448473249 dry=0 full=0 pred=0.000529200338 worst=20 old=0.0268736162 C=0.0268772747 h=0.447954579 floor=0 slope=0.06 weights=0.0052910419 active=4
SOLVE n=64 V=0.1 dt=0.0166666675 outer=0 norm=1.59650851404e-10 target=1e-09 q=0.0694444444..0.0694445613 dry=0 full=0 pred=4.25438351e-09 worst=63 old=0.00156249948 C=0.00156249948 h=0.0694445613 floor=0 slope=0.0224999546 weights=0.000378472533 active=2
SOLVE n=64 V=0.1 dt=0.0166666675 outer=0 norm=1.59651082059e-10 target=1e-09 q=0.0694444445..0.0694445613 dry=0 full=0 pred=4.25438953e-09 worst=56 old=0.00156249948 C=0.00156249948 h=0.0694445613 floor=0 slope=0.0224999546 weights=0.000378472533 active=2
SOLVE n=384 V=160 dt=0.0166666675 outer=0 norm=1.04777397043e-11 target=1.6e-07 q=2.00000002..2.25 dry=48 full=0 pred=5.4909064e-10 worst=370 old=0.9625 C=0.9625 h=2.00000003 floor=0 slope=0.5 weights=0.0162837698 active=3
SOLVE n=64 V=1 dt=0.0166666675 outer=0 norm=5.6386408001e-06 target=1e-09 q=0.44757537..0.448473249 dry=0 full=0 pred=0.000432325232 worst=3 old=0.00495685094 C=0.00495685094 h=0.447589693 floor=0.00230997837 slope=0.0222639872 weights=0.0021237979 active=3
SOLVE n=64 V=1 dt=0.0166666675 outer=1 norm=1.38868018559e-09 target=1e-09 q=0.44734984..0.448476586 dry=0 full=0 pred=0.000432325232 worst=3 old=0.00495685094 C=0.00495164407 h=0.447355762 floor=0.00230997837 slope=0.0222522907 weights=0.0021237979 active=3
SOLVE n=64 V=1 dt=0.0166666675 outer=2 norm=3.02006064094e-12 target=1e-09 q=0.447349786..0.448476586 dry=0 full=0 pred=0.000432325232 worst=18 old=0.0268792702 C=0.0268834962 h=0.44805827 floor=0 slope=0.06 weights=0.00529195797 active=4
SOLVE n=64 V=0.1 dt=0.0166666675 outer=0 norm=1.74235920012e-10 target=1e-09 q=0.0694444445..0.0694445542 dry=0 full=0 pred=4.76961207e-09 worst=63 old=0.00156249932 C=0.00156249932 h=0.0694445542 floor=0 slope=0.0224999546 weights=0.000378472494 active=2
SOLVE n=64 V=0.1 dt=0.0166666675 outer=0 norm=1.74236196106e-10 target=1e-09 q=0.0694444445..0.0694445542 dry=0 full=0 pred=4.76961862e-09 worst=56 old=0.00156249932 C=0.00156249932 h=0.0694445542 floor=0 slope=0.0224999546 weights=0.000378472494 active=2
SOLVE n=384 V=160 dt=0.0166666675 outer=0 norm=1.16670559727e-11 target=1.6e-07 q=2.00000002..2.25 dry=48 full=0 pred=6.26040611e-10 worst=379 old=0.9625 C=0.9625 h=2.00000003 floor=0 slope=0.5 weights=0.0162837698 active=3
SOLVE n=64 V=1 dt=0.0166666675 outer=0 norm=4.54232866238e-06 target=1e-09 q=0.447349786..0.448476586 dry=0 full=0 pred=0.000310196041 worst=21 old=0.0268834987 C=0.0268834987 h=0.448058312 floor=0 slope=0.06 weights=0.00529245554 active=4
SOLVE n=64 V=1 dt=0.0166666675 outer=1 norm=4.59097027661e-10 target=1e-09 q=0.447220561..0.448456994 dry=0 full=0 pred=0.000310196041 worst=3 old=0.00495164279 C=0.004948636 h=0.447220561 floor=0.00230997837 slope=0.0222455306 weights=0.00212348817 active=3
SOLVE n=64 V=0.1 dt=0.0166666675 outer=0 norm=1.85969856326e-10 target=1e-09 q=0.0694444445..0.0694445464 dry=0 full=0 pred=5.20534337e-09 worst=63 old=0.00156249914 C=0.00156249914 h=0.0694445464 floor=0 slope=0.0224999546 weights=0.000378472452 active=2
SOLVE n=64 V=0.1 dt=0.0166666675 outer=0 norm=1.85970059618e-10 target=1e-09 q=0.0694444445..0.0694445464 dry=0 full=0 pred=5.20535026e-09 worst=56 old=0.00156249914 C=0.00156249914 h=0.0694445464 floor=0 slope=0.0224999546 weights=0.000378472452 active=2
SOLVE n=384 V=160 dt=0.0166666675 outer=0 norm=1.27459708583e-11 target=1.6e-07 q=2.00000002..2.25 dry=48 full=0 pred=7.07120651e-10 worst=379 old=0.9625 C=0.9625 h=2.00000003 floor=0 slope=0.5 weights=0.0162837698 active=3
SOLVE n=64 V=1 dt=0.0166666675 outer=0 norm=5.53924334487e-06 target=1e-09 q=0.447220541..0.448456994 dry=0 full=0 pred=0.000340504531 worst=10 old=0.0269045022 C=0.0269045022 h=0.448410593 floor=0 slope=0.06 weights=0.0052855408 active=4
SOLVE n=64 V=1 dt=0.0166666675 outer=1 norm=6.84399865e-11 target=1e-09 q=0.447180291..0.448415072 dry=0 full=0 pred=0.000340504531 worst=39 old=0.000724800675 C=0.00072435545 h=0.447904237 floor=0.300491007 slope=0.00982755015 weights=0.00036666327 active=3
SOLVE n=64 V=0.1 dt=0.0166666675 outer=0 norm=1.9472112575e-10 target=1e-09 q=0.0694444445..0.0694445382 dry=0 full=0 pred=5.5558976e-09 worst=63 old=0.00156249896 C=0.00156249896 h=0.0694445382 floor=0 slope=0.0224999546 weights=0.000378472407 active=2
SOLVE n=64 V=0.1 dt=0.0166666675 outer=0 norm=1.94721327274e-10 target=1e-09 q=0.0694444445..0.0694445382 dry=0 full=0 pred=5.55590462e-09 worst=56 old=0.00156249896 C=0.00156249896 h=0.0694445382 floor=0 slope=0.0224999546 weights=0.000378472407 active=2
SOLVE n=384 V=160 dt=0.0166666675 outer=0 norm=1.37125607457e-11 target=1.6e-07 q=2.00000002..2.25 dry=48 full=0 pred=7.9259598e-10 worst=379 old=0.9625 C=0.9625 h=2.00000003 floor=0 slope=0.5 weights=0.0162837698 active=3
SOLVE n=64 V=1 dt=0.0166666675 outer=0 norm=7.48129241949e-06 target=1e-09 q=0.447180289..0.448415064 dry=0 full=0 pred=0.000357660664 worst=11 old=0.0268996883 C=0.0268996883 h=0.448330361 floor=0 slope=0.06 weights=0.00528458502 active=4
SOLVE n=64 V=1 dt=0.0166666675 outer=1 norm=8.84633768706e-11 target=1e-09 q=0.447221834..0.448353292 dry=0 full=0 pred=0.000357660664 worst=5 old=0.0049480765 C=0.00494922741 h=0.447247146 floor=0.00230997837 slope=0.0222468599 weights=0.00212296812 active=3
SOLVE n=64 V=0.1 dt=0.0166666675 outer=0 norm=2.0041857853e-10 target=1e-09 q=0.0694444445..0.0694445295 dry=0 full=0 pred=5.8173444e-09 worst=63 old=0.00156249876 C=0.00156249876 h=0.0694445295 floor=0 slope=0.0224999546 weights=0.00037847236 active=2
SOLVE n=64 V=0.1 dt=0.0166666675 outer=0 norm=2.0041885232e-10 target=1e-09 q=0.0694444446..0.0694445295 dry=0 full=0 pred=5.81735135e-09 worst=56 old=0.00156249876 C=0.00156249876 h=0.0694445295 floor=0 slope=0.0224999546 weights=0.00037847236 active=2
SOLVE n=384 V=160 dt=0.0166666675 outer=0 norm=1.45584696783e-11 target=1.6e-07 q=2.00000002..2.25 dry=48 full=0 pred=8.76908447e-10 worst=370 old=0.9625 C=0.9625 h=2.00000003 floor=0 slope=0.5 weights=0.0162837698 active=3
SOLVE n=64 V=1 dt=0.0166666675 outer=0 norm=8.65618018373e-06 target=1e-09 q=0.447221833..0.448353275 dry=0 full=0 pred=0.000355768088 worst=11 old=0.0268928108 C=0.0268928108 h=0.448215737 floor=0 slope=0.06 weights=0.00528324665 active=4
SOLVE n=64 V=1 dt=0.0166666675 outer=1 norm=3.1519342927e-10 target=1e-09 q=0.447325576..0.448287087 dry=0 full=0 pred=0.000355768088 worst=5 old=0.00494922732 C=0.00495172871 h=0.447359566 floor=0.00230997837 slope=0.0222524809 weights=0.00212254227 active=3
SOLVE n=64 V=0.1 dt=0.0166666675 outer=0 norm=2.03052140853e-10 target=1e-09 q=0.0694444446..0.0694445206 dry=0 full=0 pred=5.98755988e-09 worst=63 old=0.00156249856 C=0.00156249856 h=0.0694445206 floor=0 slope=0.0224999546 weights=0.000378472311 active=2
SOLVE n=64 V=0.1 dt=0.0166666675 outer=0 norm=2.03052367738e-10 target=1e-09 q=0.0694444447..0.0694445206 dry=0 full=0 pred=5.9875657e-09 worst=56 old=0.00156249856 C=0.00156249856 h=0.0694445206 floor=0 slope=0.0224999546 weights=0.000378472311 active=2
SOLVE n=384 V=160 dt=0.0166666675 outer=0 norm=1.52875911142e-11 target=1.6e-07 q=2.00000002..2.25 dry=48 full=0 pred=9.59797922e-10 worst=371 old=0.9625 C=0.9625 h=2.00000003 floor=0 slope=0.5 weights=0.0162837698 active=3
SOLVE n=64 V=1 dt=0.0166666675 outer=0 norm=8.91761628609e-06 target=1e-09 q=0.447325564..0.448287087 dry=0 full=0 pred=0.000334562107 worst=11 old=0.026884911 C=0.026884911 h=0.448084073 floor=0 slope=0.06 weights=0.00528241623 active=4
SOLVE n=64 V=1 dt=0.0166666675 outer=1 norm=5.5775783653e-10 target=1e-09 q=0.447468471..0.448307269 dry=0 full=0 pred=0.000334562107 worst=5 old=0.0049517284 C=0.0049550568 h=0.447509101 floor=0.00230997837 slope=0.0222599576 weights=0.00212212787 active=3
SOLVE n=64 V=0.1 dt=0.0166666675 outer=0 norm=2.02671551458e-10 target=1e-09 q=0.0694444446..0.0694445116 dry=0 full=0 pred=6.06623872e-09 worst=63 old=0.00156249836 C=0.00156249836 h=0.0694445116 floor=0 slope=0.0224999546 weights=0.000378472262 active=2
SOLVE n=64 V=0.1 dt=0.0166666675 outer=0 norm=2.02671805205e-10 target=1e-09 q=0.0694444448..0.0694445116 dry=0 full=0 pred=6.06624305e-09 worst=56 old=0.00156249836 C=0.00156249836 h=0.0694445116 floor=0 slope=0.0224999546 weights=0.000378472262 active=2
SOLVE n=384 V=160 dt=0.0166666675 outer=0 norm=1.58937873824e-11 target=1.6e-07 q=2.00000002..2.25 dry=48 full=0 pred=1.04097083e-09 worst=373 old=0.9625 C=0.9625 h=2.00000003 floor=0 slope=0.5 weights=0.0162837698 active=3
SOLVE n=64 V=1 dt=0.0166666675 outer=0 norm=8.31408081713e-06 target=1e-09 q=0.447468448..0.448307269 dry=0 full=0 pred=0.000295673422 worst=11 old=0.0268768034 C=0.0268768034 h=0.447948947 floor=0 slope=0.06 weights=0.00528149763 active=4
SOLVE n=64 V=1 dt=0.0166666675 outer=1 norm=6.78215283068e-10 target=1e-09 q=0.447627069..0.448307463 dry=0 full=0 pred=0.000295673422 worst=61 old=0.00495505624 C=0.00495868775 h=0.447672187 floor=0.00230997837 slope=0.0222681119 weights=0.00212175617 active=3
SOLVE n=64 V=0.1 dt=0.0166666675 outer=0 norm=1.99384500304e-10 target=1e-09 q=0.0694444447..0.0694445155 dry=0 full=0 pred=6.05486955e-09 worst=63 old=0.00156249816 C=0.00156249816 h=0.0694445026 floor=0 slope=0.0224999546 weights=0.000378472248 active=2
SOLVE n=64 V=0.1 dt=0.0166666675 outer=0 norm=1.9938466308e-10 target=1e-09 q=0.069444445..0.0694445155 dry=0 full=0 pred=6.05487224e-09 worst=56 old=0.00156249816 C=0.00156249816 h=0.0694445026 floor=0 slope=0.0224999546 weights=0.000378472248 active=2
SOLVE n=384 V=160 dt=0.0166666675 outer=0 norm=1.63807029075e-11 target=1.6e-07 q=2.00000002..2.25 dry=48 full=0 pred=1.12009889e-09 worst=380 old=0.9625 C=0.9625 h=2.00000003 floor=0 slope=0.5 weights=0.0162837698 active=3
SOLVE n=64 V=1 dt=0.0166666675 outer=0 norm=6.98344660072e-06 target=1e-09 q=0.447627042..0.448307462 dry=0 full=0 pred=0.000242370881 worst=11 old=0.0268692591 C=0.0268692591 h=0.447823208 floor=0 slope=0.06 weights=0.00528057447 active=4
SOLVE n=64 V=1 dt=0.0166666675 outer=1 norm=5.91493398112e-10 target=1e-09 q=0.447717653..0.448288214 dry=0 full=0 pred=0.000242370881 worst=5 old=0.00495868708 C=0.00496215477 h=0.447827854 floor=0.00230997837 slope=0.0222758953 weights=0.00212145265 active=3
SOLVE n=64 V=0.1 dt=0.0166666675 outer=0 norm=1.93352799228e-10 target=1e-09 q=0.0694444449..0.0694445212 dry=0 full=0 pred=5.9566681e-09 worst=63 old=0.00156249796 C=0.00156249796 h=0.0694444937 floor=0 slope=0.0224999546 weights=0.00037847224 active=2
SOLVE n=64 V=0.1 dt=0.0166666675 outer=0 norm=1.93353046716e-10 target=1e-09 q=0.0694444453..0.0694445212 dry=0 full=0 pred=5.95666909e-09 worst=56 old=0.00156249796 C=0.00156249796 h=0.0694444937 floor=0 slope=0.0224999546 weights=0.00037847224 active=2
SOLVE n=384 V=160 dt=0.0166666675 outer=0 norm=1.674950661e-11 target=1.6e-07 q=2.00000002..2.25 dry=48 full=0 pred=1.19682749e-09 worst=382 old=0.9625 C=0.9625 h=2.00000003 floor=0 slope=0.5 weights=0.0162837698 active=3
SOLVE n=64 V=1 dt=0.0166666675 outer=0 norm=5.1273739997e-06 target=1e-09 q=0.447717653..0.448288215 dry=0 full=0 pred=0.000238901649 worst=51 old=0.0268629258 C=0.0268629258 h=0.447717653 floor=0 slope=0.06 weights=0.00527998295 active=4
SOLVE n=64 V=1 dt=0.0166666675 outer=1 norm=4.35126541283e-10 target=1e-09 q=0.447640088..0.44828037 dry=0 full=0 pred=0.000238901649 worst=61 old=0.00496215418 C=0.00496509065 h=0.447959631 floor=0.00230997837 slope=0.0222824841 weights=0.00212156375 active=3
SOLVE n=64 V=0.1 dt=0.0166666675 outer=0 norm=1.84788209024e-10 target=1e-09 q=0.0694444451..0.0694445261 dry=0 full=0 pred=5.77647237e-09 worst=63 old=0.00156249776 C=0.00156249776 h=0.0694444851 floor=0 slope=0.0224999546 weights=0.00037847223 active=2
SOLVE n=64 V=0.1 dt=0.0166666675 outer=0 norm=1.84788429806e-10 target=1e-09 q=0.0694444457..0.0694445261 dry=0 full=0 pred=5.77647327e-09 worst=56 old=0.00156249776 C=0.00156249776 h=0.0694444851 floor=0 slope=0.0224999546 weights=0.00037847223 active=2
SOLVE n=384 V=160 dt=0.0166666675 outer=0 norm=1.70088607355e-11 target=1.6e-07 q=2.00000002..2.25 dry=48 full=0 pred=1.27077676e-09 worst=383 old=0.9625 C=0.9625 h=2.00000003 floor=0 slope=0.5 weights=0.0103824408 active=2
SOLVE n=64 V=1 dt=0.0166666675 outer=0 norm=4.32696732127e-06 target=1e-09 q=0.447640088..0.44828037 dry=0 full=0 pred=0.00023607182 worst=28 old=0.026896323 C=0.026896323 h=0.44827205 floor=0 slope=0.06 weights=0.00529336168 active=4
SOLVE n=64 V=1 dt=0.0166666675 outer=1 norm=2.3639950555e-10 target=1e-09 q=0.447594828..0.448340446 dry=0 full=0 pred=0.00023607182 worst=61 old=0.00496509022 C=0.00496725233 h=0.448056633 floor=0.00230997837 slope=0.0222873342 weights=0.00212225698 active=3
SOLVE n=64 V=0.1 dt=0.0166666675 outer=0 norm=1.73946097817e-10 target=1e-09 q=0.0694444453..0.0694445301 dry=0 full=0 pred=5.52060314e-09 worst=63 old=0.00156249758 C=0.00156249758 h=0.0694444769 floor=0 slope=0.0224999546 weights=0.000378472218 active=2
SOLVE n=64 V=0.1 dt=0.0166666675 outer=0 norm=1.73946279456e-10 target=1e-09 q=0.0694444462..0.0694445301 dry=0 full=0 pred=5.52060436e-09 worst=56 old=0.00156249758 C=0.00156249758 h=0.0694444769 floor=0 slope=0.0224999546 weights=0.000378472218 active=2
SOLVE n=384 V=160 dt=0.0166666675 outer=0 norm=1.71646219037e-11 target=1.6e-07 q=2.00000002..2.25 dry=48 full=0 pred=1.34155499e-09 worst=383 old=0.9625 C=0.9625 h=2.00000003 floor=0 slope=0.5 weights=0.0103824408 active=2
SOLVE n=64 V=1 dt=0.0166666675 outer=0 norm=3.83943020885e-06 target=1e-09 q=0.447594828..0.448340446 dry=0 full=0 pred=0.000220766431 worst=28 old=0.0269004267 C=0.0269004267 h=0.448340446 floor=0 slope=0.06 weights=0.00529415421 active=4
SOLVE n=64 V=1 dt=0.0166666675 outer=1 norm=9.16714844374e-11 target=1e-09 q=0.447582625..0.448400652 dry=0 full=0 pred=0.000220766431 worst=18 old=0.0268921469 C=0.0268887003 h=0.448145006 floor=0 slope=0.06 weights=0.00529306396 active=4
SOLVE n=64 V=0.1 dt=0.0166666675 outer=0 norm=1.61119425084e-10 target=1e-09 q=0.0694444456..0.0694445331 dry=0 full=0 pred=5.19669362e-09 worst=63 old=0.00156249741 C=0.00156249741 h=0.0694444692 floor=0 slope=0.0224999546 weights=0.000378472205 active=2
SOLVE n=64 V=0.1 dt=0.0166666675 outer=0 norm=1.61119556407e-10 target=1e-09 q=0.0694444468..0.0694445331 dry=0 full=0 pred=5.19669527e-09 worst=56 old=0.00156249741 C=0.00156249741 h=0.0694444692 floor=0 slope=0.0224999546 weights=0.000378472205 active=2
SOLVE n=384 V=160 dt=0.0166666675 outer=0 norm=1.72228453629e-11 target=1.6e-07 q=2.00000002..2.25 dry=48 full=0 pred=1.4087633e-09 worst=383 old=0.9625 C=0.9625 h=2.00000003 floor=0 slope=0.5 weights=0.0103824408 active=2
SOLVE n=64 V=1 dt=0.0166666675 outer=0 norm=3.92728688571e-06 target=1e-09 q=0.447582626..0.448400653 dry=0 full=0 pred=0.000192851153 worst=21 old=0.0268887052 C=0.0268887052 h=0.448145087 floor=0 slope=0.06 weights=0.00529280313 active=4
SOLVE n=64 V=1 dt=0.0166666675 outer=1 norm=1.05822840564e-10 target=1e-09 q=0.447601007..0.448449157 dry=0 full=0 pred=0.000192851153 worst=15 old=0.000726264347 C=0.000725709253 h=0.448041928 floor=0.300491007 slope=0.00983672958 weights=0.000367106907 active=3
SOLVE n=64 V=0.1 dt=0.0166666675 outer=0 norm=1.46630982572e-10 target=1e-09 q=0.0694444461..0.069444535 dry=0 full=0 pred=4.81349238e-09 worst=63 old=0.00156249724 C=0.00156249724 h=0.069444462 floor=0 slope=0.0224999546 weights=0.000378472191 active=2
SOLVE n=64 V=0.1 dt=0.0166666675 outer=0 norm=1.46631048639e-10 target=1e-09 q=0.0694444477..0.069444535 dry=0 full=0 pred=4.81349446e-09 worst=56 old=0.00156249724 C=0.00156249724 h=0.069444462 floor=0 slope=0.0224999546 weights=0.000378472191 active=2
SOLVE n=384 V=160 dt=0.0166666675 outer=0 norm=1.71933111643e-11 target=1.6e-07 q=2.00000002..2.25 dry=48 full=0 pred=1.47200802e-09 worst=371 old=0.9625 C=0.9625 h=2.00000003 floor=0 slope=0.5 weights=0.0162837698 active=3
SOLVE n=64 V=1 dt=0.0166666675 outer=0 norm=3.82471683082e-06 target=1e-09 q=0.447601007..0.448449157 dry=0 full=0 pred=0.000153205288 worst=43 old=0.0268856654 C=0.0268856654 h=0.448094423 floor=0 slope=0.06 weights=0.00529269897 active=4
SOLVE n=64 V=1 dt=0.0166666675 outer=1 norm=1.34186732202e-10 target=1e-09 q=0.44764492..0.448482979 dry=0 full=0 pred=0.000153205288 worst=48 old=0.000725713755 C=0.000725089239 h=0.447978526 floor=0.30049065 slope=0.00983252665 weights=0.00036693074 active=3
SOLVE n=64 V=0.1 dt=0.0166666675 outer=0 norm=1.30825758366e-10 target=1e-09 q=0.0694444466..0.0694445358 dry=0 full=0 pred=4.38064533e-09 worst=63 old=0.0015624971 C=0.0015624971 h=0.0694444555 floor=0 slope=0.0224999546 weights=0.000378472175 active=2
SOLVE n=64 V=0.1 dt=0.0166666675 outer=0 norm=1.30825837862e-10 target=1e-09 q=0.0694444488..0.0694445358 dry=0 full=0 pred=4.3806478e-09 worst=56 old=0.0015624971 C=0.0015624971 h=0.0694444555 floor=0 slope=0.0224999546 weights=0.000378472175 active=2
SOLVE n=384 V=160 dt=0.0166666675 outer=0 norm=1.70843721527e-11 target=1.6e-07 q=2.00000002..2.25 dry=48 full=0 pred=1.53090779e-09 worst=381 old=0.9625 C=0.9625 h=2.00000003 floor=0 slope=0.5 weights=0.0162837698 active=3
SOLVE n=64 V=1 dt=0.0166666675 outer=0 norm=4.1603203858e-06 target=1e-09 q=0.44764492..0.448482979 dry=0 full=0 pred=0.000119977021 worst=52 old=0.026858564 C=0.026858564 h=0.447644957 floor=0 slope=0.06 weights=0.00527992951 active=4
SOLVE n=64 V=1 dt=0.0166666675 outer=1 norm=1.52339840779e-10 target=1e-09 q=0.447638132..0.448499929 dry=0 full=0 pred=0.000119977021 worst=8 old=0.000725089105 C=0.000724424705 h=0.447910926 floor=0.30049065 slope=0.00982801994 weights=0.000366790628 active=3
SOLVE n=64 V=0.1 dt=0.0166666675 outer=0 norm=1.14075752916e-10 target=1e-09 q=0.0694444471..0.0694445354 dry=0 full=0 pred=4.18216369e-09 worst=45 old=0.00156250086 C=0.00156250086 h=0.0694444827 floor=0 slope=0.0225 weights=0.000756945116 active=4
SOLVE n=64 V=0.1 dt=0.0166666675 outer=0 norm=1.1416723477e-10 target=1e-09 q=0.0694444497..0.0694445354 dry=0 full=0 pred=4.18206074e-09 worst=45 old=0.00156250086 C=0.00156250086 h=0.0694444827 floor=0 slope=0.0225 weights=0.000756945116 active=4
SOLVE n=384 V=160 dt=0.0166666675 outer=0 norm=1.69074428815e-11 target=1.6e-07 q=2.00000002..2.25 dry=48 full=0 pred=1.58510387e-09 worst=382 old=0.9625 C=0.9625 h=2.00000003 floor=0 slope=0.5 weights=0.0162837698 active=3
SOLVE n=64 V=1 dt=0.0166666675 outer=0 norm=4.88069717765e-06 target=1e-09 q=0.447638128..0.44849993 dry=0 full=0 pred=0.000145956368 worst=52 old=0.0268623242 C=0.0268623242 h=0.447707627 floor=0 slope=0.06 weights=0.00527977431 active=4
SOLVE n=64 V=1 dt=0.0166666675 outer=1 norm=1.52903740984e-10 target=1e-09 q=0.447622752..0.448498792 dry=0 full=0 pred=0.000145956368 worst=48 old=0.000724424553 C=0.000723753362 h=0.447842601 floor=0.30049065 slope=0.00982346494 weights=0.000366637875 active=3
SOLVE n=64 V=0.1 dt=0.0166666675 outer=0 norm=1.15421478461e-10 target=1e-09 q=0.0694444445..0.0694445338 dry=0 full=0 pred=4.46261794e-09 worst=45 old=0.00156250097 C=0.00156250097 h=0.0694444878 floor=0 slope=0.0225 weights=0.000756945154 active=4
SOLVE n=64 V=0.1 dt=0.0166666675 outer=0 norm=1.15556041351e-10 target=1e-09 q=0.0694444446..0.0694445338 dry=0 full=0 pred=4.46243638e-09 worst=45 old=0.00156250098 C=0.00156250098 h=0.0694444878 floor=0 slope=0.0225 weights=0.000756945154 active=4
SOLVE n=384 V=160 dt=0.0166666675 outer=0 norm=1.66741956913e-11 target=1.6e-07 q=2.00000002..2.25 dry=48 full=0 pred=1.63735931e-09 worst=376 old=0.9625 C=0.9625 h=2.00000003 floor=0 slope=0.5 weights=0.0162837698 active=3
SOLVE n=64 V=1 dt=0.0166666675 outer=0 norm=5.10021384123e-06 target=1e-09 q=0.44762275..0.448498793 dry=0 full=0 pred=0.000163523271 worst=52 old=0.0268667559 C=0.0268667559 h=0.447781488 floor=0 slope=0.06 weights=0.00527964138 active=4
SOLVE n=64 V=1 dt=0.0166666675 outer=1 norm=1.81971079878e-10 target=1e-09 q=0.447617433..0.448479434 dry=0 full=0 pred=0.000163523271 worst=39 old=0.000725328775 C=0.000726049472 h=0.448076511 floor=0.300491007 slope=0.00983903509 weights=0.000367441812 active=3
SOLVE n=64 V=0.1 dt=0.0166666675 outer=0 norm=1.14643220818e-10 target=1e-09 q=0.0694444403..0.0694445311 dry=0 full=0 pred=4.70439306e-09 worst=45 old=0.00156250109 C=0.00156250109 h=0.0694444929 floor=0 slope=0.0225 weights=0.000756945188 active=4
SOLVE n=64 V=0.1 dt=0.0166666675 outer=0 norm=1.14836669309e-10 target=1e-09 q=0.0694444403..0.0694445311 dry=0 full=0 pred=4.70408852e-09 worst=45 old=0.00156250109 C=0.00156250109 h=0.0694444929 floor=0 slope=0.0225 weights=0.000756945188 active=4
SOLVE n=384 V=160 dt=0.0166666675 outer=0 norm=0.0020553668243 target=1.6e-07 q=2.00000002..2.25 dry=48 full=0 pred=1.70743626e-09 worst=253 old=0.5875 C=0.5875 h=2.15770006 floor=0.75 slope=0.100000004 weights=0.0131829313 active=4
SOLVE n=384 V=160 dt=0.0166666675 outer=1 norm=9.52614873758e-09 target=1.6e-07 q=2.00000002..2.25 dry=48 full=0 pred=1.70743626e-09 worst=275 old=0.6625 C=0.662500806 h=2.00000164 floor=0.6 slope=0.5 weights=0.0145432015 active=4
SOLVE n=64 V=1 dt=0.0166666675 outer=0 norm=4.87983137356e-06 target=1e-09 q=0.447617433..0.448479435 dry=0 full=0 pred=0.00016995706 worst=52 old=0.0268714121 C=0.0268714121 h=0.447859091 floor=0 slope=0.06 weights=0.00527956367 active=4
SOLVE n=64 V=1 dt=0.0166666675 outer=1 norm=2.03880886759e-10 target=1e-09 q=0.447619932..0.448442822 dry=0 full=0 pred=0.00016995706 worst=39 old=0.00072604929 C=0.000726807757 h=0.44815356 floor=0.300491007 slope=0.00984417169 weights=0.000367505086 active=3
SOLVE n=64 V=0.1 dt=0.0166666675 outer=0 norm=1.11615514078e-10 target=1e-09 q=0.0694444368..0.0694445273 dry=0 full=0 pred=4.90092833e-09 worst=45 old=0.00156250121 C=0.00156250121 h=0.069444498 floor=0 slope=0.0225 weights=0.00075694522 active=4
SOLVE n=64 V=0.1 dt=0.0166666675 outer=0 norm=1.11888360268e-10 target=1e-09 q=0.0694444368..0.0694445273 dry=0 full=0 pred=4.90043602e-09 worst=45 old=0.00156250121 C=0.00156250121 h=0.069444498 floor=0 slope=0.0225 weights=0.00075694522 active=4
SOLVE n=384 V=160 dt=0.0166666675 outer=0 norm=0.00677551181893 target=1.6e-07 q=2.00000002..2.37265297 dry=48 full=0 pred=0.0296709744 worst=253 old=0.585694385 C=0.585694385 h=2.37265297 floor=0.75 slope=0.100088786 weights=0.0135397896 active=4
SOLVE n=384 V=160 dt=0.0166666675 outer=1 norm=1.29920019665e-06 target=1.6e-07 q=2.00000002..2.31336774 dry=48 full=0 pred=0.0296709744 worst=253 old=0.585694385 C=0.579761897 h=2.31336774 floor=0.75 slope=0.100044957 weights=0.0135397896 active=4
SOLVE n=384 V=160 dt=0.0166666675 outer=2 norm=5.37552667701e-10 target=1.6e-07 q=2.00000002..2.31335629 dry=48 full=0 pred=0.0296709744 worst=276 old=0.66253019 C=0.662642576 h=2.00061268 floor=0.6 slope=0.498337983 weights=0.0145479342 active=4
SOLVE n=64 V=1 dt=0.0166666675 outer=0 norm=4.31891651778e-06 target=1e-09 q=0.447619933..0.448442822 dry=0 full=0 pred=0.00016743008 worst=11 old=0.0268758967 C=0.0268758967 h=0.447933835 floor=0 slope=0.06 weights=0.00527995727 active=4
SOLVE n=64 V=1 dt=0.0166666675 outer=1 norm=2.01675215193e-10 target=1e-09 q=0.447628024..0.448390952 dry=0 full=0 pred=0.00016743008 worst=39 old=0.000726807553 C=0.000727574088 h=0.448231385 floor=0.300491007 slope=0.00984936006 weights=0.000367566739 active=3
SOLVE n=64 V=0.1 dt=0.0166666675 outer=0 norm=1.27265489941e-10 target=1e-09 q=0.0694444341..0.0694445226 dry=0 full=0 pred=5.04655063e-09 worst=54 old=0.00156250176 C=0.00156250176 h=0.0694445226 floor=0 slope=0.0225 weights=0.000756945407 active=4
SOLVE n=64 V=0.1 dt=0.0166666675 outer=0 norm=1.27246413773e-10 target=1e-09 q=0.0694444341..0.0694445226 dry=0 full=0 pred=5.04578008e-09 worst=49 old=0.00156250176 C=0.00156250176 h=0.0694445226 floor=0 slope=0.0225 weights=0.000756945407 active=4
SOLVE n=384 V=160 dt=0.0166666675 outer=0 norm=0.0128328942485 target=1.6e-07 q=2.00000002..2.51560701 dry=48 full=0 pred=0.0954763975 worst=253 old=0.579760752 C=0.579760752 h=2.51560701 floor=0.75 slope=0.100978995 weights=0.0136881789 active=4
SOLVE n=384 V=160 dt=0.0166666675 outer=1 norm=1.93402471261e-05 target=1.6e-07 q=2.00000002..2.40433361 dry=48 full=0 pred=0.0954763975 worst=253 old=0.579760752 C=0.568543816 h=2.40433361 floor=0.75 slope=0.100631378 weights=0.0136881789 active=4
SOLVE n=384 V=160 dt=0.0166666675 outer=2 norm=7.73181684232e-09 target=1.6e-07 q=2.00000002..2.40416429 dry=48 full=0 pred=0.0954763975 worst=276 old=0.662642576 C=0.662894154 h=2.00128545 floor=0.6 slope=0.4983489 weights=0.0145625129 active=4
SOLVE n=64 V=1 dt=0.0166666675 outer=0 norm=4.9215076643e-05 target=1e-09 q=0.447628023..0.464844619 dry=0 full=0 pred=0.000181923312 worst=28 old=0.0269034571 C=0.0269034571 h=0.464844619 floor=0 slope=0.0275999974 weights=0.00536449589 active=4
SOLVE n=64 V=1 dt=0.0166666675 outer=1 norm=1.90147750459e-10 target=1e-09 q=0.447627604..0.4632558 dry=0 full=0 pred=0.000181923312 worst=39 old=0.000727573887 C=0.000728317488 h=0.448306843 floor=0.300491007 slope=0.00985439058 weights=0.000367640149 active=3
SOLVE n=64 V=0.1 dt=0.0166666675 outer=0 norm=1.44539640805e-10 target=1e-09 q=0.0694444321..0.0694445169 dry=0 full=0 pred=5.13663953e-09 worst=54 old=0.00156250163 C=0.00156250163 h=0.0694445169 floor=0 slope=0.0225 weights=0.000756945346 active=4
SOLVE n=64 V=0.1 dt=0.0166666675 outer=0 norm=1.44511192476e-10 target=1e-09 q=0.0694444321..0.0694445169 dry=0 full=0 pred=5.13546102e-09 worst=49 old=0.00156250163 C=0.00156250163 h=0.0694445169 floor=0 slope=0.0225 weights=0.000756945346 active=4
SOLVE n=384 V=160 dt=0.0166666675 outer=0 norm=0.018008899157 target=1.6e-07 q=2.00000002..2.52206427 dry=48 full=0 pred=0.182998387 worst=253 old=0.568526777 C=0.568526777 h=2.52206427 floor=0.75 slope=0.5 weights=0.0134972294 active=4
SOLVE n=384 V=160 dt=0.0166666675 outer=1 norm=0.00975929998297 target=1.6e-07 q=2.00000002..2.48720725 dry=48 full=0 pred=0.182998387 worst=253 old=0.568526777 C=0.560857566 h=2.48720725 floor=0.75 slope=0.102465332 weights=0.0134972294 active=4
SOLVE n=384 V=160 dt=0.0166666675 outer=2 norm=2.69534836382e-05 target=1.6e-07 q=2.00000002..2.40298029 dry=48 full=0 pred=0.182998387 worst=253 old=0.568526777 C=0.552254176 h=2.40298029 floor=0.75 slope=0.101825312 weights=0.0134972294 active=4
SOLVE n=384 V=160 dt=0.0166666675 outer=3 norm=1.04682310843e-08 target=1.6e-07 q=2.00000002..2.40274638 dry=48 full=0 pred=0.182998387 worst=278 old=0.662894147 C=0.663340849 h=2.00231143 floor=0.6 slope=0.498363058 weights=0.0145887216 active=4
SOLVE n=64 V=1 dt=0.0166666675 outer=0 norm=0.000352962093587 target=1e-09 q=0.447627599..0.544598397 dry=0 full=0 pred=0.00186874045 worst=28 old=0.0268596057 C=0.0268596057 h=0.544598397 floor=0 slope=0.0275999974 weights=0.00569703119 active=4
SOLVE n=64 V=1 dt=0.0166666675 outer=1 norm=1.66953807454e-10 target=1e-09 q=0.447601356..0.533431724 dry=0 full=0 pred=0.00186874045 worst=31 old=0.000728317298 C=0.000729012113 h=0.448377315 floor=0.300491007 slope=0.00985908872 weights=0.000367765352 active=3
SOLVE n=64 V=0.1 dt=0.0166666675 outer=0 norm=1.58720338689e-10 target=1e-09 q=0.0694444308..0.0694445121 dry=0 full=0 pred=5.16776453e-09 worst=54 old=0.00156250149 C=0.00156250149 h=0.0694445105 floor=0 slope=0.0225 weights=0.00075694528 active=4
SOLVE n=64 V=0.1 dt=0.0166666675 outer=0 norm=1.58678689455e-10 target=1e-09 q=0.0694444308..0.0694445121 dry=0 full=0 pred=5.16599924e-09 worst=49 old=0.00156250149 C=0.00156250149 h=0.0694445105 floor=0 slope=0.0225 weights=0.00075694528 active=4
SOLVE n=384 V=160 dt=0.0166666675 outer=0 norm=0.0223279145436 target=1.6e-07 q=2.00000002..2.48950135 dry=48 full=0 pred=0.272498759 worst=253 old=0.552230357 C=0.552230357 h=2.48950135 floor=0.75 slope=0.5 weights=0.0131393761 active=4
SOLVE n=384 V=160 dt=0.0166666675 outer=1 norm=0.0142043085786 target=1.6e-07 q=2.00000002..2.44623721 dry=48 full=0 pred=0.272498759 worst=253 old=0.552230357 C=0.544802593 h=2.44623721 floor=0.75 slope=0.104400036 weights=0.0131393761 active=4
SOLVE n=384 V=160 dt=0.0166666675 outer=2 norm=0.000103129004531 target=1.6e-07 q=2.00000002..2.32529879 dry=48 full=0 pred=0.272498759 worst=253 old=0.552230357 C=0.532279746 h=2.32529879 floor=0.75 slope=0.102694556 weights=0.0131393761 active=4
SOLVE n=384 V=160 dt=0.0166666675 outer=3 norm=5.59767220597e-09 target=1.6e-07 q=2.00000002..2.32440779 dry=48 full=0 pred=0.272498759 worst=253 old=0.552230357 C=0.532188251 h=2.32440779 floor=0.75 slope=0.102681992 weights=0.0131393761 active=4
SOLVE n=64 V=1 dt=0.0166666675 outer=0 norm=0.000866440577277 target=1e-09 q=0.447601353..0.607227283 dry=0 full=0 pred=0.0127281079 worst=28 old=0.0265514056 C=0.0265514056 h=0.607227283 floor=0 slope=0.0275999974 weights=0.0059236264 active=4
SOLVE n=64 V=1 dt=0.0166666675 outer=1 norm=1.69926403282e-10 target=1e-09 q=0.447589031..0.580192053 dry=0 full=0 pred=0.0127281079 worst=3 old=0.00496199011 C=0.00496382507 h=0.44790283 floor=0.00230997837 slope=0.0222796441 weights=0.0021231773 active=3
SOLVE n=64 V=0.1 dt=0.0166666675 outer=0 norm=1.69537755973e-10 target=1e-09 q=0.0694444302..0.069444516 dry=0 full=0 pred=5.13778985e-09 worst=54 old=0.00156250133 C=0.00156250133 h=0.0694445034 floor=0 slope=0.0225 weights=0.000756945233 active=4
SOLVE n=64 V=0.1 dt=0.0166666675 outer=0 norm=1.69477748748e-10 target=1e-09 q=0.0694444302..0.0694445161 dry=0 full=0 pred=5.13519568e-09 worst=49 old=0.00156250133 C=0.00156250133 h=0.0694445034 floor=0 slope=0.0225 weights=0.000756945233 active=4
SOLVE n=384 V=160 dt=0.0166666675 outer=0 norm=0.0246411299765 target=1.6e-07 q=2.00000002..2.40657014 dry=48 full=0 pred=0.339415457 worst=253 old=0.532188246 C=0.532188246 h=2.40657014 floor=0.75 slope=0.10647316 weights=0.0125998717 active=4
SOLVE n=384 V=160 dt=0.0166666675 outer=1 norm=0.000470478476315 target=1.6e-07 q=2.00000002..2.25 dry=48 full=0 pred=0.339415457 worst=253 old=0.532188246 C=0.510726705 h=2.20058378 floor=0.75 slope=0.101905105 weights=0.0125998717 active=4
SOLVE n=384 V=160 dt=0.0166666675 outer=2 norm=1.87460810435e-07 target=1.6e-07 q=2.00000002..2.25 dry=48 full=0 pred=0.339415457 worst=253 old=0.532188246 C=0.510307887 h=2.19647206 floor=0.75 slope=0.101813922 weights=0.0125998717 active=4
SOLVE n=384 V=160 dt=0.0166666675 outer=3 norm=5.97908666848e-09 target=1.6e-07 q=2.00000002..2.25 dry=48 full=0 pred=0.339415457 worst=229 old=0.526799887 C=0.532191185 h=2.03938239 floor=0.9 slope=0.5 weights=0.0124795192 active=4
SOLVE n=64 V=1 dt=0.0166666675 outer=0 norm=0.00135812856617 target=1e-09 q=0.44758903..0.624487245 dry=0 full=0 pred=0.0305657956 worst=28 old=0.0258052333 C=0.0258052333 h=0.624487245 floor=0 slope=0.06 weights=0.0059026543 active=4
SOLVE n=64 V=1 dt=0.0166666675 outer=1 norm=0.000237850928612 target=1e-09 q=0.447590897..0.603762642 dry=0 full=0 pred=0.0305657956 worst=35 old=0.0258052325 C=0.0247996077 h=0.603762637 floor=0 slope=0.0275999974 weights=0.00590265417 active=4
SOLVE n=64 V=1 dt=0.0166666675 outer=2 norm=2.60879569332e-11 target=1e-09 q=0.447590897..0.596131129 dry=0 full=0 pred=0.0305657956 worst=50 old=0.0268877 C=0.0268929378 h=0.448217853 floor=0 slope=0.06 weights=0.00528476106 active=4
SOLVE n=64 V=0.1 dt=0.0166666675 outer=0 norm=1.76808397484e-10 target=1e-09 q=0.0694444302..0.0694445194 dry=0 full=0 pred=5.04594471e-09 worst=54 old=0.00156250116 C=0.00156250116 h=0.0694444959 floor=0 slope=0.0225 weights=0.000756945181 active=4
SOLVE n=64 V=0.1 dt=0.0166666675 outer=0 norm=1.76723549789e-10 target=1e-09 q=0.0694444302..0.0694445196 dry=0 full=0 pred=5.04219909e-09 worst=49 old=0.00156250116 C=0.00156250116 h=0.0694444959 floor=0 slope=0.0225 weights=0.000756945181 active=4
SOLVE n=384 V=160 dt=0.0166666675 outer=0 norm=0.024348136027 target=1.6e-07 q=2.00000002..2.25909808 dry=48 full=0 pred=0.372256342 worst=253 old=0.510307721 C=0.510307721 h=2.25909808 floor=0.75 slope=0.104906905 weights=0.0119278297 active=4
SOLVE n=384 V=160 dt=0.0166666675 outer=1 norm=0.00067074838428 target=1.6e-07 q=2.00000002..2.25 dry=48 full=0 pred=0.372256342 worst=253 old=0.510307721 C=0.489200859 h=2.05150822 floor=0.75 slope=0.0984446588 weights=0.0119278297 active=4
SOLVE n=384 V=160 dt=0.0166666675 outer=2 norm=5.75595177525e-07 target=1.6e-07 q=2.00000002..2.25 dry=48 full=0 pred=0.372256342 worst=253 old=0.510307721 C=0.488602779 h=2.04542708 floor=0.75 slope=0.0982553538 weights=0.0119278297 active=4
SOLVE n=384 V=160 dt=0.0166666675 outer=3 norm=2.15452237119e-10 target=1.6e-07 q=2.00000002..2.25 dry=48 full=0 pred=0.372256342 worst=276 old=0.664995762 C=0.666248052 h=2.00833074 floor=0.6 slope=0.498393108 weights=0.0147142058 active=4
SOLVE n=64 V=1 dt=0.0166666675 outer=0 norm=0.00169786690616 target=1e-09 q=0.447590896..0.604216325 dry=0 full=0 pred=0.0494237692 worst=28 old=0.0245889781 C=0.0245889781 h=0.604216325 floor=0 slope=0.06 weights=0.00566328849 active=4
SOLVE n=64 V=1 dt=0.0166666675 outer=1 norm=5.58357965448e-09 target=1e-09 q=0.447606725..0.578181315 dry=0 full=0 pred=0.0494237692 worst=59 old=0.00496862584 C=0.00497917046 h=0.448591061 floor=0.00230997837 slope=0.0223140556 weights=0.00212985709 active=3
SOLVE n=64 V=1 dt=0.0166666675 outer=2 norm=1.27084922447e-11 target=1e-09 q=0.447606724..0.578181314 dry=0 full=0 pred=0.0494237692 worst=43 old=0.0282992471 C=0.0291544947 h=0.485908245 floor=0 slope=0.06 weights=0.006111298 active=4
SOLVE n=64 V=0.1 dt=0.0166666675 outer=0 norm=1.80438654539e-10 target=1e-09 q=0.0694444308..0.0694445222 dry=0 full=0 pred=4.89285679e-09 worst=54 old=0.00156250098 C=0.00156250098 h=0.069444488 floor=0 slope=0.0225 weights=0.000756945124 active=4
SOLVE n=64 V=0.1 dt=0.0166666675 outer=0 norm=1.80320415312e-10 target=1e-09 q=0.0694444308..0.0694445224 dry=0 full=0 pred=4.88753651e-09 worst=49 old=0.00156250098 C=0.00156250098 h=0.0694444881 floor=0 slope=0.0225 weights=0.000756945125 active=4
SOLVE n=384 V=160 dt=0.0166666675 outer=0 norm=0.0221273163939 target=1.6e-07 q=2.00000002..2.25 dry=48 full=0 pred=0.369949972 worst=253 old=0.488602265 C=0.488602265 h=2.09855507 floor=0.75 slope=0.100275721 weights=0.0112340872 active=4
SOLVE n=384 V=160 dt=0.0166666675 outer=1 norm=0.000785695950883 target=1.6e-07 q=1.90070264..2.25 dry=48 full=0 pred=0.369949972 worst=253 old=0.488602265 C=0.469548166 h=1.90070264 floor=0.75 slope=0.092333479 weights=0.0112340872 active=4
SOLVE n=384 V=160 dt=0.0166666675 outer=2 norm=1.15657508622e-06 target=1.6e-07 q=1.89311161..2.25 dry=48 full=0 pred=0.369949972 worst=253 old=0.488602265 C=0.468848416 h=1.89311161 floor=0.75 slope=0.0920287577 weights=0.0112340872 active=4
SOLVE n=384 V=160 dt=0.0166666675 outer=3 norm=4.50765897902e-10 target=1.6e-07 q=1.8931004..2.25 dry=48 full=0 pred=0.369949972 worst=276 old=0.666248052 C=0.667772907 h=2.01141451 floor=0.6 slope=0.498392761 weights=0.0147562008 active=4
M55 lab ordinary cycle 0 press 0 pool 160 storage 0 wet 336/384 q 1.8931004..2.25 iterations 9 retries 0 residual 4.50765897902e-10 solve 0.456052 ms ledger 0 partition -2.84217094304e-14
SOLVE n=64 V=1 dt=0.0166666675 outer=0 norm=0.00189138831005 target=1e-09 q=0.447606724..0.578181314 dry=0 full=0 pred=0.0628348061 worst=28 old=0.0230268774 C=0.0230268774 h=0.578181313 floor=0 slope=0.06 weights=0.00535585834 active=4
SOLVE n=64 V=1 dt=0.0166666675 outer=1 norm=4.50046251738e-06 target=1e-09 q=0.447636158..0.548997445 dry=0 full=0 pred=0.0628348061 worst=28 old=0.0230268774 C=0.0212803453 h=0.548997438 floor=0 slope=0.0275999974 weights=0.00535585834 active=4
SOLVE n=64 V=1 dt=0.0166666675 outer=2 norm=1.28719965659e-11 target=1e-09 q=0.447636155..0.548851857 dry=0 full=0 pred=0.0628348061 worst=61 old=0.00496550996 C=0.00496883927 h=0.448127831 floor=0.00230997837 slope=0.0222908941 weights=0.00212457283 active=3
SOLVE n=64 V=0.1 dt=0.0166666675 outer=0 norm=1.80424517436e-10 target=1e-09 q=0.0694444319..0.0694445243 dry=0 full=0 pred=4.68054843e-09 worst=54 old=0.0015625008 C=0.0015625008 h=0.06944448 floor=0 slope=0.0225 weights=0.000756945064 active=4
SOLVE n=64 V=0.1 dt=0.0166666675 outer=0 norm=1.80262185454e-10 target=1e-09 q=0.0694444319..0.0694445245 dry=0 full=0 pred=4.67310596e-09 worst=49 old=0.0015625008 C=0.0015625008 h=0.06944448 floor=0 slope=0.0225 weights=0.000756945065 active=4
SOLVE n=384 V=140 dt=0.0166666675 outer=0 norm=0.0145485032208 target=1.4e-07 q=1.64548295..2.25 dry=48 full=0 pred=0.297445986 worst=253 old=0.410241462 C=0.410241462 h=1.64548295 floor=0.75 slope=0.5 weights=0.0104790184 active=4
SOLVE n=384 V=140 dt=0.0166666675 outer=1 norm=5.18958804859e-08 target=1.4e-07 q=1.6170367..2.25 dry=48 full=0 pred=0.297445986 worst=277 old=0.589050816 C=0.588379471 h=1.87012917 floor=0.6 slope=0.442370577 weights=0.0126071236 active=4
SOLVE n=64 V=1 dt=0.0166666675 outer=0 norm=0.00192887741143 target=1e-09 q=0.447636155..0.549005478 dry=0 full=0 pred=0.0694896236 worst=28 old=0.0212763269 C=0.0212763269 h=0.549005471 floor=0 slope=0.06 weights=0.00501134024 active=4
SOLVE n=64 V=1 dt=0.0166666675 outer=1 norm=0.000535672061018 target=1e-09 q=0.447679267..0.519024849 dry=0 full=0 pred=0.0694896236 worst=28 old=0.0212763269 C=0.020013161 h=0.519024838 floor=0 slope=0.0275999974 weights=0.00501134024 active=4
SOLVE n=64 V=1 dt=0.0166666675 outer=2 norm=5.68893691446e-11 target=1e-09 q=0.447679261..0.510888829 dry=0 full=0 pred=0.0694896236 worst=13 old=0.026929857 C=0.0269751689 h=0.449588371 floor=0 slope=0.06 weights=0.00532326633 active=4
SOLVE n=64 V=0.1 dt=0.0166666675 outer=0 norm=1.76850532388e-10 target=1e-09 q=0.0694444334..0.0694445256 dry=0 full=0 pred=4.41239495e-09 worst=54 old=0.00156250062 C=0.00156250062 h=0.069444472 floor=0 slope=0.0225 weights=0.000756945002 active=4
SOLVE n=64 V=0.1 dt=0.0166666675 outer=0 norm=1.7663053651e-10 target=1e-09 q=0.0694444334..0.0694445259 dry=0 full=0 pred=4.40213158e-09 worst=49 old=0.00156250062 C=0.00156250062 h=0.069444472 floor=0 slope=0.0225 weights=0.000756945003 active=4
SOLVE n=384 V=140 dt=0.0166666675 outer=0 norm=0.0111945154077 target=1.4e-07 q=1.6170367..2.25 dry=48 full=0 pred=0.250409088 worst=253 old=0.396018336 C=0.396018336 h=1.6170367 floor=0.75 slope=0.5 weights=0.0103838051 active=4
SOLVE n=384 V=140 dt=0.0166666675 outer=1 norm=3.40688075291e-07 target=1.4e-07 q=1.59510794..2.25 dry=48 full=0 pred=0.250409088 worst=277 old=0.588379523 C=0.586827988 h=1.86797547 floor=0.6 slope=0.443017616 weights=0.0125579771 active=4
SOLVE n=384 V=140 dt=0.0166666675 outer=2 norm=2.66914676841e-09 target=1.4e-07 q=1.59510794..2.25 dry=48 full=0 pred=0.250409088 worst=276 old=0.585743069 C=0.587250514 h=1.84993309 floor=0.6 slope=0.498600604 weights=0.0130052565 active=4
PASS ordinary filled operation is conservative and solves
M55 lab drain cycle 0 press 1 pool 140 storage 20 wet 336/384 q 1.59510794..2.25 iterations 4 retries 0 residual 2.66914676841e-09 solve 0.409756 ms ledger 0 partition 5.68434188608e-14
SOLVE n=64 V=1 dt=0.0166666675 outer=0 norm=0.0017553481883 target=1e-09 q=0.447679261..0.510888829 dry=0 full=0 pred=0.0679557087 worst=36 old=0.0195323384 C=0.0195323384 h=0.507607212 floor=0 slope=0.0275999974 weights=0.00462925409 active=4
SOLVE n=64 V=1 dt=0.0166666675 outer=1 norm=1.60227325701e-07 target=1e-09 q=0.447737323..0.516927848 dry=0 full=0 pred=0.0679557087 worst=3 old=0.00503531084 C=0.00509227912 h=0.453631539 floor=0.00230997837 slope=0.0225660796 weights=0.00217413653 active=3
SOLVE n=64 V=1 dt=0.0166666675 outer=2 norm=1.25954680713e-11 target=1e-09 q=0.447737312..0.516927842 dry=0 full=0 pred=0.0679557087 worst=35 old=0.019532339 C=0.0179649847 h=0.450819029 floor=0 slope=0.0275999974 weights=0.00462925413 active=4
SOLVE n=64 V=0.1 dt=0.0166666675 outer=0 norm=1.69884813664e-10 target=1e-09 q=0.0694444351..0.0694445261 dry=0 full=0 pred=4.09304763e-09 worst=54 old=0.00156250044 C=0.00156250044 h=0.0694444641 floor=0 slope=0.0225 weights=0.000756944939 active=4
SOLVE n=64 V=0.1 dt=0.0166666675 outer=0 norm=1.69590678622e-10 target=1e-09 q=0.0694444351..0.0694445265 dry=0 full=0 pred=4.07908283e-09 worst=49 old=0.00156250044 C=0.00156250044 h=0.0694444642 floor=0 slope=0.0225 weights=0.000756944941 active=4
SOLVE n=384 V=120 dt=0.0166666675 outer=0 norm=0.00683166604676 target=1.2e-07 q=1.48509252..2.25 dry=48 full=0 pred=0.171212143 worst=253 old=0.33004625 C=0.33004625 h=1.48509252 floor=0.75 slope=0.5 weights=0.00976927019 active=4
SOLVE n=384 V=120 dt=0.0166666675 outer=1 norm=5.19678794714e-07 target=1.2e-07 q=1.47166029..2.25 dry=48 full=0 pred=0.171212143 worst=277 old=0.502995702 C=0.50114357 h=1.67872186 floor=0.6 slope=0.454911303 weights=0.0110088456 active=4
SOLVE n=384 V=120 dt=0.0166666675 outer=2 norm=3.44398835307e-09 target=1.2e-07 q=1.47166028..2.25 dry=48 full=0 pred=0.171212143 worst=278 old=0.503357586 C=0.504604253 h=1.68425692 floor=0.6 slope=0.498864135 weights=0.011205942 active=4
SOLVE n=64 V=1 dt=0.0166666675 outer=0 norm=0.00138796750363 target=1e-09 q=0.447737312..0.516927842 dry=0 full=0 pred=0.0594244538 worst=28 old=0.0179649839 C=0.0179649839 h=0.449728859 floor=0 slope=0.0275999974 weights=0.00451114482 active=4
SOLVE n=64 V=1 dt=0.0166666675 outer=1 norm=3.39671013482e-07 target=1e-09 q=0.40441325..0.516661088 dry=0 full=0 pred=0.0594244538 worst=3 old=0.00509213171 C=0.0051756494 h=0.457311036 floor=0.00230997837 slope=0.0227500544 weights=0.00220121201 active=3
SOLVE n=64 V=1 dt=0.0166666675 outer=2 norm=2.7414335579e-11 target=1e-09 q=0.40441325..0.516661075 dry=0 full=0 pred=0.0594244538 worst=27 old=0.0179649847 C=0.016714274 h=0.404413279 floor=0 slope=0.0275999974 weights=0.00451114489 active=4
SOLVE n=64 V=0.1 dt=0.0166666675 outer=0 norm=1.59773817701e-10 target=1e-09 q=0.0694444372..0.0694445257 dry=0 full=0 pred=4.04979681e-09 worst=54 old=0.00156250027 C=0.00156250027 h=0.0694444566 floor=0 slope=0.0225 weights=0.000756944877 active=4
SOLVE n=64 V=0.1 dt=0.0166666675 outer=0 norm=1.59385167852e-10 target=1e-09 q=0.0694444372..0.0694445263 dry=0 full=0 pred=3.85084112e-09 worst=54 old=0.00156250027 C=0.00156250027 h=0.0694444566 floor=0 slope=0.0225 weights=0.000756944879 active=4
SOLVE n=384 V=120 dt=0.0166666675 outer=0 norm=0.00407577588391 target=1.2e-07 q=1.47166029..2.25 dry=48 full=0 pred=0.128984481 worst=253 old=0.323330132 C=0.323330132 h=1.47166029 floor=0.75 slope=0.5 weights=0.00962330589 active=4
SOLVE n=384 V=120 dt=0.0166666675 outer=1 norm=9.02398327602e-07 target=1.2e-07 q=1.46360067..2.25 dry=48 full=0 pred=0.128984481 worst=277 old=0.501144077 C=0.498816674 h=1.67557223 floor=0.6 slope=0.456031545 weights=0.0109497255 active=4
SOLVE n=384 V=120 dt=0.0166666675 outer=2 norm=5.92337222696e-09 target=1.2e-07 q=1.46360067..2.25 dry=48 full=0 pred=0.128984481 worst=276 old=0.504604256 C=0.50576498 h=1.68662797 floor=0.6 slope=0.498881672 weights=0.011215186 active=4
M55 lab drain cycle 0 press 2 pool 120 storage 40 wet 336/384 q 1.46360067..2.25 iterations 4 retries 0 residual 5.92337222696e-09 solve 0.481160 ms ledger 0 partition 7.1054273576e-14
SOLVE n=64 V=1 dt=0.0166666675 outer=0 norm=0.000917601297518 target=1e-09 q=0.398562301..0.516661075 dry=0 full=0 pred=0.045006147 worst=28 old=0.0167142732 C=0.0167142732 h=0.398562301 floor=0 slope=0.0275999974 weights=0.00444193263 active=4
SOLVE n=64 V=1 dt=0.0166666675 outer=1 norm=6.14502566883e-07 target=1e-09 q=0.368090195..0.509759395 dry=0 full=0 pred=0.045006147 worst=59 old=0.00517533698 C=0.0052887382 h=0.462255099 floor=0.00230997837 slope=0.0229972576 weights=0.00223321012 active=3
SOLVE n=64 V=1 dt=0.0166666675 outer=2 norm=4.97158380002e-11 target=1e-09 q=0.368090195..0.509759371 dry=0 full=0 pred=0.045006147 worst=35 old=0.016714274 C=0.015873244 h=0.368090225 floor=0 slope=0.0275999974 weights=0.00444193276 active=4
SOLVE n=64 V=0.1 dt=0.0166666675 outer=0 norm=1.46833295875e-10 target=1e-09 q=0.0694444393..0.0694445245 dry=0 full=0 pred=4.24285584e-09 worst=54 old=0.00156250011 C=0.00156250011 h=0.0694444495 floor=0 slope=0.0225 weights=0.000756944815 active=4
SOLVE n=64 V=0.1 dt=0.0166666675 outer=0 norm=1.46325750335e-10 target=1e-09 q=0.0694444393..0.0694445253 dry=0 full=0 pred=3.99679423e-09 worst=54 old=0.00156250012 C=0.00156250012 h=0.0694444496 floor=0 slope=0.0225 weights=0.000756944818 active=4
SOLVE n=384 V=100 dt=0.0166666675 outer=0 norm=0.0022576564294 target=1e-07 q=1.27946673..2.25 dry=48 full=0 pred=0.0717344401 worst=277 old=0.415681296 C=0.415681296 h=1.50636262 floor=0.6 slope=0.5 weights=0.00919577719 active=4
SOLVE n=384 V=100 dt=0.0166666675 outer=1 norm=9.13791514315e-09 target=1e-07 q=1.28038875..2.25 dry=48 full=0 pred=0.0717344401 worst=48 old=0.00259074612 C=0.00258102791 h=1.98935249 floor=1.95 slope=0.131174894 weights=0.000111384235 active=2
SOLVE n=64 V=1 dt=0.0166666675 outer=0 norm=0.000823710906139 target=1e-09 q=0.359218191..0.509759371 dry=0 full=0 pred=0.0352838264 worst=20 old=0.0305855611 C=0.0305855611 h=0.509759352 floor=0 slope=0.06 weights=0.00601940926 active=4
SOLVE n=64 V=1 dt=0.0166666675 outer=1 norm=9.55792976332e-07 target=1e-09 q=0.344823916..0.496914994 dry=0 full=0 pred=0.0352838264 worst=59 old=0.00528817308 C=0.00543131749 h=0.468413706 floor=0.00230997837 slope=0.0233051879 weights=0.00226780654 active=3
SOLVE n=64 V=1 dt=0.0166666675 outer=2 norm=7.55253359239e-11 target=1e-09 q=0.344823916..0.496914958 dry=0 full=0 pred=0.0352838264 worst=27 old=0.0158732439 C=0.015475962 h=0.344823947 floor=0 slope=0.0275999974 weights=0.00437277157 active=4
SOLVE n=64 V=0.1 dt=0.0166666675 outer=0 norm=1.31439172179e-10 target=1e-09 q=0.0694444416..0.0694445225 dry=0 full=0 pred=4.40398844e-09 worst=54 old=0.00156249997 C=0.00156249997 h=0.069444443 floor=0 slope=0.0225 weights=0.000756944756 active=4
SOLVE n=64 V=0.1 dt=0.0166666675 outer=0 norm=1.39350166287e-10 target=1e-09 q=0.0694444416..0.0694445234 dry=0 full=0 pred=4.10266622e-09 worst=35 old=0.00156250147 C=0.00156250147 h=0.0694445097 floor=0 slope=0.0225 weights=0.000756945305 active=4
SOLVE n=384 V=100 dt=0.0166666675 outer=0 norm=0.002605047066 target=1e-07 q=1.28038875..2.25 dry=48 full=0 pred=0.0663174429 worst=252 old=0.380801987 C=0.380801987 h=1.586604 floor=0.75 slope=0.5 weights=0.00846338426 active=4
SOLVE n=384 V=100 dt=0.0166666675 outer=1 norm=1.67948222119e-08 target=1e-07 q=1.28160867..2.25 dry=48 full=0 pred=0.0663174429 worst=71 old=0.00258101877 C=0.00256787069 h=1.98925206 floor=1.95 slope=0.130840124 weights=0.000111145141 active=2
M55 lab drain cycle 0 press 3 pool 100 storage 60 wet 336/384 q 1.28160867..2.25 iterations 3 retries 0 residual 1.67948222119e-08 solve 0.517391 ms ledger 0 partition 9.94759830064e-14
SOLVE n=64 V=1 dt=0.0166666675 outer=0 norm=0.0011384880063 target=1e-09 q=0.334105525..0.496914958 dry=0 full=0 pred=0.0366164004 worst=44 old=0.0298148958 C=0.0298148958 h=0.496914931 floor=0 slope=0.06 weights=0.00586773805 active=4
SOLVE n=64 V=1 dt=0.0166666675 outer=1 norm=1.28201288028e-06 target=1e-09 q=0.33500833..0.490024662 dry=0 full=0 pred=0.0366164004 worst=59 old=0.00543043845 C=0.00559859643 h=0.47553703 floor=0.00230997837 slope=0.0236613541 weights=0.00230197403 active=3
SOLVE n=64 V=1 dt=0.0166666675 outer=2 norm=9.65287755618e-11 target=1e-09 q=0.33500833..0.490023142 dry=0 full=0 pred=0.0366164004 worst=27 old=0.015475962 C=0.0155008794 h=0.335008362 floor=0 slope=0.0275999974 weights=0.00430685656 active=4
SOLVE n=64 V=0.1 dt=0.0166666675 outer=0 norm=1.14016126067e-10 target=1e-09 q=0.0694444371..0.0694445196 dry=0 full=0 pred=4.52863736e-09 worst=54 old=0.00156249984 C=0.00156249984 h=0.0694444371 floor=0 slope=0.0225 weights=0.000756944719 active=4
SOLVE n=64 V=0.1 dt=0.0166666675 outer=0 norm=1.39694870492e-10 target=1e-09 q=0.0694444372..0.0694445208 dry=0 full=0 pred=4.16312632e-09 worst=35 old=0.00156250161 C=0.00156250161 h=0.0694445159 floor=0 slope=0.0225 weights=0.000756945348 active=4
SOLVE n=384 V=80 dt=0.0166666675 outer=0 norm=0.00241331347346 target=8e-08 q=1.04028694..2.25 dry=48 full=0 pred=0.0571551509 worst=254 old=0.302601176 C=0.302601176 h=1.43020238 floor=0.75 slope=0.5 weights=0.00681261817 active=4
SOLVE n=384 V=80 dt=0.0166666675 outer=1 norm=4.23073576236e-08 target=8e-08 q=1.04158854..2.25 dry=48 full=0 pred=0.0571551509 worst=95 old=0.0311059321 C=0.0310334297 h=1.93645535 floor=1.8 slope=0.45485111 weights=0.000606668662 active=3
SOLVE n=64 V=1 dt=0.0166666675 outer=0 norm=0.00131631302478 target=1e-09 q=0.323132063..0.490023142 dry=0 full=0 pred=0.035202359 worst=44 old=0.0287775699 C=0.0287775699 h=0.479626165 floor=0 slope=0.06 weights=0.00571163077 active=4
SOLVE n=64 V=1 dt=0.0166666675 outer=1 norm=1.47866816631e-06 target=1e-09 q=0.337026618..0.493158825 dry=0 full=0 pred=0.035202359 worst=59 old=0.00559741691 C=0.00578084856 h=0.483177868 floor=0.00230997837 slope=0.0240433961 weights=0.00233248259 active=3
SOLVE n=64 V=1 dt=0.0166666675 outer=2 norm=8.04804627076e-11 target=1e-09 q=0.337026615..0.493157078 dry=0 full=0 pred=0.035202359 worst=3 old=0.00559741691 C=0.00577948709 h=0.483121239 floor=0.00230997837 slope=0.0240405646 weights=0.00233248259 active=3
SOLVE n=64 V=0.1 dt=0.0166666675 outer=0 norm=1.08297028685e-10 target=1e-09 q=0.0694444321..0.0694445183 dry=0 full=0 pred=4.61277994e-09 worst=28 old=0.00156250154 C=0.00156250154 h=0.069444513 floor=0 slope=0.0225 weights=0.000756945318 active=4
SOLVE n=64 V=0.1 dt=0.0166666675 outer=0 norm=1.38225910704e-10 target=1e-09 q=0.0694444322..0.0694445221 dry=0 full=0 pred=4.17342402e-09 worst=36 old=0.00156250175 C=0.00156250175 h=0.0694445221 floor=0 slope=0.0225 weights=0.000756945403 active=4
SOLVE n=384 V=80 dt=0.0166666675 outer=0 norm=0.00269476954876 target=8e-08 q=1.04158854..2.25 dry=48 full=0 pred=0.0631573392 worst=254 old=0.300231039 C=0.300231039 h=1.4254621 floor=0.75 slope=0.5 weights=0.00677600417 active=4
SOLVE n=384 V=80 dt=0.0166666675 outer=1 norm=6.9174705741e-08 target=8e-08 q=1.04320667..2.25 dry=48 full=0 pred=0.0631573392 worst=72 old=0.0310333874 C=0.0309407953 h=1.93625154 floor=1.8 slope=0.45417174 weights=0.000605534736 active=3
M55 lab drain cycle 0 press 4 pool 80 storage 80 wet 336/384 q 1.04320667..2.25 iterations 3 retries 0 residual 6.9174705741e-08 solve 0.361184 ms ledger 0 partition 4.26325641456e-14
SOLVE n=64 V=1 dt=0.0166666675 outer=0 norm=0.00134645268158 target=1e-09 q=0.324296709..0.493157078 dry=0 full=0 pred=0.0310720844 worst=44 old=0.0275921194 C=0.0275921194 h=0.459868657 floor=0 slope=0.06 weights=0.00561133819 active=4
SOLVE n=64 V=1 dt=0.0166666675 outer=1 norm=1.44744293409e-06 target=1e-09 q=0.348012077..0.494009614 dry=0 full=0 pred=0.0310720844 worst=59 old=0.00577948701 C=0.00596386028 h=0.490730285 floor=0.00230997837 slope=0.0244210169 weights=0.00235631791 active=3
SOLVE n=64 V=1 dt=0.0166666675 outer=2 norm=7.51548771201e-11 target=1e-09 q=0.348012075..0.494007917 dry=0 full=0 pred=0.0310720844 worst=59 old=0.00577948701 C=0.00596252569 h=0.490675632 floor=0.00230997837 slope=0.0244182843 weights=0.00235631791 active=3
SOLVE n=64 V=0.1 dt=0.0166666675 outer=0 norm=1.12556415885e-10 target=1e-09 q=0.0694444278..0.069444519 dry=0 full=0 pred=4.65305115e-09 worst=45 old=0.00156250151 C=0.00156250151 h=0.0694445116 floor=0 slope=0.0225 weights=0.000756945308 active=4
SOLVE n=64 V=0.1 dt=0.0166666675 outer=0 norm=1.34837633918e-10 target=1e-09 q=0.069444428..0.0694445283 dry=0 full=0 pred=4.12953753e-09 worst=35 old=0.00156250189 C=0.00156250189 h=0.0694445283 floor=0 slope=0.0225 weights=0.00075694547 active=4
SOLVE n=384 V=60 dt=0.0166666675 outer=0 norm=0.00249465037127 target=6e-08 q=0.801155007..2.25 dry=48 full=0 pred=0.0514910953 worst=253 old=0.16204136 C=0.16204136 h=1.14908274 floor=0.75 slope=0.5 weights=0.00488239263 active=4
SOLVE n=384 V=60 dt=0.0166666675 outer=1 norm=8.80909542391e-08 target=6e-08 q=0.802678251..2.25 dry=48 full=0 pred=0.0514910953 worst=72 old=0.0232055446 C=0.0231152091 h=1.91776727 floor=1.8 slope=0.392557505 weights=0.000501141523 active=3
SOLVE n=384 V=60 dt=0.0166666675 outer=2 norm=6.40940780268e-11 target=6e-08 q=0.802678251..2.25 dry=48 full=0 pred=0.0514910953 worst=96 old=0.0513840699 C=0.0513185214 h=1.82763707 floor=1.65 slope=0.5 weights=0.00103145798 active=3
SOLVE n=64 V=1 dt=0.0166666675 outer=0 norm=0.00123996385858 target=1e-09 q=0.334465471..0.494007917 dry=0 full=0 pred=0.0342463406 worst=44 old=0.0263876954 C=0.0263876954 h=0.439794924 floor=0 slope=0.06 weights=0.00549601906 active=4
SOLVE n=64 V=1 dt=0.0166666675 outer=1 norm=1.16310608282e-06 target=1e-09 q=0.364596845..0.497496499 dry=0 full=0 pred=0.0342463406 worst=59 old=0.00596252562 C=0.00613024267 h=0.497496499 floor=0.00230997837 slope=0.0247593277 weights=0.00237087973 active=3
SOLVE n=64 V=1 dt=0.0166666675 outer=2 norm=7.72151425376e-11 target=1e-09 q=0.364596845..0.497453078 dry=0 full=0 pred=0.0342463406 worst=27 old=0.0165389131 C=0.0173705391 h=0.364596886 floor=0 slope=0.0275999974 weights=0.00417135508 active=4
SOLVE n=64 V=0.1 dt=0.0166666675 outer=0 norm=1.24623311989e-10 target=1e-09 q=0.0694444245..0.0694445224 dry=0 full=0 pred=4.64685348e-09 worst=45 old=0.0015625014 C=0.0015625014 h=0.0694445066 floor=0 slope=0.0225 weights=0.000756945276 active=4
SOLVE n=64 V=0.1 dt=0.0166666675 outer=0 norm=1.29457467392e-10 target=1e-09 q=0.0694444248..0.0694445343 dry=0 full=0 pred=4.02831152e-09 worst=35 old=0.00156250202 C=0.00156250202 h=0.0694445343 floor=0 slope=0.0225 weights=0.000756945535 active=4
SOLVE n=384 V=60 dt=0.0166666675 outer=0 norm=0.00299994703006 target=6e-08 q=0.802678251..2.25 dry=48 full=0 pred=0.0574079678 worst=253 old=0.164493417 C=0.164493417 h=1.15398686 floor=0.75 slope=0.5 weights=0.00484052268 active=4
SOLVE n=384 V=60 dt=0.0166666675 outer=1 norm=1.33751373807e-07 target=6e-08 q=0.804503151..2.25 dry=48 full=0 pred=0.0574079678 worst=95 old=0.0231151211 C=0.0230040522 h=1.91748377 floor=1.8 slope=0.391612498 weights=0.000499582853 active=3
SOLVE n=384 V=60 dt=0.0166666675 outer=2 norm=9.73638727964e-11 target=6e-08 q=0.804503151..2.25 dry=48 full=0 pred=0.0574079678 worst=96 old=0.0513185214 C=0.0512385887 h=1.8274772 floor=1.65 slope=0.5 weights=0.00103018114 active=3
M55 lab drain cycle 0 press 5 pool 60 storage 100 wet 336/384 q 0.804503151..2.25 iterations 4 retries 0 residual 9.73638727964e-11 solve 0.394739 ms ledger 0 partition 7.1054273576e-14
SOLVE n=64 V=1 dt=0.0166666675 outer=0 norm=0.00103929424989 target=1e-09 q=0.350123267..0.497453076 dry=0 full=0 pred=0.0402034833 worst=35 old=0.017370539 C=0.017370539 h=0.350123308 floor=0 slope=0.0275999974 weights=0.00416038257 active=4
SOLVE n=64 V=1 dt=0.0166666675 outer=1 norm=7.67387152764e-07 target=1e-09 q=0.383513123..0.502755835 dry=0 full=0 pred=0.0402034833 worst=58 old=0.00540377845 C=0.00553333703 h=0.472770887 floor=0.00230997837 slope=0.023523047 weights=0.00228487752 active=3
SOLVE n=64 V=1 dt=0.0166666675 outer=2 norm=5.72203887733e-11 target=1e-09 q=0.383513123..0.502729755 dry=0 full=0 pred=0.0402034833 worst=34 old=0.0273998495 C=0.0269394427 h=0.448990711 floor=0 slope=0.06 weights=0.00551481228 active=4
SOLVE n=64 V=0.1 dt=0.0166666675 outer=0 norm=1.3419943012e-10 target=1e-09 q=0.0694444221..0.0694445267 dry=0 full=0 pred=4.59245056e-09 worst=45 old=0.00156250127 C=0.00156250127 h=0.069444501 floor=0 slope=0.0225 weights=0.000756945242 active=4
SOLVE n=64 V=0.1 dt=0.0166666675 outer=0 norm=1.22360280006e-10 target=1e-09 q=0.0694444224..0.06944454 dry=0 full=0 pred=3.86757836e-09 worst=45 old=0.00156250133 C=0.00156250133 h=0.0694445037 floor=0 slope=0.0225 weights=0.000756945301 active=4
SOLVE n=384 V=40 dt=0.0166666675 outer=0 norm=0.00219740007247 target=4e-08 q=0.561335443..2.25 dry=48 full=0 pred=0.0420165033 worst=253 old=0.111630365 C=0.111630365 h=1.04826075 floor=0.75 slope=0.5 weights=0.00332601092 active=4
SOLVE n=384 V=40 dt=0.0166666675 outer=1 norm=1.41168790582e-07 target=4e-08 q=0.562812618..2.25 dry=48 full=0 pred=0.0420165033 worst=95 old=0.0153359457 C=0.0152430295 h=1.89563379 floor=1.8 slope=0.318779229 weights=0.000385201955 active=3
SOLVE n=384 V=40 dt=0.0166666675 outer=2 norm=1.08485986931e-10 target=4e-08 q=0.562812618..2.25 dry=48 full=0 pred=0.0420165033 worst=97 old=0.0341590591 C=0.0340908882 h=1.79301937 floor=1.65 slope=0.476731149 weights=0.000997997623 active=4
SOLVE n=64 V=1 dt=0.0166666675 outer=0 norm=0.00104729412287 target=1e-09 q=0.367965915..0.502729753 dry=0 full=0 pred=0.0423708537 worst=35 old=0.018292099 C=0.018292099 h=0.367965959 floor=0 slope=0.0275999974 weights=0.00417091708 active=4
SOLVE n=64 V=1 dt=0.0166666675 outer=1 norm=8.58890806357e-07 target=1e-09 q=0.395258686..0.505826729 dry=0 full=0 pred=0.0423708537 worst=58 old=0.00553263118 C=0.00567135859 h=0.47860225 floor=0.00230997837 slope=0.0238146152 weights=0.00230884063 active=3
SOLVE n=64 V=1 dt=0.0166666675 outer=2 norm=7.47531490918e-11 target=1e-09 q=0.395258677..0.505817732 dry=0 full=0 pred=0.0423708537 worst=20 old=0.0243718394 C=0.0237155206 h=0.395258677 floor=0 slope=0.06 weights=0.00526222713 active=4
SOLVE n=64 V=0.1 dt=0.0166666675 outer=0 norm=1.41037014645e-10 target=1e-09 q=0.0694444206..0.0694445305 dry=0 full=0 pred=4.48904177e-09 worst=45 old=0.00156250114 C=0.00156250114 h=0.0694444951 floor=0 slope=0.0225 weights=0.000756945204 active=4
SOLVE n=64 V=0.1 dt=0.0166666675 outer=0 norm=1.27546233297e-10 target=1e-09 q=0.069444421..0.0694445454 dry=0 full=0 pred=3.64626041e-09 worst=45 old=0.00156250121 C=0.00156250121 h=0.0694444983 floor=0 slope=0.0225 weights=0.000756945271 active=4
SOLVE n=384 V=40 dt=0.0166666675 outer=0 norm=0.00237623189325 target=4e-08 q=0.562812618..2.25 dry=48 full=0 pred=0.0475818576 worst=253 old=0.113804378 C=0.113804378 h=1.05260878 floor=0.75 slope=0.5 weights=0.00331217944 active=4
SOLVE n=384 V=40 dt=0.0166666675 outer=1 norm=2.05121339712e-07 target=4e-08 q=0.564544841..2.25 dry=48 full=0 pred=0.0475818576 worst=72 old=0.0152428883 C=0.0151312619 h=1.89528253 floor=1.8 slope=0.317608374 weights=0.000383328802 active=3
SOLVE n=384 V=40 dt=0.0166666675 outer=2 norm=1.59113327955e-10 target=4e-08 q=0.564544841..2.25 dry=48 full=0 pred=0.0475818576 worst=118 old=0.0340908881 C=0.0340078334 h=1.79284504 floor=1.65 slope=0.476150071 weights=0.000996109461 active=4
M55 lab drain cycle 0 press 6 pool 40 storage 120 wet 336/384 q 0.564544841..2.25 iterations 4 retries 0 residual 1.59113327955e-10 solve 0.389970 ms ledger 0 partition 4.97379915032e-14
SOLVE n=64 V=1 dt=0.0166666675 outer=0 norm=0.000997164487035 target=1e-09 q=0.385281277..0.50581773 dry=0 full=0 pred=0.0415261132 worst=35 old=0.0192313799 C=0.0192313799 h=0.385281323 floor=0 slope=0.0275999974 weights=0.004203421 active=4
SOLVE n=64 V=1 dt=0.0166666675 outer=1 norm=8.36692603625e-07 target=1e-09 q=0.389031132..0.506142971 dry=0 full=0 pred=0.0415261132 worst=58 old=0.00567057159 C=0.00580917024 h=0.484354369 floor=0.00230997837 slope=0.0241022211 weights=0.002327882 active=3
SOLVE n=64 V=1 dt=0.0166666675 outer=2 norm=6.47853113929e-11 target=1e-09 q=0.389031132..0.506142652 dry=0 full=0 pred=0.0415261132 worst=43 old=0.0237155235 C=0.0233418709 h=0.389031182 floor=0 slope=0.06 weights=0.00516157114 active=4
SOLVE n=64 V=0.1 dt=0.0166666675 outer=0 norm=1.44953200745e-10 target=1e-09 q=0.06944442..0.0694445338 dry=0 full=0 pred=4.33681184e-09 worst=45 old=0.001562501 C=0.001562501 h=0.0694444888 floor=0 slope=0.0225 weights=0.000756945162 active=4
SOLVE n=64 V=0.1 dt=0.0166666675 outer=0 norm=1.29708021299e-10 target=1e-09 q=0.0694444206..0.0694445505 dry=0 full=0 pred=3.364451e-09 worst=45 old=0.00156250108 C=0.00156250108 h=0.0694444926 floor=0 slope=0.0225 weights=0.000756945238 active=4
SOLVE n=384 V=20 dt=0.0166666675 outer=0 norm=0.0012239789962 target=2e-08 q=0.319772434..2.25 dry=48 full=0 pred=0.0278844024 worst=253 old=0.0580780459 C=0.0580780459 h=0.941156116 floor=0.75 slope=0.5 weights=0.0018311495 active=4
SOLVE n=384 V=20 dt=0.0166666675 outer=1 norm=1.64737399438e-07 target=2e-08 q=0.320815976..2.25 dry=48 full=0 pred=0.0278844024 worst=72 old=0.00756552839 C=0.00749508651 h=1.86706008 floor=1.8 slope=0.22353354 weights=0.000250230605 active=3
SOLVE n=384 V=20 dt=0.0166666675 outer=2 norm=1.33058078715e-10 target=2e-08 q=0.320815976..2.25 dry=48 full=0 pred=0.0278844024 worst=118 old=0.0170039166 C=0.0169509158 h=1.75084916 floor=1.65 slope=0.336163807 weights=0.000616367149 active=4
SOLVE n=64 V=1 dt=0.0166666675 outer=0 norm=0.000910196438263 target=1e-09 q=0.389031131..0.506142651 dry=0 full=0 pred=0.0385558767 worst=35 old=0.0201347272 C=0.0201347272 h=0.400138551 floor=0 slope=0.0275999974 weights=0.00430221477 active=4
SOLVE n=64 V=1 dt=0.0166666675 outer=1 norm=6.87141151574e-07 target=1e-09 q=0.387501307..0.503315769 dry=0 full=0 pred=0.0385558767 worst=58 old=0.00580840437 C=0.00593544327 h=0.489565266 floor=0.00230997837 slope=0.024362766 weights=0.00234002163 active=3
SOLVE n=64 V=1 dt=0.0166666675 outer=2 norm=5.5570752752e-11 target=1e-09 q=0.3875013..0.503308251 dry=0 full=0 pred=0.0385558767 worst=19 old=0.0233418708 C=0.0232500811 h=0.387501352 floor=0 slope=0.06 weights=0.00512562021 active=4
SOLVE n=64 V=0.1 dt=0.0166666675 outer=0 norm=1.45835684211e-10 target=1e-09 q=0.0694444203..0.0694445366 dry=0 full=0 pred=4.13696154e-09 worst=45 old=0.00156250085 C=0.00156250085 h=0.0694444824 floor=0 slope=0.0225 weights=0.000756945117 active=4
SOLVE n=64 V=0.1 dt=0.0166666675 outer=0 norm=1.28749091311e-10 target=1e-09 q=0.069444421..0.069444555 dry=0 full=0 pred=3.02346859e-09 worst=45 old=0.00156250095 C=0.00156250095 h=0.0694444869 floor=0 slope=0.0225 weights=0.000756945204 active=4
SOLVE n=384 V=20 dt=0.0166666675 outer=0 norm=0.00125676357328 target=2e-08 q=0.320815976..2.25 dry=48 full=0 pred=0.0324127921 worst=253 old=0.0592951272 C=0.0592951272 h=0.943590279 floor=0.75 slope=0.5 weights=0.00182474899 active=4
SOLVE n=384 V=20 dt=0.0166666675 outer=1 norm=2.42054905946e-07 target=2e-08 q=0.322034413..2.25 dry=48 full=0 pred=0.0324127921 worst=72 old=0.0074949218 C=0.00740997748 h=1.86667825 floor=1.8 slope=0.22226077 weights=0.000248328865 active=3
SOLVE n=384 V=20 dt=0.0166666675 outer=2 norm=1.97495609005e-10 target=2e-08 q=0.322034413..2.25 dry=48 full=0 pred=0.0324127921 worst=118 old=0.0169509156 C=0.0168864333 h=1.75065716 floor=1.65 slope=0.335523803 weights=0.000614572312 active=4
M55 lab drain cycle 0 press 7 pool 20 storage 140 wet 336/384 q 0.322034413..2.25 iterations 4 retries 0 residual 1.97495609005e-10 solve 0.359912 ms ledger 0 partition 7.46069872548e-14
SOLVE n=64 V=1 dt=0.0166666675 outer=0 norm=0.000803689233411 target=1e-09 q=0.387501299..0.50330825 dry=0 full=0 pred=0.0342179225 worst=28 old=0.0209657981 C=0.0209657981 h=0.411368089 floor=0 slope=0.0275999974 weights=0.00442624257 active=4
SOLVE n=64 V=1 dt=0.0166666675 outer=1 norm=9.39163373335e-07 target=1e-09 q=0.390249875..0.497179097 dry=0 full=0 pred=0.0342179225 worst=60 old=0.00627498057 C=0.00612238495 h=0.497179033 floor=0.00230997837 slope=0.0247434544 weights=0.00242781552 active=3
SOLVE n=64 V=1 dt=0.0166666675 outer=2 norm=5.66012069832e-11 target=1e-09 q=0.390249841..0.497144086 dry=0 full=0 pred=0.0342179225 worst=28 old=0.0209657981 C=0.0217055721 h=0.438171497 floor=0 slope=0.0275999974 weights=0.00442624257 active=4
SOLVE n=64 V=0.1 dt=0.0166666675 outer=0 norm=1.43646369852e-10 target=1e-09 q=0.0694444214..0.0694445387 dry=0 full=0 pred=3.8917073e-09 worst=45 old=0.00156250071 C=0.00156250071 h=0.0694444759 floor=0 slope=0.0225 weights=0.00075694507 active=4
SOLVE n=64 V=0.1 dt=0.0166666675 outer=0 norm=1.2465194926e-10 target=1e-09 q=0.0694444222..0.0694445589 dry=0 full=0 pred=2.62588379e-09 worst=42 old=0.00156250083 C=0.00156250083 h=0.0694444811 floor=0 slope=0.0225 weights=0.000756945167 active=4
SOLVE n=384 V=5.5744092068e-14 dt=0.0166666675 outer=0 norm=4.57001877737e-12 target=1e-09 q=3.77448931e-08..2.25 dry=48 full=0 pred=8.80609376e-17 worst=383 old=2.77555756e-16 C=2.77555763e-16 h=3.94823557e-08 floor=0 slope=4.30159472e-08 weights=3.04667845e-11 active=2
SOLVE n=64 V=1 dt=0.0166666675 outer=0 norm=0.000696327755195 target=1e-09 q=0.390249841..0.497144085 dry=0 full=0 pred=0.0312365557 worst=28 old=0.021705572 C=0.021705572 h=0.418561792 floor=0 slope=0.0275999974 weights=0.00453136627 active=4
SOLVE n=64 V=1 dt=0.0166666675 outer=1 norm=2.17576877845e-06 target=1e-09 q=0.396513789..0.49641296 dry=0 full=0 pred=0.0312365557 worst=60 old=0.00612151867 C=0.00589287846 h=0.487814997 floor=0.00230997837 slope=0.0242752525 weights=0.00239332652 active=3
SOLVE n=64 V=1 dt=0.0166666675 outer=2 norm=1.68978980006e-10 target=1e-09 q=0.396513714..0.496405601 dry=0 full=0 pred=0.0312365557 worst=60 old=0.00612151867 C=0.00589087823 h=0.487732592 floor=0.00230997837 slope=0.0242711323 weights=0.00239332652 active=3
SOLVE n=64 V=0.1 dt=0.0166666675 outer=0 norm=1.38423522594e-10 target=1e-09 q=0.0694444232..0.0694445402 dry=0 full=0 pred=3.7977042e-09 worst=45 old=0.00156250056 C=0.00156250056 h=0.0694444695 floor=0 slope=0.0225 weights=0.000756945022 active=4
SOLVE n=64 V=0.1 dt=0.0166666675 outer=0 norm=1.17479244903e-10 target=1e-09 q=0.0694444242..0.0694445621 dry=0 full=0 pred=2.17551765e-09 worst=42 old=0.0015625007 C=0.0015625007 h=0.0694444756 floor=0 slope=0.0225 weights=0.000756945131 active=4
SOLVE n=384 V=5.5744092068e-14 dt=0.0166666675 outer=0 norm=4.44837680162e-12 target=1e-09 q=3.77838369e-08..2.25 dry=51 full=0 pred=1.57548949e-14 worst=361 old=5.27355937e-16 C=5.2735594e-16 h=4.43655888e-08 floor=0 slope=5.92933911e-08 weights=2.96541948e-11 active=3
M55 lab drain cycle 0 press 8 pool 0 storage 160 wet 0/384 q 3.78225398e-08..2.25 iterations 0 retries 0 residual 4.44837680162e-12 solve 0.245185 ms ledger 0 partition 5.5744092068e-14
SOLVE n=64 V=1 dt=0.0166666675 outer=0 norm=0.000604291306923 target=1e-09 q=0.396513714..0.496405601 dry=0 full=0 pred=0.0369069787 worst=28 old=0.0223527692 C=0.0223527692 h=0.422064285 floor=0 slope=0.0275999974 weights=0.00461810149 active=4
SOLVE n=64 V=1 dt=0.0166666675 outer=1 norm=3.70205220152e-06 target=1e-09 q=0.405306144..0.497161708 dry=0 full=0 pred=0.0369069787 worst=3 old=0.00589087961 C=0.00559922813 h=0.475563727 floor=0.00230997837 slope=0.023662689 weights=0.00234732148 active=3
SOLVE n=64 V=1 dt=0.0166666675 outer=2 norm=5.15049451385e-10 target=1e-09 q=0.405306018..0.497160068 dry=0 full=0 pred=0.0369069787 worst=3 old=0.00589087961 C=0.00559582914 h=0.475420061 floor=0.00230997837 slope=0.0236555057 weights=0.00234732148 active=3
SOLVE n=64 V=0.1 dt=0.0166666675 outer=0 norm=1.30281217492e-10 target=1e-09 q=0.0694444257..0.069444541 dry=0 full=0 pred=3.95231155e-09 worst=45 old=0.00156250043 C=0.00156250043 h=0.0694444634 floor=0 slope=0.0225 weights=0.000756944973 active=4
SOLVE n=64 V=0.1 dt=0.0166666675 outer=0 norm=1.07374121942e-10 target=1e-09 q=0.069444427..0.0694445646 dry=0 full=0 pred=1.83233424e-09 worst=42 old=0.00156250058 C=0.00156250058 h=0.0694444704 floor=0 slope=0.0225 weights=0.000756945095 active=4
SOLVE n=384 V=1.3624999868 dt=0.0166666675 outer=0 norm=0.0637915008627 target=1.3624999868e-09 q=3.78225398e-08..2.8 dry=54 full=1 pred=1.49256899e-14 worst=379 old=1.36249999 C=1.36249999 h=2.8 floor=0 slope=0.5 weights=0.0231265483 active=3
SOLVE n=384 V=1.3624999868 dt=0.0166666675 outer=1 norm=0.0598045320588 target=1.3624999868e-09 q=3.78249489e-08..2.79999993 dry=179 full=0 pred=1.49256899e-14 worst=379 old=1.36249999 C=1.36249995 h=2.79999993 floor=0 slope=0.5 weights=0.0231265483 active=3
SOLVE n=384 V=1.3624999868 dt=0.0166666675 outer=2 norm=0.00320370024547 target=1.3624999868e-09 q=3.78610634e-08..2.68312401 dry=184 full=0 pred=1.49256899e-14 worst=355 old=6.75824882e-16 C=0.0187821346 h=0.256156895 floor=0.15 slope=0.353856229 weights=0.00641888979 active=4
SOLVE n=384 V=1.3624999868 dt=0.0166666675 outer=3 norm=0.000131920602239 target=1.3624999868e-09 q=3.78610055e-08..2.68287763 dry=184 full=0 pred=1.49256899e-14 worst=355 old=6.75824882e-16 C=0.0157658808 h=0.247260133 floor=0.15 slope=0.324200358 weights=0.00641888979 active=4
SOLVE n=384 V=1.3624999868 dt=0.0166666675 outer=4 norm=2.65541383077e-07 target=1.3624999868e-09 q=3.78610055e-08..2.68287019 dry=184 full=0 pred=1.49256899e-14 worst=355 old=6.75824882e-16 C=0.0156367401 h=0.246860978 floor=0.15 slope=0.322869841 weights=0.00641888979 active=4
SOLVE n=384 V=1.3624999868 dt=0.0166666675 outer=5 norm=1.60327804378e-10 target=1.3624999868e-09 q=3.78610055e-08..2.68287017 dry=184 full=0 pred=1.49256899e-14 worst=185 old=1.20959367e-19 C=1.62722592e-10 h=1.2000099 floor=1.2 slope=3.29365548e-05 weights=1.70863423e-11 active=3
PASS large pool substantially drains through authored Z action
M55 lab refill cycle 0 press 1 pool 1.3624999868 storage 158.637500013 wet 4/384 q 3.78610056e-08..2.68287017 iterations 14 retries 0 residual 1.60327804378e-10 solve 0.514136 ms ledger 0 partition 5.57331958362e-14
SOLVE n=64 V=1 dt=0.0166666675 outer=0 norm=0.000643003478869 target=1e-09 q=0.405306018..0.497160068 dry=0 full=0 pred=0.0406027683 worst=20 old=0.0243183611 C=0.0243183611 h=0.405306018 floor=0 slope=0.06 weights=0.00505657182 active=4
SOLVE n=64 V=1 dt=0.0166666675 outer=1 norm=5.18890735626e-06 target=1e-09 q=0.415550061..0.495677097 dry=0 full=0 pred=0.0406027683 worst=3 old=0.00559582863 C=0.00526021688 h=0.461013217 floor=0.00230997837 slope=0.0229351635 weights=0.00228862497 active=3
SOLVE n=64 V=1 dt=0.0166666675 outer=2 norm=1.0767084411e-09 target=1e-09 q=0.415549887..0.495673496 dry=0 full=0 pred=0.0406027683 worst=3 old=0.00559582863 C=0.00525545632 h=0.460805604 floor=0.00230997837 slope=0.0229247828 weights=0.00228862497 active=3
SOLVE n=64 V=1 dt=0.0166666675 outer=3 norm=8.30479926365e-11 target=1e-09 q=0.415549887..0.495673496 dry=0 full=0 pred=0.0406027683 worst=11 old=0.0264268557 C=0.0260034239 h=0.433392621 floor=0 slope=0.06 weights=0.00540279556 active=4
SOLVE n=64 V=0.1 dt=0.0166666675 outer=0 norm=1.19407391687e-10 target=1e-09 q=0.0694444288..0.0694445409 dry=0 full=0 pred=4.0808382e-09 worst=45 old=0.0015625003 C=0.0015625003 h=0.0694444576 floor=0 slope=0.0225 weights=0.000756944926 active=4
SOLVE n=64 V=0.1 dt=0.0166666675 outer=0 norm=9.45577974898e-11 target=1e-09 q=0.0694444303..0.0694445663 dry=0 full=0 pred=2.07010793e-09 worst=42 old=0.00156250048 C=0.00156250048 h=0.0694444656 floor=0 slope=0.0225 weights=0.000756945061 active=4
SOLVE n=384 V=1.3624999868 dt=0.0166666675 outer=0 norm=0.114349970094 target=1.3624999868e-09 q=3.78610056e-08..2.68287017 dry=56 full=0 pred=1.28249803 worst=379 old=1.30393507 C=1.30393507 h=2.68287017 floor=0 slope=0.5 weights=0.0221246815 active=3
SOLVE n=384 V=1.3624999868 dt=0.0166666675 outer=1 norm=0.0712102641051 target=1.3624999868e-09 q=3.79337563e-08..2.46809112 dry=157 full=0 pred=1.28249803 worst=381 old=9.7197622e-16 C=0.0712102816 h=0.21742059 floor=0 slope=0.5 weights=0.000131602497 active=3
SOLVE n=384 V=1.3624999868 dt=0.0166666675 outer=2 norm=0.00937074436524 target=1.3624999868e-09 q=3.7911103e-08..2.46720383 dry=158 full=0 pred=1.28249803 worst=356 old=1.95217102e-16 C=0.00937925655 h=0.22501705 floor=0.15 slope=0.250056748 weights=9.58712196e-05 active=4
SOLVE n=384 V=1.3624999868 dt=0.0166666675 outer=3 norm=0.00233876695459 target=1.3624999868e-09 q=3.79051735e-08..2.46720337 dry=160 full=0 pred=1.28249803 worst=354 old=1.94371844e-16 C=0.00235086913 h=0.187556936 floor=0.15 slope=0.1251897 weights=9.58712195e-05 active=4
SOLVE n=384 V=1.3624999868 dt=0.0166666675 outer=4 norm=0.000580792216533 target=1.3624999868e-09 q=3.79022333e-08..2.46720314 dry=163 full=0 pred=1.28249803 worst=354 old=1.94371844e-16 C=0.00059468339 h=0.168889442 floor=0.15 slope=0.0629647198 weights=9.58712195e-05 active=4
SOLVE n=384 V=1.3624999868 dt=0.0166666675 outer=5 norm=0.000141375694811 target=1.3624999868e-09 q=3.79007951e-08..2.46720302 dry=164 full=0 pred=1.28249803 worst=354 old=1.94371844e-16 C=0.000156149514 h=0.159679371 floor=0.15 slope=0.0322644815 weights=9.58712195e-05 active=4
SOLVE n=384 V=1.3624999868 dt=0.0166666675 outer=6 norm=3.18106642461e-05 target=1.3624999868e-09 q=3.79001352e-08..2.46720297 dry=166 full=0 pred=1.28249803 worst=354 old=1.94371844e-16 C=4.7003167e-05 h=0.155310572 floor=0.15 slope=0.0177018204 weights=9.58712195e-05 active=4
SOLVE n=384 V=1.3624999868 dt=0.0166666675 outer=7 norm=5.32437507574e-06 target=1.3624999868e-09 q=3.78998952e-08..2.46720295 dry=166 full=0 pred=1.28249803 worst=354 old=1.94371844e-16 C=2.06881684e-05 h=0.153523221 floor=0.15 slope=0.0117439824 weights=9.58712195e-05 active=4
SOLVE n=384 V=1.3624999868 dt=0.0166666675 outer=8 norm=3.37051317467e-07 target=1.3624999868e-09 q=3.78998522e-08..2.46720295 dry=166 full=0 pred=1.28249803 worst=354 old=1.94371844e-16 C=1.57439417e-05 h=0.15307352 floor=0.15 slope=0.0102449798 weights=9.58712195e-05 active=4
SOLVE n=384 V=1.3624999868 dt=0.0166666675 outer=9 norm=1.77041616309e-09 target=1.3624999868e-09 q=3.78998507e-08..2.46720295 dry=166 full=0 pred=1.28249803 worst=354 old=1.94371844e-16 C=1.54117845e-05 h=0.153040926 floor=0.15 slope=0.0101363322 weights=9.58712195e-05 active=4
SOLVE n=384 V=1.3624999868 dt=0.0166666675 outer=10 norm=3.94799212968e-11 target=1.3624999868e-09 q=3.78998507e-08..2.46720295 dry=169 full=0 pred=1.28249803 worst=210 old=1.20878779e-22 C=4.169051e-11 h=1.05000503 floor=1.05 slope=1.66714167e-05 weights=1.71904342e-11 active=3
SOLVE n=64 V=1 dt=0.0166666675 outer=0 norm=0.000667529590366 target=1e-09 q=0.415549887..0.495673496 dry=0 full=0 pred=0.0423533004 worst=20 old=0.0249329932 C=0.0249329932 h=0.415549887 floor=0 slope=0.06 weights=0.00503571623 active=4
SOLVE n=64 V=1 dt=0.0166666675 outer=1 norm=6.27353234247e-06 target=1e-09 q=0.426203223..0.491785975 dry=0 full=0 pred=0.0423533004 worst=3 old=0.00525545533 C=0.00489857372 h=0.444964399 floor=0.00230997837 slope=0.0221327225 weights=0.00221747054 active=3
SOLVE n=64 V=1 dt=0.0166666675 outer=2 norm=1.69007776573e-09 target=1e-09 q=0.426203014..0.491769956 dry=0 full=0 pred=0.0423533004 worst=3 old=0.00525545533 C=0.00489281999 h=0.444704358 floor=0.00230997837 slope=0.0221197204 weights=0.00221747054 active=3
SOLVE n=64 V=1 dt=0.0166666675 outer=3 norm=3.71000127321e-12 target=1e-09 q=0.426203014..0.491769956 dry=0 full=0 pred=0.0423533004 worst=43 old=0.0249329962 C=0.0255721837 h=0.426203062 floor=0 slope=0.06 weights=0.00503571673 active=4
SOLVE n=64 V=0.1 dt=0.0166666675 outer=0 norm=1.06059543458e-10 target=1e-09 q=0.0694444323..0.0694445401 dry=0 full=0 pred=4.1797389e-09 worst=45 old=0.00156250018 C=0.00156250018 h=0.0694444523 floor=0 slope=0.0225 weights=0.00075694488 active=4
SOLVE n=64 V=0.1 dt=0.0166666675 outer=0 norm=9.45216316243e-11 target=1e-09 q=0.0694444341..0.0694445671 dry=0 full=0 pred=2.2611863e-09 worst=54 old=0.00156249977 C=0.00156249977 h=0.0694444341 floor=0 slope=0.0225 weights=0.000756944575 active=4
SOLVE n=384 V=21.3624999868 dt=0.0166666675 outer=0 norm=0.117715861669 target=2.13624999868e-08 q=3.99316389e-08..2.73185269 dry=58 full=0 pred=2.3616544 worst=379 old=1.32842633 C=1.32842633 h=2.73185269 floor=0 slope=0.5 weights=0.0225436521 active=3
SOLVE n=384 V=21.3624999868 dt=0.0166666675 outer=1 norm=0.103001378952 target=2.13624999868e-08 q=3.99356726e-08..2.70408735 dry=130 full=0 pred=2.3616544 worst=379 old=1.32842633 C=1.31454366 h=2.70408735 floor=0 slope=0.5 weights=0.0225436521 active=3
SOLVE n=384 V=21.3624999868 dt=0.0166666675 outer=2 norm=0.00669908122057 target=2.13624999868e-08 q=3.99638953e-08..2.50972778 dry=132 full=0 pred=2.3616544 worst=260 old=6.88364316e-23 C=0.0124995198 h=0.836600902 floor=0.75 slope=0.28866959 weights=0.00391155237 active=3
SOLVE n=384 V=21.3624999868 dt=0.0166666675 outer=3 norm=0.000874190597612 target=2.13624999868e-08 q=3.99638655e-08..2.50972778 dry=132 full=0 pred=2.3616544 worst=260 old=6.88364316e-23 C=0.0067625195 h=0.813698625 floor=0.75 slope=0.212328668 weights=0.00391155237 active=3
SOLVE n=384 V=21.3624999868 dt=0.0166666675 outer=4 norm=2.72523003138e-05 target=2.13624999868e-08 q=3.99638654e-08..2.50972778 dry=135 full=0 pred=2.3616544 worst=260 old=6.88364316e-23 C=0.00593118193 h=0.809654942 floor=0.75 slope=0.198849725 weights=0.00391155237 active=3
SOLVE n=384 V=21.3624999868 dt=0.0166666675 outer=5 norm=3.01193406552e-08 target=2.13624999868e-08 q=3.99638654e-08..2.50972778 dry=137 full=0 pred=2.3616544 worst=260 old=6.88364316e-23 C=0.00590448033 h=0.80952051 floor=0.75 slope=0.198401619 weights=0.00391155237 active=3
SOLVE n=384 V=21.3624999868 dt=0.0166666675 outer=6 norm=6.21060267179e-10 target=2.13624999868e-08 q=3.99638654e-08..2.50972778 dry=139 full=0 pred=2.3616544 worst=284 old=0.844930416 C=0.822005374 h=2.31901077 floor=0.6 slope=0.5 weights=0.0185473989 active=4
M55 lab refill cycle 0 press 2 pool 21.3624999868 storage 138.637500013 wet 35/384 q 3.99638653e-08..2.50972778 iterations 25 retries 0 residual 6.21060267179e-10 solve 0.660593 ms ledger 0 partition 5.3290705182e-14
SOLVE n=64 V=1 dt=0.0166666675 outer=0 norm=0.000632304189053 target=1e-09 q=0.421175014..0.491769956 dry=0 full=0 pred=0.0423083763 worst=20 old=0.0255721808 C=0.0255721808 h=0.426203014 floor=0 slope=0.06 weights=0.00504333111 active=4
SOLVE n=64 V=1 dt=0.0166666675 outer=1 norm=6.66432960756e-06 target=1e-09 q=0.422638963..0.485480736 dry=0 full=0 pred=0.0423083763 worst=3 old=0.00489281844 C=0.00453833266 h=0.42837722 floor=0.00230997837 slope=0.0213033635 weights=0.00213777272 active=3
SOLVE n=64 V=1 dt=0.0166666675 outer=2 norm=2.06032765458e-09 target=1e-09 q=0.422630881..0.485457984 dry=0 full=0 pred=0.0423083763 worst=3 old=0.00489281844 C=0.00453221973 h=0.428090176 floor=0.00230997837 slope=0.0212890113 weights=0.00213777272 active=3
SOLVE n=64 V=1 dt=0.0166666675 outer=3 norm=4.4609541755e-12 target=1e-09 q=0.422630878..0.485457984 dry=0 full=0 pred=0.0423083763 worst=19 old=0.0255721837 C=0.0261814279 h=0.436357131 floor=0 slope=0.06 weights=0.00504333164 active=4
SOLVE n=64 V=0.1 dt=0.0166666675 outer=0 norm=9.18117915207e-11 target=1e-09 q=0.0694444361..0.0694445385 dry=0 full=0 pred=4.24581177e-09 worst=54 old=0.00156249981 C=0.00156249981 h=0.0694444361 floor=0 slope=0.0225 weights=0.000756944546 active=4
SOLVE n=64 V=0.1 dt=0.0166666675 outer=0 norm=1.00921950694e-10 target=1e-09 q=0.0694444383..0.0694445671 dry=0 full=0 pred=2.4061748e-09 worst=54 old=0.00156249986 C=0.00156249986 h=0.0694444383 floor=0 slope=0.0225 weights=0.000756944586 active=4
SOLVE n=384 V=21.3624999868 dt=0.0166666675 outer=0 norm=0.113967982105 target=2.13624999868e-08 q=3.99638653e-08..2.50972778 dry=59 full=0 pred=2.43143314 worst=379 old=1.21736388 C=1.21736388 h=2.50972778 floor=0 slope=0.5 weights=0.0206437126 active=3
SOLVE n=384 V=21.3624999868 dt=0.0166666675 outer=1 norm=0.0742151283693 target=2.13624999868e-08 q=3.99959816e-08..2.41929725 dry=117 full=0 pred=2.43143314 worst=359 old=1.39968523e-16 C=0.0742151352 h=0.373430296 floor=0.15 slope=0.5 weights=0.00013563199 active=3
SOLVE n=384 V=21.3624999868 dt=0.0166666675 outer=2 norm=0.00937221108323 target=2.13624999868e-08 q=3.99959347e-08..2.41929719 dry=120 full=0 pred=2.43143314 worst=350 old=1.5265567e-16 C=0.00937778929 h=0.225011182 floor=0.15 slope=0.250037188 weights=7.6745578e-05 active=4
SOLVE n=384 V=21.3624999868 dt=0.0166666675 outer=3 norm=0.00234022313112 target=2.13624999868e-08 q=3.99959304e-08..2.41929719 dry=123 full=0 pred=2.43143314 worst=350 old=1.5265567e-16 C=0.00234867532 h=0.187539408 floor=0.15 slope=0.125131273 weights=7.6745578e-05 active=4
SOLVE n=384 V=21.3624999868 dt=0.0166666675 outer=4 norm=0.000582236036555 target=2.13624999868e-08 q=3.99959283e-08..2.41929719 dry=124 full=0 pred=2.43143314 worst=350 old=1.5265567e-16 C=0.000592122432 h=0.168848725 floor=0.15 slope=0.0628289972 weights=7.6745578e-05 active=4
SOLVE n=384 V=21.3624999868 dt=0.0166666675 outer=5 norm=0.000142779707764 target=2.13624999868e-08 q=3.99959272e-08..2.41929719 dry=124 full=0 pred=2.43143314 worst=350 old=1.5265567e-16 C=0.000153376327 h=0.159593034 floor=0.15 slope=0.0319766923 weights=7.6745578e-05 active=4
SOLVE n=384 V=21.3624999868 dt=0.0166666675 outer=6 norm=3.37534125319e-05 target=2.13624999868e-08 q=3.99959267e-08..2.41929719 dry=124 full=0 pred=2.43143314 worst=310 old=9.46202924e-16 C=4.1318192e-05 h=0.454979073 floor=0.45 slope=0.0165968254 weights=6.01482465e-05 active=4
SOLVE n=384 V=21.3624999868 dt=0.0166666675 outer=7 norm=6.84372197081e-06 target=2.13624999868e-08 q=3.99959266e-08..2.41929719 dry=126 full=0 pred=2.43143314 worst=310 old=9.46202924e-16 C=1.45303683e-05 h=0.452952689 floor=0.45 slope=0.00984221124 weights=6.01482465e-05 active=4
SOLVE n=384 V=21.3624999868 dt=0.0166666675 outer=8 norm=7.96078373204e-07 target=2.13624999868e-08 q=3.99959265e-08..2.41929719 dry=128 full=0 pred=2.43143314 worst=310 old=9.46202924e-16 C=8.52428874e-06 h=0.452261568 floor=0.45 slope=0.0075384741 weights=6.01482465e-05 active=4
SOLVE n=384 V=21.3624999868 dt=0.0166666675 outer=9 norm=2.04447372644e-08 target=2.13624999868e-08 q=3.99959265e-08..2.41929719 dry=128 full=0 pred=2.43143314 worst=257 old=1.46750732e-21 C=3.62631175e-06 h=0.75147508 floor=0.75 slope=0.00491684978 weights=3.62017918e-05 active=4
SOLVE n=64 V=1 dt=0.0166666675 outer=0 norm=0.000549383072518 target=1e-09 q=0.421408864..0.485457984 dry=0 full=0 pred=0.0406995193 worst=20 old=0.0261814253 C=0.0261814253 h=0.436357088 floor=0 slope=0.06 weights=0.00515265078 active=4
SOLVE n=64 V=1 dt=0.0166666675 outer=1 norm=6.23240670369e-06 target=1e-09 q=0.412300951..0.488709458 dry=0 full=0 pred=0.0406995193 worst=3 old=0.00453221784 C=0.00420231613 h=0.412300996 floor=0.00230997837 slope=0.0204995522 weights=0.00205428483 active=3
SOLVE n=64 V=1 dt=0.0166666675 outer=2 norm=1.95062774376e-09 target=1e-09 q=0.412021772..0.488698663 dry=0 full=0 pred=0.0406995193 worst=59 old=0.00453221784 C=0.00419659503 h=0.412021816 floor=0.00230997837 slope=0.0204855933 weights=0.00205428483 active=3
SOLVE n=64 V=1 dt=0.0166666675 outer=3 norm=4.30134150953e-12 target=1e-09 q=0.412021684..0.488698663 dry=0 full=0 pred=0.0406995193 worst=19 old=0.0261814279 C=0.0267162532 h=0.445270887 floor=0 slope=0.06 weights=0.00515265122 active=4
SOLVE n=64 V=0.1 dt=0.0166666675 outer=0 norm=9.45599900502e-11 target=1e-09 q=0.0694444373..0.0694445361 dry=0 full=0 pred=4.2762901e-09 worst=54 old=0.0015624999 C=0.0015624999 h=0.0694444402 floor=0 slope=0.0225 weights=0.000756944562 active=4
SOLVE n=64 V=0.1 dt=0.0166666675 outer=0 norm=1.04933265005e-10 target=1e-09 q=0.0694444428..0.0694445661 dry=0 full=0 pred=2.50687869e-09 worst=54 old=0.00156249996 C=0.00156249996 h=0.0694444428 floor=0 slope=0.0225 weights=0.000756944601 active=4
SOLVE n=384 V=22.7249999736 dt=0.0166666675 outer=0 norm=0.105291986765 target=2.27249999736e-08 q=3.99959266e-08..2.8 dry=62 full=1 pred=2.36525943 worst=379 old=1.1092418 C=1.1092418 h=2.29348363 floor=0 slope=0.5 weights=0.0198199347 active=3
SOLVE n=384 V=22.7249999736 dt=0.0166666675 outer=1 norm=0.0987112375811 target=2.27249999736e-08 q=5.08921785e-08..2.79999993 dry=96 full=0 pred=2.36525943 worst=379 old=1.1092418 C=1.10297853 h=2.28095709 floor=0 slope=0.5 weights=0.0198199347 active=3
SOLVE n=384 V=22.7249999736 dt=0.0166666675 outer=2 norm=0.00320370022256 target=2.27249999736e-08 q=5.08921163e-08..2.68312401 dry=96 full=0 pred=2.36525943 worst=337 old=1.91008656e-30 C=0.0187821346 h=0.256156895 floor=0.15 slope=0.353856229 weights=0.00641888977 active=4
SOLVE n=384 V=22.7249999736 dt=0.0166666675 outer=3 norm=0.000131920729935 target=2.27249999736e-08 q=5.08920859e-08..2.68287763 dry=98 full=0 pred=2.36525943 worst=337 old=1.91008656e-30 C=0.0157658809 h=0.247260134 floor=0.15 slope=0.32420036 weights=0.00641888977 active=4
SOLVE n=384 V=22.7249999736 dt=0.0166666675 outer=4 norm=3.06950905073e-07 target=2.27249999736e-08 q=5.08920723e-08..2.68287019 dry=103 full=0 pred=2.36525943 worst=334 old=2.25885007e-05 C=0.000167268854 h=0.310018075 floor=0.3 slope=0.0333934978 weights=0.000485668222 active=4
SOLVE n=384 V=22.7249999736 dt=0.0166666675 outer=5 norm=4.06297333299e-09 target=2.27249999736e-08 q=5.0892068e-08..2.68287017 dry=104 full=0 pred=2.36525943 worst=303 old=8.94604176e-22 C=5.05065714e-09 h=0.450055074 floor=0.45 slope=0.000183496723 weights=1.12458806e-07 active=3
M55 lab refill cycle 0 press 3 pool 22.7249999736 storage 137.275000026 wet 59/384 q 5.08920678e-08..2.68287017 iterations 20 retries 0 residual 4.06297333299e-09 solve 0.573879 ms ledger 0 partition 5.3290705182e-14
SOLVE n=64 V=1 dt=0.0166666675 outer=0 norm=0.000509904326954 target=1e-09 q=0.412021684..0.488698663 dry=0 full=0 pred=0.0377229549 worst=28 old=0.0248348179 C=0.0248348179 h=0.423702909 floor=0 slope=0.0275999974 weights=0.0050294983 active=4
SOLVE n=64 V=1 dt=0.0166666675 outer=1 norm=5.04792851327e-06 target=1e-09 q=0.397811953..0.491042021 dry=0 full=0 pred=0.0377229549 worst=3 old=0.00419659325 C=0.00391054631 h=0.397811991 floor=0.00230997837 slope=0.019775102 weights=0.00200045558 active=3
SOLVE n=64 V=1 dt=0.0166666675 outer=2 norm=1.37598645509e-09 target=1e-09 q=0.397577441..0.491035779 dry=0 full=0 pred=0.0377229549 worst=3 old=0.00419659325 C=0.00390591019 h=0.397577479 floor=0.00230997837 slope=0.0197633763 weights=0.00200045558 active=3
SOLVE n=64 V=1 dt=0.0166666675 outer=3 norm=3.12580441131e-12 target=1e-09 q=0.397577377..0.491035779 dry=0 full=0 pred=0.0377229549 worst=43 old=0.0267162532 C=0.0271455697 h=0.452426162 floor=0 slope=0.06 weights=0.00525790783 active=4
SOLVE n=64 V=0.1 dt=0.0166666675 outer=0 norm=9.49105780715e-11 target=1e-09 q=0.0694444374..0.0694445355 dry=0 full=0 pred=4.26892831e-09 worst=54 old=0.0015625 C=0.0015625 h=0.0694444444 floor=0 slope=0.0225 weights=0.000756944585 active=4
SOLVE n=64 V=0.1 dt=0.0166666675 outer=0 norm=1.06640103718e-10 target=1e-09 q=0.0694444474..0.0694445642 dry=0 full=0 pred=2.56621814e-09 worst=54 old=0.00156250007 C=0.00156250007 h=0.0694444474 floor=0 slope=0.0225 weights=0.000756944619 active=4
SOLVE n=384 V=22.7249999736 dt=0.0166666675 outer=0 norm=0.114349970094 target=2.27249999736e-08 q=5.08920678e-08..2.68287017 dry=64 full=0 pred=2.32517556 worst=361 old=1.30393507 C=1.30393507 h=2.68287017 floor=0 slope=0.5 weights=0.0221246815 active=3
SOLVE n=384 V=22.7249999736 dt=0.0166666675 outer=1 norm=0.0711918903052 target=2.27249999736e-08 q=5.75220181e-08..2.5270759 dry=96 full=0 pred=2.32517556 worst=363 old=1.583101e-15 C=0.0711919126 h=0.217383852 floor=0 slope=0.5 weights=0.000131602516 active=3
SOLVE n=384 V=22.7249999736 dt=0.0166666675 outer=2 norm=0.00937074436589 target=2.27249999736e-08 q=5.75220173e-08..2.5270759 dry=97 full=0 pred=2.32517556 worst=338 old=1.04110565e-16 C=0.00937925655 h=0.22501705 floor=0.15 slope=0.250056748 weights=9.58711993e-05 active=4
SOLVE n=384 V=22.7249999736 dt=0.0166666675 outer=3 norm=0.00233876695544 target=2.27249999736e-08 q=5.7522017e-08..2.5270759 dry=98 full=0 pred=2.32517556 worst=336 old=2.39067906e-20 C=0.00235086913 h=0.187556936 floor=0.15 slope=0.1251897 weights=9.58711808e-05 active=3
SOLVE n=384 V=22.7249999736 dt=0.0166666675 outer=4 norm=0.000580792217514 target=2.27249999736e-08 q=5.75220168e-08..2.5270759 dry=98 full=0 pred=2.32517556 worst=336 old=2.39067906e-20 C=0.000594683388 h=0.168889442 floor=0.15 slope=0.0629647197 weights=9.58711808e-05 active=3
SOLVE n=384 V=22.7249999736 dt=0.0166666675 outer=5 norm=0.000141375695742 target=2.27249999736e-08 q=5.75220167e-08..2.5270759 dry=98 full=0 pred=2.32517556 worst=336 old=2.39067906e-20 C=0.000156149513 h=0.159679371 floor=0.15 slope=0.0322644813 weights=9.58711808e-05 active=3
SOLVE n=384 V=22.7249999736 dt=0.0166666675 outer=6 norm=3.18106650527e-05 target=2.27249999736e-08 q=5.75220167e-08..2.5270759 dry=98 full=0 pred=2.32517556 worst=336 old=2.39067906e-20 C=4.70031652e-05 h=0.155310572 floor=0.15 slope=0.0177018201 weights=9.58711808e-05 active=3
SOLVE n=384 V=22.7249999736 dt=0.0166666675 outer=7 norm=5.32437556136e-06 target=2.27249999736e-08 q=5.75220166e-08..2.5270759 dry=99 full=0 pred=2.32517556 worst=336 old=2.39067906e-20 C=2.06881663e-05 h=0.153523221 floor=0.15 slope=0.0117439818 weights=9.58711808e-05 active=3
SOLVE n=384 V=22.7249999736 dt=0.0166666675 outer=8 norm=3.37051956204e-07 target=2.27249999736e-08 q=5.75220166e-08..2.5270759 dry=99 full=0 pred=2.32517556 worst=336 old=2.39067906e-20 C=1.57439397e-05 h=0.15307352 floor=0.15 slope=0.0102449792 weights=9.58711808e-05 active=3
SOLVE n=384 V=22.7249999736 dt=0.0166666675 outer=9 norm=1.77066400307e-09 target=2.27249999736e-08 q=5.75220166e-08..2.5270759 dry=99 full=0 pred=2.32517556 worst=336 old=2.39067906e-20 C=1.54117821e-05 h=0.153040926 floor=0.15 slope=0.0101363314 weights=9.58711808e-05 active=3
SOLVE n=64 V=1 dt=0.0166666675 outer=0 norm=0.000524782716747 target=1e-09 q=0.397577377..0.491035779 dry=0 full=0 pred=0.0336330348 worst=28 old=0.0253143109 C=0.0253143109 h=0.428596992 floor=0 slope=0.0275999974 weights=0.00511519884 active=4
SOLVE n=64 V=1 dt=0.0166666675 outer=1 norm=3.41198771296e-06 target=1e-09 q=0.385943387..0.492250246 dry=0 full=0 pred=0.0336330348 worst=2 old=0.00538430862 C=0.00511663996 h=0.454709785 floor=0.00230997837 slope=0.0226199918 weights=0.0022407598 active=3
SOLVE n=64 V=1 dt=0.0166666675 outer=2 norm=6.53960568152e-10 target=1e-09 q=0.385781115..0.492247549 dry=0 full=0 pred=0.0336330348 worst=3 old=0.00390590892 C=0.00367625366 h=0.385781146 floor=0.00230997837 slope=0.0191735597 weights=0.00197330636 active=3
SOLVE n=64 V=0.1 dt=0.0166666675 outer=0 norm=1.03898215832e-10 target=1e-09 q=0.0694444378..0.0694445352 dry=0 full=0 pred=4.22207953e-09 worst=28 old=0.0015625019 C=0.0015625019 h=0.0694445291 floor=0 slope=0.0225 weights=0.000756945495 active=4
SOLVE n=64 V=0.1 dt=0.0166666675 outer=0 norm=1.06184172683e-10 target=1e-09 q=0.0694444521..0.0694445614 dry=0 full=0 pred=2.58811455e-09 worst=54 old=0.00156250017 C=0.00156250017 h=0.0694444522 floor=0 slope=0.0225 weights=0.00075694464 active=4
SOLVE n=384 V=24.0874999604 dt=0.0166666675 outer=0 norm=0.15276979595 target=2.40874999604e-08 q=5.75220164e-08..2.8 dry=64 full=1 pred=2.92797537 worst=361 old=1.19610184 C=1.19610184 h=2.46720371 floor=0 slope=0.5 weights=0.0202799841 active=3
SOLVE n=384 V=24.0874999604 dt=0.0166666675 outer=1 norm=0.133673571576 target=2.40874999604e-08 q=5.75560811e-08..2.79999984 dry=79 full=0 pred=2.92797537 worst=361 old=1.19610184 C=1.17798879 h=2.4309776 floor=0 slope=0.5 weights=0.0202799841 active=3
SOLVE n=384 V=24.0874999604 dt=0.0166666675 outer=2 norm=0.00320370028908 target=2.40874999604e-08 q=5.75334939e-08..2.68312401 dry=79 full=0 pred=2.92797537 worst=347 old=4.00341836e-24 C=0.0187821347 h=0.256156895 floor=0.15 slope=0.35385623 weights=0.00641888977 active=4
SOLVE n=384 V=24.0874999604 dt=0.0166666675 outer=3 norm=0.000131920615097 target=2.40874999604e-08 q=5.75330677e-08..2.68287763 dry=82 full=0 pred=2.92797537 worst=347 old=4.00341836e-24 C=0.0157658808 h=0.247260134 floor=0.15 slope=0.324200359 weights=0.00641888977 active=4
SOLVE n=384 V=24.0874999604 dt=0.0166666675 outer=4 norm=2.48226249499e-06 target=2.40874999604e-08 q=5.75330599e-08..2.68287019 dry=84 full=0 pred=2.92797537 worst=313 old=1.77514057e-23 C=5.45339475e-06 h=0.301808903 floor=0.3 slope=0.00602959079 weights=3.33722675e-05 active=3
SOLVE n=384 V=24.0874999604 dt=0.0166666675 outer=5 norm=2.7936614201e-07 target=2.40874999604e-08 q=5.75330599e-08..2.68287017 dry=86 full=0 pred=2.92797537 worst=313 old=1.77514057e-23 C=3.26416053e-06 h=0.301399489 floor=0.3 slope=0.00466487623 weights=3.33722675e-05 active=3
SOLVE n=384 V=24.0874999604 dt=0.0166666675 outer=6 norm=5.89283551139e-09 target=2.40874999604e-08 q=5.75330599e-08..2.68287017 dry=87 full=0 pred=2.92797537 worst=313 old=1.77514057e-23 C=2.9926716e-06 h=0.301340027 floor=0.3 slope=0.00446667035 weights=3.33722675e-05 active=3
M55 lab refill cycle 0 press 4 pool 24.0874999604 storage 135.91250004 wet 73/384 q 5.75330599e-08..2.68287017 iterations 21 retries 0 residual 5.89283551139e-09 solve 0.539785 ms ledger -2.84217094304e-14 partition 5.3290705182e-14
SOLVE n=64 V=1 dt=0.0166666675 outer=0 norm=0.000526997451672 target=1e-09 q=0.385781081..0.492247549 dry=0 full=0 pred=0.028735276 worst=28 old=0.0258039335 C=0.0258039335 h=0.436151454 floor=0 slope=0.0275999974 weights=0.00519169104 active=4
SOLVE n=64 V=1 dt=0.0166666675 outer=1 norm=3.80569827565e-06 target=1e-09 q=0.377539506..0.492160333 dry=0 full=0 pred=0.028735276 worst=2 old=0.00511350394 C=0.00483830835 h=0.442233064 floor=0.00230997837 slope=0.0219961557 weights=0.00218513936 active=3
SOLVE n=64 V=1 dt=0.0166666675 outer=2 norm=6.26504116814e-10 target=1e-09 q=0.377455705..0.492158875 dry=0 full=0 pred=0.028735276 worst=2 old=0.00511350394 C=0.00483482755 h=0.442074789 floor=0.00230997837 slope=0.021988242 weights=0.00218513936 active=3
SOLVE n=64 V=0.1 dt=0.0166666675 outer=0 norm=1.18294949362e-10 target=1e-09 q=0.0694444358..0.0694445342 dry=0 full=0 pred=4.13476284e-09 worst=36 old=0.0015625018 C=0.0015625018 h=0.0694445244 floor=0 slope=0.0225 weights=0.000756945454 active=4
SOLVE n=64 V=0.1 dt=0.0166666675 outer=0 norm=1.03757563061e-10 target=1e-09 q=0.0694444512..0.0694445576 dry=0 full=0 pred=2.5773417e-09 worst=54 old=0.00156250028 C=0.00156250028 h=0.0694444569 floor=0 slope=0.0225 weights=0.000756944691 active=4
SOLVE n=384 V=24.0874999604 dt=0.0166666675 outer=0 norm=0.177236994222 target=2.40874999604e-08 q=5.75330599e-08..2.68287017 dry=66 full=0 pred=3.42338873 worst=361 old=1.05119729 C=1.05119729 h=2.17739461 floor=0 slope=0.5 weights=0.0178011097 active=3
SOLVE n=384 V=24.0874999604 dt=0.0166666675 outer=1 norm=0.0711915116937 target=2.40874999604e-08 q=5.86453759e-08..2.55999046 dry=86 full=0 pred=3.42338873 worst=369 old=1.59707043e-15 C=0.0711915341 h=0.217383095 floor=0 slope=0.5 weights=0.000131602497 active=3
SOLVE n=384 V=24.0874999604 dt=0.0166666675 outer=2 norm=0.00937074437584 target=2.40874999604e-08 q=5.86453759e-08..2.55999046 dry=87 full=0 pred=3.42338873 worst=348 old=3.23566134e-15 C=0.00937925655 h=0.22501705 floor=0.15 slope=0.250056748 weights=9.5871502e-05 active=4
SOLVE n=384 V=24.0874999604 dt=0.0166666675 outer=3 norm=0.00233876695715 target=2.40874999604e-08 q=5.86453759e-08..2.55999046 dry=88 full=0 pred=3.42338873 worst=348 old=3.23566134e-15 C=0.00235086912 h=0.187556936 floor=0.15 slope=0.125189699 weights=9.5871502e-05 active=4
SOLVE n=384 V=24.0874999604 dt=0.0166666675 outer=4 norm=0.000580792217868 target=2.40874999604e-08 q=5.86453759e-08..2.55999046 dry=89 full=0 pred=3.42338873 worst=346 old=1.01367127e-23 C=0.000594683388 h=0.168889442 floor=0.15 slope=0.0629647197 weights=9.58711802e-05 active=3
SOLVE n=384 V=24.0874999604 dt=0.0166666675 outer=5 norm=0.000141375696056 target=2.40874999604e-08 q=5.86453759e-08..2.55999046 dry=89 full=0 pred=3.42338873 worst=346 old=1.01367127e-23 C=0.000156149512 h=0.159679371 floor=0.15 slope=0.0322644812 weights=9.58711802e-05 active=3
SOLVE n=384 V=24.0874999604 dt=0.0166666675 outer=6 norm=3.1810665322e-05 target=2.40874999604e-08 q=5.86453759e-08..2.55999046 dry=89 full=0 pred=3.42338873 worst=346 old=1.01367127e-23 C=4.70031645e-05 h=0.155310572 floor=0.15 slope=0.01770182 weights=9.58711802e-05 active=3
SOLVE n=384 V=24.0874999604 dt=0.0166666675 outer=7 norm=5.3243757278e-06 target=2.40874999604e-08 q=5.86453759e-08..2.55999046 dry=89 full=0 pred=3.42338873 worst=346 old=1.01367127e-23 C=2.06881655e-05 h=0.153523221 floor=0.15 slope=0.0117439816 weights=9.58711802e-05 active=3
SOLVE n=384 V=24.0874999604 dt=0.0166666675 outer=8 norm=3.37052007823e-07 target=2.40874999604e-08 q=5.86453759e-08..2.55999046 dry=89 full=0 pred=3.42338873 worst=346 old=1.01367127e-23 C=1.57439388e-05 h=0.15307352 floor=0.15 slope=0.0102449789 weights=9.58711802e-05 active=3
SOLVE n=384 V=24.0874999604 dt=0.0166666675 outer=9 norm=2.43233110164e-09 target=2.40874999604e-08 q=5.86453759e-08..2.55999046 dry=89 full=0 pred=3.42338873 worst=312 old=3.57083473e-20 C=2.52622506e-09 h=0.300038958 floor=0.3 slope=0.000129774807 weights=1.83134039e-08 active=3
SOLVE n=64 V=1 dt=0.0166666675 outer=0 norm=0.000507763759516 target=1e-09 q=0.377455696..0.492158875 dry=0 full=0 pred=0.0236904197 worst=28 old=0.0262921048 C=0.0262921048 h=0.445957883 floor=0 slope=0.0275999974 weights=0.00526755261 active=4
SOLVE n=64 V=1 dt=0.0166666675 outer=1 norm=3.74857630071e-06 target=1e-09 q=0.373112425..0.490661099 dry=0 full=0 pred=0.0236904197 worst=2 old=0.00483482692 C=0.00456932731 h=0.429829662 floor=0.00230997837 slope=0.0213759856 weights=0.00212555698 active=3
SOLVE n=64 V=1 dt=0.0166666675 outer=2 norm=6.39232330127e-10 target=1e-09 q=0.373088062..0.490657543 dry=0 full=0 pred=0.0236904197 worst=2 old=0.00483482692 C=0.00456590734 h=0.429669641 floor=0.00230997837 slope=0.0213679846 weights=0.00212555698 active=3
SOLVE n=64 V=0.1 dt=0.0166666675 outer=0 norm=1.31082107215e-10 target=1e-09 q=0.0694444343..0.0694445326 dry=0 full=0 pred=4.00671492e-09 worst=36 old=0.00156250168 C=0.00156250168 h=0.0694445192 floor=0 slope=0.0225 weights=0.000756945407 active=4
SOLVE n=64 V=0.1 dt=0.0166666675 outer=0 norm=1.22158142314e-10 target=1e-09 q=0.0694444504..0.069444553 dry=0 full=0 pred=3.09631645e-09 worst=36 old=0.00156250244 C=0.00156250244 h=0.069444553 floor=0 slope=0.0225 weights=0.000756945739 active=4
SOLVE n=384 V=25.4499999472 dt=0.0166666675 outer=0 norm=0.189319765312 target=2.54499999472e-08 q=5.88395319e-08..2.8 dry=67 full=1 pred=3.80983835 worst=361 old=0.882012409 C=0.882012409 h=1.83902484 floor=0 slope=0.5 weights=0.0149068728 active=3
SOLVE n=384 V=25.4499999472 dt=0.0166666675 outer=1 norm=0.165654794721 target=2.54499999472e-08 q=0.000159510747..2.79999983 dry=88 full=0 pred=3.80983835 worst=361 old=0.882012409 C=0.859252554 h=1.79350513 floor=0 slope=0.5 weights=0.0149068728 active=3
SOLVE n=384 V=25.4499999472 dt=0.0166666675 outer=2 norm=0.00320370022685 target=2.54499999472e-08 q=0.00037444187..2.68312401 dry=92 full=0 pred=3.80983835 worst=342 old=1.54932358e-27 C=0.0187821346 h=0.256156895 floor=0.15 slope=0.353856229 weights=0.00641888977 active=2
SOLVE n=384 V=25.4499999472 dt=0.0166666675 outer=3 norm=0.000131920633793 target=2.54499999472e-08 q=0.000262337814..2.68287763 dry=92 full=0 pred=3.80983835 worst=342 old=1.54932358e-27 C=0.0157658808 h=0.247260134 floor=0.15 slope=0.324200359 weights=0.00641888977 active=2
SOLVE n=384 V=25.4499999472 dt=0.0166666675 outer=4 norm=2.48226086404e-06 target=2.54499999472e-08 q=0.000132905381..2.68287019 dry=96 full=0 pred=3.80983835 worst=323 old=7.81002192e-22 C=5.45338812e-06 h=0.301808902 floor=0.3 slope=0.00602958712 weights=3.3372245e-05 active=3
SOLVE n=384 V=25.4499999472 dt=0.0166666675 outer=5 norm=2.79356439425e-07 target=2.54499999472e-08 q=6.98888205e-05..2.68287017 dry=98 full=0 pred=3.80983835 worst=323 old=7.81002192e-22 C=3.26414587e-06 h=0.301399486 floor=0.3 slope=0.00466486575 weights=3.3372245e-05 active=3
SOLVE n=384 V=25.4499999472 dt=0.0166666675 outer=6 norm=5.88708592461e-09 target=2.54499999472e-08 q=4.14871176e-05..2.68287017 dry=98 full=0 pred=3.80983835 worst=323 old=7.81002192e-22 C=2.99266088e-06 h=0.301340025 floor=0.3 slope=0.00446666235 weights=3.3372245e-05 active=3
M55 lab refill cycle 0 press 5 pool 25.4499999472 storage 134.550000053 wet 90/384 q 3.02325203e-05..2.68287017 iterations 21 retries 0 residual 5.88708592461e-09 solve 0.589475 ms ledger -2.84217094304e-14 partition 6.03961325396e-14
SOLVE n=64 V=1 dt=0.0166666675 outer=0 norm=0.000461869608429 target=1e-09 q=0.373088061..0.490657543 dry=0 full=0 pred=0.0225633317 worst=28 old=0.0267595846 C=0.0267595846 h=0.457220936 floor=0 slope=0.0275999974 weights=0.00533370906 active=4
SOLVE n=64 V=1 dt=0.0166666675 outer=1 norm=3.23509675198e-06 target=1e-09 q=0.372748381..0.492566214 dry=0 full=0 pred=0.0225633317 worst=2 old=0.0045659067 C=0.00432606943 h=0.418294072 floor=0.00230997837 slope=0.020799206 weights=0.00207879429 active=3
SOLVE n=64 V=1 dt=0.0166666675 outer=2 norm=5.0184120449e-10 target=1e-09 q=0.372747268..0.492500094 dry=0 full=0 pred=0.0225633317 worst=58 old=0.0045659067 C=0.00432312096 h=0.418152289 floor=0.00230997837 slope=0.0207921169 weights=0.00207879429 active=3
SOLVE n=64 V=0.1 dt=0.0166666675 outer=0 norm=1.42010195283e-10 target=1e-09 q=0.0694444333..0.0694445303 dry=0 full=0 pred=3.83842993e-09 worst=36 old=0.00156250155 C=0.00156250155 h=0.0694445134 floor=0 slope=0.0225 weights=0.000756945353 active=4
SOLVE n=64 V=0.1 dt=0.0166666675 outer=0 norm=1.39241330928e-10 target=1e-09 q=0.0694444497..0.0694445476 dry=0 full=0 pred=3.64951171e-09 worst=36 old=0.00156250232 C=0.00156250232 h=0.0694445476 floor=0 slope=0.0225 weights=0.00075694568 active=4
SOLVE n=384 V=25.4499999472 dt=0.0166666675 outer=0 norm=0.192078740087 target=2.54499999472e-08 q=3.02325203e-05..2.68287017 dry=68 full=0 pred=4.09224701 worst=361 old=0.699933402 C=0.699933402 h=1.47486683 floor=0 slope=0.5 weights=0.0117920569 active=3
SOLVE n=384 V=25.4499999472 dt=0.0166666675 outer=1 norm=0.0553043134006 target=2.54499999472e-08 q=0.0225341626..2.50996036 dry=93 full=0 pred=4.09224701 worst=343 old=1.04499099e-29 C=0.0553043136 h=0.335608653 floor=0.15 slope=0.5 weights=9.58711802e-05 active=3
SOLVE n=384 V=25.4499999472 dt=0.0166666675 outer=2 norm=0.00937074435258 target=2.54499999472e-08 q=0.0132791424..2.50996036 dry=93 full=0 pred=4.09224701 worst=341 old=1.3034187e-30 C=0.00937925654 h=0.22501705 floor=0.15 slope=0.250056748 weights=9.58711802e-05 active=4
SOLVE n=384 V=25.4499999472 dt=0.0166666675 outer=3 norm=0.00233876695252 target=2.54499999472e-08 q=0.00721816683..2.50996036 dry=94 full=0 pred=4.09224701 worst=341 old=1.3034187e-30 C=0.00235086913 h=0.187556936 floor=0.15 slope=0.1251897 weights=9.58711802e-05 active=4
SOLVE n=384 V=25.4499999472 dt=0.0166666675 outer=4 norm=0.000580792217079 target=2.54499999472e-08 q=0.00468834682..2.50996036 dry=94 full=0 pred=4.09224701 worst=341 old=1.3034187e-30 C=0.000594683387 h=0.168889442 floor=0.15 slope=0.0629647197 weights=9.58711802e-05 active=4
SOLVE n=384 V=25.4499999472 dt=0.0166666675 outer=5 norm=0.000141375695858 target=2.54499999472e-08 q=0.00401190985..2.50996036 dry=94 full=0 pred=4.09224701 worst=341 old=1.3034187e-30 C=0.000156149512 h=0.159679371 floor=0.15 slope=0.0322644812 weights=9.58711802e-05 active=4
SOLVE n=384 V=25.4499999472 dt=0.0166666675 outer=6 norm=3.18106652721e-05 target=2.54499999472e-08 q=0.00395547894..2.50996036 dry=94 full=0 pred=4.09224701 worst=341 old=1.3034187e-30 C=4.70031645e-05 h=0.155310572 floor=0.15 slope=0.01770182 weights=9.58711802e-05 active=4
SOLVE n=384 V=25.4499999472 dt=0.0166666675 outer=7 norm=5.32437571596e-06 target=2.54499999472e-08 q=0.00395508065..2.50996036 dry=94 full=0 pred=4.09224701 worst=341 old=1.3034187e-30 C=2.06881655e-05 h=0.153523221 floor=0.15 slope=0.0117439816 weights=9.58711802e-05 active=4
SOLVE n=384 V=25.4499999472 dt=0.0166666675 outer=8 norm=3.37051582472e-07 target=2.54499999472e-08 q=0.00390751053..2.50996036 dry=94 full=0 pred=4.09224701 worst=341 old=1.3034187e-30 C=1.57439384e-05 h=0.15307352 floor=0.15 slope=0.0102449787 weights=9.58711802e-05 active=4
SOLVE n=384 V=25.4499999472 dt=0.0166666675 outer=9 norm=2.43229071261e-09 target=2.54499999472e-08 q=0.0039053916..2.50996036 dry=94 full=0 pred=4.09224701 worst=322 old=9.27048843e-21 C=2.52617776e-09 h=0.300038958 floor=0.3 slope=0.000129773534 weights=1.83126595e-08 active=4
SOLVE n=64 V=1 dt=0.0166666675 outer=0 norm=0.00038846936854 target=1e-09 q=0.372747268..0.492500078 dry=0 full=0 pred=0.0205825336 worst=28 old=0.0271828481 C=0.0271828481 h=0.46890662 floor=0 slope=0.0275999974 weights=0.00541696151 active=4
SOLVE n=64 V=1 dt=0.0166666675 outer=1 norm=2.3801952059e-06 target=1e-09 q=0.37610776..0.496367601 dry=0 full=0 pred=0.0205825336 worst=2 old=0.00432312046 C=0.00412262364 h=0.408394865 floor=0.00230997837 slope=0.0203042457 weights=0.00205250861 active=3
SOLVE n=64 V=1 dt=0.0166666675 outer=2 norm=2.85353605138e-10 target=1e-09 q=0.376093273..0.496316132 dry=0 full=0 pred=0.0205825336 worst=2 old=0.00432312046 C=0.00412045291 h=0.40828794 floor=0.00230997837 slope=0.0202988994 weights=0.00205250861 active=3
SOLVE n=64 V=0.1 dt=0.0166666675 outer=0 norm=1.50864279274e-10 target=1e-09 q=0.0694444328..0.0694445273 dry=0 full=0 pred=4.15987563e-09 worst=36 old=0.00156250141 C=0.00156250141 h=0.069444507 floor=0 slope=0.0225 weights=0.000756945293 active=4
SOLVE n=64 V=0.1 dt=0.0166666675 outer=0 norm=1.54588727511e-10 target=1e-09 q=0.0694444491..0.0694445414 dry=0 full=0 pred=4.15987762e-09 worst=36 old=0.00156250218 C=0.00156250218 h=0.0694445414 floor=0 slope=0.0225 weights=0.000756945613 active=4
SOLVE n=384 V=45.4499999472 dt=0.0166666675 outer=0 norm=0.189531050704 target=4.54499999472e-08 q=0.3..2.56466482 dry=67 full=0 pred=4.28036465 worst=361 old=0.673784553 C=0.673784553 h=1.42256913 floor=0 slope=0.5 weights=0.0113447299 active=3
SOLVE n=384 V=45.4499999472 dt=0.0166666675 outer=1 norm=0.0947655253438 target=4.54499999472e-08 q=0.45..2.54003559 dry=76 full=0 pred=4.28036465 worst=361 old=0.673784553 C=0.58176695 h=1.23853393 floor=0 slope=0.5 weights=0.0113447299 active=3
SOLVE n=384 V=45.4499999472 dt=0.0166666675 outer=2 norm=0.00929235366638 target=4.54499999472e-08 q=0.376932919..2.51540637 dry=76 full=0 pred=4.28036465 worst=230 old=2.05113712e-21 C=0.0094580122 h=0.975331341 floor=0.9 slope=0.25110439 weights=0.000732209031 active=2
SOLVE n=384 V=45.4499999472 dt=0.0166666675 outer=3 norm=0.00226918008216 target=4.54499999472e-08 q=0.342554789..2.51540637 dry=78 full=0 pred=4.28036465 worst=230 old=2.05113712e-21 C=0.00246178719 h=0.938432723 floor=0.9 slope=0.128108995 weights=0.000732209031 active=2
SOLVE n=384 V=45.4499999472 dt=0.0166666675 outer=4 norm=0.00173419481445 target=4.54499999472e-08 q=0.339140597..2.51540637 dry=78 full=0 pred=4.28036465 worst=230 old=2.05113712e-21 C=0.00193004116 h=0.934029786 floor=0.9 slope=0.11343254 weights=0.000732209031 active=2
SOLVE n=384 V=45.4499999472 dt=0.0166666675 outer=5 norm=0.000384585734688 target=4.54499999472e-08 q=0.327874357..2.51540637 dry=80 full=0 pred=4.28036465 worst=230 old=2.05113712e-21 C=0.000591529282 h=0.91883928 floor=0.9 slope=0.0627975203 weights=0.000732209031 active=2
SOLVE n=384 V=45.4499999472 dt=0.0166666675 outer=6 norm=0.000372627055196 target=4.54499999472e-08 q=0.327804985..2.51540637 dry=79 full=0 pred=4.28036465 worst=230 old=2.05113712e-21 C=0.000579711058 h=0.918650135 floor=0.9 slope=0.0621670363 weights=0.000732209031 active=2
SOLVE n=384 V=45.4499999472 dt=0.0166666675 outer=7 norm=5.84954609454e-05 target=4.54499999472e-08 q=0.325649141..2.51540637 dry=81 full=0 pred=4.28036465 worst=230 old=2.05113712e-21 C=0.000269910586 h=0.912725839 floor=0.9 slope=0.0424193813 weights=0.000732209031 active=2
SOLVE n=384 V=45.4499999472 dt=0.0166666675 outer=8 norm=3.09603967994e-06 target=4.54499999472e-08 q=0.325561008..2.51540637 dry=81 full=0 pred=4.28036465 worst=216 old=5.75728797e-16 C=0.000208239901 h=0.911177857 floor=0.9 slope=0.0372594419 weights=0.000720624045 active=2
SOLVE n=384 V=45.4499999472 dt=0.0166666675 outer=9 norm=1.10851738879e-08 target=4.54499999472e-08 q=0.325560829..2.51540637 dry=81 full=0 pred=4.28036465 worst=216 old=5.75728797e-16 C=0.0002052136 h=0.911096337 floor=0.9 slope=0.0369877097 weights=0.000720624045 active=2
M55 lab refill cycle 0 press 6 pool 45.4385054232 storage 114.550000053 wet 137/384 q 0.325560829..2.51540637 iterations 32 retries 0 residual 1.10851738879e-08 solve 0.972370 ms ledger -2.84217094304e-14 partition 4.26325641456e-14
SOLVE n=64 V=1 dt=0.0166666675 outer=0 norm=0.000289871985482 target=1e-09 q=0.376093273..0.496316122 dry=0 full=0 pred=0.0178720269 worst=28 old=0.0275374306 C=0.0275374306 h=0.47989959 floor=0 slope=0.0275999974 weights=0.00550829271 active=4
SOLVE n=64 V=1 dt=0.0166666675 outer=1 norm=1.40767488836e-06 target=1e-09 q=0.382523861..0.499495556 dry=0 full=0 pred=0.0178720269 worst=2 old=0.00412045263 C=0.00396954155 h=0.400784133 floor=0.00230997837 slope=0.019923709 weights=0.00202954267 active=3
SOLVE n=64 V=1 dt=0.0166666675 outer=2 norm=9.64415909329e-11 target=1e-09 q=0.382473711..0.499460853 dry=0 full=0 pred=0.0178720269 worst=34 old=0.0270036212 C=0.027281118 h=0.454685299 floor=0 slope=0.06 weights=0.00536867143 active=4
SOLVE n=64 V=0.1 dt=0.0166666675 outer=0 norm=1.57469437746e-10 target=1e-09 q=0.0694444327..0.0694445237 dry=0 full=0 pred=4.61838169e-09 worst=36 old=0.00156250126 C=0.00156250126 h=0.0694445003 floor=0 slope=0.0225 weights=0.000756945229 active=4
SOLVE n=64 V=0.1 dt=0.0166666675 outer=0 norm=1.67926064534e-10 target=1e-09 q=0.0694444486..0.0694445345 dry=0 full=0 pred=4.61838371e-09 worst=36 old=0.00156250203 C=0.00156250203 h=0.0694445345 floor=0 slope=0.0225 weights=0.000756945538 active=4
SOLVE n=384 V=45.4385054232 dt=0.0166666675 outer=0 norm=0.187393851647 target=4.54385054232e-08 q=0.325560829..2.51540637 dry=66 full=0 pred=4.36553856 worst=371 old=0.79330259 C=0.79330259 h=1.66160521 floor=0 slope=0.5 weights=0.0133893186 active=3
SOLVE n=384 V=45.4385054232 dt=0.0166666675 outer=1 norm=0.00218460000067 target=4.54385054232e-08 q=0.350219119..2.45460285 dry=79 full=0 pred=4.36553856 worst=266 old=1.73748371e-21 C=0.00218460004 h=0.636204445 floor=0.6 slope=0.1206814 weights=3.43762302e-06 active=3
SOLVE n=384 V=45.4385054232 dt=0.0166666675 outer=2 norm=0.000546126380887 target=4.54385054232e-08 q=0.344250032..2.45460285 dry=79 full=0 pred=4.36553856 worst=266 old=1.73748371e-21 C=0.000546173631 h=0.618102627 floor=0.6 slope=0.0603420049 weights=3.43762302e-06 active=3
SOLVE n=384 V=45.4385054232 dt=0.0166666675 outer=3 norm=0.000136504739367 target=4.54385054232e-08 q=0.343853814..2.45460285 dry=80 full=0 pred=4.36553856 worst=266 old=1.73748371e-21 C=0.000136582082 h=0.609052608 floor=0.6 slope=0.0301752749 weights=3.43762302e-06 active=3
SOLVE n=384 V=45.4385054232 dt=0.0166666675 outer=4 norm=3.4099093156e-05 target=4.54385054232e-08 q=0.343852053..2.45460285 dry=80 full=0 pred=4.36553856 worst=266 old=1.73748371e-21 C=3.41919793e-05 h=0.604529395 floor=0.6 slope=0.0150978982 weights=3.43762302e-06 active=3
SOLVE n=384 V=45.4385054232 dt=0.0166666675 outer=5 norm=8.49774484574e-06 target=4.54385054232e-08 q=0.343852052..2.45460285 dry=80 full=0 pred=4.36553856 worst=266 old=1.73748371e-21 C=8.598393e-06 h=0.602271376 floor=0.6 slope=0.00757117033 weights=3.43762302e-06 active=3
SOLVE n=384 V=45.4385054232 dt=0.0166666675 outer=6 norm=2.09766342245e-06 target=4.54385054232e-08 q=0.343852052..2.45460285 dry=80 full=0 pred=4.36553856 worst=266 old=1.73748371e-21 C=2.20216815e-06 h=0.601149504 floor=0.6 slope=0.00383159511 weights=3.43762302e-06 active=3
SOLVE n=384 V=45.4385054232 dt=0.0166666675 outer=7 norm=4.98634386407e-07 target=4.54385054232e-08 q=0.343852052..2.45460285 dry=80 full=0 pred=4.36553856 worst=266 old=1.73748371e-21 C=6.05019283e-07 h=0.60060253 floor=0.6 slope=0.00200834805 weights=3.43762302e-06 active=3
SOLVE n=384 V=45.4385054232 dt=0.0166666675 outer=8 norm=1.02388170069e-07 target=4.54385054232e-08 q=0.343852052..2.45460285 dry=80 full=0 pred=4.36553856 worst=266 old=1.73748371e-21 C=2.09625043e-07 h=0.600354673 floor=0.6 slope=0.00118215917 weights=3.43762302e-06 active=3
SOLVE n=384 V=45.4385054232 dt=0.0166666675 outer=9 norm=1.24300840713e-08 target=4.54385054232e-08 q=0.343852052..2.45460285 dry=80 full=0 pred=4.36553856 worst=266 old=1.73748371e-21 C=1.19963803e-07 h=0.600268313 floor=0.6 slope=0.000894292284 weights=3.43762302e-06 active=3
SOLVE n=64 V=1 dt=0.0166666675 outer=0 norm=0.00029703453822 target=1e-09 q=0.382473707..0.499460848 dry=0 full=0 pred=0.0145890663 worst=29 old=0.0272811155 C=0.0272811155 h=0.454685258 floor=0 slope=0.06 weights=0.00543171553 active=4
SOLVE n=64 V=1 dt=0.0166666675 outer=1 norm=1.88506455696e-06 target=1e-09 q=0.391157177..0.501755362 dry=0 full=0 pred=0.0145890663 worst=60 old=0.00361311175 C=0.00378005393 h=0.391157181 floor=0.00230997837 slope=0.0194423614 weights=0.00191934942 active=3
SOLVE n=64 V=1 dt=0.0166666675 outer=2 norm=1.97763372844e-10 target=1e-09 q=0.391068135..0.501736869 dry=0 full=0 pred=0.0145890663 worst=4 old=0.00361311175 C=0.00377832294 h=0.391068139 floor=0.00230997837 slope=0.0194379093 weights=0.00191934942 active=3
SOLVE n=64 V=0.1 dt=0.0166666675 outer=0 norm=1.61695484781e-10 target=1e-09 q=0.0694444332..0.0694445195 dry=0 full=0 pred=5.01683557e-09 worst=36 old=0.0015625011 C=0.0015625011 h=0.0694444933 floor=0 slope=0.0225 weights=0.00075694516 active=4
SOLVE n=64 V=0.1 dt=0.0166666675 outer=0 norm=1.79013317239e-10 target=1e-09 q=0.0694444484..0.0694445271 dry=0 full=0 pred=5.01683765e-09 worst=36 old=0.00156250186 C=0.00156250186 h=0.0694445271 floor=0 slope=0.0225 weights=0.000756945456 active=4
SOLVE n=384 V=65.4499999472 dt=0.0166666675 outer=0 norm=0.182156960249 target=6.54499999472e-08 q=0.6..2.50622908 dry=65 full=0 pred=4.37666632 worst=371 old=0.724418613 C=0.724418613 h=1.52383725 floor=0 slope=0.5 weights=0.0122109241 active=3
SOLVE n=384 V=65.4499999472 dt=0.0166666675 outer=1 norm=0.147527864976 target=6.54499999472e-08 q=0.685486212..2.51626275 dry=69 full=0 pred=4.37666632 worst=244 old=6.52430185e-26 C=0.147527865 h=1.12005576 floor=0.75 slope=0.5 weights=0.000904977619 active=3
SOLVE n=384 V=65.4499999472 dt=0.0166666675 outer=2 norm=0.00936074183696 target=6.54499999472e-08 q=0.675243128..2.51626275 dry=70 full=0 pred=4.37666632 worst=156 old=7.65585692e-17 C=0.00938926899 h=1.42505708 floor=1.35 slope=0.250190181 weights=0.000370455922 active=3
SOLVE n=384 V=65.4499999472 dt=0.0166666675 outer=3 norm=0.00232620549712 target=6.54499999472e-08 q=0.638200905..2.51626275 dry=71 full=0 pred=4.37666632 worst=156 old=7.65585692e-17 C=0.00236852434 h=1.3876977 floor=1.35 slope=0.125658913 weights=0.000370455922 active=3
SOLVE n=384 V=65.4499999472 dt=0.0166666675 outer=4 norm=0.000567819191456 target=6.54499999472e-08 q=0.620331526..2.51626275 dry=71 full=0 pred=4.37666632 worst=156 old=7.65585692e-17 C=0.000616952586 h=1.36923987 floor=1.35 slope=0.0641328095 weights=0.000370455922 active=3
SOLVE n=384 V=65.4499999472 dt=0.0166666675 outer=5 norm=0.000129157877426 target=6.54499999472e-08 q=0.612552414..2.51626275 dry=71 full=0 pred=4.37666632 worst=156 old=7.65585692e-17 C=0.000181542348 h=1.36043676 floor=1.35 slope=0.0347891122 weights=0.000370455922 active=3
SOLVE n=384 V=65.4499999472 dt=0.0166666675 outer=6 norm=2.24918117709e-05 target=6.54499999472e-08 q=0.610178313..2.51626275 dry=71 full=0 pred=4.37666632 worst=156 old=7.65585692e-17 C=7.62340541e-05 h=1.35676319 floor=1.35 slope=0.0225438912 weights=0.000370455922 active=3
SOLVE n=384 V=65.4499999472 dt=0.0166666675 outer=7 norm=1.60588898838e-06 target=6.54499999472e-08 q=0.609906569..2.51626275 dry=71 full=0 pred=4.37666632 worst=156 old=7.65585692e-17 C=5.5711303e-05 h=1.35578161 floor=1.35 slope=0.0192719664 weights=0.000370455922 active=3
SOLVE n=384 V=65.4499999472 dt=0.0166666675 outer=8 norm=1.11383783896e-08 target=6.54499999472e-08 q=0.609902911..2.51626275 dry=72 full=0 pred=4.37666632 worst=156 old=7.65585692e-17 C=5.41468169e-05 h=1.35569986 floor=1.35 slope=0.0189994416 weights=0.000370455922 active=3
M55 lab refill cycle 0 press 7 pool 65.4499999472 storage 94.5500000528 wet 186/384 q 0.609902911..2.51626275 iterations 24 retries 0 residual 1.11383783896e-08 solve 0.689882 ms ledger -2.84217094304e-14 partition 5.68434188608e-14
SOLVE n=64 V=1 dt=0.0166666675 outer=0 norm=0.000299976556191 target=1e-09 q=0.391068125..0.501736868 dry=0 full=0 pred=0.0112754427 worst=29 old=0.0275692818 C=0.0275692818 h=0.45948803 floor=0 slope=0.06 weights=0.00549198341 active=4
SOLVE n=64 V=1 dt=0.0166666675 outer=1 norm=2.53897435343e-06 target=1e-09 q=0.393969828..0.502956596 dry=0 full=0 pred=0.0112754427 worst=60 old=0.00377832275 C=0.00397675028 h=0.401145785 floor=0.00230997837 slope=0.0199417917 weights=0.0019292361 active=3
SOLVE n=64 V=1 dt=0.0166666675 outer=2 norm=3.40414888593e-10 target=1e-09 q=0.393964506..0.502950449 dry=0 full=0 pred=0.0112754427 worst=60 old=0.00377832275 C=0.00397441805 h=0.401028816 floor=0.00230997837 slope=0.0199359432 weights=0.0019292361 active=3
SOLVE n=64 V=0.1 dt=0.0166666675 outer=0 norm=1.63460425634e-10 target=1e-09 q=0.0694444341..0.0694445148 dry=0 full=0 pred=5.34807015e-09 worst=36 old=0.00156250094 C=0.00156250094 h=0.0694444861 floor=0 slope=0.0225 weights=0.000756945088 active=4
SOLVE n=64 V=0.1 dt=0.0166666675 outer=0 norm=1.87650548851e-10 target=1e-09 q=0.0694444485..0.0694445191 dry=0 full=0 pred=5.34807369e-09 worst=36 old=0.00156250168 C=0.00156250168 h=0.0694445191 floor=0 slope=0.0225 weights=0.00075694537 active=4
SOLVE n=384 V=65.4499999472 dt=0.0166666675 outer=0 norm=0.172272076626 target=6.54499999472e-08 q=0.609902911..2.51626275 dry=63 full=0 pred=4.32032338 worst=371 old=0.547846229 C=0.547846229 h=1.17069248 floor=0 slope=0.5 weights=0.0117720043 active=3
SOLVE n=384 V=65.4499999472 dt=0.0166666675 outer=1 norm=0.00174353668928 target=6.54499999472e-08 q=0.391550896..2.61053662 dry=69 full=0 pred=4.32032338 worst=249 old=1.34569954e-21 C=0.00174353672 h=0.782343835 floor=0.75 slope=0.107812699 weights=2.76739683e-06 active=4
SOLVE n=384 V=65.4499999472 dt=0.0166666675 outer=2 norm=0.000435867119252 target=6.54499999472e-08 q=0.391550896..2.61053662 dry=70 full=0 pred=4.32032338 worst=249 old=1.34569954e-21 C=0.00043590124 h=0.766172246 floor=0.75 slope=0.0539074046 weights=2.76739683e-06 active=4
SOLVE n=384 V=65.4499999472 dt=0.0166666675 outer=3 norm=0.000108947389348 target=6.54499999472e-08 q=0.391550896..2.61053662 dry=71 full=0 pred=4.32032338 worst=249 old=1.34569954e-21 C=0.000109003174 h=0.758087169 floor=0.75 slope=0.0269571481 weights=2.76739683e-06 active=4
SOLVE n=384 V=65.4499999472 dt=0.0166666675 outer=4 norm=2.72173214888e-05 target=6.54499999472e-08 q=0.391550896..2.61053662 dry=71 full=0 pred=4.32032338 worst=249 old=1.34569954e-21 C=2.72842864e-05 h=0.754046081 floor=0.75 slope=0.0134868545 weights=2.76739683e-06 active=4
SOLVE n=384 V=65.4499999472 dt=0.0166666675 outer=5 norm=6.78484555334e-06 target=6.54499999472e-08 q=0.391550896..2.61053662 dry=71 full=0 pred=4.32032338 worst=249 old=1.34569954e-21 C=6.8573941e-06 h=0.752028432 floor=0.75 slope=0.00676135791 weights=2.76739683e-06 active=4
SOLVE n=384 V=65.4499999472 dt=0.0166666675 outer=6 norm=1.6768931974e-06 target=6.54499999472e-08 q=0.391550896..2.61053662 dry=71 full=0 pred=4.32032338 worst=249 old=1.34569954e-21 C=1.75221746e-06 h=0.751025369 floor=0.75 slope=0.00341781359 weights=2.76739683e-06 active=4
SOLVE n=384 V=65.4499999472 dt=0.0166666675 outer=7 norm=4.00552842545e-07 target=6.54499999472e-08 q=0.391550896..2.61053662 dry=71 full=0 pred=4.32032338 worst=249 old=1.34569954e-21 C=4.77233699e-07 h=0.750535132 floor=0.75 slope=0.00178369224 weights=2.76739683e-06 active=4
SOLVE n=384 V=65.4499999472 dt=0.0166666675 outer=8 norm=8.37880322806e-08 target=6.54499999472e-08 q=0.391550896..2.61053662 dry=71 full=0 pred=4.32032338 worst=249 old=1.34569954e-21 C=1.61089344e-07 h=0.750310916 floor=0.75 slope=0.00103630544 weights=2.76739683e-06 active=4
SOLVE n=384 V=65.4499999472 dt=0.0166666675 outer=9 norm=1.08372892879e-08 target=6.54499999472e-08 q=0.391550896..2.61053662 dry=71 full=0 pred=4.32032338 worst=249 old=1.34569954e-21 C=8.83617387e-08 h=0.750230279 floor=0.75 slope=0.000767514338 weights=2.76739683e-06 active=4
SOLVE n=64 V=1 dt=0.0166666675 outer=0 norm=0.00029531072843 target=1e-09 q=0.393964506..0.502950449 dry=0 full=0 pred=0.0125513443 worst=54 old=0.0244656671 C=0.0244656671 h=0.457926352 floor=0 slope=0.06 weights=0.00453088129 active=4
SOLVE n=64 V=1 dt=0.0166666675 outer=1 norm=2.85217819458e-06 target=1e-09 q=0.394876205..0.502918507 dry=0 full=0 pred=0.0125513443 worst=60 old=0.00397441771 C=0.0041902087 h=0.41170995 floor=0.00230997837 slope=0.02047 weights=0.00194844848 active=3
SOLVE n=64 V=1 dt=0.0166666675 outer=2 norm=4.08976879462e-10 target=1e-09 q=0.394874054..0.502916995 dry=0 full=0 pred=0.0125513443 worst=4 old=0.00397441771 C=0.00418758519 h=0.411581766 floor=0.00230997837 slope=0.0204635908 weights=0.00194844848 active=3
SOLVE n=64 V=0.1 dt=0.0166666675 outer=0 norm=1.62732540996e-10 target=1e-09 q=0.0694444355..0.0694445095 dry=0 full=0 pred=5.60611025e-09 worst=36 old=0.00156250077 C=0.00156250077 h=0.0694444789 floor=0 slope=0.0225 weights=0.000756945015 active=4
SOLVE n=64 V=0.1 dt=0.0166666675 outer=0 norm=1.93682480284e-10 target=1e-09 q=0.0694444488..0.0694445108 dry=0 full=0 pred=5.60611523e-09 worst=36 old=0.00156250149 C=0.00156250149 h=0.0694445108 floor=0 slope=0.0225 weights=0.000756945279 active=4
SOLVE n=384 V=85.4499999472 dt=0.0166666675 outer=0 norm=0.162306338811 target=8.54499999472e-08 q=0.703310122..2.63506152 dry=63 full=0 pred=4.20606015 worst=366 old=0.761616343 C=0.761616343 h=1.59823271 floor=0 slope=0.5 weights=0.0128472637 active=3
SOLVE n=384 V=85.4499999472 dt=0.0166666675 outer=1 norm=0.112522120827 target=8.54499999472e-08 q=0.453078057..2.69165811 dry=63 full=0 pred=4.20606015 worst=247 old=1.0508484e-26 C=0.112522121 h=1.05004427 floor=0.75 slope=0.5 weights=0.00205411742 active=4
SOLVE n=384 V=85.4499999472 dt=0.0166666675 outer=2 norm=0.0093366499496 target=8.54499999472e-08 q=0.453078057..2.69165811 dry=63 full=0 pred=4.20606015 worst=136 old=1.18809173e-20 C=0.00941342854 h=1.57515358 floor=1.5 slope=0.250511857 weights=0.000486112755 active=4
SOLVE n=384 V=85.4499999472 dt=0.0166666675 outer=3 norm=0.0023061849 target=8.54499999472e-08 q=0.453078057..2.69165811 dry=64 full=0 pred=4.20606015 worst=136 old=1.18809173e-20 C=0.00240100694 h=1.53795531 floor=1.5 slope=0.126517639 weights=0.000486112755 active=4
SOLVE n=384 V=85.4499999472 dt=0.0166666675 outer=4 norm=0.000549554893659 target=8.54499999472e-08 q=0.453078057..2.69165811 dry=64 full=0 pred=4.20606015 worst=136 old=1.18809173e-20 C=0.000653184965 h=1.51979676 floor=1.5 slope=0.0659891388 weights=0.000486112755 active=4
SOLVE n=384 V=85.4499999472 dt=0.0166666675 outer=5 norm=0.000117707088434 target=8.54499999472e-08 q=0.453078057..2.69165811 dry=64 full=0 pred=4.20606015 worst=168 old=0 C=0.00016350936 h=1.20990485 floor=1.2 slope=0.0330160931 weights=0.000344680823 active=1
SOLVE n=384 V=85.4499999472 dt=0.0166666675 outer=6 norm=2.07479799788e-05 target=8.54499999472e-08 q=0.453078057..2.69165811 dry=64 full=0 pred=4.20606015 worst=168 old=0 C=6.77655734e-05 h=1.20637649 floor=1.2 slope=0.0212548933 weights=0.000344680823 active=1
SOLVE n=384 V=85.4499999472 dt=0.0166666675 outer=7 norm=1.53782671893e-06 target=8.54499999472e-08 q=0.453078057..2.69165811 dry=64 full=0 pred=4.20606015 worst=168 old=0 C=4.88862881e-05 h=1.20541591 floor=1.2 slope=0.0180529385 weights=0.000344680823 active=1
SOLVE n=384 V=85.4499999472 dt=0.0166666675 outer=8 norm=1.16464701973e-08 target=8.54499999472e-08 q=0.453078057..2.69165811 dry=64 full=0 pred=4.20606015 worst=168 old=0 C=4.73888997e-05 h=1.20533232 floor=1.2 slope=0.0177743073 weights=0.000344680823 active=1
M55 lab refill cycle 0 press 8 pool 85.4499999472 storage 74.5500000528 wet 233/384 q 0.453078057..2.69165811 iterations 23 retries 0 residual 1.16464701973e-08 solve 0.817209 ms ledger -2.84217094304e-14 partition 5.68434188608e-14
SOLVE n=64 V=1 dt=0.0166666675 outer=0 norm=0.000297275800287 target=1e-09 q=0.394874054..0.502916995 dry=0 full=0 pred=0.0141264169 worst=54 old=0.024176697 C=0.024176697 h=0.453110184 floor=0 slope=0.06 weights=0.00446715538 active=4
SOLVE n=64 V=1 dt=0.0166666675 outer=1 norm=2.82399166973e-06 target=1e-09 q=0.398318219..0.501474571 dry=0 full=0 pred=0.0141264169 worst=60 old=0.00418758478 C=0.00440790024 h=0.422209964 floor=0.00230997837 slope=0.0209950007 weights=0.00197410545 active=3
SOLVE n=64 V=1 dt=0.0166666675 outer=2 norm=3.8278125545e-10 target=1e-09 q=0.398303385..0.501465731 dry=0 full=0 pred=0.0141264169 worst=4 old=0.00418758478 C=0.00440529803 h=0.422086001 floor=0.00230997837 slope=0.0209888025 weights=0.00197410545 active=3
SOLVE n=64 V=0.1 dt=0.0166666675 outer=0 norm=1.59532124629e-10 target=1e-09 q=0.0694444373..0.0694445038 dry=0 full=0 pred=5.78631542e-09 worst=36 old=0.00156250061 C=0.00156250061 h=0.0694444717 floor=0 slope=0.0225 weights=0.00075694494 active=4
SOLVE n=64 V=0.1 dt=0.0166666675 outer=0 norm=1.97002137531e-10 target=1e-09 q=0.0694444494..0.0694445022 dry=0 full=0 pred=5.78632106e-09 worst=36 old=0.0015625013 C=0.0015625013 h=0.0694445022 floor=0 slope=0.0225 weights=0.000756945185 active=4
SOLVE n=384 V=85.4499999472 dt=0.0166666675 outer=0 norm=0.151427941918 target=8.54499999472e-08 q=0.453078057..2.69165811 dry=61 full=0 pred=4.03941673 worst=366 old=0.604463497 C=0.604463497 h=1.28392702 floor=0 slope=0.5 weights=0.0133894578 active=3
SOLVE n=384 V=85.4499999472 dt=0.0166666675 outer=1 norm=0.00111999711852 target=8.54499999472e-08 q=0.25417114..2.70804276 dry=63 full=0 pred=4.03941673 worst=223 old=2.15934714e-23 C=0.00111999714 h=0.925922954 floor=0.9 slope=0.0864097659 weights=3.53616421e-06 active=4
SOLVE n=384 V=85.4499999472 dt=0.0166666675 outer=2 norm=0.000279981848735 target=8.54499999472e-08 q=0.25417114..2.70804276 dry=63 full=0 pred=4.03941673 worst=223 old=2.15934714e-23 C=0.000280016723 h=0.912961893 floor=0.9 slope=0.0432062282 weights=3.53616421e-06 active=4
SOLVE n=384 V=85.4499999472 dt=0.0166666675 outer=3 norm=6.99756412114e-05 target=8.54499999472e-08 q=0.25417114..2.70804276 dry=64 full=0 pred=4.03941673 worst=223 old=2.15934714e-23 C=7.00326917e-05 h=0.906482278 floor=0.9 slope=0.0216075129 weights=3.53616421e-06 active=4
SOLVE n=384 V=85.4499999472 dt=0.0166666675 outer=4 norm=1.7473940895e-05 target=8.54499999472e-08 q=0.25417114..2.70804276 dry=64 full=0 pred=4.03941673 worst=223 old=2.15934714e-23 C=1.7542438e-05 h=0.903244321 floor=0.9 slope=0.0108143232 weights=3.53616421e-06 active=4
SOLVE n=384 V=85.4499999472 dt=0.0166666675 outer=5 norm=4.34858360246e-06 target=8.54499999472e-08 q=0.25417114..2.70804276 dry=64 full=0 pred=4.03941673 worst=223 old=2.15934714e-23 C=4.42279234e-06 h=0.901629035 floor=0.9 slope=0.00543003521 weights=3.53616421e-06 active=4
SOLVE n=384 V=85.4499999472 dt=0.0166666675 outer=6 norm=1.06751422888e-06 target=8.54499999472e-08 q=0.25417114..2.70804276 dry=64 full=0 pred=4.03941673 worst=223 old=2.15934714e-23 C=1.14455289e-06 h=0.900828717 floor=0.9 slope=0.00276230929 weights=3.53616421e-06 active=4
SOLVE n=384 V=85.4499999472 dt=0.0166666675 outer=7 norm=2.48279195345e-07 target=8.54499999472e-08 q=0.25417114..2.70804276 dry=64 full=0 pred=4.03941673 worst=223 old=2.15934714e-23 C=3.26682618e-07 h=0.900442754 floor=0.9 slope=0.00147576561 weights=3.53616421e-06 active=4
SOLVE n=384 V=85.4499999472 dt=0.0166666675 outer=8 norm=4.8179004851e-08 target=8.54499999472e-08 q=0.25417114..2.70804276 dry=64 full=0 pred=4.03941673 worst=198 old=5.93046829e-21 C=7.88373239e-08 h=1.05021752 floor=1.05 slope=0.000724970455 weights=1.49273705e-06 active=3
SOLVE n=64 V=1 dt=0.0166666675 outer=0 norm=0.000292647963869 target=1e-09 q=0.398303385..0.501465731 dry=0 full=0 pred=0.0153978335 worst=54 old=0.0238858798 C=0.0238858798 h=0.448263231 floor=0 slope=0.06 weights=0.00441839161 active=4
SOLVE n=64 V=1 dt=0.0166666675 outer=1 norm=2.54264947954e-06 target=1e-09 q=0.403817776..0.498475805 dry=0 full=0 pred=0.0153978335 worst=60 old=0.00440529764 C=0.00461951064 h=0.432170901 floor=0.00230997837 slope=0.0214930476 weights=0.00200266915 active=3
SOLVE n=64 V=1 dt=0.0166666675 outer=2 norm=2.97577722798e-10 target=1e-09 q=0.403782164..0.498443083 dry=0 full=0 pred=0.0153978335 worst=4 old=0.00440529764 C=0.00461716263 h=0.432061643 floor=0.00230997837 slope=0.0214875846 weights=0.00200266915 active=3
SOLVE n=64 V=0.1 dt=0.0166666675 outer=0 norm=1.53931026621e-10 target=1e-09 q=0.0694444395..0.0694444978 dry=0 full=0 pred=5.88549145e-09 worst=36 old=0.00156250045 C=0.00156250045 h=0.0694444646 floor=0 slope=0.0225 weights=0.000756944866 active=4
SOLVE n=64 V=0.1 dt=0.0166666675 outer=0 norm=1.9755390015e-10 target=1e-09 q=0.0694444503..0.0694444934 dry=0 full=0 pred=5.88549759e-09 worst=36 old=0.0015625011 C=0.0015625011 h=0.0694444934 floor=0 slope=0.0225 weights=0.00075694509 active=4
SOLVE n=384 V=105.449999947 dt=0.0166666675 outer=0 norm=0.136082218269 target=1.05449999947e-07 q=0.56135465..2.71913846 dry=61 full=0 pred=3.82196327 worst=366 old=0.567060121 C=0.567060121 h=1.20912027 floor=0 slope=0.5 weights=0.0150948036 active=3
SOLVE n=384 V=105.449999947 dt=0.0166666675 outer=1 norm=0.0648361399257 target=1.05449999947e-07 q=0.415284367..2.70016579 dry=58 full=0 pred=3.82196327 worst=115 old=5.57664821e-17 C=0.0648361414 h=1.85467231 floor=1.65 slope=0.5 weights=0.000397645655 active=2
SOLVE n=384 V=105.449999947 dt=0.0166666675 outer=2 norm=0.00936104854113 target=1.05449999947e-07 q=0.415284367..2.70016579 dry=58 full=0 pred=3.82196327 worst=91 old=0 C=0.0093889618 h=1.87505585 floor=1.8 slope=0.250186088 weights=0.000292938443 active=1
SOLVE n=384 V=105.449999947 dt=0.0166666675 outer=3 norm=0.00232785620471 target=1.05449999947e-07 q=0.415284367..2.70016579 dry=58 full=0 pred=3.82196327 worst=91 old=0 C=0.00236670507 h=1.83768322 floor=1.8 slope=0.125610644 weights=0.000292938443 active=1
SOLVE n=384 V=105.449999947 dt=0.0166666675 outer=4 norm=0.000569753679167 target=1.05449999947e-07 q=0.415284367..2.70016579 dry=58 full=0 pred=3.82196327 worst=91 old=0 C=0.00061401269 h=1.81919397 floor=1.8 slope=0.0639798245 weights=0.000292938443 active=1
SOLVE n=384 V=105.449999947 dt=0.0166666675 outer=5 norm=0.000130970498828 target=1.05449999947e-07 q=0.415284367..2.70016579 dry=58 full=0 pred=3.82196327 worst=91 old=0 C=0.000177823427 h=1.8103293 floor=1.8 slope=0.0344309384 weights=0.000292938443 active=1
SOLVE n=384 V=105.449999947 dt=0.0166666675 outer=6 norm=2.37107864422e-05 target=1.05449999947e-07 q=0.415284367..2.70016579 dry=58 full=0 pred=3.82196327 worst=91 old=0 C=7.16674308e-05 h=1.8065575 floor=1.8 slope=0.021858245 weights=0.000292938443 active=1
SOLVE n=384 V=105.449999947 dt=0.0166666675 outer=7 norm=1.90968746836e-06 target=1.05449999947e-07 q=0.415284367..2.70016579 dry=58 full=0 pred=3.82196327 worst=91 old=0 C=5.01795879e-05 h=1.80548708 floor=1.8 slope=0.0182901773 weights=0.000292938443 active=1
SOLVE n=384 V=105.449999947 dt=0.0166666675 outer=8 norm=1.76045129046e-08 target=1.05449999947e-07 q=0.415284367..2.70016579 dry=58 full=0 pred=3.82196327 worst=91 old=0 C=4.83175837e-05 h=1.80538431 floor=1.8 slope=0.0179476245 weights=0.000292938443 active=1
M55 lab refill cycle 0 press 9 pool 105.449999947 storage 54.5500000528 wet 277/384 q 0.415284367..2.70016579 iterations 23 retries 0 residual 1.76045129046e-08 solve 0.643914 ms ledger -2.84217094304e-14 partition 1.13686837722e-13
SOLVE n=64 V=1 dt=0.0166666675 outer=0 norm=0.000350484080514 target=1e-09 q=0.403782163..0.498443079 dry=0 full=0 pred=0.0163364146 worst=35 old=0.0275135539 C=0.0275135539 h=0.495522663 floor=0 slope=0.0275999974 weights=0.00557150497 active=4
SOLVE n=64 V=1 dt=0.0166666675 outer=1 norm=2.12423009478e-06 target=1e-09 q=0.410815683..0.49379236 dry=0 full=0 pred=0.0163364146 worst=60 old=0.00461716233 C=0.0048173563 h=0.441279498 floor=0.00230997837 slope=0.0219484774 weights=0.002036205 active=3
SOLVE n=64 V=1 dt=0.0166666675 outer=2 norm=2.37798793869e-10 target=1e-09 q=0.410759505..0.493714211 dry=0 full=0 pred=0.0163364146 worst=55 old=0.00110398951 C=0.00103688069 h=0.476861118 floor=0.300491007 slope=0.0117580092 weights=0.000494803696 active=3
SOLVE n=64 V=0.1 dt=0.0166666675 outer=0 norm=1.46951060951e-10 target=1e-09 q=0.0694444412..0.069444498 dry=0 full=0 pred=5.90197427e-09 worst=35 old=0.00156250106 C=0.00156250106 h=0.0694444915 floor=0 slope=0.0225 weights=0.000756945086 active=4
SOLVE n=64 V=0.1 dt=0.0166666675 outer=0 norm=1.95334789334e-10 target=1e-09 q=0.0694444515..0.069444492 dry=0 full=0 pred=5.90198081e-09 worst=36 old=0.0015625009 C=0.0015625009 h=0.0694444846 floor=0 slope=0.0225 weights=0.000756945014 active=4
SOLVE n=384 V=105.449999947 dt=0.0166666675 outer=0 norm=0.115772481761 target=1.05449999947e-07 q=0.415284367..2.70016579 dry=58 full=0 pred=3.58190413 worst=366 old=0.435717159 C=0.435717159 h=0.946434344 floor=0 slope=0.5 weights=0.0155297257 active=3
SOLVE n=384 V=105.449999947 dt=0.0166666675 outer=1 norm=0.000438773053518 target=1.05449999947e-07 q=0.323753219..2.6484259 dry=57 full=0 pred=3.58190413 worst=126 old=5.8743114e-17 C=0.000438773163 h=1.51622543 floor=1.5 slope=0.0540846968 weights=7.05877503e-07 active=3
SOLVE n=384 V=105.449999947 dt=0.0166666675 outer=2 norm=0.000109690683049 target=1.05449999947e-07 q=0.323753215..2.6484259 dry=57 full=0 pred=3.58190413 worst=126 old=5.8743114e-17 C=0.000109695133 h=1.5081128 floor=1.5 slope=0.0270425755 weights=7.05877503e-07 active=3
SOLVE n=384 V=105.449999947 dt=0.0166666675 outer=3 norm=2.74201692675e-05 target=1.05449999947e-07 q=0.323753215..2.6484259 dry=57 full=0 pred=3.58190413 worst=126 old=5.8743114e-17 C=2.74273891e-05 h=1.50405668 floor=1.5 slope=0.0135221766 weights=7.05877503e-07 active=3
SOLVE n=384 V=105.449999947 dt=0.0166666675 outer=4 norm=6.85252243715e-06 target=1.05449999947e-07 q=0.323753215..2.6484259 dry=57 full=0 pred=3.58190413 worst=126 old=5.8743114e-17 C=6.86117312e-06 h=1.50202899 floor=1.5 slope=0.0067632207 weights=7.05877503e-07 active=3
SOLVE n=384 V=105.449999947 dt=0.0166666675 outer=5 norm=1.7106135761e-06 target=1.05449999947e-07 q=0.323753215..2.6484259 dry=57 full=0 pred=3.58190413 worst=126 old=5.8743114e-17 C=1.71997937e-06 h=1.50101589 floor=1.5 slope=0.00338622638 weights=7.05877503e-07 active=3
SOLVE n=384 V=105.449999947 dt=0.0166666675 outer=6 norm=4.25147431532e-07 target=1.05449999947e-07 q=0.323753215..2.6484259 dry=57 full=0 pred=3.58190413 worst=126 old=5.8743114e-17 C=4.34869723e-07 h=1.50051083 floor=1.5 slope=0.00170268361 weights=7.05877503e-07 active=3
SOLVE n=384 V=105.449999947 dt=0.0166666675 outer=7 norm=1.03824523462e-07 target=1.05449999947e-07 q=0.323753215..2.6484259 dry=57 full=0 pred=3.58190413 worst=126 old=5.8743114e-17 C=1.13722989e-07 h=1.50026124 floor=1.5 slope=0.000870719965 weights=7.05877503e-07 active=3
SOLVE n=64 V=1 dt=0.0166666675 outer=0 norm=0.000395860265932 target=1e-09 q=0.410759501..0.493714189 dry=0 full=0 pred=0.0178882285 worst=36 old=0.0271989751 C=0.0271989751 h=0.490815755 floor=0 slope=0.0275999974 weights=0.00551186645 active=4
SOLVE n=64 V=1 dt=0.0166666675 outer=1 norm=1.66991853591e-06 target=1e-09 q=0.418747651..0.487312561 dry=0 full=0 pred=0.0178882285 worst=4 old=0.0048153898 C=0.00499640643 h=0.449362821 floor=0.00230997837 slope=0.0223526436 weights=0.00208552056 active=3
SOLVE n=64 V=1 dt=0.0166666675 outer=2 norm=5.28285395442e-10 target=1e-09 q=0.418676931..0.487161757 dry=0 full=0 pred=0.0178882285 worst=55 old=0.00103688045 C=0.000958931134 h=0.47010212 floor=0.300491007 slope=0.0113074093 weights=0.000475825141 active=3
SOLVE n=64 V=0.1 dt=0.0166666675 outer=0 norm=1.49530350838e-10 target=1e-09 q=0.0694444398..0.0694445018 dry=0 full=0 pred=5.83567741e-09 worst=35 old=0.00156250091 C=0.00156250091 h=0.0694444849 floor=0 slope=0.0225 weights=0.000756945043 active=4
SOLVE n=64 V=0.1 dt=0.0166666675 outer=0 norm=1.90395137067e-10 target=1e-09 q=0.0694444531..0.0694444978 dry=0 full=0 pred=5.83568416e-09 worst=36 old=0.00156250071 C=0.00156250071 h=0.069444476 floor=0 slope=0.0225 weights=0.000756944959 active=4
SOLVE n=384 V=125.449999947 dt=0.0166666675 outer=0 norm=0.0935221619684 target=1.25449999947e-07 q=0.620579426..2.666595 dry=56 full=0 pred=3.31530423 worst=366 old=0.448360497 C=0.448360497 h=0.971721021 floor=0 slope=0.5 weights=0.0166509287 active=3
SOLVE n=384 V=125.449999947 dt=0.0166666675 outer=1 norm=0.0518920986279 target=1.25449999947e-07 q=0.573634987..2.59004382 dry=49 full=0 pred=3.31530423 worst=124 old=6.21007874e-17 C=0.0518920999 h=1.67878422 floor=1.5 slope=0.5 weights=0.000668074834 active=3
SOLVE n=384 V=125.449999947 dt=0.0166666675 outer=2 norm=0.00935868409311 target=1.25449999947e-07 q=0.573634982..2.59004382 dry=49 full=0 pred=3.31530423 worst=94 old=1.71116183e-17 C=0.00939133008 h=1.87506531 floor=1.8 slope=0.25021764 weights=0.000316719068 active=3
SOLVE n=384 V=125.449999947 dt=0.0166666675 outer=3 norm=0.00232565107958 target=1.25449999947e-07 q=0.573634982..2.59004382 dry=49 full=0 pred=3.31530423 worst=94 old=1.71116183e-17 C=0.00237011925 h=1.83771039 floor=1.8 slope=0.125701213 weights=0.000316719068 active=3
SOLVE n=384 V=125.449999947 dt=0.0166666675 outer=4 norm=0.000567642362791 target=1.25449999947e-07 q=0.573634982..2.59004382 dry=49 full=0 pred=3.31530423 worst=94 old=1.71116183e-17 C=0.000617951197 h=1.81925543 floor=1.8 slope=0.0641846917 weights=0.000316719068 active=3
SOLVE n=384 V=125.449999947 dt=0.0166666675 outer=5 norm=0.000129080768697 target=1.25449999947e-07 q=0.573634982..2.59004382 dry=49 full=0 pred=3.31530423 worst=94 old=1.71116183e-17 C=0.00018217481 h=1.81045492 floor=1.8 slope=0.034849659 weights=0.000316719068 active=3
SOLVE n=384 V=125.449999947 dt=0.0166666675 outer=6 norm=2.24553134042e-05 target=1.25449999947e-07 q=0.573634982..2.59004382 dry=49 full=0 pred=3.31530423 worst=94 old=1.71116183e-17 C=7.67110351e-05 h=1.80678431 floor=1.8 slope=0.0226143075 weights=0.000316719068 active=3
SOLVE n=384 V=125.449999947 dt=0.0166666675 outer=7 norm=1.59824750787e-06 target=1.25449999947e-07 q=0.573634982..2.59004382 dry=49 full=0 pred=3.31530423 worst=94 old=1.71116183e-17 C=5.61638888e-05 h=1.80580505 floor=1.8 slope=0.0193500885 weights=0.000316719068 active=3
SOLVE n=384 V=125.449999947 dt=0.0166666675 outer=8 norm=1.10091691567e-08 target=1.25449999947e-07 q=0.573634982..2.59004382 dry=49 full=0 pred=3.31530423 worst=94 old=1.71116183e-17 C=5.460237e-05 h=1.80572378 floor=1.8 slope=0.0190791981 weights=0.000316719068 active=3
M55 lab refill cycle 0 press 10 pool 125.449999947 storage 34.5500000528 wet 313/384 q 0.573634982..2.59004382 iterations 21 retries 0 residual 1.10091691567e-08 solve 0.881393 ms ledger -2.84217094304e-14 partition 4.26325641456e-14
SOLVE n=64 V=1 dt=0.0166666675 outer=0 norm=0.000420081686338 target=1e-09 q=0.418676925..0.487161672 dry=0 full=0 pred=0.019399587 worst=36 old=0.0268425175 C=0.0268425175 h=0.485701235 floor=0 slope=0.0275999974 weights=0.00544521679 active=4
SOLVE n=64 V=1 dt=0.0166666675 outer=1 norm=1.97125007253e-06 target=1e-09 q=0.420835384..0.478938171 dry=0 full=0 pred=0.019399587 worst=55 old=0.000958930606 C=0.000873946759 h=0.462411972 floor=0.300491007 slope=0.0107947326 weights=0.00045258322 active=3
SOLVE n=64 V=1 dt=0.0166666675 outer=2 norm=1.21391316332e-09 target=1e-09 q=0.420802014..0.47868035 dry=0 full=0 pred=0.019399587 worst=63 old=0.000411315268 C=0.000369801466 h=0.478680246 floor=0.300491007 slope=0.004738649 weights=0.000190423975 active=2
SOLVE n=64 V=1 dt=0.0166666675 outer=3 norm=3.05758666405e-11 target=1e-09 q=0.420802013..0.478680102 dry=0 full=0 pred=0.019399587 worst=54 old=0.0230680397 C=0.0228347946 h=0.430745144 floor=0 slope=0.06 weights=0.00429292957 active=4
SOLVE n=64 V=0.1 dt=0.0166666675 outer=0 norm=1.50078373351e-10 target=1e-09 q=0.0694444389..0.0694445052 dry=0 full=0 pred=5.68810466e-09 worst=35 old=0.00156250076 C=0.00156250076 h=0.0694444783 floor=0 slope=0.0225 weights=0.000756944998 active=4
SOLVE n=64 V=0.1 dt=0.0166666675 outer=0 norm=1.82837861722e-10 target=1e-09 q=0.0694444549..0.0694445032 dry=0 full=0 pred=5.68811285e-09 worst=35 old=0.00156250052 C=0.00156250052 h=0.0694444675 floor=0 slope=0.0225 weights=0.000756944904 active=4
SOLVE n=384 V=125.449999947 dt=0.0166666675 outer=0 norm=0.0690243553713 target=1.25449999947e-07 q=0.573634982..2.59004382 dry=49 full=0 pred=3.2943049 worst=366 old=0.357936008 C=0.357936008 h=0.790872043 floor=0 slope=0.5 weights=0.0166931007 active=3
SOLVE n=384 V=125.449999947 dt=0.0166666675 outer=1 norm=0.000337756005797 target=1.25449999947e-07 q=0.504407504..2.49397017 dry=45 full=0 pred=3.2943049 worst=100 old=3.78482681e-17 C=0.000337756087 h=1.66423567 floor=1.65 slope=0.0474521575 weights=5.43852461e-07 active=3
SOLVE n=384 V=125.449999947 dt=0.0166666675 outer=2 norm=8.44372773607e-05 target=1.25449999947e-07 q=0.504407496..2.49397017 dry=45 full=0 pred=3.2943049 worst=100 old=3.78482681e-17 C=8.44402908e-05 h=1.6571179 floor=1.65 slope=0.023726257 weights=5.43852461e-07 active=3
SOLVE n=384 V=125.449999947 dt=0.0166666675 outer=3 norm=2.11076274018e-05 target=1.25449999947e-07 q=0.504407496..2.49397017 dry=45 full=0 pred=3.2943049 worst=100 old=3.78482681e-17 C=2.1112513e-05 h=1.65355917 floor=1.65 slope=0.0118638142 weights=5.43852461e-07 active=3
SOLVE n=384 V=125.449999947 dt=0.0166666675 outer=4 norm=5.27520211166e-06 target=1.25449999947e-07 q=0.504407496..2.49397017 dry=45 full=0 pred=3.2943049 worst=100 old=3.78482681e-17 C=5.28105499e-06 h=1.65178009 floor=1.65 slope=0.00593355149 weights=5.43852461e-07 active=3
SOLVE n=384 V=125.449999947 dt=0.0166666675 outer=5 norm=1.31709747948e-06 target=1.25449999947e-07 q=0.504407496..2.49397017 dry=45 full=0 pred=3.2943049 worst=100 old=3.78482681e-17 C=1.32343381e-06 h=1.65089112 floor=1.65 slope=0.00297033535 weights=5.43852461e-07 active=3
SOLVE n=384 V=125.449999947 dt=0.0166666675 outer=6 norm=3.27577906861e-07 target=1.25449999947e-07 q=0.504407496..2.49397017 dry=45 full=0 pred=3.2943049 worst=100 old=3.78482681e-17 C=3.34155338e-07 h=1.65044779 floor=1.65 slope=0.00149254891 weights=5.43852461e-07 active=3
SOLVE n=384 V=125.449999947 dt=0.0166666675 outer=7 norm=8.02240121981e-08 target=1.25449999947e-07 q=0.504407496..2.49397017 dry=45 full=0 pred=3.2943049 worst=100 old=3.78482681e-17 C=8.69207593e-08 h=1.65022839 floor=1.65 slope=0.000761230405 weights=5.43852461e-07 active=3
SOLVE n=64 V=1 dt=0.0166666675 outer=0 norm=0.000427317252799 target=1e-09 q=0.420802012..0.480813888 dry=0 full=0 pred=0.020349805 worst=36 old=0.0264630375 C=0.0264630375 h=0.480813888 floor=0 slope=0.0275999974 weights=0.00537662566 active=4
SOLVE n=64 V=1 dt=0.0166666675 outer=1 norm=2.51587788658e-06 target=1e-09 q=0.416576393..0.476685945 dry=0 full=0 pred=0.020349805 worst=55 old=0.000872031189 C=0.000780868286 h=0.4535467 floor=0.300491007 slope=0.0102037144 weights=0.000425343013 active=3
SOLVE n=64 V=1 dt=0.0166666675 outer=2 norm=2.96403320703e-09 target=1e-09 q=0.416554111..0.476685943 dry=0 full=0 pred=0.020349805 worst=63 old=0.000369800292 C=0.000321965752 h=0.468164167 floor=0.300491007 slope=0.00436103208 weights=0.000177195921 active=2
SOLVE n=64 V=1 dt=0.0166666675 outer=3 norm=6.99857329275e-11 target=1e-09 q=0.416554111..0.476685943 dry=0 full=0 pred=0.020349805 worst=6 old=0.00414331643 C=0.00405471836 h=0.416554111 floor=0 slope=0.0207507072 weights=0.00179096468 active=3
SOLVE n=64 V=0.1 dt=0.0166666675 outer=0 norm=1.48572202325e-10 target=1e-09 q=0.0694444385..0.0694445082 dry=0 full=0 pred=5.46232693e-09 worst=35 old=0.00156250061 C=0.00156250061 h=0.0694444716 floor=0 slope=0.0225 weights=0.000756944952 active=4
SOLVE n=64 V=0.1 dt=0.0166666675 outer=0 norm=1.72816061462e-10 target=1e-09 q=0.0694444571..0.0694445083 dry=0 full=0 pred=5.4623369e-09 worst=35 old=0.00156250034 C=0.00156250034 h=0.0694444594 floor=0 slope=0.0225 weights=0.000756944852 active=4
SOLVE n=384 V=145.449999947 dt=0.0166666675 outer=0 norm=0.056292033154 target=1.45449999947e-07 q=0.78669036..2.53160184 dry=43 full=0 pred=3.27488165 worst=307 old=1.00330091 C=1.00330091 h=2.53160184 floor=0.45 slope=0.5 weights=0.0220238516 active=4
SOLVE n=384 V=145.449999947 dt=0.0166666675 outer=1 norm=0.04558371951 target=1.45449999947e-07 q=0.760660277..2.50638586 dry=32 full=0 pred=3.27488165 worst=98 old=4.1247912e-17 C=0.0455837205 h=1.81616746 floor=1.65 slope=0.5 weights=0.000588687818 active=3
SOLVE n=384 V=145.449999947 dt=0.0166666675 outer=2 norm=0.00935648094368 target=1.45449999947e-07 q=0.760660271..2.50638585 dry=32 full=0 pred=3.27488165 worst=75 old=1.62337784e-17 C=0.00939353732 h=1.87507413 floor=1.8 slope=0.250247042 weights=0.000487225455 active=3
SOLVE n=384 V=145.449999947 dt=0.0166666675 outer=3 norm=0.00232085419561 target=1.45449999947e-07 q=0.760660271..2.50638585 dry=32 full=0 pred=3.27488165 worst=75 old=1.62337784e-17 C=0.00237607678 h=1.83775775 floor=1.8 slope=0.125859095 weights=0.000487225455 active=3
SOLVE n=384 V=145.449999947 dt=0.0166666675 outer=4 norm=0.000562370978094 target=1.45449999947e-07 q=0.760660271..2.50638585 dry=32 full=0 pred=3.27488165 worst=75 old=1.62337784e-17 C=0.000626535912 h=1.81938872 floor=1.8 slope=0.064628988 weights=0.000487225455 active=3
SOLVE n=384 V=145.449999947 dt=0.0166666675 outer=5 norm=0.000124315027999 target=1.45449999947e-07 q=0.760660271..2.50638585 dry=32 full=0 pred=3.27488165 worst=75 old=1.62337784e-17 C=0.00019268435 h=1.81075226 floor=1.8 slope=0.0358407915 weights=0.000487225455 active=3
SOLVE n=384 V=145.449999947 dt=0.0166666675 outer=6 norm=1.95176948486e-05 target=1.45449999947e-07 q=0.760660271..2.50638585 dry=32 full=0 pred=3.27488165 worst=75 old=1.62337784e-17 C=8.95529511e-05 h=1.80733022 floor=1.8 slope=0.0244339861 weights=0.000487225455 active=3
SOLVE n=384 V=145.449999947 dt=0.0166666675 outer=7 norm=1.53530136285e-06 target=1.45449999947e-07 q=0.760660271..2.50638585 dry=32 full=0 pred=3.27488165 worst=46 old=0 C=3.3926097e-05 h=2.10451175 floor=2.1 slope=0.0150390818 weights=0.000262761061 active=2
SOLVE n=384 V=145.449999947 dt=0.0166666675 outer=8 norm=1.6775222355e-08 target=1.45449999947e-07 q=0.760660271..2.50638585 dry=32 full=0 pred=3.27488165 worst=46 old=0 C=3.24339247e-05 h=2.10441141 floor=2.1 slope=0.0147046307 weights=0.000262761061 active=2
M55 lab refill cycle 0 press 11 pool 145.449999947 storage 14.5500000528 wet 347/384 q 0.760660271..2.50638585 iterations 20 retries 0 residual 1.6775222355e-08 solve 0.700163 ms ledger -2.84217094304e-14 partition 1.42108547152e-13
SOLVE n=64 V=1 dt=0.0166666675 outer=0 norm=0.000422386885379 target=1e-09 q=0.416554107..0.476685943 dry=0 full=0 pred=0.020733489 worst=36 old=0.0260758514 C=0.0260758514 h=0.476596693 floor=0 slope=0.0275999974 weights=0.00531006512 active=4
SOLVE n=64 V=1 dt=0.0166666675 outer=1 norm=3.07953333515e-06 target=1e-09 q=0.413521886..0.474043354 dry=0 full=0 pred=0.020733489 worst=55 old=0.000778420852 C=0.000683578456 h=0.443694885 floor=0.300491007 slope=0.00954692665 weights=0.000394487444 active=3
SOLVE n=64 V=1 dt=0.0166666675 outer=2 norm=6.58925921043e-09 target=1e-09 q=0.413508349..0.474043353 dry=0 full=0 pred=0.020733489 worst=63 old=0.000321962891 C=0.000269463515 h=0.455482546 floor=0.300491007 slope=0.00392199731 weights=0.000161399084 active=2
SOLVE n=64 V=1 dt=0.0166666675 outer=3 norm=1.23584969366e-11 target=1e-09 q=0.413508342..0.474043352 dry=0 full=0 pred=0.020733489 worst=14 old=0.0226310545 C=0.022462133 h=0.424534117 floor=0 slope=0.06 weights=0.00422437179 active=4
SOLVE n=64 V=0.1 dt=0.0166666675 outer=0 norm=1.45026789615e-10 target=1e-09 q=0.0694444347..0.0694445107 dry=0 full=0 pred=5.16292364e-09 worst=35 old=0.00156250046 C=0.00156250046 h=0.069444465 floor=0 slope=0.0225 weights=0.000756944905 active=4
SOLVE n=64 V=0.1 dt=0.0166666675 outer=0 norm=1.60530595159e-10 target=1e-09 q=0.0694444517..0.0694445128 dry=0 full=0 pred=5.16293506e-09 worst=35 old=0.00156250016 C=0.00156250016 h=0.0694444517 floor=0 slope=0.0225 weights=0.000756944801 active=4
SOLVE n=384 V=145.449999947 dt=0.0166666675 outer=0 norm=0.0594900087521 target=1.45449999947e-07 q=0.760660271..2.50638585 dry=32 full=0 pred=3.23806674 worst=307 old=0.949361629 C=0.949361629 h=2.42372328 floor=0.45 slope=0.5 weights=0.0208398094 active=4
SOLVE n=384 V=145.449999947 dt=0.0166666675 outer=1 norm=0.000269030806808 target=1.45449999947e-07 q=0.773246094..2.52857356 dry=29 full=0 pred=3.23806674 worst=74 old=1.70762797e-17 C=0.000269030859 h=1.81270508 floor=1.8 slope=0.0423501956 weights=4.31878275e-07 active=3
SOLVE n=384 V=145.449999947 dt=0.0166666675 outer=2 norm=6.7256446294e-05 target=1.45449999947e-07 q=0.773246092..2.52857355 dry=29 full=0 pred=3.23806674 worst=74 old=1.70762797e-17 C=6.72585762e-05 h=1.80635259 floor=1.8 slope=0.0211752334 weights=4.31878275e-07 active=3
SOLVE n=384 V=145.449999947 dt=0.0166666675 outer=3 norm=1.68129134896e-05 target=1.45449999947e-07 q=0.773246092..2.52857355 dry=29 full=0 pred=3.23806674 worst=74 old=1.70762797e-17 C=1.68163701e-05 h=1.80317647 floor=1.8 slope=0.0105881601 weights=4.31878275e-07 active=3
SOLVE n=384 V=145.449999947 dt=0.0166666675 outer=4 norm=4.20202158994e-06 target=1.45449999947e-07 q=0.773246092..2.52857355 dry=29 full=0 pred=3.23806674 worst=74 old=1.70762797e-17 C=4.20616379e-06 h=1.80158864 floor=1.8 slope=0.00529538403 weights=4.31878275e-07 active=3
SOLVE n=384 V=145.449999947 dt=0.0166666675 outer=5 norm=1.04929970412e-06 target=1.45449999947e-07 q=0.773246092..2.52857355 dry=29 full=0 pred=3.23806674 worst=74 old=1.70762797e-17 C=1.05378457e-06 h=1.80079518 floor=1.8 slope=0.00265051514 weights=4.31878275e-07 active=3
SOLVE n=384 V=145.449999947 dt=0.0166666675 outer=6 norm=2.61123378061e-07 target=1.45449999947e-07 q=0.773246092..2.52857355 dry=29 full=0 pred=3.23806674 worst=74 old=1.70762797e-17 C=2.6577919e-07 h=1.80039936 floor=1.8 slope=0.00133111279 weights=4.31878275e-07 active=3
SOLVE n=384 V=145.449999947 dt=0.0166666675 outer=7 norm=6.40956828568e-08 target=1.45449999947e-07 q=0.773246092..2.52857355 dry=29 full=0 pred=3.23806674 worst=74 old=1.70762797e-17 C=6.88361867e-08 h=1.80020325 floor=1.8 slope=0.000677427422 weights=4.31878275e-07 active=3
SOLVE n=64 V=1 dt=0.0166666675 outer=0 norm=0.000409869640584 target=1e-09 q=0.413508342..0.474043352 dry=0 full=0 pred=0.0205637184 worst=36 old=0.0256921162 C=0.0256921162 h=0.473271131 floor=0 slope=0.0275999974 weights=0.00524879813 active=4
SOLVE n=64 V=1 dt=0.0166666675 outer=1 norm=3.6412163027e-06 target=1e-09 q=0.411664161..0.471720944 dry=0 full=0 pred=0.0205637184 worst=55 old=0.000680579315 C=0.000584658712 h=0.432928761 floor=0.300491007 slope=0.00882918497 weights=0.000360496584 active=3
SOLVE n=64 V=1 dt=0.0166666675 outer=2 norm=1.40247969257e-08 target=1e-09 q=0.411656131..0.471702184 dry=0 full=0 pred=0.0205637184 worst=63 old=0.000269457165 C=0.000214200944 h=0.440428362 floor=0.300491007 slope=0.00342402163 weights=0.000143239393 active=2
SOLVE n=64 V=1 dt=0.0166666675 outer=3 norm=2.83486928796e-11 target=1e-09 q=0.411656115..0.471702184 dry=0 full=0 pred=0.0205637184 worst=14 old=0.0224621329 C=0.0223327069 h=0.422377017 floor=0 slope=0.06 weights=0.0041971873 active=4
SOLVE n=64 V=0.1 dt=0.0166666675 outer=0 norm=1.39495210236e-10 target=1e-09 q=0.0694444305..0.0694445127 dry=0 full=0 pred=4.79589064e-09 worst=35 old=0.00156250032 C=0.00156250032 h=0.0694444586 floor=0 slope=0.0225 weights=0.000756944857 active=4
SOLVE n=64 V=0.1 dt=0.0166666675 outer=0 norm=1.46225073022e-10 target=1e-09 q=0.0694444446..0.0694445166 dry=0 full=0 pred=4.79590163e-09 worst=35 old=0.0015625 C=0.0015625 h=0.0694444446 floor=0 slope=0.0225 weights=0.000756944753 active=4
SOLVE n=384 V=160 dt=0.0166666675 outer=0 norm=0.0599074841878 target=1.6e-07 q=0.967087669..2.55453316 dry=28 full=0 pred=3.22544812 worst=307 old=0.915672019 C=0.915672019 h=2.35634406 floor=0.45 slope=0.5 weights=0.0201002755 active=4
SOLVE n=384 V=160 dt=0.0166666675 outer=1 norm=0.0309880979714 target=1.6e-07 q=0.966147689..2.60427941 dry=21 full=0 pred=3.22544812 worst=72 old=0 C=0.0309880981 h=1.93635566 floor=1.8 slope=0.45451878 weights=0.00033875767 active=2
SOLVE n=384 V=160 dt=0.0166666675 outer=2 norm=0.00773549536414 target=1.6e-07 q=0.966147689..2.60427941 dry=21 full=0 pred=3.22544812 worst=72 old=0 C=0.00775856227 h=1.86822859 floor=1.8 slope=0.227428557 weights=0.00033875767 active=2
SOLVE n=384 V=160 dt=0.0166666675 outer=3 norm=0.00192239705659 target=1.6e-07 q=0.966147689..2.60427941 dry=21 full=0 pred=3.22544812 worst=72 old=0 C=0.00195696307 h=1.8342663 floor=1.8 slope=0.114220929 weights=0.00033875767 active=2
SOLVE n=384 V=160 dt=0.0166666675 outer=4 norm=0.000469324351441 target=1.6e-07 q=0.966147689..2.60427941 dry=21 full=0 pred=3.22544812 worst=72 old=0 C=0.000509572074 h=1.81748554 floor=1.8 slope=0.058285051 weights=0.00033875767 active=2
SOLVE n=384 V=160 dt=0.0166666675 outer=5 norm=0.000108769941937 target=1.6e-07 q=0.966147689..2.60427941 dry=21 full=0 pred=3.22544812 worst=30 old=0 C=0.000131653598 h=2.10888777 floor=2.1 slope=0.0296258444 weights=0.000183250433 active=1
SOLVE n=384 V=160 dt=0.0166666675 outer=6 norm=2.2190641846e-05 target=1.6e-07 q=0.966147689..2.60427941 dry=21 full=0 pred=3.22544812 worst=30 old=0 C=4.57426856e-05 h=2.10523888 floor=2.1 slope=0.0174628531 weights=0.000183250433 active=1
SOLVE n=384 V=160 dt=0.0166666675 outer=7 norm=2.63567245362e-06 target=1.6e-07 q=0.966147689..2.60427941 dry=21 full=0 pred=3.22544812 worst=30 old=0 C=2.64180672e-05 h=2.10398133 floor=2.1 slope=0.013271038 weights=0.000183250433 active=1
SOLVE n=384 V=160 dt=0.0166666675 outer=8 norm=6.3960144867e-08 target=1.6e-07 q=0.966147689..2.60427941 dry=21 full=0 pred=3.22544812 worst=30 old=0 C=2.38822388e-05 h=2.10378543 floor=2.1 slope=0.0126180397 weights=0.000183250433 active=1
M55 lab refill cycle 0 press 12 pool 160 storage 0 wet 363/384 q 0.966147689..2.60427941 iterations 19 retries 0 residual 6.3960144867e-08 solve 0.819939 ms ledger -2.84217094304e-14 partition 1.13686837722e-13
SOLVE n=64 V=1 dt=0.0166666675 outer=0 norm=0.000393470023089 target=1e-09 q=0.411656115..0.471702184 dry=0 full=0 pred=0.0203345915 worst=36 old=0.0253189871 C=0.0253189871 h=0.470846229 floor=0 slope=0.0275999974 weights=0.0051900434 active=4
SOLVE n=64 V=1 dt=0.0166666675 outer=1 norm=4.25927159483e-06 target=1e-09 q=0.410940983..0.475420767 dry=0 full=0 pred=0.0203345915 worst=63 old=0.000214187449 C=0.000162261292 h=0.424014619 floor=0.300491007 slope=0.00290976807 weights=0.00012294514 active=2
SOLVE n=64 V=1 dt=0.0166666675 outer=2 norm=3.02718775514e-08 target=1e-09 q=0.410934974..0.475407018 dry=0 full=0 pred=0.0203345915 worst=63 old=0.000214187449 C=0.000158182894 h=0.422602592 floor=0.300491007 slope=0.00286692669 weights=0.00012294514 active=2
SOLVE n=64 V=1 dt=0.0166666675 outer=3 norm=6.54622871345e-11 target=1e-09 q=0.410934938..0.475407018 dry=0 full=0 pred=0.0203345915 worst=14 old=0.0223327069 C=0.0222465662 h=0.420941338 floor=0 slope=0.06 weights=0.00417161461 active=4
SOLVE n=64 V=0.1 dt=0.0166666675 outer=0 norm=1.32068233184e-10 target=1e-09 q=0.0694444269..0.069444514 dry=0 full=0 pred=4.368511e-09 worst=35 old=0.00156250018 C=0.00156250018 h=0.0694444524 floor=0 slope=0.0225 weights=0.00075694481 active=4
SOLVE n=64 V=0.1 dt=0.0166666675 outer=0 norm=1.30181324676e-10 target=1e-09 q=0.0694444381..0.0694445196 dry=0 full=0 pred=4.36852031e-09 worst=35 old=0.00156249986 C=0.00156249986 h=0.0694444381 floor=0 slope=0.0225 weights=0.000756944708 active=4
SOLVE n=384 V=160 dt=0.0166666675 outer=0 norm=0.0581351770466 target=1.6e-07 q=0.966147689..2.60427941 dry=21 full=0 pred=3.1767355 worst=307 old=0.858004606 C=0.858004606 h=2.24100924 floor=0.45 slope=0.5 weights=0.0188760971 active=4
SOLVE n=384 V=160 dt=0.0166666675 outer=1 norm=0.000128375332264 target=1.6e-07 q=0.988507223..2.65414434 dry=17 full=0 pred=3.1767355 worst=48 old=0 C=0.000128375341 h=1.95877642 floor=1.95 slope=0.0292546682 weights=2.03075703e-07 active=1
SOLVE n=384 V=160 dt=0.0166666675 outer=2 norm=3.20934659925e-05 target=1.6e-07 q=0.988507227..2.65414434 dry=17 full=0 pred=3.1767355 worst=48 old=0 C=3.20941488e-05 h=1.95438824 floor=1.95 slope=0.0146274055 weights=2.03075703e-07 active=1
SOLVE n=384 V=160 dt=0.0166666675 outer=3 norm=8.0229801609e-06 target=1.6e-07 q=0.988507227..2.65414434 dry=17 full=0 pred=3.1767355 worst=48 old=0 C=8.02409367e-06 h=1.95219421 floor=1.95 slope=0.00731395638 weights=2.03075703e-07 active=1
SOLVE n=384 V=160 dt=0.0166666675 outer=4 norm=2.00535534709e-06 target=1.6e-07 q=0.988507227..2.65414434 dry=17 full=0 pred=3.1767355 worst=48 old=0 C=2.00669155e-06 h=1.9510973 floor=1.95 slope=0.00365758714 weights=2.03075703e-07 active=1
SOLVE n=384 V=160 dt=0.0166666675 outer=5 norm=5.00949380935e-07 target=1.6e-07 q=0.988507227..2.65414434 dry=17 full=0 pred=3.1767355 worst=48 old=0 C=5.02396913e-07 h=1.95054906 floor=1.95 slope=0.00183011277 weights=2.03075703e-07 active=1
SOLVE n=384 V=160 dt=0.0166666675 outer=6 norm=1.24848796115e-07 target=1.6e-07 q=0.988507227..2.65414434 dry=17 full=0 pred=3.1767355 worst=48 old=0 C=1.26351909e-07 h=1.95027536 floor=1.95 slope=0.000917794127 weights=2.03075703e-07 active=1
SOLVE n=64 V=1 dt=0.0166666675 outer=0 norm=0.000375676302865 target=1e-09 q=0.410934938..0.475407018 dry=0 full=0 pred=0.0199193513 worst=36 old=0.0249602968 C=0.0249602968 h=0.469156625 floor=0 slope=0.0275999974 weights=0.00513762991 active=4
SOLVE n=64 V=1 dt=0.0166666675 outer=1 norm=5.4555436646e-06 target=1e-09 q=0.40337649..0.478659182 dry=0 full=0 pred=0.0199193513 worst=63 old=0.000158153818 C=0.000108524513 h=0.40337649 floor=0.300491007 slope=0.00230564397 weights=0.000100685606 active=2
SOLVE n=64 V=1 dt=0.0166666675 outer=2 norm=7.26458662058e-08 target=1e-09 q=0.401100226..0.478648741 dry=0 full=0 pred=0.0199193513 worst=63 old=0.000158153818 C=0.000103348903 h=0.401100226 floor=0.300491007 slope=0.00224191036 weights=0.000100685606 active=2
SOLVE n=64 V=1 dt=0.0166666675 outer=3 norm=1.34745927235e-11 target=1e-09 q=0.401069184..0.478648741 dry=0 full=0 pred=0.0199193513 worst=7 old=0.000158153818 C=0.000103279324 h=0.401069184 floor=0.300491007 slope=0.0022410452 weights=0.000100685606 active=2
SOLVE n=64 V=0.1 dt=0.0166666675 outer=0 norm=1.22872844555e-10 target=1e-09 q=0.0694444241..0.0694445145 dry=0 full=0 pred=3.88920164e-09 worst=35 old=0.00156250005 C=0.00156250005 h=0.0694444465 floor=0 slope=0.0225 weights=0.000756944764 active=4
SOLVE n=64 V=0.1 dt=0.0166666675 outer=0 norm=1.12713011542e-10 target=1e-09 q=0.0694444323..0.0694445217 dry=0 full=0 pred=3.88920892e-09 worst=35 old=0.00156249973 C=0.00156249973 h=0.0694444323 floor=0 slope=0.0225 weights=0.000756944667 active=4
SOLVE n=384 V=160 dt=0.0166666675 outer=0 norm=0.0603789918079 target=1.6e-07 q=0.988507227..2.65414434 dry=17 full=0 pred=3.09279126 worst=361 old=0.632523588 C=0.632523588 h=1.3400472 floor=0 slope=0.5 weights=0.014769935 active=3
SOLVE n=384 V=160 dt=0.0166666675 outer=1 norm=0.000501356945483 target=1.6e-07 q=1.03767104..2.70357695 dry=14 full=0 pred=3.09279126 worst=253 old=0.298198514 C=0.286383262 h=1.99447265 floor=0.75 slope=0.449086202 weights=0.00823414351 active=4
SOLVE n=384 V=160 dt=0.0166666675 outer=2 norm=1.60929493508e-06 target=1.6e-07 q=1.03767105..2.70357694 dry=15 full=0 pred=3.09279126 worst=253 old=0.298198514 C=0.285892503 h=1.99337627 floor=0.75 slope=0.446150527 weights=0.00823414351 active=4
SOLVE n=384 V=160 dt=0.0166666675 outer=3 norm=9.60414208318e-09 target=1.6e-07 q=1.03767105..2.70357694 dry=15 full=0 pred=3.09279126 worst=229 old=0.520971656 C=0.523161046 h=2.02132212 floor=0.9 slope=0.5 weights=0.0114580791 active=4
SOLVE n=64 V=1 dt=0.0166666675 outer=0 norm=0.000357590927504 target=1e-09 q=0.401069178..0.478648741 dry=0 full=0 pred=0.0192356933 worst=36 old=0.0246176571 C=0.0246176571 h=0.467925697 floor=0 slope=0.0275999974 weights=0.0050891856 active=4
SOLVE n=64 V=1 dt=0.0166666675 outer=1 norm=7.29825466128e-06 target=1e-09 q=0.377821692..0.481544745 dry=0 full=0 pred=0.0192356933 worst=63 old=0.000103279311 C=5.84789009e-05 h=0.377821692 floor=0.300491007 slope=0.00162317858 weights=8.60801625e-05 active=2
SOLVE n=64 V=1 dt=0.0166666675 outer=2 norm=2.30401854461e-07 target=1e-09 q=0.373539338..0.481536534 dry=0 full=0 pred=0.0192356933 worst=63 old=0.000103279311 C=5.17582779e-05 h=0.373539338 floor=0.300491007 slope=0.00151591273 weights=8.60801625e-05 active=2
SOLVE n=64 V=1 dt=0.0166666675 outer=3 norm=2.56874204701e-10 target=1e-09 q=0.373395441..0.481536534 dry=0 full=0 pred=0.0192356933 worst=63 old=0.000103279311 C=5.15404002e-05 h=0.373395441 floor=0.300491007 slope=0.00151234374 weights=8.60801625e-05 active=2
SOLVE n=64 V=0.1 dt=0.0166666675 outer=0 norm=1.1207035809e-10 target=1e-09 q=0.0694444221..0.0694445144 dry=0 full=0 pred=3.6091633e-09 worst=35 old=0.00156249992 C=0.00156249992 h=0.069444441 floor=0 slope=0.0225 weights=0.000756944718 active=4
SOLVE n=64 V=0.1 dt=0.0166666675 outer=0 norm=9.41588797296e-11 target=1e-09 q=0.0694444273..0.0694445228 dry=0 full=0 pred=3.36733814e-09 worst=35 old=0.00156249961 C=0.00156249961 h=0.0694444273 floor=0 slope=0.0225 weights=0.000756944629 active=4
SOLVE n=384 V=160 dt=0.0166666675 outer=0 norm=0.0615104706267 target=1.6e-07 q=1.03767105..2.70357694 dry=14 full=0 pred=2.97545077 worst=361 old=0.690087879 C=0.690087879 h=1.45517578 floor=0 slope=0.5 weights=0.0141305957 active=3
SOLVE n=384 V=160 dt=0.0166666675 outer=1 norm=0.00318126461121 target=1.6e-07 q=1.10775912..2.73896587 dry=17 full=0 pred=2.97545077 worst=253 old=0.285890923 C=0.277362425 h=1.91730801 floor=0.75 slope=0.120514517 weights=0.00819902072 active=4
SOLVE n=384 V=160 dt=0.0166666675 outer=2 norm=6.54826077968e-05 target=1.6e-07 q=1.10775913..2.73896586 dry=17 full=0 pred=2.97545077 worst=253 old=0.285890923 C=0.274448166 h=1.89258285 floor=0.75 slope=0.115453366 weights=0.00819902072 active=4
SOLVE n=384 V=160 dt=0.0166666675 outer=3 norm=2.71939401375e-08 target=1.6e-07 q=1.10775913..2.73896586 dry=17 full=0 pred=2.97545077 worst=253 old=0.285890923 C=0.274387035 h=1.89205313 floor=0.75 slope=0.115350714 weights=0.00819902072 active=4
SOLVE n=64 V=1 dt=0.0166666675 outer=0 norm=0.000339106150032 target=1e-09 q=0.373395271..0.481536534 dry=0 full=0 pred=0.0183229094 worst=36 old=0.0242916116 C=0.0242916116 h=0.466833641 floor=0 slope=0.0275999974 weights=0.00504342344 active=4
SOLVE n=64 V=1 dt=0.0166666675 outer=1 norm=1.11250034145e-05 target=1e-09 q=0.34272833..0.484142453 dry=0 full=0 pred=0.0183229094 worst=63 old=5.15401433e-05 C=1.6286319e-05 h=0.34272833 floor=0.300491007 slope=0.000804218294 weights=8.0802328e-05 active=2
SOLVE n=64 V=1 dt=0.0166666675 outer=2 norm=1.65935520769e-06 target=1e-09 q=0.330133316..0.484135862 dry=0 full=0 pred=0.0183229094 worst=63 old=5.15401433e-05 C=7.8165336e-06 h=0.330133316 floor=0.300491007 slope=0.000543661948 weights=8.0802328e-05 active=2
SOLVE n=64 V=1 dt=0.0166666675 outer=3 norm=7.02804711337e-08 target=1e-09 q=0.327474887..0.484135862 dry=0 full=0 pred=0.0183229094 worst=63 old=5.15401433e-05 C=6.44152757e-06 h=0.327474887 floor=0.300491007 slope=0.000490919129 weights=8.0802328e-05 active=2
SOLVE n=64 V=1 dt=0.0166666675 outer=4 norm=1.48875457603e-10 target=1e-09 q=0.327351908..0.484135862 dry=0 full=0 pred=0.0183229094 worst=63 old=5.15401433e-05 C=6.38130382e-06 h=0.327351908 floor=0.300491007 slope=0.000488498253 weights=8.0802328e-05 active=2
SOLVE n=64 V=0.1 dt=0.0166666675 outer=0 norm=9.98532068361e-11 target=1e-09 q=0.0694444208..0.0694445134 dry=0 full=0 pred=3.65979721e-09 worst=35 old=0.00156249981 C=0.00156249981 h=0.069444436 floor=0 slope=0.0225 weights=0.000756944675 active=4
SOLVE n=64 V=0.1 dt=0.0166666675 outer=0 norm=8.51407202086e-11 target=1e-09 q=0.0694444231..0.0694445229 dry=0 full=0 pred=2.81302839e-09 worst=63 old=0.00156249755 C=0.00156249755 h=0.0694444755 floor=0 slope=0.0224999546 weights=0.000378472122 active=2
SOLVE n=384 V=160 dt=0.0166666675 outer=0 norm=0.0601921150767 target=1.6e-07 q=1.10775913..2.73896586 dry=14 full=0 pred=2.82780594 worst=361 old=0.74899908 C=0.74899908 h=1.57299819 floor=0 slope=0.5 weights=0.0135706881 active=3
SOLVE n=384 V=160 dt=0.0166666675 outer=1 norm=0.00161467441119 target=1.6e-07 q=1.19300528..2.76066732 dry=17 full=0 pred=2.82780594 worst=253 old=0.274387008 C=0.268604459 h=1.49710303 floor=0.75 slope=0.031643435 weights=0.00847210389 active=4
SOLVE n=384 V=160 dt=0.0166666675 outer=2 norm=0.000150508220881 target=1.6e-07 q=1.19300528..2.76066731 dry=17 full=0 pred=2.82780594 worst=253 old=0.274387008 C=0.267480141 h=1.45681582 floor=0.75 slope=0.0247249684 weights=0.00847210389 active=4
SOLVE n=384 V=160 dt=0.0166666675 outer=3 norm=4.46539724707e-06 target=1.6e-07 q=1.19300528..2.76066731 dry=17 full=0 pred=2.82780594 worst=253 old=0.274387008 C=0.26736345 h=1.45227686 floor=0.75 slope=0.0271785547 weights=0.00847210389 active=4
SOLVE n=384 V=160 dt=0.0166666675 outer=4 norm=6.72809468707e-09 target=1.6e-07 q=1.19300528..2.76066731 dry=17 full=0 pred=2.82780594 worst=253 old=0.274387008 C=0.267366851 h=1.45240225 floor=0.75 slope=0.0270716108 weights=0.00847210389 active=4
SOLVE n=64 V=1 dt=0.0166666675 outer=0 norm=0.000319202809266 target=1e-09 q=0.327351604..0.484135862 dry=0 full=0 pred=0.0171850152 worst=36 old=0.0239827093 C=0.0239827093 h=0.465583802 floor=0 slope=0.0275999974 weights=0.00499915519 active=4
SOLVE n=64 V=1 dt=0.0166666675 outer=1 norm=2.71924243788e-05 target=1e-09 q=0.258622616..0.486471842 dry=4 full=0 pred=0.0171850152 worst=63 old=6.38115494e-06 C=0 h=0.258622616 floor=0.300491007 slope=0 weights=7.65938896e-05 active=2
SOLVE n=64 V=1 dt=0.0166666675 outer=2 norm=1.55500147116e-07 target=1e-09 q=-0.097607404..0.486466549 dry=4 full=0 pred=0.0171850152 worst=55 old=0.000219867188 C=0.000148021248 h=0.36712911 floor=0.300491007 slope=0.00444254089 weights=0.000267534825 active=3
SOLVE n=64 V=1 dt=0.0166666675 outer=3 norm=3.64832269374e-11 target=1e-09 q=-0.0976194248..0.486466549 dry=4 full=0 pred=0.0171850152 worst=15 old=0.000219867188 C=0.000147874414 h=0.36709605 floor=0.300491007 slope=0.00444033688 weights=0.000267534825 active=3
SOLVE n=64 V=0.1 dt=0.0166666675 outer=0 norm=8.64413250154e-11 target=1e-09 q=0.0694444202..0.0694445117 dry=0 full=0 pred=3.68457393e-09 worst=35 old=0.00156249971 C=0.00156249971 h=0.0694444316 floor=0 slope=0.0225 weights=0.000756944634 active=4
SOLVE n=64 V=0.1 dt=0.0166666675 outer=0 norm=8.81104338199e-11 target=1e-09 q=0.0694444197..0.0694445219 dry=0 full=0 pred=2.90010883e-09 worst=63 old=0.00156249763 C=0.00156249763 h=0.0694444793 floor=0 slope=0.0224999546 weights=0.000378472134 active=2
SOLVE n=384 V=160 dt=0.0166666675 outer=0 norm=0.0568070753139 target=1.6e-07 q=1.19300528..2.7588786 dry=14 full=0 pred=2.65411624 worst=361 old=0.806878958 C=0.806878958 h=1.68875794 floor=0 slope=0.5 weights=0.013682509 active=3
SOLVE n=384 V=160 dt=0.0166666675 outer=1 norm=2.66782715228e-05 target=1.6e-07 q=1.28806988..2.76640115 dry=17 full=0 pred=2.65411624 worst=253 old=0.267366858 C=0.26566426 h=1.36217716 floor=0.75 slope=0.37851941 weights=0.0088272497 active=4
SOLVE n=384 V=160 dt=0.0166666675 outer=2 norm=1.44003017167e-07 target=1.6e-07 q=1.28806988..2.76640114 dry=17 full=0 pred=2.65411624 worst=72 old=0.000632340991 C=0.000872862721 h=1.8228849 floor=1.8 slope=0.0762829261 weights=0.000331188061 active=3
SOLVE n=64 V=1 dt=0.0166666675 outer=0 norm=0.000296349246285 target=1e-09 q=0.300496543..0.486466549 dry=0 full=0 pred=0.0158019132 worst=36 old=0.0236923157 C=0.0236923157 h=0.463953608 floor=0 slope=0.0275999974 weights=0.00496641594 active=4
SOLVE n=64 V=1 dt=0.0166666675 outer=1 norm=5.02383480332e-06 target=1e-09 q=0.321394177..0.488511664 dry=0 full=0 pred=0.0158019132 worst=55 old=0.000147874378 C=9.83859474e-05 h=0.354819434 floor=0.300491007 slope=0.00362189569 weights=0.000263929156 active=3
SOLVE n=64 V=1 dt=0.0166666675 outer=2 norm=6.90598934339e-07 target=1e-09 q=0.312803765..0.488507669 dry=0 full=0 pred=0.0158019132 worst=63 old=2.89916359e-13 C=1.30103838e-06 h=0.312808606 floor=0.300491007 slope=0.000214058405 weights=7.25403191e-05 active=2
SOLVE n=64 V=1 dt=0.0166666675 outer=3 norm=5.22756092502e-08 target=1e-09 q=0.310393582..0.488507668 dry=0 full=0 pred=0.0158019132 worst=63 old=2.89916359e-13 C=8.37035982e-07 h=0.31039675 floor=0.300491007 slope=0.00017081726 weights=7.25403191e-05 active=2
SOLVE n=64 V=1 dt=0.0166666675 outer=4 norm=4.11042854479e-10 target=1e-09 q=0.310178855..0.488507668 dry=0 full=0 pred=0.0158019132 worst=63 old=2.89916359e-13 C=8.00723568e-07 h=0.310181763 floor=0.300491007 slope=0.000166994227 weights=7.25403191e-05 active=2
SOLVE n=64 V=0.1 dt=0.0166666675 outer=0 norm=8.91051287489e-11 target=1e-09 q=0.0694444204..0.0694445107 dry=0 full=0 pred=3.68157847e-09 worst=19 old=0.00156250078 C=0.00156250078 h=0.0694444791 floor=0 slope=0.0225 weights=0.000756945015 active=4
SOLVE n=64 V=0.1 dt=0.0166666675 outer=0 norm=9.04385803919e-11 target=1e-09 q=0.0694444173..0.0694445199 dry=0 full=0 pred=3.02969451e-09 worst=0 old=0.00156249772 C=0.00156249772 h=0.0694444832 floor=0 slope=0.0224999546 weights=0.000378472146 active=2
SOLVE n=384 V=160 dt=0.0166666675 outer=0 norm=0.0549725777401 target=1.6e-07 q=1.28806988..2.75708125 dry=14 full=0 pred=2.45965118 worst=371 old=0.699595529 C=0.699595529 h=1.47419108 floor=0 slope=0.5 weights=0.0127443321 active=3
SOLVE n=384 V=160 dt=0.0166666675 outer=1 norm=2.14667784064e-05 target=1.6e-07 q=1.36377738..2.74568429 dry=17 full=0 pred=2.45965118 worst=72 old=0.000872694185 C=0.00116790504 h=1.82647157 floor=1.8 slope=0.0882385043 weights=0.000328169086 active=3
SOLVE n=384 V=160 dt=0.0166666675 outer=2 norm=9.78344582947e-08 target=1.6e-07 q=1.36379961..2.74568428 dry=17 full=0 pred=2.45965118 worst=72 old=0.000872694185 C=0.00114661559 h=1.82622919 floor=1.8 slope=0.0874305666 weights=0.000328169086 active=3
SOLVE n=64 V=1 dt=0.0166666675 outer=0 norm=0.000268825074992 target=1e-09 q=0.31057737..0.488507668 dry=0 full=0 pred=0.0141361002 worst=36 old=0.0234231891 C=0.0234231891 h=0.461831687 floor=0 slope=0.0275999974 weights=0.00493887292 active=4
SOLVE n=64 V=1 dt=0.0166666675 outer=1 norm=1.04393461924e-05 target=1e-09 q=0.343688845..0.490210148 dry=0 full=0 pred=0.0141361002 worst=56 old=8.68240659e-07 C=1.70706453e-05 h=0.343690911 floor=0.30049065 slope=0.000824863301 weights=7.01155919e-05 active=2
SOLVE n=64 V=1 dt=0.0166666675 outer=2 norm=1.43517605883e-06 target=1e-09 q=0.332016847..0.490207396 dry=0 full=0 pred=0.0141361002 worst=56 old=8.68240659e-07 C=8.87631456e-06 h=0.332016847 floor=0.30049065 slope=0.000581512793 weights=7.01155919e-05 active=2
SOLVE n=64 V=1 dt=0.0166666675 outer=3 norm=4.8820202273e-08 target=1e-09 q=0.329813656..0.490207395 dry=0 full=0 pred=0.0141361002 worst=56 old=8.68240659e-07 C=7.64395091e-06 h=0.329813656 floor=0.30049065 slope=0.000537284965 weights=7.01155919e-05 active=2
SOLVE n=64 V=1 dt=0.0166666675 outer=4 norm=6.4478757396e-11 target=1e-09 q=0.329733255..0.490207395 dry=0 full=0 pred=0.0141361002 worst=56 old=8.68240659e-07 C=7.60081708e-06 h=0.329733255 floor=0.30049065 slope=0.000535681158 weights=7.01155919e-05 active=2
SOLVE n=64 V=0.1 dt=0.0166666675 outer=0 norm=9.48714286872e-11 target=1e-09 q=0.0694444212..0.0694445101 dry=0 full=0 pred=3.64919989e-09 worst=19 old=0.00156250069 C=0.00156250069 h=0.0694444751 floor=0 slope=0.0225 weights=0.000756944974 active=4
SOLVE n=64 V=0.1 dt=0.0166666675 outer=0 norm=9.2120876357e-11 target=1e-09 q=0.0694444157..0.0694445168 dry=0 full=0 pred=3.14379508e-09 worst=0 old=0.00156249781 C=0.00156249781 h=0.0694444872 floor=0 slope=0.0224999546 weights=0.000378472159 active=2
SOLVE n=384 V=160 dt=0.0166666675 outer=0 norm=0.0554797061446 target=1.6e-07 q=1.36377681..2.74568428 dry=14 full=0 pred=2.25043105 worst=379 old=0.934625636 C=0.934625636 h=1.9442513 floor=0 slope=0.5 weights=0.0158069245 active=3
SOLVE n=384 V=160 dt=0.0166666675 outer=1 norm=2.03075132892e-05 target=1.6e-07 q=1.38161033..2.75510643 dry=15 full=0 pred=2.25043105 worst=72 old=0.00114649591 C=0.0014719756 h=1.82971846 floor=1.8 slope=0.099061449 weights=0.000324699531 active=3
SOLVE n=384 V=160 dt=0.0166666675 outer=2 norm=6.95285063047e-08 target=1.6e-07 q=1.38161041..2.75510643 dry=17 full=0 pred=2.25043105 worst=72 old=0.00114649591 C=0.00145180391 h=1.82951413 floor=1.8 slope=0.0983803475 weights=0.000324699531 active=3
SOLVE n=64 V=1 dt=0.0166666675 outer=0 norm=0.000235402849468 target=1e-09 q=0.329733134..0.490207395 dry=0 full=0 pred=0.0121588088 worst=36 old=0.023179473 C=0.023179473 h=0.459224304 floor=0 slope=0.0275999974 weights=0.00491400026 active=4
SOLVE n=64 V=1 dt=0.0166666675 outer=1 norm=4.71328409623e-06 target=1e-09 q=0.339702015..0.49149715 dry=0 full=0 pred=0.0121588088 worst=56 old=7.6007526e-06 C=2.37362953e-05 h=0.351056096 floor=0.30049065 slope=0.000986183945 weights=6.95892871e-05 active=2
SOLVE n=64 V=1 dt=0.0166666675 outer=2 norm=2.20903515311e-07 target=1e-09 q=0.339560486..0.491495578 dry=0 full=0 pred=0.0121588088 worst=56 old=7.6007526e-06 C=1.95524832e-05 h=0.346589672 floor=0.30049065 slope=0.000887635977 weights=6.95892871e-05 active=2
SOLVE n=64 V=1 dt=0.0166666675 outer=3 norm=5.80939175463e-10 target=1e-09 q=0.339559921..0.491495578 dry=0 full=0 pred=0.0121588088 worst=56 old=7.6007526e-06 C=1.93481777e-05 h=0.34635885 floor=0.30049065 slope=0.000882603302 weights=6.95892871e-05 active=2
SOLVE n=64 V=0.1 dt=0.0166666675 outer=0 norm=1.04489367564e-10 target=1e-09 q=0.069444422..0.0694445089 dry=0 full=0 pred=3.58617893e-09 worst=42 old=0.00156250129 C=0.00156250129 h=0.0694445019 floor=0 slope=0.0225 weights=0.000756945201 active=4
SOLVE n=64 V=0.1 dt=0.0166666675 outer=0 norm=1.12733855237e-10 target=1e-09 q=0.069444415..0.0694445127 dry=0 full=0 pred=3.23620569e-09 worst=45 old=0.00156250154 C=0.00156250154 h=0.0694445127 floor=0 slope=0.0225 weights=0.0007569453 active=4
SOLVE n=384 V=160 dt=0.0166666675 outer=0 norm=0.0555186458618 target=1.6e-07 q=1.38161041..2.75510643 dry=14 full=0 pred=2.03475892 worst=379 old=0.880171546 C=0.880171546 h=1.83534312 floor=0 slope=0.5 weights=0.0148753813 active=3
SOLVE n=384 V=160 dt=0.0166666675 outer=1 norm=0.00889212147991 target=1.6e-07 q=1.40932784..2.81778424 dry=15 full=1 pred=2.03475892 worst=335 old=1.1900532 C=1.21249999 h=2.81778424 floor=0.3 slope=0.5 weights=0.0188268097 active=3
SOLVE n=384 V=160 dt=0.0166666675 outer=2 norm=5.11257185263e-08 target=1.6e-07 q=1.40932789..3.29593785 dry=16 full=1 pred=2.03475892 worst=72 old=0.0014517217 C=0.00178636115 h=1.83273863 floor=1.8 slope=0.109128705 weights=0.000323791514 active=3
SOLVE n=64 V=1 dt=0.0166666675 outer=0 norm=0.000214553599677 target=1e-09 q=0.33955992..0.491495578 dry=0 full=0 pred=0.0112333674 worst=33 old=0.0237164279 C=0.0237164279 h=0.445437432 floor=0 slope=0.06 weights=0.00431187498 active=4
SOLVE n=64 V=1 dt=0.0166666675 outer=1 norm=3.64028401067e-06 target=1e-09 q=0.344691914..0.492297419 dry=0 full=0 pred=0.0112333674 worst=56 old=1.93475967e-05 C=3.88793252e-05 h=0.364363679 floor=0.30049065 slope=0.00129294531 weights=7.23896907e-05 active=2
SOLVE n=64 V=1 dt=0.0166666675 outer=2 norm=8.43496750574e-08 target=1e-09 q=0.344414881..0.492296814 dry=0 full=0 pred=0.0112333674 worst=56 old=1.93475967e-05 C=3.55135491e-05 h=0.361695256 floor=0.30049065 slope=0.00122985661 weights=7.23896907e-05 active=2
SOLVE n=64 V=1 dt=0.0166666675 outer=3 norm=4.92928006965e-11 target=1e-09 q=0.344413984..0.492296814 dry=0 full=0 pred=0.0112333674 worst=56 old=1.93475967e-05 C=3.54339213e-05 h=0.36163047 floor=0.30049065 slope=0.00122833474 weights=7.23896907e-05 active=2
SOLVE n=64 V=0.1 dt=0.0166666675 outer=0 norm=1.17526557272e-10 target=1e-09 q=0.0694444202..0.0694445071 dry=0 full=0 pred=3.4916506e-09 worst=42 old=0.00156250119 C=0.00156250119 h=0.0694444972 floor=0 slope=0.0225 weights=0.000756945158 active=4
SOLVE n=64 V=0.1 dt=0.0166666675 outer=0 norm=1.31312970802e-10 target=1e-09 q=0.0694444151..0.0694445077 dry=0 full=0 pred=3.30104268e-09 worst=42 old=0.00156250142 C=0.00156250142 h=0.0694445077 floor=0 slope=0.0225 weights=0.000756945245 active=4
SOLVE n=384 V=160 dt=0.0166666675 outer=0 norm=0.0546114345952 target=1.6e-07 q=1.40932789..2.76669089 dry=14 full=0 pred=1.96956686 worst=379 old=0.825627083 C=0.825627083 h=1.72625419 floor=0 slope=0.5 weights=0.0140387836 active=3
SOLVE n=384 V=160 dt=0.0166666675 outer=1 norm=1.83156668371e-05 target=1.6e-07 q=1.41416394..2.77114793 dry=15 full=0 pred=1.96956686 worst=72 old=0.00178631002 C=0.00216638541 h=1.83605319 floor=1.8 slope=0.120177242 weights=0.00032717211 active=3
SOLVE n=384 V=160 dt=0.0166666675 outer=2 norm=3.84962474821e-08 target=1.6e-07 q=1.41416394..2.77114793 dry=15 full=0 pred=1.96956686 worst=72 old=0.00178631002 C=0.00214815792 h=1.8359012 floor=1.8 slope=0.119670601 weights=0.00032717211 active=3
SOLVE n=64 V=1 dt=0.0166666675 outer=0 norm=0.00020897693319 target=1e-09 q=0.344413984..0.492296814 dry=0 full=0 pred=0.0116471603 worst=33 old=0.0235111902 C=0.0235111902 h=0.442016803 floor=0 slope=0.06 weights=0.00428013528 active=4
SOLVE n=64 V=1 dt=0.0166666675 outer=1 norm=4.66531191579e-06 target=1e-09 q=0.35624442..0.492542209 dry=0 full=0 pred=0.0116471603 worst=55 old=6.43076044e-05 C=0.000103614784 h=0.35624442 floor=0.300491007 slope=0.00371689477 weights=0.000279024747 active=3
SOLVE n=64 V=1 dt=0.0166666675 outer=2 norm=4.5766551312e-08 target=1e-09 q=0.35507267..0.49254215 dry=0 full=0 pred=0.0116471603 worst=55 old=6.43076044e-05 C=9.93052791e-05 h=0.35507267 floor=0.300491007 slope=0.00363877809 weights=0.000279024747 active=3
SOLVE n=64 V=1 dt=0.0166666675 outer=3 norm=8.38748400703e-11 target=1e-09 q=0.35506093..0.49254215 dry=0 full=0 pred=0.0116471603 worst=22 old=0.0232808 C=0.0233106853 h=0.438675174 floor=0 slope=0.06 weights=0.0042733502 active=4
SOLVE n=64 V=0.1 dt=0.0166666675 outer=0 norm=1.28568651184e-10 target=1e-09 q=0.069444419..0.0694445048 dry=0 full=0 pred=3.3651813e-09 worst=42 old=0.00156250107 C=0.00156250107 h=0.069444492 floor=0 slope=0.0225 weights=0.000756945109 active=4
SOLVE n=64 V=0.1 dt=0.0166666675 outer=0 norm=1.47288339676e-10 target=1e-09 q=0.069444416..0.0694445018 dry=0 full=0 pred=3.33292858e-09 worst=42 old=0.00156250129 C=0.00156250129 h=0.0694445018 floor=0 slope=0.0225 weights=0.000756945181 active=4
SOLVE n=384 V=160 dt=0.0166666675 outer=0 norm=0.0528946627029 target=1.6e-07 q=1.41416394..2.76357512 dry=13 full=0 pred=1.88146448 worst=379 old=0.771921258 C=0.771921258 h=1.61884254 floor=0 slope=0.5 weights=0.0133990159 active=3
SOLVE n=384 V=160 dt=0.0166666675 outer=1 norm=1.74124495963e-05 target=1.6e-07 q=1.40473805..2.7547406 dry=15 full=0 pred=1.88146448 worst=72 old=0.00214811943 C=0.00255233472 h=1.83913314 floor=1.8 slope=0.130443723 weights=0.000330048044 active=3
SOLVE n=384 V=160 dt=0.0166666675 outer=2 norm=2.95492822812e-08 target=1.6e-07 q=1.40473805..2.7547406 dry=15 full=0 pred=1.88146448 worst=72 old=0.00214811943 C=0.00253499571 h=1.83899999 floor=1.8 slope=0.12999989 weights=0.000330048044 active=3
SOLVE n=64 V=1 dt=0.0166666675 outer=0 norm=0.000202955811554 target=1e-09 q=0.355060929..0.49254215 dry=0 full=0 pred=0.0118003882 worst=54 old=0.0231829178 C=0.0231829178 h=0.436547197 floor=0 slope=0.06 weights=0.00427159343 active=4
SOLVE n=64 V=1 dt=0.0166666675 outer=1 norm=7.27938417155e-06 target=1e-09 q=0.369838569..0.492178245 dry=0 full=0 pred=0.0118003882 worst=55 old=9.92625596e-05 C=0.000160303257 h=0.36983866 floor=0.300491007 slope=0.00462317759 weights=0.00028967225 active=3
SOLVE n=64 V=1 dt=0.0166666675 outer=2 norm=7.35697422017e-08 target=1e-09 q=0.368352971..0.492178114 dry=0 full=0 pred=0.0118003882 worst=55 old=9.92625596e-05 C=0.000153508486 h=0.368353028 floor=0.300491007 slope=0.00452413542 weights=0.00028967225 active=3
SOLVE n=64 V=1 dt=0.0166666675 outer=3 norm=7.86961253575e-12 target=1e-09 q=0.368337653..0.492178114 dry=0 full=0 pred=0.0118003882 worst=15 old=9.92625596e-05 C=0.000153439189 h=0.368337709 floor=0.300491007 slope=0.00452311417 weights=0.00028967225 active=3
SOLVE n=64 V=0.1 dt=0.0166666675 outer=0 norm=1.37339836195e-10 target=1e-09 q=0.0694444186..0.0694445062 dry=0 full=0 pred=3.32715823e-09 worst=42 old=0.00156250094 C=0.00156250094 h=0.0694444863 floor=0 slope=0.0225 weights=0.000756945063 active=4
SOLVE n=64 V=0.1 dt=0.0166666675 outer=0 norm=1.60265835113e-10 target=1e-09 q=0.0694444176..0.0694445038 dry=0 full=0 pred=3.32716219e-09 worst=42 old=0.00156250114 C=0.00156250114 h=0.0694444953 floor=0 slope=0.0225 weights=0.000756945126 active=4
SOLVE n=384 V=160 dt=0.0166666675 outer=0 norm=0.0504551141177 target=1.6e-07 q=1.40473805..2.7547406 dry=13 full=0 pred=1.83473748 worst=379 old=0.719861946 C=0.719861946 h=1.51472392 floor=0 slope=0.5 weights=0.0130419002 active=3
SOLVE n=384 V=160 dt=0.0166666675 outer=1 norm=1.65486554646e-05 target=1.6e-07 q=1.40813605..2.74124846 dry=15 full=0 pred=1.83473748 worst=72 old=0.00253496616 C=0.00296115073 h=1.84215083 floor=1.8 slope=0.140502687 weights=0.000332453879 active=3
SOLVE n=384 V=160 dt=0.0166666675 outer=2 norm=2.30132452023e-08 target=1.6e-07 q=1.40813604..2.74124847 dry=15 full=0 pred=1.83473748 worst=72 old=0.00253496616 C=0.00294466409 h=1.84203332 floor=1.8 slope=0.140111006 weights=0.000332453879 active=3
SOLVE n=64 V=1 dt=0.0166666675 outer=0 norm=0.000204530838536 target=1e-09 q=0.368337651..0.492178114 dry=0 full=0 pred=0.0116949072 worst=54 old=0.0233824845 C=0.0233824845 h=0.43987331 floor=0 slope=0.06 weights=0.00429433704 active=4
SOLVE n=64 V=1 dt=0.0166666675 outer=1 norm=8.06603422193e-06 target=1e-09 q=0.38389331..0.491173388 dry=0 full=0 pred=0.0116949072 worst=55 old=0.000153439181 C=0.000231865579 h=0.383893443 floor=0.300491007 slope=0.00556016325 weights=0.000301426437 active=3
SOLVE n=64 V=1 dt=0.0166666675 outer=2 norm=6.34431513385e-08 target=1e-09 q=0.382513722..0.491172424 dry=0 full=0 pred=0.0116949072 worst=55 old=0.000153439181 C=0.000224258193 h=0.382513838 floor=0.300491007 slope=0.00546818957 weights=0.000301426437 active=3
SOLVE n=64 V=1 dt=0.0166666675 outer=3 norm=8.09127129176e-11 target=1e-09 q=0.382502705..0.491172424 dry=0 full=0 pred=0.0116949072 worst=22 old=0.0233469002 C=0.0233877864 h=0.439960191 floor=0 slope=0.06 weights=0.00427075483 active=4
SOLVE n=64 V=0.1 dt=0.0166666675 outer=0 norm=1.43612533284e-10 target=1e-09 q=0.0694444188..0.0694445084 dry=0 full=0 pred=3.27987138e-09 worst=42 old=0.0015625008 C=0.0015625008 h=0.0694444802 floor=0 slope=0.0225 weights=0.000756945014 active=4
SOLVE n=64 V=0.1 dt=0.0166666675 outer=0 norm=1.69923066782e-10 target=1e-09 q=0.0694444198..0.0694445079 dry=0 full=0 pred=3.27987371e-09 worst=42 old=0.00156250098 C=0.00156250098 h=0.0694444882 floor=0 slope=0.0225 weights=0.00075694507 active=4
SOLVE n=384 V=160 dt=0.0166666675 outer=0 norm=0.047352220599 target=1.6e-07 q=1.40813604..2.74124847 dry=13 full=0 pred=1.81158036 worst=379 old=0.670185453 C=0.670185453 h=1.41537093 floor=0 slope=0.5 weights=0.0126997152 active=3
SOLVE n=384 V=160 dt=0.0166666675 outer=1 norm=2.62188169472e-05 target=1.6e-07 q=1.32209981..2.72416853 dry=15 full=0 pred=1.81158036 worst=42 old=0.0527600046 C=0.0522814567 h=2.27956293 floor=2.1 slope=0.5 weights=0.00117054997 active=4
SOLVE n=384 V=160 dt=0.0166666675 outer=2 norm=1.81345567398e-08 target=1.6e-07 q=1.32209981..2.72416854 dry=15 full=0 pred=1.81158036 worst=72 old=0.00294464108 C=0.00337494032 h=1.84499962 floor=1.8 slope=0.149998674 weights=0.000334418191 active=3
SOLVE n=64 V=1 dt=0.0166666675 outer=0 norm=0.000202417464093 target=1e-09 q=0.382502704..0.491172424 dry=0 full=0 pred=0.0113352973 worst=54 old=0.0235837383 C=0.0235837383 h=0.44322754 floor=0 slope=0.06 weights=0.00432508726 active=4
SOLVE n=64 V=1 dt=0.0166666675 outer=1 norm=7.90380289662e-06 target=1e-09 q=0.397901175..0.489518948 dry=0 full=0 pred=0.0113352973 worst=55 old=0.000224197945 C=0.000316292396 h=0.397901327 floor=0.300491007 slope=0.00649402234 weights=0.000314029411 active=3
SOLVE n=64 V=1 dt=0.0166666675 outer=2 norm=4.51692778175e-08 target=1e-09 q=0.396737096..0.489516342 dry=0 full=0 pred=0.0113352973 worst=55 old=0.000224197945 C=0.000308777965 h=0.396737241 floor=0.300491007 slope=0.00641641658 weights=0.000314029411 active=3
SOLVE n=64 V=1 dt=0.0166666675 outer=3 norm=5.08353590885e-11 target=1e-09 q=0.396730372..0.489516342 dry=0 full=0 pred=0.0113352973 worst=46 old=0.0233877863 C=0.0234322609 h=0.440701434 floor=0 slope=0.06 weights=0.00428771577 active=4
SOLVE n=64 V=0.1 dt=0.0166666675 outer=0 norm=1.47212946619e-10 target=1e-09 q=0.0694444196..0.0694445105 dry=0 full=0 pred=3.18815302e-09 worst=42 old=0.00156250066 C=0.00156250066 h=0.0694444738 floor=0 slope=0.0225 weights=0.000756944963 active=4
SOLVE n=64 V=0.1 dt=0.0166666675 outer=0 norm=1.76017451138e-10 target=1e-09 q=0.0694444226..0.0694445119 dry=0 full=0 pred=3.18815345e-09 worst=42 old=0.00156250081 C=0.00156250081 h=0.0694444806 floor=0 slope=0.0225 weights=0.00075694501 active=4
SOLVE n=384 V=160 dt=0.0166666675 outer=0 norm=0.0436640528564 target=1.6e-07 q=1.32209981..2.72416854 dry=13 full=0 pred=2.05082318 worst=379 old=0.623549893 C=0.623549893 h=1.32209981 floor=0 slope=0.5 weights=0.0123774895 active=3
SOLVE n=384 V=160 dt=0.0166666675 outer=1 norm=0.000134716353991 target=1.6e-07 q=1.23607543..2.74550764 dry=15 full=0 pred=2.05082318 worst=253 old=0.388035208 C=0.418717881 h=1.66270522 floor=0.75 slope=0.473007388 weights=0.0110370178 active=4
SOLVE n=384 V=160 dt=0.0166666675 outer=2 norm=1.07104475568e-07 target=1.6e-07 q=1.23607543..2.74550764 dry=15 full=0 pred=2.05082318 worst=253 old=0.388035208 C=0.418849492 h=1.66298368 floor=0.75 slope=0.472253484 weights=0.0110370178 active=4
SOLVE n=64 V=1 dt=0.0166666675 outer=0 norm=0.000196576047594 target=1e-09 q=0.396730371..0.489516342 dry=0 full=0 pred=0.0113761547 worst=54 old=0.0237828803 C=0.0237828803 h=0.446546572 floor=0 slope=0.06 weights=0.00435527902 active=4
SOLVE n=64 V=1 dt=0.0166666675 outer=1 norm=7.32904906019e-06 target=1e-09 q=0.411558421..0.48722914 dry=0 full=0 pred=0.0113761547 worst=55 old=0.000308734815 C=0.000411200251 h=0.41155858 floor=0.300491007 slope=0.00740450598 weights=0.000327232437 active=3
SOLVE n=64 V=1 dt=0.0166666675 outer=2 norm=3.01279634603e-08 target=1e-09 q=0.410607709..0.487224142 dry=0 full=0 pred=0.0113761547 worst=55 old=0.000308734815 C=0.000404190804 h=0.410607865 floor=0.300491007 slope=0.00734112496 weights=0.000327232437 active=3
SOLVE n=64 V=1 dt=0.0166666675 outer=3 norm=3.06784896423e-11 target=1e-09 q=0.410603772..0.487224142 dry=0 full=0 pred=0.0113761547 worst=22 old=0.0234322609 C=0.0234798918 h=0.441495282 floor=0 slope=0.06 weights=0.00430453129 active=4
SOLVE n=64 V=0.1 dt=0.0166666675 outer=0 norm=1.48025589325e-10 target=1e-09 q=0.069444421..0.0694445129 dry=0 full=0 pred=3.05015472e-09 worst=42 old=0.00156250051 C=0.00156250051 h=0.0694444673 floor=0 slope=0.0225 weights=0.00075694491 active=4
SOLVE n=64 V=0.1 dt=0.0166666675 outer=0 norm=1.78392236968e-10 target=1e-09 q=0.0694444259..0.0694445159 dry=0 full=0 pred=3.05015494e-09 worst=42 old=0.00156250064 C=0.00156250064 h=0.0694444728 floor=0 slope=0.0225 weights=0.000756944948 active=4
SOLVE n=384 V=160 dt=0.0166666675 outer=0 norm=0.0430847975592 target=1.6e-07 q=1.23607543..2.74550764 dry=13 full=0 pred=2.24481244 worst=372 old=0.847201988 C=0.847201988 h=1.769404 floor=0 slope=0.5 weights=0.0168625973 active=3
SOLVE n=384 V=160 dt=0.0166666675 outer=1 norm=0.00255648698611 target=1.6e-07 q=1.15832..2.79135844 dry=15 full=0 pred=2.24481244 worst=253 old=0.418849599 C=0.448293894 h=1.72670079 floor=0.75 slope=0.381931605 weights=0.0111033668 active=4
SOLVE n=384 V=160 dt=0.0166666675 outer=2 norm=5.7841845604e-05 target=1.6e-07 q=1.15832..2.79135844 dry=15 full=0 pred=2.24481244 worst=253 old=0.418849599 C=0.450720873 h=1.73320672 floor=0.75 slope=0.364149107 weights=0.0111033668 active=4
SOLVE n=384 V=160 dt=0.0166666675 outer=3 norm=3.24882073605e-08 target=1.6e-07 q=1.15832..2.79135844 dry=15 full=0 pred=2.24481244 worst=253 old=0.418849599 C=0.45077698 h=1.73336088 floor=0.75 slope=0.363727637 weights=0.0111033668 active=4
SOLVE n=64 V=1 dt=0.0166666675 outer=0 norm=0.000187154551094 target=1e-09 q=0.410603772..0.487224142 dry=0 full=0 pred=0.0122902339 worst=54 old=0.023976207 C=0.023976207 h=0.449768683 floor=0 slope=0.06 weights=0.00438980098 active=4
SOLVE n=64 V=1 dt=0.0166666675 outer=1 norm=6.58191546717e-06 target=1e-09 q=0.424655725..0.484338429 dry=0 full=0 pred=0.0122902339 worst=55 old=0.000404161896 C=0.000513897276 h=0.424655881 floor=0.300491007 slope=0.00827765955 weights=0.000340794158 active=3
SOLVE n=64 V=1 dt=0.0166666675 outer=2 norm=1.95680055976e-08 target=1e-09 q=0.423889527..0.484330436 dry=0 full=0 pred=0.0122902339 worst=55 old=0.000404161896 C=0.000507574502 h=0.423889681 floor=0.300491007 slope=0.00822657954 weights=0.000340794158 active=3
SOLVE n=64 V=1 dt=0.0166666675 outer=3 norm=1.83777071252e-11 target=1e-09 q=0.423887237..0.484330436 dry=0 full=0 pred=0.0122902339 worst=46 old=0.0234798918 C=0.023530885 h=0.442345169 floor=0 slope=0.06 weights=0.00432095886 active=4
SOLVE n=64 V=0.1 dt=0.0166666675 outer=0 norm=1.45996358218e-10 target=1e-09 q=0.069444423..0.0694445168 dry=0 full=0 pred=2.86516362e-09 worst=42 old=0.00156250037 C=0.00156250037 h=0.0694444607 floor=0 slope=0.0225 weights=0.000756944856 active=4
SOLVE n=64 V=0.1 dt=0.0166666675 outer=0 norm=1.76979798586e-10 target=1e-09 q=0.0694444296..0.0694445197 dry=0 full=0 pred=2.86516359e-09 worst=42 old=0.00156250046 C=0.00156250046 h=0.0694444649 floor=0 slope=0.0225 weights=0.000756944884 active=4
SOLVE n=384 V=160 dt=0.0166666675 outer=0 norm=0.0452540193347 target=1.6e-07 q=1.15832..2.77496624 dry=13 full=0 pred=2.39095201 worst=372 old=0.888788253 C=0.888788253 h=1.85257653 floor=0 slope=0.5 weights=0.0169494027 active=3
SOLVE n=384 V=160 dt=0.0166666675 outer=1 norm=0.00687769586814 target=1.6e-07 q=1.08972271..2.7944606 dry=15 full=0 pred=2.39095201 worst=253 old=0.450777013 C=0.47617282 h=1.79787854 floor=0.75 slope=0.261992781 weights=0.011120915 active=4
SOLVE n=384 V=160 dt=0.0166666675 outer=2 norm=0.00087869657647 target=1.6e-07 q=1.08972271..2.7944606 dry=15 full=0 pred=2.39095201 worst=253 old=0.450777013 C=0.481893395 h=1.82306729 floor=0.75 slope=0.192317659 weights=0.011120915 active=4
SOLVE n=384 V=160 dt=0.0166666675 outer=3 norm=2.54393770757e-05 target=1.6e-07 q=1.08972271..2.7944606 dry=15 full=0 pred=2.39095201 worst=253 old=0.450777013 C=0.48269887 h=1.82738782 floor=0.75 slope=0.180558972 weights=0.011120915 active=4
SOLVE n=384 V=160 dt=0.0166666675 outer=4 norm=2.3876146127e-08 target=1.6e-07 q=1.08972271..2.7944606 dry=15 full=0 pred=2.39095201 worst=253 old=0.450777013 C=0.482722817 h=1.82752058 floor=0.75 slope=0.180199302 weights=0.011120915 active=4
SOLVE n=64 V=1 dt=0.0166666675 outer=0 norm=0.0001744520488 target=1e-09 q=0.423887237..0.484330436 dry=0 full=0 pred=0.012919038 worst=54 old=0.0241602235 C=0.0241602235 h=0.452835626 floor=0 slope=0.06 weights=0.00442199786 active=4
SOLVE n=64 V=1 dt=0.0166666675 outer=1 norm=5.77116198216e-06 target=1e-09 q=0.428297509..0.480897667 dry=0 full=0 pred=0.012919038 worst=8 old=0.000507557334 C=0.000621572573 h=0.437045307 floor=0.30049065 slope=0.00910364521 weights=0.00035448337 active=3
SOLVE n=64 V=1 dt=0.0166666675 outer=2 norm=1.2500875363e-08 target=1e-09 q=0.428297375..0.480886287 dry=0 full=0 pred=0.012919038 worst=55 old=0.000507555663 C=0.000616007978 h=0.436433041 floor=0.300491007 slope=0.00906280365 weights=0.000354482446 active=3
SOLVE n=64 V=1 dt=0.0166666675 outer=3 norm=1.09909265662e-11 target=1e-09 q=0.428297375..0.480886287 dry=0 full=0 pred=0.012919038 worst=17 old=0.0235308925 C=0.0235859965 h=0.443263575 floor=0 slope=0.06 weights=0.00433684392 active=4
SOLVE n=64 V=0.1 dt=0.0166666675 outer=0 norm=1.41134475627e-10 target=1e-09 q=0.0694444255..0.0694445207 dry=0 full=0 pred=2.70096667e-09 worst=42 old=0.00156250022 C=0.00156250022 h=0.0694444542 floor=0 slope=0.0225 weights=0.000756944802 active=4
SOLVE n=64 V=0.1 dt=0.0166666675 outer=0 norm=1.71803064538e-10 target=1e-09 q=0.0694444335..0.0694445234 dry=0 full=0 pred=2.65368785e-09 worst=42 old=0.00156250028 C=0.00156250028 h=0.069444457 floor=0 slope=0.0225 weights=0.000756944821 active=4
SOLVE n=384 V=160 dt=0.0166666675 outer=0 norm=0.0456839374265 target=1.6e-07 q=1.08972271..2.77097018 dry=13 full=0 pred=2.48880752 worst=372 old=0.9324513 C=0.9324513 h=1.93990263 floor=0 slope=0.5 weights=0.0171088017 active=3
SOLVE n=384 V=160 dt=0.0166666675 outer=1 norm=0.0131015644527 target=1.6e-07 q=1.031048..2.7590571 dry=15 full=0 pred=2.48880752 worst=253 old=0.482722841 C=0.50078553 h=1.89930861 floor=0.75 slope=0.0547443277 weights=0.0111561713 active=4
SOLVE n=384 V=160 dt=0.0166666675 outer=2 norm=4.70273890758e-05 target=1.6e-07 q=1.031048..2.7590571 dry=15 full=0 pred=2.48880752 worst=253 old=0.482722841 C=0.511726501 h=2.09830536 floor=0.75 slope=0.0691178791 weights=0.0111561713 active=4
SOLVE n=384 V=160 dt=0.0166666675 outer=3 norm=2.50478563836e-08 target=1.6e-07 q=1.031048..2.7590571 dry=15 full=0 pred=2.48880752 worst=253 old=0.482722841 C=0.511686004 h=2.09771909 floor=0.75 slope=0.0690324314 weights=0.0111561713 active=4
SOLVE n=64 V=1 dt=0.0166666675 outer=0 norm=0.000190854579736 target=1e-09 q=0.428297375..0.480886287 dry=0 full=0 pred=0.0132735795 worst=51 old=0.0285272509 C=0.0285272509 h=0.475456405 floor=0 slope=0.06 weights=0.00562709307 active=4
SOLVE n=64 V=1 dt=0.0166666675 outer=1 norm=4.94886371753e-06 target=1e-09 q=0.428891043..0.476969893 dry=0 full=0 pred=0.0132735795 worst=8 old=0.000615997816 C=0.000731372922 h=0.448616219 floor=0.30049065 slope=0.00987503949 weights=0.000370271546 active=3
SOLVE n=64 V=1 dt=0.0166666675 outer=2 norm=7.84132305008e-09 target=1e-09 q=0.428890878..0.476954969 dry=0 full=0 pred=0.0132735795 worst=8 old=0.000615997816 C=0.00072659097 h=0.448131178 floor=0.30049065 slope=0.00984270345 weights=0.000370271546 active=3
SOLVE n=64 V=1 dt=0.0166666675 outer=3 norm=6.57472138527e-12 target=1e-09 q=0.428890878..0.476954969 dry=0 full=0 pred=0.0132735795 worst=17 old=0.0235859965 C=0.0236463406 h=0.44426931 floor=0 slope=0.06 weights=0.00435210742 active=4
SOLVE n=64 V=0.1 dt=0.0166666675 outer=0 norm=1.33512252594e-10 target=1e-09 q=0.0694444283..0.0694445244 dry=0 full=0 pred=2.77542786e-09 worst=42 old=0.00156250008 C=0.00156250008 h=0.0694444479 floor=0 slope=0.0225 weights=0.000756944749 active=4
SOLVE n=64 V=0.1 dt=0.0166666675 outer=0 norm=1.62974411986e-10 target=1e-09 q=0.0694444376..0.0694445269 dry=0 full=0 pred=2.77543756e-09 worst=42 old=0.00156250011 C=0.00156250011 h=0.0694444494 floor=0 slope=0.0225 weights=0.000756944758 active=4
SOLVE n=384 V=160 dt=0.0166666675 outer=0 norm=0.0444247516414 target=1.6e-07 q=1.031048..2.7590571 dry=13 full=0 pred=2.53987577 worst=372 old=0.976525081 C=0.976525081 h=2.02805019 floor=0 slope=0.5 weights=0.0172489066 active=3
SOLVE n=384 V=160 dt=0.0166666675 outer=1 norm=0.0116543270587 target=1.6e-07 q=0.98294073..2.7402488 dry=13 full=0 pred=2.53987577 worst=253 old=0.511685979 C=0.525559217 h=2.13396203 floor=0.75 slope=0.0721172924 weights=0.01160544 active=4
SOLVE n=384 V=160 dt=0.0166666675 outer=2 norm=0.00135771002472 target=1.6e-07 q=0.982940725..2.7402488 dry=15 full=0 pred=2.53987577 worst=253 old=0.511685979 C=0.536963882 h=2.27327612 floor=0.75 slope=0.0916510695 weights=0.01160544 active=4
SOLVE n=384 V=160 dt=0.0166666675 outer=3 norm=1.22108170779e-05 target=1.6e-07 q=0.982940725..2.7402488 dry=15 full=0 pred=2.53987577 worst=253 old=0.511685979 C=0.535770203 h=2.26011873 floor=0.75 slope=0.0897953337 weights=0.01160544 active=4
SOLVE n=384 V=160 dt=0.0166666675 outer=4 norm=5.28625427806e-09 target=1.6e-07 q=0.982940725..2.7402488 dry=15 full=0 pred=2.53987577 worst=278 old=0.706711073 C=0.717254094 h=2.10950821 floor=0.6 slope=0.5 weights=0.0171401092 active=4
SOLVE n=64 V=1 dt=0.0166666675 outer=0 norm=0.000211929069384 target=1e-09 q=0.428890878..0.476954969 dry=0 full=0 pred=0.0134443372 worst=51 old=0.0283364736 C=0.0283364736 h=0.472276784 floor=0 slope=0.06 weights=0.00558647448 active=4
SOLVE n=64 V=1 dt=0.0166666675 outer=1 norm=4.14161827598e-06 target=1e-09 q=0.430177954..0.472626478 dry=0 full=0 pred=0.0134443372 worst=8 old=0.000726583385 C=0.000840437912 h=0.459277089 floor=0.30049065 slope=0.0105857643 weights=0.00038853276 active=3
SOLVE n=64 V=1 dt=0.0166666675 outer=2 norm=4.79226151154e-09 target=1e-09 q=0.430177769..0.472608092 dry=0 full=0 pred=0.0134443372 worst=48 old=0.000726583385 C=0.000836428592 h=0.45889789 floor=0.30049065 slope=0.0105604844 weights=0.00038853276 active=3
SOLVE n=64 V=1 dt=0.0166666675 outer=3 norm=3.89437330853e-12 target=1e-09 q=0.430177769..0.472608092 dry=0 full=0 pred=0.0134443372 worst=41 old=0.0236463406 C=0.0237132278 h=0.445384096 floor=0 slope=0.06 weights=0.0043667443 active=4
SOLVE n=64 V=0.1 dt=0.0166666675 outer=0 norm=1.2326400759e-10 target=1e-09 q=0.0694444315..0.0694445279 dry=0 full=0 pred=2.83016034e-09 worst=42 old=0.00156249994 C=0.00156249994 h=0.069444442 floor=0 slope=0.0225 weights=0.000756944697 active=4
SOLVE n=64 V=0.1 dt=0.0166666675 outer=0 norm=1.50692730036e-10 target=1e-09 q=0.0694444418..0.0694445302 dry=0 full=0 pred=2.83016975e-09 worst=42 old=0.00156249995 C=0.00156249995 h=0.0694444421 floor=0 slope=0.0225 weights=0.000756944698 active=4
SOLVE n=384 V=160 dt=0.0166666675 outer=0 norm=0.0416212183821 target=1.6e-07 q=0.982940725..2.7402488 dry=13 full=0 pred=2.54726887 worst=372 old=1.01940068 C=1.01940068 h=2.11380139 floor=0 slope=0.5 weights=0.0173995771 active=3
SOLVE n=384 V=160 dt=0.0166666675 outer=1 norm=0.00467754992796 target=1.6e-07 q=0.945927013..2.71569623 dry=13 full=0 pred=2.54726887 worst=253 old=0.535759383 C=0.557841341 h=2.37126897 floor=0.75 slope=0.102224348 weights=0.0129471496 active=4
SOLVE n=384 V=160 dt=0.0166666675 outer=2 norm=0.000114354279162 target=1.6e-07 q=0.945927007..2.71569624 dry=14 full=0 pred=2.54726887 worst=253 old=0.535759383 C=0.553801201 h=2.33062803 floor=0.75 slope=0.0966009122 weights=0.0129471496 active=4
SOLVE n=384 V=160 dt=0.0166666675 outer=3 norm=7.5334883162e-08 target=1.6e-07 q=0.945927007..2.71569624 dry=15 full=0 pred=2.54726887 worst=253 old=0.535759383 C=0.553700361 h=2.32958336 floor=0.75 slope=0.0964566875 weights=0.0129471496 active=4
SOLVE n=64 V=1 dt=0.0166666675 outer=0 norm=0.000231217421155 target=1e-09 q=0.430177769..0.472608092 dry=0 full=0 pred=0.0146518591 worst=51 old=0.0281253617 C=0.0281253617 h=0.468758252 floor=0 slope=0.06 weights=0.00554154061 active=4
SOLVE n=64 V=1 dt=0.0166666675 outer=1 norm=3.3707241396e-06 target=1e-09 q=0.432103056..0.469272218 dry=0 full=0 pred=0.0146518591 worst=48 old=0.000836423949 C=0.000945989856 h=0.468953379 floor=0.30049065 slope=0.0112308504 weights=0.000406160643 active=3
SOLVE n=64 V=1 dt=0.0166666675 outer=2 norm=2.8272427099e-09 target=1e-09 q=0.432102869..0.46926497 dry=0 full=0 pred=0.0146518591 worst=48 old=0.000836423949 C=0.000942721454 h=0.468662108 floor=0.30049065 slope=0.0112114323 weights=0.000406160643 active=3
SOLVE n=64 V=1 dt=0.0166666675 outer=3 norm=7.14803542555e-11 target=1e-09 q=0.432102869..0.46926497 dry=0 full=0 pred=0.0146518591 worst=9 old=0.0246267953 C=0.0247463767 h=0.462604727 floor=0 slope=0.06 weights=0.00450199995 active=4
SOLVE n=64 V=0.1 dt=0.0166666675 outer=0 norm=1.10582807959e-10 target=1e-09 q=0.0694444297..0.0694445312 dry=0 full=0 pred=2.81991309e-09 worst=42 old=0.00156249982 C=0.00156249982 h=0.0694444365 floor=0 slope=0.0225 weights=0.000756944663 active=4
SOLVE n=64 V=0.1 dt=0.0166666675 outer=0 norm=1.35237428457e-10 target=1e-09 q=0.0694444354..0.0694445332 dry=0 full=0 pred=2.81992117e-09 worst=42 old=0.0015624998 C=0.0015624998 h=0.0694444354 floor=0 slope=0.0225 weights=0.000756944671 active=4
SOLVE n=384 V=160 dt=0.0166666675 outer=0 norm=0.0374504053658 target=1.6e-07 q=0.945927007..2.71569624 dry=13 full=0 pred=2.51536221 worst=372 old=1.05960433 C=1.05960433 h=2.19420869 floor=0 slope=0.5 weights=0.0179449284 active=3
SOLVE n=384 V=160 dt=0.0166666675 outer=1 norm=0.00168658663876 target=1.6e-07 q=0.920410476..2.68660612 dry=14 full=0 pred=2.51536221 worst=253 old=0.553700286 C=0.56702448 h=2.34282778 floor=0.75 slope=0.0952341046 weights=0.0135446711 active=4
SOLVE n=384 V=160 dt=0.0166666675 outer=2 norm=1.65073922122e-05 target=1.6e-07 q=0.920410471..2.68660612 dry=15 full=0 pred=2.51536221 worst=253 old=0.553700286 C=0.565563556 h=2.3273141 floor=0.75 slope=0.0931066419 weights=0.0135446711 active=4
SOLVE n=384 V=160 dt=0.0166666675 outer=3 norm=8.09716519355e-09 target=1.6e-07 q=0.920410471..2.68660612 dry=16 full=0 pred=2.51536221 worst=278 old=0.728511523 C=0.740236352 h=2.15547273 floor=0.6 slope=0.5 weights=0.0173964629 active=4
SOLVE n=64 V=1 dt=0.0166666675 outer=0 norm=0.000247538830439 target=1e-09 q=0.432102869..0.469264969 dry=0 full=0 pred=0.0154199654 worst=51 old=0.0278959251 C=0.0278959251 h=0.464934308 floor=0 slope=0.06 weights=0.00549286456 active=4
SOLVE n=64 V=1 dt=0.0166666675 outer=1 norm=2.64627359423e-06 target=1e-09 q=0.429255622..0.477571961 dry=0 full=0 pred=0.0154199654 worst=48 old=0.000942718711 C=0.00104525876 h=0.477571868 floor=0.30049065 slope=0.0118054164 weights=0.000433956525 active=3
SOLVE n=64 V=1 dt=0.0166666675 outer=2 norm=1.58696592728e-09 target=1e-09 q=0.429213453..0.477354321 dry=0 full=0 pred=0.0154199654 worst=8 old=0.000942718711 C=0.00104269101 h=0.477354228 floor=0.30049065 slope=0.0117909071 weights=0.000433956525 active=3
SOLVE n=64 V=1 dt=0.0166666675 outer=3 norm=3.61888732888e-11 target=1e-09 q=0.429213447..0.47735419 dry=0 full=0 pred=0.0154199654 worst=49 old=0.0247463767 C=0.0248457909 h=0.464261629 floor=0 slope=0.06 weights=0.00453854127 active=4
SOLVE n=64 V=0.1 dt=0.0166666675 outer=0 norm=9.57162945915e-11 target=1e-09 q=0.0694444283..0.0694445342 dry=0 full=0 pred=2.74812866e-09 worst=42 old=0.00156249971 C=0.00156249971 h=0.0694444316 floor=0 slope=0.0225 weights=0.000756944632 active=4
SOLVE n=64 V=0.1 dt=0.0166666675 outer=0 norm=1.16961616878e-10 target=1e-09 q=0.0694444294..0.069444536 dry=0 full=0 pred=2.74813415e-09 worst=42 old=0.00156249966 C=0.00156249966 h=0.0694444294 floor=0 slope=0.0225 weights=0.000756944647 active=4
SOLVE n=384 V=160 dt=0.0166666675 outer=0 norm=0.0320686919783 target=1.6e-07 q=0.920410471..2.68660612 dry=13 full=0 pred=2.4480093 worst=372 old=1.09579888 C=1.09579888 h=2.26659779 floor=0 slope=0.5 weights=0.0185641067 active=3
SOLVE n=384 V=160 dt=0.0166666675 outer=1 norm=0.000699933517522 target=1.6e-07 q=0.90666444..2.65417453 dry=14 full=0 pred=2.4480093 worst=253 old=0.565549132 C=0.573129774 h=2.26837202 floor=0.75 slope=0.0818538637 weights=0.0135980775 active=4
SOLVE n=384 V=160 dt=0.0166666675 outer=2 norm=3.70317222145e-06 target=1.6e-07 q=0.906664436..2.65417454 dry=15 full=0 pred=2.4480093 worst=253 old=0.565549132 C=0.57253327 h=2.26103936 floor=0.75 slope=0.0808439833 weights=0.0135980775 active=4
SOLVE n=384 V=160 dt=0.0166666675 outer=3 norm=2.10018625581e-09 target=1.6e-07 q=0.906664436..2.65417454 dry=16 full=0 pred=2.4480093 worst=278 old=0.740236344 C=0.752160335 h=2.17932069 floor=0.6 slope=0.5 weights=0.0174843232 active=4
SOLVE n=64 V=1 dt=0.0166666675 outer=0 norm=0.000259776904103 target=1e-09 q=0.429213447..0.477354191 dry=0 full=0 pred=0.0157766362 worst=51 old=0.0276512191 C=0.0276512191 h=0.460855876 floor=0 slope=0.06 weights=0.00544116767 active=4
SOLVE n=64 V=1 dt=0.0166666675 outer=1 norm=1.98063655913e-06 target=1e-09 q=0.426283994..0.485062553 dry=0 full=0 pred=0.0157766362 worst=48 old=0.00104268947 C=0.0011355588 h=0.485062475 floor=0.30049065 slope=0.0123047903 weights=0.000463368438 active=3
SOLVE n=64 V=1 dt=0.0166666675 outer=2 norm=8.20543639326e-10 target=1e-09 q=0.426250734..0.484906174 dry=0 full=0 pred=0.0157766362 worst=8 old=0.00104268947 C=0.0011336354 h=0.484906096 floor=0.30049065 slope=0.012294365 weights=0.000463368438 active=3
SOLVE n=64 V=0.1 dt=0.0166666675 outer=0 norm=8.44111796821e-11 target=1e-09 q=0.0694444274..0.069444537 dry=0 full=0 pred=2.61954891e-09 worst=35 old=0.00156249995 C=0.00156249995 h=0.0694444424 floor=0 slope=0.0225 weights=0.000756944584 active=4
SOLVE n=64 V=0.1 dt=0.0166666675 outer=0 norm=9.62822161757e-11 target=1e-09 q=0.0694444242..0.0694445385 dry=0 full=0 pred=2.61955184e-09 worst=45 old=0.00156249954 C=0.00156249954 h=0.0694444242 floor=0 slope=0.0225 weights=0.000756944626 active=4
SOLVE n=384 V=160 dt=0.0166666675 outer=0 norm=0.0312065192047 target=1.6e-07 q=0.906664436..2.65417454 dry=13 full=0 pred=2.34830285 worst=340 old=0.824943635 C=0.824943635 h=1.8748873 floor=0.15 slope=0.5 weights=0.0184854467 active=4
SOLVE n=384 V=160 dt=0.0166666675 outer=1 norm=0.000397994189578 target=1.6e-07 q=0.9048212..2.62040803 dry=14 full=0 pred=2.34830285 worst=253 old=0.572530097 C=0.577187291 h=2.13900884 floor=0.75 slope=0.0601370537 weights=0.0130995971 active=4
SOLVE n=384 V=160 dt=0.0166666675 outer=2 norm=2.05725732718e-06 target=1.6e-07 q=0.904821197..2.62040803 dry=15 full=0 pred=2.34830285 worst=253 old=0.572530097 C=0.57686294 h=2.13358109 floor=0.75 slope=0.0593791203 weights=0.0130995971 active=4
SOLVE n=384 V=160 dt=0.0166666675 outer=3 norm=1.4993178938e-09 target=1.6e-07 q=0.904821197..2.62040803 dry=16 full=0 pred=2.34830285 worst=278 old=0.752160333 C=0.764002512 h=2.20300505 floor=0.6 slope=0.5 weights=0.0175443193 active=4
SOLVE n=64 V=1 dt=0.0166666675 outer=0 norm=0.000267011611087 target=1e-09 q=0.42625073..0.484906108 dry=0 full=0 pred=0.01576475 worst=51 old=0.0273952826 C=0.0273952826 h=0.456590266 floor=0 slope=0.06 weights=0.00538730753 active=4
SOLVE n=64 V=1 dt=0.0166666675 outer=1 norm=1.3910444423e-06 target=1e-09 q=0.423978551..0.491366071 dry=0 full=0 pred=0.01576475 worst=48 old=0.00113363458 C=0.00121444693 h=0.491366007 floor=0.30049065 slope=0.0127250258 weights=0.000489479057 active=3
SOLVE n=64 V=1 dt=0.0166666675 outer=2 norm=3.79190047597e-10 target=1e-09 q=0.423958101..0.491259736 dry=0 full=0 pred=0.01576475 worst=8 old=0.00113363458 C=0.00121309418 h=0.491259672 floor=0.30049065 slope=0.0127179368 weights=0.000489479057 active=3
SOLVE n=64 V=0.1 dt=0.0166666675 outer=0 norm=8.29468853245e-11 target=1e-09 q=0.0694444238..0.0694445394 dry=0 full=0 pred=2.44008356e-09 worst=35 old=0.00156250004 C=0.00156250004 h=0.0694444461 floor=0 slope=0.0225 weights=0.000756944619 active=4
SOLVE n=64 V=0.1 dt=0.0166666675 outer=0 norm=7.41967379203e-11 target=1e-09 q=0.0694444199..0.0694445407 dry=0 full=0 pred=2.44008386e-09 worst=35 old=0.0015625003 C=0.0015625003 h=0.0694444577 floor=0 slope=0.0225 weights=0.0007569447 active=4
SOLVE n=384 V=160 dt=0.0166666675 outer=0 norm=0.0311125256112 target=1.6e-07 q=0.904821197..2.62040803 dry=13 full=0 pred=2.22168877 worst=344 old=0.795748079 C=0.795748079 h=1.81649618 floor=0.15 slope=0.5 weights=0.0178808527 active=4
SOLVE n=384 V=160 dt=0.0166666675 outer=1 norm=0.00030405354461 target=1.6e-07 q=0.91486006..2.63944884 dry=14 full=0 pred=2.22168877 worst=253 old=0.576861252 C=0.580126648 h=2.02050871 floor=0.75 slope=0.195282984 weights=0.0129354404 active=4
SOLVE n=384 V=160 dt=0.0166666675 outer=2 norm=2.79136288136e-06 target=1.6e-07 q=0.914860058..2.63944884 dry=15 full=0 pred=2.22168877 worst=253 old=0.576861252 C=0.580410164 h=2.02197482 floor=0.75 slope=0.191476398 weights=0.0129354404 active=4
SOLVE n=384 V=160 dt=0.0166666675 outer=3 norm=7.30431730725e-10 target=1.6e-07 q=0.914860058..2.63944884 dry=16 full=0 pred=2.22168877 worst=278 old=0.764002511 C=0.775479397 h=2.22595882 floor=0.6 slope=0.5 weights=0.0175769921 active=4
SOLVE n=64 V=1 dt=0.0166666675 outer=0 norm=0.000268609520338 target=1e-09 q=0.4239581..0.491259706 dry=0 full=0 pred=0.015435074 worst=51 old=0.0271329613 C=0.0271329613 h=0.452218245 floor=0 slope=0.06 weights=0.00533225445 active=4
SOLVE n=64 V=1 dt=0.0166666675 outer=1 norm=8.94040747525e-07 target=1e-09 q=0.422589155..0.496438611 dry=0 full=0 pred=0.015435074 worst=48 old=0.00121309381 C=0.00127985299 h=0.49643856 floor=0.30049065 slope=0.0130631961 weights=0.000511847776 active=3
SOLVE n=64 V=1 dt=0.0166666675 outer=2 norm=2.05895558296e-10 target=1e-09 q=0.422581506..0.496371878 dry=0 full=0 pred=0.015435074 worst=0 old=0.000417920736 C=0.000445767921 h=0.493815549 floor=0.30049065 slope=0.00530371425 weights=0.000194897614 active=2
SOLVE n=64 V=0.1 dt=0.0166666675 outer=0 norm=7.9821639228e-11 target=1e-09 q=0.0694444211..0.0694445415 dry=0 full=0 pred=2.21664953e-09 worst=35 old=0.00156250012 C=0.00156250012 h=0.0694444498 floor=0 slope=0.0225 weights=0.000756944653 active=4
SOLVE n=64 V=0.1 dt=0.0166666675 outer=0 norm=6.55051459471e-11 target=1e-09 q=0.0694444167..0.0694445425 dry=0 full=0 pred=2.21664882e-09 worst=35 old=0.00156250037 C=0.00156250037 h=0.069444461 floor=0 slope=0.0225 weights=0.000756944736 active=4
SOLVE n=384 V=160 dt=0.0166666675 outer=0 norm=0.0308410626186 target=1.6e-07 q=0.914860058..2.63944884 dry=13 full=0 pred=2.21181998 worst=348 old=0.925973344 C=0.925973344 h=2.07694671 floor=0.15 slope=0.5 weights=0.0213312414 active=4
SOLVE n=384 V=160 dt=0.0166666675 outer=1 norm=0.000182232880125 target=1.6e-07 q=0.936595939..2.65205356 dry=14 full=0 pred=2.21181998 worst=277 old=0.709186904 C=0.732066628 h=2.1403504 floor=0.6 slope=0.485837 weights=0.0164983564 active=4
SOLVE n=384 V=160 dt=0.0166666675 outer=2 norm=2.49099788977e-07 target=1.6e-07 q=0.936595938..2.65205355 dry=14 full=0 pred=2.21181998 worst=253 old=0.58041278 C=0.583774956 h=2.0080117 floor=0.75 slope=0.300343206 weights=0.013092635 active=4
SOLVE n=384 V=160 dt=0.0166666675 outer=3 norm=2.94572935489e-09 target=1.6e-07 q=0.936595938..2.65205355 dry=15 full=0 pred=2.21181998 worst=254 old=0.603849582 C=0.623981494 h=2.07296301 floor=0.75 slope=0.5 weights=0.0143282883 active=4
SOLVE n=64 V=1 dt=0.0166666675 outer=0 norm=0.000264262497613 target=1e-09 q=0.422581506..0.496371867 dry=0 full=0 pred=0.0148400065 worst=51 old=0.0268696543 C=0.0268696543 h=0.447829795 floor=0 slope=0.06 weights=0.00528177929 active=4
SOLVE n=64 V=1 dt=0.0166666675 outer=1 norm=6.50524450514e-07 target=1e-09 q=0.422329129..0.500254663 dry=0 full=0 pred=0.0148400065 worst=3 old=0.00495340069 C=0.00484052032 h=0.442333614 floor=0.00230997837 slope=0.0220011833 weights=0.00212126457 active=3
SOLVE n=64 V=1 dt=0.0166666675 outer=2 norm=1.11921272948e-10 target=1e-09 q=0.422328655..0.500217692 dry=0 full=0 pred=0.0148400065 worst=0 old=0.000445767715 C=0.000470690303 h=0.498437372 floor=0.30049065 slope=0.00548133664 weights=0.000203366355 active=2
SOLVE n=64 V=0.1 dt=0.0166666675 outer=0 norm=7.51754439743e-11 target=1e-09 q=0.0694444193..0.0694445431 dry=0 full=0 pred=1.95699059e-09 worst=35 old=0.0015625002 C=0.0015625002 h=0.0694444534 floor=0 slope=0.0225 weights=0.000756944684 active=4
SOLVE n=64 V=0.1 dt=0.0166666675 outer=0 norm=5.58813746908e-11 target=1e-09 q=0.0694444145..0.0694445439 dry=0 full=0 pred=1.95698953e-09 worst=36 old=0.00156250044 C=0.00156250044 h=0.0694444639 floor=0 slope=0.0225 weights=0.000756944767 active=4
SOLVE n=384 V=160 dt=0.0166666675 outer=0 norm=0.0301461869459 target=1.6e-07 q=0.936595938..2.65205355 dry=13 full=0 pred=2.18851293 worst=348 old=0.955666631 C=0.955666631 h=2.13633329 floor=0.15 slope=0.5 weights=0.0217104125 active=4
SOLVE n=384 V=160 dt=0.0166666675 outer=1 norm=0.000175922521033 target=1.6e-07 q=0.9696703..2.6580905 dry=13 full=0 pred=2.18851293 worst=277 old=0.73224426 C=0.754374776 h=2.18556335 floor=0.6 slope=0.482514728 weights=0.016825352 active=4
SOLVE n=384 V=160 dt=0.0166666675 outer=2 norm=1.06890163556e-07 target=1.6e-07 q=0.9696703..2.6580905 dry=15 full=0 pred=2.18851293 worst=253 old=0.583775195 C=0.587387995 h=2.0068476 floor=0.75 slope=0.366371368 weights=0.0133016304 active=4
SOLVE n=64 V=1 dt=0.0166666675 outer=0 norm=0.000253962211998 target=1e-09 q=0.422328656..0.50021769 dry=0 full=0 pred=0.0140285632 worst=51 old=0.0266110318 C=0.0266110318 h=0.44351942 floor=0 slope=0.06 weights=0.00524069219 active=4
SOLVE n=64 V=1 dt=0.0166666675 outer=1 norm=6.06215316677e-07 target=1e-09 q=0.423340771..0.502809062 dry=0 full=0 pred=0.0140285632 worst=59 old=0.00483992152 C=0.00473219415 h=0.437382103 floor=0.00230997837 slope=0.0217536077 weights=0.00209899065 active=3
SOLVE n=64 V=1 dt=0.0166666675 outer=2 norm=5.25076530575e-11 target=1e-09 q=0.423336577..0.502792614 dry=0 full=0 pred=0.0140285632 worst=7 old=0.000470688038 C=0.000491963332 h=0.502266719 floor=0.300491007 slope=0.00563029114 weights=0.000210292144 active=2
SOLVE n=64 V=0.1 dt=0.0166666675 outer=0 norm=6.91810212544e-11 target=1e-09 q=0.0694444184..0.0694445443 dry=0 full=0 pred=1.7542186e-09 worst=35 old=0.00156250028 C=0.00156250028 h=0.0694444567 floor=0 slope=0.0225 weights=0.000756944712 active=4
SOLVE n=64 V=0.1 dt=0.0166666675 outer=0 norm=5.91488583766e-11 target=1e-09 q=0.0694444134..0.0694445449 dry=0 full=0 pred=1.66947951e-09 worst=49 old=0.0015625011 C=0.0015625011 h=0.0694444932 floor=0 slope=0.0225 weights=0.000756945228 active=4
SOLVE n=384 V=160 dt=0.0166666675 outer=0 norm=0.0304931282586 target=1.6e-07 q=0.9696703..2.6580905 dry=13 full=0 pred=2.13652008 worst=346 old=0.795648453 C=0.795648453 h=1.81629693 floor=0.15 slope=0.5 weights=0.0188975124 active=4
SOLVE n=384 V=160 dt=0.0166666675 outer=1 norm=0.000160582644311 target=1.6e-07 q=1.01354593..2.65764154 dry=14 full=0 pred=2.13652008 worst=277 old=0.754545717 C=0.775369673 h=2.22830163 floor=0.6 slope=0.479029191 weights=0.0171205316 active=4
SOLVE n=384 V=160 dt=0.0166666675 outer=2 norm=1.00836073714e-07 target=1.6e-07 q=1.01354593..2.65764154 dry=14 full=0 pred=2.13652008 worst=253 old=0.587388102 C=0.591615621 h=2.01157468 floor=0.75 slope=0.408999612 weights=0.0135167685 active=4
SOLVE n=64 V=1 dt=0.0166666675 outer=0 norm=0.000237944916631 target=1e-09 q=0.423336577..0.502792614 dry=0 full=0 pred=0.0130408752 worst=51 old=0.0263627724 C=0.0263627724 h=0.439381763 floor=0 slope=0.06 weights=0.00520791232 active=4
SOLVE n=64 V=1 dt=0.0166666675 outer=1 norm=5.41486718474e-07 target=1e-09 q=0.425669072..0.505271188 dry=0 full=0 pred=0.0130408752 worst=59 old=0.00473163635 C=0.00463094297 h=0.432702481 floor=0.00230997837 slope=0.0215196266 weights=0.00207782502 active=3
SOLVE n=64 V=1 dt=0.0166666675 outer=2 norm=3.94957565459e-11 target=1e-09 q=0.425648035..0.505241413 dry=0 full=0 pred=0.0130408752 worst=18 old=0.0268876862 C=0.0268675358 h=0.447792263 floor=0 slope=0.06 weights=0.00532262272 active=4
SOLVE n=64 V=0.1 dt=0.0166666675 outer=0 norm=6.71040181488e-11 target=1e-09 q=0.0694444184..0.069444545 dry=0 full=0 pred=1.61312401e-09 worst=49 old=0.00156250093 C=0.00156250093 h=0.0694444857 floor=0 slope=0.0225 weights=0.000756945167 active=4
SOLVE n=64 V=0.1 dt=0.0166666675 outer=0 norm=6.31228407169e-11 target=1e-09 q=0.0694444134..0.0694445455 dry=0 full=0 pred=1.37861364e-09 worst=49 old=0.00156250104 C=0.00156250104 h=0.0694444906 floor=0 slope=0.0225 weights=0.000756945208 active=4
SOLVE n=384 V=160 dt=0.0166666675 outer=0 norm=0.0301143795252 target=1.6e-07 q=1.01354593..2.65764154 dry=12 full=0 pred=2.05738187 worst=346 old=0.825055561 C=0.825055561 h=1.87511115 floor=0.15 slope=0.5 weights=0.0192454887 active=4
SOLVE n=384 V=160 dt=0.0166666675 outer=1 norm=0.00015293305584 target=1.6e-07 q=1.06750672..2.65098289 dry=14 full=0 pred=2.05738187 worst=253 old=0.591615721 C=0.596608601 h=2.01995578 floor=0.75 slope=0.434945861 weights=0.0137338517 active=4
SOLVE n=384 V=160 dt=0.0166666675 outer=2 norm=1.4544054461e-07 target=1.6e-07 q=1.06750672..2.65098289 dry=15 full=0 pred=2.05738187 worst=253 old=0.591615721 C=0.596757645 h=2.02029879 floor=0.75 slope=0.434097967 weights=0.0137338517 active=4
SOLVE n=64 V=1 dt=0.0166666675 outer=0 norm=0.000216693950556 target=1e-09 q=0.425648034..0.50524141 dry=0 full=0 pred=0.0119078439 worst=51 old=0.026130333 C=0.026130333 h=0.435507774 floor=0 slope=0.06 weights=0.00517778568 active=4
SOLVE n=64 V=1 dt=0.0166666675 outer=1 norm=4.60107915914e-07 target=1e-09 q=0.428389303..0.50731466 dry=0 full=0 pred=0.0119078439 worst=59 old=0.0046304449 C=0.00453859008 h=0.428389303 floor=0.00230997837 slope=0.0213039677 weights=0.00205818256 active=3
SOLVE n=64 V=1 dt=0.0166666675 outer=2 norm=8.04943721659e-11 target=1e-09 q=0.428369443..0.507300587 dry=0 full=0 pred=0.0119078439 worst=32 old=0.000522145773 C=0.000552248795 h=0.4292053 floor=0.30049065 slope=0.00858097805 weights=0.000381842559 active=3
SOLVE n=64 V=0.1 dt=0.0166666675 outer=0 norm=6.69921672479e-11 target=1e-09 q=0.0694444193..0.0694445452 dry=0 full=0 pred=1.89888752e-09 worst=49 old=0.00156250086 C=0.00156250086 h=0.0694444827 floor=0 slope=0.0225 weights=0.000756945143 active=4
SOLVE n=64 V=0.1 dt=0.0166666675 outer=0 norm=6.57821602102e-11 target=1e-09 q=0.0694444145..0.0694445456 dry=0 full=0 pred=1.80936473e-09 worst=49 old=0.00156250097 C=0.00156250097 h=0.0694444878 floor=0 slope=0.0225 weights=0.000756945186 active=4
SOLVE n=384 V=160 dt=0.0166666675 outer=0 norm=0.032052757687 target=1.6e-07 q=1.06750672..2.65098289 dry=12 full=0 pred=1.95442283 worst=379 old=0.496253347 C=0.496253347 h=1.06750672 floor=0 slope=0.5 weights=0.0117118387 active=3
SOLVE n=384 V=160 dt=0.0166666675 outer=1 norm=0.000212076106131 target=1.6e-07 q=1.13066312..2.63855589 dry=15 full=0 pred=1.95442283 worst=253 old=0.596757791 C=0.602837889 h=2.03192607 floor=0.75 slope=0.445121885 weights=0.0139503022 active=4
SOLVE n=384 V=160 dt=0.0166666675 outer=2 norm=2.62513498285e-07 target=1.6e-07 q=1.13066312..2.63855589 dry=15 full=0 pred=1.95442283 worst=253 old=0.596757791 C=0.603044038 h=2.03238979 floor=0.75 slope=0.443989258 weights=0.0139503022 active=4
SOLVE n=384 V=160 dt=0.0166666675 outer=3 norm=2.39796874024e-09 target=1.6e-07 q=1.13066312..2.63855589 dry=16 full=0 pred=1.95442283 worst=254 old=0.682609377 C=0.699832748 h=2.22466552 floor=0.75 slope=0.5 weights=0.0153527618 active=4
SOLVE n=64 V=1 dt=0.0166666675 outer=0 norm=0.000191566038906 target=1e-09 q=0.428369442..0.507300586 dry=0 full=0 pred=0.0107283825 worst=38 old=0.0245097717 C=0.0245097717 h=0.458659948 floor=0 slope=0.06 weights=0.00447015852 active=4
SOLVE n=64 V=1 dt=0.0166666675 outer=1 norm=7.48503399806e-07 target=1e-09 q=0.424534276..0.508392459 dry=0 full=0 pred=0.0107283825 worst=24 old=0.000552248715 C=0.000593659728 h=0.433943971 floor=0.30049065 slope=0.00889688951 weights=0.000391840632 active=3
SOLVE n=64 V=1 dt=0.0166666675 outer=2 norm=2.20047043227e-10 target=1e-09 q=0.424518262..0.508388498 dry=0 full=0 pred=0.0107283825 worst=31 old=0.000552245599 C=0.000592935973 h=0.433862955 floor=0.300491007 slope=0.00889146457 weights=0.000391839592 active=3
SOLVE n=64 V=0.1 dt=0.0166666675 outer=0 norm=7.45974184125e-11 target=1e-09 q=0.0694444211..0.0694445449 dry=0 full=0 pred=2.21603783e-09 worst=19 old=0.00156249985 C=0.00156249985 h=0.0694444378 floor=0 slope=0.0225 weights=0.00075694465 active=4
SOLVE n=64 V=0.1 dt=0.0166666675 outer=0 norm=7.27487682938e-11 target=1e-09 q=0.0694444167..0.0694445452 dry=0 full=0 pred=2.21604647e-09 worst=42 old=0.00156249938 C=0.00156249938 h=0.0694444167 floor=0 slope=0.0225 weights=0.000756944587 active=4
SOLVE n=384 V=160 dt=0.0166666675 outer=0 norm=0.0362039676498 target=1.6e-07 q=1.13066312..2.63855589 dry=12 full=0 pred=1.83231089 worst=379 old=0.527831547 C=0.527831547 h=1.13066312 floor=0 slope=0.5 weights=0.0119312697 active=3
SOLVE n=384 V=160 dt=0.0166666675 outer=1 norm=0.000302726570372 target=1.6e-07 q=1.20196337..2.62093086 dry=14 full=0 pred=1.83231089 worst=253 old=0.603044293 C=0.610329761 h=2.04710651 floor=0.75 slope=0.441068904 weights=0.0141642316 active=4
SOLVE n=384 V=160 dt=0.0166666675 outer=2 norm=5.36671288415e-07 target=1.6e-07 q=1.20196337..2.62093085 dry=15 full=0 pred=1.83231089 worst=253 old=0.603044293 C=0.61062314 h=2.04777288 floor=0.75 slope=0.439457844 weights=0.0141642316 active=4
SOLVE n=384 V=160 dt=0.0166666675 outer=3 norm=5.07425178958e-09 target=1.6e-07 q=1.20196337..2.62093085 dry=15 full=0 pred=1.83231089 worst=254 old=0.699832751 C=0.715144326 h=2.25528868 floor=0.75 slope=0.5 weights=0.0155747521 active=4
SOLVE n=64 V=1 dt=0.0166666675 outer=0 norm=0.000171327149998 target=1e-09 q=0.424518262..0.508388498 dry=0 full=0 pred=0.00951625483 worst=38 old=0.0246969805 C=0.0246969805 h=0.461780094 floor=0 slope=0.06 weights=0.00450209961 active=4
SOLVE n=64 V=1 dt=0.0166666675 outer=1 norm=1.06857113201e-06 target=1e-09 q=0.421222537..0.5084574 dry=0 full=0 pred=0.00951625483 worst=24 old=0.000592939035 C=0.000644350307 h=0.439524841 floor=0.30049065 slope=0.0092689475 weights=0.000401844865 active=3
SOLVE n=64 V=1 dt=0.0166666675 outer=2 norm=4.11813989603e-10 target=1e-09 q=0.42121062..0.508457175 dry=0 full=0 pred=0.00951625483 worst=39 old=0.000592935753 C=0.000643318112 h=0.439413793 floor=0.300491007 slope=0.00926152049 weights=0.000401843822 active=3
SOLVE n=64 V=0.1 dt=0.0166666675 outer=0 norm=8.09424014565e-11 target=1e-09 q=0.0694444237..0.0694445441 dry=0 full=0 pred=2.5919895e-09 worst=19 old=0.00156249993 C=0.00156249993 h=0.0694444411 floor=0 slope=0.0225 weights=0.000756944674 active=4
SOLVE n=64 V=0.1 dt=0.0166666675 outer=0 norm=9.39441402262e-11 target=1e-09 q=0.06944442..0.0694445443 dry=0 full=0 pred=2.59199805e-09 worst=42 old=0.00156249945 C=0.00156249945 h=0.06944442 floor=0 slope=0.0225 weights=0.000756944598 active=4
SOLVE n=384 V=160 dt=0.0166666675 outer=0 norm=0.0397469514141 target=1.6e-07 q=1.20196337..2.62093085 dry=12 full=0 pred=1.73470416 worst=379 old=0.563481672 C=0.563481672 h=1.20196337 floor=0 slope=0.5 weights=0.0121721773 active=3
SOLVE n=384 V=160 dt=0.0166666675 outer=1 norm=0.000436100838353 target=1.6e-07 q=1.28021032..2.59876785 dry=14 full=0 pred=1.73470416 worst=253 old=0.61062366 C=0.619125026 h=2.06575163 floor=0.75 slope=0.42265726 weights=0.0143741787 active=4
SOLVE n=384 V=160 dt=0.0166666675 outer=2 norm=1.19604052805e-06 target=1.6e-07 q=1.28021033..2.59876785 dry=15 full=0 pred=1.73470416 worst=253 old=0.61062366 C=0.619546039 h=2.06675057 floor=0.75 slope=0.420262483 weights=0.0143741787 active=4
SOLVE n=384 V=160 dt=0.0166666675 outer=3 norm=1.20644760519e-08 target=1.6e-07 q=1.28021033..2.59876785 dry=15 full=0 pred=1.73470416 worst=254 old=0.715144332 C=0.728193422 h=2.28138687 floor=0.75 slope=0.5 weights=0.0158580871 active=4
SOLVE n=64 V=1 dt=0.0166666675 outer=0 norm=0.000148554110124 target=1e-09 q=0.42121062..0.508457175 dry=0 full=0 pred=0.00811999193 worst=38 old=0.02486492 C=0.02486492 h=0.464579085 floor=0 slope=0.06 weights=0.00453092199 active=4
SOLVE n=64 V=1 dt=0.0166666675 outer=1 norm=1.33888246103e-06 target=1e-09 q=0.418528462..0.507472923 dry=0 full=0 pred=0.00811999193 worst=24 old=0.000643321147 C=0.000703356902 h=0.445751463 floor=0.30049065 slope=0.00968405571 weights=0.000411675755 active=3
SOLVE n=64 V=1 dt=0.0166666675 outer=2 norm=5.92724128127e-10 target=1e-09 q=0.418520519..0.507469334 dry=0 full=0 pred=0.00811999193 worst=39 old=0.0006433177 C=0.000702063434 h=0.445618192 floor=0.300491007 slope=0.00967514716 weights=0.000411674709 active=3
SOLVE n=64 V=0.1 dt=0.0166666675 outer=0 norm=9.40017799583e-11 target=1e-09 q=0.0694444272..0.0694445427 dry=0 full=0 pred=2.93127061e-09 worst=42 old=0.00156249961 C=0.00156249961 h=0.0694444272 floor=0 slope=0.0225 weights=0.000756944608 active=4
SOLVE n=64 V=0.1 dt=0.0166666675 outer=0 norm=1.12946187121e-10 target=1e-09 q=0.0694444241..0.0694445429 dry=0 full=0 pred=2.93127825e-09 worst=42 old=0.00156249954 C=0.00156249954 h=0.0694444241 floor=0 slope=0.0225 weights=0.000756944614 active=4
SOLVE n=384 V=160 dt=0.0166666675 outer=0 norm=0.0426176522271 target=1.6e-07 q=1.28021033..2.59876785 dry=12 full=0 pred=1.86132585 worst=379 old=0.602605149 C=0.602605149 h=1.28021033 floor=0 slope=0.5 weights=0.0124316726 active=3
SOLVE n=384 V=160 dt=0.0166666675 outer=1 norm=0.000631971229858 target=1.6e-07 q=1.36408328..2.57277775 dry=14 full=0 pred=1.86132585 worst=253 old=0.619547196 C=0.62914017 h=2.08847764 floor=0.75 slope=0.388806118 weights=0.0145790663 active=4
SOLVE n=384 V=160 dt=0.0166666675 outer=2 norm=2.92596321776e-06 target=1.6e-07 q=1.36408328..2.57277775 dry=15 full=0 pred=1.86132585 worst=253 old=0.619547196 C=0.629746725 h=2.09004521 floor=0.75 slope=0.385072906 weights=0.0145790663 active=4
SOLVE n=384 V=160 dt=0.0166666675 outer=3 norm=5.13969995036e-10 target=1.6e-07 q=1.36408328..2.57277775 dry=15 full=0 pred=1.86132585 worst=278 old=0.825793942 C=0.826693455 h=2.32838694 floor=0.6 slope=0.5 weights=0.0182113123 active=4
SOLVE n=64 V=1 dt=0.0166666675 outer=0 norm=0.000124254870153 target=1e-09 q=0.418520519..0.507469334 dry=0 full=0 pred=0.00746161254 worst=38 old=0.0250110578 C=0.0250110578 h=0.467014715 floor=0 slope=0.06 weights=0.00455868543 active=4
SOLVE n=64 V=1 dt=0.0166666675 outer=1 norm=1.52160953432e-06 target=1e-09 q=0.41651148..0.505415511 dry=0 full=0 pred=0.00746161254 worst=31 old=0.000702062841 C=0.000768953092 h=0.45237448 floor=0.300491007 slope=0.0101255664 weights=0.000421157868 active=3
SOLVE n=64 V=1 dt=0.0166666675 outer=2 norm=7.01806825408e-10 target=1e-09 q=0.416507..0.505400872 dry=0 full=0 pred=0.00746161254 worst=31 old=0.000702062841 C=0.000767485829 h=0.452229504 floor=0.300491007 slope=0.0101159013 weights=0.000421157868 active=3
SOLVE n=64 V=0.1 dt=0.0166666675 outer=0 norm=1.08466646452e-10 target=1e-09 q=0.0694444314..0.0694445407 dry=0 full=0 pred=3.22880381e-09 worst=42 old=0.00156249971 C=0.00156249971 h=0.0694444314 floor=0 slope=0.0225 weights=0.000756944627 active=4
SOLVE n=64 V=0.1 dt=0.0166666675 outer=0 norm=1.29385425019e-10 target=1e-09 q=0.0694444292..0.069444541 dry=0 full=0 pred=3.22881083e-09 worst=42 old=0.00156249966 C=0.00156249966 h=0.0694444292 floor=0 slope=0.0225 weights=0.000756944633 active=4
SOLVE n=384 V=160 dt=0.0166666675 outer=0 norm=0.044765315099 target=1.6e-07 q=1.36408328..2.57277775 dry=12 full=0 pred=1.97688486 worst=379 old=0.644541626 C=0.644541626 h=1.36408328 floor=0 slope=0.5 weights=0.0127072216 active=3
SOLVE n=384 V=160 dt=0.0166666675 outer=1 norm=0.000930991343306 target=1.6e-07 q=1.43966941..2.54368647 dry=14 full=0 pred=1.97688486 worst=253 old=0.629749545 C=0.640128748 h=2.11647645 floor=0.75 slope=0.336991007 weights=0.0147784472 active=4
SOLVE n=384 V=160 dt=0.0166666675 outer=2 norm=8.30926030905e-06 target=1.6e-07 q=1.43966941..2.54368647 dry=15 full=0 pred=1.97688486 worst=253 old=0.629749545 C=0.641012669 h=2.11912409 floor=0.75 slope=0.330714153 weights=0.0147784472 active=4
SOLVE n=384 V=160 dt=0.0166666675 outer=3 norm=1.71548618366e-09 target=1.6e-07 q=1.43966941..2.54368647 dry=15 full=0 pred=1.97688486 worst=278 old=0.826693456 C=0.825783399 h=2.32656682 floor=0.6 slope=0.5 weights=0.0182772669 active=4
SOLVE n=64 V=1 dt=0.0166666675 outer=0 norm=9.93364198139e-05 target=1e-09 q=0.416507..0.505400872 dry=0 full=0 pred=0.00716237196 worst=38 old=0.0251338169 C=0.0251338169 h=0.469060701 floor=0 slope=0.06 weights=0.00458284512 active=4
SOLVE n=64 V=1 dt=0.0166666675 outer=1 norm=1.60015583943e-06 target=1e-09 q=0.415212429..0.502276732 dry=0 full=0 pred=0.00716237196 worst=31 old=0.000767485128 C=0.000839173674 h=0.459157974 floor=0.300491007 slope=0.0105777994 weights=0.000430127433 active=3
SOLVE n=64 V=1 dt=0.0166666675 outer=2 norm=7.1362646651e-10 target=1e-09 q=0.415210564..0.502242984 dry=0 full=0 pred=0.00716237196 worst=39 old=0.000767485128 C=0.00083762904 h=0.459011881 floor=0.300491007 slope=0.0105680599 weights=0.000430127433 active=3
SOLVE n=64 V=0.1 dt=0.0166666675 outer=0 norm=1.20753188093e-10 target=1e-09 q=0.0694444362..0.0694445381 dry=0 full=0 pred=3.48049715e-09 worst=42 old=0.00156249981 C=0.00156249981 h=0.0694444362 floor=0 slope=0.0225 weights=0.000756944649 active=4
SOLVE n=64 V=0.1 dt=0.0166666675 outer=0 norm=1.42959518649e-10 target=1e-09 q=0.0694444349..0.0694445385 dry=0 full=0 pred=3.48050405e-09 worst=42 old=0.00156249979 C=0.00156249979 h=0.0694444349 floor=0 slope=0.0225 weights=0.000756944655 active=4
SOLVE n=384 V=140 dt=0.0166666675 outer=0 norm=0.0401937300844 target=1.4e-07 q=1.28001857..2.33441923 dry=12 full=0 pred=1.82118016 worst=379 old=0.60250927 C=0.60250927 h=1.28001857 floor=0 slope=0.5 weights=0.0113947686 active=3
SOLVE n=384 V=140 dt=0.0166666675 outer=1 norm=5.74766915198e-05 target=1.4e-07 q=1.29432539..2.33271818 dry=14 full=0 pred=1.82118016 worst=50 old=0.00609138985 C=0.00496546029 h=2.00458277 floor=1.95 slope=0.181942487 weights=0.00028530073 active=3
SOLVE n=384 V=140 dt=0.0166666675 outer=2 norm=2.17496817196e-07 target=1.4e-07 q=1.29432539..2.33270068 dry=15 full=0 pred=1.82118016 worst=13 old=0.00302527387 C=0.00228675666 h=2.28704127 floor=2.25 slope=0.123470824 weights=0.0001905014 active=3
SOLVE n=384 V=140 dt=0.0166666675 outer=3 norm=1.83253364436e-09 target=1.4e-07 q=1.29432539..2.33270068 dry=16 full=0 pred=1.82118016 worst=47 old=0.014510075 C=0.0140461878 h=2.1918026 floor=2.1 slope=0.306008582 weights=0.000370299279 active=3
SOLVE n=64 V=1 dt=0.0166666675 outer=0 norm=7.489012024e-05 target=1e-09 q=0.415210564..0.502242981 dry=0 full=0 pred=0.00668775859 worst=24 old=0.000837632218 C=0.000837632218 h=0.459011824 floor=0.30049065 slope=0.0105680799 weights=0.0004384301 active=3
SOLVE n=64 V=1 dt=0.0166666675 outer=1 norm=1.57646545365e-06 target=1e-09 q=0.414650999..0.498064886 dry=0 full=0 pred=0.00668775859 worst=31 old=0.000837628327 C=0.000911881936 h=0.465888873 floor=0.300491007 slope=0.0110265261 weights=0.000438429044 active=3
SOLVE n=64 V=1 dt=0.0166666675 outer=2 norm=6.4056180657e-10 target=1e-09 q=0.41465065..0.498003842 dry=0 full=0 pred=0.00668775859 worst=39 old=0.000837628327 C=0.000910358497 h=0.465750654 floor=0.300491007 slope=0.0110173115 weights=0.000438429044 active=3
SOLVE n=64 V=0.1 dt=0.0166666675 outer=0 norm=1.30648380243e-10 target=1e-09 q=0.0694444415..0.069444535 dry=0 full=0 pred=3.68333753e-09 worst=42 old=0.00156249993 C=0.00156249993 h=0.0694444415 floor=0 slope=0.0225 weights=0.000756944674 active=4
SOLVE n=64 V=0.1 dt=0.0166666675 outer=0 norm=1.53439766454e-10 target=1e-09 q=0.0694444413..0.0694445355 dry=0 full=0 pred=3.68334422e-09 worst=45 old=0.00156249993 C=0.00156249993 h=0.0694444413 floor=0 slope=0.0225 weights=0.00075694468 active=4
SOLVE n=384 V=140 dt=0.0166666675 outer=0 norm=0.0407040131613 target=1.4e-07 q=1.29432539..2.33270068 dry=12 full=0 pred=1.89157865 worst=379 old=0.642127267 C=0.642127267 h=1.35925456 floor=0 slope=0.5 weights=0.0117070307 active=3
SOLVE n=384 V=140 dt=0.0166666675 outer=1 norm=7.09028289596e-05 target=1.4e-07 q=1.30827982..2.33091519 dry=14 full=0 pred=1.89157865 worst=50 old=0.0049080705 C=0.00379914993 h=1.99774403 floor=1.95 slope=0.159146682 weights=0.000265969217 active=3
SOLVE n=384 V=140 dt=0.0166666675 outer=2 norm=5.40429140293e-07 target=1.4e-07 q=1.30827982..2.33089549 dry=15 full=0 pred=1.89157865 worst=13 old=0.0022865395 C=0.00155196638 h=2.28051526 floor=2.25 slope=0.101717464 weights=0.000173851567 active=3
SOLVE n=384 V=140 dt=0.0166666675 outer=3 norm=1.73539836418e-09 target=1.4e-07 q=1.30827982..2.33089549 dry=16 full=0 pred=1.89157865 worst=47 old=0.014046182 C=0.0135706991 h=2.19023538 floor=2.1 slope=0.30078452 weights=0.000364179903 active=3
PASS large pool refills through authored X action within normal solve budget
PASS refilled state remains nonnegative with coherent owner/partition/ledger
M55 lab drain cycle 1 press 1 pool 140 storage 20 wet 370/384 q 1.30827982..2.33089548 iterations 7 retries 0 residual 1.73539836418e-09 solve 0.515156 ms ledger -2.84217094304e-14 partition 0
SOLVE n=64 V=1 dt=0.0166666675 outer=0 norm=7.5322943713e-05 target=1e-09 q=0.41465065..0.498003829 dry=0 full=0 pred=0.00606927345 worst=32 old=0.000910361862 C=0.000910361862 h=0.465750601 floor=0.30049065 slope=0.0110173318 weights=0.000445923426 active=3
SOLVE n=64 V=1 dt=0.0166666675 outer=1 norm=1.46530348154e-06 target=1e-09 q=0.414824552..0.492806197 dry=0 full=0 pred=0.00606927345 worst=31 old=0.000910357856 C=0.000984869724 h=0.47238076 floor=0.300491007 slope=0.0114593186 weights=0.000445922368 active=3
SOLVE n=64 V=1 dt=0.0166666675 outer=2 norm=5.15624227412e-10 target=1e-09 q=0.414824518..0.492709862 dry=0 full=0 pred=0.00606927345 worst=31 old=0.000910357856 C=0.000983452161 h=0.472257012 floor=0.300491007 slope=0.0114510687 weights=0.000445922368 active=3
SOLVE n=64 V=0.1 dt=0.0166666675 outer=0 norm=1.37994716505e-10 target=1e-09 q=0.0694444444..0.0694445313 dry=0 full=0 pred=3.8354534e-09 worst=42 old=0.00156250007 C=0.00156250007 h=0.0694444473 floor=0 slope=0.0225 weights=0.000756944701 active=4
SOLVE n=64 V=0.1 dt=0.0166666675 outer=0 norm=1.60675159021e-10 target=1e-09 q=0.0694444481..0.069444532 dry=0 full=0 pred=3.83545999e-09 worst=45 old=0.00156250008 C=0.00156250008 h=0.0694444481 floor=0 slope=0.0225 weights=0.000756944709 active=4
SOLVE n=384 V=120 dt=0.0166666675 outer=0 norm=0.0347918208257 target=1.2e-07 q=1.15352556..2.32489467 dry=12 full=0 pred=1.67406002 worst=379 old=0.584781927 C=0.584781927 h=1.24456388 floor=0 slope=0.5 weights=0.0103690907 active=3
SOLVE n=384 V=120 dt=0.0166666675 outer=1 norm=7.94500282322e-05 target=1.2e-07 q=1.17068121..2.32315177 dry=14 full=0 pred=1.67406002 worst=50 old=0.00319573927 C=0.00226741651 h=1.9868843 floor=1.95 slope=0.122947591 weights=0.00021747812 active=3
SOLVE n=384 V=120 dt=0.0166666675 outer=2 norm=1.75017782553e-06 target=1.2e-07 q=1.17068121..2.32313101 dry=16 full=0 pred=1.67406002 worst=13 old=0.00132979446 C=0.000704792461 h=2.27056396 floor=2.25 slope=0.0685464544 weights=0.000137435176 active=3
SOLVE n=384 V=120 dt=0.0166666675 outer=3 norm=2.595731642e-09 target=1.2e-07 q=1.17068121..2.323131 dry=16 full=0 pred=1.67406002 worst=47 old=0.0116320223 C=0.0112123404 h=2.18202078 floor=2.1 slope=0.273402517 weights=0.000321639545 active=3
SOLVE n=64 V=1 dt=0.0166666675 outer=0 norm=9.18810609892e-05 target=1e-09 q=0.414824518..0.492709829 dry=0 full=0 pred=0.00534119763 worst=35 old=0.024914415 C=0.024914415 h=0.454431554 floor=0 slope=0.0275999974 weights=0.00506942363 active=4
SOLVE n=64 V=1 dt=0.0166666675 outer=1 norm=1.28846820967e-06 target=1e-09 q=0.415708561..0.486545685 dry=0 full=0 pred=0.00534119763 worst=31 old=0.000983451645 C=0.0010559341 h=0.478474203 floor=0.300491007 slope=0.0118655482 weights=0.000452483016 active=3
SOLVE n=64 V=1 dt=0.0166666675 outer=2 norm=3.73955532893e-10 target=1e-09 q=0.415707691..0.486406603 dry=0 full=0 pred=0.00534119763 worst=31 old=0.000983451645 C=0.00105468629 h=0.47836901 floor=0.300491007 slope=0.0118585353 weights=0.000452483016 active=3
SOLVE n=64 V=0.1 dt=0.0166666675 outer=0 norm=1.42693351203e-10 target=1e-09 q=0.069444447..0.0694445271 dry=0 full=0 pred=3.93614678e-09 worst=42 old=0.0015625002 C=0.0015625002 h=0.0694444535 floor=0 slope=0.0225 weights=0.00075694473 active=4
SOLVE n=64 V=0.1 dt=0.0166666675 outer=0 norm=1.64594516408e-10 target=1e-09 q=0.0694444552..0.0694445279 dry=0 full=0 pred=3.93615325e-09 worst=45 old=0.00156250024 C=0.00156250024 h=0.0694444552 floor=0 slope=0.0225 weights=0.000756944739 active=4
SOLVE n=384 V=120 dt=0.0166666675 outer=0 norm=0.0343239731913 target=1.2e-07 q=1.17068121..2.323131 dry=12 full=0 pred=1.71147856 worst=379 old=0.619141975 C=0.619141975 h=1.31328398 floor=0 slope=0.5 weights=0.0106832853 active=3
SOLVE n=384 V=120 dt=0.0166666675 outer=1 norm=0.000137595124902 target=1.2e-07 q=1.19263631..2.32129364 dry=14 full=0 pred=1.71147856 worst=13 old=0.000703045785 C=0.000218593756 h=2.26145237 floor=2.25 slope=0.0381744903 weights=0.000115729036 active=3
SOLVE n=384 V=120 dt=0.0166666675 outer=2 norm=2.15224733049e-05 target=1.2e-07 q=1.19263631..2.32126995 dry=15 full=0 pred=1.71147856 worst=13 old=0.000703045785 C=0.00010293492 h=2.25785883 floor=2.25 slope=0.0261960455 weights=0.000115729036 active=3
SOLVE n=384 V=120 dt=0.0166666675 outer=3 norm=1.11515049736e-06 target=1.2e-07 q=1.19263631..2.32126995 dry=16 full=0 pred=1.71147856 worst=13 old=0.000703045785 C=8.26222455e-05 h=2.25704086 floor=2.25 slope=0.0234694476 weights=0.000115729036 active=3
SOLVE n=384 V=120 dt=0.0166666675 outer=4 norm=3.70085123875e-09 target=1.2e-07 q=1.19263631..2.32126995 dry=16 full=0 pred=1.71147856 worst=13 old=0.000703045785 C=8.15162678e-05 h=2.25699357 floor=2.25 slope=0.0233118379 weights=0.000115729036 active=3
M55 lab drain cycle 1 press 2 pool 119.99999837 storage 40 wet 370/384 q 1.19263631..2.32126995 iterations 9 retries 0 residual 3.70085123875e-09 solve 0.577227 ms ledger 0 partition 8.52651282912e-14
SOLVE n=64 V=1 dt=0.0166666675 outer=0 norm=0.000117847946569 target=1e-09 q=0.415707691..0.486406531 dry=0 full=0 pred=0.00453836185 worst=35 old=0.0248313899 C=0.0248313899 h=0.454979869 floor=0 slope=0.0275999974 weights=0.00506127365 active=4
SOLVE n=64 V=1 dt=0.0166666675 outer=1 norm=1.2466254936e-06 target=1e-09 q=0.417258541..0.484027361 dry=0 full=0 pred=0.00453836185 worst=48 old=0.000982232111 C=0.00091349375 h=0.466034626 floor=0.30049065 slope=0.0110362668 weights=0.000462575279 active=3
SOLVE n=64 V=1 dt=0.0166666675 outer=2 norm=6.50228084951e-10 target=1e-09 q=0.417255876..0.483942845 dry=0 full=0 pred=0.00453836185 worst=56 old=0.000407512449 C=0.00037207675 h=0.479159225 floor=0.30049065 slope=0.00475615052 weights=0.000189229085 active=2
SOLVE n=64 V=0.1 dt=0.0166666675 outer=0 norm=1.44705794726e-10 target=1e-09 q=0.0694444499..0.0694445224 dry=0 full=0 pred=3.98589239e-09 worst=42 old=0.00156250035 C=0.00156250035 h=0.0694444598 floor=0 slope=0.0225 weights=0.000756944761 active=4
SOLVE n=64 V=0.1 dt=0.0166666675 outer=0 norm=1.65206598754e-10 target=1e-09 q=0.0694444625..0.0694445234 dry=0 full=0 pred=3.98589878e-09 worst=45 old=0.00156250041 C=0.00156250041 h=0.0694444625 floor=0 slope=0.0225 weights=0.000756944772 active=4
SOLVE n=384 V=99.9999983697 dt=0.0166666675 outer=0 norm=0.0279628032236 target=9.99999983697e-08 q=1.03136359..2.31506027 dry=12 full=0 pred=1.45155291 worst=379 old=0.544201389 C=0.544201389 h=1.16340281 floor=0 slope=0.5 weights=0.00919854854 active=3
SOLVE n=384 V=99.9999983697 dt=0.0166666675 outer=1 norm=0.000434602709475 target=9.99999983697e-08 q=1.03818196..2.31328278 dry=15 full=0 pred=1.45155291 worst=13 old=6.65685962e-05 C=0 h=2.23252978 floor=2.25 slope=0 weights=6.73525554e-05 active=3
SOLVE n=384 V=99.9999983697 dt=0.0166666675 outer=2 norm=0.000146950396104 target=9.99999983697e-08 q=-4.2209857..2.31325781 dry=18 full=0 pred=1.45155291 worst=31 old=0.000524401034 C=0 h=2.09625839 floor=2.1 slope=0 weights=0.000102258287 active=3
SOLVE n=384 V=99.9999983697 dt=0.0166666675 outer=3 norm=6.90344788431e-07 target=9.99999983697e-08 q=-4.22109193..2.3132578 dry=18 full=0 pred=1.45155291 worst=50 old=0.000988607417 C=0.000160715753 h=1.95981987 floor=1.95 slope=0.0327328329 weights=0.000144845511 active=3
SOLVE n=384 V=99.9999983697 dt=0.0166666675 outer=4 norm=1.23879130467e-09 target=9.99999983697e-08 q=-4.22109193..2.3132578 dry=18 full=0 pred=1.45155291 worst=74 old=0.0268170541 C=0.0267043545 h=1.92658048 floor=1.8 slope=0.421934865 weights=0.000792350042 active=4
SOLVE n=64 V=1 dt=0.0166666675 outer=0 norm=0.000140635507552 target=1e-09 q=0.417255876..0.483942826 dry=0 full=0 pred=0.00409516109 worst=35 old=0.0247251174 C=0.0247251174 h=0.455294351 floor=0 slope=0.0275999974 weights=0.00504919964 active=4
SOLVE n=64 V=1 dt=0.0166666675 outer=1 norm=1.24607193007e-06 target=1e-09 q=0.419413195..0.488911234 dry=0 full=0 pred=0.00409516109 worst=48 old=0.000912282776 C=0.000846096826 h=0.45981077 floor=0.30049065 slope=0.010621343 weights=0.000444818147 active=3
SOLVE n=64 V=1 dt=0.0166666675 outer=2 norm=1.05331312828e-09 target=1e-09 q=0.419408062..0.488847772 dry=0 full=0 pred=0.00409516109 worst=0 old=0.0003720761 C=0.000334714125 h=0.471053208 floor=0.30049065 slope=0.00446355849 weights=0.000177931966 active=2
SOLVE n=64 V=1 dt=0.0166666675 outer=3 norm=2.43724990717e-11 target=1e-09 q=0.419408062..0.488847761 dry=0 full=0 pred=0.00409516109 worst=57 old=0.00500413858 C=0.00498491139 h=0.459190953 floor=3.57627867e-08 slope=0.0228825494 weights=0.00193733003 active=3
SOLVE n=64 V=0.1 dt=0.0166666675 outer=0 norm=1.44053366108e-10 target=1e-09 q=0.0694444504..0.0694445172 dry=0 full=0 pred=3.98630496e-09 worst=18 old=0.00156250049 C=0.00156250049 h=0.0694444663 floor=0 slope=0.0225 weights=0.000756944808 active=4
SOLVE n=64 V=0.1 dt=0.0166666675 outer=0 norm=1.62598312495e-10 target=1e-09 q=0.0694444646..0.0694445184 dry=0 full=0 pred=3.98631123e-09 worst=45 old=0.00156250057 C=0.00156250057 h=0.0694444699 floor=0 slope=0.0225 weights=0.000756944833 active=4
SOLVE n=384 V=99.9999951692 dt=0.0166666675 outer=0 norm=0.0270801000486 target=9.99999951692e-08 q=1.03818196..2.3132578 dry=12 full=0 pred=1.46660795 worst=379 old=0.571876837 C=0.571876837 h=1.2187537 floor=0 slope=0.5 weights=0.00961025711 active=3
SOLVE n=384 V=99.9999951692 dt=0.0166666675 outer=1 norm=0.000644561816972 target=9.99999951692e-08 q=1.02623399..2.31137388 dry=16 full=0 pred=1.46660795 worst=50 old=0.00015682788 C=0 h=1.93491601 floor=1.95 slope=0 weights=0.000105573468 active=3
SOLVE n=384 V=99.9999951692 dt=0.0166666675 outer=2 norm=3.33879849786e-06 target=9.99999951692e-08 q=-4.17143016..2.31134495 dry=18 full=0 pred=1.46660795 worst=51 old=0.00819520187 C=0.0072709384 h=2.01604972 floor=1.95 slope=0.220165671 weights=0.000308410658 active=4
SOLVE n=384 V=99.9999951692 dt=0.0166666675 outer=3 norm=3.71598903644e-09 target=9.99999951692e-08 q=-4.17148805..2.31134495 dry=18 full=0 pred=1.46660795 worst=47 old=0.00861279984 C=0.00823005176 h=2.17027115 floor=2.1 slope=0.234237085 weights=0.000266978519 active=3
M55 lab drain cycle 1 press 3 pool 99.9999951692 storage 60 wet 370/384 q 1.02623399..2.31134495 iterations 8 retries 0 residual 3.71598903644e-09 solve 0.573525 ms ledger 0 partition 5.68434188608e-14
SOLVE n=64 V=1 dt=0.0166666675 outer=0 norm=0.00015942370096 target=1e-09 q=0.419408062..0.488847761 dry=0 full=0 pred=0.00488665049 worst=27 old=0.0245984721 C=0.0245984721 h=0.455350686 floor=0 slope=0.0275999974 weights=0.0050334612 active=4
SOLVE n=64 V=1 dt=0.0166666675 outer=1 norm=1.29378529203e-06 target=1e-09 q=0.422098334..0.493011658 dry=0 full=0 pred=0.00488665049 worst=56 old=0.000334713109 C=0.000297806734 h=0.462494735 floor=0.30049065 slope=0.00416255823 weights=0.000165673075 active=2
SOLVE n=64 V=1 dt=0.0166666675 outer=2 norm=1.5692543547e-09 target=1e-09 q=0.422090401..0.492968032 dry=0 full=0 pred=0.00488665049 worst=0 old=0.000334713109 C=0.000296556654 h=0.462194043 floor=0.30049065 slope=0.00415213092 weights=0.000165673075 active=2
SOLVE n=64 V=1 dt=0.0166666675 outer=3 norm=3.58984278596e-11 target=1e-09 q=0.422090402..0.492968028 dry=0 full=0 pred=0.00488665049 worst=1 old=0.00498491137 C=0.00496544896 h=0.458339625 floor=0 slope=0.022839983 weights=0.00192747637 active=3
SOLVE n=64 V=0.1 dt=0.0166666675 outer=0 norm=1.40815943957e-10 target=1e-09 q=0.0694444495..0.0694445115 dry=0 full=0 pred=3.94007542e-09 worst=18 old=0.00156250063 C=0.00156250063 h=0.0694444727 floor=0 slope=0.0225 weights=0.000756944869 active=4
SOLVE n=64 V=0.1 dt=0.0166666675 outer=0 norm=1.56930411596e-10 target=1e-09 q=0.0694444636..0.0694445129 dry=0 full=0 pred=3.94008148e-09 worst=45 old=0.00156250073 C=0.00156250073 h=0.0694444771 floor=0 slope=0.0225 weights=0.000756944912 active=4
SOLVE n=384 V=79.9999951692 dt=0.0166666675 outer=0 norm=0.0209062938927 target=7.99999951692e-08 q=0.835987192..2.30486859 dry=12 full=0 pred=1.18116621 worst=379 old=0.478941287 C=0.478941287 h=1.0328826 floor=0 slope=0.5 weights=0.00804443555 active=3
SOLVE n=384 V=79.9999951692 dt=0.0166666675 outer=1 norm=2.76377885232e-05 target=7.99999951692e-08 q=0.828549873..2.30307068 dry=15 full=0 pred=1.18116621 worst=32 old=0.00336886084 C=0.00278622705 h=2.14088689 floor=2.1 slope=0.13628957 weights=0.000170496429 active=3
SOLVE n=384 V=79.9999951692 dt=0.0166666675 outer=2 norm=3.11930477414e-07 target=7.99999951692e-08 q=0.828549873..2.30304022 dry=16 full=0 pred=1.18116621 worst=31 old=0.000186427465 C=0.000309828204 h=2.11363442 floor=2.1 slope=0.0454480073 weights=6.55624189e-05 active=3
SOLVE n=384 V=79.9999951692 dt=0.0166666675 outer=3 norm=3.1717029156e-09 target=7.99999951692e-08 q=0.828549873..2.30304021 dry=16 full=0 pred=1.18116621 worst=34 old=0.0072775279 C=0.00702994274 h=2.16494589 floor=2.1 slope=0.216486224 weights=0.000250864228 active=4
SOLVE n=64 V=1 dt=0.0166666675 outer=0 norm=0.000173511651558 target=1e-09 q=0.422090402..0.492968028 dry=0 full=0 pred=0.00614086148 worst=27 old=0.0244550562 C=0.0244550562 h=0.455142807 floor=0 slope=0.0275999974 weights=0.00501644525 active=4
SOLVE n=64 V=1 dt=0.0166666675 outer=1 norm=1.42934754683e-06 target=1e-09 q=0.425231106..0.496231514 dry=0 full=0 pred=0.00614086148 worst=56 old=0.000296555142 C=0.000260091255 h=0.453067437 floor=0.30049065 slope=0.00384042137 weights=0.000152730207 active=2
SOLVE n=64 V=1 dt=0.0166666675 outer=2 norm=2.17618220903e-09 target=1e-09 q=0.425220373..0.496205144 dry=0 full=0 pred=0.00614086148 worst=56 old=0.000296555142 C=0.000258712487 h=0.452707856 floor=0.30049065 slope=0.00382832976 weights=0.000152730207 active=2
SOLVE n=64 V=1 dt=0.0166666675 outer=3 norm=5.02631646123e-11 target=1e-09 q=0.425220373..0.496205143 dry=0 full=0 pred=0.00614086148 worst=57 old=0.00496544892 C=0.004945144 h=0.457449749 floor=3.57627867e-08 slope=0.0227954892 weights=0.00191708424 active=3
SOLVE n=64 V=0.1 dt=0.0166666675 outer=0 norm=1.42926442402e-10 target=1e-09 q=0.0694444488..0.0694445055 dry=0 full=0 pred=4.17722157e-09 worst=56 old=0.0015624998 C=0.0015624998 h=0.0694445055 floor=0 slope=0.0224999773 weights=0.00037847242 active=2
SOLVE n=64 V=0.1 dt=0.0166666675 outer=0 norm=1.48431698544e-10 target=1e-09 q=0.0694444624..0.0694445071 dry=0 full=0 pred=3.92604162e-09 worst=45 old=0.00156250089 C=0.00156250089 h=0.0694444841 floor=0 slope=0.0225 weights=0.000756944988 active=4
SOLVE n=384 V=79.9999951692 dt=0.0166666675 outer=0 norm=0.0200005145697 target=7.99999951692e-08 q=0.828549873..2.30304021 dry=12 full=0 pred=1.18308302 worst=379 old=0.499673311 C=0.499673311 h=1.07434665 floor=0 slope=0.5 weights=0.00836621813 active=3
SOLVE n=384 V=79.9999951692 dt=0.0166666675 outer=1 norm=3.39456154671e-05 target=7.99999951692e-08 q=0.823241697..2.30112072 dry=15 full=0 pred=1.18308302 worst=32 old=0.00275861323 C=0.00218053658 h=2.13617075 floor=2.1 slope=0.120569111 weights=0.000153609442 active=3
SOLVE n=384 V=79.9999951692 dt=0.0166666675 outer=2 norm=1.31818003275e-07 target=7.99999951692e-08 q=0.823241697..2.30108466 dry=16 full=0 pred=1.18308302 worst=32 old=0.00275861323 C=0.00214676053 h=2.13588952 floor=2.1 slope=0.119631672 weights=0.000153609442 active=3
SOLVE n=384 V=79.9999951692 dt=0.0166666675 outer=3 norm=2.61430363501e-09 target=7.99999951692e-08 q=0.823241697..2.30108465 dry=16 full=0 pred=1.18308302 worst=34 old=0.00702992905 C=0.00676985624 h=2.16373317 floor=2.1 slope=0.212443816 weights=0.000245207562 active=4
M55 lab drain cycle 1 press 4 pool 79.9999951692 storage 80 wet 370/384 q 0.823241697..2.30108465 iterations 7 retries 0 residual 2.61430363501e-09 solve 0.534934 ms ledger 0 partition 7.1054273576e-14
SOLVE n=64 V=1 dt=0.0166666675 outer=0 norm=0.000182362380646 target=1e-09 q=0.425220373..0.496205143 dry=0 full=0 pred=0.00727588466 worst=27 old=0.0242991054 C=0.0242991054 h=0.45468424 floor=0 slope=0.0275999974 weights=0.00499722887 active=4
SOLVE n=64 V=1 dt=0.0166666675 outer=1 norm=1.51255898792e-06 target=1e-09 q=0.428724068..0.498492551 dry=0 full=0 pred=0.00727588466 worst=56 old=0.000258710392 C=0.000223708983 h=0.44316943 floor=0.30049065 slope=0.00351282686 weights=0.000142665416 active=2
SOLVE n=64 V=1 dt=0.0166666675 outer=2 norm=2.80624845222e-09 target=1e-09 q=0.428710816..0.498479717 dry=0 full=0 pred=0.00727588466 worst=0 old=0.000258710392 C=0.000222253324 h=0.442754248 floor=0.30049065 slope=0.00349932345 weights=0.000142665416 active=2
SOLVE n=64 V=1 dt=0.0166666675 outer=3 norm=6.83903889873e-11 target=1e-09 q=0.428710816..0.498479717 dry=0 full=0 pred=0.00727588466 worst=1 old=0.00494514395 C=0.00492348648 h=0.456498677 floor=0 slope=0.0227479356 weights=0.0019094873 active=3
SOLVE n=64 V=0.1 dt=0.0166666675 outer=0 norm=1.48792107277e-10 target=1e-09 q=0.0694444484..0.0694444991 dry=0 full=0 pred=4.38868645e-09 worst=56 old=0.00156249965 C=0.00156249965 h=0.0694444991 floor=0 slope=0.0224999773 weights=0.000378472385 active=2
SOLVE n=64 V=0.1 dt=0.0166666675 outer=0 norm=1.4517093838e-10 target=1e-09 q=0.0694444613..0.0694445009 dry=0 full=0 pred=4.1512619e-09 worst=56 old=0.00156249812 C=0.00156249812 h=0.0694445009 floor=0 slope=0.0224999546 weights=0.000378472204 active=2
SOLVE n=384 V=59.9999951692 dt=0.0166666675 outer=0 norm=0.0144071993126 target=5.99999951692e-08 q=0.636181268..2.2942406 dry=12 full=0 pred=0.886142109 worst=379 old=0.389631956 C=0.389631956 h=0.854263938 floor=0 slope=0.5 weights=0.00653463465 active=3
SOLVE n=384 V=59.9999951692 dt=0.0166666675 outer=1 norm=3.29955503716e-05 target=5.99999951692e-08 q=0.633517554..2.29244959 dry=15 full=0 pred=0.886142109 worst=32 old=0.00160997161 C=0.00118200382 h=2.12663087 floor=2.1 slope=0.0887695075 weights=0.000111612555 active=3
SOLVE n=384 V=59.9999951692 dt=0.0166666675 outer=2 norm=2.52257473456e-07 target=5.99999951692e-08 q=0.633517553..2.29241178 dry=16 full=0 pred=0.886142109 worst=17 old=0.000813087385 C=0.000535281581 h=2.26792121 floor=2.25 slope=0.0597372906 weights=8.79471751e-05 active=3
SOLVE n=384 V=59.9999951692 dt=0.0166666675 outer=3 norm=5.02736637921e-09 target=5.99999951692e-08 q=0.633517553..2.29241176 dry=16 full=0 pred=0.886142109 worst=34 old=0.00507738116 C=0.00487056443 h=2.15405868 floor=2.1 slope=0.180195532 weights=0.000197346937 active=4
SOLVE n=64 V=1 dt=0.0166666675 outer=0 norm=0.000185663998487 target=1e-09 q=0.428710816..0.498479717 dry=0 full=0 pred=0.00820285714 worst=27 old=0.024135325 C=0.024135325 h=0.454005246 floor=0 slope=0.0275999974 weights=0.00497628283 active=4
SOLVE n=64 V=1 dt=0.0166666675 outer=1 norm=1.52366218218e-06 target=1e-09 q=0.432488768..0.499736808 dry=0 full=0 pred=0.00820285714 worst=56 old=0.000222250626 C=0.000189700867 h=0.433016261 floor=0.30049065 slope=0.00318809743 weights=0.000135351189 active=2
SOLVE n=64 V=1 dt=0.0166666675 outer=2 norm=3.31866133623e-09 target=1e-09 q=0.432473492..0.49973291 dry=0 full=0 pred=0.00820285714 worst=7 old=0.000222250094 C=0.000188238509 h=0.43255683 floor=0.300491007 slope=0.0031736657 weights=0.000135350902 active=2
SOLVE n=64 V=1 dt=0.0166666675 outer=3 norm=8.86080409655e-11 target=1e-09 q=0.432473492..0.49973291 dry=0 full=0 pred=0.00820285714 worst=6 old=0.00492348587 C=0.00490004322 h=0.455466981 floor=0 slope=0.0226963507 weights=0.00190432732 active=3
SOLVE n=64 V=0.1 dt=0.0166666675 outer=0 norm=1.53086537659e-10 target=1e-09 q=0.0694444483..0.0694444937 dry=0 full=0 pred=4.5533969e-09 worst=56 old=0.00156249951 C=0.00156249951 h=0.0694444925 floor=0 slope=0.0224999773 weights=0.000378472349 active=2
SOLVE n=64 V=0.1 dt=0.0166666675 outer=0 norm=1.49924246694e-10 target=1e-09 q=0.0694444605..0.0694444968 dry=0 full=0 pred=4.33703157e-09 worst=56 old=0.00156249797 C=0.00156249797 h=0.0694444944 floor=0 slope=0.0224999546 weights=0.000378472169 active=2
SOLVE n=384 V=59.9999951692 dt=0.0166666675 outer=0 norm=0.0137453543121 target=5.99999951692e-08 q=0.633517553..2.29241176 dry=12 full=0 pred=0.882367518 worst=379 old=0.403951185 C=0.403951185 h=0.882902396 floor=0 slope=0.5 weights=0.00675007944 active=3
SOLVE n=384 V=59.9999951692 dt=0.0166666675 outer=1 norm=4.63890992759e-05 target=5.99999951692e-08 q=0.632150617..2.29047925 dry=15 full=0 pred=0.882367518 worst=32 old=0.00114904759 C=0.000733686936 h=2.12098125 floor=2.1 slope=0.0699374453 weights=9.48750121e-05 active=3
SOLVE n=384 V=59.9999951692 dt=0.0166666675 outer=2 norm=1.12488167704e-06 target=5.99999951692e-08 q=0.632150617..2.29043304 dry=16 full=0 pred=0.882367518 worst=17 old=0.000535029695 C=0.000257341872 h=2.26242601 floor=2.25 slope=0.0414199527 weights=7.62835586e-05 active=3
SOLVE n=384 V=59.9999951692 dt=0.0166666675 outer=3 norm=4.79271926345e-09 target=5.99999951692e-08 q=0.632150617..2.29043302 dry=16 full=0 pred=0.882367518 worst=34 old=0.00487054855 C=0.00465232184 h=2.15283366 floor=2.1 slope=0.176112121 weights=0.000192179533 active=4
M55 lab drain cycle 1 press 5 pool 59.9999353326 storage 100 wet 370/384 q 0.632150617..2.29043301 iterations 6 retries 0 residual 4.79271926345e-09 solve 0.592940 ms ledger -2.84217094304e-14 partition 4.97379915032e-14
SOLVE n=64 V=1 dt=0.0166666675 outer=0 norm=0.000196689605085 target=1e-09 q=0.432473492..0.49973291 dry=0 full=0 pred=0.0088992623 worst=51 old=0.0261150948 C=0.0261150948 h=0.435253803 floor=0 slope=0.06 weights=0.00517681146 active=4
SOLVE n=64 V=1 dt=0.0166666675 outer=1 norm=1.44232425627e-06 target=1e-09 q=0.422910918..0.499927614 dry=0 full=0 pred=0.0088992623 worst=7 old=0.000188235325 C=0.000159068699 h=0.422911064 floor=0.300491007 slope=0.0028762669 weights=0.00013155132 active=2
SOLVE n=64 V=1 dt=0.0166666675 outer=2 norm=3.49591845824e-09 target=1e-09 q=0.422430512..0.499927447 dry=0 full=0 pred=0.0088992623 worst=7 old=0.000188235325 C=0.000157690412 h=0.422430656 floor=0.300491007 slope=0.00286172521 weights=0.00013155132 active=2
SOLVE n=64 V=1 dt=0.0166666675 outer=3 norm=8.47162372195e-12 target=1e-09 q=0.422429344..0.499927447 dry=0 full=0 pred=0.0088992623 worst=14 old=0.0243822487 C=0.0243201974 h=0.455501858 floor=0 slope=0.06 weights=0.00445736877 active=4
SOLVE n=64 V=0.1 dt=0.0166666675 outer=0 norm=1.55701902594e-10 target=1e-09 q=0.0694444487..0.0694444958 dry=0 full=0 pred=4.66798787e-09 worst=56 old=0.00156249935 C=0.00156249935 h=0.0694444857 floor=0 slope=0.0224999773 weights=0.000378472312 active=2
SOLVE n=64 V=0.1 dt=0.0166666675 outer=0 norm=1.5308576569e-10 target=1e-09 q=0.06944446..0.0694445023 dry=0 full=0 pred=4.4790375e-09 worst=56 old=0.00156249782 C=0.00156249782 h=0.0694444878 floor=0 slope=0.0224999546 weights=0.000378472132 active=2
SOLVE n=384 V=39.9999353326 dt=0.0166666675 outer=0 norm=0.00886217293385 target=3.99999353326e-08 q=0.446433553..2.28301341 dry=12 full=0 pred=0.584398523 worst=379 old=0.278410151 C=0.278410151 h=0.631820328 floor=0 slope=0.5 weights=0.00469810596 active=3
SOLVE n=384 V=39.9999353326 dt=0.0166666675 outer=1 norm=5.08530314993e-05 target=3.99999353326e-08 q=0.446198692..2.28128696 dry=16 full=0 pred=0.584398523 worst=17 old=0.000170812614 C=3.52645894e-05 h=2.25459989 floor=2.25 slope=0.0153328818 weights=4.53246351e-05 active=3
SOLVE n=384 V=39.9999353326 dt=0.0166666675 outer=2 norm=1.82256318985e-05 target=3.99999353326e-08 q=0.446198692..2.28123901 dry=16 full=0 pred=0.584398523 worst=17 old=0.000170812614 C=2.78639811e-06 h=2.25129302 floor=2.25 slope=0.00430998694 weights=4.53246351e-05 active=3
SOLVE n=384 V=39.9999353326 dt=0.0166666675 outer=3 norm=1.52495827488e-05 target=3.99999353326e-08 q=0.446198692..2.28123853 dry=17 full=0 pred=0.584398523 worst=17 old=0.000170812614 C=0 h=2.24710832 floor=2.25 slope=0 weights=4.53246351e-05 active=3
SOLVE n=384 V=39.9999353326 dt=0.0166666675 outer=4 norm=2.15385658652e-09 target=3.99999353326e-08 q=0.446198692..2.28120257 dry=17 full=0 pred=0.584398523 worst=16 old=0.00181647336 C=0.00162266547 h=2.28120257 floor=2.25 slope=0.104008509 weights=0.00010224029 active=3
SOLVE n=64 V=1 dt=0.0166666675 outer=0 norm=0.000204076266378 target=1e-09 q=0.422429344..0.499927447 dry=0 full=0 pred=0.00935103667 worst=51 old=0.0263079765 C=0.0263079765 h=0.438468499 floor=0 slope=0.06 weights=0.0052032559 active=4
SOLVE n=64 V=1 dt=0.0166666675 outer=1 norm=1.25357738755e-06 target=1e-09 q=0.413272855..0.499050098 dry=0 full=0 pred=0.00935103667 worst=7 old=0.000157687069 C=0.000132737582 h=0.413272987 floor=0.300491007 slope=0.0025894307 weights=0.000128368934 active=2
SOLVE n=64 V=1 dt=0.0166666675 outer=2 norm=3.11680525389e-09 target=1e-09 q=0.412810974..0.499048136 dry=0 full=0 pred=0.00935103667 worst=63 old=0.000157687069 C=0.000131544685 h=0.412811104 floor=0.300491007 slope=0.00257594391 weights=0.000128368934 active=2
SOLVE n=64 V=1 dt=0.0166666675 outer=3 norm=8.24395861973e-12 target=1e-09 q=0.412809822..0.499048136 dry=0 full=0 pred=0.00935103667 worst=14 old=0.0243201974 C=0.0242555308 h=0.454424081 floor=0 slope=0.06 weights=0.00444322486 active=4
SOLVE n=64 V=0.1 dt=0.0166666675 outer=0 norm=1.56553915905e-10 target=1e-09 q=0.0694444494..0.0694445005 dry=0 full=0 pred=4.72980107e-09 worst=56 old=0.0015624992 C=0.0015624992 h=0.0694444788 floor=0 slope=0.0224999773 weights=0.000378472274 active=2
SOLVE n=64 V=0.1 dt=0.0166666675 outer=0 norm=1.54550222935e-10 target=1e-09 q=0.0694444599..0.0694445071 dry=0 full=0 pred=4.57349072e-09 worst=63 old=0.00156249767 C=0.00156249767 h=0.069444481 floor=0 slope=0.0224999546 weights=0.000378472095 active=2
SOLVE n=384 V=39.9999057228 dt=0.0166666675 outer=0 norm=0.00853884035203 target=3.99999057228e-08 q=0.446198692..2.28120255 dry=12 full=0 pred=0.580095455 worst=379 old=0.287237924 C=0.287237924 h=0.649475874 floor=0 slope=0.5 weights=0.00483150888 active=3
SOLVE n=384 V=39.9999057228 dt=0.0166666675 outer=1 norm=0.000150617363568 target=3.99999057228e-08 q=0.446622994..2.28034195 dry=17 full=0 pred=0.580095455 worst=32 old=0.000144257223 C=0 h=2.09979493 floor=2.1 slope=0 weights=3.78473071e-05 active=3
SOLVE n=384 V=39.9999057228 dt=0.0166666675 outer=2 norm=6.40237420041e-06 target=3.99999057228e-08 q=-3.08054799..2.27983854 dry=18 full=0 pred=0.580095455 worst=14 old=0.000366310181 C=8.05138112e-05 h=2.25695044 floor=2.25 slope=0.0231680544 weights=4.91961992e-05 active=3
SOLVE n=384 V=39.9999057228 dt=0.0166666675 outer=3 norm=1.26731457751e-07 target=3.99999057228e-08 q=-3.08075198..2.27983428 dry=18 full=0 pred=0.580095455 worst=14 old=0.000366310181 C=7.4251732e-05 h=2.25667468 floor=2.25 slope=0.022248855 weights=4.91961992e-05 active=3
SOLVE n=384 V=39.9999057228 dt=0.0166666675 outer=4 norm=2.04133873162e-10 target=3.99999057228e-08 q=-3.080752..2.27983428 dry=18 full=0 pred=0.580095455 worst=38 old=0.00712182481 C=0.00686067522 h=2.16415924 floor=2.1 slope=0.213864057 weights=0.000311376148 active=4
M55 lab drain cycle 1 press 6 pool 39.9998656227 storage 120 wet 370/384 q 0.446622994..2.27983428 iterations 9 retries 0 residual 2.04133873162e-10 solve 0.702354 ms ledger -2.84217094304e-14 partition 4.97379915032e-14
SOLVE n=64 V=1 dt=0.0166666675 outer=0 norm=0.000207451526111 target=1e-09 q=0.412809822..0.499048136 dry=0 full=0 pred=0.00955297201 worst=51 old=0.0265081529 C=0.0265081529 h=0.441804772 floor=0 slope=0.06 weights=0.00523101354 active=4
SOLVE n=64 V=1 dt=0.0166666675 outer=1 norm=9.59464754622e-07 target=1e-09 q=0.404657316..0.497111196 dry=0 full=0 pred=0.00955297201 worst=63 old=0.000131541715 C=0.000111501005 h=0.404657425 floor=0.300491007 slope=0.00234176227 weights=0.000125693445 active=2
SOLVE n=64 V=1 dt=0.0166666675 outer=2 norm=2.14118533174e-09 target=1e-09 q=0.404268064..0.49710187 dry=0 full=0 pred=0.00955297201 worst=63 old=0.000131541715 C=0.000110591604 h=0.40426817 floor=0.300491007 slope=0.00233076724 weights=0.000125693445 active=2
SOLVE n=64 V=1 dt=0.0166666675 outer=3 norm=7.49673408305e-11 target=1e-09 q=0.404267192..0.49710187 dry=0 full=0 pred=0.00955297201 worst=62 old=0.0048468326 C=0.00481711487 h=0.451798337 floor=3.57627867e-08 slope=0.0225129186 weights=0.00188701465 active=3
SOLVE n=64 V=0.1 dt=0.0166666675 outer=0 norm=1.55584801414e-10 target=1e-09 q=0.0694444505..0.0694445046 dry=0 full=0 pred=4.73695772e-09 worst=56 old=0.00156249904 C=0.00156249904 h=0.0694444718 floor=0 slope=0.0224999773 weights=0.000378472243 active=2
SOLVE n=64 V=0.1 dt=0.0166666675 outer=0 norm=1.54236823561e-10 target=1e-09 q=0.0694444601..0.0694445113 dry=0 full=0 pred=4.61724014e-09 worst=56 old=0.00156249752 C=0.00156249752 h=0.0694444741 floor=0 slope=0.0224999546 weights=0.000378472058 active=2
SOLVE n=384 V=19.9998656227 dt=0.0166666675 outer=0 norm=0.00422098689054 target=1.99998656227e-08 q=0.260810886..2.27109599 dry=12 full=0 pred=0.287410259 worst=379 old=0.147872 C=0.147872 h=0.370744027 floor=0 slope=0.5 weights=0.00257096516 active=3
SOLVE n=384 V=19.9998656227 dt=0.0166666675 outer=1 norm=0.000107154447003 target=1.99998656227e-08 q=0.261278916..2.27046301 dry=17 full=0 pred=0.287410259 worst=14 old=3.63212653e-05 C=0 h=2.24544802 floor=2.25 slope=0 weights=1.75035506e-05 active=3
SOLVE n=384 V=19.9998656227 dt=0.0166666675 outer=2 norm=6.81963379324e-06 target=1.99998656227e-08 q=-3.87652452..2.2704532 dry=19 full=0 pred=0.287410259 worst=32 old=3.18956271e-05 C=0 h=2.09966727 floor=2.1 slope=0 weights=1.73196628e-05 active=3
SOLVE n=384 V=19.9998656227 dt=0.0166666675 outer=3 norm=4.53812900241e-09 target=1.99998656227e-08 q=-3.87687772..2.2704532 dry=19 full=0 pred=0.287410259 worst=51 old=0.000307952033 C=0.000117520871 h=1.9583972 floor=1.95 slope=0.0279905783 weights=4.67697878e-05 active=4
SOLVE n=64 V=1 dt=0.0166666675 outer=0 norm=0.000206905651786 target=1e-09 q=0.404267192..0.49710187 dry=0 full=0 pred=0.00950830805 worst=51 old=0.0267116982 C=0.0267116982 h=0.445197193 floor=0 slope=0.06 weights=0.00525955487 active=4
SOLVE n=64 V=1 dt=0.0166666675 outer=1 norm=5.96174449748e-07 target=1e-09 q=0.397739588..0.494139155 dry=0 full=0 pred=0.00950830805 worst=63 old=0.000110589572 C=9.59715159e-05 h=0.397739666 floor=0.300491007 slope=0.00214886973 weights=0.00012352445 active=2
SOLVE n=64 V=1 dt=0.0166666675 outer=2 norm=9.48551108145e-10 target=1e-09 q=0.397477009..0.49411713 dry=0 full=0 pred=0.00950830805 worst=63 old=0.000110589572 C=9.54082098e-05 h=0.397477085 floor=0.300491007 slope=0.00214165274 weights=0.00012352445 active=2
SOLVE n=64 V=0.1 dt=0.0166666675 outer=0 norm=1.52765787453e-10 target=1e-09 q=0.0694444514..0.069444508 dry=0 full=0 pred=4.68841844e-09 worst=56 old=0.00156249889 C=0.00156249889 h=0.0694444649 floor=0 slope=0.0224999773 weights=0.00037847223 active=2
SOLVE n=64 V=0.1 dt=0.0166666675 outer=0 norm=1.52092910484e-10 target=1e-09 q=0.0694444608..0.0694445146 dry=0 full=0 pred=4.60787754e-09 worst=63 old=0.00156249736 C=0.00156249736 h=0.0694444672 floor=0 slope=0.0224999546 weights=0.000378472042 active=2
SOLVE n=384 V=19.9998567612 dt=0.0166666675 outer=0 norm=0.00417102537564 target=1.99998567612e-08 q=0.261278916..2.2704532 dry=12 full=0 pred=0.285242258 worst=379 old=0.15208494 C=0.15208494 h=0.379169906 floor=0 slope=0.5 weights=0.00263461334 active=3
SOLVE n=384 V=19.9998567612 dt=0.0166666675 outer=1 norm=7.57624041663e-05 target=1.99998567612e-08 q=0.261995682..2.26971098 dry=16 full=0 pred=0.285242258 worst=51 old=0.000115165954 C=4.11027011e-06 h=1.95157042 floor=1.95 slope=0.00523467294 weights=3.30518598e-05 active=4
SOLVE n=384 V=19.9998567612 dt=0.0166666675 outer=2 norm=7.11784898209e-05 target=1.99998567612e-08 q=0.261995682..2.269697 dry=17 full=0 pred=0.285242258 worst=51 old=0.000115165954 C=0 h=1.93718772 floor=1.95 slope=0 weights=3.30518598e-05 active=4
SOLVE n=384 V=19.9998567612 dt=0.0166666675 outer=3 norm=8.60546037283e-08 target=1.99998567612e-08 q=-0.216952004..2.269697 dry=18 full=0 pred=0.285242258 worst=52 old=0.00178634956 C=0.00159089565 h=1.98089561 floor=1.95 slope=0.102985295 weights=0.000106409494 active=4
SOLVE n=384 V=19.9998567612 dt=0.0166666675 outer=4 norm=1.0051390332e-09 target=1.99998567612e-08 q=-0.217067791..2.269697 dry=18 full=0 pred=0.285242258 worst=75 old=0.00776188216 C=0.00754285628 h=1.86727345 floor=1.8 slope=0.224244752 weights=0.000280615228 active=4
M55 lab drain cycle 1 press 7 pool 19.9998502724 storage 140 wet 371/384 q 0.261995682..2.269697 iterations 10 retries 0 residual 1.0051390332e-09 solve 0.581622 ms ledger -2.84217094304e-14 partition 5.68434188608e-14
SOLVE n=64 V=1 dt=0.0166666675 outer=0 norm=0.000202613512222 target=1e-09 q=0.397476566..0.494117129 dry=0 full=0 pred=0.00922791703 worst=51 old=0.0269147794 C=0.0269147794 h=0.448581881 floor=0 slope=0.06 weights=0.0052925661 active=4
SOLVE n=64 V=1 dt=0.0166666675 outer=1 norm=5.16019947269e-07 target=1e-09 q=0.393215645..0.490182589 dry=0 full=0 pred=0.00922791703 worst=24 old=0.00124970604 C=0.00119943325 h=0.490182484 floor=0.30049065 slope=0.0126461243 weights=0.000522027116 active=3
SOLVE n=64 V=1 dt=0.0166666675 outer=2 norm=1.82376036543e-10 target=1e-09 q=0.39310007..0.490143019 dry=0 full=0 pred=0.00922791703 worst=63 old=9.54072613e-05 C=8.62958378e-05 h=0.393100112 floor=0.300491007 slope=0.00202248085 weights=0.000121850303 active=2
SOLVE n=64 V=0.1 dt=0.0166666675 outer=0 norm=1.48098474698e-10 target=1e-09 q=0.0694444513..0.0694445108 dry=0 full=0 pred=4.58402876e-09 worst=56 old=0.00156249873 C=0.00156249873 h=0.0694444581 floor=0 slope=0.0224999773 weights=0.00037847222 active=2
SOLVE n=64 V=0.1 dt=0.0166666675 outer=0 norm=1.48096371893e-10 target=1e-09 q=0.0694444605..0.0694445171 dry=0 full=0 pred=4.54382877e-09 worst=63 old=0.00156249721 C=0.00156249721 h=0.0694444605 floor=0 slope=0.0224999546 weights=0.000378472032 active=2
SOLVE n=384 V=5.37746280443e-14 dt=0.0166666675 outer=0 norm=5.84205570031e-12 target=1e-09 q=0..2.25000002 dry=62 full=0 pred=3.04712407e-16 worst=371 old=4.71844785e-16 C=4.71844774e-16 h=4.34033513e-08 floor=0 slope=5.60859322e-08 weights=3.89470357e-11 active=3
SOLVE n=64 V=1 dt=0.0166666675 outer=0 norm=0.000194815021728 target=1e-09 q=0.39309998..0.490143015 dry=0 full=0 pred=0.00872898796 worst=51 old=0.0271137315 C=0.0271137315 h=0.451897749 floor=0 slope=0.06 weights=0.00533024291 active=4
SOLVE n=64 V=1 dt=0.0166666675 outer=1 norm=7.78874773732e-07 target=1e-09 q=0.391590799..0.485309153 dry=0 full=0 pred=0.00872898796 worst=24 old=0.00119893285 C=0.00113859479 h=0.485309043 floor=0.30049065 slope=0.0123212281 weights=0.000507889615 active=3
SOLVE n=64 V=1 dt=0.0166666675 outer=2 norm=1.26686662273e-10 target=1e-09 q=0.391576112..0.485247915 dry=0 full=0 pred=0.00872898796 worst=32 old=0.00119893285 C=0.00113784039 h=0.485247805 floor=0.30049065 slope=0.0123171456 weights=0.000507889615 active=3
SOLVE n=64 V=0.1 dt=0.0166666675 outer=0 norm=1.41615939369e-10 target=1e-09 q=0.0694444481..0.0694445129 dry=0 full=0 pred=4.42454939e-09 worst=56 old=0.00156249858 C=0.00156249858 h=0.0694444515 floor=0 slope=0.0224999773 weights=0.00037847221 active=2
SOLVE n=64 V=0.1 dt=0.0166666675 outer=0 norm=1.4225714416e-10 target=1e-09 q=0.0694444539..0.0694445189 dry=0 full=0 pred=4.42442862e-09 worst=63 old=0.00156249706 C=0.00156249706 h=0.0694444539 floor=0 slope=0.0224999546 weights=0.000378472023 active=2
SOLVE n=384 V=5.37746280443e-14 dt=0.0166666675 outer=0 norm=5.3515282775e-12 target=1e-09 q=0..2.25 dry=58 full=0 pred=2.98513799e-14 worst=371 old=9.71445147e-16 C=9.71445165e-16 h=5.07202122e-08 floor=0 slope=8.04754687e-08 weights=3.56735526e-11 active=3
M55 lab drain cycle 1 press 8 pool 0 storage 159.999850272 wet 0/384 q 0..2.25 iterations 0 retries 0 residual 5.3515282775e-12 solve 0.277125 ms ledger -2.84217094304e-14 partition 5.37746280443e-14
SOLVE n=64 V=1 dt=0.0166666675 outer=0 norm=0.000183832054145 target=1e-09 q=0.39157611..0.485247905 dry=0 full=0 pred=0.00803209296 worst=51 old=0.0273051295 C=0.0273051295 h=0.455087714 floor=0 slope=0.06 weights=0.0053691768 active=4
SOLVE n=64 V=1 dt=0.0166666675 outer=1 norm=1.06181564427e-06 target=1e-09 q=0.392938626..0.47960393 dry=0 full=0 pred=0.00803209296 worst=24 old=0.00113784026 C=0.00106938438 h=0.479603816 floor=0.30049065 slope=0.0119408796 weights=0.000490672954 active=3
SOLVE n=64 V=1 dt=0.0166666675 outer=2 norm=2.48688611665e-10 target=1e-09 q=0.392926808..0.479517836 dry=0 full=0 pred=0.00803209296 worst=39 old=0.00113783721 C=0.00106835367 h=0.479517836 floor=0.300491007 slope=0.0119351237 weights=0.000490672089 active=3
SOLVE n=64 V=0.1 dt=0.0166666675 outer=0 norm=1.33383979138e-10 target=1e-09 q=0.0694444452..0.0694445143 dry=0 full=0 pred=4.2499782e-09 worst=56 old=0.00156249844 C=0.00156249844 h=0.0694444453 floor=0 slope=0.0224999773 weights=0.000378472202 active=2
SOLVE n=64 V=0.1 dt=0.0166666675 outer=0 norm=1.34619038417e-10 target=1e-09 q=0.0694444476..0.0694445198 dry=0 full=0 pred=4.24998037e-09 worst=63 old=0.00156249692 C=0.00156249692 h=0.0694444476 floor=0 slope=0.0224999546 weights=0.000378472015 active=2
SOLVE n=384 V=1.3624999868 dt=0.0166666675 outer=0 norm=0.0637915018168 target=1.3624999868e-09 q=0..2.8 dry=55 full=1 pred=2.57053549e-14 worst=379 old=1.36249999 C=1.36249999 h=2.8 floor=0 slope=0.5 weights=0.0231265483 active=3
SOLVE n=384 V=1.3624999868 dt=0.0166666675 outer=1 norm=0.0598045329532 target=1.3624999868e-09 q=0..2.8 dry=175 full=0 pred=2.57053549e-14 worst=379 old=1.36249999 C=1.36249999 h=2.8 floor=0 slope=0.5 weights=0.0231265483 active=3
SOLVE n=384 V=1.3624999868 dt=0.0166666675 outer=2 norm=0.00320370024574 target=1.3624999868e-09 q=0..2.68312401 dry=183 full=0 pred=2.57053549e-14 worst=355 old=0 C=0.0187821346 h=0.256156895 floor=0.15 slope=0.353856229 weights=0.00641888977 active=1
SOLVE n=384 V=1.3624999868 dt=0.0166666675 outer=3 norm=0.000131920602281 target=1.3624999868e-09 q=0..2.68287763 dry=184 full=0 pred=2.57053549e-14 worst=355 old=0 C=0.0157658808 h=0.247260133 floor=0.15 slope=0.324200358 weights=0.00641888977 active=1
SOLVE n=384 V=1.3624999868 dt=0.0166666675 outer=4 norm=2.65541383396e-07 target=1.3624999868e-09 q=0..2.68287019 dry=184 full=0 pred=2.57053549e-14 worst=355 old=0 C=0.0156367401 h=0.246860978 floor=0.15 slope=0.322869841 weights=0.00641888977 active=1
SOLVE n=384 V=1.3624999868 dt=0.0166666675 outer=5 norm=6.71757329166e-10 target=1.3624999868e-09 q=0..2.68287017 dry=184 full=0 pred=2.57053549e-14 worst=257 old=2.63811275e-22 C=6.76394656e-10 h=0.75002017 floor=0.75 slope=6.71513007e-05 weights=3.55568911e-11 active=4
PASS large pool substantially drains through authored Z action
M55 lab refill cycle 1 press 1 pool 1.3624999868 storage 158.637350286 wet 4/384 q 0..2.68287017 iterations 14 retries 0 residual 6.71757329166e-10 solve 0.524307 ms ledger -2.84217094304e-14 partition 5.39568389968e-14
SOLVE n=64 V=1 dt=0.0166666675 outer=0 norm=0.000170041545446 target=1e-09 q=0.392926807..0.479517815 dry=0 full=0 pred=0.00725880464 worst=51 old=0.0274858579 C=0.0274858579 h=0.458099854 floor=0 slope=0.06 weights=0.00540687535 active=4
SOLVE n=64 V=1 dt=0.0166666675 outer=1 norm=1.34415200189e-06 target=1e-09 q=0.396836862..0.473167654 dry=0 full=0 pred=0.00725880464 worst=24 old=0.00106835634 C=0.000993910424 h=0.473167539 floor=0.30049065 slope=0.0115117944 weights=0.000470796098 active=3
SOLVE n=64 V=1 dt=0.0166666675 outer=2 norm=4.26669514854e-10 target=1e-09 q=0.396744259..0.473054643 dry=0 full=0 pred=0.00725880464 worst=39 old=0.00106835342 C=0.000992607099 h=0.473054643 floor=0.300491007 slope=0.0115042442 weights=0.000470795256 active=3
SOLVE n=64 V=0.1 dt=0.0166666675 outer=0 norm=1.23499988945e-10 target=1e-09 q=0.0694444393..0.069444515 dry=0 full=0 pred=4.02178859e-09 worst=0 old=0.00156249831 C=0.00156249831 h=0.0694444393 floor=0 slope=0.0224999773 weights=0.000378472194 active=2
SOLVE n=64 V=0.1 dt=0.0166666675 outer=0 norm=1.25259953534e-10 target=1e-09 q=0.0694444416..0.06944452 dry=0 full=0 pred=4.02179036e-09 worst=63 old=0.00156249678 C=0.00156249678 h=0.0694444416 floor=0 slope=0.0224999546 weights=0.000378472007 active=2
SOLVE n=384 V=1.3624999868 dt=0.0166666675 outer=0 norm=0.114349970093 target=1.3624999868e-09 q=0..2.68287017 dry=47 full=0 pred=1.28249803 worst=379 old=1.30393507 C=1.30393507 h=2.68287017 floor=0 slope=0.5 weights=0.0221246815 active=3
SOLVE n=384 V=1.3624999868 dt=0.0166666675 outer=1 norm=0.0712759721721 target=1.3624999868e-09 q=2.8236252e-13..2.46809113 dry=158 full=0 pred=1.28249803 worst=377 old=0 C=0.0712759724 h=0.217551971 floor=0 slope=0.5 weights=0.000131602497 active=1
SOLVE n=384 V=1.3624999868 dt=0.0166666675 outer=2 norm=0.00937074436563 target=1.3624999868e-09 q=4.31275376e-13..2.46720383 dry=159 full=0 pred=1.28249803 worst=356 old=0 C=0.00937925655 h=0.22501705 floor=0.15 slope=0.250056748 weights=9.58711802e-05 active=1
SOLVE n=384 V=1.3624999868 dt=0.0166666675 outer=3 norm=0.00233876695562 target=1.3624999868e-09 q=5.1349398e-13..2.46720337 dry=161 full=0 pred=1.28249803 worst=354 old=0 C=0.00235086913 h=0.187556936 floor=0.15 slope=0.1251897 weights=9.58711802e-05 active=1
SOLVE n=384 V=1.3624999868 dt=0.0166666675 outer=4 norm=0.000580792217713 target=1.3624999868e-09 q=5.62436751e-13..2.46720314 dry=162 full=0 pred=1.28249803 worst=354 old=0 C=0.000594683388 h=0.168889442 floor=0.15 slope=0.0629647197 weights=9.58711802e-05 active=1
SOLVE n=384 V=1.3624999868 dt=0.0166666675 outer=5 norm=0.000141375695992 target=1.3624999868e-09 q=5.94886339e-13..2.46720302 dry=164 full=0 pred=1.28249803 worst=354 old=0 C=0.000156149512 h=0.159679371 floor=0.15 slope=0.0322644812 weights=9.58711802e-05 active=1
SOLVE n=384 V=1.3624999868 dt=0.0166666675 outer=6 norm=3.18106652956e-05 target=1.3624999868e-09 q=6.19371549e-13..2.46720297 dry=166 full=0 pred=1.28249803 worst=354 old=0 C=4.70031645e-05 h=0.155310572 floor=0.15 slope=0.01770182 weights=9.58711802e-05 active=1
SOLVE n=384 V=1.3624999868 dt=0.0166666675 outer=7 norm=5.3243757284e-06 target=1.3624999868e-09 q=6.40375317e-13..2.46720295 dry=168 full=0 pred=1.28249803 worst=354 old=0 C=2.06881655e-05 h=0.153523221 floor=0.15 slope=0.0117439816 weights=9.58711802e-05 active=1
SOLVE n=384 V=1.3624999868 dt=0.0166666675 outer=8 norm=3.37051449134e-07 target=1.3624999868e-09 q=6.60305836e-13..2.46720295 dry=168 full=0 pred=1.28249803 worst=354 old=0 C=1.57439383e-05 h=0.15307352 floor=0.15 slope=0.0102449787 weights=9.58711802e-05 active=1
SOLVE n=384 V=1.3624999868 dt=0.0166666675 outer=9 norm=1.77023582301e-09 target=1.3624999868e-09 q=6.80107481e-13..2.46720295 dry=168 full=0 pred=1.28249803 worst=356 old=0 C=1.54117807e-05 h=0.153040925 floor=0.15 slope=0.0101363309 weights=9.58711802e-05 active=1
SOLVE n=384 V=1.3624999868 dt=0.0166666675 outer=10 norm=3.86384573773e-10 target=1.3624999868e-09 q=7.00031316e-13..2.46720295 dry=169 full=0 pred=1.28249803 worst=324 old=1.12787148e-21 C=3.91506482e-10 h=0.300015352 floor=0.3 slope=5.10885775e-05 weights=5.53379881e-11 active=4
SOLVE n=384 V=1.3624999868 dt=0.00833333377 outer=0 norm=0.0432286572642 target=1.3624999868e-09 q=0..2.68287017 dry=47 full=0 pred=1.28517269 worst=379 old=1.30393507 C=1.30393507 h=2.68287017 floor=0 slope=0.5 weights=0.00553117037 active=3
SOLVE n=384 V=1.3624999868 dt=0.00833333377 outer=1 norm=0.0398495801571 target=1.3624999868e-09 q=2.05523619e-14..2.59779145 dry=158 full=0 pred=1.28517269 worst=377 old=0 C=0.0398495803 h=0.154699187 floor=0 slope=0.5 weights=3.29006241e-05 active=1
SOLVE n=384 V=1.3624999868 dt=0.00833333377 outer=2 norm=0.00937378061749 target=1.3624999868e-09 q=3.27628675e-14..2.5977332 dry=158 full=0 pred=1.28517269 worst=377 old=0 C=0.00937621942 h=0.075004904 floor=0 slope=0.250016259 weights=3.29006241e-05 active=1
SOLVE n=384 V=1.3624999868 dt=0.00833333377 outer=3 norm=0.00234221921122 target=1.3624999868e-09 q=4.08119709e-14..2.59773289 dry=158 full=0 pred=1.28517269 worst=381 old=0 C=0.00234589122 h=0.0375171523 floor=0 slope=0.125057086 weights=3.29006241e-05 active=1
SOLVE n=384 V=1.3624999868 dt=0.00833333377 outer=4 norm=0.000584330761274 target=1.3624999868e-09 q=4.67985858e-14..2.59773288 dry=158 full=0 pred=1.28517269 worst=377 old=0 C=0.000588618766 h=0.0187928778 floor=0 slope=0.0626428377 weights=3.29006241e-05 active=1
SOLVE n=384 V=1.3624999868 dt=0.00833333377 outer=5 norm=0.000144866298318 target=1.3624999868e-09 q=5.17893297e-14..2.59773287 dry=158 full=0 pred=1.28517269 worst=377 old=0 C=0.000149461018 h=0.00946980009 floor=0 slope=0.0315659118 weights=3.29006241e-05 active=1
SOLVE n=384 V=1.3624999868 dt=0.00833333377 outer=6 norm=3.50301514779e-05 target=1.3624999868e-09 q=5.63450567e-14..2.59773287 dry=159 full=0 pred=1.28517269 worst=377 old=0 C=3.97756953e-05 h=0.00488525094 floor=0 slope=0.0162840813 weights=3.29006241e-05 active=1
SOLVE n=384 V=1.3624999868 dt=0.00833333377 outer=7 norm=7.68162733248e-06 target=1.3624999868e-09 q=6.07665445e-14..2.59773287 dry=159 full=0 pred=1.28517269 worst=377 old=0 C=1.24977993e-05 h=0.00273839827 floor=0 slope=0.00912790568 weights=3.29006241e-05 active=1
SOLVE n=384 V=1.3624999868 dt=0.00833333377 outer=8 norm=1.17189317085e-06 target=1.3624999868e-09 q=6.51722107e-14..2.59773286 dry=159 full=0 pred=1.28517269 worst=377 old=0 C=6.01565152e-06 h=0.00189986628 floor=0 slope=0.00633279903 weights=3.29006241e-05 active=1
SOLVE n=384 V=1.3624999868 dt=0.00833333377 outer=9 norm=6.49378179088e-08 target=1.3624999868e-09 q=6.95776033e-14..2.59773286 dry=159 full=0 pred=1.28517269 worst=354 old=0 C=3.08246706e-06 h=0.151359982 floor=0.15 slope=0.00453318656 weights=2.3967795e-05 active=1
SOLVE n=384 V=1.3624999868 dt=0.00833333377 outer=10 norm=3.38422091114e-10 target=1.3624999868e-09 q=7.39829413e-14..2.59773286 dry=160 full=0 pred=1.28517269 worst=354 old=0 C=3.01820915e-06 h=0.151345733 floor=0.15 slope=0.00448568773 weights=2.3967795e-05 active=1
SOLVE n=384 V=1.3624999868 dt=0.00833333377 outer=0 norm=0.0553880282428 target=1.3624999868e-09 q=6.87668339e-12..2.59773286 dry=39 full=0 pred=1.86855653 worst=379 old=1.26136642 C=1.26136642 h=2.59773286 floor=0 slope=0.5 weights=0.00534911543 active=3
SOLVE n=384 V=1.3624999868 dt=0.00833333377 outer=1 norm=0.001737262337 target=1.3624999868e-09 q=4.30502736e-08..2.48853784 dry=147 full=0 pred=1.86855653 worst=355 old=0.0269915407 C=0.0432739711 h=0.311547968 floor=0.15 slope=0.5 weights=0.00156498439 active=3
SOLVE n=384 V=1.3624999868 dt=0.00833333377 outer=2 norm=6.29325122444e-06 target=1.3624999868e-09 q=4.30502688e-08..2.4885259 dry=148 full=0 pred=1.86855653 worst=376 old=1.57045668e-22 C=6.2932634e-06 h=0.00194320903 floor=0 slope=0.00647727484 weights=7.43435302e-09 active=3
SOLVE n=384 V=1.3624999868 dt=0.00833333377 outer=3 norm=1.57330647089e-06 target=1.3624999868e-09 q=4.30502681e-08..2.4885259 dry=148 full=0 pred=1.86855653 worst=376 old=1.57045668e-22 C=1.57332516e-06 h=0.000971620678 floor=0 slope=0.00323864701 weights=7.43435302e-09 active=3
SOLVE n=384 V=1.3624999868 dt=0.00833333377 outer=4 norm=3.93320124922e-07 target=1.3624999868e-09 q=4.30502681e-08..2.4885259 dry=148 full=0 pred=1.86855653 worst=376 old=1.57045668e-22 C=3.93342419e-07 h=0.0004858305 floor=0 slope=0.00161934641 weights=7.43435302e-09 active=3
SOLVE n=384 V=1.3624999868 dt=0.00833333377 outer=5 norm=9.83235349796e-08 target=1.3624999868e-09 q=4.30502678e-08..2.4885259 dry=148 full=0 pred=1.86855653 worst=376 old=1.57045668e-22 C=9.83476344e-08 h=0.000242943396 floor=0 slope=0.000809722729 weights=7.43435302e-09 active=3
SOLVE n=384 V=1.3624999868 dt=0.00833333377 outer=6 norm=2.45743784589e-08 target=1.3624999868e-09 q=4.30502676e-08..2.4885259 dry=148 full=0 pred=1.86855653 worst=376 old=1.57045668e-22 C=2.45993806e-08 h=0.000121515788 floor=0 slope=0.000404964037 weights=7.43435302e-09 active=3
SOLVE n=384 V=1.3624999868 dt=0.00833333377 outer=7 norm=6.13707381009e-09 target=1.3624999868e-09 q=4.30502675e-08..2.4885259 dry=149 full=0 pred=1.86855653 worst=376 old=1.57045668e-22 C=6.16252712e-09 h=6.08337833e-05 floor=0 slope=0.000202690686 weights=7.43435302e-09 active=3
SOLVE n=384 V=1.3624999868 dt=0.00833333377 outer=8 norm=1.52772867786e-09 target=1.3624999868e-09 q=4.30502675e-08..2.4885259 dry=149 full=0 pred=1.86855653 worst=376 old=1.57045668e-22 C=1.55340708e-09 h=3.05559773e-05 floor=0 slope=0.000101764666 weights=7.43435302e-09 active=3
SOLVE n=384 V=1.3624999868 dt=0.00833333377 outer=9 norm=3.75421145631e-10 target=1.3624999868e-09 q=4.30502675e-08..2.4885259 dry=150 full=0 pred=1.86855653 worst=376 old=1.57045668e-22 C=4.0121117e-10 h=1.55419474e-05 floor=0 slope=5.17178996e-05 weights=7.43435302e-09 active=3
SOLVE n=64 V=1 dt=0.0166666675 outer=0 norm=0.000153878579129 target=1e-09 q=0.396744204..0.473054606 dry=0 full=0 pred=0.00683774011 worst=51 old=0.0276531699 C=0.0276531699 h=0.460888388 floor=0 slope=0.06 weights=0.00544175123 active=4
SOLVE n=64 V=1 dt=0.0166666675 outer=1 norm=1.60532081951e-06 target=1e-09 q=0.402570216..0.466114892 dry=0 full=0 pred=0.00683774011 worst=39 old=0.000992606672 C=0.000914375852 h=0.466114892 floor=0.300491007 slope=0.0110415941 weights=0.000448733262 active=3
SOLVE n=64 V=1 dt=0.0166666675 outer=2 norm=6.59772174834e-10 target=1e-09 q=0.402374917..0.466015881 dry=0 full=0 pred=0.00683774011 worst=39 old=0.000992606672 C=0.000912823091 h=0.465974204 floor=0.300491007 slope=0.0110322149 weights=0.000448733262 active=3
SOLVE n=64 V=0.1 dt=0.0166666675 outer=0 norm=1.12092865181e-10 target=1e-09 q=0.0694444338..0.0694445151 dry=0 full=0 pred=3.74218247e-09 worst=0 old=0.00156249819 C=0.00156249819 h=0.0694444338 floor=0 slope=0.0224999773 weights=0.000378472186 active=2
SOLVE n=64 V=0.1 dt=0.0166666675 outer=0 norm=1.14291402775e-10 target=1e-09 q=0.069444436..0.0694445195 dry=0 full=0 pred=3.74218379e-09 worst=63 old=0.00156249666 C=0.00156249666 h=0.069444436 floor=0 slope=0.0224999546 weights=0.000378472001 active=2
SOLVE n=384 V=2.72499997361 dt=0.0166666675 outer=0 norm=0.155130150517 target=2.72499997361e-09 q=4.30502674e-08..2.8 dry=39 full=1 pred=2.39205777 worst=379 old=1.20676294 C=1.20676294 h=2.4885259 floor=0 slope=0.5 weights=0.0204623629 active=3
SOLVE n=384 V=2.72499997361 dt=0.0166666675 outer=1 norm=0.135738881702 target=2.72499997361e-09 q=6.1444357e-08..2.79999985 dry=119 full=0 pred=2.39205777 worst=379 old=1.20676294 C=1.18837834 h=2.45175671 floor=0 slope=0.5 weights=0.0204623629 active=3
SOLVE n=384 V=2.72499997361 dt=0.0166666675 outer=2 norm=0.00320370024613 target=2.72499997361e-09 q=6.14443564e-08..2.68312401 dry=125 full=0 pred=2.39205777 worst=337 old=1.36324295e-31 C=0.0187821346 h=0.256156895 floor=0.15 slope=0.353856229 weights=0.00641888977 active=4
SOLVE n=384 V=2.72499997361 dt=0.0166666675 outer=3 norm=0.000131920602526 target=2.72499997361e-09 q=6.14443561e-08..2.68287763 dry=132 full=0 pred=2.39205777 worst=337 old=1.36324295e-31 C=0.0157658808 h=0.247260133 floor=0.15 slope=0.324200358 weights=0.00641888977 active=4
SOLVE n=384 V=2.72499997361 dt=0.0166666675 outer=4 norm=2.51045724917e-06 target=2.72499997361e-09 q=6.1444356e-08..2.68287019 dry=134 full=0 pred=2.39205777 worst=331 old=0 C=4.16920442e-06 h=0.301581646 floor=0.3 slope=0.00527206754 weights=1.95814915e-05 active=4
SOLVE n=384 V=2.72499997361 dt=0.0166666675 outer=5 norm=3.75121795155e-07 target=2.72499997361e-09 q=6.14443559e-08..2.68287017 dry=135 full=0 pred=2.39205777 worst=331 old=0 C=2.04315839e-06 h=0.301107227 floor=0.3 slope=0.00369067148 weights=1.95814915e-05 active=4
SOLVE n=384 V=2.72499997361 dt=0.0166666675 outer=6 norm=1.70366232445e-08 target=2.72499997361e-09 q=6.14443559e-08..2.68287017 dry=136 full=0 pred=2.39205777 worst=331 old=0 C=1.68705292e-06 h=0.301006123 floor=0.3 slope=0.00335365762 weights=1.95814915e-05 active=4
SOLVE n=384 V=2.72499997361 dt=0.0166666675 outer=7 norm=2.28746603672e-10 target=2.72499997361e-09 q=6.14443559e-08..2.68287017 dry=137 full=0 pred=2.39205777 worst=310 old=1.73791758e-22 C=2.33661439e-10 h=0.450011866 floor=0.45 slope=3.94681151e-05 weights=4.19222777e-11 active=3
M55 lab refill cycle 1 press 2 pool 2.72499997361 storage 157.274850299 wet 17/384 q 5.29134995e-08..2.68287017 iterations 23 retries 0 residual 2.28746603672e-10 solve 0.611607 ms ledger -2.84217094304e-14 partition 5.41788836017e-14
SOLVE n=64 V=1 dt=0.0166666675 outer=0 norm=0.000135814609499 target=1e-09 q=0.402374682..0.466015882 dry=0 full=0 pred=0.00634457092 worst=51 old=0.0278047394 C=0.0278047394 h=0.463414547 floor=0 slope=0.06 weights=0.00547333707 active=4
SOLVE n=64 V=1 dt=0.0166666675 outer=1 norm=1.8262320352e-06 target=1e-09 q=0.409412229..0.46863403 dry=0 full=0 pred=0.00634457092 worst=39 old=0.000912822432 C=0.000832990208 h=0.458572323 floor=0.300491007 slope=0.010538756 weights=0.000424999818 active=3
SOLVE n=64 V=1 dt=0.0166666675 outer=2 norm=1.04985643088e-09 target=1e-09 q=0.409142314..0.46862725 dry=0 full=0 pred=0.00634457092 worst=7 old=0.000106228795 C=0.000122289515 h=0.409142314 floor=0.300491007 slope=0.00246965857 weights=0.00012013557 active=2
SOLVE n=64 V=1 dt=0.0166666675 outer=3 norm=3.20954305444e-11 target=1e-09 q=0.409141909..0.46862725 dry=0 full=0 pred=0.00634457092 worst=62 old=0.00463899499 C=0.00462014021 h=0.442962229 floor=3.57627867e-08 slope=0.0220711131 weights=0.00185314624 active=3
SOLVE n=64 V=0.1 dt=0.0166666675 outer=0 norm=9.93209227879e-11 target=1e-09 q=0.0694444289..0.0694445145 dry=0 full=0 pred=3.41449373e-09 worst=0 old=0.00156249807 C=0.00156249807 h=0.0694444289 floor=0 slope=0.0224999773 weights=0.000378472179 active=2
SOLVE n=64 V=0.1 dt=0.0166666675 outer=0 norm=1.01857573315e-10 target=1e-09 q=0.0694444309..0.0694445184 dry=0 full=0 pred=3.41449464e-09 worst=63 old=0.00156249655 C=0.00156249655 h=0.0694444309 floor=0 slope=0.0224999546 weights=0.000378471995 active=2
SOLVE n=384 V=2.72499997361 dt=0.0166666675 outer=0 norm=0.180078453645 target=2.72499997361e-09 q=5.29134995e-08..2.68287017 dry=41 full=0 pred=3.22107578 worst=379 old=1.05968607 C=1.05968607 h=2.19437217 floor=0 slope=0.5 weights=0.0179463268 active=3
SOLVE n=384 V=2.72499997361 dt=0.0166666675 outer=1 norm=0.0711797463218 target=2.72499997361e-09 q=6.14443586e-08..2.46809112 dry=99 full=0 pred=3.22107578 worst=363 old=2.06909394e-15 C=0.0711797718 h=0.21735957 floor=0 slope=0.5 weights=0.000131602519 active=3
SOLVE n=384 V=2.72499997361 dt=0.0166666675 outer=2 norm=0.00937074436548 target=2.72499997361e-09 q=6.14443572e-08..2.46720431 dry=101 full=0 pred=3.22107578 worst=336 old=2.12298218e-20 C=0.00937925655 h=0.22501705 floor=0.15 slope=0.250056748 weights=9.58711808e-05 active=3
SOLVE n=384 V=2.72499997361 dt=0.0166666675 outer=3 norm=0.00233876695541 target=2.72499997361e-09 q=6.14443566e-08..2.467204 dry=103 full=0 pred=3.22107578 worst=336 old=2.12298218e-20 C=0.00235086913 h=0.187556936 floor=0.15 slope=0.1251897 weights=9.58711808e-05 active=3
SOLVE n=384 V=2.72499997361 dt=0.0166666675 outer=4 norm=0.000580792217451 target=2.72499997361e-09 q=6.14443562e-08..2.46720384 dry=104 full=0 pred=3.22107578 worst=336 old=2.12298218e-20 C=0.000594683388 h=0.168889442 floor=0.15 slope=0.0629647197 weights=9.58711808e-05 active=3
SOLVE n=384 V=2.72499997361 dt=0.0166666675 outer=5 norm=0.000141375695713 target=2.72499997361e-09 q=6.14443561e-08..2.46720376 dry=104 full=0 pred=3.22107578 worst=336 old=2.12298218e-20 C=0.000156149513 h=0.159679371 floor=0.15 slope=0.0322644813 weights=9.58711808e-05 active=3
SOLVE n=384 V=2.72499997361 dt=0.0166666675 outer=6 norm=3.18106650384e-05 target=2.72499997361e-09 q=6.1444356e-08..2.46720373 dry=106 full=0 pred=3.22107578 worst=336 old=2.12298218e-20 C=4.70031652e-05 h=0.155310572 floor=0.15 slope=0.0177018201 weights=9.58711808e-05 active=3
SOLVE n=384 V=2.72499997361 dt=0.0166666675 outer=7 norm=5.3243755608e-06 target=2.72499997361e-09 q=6.1444356e-08..2.46720371 dry=107 full=0 pred=3.22107578 worst=336 old=2.12298218e-20 C=2.06881663e-05 h=0.153523221 floor=0.15 slope=0.0117439818 weights=9.58711808e-05 active=3
SOLVE n=384 V=2.72499997361 dt=0.0166666675 outer=8 norm=3.37051416113e-07 target=2.72499997361e-09 q=6.1444356e-08..2.46720371 dry=108 full=0 pred=3.22107578 worst=336 old=2.12298218e-20 C=1.57439392e-05 h=0.15307352 floor=0.15 slope=0.010244979 weights=9.58711808e-05 active=3
SOLVE n=384 V=2.72499997361 dt=0.0166666675 outer=9 norm=1.77054125842e-09 target=2.72499997361e-09 q=6.1444356e-08..2.46720371 dry=108 full=0 pred=3.22107578 worst=336 old=2.12298218e-20 C=1.5411782e-05 h=0.153040926 floor=0.15 slope=0.0101363314 weights=9.58711808e-05 active=3
SOLVE n=64 V=1 dt=0.0166666675 outer=0 norm=0.000123827744217 target=1e-09 q=0.409141909..0.46862725 dry=0 full=0 pred=0.0060411211 worst=30 old=0.0242021408 C=0.0242021408 h=0.453532766 floor=0 slope=0.06 weights=0.00440886181 active=4
SOLVE n=64 V=1 dt=0.0166666675 outer=1 norm=1.99039108732e-06 target=1e-09 q=0.41678128..0.470870288 dry=0 full=0 pred=0.0060411211 worst=39 old=0.000831223237 C=0.000751863529 h=0.450677233 floor=0.300491007 slope=0.0100124166 weights=0.00040013053 active=3
SOLVE n=64 V=1 dt=0.0166666675 outer=2 norm=1.34811793785e-09 target=1e-09 q=0.41647964..0.470865335 dry=0 full=0 pred=0.0060411211 worst=7 old=0.000122288514 C=0.000141191862 h=0.416479642 floor=0.300491007 slope=0.00268371737 weights=0.000120936423 active=2
SOLVE n=64 V=1 dt=0.0166666675 outer=3 norm=3.78402770306e-11 target=1e-09 q=0.416479159..0.470865335 dry=0 full=0 pred=0.0060411211 worst=62 old=0.00462014018 C=0.00460729141 h=0.44237969 floor=3.57627867e-08 slope=0.0220419862 weights=0.00185039621 active=3
SOLVE n=64 V=0.1 dt=0.0166666675 outer=0 norm=8.53698794953e-11 target=1e-09 q=0.0694444244..0.0694445134 dry=0 full=0 pred=3.04303151e-09 worst=0 old=0.00156249797 C=0.00156249797 h=0.0694444244 floor=0 slope=0.0224999773 weights=0.000378472173 active=2
SOLVE n=64 V=0.1 dt=0.0166666675 outer=0 norm=8.98251672496e-11 target=1e-09 q=0.0694444264..0.0694445167 dry=0 full=0 pred=3.04303196e-09 worst=35 old=0.00156250076 C=0.00156250076 h=0.069444478 floor=0 slope=0.0225 weights=0.000756945027 active=4
SOLVE n=384 V=22.649999767 dt=0.0166666675 outer=0 norm=0.192340955304 target=2.2649999767e-08 q=5.84500371e-08..2.8 dry=44 full=16 pred=3.76248107 worst=379 old=0.887848262 C=0.887848262 h=1.85069655 floor=0 slope=0.5 weights=0.0150067064 active=3
SOLVE n=384 V=22.649999767 dt=0.0166666675 outer=1 norm=0.168298335893 target=2.2649999767e-08 q=6.14443563e-08..2.80915001 dry=86 full=15 pred=3.76248107 worst=379 old=0.887848262 C=0.864730028 h=1.80446008 floor=0 slope=0.5 weights=0.0150067064 active=3
SOLVE n=384 V=22.649999767 dt=0.0166666675 outer=2 norm=0.147261043919 target=2.2649999767e-08 q=6.14443563e-08..3.21964286 dry=87 full=5 pred=3.76248107 worst=379 old=0.887848262 C=0.844501563 h=1.76400315 floor=0 slope=0.5 weights=0.0150067064 active=3
SOLVE n=384 V=22.649999767 dt=0.0166666675 outer=3 norm=0.0151858476733 target=2.2649999767e-08 q=6.14443562e-08..6.16352402 dry=87 full=8 pred=3.76248107 worst=363 old=1.36249999 C=1.36249999 h=2.8303717 floor=0 slope=0.5 weights=0.0231265483 active=3
SOLVE n=384 V=22.649999767 dt=0.0166666675 outer=4 norm=0.00333997275027 target=2.2649999767e-08 q=6.14443562e-08..6.29571735 dry=88 full=9 pred=3.76248107 worst=313 old=1.21249999 C=1.21249999 h=2.80667995 floor=0.3 slope=0.5 weights=0.0266160627 active=4
SOLVE n=384 V=22.649999767 dt=0.0166666675 outer=5 norm=9.10718212691e-06 target=2.2649999767e-08 q=6.14443562e-08..6.31901445 dry=91 full=9 pred=3.76248107 worst=216 old=6.62176762e-16 C=0.00824696921 h=0.970343336 floor=0.9 slope=0.234477707 weights=0.00460222284 active=3
SOLVE n=384 V=22.649999767 dt=0.0166666675 outer=6 norm=2.33980929423e-09 target=2.2649999767e-08 q=6.14443562e-08..6.31901378 dry=93 full=9 pred=3.76248107 worst=216 old=6.62176762e-16 C=0.0082380378 h=0.970305235 floor=0.9 slope=0.234350703 weights=0.00460222284 active=3
M55 lab refill cycle 1 press 3 pool 22.649999767 storage 137.349850505 wet 41/384 q 5.99183994e-08..2.8 iterations 60 retries 0 residual 2.33980929423e-09 solve 0.731243 ms ledger -5.68434188608e-14 partition 6.39488462184e-14
SOLVE n=64 V=1 dt=0.0166666675 outer=0 norm=0.000125351850283 target=1e-09 q=0.41647916..0.470865335 dry=0 full=0 pred=0.00595139297 worst=30 old=0.0240791812 C=0.0240791812 h=0.451483439 floor=0 slope=0.06 weights=0.00437766954 active=4
SOLVE n=64 V=1 dt=0.0166666675 outer=1 norm=2.08415462884e-06 target=1e-09 q=0.424262083..0.472711193 dry=0 full=0 pred=0.00595139297 worst=39 old=0.000749937804 C=0.000672952706 h=0.442577523 floor=0.300491007 slope=0.00947243589 weights=0.000376481999 active=3
SOLVE n=64 V=1 dt=0.0166666675 outer=2 norm=1.50951906973e-09 target=1e-09 q=0.423964078..0.472707852 dry=0 full=0 pred=0.00595139297 worst=39 old=0.000749937804 C=0.000670938061 h=0.442364679 floor=0.300491007 slope=0.00945824625 weights=0.000376481999 active=3
SOLVE n=64 V=1 dt=0.0166666675 outer=3 norm=4.26812131721e-11 target=1e-09 q=0.423963631..0.472707852 dry=0 full=0 pred=0.00595139297 worst=30 old=0.0240791812 C=0.0239548604 h=0.449411426 floor=0 slope=0.06 weights=0.00437766954 active=4
SOLVE n=64 V=0.1 dt=0.0166666675 outer=0 norm=7.63459773737e-11 target=1e-09 q=0.0694444206..0.0694445117 dry=0 full=0 pred=2.68354033e-09 worst=36 old=0.00156250066 C=0.00156250066 h=0.069444474 floor=0 slope=0.0225 weights=0.000756944922 active=4
SOLVE n=64 V=0.1 dt=0.0166666675 outer=0 norm=9.55910256029e-11 target=1e-09 q=0.0694444225..0.0694445145 dry=0 full=0 pred=2.68354924e-09 worst=35 old=0.00156250085 C=0.00156250085 h=0.069444482 floor=0 slope=0.0225 weights=0.000756945054 active=4
SOLVE n=384 V=22.649999767 dt=0.0166666675 outer=0 norm=0.195086121669 target=2.2649999767e-08 q=5.99183994e-08..2.8 dry=46 full=8 pred=4.04813848 worst=379 old=0.702902178 C=0.702902178 h=1.48080438 floor=0 slope=0.5 weights=0.0118428436 active=3
SOLVE n=384 V=22.649999767 dt=0.0166666675 outer=1 norm=0.0945776721448 target=2.2649999767e-08 q=6.14443579e-08..2.79999935 dry=80 full=0 pred=4.04813848 worst=317 old=2.30609241e-24 C=0.0945776724 h=0.56415537 floor=0.3 slope=0.5 weights=0.000190983613 active=3
SOLVE n=384 V=22.649999767 dt=0.0166666675 outer=2 norm=0.00937257735396 target=2.2649999767e-08 q=6.1444357e-08..2.79999935 dry=80 full=0 pred=4.04813848 worst=242 old=2.83667625e-19 C=0.00937742291 h=0.825009716 floor=0.75 slope=0.250032304 weights=7.15220019e-05 active=3
SOLVE n=384 V=22.649999767 dt=0.0166666675 outer=3 norm=0.00234060100369 target=2.2649999767e-08 q=6.14443566e-08..2.79999935 dry=81 full=0 pred=4.04813848 worst=242 old=2.83667625e-19 C=0.00234811346 h=0.787534916 floor=0.75 slope=0.125116305 weights=7.15220019e-05 active=3
SOLVE n=384 V=22.649999767 dt=0.0166666675 outer=4 norm=0.000582611965653 target=2.2649999767e-08 q=6.14443564e-08..2.79999935 dry=82 full=0 pred=4.04813848 worst=242 old=2.83667625e-19 C=0.000591461443 h=0.7688382 floor=0.75 slope=0.0627939193 weights=7.15220019e-05 active=3
SOLVE n=384 V=22.649999767 dt=0.0166666675 outer=5 norm=0.000143147498137 target=2.2649999767e-08 q=6.14443563e-08..2.79999935 dry=82 full=0 pred=4.04813848 worst=242 old=2.83667625e-19 C=0.000152659715 h=0.759570596 floor=0.75 slope=0.0319019033 weights=7.15220019e-05 active=3
SOLVE n=384 V=22.649999767 dt=0.0166666675 outer=6 norm=3.34070584466e-05 target=2.2649999767e-08 q=6.14443563e-08..2.79999935 dry=84 full=0 pred=4.04813848 worst=242 old=2.83667625e-19 C=4.32394372e-05 h=0.755093517 floor=0.75 slope=0.0169783072 weights=7.15220019e-05 active=3
SOLVE n=384 V=22.649999767 dt=0.0166666675 outer=7 norm=6.39861095643e-06 target=2.2649999767e-08 q=6.14443563e-08..2.79999935 dry=84 full=0 pred=4.04813848 worst=242 old=2.83667625e-19 C=1.63711076e-05 h=0.753134138 floor=0.75 slope=0.0104470435 weights=7.15220019e-05 active=3
SOLVE n=384 V=22.649999767 dt=0.0166666675 outer=8 norm=7.28607147836e-07 target=2.2649999767e-08 q=6.14443563e-08..2.79999935 dry=84 full=0 pred=4.04813848 worst=217 old=2.95505928e-19 C=6.68066873e-06 h=0.902002124 floor=0.9 slope=0.00667366403 weights=5.05094624e-05 active=3
SOLVE n=384 V=22.649999767 dt=0.0166666675 outer=9 norm=1.9568377673e-08 target=2.2649999767e-08 q=6.14443563e-08..2.79999935 dry=84 full=0 pred=4.04813848 worst=217 old=2.95505928e-19 C=5.9771023e-06 h=0.901893767 floor=0.9 slope=0.00631247565 weights=5.05094624e-05 active=3
SOLVE n=384 V=22.649999767 dt=0.00833333377 outer=0 norm=0.0950078511564 target=2.2649999767e-08 q=5.99183994e-08..2.8 dry=46 full=8 pred=4.0565809 worst=379 old=0.702902178 C=0.702902178 h=1.48080438 floor=0 slope=0.5 weights=0.0029607109 active=3
SOLVE n=384 V=22.649999767 dt=0.00833333377 outer=1 norm=0.0558554992641 target=2.2649999767e-08 q=6.14443563e-08..2.79999999 dry=75 full=0 pred=4.0565809 worst=317 old=2.30609241e-24 C=0.0558554995 h=0.486711025 floor=0.3 slope=0.5 weights=4.77459032e-05 active=3
SOLVE n=384 V=22.649999767 dt=0.00833333377 outer=2 norm=0.0093736882256 target=2.2649999767e-08 q=6.14443562e-08..2.79999999 dry=78 full=0 pred=4.0565809 worst=366 old=2.52050249e-15 C=0.00937631182 h=0.0750052736 floor=0 slope=0.250017491 weights=3.40224176e-05 active=3
SOLVE n=384 V=22.649999767 dt=0.00833333377 outer=3 norm=0.00234212890601 target=2.2649999767e-08 q=6.14443562e-08..2.79999999 dry=79 full=0 pred=4.0565809 worst=366 old=2.52050249e-15 C=0.00234602782 h=0.0375182446 floor=0 slope=0.125060727 weights=3.40224176e-05 active=3
SOLVE n=384 V=22.649999767 dt=0.00833333377 outer=4 norm=0.000584241214795 target=2.2649999767e-08 q=6.14443562e-08..2.79999999 dry=80 full=0 pred=4.0565809 worst=366 old=2.52050249e-15 C=0.000588777078 h=0.0187954049 floor=0 slope=0.0626512612 weights=3.40224176e-05 active=3
SOLVE n=384 V=22.649999767 dt=0.00833333377 outer=5 norm=0.000144777800176 target=2.2649999767e-08 q=6.14443562e-08..2.79999999 dry=80 full=0 pred=4.0565809 worst=366 old=2.52050249e-15 C=0.000149630739 h=0.00947517529 floor=0 slope=0.0315838291 weights=3.40224176e-05 active=3
SOLVE n=384 V=22.649999767 dt=0.00833333377 outer=6 norm=3.49452418766e-05 target=2.2649999767e-08 q=6.14443562e-08..2.79999999 dry=80 full=0 pred=4.0565809 worst=366 old=2.52050249e-15 C=3.99539583e-05 h=0.00489618578 floor=0 slope=0.0163205307 weights=3.40224176e-05 active=3
SOLVE n=384 V=22.649999767 dt=0.00833333377 outer=7 norm=7.62481094784e-06 target=2.2649999767e-08 q=6.14443562e-08..2.79999999 dry=80 full=0 pred=4.0565809 worst=342 old=1.00613965e-16 C=1.18367459e-05 h=0.152664993 floor=0.15 slope=0.00888322237 weights=3.00596893e-05 active=4
SOLVE n=384 V=22.649999767 dt=0.00833333377 outer=8 norm=1.21964034393e-06 target=2.2649999767e-08 q=6.14443562e-08..2.79999999 dry=80 full=0 pred=4.0565809 worst=342 old=1.00613965e-16 C=5.45728807e-06 h=0.151809549 floor=0.15 slope=0.00603174274 weights=3.00596893e-05 active=4
SOLVE n=384 V=22.649999767 dt=0.00833333377 outer=9 norm=6.74697796771e-08 target=2.2649999767e-08 q=6.14443562e-08..2.79999999 dry=80 full=0 pred=4.0565809 worst=342 old=1.00613965e-16 C=4.31116516e-06 h=0.151608348 floor=0.15 slope=0.00536107276 weights=3.00596893e-05 active=4
SOLVE n=384 V=22.649999767 dt=0.00833333377 outer=10 norm=6.2559306176e-10 target=2.2649999767e-08 q=6.14443562e-08..2.79999999 dry=81 full=0 pred=4.0565809 worst=217 old=2.95505928e-19 C=1.15996336e-06 h=0.900834277 floor=0.9 slope=0.00278084323 weights=1.26273656e-05 active=3
SOLVE n=384 V=22.649999767 dt=0.00833333377 outer=0 norm=0.0957846496192 target=2.2649999767e-08 q=6.11445724e-08..2.8 dry=46 full=3 pred=4.13467411 worst=379 old=0.608636303 C=0.608636303 h=1.29227263 floor=0 slope=0.5 weights=0.00255756057 active=3
SOLVE n=384 V=22.649999767 dt=0.00833333377 outer=1 norm=0.00182617840185 target=2.2649999767e-08 q=6.11445744e-08..2.79999998 dry=77 full=0 pred=4.13467411 worst=265 old=0.0236055154 C=0.0385915392 h=0.752183103 floor=0.6 slope=0.5 weights=0.00176737751 active=4
SOLVE n=384 V=22.649999767 dt=0.00833333377 outer=2 norm=2.05240840139e-05 target=2.2649999767e-08 q=6.11445737e-08..2.79999998 dry=78 full=0 pred=4.13467411 worst=290 old=0.0223137373 C=0.0347877601 h=0.594473746 floor=0.45 slope=0.481579071 weights=0.00150750662 active=4
SOLVE n=384 V=22.649999767 dt=0.00833333377 outer=3 norm=3.22584283262e-06 target=2.2649999767e-08 q=6.11445736e-08..2.79999998 dry=79 full=0 pred=4.13467411 worst=318 old=8.85353127e-25 C=3.22588664e-06 h=0.30139126 floor=0.3 slope=0.0046374466 weights=1.32177629e-08 active=3
SOLVE n=384 V=22.649999767 dt=0.00833333377 outer=4 norm=8.06445158011e-07 target=2.2649999767e-08 q=6.11445736e-08..2.79999998 dry=79 full=0 pred=4.13467411 worst=318 old=8.85353127e-25 C=8.0649813e-07 h=0.300695654 floor=0.3 slope=0.00231876135 weights=1.32177629e-08 active=3
SOLVE n=384 V=22.649999767 dt=0.00833333377 outer=5 norm=2.01595748555e-07 target=2.2649999767e-08 q=6.11445736e-08..2.79999998 dry=79 full=0 pred=4.13467411 worst=318 old=8.85353127e-25 C=2.01653317e-07 h=0.300347865 floor=0.3 slope=0.00115946343 weights=1.32177629e-08 active=3
SOLVE n=384 V=22.649999767 dt=0.00833333377 outer=6 norm=5.03833995049e-08 target=2.2649999767e-08 q=6.11445736e-08..2.79999998 dry=79 full=0 pred=4.13467411 worst=318 old=8.85353127e-25 C=5.04432664e-08 h=0.300173997 floor=0.3 slope=0.000579903822 weights=1.32177629e-08 active=3
SOLVE n=384 V=22.649999767 dt=0.00833333377 outer=7 norm=1.25803258928e-08 target=2.2649999767e-08 q=6.11445736e-08..2.79999998 dry=79 full=0 pred=4.13467411 worst=318 old=8.85353127e-25 C=1.26413412e-08 h=0.300087117 floor=0.3 slope=0.000290302614 weights=1.32177629e-08 active=3
SOLVE n=64 V=1 dt=0.0166666675 outer=0 norm=0.000125644327392 target=1e-09 q=0.423963632..0.472707852 dry=0 full=0 pred=0.00586933166 worst=30 old=0.0239548604 C=0.0239548604 h=0.449411425 floor=0 slope=0.06 weights=0.00435518381 active=4
SOLVE n=64 V=1 dt=0.0166666675 outer=1 norm=2.09091006571e-06 target=1e-09 q=0.431572261..0.474141476 dry=0 full=0 pred=0.00586933166 worst=39 old=0.000670936601 C=0.000598117737 h=0.434444467 floor=0.300491007 slope=0.00893023203 weights=0.000362121319 active=3
SOLVE n=64 V=1 dt=0.0166666675 outer=2 norm=1.70591189322e-09 target=1e-09 q=0.431299917..0.474139466 dry=0 full=0 pred=0.00586933166 worst=39 old=0.000670936601 C=0.000596099044 h=0.434218224 floor=0.300491007 slope=0.00891514919 weights=0.000362121319 active=3
SOLVE n=64 V=1 dt=0.0166666675 outer=3 norm=5.01979794537e-11 target=1e-09 q=0.43129956..0.474139466 dry=0 full=0 pred=0.00586933166 worst=38 old=0.0239548604 C=0.0238303676 h=0.447336545 floor=0 slope=0.06 weights=0.00435518381 active=4
SOLVE n=64 V=0.1 dt=0.0166666675 outer=0 norm=7.60053927553e-11 target=1e-09 q=0.0694444175..0.0694445096 dry=0 full=0 pred=2.85579994e-09 worst=36 old=0.00156250074 C=0.00156250074 h=0.0694444774 floor=0 slope=0.0225 weights=0.00075694495 active=4
SOLVE n=64 V=0.1 dt=0.0166666675 outer=0 norm=1.00036738396e-10 target=1e-09 q=0.0694444192..0.0694445119 dry=0 full=0 pred=2.85580867e-09 worst=35 old=0.00156250094 C=0.00156250094 h=0.0694444863 floor=0 slope=0.0225 weights=0.000756945081 active=4
SOLVE n=384 V=24.0124997538 dt=0.0166666675 outer=0 norm=0.193086789447 target=2.40124997538e-08 q=6.11445735e-08..2.8 dry=48 full=2 pred=4.16358359 worst=379 old=0.513496635 C=0.513496635 h=1.1019933 floor=0 slope=0.5 weights=0.00860269301 active=3
SOLVE n=384 V=24.0124997538 dt=0.0166666675 outer=1 norm=0.168950940756 target=2.40124997538e-08 q=6.11445863e-08..2.79999982 dry=72 full=0 pred=4.16358359 worst=379 old=0.513496635 C=0.489894506 h=1.05478904 floor=0 slope=0.5 weights=0.00860269301 active=3
SOLVE n=384 V=24.0124997538 dt=0.0166666675 outer=2 norm=0.00320370037634 target=2.40124997538e-08 q=6.11446354e-08..2.79999771 dry=72 full=0 pred=4.16358359 worst=345 old=1.71713985e-23 C=0.0187821347 h=0.256156895 floor=0.15 slope=0.353856231 weights=0.00641888977 active=2
SOLVE n=384 V=24.0124997538 dt=0.0166666675 outer=3 norm=0.000131920684442 target=2.40124997538e-08 q=6.11446224e-08..2.79999771 dry=79 full=0 pred=4.16358359 worst=345 old=1.71713985e-23 C=0.0157658809 h=0.247260134 floor=0.15 slope=0.324200359 weights=0.00641888977 active=2
SOLVE n=384 V=24.0124997538 dt=0.0166666675 outer=4 norm=2.65543719905e-07 target=2.40124997538e-08 q=6.11446205e-08..2.79999771 dry=81 full=0 pred=4.16358359 worst=345 old=1.71713985e-23 C=0.0156367401 h=0.246860978 floor=0.15 slope=0.322869841 weights=0.00641888977 active=2
SOLVE n=384 V=24.0124997538 dt=0.0166666675 outer=5 norm=8.95185231491e-11 target=2.40124997538e-08 q=6.11446204e-08..2.79999771 dry=81 full=0 pred=4.16358359 worst=370 old=2.34519894e-15 C=0.0214642166 h=0.113483637 floor=0 slope=0.378278703 weights=0.00835382927 active=3
M55 lab refill cycle 1 press 4 pool 23.9911713247 storage 135.987350519 wet 61/384 q 6.11446204e-08..2.79999771 iterations 20 retries 0 residual 8.95185231491e-11 solve 0.546459 ms ledger -5.68434188608e-14 partition 5.68434188608e-14
SOLVE n=64 V=1 dt=0.0166666675 outer=0 norm=0.000124620090276 target=1e-09 q=0.431299561..0.474139466 dry=0 full=0 pred=0.00606882809 worst=38 old=0.0238303676 C=0.0238303676 h=0.447336545 floor=0 slope=0.06 weights=0.00433281202 active=4
SOLVE n=64 V=1 dt=0.0166666675 outer=1 norm=1.99570585979e-06 target=1e-09 q=0.426480318..0.475153142 dry=0 full=0 pred=0.00606882809 worst=31 old=0.000596097397 C=0.000529110909 h=0.426480391 floor=0.300491007 slope=0.00839929356 weights=0.000351840832 active=3
SOLVE n=64 V=1 dt=0.0166666675 outer=2 norm=1.75129696654e-09 target=1e-09 q=0.426251097..0.475152139 dry=0 full=0 pred=0.00606882809 worst=39 old=0.000596097397 C=0.000527187354 h=0.426251169 floor=0.300491007 slope=0.00838401206 weights=0.000351840832 active=3
SOLVE n=64 V=1 dt=0.0166666675 outer=3 norm=5.3786043774e-11 target=1e-09 q=0.426250896..0.475152139 dry=0 full=0 pred=0.00606882809 worst=30 old=0.0238303676 C=0.0237070319 h=0.44528095 floor=0 slope=0.06 weights=0.00433281202 active=4
SOLVE n=64 V=0.1 dt=0.0166666675 outer=0 norm=7.99509200308e-11 target=1e-09 q=0.0694444151..0.0694445071 dry=0 full=0 pred=2.98862e-09 worst=35 old=0.00156250074 C=0.00156250074 h=0.0694444775 floor=0 slope=0.0225 weights=0.000756945006 active=4
SOLVE n=64 V=0.1 dt=0.0166666675 outer=0 norm=1.03073584944e-10 target=1e-09 q=0.0694444167..0.069444509 dry=0 full=0 pred=2.98862828e-09 worst=36 old=0.00156250104 C=0.00156250104 h=0.0694444907 floor=0 slope=0.0225 weights=0.00075694511 active=4
SOLVE n=384 V=23.9911713247 dt=0.0166666675 outer=0 norm=0.182999421789 target=2.39911713247e-08 q=6.11446204e-08..2.79999771 dry=48 full=0 pred=4.02454469 worst=379 old=0.31818578 C=0.31818578 h=0.711371586 floor=0 slope=0.5 weights=0.0059417431 active=3
SOLVE n=384 V=23.9911713247 dt=0.0166666675 outer=1 norm=0.0711600924189 target=2.39911713247e-08 q=6.11470942e-08..2.79998578 dry=70 full=0 pred=4.02454469 worst=371 old=2.992889e-15 C=0.0711601231 h=0.217320273 floor=0 slope=0.5 weights=0.000131602497 active=3
SOLVE n=384 V=23.9911713247 dt=0.0166666675 outer=2 norm=0.00937074436669 target=2.39911713247e-08 q=6.11462826e-08..2.79998578 dry=71 full=0 pred=4.02454469 worst=344 old=9.66343789e-25 C=0.00937925655 h=0.22501705 floor=0.15 slope=0.250056748 weights=9.58711878e-05 active=4
SOLVE n=384 V=23.9911713247 dt=0.0166666675 outer=3 norm=0.00233876695616 target=2.39911713247e-08 q=6.11460739e-08..2.79998578 dry=71 full=0 pred=4.02454469 worst=344 old=9.66343789e-25 C=0.00235086913 h=0.187556936 floor=0.15 slope=0.1251897 weights=9.58711878e-05 active=4
SOLVE n=384 V=23.9911713247 dt=0.0166666675 outer=4 norm=0.000580792217907 target=2.39911713247e-08 q=6.11460585e-08..2.79998578 dry=72 full=0 pred=4.02454469 worst=344 old=9.66343789e-25 C=0.000594683388 h=0.168889442 floor=0.15 slope=0.0629647197 weights=9.58711878e-05 active=4
SOLVE n=384 V=23.9911713247 dt=0.0166666675 outer=5 norm=0.000141375696082 target=2.39911713247e-08 q=6.11460585e-08..2.79998578 dry=73 full=0 pred=4.02454469 worst=344 old=9.66343789e-25 C=0.000156149512 h=0.159679371 floor=0.15 slope=0.0322644812 weights=9.58711878e-05 active=4
SOLVE n=384 V=23.9911713247 dt=0.0166666675 outer=6 norm=3.18106653323e-05 target=2.39911713247e-08 q=6.11460585e-08..2.79998578 dry=73 full=0 pred=4.02454469 worst=346 old=3.36160885e-23 C=4.70031645e-05 h=0.155310572 floor=0.15 slope=0.01770182 weights=9.58711802e-05 active=4
SOLVE n=384 V=23.9911713247 dt=0.0166666675 outer=7 norm=5.32437573131e-06 target=2.39911713247e-08 q=6.11460585e-08..2.79998578 dry=73 full=0 pred=4.02454469 worst=346 old=3.36160885e-23 C=2.06881655e-05 h=0.153523221 floor=0.15 slope=0.0117439816 weights=9.58711802e-05 active=4
SOLVE n=384 V=23.9911713247 dt=0.0166666675 outer=8 norm=3.37052670839e-07 target=2.39911713247e-08 q=6.11460585e-08..2.79998578 dry=73 full=0 pred=4.02454469 worst=346 old=3.36160885e-23 C=1.57439395e-05 h=0.15307352 floor=0.15 slope=0.0102449791 weights=9.58711802e-05 active=4
SOLVE n=384 V=23.9911713247 dt=0.0166666675 outer=9 norm=1.77079503091e-09 target=2.39911713247e-08 q=6.11460585e-08..2.79998578 dry=73 full=0 pred=4.02454469 worst=346 old=3.36160885e-23 C=1.54117813e-05 h=0.153040926 floor=0.15 slope=0.0101363311 weights=9.58711802e-05 active=4
SOLVE n=384 V=23.9911713247 dt=0.00833333377 outer=0 norm=0.0918110871466 target=2.39911713247e-08 q=6.11446204e-08..2.79999771 dry=48 full=0 pred=4.0329379 worst=379 old=0.31818578 C=0.31818578 h=0.711371586 floor=0 slope=0.5 weights=0.00148543577 active=3
SOLVE n=384 V=23.9911713247 dt=0.00833333377 outer=1 norm=0.0395212010585 target=2.39911713247e-08 q=6.11448659e-08..2.79999553 dry=67 full=0 pred=4.0329379 worst=371 old=2.992889e-15 C=0.0395212228 h=0.154042472 floor=0 slope=0.5 weights=3.29006241e-05 active=3
SOLVE n=384 V=23.9911713247 dt=0.00833333377 outer=2 norm=0.00937378061748 target=2.39911713247e-08 q=6.11448438e-08..2.79999553 dry=70 full=0 pred=4.0329379 worst=371 old=2.992889e-15 C=0.00937621942 h=0.075004904 floor=0 slope=0.250016259 weights=3.29006241e-05 active=3
SOLVE n=384 V=23.9911713247 dt=0.00833333377 outer=3 norm=0.00234221921122 target=2.39911713247e-08 q=6.11448426e-08..2.79999553 dry=70 full=0 pred=4.0329379 worst=371 old=2.992889e-15 C=0.00234589122 h=0.0375171523 floor=0 slope=0.125057086 weights=3.29006241e-05 active=3
SOLVE n=384 V=23.9911713247 dt=0.00833333377 outer=4 norm=0.000584330761273 target=2.39911713247e-08 q=6.11448426e-08..2.79999553 dry=72 full=0 pred=4.0329379 worst=371 old=2.992889e-15 C=0.000588618766 h=0.0187928778 floor=0 slope=0.0626428377 weights=3.29006241e-05 active=3
SOLVE n=384 V=23.9911713247 dt=0.00833333377 outer=5 norm=0.000144866298317 target=2.39911713247e-08 q=6.11448426e-08..2.79999553 dry=72 full=0 pred=4.0329379 worst=371 old=2.992889e-15 C=0.000149461018 h=0.00946980009 floor=0 slope=0.0315659118 weights=3.29006241e-05 active=3
SOLVE n=384 V=23.9911713247 dt=0.00833333377 outer=6 norm=3.50301501402e-05 target=2.39911713247e-08 q=6.11448426e-08..2.79999553 dry=72 full=0 pred=4.0329379 worst=371 old=2.992889e-15 C=3.9775694e-05 h=0.00488525086 floor=0 slope=0.016284081 weights=3.29006241e-05 active=3
SOLVE n=384 V=23.9911713247 dt=0.00833333377 outer=7 norm=7.68162635862e-06 target=2.39911713247e-08 q=6.11448426e-08..2.79999553 dry=72 full=0 pred=4.0329379 worst=371 old=2.992889e-15 C=1.24977983e-05 h=0.00273839817 floor=0 slope=0.00912790532 weights=3.29006241e-05 active=3
SOLVE n=384 V=23.9911713247 dt=0.00833333377 outer=8 norm=1.17189262803e-06 target=2.39911713247e-08 q=6.11448426e-08..2.79999553 dry=72 full=0 pred=4.0329379 worst=371 old=2.992889e-15 C=6.01565098e-06 h=0.0018998662 floor=0 slope=0.00633279875 weights=3.29006241e-05 active=3
SOLVE n=384 V=23.9911713247 dt=0.00833333377 outer=9 norm=6.49378503357e-08 target=2.39911713247e-08 q=6.11448426e-08..2.79999553 dry=72 full=0 pred=4.0329379 worst=346 old=3.36160885e-23 C=3.08246709e-06 h=0.151359982 floor=0.15 slope=0.00453318659 weights=2.3967795e-05 active=4
SOLVE n=384 V=23.9911713247 dt=0.00833333377 outer=10 norm=6.832422874e-10 target=2.39911713247e-08 q=6.11448426e-08..2.79999553 dry=72 full=0 pred=4.0329379 worst=345 old=0.0156364797 C=0.0269915414 h=0.277259308 floor=0.15 slope=0.424197607 weights=0.00158172941 active=4
SOLVE n=384 V=23.9911713247 dt=0.00833333377 outer=0 norm=0.0907514473019 target=2.39911713247e-08 q=6.11448426e-08..2.79999553 dry=47 full=0 pred=4.09836886 worst=379 old=0.226730126 C=0.226730126 h=0.528460278 floor=0 slope=0.5 weights=0.00160476133 active=3
SOLVE n=384 V=23.9911713247 dt=0.00833333377 outer=1 norm=0.00173726224061 target=2.39911713247e-08 q=6.11459353e-08..2.79999154 dry=77 full=0 pred=4.09836886 worst=345 old=0.0269915407 C=0.043273971 h=0.311547968 floor=0.15 slope=0.5 weights=0.00156498439 active=4
SOLVE n=384 V=23.9911713247 dt=0.00833333377 outer=2 norm=3.41462641187e-06 target=2.39911713247e-08 q=6.11458494e-08..2.79999154 dry=77 full=0 pred=4.09836886 worst=347 old=3.8462362e-24 C=3.41463282e-06 h=0.151431382 floor=0.15 slope=0.00477118631 weights=4.62583072e-09 active=3
SOLVE n=384 V=23.9911713247 dt=0.00833333377 outer=3 norm=8.53652980148e-07 target=2.39911713247e-08 q=6.11458446e-08..2.79999154 dry=77 full=0 pred=4.09836886 worst=347 old=3.8462362e-24 C=8.53662336e-07 h=0.150715706 floor=0.15 slope=0.00238559893 weights=4.62583072e-09 active=3
SOLVE n=384 V=23.9911713247 dt=0.00833333377 outer=4 norm=2.13410076877e-07 target=2.39911713247e-08 q=6.11458445e-08..2.79999154 dry=77 full=0 pred=4.09836886 worst=347 old=3.8462362e-24 C=2.13421083e-07 h=0.150357871 floor=0.15 slope=0.00119281483 weights=4.62583072e-09 active=3
SOLVE n=384 V=23.9911713247 dt=0.00833333377 outer=5 norm=5.33493538066e-08 target=2.39911713247e-08 q=6.11458445e-08..2.79999154 dry=77 full=0 pred=4.09836886 worst=347 old=3.8462362e-24 C=5.33611875e-08 h=0.150178958 floor=0.15 slope=0.000596440484 weights=4.62583072e-09 active=3
SOLVE n=384 V=23.9911713247 dt=0.00833333377 outer=6 norm=1.33341736093e-08 target=2.39911713247e-08 q=6.11458445e-08..2.79999154 dry=77 full=0 pred=4.09836886 worst=347 old=3.8462362e-24 C=1.33464211e-08 h=0.150089513 floor=0.15 slope=0.000298288686 weights=4.62583072e-09 active=3
SOLVE n=384 V=23.9911713247 dt=0.00416666688 outer=0 norm=0.0455517504585 target=2.39911713247e-08 q=6.11448426e-08..2.79999553 dry=47 full=0 pred=4.10264022 worst=379 old=0.226730126 C=0.226730126 h=0.528460278 floor=0 slope=0.5 weights=0.000401190332 active=3
SOLVE n=384 V=23.9911713247 dt=0.00416666688 outer=1 norm=0.000391906726102 target=2.39911713247e-08 q=6.11451073e-08..2.7999941 dry=73 full=0 pred=4.10264022 worst=345 old=0.0269915407 C=0.0338882662 h=0.292593714 floor=0.15 slope=0.475312293 weights=0.000391246098 active=4
SOLVE n=384 V=23.9911713247 dt=0.00416666688 outer=2 norm=1.13116266805e-06 target=2.39911713247e-08 q=6.11451043e-08..2.7999941 dry=74 full=0 pred=4.10264022 worst=345 old=0.0269915407 C=0.0334978104 h=0.291769862 floor=0.15 slope=0.472566119 weights=0.000391246098 active=4
SOLVE n=384 V=23.9911713247 dt=0.00416666688 outer=3 norm=1.20627364998e-07 target=2.39911713247e-08 q=6.11451042e-08..2.7999941 dry=74 full=0 pred=4.10264022 worst=347 old=3.8462362e-24 C=1.20629244e-07 h=0.150269057 floor=0.15 slope=0.000896769178 weights=1.15645768e-09 active=3
SOLVE n=384 V=23.9911713247 dt=0.00416666688 outer=4 norm=3.01562936378e-08 target=2.39911713247e-08 q=6.11451042e-08..2.7999941 dry=74 full=0 pred=4.10264022 worst=347 old=3.8462362e-24 C=3.01583277e-08 h=0.150134544 floor=0.15 slope=0.000448392148 weights=1.15645768e-09 active=3
SOLVE n=384 V=23.9911713247 dt=0.00416666688 outer=5 norm=7.53852590241e-09 target=2.39911713247e-08 q=6.11451042e-08..2.7999941 dry=74 full=0 pred=4.10264022 worst=347 old=3.8462362e-24 C=7.54063777e-09 h=0.15006729 floor=0.15 slope=0.000224211771 weights=1.15645768e-09 active=3
SOLVE n=384 V=23.9911713247 dt=0.00416666688 outer=0 norm=0.045274232358 target=2.39911713247e-08 q=6.11451043e-08..2.7999941 dry=48 full=0 pred=4.32570137 worst=379 old=0.181225989 C=0.181225989 h=0.437452004 floor=0 slope=0.5 weights=0.000415824748 active=3
SOLVE n=384 V=23.9911713247 dt=0.00416666688 outer=1 norm=0.000310300672951 target=2.39911713247e-08 q=6.11456491e-08..2.79999225 dry=81 full=0 pred=4.32570137 worst=345 old=0.0334966801 C=0.0410956461 h=0.307191318 floor=0.15 slope=0.5 weights=0.000388843526 active=4
SOLVE n=384 V=23.9911713247 dt=0.00416666688 outer=2 norm=8.87394982847e-08 target=2.39911713247e-08 q=6.11456431e-08..2.79999225 dry=84 full=0 pred=4.32570137 worst=317 old=0.000746447714 C=0.000984093315 h=0.324299326 floor=0.3 slope=0.0809976674 weights=0.000122936272 active=4
SOLVE n=384 V=23.9911713247 dt=0.00416666688 outer=3 norm=1.71052727538e-10 target=2.39911713247e-08 q=6.1145643e-08..2.79999225 dry=84 full=0 pred=4.32570137 worst=316 old=0.232277744 C=0.256514048 h=0.888028123 floor=0.3 slope=0.5 weights=0.000835182216 active=4
SOLVE n=64 V=1 dt=0.0166666675 outer=0 norm=0.000137500891438 target=1e-09 q=0.426250896..0.475152139 dry=0 full=0 pred=0.00618318588 worst=35 old=0.0233701339 C=0.0233701339 h=0.447137226 floor=0 slope=0.0275999974 weights=0.00490893783 active=4
SOLVE n=64 V=1 dt=0.0166666675 outer=1 norm=1.79114935043e-06 target=1e-09 q=0.418920527..0.475745719 dry=0 full=0 pred=0.00618318588 worst=31 old=0.000527185665 C=0.00046751889 h=0.418920584 floor=0.300491007 slope=0.00789530631 weights=0.000342131331 active=3
SOLVE n=64 V=1 dt=0.0166666675 outer=2 norm=1.59114677758e-09 target=1e-09 q=0.41870204..0.475745375 dry=0 full=0 pred=0.00618318588 worst=39 old=0.000527185665 C=0.000465795446 h=0.418702095 floor=0.300491007 slope=0.0078807404 weights=0.000342131331 active=3
SOLVE n=64 V=1 dt=0.0166666675 outer=3 norm=5.10697533036e-11 target=1e-09 q=0.418701846..0.475745375 dry=0 full=0 pred=0.00618318588 worst=30 old=0.0237070318 C=0.0235863443 h=0.44326949 floor=0 slope=0.06 weights=0.00431524997 active=4
SOLVE n=64 V=0.1 dt=0.0166666675 outer=0 norm=8.45808915987e-11 target=1e-09 q=0.0694444134..0.0694445043 dry=0 full=0 pred=3.18493377e-09 worst=35 old=0.00156250082 C=0.00156250082 h=0.0694444811 floor=0 slope=0.0225 weights=0.000756945027 active=4
SOLVE n=64 V=0.1 dt=0.0166666675 outer=0 norm=1.04643194546e-10 target=1e-09 q=0.0694444148..0.0694445059 dry=0 full=0 pred=3.07935622e-09 worst=36 old=0.00156250114 C=0.00156250114 h=0.0694444953 floor=0 slope=0.0225 weights=0.000756945139 active=4
SOLVE n=384 V=43.9863583624 dt=0.0166666675 outer=0 norm=0.172800129702 target=4.39863583624e-08 q=6.1145643e-08..2.79999538 dry=48 full=0 pred=4.52303939 worst=379 old=0.133280618 C=0.133280618 h=0.341561262 floor=0 slope=0.5 weights=0.00686946621 active=3
SOLVE n=384 V=43.9863583624 dt=0.0166666675 outer=1 norm=0.12960009689 target=4.39863583624e-08 q=7.61258654e-06..2.79998929 dry=65 full=0 pred=4.52303939 worst=379 old=0.133280618 C=0.0908237293 h=0.256647485 floor=0 slope=0.5 weights=0.00686946621 active=3
SOLVE n=384 V=43.9863583624 dt=0.0166666675 outer=2 norm=0.0365531140873 target=4.39863583624e-08 q=1.19607677e-05..2.79997104 dry=65 full=0 pred=4.52303939 worst=379 old=0.133280618 C=6.05396144e-06 h=0.00190590613 floor=0 slope=0.00635293185 weights=0.00686946621 active=3
SOLVE n=384 V=43.9863583624 dt=0.0166666675 outer=3 norm=0.0175992963662 target=4.39863583624e-08 q=-2.76931069..2.79997104 dry=68 full=0 pred=4.52303939 worst=379 old=0.133280618 C=0 h=-2.76931069 floor=0 slope=0 weights=0.00686946621 active=3
SOLVE n=384 V=43.9863583624 dt=0.0166666675 outer=4 norm=0.000360228567679 target=4.39863583624e-08 q=-5.34329127..2.79997104 dry=68 full=0 pred=4.52303939 worst=170 old=1.2039608e-21 C=0.00119079893 h=1.22672977 floor=1.2 slope=0.0890991556 weights=0.00145720139 active=3
SOLVE n=384 V=43.9863583624 dt=0.0166666675 outer=5 norm=2.63768321629e-05 target=4.39863583624e-08 q=-5.34329165..2.79997104 dry=71 full=0 pred=4.52303939 worst=170 old=1.2039608e-21 C=0.00086272103 h=1.22275156 floor=1.2 slope=0.0758384701 weights=0.00145720139 active=3
SOLVE n=384 V=43.9863583624 dt=0.0166666675 outer=6 norm=1.94118143457e-07 target=4.39863583624e-08 q=-5.34329165..2.79997104 dry=71 full=0 pred=4.52303939 worst=170 old=1.2039608e-21 C=0.000837034083 h=1.2224103 floor=1.2 slope=0.0747009186 weights=0.00145720139 active=3
SOLVE n=384 V=43.9863583624 dt=0.0166666675 outer=7 norm=3.76850542056e-09 target=4.39863583624e-08 q=-5.34329165..2.79997104 dry=71 full=0 pred=4.52303939 worst=194 old=0.338298408 C=0.335844572 h=1.79668917 floor=1.05 slope=0.5 weights=0.00742612102 active=4
M55 lab refill cycle 1 press 5 pool 43.9863583624 storage 115.987350519 wet 96/384 q 8.04754675e-09..2.79997104 iterations 25 retries 0 residual 3.76850542056e-09 solve 0.666547 ms ledger -5.68434188608e-14 partition 4.97379915032e-14
SOLVE n=64 V=1 dt=0.0166666675 outer=0 norm=0.000154588249798 target=1e-09 q=0.418701846..0.475745375 dry=0 full=0 pred=0.00619827739 worst=27 old=0.0234962077 C=0.0234962077 h=0.447879402 floor=0 slope=0.0275999974 weights=0.00492559045 active=4
SOLVE n=64 V=1 dt=0.0166666675 outer=1 norm=1.48337521473e-06 target=1e-09 q=0.412030933..0.475926333 dry=0 full=0 pred=0.00619827739 worst=31 old=0.000465793914 C=0.000414705504 h=0.41203097 floor=0.300491007 slope=0.00743599865 weights=0.000333159495 active=3
SOLVE n=64 V=1 dt=0.0166666675 outer=2 norm=1.2260772321e-09 target=1e-09 q=0.411839139..0.475926301 dry=0 full=0 pred=0.00619827739 worst=31 old=0.000465793914 C=0.000413280544 h=0.411839175 floor=0.300491007 slope=0.00742321232 weights=0.000333159495 active=3
SOLVE n=64 V=1 dt=0.0166666675 outer=3 norm=4.10654165599e-11 target=1e-09 q=0.411838981..0.475926301 dry=0 full=0 pred=0.00619827739 worst=30 old=0.0235863442 C=0.0234699698 h=0.441329916 floor=0 slope=0.06 weights=0.00429846828 active=4
SOLVE n=64 V=0.1 dt=0.0166666675 outer=0 norm=8.78046645996e-11 target=1e-09 q=0.0694444124..0.0694445013 dry=0 full=0 pred=3.37454022e-09 worst=27 old=0.00156250091 C=0.00156250091 h=0.0694444848 floor=0 slope=0.0225 weights=0.000756945048 active=4
SOLVE n=64 V=0.1 dt=0.0166666675 outer=0 norm=1.04717626644e-10 target=1e-09 q=0.0694444137..0.0694445026 dry=0 full=0 pred=3.12624842e-09 worst=36 old=0.00156250125 C=0.00156250125 h=0.0694444999 floor=0 slope=0.0225 weights=0.000756945168 active=4
SOLVE n=384 V=44.0032861539 dt=0.0166666675 outer=0 norm=0.149624733578 target=4.40032861539e-08 q=8.04754675e-09..2.79997104 dry=46 full=0 pred=4.89872002 worst=369 old=1.14066942 C=1.14066942 h=2.35633886 floor=0 slope=0.5 weights=0.0193317045 active=3
SOLVE n=384 V=44.0032861539 dt=0.0166666675 outer=1 norm=0.0217821562532 target=4.40032861539e-08 q=-16.753674..2.79990409 dry=64 full=0 pred=4.89872002 worst=350 old=9.41000383e-42 C=0.0217821564 h=0.264321038 floor=0.15 slope=0.381070041 weights=3.49844804e-05 active=1
SOLVE n=384 V=44.0032861539 dt=0.0166666675 outer=2 norm=0.00544477446334 target=4.40032861539e-08 q=-16.7537095..2.79990409 dry=64 full=0 pred=4.89872002 worst=350 old=9.41000383e-42 C=0.00544630425 h=0.207164548 floor=0.15 slope=0.190548406 weights=3.49844804e-05 active=1
SOLVE n=384 V=44.0032861539 dt=0.0166666675 outer=3 norm=0.00136032715409 target=4.40032861539e-08 q=-16.75371..2.79990409 dry=64 full=0 pred=4.89872002 worst=350 old=9.41000383e-42 C=0.00136282555 h=0.178595399 floor=0.15 slope=0.0953179084 weights=3.49844804e-05 active=1
SOLVE n=384 V=44.0032861539 dt=0.0166666675 outer=4 norm=0.000339209382833 target=4.40032861539e-08 q=-16.75371..2.79990409 dry=64 full=0 pred=4.89872002 worst=350 old=9.41000383e-42 C=0.000342206686 h=0.164329158 floor=0.15 slope=0.047763772 weights=3.49844804e-05 active=1
SOLVE n=384 V=44.0032861539 dt=0.0166666675 outer=5 norm=8.39365950984e-05 target=4.40032861539e-08 q=-16.75371..2.79990409 dry=64 full=0 pred=4.89872002 worst=350 old=9.41000383e-42 C=8.71821441e-05 h=0.157232542 floor=0.15 slope=0.0241083864 weights=3.49844804e-05 active=1
SOLVE n=384 V=44.0032861539 dt=0.0166666675 outer=6 norm=2.0144467639e-05 target=4.40032861539e-08 q=-16.75371..2.79990409 dry=64 full=0 pred=4.89872002 worst=350 old=9.41000383e-42 C=2.35116308e-05 h=0.153755952 floor=0.15 slope=0.0125197526 weights=3.49844804e-05 active=1
SOLVE n=384 V=44.0032861539 dt=0.0166666675 outer=7 norm=4.29087062477e-06 target=4.40032861539e-08 q=-16.75371..2.79990409 dry=64 full=0 pred=4.89872002 worst=350 old=9.41000383e-42 C=7.71416168e-06 h=0.15215142 floor=0.15 slope=0.00717131401 weights=3.49844804e-05 active=1
SOLVE n=384 V=44.0032861539 dt=0.0166666675 outer=8 norm=5.90902487278e-07 target=4.40032861539e-08 q=-16.75371..2.79990409 dry=64 full=0 pred=4.89872002 worst=350 old=9.41000383e-42 C=4.03502233e-06 h=0.151555987 floor=0.15 slope=0.00518653535 weights=3.49844804e-05 active=1
SOLVE n=384 V=44.0032861539 dt=0.0166666675 outer=9 norm=2.19205325561e-08 target=4.40032861539e-08 q=-16.75371..2.79990409 dry=64 full=0 pred=4.89872002 worst=271 old=1.83417393e-30 C=1.9869648e-06 h=0.601091895 floor=0.6 slope=0.00363956482 weights=2.40123874e-05 active=3
SOLVE n=64 V=1 dt=0.0166666675 outer=0 norm=0.00016834039239 target=1e-09 q=0.411838981..0.475926301 dry=0 full=0 pred=0.00610184772 worst=27 old=0.0236376702 C=0.0236376702 h=0.448750918 floor=0 slope=0.0275999974 weights=0.00494357938 active=4
SOLVE n=64 V=1 dt=0.0166666675 outer=1 norm=1.09884238895e-06 target=1e-09 q=0.406097453..0.475709597 dry=0 full=0 pred=0.00610184772 worst=31 old=0.000413279366 C=0.000371757559 h=0.40609747 floor=0.300491007 slope=0.00704043197 weights=0.00032507895 active=3
SOLVE n=64 V=1 dt=0.0166666675 outer=2 norm=7.48177071715e-10 target=1e-09 q=0.405947633..0.475709552 dry=0 full=0 pred=0.00610184772 worst=39 old=0.000413279366 C=0.000370703499 h=0.405947649 floor=0.300491007 slope=0.00703044387 weights=0.00032507895 active=3
SOLVE n=64 V=0.1 dt=0.0166666675 outer=0 norm=8.95190487617e-11 target=1e-09 q=0.0694444121..0.0694445007 dry=0 full=0 pred=3.53108883e-09 worst=27 old=0.001562501 C=0.001562501 h=0.0694444887 floor=0 slope=0.0225 weights=0.000756945076 active=4
SOLVE n=64 V=0.1 dt=0.0166666675 outer=0 norm=1.0329887728e-10 target=1e-09 q=0.0694444134..0.0694445046 dry=0 full=0 pred=3.12847208e-09 worst=36 old=0.00156250135 C=0.00156250135 h=0.0694445046 floor=0 slope=0.0225 weights=0.000756945211 active=4
SOLVE n=384 V=64.0060061665 dt=0.0166666675 outer=0 norm=0.150779091446 target=6.40060061665e-08 q=0.3..2.7999248 dry=44 full=0 pred=5.1124502 worst=369 old=1.07696936 C=1.07696936 h=2.22893874 floor=0 slope=0.5 weights=0.018241991 active=3
SOLVE n=384 V=64.0060061665 dt=0.0166666675 outer=1 norm=0.103015004429 target=6.40060061665e-08 q=0.45..2.79985336 dry=53 full=0 pred=5.1124502 worst=327 old=2.44285866e-22 C=0.10425654 h=0.583513105 floor=0.3 slope=0.5 weights=0.00437630455 active=4
SOLVE n=384 V=64.0060061665 dt=0.0166666675 outer=2 norm=0.00920523844494 target=6.40060061665e-08 q=0.377601716..2.79978193 dry=53 full=0 pred=5.1124502 worst=275 old=4.89201684e-20 C=0.00954631261 h=0.675682173 floor=0.6 slope=0.252273828 weights=0.00100839986 active=3
SOLVE n=384 V=64.0060061665 dt=0.0166666675 outer=3 norm=0.00220153649667 target=6.40060061665e-08 q=0.344186247..2.79978193 dry=53 full=0 pred=5.1124502 worst=275 old=4.89201684e-20 C=0.00257908553 h=0.639337683 floor=0.6 slope=0.131125526 weights=0.00100839986 active=3
SOLVE n=384 V=64.0060061665 dt=0.0166666675 outer=4 norm=0.000462700911677 target=6.40060061665e-08 q=0.331783446..2.79978193 dry=53 full=0 pred=5.1124502 worst=275 old=4.89201684e-20 C=0.000856979515 h=0.622675733 floor=0.6 slope=0.0755856916 weights=0.00100839986 active=3
SOLVE n=384 V=64.0060061665 dt=0.0166666675 outer=5 norm=7.06878442e-05 target=6.40060061665e-08 q=0.32942481..2.79978193 dry=54 full=0 pred=5.1124502 worst=144 old=0 C=0.000227760608 h=1.36169003 floor=1.35 slope=0.0389667044 weights=0.000625536662 active=1
SOLVE n=384 V=64.0060061665 dt=0.0166666675 outer=6 norm=5.31201326679e-06 target=6.40060061665e-08 q=0.329332872..2.79978193 dry=56 full=0 pred=5.1124502 worst=144 old=0 C=0.000163500255 h=1.35990458 floor=1.35 slope=0.0330151738 weights=0.000625536662 active=1
SOLVE n=384 V=64.0060061665 dt=0.0166666675 outer=7 norm=4.15445400802e-08 target=6.40060061665e-08 q=0.329332697..2.79978193 dry=57 full=0 pred=5.1124502 worst=144 old=0 C=0.000158328443 h=1.35974667 floor=1.35 slope=0.0324888128 weights=0.000625536662 active=1
M55 lab refill cycle 1 press 6 pool 64.0060061665 storage 95.9873505186 wet 141/384 q 0.329332697..2.79978193 iterations 23 retries 0 residual 4.15445400802e-08 solve 0.670566 ms ledger -8.52651282912e-14 partition 7.1054273576e-14
SOLVE n=64 V=1 dt=0.0166666675 outer=0 norm=0.000178568478116 target=1e-09 q=0.405947527..0.475709552 dry=0 full=0 pred=0.00588422612 worst=27 old=0.0237914836 C=0.0237914836 h=0.449734911 floor=0 slope=0.0275999974 weights=0.00496477164 active=4
SOLVE n=64 V=1 dt=0.0166666675 outer=1 norm=6.88679276483e-07 target=1e-09 q=0.401402165..0.475117269 dry=0 full=0 pred=0.00588422612 worst=31 old=0.000370702751 C=0.000339435445 h=0.401402165 floor=0.300491007 slope=0.00672741157 weights=0.000318026214 active=3
SOLVE n=64 V=1 dt=0.0166666675 outer=2 norm=3.21053543635e-10 target=1e-09 q=0.401304025..0.475116927 dry=0 full=0 pred=0.00588422612 worst=39 old=0.000370702751 C=0.000338775534 h=0.401304025 floor=0.300491007 slope=0.00672086887 weights=0.000318026214 active=3
SOLVE n=64 V=0.1 dt=0.0166666675 outer=0 norm=8.96547984044e-11 target=1e-09 q=0.0694444126..0.0694445013 dry=0 full=0 pred=3.65151595e-09 worst=27 old=0.00156250109 C=0.00156250109 h=0.0694444927 floor=0 slope=0.0225 weights=0.000756945107 active=4
SOLVE n=64 V=0.1 dt=0.0166666675 outer=0 norm=1.00417514204e-10 target=1e-09 q=0.0694444138..0.0694445092 dry=0 full=0 pred=3.08608702e-09 worst=27 old=0.00156250146 C=0.00156250146 h=0.0694445092 floor=0 slope=0.0225 weights=0.000756945262 active=4
SOLVE n=384 V=64.0060061665 dt=0.0166666675 outer=0 norm=0.145206152096 target=6.40060061665e-08 q=0.329332697..2.79978193 dry=43 full=0 pred=5.14225702 worst=369 old=0.933042035 C=0.933042035 h=1.9410841 floor=0 slope=0.5 weights=0.0157798339 active=3
SOLVE n=384 V=64.0060061665 dt=0.0166666675 outer=1 norm=0.00367776511879 target=6.40060061665e-08 q=0.357607594..2.79949583 dry=56 full=0 pred=5.14225702 worst=249 old=2.09919237e-21 C=0.00367776517 h=0.796975115 floor=0.75 slope=0.156583634 weights=5.8512093e-06 active=4
SOLVE n=384 V=64.0060061665 dt=0.0166666675 outer=2 norm=0.000919388865309 target=6.40060061665e-08 q=0.350766573..2.79949583 dry=57 full=0 pred=5.14225702 worst=249 old=2.09919237e-21 C=0.000919493701 h=0.773488239 floor=0.75 slope=0.0782940484 weights=5.8512093e-06 active=4
SOLVE n=384 V=64.0060061665 dt=0.0166666675 outer=3 norm=0.000229787746347 target=6.40060061665e-08 q=0.350313011..2.79949583 dry=57 full=0 pred=5.14225702 worst=249 old=2.09919237e-21 C=0.00022995912 h=0.761746321 floor=0.75 slope=0.0391543204 weights=5.8512093e-06 active=4
SOLVE n=384 V=64.0060061665 dt=0.0166666675 outer=4 norm=5.73869777361e-05 target=6.40060061665e-08 q=0.350310999..2.79949583 dry=57 full=0 pred=5.14225702 worst=249 old=2.09919237e-21 C=5.75926745e-05 h=0.755878426 floor=0.75 slope=0.0195946718 weights=5.8512093e-06 active=4
SOLVE n=384 V=64.0060061665 dt=0.0166666675 outer=5 norm=1.42869705326e-05 target=6.40060061665e-08 q=0.350310999..2.79949583 dry=57 full=0 pred=5.14225702 worst=249 old=2.09919237e-21 C=1.4509798e-05 h=0.752950597 floor=0.75 slope=0.00983524207 weights=5.8512093e-06 active=4
SOLVE n=384 V=64.0060061665 dt=0.0166666675 outer=6 norm=3.51271065726e-06 target=6.40060061665e-08 q=0.350310999..2.79949583 dry=57 full=0 pred=5.14225702 worst=249 old=2.09919237e-21 C=3.74403232e-06 h=0.751498831 floor=0.75 slope=0.00499601997 weights=5.8512093e-06 active=4
SOLVE n=384 V=64.0060061665 dt=0.0166666675 outer=7 norm=8.21993725061e-07 target=6.40060061665e-08 q=0.350310999..2.79949583 dry=57 full=0 pred=5.14225702 worst=249 old=2.09919237e-21 C=1.05742457e-06 h=0.750796551 floor=0.75 slope=0.00265508892 weights=5.8512093e-06 active=4
SOLVE n=384 V=64.0060061665 dt=0.0166666675 outer=8 norm=1.59043372716e-07 target=6.40060061665e-08 q=0.350310999..2.79949583 dry=57 full=0 pred=5.14225702 worst=249 old=2.09919237e-21 C=3.96281552e-07 h=0.75048764 floor=0.75 slope=0.00162538519 weights=5.8512093e-06 active=4
SOLVE n=384 V=64.0060061665 dt=0.0166666675 outer=9 norm=1.58433028099e-08 target=6.40060061665e-08 q=0.350310999..2.79949583 dry=57 full=0 pred=5.14225702 worst=249 old=2.09919237e-21 C=2.53651892e-07 h=0.750390142 floor=0.75 slope=0.00130038941 weights=5.8512093e-06 active=4
SOLVE n=64 V=1 dt=0.0166666675 outer=0 norm=0.000185135302616 target=1e-09 q=0.401303977..0.475116927 dry=0 full=0 pred=0.00571767154 worst=36 old=0.0239544262 C=0.0239544262 h=0.450812892 floor=0 slope=0.0275999974 weights=0.00498676683 active=4
SOLVE n=64 V=1 dt=0.0166666675 outer=1 norm=3.24387796099e-07 target=1e-09 q=0.398184412..0.474177672 dry=0 full=0 pred=0.00571767154 worst=31 old=0.000338775213 C=0.000318133426 h=0.398184412 floor=0.300491007 slope=0.00651289465 weights=0.000312116958 active=3
SOLVE n=64 V=1 dt=0.0166666675 outer=2 norm=7.58947991168e-11 target=1e-09 q=0.3981367..0.47417681 dry=0 full=0 pred=0.00571767154 worst=31 old=0.000338775213 C=0.000317822758 h=0.3981367 floor=0.300491007 slope=0.00650971385 weights=0.000312116958 active=3
SOLVE n=64 V=0.1 dt=0.0166666675 outer=0 norm=8.81772605281e-11 target=1e-09 q=0.0694444137..0.0694445018 dry=0 full=0 pred=3.73351307e-09 worst=27 old=0.00156250118 C=0.00156250118 h=0.0694444967 floor=0 slope=0.0225 weights=0.000756945139 active=4
SOLVE n=64 V=0.1 dt=0.0166666675 outer=0 norm=9.61310218532e-11 target=1e-09 q=0.0694444149..0.0694445137 dry=0 full=0 pred=3.00000694e-09 worst=27 old=0.00156250156 C=0.00156250156 h=0.0694445137 floor=0 slope=0.0225 weights=0.00075694531 active=4
SOLVE n=384 V=84.0124997538 dt=0.0166666675 outer=0 norm=0.135714301904 target=8.40124997538e-08 q=0.6..2.79958811 dry=43 full=0 pred=5.05650713 worst=369 old=0.89761893 C=0.89761893 h=1.87023789 floor=0 slope=0.5 weights=0.0168349657 active=3
SOLVE n=384 V=84.0124997538 dt=0.0166666675 outer=1 norm=0.0678571509997 target=8.40124997538e-08 q=0.75..2.79933878 dry=51 full=0 pred=5.05650713 worst=369 old=0.89761893 C=0.832491711 h=1.73998345 floor=0 slope=0.5 weights=0.0168349657 active=3
SOLVE n=384 V=84.0124997538 dt=0.0166666675 outer=2 norm=0.0232723535309 target=8.40124997538e-08 q=0.675438747..2.84654471 dry=51 full=1 pred=5.05650713 worst=289 old=1.08042966 C=1.13749999 h=2.84654471 floor=0.45 slope=0.5 weights=0.0237169352 active=4
SOLVE n=384 V=84.0124997538 dt=0.0166666675 outer=3 norm=0.00226871350369 target=8.40124997538e-08 q=0.638712301..3.83928021 dry=53 full=1 pred=5.05650713 worst=253 old=3.32316893e-20 C=0.0024625724 h=0.788438852 floor=0.75 slope=0.128129424 weights=0.000735393081 active=3
SOLVE n=384 V=84.0124997538 dt=0.0166666675 outer=4 norm=0.000516602207918 target=8.40124997538e-08 q=0.621401807..3.83928025 dry=54 full=1 pred=5.05650713 worst=253 old=3.32316893e-20 C=0.000723363982 h=0.770833133 floor=0.75 slope=0.0694436934 weights=0.000735393081 active=3
SOLVE n=384 V=84.0124997538 dt=0.0166666675 outer=5 norm=9.03173187738e-05 target=8.40124997538e-08 q=0.614481233..3.83928025 dry=55 full=1 pred=5.05650713 worst=253 old=3.32316893e-20 C=0.000302477611 h=0.76347172 floor=0.75 slope=0.0449056501 weights=0.000735393081 active=3
SOLVE n=384 V=84.0124997538 dt=0.0166666675 outer=6 norm=6.52684339392e-06 target=8.40124997538e-08 q=0.612855362..3.83928025 dry=55 full=1 pred=5.05650713 worst=253 old=3.32316893e-20 C=0.00022013963 h=0.761492795 floor=0.75 slope=0.0383092357 weights=0.000735393081 active=3
SOLVE n=384 V=84.0124997538 dt=0.0166666675 outer=7 norm=4.65754598793e-08 target=8.40124997538e-08 q=0.612754497..3.83928025 dry=55 full=1 pred=5.05650713 worst=253 old=3.32316893e-20 C=0.000213782114 h=0.761325627 floor=0.75 slope=0.0377520079 weights=0.000735393081 active=3
M55 lab refill cycle 1 press 7 pool 84.0124997538 storage 75.9873505186 wet 179/384 q 0.612754098..2.79908954 iterations 25 retries 0 residual 4.65754598793e-08 solve 0.638412 ms ledger -5.68434188608e-14 partition 8.52651282912e-14
SOLVE n=64 V=1 dt=0.0166666675 outer=0 norm=0.000187981717382 target=1e-09 q=0.398136688..0.47417681 dry=0 full=0 pred=0.0065102631 worst=36 old=0.0241231652 C=0.0241231652 h=0.451965702 floor=0 slope=0.0275999974 weights=0.00500887452 active=4
SOLVE n=64 V=1 dt=0.0166666675 outer=1 norm=1.82177855839e-07 target=1e-09 q=0.396593115..0.472924916 dry=0 full=0 pred=0.0065102631 worst=63 old=0.000306599234 C=0.000320437876 h=0.467813321 floor=0.300491007 slope=0.00434864554 weights=0.000156182305 active=2
SOLVE n=64 V=1 dt=0.0166666675 outer=2 norm=2.91207716898e-11 target=1e-09 q=0.396581241..0.472923381 dry=0 full=0 pred=0.0065102631 worst=7 old=0.000306599234 C=0.000320261584 h=0.467772775 floor=0.300491007 slope=0.00434721495 weights=0.000156182305 active=2
SOLVE n=64 V=0.1 dt=0.0166666675 outer=0 norm=9.27443757602e-11 target=1e-09 q=0.0694444155..0.0694445021 dry=0 full=0 pred=3.77556679e-09 worst=49 old=0.00156250098 C=0.00156250098 h=0.0694444881 floor=0 slope=0.0225 weights=0.000756945036 active=4
SOLVE n=64 V=0.1 dt=0.0166666675 outer=0 norm=9.05204516804e-11 target=1e-09 q=0.0694444166..0.0694445179 dry=0 full=0 pred=2.87194176e-09 worst=27 old=0.00156250165 C=0.00156250165 h=0.0694445179 floor=0 slope=0.0225 weights=0.000756945357 active=4
SOLVE n=384 V=84.0124997538 dt=0.0166666675 outer=0 norm=0.120691227488 target=8.40124997538e-08 q=0.612754098..2.79908954 dry=42 full=0 pred=4.87373329 worst=369 old=0.767364492 C=0.767364492 h=1.60972901 floor=0 slope=0.5 weights=0.0173778305 active=3
SOLVE n=384 V=84.0124997538 dt=0.0166666675 outer=1 norm=0.00225065319679 target=8.40124997538e-08 q=0.625196765..2.79824699 dry=54 full=0 pred=4.87373329 worst=227 old=9.25029119e-24 C=0.00225065323 h=0.936747704 floor=0.9 slope=0.122492265 weights=3.57498838e-06 active=3
SOLVE n=384 V=84.0124997538 dt=0.0166666675 outer=2 norm=0.000562638264363 target=8.40124997538e-08 q=0.622154377..2.79824699 dry=55 full=0 pred=4.87373329 worst=227 old=9.25029119e-24 C=0.000562688352 h=0.918374273 floor=0.9 slope=0.0612474954 weights=3.57498838e-06 active=3
SOLVE n=384 V=84.0124997538 dt=0.0166666675 outer=3 norm=0.000140631093979 target=8.40124997538e-08 q=0.621947784..2.79824699 dry=55 full=0 pred=4.87373329 worst=227 old=9.25029119e-24 C=0.00014071298 h=0.909188484 floor=0.9 slope=0.0306281984 weights=3.57498838e-06 active=3
SOLVE n=384 V=84.0124997538 dt=0.0166666675 outer=4 norm=3.51291152989e-05 target=8.40124997538e-08 q=0.621946819..2.79824699 dry=55 full=0 pred=4.87373329 worst=227 old=9.25029119e-24 C=3.52274094e-05 h=0.904597463 floor=0.9 slope=0.0153247968 weights=3.57498838e-06 active=3
SOLVE n=384 V=84.0124997538 dt=0.0166666675 outer=5 norm=8.75368925522e-06 target=8.40124997538e-08 q=0.621946819..2.79824699 dry=55 full=0 pred=4.87373329 worst=227 old=9.25029119e-24 C=8.86017637e-06 h=0.902305693 floor=0.9 slope=0.00768556066 weights=3.57498838e-06 active=3
SOLVE n=384 V=84.0124997538 dt=0.0166666675 outer=6 norm=2.16011050008e-06 target=8.40124997538e-08 q=0.621946819..2.79824699 dry=55 full=0 pred=4.87373329 worst=227 old=9.25029119e-24 C=2.27066729e-06 h=0.901167243 floor=0.9 slope=0.00389073026 weights=3.57498838e-06 active=3
SOLVE n=384 V=84.0124997538 dt=0.0166666675 outer=7 norm=5.12791391704e-07 target=8.40124997538e-08 q=0.621946819..2.79824699 dry=55 full=0 pred=4.87373329 worst=227 old=9.25029119e-24 C=6.2533104e-07 h=0.900612559 floor=0.9 slope=0.00204178197 weights=3.57498838e-06 active=3
SOLVE n=384 V=84.0124997538 dt=0.0166666675 outer=8 norm=1.04759158041e-07 target=8.40124997538e-08 q=0.621946819..2.79824699 dry=55 full=0 pred=4.87373329 worst=227 old=9.25029119e-24 C=2.18195026e-07 h=0.900361849 floor=0.9 slope=0.00120608188 weights=3.57498838e-06 active=3
SOLVE n=384 V=84.0124997538 dt=0.0166666675 outer=9 norm=1.24999477847e-08 target=8.40124997538e-08 q=0.621946819..2.79824699 dry=55 full=0 pred=4.87373329 worst=227 old=9.25029119e-24 C=1.26245389e-07 h=0.900275247 floor=0.9 slope=0.000917407177 weights=3.57498838e-06 active=3
SOLVE n=64 V=1 dt=0.0166666675 outer=0 norm=0.00018711464495 target=1e-09 q=0.39658124..0.472923381 dry=0 full=0 pred=0.00716030425 worst=36 old=0.0242943158 C=0.0242943158 h=0.453173422 floor=0 slope=0.0275999974 weights=0.00503068708 active=4
SOLVE n=64 V=1 dt=0.0166666675 outer=1 norm=1.08063996304e-07 target=1e-09 q=0.396647913..0.471397927 dry=0 full=0 pred=0.00716030425 worst=63 old=0.000320261555 C=0.00033111527 h=0.470244616 floor=0.300491007 slope=0.00443476295 weights=0.000160825053 active=2
SOLVE n=64 V=1 dt=0.0166666675 outer=2 norm=1.0314582147e-11 target=1e-09 q=0.396647889..0.47139564 dry=0 full=0 pred=0.00716030425 worst=63 old=0.000320261555 C=0.00033101063 h=0.470221018 floor=0.300491007 slope=0.00443392395 weights=0.000160825053 active=2
SOLVE n=64 V=0.1 dt=0.0166666675 outer=0 norm=1.04630967243e-10 target=1e-09 q=0.0694444179..0.0694445044 dry=0 full=0 pred=3.77697658e-09 worst=49 old=0.00156250089 C=0.00156250089 h=0.069444484 floor=0 slope=0.0225 weights=0.000756944992 active=4
SOLVE n=64 V=0.1 dt=0.0166666675 outer=0 norm=1.00212237743e-10 target=1e-09 q=0.069444419..0.069444522 dry=0 full=0 pred=2.70432547e-09 worst=49 old=0.001562501 C=0.001562501 h=0.069444489 floor=0 slope=0.0225 weights=0.000756945042 active=4
SOLVE n=384 V=104.012499754 dt=0.0166666675 outer=0 norm=0.103007185319 target=1.04012499754e-07 q=0.75..2.79853619 dry=42 full=0 pred=4.58769983 worst=369 old=0.768781812 C=0.768781812 h=1.61256365 floor=0 slope=0.5 weights=0.018645064 active=3
SOLVE n=384 V=104.012499754 dt=0.0166666675 outer=1 norm=0.0696772336518 target=1.04012499754e-07 q=0.889320186..2.79788776 dry=48 full=0 pred=4.58769983 worst=229 old=1.37814442e-22 C=0.07012424 h=1.1152485 floor=0.9 slope=0.5 weights=0.00207394709 active=3
SOLVE n=384 V=104.012499754 dt=0.0166666675 outer=2 norm=0.00927879555417 target=1.04012499754e-07 q=0.819961099..2.79723934 dry=48 full=0 pred=4.58769983 worst=181 old=5.63642334e-22 C=0.00947170057 h=1.27538583 floor=1.2 slope=0.251286033 weights=0.000771261519 active=4
SOLVE n=384 V=104.012499754 dt=0.0166666675 outer=3 norm=0.00225861779592 target=1.04012499754e-07 q=0.785678429..2.79723934 dry=50 full=0 pred=4.58769983 worst=181 old=5.63642334e-22 C=0.00247981522 h=1.23857319 floor=1.2 slope=0.12857722 weights=0.000771261519 active=4
SOLVE n=384 V=104.012499754 dt=0.0166666675 outer=4 norm=0.000508193629721 target=1.04012499754e-07 q=0.769299911..2.79723934 dry=51 full=0 pred=4.58769983 worst=181 old=5.63642334e-22 C=0.000742812747 h=1.22111134 floor=1.2 slope=0.0703710522 weights=0.000771261519 active=4
SOLVE n=384 V=104.012499754 dt=0.0166666675 outer=5 norm=8.50512079242e-05 target=1.04012499754e-07 q=0.762421851..2.79723934 dry=52 full=0 pred=4.58769983 worst=181 old=5.63642334e-22 C=0.000325162713 h=1.21396776 floor=1.2 slope=0.0465591175 weights=0.000771261519 active=4
SOLVE n=384 V=104.012499754 dt=0.0166666675 outer=6 norm=5.86106156687e-06 target=1.04012499754e-07 q=0.760547934..2.79723934 dry=52 full=0 pred=4.58769983 worst=259 old=1.14215504e-20 C=0.000185562131 h=0.760551673 floor=0.75 slope=0.0351721605 weights=0.000670842079 active=3
SOLVE n=384 V=104.012499754 dt=0.0166666675 outer=7 norm=4.45558395304e-08 target=1.04012499754e-07 q=0.760384604..2.79723934 dry=52 full=0 pred=4.58769983 worst=259 old=1.14215504e-20 C=0.000179855175 h=0.760388148 floor=0.75 slope=0.0346270776 weights=0.000670842079 active=3
M55 lab refill cycle 1 press 8 pool 104.012499754 storage 55.9873505186 wet 219/384 q 0.76038332..2.79723934 iterations 23 retries 0 residual 4.45558395304e-08 solve 0.692366 ms ledger -5.68434188608e-14 partition 1.13686837722e-13
SOLVE n=64 V=1 dt=0.0166666675 outer=0 norm=0.000182602948382 target=1e-09 q=0.396647889..0.47139564 dry=0 full=0 pred=0.00765975787 worst=36 old=0.0244645024 C=0.0244645024 h=0.454415627 floor=0 slope=0.0275999974 weights=0.00505180622 active=4
SOLVE n=64 V=1 dt=0.0166666675 outer=1 norm=8.35196930655e-08 target=1e-09 q=0.398230761..0.471953316 dry=0 full=0 pred=0.00765975787 worst=39 old=0.000308204912 C=0.000318435365 h=0.398230761 floor=0.300491007 slope=0.0065159846 weights=0.000302036195 active=3
SOLVE n=64 V=1 dt=0.0166666675 outer=2 norm=9.73734505503e-12 target=1e-09 q=0.398218471..0.471941786 dry=0 full=0 pred=0.00765975787 worst=42 old=0.0271927905 C=0.0271755522 h=0.45292587 floor=0 slope=0.06 weights=0.00539403274 active=4
SOLVE n=64 V=0.1 dt=0.0166666675 outer=0 norm=1.14706191777e-10 target=1e-09 q=0.0694444208..0.069444508 dry=0 full=0 pred=3.7378537e-09 worst=49 old=0.00156250079 C=0.00156250079 h=0.0694444794 floor=0 slope=0.0225 weights=0.000756944944 active=4
SOLVE n=64 V=0.1 dt=0.0166666675 outer=0 norm=1.11436677356e-10 target=1e-09 q=0.069444422..0.0694445257 dry=0 full=0 pred=2.50022539e-09 worst=49 old=0.0015625009 C=0.0015625009 h=0.0694444846 floor=0 slope=0.0225 weights=0.000756944996 active=4
SOLVE n=384 V=104.012499754 dt=0.0166666675 outer=0 norm=0.0817101950596 target=1.04012499754e-07 q=0.76038332..2.79723934 dry=41 full=0 pred=4.25241887 worst=369 old=0.669926127 C=0.669926127 h=1.41485228 floor=0 slope=0.5 weights=0.0188554518 active=3
SOLVE n=384 V=104.012499754 dt=0.0166666675 outer=1 norm=0.0063227568952 target=1.04012499754e-07 q=0.770604421..2.81264551 dry=51 full=1 pred=4.25241887 worst=290 old=1.09993149 C=1.13749999 h=2.81264551 floor=0.45 slope=0.5 weights=0.0241919471 active=4
SOLVE n=384 V=104.012499754 dt=0.0166666675 outer=2 norm=0.000279077647911 target=1.04012499754e-07 q=0.768093867..3.0771092 dry=52 full=1 pred=4.25241887 worst=206 old=4.78544711e-21 C=0.000279094874 h=1.06294054 floor=1.05 slope=0.0431350495 weights=1.75368362e-06 active=3
SOLVE n=384 V=104.012499754 dt=0.0166666675 outer=3 norm=6.97595021581e-05 target=1.04012499754e-07 q=0.76792162..3.07710921 dry=52 full=1 pred=4.25241887 worst=206 old=4.78544711e-21 C=6.97876998e-05 h=1.05647093 floor=1.05 slope=0.0215696855 weights=1.75368362e-06 active=3
SOLVE n=384 V=104.012499754 dt=0.0166666675 outer=4 norm=1.74299947158e-05 target=1.04012499754e-07 q=0.767920799..3.07710921 dry=52 full=1 pred=4.25241887 worst=206 old=4.78544711e-21 C=1.74638618e-05 h=1.05323705 floor=1.05 slope=0.0107900763 weights=1.75368362e-06 active=3
SOLVE n=384 V=104.012499754 dt=0.0166666675 outer=5 norm=4.3476349991e-06 target=1.04012499754e-07 q=0.767920799..3.07710921 dry=52 full=1 pred=4.25241887 worst=206 old=4.78544711e-21 C=4.38433437e-06 h=1.05162194 floor=1.05 slope=0.00540637548 weights=1.75368362e-06 active=3
SOLVE n=384 V=104.012499754 dt=0.0166666675 outer=6 norm=1.07711182538e-06 target=1.04012499754e-07 q=0.767920799..3.07710921 dry=52 full=1 pred=4.25241887 worst=206 old=4.78544711e-21 C=1.11522093e-06 h=1.05081803 floor=1.05 slope=0.00272668411 weights=1.75368362e-06 active=3
SOLVE n=384 V=104.012499754 dt=0.0166666675 outer=7 norm=2.59742029639e-07 target=1.04012499754e-07 q=0.767920799..3.07710921 dry=52 full=1 pred=4.25241887 worst=206 old=4.78544711e-21 C=2.98543407e-07 h=1.05042326 floor=1.05 slope=0.00141077616 weights=1.75368362e-06 active=3
SOLVE n=384 V=104.012499754 dt=0.0166666675 outer=8 norm=5.63557119421e-08 target=1.04012499754e-07 q=0.767920799..3.07710921 dry=52 full=1 pred=4.25241887 worst=206 old=4.78544711e-21 C=9.54795482e-08 h=1.05023937 floor=1.05 slope=0.000797828504 weights=1.75368362e-06 active=3
SOLVE n=64 V=1 dt=0.0166666675 outer=0 norm=0.000174573514576 target=1e-09 q=0.39821847..0.471941785 dry=0 full=0 pred=0.00800386136 worst=36 old=0.0246304143 C=0.0246304143 h=0.455672 floor=0 slope=0.0275999974 weights=0.0050718489 active=4
SOLVE n=64 V=1 dt=0.0166666675 outer=1 norm=2.79796640683e-07 target=1e-09 q=0.401115673..0.472958437 dry=0 full=0 pred=0.00800386136 worst=39 old=0.000318355284 C=0.000337510831 h=0.401115673 floor=0.300491007 slope=0.00670831209 weights=0.000301354299 active=3
SOLVE n=64 V=1 dt=0.0166666675 outer=2 norm=5.35474844121e-11 target=1e-09 q=0.401075624..0.472954457 dry=0 full=0 pred=0.00800386136 worst=31 old=0.000318355284 C=0.000337242222 h=0.401075624 floor=0.300491007 slope=0.00670564215 weights=0.000301354299 active=3
SOLVE n=64 V=0.1 dt=0.0166666675 outer=0 norm=1.22678941455e-10 target=1e-09 q=0.0694444242..0.0694445113 dry=0 full=0 pred=3.65910157e-09 worst=49 old=0.00156250067 C=0.00156250067 h=0.0694444743 floor=0 slope=0.0225 weights=0.000756944895 active=4
SOLVE n=64 V=0.1 dt=0.0166666675 outer=0 norm=1.20439883869e-10 target=1e-09 q=0.0694444255..0.069444529 dry=0 full=0 pred=2.34884906e-09 worst=49 old=0.00156250079 C=0.00156250079 h=0.0694444796 floor=0 slope=0.0225 weights=0.00075694495 active=4
SOLVE n=384 V=124.012499754 dt=0.0166666675 outer=0 norm=0.0610084097269 target=1.24012499754e-07 q=0.9..2.79599721 dry=41 full=0 pred=3.02223491 worst=369 old=0.70832377 C=0.70832377 h=1.49164757 floor=0 slope=0.5 weights=0.0195229872 active=3
SOLVE n=384 V=124.012499754 dt=0.0166666675 outer=1 norm=0.0390147521505 target=1.24012499754e-07 q=1.01345015..2.79461627 dry=43 full=0 pred=3.02223491 worst=184 old=7.9410499e-19 C=0.0391235199 h=1.35324706 floor=1.2 slope=0.5 weights=0.000709719014 active=3
SOLVE n=384 V=124.012499754 dt=0.0166666675 outer=2 norm=0.00929326438083 target=1.24012499754e-07 q=0.956970518..2.79323532 dry=43 full=0 pred=3.02223491 worst=184 old=7.9410499e-19 C=0.00945709577 h=1.27532769 floor=1.2 slope=0.251092225 weights=0.000709719014 active=3
SOLVE n=384 V=124.012499754 dt=0.0166666675 outer=3 norm=0.00227023413046 target=1.24012499754e-07 q=0.929054295..2.79323531 dry=45 full=0 pred=3.02223491 worst=184 old=7.9410499e-19 C=0.00246022218 h=1.2384205 floor=1.2 slope=0.128068268 weights=0.000709719014 active=3
SOLVE n=384 V=124.012499754 dt=0.0166666675 outer=4 norm=0.000517980684599 target=1.24012499754e-07 q=0.91571813..2.79323531 dry=45 full=0 pred=3.02223491 worst=184 old=7.9410499e-19 C=0.000720462804 h=1.22079131 floor=1.2 slope=0.0693042955 weights=0.000709719014 active=3
SOLVE n=384 V=124.012499754 dt=0.0166666675 outer=5 norm=9.12259489019e-05 target=1.24012499754e-07 q=0.910118904..2.79323531 dry=45 full=0 pred=3.02223491 worst=184 old=7.9410499e-19 C=0.000298951389 h=1.21339296 floor=1.2 slope=0.0446431323 weights=0.000709719014 active=3
SOLVE n=384 V=124.012499754 dt=0.0166666675 outer=6 norm=6.74345103391e-06 target=1.24012499754e-07 q=0.908594428..2.79323531 dry=45 full=0 pred=3.02223491 worst=184 old=7.9410499e-19 C=0.000215894486 h=1.21138144 floor=1.2 slope=0.0379380624 weights=0.000709719014 active=3
SOLVE n=384 V=124.012499754 dt=0.0166666675 outer=7 norm=5.89849280675e-08 target=1.24012499754e-07 q=0.908461765..2.79323531 dry=45 full=0 pred=3.02223491 worst=160 old=7.61818677e-17 C=0.000174838444 h=1.36024224 floor=1.35 slope=0.0341407327 weights=0.000639910586 active=3
M55 lab refill cycle 1 press 9 pool 124.012499754 storage 35.9873505186 wet 261/384 q 0.908460725..2.79323531 iterations 21 retries 0 residual 5.89849280675e-08 solve 0.697676 ms ledger -5.68434188608e-14 partition 5.68434188608e-14
SOLVE n=64 V=1 dt=0.0166666675 outer=0 norm=0.000163209488876 target=1e-09 q=0.401075616..0.472954457 dry=0 full=0 pred=0.00819104275 worst=36 old=0.0247888584 C=0.0247888584 h=0.456921734 floor=0 slope=0.0275999974 weights=0.00509045261 active=4
SOLVE n=64 V=1 dt=0.0166666675 outer=1 norm=5.19001303494e-07 target=1e-09 q=0.405021492..0.47328916 dry=0 full=0 pred=0.00819104275 worst=39 old=0.000337242168 C=0.000364220797 h=0.405021492 floor=0.300491007 slope=0.00696870006 weights=0.000302010645 active=3
SOLVE n=64 V=1 dt=0.0166666675 outer=2 norm=1.71059446372e-10 target=1e-09 q=0.404949864..0.473288704 dry=0 full=0 pred=0.00819104275 worst=39 old=0.000337242168 C=0.000363721811 h=0.404949864 floor=0.300491007 slope=0.00696392484 weights=0.000302010645 active=3
SOLVE n=64 V=0.1 dt=0.0166666675 outer=0 norm=1.28302964228e-10 target=1e-09 q=0.0694444281..0.0694445142 dry=0 full=0 pred=3.54237539e-09 worst=49 old=0.00156250055 C=0.00156250055 h=0.0694444688 floor=0 slope=0.0225 weights=0.000756944844 active=4
SOLVE n=64 V=0.1 dt=0.0166666675 outer=0 norm=1.2692907561e-10 target=1e-09 q=0.0694444294..0.069444532 dry=0 full=0 pred=2.64497493e-09 worst=49 old=0.00156250067 C=0.00156250067 h=0.0694444742 floor=0 slope=0.0225 weights=0.000756944902 active=4
SOLVE n=384 V=124.012499754 dt=0.0166666675 outer=0 norm=0.0469609256662 target=1.24012499754e-07 q=0.908460725..2.79323531 dry=39 full=0 pred=2.73909613 worst=339 old=1.03203179 C=1.03203179 h=2.2890636 floor=0.15 slope=0.5 weights=0.0239909223 active=4
SOLVE n=384 V=124.012499754 dt=0.0166666675 outer=1 norm=0.000816244206164 target=1.24012499754e-07 q=0.916781967..2.78939245 dry=43 full=0 pred=2.73909613 worst=185 old=4.7691293e-21 C=0.000816244228 h=1.22213024 floor=1.2 slope=0.0737673925 weights=1.28311568e-06 active=3
SOLVE n=384 V=124.012499754 dt=0.0166666675 outer=2 norm=0.00020405438391 target=1.24012499754e-07 q=0.914738989..2.78939244 dry=45 full=0 pred=2.73909613 worst=185 old=4.7691293e-21 C=0.000204065168 h=1.21106524 floor=1.2 slope=0.0368840678 weights=1.28311568e-06 active=3
SOLVE n=384 V=124.012499754 dt=0.0166666675 outer=3 norm=5.10074541969e-05 target=1.24012499754e-07 q=0.914598947..2.78939244 dry=45 full=0 pred=2.73909613 worst=185 old=4.7691293e-21 C=5.1025103e-05 h=1.20553311 floor=1.2 slope=0.0184436264 weights=1.28311568e-06 active=3
SOLVE n=384 V=124.012499754 dt=0.0166666675 outer=4 norm=1.2745679547e-05 target=1.24012499754e-07 q=0.914598281..2.78939244 dry=45 full=0 pred=2.73909613 worst=185 old=4.7691293e-21 C=1.27668755e-05 h=1.20276772 floor=1.2 slope=0.00922564381 weights=1.28311568e-06 active=3
SOLVE n=384 V=124.012499754 dt=0.0166666675 outer=5 norm=3.1802450164e-06 target=1.24012499754e-07 q=0.914598281..2.78939244 dry=45 full=0 pred=2.73909613 worst=185 old=4.7691293e-21 C=3.20321337e-06 h=1.20138636 floor=1.2 slope=0.00462112063 weights=1.28311568e-06 active=3
SOLVE n=384 V=124.012499754 dt=0.0166666675 outer=6 norm=7.88922175987e-07 target=1.24012499754e-07 q=0.914598281..2.78939244 dry=45 full=0 pred=2.73909613 worst=185 old=4.7691293e-21 C=8.12773287e-07 h=1.20069835 floor=1.2 slope=0.00232776472 weights=1.28311568e-06 active=3
SOLVE n=384 V=124.012499754 dt=0.0166666675 outer=7 norm=1.91231868882e-07 target=1.24012499754e-07 q=0.914598281..2.78939244 dry=45 full=0 pred=2.73909613 worst=185 old=4.7691293e-21 C=2.15517594e-07 h=1.20035962 floor=1.2 slope=0.00119865924 weights=1.28311568e-06 active=3
SOLVE n=384 V=124.012499754 dt=0.0166666675 outer=8 norm=4.23300262274e-08 target=1.24012499754e-07 q=0.914598281..2.78939244 dry=45 full=0 pred=2.73909613 worst=185 old=4.7691293e-21 C=6.68202298e-08 h=1.20020025 floor=1.2 slope=0.000667434041 weights=1.28311568e-06 active=3
SOLVE n=64 V=1 dt=0.0166666675 outer=0 norm=0.000148746646025 target=1e-09 q=0.404949839..0.473288703 dry=0 full=0 pred=0.00822286291 worst=36 old=0.0249368107 C=0.0249368107 h=0.458144257 floor=0 slope=0.0275999974 weights=0.00510728059 active=4
SOLVE n=64 V=1 dt=0.0166666675 outer=1 norm=7.40322951436e-07 target=1e-09 q=0.409662546..0.472983822 dry=0 full=0 pred=0.00822286291 worst=31 old=0.00036372164 C=0.000397280893 h=0.409662546 floor=0.300491007 slope=0.00727810374 weights=0.000303968068 active=3
SOLVE n=64 V=1 dt=0.0166666675 outer=2 norm=3.20125315364e-10 target=1e-09 q=0.409564554..0.472983449 dry=0 full=0 pred=0.00822286291 worst=39 old=0.00036372164 C=0.000396568017 h=0.409564554 floor=0.300491007 slope=0.00727157094 weights=0.000303968068 active=3
SOLVE n=64 V=0.1 dt=0.0166666675 outer=0 norm=1.31383778267e-10 target=1e-09 q=0.0694444322..0.0694445168 dry=0 full=0 pred=3.39002815e-09 worst=49 old=0.00156250042 C=0.00156250042 h=0.0694444631 floor=0 slope=0.0225 weights=0.000756944791 active=4
SOLVE n=64 V=0.1 dt=0.0166666675 outer=0 norm=1.30669275002e-10 target=1e-09 q=0.0694444337..0.0694445345 dry=0 full=0 pred=2.88736131e-09 worst=49 old=0.00156250054 C=0.00156250054 h=0.0694444686 floor=0 slope=0.0225 weights=0.000756944853 active=4
SOLVE n=384 V=144.012499754 dt=0.0166666675 outer=0 norm=0.0444880332555 target=1.44012499754e-07 q=1.05..2.79091539 dry=39 full=0 pred=2.51472274 worst=316 old=1.09625682 C=1.09625682 h=2.56751366 floor=0.3 slope=0.5 weights=0.0240643632 active=4
SOLVE n=384 V=144.012499754 dt=0.0166666675 outer=1 norm=0.0308343991601 target=1.44012499754e-07 q=1.14419671..2.78837957 dry=38 full=0 pred=2.51472274 worst=163 old=2.42245675e-21 C=0.0309168296 h=1.48619877 floor=1.35 slope=0.453995812 weights=0.000605189555 active=3
SOLVE n=384 V=144.012499754 dt=0.0166666675 outer=2 norm=0.00766766864404 target=1.44012499754e-07 q=1.0973024..2.78584376 dry=38 full=0 pred=2.51472274 worst=163 old=2.42245675e-21 C=0.00779099456 h=1.41837105 floor=1.35 slope=0.227903409 weights=0.000605189555 active=3
SOLVE n=384 V=144.012499754 dt=0.0166666675 outer=3 norm=0.00187660604135 target=1.44012499754e-07 q=1.07412427..2.78584375 dry=38 full=0 pred=2.51472274 worst=163 old=2.42245675e-21 C=0.00202021481 h=1.38481566 floor=1.35 slope=0.116052138 weights=0.000605189555 active=3
SOLVE n=384 V=144.012499754 dt=0.0166666675 outer=4 norm=0.000431296931069 target=1.44012499754e-07 q=1.06305222..2.78584375 dry=38 full=0 pred=2.51472274 worst=163 old=2.42245675e-21 C=0.000584629378 h=1.36872908 floor=1.35 slope=0.0624301946 weights=0.000605189555 active=3
SOLVE n=384 V=144.012499754 dt=0.0166666675 outer=5 norm=7.80257862112e-05 target=1.44012499754e-07 q=1.05840455..2.78584375 dry=38 full=0 pred=2.51472274 worst=163 old=2.42245675e-21 C=0.000235494091 h=1.36188684 floor=1.35 slope=0.0396227285 weights=0.000605189555 active=3
SOLVE n=384 V=144.012499754 dt=0.0166666675 outer=6 norm=6.27022201191e-06 target=1.44012499754e-07 q=1.05714001..2.78584375 dry=38 full=0 pred=2.51472274 worst=163 old=2.42245675e-21 C=0.00016491095 h=1.35994721 floor=1.35 slope=0.0331572969 weights=0.000605189555 active=3
SOLVE n=384 V=144.012499754 dt=0.0166666675 outer=7 norm=5.75050635213e-08 target=1.44012499754e-07 q=1.05703013..2.78584375 dry=39 full=0 pred=2.51472274 worst=163 old=2.42245675e-21 C=0.000158810493 h=1.35976149 floor=1.35 slope=0.0325382332 weights=0.000605189555 active=3
M55 lab refill cycle 1 press 10 pool 144.012499754 storage 15.9873505186 wet 306/384 q 1.05702927..2.78584375 iterations 20 retries 0 residual 5.75050635213e-08 solve 0.723870 ms ledger -8.52651282912e-14 partition 1.70530256582e-13
SOLVE n=64 V=1 dt=0.0166666675 outer=0 norm=0.000131471410924 target=1e-09 q=0.40956451..0.472983449 dry=0 full=0 pred=0.00810384249 worst=28 old=0.0250714633 C=0.0250714633 h=0.459318726 floor=0 slope=0.0275999974 weights=0.00512202646 active=4
SOLVE n=64 V=1 dt=0.0166666675 outer=1 norm=9.07216875809e-07 target=1e-09 q=0.414781449..0.47208892 dry=0 full=0 pred=0.00810384249 worst=31 old=0.000396567697 C=0.000435410237 h=0.414781449 floor=0.300491007 slope=0.00761936398 weights=0.000307167568 active=3
SOLVE n=64 V=1 dt=0.0166666675 outer=2 norm=4.40019338122e-10 target=1e-09 q=0.414666563..0.472085839 dry=0 full=0 pred=0.00810384249 worst=39 old=0.000396567697 C=0.00043453532 h=0.414666563 floor=0.300491007 slope=0.00761170492 weights=0.000307167568 active=3
SOLVE n=64 V=0.1 dt=0.0166666675 outer=0 norm=1.31784547981e-10 target=1e-09 q=0.0694444366..0.0694445189 dry=0 full=0 pred=3.20504038e-09 worst=49 old=0.00156250029 C=0.00156250029 h=0.0694444573 floor=0 slope=0.0225 weights=0.000756944738 active=4
SOLVE n=64 V=0.1 dt=0.0166666675 outer=0 norm=1.31490202045e-10 target=1e-09 q=0.0694444383..0.0694445366 dry=0 full=0 pred=3.07256258e-09 worst=49 old=0.00156250041 C=0.00156250041 h=0.0694444628 floor=0 slope=0.0225 weights=0.000756944803 active=4
SOLVE n=384 V=144.012499754 dt=0.0166666675 outer=0 norm=0.0431892759957 target=1.44012499754e-07 q=1.05702927..2.78584375 dry=37 full=0 pred=2.55198277 worst=316 old=1.05461143 C=1.05461143 h=2.48422288 floor=0.3 slope=0.5 weights=0.0237526218 active=4
SOLVE n=384 V=144.012499754 dt=0.0166666675 outer=1 norm=0.000974431258102 target=1.44012499754e-07 q=1.06393523..2.77921793 dry=38 full=0 pred=2.55198277 worst=188 old=5.26574429e-22 C=0.000974431282 h=1.22417974 floor=1.2 slope=0.0805990606 weights=1.53243389e-06 active=3
SOLVE n=384 V=144.012499754 dt=0.0166666675 outer=2 norm=0.000243599940721 target=1.44012499754e-07 q=1.06224064..2.77921793 dry=38 full=0 pred=2.55198277 worst=188 old=5.26574429e-22 C=0.000243614029 h=1.21209004 floor=1.2 slope=0.0403000438 weights=1.53243389e-06 active=3
SOLVE n=384 V=144.012499754 dt=0.0166666675 outer=3 norm=6.08919745754e-05 target=1.44012499754e-07 q=1.06212463..2.77921793 dry=38 full=0 pred=2.55198277 worst=188 old=5.26574429e-22 C=6.09150244e-05 h=1.2060456 floor=1.2 slope=0.020151927 weights=1.53243389e-06 active=3
SOLVE n=384 V=144.012499754 dt=0.0166666675 outer=4 norm=1.52149194793e-05 target=1.44012499754e-07 q=1.06212408..2.77921793 dry=38 full=0 pred=2.55198277 worst=188 old=5.26574429e-22 C=1.5242598e-05 h=1.20302419 floor=1.2 slope=0.0100805417 weights=1.53243389e-06 active=3
SOLVE n=384 V=144.012499754 dt=0.0166666675 outer=5 norm=3.79566871733e-06 target=1.44012499754e-07 q=1.06212408..2.77921793 dry=38 full=0 pred=2.55198277 worst=188 old=5.26574429e-22 C=3.82565974e-06 h=1.20151508 floor=1.2 slope=0.00505018795 weights=1.53243389e-06 active=3
SOLVE n=384 V=144.012499754 dt=0.0166666675 outer=6 norm=9.40907109525e-07 target=1.44012499754e-07 q=1.06212408..2.77921793 dry=38 full=0 pred=2.55198277 worst=188 old=5.26574429e-22 C=9.72049491e-07 h=1.20076372 floor=1.2 slope=0.00254564922 weights=1.53243389e-06 active=3
SOLVE n=384 V=144.012499754 dt=0.0166666675 outer=7 norm=2.27416738059e-07 target=1.44012499754e-07 q=1.06212408..2.77921793 dry=38 full=0 pred=2.55198277 worst=188 old=5.26574429e-22 C=2.59125163e-07 h=1.20039433 floor=1.2 slope=0.00131434436 weights=1.53243389e-06 active=3
SOLVE n=384 V=144.012499754 dt=0.0166666675 outer=8 norm=4.9780948577e-08 target=1.44012499754e-07 q=1.06212408..2.77921793 dry=38 full=0 pred=2.55198277 worst=188 old=5.26574429e-22 C=8.17542045e-08 h=1.2002215 floor=1.2 slope=0.000738260137 weights=1.53243389e-06 active=3
SOLVE n=64 V=1 dt=0.0166666675 outer=0 norm=0.000111716564618 target=1e-09 q=0.414666506..0.472085839 dry=0 full=0 pred=0.00784131178 worst=28 old=0.0251902708 C=0.0251902708 h=0.460424847 floor=0 slope=0.0275999974 weights=0.00513441885 active=4
SOLVE n=64 V=1 dt=0.0166666675 outer=1 norm=1.0070440113e-06 target=1e-09 q=0.420162983..0.470658121 dry=0 full=0 pred=0.00784131178 worst=31 old=0.00043453488 C=0.000477379474 h=0.420162984 floor=0.300491007 slope=0.00797813303 weights=0.000311530248 active=3
SOLVE n=64 V=1 dt=0.0166666675 outer=2 norm=4.95960481806e-10 target=1e-09 q=0.420041016..0.470650231 dry=0 full=0 pred=0.00784131178 worst=31 old=0.00043453488 C=0.000476406894 h=0.420041016 floor=0.300491007 slope=0.00797000183 weights=0.000311530248 active=3
SOLVE n=64 V=0.1 dt=0.0166666675 outer=0 norm=1.29430362471e-10 target=1e-09 q=0.0694444412..0.0694445206 dry=0 full=0 pred=3.19831602e-09 worst=49 old=0.00156250016 C=0.00156250016 h=0.0694444514 floor=0 slope=0.0225 weights=0.000756944686 active=4
SOLVE n=64 V=0.1 dt=0.0166666675 outer=0 norm=1.29291657963e-10 target=1e-09 q=0.0694444431..0.0694445382 dry=0 full=0 pred=3.19832023e-09 worst=49 old=0.00156250028 C=0.00156250028 h=0.069444457 floor=0 slope=0.0225 weights=0.000756944754 active=4
SOLVE n=384 V=159.999850272 dt=0.0166666675 outer=0 norm=0.0393148475594 target=1.59999850272e-07 q=1.2..2.78157006 dry=37 full=0 pred=2.54603298 worst=316 old=1.03659444 C=1.03659444 h=2.4481889 floor=0.3 slope=0.5 weights=0.0238785762 active=4
SOLVE n=384 V=159.999850272 dt=0.0166666675 outer=1 norm=0.0221041055869 target=1.59999850272e-07 q=1.25775737..2.77740021 dry=32 full=0 pred=2.54603298 worst=166 old=7.35084728e-21 C=0.022159119 h=1.46530601 floor=1.35 slope=0.384353301 weights=0.000477083099 active=3
SOLVE n=384 V=159.999850272 dt=0.0166666675 outer=2 norm=0.00549869009876 target=1.59999850272e-07 q=1.22900382..2.77323037 dry=32 full=0 pred=2.54603298 worst=166 old=7.35084728e-21 C=0.00558102545 h=1.40786724 floor=1.35 slope=0.192890737 weights=0.000477083099 active=3
SOLVE n=384 V=159.999850272 dt=0.0166666675 outer=3 norm=0.00134772373734 target=1.59999850272e-07 q=1.214792..2.77323037 dry=32 full=0 pred=2.54603298 worst=166 old=7.35084728e-21 C=0.00144361274 h=1.37943075 floor=1.35 slope=0.0981024207 weights=0.000477083099 active=3
SOLVE n=384 V=159.999850272 dt=0.0166666675 outer=4 norm=0.00031151671568 target=1.59999850272e-07 q=1.20800311..2.77323037 dry=32 full=0 pred=2.54603298 worst=166 old=7.35084728e-21 C=0.000413921951 h=1.36575925 floor=1.35 slope=0.0525307498 weights=0.000477083099 active=3
SOLVE n=384 V=159.999850272 dt=0.0166666675 outer=5 norm=5.7562492647e-05 target=1.59999850272e-07 q=1.20515342..2.77323037 dry=32 full=0 pred=2.54603298 worst=166 old=7.35084728e-21 C=0.000162768804 h=1.3598824 floor=1.35 slope=0.032941241 weights=0.000477083099 active=3
SOLVE n=384 V=159.999850272 dt=0.0166666675 outer=6 norm=4.94513026807e-06 target=1.59999850272e-07 q=1.20437809..2.77323037 dry=32 full=0 pred=2.54603298 worst=166 old=7.35084728e-21 C=0.000110972436 h=1.35815989 floor=1.35 slope=0.0271995632 weights=0.000477083099 active=3
SOLVE n=384 V=159.999850272 dt=0.0166666675 outer=7 norm=5.34040405472e-08 target=1.59999850272e-07 q=1.20431072..2.77323037 dry=32 full=0 pred=2.54603298 worst=94 old=4.31621041e-17 C=4.99530858e-05 h=1.80547468 floor=1.8 slope=0.0182488513 weights=0.000299046096 active=3
M55 lab refill cycle 1 press 11 pool 159.999850272 storage 0 wet 346/384 q 1.2043102..2.77323037 iterations 19 retries 0 residual 5.34040405472e-08 solve 0.657251 ms ledger -8.52651282912e-14 partition 1.42108547152e-13
SOLVE n=64 V=1 dt=0.0166666675 outer=0 norm=0.000109122540402 target=1e-09 q=0.420040954..0.47065023 dry=0 full=0 pred=0.00744514328 worst=51 old=0.0275592201 C=0.0275592201 h=0.459322559 floor=0 slope=0.06 weights=0.00542062488 active=4
SOLVE n=64 V=1 dt=0.0166666675 outer=1 norm=1.04329449099e-06 target=1e-09 q=0.42563548..0.468751301 dry=0 full=0 pred=0.00744514328 worst=31 old=0.000476406398 C=0.000522038105 h=0.425635487 floor=0.300491007 slope=0.0083429666 weights=0.000316959239 active=3
SOLVE n=64 V=1 dt=0.0166666675 outer=2 norm=4.88045616698e-10 target=1e-09 q=0.425514494..0.468737204 dry=0 full=0 pred=0.00744514328 worst=39 old=0.000476406398 C=0.000521029214 h=0.425514501 floor=0.300491007 slope=0.00833490088 weights=0.000316959239 active=3
SOLVE n=64 V=0.1 dt=0.0166666675 outer=0 norm=1.24311094692e-10 target=1e-09 q=0.069444444..0.0694445217 dry=0 full=0 pred=3.26361284e-09 worst=49 old=0.00156250003 C=0.00156250003 h=0.0694444457 floor=0 slope=0.0225 weights=0.000756944639 active=4
SOLVE n=64 V=0.1 dt=0.0166666675 outer=0 norm=1.24047107588e-10 target=1e-09 q=0.0694444479..0.0694445393 dry=0 full=0 pred=3.26361671e-09 worst=49 old=0.00156250015 C=0.00156250015 h=0.0694444512 floor=0 slope=0.0225 weights=0.000756944706 active=4
SOLVE n=384 V=159.999850272 dt=0.0166666675 outer=0 norm=0.0389487368592 target=1.59999850272e-07 q=1.2043102..2.77323037 dry=32 full=0 pred=2.49962492 worst=370 old=1.11202105 C=1.11202105 h=2.29904212 floor=0 slope=0.5 weights=0.0190563561 active=3
SOLVE n=384 V=159.999850272 dt=0.0166666675 outer=1 norm=0.000413746482603 target=1.59999850272e-07 q=1.20854877..2.79212197 dry=28 full=0 pred=2.49962492 worst=167 old=0 C=0.000413746498 h=1.36575591 floor=1.35 slope=0.0525196153 weights=6.50602169e-07 active=1
SOLVE n=384 V=159.999850272 dt=0.0166666675 outer=2 norm=0.000103434510175 target=1.59999850272e-07 q=1.20750817..2.79212196 dry=28 full=0 pred=2.49962492 worst=167 old=0 C=0.000103438408 h=1.35787803 floor=1.35 slope=0.026260034 weights=6.50602169e-07 active=1
SOLVE n=384 V=159.999850272 dt=0.0166666675 outer=3 norm=2.58564127134e-05 target=1.59999850272e-07 q=1.20743685..2.79212196 dry=28 full=0 pred=2.49962492 worst=167 old=0 C=2.58627882e-05 h=1.35393927 floor=1.35 slope=0.0131308259 weights=6.50602169e-07 active=1
SOLVE n=384 V=159.999850272 dt=0.0166666675 outer=4 norm=6.46186938044e-06 target=1.59999850272e-07 q=1.20743651..2.79212196 dry=28 full=0 pred=2.49962492 worst=167 old=0 C=6.46952556e-06 h=1.35197023 floor=1.35 slope=0.00656735643 weights=6.50602169e-07 active=1
SOLVE n=384 V=159.999850272 dt=0.0166666675 outer=5 norm=1.61323591944e-06 target=1.59999850272e-07 q=1.20743651..2.79212196 dry=28 full=0 pred=2.49962492 worst=167 old=0 C=1.62153217e-06 h=1.35098639 floor=1.35 slope=0.00328788906 weights=6.50602169e-07 active=1
SOLVE n=384 V=159.999850272 dt=0.0166666675 outer=6 norm=4.01086782247e-07 target=1.59999850272e-07 q=1.20743651..2.79212196 dry=28 full=0 pred=2.49962492 worst=167 old=0 C=4.09702185e-07 h=1.35049583 floor=1.35 slope=0.00165267901 weights=6.50602169e-07 active=1
SOLVE n=384 V=159.999850272 dt=0.0166666675 outer=7 norm=9.80858967919e-08 target=1.59999850272e-07 q=1.20743651..2.79212196 dry=28 full=0 pred=2.49962492 worst=167 old=0 C=1.06859126e-07 h=1.35025323 floor=1.35 slope=0.000844034465 weights=6.50602169e-07 active=1
SOLVE n=64 V=1 dt=0.0166666675 outer=0 norm=0.000107140836393 target=1e-09 q=0.425514436..0.468737203 dry=0 full=0 pred=0.00692693565 worst=51 old=0.0274519795 C=0.0274519795 h=0.457535215 floor=0 slope=0.06 weights=0.00540353294 active=4
SOLVE n=64 V=1 dt=0.0166666675 outer=1 norm=1.02742755378e-06 target=1e-09 q=0.431066259..0.466433617 dry=0 full=0 pred=0.00692693565 worst=31 old=0.000521028726 C=0.000568330069 h=0.431066271 floor=0.300491007 slope=0.00870501892 weights=0.000323341639 active=3
SOLVE n=64 V=1 dt=0.0166666675 outer=2 norm=4.35768739089e-10 target=1e-09 q=0.430951945..0.466412612 dry=0 full=0 pred=0.00692693565 worst=39 old=0.000521028726 C=0.000567335396 h=0.430951956 floor=0.300491007 slope=0.00869739797 weights=0.000323341639 active=3
SOLVE n=64 V=0.1 dt=0.0166666675 outer=0 norm=1.16482718795e-10 target=1e-09 q=0.0694444401..0.0694445223 dry=0 full=0 pred=3.26870289e-09 worst=49 old=0.0015624999 C=0.0015624999 h=0.0694444401 floor=0 slope=0.0225 weights=0.000756944614 active=4
SOLVE n=64 V=0.1 dt=0.0166666675 outer=0 norm=1.15805315272e-10 target=1e-09 q=0.0694444457..0.0694445399 dry=0 full=0 pred=3.26870644e-09 worst=49 old=0.00156250003 C=0.00156250003 h=0.0694444457 floor=0 slope=0.0225 weights=0.000756944681 active=4
SOLVE n=384 V=159.999850272 dt=0.0166666675 outer=0 norm=0.0395223554165 target=1.59999850272e-07 q=1.20743651..2.77555848 dry=28 full=0 pred=2.41586008 worst=370 old=1.07469907 C=1.07469907 h=2.22439817 floor=0 slope=0.5 weights=0.0188126147 active=3
SOLVE n=384 V=159.999850272 dt=0.0166666675 outer=1 norm=0.000110907102106 target=1.59999850272e-07 q=1.21109504..2.7958586 dry=29 full=0 pred=2.41586008 worst=190 old=0.000462077721 C=0.0010257443 h=1.22480822 floor=1.2 slope=0.082693986 weights=0.000843915726 active=4
SOLVE n=384 V=159.999850272 dt=0.0166666675 outer=2 norm=2.93995266426e-06 target=1.59999850272e-07 q=1.21049634..2.79585859 dry=29 full=0 pred=2.41586008 worst=190 old=0.000462077721 C=0.000918859089 h=1.22348013 floor=1.2 slope=0.0782670255 weights=0.000843915726 active=4
SOLVE n=384 V=159.999850272 dt=0.0166666675 outer=3 norm=2.31035522706e-09 target=1.59999850272e-07 q=1.2104794..2.79585859 dry=30 full=0 pred=2.41586008 worst=190 old=0.000462077721 C=0.000915951735 h=1.22344296 floor=1.2 slope=0.0781431054 weights=0.000843915726 active=4
SOLVE n=64 V=1 dt=0.0166666675 outer=0 norm=0.000117633412052 target=1e-09 q=0.430951895..0.466412611 dry=0 full=0 pred=0.00629933816 worst=25 old=0.0232200921 C=0.0232200921 h=0.437165168 floor=0 slope=0.06 weights=0.00425754063 active=4
SOLVE n=64 V=1 dt=0.0166666675 outer=1 norm=9.73197039833e-07 target=1e-09 q=0.436355201..0.464455319 dry=0 full=0 pred=0.00629933816 worst=31 old=0.00056733496 C=0.000615302869 h=0.436355216 floor=0.300491007 slope=0.00905761533 weights=0.000330550556 active=3
SOLVE n=64 V=1 dt=0.0166666675 outer=2 norm=3.61872847861e-10 target=1e-09 q=0.436251041..0.464455321 dry=0 full=0 pred=0.00629933816 worst=31 old=0.00056733496 C=0.000614359782 h=0.436251055 floor=0.300491007 slope=0.00905067127 weights=0.000330550556 active=3
SOLVE n=64 V=0.1 dt=0.0166666675 outer=0 norm=1.06066747547e-10 target=1e-09 q=0.069444435..0.0694445223 dry=0 full=0 pred=3.2151115e-09 worst=49 old=0.00156249979 C=0.00156249979 h=0.069444435 floor=0 slope=0.0225 weights=0.000756944595 active=4
SOLVE n=64 V=0.1 dt=0.0166666675 outer=0 norm=1.04690004736e-10 target=1e-09 q=0.0694444406..0.06944454 dry=0 full=0 pred=3.21511479e-09 worst=49 old=0.00156249991 C=0.00156249991 h=0.0694444406 floor=0 slope=0.0225 weights=0.000756944666 active=4
SOLVE n=384 V=159.999850272 dt=0.0166666675 outer=0 norm=0.0383754903175 target=1.59999850272e-07 q=1.21047893..2.77133086 dry=28 full=0 pred=2.29833933 worst=370 old=1.03680332 C=1.03680332 h=2.14860667 floor=0 slope=0.5 weights=0.0185219657 active=3
SOLVE n=384 V=159.999850272 dt=0.0166666675 outer=1 norm=9.67479682198e-05 target=1.59999850272e-07 q=1.2139115..2.77777309 dry=28 full=0 pred=2.29833933 worst=190 old=0.000915949425 C=0.0016080676 h=1.23106191 floor=1.2 slope=0.103539609 weights=0.000859600968 active=4
SOLVE n=384 V=159.999850272 dt=0.0166666675 outer=2 norm=1.43263625541e-06 target=1.59999850272e-07 q=1.21349053..2.77777308 dry=29 full=0 pred=2.29833933 worst=190 old=0.000915949425 C=0.00151351081 h=1.23013483 floor=1.2 slope=0.100449351 weights=0.000859600968 active=4
SOLVE n=384 V=159.999850272 dt=0.0166666675 outer=3 norm=7.42435084423e-09 target=1.59999850272e-07 q=1.213484..2.77777308 dry=29 full=0 pred=2.29833933 worst=189 old=0.0855429858 C=0.0850600071 h=1.44512004 floor=1.2 slope=0.5 weights=0.00220514588 active=4
SOLVE n=384 V=159.999850272 dt=0.00833333377 outer=0 norm=0.0190677695468 target=1.59999850272e-07 q=1.21047893..2.77133086 dry=28 full=0 pred=2.30313253 worst=370 old=1.03680332 C=1.03680332 h=2.14860667 floor=0 slope=0.5 weights=0.00463049142 active=3
SOLVE n=384 V=159.999850272 dt=0.00833333377 outer=1 norm=1.89104506421e-05 target=1.59999850272e-07 q=1.21199019..2.76762468 dry=28 full=0 pred=2.30313253 worst=190 old=0.000915949425 C=0.00119807841 h=1.22681135 floor=1.2 slope=0.0893710771 weights=0.000214900242 active=4
SOLVE n=384 V=159.999850272 dt=0.00833333377 outer=2 norm=7.42823630757e-08 target=1.59999850272e-07 q=1.21189511..2.76762468 dry=28 full=0 pred=2.30313253 worst=190 old=0.000915949425 C=0.00117928546 h=1.22660024 floor=1.2 slope=0.0886673732 weights=0.000214900242 active=4
SOLVE n=384 V=159.999850272 dt=0.00833333377 outer=0 norm=0.0187847109843 target=1.59999850272e-07 q=1.21189473..2.76762468 dry=27 full=0 pred=2.23615312 worst=370 old=1.01793277 C=1.01793277 h=2.11086556 floor=0 slope=0.5 weights=0.00459145061 active=3
SOLVE n=384 V=159.999850272 dt=0.00833333377 outer=1 norm=1.89481098461e-05 target=1.59999850272e-07 q=1.21341078..2.78060667 dry=29 full=0 pred=2.23615312 worst=190 old=0.00117921117 C=0.00149711616 h=1.22997117 floor=1.2 slope=0.0999038259 weights=0.000216770593 active=4
SOLVE n=384 V=159.999850272 dt=0.00833333377 outer=2 norm=5.97104960397e-08 target=1.59999850272e-07 q=1.21332522..2.78060667 dry=29 full=0 pred=2.23615312 worst=190 old=0.00117921117 C=0.00147826659 h=1.2297819 floor=1.2 slope=0.0992729099 weights=0.000216770593 active=4
SOLVE n=64 V=1 dt=0.0166666675 outer=0 norm=0.000133592310331 target=1e-09 q=0.436251001..0.463769048 dry=0 full=0 pred=0.00557803098 worst=25 old=0.0233358756 C=0.0233358756 h=0.439094893 floor=0 slope=0.06 weights=0.00427389926 active=4
SOLVE n=64 V=1 dt=0.0166666675 outer=1 norm=8.93538149829e-07 target=1e-09 q=0.441281931..0.464242604 dry=0 full=0 pred=0.00557803098 worst=31 old=0.00061435942 C=0.000662112478 h=0.44142848 floor=0.300491007 slope=0.00939583299 weights=0.000338447309 active=3
SOLVE n=64 V=1 dt=0.0166666675 outer=2 norm=2.84002038231e-10 target=1e-09 q=0.441281559..0.464242604 dry=0 full=0 pred=0.00557803098 worst=39 old=0.00061435942 C=0.000661245875 h=0.441336217 floor=0.300491007 slope=0.00938968213 weights=0.000338447309 active=3
SOLVE n=64 V=0.1 dt=0.0166666675 outer=0 norm=9.32482913122e-11 target=1e-09 q=0.0694444302..0.0694445217 dry=0 full=0 pred=3.10560421e-09 worst=49 old=0.00156249968 C=0.00156249968 h=0.0694444302 floor=0 slope=0.0225 weights=0.000756944579 active=4
SOLVE n=64 V=0.1 dt=0.0166666675 outer=0 norm=9.85473618045e-11 target=1e-09 q=0.0694444359..0.0694445395 dry=0 full=0 pred=3.10560727e-09 worst=63 old=0.00156249725 C=0.00156249725 h=0.0694444622 floor=0 slope=0.0224999546 weights=0.000378471993 active=2
SOLVE n=384 V=159.999850272 dt=0.0166666675 outer=0 norm=0.0360660234229 target=1.59999850272e-07 q=1.21332494..2.78060667 dry=27 full=0 pred=2.15744279 worst=370 old=0.99933806 C=0.99933806 h=2.07367615 floor=0 slope=0.5 weights=0.0181996663 active=3
SOLVE n=384 V=159.999850272 dt=0.0166666675 outer=1 norm=0.00033650464533 target=1.59999850272e-07 q=1.21667859..2.80067302 dry=29 full=1 pred=2.15744279 worst=366 old=1.35280332 C=1.36249999 h=2.80067302 floor=0 slope=0.5 weights=0.022960668 active=3
SOLVE n=384 V=159.999850272 dt=0.0166666675 outer=2 norm=8.93373319624e-07 target=1.59999850272e-07 q=1.21634308..2.81554969 dry=30 full=1 pred=2.15744279 worst=190 old=0.00147820688 C=0.00221456002 h=1.23645185 floor=1.2 slope=0.121506105 weights=0.000874732301 active=4
SOLVE n=384 V=159.999850272 dt=0.0166666675 outer=3 norm=3.81092872813e-09 target=1.59999850272e-07 q=1.21633965..2.81554969 dry=30 full=1 pred=2.15744279 worst=189 old=0.0850860404 C=0.0844983803 h=1.44399678 floor=1.2 slope=0.5 weights=0.00219825104 active=4
SOLVE n=64 V=1 dt=0.0166666675 outer=0 norm=0.000146581425013 target=1e-09 q=0.441281559..0.464242043 dry=0 full=0 pred=0.00556395903 worst=25 old=0.0234670756 C=0.0234670756 h=0.44128156 floor=0 slope=0.06 weights=0.0042923676 active=4
SOLVE n=64 V=1 dt=0.0166666675 outer=1 norm=7.99303794402e-07 target=1e-09 q=0.443677213..0.463858194 dry=0 full=0 pred=0.00556395903 worst=31 old=0.000661245591 C=0.000708024728 h=0.446233035 floor=0.300491007 slope=0.00971613668 weights=0.000346983085 active=3
SOLVE n=64 V=1 dt=0.0166666675 outer=2 norm=2.12844902405e-10 target=1e-09 q=0.443676885..0.463858194 dry=0 full=0 pred=0.00556395903 worst=31 old=0.000661245591 C=0.000707248994 h=0.446153173 floor=0.300491007 slope=0.00971081257 weights=0.000346983085 active=3
SOLVE n=64 V=0.1 dt=0.0166666675 outer=0 norm=8.35888175436e-11 target=1e-09 q=0.0694444261..0.0694445206 dry=0 full=0 pred=2.94412784e-09 worst=56 old=0.00156249885 C=0.00156249885 h=0.0694444632 floor=0 slope=0.0224999773 weights=0.000378472189 active=2
SOLVE n=64 V=0.1 dt=0.0166666675 outer=0 norm=9.15714712818e-11 target=1e-09 q=0.0694444319..0.0694445386 dry=0 full=0 pred=2.94413023e-09 worst=63 old=0.00156249735 C=0.00156249735 h=0.0694444666 floor=0 slope=0.0224999546 weights=0.000378472017 active=2
SOLVE n=384 V=159.999850272 dt=0.0166666675 outer=0 norm=0.0365735054771 target=1.59999850272e-07 q=1.21633936..2.76220396 dry=27 full=0 pred=1.98736194 worst=369 old=0.880669419 C=0.880669419 h=1.83633886 floor=0 slope=0.5 weights=0.016415077 active=3
SOLVE n=384 V=159.999850272 dt=0.0166666675 outer=1 norm=0.000670539649711 target=1.59999850272e-07 q=1.219599..2.73670954 dry=30 full=0 pred=1.98736194 worst=253 old=0.218592643 C=0.200622905 h=1.82213634 floor=0.75 slope=0.452318558 weights=0.00779682561 active=4
SOLVE n=384 V=159.999850272 dt=0.0166666675 outer=2 norm=2.04980164587e-06 target=1.59999850272e-07 q=1.21932906..2.73670954 dry=30 full=0 pred=1.98736194 worst=253 old=0.218592643 C=0.199965732 h=1.82067891 floor=0.75 slope=0.449492113 weights=0.00779682561 active=4
SOLVE n=384 V=159.999850272 dt=0.0166666675 outer=3 norm=1.15685185074e-08 target=1.59999850272e-07 q=1.21932718..2.73670954 dry=30 full=0 pred=1.98736194 worst=254 old=0.479029626 C=0.480994851 h=1.7952242 floor=0.75 slope=0.5 weights=0.0102107828 active=4
SOLVE n=64 V=1 dt=0.0166666675 outer=0 norm=0.000156232330637 target=1e-09 q=0.443676885..0.464538308 dry=0 full=0 pred=0.00597072994 worst=25 old=0.0236107954 C=0.0236107954 h=0.44367689 floor=0 slope=0.06 weights=0.00431676264 active=4
SOLVE n=64 V=1 dt=0.0166666675 outer=1 norm=6.98243337751e-07 target=1e-09 q=0.446227147..0.463304915 dry=0 full=0 pred=0.00597072994 worst=32 old=0.00070725209 C=0.000752395085 h=0.450729956 floor=0.30049065 slope=0.0100159553 weights=0.00036098333 active=3
SOLVE n=64 V=1 dt=0.0166666675 outer=2 norm=1.52874095654e-10 target=1e-09 q=0.446226859..0.463304915 dry=0 full=0 pred=0.00597072994 worst=31 old=0.000707248781 C=0.000751713948 h=0.450662293 floor=0.300491007 slope=0.0100114206 weights=0.000360982261 active=3
SOLVE n=64 V=0.1 dt=0.0166666675 outer=0 norm=7.48562364488e-11 target=1e-09 q=0.0694444226..0.069444519 dry=0 full=0 pred=2.73572245e-09 worst=56 old=0.00156249893 C=0.00156249893 h=0.0694444669 floor=0 slope=0.0224999773 weights=0.00037847221 active=2
SOLVE n=64 V=0.1 dt=0.0166666675 outer=0 norm=8.32262199217e-11 target=1e-09 q=0.0694444285..0.0694445372 dry=0 full=0 pred=2.73572341e-09 worst=63 old=0.00156249744 C=0.00156249744 h=0.0694444706 floor=0 slope=0.0224999546 weights=0.000378472039 active=2
SOLVE n=384 V=159.999850272 dt=0.0166666675 outer=0 norm=0.0355333897291 target=1.59999850272e-07 q=1.21932718..2.73670954 dry=28 full=0 pred=1.80194327 worst=369 old=0.915324202 C=0.915324202 h=1.90564843 floor=0 slope=0.5 weights=0.0160091521 active=3
SOLVE n=384 V=159.999850272 dt=0.0166666675 outer=1 norm=0.00431082597631 target=1.59999850272e-07 q=1.22252496..2.70615368 dry=30 full=0 pred=1.80194327 worst=253 old=0.199963717 C=0.186177242 h=1.74301759 floor=0.75 slope=0.156177052 weights=0.00756527441 active=4
SOLVE n=384 V=159.999850272 dt=0.0166666675 outer=2 norm=0.000765712662202 target=1.59999850272e-07 q=1.22229879..2.70615368 dry=30 full=0 pred=1.80194327 worst=253 old=0.199963717 C=0.182830562 h=1.71668598 floor=0.75 slope=0.100352675 weights=0.00756527441 active=4
SOLVE n=384 V=159.999850272 dt=0.0166666675 outer=3 norm=4.53355465245e-05 target=1.59999850272e-07 q=1.22229764..2.70615368 dry=30 full=0 pred=1.80194327 worst=253 old=0.199963717 C=0.182163669 h=1.70958873 floor=0.75 slope=0.0877515638 weights=0.00756527441 active=4
SOLVE n=384 V=159.999850272 dt=0.0166666675 outer=4 norm=1.92235521636e-07 target=1.59999850272e-07 q=1.22229764..2.70615368 dry=30 full=0 pred=1.80194327 worst=253 old=0.199963717 C=0.182122111 h=1.70911295 floor=0.75 slope=0.0869442714 weights=0.00756527441 active=4
SOLVE n=384 V=159.999850272 dt=0.0166666675 outer=5 norm=4.92015836461e-09 target=1.59999850272e-07 q=1.22229764..2.70615368 dry=30 full=0 pred=1.80194327 worst=254 old=0.48099484 C=0.482125508 h=1.8001956 floor=0.75 slope=0.5 weights=0.0100750751 active=4
SOLVE n=64 V=1 dt=0.0166666675 outer=0 norm=0.000162291140584 target=1e-09 q=0.446226859..0.464646953 dry=0 full=0 pred=0.00627149825 worst=25 old=0.0237637941 C=0.0237637941 h=0.446226867 floor=0 slope=0.06 weights=0.00434151938 active=4
SOLVE n=64 V=1 dt=0.0166666675 outer=1 norm=5.96382204451e-07 target=1e-09 q=0.446192034..0.462588961 dry=0 full=0 pred=0.00627149825 worst=32 old=0.000751717213 C=0.000794660262 h=0.454892088 floor=0.30049065 slope=0.0102934308 weights=0.000375233286 active=3
SOLVE n=64 V=1 dt=0.0166666675 outer=2 norm=1.05568431101e-10 target=1e-09 q=0.446190175..0.462588961 dry=0 full=0 pred=0.00627149825 worst=31 old=0.000751713795 C=0.000794077843 h=0.454835854 floor=0.300491007 slope=0.010289658 weights=0.0003752322 active=3
SOLVE n=64 V=0.1 dt=0.0166666675 outer=0 norm=6.50135976773e-11 target=1e-09 q=0.0694444199..0.0694445168 dry=0 full=0 pred=2.71664124e-09 worst=56 old=0.00156249901 C=0.00156249901 h=0.0694444703 floor=0 slope=0.0224999773 weights=0.000378472228 active=2
SOLVE n=64 V=0.1 dt=0.0166666675 outer=0 norm=7.37412354961e-11 target=1e-09 q=0.069444426..0.0694445353 dry=0 full=0 pred=2.48640633e-09 worst=63 old=0.00156249752 C=0.00156249752 h=0.0694444743 floor=0 slope=0.0224999546 weights=0.000378472059 active=2
SOLVE n=384 V=159.999850272 dt=0.0166666675 outer=0 norm=0.033058216778 target=1.59999850272e-07 q=1.22229764..2.70615368 dry=28 full=0 pred=1.86218283 worst=369 old=0.949188803 C=0.949188803 h=1.97337763 floor=0 slope=0.5 weights=0.0161378649 active=3
SOLVE n=384 V=159.999850272 dt=0.0166666675 outer=1 norm=0.00421465715688 target=1.59999850272e-07 q=1.20643499..2.70060543 dry=28 full=0 pred=1.86218283 worst=253 old=0.182121935 C=0.164787737 h=1.20643499 floor=0.75 slope=0.198496736 weights=0.00771611276 active=4
SOLVE n=384 V=159.999850272 dt=0.0166666675 outer=2 norm=0.000292810315319 target=1.59999850272e-07 q=1.22525801..2.70060542 dry=29 full=0 pred=1.86218283 worst=253 old=0.182121935 C=0.168552472 h=1.22687636 floor=0.75 slope=0.17076639 weights=0.00771611276 active=4
SOLVE n=384 V=159.999850272 dt=0.0166666675 outer=3 norm=1.63501625345e-06 target=1.59999850272e-07 q=1.22525726..2.70060542 dry=29 full=0 pred=1.86218283 worst=253 old=0.182121935 C=0.168831036 h=1.22851719 floor=0.75 slope=0.168779397 weights=0.00771611276 active=4
SOLVE n=384 V=159.999850272 dt=0.0166666675 outer=4 norm=2.00683767781e-10 target=1.59999850272e-07 q=1.22525726..2.70060542 dry=29 full=0 pred=1.86218283 worst=278 old=0.576197605 C=0.583120623 h=1.84125506 floor=0.6 slope=0.5 weights=0.0126620918 active=4
SOLVE n=64 V=1 dt=0.0166666675 outer=0 norm=0.000164594882029 target=1e-09 q=0.446190175..0.464560455 dry=0 full=0 pred=0.00646176838 worst=25 old=0.0239225766 C=0.0239225766 h=0.448873243 floor=0 slope=0.06 weights=0.00436623956 active=4
SOLVE n=64 V=1 dt=0.0166666675 outer=1 norm=4.98299295356e-07 target=1e-09 q=0.445053852..0.461719476 dry=0 full=0 pred=0.00646176838 worst=32 old=0.00079408127 C=0.000834363416 h=0.458702212 floor=0.30049065 slope=0.0105474392 weights=0.000388587373 active=3
SOLVE n=64 V=1 dt=0.0166666675 outer=2 norm=7.01588427425e-11 target=1e-09 q=0.445052508..0.461719476 dry=0 full=0 pred=0.00646176838 worst=31 old=0.000794077737 C=0.000833876027 h=0.458656354 floor=0.300491007 slope=0.0105443581 weights=0.000388586267 active=3
SOLVE n=64 V=0.1 dt=0.0166666675 outer=0 norm=7.06044043906e-11 target=1e-09 q=0.069444418..0.0694445141 dry=0 full=0 pred=2.79989584e-09 worst=27 old=0.00156250157 C=0.00156250157 h=0.0694445141 floor=0 slope=0.0225 weights=0.000756945315 active=4
SOLVE n=64 V=0.1 dt=0.0166666675 outer=0 norm=6.33693428612e-11 target=1e-09 q=0.0694444244..0.069444533 dry=0 full=0 pred=2.20304128e-09 worst=63 old=0.0015624976 C=0.0015624976 h=0.0694444776 floor=0 slope=0.0224999546 weights=0.000378472077 active=2
SOLVE n=384 V=159.999850272 dt=0.0166666675 outer=0 norm=0.0295383400258 target=1.59999850272e-07 q=1.18327488..2.70060542 dry=27 full=0 pred=1.92084535 worst=371 old=1.04388168 C=1.04388168 h=2.1627634 floor=0 slope=0.5 weights=0.0176759619 active=3
SOLVE n=384 V=159.999850272 dt=0.0166666675 outer=1 norm=0.000526915887006 target=1.59999850272e-07 q=1.15843979..2.7017116 dry=28 full=0 pred=1.92084535 worst=253 old=0.168832599 C=0.160251073 h=1.15843979 floor=0.75 slope=0.366650129 weights=0.00792396954 active=4
SOLVE n=384 V=159.999850272 dt=0.0166666675 outer=2 norm=1.67410796306e-06 target=1.59999850272e-07 q=1.15984655..2.7017116 dry=29 full=0 pred=1.92084535 worst=253 old=0.168832599 C=0.160765187 h=1.15984655 floor=0.75 slope=0.364269708 weights=0.00792396954 active=4
SOLVE n=384 V=159.999850272 dt=0.0166666675 outer=3 norm=1.03444826623e-08 target=1.59999850272e-07 q=1.15985105..2.7017116 dry=29 full=0 pred=1.92084535 worst=254 old=0.481350919 C=0.478613601 h=1.79783882 floor=0.75 slope=0.492172579 weights=0.0101280155 active=4
SOLVE n=64 V=1 dt=0.0166666675 outer=0 norm=0.0001630942469 target=1e-09 q=0.445052508..0.464275365 dry=0 full=0 pred=0.00654008227 worst=25 old=0.0240834963 C=0.0240834963 h=0.451555238 floor=0 slope=0.06 weights=0.00439292033 active=4
SOLVE n=64 V=1 dt=0.0166666675 outer=1 norm=4.07184699863e-07 target=1e-09 q=0.444122675..0.462151407 dry=0 full=0 pred=0.00654008227 worst=32 old=0.000833879609 C=0.000871140066 h=0.462151399 floor=0.30049065 slope=0.010777385 weights=0.000400950486 active=3
SOLVE n=64 V=1 dt=0.0166666675 outer=2 norm=4.48396851913e-11 target=1e-09 q=0.444121773..0.462114718 dry=0 full=0 pred=0.00654008227 worst=39 old=0.000833875957 C=0.000870740935 h=0.462114718 floor=0.300491007 slope=0.0107749158 weights=0.000400949359 active=3
SOLVE n=64 V=0.1 dt=0.0166666675 outer=0 norm=7.99396541115e-11 target=1e-09 q=0.0694444169..0.069444511 dry=0 full=0 pred=2.86146707e-09 worst=27 old=0.0015625015 C=0.0015625015 h=0.069444511 floor=0 slope=0.0225 weights=0.000756945281 active=4
SOLVE n=64 V=0.1 dt=0.0166666675 outer=0 norm=6.99841740917e-11 target=1e-09 q=0.0694444237..0.0694445303 dry=0 full=0 pred=1.8931761e-09 worst=27 old=0.00156250193 C=0.00156250193 h=0.0694445303 floor=0 slope=0.0225 weights=0.000756945491 active=4
SOLVE n=384 V=159.999850272 dt=0.0166666675 outer=0 norm=0.031192984542 target=1.59999850272e-07 q=1.15131584..2.7017116 dry=27 full=0 pred=1.95800853 worst=371 old=1.01506011 C=1.01506011 h=2.10512024 floor=0 slope=0.5 weights=0.0172452481 active=3
SOLVE n=384 V=159.999850272 dt=0.0166666675 outer=1 norm=7.02348512489e-05 target=1.59999850272e-07 q=1.14522328..2.69612518 dry=28 full=0 pred=1.95800853 worst=190 old=0.00642601859 C=0.00783987865 h=1.26858521 floor=1.2 slope=0.228617274 weights=0.000960618243 active=4
SOLVE n=384 V=159.999850272 dt=0.0166666675 outer=2 norm=1.5597268981e-07 target=1.59999850272e-07 q=1.14526953..2.69612518 dry=29 full=0 pred=1.95800853 worst=190 old=0.00642601859 C=0.00777005785 h=1.26827912 floor=1.2 slope=0.227596981 weights=0.000960618243 active=4
SOLVE n=64 V=1 dt=0.0166666675 outer=0 norm=0.000157846604606 target=1e-09 q=0.444121773..0.463792264 dry=0 full=0 pred=0.00650799485 worst=25 old=0.0242428616 C=0.0242428616 h=0.454211327 floor=0 slope=0.06 weights=0.00442185816 active=4
SOLVE n=64 V=1 dt=0.0166666675 outer=1 norm=3.25017947996e-07 target=1e-09 q=0.442012984..0.465237282 dry=0 full=0 pred=0.00650799485 worst=32 old=0.000870744663 C=0.000904715202 h=0.465237279 floor=0.30049065 slope=0.0109831103 weights=0.000412256058 active=3
SOLVE n=64 V=1 dt=0.0166666675 outer=2 norm=2.74876488737e-11 target=1e-09 q=0.441976342..0.465208539 dry=0 full=0 pred=0.00650799485 worst=24 old=0.000870744663 C=0.000904399541 h=0.465208536 floor=0.30049065 slope=0.0109811941 weights=0.000412256058 active=3
SOLVE n=64 V=0.1 dt=0.0166666675 outer=0 norm=8.81701190854e-11 target=1e-09 q=0.0694444168..0.0694445074 dry=0 full=0 pred=2.89807488e-09 worst=27 old=0.00156250142 C=0.00156250142 h=0.0694445074 floor=0 slope=0.0225 weights=0.000756945242 active=4
SOLVE n=64 V=0.1 dt=0.0166666675 outer=0 norm=7.78918198312e-11 target=1e-09 q=0.069444424..0.0694445272 dry=0 full=0 pred=2.09080197e-09 worst=27 old=0.00156250186 C=0.00156250186 h=0.0694445272 floor=0 slope=0.0225 weights=0.000756945458 active=4
SOLVE n=384 V=159.999850272 dt=0.0166666675 outer=0 norm=0.0318590173952 target=1.59999850272e-07 q=1.14256525..2.69612518 dry=27 full=0 pred=1.97365562 worst=371 old=0.984684857 C=0.984684857 h=2.04436974 floor=0 slope=0.5 weights=0.0168791713 active=3
SOLVE n=384 V=159.999850272 dt=0.0166666675 outer=1 norm=6.75640824996e-05 target=1.59999850272e-07 q=1.14837476..2.68430834 dry=28 full=0 pred=1.97365562 worst=190 old=0.00776990188 C=0.0092865605 h=1.27464543 floor=1.2 slope=0.248818013 weights=0.000979180556 active=4
SOLVE n=384 V=159.999850272 dt=0.0166666675 outer=2 norm=1.21866699351e-07 target=1.59999850272e-07 q=1.14839846..2.68430833 dry=29 full=0 pred=1.97365562 worst=190 old=0.00776990188 C=0.00921934781 h=1.27437481 floor=1.2 slope=0.247915951 weights=0.000979180556 active=4
SOLVE n=64 V=1 dt=0.0166666675 outer=0 norm=0.000149017994449 target=1e-09 q=0.441976335..0.465208536 dry=0 full=0 pred=0.00643274228 worst=25 old=0.0243970404 C=0.0243970404 h=0.456780973 floor=0 slope=0.06 weights=0.00445315367 active=4
SOLVE n=64 V=1 dt=0.0166666675 outer=1 norm=2.52792170103e-07 target=1e-09 q=0.439418123..0.467962383 dry=0 full=0 pred=0.00643274228 worst=32 old=0.000904399514 C=0.000934892857 h=0.467962383 floor=0.30049065 slope=0.0111647839 weights=0.000422461984 active=3
SOLVE n=64 V=1 dt=0.0166666675 outer=2 norm=1.60766397808e-11 target=1e-09 q=0.439388072..0.467940384 dry=0 full=0 pred=0.00643274228 worst=32 old=0.000904399514 C=0.000934647257 h=0.467940384 floor=0.30049065 slope=0.0111633173 weights=0.000422461984 active=3
SOLVE n=64 V=0.1 dt=0.0166666675 outer=0 norm=9.51983500073e-11 target=1e-09 q=0.0694444175..0.0694445046 dry=0 full=0 pred=2.90693975e-09 worst=27 old=0.00156250133 C=0.00156250133 h=0.0694445035 floor=0 slope=0.0225 weights=0.000756945202 active=4
SOLVE n=64 V=0.1 dt=0.0166666675 outer=0 norm=8.50482547987e-11 target=1e-09 q=0.0694444254..0.0694445237 dry=0 full=0 pred=2.3270441e-09 worst=27 old=0.00156250178 C=0.00156250178 h=0.0694445237 floor=0 slope=0.0225 weights=0.00075694542 active=4
SOLVE n=384 V=159.999850272 dt=0.0166666675 outer=0 norm=0.031539098866 target=1.59999850272e-07 q=1.14719453..2.68430833 dry=27 full=0 pred=1.9684135 worst=371 old=0.953703702 C=0.953703702 h=1.98240743 floor=0 slope=0.5 weights=0.0164972251 active=3
SOLVE n=384 V=159.999850272 dt=0.0166666675 outer=1 norm=6.50750898891e-05 target=1.59999850272e-07 q=1.16373855..2.66696892 dry=28 full=0 pred=1.9684135 worst=190 old=0.00921922594 C=0.0108334237 h=1.28062294 floor=1.2 slope=0.268743046 weights=0.000998304867 active=4
SOLVE n=384 V=159.999850272 dt=0.0166666675 outer=2 norm=9.63801029015e-08 target=1.59999850272e-07 q=1.1638666..2.66696892 dry=29 full=0 pred=1.9684135 worst=190 old=0.00921922594 C=0.010768651 h=1.28038156 floor=1.2 slope=0.267938438 weights=0.000998304867 active=4
SOLVE n=64 V=1 dt=0.0166666675 outer=0 norm=0.000158509491984 target=1e-09 q=0.439388068..0.467940382 dry=0 full=0 pred=0.00657614928 worst=36 old=0.0249535007 C=0.0249535007 h=0.46225338 floor=0 slope=0.0275999974 weights=0.00510751044 active=4
SOLVE n=64 V=1 dt=0.0166666675 outer=1 norm=1.90756779646e-07 target=1e-09 q=0.437190359..0.470332585 dry=0 full=0 pred=0.00657614928 worst=24 old=0.000934647241 C=0.000961542912 h=0.470332585 floor=0.30049065 slope=0.0113227974 weights=0.000431546097 active=3
SOLVE n=64 V=1 dt=0.0166666675 outer=2 norm=8.89222622436e-12 target=1e-09 q=0.437167903..0.470316209 dry=0 full=0 pred=0.00657614928 worst=32 old=0.000934647241 C=0.000961357497 h=0.470316209 floor=0.30049065 slope=0.0113217057 weights=0.000431546097 active=3
SOLVE n=64 V=0.1 dt=0.0166666675 outer=0 norm=1.00951728256e-10 target=1e-09 q=0.0694444192..0.0694445034 dry=0 full=0 pred=2.8858657e-09 worst=27 old=0.00156250123 C=0.00156250123 h=0.0694444993 floor=0 slope=0.0225 weights=0.000756945163 active=4
SOLVE n=64 V=0.1 dt=0.0166666675 outer=0 norm=9.14273920141e-11 target=1e-09 q=0.0694444276..0.0694445199 dry=0 full=0 pred=2.54084421e-09 worst=28 old=0.0015625017 C=0.0015625017 h=0.0694445199 floor=0 slope=0.0225 weights=0.000756945379 active=4
SOLVE n=384 V=159.999850272 dt=0.0166666675 outer=0 norm=0.0302893714837 target=1.59999850272e-07 q=1.163113..2.66696892 dry=27 full=0 pred=1.94342105 worst=371 old=0.923057237 C=0.923057237 h=1.9211145 floor=0 slope=0.5 weights=0.0161682527 active=3
SOLVE n=384 V=159.999850272 dt=0.0166666675 outer=1 norm=0.000131297952023 target=1.59999850272e-07 q=1.18993367..2.64499503 dry=28 full=0 pred=1.94342105 worst=253 old=0.168937119 C=0.182016995 h=1.18993367 floor=0.75 slope=0.482018022 weights=0.00853155346 active=4
SOLVE n=384 V=159.999850272 dt=0.0166666675 outer=2 norm=7.61555549477e-08 target=1.59999850272e-07 q=1.19020141..2.64499502 dry=29 full=0 pred=1.94342105 worst=190 old=0.0107685546 C=0.0124125718 h=1.28629917 floor=1.2 slope=0.287663829 weights=0.00101803434 active=4
SOLVE n=64 V=1 dt=0.0166666675 outer=0 norm=0.000169741877154 target=1e-09 q=0.4371679..0.470316208 dry=0 full=0 pred=0.00663152249 worst=36 old=0.0248082524 C=0.0248082524 h=0.461218668 floor=0 slope=0.0275999974 weights=0.00508480026 active=4
SOLVE n=64 V=1 dt=0.0166666675 outer=1 norm=1.3865267501e-07 target=1e-09 q=0.435394748..0.472355699 dry=0 full=0 pred=0.00663152249 worst=24 old=0.000961357488 C=0.000984586655 h=0.472355699 floor=0.30049065 slope=0.0114576717 weights=0.000439501453 active=3
SOLVE n=64 V=1 dt=0.0166666675 outer=2 norm=4.57996478312e-12 target=1e-09 q=0.435379982..0.472343929 dry=0 full=0 pred=0.00663152249 worst=24 old=0.000961357488 C=0.000984451806 h=0.472343929 floor=0.30049065 slope=0.0114568871 weights=0.000439501453 active=3
SOLVE n=64 V=0.1 dt=0.0166666675 outer=0 norm=1.05383324666e-10 target=1e-09 q=0.0694444217..0.0694445018 dry=0 full=0 pred=2.83330798e-09 worst=27 old=0.00156250113 C=0.00156250113 h=0.0694444948 floor=0 slope=0.0225 weights=0.000756945122 active=4
SOLVE n=64 V=0.1 dt=0.0166666675 outer=0 norm=9.70126524347e-11 target=1e-09 q=0.0694444309..0.0694445159 dry=0 full=0 pred=2.73690965e-09 worst=28 old=0.00156250161 C=0.00156250161 h=0.0694445159 floor=0 slope=0.0225 weights=0.000756945334 active=4
SOLVE n=384 V=159.999850272 dt=0.0166666675 outer=0 norm=0.0281912867717 target=1.59999850272e-07 q=1.18951189..2.64499502 dry=27 full=0 pred=1.89940937 worst=371 old=0.893636792 C=0.893636792 h=1.86227361 floor=0 slope=0.5 weights=0.0159344997 active=3
SOLVE n=384 V=159.999850272 dt=0.0166666675 outer=1 norm=0.000236891664163 target=1.59999850272e-07 q=1.22615631..2.61938399 dry=28 full=0 pred=1.89940937 worst=253 old=0.182146055 C=0.199981684 h=1.22615631 floor=0.75 slope=0.478953763 weights=0.0087749014 active=4
SOLVE n=384 V=159.999850272 dt=0.0166666675 outer=2 norm=6.30036933996e-08 target=1.59999850272e-07 q=1.22664243..2.61938398 dry=29 full=0 pred=1.89940937 worst=253 old=0.182146055 C=0.200214451 h=1.22664243 floor=0.75 slope=0.47871241 weights=0.0087749014 active=4
SOLVE n=64 V=1 dt=0.0166666675 outer=0 norm=0.000177617459327 target=1e-09 q=0.435379981..0.472343929 dry=0 full=0 pred=0.00659704994 worst=36 old=0.024652815 C=0.024652815 h=0.460027495 floor=0 slope=0.0275999974 weights=0.00506014142 active=4
SOLVE n=64 V=1 dt=0.0166666675 outer=1 norm=9.59213217141e-08 target=1e-09 q=0.434082501..0.474040277 dry=0 full=0 pred=0.00659704994 worst=24 old=0.000984451801 C=0.00100398259 h=0.474040277 floor=0.30049065 slope=0.011569977 weights=0.000446331746 active=3
SOLVE n=64 V=1 dt=0.0166666675 outer=2 norm=9.55709732951e-11 target=1e-09 q=0.434074539..0.474032207 dry=0 full=0 pred=0.00659704994 worst=14 old=0.0239701563 C=0.0239670372 h=0.449615854 floor=0 slope=0.06 weights=0.00437844321 active=4
SOLVE n=64 V=0.1 dt=0.0166666675 outer=0 norm=1.08470980994e-10 target=1e-09 q=0.0694444251..0.0694445001 dry=0 full=0 pred=3.02774592e-09 worst=27 old=0.00156250103 C=0.00156250103 h=0.0694444901 floor=0 slope=0.0225 weights=0.000756945079 active=4
SOLVE n=64 V=0.1 dt=0.0166666675 outer=0 norm=1.12206776792e-10 target=1e-09 q=0.069444435..0.0694445116 dry=0 full=0 pred=3.02775666e-09 worst=49 old=0.00156249979 C=0.00156249979 h=0.069444435 floor=0 slope=0.0225 weights=0.000756944729 active=4
SOLVE n=384 V=159.999850272 dt=0.0166666675 outer=0 norm=0.0253529180248 target=1.59999850272e-07 q=1.22577013..2.61938398 dry=27 full=0 pred=1.87996481 worst=371 old=0.866259014 C=0.866259014 h=1.80751805 floor=0 slope=0.5 weights=0.0157059225 active=3
SOLVE n=384 V=159.999850272 dt=0.0166666675 outer=1 norm=0.00041941257738 target=1.59999850272e-07 q=1.24617112..2.6013484 dry=28 full=0 pred=1.87996481 worst=253 old=0.200214514 C=0.222340563 h=1.27168378 floor=0.75 slope=0.47084012 weights=0.00903496051 active=4
SOLVE n=384 V=159.999850272 dt=0.0166666675 outer=2 norm=2.17098976744e-07 target=1.59999850272e-07 q=1.24606607..2.60134838 dry=29 full=0 pred=1.87996481 worst=253 old=0.200214514 C=0.222752098 h=1.27255828 floor=0.75 slope=0.470342941 weights=0.00903496051 active=4
SOLVE n=384 V=159.999850272 dt=0.0166666675 outer=3 norm=1.63660005621e-09 target=1.59999850272e-07 q=1.24606595..2.60134838 dry=29 full=0 pred=1.87996481 worst=63 old=0.00682149191 C=0.00762419796 h=2.01763521 floor=1.95 slope=0.22545063 weights=0.000577607959 active=4
SOLVE n=64 V=1 dt=0.0166666675 outer=0 norm=0.000182026608051 target=1e-09 q=0.434074536..0.474032207 dry=0 full=0 pred=0.0064726347 worst=36 old=0.0244902348 C=0.0244902348 h=0.458699278 floor=0 slope=0.0275999974 weights=0.00503400056 active=4
SOLVE n=64 V=1 dt=0.0166666675 outer=1 norm=6.44369435113e-08 target=1e-09 q=0.43328769..0.475394653 dry=0 full=0 pred=0.0064726347 worst=47 old=0.000874183384 C=0.000889258261 h=0.463824236 floor=0.300491007 slope=0.0108888836 weights=0.000422139699 active=3
SOLVE n=64 V=1 dt=0.0166666675 outer=2 norm=6.36191314744e-11 target=1e-09 q=0.433284747..0.475389482 dry=0 full=0 pred=0.0064726347 worst=14 old=0.0239670371 C=0.023970803 h=0.449678618 floor=0 slope=0.06 weights=0.00438204889 active=4
SOLVE n=64 V=0.1 dt=0.0166666675 outer=0 norm=1.10216562997e-10 target=1e-09 q=0.0694444292..0.0694444981 dry=0 full=0 pred=3.29281286e-09 worst=27 old=0.00156250092 C=0.00156250092 h=0.0694444853 floor=0 slope=0.0225 weights=0.000756945034 active=4
SOLVE n=64 V=0.1 dt=0.0166666675 outer=0 norm=1.28903407296e-10 target=1e-09 q=0.06944444..0.069444507 dry=0 full=0 pred=3.29282262e-09 worst=49 old=0.0015624999 C=0.0015624999 h=0.06944444 floor=0 slope=0.0225 weights=0.000756944755 active=4
SOLVE n=384 V=159.999850272 dt=0.0166666675 outer=0 norm=0.0270911147732 target=1.59999850272e-07 q=1.24606595..2.60134838 dry=27 full=0 pred=1.95490681 worst=253 old=0.222752311 C=0.222752311 h=1.27121349 floor=0.75 slope=0.485508825 weights=0.00925587826 active=4
SOLVE n=384 V=159.999850272 dt=0.0166666675 outer=1 norm=0.000734382363457 target=1.59999850272e-07 q=1.24920157..2.6067207 dry=28 full=0 pred=1.95490681 worst=253 old=0.222752311 C=0.248519531 h=1.3257987 floor=0.75 slope=0.455927816 weights=0.00925587826 active=4
SOLVE n=384 V=159.999850272 dt=0.0166666675 outer=2 norm=8.62559830577e-07 target=1.59999850272e-07 q=1.24910182..2.60672069 dry=28 full=0 pred=1.95490681 worst=253 old=0.222752311 C=0.249238695 h=1.32737796 floor=0.75 slope=0.454833232 weights=0.00925587826 active=4
SOLVE n=384 V=159.999850272 dt=0.0166666675 outer=3 norm=4.69950923055e-09 target=1.59999850272e-07 q=1.24910172..2.60672069 dry=28 full=0 pred=1.95490681 worst=252 old=0.478848047 C=0.475436886 h=1.80061748 floor=0.75 slope=0.43087364 weights=0.010957886 active=4
SOLVE n=64 V=1 dt=0.0166666675 outer=0 norm=0.000182942077004 target=1e-09 q=0.433284746..0.475389482 dry=0 full=0 pred=0.00625996341 worst=36 old=0.0243236586 C=0.0243236586 h=0.457257341 floor=0 slope=0.0275999974 weights=0.00500687352 active=4
SOLVE n=64 V=1 dt=0.0166666675 outer=1 norm=4.78311717063e-08 target=1e-09 q=0.433025152..0.476426258 dry=0 full=0 pred=0.00625996341 worst=47 old=0.000889195839 C=0.000902286705 h=0.465016376 floor=0.300491007 slope=0.0109683596 weights=0.00042675174 active=3
SOLVE n=64 V=1 dt=0.0166666675 outer=2 norm=4.0942254151e-11 target=1e-09 q=0.433024829..0.476423275 dry=0 full=0 pred=0.00625996341 worst=14 old=0.023970803 C=0.0239819412 h=0.449864254 floor=0 slope=0.06 weights=0.0043860284 active=4
SOLVE n=64 V=0.1 dt=0.0166666675 outer=0 norm=1.20769913567e-10 target=1e-09 q=0.069444434..0.0694444959 dry=0 full=0 pred=3.52646734e-09 worst=49 old=0.00156249976 C=0.00156249976 h=0.069444434 floor=0 slope=0.0225 weights=0.000756944635 active=4
SOLVE n=64 V=0.1 dt=0.0166666675 outer=0 norm=1.43167754747e-10 target=1e-09 q=0.0694444458..0.0694445023 dry=0 full=0 pred=3.52647598e-09 worst=49 old=0.00156250003 C=0.00156250003 h=0.0694444458 floor=0 slope=0.0225 weights=0.000756944783 active=4
SOLVE n=384 V=159.999850272 dt=0.0166666675 outer=0 norm=0.0304852864062 target=1.59999850272e-07 q=1.24910172..2.60672069 dry=27 full=0 pred=1.99258976 worst=253 old=0.249239541 C=0.249239541 h=1.32511187 floor=0.75 slope=0.474549974 weights=0.00940044846 active=4
SOLVE n=384 V=159.999850272 dt=0.0166666675 outer=1 norm=0.00127098962258 target=1.59999850272e-07 q=1.25226053..2.61246928 dry=29 full=0 pred=1.99258976 worst=253 old=0.249239541 C=0.277782277 h=1.38793712 floor=0.75 slope=0.430473286 weights=0.00940044846 active=4
SOLVE n=384 V=159.999850272 dt=0.0166666675 outer=2 norm=3.67331246903e-06 target=1.59999850272e-07 q=1.25216521..2.61246928 dry=29 full=0 pred=1.99258976 worst=253 old=0.249239541 C=0.279022734 h=1.39082727 floor=0.75 slope=0.427923685 weights=0.00940044846 active=4
SOLVE n=384 V=159.999850272 dt=0.0166666675 outer=3 norm=2.94976124529e-10 target=1.59999850272e-07 q=1.25216513..2.61246928 dry=29 full=0 pred=1.99258976 worst=39 old=1.70915758e-08 C=2.16387902e-10 h=2.10001142 floor=2.1 slope=3.7981372e-05 weights=4.54756636e-07 active=3
SOLVE n=64 V=1 dt=0.0166666675 outer=0 norm=0.000180414801557 target=1e-09 q=0.433024828..0.476423276 dry=0 full=0 pred=0.00596257447 worst=36 old=0.024156259 C=0.024156259 h=0.455727081 floor=0 slope=0.0275999974 weights=0.00498096188 active=4
SOLVE n=64 V=1 dt=0.0166666675 outer=1 norm=3.26646744545e-08 target=1e-09 q=0.433290012..0.477141229 dry=0 full=0 pred=0.00596257447 worst=47 old=0.000902240442 C=0.000913130465 h=0.466002063 floor=0.300491007 slope=0.0110340721 weights=0.000430632473 active=3
SOLVE n=64 V=1 dt=0.0166666675 outer=2 norm=3.02031226831e-11 target=1e-09 q=0.433289678..0.477139799 dry=0 full=0 pred=0.00596257447 worst=30 old=0.0250437024 C=0.0250863213 h=0.468269107 floor=0 slope=0.06 weights=0.00458121383 active=4
SOLVE n=64 V=0.1 dt=0.0166666675 outer=0 norm=1.31289982246e-10 target=1e-09 q=0.0694444393..0.0694444936 dry=0 full=0 pred=3.72367887e-09 worst=49 old=0.00156249988 C=0.00156249988 h=0.0694444393 floor=0 slope=0.0225 weights=0.000756944659 active=4
SOLVE n=64 V=0.1 dt=0.0166666675 outer=0 norm=1.54676766725e-10 target=1e-09 q=0.0694444521..0.0694444975 dry=0 full=0 pred=3.72368628e-09 worst=49 old=0.00156250017 C=0.00156250017 h=0.0694444521 floor=0 slope=0.0225 weights=0.000756944814 active=4
SOLVE n=384 V=159.999850272 dt=0.0166666675 outer=0 norm=0.0331230591632 target=1.59999850272e-07 q=1.25216513..2.61246928 dry=27 full=0 pred=1.99652883 worst=253 old=0.279026329 C=0.279026329 h=1.38688044 floor=0.75 slope=0.454048685 weights=0.00948276843 active=4
SOLVE n=384 V=159.999850272 dt=0.0166666675 outer=1 norm=0.00222549227653 target=1.59999850272e-07 q=1.25535165..2.63536109 dry=29 full=0 pred=1.99652883 worst=253 old=0.279026329 C=0.309176674 h=1.4581852 floor=0.75 slope=0.386638603 weights=0.00948276843 active=4
SOLVE n=384 V=159.999850272 dt=0.0166666675 outer=2 norm=1.84132534358e-05 target=1.59999850272e-07 q=1.25526006..2.63536109 dry=29 full=0 pred=1.99652883 worst=253 old=0.279026329 C=0.31133089 h=1.46380448 floor=0.75 slope=0.380054023 weights=0.00948276843 active=4
SOLVE n=384 V=159.999850272 dt=0.0166666675 outer=3 norm=1.65038725915e-09 target=1.59999850272e-07 q=1.25525999..2.63536109 dry=29 full=0 pred=1.99652883 worst=276 old=0.620792277 C=0.624689826 h=1.92437968 floor=0.6 slope=0.5 weights=0.0141675868 active=4
SOLVE n=64 V=1 dt=0.0166666675 outer=0 norm=0.000174556854881 target=1e-09 q=0.433289678..0.4771398 dry=0 full=0 pred=0.00558510927 worst=36 old=0.0239911747 C=0.0239911747 h=0.454136842 floor=0 slope=0.0275999974 weights=0.00495664882 active=4
SOLVE n=64 V=1 dt=0.0166666675 outer=1 norm=1.97614818094e-08 target=1e-09 q=0.434058943..0.477544308 dry=0 full=0 pred=0.00558510927 worst=47 old=0.000913098923 C=0.000921614213 h=0.466769154 floor=0.300491007 slope=0.0110852115 weights=0.000433739025 active=3
SOLVE n=64 V=1 dt=0.0166666675 outer=2 norm=2.6232000428e-11 target=1e-09 q=0.434056157..0.47754385 dry=0 full=0 pred=0.00558510927 worst=14 old=0.0240006611 C=0.0240268891 h=0.450613385 floor=0 slope=0.06 weights=0.00439519548 active=4
SOLVE n=64 V=0.1 dt=0.0166666675 outer=0 norm=1.3908231296e-10 target=1e-09 q=0.0694444452..0.0694444911 dry=0 full=0 pred=3.88015381e-09 worst=49 old=0.00156250002 C=0.00156250002 h=0.0694444452 floor=0 slope=0.0225 weights=0.000756944684 active=4
SOLVE n=64 V=0.1 dt=0.0166666675 outer=0 norm=1.6317147047e-10 target=1e-09 q=0.069444459..0.0694444925 dry=0 full=0 pred=3.88015986e-09 worst=49 old=0.00156250033 C=0.00156250033 h=0.069444459 floor=0 slope=0.0225 weights=0.000756944846 active=4
SOLVE n=384 V=159.999850272 dt=0.0166666675 outer=0 norm=0.0349150057622 target=1.59999850272e-07 q=1.25525999..2.63536109 dry=27 full=0 pred=1.97122987 worst=253 old=0.311348857 C=0.311348857 h=1.45676898 floor=0.75 slope=0.414763823 weights=0.00952711651 active=4
SOLVE n=384 V=159.999850272 dt=0.0166666675 outer=1 norm=0.00421103284819 target=1.59999850272e-07 q=1.25847852..2.6507776 dry=28 full=0 pred=1.97122987 worst=253 old=0.311348857 C=0.341214979 h=1.53892936 floor=0.75 slope=0.305531304 weights=0.00952711651 active=4
SOLVE n=384 V=159.999850272 dt=0.0166666675 outer=2 norm=0.000133852810919 target=1.59999850272e-07 q=1.25839009..2.65077761 dry=29 full=0 pred=1.97122987 worst=253 old=0.311348857 C=0.345165545 h=1.55229761 floor=0.75 slope=0.285593954 weights=0.00952711651 active=4
SOLVE n=384 V=159.999850272 dt=0.0166666675 outer=3 norm=1.51365450103e-07 target=1.59999850272e-07 q=1.25839002..2.65077761 dry=29 full=0 pred=1.97122987 worst=253 old=0.311348857 C=0.345294946 h=1.55275124 floor=0.75 slope=0.284926696 weights=0.00952711651 active=4
SOLVE n=64 V=1 dt=0.0166666675 outer=0 norm=0.000165557753652 target=1e-09 q=0.434056157..0.477543851 dry=0 full=0 pred=0.00513360953 worst=36 old=0.023831443 C=0.023831443 h=0.452516636 floor=0 slope=0.0275999974 weights=0.0049328003 active=4
SOLVE n=64 V=1 dt=0.0166666675 outer=1 norm=2.41524816221e-08 target=1e-09 q=0.43529292..0.477639014 dry=0 full=0 pred=0.00513360953 worst=63 old=0.00019303219 C=0.000197039734 h=0.43529292 floor=0.300491007 slope=0.00325990706 weights=0.000130807784 active=2
SOLVE n=64 V=1 dt=0.0166666675 outer=2 norm=2.60182710066e-11 target=1e-09 q=0.435285778..0.477638984 dry=0 full=0 pred=0.00513360953 worst=54 old=0.024026889 C=0.0240602728 h=0.451169781 floor=0 slope=0.06 weights=0.00440036921 active=4
SOLVE n=64 V=0.1 dt=0.0166666675 outer=0 norm=1.43977252854e-10 target=1e-09 q=0.069444451..0.0694444885 dry=0 full=0 pred=3.99245086e-09 worst=49 old=0.00156250016 C=0.00156250016 h=0.0694444513 floor=0 slope=0.0225 weights=0.000756944711 active=4
SOLVE n=64 V=0.1 dt=0.0166666675 outer=0 norm=1.68463430859e-10 target=1e-09 q=0.0694444662..0.0694444875 dry=0 full=0 pred=3.99245548e-09 worst=49 old=0.00156250049 C=0.00156250049 h=0.0694444662 floor=0 slope=0.0225 weights=0.000756944879 active=4
SOLVE n=384 V=159.999850272 dt=0.0166666675 outer=0 norm=0.0356906964318 target=1.59999850272e-07 q=1.25839002..2.65077761 dry=27 full=0 pred=1.92105298 worst=253 old=0.345295097 C=0.345295097 h=1.53898992 floor=0.75 slope=0.329723672 weights=0.00955596683 active=4
SOLVE n=384 V=159.999850272 dt=0.0166666675 outer=1 norm=0.00776130240794 target=1.59999850272e-07 q=1.26164471..2.65876452 dry=28 full=0 pred=1.92105298 worst=253 old=0.345295097 C=0.372186763 h=1.64408691 floor=0.75 slope=0.188485678 weights=0.00955596683 active=4
SOLVE n=384 V=159.999850272 dt=0.0166666675 outer=2 norm=0.000842524454437 target=1.59999850272e-07 q=1.26155892..2.65876452 dry=29 full=0 pred=1.92105298 worst=253 old=0.345295097 C=0.378732916 h=1.68328712 floor=0.75 slope=0.146624897 weights=0.00955596683 active=4
SOLVE n=384 V=159.999850272 dt=0.0166666675 outer=3 norm=1.41495247599e-05 target=1.59999850272e-07 q=1.26155886..2.65876452 dry=29 full=0 pred=1.92105298 worst=253 old=0.345295097 C=0.37950998 h=1.68868329 floor=0.75 slope=0.141402679 weights=0.00955596683 active=4
SOLVE n=384 V=159.999850272 dt=0.0166666675 outer=4 norm=4.19930015066e-09 target=1.59999850272e-07 q=1.26155886..2.65876452 dry=29 full=0 pred=1.92105298 worst=253 old=0.345295097 C=0.379523234 h=1.68877706 floor=0.75 slope=0.141313111 weights=0.00955596683 active=4
SOLVE n=64 V=1 dt=0.0166666675 outer=0 norm=0.000153687171127 target=1e-09 q=0.435285778..0.477638984 dry=0 full=0 pred=0.00461639628 worst=36 old=0.0236799225 C=0.0236799225 h=0.450897259 floor=0 slope=0.0275999974 weights=0.00490983055 active=4
SOLVE n=64 V=1 dt=0.0166666675 outer=1 norm=4.34663402256e-08 target=1e-09 q=0.436940935..0.477428056 dry=0 full=0 pred=0.00461639628 worst=63 old=0.000197016453 C=0.000202455205 h=0.436940935 floor=0.300491007 slope=0.00331225381 weights=0.000131491889 active=2
SOLVE n=64 V=1 dt=0.0166666675 outer=2 norm=4.49879818728e-11 target=1e-09 q=0.436928278..0.477427933 dry=0 full=0 pred=0.00461639628 worst=22 old=0.0246563748 C=0.0246660962 h=0.461265356 floor=0 slope=0.06 weights=0.00453107625 active=4
SOLVE n=64 V=0.1 dt=0.0166666675 outer=0 norm=1.45872580978e-10 target=1e-09 q=0.0694444544..0.0694444858 dry=0 full=0 pred=4.05807352e-09 worst=49 old=0.0015625003 C=0.0015625003 h=0.0694444577 floor=0 slope=0.0225 weights=0.000756944746 active=4
SOLVE n=64 V=0.1 dt=0.0166666675 outer=0 norm=1.70439249118e-10 target=1e-09 q=0.0694444737..0.0694444825 dry=0 full=0 pred=4.05807681e-09 worst=54 old=0.00156250066 C=0.00156250066 h=0.0694444737 floor=0 slope=0.0225 weights=0.000756944914 active=4
SOLVE n=384 V=159.999850272 dt=0.0166666675 outer=0 norm=0.0348576116959 target=1.59999850272e-07 q=1.26155886..2.65876452 dry=27 full=0 pred=1.89041093 worst=253 old=0.379523238 C=0.379523238 h=1.65131102 floor=0.75 slope=0.202088608 weights=0.00969309592 active=4
SOLVE n=384 V=159.999850272 dt=0.0166666675 outer=1 norm=0.0126687239622 target=1.59999850272e-07 q=1.26485367..2.65960298 dry=28 full=0 pred=1.89041093 worst=253 old=0.379523238 C=0.400113198 h=1.81588577 floor=0.75 slope=0.0679231681 weights=0.00969309592 active=4
SOLVE n=384 V=159.999850272 dt=0.0166666675 outer=2 norm=0.0030406767986 target=1.59999850272e-07 q=1.2647701..2.65960299 dry=29 full=0 pred=1.89041093 worst=253 old=0.379523238 C=0.408166226 h=1.97921304 floor=0.75 slope=0.0476278108 weights=0.00969309592 active=4
SOLVE n=384 V=159.999850272 dt=0.0166666675 outer=3 norm=0.000434430274964 target=1.59999850272e-07 q=1.26477005..2.65960299 dry=29 full=0 pred=1.89041093 worst=253 old=0.379523238 C=0.41112928 h=2.03230437 floor=0.75 slope=0.0660569474 weights=0.00969309592 active=4
SOLVE n=384 V=159.999850272 dt=0.0166666675 outer=4 norm=7.49768457787e-06 target=1.59999850272e-07 q=1.26477005..2.65960299 dry=29 full=0 pred=1.89041093 worst=253 old=0.379523238 C=0.410757696 h=2.02656566 floor=0.75 slope=0.063468038 weights=0.00969309592 active=4
SOLVE n=384 V=159.999850272 dt=0.0166666675 outer=5 norm=3.70331983135e-09 target=1.59999850272e-07 q=1.26477005..2.65960299 dry=29 full=0 pred=1.89041093 worst=276 old=0.631711088 C=0.634833145 h=1.94466631 floor=0.6 slope=0.5 weights=0.0144139519 active=4
SOLVE n=64 V=1 dt=0.0166666675 outer=0 norm=0.00013927621778 target=1e-09 q=0.436928277..0.477427933 dry=0 full=0 pred=0.0043631407 worst=28 old=0.0235392289 C=0.0235392289 h=0.449309676 floor=0 slope=0.0275999974 weights=0.00488812703 active=4
SOLVE n=64 V=1 dt=0.0166666675 outer=1 norm=6.4868183802e-08 target=1e-09 q=0.438944054..0.476913948 dry=0 full=0 pred=0.0043631407 worst=63 old=0.000202413279 C=0.000209154099 h=0.438944054 floor=0.300491007 slope=0.00337628616 weights=0.000132465099 active=2
SOLVE n=64 V=1 dt=0.0166666675 outer=2 norm=8.03900615916e-11 target=1e-09 q=0.438925508..0.476913223 dry=0 full=0 pred=0.0043631407 worst=22 old=0.0246660962 C=0.0246679578 h=0.461296381 floor=0 slope=0.06 weights=0.00453143359 active=4
SOLVE n=64 V=0.1 dt=0.0166666675 outer=0 norm=1.44736091072e-10 target=1e-09 q=0.069444456..0.069444485 dry=0 full=0 pred=4.0755365e-09 worst=49 old=0.00156250045 C=0.00156250045 h=0.0694444642 floor=0 slope=0.0225 weights=0.000756944786 active=4
SOLVE n=64 V=0.1 dt=0.0166666675 outer=0 norm=1.69063041616e-10 target=1e-09 q=0.0694444774..0.0694444813 dry=0 full=0 pred=4.07553992e-09 worst=54 old=0.00156250083 C=0.00156250083 h=0.0694444813 floor=0 slope=0.0225 weights=0.000756944958 active=4
SOLVE n=384 V=159.999850272 dt=0.0166666675 outer=0 norm=0.0300383759 target=1.59999850272e-07 q=1.26477005..2.65960299 dry=27 full=0 pred=1.92642964 worst=253 old=0.410751187 C=0.410751187 h=1.82889349 floor=0.75 slope=0.0741262909 weights=0.0104168572 active=4
SOLVE n=384 V=159.999850272 dt=0.0166666675 outer=1 norm=9.49132775528e-05 target=1.59999850272e-07 q=1.26810879..2.65377854 dry=28 full=0 pred=1.92642964 worst=253 old=0.410751187 C=0.437040295 h=2.18482689 floor=0.75 slope=0.162584487 weights=0.0104168572 active=4
SOLVE n=384 V=159.999850272 dt=0.0166666675 outer=2 norm=1.53761421758e-07 target=1.59999850272e-07 q=1.26802708..2.65377854 dry=29 full=0 pred=1.92642964 worst=253 old=0.410751187 C=0.437130005 h=2.18537771 floor=0.75 slope=0.163142856 weights=0.0104168572 active=4
SOLVE n=64 V=1 dt=0.0166666675 outer=0 norm=0.000122704281484 target=1e-09 q=0.438925506..0.476913223 dry=0 full=0 pred=0.00419529596 worst=28 old=0.0234116799 C=0.0234116799 h=0.447783278 floor=0 slope=0.0275999974 weights=0.00486804057 active=4
SOLVE n=64 V=1 dt=0.0166666675 outer=1 norm=8.60837903034e-08 target=1e-09 q=0.441239213..0.476099768 dry=0 full=0 pred=0.00419529596 worst=63 old=0.000209091482 C=0.000216987926 h=0.441239213 floor=0.300491007 slope=0.00345020206 weights=0.000133711676 active=2
SOLVE n=64 V=1 dt=0.0166666675 outer=2 norm=9.44387459334e-12 target=1e-09 q=0.44121511..0.476097943 dry=0 full=0 pred=0.00419529596 worst=63 old=0.000209091482 C=0.000216904776 h=0.44121511 floor=0.300491007 slope=0.00344942279 weights=0.000133711676 active=2
SOLVE n=64 V=0.1 dt=0.0166666675 outer=0 norm=1.40606339993e-10 target=1e-09 q=0.0694444525..0.0694444885 dry=0 full=0 pred=4.04440452e-09 worst=49 old=0.00156250059 C=0.00156250059 h=0.0694444707 floor=0 slope=0.0225 weights=0.000756944844 active=4
SOLVE n=64 V=0.1 dt=0.0166666675 outer=0 norm=1.64377370905e-10 target=1e-09 q=0.0694444724..0.0694444888 dry=0 full=0 pred=4.04440797e-09 worst=54 old=0.001562501 C=0.001562501 h=0.0694444888 floor=0 slope=0.0225 weights=0.00075694504 active=4
SOLVE n=384 V=159.999850272 dt=0.0166666675 outer=0 norm=0.0242491571698 target=1.59999850272e-07 q=1.26802703..2.65377854 dry=27 full=0 pred=1.93101928 worst=360 old=0.954311566 C=0.954311566 h=1.98362316 floor=0 slope=0.5 weights=0.0108387062 active=2
SOLVE n=384 V=159.999850272 dt=0.0166666675 outer=1 norm=0.0121245798854 target=1.59999850272e-07 q=1.2697202..2.64786007 dry=28 full=0 pred=1.93101928 worst=360 old=0.954311566 C=0.942333757 h=1.95966754 floor=0 slope=0.5 weights=0.0108387062 active=2
SOLVE n=384 V=159.999850272 dt=0.0166666675 outer=2 norm=0.000453202298224 target=1.59999850272e-07 q=1.27135178..2.64194159 dry=29 full=0 pred=1.93101928 worst=253 old=0.437129851 C=0.457818936 h=2.25122658 floor=0.75 slope=0.206713038 weights=0.0118343498 active=4
SOLVE n=384 V=159.999850272 dt=0.0166666675 outer=3 norm=2.53798544091e-06 target=1.59999850272e-07 q=1.27133315..2.64194159 dry=29 full=0 pred=1.93101928 worst=253 old=0.437129851 C=0.457392791 h=2.24915278 floor=0.75 slope=0.204268488 weights=0.0118343498 active=4
SOLVE n=384 V=159.999850272 dt=0.0166666675 outer=4 norm=4.89594130862e-10 target=1.59999850272e-07 q=1.27133315..2.64194159 dry=29 full=0 pred=1.93101928 worst=276 old=0.637757464 C=0.640572618 h=1.95614526 floor=0.6 slope=0.5 weights=0.0145681456 active=4
SOLVE n=64 V=1 dt=0.0166666675 outer=0 norm=0.000104386429684 target=1e-09 q=0.441215107..0.476097943 dry=0 full=0 pred=0.00473501233 worst=36 old=0.0232992508 C=0.0232992508 h=0.446345694 floor=0 slope=0.0275999974 weights=0.00484988062 active=4
SOLVE n=64 V=1 dt=0.0166666675 outer=1 norm=1.05197159486e-07 target=1e-09 q=0.442877977..0.474990004 dry=0 full=0 pred=0.00473501233 worst=63 old=0.000216904767 C=0.000225796687 h=0.44376241 floor=0.300491007 slope=0.00353213739 weights=0.000135207983 active=2
SOLVE n=64 V=1 dt=0.0166666675 outer=2 norm=1.3626240471e-11 target=1e-09 q=0.442877977..0.474986597 dry=0 full=0 pred=0.00473501233 worst=63 old=0.000216904767 C=0.000225694999 h=0.443733617 floor=0.300491007 slope=0.0035311984 weights=0.000135207983 active=2
SOLVE n=64 V=0.1 dt=0.0166666675 outer=0 norm=1.33591718513e-10 target=1e-09 q=0.0694444485..0.0694444918 dry=0 full=0 pred=3.96530263e-09 worst=9 old=0.00156250073 C=0.00156250073 h=0.0694444769 floor=0 slope=0.0225 weights=0.00075694491 active=4
SOLVE n=64 V=0.1 dt=0.0166666675 outer=0 norm=1.56501592997e-10 target=1e-09 q=0.0694444674..0.0694444961 dry=0 full=0 pred=3.96530593e-09 worst=54 old=0.00156250116 C=0.00156250116 h=0.0694444961 floor=0 slope=0.0225 weights=0.000756945119 active=4
SOLVE n=384 V=159.999850272 dt=0.0166666675 outer=0 norm=0.0228201863287 target=1.59999850272e-07 q=1.27133315..2.64194159 dry=27 full=0 pred=1.90649579 worst=360 old=0.930355945 C=0.930355945 h=1.93571192 floor=0 slope=0.5 weights=0.0106330956 active=2
SOLVE n=384 V=159.999850272 dt=0.0166666675 outer=1 norm=0.00676721197925 target=1.59999850272e-07 q=1.27477057..2.62486332 dry=28 full=0 pred=1.90649579 worst=253 old=0.457390392 C=0.477489523 h=2.30231856 floor=0.75 slope=0.234092405 weights=0.0125350282 active=4
SOLVE n=384 V=159.999850272 dt=0.0166666675 outer=2 norm=0.000457899314632 target=1.59999850272e-07 q=1.27469167..2.62486332 dry=29 full=0 pred=1.90649579 worst=253 old=0.457390392 C=0.47152269 h=2.27487328 floor=0.75 slope=0.201058544 weights=0.0125350282 active=4
SOLVE n=384 V=159.999850272 dt=0.0166666675 outer=3 norm=2.67946831575e-06 target=1.59999850272e-07 q=1.27469163..2.62486332 dry=29 full=0 pred=1.90649579 worst=253 old=0.457390392 C=0.471094183 h=2.2727287 floor=0.75 slope=0.198561759 weights=0.0125350282 active=4
SOLVE n=384 V=159.999850272 dt=0.0166666675 outer=4 norm=5.58214920468e-10 target=1.59999850272e-07 q=1.27469163..2.62486332 dry=30 full=0 pred=1.90649579 worst=276 old=0.640572617 C=0.643392268 h=1.96178456 floor=0.6 slope=0.5 weights=0.0146399535 active=4
SOLVE n=64 V=1 dt=0.0166666675 outer=0 norm=8.47564722465e-05 target=1e-09 q=0.443733613..0.474986597 dry=0 full=0 pred=0.0053853084 worst=36 old=0.0232035418 C=0.0232035418 h=0.445021599 floor=0 slope=0.0275999974 weights=0.00483690311 active=4
SOLVE n=64 V=1 dt=0.0166666675 outer=1 norm=1.20777888359e-07 target=1e-09 q=0.442203712..0.473591443 dry=0 full=0 pred=0.0053853084 worst=63 old=0.000225694986 C=0.00023541168 h=0.446451081 floor=0.300491007 slope=0.0036202246 weights=0.000136923155 active=2
SOLVE n=64 V=1 dt=0.0166666675 outer=2 norm=1.73259603262e-11 target=1e-09 q=0.442203712..0.473585996 dry=0 full=0 pred=0.0053853084 worst=63 old=0.000225694986 C=0.000235294846 h=0.446418804 floor=0.300491007 slope=0.00361916235 weights=0.000136923155 active=2
SOLVE n=64 V=0.1 dt=0.0166666675 outer=0 norm=1.23867635974e-10 target=1e-09 q=0.0694444448..0.0694444949 dry=0 full=0 pred=3.83989744e-09 worst=9 old=0.00156250086 C=0.00156250086 h=0.0694444828 floor=0 slope=0.0225 weights=0.000756944974 active=4
SOLVE n=64 V=0.1 dt=0.0166666675 outer=0 norm=1.45628857097e-10 target=1e-09 q=0.0694444626..0.0694445031 dry=0 full=0 pred=3.8399005e-09 worst=9 old=0.00156250132 C=0.00156250132 h=0.0694445031 floor=0 slope=0.0225 weights=0.000756945195 active=4
SOLVE n=384 V=159.999850272 dt=0.0166666675 outer=0 norm=0.0211339308555 target=1.59999850272e-07 q=1.27469163..2.62486332 dry=27 full=0 pred=1.85533892 worst=360 old=0.907822374 C=0.907822374 h=1.89064477 floor=0 slope=0.5 weights=0.0104333531 active=2
SOLVE n=384 V=159.999850272 dt=0.0166666675 outer=1 norm=0.00250822323868 target=1.59999850272e-07 q=1.27818349..2.6033908 dry=28 full=0 pred=1.85533892 worst=253 old=0.471091662 C=0.480968816 h=2.27001276 floor=0.75 slope=0.161633093 weights=0.012693564 active=4
SOLVE n=384 V=159.999850272 dt=0.0166666675 outer=2 norm=0.000106032989742 target=1.59999850272e-07 q=1.27810563..2.6033908 dry=29 full=0 pred=1.85533892 worst=253 old=0.471091662 C=0.478748801 h=2.25562185 floor=0.75 slope=0.147055169 weights=0.012693564 active=4
SOLVE n=384 V=159.999850272 dt=0.0166666675 outer=3 norm=2.15875050886e-07 target=1.59999850272e-07 q=1.27810559..2.6033908 dry=31 full=0 pred=1.85533892 worst=253 old=0.471091662 C=0.47865136 h=2.25495776 floor=0.75 slope=0.146405363 weights=0.012693564 active=4
SOLVE n=384 V=159.999850272 dt=0.0166666675 outer=4 norm=4.74793000835e-09 target=1.59999850272e-07 q=1.27810559..2.6033908 dry=31 full=0 pred=1.85533892 worst=254 old=0.399079079 C=0.409476517 h=1.64395306 floor=0.75 slope=0.5 weights=0.0111671498 active=4
SOLVE n=64 V=1 dt=0.0166666675 outer=0 norm=8.61806230864e-05 target=1e-09 q=0.44383263..0.473585996 dry=0 full=0 pred=0.00590884912 worst=30 old=0.0248697186 C=0.0248697186 h=0.464659062 floor=0 slope=0.06 weights=0.00454708625 active=4
SOLVE n=64 V=1 dt=0.0166666675 outer=1 norm=1.31908073536e-07 target=1e-09 q=0.44169429..0.471914025 dry=0 full=0 pred=0.00590884912 worst=63 old=0.000235294829 C=0.000245657696 h=0.449245685 floor=0.300491007 slope=0.00371263375 weights=0.000138819992 active=2
SOLVE n=64 V=1 dt=0.0166666675 outer=2 norm=1.99204087212e-11 target=1e-09 q=0.44169429..0.471906124 dry=0 full=0 pred=0.00590884912 worst=7 old=0.000235294829 C=0.000245530006 h=0.449211286 floor=0.300491007 slope=0.00371149101 weights=0.000138819992 active=2
SOLVE n=64 V=0.1 dt=0.0166666675 outer=0 norm=1.11672162479e-10 target=1e-09 q=0.0694444415..0.0694444982 dry=0 full=0 pred=3.67085036e-09 worst=9 old=0.00156250099 C=0.00156250099 h=0.0694444884 floor=0 slope=0.0225 weights=0.000756945034 active=4
SOLVE n=64 V=0.1 dt=0.0166666675 outer=0 norm=1.32020662397e-10 target=1e-09 q=0.0694444579..0.0694445096 dry=0 full=0 pred=3.67085298e-09 worst=9 old=0.00156250147 C=0.00156250147 h=0.0694445096 floor=0 slope=0.0225 weights=0.000756945266 active=4
SOLVE n=384 V=159.999850272 dt=0.0166666675 outer=0 norm=0.0192090175143 target=1.59999850272e-07 q=1.27810559..2.6033908 dry=28 full=0 pred=1.77990943 worst=360 old=0.886964011 C=0.886964011 h=1.84892805 floor=0 slope=0.5 weights=0.010351021 active=2
SOLVE n=384 V=159.999850272 dt=0.0166666675 outer=1 norm=6.67151138827e-05 target=1.59999850272e-07 q=1.28165512..2.57840453 dry=29 full=0 pred=1.77990943 worst=277 old=0.614043332 C=0.627783639 h=1.93139653 floor=0.6 slope=0.488697809 weights=0.0139582749 active=4
SOLVE n=384 V=159.999850272 dt=0.0166666675 outer=2 norm=1.25071878751e-08 target=1.59999850272e-07 q=1.28157815..2.57840453 dry=29 full=0 pred=1.77990943 worst=68 old=0.0162665534 C=0.0149319079 h=2.04465278 floor=1.95 slope=0.315509197 weights=0.000474783735 active=4
SOLVE n=64 V=1 dt=0.0166666675 outer=0 norm=9.27023879389e-05 target=1e-09 q=0.442797308..0.471906124 dry=0 full=0 pred=0.00629630114 worst=30 old=0.0247858461 C=0.0247858461 h=0.463261187 floor=0 slope=0.06 weights=0.00453006737 active=4
SOLVE n=64 V=1 dt=0.0166666675 outer=1 norm=1.38141533312e-07 target=1e-09 q=0.441353722..0.469971633 dry=0 full=0 pred=0.00629630114 worst=63 old=0.000245529986 C=0.000256354727 h=0.452090609 floor=0.300491007 slope=0.00380759817 weights=0.000140856029 active=2
SOLVE n=64 V=1 dt=0.0166666675 outer=2 norm=2.10570209103e-11 target=1e-09 q=0.441353722..0.469960934 dry=0 full=0 pred=0.00629630114 worst=63 old=0.000245529986 C=0.000256220915 h=0.45205546 floor=0.300491007 slope=0.0038064194 weights=0.000140856029 active=2
SOLVE n=64 V=0.1 dt=0.0166666675 outer=0 norm=9.72999337924e-11 target=1e-09 q=0.0694444385..0.069444502 dry=0 full=0 pred=3.46174402e-09 worst=9 old=0.0015625011 C=0.0015625011 h=0.0694444933 floor=0 slope=0.0225 weights=0.000756945088 active=4
SOLVE n=64 V=0.1 dt=0.0166666675 outer=0 norm=1.16000479516e-10 target=1e-09 q=0.0694444533..0.0694445154 dry=0 full=0 pred=3.46174607e-09 worst=9 old=0.0015625016 C=0.0015625016 h=0.0694445154 floor=0 slope=0.0225 weights=0.000756945329 active=4
SOLVE n=384 V=159.999850272 dt=0.0166666675 outer=0 norm=0.0192520147828 target=1.59999850272e-07 q=1.28157811..2.57840453 dry=28 full=0 pred=1.68415767 worst=371 old=0.831182201 C=0.831182201 h=1.73736443 floor=0 slope=0.5 weights=0.0153468392 active=3
SOLVE n=384 V=159.999850272 dt=0.0166666675 outer=1 norm=0.000148423152196 target=1.59999850272e-07 q=1.28518866..2.55499436 dry=29 full=0 pred=1.68415767 worst=253 old=0.482097028 C=0.484404363 h=1.90742561 floor=0.75 slope=0.128268379 weights=0.011553937 active=4
SOLVE n=384 V=159.999850272 dt=0.0166666675 outer=2 norm=5.57186638402e-07 target=1.59999850272e-07 q=1.28511233..2.55499436 dry=30 full=0 pred=1.68415767 worst=253 old=0.482097028 C=0.484540422 h=1.90849068 floor=0.75 slope=0.127223049 weights=0.011553937 active=4
SOLVE n=384 V=159.999850272 dt=0.0166666675 outer=3 norm=1.2784301456e-08 target=1.59999850272e-07 q=1.28511229..2.55499436 dry=31 full=0 pred=1.68415767 worst=254 old=0.422354042 C=0.436603106 h=1.69820624 floor=0.75 slope=0.5 weights=0.0108574387 active=4
SOLVE n=64 V=1 dt=0.0166666675 outer=0 norm=9.68388494505e-05 target=1e-09 q=0.44193..0.469960933 dry=0 full=0 pred=0.00654224742 worst=30 old=0.0246954755 C=0.0246954755 h=0.46175501 floor=0 slope=0.06 weights=0.00451148439 active=4
SOLVE n=64 V=1 dt=0.0166666675 outer=1 norm=1.58146783104e-07 target=1e-09 q=0.441182293..0.467782766 dry=0 full=0 pred=0.00654224742 worst=32 old=0.000957339384 C=0.00093288855 h=0.467782766 floor=0.30049065 slope=0.0111528095 weights=0.000438308571 active=3
SOLVE n=64 V=1 dt=0.0166666675 outer=2 norm=2.06808996333e-11 target=1e-09 q=0.441182293..0.467769023 dry=0 full=0 pred=0.00654224742 worst=7 old=0.000256220894 C=0.000267184216 h=0.454899921 floor=0.300491007 slope=0.00390225632 weights=0.000142984736 active=2
SOLVE n=64 V=0.1 dt=0.0166666675 outer=0 norm=8.80270065036e-11 target=1e-09 q=0.0694444358..0.0694445055 dry=0 full=0 pred=3.21698394e-09 worst=36 old=0.00156250035 C=0.00156250035 h=0.0694444598 floor=0 slope=0.0225 weights=0.000756944776 active=4
SOLVE n=64 V=0.1 dt=0.0166666675 outer=0 norm=9.79447238391e-11 target=1e-09 q=0.0694444489..0.0694445206 dry=0 full=0 pred=3.21698523e-09 worst=9 old=0.00156250171 C=0.00156250171 h=0.0694445206 floor=0 slope=0.0225 weights=0.000756945386 active=4
SOLVE n=384 V=159.999850272 dt=0.0166666675 outer=0 norm=0.0204794281543 target=1.59999850272e-07 q=1.28511229..2.55499436 dry=28 full=0 pred=1.57320526 worst=371 old=0.849847611 C=0.849847611 h=1.77469525 floor=0 slope=0.5 weights=0.0154233348 active=3
SOLVE n=384 V=159.999850272 dt=0.0166666675 outer=1 norm=5.96131524199e-05 target=1.59999850272e-07 q=1.28878712..2.55498207 dry=29 full=0 pred=1.57320526 worst=253 old=0.484540933 C=0.486825462 h=1.85686558 floor=0.75 slope=0.23394323 weights=0.011494081 active=4
SOLVE n=384 V=159.999850272 dt=0.0166666675 outer=2 norm=4.52438184764e-08 target=1.59999850272e-07 q=1.28871125..2.55498207 dry=30 full=0 pred=1.57320526 worst=253 old=0.484540933 C=0.486882645 h=1.85711018 floor=0.75 slope=0.233623583 weights=0.011494081 active=4
SOLVE n=64 V=1 dt=0.0166666675 outer=0 norm=9.87190962057e-05 target=1e-09 q=0.441241068..0.467769023 dry=0 full=0 pred=0.00664513173 worst=30 old=0.024600925 C=0.024600925 h=0.460179168 floor=0 slope=0.06 weights=0.00449175713 active=4
SOLVE n=64 V=1 dt=0.0166666675 outer=1 norm=1.91674224261e-07 target=1e-09 q=0.441177072..0.465371059 dry=0 full=0 pred=0.00664513173 worst=32 old=0.000932735279 C=0.000906185115 h=0.465371059 floor=0.30049065 slope=0.010992029 weights=0.000430974289 active=3
SOLVE n=64 V=1 dt=0.0166666675 outer=2 norm=1.89870132996e-11 target=1e-09 q=0.441177072..0.465354158 dry=0 full=0 pred=0.00664513173 worst=7 old=0.000267184195 C=0.000278234064 h=0.457697527 floor=0.300491007 slope=0.00399739148 weights=0.000145156806 active=2
SOLVE n=64 V=0.1 dt=0.0166666675 outer=0 norm=8.75917767064e-11 target=1e-09 q=0.0694444335..0.0694445084 dry=0 full=0 pred=2.94167871e-09 worst=36 old=0.00156250026 C=0.00156250026 h=0.0694444559 floor=0 slope=0.0225 weights=0.000756944743 active=4
SOLVE n=64 V=0.1 dt=0.0166666675 outer=0 norm=8.69590643899e-11 target=1e-09 q=0.0694444448..0.0694445249 dry=0 full=0 pred=2.94167976e-09 worst=36 old=0.00156250001 C=0.00156250001 h=0.0694444448 floor=0 slope=0.0225 weights=0.000756944639 active=4
SOLVE n=384 V=159.999850272 dt=0.0166666675 outer=0 norm=0.0210771161493 target=1.59999850272e-07 q=1.28871122..2.55498207 dry=28 full=0 pred=1.63174074 worst=371 old=0.869722775 C=0.869722775 h=1.81444558 floor=0 slope=0.5 weights=0.0155302606 active=3
SOLVE n=384 V=159.999850272 dt=0.0166666675 outer=1 norm=7.78490450953e-05 target=1.59999850272e-07 q=1.29245359..2.54645123 dry=29 full=0 pred=1.63174074 worst=252 old=0.535656778 C=0.549212187 h=1.92401431 floor=0.75 slope=0.489379514 weights=0.0121765095 active=4
SOLVE n=384 V=159.999850272 dt=0.0166666675 outer=2 norm=3.16054060602e-08 target=1.59999850272e-07 q=1.29237802..2.54645123 dry=30 full=0 pred=1.63174074 worst=68 old=0.0122287426 C=0.0108654307 h=2.03074195 floor=1.95 slope=0.26913975 weights=0.00040333493 active=4
SOLVE n=64 V=1 dt=0.0166666675 outer=0 norm=9.85169219795e-05 target=1e-09 q=0.440736536..0.465354157 dry=0 full=0 pred=0.00660708224 worst=38 old=0.0245043943 C=0.0245043943 h=0.458570323 floor=0 slope=0.06 weights=0.00447199555 active=4
SOLVE n=64 V=1 dt=0.0166666675 outer=1 norm=2.23342825297e-07 target=1e-09 q=0.441331906..0.462765624 dry=0 full=0 pred=0.00660708224 worst=32 old=0.000905999347 C=0.000877772378 h=0.462765624 floor=0.30049065 slope=0.0108183333 weights=0.000422944512 active=3
SOLVE n=64 V=1 dt=0.0166666675 outer=2 norm=1.63357126551e-11 target=1e-09 q=0.441331909..0.462745615 dry=0 full=0 pred=0.00660708224 worst=7 old=0.000278234045 C=0.000289183311 h=0.460405206 floor=0.300491007 slope=0.00409029673 weights=0.000147410892 active=2
SOLVE n=64 V=0.1 dt=0.0166666675 outer=0 norm=8.61485585756e-11 target=1e-09 q=0.0694444316..0.0694445108 dry=0 full=0 pred=2.64150303e-09 worst=36 old=0.00156250017 C=0.00156250017 h=0.069444452 floor=0 slope=0.0225 weights=0.000756944709 active=4
SOLVE n=64 V=0.1 dt=0.0166666675 outer=0 norm=8.035514762e-11 target=1e-09 q=0.0694444409..0.0694445284 dry=0 full=0 pred=2.64150381e-09 worst=36 old=0.00156249992 C=0.00156249992 h=0.0694444409 floor=0 slope=0.0225 weights=0.000756944608 active=4
SOLVE n=384 V=159.999850272 dt=0.0166666675 outer=0 norm=0.0210739746476 target=1.59999850272e-07 q=1.29237799..2.54645123 dry=28 full=0 pred=1.68465578 worst=371 old=0.890202168 C=0.890202168 h=1.85540436 floor=0 slope=0.5 weights=0.0156402358 active=3
SOLVE n=384 V=159.999850272 dt=0.0166666675 outer=1 norm=5.59146385238e-05 target=1.59999850272e-07 q=1.29619112..2.54393688 dry=30 full=0 pred=1.68465578 worst=253 old=0.489615659 C=0.493023965 h=1.83499507 floor=0.75 slope=0.349989647 weights=0.011707091 active=4
SOLVE n=384 V=159.999850272 dt=0.0166666675 outer=2 norm=4.81824063558e-08 target=1.59999850272e-07 q=1.29611572..2.54393688 dry=31 full=0 pred=1.68465578 worst=68 old=0.0108653991 C=0.00949754968 h=2.02548863 floor=1.95 slope=0.251628691 weights=0.000377933963 active=4
SOLVE n=64 V=1 dt=0.0166666675 outer=0 norm=9.64317371507e-05 target=1e-09 q=0.440418931..0.462745614 dry=0 full=0 pred=0.00643359298 worst=30 old=0.0244079213 C=0.0244079213 h=0.45696244 floor=0 slope=0.06 weights=0.00445528275 active=4
SOLVE n=64 V=1 dt=0.0166666675 outer=1 norm=2.51059540997e-07 target=1e-09 q=0.441638487..0.4630106 dry=0 full=0 pred=0.00643359298 worst=32 old=0.000877555916 C=0.000848120629 h=0.460001198 floor=0.30049065 slope=0.0106340382 weights=0.000414330239 active=3
SOLVE n=64 V=1 dt=0.0166666675 outer=2 norm=1.74386865828e-11 target=1e-09 q=0.441638487..0.462983369 dry=0 full=0 pred=0.00643359298 worst=31 old=0.000877551444 C=0.000847872942 h=0.459978262 floor=0.300491007 slope=0.0106324853 weights=0.000414328879 active=3
SOLVE n=64 V=0.1 dt=0.0166666675 outer=0 norm=8.36437751187e-11 target=1e-09 q=0.0694444301..0.0694445126 dry=0 full=0 pred=2.40063102e-09 worst=36 old=0.00156250008 C=0.00156250008 h=0.0694444482 floor=0 slope=0.0225 weights=0.000756944677 active=4
SOLVE n=64 V=0.1 dt=0.0166666675 outer=0 norm=7.30808871646e-11 target=1e-09 q=0.0694444374..0.069444531 dry=0 full=0 pred=2.40063113e-09 worst=36 old=0.00156249984 C=0.00156249984 h=0.0694444374 floor=0 slope=0.0225 weights=0.000756944579 active=4
SOLVE n=384 V=159.999850272 dt=0.0166666675 outer=0 norm=0.0205189323424 target=1.59999850272e-07 q=1.29611569..2.54393688 dry=28 full=0 pred=1.72130552 worst=371 old=0.910708992 C=0.910708992 h=1.89641801 floor=0 slope=0.5 weights=0.0158743608 active=3
SOLVE n=384 V=159.999850272 dt=0.0166666675 outer=1 norm=7.01232968809e-05 target=1.59999850272e-07 q=1.30000277..2.53763048 dry=31 full=0 pred=1.72130552 worst=253 old=0.49307831 C=0.497448986 h=1.83703892 floor=0.75 slope=0.379361046 weights=0.0118380241 active=4
SOLVE n=384 V=159.999850272 dt=0.0166666675 outer=2 norm=7.44678462729e-08 target=1.59999850272e-07 q=-18.236905..2.53763048 dry=31 full=0 pred=1.72130552 worst=68 old=0.0094975015 C=0.00812748359 h=2.01983189 floor=1.95 slope=0.232772902 weights=0.000351609944 active=4
SOLVE n=384 V=159.999850272 dt=0.00833333377 outer=0 norm=0.010256416743 target=1.59999850272e-07 q=1.29611569..2.54393688 dry=28 full=0 pred=1.72489531 worst=371 old=0.910708992 C=0.910708992 h=1.89641801 floor=0 slope=0.5 weights=0.0039685902 active=3
SOLVE n=384 V=159.999850272 dt=0.00833333377 outer=1 norm=1.35686216376e-05 target=1.59999850272e-07 q=1.29800332..2.54167464 dry=31 full=0 pred=1.72489531 worst=253 old=0.49307831 C=0.495028346 h=1.83071713 floor=0.75 slope=0.38641172 weights=0.00295950602 active=4
SOLVE n=384 V=159.999850272 dt=0.00833333377 outer=2 norm=3.75777023002e-08 target=1.59999850272e-07 q=-35.4853204..2.54167464 dry=31 full=0 pred=1.72489531 worst=40 old=3.55450786e-10 C=0 h=-35.4853204 floor=2.1 slope=0 weights=8.87796259e-09 active=3
SOLVE n=384 V=159.999850272 dt=0.00833333377 outer=0 norm=0.0101189436808 target=1.59999850272e-07 q=1.29798515..2.54167464 dry=29 full=0 pred=1.7391056 worst=371 old=0.920896354 C=0.920896354 h=1.91679273 floor=0 slope=0.5 weights=0.00399966134 active=3
SOLVE n=384 V=159.999850272 dt=0.00833333377 outer=1 norm=1.81806730229e-05 target=1.59999850272e-07 q=1.2998923..2.53846027 dry=30 full=0 pred=1.7391056 worst=253 old=0.495041815 C=0.497236251 h=1.83647862 floor=0.75 slope=0.379994524 weights=0.00298100228 active=4
SOLVE n=384 V=159.999850272 dt=0.00833333377 outer=2 norm=5.39511729139e-09 target=1.59999850272e-07 q=1.2998741..2.53846027 dry=30 full=0 pred=1.7391056 worst=68 old=0.00881280455 C=0.00812765265 h=2.01983262 floor=1.95 slope=0.232775323 weights=8.45182881e-05 active=4
SOLVE n=384 V=159.999850272 dt=0.00416666688 outer=0 norm=0.00507657367727 target=1.59999850272e-07 q=1.29798515..2.54167464 dry=29 full=0 pred=1.74091812 worst=371 old=0.920896354 C=0.920896354 h=1.91679273 floor=0 slope=0.5 weights=0.000999915336 active=3
SOLVE n=384 V=159.999850272 dt=0.00416666688 outer=1 norm=4.01272956313e-06 target=1.59999850272e-07 q=1.2989248..2.54029873 dry=30 full=0 pred=1.74091812 worst=253 old=0.495041815 C=0.496080108 h=1.83344966 floor=0.75 slope=0.383390188 weights=0.000745250571 active=4
SOLVE n=384 V=159.999850272 dt=0.00416666688 outer=2 norm=2.20216796881e-09 target=1.59999850272e-07 q=1.29892033..2.54029872 dry=30 full=0 pred=1.74091812 worst=252 old=0.569016891 C=0.572222784 h=1.96945885 floor=0.75 slope=0.499239405 weights=0.000793030592 active=4
SOLVE n=384 V=159.999850272 dt=0.00208333344 outer=0 norm=0.0025425633329 target=1.59999850272e-07 q=1.29798515..2.54167464 dry=29 full=0 pred=1.74182508 worst=371 old=0.920896354 C=0.920896354 h=1.91679273 floor=0 slope=0.5 weights=0.000249978834 active=3
SOLVE n=384 V=159.999850272 dt=0.00208333344 outer=1 norm=9.43200282039e-07 target=1.59999850272e-07 q=1.29845151..2.54104713 dry=30 full=0 pred=1.74182508 worst=253 old=0.495041815 C=0.495546634 h=1.83206099 floor=0.75 slope=0.384930686 weights=0.000186312643 active=4
SOLVE n=384 V=159.999850272 dt=0.00208333344 outer=2 norm=1.2915702622e-10 target=1.59999850272e-07 q=1.29845041..2.54104713 dry=30 full=0 pred=1.74182508 worst=252 old=0.569016891 C=0.570629545 h=1.96626809 floor=0.75 slope=0.499413694 weights=0.000198257648 active=4
PASS large pool refills through authored X action within normal solve budget
FAIL refilled state remains nonnegative with coherent owner/partition/ledger
FAIL three consecutive full drain/refill cycles remain valid
M55 refill 8 checks 2 failures
