step,time,executed,fluid_dt,contained_mass,liquid_mass,retained_mass,tank_y,tank_vy,liquid_y,contained_Ix,contained_Iy,contained_Iz,body_Px,body_Py,body_Pz,liquid_Px,liquid_Py,liquid_Pz,gravity_Iy,residual_x,residual_y,residual_z,kinetic_J,hydro_Fy,drag_Fy,particle_ms,coupling_ms
0,0.01666666753590107,1,0.01666666753590107,496.12503051757812,496.12503504753113,496.12503504753113,2.2386389617046198e-12,1.3431833423283024e-10,0.22318333377238025,0,0,0,-0.00013393040489972918,2.6863666846566048e-08,-2.315766778338002e-06,6.0017277047408335e-05,-81.116473301625206,3.9535092513975911e-05,-113.81645403468984,-7.3913127852320848e-05,32.699980759928295,3.7219325735637909e-05,30.587114527368144,0,0,2.5432600000000001,2.6319590000000002
1,0.033333335071802139,0,0,496.12503051757812,496.12503504753113,496.12503504753113,1.9623379310385047e-11,1.0430842856123945e-09,0.22318333377238025,0,0,0,-3.8608919794569374e-05,2.086168571224789e-07,3.9543957086607406e-05,6.0017277047408335e-05,-81.116473301625206,3.9535092513975911e-05,-146.51645713885014,2.1408357252838961e-05,65.399984045841791,7.9079049600583318e-05,30.587114527331064,0,0,0,0.018154
2,0.050000002607703209,1,0.033333335071802139,496.12503051757812,496.12503504753113,496.12503504753113,6.1044586052716454e-11,2.48527243229546e-09,0.2126530695731948,-4.4051033931680195e-09,-77.318206787109375,1.1229204233131895e-09,-1.5349046122992149e-05,4.97054486459092e-07,-8.7494771605634014e-05,6.2552367373347462e-05,-165.85380118206808,4.126831644946094e-05,-341.44936210406951,4.7203321250355312e-05,175.59556141905591,-4.6226455156173074e-05,43.503209328260311,0,0,2.5026380000000001,2.54081
3,0.066666670143604279,0,0,496.12503051757812,496.12503504753113,496.12503504753113,5.3327262744540249e-11,-4.6303938461278449e-10,0.2126530695731948,0,0,0,5.3514293085754616e-05,-9.2607876922556898e-08,3.2938640970314736e-05,6.2552367373347462e-05,-165.85380118206808,4.126831644946094e-05,-374.14936520822982,0.00011606666045910208,208.29556393355386,7.4206957419775676e-05,43.503209328239578,0,0,0,0.01797
4,0.083333337679505348,1,0.033333335071802139,496.12503051757812,496.12503504753113,496.12503504753113,2.9533080841970261e-11,-1.4276508863986237e-09,0.19934641503963335,-2.0323074334527291e-09,-108.61933898925781,4.3457961673709633e-09,-5.3697090152127203e-05,-2.8553017727972474e-07,-3.3523843967486755e-05,6.4370372613586913e-05,-217.3408764483936,4.2278760684411054e-05,-569.08227017344916,1.067328246145971e-05,351.74139343952538,8.7549167169242992e-06,75.389795695731294,0,0,2.5661879999999999,2.6095090000000001
5,0.10000000521540642,0,0,496.12503051757812,496.12503504753113,496.12503504753113,-8.8688327515296095e-12,-2.3041146768321141e-09,0.19934641503963335,0,0,0,5.1035556225542678e-05,-4.6082293536642283e-07,3.0273861284513259e-05,6.4370372613586913e-05,-217.3408764483936,4.2278760684411054e-05,-601.78227327760942,0.00011540592883912959,384.44139636839287,7.2552621968924313e-05,75.389795695729973,0,0,0,0.017989999999999999
6,0.11666667275130749,1,0.033333335071802139,496.12503051757812,496.12503504753113,496.12503504753113,6.179243228210396e-11,4.2396752775175628e-09,0.18081702535249758,1.1324212401131462e-10,-77.251113891601562,4.2581218551163147e-09,1.6056424101407174e-05,8.4793505550351256e-07,-6.1144123719714116e-05,7.3650879953757187e-05,-299.70735123693584,1.8463679143820855e-05,-796.71517824282898,8.9707304055164361e-05,497.00782785382819,-4.2680444575893262e-05,136.21050702752015,0,0,2.5461770000000001,2.5900629999999998
7,0.13333334028720856,0,0,496.12503051757812,496.12503504753113,496.12503504753113,3.9135091001174516e-11,-1.3594405601224935e-09,0.18081702535249758,0,0,0,4.4650954578173696e-05,-2.718881120244987e-07,2.8760928216797765e-05,7.3650879953757187e-05,-299.70735123693584,1.8463679143820855e-05,-829.41518134698924,0.00011830183453193088,529.70782983816525,4.722460736061862e-05,136.21050702751194,0,0,0,0.01745
8,0.15000000782310963,1,0.033333335071802139,496.12503051757812,496.12503504753113,496.12503504753113,2.1119925253110239e-10,1.032384844279477e-08,0.16062012400959627,3.2085436529882827e-09,-167.04563903808594,2.1756893175961523e-08,-0.00015098253243195359,2.0647696885589539e-06,-9.2929099082539324e-06,6.7840794674589588e-05,-294.60240266182109,-2.1901132320145678e-05,-1024.3480863122086,-8.3141737757363998e-05,729.74568571515715,-3.119404222839961e-05,170.26671790077691,0,0,2.4051149999999999,2.461821
9,0.1666666753590107,0,0,496.12503051757812,496.12503504753113,496.12503504753113,1.0276299255984611e-10,-6.5061751541861668e-09,0.16062012400959627,0,0,0,7.0926108719504555e-05,-1.3012350308372334e-06,4.5410223492581281e-05,6.7840794674589588e-05,-294.60240266182109,-2.1901132320145678e-05,-1057.0480894163688,0.00013876690339409414,762.44568545331276,2.3509091172435603e-05,170.26671790074175,0,0,0,0.017436
10,0.18333334289491177,1,0.033333335071802139,496.12503051757812,496.12503504753113,496.12503504753113,3.3660456366657598e-11,-4.146151866279979e-09,0.13996861398625537,1.1637150132415286e-09,-139.94680786132812,1.4910167323023416e-08,-7.2933931960506015e-05,-8.292303732559958e-07,-4.8047519385363557e-05,7.5105022796728704e-05,-319.83699181510735,-3.3061464014494391e-05,-1251.9809943815883,2.1710908362226888e-06,932.14400173725062,-8.1108983399857948e-05,216.45502218629318,0,0,2.4737900000000002,2.5308850000000001
11,0.20000001043081284,0,0,496.12503051757812,496.12503504753113,496.12503504753113,-2.7638932809104233e-11,-3.677963267278983e-09,0.13996861398625537,0,0,0,0.00012458410765248118,-7.3559265345579661e-07,5.157744453754276e-06,7.5105022796728704e-05,-319.83699181510735,-3.3061464014494391e-05,-1284.6809974857488,0.00019968913044920988,964.84400493504882,-2.7903719560740115e-05,216.45502218630838,0,0,0,0.019751000000000001
12,0.21666667796671391,1,0.033333335071802139,496.12503051757812,496.12503504753113,496.12503504753113,-3.7988404089084327e-11,-6.2096816577650316e-10,0.11908498588873416,4.9350433073414024e-06,-235.61454772949219,-8.3445647760527208e-06,-3.2180309972318355e-05,-1.2419363315530063e-07,3.9970595366867201e-05,1.3996357461687481e-05,-251.3253872017327,1.4602655202367032e-05,-1479.6139024509678,-1.8183952510630874e-05,1228.2885151250414,5.4573250569234233e-05,177.09320991076746,0,0,2.192466,2.2464490000000001
13,0.23333334550261497,0,0,496.12503051757812,496.12503504753113,496.12503504753113,-8.2810897028551267e-11,-2.6893496318791676e-09,0.11908498588873416,0,0,0,4.149812582454615e-05,-5.3786992637583353e-07,6.0610238961089635e-05,1.3996357461687481e-05,-251.3253872017327,1.4602655202367032e-05,-1512.313905555128,5.5494483286233631e-05,1260.9885178155255,7.5212894163456667e-05,177.09320991078155,0,0,0,0.017416999999999998
14,0.25000001303851604,1,0.033333335071802139,496.12503051757812,496.12503504753113,496.12503504753113,-5.7802929109840306e-11,1.5004779641003552e-09,0.10396208522879349,9.7096399258589372e-06,-189.47908020019531,6.0900511016370729e-05,-0.00016443922277176171,3.0009559282007103e-07,-5.642027645080816e-06,-1.671460961416571e-05,-226.88594088234711,-4.5218426492965591e-05,-1707.2468105203475,-0.00018115383238592742,1480.3608699380959,-5.0860454138046407e-05,151.89197787700471,0,0,2.217924,2.2931360000000001
15,0.26666668057441711,0,0,496.12503051757812,496.12503504753113,496.12503504753113,-9.4246735415914884e-11,-2.186628211831021e-09,0.10396208522879349,0,0,0,3.670064074867696e-06,-4.3732564236620419e-07,2.8594058676389977e-05,-1.671460961416571e-05,-226.88594088234711,-4.5218426492965591e-05,-1739.9468136245077,-1.3044545539298014e-05,1513.0608723048349,-1.6624367816575614e-05,151.89197787693956,0,0,0,0.017357999999999998
16,0.28333334811031818,1,0.033333335071802139,496.12503051757812,496.12503504753113,496.12503504753113,-2.6451929535653562e-10,-1.0216353985015303e-08,0.090513955269541035,2.9889428333262913e-05,-221.4376220703125,1.3652723282575607e-05,-3.1386798582389019e-05,-2.0432707970030606e-06,3.7435663102769468e-05,-0.00010708921917768066,-169.83273258817044,1.3049178745561107e-05,-1934.8797185897272,-0.00013847601776006968,1765.0469839582859,5.0484841848330575e-05,111.24274065351547,0,0,2.192542,2.3224900000000002
17,0.30000001564621925,0,0,496.12503051757812,496.12503504753113,496.12503504753113,-3.0499192060773339e-10,-2.4283570709826563e-09,0.090513955269541035,0,0,0,4.7533347924400005e-05,-4.8567141419653126e-07,2.9050266903141164e-05,-0.00010708921917768066,-169.83273258817044,1.3049178745561107e-05,-1967.5797216938874,-5.9555871253280657e-05,1797.7469886200456,4.2099445648702272e-05,111.24274065351669,0,0,0,0.025028000000000002
18,0.31666668318212032,1,0.033333335071802139,496.12503051757812,496.12503504753113,496.12503504753113,1.1856321480152587e-10,2.5413307014332531e-08,0.08401247017643082,-0.00026392322615720332,-257.85623168945312,0.00017742911586537957,-0.00012855964541813591,5.0826614028665063e-06,4.669868758355733e-06,0.00021233045621293911,-74.807319699691902,-0.00016940606154802751,-2162.5126266591069,8.3770810794803197e-05,2087.7053120420765,-0.00016473619278967178,77.060102495953615,0,0,2.5306549999999999,2.6279460000000001
19,0.33333335071802139,0,0,496.12503051757812,496.12503504753113,496.12503504753113,1.4073422982541217e-10,1.3302612345000853e-09,0.08401247017643082,0,0,0,3.6457905139286595e-05,2.6605224690001705e-07,5.6704084272496402e-05,0.00021233045621293911,-74.807319699691902,-0.00016940606154802751,-2195.2126297632672,0.00024878836135222571,2120.4053103296274,-0.00011270197727553111,77.060102495922393,0,0,0,0.018898000000000002
20,0.35000001825392246,1,0.033333335071802139,496.12503051757812,496.12503504753113,496.12503504753113,1.6064836960705264e-10,1.1948486644541845e-09,0.080024506212497251,-4.8279762268066406e-06,-174.11383056640625,-6.3677616708446294e-05,-7.444210723406286e-05,2.3896973289083689e-07,-3.5097400541417301e-05,0.00020418386125875543,-63.505309457711391,-9.6557032074784388e-05,-2390.1455347284864,0.00012974175402469257,2326.6402255097446,-0.00013165443261620169,46.893943306908504,0,0,2.2321170000000001,2.3215669999999999
21,0.36666668578982353,0,0,496.12503051757812,496.12503504753113,496.12503504753113,9.1218158027039919e-11,-4.165812583778461e-09,0.080024506212497251,0,0,0,-1.3793447806165204e-05,-8.331625167556922e-07,1.1954529099966749e-05,0.00020418386125875543,-63.505309457711391,-9.6557032074784388e-05,-2422.8455378326466,0.00019039041345259022,2359.3402275417729,-8.4602502974817639e-05,46.893943306892353,0,0,0,0.026643
22,0.3833333533257246,1,0.033333335071802139,496.12503051757812,496.12503504753113,496.12503504753113,7.845503413594912e-11,-7.6578743346544798e-10,0.076822253362256648,0.00047987818834371865,-182.78306579589844,4.6479988668579608e-05,-0.00015170835467870347,-1.531574866930896e-07,-2.5438907869101968e-06,-0.00026131393571660055,-44.192769799172012,-0.00018631886934611375,-2617.7784427978659,-0.00041302229039530403,2573.5856728455365,-0.00018886276013302394,24.245462446070665,0,0,2.3120599999999998,2.4112300000000002
23,0.40000002086162567,0,0,496.12503051757812,496.12503504753113,496.12503504753113,-5.3932733279360434e-11,-7.9432656008293634e-09,0.076822253362256648,0,0,0,1.8564406900622998e-05,-1.5886531201658727e-06,2.8134439844507142e-05,-0.00026131393571660055,-44.192769799172012,-0.00018631886934611375,-2650.4784459020261,-0.00024274952881597756,2606.2856745142008,-0.0001581844295016066,24.245462446016518,0,0,0,0.027640000000000001
24,0.41666668839752674,1,0.033333335071802139,496.12503051757812,496.12503504753113,496.12503504753113,-7.9508899464286742e-11,-1.5345698045621248e-09,0.075436900870329684,-0.00011497250670799986,-196.81648254394531,-0.00080106774112209678,-4.9814627800515154e-05,-3.0691396091242495e-07,-1.6323389218086959e-05,-0.00025886491145454826,-10.826869085064777,0.000497471588437437,-2845.4113508672463,-0.00030867953925506342,2834.5844814752677,0.00048114819921935004,43.602626979807454,0,0,2.160209,2.2548949999999999
25,0.43333335593342781,0,0,496.12503051757812,496.12503504753113,496.12503504753113,-2.5594734665013164e-11,3.234849721422961e-09,0.075436900870329684,0,0,0,4.8013589548645541e-05,6.469699442845922e-07,4.9717732508725021e-05,-0.00025886491145454826,-10.826869085064777,0.000497471588437437,-2878.1113539714065,-0.00021085132190590272,2867.2844855333119,0.00054718932094616202,43.602626979812676,0,0,0,0.027701
26,0.45000002346932888,1,0.033333335071802139,496.12503051757812,496.12503504753113,496.12503504753113,-2.1593303534128694e-10,-1.1420297596487217e-08,0.075862330238835346,-0.00036907941102981567,-183.68440246582031,0.00095108448294922709,6.6049210545315873e-07,-2.2840595192974433e-06,-2.5745919174369192e-06,0.00016064888679934164,10.520322529110725,-0.00018002627691736384,-3073.0442589366257,0.0001613093789047948,3083.5645791816769,-0.00018260086883480076,22.678418179336472,0,0,2.4620329999999999,2.5731489999999999
27,0.46666669100522995,0,0,496.12503051757812,496.12503504753113,496.12503504753113,-2.863958237231401e-10,-4.2277674694446432e-09,0.075862330238835346,0,0,0,4.7560780558342231e-05,-8.4555349388892864e-07,2.6559388288660557e-05,0.00016064888679934164,10.520322529110725,-0.00018002627691736384,-3105.744262040786,0.00020820966735768387,3116.2645837243431,-0.00015346688862870328,22.678418179343836,0,0,0,0.043857
28,0.48333335854113102,1,0.033333335071802139,496.12503051757812,496.12503504753113,496.12503504753113,-3.9359471237787602e-10,-6.4319323200834333e-09,0.076060634385160822,-0.00011792057193815708,-150.0970458984375,-3.0975210393080488e-05,-5.4581920494456426e-05,-1.2863864640166867e-06,-3.5796455222225632e-05,0.00028852392837919183,-1.7121745869540259,-0.00014959434769339086,-3300.6771670060048,0.0002339420078847354,3298.9649911326642,-0.00018539080291561649,9.002009775932903,0,0,2.2394910000000001,2.3261859999999999
29,0.50000002607703209,0,0,496.12503051757812,496.12503504753113,496.12503504753113,-3.8560291071298991e-10,4.7950887704928391e-10,0.076060634385160822,0,0,0,4.3567155216805986e-05,9.5901775409856782e-08,5.4546842420677422e-05,0.00028852392837919183,-1.7121745869540259,-0.00014959434769339086,-3333.377170110165,0.00033209108359599782,3331.6649956191127,-9.504750527271344e-05,9.0020097759327768,0,0,0,0.01745
30,0.51666669361293316,1,0.033333335071802139,496.12503051757812,496.12503504753113,496.12503504753113,-4.7842124706320988e-10,-5.5690989597678708e-09,0.0753361316157036,0.00014415806799661368,-150.38330078125,9.7662166808731854e-05,-0.00012965806490683462,-1.1138197919535742e-06,-4.4890612116432749e-06,8.5422071807284006e-05,-14.093053317278406,-0.00017329775636569511,-3528.3100750753847,-4.4235993099550619e-05,3514.2170206442865,-0.00017778681757733839,6.5692725552362514,0,0,2.4717500000000001,2.5533199999999998
31,0.53333336114883423,0,0,496.12503051757812,496.12503504753113,496.12503504753113,-4.3531611648717217e-10,2.5863071684284478e-09,0.0753361316157036,0,0,0,6.0119100453448482e-05,5.1726143368568955e-07,7.1486215347249527e-05,8.5422071807284006e-05,-14.093053317278406,-0.00017329775636569511,-3561.010078179545,0.00014554117226073249,3546.9170253795278,-0.00010181154101844558,6.5692725552261928,0,0,0,0.01754
32,0.5500000286847353,1,0.033333335071802139,496.12503051757812,496.12503504753113,496.12503504753113,-2.7148894243822497e-10,9.829630442936832e-09,0.074328455592499287,0.00025157589698210359,-164.91749572753906,-0.00097976054530590773,-0.0001340175458608428,1.9659260885873664e-06,-1.3090016182104591e-06,-5.3561103083632489e-05,-11.925724279883363,0.0008436571381316843,-3755.9429831447646,-0.00018757864894447529,3744.0172608308076,0.00084234813651347384,6.5263365405017861,0,0,2.2306240000000002,2.3161390000000002
33,0.56666669622063637,0,0,496.12503051757812,496.12503504753113,496.12503504753113,-2.8252794548322413e-10,-6.6234040474455469e-10,0.074328455592499287,0,0,0,4.6924441221563029e-05,-1.3246808094891094e-07,5.0997800826735329e-05,-5.3561103083632489e-05,-11.925724279883363,0.0008436571381316843,-3788.6429862489249,-6.6366618620694595e-06,3776.7172618365735,0.00089465493895841963,6.5263365404683729,0,0,0,0.017434000000000002
34,0.58333336375653744,1,0.033333335071802139,496.12503051757812,496.12503504753113,496.12503504753113,-3.6359443233990874e-11,1.4770108691664063e-08,0.074511022389340556,-0.00027139141457155347,-182.14799499511719,0.0010613262420520186,-0.00015823649164303788,2.9540217383328127e-06,-7.0779037741885986e-06,7.3648622903155214e-05,8.0400871193087244,-0.00030382537206926491,-3983.5758912141446,-8.4587868739882666e-05,3991.6159812874748,-0.00031090327584345351,13.79086058581944,0,0,2.6245790000000002,2.7442790000000001
35,0.60000003129243851,0,0,496.12503051757812,496.12503504753113,496.12503504753113,-1.3229797812819299e-10,-5.7563114275183125e-09,0.074511022389340556,0,0,0,0.00012609799568963354,-1.1512622855036625e-06,3.7826453080924693e-06,7.3648622903155214e-05,8.0400871193087244,-0.00030382537206926491,-4016.2758943183048,0.00019974661859278875,4024.3159802863511,-0.00030004272676117244,13.790860585796176,0,0,0,0.018339000000000001
36,0.61666669882833958,1,0.033333335071802139,496.12503051757812,496.12503504753113,496.12503504753113,6.7483976740057017e-11,1.198691634840543e-08,0.074826888385273169,0.00011691648978739977,-154.51626586914062,0.00083329342305660248,-0.00012664152109209681,2.3973832696810859e-06,-1.7183310774271376e-06,-6.8475233524600831e-05,0.62661830456989187,-0.0010751078828889205,-4211.2087992835241,-0.00019511675461669764,4211.8354199854775,-0.0010768262139663476,9.7349240792299234,0,0,2.3332259999999998,2.4149769999999999
37,0.63333336636424065,0,0,496.12503051757812,496.12503504753113,496.12503504753113,7.5571153501652333e-11,4.8523052242899212e-10,0.074826888385273169,0,0,0,4.4425905798561871e-05,9.7046104485798423e-08,3.8437491411968949e-05,-6.8475233524600831e-05,0.62661830456989187,-0.0010751078828889205,-4243.9088023876839,-2.404932772603896e-05,4244.5354207892997,-0.0010366703914769515,9.7349240791978708,0,0,0,0.017378999999999999
38,0.65000003390014172,1,0.033333335071802139,496.12503051757812,496.12503504753113,496.12503504753113,-5.0452787780930208e-11,-7.5614359218434402e-09,0.074524335309761727,3.2772481063148007e-05,-156.01873779296875,-0.0006653495947830379,-7.1440706506109564e-05,-1.512287184368688e-06,6.1541413742816076e-06,-0.0001781500361497379,-5.479307966278065,-0.00045593750633590724,-4438.8417073529035,-0.00024959074265584746,4433.3623978743381,-0.00044978336496162563,5.9933938878455537,0,0,2.4420380000000002,2.5250859999999999
39,0.66666670143604279,0,0,496.12503051757812,496.12503504753113,496.12503504753113,7.9379905426613107e-12,3.503446421859735e-09,0.074524335309761727,0,0,0,4.6727492986065045e-05,7.00689284371947e-07,2.2830477064417209e-05,-0.0001781500361497379,-5.479307966278065,-0.00045593750633590724,-4471.5417104570643,-0.00013142254316367286,4466.0624031914758,-0.00043310702927149003,5.9933938878391997,0,0,0,0.017429
40,0.68333336897194386,1,0.033333335071802139,496.12503051757812,496.12503504753113,496.12503504753113,9.8778395185572521e-11,5.4504241120412189e-09,0.074216446706226874,-3.0393663109862246e-05,-163.84951782226562,-0.00065846368670463562,-2.6556824650469935e-05,1.0900848224082438e-06,-0.00013368620557230315,-4.2967118149161987e-05,-3.8684287423127204,0.00025752263671786207,-4666.474615422283,-6.9523942799631921e-05,4662.6061877700549,0.00012383643114555892,4.3386093824358944,0,0,2.308087,2.4048669999999999
41,0.70000003650784492,0,0,496.12503051757812,496.12503504753113,496.12503504753113,4.4221040024217118e-11,-3.2734410737589315e-09,0.074216446706226874,0,0,0,6.477090437329025e-05,-6.5468821475178629e-07,9.917800980474567e-06,-4.2967118149161987e-05,-3.8684287423127204,0.00025752263671786207,-4699.1746185264437,2.1803786224128263e-05,4695.3061891294428,0.00026744043769833664,4.3386093824000671,0,0,0,0.017401
42,0.71666670404374599,1,0.033333335071802139,496.12503051757812,496.12503504753113,496.12503504753113,9.3356433694680163e-11,2.9481235230832681e-09,0.073955991945299157,6.7827480961568654e-05,-161.4669189453125,0.00021629285765811801,7.5438265412230976e-06,5.8962470461665362e-07,-0.00019592209810070926,-1.2868796602089061e-05,-4.826366629319593,1.344378978392069e-05,-4894.1075234916625,-5.3249700608659634e-06,4889.2811574519674,-0.00018247830831678857,3.5384935471671026,0,0,2.6884610000000002,2.801034
43,0.73333337157964706,0,0,496.12503051757812,496.12503504753113,496.12503504753113,8.1211821989501942e-11,-7.2867667455511764e-10,0.073955991945299157,0,0,0,-1.6965097415777564e-05,-1.4573533491102353e-07,8.4593324345405563e-05,-1.2868796602089061e-05,-4.826366629319593,1.344378978392069e-05,-4926.8075265958232,-2.9833894017866625e-05,4921.981159820768,9.8037114129326253e-05,3.5384935470995331,0,0,0,0.017854999999999999
44,0.75000003911554813,1,0.033333335071802139,496.12503051757812,496.12503504753113,496.12503504753113,2.0215501495002286e-10,7.2565917719202844e-09,0.073551932362472108,3.9596387068741024e-05,-161.82200622558594,-5.5731528846081346e-05,-3.1726460747449892e-05,1.4513183543840569e-06,-2.6285994181307615e-05,0.0001616619524700269,-5.578454356840056,1.2480492465348492e-05,-5121.7404315610429,0.00012993549172257701,5116.1619786555211,-1.3805501715959123e-05,2.6305681648488326,0,0,2.8345259999999999,2.9956990000000001
45,0.7666667066514492,0,0,496.12503051757812,496.12503504753113,496.12503504753113,1.3247056229737098e-10,-4.1810670481368106e-09,0.073551932362472108,0,0,0,0.00012790808341378579,-8.3621340962736213e-07,4.632022410078207e-06,0.0001616619524700269,-5.578454356840056,1.2480492465348492e-05,-5154.4404346652027,0.00028957003588381269,5148.861979472149,1.7112514875426699e-05,2.630568164885581,0,0,0,0.052039000000000002
46,0.78333337418735027,1,0.033333335071802139,496.12503051757812,496.12503504753113,496.12503504753113,3.7439651379145289e-10,1.4515556756578007e-08,0.073242374524778248,0.00026867102133110166,-163.26228332519531,-0.00050669291522353888,-2.559289100645401e-05,2.9031113513156015e-06,-4.0432672676615766e-05,-3.5376614107213156e-05,-4.8154441830898413,0.0004372590990108019,-5349.3733396304233,-6.0969505113667166e-05,5344.5578983504447,0.00039682642633418613,2.2704738921811245,0,0,2.3860579999999998,2.4759319999999998
47,0.80000004172325134,0,0,496.12503051757812,496.12503504753113,496.12503504753113,3.4865652032145533e-10,-1.5443997192221559e-09,0.073242374524778248,0,0,0,4.1888529267453123e-05,-3.0887994384443118e-07,0.00015364607861556578,-3.5376614107213156e-05,-4.8154441830898413,0.0004372590990108019,-5382.0733427345831,6.5119151602399672e-06,5377.257898242613,0.00059090517762636768,2.2704738922353798,0,0,0,0.017430999999999999
48,0.81666670925915241,1,0.033333335071802139,496.12503051757812,496.12503504753113,496.12503504753113,4.7137271863562091e-10,7.3629706776046078e-09,0.072851887162850848,-0.00012204219092382118,-160.89961242675781,-0.00086601800285279751,-0.00013469319810610614,1.4725941355209216e-06,-3.4006347959802952e-06,-4.2067675313284258e-05,-6.3630801735289548,0.0010126720973897239,-5577.006247699801,-0.0001767608734193904,5570.6431689988658,0.0010092714625937436,1.9034619451472672,0,0,2.456801,2.5519229999999999
49,0.83333337679505348,0,0,496.12503051757812,496.12503504753113,496.12503504753113,3.8982400640819037e-10,-4.8929233997796473e-09,0.072851887162850848,0,0,0,4.5821721528227499e-05,-9.7858467995592946e-07,5.4859106057847384e-05,-4.2067675313284258e-05,-6.3630801735289548,0.0010126720973897239,-5609.7062508039617,3.7540462149432408e-06,5603.3431696518483,0.0010675312034475713,1.903461945114608,0,0,0,0.018502999999999999
50,0.85000004433095455,1,0.033333335071802139,496.12503051757812,496.12503504753113,496.12503504753113,4.0813777357762149e-10,1.0988259191435645e-09,0.072385300888496179,-0.00026327153318561614,-161.42939758300781,0.00071532028960064054,-0.00012978387076145737,2.1976518382871291e-07,-1.5438672562595457e-06,0.00014994237849019765,-7.3109721297095813,0.00024092329028702411,-5804.6391557691813,2.0158507728740283e-05,5797.3281838592366,0.00023937942303076457,2.1006173142837015,0,0,2.3792779999999998,2.4701590000000002
51,0.86666671186685562,0,0,496.12503051757812,496.12503504753113,496.12503504753113,3.402734483071157e-10,-4.0718588500965325e-09,0.072385300888496179,0,0,0,-6.8024024812984862e-05,-8.143717700193065e-07,0.00015910238744254457,0.00014994237849019765,-7.3109721297095813,0.00024092329028702411,-5837.3391588733421,8.1918353677212785e-05,5830.0281859292609,0.00040002567772956868,2.1006173143156301,0,0,0,0.017493000000000002
52,0.88333337940275669,1,0.033333335071802139,496.12503051757812,496.12503504753113,496.12503504753113,5.0148385444259702e-10,9.6726218146159226e-09,0.071818909373413134,5.8753408666234463e-05,-160.41183471679688,0.00022479928156826645,-0.00013044900697423145,1.9345243629231845e-06,-1.5359091776190326e-06,0.0001033891592634173,-9.2186547763122118,0.00031497367018224268,-6032.2720638385617,-2.7059847710814156e-05,6023.0534109967739,0.00031343776100462364,2.983188779925265,0,0,2.6870579999999999,2.8665229999999999
53,0.90000004693865776,0,0,496.12503051757812,496.12503504753113,496.12503504753113,5.1515292032178195e-10,8.2014395275109564e-10,0.071818909373413134,0,0,0,4.6481801518893917e-05,1.6402879055021913e-07,5.1479833018674981e-05,0.0001033891592634173,-9.2186547763122118,0.00031497367018224268,-6064.9720669427224,0.00014987096078231121,6055.7534123304395,0.00036645350320091766,2.9831887798943648,0,0,0,0.028000000000000001
54,0.91666671447455883,1,0.033333335071802139,496.12503051757812,496.12503504753113,496.12503504753113,7.6466999399116276e-10,1.4971025308341268e-08,0.071508569883651493,-0.00013160321395844221,-168.33212280273438,-7.4095099989790469e-05,-0.00014358417956827907,2.9942050616682536e-06,-4.9367372412234545e-06,1.9093062305353126e-05,-3.1933451989337409,0.00032420215313334888,-6259.9049719079403,-0.00012449111726292594,6256.7116297032117,0.00031926541589212543,1.8383852501395528,0,0,2.336595,2.4277890000000002
55,0.9333333820104599,0,0,496.12503051757812,496.12503504753113,496.12503504753113,7.4140699135583077e-10,-1.3957803801645241e-09,0.071508569883651493,0,0,0,6.1676826135226293e-05,-2.7915607603290482e-07,7.3832586622302188e-05,1.9093062305353126e-05,-3.1933451989337409,0.00032420215313334888,-6292.6049750121001,8.0769888440579418e-05,6289.41162953401,0.00039803473975565107,1.838385250121884,0,0,0,0.017981
56,0.95000004954636097,1,0.033333335071802139,496.12503051757812,496.12503504753113,496.12503504753113,9.2540397567120181e-10,1.1039819725056077e-08,0.071238206357372047,-2.8568594643729739e-05,-161.04945373535156,1.2147522284067236e-05,-1.0747925216492149e-05,2.2079639450112154e-06,-7.6804150239695446e-05,7.4372573038328227e-05,-4.4792183643573029,0.00028565860151419376,-6487.5378799773207,6.3624647821836078e-05,6483.058663820927,0.00020885445127449831,2.2853332092310876,0,0,2.5299049999999998,2.65564
57,0.96666671708226204,0,0,496.12503051757812,496.12503504753113,496.12503504753113,9.6713814734528114e-10,2.5040511886231798e-09,0.071238206357372047,0,0,0,5.4868183951839455e-05,5.0081023772463595e-07,4.9363882226316491e-05,7.4372573038328227e-05,-4.4792183643573029,0.00028565860151419376,-6520.2378830814805,0.00012924075699016768,6515.7586652179334,0.00033502248374051025,2.2853332092226495,0,0,0,0.017666000000000001
58,0.98333338461816311,1,0.033333335071802139,496.12503051757812,496.12503504753113,496.12503504753113,1.1758231055480906e-09,1.2521095271722515e-08,0.070905768268165095,0.00039985196781344712,-162.07449340820312,0.0007220963598228991,-3.5167522582923993e-05,2.5042190543445031e-06,-0.00016566054910072125,-0.00029404870639693215,-4.7837561283309222,-0.00047571513483706147,-6715.1707880467011,-0.00032921622897985614,6710.3870344225888,-0.00064137568393778273,0.74214592626250198,0,0,2.247096,2.335823
59,1.0000000521540642,0,0,496.12503051757812,496.12503504753113,496.12503504753113,1.1725229676073923e-09,-1.9800783235268682e-10,0.070905768268165095,0,0,0,-9.5003997557796538e-06,-3.9601566470537364e-08,0.00016234241684287554,-0.00029404870639693215,-4.7837561283309222,-0.00047571513483706147,-6747.8707911508609,-0.0003035491061527118,6743.0870349829283,-0.00031337271799418594,0.74214592625678832,0,0,0,0.017385999999999999
60,1.0166667196899652,1,0.033333335071802139,496.12503051757812,496.12503504753113,496.12503504753113,1.2973212504263643e-09,7.4878983014059486e-09,0.070702993165270775,0.00037188109126873314,-164.679443359375,-0.0003451252996455878,-4.2885994844255038e-05,1.4975796602811897e-06,-6.9125621848797891e-05,-0.00072978951730893332,-2.4292058902519664,-0.00015337045537069938,-6942.8036961160788,-0.00077267551215318836,6940.3744917234062,-0.00022249607721949727,0.66659615143664475,0,0,2.5352999999999999,2.6260210000000002
61,1.0333333872258663,0,0,496.12503051757812,496.12503504753113,496.12503504753113,1.2949429306630122e-09,-1.4269652126586152e-10,0.070702993165270775,0,0,0,5.3257042509358143e-05,-2.8539304253172304e-08,5.0574988108564867e-05,-0.00072978951730893332,-2.4292058902519664,-0.00015337045537069938,-6975.5036992202395,-0.00067653247479957518,6973.0744933014485,-0.00010279546726213451,0.66659615142064044,0,0,0,0.01746
62,1.0500000547617674,1,0.033333335071802139,496.12503051757812,496.12503504753113,496.12503504753113,1.4094546640919248e-09,6.8707066702700104e-09,0.070538669140363192,-0.0015176077140495181,-162.01454162597656,-8.1889622379094362e-05,-0.00014026589951754431,1.3741413340540021e-06,-5.8118871493206825e-06,0.00066996099196929559,-2.7367191136954929,2.1540244647129392e-05,-7170.4366041854591,0.00052969509245175128,7167.6998864459047,1.5728357497808709e-05,0.75785116155604559,0,0,2.3033429999999999,2.430218
63,1.0666667222976685,0,0,496.12503051757812,496.12503504753113,496.12503504753113,1.3843172164129669e-09,-1.5082459725590525e-09,0.070538669140363192,0,0,0,5.4730270448999363e-05,-3.0164919451181049e-07,5.005522325518541e-05,0.00066996099196929559,-2.7367191136954929,2.1540244647129392e-05,-7203.1366072896199,0.00072469126241829496,7200.399887874275,7.1595467902314802e-05,0.75785116152027998,0,0,0,0.017603000000000001
64,1.0833333898335695,1,0.033333335071802139,496.12503051757812,496.12503504753113,496.12503504753113,1.6153848259037318e-09,1.3864056569445893e-08,0.070302715639070548,0.0013903385261073709,-161.12165832519531,-5.1846574933733791e-05,-0.00013359142485569464,2.7728113138891786e-06,-3.1879267226031516e-06,-0.00057240305758099463,-3.9445817996213037,-4.0473943858018724e-06,-7398.0695122548386,-0.00070599448243668927,7394.1249332280286,-7.235321108405024e-06,0.90322819304705138,0,0,2.420715,2.5100349999999998
65,1.1000000573694706,0,0,496.12503051757812,496.12503504753113,496.12503504753113,1.5495869032378096e-09,-3.9478766922229624e-09,0.070302715639070548,0,0,0,5.2237999170756666e-05,-7.8957533844459249e-07,5.1382642141106771e-05,-0.00057240305758099463,-3.9445817996213037,-4.0473943858018724e-06,-7430.7695153589993,-0.00052016505841023797,7426.8249327698031,4.7335247755304899e-05,0.90322819301545865,0,0,0,0.017873
66,1.1166667249053717,1,0.033333335071802139,496.12503051757812,496.12503504753113,496.12503504753113,1.7031656085464419e-09,9.2147196539826837e-09,0.069992325971929351,-0.00041932309977710247,-161.28213500976562,-0.00023272994440048933,-0.000132050456613797,1.8429439307965367e-06,-2.6882275960815605e-06,3.9323029148996547e-05,-4.9707192576037418,3.4778018188252185e-05,-7625.702420324219,-9.2727427464800449e-05,7620.7317029095593,3.2089790592170625e-05,1.1065681383805062,0,0,2.220834,2.3322219999999998
67,1.1333333924412727,0,0,496.12503051757812,496.12503504753113,496.12503504753113,1.5008930764892625e-09,-1.2136350591163136e-08,0.069992325971929351,0,0,0,5.3968165047990624e-05,-2.4272701182326273e-06,5.1602694384200731e-05,3.9323029148996547e-05,-4.9707192576037418,3.4778018188252185e-05,-7658.4024234283797,9.3291194196987171e-05,7653.431701743506,8.6380712572452917e-05,1.1065681383503649,0,0,0,0.017436
68,1.1500000599771738,1,0.033333335071802139,496.12503051757812,496.12503504753113,496.12503504753113,1.5319396862167878e-09,1.8627943632054667e-09,0.069617856344600881,7.2071808972395957e-05,-161.33448791503906,0.00017423796816729009,-0.00013087823163004941,3.7255887264109333e-07,-1.9058461475651711e-06,1.1207229728596446e-05,-5.900549457263601,-7.7814502486846238e-05,-7853.3353283935985,-0.00011967100190145297,7847.4347793088937,-7.9720348634411409e-05,1.4072943333808285,0,0,2.4622519999999999,2.5454870000000001
69,1.1666667275130749,0,0,496.12503051757812,496.12503504753113,496.12503504753113,1.4308914053628996e-09,-6.0628995157685495e-09,0.069617856344600881,0,0,0,4.6656816721224459e-05,-1.2125799031537099e-06,4.5948547722218791e-05,1.1207229728596446e-05,-5.900549457263601,-7.7814502486846238e-05,-7886.0353314977592,5.7864046449820905e-05,7880.1347808279161,-3.1865954764627447e-05,1.4072943333481363,0,0,0,0.017410999999999999
70,1.1833333950489759,1,0.033333335071802139,496.12503051757812,496.12503504753113,496.12503504753113,1.4323946473382421e-09,9.0196294877387118e-11,0.069165896218852899,0.00020904632401652634,-160.91975402832031,-0.00012422981671988964,-0.00014409978348339791,1.8039258975477424e-08,-7.3878140938177239e-06,-0.00021644332605237279,-7.1881003560399428,-7.1945928733191389e-05,-8080.968236462978,-0.00036054310953577071,8073.7801361249776,-7.9333742827009113e-05,1.9271235717689235,0,0,2.38625,2.4720430000000002
71,1.200000062584877,0,0,496.12503051757812,496.12503504753113,496.12503504753113,1.2537737514861647e-09,-1.0717251086589386e-08,0.069165896218852899,0,0,0,7.0847755750946817e-05,-2.1434502173178771e-06,4.5801891701557906e-05,-0.00021644332605237279,-7.1881003560399428,-7.1945928733191389e-05,-8113.6682395671378,-0.00014559557030142598,8106.4801370676478,-2.6144037031633482e-05,1.9271235717388939,0,0,0,0.017569999999999999
72,1.2166667301207781,1,0.033333335071802139,496.12503051757812,496.12503504753113,496.12503504753113,1.333820720539336e-09,4.8028176991010696e-09,0.068826186134904377,-1.9304118268337334e-06,-168.74505615234375,2.1818712411914021e-05,-8.5565511653840076e-05,9.6056353982021392e-07,-6.6668746967479819e-06,-0.0002061995197809776,-0.55709504188357473,5.6215782243662291e-05,-8308.6011445323584,-0.00029176503143481768,8308.0440504510389,4.9548907546914309e-05,0.67260881705980835,0,0,2.336325,2.4214570000000002
73,1.2333333976566792,0,0,496.12503051757812,496.12503504753113,496.12503504753113,1.2947504179905422e-09,-2.3442172647492043e-09,0.068826186134904377,0,0,0,7.052786941130762e-05,-4.6884345294984087e-07,3.1360195862362161e-05,-0.0002061995197809776,-0.55709504188357473,5.6215782243662291e-05,-8341.3011476365191,-0.00013567165036966998,8340.7440521257922,8.7575978106024452e-05,0.67260881705619169,0,0,0,0.017510000000000001
74,1.2500000651925802,1,0.033333335071802139,496.12503051757812,496.12503504753113,496.12503504753113,1.4780445756201743e-09,1.0997649013688715e-08,0.06876328473492542,2.9212442314019427e-05,-161.55973815917969,0.00039139011641964316,-2.7234625576966209e-05,2.199529802737743e-06,-1.21700111321843e-05,-0.00027182748879201347,-0.98586006288486216,-0.00032048935601603021,-8536.2340526017379,-0.00029906211436897968,8535.2481947383822,-0.00033265936714821451,0.80675081576888452,0,0,2.1960229999999998,2.2803779999999998
75,1.2666667327284813,0,0,496.12503051757812,496.12503504753113,496.12503504753113,1.3582412972112934e-09,-7.1881967045328565e-09,0.06876328473492542,0,0,0,0.00012845459878008114,-1.4376393409065713e-06,5.0302901399845723e-06,-0.00027182748879201347,-0.98586006288486216,-0.00032048935601603021,-8568.9340557058986,-0.00014337289001193233,8567.9481942053735,-0.00031545906587604564,0.80675081580750485,0,0,0,0.017401
76,1.2833334002643824,1,0.033333335071802139,496.12503051757812,496.12503504753113,496.12503504753113,1.3863008518910647e-09,1.6835741689646966e-09,0.068673404377131195,-5.7028977607842535e-05,-161.54702758789062,0.00014610032667405903,-2.205388227594085e-06,3.3671483379293932e-07,-9.1726764139821171e-05,-0.00044057185424280568,-1.3565551476322597,-0.00035175553097967303,-8763.8669606711173,-0.00044277724247039976,8762.5104058601992,-0.0004434822951194942,0.88902658162632908,0,0,2.5011990000000002,2.5836190000000001
77,1.3000000678002834,0,0,496.12503051757812,496.12503504753113,496.12503504753113,1.3653578267991406e-09,-1.2565823936938614e-09,0.068673404377131195,0,0,0,5.2429430752454209e-05,-2.5131647873877228e-07,6.5894448653125437e-05,-0.00044057185424280568,-1.3565551476322597,-0.00035175553097967303,-8796.5669637752781,-0.00038814242349035147,8795.2104083763297,-0.00028586108232654759,0.88902658161427472,0,0,0,0.024466000000000002
78,1.3166667353361845,1,0.033333335071802139,496.12503051757812,496.12503504753113,496.12503504753113,1.5263315056301963e-09,9.6584180653280782e-09,0.068556306288153096,0.00041950138984248042,-161.45150756835938,0.0001593830093042925,-7.242576884891605e-05,1.9316836130656156e-06,-2.1544354922298226e-05,-0.00041653266705440721,-1.7488833509277368,-0.00040818491363967728,-8991.4998687404968,-0.00048895843590332326,8989.750987321253,-0.00042972926856197551,0.93828961177351899,0,0,2.3101850000000002,2.4140700000000002
79,1.3333334028720856,0,0,496.12503051757812,496.12503504753113,496.12503504753113,1.4913288381990242e-09,-2.1001609340487448e-09,0.068556306288153096,0,0,0,5.3657373655369156e-05,-4.2003218680974896e-07,4.7438743422389962e-05,-0.00041653266705440721,-1.7488833509277368,-0.00040818491363967728,-9024.1998718446575,-0.00036287529339903805,9022.4509880736969,-0.00036074617021728732,0.93828961177095471,0,0,0,0.017458000000000001
80,1.3500000704079866,1,0.033333335071802139,496.12503051757812,496.12503504753113,496.12503504753113,1.897606738410218e-09,2.4376667795422691e-08,0.068405289608402295,-7.9957164416555315e-05,-161.22653198242188,0.00026079235249198973,-0.0001315623990194581,4.8753335590845381e-06,-1.4786451174586546e-06,-0.00042911478044716563,-2.2924316453498745,-0.00061229765861622008,-9219.1327768098763,-0.00056067717946662373,9216.8403500398599,-0.00061377630373367874,0.99203895368720385,0,0,2.4416639999999998,2.536429
81,1.3666667379438877,0,0,496.12503051757812,496.12503504753113,496.12503504753113,1.7650556571879861e-09,-7.9530622087986558e-09,0.068405289608402295,0,0,0,3.7171258782109362e-05,-1.5906124417597312e-06,6.3106892866926501e-05,-0.00042911478044716563,-2.2924316453498745,-0.00061229765861622008,-9251.832779914037,-0.00039194352166505627,9249.5403466780754,-0.00054919076574929358,0.99203895366662453,0,0,0,0.017500999999999999
82,1.3833334054797888,1,0.033333335071802139,496.12503051757812,496.12503504753113,496.12503504753113,1.8262258372203632e-09,3.6702125782994699e-09,0.068203630622755071,-4.1252125811297446e-05,-160.86691284179688,-0.00020662102906499058,-0.00014103753755989601,7.3404251565989398e-07,-5.9576223065960221e-06,-0.00045605521968725138,-3.1313170942945106,-0.00066981040643059519,-9446.7656848792558,-0.00059709275724714739,9443.6343685190041,-0.00067576802873719121,1.0774678531415673,0,0,2.1742720000000002,2.2566649999999999
83,1.4000000730156898,0,0,496.12503051757812,496.12503504753113,496.12503504753113,1.7888790448949976e-09,-2.2408048749866794e-09,0.068203630622755071,0,0,0,5.2408040573936887e-05,-4.4816097499733587e-07,5.1521351451810915e-05,-0.00045605521968725138,-3.1313170942945106,-0.00066981040643059519,-9479.4656879834165,-0.00040364717911331449,9476.3343704409617,-0.00061828905497878428,1.0774678531051205,0,0,0,0.033012
84,1.4166667405515909,1,0.033333335071802139,496.12503051757812,496.12503504753113,496.12503504753113,1.8263284218278386e-09,2.2469599514352012e-09,0.067926683064017945,0.00010345147165935487,-160.4012451171875,0.0012052606325596571,-6.9317769657573081e-05,4.4939199028704024e-07,1.6938076896622078e-05,-0.00053819895142342457,-4.3875255796518555,-0.0006561747515812311,-9674.3985929486371,-0.00060751672108099765,9670.0110678183773,-0.00063923667468460902,1.22719774230467,0,0,2.4036010000000001,2.4910040000000002
85,1.433333408087492,0,0,496.12503051757812,496.12503504753113,496.12503504753113,1.6283484560730699e-09,-1.1878796613018494e-08,0.067926683064017945,0,0,0,0.00012928600199302309,-2.3757593226036988e-06,5.5945974963833578e-06,-0.00053819895142342457,-4.3875255796518555,-0.0006561747515812311,-9707.098596052796,-0.00040891294943040148,9702.7110680973856,-0.00065058015408484774,1.2271977423328362,0,0,0,0.017482999999999999
86,1.4500000756233931,1,0.033333335071802139,496.12503051757812,496.12503504753113,496.12503504753113,1.7975311239482039e-09,1.0150959184329622e-08,0.067536938986202458,-0.00018714893667493016,-159.71186828613281,-3.833353184745647e-05,-0.00015155230812524678,2.0301918368659244e-06,-1.8727530459727859e-05,-0.0004858509161518431,-6.3177150458885141,-0.00068920655329046416,-9902.0315010180148,-0.00063740322427708988,9895.7137880023183,-0.00070793408375019202,1.5355098482141456,0,0,2.326905,2.4129659999999999
87,1.4666667431592941,0,0,496.12503051757812,496.12503504753113,496.12503504753113,1.7183087175354217e-09,-4.7533466052129825e-09,0.067536938986202458,0,0,0,2.0381463627927587e-06,-9.5066932104259649e-07,2.9945397272967966e-05,-0.0004858509161518431,-6.3177150458885141,-0.00068920655329046416,-9934.7315041221755,-0.00048381276978905034,9928.4137881256174,-0.00065926115601749619,1.5355098481590175,0,0,0,0.017444999999999999
88,1.4833334106951952,1,0.033333335071802139,496.12503051757812,496.12503504753113,496.12503504753113,1.7534090845927608e-09,2.1060202470835065e-09,0.066961014275850869,-6.2748535128775984e-05,-158.36247253417969,-0.00044685846660286188,-6.8066788116993848e-05,4.2120404941670131e-07,-2.2821228640168556e-05,-0.00034569547441466687,-9.6377071350682506,-0.00051518292333665831,-10129.664409087394,-0.00041376226253166072,10120.02670237353,-0.00053800415197682687,2.2503607391711129,0,0,2.361164,2.4488300000000001
89,1.5000000782310963,0,0,496.12503051757812,496.12503504753113,496.12503504753113,1.7370848093278823e-09,-9.794574040711268e-10,0.066961014275850869,0,0,0,5.4987310704746051e-05,-1.9589148081422536e-07,4.7501930566795636e-05,-0.00034569547441466687,-9.6377071350682506,-0.00051518292333665831,-10162.364412191555,-0.00029070816370992082,10152.726704860595,-0.00046768099276986268,2.2503607391701719,0,0,0,0.017579999999999998
90,1.5166667457669973,1,0.033333335071802139,496.12503051757812,496.12503504753113,496.12503504753113,1.7910598559822688e-09,3.238504575620027e-09,0.066360787190750295,-0.00021448699408210814,-171.36639404296875,-0.00038933561882004142,-6.4541347910562763e-05,6.4770091512400541e-07,-3.9204780932777794e-05,-0.00024403455599186384,-0.15870831695973583,-0.00039590549113273669,-10357.297317156776,-0.0003085759039024266,10357.138609487516,-0.00043511027206551449,0.41676634323361333,0,0,2.3017379999999998,2.471184
91,1.5333334133028984,0,0,496.12503051757812,496.12503504753113,496.12503504753113,1.726919274247507e-09,-3.8484353481749167e-09,0.066360787190750295,0,0,0,3.0696025987708708e-05,-7.6968706963498335e-07,4.2921567455778131e-05,-0.00024403455599186384,-0.15870831695973583,-0.00039590549113273669,-10389.997320260936,-0.00021333853000415513,10389.838611174289,-0.00035298392367695856,0.41676634322404094,0,0,0,0.01771
92,1.5500000808387995,1,0.033333335071802139,496.12503051757812,496.12503504753113,496.12503504753113,1.8466453921561765e-09,7.1835692949662189e-09,0.066305382139220478,0.00030882577993907034,-161.43745422363281,-0.00085289694834500551,-0.00013317186358108302,1.4367138589932438e-06,-2.2950985112402122e-06,-0.00071679079541113206,-0.85449733306983144,-0.00092322448923277825,-10584.930225226155,-0.00084996265899221508,10584.075729329799,-0.00092551958774401847,0.38788658099405599,0,0,2.178938,2.2661980000000002
93,1.5666667483747005,0,0,496.12503051757812,496.12503504753113,496.12503504753113,1.7799455243050488e-09,-4.001990738800032e-09,0.066305382139220478,0,0,0,5.345811473489448e-05,-8.003981477600064e-07,5.1624363095470471e-05,-0.00071679079541113206,-0.85449733306983144,-0.00092322448923277825,-10617.630228330316,-0.00066333268067623758,10616.775730196849,-0.00087160012613730778,0.38788658096297329,0,0,0,0.017399999999999999
94,1.5833334159106016,1,0.033333335071802139,496.12503051757812,496.12503504753113,496.12503504753113,1.889749023931131e-09,6.5882126421001885e-09,0.066268490259947369,-0.00025036314036697149,-162.707275390625,0.00069596193498000503,-0.00014340967027237639,1.3176425284200377e-06,-7.6896981227037031e-06,-0.00062987920107309033,-0.37185950108649735,2.5292153136154474e-05,-10812.563133295533,-0.00077328887134546671,10812.191275112089,1.7602455013450771e-05,0.26683121707310015,0,0,2.294883,2.383413
95,1.6000000834465027,0,0,496.12503051757812,496.12503504753113,496.12503504753113,1.6497012644833831e-09,-1.4402865566864875e-08,0.066268490259947369,0,0,0,4.90017669108056e-05,-2.8805731133729751e-06,5.2991856591688702e-05,-0.00062987920107309033,-0.37185950108649735,2.5292153136154474e-05,-10845.263136399693,-0.00058087743416228473,10844.891274018033,7.8284009727843176e-05,0.26683121704233137,0,0,0,0.027061000000000002
96,1.6166667509824038,1,0.033333335071802139,496.12503051757812,496.12503504753113,496.12503504753113,1.7468338997517208e-09,5.8279603365463117e-09,0.066253525084581447,0.0013799577718600631,-162.43670654296875,0.0005994036328047514,-0.00014157114947010996,1.1655920673092623e-06,-5.6534304349042941e-06,-0.0019459109302200212,-0.22988686040951323,-0.00050757656974809162,-11040.196041364916,-0.0020874820796901311,11039.966155670098,-0.00051323000018299592,0.18825138289192656,0,0,2.2997269999999999,2.388315
97,1.6333334185183048,0,0,496.12503051757812,496.12503504753113,496.12503504753113,1.6859093010523907e-09,-3.6554732574245463e-09,0.066253525084581447,0,0,0,4.7869866648397874e-05,-7.3109465148490926e-07,2.4657066433064756e-05,-0.0019459109302200212,-0.22988686040951323,-0.00050757656974809162,-11072.896044469077,-0.0018980410635716233,11072.666156877573,-0.00048291950331502687,0.1882513828486698,0,0,0,0.017468999999999998
98,1.6500000860542059,1,0.033333335071802139,496.12503051757812,496.12503504753113,496.12503504753113,1.4485415089637854e-09,-1.4242065304870266e-08,0.066235697669845009,-0.00024336260685231537,-162.23060607910156,0.00055442890152335167,-4.177730374976818e-05,-2.8484130609740532e-06,-1.571638676978182e-05,-0.001705579551390916,-0.3244850084855414,-0.0013209377980048971,-11267.828949434293,-0.0017473568551406842,11267.504461577395,-0.0013366541847746789,0.13094196740368702,0,0,2.2096589999999998,2.3927610000000001
99,1.666666753590107,0,0,496.12503051757812,496.12503504753113,496.12503504753113,1.4238920043041503e-09,-1.4789689473104772e-09,0.066235697669845009,0,0,0,4.2351123852313322e-05,-2.9579378946209545e-07,5.6369685808022041e-05,-0.001705579551390916,-0.3244850084855414,-0.0013209377980048971,-11300.528952538454,-0.0016632284275386027,11300.204467234174,-0.001264568112196875,0.13094196741174116,0,0,0,0.025360000000000001
100,1.683333421126008,1,0.033333335071802139,496.12503051757812,496.12503504753113,496.12503504753113,1.3990026914711962e-09,-1.4933618786017178e-09,0.066217817999675924,6.4459920395165682e-05,-162.38426208496094,0.00036118633579462767,-5.1275674195494503e-05,-2.9867237572034355e-07,-5.4202621413423913e-05,-0.001973757799527227,-0.25915760936797033,-0.0017881979498664997,-11495.461857503671,-0.0020250334737227215,11495.202699595631,-0.0018424005712799237,0.098462046383813187,0,0,2.1954729999999998,2.2808639999999998
101,1.7000000886619091,0,0,496.12503051757812,496.12503504753113,496.12503504753113,1.415260797443807e-09,9.7548635835664754e-10,0.066217817999675924,0,0,0,7.8900313837948488e-05,1.9509727167132951e-07,2.7884345854545245e-05,-0.001973757799527227,-0.25915760936797033,-0.0017881979498664997,-11528.161860607832,-0.0018948574856892785,11527.902703193562,-0.0017603136040119545,0.098462046374932041,0,0,0,0.017420000000000001
102,1.7166667561978102,1,0.033333335071802139,496.12503051757812,496.12503504753113,496.12503504753113,1.4788982261038086e-09,3.8182470518677292e-09,0.066209111565432521,-1.674693947961714e-07,-162.45790100097656,-7.6846217780257575e-06,-6.5413848915341077e-05,7.6364941037354583e-07,-2.8799496476494824e-05,-0.0025177333833954494,-0.096801714717475465,-0.0019420430765812228,-11723.094765573054,-0.0025831472323107904,11722.997964621985,-0.0019708425730577176,0.081956428968420994,0,0,2.370485,2.4588299999999998
103,1.7333334237337112,0,0,496.12503051757812,496.12503504753113,496.12503504753113,1.3764767103907616e-09,-6.1452909427828217e-09,0.066209111565432521,0,0,0,0.00012950362133778981,-1.2290581885565643e-06,5.3532517085841391e-06,-0.0025177333833954494,-0.096801714717475465,-0.0019420430765812228,-11755.794768677215,-0.0023882297620576596,11755.69796573344,-0.0019366898248726386,0.081956428995904759,0,0,0,0.018356999999999998
104,1.7500000912696123,1,0.033333335071802139,496.12503051757812,496.12503504753113,496.12503504753113,1.3706368262589308e-09,-3.5039349199905701e-10,0.066208817495577943,-0.00027950713410973549,-162.3826904296875,-0.00025933500728569925,-5.2563342478606501e-05,-7.0078698399811401e-08,-4.9565380777494283e-05,-0.0025649224078037351,0.011520314115112663,-0.0020936079182459167,-11950.727673642432,-0.0026174857502823416,11950.739193886468,-0.002143173299023411,0.072668868587818083,0,0,2.453211,2.5394510000000001
105,1.7666667588055134,0,0,496.12503051757812,496.12503504753113,496.12503504753113,1.3924340569460014e-09,1.3078356175810768e-09,0.066208817495577943,0,0,0,1.9502022041706368e-05,2.6156712351621536e-07,3.1008067935545114e-05,-0.0025649224078037351,0.011520314115112663,-0.0020936079182459167,-11983.427676746593,-0.0025454203857620287,11983.439197322276,-0.0020625998503103716,0.072668868570905223,0,0,0,0.017849
106,1.7833334263414145,1,0.033333335071802139,496.12503051757812,496.12503504753113,496.12503504753113,1.4069050369158731e-09,8.6825835410309082e-10,0.066212356065203495,0.0011559631675481796,-162.30326843261719,0.00018164697394240648,-5.2348241297295317e-05,1.7365167082061816e-07,3.2828381790750427e-06,-0.0045940702405750829,0.054860064158959956,-0.0024227142478620003,-12178.360581711811,-0.0046464184818723782,12178.415441949623,-0.0024194314096829253,0.069351685748325315,0,0,2.4319869999999999,2.600727
107,1.8000000938773155,0,0,496.12503051757812,496.12503504753113,496.12503504753113,1.3420023980970086e-09,-3.894159217310289e-09,0.066212356065203495,0,0,0,8.3446025200828444e-06,-7.788318434620578e-07,2.1123753413121449e-05,-0.0045940702405750829,0.054860064158959956,-0.0024227142478620003,-12211.06058481597,-0.004585725638055,12211.115444101297,-0.0024015904944488789,0.06935168574387969,0,0,0,0.017510999999999999
108,1.8166667614132166,1,0.033333335071802139,496.12503051757812,496.12503504753113,496.12503504753113,1.0762479796255775e-09,-1.5945264664196657e-08,0.066217544558299604,-0.00012112014519516379,-162.27371215820312,-8.4914878243580461e-05,-1.7597329815544072e-05,-3.1890529328393313e-06,-2.3050444042382878e-05,-0.0049433708631685582,0.080017020554489227,-0.0031033640366744291,-12405.993489781193,-0.0049609681929841023,12406.073503612693,-0.0031264144807168119,0.070604067000255163,0,0,2.2291409999999998,2.3133819999999998
109,1.8333334289491177,0,0,496.12503051757812,496.12503504753113,496.12503504753113,1.0356153712365312e-09,-2.4379565033427752e-09,0.066217544558299604,0,0,0,-3.9038923205225728e-07,-4.8759130066855505e-07,2.901718971770606e-05,-0.0049433708631685582,0.080017020554489227,-0.0031033640366744291,-12438.693492885353,-0.0049437612524006105,12438.773509418317,-0.003074346846956723,0.070604066999866016,0,0,0,0.017381000000000001
110,1.8500000964850187,1,0.033333335071802139,496.12503051757812,496.12503504753113,496.12503504753113,9.5646168762897332e-10,-4.7492214605426852e-09,0.066224157075289933,-0.00059930112911388278,-162.26124572753906,-0.0015062113525345922,-4.643607383059134e-05,-9.4984429210853705e-07,-7.4349907208670629e-05,-0.0049522792777722622,0.10586245185300497,-0.0021072773872011369,-12633.626397850572,-0.0049987153516028535,12633.732259352581,-0.0021816272944098075,0.074890717454206723,0,0,2.5389390000000001,2.6468989999999999
111,1.8666667640209198,0,0,496.12503051757812,496.12503504753113,496.12503504753113,9.2121471562123247e-10,-2.1148194306874757e-09,0.066224157075289933,0,0,0,-3.7541855135714286e-05,-4.2296388613749514e-07,2.3366931145574199e-05,-0.0049522792777722622,0.10586245185300497,-0.0021072773872011369,-12666.326400954731,-0.0049898211329079765,12666.432262983621,-0.0020839104560555627,0.074890717445828869,0,0,0,0.018360000000000001
112,1.8833334315568209,1,0.033333335071802139,496.12503051757812,496.12503504753113,496.12503504753113,9.5253138709949781e-10,1.8790018430081545e-09,0.066232200509228636,-0.0021293626632541418,-162.24320983886719,-0.0029015867039561272,-4.7433726990675495e-05,3.7580036860163091e-07,-5.9245815009489888e-05,-0.0038353162671207804,0.13087187269094083,3.4518161265685576e-05,-12861.25930591995,-0.0038827499941114559,12861.390178168442,-2.4727653743804312e-05,0.085633795979128347,0,0,2.3472810000000002,2.4349289999999999
113,1.9000000990927219,0,0,496.12503051757812,496.12503504753113,496.12503504753113,8.9780005652073669e-10,-3.2838785024580375e-09,0.066232200509228636,0,0,0,6.7271798798174132e-05,-6.5677570049160749e-07,2.0160945268798969e-05,-0.0038353162671207804,0.13087187269094083,3.4518161265685576e-05,-12893.959309024111,-0.0037680444683226063,12894.090180240026,5.4679106534484545e-05,0.085633795970135901,0,0,0,0.017645999999999998
114,1.916666766628623,1,0.033333335071802139,496.12503051757812,496.12503504753113,496.12503504753113,1.0334854083637879e-09,8.1411215546722815e-09,0.066240825798033004,0.0009880982106551528,-162.20724487304688,0.00085847923764958978,-5.8107292488784879e-05,1.6282243109344563e-06,-4.3117722725583008e-05,-0.0061243970855646007,0.13800377575552419,-0.0019938925264525228,-13088.892213989333,-0.0061825043780533856,13089.030219393313,-0.0020370102491781058,0.11415139218744556,0,0,2.4979550000000001,2.5880399999999999
115,1.9333334341645241,0,0,496.12503051757812,496.12503504753113,496.12503504753113,9.7372720997412898e-10,-3.5854941238255833e-09,0.066240825798033004,0,0,0,1.187062252938631e-05,-7.1709882476511666e-07,1.212062556987803e-05,-0.0061243970855646007,0.13800377575552419,-0.0019938925264525228,-13121.592217093492,-0.0061125264630352144,13121.730220152149,-0.0019817719008826448,0.11415139216796978,0,0,0,0.017403999999999999
116,1.9500001017004251,1,0.033333335071802139,496.12503051757812,496.12503504753113,496.12503504753113,1.1076490835648656e-09,8.0353110831765662e-09,0.066248845511755944,0.0014018717920407653,-162.17329406738281,0.00092426541959866881,-0.0001322151547356043,1.6070622166353132e-06,-1.3046246749581769e-06,-0.0091551632436698872,0.12729317144821631,-0.0036013271971781493,-13316.525122058711,-0.0092873783984054915,13316.652416837222,-0.0036026318218531075,0.17224135197597454,0,0,2.148444,2.2644299999999999
117,1.9666667692363262,0,0,496.12503051757812,496.12503504753113,496.12503504753113,1.1349908790592167e-09,1.6405090619286966e-09,0.066248845511755944,0,0,0,4.6856359858793439e-05,3.2810181238573932e-07,5.1399581479927292e-05,-0.0091551632436698872,0.12729317144821631,-0.0036013271971781493,-13349.225125162871,-0.0091083068838110938,13349.352418662422,-0.003549927615698222,0.17224135194395204,0,0,0,0.024035999999999998
118,1.9833334367722273,1,0.033333335071802139,496.12503051757812,496.12503504753113,496.12503504753113,1.2516895298020358e-09,7.0019190445691493e-09,0.066255211855481222,-0.00071876542642712593,-162.14497375488281,0.00067742896499112248,-0.00013949729691375978,1.4003838089138299e-06,-5.5698819778626785e-06,-0.010227649442127611,0.098710443745733525,-0.0054313359759037916,-13544.158030128088,-0.01036714673904137,13544.256741972218,-0.0054369058578816543,0.258634428051702,0,0,2.5536430000000001,2.652142
119,2.0000001043081284,0,0,496.12503051757812,496.12503504753113,496.12503504753113,1.2045719977038516e-09,-2.8270488172665864e-09,0.066255211855481222,0,0,0,0.00012579149597513606,-5.6540976345331728e-07,3.2968046070891432e-06,-0.010227649442127611,0.098710443745733525,-0.0054313359759037916,-13576.858033232249,-0.010101857946152475,13576.956743110584,-0.0054280391712967025,0.25863442804236125,0,0,0,0.017642999999999999
120,2.0166667718440294,1,0.033333335071802139,496.12503051757812,496.12503504753113,496.12503504753113,8.8710383483459054e-10,-1.9048091104423293e-08,0.066258882660241325,5.0857511268986855e-06,-162.12608337402344,0.0011957630049437284,-0.00013295172038851888,-3.8096182208846585e-06,-2.2247945707931649e-06,-0.012339056930297895,0.054153290040669787,-0.0080147837528800527,-13771.790938197471,-0.012472008650686414,13771.845087677893,-0.0080170085474508459,0.34896594726416275,0,0,2.2418290000000001,2.3456000000000001
121,2.0333334393799305,0,0,496.12503051757812,496.12503504753113,496.12503504753113,8.9136964476210778e-10,2.5594903974024419e-10,0.066258882660241325,0,0,0,5.5167561185953673e-05,5.1189807948048838e-08,4.9179232064489042e-05,-0.012339056930297895,0.054153290040669787,-0.0080147837528800527,-13804.490941301632,-0.012283889369111942,13804.545094642863,-0.0079656045208155637,0.34896594723302471,0,0,0,0.017399000000000001
122,2.0500001069158316,1,0.033333335071802139,496.12503051757812,496.12503504753113,496.12503504753113,9.6036345542671597e-10,4.1396255312520225e-09,0.06626021296900951,-0.0013131545856595039,-162.15315246582031,-0.017098680138587952,-5.7561464927857742e-05,8.279251062504045e-07,-4.71637235932576e-05,-0.013405021847755758,0.032523050023227716,0.0078942409130953843,-13999.423846266849,-0.013462583312683615,13999.456370144797,0.0078470771895021267,0.4171323010140216,0,0,2.541344,2.6559460000000001
123,2.0666667744517326,0,0,496.12503051757812,496.12503504753113,496.12503504753113,9.6803698390601767e-10,4.6041304102573122e-10,0.06626021296900951,0,0,0,5.0685088126556366e-05,9.2082608205146244e-08,4.9262825996265747e-05,-0.013405021847755758,0.032523050023227716,0.0078942409130953843,-14032.12384937101,-0.013354336759629201,14032.156372513116,0.0079435037390916501,0.4171323010090095,0,0,0,0.017599
124,2.0833334419876337,1,0.033333335071802139,496.12503051757812,496.12503504753113,496.12503504753113,1.0441416620210475e-09,4.566281575080211e-09,0.066261495178451299,-0.0020805716048926115,-162.16818237304688,-0.012104672379791737,-4.7057494612090522e-05,9.1325631501604221e-07,-7.063295015541371e-05,-0.014227828086957627,0.022815519759222663,0.017949491644847517,-14227.05675433623,-0.014274885581569717,14227.079570769245,0.017878858694692103,0.49762458101854129,0,0,2.2738109999999998,2.429084
125,2.1000001095235348,0,0,496.12503051757812,496.12503504753113,496.12503504753113,9.4835228559020379e-10,-5.7473616976722042e-09,0.066261495178451299,0,0,0,5.2060607913517742e-05,-1.1494723395344408e-06,4.9697507620294346e-05,-0.014227828086957627,0.022815519759222663,0.017949491644847517,-14259.756757440391,-0.014175767479044109,14259.779571810677,0.017999189152467811,0.49762458100520129,0,0,0,0.024050999999999999
126,2.1166667770594358,1,0.033333335071802139,496.12503051757812,496.12503504753113,496.12503504753113,1.032778529364009e-09,5.0655764027851546e-09,0.066263373079551269,0.012788654305040836,-162.22943115234375,-0.039319433271884918,-0.00014447225566982524,1.0131152805570309e-06,-8.1246412264590617e-06,-0.030386833270508572,0.067205853949031807,0.055157156712250827,-14454.689662405608,-0.030531305526178398,14454.756869272673,0.055149032071024368,0.77240907825256067,0,0,2.562211,2.6803409999999999
127,2.1333334445953369,0,0,496.12503051757812,496.12503504753113,496.12503504753113,9.264569111877563e-10,-6.3792970905751645e-09,0.066263373079551269,0,0,0,5.6320476460314239e-05,-1.2758594181150329e-06,4.5796411995979724e-05,-0.030386833270508572,0.067205853949031807,0.055157156712250827,-14487.389665509769,-0.030330512794048258,14487.456870087859,0.055202953124246806,0.77240907821327776,0,0,0,0.017638000000000001
128,2.150000112131238,1,0.033333335071802139,496.12503051757812,496.12503504753113,496.12503504753113,1.0520566640082052e-09,7.5359842810485134e-09,0.066278643323247885,0.032812763005495071,-162.47761535644531,-0.065127484500408173,-5.9606225022434955e-05,1.5071968562097027e-06,-0.00014949828255339526,-0.067058805848647443,0.36580042105933819,0.11851650188027522,-14682.322570474989,-0.067118412073669878,14682.688372403245,0.11836700359772183,1.6452060507292758,0,0,2.2102689999999998,2.3012239999999999
129,2.1666667796671391,0,0,496.12503051757812,496.12503504753113,496.12503504753113,8.8790985675046841e-10,-9.8488079913749971e-09,0.066278643323247885,0,0,0,5.6246062740683556e-05,-1.9697615982749994e-06,0.00015085286122484831,-0.067058805848647443,0.36580042105933819,0.11851650188027522,-14715.022573579148,-0.06700255978590676,14715.388372030446,0.11866735474150007,1.6452060507295414,0,0,0,0.017389000000000002
130,2.1833334472030401,1,0.033333335071802139,496.12503051757812,496.12503504753113,496.12503504753113,1.1863334758999144e-09,1.7905414040342293e-08,0.066333449008513456,0.089870281517505646,-162.90922546386719,-0.023224247619509697,-4.8684387365938164e-05,3.5810828080684587e-06,-6.9000793700979557e-05,-0.16011476298840982,1.1323280284316097,0.14030043475095738,-14909.955478544369,-0.16016344737577576,14911.087810153884,0.1402314339572564,2.8310046169415446,0,0,2.489662,2.5786169999999999
131,2.2000001147389412,0,0,496.12503051757812,496.12503504753113,496.12503504753113,9.0089102844359559e-10,-1.7126545515111502e-08,0.066333449008513456,0,0,0,-7.0605642576992977e-05,-3.4253091030223004e-06,6.6277198129682802e-05,-0.16011476298840982,1.1323280284316097,0.14030043475095738,-14942.65548164853,-0.16018536863098681,14943.787806251652,0.14036671194908706,2.8310046169396856,0,0,0,0.017427000000000002
132,2.2166667822748423,1,0.033333335071802139,496.12503051757812,496.12503504753113,496.12503504753113,8.1026896303626472e-10,-5.4373252567074815e-09,0.066433838283529084,-0.051874306052923203,-162.54275512695312,0.3122732937335968,-9.4077279300108785e-06,-1.0874650513414963e-06,-2.2546430500369752e-05,-0.10915507485590296,1.5840164269772552,-0.17248829087344425,-15137.588386613746,-0.10916448258383298,15139.172401953259,-0.17251083730394462,2.0783225273986923,0,0,2.4684279999999998,2.5607120000000001
133,2.2333334498107433,0,0,496.12503051757812,496.12503504753113,496.12503504753113,6.7218025590065622e-10,-8.2853217620026953e-09,0.066433838283529084,0,0,0,2.2049562176107429e-05,-1.6570643524005391e-06,0.00016154068589457893,-0.10915507485590296,1.5840164269772552,-0.17248829087344425,-15170.288389717907,-0.10913302529372686,15171.87240448782,-0.17232675018754967,2.0783225274627117,0,0,0,0.017382000000000002
134,2.2500001173466444,1,0.033333335071802139,496.12503051757812,496.12503504753113,496.12503504753113,7.149099090497657e-10,2.5637802991695935e-09,0.066527916308568455,-0.16844829916954041,-161.84400939941406,0.01783687062561512,-5.6661212965991581e-05,5.127560598339187e-07,-5.1387655730650295e-05,0.056774192494089055,1.263265956635764,-0.19367577808065228,-15365.221294683128,0.056717531281123064,15366.48456115252,-0.19372716573638293,1.3163814430840617,0,0,2.446485,2.5407920000000002
135,2.2666667848825455,0,0,496.12503051757812,496.12503504753113,496.12503504753113,6.1426852493440265e-10,-6.0384817146541536e-09,0.066527916308568455,0,0,0,4.6419367549788149e-05,-1.2076963429308307e-06,9.2000044560336391e-05,0.056774192494089055,1.263265956635764,-0.19367577808065228,-15397.921297787288,0.056820611861638844,15399.184562536228,-0.19358377803609195,1.3163814431082628,0,0,0,0.026794999999999999
136,2.2833334524184465,1,0.033333335071802139,496.12503051757812,496.12503504753113,496.12503504753113,7.6298800610885564e-10,8.9231697586455994e-09,0.066556164551348912,0.0060306238010525703,-160.88290405273438,-0.12145217508077621,-4.2191601323793293e-05,1.7846339517291199e-06,-7.4981369380111573e-05,0.045634365465526197,-0.20200180749629593,-0.075571750207049329,-15592.854202752507,0.045592173864202404,15592.652202729645,-0.075646731576429441,0.94819377995367504,0,0,2.300233,2.4211809999999998
137,2.3000001199543476,0,0,496.12503051757812,496.12503504753113,496.12503504753113,4.548819376726243e-10,-1.8486362662883948e-08,0.066556164551348912,0,0,0,3.0902046432856878e-05,-3.6972725325767897e-06,4.0688109947950579e-05,0.045634365465526197,-0.20200180749629593,-0.075571750207049329,-15625.554205856668,0.045665267511959054,15625.352200351899,-0.075531062097101379,0.94819377992949716,0,0,0,0.034154999999999998
138,2.3166667874902487,1,0.033333335071802139,496.12503051757812,496.12503504753113,496.12503504753113,4.8736836788521032e-10,1.9491857017328584e-09,0.066465940301110138,0.070213444530963898,-160.82000732421875,-0.15762738883495331,2.37006190673128e-05,3.8983714034657169e-07,-9.0283805320723332e-05,-0.029492046837244316,-1.8785903938297246,0.077386732413110851,-15820.487110821887,-0.029468346218177004,15818.608520817894,0.077296448607790127,1.0257608412138948,0,0,2.4598900000000001,2.5511170000000001
139,2.3333334550261497,0,0,496.12503051757812,496.12503504753113,496.12503504753113,4.1133357830958062e-10,-4.5620875965823871e-09,0.066465940301110138,0,0,0,4.0286184344040521e-05,-9.1241751931647741e-07,6.0975196447543567e-05,-0.029492046837244316,-1.8785903938297246,0.077386732413110851,-15853.187113926046,-0.029451760652900276,15851.308522619798,0.077447707609558394,1.02576084119547,0,0,0,0.017448999999999999
140,2.3500001225620508,1,0.033333335071802139,496.12503051757812,496.12503504753113,496.12503504753113,4.010899112838473e-10,-6.1461946643248666e-10,0.066353412560459721,-0.085825651884078979,-162.84123229980469,0.047354575246572495,-6.2733118966207257e-05,-1.2292389328649733e-07,-3.6619246657210169e-05,0.054198992717610611,-1.5310132677631363,0.023658178781565935,-16048.120018891266,0.054136259598644404,16046.589005500578,0.023621559534908725,1.2763254002362603,0,0,2.5517069999999999,2.677457
141,2.3666667900979519,0,0,496.12503051757812,496.12503504753113,496.12503504753113,3.2363745017249812e-10,-4.647148443837068e-09,0.066353412560459721,0,0,0,-5.7726936120161554e-06,-9.2942968876741361e-07,4.5565747086584452e-05,0.054198992717610611,-1.5310132677631363,0.023658178781565935,-16080.820021995427,0.054193220023998595,16079.289007798234,0.02370374452865252,1.2763254002247775,0,0,0,0.022787999999999999
142,2.383333457633853,1,0.033333335071802139,496.12503051757812,496.12503504753113,496.12503504753113,4.315071910898638e-10,6.472184566064243e-09,0.066308808874110794,0.035175547003746033,-163.62614440917969,0.086948506534099579,-1.1714601555468107e-05,1.2944369132128486e-06,-8.4186399362806696e-05,0.017516416587150169,-0.29234247107642575,-0.06589909472362139,-16275.752926960648,0.017504701985594701,16275.460585784009,-0.065983281122984197,1.7671960186438764,0,0,2.630017,2.7839040000000002
143,2.400000125169754,0,0,496.12503051757812,496.12503504753113,496.12503504753113,4.2103751041189241e-10,-6.2818150681209772e-10,0.066308808874110794,0,0,0,-3.0714625154359965e-05,-1.2563630136241954e-07,7.220264137686172e-05,0.017516416587150169,-0.29234247107642575,-0.06589909472362139,-16308.452930064806,0.017485701961995809,16308.160587468094,-0.065826892082244529,1.7671960186397349,0,0,0,0.018904000000000001
144,2.4166667927056551,1,0.033333335071802139,496.12503051757812,496.12503504753113,496.12503504753113,6.0028021442448676e-10,1.0754561685644148e-08,0.066322337658632366,-0.058478079736232758,-162.93829345703125,0.11880665272474289,-4.8797863883009995e-05,2.1509123371288297e-06,-5.9927936035819585e-05,0.076314568568275037,0.3133578393937328,-0.18768698176638982,-16503.385835030025,0.076265770704392027,16503.69919502033,-0.18774690970242564,2.7525432273911092,0,0,2.618309,2.7178800000000001
145,2.4333334602415562,0,0,496.12503051757812,496.12503504753113,496.12503504753113,6.0654342659560712e-10,3.7579184208880179e-10,0.066322337658632366,0,0,0,5.3484711770579452e-05,7.5158368417760357e-08,4.4241210161999334e-05,0.076314568568275037,0.3133578393937328,-0.18768698176638982,-16536.085838134186,0.076368053280045617,16536.399196048736,-0.18764274055622782,2.7525432273805119,0,0,0,0.017425
146,2.4500001277774572,1,0.033333335071802139,496.12503051757812,496.12503504753113,496.12503504753113,5.7865928715372661e-10,-1.6730474783344107e-09,0.066373494814853273,-0.18875013291835785,-163.09512329101562,0.11520422995090485,-5.4003237437427742e-06,-3.3460949566688214e-07,-7.3181126936106011e-06,0.27429030249619002,1.0712871298296156,-0.29689189035732222,-16731.018743099405,0.27428490217244628,16732.090029894625,-0.29689920847001583,5.805737412660771,0,0,2.3047759999999999,2.3943240000000001
147,2.4666667953133583,0,0,496.12503051757812,496.12503504753113,496.12503504753113,7.2348377289088717e-10,8.6894687001404236e-09,0.066373494814853273,0,0,0,2.0124349475736381e-05,1.7378937400280847e-06,3.8190603390830802e-05,0.27429030249619002,1.0712871298296156,-0.29689189035732222,-16763.718746203565,0.27431042684566576,16764.790035071288,-0.29685369975393139,5.8057374126658887,0,0,0,0.017382000000000002
148,2.4833334628492594,1,0.033333335071802139,496.12503051757812,496.12503504753113,496.12503504753113,7.3709721659653837e-10,8.1680795460670197e-10,0.066575059907979656,-0.85321193933486938,-165.01895141601562,0.1053050234913826,3.9662825201958185e-05,1.6336159092134039e-07,-0.0001307141474171658,1.1380789708216072,3.8201016952638676,-0.37089480872623354,-16958.651651168788,1.1381186336468092,16962.471753027414,-0.3710255228736507,8.3200065196861637,0,0,2.921535,3.0174859999999999
149,2.5000001303851604,0,0,496.12503051757812,496.12503504753113,496.12503504753113,6.2642213638497424e-10,-6.6405059229168728e-09,0.066575059907979656,0,0,0,0.00012924879229103681,-1.3281011845833746e-06,5.7987563195638359e-06,1.1380789708216072,3.8201016952638676,-0.37089480872623354,-16991.351654272945,1.1382082196138983,16995.171754640109,-0.37088900996991397,8.3200065196814066,0,0,0,0.030485000000000002
150,2.5166667979210615,1,0.033333335071802139,496.12503051757812,496.12503504753113,496.12503504753113,8.9370011391309845e-10,1.6036679539865872e-08,0.066732106666986632,1.0651607513427734,-159.20372009277344,-1.0729738473892212,-6.3409083850274328e-05,3.2073359079731745e-06,-2.4623761873954209e-05,0.070438412805390926,0.74039525876364476,0.71674648443794564,-17186.284559238164,0.070375003721540652,17187.024957704263,0.71672186067607169,5.8982206761568978,0,0,2.3810509999999998,2.491676
151,2.5333334654569626,0,0,496.12503051757812,496.12503504753113,496.12503504753113,7.9512540995807512e-10,-5.9144813491229797e-09,0.066732106666986632,0,0,0,-2.7872744112755754e-06,-1.1828962698245959e-06,1.4673207715532044e-05,0.070438412805390926,0.74039525876364476,0.71674648443794564,-17218.984562342324,0.070435625530979651,17219.724956418191,0.71676115764566117,5.8982206761411637,0,0,0,0.017453
152,2.5500001329928637,1,0.033333335071802139,496.12503051757812,496.12503504753113,496.12503504753113,8.2085305219692373e-10,1.5436576461524965e-09,0.066697401862566161,0.48823457956314087,-161.76887512207031,0.66184800863265991,-4.226310181820736e-05,3.0873152923049929e-07,-5.0616154112503864e-05,-0.4144883853189289,0.11299263918618629,0.06871359891205614,-17413.917467307543,-0.41453064842074711,17414.030460255461,0.068662982757943636,2.926291056300224,0,0,2.4843280000000001,2.570573
153,2.5666668005287647,0,0,496.12503051757812,496.12503504753113,496.12503504753113,8.2581180782526076e-10,2.975251156556169e-10,0.066697401862566161,0,0,0,-3.2454818210680969e-05,5.950502313112338e-08,0.00019189524209650699,-0.4144883853189289,0.11299263918618629,0.06871359891205614,-17446.617470411704,-0.41452084013713958,17446.730463110394,0.068905494154152647,2.9262910563760505,0,0,0,0.017495
154,2.5833334680646658,1,0.033333335071802139,496.12503051757812,496.12503504753113,496.12503504753113,6.58521681629054e-10,-1.00374073497278e-08,0.066786517724901601,-0.18291421234607697,-163.95587158203125,0.47160056233406067,-5.9322877632439486e-05,-2.0074814699455601e-06,-5.235115168034099e-05,-0.2347329831549117,1.8599578719725312,-0.38732831512407062,-17641.550375376926,-0.23479230603254414,17643.410331241419,-0.38738066627575096,2.6041215987227235,0,0,2.6141220000000001,2.712164
155,2.6000001356005669,0,0,496.12503051757812,496.12503504753113,496.12503504753113,6.1170141174571313e-10,-2.8092150827774276e-09,0.066786517724901601,0,0,0,4.2041986603180703e-05,-5.6184301655548552e-07,3.5748644222621806e-05,-0.2347329831549117,1.8599578719725312,-0.38732831512407062,-17674.250378481087,-0.23469094116830852,17676.110335791218,-0.387292566479848,2.6041215987165005,0,0,0,0.018571000000000001
156,2.6166668031364679,1,0.033333335071802139,496.12503051757812,496.12503504753113,496.12503504753113,6.0569604887206197e-10,-3.6032332673130441e-10,0.066915450047473513,-0.37371581792831421,-161.96072387695312,-0.42587146162986755,-4.8547246933594579e-05,-7.2064665346260881e-08,-4.7177479700621916e-05,0.12892940183177559,1.711307819522812,0.050730759646170909,-17869.183283446302,0.128880854584842,17870.894591193759,0.050683582166470287,2.6672001984614688,0,0,2.6650499999999999,2.7601900000000001
157,2.633333470672369,0,0,496.12503051757812,496.12503504753113,496.12503504753113,6.0678739810526849e-10,6.5480953992391733e-11,0.066915450047473513,0,0,0,5.7270597153546987e-05,1.3096190798478347e-08,3.3800142773543485e-05,0.12892940183177559,1.711307819522812,0.050730759646170909,-17901.883286550463,0.12898667242892914,17903.594594383081,0.050764559788944452,2.6672001984609333,0,0,0,0.017475000000000001
158,2.6500001382082701,1,0.033333335071802139,496.12503051757812,496.12503504753113,496.12503504753113,7.3923539511966396e-10,7.9468804869975429e-09,0.066972059964322705,0.0073877526447176933,-160.93499755859375,-0.27283892035484314,-4.5124471625967999e-05,1.5893760973995086e-06,-6.9248272893673857e-05,0.11393391436798278,0.44528226347639255,0.33536708798326792,-18096.816191515685,0.11388878989635681,18097.261475368538,0.33529783971037425,2.1543037740875723,0,0,2.7840820000000002,2.8876970000000002
159,2.6666668057441711,0,0,496.12503051757812,496.12503504753113,496.12503504753113,6.4860394832777502e-10,-5.4378865854687319e-09,0.066972059964322705,0,0,0,6.6447967128624441e-07,-1.0875773170937464e-06,1.5608560488544754e-05,0.11393391436798278,0.44528226347639255,0.33536708798326792,-18129.516194619842,0.11393457884765407,18129.961475795742,0.33538269654375646,2.1543037740638504,0,0,0,0.018447999999999999
160,2.6833334732800722,1,0.033333335071802139,496.12503051757812,496.12503504753113,496.12503504753113,1.1294922774851557e-09,2.8853296640818371e-08,0.066958091392809019,0.23763348162174225,-161.304443359375,0.055125866085290909,-6.6162908751721261e-05,5.7706593281636742e-06,-3.1495164876105264e-05,-0.13517125075310218,-0.57171855065907373,0.29337434647544108,-18324.449099585065,-0.13523741366185391,18323.877386805067,0.29334285131056498,1.45409522556046,0,0,2.337081,2.4291179999999999
161,2.7000001408159733,0,0,496.12503051757812,496.12503504753113,496.12503504753113,1.0224781021861418e-09,-6.4208496297624151e-09,0.066958091392809019,0,0,0,6.6470647652749904e-05,-1.284169925952483e-06,8.3969928255100967e-05,-0.13517125075310218,-0.57171855065907373,0.29337434647544108,-18357.149102689225,-0.13510478010544943,18356.577382854397,0.29345831640369618,1.4540952255849835,0,0,0,0.026082999999999999
162,2.7166668083518744,1,0.033333335071802139,496.12503051757812,496.12503504753113,496.12503504753113,1.3204545235012688e-09,1.7878583946639992e-08,0.066883273296007448,0.17360767722129822,-161.54096984863281,0.086819909512996674,-6.4464040860912064e-05,3.5757167893279984e-06,-2.0314848825364606e-05,-0.32052868439354509,-1.4417688269756748,0.21733338480035569,-18552.082007654441,-0.32059314843440601,18550.64024240318,0.21731306995153032,1.2453370425076684,0,0,2.794168,2.8900739999999998
163,2.7333334758877754,0,0,496.12503051757812,496.12503504753113,496.12503504753113,1.2799495907600544e-09,-2.4302968526512814e-09,0.066883273296007448,0,0,0,4.3988768538838485e-05,-4.8605937053025627e-07,3.720934955708799e-05,-0.32052868439354509,-1.4417688269756748,0.21733338480035569,-18584.782010758601,-0.32048469562500626,18583.340241445567,0.21737059414991278,1.2453370425033998,0,0,0,0.017634
164,2.7500001434236765,1,0.033333335071802139,496.12503051757812,496.12503504753113,496.12503504753113,1.199837784682245e-09,-4.8067114732930349e-09,0.066774021327292807,0.053751811385154724,-162.14491271972656,0.10821706056594849,-2.3294660422834568e-06,-9.6134229465860699e-07,-1.1270304867139203e-05,-0.39269452428173596,-1.7387039019161459,0.1211874912004626,-18779.714915723824,-0.39269685374777824,18777.976210860565,0.12117622089559546,1.3696068941223756,0,0,2.26681,2.353078
165,2.7666668109595776,0,0,496.12503051757812,496.12503504753113,496.12503504753113,1.1697685042832973e-09,-1.8041586002937038e-09,0.066774021327292807,0,0,0,5.1436978765195818e-05,-3.6083172005874076e-07,0.00011715382015609066,-0.39269452428173596,-1.7387039019161459,0.1211874912004626,-18812.414918827984,-0.39264308730297076,18810.676214565236,0.12130464502061869,1.3696068941684754,0,0,0,0.017361999999999999
166,2.7833334784954786,1,0.033333335071802139,496.12503051757812,496.12503504753113,496.12503504753113,1.2969019191899633e-09,7.6280031180431251e-09,0.066669761551683401,-0.038803301751613617,-162.62483215332031,-0.053230881690979004,-0.00014383994084710139,1.525600623608625e-06,-1.2539146609924501e-05,-0.37949052818375867,-1.52805449309771,0.1885288610460234,-19007.347823793203,-0.37963436812460577,19005.819770825707,0.18851632189941347,1.4403541879890851,0,0,2.5889220000000002,2.6775799999999998
167,2.8000001460313797,0,0,496.12503051757812,496.12503504753113,496.12503504753113,1.1719670789389625e-09,-7.4960890827924231e-09,0.066669761551683401,0,0,0,-2.9915997856733156e-05,-1.4992178165584846e-06,6.6548705035529565e-05,-0.37949052818375867,-1.52805449309771,0.1885288610460234,-19040.047826897364,-0.3795204441816154,19038.519770905048,0.18859540975105893,1.4403541879563888,0,0,0,0.017448000000000002
168,2.8166668135672808,1,0.033333335071802139,496.12503051757812,496.12503504753113,496.12503504753113,1.2039675922892457e-09,1.9200285805709427e-09,0.066576814088894348,-0.063029929995536804,-162.48942565917969,-0.10112368315458298,-2.9499909715013928e-05,3.8400571611418854e-07,-3.6058190744370222e-05,-0.34841906299471381,-1.4174514444419939,0.30680280668919035,-19234.980731862583,-0.34844856290442883,19233.563280802147,0.30676674849844598,1.353173562829203,0,0,2.5604659999999999,2.6523210000000002
169,2.8333334811031818,0,0,496.12503051757812,496.12503504753113,496.12503504753113,1.1325580473453556e-09,-4.2845744729902435e-09,0.066576814088894348,0,0,0,3.294828161415353e-05,-8.569148945980487e-07,5.9377902061896748e-05,-0.34841906299471381,-1.4174514444419939,0.30680280668919035,-19267.680734966743,-0.34838611471309966,19266.263282665386,0.30686218459125225,1.3531735628436696,0,0,0,0.017912000000000001
170,2.8500001486390829,1,0.033333335071802139,496.12503051757812,496.12503504753113,496.12503504753113,1.2455924069953994e-09,6.7820593585565803e-09,0.06648132724522729,0.0060607097111642361,-162.277099609375,0.017324106767773628,-3.6569304029399063e-06,1.3564118717113161e-06,-8.0971778970706509e-05,-0.39396996813779889,-1.5069955158628241,0.30770831848966296,-19462.613639931962,-0.39397362506820183,19461.10664577251,0.30762734671069225,1.2220638801878063,0,0,2.5147379999999999,2.6044459999999998
171,2.866666816174984,0,0,496.12503051757812,496.12503504753113,496.12503504753113,1.2156126105722365e-09,-1.7987873413005673e-09,0.06648132724522729,0,0,0,-1.9041385712625924e-05,-3.5975746826011346e-07,0.00014384247606358258,-0.39396996813779889,-1.5069955158628241,0.30770831848966296,-19495.313643036123,-0.39398900952351151,19493.806647160502,0.30785216096572654,1.2220638802183867,0,0,0,0.017576999999999999
172,2.883333483710885,1,0.033333335071802139,496.12503051757812,496.12503504753113,496.12503504753113,1.321373677143356e-09,6.3456617738211207e-09,0.066380586779239178,0.031614076346158981,-162.30827331542969,0.094226911664009094,-5.8883222209260566e-05,1.2691323547642241e-06,-0.00015642766584278434,-0.46879147652349057,-1.5610729418056408,0.23521978304080149,-19690.246548001342,-0.46885035974569983,19688.685476328668,0.2350633553749587,1.1412357106743825,0,0,2.2358169999999999,2.3231320000000002
173,2.9000001512467861,0,0,496.12503051757812,496.12503504753113,496.12503504753113,1.2791788739363597e-09,-2.5316868601521492e-09,0.066380586779239178,0,0,0,3.4142999538744334e-05,-5.0633737203042983e-07,5.8875491504295496e-05,-0.46879147652349057,-1.5610729418056408,0.23521978304080149,-19722.946551105502,-0.46875733352395182,19721.385477657361,0.23527865853230578,1.1412357106246214,0,0,0,0.033620999999999998
174,2.9166668187826872,1,0.033333335071802139,496.12503051757812,496.12503504753113,496.12503504753113,1.3160148526480953e-09,2.2101573904365068e-09,0.066279661721315469,0.045182421803474426,-162.3955078125,0.0044156936928629875,-3.3380240438418696e-05,4.4203147808730137e-07,-3.3228081974812085e-05,-0.56372868154048594,-1.5227729113595516,0.25176035266081565,-19917.879456070721,-0.56376206178092436,19916.356683601392,0.25172712457884083,1.1514449886039688,0,0,2.4071020000000001,2.4967220000000001
175,2.9333334863185883,0,0,496.12503051757812,496.12503504753113,496.12503504753113,1.2995513554159288e-09,-9.8781205437603603e-10,0.066279661721315469,0,0,0,1.7676688912615646e-05,-1.9756241087520721e-07,0.00011770466699090321,-0.56372868154048594,-1.5227729113595516,0.25176035266081565,-19950.579459174882,-0.56371100485157333,19949.05668606596,0.25187805732780655,1.151444988633767,0,0,0,0.017395999999999998
176,2.9500001538544893,1,0.033333335071802139,496.12503051757812,496.12503504753113,496.12503504753113,1.4167051975988443e-09,7.0292323073317675e-09,0.066184105845738375,0.055404618382453918,-162.45538330078125,0.10083096474409103,-8.6689158251829213e-05,1.4058464614663535e-06,-5.8444999240236939e-05,-0.67840246247221647,-1.4186925522650895,0.1673543932579824,-20145.512364140101,-0.6784891516304683,20144.09367299368,0.16729594825874217,1.2320976207506,0,0,2.4510109999999998,2.5754039999999998
177,2.9666668213903904,0,0,496.12503051757812,496.12503504753113,496.12503504753113,1.3448975266783236e-09,-4.3084620315880784e-09,0.066184105845738375,0,0,0,-1.8034143067779951e-07,-8.6169240631761568e-07,6.6830671130446717e-05,-0.67840246247221647,-1.4186925522650895,0.1673543932579824,-20178.212367244261,-0.67840264281364715,20176.793673830303,0.16742122392911285,1.2320976207318395,0,0,0,0.01857
178,2.9833334889262915,1,0.033333335071802139,496.12503051757812,496.12503504753113,496.12503504753113,1.1615344241988623e-09,-1.1001784372410839e-08,0.066104999230224212,0.037278715521097183,-162.63948059082031,0.25353699922561646,-2.705218093979056e-05,-2.2003568744821678e-06,-4.8390381834906293e-05,-0.78177198635764478,-1.1141099395602287,-0.074593392331518335,-20373.14527220948,-0.78179903853858457,20372.031160069564,-0.074641782713353241,1.2964710345033268,0,0,2.5377689999999999,2.6310470000000001
179,3.0000001564621925,0,0,496.12503051757812,496.12503504753113,496.12503504753113,1.1502836461119159e-09,-6.7504757339520438e-10,0.066104999230224212,0,0,0,6.0025928405593731e-05,-1.3500951467904088e-07,3.4583251817821292e-05,-0.78177198635764478,-1.1141099395602287,-0.074593392331518335,-20405.845275313641,-0.78171196042923918,20404.731165239071,-0.074558809079700514,1.2964710345073929,0,0,0,0.017616
180,3.0166668239980936,1,0.033333335071802139,496.12503051757812,496.12503504753113,496.12503504753113,1.1768415131285792e-09,1.5934702446429583e-09,0.066037593979616505,-0.32479116320610046,-162.42158508300781,0.45142829418182373,4.2423039303685073e-06,3.1869404892859166e-07,-6.1863573819209705e-05,-0.52566146355850929,-1.0152498870832503,-0.51380304047382575,-20600.778180278863,-0.52565722125457892,20599.762930710473,-0.51386490404764495,1.4414933039314273,0,0,3.2404169999999999,3.4228239999999999
181,3.0333334915339947,0,0,496.12503051757812,496.12503504753113,496.12503504753113,1.1750358464013289e-09,-1.0834177999186068e-10,0.066037593979616505,0,0,0,-2.0811654621866182e-05,-2.1668355998372135e-08,7.850071597204078e-05,-0.52566146355850929,-1.0152498870832503,-0.51380304047382575,-20633.47818338302,-0.52568227521313116,20632.462933474268,-0.5137245397578537,1.4414933039440199,0,0,0,0.024542000000000001
182,3.0500001590698957,1,0.033333335071802139,496.12503051757812,496.12503504753113,496.12503504753113,1.1179570602593003e-09,-3.4247236158080341e-09,0.065976079249260328,-0.44459176063537598,-162.41026306152344,0.076829195022583008,-7.0837506882526213e-05,-6.8494472316160682e-07,-1.7870161173050292e-05,-0.14177278006724559,-0.92168646211800065,-0.57661354724668434,-20828.411088348239,-0.14184361757412811,20827.489401201175,-0.57663141740785739,1.673011946852019,0,0,2.5548579999999999,2.6466880000000002
183,3.0666668266057968,0,0,496.12503051757812,496.12503504753113,496.12503504753113,1.1254918108605239e-09,4.5208503607341299e-10,0.065976079249260328,0,0,0,6.554907940881094e-05,9.0417007214682599e-08,1.9958741859227302e-05,-0.14177278006724559,-0.92168646211800065,-0.57661354724668434,-20861.1110914524,-0.14170723098783677,20860.189405080699,-0.57659358850482512,1.673011946851056,0,0,0,0.044257999999999999
184,3.0833334941416979,1,0.033333335071802139,496.12503051757812,496.12503504753113,496.12503504753113,1.1818578338207431e-09,3.3819596012563125e-09,0.065922071156250331,-0.12150058895349503,-162.45782470703125,0.075948864221572876,-5.7579893564252416e-05,6.7639192025126249e-07,-5.1583515414677095e-05,-0.067754748757503452,-0.77352170851133006,-0.63750761888166174,-21056.043996417618,-0.067812328651067705,21055.2704753855,-0.63755920239707642,1.7785207716100611,0,0,2.6489129999999999,2.7422810000000002
185,3.100000161677599,0,0,496.12503051757812,496.12503504753113,496.12503504753113,1.0997179833438508e-09,-4.9283879199890634e-09,0.065922071156250331,0,0,0,6.3131045635600458e-05,-9.8567758399781269e-07,3.1296838187699905e-05,-0.067754748757503452,-0.77352170851133006,-0.63750761888166174,-21088.743999521779,-0.067691617711867852,21087.970476827591,-0.63747632204347404,1.7785207716014089,0,0,0,0.017600000000000001
186,3.1166668292135,1,0.033333335071802139,496.12503051757812,496.12503504753113,496.12503504753113,1.0217667822942644e-09,-4.6770729511536047e-09,0.065876144865134892,-0.33285975456237793,-162.40121459960938,0.016447568312287331,-4.0364500364375999e-05,-9.3541459023072093e-07,-6.698057859466644e-05,0.23010793233289448,-0.67510662805296262,-0.63261908626575281,-21283.676904487002,0.2300675678325301,21283.001796923534,-0.63268606684434747,1.6585008335710631,0,0,2.2517119999999999,2.3505379999999998
187,3.1333334967494011,0,0,496.12503051757812,496.12503504753113,496.12503504753113,9.8834640471778812e-10,-2.0052226545885787e-09,0.065876144865134892,0,0,0,7.7031512546454906e-05,-4.0104453091771575e-07,2.1161156382731861e-05,0.23010793233289448,-0.67510662805296262,-0.63261908626575281,-21316.376907591162,0.23018496384544093,21315.701800562063,-0.63259792510937007,1.6585008335608578,0,0,0,0.017804
188,3.1500001642853022,1,0.033333335071802139,496.12503051757812,496.12503504753113,496.12503504753113,9.6303753860382812e-10,-1.5185328550160193e-09,0.065834964137701707,-0.6080244779586792,-162.34474182128906,-0.16557836532592773,-2.1112657577759819e-05,-3.0370657100320386e-07,-0.00013921500112701324,0.82295810804832081,-0.62833773782358615,-0.43842849146153218,-21511.309812556377,0.82293699539074305,21510.681474514848,-0.43856770646265919,1.6073109781425137,0,0,2.3885420000000002,2.4755159999999998
189,3.1666668318212032,0,0,496.12503051757812,496.12503504753113,496.12503504753113,8.7153290140307149e-10,-5.4902775659115832e-09,0.065834964137701707,0,0,0,-0.00011376472457413911,-1.0980555131823166e-06,0.00010882936294365209,0.82295810804832081,-0.62833773782358615,-0.43842849146153218,-21544.009815660538,0.82284434332374667,21543.381476824659,-0.43831966209858853,1.6073109781548585,0,0,0,0.017410999999999999
190,3.1833334993571043,1,0.033333335071802139,496.12503051757812,496.12503504753113,496.12503504753113,5.3858140169893431e-10,-1.9977086651579157e-08,0.065792221221185818,-0.30771017074584961,-162.2532958984375,-0.092777647078037262,-5.6904065104390611e-05,-3.9954173303158314e-06,-0.00010254483413518756,1.135583245476121,-0.66964702076713489,-0.31030845831639325,-21738.942720625757,1.1355263414110166,21738.273069609571,-0.31041100315052844,1.6003425795017374,0,0,2.3141120000000002,2.4425129999999999
191,3.2000001668930054,0,0,496.12503051757812,496.12503504753113,496.12503504753113,5.3986226600244436e-10,7.6852302299812436e-11,0.065792221221185818,0,0,0,7.0945998231763951e-05,1.5370460459962487e-08,2.4292660327773774e-05,1.135583245476121,-0.66964702076713489,-0.31030845831639325,-21771.642723729918,1.1356541914743528,21770.97307672452,-0.31028416565606548,1.6003425794744406,0,0,0,0.025349
192,3.2166668344289064,1,0.033333335071802139,496.12503051757812,496.12503504753113,496.12503504753113,7.3629358166016345e-10,1.1785878939463146e-08,0.065746611377008921,-0.3147033154964447,-162.24337768554688,-0.077026255428791046,-0.0001313804659730522,2.3571757878926292e-06,-4.5239517021400388e-06,1.4706106953012024,-0.7165319746566714,-0.19024571205813595,-21966.57562869514,1.4704793148352293,21965.859099077657,-0.19025023600983809,1.5472096691910744,0,0,2.5987650000000002,2.6938870000000001
193,3.2333335019648075,0,0,496.12503051757812,496.12503504753113,496.12503504753113,7.2452799315669836e-10,-7.0593531020790579e-10,0.065746611377008921,0,0,0,7.8938751357782166e-05,-1.4118706204158116e-07,2.0940728973073419e-05,1.4706106953012024,-0.7165319746566714,-0.19024571205813595,-21999.275631799301,1.4706896340525601,21998.559099683458,-0.19022477132916288,1.5472096691642838,0,0,0,0.017642999999999999
194,3.2500001695007086,1,0.033333335071802139,496.12503051757812,496.12503504753113,496.12503504753113,9.5011698508784548e-10,1.3535338183601198e-08,0.065697768614405669,-0.38924980163574219,-162.2647705078125,-0.32644116878509521,-6.3491893342870753e-05,2.7070676367202395e-06,-3.2810544325911906e-05,1.8957006773081067,-0.73578113213457985,0.18009914172292904,-22194.208536764516,1.8956371854147638,22193.472758339449,0.18006633117860313,1.5268758218705953,0,0,2.2605930000000001,2.372519
195,3.2666668370366096,0,0,496.12503051757812,496.12503504753113,496.12503504753113,8.5125861915003043e-10,-5.9315006240012735e-09,0.065697768614405669,0,0,0,1.8623052255861694e-05,-1.1863001248002547e-06,0.00012436265706128324,1.8957006773081067,-0.73578113213457985,0.18009914172292904,-22226.908539868677,1.8957193003603625,22226.172757550241,0.18022350437999032,1.5268758218918608,0,0,0,0.017689
196,3.2833335045725107,1,0.033333335071802139,496.12503051757812,496.12503504753113,496.12503504753113,9.5325969340365191e-10,6.1200644552172889e-09,0.065660657044373349,-0.20930962264537811,-162.53817749023438,-0.34989768266677856,-6.0662023315671831e-05,1.2240128910434578e-06,-2.071129188152554e-05,2.1497823373292868,-0.45588437565152012,0.57382990678518864,-22421.841444833895,2.1497216753059711,22421.385561682258,0.57380919549330711,1.7127030011654247,0,0,2.3091569999999999,2.3981080000000001
197,3.3000001721084118,0,0,496.12503051757812,496.12503504753113,496.12503504753113,7.6535666693189341e-10,-1.127418070012709e-08,0.065660657044373349,0,0,0,3.2976146258079098e-05,-2.254836140025418e-06,4.6208526782720583e-05,2.1497823373292868,-0.45588437565152012,0.57382990678518864,-22454.541447938056,2.1498153134755449,22454.085561307569,0.57387611531197136,1.712703001162442,0,0,0,0.017356
198,3.3166668396443129,1,0.033333335071802139,496.12503051757812,496.12503504753113,496.12503504753113,8.0402406954505068e-10,2.3200428245218063e-09,0.065647741969750859,-0.22962343692779541,-162.63899230957031,-0.23149985074996948,-0.00013200649391365005,4.6400856490436126e-07,-2.0324137040006462e-06,2.4181062429099502,-0.030450483567345955,0.84031153743119202,-22649.474352903278,2.4179742364160366,22649.443902883719,0.84030950501748802,2.2687463292427505,0,0,2.4181970000000002,2.5730759999999999
199,3.3333335071802139,0,0,496.12503051757812,496.12503504753113,496.12503504753113,7.1961830938604976e-10,-5.06434627567387e-09,0.065647741969750859,0,0,0,5.0682103847066173e-05,-1.012869255134774e-06,5.170024905964965e-05,2.4181062429099502,-0.030450483567345955,0.84031153743119202,-22682.174356007439,2.4181569250137973,22682.143904511002,0.84036323768025167,2.2687463292117727,0,0,0,0.023789000000000001
200,3.350000174716115,1,0.033333335071802139,496.12503051757812,496.12503504753113,496.12503504753113,8.3092149827379558e-10,6.6781922214431688e-09,0.065669474755825644,-0.34284204244613647,-162.68077087402344,0.0043214121833443642,-4.7754980414538295e-05,1.3356384442886338e-06,-5.951536650172784e-05,2.7678400899405737,0.49731414131060991,0.86478421545941364,-22877.107260972658,2.7677923349601592,22877.604576449608,0.86472470009291191,2.5813169792516897,0,0,2.5255320000000001,2.61978
201,3.3666668422520161,0,0,496.12503051757812,496.12503504753113,496.12503504753113,6.7143846038675292e-10,-9.568980274821115e-09,0.065669474755825644,0,0,0,3.6661512581304123e-05,-1.913796054964223e-06,6.112329060670163e-05,2.7678400899405737,0.49731414131060991,0.86478421545941364,-22909.807264076819,2.767876751453155,22910.304576304334,0.86484533875002034,2.5813169792501132,0,0,0,0.017513999999999998
202,3.3833335097879171,1,0.033333335071802139,496.12503051757812,496.12503504753113,496.12503504753113,7.1565114945215669e-10,2.6527615659688308e-09,0.065702798820677255,-0.044142607599496841,-162.1141357421875,0.77023464441299438,-8.0467293628316838e-05,5.3055231319376617e-07,-2.3859263365011429e-05,2.7689849453280684,0.48708781724670702,0.11556686548655644,-23104.740169042034,2.7689044780344401,23105.227257389834,0.11554300622319143,2.4738400723784459,0,0,2.4934539999999998,2.6139709999999998
203,3.4000001773238182,0,0,496.12503051757812,496.12503504753113,496.12503504753113,5.4630078238915303e-10,-1.0161023134003244e-08,0.065702798820677255,0,0,0,2.3975690055522136e-05,-2.0322046268006488e-06,5.347050091586425e-05,2.7689849453280684,0.48708781724670702,0.11556686548655644,-23137.440172146195,2.7690089210181239,23137.927257931238,0.1156203359874723,2.4738400723719578,0,0,0,0.017558000000000001
204,3.4166668448597193,1,0.033333335071802139,496.12503051757812,496.12503504753113,496.12503504753113,3.9658049066915169e-10,-8.9832177252446854e-09,0.065736693792602649,0.32240563631057739,-162.31703186035156,1.1969770193099976,-6.6080599481210811e-05,-1.7966435450489371e-06,-3.288388370492612e-05,2.3651789669418344,0.69459093045390763,-1.057713444506613,-23332.373077111417,2.3651128863423532,23333.067666245228,-1.0577463283903179,2.4898155599823877,0,0,2.1792929999999999,2.2665259999999998
205,3.4333335123956203,0,0,496.12503051757812,496.12503504753113,496.12503504753113,3.0899977021547897e-10,-5.2548427831311528e-09,0.065736693792602649,0,0,0,6.3268157646234613e-05,-1.0509685566262306e-06,0.00016552171473449562,2.3651789669418344,0.69459093045390763,-1.057713444506613,-23365.073080215578,2.3652422350994806,23365.767670095061,-1.0575479227918785,2.4898155600415999,0,0,0,0.040092999999999997
206,3.4500001799315214,1,0.033333335071802139,496.12503051757812,496.12503504753113,496.12503504753113,5.6266635795054754e-10,1.521999237752425e-08,0.065841241961433775,-0.19056513905525208,-163.44149780273438,-0.0085546048358082771,-3.1992371418709808e-05,3.0439984755048499e-06,-3.1313317094827653e-05,2.4547097490357652,2.1047041312849424,-1.0178358453118943,-23560.005985180796,2.4546777566643465,23562.11069235608,-1.0178671586289891,2.6249472700844945,0,0,2.454977,2.5932430000000002
207,3.4666668474674225,0,0,496.12503051757812,496.12503504753113,496.12503504753113,3.5628242023300061e-10,-1.2383035929985908e-08,0.065841241961433775,0,0,0,-3.4373783819319215e-06,-2.4766071859971817e-06,4.5327078623813577e-05,2.4547097490357652,2.1047041312849424,-1.0178358453118943,-23592.705988284957,2.4547063116573833,23594.810689939633,-1.0177905182332705,2.6249472700863761,0,0,0,0.026904000000000001
208,3.4833335150033236,1,0.033333335071802139,496.12503051757812,496.12503504753113,496.12503504753113,6.7452488039521086e-10,1.9094546388487288e-08,0.065998286921150839,0.59718871116638184,-162.21018981933594,-0.54374814033508301,-6.2696727809452568e-05,3.8189092776974576e-06,-2.7813092629003222e-05,1.7615157979415972,2.3219215616805577,-0.45392276999118253,-23787.638893250172,1.7614531012137877,23789.960818630763,-0.45395058308381153,2.6977575460107985,0,0,2.6306780000000001,2.7255780000000001
209,3.5000001825392246,0,0,496.12503051757812,496.12503504753113,496.12503504753113,6.0485633168738673e-10,-4.1801113681572133e-09,0.065998286921150839,0,0,0,3.6202720821165713e-06,-8.3602227363144266e-07,4.5474257603927981e-05,1.7615157979415972,2.3219215616805577,-0.45392276999118253,-23820.338896354333,1.7615194182136793,23822.660817079992,-0.4538772957335786,2.69775754600566,0,0,0,0.017465999999999999
210,3.5166668500751257,1,0.033333335071802139,496.12503051757812,496.12503504753113,496.12503504753113,6.0321131423179963e-10,-9.8701491424435517e-11,0.066105457897088965,1.2839946746826172,-161.05165100097656,-0.61577725410461426,-4.9559974968360621e-05,-1.9740298284887103e-08,-0.00010105399042004137,0.3996422392996265,1.3061623271296503,0.17149004417299263,-24015.271801319555,0.39959267932465814,24016.577963626944,0.17138899018257259,2.7305341383987414,0,0,2.4280539999999999,2.517528
211,3.5333335176110268,0,0,496.12503051757812,496.12503504753113,496.12503504753113,6.0051874584132747e-10,-1.6155521365135428e-10,0.066105457897088965,0,0,0,-6.4527398535574321e-06,-3.2311042730270856e-08,0.00016211023421419668,0.3996422392996265,1.3061623271296503,0.17149004417299263,-24047.971804423716,0.39963578655977294,24049.277966718535,0.17165215440720683,2.7305341384268109,0,0,0,0.017465999999999999
212,3.5500001851469278,1,0.033333335071802139,496.12503051757812,496.12503504753113,496.12503504753113,5.3977272651550834e-10,-3.6447609375045431e-09,0.066160327216394907,0.74932801723480225,-161.53358459472656,-0.76203632354736328,-3.1762738217366859e-05,-7.2895218750090862e-07,-3.2424912888018298e-05,-0.405931162548748,0.69910619173746669,0.93294288113412271,-24242.904709388935,-0.40596292528696537,24243.603814851722,0.9329104562212347,2.4283583530842492,0,0,2.1895639999999998,2.2790159999999999
213,3.5666668526828289,0,0,496.12503051757812,496.12503504753113,496.12503504753113,5.8099625110941133e-10,2.4734099213219451e-09,0.066160327216394907,0,0,0,-2.4338794446521206e-05,4.9468198426438903e-07,0.00017618049241718836,-0.405931162548748,0.69910619173746669,0.93294288113412271,-24275.604712493096,-0.40595550134319452,24276.303819179517,0.9331190616265399,2.4283583531580493,0,0,0,0.017599
214,3.58333352021873,1,0.033333335071802139,496.12503051757812,496.12503504753113,496.12503504753113,6.5431171591967541e-10,4.3989274445266346e-09,0.066203618232084774,0.4809269905090332,-162.15505981445312,-0.33872753381729126,-7.2287980401597451e-05,8.7978548890532693e-07,-1.9724632238649065e-05,-0.93350864045965409,0.68760445098322431,1.2529364752339878,-24470.537617458314,-0.93358092844005569,24471.225222789082,1.2529167506017491,2.0288788098590933,0,0,2.935689,3.0812970000000002
215,3.600000187754631,0,0,496.12503051757812,496.12503504753113,496.12503504753113,6.3513738712828172e-10,-1.1504592833944116e-09,0.066203618232084774,0,0,0,-5.1437200454529375e-05,-2.3009185667888232e-07,0.00018824227936420357,-0.93350864045965409,0.68760445098322431,1.2529364752339878,-24503.237620562471,-0.93356007766010862,24503.925224783361,1.253124717513352,2.0288788099378587,0,0,0,0.025080999999999999
216,3.6166668552905321,1,0.033333335071802139,496.12503051757812,496.12503504753113,496.12503504753113,9.3694396685606307e-10,1.8108394783666881e-08,0.066246333981857822,0.63433581590652466,-162.0775146484375,0.14232330024242401,-6.9741781771881506e-05,3.6216789567333763e-06,-3.2978556419038796e-05,-1.6229386633916527,0.59113186184307465,1.0799158306581709,-24698.170525527694,-1.6230084051734246,24698.761661011216,1.0798828521017518,1.4670769447068903,0,0,2.2507860000000002,2.3428499999999999
217,3.6333335228264332,0,0,496.12503051757812,496.12503504753113,496.12503504753113,8.6835427737241844e-10,-4.1153818131078879e-09,0.066246333981857822,0,0,0,1.440364485461032e-05,-8.2307636262157757e-07,2.5988180141212069e-05,-1.6229386633916527,0.59113186184307465,1.0799158306581709,-24730.870528631855,-1.6229242597467981,24731.461659670622,1.0799418188383121,1.4670769446947189,0,0,0,0.027785000000000001
218,3.6500001903623343,1,0.033333335071802139,496.12503051757812,496.12503504753113,496.12503504753113,1.4019458927094774e-09,3.2015496032045121e-08,0.066279145451832749,0.69722026586532593,-162.07473754882812,0.13290049135684967,-7.0729845447203843e-05,6.4030992064090242e-06,-3.3065288107536617e-05,-2.3818956996868068,0.48210658966769593,0.912690732000356,-24925.803433597073,-2.381966429532254,24926.285546589839,0.91265766671224846,1.1909701722108281,0,0,2.678639,2.769558
219,3.6666668578982353,0,0,496.12503051757812,496.12503504753113,496.12503504753113,1.2697755069623895e-09,-7.9302253652713262e-09,0.066279145451832749,0,0,0,7.2248417382070329e-05,-1.5860450730542652e-06,0.00012053490081598284,-2.3818956996868068,0.48210658966769593,0.912690732000356,-24958.503436701234,-2.3818234512694247,24958.985541704857,0.91281126690117198,1.1909701722471526,0,0,0,0.017462999999999999
220,3.6833335254341364,1,0.033333335071802139,496.12503051757812,496.12503504753113,496.12503504753113,1.3773526763571908e-09,6.4546270550636109e-09,0.066310129831640044,0.52376508712768555,-162.16799926757812,-0.25231504440307617,-7.0133478402567562e-05,1.2909254110127222e-06,-3.2934298133113771e-05,-2.961582355878714,0.46309951830996204,1.1297652331788444,-25153.436341666453,-2.9616524893571166,25153.899442475689,1.1297322988807112,1.1381855521676489,0,0,2.2850630000000001,2.3863720000000002
221,3.7000001929700375,0,0,496.12503051757812,496.12503504753113,496.12503504753113,1.2542641369961416e-09,-7.3853101412169053e-09,0.066310129831640044,0,0,0,6.8154895416228101e-05,-1.4770620282433811e-06,0.00013100052456138656,-2.961582355878714,0.46309951830996204,1.1297652331788444,-25186.136344770614,-2.9615142009832978,25186.599442811861,1.1298962337034058,1.1381855522082416,0,0,0,0.018401000000000001
222,3.7166668605059385,1,0.033333335071802139,496.12503051757812,496.12503504753113,496.12503504753113,1.0171462561103795e-09,-1.4227072853145728e-08,0.066338299209771481,0.051869511604309082,-162.13943481445312,-0.22949172556400299,-5.7206602832593489e-05,-2.8454145706291456e-06,-2.3620754063813365e-05,-3.0564911311397891,0.40862599115094378,1.3248789618777523,-25381.069249735836,-3.0565483377426217,25381.477872881573,1.3248553411236885,1.0746468825848801,0,0,2.6332040000000001,2.7547299999999999
223,3.7333335280418396,0,0,496.12503051757812,496.12503504753113,496.12503504753113,8.5276025130198718e-10,-9.8631600664589314e-09,0.066338299209771481,0,0,0,1.0707017850108969e-05,-1.9726320132917863e-06,4.7567209549015388e-05,-3.0564911311397891,0.40862599115094378,1.3248789618777523,-25413.769252839997,-3.056480424121939,25414.177876858517,1.3249265290873014,1.0746468825813427,0,0,0,0.024878000000000001
224,3.7500001955777407,1,0.033333335071802139,496.12503051757812,496.12503504753113,496.12503504753113,6.1088623048988211e-10,-1.4512441026681699e-08,0.066357550166902091,-0.12541221082210541,-162.00827026367188,0.087795540690422058,-0.00013241574379208032,-2.9024882053363399e-06,-2.0616766960301902e-06,-2.9580121172771916,0.20479402366336313,1.2058230273906119,-25608.702157805212,-2.9581445330209837,25608.906948926386,1.2058209657139158,0.97196167563235092,0,0,2.8538969999999999,2.9485830000000002
225,3.7666668631136417,0,0,496.12503051757812,496.12503504753113,496.12503504753113,6.3510968706381732e-10,1.4534080605699273e-09,0.066357550166902091,0,0,0,1.140222138928948e-07,2.9068161211398547e-07,1.1096341268057586e-05,-2.9580121172771916,0.20479402366336313,1.2058230273906119,-25641.402160909372,-2.9580120032549777,25641.606955223717,1.2058341237318799,0.97196167558819357,0,0,0,0.017398
226,3.7833335306495428,1,0.033333335071802139,496.12503051757812,496.12503504753113,496.12503504753113,7.7788053776117749e-10,8.5662499316185858e-09,0.066358773684015077,0.019422093406319618,-161.95469665527344,0.10385917127132416,-0.00014173887166180066,1.7132499863237172e-06,-6.111542916187318e-06,-2.9842045871041658,-0.079797971049092309,1.0754034405513708,-25836.335065874591,-2.9843463259758276,25836.255269616791,1.0753973290084546,0.89300369880725761,0,0,2.1982010000000001,2.2844570000000002
227,3.8000001981854439,0,0,496.12503051757812,496.12503504753113,496.12503504753113,7.0130951046465384e-10,-4.5942627480144438e-09,0.066358773684015077,0,0,0,-4.6015156840439886e-05,-9.1885254960288876e-07,0.00018932719285658095,-2.9842045871041658,-0.079797971049092309,1.0754034405513708,-25869.035068978752,-2.9842506022610062,25868.955270088849,1.0755927677442274,0.89300369885155617,0,0,0,0.017412
228,3.8166668657213449,1,0.033333335071802139,496.12503051757812,496.12503504753113,496.12503504753113,3.3171590474445622e-10,-2.217561601014495e-08,0.066345480429071957,0.020007472485303879,-162.063232421875,0.016936423256993294,-0.00014119948446023045,-4.4351232020289899e-06,-5.8461523622099776e-06,-2.98837243666277,-0.27730377624936331,1.0375708914575703,-26063.967973943974,-2.9885136361472302,26063.690665732604,1.0375650453052081,0.84726648137727956,0,0,2.61904,2.7175129999999998
229,3.833333533257246,0,0,496.12503051757812,496.12503504753113,496.12503504753113,3.0048613597344342e-10,-1.8737869034168853e-09,0.066345480429071957,0,0,0,-0.00012689638424490113,-3.7475738068337705e-07,7.5649813879863359e-05,-2.98837243666277,-0.27730377624936331,1.0375708914575703,-26096.667977048135,-2.9884993330470149,26096.390672897127,1.0376465412714502,0.84726648138215044,0,0,0,0.018359
230,3.8500002007931471,1,0.033333335071802139,496.12503051757812,496.12503504753113,496.12503504753113,3.0145508311818503e-10,5.8136606639891397e-11,0.066321330106988235,-0.18251727521419525,-162.137451171875,0.062883324921131134,-0.00013172450508136535,1.1627321327978279e-08,-2.1867890609428287e-06,-2.7736847626467331,-0.41753528041558796,0.95789453287226312,-26291.60088201335,-2.7738164871518145,26291.183346744561,0.95789234608320217,0.83873220384202574,0,0,2.7637350000000001,2.9352770000000001
231,3.8666668683290482,0,0,496.12503051757812,496.12503504753113,496.12503504753113,3.0635810555068588e-10,2.9418156799465578e-10,0.066321330106988235,0,0,0,-8.6195768744801171e-06,5.8836313598931156e-08,0.00015273465123755159,-2.7736847626467331,-0.41753528041558796,0.95789453287226312,-26324.300885117511,-2.7736933822236076,26323.883349895932,0.95804726752350067,0.83873220385642899,0,0,0,0.026461999999999999
232,3.8833335358649492,1,0.033333335071802139,496.12503051757812,496.12503504753113,496.12503504753113,4.2853481874161048e-10,7.3306019032770564e-09,0.066289397729497379,-0.37404415011405945,-162.18588256835938,0.14412589371204376,-6.2381980114878388e-05,1.4661203806554113e-06,-2.0031541225762339e-05,-2.3583323284447717,-0.51987541942517679,0.79961036906190197,-26519.23379008273,-2.3583947104248866,26518.713916129425,0.79959033752067621,0.88223263320766609,0,0,2.6709900000000002,2.775531
233,3.9000002034008503,0,0,496.12503051757812,496.12503504753113,496.12503504753113,4.6129111641590725e-10,1.9653780825024114e-09,0.066289397729497379,0,0,0,5.2963832786190324e-05,3.9307561650048228e-07,5.1647577947733225e-05,-2.3583323284447717,-0.51987541942517679,0.79961036906190197,-26551.93379318689,-2.3582793646119855,26551.413918160542,0.7996620166398497,0.88223263321027767,0,0,0,0.019192000000000001
234,3.9166668709367514,1,0.033333335071802139,496.12503051757812,496.12503504753113,496.12503504753113,4.0896047659444434e-10,-3.1398386113323795e-09,0.066252750350909967,-0.59014409780502319,-162.23782348632812,0.22901248931884766,-6.0145566749270074e-05,-6.279677222664759e-07,-2.4755797767284093e-05,-1.7186890389230169,-0.57280777464514987,0.5612777338064715,-26746.866698152113,-1.7187491844897662,26746.293889749501,0.56125297800870422,0.95154612962216223,0,0,2.6348389999999999,2.7846039999999999
235,3.9333335384726524,0,0,496.12503051757812,496.12503504753113,496.12503504753113,3.7620376258651334e-10,-1.9654033955873729e-09,0.066252750350909967,0,0,0,-1.3093949746689759e-05,-3.9308067911747457e-07,0.00018370283214608207,-1.7186890389230169,-0.57280777464514987,0.5612777338064715,-26779.566701256274,-1.7187021328727636,26778.993893088547,0.56146143663861758,0.95154612969482866,0,0,0,0.026211000000000002
236,3.9500002060085535,1,0.033333335071802139,496.12503051757812,496.12503504753113,496.12503504753113,3.7501385330429571e-10,-7.1395334089174867e-11,0.066216118177589101,-0.69573014974594116,-162.30705261230469,0.26824492216110229,-1.2713493902083428e-05,-1.4279066817834973e-08,-4.2793664078999427e-05,-0.96963734833748672,-0.5483885076598618,0.28628138479124349,-26974.499606221492,-0.9696500618313888,26973.951217699552,0.28623859112716449,1.0279607836159346,0,0,2.9802529999999998,3.080959
237,3.9666668735444546,0,0,496.12503051757812,496.12503504753113,496.12503504753113,3.5357375360867138e-10,-1.2864056486705522e-09,0.066216118177589101,0,0,0,-1.0522956017666729e-05,-2.5728112973411044e-07,0.0001526975665910868,-0.96963734833748672,-0.5483885076598618,0.28628138479124349,-27007.199609325649,-0.96964787129350438,27006.651220560707,0.28643408235783457,1.0279607836693472,0,0,0,0.018204999999999999
238,3.9833335410803556,1,0.033333335071802139,496.12503051757812,496.12503504753113,496.12503504753113,6.2597227401539612e-10,1.6343911113381182e-08,0.066182368365274816,-0.74650287628173828,-162.29896545410156,0.38563498854637146,-4.9689435854816111e-05,3.2687822226762364e-06,-7.8113168910931563e-05,-0.16685324180116212,-0.51772631798966617,-0.10725619856272881,-27202.132514290868,-0.16690293123701694,27201.61479124166,-0.10733431173163974,1.110220810324039,0,0,2.4326979999999998,2.5607139999999999
239,4.0000002086162567,0,0,496.12503051757812,496.12503504753113,496.12503504753113,6.1647148497101512e-10,-5.7004623243983588e-10,0.066182368365274816,0,0,0,-2.5549900328769581e-05,-1.1400924648796718e-07,0.00017249443544642418,-0.16685324180116212,-0.51772631798966617,-0.10725619856272881,-27234.832517395029,-0.16687879170149089,27234.314790963032,-0.10708370412728238,1.1102208103671227,0,0,0,0.018277000000000002
240,4.0166668761521578,1,0.033333335071802139,496.12503051757812,496.12503504753113,496.12503504753113,9.5007535172442203e-10,2.0016234003605859e-08,0.066147420783432151,-0.55439478158950806,-162.25408935546875,0.72645246982574463,-7.0022139198044897e-06,4.0032468007211719e-06,-3.5571395073930034e-05,0.44993524247001926,-0.51943810532370593,-0.83746871053414296,-27429.765422360251,0.44992824025609945,27429.245988258175,-0.83750428192921689,1.2032373886211349,0,0,2.3545530000000001,2.4673180000000001
241,4.0333335436880589,0,0,496.12503051757812,496.12503504753113,496.12503504753113,9.7625896255948419e-10,1.5710184264605687e-09,0.066147420783432151,0,0,0,-2.458752987877233e-05,3.1420368529211373e-07,0.00017107969370044884,0.44993524247001926,-0.51943810532370593,-0.83746871053414296,-27462.465425464412,0.44991065494014049,27461.945987673291,-0.83729763084044251,1.2032373886914673,0,0,0,0.018019
242,4.0500002112239599,1,0.033333335071802139,496.12503051757812,496.12503504753113,496.12503504753113,1.2658800674358872e-09,1.7377267624851811e-08,0.066117077685740488,-0.44450303912162781,-162.34068298339844,0.73870748281478882,-6.7245053969600121e-06,3.4754535249703622e-06,-3.5946550269727595e-05,0.96308794822078647,-0.41959598229006073,-1.5907633596509498,-27657.398330429631,0.96308122371538951,27656.978737922793,-1.5907993062012196,1.1743029517145986,0,0,3.3968379999999998,3.4964309999999998
243,4.066666878759861,0,0,496.12503051757812,496.12503504753113,496.12503504753113,1.2182596043075478e-09,-2.8572300081464164e-09,0.066117077685740488,0,0,0,-2.9557668312918395e-05,-5.7144600162928327e-07,0.00017589508161108824,0.96308794822078647,-0.41959598229006073,-1.5907633596509498,-27690.098333533791,0.96305839055247355,27689.678736980055,-1.5905874645693387,1.1743029517897483,0,0,0,0.018251
244,4.0833335462957621,1,0.033333335071802139,496.12503051757812,496.12503504753113,496.12503504753113,1.2092417067677275e-09,-5.4107474056763749e-10,0.066093519760840547,0.021288324147462845,-162.31935119628906,0.32776850461959839,-4.6138939069351181e-05,-1.082149481135275e-07,-3.0457454158749897e-05,1.0217738232979749,-0.32799215430287959,-1.9415381901974063,-27885.031238499007,1.0217276843589056,27884.703246236488,-1.941568647651565,1.1269461573121291,0,0,2.3444959999999999,2.4780470000000001
245,4.1000002138316631,0,0,496.12503051757812,496.12503504753113,496.12503504753113,1.130861071452216e-09,-4.7028390071091053e-09,0.066093519760840547,0,0,0,4.5902226020189119e-05,-9.4056780142182106e-07,2.4497825279468088e-05,1.0217738232979749,-0.32799215430287959,-1.9415381901974063,-27917.731241603167,1.0218197255239951,27917.403248508297,-1.9415136923721268,1.1269461573001724,0,0,0,0.018696000000000001
246,4.1166668813675642,1,0.033333335071802139,496.12503051757812,496.12503504753113,496.12503504753113,1.3462104764272453e-09,1.2920960301698869e-08,0.066080019207430493,0.033169854432344437,-162.39474487304688,0.32163625955581665,-8.2953198443647125e-05,2.5841920603397739e-06,-5.4711102848159499e-05,1.0710669033390749,-0.14971431436856106,-2.2967263582656852,-28112.66414656839,1.0709839501406313,28112.514434838213,-2.2967810693685333,1.1637727268037372,0,0,2.2979020000000001,2.388277
247,4.1333335489034653,0,0,496.12503051757812,496.12503504753113,496.12503504753113,1.0822043261526915e-09,-1.5840370792830072e-08,0.066080019207430493,0,0,0,1.7738753399498819e-05,-3.1680741585660144e-06,6.0231673160160426e-05,1.0710669033390749,-0.14971431436856106,-2.2967263582656852,-28145.36414967255,1.0710846420924744,28145.214432190107,-2.296666126592525,1.1637727267883027,0,0,0,0.017885999999999999
248,4.1500002164393663,1,0.033333335071802139,496.12503051757812,496.12503504753113,496.12503504753113,1.127443138848605e-09,2.7143300940224435e-09,0.066068662191126573,0.13130266964435577,-162.17268371582031,0.15334112942218781,-3.4948959637404187e-05,5.428660188044887e-07,-3.4106301427527796e-05,1.0208489085086263,-0.19179981475375688,-2.4990729814034909,-28340.297054637769,1.0208139595489889,28340.105255365881,-2.4991070877049184,1.2247821522182551,0,0,2.5288919999999999,2.628981
249,4.1666668839752674,0,0,496.12503051757812,496.12503504753113,496.12503504753113,1.0491127966361091e-09,-4.6998227531958037e-09,0.066068662191126573,0,0,0,1.1824511148006422e-05,-9.3996455063916073e-07,0.00014300298971647862,1.0208489085086263,-0.19179981475375688,-2.4990729814034909,-28372.99705774193,1.0208607330197743,28372.805256987212,-2.4989299784137744,1.2247821522637119,0,0,0,0.025058
250,4.1833335515111685,1,0.033333335071802139,496.12503051757812,496.12503504753113,496.12503504753113,1.1701080104842276e-09,7.25971460724395e-09,0.066049237361773303,-0.25868004560470581,-162.15748596191406,0.32481694221496582,4.5550802951765945e-05,1.45194292144879e-06,-0.00012976804555364652,1.3414270521158973,-0.26084425323335275,-2.8864169919789857,-28567.929962707149,1.3414726029188491,28567.669119905859,-2.8865467600245394,1.3780177193049443,0,0,2.4446029999999999,2.5422669999999998
251,4.2000002190470695,0,0,496.12503051757812,496.12503504753113,496.12503504753113,9.3138585732788215e-10,-1.432332741302389e-08,0.066049237361773303,0,0,0,1.8657459577298141e-05,-2.8646654826047779e-06,2.8125805329182185e-05,1.3414270521158973,-0.26084425323335275,-2.8864169919789857,-28600.629965811306,1.3414457095754746,28600.369118693408,-2.8863888661736565,1.3780177192618301,0,0,0,0.017958999999999999
252,4.2166668865829706,1,0.033333335071802139,496.12503051757812,496.12503504753113,496.12503504753113,1.2430513285366374e-09,1.8699928716614522e-08,0.066058923800786332,-0.38351261615753174,-162.88804626464844,0.64591187238693237,-7.1189219852385577e-06,3.7399857433229045e-06,-3.4272261473233812e-05,1.7520525638792592,0.42318118496216051,-3.6087294476602971,-28795.562870776528,1.752045444957274,28795.986055701476,-3.6087637199217704,1.9365183527076961,0,0,2.3987029999999998,2.4914540000000001
253,4.2333335541188717,0,0,496.12503051757812,496.12503504753113,496.12503504753113,1.4937868719755443e-09,1.5044133050423625e-08,0.066058923800786332,0,0,0,1.1541146704985294e-05,3.008826610084725e-06,4.0558501268606051e-05,1.7520525638792592,0.42318118496216051,-3.6087294476602971,-28828.262873880689,1.7520641050259642,28828.686058074476,-3.6086888891590285,1.9365183527091541,0,0,0,0.017947999999999999
254,4.2500002216547728,1,0.033333335071802139,496.12503051757812,496.12503504753113,496.12503504753113,1.3774044127501384e-09,-6.9829440008106758e-09,0.066129310930869961,-0.21700997650623322,-163.03938293457031,-0.24254444241523743,-4.3756733703048667e-05,-1.3965888001621352e-06,-6.162995305203367e-05,1.9619476369161646,1.3235997194810585,-3.4401800115577195,-29023.195778845908,1.9619038801824615,29024.519377168799,-3.4402416415107715,2.358696331366033,0,0,2.2946759999999999,2.4010769999999999
255,4.2666668891906738,0,0,496.12503051757812,496.12503504753113,496.12503504753113,1.323550602450041e-09,-3.2312281739166338e-09,0.066129310930869961,0,0,0,0.00012230940455992823,-6.4624563478332675e-07,-1.0277221917931456e-05,1.9619476369161646,1.3235997194810585,-3.4401800115577195,-29055.895781950068,1.9620699463207245,29057.219381023304,-3.4401902887796374,2.3586963313784874,0,0,0,0.017864000000000001
256,4.2833335567265749,1,0.033333335071802139,496.12503051757812,496.12503504753113,496.12503504753113,1.6509411615572844e-09,1.9643433546434608e-08,0.066204596868380344,1.5700035095214844,-161.65725708007812,-0.16906264424324036,-0.0001304518036704394,3.9286867092869215e-06,-1.3766452866548207e-06,0.39617678417854063,0.85699628394234839,-3.3389420122628293,-29250.828686915287,0.39604633237487019,29251.685687127916,-3.3389433889081159,1.6735986168846102,0,0,2.5886849999999999,2.6918929999999999
257,4.300000224262476,0,0,496.12503051757812,496.12503504753113,496.12503504753113,1.6233466793025286e-09,-1.6556698234637679e-09,0.066204596868380344,0,0,0,6.0990197425780934e-05,-3.3113396469275358e-07,3.2963941976049682e-05,0.39617678417854063,0.85699628394234839,-3.3389420122628293,-29283.528690019448,0.39623777437596641,29284.385685972255,-3.3389090483208532,1.6735986168568155,0,0,0,0.018234
258,4.316666891798377,1,0.033333335071802139,496.12503051757812,496.12503504753113,496.12503504753113,1.4746397436482539e-09,-8.9224130306320149e-09,0.066203535236671621,1.0125191211700439,-160.93904113769531,-0.66645354032516479,-0.00014043598639545962,-1.784482606126403e-06,-6.9137286118348129e-06,-0.58021814806431682,-0.40243904169365624,-2.728037901831569,-29478.46159498467,-0.58035858405071228,29478.059154158494,-2.7280448155601809,1.2623047030368304,0,0,2.366692,2.4570059999999998
259,4.3333335593342781,0,0,496.12503051757812,496.12503504753113,496.12503504753113,1.4669484516005582e-09,-4.6147663468332212e-10,0.066203535236671621,0,0,0,-1.9038532172999112e-05,-9.2295326936664424e-08,0.00017422885321138892,-0.58021814806431682,-0.40243904169365624,-2.728037901831569,-29511.161598088827,-0.58023718659648982,29510.759158954839,-2.7278636729783576,1.2623047030639452,0,0,0,0.017384
260,4.3500002268701792,1,0.033333335071802139,496.12503051757812,496.12503504753113,496.12503504753113,1.3989284175508487e-09,-4.0812011548041482e-09,0.066145569820996009,-0.30407965183258057,-161.68551635742188,-1.1274336576461792,-0.00013157434750610264,-8.1624023096082965e-07,-1.821138084778795e-06,-0.24263006111630855,-0.97026935065679021,-1.6504592926334707,-29706.094503054046,-0.24276163546381466,29705.124232887149,-1.6504611137715555,1.1271771089811848,0,0,2.4657,2.5932870000000001
261,4.3666668944060802,0,0,496.12503051757812,496.12503504753113,496.12503504753113,1.4582539620278112e-09,3.5595322245285388e-09,0.066145569820996009,0,0,0,5.0164283038611757e-05,7.1190644490570776e-07,4.7091339183680248e-05,-0.24263006111630855,-0.97026935065679021,-1.6504592926334707,-29738.794506158207,-0.24257989683326994,29737.824237519457,-1.650412201294287,1.1271771089491895,0,0,0,0.017441000000000002
262,4.3833335619419813,1,0.033333335071802139,496.12503051757812,496.12503504753113,496.12503504753113,1.6890174814321313e-09,1.3845809831991573e-08,0.066093472523145902,-0.32919013500213623,-162.56903076171875,-0.74514967203140259,-0.00012721418443106813,2.7691619663983147e-06,-6.4525011111982167e-06,0.094450692437431982,-0.64637358591522398,-0.94166980947047629,-29933.727411123426,0.094323478253000914,29933.081040306672,-0.94167626197158749,1.1452295237018113,0,0,2.257393,2.3503590000000001
263,4.4000002294778824,0,0,496.12503051757812,496.12503504753113,496.12503504753113,1.6935142177487705e-09,2.6980639944440554e-10,0.066093472523145902,0,0,0,5.1437791626085527e-05,5.3961279888881108e-08,4.7062667363206856e-05,0.094450692437431982,-0.64637358591522398,-0.94166980947047629,-29966.427414227586,0.094502130229058068,29965.781040695631,-0.94162274680311309,1.145229523673069,0,0,0,0.017476999999999999
264,4.4166668970137835,1,0.033333335071802139,496.12503051757812,496.12503504753113,496.12503504753113,1.5833850897095658e-09,-6.6077454619062337e-09,0.066066958795802072,-0.46719545125961304,-162.58927917480469,-0.57159721851348877,-2.9806574275426101e-05,-1.3215490923812467e-06,-2.7406827030063141e-05,0.54788994908059196,-0.27690446186012979,-0.3870668723305879,-30161.360319192809,0.54786014250631654,30161.0834134094,-0.38709427915761796,1.160110188431722,0,0,3.1094620000000002,3.210572
265,4.4333335645496845,0,0,496.12503051757812,496.12503504753113,496.12503504753113,1.591519138699482e-09,4.8804338348418241e-10,0.066066958795802072,0,0,0,-2.7473947739053983e-05,9.7608676696836483e-08,0.00016060041616583476,0.54788994908059196,-0.27690446186012979,-0.3870668723305879,-30194.060322296969,0.54786247513285291,30193.783417932718,-0.38690627191442206,1.1601101884954335,0,0,0,0.018164
266,4.4500002320855856,1,0.033333335071802139,496.12503051757812,496.12503504753113,496.12503504753113,1.6411657588477624e-09,2.9787976529860316e-09,0.0660556941261502,-0.26179587841033936,-162.3563232421875,-0.38286787271499634,-9.7020802058978006e-06,5.9575953059720632e-07,-0.00018264507843923639,0.79392062728482682,-0.12310325108591975,-0.0068085300188922681,-30388.993227262185,0.79391092520462092,30388.870124606859,-0.0069911750973315045,1.0912288797474925,0,0,2.236996,2.3281360000000002
267,4.4666668996214867,0,0,496.12503051757812,496.12503504753113,496.12503504753113,1.5851570056568676e-09,-3.3605243032752696e-09,0.0660556941261502,0,0,0,3.1555092050439271e-05,-6.7210486065505393e-07,5.8903600574922166e-05,0.79392062728482682,-0.12310325108591975,-0.0068085300188922681,-30421.693230366345,0.79395218237687726,30421.570126443155,-0.0067496264183173459,1.0912288796836229,0,0,0,0.024667000000000001
268,4.4833335671573877,1,0.033333335071802139,496.12503051757812,496.12503504753113,496.12503504753113,1.7581336386740531e-09,1.0378595760585085e-08,0.066046757382803176,-0.3957175612449646,-162.19451904296875,-0.37401193380355835,-3.9036763155309018e-05,2.0757191521170171e-06,-0.00016303299616993172,1.1845269275912054,-0.13350552620270395,0.37590371225978964,-30616.626135331564,1.1844878908280501,30616.492631881079,0.3757406792636197,1.016112801306245,0,0,2.376871,2.4782009999999999
269,4.5000002346932888,0,0,496.12503051757812,496.12503504753113,496.12503504753113,1.740878552425329e-09,-1.0353082835479199e-09,0.066046757382803176,0,0,0,5.6396402214886621e-06,-2.0706165670958399e-07,0.00014358461157826241,1.1845269275912054,-0.13350552620270395,0.37590371225978964,-30649.326138435725,1.1845325672314269,30649.192632702459,0.3760472968713679,1.0161128012874492,0,0,0,0.017871000000000001
270,4.5166669022291899,1,0.033333335071802139,496.12503051757812,496.12503504753113,496.12503504753113,1.4291271499544678e-09,-1.8705083704162462e-08,0.066034376342483075,-0.48615628480911255,-162.1497802734375,-0.47314131259918213,-3.2777873570921656e-05,-3.7410167408324924e-06,-3.4470212995074689e-05,1.6723825993476902,-0.20019672341047004,0.86636126549622205,-30844.259043400947,1.6723498214741193,30844.05884293652,0.86632679528322698,0.92655560276178117,0,0,2.2913459999999999,2.4209619999999998
271,4.5333335697650909,0,0,496.12503051757812,496.12503504753113,496.12503504753113,1.3644897434161862e-09,-3.8782448363861022e-09,0.066034376342483075,0,0,0,3.2664604532328667e-05,-7.7564896727722044e-07,4.5471119847206865e-05,1.6723825993476902,-0.20019672341047004,0.86636126549622205,-30876.959046505108,1.6724152639522225,30876.758849006048,0.86640673661606926,0.92655560278012183,0,0,0,0.024955999999999999
272,4.550000237300992,1,0.033333335071802139,496.12503051757812,496.12503504753113,496.12503504753113,1.5660152064000954e-09,1.209152600267771e-08,0.066024885012381698,-0.55655759572982788,-162.34417724609375,-0.31654658913612366,-2.1783955617138417e-05,2.4183052005355421e-06,-0.00013051994756096974,2.2417282350335594,-0.081416830917937277,1.2145260411241632,-31071.891951470323,2.2417064510779423,31071.81053705771,1.2143955211766022,0.82911049691468819,0,0,2.8279580000000002,2.923381
273,4.5666669048368931,0,0,496.12503051757812,496.12503504753113,496.12503504753113,1.5364653993543698e-09,-1.7729897550111673e-09,0.066024885012381698,0,0,0,-1.0247583759337431e-05,-3.5459795100223346e-07,0.00014501199530059239,2.2417282350335594,-0.081416830917937277,1.2145260411241632,-31104.591954574484,2.2417179874498001,31104.510537388967,1.2146710531194638,0.82911049692561389,0,0,0,0.017565999999999998
274,4.5833335723727942,1,0.033333335071802139,496.12503051757812,496.12503504753113,496.12503504753113,1.678542305150188e-09,8.524612127303044e-09,0.066028441524221743,-0.28796586394309998,-162.419677734375,-0.031854968518018723,-0.00013366685607252293,1.7049224254606088e-06,-2.6122961571672931e-06,2.5524850230202536,0.11612484169398647,1.288885777492361,-31299.524859539702,2.5523513561641811,31299.64098608632,1.2888831651962038,0.76799886531910344,0,0,2.5357789999999998,2.6469619999999998
275,4.6000002399086952,0,0,496.12503051757812,496.12503504753113,496.12503504753113,1.6604138064479912e-09,-1.0877121425778569e-09,0.066028441524221743,0,0,0,5.0110378424506052e-05,-2.1754242851557137e-07,5.0596509026945569e-05,2.5524850230202536,0.11612484169398647,1.288885777492361,-31332.224862643863,2.5525351333986781,31332.340987268013,1.2889363740013879,0.76799886528670769,0,0,0,0.017481
276,4.6166669074445963,1,0.033333335071802139,496.12503051757812,496.12503504753113,496.12503504753113,1.7287530296172804e-09,4.1003538342465617e-09,0.06604326361802966,0.093581661581993103,-162.35963439941406,0.25256004929542542,-4.2988304471691663e-05,8.2007076684931235e-07,-7.5863590609515086e-05,2.4940817725128395,0.25686392786223811,1.0837659796803722,-31527.157767609086,2.4940387842083678,31527.41463235702,1.0836901160897627,0.73242862112132923,0,0,2.1964809999999999,2.2865470000000001
277,4.6333335749804974,0,0,496.12503051757812,496.12503504753113,496.12503504753113,1.6647432321548195e-09,-3.8405909563721252e-09,0.06604326361802966,0,0,0,2.226387607606739e-05,-7.6811819127442504e-07,3.9141616525739664e-05,2.4940817725128395,0.25686392786223811,1.0837659796803722,-31559.857770713246,2.4941040363889155,31560.114633872989,1.083805121296898,0.73242862109391771,0,0,0,0.017419
278,4.6500002425163984,1,0.033333335071802139,496.12503051757812,496.12503504753113,496.12503504753113,1.5503807127004166e-09,-6.8617538317994331e-09,0.066059442224348439,0.34686529636383057,-162.17269897460938,0.17419314384460449,-0.00014344442433866789,-1.3723507663598866e-06,-7.4585727816156577e-06,2.1885847481338629,0.20590269442046472,0.96112727516340957,-31754.790675678465,2.1884413037095243,31754.996577000536,0.96111981659062795,0.70637802635534841,0,0,3.0238480000000001,3.2289140000000001
279,4.6666669100522995,0,0,496.12503051757812,496.12503504753113,496.12503504753113,1.5319704393945699e-09,-1.1046159542615896e-09,0.066059442224348439,0,0,0,5.4826682571729179e-05,-2.2092319085231793e-07,3.9475617086282e-05,2.1885847481338629,0.20590269442046472,0.96112727516340957,-31787.490678782626,2.1886395748164347,31787.696581256125,0.96116675078049585,0.70637802631495827,0,0,0,0.017632999999999999
280,4.6833335775882006,1,0.033333335071802139,496.12503051757812,496.12503504753113,496.12503504753113,1.632745050272888e-09,6.0464735440746153e-09,0.066066139333304852,0.61811286211013794,-162.06085205078125,-0.14757011830806732,-3.1939487143972656e-05,1.2092947088149231e-06,-3.1640792030884768e-05,1.6187631246485599,0.027223915558356824,1.160515838705054,-31982.423583747841,1.6187311851614159,31982.450808872694,1.1604841979130232,0.71597117499639129,0,0,2.3197839999999998,2.4121839999999999
281,4.7000002451241016,0,0,496.12503051757812,496.12503504753113,496.12503504753113,1.4700961559199754e-09,-9.758931440728702e-09,0.066066139333304852,0,0,0,6.5788310621428536e-05,-1.9517862881457404e-06,9.535659728499013e-05,1.6187631246485599,0.027223915558356824,1.160515838705054,-32015.123586852002,1.6188289129591813,32015.150808815775,1.160611195302339,0.71597117502857077,0,0,0,0.017392000000000001
282,4.7166669126600027,1,0.033333335071802139,496.12503051757812,496.12503504753113,496.12503504753113,1.4932058922667579e-09,1.3865815162716899e-09,0.066065743895006787,0.58674544095993042,-162.21861267089844,0.087560608983039856,-5.9684600728360238e-05,2.7731630325433798e-07,-2.8420032549547614e-05,1.093430813206532,-0.0063442235797680638,1.127583412641217,-32210.056491817224,1.0933711286058037,32210.050147870959,1.1275549926086674,0.79087459396636239,0,0,2.4901559999999998,2.5815700000000001
283,4.7333335801959038,0,0,496.12503051757812,496.12503504753113,496.12503504753113,1.5351664384155583e-09,2.5176296603035553e-09,0.066065743895006787,0,0,0,4.221679148486146e-05,5.0352593206071106e-07,5.6193107411672827e-05,1.093430813206532,-0.0063442235797680638,1.127583412641217,-32242.756494921385,1.0934730299980169,32242.75015120133,1.1276396057486286,0.79087459396711624,0,0,0,0.017475999999999998
284,4.7500002477318048,1,0.033333335071802139,496.12503051757812,496.12503504753113,496.12503504753113,1.7560742859856759e-09,1.3254467745582588e-08,0.066065918350098035,0.40970906615257263,-162.27273559570312,0.060543466359376907,-0.00013455861562761129,2.6508935491165175e-06,-2.4851374291756656e-06,0.74667016212125237,0.012884511735904009,1.1223678570065159,-32437.689399886603,0.74653560350562476,32437.702287049233,1.1223653718690867,0.88255011443836451,0,0,2.1627040000000002,2.2513450000000002
285,4.7666669152677059,0,0,496.12503051757812,496.12503504753113,496.12503504753113,1.6202024166744877e-09,-8.152309938225244e-09,0.066065918350098035,0,0,0,4.9511220368003706e-05,-1.6304619876450488e-06,-1.6638051647532848e-05,0.74667016212125237,0.012884511735904009,1.1223678570065159,-32470.389402990764,0.74671967334162037,32470.402285872038,1.1223512189548683,0.88255011440021858,0,0,0,0.017656999999999999
286,4.783333582803607,1,0.033333335071802139,496.12503051757812,496.12503504753113,496.12503504753113,1.5887953175308667e-09,-1.8844268367956829e-09,0.0660672156634379,0.3857574462890625,-162.24046325683594,-0.014221361838281155,-0.00013142765737939044,-3.7688536735913658e-07,7.1935573942027986e-06,0.41542541169114172,0.0030601543754485709,1.1936655157919493,-32665.322307955979,0.41529398403376233,32665.325367733469,1.1936727093493436,0.93737047225962811,0,0,2.964941,3.1505519999999998
287,4.8000002503395081,0,0,496.12503051757812,496.12503504753113,496.12503504753113,1.524039783262765e-09,-3.8853293915508402e-09,0.0660672156634379,0,0,0,5.5311670621449593e-05,-7.7706587831016805e-07,4.8663650886737742e-05,0.41542541169114172,0.0030601543754485709,1.1936655157919493,-32698.02231106014,0.41548072336176317,32698.025370437448,1.1937141794428361,0.9373704722294206,0,0,0,0.017718999999999999
288,4.8166669178754091,1,0.033333335071802139,496.12503051757812,496.12503504753113,496.12503504753113,1.7191392753801438e-09,1.1705967750685886e-08,0.066065050433484832,0.33143380284309387,-162.15101623535156,-0.1222541406750679,-4.15239355788799e-05,2.3411935501371772e-06,-6.85614395479206e-05,0.12554735567830397,-0.094623019324320073,1.373593630988502,-32892.955216025366,0.12550583174272509,32892.860595347236,1.373525069548954,0.92358723235446616,0,0,2.3714140000000001,2.582741
289,4.8333335854113102,0,0,496.12503051757812,496.12503504753113,496.12503504753113,1.7304612187629687e-09,6.7931704705870288e-10,0.066065050433484832,0,0,0,5.0383869165671058e-05,1.3586340941174058e-07,4.9249001676798798e-05,0.12554735567830397,-0.094623019324320073,1.373593630988502,-32925.655219129527,0.12559773954746964,32925.560596246069,1.3736428799901788,0.92358723233818829,0,0,0,0.017646999999999999
290,4.8500002529472113,1,0.033333335071802139,496.12503051757812,496.12503504753113,496.12503504753113,1.8294306070032462e-09,5.9381655148627033e-09,0.066051231481793746,0.1075381264090538,-162.07763671875,0.13406102359294891,-7.0290457188093569e-05,1.1876331029725407e-06,-2.317746634616924e-05,0.04443953462825511,-0.27124406787280347,1.2973083731309096,-33120.588124094742,0.044369244171067017,33120.316881214501,1.2972851956645635,0.85874756022623111,0,0,2.220675,2.3115000000000001
291,4.8666669204831123,0,0,496.12503051757812,496.12503504753113,496.12503504753113,1.6775187905437861e-09,-9.1147107639244496e-09,0.066051231481793746,0,0,0,-2.8152243203294347e-05,-1.8229421527848899e-06,7.040296168270288e-05,0.04443953462825511,-0.27124406787280347,1.2973083731309096,-33153.288127198903,0.044411382385051816,33153.016881308089,1.2973787760925923,0.85874756023225474,0,0,0,0.017439
292,4.8833335880190134,1,0.033333335071802139,496.12503051757812,496.12503504753113,496.12503504753113,1.8821220137965611e-09,1.2276192506988082e-08,0.066030453687825119,0.048084810376167297,-162.19688415527344,-0.011330562643706799,3.6765391087101307e-05,2.4552385013976163e-06,-0.00012886455351690529,0.011241613284174921,-0.32778876528929424,1.3704494302061874,-33348.221032164118,0.011278378675262022,33347.893245854066,1.3703205656526705,0.76288477836044477,0,0,2.2477179999999999,2.3490160000000002
293,4.9000002555549145,0,0,496.12503051757812,496.12503504753113,496.12503504753113,1.6739621910843994e-09,-1.2489589806818913e-08,0.066030453687825119,0,0,0,4.3851287045981735e-05,-2.4979179613637825e-06,1.739883259688213e-05,0.011241613284174921,-0.32778876528929424,1.3704494302061874,-33380.921035268279,0.011285464571220902,33380.593244005075,1.3704668290387843,0.76288477832117718,0,0,0,0.018353000000000001
294,4.9166669230908155,1,0.033333335071802139,496.12503051757812,496.12503504753113,496.12503504753113,1.8601502560500194e-09,1.1171284342026411e-08,0.066009456127071001,-0.063899338245391846,-162.29353332519531,0.11831691861152649,-3.5705025425158965e-05,2.2342568684052821e-06,-6.8829979227302829e-05,0.075642732781006042,-0.28089119097815468,1.3171143431926915,-33575.853940233501,0.075607027755580883,33575.573051276777,1.3170455132134642,0.70530190143987004,0,0,2.9575469999999999,3.0543969999999998
295,4.9333335906267166,0,0,496.12503051757812,496.12503504753113,496.12503504753113,1.7556125442297343e-09,-6.2722644855739418e-09,0.066009456127071001,0,0,0,2.6009439579866012e-05,-1.2544528971147884e-06,6.3630164959249669e-05,0.075642732781006042,-0.28089119097815468,1.3171143431926915,-33608.553943337662,0.075668742220585908,33608.273050892232,1.3171779733576507,0.70530190143011617,0,0,0,0.017557
296,4.9500002581626177,1,0.033333335071802139,496.12503051757812,496.12503504753113,496.12503504753113,1.9294623676557876e-09,1.0430991181920035e-08,0.065995910464703586,-0.14723846316337585,-162.37062072753906,0.14851978421211243,-6.0645663779723691e-05,2.086198236384007e-06,-4.3926854687015293e-05,0.21469347293471883,-0.14374854315583685,1.2310019762134001,-33803.486848302884,0.2146328272709391,33803.343101845923,1.2309580493587131,0.69077518010312122,0,0,2.507517,2.6141489999999998
297,4.9666669256985188,0,0,496.12503051757812,496.12503504753113,496.12503504753113,1.8568822035547328e-09,-4.3548107342417097e-09,0.065995910464703586,0,0,0,-1.2329849141679006e-06,-8.7096214684834194e-07,2.9165033765821136e-05,0.21469347293471883,-0.14374854315583685,1.2310019762134001,-33836.186851407037,0.21469223994980466,33836.043101992916,1.2310311412471659,0.69077518007291427,0,0,0,0.017457
298,4.9833335932344198,1,0.033333335071802139,496.12503051757812,496.12503504753113,496.12503504753113,2.2677546507310353e-09,2.4652351271470252e-08,0.065991984464887007,-0.013972572982311249,-162.35299682617188,0.0062313233502209187,-3.0731175115761289e-05,4.9304702542940504e-06,-2.6076980930156424e-05,0.20843720578595382,-0.01024746918518115,1.2801284601403133,-34031.11975637226,0.20840647461083806,34031.109513833544,1.2801023831593832,0.72591255327809368,0,0,2.1696309999999999,2.2638660000000002
299,5.0000002607703209,0,0,496.12503051757812,496.12503504753113,496.12503504753113,2.0327881600223918e-09,-1.4097988554340191e-08,0.065991984464887007,0,0,0,-3.0605474421463441e-05,-2.8195977108680381e-06,0.00015945588529575616,0.20843720578595382,-0.01024746918518115,1.2801284601403133,-34063.819759476421,0.20840660031153235,34063.809509187638,1.2802879160256091,0.72591255334177629,0,0,0,0.017423000000000001
300,5.016666928306222,1,0.033333335071802139,496.12503051757812,496.12503504753113,496.12503504753113,1.9260237849039186e-09,-6.4058554016810376e-09,0.065995913303020001,0.11966834962368011,-162.34213256835938,0.028370290994644165,-9.7875545179704204e-05,-1.2811710803362075e-06,-8.3123688909836346e-05,0.053211922853021593,0.11888584650532077,1.2971792269017954,-34258.752664441643,0.053114047307841888,34258.871549006981,1.2970961032128856,0.94100214001233351,0,0,2.6749589999999999,2.8413979999999999
301,5.033333595842123,0,0,496.12503051757812,496.12503504753113,496.12503504753113,1.8054552297641635e-09,-7.2341146406529333e-09,0.065995913303020001,0,0,0,4.8467472879565321e-05,-1.4468229281305867e-06,2.5697437422422809e-05,0.053211922853021593,0.11888584650532077,1.2971792269017954,-34291.452667545804,0.053260390325901158,34291.571551945482,1.2972049243392179,0.94100213997747384,0,0,0,0.024233999999999999
302,5.0500002633780241,1,0.033333335071802139,496.12503051757812,496.12503504753113,496.12503504753113,1.855915865434099e-09,3.0276403606421809e-09,0.066008928301585737,0.60169798135757446,-162.36932373046875,-0.30646958947181702,-4.6056757696533168e-05,6.0552807212843618e-07,-7.1718204708304256e-05,-0.59778898597319496,0.27802996366874599,1.6425429696788123,-34486.385572511019,-0.5978350427308915,34486.663603080218,1.642471251474104,1.8846102753368583,0,0,2.4311470000000002,2.5235430000000001
303,5.0666669309139252,0,0,496.12503051757812,496.12503504753113,496.12503504753113,1.7112909977967661e-09,-8.677489837793928e-09,0.066008928301585737,0,0,0,5.4894940149097238e-05,-1.7354979675587856e-06,2.294166279170895e-05,-0.59778898597319496,0.27802996366874599,1.6425429696788123,-34519.08557561518,-0.59773409103304587,34519.363603843347,1.642565911341604,1.8846102753245846,0,0,0,0.017696
304,5.0833335984498262,1,0.033333335071802139,496.12503051757812,496.12503504753113,496.12503504753113,1.7642011185259321e-09,3.1746090201068e-09,0.066079421032245414,2.2769873142242432,-163.36705017089844,-2.7864580154418945,-6.5009214722522302e-05,6.3492180402136e-07,-7.7318622970778961e-05,-2.9145854371536455,1.4888034707461684,4.4505527057400496,-34714.018480580395,-2.914650446368368,34715.507284686064,4.4504753871170788,2.1288220954902854,0,0,2.5361660000000001,2.62602
305,5.1000002659857273,0,0,496.12503051757812,496.12503504753113,496.12503504753113,1.4506207346443034e-09,-1.8814819924273252e-08,0.066079421032245414,0,0,0,5.4749955324950861e-05,-3.7629639848546503e-06,3.6911393408445292e-05,-2.9145854371536455,1.4888034707461684,4.4505527057400496,-34746.718483684555,-2.9145306871983205,34748.207283392338,4.450589617133458,2.1288220954634762,0,0,0,0.017455999999999999
306,5.1166669335216284,1,0.033333335071802139,496.12503051757812,496.12503504753113,496.12503504753113,2.0215424889613587e-09,3.4255297265417539e-08,0.066149671593693615,-1.2329502105712891,-161.21087646484375,2.7384862899780273,-7.2827486974347266e-05,6.8510594530835078e-06,-2.9612255048050429e-05,-1.7339887733322754,0.54497053511603055,1.7129369160509071,-34941.651388649778,-1.7340616008192498,34942.196366035954,1.7129073037958591,1.512992963424292,0,0,2.2008200000000002,2.2962570000000002
307,5.1333336010575294,0,0,496.12503051757812,496.12503504753113,496.12503504753113,1.8605325058373978e-09,-9.6606012078837011e-09,0.066149671593693615,0,0,0,3.6899905353493523e-05,-1.9321202415767402e-06,0.00018886031512010959,-1.7339887733322754,0.54497053511603055,1.7129369160509071,-34974.351391753939,-1.7339518734269219,34974.896360356935,1.7131257763660273,1.5129929635012451,0,0,0,0.017448999999999999
308,5.1500002685934305,1,0.033333335071802139,496.12503051757812,496.12503504753113,496.12503504753113,2.2656994058678492e-09,2.4310015334094714e-08,0.06611918675757586,-3.0466625690460205,-160.90573120117188,2.4532616138458252,-7.1820005587142077e-05,4.8620030668189429e-06,-3.0338361511894618e-05,1.2384098377149155,-0.82080819343728983,-0.75694408652414558,-35169.284296719161,1.2383380177093284,35168.463493387724,-0.75697442488565747,1.4496112650988764,0,0,3.1647530000000001,3.2620439999999999
309,5.1666669361293316,0,0,496.12503051757812,496.12503504753113,496.12503504753113,2.1827131213569828e-09,-4.979169965224628e-09,0.06611918675757586,0,0,0,4.4549301492224913e-05,-9.9583399304492559e-07,0.00015206237549136858,1.2384098377149155,-0.82080819343728983,-0.75694408652414558,-35201.984299823322,1.2384543870164078,35201.163490634048,-0.75679202414865421,1.449611265146334,0,0,0,0.017781000000000002
310,5.1833336036652327,1,0.033333335071802139,496.12503051757812,496.12503504753113,496.12503504753113,2.3164792306573645e-09,8.0259638934876421e-09,0.066078387175490208,0.88905298709869385,-162.65184020996094,-1.3098605871200562,-6.7998553276993334e-05,1.6051927786975284e-06,-3.3085711947933305e-05,0.27185295719226993,-0.4452665237014814,0.49600386239064276,-35396.917204788537,0.27178495863899294,35396.471939870025,0.49597077667869482,1.1723305201965204,0,0,2.4741469999999999,2.5691899999999999
311,5.2000002712011337,0,0,496.12503051757812,496.12503504753113,496.12503504753113,2.1545174533343925e-09,-9.7177021984862222e-09,0.066078387175490208,0,0,0,7.017501957307104e-05,-1.9435404396972444e-06,0.00013124158613209147,0.27185295719226993,-0.4452665237014814,0.49600386239064276,-35429.617207892697,0.271923132211843,35429.171939425454,0.49613510397677485,1.172330520238984,0,0,0,0.017481
312,5.2166669387370348,1,0.033333335071802139,496.12503051757812,496.12503504753113,496.12503504753113,2.4358419725700742e-09,1.6879472042319321e-08,0.066046221042368652,0.95932137966156006,-162.19082641601562,-0.85214495658874512,-6.9441000505321426e-05,3.3758944084638642e-06,-3.3259738074775669e-05,-0.7446189862801138,-0.52109253084531415,1.2737412363907428,-35624.55011285792,-0.74468842728061913,35624.029023702969,1.273707976652668,1.0690286841672372,0,0,2.2686229999999998,2.3604310000000002
313,5.2333336062729359,0,0,496.12503051757812,496.12503504753113,496.12503504753113,2.3082014077857593e-09,-7.658439216129409e-09,0.066046221042368652,0,0,0,7.0623605097352993e-05,-1.5316878432258818e-06,0.00013189609262553859,-0.7446189862801138,-0.52109253084531415,1.2737412363907428,-35657.250115962081,-0.74454836267501645,35656.729021899548,1.2738731324833683,1.0690286842096237,0,0,0,0.01738
314,5.2500002738088369,1,0.033333335071802139,496.12503051757812,496.12503504753113,496.12503504753113,2.8772273452659647e-09,3.4141553584277062e-08,0.066028250748811079,0.12658613920211792,-162.6871337890625,-0.62542027235031128,-6.6935592712979997e-05,6.8283107168554125e-06,-3.2224318147200393e-05,-0.90590742480509212,-0.090782493048282675,1.8266507560499794,-35852.183020927296,-0.9059743603978051,35852.09224526256,1.8266185317318322,1.2411254260128344,0,0,2.5120089999999999,2.6137809999999999
315,5.266666941344738,0,0,496.12503051757812,496.12503504753113,496.12503504753113,2.6904733996246932e-09,-1.1205238514833127e-08,0.066028250748811079,0,0,0,6.6325355874141678e-05,-2.2410477029666254e-06,0.00012875049151261919,-0.90590742480509212,-0.090782493048282675,1.8266507560499794,-35884.883024031456,-0.90584109944921798,35884.792239297363,1.826779506541492,1.2411254260524258,0,0,0,0.026096999999999999
316,5.2833336088806391,1,0.033333335071802139,496.12503051757812,496.12503504753113,496.12503504753113,2.724964698330723e-09,2.0694841396107222e-09,0.066057424282743776,0.26596483588218689,-163.07846069335938,0.050609029829502106,-0.00014557590475305915,4.1389682792214444e-07,-8.2685573943308555e-06,-1.1795764229849759,0.77150936635844902,1.7043019628131673,-36079.815928996679,-1.179721998889729,36080.587438776936,1.7042936942557729,2.0247904391606997,0,0,2.7851759999999999,2.882374
317,5.3000002764165401,0,0,496.12503051757812,496.12503504753113,496.12503504753113,2.6660234020425833e-09,-3.5364764450207531e-09,0.066057424282743776,0,0,0,4.7847152018221095e-06,-7.0729528900415062e-07,3.0985899002189399e-05,-1.1795764229849759,0.77150936635844902,1.7043019628131673,-36112.51593210084,-1.1795716382697741,36113.287440759901,1.7043329487121694,2.0247904391111793,0,0,0,0.017437999999999999
318,5.3166669439524412,1,0.033333335071802139,496.12503051757812,496.12503504753113,496.12503504753113,3.0341962276025924e-09,2.2090365092708453e-08,0.066176796572751703,-1.0375208854675293,-163.71604919433594,1.1974236965179443,-7.232023904180096e-05,4.4180730185416905e-06,-2.459373718011193e-05,-0.10615738436944222,2.3651197497486276,0.43815461797837346,-36307.448837066062,-0.10622970460848402,36309.813961233885,0.43813002424119335,3.0541716777323544,0,0,2.5178340000000001,2.6093479999999998
319,5.3333336114883423,0,0,496.12503051757812,496.12503504753113,496.12503504753113,2.9881130902964514e-09,-2.7649837974763614e-09,0.066176796572751703,0,0,0,4.2738054162327899e-05,-5.5299675949527227e-07,0.00013222089592090924,-0.10615738436944222,2.3651197497486276,0.43815461797837346,-36340.148840170215,-0.10611464631527989,36342.513959366966,0.43828683887429437,3.0541716777659431,0,0,0,0.017440000000000001
320,5.3500002790242434,1,0.033333335071802139,496.12503051757812,496.12503504753113,496.12503504753113,2.7492148557684004e-09,-1.4333888742612544e-08,0.066328518675500797,1.6973259449005127,-161.64700317382812,2.0965044498443604,-7.8064852004899876e-05,-2.8667777485225088e-06,-3.288708967374987e-05,-1.7316870569780805,1.9481491463224931,-1.7079816629674023,-36535.081745135438,-1.7317651218300854,36537.029891414983,-1.708014550057076,2.7478718986882522,0,0,2.1690999999999998,2.2558159999999998
321,5.3666669465601444,0,0,496.12503051757812,496.12503504753113,496.12503504753113,2.7856197348796741e-09,2.1842891939627407e-09,0.066328518675500797,0,0,0,2.7372746558285144e-05,4.3685783879254814e-07,8.2006204138451722e-05,-1.7316870569780805,1.9481491463224931,-1.7079816629674023,-36567.781748239599,-1.7316596842315222,36569.729897822777,-1.7078996567632638,2.7478718986974608,0,0,0,0.027843
322,5.3833336140960455,1,0.033333335071802139,496.12503051757812,496.12503504753113,496.12503504753113,3.3021250178677519e-09,3.0990310762035733e-08,0.066379639187029382,2.1417887210845947,-160.49195861816406,0.50372928380966187,-6.829931180618587e-05,6.1980621524071466e-06,-3.3473560279162484e-05,-3.7703350440238506,0.28060990509159911,-2.2420031132401337,-36762.714653204814,-3.7704033433356567,36762.995269307969,-2.2420365868004128,2.3592322031371853,0,0,3.1479240000000002,3.2425769999999998
323,5.4000002816319466,0,0,496.12503051757812,496.12503504753113,496.12503504753113,3.2557547768874429e-09,-2.782210906104865e-09,0.066379639187029382,0,0,0,-7.2616558099980466e-06,-5.56442181220973e-07,5.4988026931823697e-05,-3.7703350440238506,0.28060990509159911,-2.2420031132401337,-36795.414656308974,-3.7703423056796606,36795.695265657625,-2.2419481252132019,2.3592322031323767,0,0,0,0.017701999999999999
324,5.4166669491678476,1,0.033333335071802139,496.12503051757812,496.12503504753113,496.12503504753113,3.6077960618996485e-09,2.1122477988910759e-08,0.066360786278434308,0.27204394340515137,-161.40757751464844,-0.42166545987129211,-6.9083796461200109e-05,4.2244955977821519e-06,-3.2447024977955152e-05,-3.89991447502238,-0.53746806993567464,-1.8429786453649497,-36990.347561274197,-3.8999835588188412,36989.810097428759,-1.8430110923899277,2.0756274402509991,0,0,2.2334610000000001,2.3222450000000001
325,5.4333336167037487,0,0,496.12503051757812,496.12503504753113,496.12503504753113,3.4920826230688817e-09,-6.9428081062028468e-09,0.066360786278434308,0,0,0,7.4183833476126892e-05,-1.3885616212405694e-06,0.00010272964345858782,-3.89991447502238,-0.53746806993567464,-1.8429786453649497,-37023.047564378357,-3.8998402911889039,37022.51009491986,-1.8428759157214911,2.0756274402821311,0,0,0,0.017382999999999999
326,5.4500002842396498,1,0.033333335071802139,496.12503051757812,496.12503504753113,496.12503504753113,3.8277767622219017e-09,2.0141659007322232e-08,0.06629767195403978,-1.0602128505706787,-161.69448852539062,0.31497353315353394,-4.6590747615482542e-05,4.0283318014644465e-06,-5.8603575325832935e-05,-2.6655542101081684,-1.1101409967595177,-2.1703281882358731,-37217.980469343573,-2.6656008008557839,37216.870332375147,-2.170386791811199,1.9550255940065884,0,0,2.5316749999999999,2.622887
327,5.4666669517755508,0,0,496.12503051757812,496.12503504753113,496.12503504753113,3.694748063054476e-09,-7.9817175091534409e-09,0.06629767195403978,0,0,0,-6.801599283789983e-06,-1.5963435018306882e-06,1.2616720823643846e-05,-2.6655542101081684,-1.1101409967595177,-2.1703281882358731,-37250.680472447733,-2.6655610117074522,37249.570329854629,-2.1703155715150495,1.9550255939868275,0,0,0,0.017457
328,5.4833336193114519,1,0.033333335071802139,496.12503051757812,496.12503504753113,496.12503504753113,3.9411167662706248e-09,1.4782116863898409e-08,0.06622296807413193,-0.94690698385238647,-162.40420532226562,0.86863541603088379,-5.7814759202301502e-06,2.9564233727796818e-06,-3.8503009136547917e-05,-1.5428952858792617,-0.98860224564599364,-3.0316590844248887,-37445.613377412956,-1.542901067355182,37444.624778123733,-3.0316975874340253,1.8871914711045257,0,0,2.3546170000000002,2.4592749999999999
329,5.500000286847353,0,0,496.12503051757812,496.12503504753113,496.12503504753113,3.9336560675451437e-09,-4.4765524620515862e-10,0.06622296807413193,0,0,0,-2.6457882995600812e-05,-8.9531049241031724e-08,0.00017565007510711439,-1.5428952858792617,-0.98860224564599364,-3.0316590844248887,-37478.313380517116,-1.5429217437622573,37477.324778181937,-3.0314834343497816,1.8871914711784648,0,0,0,0.023494000000000001
330,5.5166669543832541,1,0.033333335071802139,496.12503051757812,496.12503504753113,496.12503504753113,3.8824539139170611e-09,-3.0721345467554784e-09,0.06619001329451997,0.023688150569796562,-163.04122924804688,-0.21726030111312866,-3.9673369656156865e-05,-6.1442690935109567e-07,-3.4395742432025145e-05,-1.4180856833065389,-0.19165863661399127,-2.7816973625074803,-37673.246285482339,-1.4181253566761951,37673.0546262313,-2.7817317582499124,2.1973398629718273,0,0,2.9484409999999999,3.045865
331,5.5333336219191551,0,0,496.12503051757812,496.12503504753113,496.12503504753113,3.9097822757128142e-09,1.6397088131725468e-09,0.06619001329451997,0,0,0,7.6623740596915013e-05,3.2794176263450936e-07,3.0241233162087156e-05,-1.4180856833065389,-0.19165863661399127,-2.7816973625074803,-37705.9462885865,-1.418009059565942,37705.754630277828,-2.7816671212743183,2.1973398629818588,0,0,0,0.017576999999999999
332,5.5500002894550562,1,0.033333335071802139,496.12503051757812,496.12503504753113,496.12503504753113,4.1771306413806997e-09,1.6040889505575251e-08,0.06621867887118231,1.0326358079910278,-163.10809326171875,-1.2379759550094604,-5.4634352864013636e-05,3.2081779011150502e-06,-5.5775092278054217e-05,-2.3709140059130021,0.72655514745827265,-1.5076217900900162,-37900.879193551715,-2.3709686402658661,37901.605751907351,-1.5076775651822942,3.0664215336416558,0,0,2.4918990000000001,2.614967
333,5.5666669569909573,0,0,496.12503051757812,496.12503504753113,496.12503504753113,4.1726595512159292e-09,-2.6826230126175687e-10,0.06621867887118231,0,0,0,1.5858316260164429e-05,-5.3652460252351375e-08,1.8897611653301283e-05,-2.3709140059130021,0.72655514745827265,-1.5076217900900162,-37933.579196655875,-2.3708981475967419,37934.305751749678,-1.5076028924783629,3.066421533628322,0,0,0,0.01753
334,5.5833336245268583,1,0.033333335071802139,496.12503051757812,496.12503504753113,496.12503504753113,4.2550065693092165e-09,4.9408335200951115e-09,0.066276864155011883,0.65433645248413086,-162.25204467773438,-0.47984021902084351,-4.4117732045378943e-05,9.8816670401902229e-07,-4.6730184521948104e-05,-3.0308207605990383,0.81061628112992412,-1.0202103069319217,-38128.512101621091,-3.0308648783310836,38129.322718890384,-1.0202570371164437,3.2377094363793679,0,0,2.1988750000000001,2.2896529999999999
335,5.6000002920627594,0,0,496.12503051757812,496.12503504753113,496.12503504753113,4.158579702817633e-09,-5.7856164303871083e-09,0.066276864155011883,0,0,0,-1.3724127256864449e-05,-1.1571232860774217e-06,0.00015635222325727227,-3.0308207605990383,0.81061628112992412,-1.0202103069319217,-38161.212104725251,-3.0308344847262951,38162.022719849258,-1.0200539547086644,3.2377094364231804,0,0,0,0.017409000000000001
336,5.6166669595986605,1,0.033333335071802139,496.12503051757812,496.12503504753113,496.12503504753113,4.4269805599128631e-09,1.610403899121593e-08,0.06630922451007118,-0.34071415662765503,-161.83314514160156,0.59706997871398926,-7.5821048994839657e-06,3.220807798243186e-06,-3.3341217431370751e-05,-2.7593373899574609,0.43939189105651949,-1.6379681741416259,-38356.145009690474,-2.7593449720623604,38356.584404802335,-1.6380015153590572,2.8562305616885224,0,0,3.0475099999999999,3.250435
337,5.6333336271345615,0,0,496.12503051757812,496.12503504753113,496.12503504753113,4.4190691106393842e-09,-4.7469095321162058e-10,0.06630922451007118,0,0,0,-2.3787208647263469e-05,-9.4938190642324116e-08,0.00016825941884235363,-2.7593373899574609,0.43939189105651949,-1.6379681741416259,-38388.845012794634,-2.7593611771661082,38389.284404590755,-1.6377999147227835,2.8562305617568051,0,0,0,0.018273000000000001
338,5.6500002946704626,1,0.033333335071802139,496.12503051757812,496.12503504753113,496.12503504753113,4.5543302462647262e-09,8.1156805720183911e-09,0.066371123553538802,-1.0220136642456055,-162.94488525390625,0.31240296363830566,-4.6612200321760611e-06,1.6231361144036782e-06,-3.7244257100610412e-05,-1.8406102544389928,1.2201182598236406,-1.9849036053738116,-38583.777917759857,-1.840614915659025,38584.998037642814,-1.9849408496309122,2.0431809740788269,0,0,2.2125629999999998,2.3031090000000001
339,5.6666669622063637,0,0,496.12503051757812,496.12503504753113,496.12503504753113,4.8678900910203993e-09,1.8813592461697226e-08,0.066371123553538802,0,0,0,1.7503475646662991e-05,3.7627184923394452e-06,3.878550955960236e-05,-1.8406102544389928,1.2201182598236406,-1.9849036053738116,-38616.477920864018,-1.8405927509633462,38617.698042886557,-1.984864819864252,2.0431809740795623,0,0,0,0.017429
340,5.6833336297422647,1,0.033333335071802139,496.12503051757812,496.12503504753113,496.12503504753113,4.920872154201561e-09,3.1789255672265426e-09,0.066455046487908787,-1.4904454946517944,-162.06768798828125,-0.58054500818252563,-5.0227345127495937e-05,6.3578511344530853e-07,-5.8364935284771491e-05,-0.46011839554234968,1.1583799029752797,-1.4582058351899703,-38811.410825829233,-0.46016862288747717,38812.569206367996,-1.458264200125255,1.7322560749196476,0,0,2.5586769999999999,2.6497989999999998
341,5.7000002972781658,0,0,496.12503051757812,496.12503504753113,496.12503504753113,4.8777195615912206e-09,-2.5891431221225503e-09,0.066455046487908787,0,0,0,-3.5926814234699123e-05,-5.1782862442451005e-07,6.058218104953994e-05,-0.46011839554234968,1.1583799029752797,-1.4582058351899703,-38844.110828933393,-0.46015432235658438,38845.269208318539,-1.4581452530089207,1.7322560749154212,0,0,0,0.017489000000000001
342,5.7166669648140669,1,0.033333335071802139,496.12503051757812,496.12503504753113,496.12503504753113,4.8443160594047185e-09,-2.004220789331157e-09,0.066495507803498513,-0.78941863775253296,-161.3094482421875,-0.25827062129974365,1.1683482625812758e-06,-4.008441578662314e-07,-0.00013836593097948935,0.22796718190420423,0.30009859766145464,-1.2789121340080429,-39039.043733898616,0.22796835025246681,39039.34383209543,-1.2790504999390224,1.7867137083285669,0,0,2.2104020000000002,2.2978130000000001
343,5.733333632349968,0,0,496.12503051757812,496.12503504753113,496.12503504753113,4.7313082340849633e-09,-6.7804775127910943e-09,0.066495507803498513,0,0,0,3.3206185889866902e-05,-1.3560955025582189e-06,0.00014861668660159921,0.22796718190420423,0.30009859766145464,-1.2789121340080429,-39071.743737002776,0.2280003880900941,39072.043834244345,-1.2787635173214413,1.786713708338671,0,0,0,0.017371000000000001
344,5.750000299885869,1,0.033333335071802139,496.12503051757812,496.12503504753113,496.12503504753113,5.0627004810621656e-09,1.988354370041634e-08,0.066469691845835455,0.49618551135063171,-161.28125,0.42828449606895447,-0.00013456764236252639,3.9767087400832679e-06,-3.0551973395631649e-06,-0.36749588858014848,-0.65826390731695139,-1.8002963587852194,-39266.676641967992,-0.367630456222511,39266.018382037386,-1.800299413982559,1.7087145492658582,0,0,3.0201889999999998,3.1754739999999999
345,5.7666669674217701,0,0,496.12503051757812,496.12503504753113,496.12503504753113,5.0470991830309231e-09,-9.3606633555509688e-10,0.066469691845835455,0,0,0,3.5321619407113758e-05,-1.8721326711101938e-07,5.1174242798879277e-05,-0.36749588858014848,-0.65826390731695139,-1.8002963587852194,-39299.376645072152,-0.36746056696074136,39298.718380977625,-1.8002451845424206,1.7087145492301616,0,0,0,0.017746000000000001
346,5.7833336349576712,1,0.033333335071802139,496.12503051757812,496.12503504753113,496.12503504753113,5.0094799419753144e-09,-2.2571526869796799e-09,0.066417301187709887,0.42193290591239929,-162.15034484863281,0.3223889172077179,-3.7635459193552379e-06,-4.5143053739593597e-07,-1.4257307157095056e-05,-0.88835920991359285,-0.78000434266754948,-2.2266353402700316,-39494.309550037367,-0.88836297345951221,39493.529545243269,-2.2266495975771887,1.5265765687868444,0,0,2.2964500000000001,2.462224
347,5.8000003024935722,0,0,496.12503051757812,496.12503504753113,496.12503504753113,4.9131196888652084e-09,-5.7816196274984577e-09,0.066417301187709887,0,0,0,4.8009485453803791e-05,-1.1563239254996915e-06,6.5361791712348349e-05,-0.88835920991359285,-0.78000434266754948,-2.2266353402700316,-39527.009553141528,-0.88831120042813905,39526.229547642535,-2.2265699784783193,1.5265765688185184,0,0,0,0.038904000000000001
348,5.8166669700294733,1,0.033333335071802139,496.12503051757812,496.12503504753113,496.12503504753113,5.0373070159537292e-09,7.4512485070954426e-09,0.066386652489503234,0.11173174530267715,-162.76237487792969,-0.10318174958229065,-4.5195633902039845e-06,1.4902497014190885e-06,-7.2676868967391783e-06,-1.0936482060180079,-0.27776787803193964,-2.24474109281635,-39721.942458106751,-1.0936527255813981,39721.664691718972,-2.2447483605032468,1.2046786269322736,0,0,2.2822490000000002,2.3737490000000001
349,5.8333336375653744,0,0,496.12503051757812,496.12503504753113,496.12503504753113,4.9884905095609611e-09,-2.9289819458711008e-09,0.066386652489503234,0,0,0,0.00012904340565000894,-5.8579638917422017e-07,5.917513590247836e-06,-1.0936482060180079,-0.27776787803193964,-2.24474109281635,-39754.642461210911,-1.0935191626123579,39754.364692747084,-2.2447351753027598,1.2046786269737342,0,0,0,0.017458000000000001
350,5.8500003051012754,1,0.033333335071802139,496.12503051757812,496.12503504753113,496.12503504753113,4.9722133077523267e-09,-9.7664099030225771e-10,0.066386255429310065,0.38536709547042847,-162.60762023925781,-0.86754149198532104,-0.00013759281500824727,-1.9532819806045154e-07,-4.4503394747152925e-06,-1.5573414915229753,0.08660408410707722,-1.5098492646893205,-39949.575366176134,-1.5574790843379835,39949.66197006491,-1.5098537150287952,1.1913127230823237,0,0,2.2549679999999999,2.3604590000000001
351,5.8666669726371765,0,0,496.12503051757812,496.12503504753113,496.12503504753113,4.9801300860963238e-09,4.7500181565851562e-10,0.066386255429310065,0,0,0,5.7510328588250559e-05,9.5000363131703125e-08,6.7908570144936675e-05,-1.5573414915229753,0.08660408410707722,-1.5098492646893205,-39982.275369280294,-1.557283981194387,39982.361973459403,-1.5097813561191755,1.1913127230638887,0,0,0,0.028242
352,5.8833336401730776,1,0.033333335071802139,496.12503051757812,496.12503504753113,496.12503504753113,4.7213637444087908e-09,-1.5525984053965658e-08,0.066399893134224161,-0.0088503854349255562,-162.37702941894531,-1.2850723266601562,-5.134889420332911e-05,-3.1051968107931316e-06,-4.6972866130090551e-05,-1.597899505192131,0.2302411659177904,-0.35275188873747199,-40177.20827424551,-1.5979508540863343,40177.438512306231,-0.35279886160360208,1.3312209742790309,0,0,2.9517479999999998,3.0450659999999998
353,5.9000003077089787,0,0,496.12503051757812,496.12503504753113,496.12503504753113,4.6556425381538702e-09,-3.9432768161873355e-09,0.066399893134224161,0,0,0,4.5748092247777095e-05,-7.886553632374671e-07,3.5872983517037937e-05,-1.597899505192131,0.2302411659177904,-0.35275188873747199,-40209.90827734967,-1.5978537570998832,40210.138517726933,-0.35271601575395495,1.3312209742663492,0,0,0,0.026845000000000001
354,5.9166669752448797,1,0.033333335071802139,496.12503051757812,496.12503504753113,496.12503504753113,4.7481556464390451e-09,5.5507882734673331e-09,0.06640994401813366,-1.2306710481643677,-162.06452941894531,-0.94060319662094116,1.441532049284433e-05,1.1101576546934666e-06,-0.0001361604859084764,-0.38033980921033061,0.069844643374700172,0.48594171158147892,-40404.841182314893,-0.38032539388983777,40404.911028068425,0.48580555109557044,1.6213803229877635,0,0,2.6344210000000001,2.7277960000000001
355,5.9333336427807808,0,0,496.12503051757812,496.12503504753113,496.12503504753113,4.6745891602029133e-09,-4.4139847332758109e-09,0.06640994401813366,0,0,0,-3.1630708008378861e-05,-8.8279694665516217e-07,6.9064748231539852e-05,-0.38033980921033061,0.069844643374700172,0.48594171158147892,-40437.541185419053,-0.38037143991833899,40437.611029179629,0.48601077632971046,1.6213803229620611,0,0,0,0.017440000000000001
356,5.9500003103166819,1,0.033333335071802139,496.12503051757812,496.12503504753113,496.12503504753113,4.587630719754543e-09,-5.2174939924043429e-09,0.066398474482857447,-0.73891502618789673,-161.90267944335938,-0.45717069506645203,-5.5367064533129451e-05,-1.0434987984808686e-06,-4.0656595956534147e-05,0.37343097695792415,-0.26313411188916885,0.88311792392213795,-40632.474090384276,0.37337560989339103,40632.210955228889,0.88307726732618141,2.2622569414642992,0,0,2.2716270000000001,2.3588849999999999
357,5.9666669778525829,0,0,496.12503051757812,496.12503504753113,496.12503504753113,4.5402894777168967e-09,-2.8404647522961568e-09,0.066398474482857447,0,0,0,4.4820217226515524e-05,-5.6809295045923136e-07,-5.7207387271773769e-06,0.37343097695792415,-0.26313411188916885,0.88311792392213795,-40665.174093488436,0.37347579717515067,40664.910958808454,0.88311220318341077,2.2622569414511635,0,0,0,0.017299999999999999
358,5.983333645388484,1,0.033333335071802139,496.12503051757812,496.12503504753113,496.12503504753113,4.9309316629830846e-09,2.3438520457830236e-08,0.066361895375916732,-1.6016653776168823,-161.86614990234375,-0.042002681642770767,-4.0707334392209304e-06,4.6877040915660473e-06,-3.8144554537211661e-05,1.9907990780094904,-0.65689671991443377,0.89888395577270397,-40860.106998453652,1.9907950072760512,40859.450106421442,0.89884581121816676,2.468474746370426,0,0,2.9563320000000002,3.1045590000000001
359,6.0000003129243851,0,0,496.12503051757812,496.12503504753113,496.12503504753113,4.7979518136287425e-09,-7.9787980666878866e-09,0.066361895375916732,0,0,0,-6.5061385612352751e-06,-1.5957596133375773e-06,4.4906278162670787e-05,1.9907990780094904,-0.65689671991443377,0.89888395577270397,-40892.807001557812,1.9907925718709292,40892.150103242137,0.89892886205086664,2.4684747463726584,0,0,0,0.026085000000000001
