step,time,executed,fluid_dt,contained_mass,liquid_mass,retained_mass,tank_y,tank_vy,liquid_y,contained_Ix,contained_Iy,contained_Iz,body_Px,body_Py,body_Pz,liquid_Px,liquid_Py,liquid_Pz,gravity_Iy,residual_x,residual_y,residual_z,kinetic_J,hydro_Fy,drag_Fy,particle_ms,coupling_ms
0,0.01666666753590107,1,0.01666666753590107,496.12503051757812,496.12503504753113,496.12503504753113,9.3213518501111814e-12,5.5928106590386051e-10,0.22318333377238025,0,0,0,-0.0013385720514360808,1.1185620635361065e-06,-2.2158472814198804e-05,6.0017277047408335e-05,-81.116473301625206,3.9535092513975911e-05,-408.11648197213259,-0.0012785547743886724,327.00000978906945,1.7376619699777107e-05,30.587114527772204,0,0,3.5794990000000002,3.6512820000000001
1,0.033333335071802139,0,0,496.12503051757812,496.12503504753113,496.12503504753113,4.8509499368798448e-12,-2.6822410958970977e-10,0.22318333377238025,0,0,0,-0.00038491916636167883,-5.3644818643721866e-07,0.00039634852978588132,6.0017277047408335e-05,-81.116473301625206,3.9535092513975911e-05,-735.11651301373558,-0.0003249018893142705,654.00003917566221,0.00043588362229985723,30.587114527401834,0,0,0,0.025572000000000001
2,0.050000002607703209,1,0.033333335071802139,496.12503051757812,496.12503504753113,496.12503504753113,1.6351055925900582e-11,6.9000627433979389e-10,0.21264006197452545,9.9273433917801412e-10,-60.715995788574219,-3.8867642437878658e-09,0.00034044453709898559,1.3800124644503062e-06,0.0011691119394001553,6.3110789492837327e-05,-182.47780444079854,4.3572569384586757e-05,-1224.3494459163976,0.00040355532659182292,1041.8716428556115,0.0012126845087847421,46.003608582101016,0,0,10.130502,10.188568
3,0.066666670143604279,0,0,496.12503051757812,496.12503504753113,496.12503504753113,1.0820131249311693e-11,-3.3185543202307599e-10,0.21264006197452545,0,0,0,-7.504069796059748e-05,-6.6371082353645569e-07,-0.00030122945853220881,6.3110789492837327e-05,-182.47780444079854,4.3572569384586757e-05,-1551.3494769580007,-1.1929908467760153e-05,1368.8716718534913,-0.00025765688914762205,46.003608581765349,0,0,0,0.027008000000000001
4,0.083333337679505348,1,0.033333335071802139,496.12503051757812,496.12503504753113,496.12503504753113,1.153661714770049e-11,4.2989167781115611e-11,0.19920546455042704,-8.8285836974399956e-11,-88.800537109375,-1.2515164904414178e-08,0.0006690082319470228,8.5978330314530078e-08,0.00059813370158728896,6.6318657698849481e-05,-254.23133382565919,5.20797541048168e-05,-2040.5824098606627,0.00073532688964587228,1786.3510761209818,0.00065021345569210576,82.626878509271563,0,0,4.2512259999999999,4.3110160000000004
5,0.10000000521540642,0,0,496.12503051757812,496.12503504753113,496.12503504753113,-4.3398878241118766e-12,-9.5259022891980294e-10,0.19920546455042704,0,0,0,-0.0006693306477991226,-1.905180341556619e-06,-0.00059926295287745374,6.6318657698849481e-05,-254.23133382565919,5.20797541048168e-05,-2367.5824409022657,-0.00060301199010027312,2113.3511051714263,-0.00054718319877263694,82.626878509272231,0,0,0,0.028556999999999999
6,0.11666667275130749,1,0.033333335071802139,496.12503051757812,496.12503504753113,496.12503504753113,-3.9223603531812756e-11,-2.0930226440896149e-09,0.18030916985605849,-3.3945526389800307e-09,-75.806015014648438,-1.0710808240332881e-08,0.00031648327536564977,-4.1860450326833016e-06,0.00082551304749427235,8.8334687719626714e-05,-338.41809114593747,0.0001290150669843726,-2856.8153738049277,0.00040481796308527648,2518.3972784729453,0.00095452811447864494,147.57810261929265,0,0,8.1099449999999997,8.1709209999999999
7,0.13333334028720856,0,0,496.12503051757812,496.12503504753113,496.12503504753113,-1.8066508358782762e-11,1.2694256756873301e-09,0.18030916985605849,0,0,0,-5.84315635739803e-05,2.5388511964154713e-06,-0.00043994813993374765,8.8334687719626714e-05,-338.41809114593747,0.0001290150669843726,-3183.8154048465308,2.9903124145646415e-05,2845.3973162394445,-0.00031093307294937506,147.57810261916026,0,0,0,0.028693
8,0.15000000782310963,1,0.033333335071802139,496.12503051757812,496.12503504753113,496.12503504753113,4.2932678245843903e-11,3.6599510089274645e-09,0.159625091875086,-2.1105863723391849e-08,-159.5391845703125,-1.3828410416749648e-08,0.00020689638960486034,7.3199015710835656e-06,0.00046446436393154933,0.00014633002378749982,-341.2327100551978,5.9153069599915398e-05,-3673.0483377491928,0.00035322641339236016,3331.8156350138966,0.00052361743353146473,186.07507888169874,0,0,7.7665730000000002,7.8281980000000004
9,0.1666666753590107,0,0,496.12503051757812,496.12503504753113,496.12503504753113,5.4044393960062109e-11,6.6670291509751678e-10,0.159625091875086,0,0,0,-0.00068200206827133403,1.3334057488104004e-06,8.56236913513303e-05,0.00014633002378749982,-341.2327100551978,5.9153069599915398e-05,-4000.0483687907958,-0.00053567204448383421,3658.8156600690036,0.0001447767609512457,186.07507888156147,0,0,0,0.028534
10,0.18333334289491177,1,0.033333335071802139,496.12503051757812,496.12503504753113,496.12503504753113,2.2887271938776266e-11,-1.8694272796437872e-09,0.1380809054386859,-1.8125701828353158e-08,-134.30783081054688,-9.8506411916332581e-09,0.00096239699397722422,-3.7388543310860022e-06,2.3351729790094256e-05,0.00020997360649821495,-372.35602279463029,-0.00029115453252614998,-4489.2813016934579,0.0011723706004754392,4116.9252751599734,-0.00026780280273605572,238.74071914318387,0,0,6.3129739999999996,6.3767860000000001
11,0.20000001043081284,0,0,496.12503051757812,496.12503504753113,496.12503504753113,1.1592299169194131e-11,-6.776983418887994e-10,0.1380809054386859,0,0,0,-0.00096454078654529402,-1.3553966010507504e-06,-2.0947935440024379e-05,0.00020997360649821495,-372.35602279463029,-0.00029115453252614998,-4816.2813327350614,-0.00075456718004707907,4443.9253085850341,-0.00031210246796617436,238.7407191431848,0,0,0,0.028809999999999999
12,0.21666667796671391,1,0.033333335071802139,496.12503051757812,496.12503504753113,496.12503504753113,4.9167496463109472e-11,2.2545116884487015e-09,0.11761888217966571,0.0093937898054718971,-216.41964721679688,0.023981809616088867,0.0003467526214352111,4.5090231016884567e-06,-0.00012403969360624302,-0.0092330885444471544,-322.83408093039054,-0.023716312123825745,-5305.5142656377238,-0.0088863359230119433,4982.6801892163567,-0.023840351817431986,201.35247302709641,0,0,5.3858249999999996,5.4450950000000002
13,0.23333334550261497,0,0,496.12503051757812,496.12503504753113,496.12503504753113,7.0424166498384011e-11,1.2754002298720479e-09,0.11761888217966571,0,0,0,-0.00034102354412816199,2.5508003040555912e-06,0.00012595531670493189,-0.0092330885444471544,-322.83408093039054,-0.023716312123825745,-5632.5142966793264,-0.0095741120885753164,5309.6802182997362,-0.023590356807120814,201.35247302709507,0,0,0,0.028423
14,0.25000001303851604,1,0.033333335071802139,496.12503051757812,496.12503504753113,496.12503504753113,4.1134807365894588e-11,-1.7573613675381239e-09,0.10177455051821105,0.0086245154961943626,-155.43031311035156,0.045998275279998779,0.00017674254935537426,-3.5147225205545965e-06,0.00041525717927703293,-0.017904880550426494,-332.49523052794609,-0.069739944403966803,-6121.747229581988,-0.01772813800107112,5789.2519955393191,-0.069324687224689763,198.50864418912823,0,0,7.0030409999999996,7.0616919999999999
15,0.26666668057441711,0,0,496.12503051757812,496.12503504753113,496.12503504753113,3.4232134488165755e-11,-4.141602616414275e-10,0.10177455051821105,0,0,0,-0.00067167185754884659,-8.2832047272618243e-07,0.00021979836696989913,-0.017904880550426494,-332.49523052794609,-0.069739944403966803,-6448.7472606235915,-0.018576552407975341,6116.2520292673253,-0.06952014603699691,198.5086441891647,0,0,0,0.028832
16,0.28333334811031818,1,0.033333335071802139,496.12503051757812,496.12503504753113,496.12503504753113,-2.6005416570162865e-11,-3.6142528969662635e-09,0.088984324311723526,0.061607353389263153,-140.40078735351562,0.64752674102783203,0.00025021885968098609,-7.2285053527395464e-06,0.00015183785745678802,-0.079107845973215518,-355.416870794283,-0.71271057834552654,-6937.9801935262531,-0.078857627113534529,6582.5633155034648,-0.71255874048806978,220.61473646634533,0,0,3.9622069999999998,4.0206590000000002
17,0.30000001564621925,0,0,496.12503051757812,496.12503504753113,496.12503504753113,-2.3299088353079256e-12,1.4205303600078878e-09,0.088984324311723526,0,0,0,-0.00025635334422660638,2.8410605466111906e-06,-0.00014709370600822502,-0.079107845973215518,-355.416870794283,-0.71271057834552654,-7264.9802245678557,-0.079364199317442125,6909.5633566146334,-0.71285767205153472,220.61473646634587,0,0,0,0.027373000000000001
18,0.31666668318212032,1,0.033333335071802139,496.12503051757812,496.12503504753113,496.12503504753113,-4.1893467861431333e-11,-2.3738135901396618e-09,0.082198960643236341,-0.014912093058228493,-158.8607177734375,-0.78306162357330322,0.0014849458924317896,-4.7476268905071567e-06,0.00013881810053505833,-0.063248016193249157,-357.88132126532406,0.077360913292801037,-7754.213157470519,-0.061763070300817367,7396.3318314575681,0.077499731393336102,285.48941433906526,0,0,3.8715470000000001,3.9330850000000002
19,0.33333335071802139,0,0,496.12503051757812,496.12503504753113,496.12503504753113,-2.9386895694649695e-11,7.5039419122902018e-10,0.082198960643236341,0,0,0,-0.0014894201513440744,1.5007882908571869e-06,-0.00013792645472122944,-0.063248016193249157,-357.88132126532406,0.077360913292801037,-8081.2131885121216,-0.064737436344593224,7723.3318687475858,0.077222986838079807,285.48941433906839,0,0,0,0.028712000000000001
20,0.35000001825392246,1,0.033333335071802139,496.12503051757812,496.12503504753113,496.12503504753113,2.6846580514217067e-12,1.9242931692531329e-09,0.078320634659050273,0.099842242896556854,-91.426094055175781,0.33489531278610229,0.0011270542921599028,3.8485861036071972e-06,-4.0818801845213248e-05,-0.16214183295112505,-427.99196381306314,-0.25504880371293348,-8570.4461214147832,-0.16101477865896516,8142.4541614503059,-0.25508962251477868,339.98818278379684,0,0,6.7352020000000001,6.7888890000000002
21,0.36666668578982353,0,0,496.12503051757812,496.12503504753113,496.12503504753113,-4.9274091751261295e-12,-4.5672399195950675e-10,0.078320634659050273,0,0,0,-0.001703463236192429,-9.1344792816657307e-07,-0.00015576425953153089,-0.16214183295112505,-427.99196381306314,-0.25504880371293348,-8897.4461524563867,-0.16384529618731747,8469.4541877298761,-0.25520456797246499,339.98818278421123,0,0,0,0.025817
22,0.3833333533257246,1,0.033333335071802139,496.12503051757812,496.12503504753113,496.12503504753113,1.1649190292950529e-11,9.9459596114570559e-10,0.076782775573989978,0.08604440838098526,-104.44497680664062,-0.90035068988800049,0.00050747982272114633,1.9891918008807714e-06,0.00025340879846591849,-0.25314099536812407,-486.25768419266041,0.63842794311145901,-9386.6790853590483,-0.25263351554540292,8900.4214031555803,0.63868135190992492,434.90112875725561,0,0,3.9778199999999999,4.0323279999999997
23,0.40000002086162567,0,0,496.12503051757812,496.12503504753113,496.12503504753113,1.6910027197947208e-11,3.1565017266643736e-10,0.076782775573989978,0,0,0,-0.00049790886949804131,6.3130030680135949e-07,-0.00024684389557895481,-0.25314099536812407,-486.25768419266041,0.63842794311145901,-9713.6791164006518,-0.25363890423762209,9227.4214328392918,0.63818109921588007,434.90112875725237,0,0,0,0.025642000000000002
24,0.41666668839752674,1,0.033333335071802139,496.12503051757812,496.12503504753113,496.12503504753113,4.8516364536954626e-11,1.8963799419680072e-09,0.075971606586660648,-0.69985491037368774,-107.4296875,-1.5914497375488281,0.00080430601976689414,3.7927596524443222e-06,0.0001834668980225107,0.44235572393498668,-541.51163005983199,2.224799715918647,-10202.912049303313,0.44316002995475356,9661.4004230362407,2.2249831828166693,589.44922905043916,0,0,7.1753169999999997,7.2356020000000001
25,0.43333335593342781,0,0,496.12503051757812,496.12503504753113,496.12503504753113,-5.9070942581840313e-12,-3.2654072779081389e-09,0.075971606586660648,0,0,0,-0.00080481152825996952,-6.5308141572069909e-06,-0.0001828227484392958,0.44235572393498668,-541.51163005983199,2.224799715918647,-10529.912080344917,0.44155091240672673,9988.4004437542699,2.2246168931702077,589.44922905043961,0,0,0,0.028702999999999999
26,0.45000002346932888,1,0.033333335071802139,496.12503051757812,496.12503504753113,496.12503504753113,-5.6161676004196082e-11,-3.0152746965939059e-09,0.076166828777514337,0.18592701852321625,-115.61814880371094,1.1428065299987793,0.00086033583535375865,-6.0305490251122873e-06,0.00019160121918672217,0.25648592856836872,-587.7082798723211,1.0585495890845511,-11019.145013247578,0.25734626440372249,10431.436727344708,1.0587411903037378,699.2537858198117,0,0,6.0095150000000004,6.0695930000000002
27,0.46666669100522995,0,0,496.12503051757812,496.12503504753113,496.12503504753113,-1.5709676615127677e-11,2.427119838444014e-09,0.076166828777514337,0,0,0,-0.00086071930103398878,4.8542393806087509e-06,-0.00019176256922131055,0.25648592856836872,-587.7082798723211,1.0585495890845511,-11346.145044289182,0.25562520926733473,10758.4367692711,1.0583578265153297,699.25378581981181,0,0,0,0.028642000000000001
28,0.48333335854113102,1,0.033333335071802139,496.12503051757812,496.12503504753113,496.12503504753113,2.154511638541301e-11,2.2352875106435022e-09,0.075375463965595996,0.57479590177536011,-85.364349365234375,2.7548058032989502,0.0004304056084183383,4.4705747484247594e-06,0.00029855361159607588,-0.31705287327278875,-664.2769362157045,-1.7040220481097084,-11835.377977191845,-0.31662246766437041,11171.101045446716,-1.7037234944981123,815.16818103240223,0,0,5.6565750000000001,5.7165280000000003
29,0.50000002607703209,0,0,496.12503051757812,496.12503504753113,496.12503504753113,5.6765460387797617e-12,-9.5211416528684367e-10,0.075375463965595996,0,0,0,-0.00043111922065516145,-1.9042282143488137e-06,-0.00029863080495417735,-0.31705287327278875,-664.2769362157045,-1.7040220481097084,-12162.378008233447,-0.31748399249344389,11498.101070113515,-1.7043206789146625,815.16818103240246,0,0,0,0.028707
30,0.51666669361293316,1,0.033333335071802139,496.12503051757812,496.12503504753113,496.12503504753113,4.1704632802730401e-11,2.1616850531813725e-09,0.074848791216911903,-0.2578883171081543,-115.77459716796875,1.5161583423614502,0.0013498326183382786,4.323369842485175e-06,0.00039073947735043107,-0.049731532496270159,-711.14464023349251,-3.222808146611797,-12651.610941136109,-0.04838169987793188,11940.466305225986,-3.2224174071344467,959.41240711963667,0,0,7.9419659999999999,8.0015809999999998
31,0.53333336114883423,0,0,496.12503051757812,496.12503504753113,496.12503504753113,-1.7579576683246501e-11,-3.557052430380736e-09,0.074848791216911903,0,0,0,-0.0013483969810391544,-7.1141044265509703e-06,-0.00039187884676853552,-0.049731532496270159,-711.14464023349251,-3.222808146611797,-12978.610972177712,-0.051079929477309313,12267.466324830115,-3.2232000254585658,959.41240711963587,0,0,0,0.028611000000000001
32,0.5500000286847353,1,0.033333335071802139,496.12503051757812,496.12503504753113,496.12503504753113,3.4785434949169414e-11,3.1419005175337134e-09,0.074462200153847136,-0.2743108868598938,-111.32881927490234,-1.7454406023025513,0.00046026011124237348,6.2838006515346487e-06,0.0003819406850820023,0.24270624203158886,-762.19051037082204,-1.5255410461288834,-13467.843905080374,0.24316650214283123,12705.653400993353,-1.5251591054438014,1094.2892016967837,0,0,8.0679400000000001,8.1291790000000006
33,0.56666669622063637,0,0,496.12503051757812,496.12503504753113,496.12503504753113,5.9989957446049402e-11,1.5122711971571334e-09,0.074462200153847136,0,0,0,-0.00045984094789727759,3.0245422097108492e-06,-0.00038152027118176779,0.24270624203158886,-762.19051037082204,-1.5255410461288834,-13794.843936121977,0.24224640108369158,13032.653428775697,-1.5259225664000651,1094.2892016967835,0,0,0,0.028868000000000001
34,0.58333336375653744,1,0.033333335071802139,496.12503051757812,496.12503504753113,496.12503504753113,4.388266139354613e-11,-9.6643759661674267e-10,0.074114863057525793,0.28710126876831055,-114.34696197509766,-0.9154544472694397,0.00088919421416647562,-1.9328750752601459e-06,2.1437982524113303e-05,-0.037353704660834153,-810.84931466860473,-0.65725173203304355,-14284.07686902464,-0.036464510446667681,13473.227552423161,-0.65723029405051947,1203.1063929744364,0,0,7.8290030000000002,7.9035140000000004
35,0.60000003129243851,0,0,496.12503051757812,496.12503504753113,496.12503504753113,4.3496557050604068e-11,-2.3166357721038366e-11,0.074114863057525793,0,0,0,-0.00088956329846261173,-4.6332712614152206e-08,-2.1071910928992937e-05,-0.037353704660834153,-810.84931466860473,-0.65725173203304355,-14611.076900066244,-0.038243267959296764,13800.227585351306,-0.65727280394397258,1203.1063929744364,0,0,0,0.02878
36,0.61666669882833958,1,0.033333335071802139,496.12503051757812,496.12503504753113,496.12503504753113,3.9100864906993493e-11,-2.6374147310548324e-10,0.073604456421469344,0.90885049104690552,-127.76319885253906,-1.4100610017776489,0.00073014525787655493,-5.2748291401596243e-07,0.00048449984886771158,-0.94104396733477014,-846.54929929629702,0.71514071715011474,-15100.309832968904,-0.94031382207689362,14253.760533145123,0.71562521699898241,1320.4354776838011,0,0,4.3662159999999997,4.4267279999999998
37,0.63333336636424065,0,0,496.12503051757812,496.12503504753113,496.12503504753113,1.6497867308395975e-11,-1.3561798350991694e-09,0.073604456421469344,0,0,0,-0.00073041594622064859,-2.7123595046490425e-06,-0.00048124738232584868,-0.94104396733477014,-846.54929929629702,0.71514071715011474,-15427.309864010507,-0.94177438328099083,14580.760562001851,0.71465946976778894,1320.4354776838002,0,0,0,0.028598999999999999
38,0.65000003390014172,1,0.033333335071802139,496.12503051757812,496.12503504753113,496.12503504753113,4.8178190603653803e-11,1.9008195017988783e-09,0.073392569613294517,0.52894061803817749,-131.20950317382812,1.1400774717330933,0.00039664948724867088,3.8016387715641259e-06,0.00022405326714218868,-1.481643719903027,-878.73414448344374,-0.44231503338562073,-15916.542796913169,-1.4812470704157783,15037.808656231364,-0.44209098011847853,1437.3004275901515,0,0,7.6483359999999996,7.706531
39,0.66666670143604279,0,0,496.12503051757812,496.12503504753113,496.12503504753113,7.1933806133905875e-11,1.4253369595706999e-09,0.073392569613294517,0,0,0,-0.00039558097314785177,2.8506737451500718e-06,-0.00022406440845160538,-1.481643719903027,-878.73414448344374,-0.44231503338562073,-16243.542827954772,-1.482039300876175,15364.808686322001,-0.44253909779407236,1437.3004275901512,0,0,0,0.027040000000000002
40,0.68333336897194386,1,0.033333335071802139,496.12503051757812,496.12503504753113,496.12503504753113,1.8492849612750106e-11,-3.2064573218804071e-09,0.073033536423225812,0.093710601329803467,-126.23027801513672,-0.44912034273147583,0.0012491725930607947,-6.4129142523475669e-06,-8.7970528599178033e-05,-1.5883112433964683,-915.97907334305683,-0.015619639879528968,-16732.775760857436,-1.5870620708034076,15816.796681101465,-0.015707610408128146,1550.1413732993349,0,0,6.1067960000000001,6.1685189999999999
41,0.70000003650784492,0,0,496.12503051757812,496.12503504753113,496.12503504753113,9.1929363427167843e-12,-5.579947615075298e-10,0.073033536423225812,0,0,0,-0.0012486888555958142,-1.1159894549004647e-06,8.895687554304893e-05,-1.5883112433964683,-915.97907334305683,-0.015619639879528968,-17059.775791899039,-1.5895599322520642,16143.796717439993,-0.015530683003985919,1550.1413732993346,0,0,0,0.0286
42,0.71666670404374599,1,0.033333335071802139,496.12503051757812,496.12503504753113,496.12503504753113,1.8457117778591936e-11,5.5585092084697862e-10,0.072323124830414642,0.39966332912445068,-127.96481323242188,0.16342940926551819,0.0012604325915288386,1.1117017738410616e-06,-9.0822703809854965e-05,-2.000943646847984,-951.65729771457927,-0.21304096691108532,-17549.008724801701,-1.9996832142564551,16597.351428198825,-0.21313178961489518,1660.0159968795892,0,0,5.2559690000000003,5.3124609999999999
43,0.73333337157964706,0,0,496.12503051757812,496.12503504753113,496.12503504753113,4.0722009098104195e-11,1.3358933959040087e-09,0.072323124830414642,0,0,0,-0.0012606016438462125,2.6717866287350931e-06,9.2323369976186898e-05,-2.000943646847984,-951.65729771457927,-0.21304096691108532,-17876.008755843301,-2.0022042484918301,16924.351460800506,-0.21294864354110912,1660.0159968795895,0,0,0,0.025638000000000001
44,0.75000003911554813,1,0.033333335071802139,496.12503051757812,496.12503504753113,496.12503504753113,-1.0499205671532508e-11,-3.0732727474003241e-09,0.07130109909034911,-1.1667172908782959,-130.20780944824219,0.31692519783973694,0.0014096326871378059,-6.1465451196452835e-06,0.00053410687010609081,-0.82362694581114826,-985.16069382616092,-0.55610598357091456,-18365.241688745966,-0.82221731312401047,17380.080988773261,-0.55557187670080843,1767.1948112678667,0,0,7.3175929999999996,7.3779750000000002
45,0.7666667066514492,0,0,496.12503051757812,496.12503504753113,496.12503504753113,-3.3343514581340994e-12,4.2989123372194626e-10,0.07130109909034911,0,0,0,-0.0014100407091734851,8.5978241496693529e-07,-0.00053454206329432707,-0.82362694581114826,-985.16069382616092,-0.55610598357091456,-18692.241719787569,-0.82503698652032176,17707.08102682119,-0.55664052563420885,1767.194811267867,0,0,0,0.028691999999999999
46,0.78333337418735027,1,0.033333335071802139,496.12503051757812,496.12503504753113,496.12503504753113,-1.7805605947995851e-11,-8.6827522949306513e-10,0.070303129906557044,-5.7626910209655762,-144.59419250488281,-0.49492424726486206,0.00029499970442239259,-1.7365503529955017e-06,-0.00039050863624052676,4.9474044323981063,-1004.2302305756297,-0.078837538806960872,-19181.474652690231,4.9476994321025289,18177.244420378051,-0.079228047443201402,1859.229050061899,0,0,3.6728130000000001,3.7272099999999999
47,0.80000004172325134,0,0,496.12503051757812,496.12503504753113,496.12503504753113,-3.1494636759665795e-11,-8.2134188339466618e-10,0.070303129906557044,0,0,0,-0.00028837471804536025,-1.642683666527872e-06,0.00037703356356151227,4.9474044323981063,-1004.2302305756297,-0.078837538806960872,-19508.474683731834,4.947116057680061,18504.244451513521,-0.078460505243399356,1859.2290500618956,0,0,0,0.026556
48,0.81666670925915241,1,0.033333335071802139,496.12503051757812,496.12503504753113,496.12503504753113,-2.7832847138142824e-11,2.1970736341359043e-10,0.069903246703602026,-8.5706958770751953,-142.17240905761719,-2.241304874420166,0.0014169983432173877,4.3941470000743435e-07,-9.6042520958412869e-05,13.399668265315015,-1025.4843561506198,2.2519759981079304,-19997.707616634496,13.401085263658231,18972.223260923292,2.251879955586972,1952.9174436281478,0,0,6.6640040000000003,6.7278719999999996
49,0.83333337679505348,0,0,496.12503051757812,496.12503504753113,496.12503504753113,-3.6047935469962766e-11,-4.929052721536209e-10,0.069903246703602026,0,0,0,-0.0014165998708754943,-9.8581048413814119e-07,9.5969988760373492e-05,13.399668265315015,-1025.4843561506198,2.2519759981079304,-20324.707647676099,13.398251665444139,19299.22329053967,2.2520719680966907,1952.9174436281476,0,0,0,0.028726999999999999
50,0.85000004433095455,1,0.033333335071802139,496.12503051757812,496.12503504753113,496.12503504753113,-2.3810257585021866e-11,7.3426065227977233e-10,0.06995579610471013,-5.6700248718261719,-142.23065185546875,-4.7917437553405762,0.0010373524268147347,1.4685212149281174e-06,0.00019843297348724059,18.726094533633514,-1046.0932547432421,7.0162084674020502,-20813.940580578761,18.727131886060327,19767.84732730404,7.0164069003755376,2073.0903849352026,0,0,9.0107169999999996,9.0683769999999999
51,0.86666671186685562,0,0,496.12503051757812,496.12503504753113,496.12503504753113,-7.0858902079251607e-11,-2.822918343525771e-09,0.06995579610471013,0,0,0,-0.0010379005110259382,-5.6458363424570176e-06,-0.0001966392226711508,18.726094533633514,-1046.0932547432421,7.0162084674020502,-21140.940611620365,18.725056633122488,20094.847351231285,7.0160118281793791,2073.090384935203,0,0,0,0.026797000000000001
52,0.88333337940275669,1,0.033333335071802139,496.12503051757812,496.12503504753113,496.12503504753113,-5.6142642618217664e-11,8.829754705175219e-10,0.070635571264896266,15.697261810302734,-210.841552734375,-16.784969329833984,0.00060519831493895809,1.7659508332499522e-06,-0.00021963846644240323,3.0144047793653277,-997.54499683867164,23.64983584764644,-21630.173544523022,3.0150099776802666,20632.628549450303,23.649616209179996,2014.0131595122768,0,0,7.7637169999999998,7.8260160000000001
53,0.90000004693865776,0,0,496.12503051757812,496.12503504753113,496.12503504753113,-5.931933416691848e-11,-1.9060131251080747e-10,0.070635571264896266,0,0,0,-0.00060545717985265035,-3.8120260175485317e-07,0.0002214823531508682,3.0144047793653277,-997.54499683867164,23.64983584764644,-21957.173575564626,3.0137993221854749,20959.628578344753,23.650057329999591,2014.0131595122771,0,0,0,0.028836000000000001
54,0.91666671447455883,1,0.033333335071802139,496.12503051757812,496.12503504753113,496.12503504753113,-3.1713000281374804e-11,1.6563799221103181e-09,0.071589982023044535,8.3261613845825195,-156.3846435546875,18.694927215576172,0.00038713458163314174,3.3127596420258216e-06,-0.00018281660935043353,-5.0865847155934585,-1002.9066094522765,5.0955453016055579,-22446.406508467291,-5.0861975810118256,21443.499902327774,5.0953624849962074,2012.1809814022342,0,0,3.9742570000000002,4.0354570000000001
55,0.9333333820104599,0,0,496.12503051757812,496.12503504753113,496.12503504753113,-4.0681548407750512e-11,-5.381128875825425e-10,0.071589982023044535,0,0,0,-0.00038972101387686406,-1.0762257094774766e-06,0.00018227250417830743,-5.0865847155934585,-1002.9066094522765,5.0955453016055579,-22773.406539508895,-5.0869744366073357,21770.499928980393,5.0957275741097359,2012.1809814022347,0,0,0,0.028486999999999998
56,0.95000004954636097,1,0.033333335071802139,496.12503051757812,496.12503504753113,496.12503504753113,-2.4288090635926629e-11,9.8360741773717564e-10,0.071768009845091393,0.49834635853767395,-217.98699951171875,6.1525163650512695,0.0012328949126293245,1.9672147154050864e-06,-0.00037569757276956911,-5.5812615645239649,-946.84461886707004,-0.95374307370312472,-23262.639472411556,-5.5800286696113357,22315.7948555117,-0.95411877127589428,1827.4231673707554,0,0,5.1147980000000004,5.1758639999999998
57,0.96666671708226204,0,0,496.12503051757812,496.12503504753113,496.12503504753113,-7.4974651487202948e-11,-3.04119329719299e-09,0.071768009845091393,0,0,0,-0.0012633015923904714,-6.0823862231465639e-06,0.00037615220640586922,-5.5812615645239649,-946.84461886707004,-0.95374307370312472,-23589.63950345316,-5.5825248661163558,22642.794878503704,-0.95336692149671887,1827.4231673707745,0,0,0,0.030110000000000001
58,0.98333338461816311,1,0.033333335071802139,496.12503051757812,496.12503504753113,496.12503504753113,4.4010628474921987e-13,4.5248853552948276e-09,0.07142441147038725,-1.9014904499053955,-152.07374572753906,3.3420541286468506,0.0012924867071548579,9.0497701582354859e-06,-0.00013511713944575759,-3.6826450398943726,-957.20118769488988,-4.202294748103542,-24078.872436355818,-3.6813525531872178,23121.671257710699,-4.2024298652429879,1822.6000490467488,0,0,5.4279489999999999,5.4923010000000003
59,1.0000000521540642,0,0,496.12503051757812,496.12503504753113,496.12503504753113,2.0334086844875365e-11,1.193638743401948e-09,0.07142441147038725,0,0,0,-0.0012927400014138418,2.3872773410960415e-06,0.00013454995584698259,-3.6826450398943726,-957.20118769488988,-4.202294748103542,-24405.872467397421,-3.6839377798957864,23448.67128208981,-4.2021601981476948,1822.6000490467488,0,0,0,0.028021000000000001
60,1.0166667196899652,1,0.033333335071802139,496.12503051757812,496.12503504753113,496.12503504753113,-6.7909351753048242e-11,-5.2946060868919176e-09,0.071035118431461125,2.1210832595825195,-126.10346984863281,3.7036435604095459,-0.0004783356352158416,-1.0589211527469616e-05,0.00029972157325212218,-5.5653380676017683,-993.59764549133024,-7.830419557517077,-24895.105400300086,-5.5658164032369841,23901.507744219543,-7.8301198359438251,1915.1419713301941,0,0,6.4624930000000003,6.5243120000000001
61,1.0333333872258663,0,0,496.12503051757812,496.12503504753113,496.12503504753113,-9.2084957714622107e-11,-1.4505363576944319e-09,0.071035118431461125,0,0,0,0.00047786951920963244,-2.9010725383214373e-06,-0.0002994496911963053,-5.5653380676017683,-993.59764549133024,-7.830419557517077,-25222.10543134169,-5.5648601980825587,24228.507782949288,-7.8307190072082733,1915.1419713301939,0,0,0,0.028566999999999999
62,1.0500000547617674,1,0.033333335071802139,496.12503051757812,496.12503504753113,496.12503504753113,-1.579783942551316e-10,-3.9536058871192381e-09,0.070913242442267294,4.6605658531188965,-140.38829040527344,5.4951887130737305,-9.0663940150666894e-05,-7.9072112916205701e-06,0.00046639885904414813,-10.114181195210788,-1015.5561616231548,-13.348393610748019,-25711.338364244351,-10.114271859150939,24695.782194713986,-13.347927211888974,1989.533915666731,0,0,6.8846179999999997,6.9405619999999999
63,1.0666667222976685,0,0,496.12503051757812,496.12503504753113,496.12503504753113,-1.6303229599667901e-10,-3.0323388244823946e-10,0.070913242442267294,0,0,0,8.9282758843487603e-05,-6.0646772788062412e-07,-0.00046775923566129418,-10.114181195210788,-1015.5561616231548,-13.348393610748019,-26038.338395285955,-10.114091912451945,25022.782233056332,-13.34886136998368,1989.5339156667312,0,0,0,0.026051999999999999
64,1.0833333898335695,1,0.033333335071802139,496.12503051757812,496.12503504753113,496.12503504753113,-1.7151711995122554e-10,-5.0908965931739658e-10,0.070688007944295209,-4.4046626091003418,-134.69526672363281,1.7537453174591064,0.00079476274928708471,-1.0181792564900594e-06,0.00054244488964935722,-5.7999874812106214,-1043.4932186723568,-15.282465281146942,-26527.571328188613,-5.7991927184613346,25484.078108498077,-15.281922836257293,2077.0010608273283,0,0,10.017683,10.071723
65,1.1000000573694706,0,0,496.12503051757812,496.12503504753113,496.12503504753113,-1.7891309267437094e-10,-4.4375858543332924e-10,0.070688007944295209,0,0,0,-0.00079504202098690246,-8.8751711669690929e-07,-0.00054285268431137484,-5.7999874812106214,-1043.4932186723568,-15.282465281146942,-26854.571359230216,-5.8007825232316081,25811.078139670342,-15.283008133831254,2077.0010608273287,0,0,0,0.025902999999999999
66,1.1166667249053717,1,0.033333335071802139,496.12503051757812,496.12503504753113,496.12503504753113,-1.305623942293721e-10,2.9010420732333841e-09,0.070414546902487871,-9.7613277435302734,-127.69846343994141,5.7861547470092773,0.0012490263917964081,5.8020837923356558e-06,-0.00047767682003145573,3.8191895507863602,-1078.6480544852755,-21.24425429328393,-27343.804292132882,3.8204385771781566,26265.156243449688,-21.244731970103963,2196.6701283052753,0,0,6.4916549999999997,6.5521929999999999
67,1.1333333924412727,0,0,496.12503051757812,496.12503504753113,496.12503504753113,-1.4565151862377945e-10,-9.0534779673134835e-10,0.070414546902487871,0,0,0,-0.0012466845567691148,-1.8106954829466082e-06,0.00047767465998167086,3.8191895507863602,-1078.6480544852755,-21.24425429328393,-27670.804323174485,3.8179428662295911,26592.156266878515,-21.243776618623947,2196.6701283052739,0,0,0,0.026717000000000001
68,1.1500000599771738,1,0.033333335071802139,496.12503051757812,496.12503504753113,496.12503504753113,-1.425032730706377e-10,1.8889467767735368e-10,0.070303905577886669,1.456756591796875,-131.44097900390625,1.2019836902618408,0.00093095167133004642,3.7778933229627503e-07,0.00043600616276318754,2.2183173957362614,-1110.1063658305147,-22.639008378507825,-28160.037256077147,2.2192483474075915,27049.930890624422,-22.638572372345063,2321.1899734537888,0,0,9.8831760000000006,9.9471100000000003
69,1.1666667275130749,0,0,496.12503051757812,496.12503504753113,496.12503504753113,-1.5306841905093904e-10,-6.3390848126232413e-10,0.070303905577886669,0,0,0,-0.0010356197258267752,-1.2678168851432419e-06,-5.6674022013494807e-06,2.2183173957362614,-1110.1063658305147,-22.639008378507825,-28487.03728711875,2.2172817760104344,27376.930920020419,-22.639014045910027,2321.1899734537369,0,0,0,0.026695
70,1.1833333950489759,1,0.033333335071802139,496.12503051757812,496.12503504753113,496.12503504753113,-2.0363251362898183e-10,-3.0338456191714158e-09,0.070394263583786643,2.4516458511352539,-133.61972045898438,-2.0656752586364746,0.0014609653607806361,-6.0676908680003488e-06,0.00045555688705289227,-0.20817047100815955,-1139.3044518108679,-20.794262185789179,-28976.270220021412,-0.20670950564737892,27836.965762142852,-20.793806628902125,2447.7176797956795,0,0,3.7400880000000001,3.8007249999999999
71,1.200000062584877,0,0,496.12503051757812,496.12503504753113,496.12503504753113,-2.2126334098260259e-10,-1.0578491416168845e-09,0.070394263583786643,0,0,0,-0.0014608927148957659,-2.1156981541017937e-06,-0.00045502142207990565,-0.20817047100815955,-1139.3044518108679,-20.794262185789179,-29303.270251063012,-0.20963136372305533,28163.965797136447,-20.79471720721126,2447.717679795679,0,0,0,0.0287
72,1.2166667301207781,1,0.033333335071802139,496.12503051757812,496.12503504753113,496.12503504753113,-1.8511669974685674e-10,2.1687980300555409e-09,0.070466055857891965,-4.0011272430419922,-131.42356872558594,0.8232993483543396,0.00050917773553888629,4.3375957953652286e-06,0.00039823763543129012,3.9847831376566649,-1170.7909162347464,-21.825034165855332,-29792.503183965677,3.9852923153922037,28621.712272068526,-21.824635928219902,2570.2969139430634,0,0,5.9279719999999996,5.9892260000000004
73,1.2333333976566792,0,0,496.12503051757812,496.12503504753113,496.12503504753113,-1.3662260212043975e-10,2.9096458575850193e-09,0.070466055857891965,0,0,0,-0.00050930699746548624,5.8192913599886594e-06,-0.00039894920130515918,3.9847831376566649,-1170.7909162347464,-21.825034165855332,-30119.50321500728,3.9842738306591996,28948.712304591827,-21.825433115056637,2570.2969139430634,0,0,0,0.028521000000000001
74,1.2500000651925802,1,0.033333335071802139,496.12503051757812,496.12503504753113,496.12503504753113,-1.9454859945255976e-10,-3.4755598399272003e-09,0.070392575799202439,4.448728084564209,-132.68150329589844,1.2409758567810059,0.001532918779164498,-6.9511192555917248e-06,0.00057824009781594354,-0.39465642983656579,-1201.2519080755769,-23.240122511445929,-30608.736147909942,-0.39312351105740129,29407.484232883246,-23.239544271348112,2688.6916981604022,0,0,5.9881919999999997,7.4326720000000002
75,1.2666667327284813,0,0,496.12503051757812,496.12503504753113,496.12503504753113,-2.5046761886748925e-10,-3.3551410538734672e-09,0.070392575799202439,0,0,0,-0.0015327135744349352,-6.7102816981838174e-06,-0.00057896792090661453,-0.39465642983656579,-1201.2519080755769,-23.240122511445929,-30935.736178951545,-0.39618914341100075,29734.484264165687,-23.240701479366834,2688.6916981604022,0,0,0,0.028964
76,1.2833334002643824,1,0.033333335071802139,496.12503051757812,496.12503504753113,496.12503504753113,-2.0386900501101479e-10,2.7959168313884675e-09,0.070298887333091434,2.6050271987915039,-136.10714721679688,0.81014704704284668,0.0013771496310992434,5.5918333214784936e-06,0.00040927918465398505,-3.0119695177359715,-1228.395601513399,-24.176836541215636,-31424.969111854207,-3.0105923681048723,30196.57351593264,-24.17642726203098,2807.3789663897073,0,0,6.1929959999999999,6.2611030000000003
77,1.3000000678002834,0,0,496.12503051757812,496.12503504753113,496.12503504753113,-1.8723790573549337e-10,9.9786623408704145e-10,0.070298887333091434,0,0,0,-0.0013777727486187635,1.9957323463642399e-06,-0.00040976519585558119,-3.0119695177359715,-1228.395601513399,-24.176836541215636,-31751.969142895807,-3.0133472904845902,30523.573543378141,-24.17724630641149,2807.3789663897082,0,0,0,0.028716999999999999
78,1.3166667353361845,1,0.033333335071802139,496.12503051757812,496.12503504753113,496.12503504753113,-1.1641615449420328e-10,4.2493049079439515e-09,0.070181801509694969,-0.053626298904418945,-136.91326904296875,-0.3338763415813446,0.0013532818767842264,8.4986092971739251e-06,0.0004223314560093186,-2.9943693126183684,-1254.819397886045,-23.946617590653343,-32241.202075798472,-2.9930160307415843,30986.382686411038,-23.946195259197335,2924.7410371445008,0,0,7.8021779999999996,7.8566520000000004
79,1.3333334028720856,0,0,496.12503051757812,496.12503504753113,496.12503504753113,-1.2336785759625712e-10,-4.1710190856747431e-10,0.070181801509694969,0,0,0,-0.0013524510534248663,-8.342037662191883e-07,-0.00042338658348581304,-2.9943693126183684,-1254.819397886045,-23.946617590653343,-32568.202106840075,-2.9957217636717934,31313.382708119825,-23.947040977236828,2924.7410371445008,0,0,0,0.025729999999999999
80,1.3500000704079866,1,0.033333335071802139,496.12503051757812,496.12503504753113,496.12503504753113,-6.127736512651083e-11,3.7254292983845971e-09,0.070014579259619431,0.12347183376550674,-138.33834838867188,-1.1156769990921021,0.00099576646623539961,7.4508581420048756e-06,0.00035790990385164284,-3.1455810917982392,-1279.8957651193086,-22.915120994335609,-33057.435039742733,-3.1445853253320037,31777.539282074282,-22.914763084431758,3039.7803386769292,0,0,7.4257160000000004,7.4899129999999996
81,1.3666667379438877,0,0,496.12503051757812,496.12503504753113,496.12503504753113,-5.0230875014989351e-11,6.627893789357131e-10,0.070014579259619431,0,0,0,-0.00099593551855277351,1.3255786769645196e-06,-0.00039804283304674393,-3.1455810917982392,-1279.8957651193086,-22.915120994335609,-33384.43507078434,-3.1465770273167921,32104.539306990609,-22.915519037168657,3039.780338676951,0,0,0,0.025736999999999999
82,1.3833334054797888,1,0.033333335071802139,496.12503051757812,496.12503504753113,496.12503504753113,-3.7797306950970722e-11,7.4601391730766409e-10,0.069859946057910002,1.9345648288726807,-141.07473754882812,-7.3011431694030762,0.00052255338908438129,1.4920277435491762e-06,9.5224885271423532e-05,-4.9455774691726528,-1302.2629049217053,-15.61820455171776,-33873.668003687002,-4.9450549157835688,32571.405100257325,-15.618109326832489,3159.0489492464239,0,0,4.1482760000000001,4.203023
83,1.4000000730156898,0,0,496.12503051757812,496.12503504753113,496.12503504753113,-6.2761004726574754e-11,-1.497821644491637e-09,0.069859946057910002,0,0,0,-0.00052170738853311166,-2.9956431061437178e-06,-7.5118573439683645e-05,-4.9455774691726528,-1302.2629049217053,-15.61820455171776,-34200.668034728602,-4.9460991765611864,32898.405126811253,-15.6182796702912,3159.048949246418,0,0,0,0.025668
84,1.4166667405515909,1,0.033333335071802139,496.12503051757812,496.12503504753113,496.12503504753113,-6.295304555425929e-11,-1.1522338638769725e-11,0.06993040700956267,-8.8101167678833008,-145.10655212402344,-11.293633460998535,0.00091941018426898447,-2.3044675871003971e-08,0.00050651752054198598,4.249854350236931,-1320.472211250692,-4.4103010435484862,-34689.900967631271,4.2507737604212004,33369.428756357534,-4.4097945260279445,3273.3250238264877,0,0,5.4519130000000002,5.507212
85,1.433333408087492,0,0,496.12503051757812,496.12503504753113,496.12503504753113,-6.6183045155376874e-11,-1.9379986504475255e-10,0.06993040700956267,0,0,0,-0.0009197422066582854,-3.8759970643229501e-07,-0.00050569806586570412,4.249854350236931,-1320.472211250692,-4.4103010435484862,-35016.900998672871,4.2489346080302726,33696.42878703458,-4.4108067416143522,3273.3250238264873,0,0,0,0.026214999999999999
86,1.4500000756233931,1,0.033333335071802139,496.12503051757812,496.12503504753113,496.12503504753113,-2.5972682338171182e-11,2.412621658010039e-09,0.069926207619053979,3.0402748584747314,-199.77943420410156,1.9660683870315552,0.0010195479322458526,4.8252430215105983e-06,-0.00015409380208342496,1.4855028893820483,-1283.8788838175442,-6.6444350437036448,-35506.133931575532,1.4865224373142942,34222.255052583234,-6.6445891375057284,3234.7161189466287,0,0,6.1131820000000001,6.1697689999999996
87,1.4666667431592941,0,0,496.12503051757812,496.12503504753113,496.12503504753113,-4.8290788035032506e-11,-1.3390861752782257e-09,0.069926207619053979,0,0,0,-0.0010013683848222182,-2.6781721870937835e-06,0.00014766719922610846,1.4855028893820483,-1283.8788838175442,-6.6444350437036448,-35833.133962617132,1.4845015209972261,34549.255076121415,-6.644287376504419,3234.7161189466196,0,0,0,0.027581000000000001
88,1.4833334106951952,1,0.033333335071802139,496.12503051757812,496.12503504753113,496.12503504753113,-4.6649885343530428e-11,9.8454133734549032e-11,0.069830826553357719,-10.040055274963379,-145.07598876953125,-30.878711700439453,0.0012710216103216029,1.9690825545077119e-07,0.00042850260455786632,11.652873105734521,-1301.6219604551366,23.819943124637163,-36322.366895519794,11.654144127344843,35020.744935261566,23.82037162724172,3302.4248341347648,0,0,14.437450999999999,14.498376
89,1.5000000782310963,0,0,496.12503051757812,496.12503504753113,496.12503504753113,-1.0077473577840834e-10,-3.247490720781343e-09,0.069830826553357719,0,0,0,-0.001272024100795445,-6.494981045140479e-06,-0.0004277868322712583,11.652873105734521,-1301.6219604551366,23.819943124637163,-36649.366926561401,11.651601081633725,35347.744959611286,23.819515337804891,3302.4248341347652,0,0,0,0.028756
90,1.5166667457669973,1,0.033333335071802139,496.12503051757812,496.12503504753113,496.12503504753113,-7.0118119643858279e-11,1.8393970790953063e-09,0.069820249060384282,4.9246196746826172,-269.883056640625,10.263309478759766,0.00012074070072888229,3.6787939336548362e-06,-0.0006865147533324234,6.7762190832858824,-1194.1605702400295,13.445541168965057,-37138.599859464062,6.7763398239866115,35944.439292902825,13.444854654211724,2991.6441191851163,0,0,6.7328669999999997,6.7971399999999997
91,1.5333334133028984,0,0,496.12503051757812,496.12503504753113,496.12503504753113,-5.9486769676819762e-11,6.3788108128903787e-10,0.069820249060384282,0,0,0,-0.00011923213332781096,1.2757620847117328e-06,0.00068407645502921097,6.7762190832858824,-1194.1605702400295,13.445541168965057,-37465.599890505669,6.776099851152555,36271.439321541402,13.446225245420086,2991.6441191851154,0,0,0,0.028761999999999999
92,1.5500000808387995,1,0.033333335071802139,496.12503051757812,496.12503504753113,496.12503504753113,-1.5937590136516633e-10,-5.9933480400786721e-09,0.069757552373976933,4.7630395889282227,-214.42019653320312,12.094253540039062,0.00060530438475207837,-1.1986695348547476e-05,-0.00017790849307017416,2.1054380765964993,-1141.9840577541381,1.3474296635121834,-37954.832823408331,2.1060433809812515,36812.848753667495,1.3472517550191132,2900.5985312796847,0,0,10.239167,10.301653
93,1.5666667483747005,0,0,496.12503051757812,496.12503504753113,496.12503504753113,-1.4003992410138721e-10,1.1601586358267468e-09,0.069757552373976933,0,0,0,-0.00060700673135621885,2.3203171300325664e-06,0.00017830531695302125,2.1054380765964993,-1141.9840577541381,1.3474296635121834,-38281.832854449931,2.1048310698651429,37139.848799016108,1.3476079688291365,2900.5985312796861,0,0,0,0.028368000000000001
94,1.5833334159106016,1,0.033333335071802139,496.12503051757812,496.12503504753113,496.12503504753113,-1.7832769982906171e-10,-2.2972663771270163e-09,0.069824655952096817,0.030031781643629074,-156.82609558105469,-6.4817380905151367,0.00039929219447363065,-4.5945324738260081e-06,-0.00013975630110609275,2.3287725386990998,-1147.3351811957468,8.0135459012421677,-38771.065787352592,2.3291718308935736,37623.730601562311,8.0134061449410616,2904.1810452802615,0,0,4.138363,4.1975449999999999
95,1.6000000834465027,0,0,496.12503051757812,496.12503504753113,496.12503504753113,-2.019801548236444e-10,-1.4191468000745999e-09,0.069824655952096817,0,0,0,-0.00039860552601570301,-2.8382934269135065e-06,0.00014006876936049906,2.3287725386990998,-1147.3351811957468,8.0135459012421677,-39098.065818394192,2.3283739331730842,37950.730634360152,8.0136859700115277,2904.1810452802615,0,0,0,0.028167000000000001
96,1.6166667509824038,1,0.033333335071802139,496.12503051757812,496.12503504753113,496.12503504753113,-1.9669126050114727e-10,3.1733371486097894e-10,0.0697292165488613,-4.3300023078918457,-136.43438720703125,-0.022878915071487427,0.0015100566985545849,6.3466739098493215e-07,0.00041148743765510865,7.0252473207174697,-1173.6423503544081,8.2027676535906338,-39587.298751296861,7.0267573774160246,38413.656401577122,8.2031791410282882,2967.6532206104634,0,0,7.8081259999999997,7.8669659999999997
97,1.6333334185183048,0,0,496.12503051757812,496.12503504753113,496.12503504753113,-2.121896963691583e-10,-9.2990615208066174e-10,0.0697292165488613,0,0,0,-0.0015098620667002849,-1.8598121906473889e-06,-0.00041244036067072942,7.0252473207174697,-1173.6423503544081,8.2027676535906338,-39914.298782338461,7.0237374586507695,38740.65643012424,8.2023552132299624,2967.653220610463,0,0,0,0.028896000000000002
98,1.6500000860542059,1,0.033333335071802139,496.12503051757812,496.12503504753113,496.12503504753113,-2.86393880832847e-10,-4.4522505682209612e-09,0.069668573637803391,24.76800537109375,-136.25611877441406,7.2331886291503906,-0.00016047350912304359,-8.9045005929543042e-06,0.0012885531428097757,-17.548819927106749,-1200.48011128384,1.2071241291851906,-40403.531715241115,-17.548980400615871,39203.051595052777,1.2084126823280004,3016.7551431408033,0,0,7.3775940000000002,7.4417249999999999
99,1.666666753590107,0,0,496.12503051757812,496.12503504753113,496.12503504753113,-2.4199608983366261e-10,2.6638675709733661e-09,0.069668573637803391,0,0,0,0.00015689532981098819,5.3277348167675854e-06,-0.0012887376565361361,-17.548819927106749,-1200.48011128384,1.2071241291851906,-40730.531746282722,-17.548663031776936,39530.051640326616,1.2058353915286546,3016.7551431408028,0,0,0,0.02878
100,1.683333421126008,1,0.033333335071802139,496.12503051757812,496.12503504753113,496.12503504753113,-2.5250274093835401e-10,-6.3039884423687909e-10,0.069619498234622337,-3.097639799118042,-241.04682922363281,6.2274298667907715,0.00049432796170204713,-1.2607976115207743e-06,-0.00025102239820095837,-14.428714604982199,-1121.9135626518082,-4.7747948033259062,-41219.764679185384,-14.428220277020497,40097.851115272781,-4.7750458257241073,2640.9415496878228,0,0,7.8474209999999998,7.9080909999999998
101,1.7000000886619091,0,0,496.12503051757812,496.12503504753113,496.12503504753113,-2.6346796966336683e-10,-6.5791416758997912e-10,0.069619498234622337,0,0,0,-0.00050816524062393537,-1.3158282548681702e-06,0.00025565147015506155,-14.428714604982199,-1121.9135626518082,-4.7747948033259062,-41546.764710226991,-14.429222770222824,40424.851146259352,-4.774539151855751,2640.9415496878278,0,0,0,0.028842
102,1.7166667561978102,1,0.033333335071802139,496.12503051757812,496.12503504753113,496.12503504753113,-2.7024252280405392e-10,-4.0647307741892291e-10,0.069472385912525414,0.10383192449808121,-142.76887512207031,-0.55577230453491211,0.0013382312183173942,-8.1294610521955024e-07,-5.4422795390335343e-05,-14.482618977433228,-1141.7337082532329,-3.9953495136650865,-42035.997643129653,-14.48128074621491,40894.263934063471,-3.9954039364604768,2682.8580382971336,0,0,4.1930769999999997,4.2532560000000004
103,1.7333334237337112,0,0,496.12503051757812,496.12503504753113,496.12503504753113,-2.8710253618946524e-10,-1.0116010251692842e-09,0.069472385912525414,0,0,0,-0.0013367670456237435,-2.0232019268521151e-06,5.3881873449471152e-05,-14.482618977433228,-1141.7337082532329,-3.9953495136650865,-42362.99767417126,-14.483955744478852,41221.263963894824,-3.9952956317916368,2682.8580382971327,0,0,0,0.028584999999999999
104,1.7500000912696123,1,0.033333335071802139,496.12503051757812,496.12503504753113,496.12503504753113,-2.8718327715893111e-10,-4.8450132794641831e-12,0.069381374080164898,-3.6869029998779297,-138.54273986816406,-1.264498233795166,0.001029447781470412,-9.6900259674960812e-09,0.00032792613910100771,-10.721726912929713,-1166.0070233740007,-2.5175381301150557,-42852.230607073921,-10.720697465148243,41686.223583690233,-2.5172102039759547,2746.9280204794786,0,0,7.0327409999999997,7.0889800000000003
105,1.7666667588055134,0,0,496.12503051757812,496.12503504753113,496.12503504753113,-2.8099431115258255e-10,3.7133873753703028e-10,0.069381374080164898,0,0,0,-0.0010022270614551201,7.4267742974462483e-07,-0.00032881721648068268,-10.721726912929713,-1166.0070233740007,-2.5175381301150557,-43179.230638115529,-10.722729139991168,42013.223615484203,-2.5178669473315365,2746.9280204794663,0,0,0,0.026641000000000001
106,1.7833334263414145,1,0.033333335071802139,496.12503051757812,496.12503504753113,496.12503504753113,-2.7125254820070666e-10,5.8450533302334406e-10,0.069367401251176575,-10.200960159301758,-139.69346618652344,-2.4316432476043701,0.0012645166772378771,1.1690105946959395e-06,6.2054023906625566e-05,-0.51893397188067825,-1189.1662132952624,0.20630896921510589,-43668.463571018183,-0.51766945520344032,42479.297358891934,0.20637102323901252,2830.0168411080417,0,0,8.5759240000000005,8.6355350000000008
107,1.8000000938773155,0,0,496.12503051757812,496.12503504753113,496.12503504753113,-2.8075247682224358e-10,-5.6999560626991297e-10,0.069367401251176575,0,0,0,-0.0012652632586556273,-1.1399911429602842e-06,-6.1778674402469813e-05,-0.51893397188067825,-1189.1662132952624,0.20630896921510589,-43995.463602059783,-0.52019923513933386,42806.297387624531,0.20624719054070342,2830.0168411080422,0,0,0,0.028583000000000001
108,1.8166667614132166,1,0.033333335071802139,496.12503051757812,496.12503504753113,496.12503504753113,-2.7161403681752461e-10,5.4830584517162606e-10,0.069522598010747616,-7.4668641090393066,-141.88330078125,-0.62615638971328735,0.0005905947867775943,1.0966116234113863e-06,0.00034139905173023732,6.8492994939595375,-1210.0212088906837,1.1012922839689918,-44484.696534962452,6.8498900887463154,43274.675327168377,1.1016336830207221,2912.5814023404582,0,0,3.9767739999999998,4.0350229999999998
109,1.8333334289491177,0,0,496.12503051757812,496.12503504753113,496.12503504753113,-2.723890279998642e-10,-4.6499248895770506e-11,0.069522598010747616,0,0,0,-0.00056856711066221102,-9.2998492115363169e-08,-0.00033872707014635101,6.8492994939595375,-1210.0212088906837,1.1012922839689918,-44811.696566004051,6.8487309268488756,43601.675357020373,1.1009535568988456,2912.5814023404528,0,0,0,0.13455900000000001
110,1.8500000964850187,1,0.033333335071802139,496.12503051757812,496.12503504753113,496.12503504753113,-2.9756014319204382e-10,-1.5102674666422899e-09,0.069625233559786878,4.9805350303649902,-170.06716918945312,-6.8787984848022461,0.00043440255317158186,-3.0205347489257583e-06,-0.00013858134770995331,1.7995037665055673,-1202.8037234076842,8.3174512896398411,-45300.929498906706,1.7999381690587388,44098.125772478488,8.3173127082921319,2914.2259441996571,0,0,6.1849639999999999,6.2431710000000002
111,1.8666667640209198,0,0,496.12503051757812,496.12503504753113,496.12503504753113,-2.9443439353293854e-10,1.8754420239019964e-10,0.069625233559786878,0,0,0,-0.00043634409686768919,3.7508838188681989e-07,0.00013774924537374687,1.7995037665055673,-1202.8037234076842,8.3174512896398411,-45627.929529948313,1.7990674224086995,44425.125806915719,8.3175890388852149,2914.2259441996575,0,0,0,0.028379000000000001
112,1.8833334315568209,1,0.033333335071802139,496.12503051757812,496.12503504753113,496.12503504753113,-3.0401103856547707e-10,-5.7459814684079902e-10,0.069424570721833889,6.6778097152709961,-137.487548828125,2.3945586681365967,0.00095306762526953248,-1.1491962235402227e-06,-2.1076969992962769e-05,-4.9064643849345249,-1228.5009656332591,6.2207265949565098,-46117.162462850974,-4.905511317309255,44888.661496068518,6.2207055179865165,2982.9325383648429,0,0,8.3391500000000001,8.4001579999999993
113,1.9000000990927219,0,0,496.12503051757812,496.12503504753113,496.12503504753113,-2.9107119492444156e-10,7.7639117357364285e-10,0.069424570721833889,0,0,0,-0.00095546312048095522,1.5527822523729725e-06,2.1983508781624195e-05,-4.9064643849345249,-1228.5009656332591,6.2207265949565098,-46444.162493892582,-4.9074198480550058,45215.661529812103,6.2207485784652912,2982.9325383648438,0,0,0,0.028593
114,1.916666766628623,1,0.033333335071802139,496.12503051757812,496.12503504753113,496.12503504753113,-2.6645874395825331e-10,1.4767462808151777e-09,0.069049840577605617,2.3764798641204834,-138.07928466796875,1.7447730302810669,0.00099133734099493553,2.9534923813634754e-06,-0.00022569757661921458,-7.2174999889318858,-1253.7412217057645,4.692819639291022,-46933.395426795243,-7.2165086515908907,45679.654208042972,4.6925939417144029,3066.5198120802793,0,0,3.9565809999999999,4.0133210000000004
115,1.9333334341645241,0,0,496.12503051757812,496.12503504753113,496.12503504753113,-2.5373039780340889e-10,7.6370065826836253e-10,0.069049840577605617,0,0,0,-0.00098979620231684495,1.5274012233115471e-06,0.00022618245095250289,-7.2174999889318858,-1253.7412217057645,4.692819639291022,-47260.39545783685,-7.2184897851342029,46006.654237658484,4.6930458217419746,3066.5198120802784,0,0,0,0.028216999999999999
116,1.9500001017004251,1,0.033333335071802139,496.12503051757812,496.12503504753113,496.12503504753113,-2.6615512571659394e-10,-7.4548411888031296e-10,0.068726302105553291,-5.6330437660217285,-142.48692321777344,-0.37822398543357849,0.001326787160870313,-1.4909681467591466e-06,-0.00030039221186690945,-1.3880375100016467,-1274.5719394532584,5.2238164003554513,-47749.628390739512,-1.3867107228407765,46475.056449795287,5.2235160081435845,3157.1770218909692,0,0,7.5300729999999998,7.5878949999999996
117,1.9666667692363262,0,0,496.12503051757812,496.12503504753113,496.12503504753113,-2.8555019460085873e-10,-1.16370335589977e-09,0.068726302105553291,0,0,0,-0.0013263828905000496,-2.3274065697459078e-06,0.00030110741571936356,-1.3880375100016467,-1274.5719394532584,5.2238164003554513,-48076.628421781119,-1.3893638928921468,46802.05648000045,5.2241175077711706,3157.1770218909687,0,0,0,0.028635000000000001
118,1.9833334367722273,1,0.033333335071802139,496.12503051757812,496.12503504753113,496.12503504753113,-2.6392033003475035e-10,1.2977916519218979e-09,0.068755147611202855,2.2886123657226562,-146.70704650878906,-0.1545669287443161,0.00038995378766289168,2.5955831454219634e-06,-0.00017060820691829244,-3.3680271803299404,-1291.1272658391508,5.4045558597792791,-48565.861354683773,-3.3676372265422776,47274.734091440208,5.4043852515723607,3259.0644169028387,0,0,5.2950200000000001,5.3490849999999996
119,2.0000001043081284,0,0,496.12503051757812,496.12503504753113,496.12503504753113,-2.2765890561604607e-10,2.1756851875665006e-09,0.068755147611202855,0,0,0,-0.0003896898068418142,4.3513701095464305e-06,0.00017053831793906876,-3.3680271803299404,-1291.1272658391508,5.4045558597792791,-48892.861385725373,-3.368416870136782,47601.734124237591,5.4047263980972184,3259.0644169028387,0,0,0,0.028395
120,2.0166667718440294,1,0.033333335071802139,496.12503051757812,496.12503504753113,496.12503504753113,-2.7371449551338856e-10,-2.7633353383293979e-09,0.069006326703392754,-12.000323295593262,-145.16128540039062,-25.421524047851562,0.0012868023656157218,-5.5266703393375876e-06,-0.00012766587718259642,8.8601124203353159,-1309.1547689363883,30.629915929988538,-49382.094318628042,8.8613992227009319,48072.939544164983,30.629788264111355,3362.3083384397528,0,0,6.4151199999999999,6.4726379999999999
121,2.0333334393799305,0,0,496.12503051757812,496.12503504753113,496.12503504753113,-2.5260488145661952e-10,1.2665761772723272e-09,0.069006326703392754,0,0,0,-0.0012867434758373764,2.5331521999333046e-06,0.00012542408656639192,8.8601124203353159,-1309.1547689363883,30.629915929988538,-49709.094349669642,8.8588256768594782,48399.939583266409,30.630041354075104,3362.3083384397528,0,0,0,0.028652
122,2.0500001069158316,1,0.033333335071802139,496.12503051757812,496.12503504753113,496.12503504753113,-3.2300628838299872e-10,-4.2240850817165665e-09,0.069283002493332843,-2.0652897357940674,-251.98625183105469,12.920096397399902,0.00035313596645341477,-8.448169647797747e-06,-0.00015415883095063268,11.006020902611324,-1220.0571806084743,17.671508863694342,-50198.327282572303,11.006374038577777,48978.270093515661,17.67135470486339,3176.1645100557653,0,0,7.2848360000000003,7.3438749999999997
123,2.0666667744517326,0,0,496.12503051757812,496.12503504753113,496.12503504753113,-3.5338348913782625e-10,-1.8226318232450467e-09,0.069283002493332843,0,0,0,-0.00035252734400481947,-3.6452634240008571e-06,0.00015359210209918081,11.006020902611324,-1220.0571806084743,17.671508863694342,-50525.327313613903,11.005668375267319,49305.270129360164,17.67166245579644,3176.1645100557653,0,0,0,0.028850000000000001
124,2.0833334419876337,1,0.033333335071802139,496.12503051757812,496.12503504753113,496.12503504753113,-3.3027633405957602e-10,1.3864287495835015e-09,0.069153809324413729,7.4415502548217773,-170.17782592773438,6.2105350494384766,0.0017121558449609067,2.7728573299252122e-06,0.00022831214635355562,3.6852377627154578,-1212.8977451126864,11.518660461334321,-51014.560246516565,3.6869499185604186,49801.662504176733,11.518888773480674,3177.5563295573793,0,0,7.8116089999999998,7.8722250000000003
125,2.1000001095235348,0,0,496.12503051757812,496.12503504753113,496.12503504753113,-2.9192964712265734e-10,2.3008017713266327e-09,0.069153809324413729,0,0,0,-0.0017131219556488983,4.6016032617936741e-06,-0.00022807363138257347,3.6852377627154578,-1212.8977451126864,11.518660461334321,-51341.560277558172,3.683524640759809,50128.662537047087,11.518432387702939,3177.5563295573802,0,0,0,0.028761999999999999
126,2.1166667770594358,1,0.033333335071802139,496.12503051757812,496.12503504753113,496.12503504753113,-2.8769323034971706e-10,2.5418511739871974e-10,0.068879786498692558,-3.7725198268890381,-143.6669921875,2.7384297847747803,0.0010172456602356716,5.0837020376898277e-07,-4.6962210807049987e-05,7.6358153845751726,-1232.5264984859725,8.8579404390916601,-51830.793210460834,7.6368326302354079,50598.26671248323,8.8578934768808537,3225.809388040243,0,0,3.9743590000000002,4.0313480000000004
127,2.1333334445953369,0,0,496.12503051757812,496.12503504753113,496.12503504753113,-2.8164190424284641e-10,3.6307956641223882e-10,0.068879786498692558,0,0,0,-0.0010172707850252746,7.261590885032415e-07,4.5847284057563831e-05,7.6358153845751726,-1232.5264984859725,8.8579404390916601,-52157.793241502441,7.6347981137901471,50925.266743742628,8.8579862863757182,3225.809388040243,0,0,0,0.028621000000000001
128,2.150000112131238,1,0.033333335071802139,496.12503051757812,496.12503504753113,496.12503504753113,-3.205514187420988e-10,-2.3345703148436314e-09,0.068712968911443434,-4.0956978797912598,-143.67951965332031,13.61955451965332,0.0015456271478567138,-4.669140344705535e-06,0.00024551273647731992,11.926905404834608,-1252.2425868907367,-4.6065424079794859,-52647.026174405102,11.928451031982465,51394.783582845223,-4.606296895243009,3284.6563811009983,0,0,7.3566159999999998,7.4150039999999997
129,2.1666667796671391,0,0,496.12503051757812,496.12503504753113,496.12503504753113,-3.3039562752357199e-10,-5.9065308199990341e-10,0.068712968911443434,0,0,0,-0.0015461247551150498,-1.1813060918986005e-06,-0.00024576375699968817,11.926905404834608,-1252.2425868907367,-4.6065424079794859,-52974.026205446709,11.925359280079492,51721.783617374669,-4.6067881717364854,3284.6563811009987,0,0,0,0.028662
130,2.1833334472030401,1,0.033333335071802139,496.12503051757812,496.12503504753113,496.12503504753113,-3.8200448360115047e-10,-3.0965319197662211e-09,0.068734070881694351,-9.7884149551391602,-158.95741271972656,7.7801003456115723,0.0012209024299105475,-6.1930634615378231e-06,-1.2131294339162713e-05,21.860187686509427,-1256.7893485243367,-12.128599970026832,-53463.259138349364,21.861408588939337,52206.469783631961,-12.128612101321171,3311.779327707924,0,0,8.3450489999999995,8.4025499999999997
131,2.2000001147389412,0,0,496.12503051757812,496.12503504753113,496.12503504753113,-3.4884756194841771e-10,1.989414633030151e-09,0.068734070881694351,0,0,0,-0.0012202474800784083,3.978829023211836e-06,1.2082067941433794e-05,21.860187686509427,-1256.7893485243367,-12.128599970026832,-53790.259169390964,21.85896743902935,52533.469824845459,-12.12858788795889,3311.7793277079236,0,0,0,0.026172000000000001
132,2.2166667822748423,1,0.033333335071802139,496.12503051757812,496.12503504753113,496.12503504753113,-3.2637720304151685e-10,1.3482219785032612e-09,0.06890821608961846,-10.331277847290039,-159.15896606445312,-2.8855702877044678,0.00098739809230831421,2.6964437924286442e-06,-0.0001703663097640945,32.352441724193575,-1261.3262964751837,-8.9947807878281569,-54279.492102293632,32.353429122285881,53018.165808514896,-8.9949511541379206,3331.3939241449843,0,0,3.7816429999999999,5.1614149999999999
133,2.2333334498107433,0,0,496.12503051757812,496.12503504753113,496.12503504753113,-3.4305294716041601e-10,-1.0005447581562521e-09,0.06890821608961846,0,0,0,-0.00099588367735793659,-2.0010893941756929e-06,0.0001713559536260581,32.352441724193575,-1261.3262964751837,-8.9947807878281569,-54606.492133335232,32.35144584051622,53345.165834858963,-8.9946094318745313,3331.3939241449889,0,0,0,0.029071
134,2.2500001173466444,1,0.033333335071802139,496.12503051757812,496.12503504753113,496.12503504753113,-3.7148123466224092e-10,-1.7056973611317972e-09,0.069084041175388175,-7.31683349609375,-160.85511779785156,-4.649998664855957,0.00062522504598915007,-3.4113945140485844e-06,0.0011276047637945527,40.034060345046925,-1264.1732435846932,-4.2142834551241783,-55095.725066237894,40.034685570092911,53831.551819241809,-4.2131558503603834,3366.3067528411484,0,0,6.0150160000000001,6.0755759999999999
135,2.2666667848825455,0,0,496.12503051757812,496.12503504753113,496.12503504753113,-3.7129729846263615e-10,1.1035394820169131e-11,0.069084041175388175,0,0,0,-0.00067380990893196185,2.2070788293244168e-08,-0.0011433631227830074,40.034060345046925,-1264.1732435846932,-4.2142834551241783,-55422.725097279494,40.033386535137993,54158.551853716868,-4.2154268182469616,3366.3067528411839,0,0,0,0.027025
136,2.2833334524184465,1,0.033333335071802139,496.12503051757812,496.12503504753113,496.12503504753113,-4.1171116516025563e-10,-2.4248318908348665e-09,0.06920274706924856,5.6865434646606445,-182.23809814453125,-15.464781761169434,0.0012097508886790703,-4.8496634856697463e-06,-2.4889571550092138e-05,34.796227671095686,-1245.4316933048369,11.369321463419725,-55911.958030182155,34.797437421984363,54666.526332027657,11.369296573848175,3286.8358079843028,0,0,7.2254529999999999,7.2857050000000001
137,2.3000001199543476,0,0,496.12503051757812,496.12503504753113,496.12503504753113,-4.6319270641248522e-10,-3.0888920310445656e-09,0.06920274706924856,0,0,0,-0.0012096063927171455,-6.1777836850271156e-06,2.5494499176687002e-05,34.796227671095686,-1245.4316933048369,11.369321463419725,-56238.958061223762,34.795018064702965,54993.52636174114,11.369346957918902,3286.8358079843028,0,0,0,0.027487999999999999
138,2.3166667874902487,1,0.033333335071802139,496.12503051757812,496.12503504753113,496.12503504753113,-4.1975858899867546e-10,2.6060464897170732e-09,0.069088079288703252,1.3075405359268188,-158.75398254394531,6.9984207153320312,0.001042934109145674,5.212092661313237e-06,7.6532382867297577e-05,33.849088088864129,-1249.9195723672933,4.383206330019382,-56728.190994126424,33.850131022973272,55478.271426971223,4.3832828624022495,3281.8526860177499,0,0,4.2791899999999998,8.1065179999999994
139,2.3333334550261497,0,0,496.12503051757812,496.12503504753113,496.12503504753113,-4.2828701696251414e-10,-5.117049006742036e-10,0.069088079288703252,0,0,0,-0.001043862816866338,-1.0234097388844301e-06,-7.7004524275538222e-05,33.849088088864129,-1249.9195723672933,4.383206330019382,-57055.191025168031,33.848044226047264,55805.271451777327,4.3831293254951067,3281.8526860177503,0,0,0,0.026144000000000001
140,2.3500001225620508,1,0.033333335071802139,496.12503051757812,496.12503504753113,496.12503504753113,-4.342165238480078e-10,-3.5577008006271171e-10,0.068958061892970074,-0.42991256713867188,-141.17692565917969,-7.3134126663208008,0.00030433606487017748,-7.1154011669645858e-07,0.00010296920376263487,34.492519362357577,-1272.494655587891,11.732637152909598,-57544.423958070693,34.492823698422448,56271.929301771263,11.732740122113361,3342.6511795442061,0,0,4.3867440000000002,4.447273
141,2.3666667900979519,0,0,496.12503051757812,496.12503504753113,496.12503504753113,-4.430651956432996e-10,-5.3092041873981088e-10,0.068958061892970074,0,0,0,-0.00031865259062723028,-1.0618407726700003e-06,-9.0870850182691448e-05,34.492519362357577,-1272.494655587891,11.732637152909598,-57871.4239891123,34.492200709766948,56598.929332462569,11.732546282059415,3342.6511795442084,0,0,0,0.035705000000000001
142,2.383333457633853,1,0.033333335071802139,496.12503051757812,496.12503504753113,496.12503504753113,-4.2767037133906172e-10,9.2369001336578549e-10,0.068981421946668314,2.4373776912689209,-141.76727294921875,3.6097054481506348,0.00026647317746873039,1.8473799139764424e-06,-4.9165262635665272e-05,32.195396605631856,-1294.5690241471877,8.196134801799932,-58360.656922014954,32.195663078809325,57066.087899715145,8.1960856365372958,3423.178452804274,0,0,11.994992,12.055121
143,2.400000125169754,0,0,496.12503051757812,496.12503504753113,496.12503504753113,-4.1056877342349196e-10,1.0260960969787902e-09,0.068981421946668314,0,0,0,-0.00026642474687881695,2.0521920687017092e-06,5.4591279273555338e-05,32.195396605631856,-1294.5690241471877,8.196134801799932,-58687.656953056554,32.195130180884981,57393.087930961556,8.1961893930792051,3423.178452804274,0,0,0,0.0287
144,2.4166667927056551,1,0.033333335071802139,496.12503051757812,496.12503504753113,496.12503504753113,-4.9052223394241423e-10,-4.7972066319346141e-09,0.069006274853433899,-0.015447020530700684,-141.20286560058594,10.109566688537598,0.0015001451395864548,-9.5944126782727154e-06,0.00037038487348026172,32.351636842684243,-1317.331671865461,-1.8024320017748554,-59176.889885959223,32.353136987823831,57859.55820449935,-1.8020616169013752,3502.3884139113688,0,0,8.1982959999999991,8.2585519999999999
145,2.4333334602415562,0,0,496.12503051757812,496.12503504753113,496.12503504753113,-4.4708786672842393e-10,2.6060615887502081e-09,0.069006274853433899,0,0,0,-0.0015013740942272161,5.2121228593776637e-06,-0.00037015204285081871,32.351636842684243,-1317.331671865461,-1.8024320017748554,-59503.889917000823,32.350135468590018,58186.558250347487,-1.8028021538177061,3502.3884139113698,0,0,0,0.035012000000000001
146,2.4500001277774572,1,0.033333335071802139,496.12503051757812,496.12503504753113,496.12503504753113,-3.7353864446032503e-10,4.4129531140413292e-09,0.068995274045840396,-3.539050817489624,-142.31733703613281,5.327876091003418,0.0014217861504089713,8.8259056893920927e-06,0.00013424629832196194,35.973637607395943,-1339.1390332542767,-7.1021505654646724,-59993.122849903484,35.975059393546353,58653.983825475116,-7.1020163191663501,3586.7630084352222,0,0,7.7064120000000003,7.7654820000000004
147,2.4666667953133583,0,0,496.12503051757812,496.12503504753113,496.12503504753113,-3.5866262737549448e-10,8.9256046997832073e-10,0.068995274045840396,0,0,0,-0.0014229725861750198,1.785120831001506e-06,-0.00013263706123223251,35.973637607395943,-1339.1390332542767,-7.1021505654646724,-60320.122880945084,35.972214634809767,58980.983849475931,-7.1022832025259044,3586.7630084352227,0,0,0,0.026119
148,2.4833334628492594,1,0.033333335071802139,496.12503051757812,496.12503504753113,496.12503504753113,-3.8132430546511387e-10,-1.3596999082210459e-09,0.068912916645711794,-0.79222738742828369,-142.71037292480469,5.1852583885192871,0.0010667625278172402,-2.7193996504630991e-06,1.1967926363327941e-05,36.714376578807517,-1360.6726826390118,-12.382969617361248,-60809.355813847746,36.715443341335337,59448.683128489334,-12.382957649434884,3676.2600665517089,0,0,7.7150879999999997,7.77407
149,2.5000001303851604,0,0,496.12503051757812,496.12503504753113,496.12503504753113,-3.8983236083645068e-10,-5.1048365534711593e-10,0.068912916645711794,0,0,0,-0.0010659774065638547,-1.0209672483793325e-06,-1.0547295725867045e-05,36.714376578807517,-1360.6726826390118,-12.382969617361248,-61136.355844889353,36.713310601400956,59775.683161229375,-12.382980164656974,3676.2600665517084,0,0,0,0.028806999999999999
150,2.5166667979210615,1,0.033333335071802139,496.12503051757812,496.12503504753113,496.12503504753113,-3.841178763952513e-10,3.4286840033814769e-10,0.06877601389982263,5.0235872268676758,-145.38912963867188,1.5065724849700928,0.0016052737394346844,6.8573675882224261e-07,0.00058003248439006394,31.569792947530139,-1379.6071953080855,-14.054283921159765,-61625.588777792014,31.571398221269575,60245.981583169669,-14.053703888675376,3768.1623827142412,0,0,3.8658359999999998,3.926507
151,2.5333334654569626,0,0,496.12503051757812,496.12503504753113,496.12503504753113,-3.859648156634421e-10,-1.1081557893533045e-10,0.06877601389982263,0,0,0,-0.0016057696413905587,-2.2163114434336855e-07,-0.0005787444125972957,31.569792947530139,-1379.6071953080855,-14.054283921159765,-61952.588808833621,31.568187177888749,60572.981613303906,-14.054862665572362,3768.1623827142412,0,0,0,0.028856
152,2.5500001329928637,1,0.033333335071802139,496.12503051757812,496.12503504753113,496.12503504753113,-3.6585942608802213e-10,1.2063234855475002e-09,0.068743226986353087,1.2108263969421387,-147.70152282714844,4.3510661125183105,0.00098945264071421957,2.4126468238387156e-06,0.00017178216555466252,30.163888763038241,-1396.1547522978292,-18.639512283026868,-62441.821741736283,30.164878215678954,61045.666991851103,-18.639340500861312,3862.1875757128614,0,0,7.3649680000000002,7.4253099999999996
153,2.5666668005287647,0,0,496.12503051757812,496.12503504753113,496.12503504753113,-3.5221744965063806e-10,8.1851836419843949e-10,0.068743226986353087,0,0,0,-0.00098930825843912551,1.6370366284800865e-06,-0.0001728910669021172,30.163888763038241,-1396.1547522978292,-18.639512283026868,-62768.82177277789,30.162899454779801,61372.667022117101,-18.639685174093771,3862.1875757128614,0,0,0,0.028663999999999999
154,2.5833334680646658,1,0.033333335071802139,496.12503051757812,496.12503504753113,496.12503504753113,-3.7202763092381019e-10,-1.1886109874126305e-09,0.068722281833084251,-4.0288238525390625,-146.41000366210938,3.7394578456878662,0.0010776954492731222,-2.3772218297311463e-06,-7.6831492919086919e-05,33.983663594423895,-1413.9656455231873,-22.691227293001351,-63258.054705680544,33.98474128987317,61844.089057780133,-22.69130412449427,3957.4562210791569,0,0,7.7539819999999997,7.8147729999999997
155,2.6000001356005669,0,0,496.12503051757812,496.12503504753113,496.12503504753113,-3.3880243055506298e-10,1.9935113559910178e-09,0.068722281833084251,0,0,0,-0.0010811825654337207,3.9870224686334814e-06,7.5517614215730999e-05,33.983663594423895,-1413.9656455231873,-22.691227293001351,-63585.054736722144,33.982582411858459,62171.089095185976,-22.691151775387134,3957.4562210791587,0,0,0,0.028708999999999998
156,2.6166668031364679,1,0.033333335071802139,496.12503051757812,496.12503504753113,496.12503504753113,-3.4170280494016936e-10,-1.7402257412868494e-10,0.068635170658429459,-1.1152102947235107,-146.84059143066406,3.7909650802612305,0.00094743881974723373,-3.4804512701437987e-07,-0.00013105826379144515,34.926411495662599,-1431.3479811296677,-26.878436232238275,-64074.287669624813,34.927358934482349,62642.939688147104,-26.878567290502065,4052.8701333869622,0,0,4.2865869999999999,4.3473579999999998
157,2.633333470672369,0,0,496.12503051757812,496.12503504753113,496.12503504753113,-3.4945010773945739e-10,-4.6483839000188709e-10,0.068635170658429459,0,0,0,-0.00028408440442528188,-9.2967672326080665e-07,0.00046484703380396397,34.926411495662599,-1431.3479811296677,-26.878436232238275,-64401.287700666413,34.926127411258172,62969.939718607071,-26.877971385204471,4052.8701333866511,0,0,0,0.031777
158,2.6500001382082701,1,0.033333335071802139,496.12503051757812,496.12503504753113,496.12503504753113,-3.1034957936881824e-10,2.3460313691714418e-09,0.068536346866970965,26.569791793823242,-148.65388488769531,5.5976924896240234,-0.00060139333039949117,4.6920624519621013e-06,0.0016861164448042781,8.1964229869253771,-1446.8636880653514,-32.994085906915856,-64890.520633569075,8.1958215935949781,63443.656950195786,-32.992399790471055,4059.2504039541986,0,0,5.6215390000000003,5.6819689999999996
159,2.6666668057441711,0,0,496.12503051757812,496.12503504753113,496.12503504753113,-3.8654079936861763e-10,-4.5714720897649386e-09,0.068536346866970965,0,0,0,0.00060306566368030501,-9.1429436214888506e-06,-0.0016861601005472987,8.1964229869253771,-1446.8636880653514,-32.994085906915856,-65217.520664610674,8.1970260525890577,63770.656967402378,-32.995772067016404,4059.2504039541991,0,0,0,0.028660000000000001
160,2.6833334732800722,1,0.033333335071802139,496.12503051757812,496.12503504753113,496.12503504753113,-3.0063365685784049e-10,5.1544284396243256e-09,0.068477798886850572,1.5088194608688354,-149.912109375,-35.686527252197266,0.00095756825952655888,1.0308856250045961e-05,0.00049200704505161785,6.5804088116741921,-1461.023864938164,2.561009060637335,-65706.753597513336,6.5813663799337183,64245.729742884025,2.5615010676823866,4074.9579609888028,0,0,7.5794540000000001,7.6398440000000001
161,2.7000001408159733,0,0,496.12503051757812,496.12503504753113,496.12503504753113,-2.9405158863404779e-10,3.9492453751677203e-10,0.068477798886850572,0,0,0,-0.00095804563052901553,7.8984902682498236e-07,-0.00049222430058524363,6.5804088116741921,-1461.023864938164,2.561009060637335,-66033.753628554943,6.5794507660436627,64572.729764406628,2.5605168363367499,4074.9579609888033,0,0,0,0.028663999999999999
162,2.7166668083518744,1,0.033333335071802139,496.12503051757812,496.12503504753113,496.12503504753113,-2.8724889133968645e-10,4.08161060505563e-10,0.068436737875549158,-0.4367472231388092,-149.50460815429688,-2.459796667098999,0.001055901911185736,8.1632207118677779e-07,3.695822444549357e-05,6.8986686237143653,-1475.5000045758429,4.8842139547706083,-66522.986561457612,6.8997245256255511,65047.486557698088,4.8842509129950535,4154.2031112915483,0,0,4.7921170000000002,4.8534629999999996
163,2.7333334758877754,0,0,496.12503051757812,496.12503504753113,496.12503504753113,-2.9067667717264101e-10,-2.056674830441807e-10,0.068436737875549158,0,0,0,-0.00157842011419599,-4.1133494098246747e-07,-0.00011248084088177901,6.8986686237143653,-1475.5000045758429,4.8842139547706083,-66849.986592499205,6.8970902036001691,65374.48658751203,4.8841014739297268,4154.2031112919049,0,0,0,0.028669
164,2.7500001434236765,1,0.033333335071802139,496.12503051757812,496.12503504753113,496.12503504753113,-2.3412743965778304e-10,3.3929548060029902e-09,0.068370695016822039,2.045910120010376,-149.97280883789062,5.3236489295959473,0.0014244039033745742,6.7859091978269268e-06,-0.00012760369048615827,4.7838822238637384,-1489.4625219128625,-0.71158279898942589,-67339.219525401873,4.7853066277671132,65849.757010274916,-0.71171040267991204,4239.4256511406829,0,0,6.0662120000000002,6.1245000000000003
165,2.7666668109595776,0,0,496.12503051757812,496.12503504753113,496.12503504753113,-1.928997517275377e-10,2.4736608317255104e-09,0.068370695016822039,0,0,0,-0.0014236867668459968,4.9473213614904701e-06,0.00012954341519297308,4.7838822238637384,-1489.4625219128625,-0.71158279898942589,-67666.219556443481,4.7824585370968924,66176.757039477932,-0.71145325557423289,4239.4256511406829,0,0,0,0.029132000000000002
166,2.7833334784954786,1,0.033333335071802139,496.12503051757812,496.12503504753113,496.12503504753113,-1.2549203343148463e-10,4.044463430830092e-09,0.068480716574759723,3.725583553314209,-153.96009826660156,8.2676916122436523,0.0014179284151800212,8.088926367951269e-06,-0.00051657033539736358,1.2183874077772479,-1499.2623916803354,-9.2789057428325261,-68155.452489346135,1.2198053361924279,66656.190105754722,-9.2794223131679239,4325.7687800439589,0,0,7.8798199999999996,7.9408469999999998
167,2.8000001460313797,0,0,496.12503051757812,496.12503504753113,496.12503504753113,-1.2794526549342322e-10,-1.4719425678322295e-10,0.068480716574759723,0,0,0,-0.0014142985083599596,-2.9438849559839698e-07,0.00051758521773576094,1.2183874077772479,-1499.2623916803354,-9.2789057428325261,-68482.452520387742,1.2169731092688878,66983.190128413014,-9.2783881576147902,4325.7687800439562,0,0,0,0.028667999999999999
168,2.8166668135672808,1,0.033333335071802139,496.12503051757812,496.12503504753113,496.12503504753113,-4.696092126277307e-11,4.8590602652609505e-09,0.068687536177181069,-0.26977396011352539,-226.41401672363281,-5.3728542327880859,0.0011615607464127362,9.7181199373748959e-06,-0.00039365122446043815,1.5399633234596704,-1436.5484259591669,-4.1006626574706964,-68971.685453290396,1.5411248842060832,67535.137037049353,-4.1010563086951564,4121.2467459608279,0,0,4.795884,4.8566459999999996
169,2.8333334811031818,0,0,496.12503051757812,496.12503504753113,496.12503504753113,-1.1642953962054392e-11,2.1190780241653329e-09,0.068687536177181069,0,0,0,-0.0011600299532362468,4.2381557896541491e-06,0.00039423239153939943,1.5399633234596704,-1436.5484259591669,-4.1006626574706964,-69298.685484332003,1.5388032935064342,67862.137062610986,-4.1002684250791566,4121.246745960827,0,0,0,0.028531999999999998
170,2.8500001486390829,1,0.033333335071802139,496.12503051757812,496.12503504753113,496.12503504753113,6.0675131585696818e-11,4.3390846471424993e-09,0.068646094223269005,8.3194656372070312,-184.88545227050781,-8.2082967758178711,0.00043512170764140566,8.6781687646115798e-06,0.00040113124949178736,-7.0322369181030355,-1415.55828982099,3.9773559117769253,-69787.918417234658,-7.0318017963953938,68372.36013609184,3.9777570430264171,3996.1741986548386,0,0,7.1216419999999996,7.1816789999999999
171,2.866666816174984,0,0,496.12503051757812,496.12503504753113,496.12503504753113,6.5454419662103192e-11,2.8675706253977751e-10,0.068646094223269005,0,0,0,-0.00043318948626542252,5.7351409007503078e-07,-0.00040182030537316143,-7.0322369181030355,-1415.55828982099,3.9773559117769253,-70114.918448276265,-7.0326701075893006,68699.360159028787,3.9769540914715522,3996.1741986548391,0,0,0,0.028559999999999999
172,2.883333483710885,1,0.033333335071802139,496.12503051757812,496.12503504753113,496.12503504753113,9.3801084954936442e-11,1.7007999453255707e-09,0.068351699786932285,-5.8558821678161621,-153.70072937011719,-3.2707948684692383,0.00093219557578905557,3.4015996830339605e-06,-8.1653150364536034e-05,-1.4539059712571616,-1425.7779393078663,7.1629557173093259,-70604.151381178934,-1.4529737756813725,69178.373445272664,7.1628740641589612,4003.9162640599507,0,0,7.7888780000000004,7.8495049999999997
173,2.9000001512467861,0,0,496.12503051757812,496.12503504753113,496.12503504753113,8.4636166131080159e-11,-5.4989524045367943e-10,0.068351699786932285,0,0,0,-0.00086102085535263995,-1.099790413781475e-06,3.603105149704508e-05,-1.4539059712571616,-1425.7779393078663,7.1629557173093259,-70931.151412220541,-1.4547669921125141,69505.373471812884,7.162991748360823,4003.9162640599188,0,0,0,0.028405
174,2.9166668187826872,1,0.033333335071802139,496.12503051757812,496.12503504753113,496.12503504753113,1.3803726217620493e-10,3.2040659014853645e-09,0.0681304805943755,7.321753978729248,-150.59849548339844,12.743483543395996,0.00039612402671679314,6.4081314118494032e-06,0.00019375794363179349,-9.0473779918853108,-1439.112624330889,-5.5537466872531027,-71420.384345123195,-9.0469818678585945,69981.271727200437,-5.553552929309471,4051.2473667297818,0,0,5.2652010000000002,5.3291659999999998
175,2.9333334863185883,0,0,496.12503051757812,496.12503504753113,496.12503504753113,1.62440894069249e-10,1.4642178580714926e-09,0.0681304805943755,0,0,0,-0.00099665845310972084,2.9284355374054538e-06,-0.00042330052255491052,-9.0473779918853108,-1439.112624330889,-5.5537466872531027,-71747.384376164802,-9.0483746503384204,70308.271754762347,-5.5541699877756576,4051.2473667300383,0,0,0,0.02818
176,2.9500001538544893,1,0.033333335071802139,496.12503051757812,496.12503504753113,496.12503504753113,2.4337060144929978e-10,4.855782886892257e-09,0.068207790048754963,4.1824870109558105,-151.369140625,3.1431102752685547,0.00042428749477635072,9.7115651810375796e-06,-0.00010896817360596216,-13.550371788966382,-1451.3557481586595,-8.5118687171710441,-72236.617309067471,-13.549947501471605,70785.26157062038,-8.5119776853446503,4130.2380779511896,0,0,6.798502,10.050791
177,2.9666668213903904,0,0,496.12503051757812,496.12503504753113,496.12503504753113,2.3548177296994766e-10,-4.7333026387263999e-10,0.068207790048754963,0,0,0,-0.00042436639343691393,-9.4666046996570675e-07,0.00010985316874019026,-13.550371788966382,-1451.3557481586595,-8.5118687171710441,-72563.617340109064,-13.550796155359819,71112.261591003742,-8.5117588640023047,4130.2380779511896,0,0,0,0.029461000000000001
178,2.9833334889262915,1,0.033333335071802139,496.12503051757812,496.12503504753113,496.12503504753113,2.3949761618347054e-10,2.4095081485597802e-10,0.068384518225987762,5.9395217895507812,-148.55268859863281,-7.2868170738220215,0.00045841451923144677,4.8190160029901478e-07,0.00029694835354542384,-19.853983730521932,-1466.1535898592156,-1.1115424731870465,-73052.850273011732,-19.853525316002703,71586.696683634422,-1.1112455248335011,4183.3646746179629,0,0,5.3580430000000003,5.4195440000000001
179,3.0000001564621925,0,0,496.12503051757812,496.12503504753113,496.12503504753113,2.4063884218605835e-10,6.8473227088361455e-11,0.068384518225987762,0,0,0,-0.00045885670415977617,1.3694644581817468e-07,-0.00029554653807845749,-19.853983730521932,-1466.1535898592156,-1.1115424731870465,-73379.850304053325,-19.854442587226092,71913.696714331061,-1.111838019725125,4183.3646746179629,0,0,0,0.028348000000000002
180,3.0166668239980936,1,0.033333335071802139,496.12503051757812,496.12503504753113,496.12503504753113,2.4089130690185812e-10,1.5147882947985636e-11,0.06838724230016982,0.54193401336669922,-145.5130615234375,-0.44696417450904846,0.00042817495911155051,3.0295764046864467e-08,-0.00014840533939667298,-20.665847603940822,-1483.9919058186019,-0.66589029086865104,-73869.083236955994,-20.665419428981711,72385.091331167685,-0.66603869620804768,4254.7418899510358,0,0,4.3258190000000001,4.3834429999999998
181,3.0333334915339947,0,0,496.12503051757812,496.12503504753113,496.12503504753113,2.3578583530081687e-10,-3.0632896219628947e-10,0.06838724230016982,0,0,0,-0.00042831342967144387,-6.1265788699890679e-07,0.00014722578168388685,-20.665847603940822,-1483.9919058186019,-0.66589029086865104,-74196.083267997601,-20.666275917370495,72712.091361566345,-0.66574306508696712,4254.7418899510358,0,0,0,0.029954999999999999
182,3.0500001590698957,1,0.033333335071802139,496.12503051757812,496.12503504753113,496.12503504753113,2.5840563022683227e-10,1.357188139650134e-09,0.068350950167292632,-0.55150502920150757,-143.49406433105469,-12.283415794372559,0.00081540782300990391,2.7143761136278876e-06,0.00025039695010140722,-20.322947018672355,-1503.7632392064838,11.393180860386979,-74685.316200900255,-20.322131610849347,73181.552964408154,11.393431257337079,4341.8677532129313,0,0,5.2095149999999997,5.2689409999999999
183,3.0666668266057968,0,0,496.12503051757812,496.12503504753113,496.12503504753113,2.6052837664991557e-10,1.2736411925118318e-10,0.068350950167292632,0,0,0,-0.00084774575780897227,2.5472822295498853e-07,-0.00018185402295419623,-20.322947018672355,-1503.7632392064838,11.393180860386979,-75012.316231941862,-20.323794764430165,73508.552992990109,11.392999006364024,4341.867753212945,0,0,0,0.028365000000000001
184,3.0833334941416979,1,0.033333335071802139,496.12503051757812,496.12503504753113,496.12503504753113,2.1523845206150582e-10,-2.7173951977488287e-09,0.068442520919908476,6.7093410491943359,-161.26884460449219,5.5922722816467285,0.0013418973912364754,-5.4347900637843763e-06,0.00037062725380349049,-27.307734905933408,-1505.658761937168,5.706677522167154,-75501.549164844517,-27.306393008542173,73995.890397472554,5.7070481494209577,4379.643326418699,0,0,4.0489470000000001,4.1059840000000003
185,3.100000161677599,0,0,496.12503051757812,496.12503504753113,496.12503504753113,2.2499435647915789e-10,5.8535420954797246e-10,0.068442520919908476,0,0,0,-0.001338778620407613,1.1707083476415736e-06,-0.00037040124438389443,-27.307734905933408,-1505.658761937168,5.706677522167154,-75828.549195886124,-27.309073684553816,74322.890435119669,5.7063071209227703,4379.6433264186962,0,0,0,1.5938669999999999
186,3.1166668292135,1,0.033333335071802139,496.12503051757812,496.12503504753113,496.12503504753113,2.3282017980186254e-10,4.6954928833997656e-10,0.068482531374003619,-6.452117919921875,-195.03201293945312,7.6351146697998047,0.0005555581539894057,9.3909851936192475e-07,0.00026952407725961552,-21.263664656851276,-1473.7350692351138,-1.8814833240168092,-76317.782128788793,-21.263109098697285,74844.047060492783,-1.8812137999395495,4180.3485287504373,0,0,5.3425630000000002,5.4018860000000002
187,3.1333334967494011,0,0,496.12503051757812,496.12503504753113,496.12503504753113,2.2091962981196644e-10,-7.1403327694952168e-10,0.068482531374003619,0,0,0,-0.00055497397420942868,-1.4280664667367781e-06,-0.00018558806691125473,-21.263664656851276,-1473.7350692351138,-1.8814833240168092,-76644.782159830385,-21.264219630825487,75171.047089167201,-1.8816689120837204,4180.3485287503972,0,0,0,0.13297
188,3.1500001642853022,1,0.033333335071802139,496.12503051757812,496.12503504753113,496.12503504753113,3.1872979255886946e-10,5.8686095982807274e-09,0.068307754032465889,-3.3533322811126709,-148.87977600097656,4.3332395553588867,0.0015198161445431277,1.1737218480178447e-05,0.0001885301684050808,-18.362554675529907,-1488.2876761321613,-6.1104721644718403,-77134.015092733054,-18.361034859385363,75645.727428338112,-6.1102836343034355,4243.2841537332952,0,0,6.9228560000000003,6.9823630000000003
189,3.1666668318212032,0,0,496.12503051757812,496.12503504753113,496.12503504753113,3.594650133109667e-10,2.4441135781927414e-09,0.068307754032465889,0,0,0,-0.0015201527712490753,4.8882268580317746e-06,-0.00018764397955912948,-18.362554675529907,-1488.2876761321613,-6.1104721644718403,-77461.015123774661,-18.364074828301156,75972.727452530729,-6.1106598084513992,4243.2841537332952,0,0,0,0.028577000000000002
190,3.1833334993571043,1,0.033333335071802139,496.12503051757812,496.12503504753113,496.12503504753113,2.9380028965242388e-10,-3.9398835305348712e-09,0.068120289669961351,-0.3425452709197998,-150.37185668945312,-1.7337048053741455,0.00038933726397955698,-7.8797665801269286e-06,-0.00017162871675481355,-18.396791958807604,-1501.3763109014039,-4.2423894099157256,-77950.248056677316,-18.396402621543626,76448.871737896145,-4.2425610386324806,4329.2688027404693,0,0,3.8173509999999999,3.8740939999999999
191,3.2000001668930054,0,0,496.12503051757812,496.12503504753113,496.12503504753113,2.9349164765157809e-10,-1.8518075961537761e-11,0.068120289669961351,0,0,0,-0.00038868288258157163,-3.7036149662568203e-08,0.00016952511248142545,-18.396791958807604,-1501.3763109014039,-4.2423894099157256,-78277.248087718923,-18.397180641690184,76775.871776780477,-4.2422198848032444,4329.2688027404693,0,0,0,0.028323999999999998
192,3.2166668344289064,1,0.033333335071802139,496.12503051757812,496.12503504753113,496.12503504753113,3.9394021378313937e-10,6.0269136348267693e-09,0.06818821782968483,-6.3775086402893066,-152.88990783691406,-1.008152961730957,0.00030544354513224736,1.2053826533946308e-05,0.00037333527411273493,-12.271814335090252,-1511.590611301423,-3.215317975712527,-78766.481020621592,-12.271508891545119,77254.890421374002,-3.2149446404384143,4375.8459306892528,0,0,6.8297749999999997,6.8877889999999997
193,3.2333335019648075,0,0,496.12503051757812,496.12503504753113,496.12503504753113,3.7560585197660146e-10,-1.1000609312361576e-09,0.06818821782968483,0,0,0,-0.0003064717288298463,-2.2001217281875335e-06,-0.00037444929136757482,-12.271814335090252,-1511.590611301423,-3.215317975712527,-79093.481051663184,-12.272120806819082,77581.890438161645,-3.2156924250038945,4375.8459306892537,0,0,0,0.028653000000000001
194,3.2500001695007086,1,0.033333335071802139,496.12503051757812,496.12503504753113,496.12503504753113,3.8176972694259348e-10,3.698326089818238e-10,0.068120058854015522,-9.1729021072387695,-145.99176025390625,2.9750568866729736,0.0017026906204904296,7.3966517281806544e-07,0.00059995951208965947,-3.3307604817271574,-1528.6234669749742,-6.1794796850957399,-79582.713984565838,-3.329057791106667,78054.090518330529,-6.1788797255836503,4455.439226246287,0,0,3.9584429999999999,4.0157360000000004
195,3.2666668370366096,0,0,496.12503051757812,496.12503504753113,496.12503504753113,4.0181385996262975e-10,1.2026473150683614e-09,0.068120058854015522,0,0,0,-0.0017028070358051511,2.4052944833291893e-06,-0.00059896179646271031,-3.3307604817271574,-1528.6234669749742,-6.1794796850957399,-79909.714015607446,-3.3324632887629626,78381.090551037763,-6.1800786468922029,4455.439226246287,0,0,0,0.028427999999999998
196,3.2833335045725107,1,0.033333335071802139,496.12503051757812,496.12503504753113,496.12503504753113,4.7276882408908705e-10,4.2572971814536231e-09,0.067914063427723992,8.1063194274902344,-219.95207214355469,-1.8646831512451172,0.00023573953438225242,8.5145938432176489e-06,-0.00047164814950358645,-11.616985812548503,-1471.9669420643809,-4.3442673495785105,-80398.946948510114,-11.616750073014121,78926.980014960325,-4.3447389977280144,4267.1455511446256,0,0,4.7027570000000001,4.7632399999999997
197,3.3000001721084118,0,0,496.12503051757812,496.12503504753113,496.12503504753113,4.4133202647955727e-10,-1.8862076345271817e-09,0.067914063427723992,0,0,0,-0.0002450851603067461,-3.7724150388044079e-06,0.0004748673626474454,-11.616985812548503,-1471.9669420643809,-4.3442673495785105,-80725.946979551722,-11.61723089770881,79253.980033714921,-4.3437924822158633,4267.1455511446275,0,0,0,0.028278999999999999
198,3.3166668396443129,1,0.033333335071802139,496.12503051757812,496.12503504753113,496.12503504753113,4.303796763416301e-10,-6.5714056418642031e-10,0.067810717184527386,-8.4407386779785156,-155.10249328613281,5.8250389099121094,0.00068465813369891076,-1.3142810481554866e-06,0.00068022627997450791,-3.2757931562758671,-1480.3015914709399,-10.278956795407902,-81215.179912454376,-3.2751084981421683,79734.878319669151,-10.278276569127927,4281.0524126858609,0,0,5.9471340000000001,6.0051680000000003
199,3.3333335071802139,0,0,496.12503051757812,496.12503504753113,496.12503504753113,4.0314193650026198e-10,-1.6342638353705752e-09,0.067810717184527386,0,0,0,-0.00068464034170989327,-3.2685274712460533e-06,-0.00068069364653585568,-3.2757931562758671,-1480.3015914709399,-10.278956795407902,-81542.179943495983,-3.2764777966175771,80061.878348756509,-10.279637489054439,4281.0524126858618,0,0,0,0.029017000000000001
200,3.350000174716115,1,0.033333335071802139,496.12503051757812,496.12503504753113,496.12503504753113,3.7619710124836558e-10,-1.6166898930691787e-09,0.067833509473573597,-3.3785016536712646,-146.65498352050781,-9.4363746643066406,0.00079538279726217367,-3.2333795887885168e-06,-0.0002437889030621615,0.11425430517319324,-1496.9531377984993,-0.96100165653042513,-82031.412876398652,0.11504968797045541,80534.459735366778,-0.96124544543348733,4344.0161058084832,0,0,4.6883080000000001,4.7489280000000003
201,3.3666668422520161,0,0,496.12503051757812,496.12503504753113,496.12503504753113,3.8331482432596431e-10,4.2706327363362107e-10,0.067833509473573597,0,0,0,-0.00080338987444103158,8.5412649513549486e-07,0.00019443619926424321,0.11425430517319324,-1496.9531377984993,-0.96100165653042513,-82358.412907440244,0.1134509152987522,80861.459770495872,-0.96080722033116084,4344.0161058084968,0,0,0,0.028726000000000002
202,3.3833335097879171,1,0.033333335071802139,496.12503051757812,496.12503504753113,496.12503504753113,3.8792444256863234e-10,2.765769835377796e-10,0.067876782242943634,1.3092750310897827,-144.84349060058594,0.63561046123504639,0.001018714721463046,5.5315393331372038e-07,0.00023745498339364061,-1.2237178394652513,-1515.3780302797404,-1.7216971650270012,-82847.645840342913,-1.2226991247437882,81332.267810616322,-1.7214597100436075,4419.6500074839296,0,0,6.9405770000000002,7.0002890000000004
203,3.4000001773238182,0,0,496.12503051757812,496.12503504753113,496.12503504753113,3.8247971456684127e-10,-3.2668379112976709e-10,0.067876782242943634,0,0,0,-0.0010206394395081975,-6.533675423811417e-07,-0.00023772905392095006,-1.2237178394652513,-1515.3780302797404,-1.7216971650270012,-83174.64587138452,-1.2247384789047595,81659.267840451415,-1.7219348940809223,4419.6500074839305,0,0,0,0.029023
204,3.4166668448597193,1,0.033333335071802139,496.12503051757812,496.12503504753113,496.12503504753113,4.132953979052445e-10,1.8489401121257742e-09,0.067888813258028369,0.71566396951675415,-145.30891418457031,3.3191976547241211,0.0010106193096166699,3.6978799985508512e-06,0.00024447164932442714,-1.988231332154538,-1533.3763797190545,-5.2117785670623364,-83663.87880428716,-1.9872207128449213,82130.502428265987,-5.211534095413012,4504.8649660926039,0,0,4.3635619999999999,4.4220949999999997
205,3.4333335123956203,0,0,496.12503051757812,496.12503504753113,496.12503504753113,4.382705864891534e-10,1.4985119811683489e-09,0.067888813258028369,0,0,0,-0.0010110323338729035,2.9970237794128721e-06,-0.00024465718623226454,-1.988231332154538,-1533.3763797190545,-5.2117785670623364,-83990.878835328767,-1.989242364488411,82457.50245860673,-5.2120232242485685,4504.864966092603,0,0,0,0.028646000000000001
206,3.4500001799315214,1,0.033333335071802139,496.12503051757812,496.12503504753113,496.12503504753113,4.7941334235801492e-10,2.4685662403101105e-09,0.06789392313989652,-0.30259451270103455,-146.3231201171875,3.5456733703613281,0.00043401510845227434,4.9371321792815686e-06,-0.00015228635200422586,-1.7403701179887623,-1550.361255241221,-8.944208235997527,-84480.111768231436,-1.73993610288031,82929.750517927343,-8.9443605223495304,4596.2898378984419,0,0,4.7547750000000004,4.8131110000000001
207,3.4666668474674225,0,0,496.12503051757812,496.12503504753113,496.12503504753113,4.623088023514299e-10,-1.0262721783504958e-09,0.06789392313989652,0,0,0,-0.0004340495555620015,-2.052544231423626e-06,0.00015157399032254132,-1.7403701179887623,-1550.361255241221,-8.944208235997527,-84807.111799273043,-1.7408041675443242,83256.750541979272,-8.9440566620072044,4596.2898378984419,0,0,0,0.028303999999999999
208,3.4833335150033236,1,0.033333335071802139,496.12503051757812,496.12503504753113,496.12503504753113,5.5328025494461031e-10,5.4582858233231946e-09,0.067898266473594981,-1.1124505996704102,-146.962158203125,-8.6422023773193359,0.00099595939278723788,1.0916570980351733e-05,0.00058940698676957642,-0.68161954080546905,-1566.6889133094778,-0.44418749875791097,-85296.344732175698,-0.68062358141268176,83729.655829782787,-0.4435980917711414,4671.7820482154993,0,0,5.9399680000000004,5.9982959999999999
209,3.5000001825392246,0,0,496.12503051757812,496.12503504753113,496.12503504753113,5.8630489352395898e-10,1.981476982493291e-09,0.067898266473594981,0,0,0,-0.00099702668475462608,3.9629537231070675e-06,-0.00058909366586393924,-0.68161954080546905,-1566.6889133094778,-0.44418749875791097,-85623.344763217305,-0.6826165674902237,84056.655853870776,-0.44477659242377493,4671.7820482154993,0,0,0,0.028621000000000001
210,3.5166668500751257,1,0.033333335071802139,496.12503051757812,496.12503504753113,496.12503504753113,5.7988741586356696e-10,-3.8504888166812634e-10,0.067898136012408197,-0.27400124073028564,-147.50013732910156,3.7009799480438232,0.00069593279776812567,-7.7009771633321537e-07,7.2199777746168037e-05,-0.46636204987171875,-1582.461686809911,-4.217486502960889,-86112.577696119974,-0.46566611707395061,84530.116008539961,-4.2174143031831433,4762.2775565333732,0,0,4.7435499999999999,4.8018539999999996
211,3.5333335176110268,0,0,496.12503051757812,496.12503504753113,496.12503504753113,6.107624406226364e-10,1.8525003753211422e-09,0.067898136012408197,0,0,0,-0.00069810489835706035,3.7050005245069847e-06,-6.6485650257366857e-05,-0.46636204987171875,-1582.461686809911,-4.217486502960889,-86439.577727161581,-0.46706015477007579,84857.116044056675,-4.2175529886111462,4762.2775565333741,0,0,0,0.028448000000000001
212,3.5500001851469278,1,0.033333335071802139,496.12503051757812,496.12503504753113,496.12503504753113,5.583602469272364e-10,-3.1441311776347902e-09,0.067885941388655682,-0.43049916625022888,-147.99588012695312,3.998288631439209,0.00043839455254768636,-6.288261971464505e-06,-0.0001481789036514615,-0.10058892964022448,-1597.7271143666487,-8.3199127007707698,-86928.810660064235,-0.1001505350876768,85331.08353940933,-8.320060879674422,4856.1240540997933,0,0,4.2431729999999996,4.3024649999999998
213,3.5666668526828289,0,0,496.12503051757812,496.12503504753113,496.12503504753113,5.9824867282287642e-10,2.3933066639614253e-09,0.067885941388655682,0,0,0,-0.00043826170948591675,4.7866130357711583e-06,0.00014846692923724952,-0.10058892964022448,-1597.7271143666487,-8.3199127007707698,-87255.810691105842,-0.10102719134971039,85658.083581525803,-8.3197642338415321,4856.1240540997933,0,0,0,0.028648
214,3.58333352021873,1,0.033333335071802139,496.12503051757812,496.12503504753113,496.12503504753113,5.7650817453236414e-10,-1.3044285651631071e-09,0.067861454928813333,-0.60213565826416016,-148.69334411621094,-5.5572519302368164,0.00074756787838083788,-2.6088569710942117e-06,0.00034424201830762086,0.43377348663050386,-1612.2796598421542,-2.8708911463515419,-87745.043624008511,0.43452105450888467,86132.763961557503,-2.8705469043332341,4936.2740570925434,0,0,3.9334090000000002,3.9911080000000001
215,3.600000187754631,0,0,496.12503051757812,496.12503504753113,496.12503504753113,5.7693383404000542e-10,2.5538682280057401e-11,0.067861454928813333,0,0,0,-0.00074593863240889069,5.1077361442599875e-08,-0.00034516583749456126,0.43377348663050386,-1612.2796598421542,-2.8708911463515419,-88072.043655050104,0.43302754799809495,86459.763995259025,-2.8712363121890365,4936.2740570925425,0,0,0,0.028287
216,3.6166668552905321,1,0.033333335071802139,496.12503051757812,496.12503504753113,496.12503504753113,5.6555626848364682e-10,-6.826552656491458e-10,0.067839061220486968,-0.28245586156845093,-149.49948120117188,4.4223408699035645,0.00083066198090383722,-1.36531044796635e-06,0.00019220586259624008,0.64271677519835635,-1626.0046576708144,-7.41022757162259,-88561.276587952758,0.64354743717926022,86935.271928916627,-7.4100353657599936,5025.4720807217791,0,0,4.1640509999999997,4.2220459999999997
217,3.6333335228264332,0,0,496.12503051757812,496.12503504753113,496.12503504753113,6.2021299207515312e-10,3.279401639133539e-09,0.067839061220486968,0,0,0,-0.00082976050117914563,6.5588028779494951e-06,-0.00019065994907125662,0.64271677519835635,-1626.0046576708144,-7.41022757162259,-88888.276618994365,0.64188701469717724,87262.271967882349,-7.4104182315716614,5025.4720807217791,0,0,0,0.028819999999999998
218,3.6500001903623343,1,0.033333335071802139,496.12503051757812,496.12503504753113,496.12503504753113,6.2475868922717837e-10,2.7274049685388491e-10,0.067815197162887683,-0.30148324370384216,-149.88383483886719,3.7897796630859375,0.00043780264206321612,5.4548096041425213e-07,-0.00015035688753388919,0.83995073038649304,-1639.3339351054792,-11.374919004050771,-89377.509551897019,0.84038853302855621,87738.175617337023,-11.375069360938305,5117.4374970488616,0,0,3.818327,3.8750710000000002
219,3.6666668578982353,0,0,496.12503051757812,496.12503504753113,496.12503504753113,6.2841243320121976e-10,2.1922375026406371e-10,0.067815197162887683,0,0,0,-0.00043906382692050425,4.3844747376741572e-07,0.00014980087366623859,0.83995073038649304,-1639.3339351054792,-11.374919004050771,-89704.509582938626,0.83951166655957254,88065.175648271601,-11.374769203177104,5117.4374970488616,0,0,0,0.028399000000000001
220,3.6833335254341364,1,0.033333335071802139,496.12503051757812,496.12503504753113,496.12503504753113,7.3417139034859247e-10,6.3455360965747332e-09,0.067777836201142305,-0.64608305692672729,-150.29476928710938,-7.8407096862792969,0.00071496590591727666,1.2691071418547892e-05,0.00042810697438674244,1.3623807476862866,-1652.2566478161311,-3.7056840412342082,-90193.742515841295,1.3630957135922039,88541.485880716238,-3.7052559342598217,5192.8457986624408,0,0,3.8048380000000002,3.8617620000000001
221,3.7000001929700375,0,0,496.12503051757812,496.12503504753113,496.12503504753113,7.5667699883652517e-10,1.3503378415435918e-09,0.067777836201142305,0,0,0,-0.00071446863971943303,2.7006755182510213e-06,-0.00042802102714267071,1.3623807476862866,-1652.2566478161311,-3.7056840412342082,-90520.742546882902,1.3616662790465672,88868.485901767446,-3.7061120622613508,5192.8457986624408,0,0,0,0.028740999999999999
222,3.7166668605059385,1,0.033333335071802139,496.12503051757812,496.12503504753113,496.12503504753113,7.543735081050329e-10,-1.3820855571111679e-10,0.067735236619605496,-0.061816096305847168,-150.91523742675781,3.084538459777832,0.001700449398308379,-2.7641709455107199e-07,0.00054726157329595959,1.3015687595723924,-1664.5601820684626,-6.9105650062914847,-91009.975479785557,1.3032692089707008,89345.415297440675,-6.9100177447181892,5276.4509683402575,0,0,4.2077179999999998,4.2649549999999996
223,3.7333335280418396,0,0,496.12503051757812,496.12503504753113,496.12503504753113,7.7315853719284178e-10,1.1271024114023476e-09,0.067735236619605496,0,0,0,-0.001700886865233231,2.2542046852189516e-06,-0.00054751782341254385,1.3015687595723924,-1664.5601820684626,-6.9105650062914847,-91336.975510827164,1.2998678727071591,89672.415331012904,-6.9111125241148974,5276.4509683402584,0,0,0,0.026044999999999999
224,3.7500001955777407,1,0.033333335071802139,496.12503051757812,496.12503504753113,496.12503504753113,7.9428968957628854e-10,1.2678693650514106e-09,0.067712333940324346,-0.76868230104446411,-151.74473571777344,3.5999772548675537,0.00043794560325292539,2.5357385753336115e-06,-0.00014034656313151664,1.9390277993340814,-1675.9915252767287,-10.662970819901027,-91826.208443729833,1.9394657449373343,90150.216920988838,-10.663111166464159,5364.2466427254149,0,0,3.8110970000000002,3.8685450000000001
225,3.7666668631136417,0,0,496.12503051757812,496.12503504753113,496.12503504753113,7.9651135687086594e-10,1.333013699422736e-10,0.067712333940324346,0,0,0,-0.00043867757591291995,2.6660272361240731e-07,0.00013989198633863192,1.9390277993340814,-1675.9915252767287,-10.662970819901027,-92153.208474771425,1.9385891217581686,90477.216949761292,-10.662830927914689,5364.2466427254149,0,0,0,0.028417000000000001
226,3.7833335306495428,1,0.033333335071802139,496.12503051757812,496.12503504753113,496.12503504753113,8.3947332418787823e-10,2.5777193712883673e-09,0.067707455026454672,-1.2737993001937866,-150.82792663574219,-8.4790353775024414,0.00092850888239701806,5.1554384279137253e-06,0.00050499110430848176,3.1151660890446529,-1688.1280345041334,-2.3158061438316215,-92642.441407674094,3.11609459792705,90954.313378325402,-2.3153011527273129,5441.8626082130704,0,0,4.2864969999999998,4.3444120000000002
227,3.8000001981854439,0,0,496.12503051757812,496.12503504753113,496.12503504753113,7.8001388681414596e-10,-3.5675657983347264e-09,0.067707455026454672,0,0,0,-0.00092975477637556592,-7.135131161175581e-06,-0.00050400691741439574,3.1151660890446529,-1688.1280345041334,-2.3158061438316215,-92969.441438715701,3.1142363342682775,91281.313397076432,-2.316310150749036,5441.8626082130713,0,0,0,0.028549999999999999
228,3.8166668657213449,1,0.033333335071802139,496.12503051757812,496.12503504753113,496.12503504753113,8.5709006558687406e-10,4.6245722806759204e-09,0.06759140665839318,4.1553955078125,-151.57305908203125,0.9970393180847168,0.00040462353840318641,9.2491439968288573e-06,-0.00016412618173096936,-1.1119248944685307,-1699.5219073336339,-3.3838024353032621,-93458.674371618341,-1.1115202709301275,91759.152473533846,-3.3839665614849932,5521.3027413465361,0,0,3.7891710000000001,3.8458709999999998
229,3.833333533257246,0,0,496.12503051757812,496.12503504753113,496.12503504753113,8.4445223036411221e-10,-7.5826989132110612e-10,0.06759140665839318,0,0,0,-0.00040462990486571024,-1.5165396900799696e-06,0.00016300039788914346,-1.1119248944685307,-1699.5219073336339,-3.3838024353032621,-93785.674402659948,-1.1123295243733964,92086.152493809772,-3.3836394349053731,5521.3027413465352,0,0,0,0.028615000000000002
230,3.8500002007931471,1,0.033333335071802139,496.12503051757812,496.12503504753113,496.12503504753113,8.343861712667433e-10,-6.0396398993134426e-10,0.067536229913940177,0.14915312826633453,-151.32633972167969,-4.5086231231689453,0.0010311450121671673,-1.2079279061366155e-06,-8.151243448973472e-05,-1.3174611297383529,-1711.4111020563332,1.0557615060892338,-94274.907335562617,-1.3164299847261858,92563.496232298363,1.0556799936547441,5595.3308541460483,0,0,4.2358900000000004,4.2934950000000001
231,3.8666668683290482,0,0,496.12503051757812,496.12503504753113,496.12503504753113,8.0098122579030928e-10,-2.0042958404076217e-09,0.067536229913940177,0,0,0,-0.001036652684371267,-4.0085914361502237e-06,8.1692059682371421e-05,-1.3174611297383529,-1711.4111020563332,1.0557615060892338,-94601.907366604224,-1.3184977824227242,92890.496260539294,1.0558431981489163,5595.330854146051,0,0,0,0.025721999999999998
232,3.8833335358649492,1,0.033333335071802139,496.12503051757812,496.12503504753113,496.12503504753113,7.9978906830646679e-10,-7.1528560852129885e-11,0.067512054528508864,-1.2980327606201172,-153.49885559082031,4.3318982124328613,0.00036554818095144159,-1.43057112972746e-07,0.00010210879340556353,-0.065825099195337966,-1721.1220582482974,-3.3012760553480587,-95091.140299506878,-0.065459551014386524,93370.018241115526,-3.3011739465546532,5671.1553936335795,0,0,3.7909030000000001,3.8473630000000001
233,3.9000002034008503,0,0,496.12503051757812,496.12503504753113,496.12503504753113,8.1934981022158127e-10,1.1736429605946341e-09,0.067512054528508864,0,0,0,-0.00035513327354002103,2.3472857779223053e-06,-0.00010925906978422745,-0.065825099195337966,-1721.1220582482974,-3.3012760553480587,-95418.140330548486,-0.066180232468877984,93697.018274647475,-3.3013853144178431,5671.1553936335777,0,0,0,0.028256
234,3.9166668709367514,1,0.033333335071802139,496.12503051757812,496.12503504753113,496.12503504753113,7.8960538107963885e-10,-1.7846666366949648e-09,0.067527469653053299,-1.0974421501159668,-153.86640930175781,-4.5650062561035156,0.0012689500088910802,-3.5693330555351156e-06,0.00012723466303343756,0.98581817772697888,-1730.4582358001062,1.2908675627210331,-95907.373263451154,0.98708712773586993,94176.915024081711,1.2909947973840665,5740.1423099604472,0,0,3.7982420000000001,3.8552240000000002
235,3.9333335384726524,0,0,496.12503051757812,496.12503504753113,496.12503504753113,7.6663164705337294e-10,-1.3784235974867443e-09,0.067527469653053299,0,0,0,-0.0012688242712562345,-2.7568470267088892e-06,-0.00012684517195117595,0.98581817772697888,-1730.4582358001062,1.2908675627210331,-96234.373294492761,0.9845493534557227,94503.91505593581,1.2907407175490819,5740.1423099604472,0,0,0,0.028336
236,3.9500002060085535,1,0.033333335071802139,496.12503051757812,496.12503504753113,496.12503504753113,7.5535888655053895e-10,-6.7636651834845907e-10,0.067541977073870552,-0.20532076060771942,-153.63896179199219,3.9770212173461914,0.00098581784536043437,-1.3527329541326459e-06,0.00045764099403480113,1.1433379519163984,-1740.0716683552821,-2.6673055174394285,-96723.606227395416,1.1443237697617588,94983.534557687395,-2.6668478764453938,5811.3842753003782,0,0,4.2128329999999998,4.2674029999999998
237,3.9666668735444546,0,0,496.12503051757812,496.12503504753113,496.12503504753113,7.6337497434408874e-10,4.8096571170219704e-10,0.067541977073870552,0,0,0,-0.00099299228019063962,9.6193136469275935e-07,-0.00045816258921443226,1.1433379519163984,-1740.0716683552821,-2.6673055174394285,-97050.606258437023,1.1423449596362079,95310.534591043674,-2.6677636800286431,5811.3842753003819,0,0,0,0.026107000000000002
238,3.9833335410803556,1,0.033333335071802139,496.12503051757812,496.12503504753113,496.12503504753113,8.628288084011615e-10,5.9672311536473899e-09,0.067521937394223255,-0.9464561939239502,-153.55461120605469,-4.829409122467041,0.0010270841185716084,1.1934461578873008e-05,0.0002227246659942464,2.0272081040947256,-1749.8524022427496,2.2097668266066219,-97539.839191339692,2.0282351882132974,95789.986801031409,2.2099895512726162,5876.8792089509225,0,0,3.8381530000000001,3.895006
239,4.0000002086162567,0,0,496.12503051757812,496.12503504753113,496.12503504753113,8.8872531556205558e-10,1.5537919839658798e-09,0.067521937394223255,0,0,0,-0.0010145354798766423,3.1075837782598866e-06,-0.00021489198441380919,2.0272081040947256,-1749.8524022427496,2.2097668266066219,-97866.839222381284,2.0261935686148491,96116.986823246116,2.2095519346222083,5876.8792089509125,0,0,0,0.028198000000000001
240,4.0166668761521578,1,0.033333335071802139,496.12503051757812,496.12503504753113,496.12503504753113,8.4096318797577396e-10,-2.8657263229092678e-09,0.067445126140401435,0.37525704503059387,-153.47564697265625,4.1652517318725586,0.00044495917121757309,-5.7314522959984278e-06,-0.00013465093817442535,1.6015886874220633,-1759.7981563913072,-1.9234658387558703,-98356.072155283939,1.602033646593281,96596.273993161172,-1.9236004896940446,5946.056142210803,0,0,4.2380199999999997,4.2963110000000002
241,4.0333335436880589,0,0,496.12503051757812,496.12503504753113,496.12503504753113,8.8273299780894376e-10,2.5061870356779536e-09,0.067445126140401435,0,0,0,-0.0004452130339107109,5.0123737654248727e-06,0.00013486239567968121,1.6015886874220633,-1759.7981563913072,-1.9234658387558703,-98683.072186325546,1.6011434743881525,96923.274034946618,-1.9233309763601907,5946.056142210803,0,0,0,0.028739000000000001
242,4.0500002112239599,1,0.033333335071802139,496.12503051757812,496.12503504753113,496.12503504753113,8.6803558785319979e-10,-8.8184437530003379e-10,0.067384190147831285,1.2759119272232056,-156.06248474121094,-2.6163444519042969,0.0015611791652472978,-1.7636886429530491e-06,-0.00047876014184198429,0.28539502235007075,-1767.233428622055,0.74087320842710991,-99172.3051192282,0.28695620151531803,97405.07168884245,0.7403944482852679,6006.9334159693244,0,0,3.8182399999999999,3.8756370000000002
243,4.066666878759861,0,0,496.12503051757812,496.12503504753113,496.12503504753113,8.3849682752656918e-10,-1.7723269518654661e-09,0.067384190147831285,0,0,0,-0.0015611167511771981,-3.5446536873824273e-06,0.00047855107176017486,0.28539502235007075,-1767.233428622055,0.74087320842710991,-99499.305150269807,0.28383390559889354,97732.071718103092,0.74135175949887011,6006.9334159693244,0,0,0,0.028154999999999999
244,4.0833335462957621,1,0.033333335071802139,496.12503051757812,496.12503504753113,496.12503504753113,8.4525464405516004e-10,4.0547032398308147e-10,0.067390915538583437,0.96201413869857788,-154.56254577636719,4.2357091903686523,0.0017335529570693536,8.1094059847027378e-07,0.00061177953188613909,-0.70365002575464142,-1776.277466455871,-3.4222931174384472,-99988.538083172476,-0.70191647279757208,98212.260617527543,-3.4216813379065609,6071.2235803282729,0,0,4.2842580000000003,4.338533
245,4.1000002138316631,0,0,496.12503051757812,496.12503504753113,496.12503504753113,8.5741935773597788e-10,7.2988415311669996e-10,0.067390915538583437,0,0,0,-0.0017343242085293836,1.4597682171362133e-06,-0.00061223882668250129,-0.70365002575464142,-1776.277466455871,-3.4222931174384472,-100315.53811421408,-0.70538434996317079,98539.260649217977,-3.4229053562651299,6071.2235803282738,0,0,0,0.025732999999999999
246,4.1166668813675642,1,0.033333335071802139,496.12503051757812,496.12503504753113,496.12503504753113,8.5244766800940397e-10,-2.9830182768364466e-10,0.067387476816874736,-0.20524267852306366,-155.71952819824219,2.6543667316436768,0.00098072035524179868,-5.96603618953492e-07,0.00014992726500036128,-0.53249657883155255,-1784.2126885348266,-6.0353122336787406,-100804.77104711674,-0.53151585847631078,99020.558357985312,-6.0351623064137403,6137.3138242534524,0,0,3.759334,3.8171629999999999
247,4.1333335489034653,0,0,496.12503051757812,496.12503504753113,496.12503504753113,8.500692372237495e-10,-1.4270740145150285e-10,0.067387476816874736,0,0,0,-0.00097987975481499123,-2.854147854826686e-07,-0.00015004285608555962,-0.53249657883155255,-1784.2126885348266,-6.0353122336787406,-101131.77107815834,-0.5334764585863675,99347.558389338097,-6.035462276534826,6137.3138242534524,0,0,0,0.028177000000000001
248,4.1500002164393663,1,0.033333335071802139,496.12503051757812,496.12503504753113,496.12503504753113,8.6423967982085514e-10,8.5022744400475858e-10,0.067403926381042978,-0.11522015929222107,-156.3597412109375,2.5422041416168213,0.00038378241174068239,1.7004547842219874e-06,-0.00019424298849532798,-0.45114926143721396,-1791.5084606228395,-8.5685599126060676,-101621.00401106101,-0.45076547902547326,99829.495552138629,-8.5687541555945632,6204.4481312189555,0,0,3.826498,3.8825210000000001
249,4.1666668839752674,0,0,496.12503051757812,496.12503504753113,496.12503504753113,8.4691353929855495e-10,-1.0395699856502461e-09,0.067403926381042978,0,0,0,-0.00038228373509388916,-2.0791398443998591e-06,0.00019466718248268601,-0.45114926143721396,-1791.5084606228395,-8.5685599126060676,-101948.00404210262,-0.45153154517230787,100156.49557940064,-8.5683652454235855,6204.4481312189555,0,0,0,0.028278999999999999
250,4.1833335515111685,1,0.033333335071802139,496.12503051757812,496.12503504753113,496.12503504753113,8.4082801832252585e-10,-3.6513148060635103e-10,0.067424728807543369,-0.11094947904348373,-156.47415161132812,-9.0340852737426758,0.00026071715638278578,-7.3026291664098813e-07,0.00042556425472945608,-0.37874160415752289,-1798.6956395987752,0.48855144405198181,-102437.23697500526,-0.37848088700114013,100638.54133467622,0.48897700830671126,6241.1627367964693,0,0,4.314368,4.3717360000000003
251,4.2000002190470695,0,0,496.12503051757812,496.12503504753113,496.12503504753113,7.9190165536147106e-10,-2.9355808894848678e-09,0.067424728807543369,0,0,0,-0.00026118185130361016,-5.8711614206224591e-06,-0.00042597239045196605,-0.37874160415752289,-1798.6956395987752,0.48855144405198181,-102764.23700604687,-0.37900278600882653,100965.54136057693,0.48812547166152986,6241.1627367964702,0,0,0,0.027476
252,4.2166668865829706,1,0.033333335071802139,496.12503051757812,496.12503504753113,496.12503504753113,8.3338375089780925e-10,2.4889259542248965e-09,0.067437797480699974,-0.24744689464569092,-156.67243957519531,-0.64864206314086914,0.0013175577228868793,4.977851604625824e-06,0.0003730143361894353,-0.18085144074134563,-1805.6974080712373,1.240852694685483,-103253.46993894955,-0.17953388301845874,101447.77253585616,1.2412257090216725,6294.3405060166378,0,0,3.814683,3.8707340000000001
253,4.2333335541188717,0,0,496.12503051757812,496.12503504753113,496.12503504753113,8.2568252235404316e-10,-4.620726024029409e-10,0.067437797480699974,0,0,0,-0.0013166042314371046,-9.2414514840053483e-07,-0.00037414051793516895,-0.18085144074134563,-1805.6974080712373,1.240852694685483,-103580.46996999114,-0.18216804497278272,101774.77256099576,1.2404785541675478,6294.3405060166378,0,0,0,0.028236000000000001
254,4.2500002216547728,1,0.033333335071802139,496.12503051757812,496.12503504753113,496.12503504753113,8.1577072874594592e-10,-5.9470739444122955e-10,0.067440161950328675,0.1439780592918396,-156.95962524414062,2.3390817642211914,0.0017102212361614771,-1.1894147162863416e-06,0.00054892253789369516,-0.38726379699043406,-1812.4278282176215,-1.0059880845889433,-104069.7029028938,-0.38555357575427257,102257.27507348676,-1.0054391620510497,6345.6506435831498,0,0,4.2816140000000003,4.3398120000000002
255,4.2666668891906738,0,0,496.12503051757812,496.12503504753113,496.12503504753113,7.9846579348341606e-10,-1.0382963377963961e-09,0.067440161950328675,0,0,0,-0.0017098718765304818,-2.0765925488476337e-06,-0.0005502297090740349,-0.38726379699043406,-1812.4278282176215,-1.0059880845889433,-104396.7029339354,-0.38897366886696455,102584.27510364119,-1.0065383142980173,6345.6506435831498,0,0,0,0.028666000000000001
256,4.2833335567265749,1,0.033333335071802139,496.12503051757812,496.12503504753113,496.12503504753113,8.3328649536085209e-10,2.0892425567353712e-09,0.067429046647078328,-0.27744299173355103,-157.19804382324219,3.2173745632171631,0.00098466369665432818,4.1784848584362506e-06,0.00016343129939951767,-0.17672311873911656,-1818.9439464378008,-4.1633525984190181,-104885.93586683806,-0.17573845504246222,103066.99192457875,-4.1631891671196186,6399.3306156003564,0,0,3.8123,3.8691800000000001
257,4.300000224262476,0,0,496.12503051757812,496.12503504753113,496.12503504753113,7.9550716014509248e-10,-2.2667610011239958e-09,0.067429046647078328,0,0,0,-0.00098234766853762256,-4.5335217255437679e-06,-0.00016395371880867197,-0.17672311873911656,-1818.9439464378008,-4.1633525984190181,-105212.93589787967,-0.17770546640765417,103393.99194690834,-4.1635165521378266,6399.3306156003564,0,0,0,0.028367
258,4.316666891798377,1,0.033333335071802139,496.12503051757812,496.12503504753113,496.12503504753113,7.0445477229341691e-10,-5.4631441592789542e-09,0.067409244828483691,-0.39847648143768311,-157.52430725097656,2.8291871547698975,0.00099351444380442466,-1.0926287651670194e-05,0.00015199329577617569,0.15814932179983909,-1825.1609698562697,-6.9727716302651395,-105702.16883078234,0.1591428362436435,103877.00784999978,-6.9726196369693634,6455.6221744409613,0,0,4.3056159999999997,4.3605919999999996
259,4.3333335593342781,0,0,496.12503051757812,496.12503504753113,496.12503504753113,7.0910616267738646e-10,2.7908497735040783e-10,0.067409244828483691,0,0,0,-0.00099291861112429242,5.5816992063282525e-07,-0.00015242712472244256,0.15814932179983909,-1825.1609698562697,-6.9727716302651395,-106029.16886182394,0.15715640318871479,104204.00789252584,-6.9729240573898617,6455.6221744409604,0,0,0,0.025583999999999999
260,4.3500002268701792,1,0.033333335071802139,496.12503051757812,496.12503504753113,496.12503504753113,6.909937066978955e-10,-1.0867475808140625e-09,0.06739166500617047,-0.51744759082794189,-157.8575439453125,2.5220420360565186,0.0016516389806932943,-2.1734950289685083e-06,0.00062004752034164334,0.6159995271337626,-1831.0564255308232,-9.5226973454680035,-106518.4017947266,0.61765116611445592,104687.34536702228,-9.5220772979476624,6513.9548707141621,0,0,3.849434,3.905999
261,4.3666668944060802,0,0,496.12503051757812,496.12503504753113,496.12503504753113,6.7763938904619181e-10,-8.0126016932524635e-10,0.06739166500617047,0,0,0,-0.0016513753409327092,-1.6025202408404134e-06,-0.00062001523328170105,0.6159995271337626,-1831.0564255308232,-9.5226973454680035,-106845.4018257682,0.61434815179282987,105014.34539863486,-9.5233173607012844,6513.9548707141612,0,0,0,0.028362999999999999
262,4.3833335619419813,1,0.033333335071802139,496.12503051757812,496.12503504753113,496.12503504753113,6.5403715776568561e-10,-1.4161334327411623e-09,0.067379242810262294,-0.51433897018432617,-158.11328125,2.4794762134552002,0.0016769529451826984,-2.832266692614474e-06,0.00059896497969397222,1.0727472873665895,-1836.6936220329746,-12.074387725077337,-107334.63475867087,1.0744242403117723,105497.94113380564,-12.073788760097642,6573.3327938928669,0,0,3.8763359999999998,3.9329839999999998
263,4.4000002294778824,0,0,496.12503051757812,496.12503504753113,496.12503504753113,6.7434063888427431e-10,1.2182086450707175e-09,0.067379242810262294,0,0,0,-0.0016776539381813046,2.4364171414343249e-06,-0.00059827740174139832,1.0727472873665895,-1836.6936220329746,-12.074387725077337,-107661.63478971248,1.0710696334284082,105824.94117011593,-12.074986002479077,6573.3327938928669,0,0,0,0.028400999999999999
264,4.4166668970137835,1,0.033333335071802139,496.12503051757812,496.12503504753113,496.12503504753113,6.749962810914667e-10,3.9338310386938247e-11,0.067366158982523433,-0.38088741898536682,-158.30186462402344,2.3702270984649658,0.0017170344879302857,7.8676615971836651e-08,0.00056601990037510874,1.3994708599421797,-1842.139802203938,-14.550451925012513,-108150.86772261512,1.4011878944301099,106308.72792048985,-14.549885905112138,6633.089112442266,0,0,4.2876969999999996,4.3423109999999996
265,4.4333335645496845,0,0,496.12503051757812,496.12503504753113,496.12503504753113,6.8116379203786437e-10,3.7005154496227988e-10,0.067366158982523433,0,0,0,-0.0017169987902654199,7.4010304475225202e-07,-0.00056602285623270909,1.3994708599421797,-1842.139802203938,-14.550451925012513,-108477.86775365673,1.3977538611519142,106635.72795219289,-14.551017947868747,6633.0891124422651,0,0,0,0.026506999999999999
266,4.4500002320855856,1,0.033333335071802139,496.12503051757812,496.12503504753113,496.12503504753113,7.1449396399358989e-10,1.999810539388136e-09,0.067347800650564185,-0.24382661283016205,-158.57496643066406,2.0769660472869873,0.0017756011683026512,3.9996208346587746e-06,0.00052000902096804857,1.5974885397650609,-1847.3185009688782,-16.757436050272599,-108967.10068655938,1.5992641409333634,107119.78218959013,-16.756916041251632,6693.136243075578,0,0,3.8294649999999999,3.8853040000000001
267,4.4666668996214867,0,0,496.12503051757812,496.12503504753113,496.12503504753113,7.1486505603957085e-10,2.226707707109199e-11,0.067347800650564185,0,0,0,-0.0017760309045230099,4.4534151424034923e-08,-0.00052084962139485602,1.5974885397650609,-1847.3185009688782,-16.757436050272599,-109294.10071760099,1.5957125088605379,107446.78221667664,-16.757956899893994,6693.1362430755789,0,0,0,0.028240999999999999
268,4.4833335671573877,1,0.033333335071802139,496.12503051757812,496.12503504753113,496.12503504753113,7.2388023353298081e-10,5.4090909529236342e-10,0.067327638163047571,-0.24581131339073181,-158.97647094726562,1.7011139392852783,0.0018275560499703553,1.0818181245557845e-06,0.00049343677063554137,1.8122953568355409,-1852.1041701446713,-18.611105006538441,-109783.33365050366,1.8141229128855112,107931.22948144081,-18.610611569767805,6753.5199898140463,0,0,4.2667679999999999,4.3308609999999996
269,4.5000002346932888,0,0,496.12503051757812,496.12503504753113,496.12503504753113,7.2338157686147042e-10,-2.9920066424438119e-11,0.067327638163047571,0,0,0,-0.0018268875714053529,-5.9840129196524379e-08,-0.00049279876014118873,1.8122953568355409,-1852.1041701446713,-18.611105006538441,-110110.33368154526,1.8104684692641355,108258.22951134075,-18.611597805298583,6753.5199898140463,0,0,0,0.028679
270,4.5166669022291899,1,0.033333335071802139,496.12503051757812,496.12503504753113,496.12503504753113,7.5129619192537689e-10,1.6748762377005733e-09,0.067314020427716836,-0.34856453537940979,-159.42788696289062,1.4241354465484619,0.0018204074220507377,3.3497522709484808e-06,0.00050463446872031636,2.1501225671644875,-1856.4417576849555,-20.214166960975181,-110599.56661444792,2.1519429745865382,108743.12486011272,-20.213662326506462,6813.946108129735,0,0,3.81053,3.867769
271,4.5333335697650909,0,0,496.12503051757812,496.12503504753113,496.12503504753113,7.2433181674824709e-10,-1.617861622449368e-09,0.067314020427716836,0,0,0,-0.0018214294666594744,-3.2357230474058622e-06,-0.00050480499896649045,2.1501225671644875,-1856.4417576849555,-20.214166960975181,-110926.56664548953,2.1483011376978278,109070.12488456885,-20.214671765974149,6813.9461081297359,0,0,0,0.028386000000000002
272,4.550000237300992,1,0.033333335071802139,496.12503051757812,496.12503504753113,496.12503504753113,7.5822881306919498e-10,2.033818446989244e-09,0.067309689562336933,-0.49067676067352295,-159.72564697265625,1.3908548355102539,0.0012248848795928663,4.0676366457096345e-06,4.6447891584588952e-05,2.6522953371603339,-1860.4794742697172,-21.812713857846067,-111415.79957839219,2.6535202220399268,109555.32010819012,-21.812667409954482,6873.6306133288172,0,0,3.9297249999999999,3.9857710000000002
273,4.5666669048368931,0,0,496.12503051757812,496.12503504753113,496.12503504753113,7.5157585710527997e-10,-3.9917802396871593e-10,0.067309689562336933,0,0,0,-0.0012250259649498677,-7.9835599920964574e-07,-4.6605916279376935e-05,2.6522953371603339,-1860.4794742697172,-21.812713857846067,-111742.7996094338,2.6510703111953839,109882.32013436573,-21.812760463762345,6873.6306133288172,0,0,0,0.024811
274,4.5833335723727942,1,0.033333335071802139,496.12503051757812,496.12503504753113,496.12503504753113,7.4682843242968033e-10,-2.8484636871439761e-10,0.067310359607748435,-0.64632242918014526,-159.90054321289062,1.5723402500152588,0.0011649113246895645,-5.6969270265750998e-07,-0.00014474050229785346,3.3267409047599181,-1864.3415473916089,-23.621237741349574,-112232.03254233644,3.3279058160846078,110367.69099437514,-23.621382481851871,6931.7642128629159,0,0,4.242534,4.3001009999999997
275,4.6000002399086952,0,0,496.12503051757812,496.12503504753113,496.12503504753113,7.5990880255005777e-10,7.8482220722264628e-10,0.067310359607748435,0,0,0,-0.0011623604195804618,1.5696443186418005e-06,0.00016012721903647942,3.3267409047599181,-1864.3415473916089,-23.621237741349574,-112559.03257337805,3.3255785443403378,110694.69102755608,-23.621077614130538,6931.7642128629159,0,0,0,0.028458000000000001
276,4.6166669074445963,1,0.033333335071802139,496.12503051757812,496.12503504753113,496.12503504753113,8.1245299377030733e-10,3.1526519173041834e-09,0.067311020327263132,-0.73038172721862793,-160.02337646484375,1.7261087894439697,0.00059019449544640834,6.305303449763162e-06,0.00039170632700282274,4.0915835237216518,-1868.079851496319,-25.608726768484757,-113048.26550628073,4.0921737182170981,111180.18566108972,-25.608335062157753,6987.9979216099373,0,0,3.8404910000000001,3.8974829999999998
277,4.6333335749804974,0,0,496.12503051757812,496.12503504753113,496.12503504753113,8.0369372268407346e-10,-5.2555715335245168e-10,0.067311020327263132,0,0,0,-0.00059186984142823792,-1.0511142425499774e-06,-0.00040087539727911084,4.0915835237216518,-1868.079851496319,-25.608726768484757,-113375.26553732232,4.0909916538802236,111507.18568477489,-25.609127643882037,6987.9979216099409,0,0,0,0.025111999999999999
278,4.6500002425163984,1,0.033333335071802139,496.12503051757812,496.12503504753113,496.12503504753113,9.511585963295488e-10,8.8478895321486561e-09,0.067312474153479754,-1.0357017517089844,-160.30142211914062,-23.245454788208008,0.0011959727269091891,1.7695777984232672e-05,4.3846736896280269e-05,5.1644213476324055,-1871.5367708734886,-2.4344892888515099,-113864.49847022498,5.1656173203593143,111992.96171704726,-2.4344454421146136,6833.5522715087018,0,0,4.2220829999999996,4.2790140000000001
279,4.6666669100522995,0,0,496.12503051757812,496.12503504753113,496.12503504753113,8.3038509401944793e-10,-7.2464092504276323e-09,0.067312474153479754,0,0,0,-0.0011958928050671488,-1.4492817616283823e-05,-4.2883241005396699e-05,5.1644213476324055,-1871.5367708734886,-2.4344892888515099,-114191.49850126659,5.1632254548273382,112319.96171590028,-2.4345321720925153,6833.5522715087018,0,0,0,0.025742000000000001
280,4.6833335775882006,1,0.033333335071802139,496.12503051757812,496.12503504753113,496.12503504753113,8.7103990686898669e-10,2.4392883268831156e-09,0.067344648244024086,-1.1555411815643311,-160.73564147949219,-1.7624588012695312,0.0015127119681743462,4.8785763560015428e-06,0.00012127895102922309,6.3562298644018904,-1874.5429764123826,-0.65177801094713828,-114680.73143416924,6.3577425763700646,112806.18846263543,-0.65165673199610907,6865.3756933172326,0,0,3.7945009999999999,3.8528899999999999
281,4.7000002451241016,0,0,496.12503051757812,496.12503504753113,496.12503504753113,8.4663492883052527e-10,-1.46429979253071e-09,0.067344648244024086,0,0,0,-0.001512877382513135,-2.9285994063138867e-06,-0.00012043448525016903,6.3562298644018904,-1874.5429764123826,-0.65177801094713828,-115007.73146521085,6.3547169870193772,113133.18848586986,-0.6518984454323884,6865.3756933172326,0,0,0,0.02869
282,4.7166669126600027,1,0.033333335071802139,496.12503051757812,496.12503504753113,496.12503504753113,8.6313667324589005e-10,9.901039987880722e-10,0.067376213971854823,-0.36182636022567749,-159.81655883789062,1.6089808940887451,0.0015905242373825956,1.9802078767138399e-06,0.00021847800811718859,6.7582758711439785,-1878.4895778360333,-2.2304663257286195,-115496.96439811352,6.7598663953813611,113618.47482225769,-2.2302478477205021,6893.932571584759,0,0,4.2863150000000001,4.3545610000000003
283,4.7333335801959038,0,0,496.12503051757812,496.12503504753113,496.12503504753113,8.592920819339156e-10,-2.3067614485228205e-10,0.067376213971854823,0,0,0,-0.0015989673035575053,-4.6135226154585501e-07,-0.0002204986778475207,6.7582758711439785,-1878.4895778360333,-2.2304663257286195,-115823.96442915512,6.7566769038404209,113945.47485085773,-2.230686824406467,6893.9325715847663,0,0,0,0.028791000000000001
284,4.7500002477318048,1,0.033333335071802139,496.12503051757812,496.12503504753113,496.12503504753113,9.0980406541874004e-10,3.0307178988664418e-09,0.067348134558217018,0.037208773195743561,-159.28263854980469,4.5685019493103027,0.0010143382332252343,6.0614354277722026e-06,0.00014972635194866052,6.761778444772796,-1883.0299319935004,-6.7686449999202152,-116313.19736205778,6.762792783006021,114430.16743612572,-6.7684952735682664,6920.4747900125167,0,0,3.8097430000000001,3.8674140000000001
285,4.7666669152677059,0,0,496.12503051757812,496.12503504753113,496.12503504753113,8.9377272249890893e-10,-9.6188146336828595e-10,0.067348134558217018,0,0,0,-0.0010140099056579338,-1.9237628093194011e-06,-0.00014893480738933582,6.761778444772796,-1883.0299319935004,-6.7686449999202152,-116640.19739309938,6.7607644348671379,114757.16745918212,-6.7687939347276043,6920.4747900125167,0,0,0,0.028504999999999999
286,4.783333582803607,1,0.033333335071802139,496.12503051757812,496.12503504753113,496.12503504753113,9.070797446497636e-10,7.9842221722969953e-10,0.067278768943280554,-0.97161674499511719,-159.93919372558594,2.9591851234436035,0.00042844564745564417,1.5968443369957495e-06,-0.00013974888304038417,7.7801973869115981,-1886.9291030170216,-9.7518825565267022,-117129.43032600205,7.7806258325590534,115242.50122458188,-9.7520223054097421,6950.0368317319253,0,0,4.2808909999999996,4.3349450000000003
287,4.8000002503395081,0,0,496.12503051757812,496.12503504753113,496.12503504753113,9.2592361555787761e-10,1.1306331426652605e-09,0.067278768943280554,0,0,0,-0.00042928215515654344,2.2612661473137799e-06,0.00014006561455094484,7.7801973869115981,-1886.9291030170216,-9.7518825565267022,-117456.43035704366,7.7797681047564415,115569.5012562879,-9.751742490912152,6950.0368317319262,0,0,0,0.026120999999999998
288,4.8166669178754091,1,0.033333335071802139,496.12503051757812,496.12503504753113,496.12503504753113,9.1450153005823154e-10,-6.8532601815718408e-10,0.067187798925402983,-0.76101702451705933,-160.37612915039062,-7.3086280822753906,0.00081578577487884107,-1.370651952656407e-06,0.00050007085195903633,8.6268873723803221,-1890.3902441485234,-2.5089645464222703,-117945.6632899463,8.6277031581552013,116055.27304442713,-2.5084644755703112,6965.8752981142097,0,0,3.8102870000000002,3.8665980000000002
289,4.8333335854113102,0,0,496.12503051757812,496.12503504753113,496.12503504753113,9.1011392866491292e-10,-2.6325586155451219e-10,0.067187798925402983,0,0,0,-0.00081567970506572079,-5.265116909732991e-07,-0.0005015318414214251,8.6268873723803221,-1890.3902441485234,-2.5089645464222703,-118272.66332098791,8.6260716926752572,116382.27307631288,-2.5094660782636917,6965.8752981142097,0,0,0,0.028347000000000001
290,4.8500002529472113,1,0.033333335071802139,496.12503051757812,496.12503504753113,496.12503504753113,9.7936625476080508e-10,4.1551388996197147e-09,0.067067588647814785,1.2901015281677246,-162.68263244628906,3.9644999504089355,0.00042803148633110272,8.3102772920203255e-06,-0.0001571525462656341,7.4724328958772972,-1891.539524781183,-6.5568181683366582,-118761.89625389058,7.4728609273636284,116870.35673741967,-6.5569753208829242,6989.6696065546048,0,0,3.7535229999999999,3.8107510000000002
291,4.8666669204831123,0,0,496.12503051757812,496.12503504753113,496.12503504753113,9.7624552886088622e-10,-1.872457744411804e-10,0.067067588647814785,0,0,0,-0.00042917960963517743,-3.744915260252106e-07,0.00015676018459089523,7.4724328958772972,-1891.539524781183,-6.5568181683366582,-119088.89628493217,7.472003716267662,117197.35675977649,-6.5566614081520669,6989.6696065546048,0,0,0,0.028636000000000002
292,4.8833335880190134,1,0.033333335071802139,496.12503051757812,496.12503504753113,496.12503504753113,9.3471352879959113e-10,-2.4919182273208662e-09,0.067082870954356166,1.2482463121414185,-159.820068359375,-6.5804481506347656,0.00048184673929773519,-4.9838361504524957e-06,0.00040715415041299441,6.4031164603336368,-1895.5790642288487,-0.087149204476262204,-119578.12921783484,6.4035983070729348,117682.55014862215,-0.08674205032584921,7006.2717070018307,0,0,4.2138530000000003,4.2702559999999998
293,4.9000002555549145,0,0,496.12503051757812,496.12503504753113,496.12503504753113,8.8998863834177655e-10,-2.6834945376918995e-09,0.067082870954356166,0,0,0,-0.00048144144574599479,-5.3669887478087822e-06,-0.00040821132425244294,6.4031164603336368,-1895.5790642288487,-0.087149204476262204,-119905.12924887644,6.4026350188878904,118009.5501792806,-0.087557415800514654,7006.2717070018307,0,0,0,0.026421
294,4.9166669230908155,1,0.033333335071802139,496.12503051757812,496.12503504753113,496.12503504753113,9.3595819983249839e-10,2.7581719130864712e-09,0.067018517704845237,1.8074594736099243,-160.19378662109375,7.0810761451721191,0.0013666066554729461,5.5163434894820351e-06,0.00018152740068935747,4.8054354207680987,-1899.3249499823944,-7.2267507651943417,-120394.3621817791,4.8068020274235721,118495.03723731305,-7.2265692377936519,7028.2437944086678,0,0,3.7944629999999999,3.8511320000000002
295,4.9333335906267166,0,0,496.12503051757812,496.12503504753113,496.12503504753113,9.3284791002901102e-10,-1.8662005274450166e-10,0.067018517704845237,0,0,0,-0.0013761864762688522,-3.7324008270823517e-07,-0.00018243632690146533,4.8054354207680987,-1899.3249499823944,-7.2267507651943417,-120721.36221282071,4.80405923429183,118822.03726246508,-7.2269332015212431,7028.2437944086751,0,0,0,0.028389000000000001
296,4.9500002581626177,1,0.033333335071802139,496.12503051757812,496.12503504753113,496.12503504753113,9.088171326609995e-10,-1.4418461979914809e-09,0.066927946521108603,0.47839164733886719,-161.42594909667969,4.211357593536377,0.00070932101370842215,-2.8836922199763459e-06,-0.00061300905496105423,4.5520686746691297,-1901.8576019277427,-11.542917803818334,-121210.59514572338,4.5527779956828383,119308.73754091194,-11.543530812873295,7055.1443579694278,0,0,4.1777660000000001,4.2346130000000004
297,4.9666669256985188,0,0,496.12503051757812,496.12503504753113,496.12503504753113,9.3577356974350323e-10,1.6173888894854827e-09,0.066927946521108603,0,0,0,-0.00070836558958252416,3.2347775815357981e-06,0.0006135113233794523,4.5520686746691297,-1901.8576019277427,-11.542917803818334,-121537.59517676498,4.5513603090795476,119635.73757807202,-11.542304292494954,7055.1443579694269,0,0,0,0.028208
298,4.9833335932344198,1,0.033333335071802139,496.12503051757812,496.12503504753113,496.12503504753113,8.9494062160966337e-10,-2.4499771100749967e-09,0.066845553135182534,0.036124765872955322,-162.17140197753906,-11.880522727966309,0.00042803523799651855,-4.899953921080522e-06,0.00040007907787289326,4.7981962702714549,-1903.6204096615522,0.2753308153310855,-122026.82810966762,4.7986243055094517,120123.20769510612,0.27573089440895837,7058.1222234208844,0,0,3.7524769999999998,3.809507
299,5.0000002607703209,0,0,496.12503051757812,496.12503504753113,496.12503504753113,9.4289553942417115e-10,2.8772928484244176e-09,0.066845553135182534,0,0,0,-0.00042726728345458126,5.754585345616798e-06,-0.00040058157366495289,4.7981962702714549,-1903.6204096615522,0.2753308153310855,-122353.82814070923,4.7977690029880007,120450.20773680226,0.27493023375742054,7058.1222234208844,0,0,0,0.028319
300,5.016666928306222,1,0.033333335071802139,496.12503051757812,496.12503504753113,496.12503504753113,8.980609589315236e-10,-2.6900752736480626e-09,0.066773968058175731,36.237533569335938,-162.44688415527344,-3.2404773235321045,-0.00044140600300828989,-5.380150218917796e-06,0.00053036503860112369,-31.419001246513126,-1905.0888667909971,3.5072058356351694,-122843.06107361191,-31.419442652516135,120937.97220144076,3.5077362006737705,7023.0978504310178,0,0,4.3854559999999996,4.4529519999999998
301,5.033333595842123,0,0,496.12503051757812,496.12503504753113,496.12503504753113,8.5965368157303601e-10,-2.3044359753754406e-09,0.066773968058175731,0,0,0,0.00044197625615149602,-4.6088716694476616e-06,-0.00053061935604158464,-31.419001246513126,-1905.0888667909971,3.5072058356351694,-123170.06110465352,-31.418559270256974,121264.97223325365,3.5066752162791279,7023.0978504310178,0,0,0,0.036609000000000003
302,5.0500002633780241,1,0.033333335071802139,496.12503051757812,496.12503504753113,496.12503504753113,8.2482093377578281e-10,-2.0899655339690071e-09,0.06673583517573313,0.17306840419769287,-163.16004943847656,3.0191612243652344,0.0015309881494041458,-4.1799308128152683e-06,-0.00016762725295004638,-31.490134790320464,-1905.8540496885989,0.47221721283330448,-123659.29403755616,-31.48860380217106,121753.43998368763,0.47204958558035442,7042.1711478484658,0,0,4.0890639999999996,4.1467109999999998
303,5.0666669309139252,0,0,496.12503051757812,496.12503504753113,496.12503504753113,8.465859679951393e-10,1.3059024972505995e-09,0.06673583517573313,0,0,0,-0.0015327060711041035,2.611804835089273e-06,0.00016960870072375844,-31.490134790320464,-1905.8540496885989,0.47221721283330448,-123986.29406859777,-31.491667496391567,122080.44002152098,0.47238682153402822,7042.1711478484676,0,0,0,0.034249000000000002
304,5.0833335984498262,1,0.033333335071802139,496.12503051757812,496.12503504753113,496.12503504753113,8.6703633161988591e-10,1.2270220395294018e-09,0.066750248957450645,-5.355067253112793,-163.29205322265625,8.7619447708129883,0.0015243149598108616,2.4540439292758398e-06,0.00013463431147542337,-26.035604097056442,-1906.4396588989473,-8.326679929523662,-124475.52700150042,-26.034079782096633,122569.08734505552,-8.3265452952121866,7059.0837286571914,0,0,3.7904550000000001,3.8471419999999998
305,5.1000002659857273,0,0,496.12503051757812,496.12503504753113,496.12503504753113,9.0505319905176407e-10,2.2810104916004548e-09,0.066750248957450645,0,0,0,-0.0015243961322080404,4.562020704757246e-06,-0.00013398595547946951,-26.035604097056442,-1906.4396588989473,-8.326679929523662,-124802.52703254203,-26.03712849318865,122896.08737820511,-8.326813915479141,7059.0837286571914,0,0,0,0.026339000000000001
306,5.1166669335216284,1,0.033333335071802139,496.12503051757812,496.12503504753113,496.12503504753113,9.3824004121501048e-10,1.991212528196229e-09,0.066781498719843013,-4.1173233985900879,-162.50106811523438,7.3645620346069336,0.0009113995827983723,3.9824248133245223e-06,0.00018475153078864777,-21.840461940274249,-1907.774065646516,-15.802166516651106,-125291.7599654447,-21.839550540691452,123383.9859037806,-15.801981765120317,7087.7468178885674,0,0,4.2218419999999997,4.2783410000000002
307,5.1333336010575294,0,0,496.12503051757812,496.12503504753113,496.12503504753113,9.7497121487322147e-10,2.2038710856264743e-09,0.066781498719843013,0,0,0,-0.0009092104291848202,4.4077419022257164e-06,-0.00018502787505257287,-21.840461940274249,-1907.774065646516,-15.802166516651106,-125618.7599964863,-21.841371150703434,123710.98593524753,-15.802351544526157,7087.7468178885656,0,0,0,0.025779
308,5.1500002685934305,1,0.033333335071802139,496.12503051757812,496.12503504753113,496.12503504753113,9.3236118825501535e-10,-2.5566007089139475e-09,0.066827455624228385,-3.3600845336914062,-162.16213989257812,5.0931906700134277,0.00073586416021224899,-5.1132011057428476e-06,0.00011555493278614382,-18.389375046991415,-1909.4102098748938,-21.118080676647612,-126107.99292938896,-18.388639182831202,124198.58271440087,-21.117965121714825,7127.7625423928694,0,0,3.7467869999999999,3.8028900000000001
309,5.1666669361293316,0,0,496.12503051757812,496.12503504753113,496.12503504753113,9.0651741668779096e-10,-1.5506271822118833e-09,0.066827455624228385,0,0,0,-0.00073530152408670529,-3.101254175138222e-06,-0.00011691064824322778,-18.389375046991415,-1909.4102098748938,-21.118080676647612,-126434.99296043057,-18.390110348515503,124525.58274745442,-21.118197587295853,7127.7625423928694,0,0,0,0.028673000000000001
310,5.1833336036652327,1,0.033333335071802139,496.12503051757812,496.12503504753113,496.12503504753113,8.8192497749162158e-10,-1.4755445754133234e-09,0.06687663199037916,-1.1636608839035034,-161.13850402832031,5.6152386665344238,0.00081207304720255433,-2.9510889707064594e-06,0.00030851240744239616,-17.133259489379739,-1912.0761041226831,-27.080575817437769,-126924.22589333323,-17.132447416332536,125012.14978625946,-27.080267305030326,7174.5837877068507,0,0,4.1809269999999996,4.2391439999999996
311,5.2000002712011337,0,0,496.12503051757812,496.12503504753113,496.12503504753113,9.1030277760140166e-10,1.7026682286314099e-09,0.06687663199037916,0,0,0,-0.00073119839583351068,3.405336249417577e-06,-0.00030862814063613297,-17.133259489379739,-1912.0761041226831,-27.080575817437769,-127251.22592437484,-17.133990687775572,125339.1498236575,-27.080884445578405,7174.5837877068234,0,0,0,0.028580999999999999
312,5.2166669387370348,1,0.033333335071802139,496.12503051757812,496.12503504753113,496.12503504753113,8.992412370290026e-10,-6.6369310047775798e-10,0.066870550593348538,-0.89295637607574463,-160.19038391113281,5.4117040634155273,0.00088752909999941648,-1.3273861199382918e-06,0.0004448491792087908,-16.164723812568923,-1915.7819493511674,-32.896830025726253,-127740.45885727748,-16.163836283468925,125824.67690659892,-32.896385176547042,7224.6600044695251,0,0,3.8040959999999999,3.861354
313,5.2333336062729359,0,0,496.12503051757812,496.12503504753113,496.12503504753113,9.1504409605036585e-10,9.4817265150481944e-10,0.066870550593348538,0,0,0,-0.00089201768345237992,1.896345187265907e-06,-0.00044630539382428669,-16.164723812568923,-1915.7819493511674,-32.896830025726253,-128067.45888831909,-16.165615830252374,126151.67694086427,-32.897276331120075,7224.6600044695278,0,0,0,0.028219000000000001
314,5.2500002738088369,1,0.033333335071802139,496.12503051757812,496.12503504753113,496.12503504753113,9.7204000404360613e-10,3.4197542575498119e-09,0.066830658258832165,-1.3730314970016479,-160.72557067871094,4.2800893783569336,0.00071347115146614543,6.8395080976491529e-06,-5.4061640750646331e-05,-14.730871317053719,-1918.984096659452,-37.619130891862433,-128556.69182122176,-14.730157845902253,126637.70773140181,-37.619184953503186,7277.432990348475,0,0,4.2886639999999998,4.3420160000000001
315,5.266666941344738,0,0,496.12503051757812,496.12503504753113,496.12503504753113,9.9509755990823123e-10,1.383450687342247e-09,0.066830658258832165,0,0,0,-0.00071228676206305103,2.7669012058062362e-06,5.2967149208993369e-05,-14.730871317053719,-1918.984096659452,-37.619130891862433,-128883.69185226335,-14.731583603815782,126964.7077583708,-37.619077924713224,7277.432990348474,0,0,0,0.025634000000000001
316,5.2833336088806391,1,0.033333335071802139,496.12503051757812,496.12503504753113,496.12503504753113,1.1542157229982308e-09,9.5470920058460251e-09,0.066810046202268686,-2.5287473201751709,-161.86528015136719,-35.454559326171875,0.00073921053207633841,1.9094182846275546e-05,0.00031884619930005326,-12.140355736607711,-1921.0184776037217,-2.2221092371804065,-129372.92478516602,-12.139616526075635,127451.90632665648,-2.2217903909811065,7188.1288460414917,0,0,3.8303609999999999,3.8862800000000002
317,5.3000002764165401,0,0,496.12503051757812,496.12503504753113,496.12503504753113,1.0975251818479137e-09,-3.4014324690190278e-09,0.066810046202268686,0,0,0,-0.00073831928416641726,-6.8028645228241313e-06,-0.00031984374439675625,-12.140355736607711,-1921.0184776037217,-2.2221092371804065,-129699.92481620763,-12.141094055891879,127778.90633180104,-2.2224290809248033,7188.1288460414917,0,0,0,0.028091999999999999
318,5.3166669439524412,1,0.033333335071802139,496.12503051757812,496.12503504753113,496.12503504753113,1.1287871748422162e-09,1.8757164710336838e-09,0.066835393178827862,-2.413752555847168,-161.93194580078125,0.04912605881690979,0.00039556673387229624,3.7514327130980718e-06,-0.00014604250072739258,-9.6587225230897342,-1922.9414174137937,-2.3351842198145354,-130189.15774911028,-9.6583269563558627,128266.21633544791,-2.3353302623152628,7213.0565606743976,0,0,3.8657729999999999,3.9221689999999998
319,5.3333336114883423,0,0,496.12503051757812,496.12503504753113,496.12503504753113,1.0942547978842754e-09,-2.0719435056548718e-09,0.066835393178827862,0,0,0,-0.00039576773218912009,-4.1438867583869525e-06,0.00014604613870597763,-9.6587225230897342,-1922.9414174137937,-2.3351842198145354,-130516.15778015189,-9.6591182908219242,128593.2163585942,-2.3350381736758292,7213.0565606743976,0,0,0,0.028205000000000001
320,5.3500002790242434,1,0.033333335071802139,496.12503051757812,496.12503504753113,496.12503504753113,1.1133408639452114e-09,1.1451644077453693e-09,0.066861478320392562,-1.7345861196517944,-161.26889038085938,5.8199286460876465,0.001037478846570565,2.2903286757001615e-06,0.00098070580332745849,-7.8420583377525235,-1925.5196220692897,-8.2469726552747105,-131005.39071305456,-7.8410208589059529,129079.87109327559,-8.2459919494713834,7243.9387924235452,0,0,3.6914799999999999,3.748993
321,5.3666669465601444,0,0,496.12503051757812,496.12503504753113,496.12503504753113,1.1347804917960502e-09,1.286376560827307e-09,0.066861478320392562,0,0,0,-0.0010477867178308037,2.5727529646262252e-06,-0.0010240250333289069,-7.8420583377525235,-1925.5196220692897,-8.2469726552747105,-131332.39074409616,-7.8431061244703546,129406.87112459962,-8.2479966803080398,7243.9387924235725,0,0,0,0.028222000000000001
322,5.3833336140960455,1,0.033333335071802139,496.12503051757812,496.12503504753113,496.12503504753113,1.1166972901932581e-09,-1.0849889875430563e-09,0.066862341269952039,-1.5902740955352783,-160.99295043945312,14.062509536743164,0.00042116622283721108,-2.1699778426411678e-06,-8.491957196487751e-05,-6.1385408643205013,-1928.3780772990206,-22.457761900213708,-131821.6236769988,-6.1381196980976638,129893.24559752981,-22.457846819785672,7276.2946550942861,0,0,3.7681529999999999,3.824913
323,5.4000002816319466,0,0,496.12503051757812,496.12503504753113,496.12503504753113,1.1462119031691032e-09,1.7708796651305647e-09,0.066862341269952039,0,0,0,-0.00056504708216410099,3.5417591140892953e-06,-0.0002142792976610134,-6.1385408643205013,-1928.3780772990206,-22.457761900213708,-132148.6237080404,-6.1391059114026651,130220.24563428313,-22.45797617951137,7276.2946550945153,0,0,0,0.028410000000000001
324,5.4166669491678476,1,0.033333335071802139,496.12503051757812,496.12503504753113,496.12503504753113,1.1387505383098073e-09,-4.4768455609300872e-10,0.066854062711908649,-6.4911046028137207,-161.54316711425781,-23.482421875,0.00064684066418636138,-8.9536905753702378e-07,0.00033063825213616033,0.34696863771555297,-1930.6892226129698,1.0180475175385104,-132637.85664094309,0.34761547837973933,130707.16741743476,1.0183781557906466,7231.6829416289293,0,0,4.4057709999999997,4.4638390000000001
325,5.4333336167037487,0,0,496.12503051757812,496.12503504753113,496.12503504753113,1.1194560833871492e-09,-1.1576695158055372e-09,0.066854062711908649,0,0,0,-0.00064659834070654801,-2.3153388902939949e-06,-0.00033046362916407807,0.34696863771555297,-1930.6892226129698,1.0180475175385104,-132964.85667198469,0.3463220393748464,131034.16744705637,1.0177170539093463,7231.6829416289283,0,0,0,0.0286
326,5.4500002842396498,1,0.033333335071802139,496.12503051757812,496.12503504753113,496.12503504753113,1.12606601820886e-09,3.9659342476738857e-10,0.066868221957464558,0.21232551336288452,-161.95626831054688,-1.331938624382019,0.0011343191080205803,7.9318680112249384e-07,5.4779658352162308e-05,0.088671583164637413,-1932.5664050048038,2.3407489531012597,-133454.08960488735,0.089805902272658,131521.52320067573,2.3408037327596118,7250.0428978074815,0,0,3.7544200000000001,3.8128169999999999
327,5.4666669517755508,0,0,496.12503051757812,496.12503504753113,496.12503504753113,1.1215353090676672e-09,-2.7183988393630898e-10,0.066868221957464558,0,0,0,-0.0010949625461928944,-5.4367973468903838e-07,-6.5011132062114951e-05,0.088671583164637413,-1932.5664050048038,2.3407489531012597,-133781.08963592895,0.087576620618444512,131848.52323038047,2.3406839419691976,7250.0428978074578,0,0,0,0.028403000000000001
328,5.4833336193114519,1,0.033333335071802139,496.12503051757812,496.12503504753113,496.12503504753113,1.1058358673210478e-09,-9.4196561661874512e-10,0.066890147242213538,-0.72224295139312744,-161.67890930175781,0.75086879730224609,0.001383674573065187,-1.883931118251453e-06,-0.00027482643104732168,0.77147764052773327,-1934.7002172903935,1.6029606244643431,-134270.32256883162,0.77286131510079847,132335.62234965729,1.6026857980332958,7270.2435873524664,0,0,3.8165339999999999,3.8698980000000001
329,5.500000286847353,0,0,496.12503051757812,496.12503504753113,496.12503504753113,1.1499395879965846e-09,2.6462225743983936e-09,0.066890147242213538,0,0,0,-0.0013843759071242856,5.2924448257715706e-06,0.00027509063924206073,0.77147764052773327,-1934.7002172903935,1.6029606244643431,-134597.32259987321,0.77009326462060901,132662.62238787525,1.6032357151035852,7270.2435873524673,0,0,0,0.027126000000000001
330,5.5166669543832541,1,0.033333335071802139,496.12503051757812,496.12503504753113,496.12503504753113,1.1233156627099561e-09,-1.5974346290192898e-09,0.066897383225815593,-0.68441826105117798,-161.38999938964844,1.2937552928924561,0.0014039957530071062,-3.1948690630392352e-06,-0.00027405279216384526,1.4120787442510765,-1937.110826782822,0.33734647285243541,-135086.55553277588,1.4134827400040837,133149.44470279818,0.33707242006027155,7291.7588116820953,0,0,4.1582600000000003,4.2171260000000004
331,5.5333336219191551,0,0,496.12503051757812,496.12503504753113,496.12503504753113,1.1472688354885463e-09,1.4371923651168572e-09,0.066897383225815593,0,0,0,-0.0014030621567527185,2.8743845547951933e-06,0.00027350118366088749,1.4120787442510765,-1937.110826782822,0.33734647285243541,-135413.55556381747,1.4106756820943238,133476.44473990903,0.33761997403609628,7291.7588116820943,0,0,0,0.028660000000000001
332,5.5500002894550562,1,0.033333335071802139,496.12503051757812,496.12503504753113,496.12503504753113,1.1721748016668698e-09,1.494359302967041e-09,0.066891640500754676,-0.65051776170730591,-161.49691772460938,0.92618489265441895,0.0011821439744996096,2.9887184235171749e-06,-0.00030703209121877434,2.0172502870822897,-1939.388054156364,-0.55347749185954431,-135902.78849672014,2.0184324310567892,133963.40044555248,-0.55378452395076305,7314.0741144181247,0,0,3.7773789999999998,3.8358289999999999
333,5.5666669569909573,0,0,496.12503051757812,496.12503504753113,496.12503504753113,1.1993160908829736e-09,1.628474022297155e-09,0.066891640500754676,0,0,0,-0.001190609664353845,3.2569478458059772e-06,-0.00027489180097502175,2.0172502870822897,-1939.388054156364,-0.55347749185954431,-136229.78852776176,2.0160596774179358,134290.40047686236,-0.55375238366051938,7314.0741144181475,0,0,0,0.028254000000000001
334,5.5833336245268583,1,0.033333335071802139,496.12503051757812,496.12503504753113,496.12503504753113,1.1820593392997125e-09,-1.0354050949956672e-09,0.066887028236575635,-0.62964415550231934,-161.7132568359375,0.46494746208190918,0.0012846373136102957,-2.070810063599111e-06,8.9108533775313081e-05,2.6068855958781354,-1941.4015409413425,-0.97556833045621416,-136719.0214606644,2.6081702331917458,134777.61991765225,-0.97547922192243885,7336.7170967957145,0,0,4.3813529999999998,4.4402720000000002
335,5.6000002920627594,0,0,496.12503051757812,496.12503504753113,496.12503504753113,1.1904919272609504e-09,5.0595549971887976e-10,0.066887028236575635,0,0,0,-0.0012840644456699815,1.0119109376756136e-06,-8.8649693726274015e-05,2.6068855958781354,-1941.4015409413425,-0.97556833045621416,-137046.02149170602,2.6056015314324652,135104.61995177658,-0.9756569801499404,7336.7170967957136,0,0,0,0.027893999999999999
336,5.6166669595986605,1,0.033333335071802139,496.12503051757812,496.12503504753113,496.12503504753113,1.18130405457606e-09,-5.5126969655816538e-10,0.06689532787925527,-0.54537999629974365,-161.8397216796875,0.36431390047073364,0.00060285738940631106,-1.1025393258226666e-06,0.00018575620973398238,3.1267169069053731,-1943.2414507128547,-1.2829560039700771,-137535.25442460866,3.1273197642947794,135592.01297279328,-1.2827702477603431,7359.4196270805314,0,0,3.7466729999999999,3.8052510000000002
337,5.6333336271345615,0,0,496.12503051757812,496.12503504753113,496.12503504753113,1.1596213989051307e-09,-1.3009588961665486e-09,0.06689532787925527,0,0,0,-0.00060936459622665251,-2.6019176335246382e-06,-0.00024109804946436525,3.1267169069053731,-1943.2414507128547,-1.2829560039700771,-137862.25445565025,3.1261075423091462,135919.01300233547,-1.2831971020195414,7359.4196270805551,0,0,0,0.028250999999999998
338,5.6500002946704626,1,0.033333335071802139,496.12503051757812,496.12503504753113,496.12503504753113,1.2218798195462455e-09,3.7355061266453049e-09,0.066910976227246122,-5.0645527839660645,-161.55232238769531,1.2670841217041016,0.00043183425397736938,7.4710117972962096e-06,-0.00022774479222453445,8.2175183447156819,-1945.3315668684586,-2.492511591520346,-138351.48738855292,8.2179501789696587,136406.15582915547,-2.4927393363125705,7369.1607974840672,0,0,4.2670680000000001,4.3247939999999998
339,5.6666669622063637,0,0,496.12503051757812,496.12503504753113,496.12503504753113,1.2195335852283051e-09,-1.4077627952246985e-10,0.066910976227246122,0,0,0,-0.00043082642022248055,-2.8155254186033526e-07,0.00022692707127242202,8.2175183447156819,-1945.3315668684586,-2.492511591520346,-138678.48741959454,8.2170875182954592,136733.15585244453,-2.4922846644490737,7369.1607974840672,0,0,0,0.028683
340,5.6833336297422647,1,0.033333335071802139,496.12503051757812,496.12503504753113,496.12503504753113,1.2130012549960156e-09,-3.9193892575895006e-10,0.066915833803058419,-0.48544162511825562,-161.37542724609375,-2.710888147354126,0.00061462676171967698,-7.8387780367379298e-07,0.00028782060843212526,8.7949932795193266,-1947.5836421625593,0.27582244595920286,-139167.72035249721,8.7956079062810471,137220.13670955077,0.27611026656763499,7389.3057419634124,0,0,3.7832050000000002,3.848293
341,5.7000002972781658,0,0,496.12503051757812,496.12503504753113,496.12503504753113,1.2134727667145739e-09,2.8289370845868689e-11,0.066915833803058419,0,0,0,-0.0006178264207286413,5.6578738238445038e-08,-0.00028568591081051808,8.7949932795193266,-1947.5836421625593,0.27582244595920286,-139494.72038353881,8.7943754530985974,137547.13674143283,0.27553676004839234,7389.3057419634124,0,0,0,0.028410999999999999
342,5.7166669648140669,1,0.033333335071802139,496.12503051757812,496.12503504753113,496.12503504753113,1.1622776074915464e-09,-3.0717086652032322e-09,0.066907719867367266,0.028772944584488869,-161.51846313476562,-0.38930660486221313,0.00071812412607642068,-6.1434169554420276e-06,0.00023747689653027398,8.8912267460945689,-1949.6975612170384,0.71839638346818258,-139983.95331644148,8.8919448702206445,138034.25574908103,0.71863386036471288,7408.9704655028881,0,0,3.8416739999999998,3.900865
343,5.733333632349968,0,0,496.12503051757812,496.12503504753113,496.12503504753113,1.152534290227436e-09,-5.8460192242648645e-10,0.066907719867367266,0,0,0,-0.00074182754607754128,-1.1692037734904335e-06,-0.00023915934793902749,8.8912267460945689,-1949.6975612170384,0.71839638346818258,-140310.95334748307,8.8904849185484913,138361.25578509682,0.71815722412024352,7408.9704655028954,0,0,0,0.025440999999999998
344,5.750000299885869,1,0.033333335071802139,496.12503051757812,496.12503504753113,496.12503504753113,1.1796611465442197e-09,1.6276144876314902e-09,0.066889561839452341,-0.13996040821075439,-161.89654541015625,0.17462834715843201,0.00091838740069584771,3.2552287765795712e-06,-0.00024610049739246659,9.2045373323358,-1951.4519147395445,0.59752263935929673,-140800.18628038574,9.205455719736495,138848.73436890141,0.59727653886190424,7426.927046476846,0,0,3.7530939999999999,3.8121930000000002
345,5.7666669674217701,0,0,496.12503051757812,496.12503504753113,496.12503504753113,1.1678490396960228e-09,-7.0872308022273955e-10,0.066889561839452341,0,0,0,-0.00058919848512192091,-1.4174460739314312e-06,0.00020671881077517773,9.2045373323358,-1951.4519147395445,0.59752263935929673,-141127.18631142733,9.2039481338506786,139175.73439527035,0.59772935817007189,7426.9270464767123,0,0,0,0.028492
346,5.7833336349576712,1,0.033333335071802139,496.12503051757812,496.12503504753113,496.12503504753113,1.1851492009995468e-09,1.0380079018545985e-09,0.066870831966805572,-0.52153933048248291,-162.36094665527344,0.073957115411758423,0.00066505301026067651,2.076015676999248e-06,0.00026798049431466311,9.9438986111612184,-1952.7685957565939,0.57013766986701642,-141616.41924433,9.9445636641714792,139663.65065064942,0.57040565036133106,7443.3143536422895,0,0,3.8644409999999998,3.922984
347,5.8000003024935722,0,0,496.12503051757812,496.12503504753113,496.12503504753113,1.1535290500575002e-09,-1.897209722656612e-09,0.066870831966805572,0,0,0,-0.00066465078625336724,-3.7944192137202403e-06,-0.00026505683850913155,9.9438986111612184,-1952.7685957565939,0.57013766986701642,-141943.41927537159,9.9432339603749647,139990.65067582057,0.56987261302850734,7443.3143536422895,0,0,0,0.028341000000000002
348,5.8166669700294733,1,0.033333335071802139,496.12503051757812,496.12503504753113,496.12503504753113,1.1447562897615171e-09,-5.2636339731293447e-10,0.06685461575279425,-0.56941187381744385,-162.5928955078125,-0.07382512092590332,0.0010692695498096608,-1.0527267303725245e-06,0.00048985040587166961,10.764172762299447,-1953.8909967522968,0.67130264406715845,-142432.65220827426,10.765242031849256,140478.76121046924,0.67179249447303013,7458.6584204183264,0,0,4.1097979999999996,4.1692410000000004
349,5.8333336375653744,0,0,496.12503051757812,496.12503504753113,496.12503504753113,1.1344329919893426e-09,-6.1939653406284378e-10,0.06685461575279425,0,0,0,-0.0010728660327014722,-1.2387929925157591e-06,-0.00049182605561701176,10.764172762299447,-1953.8909967522968,0.67130264406715845,-142759.65223931588,10.763099896266745,140805.7612413248,0.67081081801154141,7458.6584204183291,0,0,0,0.028746000000000001
350,5.8500003051012754,1,0.033333335071802139,496.12503051757812,496.12503504753113,496.12503504753113,1.0898238977929964e-09,-2.6765460958699805e-09,0.066833384259014653,-0.19251716136932373,-162.57464599609375,-0.097419977188110352,0.0013173829862279662,-5.3530918650131426e-06,-0.00025898155638064135,11.229125864963798,-1955.0832347685214,0.7725081031817117,-143248.88517221852,11.230443247950026,141293.80193209692,0.7722491216253311,7473.6386359128683,0,0,3.8115250000000001,3.870231
351,5.8666669726371765,0,0,496.12503051757812,496.12503504753113,496.12503504753113,1.0827607699326336e-09,-4.2378611730953253e-10,0.066833384259014653,0,0,0,-0.0012600566291794402,-8.4757218288736128e-07,0.00029678731614962012,11.229125864963798,-1955.0832347685214,0.7725081031817117,-143575.88520326011,11.227865808334618,141620.80196764402,0.77280489049786127,7473.6386359128555,0,0,0,0.028494999999999999
352,5.8833336401730776,1,0.033333335071802139,496.12503051757812,496.12503504753113,496.12503504753113,1.0653441462338265e-09,-1.0449974219284286e-09,0.066799731557669217,0.20309650897979736,-162.51448059082031,0.088903814554214478,0.0013815446502904727,-2.0899947162936953e-06,-4.7457203268277959e-05,11.314888462920234,-1956.3931811102998,0.6680127063055602,-144065.11813616278,11.316270007570523,142108.72495296248,0.66796524910229194,7488.7304536770635,0,0,3.8025730000000002,3.8628960000000001
353,5.9000003077089787,0,0,496.12503051757812,496.12503504753113,496.12503504753113,1.0575527120693096e-09,-4.6748449555877869e-10,0.066799731557669217,0,0,0,-0.0013842995095739996,-9.3496893405157892e-07,4.7481645936896244e-05,11.314888462920234,-1956.3931811102998,0.6680127063055602,-144392.1181672044,11.313504163410659,142435.72498515915,0.66806018795149713,7488.7304536770662,0,0,0,0.026255000000000001
354,5.9166669752448797,1,0.033333335071802139,496.12503051757812,496.12503504753113,496.12503504753113,1.0116789628256129e-09,-2.7524253987110114e-09,0.066759414489374613,0.064449802041053772,-162.68330383300781,0.35876220464706421,0.0011415843786285809,-5.5048504614325943e-06,0.00025607537992534263,11.552130315847002,-1957.5725229221769,0.28183829789852605,-144881.35110010707,11.55327190022563,142923.77857168004,0.28209437327845138,7504.0554441634722,0,0,4.2407529999999998,4.3000600000000002
355,5.9333336427807808,0,0,496.12503051757812,496.12503504753113,496.12503504753113,1.0298483177351159e-09,1.0901601843471553e-09,0.066759414489374613,0,0,0,-0.001108952961275847,2.1803202356181163e-06,-0.00025822349259298216,11.552130315847002,-1957.5725229221769,0.28183829789852605,-145208.35113114867,11.551021362885725,143250.77861040682,0.28158007440593308,7504.0554441634567,0,0,0,0.028346
356,5.9500003103166819,1,0.033333335071802139,496.12503051757812,496.12503504753113,496.12503504753113,1.0576733933120863e-09,1.6695045346182269e-09,0.06672693117439335,-14.346047401428223,-162.949462890625,6.7265844345092773,0.0013584081296710501,3.3390088654395135e-06,-1.9032539714997077e-05,26.31341315034576,-1958.4949039950304,-6.5144741714740411,-145697.58406405133,26.314771558475432,143739.08916339531,-6.514493204013756,7513.9234297639023,0,0,3.7941780000000001,3.8500999999999999
357,5.9666669778525829,0,0,496.12503051757812,496.12503504753113,496.12503504753113,1.0971749064836445e-09,2.3700932327841429e-09,0.06672693117439335,0,0,0,-0.0013595239659151825,4.7401861762502641e-06,1.694991066188839e-05,26.31341315034576,-1958.4949039950304,-6.5144741714740411,-146024.58409509293,26.312053626379843,144066.08919583808,-6.5144572215633794,7513.9234297639032,0,0,0,0.025725999999999999
358,5.983333645388484,1,0.033333335071802139,496.12503051757812,496.12503504753113,496.12503504753113,1.0953055129547806e-09,-1.1216183537499091e-10,0.066729439637896112,-1.1474916934967041,-163.42109680175781,-5.9034328460693359,0.00040964258460858202,-2.2432365705835153e-07,-0.0002614079175666216,27.921380024452031,-1958.8937295606181,-0.64074609686596651,-146513.8170279956,27.921789667036638,144554.92329821066,-0.64100750478353308,7526.8104017169908,0,0,6.5449929999999998,6.6033989999999996
359,6.0000003129243851,0,0,496.12503051757812,496.12503504753113,496.12503504753113,1.111757241822886e-09,9.8710439822013996e-10,0.066729439637896112,0,0,0,-0.00041089842618482336,1.9742086759441376e-06,0.0002608288821157375,27.921380024452031,-1958.8937295606181,-0.64074609686596651,-146840.81705903719,27.920969126025845,144881.92333145079,-0.64048526798385075,7526.8104017169908,0,0,0,0.028649999999999998
