step,time,executed,fluid_dt,contained_mass,liquid_mass,retained_mass,tank_y,tank_vy,liquid_y,contained_Ix,contained_Iy,contained_Iz,body_Px,body_Py,body_Pz,liquid_Px,liquid_Py,liquid_Pz,gravity_Iy,residual_x,residual_y,residual_z,kinetic_J,hydro_Fy,drag_Fy,particle_ms,coupling_ms
0,0.01666666753590107,1,0.01666666753590107,496.12503051757812,496.12503504753113,496.12503504753113,2.2386389617046198e-12,1.3431833423283024e-10,0.22318333377238025,0,0,0,-0.00013393040489972918,2.6863666846566048e-08,-2.315766778338002e-06,6.0017277047408335e-05,-81.116473301625206,3.9535092513975911e-05,-113.81645403468984,-7.3913127852320848e-05,32.699980759928295,3.7219325735637909e-05,30.587114527368144,0,0,6.9288730000000003,7.0320020000000003
1,0.033333335071802139,0,0,496.12503051757812,496.12503504753113,496.12503504753113,1.9623379310385047e-11,1.0430842856123945e-09,0.22318333377238025,0,0,0,-3.8608919794569374e-05,2.086168571224789e-07,3.9543957086607406e-05,6.0017277047408335e-05,-81.116473301625206,3.9535092513975911e-05,-146.51645713885014,2.1408357252838961e-05,65.399984045841791,7.9079049600583318e-05,30.587114527331064,0,0,0,0.028775999999999999
2,0.050000002607703209,1,0.033333335071802139,496.12503051757812,496.12503504753113,496.12503504753113,-3.608727899839792e-13,-1.1990550774498843e-09,0.21263304030915506,-4.479334236862087e-09,-45.870262145996094,1.141507555146859e-09,3.3016203815350309e-05,-2.3981101548997685e-07,-7.8510151979571674e-05,6.7010188277094596e-05,-197.33320885811779,5.9947752461653181e-05,-341.44936210406951,0.0001000263920924449,144.11615300614071,-1.8562399517918493e-05,50.560481973235667,0,0,6.9146570000000001,6.9753860000000003
3,0.066666670143604279,0,0,496.12503051757812,496.12503504753113,496.12503504753113,-4.5450157526438772e-11,-2.7053568274482132e-09,0.21263304030915506,0,0,0,1.8589616956887767e-05,-5.4107136548964263e-07,-2.8770898552465951e-06,6.7010188277094596e-05,-197.33320885811779,5.9947752461653181e-05,-374.14936520822982,8.5599805233982362e-05,176.81615580904068,5.7070662606406586e-05,50.560481973214685,0,0,0,0.028563000000000002
4,0.083333337679505348,1,0.033333335071802139,496.12503051757812,496.12503504753113,496.12503504753113,-7.9561982002651632e-11,-2.0467094685727716e-09,0.1990994614403265,-7.7320265745584038e-09,-61.337909698486328,3.7786320739030543e-09,-9.5452321602351731e-07,-4.0934189371455432e-07,-3.4291173278688802e-05,8.1605053428079888e-05,-297.01014534828056,0.00012814020092655198,-569.08227017344916,8.0650530212056371e-05,272.07212441582669,9.3849027647863181e-05,98.881479675237316,0,0,6.8736930000000003,6.9363299999999999
5,0.10000000521540642,0,0,496.12503051757812,496.12503504753113,496.12503504753113,-1.2412006145101628e-10,-2.6734845448572742e-09,0.1990994614403265,0,0,0,5.4410520533565432e-07,-5.3469690897145483e-07,3.4702327411650913e-05,8.1605053428079888e-05,-297.01014534828056,0.00012814020092655198,-601.78227327760942,8.2149158633415542e-05,304.77212739463198,0.0001628425283382029,98.881479675237372,0,0,0,0.028465000000000001
6,0.11666667275130749,1,0.033333335071802139,496.12503051757812,496.12503504753113,496.12503504753113,-2.1648627335224546e-10,-5.5419722144733896e-09,0.17986215559803709,-1.0254680660182203e-08,-68.159088134765625,1.0655168303230766e-08,3.6719484342029318e-06,-1.1083944428946779e-06,-8.5325609688879922e-05,0.00031542365816478179,-389.25242522500014,0.0010533004604571516,-796.71517824282898,0.00031909560659898473,407.46275190943442,0.00096797485076827172,170.85495080533551,0,0,6.977862,7.0382920000000002
7,0.13333334028720856,0,0,496.12503051757812,496.12503504753113,496.12503504753113,-1.6434545391241784e-10,3.128449055367355e-09,0.17986215559803709,0,0,0,-4.9004256652551703e-06,6.2568981107347099e-07,8.4562850588554284e-05,0.00031542365816478179,-389.25242522500014,0.0010533004604571516,-829.41518134698924,0.00031052323249952662,440.16275674767894,0.0011378633110457059,170.85495080533514,0,0,0,0.028601999999999999
8,0.15000000782310963,1,0.033333335071802139,496.12503051757812,496.12503504753113,496.12503504753113,-1.3019627043142634e-10,2.0489512309040947e-09,0.15863836206951917,-1.5571213651810467e-08,-122.67848968505859,2.7649756262349001e-08,-5.3539679356617853e-05,4.0979024618081894e-07,-0.00012671507647610269,0.00024155856136776066,-429.48455062247456,0.00078969327872879802,-1024.3480863122086,0.00018801888201114281,594.86353609952425,0.00066297820225269533,236.97067585206693,0,0,9.8581000000000003,9.9194870000000002
9,0.1666666753590107,0,0,496.12503051757812,496.12503504753113,496.12503504753113,-3.0030516962042952e-10,-1.0206533396228679e-08,0.15863836206951917,0,0,0,1.0856464882635919e-05,-2.0413066792457357e-06,4.6729383029742166e-05,0.00024155856136776066,-429.48455062247456,0.00078969327872879802,-1057.0480894163688,0.00025241502625039658,627.56353675258765,0.00083642266175854019,236.97067585202595,0,0,0,0.028382999999999999
10,0.18333334289491177,1,0.033333335071802139,496.12503051757812,496.12503504753113,496.12503504753113,-2.3952081984468521e-10,3.6470613196115664e-09,0.13580498489595594,-1.1560841173263725e-08,-119.4703369140625,4.0839733372877163e-08,-1.524029187294218e-05,7.2941226392231329e-07,-3.833043820122839e-05,-0.00013673312025286322,-475.45222932745645,-0.001224078884728641,-1251.9809943815883,-0.0001519734121258054,776.52876578354403,-0.0012624093229298694,303.65091328257819,0,0,3.560902,3.6176699999999999
11,0.20000001043081284,0,0,496.12503051757812,496.12503504753113,496.12503504753113,-2.8337501789543751e-10,-2.6312521050897431e-09,0.13580498489595594,0,0,0,5.797904805149301e-05,-5.2625042101794861e-07,3.37926223892282e-05,-0.00013673312025286322,-475.45222932745645,-0.001224078884728641,-1284.6809974857488,-7.8754072201370207e-05,809.22876763204192,-0.0011902862623394128,303.65091328258569,0,0,0,0.028164000000000002
12,0.21666667796671391,1,0.033333335071802139,496.12503051757812,496.12503504753113,496.12503504753113,-4.2178804893211463e-10,-8.3047808629999054e-09,0.11554765290751752,0.094427138566970825,-159.73210144042969,0.26599740982055664,-5.9342909253246034e-05,-1.6609561725999811e-06,-2.0192351257719565e-05,-0.0940745383131667,-482.1736796905879,-0.26448315477956186,-1479.6139024509678,-0.094133881222419946,997.44022109942375,-0.26450334713081958,308.60264331378573,0,0,3.4775879999999999,3.532394
13,0.23333334550261497,0,0,496.12503051757812,496.12503504753113,496.12503504753113,-4.6876019732522423e-10,-2.8183295697203903e-09,0.11554765290751752,0,0,0,-3.0557316677004565e-06,-5.6366591394407806e-07,5.6081807997543365e-05,-0.0940745383131667,-482.1736796905879,-0.26448315477956186,-1512.313905555128,-0.094077594044834401,1030.1402253008741,-0.26442707297156431,308.60264331378528,0,0,0,0.028472000000000001
14,0.25000001303851604,1,0.033333335071802139,496.12503051757812,496.12503504753113,496.12503504753113,-4.8886061865260899e-10,-1.2060255016876908e-09,0.099730615257000443,0.1009666696190834,-149.20735168457031,0.56792926788330078,-1.3184831004764419e-05,-2.4120510033753817e-07,-0.00013267821259432822,-0.19583317537654787,-497.56399118448365,-0.84055462875749321,-1707.2468105203475,-0.19584636020755264,1209.6828190946587,-0.84068730697008753,325.5988721004918,0,0,3.430094,3.487082
15,0.26666668057441711,0,0,496.12503051757812,496.12503504753113,496.12503504753113,-5.1138460133159924e-10,-1.3514398489178348e-09,0.099730615257000443,0,0,0,5.2546869255820639e-05,-2.7028796978356695e-07,5.3058715820952784e-05,-0.19583317537654787,-497.56399118448365,-0.84055462875749321,-1739.9468136245077,-0.19578062850729205,1242.3828221697361,-0.84050157004167225,325.59887210046156,0,0,0,0.028426
16,0.28333334811031818,1,0.033333335071802139,496.12503051757812,496.12503504753113,496.12503504753113,-4.1483935731001509e-10,5.792713864138932e-09,0.086957717833875806,0.45205843448638916,-158.770263671875,2.5607233047485352,-3.7773872918478446e-06,1.1585427728277864e-06,-3.7960757026667125e-05,-0.64185082870428545,-500.84858162728131,-3.3673789567983841,-1934.8797185897272,-0.6418546060915773,1434.0311381209885,-3.3674169175554107,370.19745878234681,0,0,3.5309780000000002,3.5882200000000002
17,0.30000001564621925,0,0,496.12503051757812,496.12503504753113,496.12503504753113,-5.3494264573572536e-10,-7.2061965283864993e-09,0.086957717833875806,0,0,0,2.2280323719314765e-05,-1.4412393056772999e-06,0.0001752953494360554,-0.64185082870428545,-500.84858162728131,-3.3673789567983841,-1967.5797216938874,-0.64182854838056613,1466.7311386253668,-3.367203661448948,370.1974587824202,0,0,0,0.028400999999999999
18,0.31666668318212032,1,0.033333335071802139,496.12503051757812,496.12503504753113,496.12503504753113,-4.404338282970599e-10,5.6705289352976251e-09,0.079581176950818025,0.16941767930984497,-135.61952209472656,0.66077959537506104,-3.8608419572483399e-05,1.134105787059525e-06,-7.9890287452144548e-05,-0.79707061394428891,-525.88295877277244,-3.9495044378700754,-2162.5126266591069,-0.79710922236386139,1636.6296690204404,-3.9495843281575276,443.2211630902512,0,0,3.6221190000000001,3.680129
19,0.33333335071802139,0,0,496.12503051757812,496.12503504753113,496.12503504753113,-4.9206161367720824e-10,-3.0976652354297585e-09,0.079581176950818025,0,0,0,4.2265122601747862e-05,-6.1953304708595169e-07,3.1875032391326386e-05,-0.79707061394428891,-525.88295877277244,-3.9495044378700754,-2195.2126297632672,-0.79702834882168716,1669.3296703709616,-3.9494725628376841,443.22116309022408,0,0,0,0.028308
20,0.35000001825392246,1,0.033333335071802139,496.12503051757812,496.12503504753113,496.12503504753113,-2.7149044123930821e-10,1.3234268791961767e-08,0.07722545780089439,0.80512744188308716,-119.45455169677734,1.6516804695129395,3.029037998203421e-06,2.6468537583923535e-06,-1.5342743608925957e-05,-1.571304803100106,-567.51516669716045,-5.4922278096072779,-2390.1455347284864,-1.5713017740621078,1822.6303706781796,-5.4922431523508868,512.30091933235553,0,0,3.661384,3.7177660000000001
21,0.36666668578982353,0,0,496.12503051757812,496.12503504753113,496.12503504753113,-3.7743652647748149e-10,-6.3567640040673723e-09,0.07722545780089439,0,0,0,1.7903454363477067e-05,-1.2713528008134745e-06,3.0245553261920577e-05,-1.571304803100106,-567.51516669716045,-5.4922278096072779,-2422.8455378326466,-1.5712868996457425,1855.3303698641334,-5.4921975640540159,512.30091933235906,0,0,0,0.028295000000000001
22,0.3833333533257246,1,0.033333335071802139,496.12503051757812,496.12503504753113,496.12503504753113,-4.5924405944752777e-10,-4.9084523112696843e-09,0.077199384266016385,1.7447444200515747,-112.25543975830078,2.9992680549621582,6.0682305047521368e-05,-9.8169046225393686e-07,-0.00017731574644130887,-3.2404364738432605,-616.61550647572108,-8.2782684926497296,-2617.7784427978659,-3.240375791538213,2001.1629353404542,-8.2784458083961709,627.76667675683791,0,0,3.692304,3.7490779999999999
23,0.40000002086162567,0,0,496.12503051757812,496.12503504753113,496.12503504753113,-4.8545117925513637e-10,-1.5724284097018426e-09,0.077199384266016385,0,0,0,-6.1021000874461606e-05,-3.1448568194036852e-07,0.00017742949012244935,-3.2404364738432605,-616.61550647572108,-8.2782684926497296,-2650.4784459020261,-3.240497494844135,2033.8629391118193,-8.2780910631596072,627.76667675683814,0,0,0,0.028490999999999999
24,0.41666668839752674,1,0.033333335071802139,496.12503051757812,496.12503504753113,496.12503504753113,-5.6979104767762578e-10,-5.0603929935277847e-09,0.076936133104522214,1.0202444791793823,-97.879226684570312,-2.3584473133087158,-3.4835807127819862e-05,-1.0120785987055569e-06,-3.0961774655224872e-05,-4.1802972424423057,-680.44172037277508,-5.7562137240550388,-2845.4113508672463,-4.1803320782494335,2164.9696294823925,-5.7562446858296941,755.3021413796921,0,0,3.7849710000000001,3.8436720000000002
25,0.43333335593342781,0,0,496.12503051757812,496.12503504753113,496.12503504753113,-6.3209454337354032e-10,-3.7382084094872425e-09,0.076936133104522214,0,0,0,7.8214213772298535e-06,-7.4764168189744851e-07,6.5889145162145724e-05,-4.1802972424423057,-680.44172037277508,-5.7562137240550388,-2878.1113539714065,-4.1802894210209285,2197.6696328509897,-5.7561478349098767,755.30214137969824,0,0,0,0.028525999999999999
26,0.45000002346932888,1,0.033333335071802139,496.12503051757812,496.12503504753113,496.12503504753113,-4.0067993367642885e-10,1.3884875471603664e-08,0.0764614694378003,0.49476927518844604,-98.209968566894531,-3.0810906887054443,-3.2829103702169959e-05,2.7769750943207328e-06,-2.9538119861172163e-05,-4.5937758979426651,-744.32221328044704,-2.5410567775486017,-3073.0442589366257,-4.5938087270463672,2328.7220484331538,-2.5410863156684629,908.06548489682655,0,0,3.8034590000000001,3.8624209999999999
27,0.46666669100522995,0,0,496.12503051757812,496.12503504753113,496.12503504753113,-4.3891540402185569e-10,-2.2941279986810059e-09,0.0764614694378003,0,0,0,-2.8329361612122739e-05,-4.5882559973620118e-07,6.355809318847605e-05,-4.5937758979426651,-744.32221328044704,-2.5410567775486017,-3105.744262040786,-4.5938042273042772,2361.4220483015133,-2.5409932194554132,908.06548489684428,0,0,0,0.028539999999999999
28,0.48333335854113102,1,0.033333335071802139,496.12503051757812,496.12503504753113,496.12503504753113,-2.4669710718683291e-10,1.1533098032145972e-08,0.076050375797310638,-5.1164393424987793,-103.70722198486328,-4.8735995292663574,-5.0282994834560668e-05,2.3066196064291944e-06,-9.7933673259831266e-05,0.50575089091838077,-802.99190225910183,2.4912389661878818,-3300.6771670060048,0.50570060792354621,2497.6852670535227,2.4911410325146219,1062.8252209862144,0,0,3.81989,3.8781119999999998
29,0.50000002607703209,0,0,496.12503051757812,496.12503504753113,496.12503504753113,-2.8789581829613553e-10,-2.4719217783797376e-09,0.076050375797310638,0,0,0,-5.3634971663996112e-05,-4.9438435567594752e-07,0.00017723561995808268,0.50575089091838077,-802.99190225910183,2.4912389661878818,-3333.377170110165,0.50569725594671677,2530.3852673566789,2.4914162018078398,1062.8252209862694,0,0,0,0.028454
30,0.51666669361293316,1,0.033333335071802139,496.12503051757812,496.12503504753113,496.12503504753113,-2.8475061197852369e-10,1.8871304519052501e-10,0.075621079450764628,-3.6719710826873779,-112.04928588867188,-2.4574155807495117,3.1056583793542814e-05,3.7742609038105002e-08,-5.1069895334876492e-05,4.1140741553950324,-853.62267868091021,5.0356310241268085,-3528.3100750753847,4.1141052119788259,2674.6873964322172,5.0355799542314736,1205.4058735832466,0,0,3.834063,3.891572
31,0.53333336114883423,0,0,496.12503051757812,496.12503504753113,496.12503504753113,-3.5279093535400818e-10,-4.0824188474175571e-09,0.075621079450764628,0,0,0,3.9148460473370505e-05,-8.1648376948351142e-07,3.0868926614857628e-05,4.1140741553950324,-853.62267868091021,5.0356310241268085,-3561.010078179545,4.1141133038555058,2707.3873986821509,5.0356618930534234,1205.4058735832382,0,0,0,0.027552
32,0.5500000286847353,1,0.033333335071802139,496.12503051757812,496.12503504753113,496.12503504753113,-4.2976072700540158e-10,-4.6181867219274864e-09,0.075479015302495914,-5.1109213829040527,-122.20974731445312,6.1594939231872559,1.0770611424959498e-05,-9.2363734438549727e-07,-0.0001534603825348313,9.4034670013832731,-894.19841272975373,-0.9083964112480597,-3755.9429831447646,9.403477771994698,2861.7445694913736,-0.90854987163059453,1323.4638037582256,0,0,3.7834680000000001,3.8427699999999998
33,0.56666669622063637,0,0,496.12503051757812,496.12503504753113,496.12503504753113,-5.6182780650004815e-10,-7.9240223271881405e-09,0.075479015302495914,0,0,0,-2.1027386765126721e-05,-1.5848044654376281e-06,1.5313167978092679e-05,9.4034670013832731,-894.19841272975373,-0.9083964112480597,-3788.6429862489249,9.4034459739965079,2894.4445719343666,-0.90838109808008161,1323.4638037581669,0,0,0,0.028382999999999999
34,0.58333336375653744,1,0.033333335071802139,496.12503051757812,496.12503504753113,496.12503504753113,-4.7503201372478543e-10,5.2077471224265537e-09,0.07537023621757015,6.8147506713867188,-126.54589080810547,0.40299379825592041,-5.1550478019635193e-05,1.0415494244853107e-06,-3.5455809666018467e-05,2.847709982554222,-930.34295435317836,-1.1221282774988812,-3983.5758912141446,2.8476584320762024,3053.2329379025159,-1.1221637333085472,1398.8595789522171,0,0,3.722232,3.7791929999999998
35,0.60000003129243851,0,0,496.12503051757812,496.12503504753113,496.12503504753113,-5.4411286587452423e-10,-4.1448502408059085e-09,0.07537023621757015,0,0,0,6.6607344706426375e-05,-8.2897004816118169e-07,8.8314664026256651e-05,2.847709982554222,-930.34295435317836,-1.1221282774988812,-4016.2758943183048,2.8477765898989285,3085.9329391361562,-1.122039962834855,1398.859578952234,0,0,0,0.028323999999999998
36,0.61666669882833958,1,0.033333335071802139,496.12503051757812,496.12503504753113,496.12503504753113,-4.5519163438534349e-10,5.3352735562839371e-09,0.074535082290772686,-1.1385794878005981,-118.88060760498047,0.099091976881027222,-6.2848664583725622e-05,1.0670547112567874e-06,-9.7303586699126754e-05,4.0761839878382915,-974.60544324537977,-1.0892565430740904,-4211.2087992835241,4.0761211391737078,3236.6033571051989,-1.0893538466607895,1518.4284988903244,0,0,3.7236050000000001,3.7832430000000001
37,0.63333336636424065,0,0,496.12503051757812,496.12503504753113,496.12503504753113,-5.0435194909326242e-10,-2.9496187714528332e-09,0.074535082290772686,0,0,0,1.3045655578025617e-05,-5.8992375429056665e-07,0.00012829598290409194,4.0761839878382915,-974.60544324537977,-1.0892565430740904,-4243.9088023876839,4.0761970334938695,3269.3033585523804,-1.0891282470911863,1518.4284988903303,0,0,0,0.028614000000000001
38,0.65000003390014172,1,0.033333335071802139,496.12503051757812,496.12503504753113,496.12503504753113,-3.4342206856052826e-10,9.6557926099194447e-09,0.073902635448643977,-3.6234188079833984,-126.74112701416016,3.8386549949645996,-6.7372332068771357e-05,1.9311585219838889e-06,-0.00010419744285172783,7.7167187982697421,-1010.9252830339119,-4.8577902787107625,-4438.8417073529035,7.7166514259376733,3427.9164262501499,-4.8578944761536142,1654.008869734909,0,0,3.7898939999999999,3.8482560000000001
39,0.66666670143604279,0,0,496.12503051757812,496.12503504753113,496.12503504753113,-3.4521141500931662e-10,-1.0736123101651174e-10,0.073902635448643977,0,0,0,2.2542496935784584e-05,-2.1472246203302348e-08,2.9360427333813277e-05,7.7167187982697421,-1010.9252830339119,-4.8577902787107625,-4471.5417104570643,7.7167413407666778,3460.6164274016801,-4.8577609182834287,1654.0088697348722,0,0,0,0.034199
40,0.68333336897194386,1,0.033333335071802139,496.12503051757812,496.12503504753113,496.12503504753113,-2.0151619262165354e-10,8.6217131212151799e-09,0.073808172324887761,5.388150691986084,-129.63986206054688,-5.9722533226013184,4.1642181258794153e-05,1.724342624243036e-06,-8.6572896407233202e-05,2.341083558142893,-1044.0204194433768,1.1203688324727534,-4666.474615422283,2.3411252003241518,3622.4541977032486,1.1202822595763462,1787.4303810851259,0,0,3.7739600000000002,3.8263060000000002
41,0.70000003650784492,0,0,496.12503051757812,496.12503504753113,496.12503504753113,-2.1666862748404014e-10,-9.0914609174319594e-10,0.073808172324887761,0,0,0,5.9937713103863643e-05,-1.8182921834863919e-07,5.8257819546270184e-05,2.341083558142893,-1044.0204194433768,1.1203688324727534,-4699.1746185264437,2.3411434958559969,3655.1541989012376,1.1204270902922997,1787.4303810851272,0,0,0,0.028464
42,0.71666670404374599,1,0.033333335071802139,496.12503051757812,496.12503504753113,496.12503504753113,-2.0226391395095078e-10,8.6428286749651306e-10,0.073752272899459029,3.3565688133239746,-128.39714050292969,-0.19757062196731567,-8.934239303926006e-06,1.7285657349930261e-07,-0.00014557035683537833,-0.95215308051766279,-1078.2534808740179,1.3565242846128498,-4894.1075234916625,-0.95216201475696671,3815.8540427905009,1.3563787142560144,1917.6100308492455,0,0,3.772551,3.8284690000000001
43,0.73333337157964706,0,0,496.12503051757812,496.12503504753113,496.12503504753113,-2.2117684073119648e-10,-1.1347758288593468e-09,0.073752272899459029,0,0,0,3.0729580657862243e-05,-2.2695516577186936e-07,2.9697713443965768e-05,-0.95215308051766279,-1078.2534808740179,1.3565242846128498,-4926.8075265958232,-0.95212235093700492,3848.5540454948505,1.3565539823262938,1917.6100308491953,0,0,0,0.028459000000000002
44,0.75000003911554813,1,0.033333335071802139,496.12503051757812,496.12503504753113,496.12503504753113,-1.5291601318523362e-10,4.0956500413358299e-09,0.073479893864417556,-1.0112591981887817,-127.03557586669922,-0.38268926739692688,-4.291080699658778e-05,8.1913000826716598e-07,-4.350677045295015e-05,0.095902901791305561,-1113.8020305348932,1.8457280131059841,-5121.7404315610429,0.095859990984308974,4007.9384018452797,1.8456845063355312,2046.3409057771619,0,0,3.7522329999999999,3.807766
45,0.7666667066514492,0,0,496.12503051757812,496.12503504753113,496.12503504753113,-2.0879618867208904e-10,-3.352810473700174e-09,0.073479893864417556,0,0,0,2.7452745143818902e-05,-6.7056209474003481e-07,0.00012109443332519731,0.095902901791305561,-1113.8020305348932,1.8457280131059841,-5154.4404346652027,0.09593035453644938,4040.6384034597477,1.8458491075393093,2046.340905777198,0,0,0,0.028635000000000001
46,0.78333337418735027,1,0.033333335071802139,496.12503051757812,496.12503504753113,496.12503504753113,-3.0969429798410886e-10,-6.0538862811654326e-09,0.073253603715474916,-0.67693173885345459,-127.92531585693359,1.6983156204223633,-4.7542312131554354e-05,-1.2107772562330865e-06,-4.6951254262239672e-05,0.78332877965925984,-1148.4871757201602,0.28269892924242723,-5349.3733396304233,0.78328123734712829,4200.8861626994858,0.28265197798816499,2184.8918210208985,0,0,3.771706,3.8384659999999999
47,0.80000004172325134,0,0,496.12503051757812,496.12503504753113,496.12503504753113,-3.1488078811037212e-10,-3.1119018473191318e-10,0.073253603715474916,0,0,0,4.3298967966620694e-05,-6.2238036946382636e-08,4.636440280592069e-05,0.78332877965925984,-1148.4871757201602,0.28269892924242723,-5382.0733427345831,0.78337207862722646,4233.5861669521846,0.28274529364523315,2184.8918210208976,0,0,0,0.028596
48,0.81666670925915241,1,0.033333335071802139,496.12503051757812,496.12503504753113,496.12503504753113,-2.1965591845418686e-10,5.7134919018153596e-09,0.073149712211420748,0.068858958780765533,-127.31334686279297,2.1933999061584473,-4.9870595830725506e-05,1.1426983803630719e-06,-3.6106195011598174e-05,0.73616725486117218,-1183.8925556712179,-1.7792261698383049,-5577.006247699801,0.73611738426534146,4393.1136931712817,-1.7792622760333165,2331.3348737987758,0,0,3.7924020000000001,3.8504670000000001
49,0.83333337679505348,0,0,496.12503051757812,496.12503504753113,496.12503504753113,-2.8464330892319367e-10,-3.8992427064954427e-09,0.073149712211420748,0,0,0,4.0463746131536027e-05,-7.7984854129908854e-07,3.4286631489521824e-05,0.73616725486117218,-1183.8925556712179,-1.7792261698383049,-5609.7062508039617,0.73620771860730372,4425.8136943528953,-1.7791918832068154,2331.3348737987735,0,0,0,0.028323999999999998
50,0.85000004433095455,1,0.033333335071802139,496.12503051757812,496.12503504753113,496.12503504753113,-3.2068542266117106e-10,-2.1625261581448285e-09,0.072938869853003491,-0.025315940380096436,-126.81619262695312,1.5389900207519531,-5.5089697070798138e-05,-4.325052316289657e-07,-2.7828696147480514e-05,0.79326307293245879,-1219.9537983604228,-3.1907129765804578,-5804.6391557691813,0.79320798323538799,4584.6853569762534,-3.1907408052766053,2479.1071134945114,0,0,3.7533820000000002,3.8097340000000002
51,0.86666671186685562,0,0,496.12503051757812,496.12503504753113,496.12503504753113,-3.8322489626096967e-10,-3.7523677498541019e-09,0.072938869853003491,0,0,0,1.3523526831704658e-05,-7.5047354997082039e-07,0.00014923484741302673,0.79326307293245879,-1219.9537983604228,-3.1907129765804578,-5837.3391588733421,0.7932765964592905,4617.3853597624457,-3.1905637417330448,2479.1071134945582,0,0,0,0.02844
52,0.88333337940275669,1,0.033333335071802139,496.12503051757812,496.12503504753113,496.12503504753113,-4.0180644922394038e-10,-1.1148930667559398e-09,0.072588666563942333,-0.95586311817169189,-127.81787872314453,1.1084907054901123,4.3444993025332224e-05,-2.2297861335118796e-07,-0.00018612021221997566,1.7830092973112359,-1255.1276750874256,-4.1640486189382449,-6032.2720638385617,1.7830527423042613,4777.1443885281578,-4.1642347391504648,2627.0412406069286,0,0,3.8184619999999998,3.877291
53,0.90000004693865776,0,0,496.12503051757812,496.12503504753113,496.12503504753113,-4.0074038532011969e-10,6.3964389340753769e-11,0.072588666563942333,0,0,0,2.0626362129405607e-05,1.2792877868150754e-08,0.00015410091691592243,1.7830092973112359,-1255.1276750874256,-4.1640486189382449,-6064.9720669427224,1.7830299236733653,4809.8443918680896,-4.1638945180213289,2627.0412406068995,0,0,0,0.028490999999999999
54,0.91666671447455883,1,0.033333335071802139,496.12503051757812,496.12503504753113,496.12503504753113,-2.3763169210155866e-10,9.7865200388014273e-09,0.072240925919847432,-0.24583505094051361,-129.90664672851562,-0.077123492956161499,-4.1925261484720977e-06,1.9573040077602855e-06,-1.9361925751582021e-05,2.0363314774499752,-1288.2485496285663,-3.9172597618512914,-6259.9049719079403,2.0363272849238268,4971.6564242366785,-3.917279123777043,2773.0331138652641,0,0,3.8026529999999998,3.860274
55,0.9333333820104599,0,0,496.12503051757812,496.12503504753113,496.12503504753113,-2.0599999484005593e-10,1.8979013916009535e-09,0.072240925919847432,0,0,0,1.8622870356921339e-05,3.795802783201907e-07,0.00012312785884205368,2.0363314774499752,-1288.2485496285663,-3.9172597618512914,-6292.6049750121001,2.0363501003203321,5004.3564257631142,-3.9171366339924494,2773.0331138653037,0,0,0,0.028285999999999999
56,0.95000004954636097,1,0.033333335071802139,496.12503051757812,496.12503504753113,496.12503504753113,6.9298927707350799e-11,1.6517933687509867e-08,0.071939581409603562,0.85340225696563721,-132.64265441894531,0.11504489183425903,-4.6686409405083396e-05,3.3035867375019734e-06,-0.00016825113107188372,1.1572096139017249,-1318.6945219108975,-3.8478408595025151,-6487.5378799773207,1.1571629274923199,5168.8433613700099,-3.848009110633587,2916.744393188801,0,0,3.7655639999999999,3.8218359999999998
57,0.96666671708226204,0,0,496.12503051757812,496.12503504753113,496.12503504753113,5.5927800585164889e-11,-8.0226758569779122e-10,0.071939581409603562,0,0,0,2.8709601451737399e-05,-1.6045351713955824e-07,4.6047932755755028e-05,1.1572096139017249,-1318.6945219108975,-3.8478408595025151,-6520.2378830814805,1.1572383235031767,5201.54336101013,-3.8477948115697593,2916.7443931887324,0,0,0,0.028381
58,0.98333338461816311,1,0.033333335071802139,496.12503051757812,496.12503504753113,496.12503504753113,2.7227109455907339e-10,1.2980597929868054e-08,0.071871940274627816,0.98908776044845581,-134.94288635253906,-1.799689769744873,-1.3606432958113146e-05,2.5961195859736108e-06,-5.8257211321688374e-05,0.16230183014554944,-1346.9272161982171,-1.8691991982059188,-6715.1707880467011,0.16228822371259133,5368.2435744446038,-1.8692574554172405,3054.6907777782899,0,0,3.8157169999999998,3.8723049999999999
59,1.0000000521540642,0,0,496.12503051757812,496.12503504753113,496.12503504753113,2.0692017543844088e-10,-3.9210550362156482e-09,0.071871940274627816,0,0,0,7.6621654443442822e-05,-7.8421100724312964e-07,0.00013469086752593284,0.16230183014554944,-1346.9272161982171,-1.8691991982059188,-6747.8707911508609,0.16237845179999288,5400.9435741684329,-1.8690645073383929,3054.6907777783417,0,0,0,0.028611999999999999
60,1.0166667196899652,1,0.033333335071802139,496.12503051757812,496.12503504753113,496.12503504753113,4.1931225158720054e-10,1.2743523569724857e-08,0.071845304094204282,-0.30613476037979126,-136.93702697753906,-3.0272588729858398,-6.2228832575783599e-05,2.5487047139449714e-06,-0.00017353427210764494,0.47551003243093604,-1373.2190594921822,1.2503372135948276,-6942.8036961160788,0.47544780359836025,5569.5846391726009,1.25016367932272,3189.6279633595996,0,0,3.7724410000000002,3.829644
61,1.0333333872258663,0,0,496.12503051757812,496.12503504753113,496.12503504753113,3.1072194817127752e-10,-6.5154175388215663e-09,0.071845304094204282,0,0,0,1.2034124097226595e-05,-1.3030835077643133e-06,3.9153468378572143e-05,0.47551003243093604,-1373.2190594921822,1.2503372135948276,-6975.5036992202395,0.47552206655503326,5602.2846384249733,1.2503763670632062,3189.6279633595195,0,0,0,0.028629999999999999
62,1.0500000547617674,1,0.033333335071802139,496.12503051757812,496.12503504753113,496.12503504753113,1.7702900256821863e-10,-8.0215762920943234e-09,0.071788667720191338,0.087211526930332184,-137.84666442871094,-2.6049702167510986,-1.5195348623819882e-05,-1.6043152584188647e-06,-3.4766185308399145e-05,0.41322782516395407,-1398.6849822051254,3.85425620035031,-7170.4366041854591,0.41321262981533025,5771.7516203760188,3.8542214341650016,3323.6170108780721,0,0,3.7889360000000001,3.8475959999999998
63,1.0666667222976685,0,0,496.12503051757812,496.12503504753113,496.12503504753113,1.7731659196495997e-10,1.7255530337934033e-11,0.071788667720191338,0,0,0,7.6585496344705462e-05,3.4511060675868066e-09,7.3103683462250046e-05,0.41322782516395407,-1398.6849822051254,3.85425620035031,-7203.1366072896199,0.41330441066029877,5804.451625087946,3.8543293040337723,3323.6170108781062,0,0,0,0.028542999999999999
64,1.0833333898335695,1,0.033333335071802139,496.12503051757812,496.12503504753113,496.12503504753113,4.0908348930557281e-10,1.3906014117992527e-08,0.071707122078558228,0.68811804056167603,-139.42890930175781,-1.6608394384384155,-7.3797252753138309e-06,2.7812028235985053e-06,-5.9935206309091882e-05,-0.22324701794068647,-1422.5930514343177,5.4706694652481298,-7398.0695122548386,-0.22325439766596178,5975.4764636017235,5.4706095300418207,3456.6247362482177,0,0,3.834454,3.8923139999999998
65,1.1000000573694706,0,0,496.12503051757812,496.12503504753113,496.12503504753113,4.1599246269896639e-10,4.1453862564821975e-10,0.071707122078558228,0,0,0,5.2193644251019577e-05,8.290772512964395e-08,5.6631620282132644e-05,-0.22324701794068647,-1422.5930514343177,5.4706694652481298,-7430.7695153589993,-0.22319482429643545,6008.1764640075889,5.4707260968684119,3456.6247362482277,0,0,0,0.028379000000000001
66,1.1166667249053717,1,0.033333335071802139,496.12503051757812,496.12503504753113,496.12503504753113,4.9786946787477859e-10,4.9126214207717567e-09,0.071586985065012571,1.7946879863739014,-141.37001037597656,-1.8670684099197388,-1.7623585790715879e-05,9.8252428415435134e-07,-5.3754519058202277e-05,-1.9529759025136828,-1444.5416507293953,7.2937721285816188,-7625.702420324219,-1.9529935260994735,6181.1607705773476,7.2937183740625606,3582.6730249514749,0,0,3.8034919999999999,3.8610150000000001
67,1.1333333924412727,0,0,496.12503051757812,496.12503504753113,496.12503504753113,5.5356963457597885e-10,3.3420093359382008e-09,0.071586985065012571,0,0,0,7.2476524337616866e-05,6.6840186718764016e-07,7.3925389187934343e-05,-1.9529759025136828,-1444.5416507293953,7.2937721285816188,-7658.4024234283797,-1.9529034259893452,6213.8607733673862,7.2938460539708068,3582.6730249515035,0,0,0,0.028559000000000001
68,1.1500000599771738,1,0.033333335071802139,496.12503051757812,496.12503504753113,496.12503504753113,7.9308226652585745e-10,1.4370755252457457e-08,0.071408587552252281,5.1584405899047852,-157.53414916992188,4.2876386642456055,-5.122845436744683e-05,2.8741510504914913e-06,-2.6708917744144856e-05,-7.0518829100982696,-1450.3146091939802,3.0151013002449192,-7853.3353283935985,-7.0519341385526371,6403.0207220737693,3.015074591327175,3577.7285467911524,0,0,3.7881320000000001,3.844398
69,1.1666667275130749,0,0,496.12503051757812,496.12503504753113,496.12503504753113,7.1451483618645284e-10,-4.7140451542304618e-09,0.071408587552252281,0,0,0,-8.014916375032044e-06,-9.4280903084609236e-07,5.5024656830937602e-05,-7.0518829100982696,-1450.3146091939802,3.0151013002449192,-7886.0353314977592,-7.0518909250146447,6435.7207213609699,3.0151563249017501,3577.7285467911506,0,0,0,0.028208
70,1.1833333950489759,1,0.033333335071802139,496.12503051757812,496.12503504753113,496.12503504753113,7.4152067819355238e-10,1.6203518526936023e-09,0.071333226145935721,-2.0933260917663574,-163.48907470703125,-1.0283439159393311,-0.00015936249155856785,3.2407037053872045e-07,-6.0952743297093548e-06,-4.9896373179258813,-1449.7932352311848,3.9984371300158923,-8080.968236462978,-4.9897966804174398,6631.1750015558637,3.9984310347415626,3580.466906405346,0,0,3.7703150000000001,3.8270409999999999
71,1.200000062584877,0,0,496.12503051757812,496.12503504753113,496.12503504753113,6.4966354518247726e-10,-5.5114295349767417e-09,0.071333226145935721,0,0,0,4.6630111683043651e-05,-1.1022859069953483e-06,6.1654930050281109e-05,-4.9896373179258813,-1449.7932352311848,3.9984371300158923,-8113.6682395671378,-4.9895906878141982,6663.8750032336666,3.9984987849459426,3580.4669064053041,0,0,0,0.027056
72,1.2166667301207781,1,0.033333335071802139,496.12503051757812,496.12503504753113,496.12503504753113,7.7444228807621585e-10,7.4867259058919444e-09,0.071431428599519814,-6.6117725372314453,-151.9007568359375,-8.7219305038452148,-5.8041507600137265e-05,1.4973451811783889e-06,-3.2153411666513421e-05,1.5326178152481007,-1460.9800712899648,12.459701392128,-8308.6011445323584,1.5325597737405006,6847.621074739739,12.459669238716334,3679.1495377064348,0,0,3.7700909999999999,3.829202
73,1.2333333976566792,0,0,496.12503051757812,496.12503504753113,496.12503504753113,6.6712357860154725e-10,-6.4391230125693255e-09,0.071431428599519814,0,0,0,2.8097497306589503e-05,-1.2878246025138651e-06,0.00018965805566040217,1.5326178152481007,-1460.9800712899648,12.459701392128,-8341.3011476365191,1.5326459127454073,6880.3210750587295,12.459891050183661,3679.1495377065075,0,0,0,0.028215
74,1.2500000651925802,1,0.033333335071802139,496.12503051757812,496.12503504753113,496.12503504753113,8.3285778273989308e-10,9.9440526923899597e-09,0.071724792574944116,-8.6818962097167969,-148.14985656738281,-3.8741152286529541,-3.7455362189575681e-05,1.9888105384779919e-06,-5.6033877626759931e-05,10.11967831742604,-1476.0204178687409,16.158277266581006,-8536.2340526017379,10.11964086206385,7060.2136367218072,16.158221232703379,3771.616544445149,0,0,3.7982879999999999,3.855772
75,1.2666667327284813,0,0,496.12503051757812,496.12503504753113,496.12503504753113,7.545740143832802e-10,-4.697025879352168e-09,0.071724792574944116,0,0,0,5.5538373544550268e-05,-9.394051758704336e-07,7.1603062679059803e-05,10.11967831742604,-1476.0204178687409,16.158277266581006,-8568.9340557058986,10.119733855799584,7092.9136368977524,16.158348869643685,3771.616544445169,0,0,0,0.028239
76,1.2833334002643824,1,0.033333335071802139,496.12503051757812,496.12503504753113,496.12503504753113,6.6108529761521595e-10,-5.6093227840392501e-09,0.071993885498468566,4.2605915069580078,-144.88681030273438,6.4698681831359863,-1.6340169395334669e-05,-1.12186455680785e-06,-3.6796046742892941e-05,5.8192880615001137,-1494.419635924967,9.7164195153969182,-8763.8669606711173,5.8192717213307183,7269.4473236242857,9.7163827193501753,3858.319326134731,0,0,3.7307250000000001,3.7880159999999998
77,1.3000000678002834,0,0,496.12503051757812,496.12503504753113,496.12503504753113,7.0122169182340599e-10,2.4081825422683778e-09,0.071993885498468566,0,0,0,2.1901030322624138e-05,4.8163650845367556e-07,0.00010779750709843938,5.8192880615001137,-1494.419635924967,9.7164195153969182,-8796.5669637752781,5.8193099625304363,7302.1473283319474,9.7165273129040166,3858.319326134756,0,0,0,0.028076
78,1.3166667353361845,1,0.033333335071802139,496.12503051757812,496.12503504753113,496.12503504753113,7.8574863282554475e-10,5.0716160160391155e-09,0.071886317969179492,5.9051451683044434,-170.74490356445312,6.5933980941772461,-2.4169645485017099e-05,1.0143232032078231e-06,-3.3517056863274775e-05,-0.0094720412341451343,-1487.0547147559428,3.1102241722494339,-8991.4998687404968,-0.0094962108796301514,7504.4451549988771,3.1101906551925707,3811.0341494400236,0,0,3.7500870000000002,3.8085119999999999
79,1.3333334028720856,0,0,496.12503051757812,496.12503504753113,496.12503504753113,3.1577179759878504e-10,-2.8198609669516372e-08,0.071886317969179492,0,0,0,1.8276651303494873e-05,-5.6397219339032745e-06,7.085121751515544e-05,-0.0094720412341451343,-1487.0547147559428,3.1102241722494339,-9024.1998718446575,-0.0094537645828416395,7537.1451514489927,3.1102950234669491,3811.0341494400541,0,0,0,0.028822
80,1.3500000704079866,1,0.033333335071802139,496.12503051757812,496.12503504753113,496.12503504753113,6.2590033156340041e-10,1.8607710927653898e-08,0.071449592101330658,8.6732683181762695,-209.20570373535156,7.1538691520690918,-4.2186940163446707e-05,3.7215421855307795e-06,-3.5164424616596079e-05,-8.5599712049957599,-1441.2550597692432,-4.0859070925960292,-9219.1327768098763,-8.5600133919359234,7777.8777207621752,-4.0859422570206458,3561.6929642909568,0,0,3.731773,3.7897370000000001
81,1.3666667379438877,0,0,496.12503051757812,496.12503504753113,496.12503504753113,6.7227917677215032e-10,2.7827304904803896e-09,0.071449592101330658,0,0,0,1.1710676517395768e-05,5.5654609809607791e-07,5.5787637620596797e-05,-8.5599712049957599,-1441.2550597692432,-4.0859070925960292,-9251.832779914037,-8.5599594943192425,7810.5777207013398,-4.0858513049584086,3561.6929642909558,0,0,0,0.028570000000000002
82,1.3833334054797888,1,0.033333335071802139,496.12503051757812,496.12503504753113,496.12503504753113,5.4248139313983756e-10,-7.7878681281617901e-09,0.071023400391445696,-0.27357986569404602,-158.3084716796875,2.071908712387085,-5.8195257679471979e-05,-1.557573625632358e-06,-5.4091765377961565e-05,-8.1234325395031277,-1446.4063118142899,-6.2145868416748264,-9446.7656848792558,-8.1234907347608072,8000.3593715073921,-6.2146409334402044,3594.2376176714915,0,0,3.7569270000000001,3.813374
83,1.4000000730156898,0,0,496.12503051757812,496.12503504753113,496.12503504753113,4.4358394735155571e-10,-5.9338463032077016e-09,0.071023400391445696,0,0,0,8.5207204847392859e-06,-1.1867692606415403e-06,4.9752168251870899e-05,-8.1234325395031277,-1446.4063118142899,-6.2145868416748264,-9479.4656879834165,-8.123424018782643,8033.0593749823574,-6.2145370895065746,3594.2376176714833,0,0,0,0.028201
84,1.4166667405515909,1,0.033333335071802139,496.12503051757812,496.12503504753113,496.12503504753113,4.1881709211821772e-10,-1.4860113140002795e-09,0.070840328424966251,-1.0908107757568359,-146.84843444824219,2.0879263877868652,-3.4490471989556681e-05,-2.9720226280005591e-07,-0.00016267761111521395,-6.8789712576558024,-1462.8915592464859,-8.3188759957430722,-9674.3985929486371,-6.879005748127792,8211.5070334049487,-8.3190386733541875,3674.8506411095409,0,0,3.778886,3.8363649999999998
85,1.433333408087492,0,0,496.12503051757812,496.12503504753113,496.12503504753113,3.5461822367466311e-10,-3.8519312184348564e-09,0.070840328424966251,0,0,0,2.879507121633651e-05,-7.7038624368697128e-07,7.9127050867100479e-05,-6.8789712576558024,-1462.8915592464859,-8.3188759957430722,-9707.098596052796,-6.8789424625845861,8244.207036035923,-8.3187968686922051,3674.8506411095004,0,0,0,0.028434999999999998
86,1.4500000756233931,1,0.033333335071802139,496.12503051757812,496.12503504753113,496.12503504753113,3.6401573422217837e-10,5.638511879624275e-10,0.070576945357784943,0.59906721115112305,-141.371337890625,1.2649850845336914,8.0475274444324896e-05,1.127702375924855e-07,-3.929690137738362e-05,-7.385930092163207,-1484.7386778813511,-9.6005008837863883,-9902.0315010180148,-7.3858496168887626,8417.2928232494342,-9.6005401806877657,3769.5198395178495,0,0,3.7327699999999999,3.7895590000000001
87,1.4666667431592941,0,0,496.12503051757812,496.12503504753113,496.12503504753113,3.9741912538637791e-10,2.004203025762763e-09,0.070576945357784943,0,0,0,3.4811364457709715e-05,4.008406051525526e-07,7.3017611157411011e-05,-7.385930092163207,-1484.7386778813511,-9.6005008837863883,-9934.7315041221755,-7.3858952807987492,8449.9928266416646,-9.6004278661752309,3769.5198395178631,0,0,0,0.028339
88,1.4833334106951952,1,0.033333335071802139,496.12503051757812,496.12503504753113,496.12503504753113,6.1169047604892057e-10,1.2856279596462628e-08,0.070224241233196399,-0.82497316598892212,-140.12860107421875,1.9472458362579346,-2.4831444989104057e-05,2.5712559192925255e-06,-0.00016264478972516372,-6.5524751669852428,-1507.9333621119436,-11.598850928695651,-10129.664409087394,-6.5524999984302319,8621.7310495467063,-11.599013573485376,3869.5868032843923,0,0,3.7858299999999998,3.8437649999999999
89,1.5000000782310963,0,0,496.12503051757812,496.12503504753113,496.12503504753113,5.9272742269911305e-10,-1.1377832009884514e-09,0.070224241233196399,0,0,0,1.7314874867224717e-05,-2.2755664019769029e-07,3.3277092370553873e-05,-6.5524751669852428,-1507.9333621119436,-11.598850928695651,-10162.364412191555,-6.5524578521103756,8654.4310498520554,-11.59881765160328,3869.5868032843296,0,0,0,0.028802999999999999
90,1.5166667457669973,1,0.033333335071802139,496.12503051757812,496.12503504753113,496.12503504753113,8.5286100404147192e-10,1.5608014436452322e-08,0.069840858937526243,-3.1669478416442871,-142.47509765625,6.8185834884643555,7.331260576393106e-05,3.1216028872904644e-06,-9.9018620858259965e-05,-3.4295187894409391,-1528.8244354600611,-18.485405687326228,-10357.297317156776,-3.4294454768351752,8828.4728848183167,-18.485504705947086,3972.8358585128758,0,0,3.763976,3.820576
91,1.5333334133028984,0,0,496.12503051757812,496.12503504753113,496.12503504753113,8.6006468613675224e-10,4.3222092571681969e-10,0.069840858937526243,0,0,0,6.3294010033132508e-05,8.6444185143363939e-08,4.0924123823060654e-05,-3.4295187894409391,-1528.8244354600611,-18.485405687326228,-10389.997320260936,-3.429455495430906,8861.172884887319,-18.485364763202405,3972.8358585128485,0,0,0,0.028916000000000001
92,1.5500000808387995,1,0.033333335071802139,496.12503051757812,496.12503504753113,496.12503504753113,1.0045797527169498e-09,8.6709039948118516e-09,0.069527645069522886,-2.2910122871398926,-143.42210388183594,4.2356705665588379,-4.4530543164000846e-05,1.7341807989623703e-06,-0.00011658228231681278,-1.1870224876681821,-1548.541936660898,-22.808714928925056,-10584.930225226155,-1.1870670182113461,9036.3882902994374,-22.808831511207373,4072.8389778079272,0,0,3.8059699999999999,3.8633570000000002
93,1.5666667483747005,0,0,496.12503051757812,496.12503504753113,496.12503504753113,1.0196584687705013e-09,9.0472029867783021e-10,0.069527645069522886,0,0,0,4.7898890898068203e-05,1.8094405973556604e-07,6.4703885982453357e-05,-1.1870224876681821,-1548.541936660898,-22.808714928925056,-10617.630228330316,-1.186974588777284,9069.0882918503612,-22.808650225039074,4072.8389778079131,0,0,0,0.028646999999999999
94,1.5833334159106016,1,0.033333335071802139,496.12503051757812,496.12503504753113,496.12503504753113,1.3149158428760188e-09,1.7715443334509473e-08,0.069297941870429841,2.7980315685272217,-142.89602661132812,-0.69519984722137451,-3.3696323953336105e-05,3.5430886669018946e-06,-0.00016515608649569913,-3.9862863355083249,-1568.7826354229442,-22.213485128563018,-10812.563133295533,-3.9863200318322782,9243.7805014156766,-22.213650284649514,4190.2163785918247,0,0,3.7814040000000002,3.8368639999999998
95,1.6000000834465027,0,0,496.12503051757812,496.12503504753113,496.12503504753113,1.2754794997960062e-09,-2.3661823611575983e-09,0.069297941870429841,0,0,0,5.378796004151809e-05,-4.7323647223151966e-07,0.00012919309710923699,-3.9862863355083249,-1568.7826354229442,-22.213485128563018,-10845.263136399693,-3.9862325475482834,9276.4805005035123,-22.213355935465909,4190.2163785918056,0,0,0,0.028400999999999999
96,1.6166667509824038,1,0.033333335071802139,496.12503051757812,496.12503504753113,496.12503504753113,1.6197321262012565e-09,2.0655154031601342e-08,0.069281266634764291,1.5407713651657104,-142.49224853515625,0.38939556479454041,-3.7509857975237537e-05,4.1310308063202683e-06,-0.00017281561213167151,-5.5236659687614509,-1589.3762303985386,-22.632423320807138,-11040.196041364916,-5.5237034786194261,9450.8198150974076,-22.63259613641927,4297.561041974338,0,0,3.7872400000000002,3.8449230000000001
97,1.6333334185183048,0,0,496.12503051757812,496.12503504753113,496.12503504753113,1.6059642504728799e-09,-8.2607298779180383e-10,0.069281266634764291,0,0,0,-0.00011575100415939232,-1.6521459755836077e-07,9.6078360911633354e-05,-5.5236659687614509,-1589.3762303985386,-22.632423320807138,-11072.896044469077,-5.5237817197656103,9483.5198139053227,-22.632327242446227,4297.561041974317,0,0,0,0.028493999999999998
98,1.6500000860542059,1,0.033333335071802139,496.12503051757812,496.12503504753113,496.12503504753113,1.6489775100936299e-09,2.5807977976910479e-09,0.069264499280525693,0.054402519017457962,-141.341552734375,-0.76704096794128418,-2.5031721406776342e-05,5.1615955953820958e-07,-3.7729910218331497e-05,-5.6409975618564321,-1611.1568752832004,-21.942478858859079,-11267.828949434293,-5.6410225935778389,9656.6720746672527,-21.942516588769298,4406.4905946549961,0,0,3.779833,3.8373599999999999
99,1.666666753590107,0,0,496.12503051757812,496.12503504753113,496.12503504753113,1.4155490113409996e-09,-1.4005713033782285e-08,0.069264499280525693,0,0,0,2.205019882239867e-05,-2.8011426067564571e-06,2.7814951408799971e-05,-5.6409975618564321,-1611.1568752832004,-21.942478858859079,-11300.528952538454,-5.6409755116576097,9689.3720744541115,-21.942451043907671,4406.4905946549934,0,0,0,0.028344999999999999
100,1.683333421126008,1,0.033333335071802139,496.12503051757812,496.12503504753113,496.12503504753113,1.6330919949680833e-09,1.3052577685357392e-08,0.069191156880182444,-0.35503315925598145,-143.29010009765625,-2.8031697273254395,-2.001206098611874e-05,2.6105155370714783e-06,-3.3686751521599945e-05,-5.4045028365109129,-1631.049895874826,-19.302818053094693,-11495.461857503671,-5.404522848571899,9864.4119642393598,-19.302851739846215,4522.2663666754688,0,0,3.7950349999999999,3.8534670000000002
101,1.7000000886619091,0,0,496.12503051757812,496.12503504753113,496.12503504753113,1.6552447190676389e-09,1.3291607814380768e-09,0.069191156880182444,0,0,0,4.9230209242523415e-05,2.6583215628761536e-07,4.3243693426120444e-05,-5.4045028365109129,-1631.049895874826,-19.302818053094693,-11528.161860607832,-5.4044536063016704,9897.1119649988377,-19.302774809401267,4522.2663666754797,0,0,0,0.028718
102,1.7166667561978102,1,0.033333335071802139,496.12503051757812,496.12503504753113,496.12503504753113,1.8172339188993192e-09,9.7193542103468644e-09,0.069188346946928742,-0.16736970841884613,-145.14300537109375,-2.8909726142883301,-2.9995294426043984e-05,1.9438708420693729e-06,-3.9880256963442662e-05,-5.3381195580222673,-1649.0746873748585,-16.586694062795249,-11723.094765573054,-5.3381495533166934,10074.020080142067,-16.586733943052213,4639.4675642966513,0,0,3.7912490000000001,3.8470689999999998
103,1.7333334237337112,0,0,496.12503051757812,496.12503504753113,496.12503504753113,1.8390821088232201e-09,1.310894504058524e-09,0.069188346946928742,0,0,0,6.7839391704183072e-05,2.6217890081170481e-07,4.1759852820177912e-05,-5.3381195580222673,-1649.0746873748585,-16.586694062795249,-11755.794768677215,-5.3380517186305632,10106.720081564536,-16.586652302942429,4639.4675642966622,0,0,0,0.028344000000000001
104,1.7500000912696123,1,0.033333335071802139,496.12503051757812,496.12503504753113,496.12503504753113,1.5511116835398298e-09,-1.7278221520200532e-08,0.069223009886182046,1.1845270395278931,-145.826416015625,-0.88320904970169067,2.5628935418353649e-05,-3.4556443040401064e-06,-0.00012691732536040945,-6.5345684355733162,-1666.364543907416,-15.874480831552578,-11950.727673642432,-6.5345428066378979,10284.363126279371,-15.874607748877938,4754.8105761561665,0,0,3.7545739999999999,3.809828
105,1.7666667588055134,0,0,496.12503051757812,496.12503504753113,496.12503504753113,1.46402567846593e-09,-5.2251607485231943e-09,0.069223009886182046,0,0,0,7.4954726869691513e-05,-1.0450321497046389e-06,4.6165564526745584e-05,-6.5345684355733162,-1666.364543907416,-15.874480831552578,-11983.427676746593,-6.5344934808464465,10317.063131794144,-15.874434665988051,4754.8105761561492,0,0,0,0.028398
106,1.7833334263414145,1,0.033333335071802139,496.12503051757812,496.12503504753113,496.12503504753113,1.4337468989822355e-09,-1.8167263249324606e-09,0.069262768414352985,4.847104549407959,-147.17422485351562,-8.1828451156616211,-6.5928469439313631e-05,-3.6334526498649211e-07,-6.7198300257587107e-05,-11.332477066459846,-1682.2923532090908,-7.8101291648259767,-12178.360581711811,-11.332542994929286,10496.068228139375,-7.8101963631262343,4773.4348243532331,0,0,3.7612230000000002,3.81752
107,1.8000000938773155,0,0,496.12503051757812,496.12503504753113,496.12503504753113,1.4190941755032327e-09,-8.7916340874016896e-10,0.069262768414352985,0,0,0,-3.2876278055482544e-05,-1.7583268174803379e-07,9.3921084953763057e-05,-11.332477066459846,-1682.2923532090908,-7.8101291648259767,-12211.06058481597,-11.332509942737902,10528.768231431048,-7.810035243741023,4773.4348243532368,0,0,0,0.033711999999999999
108,1.8166667614132166,1,0.033333335071802139,496.12503051757812,496.12503504753113,496.12503504753113,1.4277684590169315e-09,5.2045834308955818e-10,0.069362338784397834,-4.1998600959777832,-183.04104614257812,-1.3589482307434082,-8.6593996684314334e-05,1.0409166861791164e-07,-5.5048326430551242e-05,-7.1068335648269922,-1662.2562749066465,-6.4873801096706973,-12405.993489781193,-7.1069201588236766,10743.737214978639,-6.4874351579971279,4662.5734450463242,0,0,3.7841399999999998,3.8402020000000001
109,1.8333334289491177,0,0,496.12503051757812,496.12503504753113,496.12503504753113,1.3556102906875367e-09,-4.3294896556744789e-09,0.069362338784397834,0,0,0,-2.3885604605311528e-08,-8.6589793113489577e-07,1.5658201846235897e-05,-7.1068335648269922,-1662.2562749066465,-6.4873801096706973,-12438.693492885353,-7.1068335887125968,10776.437217112809,-6.4873644514688511,4662.5734450462933,0,0,0,0.028747000000000002
110,1.8500000964850187,1,0.033333335071802139,496.12503051757812,496.12503504753113,496.12503504753113,1.2933581983176623e-09,-3.7351242099248338e-09,0.069367489923222503,-3.8821613788604736,-156.48809814453125,-3.233635425567627,-5.5705675094941398e-05,-7.4702484198496677e-07,-5.8357647958473535e-05,-3.2418073135109808,-1668.9578496720958,-3.302012788934825,-12633.626397850572,-3.2418630191860758,10964.668547431451,-3.3020711465827834,4715.8951123188663,0,0,3.7625199999999999,3.8201499999999999
111,1.8666667640209198,0,0,496.12503051757812,496.12503504753113,496.12503504753113,1.2321510478585651e-09,-3.6724299157242513e-09,0.069367489923222503,0,0,0,4.2902797758870292e-05,-7.3448598314485025e-07,2.1186440335441148e-05,-3.2418073135109808,-1668.9578496720958,-3.302012788934825,-12666.326400954731,-3.241764410713222,10997.36855054815,-3.3019916024944895,4715.8951123188563,0,0,0,0.028396000000000001
112,1.8833334315568209,1,0.033333335071802139,496.12503051757812,496.12503504753113,496.12503504753113,1.667659121906695e-09,2.6130482666530952e-08,0.069344871176951581,0.85960757732391357,-149.79829406738281,-0.82292914390563965,-6.3570553265890339e-05,5.2260965333061904e-06,-2.6436032385390718e-05,-4.1603941806345999,-1682.4864808411394,-2.5195544264020682,-12861.25930591995,-4.1604577511878658,11178.772830304908,-2.5195808624344536,4798.4665052562204,0,0,3.77488,3.8317220000000001
113,1.9000000990927219,0,0,496.12503051757812,496.12503504753113,496.12503504753113,1.6084488185796886e-09,-3.5526159791743339e-09,0.069344871176951581,0,0,0,-8.6742147686891258e-06,-7.1052319583486678e-07,5.5549827493450721e-05,-4.1603941806345999,-1682.4864808411394,-2.5195544264020682,-12893.959309024111,-4.1604028548493686,11211.472827472448,-2.5194988765745747,4798.4665052562132,0,0,0,0.028212000000000001
114,1.916666766628623,1,0.033333335071802139,496.12503051757812,496.12503504753113,496.12503504753113,1.8494360487508743e-09,1.4459232033914304e-08,0.06934301420843518,2.2583041191101074,-148.30235290527344,2.150263786315918,-3.837377562376787e-05,2.8918464067828609e-06,-2.8870124424429378e-05,-6.4927250525950768,-1697.5359843061206,-4.7254223935782491,-13088.892213989333,-6.4927634263707006,11391.356232575059,-4.7254512637026735,4889.1000904935108,0,0,3.7850799999999998,3.8412169999999999
115,1.9333334341645241,0,0,496.12503051757812,496.12503504753113,496.12503504753113,1.804964955276489e-09,-2.6682647202846965e-09,0.06934301420843518,0,0,0,6.367737341861357e-05,-5.336529440569393e-07,9.2628545189654687e-05,-6.4927250525950768,-1697.5359843061206,-4.7254223935782491,-13121.592217093492,-6.4926613752216582,11424.056232253719,-4.7253297650330595,4889.1000904935408,0,0,0,0.028351000000000001
116,1.9500001017004251,1,0.033333335071802139,496.12503051757812,496.12503504753113,496.12503504753113,1.9537429452043398e-09,8.9266727343328967e-09,0.069359376697110453,4.3373727798461914,-148.49458312988281,-1.6288610696792603,-3.9758839420755976e-05,1.7853345468665793e-06,-4.2641875097615412e-05,-10.893839238609363,-1712.3617002759565,-3.1040077671781487,-13316.525122058711,-10.893878997448784,11604.163423568089,-3.1040504090532464,4979.8820980725177,0,0,6.8092560000000004,6.8674879999999998
117,1.9666667692363262,0,0,496.12503051757812,496.12503504753113,496.12503504753113,1.9338359802389959e-09,-1.1944218947235186e-09,0.069359376697110453,0,0,0,1.9166157017025398e-05,-2.3888437894470371e-07,0.000127854582387954,-10.893839238609363,-1712.3617002759565,-3.1040077671781487,-13349.225125162871,-10.893820072452346,11636.863424648031,-3.1038799125957608,4979.8820980725504,0,0,0,0.028566000000000001
118,1.9833334367722273,1,0.033333335071802139,496.12503051757812,496.12503504753113,496.12503504753113,2.1555293105990359e-09,1.3301605150672913e-08,0.069356377610341177,0.43312332034111023,-148.65818786621094,-0.35902112722396851,-0.00013192500318837119,2.6603210301345825e-06,-6.8033955358259846e-06,-11.394308210596154,-1727.0265863383233,-2.739301546767662,-13544.158030128088,-11.394440135599343,11817.131446450087,-2.7393083501631978,5071.8472662322065,0,0,9.8471510000000002,9.9092559999999992
119,2.0000001043081284,0,0,496.12503051757812,496.12503504753113,496.12503504753113,2.1282882123330182e-09,-1.6344712250315752e-09,0.069356377610341177,0,0,0,4.7471593234149623e-05,-3.2689424500631503e-07,1.9977318288511015e-05,-11.394308210596154,-1727.0265863383233,-2.739301546767662,-13576.858033232249,-11.39426073900292,11849.831446567032,-2.7392815694493735,5071.8472662321692,0,0,0,0.028739000000000001
120,2.0166667718440294,1,0.033333335071802139,496.12503051757812,496.12503504753113,496.12503504753113,2.259035847274049e-09,7.8448572082834289e-09,0.069342008937581037,-0.81682682037353516,-149.01783752441406,-0.32314079999923706,2.958614686576766e-06,1.5689714416566858e-06,-5.2899036973030888e-05,-10.614073591557291,-1741.3493968204755,-2.4164591765692602,-13771.790938197471,-10.614070632942605,12030.441542945968,-2.4165120756062333,5163.7870595832292,0,0,6.7974769999999998,6.8563929999999997
121,2.0333334393799305,0,0,496.12503051757812,496.12503504753113,496.12503504753113,2.2570032509605653e-09,-1.2195977561191285e-10,0.069342008937581037,0,0,0,6.7365999711910263e-05,-2.4391955122382569e-08,0.00015893887166384957,-10.614073591557291,-1741.3493968204755,-2.4164591765692602,-13804.490941301632,-10.61400622555758,12063.141544456765,-2.4163002376975964,5163.7870595832956,0,0,0,0.028653999999999999
122,2.0500001069158316,1,0.033333335071802139,496.12503051757812,496.12503504753113,496.12503504753113,2.4848179069891785e-09,1.3668877585359951e-08,0.069343123990459457,-8.1110963821411133,-149.76829528808594,-1.3671159744262695,1.9113667804049328e-05,2.7337755170719902e-06,-0.00013537579661715426,-2.5105851417419203,-1754.923968587977,-1.041308266824488,-13999.423846266849,-2.5105660280741162,12244.499880412648,-1.0414436426211051,5246.4150721459291,0,0,6.7973819999999998,6.8559739999999998
123,2.0666667744517326,0,0,496.12503051757812,496.12503504753113,496.12503504753113,2.3434336693384239e-09,-8.4830560354021145e-09,0.069343123990459457,0,0,0,7.6964352047070861e-05,-1.6966112070804229e-06,0.00014672299357698648,-2.5105851417419203,-1754.923968587977,-1.041308266824488,-14032.12384937101,-2.5105081773898732,12277.199879086422,-1.041161543830911,5246.4150721459528,0,0,0,0.028570999999999999
124,2.0833334419876337,1,0.033333335071802139,496.12503051757812,496.12503504753113,496.12503504753113,2.2104149621782199e-09,-7.9811286468611797e-09,0.069357332501078908,-3.6298453807830811,-150.39773559570312,-0.68709796667098999,-5.899786970076093e-05,-1.5962257293722359e-06,-4.7568289573973743e-05,1.1982012316830435,-1767.8643146909517,-0.3498363854674551,-14227.05675433623,1.1981422338133427,12459.192438049053,-0.34988395375702908,5333.3290802441761,0,0,6.9301589999999997,6.9893580000000002
125,2.1000001095235348,0,0,496.12503051757812,496.12503504753113,496.12503504753113,2.2388779719051399e-09,1.7077779190799447e-09,0.069357332501078908,0,0,0,4.9405070967623033e-05,3.4155558381598894e-07,2.7519018885868718e-05,1.1982012316830435,-1767.8643146909517,-0.3498363854674551,-14259.756757440391,1.1982506367540111,12491.892443090996,-0.34980886644856923,5333.3290802441697,0,0,0,0.028618999999999999
126,2.1166667770594358,1,0.033333335071802139,496.12503051757812,496.12503504753113,496.12503504753113,2.2254602605187301e-09,-8.0506268318458751e-10,0.069350511519884542,-2.0497050285339355,-150.68231201171875,-0.30915725231170654,-4.2319075532759598e-05,-1.610125366369175e-07,-3.7769126493003569e-05,3.3078432713807766,-1780.5406589194172,-0.02774803014767957,-14454.689662405608,3.3078009523052438,12674.149003325178,-0.027785799274172573,5418.0508941500002,0,0,3.7946119999999999,3.8525299999999998
127,2.1333334445953369,0,0,496.12503051757812,496.12503504753113,496.12503504753113,2.1990573806363045e-09,-1.5841781220160556e-09,0.069350511519884542,0,0,0,4.7048916940184426e-05,-3.1683562440321111e-07,1.628324071134557e-05,3.3078432713807766,-1780.5406589194172,-0.02774803014767957,-14487.389665509769,3.3078903202977168,12706.849006273516,-0.027731746906968224,5418.0508941499984,0,0,0,0.028819999999999998
128,2.150000112131238,1,0.033333335071802139,496.12503051757812,496.12503504753113,496.12503504753113,2.1338499855971804e-09,-3.9124437023474457e-09,0.069337199613147812,-1.2152425050735474,-151.22459411621094,-0.043496124446392059,2.0944756329299707e-05,-7.8248874046948913e-07,-8.3099206449332996e-05,4.5676596506969762,-1792.69394611348,0.044744596921567847,-14682.322570474989,4.5676805954533055,12889.628623579021,0.044661497715118514,5501.2989869859512,0,0,3.8359380000000001,3.8942299999999999
129,2.1666667796671391,0,0,496.12503051757812,496.12503504753113,496.12503504753113,2.1150632356636834e-09,-1.1272103250803411e-09,0.069337199613147812,0,0,0,4.6382564278246718e-05,-2.2544206501606823e-07,9.3248729626793647e-06,4.5676596506969762,-1792.69394611348,0.044744596921567847,-14715.022573579148,4.5677060332612545,12922.328627240226,0.044753921794530527,5501.2989869859284,0,0,0,0.028326
130,2.1833334472030401,1,0.033333335071802139,496.12503051757812,496.12503504753113,496.12503504753113,1.7824726139537006e-09,-1.9955432861706868e-08,0.069330568596416564,0.16979984939098358,-151.93856811523438,-5.4337177276611328,-5.3191348570180708e-05,-3.9910865723413735e-06,-5.2029565722477855e-05,4.4248929569908588,-1804.1478629190919,5.5754539008287587,-14909.955478544369,4.4248397656422886,13105.807611634191,5.5754018712630362,5579.9807451361694,0,0,3.7930510000000002,3.8515709999999999
131,2.2000001147389412,0,0,496.12503051757812,496.12503504753113,496.12503504753113,1.6956001047674363e-09,-5.2123496629974397e-09,0.069330568596416564,0,0,0,-1.0599779898257111e-05,-1.0424699325994879e-06,1.2885982414445607e-05,4.4248929569908588,-1804.1478629190919,5.5754539008287587,-14942.65548164853,4.4248823572109606,13138.507617686968,5.5754667868111731,5579.9807451361557,0,0,0,0.028486999999999998
132,2.2166667822748423,1,0.033333335071802139,496.12503051757812,496.12503504753113,496.12503504753113,1.8137258361861086e-09,7.0875429969419201e-09,0.069329175287160705,1.1118506193161011,-152.45681762695312,-3.9159743785858154,-5.6454416608175961e-05,1.417508599388384e-06,-5.1253596211608965e-05,3.3222210965946291,-1815.1044678124836,9.6326931937631795,-15137.588386613746,3.3221646421780209,13322.483920218772,9.6326419401669678,5658.9434124486088,0,0,3.8121550000000002,3.8691840000000002
133,2.2333334498107433,0,0,496.12503051757812,496.12503504753113,496.12503504753113,1.7070391766793591e-09,-6.4011977940481302e-09,0.069329175287160705,0,0,0,1.2728816045637359e-05,-1.280239558809626e-06,2.4998519165819744e-05,3.3222210965946291,-1815.1044678124836,9.6326931937631795,-15170.288389717907,3.3222338254106747,13355.183920625184,9.6327181922823453,5658.943412448597,0,0,0,0.028566999999999999
134,2.2500001173466444,1,0.033333335071802139,496.12503051757812,496.12503504753113,496.12503504753113,1.9748203072822434e-09,1.6066870500708319e-08,0.06931337802892637,0.67444026470184326,-152.86695861816406,5.606025218963623,-7.0681676334061194e-05,3.2133741001416638e-06,-0.00014870049653836759,2.6587033384072014,-1825.6894644810047,4.0865406327020288,-15365.221294683128,2.6586326567308673,13539.531833415498,4.0863919322054905,5728.0909923483741,0,0,3.8148680000000001,3.8720430000000001
135,2.2666667848825455,0,0,496.12503051757812,496.12503504753113,496.12503504753113,1.9245895988007078e-09,-3.0138394002676705e-09,0.06931337802892637,0,0,0,0.00012904999948659679,-6.027678800535341e-07,1.6567923921684269e-06,2.6587033384072014,-1825.6894644810047,4.0865406327020288,-15397.921297787288,2.658832388406688,13572.231832703515,4.086542289494421,5728.0909923483468,0,0,0,0.028555000000000001
136,2.2833334524184465,1,0.033333335071802139,496.12503051757812,496.12503504753113,496.12503504753113,1.8385865052650274e-09,-5.160185168051612e-09,0.069300639968948252,0.23758445680141449,-153.40223693847656,3.4444968700408936,-7.4316557174824993e-05,-1.0320370336103224e-06,-1.9583126231736969e-05,2.4461642109883392,-1835.7610231920739,0.6520680299905669,-15592.854202752507,2.4460898944311644,13757.093178528396,0.65204844686433516,5800.4999310390294,0,0,3.7842910000000001,3.84327
137,2.3000001199543476,0,0,496.12503051757812,496.12503504753113,496.12503504753113,1.7827090914579458e-09,-3.3526479370493689e-09,0.069300639968948252,0,0,0,2.1834051722180448e-05,-6.7052958740987378e-07,1.8345230046179495e-05,2.4461642109883392,-1835.7610231920739,0.6520680299905669,-15625.554205856668,2.4461860450400614,13789.793181994064,0.65208637522061308,5800.4999310390131,0,0,0,0.028551
138,2.3166667874902487,1,0.033333335071802139,496.12503051757812,496.12503504753113,496.12503504753113,2.0097790098816404e-09,1.3624191552707998e-08,0.069290465111432401,-3.3403174877166748,-154.02787780761719,0.85781949758529663,-4.3343908373572049e-05,2.7248383105415996e-06,-6.8389795160328504e-05,5.8456279711056673,-1845.2243608331078,-0.1860993431244079,-15820.487110821887,5.8455846271972938,13975.262752713617,-0.18616773291956823,5867.1309385578425,0,0,3.8162060000000002,3.8748809999999998
139,2.3333334550261497,0,0,496.12503051757812,496.12503504753113,496.12503504753113,2.0145873858012919e-09,2.8850521971435228e-10,0.069290465111432401,0,0,0,-6.2326762417796999e-06,5.7701043942870456e-08,1.0106134595844196e-05,5.8456279711056673,-1845.2243608331078,-0.1860993431244079,-15853.187113926046,5.8456217384294256,14007.962753150639,-0.18608923698981206,5867.1309385578252,0,0,0,0.028539999999999999
140,2.3500001225620508,1,0.033333335071802139,496.12503051757812,496.12503504753113,496.12503504753113,2.0453667648467899e-09,1.8467574136593612e-09,0.069288093596696826,-1.732795238494873,-154.49130249023438,0.70813441276550293,-5.5433361012546811e-05,3.6935148273187224e-07,-5.1224560593254864e-05,7.6712171000299456,-1854.2314828893921,-0.88001394527663912,-16048.120018891266,7.6711616666689331,14193.888536371225,-0.88006516983723238,5934.1987701261687,0,0,3.787668,3.8466520000000002
141,2.3666667900979519,0,0,496.12503051757812,496.12503504753113,496.12503504753113,2.0643333709102762e-09,1.1379950315415499e-09,0.069288093596696826,0,0,0,-3.5967480016552145e-05,2.2759900630830998e-07,5.2934035466023488e-05,7.6712171000299456,-1854.2314828893921,-0.88001394527663912,-16080.820021995427,7.6711811325499291,14226.588539333634,-0.8799610112411731,5934.1987701261687,0,0,0,0.028476999999999999
142,2.383333457633853,1,0.033333335071802139,496.12503051757812,496.12503504753113,496.12503504753113,2.0980444048745994e-09,2.0226664787514892e-09,0.06927893546466922,-0.91871243715286255,-154.85519409179688,0.56832146644592285,1.5042007817100966e-05,4.0453329575029784e-07,-9.4456675014953362e-05,8.6878298642310554,-1862.8918474854777,-1.4392141030721666,-16275.752926960648,8.6878449062388725,14412.861079879704,-1.4393085597471815,5999.7227589847398,0,0,3.8143199999999999,3.873062
143,2.400000125169754,0,0,496.12503051757812,496.12503504753113,496.12503504753113,2.0360477748226913e-09,-3.71979336222239e-09,0.06927893546466922,0,0,0,3.0729441391486034e-05,-7.43958672444478e-07,-4.4052228531654691e-06,8.6878298642310554,-1862.8918474854777,-1.4392141030721666,-16308.452930064806,8.6878605936724469,14445.561081835371,-1.4392185082950197,5999.7227589847071,0,0,0,0.028400999999999999
144,2.4166667927056551,1,0.033333335071802139,496.12503051757812,496.12503504753113,496.12503504753113,2.0084054419555741e-09,-1.6585417483838683e-09,0.069273430245871404,-0.45900619029998779,-155.34822082519531,0.48742827773094177,-2.4424878120044013e-05,-3.3170834967677365e-07,-0.0001468230379941815,9.2544575144410448,-1871.0714660382134,-1.9245058048188852,-16503.385835030025,9.2544330895629248,14632.314368660103,-1.9246526278568794,6064.3396315193277,0,0,3.7946710000000001,3.861453
145,2.4333334602415562,0,0,496.12503051757812,496.12503504753113,496.12503504753113,1.8981007876561762e-09,-6.6182814784099264e-09,0.069273430245871404,0,0,0,-0.00012756092928611906,-1.3236562956819853e-06,7.1365184339811094e-05,9.2544575144410448,-1871.0714660382134,-1.9245058048188852,-16536.085838134186,9.2543299535117587,14665.014370772316,-1.9244344396345454,6064.3396315193231,0,0,0,0.029090999999999999
146,2.4500001277774572,1,0.033333335071802139,496.12503051757812,496.12503504753113,496.12503504753113,1.8265153833851855e-09,-4.2951207035457628e-09,0.069271785238770353,0.6505240797996521,-155.76258850097656,-7.3253517150878906,-9.2013721086914302e-06,-8.5902414070915256e-07,-5.0791697958629811e-05,8.7189285413034252,-1878.8483520230443,5.431712783994568,-16731.018743099405,8.7189193399313165,14852.170390217336,5.4316619922966094,6122.4083291499219,0,0,3.818184,3.8773070000000001
147,2.4666667953133583,0,0,496.12503051757812,496.12503504753113,496.12503504753113,1.7016942299719062e-09,-7.489271425242805e-09,0.069271785238770353,0,0,0,-1.246340843863436e-05,-1.497854285048561e-06,1.2474151844799053e-05,8.7189285413034252,-1878.8483520230443,5.431712783994568,-16763.718746203565,8.7189160778949866,14884.870392682667,5.4317252581464128,6122.4083291499146,0,0,0,0.028452000000000002
148,2.4833334628492594,1,0.033333335071802139,496.12503051757812,496.12503504753113,496.12503504753113,1.6408142622381661e-09,-3.6528007285596686e-09,0.069281018484814605,-0.49384856224060059,-156.15634155273438,-2.0063822269439697,-0.00014150720062389155,-7.3056014571193373e-07,-8.0125687418330926e-06,9.3398120298194041,-1886.234845521763,7.5294424569392904,-16958.651651168788,9.3396705226187802,15072.416804916465,7.5294344443705485,6183.0449366539842,0,0,3.9646699999999999,4.0228349999999997
149,2.5000001303851604,0,0,496.12503051757812,496.12503504753113,496.12503504753113,1.6335630625974318e-09,-4.3507508706852605e-10,0.069281018484814605,0,0,0,-2.0500124264799524e-05,-8.7015017413705209e-08,0.0001783783432074415,9.3398120298194041,-1886.234845521763,7.5294424569392904,-16991.351654272945,9.3397915296951393,15105.116808664166,7.5296208352824978,6183.0449366540151,0,0,0,0.028583999999999998
150,2.5166667979210615,1,0.033333335071802139,496.12503051757812,496.12503504753113,496.12503504753113,1.5684017418138296e-09,-3.9096796911053389e-09,0.069275288836282908,-0.20829564332962036,-156.29972839355469,-0.13230510056018829,-4.9030677473638207e-05,-7.8193593822106777e-07,-4.7878268105705502e-05,9.6836438832640823,-1893.4997707088035,7.7294912394529902,-17186.284559238164,9.6835948525866087,15292.784787747423,7.7294433611848845,6242.1359660536946,0,0,3.7569300000000001,3.8164669999999998
151,2.5333334654569626,0,0,496.12503051757812,496.12503504753113,496.12503504753113,1.4478357401870312e-09,-7.2339592094294858e-09,0.069275288836282908,0,0,0,0.00012892842278233729,-1.4467918418858972e-06,3.1403715183841996e-06,9.6836438832640823,-1893.4997707088035,7.7294912394529902,-17218.984562342324,9.6837728116868647,15325.484790186729,7.7294943798245086,6242.1359660537246,0,0,0,0.028552999999999999
152,2.5500001329928637,1,0.033333335071802139,496.12503051757812,496.12503504753113,496.12503504753113,1.5835537325870064e-09,8.1430790999093006e-09,0.069268664408500463,0.050655551254749298,-156.69584655761719,0.65157538652420044,-7.0464466261910275e-06,1.6286158199818601e-06,-0.00016160859104275005,9.7695752934171765,-1900.3749592727518,7.133297474245917,-17413.917467307543,9.7695682469705503,15513.542509663406,7.1331358656548742,6299.865626450498,0,0,3.7887620000000002,3.8461029999999998
153,2.5666668005287647,0,0,496.12503051757812,496.12503504753113,496.12503504753113,1.606298649647897e-09,1.3646959118318591e-09,0.069268664408500463,0,0,0,3.6870022768198396e-05,2.7293918236637182e-07,5.9595606671791757e-05,9.7695752934171765,-1900.3749592727518,7.133297474245917,-17446.617470411704,9.7696121634399447,15546.242511411891,7.1333570698525888,6299.8656264504525,0,0,0,0.028399000000000001
154,2.5833334680646658,1,0.033333335071802139,496.12503051757812,496.12503504753113,496.12503504753113,1.7055790113573721e-09,5.9568208143900847e-09,0.069282950668716078,1.1492139101028442,-157.24591064453125,4.4554152488708496,-4.0119596178556094e-05,1.1913641628780169e-06,-4.379548386168608e-05,8.7372361146054978,-1906.6821521849945,2.7187626834097731,-17641.550375376926,8.7371959950093192,15734.868224383295,2.7187188879259114,6338.7376235412266,0,0,5.7788589999999997,5.8381049999999997
155,2.6000001356005669,0,0,496.12503051757812,496.12503504753113,496.12503504753113,1.7145553865560714e-09,5.3858340010037864e-10,0.069282950668716078,0,0,0,4.3627295553960721e-05,1.0771668002007573e-07,3.5500306694302708e-05,8.7372361146054978,-1906.6821521849945,2.7187626834097731,-17674.250378481087,8.7372797419010517,15767.56822640381,2.7187981837164674,6338.7376235412212,0,0,0,0.028548
156,2.6166668031364679,1,0.033333335071802139,496.12503051757812,496.12503504753113,496.12503504753113,1.8459599404607729e-09,7.8842745665497205e-09,0.069309802459818937,4.1050500869750977,-157.35942077636719,1.6678166389465332,1.5930345398373902e-05,1.5768549133099441e-06,-1.058381258189911e-05,4.6579254111927515,-1912.8609224921395,1.0421453794386426,-17869.183283446302,4.6579413415381499,15956.322362531017,1.0421347956260607,6373.824730200653,0,0,5.6170330000000002,5.6763599999999999
157,2.633333470672369,0,0,496.12503051757812,496.12503504753113,496.12503504753113,1.9160726338895984e-09,4.2067558325697973e-09,0.069309802459818937,0,0,0,6.707298325636657e-05,8.4135116651395947e-07,7.4249760473321658e-05,4.6579254111927515,-1912.8609224921395,1.0421453794386426,-17901.883286550463,4.6579924841760079,15989.022364899674,1.0422196291991159,6373.8247302006885,0,0,0,0.028587000000000001
158,2.6500001382082701,1,0.033333335071802139,496.12503051757812,496.12503504753113,496.12503504753113,2.2869297566785463e-09,2.2251430920050552e-08,0.069298064095430614,1.6869133710861206,-157.27461242675781,0.93027949333190918,-6.8148131049383665e-05,4.4502861840101104e-06,-3.1904545494398917e-05,3.0373646042272009,-1919.1538441696789,0.10661506251657116,-18096.816191515685,3.0372964560961515,16177.662351796293,0.10658315797107676,6421.841408249571,0,0,4.388655,4.449802
159,2.6666668057441711,0,0,496.12503051757812,496.12503504753113,496.12503504753113,2.1891934931517198e-09,-5.8641749234311646e-09,0.069298064095430614,0,0,0,-8.7562852968403604e-06,-1.1728349846862329e-06,1.2812392924388405e-05,3.0373646042272009,-1919.1538441696789,0.10661506251657116,-18129.516194619842,3.0373558479419041,16210.362349277328,0.10662787490949555,6421.8414082495574,0,0,0,0.028673000000000001
160,2.6833334732800722,1,0.033333335071802139,496.12503051757812,496.12503504753113,496.12503504753113,2.1891508605875742e-09,-2.5579538487363607e-12,0.069289119749450331,-0.12306314706802368,-157.70075988769531,0.52786988019943237,-5.1739806394834886e-05,-5.1159076974727213e-10,-5.0851372179749887e-05,3.2345363714683555,-1925.0267628527563,-0.43441091673384058,-18324.449099585065,3.2344846316619607,16399.422336731797,-0.43446176810602033,6469.4750313083259,0,0,3.919502,3.9789119999999998
161,2.7000001408159733,0,0,496.12503051757812,496.12503504753113,496.12503504753113,2.169150414843557e-09,-1.200021415570518e-09,0.069289119749450331,0,0,0,0.00012876810160378227,-2.400042831141036e-07,3.5708467294170987e-06,3.2345363714683555,-1925.0267628527563,-0.43441091673384058,-18357.149102689225,3.2346651395699593,16432.122339596466,-0.43440734588711116,6469.4750313083541,0,0,0,0.028417999999999999
162,2.7166668083518744,1,0.033333335071802139,496.12503051757812,496.12503504753113,496.12503504753113,2.2408359612313689e-09,4.3011318950902933e-09,0.069291422637749664,-0.51933664083480835,-158.00263977050781,0.72036385536193848,-4.1429180441809876e-05,8.6022637901805865e-07,-7.2108764470613096e-05,3.8317339016316971,-1930.5940287137603,-1.172153282448408,-18552.082007654441,3.8316924724512553,16621.487979800906,-1.1722253912128786,6516.9138762844404,0,0,3.786267,3.846079
163,2.7333334758877754,0,0,496.12503051757812,496.12503504753113,496.12503504753113,2.1585890852549028e-09,-4.9348072295174461e-09,0.069291422637749664,0,0,0,4.0122642985807033e-06,-9.8696144590348922e-07,5.3002537470092648e-05,3.8317339016316971,-1930.5940287137603,-1.172153282448408,-18584.782010758601,3.8317379138959957,16654.187981057879,-1.1721002799109379,6516.9138762844241,0,0,0,0.029238
164,2.7500001434236765,1,0.033333335071802139,496.12503051757812,496.12503504753113,496.12503504753113,2.1505399683263704e-09,-4.8294523935510369e-10,0.069288656495663556,-0.61156845092773438,-158.10205078125,0.82800734043121338,-5.1090069064230192e-05,-9.6589047871020739e-08,-0.00011359337577232509,4.5279655098724625,-1936.0673558174476,-2.0211680042491471,-18779.714915723824,4.5279144198033983,16843.647559809786,-2.0212815976249194,6564.7133638111709,0,0,3.8153860000000002,3.8736459999999999
165,2.7666668109595776,0,0,496.12503051757812,496.12503504753113,496.12503504753113,2.0737060957287667e-09,-4.6100385731051574e-09,0.069288656495663556,0,0,0,-7.5728826232079882e-05,-9.2200771462103148e-07,6.2719072957406752e-05,4.5279655098724625,-1936.0673558174476,-2.0211680042491471,-18812.414918827984,4.5278897810462304,16876.347562088529,-2.0211052851761897,6564.7133638111545,0,0,0,0.027859999999999999
166,2.7833334784954786,1,0.033333335071802139,496.12503051757812,496.12503504753113,496.12503504753113,2.2349195827331414e-09,9.6728101084408991e-09,0.069281991419135269,-0.58795052766799927,-158.27578735351562,0.82188141345977783,-1.583075004418788e-06,1.9345620216881798e-06,-3.6785360180147109e-05,5.2124347075639372,-1941.3713193639187,-2.8710916037873702,-19007.347823793203,5.2124331244889328,17065.976506363848,-2.8711283891475503,6612.5793989675722,0,0,9.8226279999999999,9.8834459999999993
167,2.8000001460313797,0,0,496.12503051757812,496.12503504753113,496.12503504753113,2.2079023054288882e-09,-1.6210379705228206e-09,0.069281991419135269,0,0,0,-3.6944527437299257e-07,-3.2420759410456412e-07,3.1175818548945244e-05,5.2124347075639372,-1941.3713193639187,-2.8710916037873702,-19040.047826897364,5.2124343381186629,17098.676507209238,-2.8710604279688212,6612.5793989675713,0,0,0,0.028681000000000002
168,2.8166668135672808,1,0.033333335071802139,496.12503051757812,496.12503504753113,496.12503504753113,2.6094271188270568e-09,2.4091484362998017e-08,0.069277397604012955,-0.50838106870651245,-158.49266052246094,0.81516683101654053,-5.0370692861179123e-05,4.8182968725996034e-06,-5.8312059536547167e-05,5.8327370579663889,-1946.4578816401067,-3.7243970402145816,-19234.980731862583,5.8326866872735277,17288.522855040774,-3.7244553522741182,6659.78255347498,0,0,6.7967240000000002,6.8570169999999999
169,2.8333334811031818,0,0,496.12503051757812,496.12503504753113,496.12503504753113,2.5087274480029009e-09,-6.0419838021630312e-09,0.069277397604012955,0,0,0,4.5514605062635383e-05,-1.2083967604326062e-06,8.0487723153055413e-05,5.8327370579663889,-1946.4578816401067,-3.7243970402145816,-19267.680734966743,5.8327825725714515,17321.222852118241,-3.7243165524914286,6659.7825534749845,0,0,0,0.028624
170,2.8500001486390829,1,0.033333335071802139,496.12503051757812,496.12503504753113,496.12503504753113,3.0345128632092155e-09,3.1547127576914136e-08,0.069281684374119926,12.838292121887207,-158.85585021972656,-0.44849351048469543,-2.967663590425218e-05,6.3094255153828271e-06,-1.4558929706254276e-05,-6.9583044515342838,-1951.1738578017248,-3.310496904186838,-19462.613639931962,-6.958334128170188,17511.439788439664,-3.3105114631165442,6619.4376073852727,0,0,6.7641299999999998,6.8232290000000004
171,2.866666816174984,0,0,496.12503051757812,496.12503504753113,496.12503504753113,3.0169904352561616e-09,-1.0513501180753337e-09,0.069281684374119926,0,0,0,4.4548477262651431e-05,-2.1027002361506675e-07,3.7568037214441574e-05,-6.9583044515342838,-1951.1738578017248,-3.310496904186838,-19495.313643036123,-6.9582599030570211,17544.139785024126,-3.3104593361496235,6619.4376073852782,0,0,0,0.029818999999999998
172,2.883333483710885,1,0.033333335071802139,496.12503051757812,496.12503504753113,496.12503504753113,3.2037739128298881e-09,1.1207003325353071e-08,0.069332008028314199,-1.461376428604126,-182.62451171875,-0.54686069488525391,5.9750050240836572e-06,2.2414006650706142e-06,-0.00011022162880180986,-5.4484180064674614,-1931.8278915008657,-2.7901266279400501,-19690.246548001342,-5.4484120314624374,17758.418658741877,-2.7902368495688519,6499.8566949397555,0,0,6.8907299999999996,6.9523130000000002
173,2.9000001512467861,0,0,496.12503051757812,496.12503504753113,496.12503504753113,3.1779239240137258e-09,-1.5509975526128983e-09,0.069332008028314199,0,0,0,5.7574436596041778e-05,-3.1019951052257966e-07,2.0471986772463424e-05,-5.4484180064674614,-1931.8278915008657,-2.7901266279400501,-19722.946551105502,-5.4483604320308654,17791.118659294436,-2.7901061559532776,6499.8566949397391,0,0,0,0.028510000000000001
174,2.9166668187826872,1,0.033333335071802139,496.12503051757812,496.12503504753113,496.12503504753113,3.1947535727994136e-09,1.0097807034981088e-09,0.069339300068665496,-2.8424205780029297,-163.9273681640625,-0.34328228235244751,-8.824933956930181e-05,2.0195614069962176e-07,-1.7377237782056909e-05,-2.5705074457120651,-1931.3559817233279,-2.4799345120829406,-19917.879456070721,-2.5705956950516344,17986.523474549351,-2.4799518893207226,6516.3673182923285,0,0,6.7997719999999999,6.8596250000000003
175,2.9333334863185883,0,0,496.12503051757812,496.12503504753113,496.12503504753113,3.1053446480910907e-09,-5.3645288211612296e-09,0.069339300068665496,0,0,0,7.2086368163581938e-05,-1.0729057642322459e-06,4.5266205006555538e-05,-2.5705074457120651,-1931.3559817233279,-2.4799345120829406,-19950.579459174882,-2.5704353593439015,18019.223476378647,-2.479889245877934,6516.3673182923276,0,0,0,0.028546999999999999
176,2.9500001538544893,1,0.033333335071802139,496.12503051757812,496.12503504753113,496.12503504753113,3.1106031084249253e-09,3.1551294910059369e-10,0.069338438436895772,-1.5275304317474365,-159.859130859375,0.73499554395675659,-8.0326890383730642e-05,6.3102589820118737e-08,-1.5744740267109592e-05,-1.0101495099194167,-1935.0556190163272,-3.2649697486646625,-20145.512364140101,-1.0102298368098004,18210.456745186875,-3.2649854934049296,6546.4457341337538,0,0,9.9123359999999998,9.9739159999999991
177,2.9666668213903904,0,0,496.12503051757812,496.12503504753113,496.12503504753113,2.9865849793253574e-09,-7.441082416903555e-09,0.069338438436895772,0,0,0,5.8977616390620824e-05,-1.488216483380711e-06,9.5918494480429217e-06,-1.0101495099194167,-1935.0556190163272,-3.2649697486646625,-20178.212367244261,-1.010090532303026,18243.156746739718,-3.2649601568152145,6546.445734133742,0,0,0,0.028613
178,2.9833334889262915,1,0.033333335071802139,496.12503051757812,496.12503504753113,496.12503504753113,2.947075250503417e-09,-2.3705801766027434e-09,0.069340301994361003,-0.77559518814086914,-158.59968566894531,1.0256613492965698,-7.4665058491518721e-05,-4.7411603532054869e-07,-2.2256040210777428e-05,-0.20553387560020042,-1940.0519248668766,-4.3618524835502033,-20373.14527220948,-0.20560854065869194,18433.093346868489,-4.3618747395904141,6580.7030932532034,0,0,6.7994380000000003,6.8594480000000004
179,3.0000001564621925,0,0,496.12503051757812,496.12503504753113,496.12503504753113,2.9012916513693199e-09,-2.7470097307968899e-09,0.069340301994361003,0,0,0,6.2890137542126467e-06,-5.4940194615937799e-07,5.2149448492855299e-05,-0.20553387560020042,-1940.0519248668766,-4.3618524835502033,-20405.845275313641,-0.20552758658644621,18465.793349897362,-4.3618003341017104,6580.7030932531961,0,0,0,0.029891000000000001
180,3.0166668239980936,1,0.033333335071802139,496.12503051757812,496.12503504753113,496.12503504753113,2.8478945868215533e-09,-3.2038229846875765e-09,0.069339915780591274,-0.50143957138061523,-158.21195983886719,1.182160496711731,-5.6616102028783644e-05,-6.4076459693751531e-07,-3.2950396189335152e-05,0.31784675915685989,-1945.4573710349237,-5.6250237572062183,-20600.778180278863,0.31779014305483111,18655.320808603174,-5.6250567076024076,6617.9223497526209,0,0,3.7815949999999998,3.8411940000000002
181,3.0333334915339947,0,0,496.12503051757812,496.12503504753113,496.12503504753113,2.7965914028982297e-09,-3.0781914794886234e-09,0.069339915780591274,0,0,0,6.3200411659636302e-05,-6.1563829589772467e-07,2.9830010817022412e-05,0.31784675915685989,-1945.4573710349237,-5.6250237572062183,-20633.47818338302,0.31790995956851953,18688.020811732458,-5.6249939271954013,6617.9223497526218,0,0,0,0.028916000000000001
182,3.0500001590698957,1,0.033333335071802139,496.12503051757812,496.12503504753113,496.12503504753113,2.794928954941156e-09,-9.9742436532324064e-11,0.069341515273261198,-0.43347263336181641,-158.21617126464844,1.0654888153076172,-7.1408976509701461e-07,-1.9948487306464813e-08,-8.2249414390389575e-06,0.77157978778483871,-1950.8729844690001,-6.7721094863420586,-20828.411088348239,0.77157907369507361,18877.53810385929,-6.7721177112834976,6657.4418184055394,0,0,4.0556900000000002,4.1137290000000002
183,3.0666668266057968,0,0,496.12503051757812,496.12503504753113,496.12503504753113,2.7442552674727949e-09,-3.0404221362800854e-09,0.069341515273261198,0,0,0,4.1278929074906046e-05,-6.0808442725601708e-07,0.00011349816304573324,0.77157978778483871,-1950.8729844690001,-6.7721094863420586,-20861.1110914524,0.77162106671391362,18910.238106375316,-6.7719959881790128,6657.441818405583,0,0,0,0.028580999999999999
184,3.0833334941416979,1,0.033333335071802139,496.12503051757812,496.12503504753113,496.12503504753113,2.7429956084290552e-09,-7.5580430802801857e-11,0.069345628500592907,-0.54215395450592041,-158.25643920898438,0.80949479341506958,2.3197890186565928e-05,-1.5116086160560371e-08,-8.4095040620013606e-05,1.3401639300696861,-1956.2498694969481,-7.6659165321155349,-21056.043996417618,1.3401871279598727,19099.794126905555,-7.6660006271561549,6698.1960860477639,0,0,3.7920229999999999,3.8538990000000002
185,3.100000161677599,0,0,496.12503051757812,496.12503504753113,496.12503504753113,2.6688991017209673e-09,-4.445794399288161e-09,0.069345628500592907,0,0,0,2.2628171336691594e-05,-8.891588798576322e-07,-6.2434310166281648e-06,1.3401639300696861,-1956.2498694969481,-7.6659165321155349,-21088.743999521779,1.3401865582410228,19132.494129135674,-7.6659227755465515,6698.1960860477375,0,0,0,0.028545000000000001
186,3.1166668292135,1,0.033333335071802139,496.12503051757812,496.12503504753113,496.12503504753113,2.8571083277029174e-09,1.1292549118024908e-08,0.069343788663343467,-0.59691751003265381,-158.33688354492188,0.74045825004577637,-4.4341595639707521e-05,2.2585098236049816e-06,-7.0232886173471343e-07,1.9709114928529852,-1961.5438491399145,-8.5010860580867593,-21283.676904487002,1.9708671512573455,19322.133057605595,-8.5010867604156211,6739.1998704742864,0,0,4.0847220000000002,4.1439570000000003
187,3.1333334967494011,0,0,496.12503051757812,496.12503504753113,496.12503504753113,2.8809323815437438e-09,1.4294392336466899e-09,0.069343788663343467,0,0,0,3.612560703913914e-05,2.8588784672933798e-07,6.0006448165950133e-05,1.9709114928529852,-1961.5438491399145,-8.5010860580867593,-21316.376907591162,1.9709476184600243,19354.833058737135,-8.5010260516385934,6739.1998704743028,0,0,0,0.028513
188,3.1500001642853022,1,0.033333335071802139,496.12503051757812,496.12503504753113,496.12503504753113,2.7238107325189276e-09,-9.4273033823810692e-09,0.069335690541129508,-1.2382479906082153,-158.54804992675781,7.7708778381347656,-2.9925598710178747e-05,-1.8854606764762138e-06,-3.2312851772076101e-05,3.2523147951203524,-1966.6288234832953,-16.402193469089021,-21511.309812556377,3.2522848695216422,19544.680987187621,-16.402225781940793,6777.4202859010493,0,0,8.5345499999999994,8.5948969999999996
189,3.1666668318212032,0,0,496.12503051757812,496.12503504753113,496.12503504753113,2.7369606581117978e-09,7.889968678398418e-10,0.069335690541129508,0,0,0,7.5163467272432172e-05,1.5779937356796836e-07,2.2314452507998794e-06,3.2523147951203524,-1966.6288234832953,-16.402193469089021,-21544.009815660538,3.2523899585876248,19577.380992335042,-16.40219123764377,6777.420285901062,0,0,0,0.028896999999999999
190,3.1833334993571043,1,0.033333335071802139,496.12503051757812,496.12503504753113,496.12503504753113,3.1004456779726297e-09,2.1809103856185175e-08,0.069349437521225715,-11.287434577941895,-159.04328918457031,-8.0351467132568359,-5.3926498821965652e-05,4.3618207712370349e-06,-1.9615436031017452e-05,14.663574334569965,-1971.1966731307637,-8.3917291030855505,-21738.942720625757,14.663520408071143,19767.746051856815,-8.3917487185215816,6796.5440792105974,0,0,3.895467,3.9553699999999998
191,3.2000001668930054,0,0,496.12503051757812,496.12503504753113,496.12503504753113,2.9534175105538907e-09,-8.8216935978380207e-09,0.069349437521225715,0,0,0,2.0595473415596643e-05,-1.7643387195676041e-06,3.2512446068722056e-05,14.663574334569965,-1971.1966731307637,-8.3917291030855505,-21771.642723729918,14.663594930043381,19800.446048834816,-8.3916965906394818,6796.5440792105946,0,0,0,0.028583000000000001
192,3.2166668344289064,1,0.033333335071802139,496.12503051757812,496.12503504753113,496.12503504753113,3.2749509770724217e-09,1.9292013320182377e-08,0.069364981459719754,-6.2702374458312988,-159.15168762207031,-3.1907405853271484,3.046199026357499e-06,3.8584026640364755e-06,-4.5922701019662782e-05,21.174191473262873,-1975.6600765837022,-5.2335964838215947,-21966.57562869514,21.174194519461899,19990.915555969841,-5.2336424065226144,6831.2059552080873,0,0,3.8075399999999999,3.8654639999999998
193,3.2333335019648075,0,0,496.12503051757812,496.12503504753113,496.12503504753113,3.1787965593110812e-09,-5.7692659538588487e-09,0.069364981459719754,0,0,0,2.6327103341827751e-05,-1.1538531907717697e-06,3.9644970684094005e-05,21.174191473262873,-1975.6600765837022,-5.2335964838215947,-21999.275631799301,21.174217800366215,20023.615554061744,-5.2335568388509106,6831.2059552080882,0,0,0,0.028212000000000001
194,3.2500001695007086,1,0.033333335071802139,496.12503051757812,496.12503504753113,496.12503504753113,3.2072882127920366e-09,1.7094983206789038e-09,0.069343769606076106,-1.6551814079284668,-159.07429504394531,-2.4845714569091797,1.808463139241212e-05,3.4189966413578077e-07,-1.1250483566982439e-05,23.059975568373503,-1980.2401924222934,-2.7733206760696429,-22194.208536764516,23.059993653004895,20213.968344684123,-2.7733319265532099,6864.5364776148144,0,0,7.2379709999999999,7.2967519999999997
195,3.2666668370366096,0,0,496.12503051757812,496.12503504753113,496.12503504753113,3.1042253212376636e-09,-6.1837699405487001e-09,0.069343769606076106,0,0,0,2.751314127635851e-05,-1.23675398810974e-06,4.109334668100928e-05,23.059975568373503,-1980.2401924222934,-2.7733206760696429,-22226.908539868677,23.060003081514779,20246.66834620963,-2.7732795827229619,6864.5364776148217,0,0,0,0.028745
196,3.2833335045725107,1,0.033333335071802139,496.12503051757812,496.12503504753113,496.12503504753113,3.256432679066279e-09,9.1324459106090217e-09,0.069329037324709103,0.58938848972320557,-159.55094909667969,-1.1560952663421631,-4.2704328961917781e-06,1.8264891821218043e-06,-3.0354249247466214e-05,22.676744704602886,-1984.3518734131976,-1.6360490966505321,-22421.841444833895,22.676740434169989,20437.489573247185,-1.6360794508997796,6897.2236978668861,0,0,3.9420519999999999,3.998926
197,3.3000001721084118,0,0,496.12503051757812,496.12503504753113,496.12503504753113,3.211901633548564e-09,-2.6718680601334199e-09,0.069329037324709103,0,0,0,-1.9332779288561142e-05,-5.3437361202668399e-07,8.4358902086023591e-05,22.676744704602886,-1984.3518734131976,-1.6360490966505321,-22454.541447938056,22.676725371823597,20470.189573990487,-1.6359647377484461,6897.2236978669107,0,0,0,0.028212000000000001
198,3.3166668396443129,1,0.033333335071802139,496.12503051757812,496.12503504753113,496.12503504753113,3.2500668822876833e-09,2.2899087070982205e-09,0.069330304835726594,5.1121311187744141,-159.88677978515625,-0.46529483795166016,9.5150539891619701e-06,4.579817414196441e-07,-9.3566654868482146e-05,17.738212858835723,-1988.1215130786295,-1.1825242279531856,-22649.474352903278,17.738222373889712,20661.35284028263,-1.1826177946080541,6924.0092029656107,0,0,7.88781,7.946116
199,3.3333335071802139,0,0,496.12503051757812,496.12503504753113,496.12503504753113,3.1993483418091273e-09,-3.0431182018730851e-09,0.069330304835726594,0,0,0,6.4291907619917765e-05,-6.0862364037461703e-07,2.9896813202867634e-05,17.738212858835723,-1988.1215130786295,-1.1825242279531856,-22682.174356007439,17.738277150743343,20694.052842320187,-1.1824943311399827,6924.0092029655889,0,0,0,0.028697
200,3.350000174716115,1,0.033333335071802139,496.12503051757812,496.12503504753113,496.12503504753113,3.369728496238622e-09,1.0222802160342326e-08,0.069331701895614842,10.425492286682129,-159.96736145019531,-0.78818535804748535,2.6220772042506724e-05,2.0445604320684652e-06,-5.1814959078910761e-05,7.4005515545666576,-1991.8166315112903,-0.39337256839839796,-22877.107260972658,7.4005777753387001,20885.29063150593,-0.39342438335747687,6923.3358580212034,0,0,7.9338949999999997,7.9931450000000002
201,3.3666668422520161,0,0,496.12503051757812,496.12503504753113,496.12503504753113,3.4541465243620451e-09,5.0650843519406408e-09,0.069331701895614842,0,0,0,5.4588417697232217e-05,1.0130168703881282e-06,7.1329861839330988e-05,7.4005515545666576,-1991.8166315112903,-0.39337256839839796,-22909.807264076819,7.4006061429843548,20917.990633578545,-0.39330123853655863,6923.3358580212252,0,0,0,0.028871999999999998
202,3.3833335097879171,1,0.033333335071802139,496.12503051757812,496.12503504753113,496.12503504753113,3.857915320537586e-09,2.4226132211424556e-08,0.069342836205448399,0.81797468662261963,-171.10404968261719,1.2397693395614624,-8.1373786997573916e-05,4.8452264422849112e-06,-3.6698531857837224e-05,6.6146864489072392,-1984.258971897613,-1.6301224611300733,-23104.740169042034,6.6146050751202417,21120.481201989649,-1.6301591596619311,6881.8756763106458,0,0,3.9451510000000001,4.0014479999999999
203,3.4000001773238182,0,0,496.12503051757812,496.12503504753113,496.12503504753113,3.5355420813232286e-09,-1.934238724743409e-08,0.069342836205448399,0,0,0,-5.2200550726411166e-05,-3.8684774494868179e-06,8.6644445218553301e-05,6.6146864489072392,-1984.258971897613,-1.6301224611300733,-23137.440172146195,6.6146342483565128,21153.181196380105,-1.6300358166848548,6881.8756763106539,0,0,0,0.030938
204,3.4166668448597193,1,0.033333335071802139,496.12503051757812,496.12503504753113,496.12503504753113,3.5848779500469163e-09,2.9601565643133654e-09,0.069333275336594766,-0.97184211015701294,-162.14643859863281,-0.23833012580871582,-6.9778633360328968e-05,5.9203131286267308e-07,3.1981699066818692e-06,7.6745196789138612,-1985.7471270897297,-1.3996611052233532,-23332.373077111417,7.6744499002805009,21346.625950613718,-1.3996579070534465,6901.3692825078761,0,0,4.3143320000000003,4.3725230000000002
205,3.4333335123956203,0,0,496.12503051757812,496.12503504753113,496.12503504753113,3.3238358732035067e-09,-1.5662521946069319e-08,0.069333275336594766,0,0,0,-1.0413927498120756e-05,-3.1325043892138638e-06,1.1254877563260379e-05,7.6745196789138612,-1985.7471270897297,-1.3996611052233532,-23365.073080215578,7.6745092649863631,21379.325949993345,-1.3996498503457899,6901.3692825078642,0,0,0,0.033682999999999998
206,3.4500001799315214,1,0.033333335071802139,496.12503051757812,496.12503504753113,496.12503504753113,3.3393721121655062e-09,9.3216812047103303e-10,0.069335000222029292,-0.58456993103027344,-160.33717346191406,0.13186177611351013,-5.6533025372118573e-05,1.8643362409420661e-07,-4.9541972657607403e-05,8.3339989922067552,-1989.0816878192304,-1.5222933765399052,-23560.005985180796,8.3339424591813831,21570.924297548001,-1.5223429185125628,6928.0689298655407,0,0,8.0695530000000009,8.1281730000000003
207,3.4666668474674225,0,0,496.12503051757812,496.12503504753113,496.12503504753113,3.1352342944046541e-09,-1.224826728929429e-08,0.069335000222029292,0,0,0,7.2018769969872665e-05,-2.449653457858858e-06,4.5861378339395742e-05,8.3339989922067552,-1989.0816878192304,-1.5222933765399052,-23592.705988284957,8.3340710109767251,21603.624298016075,-1.5222475151615658,6928.0689298655416,0,0,0,0.028791000000000001
208,3.4833335150033236,1,0.033333335071802139,496.12503051757812,496.12503504753113,496.12503504753113,3.0668563244518054e-09,-4.1026737562788185e-09,0.069337844721922212,2.5958218574523926,-159.93690490722656,0.94542205333709717,-7.6869662279932527e-05,-8.2053475125576369e-07,-6.5336416810168885e-05,5.8097820877001887,-1992.8307563503206,-2.4640185485604582,-23787.638893250172,5.8097052180379087,21794.808136079319,-2.4640838849772684,6952.4226933851187,0,0,7.7944769999999997,7.8552
209,3.5000001825392246,0,0,496.12503051757812,496.12503504753113,496.12503504753113,3.0511828619239623e-09,-9.40413968919529e-10,0.069337844721922212,0,0,0,5.1240743914604536e-05,-1.880827937839058e-07,3.3609785532462411e-05,5.8097820877001887,-1992.8307563503206,-2.4640185485604582,-23820.338896354333,5.8098333284441033,21827.508139815931,-2.4639849387749257,6952.422693385106,0,0,0,0.028746000000000001
210,3.5166668500751257,1,0.033333335071802139,496.12503051757812,496.12503504753113,496.12503504753113,3.4407370286260175e-09,2.3373250002123314e-08,0.069339636105055669,1.0614041090011597,-160.02157592773438,-0.45308953523635864,-6.9830298343731556e-05,4.6746500004246627e-06,-3.2287272233588737e-05,4.813213345337596,-1996.5003646097514,-2.0007720218678027,-24015.271801319555,4.8131435150392523,22018.771441384455,-2.0008043091400363,6978.9550545515458,0,0,4.0083960000000003,4.0663359999999997
211,3.5333335176110268,0,0,496.12503051757812,496.12503504753113,496.12503504753113,3.2397917681947774e-09,-1.2056720066766502e-08,0.069339636105055669,0,0,0,2.1242814796096354e-05,-2.4113440133533004e-06,3.2983342634906876e-05,4.813213345337596,-1996.5003646097514,-2.0007720218678027,-24047.971804423716,4.8132345881523921,22051.471437402623,-2.0007390385251678,6978.9550545515367,0,0,0,0.028393999999999999
212,3.5500001851469278,1,0.033333335071802139,496.12503051757812,496.12503504753113,496.12503504753113,3.1741493877746052e-09,-3.9385419370319141e-09,0.0693390989536736,0.089696288108825684,-160.11712646484375,-0.51197028160095215,-6.3053960275283316e-05,-7.8770838740638283e-07,-2.8917696681673988e-05,4.8121308010533737,-2000.0811272373851,-1.4608517674166284,-24242.904709388935,4.8120677470930984,22242.823581363842,-1.46088068511331,7006.5142988181287,0,0,6.9091449999999996,6.9672999999999998
213,3.5666668526828289,0,0,496.12503051757812,496.12503504753113,496.12503504753113,3.0478948254142324e-09,-7.5752666361950105e-09,0.0693390989536736,0,0,0,6.7728865360550117e-05,-1.5150533272390021e-06,0.00012243713172210846,4.8121308010533737,-2000.0811272373851,-1.4608517674166284,-24275.604712493096,4.8121985299187342,22275.523583740658,-1.4607293302849063,7006.5142988181678,0,0,0,0.028788999999999999
214,3.58333352021873,1,0.033333335071802139,496.12503051757812,496.12503504753113,496.12503504753113,3.0096514169741795e-09,-2.2945982891542371e-09,0.069338328350766129,0.27891251444816589,-160.29205322265625,0.51408088207244873,-7.4751739020939567e-05,-4.5891965783084743e-07,-5.8326975249656243e-05,4.6317330421819074,-2003.4886549746748,-1.967239979727343,-24470.537617458314,4.6316582904428865,22467.048962024721,-1.9672983067025926,7032.1151515076217,0,0,5.9332820000000002,5.9942529999999996
215,3.600000187754631,0,0,496.12503051757812,496.12503504753113,496.12503504753113,2.9404041423930494e-09,-4.1548373630462265e-09,0.069338328350766129,0,0,0,-3.0690335961480741e-05,-8.3096747260924531e-07,5.5989170277825906e-05,4.6317330421819074,-2003.4886549746748,-1.967239979727343,-24503.237620562471,4.6317023518459459,22499.748964756829,-1.9671839905570652,7032.1151515076062,0,0,0,0.028531999999999998
216,3.6166668552905321,1,0.033333335071802139,496.12503051757812,496.12503504753113,496.12503504753113,3.3404146115856292e-09,2.4000623710662694e-08,0.069332547511170475,-0.10301323235034943,-160.43006896972656,0.93647229671478271,-6.1080555724402075e-05,4.8001247421325388e-06,-4.9102914090326522e-05,4.8365947862779688,-2006.7558721009532,-2.9213805193124438,-24698.170525527694,4.8365337057222444,22691.414658226866,-2.9214296222265341,7058.5418937509485,0,0,5.7776990000000001,5.8362639999999999
217,3.6333335228264332,0,0,496.12503051757812,496.12503504753113,496.12503504753113,3.2662141880024365e-09,-4.4520302999728756e-09,0.069332547511170475,0,0,0,2.4661881070642266e-05,-8.9040605999457512e-07,0.00012117957339796703,4.8365947862779688,-2006.7558721009532,-2.9213805193124438,-24730.870528631855,4.8366194481590394,22724.114655640496,-2.9212593397390458,7058.5418937509712,0,0,0,0.028568
218,3.6500001903623343,1,0.033333335071802139,496.12503051757812,496.12503504753113,496.12503504753113,3.430345563160131e-09,9.8478878385321877e-09,0.069319929572797923,-0.17631927132606506,-160.58383178710938,0.98963475227355957,-7.9718375900483807e-05,1.9695775677064375e-06,-5.5549168109791935e-05,5.1109617992043379,-2009.8675876645541,-3.9502883338099748,-24925.803433597073,5.1108820808284374,22915.935847902096,-3.9503438829780846,7085.0295376751119,0,0,7.8289840000000002,7.8898669999999997
219,3.6666668578982353,0,0,496.12503051757812,496.12503504753113,496.12503504753113,3.4169493901003989e-09,-8.0377482447602233e-10,0.069319929572797923,0,0,0,-9.0393541540834121e-06,-1.6075496489520447e-07,5.8457396789890481e-05,5.1109617992043379,-2009.8675876645541,-3.9502883338099748,-24958.503436701234,5.1109527598501838,22948.635848875925,-3.9502298764131849,7085.0295376750937,0,0,0,0.028656999999999998
220,3.6833335254341364,1,0.033333335071802139,496.12503051757812,496.12503504753113,496.12503504753113,3.6172818074220459e-09,1.2019942374763559e-08,0.069307540220265446,-0.18178063631057739,-160.78578186035156,0.92109161615371704,-6.5657485492920387e-05,2.4039884749527118e-06,1.635568764868367e-05,5.3825671062007379,-2012.7727612213039,-4.9278738395726149,-25153.436341666453,5.3825014487152449,23140.663582849138,-4.9278574838849662,7111.7480264257601,0,0,8.1248740000000002,8.1925480000000004
221,3.7000001929700375,0,0,496.12503051757812,496.12503504753113,496.12503504753113,3.5724152525062891e-09,-2.6919932949454051e-09,0.069307540220265446,0,0,0,4.3330140897523961e-05,-5.3839865898908101e-07,6.783911885577254e-05,5.3825671062007379,-2012.7727612213039,-4.9278738395726149,-25186.136344770614,5.3826104363416354,23173.363583010912,-4.9278060004537592,7111.748026425772,0,0,0,0.028622000000000002
222,3.7166668605059385,1,0.033333335071802139,496.12503051757812,496.12503504753113,496.12503504753113,3.639788470621852e-09,4.0423948632906104e-09,0.069306268451773373,-0.070032067596912384,-161.05877685546875,-2.5276997089385986,-1.0759288215922425e-05,8.0847897265812207e-07,-0.00014466513675870374,5.5241438205220188,-2015.3931224008923,-2.4060941625055841,-25381.069249735836,5.5241330612338029,23365.676128143423,-2.4062388276423428,7131.9959398944347,0,0,3.9348809999999999,3.9926879999999998
223,3.7333335280418396,0,0,496.12503051757812,496.12503504753113,496.12503504753113,3.6068250608423114e-09,-1.977798369523498e-09,0.069306268451773373,0,0,0,-5.3437378255694057e-05,-3.9555967390469959e-07,5.2515906645567156e-05,5.5241438205220188,-2015.3931224008923,-2.4060941625055841,-25413.769252839997,5.5240903831437631,23398.376130043544,-2.4060416465989385,7131.9959398944047,0,0,0,0.028323000000000001
224,3.7500001955777407,1,0.033333335071802139,496.12503051757812,496.12503504753113,496.12503504753113,3.9694101339193821e-09,2.1755106160981086e-08,0.069311624380196002,4.825556755065918,-177.70269775390625,-2.636810302734375,2.9047123462078162e-05,4.3510212321962172e-06,-0.00013627485486722435,0.78472796620519114,-2001.3468848258319,0.22992693862302255,-25608.702157805212,0.78475701332865322,23607.3552773304,0.22979066376815532,7053.5419714561203,0,0,6.6124200000000002,6.6709639999999997
225,3.7666668631136417,0,0,496.12503051757812,496.12503504753113,496.12503504753113,3.8174587935202453e-09,-9.1170875293755671e-09,0.069311624380196002,0,0,0,6.1302404219532036e-05,-1.8234175058751134e-06,1.4436056972044753e-05,0.78472796620519114,-2001.3468848258319,0.22992693862302255,-25641.402160909372,0.78478926860941067,23640.055274260121,0.22994137467999459,7053.5419714560812,0,0,0,0.028975999999999998
226,3.7833335306495428,1,0.033333335071802139,496.12503051757812,496.12503504753113,496.12503504753113,3.8264946766730645e-09,5.4216187095335044e-10,0.069308995769745613,2.196608304977417,-160.56809997558594,-1.8658870458602905,3.4189179132226855e-05,1.0843237419067009e-07,-9.1974499127900344e-05,-1.389941055571315,-2004.4418569729801,2.1009113063106217,-25836.335065874591,-1.3899068663921827,23831.893209010042,2.1008193318114938,7060.3314051666393,0,0,4.3350869999999997,4.3945429999999996
227,3.8000001981854439,0,0,496.12503051757812,496.12503504753113,496.12503504753113,3.8344105668386419e-09,4.7494452815044497e-10,0.069308995769745613,0,0,0,2.4610014293102722e-05,9.4988905630088993e-08,5.2216967105778167e-05,-1.389941055571315,-2004.4418569729801,2.1009113063106217,-25869.035068978752,-1.3899164455570219,23864.593212100761,2.1009635232777275,7060.3314051666384,0,0,0,0.029472000000000002
228,3.8166668657213449,1,0.033333335071802139,496.12503051757812,496.12503504753113,496.12503504753113,4.060350722312478e-09,1.3556409328430163e-08,0.069294601349400811,-4.9412155151367188,-160.26119995117188,1.496164083480835,-4.3520276449271478e-05,2.7112818656860327e-06,-7.2041348175844178e-05,3.6044869176773826,-2007.905127515608,0.58737134694681825,-26063.967973943974,3.6044433974009333,24056.062849139649,0.58729930559864241,7075.4856751130101,0,0,4.0318759999999996,4.0904949999999998
229,3.833333533257246,0,0,496.12503051757812,496.12503504753113,496.12503504753113,3.9293732712053497e-09,-7.8586470664276931e-09,0.069294601349400811,0,0,0,6.9984537276468473e-05,-1.5717294132855386e-06,1.8916193766926881e-05,3.6044869176773826,-2007.905127515608,0.58737134694681825,-26096.667977048135,3.6045569022146591,24088.762847960799,0.58739026314058518,7075.4856751129964,0,0,0,0.028475
230,3.8500002007931471,1,0.033333335071802139,496.12503051757812,496.12503504753113,496.12503504753113,4.2750585294015764e-09,2.0741119044487277e-08,0.069296999118563241,-1.6945440769195557,-160.38735961914062,0.29715007543563843,-5.3980272696207976e-06,4.1482238088974555e-06,-3.8446063399533159e-05,5.3735719047105164,-2011.2560839843811,0.27809762549666583,-26291.60088201335,5.3735665066832468,24280.344802177191,0.2780591794332663,7097.4139207156977,0,0,6.9695929999999997,7.0293850000000004
231,3.8666668683290482,0,0,496.12503051757812,496.12503504753113,496.12503504753113,3.9775089888394177e-09,-1.785297065737268e-08,0.069296999118563241,0,0,0,2.8481986191764008e-05,-3.570594131474536e-06,0.00016342621620424325,5.3735719047105164,-2011.2560839843811,0.27809762549666583,-26324.300885117511,5.3736003866967081,24313.044797562536,0.27826105171287008,7097.4139207157623,0,0,0,0.028642000000000001
232,3.8833335358649492,1,0.033333335071802139,496.12503051757812,496.12503504753113,496.12503504753113,3.961460937063066e-09,-9.6287067208322696e-10,0.069297072914790106,-0.6749991774559021,-160.46566772460938,0.33937299251556396,-7.8116215718182502e-06,-1.9257413441664539e-07,-3.3440784363847342e-05,6.0887053197327008,-2014.5440678220587,-0.068631306011184917,-26519.23379008273,6.088697508111129,24504.689722068098,-0.068664746795548764,7120.8243484419481,0,0,3.9096690000000001,3.9627729999999999
233,3.9000002034008503,0,0,496.12503051757812,496.12503504753113,496.12503504753113,4.1110848059133787e-09,8.9774303546619194e-09,0.069297072914790106,0,0,0,2.035782529219432e-05,1.7954860709323839e-06,3.8080281683505746e-05,6.0887053197327008,-2014.5440678220587,-0.068631306011184917,-26551.93379318689,6.088725677557993,24537.389727160316,-0.068593225729501411,7120.82434844195,0,0,0,0.026037999999999999
234,3.9166668709367514,1,0.033333335071802139,496.12503051757812,496.12503504753113,496.12503504753113,4.5082253485873025e-09,2.3828437889505949e-08,0.069293825855465993,-0.091179005801677704,-160.67167663574219,0.30268305540084839,9.6318728992628166e-06,4.7656875779011898e-06,-9.6137887339864392e-05,6.2191777419718894,-2017.6277732320989,-0.37614631028568107,-26746.866698152113,6.2191873738447887,24729.2389296857,-0.37624244817302094,7144.1623663341188,0,0,3.6107089999999999,3.6670479999999999
235,3.9333335384726524,0,0,496.12503051757812,496.12503504753113,496.12503504753113,3.8723624307124282e-09,-3.8151767967065098e-08,0.069293825855465993,0,0,0,4.5768359768771916e-05,-7.6303535934130196e-06,2.4053662173173507e-05,6.2191777419718894,-2017.6277732320989,-0.37614631028568107,-26779.566701256274,6.2192235103316582,24761.938920393823,-0.3761222566235079,7144.1623663340879,0,0,0,0.026370999999999999
236,3.9500002060085535,1,0.033333335071802139,496.12503051757812,496.12503504753113,496.12503504753113,4.0867282891099421e-09,1.2861946174780314e-08,0.069285768508708379,-0.1413920670747757,-160.92312622070312,-0.61076045036315918,3.7259371765685501e-05,2.5723892349560629e-06,-0.00012819339190173196,6.4167214298517639,-2020.4495011922679,0.22861454367831824,-26974.499606221492,6.4167586892235295,24954.050107601615,0.22848635028641651,7158.2420780601187,0,0,4.2892530000000004,4.3527430000000003
237,3.9666668735444546,0,0,496.12503051757812,496.12503504753113,496.12503504753113,4.0242036369875223e-09,-3.7514888973078087e-09,0.069285768508708379,0,0,0,2.8292652132222429e-05,-7.5029777946156173e-07,5.1314486881892662e-06,6.4167214298517639,-2020.4495011922679,0.22861454367831824,-27007.199609325649,6.4167497225038961,24986.750107383083,0.22861967512700643,7158.2420780600751,0,0,0,0.028493999999999998
238,3.9833335410803556,1,0.033333335071802139,496.12503051757812,496.12503504753113,496.12503504753113,4.0840602011371629e-09,3.5913814144805656e-09,0.069279882245931471,1.5765228271484375,-161.23995971679688,-1.0885838270187378,-4.4269305021771288e-05,7.1827628289611312e-07,-8.1846337707247585e-05,4.9179372880966747,-2022.9367688000111,1.317617595980098,-27202.132514290868,4.917893018791653,25179.195746209134,1.3175357496423907,7179.6714664687679,0,0,4.0178130000000003,4.0761940000000001
239,4.0000002086162567,0,0,496.12503051757812,496.12503504753113,496.12503504753113,3.9689345143756327e-09,-6.9075314357291973e-09,0.069279882245931471,0,0,0,-1.4815441318205558e-05,-1.3815062871458395e-06,5.1125283562214463e-05,4.9179372880966747,-2022.9367688000111,1.317617595980098,-27234.832517395029,4.9179224726553565,25211.895747213512,1.3176687212636602,7179.6714664687543,0,0,0,0.028157000000000001
240,4.0166668761521578,1,0.033333335071802139,496.12503051757812,496.12503504753113,496.12503504753113,4.1124916805301837e-09,8.6134299692730565e-09,0.069268641803337583,6.7107887268066406,-161.33534240722656,1.2620984315872192,-2.898876232393377e-05,1.7226859938546113e-06,-3.5444668355921749e-05,-1.6923484720542388,-2025.3244933188923,0.032517278661263249,-27429.765422360251,-1.6923774608165627,25404.440930764045,0.032481833992907327,7179.0262726822684,0,0,6.7397689999999999,6.7975830000000004
241,4.0333335436880589,0,0,496.12503051757812,496.12503504753113,496.12503504753113,3.9088248193763775e-09,-1.2220000122908914e-08,0.069268641803337583,0,0,0,7.1228663500733091e-05,-2.4440000245817828e-06,2.1457623233800405e-05,-1.6923484720542388,-2025.3244933188923,0.032517278661263249,-27462.465425464412,-1.692277243390738,25437.14092970152,0.03253873628449705,7179.0262726822757,0,0,0,0.028590000000000001
242,4.0500002112239599,1,0.033333335071802139,496.12503051757812,496.12503504753113,496.12503504753113,3.8106335864540597e-09,-5.8914615408411919e-09,0.06926714281747938,-0.88845443725585938,-161.65480041503906,0.91146171092987061,-4.2944049027937581e-05,-1.1782923081682384e-06,-5.0972164444829104e-05,-0.71770694886612829,-2027.3766407580231,-0.91925434298772479,-27657.398330429631,-0.71774989291515623,25630.021688493314,-0.91930531515216962,7195.5204897864078,0,0,4.1829029999999996,4.3308549999999997
243,4.066666878759861,0,0,496.12503051757812,496.12503504753113,496.12503504753113,3.7382537065866472e-09,-4.3427821339037109e-09,0.06926714281747938,0,0,0,-4.4426542444853112e-06,-8.6855642678074219e-07,5.6717999541433528e-05,-0.71770694886612829,-2027.3766407580231,-0.91925434298772479,-27690.098333533791,-0.71771139152037278,25662.721691907213,-0.91919762498818336,7195.5204897864032,0,0,0,0.028139999999999998
244,4.0833335462957621,1,0.033333335071802139,496.12503051757812,496.12503504753113,496.12503504753113,3.8208112229654034e-09,4.9534634172232472e-09,0.069280802215240411,-1.6652089357376099,-162.152099609375,0.62803524732589722,-3.7119428952792077e-05,9.9069268344464945e-07,-8.0336087648902321e-05,1.0196022361040755,-2028.8481197607482,-1.5414519792321757,-27885.031238499007,1.0195651166751227,25856.18311972895,-1.5415323153198246,7212.5027357886993,0,0,6.6717380000000004,6.7294460000000003
245,4.1000002138316631,0,0,496.12503051757812,496.12503504753113,496.12503504753113,3.6132405956124103e-09,-1.2454235864822749e-08,0.069280802215240411,0,0,0,1.6245596157205e-05,-2.4908471729645498e-06,4.8030005928012542e-05,1.0196022361040755,-2028.8481197607482,-1.5414519792321757,-27917.731241603167,1.0196184817002327,25888.883119351573,-1.5414039492262477,7212.502735788672,0,0,0,0.028719999999999999
246,4.1166668813675642,1,0.033333335071802139,496.12503051757812,496.12503504753113,496.12503504753113,3.5135545584097372e-09,-5.9811640085172257e-09,0.069227222251851517,-1.2170969247817993,-161.25660705566406,1.6108405590057373,-6.9979603267711354e-05,-1.1962328017034451e-06,-6.5853555497596972e-05,2.2538480203852873,-2031.1410156155905,-3.0710205676743527,-28112.66414656839,2.2537780407820196,26081.523129756566,-3.0710864212298503,7223.9697072791796,0,0,4.0266440000000001,4.085769
247,4.1333335489034653,0,0,496.12503051757812,496.12503504753113,496.12503504753113,3.3376150732067345e-09,-1.0556366447644905e-08,0.069227222251851517,0,0,0,5.9297758525644895e-05,-2.111273289528981e-06,0.00017393407460986055,2.2538480203852873,-2031.1410156155905,-3.0710205676743527,-28145.36414967255,2.253907318143813,26114.223131945688,-3.0708466335997429,7223.9697072792305,0,0,0,0.027872999999999998
248,4.1500002164393663,1,0.033333335071802139,496.12503051757812,496.12503504753113,496.12503504753113,3.1196945027289757e-09,-1.3075233340487102e-08,0.06901477588986861,-0.85187458992004395,-159.91087341308594,1.0966449975967407,-6.2182760984796914e-05,-2.6150466680974205e-06,-4.8966080612444784e-05,3.1139531895895591,-2034.7927624991048,-4.0921013255346086,-28340.297054637769,3.1138910068285743,26305.504289523618,-4.092150291615221,7235.1712832394178,0,0,6.9322499999999998,6.99085
249,4.1666668839752674,0,0,496.12503051757812,496.12503504753113,496.12503504753113,3.1035691794301101e-09,-9.6751762157509802e-10,0.06901477588986861,0,0,0,5.5548679256389732e-05,-1.935035243150196e-07,4.0229633668786846e-05,3.1139531895895591,-2034.7927624991048,-4.0921013255346086,-28372.99705774193,3.1140087382688155,26338.20429504932,-4.0920610959009398,7235.1712832394142,0,0,0,0.028287
250,4.1833335515111685,1,0.033333335071802139,496.12503051757812,496.12503504753113,496.12503504753113,3.3297506973894997e-09,1.3570897294812312e-08,0.068926451968497948,-0.84146618843078613,-161.89804077148438,0.81630623340606689,-5.0777691740222508e-05,2.7141794589624624e-06,-4.5928254621685483e-05,4.0130938255881041,-2036.5480138146565,-4.9178721905158387,-28567.929962707149,4.0130430478963639,26531.381951606672,-4.9179181187704604,7247.0939847496975,0,0,5.5739450000000001,5.6335150000000001
251,4.2000002190470695,0,0,496.12503051757812,496.12503504753113,496.12503504753113,3.2402882599313898e-09,-5.3677426947729145e-09,0.068926451968497948,0,0,0,9.3027750835972256e-06,-1.0735485389545829e-06,4.9548361857887357e-05,4.0130938255881041,-2036.5480138146565,-4.9178721905158387,-28600.629965811306,4.0131031283631877,26564.081950923101,-4.9178226421539808,7247.0939847496929,0,0,0,0.028471
252,4.2166668865829706,1,0.033333335071802139,496.12503051757812,496.12503504753113,496.12503504753113,3.336567910849908e-09,5.7767799432895117e-09,0.06892519682443056,-0.59944558143615723,-162.67576599121094,0.58094680309295654,-4.1061917954721139e-05,1.1553559886579023e-06,-4.5578804019896779e-05,4.7090407852610738,-2037.5465639407455,-5.5641344272690425,-28795.562870776528,4.7089997233431191,26758.01630799114,-5.5641800060730624,7260.633842917453,0,0,9.2867490000000004,9.3458439999999996
253,4.2333335541188717,0,0,496.12503051757812,496.12503504753113,496.12503504753113,3.266464210227582e-09,-4.2062171523582492e-09,0.06892519682443056,0,0,0,4.3592970655481622e-05,-8.4124343047164984e-07,1.6234457689279225e-05,4.7090407852610738,-2037.5465639407455,-5.5641344272690425,-28828.262873880689,4.7090843782317293,26790.716309098701,-5.5641181928113532,7260.633842917432,0,0,0,0.028431000000000001
254,4.2500002216547728,1,0.033333335071802139,496.12503051757812,496.12503504753113,496.12503504753113,3.3689955269977645e-09,6.1518825589246262e-09,0.06891336702570619,-0.55824697017669678,-162.63710021972656,1.0505759716033936,4.419464403326856e-05,1.2303765117849252e-06,-0.00012156958746345481,5.3748447424554842,-2038.5927712687057,-6.7134307718729822,-29023.195778845908,5.3748889370995174,26984.603008807579,-6.7135523414604457,7273.5994999893928,0,0,4.5849099999999998,4.6515899999999997
255,4.2666668891906738,0,0,496.12503051757812,496.12503504753113,496.12503504753113,3.3018425771302873e-09,-4.0291778802270528e-09,0.06891336702570619,0,0,0,3.6921335322404047e-06,-8.0583557604541056e-07,5.3526724741459475e-05,5.3748447424554842,-2038.5927712687057,-6.7134307718729822,-29055.895781950068,5.3748484345890164,27017.303009875526,-6.7133772451482407,7273.5994999893601,0,0,0,0.025770000000000001
256,4.2833335567265749,1,0.033333335071802139,496.12503051757812,496.12503504753113,496.12503504753113,3.5864269332108734e-09,1.7075059588478325e-08,0.068881496381597421,-0.35979902744293213,-162.71116638183594,1.1690695285797119,-6.4120592924155062e-05,3.415011917695665e-06,-0.00014976531019783579,5.8536915178534716,-2039.572671292213,-8.0084318305964661,-29250.828686915287,5.8536273972605475,27211.256019038086,-8.008581595906664,7286.2426179883596,0,0,6.4857230000000001,6.5432750000000004
257,4.300000224262476,0,0,496.12503051757812,496.12503504753113,496.12503504753113,3.5886549287766911e-09,1.3368595119800375e-10,0.068881496381597421,0,0,0,2.1658402715729608e-05,2.673719023960075e-08,1.8658442968444433e-05,5.8536915178534716,-2039.572671292213,-8.0084318305964661,-29283.528690019448,5.8537131762561874,27243.956018753972,-8.0084131721534977,7286.242617988295,0,0,0,0.028726999999999999
258,4.316666891798377,1,0.033333335071802139,496.12503051757812,496.12503504753113,496.12503504753113,3.6388556612365619e-09,3.0120403948785679e-09,0.068855988330581527,-0.24176083505153656,-163.13059997558594,1.1418386697769165,-4.2201895666948985e-05,6.0240807897571358e-07,-5.8973614613933023e-05,6.2345049310900169,-2040.1278570710808,-9.3020931361851442,-29478.46159498467,6.23446272919435,27438.333738515998,-9.3021521097997582,7298.3597540010333,0,0,7.2019719999999996,7.4660080000000004
259,4.3333335593342781,0,0,496.12503051757812,496.12503504753113,496.12503504753113,3.6334761865930432e-09,-3.2276759043270431e-10,0.068855988330581527,0,0,0,4.6971766209935595e-05,-6.4553518086540862e-08,5.1637027809192659e-05,6.2345049310900169,-2040.1278570710808,-9.3020931361851442,-29511.161598088827,6.2345519028562268,27471.033740953193,-9.302041499157335,7298.3597540010287,0,0,0,0.045747000000000003
260,4.3500002268701792,1,0.033333335071802139,496.12503051757812,496.12503504753113,496.12503504753113,3.9725311928862084e-09,2.0343311035730949e-08,0.068847970593543251,-0.30069428682327271,-163.50326538085938,1.107358455657959,1.5989098756108433e-05,4.0686622071461898e-06,-0.00014324891708383802,6.6927659057132196,-2040.3071579870912,-10.586469104720251,-29706.094503054046,6.6927818948119757,27665.787349135619,-10.586612353637335,7310.0555483332719,0,0,3.7729819999999998,3.9901800000000001
261,4.3666668944060802,0,0,496.12503051757812,496.12503504753113,496.12503504753113,3.9465883894251874e-09,-1.556572648553356e-09,0.068847970593543251,0,0,0,3.1393824428960215e-06,-3.113145297106712e-07,0.00015040791367937345,6.6927659057132196,-2040.3071579870912,-10.586469104720251,-29738.794506158207,6.6927690450956625,27698.487347859802,-10.586318696806572,7310.0555483332764,0,0,0,0.028264000000000001
262,4.3833335619419813,1,0.033333335071802139,496.12503051757812,496.12503504753113,496.12503504753113,3.8914746980367454e-09,-3.3068197069496819e-09,0.0688518995330447,-0.37862685322761536,-163.724853515625,1.0385186672210693,-0.00013763567494606832,-6.6136394138993637e-07,-1.2314603736740537e-05,7.2377284553976535,-2040.2731094241449,-11.819629655403061,-29933.727411123426,7.2375908197227075,27893.454301037917,-11.819641970006797,7321.6873376622716,0,0,6.8159929999999997,6.8743189999999998
263,4.4000002294778824,0,0,496.12503051757812,496.12503504753113,496.12503504753113,3.8502125931927367e-09,-2.4757267347297329e-09,0.0688518995330447,0,0,0,4.3053614717791788e-05,-4.9514534694594659e-07,1.614265556781902e-05,7.2377284553976535,-2040.2731094241449,-11.819629655403061,-29966.427414227586,7.2377715090123713,27926.154304308297,-11.819613512747493,7321.6873376622289,0,0,0,0.02869
264,4.4166668970137835,1,0.033333335071802139,496.12503051757812,496.12503504753113,496.12503504753113,3.7683678399957898e-09,-4.9106887445304892e-09,0.068858149505796856,-0.47234734892845154,-163.7232666015625,0.85286509990692139,9.7817064670380205e-05,-9.8213774890609784e-07,-7.9813480624579825e-05,7.875477989417428,-2040.2561567450839,-12.87090990882376,-30161.360319192809,7.8755758064820984,28121.104161465588,-12.870989722304385,7333.9708341539717,0,0,3.997646,4.055275
265,4.4333335645496845,0,0,496.12503051757812,496.12503504753113,496.12503504753113,3.7232590344160599e-09,-2.7065283347837976e-09,0.068858149505796856,0,0,0,2.9728613526458503e-05,-5.4130566695675952e-07,4.874442538493895e-06,7.875477989417428,-2040.2561567450839,-12.87090990882376,-30194.060322296969,7.8755077180309545,28153.804165010581,-12.870905034381222,7333.9708341539344,0,0,0,0.028358000000000001
266,4.4500002320855856,1,0.033333335071802139,496.12503051757812,496.12503504753113,496.12503504753113,3.6056007068907547e-09,-7.0595014278751478e-09,0.06886052456842795,-0.53467315435409546,-163.55708312988281,0.62648844718933105,-8.1237550375590217e-05,-1.4119002855750296e-06,-3.215251354049542e-05,8.5712357306579303,-2040.4202236159629,-13.688032633422015,-30388.993227262185,8.5711544931075547,28348.57300223432,-13.688064785935556,7347.4117579796512,0,0,6.8052460000000004,6.8638769999999996
267,4.4666668996214867,0,0,496.12503051757812,496.12503504753113,496.12503504753113,3.6301264216831441e-09,1.4715388907404758e-09,0.06886052456842795,0,0,0,2.2782434427881526e-05,2.9430777814809517e-07,6.9335237640189007e-05,8.5712357306579303,-2040.4202236159629,-13.688032633422015,-30421.693230366345,8.5712585130923582,28381.273007044689,-13.687963298184375,7347.4117579796512,0,0,0,0.029041000000000001
268,4.4833335671573877,1,0.033333335071802139,496.12503051757812,496.12503504753113,496.12503504753113,3.8250811407181118e-09,1.1697292023882255e-08,0.068860048339480423,-0.61032199859619141,-163.46548461914062,0.46236619353294373,-6.0583374761336017e-06,2.3394584047764511e-06,-7.7409515597537393e-05,9.3420094041551032,-2040.6817851934875,-14.327613684889524,-30616.626135331564,9.342003345817627,28575.944352477534,-14.327691094405122,7362.1864373725994,0,0,10.066155999999999,10.128544
269,4.5000002346932888,0,0,496.12503051757812,496.12503504753113,496.12503504753113,3.7954923648442218e-09,-1.7753150061139422e-09,0.068860048339480423,0,0,0,4.6613888571300777e-05,-3.5506300122278844e-07,2.5630259870013106e-05,9.3420094041551032,-2040.6817851934875,-14.327613684889524,-30649.326138435725,9.3420560180436745,28608.644352887175,-14.327588054629654,7362.1864373725857,0,0,0,0.028649999999999998
270,4.5166669022291899,1,0.033333335071802139,496.12503051757812,496.12503504753113,496.12503504753113,3.9666385731607079e-09,1.0268774275346004e-08,0.068857856855100485,-0.68990421295166016,-163.39910888671875,0.30586525797843933,-4.9087009301729267e-05,2.0537548550692009e-06,-8.9679247139429208e-05,10.196835947484592,-2041.0061365865015,-14.79732565781358,-30844.259043400947,10.19678686047529,28803.252908868199,-14.79741533706072,7378.0535460273595,0,0,8.1184890000000003,8.3944299999999998
271,4.5333335697650909,0,0,496.12503051757812,496.12503504753113,496.12503504753113,3.956221572565255e-09,-6.2503247022505093e-10,0.068857856855100485,0,0,0,-2.3701477402937599e-05,-1.2500649404501019e-07,0.00018689570424612612,10.196835947484592,-2041.0061365865015,-14.79732565781358,-30876.959046505108,10.196812246007189,28835.952909793599,-14.797138762109334,7378.0535460274195,0,0,0,0.028715999999999998
272,4.550000237300992,1,0.033333335071802139,496.12503051757812,496.12503504753113,496.12503504753113,4.1476289069919403e-09,1.1484445394671638e-08,0.068854070338262144,-0.74812018871307373,-163.39521789550781,0.13998396694660187,-2.2539359179063467e-05,2.2968890789343277e-06,-0.0001359455154670286,11.116214087548371,-2041.3297412713339,-15.091831112121415,-31071.891951470323,11.116191548189192,29030.562212495879,-15.091967057636882,7394.6423748462503,0,0,4.1083470000000002,4.1668380000000003
273,4.5666669048368931,0,0,496.12503051757812,496.12503504753113,496.12503504753113,4.1753995816407041e-09,1.6662271562495334e-09,0.068854070338262144,0,0,0,-2.0534130840133002e-05,3.3324543124990669e-07,1.5722758917036117e-05,11.116214087548371,-2041.3297412713339,-15.091831112121415,-31104.591954574484,11.116193553417531,29063.262213636393,-15.091815389362498,7394.6423748462048,0,0,0,0.028167000000000001
274,4.5833335723727942,1,0.033333335071802139,496.12503051757812,496.12503504753113,496.12503504753113,4.202622250204513e-09,1.6333636665422091e-09,0.068850322848274553,-0.79110312461853027,-163.45741271972656,0.042724058032035828,-4.957430519425543e-05,3.2667273330844182e-07,-4.8544154651608551e-05,12.081275749235253,-2041.5889189725654,-15.282286221680071,-31299.524859539702,12.081226174930059,29257.935940893811,-15.282334765834722,7411.6028800012164,0,0,6.7955059999999996,6.8528039999999999
275,4.6000002399086952,0,0,496.12503051757812,496.12503504753113,496.12503504753113,4.1986876198052414e-09,-2.3606672172604704e-10,0.068850322848274553,0,0,0,-0.00011764685723392176,-4.7213344345209407e-08,5.6773046708258335e-05,12.081275749235253,-2041.5889189725654,-15.282286221680071,-31332.224862643863,12.081158102378019,29290.635943624085,-15.282229448633363,7411.6028800012473,0,0,0,0.034322999999999999
276,4.6166669074445963,1,0.033333335071802139,496.12503051757812,496.12503504753113,496.12503504753113,4.127901132022771e-09,-4.2471981487324229e-09,0.06884736826225199,-0.81267881393432617,-163.49148559570312,-0.0069669345393776894,-5.1707621651075897e-05,-8.4943962974648457e-07,-5.5690964018140221e-05,13.065538945078833,-2041.8130625372662,-15.419281237659458,-31527.157767609086,13.065487237457182,29485.344704222378,-15.419336928623476,7428.8617049453287,0,0,6.7684259999999998,6.8288520000000004
277,4.6333335749804974,0,0,496.12503051757812,496.12503504753113,496.12503504753113,4.0426901826151607e-09,-5.1126511912968908e-09,0.06884736826225199,0,0,0,1.2701059404207626e-05,-1.0225302382593782e-06,-6.2251217514130985e-06,13.065538945078833,-2041.8130625372662,-15.419281237659458,-31559.857770713246,13.065551646138237,29518.044707153451,-15.41928746278121,7428.8617049453151,0,0,0,0.028851999999999999
278,4.6500002425163984,1,0.033333335071802139,496.12503051757812,496.12503504753113,496.12503504753113,4.0153755875849129e-09,-1.6388668200306711e-09,0.068845031010050309,-0.81396639347076416,-163.49922180175781,-0.033296570181846619,-4.9979956884271814e-05,-3.2777336400613422e-07,-5.9167734889342682e-05,14.043604335893093,-2042.0276076822217,-15.530236470473973,-31754.790675678465,14.043554355936209,29712.763067668471,-15.530295638208862,7446.4389791401545,0,0,4.1716540000000002,4.2290929999999998
279,4.6666669100522995,0,0,496.12503051757812,496.12503504753113,496.12503504753113,3.9337781920778525e-09,-4.8958548326538676e-09,0.068845031010050309,0,0,0,7.0691100972908316e-05,-9.7917096653077351e-07,4.4564359313881141e-05,14.043604335893093,-2042.0276076822217,-15.530236470473973,-31787.490678782626,14.043675026994066,29745.463070121234,-15.530191906114659,7446.4389791401609,0,0,0,0.028343
280,4.6833335775882006,1,0.033333335071802139,496.12503051757812,496.12503504753113,496.12503504753113,4.0427288183764176e-09,6.5370464596981037e-09,0.068841998674431595,-0.7737346887588501,-163.49458312988281,-0.052698802202939987,-4.7722971885377774e-05,1.3074092919396207e-06,-5.8353111853648443e-05,14.972841181025483,-2042.243621990503,-15.626007129594417,-31982.423583747841,14.972793458053598,29940.179963064747,-15.62606548270627,7464.1691459667609,0,0,6.7761050000000003,6.8336240000000004
281,4.7000002451241016,0,0,496.12503051757812,496.12503504753113,496.12503504753113,4.0144145785347973e-09,-1.6988672690843032e-09,0.068841998674431595,0,0,0,6.4220125750580337e-05,-3.3977345381686064e-07,0.00014884512893331703,14.972841181025483,-2042.243621990503,-15.626007129594417,-32015.123586852002,14.972905401151234,29972.879964521726,-15.625858284465483,7464.1691459668127,0,0,0,0.028756
282,4.7166669126600027,1,0.033333335071802139,496.12503051757812,496.12503504753113,496.12503504753113,3.9218419622955025e-09,-5.5543445398598124e-09,0.068837746673700712,-0.66925179958343506,-163.49774169921875,-0.077746078372001648,-4.0620000163471559e-05,-1.1108689079719625e-06,-4.4452474412537413e-05,15.79255834174198,-2042.4519612367756,-15.703648751141717,-32210.056491817224,15.792517721741817,30167.60452946958,-15.70369320361613,7481.7500307160935,0,0,4.0332179999999997,4.0906120000000001
283,4.7333335801959038,0,0,496.12503051757812,496.12503504753113,496.12503504753113,3.8573926275375925e-09,-3.8669694113480091e-09,0.068837746673700712,0,0,0,4.4821936739936064e-05,-7.7339388226960182e-07,8.2576696058822563e-05,15.79255834174198,-2042.4519612367756,-15.703648751141717,-32242.756494921385,15.79260316367872,30200.304532911214,-15.703566174445658,7481.750030716119,0,0,0,0.028466999999999999
284,4.7500002477318048,1,0.033333335071802139,496.12503051757812,496.12503504753113,496.12503504753113,3.9942289475902726e-09,8.210172097733448e-09,0.068832920522105906,-0.5284532904624939,-163.51980590820312,-0.10583262145519257,-4.5371592705123476e-05,1.6420344195466896e-06,-7.6442688623501454e-05,16.47123904678929,-2042.632572590097,-15.761093779198074,-32437.689399886603,16.471193675196584,30395.056828938541,-15.761170221886697,7498.9424049993831,0,0,6.5103850000000003,6.5681330000000004
285,4.7666669152677059,0,0,496.12503051757812,496.12503504753113,496.12503504753113,4.0126746370106048e-09,1.1067431415767714e-09,0.068832920522105906,0,0,0,5.1455947414069669e-05,2.2134862831535429e-07,6.3078653056436451e-05,16.47123904678929,-2042.632572590097,-15.761093779198074,-32470.389402990764,16.471290502736704,30427.756830622016,-15.761030700545017,7498.9424049993786,0,0,0,0.028701999999999998
286,4.783333582803607,1,0.033333335071802139,496.12503051757812,496.12503504753113,496.12503504753113,3.860515906950468e-09,-9.1295113691103325e-09,0.068828304811399774,-0.39801949262619019,-163.54469299316406,-0.11533800512552261,5.4868201004865114e-05,-1.8259022738220665e-06,-0.00011466672731330618,17.022979971063119,-2042.7828687516533,-15.815650911010227,-32665.322307955979,17.023034839264124,30622.539437378422,-15.81576557773754,7515.6378651791892,0,0,7.3279610000000002,7.3879210000000004
287,4.8000002503395081,0,0,496.12503051757812,496.12503504753113,496.12503504753113,3.8038421301678227e-09,-3.4004385973673834e-09,0.068828304811399774,0,0,0,-0.00010788031659103581,-6.8008771947347668e-07,7.6714536589861382e-05,17.022979971063119,-2042.7828687516533,-15.815650911010227,-32698.02231106014,17.022872090746528,30655.239441628401,-15.815574196473637,7515.6378651791938,0,0,0,0.028768999999999999
288,4.8166669178754091,1,0.033333335071802139,496.12503051757812,496.12503504753113,496.12503504753113,3.6580549700460097e-09,-8.7472251664166834e-09,0.068824127620580197,-0.29929640889167786,-163.57049560546875,-0.097896851599216461,-0.00014200491023075301,-1.7494450332833367e-06,-3.7592371882055886e-06,17.480064513013229,-2042.9035095134791,-15.891475556599573,-32892.955216025366,17.479922508102998,30850.051704762442,-15.891479315836762,7531.7649317657033,0,0,5.802327,5.8602650000000001
289,4.8333335854113102,0,0,496.12503051757812,496.12503504753113,496.12503504753113,3.6199310216034064e-09,-2.2874422356267132e-09,0.068824127620580197,0,0,0,-2.1675271000276553e-05,-4.5748844712534265e-07,6.7708759843299049e-05,17.480064513013229,-2042.9035095134791,-15.891475556599573,-32925.655219129527,17.480042837742229,30882.751709158558,-15.89140784783973,7531.7649317656715,0,0,0,0.028531999999999998
290,4.8500002529472113,1,0.033333335071802139,496.12503051757812,496.12503504753113,496.12503504753113,4.3305750097033524e-09,4.2638632180569402e-08,0.068819936846389221,1.629758358001709,-163.60206604003906,-28.124246597290039,-4.0030073478192207e-05,8.5277264361138805e-06,-2.9171530968596926e-05,16.005673967645073,-2042.9910741975962,12.200535104300357,-33120.588124094742,16.005633937571595,31077.597058424872,12.200505932769389,7479.1946913384172,0,0,7.102214,7.1618690000000003
291,4.8666669204831123,0,0,496.12503051757812,496.12503504753113,496.12503504753113,3.9482697111736798e-09,-2.293831435906668e-08,0.068819936846389221,0,0,0,5.5550827937622671e-05,-4.5876628718133361e-06,3.7046322631795192e-05,16.005673967645073,-2042.9910741975962,12.200535104300357,-33153.288127198903,16.005729518473011,31110.297048413642,12.200572150622989,7479.1946913384218,0,0,0,0.028556999999999999
292,4.8833335880190134,1,0.033333335071802139,496.12503051757812,496.12503504753113,496.12503504753113,4.5101939960545678e-09,3.371544110564173e-08,0.068907305522232606,-16.153493881225586,-286.77218627929688,6.3101840019226074,-2.049874581189215e-05,6.743088221128346e-06,-2.9670638923562365e-05,32.577822103101454,-1919.2486063987496,6.0046060568488491,-33348.221032164118,32.577801604355642,31428.972432508457,6.0045763862099255,6738.8555040368556,0,0,3.9944540000000002,4.053064
293,4.9000002555549145,0,0,496.12503051757812,496.12503504753113,496.12503504753113,3.8388039413916886e-09,-4.0283389068918041e-08,0.068907305522232606,0,0,0,-2.4071039206319256e-05,-8.0566778137836081e-06,1.8141309965358232e-05,32.577822103101454,-1919.2486063987496,6.0046060568488491,-33380.921035268279,32.577798032062248,31461.672420812851,6.0046241981588144,6738.8555040368537,0,0,0,0.028253
294,4.9166669230908155,1,0.033333335071802139,496.12503051757812,496.12503504753113,496.12503504753113,4.203321246620817e-09,2.1871024102892989e-08,0.069031165139812972,22.492321014404297,-323.70391845703125,-0.35367721319198608,1.8615253338793991e-05,4.3742048205785977e-06,-0.00010215318297923659,10.093052469061611,-1758.6668069862048,6.3663523940496622,-33575.853940233501,10.09307108431495,31817.187137621502,6.366250240866683,5825.206186485264,0,0,6.9462349999999997,7.0045390000000003
295,4.9333335906267166,0,0,496.12503051757812,496.12503504753113,496.12503504753113,3.9312579858119534e-09,-1.6323795648531814e-08,0.069031165139812972,0,0,0,-1.5161811006692005e-05,-3.2647591297063627e-06,0.0001013972223518067,10.093052469061611,-1758.6668069862048,6.3663523940496622,-33608.553943337662,10.093037307250604,31849.887133086697,6.3664537912720141,5825.2061864852631,0,0,0,0.028604000000000001
296,4.9500002581626177,1,0.033333335071802139,496.12503051757812,496.12503504753113,496.12503504753113,4.0451340055369656e-09,6.8325647362144082e-09,0.069058973823680328,13.564266204833984,-214.16163635253906,2.0426592826843262,-9.9876569947809912e-05,1.3665129472428816e-06,-6.119489626144059e-05,-3.4326173870024421,-1708.0953559672344,4.3226219820025591,-33803.486848302884,-3.4327172635723899,32095.391493702162,4.3225607871062977,5539.8833796308663,0,0,3.9481039999999998,4.0045869999999999
297,4.9666669256985188,0,0,496.12503051757812,496.12503504753113,496.12503504753113,3.7591445511964139e-09,-1.7159370813146779e-08,0.069058973823680328,0,0,0,3.3364312912453897e-05,-3.4318741626293559e-06,5.0004871354758507e-05,-3.4326173870024421,-1708.0953559672344,4.3226219820025591,-33836.186851407037,-3.4325840226895297,32128.09149200793,4.3226719868739139,5539.8833796308418,0,0,0,0.028156
298,4.9833335932344198,1,0.033333335071802139,496.12503051757812,496.12503504753113,496.12503504753113,3.9422172193326332e-09,1.0984351206388965e-08,0.069031408550787904,1.9362150430679321,-171.358154296875,2.051088809967041,-7.7858078384451801e-05,2.196870241277793e-06,-3.4161337225668831e-05,-5.3821135804110689,-1700.807064806909,2.2571761039944596,-34031.11975637226,-5.3821914384894534,32330.312693762222,2.2571419426572339,5499.5297061965921,0,0,6.6544410000000003,6.7124059999999997
299,5.0000002607703209,0,0,496.12503051757812,496.12503504753113,496.12503504753113,3.8157761395041234e-09,-7.5864514670342942e-09,0.069031408550787904,0,0,0,3.0625176350440597e-05,-1.5172902934068588e-06,6.0653724176518153e-05,-5.3821135804110689,-1700.807064806909,2.2571761039944596,-34063.819759476421,-5.3820829552347185,32363.012693152221,2.2572367577186361,5499.5297061965948,0,0,0,0.028774000000000001
300,5.016666928306222,1,0.033333335071802139,496.12503051757812,496.12503504753113,496.12503504753113,4.2767345220795505e-09,2.7657499401811947e-08,0.069029363036966607,0.36149662733078003,-154.28462219238281,1.5326046943664551,-8.3538429862528574e-05,5.5314998803623894e-06,-5.6165492878790246e-05,-5.8230131775715304,-1710.6396176246219,0.71394419619689897,-34258.752664441643,-5.8230967160013929,32548.113052348523,0.71388803070402018,5513.2457118608809,0,0,4.4878400000000003,4.5455889999999997
301,5.033333595842123,0,0,496.12503051757812,496.12503504753113,496.12503504753113,4.0399048550909811e-09,-1.4209781795671006e-08,0.069029363036966607,0,0,0,-1.2507086921687005e-06,-2.8419563591342012e-06,5.4799437521069194e-05,-5.8230131775715304,-1710.6396176246219,0.71394419619689897,-34291.452667545804,-5.8230144282802225,32580.813047079224,0.71399899563442004,5513.2457118608581,0,0,0,0.028143999999999999
302,5.0500002633780241,1,0.033333335071802139,496.12503051757812,496.12503504753113,496.12503504753113,4.2117496157345613e-09,1.0310674980473777e-08,0.069053995670104479,0.33536839485168457,-148.5164794921875,0.29015141725540161,-5.2895478575010202e-05,2.0621349960947555e-06,-6.0587444750126451e-05,-6.2547007901002329,-1726.1299792832192,0.45118549235540883,-34486.385572511019,-6.254753685578808,32760.255595289935,0.45112490491065871,5552.9426729748538,0,0,4.0572239999999997,4.1159210000000002
303,5.0666669309139252,0,0,496.12503051757812,496.12503504753113,496.12503504753113,4.1684065088531952e-09,-2.6005908537740652e-09,0.069053995670104479,0,0,0,-9.6716490816106671e-06,-5.2011817075481304e-07,9.2764258852184867e-05,-6.2547007901002329,-1726.1299792832192,0.45118549235540883,-34519.08557561518,-6.2547104617493146,32792.955595811844,0.45127825661426102,5552.9426729748729,0,0,0,0.028483999999999999
304,5.0833335984498262,1,0.033333335071802139,496.12503051757812,496.12503504753113,496.12503504753113,4.2468872862855278e-09,4.7088519750104751e-09,0.069074460032845814,0.50946694612503052,-146.56611633300781,-4.6042976379394531,-4.5730826059298124e-05,9.4177039500209503e-07,-6.4771450070111314e-05,-6.8482619512162213,-1743.4537666967958,5.1119454561126201,-34714.018480580395,-6.8483076820422806,32970.56471482537,5.11188068466255,5604.0510340552619,0,0,4.5198859999999996,4.578303
305,5.1000002659857273,0,0,496.12503051757812,496.12503504753113,496.12503504753113,4.2182364268228412e-09,-1.7190640022590742e-09,0.069074460032845814,0,0,0,5.8081707265955629e-05,-3.4381280045181484e-07,4.3563761664699996e-05,-6.8482619512162213,-1743.4537666967958,5.1119454561126201,-34746.718483684555,-6.8482038695089553,33003.264716643949,5.1119890198742848,5604.0510340552646,0,0,0,0.028646000000000001
306,5.1166669335216284,1,0.033333335071802139,496.12503051757812,496.12503504753113,496.12503504753113,4.3256251913703636e-09,6.4433329782787041e-09,0.069068619183131605,-1.1758909225463867,-146.18504333496094,-0.5873907208442688,-5.2468783451331547e-05,1.2886665956557408e-06,-5.8434488892089576e-05,-5.7407667953325543,-1761.0762575002254,5.7914648387998948,-34941.651388649778,-5.7408192641160056,33180.575132438222,5.7914064043110027,5664.0879416147327,0,0,6.586195,6.6451130000000003
307,5.1333336010575294,0,0,496.12503051757812,496.12503504753113,496.12503504753113,4.2734420446777222e-09,-3.1309950188074254e-09,0.069068619183131605,0,0,0,-1.3504023854693514e-05,-6.2619900376148507e-07,8.7543276094947942e-05,-5.7407667953325543,-1761.0762575002254,5.7914648387998948,-34974.351391753939,-5.740780299356409,33213.275133627511,5.7915523820759898,5664.0879416147482,0,0,0,0.028565
308,5.1500002685934305,1,0.033333335071802139,496.12503051757812,496.12503504753113,496.12503504753113,4.3511914071814317e-09,4.6649688556499314e-09,0.069047085687416729,-1.2351037263870239,-146.81793212890625,6.8035106658935547,-9.5948109901655698e-05,9.3299377112998627e-07,6.6407210397301242e-06,-4.5686737863683069,-1778.0049807945836,-0.97028497114684553,-35169.284296719161,-4.5687697344782086,33391.279316857574,-0.9702783304258058,5723.4886879411952,0,0,3.8914149999999998,3.9477039999999999
309,5.1666669361293316,0,0,496.12503051757812,496.12503504753113,496.12503504753113,4.291112798426866e-09,-3.6047271834149797e-09,0.069047085687416729,0,0,0,-1.2993533005101199e-05,-7.2094543668299593e-07,8.6350564743042924e-05,-4.5686737863683069,-1778.0049807945836,-0.97028497114684553,-35201.984299823322,-4.568686779901312,33423.979318307793,-0.97019862058210249,5723.4886879411988,0,0,0,0.034110000000000001
310,5.1833336036652327,1,0.033333335071802139,496.12503051757812,496.12503504753113,496.12503504753113,4.242885154326359e-09,-2.893667527814614e-09,0.069033977125777649,-12.984916687011719,-148.06683349609375,-0.084306627511978149,-4.3487750644999323e-05,-5.787335055629228e-07,-7.5527668741415255e-05,8.4079761041018806,-1793.6374442309261,-0.89366423807309614,-35396.917204788537,8.4079326163512356,33603.279759978876,-0.89373976574183756,5782.1264286566338,0,0,3.7523939999999998,3.8072080000000001
311,5.2000002712011337,0,0,496.12503051757812,496.12503504753113,496.12503504753113,4.0926120270512456e-09,-9.0163787547226093e-09,0.069033977125777649,0,0,0,2.0914012566208839e-05,-1.8032757509445219e-06,0.00018447558431944344,8.4079761041018806,-1793.6374442309261,-0.89366423807309614,-35429.617207892697,8.4079970181144468,33635.979761858493,-0.8934797624887767,5782.1264286566902,0,0,0,0.028572
312,5.2166669387370348,1,0.033333335071802139,496.12503051757812,496.12503504753113,496.12503504753113,4.4102330676309975e-09,1.9057253553000919e-08,0.069030462985946978,-1.9945323467254639,-149.29792785644531,0.8812021017074585,-6.4349751482950523e-05,3.8114507106001838e-06,-2.7281856773697655e-05,10.489457003994318,-1808.0152439265928,-1.7842736772078061,-35624.55011285792,10.489392654242835,33816.534872742777,-1.7843009590645798,5847.8312641932389,0,0,6.3788819999999999,6.4375549999999997
313,5.2333336062729359,0,0,496.12503051757812,496.12503504753113,496.12503504753113,4.2672940736565579e-09,-8.5763334212174414e-09,0.069030462985946978,0,0,0,6.2621415963803884e-05,-1.7152666842434883e-06,8.3044858456560178e-05,10.489457003994318,-1808.0152439265928,-1.7842736772078061,-35657.250115962081,10.489519625410281,33849.234870320222,-1.7841906323493495,5847.8312641932589,0,0,0,0.028774000000000001
314,5.2500002738088369,1,0.033333335071802139,496.12503051757812,496.12503504753113,496.12503504753113,4.4055781245333492e-09,8.2970466053211567e-09,0.069022201660538976,4.6077108383178711,-150.34471130371094,-1.0868057012557983,4.3738828026107512e-05,1.6594093210642313e-06,-7.635115935045178e-05,5.9238907680429893,-1821.3370550715165,-0.69075593806755542,-35852.183020927296,5.9239345068710154,34030.84596751519,-0.69083228922690587,5902.9297000905399,0,0,5.1631879999999999,5.2200810000000004
315,5.266666941344738,0,0,496.12503051757812,496.12503504753113,496.12503504753113,4.3994474729913691e-09,-3.6784308932169552e-10,0.069022201660538976,0,0,0,5.5997645631578052e-06,-7.3568617864339103e-08,6.7744815623882459e-05,5.9238907680429893,-1821.3370550715165,-0.69075593806755542,-35884.883024031456,5.9238963678075525,34063.54596888637,-0.69068819325193154,5902.9297000905381,0,0,0,0.028362999999999999
316,5.2833336088806391,1,0.033333335071802139,496.12503051757812,496.12503504753113,496.12503504753113,4.5567944972901842e-09,9.4408179052152263e-09,0.069016598317087924,2.6176474094390869,-151.29576110839844,-1.4898325204849243,-1.9098141024187498e-05,1.8881635810430453e-06,-8.8578980239617522e-05,3.3091159539786714,-1833.6838094769525,0.82377892393633023,-36079.815928996679,3.3090968558376472,34246.132121407893,0.82369034495609061,5962.8053624816448,0,0,7.0824490000000004,7.1405599999999998
317,5.3000002764165401,0,0,496.12503051757812,496.12503504753113,496.12503504753113,4.5183861097086719e-09,-2.3044925967496965e-09,0.069016598317087924,0,0,0,4.238839323988941e-05,-4.6089851934993931e-07,3.0346461699082283e-05,3.3091159539786714,-1833.6838094769525,0.82377892393633023,-36112.51593210084,3.3091583423719113,34278.832122162989,0.82380927039802931,5962.8053624816203,0,0,0,0.028646000000000001
318,5.3166669439524412,1,0.033333335071802139,496.12503051757812,496.12503504753113,496.12503504753113,4.7779149525695175e-09,1.5571728795293893e-08,0.069004267960989574,1.2725152969360352,-152.11886596679688,-1.6566219329833984,9.156406122201588e-06,3.1143457590587786e-06,-0.00012526606951723807,2.0260077757763297,-1845.187900985042,2.514348553012689,-36307.448837066062,2.0260169321824519,34462.260939195367,2.5142232869431718,6021.0535073368601,0,0,8.8701170000000005,8.9313710000000004
319,5.3333336114883423,0,0,496.12503051757812,496.12503504753113,496.12503504753113,4.7211496934096431e-09,-3.4059022269161687e-09,0.069004267960989574,0,0,0,5.929094868406537e-05,-6.8118044538323375e-07,3.3848891689558513e-05,2.0260077757763297,-1845.187900985042,2.514348553012689,-36340.148840170215,2.0260670667250138,34494.960938503995,2.5143824019043786,6021.053507336831,0,0,0,0.029467
320,5.3500002790242434,1,0.033333335071802139,496.12503051757812,496.12503504753113,496.12503504753113,4.6658552577127921e-09,-3.3176767999520962e-09,0.068990630661549215,0.53967952728271484,-152.8768310546875,-1.5023343563079834,-4.998585154680768e-05,-6.6353535999041924e-07,-7.5834429935639491e-05,1.4503370465927219,-1855.9190283714665,4.0539336761342524,-36535.081745135438,1.4502870607411751,34679.162716100436,4.0538578417043167,6078.4934836385037,0,0,7.6059559999999999,7.6648389999999997
321,5.3666669465601444,0,0,496.12503051757812,496.12503504753113,496.12503504753113,4.6439692091837514e-09,-1.3131757903295238e-09,0.068990630661549215,0,0,0,4.1690140051287017e-05,-2.6263515806590476e-07,7.0029102516855346e-05,1.4503370465927219,-1855.9190283714665,4.0539336761342524,-36567.781748239599,1.4503787367327732,34711.862719605495,4.0540037052367692,6078.4934836384973,0,0,0,0.027355999999999998
322,5.3833336140960455,1,0.033333335071802139,496.12503051757812,496.12503504753113,496.12503504753113,4.9574415683650841e-09,1.880833977452312e-08,0.068977282870383516,-0.11680024117231369,-153.6312255859375,3.9523763656616211,2.2333153992804e-06,3.7616679549046239e-06,-1.2481575595302274e-05,1.5366851599809337,-1865.8799105602661,0.14044156398123744,-36762.714653204814,1.536687393296333,34896.834746406217,0.14042908240564214,6131.1631651726475,0,0,6.6114160000000002,6.673597
323,5.4000002816319466,0,0,496.12503051757812,496.12503504753113,496.12503504753113,4.724058477734161e-09,-1.4002981885141708e-08,0.068977282870383516,0,0,0,3.6499227462627459e-05,-2.8005963770283415e-06,3.291935968263715e-05,1.5366851599809337,-1865.8799105602661,0.14044156398123744,-36795.414656308974,1.5367216592083963,34929.534742948112,0.14047448334092008,6131.163165172653,0,0,0,0.028733999999999999
324,5.4166669491678476,1,0.033333335071802139,496.12503051757812,496.12503504753113,496.12503504753113,4.8319552803377519e-09,6.4738117089291336e-09,0.068971003272703724,0.88748633861541748,-154.2587890625,-1.2184205055236816,-3.1068725547811482e-05,1.2947623417858267e-06,-4.5758554279018426e-05,0.63832994045200575,-1875.2007583812244,1.3597830410048699,-36990.347561274197,0.63829887172645794,35115.146804187738,1.3597372824505909,6185.5994317418172,0,0,5.4776790000000002,5.536232
325,5.4333336167037487,0,0,496.12503051757812,496.12503504753113,496.12503504753113,4.5310608598470026e-09,-1.8053659900374441e-08,0.068971003272703724,0,0,0,-1.8026867110165767e-05,-3.6107319800748883e-06,4.6774198381172027e-05,0.63832994045200575,-1875.2007583812244,1.3597830410048699,-37023.047564378357,0.63831191358489558,35147.846802386404,1.3598298152032511,6185.5994317418254,0,0,0,0.028443
326,5.4500002842396498,1,0.033333335071802139,496.12503051757812,496.12503504753113,496.12503504753113,4.6452997004564622e-09,6.8543393183517765e-09,0.068976561532539546,-0.014090386219322681,-154.83384704589844,-1.2585461139678955,4.9885443331731949e-06,1.3708678636703553e-06,-1.5083440985108609e-05,0.62705652165541714,-1883.9368581507258,2.6499026130623013,-37217.980469343573,0.62706151019975032,35334.043612563713,2.6498875296213162,6240.0579005104701,0,0,7.9059109999999997,7.9660200000000003
327,5.4666669517755508,0,0,496.12503051757812,496.12503504753113,496.12503504753113,4.5957952998776364e-09,-2.9702738046921695e-09,0.068976561532539546,0,0,0,6.6125608100264799e-05,-5.940547609384339e-07,2.1887018419874948e-05,0.62705652165541714,-1883.9368581507258,2.6499026130623013,-37250.680472447733,0.62712264726351741,35366.743613702951,2.6499245000807212,6240.0579005104819,0,0,0,0.029124000000000001
328,5.4833336193114519,1,0.033333335071802139,496.12503051757812,496.12503504753113,496.12503504753113,4.6744821347033394e-09,4.7212118658990221e-09,0.068980156767125045,-0.18363271653652191,-155.25346374511719,-1.2469522953033447,1.7275220898227417e-05,9.4424237317980442e-07,-5.4043800901126815e-05,0.78468284438724023,-1892.2488183933922,3.9566688526115583,-37445.613377412956,0.78470011960813846,35553.364559963804,3.9566148088106572,6293.5389747237405,0,0,7.8655379999999999,7.9252099999999999
329,5.500000286847353,0,0,496.12503051757812,496.12503504753113,496.12503504753113,4.5474113363752622e-09,-7.6242425706141148e-09,0.068980156767125045,0,0,0,-7.7454330948967254e-05,-1.524848514122823e-06,7.7584718383150175e-05,0.78468284438724023,-1892.2488183933922,3.9566688526115583,-37478.313380517116,0.78460539005629126,35586.064560598876,3.9567464373299415,6293.5389747237432,0,0,0,0.028785999999999999
330,5.5166669543832541,1,0.033333335071802139,496.12503051757812,496.12503504753113,496.12503504753113,4.2657513077415388e-09,-1.6899605270737084e-08,0.068970169745334958,-0.21800899505615234,-155.62171936035156,-1.26661217212677,3.6932033253833652e-05,-3.3799210541474167e-06,-0.00017581700149094104,0.97355146073832444,-1900.1914366307017,5.3069269309736864,-37673.246285482339,0.97358839277157827,35773.054845471714,5.3067511139721955,6345.6434371261139,0,0,4.7169869999999996,4.7747159999999997
331,5.5333336219191551,0,0,496.12503051757812,496.12503504753113,496.12503504753113,4.1479641943453771e-09,-7.0672143692718237e-09,0.068970169745334958,0,0,0,4.6179053470041254e-05,-1.4134428738543647e-06,0.00010579016134215635,0.97355146073832444,-1900.1914366307017,5.3069269309736864,-37705.9462885865,0.97359763979179448,35805.754850542355,5.3070327211350286,6345.6434371260702,0,0,0,0.028284
332,5.5500002894550562,1,0.033333335071802139,496.12503051757812,496.12503504753113,496.12503504753113,4.3451953146700362e-09,1.1833865443122704e-08,0.068950265139138586,-0.11527822911739349,-156.11111450195312,-1.3283809423446655,4.2516808207437862e-05,2.3667730886245408e-06,-0.00018650172251000185,1.0582174542161464,-1907.6337367797187,6.7372673918352985,-37900.879193551715,1.0582599710243539,35993.245459138772,6.7370808901127885,6396.0985725748687,0,0,6.3772070000000003,6.4347219999999998
333,5.5666669569909573,0,0,496.12503051757812,496.12503504753113,496.12503504753113,4.271813569545202e-09,-4.4029002665979533e-09,0.068950265139138586,0,0,0,4.7252726176338911e-05,-8.8058005331959066e-07,4.7957712467905367e-05,1.0582174542161464,-1907.6337367797187,6.7372673918352985,-37933.579196655875,1.0582647069423228,36025.945458995579,6.7373153495477665,6396.0985725747933,0,0,0,0.028589
334,5.5833336245268583,1,0.033333335071802139,496.12503051757812,496.12503504753113,496.12503504753113,4.1994905330966503e-09,-4.339369752415223e-09,0.068928960432000669,-0.77482366561889648,-156.69601440429688,7.7184867858886719,-5.65008747344109e-05,-8.6787395048304461e-07,-5.4123074733070098e-05,1.8084068727613278,-1914.4658489925966,-0.88139097108401476,-38128.512101621091,1.8083503718865934,36214.046251760621,-0.88144509415874783,6435.4043557241348,0,0,8.3359509999999997,8.3965720000000008
335,5.6000002920627594,0,0,496.12503051757812,496.12503504753113,496.12503504753113,4.0964645009466949e-09,-6.1815730312275718e-09,0.068928960432000669,0,0,0,-9.520320531919424e-06,-1.2363146062455144e-06,8.4227673369241529e-05,1.8084068727613278,-1914.4658489925966,-0.88139097108401476,-38161.212104725251,1.8083973524407959,36246.746254496342,-0.88130674341064552,6435.4043557241421,0,0,0,0.028624
336,5.6166669595986605,1,0.033333335071802139,496.12503051757812,496.12503504753113,496.12503504753113,4.1917762594323449e-09,5.7187108382095175e-09,0.068908802506064043,0.38361352682113647,-157.21890258789062,-0.95581549406051636,-2.6690401000450947e-05,1.1437421676419035e-06,-4.0880399865272921e-05,1.3846530121856304,-1920.7469130591014,0.11095495228266872,-38356.145009690474,1.38462632178463,36435.398097775113,0.11091407188280344,6479.3262746282408,0,0,7.6856140000000002,7.7477919999999996
337,5.6333336271345615,0,0,496.12503051757812,496.12503504753113,496.12503504753113,4.1694425689797754e-09,-1.340015209905232e-09,0.068908802506064043,0,0,0,2.4485203198310046e-05,-2.6800304198104641e-07,7.1442673288402148e-05,1.3846530121856304,-1920.7469130591014,0.11095495228266872,-38388.845012794634,1.3846774973888287,36468.098099467526,0.11102639495595712,6479.3262746282617,0,0,0,0.028580000000000001
338,5.6500002946704626,1,0.033333335071802139,496.12503051757812,496.12503504753113,496.12503504753113,4.1402170580795428e-09,-1.7535271013002784e-09,0.068887511483666009,-0.40599673986434937,-157.72573852539062,-2.9967525005340576,-3.6684008364318288e-05,-3.5070542026005569e-07,1.1186506299054599e-05,1.7419020431457506,-1926.4993273078294,3.1740952727734575,-38583.777917759857,1.7418653591373863,36657.278590101319,3.1741064592797565,6521.9240246788295,0,0,6.353936,6.413348
339,5.6666669622063637,0,0,496.12503051757812,496.12503504753113,496.12503504753113,4.0644798637856638e-09,-4.544230769454316e-09,0.068887511483666009,0,0,0,7.406264330711565e-05,-9.0884615389086321e-07,2.1255681303955498e-05,1.7419020431457506,-1926.4993273078294,3.1740952727734575,-38616.477920864018,1.7419761057890577,36689.978592647341,3.1741165284547614,6521.9240246788413,0,0,0,0.028479999999999998
340,5.6833336297422647,1,0.033333335071802139,496.12503051757812,496.12503504753113,496.12503504753113,4.3809653682558292e-09,1.8989137373637277e-08,0.06886493044645603,0.91112387180328369,-158.09931945800781,-2.1226069927215576,-1.043171096171136e-05,3.7978274747274554e-06,-6.8176620970916701e-05,0.76147824223313787,-1931.8480816273891,5.3957585118668447,-38811.410825829233,0.76146781052217616,36879.562747999669,5.3956903352458738,6562.7203805428771,0,0,12.285276,12.343665
341,5.7000002972781658,0,0,496.12503051757812,496.12503504753113,496.12503504753113,4.2176324654974451e-09,-9.7999821591088221e-09,0.06886493044645603,0,0,0,-3.1420029245055048e-06,-1.9599964318217644e-06,3.9074666347005405e-05,0.76147824223313787,-1931.8480816273891,5.3957585118668447,-38844.110828933393,0.76147510023021336,36912.262745346008,5.3957975865331917,6562.720380542868,0,0,0,0.028913000000000001
342,5.7166669648140669,1,0.033333335071802139,496.12503051757812,496.12503504753113,496.12503504753113,4.3718144659976588e-09,9.2509289117970184e-09,0.06883287348714813,0.87030905485153198,-158.24215698242188,-1.6852482557296753,-4.976735112904862e-05,1.8501857823594037e-06,-6.5409403759986162e-05,-0.19738246089687017,-1937.0205268299512,7.2217627411344951,-39039.043733898616,-0.19743222824799922,37102.02320891885,7.2216973317307351,6603.1967612766557,0,0,16.149626999999999,16.209114
343,5.733333632349968,0,0,496.12503051757812,496.12503504753113,496.12503504753113,4.2488994544953584e-09,-7.3749131246358957e-09,0.06883287348714813,0,0,0,-8.1476173363626003e-06,-1.4749826249271791e-06,0.00011069314496126026,-0.19738246089687017,-1937.0205268299512,7.2217627411344951,-39071.743737002776,-0.19739060851420653,37134.72320869784,7.2218734342794564,6603.1967612766621,0,0,0,0.034938999999999998
344,5.750000299885869,1,0.033333335071802139,496.12503051757812,496.12503504753113,496.12503504753113,4.4357117978677252e-09,1.1208729944200968e-08,0.068804531275820535,2.5395984649658203,-158.36837768554688,-1.3658838272094727,-4.9229464593736338e-05,2.2417459888401936e-06,-7.6678293225995731e-05,-2.8364771650691907,-1942.0234615048992,8.814955033774595,-39266.676641967992,-2.8365263945337844,37324.653182704838,8.814878355481369,6647.9528394822282,0,0,13.171870999999999,13.235336999999999
345,5.7666669674217701,0,0,496.12503051757812,496.12503504753113,496.12503504753113,4.2879606532153502e-09,-8.8650571328230399e-09,0.068804531275820535,0,0,0,5.8682047665570281e-05,-1.773011426564608e-06,5.5369071105815237e-05,-2.8364771650691907,-1942.0234615048992,8.814955033774595,-39299.376645072152,-2.8364184830215251,37357.353181794242,8.8150104028457008,6647.9528394822191,0,0,0,0.028953
346,5.7833336349576712,1,0.033333335071802139,496.12503051757812,496.12503504753113,496.12503504753113,4.3349683842563991e-09,2.8204567570355721e-09,0.068823049161709865,0.97289121150970459,-158.49369812011719,0.62625408172607422,-3.8552138903469313e-05,5.6409135140711442e-07,-0.00019098240500170505,-3.9325260484986693,-1946.8193849163085,8.3885247288125662,-39494.309550037367,-3.9325646006375727,37547.490165685151,8.3883337464075645,6696.6290141727104,0,0,6.8606429999999996,6.9204840000000001
347,5.8000003024935722,0,0,496.12503051757812,496.12503504753113,496.12503504753113,4.2626981944238196e-09,-4.3362113899547694e-09,0.068823049161709865,0,0,0,7.4368699642946012e-05,-8.6724227799095388e-07,2.2723202164343093e-05,-3.9325260484986693,-1946.8193849163085,8.3885247288125662,-39527.009553141528,-3.9324516797990263,37580.190167357978,8.3885474520147305,6696.6290141726322,0,0,0,0.026119
348,5.8166669700294733,1,0.033333335071802139,496.12503051757812,496.12503504753113,496.12503504753113,4.2828318669307919e-09,1.2080079159204615e-09,0.068778105536285675,-1.5704514980316162,-157.5206298828125,1.153110146522522,-2.1186485810176237e-05,2.4160158318409231e-07,-3.4142567528760992e-05,-2.5765918113409541,-1952.5747879402747,7.3672383079122241,-39721.942458106751,-2.5766129978267642,37769.367670408079,7.3672041653446954,6745.5134304814283,0,0,6.5288209999999998,6.5848279999999999
349,5.8333336375653744,0,0,496.12503051757812,496.12503504753113,496.12503504753113,4.226301975052138e-09,-3.3917935127192322e-09,0.068778105536285675,0,0,0,3.810954467553529e-05,-6.7835870254384645e-07,8.3474355960788671e-05,-2.5765918113409541,-1952.5747879402747,7.3672383079122241,-39754.642461210911,-2.5765537017962785,37802.067672592275,7.3673217822681849,6745.5134304814574,0,0,0,0.026086999999999999
350,5.8500003051012754,1,0.033333335071802139,496.12503051757812,496.12503504753113,496.12503504753113,4.3086294532201919e-09,4.9396362555853557e-09,0.068626994279777073,-1.0771108865737915,-157.34370422363281,1.7059506177902222,3.3230350027224631e-05,9.8792725111707114e-07,-7.3918238285841653e-05,-1.8111527054610441,-1958.5646209290658,5.6122292908355194,-39949.575366176134,-1.8111194751110169,37991.010746234999,5.6121553725972335,6769.1625878665836,0,0,12.089219,12.148638999999999
351,5.8666669726371765,0,0,496.12503051757812,496.12503504753113,496.12503504753113,4.2675374345435557e-09,-2.4655100183679224e-09,0.068626994279777073,0,0,0,2.5814233595156111e-05,-4.9310200367358448e-07,0.0001195715867652325,-1.8111527054610441,-1958.5646209290658,5.6122292908355194,-39982.275369280294,-1.811126891227449,38023.710747858124,5.6123488624222846,6769.1625878665964,0,0,0,0.02853
352,5.8833336401730776,1,0.033333335071802139,496.12503051757812,496.12503504753113,496.12503504753113,5.0937614126667086e-09,4.9573436911032331e-08,0.068524155613719162,-23.178112030029297,-178.99702453613281,-0.56609678268432617,-9.6722726539155701e-05,9.9146873822064663e-06,-6.0231343468331033e-05,21.309972811252372,-1942.8176837040189,6.1023900903443229,-40177.20827424551,21.309876088525833,38234.39060045618,6.1023298590008546,6618.5652291173337,0,0,16.326795000000001,16.387944000000001
353,5.9000003077089787,0,0,496.12503051757812,496.12503504753113,496.12503504753113,4.5766399558999638e-09,-3.1027276747863652e-08,0.068524155613719162,0,0,0,5.099012696518912e-05,-6.2054553495727305e-06,5.5018483635649318e-05,21.309972811252372,-1942.8176837040189,6.1023900903443229,-40209.90827734967,21.310023801379337,38267.090587440194,6.1024451088279585,6618.5652291173092,0,0,0,0.034706000000000001
354,5.9166669752448797,1,0.033333335071802139,496.12503051757812,496.12503504753113,496.12503504753113,4.5383150570899033e-09,-2.2994868231762666e-09,0.068458140605971884,-4.1896638870239258,-190.01823425292969,0.2815890908241272,1.5578962120343931e-06,-4.5989736463525333e-07,-1.5601392533426406e-05,25.514986243134832,-1915.2358253888549,5.8303797072539485,-40404.841182314893,25.514987801031044,38489.605356466142,5.8303641058614151,6380.7124243117123,0,0,11.320880000000001,11.383277
355,5.9333336427807808,0,0,496.12503051757812,496.12503504753113,496.12503504753113,4.5236738799303566e-09,-8.7847329410806196e-10,0.068458140605971884,0,0,0,2.743645950431528e-05,-1.7569465882161239e-07,6.6045811308867997e-05,25.514986243134832,-1915.2358253888549,5.8303797072539485,-40437.541185419053,25.515013679594336,38522.305359854501,5.8304457530652574,6380.7124243117032,0,0,0,0.026061000000000001
356,5.9500003103166819,1,0.033333335071802139,496.12503051757812,496.12503504753113,496.12503504753113,4.6112682561272322e-09,5.255653690028339e-09,0.068324485705012386,0.71278530359268188,-171.42112731933594,0.20821154117584229,-6.5538074522919487e-06,1.0511307380056678e-06,-0.0001737617139951908,24.782703528105547,-1906.7229437212989,5.666054300106607,-40632.474090384276,24.782696974298094,38725.751147714109,5.6658805383926119,6369.6664938169415,0,0,9.6625150000000009,9.7230249999999998
357,5.9666669778525829,0,0,496.12503051757812,496.12503504753113,496.12503504753113,4.5668406833954123e-09,-2.6656445939465812e-09,0.068324485705012386,0,0,0,4.446547450243088e-05,-5.3312891878931623e-07,7.2049704158416716e-05,24.782703528105547,-1906.7229437212989,5.666054300106607,-40665.174093488436,24.782747993580049,38758.45114923401,5.6661263498107655,6369.6664938168951,0,0,0,0.025721999999999998
358,5.983333645388484,1,0.033333335071802139,496.12503051757812,496.12503504753113,496.12503504753113,4.7905679423365655e-09,1.3423647970967068e-08,0.068174589957509732,0.19107313454151154,-162.52113342285156,4.0912375450134277,-4.5772031853630324e-05,2.6847295941934135e-06,-6.4977155034284806e-05,24.568397511007547,-1907.2411532660601,1.6815131689499863,-40860.106998453652,24.568351738975693,38952.865847872323,1.681448191794952,6375.115353191477,0,0,8.7131500000000006,8.7729649999999992
359,6.0000003129243851,0,0,496.12503051757812,496.12503504753113,496.12503504753113,4.7770805089442092e-09,-8.0924378309532585e-10,0.068174589957509732,0,0,0,1.7576689970155712e-05,-1.6184875661906517e-07,0.00012491159395722207,24.568397511007547,-1907.2411532660601,1.6815131689499863,-40892.807001557812,24.568415087697517,38985.565848129903,1.6816380805439435,6375.1153531914933,0,0,0,0.028830999999999999
