step,time,executed,fluid_dt,contained_mass,liquid_mass,retained_mass,tank_y,tank_vy,liquid_y,contained_Ix,contained_Iy,contained_Iz,body_Px,body_Py,body_Pz,liquid_Px,liquid_Py,liquid_Pz,gravity_Iy,residual_x,residual_y,residual_z,kinetic_J,hydro_Fy,drag_Fy,particle_ms,coupling_ms
0,0.01666666753590107,1,0.01666666753590107,600,600,600,2.2386389617046198e-12,1.3431833423283024e-10,0.29818331817785898,0,0,0,-0.00013393040489972918,2.6863666846566048e-08,-2.315766778338002e-06,1.493484619974339e-06,-98.100341245532036,1.7281355102483076e-07,-130.80001241664121,-0.00013243692027975484,32.699671197972833,-2.1429532273131713e-06,43.29628373206473,0,0,1.7016789999999999,1.760761
1,0.033333335071802139,0,0,600,600,600,1.9623379310385047e-11,1.0430842856123945e-09,0.29818331817785898,0,0,0,-3.8608919794569374e-05,2.086168571224789e-07,3.9543957086607406e-05,1.493484619974339e-06,-98.100341245532036,1.7281355102483076e-07,-163.50001552080153,-3.7115435174595035e-05,65.399674483886344,3.9716770637632237e-05,43.296283732027653,0,0,0,0.026217000000000001
2,0.050000002607703209,1,0.033333335071802139,600,600,600,1.6117501430712444e-11,-2.1035262420809886e-10,0.28652822454770405,-5.8362368271502874e-09,-45.141544342041016,1.4872986175973324e-09,4.6854927404638147e-05,-4.2070524841619772e-08,-6.1302216636249796e-05,1.2747042887895077e-06,-249.18994933366776,1.3427286660316895e-07,-392.40003724992363,4.8129631693427655e-05,143.21008787418535,-6.1167943769646627e-05,71.194786091469794,0,0,1.6981139999999999,1.736461
3,0.066666670143604279,0,0,600,600,600,2.2975378544121128e-11,4.1147263374341492e-10,0.28652822454770405,0,0,0,-4.7421599447261542e-05,8.2294526748682983e-08,6.1444438870239537e-05,1.2747042887895077e-06,-249.18994933366776,1.3427286660316895e-07,-425.10004035408394,-4.6146895158472034e-05,175.91009110271071,6.1578711736842706e-05,71.194786091470107,0,0,0,0.023219
4,0.083333337679505348,1,0.033333335071802139,600,600,600,-7.3777130238372735e-11,-5.8051501383715731e-09,0.27106317400932312,-3.9950038832614609e-09,-71.4383544921875,1.2394843373897402e-08,3.3993813985944143e-05,-1.1610300276743146e-06,-2.9177687110859551e-05,1.0787874430207012e-05,-373.13194990158081,3.0536425839500225e-05,-654.0000620832061,4.4781688416151155e-05,280.86811102059528,1.3587387286406738e-06,131.47289824408759,0,0,1.7767360000000001,1.8197840000000001
5,0.10000000521540642,0,0,600,600,600,-1.403624022566774e-10,-3.995116237831553e-09,0.27106317400932312,0,0,0,-3.4264672876815894e-05,-7.990232475663106e-07,2.9229175879663671e-05,1.0787874430207012e-05,-373.13194990158081,3.0536425839500225e-05,-686.70006518736636,-2.3476798446608882e-05,313.56811448676228,5.9765601719163897e-05,131.47289824408767,0,0,0,0.026121999999999999
6,0.11666667275130749,1,0.033333335071802139,600,600,600,-9.141899737219461e-11,2.9366038489797575e-09,0.25121655901273093,-2.2891925854917616e-10,-72.929550170898438,1.7979967736891922e-08,-5.0835751608246937e-06,5.8732076979595149e-07,-1.8909145182988141e-05,5.98342976445565e-05,-494.04455018043518,0.00021675619245797861,-915.60008691648841,5.4750722483731806e-05,421.55553732337398,0.00019784704727499047,227.06359618605339,0,0,1.778154,1.8199989999999999
7,0.13333334028720856,0,0,600,600,600,-1.0057681076869329e-10,-5.4946891481222337e-10,0.25121655901273093,0,0,0,5.0340048574071261e-06,-1.0989378296244467e-07,1.6720144913051627e-05,5.98342976445565e-05,-494.04455018043518,0.00021675619245797861,-948.30009002064878,6.4868302501963626e-05,454.25553973031981,0.00023347633737103024,227.06359618605308,0,0,0,0.023900999999999999
8,0.15000000782310963,1,0.033333335071802139,600,600,600,-2.5808272186012005e-10,-9.4503551650859663e-09,0.22568025608857473,-2.334414661575579e-09,-96.423774719238281,2.048648184427293e-08,8.6083730366226519e-06,-1.8900710330171933e-06,5.8597180441211094e-06,0.00063102619469646015,-591.75979042053223,0.0022338890066748718,-1177.2001117497709,0.0006396345677330828,585.44031943916764,0.0022397487247189929,332.31554633020278,0,0,1.844061,1.8882829999999999
9,0.1666666753590107,0,0,600,600,600,-2.9158783720895087e-10,-2.0103065878629423e-09,0.22568025608857473,0,0,0,-6.5999643084069248e-06,-4.0206131757258845e-07,-5.4611973610008135e-06,0.00063102619469646015,-591.75979042053223,0.0022338890066748718,-1209.9001148539312,0.00062442623038805323,618.14032403133763,0.002228427809313871,332.31554633020266,0,0,0,0.026206
10,0.18333334289491177,1,0.033333335071802139,600,600,600,-3.500743583906285e-10,-3.5091911598783554e-09,0.19752987543741862,-1.1040627967418004e-08,-117.18042755126953,2.8664457474292249e-08,-1.9625736058515031e-05,-7.0183823197567108e-07,-0.00013024282452533953,0.00032129974715644494,-672.24368715286255,0.0014837176713626832,-1438.8001365830532,0.00030167401109792991,766.55644872835251,0.0013534748468373436,449.82017639589748,0,0,2.1690610000000001,2.2123590000000002
11,0.20000001043081284,0,0,600,600,600,-3.5943814591377077e-10,-5.6182791752235062e-10,0.19752987543741862,0,0,0,2.3423399397870526e-05,-1.1236558350447012e-07,0.00013557109923567623,0.00032129974715644494,-672.24368715286255,0.0014837176713626832,-1471.5001396872135,0.00034472314655431546,799.25645242198539,0.0016192887705983594,449.82017639590185,0,0,0,0.026217000000000001
12,0.21666667796671391,1,0.033333335071802139,600,600,600,-2.9419269798047765e-10,3.914726320886075e-09,0.16471479525168736,-1.3218713235119139e-08,-115.98329162597656,3.8658889423004439e-08,-7.2594616540300194e-06,7.8294526417721499e-07,-0.00014120898867986398,0.00019476837769616395,-756.50412464141846,0.0023205444449558854,-1700.4001614163358,0.00018750891604213393,943.89603755786254,0.0021793354562760214,564.26770224273275,0,0,1.7112590000000001,1.7589440000000001
13,0.23333334550261497,0,0,600,600,600,-3.3705316315746359e-10,-2.5716282436860638e-09,0.16471479525168736,0,0,0,1.2670079740928486e-05,-5.1432564873721276e-07,0.00014086822375247721,0.00019476837769616395,-756.50412464141846,0.0023205444449558854,-1733.100164520496,0.00020743845743709244,976.59603936475196,0.0024614126687083626,564.26770224273321,0,0,0,0.026005
14,0.25000001303851604,1,0.033333335071802139,600,600,600,-3.6729813635005826e-10,-1.8146977254218655e-09,0.13780666232109071,-5.1343795881564347e-09,-223.46983337402344,4.7288406079815104e-08,-0.00015578438024022034,-3.6293954508437309e-07,-7.7088657235435676e-06,-0.0002942760766018182,-735.94795656204224,0.00064447056502103806,-1962.0001862496181,-0.00045006045684203855,1226.0522293246363,0.00063676169929749449,551.11430543878203,0,0,1.645559,1.6872180000000001
15,0.26666668057441711,0,0,600,600,600,-3.6898198385593162e-10,-1.0103118341930895e-10,0.13780666232109071,0,0,0,-2.2504877961182501e-07,-2.0206236683861789e-08,6.031710881870822e-05,-0.0002942760766018182,-735.94795656204224,0.00064447056502103806,-1994.7001893537783,-0.00029450112538143003,1258.7522327715299,0.00070478767383974628,551.11430543873144,0,0,0,0.075566999999999995
16,0.28333334811031818,1,0.033333335071802139,600,600,600,-3.0201097178661485e-10,4.0182612792705186e-09,0.11836317320664724,0.5109483003616333,-210.97196960449219,1.0552978515625,-1.2136266036577581e-05,8.0365225585410371e-07,-3.6394976632436737e-05,-0.51484294363763183,-724.8210768699646,-1.0640149135142565,-2223.6002110829004,-0.51485507990366841,1498.779135016588,-1.0640513084908889,567.01992643725123,0,0,1.5643119999999999,1.6044970000000001
17,0.30000001564621925,0,0,600,600,600,-3.1640587372372408e-10,-8.6369400520425188e-10,0.11836317320664724,0,0,0,-2.7126674240207649e-05,-1.7273880104085038e-07,2.1175833353481721e-05,-0.51484294363763183,-724.8210768699646,-1.0640149135142565,-2256.3002141870606,-0.51487007031187204,1531.4791371443571,-1.063993737680903,567.0199264372493,0,0,0,0.023354
18,0.31666668318212032,1,0.033333335071802139,600,600,600,-3.547755422772525e-10,-2.3021797801447974e-09,0.09894749969244003,4.1635708808898926,-194.76226806640625,4.5732421875,-1.6469164165755501e-05,-4.6043595602895948e-07,-2.5396985847692122e-05,-4.6812797304010019,-726.92086362838745,-5.6263848058879375,-2485.2002359161829,-4.6812961995651676,1758.2793718273595,-5.6264102028737852,583.42560179404484,0,0,2.6808900000000002,2.7234530000000001
19,0.33333335071802139,0,0,600,600,600,-3.9883993330214196e-10,-2.6438629063818553e-09,0.09894749969244003,0,0,0,3.846765821435838e-05,-5.2877258127637106e-07,6.9445638928300468e-05,-4.6812797304010019,-726.92086362838745,-5.6263848058879375,-2517.9002390203432,-4.6812412627427875,1790.9793748631832,-5.6263153602490092,583.4256017940661,0,0,0,0.026631999999999999
20,0.35000001825392246,1,0.033333335071802139,600,600,600,4.9686699199469331e-11,2.6911596506806745e-08,0.083553366065025336,-2.4232857227325439,-213.69512939453125,-2.9789361953735352,-7.9815333720034687e-05,5.3823193013613491e-06,-5.4966346851870185e-05,-2.245158753648866,-709.52903985977173,-2.6286420272663236,-2746.8002607494655,-2.245238568982586,2037.2712262720129,-2.6286969936131754,507.63422361430349,0,0,1.6434850000000001,1.685864
21,0.36666668578982353,0,0,600,600,600,8.4260702581939739e-11,2.0744401751926489e-09,0.083553366065025336,0,0,0,6.2788149080006406e-05,4.1488803503852978e-07,7.7944810072949622e-05,-2.245158753648866,-709.52903985977173,-2.6286420272663236,-2779.5002638536257,-2.245095965499786,2069.9712244087423,-2.6285640824562506,507.63422361431219,0,0,0,0.026096000000000001
22,0.3833333533257246,1,0.033333335071802139,600,600,600,1.8256293699003834e-10,5.8981335371299792e-09,0.078580180605252584,-0.9999854564666748,-147.71990966796875,-1.4057526588439941,-6.0474803831311874e-06,1.1796267074259958e-06,-3.1548046308671474e-05,-1.2413459909439553,-758.08893918991089,-1.2160001443699002,-3008.400285582748,-1.2413520384243384,2250.311347572464,-1.2160316924162089,567.19831149986157,0,0,1.6788540000000001,1.7209620000000001
23,0.40000002086162567,0,0,600,600,600,1.8959042669131065e-11,-9.8162331596540753e-09,0.078580180605252584,0,0,0,3.1411195777764078e-05,-1.9632466319308151e-06,0.00017122911231126636,-1.2413459909439553,-758.08893918991089,-1.2160001443699002,-3041.1002886869082,-1.2413145797481775,2283.0113475337507,-1.215828915257589,567.19831149993331,0,0,0,0.026020000000000001
24,0.41666668839752674,1,0.033333335071802139,600,600,600,1.187738796204485e-11,-4.2489922691402171e-10,0.073232162396113076,0.17742478847503662,-140.91658020019531,0.96515321731567383,-0.00012884256648248993,-8.4979845382804342e-08,-5.3857661441725213e-06,-1.4186482802033424,-813.1749119758606,-2.2056901715695858,-3270.0003104160301,-1.4187771227698249,2456.8253983551895,-2.20569555733573,657.80154520671988,0,0,1.685613,1.727603
25,0.43333335593342781,0,0,600,600,600,5.0598844558713552e-11,2.3232873402889709e-09,0.073232162396113076,0,0,0,5.4561951401410624e-05,4.6465746805779418e-07,4.9990683237410849e-05,-1.4186482802033424,-813.1749119758606,-2.2056901715695858,-3302.7003135201903,-1.418593718251941,2489.5254020089869,-2.2056401808863484,657.80154520669203,0,0,0,0.025992000000000001
26,0.45000002346932888,1,0.033333335071802139,600,600,600,-7.461022077936974e-11,-7.5125434761957877e-09,0.069648170471191401,-3.6418969631195068,-157.83477783203125,1.3743385076522827,-6.8572603595384862e-05,-1.5025086952391575e-06,-3.0585971444452298e-05,2.2787608439102769,-851.41973066329956,-3.6337625328451395,-3531.6003352493126,2.2786922713066815,2680.1806030835041,-3.633793118816584,763.50961549835893,0,0,2.1287600000000002,2.1707800000000002
27,0.46666669100522995,0,0,600,600,600,-1.5051093704698815e-10,-4.5540424764567433e-09,0.069648170471191401,0,0,0,1.2691214124060934e-05,-9.1080849529134866e-07,2.4264534204121446e-05,2.2787608439102769,-851.41973066329956,-3.6337625328451395,-3564.3003383534729,2.278773535124401,2712.8806067793648,-3.6337382683109354,763.50961549834722,0,0,0,0.030890000000000001
28,0.48333335854113102,1,0.033333335071802139,600,600,600,4.6590967195392352e-11,1.1826113421875561e-08,0.069275008042653408,-2.4932541847229004,-166.32296752929688,-3.0035092830657959,-7.0937869622866856e-05,2.3652226843751123e-06,-3.1423627433468937e-05,4.9140561344102025,-882.29383039474487,-0.6222992530092597,-3793.2003600825951,4.9139851965405796,2910.9065320530731,-0.62233067663669317,807.68249963316566,0,0,1.645221,1.6888879999999999
29,0.50000002607703209,0,0,600,600,600,-7.7079828630921554e-11,-7.4202475275342294e-09,0.069275008042653408,0,0,0,3.7977974898240063e-05,-1.4840495055068459e-06,0.00017970671706279973,4.9140561344102025,-882.29383039474487,-0.6222992530092597,-3825.9003631867554,4.9140941123851007,2943.6065313079607,-0.6221195462921969,807.68249963323478,0,0,0,0.026183000000000001
30,0.51666669361293316,1,0.033333335071802139,600,600,600,1.4865185471446551e-10,1.3543900223567107e-08,0.069275010824203495,-1.1674153804779053,-129.06088256835938,0.59149068593978882,-7.2209718382509891e-05,2.7087800447134214e-06,-8.9971479155792622e-06,6.1683710850775242,-952.43128728866577,-1.1695225974544883,-4054.8003849158777,6.1682988753591417,3102.3691003359918,-1.1695315946024039,932.50937312862675,0,0,1.595208,1.6379790000000001
31,0.53333336114883423,0,0,600,600,600,1.5349115034535288e-10,2.9035751580863689e-10,0.069275010824203495,0,0,0,6.1537531337307882e-05,5.8071503161727378e-08,4.0129589251591824e-05,6.1683710850775242,-952.43128728866577,-1.1695225974544883,-4087.5003880200379,6.1684326226088615,3135.0691007894438,-1.1694824678652367,932.50937312862879,0,0,0,0.026006999999999999
32,0.5500000286847353,1,0.033333335071802139,600,600,600,1.3502320095337694e-10,-1.108077185563161e-09,0.069275010824203495,0.4613640308380127,-118.37422180175781,-0.4257209300994873,-6.026672281223e-05,-2.2161543711263221e-07,-0.0001411076596014027,5.7849935870617628,-1034.7519555091858,-0.72200887463986874,-4316.4004097491597,5.7849333203389506,3281.6484540183583,-0.72214998229947014,1100.8228362062832,0,0,1.680245,1.72235
33,0.56666669622063637,0,0,600,600,600,1.6564288829457041e-10,1.8371810739381544e-09,0.069275010824203495,0,0,0,2.8411869834599202e-05,3.6743621478763089e-07,3.68536859696178e-05,5.7849935870617628,-1034.7519555091858,-0.72200887463986874,-4349.1004128533204,5.7850219989315974,3314.348457711571,-0.72197202095389912,1100.8228362062289,0,0,0,0.025964000000000001
34,0.58333336375653744,1,0.033333335071802139,600,600,600,1.9007474760801557e-10,1.4659118363624657e-09,0.069275010824203495,-4.7424278259277344,-116.59384155273438,-1.1164634227752686,-1.833055875977152e-05,2.9318236727249314e-07,-9.560168336975039e-05,10.627290770411491,-1119.7680749893188,0.36209291219711304,-4578.0004345824427,10.627272439852732,3458.2323598863063,0.36199731051374329,1291.965968742682,0,0,1.685667,1.7273160000000001
35,0.60000003129243851,0,0,600,600,600,1.6185870699292337e-10,-1.6929622148609269e-09,0.069275010824203495,0,0,0,3.0944124773668591e-05,-3.3859244297218538e-07,0.00013189369383326266,10.627290770411491,-1119.7680749893188,0.36209291219711304,-4610.7004376866025,10.627321714536265,3490.9323623586915,0.3622248058909463,1291.9659687426981,0,0,0,0.025891999999999998
36,0.61666669882833958,1,0.033333335071802139,600,600,600,2.2294625867669282e-10,3.6652529900038644e-09,0.06927500923474629,4.9119572639465332,-146.89352416992188,-1.2213574647903442,-4.9949011327043991e-05,7.3305059800077288e-07,-1.9675451312650694e-05,5.827556299045682,-1174.7139568328857,1.5685438923537731,-4839.6004594157248,5.8275063500343549,3664.88650331589,1.5685242169024605,1429.5901493205049,0,0,1.6677709999999999,1.709084
37,0.63333336636424065,0,0,600,600,600,1.679256178555022e-10,-3.3012383937602863e-09,0.06927500923474629,0,0,0,1.2409429928084137e-05,-6.6024767875205725e-07,3.0568583042622777e-05,5.827556299045682,-1174.7139568328857,1.5685438923537731,-4872.3004625198846,5.82756870847561,3697.5865050267512,1.5685744609368157,1429.5901493205017,0,0,0,0.025992000000000001
38,0.65000003390014172,1,0.033333335071802139,600,600,600,1.7154654086137811e-10,2.1725554688600823e-10,0.069275005658467614,6.9362192153930664,-265.784912109375,0.20687779784202576,-0.00014505335457215551,4.3451109377201647e-08,-3.5057348668487975e-05,-1.155668880790472,-1109.5930886268616,1.3451930014416575,-5101.2004842490069,-1.1558139341450442,3991.6073956655964,1.3451579440929891,1258.6194073522313,0,0,1.72254,1.764151
39,0.66666670143604279,0,0,600,600,600,8.8849545776259475e-11,-4.961819399795786e-09,0.069275005658467614,0,0,0,2.7755868359236047e-05,-9.923638799591572e-07,0.00019255678580520907,-1.155668880790472,-1109.5930886268616,1.3451930014416575,-5133.9004873531676,-1.1556411249221128,4024.3073977339423,1.3453855582274628,1258.6194073522697,0,0,0,0.026012
40,0.68333336897194386,1,0.033333335071802139,600,600,600,3.7316374990048473e-10,1.7058852108675637e-08,0.069275000095367426,-1.115485668182373,-397.88815307617188,0.57470911741256714,-0.00014630757050326793,3.4117704217351275e-06,-7.533178632002091e-05,-0.051792522426694632,-910.08255577087402,0.75949226645752788,-5362.8005090822899,-0.0519388299971979,4452.717956723186,0.75941693467120785,766.79525674837782,0,0,1.620247,1.662523
41,0.70000003650784492,0,0,600,600,600,2.6148855303276264e-10,-6.7005112569518133e-09,0.069275000095367426,0,0,0,1.7805746210797224e-05,-1.3401022513903627e-06,0.00013738467714574654,-0.051792522426694632,-910.08255577087402,0.75949226645752788,-5395.5005121864497,-0.051774716680483834,4485.4179550754734,0.75962965113467362,766.79525674835747,0,0,0,0.026072999999999999
42,0.71666670404374599,1,0.033333335071802139,600,600,600,7.851623240462402e-10,3.1420423596273395e-08,0.069274996916453044,-0.82513034343719482,-301.07266235351562,0.54971969127655029,-6.9217088594086817e-05,6.2840847192546789e-06,-2.4210186211348628e-05,0.78348709864076227,-806.47358465194702,0.19345009885728359,-5624.4005339155719,0.78341788155216818,4817.9269555477094,0.19342588867107224,581.11856761649824,0,0,1.714029,1.7555529999999999
43,0.73333337157964706,0,0,600,600,600,7.740218466167903e-10,-6.6842709145475965e-10,0.069274996916453044,0,0,0,-8.4512748799170367e-06,-1.3368541829095193e-07,1.5102767747521284e-05,0.78348709864076227,-806.47358465194702,0.19345009885728359,-5657.1005370197327,0.78347864736588235,4850.6269522340999,0.19346520162503111,581.11856761648482,0,0,0,0.026029
44,0.75000003911554813,1,0.033333335071802139,600,600,600,8.0872719632196777e-10,2.0823200941322284e-09,0.069274995724360147,-0.05360528826713562,-288.14352416992188,-0.39949336647987366,-6.1247186522450647e-05,4.1646401882644568e-07,-4.4920579966856167e-05,0.83974375994876027,-714.99647903442383,0.58541055675595999,-5886.000558748854,0.83968251276223782,5171.0040801308942,0.58536563617599313,444.66275835678181,0,0,1.899715,1.9424729999999999
45,0.7666667066514492,0,0,600,600,600,7.7348788485309683e-10,-2.1143571338200218e-09,0.069274995724360147,0,0,0,4.1883185986080207e-05,-4.2287142676400435e-07,9.985825499825296e-05,0.83974375994876027,-714.99647903442383,0.58541055675595999,-5918.7005618530147,0.83978564313474635,5203.7040823957195,0.58551041501095824,444.66275835680227,0,0,0,0.025919999999999999
46,0.78333337418735027,1,0.033333335071802139,600,600,600,7.7024764344457708e-10,-1.9441515064499981e-10,0.069274998903274543,0.16860179603099823,-230.06362915039062,0.1395106166601181,-0.00010368481753175729,-3.8883030128999962e-08,1.2731169363178196e-05,0.67320391186513007,-681.4658522605896,0.43900590238627046,-6147.600583582137,0.67310022704759831,5466.1347312826647,0.43901863355563364,405.25998109607013,0,0,1.770551,1.81484
47,0.80000004172325134,0,0,600,600,600,8.0201451035932791e-10,1.9060131251080747e-09,0.069274998903274543,0,0,0,3.9551480313093634e-06,3.8120262502161495e-07,1.3500300610758131e-05,0.67320391186513007,-681.4658522605896,0.43900590238627046,-6180.3005866862968,0.67320786701316138,5498.8347348069101,0.43901940268688122,405.25998109604166,0,0,0,0.024088999999999999
48,0.81666670925915241,1,0.033333335071802139,600,600,600,6.4708138847180408e-10,-9.2959879793852451e-09,0.069274998903274543,0.19246920943260193,-210.98089599609375,-0.031648952513933182,-0.00011298448043817189,-1.859197595877049e-06,-2.5632766664784867e-05,0.48230764188338071,-667.25801372528076,0.46575603331439197,-6409.2006084154191,0.48219465740294254,5741.9425928309411,0.46573040054772719,397.063355884722,0,0,1.5950230000000001,1.637176
49,0.83333337679505348,0,0,600,600,600,6.2779509368837694e-10,-1.1571774649610234e-09,0.069274998903274543,0,0,0,-1.0276698958477937e-05,-2.3143549299220467e-07,0.00011319227724015946,0.48230764188338071,-667.25801372528076,0.46575603331439197,-6441.9006115195798,0.48229736518442223,5774.6425975628636,0.46586922559163213,397.06335588471484,0,0,0,0.026107999999999999
50,0.85000004433095455,1,0.033333335071802139,600,600,600,5.8268145863848986e-10,-2.7068196573054593e-09,0.069274999300638837,-0.084692232310771942,-195.63980102539062,0.0079137878492474556,-0.00016917989569265046,-5.4136393146109185e-07,-8.2260839917580597e-06,0.56829612166620791,-668.74079942703247,0.45350267831236124,-6670.8006332487021,0.56812694177051526,6002.0598332803056,0.45349445222836948,410.07711409769047,0,0,1.6071340000000001,1.6491579999999999
51,0.86666671186685562,0,0,600,600,600,4.1732325928300895e-10,-9.9214911841727371e-09,0.069274999300638837,0,0,0,4.2585963910823921e-05,-1.9842982368345474e-06,0.00013139033399056643,0.56829612166620791,-668.74079942703247,0.45350267831236124,-6703.5006363528619,0.56833870763011873,6034.7598349415312,0.45363406864635181,410.07711409766608,0,0,0,0.026067
52,0.88333337940275669,1,0.033333335071802139,600,600,600,2.8071348023850362e-10,-8.1965865206257149e-09,0.069274999698003131,0.13664689660072327,-218.15896606445312,-0.010195773094892502,-8.1122038864123169e-05,-1.639317304125143e-06,-5.4392307902162429e-05,0.4328847823489923,-647.76275014877319,0.46138048241846263,-6932.4006580819841,0.43280366031012818,6284.637906293894,0.46132609011056047,379.81957223687846,0,0,1.616662,1.6581170000000001
53,0.90000004693865776,0,0,600,600,600,2.9150470925998206e-10,6.4747407435561399e-10,0.069274999698003131,0,0,0,4.5778912749483425e-05,1.294948148711228e-07,5.0508890581113519e-05,0.4328847823489923,-647.76275014877319,0.46138048241846263,-6965.100661186144,0.43293056126174179,6317.3379111668655,0.46143099130904375,379.81957223686504,0,0,0,0.026071
54,0.91666671447455883,1,0.033333335071802139,600,600,600,8.3275081275147045e-10,3.2474765987444698e-08,0.069274995724360147,-0.26245316863059998,-217.08634948730469,0.29886549711227417,-7.5381001352070598e-05,6.4949531974889396e-06,-2.5354631816298934e-05,0.69740706775337458,-627.5910496711731,0.15902090666349977,-7194.0006829152662,0.69733168675202251,6566.4096397390458,0.15899555203168347,345.70273088548191,0,0,1.6116140000000001,1.652841
55,0.9333333820104599,0,0,600,600,600,7.9334949720788472e-10,-2.3640795987489582e-09,0.069274995724360147,0,0,0,5.6818407756509259e-05,-4.7281591974979165e-07,9.3909420684212819e-06,0.69740706775337458,-627.5910496711731,0.15902090666349977,-7226.7006860194269,0.69746388616113109,6599.1096358754376,0.15903029760556819,345.70273088547521,0,0,0,0.32550400000000002
56,0.95000004954636097,1,0.033333335071802139,600,600,600,7.4084877121904924e-10,-3.1500420050178946e-09,0.069274995724360147,0.094269357621669769,-204.99127197265625,-0.079662412405014038,-5.0881271818070672e-05,-6.3000840100357891e-07,5.8443959005671786e-06,0.60362134856404737,-619.05649328231812,0.23665119271026924,-7455.6007077485492,0.6035704672922293,6836.5442138362232,0.23665703710616981,335.93650022112359,0,0,1.8259510000000001,1.8678619999999999
57,0.96666671708226204,0,0,600,600,600,5.8621074661147077e-10,-9.278279478053264e-09,0.069274995724360147,0,0,0,4.5108890844858252e-05,-1.8556558956106528e-06,0.0001427497636541375,0.60362134856404737,-619.05649328231812,0.23665119271026924,-7488.300710852709,0.60366645745489222,6869.2442157147352,0.23679394247392338,335.93650022117299,0,0,0,0.023958
58,0.98333338461816311,1,0.033333335071802139,600,600,600,3.4937913673260823e-10,-1.4209895482508728e-08,0.069274996916453044,0.12382138520479202,-198.10786437988281,-0.038046855479478836,-0.00010077990282297833,-2.8419790965017455e-06,-2.7238797883910593e-06,0.48004429403226823,-617.51838970184326,0.27357277882401831,-7717.2007325818313,0.47994351412944525,7099.682340038009,0.27357005494422992,337.74734640122307,0,0,1.7120820000000001,1.7548809999999999
59,1.0000000521540642,0,0,600,600,600,2.0294151081845513e-10,-8.7862570552488251e-09,0.069274996916453044,0,0,0,2.5067447495530359e-05,-1.757251411049765e-06,0.00015697953585913638,0.48004429403226823,-617.51838970184326,0.27357277882401831,-7749.900735685992,0.48006936147976376,7132.3823442268977,0.27372975835987745,337.7473464012607,0,0,0,0.025968999999999999
60,1.0166667196899652,1,0.033333335071802139,600,600,600,1.5875048497981936e-10,-2.6514612727623899e-09,0.069274994929631545,0.094871804118156433,-208.75473022460938,0.27959197759628296,-8.0894426446320722e-05,-5.3029225455247797e-07,-3.3441517643950647e-05,0.38473981054266915,-604.84894800186157,-0.0096039691125042737,-7978.8007574151134,0.38465891611622283,7373.9518088829591,-0.0096374106301482243,313.87112604548668,0,0,1.5438270000000001,1.585961
61,1.0333333872258663,0,0,600,600,600,1.6696762028534096e-10,4.9302784077553952e-10,0.069274994929631545,0,0,0,1.994255853787763e-05,9.8605568155107903e-08,0.00019742158201552229,0.38473981054266915,-604.84894800186157,-0.0096039691125042737,-8011.5007605192741,0.38475975310120702,7406.6518126160181,-0.0094065475304887514,313.87112604556592,0,0,0,0.025985000000000001
62,1.0500000547617674,1,0.033333335071802139,600,600,600,3.4177172203442296e-10,1.0488246715567584e-08,0.06927499651908875,0.0017830728320404887,-205.45785522460938,-0.01187744177877903,-0.00011495808394101914,2.0976493431135168e-06,-9.2290144948492525e-05,0.38300592551968293,-595.62474632263184,-7.6813274063169956e-05,-8240.4007822483964,0.38289096743574191,7644.776038023414,-0.00016910341901166248,305.60386484443069,0,0,1.5980129999999999,1.6445540000000001
63,1.0666667222976685,0,0,600,600,600,3.2160960006244466e-10,-1.209727429341001e-09,0.06927499651908875,0,0,0,5.2266858574512298e-05,-2.4194548586820019e-07,5.3729127102997154e-05,0.38300592551968293,-595.62474632263184,-7.6813274063169956e-05,-8273.1007853525571,0.38305819237825744,7677.4760387879796,-2.3084146960172802e-05,305.60386484438857,0,0,0,0.025958999999999999
64,1.0833333898335695,1,0.033333335071802139,600,600,600,4.2455855497891548e-10,6.1769362957875273e-09,0.069274995724360147,0.07158254086971283,-200.54502868652344,-0.073193028569221497,-6.7809497750204173e-05,1.2353872591575055e-06,-1.4137424386717612e-05,0.31194616694119759,-591.47985124588013,0.071844929247163236,-8502.0008070816784,0.31187835744344738,7910.5209570711859,0.071830791822776519,303.51771642285195,0,0,1.5891500000000001,1.6309359999999999
65,1.1000000573694706,0,0,600,600,600,4.0307349125079384e-10,-1.2891030465311815e-09,0.069274995724360147,0,0,0,4.5080975041855709e-05,-2.5782060930623629e-07,5.6437727380398428e-05,0.31194616694119759,-591.47985124588013,0.071844929247163236,-8534.7008101858391,0.31199124791623944,7943.2209586821382,0.071901366974543635,303.51771642285343,0,0,0,0.026008
66,1.1166667249053717,1,0.033333335071802139,600,600,600,3.0189836741634224e-10,-6.0705076521117007e-09,0.069274994929631545,-0.028016163036227226,-203.79255676269531,-0.061932563781738281,-0.00018055535520034027,-1.2141015304223401e-06,-7.1782437771616969e-06,0.34029904555063695,-584.12389183044434,0.13357927778270096,-8763.6008319149605,0.34011849019543661,8179.4769388704144,0.13357209953892379,293.45195983098438,0,0,1.887248,1.9293439999999999
67,1.1333333924412727,0,0,600,600,600,2.8488467140874718e-10,-1.020821649433401e-09,0.069274994929631545,0,0,0,5.1703864301089197e-06,-2.0416432988668021e-07,0.00014734708884134307,0.34029904555063695,-584.12389183044434,0.13357927778270096,-8796.3008350191212,0.34030421593706706,8212.1769429845117,0.1337266248715423,293.45195983095965,0,0,0,0.024760000000000001
68,1.1500000599771738,1,0.033333335071802139,600,600,600,2.2561841284129969e-10,-3.5559750699576398e-09,0.069274994532267251,0.22556641697883606,-198.65159606933594,-0.040209151804447174,-7.3880318041119608e-05,-7.1119501399152796e-07,-3.8471478092105826e-05,0.11455913595273159,-581.68538856506348,0.17348675726680085,-9025.2008567482426,0.11448525563469047,8443.5154674719834,0.17344828578870874,290.00278997549799,0,0,1.5578369999999999,1.606339
69,1.1666667275130749,0,0,600,600,600,1.6080003995000425e-10,-3.8891023734777264e-09,0.069274994532267251,0,0,0,6.5510994318174198e-05,-7.7782047469554527e-07,3.1595686778018717e-05,0.11455913595273159,-581.68538856506348,0.17348675726680085,-9057.9008598524033,0.11462464694704977,8476.2154705095199,0.17351835295357887,290.00278997548787,0,0,0,0.026054999999999998
70,1.1833333950489759,1,0.033333335071802139,600,600,600,2.8284269371070536e-10,7.3225585595082521e-09,0.069274995724360147,-0.015552429482340813,-195.43852233886719,0.036678869277238846,-2.2234871721593663e-05,1.4645117119016504e-06,-2.4647863483551191e-05,0.13068397856841329,-582.36825132369995,0.13708244124427438,-9286.8008815815265,0.1306617436966917,8704.4326317223386,0.13705779338079083,291.54982314632088,0,0,1.5713159999999999,1.6132059999999999
71,1.200000062584877,0,0,600,600,600,2.3680052363417303e-10,-2.7625293164135201e-09,0.069274995724360147,0,0,0,-3.2284265216731001e-05,-5.5250586328270401e-07,0.00019209956008126028,0.13068397856841329,-582.36825132369995,0.13708244124427438,-9319.5008846856854,0.13065169430319656,8737.1326328094801,0.13727454080435564,291.54982314641148,0,0,0,0.025984
72,1.2166667301207781,1,0.033333335071802139,600,600,600,3.6698677430280213e-10,7.8111739298947214e-09,0.069274995326995853,-0.13655698299407959,-200.08192443847656,-0.031097400933504105,-6.9678947056672769e-06,1.5622347859789443e-06,-3.1854500548433862e-05,0.26752782630501315,-578.6853084564209,0.16835796390660107,-9548.4009064148086,0.26752085841030748,8969.7155995206231,0.16832610940605264,287.87964251487875,0,0,1.59609,1.637518
73,1.2333333976566792,0,0,600,600,600,3.2563238216987145e-10,-2.4812640830873534e-09,0.069274995326995853,0,0,0,3.688324454742542e-05,-4.9625281661747067e-07,2.8992411671424634e-05,0.26752782630501315,-578.6853084564209,0.16835796390660107,-9581.1009095189693,0.26756470954956058,9002.4156005662953,0.1683869563182725,287.87964251488143,0,0,0,0.026020999999999999
74,1.2500000651925802,1,0.033333335071802139,600,600,600,5.0915577309851301e-11,-1.6483006959333579e-08,0.069274994929631545,-0.035808686167001724,-199.54347229003906,0.094686158001422882,-6.2678765289092553e-05,-3.2966013918667159e-06,-4.7203923259075964e-05,0.30339835595805198,-575.35115575790405,0.073358640278456733,-9810.0009312480906,0.30333567719276289,9234.6497721935848,0.073311436355197657,283.05868257346924,0,0,1.5754250000000001,1.6164940000000001
75,1.2666667327284813,0,0,600,600,600,1.404686089667706e-11,-2.2121229292793032e-09,0.069274994929631545,0,0,0,6.7689336447074311e-05,-4.4242458585586064e-07,5.9430431065266021e-05,0.30339835595805198,-575.35115575790405,0.073358640278456733,-9842.7009343522514,0.30346604529449905,9267.3497781519218,0.073418070709521999,283.0586825734776,0,0,0,0.025894
76,1.2833334002643824,1,0.033333335071802139,600,600,600,1.2439840824107762e-10,6.6210930071974872e-09,0.069274994929631545,0.049297310411930084,-195.79168701171875,0.03139679878950119,-0.00016676326595188584,1.3242186014394974e-06,-4.5989622776687611e-06,0.25374543573707342,-575.61175441741943,0.041322269244119525,-10071.600956081373,0.25357867247112154,9495.9892029881721,0.041317670281841856,284.20196908534422,0,0,1.8916770000000001,1.9337169999999999
77,1.3000000678002834,0,0,600,600,600,1.304295421666879e-10,3.6186786900316292e-10,0.069274994929631545,0,0,0,3.6229985767022299e-05,7.2373573800632585e-08,4.9601692353462568e-05,0.25374543573707342,-575.61175441741943,0.041322269244119525,-10104.300959185533,0.25378166572284044,9528.6892048404879,0.041371870936472988,284.20196908528391,0,0,0,0.022932999999999999
78,1.3166667353361845,1,0.033333335071802139,600,600,600,1.4247721058513463e-10,7.2285999408450152e-10,0.069274994929631545,-0.030488733202219009,-192.72669982910156,-0.10352589190006256,-0.00016346502889064141,1.445719988169003e-07,-5.366609912016429e-06,0.28489487372280564,-579.18717336654663,0.1449968129163608,-10333.200980914655,0.284731408693915,9754.0138076926796,0.14499144630644878,289.17114857868052,0,0,1.796902,1.8399190000000001
79,1.3333334028720856,0,0,600,600,600,1.9123672090337607e-10,2.9255700084718228e-09,0.069274994929631545,0,0,0,5.2931466143490979e-05,5.8511400169436456e-07,7.5650279995898018e-05,0.28489487372280564,-579.18717336654663,0.1449968129163608,-10365.900984018816,0.28494780518894913,9786.7138112373832,0.14507246319635669,289.1711485786463,0,0,0,0.026204999999999999
80,1.3500000704079866,1,0.033333335071802139,600,600,600,3.2234021007937486e-10,7.8662090174930199e-09,0.069274995326995853,-0.041466079652309418,-196.00251770019531,0.17844153940677643,-5.0874348289653426e-05,1.573241803498604e-06,-0.00011950949101446895,0.32640291354618967,-579.42466688156128,-0.034773719118675217,-10594.801005747939,0.32635203919790001,10015.37634043962,-0.034893228609689686,290.32650111804304,0,0,1.5872489999999999,1.6300159999999999
81,1.3666667379438877,0,0,600,600,600,2.9783778221492696e-10,-1.470146226978386e-09,0.069274995326995853,0,0,0,0.00012927318948641187,-2.9402924539567721e-07,5.8065552366315387e-06,0.32640291354618967,-579.42466688156128,-0.034773719118675217,-10627.501008852098,0.32653218673567608,10048.076341676508,-0.034767912563438585,290.32650111804259,0,0,0,0.025999000000000001
82,1.3833334054797888,1,0.033333335071802139,600,600,600,4.0516717758620757e-10,6.4397625010315096e-09,0.069274993737538662,-0.08386867493391037,-197.55540466308594,0.029797887429594994,-2.2347404637912405e-05,1.2879525002063019e-06,-3.8581606531806756e-05,0.41088641512033064,-578.04471111297607,-0.065187436062842607,-10856.401030581221,0.41086406771569273,10278.356320756197,-0.065226017669374414,286.11100594007229,0,0,1.5817779999999999,1.6234440000000001
83,1.4000000730156898,0,0,600,600,600,3.0858396393718124e-10,-5.7949920417854628e-09,0.069274993737538662,0,0,0,2.4583312097092858e-05,-1.1589984083570926e-06,2.2953855705054593e-05,0.41088641512033064,-578.04471111297607,-0.065187436062842607,-10889.101033685381,0.41091099843242773,10311.056321413407,-0.065164482207137553,286.11100594006979,0,0,0,0.026037999999999999
84,1.4166667405515909,1,0.033333335071802139,600,600,600,2.9765503950507366e-10,-6.5573502183724486e-10,0.069274994134902956,0.13370993733406067,-198.7872314453125,3.4605925236519397e-08,-0.00017095755993068451,-1.3114700436744897e-07,-6.0992874750809278e-06,0.27616225581732579,-575.37548303604126,-0.065795028465799987,-11118.001055414503,0.2759912982573951,10542.625572247314,-0.065801127753275068,283.96886766326901,0,0,1.562228,1.60026
85,1.433333408087492,0,0,600,600,600,2.7919686007571443e-10,-1.1074905437169491e-09,0.069274994134902956,0,0,0,-7.5569357704807771e-05,-2.2149810874338982e-07,0.00010743966640802682,0.27616225581732579,-575.37548303604126,-0.065795028465799987,-11150.701058518664,0.27608668645962098,10575.325575261124,-0.06568758879939196,283.96886766323854,0,0,0,0.024073000000000001
86,1.4500000756233931,1,0.033333335071802139,600,600,600,1.4024140182478106e-10,-8.3373272730113968e-09,0.069274993737538662,-0.0041856919415295124,-197.46159362792969,-0.0092605268582701683,-0.00016394924386986531,-1.6674654546022794e-06,-3.5613879845186602e-06,0.2800424974411726,-573.95788860321045,-0.057458605151623487,-11379.601080247785,0.27987854819730273,10805.643189977109,-0.057462166539608006,282.69107303728805,0,0,1.8776330000000001,1.9204870000000001
87,1.4666667431592941,0,0,600,600,600,-4.923211838203656e-11,-1.1368410213208335e-08,0.069274993737538662,0,0,0,4.0898680708778556e-05,-2.2736820426416671e-06,0.00015603261545038549,0.2800424974411726,-573.95788860321045,-0.057458605151623487,-11412.301083351946,0.28008339612188138,10838.343192475053,-0.057302572536173102,282.69107303728498,0,0,0,0.024997999999999999
88,1.4833334106951952,1,0.033333335071802139,600,600,600,1.4269400938626831e-10,1.1515567166497931e-08,0.069274994134902956,0.029425805434584618,-198.25990295410156,-0.038862306624650955,-0.00016353415048797615,2.3031134332995862e-06,-2.4636960915813688e-06,0.24992841982748359,-571.79136228561401,-0.019437498704064637,-11641.201105081067,0.24976488567699562,11069.409745098566,-0.019439962400156219,280.36602751246448,0,0,1.5177909999999999,1.561437
89,1.5000000782310963,0,0,600,600,600,-2.6310481571201194e-11,-1.0140269068870111e-08,0.069274994134902956,0,0,0,5.1875531426048838e-05,-2.0280538137740223e-06,0.00011820637837445247,0.24992841982748359,-571.79136228561401,-0.019437498704064637,-11673.901108185228,0.24998029535890964,11102.109743871561,-0.019319292325690185,280.36602751243845,0,0,0,0.026682000000000001
90,1.5166667457669973,1,0.033333335071802139,600,600,600,-1.1700310165174699e-10,-5.4415565386989329e-09,0.069274996121724441,-0.0086839087307453156,-195.56488037109375,0.069470971822738647,-4.3287229800625937e-05,-1.0883113077397866e-06,-4.6445563839370152e-05,0.25860334673780017,-572.44383478164673,-0.090094306855462492,-11902.801129914351,0.25856005950799954,11330.357294044392,-0.090140752419301862,281.08752668519861,0,0,1.585763,1.634663
91,1.5333334133028984,0,0,600,600,600,-4.7784920464977176e-10,-2.1650766512948394e-08,0.069274996121724441,0,0,0,2.9981293891978567e-05,-4.3301533025896788e-06,5.317324394127354e-05,0.25860334673780017,-572.44383478164673,-0.090094306855462492,-11935.50113301851,0.25863332803169214,11363.05729390671,-0.090041133611521218,281.08752668519855,0,0,0,0.024195000000000001
92,1.5500000808387995,1,0.033333335071802139,600,600,600,-5.2795540161909571e-10,-3.0063702638472023e-09,0.069274993737538662,0.1474313884973526,-194.54583740234375,-0.2220703512430191,-5.2030509323230945e-05,-6.0127405276944046e-07,-1.9936067019443726e-05,0.11035852090572007,-574.22964096069336,0.13262194392154925,-12164.401154747633,0.11030649039639684,11590.171513185665,0.1326020078545298,283.8964224378978,0,0,1.556252,1.598436
93,1.5666667483747005,0,0,600,600,600,-5.2390458638029713e-10,2.4304913637251957e-10,0.069274993737538662,0,0,0,5.4997963161440566e-05,4.8609827274503914e-08,2.6748966774903238e-05,0.11035852090572007,-574.22964096069336,0.13262194392154925,-12197.101157851792,0.11041351886888151,11622.871516939709,0.13264869288832415,283.89642243790041,0,0,0,0.026051999999999999
94,1.5833334159106016,1,0.033333335071802139,600,600,600,-9.0679269648674676e-11,2.5993518448785835e-08,0.069274993737538662,-0.049641493707895279,-198.40083312988281,0.037898778915405273,-7.2015984642348485e-05,5.198703689757167e-06,-5.5916370911290869e-05,0.16011513452394865,-571.87782001495361,0.094571645022369921,-12426.001179580915,0.16004311853930631,11854.123364764666,0.09451572865145863,279.98593384186557,0,0,1.571116,1.6130150000000001
95,1.6000000834465027,0,0,600,600,600,-1.3168230394988711e-10,-2.4601822801173512e-09,0.069274993737538662,0,0,0,-3.3265212096011965e-05,-4.9203645602347024e-07,0.00010375845249654958,0.16011513452394865,-571.87782001495361,0.094571645022369921,-12458.701182685076,0.16008186931185264,11886.823362178086,0.094675403474866471,279.98593384186546,0,0,0,0.026120000000000001
96,1.6166667509824038,1,0.033333335071802139,600,600,600,-3.5484987170875115e-10,-1.339005351042033e-08,0.06927499294281006,0.034106899052858353,-196.95370483398438,0.052491836249828339,-0.00017443120441384963,-2.678010702084066e-06,-7.6619812716671731e-06,0.12619814998470247,-571.03918695449829,0.04171232417866122,-12687.601204414197,0.12602371878028862,12116.562014781688,0.041704662197389553,279.37907205127061,0,0,1.8105249999999999,1.8526910000000001
97,1.6333334185183048,0,0,600,600,600,-4.0835193559907168e-10,-3.2101237223969292e-09,0.06927499294281006,0,0,0,4.3664482518579462e-05,-6.4202474447938584e-07,5.6497879086236935e-05,0.12619814998470247,-571.03918695449829,0.04171232417866122,-12720.301207518358,0.12624181446722105,12149.262019921835,0.041768822057747457,279.37907205120723,0,0,0,0.026010999999999999
98,1.6500000860542059,1,0.033333335071802139,600,600,600,-3.9669145746046297e-10,6.9962879933882505e-10,0.069274994134902956,0.025809096172451973,-194.72567749023438,-0.00061145797371864319,-3.6363957178764394e-05,1.3992575986776501e-07,-1.6027229321480263e-05,0.10021339015656849,-572.46458101272583,0.042423922386660706,-12949.201229247479,0.10017702619938973,12376.736648374679,0.042407895157339226,281.41595738545692,0,0,1.519736,1.564314
99,1.666666753590107,0,0,600,600,600,-4.0787739852277127e-10,-6.7115646373849813e-10,0.069274994134902956,0,0,0,5.1731791472775512e-05,-1.3423129274769963e-07,5.1264919420646038e-05,0.10021339015656849,-572.46458101272583,0.042423922386660706,-12981.90123235164,0.10026512194804127,12409.436651204684,0.042475187306081352,281.41595738546573,0,0,0,0.023927
100,1.683333421126008,1,0.033333335071802139,600,600,600,-3.2650271375445072e-10,4.8824801979208132e-09,0.069274992148081457,-0.031500156968832016,-197.01860046386719,0.043154850602149963,-6.3937477534636855e-07,9.7649603958416265e-07,-1.8928670897366828e-05,0.13167591937235557,-571.47751140594482,-0.0015014347300166264,-13210.801254080761,0.13167527999758022,12639.323743651312,-0.0015203634009139932,279.9378117679633,0,0,1.5444640000000001,1.589153
101,1.7000000886619091,0,0,600,600,600,-3.4420433170367914e-10,-1.0620961887752856e-09,0.069274992148081457,0,0,0,1.3865493997400336e-05,-2.1241923775505711e-07,4.7995064278438804e-05,0.13167591937235557,-571.47751140594482,-0.0015014347300166264,-13243.501257184922,0.13168978486635297,12672.023745566557,-0.0014534396657381876,279.93781176796921,0,0,0,0.026147
102,1.7166667561978102,1,0.033333335071802139,600,600,600,-2.7631102961223064e-10,4.0735983475315152e-09,0.06927499294281006,0.0053102844394743443,-197.85057067871094,4.983753569831606e-07,-3.2741547784098657e-05,8.1471966950630303e-07,-2.4674432097526733e-05,0.12627545950817876,-569.63656568527222,-0.0013608266599476337,-13472.401278914045,0.12624271796039466,12902.764714043493,-0.0013855010920451605,278.2740259118745,0,0,1.9216310000000001,1.9638310000000001
103,1.7333334237337112,0,0,600,600,600,-3.2630684265733123e-10,-2.9997488937283379e-09,0.06927499294281006,0,0,0,4.7848430995145463e-05,-5.9994977874566757e-07,3.0933017569623189e-05,0.12627545950817876,-569.63656568527222,-0.0013608266599476337,-13505.101282018204,0.1263233079391739,12935.464715732982,-0.0013298936423780106,278.27402591187837,0,0,0,0.026093999999999999
104,1.7500000912696123,1,0.033333335071802139,600,600,600,2.3257842873825041e-10,3.3533115839645689e-08,0.069274994234244033,0.060089148581027985,-194.9564208984375,-0.02242724783718586,-7.5341296223996324e-05,6.7066231679291377e-06,-4.5801186843164032e-05,0.066675674042926403,-570.82840013504028,0.021163072000490502,-13734.001303747327,0.066600332746702406,13163.17291031891,0.021117270813647337,279.74286903960046,0,0,1.584929,1.626784
105,1.7666667588055134,0,0,600,600,600,1.9961139685609197e-10,-1.9780217463960525e-09,0.069274994234244033,0,0,0,4.6789142515990534e-05,-3.9560434927921051e-07,0.00011918950804101769,0.066675674042926403,-570.82840013504028,0.021163072000490502,-13766.701306851488,0.066722463185442393,13195.872906320843,0.021282261508531519,279.74286903961757,0,0,0,0.026006999999999999
106,1.7833334263414145,1,0.033333335071802139,600,600,600,4.0163278258731339e-10,1.2121283532451343e-08,0.069274992545445765,-0.12807774543762207,-197.12782287597656,0.041360300034284592,-1.0248444937133172e-05,2.4242567064902687e-06,-8.4092164343019249e-05,0.19506725447718054,-569.73562383651733,-0.020411430014064535,-13995.601328580609,0.19505700603224341,13425.865707168348,-0.020495522178407555,278.24745346000918,0,0,1.8644229999999999,1.967708
107,1.8000000938773155,0,0,600,600,600,1.642627978082345e-10,-1.4242198531633221e-08,0.069274992545445765,0,0,0,3.0551268537237775e-05,-2.8484397063266442e-06,4.3150708961547934e-05,0.19506725447718054,-569.73562383651733,-0.020411430014064535,-14028.30133168477,0.19509780574571778,13458.565704999814,-0.020368279305102988,278.24745345999014,0,0,0,0.026210000000000001
108,1.8166667614132166,1,0.033333335071802139,600,600,600,6.8168981570693177e-10,3.1045619408587299e-08,0.069274995326995853,0.0076594315469264984,-196.04745483398438,0.0082503203302621841,-0.00016408312148996629,6.2091238817174599e-06,-3.0088244784565177e-06,0.18767572882643435,-569.78116178512573,-0.028908523207064718,-14257.201353413891,0.18751164570494439,13687.42019783789,-0.028911532031543175,278.3863095790162,0,0,1.533998,1.5749089999999999
109,1.8333334289491177,0,0,600,600,600,5.5244597785275573e-10,-7.7546316035181917e-09,0.069274995326995853,0,0,0,6.7386019964033039e-05,-1.5509263207036383e-06,0.00011061318900829065,0.18767572882643435,-569.78116178512573,-0.028908523207064718,-14289.901356518052,0.18774311484639838,13720.120193182,-0.028797910018056427,278.38630957899221,0,0,0,0.023009000000000002
110,1.8500000964850187,1,0.033333335071802139,600,600,600,5.2714560494493412e-10,-1.518021264246272e-09,0.069274993737538662,-0.021069148555397987,-195.0987548828125,-0.075334757566452026,-0.00015855389392527286,-3.0360425284925441e-07,-2.4676864995853975e-06,0.20920972034218721,-570.99162149429321,0.046655752681544982,-14518.801378247173,0.20905116644826194,13947.809756449276,0.046653284995045396,280.20603814392553,0,0,1.546564,1.5942890000000001
111,1.8666667640209198,0,0,600,600,600,3.7215455717110046e-10,-9.299462533363112e-09,0.069274993737538662,0,0,0,1.6247554412984755e-05,-1.8598925066726224e-06,0.00017944591945706634,0.20920972034218721,-570.99162149429321,0.046655752681544982,-14551.501381351334,0.2092259678966002,13980.509757997148,0.046835198601002048,280.20603814394303,0,0,0,0.026360999999999999
112,1.8833334315568209,1,0.033333335071802139,600,600,600,4.3346876088534714e-10,3.6788527779663127e-09,0.069274992545445765,0.022562984377145767,-196.51559448242188,0.082495726644992828,-7.8416849191853544e-05,7.3577055559326254e-07,-2.6935890673485119e-05,0.18722665110544767,-570.57767486572266,-0.036972513335058466,-14780.401403080457,0.18714823425625582,14209.823728950505,-0.036999449225731951,279.11664296054755,0,0,1.6185799999999999,1.6611579999999999
113,1.9000000990927219,0,0,600,600,600,5.1849230464640073e-10,5.1014126256632153e-09,0.069274992545445765,0,0,0,1.985530388992629e-05,1.0202825251326431e-06,3.1903175568004372e-05,0.18722665110544767,-570.57767486572266,-0.036972513335058466,-14813.101406184616,0.1872465064093376,14242.523732339176,-0.036940610159490461,279.11664296051958,0,0,0,0.026157
114,1.916666766628623,1,0.033333335071802139,600,600,600,6.0172655746981718e-10,4.994053171003543e-09,0.069274994432926174,0.026039261370897293,-194.80453491210938,-0.0057225613854825497,-0.00015860118764976505,9.9881063420070859e-07,-2.254137143609114e-06,0.16166173679812346,-571.82103395462036,-0.031666429567849264,-15042.001427913739,0.16150313561047369,14470.18039495793,-0.031668683704992873,280.22760230123879,0,0,1.584819,1.6270119999999999
115,1.9333334341645241,0,0,600,600,600,5.9798860307935797e-10,-2.2427659729373772e-10,0.069274994432926174,0,0,0,4.1589845523049007e-05,-4.4855319458747545e-08,5.4023814755055355e-05,0.16166173679812346,-571.82103395462036,-0.031666429567849264,-15074.7014310179,0.16170332664364651,14502.880397018424,-0.031612405753094208,280.22760230118706,0,0,0,0.026242000000000001
116,1.9500001017004251,1,0.033333335071802139,600,600,600,1.0018988971793874e-09,2.4234616091689531e-08,0.069274992545445765,0.19077745079994202,-196.94267272949219,-0.035608850419521332,-5.4238745406109956e-05,4.8469232183379063e-06,-1.500581561231229e-05,-0.028532349999295548,-570.98935842514038,0.00378202143474482,-15303.601452747022,-0.028586588744701658,14732.612099168804,0.0037670156191325077,279.64363280348476,0,0,1.5675330000000001,1.6096980000000001
117,1.9666667692363262,0,0,600,600,600,9.6042851449595901e-10,-2.4882238491841235e-09,0.069274992545445765,0,0,0,4.7308563466685882e-05,-4.9764476983682471e-07,2.3478673938370775e-05,-0.028532349999295548,-570.98935842514038,0.00378202143474482,-15336.301455851182,-0.028485041435828862,14765.312096928397,0.0038055001086831908,279.64363280348374,0,0,0,0.026218000000000002
118,1.9833334367722273,1,0.033333335071802139,600,600,600,1.0371936642883384e-09,4.6059120961672306e-09,0.069274993737538662,-0.067513786256313324,-196.76188659667969,0.066369011998176575,-9.3509697762783617e-07,9.2118241923344613e-07,-0.00016671834828230203,0.040150231132429326,-570.33238887786865,-0.063754532864550129,-15565.201477580304,0.040149296035451698,14994.869089623617,-0.063921251212832431,278.52075134957124,0,0,1.817072,1.8593360000000001
119,2.0000001043081284,0,0,600,600,600,1.0448398812812343e-09,4.5877346366296479e-10,0.069274993737538662,0,0,0,-1.2546882999231457e-05,9.1754692732592957e-08,7.9275645248344517e-05,0.040150231132429326,-570.33238887786865,-0.063754532864550129,-15597.901480684464,0.040137684249430094,15027.569091898351,-0.063675257219301784,278.52075134952696,0,0,0,0.023394000000000002
120,2.0166667718440294,1,0.033333335071802139,600,600,600,1.3170520229977001e-09,1.6332730723433997e-08,0.069274994333585097,-0.0023456369526684284,-195.63972473144531,-0.03902890533208847,-0.00016269987099803984,3.2665461446867994e-06,-3.4674485505092889e-06,0.043462326990265865,-570.88975715637207,-0.02478770835296018,-15826.801502413586,0.043299627119267825,15255.91174852376,-0.02479117580151069,280.04036145821647,0,0,1.8040119999999999,1.85287
121,2.0333334393799305,0,0,600,600,600,1.2283998263029616e-09,-5.3191291371490479e-09,0.069274994333585097,0,0,0,-1.8025900772045134e-06,-1.0638258274298096e-06,3.1785742748979828e-05,0.043462326990265865,-570.88975715637207,-0.02478770835296018,-15859.501505517746,0.04346052440018866,15288.611747297549,-0.024755922610211201,280.0403614581528,0,0,0,0.02631
122,2.0500001069158316,1,0.033333335071802139,600,600,600,1.6168344441069848e-09,2.3306075291884554e-08,0.069274994333585097,0.012210046872496605,-195.31263732910156,0.040848080068826675,-7.068670129228849e-05,4.6612150583769107e-06,-2.9566342618636554e-05,0.031448446574358968,-571.68508195877075,-0.066243630513781682,-16088.40152724687,0.03137775987306668,15516.716449949314,-0.066273196856400318,279.70990400708786,0,0,1.5438229999999999,1.58636
123,2.0666667744517326,0,0,600,600,600,1.4308313422972674e-09,-1.1160184776315418e-08,0.069274994333585097,0,0,0,2.1489540813490748e-06,-2.2320369552630837e-06,0.00019193830667063594,0.031448446574358968,-571.68508195877075,-0.066243630513781682,-16121.101530351028,0.031450595528440317,15549.416446160221,-0.066051692207111046,279.70990400716317,0,0,0,0.026187999999999999
124,2.0833334419876337,1,0.033333335071802139,600,600,600,1.6897355736844588e-09,1.5534251218696227e-08,0.069274994532267251,0.0070303869433701038,-194.55934143066406,-0.010107477195560932,-0.00016360786503355484,3.1068502437392453e-06,-2.0664970179495867e-06,0.023932344003696926,-573.27706432342529,-0.055914774304255843,-16350.001552080152,0.023768736138663371,15776.724490863577,-0.055916840801273793,282.4950405138618,0,0,1.620871,1.662892
125,2.1000001095235348,0,0,600,600,600,1.5720541535202415e-09,-7.0608860980314603e-09,0.069274994532267251,0,0,0,6.4193557136604795e-05,-1.4121772196062921e-06,0.00011063667670896393,0.023932344003696926,-573.27706432342529,-0.055914774304255843,-16382.701555184311,0.023996537560833531,15809.424489448707,-0.055804137627546879,282.49504051383656,0,0,0,0.026173999999999999
126,2.1166667770594358,1,0.033333335071802139,600,600,600,1.5673072839561542e-09,-2.8481039748839976e-10,0.069274995326995853,-0.036806859076023102,-196.71171569824219,6.6569958789841621e-07,1.1893519058503443e-06,-5.6962079497679952e-08,-9.3186031335790176e-06,0.06056351876759436,-572.77084302902222,-0.055533181744976901,-16611.601576913432,0.06056470811950021,16038.830733827448,-0.05554250034811048,281.05825089024648,0,0,1.556942,1.5990279999999999
127,2.1333334445953369,0,0,600,600,600,1.1868104277112934e-09,-2.2829807377888756e-08,0.069274995326995853,0,0,0,2.7684825454343809e-05,-4.5659614755777511e-06,5.4147562877915334e-05,0.06056351876759436,-572.77084302902222,-0.055533181744976901,-16644.301580017593,0.060591203593048704,16071.530732422609,-0.055479034182098985,281.05825089025655,0,0,0,0.026283000000000001
128,2.150000112131238,1,0.033333335071802139,600,600,600,1.155549655962318e-09,-1.8756480812953669e-09,0.069274992545445765,0.04934798926115036,-197.74951171875,-0.082385562360286713,-5.3070522199050174e-05,-3.7512961625907337e-07,-1.4996652453191928e-05,0.01068214351835195,-571.35259389877319,0.027799492418125737,-16873.201601746718,0.0106290729961529,16301.849007472814,0.027784495765672546,279.67175666709647,0,0,1.851116,1.894776
129,2.1666667796671391,0,0,600,600,600,1.0785867754492529e-09,-4.6177746071407455e-09,0.069274992545445765,0,0,0,5.0670223572524264e-05,-9.235549214281491e-07,0.00017639067664276809,0.01068214351835195,-571.35259389877319,0.027799492418125737,-16905.901604850875,0.010732813741924474,16334.549010028546,0.027975883094768506,279.67175666717304,0,0,0,0.023532000000000001
130,2.1833334472030401,1,0.033333335071802139,600,600,600,1.3674936738539145e-09,1.7334414792458119e-08,0.069274993141492214,-0.0048094829544425011,-196.47079467773438,7.7962857858437928e-07,-6.2304013681568904e-05,3.4668829584916239e-06,-0.00017612507008379907,0.015461362505448051,-570.96011114120483,0.028049058862961829,-17134.80162658,0.015399058491766482,16563.84151890568,0.02787293379287803,278.90569226211926,0,0,1.59446,1.6378029999999999
131,2.2000001147389412,0,0,600,600,600,1.0901004543484305e-09,-1.664359494668588e-08,0.069274993141492214,0,0,0,2.9640597176694428e-05,-3.328718989337176e-06,5.1845535153915989e-05,0.015461362505448051,-570.96011114120483,0.028049058862961829,-17167.50162968416,0.015491003102624745,16596.541515214238,0.028100904398115745,278.90569226204173,0,0,0,0.026303
132,2.2166667822748423,1,0.033333335071802139,600,600,600,1.1515747244672525e-09,3.6884557630401105e-09,0.069274993141492214,-0.0010791093809530139,-196.636962890625,8.235010682255961e-07,-0.0001053382675308967,7.3769115260802209e-07,-7.6174217156221857e-05,0.016103144276712555,-570.46872854232788,0.028447779637644999,-17396.401651413282,0.015997806009181659,16825.932923608645,0.028371605420488777,279.02935082056348,0,0,1.8334010000000001,1.8761270000000001
133,2.2333334498107433,0,0,600,600,600,1.1743954697607251e-09,1.3692451616975632e-09,0.069274993141492214,0,0,0,3.7092030424901168e-05,2.7384903233951263e-07,6.4013750034064287e-05,0.016103144276712555,-570.46872854232788,0.028447779637644999,-17429.101654517443,0.016140236307137457,16858.632926248963,0.028511793387679063,279.02935082053392,0,0,0,0.026251
134,2.2500001173466444,1,0.033333335071802139,600,600,600,1.1878110717233881e-09,8.049383382058295e-10,0.069274994730949405,-0.0012339960085228086,-195.95846557617188,-0.0040644505061209202,-0.00017281985265071853,1.609876676411659e-07,-8.4908151620766148e-06,0.016881423456652556,-570.73747968673706,0.032623148974380456,-17658.001676246564,0.016708603604001837,17087.264196720815,0.032614658159218379,279.99122318988196,0,0,1.503331,1.5456570000000001
135,2.2666667848825455,0,0,600,600,600,1.0656768800743066e-09,-7.328052831212517e-09,0.069274994730949405,0,0,0,0.00012817687320421101,-1.4656105662425034e-06,5.06051947013475e-06,0.016881423456652556,-570.73747968673706,0.032623148974380456,-17690.701679350725,0.017009600329856767,17119.964198198377,0.032628209493850591,279.99122318984803,0,0,0,0.026175
136,2.2833334524184465,1,0.033333335071802139,600,600,600,1.2292203921404621e-09,9.8126093917016988e-09,0.069274993141492214,-0.14327423274517059,-195.9903564453125,0.01177319698035717,-6.1868547618360026e-06,1.9625218783403398e-06,-3.5088430649921065e-05,0.16027035766455811,-570.94756269454956,0.020820473990170285,-17919.601701079846,0.16026417080979627,17348.654140347819,0.020785385559520364,279.1427339497011,0,0,1.544063,1.5856250000000001
137,2.3000001199543476,0,0,600,600,600,1.1229203122908871e-09,-6.3780039027960811e-09,0.069274993141492214,0,0,0,6.4054518134071259e-05,-1.2756007805592162e-06,8.4268367572803982e-05,0.16027035766455811,-570.94756269454956,0.020820473990170285,-17952.301704184007,0.16033441218269218,17381.354140213858,0.020904742357743089,279.14273394973111,0,0,0,0.02998
138,2.3166667874902487,1,0.033333335071802139,600,600,600,9.9650021567754266e-10,-7.5852071290682943e-09,0.069274992346763611,0.01341625489294529,-197.36796569824219,7.6958599493082147e-07,-4.8115674644577666e-05,-1.5170414258136589e-06,-2.2232768515095813e-05,0.14673474527080543,-569.61267232894897,0.021044746936240699,-18181.201725913128,0.14668662959616086,17611.589052067138,0.021022514167725603,277.41843172469885,0,0,1.856331,1.8994899999999999
139,2.3333334550261497,0,0,600,600,600,1.0364327174272603e-09,2.3959474404477987e-09,0.069274992346763611,0,0,0,4.7635833766435098e-05,4.7918948808955975e-07,5.268627774057677e-05,0.14673474527080543,-569.61267232894897,0.021044746936240699,-18213.901729017289,0.14678238110457187,17644.289057167531,0.021097433213981276,277.4184317247047,0,0,0,0.017451000000000001
140,2.3500001225620508,1,0.033333335071802139,600,600,600,1.1333660676626778e-09,5.8160019023034693e-09,0.069274994730949405,0.0081854313611984253,-197.6092529296875,7.8950114357212442e-07,-8.4715173898075591e-05,1.1632003804606939e-06,4.4737419102602871e-06,0.13846577257208992,-568.02383184432983,0.020680629044363741,-18442.80175074641,0.13838105739819184,17874.77792006528,0.020685102786274001,276.52608418552228,0,0,3.255328,3.3008199999999999
141,2.3666667900979519,0,0,600,600,600,9.6400831761656036e-10,-1.0161462782320996e-08,0.069274994730949405,0,0,0,4.4178301550346077e-05,-2.0322925564641992e-06,2.1770841840407229e-05,0.13846577257208992,-568.02383184432983,0.020680629044363741,-18475.501753850571,0.13850995087364026,17907.47791997395,0.020702399886204148,276.52608418551034,0,0,0,0.026501
142,2.383333457633853,1,0.033333335071802139,600,600,600,7.1768563314478229e-10,-1.477935995808366e-08,0.069274994134902956,0.020427148789167404,-196.12646484375,-0.0077637084759771824,-5.1158895075786859e-05,-2.955871991616732e-06,-2.9755096875305753e-05,0.11761770767043345,-567.97968673706055,0.028544642751512583,-18704.401775579692,0.11756654877535766,18136.422085886759,0.028514887654637278,276.81999654500822,0,0,1.758122,1.802041
143,2.400000125169754,0,0,600,600,600,4.8046600031881326e-10,-1.4233176415245907e-08,0.069274994134902956,0,0,0,6.0626121012319345e-06,-2.8466352830491815e-06,-7.6649882885249099e-06,0.11761770767043345,-567.97968673706055,0.028544642751512583,-18737.101778683853,0.11762377028253468,18169.122089100158,0.028536977763224058,276.81999654498281,0,0,0,0.026203000000000001
144,2.4166667927056551,1,0.033333335071802139,600,600,600,7.3209477369218234e-10,1.509772573626833e-08,0.06927499294281006,0.052781078964471817,-197.39474487304688,-0.16158105432987213,-0.00017378920347255189,3.0195451472536661e-06,-5.6820340432750527e-06,0.064722059716586955,-566.80987691879272,0.19097944290842861,-18966.001800412974,0.064548270513114403,18399.191926513726,0.19097376087438533,275.90237856494753,0,0,1.6060030000000001,1.648015
145,2.4333334602415562,0,0,600,600,600,5.5700799528324296e-10,-1.0505206482491758e-08,0.06927499294281006,0,0,0,6.2168498971004738e-05,-2.1010412964983516e-06,8.0287236414733343e-05,0.064722059716586955,-566.80987691879272,0.19097944290842861,-18998.701803517135,0.06478422821555796,18431.8919244973,0.19105973014484334,275.90237856490404,0,0,0,0.026112
146,2.4500001277774572,1,0.033333335071802139,600,600,600,6.7465527608945308e-10,7.0588370704172121e-09,0.069274992545445765,0.0065156924538314342,-196.16883850097656,0.10814464092254639,1.7682356201476068e-05,1.4117674140834424e-06,-9.4591030119772768e-06,0.058700099645648152,-566.7187671661377,0.08238285145489499,-19227.601825246256,0.058717782001849628,18660.883059491887,0.082373392351883012,274.9921264545037,0,0,1.7333050000000001,1.7733410000000001
147,2.4666667953133583,0,0,600,600,600,5.6453131058731287e-10,-6.6074381521730174e-09,0.069274992545445765,0,0,0,8.180631425602769e-05,-1.3214876304346035e-06,2.0422669422259787e-05,0.058700099645648152,-566.7187671661377,0.08238285145489499,-19260.301828350417,0.058781905959904179,18693.583059862791,0.08240327412431725,274.99212645452064,0,0,0,0.026370999999999999
148,2.4833334628492594,1,0.033333335071802139,600,600,600,9.3458984995464789e-10,2.2203511917950891e-08,0.069274992148081457,0.052696991711854935,-196.3587646484375,0.015357047319412231,-0.00017033812582667451,4.4407023835901782e-06,-7.1190243033925071e-06,0.0063145076201180927,-566.4082236289978,0.066234993057150859,-19489.201850079538,0.0061441694942914182,18922.793630891243,0.066227874032847467,275.14370174112724,0,0,3.7945579999999999,3.840627
149,2.5000001303851604,0,0,600,600,600,8.9908663847282355e-10,-2.1301929109540652e-09,0.069274992148081457,0,0,0,4.2065897787324502e-05,-4.2603858219081303e-07,5.7685463161760708e-05,0.0063145076201180927,-566.4082236289978,0.066234993057150859,-19521.901853183699,0.0063565735179054172,18955.493629128661,0.06629267852031262,275.14370174106733,0,0,0,0.026519000000000001
150,2.5166667979210615,1,0.033333335071802139,600,600,600,6.0617466601797787e-10,-1.7574716792978506e-08,0.069274993936220802,-0.0092719364911317825,-195.34858703613281,9.5114512532745721e-07,-4.1353905544383451e-05,-3.5149433585957013e-06,-4.6523939545295434e-05,0.015970824446412735,-567.09122562408447,0.065310935515299207,-19750.801874912824,0.015929470540868351,19183.710645773797,0.065264411575753911,275.82654561847289,0,0,1.8309409999999999,1.8742129999999999
151,2.5333334654569626,0,0,600,600,600,4.8664644536344781e-10,-7.1716925731379888e-09,0.069274993936220802,0,0,0,-1.1042052960874571e-05,-1.4343385146275978e-06,1.1459519555501174e-05,0.015970824446412735,-567.09122562408447,0.065310935515299207,-19783.501878016981,0.01595978239345186,19216.410650958558,0.065322395034854708,275.82654561846357,0,0,0,0.026203000000000001
152,2.5500001329928637,1,0.033333335071802139,600,600,600,5.5890458927621012e-10,4.3354866363642941e-09,0.069274991750717163,-0.0026737919542938471,-197.13404846191406,9.5108930509013589e-07,-4.122409791307291e-05,8.6709732727285882e-07,-4.6736613512621261e-05,0.019231584097724408,-565.9783730506897,0.065258030435870751,-20012.401899746106,0.019190359999811335,19446.423527562514,0.06521129382235813,274.72975229874811,0,0,1.5774319999999999,1.6187849999999999
153,2.5666668005287647,0,0,600,600,600,6.0311905469845328e-10,2.6528663710223555e-09,0.069274991750717163,0,0,0,6.3244925740946201e-05,5.3057327420447109e-07,7.6219112088438123e-05,0.019231584097724408,-565.9783730506897,0.065258030435870751,-20045.101902850267,0.019294829023465354,19479.123530330151,0.065334249547959189,274.72975229877466,0,0,0,0.026207000000000001
154,2.5833334680646658,1,0.033333335071802139,600,600,600,7.0817329778094518e-10,6.3032530306372792e-09,0.06927499204874038,0.0023030126467347145,-196.75898742675781,0.025743534788489342,-0.0001058253019436961,1.2606506061274558e-06,-7.8759717325738166e-05,0.01734041000236175,-565.26081323623657,0.038595995780269732,-20274.001924579388,0.017234584700418054,19708.741112603802,0.038517236062943994,274.16368688668922,0,0,1.5662199999999999,1.6075029999999999
155,2.6000001356005669,0,0,600,600,600,6.0692617598334664e-10,-6.0748264196774926e-09,0.06927499204874038,0,0,0,6.6740892634697957e-05,-1.2149652839354985e-06,2.7875529440279934e-05,0.01734041000236175,-565.26081323623657,0.038595995780269732,-20306.701927683549,0.017407150894996448,19741.441113232348,0.038623871309710012,274.16368688665801,0,0,0,0.027361
156,2.6166668031364679,1,0.033333335071802139,600,600,600,3.2405667038659658e-10,-1.6972169447626584e-08,0.069274991750717163,0.0059698191471397877,-196.77450561523438,9.5814516498649027e-07,-3.8218513509491459e-05,-3.3944338895253168e-06,-2.4660971575940493e-05,0.011462979091447778,-564.52034473419189,0.037917335877864389,-20535.60194941267,0.011424760577938287,19971.081601284044,0.037892674906288448,273.39232009123731,0,0,3.9940899999999999,4.0394040000000002
157,2.633333470672369,0,0,600,600,600,2.5194796249294882e-10,-4.3265226956634706e-09,0.069274991750717163,0,0,0,6.5760696088545956e-05,-8.6530453913269412e-07,1.7813499653129838e-05,0.011462979091447778,-564.52034473419189,0.037917335877864389,-20568.301952516831,0.011528739787536324,20003.781606917335,0.037935149377517519,273.39232009125459,0,0,0,0.026536000000000001
158,2.6500001382082701,1,0.033333335071802139,600,600,600,3.4084871036732522e-10,5.3340443173510721e-09,0.069274992148081457,0.0014294355642050505,-196.31159973144531,9.9201145076222019e-07,-0.00016143443417604431,1.0668088634702144e-06,-9.1724814410554245e-06,0.010540010131080635,-564.23940801620483,0.037207434254014515,-20797.201974245952,0.010378575696904591,20232.962567296556,0.03719826177257346,273.13507427009102,0,0,1.755071,1.7980039999999999
159,2.6666668057441711,0,0,600,600,600,2.7071245245480213e-10,-4.2081760298628978e-09,0.069274992148081457,0,0,0,4.7477269049522874e-05,-8.4163520597257957e-07,2.7221182108405628e-05,0.010540010131080635,-564.23940801620483,0.037207434254014515,-20829.901977350113,0.010587487400130158,20265.662568492273,0.037234655436122921,273.13507427003253,0,0,0,0.026325000000000001
160,2.6833334732800722,1,0.033333335071802139,600,600,600,9.4612651047043528e-11,-1.0565987196287097e-08,0.069274992148081457,0.011366107501089573,-195.91070556640625,1.1035573379558627e-06,-0.00015878345038800035,-2.1131974392574193e-06,-1.805381089070579e-06,-0.0011671084503177553,-564.40605497360229,0.037039878941868665,-21058.801999079235,-0.0013258919007057557,20494.395941992436,0.037038073560779594,273.23439690244209,0,0,1.767701,1.809609
161,2.7000001408159733,0,0,600,600,600,3.6147800031027799e-11,-3.5078908666719144e-09,0.069274992148081457,0,0,0,2.2129856347419263e-05,-7.0157817333438288e-07,2.8905003546242369e-05,-0.0011671084503177553,-564.40605497360229,0.037039878941868665,-21091.502002183395,-0.0011449785939703361,20527.095946508216,0.037068783945414907,273.23439690238257,0,0,0,0.026102
162,2.7166668083518744,1,0.033333335071802139,600,600,600,2.0286605728614404e-10,1.0003095241017945e-08,0.069274992545445765,9.7566339718468953e-07,-195.38075256347656,0.0032647904008626938,-0.00015944297047099099,2.000619048203589e-06,-2.7978899197478313e-06,-0.00058374273794470355,-565.13119602203369,0.033582045318325981,-21320.402023912517,-0.00074318570841569453,20755.270829891102,0.033579247428406234,274.11611802160428,0,0,1.6986520000000001,1.7385710000000001
163,2.7333334758877754,0,0,600,600,600,1.4326467789871344e-10,-3.5760825412012309e-09,0.069274992545445765,0,0,0,-1.532842475171492e-05,-7.1521650824024618e-07,5.340507414075546e-05,-0.00058374273794470355,-565.13119602203369,0.033582045318325981,-21353.102027016677,-0.00059907116269641847,20787.970830279428,0.033635450392466737,274.11611802156762,0,0,0,0.026561000000000001
164,2.7500001434236765,1,0.033333335071802139,600,600,600,6.0121817246905351e-11,-4.9885713337971538e-09,0.069274992148081457,9.7898760031966958e-07,-195.20120239257812,1.2097843864466995e-06,-0.00015824984984647017,-9.9771426675943076e-07,-2.4949144972197246e-06,-0.00035029344508075155,-566.05189752578735,0.033816169845522381,-21582.002048745799,-0.00050854329492722172,21015.950150222296,0.033813674931025162,275.23394161603227,0,0,3.6453199999999999,3.6897329999999999
165,2.7666668109595776,0,0,600,600,600,7.8851092322196337e-12,-3.1342022310809625e-09,0.069274992148081457,0,0,0,2.1275931771924661e-05,-6.268404462161925e-07,2.9095309628246468e-05,-0.00035029344508075155,-566.05189752578735,0.033816169845522381,-21614.702051849959,-0.00032901751330882689,21048.65015369733,0.033845265155150628,275.23394161597315,0,0,0,0.026467999999999998
166,2.7833334784954786,1,0.033333335071802139,600,600,600,-2.0044242654559952e-10,-1.2499651091957276e-08,0.069274992148081457,9.3510567467092187e-07,-195.20046997070312,1.2080894293831079e-06,-0.00016419805888290284,-2.4999302183914551e-06,-3.7159338717174251e-06,3.7331774365156889e-05,-566.98393774032593,0.033490159934444819,-21843.602073579081,-0.00012686628451774595,21276.618133338823,0.033486444000573101,276.35460933509415,0,0,1.552799,1.595699
167,2.8000001460313797,0,0,600,600,600,-4.5471049148204656e-10,-1.5256084395787184e-08,0.069274992148081457,0,0,0,-1.9893832359230146e-06,-3.0512168791574368e-06,1.2621336509255343e-05,3.7331774365156889e-05,-566.98393774032593,0.033490159934444819,-21876.302076683241,3.5342391129233874e-05,21309.318135891699,0.033502781270954074,276.3546093350264,0,0,0,0.026313
168,2.8166668135672808,1,0.033333335071802139,600,600,600,-1.8721293959522711e-10,1.6049853002186865e-08,0.069274992545445765,-0.0020684225019067526,-195.14509582519531,1.2369580417725956e-06,-0.00015988190398275037,3.2099706004373729e-06,-2.4405267140537035e-06,0.0022243400671868585,-567.97863101959229,0.033343774011882488,-22105.202098412363,0.0020644581632041081,21537.223470602741,0.033341333485168434,277.52033760166319,0,0,1.553893,1.5955600000000001
169,2.8333334811031818,0,0,600,600,600,-2.1014169571120789e-10,-1.3757253114476953e-09,0.069274992545445765,0,0,0,4.0077819107864343e-05,-2.7514506228953906e-07,5.7634792938188184e-05,0.0022243400671868585,-567.97863101959229,0.033343774011882488,-22137.902101516524,0.0022644178862947228,21569.923470221787,0.033401408804820676,277.52033760161129,0,0,0,0.026169000000000001
170,2.8500001486390829,1,0.033333335071802139,600,600,600,-5.0716952859630737e-10,-1.7821669473505608e-08,0.069274992148081457,-0.0018557783914729953,-195.4312744140625,1.2324843510214123e-06,-9.7992119663103949e-05,-3.5643338947011216e-06,-3.202023890480632e-06,0.0043550171394599602,-568.68948793411255,0.033000331630319124,-22366.802123245649,0.0042570250197968562,21798.112631747201,0.032997129606428643,278.31112035184105,0,0,1.5561100000000001,1.5982620000000001
171,2.866666816174984,0,0,600,600,600,-5.4290522077948822e-10,-2.1441404207678261e-09,0.069274992148081457,0,0,0,-3.6796564018004574e-06,-4.2882808415356521e-07,0.00016618104154986213,0.0043550171394599602,-568.68948793411255,0.033000331630319124,-22399.502126349806,0.0043513374830581597,21830.812637986866,0.033166512671868986,278.31112035188602,0,0,0,0.026190999999999999
172,2.883333483710885,1,0.033333335071802139,600,600,600,-3.8987374439969358e-10,9.1818890268768882e-09,0.06927499204874038,9.2854457989233197e-07,-195.58787536621094,1.2159902098574094e-06,-0.00016025471722969087,1.8363778053753776e-06,-2.5243593881896231e-06,0.0045924870937597007,-569.24960231781006,0.033018584283126984,-22628.402148078931,0.0044322323765300098,22059.1525475975,0.033016059923738794,278.99484342161901,0,0,1.855078,1.8956090000000001
173,2.9000001512467861,0,0,600,600,600,-3.2694053020421165e-10,3.7759919635504957e-09,0.06927499204874038,0,0,0,4.4951508471058332e-05,7.5519839271009914e-07,5.8175407957605785e-05,0.0045924870937597007,-569.24960231781006,0.033018584283126984,-22661.102151183088,0.004637438602230759,22091.852549620475,0.03307675969108459,278.99484342156796,0,0,0,0.024353
174,2.9166668187826872,1,0.033333335071802139,600,600,600,-5.7851673451736474e-10,-1.5094570926521556e-08,0.069274992148081457,-0.010689448565244675,-195.43943786621094,1.2375325013636029e-06,-5.709524089070328e-05,-3.0189141853043111e-06,-7.2119360083888751e-05,0.01514815047630691,-569.96573686599731,0.033007213103701361,-22890.002172912213,0.015091055235416206,22320.036433027301,0.032935093743617472,279.76005117340054,0,0,1.495404,1.5388120000000001
175,2.9333334863185883,0,0,600,600,600,-5.9791183115720514e-10,-1.1637046881673996e-09,0.069274992148081457,0,0,0,-3.1493800634052604e-05,-2.3274093763347992e-07,0.00018625788698045653,0.01514815047630691,-569.96573686599731,0.033007213103701361,-22922.702176016373,0.015116656675672857,22352.736438917636,0.033193470990681817,279.76005117345716,0,0,0,0.026353999999999999
176,2.9500001538544893,1,0.033333335071802139,600,600,600,-6.3454153043096539e-10,-2.1977832886932447e-09,0.069274993340174354,0.013340513221919537,-195.75335693359375,1.2846704748881166e-06,-0.00016325805063388543,-4.3955665773864894e-07,-3.5133780329488218e-06,0.0023137749958550557,-570.36274385452271,0.032987810200211243,-23151.602197745495,0.0021505169452211703,22581.239453451417,0.032984296822178294,280.23145473988802,0,0,1.8554809999999999,1.897831
177,2.9666668213903904,0,0,600,600,600,-6.0855381844859835e-10,1.5592624968974178e-09,0.069274993340174354,0,0,0,4.9130943580166786e-05,3.1185249937948356e-07,7.5750119776785141e-05,0.0023137749958550557,-570.36274385452271,0.032987810200211243,-23184.302200849655,0.0023629059394352225,22613.939457306984,0.033063560319988028,280.23145473985318,0,0,0,0.026148999999999999
178,2.9833334889262915,1,0.033333335071802139,600,600,600,-9.4825280960719738e-10,-2.0381936138846868e-08,0.069274992843468983,-0.0041480702348053455,-194.38998413085938,0.0011039398377761245,-0.00016749434053053847,-4.0763872277693736e-06,-6.6364123085804749e-06,0.0065385470225010067,-572.15926265716553,0.031620686437236145,-23413.202222578777,0.0063710526819704683,22841.042955845223,0.031614050024927565,282.44892244880157,0,0,1.559955,1.600122
179,3.0000001564621925,0,0,600,600,600,-1.1109918540697095e-09,-9.7643413354830955e-09,0.069274992843468983,0,0,0,1.5574468648082984e-05,-1.9528682670966191e-06,4.7673842118456378e-05,0.0065385470225010067,-572.15926265716553,0.031620686437236145,-23445.902225682938,0.0065541214911490897,22873.742961072905,0.031668360279354602,282.44892244873841,0,0,0,0.026225999999999999
180,3.0166668239980936,1,0.033333335071802139,600,600,600,-9.2844004706549299e-10,1.0953108642297593e-08,0.069274993340174354,0.004010726697742939,-194.35350036621094,0.0031659984961152077,-0.00016921995893426356,2.1906217284595186e-06,-7.1025965553417336e-06,0.0027501309014041908,-574.01218700408936,0.028746198215230834,-23674.802247412059,0.0025809109424699272,23100.790062598593,0.028739095618675492,284.75613980714814,0,0,1.4294370000000001,1.4697249999999999
181,3.0333334915339947,0,0,600,600,600,-9.1262736257036181e-10,9.4876062561866092e-10,0.069274993340174354,0,0,0,6.4173013925028499e-05,1.8975212512373218e-07,1.6599653918092372e-05,0.0027501309014041908,-574.01218700408936,0.028746198215230834,-23707.50225051622,0.0028143039153292193,23133.490063701884,0.028762797869148926,284.75613980709676,0,0,0,0.024829
182,3.0500001590698957,1,0.033333335071802139,600,600,600,-6.3094840463406854e-10,1.6900738586400621e-08,0.069274992545445765,9.1688303882619948e-07,-194.56446838378906,1.2827150612793048e-06,-0.00017216945025211317,3.3801477172801242e-06,-7.5679736255551688e-06,0.0026138708344660699,-575.67214584350586,0.028330418004770763,-23936.402272245341,0.0024417013842139568,23360.730129781983,0.028322850031145208,287.09903448357232,0,0,1.826597,1.867685
183,3.0666668266057968,0,0,600,600,600,-7.2152067653874497e-10,-5.4343356481467708e-09,0.069274992545445765,0,0,0,2.9282512059580768e-05,-1.0868671296293542e-06,0.00015289439261323423,0.0026138708344660699,-575.67214584350586,0.028330418004770763,-23969.102275349502,0.0026431533465256507,23393.430128419128,0.028483312397383997,287.09903448355817,0,0,0,0.024107
184,3.0833334941416979,1,0.033333335071802139,600,600,600,-8.0278250713661237e-10,-4.8757087256490195e-09,0.069274991552035009,0.00522945960983634,-193.88114929199219,0.029589779675006866,-7.1314468641503481e-05,-9.7514174512980389e-07,-3.0600278932979563e-05,-0.0023748629610054195,-578.02868461608887,-0.00094607741630170494,-24198.002297078623,-0.002446177429646923,23619.973611487392,-0.00097667769523468451,290.1331981323807,0,0,1.521074,1.5638730000000001
185,3.100000161677599,0,0,600,600,600,-8.304349430332536e-10,-1.659146597887684e-09,0.069274991552035009,0,0,0,3.7048303624942491e-05,-3.3182931957753681e-07,6.2596996031061281e-05,-0.0023748629610054195,-578.02868461608887,-0.00094607741630170494,-24230.702300182784,-0.002337814657380477,23652.673615234864,-0.00088348042027064366,290.13319813237854,0,0,0,0.025131000000000001
186,3.1166668292135,1,0.033333335071802139,600,600,600,-7.0979044863861418e-10,7.2386683314107358e-09,0.069274991154670715,9.1572786686811014e-07,-195.37286376953125,1.469137828280509e-06,-0.00017104576954807271,1.4477336662821472e-06,-6.7439941631164402e-06,-0.0022384486583177932,-578.90630197525024,-0.0012537007678474765,-24459.602321911905,-0.0024094944278658659,23880.696021384389,-0.001260444762010593,291.33822005161522,0,0,1.466599,1.51078
187,3.1333334967494011,0,0,600,600,600,-7.9877476855116925e-10,-5.3390580845302793e-09,0.069274991154670715,0,0,0,7.2515291549279937e-05,-1.0678116169060559e-06,4.6440868572972249e-05,-0.0022384486583177932,-578.90630197525024,-0.0012537007678474765,-24492.302325016066,-0.0021659333667685132,23913.396021973003,-0.0012072598992745043,291.33822005156463,0,0,0,0.026638999999999999
188,3.1500001642853022,1,0.033333335071802139,600,600,600,-5.74106540085495e-10,1.348009348589585e-08,0.069274991452693946,8.7759133293729974e-07,-195.36994934082031,0.0044077951461076736,-0.00015862037798797246,2.69601869717917e-06,-1.3016347111260984e-06,-0.0022214033942873357,-579.79589176177979,-0.005802852101624012,-24721.202346745187,-0.0023800237722753081,24141.406457679426,-0.0058041537363351381,292.59176701279108,0,0,1.8186020000000001,1.862954
189,3.1666668318212032,0,0,600,600,600,-8.5833529173129364e-10,-1.7053721990123449e-08,0.069274991452693946,0,0,0,2.41825091507053e-05,-3.4107443980246899e-06,1.7002156482703867e-05,-0.0022214033942873357,-579.79589176177979,-0.005802852101624012,-24753.902349849348,-0.0021972208851366304,24174.106454676825,-0.0057858499451413081,292.59176701272969,0,0,0,0.026252999999999999
190,3.1833334993571043,1,0.033333335071802139,600,600,600,-1.1240672836976273e-09,-1.5943918185712391e-08,0.069274991552035009,-0.012620453722774982,-194.76239013671875,1.4808434798396775e-06,-6.9019188231322914e-05,-3.1887836371424783e-06,2.2231375851333723e-05,0.010101056206622161,-581.33920669555664,-0.0059122785605723038,-24982.802371578469,0.010032037018390838,24401.46316169413,-0.0058900471847209701,294.33114666318363,0,0,1.565787,1.607524
191,3.2000001668930054,0,0,600,600,600,-1.2847692909545572e-09,-9.6421199913265809e-09,0.069274991552035009,0,0,0,7.9491508131468436e-05,-1.9284239982653162e-06,2.0589288851624588e-05,0.010101056206622161,-581.33920669555664,-0.0059122785605723038,-25015.50237468263,0.010180547714753629,24434.16316605865,-0.0058916892717206792,294.33114666318659,0,0,0,0.026043
192,3.2166668344289064,1,0.033333335071802139,600,600,600,-1.2410197314238758e-09,2.6249722395732533e-09,0.069274991949399317,0.02107132226228714,-194.41693115234375,1.529934365862573e-06,-0.00015879684269748395,5.2499444791465066e-07,-1.8790274225466419e-06,-0.010831454346771352,-583.18178987503052,-0.006081006311433157,-25244.402396411755,-0.010990251189468836,24661.220607061718,-0.0060828853388557036,296.43035738827871,0,0,1.8599159999999999,1.903292
193,3.2333335019648075,0,0,600,600,600,-1.3198567794248106e-09,-4.7302242123237193e-09,0.069274991949399317,0,0,0,3.9640372051508166e-05,-9.4604484246474385e-07,5.9034653077105759e-05,-0.010831454346771352,-583.18178987503052,-0.006081006311433157,-25277.102399515912,-0.010791813974719844,24693.920608694836,-0.0060219716583560512,296.430357388228,0,0,0,0.026661000000000001
194,3.2500001695007086,1,0.033333335071802139,600,600,600,-1.2324455900269982e-09,5.2446686993334879e-09,0.069274991552035009,-0.0080138528719544411,-195.96249389648438,1.6018950645957375e-06,-0.00016763781331974315,1.0489337398666976e-06,-6.0057118389522657e-06,-0.0027392847250666819,-583.49179792404175,-0.0059642788801284041,-25506.002421245037,-0.002906922538386425,24922.51062436993,-0.0059702845919673564,296.93171475209203,0,0,1.595221,1.6366210000000001
195,3.2666668370366096,0,0,600,600,600,-1.4933608794009956e-09,-1.5654915586083007e-08,0.069274991552035009,0,0,0,2.0903954123241419e-05,-3.1309831172166014e-06,4.8156664433918195e-05,-0.0027392847250666819,-583.49179792404175,-0.0059642788801284041,-25538.702424349198,-0.0027183807709434404,24955.210623294173,-0.0059161222156944859,296.93171475203184,0,0,0,0.024521000000000001
196,3.2833335045725107,1,0.033333335071802139,600,600,600,-1.7375377803219294e-09,-1.4650613167077609e-08,0.069274991154670715,8.8477071358283865e-07,-196.24774169921875,1.6797729358586366e-06,-0.00015998257367755286,-2.9301226334155217e-06,-2.0569018488458823e-06,-0.0027720299876818899,-583.51612043380737,-0.0059773937828140333,-25767.602446078319,-0.0029320125613594428,25184.086322714389,-0.0059794506846628792,297.16717702094729,0,0,1.523641,1.5638399999999999
197,3.3000001721084118,0,0,600,600,600,-1.8540432522584638e-09,-6.9903283161920626e-09,0.069274991154670715,0,0,0,4.5659047032131639e-05,-1.3980656632384125e-06,5.6788576330291107e-05,-0.0027720299876818899,-583.51612043380737,-0.0059773937828140333,-25800.30244918248,-0.0027263709406497583,25216.786327350608,-0.0059206052064837422,297.16717702089602,0,0,0,0.023236
198,3.3166668396443129,1,0.033333335071802139,600,600,600,-1.9646604343392937e-09,-6.6370269280469074e-09,0.069274991552035009,0.0022051502019166946,-196.29212951660156,1.7238858163182158e-06,-0.00016730953120713821,-1.3274053856093815e-06,-5.126503310748376e-06,-0.0050084337126463652,-583.50282716751099,-0.005953045685600955,-26029.202470911601,-0.0051757432438535034,25445.699642416686,-0.0059581721889117034,297.30954521653024,0,0,1.4744159999999999,1.5179940000000001
199,3.3333335071802139,0,0,600,600,600,-2.1350443635270722e-09,-1.0223031310374608e-08,0.069274991552035009,0,0,0,4.9033752702598576e-05,-2.0446062620749217e-06,1.2123865644753096e-05,-0.0050084337126463652,-583.50282716751099,-0.005953045685600955,-26061.902474015762,-0.0049593999599437666,25478.399644803645,-0.0059409218199562019,297.30954521646589,0,0,0,0.026401000000000001
200,3.350000174716115,1,0.033333335071802139,600,600,600,-2.0142332246564365e-09,7.2486727731302381e-09,0.069274991254011792,9.650345873524202e-07,-196.25848388671875,1.8046425793727394e-06,-0.00016692129065631889,1.4497345546260476e-06,-3.9440465116058476e-06,-0.0051135223147866782,-583.52590703964233,-0.0061260008496901719,-26290.802495744883,-0.0052804436054429971,25707.276590154976,-0.0061299448962017777,297.43542365773857,0,0,1.526475,1.5713330000000001
201,3.3666668422520161,0,0,600,600,600,-2.2196564586351997e-09,-1.2325396703261049e-08,0.069274991254011792,0,0,0,5.2055605692657991e-05,-2.4650793406522098e-06,5.2763914482056862e-05,-0.0051135223147866782,-583.52590703964233,-0.0061260008496901719,-26323.502498849044,-0.0050614667090940202,25739.976589344322,-0.006073236935208115,297.43542365768207,0,0,0,0.026221000000000001
202,3.3833335097879171,1,0.033333335071802139,600,600,600,-2.3815089900125486e-09,-9.7111474417488353e-09,0.069274991154670715,9.4269455530593405e-07,-196.22438049316406,1.8415237263980089e-06,-0.00016210788089665584,-1.9422294883497671e-06,-2.7139890335092787e-06,-0.0050609823374543339,-583.58465480804443,-0.0065734603158489335,-26552.402520578165,-0.0052230902183509897,25968.817863827891,-0.0065761743048824428,297.57032826452632,0,0,1.552378,1.5949040000000001
203,3.4000001773238182,0,0,600,600,600,-2.5139272885610353e-09,-7.9450952483739457e-09,0.069274991154670715,0,0,0,-1.3483827387972269e-05,-1.5890190496747891e-06,8.3167236653025611e-05,-0.0050609823374543339,-583.58465480804443,-0.0065734603158489335,-26585.102523682326,-0.0050744661648423062,26001.517867285263,-0.0064902930791959079,297.57032826448705,0,0,0,0.026419999999999999
204,3.4166668448597193,1,0.033333335071802139,600,600,600,-2.6229822758239152e-09,-6.543292130345435e-09,0.069274991154670715,9.4413559281747439e-07,-196.20780944824219,1.9164410787197994e-06,-0.00017967420262721134,-1.308658426069087e-06,-1.1675433597702067e-05,-0.005160136723134201,-583.66112232208252,-0.0062740961002418771,-26814.002545411447,-0.0053398109257614124,26230.341421780708,-0.0062857715338395792,297.70554019656583,0,0,1.609162,1.6523890000000001
205,3.4333335123956203,0,0,600,600,600,-2.683416155946361e-09,-3.6260381364172645e-09,0.069274991154670715,0,0,0,4.1749541423996561e-05,-7.2520762728345289e-07,3.2447661624246393e-05,-0.005160136723134201,-583.66112232208252,-0.0062740961002418771,-26846.702548515608,-0.0051183871817102045,26263.041425468316,-0.0062416484386176307,297.7055401964916,0,0,0,0.023122
206,3.4500001799315214,1,0.033333335071802139,600,600,600,-2.3997557274668679e-09,1.701963014966168e-08,0.069274990856647498,9.3516700871987268e-07,-196.20504760742188,1.9297910966997733e-06,-7.2926195571199059e-05,3.403926029932336e-06,-4.8187689571932424e-05,-0.0053255776801961474,-583.74117612838745,-0.0062013475144340191,-27075.60257024473,-0.0053985038757673465,26491.861397520268,-0.0062495352040059515,297.83143973139323,0,0,1.56667,1.607353
207,3.4666668474674225,0,0,600,600,600,-2.5176849494101816e-09,-7.0757533165988207e-09,0.069274990856647498,0,0,0,7.0933907636572258e-05,-1.4151506633197641e-06,4.5743172449874692e-05,-0.0053255776801961474,-583.74117612838745,-0.0062013475144340191,-27108.30257334889,-0.0052546437725595752,26524.561395805351,-0.0061556043419841444,297.83143973139232,0,0,0,0.024524000000000001
208,3.4833335150033236,1,0.033333335071802139,600,600,600,-2.5213531262835431e-09,-2.2009061240169103e-10,0.069274991154670715,9.6232270152540877e-07,-195.1800537109375,-0.0072216116823256016,-0.00017130840888057719,-4.4018122480338207e-08,-7.5343450589571148e-06,-0.0057036036014324054,-584.92025995254517,0.0013302994993864559,-27337.202595078012,-0.0058749120103129826,26752.282335081447,0.0013227651543274987,300.52461844177282,0,0,1.559509,1.6036779999999999
209,3.5000001825392246,0,0,600,600,600,-2.5342978826614626e-09,-7.7668627085358821e-10,0.069274991154670715,0,0,0,5.3348662731877994e-05,-1.5533725417071764e-07,5.249268042462063e-05,-0.0057036036014324054,-584.92025995254517,0.0013302994993864559,-27369.902598182172,-0.0056502549387005274,26784.982338074289,0.0013827921798110765,300.52461844171313,0,0,0,0.02623
210,3.5166668500751257,1,0.033333335071802139,600,600,600,-2.3684154637493293e-09,9.9529415820143186e-09,0.06927499204874038,1.0067641369460034e-06,-202.24481201171875,0.088718034327030182,-6.4220699869110831e-06,1.9905883164028637e-06,-3.737431484296394e-05,-0.0056150952113966923,-578.69148731231689,-0.088632997147215065,-27598.802619911294,-0.0056215172813836034,27020.111134589566,-0.088670371462058029,286.89931898840337,0,0,1.554225,1.595955
211,3.5333335176110268,0,0,600,600,600,-2.4712942803262195e-09,-6.1727298827918275e-09,0.06927499204874038,0,0,0,-4.0283907765115146e-06,-1.2345459765583655e-06,5.4812016969663091e-05,-0.0056150952113966923,-578.69148731231689,-0.088632997147215065,-27631.502623015454,-0.0056191236021732038,27052.811134468593,-0.088578185130245402,286.89931898840825,0,0,0,0.025874000000000001
212,3.5500001851469278,1,0.033333335071802139,600,600,600,-2.4278912214015236e-09,2.6041817591249128e-09,0.069274991254011792,6.7030312493443489e-05,-201.009765625,1.985995140785235e-06,-5.5158119494080893e-05,5.2083635182498256e-07,-4.5334263631957583e-05,-0.0055856608596513979,-573.69625902175903,-0.089142878648999613,-27860.402644744576,-0.0056408189791454788,27286.706386243652,-0.08918821291263157,282.35280930041455,0,0,1.5642069999999999,1.6068229999999999
213,3.5666668526828289,0,0,600,600,600,-2.501467921689482e-09,-4.4145993527422434e-09,0.069274991254011792,0,0,0,-1.063472154783085e-05,-8.8291987054844867e-07,0.00011976485438935924,-0.0055856608596513979,-573.69625902175903,-0.089142878648999613,-27893.102647848737,-0.0055962955811992288,27319.406387944058,-0.089023113794610254,282.35280930043342,0,0,0,0.026179000000000001
214,3.58333352021873,1,0.033333335071802139,600,600,600,-2.4725235192590844e-09,1.7366623694670125e-09,0.069274991949399317,-0.031839072704315186,-197.5701904296875,-0.0076016676612198353,-0.00016545325252081966,3.4733247389340249e-07,-3.8658868106722366e-06,0.0260036996769486,-572.3128228187561,-0.082018236957082991,-28122.002669577862,0.02583824642442778,27549.689847106438,-0.082022102843893663,281.28615781325556,0,0,1.5601320000000001,1.978777
215,3.600000187754631,0,0,600,600,600,-2.5861979224828247e-09,-6.8204650816028334e-09,0.069274991949399317,0,0,0,4.0173432580559165e-05,-1.3640930163205667e-06,8.279144481093681e-05,0.0260036996769486,-572.3128228187561,-0.082018236957082991,-28154.702672682019,0.026043873109529159,27582.38984849917,-0.081935445512272054,281.28615781322009,0,0,0,0.024178999999999999
216,3.6166668552905321,1,0.033333335071802139,600,600,600,-2.253402575647101e-09,1.9967725251035517e-08,0.06927499185005824,0.047566361725330353,-196.82391357421875,0.0057667363435029984,-5.4035069751989795e-05,3.9935450502071035e-06,-1.5094860827957746e-05,-0.021566754068771843,-571.71357107162476,-0.088493600953370333,-28383.602694411144,-0.021620789138523833,27811.889127333063,-0.08850869581419829,281.29063028815011,0,0,1.520608,1.5644720000000001
217,3.6333335228264332,0,0,600,600,600,-2.299835211161394e-09,-2.7859616835712586e-09,0.06927499185005824,0,0,0,-1.5401133168779779e-05,-5.5719233671425172e-07,8.5085974887988414e-05,-0.021566754068771843,-571.71357107162476,-0.088493600953370333,-28416.302697515304,-0.021582155201940623,27844.589125886487,-0.088408514978482344,281.29063028817103,0,0,0,0.026241
218,3.6500001903623343,1,0.033333335071802139,600,600,600,-2.3043367214370392e-09,-2.7009505743080808e-10,0.069274991552035009,-0.0052578053437173367,-194.79579162597656,-0.0055729965679347515,-0.0001309499907620193,-5.4019011486161617e-08,2.1548953554884065e-05,-0.016204725798161235,-573.17911529541016,-0.083201304471003823,-28645.202719244426,-0.016335675788923254,28072.023603894995,-0.083179755517448939,283.70115295399734,0,0,1.937022,1.979535
219,3.6666668578982353,0,0,600,600,600,-2.4592834435566147e-09,-9.2967962217471722e-09,0.069274991552035009,0,0,0,0.00012891711094198399,-1.8593592443494344e-06,5.8630803323467262e-06,-0.016204725798161235,-573.17911529541016,-0.083201304471003823,-28677.902722348586,-0.016075808687219251,28104.723605193816,-0.083195441390671476,283.70115295399467,0,0,0,0.026612
220,3.6833335254341364,1,0.033333335071802139,600,600,600,-2.3166408791297499e-09,8.5585583065039827e-09,0.06927499185005824,0.0035607791505753994,-196.57034301757812,1.8700330883802962e-06,-1.1993734005955048e-06,1.7117116613007965e-06,-1.9284101426819689e-05,-0.019859910506056622,-572.62571859359741,-0.083407651720335707,-28906.802744077708,-0.019861109879457217,28334.177027195823,-0.083426935821762527,280.55648100322401,0,0,1.610789,1.6532340000000001
221,3.7000001929700375,0,0,600,600,600,-2.3915220914716429e-09,-4.4928718523351563e-09,0.06927499185005824,0,0,0,1.2841789498452272e-05,-8.9857437046703126e-07,5.3271742217475548e-05,-0.019859910506056622,-572.62571859359741,-0.083407651720335707,-28939.502747181868,-0.019847068716558169,28366.877027689698,-0.083354379978118232,280.5564810032314,0,0,0,0.025981000000000001
222,3.7166668605059385,1,0.033333335071802139,600,600,600,-2.6295090549410816e-09,-1.4279219584523162e-08,0.069274991254011792,8.6616574890285847e-07,-197.78036499023438,1.9468218397378223e-06,-0.00015451439594471594,-2.8558439169046324e-06,-5.4336851462721825e-06,-0.019783426323556341,-570.88197946548462,-0.083242950000567362,-29168.40276891099,-0.019937940719501057,28597.520786589663,-0.083248383685713634,279.5055880602464,0,0,1.569088,1.610946
223,3.7333335280418396,0,0,600,600,600,-2.7307689443034633e-09,-6.0755906972076446e-09,0.069274991254011792,0,0,0,4.1843242115646717e-05,-1.2151181394415289e-06,5.9681178754544817e-05,-0.019783426323556341,-570.88197946548462,-0.083242950000567362,-29201.102772015151,-0.019741583081440695,28630.220791334548,-0.083183268821812817,279.50558806019973,0,0,0,0.026262000000000001
224,3.7500001955777407,1,0.033333335071802139,600,600,600,-2.4872901516204138e-09,1.4608726672804551e-08,0.069274991750717163,-0.001228190609253943,-197.60191345214844,-0.016635872423648834,-0.00016573856100876583,2.9217453345609101e-06,-3.4573531593196094e-06,-0.018346948905673344,-569.44181442260742,-0.066014305388307548,-29430.002793744272,-0.01851268746668211,28860.560982243409,-0.066017762741466868,278.15803675540008,0,0,1.929171,1.972116
225,3.7666668631136417,0,0,600,600,600,-2.672528420788467e-09,-1.1114289044655834e-08,0.069274991750717163,0,0,0,-1.3262331322039245e-05,-2.2228578089311668e-06,8.7445397412011516e-05,-0.018346948905673344,-569.44181442260742,-0.066014305388307548,-29462.702796848433,-0.018360211236995383,28893.260980202969,-0.065926859990895537,278.1580367553608,0,0,0,0.026290000000000001
226,3.7833335306495428,1,0.033333335071802139,600,600,600,-2.6933404395634852e-09,-1.2487255673931941e-09,0.069274992148081457,9.5183600024029147e-07,-197.66009521484375,2.043687572950148e-06,-7.8778970191706321e-05,-2.4974511347863881e-07,-6.9841291860939236e-06,-0.018170974239183124,-567.80952548980713,-0.065732843626392423,-29691.602818577554,-0.01824975320937483,29123.793292838003,-0.065739827755578517,276.27821703508198,0,0,1.802047,1.8457669999999999
227,3.8000001981854439,0,0,600,600,600,-2.884714023210222e-09,-1.1482409689733686e-08,0.069274992148081457,0,0,0,8.7615489974268712e-06,-2.2964819379467372e-06,5.3940300404065056e-05,-0.018170974239183124,-567.80952548980713,-0.065732843626392423,-29724.302821681715,-0.018162212690185697,29156.493293895426,-0.065678903325988358,276.27821703509971,0,0,0,0.026332999999999999
228,3.8166668657213449,1,0.033333335071802139,600,600,600,-3.1790818866284098e-09,-1.7662063811485496e-08,0.069274991750717163,-0.0019250840414315462,-197.27932739257812,2.0571269487845711e-06,-4.879717607764178e-05,-3.5324127622970991e-06,-2.4055066205619369e-05,-0.015910917278233683,-566.56115865707397,-0.06558772420976311,-29953.202843410836,-0.015959714454311325,29386.64168122135,-0.065611779275968729,275.28339344338292,0,0,1.608082,1.650738
229,3.833333533257246,0,0,600,600,600,-3.3159026635587452e-09,-8.2092412867496023e-09,0.069274991750717163,0,0,0,5.4679162531101611e-06,-1.6418482573499205e-06,0.00011737481599993771,-0.015910917278233683,-566.56115865707397,-0.06558772420976311,-29985.902846514997,-0.015905449361980573,29419.341686216074,-0.065470349393763172,275.28339344341003,0,0,0,0.026047000000000001
230,3.8500002007931471,1,0.033333335071802139,600,600,600,-3.3703244639582408e-09,-3.2653026948992192e-09,0.069274988770484922,8.7935342207856593e-07,-197.12527465820312,2.0804961877729511e-06,-6.5038580032705795e-05,-6.5306053897984384e-07,-2.578406679276668e-05,-0.01556294765759958,-565.46045303344727,-0.065843374055475579,-30214.802868244118,-0.015627986237632285,29649.34241455761,-0.065869158122268345,274.2671493349784,0,0,1.5881970000000001,1.630031
231,3.8666668683290482,0,0,600,600,600,-3.4684841665466593e-09,-5.8895754939669587e-09,0.069274988770484922,0,0,0,0.00012911618796351831,-1.1779150987933917e-06,5.8621026255423203e-06,-0.01556294765759958,-565.46045303344727,-0.065843374055475579,-30247.502871348279,-0.015433831469636061,29682.042417136916,-0.065837511952850036,274.26714933500608,0,0,0,0.026082999999999999
232,3.8833335358649492,1,0.033333335071802139,600,600,600,-3.3177269820328092e-09,9.0454363999015186e-09,0.069274988571802781,-0.0068742497824132442,-196.54194641113281,2.0539955585263669e-06,-7.203476002359821e-05,1.8090872799803037e-06,-2.5370479761477327e-05,-0.0086982875891408185,-564.94847297668457,-0.065875145639438415,-30476.4028930774,-0.0087703223491644167,29911.454421909802,-0.065900516119199892,273.782401189567,0,0,1.6038250000000001,1.6461509999999999
233,3.9000002034008503,0,0,600,600,600,-3.4168814444512918e-09,-5.9492699655550041e-09,0.069274988571802781,0,0,0,5.8487103160587139e-06,-1.1898539931110008e-06,0.00017825769873525132,-0.0086982875891408185,-564.94847297668457,-0.065875145639438415,-30509.102896181561,-0.0086924388788247597,29944.154422015021,-0.065696887940703164,273.78240118963163,0,0,0,0.026158000000000001
234,3.9166668709367514,1,0.033333335071802139,600,600,600,-3.127806236236097e-09,1.7344508052019592e-08,0.069274988174438473,9.7031659151980421e-07,-195.60011291503906,2.0582879187713843e-06,-0.00017094513395932154,3.4689016104039183e-06,-6.5778294811025262e-06,-0.0085192387141432846,-565.38203525543213,-0.06590520953250234,-30738.002917910686,-0.0086901838481026061,30172.620886124154,-0.065911787361983443,274.14304506332314,0,0,1.955271,1.996021
235,3.9333335384726524,0,0,600,600,600,-3.2835811847320429e-09,-9.3464995742920109e-09,0.069274988174438473,0,0,0,-0.00010870775213334127,-1.8692999148584022e-06,0.0001002113663162163,-0.0085192387141432846,-565.38203525543213,-0.06590520953250234,-30770.702921014843,-0.0086279464662766259,30205.320883890112,-0.065804998166186124,274.14304506330416,0,0,0,0.024381
236,3.9500002060085535,1,0.033333335071802139,600,600,600,-2.8147368880127033e-09,2.8130660467695634e-08,0.069274988174438473,9.7657550668373005e-07,-195.40031433105469,2.0494362615863793e-06,-0.00017300382069151965,5.6261320935391268e-06,-7.9076244219322689e-06,-0.0084543738103093347,-566.01808834075928,-0.065560991679376457,-30999.602942743968,-0.0086273776310008543,30433.584860029339,-0.065568899303798389,275.00955876658224,0,0,1.4947459999999999,1.5407649999999999
237,3.9666668735444546,0,0,600,600,600,-2.9195432738049476e-09,-6.2883804829994006e-09,0.069274988174438473,0,0,0,4.3085049128421815e-05,-1.2576760965998801e-06,0.00012888024230051087,-0.0084543738103093347,-566.01808834075928,-0.065560991679376457,-31032.302945848125,-0.0084112887611809128,30466.284856249691,-0.065432111437075946,275.00955876655297,0,0,0,0.026741000000000001
238,3.9833335410803556,1,0.033333335071802139,600,600,600,-2.8163686938142973e-09,6.1904756876174361e-09,0.069274991452693946,9.5010312861631974e-07,-195.376708984375,1.9941414848290151e-06,-0.00015831096789042931,1.2380951375234872e-06,-1.996943410631502e-06,-0.0084373226109164534,-566.68013191223145,-0.065346044691978022,-31261.20296757725,-0.0085956335788068827,30694.522836903114,-0.065348041635388654,275.82650345097665,0,0,1.93703,1.98166
239,4.0000002086162567,0,0,600,600,600,-2.9706945792185024e-09,-9.2595495715386278e-09,0.069274991452693946,0,0,0,4.6443773271676037e-05,-1.8519099143077256e-06,2.1994537746650167e-05,-0.0084373226109164534,-566.68013191223145,-0.065346044691978022,-31293.902970681411,-0.0083908788376447774,30727.22283691727,-0.065324050154231372,275.82650345091946,0,0,0,0.02665
240,4.0166668761521578,1,0.033333335071802139,600,600,600,-3.2466658250740466e-09,-1.6558278304046326e-08,0.069274987975756333,9.7932286280411063e-07,-195.40647888183594,1.977920192075544e-06,-0.00016214366951317061,-3.3116556608092651e-06,-3.562001893442357e-06,-0.0084284564272820717,-567.31397199630737,-0.065122288939164719,-31522.802992410532,-0.0085906000967952423,30955.489017102569,-0.065125850941058161,276.57409446514299,0,0,1.5735060000000001,1.6155440000000001
241,4.0333335436880589,0,0,600,600,600,-3.3907023855306306e-09,-8.6421891865029465e-09,0.069274987975756333,0,0,0,2.8983708943997044e-05,-1.7284378373005893e-06,0.00017107433905039215,-0.0084284564272820717,-567.31397199630737,-0.065122288939164719,-31555.502995514693,-0.0083994727183380746,30988.189021789949,-0.064951214600114326,276.57409446515163,0,0,0,0.026120999999999998
242,4.0500002112239599,1,0.033333335071802139,600,600,600,-3.7476093339705585e-09,-2.1414411577325154e-08,0.069274987379709885,9.8843031537398929e-07,-194.77996826171875,-0.001958164619281888,-0.00016249887266894802,-4.2828823154650308e-06,-1.9487856661726255e-06,-0.0084088981484455871,-568.59901332855225,-0.063006649983435636,-31784.403017243814,-0.0085713970211145352,31215.803999632379,-0.063008598769101809,278.10514562203707,0,0,1.5823160000000001,1.624047
243,4.066666878759861,0,0,600,600,600,-3.7367411387378979e-09,6.5209082578121524e-10,0.069274987379709885,0,0,0,-4.3675368033291306e-05,1.3041816515624305e-07,0.00012878460893261945,-0.0084088981484455871,-568.59901332855225,-0.063006649983435636,-31817.103020347975,-0.0084525735164788784,31248.504007149841,-0.062877865374503017,278.10514562201621,0,0,0,0.026200999999999999
244,4.0833335462957621,1,0.033333335071802139,600,600,600,-3.8813952052407785e-09,-8.6792439901728358e-09,0.069274988571802781,-0.015410884283483028,-197.01606750488281,-0.040738385170698166,2.4036023660300998e-05,-1.7358487980345672e-06,-1.9697120023920434e-05,0.0071530435816384852,-567.79698705673218,-0.022166450955410255,-32046.003042077096,0.0071770796052987862,31478.206053284513,-0.022186148075434176,276.45056695249474,0,0,1.9375389999999999,1.9764919999999999
245,4.1000002138316631,0,0,600,600,600,-4.2487648954647739e-09,-2.2042188518867079e-08,0.069274988571802781,0,0,0,3.1879375228527351e-05,-4.4084377037734157e-06,4.8213826175924623e-05,0.0071530435816384852,-567.79698705673218,-0.022166450955410255,-32078.703045181257,0.0071849229568670125,31510.906053716088,-0.02211823712923433,276.45056695250128,0,0,0,0.024660000000000001
246,4.1166668813675642,1,0.033333335071802139,600,600,600,-4.2307988223910797e-09,1.0779608317079692e-09,0.069274988174438473,1.0750604815257248e-06,-196.36526489257812,2.1548848962993361e-06,-1.0323350352337002e-05,2.1559216634159384e-07,-1.9432491171755828e-07,0.0067009256927121896,-567.46194171905518,-0.021978571356157772,-32307.603066910378,0.0066906023423598526,31740.141125406917,-0.02197876568106949,275.75884417964403,0,0,1.4748159999999999,1.518211
247,4.1333335489034653,0,0,600,600,600,-4.3562526919060929e-09,-7.5272259536518504e-09,0.069274988174438473,0,0,0,7.3171594294763054e-05,-1.5054451907303701e-06,4.7484473952863482e-05,0.0067009256927121896,-567.46194171905518,-0.021978571356157772,-32340.303070014539,0.0067740972870069527,31772.841126790037,-0.021931086882204909,275.75884417966745,0,0,0,0.024820999999999999
248,4.1500002164393663,1,0.033333335071802139,600,600,600,-4.3916879022276589e-09,-2.1261072902234446e-09,0.069274988373120627,-0.0023103388957679272,-195.33529663085938,2.2650965547654778e-06,-7.3419448654021835e-05,-4.2522145804468892e-07,-4.7463652208534768e-05,0.009007075430417899,-568.1760196685791,-0.021802598756039515,-32569.20309174366,0.0089336559817638772,32001.02707164986,-0.02185006240824805,277.14275949965713,0,0,1.462828,1.505368
249,4.1666668839752674,0,0,600,600,600,-4.4448271729891076e-09,-3.1883500284379807e-09,0.069274988373120627,0,0,0,8.0481208897253964e-05,-6.3767000568759613e-07,2.0968718672520481e-05,0.009007075430417899,-568.1760196685791,-0.021802598756039515,-32601.903094847821,0.009087556639315153,32033.727074541574,-0.021781630037366995,277.14275949964417,0,0,0,0.024952999999999999
250,4.1833335515111685,1,0.033333335071802139,600,600,600,-4.7532431324270874e-09,-1.8504966448062987e-08,0.069274988174438473,-0.0033602176699787378,-196.01908874511719,2.2589467789657647e-06,-0.00016322353530995315,-3.7009932896125974e-06,-4.2150077206315473e-06,0.012576411434565671,-568.25744724273682,-0.021732226596213877,-32830.803116576943,0.012413187899255718,32262.545665633214,-0.021736441603934509,277.41245985892954,0,0,1.878349,1.91873
251,4.2000002190470695,0,0,600,600,600,-4.8549786413332185e-09,-6.1041305343678687e-09,0.069274988174438473,0,0,0,4.1664128502816311e-05,-1.2208261068735737e-06,5.86163309890253e-05,0.012576411434565671,-568.25744724273682,-0.021732226596213877,-32863.503119681103,0.012618075563068487,32295.245671217541,-0.021673610265224852,277.41245985887565,0,0,0,0.024492
252,4.2166668865829706,1,0.033333335071802139,600,600,600,-4.4781369723523312e-09,2.2610510796994276e-08,0.069274988174438473,1.1470565368654206e-06,-195.7276611328125,2.3038635390548734e-06,-0.00017310973134954111,4.5221021593988553e-06,-8.0980839811672922e-06,0.012515185386291705,-568.60287237167358,-0.021207038533248124,-33092.403141410228,0.012342075654942164,32523.800273560657,-0.021215136617229291,277.95599083612461,0,0,1.413511,1.455084
253,4.2333335541188717,0,0,600,600,600,-4.613487369908853e-09,-8.1210256297481465e-09,0.069274988174438473,0,0,0,8.3740417267108569e-06,-1.6242051259496293e-06,1.2725081433018204e-05,0.012515185386291705,-568.60287237167358,-0.021207038533248124,-33125.103144514389,0.012523559428018416,32556.500270518511,-0.021194313451815106,277.95599083605009,0,0,0,0.027625
254,4.2500002216547728,1,0.033333335071802139,600,600,600,-4.5086951949713239e-09,6.2875393780359445e-09,0.069274988373120627,-0.0027204398065805435,-195.40068054199219,2.3430425244441722e-06,-0.00010314691962776124,1.2575078756071889e-06,-2.9458078643074259e-05,0.015316711738705635,-569.27637386322021,-0.020536596075544367,-33354.003166243507,0.015213564819077874,32784.726793637798,-0.020566054154187441,279.02563176133032,0,0,1.7870740000000001,1.827555
255,4.2666668891906738,0,0,600,600,600,-4.6437826917156144e-09,-8.1052409228732358e-09,0.069274988373120627,0,0,0,6.0126916423541843e-05,-1.6210481845746472e-06,4.2677015699155163e-05,0.015316711738705635,-569.27637386322021,-0.020536596075544367,-33386.703169347667,0.015376838655129177,32817.4267938634,-0.020493919059845211,279.02563176131656,0,0,0,0.027913
256,4.2833335567265749,1,0.033333335071802139,600,600,600,-4.559457700281655e-09,5.0595012623944058e-09,0.069274988174438473,1.0539700951994746e-06,-195.59358215332031,2.3041338863549754e-06,-0.00016173430594790261,1.0119002524788812e-06,-2.7199462238058913e-06,0.015314194839447737,-569.75725603103638,-0.019837695531350619,-33615.603191076792,0.015152460533499834,33045.84593605766,-0.019840415477574425,279.61033115113071,0,0,1.5346599999999999,1.5801719999999999
257,4.300000224262476,0,0,600,600,600,-4.7730099872467235e-09,-1.2813140770617792e-08,0.069274988174438473,0,0,0,2.4510461571480846e-05,-2.5626281541235585e-06,0.00013044284514762694,0.015314194839447737,-569.75725603103638,-0.019837695531350619,-33648.303194180953,0.015338705301019218,33078.545935587288,-0.019707252686202992,279.61033115110843,0,0,0,0.026408999999999998
258,4.316666891798377,1,0.033333335071802139,600,600,600,-4.6325765445942579e-09,8.4260136645752937e-09,0.069274987975756333,0.016596490517258644,-195.77949523925781,2.3290438093681587e-06,-0.00016084450180642307,1.6852027329150587e-06,-1.8786636246659327e-06,-0.0013681882046512328,-570.05169439315796,-0.019585288593589212,-33877.203215910071,-0.0015290327064576559,33307.151523202119,-0.019587167257213878,280.17452674245959,0,0,1.4916739999999999,1.537531
259,4.3333335593342781,0,0,600,600,600,-4.7912100953340087e-09,-9.5180121562066233e-09,0.069274987975756333,0,0,0,1.551784407638479e-05,-1.9036024312413247e-06,0.00014666079550806899,-0.0013681882046512328,-570.05169439315796,-0.019585288593589212,-33909.903219014232,-0.001352670360574848,33339.851522717472,-0.019438627798081143,280.17452674244817,0,0,0,0.026731999999999999
260,4.3500002268701792,1,0.033333335071802139,600,600,600,-4.6478132453842136e-09,8.6038198787719011e-09,0.069274987975756333,1.10021380805847e-06,-195.9232177734375,2.3888421765150269e-06,-0.00017343692206850392,1.7207639757543802e-06,-7.9244728112826124e-06,-0.0012485628139984328,-570.20606422424316,-0.019582734802952473,-34138.803240743357,-0.0014219997360669367,33568.597178239877,-0.019590659275763755,280.49072921073991,0,0,1.6003039999999999,1.6435379999999999
261,4.3666668944060802,0,0,600,600,600,-4.709157508386852e-09,-3.6806637737640813e-09,0.069274987975756333,0,0,0,3.7899084759374091e-05,-7.3613275475281625e-07,6.1075240864738589e-05,-0.0012485628139984328,-570.20606422424316,-0.019582734802952473,-34171.503243847517,-0.0012106637292390587,33601.297178887144,-0.019521659562087734,280.49072921067807,0,0,0,0.025798999999999999
262,4.3833335619419813,1,0.033333335071802139,600,600,600,-4.6130916864228766e-09,5.7639404360543267e-09,0.069274987777074179,0.014731618575751781,-195.65910339355469,2.4196681351895677e-06,-0.00017409012116331724,1.1527880872108653e-06,-7.9189248936017975e-06,-0.016144155408255756,-570.62328910827637,-0.019464069264358841,-34400.403265576635,-0.016318245529419073,33829.779977621147,-0.019471988189252443,280.9482456261714,0,0,1.9509350000000001,1.992016
263,4.4000002294778824,0,0,600,600,600,-4.7649679757455488e-09,-9.1125729184682314e-09,0.069274987777074179,0,0,0,0.00012729802847388783,-1.8225145836936463e-06,4.6090917749097571e-06,-0.016144155408255756,-570.62328910827637,-0.019464069264358841,-34433.103268680796,-0.016016857379781868,33862.479977750001,-0.019459460172583931,280.94824562613582,0,0,0,0.024989999999999998
264,4.4166668970137835,1,0.033333335071802139,600,600,600,-4.3890286960390767e-09,2.2556353229674642e-08,0.069274988174438473,1.1296649518044433e-06,-195.77958679199219,2.3785351004335098e-06,-4.2066693595188553e-05,4.5112706459349283e-06,-2.3368238544207998e-05,-0.015972687129760743,-570.92457056045532,-0.019521957724464301,-34662.003290409921,-0.016014753823355932,34091.078724360734,-0.019545325963008509,281.25128066918535,0,0,1.490464,1.5341279999999999
265,4.4333335645496845,0,0,600,600,600,-4.4504804286304989e-09,-3.6871106168234746e-09,0.069274988174438473,0,0,0,3.2577111142018111e-05,-7.3742212336469493e-07,0.00014841934898868203,-0.015972687129760743,-570.92457056045532,-0.019521957724464301,-34694.703293514081,-0.015940110018618725,34123.778722216201,-0.019373538375475619,281.25128066923719,0,0,0,0.026564000000000001
266,4.4500002320855856,1,0.033333335071802139,600,600,600,-4.5779104951293448e-09,-7.6458093190012733e-09,0.069274988174438473,1.0802241376950406e-06,-196.02641296386719,2.307716385985259e-06,-5.738802997257153e-05,-1.5291618638002547e-06,-7.2650630045245634e-05,-0.015383502865006449,-570.97653722763062,-0.019356293430064397,-34923.603315243206,-0.01544089089497902,34352.626776486417,-0.019428944060109643,281.4273948508133,0,0,1.631362,1.674817
267,4.4666668996214867,0,0,600,600,600,-4.6376777973478056e-09,-3.5860288072342428e-09,0.069274988174438473,0,0,0,-2.2068621774451458e-05,-7.1720576144684856e-07,7.3347399620615761e-05,-0.015383502865006449,-570.97653722763062,-0.019356293430064397,-34956.30331834736,-0.0154055714867809,34385.326780402524,-0.019282946030443782,281.42739485080222,0,0,0,0.026098
268,4.4833335671573877,1,0.033333335071802139,600,600,600,-4.8885873127346713e-09,-1.5054556712357225e-08,0.069274988571802781,-0.00099782925099134445,-195.98164367675781,2.2967944914853433e-06,9.715614623928559e-06,-3.0109113424714451e-06,-6.7225528255221434e-06,-0.014304797137810965,-571.07442331314087,-0.019547525531379506,-35185.203340076485,-0.014295081523187037,34614.128913752429,-0.019554248084205028,281.5825733193293,0,0,1.5124120000000001,1.555766
269,4.5000002346932888,0,0,600,600,600,-4.8452575285296007e-09,2.5997906050179154e-09,0.069274988571802781,0,0,0,7.8527762070734752e-05,5.1995812100358307e-07,2.0424226931936573e-05,-0.014304797137810965,-571.07442331314087,-0.019547525531379506,-35217.903343180646,-0.01422626937574023,34646.828920387459,-0.019527101304447569,281.58257331934556,0,0,0,0.026453999999999998
270,4.5166669022291899,1,0.033333335071802139,600,600,600,-5.0259090222937175e-09,-1.0839084296776491e-08,0.069274988174438473,1.0517444479773985e-06,-196.20906066894531,2.3013710688246647e-06,-6.2602487105323235e-05,-2.1678168593552982e-06,-3.2005857519834535e-05,-0.01435467420196801,-570.94557952880859,-0.019394053842916037,-35446.803364909771,-0.014417276689073333,34875.857783213149,-0.019426059700435871,281.46558674018763,0,0,1.9616340000000001,2.0049350000000001
271,4.5333335697650909,0,0,600,600,600,-5.0233248671816e-09,1.5506040895729711e-10,0.069274988174438473,0,0,0,7.2984715870916261e-05,3.1012081791459423e-08,2.6291820631740848e-05,-0.01435467420196801,-570.94557952880859,-0.019394053842916037,-35479.503368013931,-0.014281689486097093,34908.557788516133,-0.019367762022284296,281.46558674018331,0,0,0,0.025981000000000001
272,4.550000237300992,1,0.033333335071802139,600,600,600,-4.9427399950729978e-09,4.8350976555866509e-09,0.069274988174438473,1.0819185263244435e-06,-196.13508605957031,2.3247332592291059e-06,-6.0794019418608514e-05,9.6701953111733019e-07,-5.901193844692898e-05,-0.014245600694266614,-570.89096069335938,-0.019134279321406211,-35708.403389743049,-0.014306394713685222,35137.512430016708,-0.01919329125985314,281.42337192504294,0,0,1.5943309999999999,1.6355930000000001
273,4.5666669048368931,0,0,600,600,600,-4.9079855735101319e-09,2.0852706228424722e-09,0.069274988174438473,0,0,0,7.8330543828997179e-05,4.1705412456849444e-07,3.029316530955839e-05,-0.014245600694266614,-570.89096069335938,-0.019134279321406211,-35741.10339284721,-0.014167270150437616,35170.212432570901,-0.019103986156096653,281.42337192502868,0,0,0,0.025942
274,4.5833335723727942,1,0.033333335071802139,600,600,600,-4.7295856120399549e-09,1.0703988806426423e-08,0.069274988373120627,1.0454391485836823e-06,-194.676513671875,-0.0008637894643470645,-0.0001607608510312275,2.1407977612852847e-06,-2.3320012587646488e-06,-0.014046060812688665,-572.30209732055664,-0.018361078904490569,-35970.003414576335,-0.014206821663719893,35397.701319396576,-0.018363410905749333,283.33446616517813,0,0,1.591915,1.633516
275,4.6000002399086952,0,0,600,600,600,-4.7915791334673941e-09,-3.7196223878765977e-09,0.069274988373120627,0,0,0,1.3048705227447499e-05,-7.4392447757531954e-07,4.0538822076996439e-05,-0.014046060812688665,-572.30209732055664,-0.018361078904490569,-36002.703417680495,-0.014033012107461218,35430.401319616016,-0.018320540082413572,283.33446616511958,0,0,0,0.025961000000000001
276,4.6166669074445963,1,0.033333335071802139,600,600,600,-4.6477857118532029e-09,8.6276052968514705e-09,0.069274988373120627,1.0037649644800695e-06,-194.13455200195312,-0.0012055233819410205,-0.00016217261418205453,1.7255210593702941e-06,-3.7498239180422388e-06,-0.013942720492195804,-574.27237606048584,-0.017272202367166756,-36231.603439409613,-0.014104893106377858,35657.33106507465,-0.017275952191084798,286.0590036743593,0,0,1.890909,1.9330069999999999
277,4.6333335749804974,0,0,600,600,600,-4.7138830616688665e-09,-3.9658498707240142e-09,0.069274988373120627,0,0,0,-1.3228353168415197e-05,-7.9316997414480284e-07,8.5213753209245624e-05,-0.013942720492195804,-574.27237606048584,-0.017272202367166756,-36264.303442513774,-0.013955948845364219,35690.031065660121,-0.01718698861395751,286.05900367432184,0,0,0,0.022446000000000001
278,4.6500002425163984,1,0.033333335071802139,600,600,600,-4.5909609447392086e-09,7.3753376739205123e-09,0.069274988571802781,1.0031237707153196e-06,-193.17195129394531,-0.0076211243867874146,4.0422128222417086e-05,1.4750675347841025e-06,-0.0001544158294564113,-0.014164264384817216,-577.22145128250122,-0.0096320811499026604,-36493.203464242899,-0.014123842256594799,35915.982014435467,-0.0097864969793590717,290.04075719333548,0,0,1.585855,1.6285780000000001
279,4.6666669100522995,0,0,600,600,600,-4.6049697388639288e-09,-8.4052764748321351e-10,0.069274988571802781,0,0,0,2.1666002680831298e-05,-1.681055294966427e-07,2.871761353162583e-05,-0.014164264384817216,-577.22145128250122,-0.0096320811499026604,-36525.90346734706,-0.014142598382136384,35948.682015896455,-0.0096033635363710346,290.04075719327625,0,0,0,0.027087
280,4.6833335775882006,1,0.033333335071802139,600,600,600,-4.3476990896351708e-09,1.5436228295584442e-08,0.069274987975756333,-0.02321239747107029,-198.87176513671875,2.4061680505838012e-06,-7.4310275977040874e-05,3.0872456591168884e-06,-3.3281628475378966e-05,0.0097095781529787928,-574.43059730529785,-0.0097023976941272849,-36754.803489076177,0.0096352678770017519,36180.372894858127,-0.0097356793226026639,282.14063469496739,0,0,1.6844680000000001,1.7285839999999999
281,4.7000002451241016,0,0,600,600,600,-4.7517980661382353e-09,-2.4245931484756511e-08,0.069274987975756333,0,0,0,3.1294308655560599e-05,-4.8491862969513022e-06,4.4428327328205341e-05,0.0097095781529787928,-574.43059730529785,-0.0097023976941272849,-36787.503492180338,0.0097408724616343534,36213.072890025855,-0.0096579693667990796,282.14063469495858,0,0,0,0.026058000000000001
282,4.7166669126600027,1,0.033333335071802139,600,600,600,-4.8929513773998679e-09,-8.4692075574821502e-09,0.069274987777074179,-0.0020879483781754971,-198.84735107421875,2.4544101506762672e-06,-7.2344681711911107e-05,-1.69384151149643e-06,-2.6563657229417004e-05,0.011797225059126504,-571.59851884841919,-0.0097994428870151751,-37016.403513909463,0.011724880377414593,36444.804993367201,-0.0098260065442445921,279.87312314609812,0,0,1.606042,1.653554
283,4.7333335801959038,0,0,600,600,600,-4.9241903887775607e-09,-1.8743451235536668e-09,0.069274987777074179,0,0,0,3.5775045148511708e-05,-3.7486902471073336e-07,3.2215132250712486e-05,0.011797225059126504,-571.59851884841919,-0.0097994428870151751,-37049.103517013624,0.011833000104275015,36477.504997790333,-0.0097672277547644626,279.87312314608744,0,0,0,0.026037000000000001
284,4.7500002477318048,1,0.033333335071802139,600,600,600,-4.896591132563799e-09,1.6559553728257015e-09,0.069274988174438473,1.0515693702473072e-06,-198.57609558105469,2.447545739414636e-06,-7.5369086971477373e-06,3.311910745651403e-07,-1.0187477528234012e-06,0.011975939560443294,-569.04266548156738,-0.0094857974327169359,-37278.003538742742,0.011968402651746146,36708.960873592368,-0.0094868161804697593,277.74789822299243,0,0,1.5262309999999999,1.568127
285,4.7666669152677059,0,0,600,600,600,-4.893374594416855e-09,1.9298118658639396e-10,0.069274988174438473,0,0,0,0.00012892614904558286,3.8596237317278792e-08,6.0567117543541826e-06,0.011975939560443294,-569.04266548156738,-0.0094857974327169359,-37310.703541846902,0.012104865709488877,36741.660876403934,-0.0094797407209625817,277.74789822303393,0,0,0,0.026322999999999999
286,4.783333582803607,1,0.033333335071802139,600,600,600,-4.9171839933137562e-09,-1.428553275673039e-09,0.069274988373120627,1.085622329810576e-06,-198.04339599609375,2.4111111542879371e-06,-2.3125357984099537e-05,-2.857106551346078e-07,-2.9919044663984096e-05,0.01205149098768743,-567.02619934082031,-0.0093507928177132271,-37539.603563576027,0.01202836562970333,36972.577363949495,-0.0093807118623772112,275.85959935699441,0,0,1.9004760000000001,1.9437660000000001
287,4.8000002503395081,0,0,600,600,600,-4.9181791972330302e-09,-5.9712679245649269e-11,0.069274988373120627,0,0,0,1.4632746569986921e-05,-1.1942535849129854e-08,0.00014395425296243047,0.01205149098768743,-567.02619934082031,-0.0093507928177132271,-37572.303566680188,0.012066123734257417,37005.277367327428,-0.0092068385647507966,275.85959935704489,0,0,0,0.032217000000000003
288,4.8166669178754091,1,0.033333335071802139,600,600,600,-4.4758352579776783e-09,2.6540636355321112e-08,0.069274987777074179,1.0106978152180091e-06,-197.45960998535156,2.4128160021064105e-06,-5.7696075828062021e-05,5.3081272710642224e-06,-1.6560358062633895e-05,0.012104853492473922,-565.59609317779541,-0.0093385782283803564,-37801.203588409313,0.012047157416645859,37235.607500539641,-0.0093551385864429903,274.45805691160655,0,0,1.576632,1.619035
289,4.8333335854113102,0,0,600,600,600,-4.4523353892600426e-09,1.4099956757718246e-09,0.069274987777074179,0,0,0,3.8731116092094453e-05,2.8199913515436492e-07,2.3779409730195766e-05,0.012104853492473922,-565.59609317779541,-0.0093385782283803564,-37833.903591513466,0.012143584608566016,37268.307498617673,-0.0093147988186501607,274.45805691160189,0,0,0,0.025864999999999999
290,4.8500002529472113,1,0.033333335071802139,600,600,600,-4.39272129781898e-09,3.5768401573932351e-09,0.069274987777074179,9.8857719876832562e-07,-196.98287963867188,2.4179194042517338e-06,-9.5156735824275529e-06,7.1536803147864703e-07,-1.3343839100343757e-05,0.011994448630730403,-564.64326429367065,-0.0092544531980820466,-38062.803613242591,0.011984932957147976,37498.160349664286,-0.0092677970371823903,273.50760046193864,0,0,1.5866750000000001,1.6280079999999999
291,4.8666669204831123,0,0,600,600,600,-4.4330885629051409e-09,-2.4220363492588604e-09,0.069274987777074179,0,0,0,2.0199399841658305e-05,-4.8440726985177207e-07,0.00012695804798568133,0.011994448630730403,-564.64326429367065,-0.0092544531980820466,-38095.503616346752,0.012014648030572062,37530.860351568677,-0.0091274951500963653,273.50760046197877,0,0,0,0.025842
292,4.8833335880190134,1,0.033333335071802139,600,600,600,-4.4005097343813304e-09,1.9547208296444296e-09,0.069274987777074179,9.9394458175083855e-07,-196.64546203613281,2.404773113084957e-06,-1.0320593446522253e-05,3.9094416592888592e-07,-1.4196649544828688e-05,0.012197258132914612,-564.02790927886963,-0.0091415056240293779,-38324.403638075877,0.01218693753946809,37760.375729187952,-0.0091557022735742066,272.88941058701158,0,0,1.915367,1.957147
293,4.9000002555549145,0,0,600,600,600,-4.5094497025388591e-09,-6.5364034185222408e-09,0.069274987777074179,0,0,0,5.2654399951279629e-05,-1.3072806837044482e-06,5.2283871809777338e-05,0.012197258132914612,-564.02790927886963,-0.0091415056240293779,-38357.103641180038,0.012249912532865892,37793.07573059389,-0.0090892217522196006,272.88941058702426,0,0,0,0.026148999999999999
294,4.9166669230908155,1,0.033333335071802139,600,600,600,-4.3953125583584551e-09,6.848221545396882e-09,0.069274987578392025,9.6877283795038238e-07,-196.42193603515625,2.4428782126051374e-06,-1.0338942502130521e-05,1.3696443090793764e-06,-1.2874858157374547e-05,0.011937633895286126,-563.63611555099487,-0.0089573550076238462,-38586.003662909156,0.011927294952783996,38022.367548727801,-0.0089702298657812207,272.49465302384993,0,0,1.577078,1.6184559999999999
295,4.9333335906267166,0,0,600,600,600,-4.5925143687952641e-09,-1.1832104185316439e-08,0.069274987578392025,0,0,0,-3.417269454075722e-05,-2.3664208370632878e-06,0.00014384133919520536,0.011937633895286126,-563.63611555099487,-0.0089573550076238462,-38618.703666013316,0.011903461200745369,38055.067548095903,-0.0088135136684286408,272.49465302390684,0,0,0,0.026079999999999999
296,4.9500002581626177,1,0.033333335071802139,600,600,600,-4.4497858731062934e-09,8.5637026359108859e-09,0.069274987777074179,9.5680820777488407e-07,-196.27786254882812,2.5229567199858138e-06,-4.259198362888128e-05,1.7127405271821772e-06,-0.00011750227031370741,0.012345312640718475,-563.38826036453247,-0.0087027036397557822,-38847.603687742441,0.012302720657089594,38284.215429090647,-0.0088202059100694896,272.24460289495892,0,0,1.891788,1.934518
297,4.9666669256985188,0,0,600,600,600,-4.4687800127007904e-09,-1.1396368293503656e-09,0.069274987777074179,0,0,0,5.0677556373557309e-05,-2.2792736587007312e-07,5.2110181059106253e-05,0.012345312640718475,-563.38826036453247,-0.0087027036397557822,-38880.303690846602,0.012395990197092033,38316.915430254143,-0.008650593458696676,272.24460289493322,0,0,0,0.026164
298,4.9833335932344198,1,0.033333335071802139,600,600,600,-4.4475605420757347e-09,1.2731717902170203e-09,0.069274987578392025,9.2944480911683058e-07,-196.18620300292969,2.5231772724509938e-06,-0.00010391451041869004,2.5463435804340406e-07,-2.0462221073103137e-05,0.012371336910291575,-563.23197841644287,-0.0087184051153599285,-39109.20371257572,0.012267422399872885,38545.971734413914,-0.0087388673364330316,272.08685642685498,0,0,1.8496710000000001,1.894455
299,5.0000002607703209,0,0,600,600,600,-4.6233470385459441e-09,-1.0547188900034143e-08,0.069274987578392025,0,0,0,4.8554778686593636e-05,-2.1094377800068287e-06,2.9188100825194851e-05,0.012371336910291575,-563.23197841644287,-0.0087184051153599285,-39141.90371567988,0.012419891688978169,38578.671735153999,-0.0086892170145347336,272.08685642683253,0,0,0,0.026126
300,5.016666928306222,1,0.033333335071802139,600,600,600,-4.4663490683660712e-09,9.4198888689334126e-09,0.069274987379709885,1.0337838602936245e-06,-196.12832641601562,2.5040717446245253e-06,1.1690724477375625e-05,1.8839777737866825e-06,-5.9768228766188258e-05,0.012288202580748475,-563.13354730606079,-0.0088188113204523688,-39370.803737409005,0.012299893305225851,38807.670191986923,-0.0088785795492185571,271.98747432509219,0,0,1.5822620000000001,1.6240950000000001
301,5.033333595842123,0,0,600,600,600,-4.6850514578977709e-09,-1.3122142483723565e-08,0.069274987379709885,0,0,0,4.5264039272296941e-05,-2.6244284967447129e-06,5.6939973092084983e-05,0.012288202580748475,-563.13354730606079,-0.0088188113204523688,-39403.503740513166,0.012333466620020772,38840.370190582675,-0.0087618713473602838,271.98747432508389,0,0,0,0.026165000000000001
302,5.0500002633780241,1,0.033333335071802139,600,600,600,-4.6567909528505425e-09,1.6956249737631879e-09,0.069274987379709885,1.0531400675972691e-06,-196.09178161621094,2.4992466478579445e-06,-6.502009455289226e-05,3.3912499475263758e-07,-5.8988320006392314e-05,0.011929810116726003,-563.07166290283203,-0.0086977406895130116,-39632.403762242284,0.011864790022173111,39069.332099678577,-0.0087567290095194039,271.92498896230353,0,0,1.5813010000000001,1.622163
303,5.0666669309139252,0,0,600,600,600,-4.8810941954968712e-09,-1.3458182124281848e-08,0.069274987379709885,0,0,0,1.9820998886643793e-05,-2.6916364248563696e-06,4.2960294877048e-05,0.011929810116726003,-563.07166290283203,-0.0086977406895130116,-39665.103765346445,0.011949631115612647,39102.032099751974,-0.0086547803946359636,271.9249889622896,0,0,0,0.026155999999999999
304,5.0833335984498262,1,0.033333335071802139,600,600,600,-4.9553117165146432e-09,-4.4530423792821239e-09,0.069274987379709885,1.0192535455644247e-06,-196.06886291503906,2.5446790914429585e-06,1.384804590998101e-05,-8.9060847585642477e-07,-7.781239332871337e-05,0.011644322674328578,-563.03271913528442,-0.0086076501611387357,-39894.00378707557,0.011658170720238559,39330.971067049679,-0.0086854625544674491,271.88566267421629,0,0,1.581893,1.6227149999999999
305,5.1000002659857273,0,0,600,600,600,-5.1544501999956083e-09,-1.1948313449750003e-08,0.069274987379709885,0,0,0,-4.5164711082179565e-06,-2.3896626899500006e-06,0.00014745119187864475,0.011644322674328578,-563.03271913528442,-0.0086076501611387357,-39926.70379017973,0.01163980620322036,39363.671068654781,-0.008460198969260091,271.88566267423874,0,0,0,0.026016999999999998
306,5.1166669335216284,1,0.033333335071802139,600,600,600,-4.8019921372599583e-09,2.1147481987782157e-08,0.069274986982345577,9.6687563200248405e-07,-196.05436706542969,2.5932758944691159e-06,-5.7942384046327788e-05,4.2294963975564315e-06,-3.8897587728570215e-05,0.01159104050748283,-563.00824499130249,-0.0083609241428348469,-40155.603811908848,0.011533098123436503,39592.595571147045,-0.0083998217305634171,271.86094525263684,0,0,1.8820809999999999,1.9239200000000001
307,5.1333336010575294,0,0,600,600,600,-4.8414037223665218e-09,-2.3646835600743543e-09,0.069274986982345577,0,0,0,7.9848143741401145e-05,-4.7293671201487086e-07,2.0712855075544212e-05,0.01159104050748283,-563.00824499130249,-0.0083609241428348469,-40188.303815013009,0.011670888651224232,39625.295569548769,-0.0083402112877593026,271.86094525262797,0,0,0,0.026189
308,5.1500002685934305,1,0.033333335071802139,600,600,600,-4.5926418223984911e-09,1.4925717550795525e-08,0.069274987379709885,9.3385966692949296e-07,-195.21485900878906,2.5769309104362037e-06,-0.00015858456663409015,2.9851435101591051e-06,-9.3217522589839064e-07,0.011990027485353494,-563.8441743850708,-0.0082921288176294183,-40417.203836742134,0.011831442918719404,39853.359665342206,-0.0082930609928553167,272.75837380717661,0,0,1.58527,1.6278410000000001
309,5.1666669361293316,0,0,600,600,600,-4.5872519116585408e-09,3.233919798617535e-10,0.069274987379709885,0,0,0,4.3240112290732213e-05,6.46783959723507e-08,5.6839769513317151e-05,0.011990027485353494,-563.8441743850708,-0.0082921288176294183,-40449.903839846294,0.012033267597644226,39886.0596655259,-0.0082352890481161012,272.75837380712596,0,0,0,0.026123
310,5.1833336036652327,1,0.033333335071802139,600,600,600,-4.733512692922659e-09,-8.7756575339881238e-09,0.069274986982345577,9.3772979425921221e-07,-194.97708129882812,2.5563249437254854e-06,-0.00015825262380531058,-1.7551315067976248e-06,-2.4117298380588181e-06,0.012231314633936563,-564.93232345581055,-0.0086028921177785378,-40678.803861575419,0.012073062010131252,40113.871536364481,-0.0086053038476165966,273.97536340620508,0,0,1.5711440000000001,1.6127199999999999
311,5.2000002712011337,0,0,600,600,600,-4.9052459871745668e-09,-1.0303996766936052e-08,0.069274986982345577,0,0,0,7.2470686518499861e-05,-2.0607993533872104e-06,4.6645220663776854e-05,0.012231314633936563,-564.93232345581055,-0.0086028921177785378,-40711.503864679573,0.012303785320455063,40146.571539162964,-0.0085562468971147609,273.97536340616466,0,0,0,0.026081
312,5.2166669387370348,1,0.033333335071802139,600,600,600,-5.1107855725263107e-09,-1.2332371568390954e-08,0.069274987777074179,8.9361026311962632e-07,-194.6905517578125,0.0029992542695254087,-5.8927793133989326e-05,-2.4664743136781908e-06,-3.4379047519905725e-05,0.012315464172388602,-566.31854820251465,-0.011397749826755899,-40940.403886408698,0.012256536379254612,40374.085335739706,-0.011432128874275804,275.53181429402861,0,0,1.5296050000000001,1.5676270000000001
313,5.2333336062729359,0,0,600,600,600,-5.2226849511782802e-09,-6.7139751536160475e-09,0.069274987777074179,0,0,0,4.5319052333070431e-05,-1.3427950307232095e-06,2.2849962988402694e-05,0.012315464172388602,-566.31854820251465,-0.011397749826755899,-40973.103889512859,0.012360783224721672,40406.785339967551,-0.011374899863767496,275.53181429400956,0,0,0,0.025829000000000001
314,5.2500002738088369,1,0.033333335071802139,600,600,600,-5.0295430042979206e-09,1.1588515036464742e-08,0.069274986982345577,8.3664644989767112e-07,-195.2666015625,2.6696357053879183e-06,-0.00016008939383027609,2.3177030072929483e-06,-2.5128315428446513e-06,0.012480827861509169,-567.13418292999268,-0.011256545109972649,-41202.003911241984,0.012320738467678893,40634.869730629696,-0.011259057941515493,276.44121887642723,0,0,1.8727640000000001,1.9143300000000001
315,5.266666941344738,0,0,600,600,600,-5.0862656308936494e-09,-3.4033647011710855e-09,0.069274986982345577,0,0,0,1.8284495695297664e-05,-6.8067294023421709e-07,2.9070861273794435e-05,0.012480827861509169,-567.13418292999268,-0.011256545109972649,-41234.703914346144,0.012499112357204467,40667.569730735479,-0.011227474248698854,276.44121887636618,0,0,0,0.033027000000000001
316,5.2833336088806391,1,0.033333335071802139,600,600,600,-5.1039314996614848e-09,-1.0599592314974871e-09,0.069274986982345577,8.8154956756625324e-07,-195.35804748535156,2.7603432499745395e-06,-0.00015930841072986368,-2.1199184629949741e-07,-2.8533690965559799e-06,0.012559990982481395,-567.86260747909546,-0.011390769103854836,-41463.603936075262,0.012400682571751531,40895.741328384174,-0.011393622472951392,277.2614747482603,0,0,1.85121,1.8940129999999999
317,5.3000002764165401,0,0,600,600,600,-5.3451123527281652e-09,-1.4470840525859785e-08,0.069274986982345577,0,0,0,1.6694565374564263e-05,-2.894168105171957e-06,4.8399198249171604e-05,0.012559990982481395,-567.86260747909546,-0.011390769103854836,-41496.303939179423,0.012576685547855959,40928.441328806162,-0.011342369905605665,277.2614747482038,0,0,0,0.026338
318,5.3166669439524412,1,0.033333335071802139,600,600,600,-5.0618900182541893e-09,1.6993336515724877e-08,0.069274986982345577,8.5840690644545248e-07,-195.48381042480469,2.7917296847590478e-06,-6.6444880530980299e-05,3.3986673031449754e-06,-4.6047011892369483e-05,0.012881227223715541,-568.46835565567017,-0.011502410611456071,-41725.203960908548,0.012814782343184561,41156.735608651543,-0.01154845762334844,277.94162404017908,0,0,1.8474520000000001,1.8914610000000001
319,5.3333336114883423,0,0,600,600,600,-5.3124922239078387e-09,-1.5036132339218966e-08,0.069274986982345577,0,0,0,4.4380658437148668e-05,-3.0072264678437932e-06,5.9255626183585264e-05,0.012881227223715541,-568.46835565567017,-0.011502410611456071,-41757.903964012708,0.01292560788215269,41189.435605349812,-0.011443154985272486,277.94162404016805,0,0,0,0.026098
320,5.3500002790242434,1,0.033333335071802139,600,600,600,-5.546286541147083e-09,-1.4027655481640977e-08,0.069274986982345577,8.2421337310734089e-07,-195.60910034179688,2.8691258648905205e-06,-5.6340570608881535e-05,-2.8055310963281954e-06,-7.073682581903995e-05,0.012995898280678375,-568.95110177993774,-0.011763039534343989,-41986.803985741826,0.012939557710069494,41417.852881156359,-0.011833776360163029,278.48148841770995,0,0,1.5868420000000001,1.6285130000000001
321,5.3666669465601444,0,0,600,600,600,-5.7586921897723187e-09,-1.2744336252978883e-08,0.069274986982345577,0,0,0,6.4128130361496005e-06,-2.5488672505957766e-06,0.00015942331401674892,0.012995898280678375,-568.95110177993774,-0.011763039534343989,-42019.503988845987,0.013002311093714525,41450.552884517179,-0.01160361622032724,278.48148841774605,0,0,0,0.026117999999999999
322,5.3833336140960455,1,0.033333335071802139,600,600,600,-5.625808707776514e-09,7.9729964852504054e-09,0.069274986783663436,8.4043921333432081e-07,-195.71896362304688,2.9232012366264826e-06,-5.1747861107287463e-05,1.5945992970500811e-06,-1.8125365386367775e-05,0.012701279013526801,-569.32558822631836,-0.011975724655712838,-42248.404010575112,0.012649531152419513,41679.078423943392,-0.011993850021099206,278.89861206931835,0,0,1.5775330000000001,1.618528
323,5.4000002816319466,0,0,600,600,600,-5.7766973426964796e-09,-9.0533305296958133e-09,0.069274986783663436,0,0,0,4.5414378746500006e-05,-1.8106661059391627e-06,5.6963074257510016e-05,0.012701279013526801,-569.32558822631836,-0.011975724655712838,-42281.104013679273,0.012746693392273301,41711.778423642289,-0.011918761581455328,278.89861206932466,0,0,0,0.026075999999999998
324,5.4166669491678476,1,0.033333335071802139,600,600,600,-5.728252538972356e-09,2.9066917761610966e-09,0.069274986783663436,8.4534076449926943e-07,-195.80952453613281,2.947089342342224e-06,-3.748273229575716e-05,5.8133835523221933e-07,-2.4211055915657198e-05,0.012830377921090985,-569.61059331893921,-0.01210519915457553,-42510.00403540839,0.012792895188795228,41940.393442670793,-0.012129410210491187,279.21492088013457,0,0,1.555247,1.5966039999999999
325,5.4333336167037487,0,0,600,600,600,-5.9032330135266875e-09,-1.0498825808724632e-08,0.069274986783663436,0,0,0,5.1954049240521272e-05,-2.0997651617449264e-06,6.7194287112215534e-05,0.012830377921090985,-569.61059331893921,-0.01210519915457553,-42542.704038512551,0.012882331970331506,41973.093443093843,-0.012038004867463314,279.21492088015685,0,0,0,0.025968999999999999
326,5.4500002842396498,1,0.033333335071802139,600,600,600,-5.550415238531059e-09,2.1169054065239834e-08,0.069274986386299128,8.7079928334787837e-07,-194.998779296875,2.971778030769201e-06,-0.00017137659824584262,4.2338108130479668e-06,-8.6548425315413624e-06,0.012763011034621741,-570.71212482452393,-0.01211379926007794,-42771.604060241676,0.012591634436375898,42200.891939650966,-0.012122454102609481,280.4252013952011,0,0,1.945003,1.9880119999999999
327,5.4666669517755508,0,0,600,600,600,-5.8393077040364005e-09,-1.7333537272179456e-08,0.069274986386299128,0,0,0,2.3496477297157981e-05,-3.4667074544358911e-06,0.00013569004977398436,0.012763011034621741,-570.71212482452393,-0.01211379926007794,-42804.304063345837,0.012786507511918899,42233.591935054603,-0.011978109210303955,280.42520139517831,0,0,0,0.064248
328,5.4833336193114519,1,0.033333335071802139,600,600,600,-5.7301670075560196e-09,6.5484435651796957e-09,0.069274986386299128,8.2717281202349113e-07,-194.27984619140625,-0.007058240007609129,-0.00016330227481375914,1.3096887130359391e-06,-2.4293171918543521e-06,0.012861258584962343,-572.55406284332275,-0.0048241876743304601,-43033.204085074954,0.012697956310148584,42460.650023541319,-0.0048266169915223145,282.53822143052508,0,0,1.607186,1.6499079999999999
329,5.500000286847353,0,0,600,600,600,-6.0179923266900914e-09,-1.7269512042616952e-08,0.069274986386299128,0,0,0,-2.0434390535228886e-05,-3.4539024085233905e-06,7.9944766184780747e-05,0.012861258584962343,-572.55406284332275,-0.0048241876743304601,-43065.904088179115,0.012840824194427114,42493.350021881888,-0.0047442429081456794,282.53822143048308,0,0,0,0.026067
330,5.5166669543832541,1,0.033333335071802139,600,600,600,-5.9362563753495579e-09,4.9041517513614963e-09,0.069274986982345577,8.038807095545053e-07,-199.29682922363281,3.0483220143651124e-06,-2.3394358095174539e-05,9.8083035027229926e-07,1.3415436228569888e-05,0.01304564882775594,-569.2918643951416,-0.0050141299707320286,-43294.80410990824,0.013022254469660766,42725.512246493927,-0.0050007145345034587,277.79538771598919,0,0,1.5930930000000001,1.6345179999999999
331,5.5333336219191551,0,0,600,600,600,-6.0997527029371668e-09,-9.8097867606838918e-09,0.069274986982345577,0,0,0,8.0810229974304093e-05,-1.9619573521367784e-06,2.0434310954442481e-05,0.01304564882775594,-569.2918643951416,-0.0050141299707320286,-43327.504113012401,0.013126459057730244,42758.212246655305,-0.0049936956597775861,277.79538771600471,0,0,0,0.026051000000000001
332,5.5500002894550562,1,0.033333335071802139,600,600,600,-6.2773022335704809e-09,-1.0652982496139884e-08,0.069274986982345577,8.1410803431936074e-07,-198.14964294433594,3.0565345241484465e-06,-4.1250120830227388e-05,-2.1305964992279769e-06,-4.6636694150947733e-05,0.013274345080844796,-567.16814613342285,-0.0054183046540856594,-43556.404134741526,0.013233094960014569,42989.235986477506,-0.0054649413482366072,275.8941828317528,0,0,1.9227860000000001,1.964364
333,5.5666669569909573,0,0,600,600,600,-6.3680887230077587e-09,-5.4471938071287695e-09,0.069274986982345577,0,0,0,-4.1967950892285444e-06,-1.0894387614257539e-06,0.00018231332887808094,0.013274345080844796,-567.16814613342285,-0.0054183046540856594,-43589.104137845679,0.013270148285755567,43021.93599062282,-0.0052359913252075785,275.89418283182596,0,0,0,0.026027999999999999
334,5.5833336245268583,1,0.033333335071802139,600,600,600,-6.4951115597011722e-09,-7.6213702016048046e-09,0.069274986982345577,8.5506729874396115e-07,-197.45025634765625,3.077698693232378e-06,-3.3949726230275701e-05,-1.5242740403209609e-06,-1.741739765748207e-05,0.01300396569968143,-565.74579763412476,-0.0053378465818241239,-43818.004159574804,0.012970015973451154,43252.258360416403,-0.0053552639794816059,274.57036795199912,0,0,1.5907439999999999,1.6318349999999999
335,5.6000002920627594,0,0,600,600,600,-6.6824670241771855e-09,-1.1241317210419766e-08,0.069274986982345577,0,0,0,1.5470529035610525e-05,-2.2482634420839531e-06,7.4725187459989684e-05,0.01300396569968143,-565.74579763412476,-0.0053378465818241239,-43850.704162678965,0.013019436228717041,43284.958362796577,-0.0052631213943641342,274.57036795202328,0,0,0,0.025908
336,5.6166669595986605,1,0.033333335071802139,600,600,600,-6.7069851894530075e-09,-1.4710863638356386e-09,0.069274984300136566,8.6583276015517185e-07,-197.00338745117188,3.1341360227088444e-06,-9.8110535873274785e-05,-2.9421727276712772e-07,-2.2318192804959835e-05,0.012970620424312074,-564.77170372009277,-0.005077797495687264,-44079.60418440809,0.012872509888438799,43514.832480393779,-0.0051001156884922239,273.62529038100149,0,0,1.8241620000000001,1.8676919999999999
337,5.6333336271345615,0,0,600,600,600,-6.8669998576353919e-09,-9.6008756500509662e-09,0.069274984300136566,0,0,0,3.6947400872122671e-05,-1.9201751300101932e-06,5.2700130481753149e-05,0.012970620424312074,-564.77170372009277,-0.005077797495687264,-44112.304187512251,0.013007567825184196,43547.532481871982,-0.0050250973652055109,273.62529038098859,0,0,0,0.026282
338,5.6500002946704626,1,0.033333335071802139,600,600,600,-7.0690924225402796e-09,-1.2125564552434298e-08,0.069274984300136566,8.5297500618253252e-07,-196.68020629882812,3.1563224638375686e-06,-0.0001536004560875881,-2.4251129104868596e-06,-8.0850441008806229e-06,0.01316650991611823,-564.12134122848511,-0.0050489999071032798,-44341.204209241369,0.013012909460030642,43777.08286558777,-0.0050570849512041605,272.98018929073561,0,0,1.473428,1.5155650000000001
339,5.6666669622063637,0,0,600,600,600,-7.1968910830833011e-09,-7.6679125271539306e-09,0.069274984300136566,0,0,0,7.7857919222878991e-05,-1.5335825054307861e-06,2.5198733055731282e-05,0.01316650991611823,-564.12134122848511,-0.0050489999071032798,-44373.904212345529,0.013244367835341109,43809.782869583461,-0.0050238011740475486,272.9801892906936,0,0,0,0.024615000000000001
340,5.6833336297422647,1,0.033333335071802139,600,600,600,-7.2751382695912525e-09,-4.6948294141202496e-09,0.069274984101454412,8.685386774232029e-07,-195.54899597167969,3.1518152354692575e-06,-0.0001712618882265815,-9.3896588282404991e-07,-6.9361476562335156e-06,0.013217705417446268,-564.61963939666748,-0.0049322720128657238,-44602.804234074654,0.013046443529219687,44038.184593739024,-0.0049392081605219573,273.56181935063807,0,0,1.6732279999999999,1.7124980000000001
341,5.7000002972781658,0,0,600,600,600,-7.3789570009807903e-09,-6.2291301006212052e-09,0.069274984101454412,0,0,0,4.5309326424103347e-05,-1.245826020124241e-06,4.4853197778138565e-05,0.013217705417446268,-564.61963939666748,-0.0049322720128657238,-44635.504237178815,0.013263014743870372,44070.884596536322,-0.0048874188150875852,273.56181935057435,0,0,0,0.022938
342,5.7166669648140669,1,0.033333335071802139,600,600,600,-7.2608274948038343e-09,7.087777476044721e-09,0.069274984101454412,9.5725931714696344e-07,-195.20770263671875,3.1961690183379687e-06,-0.00017321639234069153,1.4175554952089442e-06,-8.1380562733102124e-06,0.013591139219897741,-565.47019958496094,-0.004949276285515225,-44864.404258907933,0.013417922827557049,44298.934060740525,-0.0049574143417885352,274.55640112530034,0,0,1.5558650000000001,1.59788
343,5.733333632349968,0,0,600,600,600,-7.4062027621835114e-09,-8.7225124900669471e-09,0.069274984101454412,0,0,0,4.1289570162916789e-05,-1.7445024980133894e-06,5.9155854614800774e-05,0.013591139219897741,-565.47019958496094,-0.004949276285515225,-44897.104262012093,0.013632428790060658,44331.634060682627,-0.0048901204309004243,274.55640112523855,0,0,0,0.025499999999999998
344,5.750000299885869,1,0.033333335071802139,600,600,600,-7.5386177300629242e-09,-7.9449087309058086e-09,0.069274984101454412,1.0256517271045595e-06,-195.16090393066406,3.2958114388748072e-06,-0.00016779054021753836,-1.5889817461811617e-06,-4.3108684621984139e-06,0.013714708905979478,-566.37463808059692,-0.0050488452102399606,-45126.004283741218,0.01354691836576194,44559.62964407164,-0.005053156078702159,275.60725058073609,0,0,1.463962,1.5063960000000001
345,5.7666669674217701,0,0,600,600,600,-7.7374746609848444e-09,-1.1931402532638913e-08,0.069274984101454412,0,0,0,4.2570459868329635e-05,-2.3862805065277826e-06,6.4906447505563847e-05,0.013714708905979478,-566.37463808059692,-0.0050488452102399606,-45158.704286845379,0.013757279365847808,44592.329646378501,-0.0049839387627343967,275.60725058068863,0,0,0,0.032729000000000001
346,5.7833336349576712,1,0.033333335071802139,600,600,600,-7.8357098587389373e-09,-5.8941331815276499e-09,0.069274984200795489,9.5810662514850264e-07,-197.38737487792969,3.386128355487017e-06,-0.00014822936691416544,-1.17882663630553e-06,-6.9012003223178908e-06,0.01372699977684988,-565.03568077087402,-0.0050521486789421033,-45387.604308574497,0.013578770409935714,44822.568626624794,-0.0050590498792644212,273.80370615569194,0,0,1.5197929999999999,1.561207
347,5.8000003024935722,0,0,600,600,600,-7.8584401208559029e-09,-1.3638201679100348e-09,0.069274984200795489,0,0,0,-1.8954040115204407e-06,-2.7276403358200696e-07,5.6018888017206336e-05,0.01372699977684988,-565.03568077087402,-0.0050521486789421033,-45420.304311678658,0.013725104372838359,44855.268630635022,-0.004996129790924897,273.80370615564595,0,0,0,0.025141
348,5.8166669700294733,1,0.033333335071802139,600,600,600,-7.9963973220742446e-09,-8.2774178622457839e-09,0.069274984300136566,9.3883767249280936e-07,-196.72555541992188,3.3811379580583889e-06,-7.4856569654002669e-05,-1.6554835724491568e-06,-5.5026373502187198e-05,0.013741990120252012,-564.33850431442261,-0.0047952935221928783,-45649.204333407783,0.01366713355059801,45084.865827437876,-0.0048503198956950655,273.16119367610196,0,0,1.8972659999999999,1.939783
349,5.8333336375653744,0,0,600,600,600,-8.091698866508068e-09,-5.7180935542078259e-09,0.069274984300136566,0,0,0,5.3584102488457575e-05,-1.1436187108415652e-06,5.3935366395307938e-05,0.013741990120252012,-564.33850431442261,-0.0047952935221928783,-45681.904336511943,0.01379557422274047,45117.5658310539,-0.0047413581557975704,273.16119367608394,0,0,0,0.026155999999999999
350,5.8500003051012754,1,0.033333335071802139,600,600,600,-7.8536253056427086e-09,1.4284424310062604e-08,0.069274984300136566,1.0154474239243427e-06,-196.504638671875,3.4471809158276301e-06,-5.6683165894355625e-05,2.8568848620125209e-06,-7.2354521307715913e-05,0.013569328194989794,-563.86317110061646,-0.0046295519096020143,-45910.804358241061,0.013512645029095438,45346.941189997327,-0.0047019064309097303,272.70961395016781,0,0,1.5595570000000001,1.602136
351,5.8666669726371765,0,0,600,600,600,-7.9898114790921682e-09,-8.1711810651086125e-09,0.069274984300136566,0,0,0,3.8457460505014751e-05,-1.6342362130217225e-06,0.00012624752798728878,0.013569328194989794,-563.86317110061646,-0.0046295519096020143,-45943.504361345222,0.013607785655494808,45379.641188610367,-0.0045033043816147256,272.7096139501835,0,0,0,0.026287999999999999
352,5.8833336401730776,1,0.033333335071802139,600,600,600,-7.8373387779606674e-09,9.1483798314584419e-09,0.069274984300136566,9.8650252766674384e-07,-196.34884643554688,3.4817887808458181e-06,-1.3416172350844136e-05,1.8296759662916884e-06,2.4909411422413541e-06,0.013477393598805065,-563.54403734207153,-0.0044881889494945426,-46172.404383074347,0.013463977426454221,45608.860347561953,-0.0044856980083523013,272.3973401674051,0,0,1.852098,1.894234
353,5.9000003077089787,0,0,600,600,600,-7.9628339477721966e-09,-7.5297066359780729e-09,0.069274984300136566,0,0,0,0.00012604325547727058,-1.5059413271956146e-06,4.1314024201710708e-06,0.013477393598805065,-563.54403734207153,-0.0044881889494945426,-46205.104386178507,0.013603436854282336,45641.560347330495,-0.0044840575470743715,272.39734016744444,0,0,0,0.026141000000000001
354,5.9166669752448797,1,0.033333335071802139,600,600,600,-7.7298683009985325e-09,1.3977921042851449e-08,0.069274984300136566,0.0021686952095478773,-196.23942565917969,3.4511481317167636e-06,-0.00010209480478806654,2.7955842085702898e-06,-1.3266719633975299e-05,0.011190769621862273,-563.33444261550903,-0.0045194460672064452,-46434.004407907632,0.011088674817074207,45870.669968087706,-0.0045327127868404204,272.18886737798834,0,0,1.56019,1.601483
355,5.9333336427807808,0,0,600,600,600,-7.9512645356771827e-09,-1.3283766975291655e-08,0.069274984300136566,0,0,0,1.3227591466602462e-05,-2.6567533950583311e-06,2.8932737450304558e-05,0.011190769621862273,-563.33444261550903,-0.0045194460672064452,-46466.704411011793,0.011203997213328876,45903.369965739534,-0.0044905133297561406,272.18886737796487,0,0,0,0.026078
356,5.9500003103166819,1,0.033333335071802139,600,600,600,-7.9076416525936111e-09,2.6173587741595838e-09,0.069274984200795489,8.0628058185538976e-07,-196.16497802734375,3.4591246276249876e-06,-3.9522342376585584e-05,5.2347175483191677e-07,-1.565995262353681e-05,0.010781088574276509,-563.19933080673218,-0.0046826057673570176,-46695.604432740911,0.010741566231899924,46132.405102457647,-0.0046982657199805544,272.05340004261251,0,0,1.57429,1.61538
357,5.9666669778525829,0,0,600,600,600,-7.9464363977876928e-09,-2.3277006988564608e-09,0.069274984200795489,0,0,0,6.6420079747331329e-05,-4.6554013977129216e-07,7.8300786299223546e-05,0.010781088574276509,-563.19933080673218,-0.0046826057673570176,-46728.304435845072,0.010847508654023841,46165.105104572802,-0.0046043049810577941,272.05340004264184,0,0,0,0.025944999999999999
358,5.983333645388484,1,0.033333335071802139,600,600,600,-7.8484188037464264e-09,5.8810520897623064e-09,0.069274984200795489,7.8207574460975593e-07,-196.11581420898438,3.4198362754978007e-06,-8.0477468600292923e-05,1.1762104179524613e-06,-2.5719737095641904e-05,0.010624019449096522,-563.11327266693115,-0.0047603869891190698,-46957.204457574197,0.010543541980496229,46394.091186083475,-0.0047861067262147117,271.96679203948048,0,0,1.7558180000000001,1.798934
359,6.0000003129243851,0,0,600,600,600,-7.8495068223105591e-09,-6.5277117045070554e-11,0.069274984200795489,0,0,0,4.8850120037968736e-05,-1.3055423409014111e-08,7.3823241564241471e-05,0.010624019449096522,-563.11327266693115,-0.0047603869891190698,-46989.904460678357,0.010672869569134491,46426.791187998373,-0.0046865637475548283,271.96679203949191,0,0,0,0.026143
