step,time,executed,fluid_dt,contained_mass,liquid_mass,retained_mass,tank_y,tank_vy,liquid_y,contained_Ix,contained_Iy,contained_Iz,body_Px,body_Py,body_Pz,liquid_Px,liquid_Py,liquid_Pz,gravity_Iy,residual_x,residual_y,residual_z,kinetic_J,hydro_Fy,drag_Fy,particle_ms,coupling_ms,batch_support_Ix,batch_support_Iy,batch_support_Iz
0,0.01666666753590107,1,0.01666666753590107,496.12503051757812,496.12503504753113,496.12503504753113,9.3213518501111814e-12,5.5928106590386051e-10,0.22318333488743308,0,0,0,-0.0013385720514360808,1.1185620635361065e-06,-2.2158472814198804e-05,5.5953191139018754e-05,-81.116472170068178,3.6876266012786374e-05,-408.11648197213259,-0.001282618860297062,327.00001092062649,1.471779319858757e-05,31.411477325679691,0,0,3.2175189999999998,3.2987000000000002,0,0,0
1,0.033333335071802139,0,0,496.12503051757812,496.12503504753113,496.12503504753113,4.8509499368798448e-12,-2.6822410958970977e-10,0.22318333488743308,0,0,0,-0.00038491916636167883,-5.3644818643721866e-07,0.00039634852978588132,5.5953191139018754e-05,-81.116472170068178,3.6876266012786374e-05,-735.11651301373558,-0.00032896597522266008,654.00004030721925,0.0004332247957986677,31.41147732530932,0,0,0,0.032124,0,0,0
2,0.050000002607703209,1,0.033333335071802139,496.12503051757812,496.12503504753113,496.12503504753113,2.6634477609532858e-11,1.3070116100522e-09,0.21268285291434144,1.2704957086384638e-09,-77.711082458496094,-4.9742596708313158e-09,-0.000239021076331088,2.6140230605570843e-06,0.0013272233772400263,5.650191298417484e-05,-165.63825414710908,3.6706879196657383e-05,-1224.3494459163976,-0.00018251916334691316,1058.7111943833115,0.0013639302564366837,44.335230551632776,0,0,2.6643129999999999,2.7181869999999999,0.00014221668243408203,404.71112060546875,0.00093489885330200195
3,0.066666670143604279,0,0,496.12503051757812,496.12503504753113,496.12503504753113,3.637842110881806e-11,5.8463656138485476e-10,0.21268285291434144,0,0,0,0.00028165599687634754,1.1692730514029418e-06,-0.00010901015246822868,5.650191298417484e-05,-165.63825414710908,3.6706879196657383e-05,-1551.3494769580007,0.00033815790986052238,1385.7112239801645,-7.2303273271571294e-05,44.335230551210458,0,0,0,0.039400999999999999,0,0,0
4,0.083333337679505348,1,0.033333335071802139,496.12503051757812,496.12503504753113,496.12503504753113,3.8102843796794517e-11,1.0346536127858741e-10,0.19934231671346292,6.0248983579924698e-09,-108.43304443359375,-3.0247742088818086e-09,-0.00089536058786813047,2.0693070992712583e-07,0.00016711795015899363,5.6663311964799679e-05,-219.4380672367127,3.6737504320427661e-05,-2040.5824098606627,-0.00083869727590333079,1821.1443428308808,0.00020385545447942129,77.609880894610086,0,0,2.7598590000000001,2.81073,-0.0011786520481109619,435.43313598632812,0.00027549266815185547
5,0.10000000521540642,0,0,496.12503051757812,496.12503504753113,496.12503504753113,3.0622226976362299e-11,-4.4883696759256964e-10,0.19934231671346292,0,0,0,0.0016631072534353322,-8.9767388039547038e-07,-0.00039380822597374909,5.6663311964799679e-05,-219.4380672367127,3.6737504320427661e-05,-2367.5824409022657,0.0017197705654001319,2148.1443727678793,-0.00035707072165332143,77.609880895142695,0,0,0,0.031645,0,0,0
6,0.11666667275130749,1,0.033333335071802139,496.12503051757812,496.12503504753113,496.12503504753113,3.1035531783407677e-11,2.4798336994980019e-11,0.18059341437151638,1.0662685845375108e-08,-76.141395568847656,3.3778596586486742e-10,-0.00030952015593216191,4.9596670962819292e-08,0.00013178385577806203,5.6532113970331199e-05,-305.52968567562363,5.0367330016065637e-05,-2856.8153738049277,-0.00025298804196183071,2551.2856881789007,0.00018215118579412767,141.38543787775544,0,0,3.4197060000000001,3.4898419999999999,-0.0019724667072296143,403.14138793945312,0.00052616000175476074
7,0.13333334028720856,0,0,496.12503051757812,496.12503504753113,496.12503504753113,3.299269885070899e-11,1.1743006567144221e-10,0.18059341437151638,0,0,0,0.0015735862638379394,2.348601170081596e-07,-0.00034991783333444826,5.6532113970331199e-05,-305.52968567562363,5.0367330016065637e-05,-3183.8154048465308,0.0016301183778082706,2878.2857194057674,-0.00029955050331838262,141.38543787835863,0,0,0,0.031966000000000001,0,0,0
8,0.15000000782310963,1,0.033333335071802139,496.12503051757812,496.12503504753113,496.12503504753113,5.9973720434314259e-11,1.618861378283043e-09,0.1598014535547114,2.6083379012220576e-08,-162.96728515625,-6.4700373947346179e-09,1.6537449510738481e-05,3.2377225589511716e-06,0.00067882832985978817,9.0091514466372757e-05,-304.79535638661173,-1.0041847054331754e-05,-3673.0483377491928,0.00010662896397711124,3368.2529846003035,0.00066878648280545641,178.61824175401449,0,0,2.7291370000000001,2.7795190000000001,-0.0015572309494018555,489.96734619140625,0.0010311603546142578
9,0.1666666753590107,0,0,496.12503051757812,496.12503504753113,496.12503504753113,6.2323139704556496e-11,1.4096523948126105e-10,0.1598014535547114,0,0,0,0.00059499708192599365,2.8193046175485127e-07,-0.00031482577821625307,9.0091514466372757e-05,-304.79535638661173,-1.0041847054331754e-05,-4000.0483687907958,0.00068508859639236641,3695.2530126861147,-0.00032486762527058483,178.61824175408313,0,0,0,0.031642000000000003,0,0,0
10,0.18333334289491177,1,0.033333335071802139,496.12503051757812,496.12503504753113,496.12503504753113,9.5484981033067129e-11,1.989710618488516e-09,0.1385494856303241,2.4102536855252765e-08,-141.21342468261719,-6.4460259352472349e-09,8.8562119339436699e-05,3.9794209940924351e-06,0.0017476387554033329,4.4666914438273864e-06,-325.81474111720433,-3.0574105890579517e-05,-4489.2813016934579,9.3028810783264086e-05,4163.4665645556743,0.0017170646495127534,224.69476505997096,0,0,2.565833,2.616584,-0.00050604343414306641,468.21347045898438,0.0020627975463867188
11,0.20000001043081284,0,0,496.12503051757812,496.12503504753113,496.12503504753113,1.1876044592185053e-10,1.3965275602600968e-09,0.1385494856303241,0,0,0,0.00026510359221829094,2.793054950045638e-06,-9.9740014599374732e-05,4.4666914438273864e-06,-325.81474111720433,-3.0574105890579517e-05,-4816.2813327350614,0.00026957028366211833,4490.466594410912,-0.00013031412048995425,224.69476505923311,0,0,0,0.031660000000000001,0,0,0
12,0.21666667796671391,1,0.033333335071802139,496.12503051757812,496.12503504753113,496.12503504753113,2.6284707743684521e-10,8.6451983349888906e-09,0.11808797154499559,1.6404765119659714e-05,-261.23797607421875,8.9645262050908059e-05,0.00014918248836104982,1.7290395614655719e-05,0.00092115959722106899,-4.3325567915530883e-06,-226.80973814093156,-7.6025121005685037e-05,-5305.5142656377238,0.00014484993156949674,5078.7045447871878,0.00084513447621538396,170.69522877080595,0,0,3.016705,3.068165,-0.0001316070556640625,588.23797607421875,0.00093185901641845703
13,0.23333334550261497,0,0,496.12503051757812,496.12503504753113,496.12503504753113,2.5972912709448792e-10,-1.8707657645222753e-10,0.11808797154499559,0,0,0,0.0016471282283083283,-3.7415313006795891e-07,-0.00038662799311517393,-4.3325567915530883e-06,-226.80973814093156,-7.6025121005685037e-05,-5632.5142966793264,0.0016427956715167752,5405.7045581642415,-0.00046265311412085897,170.69522877130163,0,0,0,0.031996999999999998,0,0,0
14,0.25000001303851604,1,0.033333335071802139,496.12503051757812,496.12503504753113,496.12503504753113,3.3146699274233526e-10,4.3042716058039332e-09,0.10306845017436411,-1.950192017829977e-05,-162.15325927734375,-4.205122240819037e-05,-0.0010484679293208538,8.6085426861840864e-06,0.00086053239988418198,-8.2012895431748944e-05,-226.88938819591797,-0.00011340109635682438,-6121.747229581988,-0.0011304808247526027,5894.8578499946125,0.0007471313035273576,154.71678389919586,0,0,2.856582,2.9088259999999999,-0.002683103084564209,489.15322875976562,0.0012964606285095215
15,0.26666668057441711,0,0,496.12503051757812,496.12503504753113,496.12503504753113,3.2760405499487888e-10,-2.3177681995889543e-10,0.10306845017436411,0,0,0,0.00027181219525936398,-4.6355361162472202e-07,-0.00010493297323416022,-8.2012895431748944e-05,-226.88938819591797,-0.00011340109635682438,-6448.7472606235915,0.00018979929982761504,6221.85787196412,-0.0002183340695909846,154.71678389874239,0,0,0,0.031968999999999997,0,0,0
16,0.28333334811031818,1,0.033333335071802139,496.12503051757812,496.12503504753113,496.12503504753113,5.0882426050335994e-10,1.0873211664375049e-08,0.090709391398494738,4.7429090045625344e-05,-236.38902282714844,0.00011968612670898438,-2.9763791391210952e-05,2.1746422001453752e-05,0.00037773933140701141,-0.00021371666803160494,-152.73326621772748,-0.000208486569184263,-6937.9801935262531,-0.00024348045942281589,6785.2469490549474,0.0001692527622227484,94.584252166593458,0,0,2.813415,2.875159,-0.00034832954406738281,563.3890380859375,0.00036573410034179688
17,0.30000001564621925,0,0,496.12503051757812,496.12503504753113,496.12503504753113,5.2522303173319074e-10,9.8392627378984798e-10,0.090709391398494738,0,0,0,4.1610403247953343e-05,1.9678524274715082e-06,-0.0013727645026622923,-0.00021371666803160494,-152.73326621772748,-0.000208486569184263,-7264.9802245678557,-0.0001721062647836516,7112.2469603179807,-0.0015812510718465553,94.584252167024346,0,0,0,0.031779000000000002,0,0,0
18,0.31666668318212032,1,0.033333335071802139,496.12503051757812,496.12503504753113,496.12503504753113,5.6745286247661397e-10,2.533790288694604e-09,0.084684797999810213,0.00015943081234581769,-242.86575317382812,0.00036093566450290382,-0.00044228642224757898,5.0675802680886356e-06,4.350895200574403e-05,-0.00030744584147424092,-72.100473032159158,-0.00060912259012324554,-7754.213157470519,-0.00074973226372181991,7682.1126895059406,-0.00056561363811750151,73.885491344296128,0,0,3.5920079999999999,3.6720269999999999,-0.00063979625701904297,569.86572265625,0.0010519027709960938
19,0.33333335071802139,0,0,496.12503051757812,496.12503504753113,496.12503504753113,6.0524468770140061e-10,2.2675099575764079e-09,0.084684797999810213,0,0,0,0.0005909270933839722,4.5350196383571668e-06,-0.00030805388003214175,-0.00030744584147424092,-72.100473032159158,-0.00060912259012324554,-8081.2131885121216,0.00028348125190973128,8009.1127200149822,-0.00091717647015538729,73.88549134438118,0,0,0,0.044746000000000001,0,0,0
20,0.35000001825392246,1,0.033333335071802139,496.12503051757812,496.12503504753113,496.12503504753113,6.3072780331907552e-10,1.5289873811497046e-09,0.080584753431430484,2.5178109353873879e-05,-170.60159301757812,-0.00013151786697562784,-0.00036782942089792769,3.0579745756554417e-06,0.00035209257714219865,-0.00032377674582573235,-63.731795153684764,-0.00058888494030151506,-8570.4461214147832,-0.00069160616672366004,8506.7143293190729,-0.00023679236315931641,44.865504587830841,0,0,3.077623,3.131704,-0.00097823143005371094,497.6015625,0.00078344345092773438
21,0.36666668578982353,0,0,496.12503051757812,496.12503504753113,496.12503504753113,6.1289939790043491e-10,-1.0697054353414615e-09,0.080584753431430484,0,0,0,3.8517211956017039e-05,-2.1394107401036461e-06,-0.0013674604435721244,-0.00032377674582573235,-63.731795153684764,-0.00058888494030151506,-8897.4461524563867,-0.00028525953386971531,8833.7143551632907,-0.0019563453838736394,44.865504588212872,0,0,0,0.032120999999999997,0,0,0
22,0.3833333533257246,1,0.033333335071802139,496.12503051757812,496.12503504753113,496.12503504753113,7.1162431503069001e-10,5.9234945837260966e-09,0.077450157833748118,-0.00018644555530045182,-188.85261535644531,-0.00014182180166244507,-0.0015549781170622543,1.1846988444369358e-05,0.00038017109271745383,-0.00025494431708983356,-37.112022957087746,-0.00046937413587816446,-9386.6790853590483,-0.0018099224341520878,9349.5670742489492,-8.9203043160710621e-05,22.559465710381087,0,0,3.0393080000000001,3.1213289999999998,-0.0014080405235290527,515.8526611328125,0.0018887519836425781
23,0.40000002086162567,0,0,496.12503051757812,496.12503504753113,496.12503504753113,7.021128678452726e-10,-5.7068771930346429e-10,0.077450157833748118,0,0,0,0.00031479161532360286,-1.1413753689429003e-06,-0.0001090087029611362,-0.00025494431708983356,-37.112022957087746,-0.00046937413587816446,-9713.6791164006518,5.9847298233769303e-05,9676.567092302188,-0.00057838283883930065,22.559465709782433,0,0,0,0.032051000000000003,0,0,0
24,0.41666668839752674,1,0.033333335071802139,496.12503051757812,496.12503504753113,496.12503504753113,8.2806933532353355e-10,7.5573867164280273e-09,0.075342290711646151,-0.0010413635754957795,-182.96536254882812,-0.0022184848785400391,-0.00022766349192967095,1.5114772510323496e-05,0.00040031739389192154,0.00079867525727506106,-16.379615700944914,0.0018066742169014494,-10202.912049303313,0.0005710117653453901,10186.53244871714,0.0022069916107933709,45.226579490037679,0,0,3.4157869999999999,3.4718089999999999,0.00049769878387451172,509.96533203125,0.0027295947074890137
25,0.43333335593342781,0,0,496.12503051757812,496.12503504753113,496.12503504753113,8.2773482512621399e-10,-2.007061183917358e-11,0.075342290711646151,0,0,0,4.6031570410262623e-05,-4.0141221228321301e-08,-0.0013796292545654454,0.00079867525727506106,-16.379615700944914,0.0018066742169014494,-10529.912080344917,0.00084470682768532368,10513.53246460383,0.00042704496233600397,45.2265794904609,0,0,0,0.032904000000000003,0,0,0
26,0.45000002346932888,1,0.033333335071802139,496.12503051757812,496.12503504753113,496.12503504753113,1.1255868459514318e-09,1.7871117918843993e-08,0.07559161265792487,0.0010225579608231783,-186.92247009277344,0.0022019147872924805,-0.0017920849629583305,3.5742233656155037e-05,0.00012105390794768869,-0.00022555998325435311,8.3097940809864088,-0.00042139113202168538,-11019.145013247578,-0.0020176449462126836,11027.454843070798,-0.00030033722407399668,24.398663668724115,0,0,3.537067,3.6113059999999999,-0.0028631687164306641,513.92230224609375,-0.00070238113403320312
27,0.46666669100522995,0,0,496.12503051757812,496.12503504753113,496.12503504753113,1.1443247460718453e-09,1.1242762276708618e-09,0.07559161265792487,0,0,0,0.00030011498653004579,2.2485523181009731e-06,-0.00011158237385810316,-0.00022555998325435311,8.3097940809864088,-0.00042139113202168538,-11346.145044289182,7.4555003275692672e-05,11354.45484061872,-0.00053297350587978853,24.398663667958921,0,0,0,0.031939000000000002,0,0,0
28,0.48333335854113102,1,0.033333335071802139,496.12503051757812,496.12503504753113,496.12503504753113,1.1445336900450798e-09,1.2536013893615916e-11,0.075735042112416939,0.047600757330656052,-151.51083374023438,-0.047159329056739807,-0.00037968394464754987,2.5072026256956699e-08,0.00014233372366847553,-0.047936933176399243,-2.4122964847630053,0.046694675599958518,-11835.377977191845,-0.04831661712104679,11832.965680732153,0.046837009323626992,12.999091156875249,0,0,3.0913810000000002,3.1440299999999999,-0.048283219337463379,478.51083374023438,0.047415077686309814
29,0.50000002607703209,0,0,496.12503051757812,496.12503504753113,496.12503504753113,1.1466231297774243e-09,1.2536682802988253e-10,0.075735042112416939,0,0,0,4.5062276491009134e-05,2.5073364075619718e-07,-0.0013793758466196307,-0.047936933176399243,-2.4122964847630053,0.046694675599958518,-12162.378008233447,-0.047891870899908234,12159.965711999417,0.045315299753338888,12.999091157306516,0,0,0,0.032010999999999998,0,0,0
30,0.51666669361293316,1,0.033333335071802139,496.12503051757812,496.12503504753113,496.12503504753113,1.3528813624930081e-09,1.2375490854310556e-08,0.074887937555710465,0.33847004175186157,-147.72482299804688,-0.33949452638626099,-0.0010253272022886922,2.4750980197941076e-05,0.00021610402813849149,-0.38657160755783637,-16.920322389947795,0.38609581563373124,-12651.610941136109,-0.38759693476012508,12634.690643497141,0.38631191966186973,11.498276343929101,0,0,3.7238359999999999,3.7785479999999998,-0.33953839540481567,474.7249755859375,0.34109079837799072
31,0.53333336114883423,0,0,496.12503051757812,496.12503504753113,496.12503504753113,1.366923685353072e-09,8.4253870547001952e-10,0.074887937555710465,0,0,0,0.00024734639137101444,1.685077308091076e-06,-8.1887174705702268e-05,-0.38657160755783637,-16.920322389947795,0.38609581563373124,-12978.610972177712,-0.38632426116646534,12961.690651472842,0.38601392845902555,11.498276343681793,0,0,0,0.033071000000000003,0,0,0
32,0.5500000286847353,1,0.033333335071802139,496.12503051757812,496.12503504753113,496.12503504753113,1.3690868438942516e-09,1.2978762509163744e-10,0.074129895516196073,0.24317051470279694,-176.64997863769531,-0.24561083316802979,-0.00031475065964281339,2.5957523434005892e-07,0.0003030672914169346,-0.62954859483805325,-2.5031393586342059,0.6315916751629379,-13467.843905080374,-0.62986334549769607,13465.340765981315,0.63189474245435484,10.642814199643889,0,0,3.0492460000000001,3.1278440000000001,-0.24373120069503784,503.65011596679688,0.24599510431289673
33,0.56666669622063637,0,0,496.12503051757812,496.12503504753113,496.12503504753113,1.4036954931739842e-09,2.0765169583825127e-09,0.074129895516196073,0,0,0,4.5953126497022545e-05,4.1530336632839514e-06,-0.0013808127344738935,-0.62954859483805325,-2.5031393586342059,0.6315916751629379,-13794.843936121977,-0.62950264171155623,13792.340800916376,0.63021086242846402,10.642814200072809,0,0,0,0.041778999999999997,0,0,0
34,0.58333336375653744,1,0.033333335071802139,496.12503051757812,496.12503504753113,496.12503504753113,1.4075863807860856e-09,2.3345275712571834e-10,0.074730810690291041,-2.6471965312957764,-174.44241333007812,2.6494948863983154,-9.3277031956207762e-05,4.6690548575378565e-07,0.00026411562523708139,2.0177742327365622,9.7064001525125949,-2.0179687687502845,-14284.07686902464,2.017680955704606,14293.783269644058,-2.0177046531250475,13.536465962727579,0,0,3.1652909999999999,3.2230810000000001,2.6470565795898438,501.44247436523438,-2.6478469371795654
35,0.60000003129243851,0,0,496.12503051757812,496.12503504753113,496.12503504753113,1.4223329181106692e-09,8.8479112925199388e-10,0.074730810690291041,0,0,0,3.2668251885907551e-05,1.7695821504972581e-06,-0.0013584162014360357,2.0177742327365622,9.7064001525125949,-2.0179687687502845,-14611.076900066244,2.0178069009884481,14620.783301988338,-2.0193271849517207,13.536465963169311,0,0,0,0.033183999999999998,0,0,0
36,0.61666669882833958,1,0.033333335071802139,496.12503051757812,496.12503504753113,496.12503504753113,1.5879936254847848e-09,9.9396393338224698e-09,0.074773483738607288,1.6253471374511719,-148.58851623535156,-1.6250969171524048,-0.00035639892060541738,1.987927745431006e-05,0.00027792323189613534,0.39254723301386829,-3.9380668998348849,-0.39285482890948875,-15100.309832968904,0.39219083409326289,15096.371785948346,-0.39257690567759262,7.7820900678878591,0,0,3.4819550000000001,3.5367410000000001,-1.6257343292236328,475.58843994140625,1.626732349395752
37,0.63333336636424065,0,0,496.12503051757812,496.12503504753113,496.12503504753113,1.577696417953689e-09,-6.1783222982114694e-10,0.074773483738607288,0,0,0,4.198659297101337e-05,-1.2356643842233205e-06,-0.001373576681381404,0.39254723301386829,-3.9380668998348849,-0.39285482890948875,-15427.309864010507,0.39258921960683929,15423.371795875008,-0.39422840559087013,7.7820900683070207,0,0,0,0.032153000000000001,0,0,0
38,0.65000003390014172,1,0.033333335071802139,496.12503051757812,496.12503504753113,496.12503504753113,1.5889172200189705e-09,6.7325089947445349e-10,0.074352686426469222,0.43713539838790894,-160.29505920410156,-0.4377768337726593,-0.00060942547552453666,1.3465017167649593e-06,0.00014807276278407198,-0.044602970971404921,-5.8759557265840989,0.04479800837685935,-15916.542796913169,-0.045212396446929454,15910.666842533086,0.044946081139643421,5.4403002486179064,0,0,3.1054919999999999,3.1620629999999998,-0.437785804271698,487.29501342773438,0.43929719924926758
39,0.66666670143604279,0,0,496.12503051757812,496.12503504753113,496.12503504753113,1.5811916220798139e-09,-4.6353787475084118e-10,0.074352686426469222,0,0,0,0.0016243153740961441,-9.2707569291746914e-07,-0.00037602487715539257,-0.044602970971404921,-5.8759557265840989,0.04479800837685935,-16243.542827954772,-0.042978655597308776,16237.666871301113,0.044421983499703957,5.44030024921428,0,0,0,0.032894,0,0,0
40,0.68333336897194386,1,0.033333335071802139,496.12503051757812,496.12503504753113,496.12503504753113,1.7170699306845449e-09,8.152700736729912e-09,0.074108152238487351,0.39069831371307373,-165.171630859375,-0.39060002565383911,-0.00090194731862660443,1.6305400478257097e-05,0.00022394830577566853,-0.43539065794656384,-2.9372098826566511,0.43534574593814052,-16732.775760857436,-0.43629260526519043,16729.838567280178,0.43556969424391617,4.0570334810497268,0,0,3.524956,3.6009699999999998,-0.39322638511657715,492.171630859375,0.39119970798492432
41,0.70000003650784492,0,0,496.12503051757812,496.12503504753113,496.12503504753113,1.6854991846670941e-09,-1.8942440949132333e-09,0.074108152238487351,0,0,0,0.00025371751505490897,-3.788487958595498e-06,-9.0022462207975384e-05,-0.43539065794656384,-2.9372098826566511,0.43534574593814052,-17059.775791899039,-0.43513694043150891,17056.838578227893,0.43525572347593255,4.0570334808437369,0,0,0,0.044477999999999997,0,0,0
42,0.71666670404374599,1,0.033333335071802139,496.12503051757812,496.12503504753113,496.12503504753113,1.6863562768421048e-09,5.1423046376619652e-11,0.073826366870784407,-0.061411142349243164,-160.41914367675781,0.061964530497789383,-0.00072123959998719039,1.0284608647601196e-07,0.0003476928683691996,-0.37405066499388567,-4.7508799680015645,0.37353644983971368,-17549.008724801701,-0.37477190459387288,17544.257844936546,0.3738841427080829,3.0192841502268708,0,0,4.3575169999999996,4.4169219999999996,0.060438334941864014,487.419189453125,-0.061527669429779053
43,0.73333337157964706,0,0,496.12503051757812,496.12503504753113,496.12503504753113,1.6775280053948904e-09,-5.2969673092206904e-10,0.073826366870784407,0,0,0,3.9759581642810626e-05,-1.0593933971838926e-06,-0.0013727083413678856,-0.37405066499388567,-4.7508799680015645,0.37353644983971368,-17876.008755843301,-0.37401090541224286,17871.257874815907,0.3721637414983458,3.0192841504512256,0,0,0,0.039086999999999997,0,0,0
44,0.75000003911554813,1,0.033333335071802139,496.12503051757812,496.12503504753113,496.12503504753113,1.8687782432635913e-09,1.1475012051676003e-08,0.07344689775182274,0.71459901332855225,-161.15400695800781,-0.71439719200134277,-0.00090637746704854555,2.29500227025937e-05,9.5413254802113073e-09,-1.0886783274373919,-5.8297545699225761,1.0880117565364944,-18365.241688745966,-1.0895847049044405,18359.411957126067,1.0880117660778199,2.9505539048107061,0,0,3.1688580000000002,3.2217769999999999,-0.71554839611053467,488.15402221679688,0.71577227115631104
45,0.7666667066514492,0,0,496.12503051757812,496.12503504753113,496.12503504753113,1.8592450912180425e-09,-5.719882345545102e-10,0.07344689775182274,0,0,0,0.00086235542505919832,-1.1439763992862379e-06,-0.00026300931026502702,-1.0886783274373919,-5.8297545699225761,1.0880117565364944,-18692.241719787569,-1.0878159720123326,18686.411964073672,1.0877487472262293,2.9505539049213394,0,0,0,0.031886999999999999,0,0,0
46,0.78333337418735027,1,0.033333335071802139,496.12503051757812,496.12503504753113,496.12503504753113,2.0125705546547579e-09,9.1995318030058115e-09,0.073066965632495401,-0.28691005706787109,-162.27809143066406,0.28672531247138977,-0.00069937631502911893,1.8399062483021901e-05,0.00038823651966221097,-0.80170121324178556,-5.7845319297192379,0.8012679622500567,-19181.474652690231,-0.8024005895568147,19175.690139159575,0.80165619876971894,2.4876419425946628,0,0,3.6489199999999999,3.7357279999999999,0.28534817695617676,489.27810668945312,-0.28607237339019775
47,0.80000004172325134,0,0,496.12503051757812,496.12503504753113,496.12503504753113,2.0246038179294601e-09,7.2199535239292345e-10,0.073066965632495401,0,0,0,4.0761162622006408e-05,1.4439906166516486e-06,-0.001371761102693804,-0.80170121324178556,-5.7845319297192379,0.8012679622500567,-19508.474683731834,-0.80166045207916359,19502.690153246105,0.79989620114736293,2.487641942815368,0,0,0,0.032308000000000003,0,0,0
48,0.81666670925915241,1,0.033333335071802139,496.12503051757812,496.12503504753113,496.12503504753113,2.1567452268556053e-09,7.9284889764608124e-09,0.072613087413059565,-0.0022871843539178371,-160.74085998535156,0.0024671852588653564,-0.00086371637011049829,1.5856976985088498e-05,-0.0010999072412109581,-0.79943975944724321,-7.2765661181074952,0.79858736300762767,-19997.707616634496,-0.80030347581735373,19990.431066373367,0.79748745576641666,2.3814739576369317,0,0,3.1283240000000001,3.1802980000000001,0.0013819336891174316,487.74087524414062,-0.0021954774856567383
49,0.83333337679505348,0,0,496.12503051757812,496.12503504753113,496.12503504753113,2.14177409141314e-09,-8.9826568405726448e-10,0.072613087413059565,0,0,0,2.0421565413500375e-05,-1.7965312584629562e-06,-0.0013362453367572816,-0.79943975944724321,-7.2765661181074952,0.79858736300762767,-20324.707647676099,-0.79941933788182973,20317.43107976146,0.79725111767087042,2.3814739575849271,0,0,0,0.031898000000000003,0,0,0
50,0.85000004433095455,1,0.033333335071802139,496.12503051757812,496.12503504753113,496.12503504753113,2.2055663961850769e-09,3.8275449476543599e-09,0.072060240191869976,-0.2615591287612915,-160.77732849121094,0.26204404234886169,-0.0017052922299260614,7.655089428079112e-06,-0.00014042618654562609,-0.53767496962832118,-8.7321605289306827,0.53645178351456579,-20813.940580578761,-0.53938026185824728,20805.208427704918,0.53631135732802016,2.8799721425938141,0,0,3.1356649999999999,3.187344,0.25982683897018433,487.77734375,-0.26084411144256592
51,0.86666671186685562,0,0,496.12503051757812,496.12503504753113,496.12503504753113,2.1854378307040179e-09,-1.2077179256664294e-09,0.072060240191869976,0,0,0,0.00026367238870556725,-2.4154357039063543e-06,-9.8752928691103747e-05,-0.53767496962832118,-8.7321605289306827,0.53645178351456579,-21140.940611620365,-0.53741129723961556,21132.208448676,0.53635303058587469,2.8799721418939348,0,0,0,0.031815000000000003,0,0,0
52,0.88333337940275669,1,0.033333335071802139,496.12503051757812,496.12503504753113,496.12503504753113,2.2217596651330496e-09,2.1793080673404575e-09,0.071521099251346504,-0.26083230972290039,-164.37089538574219,0.26042652130126953,-0.00074926039107411566,4.3586158686520981e-06,-0.0002349728161845999,-0.2768641681088172,-6.5941404859499899,0.27584577123395587,-21630.173544523022,-0.27761342849989129,21623.57940839569,0.27561079841777125,2.7468276790099582,0,0,3.7631610000000002,3.8191709999999999,0.25981825590133667,491.37094116210938,-0.26056325435638428
53,0.90000004693865776,0,0,496.12503051757812,496.12503504753113,496.12503504753113,2.2140336231046831e-09,-4.6356296579119771e-10,0.071521099251346504,0,0,0,0.0016286980014228181,-9.2712587499511933e-07,-0.00037817173926789349,-0.2768641681088172,-6.5941404859499899,0.27584577123395587,-21957.173575564626,-0.27523547010739435,21950.57943415155,0.27546759949468796,2.7468276795158428,0,0,0,0.032836999999999998,0,0,0
54,0.91666671447455883,1,0.033333335071802139,496.12503051757812,496.12503504753113,496.12503504753113,2.2253379139414164e-09,6.7825367544571691e-10,0.071235364163611176,0.19993573427200317,-164.80722045898438,-0.20027399063110352,-0.0011421521306615098,1.3565072680967957e-06,-0.00044092971203072567,-0.47707015694572052,-4.0199358446419655,0.47618712575761613,-22446.406508467291,-0.47821230907638201,22442.386573979158,0.47574619604558538,2.2994927830910896,0,0,3.1377229999999998,3.2140840000000002,-0.20270752906799316,491.80709838867188,0.20021146535873413
55,0.9333333820104599,0,0,496.12503051757812,496.12503504753113,496.12503504753113,2.2312927061562959e-09,3.5728442426830043e-10,0.071235364163611176,0,0,0,3.6810545252306814e-05,7.1456880492277953e-07,-0.0013629603777492519,-0.47707015694572052,-4.0199358446419655,0.47618712575761613,-22773.406539508895,-0.47703334640046824,22769.386604378822,0.47482416537986688,2.2994927831528469,0,0,0,0.031858999999999998,0,0,0
56,0.95000004954636097,1,0.033333335071802139,496.12503051757812,496.12503504753113,496.12503504753113,2.2339579075492111e-09,1.5991716284524671e-10,0.070922761521980071,-2.314622163772583,-161.4588623046875,2.3157215118408203,-0.00018085816894910112,3.1983430616935537e-07,0.00025054920518953298,1.8376638639661556,-4.7939268968998654,-1.8394793105540621,-23262.639472411556,1.8374830057972065,23257.845545834491,-1.8392287613488725,2.2974862126182822,0,0,3.0690599999999999,3.1196540000000001,2.3144028186798096,488.45892333984375,-2.3141067028045654
57,0.96666671708226204,0,0,496.12503051757812,496.12503504753113,496.12503504753113,2.244517016691816e-09,6.3354321788722245e-10,0.070922761521980071,0,0,0,3.6730396036604995e-05,1.2670863584376263e-06,-0.0013662454724115494,1.8376638639661556,-4.7939268968998654,-1.8394793105540621,-23589.63950345316,1.8377005943621922,23584.845577823347,-1.8408455560264736,2.297486213061755,0,0,0,0.041723000000000003,0,0,0
58,0.98333338461816311,1,0.033333335071802139,496.12503051757812,496.12503504753113,496.12503504753113,2.2458681581127848e-09,8.1072190627473617e-11,0.070671861294378205,0.52902960777282715,-164.16622924804688,-0.53463351726531982,-0.0013388699109327315,1.6214437135843959e-07,-0.00040261449315130184,1.3084965653920229,-2.8605966831023322,-1.3047191799984401,-24078.872436355818,1.3071576954810902,24076.01183983486,-1.3051217944915914,1.0974503454054214,0,0,3.4709539999999999,3.5254479999999999,-0.5304025411605835,491.16622924804688,0.53559231758117676
59,1.0000000521540642,0,0,496.12503051757812,496.12503504753113,496.12503504753113,2.2585155967647097e-09,7.5885076000759e-10,0.070671861294378205,0,0,0,0.0016282646272238743,1.5177014273820306e-06,-0.0003774946205037516,1.3084965653920229,-2.8605966831023322,-1.3047191799984401,-24405.872467397421,1.3101248300192467,24403.011872232019,-1.3050966746189439,1.0974503456223881,0,0,0,0.032025999999999999,0,0,0
60,1.0166667196899652,1,0.033333335071802139,496.12503051757812,496.12503504753113,496.12503504753113,2.5127211422670825e-09,1.5252332730142371e-08,0.070532029862103773,1.5805782079696655,-163.01870727539062,-1.5762695074081421,-0.0004347569150231316,3.0504663598427718e-05,0.00025798708082836949,-0.27205617902948387,-2.0746531931193348,0.27160527949327345,-24895.105400300086,-0.27249093594450702,24893.030777611631,0.27186326657410181,1.1833566462349345,0,0,3.0668709999999999,3.1197530000000002,-1.5826418399810791,490.01885986328125,1.5769083499908447
61,1.0333333872258663,0,0,496.12503051757812,496.12503504753113,496.12503504753113,2.5015016724694306e-09,-6.7317285079582234e-10,0.070532029862103773,0,0,0,4.3001930056733861e-05,-1.3463456194172244e-06,-0.0013750691620959196,-0.27205617902948387,-2.0746531931193348,0.27160527949327345,-25222.10543134169,-0.27201317709942713,25220.030776802225,0.27023021033117756,1.1833566466405423,0,0,0,0.031668000000000002,0,0,0
62,1.0500000547617674,1,0.033333335071802139,496.12503051757812,496.12503504753113,496.12503504753113,2.5692381555586508e-09,4.0641867649071628e-09,0.070347010354403702,-0.035467300564050674,-161.182373046875,0.035376995801925659,-0.00034373383817402209,8.1283730336977771e-06,2.8328990756107029e-05,-0.23644435219937299,-3.1252067971242017,0.23621175761137081,-25711.338364244351,-0.236788086037547,25708.213165575602,0.23624008660212692,1.4199909542838995,0,0,3.1957580000000001,3.2477659999999999,0.035077154636383057,488.182373046875,-0.033971428871154785
63,1.0666667222976685,0,0,496.12503051757812,496.12503504753113,496.12503504753113,2.5582096441212343e-09,-6.6171179646801193e-10,0.070347010354403702,0,0,0,4.0597794646171637e-05,-1.3234235121606581e-06,-0.0013724171893942511,-0.23644435219937299,-3.1252067971242017,0.23621175761137081,-26038.338395285955,-0.23640375440472683,26035.213187165406,0.23483934042197657,1.4199909547182603,0,0,0,0.042764000000000003,0,0,0
64,1.0833333898335695,1,0.033333335071802139,496.12503051757812,496.12503504753113,496.12503504753113,2.5609441234308861e-09,1.6407362968262618e-10,0.070090969428926883,0.091655097901821136,-161.19046020507812,-0.091894924640655518,-0.00040443095291184047,3.281472393367331e-07,0.00024723705306150916,-0.32782660338879688,-4.167660869736908,0.32776366181943045,-26527.571328188613,-0.32823103434170869,26523.403667647024,0.32801089887249196,1.8787114018460516,0,0,3.3533490000000001,3.4102549999999998,-0.092099130153656006,488.19036865234375,0.093516707420349121
65,1.1000000573694706,0,0,496.12503051757812,496.12503504753113,496.12503504753113,2.5499198308409632e-09,-6.6145977584142202e-10,0.070090969428926883,0,0,0,4.2173721494481731e-05,-1.3229194709382425e-06,-0.0013738042824166311,-0.32782660338879688,-4.167660869736908,0.32776366181943045,-26854.571359230216,-0.32778442966730237,26850.40369703756,0.32638985753701383,1.8787114022596936,0,0,0,0.031981000000000002,0,0,0
66,1.1166667249053717,1,0.033333335071802139,496.12503051757812,496.12503504753113,496.12503504753113,2.6041437894974706e-09,3.2534415161933339e-09,0.069742195941761204,0.10307072848081589,-160.59530639648438,-0.105121910572052,-0.00043488347688750047,6.5068826352380452e-06,0.00027295716375388447,-0.43099208737261757,-5.8053874492622919,0.43305219327172023,-27343.804292132882,-0.4314269708495051,27337.998911190502,0.43332515043547409,2.4032997331464601,0,0,3.1172710000000001,3.1703640000000002,-0.10354828834533691,487.59518432617188,0.10676854848861694
67,1.1333333924412727,0,0,496.12503051757812,496.12503504753113,496.12503504753113,2.623225636710913e-09,1.1449066139590514e-09,0.069742195941761204,0,0,0,4.4698251258842858e-05,2.2898130881589946e-06,-0.0013769053180998914,-0.43099208737261757,-5.8053874492622919,0.43305219327172023,-27670.804323174485,-0.43094738912135871,27664.998938015036,0.43167528795362031,2.4032997335520556,0,0,0,0.032792000000000002,0,0,0
68,1.1500000599771738,1,0.033333335071802139,496.12503051757812,496.12503504753113,496.12503504753113,2.7184388073919763e-09,5.7127853558824881e-09,0.069283921677036314,0.15789604187011719,-162.29336547851562,-0.16568958759307861,-0.00028759482638619077,1.1425570014403483e-05,0.00021221060945552945,-0.58890612119392927,-5.7448760476846665,0.59884057278197278,-28160.037256077147,-0.58919371602031545,28154.29239145503,0.59905278339142831,2.4453221766732591,0,0,3.1449950000000002,3.2018909999999998,-0.15823429822921753,489.29345703125,0.1672823429107666
69,1.1666667275130749,0,0,496.12503051757812,496.12503504753113,496.12503504753113,2.7365352206487614e-09,1.0857892362992061e-09,0.069283921677036314,0,0,0,4.2115286463459412e-05,2.1715783400557808e-06,-0.0013729321907376968,-0.58890612119392927,-5.7448760476846665,0.59884057278197278,-28487.03728711875,-0.58886400590746579,28481.292413242645,0.59746764059123514,2.4453221771118105,0,0,0,0.032863999999999997,0,0,0
70,1.1833333950489759,1,0.033333335071802139,496.12503051757812,496.12503504753113,496.12503504753113,2.8817983555029514e-09,8.7157845385377186e-09,0.068877812120176463,0.008172476664185524,-165.45695495605469,-0.01805645227432251,-0.00037964458058239135,1.7431568013136895e-05,1.364103235931976e-05,-0.59717366501704128,-2.5208845647526594,0.61682028366598796,-28976.270220021412,-0.59755330959762365,28973.749352888226,0.6168339246983473,1.8190267151428223,0,0,3.2874859999999999,3.3416510000000001,-0.0085952877998352051,492.4569091796875,0.019442439079284668
71,1.200000062584877,0,0,496.12503051757812,496.12503504753113,496.12503504753113,2.8703364129967213e-09,-6.8772143535511532e-10,0.068877812120176463,0,0,0,4.2801613860894705e-05,-1.3754427867598601e-06,-0.0013745599587808438,-0.59717366501704128,-2.5208845647526594,0.61682028366598796,-29303.270251063012,-0.59713086340318033,29300.749365122818,0.61544572370720707,1.8190267155696098,0,0,0,0.031905999999999997,0,0,0
72,1.2166667301207781,1,0.033333335071802139,496.12503051757812,496.12503504753113,496.12503504753113,3.1073943418391536e-09,1.4223472177832264e-08,0.068814036670793458,-0.24484932422637939,-163.48017883300781,0.25123137235641479,-0.00090370889606958271,2.8446942619400834e-05,0.00028207300017165857,-0.35237096217391356,-1.2735760219519716,0.36578192961030304,-29792.503183965677,-0.35327467106998311,29791.229636390668,0.36606400261047467,1.1883147921429371,0,0,3.1206130000000001,3.17326,0.24390369653701782,490.48016357421875,-0.24957525730133057
73,1.2333333976566792,0,0,496.12503051757812,496.12503504753113,496.12503504753113,3.1155564794715929e-09,4.897331429276619e-10,0.068814036670793458,0,0,0,4.1652581062173732e-05,9.7946622607344601e-07,-0.001374454684775539,-0.35237096217391356,-1.2735760219519716,0.36578192961030304,-30119.50321500728,-0.35232930959285136,30118.229639964793,0.3644074749255275,1.1883147922812276,0,0,0,0.064404000000000003,0,0,0
74,1.2500000651925802,1,0.033333335071802139,496.12503051757812,496.12503504753113,496.12503504753113,3.448750174328552e-09,1.9991613697811772e-08,0.068682988915516371,-0.060618285089731216,-161.32464599609375,0.057749569416046143,-0.00044942035614431788,3.9983224955241013e-05,0.00013478237436166402,-0.29164793795203059,-2.1818539353815676,0.30794403387987007,-30608.736147909942,-0.2920973583081749,30606.554333957785,0.30807881625423172,1.0615035657090333,0,0,3.1050610000000001,3.156587,0.060128092765808105,488.32467651367188,-0.056240081787109375
75,1.2666667327284813,0,0,496.12503051757812,496.12503504753113,496.12503504753113,3.4879137356114143e-09,2.34981301083792e-09,0.068682988915516371,0,0,0,2.2078437285327768e-05,4.6996257348334315e-06,-0.0013411003328658577,-0.29164793795203059,-2.1818539353815676,0.30794403387987007,-30935.736178951545,-0.29162585951474529,30933.554329715789,0.30660293354700419,1.0615035660142949,0,0,0,0.031773999999999997,0,0,0
76,1.2833334002643824,1,0.033333335071802139,496.12503051757812,496.12503504753113,496.12503504753113,3.618563892970883e-09,7.8390094415681233e-09,0.068519992107639496,-0.092245042324066162,-161.87155151367188,0.10064467787742615,-0.00077865571278861942,1.5678017926225914e-05,0.00024792750160656032,-0.19931467358153382,-2.5431495930181902,0.20741535425809221,-31424.969111854207,-0.20009332929432244,31422.425977939205,0.20766328175969878,0.97179135020636065,0,0,3.3505699999999998,3.404369,0.091443836688995361,488.87164306640625,-0.099055647850036621
77,1.3000000678002834,0,0,496.12503051757812,496.12503504753113,496.12503504753113,3.6499983036009098e-09,1.8860593087310917e-09,0.068519992107639496,0,0,0,4.040873344657997e-05,3.7721183872303343e-06,-0.0013735450764424464,-0.19931467358153382,-2.5431495930181902,0.20741535425809221,-31751.969142895807,-0.19927426484808725,31749.425997074908,0.20604180918164977,0.97179135044280862,0,0,0,0.031897000000000002,0,0,0
78,1.3166667353361845,1,0.033333335071802139,496.12503051757812,496.12503504753113,496.12503504753113,3.8262704116220903e-09,1.0576335363055023e-08,0.068331571536607433,-0.08491787314414978,-161.84776306152344,0.10322418808937073,-0.0012841898422443349,2.1152669435053483e-05,0.00032897816861136332,-0.11409905332012384,-2.9282387275731967,0.10397600891888484,-32241.202075798472,-0.11538324316236817,32238.273858223569,0.10430498708749621,0.87996659946583788,0,0,3.3143609999999999,3.3673099999999998,0.083594143390655518,488.84783935546875,-0.10152184963226318
79,1.3333334028720856,0,0,496.12503051757812,496.12503504753113,496.12503504753113,3.8336618324308347e-09,4.4348724692611086e-10,0.068331571536607433,0,0,0,0.00031852816039093859,8.8697443971559489e-07,-0.00010927720283373729,-0.11409905332012384,-2.9282387275731967,0.10397600891888484,-32568.202106840075,-0.1137805251597329,32565.273868999477,0.1038667317160511,0.87996659901026397,0,0,0,0.031875000000000001,0,0,0
80,1.3500000704079866,1,0.033333335071802139,496.12503051757812,496.12503504753113,496.12503504753113,3.8628074072732943e-09,1.7487241654734476e-09,0.068126925983193753,-0.040906816720962524,-162.09986877441406,0.050524234771728516,-0.00095115632227041336,3.4974481174795898e-06,-0.000240850951137659,-0.073301520983247562,-3.0613527120589024,0.05374184759387178,-33057.435039742733,-0.074252677305517975,33054.373690528126,0.053500996642734125,0.78465021266595558,0,0,3.118382,3.17116,0.039634644985198975,489.09979248046875,-0.050655364990234375
81,1.3666667379438877,0,0,496.12503051757812,496.12503504753113,496.12503504753113,3.9189549383422673e-09,3.3688412059973416e-09,0.068126925983193753,0,0,0,0.00093013625253625734,6.7376820007591844e-06,-0.00014255072340673205,-0.073301520983247562,-3.0613527120589024,0.05374184759387178,-33384.43507078434,-0.072371384730711308,33381.373724809964,0.053599296870465052,0.78465021275982794,0,0,0,0.042249000000000002,0,0,0
82,1.3833334054797888,1,0.033333335071802139,496.12503051757812,496.12503504753113,496.12503504753113,4.0703755921356333e-09,9.0852498857429964e-09,0.067936875255537668,-0.13292525708675385,-162.64959716796875,0.1663384735584259,-0.00088280666273553299,1.81704986624467e-05,0.00027994705643602166,0.059613581030130473,-2.6447096477777317,-0.11265644735189821,-33873.668003687002,0.05873077436739494,33871.02331220972,-0.11237650029546219,0.7971334598396812,0,0,3.3491330000000001,3.402752,0.13111239671707153,489.64956665039062,-0.1659160852432251
83,1.4000000730156898,0,0,496.12503051757812,496.12503504753113,496.12503504753113,4.074632631301256e-09,2.5542457038341126e-10,0.067936875255537668,0,0,0,4.1806854091545886e-05,5.108491095870654e-07,-0.0013749178449241478,0.059613581030130473,-2.6447096477777317,-0.11265644735189821,-34200.668034728602,0.059655387884222019,34198.023325591676,-0.11403136519682236,0.79713345999547192,0,0,0,0.032999000000000001,0,0,0
84,1.4166667405515909,1,0.033333335071802139,496.12503051757812,496.12503504753113,496.12503504753113,4.2508685460518336e-09,1.057415310867782e-08,0.067807956490995108,-0.23807418346405029,-163.43814086914062,0.30572026968002319,-0.001409658835108886,2.1148304926565465e-05,0.00027315858839632376,0.29786883045076512,-1.4396219673633128,-0.41860960549944803,-34689.900967631271,0.29645917161565621,34688.461366812211,-0.41833644691105171,1.2689459051009715,0,0,3.435057,3.4901589999999998,0.23662149906158447,490.43795776367188,-0.30407381057739258
85,1.433333408087492,0,0,496.12503051757812,496.12503504753113,496.12503504753113,4.257564079068743e-09,4.0172887239009469e-10,0.067807956490995108,0,0,0,0.00031745751466204231,8.0345769574102039e-07,-0.0001093337620320517,0.29786883045076512,-1.4396219673633128,-0.41860960549944803,-35016.900998672871,0.29818628796542718,35015.461377508967,-0.41871893926148007,1.2689459045878317,0,0,0,0.032986000000000001,0,0,0
86,1.4500000756233931,1,0.033333335071802139,496.12503051757812,496.12503504753113,496.12503504753113,4.2985845993825933e-09,2.4612294424741776e-09,0.067821777976897257,-0.6706244945526123,-164.88487243652344,0.76680517196655273,-0.0004688178021644198,4.9224585845053081e-06,0.00016438693668822339,0.96844556790643832,1.2123605209721771,-1.1855019233632005,-35506.133931575532,0.96797675010427386,35507.346297018965,-1.1853375364265122,2.9423290556025385,0,0,3.8377629999999998,3.9238460000000002,0.66983342170715332,491.8848876953125,-0.76652729511260986
87,1.4666667431592941,0,0,496.12503051757812,496.12503504753113,496.12503504753113,4.3142556194197823e-09,9.4027408081842623e-10,0.067821777976897257,0,0,0,3.8858613508857553e-05,1.8805480468573016e-06,-0.0013691121995365665,0.96844556790643832,1.2123605209721771,-1.1855019233632005,-35833.133962617132,0.96848442651994715,35834.346325018654,-1.186871035562737,2.9423290560034503,0,0,0,0.046868,0,0,0
88,1.4833334106951952,1,0.033333335071802139,496.12503051757812,496.12503504753113,496.12503504753113,4.3162540208641076e-09,1.1990738957301517e-10,0.068051553046216753,-0.61113858222961426,-165.31971740722656,0.56936556100845337,-0.00039115162053372614,2.3981476450889782e-07,-1.651814406578619e-05,1.579455900542958,4.2991628105277764,-1.7550376431008616,-36322.366895519794,1.5790647489224243,36326.666058570139,-1.7550541612449275,4.8673140750023789,0,0,3.842508,3.902136,0.61070823669433594,492.31973266601562,-0.56801486015319824
89,1.5000000782310963,0,0,496.12503051757812,496.12503504753113,496.12503504753113,4.3047441167232137e-09,-6.9059202800758612e-10,0.068051553046216753,0,0,0,4.1878817855431349e-05,-1.3811839717143876e-06,-0.0013744569585121547,1.579455900542958,4.2991628105277764,-1.7550376431008616,-36649.366926561401,1.5794977793608134,36653.666087990743,-1.7564121000593738,4.8673140754277959,0,0,0,0.033780999999999999,0,0,0
90,1.5166667457669973,1,0.033333335071802139,496.12503051757812,496.12503504753113,496.12503504753113,4.3077266198565667e-09,1.7895299131431841e-10,0.068342877767321189,1.9962812662124634,-161.45677185058594,-1.9908378124237061,-0.0014552494143025424,3.5790596078378925e-07,-0.00042315773189544742,-0.41679521122517932,3.5229774167997401,0.23579699911705876,-37138.599859464062,-0.41825046063948185,37142.12283723877,0.23537384138516332,3.9840272016990839,0,0,3.5230549999999998,3.6140119999999998,-1.9977782964706421,488.45672607421875,1.9917881488800049
91,1.5333334133028984,0,0,496.12503051757812,496.12503504753113,496.12503504753113,4.2866448168865645e-09,-1.2649128411368338e-09,0.068342877767321189,0,0,0,0.0016380369198242956,-2.5298255278653618e-06,-0.00038222126418037405,-0.41679521122517932,3.5229774167997401,0.23579699911705876,-37465.599890505669,-0.41515717430535504,37469.122865392645,0.2354147778528784,3.9840272018382819,0,0,0,0.044708999999999999,0,0,0
92,1.5500000808387995,1,0.033333335071802139,496.12503051757812,496.12503504753113,496.12503504753113,4.4170938018339712e-09,7.8269302150602016e-09,0.068313264649133273,-0.57194709777832031,-156.13925170898438,0.70079690217971802,-0.00048029491405755104,1.5653859474684586e-05,0.00018085423254258527,0.15501937640120561,-2.5706607809094941,-0.46480777874756757,-37954.832823408331,0.15453908148714807,37952.262178281278,-0.46462692451502496,2.6724204814755681,0,0,4.1588060000000002,4.218852,0.56982779502868652,483.1392822265625,-0.70023274421691895
93,1.5666667483747005,0,0,496.12503051757812,496.12503504753113,496.12503504753113,4.406067510842604e-09,-6.6157390676835348e-10,0.068313264649133273,0,0,0,3.9579501702850794e-05,-1.3231477327781734e-06,-0.0013714619926420146,0.15501937640120561,-2.5706607809094941,-0.46480777874756757,-38281.832854449931,0.15505895590290847,38279.262192345872,-0.46617924074020956,2.6724204818735631,0,0,0,0.032153000000000001,0,0,0
94,1.5833334159106016,1,0.033333335071802139,496.12503051757812,496.12503504753113,496.12503504753113,4.4588674974477271e-09,3.1679969758613424e-09,0.067953158904906039,-1.0697805881500244,-158.57888793945312,1.1104193925857544,-0.0010022330868571516,6.335993565004304e-06,0.00022663323344741023,1.2250414663011748,-6.2246573297330388,-1.5751820252629591,-38771.065787352592,1.2240392332143177,38764.841136358853,-1.5749553920295116,2.3819725169794914,0,0,3.2515670000000001,3.30769,1.068737268447876,485.57891845703125,-1.1088225841522217
95,1.6000000834465027,0,0,496.12503051757812,496.12503504753113,496.12503504753113,4.4542298738292629e-09,-2.7824631487760598e-10,0.067953158904906039,0,0,0,0.0002631246455548561,-5.5649259578959736e-07,-9.8822334501296599e-05,1.2250414663011748,-6.2246573297330388,-1.5751820252629591,-39098.065818394192,1.2253045909467297,39091.841160507967,-1.5752808475974605,2.3819725167275099,0,0,0,0.033085999999999997,0,0,0
96,1.6166667509824038,1,0.033333335071802139,496.12503051757812,496.12503504753113,496.12503504753113,4.5607571053096763e-09,6.3916223425053431e-09,0.06774864249488935,0.81872224807739258,-168.70448303222656,-0.83132946491241455,-0.00067846112139635997,1.2783243904783349e-05,0.00015791629439483243,0.40640347214483719,0.24687366169929054,-0.74374403122447119,-39587.298751296861,0.40572501102344083,39587.545637741801,-0.74358611493007631,3.1177945346461349,0,0,3.7265630000000001,3.7863720000000001,-0.81966352462768555,495.70449829101562,0.83158624172210693
97,1.6333334185183048,0,0,496.12503051757812,496.12503504753113,496.12503504753113,4.58749127574265e-09,1.6040588857180182e-09,0.06774864249488935,0,0,0,2.0551395774254244e-05,3.208117575628067e-06,-0.0013358402705792027,0.40640347214483719,0.24687366169929054,-0.74374403122447119,-39914.298782338461,0.40642402354061147,39914.545659208277,-0.74507987149505039,3.1177945347325093,0,0,0,0.051615000000000001,0,0,0
98,1.6500000860542059,1,0.033333335071802139,496.12503051757812,496.12503504753113,496.12503504753113,4.7507189293582996e-09,9.7936485587979405e-09,0.067809154792707813,0.59713089466094971,-163.17645263671875,-0.5297166109085083,-0.0008576193453756209,1.9587295922082141e-05,0.00023602478885154012,-0.19093488580259604,1.1903888927827051,-0.21404335510281985,-40403.531715241115,-0.19179250514797166,40404.722123721192,-0.21380733031396831,3.7507824172856976,0,0,3.5638320000000001,3.6190329999999999,-0.59800863265991211,490.17648315429688,0.5312882661819458
99,1.666666753590107,0,0,496.12503051757812,496.12503504753113,496.12503504753113,4.7867652064326194e-09,2.1627659663181475e-09,0.067809154792707813,0,0,0,4.2065719005238145e-05,4.3255316686267777e-06,-0.0013728239608747916,-0.19093488580259604,1.1903888927827051,-0.21404335510281985,-40730.531746282722,-0.19089282008359082,40731.722139501035,-0.21541617906369465,3.750782417472569,0,0,0,0.032825,0,0,0
100,1.683333421126008,1,0.033333335071802139,496.12503051757812,496.12503504753113,496.12503504753113,4.7884594067681974e-09,1.0166281011469991e-10,0.067903635301152038,0.52799904346466064,-162.45259094238281,-0.55272400379180908,-0.00089078685297891078,2.0332560781938882e-07,0.00016203138818696693,-0.71886514412943447,1.4099603233339162,0.33852390719782982,-41219.764679185384,-0.71975593098241342,41221.174639712044,0.33868593858601681,3.1820874985265615,0,0,3.1545890000000001,3.2070349999999999,-0.52893161773681641,489.4525146484375,0.55425882339477539
101,1.7000000886619091,0,0,496.12503051757812,496.12503504753113,496.12503504753113,4.7589847618212389e-09,-1.7684815833973744e-09,0.067903635301152038,0,0,0,3.9140102101875573e-05,-3.5369629509156492e-06,-0.0013703393351880352,-0.71886514412943447,1.4099603233339162,0.33852390719782982,-41546.764710226991,-0.71882600402733265,41548.174667013365,0.33715356786264178,3.1820874987009753,0,0,0,0.031788999999999998,0,0,0
102,1.7166667561978102,1,0.033333335071802139,496.12503051757812,496.12503504753113,496.12503504753113,8.0367294685856905e-07,4.793483458342962e-05,0.067960117949920448,0.47517865896224976,-161.28848266601562,-0.52503794431686401,0.0089046328888982007,0.095869663315439002,0.0061862970913758586,-1.1943751333695698,0.46558991052259324,0.86357769588749567,-42035.997643129653,-1.1854705004806716,42036.55910270349,0.86976399297887153,2.2973670338036363,0,0,3.6296339999999998,3.6833670000000001,-0.45405960083007812,488.27584838867188,0.54602742195129395
103,1.7333334237337112,0,0,496.12503051757812,496.12503504753113,496.12503504753113,7.4798549576371443e-09,-4.7771583922440186e-05,0.067960117949920448,0,0,0,-0.0068373133591700386,-0.095543162013388194,-0.0070977507891056835,-1.1943751333695698,0.46558991052259324,0.86357769588749567,-42362.99767417126,-1.2012124467287397,42363.36772091977,0.85647994509838998,2.297367002646185,0,0,0,0.042174000000000003,0,0,0
104,1.7500000912696123,1,0.033333335071802139,496.12503051757812,496.12503504753113,496.12503504753113,7.4325026133692518e-09,-2.8411311081555368e-09,0.06791264893246346,0.58528017997741699,-75.4776611328125,-0.49461683630943298,0.00035089593798308741,-5.6822618694933114e-06,0.00028002822883320053,-1.7798169278070948,-86.289606057085052,1.3582110205201035,-42852.230607073921,-1.7794660318691118,42765.940995334575,1.3584910487489366,10.088492182637284,0,0,3.1602749999999999,3.215055,0,0,0
105,1.7666667588055134,0,0,496.12503051757812,496.12503504753113,496.12503504753113,7.4563324403698061e-09,1.4297836248289286e-09,0.06791264893246346,0,0,0,-0.00034989106008579893,2.8595670751237234e-06,-0.00027970837093479334,-1.7798169278070948,-86.289606057085052,1.3582110205201035,-43179.230638115529,-1.7801668188671806,43092.941034918011,1.3579313121491687,10.088492182636768,0,0,0,0.032157999999999999,0,0,0
106,1.7833334263414145,1,0.033333335071802139,496.12503051757812,496.12503504753113,496.12503504753113,0.00023381099163088948,0.014028212055563927,0.067804083836321929,-0.006630623247474432,-199.81840515136719,4.2587008476257324,-0.0013808102333636163,28.056422398699624,-4.0087427359847538,-1.7733163127227209,-48.703976946218496,-2.9004603896077277,-43668.463571018183,-1.7746971229560846,43647.816016470664,-6.909203125592482,5.3773038167726686,0,0,3.2184740000000001,3.2767300000000001,0.0053725242614746094,303.36642456054688,-36.179534912109375
107,1.8000000938773155,0,0,496.12503051757812,496.12503504753113,496.12503504753113,1.0288204066455364e-08,-0.014028041623532772,0.067804083836321929,0,0,0,-0.00050091162291608995,-28.056081534658119,4.0116358893862127,-1.7733163127227209,-48.703976946218496,-2.9004603896077277,-43995.463602059783,-1.7738172243456369,43918.703543578908,1.1111754997784851,5.3773111423521538,0,0,0,0.043905,0,0,0
108,1.8166667614132166,1,0.033333335071802139,496.12503051757812,496.12503504753113,496.12503504753113,7.3520896037848615e-09,-1.7616684999666177e-07,0.06748580281324941,1.6607385873794556,-147.3232421875,-1.5920816659927368,0.00044646955760793694,-0.0003523336784885811,-0.00077223985333681189,-3.4339433725165214,-63.613518000711046,-1.3084643460819496,-44484.696534962452,-3.4334969029589133,44421.082664628062,-1.3092365859352864,7.1639657697073007,0,0,3.861434,3.9148360000000002,-23.234224319458008,209.11366271972656,-22.739093780517578
109,1.8333334289491177,0,0,496.12503051757812,496.12503504753113,496.12503504753113,7.3521388976871549e-09,2.9691804570575187e-12,0.06748580281324941,0,0,0,-0.00084809176367845948,5.938360551666251e-09,9.622254405495731e-05,-3.4339433725165214,-63.613518000711046,-1.3084643460819496,-44811.696566004051,-3.4347914642801998,44748.083048009277,-1.3083681235378946,7.1639657696701144,0,0,0,0.032185999999999999,0,0,0
110,1.8500000964850187,1,0.033333335071802139,496.12503051757812,496.12503504753113,496.12503504753113,4.852694837609306e-05,0.0029111756011843681,0.067709731204169149,-6.0141630172729492,-227.48446655273438,0.74444270133972168,-0.41724296534020766,5.8223508470006209,-0.41551032710737879,2.5802016357503561,1.6381451810617662,-2.0530171909763775,-45300.929498906706,2.1629586704101484,45308.389994934769,-2.4685275180837563,3.2088804888859479,0,0,3.224971,3.2763100000000001,4.9522981643676758,554.4844970703125,-1.8058418035507202
111,1.8666667640209198,0,0,496.12503051757812,496.12503504753113,496.12503504753113,7.5924617704004049e-09,-0.0029111611656844616,0.067709731204169149,0,0,0,0.4170727952539135,-5.82232197600257,0.41585331572837703,2.5802016357503561,1.6381451810617662,-2.0530171909763775,-45627.929529948313,2.9972744310042696,45623.745353153376,-1.6371638752480004,3.208880386470947,0,0,0,0.031798,0,0,0
112,1.8833334315568209,1,0.033333335071802139,496.12503051757812,496.12503504753113,496.12503504753113,7.4542363392993138e-09,-8.2935365242065018e-09,0.067753626071676926,2.5089511871337891,-74.960029602050781,-2.1299073696136475,0.00048513274345467899,-1.6587072036018408e-05,0.00043025701973050529,0.07120863125868418,-85.634735559278951,0.076779954146035903,-46117.162462850974,0.071693764002138866,46031.52771070462,0.077210211165766401,10.802535153344479,0,0,3.5319349999999998,3.6100979999999998,0,0,0
113,1.9000000990927219,0,0,496.12503051757812,496.12503504753113,496.12503504753113,7.4574764141743799e-09,1.9438961551543343e-10,0.067753626071676926,0,0,0,-0.00095179461698184295,3.8877920730166575e-07,-4.8606122380168149e-05,0.07120863125868418,-85.634735559278951,0.076779954146035903,-46444.162493892582,0.070256836641702333,46358.527758722084,0.076731348023655735,10.802535153534656,0,0,0,0.035709999999999999,0,0,0
114,1.916666766628623,1,0.033333335071802139,496.12503051757812,496.12503504753113,496.12503504753113,1.5279844944871002e-07,8.7204580268007703e-06,0.067776312278647013,0.93200957775115967,-183.43653869628906,-0.13306793570518494,0.0015866161388876088,0.017440914989092504,-0.0026705439002242398,-0.86105589760716983,-64.431061827079418,0.20979470636596953,-46933.395426795243,-0.85946928146828228,46868.981805883152,0.20712416246574528,7.7189828804096541,0,0,3.4303789999999998,3.4838369999999999,21.076351165771484,205.87443542480469,-21.365943908691406
115,1.9333334341645241,0,0,496.12503051757812,496.12503504753113,496.12503504753113,-4.0702730075281579e-08,-1.1610070032475051e-05,0.067776312278647013,0,0,0,-0.0005102831125945867,-0.023220138647705224,0.0020486603375654555,-0.86105589760716983,-64.431061827079418,0.20979470636596953,-47260.39545783685,-0.86156618071976443,47195.941175871121,0.21184336670353499,7.7189828955825028,0,0,0,0.031996999999999998,0,0,0
116,1.9500001017004251,1,0.033333335071802139,496.12503051757812,496.12503504753113,496.12503504753113,-4.0508275844786112e-08,1.1667346200283646e-08,0.067764110128287577,2.3343243598937988,-226.3529052734375,-2.3710117340087891,-0.00058085995398791598,2.3334690976330695e-05,0.00020322119279358574,-3.1955763739153893,-0.31108783482614222,2.5809405212868075,-47749.628390739512,-3.1961572338693771,47749.317326239376,2.5811437424796009,1.9571564030696342,0,0,3.2714919999999998,3.3229510000000002,-2.3343977928161621,553.3760986328125,2.3691935539245605
117,1.9666667692363262,0,0,496.12503051757812,496.12503504753113,496.12503504753113,-4.05132887237869e-08,-3.0073143975073435e-10,0.067764110128287577,0,0,0,1.9656566729163438e-05,-6.0146284279108788e-07,-0.0013367734120862673,-3.1955763739153893,-0.31108783482614222,2.5809405212868075,-48076.628421781119,-3.1955567173486603,48076.317333344829,2.5796037478747214,1.957156403231239,0,0,0,0.031681000000000001,0,0,0
118,1.9833334367722273,1,0.033333335071802139,496.12503051757812,496.12503504753113,496.12503504753113,-4.0402014178653189e-08,6.6764349604397921e-09,0.067746262896020384,-1.7052463293075562,-162.38650512695312,2.1154625415802002,-0.00017502114599622382,1.3352869105885082e-05,-0.00015616425243478605,-1.4903560936978666,-0.15744724703444421,0.4654747579562496,-48565.861354683773,-1.4905311148438629,48565.703920789609,0.46531859370381479,1.2551706608513953,0,0,3.9041790000000001,3.9731960000000002,1.7050546407699585,489.38653564453125,-2.114281177520752
119,2.0000001043081284,0,0,496.12503051757812,496.12503504753113,496.12503504753113,-4.0394386502384805e-08,4.5769810164131286e-10,0.067746262896020384,0,0,0,2.032652322296602e-05,9.1539614741127542e-07,-0.0013367382828555555,-1.4903560936978666,-0.15744724703444421,0.4654747579562496,-48892.861385725373,-1.4903357671746436,48892.703939393738,0.46413801967339402,1.2551706612845219,0,0,0,0.041992000000000002,0,0,0
120,2.0166667718440294,1,0.033333335071802139,496.12503051757812,496.12503504753113,496.12503504753113,-4.0393501876678783e-08,5.313614132029798e-11,0.067742460286941655,-0.66499370336532593,-162.31610107421875,0.67010843753814697,-0.0010603520684898948,1.0627227615425058e-07,-8.4869791343848526e-05,-0.82539288577160574,-0.07410779422473214,-0.20471233891246482,-49382.094318628042,-0.82645323784009561,49382.020210940093,-0.20479720870380866,1.2000859854579731,0,0,3.2950400000000002,3.360725,0.66390895843505859,489.31625366210938,-0.66885387897491455
121,2.0333334393799305,0,0,496.12503051757812,496.12503504753113,496.12503504753113,-4.0403779877351553e-08,-6.1665783590569845e-10,0.067742460286941655,0,0,0,0.00059371071543568715,-1.2333155965357822e-06,-0.00031317905289407304,-0.82539288577160574,-0.07410779422473214,-0.20471233891246482,-49709.094349669642,-0.82479917505617006,49709.020240642101,-0.20502551796535889,1.200085985419076,0,0,0,0.031824999999999999,0,0,0
122,2.0500001069158316,1,0.033333335071802139,496.12503051757812,496.12503504753113,496.12503504753113,7.2220808533529635e-07,4.5756711188005283e-05,0.067724858290281437,0.393440842628479,-161.921630859375,-0.89868777990341187,-0.0059634927309132335,0.091513416790474533,0.0055124065784808718,-1.218892356607886,-0.38537359806645666,0.69394105557864039,-50198.327282572303,-1.2248558493387991,50198.033422391025,0.69945346215712123,1.3457764036616975,0,0,3.2220119999999999,3.2742450000000001,-0.40810728073120117,488.9085693359375,0.9146122932434082
123,2.0666667744517326,0,0,496.12503051757812,496.12503504753113,496.12503504753113,7.4911099545715842e-09,-4.2883017158601433e-05,0.067724858290281437,0,0,0,0.0056527124985703836,-0.085766029082459561,-0.0076433811837535726,-1.218892356607886,-0.38537359806645666,0.69394105557864039,-50525.327313613903,-1.2132396441093156,50524.856173986751,0.68629767439488676,1.3457760005395232,0,0,0,0.031782999999999999,0,0,0
124,2.0833334419876337,1,0.033333335071802139,496.12503051757812,496.12503504753113,496.12503504753113,7.4622148460434801e-09,-1.7337189461841263e-09,0.067655996197745913,0.64789700508117676,-76.132980346679688,-1.2614589929580688,-0.00022216765736682645,-3.467437680732639e-06,0.00011677490616727321,-1.866477576406022,-86.485264242572683,1.9555176633271338,-51014.560246516565,-1.8666997440633888,50928.074978806551,1.9556344382333011,9.8562361915135988,0,0,3.7191480000000001,3.7730060000000001,0,0,0
125,2.1000001095235348,0,0,496.12503051757812,496.12503504753113,496.12503504753113,7.4345414269316734e-09,-1.6604146946264109e-09,0.067655996197745913,0,0,0,-0.00036290598531722035,-3.3208291865654811e-06,-0.0007791500231288627,-1.866477576406022,-86.485264242572683,1.9555176633271338,-51341.560277558172,-1.8668404823913392,51255.075009994769,1.9547385133040049,9.8562361917851504,0,0,0,0.031919999999999997,0,0,0
126,2.1166667770594358,1,0.033333335071802139,496.12503051757812,496.12503504753113,496.12503504753113,7.5895814077853174e-09,9.3024157266086149e-09,0.067579451010746208,0.51924312114715576,-247.92556762695312,-0.76040709018707275,-0.00082529721304603135,1.8604830317668435e-05,0.00014177603292007089,-2.3855516625504949,-0.79269215317282005,2.7156789315176906,-51830.793210460834,-2.3863769597635409,51830.000536912492,2.7158207075506104,1.1961567849391181,0,0,3.1914920000000002,3.2530410000000001,-0.51970702409744263,574.9254150390625,0.76133573055267334
127,2.1333334445953369,0,0,496.12503051757812,496.12503504753113,496.12503504753113,7.4509944880674084e-09,-8.3151991958629878e-09,0.067579451010746208,0,0,0,3.9563812920202779e-05,-1.6630397376687011e-05,-0.0013682867194582532,-2.3855516625504949,-0.79269215317282005,2.7156789315176906,-52157.793241502441,-2.3855120987375749,52157.00053271887,2.7143106447982324,1.1961567851561639,0,0,0,0.031784,0,0,0
128,2.150000112131238,1,0.033333335071802139,496.12503051757812,496.12503504753113,496.12503504753113,0.00019929750123992562,0.011957402341067791,0.067536759234610069,-3.4106318950653076,-122.22525024414062,0.22736522555351257,3.4170814566855654,23.914803222491742,-0.0013710365765212257,1.0250091149780987,-40.800301108186289,2.4884847257055722,-52647.026174405102,4.4420905716636643,52630.140676519404,2.4871136891290511,3.6392394115749678,0,0,3.2473190000000001,3.299302,30.620565414428711,258.75863647460938,-0.22492539882659912
129,2.1666667796671391,0,0,496.12503051757812,496.12503504753113,496.12503504753113,1.123407855629921e-08,-0.011957175098359585,0.067536759234610069,0,0,0,-3.4170293026245702,-23.914348737103069,0.00081006789572462407,1.0250091149780987,-40.800301108186289,2.4884847257055722,-52974.026205446709,-2.3920201876464713,52909.311555601424,2.4892947936012968,3.6392384911777196,0,0,0,0.031740999999999998,0,0,0
130,2.1833334472030401,1,0.033333335071802139,496.12503051757812,496.12503504753113,496.12503504753113,7.2714398946516212e-09,-2.3775830015893007e-07,0.067314523798065143,2.0018172264099121,-141.46751403808594,-2.4101557731628418,-0.00050638376798557011,-0.00047551657129463014,-0.00055557503648377693,-0.97672921198026974,-61.565718930853471,4.8984059226299097,-53463.259138349364,-0.97723559574825536,53401.692943901937,4.8978503475934261,5.7038212991257309,0,0,3.6504750000000001,3.7071100000000001,22.100454330444336,204.15560913085938,22.897563934326172
131,2.2000001147389412,0,0,496.12503051757812,496.12503504753113,496.12503504753113,7.2691661578971889e-09,-1.3642065255226044e-10,0.067314523798065143,0,0,0,0.0010577019147775188,-2.7284128845160918e-07,0.00048904868634098986,-0.97672921198026974,-61.565718930853471,4.8984059226299097,-53790.259169390964,-0.97567151006549224,53728.693450187267,4.8988949713162508,5.7038212992259103,0,0,0,0.032099999999999997,0,0,0
132,2.2166667822748423,1,0.033333335071802139,496.12503051757812,496.12503504753113,496.12503504753113,4.7196157538564876e-05,0.0028313330840319395,0.06749410942500951,1.3387229442596436,-224.36773681640625,3.8291614055633545,0.404554365423623,5.6626658224421647,0.40494610295766087,-2.3153038498503107,0.56928471900001332,1.069205673694936,-54279.492102293632,-1.9107494844266877,54285.724052835074,1.4741517766525969,0.88359315677767947,0,0,3.185756,3.238334,-0.30591499805450439,551.36785888671875,-2.7972464561462402
133,2.2333334498107433,0,0,496.12503051757812,496.12503504753113,496.12503504753113,7.5888237915933132e-09,-0.0028313139919191599,0.06749410942500951,0,0,0,-0.40427441569554645,-5.662627638218936,-0.40471900578246789,-2.3153038498503107,0.56928471900001332,1.069205673694936,-54606.492133335232,-2.7195782655458571,54601.398790416017,0.66448666791246813,0.88359285874957327,0,0,0,0.031836999999999997,0,0,0
134,2.2500001173466444,1,0.033333335071802139,496.12503051757812,496.12503504753113,496.12503504753113,7.4184725029624587e-09,-1.0221080870564947e-08,0.067462027148932818,-0.64850223064422607,-75.3604736328125,0.45590996742248535,0.00053106227993431412,-2.0442160493439358e-05,0.00031617165976247433,-1.6668861958049723,-86.303103844285744,0.61304018256167681,-55095.725066237894,-1.6663551335250379,55009.421941951448,0.6133563542214393,9.5378034038320596,0,0,3.3832789999999999,3.4592689999999999,0,0,0
135,2.2666667848825455,0,0,496.12503051757812,496.12503504753113,496.12503504753113,7.4377726200225425e-09,1.1579939229733327e-09,0.067462027148932818,0,0,0,-0.00044319924223364116,2.3159877045899854e-06,-0.00026349679939542334,-1.6668861958049723,-86.303103844285744,0.61304018256167681,-55422.725097279494,-1.6673293950472059,55336.421995751196,0.61277668576228139,9.5378034037903969,0,0,0,0.044528999999999999,0,0,0
136,2.2833334524184465,1,0.033333335071802139,496.12503051757812,496.12503504753113,496.12503504753113,0.00023459094518329948,0.01407501008361578,0.067506942112429608,-0.55402302742004395,-201.46968078613281,4.2641329765319824,-0.0013579008590320976,28.15001844909068,-4.0212583136398337,-1.1125163560383902,-47.066390930335196,-3.6511635108711147,-55911.958030182155,-1.1138742568974223,55893.041657700909,-7.6724218245109483,4.7381970130533082,0,0,3.3153440000000001,3.3723299999999998,0.55298972129821777,304.2740478515625,-36.291847229003906
137,2.3000001199543476,0,0,496.12503051757812,496.12503504753113,496.12503504753113,1.0288204066455364e-08,-0.014074838720262051,0.067506942112429608,0,0,0,-0.00050178678413945535,-28.14967572240414,4.0250255132242216,-1.1125163560383902,-47.066390930335196,-3.6511635108711147,-56238.958061223762,-1.1130181428225296,56163.741994571021,0.37386200235310696,4.7382060009047011,0,0,0,0.031952000000000001,0,0,0
138,2.3166667874902487,1,0.033333335071802139,496.12503051757812,496.12503504753113,496.12503504753113,7.3434298641927853e-09,-1.766864414776137e-07,0.067285195956019311,2.5153896808624268,-146.8701171875,-2.3960280418395996,0.00016678875572960841,-0.00035337286138705827,-0.00055216988852817284,-3.6278160735135181,-62.429236535446577,-1.2552961156304485,-56728.190994126424,-3.6276492847577884,56665.761404218116,-1.2558482855189768,5.8274498138146269,0,0,3.2570000000000001,3.307925,-23.491674423217773,208.96043395996094,-22.515661239624023
139,2.3333334550261497,0,0,496.12503051757812,496.12503504753113,496.12503504753113,7.3389485599761883e-09,-2.6887225779148594e-10,0.067285195956019311,0,0,0,-9.8555397822618768e-05,-5.3774448276165134e-07,-7.1224344738052281e-05,-3.6278160735135181,-62.429236535446577,-1.2552961156304485,-57055.191025168031,-3.6279146289113409,56992.761788094838,-1.2553673399751866,5.8274498136687818,0,0,0,0.031724000000000002,0,0,0
140,2.3500001225620508,1,0.033333335071802139,496.12503051757812,496.12503504753113,496.12503504753113,0.0002294817240908742,0.013768462464213371,0.067493292091249615,0.43245133757591248,-178.8017578125,-1.4336379766464233,-3.9332399538077141,27.536923247706227,0.00075944587846101669,-4.0601488840339375,-45.860358464094212,0.17855450580485699,-57544.423958070693,-7.9933888378416516,57526.100522854307,0.17931395168331801,4.4129654246303778,0,0,3.6263800000000002,3.6896390000000001,-31.763084411621094,286.48941040039062,1.4328858852386475
141,2.3666667900979519,0,0,496.12503051757812,496.12503504753113,496.12503504753113,1.2441887520253658e-08,-0.013768156059086323,0.067493292091249615,0,0,0,3.9420372263105889,-27.536310437489533,0.0010725694237599601,-4.0601488840339375,-45.860358464094212,0.17855450580485699,-57871.4239891123,-0.11811165772334853,57798.027320210713,0.17962707522861696,4.4129667340062237,0,0,0,0.032737000000000002,0,0,0
142,2.383333457633853,1,0.033333335071802139,496.12503051757812,496.12503504753113,496.12503504753113,7.2416304064404358e-09,-3.120154019597976e-07,0.067269878854759713,-8.1618223190307617,-143.523681640625,-1.9693235158920288,-0.00063669934413321944,-0.00062403076583177758,0.00035755071030978483,4.1014922842262438,-64.569446411763053,2.1479482650502746,-58360.656922014954,4.1008555848821109,58296.086851572429,2.1483058157605845,6.3392849705707164,0,0,3.226315,3.2874400000000001,25.302318572998047,195.3621826171875,24.126060485839844
143,2.400000125169754,0,0,496.12503051757812,496.12503504753113,496.12503504753113,7.1430337200695249e-09,-5.9157887477567783e-09,0.067269878854759713,0,0,0,0.00024821240080450183,-1.1831576773371376e-05,-0.00038936329826380622,4.1014922842262438,-64.569446411763053,2.1479482650502746,-58687.656953056554,4.1017404966270483,58623.087494813211,2.1475589017520109,6.3392849702139973,0,0,0,0.032578999999999997,0,0,0
144,2.4166667927056551,1,0.033333335071802139,496.12503051757812,496.12503504753113,496.12503504753113,0.00022982791415415704,0.01378924585878849,0.067451967167205557,5.0904321670532227,-180.53172302246094,-0.58512210845947266,-0.00049303238657844722,27.578490034319429,3.9398248696696214,-0.98869814388190203,-46.270649067442093,2.733070499427273,-59176.889885959223,-0.98919117626848052,59158.197726926097,6.672895369096894,4.78685707715705,0,0,3.3684479999999999,3.4317340000000001,-5.0922966003417969,287.8868408203125,31.963729858398438
145,2.4333334602415562,0,0,496.12503051757812,496.12503504753113,496.12503504753113,1.0186340659856796e-08,-0.013789063319563866,0.067451967167205557,0,0,0,-0.00047905640972300406,-27.578124955892463,-3.9453774145205784,-0.98869814388190203,-46.270649067442093,2.733070499427273,-59503.889917000823,-0.98917720029162504,59430.04114297749,-1.2123069150933055,4.7868560689546609,0,0,0,0.031870999999999997,0,0,0
146,2.4500001277774572,1,0.033333335071802139,496.12503051757812,496.12503504753113,496.12503504753113,4.2092025864803873e-07,2.4644034056109376e-05,0.067195971553422953,3.4003198146820068,-143.38705444335938,8.5216751098632812,-0.0095675244282886207,0.049288065103913814,-0.0030983062898268798,-4.3888202121213169,-65.116425131809535,-5.7885431136177434,-59993.122849903484,-4.3983877365496058,59928.05571283678,-5.7916414199075703,6.771212289375689,0,0,3.7043789999999999,3.760103,-24.896396636962891,195.21473693847656,-26.328243255615234
147,2.4666667953133583,0,0,496.12503051757812,496.12503504753113,496.12503504753113,-5.307020956024644e-08,-2.8439426387194544e-05,0.067195971553422953,0,0,0,0.0091247178603685031,-0.056878849302779422,0.0025028890213743132,-4.3888202121213169,-65.116425131809535,-5.7885431136177434,-60320.122880945084,-4.3796954942609485,60254.949576963969,-5.7860402245963689,6.7712117994573466,0,0,0,0.032066999999999998,0,0,0
148,2.4833334628492594,1,0.033333335071802139,496.12503051757812,496.12503504753113,496.12503504753113,0.00022080664348322898,0.013251582160592079,0.067343927463706682,-3.4963221549987793,-182.24246215820312,-8.5938615798950195,0.00039656444949924541,26.503162703559383,3.7866318615519248,-0.89260594651739056,-45.106950184104917,2.8054099321440087,-60809.355813847746,-0.89220938206789135,60790.752026367198,6.5920417936959339,4.9393187824607079,0,0,3.2603040000000001,3.3137789999999998,3.485527515411377,298.16671752929688,38.752758026123047
149,2.5000001303851604,0,0,496.12503051757812,496.12503504753113,496.12503504753113,9.9389581009745598e-09,-0.013247801922261715,0.067343927463706682,0,0,0,-0.0003392166624831168,-26.495602227360109,-3.7902491182109515,-0.89260594651739056,-45.106950184104917,2.8054099321440087,-61136.355844889353,-0.89294516317987371,61064.753292477886,-0.98483918606694276,4.938899194769899,0,0,0,0.031948999999999998,0,0,0
150,2.5166667979210615,1,0.033333335071802139,496.12503051757812,496.12503504753113,496.12503504753113,4.0170976944864378e-07,2.3506247089244425e-05,0.067032526925104821,3.3480844497680664,-142.92767333984375,7.9769353866577148,-0.0072617308548373893,0.047012491309073923,-0.0039379581137182762,-4.240589546105463,-64.412225534649352,-5.1717744432676831,-61625.588777792014,-4.2478512769603007,61561.223564748674,-5.1757124013814018,6.8920102355012283,0,0,3.2053829999999999,3.2748819999999998,-24.72053337097168,195.2147216796875,-25.841484069824219
151,2.5333334654569626,0,0,496.12503051757812,496.12503504753113,496.12503504753113,-5.0243869509358774e-08,-2.7117217541672289e-05,0.067032526925104821,0,0,0,0.0087243046568999394,-0.054234431773137359,0.0023564465135328116,-4.240589546105463,-64.412225534649352,-5.1717744432676831,-61952.588808833621,-4.2318652414485634,61888.122348867197,-5.1694179967541505,6.8920097953664907,0,0,0,0.039639000000000001,0,0,0
152,2.5500001329928637,1,0.033333335071802139,496.12503051757812,496.12503504753113,496.12503504753113,0.00022077225730754435,0.013249349780380726,0.067229373190475991,-3.1446349620819092,-182.06231689453125,-8.6703214645385742,0.0011640030805984414,26.498697943409184,3.7874223215388838,-1.0960302637239978,-44.58288818327766,3.4985919696916006,-62441.821741736283,-1.0948662606433994,62423.737551496415,7.2860142912304848,4.826685500548793,0,0,3.6287980000000002,3.6828829999999999,3.1343574523925781,298.02374267578125,38.823604583740234
153,2.5666668005287647,0,0,496.12503051757812,496.12503504753113,496.12503504753113,9.9535100162029266e-09,-0.013245737180113792,0.067229373190475991,0,0,0,-0.00029805060421327773,-26.491472743316308,-3.7896060400124298,-1.0960302637239978,-44.58288818327766,3.4985919696916006,-62768.82177277789,-1.096328314328211,62697.747411851298,-0.29101407032082927,4.8262824279531333,0,0,0,0.031997999999999999,0,0,0
154,2.5833334680646658,1,0.033333335071802139,496.12503051757812,496.12503504753113,496.12503504753113,3.9944424656823685e-07,2.3369442715193145e-05,0.067007213349447758,3.1388099193572998,-142.21363830566406,8.9155731201171875,-0.00716148544543177,0.046738882577671115,-0.0043816878187043495,-4.2347232074959296,-64.602130257236638,-5.4170909794719266,-63258.054705680544,-4.2418846929413609,63193.499314305882,-5.4214726672906313,6.5811076471805992,0,0,3.2165729999999999,3.2785449999999998,-24.95005989074707,194.77005004882812,-26.303705215454102
155,2.6000001356005669,0,0,496.12503051757812,496.12503504753113,496.12503504753113,-4.9851081485030591e-08,-2.6957717636832967e-05,0.067007213349447758,0,0,0,0.0086425474546635295,-0.053915431982928919,0.0023304797592610532,-4.2347232074959296,-64.602130257236638,-5.4170909794719266,-63585.054736722144,-4.2260806600412657,63520.398691032926,-5.4147604997126653,6.5811072132932331,0,0,0,0.031782999999999999,0,0,0
156,2.6166668031364679,1,0.033333335071802139,496.12503051757812,496.12503504753113,496.12503504753113,2.4150786259724555e-08,4.440111752046505e-06,0.067203073173153161,-2.8756835460662842,-227.30084228515625,-3.4346389770507812,0.0038145869839421587,0.0088802229620871809,0.00023808239259102276,-1.3590305222899257,0.46571478519690285,-1.9824758020078541,-64074.287669624813,-1.3552159353059836,64074.762264632969,-1.9822377196152632,0.79597335527097146,0,0,3.4830359999999998,3.559294,2.889056921005249,554.30755615234375,3.4309477806091309
157,2.633333470672369,0,0,496.12503051757812,496.12503504753113,496.12503504753113,-3.2291502805037453e-08,-3.3865371733554639e-06,0.067203073173153161,0,0,0,-0.0001786793750480041,-0.0067730739333152767,-5.1267388980253195e-05,-1.3590305222899257,0.46571478519690285,-1.9824758020078541,-64401.287700666413,-1.3592092016649737,64401.746642377679,-1.9825270693968344,0.7959731946974673,0,0,0,0.045765,0,0,0
158,2.6500001382082701,1,0.033333335071802139,496.12503051757812,496.12503504753113,496.12503504753113,-3.222448441420056e-08,4.021023514155786e-09,0.06721534473555428,0.52335584163665771,-161.78421020507812,-0.41558530926704407,-0.0008447655143834186,8.042046537463975e-06,0.00019173004057685284,-1.8822573780321294,0.01706996997330289,-1.566938520770536,-64890.520633569075,-1.883102143546513,64890.537711581092,-1.566746790729959,0.50823959689075493,0,0,3.3565209999999999,3.412455,-0.52402538061141968,488.791015625,0.41582608222961426
159,2.6666668057441711,0,0,496.12503051757812,496.12503504753113,496.12503504753113,-3.2239160674407685e-08,-8.8053053737269238e-10,0.06721534473555428,0,0,0,3.855734340728334e-05,-1.7610609672587469e-06,-0.0013687605661689556,-1.8822573780321294,0.01706996997330289,-1.566938520770536,-65217.520664610674,-1.8822188206887223,65217.53773281959,-1.5683072813367049,0.50823959708875566,0,0,0,0.031900999999999999,0,0,0
160,2.6833334732800722,1,0.033333335071802139,496.12503051757812,496.12503504753113,496.12503504753113,-3.2236194158485887e-08,1.7806978114265348e-10,0.067203894004124354,-0.12406298518180847,-161.96623229980469,-0.1867232620716095,-0.0012438518220065017,3.5613954054827313e-07,0.00018032762093154586,-1.7582810835246798,-0.24952638059413629,-1.3802012377573913,-65706.753597513336,-1.7595249353466864,65706.504071488875,-1.3800209101364598,0.4196925803015662,0,0,3.2007599999999998,3.2539950000000002,0.12277823686599731,488.96624755859375,0.18827658891677856
161,2.7000001408159733,0,0,496.12503051757812,496.12503504753113,496.12503504753113,-3.2218959944430026e-08,1.0340086564752937e-09,0.067203894004124354,0,0,0,0.00029175388856013049,2.0680171867288276e-06,-0.0001106898469713357,-1.7582810835246798,-0.24952638059413629,-1.3802012377573913,-66033.753628554943,-1.7579893296361198,66033.504104242369,-1.3803119276043627,0.4196925799009702,0,0,0,0.031889000000000001,0,0,0
162,2.7166668083518744,1,0.033333335071802139,496.12503051757812,496.12503504753113,496.12503504753113,-3.212393195894947e-08,5.7016613652649539e-09,0.067176481341423608,-0.28514963388442993,-161.99510192871094,0.26683422923088074,-0.0010826498076718025,1.1403322034526323e-05,-0.00021321332730303306,-1.4731443324437756,-0.48725095950659914,-1.6470217495358515,-66522.986561457612,-1.4742269822514473,66522.499321901429,-1.6472349628631544,0.40628874089953171,0,0,3.5872380000000001,3.6424940000000001,0.28377360105514526,488.99514770507812,-0.26693630218505859
163,2.7333334758877754,0,0,496.12503051757812,496.12503504753113,496.12503504753113,-3.21630579946941e-08,-2.3474611143825541e-09,0.067176481341423608,0,0,0,0.00059331303890160919,-4.6949219422097964e-06,-0.00031124705889175146,-1.4731443324437756,-0.48725095950659914,-1.6470217495358515,-66849.986592499205,-1.4725510194048741,66849.499336844776,-1.6473329965947432,0.40628874082664818,0,0,0,0.032883999999999997,0,0,0
164,2.7500001434236765,1,0.033333335071802139,496.12503051757812,496.12503504753113,496.12503504753113,-3.205314413889937e-08,6.5948726479803099e-09,0.067135607456268898,-0.16488373279571533,-162.06690979003906,0.29701715707778931,-0.0013683054777853323,1.3189744490922455e-05,0.00026567330534905086,-1.308197410466905,-0.65327911420144447,-1.9439952954598478,-67339.219525401873,-1.3095657159446903,67338.566259477418,-1.9437296221544988,0.40084805504784893,0,0,3.3865219999999998,3.4392839999999998,0.16291594505310059,489.06689453125,-0.29643809795379639
165,2.7666668109595776,0,0,496.12503051757812,496.12503504753113,496.12503504753113,-3.2054259690994513e-08,-6.6955774258303791e-11,0.067135607456268898,0,0,0,0.0003150558803617573,-1.3391154034329529e-07,-0.00010877041536381561,-1.308197410466905,-0.65327911420144447,-1.9439952954598478,-67666.219556443481,-1.3078823545865432,67665.566277195365,-1.9441040658752116,0.40084805455491174,0,0,0,0.032698999999999999,0,0,0
166,2.7833334784954786,1,0.033333335071802139,496.12503051757812,496.12503504753113,496.12503504753113,-3.1851225656964743e-08,1.2182120201487123e-08,0.067090120445303367,0.0074608922004699707,-162.24885559082031,-0.087185628712177277,-0.00031589739028321101,2.4364238915899027e-05,0.00016068434135073015,-1.315725652016045,-0.63735345782389785,-1.8568680708799057,-68155.452489346135,-1.3160415494063282,68154.815160252547,-1.856707386538555,0.36654371225881199,0,0,3.1901069999999998,3.2428530000000002,-0.0080931782722473145,489.24880981445312,0.087454378604888916
167,2.8000001460313797,0,0,496.12503051757812,496.12503504753113,496.12503504753113,-3.1835071467867238e-08,9.6928509663030127e-10,0.067090120445303367,0,0,0,3.3627882424544508e-05,1.9385700749396679e-06,-0.0013605440778477959,-1.315725652016045,-0.63735345782389785,-1.8568680708799057,-68482.452520387742,-1.3156920241336205,68481.815168868488,-1.8582286149577534,0.3665437126874489,0,0,0,0.031777,0,0,0
168,2.8166668135672808,1,0.033333335071802139,496.12503051757812,496.12503504753113,496.12503504753113,1.8213065686722985e-06,0.00011118849215563387,0.067051642301942202,-0.17884001135826111,-162.32698059082031,-0.12929724156856537,-0.015423901427238373,0.22237697073845375,0.015346341542794462,-1.1369037352525702,-0.54335843805565553,-1.7276218048307039,-68971.685453290396,-1.1523276366798085,68971.364471823079,-1.7122754632879094,0.32914000599434867,0,0,3.732701,3.8020369999999999,0.13667464256286621,489.32284545898438,0.17104291915893555
169,2.8333334811031818,0,0,496.12503051757812,496.12503504753113,496.12503504753113,7.4275021688663401e-09,-0.00010883274080697447,0.067051642301942202,0,0,0,0.01573773710684534,-0.21766546832870226,-0.016570179366675819,-1.1369037352525702,-0.54335843805565553,-1.7276218048307039,-69298.685484332003,-1.1211659981457247,69297.924460425624,-1.7441919841973799,0.32913917308490326,0,0,0,0.04589,0,0,0
170,2.8500001486390829,1,0.033333335071802139,496.12503051757812,496.12503504753113,496.12503504753113,7.5362995843875069e-09,6.5278489280728991e-09,0.067008317682613311,-0.33173331618309021,-162.07090759277344,0.15062040090560913,-0.0011219295172018792,1.305569705928924e-05,0.00011449586890313352,-0.80528741533199155,-0.7053194741617913,-1.878541301301379,-69787.918417234658,-0.80640934484919347,69787.213110816199,-1.8784268054324758,0.36005955145439067,0,0,3.3119369999999999,3.3875890000000002,0.31486773490905762,489.28863525390625,-0.13393843173980713
171,2.866666816174984,0,0,496.12503051757812,496.12503504753113,496.12503504753113,7.4416681705713472e-09,-5.6778874935048407e-09,0.067008317682613311,0,0,0,0.00026260509673817906,-1.1355774293908181e-05,-9.619812980804672e-05,-0.80528741533199155,-0.7053194741617913,-1.878541301301379,-70114.918448276265,-0.80502481023525341,70114.213117446328,-1.878637499431187,0.36005955115168259,0,0,0,0.031838999999999999,0,0,0
172,2.883333483710885,1,0.033333335071802139,496.12503051757812,496.12503504753113,496.12503504753113,0.0001989026932278648,0.011933715082705021,0.066936853740896501,-0.26409277319908142,-121.26019287109375,-3.6430215835571289,-0.0010660523261853405,23.867428708657712,3.4091740628484217,-0.54110502533793414,-41.678039220726355,1.7645649267231418,-70604.151381178934,-0.54217107766411954,70586.340770666866,5.1737389895715635,3.3478914550314536,0,0,3.2055920000000002,3.270823,0.2619621753692627,258.172119140625,30.799545288085938
173,2.9000001512467861,0,0,496.12503051757812,496.12503504753113,496.12503504753113,9.5169525593519211e-09,-0.011933590285480022,0.066936853740896501,0,0,0,-0.0003637077332696078,-23.867179114222949,-3.4138295112841348,-0.54110502533793414,-41.678039220726355,1.7645649267231418,-70931.151412220541,-0.5414687330712038,70865.606193885586,-1.649264584560993,3.3478924557339615,0,0,0,0.042997,0,0,0
174,2.9166668187826872,1,0.033333335071802139,496.12503051757812,496.12503504753113,496.12503504753113,3.6964414107387711e-07,2.1607629605568945e-05,0.066605010532400255,2.7260227203369141,-137.94511413574219,7.3092517852783203,-0.0066224015932476732,0.043215256573487792,-0.0040716988467037474,-3.2669433124674212,-65.965799190048301,-5.5448551036512033,-71420.384345123195,-3.2735657140606689,71354.461761189727,-5.548926802497907,6.1847106732486683,0,0,3.826505,3.8804789999999998,-23.939476013183594,192.2608642578125,-25.044370651245117
175,2.9333334863185883,0,0,496.12503051757812,496.12503504753113,496.12503504753113,-4.542954457065207e-08,-2.4904420570237562e-05,0.066605010532400255,0,0,0,0.0079945106913305031,-0.049808838100384722,0.0021493550373263282,-3.2669433124674212,-65.965799190048301,-5.5448551036512033,-71747.384376164802,-3.2589488017760906,71681.368768136657,-5.5427057486138773,6.1847103026912622,0,0,0,0.041058999999999998,0,0,0
176,2.9500001538544893,1,0.033333335071802139,496.12503051757812,496.12503504753113,496.12503504753113,0.00022099187481217086,0.013262237422168255,0.06666782412196505,-3.2724361419677734,-182.50381469726562,-8.7596349716186523,0.00061416189626860643,26.524473225411043,3.7907520323705484,0.0054548726716962016,-45.694817067565154,3.2145916224914752,-72236.617309067471,0.0060690345679648081,72217.446965225317,7.005343654862024,3.9273193057360158,0,0,3.2413919999999998,3.2943159999999998,3.2627866268157959,298.2569580078125,38.943565368652344
177,2.9666668213903904,0,0,496.12503051757812,496.12503504753113,496.12503504753113,9.9535100162029266e-09,-0.013258914463222027,0.06666782412196505,0,0,0,-0.00044481717636592547,-26.517827307924222,-3.7934829028232855,0.0054548726716962016,-45.694817067565154,3.2145916224914752,-72563.617340109064,0.0050100554953302762,72491.404695733581,-0.57889128033181025,3.9269502702432701,0,0,0,0.031794000000000003,0,0,0
178,2.9833334889262915,1,0.033333335071802139,496.12503051757812,496.12503504753113,496.12503504753113,4.0115523347594717e-07,2.3472102839150466e-05,0.066422606634647649,3.249028205871582,-141.98454284667969,8.2117500305175781,-0.0071683030173001483,0.046944202813054003,-0.0044096106685865555,-3.2433694485143283,-65.943175676894967,-4.9972592255367774,-73052.850273011732,-3.2505377515316285,72986.954041537654,-5.0016688362053641,5.9683397357342258,0,0,3.4686499999999998,3.5486270000000002,-24.869760513305664,194.51304626464844,-25.793132781982422
179,3.0000001564621925,0,0,496.12503051757812,496.12503504753113,496.12503504753113,-5.0069786539097549e-08,-2.7073499950347468e-05,0.066422606634647649,0,0,0,0.0086890708343037582,-0.054146996595824337,0.0023375842766903271,-3.2433694485143283,-65.943175676894967,-4.9972592255367774,-73379.850304053325,-3.2346803776800246,73313.852981379838,-4.9949216412600874,5.9683392976445218,0,0,0,0.043631999999999997,0,0,0
180,3.0166668239980936,1,0.033333335071802139,496.12503051757812,496.12503504753113,496.12503504753113,2.4810461241031589e-08,4.4928146962774917e-06,0.066586904582523171,-2.9930539131164551,-228.03073120117188,-4.7350006103515625,0.0023977941865148261,0.0089856288441156895,-0.00045137045477444161,-0.25016629135233309,-0.14537446446582192,-0.26233644521173638,-73869.083236955994,-0.24776849716581828,73868.946848120366,-0.26278781566651083,0.36898901608220469,0,0,3.4905650000000001,3.5480230000000001,3.0084288120269775,555.03759765625,4.7328062057495117
181,3.0333334915339947,0,0,496.12503051757812,496.12503504753113,496.12503504753113,-3.2449449349769566e-08,-3.4355944080743939e-06,0.066586904582523171,0,0,0,-0.00014403979351632415,-0.0068711883967647047,-5.020740139174279e-05,-0.25016629135233309,-0.14537446446582192,-0.26233644521173638,-74196.083267997601,-0.25031033114584944,74195.931022344739,-0.2623866526131281,0.36898885520111907,0,0,0,0.047084000000000001,0,0,0
182,3.0500001590698957,1,0.033333335071802139,496.12503051757812,496.12503504753113,496.12503504753113,-3.2438933317280316e-08,6.3094890423442962e-10,0.066561441539096197,0.61741733551025391,-161.87847900390625,-0.37344703078269958,-0.0012956267374210767,1.2618977314487293e-06,0.00018817547970389256,-0.86769076971242376,-0.49980302850391745,0.11125326995106329,-74685.316200900255,-0.86898639644984488,74684.816399133648,0.11144144543076717,0.40781115210181129,0,0,3.241708,3.294146,-0.61857801675796509,488.88534545898438,0.37368172407150269
183,3.0666668266057968,0,0,496.12503051757812,496.12503504753113,496.12503504753113,-3.2453002063448366e-08,-8.4421136747891978e-10,0.066561441539096197,0,0,0,0.00029922044170203194,-1.6884226319046941e-06,-0.00011293351342024811,-0.86769076971242376,-0.49980302850391745,0.11125326995106329,-75012.316231941862,-0.86739154927072171,75011.816427224941,0.11114033643764304,0.40781115166769094,0,0,0,0.031711000000000003,0,0,0
184,3.0833334941416979,1,0.033333335071802139,496.12503051757812,496.12503504753113,496.12503504753113,-3.2387461601501855e-08,3.932503211956373e-09,0.066513170038356245,0.24848520755767822,-161.90052795410156,0.12066501379013062,-0.00043637337122661574,7.86500594387085e-06,0.00011877669677826845,-1.1162072500138143,-0.83207635571743743,-0.0093424822724973954,-75501.549164844517,-1.116643623385041,75500.717096353808,-0.0092237055757191273,0.51388409815293234,0,0,3.69564,3.7599840000000002,-0.24922239780426025,488.90066528320312,-0.12043243646621704
185,3.100000161677599,0,0,496.12503051757812,496.12503504753113,496.12503504753113,-3.2372792446722087e-08,8.8024720845680804e-10,0.066513170038356245,0,0,0,3.5172204333897006e-05,1.7604943094615643e-06,-0.0013636670550893973,-1.1162072500138143,-0.83207635571743743,-0.0093424822724973954,-75828.549195886124,-1.1161720778094804,75827.717121290902,-0.010706149327586793,0.51388409856091821,0,0,0,0.031962999999999998,0,0,0
186,3.1166668292135,1,0.033333335071802139,496.12503051757812,496.12503504753113,496.12503504753113,-3.2203349320525376e-08,1.0166609776263158e-08,0.066438218616709399,0.061617687344551086,-161.79611206054688,-0.30133682489395142,-0.00080786333754550091,2.0333218311485084e-05,0.00018554435432481878,-1.1776035516285586,-1.2688338707323787,0.29218803443237817,-76317.782128788793,-1.178411414966104,76316.513315251272,0.292373578786703,0.72834631679380957,0,0,3.3838509999999999,3.4392770000000001,-0.06246483325958252,488.79617309570312,0.3028872013092041
187,3.1333334967494011,0,0,496.12503051757812,496.12503504753113,496.12503504753113,-3.2185496934289404e-08,1.0710385911494313e-09,0.066438218616709399,0,0,0,3.8171262929945216e-05,2.1420770515568472e-06,-0.0013694821364839335,-1.1776035516285586,-1.2688338707323787,0.29218803443237817,-76644.782159830385,-1.1775653803656285,76643.513328101733,0.29081855229589426,0.7283463170203156,0,0,0,0.032737000000000002,0,0,0
188,3.1500001642853022,1,0.033333335071802139,496.12503051757812,496.12503504753113,496.12503504753113,7.3788562815479963e-08,6.3584434428776149e-06,0.066332788643788318,-0.21726571023464203,-163.43589782714844,-0.25367888808250427,-0.0011080646123801108,0.012716886109578052,0.0019847521951355945,-0.96007393069642566,-0.065931280513977744,0.5454498561894886,-77134.015092733054,-0.96118199530880577,77133.961878338654,0.54743460838462421,0.73909912877022765,0,0,3.2338830000000001,3.285291,0.22848391532897949,490.38467407226562,0.23486852645874023
189,3.1666668318212032,0,0,496.12503051757812,496.12503504753113,496.12503504753113,-1.2318679409872857e-09,-4.5012257032794878e-06,0.066332788643788318,0,0,0,0.00046706330172665775,-0.0090024508570929473,-0.0016108812286762114,-0.96007393069642566,-0.065931280513977744,0.5454498561894886,-77461.015123774661,-0.95960686739469903,77460.940190043286,0.54383897496081235,0.73909909338533497,0,0,0,0.031647000000000002,0,0,0
190,3.1833334993571043,1,0.033333335071802139,496.12503051757812,496.12503504753113,496.12503504753113,3.2560258205194259e-06,0.00019543545204214752,0.066311844048045923,0.28798305988311768,-161.88565063476562,-0.25725847482681274,-0.028059366847599132,0.39087088022742833,-0.028844810062089388,-1.2480403327928358,-0.41319644093506019,0.80266229852224502,-77950.248056677316,-1.2760996996404348,77950.225731116603,0.77381748846015563,0.96104453310500793,0,0,3.9445290000000002,3.9975260000000001,-0.36009311676025391,488.89169311523438,0.18659472465515137
191,3.2000001668930054,0,0,496.12503051757812,496.12503504753113,496.12503504753113,7.4467152444412932e-09,-0.00019491474085953087,0.066311844048045923,0,0,0,0.027660275139851587,-0.3898294579257584,0.02674228945157231,-1.2480403327928358,-0.41319644093506019,0.80266229852224502,-78277.248087718923,-1.2203800576529842,78276.445061820064,0.82940458797381733,0.96104400100414611,0,0,0,0.032045999999999998,0,0,0
192,3.2166668344289064,1,0.033333335071802139,496.12503051757812,496.12503504753113,496.12503504753113,0.00019898822938557714,0.011938845738768578,0.066281257539379357,-0.3389664888381958,-120.96971893310547,-3.7330412864685059,-0.00069270375071340401,23.877690020158525,3.4107640632168881,-0.90881782751145035,-41.676401216519992,4.535763343067746,-78766.481020621592,-0.90951053126216375,78748.682309425232,7.9465274062846341,4.0728260502828046,0,0,3.2669709999999998,3.3196249999999998,0.31034934520721436,258.18966674804688,30.873344421386719
193,3.2333335019648075,0,0,496.12503051757812,496.12503504753113,496.12503504753113,9.5460563898086548e-09,-0.011938720010221004,0.066281257539379357,0,0,0,-0.00036410796775737837,-23.877438563078726,-3.4152970427415141,-0.90881782751145035,-41.676401216519992,4.535763343067746,-79093.481051663184,-0.90918193547920778,79027.92721188358,1.1204663003262318,4.0728268596421353,0,0,0,0.056493000000000002,0,0,0
194,3.2500001695007086,1,0.033333335071802139,496.12503051757812,496.12503504753113,496.12503504753113,3.7025421306680073e-07,2.1642488718498498e-05,0.066067437077460656,2.8857896327972412,-138.68829345703125,7.3158388137817383,-0.0065790646281006226,0.043284974795091635,-0.0039829276217553666,-3.7947298585289548,-65.22100859834714,-2.7800745316260493,-79582.713984565838,-3.8013089231570554,79517.536260942288,-2.7840574592478049,6.3819004026531498,0,0,3.2253750000000001,3.3078289999999999,-24.096466064453125,192.54537963867188,-25.119085311889648
195,3.2666668370366096,0,0,496.12503051757812,496.12503504753113,496.12503504753113,-4.5638358869837248e-08,-2.4953553293016739e-05,0.066067437077460656,0,0,0,0.0080131489651163457,-0.04990710353994543,0.0021540914580703979,-3.7947298585289548,-65.22100859834714,-2.7800745316260493,-79909.714015607446,-3.7867167095638385,79844.443099905562,-2.7779204401679789,6.3819000308770564,0,0,0,0.042854999999999997,0,0,0
196,3.2833335045725107,1,0.033333335071802139,496.12503051757812,496.12503504753113,496.12503504753113,3.6215318743870739e-08,4.9112204578705132e-06,0.06625356702577502,-3.5932481288909912,-227.96444702148438,-4.4156365394592285,0.0021125257337469422,0.0098224403162268104,0.00054086691643809304,-0.20153925629166675,0.51055766766870281,1.6359683515308099,-80398.946948510114,-0.19942673055791982,80399.467328618106,1.6365092184472481,0.68398227566316994,0,0,3.7798509999999998,3.8357749999999999,3.6108202934265137,554.967529296875,4.411529541015625
197,3.3000001721084118,0,0,496.12503051757812,496.12503504753113,496.12503504753113,-2.9401626022718119e-08,-3.9370165723084938e-06,0.06625356702577502,0,0,0,-0.001019664915994728,-0.0078740326640241443,0.00021238723615800426,-0.20153925629166675,0.51055766766870281,1.6359683515308099,-80725.946979551722,-0.20255892120766147,80726.449663186722,1.6361807387669678,0.68398212450559703,0,0,0,0.031967000000000002,0,0,0
198,3.3166668396443129,1,0.033333335071802139,496.12503051757812,496.12503504753113,496.12503504753113,-2.9384054300862772e-08,1.0543034223431391e-09,0.066290660602908544,0.28850066661834717,-162.22190856933594,0.15197668969631195,-0.00046183103587012914,2.10860671598713e-06,0.00012059711426160372,-0.49006045801581255,0.49960706629192358,1.4842094224632734,-81215.179912454376,-0.49052228905168266,81215.679521629281,1.4843300195775351,0.61726302298821323,0,0,3.2725070000000001,3.3347410000000002,-0.28795510530471802,489.22979736328125,-0.15206873416900635
199,3.3333335071802139,0,0,496.12503051757812,496.12503504753113,496.12503504753113,-2.9368655063422011e-08,9.2390317618651352e-10,0.066290660602908544,0,0,0,3.6086701200713223e-05,1.8478062395918776e-06,-0.001363530630892458,-0.49006045801581255,0.49960706629192358,1.4842094224632734,-81542.179943495983,-0.49002437131461185,81542.679552410074,1.4828458918323808,0.61726302338939421,0,0,0,0.040649999999999999,0,0,0
200,3.350000174716115,1,0.033333335071802139,496.12503051757812,496.12503504753113,496.12503504753113,-2.9288221625733968e-08,4.8260235807617846e-09,0.066315888648941362,0.34023201465606689,-162.03407287597656,0.74209517240524292,-0.0004257549643880941,9.6520465724093626e-06,0.00010054250151616227,-0.83024270786186505,0.30094357764062346,0.74204151532745943,-82031.412876398652,-0.83066846282625317,82031.713829628337,0.74214205782897558,0.59246590247710784,0,0,3.720834,3.7766229999999998,-0.34069746732711792,489.03424072265625,-0.74062871932983398
201,3.3666668422520161,0,0,496.12503051757812,496.12503504753113,496.12503504753113,-2.9241006060942709e-08,2.8329782963965044e-09,0.066315888648941362,0,0,0,3.3833882961922801e-05,5.6659562469704629e-06,-0.0013623445361869019,-0.83024270786186505,0.30094357764062346,0.74204151532745943,-82358.412907440244,-0.83020887397890308,82358.71385668384,0.74067917079127255,0.59246590288745415,0,0,0,0.033099999999999997,0,0,0
202,3.3833335097879171,1,0.033333335071802139,496.12503051757812,496.12503504753113,496.12503504753113,2.4189714622480096e-06,0.00014689273666590452,0.066325308007447903,0.23446501791477203,-162.01461791992188,0.44405648112297058,-0.020776499337182619,0.29378545540056678,0.020815724022286597,-1.0647196975494062,0.082714204160805049,0.29787311133621808,-82847.645840342913,-1.0854961968865888,82848.02234000247,0.31868883535850467,0.53790532716636819,0,0,3.4438209999999998,3.496734,-0.28725290298461914,489.0113525390625,-0.38848400115966797
203,3.4000001773238182,0,0,496.12503051757812,496.12503504753113,496.12503504753113,7.4285253504058346e-09,-0.00014469257439486682,0.066325308007447903,0,0,0,0.020538211739862033,-0.28938513112706588,-0.021727124969326939,-1.0647196975494062,0.082714204160805049,0.29787311133621808,-83174.64587138452,-1.0441814858095442,83174.439200457549,0.27614598636689114,0.53790428823347258,0,0,0,0.042025,0,0,0
204,3.4166668448597193,1,0.033333335071802139,496.12503051757812,496.12503504753113,496.12503504753113,1.1639148311815006e-07,6.53777715342585e-06,0.066325458007402152,0.22136068344116211,-162.16522216796875,0.5054817795753479,0.00016874975408463343,0.0130755535087832,0.0002958096378265964,-1.2863880257991283,0.015108318772033908,-0.20781096602313695,-83663.87880428716,-1.2862192760450437,83663.906988159448,-0.20751515638531035,0.43339677985647823,0,0,3.2559089999999999,3.324281,-0.25958395004272461,489.40438842773438,-0.48357439041137695
205,3.4333335123956203,0,0,496.12503051757812,496.12503504753113,496.12503504753113,7.4144779205198574e-09,-6.5386198002670426e-06,0.066325458007402152,0,0,0,-0.0018573596210941998,-0.013077238802362723,-0.0013020044549411566,-1.2863880257991283,0.015108318772033908,-0.20781096602313695,-83990.878835328767,-1.2882453854202225,83990.880866408741,-0.20911297047807811,0.43339678029863993,0,0,0,0.032063000000000001,0,0,0
206,3.4500001799315214,1,0.033333335071802139,496.12503051757812,496.12503504753113,496.12503504753113,0.0001992939505726099,0.011957190930843353,0.066327125518297655,3.8946294784545898,-120.97153472900391,0.28299155831336975,-3.4164914638705568,23.914380402068673,0.0012890443836055879,-5.1812881150440413,-41.246275749971339,-0.49057193735987648,-84480.111768231436,-8.5977795789145972,84462.779872883533,-0.48928289297627087,3.2319419845757422,0,0,3.8913489999999999,3.9647830000000002,-31.101800918579102,257.5225830078125,-0.2829207181930542
207,3.4666668474674225,0,0,496.12503051757812,496.12503504753113,496.12503504753113,1.1248630471527576e-08,-0.011956961825489998,0.066327125518297655,0,0,0,3.4225182847136892,-23.913922191389929,0.00080914771451626871,-5.1812881150440413,-41.246275749971339,-0.49057193735987648,-84807.111799273043,-1.7587698303303521,84741.951601331675,-0.48976278964536019,3.2319418942230187,0,0,0,0.047530999999999997,0,0,0
208,3.4833335150033236,1,0.033333335071802139,496.12503051757812,496.12503504753113,496.12503504753113,7.3050392401796671e-09,-2.3661544901187881e-07,0.066134237361197529,-7.3201689720153809,-138.48075866699219,-2.4502081871032715,-0.00054015552109447015,-0.00047323086914003581,0.00042007949042175904,2.1389796420366558,-64.998336565384051,1.959546734813997,-85296.344732175698,2.1384394865155611,85231.345922379449,1.9599668143044187,5.8728771692372463,0,0,3.4347120000000002,3.4889800000000002,24.900041580200195,193.09590148925781,23.772956848144531
209,3.5000001825392246,0,0,496.12503051757812,496.12503504753113,496.12503504753113,7.2228969472121207e-09,-4.9285455716585602e-09,0.066134237361197529,0,0,0,0.00028110313781825116,-9.8570905416880223e-06,-0.00038413717149613988,2.1389796420366558,-64.998336565384051,1.959546734813997,-85623.344763217305,2.1392607451744738,85558.346416794826,1.9591625976425009,5.8728771690249051,0,0,0,0.032127999999999997,0,0,0
210,3.5166668500751257,1,0.033333335071802139,496.12503051757812,496.12503504753113,496.12503504753113,4.8997208068612963e-05,0.0029393990989774466,0.066317944654396624,4.045229434967041,-227.56343078613281,3.1041109561920166,0.42097599702972488,5.8787978391415265,0.42128359539504778,-1.9062094422803548,0.33213960596295183,-1.1445740833075351,-86112.577696119974,-1.4852334452506299,86118.788633565084,-0.72329048791248729,0.39351923253519688,0,0,3.2611859999999999,3.3471540000000002,-2.9735157489776611,554.5633544921875,-2.0306901931762695
211,3.5333335176110268,0,0,496.12503051757812,496.12503504753113,496.12503504753113,7.123162504285574e-09,-0.0029394049197435379,0.066317944654396624,0,0,0,-0.41984938782150749,-5.8788094806729987,-0.42134485895441998,-1.9062094422803548,0.33213960596295183,-1.1445740833075351,-86439.577727161581,-2.3260588301018625,86434.031057286877,-1.565918942261955,0.39351872408451438,0,0,0,0.043744999999999999,0,0,0
212,3.5500001851469278,1,0.033333335071802139,496.12503051757812,496.12503504753113,496.12503504753113,0.00020289732492528856,0.012173411436378956,0.066286203888606052,4.0752749443054199,-119.96463775634766,-0.22791844606399536,-3.4780323245224167,24.346821386745773,0.00116885989569631,-5.9814144827270557,-41.936070441754637,-0.91666558830077383,-86928.810660064235,-9.4594468072494724,86911.221411009232,-0.91549672840507756,3.3104828562581239,0,0,3.6630410000000002,3.7196549999999999,-31.356666564941406,258.93621826171875,0.64751291275024414
213,3.5666668526828289,0,0,496.12503051757812,496.12503504753113,496.12503504753113,1.1365045793354511e-08,-0.012173157185316086,0.066286203888606052,0,0,0,3.4845154933992575,-24.34631288465107,0.00083865911048500164,-5.9814144827270557,-41.936070441754637,-0.91666558830077383,-87255.810691105842,-2.4968989893277982,87189.52830777943,-0.91582692919028885,3.3104816591631185,0,0,0,0.03202,0,0,0
214,3.58333352021873,1,0.033333335071802139,496.12503051757812,496.12503504753113,496.12503504753113,7.2817343266251555e-09,-2.4499868800376134e-07,0.066133422384253973,-8.4696683883666992,-139.04112243652344,-2.9025969505310059,-0.00060390649148077402,-0.00048999734610045628,0.00056275043765204383,2.4882243922348515,-65.127890661482965,1.985877971604797,-87745.043624008511,2.4876204857433706,87679.915243349678,1.9864407220424489,5.8190587546715395,0,0,3.2624919999999999,3.3146529999999998,25.890335083007812,193.54460144042969,24.400747299194336
215,3.600000187754631,0,0,496.12503051757812,496.12503504753113,496.12503504753113,7.1894898923119399e-09,-5.5346527361166409e-09,0.066133422384253973,0,0,0,0.00027835254179087859,-1.1069304796616493e-05,-0.00040119326565797933,2.4882243922348515,-65.127890661482965,1.985877971604797,-88072.043655050104,2.4885027447766426,88006.915753319321,1.9854767783391389,5.819058754378049,0,0,0,0.031743,0,0,0
216,3.6166668552905321,1,0.033333335071802139,496.12503051757812,496.12503504753113,496.12503504753113,4.9279431550530717e-05,0.0029563345015048981,0.066316735328865714,4.382871150970459,-227.67030334472656,3.2474503517150879,0.4219641884287384,5.9126686421291197,0.42280849049875613,-1.8945139482013822,0.30936147493277305,-1.2615292169629029,-88561.276587952758,-1.4725497597726438,88567.498618069818,-0.83872072646414675,0.30439162586031843,0,0,3.6604700000000001,3.7180409999999999,-3.3045206069946289,554.66998291015625,-2.1679801940917969
217,3.6333335228264332,0,0,496.12503051757812,496.12503504753113,496.12503504753113,7.5742718763649464e-09,-0.0029563112184405327,0.066316735328865714,0,0,0,-0.42219276989919408,-5.9126220760032311,-0.42318518135336625,-1.8945139482013822,0.30936147493277305,-1.2615292169629029,-88888.276618994365,-2.3167067181005763,88882.673358393295,-1.6847143983162691,0.30439151844083701,0,0,0,0.047733999999999999,0,0,0
218,3.6500001903623343,1,0.033333335071802139,496.12503051757812,496.12503504753113,496.12503504753113,7.4641759439941779e-09,-6.605754165889266e-09,0.066276448671104132,0.29675224423408508,-73.302734375,-0.21192312240600586,2.4698861891454121e-05,-1.3211507525412057e-05,8.550966346005523e-05,-2.1909960331310523,-88.620840628682103,-1.0497132015713118,-89377.509551897019,-2.190971334269161,89288.888698056835,-1.0496276919078518,9.202599191252169,0,0,3.5229629999999998,3.5902829999999999,0,0,0
219,3.6666668578982353,0,0,496.12503051757812,496.12503504753113,496.12503504753113,7.4593460297478487e-09,-2.8977997779122688e-10,0.066276448671104132,0,0,0,-0.0004812169710986143,-5.7955992020892132e-07,-0.00030848949954599345,-2.1909960331310523,-88.620840628682103,-1.0497132015713118,-89704.509582938626,-2.1914772501021509,89615.888741730378,-1.0500216910708577,9.2025991913315686,0,0,0,0.032682000000000003,0,0,0
220,3.6833335254341364,1,0.033333335071802139,496.12503051757812,496.12503504753113,496.12503504753113,0.00023427624546457082,0.014056125655770302,0.066337160867493167,-5.0328288078308105,-202.45138549804688,-0.31043398380279541,4.016697161609045,28.112249595704952,-0.00090370162011241262,2.8418382968958125,-48.402453326541441,-0.73944194517064821,-90193.742515841295,6.858535458504857,90173.452312110458,-0.74034564679076065,4.6738987076422021,0,0,3.2415609999999999,3.2953589999999999,37.018466949462891,305.5540771484375,0.31162905693054199
221,3.7000001929700375,0,0,496.12503051757812,496.12503504753113,496.12503504753113,1.2703821994364262e-08,-0.014055811800062656,0.066337160867493167,0,0,0,-4.0169034495467315,-28.111621884327974,0.0011196506646788396,2.8418382968958125,-48.402453326541441,-0.73944194517064821,-90520.742546882902,-1.175065152650919,90444.228471672031,-0.73832229450596931,4.6738978427902333,0,0,0,0.048287999999999998,0,0,0
222,3.7166668605059385,1,0.033333335071802139,496.12503051757812,496.12503504753113,496.12503504753113,7.252769052001895e-09,-3.2706316233088728e-07,0.066164340038283351,2.5676805973052979,-147.29598999023438,-3.108100414276123,0.0001633304591806134,-0.00065412628473707213,-0.0018263159540201773,0.27425084013310969,-63.339337014970965,2.3687401620204347,-91009.975479785557,0.27441417059229029,90946.6354886443,2.3669138460664145,6.1837483722688722,0,0,3.6830639999999999,3.7375419999999999,22.469449996948242,209.54295349121094,23.922033309936523
223,3.7333335280418396,0,0,496.12503051757812,496.12503504753113,496.12503504753113,7.1626322650786278e-09,-5.4082152090018099e-09,0.066164340038283351,0,0,0,8.6363849463141212e-05,-1.0816429757821099e-05,-0.00025048363630987905,0.27425084013310969,-63.339337014970965,2.3687401620204347,-91336.975510827164,0.27433720398257283,91273.636162995768,2.3684896783841247,6.1837483712611379,0,0,0,0.032052999999999998,0,0,0
224,3.7500001955777407,1,0.033333335071802139,496.12503051757812,496.12503504753113,496.12503504753113,0.00022931072453502566,0.013758213259279728,0.066445983439481188,0.66289854049682617,-179.20182800292969,-0.87976831197738647,-0.00083748245178640046,27.516424839090064,3.930253668154478,-0.38857976965539909,-46.370429242249386,3.2485549802756459,-91826.208443729833,-0.38941725210718547,91807.354439326678,7.1788086484301239,4.4244052395628737,0,0,3.24587,3.2994219999999999,-0.66471767425537109,287.05099487304688,32.187980651855469
225,3.7666668631136417,0,0,496.12503051757812,496.12503504753113,496.12503504753113,1.0186340659856796e-08,-0.013758031651377678,0.066445983439481188,0,0,0,-0.00048149220691593927,-27.516061623308133,-3.9364888724109619,-0.38857976965539909,-46.370429242249386,3.2485549802756459,-92153.208474771425,-0.38906126186231504,92079.321983905873,-0.68793389213531597,4.4244056006061667,0,0,0,0.031876000000000002,0,0,0
226,3.7833335306495428,1,0.033333335071802139,496.12503051757812,496.12503504753113,496.12503504753113,4.1874287148857547e-07,2.4513390599167906e-05,0.066254085880153024,1.0120536088943481,-142.48908996582031,9.0120677947998047,-0.0074445747490272107,0.049026778205978561,-0.0065413969978310449,-1.4005894467727475,-66.114296460423134,-5.7635682607556618,-92642.441407674094,-1.4080340215217748,92576.376137991872,-5.7701096577534932,6.1053729158740051,0,0,3.4687109999999999,3.5266160000000002,-23.407188415527344,194.67694091796875,-25.868392944335938
227,3.8000001981854439,0,0,496.12503051757812,496.12503504753113,496.12503504753113,-5.2463605015873327e-08,-2.8272386771277525e-05,0.066254085880153024,0,0,0,0.0090628740434119948,-0.056544770091335961,0.0024442595858713556,-1.4005894467727475,-66.114296460423134,-5.7635682607556618,-92969.441438715701,-1.3915265727293356,92903.270597485185,-5.7611240011697902,6.1053724332777897,0,0,0,0.032874,0,0,0
228,3.8166668657213449,1,0.033333335071802139,496.12503051757812,496.12503504753113,496.12503504753113,0.0002206550125265494,0.013242447748780251,0.066437046290660384,-3.9632625579833984,-182.32974243164062,-8.4325313568115234,0.00063908307275765616,26.484893881050766,3.7849664240595189,2.562487303851122,-46.01730222918313,2.6689449478790883,-93458.674371618341,2.5631263869238796,93439.141963270202,6.4539113719386076,3.944640701072947,0,0,3.5893099999999998,3.6432660000000001,3.9524576663970947,298.39874267578125,38.570449829101562
229,3.833333533257246,0,0,496.12503051757812,496.12503504753113,496.12503504753113,9.9971657618880272e-09,-0.013238700106739998,0.066437046290660384,0,0,0,-0.00038196075080763545,-26.477398597427737,-3.7876619042565807,2.562487303851122,-46.01730222918313,2.6689449478790883,-93785.674402659948,2.5621053431003142,93713.179701833331,-1.1187169563774924,3.9442236683924197,0,0,0,0.032083,0,0,0
230,3.8500002007931471,1,0.033333335071802139,496.12503051757812,496.12503504753113,496.12503504753113,4.0563949710303859e-07,2.3738539312034845e-05,0.066205770081403312,4.119532585144043,-142.10395812988281,7.3489723205566406,-0.0074651320565166657,0.047477075726298779,-0.0040504157624865755,-1.557006504685216,-66.146353041413704,-4.6801135253728159,-94274.907335562617,-1.5644716367417326,94208.808459596927,-4.6841639411353029,6.0282646205015649,0,0,3.228415,3.2805430000000002,-24.940357208251953,194.40220642089844,-25.763710021972656
231,3.8666668683290482,0,0,496.12503051757812,496.12503504753113,496.12503504753113,-5.0749918045767117e-08,-2.7383362976252101e-05,0.066205770081403312,0,0,0,0.0089279559696069377,-0.054766722609808527,0.0011915897585220228,-1.557006504685216,-66.146353041413704,-4.6801135253728159,-94601.907366604224,-1.548078548715609,94535.7062468402,-4.6789219356142935,6.0282641717652847,0,0,0,0.031787000000000003,0,0,0
232,3.8833335358649492,1,0.033333335071802139,496.12503051757812,496.12503504753113,496.12503504753113,0.00022079901827964932,0.013250986114144325,0.066402101192344617,-2.454866886138916,-182.80598449707031,-8.7488832473754883,0.0001197089358961137,26.501970610736635,3.7865708599270107,0.89785651120571119,-45.573360049234246,4.068791058351346,-95091.140299506878,0.89797622014160727,95072.068910068381,7.8553619182783567,3.9497078303469246,0,0,3.4636840000000002,3.5394100000000002,2.4444475173950195,298.73867797851562,38.908397674560547
233,3.9000002034008503,0,0,496.12503051757812,496.12503504753113,496.12503504753113,9.9535100162029266e-09,-0.01324734278023243,0.066402101192344617,0,0,0,-0.00043191747273750233,-26.494683943357586,-3.7901517950078443,0.89785651120571119,-45.573360049234246,4.068791058351346,-95418.140330548486,0.89742459373297367,95346.072286555893,0.27863926334350175,3.9493038988494957,0,0,0,0.053038000000000002,0,0,0
234,3.9166668709367514,1,0.033333335071802139,496.12503051757812,496.12503504753113,496.12503504753113,3.9848441701906268e-07,2.3311853510676883e-05,0.066200152622396466,3.2117469310760498,-142.05183410644531,8.1951770782470703,-0.0071602812745201194,0.046623704175668523,-0.0043729634913100834,-2.3139392052116445,-65.754348045705044,-4.1262342627542843,-95907.373263451154,-2.3210994864861645,95841.665539109628,-4.1306072262455942,5.9788690755816623,0,0,3.4659580000000001,3.5245959999999998,-24.784107208251953,194.40586853027344,-25.851165771484375
235,3.9333335384726524,0,0,496.12503051757812,496.12503504753113,496.12503504753113,-4.9738758889361634e-08,-2.6893389076576568e-05,0.066200152622396466,0,0,0,0.0086311114689814339,-0.053786774870268728,0.0023219905362328458,-2.3139392052116445,-65.754348045705044,-4.1262342627542843,-96234.373294492761,-2.3053080937426631,96168.565159672187,-4.1239122722180515,5.978868643967167,0,0,0,0.032708000000000001,0,0,0
236,3.9500002060085535,1,0.033333335071802139,496.12503051757812,496.12503504753113,496.12503504753113,4.0701344516946847e-08,5.4264060054265428e-06,0.066398205805797986,-4.0908856391906738,-228.15553283691406,-4.1119546890258789,0.014560788279452008,0.010852811348450009,0.0081443090070430491,1.7770119891798386,0.16829344708316835,-0.0142462050835415,-96723.606227395416,1.7915727774592907,96723.785373653853,-0.0061018960764984507,0.3501134645921376,0,0,3.218893,3.28118,4.1220426559448242,555.166748046875,4.1374020576477051
237,3.9666668735444546,0,0,496.12503051757812,496.12503504753113,496.12503504753113,-3.2304939168170677e-08,-4.3803765947814099e-06,0.066398205805797986,0,0,0,-0.0011958002639868917,-0.0087607526548488801,-8.7813299712205528e-05,1.7770119891798386,0.16829344708316835,-0.0142462050835415,-97050.606258437023,1.7758161889158517,97050.765791131445,-0.014334018383253705,0.35011321779673965,0,0,0,0.032036000000000002,0,0,0
238,3.9833335410803556,1,0.033333335071802139,496.12503051757812,496.12503504753113,496.12503504753113,-3.2201072031057265e-08,6.2321041660595711e-09,0.066393617717992695,0.086989782750606537,-161.89949035644531,-0.071039527654647827,-0.00085748434226406642,1.2464207571364239e-05,3.9498695235158513e-05,1.6898348510712826,-0.16504387021716863,0.056782656420183542,-97539.839191339692,1.6889773667290187,97539.674159933682,0.056822155115418702,0.42288721030308696,0,0,3.6774680000000002,3.7304170000000001,-0.086666643619537354,488.9083251953125,0.071169734001159668
239,4.0000002086162567,0,0,496.12503051757812,496.12503504753113,496.12503504753113,-3.2163455898626125e-08,2.2569059954236081e-09,0.066393617717992695,0,0,0,0.0015753711470812282,4.5138117153459961e-06,-0.00034951742831643151,1.6898348510712826,-0.16504387021716863,0.056782656420183542,-97866.839222381284,1.6914102222183638,97866.674183024879,0.05643313899186711,0.42288721076771718,0,0,0,0.032064000000000002,0,0,0
240,4.0166668761521578,1,0.033333335071802139,496.12503051757812,496.12503504753113,496.12503504753113,-3.2162400742663522e-08,6.3403830796726623e-11,0.066379907078483485,0.073166638612747192,-162.19778442382812,-0.0024094283580780029,-0.000973323776344244,1.2680765385372781e-07,0.00023463846321526791,1.6166949959691392,-0.20020012865319686,0.059250671507991522,-98356.072155283939,1.6157216721927949,98355.871955282098,0.059485309971206789,0.36830378227533833,0,0,3.1838679999999999,3.2374960000000002,-0.075718343257904053,489.19772338867188,0.0029938817024230957
241,4.0333335436880589,0,0,496.12503051757812,496.12503504753113,496.12503504753113,-3.2118347093046395e-08,2.6432100952433757e-09,0.066379907078483485,0,0,0,4.2006601853231129e-05,5.2864198678292691e-06,-0.0013740117608828095,1.6166949959691392,-0.20020012865319686,0.059250671507991522,-98683.072186325546,1.6167370025709924,98682.871991483305,0.057876659747108712,0.3683037823820382,0,0,0,0.031782999999999999,0,0,0
242,4.0500002112239599,1,0.033333335071802139,496.12503051757812,496.12503504753113,496.12503504753113,2.0898341972497292e-06,0.00012731715105473995,0.066365712353972345,-0.13491231203079224,-162.24406433105469,-0.41235527396202087,-0.017043600433883754,0.25463428656783549,0.01891773238681016,1.7517315282225356,-0.1890724948667217,0.47154242476702241,-99172.3051192282,1.7346879277886518,99172.370681019907,0.49046015715383257,0.27153536710707682,0,0,3.2119080000000002,3.2646839999999999,0.091008186340332031,489.24044799804688,0.46152186393737793
243,4.066666878759861,0,0,496.12503051757812,496.12503504753113,496.12503504753113,7.4514900916256011e-09,-0.00012494296242948622,0.066365712353972345,0,0,0,0.017720120750548407,-0.24988590960714596,-0.019014095163570888,1.7517315282225356,-0.1890724948667217,0.47154242476702241,-99499.305150269807,1.769451648973084,99498.866191865338,0.45252832960345152,0.2715343973709996,0,0,0,0.031819,0,0,0
244,4.0833335462957621,1,0.033333335071802139,496.12503051757812,496.12503504753113,496.12503504753113,0.00019828070071525872,0.011896394193172455,0.066352234659146289,-3.5220444202423096,-120.73200988769531,-0.082104116678237915,3.3990408081938028,23.792786934148353,-0.0011138030688506995,5.2735866836697411,-41.689972749805449,0.55348628789811105,-99988.538083172476,8.672627491863544,99970.640897356818,0.55237248482926038,3.1119493141405239,0,0,4.2308589999999997,4.285139,30.574880599975586,258.48696899414062,0.10234534740447998
245,4.1000002138316631,0,0,496.12503051757812,496.12503504753113,496.12503504753113,1.1204974725842476e-08,-0.011896168813109398,0.066352234659146289,0,0,0,-3.399591685463065,-23.792336174049751,0.00080022182037102485,5.2735866836697411,-41.689972749805449,0.55348628789811105,-100315.53811421408,1.8739949982066761,100250.05580529023,0.55428650971848203,3.1119494679846573,0,0,0,0.032073999999999998,0,0,0
246,4.1166668813675642,1,0.033333335071802139,496.12503051757812,496.12503504753113,496.12503504753113,7.2936954254032571e-09,-2.3467674736821209e-07,0.066146467514589538,2.1724817752838135,-140.68753051757812,-2.6304783821105957,-0.00051159221645104974,-0.00046935346608936029,-0.00055680615117432303,3.1010623633798042,-63.235293271265725,3.1838913486173035,-100804.77104711674,3.1005507711633533,100741.53528449201,3.1833345424661292,5.3538846450327044,0,0,3.2655210000000001,3.3173629999999998,21.8526611328125,204.19728088378906,23.043136596679688
247,4.1333335489034653,0,0,496.12503051757812,496.12503504753113,496.12503504753113,7.2150068142207147e-09,-4.721318891398596e-09,0.066146467514589538,0,0,0,0.00071025983955702587,-9.4426372064643194e-06,-0.00011001065342253202,3.1010623633798042,-63.235293271265725,3.1838913486173035,-101131.77107815834,3.1017726232193614,101068.53577544444,3.1837813379638811,5.3538846450356221,0,0,0,0.031815999999999997,0,0,0
248,4.1500002164393663,1,0.033333335071802139,496.12503051757812,496.12503504753113,496.12503504753113,4.5011354814050719e-05,0.0027002482675015926,0.066327767256571329,2.0544013977050781,-225.85052490234375,2.8785758018493652,0.38547322595270828,5.4004962053830354,0.38651039909539087,1.0462910702515951,0.3823653228020652,0.30549904546552231,-101621.00401106101,1.4317642962043033,101626.7868725892,0.69200944456091318,0.20869904526758684,0,0,3.3162829999999999,3.3681040000000002,-1.0700066089630127,552.8504638671875,-1.8925129175186157
249,4.1666668839752674,0,0,496.12503051757812,496.12503504753113,496.12503504753113,7.5560819823294878e-09,-0.0027002277784049511,0.066327767256571329,0,0,0,-0.38559031065548943,-5.4004552271922535,-0.38658691306099158,1.0462910702515951,0.3823653228020652,0.30549904546552231,-101948.00404210262,0.66070075959610564,101942.98595219823,-0.081087867595469265,0.20869889608013079,0,0,0,0.031857000000000003,0,0,0
250,4.1833335515111685,1,0.033333335071802139,496.12503051757812,496.12503504753113,496.12503504753113,7.4607289235473218e-09,-5.7212039550336158e-09,0.066283695349076965,-0.010621845722198486,-73.181533813476562,0.29155528545379639,0.00053935499527551362,-1.1442407211678077e-05,0.00039401024747204999,1.0568095090800997,-88.669007320383514,0.014084993534209719,-102437.23697500526,1.0573488640753752,102348.56795624246,0.014479003781681769,8.9928726052875003,0,0,3.2186919999999999,3.2711649999999999,0,0,0
251,4.2000002190470695,0,0,496.12503051757812,496.12503504753113,496.12503504753113,7.4683308426415351e-09,4.5608872234481623e-10,0.066283695349076965,0,0,0,0.00031242931666676868,9.121773890147396e-07,-0.00051822516090623688,1.0568095090800997,-88.669007320383514,0.014084993534209719,-102764.23700604687,1.0571219383967665,102675.56799963866,0.013566768373303482,8.9928726052944867,0,0,0,0.031951,0,0,0
252,4.2166668865829706,1,0.033333335071802139,496.12503051757812,496.12503504753113,496.12503504753113,6.9934543489580392e-07,4.1512623283779249e-05,0.066309668529195856,2.9797241687774658,-184.79525756835938,-3.165184497833252,-0.0086866852298466135,0.0830252415000996,0.0049023280289569038,-1.9230141858796896,-66.106709046932821,3.1795436641718342,-103253.46993894955,-1.9317008711095363,103187.44625514412,3.1844459922007911,5.908239368485626,0,0,3.2348379999999999,3.2966869999999999,-24.86236572265625,206.94059753417969,24.831943511962891
253,4.2333335541188717,0,0,496.12503051757812,496.12503504753113,496.12503504753113,5.6286353355972096e-09,-4.1623006836744025e-05,0.066309668529195856,0,0,0,0.0075023108334138777,-0.083246008592554599,-0.0035454529661989587,-1.9230141858796896,-66.106709046932821,3.1795436641718342,-103580.46996999114,-1.9155118750462758,103514.28001493562,3.1759982112056351,5.9082393593977205,0,0,0,0.031884000000000003,0,0,0
254,4.2500002216547728,1,0.033333335071802139,496.12503051757812,496.12503504753113,496.12503504753113,5.0599453516042558e-09,-3.4121391934149869e-08,0.066311841615203274,-3.3346498012542725,-228.35789489746094,3.4257078170776367,-0.00094860428029300281,-6.8242779703090763e-05,-0.0066204766478288601,1.4118308598335831,0.018477806970390528,-0.24607578353949963,-104069.7029028938,1.4108822555532901,104069.72131245799,-0.25269626018732849,0.16468033990788652,0,0,3.3054969999999999,3.3577759999999999,3.3293395042419434,555.42401123046875,-3.4366960525512695
255,4.2666668891906738,0,0,496.12503051757812,496.12503504753113,496.12503504753113,4.9258765955073613e-09,-8.0441147076726338e-09,0.066311841615203274,0,0,0,0.00020329228969538649,-1.6088228433397671e-05,-0.00083213945495668948,1.4118308598335831,0.018477806970390528,-0.24607578353949963,-104396.7029339354,1.4120341521232784,104396.72139565415,-0.24690792299445632,0.16468032549054645,0,0,0,0.031664999999999999,0,0,0
256,4.2833335567265749,1,0.033333335071802139,496.12503051757812,496.12503504753113,496.12503504753113,4.9220099107571968e-09,-2.3200463772354851e-10,0.066309461433465819,0.012925922870635986,-162.10733032226562,0.074068509042263031,0.00017630940253009209,-4.640092471262184e-07,0.0024891604270626533,1.3990924492635171,-0.10712049987448122,-0.32021855721005432,-104885.93586683806,1.3992687586660471,104885.82874587417,-0.31772939678299167,0.16280571882108411,0,0,3.3298320000000001,3.3833449999999998,-0.013785857707262039,489.08673095703125,-0.067216470837593079
257,4.300000224262476,0,0,496.12503051757812,496.12503504753113,496.12503504753113,4.9086135156528599e-09,-8.0378192990337993e-10,0.066309461433465819,0,0,0,0.00046644649382624609,-1.6075637616888485e-06,-0.00075246664391926538,1.3990924492635171,-0.10712049987448122,-0.32021855721005432,-105212.93589787967,1.3995588957573433,105212.82877577223,-0.32097102385397358,0.16280571738310573,0,0,0,0.033028000000000002,0,0,0
258,4.316666891798377,1,0.033333335071802139,496.12503051757812,496.12503504753113,496.12503504753113,4.9661443846105158e-09,3.4518539138161941e-09,0.066294024844153407,0.35033097863197327,-162.03959655761719,-0.37815621495246887,0.00042020681967223569,6.9037074062635023e-06,0.001484679865247758,1.0489125745477892,-0.30039991421779133,0.057801782709449794,-105702.16883078234,1.0493327813674613,105701.86843777183,0.059286462574697552,0.17898605690745925,0,0,4.1839729999999999,4.2579529999999997,-0.35166949033737183,489.01968383789062,0.38475710153579712
259,4.3333335593342781,0,0,496.12503051757812,496.12503504753113,496.12503504753113,4.9523967149411874e-09,-8.2485285268774078e-10,0.066294024844153407,0,0,0,-4.2574581259821609e-06,-1.6497056046854361e-06,-0.0012741686891713302,1.0489125745477892,-0.30039991421779133,0.057801782709449794,-106029.16886182394,1.0489083170896631,106028.86846026003,0.056527614020278463,0.1789860566780028,0,0,0,0.046053999999999998,0,0,0
260,4.3500002268701792,1,0.033333335071802139,496.12503051757812,496.12503504753113,496.12503504753113,4.9644577337915052e-09,7.2367178916010744e-10,0.066267768389919185,-0.04527166485786438,-162.09942626953125,-0.032782711088657379,-0.00013433677882841114,1.4473434899813734e-06,-0.0049889587582553074,1.0940829060758583,-0.43389547679828366,0.090733976738718677,-106518.4017947266,1.0939485692970299,106517.96790069714,0.08574501798046337,0.19287268892695669,0,0,4.9657720000000003,5.0441779999999996,0.048498891294002533,489.08123779296875,0.020162694156169891
261,4.3666668944060802,0,0,496.12503051757812,496.12503504753113,496.12503504753113,4.9647335131908221e-09,1.6553869386370934e-11,0.066267768389919185,0,0,0,0.00025822337890615138,3.3107736752005859e-08,-0.00010759432509936835,1.0940829060758583,-0.43389547679828366,0.090733976738718677,-106845.4018257682,1.0943411294547645,106844.96793032451,0.090626382413619311,0.19287268125544138,0,0,0,0.045205000000000002,0,0,0
262,4.3833335619419813,1,0.033333335071802139,496.12503051757812,496.12503504753113,496.12503504753113,4.9559671921883819e-09,-5.2597659561115506e-10,0.06624050058272421,-0.044157177209854126,-162.27105712890625,-0.024846045300364494,-0.0054962712339615416,-1.0519531270161827e-06,-0.0039618569045380969,1.1382119143155724,-0.39557824483608761,0.11548142221359436,-107334.63475867087,1.132715643081611,107334.23917937408,0.11151956530905627,0.18898319798595631,0,0,4.7252919999999996,4.7996299999999996,0.037995994091033936,489.2529296875,0.013611253350973129
263,4.4000002294778824,0,0,496.12503051757812,496.12503504753113,496.12503504753113,4.9206012597835525e-09,-2.121944620014915e-09,0.06624050058272421,0,0,0,0.00079520180782756758,-4.2438889810033872e-06,-0.00043020677015129932,1.1382119143155724,-0.39557824483608761,0.11548142221359436,-107661.63478971248,1.1390071161234001,107661.23920722376,0.11505121544344307,0.1889831826856492,0,0,0,0.049481999999999998,0,0,0
264,4.4166668970137835,1,0.033333335071802139,496.12503051757812,496.12503504753113,496.12503504753113,4.9299093696220098e-09,5.5849608271429929e-10,0.066219064907557343,0.30056172609329224,-162.33352661132812,-0.21117833256721497,-0.0009267399721534543,1.1169920972528072e-06,-3.134593282354438e-06,0.83776449082008664,-0.29487734950067751,0.32670474329231042,-108150.86772261512,0.83683775084793321,108150.57284638261,0.32670160869902809,0.17844508495325817,0,0,4.9083490000000003,4.9943330000000001,-0.30228078365325928,489.3336181640625,0.21160542964935303
265,4.4333335645496845,0,0,496.12503051757812,496.12503504753113,496.12503504753113,4.9333257479133863e-09,2.0497248343076535e-10,0.066219064907557343,0,0,0,0.0015946613011547789,4.099449418404756e-07,-0.00036273966148378523,0.83776449082008664,-0.29487734950067751,0.32670474329231042,-108477.86775365673,0.83935915212124146,108477.57287671717,0.32634200363082666,0.17844508540750065,0,0,0,0.044082999999999997,0,0,0
266,4.4500002320855856,1,0.033333335071802139,496.12503051757812,496.12503504753113,496.12503504753113,4.9931698775651512e-09,3.5906531081764115e-09,0.066203280320378408,0.21422392129898071,-162.30073547363281,-0.10912153124809265,0.0015798883796155488,7.181305778040676e-06,0.0027331944389319823,0.62336498517438965,-0.22702216331052522,0.43593392985550361,-108967.10068655938,0.62494487355400519,108966.87367157737,0.43866712429443561,0.17914929647855787,0,0,4.6577510000000002,4.7374169999999998,-0.21290917694568634,489.28097534179688,0.11527971923351288
267,4.4666668996214867,0,0,496.12503051757812,496.12503504753113,496.12503504753113,4.8605621749686634e-09,-7.9564523858266512e-09,0.066203280320378408,0,0,0,-1.1952692328003056e-05,-1.5912903800406673e-05,-0.0012755355459378309,0.62336498517438965,-0.22702216331052522,0.43593392985550361,-109294.10071760099,0.62335303248206164,109293.87367952477,0.43465839430956577,0.179149293100926,0,0,0,0.044500999999999999,0,0,0
268,4.4833335671573877,1,0.033333335071802139,496.12503051757812,496.12503504753113,496.12503504753113,3.4256604521942791e-06,0.00020524798310361803,0.066190947632805835,0.27876845002174377,-162.28033447265625,-0.032422229647636414,-0.031198187485938389,0.41049594115255061,-0.028350126829041145,0.34436426859934849,-0.17962123833509408,0.46836017304131722,-109783.33365050366,0.3131660811134101,109783.56452520647,0.44001004621227607,0.18838446597963232,0,0,4.864776,4.9415839999999998,-0.35344934463500977,489.2783203125,-0.039278745651245117
269,4.5000002346932888,0,0,496.12503051757812,496.12503504753113,496.12503504753113,7.4483068601693958e-09,-0.00020509271416813135,0.066190947632805835,0,0,0,0.029478322195921614,-0.41018540330053099,0.028579888823547672,0.34436426859934849,-0.17962123833509408,0.46836017304131722,-110110.33368154526,0.3738425907952701,110109.74387490362,0.49694006186486489,0.18838433793708986,0,0,0,0.044274000000000001,0,0,0
270,4.5166669022291899,1,0.033333335071802139,496.12503051757812,496.12503504753113,496.12503504753113,0.00019890727708116174,0.011933988891541958,0.06617325445523066,0.09115949273109436,-120.81596374511719,-3.4570488929748535,-0.00069876757889369284,23.867976326298162,3.4093619571663822,0.25341015204902262,-41.596585631245134,3.925313972467964,-110599.56661444792,0.25271138447012892,110581.83800514297,7.3346759296343462,3.0885715912755263,0,0,4.3041359999999997,4.360341,-0.12198245525360107,258.134033203125,30.585350036621094
271,4.5333335697650909,0,0,496.12503051757812,496.12503504753113,496.12503504753113,9.5315044745802879e-09,-0.011933864094316959,0.06617325445523066,0,0,0,-0.0003625581888801483,-23.867726731863399,-3.413908440867516,0.25341015204902262,-41.596585631245134,3.925313972467964,-110926.56664548953,0.25304759386014247,110861.10233312642,0.51140553160044799,3.0885724849596392,0,0,0,0.032154000000000002,0,0,0
272,4.550000237300992,1,0.033333335071802139,496.12503051757812,496.12503504753113,496.12503504753113,3.6938493508387182e-07,2.1591204131254926e-05,0.065963523449743711,2.6064078807830811,-138.64910888671875,7.347836971282959,-0.0066313874003527395,0.043182405626864817,-0.0040566439818241762,-2.3529217053645142,-65.18040616722233,-3.4227128461151963,-111415.79957839219,-2.3595530927648669,111350.66235463059,-3.4267694900970205,5.6855037574238461,0,0,3.449392,3.5045380000000002,-23.899318695068359,192.51670837402344,-25.067815780639648
273,4.5666669048368931,0,0,496.12503051757812,496.12503504753113,496.12503504753113,-4.5434717321768403e-08,-2.4889177439035848e-05,0.065963523449743711,0,0,0,0.0079809264792939372,-0.049778351839842028,0.0021457770853879343,-2.3529217053645142,-65.18040616722233,-3.4227128461151963,-111742.7996094338,-2.3449407788852201,111677.56942491473,-3.4205670690298082,5.6855033876168193,0,0,0,0.042902000000000003,0,0,0
274,4.5833335723727942,1,0.033333335071802139,496.12503051757812,496.12503504753113,496.12503504753113,0.00022048814571462572,0.013232014141976833,0.066130535841799121,-3.4633595943450928,-181.71932983398438,-8.2689113616943359,-0.00022988500365743458,26.464026668717565,3.7831112296041169,1.1104257869802743,-45.693874485292227,4.8459024067782064,-112232.03254233644,1.1101959019766168,112212.80269451987,8.6290136363823233,3.7701377484278145,0,0,3.3048389999999999,3.3803519999999998,3.4536666870117188,297.954345703125,38.382553100585938
275,4.6000002399086952,0,0,496.12503051757812,496.12503504753113,496.12503504753113,9.9971657618880272e-09,-0.013228688389062881,0.066130535841799121,0,0,0,-0.00040078973425211606,-26.457375163295637,-3.7847792282334467,1.1104257869802743,-45.693874485292227,4.8459024067782064,-112559.03257337805,1.1100249972460221,112486.88132372947,1.0611231785447597,3.7697676064460044,0,0,0,0.031898999999999997,0,0,0
276,4.6166669074445963,1,0.033333335071802139,496.12503051757812,496.12503504753113,496.12503504753113,4.0142893453776196e-07,2.3485905330744572e-05,0.065917321208382937,3.2576882839202881,-142.07707214355469,8.1464614868164062,-0.0072761499829592235,0.046971807794557341,-0.0038635468997397227,-2.1470696990434792,-65.849745978787382,-3.3006186405678921,-113048.26550628073,-2.1543458490264387,112982.46273210974,-3.3044821874676318,5.8489359217945678,0,0,3.2714989999999999,3.3236080000000001,-24.77549934387207,194.53668212890625,-25.841796875
277,4.6333335749804974,0,0,496.12503051757812,496.12503504753113,496.12503504753113,-5.0243556870555039e-08,-2.7100348233943805e-05,0.065917321208382937,0,0,0,0.0086924941721522875,-0.054200693159739632,0.0023513710786593478,-2.1470696990434792,-65.849745978787382,-3.3006186405678921,-113375.26553732232,-2.1383772048713268,113309.36159065038,-3.2982672694892328,5.8489354830358025,0,0,0,0.031909,0,0,0
278,4.6500002425163984,1,0.033333335071802139,496.12503051757812,496.12503504753113,496.12503504753113,2.50275320468063e-08,4.5162651076680049e-06,0.066118660731380494,-3.3030192852020264,-228.47067260742188,-4.2390689849853516,0.0027854133014207638,0.0090325296640341168,0.00070227709135995547,1.1558612753052719,0.38798678721202362,0.93833958755919888,-113864.49847022498,1.1586466886066926,113864.89548954186,0.93904186465055883,0.24052062805870256,0,0,3.429173,3.4833530000000001,3.3166933059692383,555.47760009765625,4.2328605651855469
279,4.6666669100522995,0,0,496.12503051757812,496.12503504753113,496.12503504753113,-3.258165293118509e-08,-3.4565509849926457e-06,0.066118660731380494,0,0,0,-0.00052447355965630146,-0.0069131015480430325,-0.00023084517420851776,1.1558612753052719,0.38798678721202362,0.93833958755919888,-114191.49850126659,1.1553368017456156,114191.87957495225,0.93810874238499031,0.24052046565500798,0,0,0,0.032843999999999998,0,0,0
280,4.6833335775882006,1,0.033333335071802139,496.12503051757812,496.12503504753113,496.12503504753113,-3.2527683657690432e-08,3.2380504944029553e-09,0.06613267258721954,0.55937999486923218,-161.93197631835938,-0.2322479784488678,-0.00084043228398471975,6.4761005935360749e-06,0.00018250557639226585,0.59673269020100972,0.087039921622234853,1.1707292617733926,-114680.73143416924,0.59589225791702505,114680.81848056696,1.1709117673497849,0.24177731417548687,0,0,3.4241549999999998,3.4775499999999999,-0.55970305204391479,488.93896484375,0.23266303539276123
281,4.7000002451241016,0,0,496.12503051757812,496.12503504753113,496.12503504753113,-3.2479992029266214e-08,2.8614035585405873e-09,0.06613267258721954,0,0,0,3.9727408269699116e-05,5.7228067677887479e-06,-0.0013698758339789341,0.59673269020100972,0.087039921622234853,1.1707292617733926,-115007.73146521085,0.59677241760927946,115007.81851085527,1.1693593859394138,0.24177731438354738,0,0,0,0.03209,0,0,0
282,4.7166669126600027,1,0.033333335071802139,496.12503051757812,496.12503504753113,496.12503504753113,1.7110862700064899e-06,0.00010461397323524579,0.066131412070624687,0.46634000539779663,-162.10011291503906,0.34442663192749023,-0.014577831299628308,0.20922793370023118,0.014630525600443423,0.13025884092758377,-0.045730790877630476,0.82633844784968458,-115496.96439811352,0.11568100962795547,115497.12789525634,0.840968973450128,0.25992298536912267,0,0,3.3162159999999998,3.3698570000000001,-0.50418400764465332,489.09548950195312,-0.30384206771850586
283,4.7333335801959038,0,0,496.12503051757812,496.12503504753113,496.12503504753113,7.4242052505724132e-09,-0.00010221971751889214,0.066131412070624687,0,0,0,0.014527690859779896,-0.20443942255979142,-0.015067498669702417,0.13025884092758377,-0.045730790877630476,0.82633844784968458,-115823.96442915512,0.14478653178736367,115823.71425894169,0.8112709491799821,0.25992218137592132,0,0,0,0.032807000000000003,0,0,0
284,4.7500002477318048,1,0.033333335071802139,496.12503051757812,496.12503504753113,496.12503504753113,1.1938396937694051e-07,6.7175851654610597e-06,0.066122134349175868,0.0034938454627990723,-162.12333679199219,0.18152913451194763,0.0012080762816616408,0.013435169510904399,0.00046717983072821004,0.12664771474108474,-0.15518208664966388,0.6448017328169523,-116313.19736205778,0.12785579102274638,116313.05561514063,0.64526891264768049,0.29900766460591988,0,0,3.3226089999999999,3.376487,-0.029485702514648438,489.27798461914062,-0.18315434455871582
285,4.7666669152677059,0,0,496.12503051757812,496.12503504753113,496.12503504753113,7.4352470846861252e-09,-6.716923053318169e-06,0.066122134349175868,0,0,0,-0.0016268367206292433,-0.013433845286699442,-0.00010971708560374334,0.12664771474108474,-0.15518208664966388,0.6448017328169523,-116640.19739309938,0.1250208780204555,116640.02877716745,0.6446920157313486,0.29900766456460021,0,0,0,0.032023000000000003,0,0,0
286,4.783333582803607,1,0.033333335071802139,496.12503051757812,496.12503504753113,496.12503504753113,1.0764118485440122e-07,6.0123561524960678e-06,0.066115022111101235,0.42929157614707947,-162.260498046875,-0.036990135908126831,0.0014212835409300809,0.012024711571061941,0.00022299460116308612,-0.30281722925600013,-0.12752445941350007,0.68141730746605678,-117129.43032600205,-0.30139594571507006,117129.31482625421,0.68164030206721982,0.37909347926035286,0,0,3.3398249999999998,3.3932820000000001,-0.4426872730255127,489.22296142578125,0.023247718811035156
287,4.8000002503395081,0,0,496.12503051757812,496.12503504753113,496.12503504753113,7.4325043897260912e-09,-6.0125203162897378e-06,0.066115022111101235,0,0,0,-0.001694304056670419,-0.012025039898629242,-0.0013408396489628729,-0.30281722925600013,-0.12752445941350007,0.68141730746605678,-117456.43035704366,-0.30451153331267056,117456.29080754434,0.68007646781709385,0.37909347966571888,0,0,0,0.031954999999999997,0,0,0
288,4.8166669178754091,1,0.033333335071802139,496.12503051757812,496.12503504753113,496.12503504753113,7.4333827981831746e-09,5.2715859455432224e-11,0.066111772162776403,0.30828291177749634,-162.35208129882812,-0.079028695821762085,-0.00056218916576846953,1.0543171247582301e-07,0.00019495232326514293,-0.61138957904557678,-0.0083217457004723973,0.76043161193734599,-117945.6632899463,-0.61195176821134523,117945.65496830603,0.76062656426061115,0.52474207082677493,0,0,3.2371699999999999,3.2923559999999998,-0.3071364164352417,489.3641357421875,0.080564200878143311
289,4.8333335854113102,0,0,496.12503051757812,496.12503504753113,496.12503504753113,7.4273724948170639e-09,-3.6061575947599067e-10,0.066111772162776403,0,0,0,2.0779451556804385e-05,-7.2123147493150289e-07,-0.0013377660118058313,-0.61138957904557678,-0.0083217457004723973,0.76043161193734599,-118272.66332098791,-0.61136879959402002,118272.65499852097,0.75909384592554019,0.52474207100686132,0,0,0,0.033024999999999999,0,0,0
290,4.8500002529472113,1,0.033333335071802139,496.12503051757812,496.12503504753113,496.12503504753113,1.6906608379940735e-06,0.00010099400242324919,0.066117130929515475,0.35596507787704468,-162.3382568359375,-0.19251164793968201,-0.013199361195989523,0.20198799251812893,0.015459702774493822,-0.9676328439770806,0.097091121496817548,0.95300671595756692,-118761.89625389058,-0.98083220517307013,118762.19533300459,0.96846641873206074,0.62465977078314094,0,0,3.3153359999999998,3.3686609999999999,-0.3925325870513916,489.33319091796875,0.23324036598205566
291,4.8666669204831123,0,0,496.12503051757812,496.12503504753113,496.12503504753113,7.4497847890597768e-09,-0.00010099265637109056,0.066117130929515475,0,0,0,0.015784641564742352,-0.201985300413976,-0.01500374218550482,-0.9676328439770806,0.097091121496817548,0.95300671595756692,-119088.89628493217,-0.95184820241233825,119088.79139075325,0.9380029737720621,0.6246597847271852,0,0,0,0.031856000000000002,0,0,0
292,4.8833335880190134,1,0.033333335071802139,496.12503051757812,496.12503504753113,496.12503504753113,0.00019825759227387607,0.011895007453858852,0.06611972905340649,-4.0219731330871582,-120.636962890625,0.0011973083019256592,3.3985120498343377,23.790013455690428,-0.0005290259782647494,3.0544731593908434,-41.498779628550686,0.95195754285621037,-119578.12921783484,6.4529852092251812,119560.42045166198,0.95142851687794561,3.4810833848609741,0,0,3.219452,3.2721079999999998,31.074283599853516,258.3675537109375,0.015290379524230957
293,4.9000002555549145,0,0,496.12503051757812,496.12503504753113,496.12503504753113,1.1161318980157375e-08,-0.011894784867763519,0.06611972905340649,0,0,0,-3.3991949420704941,-23.789568283526933,0.00080064729333522919,3.0544731593908434,-41.498779628550686,0.95195754285621037,-119905.12924887644,-0.3447217826796507,119839.84090096437,0.95275819014954555,3.4810838690591814,0,0,0,0.031888,0,0,0
294,4.9166669230908155,1,0.033333335071802139,496.12503051757812,496.12503504753113,496.12503504753113,7.2954455809792762e-09,-2.3195239862161543e-07,0.065920087578548073,1.4739538431167603,-140.47869873046875,-2.7164878845214844,-0.00051560973852066497,-0.00046390476892872907,-0.00055906510850197572,1.5802437291760274,-63.252966224080211,3.6684028679349039,-120394.3621817791,1.5797281194375068,120331.10875165024,3.6678438028264018,5.6885370016580827,0,0,3.4088340000000001,3.4662220000000001,22.474588394165039,204.05255126953125,23.195772171020508
295,4.9333335906267166,0,0,496.12503051757812,496.12503504753113,496.12503504753113,7.2040622356439599e-09,-5.4829873974426846e-09,0.065920087578548073,0,0,0,4.7521095267177849e-05,-1.0965974125575384e-05,-0.00062148730721009113,1.5802437291760274,-63.252966224080211,3.6684028679349039,-120721.36221282071,1.5802912502712947,120658.10923563065,3.667781380627694,5.688537001469407,0,0,0,0.032908,0,0,0
296,4.9500002581626177,1,0.033333335071802139,496.12503051757812,496.12503504753113,496.12503504753113,4.6219021896831691e-05,0.0027727088890969753,0.066102787801603072,1.5094535350799561,-225.93440246582031,2.7230715751647949,0.39597589550476719,5.5454174397285101,0.39684676937037011,0.070746752967408427,0.44855702380203011,0.94495060651432006,-121210.59514572338,0.46672264847217559,121216.58912018691,1.3417973758846902,0.54366143691317048,0,0,3.3047789999999999,3.358257,-0.49713420867919922,552.93438720703125,-1.7106742858886719
297,4.9666669256985188,0,0,496.12503051757812,496.12503504753113,496.12503504753113,7.5415300671011209e-09,-0.0027726886328309774,0.066102787801603072,0,0,0,-0.39611279991487969,-5.545376927198987,-0.39702019908547648,0.070746752967408427,0.44855702380203011,0.94495060651432006,-121537.59517676498,-0.32536604694747129,121532.49835686159,0.54793040742884358,0.54366129431904686,0,0,0,0.032071000000000002,0,0,0
298,4.9833335932344198,1,0.033333335071802139,496.12503051757812,496.12503504753113,496.12503504753113,7.465008167173437e-09,-4.5913219892668167e-09,0.066077584818917887,-2.6873984336853027,-105.447509765625,-2.6826517581939697,-0.00097599609898862266,-9.1826434180695233e-06,0.00011215643551014051,2.7580753680177006,-56.336790892528008,3.6275596907879581,-122026.82810966762,2.757099371918712,121970.49130959246,3.6276718472234681,4.7525858406771047,0,0,3.2000860000000002,3.2519800000000001,21.689350128173828,179.2967529296875,21.427566528320312
299,5.0000002607703209,0,0,496.12503051757812,496.12503504753113,496.12503504753113,7.4610699840604866e-09,-2.3628721201873759e-10,0.066077584818917887,0,0,0,0.00081977800162860714,-4.7257439519382137e-07,-0.00017430300049702321,2.7580753680177006,-56.336790892528008,3.6275596907879581,-122353.82814070923,2.7588951460193294,122297.49134934413,3.6273853877874611,4.7525858405688242,0,0,0,0.031648999999999997,0,0,0
300,5.016666928306222,1,0.033333335071802139,496.12503051757812,496.12503504753113,496.12503504753113,1.2576775532124884e-07,7.0984006015351042e-06,0.066127144307100871,-0.74672830104827881,-155.92391967773438,5.2796330451965332,0.0030296680931154729,0.014196800336566229,-0.0031340230540802261,3.5051644992292115,-62.645764892789941,-1.6520027809991369,-122843.06107361191,3.5081941673223271,122780.42950551945,-1.6551368040532171,5.7166261772940743,0,0,3.3172160000000002,3.3716650000000001,22.951900482177734,195.642822265625,-24.112714767456055
301,5.033333595842123,0,0,496.12503051757812,496.12503504753113,496.12503504753113,-3.1055279237079958e-08,-9.4093811640050262e-06,0.066127144307100871,0,0,0,-0.00034291336031626318,-0.018818761179403953,0.0019439356670269969,3.5051644992292115,-62.645764892789941,-1.6520027809991369,-123170.06110465352,3.5048215858688954,123107.39652099955,-1.6500588453321099,5.7166261845809894,0,0,0,0.032199999999999999,0,0,0
302,5.0500002633780241,1,0.033333335071802139,496.12503051757812,496.12503504753113,496.12503504753113,1.6138558294187533e-06,9.8694661573972553e-05,0.066128128290581858,2.924623966217041,-224.896728515625,-2.9957871437072754,-0.01364184671229951,0.19738931110025693,0.014069361037237382,0.5803027425406011,0.018084603719096766,1.3439366490230336,-123659.29403755616,0.56666089582830159,123659.50951147098,1.3580060100602709,0.45317519276503271,0,0,3.2899050000000001,3.342098,-2.9604020118713379,551.91064453125,3.0312061309814453
303,5.0666669309139252,0,0,496.12503051757812,496.12503504753113,496.12503504753113,7.4198851507389918e-09,-9.638615301810205e-05,0.066128128290581858,0,0,0,0.014993575854348906,-0.19277229427031628,-0.014483482144014403,0.5803027425406011,0.018084603719096766,1.3439366490230336,-123986.29406859777,0.59529631839495001,123986.11938090721,1.329453166879019,0.4531744715116845,0,0,0,0.032777000000000001,0,0,0
304,5.0833335984498262,1,0.033333335071802139,496.12503051757812,496.12503504753113,496.12503504753113,7.4897910096183296e-09,4.1943746253991776e-09,0.066127684575562548,-0.48657619953155518,-162.18502807617188,0.10507284104824066,-0.00042133774784315452,8.3887487387897339e-06,6.586527543263939e-05,1.0670132567416781,-0.029829826992090781,1.2387360449895064,-124475.52700150042,1.0665919189938349,124475.49718006217,1.238801910264939,0.36275877542445978,0,0,3.3618480000000002,3.4157690000000001,0.47115373611450195,489.37774658203125,-0.09052431583404541
305,5.1000002659857273,0,0,496.12503051757812,496.12503504753113,496.12503504753113,7.4423733842365891e-09,-2.8450466427187848e-09,0.066127684575562548,0,0,0,3.5107175466689289e-05,-5.6900929381418369e-06,-0.0013591400454876293,1.0670132567416781,-0.029829826992090781,1.2387360449895064,-124802.52703254203,1.0670483639171449,124802.49719702495,1.2373769049440189,0.36275877583439603,0,0,0,0.047986000000000001,0,0,0
306,5.1166669335216284,1,0.033333335071802139,496.12503051757812,496.12503504753113,496.12503504753113,1.0582191123376106e-07,5.9027720453741495e-06,0.066115493322310814,-0.36254987120628357,-161.96466064453125,0.30514320731163025,0.0016051282202912825,0.011805543370195071,-0.00077479252059179174,1.429815222623539,-0.29812761491712519,0.93374644881843172,-125291.7599654447,1.4314203508438303,125291.47364337315,0.93297165629783996,0.31901124157966898,0,0,3.386889,3.4404910000000002,0.35244488716125488,488.91363525390625,-0.31447148323059082
307,5.1333336010575294,0,0,496.12503051757812,496.12503504753113,496.12503504753113,7.4662480642473383e-09,-5.9013395912188571e-06,0.066115493322310814,0,0,0,-0.0016715427025925794,-0.011802678462059346,-0.0013253569805390664,1.429815222623539,-0.29812761491712519,0.93374644881843172,-125618.7599964863,1.4281436799209464,125618.45006619292,0.93242109183789268,0.31901124170194095,0,0,0,0.032017999999999998,0,0,0
308,5.1500002685934305,1,0.033333335071802139,496.12503051757812,496.12503504753113,496.12503504753113,0.00019860714382957667,0.011915979906916618,0.066084225617703954,0.27177700400352478,-120.66349029541016,-3.3712658882141113,-0.00094534919895403191,23.831958359245846,3.4046215255509225,1.1582621979918062,-41.867532028273814,4.3048512609435967,-126107.99292938896,1.1573168487928522,126089.95735571993,7.7094727864945192,3.1641383387438435,0,0,3.265422,3.3187069999999999,-0.27077484130859375,257.87005615234375,30.487457275390625
309,5.1666669361293316,0,0,496.12503051757812,496.12503504753113,496.12503504753113,9.5024006441235542e-09,-0.011915857903659344,0.066084225617703954,0,0,0,-0.00036206569752919755,-23.831714352746189,-3.408752173747871,1.1582621979918062,-41.867532028273814,4.3048512609435967,-126434.99296043057,1.157900132294277,126369.29371404955,0.89609908719572573,3.164138668625422,0,0,0,0.032036000000000002,0,0,0
310,5.1833336036652327,1,0.033333335071802139,496.12503051757812,496.12503504753113,496.12503504753113,3.6856636143056676e-07,2.1543835828197189e-05,0.065851989956129189,2.801450252532959,-138.69613647460938,7.7593450546264648,-0.0066178727646566127,0.043087669026531605,-0.0040412662463451821,-1.6434145582295727,-65.404301246720834,-3.4544786737290205,-126924.22589333323,-1.6500324309942294,126858.86467975554,-3.4585199399753659,5.7209376186026892,0,0,3.181101,3.2414329999999998,-24.128726959228516,192.65708923339844,-25.431417465209961
311,5.2000002712011337,0,0,496.12503051757812,496.12503504753113,496.12503504753113,-4.5329755948841921e-08,-2.483376556483563e-05,0.065851989956129189,0,0,0,0.007958964912070654,-0.049667528098205738,0.0021433487346824154,-1.6434145582295727,-65.404301246720834,-3.4544786737290205,-127251.22592437484,-1.6354555933175021,127185.77195560002,-3.4523353249943383,5.7209372501544244,0,0,0,0.031595999999999999,0,0,0
312,5.2166669387370348,1,0.033333335071802139,496.12503051757812,496.12503504753113,496.12503504753113,0.00022051695850677788,0.013233736157417297,0.066001610462965626,-3.0454814434051514,-181.61593627929688,-7.9560580253601074,0.00030054790598166639,26.467470699388286,3.7823945769266913,1.4020318001834273,-46.021272469822797,4.5018959323793473,-127740.45885727748,1.402332348089409,127720.90505550704,8.2842905093060395,3.799123864315713,0,0,3.3947600000000002,3.447457,3.035761833190918,297.82382202148438,38.073436737060547
313,5.2333336062729359,0,0,496.12503051757812,496.12503504753113,496.12503504753113,9.9971657618880272e-09,-0.013230416923761368,0.066001610462965626,0,0,0,-0.00038017205905551549,-26.460832232481607,-3.7852805125786375,1.4020318001834273,-46.021272469822797,4.5018959323793473,-128067.45888831909,1.4016516281243718,127994.97678361679,0.71661541980070975,3.7987567195170313,0,0,0,0.042717999999999999,0,0,0
314,5.2500002738088369,1,0.033333335071802139,496.12503051757812,496.12503504753113,496.12503504753113,4.0138627355190692e-07,2.3483346012653783e-05,0.065774088915513479,3.4333808422088623,-142.29356384277344,8.4079198837280273,-0.0072276175296454026,0.04696668915868818,-0.0039952044352379312,-2.0315144695199541,-65.960539070287453,-3.905890609402805,-128556.69182122176,-2.0387420870495996,128490.77824884062,-3.9098858138380428,5.8685293949488671,0,0,3.216364,3.2683879999999998,-24.921485900878906,194.76309204101562,-26.131391525268555
315,5.266666941344738,0,0,496.12503051757812,496.12503504753113,496.12503504753113,-5.0148656782766921e-08,-2.7092093660030514e-05,0.065774088915513479,0,0,0,0.0086996719039005854,-0.054184184012920689,0.0023505800456907616,-2.0315144695199541,-65.960539070287453,-3.905890609402805,-128883.69185226335,-2.0228147976160535,128817.67712900905,-3.9035400293571141,5.8685289562261973,0,0,0,0.031629999999999998,0,0,0
316,5.2833336088806391,1,0.033333335071802139,496.12503051757812,496.12503504753113,496.12503504753113,0.00022077200992498547,0.01324932835996151,0.065959123729848551,-3.1553478240966797,-182.37014770507812,-7.9083428382873535,4.3447013999248218e-05,26.498655102573366,3.7881154583227357,1.1240706773854932,-45.823246009382707,4.0026563790083767,-129372.92478516602,1.1241141243994923,129353.60019425921,7.7907718373311123,3.875662486848678,0,0,3.248383,3.3038180000000001,3.1458511352539062,298.33145141601562,38.062374114990234
317,5.3000002764165401,0,0,496.12503051757812,496.12503504753113,496.12503504753113,9.9826138466596603e-09,-0.013245721347630024,0.065959123729848551,0,0,0,-0.00035552117300665168,-26.491441078350704,-3.7896111622862776,1.1240706773854932,-45.823246009382707,4.0026563790083767,-129699.92481620763,1.1237151562124865,129627.61012911989,0.21304521672209908,3.8752587384164694,0,0,0,0.031787000000000003,0,0,0
318,5.3166669439524412,1,0.033333335071802139,496.12503051757812,496.12503504753113,496.12503504753113,4.0191397943090124e-07,2.3515880457125604e-05,0.065733741031212059,3.1233475208282471,-142.04298400878906,7.9801731109619141,-0.0072728194135646129,0.047031758043660332,-0.0039143053412002693,-1.9991813102615126,-66.013066966576019,-3.9774998572225067,-130189.15774911028,-2.0064541296750771,130123.19171390175,-3.9814141625637069,6.0113480010516085,0,0,3.3496169999999998,3.4114719999999998,-24.628129959106445,194.634033203125,-25.669261932373047
319,5.3333336114883423,0,0,496.12503051757812,496.12503504753113,496.12503504753113,-5.0263764705960057e-08,-2.71306635113433e-05,0.065733741031212059,0,0,0,0.0087071488593875035,-0.054261323710838028,0.0023557739422419011,-1.9991813102615126,-66.013066966576019,-3.9774998572225067,-130516.15778015189,-1.9904741614021251,130450.0904518616,-3.9751440832802647,6.0113475616046887,0,0,0,0.031992,0,0,0
320,5.3500002790242434,1,0.033333335071802139,496.12503051757812,496.12503504753113,496.12503504753113,2.5715074514209846e-08,4.5587303247884847e-06,0.065925253441139128,-3.0932388305664062,-228.4937744140625,-3.8822150230407715,0.0027970905305577803,0.0091174600930913341,0.0006510911874156658,1.0942019759500443,0.24773969472728111,-0.095301578123818925,-131005.39071305456,1.0969990664806022,131005.64757020937,-0.094650486936403266,0.50959421014375095,0,0,3.3571089999999999,3.4356719999999998,3.1071295738220215,555.500244140625,3.8763954639434814
321,5.3666669465601444,0,0,496.12503051757812,496.12503504753113,496.12503504753113,-3.2596634724768592e-08,-3.4987024264410138e-06,0.065925253441139128,0,0,0,-0.0005453829552606905,-0.0069974044257943291,-0.0002566920741389235,1.0942019759500443,0.24773969472728111,-0.095301578123818925,-131332.39074409616,1.0936565929947837,131332.63148638647,-0.095558270197957845,0.50959404678765308,0,0,0,0.031993000000000001,0,0,0
322,5.3833336140960455,1,0.033333335071802139,496.12503051757812,496.12503504753113,496.12503504753113,-3.2587557541319256e-08,5.4464677212706647e-10,0.065930500879985129,0.3736724853515625,-162.00889587402344,-0.17671307921409607,-0.0013690377346624039,1.0892934777689313e-06,-3.5323411371551488e-05,0.72037901986935948,0.023729712618129326,0.08115809035176412,-131821.6236769988,0.71900998213469713,131821.64740780072,0.081122766940392568,0.57364520719015988,0,0,3.2782420000000001,3.3293780000000002,-0.37450253963470459,489.01593017578125,0.17693054676055908
323,5.4000002816319466,0,0,496.12503051757812,496.12503504753113,496.12503504753113,-3.2606518374223015e-08,-1.137686611585309e-09,0.065930500879985129,0,0,0,0.0002596806735465397,-2.2753730842928579e-06,-9.59429597163549e-05,0.72037901986935948,0.023729712618129326,0.08115809035176412,-132148.6237080404,0.72063870054290602,132148.64743547764,0.08106214739204777,0.57364520674667985,0,0,0,0.044297999999999997,0,0,0
324,5.4166669491678476,1,0.033333335071802139,496.12503051757812,496.12503504753113,496.12503504753113,-3.2503759683777389e-08,6.1656142413824e-09,0.06591949049307376,0.35400089621543884,-161.985595703125,0.55497550964355469,-0.00095795263470143527,1.2331227730126343e-05,0.00019540404367640422,0.36606340937491588,-0.22351624208393536,-0.47394081970333596,-132637.85664094309,0.36510545674021444,132637.63313703224,-0.47374541565965955,0.57162487453251642,0,0,3.5861719999999999,3.6400510000000001,-0.35522019863128662,488.98568725585938,-0.55468171834945679
325,5.4333336167037487,0,0,496.12503051757812,496.12503504753113,496.12503504753113,-3.2464559041045504e-08,2.3519479697142742e-09,0.06591949049307376,0,0,0,4.0776055596838945e-05,4.7038956523255248e-06,-0.0013720062115009715,0.36606340937491588,-0.22351624208393536,-0.47394081970333596,-132964.85667198469,0.36610418543051271,132964.63316044651,-0.47531282591483692,0.57162487465717504,0,0,0,0.032166,0,0,0
326,5.4500002842396498,1,0.033333335071802139,496.12503051757812,496.12503504753113,496.12503504753113,-3.2456785703516289e-08,4.6641490669685481e-10,0.065882687564609826,-0.43883222341537476,-161.84304809570312,-0.088348716497421265,-0.00097375419468558738,9.3282975645829621e-07,0.00022312885109938667,0.80498592988795492,-0.61322206429298132,-0.38541854006663512,-133454.08960488735,0.80401217569326933,133453.47638375589,-0.38519541121553574,0.51310168384930288,0,0,3.2609189999999999,3.3132990000000002,0.43781197071075439,488.84320068359375,0.089952707290649414
327,5.4666669517755508,0,0,496.12503051757812,496.12503504753113,496.12503504753113,-3.2481164424780218e-08,-1.4627492550545185e-09,0.065882687564609826,0,0,0,4.0575739400999788e-05,-2.9254983315507783e-06,-0.0013728577258635341,0.80498592988795492,-0.61322206429298132,-0.38541854006663512,-133781.08963592895,0.80502650562735589,133780.47641093915,-0.38679139779249866,0.51310168395473754,0,0,0,0.031976999999999998,0,0,0
328,5.4833336193114519,1,0.033333335071802139,496.12503051757812,496.12503504753113,496.12503504753113,-3.2476489053578916e-08,2.8045943345489377e-10,0.065838969990509699,0.0060205757617950439,-162.13763427734375,-0.3011195957660675,-0.0012524921348328194,5.6091883267401685e-07,0.00011649221675710504,0.79870631443728735,-0.70850499719421645,-0.084330798564830001,-134270.32256883162,0.79745382230245454,134269.61406439534,-0.084214306348072893,0.44361178721843775,0,0,3.2347990000000002,3.2889810000000002,-0.0073173642158508301,489.1375732421875,0.30261164903640747
329,5.500000286847353,0,0,496.12503051757812,496.12503504753113,496.12503504753113,-3.2477419864562762e-08,-5.5789595165833816e-11,0.065838969990509699,0,0,0,0.00028006313069025082,-1.1157918352141432e-07,-0.00010914151760119811,0.79870631443728735,-0.70850499719421645,-0.084330798564830001,-134597.32259987321,0.79898637756797763,134596.61409476443,-0.084439940082431192,0.44361178682717589,0,0,0,0.033058999999999998,0,0,0
330,5.5166669543832541,1,0.033333335071802139,496.12503051757812,496.12503504753113,496.12503504753113,-3.2452469156396546e-08,1.4970832351579588e-09,0.065776759492499476,0.6697009801864624,-161.84504699707031,-0.44518914818763733,-0.00026189137081452513,2.9941662875664993e-06,0.00011106259056233763,0.12878823503985912,-1.0963295327061617,0.3608139339744359,-135086.55553277588,0.12852634366904458,135085.45920623734,0.36092499656499821,0.50007817596727144,0,0,3.271137,3.3239010000000002,-0.67024850845336914,488.8450927734375,0.44540864229202271
331,5.5333336219191551,0,0,496.12503051757812,496.12503504753113,496.12503504753113,-3.24702575937863e-08,-1.0672043249115859e-09,0.065776759492499476,0,0,0,3.1724423816749392e-05,-2.1344085195492064e-06,-0.0013568921157825625,0.12878823503985912,-1.0963295327061617,0.3608139339744359,-135413.55556381747,0.12881995946367586,135412.45923215034,0.35945704185865335,0.50007817640661101,0,0,0,0.031796999999999999,0,0,0
332,5.5500002894550562,1,0.033333335071802139,496.12503051757812,496.12503504753113,496.12503504753113,-3.246797675160451e-08,1.3684869903940466e-10,0.065728387256868831,0.24938598275184631,-163.21507263183594,-0.22881850600242615,-0.0010544993567543695,2.7369738137364587e-07,-1.0107434272141769e-05,-0.1207651833877736,-0.11425962464778279,0.58950178873392833,-135902.78849672014,-0.12181968274452798,135902.67423736918,0.58949168129965623,0.40973376410860141,0,0,3.267423,3.3196509999999999,-0.25047975778579712,490.21499633789062,0.23016554117202759
333,5.5666669569909573,0,0,496.12503051757812,496.12503504753113,496.12503504753113,-3.2459514187621608e-08,5.0775939008929072e-10,0.065728387256868831,0,0,0,0.00024393470642264034,1.015518718196234e-06,-7.8326190526802758e-05,-0.1207651833877736,-0.11425962464778279,0.58950178873392833,-136229.78852776176,-0.12052124868135096,136229.67426915263,0.5894234625434015,0.40973376384223281,0,0,0,0.031794999999999997,0,0,0
334,5.5833336245268583,1,0.033333335071802139,496.12503051757812,496.12503504753113,496.12503504753113,-3.2408824068852482e-08,3.0413511709070917e-09,0.065729329780656459,0.18728914856910706,-162.47256469726562,-0.0030683828517794609,-0.0011724109038558084,6.0827019705554956e-06,-1.7754063801289589e-05,-0.30830190274492947,0.12544676746567163,0.59274248598073076,-136719.0214606644,-0.3094743136487853,136719.14691351456,0.59272473191692943,0.58398953550558708,0,0,3.3132899999999998,3.3673660000000001,-0.18870872259140015,489.47262573242188,0.0031285285949707031
335,5.6000002920627594,0,0,496.12503051757812,496.12503504753113,496.12503504753113,-3.2445264253055939e-08,-2.1865045329860777e-09,0.065729329780656459,0,0,0,0.00026135022149999937,-4.3730087990648638e-06,-9.707056254747333e-05,-0.30830190274492947,0.12544676746567163,0.59274248598073076,-137046.02149170602,-0.30804055252342949,137046.14693410048,0.59264541541818327,0.58398953516117857,0,0,0,0.031891000000000003,0,0,0
336,5.6166669595986605,1,0.033333335071802139,496.12503051757812,496.12503504753113,496.12503504753113,-3.2392790672020055e-08,3.1484397311487555e-09,0.065754165961628863,-0.80104160308837891,-162.69920349121094,-0.45912161469459534,-0.00058183220376476982,6.2968790779664892e-06,0.00025881423778743688,0.49311290323028895,0.59182799182766344,1.0517004702122394,-137535.25442460866,0.49253107102652416,137535.84625889736,1.051959284450027,0.98284142323316681,0,0,3.1973449999999999,3.2510240000000001,0.80019474029541016,489.6993408203125,0.45947855710983276
337,5.6333336271345615,0,0,496.12503051757812,496.12503504753113,496.12503504753113,-3.239707169200301e-08,-2.5693358551848178e-10,0.065754165961628863,0,0,0,2.2084121626866904e-05,-5.1386713967300048e-07,-0.0013412476709985521,0.49311290323028895,0.59182799182766344,1.0517004702122394,-137862.25445565025,0.4931349873519158,137862.84628312822,1.0503592225412408,0.98284142339394043,0,0,0,0.031883000000000002,0,0,0
338,5.6500002946704626,1,0.033333335071802139,496.12503051757812,496.12503504753113,496.12503504753113,-3.2322073906243531e-08,4.4999453052696481e-09,0.06582442777497427,-1.3700715303421021,-162.81474304199219,-0.5268784761428833,-0.0011172830227409586,8.9998900612295665e-06,-3.14303337490818e-05,1.8631584286838772,1.1737747068661408,1.5785455784664482,-138351.48738855292,1.8620411456611361,138352.66117225969,1.5785141481326992,1.0332498150317633,0,0,3.1867429999999999,3.2392569999999998,1.3689334392547607,489.81484985351562,0.52818787097930908
339,5.6666669622063637,0,0,496.12503051757812,496.12503504753113,496.12503504753113,-3.2322823528829758e-08,-4.4960923872849889e-11,0.06582442777497427,0,0,0,0.00024994135012704546,-8.9921842257305751e-08,-8.6343243725061844e-05,1.8631584286838772,1.1737747068661408,1.5785455784664482,-138678.48741959454,1.8634083700340043,138679.66119421148,1.5784592352227231,1.0332498147271261,0,0,0,0.032981000000000003,0,0,0
340,5.6833336297422647,1,0.033333335071802139,496.12503051757812,496.12503504753113,496.12503504753113,-3.2159082508087522e-08,9.824402624758477e-09,0.065887771698893316,0.89748513698577881,-161.78826904296875,-0.80935728549957275,-0.00060820811694051527,1.9648804050249056e-05,0.00028306784520613047,0.96548938818241214,0.72913419394072032,2.3878337726428809,-139167.72035249721,0.96488118006547163,139168.44950633997,2.3881168404880868,0.95410775147896065,0,0,3.3112180000000002,3.3822909999999999,-0.89834648370742798,488.78823852539062,0.80972695350646973
341,5.7000002972781658,0,0,496.12503051757812,496.12503504753113,496.12503504753113,-3.2130827776200022e-08,1.6952146353332864e-09,0.065887771698893316,0,0,0,2.3548521694179148e-05,3.3904290637311926e-06,-0.0013419797005019621,0.96548938818241214,0.72913419394072032,2.3878337726428809,-139494.72038353881,0.96551293670410632,139495.44952112317,2.3864917929423788,0.9541077516204689,0,0,0,0.032007000000000001,0,0,0
342,5.7166669648140669,1,0.033333335071802139,496.12503051757812,496.12503504753113,496.12503504753113,1.3984389397592167e-06,8.5834180936217308e-05,0.065922983497583923,0.26070541143417358,-161.93038940429688,-0.51865983009338379,-0.010863438793391578,0.17166835139462933,0.013344576568179556,0.70488451135406227,0.42663980207272534,2.9063703139613057,-139983.95331644148,0.69402107256067069,139984.55162459495,2.9197148905294852,0.9367777058539678,0,0,3.226467,3.2794430000000001,-0.29250431060791016,488.92391967773438,0.55472898483276367
343,5.733333632349968,0,0,496.12503051757812,496.12503504753113,496.12503504753113,7.4599029176170006e-09,-8.3458740846253932e-05,0.065922983497583923,0,0,0,0.011502010445940958,-0.16691747150467329,-0.013644487884752254,0.70488451135406227,0.42663980207272534,2.9063703139613057,-140310.95334748307,0.71638652180000317,140311.21306981365,2.8927258260765534,0.93677705710845671,0,0,0,0.031667000000000001,0,0,0
344,5.750000299885869,1,0.033333335071802139,496.12503051757812,496.12503504753113,496.12503504753113,0.00019847106887027621,0.011907815933227539,0.06593420305827849,-0.18311887979507446,-120.20563507080078,-3.0559213161468506,-0.00097458354011614734,23.815630412864266,3.4023258155446143,0.88803714474841389,-41.600583813484832,5.9623165225519026,-140800.18628038574,0.88706256120829774,140782.40132698513,9.364642338096516,3.7599316141261534,0,0,3.2056770000000001,3.257234,0.17005801200866699,257.69741821289062,30.167165756225586
345,5.7666669674217701,0,0,496.12503051757812,496.12503504753113,496.12503504753113,9.4732968136668205e-09,-0.011907694861292839,0.06593420305827849,0,0,0,-0.00036109535200675932,-23.815388269009645,-3.4064122259219687,0.88803714474841389,-41.600583813484832,5.9623165225519026,-141127.18631142733,0.8876760493964071,141061.77033934483,2.5559042966299339,3.7599318119706258,0,0,0,0.031898000000000003,0,0,0
346,5.7833336349576712,1,0.033333335071802139,496.12503051757812,496.12503504753113,496.12503504753113,3.678553923691652e-07,2.1502924937522039e-05,0.065737172910550826,2.9647748470306396,-138.46726989746094,8.2491111755371094,-0.006588084996002247,0.043005847250175311,-0.0040237480152162108,-2.0767990226574859,-65.366168471769967,-2.2869309601220871,-141616.41924433,-2.083387107653488,141551.09608170547,-2.2909547081373032,6.2705919172093223,0,0,3.335483,3.3990019999999999,-24.352973937988281,192.71096801757812,-25.819679260253906
347,5.8000003024935722,0,0,496.12503051757812,496.12503504753113,496.12503504753113,-4.5231956846691901e-08,-2.4785240384517238e-05,0.065737172910550826,0,0,0,0.0079370124397938335,-0.049570477743492436,0.0021401270772716946,-2.0767990226574859,-65.366168471769967,-2.2869309601220871,-141943.41927537159,-2.0688620102176922,141878.00353642207,-2.2847908330448155,6.270591549712619,0,0,0,0.032013,0,0,0
348,5.8166669700294733,1,0.033333335071802139,496.12503051757812,496.12503504753113,496.12503504753113,3.1305596337460884e-08,4.5922529352537822e-06,0.065918180381967909,-3.2303879261016846,-227.93148803710938,-3.3865780830383301,0.0034724869392133151,0.0091845053099298135,0.00020525583179325027,1.1535782847339018,0.33249387841872968,1.0997244849693812,-142432.65220827426,1.1570507716731151,142432.99388665799,1.0999297408011746,0.72237441893556609,0,0,3.2131430000000001,3.2653310000000002,3.2388384342193604,554.933349609375,3.3829917907714844
349,5.8333336375653744,0,0,496.12503051757812,496.12503504753113,496.12503504753113,-2.9093015996295435e-08,-3.6239164273865754e-06,0.065918180381967909,0,0,0,-0.00010240523181682948,-0.00724783241240054,0.00066867706220895273,1.1535782847339018,0.33249387841872968,1.0997244849693812,-142759.65223931588,1.153475879502085,142759.97748536189,1.1003931620315901,0.72237427348645167,0,0,0,0.031852999999999999,0,0,0
350,5.8500003051012754,1,0.033333335071802139,496.12503051757812,496.12503504753113,496.12503504753113,-2.9091465236774638e-08,9.3090882224977634e-11,0.06593093904508214,0.92741894721984863,-161.99818420410156,0.72090351581573486,-0.0016835637207058829,1.8618175308632218e-07,0.00017757929864078894,0.22572734401283329,0.097806009185814488,0.37890103674600256,-143248.88517221852,0.2240437802921274,143248.9829784139,0.37907861604464332,0.69219117150358123,0,0,3.2357849999999999,3.28755,-0.92901879549026489,489.00546264648438,-0.72139608860015869
351,5.8666669726371765,0,0,496.12503051757812,496.12503504753113,496.12503504753113,-2.9106034915571399e-08,-8.7422824535110522e-10,0.06593093904508214,0,0,0,0.00028863182081317537,-1.7484563839848953e-06,-0.00011107635377428926,0.22572734401283329,0.097806009185814488,0.37890103674600256,-143575.88520326011,0.22601597583364647,143575.98300752084,0.37878996039222829,0.6921911708250299,0,0,0,0.031725000000000003,0,0,0
352,5.8833336401730776,1,0.033333335071802139,496.12503051757812,496.12503504753113,496.12503504753113,-2.9067230400414701e-08,2.3282606953500817e-09,0.065929178680692382,0.38997435569763184,-162.05557250976562,1.1593573093414307,-0.00088083601521074528,4.6565211064886528e-06,-4.0387598354194769e-05,-0.16422010136543722,-0.079521313772852195,-0.78058554016012482,-144065.11813616278,-0.16510093738064796,144065.03861950553,-0.78062592775847905,0.69092762378460904,0,0,3.3130299999999999,3.3664209999999999,-0.39114385843276978,489.0556640625,-1.1592884063720703
353,5.9000003077089787,0,0,496.12503051757812,496.12503504753113,496.12503504753113,-2.9098579545916436e-08,-1.8809720447876543e-09,0.065929178680692382,0,0,0,0.00025471290010182709,-3.7619438599644634e-06,-9.1070484257545908e-05,-0.16422010136543722,-0.079521313772852195,-0.78058554016012482,-144392.1181672044,-0.1639653884653354,144392.0386421287,-0.78067661064438232,0.69092762352387271,0,0,0,0.032091000000000001,0,0,0
354,5.9166669752448797,1,0.033333335071802139,496.12503051757812,496.12503504753113,496.12503504753113,-2.9097510179099118e-08,6.4158872659092481e-11,0.065921769509104625,0.3124815821647644,-162.20872497558594,0.51989567279815674,-0.00055693495835359985,1.2831773748629133e-07,0.00020840328012517763,-0.47670891710402968,-0.10360389681148191,-1.3002310157370827,-144881.35110010707,-0.47726585206238326,144881.24749633859,-1.3000226124569574,0.63903098044343709,0,0,3.234594,3.2892990000000002,-0.31329596042633057,489.20889282226562,-0.51959031820297241
355,5.9333336427807808,0,0,496.12503051757812,496.12503504753113,496.12503504753113,-2.9056209882583062e-08,2.4780553165015817e-09,0.065921769509104625,0,0,0,2.0732271522029555e-05,4.9561103305061766e-06,-0.0013377705592790626,-0.47670891710402968,-0.10360389681148191,-1.3002310157370827,-145208.35113114867,-0.47668818483250763,145208.24753220796,-1.3015687862963616,0.63903098062382979,0,0,0,0.032874,0,0,0
356,5.9500003103166819,1,0.033333335071802139,496.12503051757812,496.12503504753113,496.12503504753113,1.6169046830327716e-06,9.8757649539038539e-05,0.065919442444431528,0.60203158855438232,-162.34942626953125,0.14828088879585266,-0.012764588194279836,0.19751528702269994,0.015274527845525632,-1.0785279543474526,0.012948055447688891,-1.44856513553111,-145697.58406405133,-1.0912925425417326,145697.79452739379,-1.4332906076855845,0.56575742128608386,0,0,3.1998250000000001,3.272316,-0.63758707046508789,489.34423828125,-0.10824370384216309
357,5.9666669778525829,0,0,496.12503051757812,496.12503504753113,496.12503504753113,7.4461468102526851e-09,-9.6567506261635572e-05,0.065919442444431528,0,0,0,0.015081684967194808,-0.19313500073524548,-0.0145572867250639,-1.0785279543474526,0.012948055447688891,-1.44856513553111,-146024.58409509293,-1.0634462693802578,146024.40390814765,-1.4631224222561738,0.56575673517602831,0,0,0,0.037011000000000002,0,0,0
358,5.983333645388484,1,0.033333335071802139,496.12503051757812,496.12503504753113,496.12503504753113,0.00019840151071548462,0.011903642676770687,0.065923688261687374,-3.1896407604217529,-120.53113555908203,0.14861580729484558,3.4009884364090937,23.807283900459993,-0.00052937886218749897,2.1113244598740564,-41.688833051873317,-1.5968972479373942,-146513.8170279956,5.5123128962831505,146495.93547884419,-1.5974266267995816,3.4419615820457619,0,0,3.352112,3.4264410000000001,30.262069702148438,258.11471557617188,-0.13309037685394287
359,6.0000003129243851,0,0,496.12503051757812,496.12503504753113,496.12503504753113,1.1204974725842476e-08,-0.01190341729670763,0.065923688261687374,0,0,0,-3.4016617825894429,-23.806833140361391,0.00080184617780924838,2.1113244598740564,-41.688833051873317,-1.5968972479373942,-146840.81705903719,-1.2903373227153865,146775.32139284495,-1.596095401759585,3.4419619838333646,0,0,0,0.031816999999999998,0,0,0
