step,fixed_ms,particle_executed,particle_ms,coupling_ms,rigid_ms,broadphase_ms,narrowphase_ms,solver_ms,contacts,contained_mass,density_ms,boundary_ms,velocity_ms,hydrostatic_ms,player_ms
0,9.486725,1,8.761391,9.187492,0.04932,0.011451,0.031028,0.004985,0,0,3.350021,3.216713,1.647357,0.088257,0.268611
1,9.339835,0,0,9.073638,0.042584,0.009526,0.027633,0.004105,0,0,3.350021,3.216713,1.647357,8.734603,0.326371
2,17.922296,1,8.964306,17.637055,0.04825,0.010777,0.030712,0.004839,0,0,3.354044,3.313915,1.7768,8.25941,0.345552
3,8.800218,0,0,8.542092,0.040199,0.008481,0.026742,0.00362,0,0,3.354044,3.313915,1.7768,8.239659,0.29292
4,18.918475,1,9.515587,18.614773,0.048539,0.010917,0.030568,0.004687,0,0,3.317036,3.866973,1.808181,8.728183,0.302129
5,8.918258,0,0,8.663425,0.035497,0.007069,0.024889,0.002789,0,0,3.317036,3.866973,1.808181,8.352413,0.301882
6,19.695041,1,10.209094,19.325444,0.043448,0.008884,0.029072,0.004117,0,0,3.189558,4.575135,1.876605,8.746602,0.302806
7,8.994586,0,0,8.670651,0.035755,0.007289,0.024602,0.003012,0,0,3.189558,4.575135,1.876605,8.356541,0.304857
8,20.340563,1,10.201092,19.653115,0.394464,0.007891,0.054104,0.329824,0,0,3.098571,4.634666,1.91427,9.079344,0.305622
9,9.376713,0,0,8.946601,0.140001,0.008814,0.117196,0.011026,4,0,3.098571,4.634666,1.91427,8.635156,0.300471
10,19.830318,1,10.741002,19.474338,0.075683,0.005723,0.062684,0.006642,4,0,3.12972,5.051624,2.025678,8.369808,0.301221
11,9.892001,0,0,8.967705,0.607,0.007156,0.08069,0.517504,4,0,3.12972,5.051624,2.025678,8.654328,0.302352
12,19.850238,1,10.668911,19.446162,0.103815,0.00603,0.083311,0.013711,12,0,3.109236,4.994438,2.032974,8.410394,0.304279
13,9.562665,0,0,9.14211,0.11822,0.01048,0.089181,0.016467,12,0,3.109236,4.994438,2.032974,8.827761,0.30424
14,20.905339,1,11.676535,20.476262,0.11084,0.006036,0.091799,0.012329,12,0,3.301025,5.726795,2.114117,8.420814,0.309903
15,9.146722,0,0,8.740307,0.106368,0.007918,0.085624,0.011327,12,0,3.301025,5.726795,2.114117,8.426421,0.304474
16,22.642268,1,12.049149,22.209278,0.107804,0.008926,0.085451,0.011815,12,0,3.159988,6.104882,2.24587,9.778632,0.308179
17,9.486471,0,0,9.072171,0.101385,0.006529,0.083709,0.010178,12,0,3.159988,6.104882,2.24587,8.753397,0.309764
18,25.60375,1,13.12941,25.002235,0.211564,0.014488,0.172977,0.020789,12,0,3.501738,6.743885,2.337366,11.436048,0.334945
19,9.136215,0,0,8.706908,0.114078,0.010118,0.088869,0.013085,12,0,3.501738,6.743885,2.337366,8.40258,0.294128
20,23.130415,1,14.030909,22.704989,0.096029,0.005964,0.080165,0.009175,12,0,3.551426,7.474918,2.456544,8.283967,0.319987
21,9.132537,0,0,8.717229,0.112194,0.010015,0.088939,0.011521,12,0,3.551426,7.474918,2.456544,8.421244,0.286478
22,22.049651,1,13.025625,21.650189,0.098617,0.005749,0.080198,0.012,12,0,3.307199,6.806954,2.370002,8.272199,0.289849
23,9.245295,0,0,8.813574,0.10995,0.008496,0.087578,0.01219,12,0,3.307199,6.806954,2.370002,8.515489,0.287687
24,22.288985,1,13.180136,21.851162,0.095179,0.00563,0.079276,0.009583,12,0,3.24846,7.003164,2.366626,8.294339,0.313446
25,8.951777,0,0,8.518566,0.108656,0.009076,0.085953,0.012097,12,0,3.24846,7.003164,2.366626,8.228157,0.280074
26,22.189603,1,13.301171,21.770691,0.111259,0.009966,0.086993,0.01232,12,0,3.380068,6.967648,2.393851,8.128119,0.277877
27,8.967217,0,0,8.538757,0.11098,0.009407,0.087499,0.01224,12,0,3.380068,6.967648,2.393851,8.252828,0.275345
28,22.69379,1,13.898654,22.29022,0.096031,0.005803,0.080205,0.00938,12,0,3.417743,7.413332,2.514719,8.060861,0.268456
29,9.149659,0,0,8.730021,0.107975,0.008287,0.086321,0.011628,12,0,3.417743,7.413332,2.514719,8.448539,0.271132
30,24.178015,1,14.885228,23.740213,0.114777,0.009418,0.091063,0.012271,12,0,3.565602,8.075293,2.677921,8.520291,0.264527
31,8.545317,0,0,8.063043,0.107286,0.008336,0.08574,0.011772,12,0,3.565602,8.075293,2.677921,7.777791,0.275652
32,24.173488,1,15.552588,23.763053,0.101739,0.007277,0.082758,0.010619,12,0,3.733011,8.516571,2.733111,7.878486,0.267971
33,8.728024,0,0,8.291222,0.111314,0.009425,0.087539,0.012406,12,0,3.733011,8.516571,2.733111,8.018655,0.261488
34,24.784502,1,15.913074,24.35109,0.112531,0.009337,0.088539,0.012849,12,0,3.735706,8.748505,2.801462,8.076598,0.278372
35,8.386926,0,0,7.979685,0.108159,0.00912,0.086467,0.011051,12,0,3.735706,8.748505,2.801462,7.710942,0.259169
36,25.364461,1,17.006286,24.943924,0.094384,0.005713,0.078993,0.009062,12,0,3.785525,9.411812,3.235016,7.60818,0.26119
37,8.328498,0,0,7.918875,0.111684,0.009089,0.089541,0.011459,12,0,3.785525,9.411812,3.235016,7.651598,0.257802
38,24.752264,1,15.7668,24.327179,0.108816,0.008837,0.086594,0.011381,12,0,3.638973,8.726645,2.82674,8.137214,0.34338
39,8.157621,0,0,7.760034,0.099613,0.006817,0.081699,0.010165,12,0,3.638973,8.726645,2.82674,7.491937,0.259142
40,24.842792,1,16.092641,24.429873,0.094902,0.005579,0.079338,0.009381,12,0,3.760999,8.841838,2.915469,7.956402,0.315435
41,8.231504,0,0,7.823025,0.109091,0.008631,0.087834,0.01127,12,0,3.760999,8.841838,2.915469,7.556691,0.256705
42,29.924835,1,20.787009,29.321821,0.116367,0.010865,0.08991,0.012977,12,0,4.478246,11.730554,3.619771,8.00867,0.41407
43,14.752316,0,0,13.971904,0.258223,0.018529,0.212036,0.023601,12,0,4.478246,11.730554,3.619771,13.512726,0.440644
44,34.952884,1,20.253922,34.362594,0.216554,0.017111,0.173178,0.022225,12,0,4.719906,11.327571,3.574934,13.75161,0.262349
45,9.001024,0,0,8.480344,0.117558,0.011366,0.090229,0.013215,12,0,4.719906,11.327571,3.574934,8.215501,0.252248
46,26.432581,1,17.690843,25.920793,0.117642,0.011631,0.090297,0.01322,12,0,4.008885,9.709164,3.159443,7.847029,0.271181
47,8.811387,0,0,8.293017,0.176995,0.015038,0.127345,0.022038,12,0,4.008885,9.709164,3.159443,7.866989,0.402053
48,25.78839,1,17.10508,25.33861,0.117297,0.00943,0.093896,0.011843,12,0,3.803189,9.578741,3.113115,7.858192,0.299663
49,9.179957,0,0,8.72144,0.116579,0.011017,0.090063,0.013091,12,0,3.803189,9.578741,3.113115,8.409847,0.298893
50,26.114353,1,16.995558,25.646216,0.137272,0.011899,0.10341,0.018939,12,0,3.845137,9.577674,2.967087,8.309463,0.255768
51,9.124944,0,0,8.666332,0.11788,0.011309,0.09026,0.01324,12,0,3.845137,9.577674,2.967087,8.402389,0.252115
52,28.587184,1,19.827833,28.116695,0.110155,0.008948,0.087216,0.011565,12,0,4.416988,11.316898,3.44643,7.920877,0.288702
53,9.570077,0,0,8.988809,0.134854,0.011162,0.105782,0.014494,12,0,4.416988,11.316898,3.44643,8.574058,0.40079
54,31.152959,1,19.196964,30.543969,0.19952,0.016781,0.156648,0.022146,12,0,4.401527,10.931265,3.106754,10.970172,0.278734
55,8.835049,0,0,8.342935,0.117543,0.010975,0.0904,0.013301,12,0,4.401527,10.931265,3.106754,8.076935,0.253522
56,36.172144,1,23.622843,35.60011,0.206781,0.015931,0.167943,0.019793,12,0,5.419414,13.789844,3.697054,11.578845,0.293519
57,8.532607,0,0,8.018171,0.148484,0.010802,0.121694,0.013381,12,0,5.419414,13.789844,3.697054,7.732868,0.26434
58,27.667703,1,17.469438,27.117823,0.183517,0.01206,0.153822,0.01317,12,0,4.171,9.567387,3.127157,9.30465,0.262889
59,8.881246,0,0,8.388847,0.117994,0.010866,0.091257,0.013236,12,0,4.171,9.567387,3.127157,8.106721,0.269826
60,26.887663,1,17.54945,26.364425,0.185946,0.012954,0.14915,0.020713,12,0,4.145415,9.803158,2.992493,8.470963,0.256501
61,9.337011,0,0,8.77259,0.191059,0.015984,0.150708,0.020692,12,0,4.145415,9.803158,2.992493,8.360668,0.395422
62,26.407194,1,17.785006,25.952247,0.1215,0.008187,0.084618,0.027108,12,0,3.980495,10.008578,3.191435,7.769339,0.300657
63,8.441153,0,0,8.027287,0.11073,0.010296,0.086811,0.0117,12,0,3.980495,10.008578,3.191435,7.764751,0.25246
64,27.351783,1,18.56648,26.772042,0.205824,0.010485,0.177004,0.016679,12,0,4.12383,10.473466,3.329798,7.850215,0.27369
65,8.473518,0,0,8.030753,0.115799,0.010862,0.089245,0.013007,12,0,4.12383,10.473466,3.329798,7.766671,0.252626
66,25.373848,1,16.840621,24.850589,0.113659,0.010364,0.088128,0.012823,12,0,3.871067,9.357753,3.03311,7.681862,0.25934
67,8.100469,0,0,7.6592,0.107855,0.008964,0.086129,0.011172,12,0,3.871067,9.357753,3.03311,7.388981,0.260425
68,25.110991,1,16.913214,24.691648,0.103919,0.005975,0.086122,0.009196,12,0,3.844662,9.562678,2.929426,7.453747,0.258021
69,8.196241,0,0,7.784296,0.111555,0.009431,0.088202,0.011227,12,0,3.844662,9.562678,2.929426,7.51913,0.255228
70,25.216755,1,16.942966,24.797888,0.096549,0.006148,0.080434,0.009262,12,0,3.984464,9.531868,2.856077,7.532296,0.255385
71,8.104985,0,0,7.694515,0.107283,0.008508,0.086461,0.010841,12,0,3.984464,9.531868,2.856077,7.432861,0.252065
72,24.890212,1,16.645625,24.454846,0.09592,0.005932,0.079949,0.009299,12,0,3.708435,9.381915,2.983681,7.485131,0.256378
73,8.263543,0,0,7.849108,0.109425,0.008911,0.087344,0.011448,12,0,3.708435,9.381915,2.983681,7.584327,0.254671
74,25.202447,1,16.672033,24.766356,0.113647,0.010324,0.088552,0.01275,12,0,3.830065,9.385002,2.878179,7.766354,0.25616
75,8.559714,0,0,8.090773,0.153953,0.010045,0.129021,0.01306,12,0,3.830065,9.385002,2.878179,7.813321,0.266101
76,24.801579,1,16.419396,24.312372,0.099508,0.008602,0.081225,0.009001,12,0,3.802165,9.186273,2.852223,7.551726,0.278531
77,8.471242,0,0,8.031418,0.11544,0.009961,0.090495,0.012815,12,0,3.802165,9.186273,2.852223,7.76486,0.254159
78,24.894841,1,16.554563,24.471669,0.100138,0.006677,0.082517,0.01006,12,0,3.710481,9.233213,2.975839,7.544277,0.303122
79,9.068817,0,0,8.652632,0.113507,0.009186,0.090716,0.011472,12,0,3.710481,9.233213,2.975839,8.387966,0.254443
80,24.547441,1,16.422966,24.134346,0.094692,0.005646,0.079245,0.009108,12,0,3.750589,9.193328,2.906463,7.385629,0.257231
81,8.338464,0,0,7.929696,0.110846,0.011802,0.086141,0.011148,12,0,3.750589,9.193328,2.906463,7.665334,0.254352
82,24.94203,1,16.456905,24.500962,0.118579,0.010129,0.093207,0.012714,12,0,3.91475,9.055336,2.909424,7.720629,0.257052
83,8.363159,0,0,7.921467,0.111245,0.009747,0.087586,0.011891,12,0,3.91475,9.055336,2.909424,7.601346,0.308891
84,24.432608,1,16.218266,24.014298,0.106994,0.006694,0.089444,0.009975,12,0,3.755362,9.001019,2.885145,7.475694,0.257259
85,8.400308,0,0,7.961163,0.110034,0.008851,0.087468,0.012123,12,0,3.755362,9.001019,2.885145,7.690867,0.258677
86,24.816146,1,16.385572,24.408073,0.102031,0.006542,0.084978,0.009568,12,0,3.732774,9.150206,2.869654,7.701951,0.257089
87,8.028439,0,0,7.632399,0.096186,0.00599,0.079788,0.009629,12,0,3.732774,9.150206,2.869654,7.366746,0.256403
88,24.850008,1,16.463993,24.417786,0.107915,0.008318,0.08762,0.010337,12,0,3.737429,9.272931,2.877244,7.629869,0.256628
89,8.102601,0,0,7.670319,0.098222,0.006497,0.081172,0.009513,12,0,3.737429,9.272931,2.877244,7.373367,0.287695
90,24.882752,1,16.389434,24.409107,0.132507,0.026464,0.091148,0.012303,12,0,3.746743,9.196425,2.869749,7.641425,0.29972
91,7.990239,0,0,7.589924,0.099064,0.00691,0.0814,0.009809,12,0,3.746743,9.196425,2.869749,7.323369,0.257222
92,24.851375,1,16.771096,24.437747,0.094958,0.00586,0.079852,0.008462,12,0,3.786903,9.405723,2.998552,7.342742,0.258175
93,8.038804,0,0,7.62488,0.10665,0.008794,0.085906,0.010459,12,0,3.786903,9.405723,2.998552,7.297354,0.317745
94,24.796488,1,16.75852,24.387394,0.094624,0.005678,0.079724,0.008512,12,0,3.959424,9.33519,2.885163,7.303119,0.258722
95,9.504582,0,0,9.04482,0.155153,0.010294,0.130011,0.011544,12,0,3.959424,9.33519,2.885163,8.740773,0.293203
96,24.994641,1,16.473824,24.51251,0.110881,0.009213,0.088175,0.011701,12,0,3.796546,9.216314,2.883688,7.708641,0.262789
97,8.075524,0,0,7.653303,0.098489,0.006665,0.081454,0.009381,12,0,3.796546,9.216314,2.883688,7.383083,0.26097
98,25.102241,1,16.843921,24.667214,0.112773,0.010025,0.088743,0.011996,12,0,3.927785,9.336176,2.995046,7.492994,0.260396
99,8.08209,0,0,7.675327,0.107949,0.008906,0.086318,0.011039,12,0,3.927785,9.336176,2.995046,7.409312,0.255907
100,24.903041,1,16.768022,24.475004,0.095265,0.005988,0.080071,0.008387,12,0,3.85669,9.269395,3.06154,7.379244,0.259705
101,8.064453,0,0,7.625569,0.107847,0.009014,0.086425,0.010782,12,0,3.85669,9.269395,3.06154,7.359894,0.255892
102,24.74105,1,16.546132,24.314545,0.104195,0.005868,0.089095,0.00853,12,0,3.74815,9.109746,2.993868,7.360176,0.321712
103,8.132206,0,0,7.718614,0.111595,0.008987,0.090101,0.01106,12,0,3.74815,9.109746,2.993868,7.424361,0.284226
104,24.803235,1,16.787956,24.387565,0.096815,0.005794,0.08188,0.008425,12,0,3.958886,9.359064,2.882272,7.264663,0.267127
105,8.029789,0,0,7.624864,0.1069,0.008559,0.085896,0.010711,12,0,3.958886,9.359064,2.882272,7.355586,0.259548
106,24.56666,1,16.387481,24.148038,0.113405,0.010795,0.088519,0.011799,12,0,3.765842,9.059178,2.986832,7.433685,0.26251
107,8.015303,0,0,7.579886,0.117763,0.015372,0.091489,0.009931,12,0,3.765842,9.059178,2.986832,7.289688,0.280947
108,25.021029,1,16.544092,24.608593,0.10342,0.008001,0.084132,0.009785,12,0,3.833597,9.22624,2.905294,7.740654,0.260483
109,8.421882,0,0,7.98894,0.110459,0.008879,0.087362,0.011719,12,0,3.833597,9.22624,2.905294,7.720053,0.2568
110,24.379133,1,16.31608,23.979111,0.096159,0.006081,0.081184,0.008271,12,0,3.760332,9.104434,2.875528,7.339941,0.26101
111,8.599213,0,0,8.145107,0.116498,0.010765,0.090198,0.012921,12,0,3.760332,9.104434,2.875528,7.875776,0.257002
112,28.342884,1,19.926023,27.854018,0.109905,0.009023,0.087351,0.011666,12,0,4.55541,11.510958,3.258737,7.592113,0.260533
113,8.687433,0,0,8.200492,0.133175,0.015274,0.088506,0.026303,12,0,4.55541,11.510958,3.258737,7.915529,0.268047
114,26.205228,1,17.385453,25.726947,0.116747,0.011161,0.089637,0.012381,12,0,4.02086,9.793765,2.978418,8.002647,0.259664
115,11.832626,0,0,11.132316,0.203097,0.015776,0.161931,0.02087,12,0,4.02086,9.793765,2.978418,10.714249,0.401089
116,29.161299,1,18.287095,28.687291,0.11912,0.012434,0.090138,0.013162,12,0,4.386155,10.160357,3.122437,10.014112,0.300173
117,8.542638,0,0,8.038354,0.127767,0.011046,0.100801,0.01314,12,0,4.386155,10.160357,3.122437,7.769487,0.255538
118,28.860789,1,20.588611,28.364062,0.117721,0.011754,0.090439,0.012851,12,0,4.38635,11.849302,3.617269,7.434686,0.260111
119,8.764901,0,0,8.277201,0.118627,0.0108,0.092358,0.012862,12,0,4.38635,11.849302,3.617269,7.941997,0.322855
120,26.303912,1,17.817314,25.837795,0.1096,0.008609,0.087634,0.01097,12,0,4.003122,9.98536,3.195141,7.68301,0.260209
121,8.452016,0,0,7.949011,0.118089,0.01138,0.091113,0.012801,12,0,4.003122,9.98536,3.195141,7.634259,0.30225
122,27.774549,1,19.015179,27.227034,0.119827,0.011066,0.092923,0.012763,12,0,4.471927,10.347457,3.541982,7.864553,0.26668
123,9.056333,0,0,8.56567,0.11945,0.011174,0.091355,0.013509,12,0,4.471927,10.347457,3.541982,8.250045,0.291943
124,27.18593,1,18.131733,26.738304,0.118126,0.010507,0.091692,0.013031,12,0,4.260856,9.824115,3.448788,8.231788,0.261042
125,8.43325,0,0,7.947093,0.117571,0.011054,0.090442,0.013093,12,0,4.260856,9.824115,3.448788,7.676284,0.258205
126,27.399771,1,17.990286,26.956667,0.115378,0.010883,0.08979,0.011788,12,0,4.06162,10.026445,3.313213,8.622149,0.266531
127,9.19692,0,0,8.731077,0.136408,0.011322,0.098287,0.012689,12,0,4.06162,10.026445,3.313213,8.460593,0.2574
128,26.656538,1,18.338203,26.175281,0.096351,0.005859,0.080974,0.008769,12,0,4.159617,10.096136,3.4748,7.405215,0.358314
129,8.121069,0,0,7.659798,0.117947,0.011081,0.091203,0.013117,12,0,4.159617,10.096136,3.4748,7.363951,0.283107
130,25.827191,1,17.509251,25.376351,0.113334,0.01053,0.088658,0.011882,12,0,4.026364,9.72729,3.048617,7.465699,0.328486
131,8.153318,0,0,7.670413,0.131077,0.011297,0.101866,0.015112,12,0,4.026364,9.72729,3.048617,7.388469,0.26941
132,25.739327,1,16.901536,25.274139,0.12909,0.011635,0.101737,0.013238,12,0,3.926221,9.340993,3.034634,7.983187,0.30033
133,7.975118,0,0,7.567786,0.109407,0.00945,0.08682,0.011521,12,0,3.926221,9.340993,3.034634,7.300971,0.256807
134,25.697065,1,17.4168,25.210047,0.124097,0.00874,0.102997,0.010689,12,0,3.987017,9.594984,3.124474,7.431958,0.276323
135,8.053746,0,0,7.632828,0.112373,0.009984,0.088183,0.012182,12,0,3.987017,9.594984,3.124474,7.36578,0.256568
136,25.178456,1,17.159,24.760382,0.094033,0.005709,0.079388,0.008306,12,0,3.887562,9.56556,3.10078,7.264309,0.265886
137,8.129175,0,0,7.664286,0.111879,0.009609,0.08822,0.01192,12,0,3.887562,9.56556,3.10078,7.339838,0.312984
138,25.256021,1,17.102052,24.810416,0.112766,0.009927,0.088466,0.012476,12,0,3.954689,9.405183,2.998668,7.371129,0.264105
139,7.988444,0,0,7.546243,0.111757,0.009624,0.088146,0.0121,12,0,3.954689,9.405183,2.998668,7.279784,0.256048
140,24.953903,1,16.687475,24.524999,0.10923,0.009273,0.087571,0.010513,12,0,3.922891,9.25556,2.908323,7.511569,0.258832
141,8.282458,0,0,7.768978,0.131849,0.009709,0.109054,0.010849,12,0,3.922891,9.25556,2.908323,7.499758,0.257309
142,25.222071,1,17.184203,24.78458,0.095795,0.006133,0.080153,0.00867,12,0,3.904904,9.710904,2.979445,7.2601,0.266779
143,8.270908,0,0,7.822614,0.112175,0.009593,0.088395,0.012076,12,0,3.904904,9.710904,2.979445,7.537139,0.274063
144,26.009137,1,17.637833,25.533364,0.108611,0.009022,0.087004,0.010837,12,0,4.135576,9.881071,2.934648,7.509298,0.283424
145,8.483162,0,0,8.038189,0.114262,0.010286,0.089027,0.012662,12,0,4.135576,9.881071,2.934648,7.740914,0.285268
146,25.10234,1,16.660627,24.603722,0.112912,0.010619,0.088364,0.011479,12,0,3.871317,9.256646,2.929885,7.582623,0.291055
147,8.069524,0,0,7.634931,0.1114,0.009457,0.087792,0.012197,12,0,3.871317,9.256646,2.929885,7.363722,0.260322
148,25.36886,1,17.029197,24.936446,0.108,0.008831,0.086679,0.010937,12,0,3.890429,9.472465,3.080648,7.57407,0.261089
149,8.20589,0,0,7.721504,0.136475,0.010064,0.100753,0.023465,12,0,3.890429,9.472465,3.080648,7.451239,0.258988
150,24.847037,1,16.814132,24.422256,0.095857,0.006286,0.080222,0.008531,12,0,3.881933,9.379011,2.974369,7.278213,0.260618
151,7.99705,0,0,7.59141,0.107078,0.008746,0.086284,0.01034,12,0,3.881933,9.379011,2.974369,7.323288,0.258006
152,24.926343,1,16.617571,24.46862,0.116394,0.008839,0.08547,0.020436,12,0,3.816815,9.227213,2.928876,7.467937,0.299947
153,8.052843,0,0,7.630103,0.11077,0.009506,0.088225,0.011051,12,0,3.816815,9.227213,2.928876,7.360478,0.258565
154,25.372421,1,17.213361,24.901001,0.149049,0.010782,0.120232,0.013293,12,0,4.018703,9.557415,3.051349,7.35069,0.26304
155,8.04512,0,0,7.610094,0.108745,0.009247,0.087239,0.010585,12,0,4.018703,9.557415,3.051349,7.341397,0.258742
156,25.563793,1,17.100337,25.079814,0.1088,0.008707,0.087174,0.010746,12,0,3.886939,9.557478,3.024548,7.588426,0.30789
157,8.011629,0,0,7.57357,0.136348,0.009937,0.10325,0.021562,12,0,3.886939,9.557478,3.024548,7.24295,0.319351
158,24.894631,1,16.945236,24.483108,0.092448,0.005487,0.07844,0.007824,12,0,3.889289,9.414257,3.060651,7.180296,0.283776
159,8.288742,0,0,7.822168,0.138242,0.010967,0.113602,0.011429,12,0,3.889289,9.414257,3.060651,7.52797,0.281428
160,25.310667,1,17.224828,24.849832,0.121959,0.008011,0.093402,0.019713,12,0,4.037493,9.645244,2.944785,7.283989,0.261202
161,7.911203,0,0,7.502603,0.106305,0.008634,0.086215,0.010022,12,0,4.037493,9.645244,2.944785,7.234376,0.258304
162,25.052778,1,17.01494,24.597216,0.112967,0.010248,0.08854,0.012097,12,0,3.840958,9.578352,2.988194,7.224418,0.286536
163,8.007221,0,0,7.595714,0.11044,0.009838,0.087431,0.011235,12,0,3.840958,9.578352,2.988194,7.318223,0.267039
164,25.269727,1,17.149654,24.791992,0.095347,0.005786,0.080071,0.008715,12,0,3.976609,9.502515,3.032711,7.281011,0.265393
165,8.520679,0,0,8.023552,0.113359,0.010333,0.089221,0.011688,12,0,3.976609,9.502515,3.032711,7.753734,0.256826
166,24.811445,1,16.675982,24.295105,0.096451,0.006295,0.080722,0.008575,12,0,3.810422,9.190031,3.073973,7.238317,0.311923
167,8.01283,0,0,7.495061,0.109113,0.008852,0.087189,0.01144,12,0,3.810422,9.190031,3.073973,7.227288,0.257315
168,24.673677,1,16.763882,24.249867,0.094815,0.005942,0.079862,0.008294,12,0,3.856266,9.411987,2.912684,7.155456,0.260448
169,7.964707,0,0,7.548299,0.10854,0.008964,0.087073,0.010756,12,0,3.856266,9.411987,2.912684,7.280481,0.257357
170,24.721729,1,16.629338,24.294167,0.111047,0.009851,0.087544,0.011656,12,0,3.801724,9.245947,2.997832,7.340886,0.257894
171,8.010802,0,0,7.574651,0.09581,0.006206,0.080594,0.008167,12,0,3.801724,9.245947,2.997832,7.292064,0.273182
172,24.971958,1,16.741161,24.537278,0.110657,0.009171,0.088468,0.0112,12,0,3.913399,9.325613,2.918578,7.468635,0.258478
173,8.291371,0,0,7.799958,0.11421,0.009899,0.089872,0.01258,12,0,3.913399,9.325613,2.918578,7.529937,0.257687
174,24.553819,1,16.532302,24.145914,0.096911,0.006193,0.081377,0.008567,12,0,3.817528,9.143736,2.988146,7.291742,0.256497
175,8.35087,0,0,7.897239,0.114119,0.010361,0.089374,0.012135,12,0,3.817528,9.143736,2.988146,7.627182,0.257724
176,24.818661,1,16.668414,24.373261,0.097961,0.006435,0.081666,0.008672,12,0,3.845069,9.289288,2.948672,7.336756,0.282417
177,8.360652,0,0,7.911458,0.107934,0.008442,0.086764,0.011062,12,0,3.845069,9.289288,2.948672,7.643359,0.256901
178,25.382348,1,16.829341,24.928922,0.116655,0.011583,0.090529,0.011987,12,0,3.963563,9.331109,2.935011,7.769412,0.257773
179,7.988965,0,0,7.548981,0.10338,0.008279,0.084282,0.009414,12,0,3.963563,9.331109,2.935011,7.284184,0.254764
180,25.787067,1,17.171604,25.320007,0.109306,0.008948,0.087437,0.010911,12,0,3.910791,9.642744,3.035957,7.776311,0.301462
181,7.940891,0,0,7.520309,0.104633,0.008329,0.08458,0.010232,12,0,3.910791,9.642744,3.035957,7.254055,0.255599
182,25.53953,1,17.579726,25.118734,0.09394,0.005918,0.079135,0.008136,12,0,4.00427,9.736501,3.251032,7.204791,0.261527
183,7.926454,0,0,7.509719,0.109578,0.008462,0.086613,0.012739,12,0,4.00427,9.736501,3.251032,7.245244,0.254112
184,25.182268,1,16.69183,24.747645,0.106871,0.008782,0.086244,0.010505,12,0,3.810109,9.344137,2.953541,7.728028,0.258234
185,7.936284,0,0,7.529676,0.100172,0.007133,0.08212,0.009755,12,0,3.810109,9.344137,2.953541,7.26549,0.254127
186,25.104095,1,17.055128,24.653614,0.113482,0.010465,0.088337,0.012286,12,0,4.025543,9.450129,2.976934,7.243024,0.280952
187,8.055089,0,0,7.633986,0.111449,0.009128,0.087193,0.009735,12,0,4.025543,9.450129,2.976934,7.369492,0.253975
188,24.634894,1,16.656718,24.196631,0.094691,0.005789,0.079399,0.00868,12,0,3.843896,9.202018,3.02983,7.208749,0.259117
189,7.883758,0,0,7.464261,0.107512,0.009183,0.086813,0.010027,12,0,3.843896,9.202018,3.02983,7.198734,0.255177
190,24.577521,1,16.620736,24.161372,0.094251,0.005937,0.079082,0.00856,12,0,3.863643,9.181755,2.97621,7.209859,0.261671
191,7.913015,0,0,7.477044,0.130475,0.009103,0.108736,0.011093,12,0,3.863643,9.181755,2.97621,7.186779,0.27927
192,24.997212,1,17.049651,24.561173,0.098159,0.005801,0.08327,0.008398,12,0,4.025899,9.30147,3.102093,7.173713,0.263313
193,8.266008,0,0,7.795333,0.114507,0.010769,0.089338,0.012235,12,0,4.025899,9.30147,3.102093,7.524797,0.258315
194,26.021885,1,17.69999,25.542378,0.112374,0.010245,0.087817,0.012191,12,0,4.041724,10.080158,2.999414,7.507658,0.260369
195,8.158138,0,0,7.729539,0.114979,0.009939,0.092637,0.010455,12,0,4.041724,10.080158,2.999414,7.458581,0.260697
196,25.088101,1,16.941582,24.662354,0.09656,0.006441,0.080803,0.008411,12,0,3.805744,9.487191,3.071363,7.349696,0.263625
197,8.002411,0,0,7.584555,0.109495,0.008679,0.08875,0.010259,12,0,3.805744,9.487191,3.071363,7.29332,0.266669
198,25.18072,1,16.944661,24.688841,0.098075,0.006775,0.081503,0.008965,12,0,3.797883,9.307642,3.215543,7.39802,0.270401
199,8.396205,0,0,7.919396,0.113254,0.010514,0.088006,0.012557,12,0,3.797883,9.307642,3.215543,7.514028,0.384628
200,28.578464,1,20.473957,28.081883,0.104022,0.006976,0.084812,0.011285,12,0,4.877262,11.220131,3.716921,7.266931,0.260996
201,8.368997,0,0,7.856105,0.114773,0.010187,0.089872,0.011902,12,0,4.877262,11.220131,3.716921,7.590104,0.255324
202,26.980798,1,18.14591,26.406508,0.142292,0.011842,0.114433,0.013181,12,0,4.038076,9.87568,3.428074,7.73225,0.405838
203,8.466416,0,0,7.932832,0.156887,0.019758,0.112005,0.022332,12,0,4.038076,9.87568,3.428074,7.658771,0.260005
204,27.072257,1,18.568291,26.598794,0.108433,0.00905,0.086216,0.010894,12,0,4.249665,10.466218,3.202973,7.677053,0.26282
205,8.470296,0,0,7.926953,0.116745,0.011085,0.089686,0.012639,12,0,4.249665,10.466218,3.202973,7.649168,0.264342
206,26.596276,1,17.805242,26.131523,0.11298,0.010939,0.088429,0.011426,12,0,4.073684,9.6977,3.297368,7.980997,0.264826
207,8.0638,0,0,7.643012,0.111082,0.010392,0.087852,0.011099,12,0,4.073684,9.6977,3.297368,7.375704,0.257067
208,25.001756,1,16.886042,24.567511,0.097073,0.006395,0.08106,0.008803,12,0,4.004863,9.165012,3.10769,7.348705,0.26114
209,8.053549,0,0,7.631941,0.10685,0.009454,0.08566,0.009924,12,0,4.004863,9.165012,3.10769,7.361819,0.259588
210,25.054249,1,16.804029,24.538895,0.111587,0.009575,0.088092,0.011574,12,0,3.859651,9.145702,3.159396,7.380188,0.286094
211,8.198009,0,0,7.72547,0.108254,0.009119,0.08673,0.010631,12,0,3.859651,9.145702,3.159396,7.400004,0.314888
212,25.42486,1,16.578192,24.978332,0.102698,0.007711,0.083933,0.009686,12,0,3.789076,9.293252,2.919028,8.073208,0.258843
213,8.531643,0,0,8.078588,0.119828,0.009348,0.097457,0.011003,12,0,3.789076,9.293252,2.919028,7.810026,0.256541
214,24.554003,1,16.483141,24.139194,0.097792,0.006912,0.081086,0.00877,12,0,3.77183,9.21896,2.917774,7.331833,0.258841
215,8.963224,0,0,8.412647,0.141889,0.01535,0.10152,0.022186,12,0,3.77183,9.21896,2.917774,8.135258,0.260963
216,25.629556,1,17.330191,25.127052,0.098567,0.006583,0.081716,0.00875,12,0,3.882487,9.541425,3.16582,7.4577,0.262602
217,8.034832,0,0,7.614679,0.109136,0.009291,0.087081,0.011025,12,0,3.882487,9.541425,3.16582,7.347402,0.256177
218,25.154843,1,16.568332,24.670034,0.155896,0.010323,0.121721,0.021462,12,0,3.789401,9.242904,2.954863,7.771476,0.258056
219,7.966951,0,0,7.560372,0.097975,0.006767,0.081474,0.008773,12,0,3.789401,9.242904,2.954863,7.294309,0.256207
220,25.190229,1,16.694708,24.757834,0.10658,0.008415,0.08628,0.010043,12,0,3.829438,9.336608,2.936499,7.731789,0.26106
221,8.130193,0,0,7.675719,0.120624,0.016602,0.09286,0.009771,12,0,3.829438,9.336608,2.936499,7.383091,0.28207
222,24.967563,1,16.703334,24.528654,0.104248,0.008205,0.084301,0.010439,12,0,4.027777,9.109708,2.922089,7.498301,0.259625
223,8.020846,0,0,7.555245,0.138967,0.008667,0.116296,0.012737,12,0,4.027777,9.109708,2.922089,7.269692,0.274729
224,25.158287,1,16.809908,24.726379,0.103989,0.007807,0.084891,0.010144,12,0,3.886889,9.379296,2.964382,7.585016,0.26172
225,7.994619,0,0,7.58516,0.099874,0.007347,0.082355,0.009047,12,0,3.886889,9.379296,2.964382,7.315056,0.260238
226,25.495457,1,17.512949,25.041135,0.114858,0.010492,0.090543,0.011727,12,0,4.235008,9.603896,3.093179,7.194707,0.259968
227,7.911623,0,0,7.487579,0.108935,0.009618,0.087105,0.010169,12,0,4.235008,9.603896,3.093179,7.223752,0.253529
228,25.308904,1,17.299417,24.874528,0.10652,0.007971,0.087151,0.010601,12,0,3.804556,9.810902,2.992868,7.235441,0.265272
229,7.786602,0,0,7.368551,0.106202,0.008471,0.085966,0.010078,12,0,3.804556,9.810902,2.992868,7.103493,0.254819
230,26.558523,1,18.424179,26.070293,0.160466,0.008889,0.137498,0.01326,12,0,4.140947,10.50587,3.184442,7.3075,0.259035
231,7.941896,0,0,7.524874,0.109269,0.01011,0.086323,0.010798,12,0,4.140947,10.50587,3.184442,7.258685,0.255834
232,25.183142,1,17.297939,24.76369,0.096634,0.005994,0.082061,0.007855,12,0,3.925187,9.675777,3.054064,7.125512,0.261889
233,7.869392,0,0,7.453558,0.108565,0.009383,0.087211,0.010249,12,0,3.925187,9.675777,3.054064,7.189019,0.254078
234,25.20394,1,17.197721,24.713464,0.111637,0.009901,0.088034,0.011565,12,0,3.886154,9.779031,2.953006,7.177222,0.265136
235,7.988435,0,0,7.568518,0.109125,0.009917,0.086759,0.010341,12,0,3.886154,9.779031,2.953006,7.300994,0.2537
236,25.097883,1,17.120309,24.66939,0.102088,0.006376,0.086044,0.008661,12,0,3.980171,9.373634,3.189077,7.215259,0.260332
237,7.966121,0,0,7.545381,0.109172,0.009292,0.088454,0.009813,12,0,3.980171,9.373634,3.189077,7.28022,0.25493
238,24.700054,1,16.608309,24.273039,0.099265,0.00624,0.083196,0.00906,12,0,3.822096,9.165477,2.920331,7.235318,0.336539
239,8.173979,0,0,7.751158,0.107229,0.00862,0.086361,0.010553,12,0,3.822096,9.165477,2.920331,7.481599,0.255926
240,25.906631,1,17.884731,25.475607,0.098116,0.006143,0.082344,0.008768,12,0,4.051781,10.263701,2.985671,7.256167,0.262278
241,8.040749,0,0,7.621137,0.106367,0.009399,0.085482,0.009815,12,0,4.051781,10.263701,2.985671,7.352837,0.257853
242,24.691156,1,16.626014,24.26519,0.111338,0.010172,0.08705,0.012091,12,0,3.787513,9.235501,3.022838,7.313525,0.258523
243,7.82336,0,0,7.429439,0.096039,0.006331,0.080522,0.008361,12,0,3.787513,9.235501,3.022838,7.14592,0.274243
244,26.891798,1,17.476819,26.430202,0.109529,0.009153,0.087021,0.010937,12,0,4.050381,9.530617,3.022229,8.56812,0.260824
245,9.355888,0,0,8.894582,0.113584,0.010382,0.089108,0.011604,12,0,4.050381,9.530617,3.022229,8.610065,0.271887
246,24.6808,1,16.752815,24.266045,0.094758,0.006096,0.079868,0.008024,12,0,3.781085,9.347734,2.963971,7.173957,0.263655
247,8.451303,0,0,8.036842,0.107451,0.008789,0.086421,0.010618,12,0,3.781085,9.347734,2.963971,7.768396,0.257663
248,24.681464,1,16.790586,24.279895,0.093138,0.005861,0.078185,0.008345,12,0,3.770848,9.416088,3.024356,7.16982,0.255385
249,8.222922,0,0,7.674057,0.119919,0.009259,0.096989,0.011329,12,0,3.770848,9.416088,3.024356,7.337283,0.325189
250,25.292306,1,16.866826,24.861555,0.113177,0.010523,0.088357,0.012069,12,0,3.777289,9.435678,3.070342,7.666075,0.260191
251,7.770346,0,0,7.37269,0.09679,0.006495,0.080886,0.008623,12,0,3.777289,9.435678,3.070342,7.109473,0.253698
252,25.320855,1,16.731208,24.900203,0.107941,0.008888,0.086189,0.010761,12,0,3.890028,9.317996,2.941842,7.843119,0.258091
253,7.84476,0,0,7.451082,0.095044,0.00584,0.079855,0.008657,12,0,3.890028,9.317996,2.941842,7.186055,0.255737
254,25.178941,1,17.299865,24.750545,0.113716,0.005564,0.099193,0.00832,12,0,3.82616,9.765236,3.136996,7.123876,0.260308
255,7.851397,0,0,7.445729,0.105885,0.008893,0.086107,0.009388,12,0,3.82616,9.765236,3.136996,7.178521,0.257303
256,25.271477,1,16.864369,24.849428,0.105863,0.008625,0.084956,0.010751,12,0,3.892124,9.379906,3.015483,7.657761,0.259136
257,7.771637,0,0,7.377516,0.0956,0.006466,0.079751,0.008588,12,0,3.892124,9.379906,3.015483,7.107798,0.260198
258,25.187303,1,17.170739,24.75079,0.115696,0.01022,0.091191,0.011874,12,0,3.837647,9.671926,3.07027,7.249492,0.258426
259,7.925057,0,0,7.516885,0.106934,0.009425,0.085549,0.010365,12,0,3.837647,9.671926,3.07027,7.252328,0.25435
260,25.041926,1,17.139207,24.633176,0.093033,0.005661,0.078659,0.008105,12,0,3.895559,9.625772,3.035417,7.1678,0.259531
261,7.781525,0,0,7.377665,0.104568,0.008561,0.084451,0.010077,12,0,3.895559,9.625772,3.035417,7.110738,0.256944
262,25.327468,1,17.369888,24.903152,0.096799,0.0058,0.078955,0.011317,12,0,4.305213,9.389712,3.078212,7.202973,0.259413
263,7.978892,0,0,7.565526,0.110767,0.010612,0.087135,0.011121,12,0,4.305213,9.389712,3.078212,7.298604,0.256676
264,26.055762,1,18.034833,25.581708,0.114867,0.010795,0.089981,0.011926,12,0,4.201312,10.080486,3.127447,7.206484,0.260774
265,8.147777,0,0,7.692994,0.109041,0.009842,0.086919,0.010741,12,0,4.201312,10.080486,3.127447,7.425822,0.256992
266,25.297635,1,17.162701,24.857691,0.11212,0.01016,0.088605,0.01111,12,0,3.935253,9.599545,3.050827,7.345973,0.26375
267,7.962293,0,0,7.550259,0.107131,0.009565,0.086336,0.009648,12,0,3.935253,9.599545,3.050827,7.282995,0.2571
268,24.312341,1,16.412266,23.921263,0.093341,0.005722,0.079027,0.00792,12,0,3.758538,9.17502,2.908174,7.18265,0.263853
269,8.848577,0,0,8.368422,0.114895,0.011177,0.089233,0.012135,12,0,3.758538,9.17502,2.908174,8.097227,0.258234
270,28.118817,1,19.884989,27.669566,0.116038,0.010943,0.090207,0.012328,12,0,4.137538,11.132357,3.749441,7.396686,0.304477
271,8.968512,0,0,8.323114,0.114787,0.010852,0.08893,0.012175,12,0,4.137538,11.132357,3.749441,8.052561,0.257899
272,26.779637,1,18.369399,26.323716,0.103792,0.008462,0.083514,0.010183,12,0,4.127295,10.320774,3.274583,7.618088,0.261683
273,8.103246,0,0,7.664312,0.113784,0.010655,0.089316,0.011894,12,0,4.127295,10.320774,3.274583,7.371437,0.281979
274,26.070382,1,17.528845,25.51955,0.150024,0.022943,0.088844,0.035877,12,0,4.062194,9.776197,3.037477,7.594755,0.299327
275,9.224454,0,0,8.701856,0.152332,0.011772,0.125164,0.012835,12,0,4.062194,9.776197,3.037477,8.423119,0.265475
276,26.85301,1,18.289244,26.353496,0.112503,0.010559,0.088118,0.011551,12,0,4.221571,10.260923,3.172215,7.575728,0.386569
277,8.313714,0,0,7.895298,0.11073,0.009926,0.087614,0.010992,12,0,4.221571,10.260923,3.172215,7.590454,0.294386
278,25.185258,1,16.987555,24.724559,0.094383,0.005909,0.079443,0.00836,12,0,3.859818,9.462048,2.993704,7.376361,0.286115
279,8.334996,0,0,7.923967,0.106753,0.008906,0.085252,0.011127,12,0,3.859818,9.462048,2.993704,7.652605,0.257744
280,25.325902,1,17.35153,24.912869,0.093285,0.0057,0.079162,0.007769,12,0,3.82317,9.843857,2.977545,7.227049,0.262909
281,7.930417,0,0,7.523403,0.105408,0.008387,0.085701,0.009767,12,0,3.82317,9.843857,2.977545,7.254725,0.258274
282,24.746531,1,16.812539,24.329251,0.111461,0.010096,0.087576,0.011649,12,0,3.782606,9.413748,3.037877,7.193183,0.257717
283,7.952813,0,0,7.556155,0.097558,0.007779,0.080148,0.008865,12,0,3.782606,9.413748,3.037877,7.290838,0.255919
284,25.449957,1,16.880424,25.024698,0.106959,0.008549,0.086227,0.010423,12,0,3.769336,9.578151,2.956246,7.814865,0.261908
285,8.401655,0,0,7.906475,0.163491,0.011972,0.132199,0.01665,12,0,3.769336,9.578151,2.956246,7.489307,0.402523
286,24.900021,1,16.680904,24.497179,0.098094,0.006603,0.08152,0.009021,12,0,3.767833,9.359041,2.977987,7.488296,0.262823
287,8.554968,0,0,8.124459,0.109148,0.009113,0.086443,0.011512,12,0,3.767833,9.359041,2.977987,7.856062,0.257057
288,24.70339,1,16.786528,24.309149,0.093533,0.005892,0.078982,0.007974,12,0,3.848557,9.344896,3.016303,7.197028,0.262272
289,7.772827,0,0,7.382645,0.093654,0.00579,0.078933,0.008227,12,0,3.848557,9.344896,3.016303,7.111682,0.261746
290,25.180566,1,17.079626,24.726683,0.137135,0.010258,0.09822,0.026221,12,0,4.142639,9.418156,2.94224,7.303708,0.262304
291,7.814833,0,0,7.410241,0.104086,0.007877,0.085682,0.009264,12,0,4.142639,9.418156,2.94224,7.143498,0.256822
292,25.112703,1,16.645251,24.68992,0.108165,0.008633,0.086234,0.01129,12,0,3.814681,9.259904,2.995177,7.716918,0.259754
293,7.745438,0,0,7.350573,0.094773,0.005988,0.079796,0.008264,12,0,3.814681,9.259904,2.995177,7.082021,0.259056
294,25.154175,1,17.221199,24.742985,0.093755,0.005706,0.079226,0.008205,12,0,3.825475,9.755636,3.054666,7.192063,0.262122
295,9.150889,0,0,8.704897,0.118261,0.010032,0.093725,0.011934,12,0,3.825475,9.755636,3.054666,8.434033,0.258671
296,26.615482,1,17.481879,26.173992,0.110169,0.009297,0.08773,0.010795,12,0,3.868065,9.476561,3.559323,8.354747,0.265817
297,7.830255,0,0,7.419607,0.101533,0.007933,0.082822,0.009549,12,0,3.868065,9.476561,3.559323,7.148807,0.261201
298,25.329446,1,17.444449,24.882173,0.115076,0.01015,0.090569,0.012273,12,0,3.860588,9.990087,3.008234,7.101086,0.263551
299,7.821868,0,0,7.406616,0.10701,0.009353,0.08579,0.01016,12,0,3.860588,9.990087,3.008234,7.138649,0.257472
300,25.569139,1,17.475276,25.142843,0.096314,0.006009,0.081033,0.008482,12,0,3.813402,9.32759,3.721469,7.331542,0.265663
301,7.783948,0,0,7.373573,0.10551,0.008608,0.085297,0.00984,12,0,3.813402,9.32759,3.721469,7.102075,0.261347
302,25.241508,1,17.338456,24.827347,0.094046,0.005782,0.078847,0.008674,12,0,3.823033,9.93898,2.998656,7.158264,0.260352
303,7.829455,0,0,7.417577,0.106123,0.008711,0.085245,0.010484,12,0,3.823033,9.93898,2.998656,7.147281,0.260255
304,25.191702,1,17.336789,24.771497,0.094639,0.005933,0.07956,0.008489,12,0,3.879631,9.944723,2.934226,7.102383,0.262149
305,7.816825,0,0,7.402515,0.10612,0.008932,0.08553,0.010132,12,0,3.879631,9.944723,2.934226,7.132118,0.260181
306,25.471761,1,17.408654,24.960835,0.113241,0.010221,0.089086,0.011849,12,0,3.817986,9.286914,3.722174,7.175746,0.303766
307,7.840949,0,0,7.425454,0.107217,0.008977,0.086206,0.010318,12,0,3.817986,9.286914,3.722174,7.157778,0.257298
308,24.388967,1,16.525973,23.975502,0.114518,0.005822,0.099812,0.008244,12,0,3.767471,9.246133,2.936869,7.11628,0.259111
309,8.746638,0,0,8.304719,0.110121,0.0094,0.086961,0.01181,12,0,3.767471,9.246133,2.936869,8.030766,0.261817
310,24.520845,1,16.554393,24.08926,0.094977,0.006049,0.080051,0.008082,12,0,3.756672,9.255971,2.946167,7.188276,0.280457
311,8.6202,0,0,8.193503,0.110458,0.0118,0.086116,0.010845,12,0,3.756672,9.255971,2.946167,7.925186,0.257206
312,25.335596,1,17.410279,24.913676,0.095071,0.005848,0.079703,0.008859,12,0,3.767671,9.383335,3.606175,7.171212,0.260601
313,7.983907,0,0,7.546724,0.107944,0.009107,0.08629,0.010929,12,0,3.767671,9.383335,3.606175,7.281617,0.254811
314,25.829616,1,16.717304,25.385828,0.113772,0.010471,0.08915,0.011855,12,0,3.777025,9.352641,3.000398,8.336127,0.260481
315,7.849623,0,0,7.440304,0.099014,0.006962,0.08162,0.00938,12,0,3.777025,9.352641,3.000398,7.173559,0.256918
316,27.159264,1,18.712689,26.706942,0.117654,0.011209,0.092426,0.011669,12,0,4.081549,10.128948,3.894742,7.639055,0.2674
317,8.998772,0,0,8.531157,0.113987,0.010127,0.088648,0.012783,12,0,4.081549,10.128948,3.894742,8.25625,0.262536
318,25.540092,1,17.587645,25.103468,0.096163,0.006085,0.080869,0.0084,12,0,3.895962,9.451666,3.572636,7.178422,0.263727
319,7.919092,0,0,7.50023,0.108489,0.009659,0.086343,0.010716,12,0,3.895962,9.451666,3.572636,7.232675,0.25724
320,26.434343,1,17.621422,25.989861,0.11274,0.008796,0.090528,0.011501,12,0,3.827027,10.192247,3.019335,8.025271,0.264799
321,8.748673,0,0,8.267512,0.112715,0.009742,0.089224,0.011365,12,0,3.827027,10.192247,3.019335,7.99738,0.257558
322,26.755439,1,17.866742,26.305658,0.115626,0.011203,0.089664,0.012488,12,0,3.821319,10.429285,3.031806,8.098115,0.264034
323,7.862112,0,0,7.444439,0.107569,0.00917,0.086315,0.010088,12,0,3.821319,10.429285,3.031806,7.177734,0.256449
324,25.511894,1,17.500498,25.083317,0.107843,0.006513,0.091427,0.009214,12,0,3.94713,9.995337,2.975477,7.242477,0.261379
325,8.710616,0,0,8.26487,0.111632,0.009594,0.088339,0.011515,12,0,3.94713,9.995337,2.975477,7.982568,0.270101
326,26.337591,1,17.925518,25.89727,0.108684,0.008238,0.08788,0.010786,12,0,3.93895,9.878532,3.471377,7.629037,0.267265
327,8.089107,0,0,7.654629,0.114864,0.010444,0.090476,0.011226,12,0,3.93895,9.878532,3.471377,7.346371,0.297287
328,25.422432,1,17.182115,25.000757,0.098694,0.006537,0.08178,0.009464,12,0,3.970471,9.663165,2.963646,7.483692,0.264836
329,8.362019,0,0,7.951595,0.106675,0.009085,0.085769,0.010226,12,0,3.970471,9.663165,2.963646,7.684809,0.256485
330,25.710403,1,17.613249,25.265605,0.11361,0.010477,0.088883,0.012116,12,0,3.899546,9.57843,3.465176,7.318844,0.260242
331,8.480112,0,0,8.040158,0.112542,0.010661,0.088268,0.011234,12,0,3.899546,9.57843,3.465176,7.741751,0.286038
332,25.681391,1,17.620706,25.202008,0.098337,0.006513,0.081979,0.008978,12,0,4.13818,9.696241,3.198445,7.238031,0.27094
333,7.916487,0,0,7.505702,0.1086,0.009245,0.086427,0.010987,12,0,4.13818,9.696241,3.198445,7.238401,0.257197
334,31.503776,1,21.38472,30.992917,0.176813,0.014243,0.140941,0.018277,12,0,4.531789,12.819444,3.42061,9.23838,0.284468
335,9.742272,0,0,9.157526,0.207095,0.026609,0.147749,0.019439,12,0,4.531789,12.819444,3.42061,8.841818,0.277616
336,26.274995,1,17.558268,25.808489,0.112482,0.009803,0.088905,0.01149,12,0,3.97485,9.752972,3.246701,7.908493,0.262694
337,8.217888,0,0,7.783991,0.112106,0.009842,0.088448,0.011465,12,0,3.97485,9.752972,3.246701,7.51517,0.25737
338,26.067236,1,17.620212,25.625639,0.119462,0.010856,0.094636,0.011812,12,0,4.082175,9.45805,3.49118,7.626843,0.302729
339,8.04859,0,0,7.635816,0.108877,0.009607,0.08686,0.01057,12,0,4.082175,9.45805,3.49118,7.364948,0.260808
340,29.292519,1,21.273365,28.854727,0.107044,0.006251,0.090963,0.009055,12,0,4.617977,12.281327,3.729047,7.246385,0.260897
341,9.646996,0,0,8.929531,0.214005,0.017507,0.171478,0.02075,12,0,4.617977,12.281327,3.729047,8.495964,0.414407
342,29.527062,1,18.510444,29.046571,0.116517,0.010736,0.090222,0.012784,12,0,4.060151,10.494564,3.25524,10.117525,0.326379
343,8.964932,0,0,8.454932,0.115381,0.010953,0.089416,0.011865,12,0,4.060151,10.494564,3.25524,8.183565,0.258032
344,28.318503,1,19.089332,27.836556,0.116301,0.010834,0.090792,0.012339,12,0,4.339561,10.807137,3.345004,8.404598,0.263823
345,9.582803,0,0,9.123065,0.115492,0.010847,0.089818,0.012173,12,0,4.339561,10.807137,3.345004,8.849671,0.260249
346,28.294004,1,19.237711,27.782651,0.15043,0.011334,0.12376,0.013051,12,0,4.193178,11.212253,3.185473,8.098736,0.36109
347,8.137699,0,0,7.676252,0.114122,0.010838,0.089443,0.011265,12,0,4.193178,11.212253,3.185473,7.390489,0.27476
348,27.605915,1,18.392667,27.159026,0.11278,0.009837,0.08839,0.012491,12,0,4.03494,10.664129,3.081122,8.425705,0.263811
349,8.753658,0,0,8.272608,0.145981,0.009857,0.122728,0.01118,12,0,4.03494,10.664129,3.081122,7.999378,0.261448
350,26.009283,1,17.567164,25.565,0.10671,0.008439,0.085903,0.010651,12,0,3.95617,9.644994,3.231963,7.659454,0.26257
351,7.942668,0,0,7.503955,0.108082,0.009278,0.086395,0.01067,12,0,3.95617,9.644994,3.231963,7.235353,0.258211
352,25.395762,1,17.339204,24.970483,0.097881,0.006597,0.081482,0.008887,12,0,3.88965,9.89696,2.972026,7.298489,0.262372
353,8.390642,0,0,7.947665,0.109477,0.009559,0.086786,0.010622,12,0,3.88965,9.89696,2.972026,7.673311,0.262544
354,25.973617,1,17.493342,25.520776,0.114583,0.010691,0.089611,0.011927,12,0,3.995967,9.792315,3.119711,7.684609,0.266026
355,8.376734,0,0,7.886505,0.155632,0.009592,0.132069,0.011513,12,0,3.995967,9.792315,3.119711,7.606556,0.268071
356,25.605818,1,17.310886,25.147426,0.131779,0.008635,0.109922,0.011511,12,0,3.85964,9.785925,3.075477,7.501416,0.261641
357,8.363612,0,0,7.927528,0.108919,0.009874,0.086603,0.010857,12,0,3.85964,9.785925,3.075477,7.655151,0.261014
358,25.567108,1,17.372988,25.125239,0.097647,0.006544,0.081421,0.008618,12,0,3.828465,9.8418,3.117763,7.393584,0.285599
359,7.96285,0,0,7.51175,0.113669,0.009989,0.090642,0.010888,12,0,3.828465,9.8418,3.117763,7.232752,0.268117
360,25.134449,1,16.895736,24.705115,0.099548,0.007202,0.082052,0.009181,12,0,3.91732,9.451775,2.954753,7.479804,0.262741
361,8.394262,0,0,7.962972,0.10764,0.008884,0.086369,0.010646,12,0,3.91732,9.451775,2.954753,7.687046,0.264438
362,25.715059,1,17.120016,25.278198,0.113892,0.010553,0.088623,0.01214,12,0,3.902324,9.513939,3.122002,7.822687,0.260759
363,7.937413,0,0,7.524802,0.105718,0.008553,0.085214,0.010412,12,0,3.902324,9.513939,3.122002,7.256195,0.258563
364,25.77952,1,17.926723,25.353567,0.097044,0.006059,0.081732,0.008572,12,0,4.083758,10.085171,3.165519,7.089037,0.263217
365,7.963807,0,0,7.543692,0.114022,0.010038,0.091232,0.010878,12,0,4.083758,10.085171,3.165519,7.274565,0.258563
366,25.271764,1,16.86676,24.846033,0.107493,0.008903,0.086295,0.010579,12,0,3.937209,9.355493,2.995991,7.645918,0.261712
367,7.750132,0,0,7.351065,0.097564,0.006611,0.081031,0.009077,12,0,3.937209,9.355493,2.995991,7.084945,0.256669
368,25.09506,1,16.782257,24.673927,0.105474,0.008213,0.085058,0.010726,12,0,3.819562,9.275799,3.100604,7.560836,0.260947
369,7.781501,0,0,7.379499,0.100553,0.006543,0.084063,0.009128,12,0,3.819562,9.275799,3.100604,7.111694,0.258287
370,25.052184,1,17.063874,24.591998,0.112916,0.010427,0.088212,0.012039,12,0,3.851116,9.659327,2.974533,7.162837,0.289915
371,7.933571,0,0,7.513843,0.109892,0.009369,0.088398,0.010578,12,0,3.851116,9.659327,2.974533,7.245692,0.257841
372,25.090302,1,17.210084,24.673466,0.094001,0.005963,0.079402,0.007895,12,0,4.036605,9.511179,3.071641,7.132434,0.261268
373,8.934923,0,0,8.522721,0.108539,0.008476,0.088635,0.009965,12,0,4.036605,9.511179,3.071641,8.255733,0.25704
374,25.248437,1,17.378392,24.833264,0.093957,0.005672,0.079431,0.008219,12,0,3.905491,9.854399,3.042415,7.121686,0.261529
375,8.037381,0,0,7.623259,0.109122,0.009273,0.086801,0.01115,12,0,3.905491,9.854399,3.042415,7.354833,0.258166
376,27.169563,1,19.186555,26.749867,0.094095,0.005722,0.07928,0.008424,12,0,4.602944,10.624081,3.343361,7.214525,0.262094
377,7.832822,0,0,7.400942,0.131955,0.010274,0.108252,0.01177,12,0,4.602944,10.624081,3.343361,7.111203,0.266576
378,24.57013,1,16.669023,24.152869,0.114277,0.010437,0.088935,0.012557,12,0,3.773356,9.35064,2.969484,7.156413,0.261122
379,8.694155,0,0,8.269699,0.109473,0.009807,0.087005,0.011175,12,0,3.773356,9.35064,2.969484,7.997672,0.260946
380,25.398134,1,17.348752,24.984591,0.096799,0.006357,0.080831,0.00887,12,0,3.801803,9.52189,3.360001,7.304726,0.262389
381,8.201013,0,0,7.784871,0.108207,0.008902,0.086343,0.011172,12,0,3.801803,9.52189,3.360001,7.515525,0.259082
382,25.420215,1,17.565843,25.009999,0.094853,0.005899,0.079693,0.008516,12,0,4.124726,9.836405,3.012413,7.089829,0.284679
383,8.101347,0,0,7.689781,0.109937,0.009271,0.088874,0.010048,12,0,4.124726,9.836405,3.012413,7.423328,0.256579
384,24.556841,1,16.727655,24.121352,0.09423,0.005724,0.079297,0.008549,12,0,3.805711,9.367082,2.982426,7.071947,0.25998
385,8.603444,0,0,8.180783,0.110495,0.009341,0.087646,0.011845,12,0,3.805711,9.367082,2.982426,7.912083,0.257405
386,25.184846,1,16.968578,24.745739,0.112509,0.010424,0.088352,0.011723,12,0,3.867871,9.526919,2.979327,7.408254,0.281129
387,8.705713,0,0,8.271067,0.110437,0.00984,0.087324,0.011119,12,0,3.867871,9.526919,2.979327,8.001668,0.257259
388,24.752186,1,16.714684,24.352628,0.096573,0.006299,0.080397,0.009072,12,0,3.823424,9.312394,2.999531,7.310056,0.263867
389,7.745187,0,0,7.350436,0.094622,0.006033,0.079291,0.008605,12,0,3.823424,9.312394,2.999531,7.08304,0.258026
390,25.608945,1,16.930097,25.185717,0.107725,0.009011,0.086563,0.010641,12,0,3.814282,9.534833,3.001543,7.926159,0.261515
391,8.380397,0,0,7.922471,0.136176,0.012208,0.10643,0.015662,12,0,3.814282,9.534833,3.001543,7.596363,0.312532
392,24.914931,1,16.795528,24.508695,0.097804,0.00661,0.081188,0.009066,12,0,3.839994,9.391404,2.987784,7.349372,0.299658
393,8.603926,0,0,8.175104,0.109794,0.009555,0.087623,0.011027,12,0,3.839994,9.391404,2.987784,7.906075,0.257602
394,25.826751,1,17.825608,25.371729,0.135303,0.009813,0.111254,0.012047,12,0,4.043565,10.124282,3.076041,7.209075,0.263306
395,7.757257,0,0,7.349738,0.106195,0.009338,0.085529,0.009807,12,0,4.043565,10.124282,3.076041,7.077802,0.261648
396,25.525954,1,17.19008,25.025157,0.186894,0.010603,0.157333,0.017048,12,0,4.022172,9.58164,3.006632,7.498479,0.260625
397,7.735945,0,0,7.326888,0.109362,0.007747,0.090787,0.009683,12,0,4.022172,9.58164,3.006632,7.058947,0.25805
398,25.648031,1,17.084235,25.173425,0.157667,0.010834,0.128702,0.015875,12,0,3.812644,9.695906,2.984015,7.750329,0.264361
399,7.807778,0,0,7.402379,0.100557,0.007355,0.082804,0.009394,12,0,3.812644,9.695906,2.984015,7.134403,0.258323
400,25.462462,1,17.660195,25.047637,0.093502,0.005706,0.079301,0.007882,12,0,4.280299,9.772157,3.015947,7.051129,0.264795
401,7.747342,0,0,7.337059,0.105956,0.008893,0.08565,0.009943,12,0,4.280299,9.772157,3.015947,7.064814,0.262019
402,25.506255,1,17.604093,25.041703,0.115461,0.009922,0.091052,0.012366,12,0,4.10869,9.800641,3.117784,7.096237,0.268154
403,8.325043,0,0,7.833934,0.128607,0.015862,0.097359,0.012681,12,0,4.10869,9.800641,3.117784,7.515745,0.293771
404,26.867568,1,18.81988,26.388965,0.102296,0.010451,0.081721,0.009138,12,0,4.806863,10.090378,3.248031,7.183265,0.291084
405,8.392106,0,0,7.953513,0.112921,0.010519,0.089041,0.011391,12,0,4.806863,10.090378,3.248031,7.682548,0.260127
406,26.218745,1,18.074073,25.748111,0.09659,0.006357,0.081265,0.008245,12,0,4.085731,10.207462,3.191864,7.337602,0.264202
407,7.866763,0,0,7.452522,0.106556,0.008971,0.085948,0.010141,12,0,4.085731,10.207462,3.191864,7.183097,0.259319
408,25.179192,1,17.324691,24.766229,0.09516,0.006097,0.079884,0.008411,12,0,3.872845,9.868028,3.006061,7.108522,0.263501
409,7.828187,0,0,7.419911,0.10719,0.009036,0.086493,0.010145,12,0,3.872845,9.868028,3.006061,7.151372,0.258274
410,26.017515,1,17.449771,25.476491,0.116332,0.010732,0.089958,0.012782,12,0,3.859169,9.592076,3.359119,7.574385,0.357092
411,10.473104,0,0,9.983242,0.114299,0.010411,0.088864,0.011703,12,0,3.859169,9.592076,3.359119,9.710348,0.260286
412,27.498876,1,18.97062,27.03101,0.114636,0.010625,0.089086,0.012469,12,0,4.126847,10.532794,3.68968,7.61772,0.337431
413,8.260325,0,0,7.73958,0.115681,0.011064,0.089913,0.012341,12,0,4.126847,10.532794,3.68968,7.452253,0.274287
414,26.423623,1,18.12229,25.84553,0.11295,0.010116,0.088409,0.012425,12,0,4.183515,10.070402,3.240069,7.352587,0.290444
415,9.045287,0,0,8.584669,0.115444,0.011016,0.089787,0.01224,12,0,4.183515,10.070402,3.240069,8.28039,0.291727
416,27.451653,1,19.073862,27.00075,0.118238,0.009084,0.095811,0.01152,12,0,4.159366,10.895643,3.353338,7.58597,0.262784
417,8.223405,0,0,7.726667,0.112538,0.010466,0.088346,0.011565,12,0,4.159366,10.895643,3.353338,7.45807,0.25805
418,25.253619,1,17.012135,24.725079,0.122707,0.01055,0.097869,0.012024,12,0,3.858601,9.433968,3.115755,7.371454,0.272644
419,8.398188,0,0,7.879551,0.106773,0.00866,0.085547,0.010939,12,0,3.858601,9.433968,3.115755,7.48357,0.385676
420,25.218837,1,17.389623,24.802321,0.096085,0.006378,0.080423,0.008484,12,0,3.85736,9.744416,3.009739,7.074259,0.267968
421,7.915417,0,0,7.502094,0.107291,0.009243,0.086041,0.010264,12,0,3.85736,9.744416,3.009739,7.229871,0.262117
422,25.302831,1,17.456817,24.88095,0.095459,0.006107,0.080198,0.008373,12,0,3.842489,9.966149,3.062971,7.086091,0.268197
423,7.998259,0,0,7.578709,0.108438,0.009229,0.086913,0.010416,12,0,3.842489,9.966149,3.062971,7.311217,0.257241
424,25.005667,1,16.965008,24.534544,0.096516,0.006078,0.080904,0.008675,12,0,3.818391,9.457467,3.057537,7.210726,0.281709
425,8.235692,0,0,7.75935,0.118542,0.00866,0.097572,0.010884,12,0,3.818391,9.457467,3.057537,7.33341,0.41487
426,25.230529,1,16.87826,24.745305,0.117551,0.010199,0.093192,0.012009,12,0,3.909945,9.388372,3.003495,7.532416,0.262491
427,8.464176,0,0,8.019665,0.11017,0.009377,0.087401,0.011357,12,0,3.909945,9.388372,3.003495,7.74656,0.261415
428,24.999357,1,16.893053,24.585331,0.097976,0.00668,0.081451,0.008847,12,0,3.855887,9.390309,3.067734,7.36587,0.261813
429,7.815621,0,0,7.419805,0.096024,0.006167,0.08004,0.009056,12,0,3.855887,9.390309,3.067734,7.130088,0.280219
430,25.596054,1,17.194236,25.172295,0.103072,0.007739,0.084047,0.010048,12,0,4.062047,9.546188,3.011149,7.646319,0.266484
431,8.410864,0,0,7.911865,0.163346,0.014,0.130688,0.017077,12,0,4.062047,9.546188,3.011149,7.481831,0.415903
432,24.839654,1,16.844812,24.441276,0.0964,0.006484,0.079968,0.009063,12,0,3.816147,9.465578,2.984911,7.270873,0.261641
433,8.442691,0,0,8.016915,0.106638,0.008623,0.086314,0.010081,12,0,3.816147,9.465578,2.984911,7.744981,0.260674
434,25.519888,1,17.661534,25.093977,0.108587,0.009116,0.086086,0.011707,12,0,3.998968,9.636552,3.451432,7.092961,0.266358
435,7.834001,0,0,7.427263,0.105596,0.008861,0.08533,0.00975,12,0,3.998968,9.636552,3.451432,7.155115,0.261976
436,25.416164,1,17.245296,24.934805,0.166494,0.008343,0.145391,0.010471,12,0,4.11989,9.477495,2.992843,7.358049,0.261102
437,7.728034,0,0,7.30815,0.097653,0.007002,0.080787,0.008951,12,0,4.11989,9.477495,2.992843,7.040238,0.25842
438,25.555812,1,17.107996,25.131919,0.104862,0.008207,0.084631,0.01068,12,0,3.966888,9.548127,3.003446,7.693899,0.261837
439,7.823484,0,0,7.422613,0.096931,0.006355,0.081012,0.008609,12,0,3.966888,9.548127,3.003446,7.154512,0.258525
440,25.195027,1,17.428706,24.784897,0.093772,0.005621,0.079009,0.008491,12,0,3.973542,9.586317,3.296189,7.026308,0.262961
441,7.857701,0,0,7.449186,0.10461,0.008798,0.085024,0.009302,12,0,3.973542,9.586317,3.296189,7.179322,0.259944
442,25.767534,1,17.785485,25.299145,0.146239,0.020276,0.102224,0.021326,12,0,4.075602,9.992127,3.121039,7.17238,0.264251
443,7.841162,0,0,7.43253,0.106756,0.009097,0.086148,0.009843,12,0,4.075602,9.992127,3.121039,7.162805,0.259841
444,25.595561,1,17.30733,25.14954,0.125317,0.008091,0.09067,0.025668,12,0,3.886476,9.741949,3.104902,7.496377,0.266913
445,7.960584,0,0,7.551227,0.105804,0.008911,0.085686,0.009703,12,0,3.886476,9.741949,3.104902,7.277665,0.263444
446,25.416526,1,17.549776,25.0045,0.09398,0.005979,0.079117,0.008075,12,0,3.833717,9.886712,3.210305,7.122333,0.263366
447,7.732859,0,0,7.328081,0.104905,0.008343,0.085243,0.009816,12,0,3.833717,9.886712,3.210305,7.059363,0.258691
448,25.302605,1,17.468158,24.891639,0.094922,0.005972,0.079446,0.008771,12,0,3.776528,10.096482,3.022773,7.093487,0.262418
449,7.799556,0,0,7.392637,0.10523,0.008379,0.085717,0.009564,12,0,3.776528,10.096482,3.022773,7.124538,0.257879
450,25.322439,1,16.96079,24.677805,0.111634,0.009954,0.088333,0.011208,12,0,3.771938,9.44955,3.164292,7.297467,0.339023
451,8.462697,0,0,8.041148,0.109442,0.009166,0.087519,0.010784,12,0,3.771938,9.44955,3.164292,7.729094,0.301282
452,25.465854,1,17.688027,25.048899,0.095236,0.006107,0.079835,0.008579,12,0,4.066433,10.032744,2.991817,7.02968,0.261806
453,7.951743,0,0,7.538171,0.10567,0.008641,0.085134,0.010282,12,0,4.066433,10.032744,2.991817,7.271127,0.256875
454,24.50924,1,16.670178,24.110031,0.097898,0.005873,0.080598,0.010772,12,0,3.766487,9.371764,2.961144,7.113528,0.263411
455,8.691652,0,0,8.256586,0.108064,0.008792,0.086595,0.010818,12,0,3.766487,9.371764,2.961144,7.987651,0.257709
456,25.289219,1,16.995162,24.62073,0.098344,0.006319,0.082209,0.008916,12,0,3.789421,9.356119,3.174944,7.272691,0.283274
457,8.808401,0,0,8.362166,0.109577,0.009284,0.086905,0.011302,12,0,3.789421,9.356119,3.174944,8.094325,0.257176
458,24.971231,1,16.749513,24.546518,0.112468,0.01043,0.088183,0.011599,12,0,3.836073,9.324529,2.970214,7.46831,0.261292
459,7.725656,0,0,7.325293,0.099351,0.00635,0.080585,0.011564,12,0,3.836073,9.324529,2.970214,7.057059,0.258781
460,25.779593,1,16.96046,25.351786,0.108044,0.008977,0.085925,0.011329,12,0,3.825423,9.561497,2.999699,8.058089,0.263739
461,8.190388,0,0,7.737928,0.126684,0.009109,0.105177,0.010819,12,0,3.825423,9.561497,2.999699,7.260465,0.466085
462,25.38497,1,16.840798,24.971374,0.101497,0.007281,0.083773,0.009473,12,0,3.793832,9.462528,3.003013,7.804757,0.260574
463,8.74176,0,0,8.296841,0.109215,0.008838,0.087087,0.011446,12,0,3.793832,9.462528,3.003013,8.024437,0.261013
464,25.146749,1,16.85428,24.706467,0.098089,0.006452,0.081774,0.008938,12,0,3.789229,9.386976,3.099547,7.521065,0.261877
465,9.276963,0,0,8.745033,0.126237,0.010237,0.101324,0.012153,12,0,3.789229,9.386976,3.099547,8.472642,0.259652
466,25.8511,1,16.977215,25.40749,0.120321,0.01107,0.094769,0.012152,12,0,3.814362,9.413454,3.16349,8.094549,0.263169
467,7.715728,0,0,7.316579,0.097534,0.006508,0.080891,0.009166,12,0,3.814362,9.413454,3.16349,7.048008,0.259067
468,25.80782,1,17.102196,25.378939,0.107686,0.008401,0.086671,0.010808,12,0,3.837232,9.662002,3.026189,7.944342,0.262134
469,7.750744,0,0,7.345932,0.097907,0.007061,0.0809,0.00908,12,0,3.837232,9.662002,3.026189,7.078515,0.257924
470,25.689617,1,17.790309,25.250708,0.121101,0.005848,0.106063,0.00858,12,0,4.204053,10.013587,2.996279,7.129209,0.264105
471,7.801894,0,0,7.392329,0.10742,0.00865,0.086838,0.010294,12,0,4.204053,10.013587,2.996279,7.122422,0.259837
472,25.795028,1,17.072226,25.367102,0.108061,0.008395,0.086098,0.011695,12,0,3.790217,9.564523,3.060508,7.954922,0.269096
473,7.824891,0,0,7.349818,0.121443,0.007502,0.093023,0.019844,12,0,3.790217,9.564523,3.060508,7.040734,0.28029
474,27.591424,1,19.284955,27.088698,0.119528,0.011095,0.092222,0.013093,12,0,4.051962,10.330941,4.242184,7.450485,0.267749
475,8.194942,0,0,7.768867,0.110779,0.010177,0.087533,0.011098,12,0,4.051962,10.330941,4.242184,7.464262,0.293985
476,26.751798,1,18.672865,26.301901,0.095643,0.006022,0.080209,0.008572,12,0,4.206276,10.697939,3.160286,7.289456,0.266388
477,7.990752,0,0,7.546443,0.108424,0.009504,0.087124,0.010192,12,0,4.206276,10.697939,3.160286,7.276309,0.260003
478,25.993022,1,17.133784,25.561701,0.1069,0.007959,0.086526,0.010475,12,0,3.826267,9.659631,3.07025,8.09404,0.263568
479,7.804486,0,0,7.378235,0.09755,0.006514,0.080975,0.009138,12,0,3.826267,9.659631,3.07025,7.071181,0.297544
480,25.793802,1,17.93132,25.349574,0.095257,0.006126,0.079961,0.008418,12,0,4.066166,9.761085,3.52244,7.074185,0.26949
481,8.03403,0,0,7.599123,0.113606,0.011057,0.08889,0.011675,12,0,4.066166,9.761085,3.52244,7.32716,0.261151
482,26.749759,1,18.560831,26.271112,0.117357,0.011018,0.09066,0.013013,12,0,4.057705,10.424095,3.450006,7.356296,0.270371
483,8.097848,0,0,7.623699,0.113345,0.010893,0.088496,0.011597,12,0,4.057705,10.424095,3.450006,7.350445,0.261779
484,26.774895,1,18.605242,26.302657,0.101324,0.007097,0.083069,0.009827,12,0,4.185874,10.384441,3.366815,7.331271,0.289523
485,8.218665,0,0,7.731994,0.115919,0.011202,0.089876,0.012335,12,0,4.185874,10.384441,3.366815,7.456985,0.263568
486,27.05145,1,18.913732,26.572318,0.099662,0.006512,0.083313,0.008744,12,0,4.434303,10.369339,3.481884,7.31191,0.268607
487,8.151697,0,0,7.652579,0.116983,0.011064,0.090933,0.012595,12,0,4.434303,10.369339,3.481884,7.357603,0.282027
488,26.851849,1,17.629294,26.357991,0.114816,0.010636,0.089519,0.012216,12,0,4.132867,9.767444,3.151514,8.386761,0.264029
489,7.968077,0,0,7.520376,0.106204,0.009134,0.085534,0.010117,12,0,4.132867,9.767444,3.151514,7.250798,0.259208
490,25.801632,1,17.792035,25.369473,0.112614,0.010208,0.088256,0.011692,12,0,3.907428,9.873254,3.340019,7.234529,0.272439
491,7.695408,0,0,7.284997,0.105478,0.008775,0.085574,0.00974,12,0,3.907428,9.873254,3.340019,7.015444,0.259535
492,25.443455,1,17.540779,25.033377,0.094476,0.005977,0.079704,0.008091,12,0,3.930163,9.926631,3.108972,7.161132,0.264871
493,7.81438,0,0,7.407812,0.105299,0.00844,0.084848,0.010421,12,0,3.930163,9.926631,3.108972,7.134206,0.263549
494,25.855703,1,17.552658,25.309959,0.095912,0.006209,0.079977,0.008859,12,0,3.999815,9.845201,3.109465,7.424789,0.263833
495,7.934582,0,0,7.518797,0.10768,0.009267,0.086258,0.010596,12,0,3.999815,9.845201,3.109465,7.250105,0.258171
496,25.141017,1,17.363259,24.728268,0.094609,0.005777,0.079629,0.008455,12,0,3.825559,9.653398,3.26021,7.026983,0.269976
497,8.335127,0,0,7.813695,0.119971,0.00977,0.087092,0.021167,12,0,3.825559,9.653398,3.26021,7.462697,0.324205
498,24.733776,1,16.873989,24.315572,0.113787,0.010865,0.088484,0.012083,12,0,3.871169,9.435594,2.981502,7.113031,0.263447
499,8.262746,0,0,7.831959,0.114399,0.009145,0.091215,0.012172,12,0,3.871169,9.435594,2.981502,7.560752,0.259662
500,25.612779,1,17.363257,25.082341,0.109281,0.006359,0.09341,0.008658,12,0,3.846534,9.664514,3.180257,7.264489,0.36985
501,7.909091,0,0,7.497088,0.106768,0.008877,0.085648,0.010403,12,0,3.846534,9.664514,3.180257,7.229143,0.257659
502,25.486276,1,17.719177,25.070136,0.093048,0.005701,0.078658,0.008065,12,0,3.899053,10.200643,3.035356,7.018718,0.263842
503,7.917835,0,0,7.501564,0.106856,0.008689,0.086068,0.010408,12,0,3.899053,10.200643,3.035356,7.230969,0.260275
504,24.508342,1,16.758269,24.108492,0.094621,0.005874,0.079455,0.008522,12,0,3.791977,9.413447,2.980994,7.024258,0.263597
505,8.660262,0,0,8.215113,0.11199,0.009413,0.087798,0.012667,12,0,3.791977,9.413447,2.980994,7.940468,0.262591
506,25.669884,1,16.897707,25.203947,0.125407,0.011001,0.099452,0.012531,12,0,3.811915,9.479096,3.024797,7.963218,0.263261
507,8.621445,0,0,8.182393,0.110025,0.009257,0.087376,0.011331,12,0,3.811915,9.479096,3.024797,7.905205,0.265662
508,24.977175,1,16.883391,24.562397,0.101103,0.00643,0.084398,0.009001,12,0,3.869403,9.390801,3.00551,7.349392,0.264542
509,7.712511,0,0,7.311167,0.097434,0.006108,0.082169,0.008507,12,0,3.869403,9.390801,3.00551,7.043535,0.258317
510,25.743426,1,17.042718,25.314668,0.107921,0.008742,0.086236,0.011235,12,0,3.806463,9.658177,3.002278,7.941838,0.26165
511,8.625792,0,0,8.143078,0.136728,0.008643,0.116012,0.010673,12,0,3.806463,9.658177,3.002278,7.227383,0.904857
512,24.754481,1,16.842515,24.342855,0.101108,0.007172,0.082993,0.009798,12,0,3.886601,9.320318,3.058968,7.163468,0.267461
513,8.589793,0,0,8.151852,0.10848,0.008976,0.086754,0.011041,12,0,3.886601,9.320318,3.058968,7.880778,0.259941
514,26.796093,1,18.514545,26.356396,0.117394,0.010898,0.091159,0.012094,12,0,4.257732,10.260182,3.402298,7.495754,0.267786
515,8.49563,0,0,8.051257,0.113204,0.010322,0.088796,0.011893,12,0,4.257732,10.260182,3.402298,7.780352,0.259032
516,26.137786,1,17.645912,25.701678,0.107535,0.008676,0.086312,0.010515,12,0,4.189107,9.794233,3.078014,7.717444,0.263151
517,7.978303,0,0,7.525033,0.105627,0.008895,0.085208,0.009948,12,0,4.189107,9.794233,3.078014,7.255473,0.259337
518,25.864653,1,17.417435,25.316771,0.222625,0.008792,0.201616,0.010589,12,0,4.007992,9.698943,3.101443,7.562599,0.26262
519,7.934721,0,0,7.520826,0.105903,0.008762,0.085623,0.010001,12,0,4.007992,9.698943,3.101443,7.251609,0.258882
520,25.533699,1,17.655986,25.099607,0.115483,0.006186,0.099767,0.008662,12,0,4.143049,9.909396,3.024888,7.109814,0.261392
521,8.617975,0,0,8.035586,0.113467,0.010514,0.089013,0.012185,12,0,4.143049,9.909396,3.024888,7.767438,0.256445
522,25.327926,1,17.53663,24.895389,0.114668,0.010978,0.08896,0.012477,12,0,4.076915,9.79016,3.082259,7.027535,0.258558
523,8.286075,0,0,7.847682,0.11086,0.009991,0.087344,0.011311,12,0,4.076915,9.79016,3.082259,7.579497,0.256203
524,26.180211,1,17.636796,25.750133,0.107783,0.009015,0.086067,0.010959,12,0,3.963067,10.040966,3.032744,7.780678,0.258848
525,7.688705,0,0,7.272196,0.105891,0.009044,0.085237,0.009963,12,0,3.963067,10.040966,3.032744,6.989924,0.272045
526,26.890067,1,18.42819,26.352581,0.106723,0.008463,0.086221,0.01012,12,0,4.258225,10.40366,3.167148,7.592658,0.257022
527,7.701562,0,0,7.288532,0.110184,0.009897,0.087427,0.011109,12,0,4.258225,10.40366,3.167148,7.026185,0.251959
528,25.887202,1,17.923716,25.426644,0.097701,0.006624,0.081247,0.008551,12,0,3.995564,9.926332,3.413566,7.115857,0.312062
529,8.539082,0,0,8.126729,0.1079,0.009412,0.086361,0.01055,12,0,3.995564,9.926332,3.413566,7.866761,0.249541
530,25.480537,1,17.474864,25.051205,0.112696,0.010554,0.088373,0.011546,12,0,3.861941,9.922702,3.10535,7.248733,0.256576
531,7.724597,0,0,7.319704,0.106194,0.009003,0.085464,0.010114,12,0,3.861941,9.922702,3.10535,7.052874,0.256654
532,26.439299,1,18.199064,26.013379,0.1073,0.008319,0.087605,0.009919,12,0,4.08463,10.034048,3.485448,7.481096,0.257194
533,7.923844,0,0,7.514526,0.106612,0.008973,0.085569,0.010427,12,0,4.08463,10.034048,3.485448,7.250678,0.253519
534,25.210843,1,17.472608,24.797783,0.092651,0.00574,0.078111,0.008154,12,0,3.996012,9.891577,3.00722,6.994292,0.258772
535,8.270054,0,0,7.837862,0.110394,0.009797,0.087122,0.011266,12,0,3.996012,9.891577,3.00722,7.567515,0.258783
536,25.539292,1,17.522884,25.123316,0.095836,0.00621,0.080004,0.008766,12,0,3.959531,9.76533,3.153354,7.275161,0.255786
537,7.694166,0,0,7.28849,0.105088,0.008372,0.084941,0.01011,12,0,3.959531,9.76533,3.153354,7.025058,0.253272
538,25.605184,1,17.482065,25.165894,0.111672,0.010152,0.087845,0.011685,12,0,3.800855,9.950477,3.155657,7.35261,0.256823
539,7.904467,0,0,7.497379,0.105096,0.00843,0.085604,0.009542,12,0,3.800855,9.950477,3.155657,7.232236,0.255053
540,25.830381,1,17.919321,25.41491,0.093805,0.005879,0.07873,0.008507,12,0,3.884863,10.087841,3.191299,7.163463,0.261419
541,8.112391,0,0,7.675019,0.112971,0.010021,0.089504,0.011355,12,0,3.884863,10.087841,3.191299,7.375811,0.287714
542,25.936502,1,17.604871,25.475499,0.101039,0.007123,0.082584,0.009844,12,0,3.840345,10.083089,2.993131,7.539015,0.260868
543,7.932998,0,0,7.525754,0.106008,0.008893,0.08525,0.010276,12,0,3.840345,10.083089,2.993131,7.259234,0.256251
544,26.933663,1,18.677035,26.389921,0.147924,0.019198,0.113271,0.01401,12,0,4.138467,10.661654,3.22945,7.343192,0.278633
545,8.448257,0,0,7.913327,0.179951,0.011299,0.153727,0.012322,12,0,4.138467,10.661654,3.22945,7.63077,0.26168
546,27.498499,1,18.277088,27.056107,0.113928,0.010751,0.088661,0.012053,12,0,4.189321,9.986083,3.309024,8.287143,0.397697
547,8.102862,0,0,7.653784,0.109273,0.009419,0.087068,0.011012,12,0,4.189321,9.986083,3.309024,7.389661,0.253408
548,26.107427,1,18.22155,25.688056,0.094195,0.00582,0.079749,0.007947,12,0,4.304427,10.114905,3.224114,7.122759,0.274078
549,8.559075,0,0,8.019752,0.109299,0.009568,0.086931,0.01105,12,0,4.304427,10.114905,3.224114,7.754905,0.253029
550,26.058728,1,18.014716,25.590934,0.097072,0.006484,0.081202,0.008586,12,0,4.056682,10.195109,3.140295,7.226672,0.277482
551,8.332249,0,0,7.856047,0.108154,0.009088,0.086341,0.011137,12,0,4.056682,10.195109,3.140295,7.548329,0.297382
552,27.198702,1,18.414282,26.731635,0.116267,0.01134,0.089851,0.01231,12,0,4.198266,10.06341,3.520039,7.909079,0.324396
553,10.831797,0,0,10.215145,0.153749,0.011595,0.116979,0.022009,12,0,4.198266,10.06341,3.520039,9.930164,0.270617
554,26.809175,1,18.166863,26.289602,0.151032,0.012006,0.123223,0.013234,12,0,4.262857,10.089905,3.149517,7.736567,0.280976
555,9.285961,0,0,8.755011,0.119649,0.011558,0.093076,0.012503,12,0,4.262857,10.089905,3.149517,8.466535,0.274887
556,27.091304,1,18.750779,26.64783,0.11255,0.010193,0.08808,0.011969,12,0,4.505474,10.254071,3.357281,7.480695,0.29354
557,9.898307,0,0,9.434803,0.116405,0.011182,0.089532,0.012989,12,0,4.505474,10.254071,3.357281,9.123618,0.295117
558,27.533827,1,19.345602,27.091516,0.113756,0.01043,0.088677,0.011744,12,0,4.530685,10.944063,3.258048,7.408451,0.258166
559,8.028737,0,0,7.604052,0.112071,0.010805,0.087643,0.0115,12,0,4.530685,10.944063,3.258048,7.341507,0.25198
560,25.451079,1,17.397317,25.013981,0.100444,0.006746,0.082826,0.009553,12,0,4.062349,9.647116,3.111142,7.284931,0.260251
561,7.796852,0,0,7.386455,0.106796,0.009416,0.085355,0.010543,12,0,4.062349,9.647116,3.111142,7.120611,0.255594
562,25.077757,1,17.004387,24.597905,0.112743,0.01046,0.088006,0.012318,12,0,3.857047,9.470819,3.012368,7.215696,0.294651
563,8.848098,0,0,8.366172,0.113899,0.010481,0.089054,0.011674,12,0,3.857047,9.470819,3.012368,8.099238,0.254062
564,24.838371,1,16.748354,24.399812,0.09551,0.00617,0.080063,0.008569,12,0,3.834285,9.35504,2.982738,7.329672,0.254539
565,9.021113,0,0,8.583266,0.111945,0.009708,0.088797,0.011132,12,0,3.834285,9.35504,2.982738,8.317124,0.254042
566,25.772571,1,17.834622,25.350651,0.098132,0.006216,0.080138,0.01106,12,0,4.029517,10.105943,3.112377,7.184809,0.259899
567,8.005735,0,0,7.595515,0.106438,0.009399,0.084735,0.010678,12,0,4.029517,10.105943,3.112377,7.330289,0.254947
568,26.024371,1,18.210187,25.584713,0.11412,0.005749,0.090242,0.017479,12,0,4.111557,10.416935,3.100838,7.0436,0.261558
569,7.819443,0,0,7.408181,0.108042,0.009659,0.08625,0.010522,12,0,4.111557,10.416935,3.100838,7.144094,0.25382
570,26.341882,1,17.403904,25.905263,0.113781,0.010375,0.08943,0.011676,12,0,4.184137,9.631977,3.008025,8.172832,0.259913
571,8.722734,0,0,8.290478,0.109646,0.009462,0.086677,0.011577,12,0,4.184137,9.631977,3.008025,8.023893,0.254631
572,25.321865,1,17.262358,24.871398,0.096325,0.006189,0.080657,0.008778,12,0,3.911226,9.475867,3.296762,7.284221,0.260085
573,8.923426,0,0,8.490531,0.111608,0.00981,0.08837,0.011297,12,0,3.911226,9.475867,3.296762,8.222217,0.256776
574,24.781553,1,16.832715,24.358056,0.096175,0.006193,0.080741,0.008534,12,0,3.860991,9.379659,3.015284,7.19675,0.265021
575,9.5208,0,0,8.989931,0.129021,0.020238,0.093308,0.012745,12,0,3.860991,9.379659,3.015284,8.669,0.306086
576,26.943571,1,18.221493,26.492767,0.113746,0.010092,0.089199,0.012387,12,0,4.156932,10.277157,3.135064,7.914216,0.269293
577,8.324514,0,0,7.902087,0.111585,0.010376,0.087516,0.011934,12,0,4.156932,10.277157,3.135064,7.637037,0.254232
578,25.308429,1,16.889422,24.88694,0.112297,0.010539,0.088075,0.011762,12,0,3.799866,9.484546,3.010691,7.669877,0.261198
579,7.801787,0,0,7.408272,0.095528,0.006003,0.080024,0.008769,12,0,3.799866,9.484546,3.010691,7.142613,0.256251
580,25.380621,1,16.995389,24.953656,0.109207,0.008646,0.088373,0.010805,12,0,3.906255,9.471452,3.040686,7.634328,0.256048
581,7.765342,0,0,7.369535,0.095689,0.00627,0.079857,0.0088,12,0,3.906255,9.471452,3.040686,7.103926,0.256182
582,25.389027,1,16.847688,24.967064,0.105505,0.008345,0.084919,0.01061,12,0,3.837027,9.461287,2.973787,7.79549,0.256441
583,8.409119,0,0,7.816778,0.144732,0.011459,0.116048,0.015403,12,0,3.837027,9.461287,2.973787,7.421304,0.370744
584,24.946413,1,16.827759,24.535393,0.100549,0.007495,0.082754,0.009356,12,0,3.773141,9.413718,3.066138,7.385276,0.256505
585,7.861181,0,0,7.462815,0.096132,0.006094,0.080092,0.009049,12,0,3.773141,9.413718,3.066138,7.200781,0.252657
586,25.394696,1,17.422119,24.958277,0.112962,0.010109,0.088562,0.012051,12,0,3.882234,9.700409,3.263892,7.163503,0.303842
587,7.803935,0,0,7.399959,0.105353,0.008647,0.085556,0.009652,12,0,3.882234,9.700409,3.263892,7.13813,0.251851
588,25.607512,1,17.761527,25.195386,0.09423,0.005786,0.079728,0.008108,12,0,4.043609,10.059524,3.083577,7.103144,0.261094
589,7.789588,0,0,7.383012,0.104169,0.008312,0.084681,0.009774,12,0,4.043609,10.059524,3.083577,7.120028,0.252765
590,25.434333,1,17.572158,25.023229,0.094442,0.005971,0.079501,0.008247,12,0,4.012677,9.862514,3.110955,7.126227,0.256518
591,7.750227,0,0,7.346219,0.104956,0.008677,0.085055,0.009812,12,0,4.012677,9.862514,3.110955,7.081084,0.25493
592,25.779458,1,17.493224,25.358268,0.099434,0.005964,0.084119,0.008719,12,0,3.985994,9.836086,3.090667,7.541374,0.255451
593,8.067325,0,0,7.575488,0.144045,0.009489,0.122126,0.010645,12,0,3.985994,9.836086,3.090667,7.267012,0.297971
594,25.368804,1,17.406666,24.938488,0.111628,0.010315,0.087456,0.011706,12,0,3.85641,9.574353,3.332741,7.201524,0.257425
595,8.017322,0,0,7.608393,0.106468,0.008932,0.08538,0.01044,12,0,3.85641,9.574353,3.332741,7.346976,0.251174
596,25.431981,1,17.577791,25.014944,0.094077,0.005998,0.078862,0.00844,12,0,3.951626,10.003401,3.050652,7.108917,0.257626
597,7.781011,0,0,7.374991,0.107765,0.009141,0.086162,0.010706,12,0,3.951626,10.003401,3.050652,7.111324,0.253492
598,25.717569,1,17.83807,25.305372,0.093207,0.00567,0.078404,0.008468,12,0,3.905273,10.261645,3.091403,7.141971,0.256131
599,7.73567,0,0,7.331024,0.106554,0.008792,0.086175,0.010058,12,0,3.905273,10.261645,3.091403,7.064772,0.256127
600,25.589346,1,17.702136,25.157757,0.093553,0.005688,0.079068,0.008179,12,0,3.899626,9.854632,3.333944,7.125891,0.258288
601,8.04026,0,0,7.619595,0.107617,0.009152,0.08666,0.010128,12,0,3.899626,9.854632,3.333944,7.355902,0.253504
602,24.883592,1,16.970619,24.440754,0.111481,0.010123,0.087193,0.011891,12,0,3.822695,9.505447,3.06801,7.146736,0.256744
603,8.3558,0,0,7.900275,0.108804,0.009673,0.086437,0.010989,12,0,3.822695,9.505447,3.06801,7.631463,0.258089
604,24.837569,1,17.010878,24.425737,0.093304,0.005827,0.078873,0.007936,12,0,3.852276,9.598411,2.988209,7.092291,0.259526
605,8.365597,0,0,7.869847,0.171585,0.012336,0.14056,0.015946,12,0,3.852276,9.598411,2.988209,7.491079,0.362924
606,24.987174,1,16.935071,24.589965,0.096488,0.006347,0.080261,0.009019,12,0,3.777129,9.528632,3.05662,7.332878,0.257023
607,8.826342,0,0,8.38552,0.113317,0.009017,0.091199,0.01112,12,0,3.777129,9.528632,3.05662,8.117398,0.256171
608,25.045616,1,17.096775,24.602261,0.094322,0.005824,0.079283,0.008445,12,0,3.821557,9.55976,3.112557,7.140979,0.29802
609,8.984673,0,0,8.554588,0.111692,0.009176,0.08919,0.011283,12,0,3.821557,9.55976,3.112557,8.281869,0.261731
610,26.013389,1,17.110972,24.830633,0.859434,0.01065,0.833711,0.012397,12,0,3.990079,9.524021,3.017373,7.325276,0.311097
611,7.800646,0,0,7.395212,0.09857,0.006658,0.081939,0.00881,12,0,3.990079,9.524021,3.017373,7.131268,0.254419
612,26.153923,1,16.858332,25.723418,0.110162,0.008889,0.088528,0.01086,12,0,3.839657,9.470469,2.973042,8.533777,0.261418
613,7.918807,0,0,7.448558,0.107946,0.009058,0.086204,0.011124,12,0,3.839657,9.470469,2.973042,7.181028,0.257234
614,28.804556,1,19.250306,28.293137,0.133066,0.011192,0.106131,0.013097,12,0,4.24354,10.421187,3.825777,8.642905,0.313249
615,8.57508,0,0,8.019514,0.13571,0.015906,0.10436,0.012692,12,0,4.24354,10.421187,3.825777,7.694997,0.30187
616,33.680534,1,23.510386,32.951177,0.187878,0.01709,0.144444,0.022994,12,0,5.088887,13.334647,4.263415,8.918304,0.405238
617,8.954175,0,0,8.500427,0.114867,0.011286,0.088759,0.012355,12,0,5.088887,13.334647,4.263415,8.205199,0.283693
618,27.952646,1,17.615801,27.499294,0.126563,0.015967,0.091174,0.016498,12,0,3.865776,9.975261,3.184778,9.503447,0.285343
619,10.277686,0,0,9.759713,0.171578,0.014708,0.135544,0.017948,12,0,3.865776,9.975261,3.184778,9.39955,0.341734
620,26.548275,1,18.325641,26.050968,0.09893,0.006637,0.082189,0.009079,12,0,4.192717,10.356815,3.14987,7.366689,0.273405
621,8.891373,0,0,8.385217,0.115589,0.01136,0.089265,0.01204,12,0,4.192717,10.356815,3.14987,8.11698,0.255308
622,29.427623,1,20.966215,28.983182,0.114408,0.010447,0.089443,0.012092,12,0,4.466969,12.073097,3.784493,7.677145,0.260607
623,8.406019,0,0,7.94686,0.113262,0.011095,0.087969,0.011657,12,0,4.466969,12.073097,3.784493,7.681015,0.254924
624,27.139547,1,18.963459,26.712408,0.097965,0.00656,0.081243,0.009098,12,0,4.095782,10.781971,3.492153,7.384983,0.288891
625,8.523646,0,0,8.073238,0.113618,0.01053,0.088711,0.011902,12,0,4.095782,10.781971,3.492153,7.8054,0.255207
626,27.359845,1,18.66979,26.849922,0.116105,0.011021,0.089935,0.012107,12,0,4.195595,10.692883,3.160786,7.754644,0.319811
627,8.392485,0,0,7.936983,0.115564,0.011142,0.089011,0.012475,12,0,4.195595,10.692883,3.160786,7.666547,0.257324
628,27.652464,1,18.822153,27.18956,0.135221,0.011566,0.106471,0.014173,12,0,4.138416,10.888419,3.201485,7.979752,0.297957
629,8.184908,0,0,7.775062,0.109531,0.009952,0.086714,0.011251,12,0,4.138416,10.888419,3.201485,7.510662,0.253938
630,26.573839,1,18.403948,26.130446,0.0936,0.005756,0.078948,0.008176,12,0,4.051947,10.108678,3.409578,7.386604,0.270006
631,8.032545,0,0,7.624239,0.107428,0.009467,0.085732,0.01068,12,0,4.051947,10.108678,3.409578,7.326722,0.287265
632,26.590041,1,18.267867,26.122994,0.095254,0.006136,0.079586,0.008772,12,0,4.028896,10.172965,3.338137,7.383437,0.383806
633,7.898563,0,0,7.488479,0.109764,0.010354,0.086361,0.011088,12,0,4.028896,10.172965,3.338137,7.221563,0.256742
634,26.077146,1,18.01635,25.641309,0.112343,0.010453,0.08795,0.011898,12,0,3.837485,10.043108,3.398672,7.287802,0.266517
635,8.026636,0,0,7.615164,0.109003,0.009853,0.086223,0.011344,12,0,3.837485,10.043108,3.398672,7.34413,0.260557
636,26.301539,1,18.376168,25.884405,0.094963,0.006054,0.079392,0.008718,12,0,4.122731,10.275999,3.389768,7.178836,0.259751
637,8.090032,0,0,7.68196,0.108106,0.009614,0.085909,0.011023,12,0,4.122731,10.275999,3.389768,7.416609,0.255073
638,25.483867,1,17.016097,24.966973,0.095508,0.006155,0.079901,0.008537,12,0,3.770729,9.54404,3.013032,7.46802,0.391726
639,8.316979,0,0,7.885078,0.107971,0.008982,0.086189,0.010968,12,0,3.770729,9.54404,3.013032,7.620545,0.254246
640,25.80084,1,17.780952,25.381406,0.096875,0.006114,0.081464,0.008531,12,0,3.95559,10.184017,3.052811,7.265226,0.265281
641,8.890569,0,0,8.477804,0.108491,0.009711,0.086715,0.010405,12,0,3.95559,10.184017,3.052811,8.185298,0.282302
642,25.042191,1,16.945506,24.573506,0.112245,0.010674,0.088032,0.011476,12,0,3.844727,9.536024,2.985889,7.301604,0.260894
643,8.899898,0,0,8.414308,0.165177,0.013368,0.131681,0.017297,12,0,3.844727,9.536024,2.985889,7.924362,0.47504
644,24.829047,1,16.846852,24.428247,0.095835,0.006353,0.079825,0.008779,12,0,3.787276,9.4039,3.078429,7.253649,0.262686
645,9.03251,0,0,8.603538,0.110486,0.00998,0.087157,0.011428,12,0,3.787276,9.4039,3.078429,8.331891,0.260026
646,25.386532,1,17.212112,24.830738,0.095277,0.00617,0.07972,0.008601,12,0,3.798603,9.400631,3.243643,7.247922,0.294188
647,8.11637,0,0,7.691465,0.106832,0.009013,0.085402,0.010694,12,0,3.798603,9.400631,3.243643,7.416105,0.265129
648,25.353502,1,17.299123,24.958441,0.09529,0.006261,0.079759,0.008474,12,0,4.107444,9.575205,3.038771,7.333401,0.262659
649,8.944795,0,0,8.515198,0.109027,0.008436,0.087466,0.011068,12,0,4.107444,9.575205,3.038771,8.245684,0.257642
650,25.990331,1,16.883041,25.5573,0.113562,0.010761,0.088578,0.012178,12,0,3.801351,9.499599,2.982225,8.344572,0.260889
651,8.767363,0,0,8.330531,0.114956,0.010042,0.09148,0.011391,12,0,3.801351,9.499599,2.982225,8.059538,0.259329
652,25.459996,1,17.459441,25.034339,0.098705,0.006127,0.082815,0.008922,12,0,4.191887,9.684041,3.010497,7.24969,0.260752
653,7.841686,0,0,7.424122,0.096803,0.006547,0.080957,0.008431,12,0,4.191887,9.684041,3.010497,7.156423,0.258082
654,25.920054,1,16.991851,25.490984,0.109982,0.009025,0.087359,0.011607,12,0,3.755981,9.665483,2.990729,8.170957,0.259611
655,7.828205,0,0,7.396552,0.108404,0.0065,0.091914,0.009144,12,0,3.755981,9.665483,2.990729,7.121609,0.256405
656,25.57111,1,17.17738,25.150654,0.105013,0.008275,0.0851,0.010289,12,0,3.797016,9.731366,3.075418,7.646646,0.260286
657,8.463063,0,0,8.027289,0.112755,0.010205,0.08859,0.011712,12,0,3.797016,9.731366,3.075418,7.760158,0.254947
658,25.92528,1,17.935019,25.488324,0.112329,0.0088,0.089496,0.011924,12,0,3.977745,10.169013,3.172818,7.214419,0.262256
659,7.875966,0,0,7.46955,0.107551,0.009721,0.086242,0.009944,12,0,3.977745,10.169013,3.172818,7.199647,0.259863
660,25.568296,1,17.543985,25.138239,0.095268,0.006139,0.079888,0.008507,12,0,3.927237,10.018611,3.016523,7.263485,0.262572
661,7.947474,0,0,7.518033,0.105833,0.009127,0.085709,0.009544,12,0,3.927237,10.018611,3.016523,7.249597,0.25816
662,25.760427,1,17.719851,25.307421,0.105347,0.008994,0.084195,0.011015,12,0,3.998785,10.076826,3.060322,7.250617,0.262487
663,7.94436,0,0,7.51766,0.106846,0.009533,0.085666,0.009946,12,0,3.998785,10.076826,3.060322,7.250761,0.256758
664,25.402033,1,17.476908,24.988245,0.09332,0.005599,0.078866,0.008193,12,0,3.821026,9.667242,3.413258,7.182432,0.260291
665,7.902541,0,0,7.494605,0.10566,0.008869,0.085303,0.010029,12,0,3.821026,9.667242,3.413258,7.23043,0.254092
666,25.642035,1,17.502732,25.199129,0.112301,0.010614,0.087402,0.012117,12,0,3.885879,10.022576,3.01073,7.259339,0.262474
667,7.897067,0,0,7.489055,0.107787,0.010078,0.086148,0.010015,12,0,3.885879,10.022576,3.01073,7.222971,0.255831
668,25.255614,1,17.314929,24.834078,0.094146,0.005795,0.079295,0.00835,12,0,3.953897,9.769978,3.002181,7.189233,0.261171
669,8.013182,0,0,7.560276,0.148502,0.008742,0.127555,0.010445,12,0,3.953897,9.769978,3.002181,7.293096,0.256815
670,25.968374,1,17.913263,25.520272,0.094984,0.005767,0.079995,0.008463,12,0,4.064636,9.845972,3.425143,7.248206,0.288653
671,7.988954,0,0,7.576646,0.106518,0.009151,0.08545,0.010372,12,0,4.064636,9.845972,3.425143,7.310774,0.255608
672,26.251751,1,18.293717,25.835468,0.092855,0.005669,0.078221,0.008294,12,0,4.010657,10.430578,3.229098,7.205125,0.266802
673,7.90501,0,0,7.498413,0.10746,0.009958,0.085844,0.01008,12,0,4.010657,10.430578,3.229098,7.228901,0.25937
674,26.509431,1,18.157754,26.04808,0.113927,0.011347,0.088901,0.011743,12,0,3.788386,10.26848,3.473874,7.550799,0.267743
675,7.855825,0,0,7.446264,0.106985,0.009375,0.085743,0.010197,12,0,3.788386,10.26848,3.473874,7.177378,0.258542
676,26.120333,1,18.045675,25.693338,0.106776,0.006303,0.090593,0.009158,12,0,4.133508,10.293472,3.04418,7.28957,0.278519
677,8.038732,0,0,7.631159,0.107094,0.008888,0.085992,0.010375,12,0,4.133508,10.293472,3.04418,7.3608,0.260017
678,25.346795,1,17.251293,24.895191,0.116082,0.008047,0.099083,0.008282,12,0,3.813022,9.537813,3.081028,7.189672,0.355788
679,8.219152,0,0,7.776529,0.111323,0.012277,0.086101,0.011385,12,0,3.813022,9.537813,3.081028,7.459382,0.302273
680,26.064103,1,17.812547,25.642259,0.097024,0.006223,0.080787,0.009155,12,0,4.034116,10.148557,3.032792,7.497554,0.260021
681,8.072275,0,0,7.630006,0.137234,0.009587,0.115243,0.010773,12,0,4.034116,10.148557,3.032792,7.363074,0.25662
682,25.113328,1,16.936652,24.696672,0.112341,0.010797,0.087805,0.011728,12,0,3.775208,9.574984,3.013298,7.415729,0.279301
683,9.810333,0,0,9.328117,0.141331,0.009627,0.114261,0.010714,12,0,3.775208,9.574984,3.013298,9.059738,0.256
684,25.036134,1,17.028175,24.639798,0.094897,0.006197,0.079661,0.008231,12,0,3.886734,9.560143,3.003465,7.289431,0.258431
685,9.052304,0,0,8.601009,0.11486,0.010797,0.08953,0.012074,12,0,3.886734,9.560143,3.003465,8.311726,0.27625
686,27.070335,1,18.739238,26.634392,0.102025,0.007205,0.083501,0.009627,12,0,4.036734,10.527836,3.512846,7.557747,0.261092
687,8.530181,0,0,8.087733,0.114042,0.010863,0.088768,0.011924,12,0,4.036734,10.527836,3.512846,7.776721,0.298787
688,26.210945,1,18.067248,25.761399,0.109234,0.006361,0.078719,0.023299,12,0,3.910539,9.997221,3.543801,7.348466,0.262678
689,8.209441,0,0,7.804119,0.106082,0.008986,0.085342,0.010265,12,0,3.910539,9.997221,3.543801,7.535845,0.258082
690,25.672125,1,17.351159,25.182049,0.156364,0.015672,0.117438,0.021183,12,0,3.895442,9.831604,3.051354,7.500559,0.260996
691,8.862797,0,0,8.423045,0.111714,0.010285,0.088228,0.010929,12,0,3.895442,9.831604,3.051354,8.154934,0.256075
692,26.576521,1,17.809178,25.946433,0.106832,0.008343,0.085457,0.011147,12,0,3.851031,9.68425,3.57897,7.629305,0.414482
693,10.711057,0,0,10.258196,0.113196,0.010571,0.087542,0.012105,12,0,3.851031,9.68425,3.57897,9.937335,0.308052
694,26.327258,1,17.722484,25.867058,0.112041,0.010376,0.088059,0.011369,12,0,3.896951,9.933218,3.248784,7.763464,0.298056
695,9.438183,0,0,8.933255,0.116456,0.011046,0.090192,0.012356,12,0,3.896951,9.933218,3.248784,8.662077,0.257214
696,27.216799,1,18.537242,26.771856,0.114697,0.010826,0.089404,0.011855,12,0,4.087266,10.718786,3.137568,7.859135,0.29793
697,9.086124,0,0,8.627274,0.115298,0.010906,0.089734,0.012046,12,0,4.087266,10.718786,3.137568,8.318919,0.294773
698,27.492655,1,19.13576,26.961759,0.130106,0.012977,0.101135,0.01317,12,0,4.287144,10.98542,3.284454,7.487026,0.262158
699,11.115657,0,0,10.651073,0.114041,0.010864,0.08831,0.012137,12,0,4.287144,10.98542,3.284454,10.340517,0.297869
700,26.180912,1,17.769753,25.693517,0.095814,0.006232,0.079991,0.008822,12,0,4.011121,10.123084,3.060768,7.553708,0.262187
701,8.331265,0,0,7.904083,0.106534,0.009665,0.08551,0.00988,12,0,4.011121,10.123084,3.060768,7.635509,0.258222
702,25.879849,1,17.784626,25.466343,0.094912,0.006022,0.079861,0.008253,12,0,4.038791,9.99587,3.158418,7.348366,0.264445
703,8.04586,0,0,7.560862,0.110403,0.00944,0.088739,0.010467,12,0,4.038791,9.99587,3.158418,7.292368,0.258258
704,25.768833,1,17.735092,25.347698,0.095008,0.005807,0.080275,0.008145,12,0,3.898323,10.223411,3.02044,7.276573,0.265683
705,8.880609,0,0,8.46213,0.10792,0.009569,0.086291,0.010337,12,0,3.898323,10.223411,3.02044,8.168352,0.282942
706,25.442923,1,17.233751,25.01181,0.111647,0.009999,0.087636,0.011881,12,0,3.76907,9.546678,3.295961,7.437235,0.265128
707,8.088941,0,0,7.679609,0.107162,0.00924,0.08607,0.01014,12,0,3.76907,9.546678,3.295961,7.40934,0.25991
708,25.013674,1,17.03412,24.612172,0.095539,0.006146,0.080103,0.008583,12,0,3.790021,9.650309,3.018609,7.252536,0.262243
709,8.705243,0,0,8.262887,0.110911,0.009398,0.087891,0.011511,12,0,3.790021,9.650309,3.018609,7.989843,0.261236
710,25.161902,1,17.082486,24.745018,0.097784,0.006591,0.081607,0.008541,12,0,3.838524,9.616719,3.008471,7.332417,0.262988
711,8.363908,0,0,7.848039,0.118758,0.011205,0.091949,0.013233,12,0,3.838524,9.616719,3.008471,7.553526,0.28149
712,29.420574,1,19.816332,28.943856,0.115496,0.01095,0.089635,0.01248,12,0,4.088999,11.523262,3.608365,8.781336,0.265992
713,9.40166,0,0,8.947987,0.114204,0.011144,0.088603,0.012204,12,0,4.088999,11.523262,3.608365,8.675449,0.260288
714,26.360187,1,17.535759,25.913572,0.123057,0.012332,0.093917,0.012366,12,0,3.932961,9.976572,3.041877,8.03232,0.271982
715,8.524593,0,0,8.089812,0.111475,0.009991,0.087634,0.012012,12,0,3.932961,9.976572,3.041877,7.818152,0.260073
716,26.058281,1,17.871543,25.639713,0.094408,0.00616,0.079299,0.008197,12,0,3.946127,10.008281,3.293968,7.428922,0.266913
717,8.986796,0,0,8.485829,0.171571,0.01178,0.144936,0.011758,12,0,3.946127,10.008281,3.293968,8.209819,0.263131
718,25.829309,1,17.496199,25.403291,0.0973,0.006461,0.080624,0.009432,12,0,3.870602,9.683633,3.354768,7.565942,0.267452
719,8.88509,0,0,8.444052,0.112683,0.010416,0.088502,0.011456,12,0,3.870602,9.683633,3.354768,8.16902,0.262273
720,26.214625,1,17.682726,25.779763,0.109249,0.00944,0.086661,0.011264,12,0,3.91175,9.838149,3.317198,7.755064,0.266898
721,8.470448,0,0,8.034756,0.110238,0.010118,0.087643,0.010667,12,0,3.91175,9.838149,3.317198,7.725073,0.299395
722,27.395025,1,18.346058,26.91526,0.150478,0.014901,0.114251,0.018425,12,0,4.074074,10.592796,3.08104,8.215291,0.265983
723,8.702046,0,0,8.262448,0.112385,0.010247,0.088739,0.011346,12,0,4.074074,10.592796,3.08104,7.988986,0.260989
724,26.029354,1,17.52071,25.603191,0.1007,0.006982,0.082866,0.009282,12,0,3.834072,9.873056,3.207001,7.744626,0.266409
725,8.65391,0,0,8.200263,0.120945,0.010226,0.09699,0.011714,12,0,3.834072,9.873056,3.207001,7.927004,0.260986
726,26.268364,1,17.687139,25.830133,0.109212,0.009225,0.087175,0.010962,12,0,3.834118,10.240201,3.027667,7.802927,0.264496
727,8.163699,0,0,7.738575,0.107858,0.00953,0.086505,0.010243,12,0,3.834118,10.240201,3.027667,7.4668,0.261343
728,25.500789,1,17.443971,25.077176,0.104798,0.005991,0.07987,0.018314,12,0,3.856483,9.908803,3.099913,7.297872,0.265339
729,8.472909,0,0,8.029428,0.112069,0.010093,0.088509,0.011265,12,0,3.856483,9.908803,3.099913,7.756419,0.260684
730,26.289693,1,17.793914,25.844799,0.111957,0.010569,0.087331,0.011931,12,0,4.111958,9.901264,3.191197,7.712884,0.265962
731,8.271883,0,0,7.815276,0.109724,0.009935,0.086698,0.011365,12,0,4.111958,9.901264,3.191197,7.541811,0.261275
732,25.994213,1,17.576168,25.522908,0.099914,0.006509,0.083513,0.009105,12,0,3.953237,9.828077,3.217014,7.592244,0.28253
733,7.884021,0,0,7.476596,0.105915,0.00928,0.085193,0.009972,12,0,3.953237,9.828077,3.217014,7.206699,0.259723
734,25.908192,1,17.340848,25.479237,0.107554,0.008984,0.086608,0.010503,12,0,3.952186,9.805576,3.007895,7.79919,0.266975
735,8.600517,0,0,8.164937,0.110986,0.009676,0.087931,0.011149,12,0,3.952186,9.805576,3.007895,7.892381,0.260288
736,26.092925,1,17.381434,25.620311,0.109138,0.00921,0.086977,0.010871,12,0,3.830979,9.91778,3.01967,7.898294,0.261776
737,8.457041,0,0,8.02263,0.108973,0.009517,0.086979,0.010631,12,0,3.830979,9.91778,3.01967,7.748605,0.262588
738,26.808202,1,17.902932,26.097438,0.158041,0.010641,0.12164,0.01324,12,0,4.084295,9.912916,3.299266,7.751139,0.339016
739,8.238036,0,0,7.784859,0.108308,0.00952,0.08661,0.010509,12,0,4.084295,9.912916,3.299266,7.518662,0.255816
740,26.020242,1,17.415058,25.581262,0.114079,0.009178,0.091434,0.011449,12,0,3.849018,9.958009,3.03102,7.829329,0.263512
741,8.712263,0,0,8.237877,0.14536,0.010588,0.11993,0.011934,12,0,3.849018,9.958009,3.03102,7.965008,0.260023
742,26.243966,1,17.574512,25.749295,0.139617,0.019506,0.106856,0.011187,12,0,3.914838,9.766938,3.231624,7.829488,0.264255
743,8.707094,0,0,8.257562,0.1131,0.010469,0.088799,0.01168,12,0,3.914838,9.766938,3.231624,7.984767,0.260506
744,26.572601,1,17.808407,26.132172,0.11537,0.00923,0.093001,0.011356,12,0,3.93588,10.120058,3.161343,7.983637,0.268071
745,8.283521,0,0,7.853143,0.111675,0.009742,0.087679,0.011508,12,0,3.93588,10.120058,3.161343,7.580532,0.261309
746,26.389118,1,17.722651,25.886828,0.175248,0.014703,0.139798,0.017439,12,0,3.850843,10.043517,3.237829,7.819207,0.263072
747,8.265596,0,0,7.792999,0.15568,0.013018,0.124155,0.01654,12,0,3.850843,10.043517,3.237829,7.465589,0.301861
748,25.941406,1,17.45069,25.494338,0.123384,0.008017,0.103961,0.0101,12,0,3.931921,9.715707,3.228875,7.704068,0.268356
749,8.492943,0,0,8.062689,0.109886,0.009359,0.08754,0.010901,12,0,3.931921,9.715707,3.228875,7.789995,0.261088
750,26.302999,1,17.752846,25.863073,0.106898,0.008715,0.085034,0.0115,12,0,4.060328,9.77401,3.332222,7.773975,0.263796
751,8.12677,0,0,7.647757,0.129787,0.010201,0.10693,0.010906,12,0,4.060328,9.77401,3.332222,7.343654,0.292779
752,25.768445,1,17.443085,25.331136,0.099553,0.007073,0.081913,0.009456,12,0,3.91501,9.658735,3.291082,7.552768,0.264432
753,8.13119,0,0,7.724946,0.10753,0.009021,0.086572,0.010317,12,0,3.91501,9.658735,3.291082,7.451142,0.263654
754,27.978809,1,18.986411,27.507423,0.116492,0.01132,0.090356,0.012346,12,0,4.755993,10.235318,3.359868,8.172684,0.270176
755,8.390624,0,0,7.953441,0.113869,0.010074,0.089177,0.011986,12,0,4.755993,10.235318,3.359868,7.643654,0.298899
756,26.460388,1,18.000696,26.036845,0.10529,0.007975,0.085801,0.009872,12,0,4.070235,9.944639,3.362823,7.703456,0.262723
757,8.146868,0,0,7.725299,0.101155,0.007672,0.083095,0.009351,12,0,4.070235,9.944639,3.362823,7.454996,0.260606
758,25.547904,1,17.569493,25.132185,0.094041,0.005626,0.079276,0.008519,12,0,4.352809,9.647075,2.993522,7.222956,0.264749
759,8.087533,0,0,7.660595,0.120016,0.009907,0.09706,0.011131,12,0,4.352809,9.647075,2.993522,7.391494,0.258323
760,25.99257,1,17.847766,25.557764,0.10543,0.008843,0.085002,0.0104,12,0,3.983078,9.99273,3.056083,7.366977,0.266731
761,8.055674,0,0,7.568633,0.11679,0.011283,0.090438,0.012644,12,0,3.983078,9.99273,3.056083,7.29372,0.261997
762,27.524199,1,18.988757,27.051859,0.114483,0.011005,0.088911,0.012264,12,0,4.376464,10.834277,3.134265,7.622965,0.332799
763,8.26583,0,0,7.845434,0.113324,0.01121,0.088136,0.011645,12,0,4.376464,10.834277,3.134265,7.547733,0.286675
764,27.483163,1,19.280965,27.028631,0.1305,0.006208,0.114101,0.009222,12,0,4.431239,10.678397,3.541294,7.411549,0.263676
765,8.902225,0,0,8.43675,0.115027,0.011456,0.089089,0.011776,12,0,4.431239,10.678397,3.541294,8.164801,0.259246
766,26.866582,1,17.978645,26.402315,0.117737,0.011768,0.09103,0.012405,12,0,4.214615,10.011071,3.142247,8.081465,0.263814
767,8.399535,0,0,7.919395,0.115374,0.010746,0.090008,0.012264,12,0,4.214615,10.011071,3.142247,7.647355,0.259319
768,29.810172,1,20.775716,29.357003,0.120245,0.011483,0.092644,0.012905,12,0,4.922027,12.187218,3.031152,8.225822,0.262172
769,8.383734,0,0,7.92652,0.130825,0.010951,0.105951,0.011011,12,0,4.922027,12.187218,3.031152,7.609238,0.306556
770,26.89938,1,18.247635,26.460637,0.114922,0.010429,0.09056,0.011738,12,0,3.965223,10.172921,3.523066,7.872174,0.266168
771,7.997212,0,0,7.58978,0.107275,0.008927,0.086195,0.010517,12,0,3.965223,10.172921,3.523066,7.317588,0.261856
772,25.434575,1,17.471529,25.023336,0.093379,0.005823,0.078965,0.008001,12,0,3.871425,9.901726,3.112523,7.22034,0.263125
773,8.045712,0,0,7.641517,0.105927,0.009072,0.085135,0.010099,12,0,3.871425,9.901726,3.112523,7.373085,0.258291
774,25.463646,1,17.194222,25.036816,0.103491,0.007977,0.084337,0.009864,12,0,4.105507,9.513309,2.993573,7.447574,0.326734
775,7.9113,0,0,7.514296,0.099899,0.007074,0.082278,0.009693,12,0,4.105507,9.513309,2.993573,7.242374,0.262206
776,25.631932,1,17.07419,25.206835,0.105658,0.008396,0.085881,0.010101,12,0,3.9699,9.541659,2.986631,7.802936,0.262284
777,8.093677,0,0,7.664116,0.100158,0.006963,0.083049,0.009194,12,0,3.9699,9.541659,2.986631,7.394359,0.260033
778,25.958359,1,17.528602,25.516709,0.117698,0.010546,0.090025,0.015126,12,0,4.047816,9.748485,3.151984,7.652286,0.264625
779,7.939744,0,0,7.529285,0.107307,0.009478,0.085535,0.010797,12,0,4.047816,9.748485,3.151984,7.260943,0.258052
780,25.903503,1,17.535665,25.478301,0.09581,0.005752,0.081205,0.008254,12,0,4.010159,9.77573,3.128529,7.606986,0.266627
781,7.965576,0,0,7.55796,0.105263,0.008774,0.08549,0.009665,12,0,4.010159,9.77573,3.128529,7.286958,0.260695
782,25.112508,1,17.066342,24.70229,0.093613,0.005622,0.07924,0.008182,12,0,3.840148,9.603811,3.035385,7.302967,0.265846
783,8.215251,0,0,7.693738,0.107101,0.009072,0.086024,0.010428,12,0,3.840148,9.603811,3.035385,7.419524,0.264098
784,25.416948,1,17.361494,25.007755,0.093321,0.005635,0.079015,0.008142,12,0,3.805394,9.806679,3.166989,7.314989,0.262792
785,7.950859,0,0,7.536216,0.116876,0.008803,0.09645,0.010254,12,0,3.805394,9.806679,3.166989,7.195777,0.321361
786,24.872579,1,16.766372,24.455434,0.113739,0.010122,0.089351,0.012083,12,0,3.872893,9.347915,2.968363,7.36351,0.260564
787,8.443155,0,0,8.018175,0.107502,0.009012,0.086529,0.010314,12,0,3.872893,9.347915,2.968363,7.748918,0.257651
788,26.149867,1,17.967562,25.730969,0.095393,0.006163,0.079735,0.008741,12,0,3.852293,10.127886,3.366617,7.428422,0.265107
789,8.362836,0,0,7.949575,0.11014,0.010093,0.087338,0.010938,12,0,3.852293,10.127886,3.366617,7.681512,0.257376
790,25.301866,1,17.385459,24.884086,0.09619,0.005781,0.081446,0.008425,12,0,3.94762,9.848868,3.008324,7.16884,0.261142
791,8.298279,0,0,7.868599,0.124521,0.00949,0.102615,0.009859,12,0,3.94762,9.848868,3.008324,7.595146,0.263144
792,24.79137,1,16.789788,24.372734,0.094785,0.005821,0.080162,0.008247,12,0,3.766592,9.403392,3.022211,7.26157,0.258779
793,8.413467,0,0,7.991975,0.106685,0.008602,0.085877,0.010924,12,0,3.766592,9.403392,3.022211,7.600835,0.380165
794,25.219328,1,16.80145,24.799666,0.112285,0.010135,0.088439,0.011652,12,0,3.794078,9.427998,2.97646,7.671037,0.260191
795,8.404556,0,0,7.969925,0.107084,0.008468,0.086163,0.010735,12,0,3.794078,9.427998,2.97646,7.697076,0.260924
796,25.20567,1,16.866861,24.795408,0.10119,0.00639,0.085334,0.008605,12,0,3.772415,9.524938,2.99782,7.599811,0.264152
797,7.902702,0,0,7.451429,0.095639,0.005987,0.080062,0.008925,12,0,3.772415,9.524938,2.99782,7.179275,0.262607
798,25.516969,1,17.016517,25.079965,0.104015,0.008567,0.084213,0.009907,12,0,3.770399,9.690819,2.97407,7.735537,0.261196
799,8.334464,0,0,7.896425,0.111508,0.009012,0.089435,0.011096,12,0,3.770399,9.690819,2.97407,7.61386,0.271275
800,25.172885,1,16.72358,24.765966,0.097711,0.006664,0.081473,0.008741,12,0,3.834442,9.353652,2.962194,7.714223,0.263811
801,8.806379,0,0,8.367387,0.112398,0.009383,0.089796,0.011711,12,0,3.834442,9.353652,2.962194,8.075927,0.279571
802,25.527211,1,17.485508,25.097879,0.108646,0.00864,0.087106,0.011195,12,0,3.969843,9.875251,3.032753,7.277115,0.264015
803,7.960105,0,0,7.545716,0.111011,0.009736,0.089112,0.010623,12,0,3.969843,9.875251,3.032753,7.275771,0.25954
804,25.460841,1,17.142447,25.018394,0.102437,0.007491,0.083548,0.009792,12,0,3.841991,9.729533,2.988303,7.499977,0.307408
805,7.882838,0,0,7.482452,0.100134,0.00693,0.082187,0.010062,12,0,3.841991,9.729533,2.988303,7.214604,0.258361
806,25.705509,1,17.140017,25.279246,0.106614,0.008378,0.086173,0.010546,12,0,3.832364,9.716017,3.005102,7.807933,0.262089
807,7.937122,0,0,7.533967,0.099725,0.006981,0.082445,0.009297,12,0,3.832364,9.716017,3.005102,7.265714,0.258612
808,25.388491,1,17.433133,24.971608,0.096994,0.005831,0.082431,0.008109,12,0,3.974031,9.666064,3.208188,7.207832,0.264428
809,8.035236,0,0,7.620582,0.107876,0.009001,0.086379,0.01102,12,0,3.974031,9.666064,3.208188,7.349887,0.260224
810,25.94486,1,17.874463,25.462522,0.114046,0.010396,0.088921,0.012679,12,0,3.967533,9.949758,3.372899,7.248752,0.266347
811,7.970199,0,0,7.557312,0.107401,0.009336,0.086116,0.010335,12,0,3.967533,9.949758,3.372899,7.287873,0.259122
812,25.735317,1,17.663501,25.279661,0.095775,0.006117,0.080706,0.008362,12,0,4.277467,9.692151,3.113809,7.276059,0.270564
813,7.955639,0,0,7.543216,0.10601,0.008601,0.085601,0.010154,12,0,4.277467,9.692151,3.113809,7.270235,0.262621
814,25.837846,1,17.81285,25.415703,0.09408,0.005768,0.079424,0.008236,12,0,4.044589,10.167284,3.020402,7.264116,0.268226
815,7.96931,0,0,7.557316,0.106105,0.008505,0.086105,0.009973,12,0,4.044589,10.167284,3.020402,7.281591,0.265525
816,25.692147,1,17.744933,25.274749,0.094012,0.005703,0.079107,0.008578,12,0,4.071322,9.550294,3.511901,7.196187,0.264224
817,7.945892,0,0,7.531785,0.105454,0.008515,0.085156,0.010213,12,0,4.071322,9.550294,3.511901,7.260653,0.260699
818,25.406515,1,17.308485,24.963413,0.111693,0.010248,0.087582,0.011831,12,0,3.869602,9.652265,3.094854,7.315409,0.26657
819,8.161191,0,0,7.746531,0.107961,0.00954,0.085978,0.010754,12,0,3.869602,9.652265,3.094854,7.472407,0.263673
820,25.394855,1,17.40825,24.980791,0.09511,0.005989,0.080182,0.008257,12,0,3.889341,9.76584,3.044206,7.239783,0.262964
821,9.118689,0,0,8.67406,0.114326,0.009895,0.090526,0.0122,12,0,3.889341,9.76584,3.044206,8.396659,0.265087
822,25.248777,1,17.159186,24.820851,0.096955,0.005999,0.081331,0.008825,12,0,3.816316,9.556859,3.117165,7.326249,0.265512
823,8.875459,0,0,8.447479,0.110024,0.009184,0.087557,0.011624,12,0,3.816316,9.556859,3.117165,8.176241,0.260382
824,26.163367,1,17.416764,25.540266,0.101668,0.006589,0.085426,0.008747,12,0,3.93711,9.804963,3.089165,7.790345,0.262034
825,8.431453,0,0,7.951526,0.11098,0.010179,0.087629,0.011593,12,0,3.93711,9.804963,3.089165,7.683884,0.256957
826,25.459047,1,17.372626,25.01449,0.112298,0.010764,0.087392,0.012234,12,0,4.060271,9.722528,3.001521,7.281227,0.288268
827,8.810275,0,0,8.223101,0.226908,0.017318,0.156161,0.050119,12,0,4.060271,9.722528,3.001521,7.906294,0.300615
828,27.894847,1,18.737927,27.229125,0.125837,0.01073,0.098316,0.013979,12,0,4.121658,10.702996,3.213153,8.106929,0.298257
829,8.59093,0,0,8.146327,0.11231,0.010548,0.087792,0.012071,12,0,4.121658,10.702996,3.213153,7.873484,0.261514
830,25.708764,1,17.548024,25.289014,0.095519,0.005825,0.080626,0.008409,12,0,4.141732,9.800123,3.02822,7.406277,0.264393
831,8.19111,0,0,7.777101,0.106132,0.008901,0.085052,0.010913,12,0,4.141732,9.800123,3.02822,7.50708,0.259466
832,25.201042,1,17.050639,24.737153,0.096192,0.006281,0.081004,0.008238,12,0,3.868819,9.617098,2.96687,7.310675,0.310762
833,8.461532,0,0,8.029928,0.113418,0.009968,0.08672,0.015154,12,0,3.868819,9.617098,2.96687,7.742344,0.276365
834,29.899705,1,20.747903,29.351352,0.135952,0.011854,0.095407,0.02551,12,0,4.609948,11.739034,3.650059,8.07119,0.422919
835,8.481314,0,0,7.997924,0.119007,0.010925,0.092021,0.013329,12,0,4.609948,11.739034,3.650059,7.69334,0.272817
836,26.533222,1,17.900367,26.029961,0.118729,0.010717,0.092773,0.012901,12,0,4.213425,9.917567,3.128735,7.743458,0.301203
837,9.477393,0,0,8.963663,0.164296,0.014561,0.12722,0.019569,12,0,4.213425,9.917567,3.128735,8.678675,0.26752
838,28.210089,1,19.415286,27.61039,0.108676,0.009468,0.086544,0.01093,12,0,4.905499,10.798283,3.090862,7.853717,0.264318
839,8.699886,0,0,8.199343,0.115992,0.010484,0.090064,0.013102,12,0,4.905499,10.798283,3.090862,7.847426,0.339019
840,27.328146,1,18.815656,26.83523,0.112324,0.008562,0.091481,0.010409,12,0,4.256312,10.699415,3.201524,7.659802,0.281267
841,8.263658,0,0,7.750044,0.114571,0.010348,0.089812,0.012227,12,0,4.256312,10.699415,3.201524,7.482413,0.256159
842,26.007578,1,17.496,25.448965,0.11193,0.010257,0.087727,0.011932,12,0,3.848829,9.606278,3.366723,7.59317,0.279881
843,8.350374,0,0,7.916829,0.114417,0.014891,0.086036,0.011827,12,0,3.848829,9.606278,3.366723,7.648859,0.257363
844,25.760274,1,17.847525,25.352615,0.093469,0.005668,0.079267,0.007927,12,0,4.10332,10.147887,3.016036,7.169002,0.266675
845,8.17235,0,0,7.765,0.106641,0.008669,0.085906,0.01059,12,0,4.10332,10.147887,3.016036,7.49565,0.259148
846,24.968489,1,16.931521,24.574341,0.095826,0.006113,0.080722,0.00832,12,0,3.815343,9.525565,2.997246,7.315814,0.263691
847,9.206629,0,0,8.73284,0.111907,0.009341,0.088455,0.011957,12,0,3.815343,9.525565,2.997246,8.459793,0.260562
848,25.821935,1,17.740423,25.405701,0.095722,0.006184,0.080166,0.008492,12,0,4.1231,9.903696,3.129358,7.331445,0.260559
849,8.14166,0,0,7.734982,0.105646,0.008506,0.084798,0.01092,12,0,4.1231,9.903696,3.129358,7.467246,0.257474
850,25.766017,1,17.580519,25.265389,0.111597,0.00979,0.088208,0.011376,12,0,3.791927,9.94467,3.229999,7.356775,0.258902
851,8.335926,0,0,7.907179,0.107583,0.008942,0.085748,0.011138,12,0,3.791927,9.94467,3.229999,7.640254,0.256025
852,24.999757,1,17.104636,24.603741,0.093658,0.005824,0.07909,0.008156,12,0,3.848955,9.680607,3.001388,7.173916,0.260921
853,8.860929,0,0,8.433334,0.107862,0.008919,0.086093,0.011132,12,0,3.848955,9.680607,3.001388,8.162369,0.258766
854,25.371508,1,16.99438,24.86774,0.096656,0.00632,0.080717,0.008841,12,0,3.879872,9.517678,2.996172,7.448545,0.360678
855,8.559242,0,0,8.125223,0.107869,0.008739,0.08591,0.01165,12,0,3.879872,9.517678,2.996172,7.861419,0.253119
856,25.872505,1,17.846047,25.437863,0.095394,0.00608,0.080088,0.008577,12,0,4.023552,10.077362,3.155902,7.259678,0.260979
857,8.152782,0,0,7.738691,0.107533,0.008997,0.086379,0.01055,12,0,4.023552,10.077362,3.155902,7.471284,0.256825
858,26.261662,1,17.971984,25.744652,0.196602,0.014352,0.159628,0.019851,12,0,4.01608,10.270508,3.085752,7.42895,0.260758
859,8.382556,0,0,7.832049,0.190622,0.013788,0.155003,0.019531,12,0,4.01608,10.270508,3.085752,7.488933,0.328615
860,25.672195,1,17.123182,25.244402,0.101202,0.007376,0.083264,0.009483,12,0,3.861053,9.63755,3.033285,7.79538,0.25935
861,9.034557,0,0,8.460853,0.108858,0.008667,0.086801,0.011766,12,0,3.861053,9.63755,3.033285,8.191233,0.258261
862,25.117228,1,17.067414,24.716579,0.096506,0.006292,0.080965,0.008442,12,0,3.809141,9.630277,3.051813,7.326293,0.25857
863,7.862563,0,0,7.466894,0.096127,0.006114,0.080408,0.00893,12,0,3.809141,9.630277,3.051813,7.199345,0.257922
864,25.982081,1,17.104964,25.554749,0.10838,0.008508,0.0874,0.010597,12,0,3.805229,9.715822,3.000916,8.122541,0.259037
865,8.747958,0,0,8.320562,0.108438,0.008744,0.086886,0.01102,12,0,3.805229,9.715822,3.000916,8.052095,0.257126
866,25.864315,1,17.194104,25.425943,0.114594,0.010289,0.089979,0.011861,12,0,3.87595,9.71414,3.018245,7.89771,0.262637
867,7.93166,0,0,7.523729,0.102628,0.007951,0.083386,0.010012,12,0,3.87595,9.71414,3.018245,7.251962,0.261491
868,25.49385,1,17.558927,25.062788,0.10844,0.005854,0.093651,0.008374,12,0,3.901991,9.939222,3.131129,7.172533,0.260012
869,7.939362,0,0,7.520969,0.109104,0.009359,0.087574,0.010423,12,0,3.901991,9.939222,3.131129,7.253644,0.256448
870,25.807397,1,17.593283,25.367227,0.111784,0.007401,0.093642,0.00934,12,0,4.051099,9.934667,3.027229,7.326173,0.35219
871,7.834184,0,0,7.417282,0.110243,0.009167,0.088654,0.010774,12,0,4.051099,9.934667,3.027229,7.150909,0.256042
872,25.560842,1,17.032998,25.129515,0.106109,0.008143,0.085888,0.010459,12,0,3.942931,9.527802,2.988833,7.769956,0.257943
873,7.892638,0,0,7.486549,0.097644,0.006283,0.081639,0.008857,12,0,3.942931,9.527802,2.988833,7.219627,0.256996
874,25.563814,1,17.537197,25.125899,0.112252,0.009526,0.089047,0.01165,12,0,4.108263,9.741147,3.101479,7.255061,0.261244
875,7.852156,0,0,7.439964,0.10751,0.009056,0.085804,0.010992,12,0,4.108263,9.741147,3.101479,7.172863,0.256378
876,25.678067,1,17.679236,25.253105,0.103794,0.006165,0.088563,0.008188,12,0,4.156873,9.762859,3.176178,7.238745,0.263693
877,7.895935,0,0,7.486602,0.10486,0.008492,0.084667,0.009704,12,0,4.156873,9.762859,3.176178,7.217214,0.258774
878,25.437747,1,17.478267,25.016434,0.09626,0.006228,0.080333,0.008792,12,0,3.961434,9.728897,3.186191,7.206539,0.259023
879,7.923863,0,0,7.508255,0.107505,0.00933,0.086388,0.010122,12,0,3.961434,9.728897,3.186191,7.24287,0.255114
880,25.523819,1,17.569781,25.100481,0.09857,0.006029,0.082938,0.008818,12,0,4.182545,9.808262,2.991373,7.198382,0.260152
881,7.8014,0,0,7.386979,0.106712,0.00892,0.08639,0.009977,12,0,4.182545,9.808262,2.991373,7.120677,0.255774
882,25.043361,1,16.979707,24.622858,0.112774,0.010716,0.088316,0.011569,12,0,3.901844,9.500598,2.999728,7.316268,0.260061
883,8.664468,0,0,8.207321,0.124915,0.009516,0.101009,0.01211,12,0,3.901844,9.500598,2.999728,7.876892,0.31802
884,25.869656,1,17.508787,25.432045,0.097311,0.006382,0.081076,0.00903,12,0,3.836898,9.88939,3.197234,7.589279,0.260916
885,7.954437,0,0,7.537552,0.107058,0.00883,0.086404,0.009867,12,0,3.836898,9.88939,3.197234,7.270468,0.256356
886,25.492512,1,17.617528,25.071594,0.093305,0.005765,0.078843,0.007972,12,0,4.106756,9.935459,2.996779,7.116819,0.265671
887,7.958115,0,0,7.540251,0.107638,0.008771,0.086695,0.010685,12,0,4.106756,9.935459,2.996779,7.268838,0.260853
888,25.85309,1,17.589165,25.278764,0.095088,0.005959,0.080061,0.008301,12,0,3.899993,9.701984,3.390632,7.21626,0.390159
889,8.137217,0,0,7.704531,0.111322,0.009677,0.088467,0.01144,12,0,3.899993,9.701984,3.390632,7.432652,0.260601
890,25.029568,1,16.97298,24.602983,0.11732,0.010055,0.092689,0.01231,12,0,3.814812,9.594147,2.986417,7.303577,0.258506
891,8.378941,0,0,7.922058,0.112067,0.009969,0.08814,0.011822,12,0,3.814812,9.594147,2.986417,7.651845,0.257284
892,24.966573,1,16.982151,24.546713,0.09749,0.006479,0.081256,0.008706,12,0,3.88538,9.489025,3.0276,7.238338,0.258533
893,7.761287,0,0,7.363912,0.097198,0.006449,0.081082,0.00886,12,0,3.88538,9.489025,3.0276,7.099559,0.254776
894,25.359769,1,17.095531,24.901782,0.138696,0.008868,0.108055,0.020231,12,0,3.867063,9.668065,2.986651,7.475917,0.259915
895,8.204251,0,0,7.73911,0.117707,0.009418,0.096142,0.010667,12,0,3.867063,9.668065,2.986651,7.443749,0.283302
896,25.029196,1,16.955055,24.623327,0.09627,0.006038,0.080965,0.008325,12,0,3.81085,9.514874,3.057174,7.34355,0.258487
897,8.176114,0,0,7.743621,0.107582,0.008889,0.086475,0.010541,12,0,3.81085,9.514874,3.057174,7.477032,0.254652
898,26.619046,1,18.110589,26.154844,0.12077,0.010498,0.094944,0.012863,12,0,4.08981,10.155967,3.239336,7.68394,0.269303
899,8.097161,0,0,7.628122,0.110847,0.010254,0.087831,0.01071,12,0,4.08981,10.155967,3.239336,7.361874,0.255759
900,25.721618,1,17.36698,25.272204,0.114913,0.017663,0.085613,0.009869,12,0,3.931751,9.699523,3.1253,7.577593,0.257217
901,7.801466,0,0,7.400609,0.098018,0.006747,0.081501,0.009059,12,0,3.931751,9.699523,3.1253,7.136912,0.253906
902,25.402089,1,17.171686,24.975542,0.103274,0.008148,0.083737,0.010121,12,0,3.882633,9.674354,3.030414,7.47623,0.259357
903,7.906694,0,0,7.505109,0.096918,0.006245,0.081038,0.008746,12,0,3.882633,9.674354,3.030414,7.239658,0.255637
904,25.60265,1,17.647469,25.163528,0.093991,0.005629,0.079291,0.008441,12,0,3.962561,9.922897,3.175226,7.158786,0.269392
905,8.02719,0,0,7.575579,0.135051,0.011054,0.110921,0.010836,12,0,3.962561,9.922897,3.175226,7.309414,0.255433
906,27.237081,1,18.513268,26.648644,0.212902,0.017877,0.167686,0.023759,12,0,4.236018,10.32656,3.298518,7.721267,0.305368
907,8.085587,0,0,7.620241,0.11733,0.011876,0.090522,0.012541,12,0,4.236018,10.32656,3.298518,7.331544,0.276949
908,30.548656,1,21.547457,29.964724,0.116675,0.010858,0.090325,0.012702,12,0,4.724509,11.913152,3.95375,7.821343,0.472166
909,10.256045,0,0,9.67047,0.118846,0.011129,0.091259,0.013608,12,0,4.724509,11.913152,3.95375,9.399159,0.257206
910,28.207084,1,18.81765,27.699742,0.117414,0.011071,0.090888,0.012301,12,0,4.464697,10.455812,3.239978,8.514889,0.279936
911,9.375814,0,0,8.88406,0.126793,0.010657,0.100866,0.012385,12,0,4.464697,10.455812,3.239978,8.603884,0.266451
912,26.64508,1,18.263791,26.19398,0.108807,0.008016,0.087773,0.010964,12,0,4.294948,10.31207,3.074783,7.558698,0.293157
913,8.495867,0,0,7.849144,0.225682,0.014425,0.189719,0.018381,12,0,4.294948,10.31207,3.074783,7.433589,0.401621
914,27.125656,1,18.053619,26.684303,0.114395,0.01044,0.088969,0.012165,12,0,4.15291,10.145827,3.176978,8.292261,0.261928
915,8.709395,0,0,8.042657,0.203592,0.015254,0.165029,0.019735,12,0,4.15291,10.145827,3.176978,7.646753,0.381359
916,26.32336,1,18.074908,25.777013,0.174376,0.00766,0.15304,0.012612,12,0,4.185827,10.272169,3.03894,7.35071,0.262623
917,7.984746,0,0,7.563699,0.111579,0.009807,0.089361,0.010463,12,0,4.185827,10.272169,3.03894,7.276768,0.276451
918,26.771249,1,17.79874,26.279231,0.11098,0.009964,0.087669,0.011041,12,0,3.868636,9.645235,3.599559,8.109503,0.289963
919,8.227921,0,0,7.68157,0.12215,0.00999,0.088878,0.021017,12,0,3.868636,9.645235,3.599559,7.274799,0.395615
920,26.870276,1,18.276905,26.379128,0.134627,0.012126,0.090862,0.029641,12,0,4.060943,10.537624,3.07812,7.738427,0.259366
921,8.774586,0,0,8.290967,0.113524,0.010303,0.088698,0.01223,12,0,4.060943,10.537624,3.07812,8.018259,0.26081
922,27.234512,1,18.518627,26.760424,0.113831,0.010345,0.089001,0.012297,12,0,4.311276,10.357433,3.257328,7.901051,0.263953
923,8.021986,0,0,7.605212,0.107266,0.00945,0.085744,0.009951,12,0,4.311276,10.357433,3.257328,7.314205,0.280564
924,26.383889,1,17.544163,25.942848,0.105746,0.008911,0.085191,0.009993,12,0,3.846422,9.560427,3.454688,7.968953,0.332571
925,8.156148,0,0,7.549743,0.122705,0.009706,0.088831,0.022151,12,0,3.846422,9.560427,3.454688,7.238973,0.299206
926,26.427397,1,17.884318,25.969285,0.108031,0.008661,0.087304,0.010524,12,0,4.11997,10.083517,3.094968,7.751538,0.257018
927,8.664631,0,0,8.195361,0.109787,0.009531,0.086581,0.011519,12,0,4.11997,10.083517,3.094968,7.930242,0.253418
928,26.6212,1,17.846143,26.177352,0.110009,0.009564,0.086608,0.01138,12,0,4.154204,10.098719,3.00839,7.991875,0.260961
929,8.108362,0,0,7.571502,0.110714,0.009901,0.088456,0.010521,12,0,4.154204,10.098719,3.00839,7.20453,0.346068
930,26.890077,1,17.992464,26.441528,0.117597,0.010867,0.092135,0.01205,12,0,4.133637,10.258504,3.01984,8.110604,0.260387
931,7.807688,0,0,7.392751,0.10857,0.009776,0.086675,0.010555,12,0,4.133637,10.258504,3.01984,7.105707,0.276596
932,27.105618,1,18.446823,26.658616,0.107233,0.00907,0.085704,0.010619,12,0,4.399262,10.404069,3.052851,7.830596,0.267217
933,7.990552,0,0,7.568907,0.111765,0.00985,0.089802,0.010434,12,0,4.399262,10.404069,3.052851,7.304146,0.254182
934,26.781354,1,18.089979,26.343489,0.106695,0.00913,0.085748,0.010122,12,0,4.065179,10.342592,3.103574,7.915115,0.261844
935,7.79406,0,0,7.378201,0.107184,0.009635,0.085764,0.010007,12,0,4.065179,10.342592,3.103574,7.11551,0.252258
936,26.706962,1,17.837258,26.184906,0.109129,0.009152,0.086615,0.011381,12,0,4.06939,10.127888,2.998653,7.951583,0.31906
937,8.150642,0,0,7.69012,0.108741,0.009406,0.086798,0.010599,12,0,4.06939,10.127888,2.998653,7.425566,0.253709
938,27.20956,1,18.524041,26.76464,0.114118,0.010648,0.089168,0.011927,12,0,4.150669,10.538971,3.192662,7.903593,0.257562
939,7.846585,0,0,7.4237,0.110557,0.00952,0.088419,0.010761,12,0,4.150669,10.538971,3.192662,7.161852,0.251172
940,25.816742,1,17.172151,25.342165,0.15054,0.00898,0.129323,0.010622,12,0,3.836087,9.766097,2.996037,7.837754,0.260976
941,8.655902,0,0,8.203721,0.110727,0.009705,0.087166,0.011692,12,0,3.836087,9.766097,2.996037,7.939026,0.25255
942,25.745581,1,17.799781,25.316697,0.09765,0.006727,0.081668,0.008497,12,0,3.876696,9.90853,3.437103,7.182411,0.261802
943,8.478381,0,0,7.886382,0.180679,0.010936,0.155374,0.011419,12,0,3.876696,9.90853,3.437103,7.583693,0.290993
944,26.657584,1,18.300658,26.058187,0.22335,0.013362,0.189596,0.017567,12,0,4.026298,10.34382,3.330915,7.418301,0.255312
945,7.834104,0,0,7.406948,0.107566,0.009272,0.086589,0.00992,12,0,4.026298,10.34382,3.330915,7.14556,0.250901
946,26.622344,1,18.722258,26.180488,0.112122,0.010175,0.088122,0.011779,12,0,4.174531,10.739002,3.22809,7.129356,0.253783
947,8.611504,0,0,8.151643,0.115225,0.010079,0.088351,0.014532,12,0,4.174531,10.739002,3.22809,7.88691,0.252493
948,25.747711,1,17.826935,25.318467,0.097046,0.006343,0.081236,0.008505,12,0,4.140451,10.057834,3.050371,7.160202,0.258405
949,7.840488,0,0,7.348644,0.116331,0.008874,0.095689,0.01018,12,0,4.140451,10.057834,3.050371,7.080296,0.248593
950,27.185229,1,18.580722,26.749195,0.10738,0.008692,0.086326,0.010567,12,0,4.362003,10.608549,3.018767,7.833219,0.258542
951,7.894327,0,0,7.476029,0.108626,0.009717,0.086789,0.01034,12,0,4.362003,10.608549,3.018767,7.187905,0.277513
952,26.639935,1,17.92717,26.200376,0.112741,0.009094,0.091346,0.01023,12,0,4.118425,10.139337,3.08344,7.942908,0.253483
953,7.820531,0,0,7.381724,0.128439,0.009929,0.096718,0.020161,12,0,4.118425,10.139337,3.08344,7.09031,0.280517
954,25.961287,1,17.938009,25.488108,0.112658,0.010328,0.08833,0.011665,12,0,3.907209,10.140267,3.218004,7.187734,0.257702
955,7.850573,0,0,7.432209,0.111014,0.010324,0.087901,0.011097,12,0,3.907209,10.140267,3.218004,7.169895,0.251543
956,26.236008,1,18.204079,25.768305,0.095524,0.005882,0.080555,0.008339,12,0,4.031078,10.299683,3.271367,7.204973,0.273444
957,11.714976,0,0,11.236726,0.11457,0.010882,0.088094,0.012731,12,0,4.031078,10.299683,3.271367,10.970309,0.253092
958,25.73198,1,17.784907,25.292122,0.097492,0.006546,0.081613,0.008201,12,0,4.069862,10.109705,3.018885,7.177022,0.256885
959,7.762139,0,0,7.346484,0.109854,0.009418,0.088595,0.010026,12,0,4.069862,10.109705,3.018885,7.087091,0.248901
960,25.959391,1,18.081817,25.539465,0.094215,0.005718,0.079601,0.008269,12,0,3.905338,10.23211,3.335105,7.128839,0.25706
961,7.780661,0,0,7.366913,0.107304,0.009513,0.085873,0.010379,12,0,3.905338,10.23211,3.335105,7.10349,0.252805
962,25.851037,1,17.670428,25.382767,0.112518,0.010644,0.088071,0.012019,12,0,3.838864,9.667651,3.472201,7.317661,0.319771
963,7.89447,0,0,7.473853,0.109059,0.009561,0.087217,0.010272,12,0,3.838864,9.667651,3.472201,7.212162,0.251085
964,25.550799,1,17.700211,25.126737,0.098704,0.005782,0.084397,0.007846,12,0,4.147113,9.95974,3.011783,7.098686,0.25428
965,7.959182,0,0,7.511896,0.107744,0.009049,0.086564,0.010311,12,0,4.147113,9.95974,3.011783,7.249345,0.252167
966,25.219311,1,17.299026,24.744412,0.097104,0.005815,0.081869,0.008713,12,0,3.870392,9.798555,3.030512,7.109406,0.264135
967,8.801738,0,0,8.306528,0.122194,0.011424,0.095242,0.012622,12,0,3.870392,9.798555,3.030512,8.035415,0.256917
968,26.993425,1,18.712053,26.529771,0.111816,0.009694,0.088352,0.011299,12,0,4.087034,10.557692,3.425061,7.479168,0.256661
969,8.241861,0,0,7.760003,0.115298,0.010165,0.09095,0.011746,12,0,4.087034,10.557692,3.425061,7.498207,0.250246
970,25.534283,1,17.198956,24.949341,0.113106,0.010411,0.088842,0.011553,12,0,3.867496,9.555827,2.989036,7.265005,0.397033
971,10.186986,0,0,9.651353,0.11687,0.010888,0.090566,0.01245,12,0,3.867496,9.555827,2.989036,9.328495,0.308862
972,25.102326,1,16.991349,24.640456,0.099556,0.006724,0.082813,0.008619,12,0,3.869259,9.518417,3.027529,7.325733,0.254436
973,8.859246,0,0,8.375941,0.118108,0.010955,0.090958,0.013202,12,0,3.869259,9.518417,3.027529,8.081988,0.279869
974,29.116134,1,20.684572,28.554159,0.115929,0.010196,0.090442,0.01239,12,0,4.506403,11.699852,3.814176,7.454811,0.303726
975,8.315031,0,0,7.818871,0.115457,0.011196,0.090119,0.011568,12,0,4.506403,11.699852,3.814176,7.555801,0.250717
976,26.795829,1,18.325868,26.201503,0.117859,0.008016,0.097798,0.010394,12,0,4.006936,10.383997,3.290186,7.410408,0.374074
977,8.292525,0,0,7.786861,0.117108,0.011417,0.090451,0.012699,12,0,4.006936,10.383997,3.290186,7.522366,0.252563
978,27.509509,1,18.93985,26.978275,0.149682,0.010889,0.123375,0.012847,12,0,4.293287,10.455868,3.518724,7.648867,0.30087
979,8.271809,0,0,7.803689,0.114543,0.010749,0.089468,0.011937,12,0,4.293287,10.455868,3.518724,7.541983,0.250157
980,26.610596,1,18.195771,26.171594,0.106017,0.008432,0.086067,0.009733,12,0,4.199338,10.132421,3.231915,7.643471,0.254952
981,8.810572,0,0,8.347206,0.112308,0.010279,0.087269,0.01264,12,0,4.199338,10.132421,3.231915,8.051208,0.2831
982,26.165554,1,17.947205,25.719981,0.098462,0.00672,0.082121,0.008555,12,0,3.902725,10.273999,3.15209,7.442929,0.256825
983,8.013545,0,0,7.59708,0.107632,0.009663,0.086078,0.010287,12,0,3.902725,10.273999,3.15209,7.335887,0.250087
984,25.577454,1,17.600225,25.151891,0.096314,0.006308,0.080817,0.008334,12,0,3.901177,9.990727,3.134213,7.219773,0.260392
985,7.875536,0,0,7.455066,0.107769,0.009089,0.08674,0.010033,12,0,3.901177,9.990727,3.134213,7.193004,0.251534
986,25.523007,1,17.026689,25.059843,0.112788,0.010151,0.088744,0.011608,12,0,3.962148,9.497891,2.990272,7.704498,0.255903
987,8.545433,0,0,8.064812,0.143644,0.009587,0.120754,0.010948,12,0,3.962148,9.497891,2.990272,7.798406,0.25378
988,25.087654,1,16.959388,24.63285,0.099736,0.00689,0.082281,0.009358,12,0,3.84782,9.546119,2.982687,7.318556,0.277757
989,8.518408,0,0,8.054165,0.110961,0.009799,0.087254,0.011595,12,0,3.84782,9.546119,2.982687,7.789401,0.253117
990,24.954253,1,17.082674,24.544703,0.097992,0.006309,0.081766,0.00898,12,0,3.810002,9.647001,3.046904,7.141463,0.253842
991,7.903251,0,0,7.38746,0.130966,0.006321,0.114346,0.009493,12,0,3.810002,9.647001,3.046904,7.095173,0.282301
992,25.447692,1,17.104315,25.005229,0.105591,0.00865,0.085324,0.010056,12,0,3.818838,9.689179,3.024157,7.577407,0.256697
993,8.528167,0,0,8.090317,0.109159,0.009673,0.08707,0.010523,12,0,3.818838,9.689179,3.024157,7.825009,0.253472
994,25.712575,1,17.070182,25.270963,0.114393,0.010678,0.089453,0.011691,12,0,3.871927,9.592314,3.020078,7.869172,0.259295
995,7.867378,0,0,7.462199,0.098666,0.006978,0.081661,0.009052,12,0,3.871927,9.592314,3.020078,7.194537,0.257452
996,25.543794,1,17.443448,25.041142,0.17386,0.010137,0.146365,0.015974,12,0,3.926829,9.916037,3.015636,7.253365,0.258042
997,7.86992,0,0,7.460106,0.103448,0.008259,0.084268,0.009583,12,0,3.926829,9.916037,3.015636,7.196045,0.253781
998,25.809187,1,17.237328,25.375296,0.105924,0.008605,0.085271,0.010078,12,0,3.827634,9.707314,3.122036,7.812435,0.255564
999,7.818144,0,0,7.389059,0.10041,0.006585,0.083919,0.00893,12,0,3.827634,9.707314,3.122036,7.107372,0.261603
1000,25.657204,1,17.145251,25.219552,0.106317,0.008839,0.085511,0.01044,12,0,3.930817,9.620351,3.021613,7.744775,0.260567
1001,7.994803,0,0,7.590224,0.098106,0.006747,0.081542,0.008647,12,0,3.930817,9.620351,3.021613,7.30683,0.273464
1002,25.67431,1,17.668658,25.231841,0.112645,0.010361,0.08796,0.012091,12,0,3.967604,10.033956,3.086474,7.225116,0.257253
1003,7.974847,0,0,7.511137,0.108959,0.009637,0.086274,0.010972,12,0,3.967604,10.033956,3.086474,7.246582,0.253831
1004,25.577226,1,17.698634,25.162106,0.094621,0.005949,0.079884,0.008078,12,0,4.043919,9.971893,3.104422,7.134509,0.257537
1005,7.871214,0,0,7.457425,0.107773,0.009695,0.085975,0.010257,12,0,4.043919,9.971893,3.104422,7.193095,0.254004
1006,27.038952,1,18.938634,26.579843,0.13299,0.010173,0.109666,0.011705,12,0,4.344361,10.777447,3.167113,7.302513,0.259779
1007,7.982176,0,0,7.564543,0.109974,0.010171,0.087,0.011022,12,0,4.344361,10.777447,3.167113,7.302003,0.252049
1008,25.703551,1,17.779688,25.272855,0.095587,0.006035,0.080408,0.008434,12,0,4.099595,10.016657,3.085804,7.161417,0.260954
1009,7.935721,0,0,7.514721,0.108865,0.009752,0.086719,0.01061,12,0,4.099595,10.016657,3.085804,7.247862,0.256283
1010,25.667605,1,17.643018,25.222875,0.112726,0.010552,0.088011,0.011779,12,0,3.829359,9.81584,3.388911,7.221604,0.281607
1011,7.882144,0,0,7.465082,0.109349,0.009641,0.087034,0.010486,12,0,3.829359,9.81584,3.388911,7.198069,0.256121
1012,25.507091,1,17.570469,25.088489,0.095701,0.006083,0.080293,0.008583,12,0,4.115849,9.844091,3.023933,7.188649,0.257285
1013,7.945407,0,0,7.521976,0.114391,0.009107,0.09332,0.00995,12,0,4.115849,9.844091,3.023933,7.257469,0.253659
1014,25.714197,1,17.792372,25.292947,0.096469,0.006307,0.080276,0.009096,12,0,4.170957,9.86355,3.126531,7.169325,0.258014
1015,7.858134,0,0,7.44029,0.111573,0.010079,0.086927,0.012809,12,0,4.170957,9.86355,3.126531,7.175304,0.254585
1016,26.002246,1,18.103202,25.576636,0.094994,0.006011,0.080037,0.008211,12,0,3.947912,10.225323,3.346797,7.135868,0.261298
1017,7.879495,0,0,7.462811,0.108519,0.010086,0.086048,0.01079,12,0,3.947912,10.225323,3.346797,7.192169,0.260081
1018,27.271463,1,17.809406,26.823455,0.115842,0.010836,0.089929,0.012266,12,0,3.854077,10.051698,3.265004,8.676039,0.258976
1019,8.073345,0,0,7.655335,0.108265,0.009611,0.08633,0.010439,12,0,3.854077,10.051698,3.265004,7.391837,0.252824
1020,25.491946,1,17.60877,25.068981,0.095953,0.006115,0.080724,0.008248,12,0,4.014597,9.975361,3.039829,7.128715,0.259974
1021,7.90415,0,0,7.49044,0.10791,0.009611,0.086172,0.010515,12,0,4.014597,9.975361,3.039829,7.22207,0.257908
1022,24.898562,1,16.948343,24.461851,0.094931,0.005871,0.07989,0.008388,12,0,3.79513,9.561067,3.002515,7.158946,0.290128
1023,8.353177,0,0,7.916393,0.106619,0.008999,0.08497,0.010615,12,0,3.79513,9.561067,3.002515,7.650856,0.254302
1024,26.006046,1,17.975444,25.578598,0.098225,0.006574,0.081791,0.008792,12,0,3.938815,10.180075,3.227907,7.271806,0.25751
1025,8.041617,0,0,7.624903,0.108209,0.009707,0.086028,0.010565,12,0,3.938815,10.180075,3.227907,7.361647,0.252434
1026,25.038733,1,16.970207,24.614851,0.112728,0.010261,0.088729,0.011446,12,0,3.824482,9.531281,3.028694,7.31954,0.256686
1027,7.749971,0,0,7.353858,0.096538,0.006424,0.080308,0.009015,12,0,3.824482,9.531281,3.028694,7.089497,0.25457
1028,25.687648,1,17.101142,25.262096,0.106406,0.008568,0.085198,0.010926,12,0,3.835714,9.661828,3.023317,7.832355,0.258924
1029,8.593298,0,0,8.153479,0.110382,0.008911,0.088119,0.011065,12,0,3.835714,9.661828,3.023317,7.889041,0.252914
1030,24.885003,1,16.96794,24.478467,0.096315,0.006387,0.080622,0.008407,12,0,3.816651,9.580328,2.996246,7.190293,0.254478
1031,8.560816,0,0,8.123115,0.109978,0.009355,0.087321,0.011318,12,0,3.816651,9.580328,2.996246,7.855323,0.256238
1032,25.276773,1,17.232666,24.865203,0.098435,0.006574,0.08177,0.008967,12,0,3.827649,9.685856,3.137088,7.311635,0.253686
1033,7.755591,0,0,7.337832,0.098762,0.006194,0.082856,0.008909,12,0,3.827649,9.685856,3.137088,7.077313,0.250832
1034,25.75668,1,17.199279,25.266252,0.122403,0.011121,0.095576,0.01294,12,0,3.883681,9.687441,3.044078,7.7372,0.254951
1035,8.259023,0,0,7.846255,0.104132,0.007893,0.084725,0.00977,12,0,3.883681,9.687441,3.044078,7.583033,0.252457
1036,25.647518,1,16.994486,25.216268,0.109748,0.009515,0.086879,0.011171,12,0,3.916999,9.497226,3.000101,7.89112,0.255348
1037,7.818866,0,0,7.417527,0.097997,0.006656,0.081825,0.008613,12,0,3.916999,9.497226,3.000101,7.150851,0.256899
1038,26.014176,1,18.056683,25.51634,0.094819,0.005848,0.079739,0.008486,12,0,4.298782,10.022508,3.091523,7.091283,0.288672
1039,8.175344,0,0,7.665757,0.162485,0.011679,0.136192,0.01237,12,0,4.298782,10.022508,3.091523,7.399673,0.25431
1040,27.40098,1,18.029626,26.917222,0.125028,0.011714,0.096256,0.014239,12,0,4.043376,10.021418,3.338218,8.543603,0.260023
1041,8.250051,0,0,7.717354,0.113372,0.010455,0.088714,0.012204,12,0,4.043376,10.021418,3.338218,7.415505,0.290366
1042,25.425996,1,17.436858,24.982715,0.111305,0.010014,0.087766,0.011582,12,0,4.059499,9.66233,3.131416,7.212856,0.258848
1043,7.805554,0,0,7.392967,0.107741,0.009289,0.086676,0.010194,12,0,4.059499,9.66233,3.131416,7.128119,0.254683
1044,25.418488,1,17.53485,24.979438,0.095181,0.005806,0.080331,0.008372,12,0,3.873866,9.949129,3.127277,7.109002,0.260082
1045,8.11264,0,0,7.603995,0.117751,0.011116,0.091294,0.012984,12,0,3.873866,9.949129,3.127277,7.330992,0.259311
1046,29.657612,1,21.569441,29.198269,0.102528,0.006813,0.084896,0.00933,12,0,4.841653,12.423695,3.639429,7.284054,0.261533
1047,8.728944,0,0,8.238519,0.161924,0.011142,0.13581,0.012148,12,0,4.841653,12.423695,3.639429,7.969386,0.257643
1048,27.172485,1,19.02716,26.726332,0.106194,0.00713,0.086918,0.010797,12,0,4.400132,10.695644,3.296282,7.356157,0.260321
1049,8.293592,0,0,7.795305,0.118101,0.011468,0.090268,0.013435,12,0,4.400132,10.695644,3.296282,7.5273,0.256505
1050,27.485223,1,19.098955,26.987527,0.131932,0.014105,0.098466,0.01624,12,0,4.32938,10.916755,3.18916,7.532351,0.267169
1051,8.075957,0,0,7.583977,0.117202,0.011091,0.0908,0.012338,12,0,4.32938,10.916755,3.18916,7.314407,0.257277
1052,27.142632,1,18.471602,26.681983,0.118977,0.010837,0.092329,0.012747,12,0,4.331202,10.270774,3.280542,7.839826,0.290901
1053,8.035861,0,0,7.615247,0.110901,0.010793,0.087568,0.010557,12,0,4.331202,10.270774,3.280542,7.320439,0.284034
1054,26.090874,1,17.58458,25.669425,0.100249,0.007099,0.082858,0.009136,12,0,4.01648,9.861742,3.128504,7.689001,0.323769
1055,7.807555,0,0,7.399238,0.103099,0.008083,0.08428,0.009492,12,0,4.01648,9.861742,3.128504,7.131558,0.257247
1056,26.925206,1,17.965403,26.468387,0.126737,0.011781,0.097696,0.014368,12,0,4.046138,10.287355,3.044987,8.159238,0.261602
1057,7.855186,0,0,7.438336,0.108875,0.009222,0.08749,0.010394,12,0,4.046138,10.287355,3.044987,7.170148,0.257503
1058,25.751561,1,17.713538,25.315126,0.112728,0.010287,0.087828,0.012246,12,0,4.096923,9.994313,3.023499,7.26805,0.260701
1059,8.871354,0,0,8.460206,0.106912,0.00895,0.085864,0.010115,12,0,4.096923,9.994313,3.023499,8.18949,0.259988
1060,27.205831,1,19.371262,26.787321,0.094223,0.006158,0.079421,0.007986,12,0,4.459258,10.684124,3.627877,7.079754,0.261491
1061,7.917016,0,0,7.497529,0.111379,0.010227,0.088211,0.010885,12,0,4.459258,10.684124,3.627877,7.232211,0.254595
1062,25.755102,1,17.822698,25.336679,0.097115,0.006272,0.081343,0.008695,12,0,4.144561,10.051915,3.024626,7.176473,0.262853
1063,7.84805,0,0,7.435859,0.107043,0.008891,0.086258,0.010268,12,0,4.144561,10.051915,3.024626,7.16296,0.262132
1064,26.882191,1,18.958195,26.418574,0.098557,0.007068,0.081523,0.008976,12,0,4.344773,10.716111,3.265767,7.114199,0.2662
1065,8.963271,0,0,8.511677,0.112711,0.010584,0.087834,0.011475,12,0,4.344773,10.716111,3.265767,8.240764,0.258651
1066,25.805998,1,17.829555,25.357881,0.112742,0.010334,0.088036,0.012117,12,0,4.106887,10.116643,3.017295,7.169752,0.261809
1067,8.720316,0,0,8.234822,0.112625,0.010093,0.08815,0.012016,12,0,4.106887,10.116643,3.017295,7.964867,0.258164
1068,25.791652,1,17.832854,25.363193,0.096273,0.006092,0.080873,0.008597,12,0,3.943082,10.048636,3.258213,7.171412,0.262472
1069,7.82045,0,0,7.404576,0.106627,0.00915,0.085901,0.010001,12,0,3.943082,10.048636,3.258213,7.138817,0.255101
1070,25.525746,1,17.593839,25.110079,0.095261,0.006004,0.080142,0.008397,12,0,3.869257,9.858332,3.292041,7.181263,0.261482
1071,7.853738,0,0,7.44431,0.106249,0.008602,0.085971,0.010146,12,0,3.869257,9.858332,3.292041,7.173388,0.260275
1072,25.266219,1,17.434854,24.854641,0.09418,0.005698,0.079591,0.00826,12,0,3.982373,9.687602,3.152851,7.092335,0.258775
1073,7.901808,0,0,7.490182,0.105743,0.008769,0.085739,0.009736,12,0,3.982373,9.687602,3.152851,7.225242,0.254668
1074,25.515349,1,17.425945,25.074461,0.113183,0.010181,0.088998,0.011853,12,0,3.884843,9.896775,3.054459,7.316836,0.259736
1075,8.110861,0,0,7.692679,0.109122,0.009769,0.086795,0.01073,12,0,3.884843,9.896775,3.054459,7.423572,0.258384
1076,25.033756,1,17.159156,24.635516,0.094612,0.005874,0.079802,0.008276,12,0,3.855546,9.682819,3.042001,7.13813,0.273509
1077,8.388988,0,0,7.94905,0.106761,0.008481,0.086167,0.010543,12,0,3.855546,9.682819,3.042001,7.682167,0.255523
1078,25.438696,1,17.121667,24.958481,0.096602,0.006171,0.080993,0.008587,12,0,3.827226,9.559313,3.103755,7.331432,0.426017
1079,7.989606,0,0,7.52141,0.157777,0.009683,0.125068,0.021525,12,0,3.827226,9.559313,3.103755,7.195079,0.305915
1080,25.61671,1,17.355535,25.169795,0.097197,0.006129,0.081704,0.008407,12,0,3.896594,9.862092,3.017057,7.414103,0.33128
1081,8.43605,0,0,8.014958,0.109097,0.009431,0.086721,0.011259,12,0,3.896594,9.862092,3.017057,7.741447,0.262577
1082,25.60708,1,17.175312,25.172892,0.111627,0.009533,0.088712,0.011214,12,0,3.837874,9.650873,3.107664,7.664608,0.261935
1083,7.973815,0,0,7.545704,0.111088,0.008863,0.089492,0.01085,12,0,3.837874,9.650873,3.107664,7.243685,0.291049
1084,25.767915,1,17.505949,25.294859,0.09974,0.006891,0.082258,0.009285,12,0,3.954282,9.948732,3.022452,7.456986,0.263006
1085,8.530707,0,0,8.087191,0.110766,0.010269,0.087275,0.011181,12,0,3.954282,9.948732,3.022452,7.818717,0.256909
1086,25.069033,1,16.916628,24.650314,0.101986,0.007259,0.083837,0.009875,12,0,3.877317,9.420644,2.995632,7.39843,0.258567
1087,7.79002,0,0,7.381372,0.102523,0.006147,0.087181,0.008423,12,0,3.877317,9.420644,2.995632,7.115527,0.25613
1088,25.435415,1,17.032131,24.963705,0.150196,0.020865,0.10162,0.026231,12,0,3.809138,9.597664,3.048598,7.582512,0.260199
1089,8.529704,0,0,8.040768,0.11574,0.009519,0.09282,0.011355,12,0,3.809138,9.597664,3.048598,7.61803,0.410781
1090,25.457274,1,17.123705,25.013799,0.115229,0.010491,0.089806,0.012529,12,0,3.839713,9.653504,3.053763,7.557608,0.26079
1091,7.747019,0,0,7.344065,0.099485,0.007076,0.081758,0.009416,12,0,3.839713,9.653504,3.053763,7.07882,0.255225
1092,25.405491,1,17.529056,24.987868,0.094339,0.005722,0.079796,0.008187,12,0,3.88625,9.850175,3.198305,7.120246,0.269044
1093,7.903748,0,0,7.485554,0.107935,0.009394,0.087085,0.009927,12,0,3.88625,9.850175,3.198305,7.218327,0.256831
1094,25.263698,1,17.394996,24.82648,0.116691,0.006166,0.101446,0.008394,12,0,4.030474,9.765922,3.022189,7.098357,0.264235
1095,7.83057,0,0,7.422615,0.105361,0.008318,0.085497,0.009914,12,0,4.030474,9.765922,3.022189,7.153601,0.258525
1096,25.34981,1,17.075426,24.919472,0.111623,0.007561,0.092468,0.009965,12,0,3.882233,9.53739,3.013579,7.514431,0.261087
1097,7.817182,0,0,7.410876,0.103621,0.007749,0.085422,0.009354,12,0,3.882233,9.53739,3.013579,7.143383,0.257586
1098,25.20017,1,17.189104,24.759661,0.116692,0.010286,0.091757,0.012161,12,0,4.020661,9.448508,3.141347,7.23509,0.261932
1099,7.950952,0,0,7.538546,0.108653,0.009203,0.087558,0.01017,12,0,4.020661,9.448508,3.141347,7.272075,0.256066
1100,25.336415,1,17.249064,24.873406,0.097136,0.006463,0.081427,0.008314,12,0,4.155951,9.440574,3.046023,7.290063,0.262524
1101,7.998452,0,0,7.57953,0.107638,0.008951,0.086229,0.010599,12,0,4.155951,9.440574,3.046023,7.310788,0.258201
1102,25.203483,1,17.219384,24.789153,0.097202,0.006347,0.081853,0.008269,12,0,3.822272,9.82591,2.996855,7.237581,0.264343
1103,8.042145,0,0,7.625458,0.108021,0.009293,0.08692,0.010107,12,0,3.822272,9.82591,2.996855,7.355023,0.259973
1104,25.087855,1,17.183047,24.639542,0.127644,0.005837,0.112789,0.008268,12,0,3.904351,9.637686,3.062538,7.122236,0.261674
1105,7.881702,0,0,7.470306,0.105983,0.00859,0.085989,0.009917,12,0,3.904351,9.637686,3.062538,7.200156,0.259562
1106,27.17006,1,18.62668,26.579296,0.216703,0.014959,0.169248,0.019193,12,0,4.018181,10.80203,3.205646,7.568584,0.287926
1107,8.623315,0,0,8.107038,0.124962,0.012663,0.094167,0.01496,12,0,4.018181,10.80203,3.205646,7.78187,0.31103
1108,27.366898,1,18.616518,26.862346,0.144782,0.0116,0.118192,0.012606,12,0,4.251968,10.331499,3.341243,7.826368,0.332842
1109,8.19209,0,0,7.730205,0.146328,0.010023,0.122745,0.011453,12,0,4.251968,10.331499,3.341243,7.461611,0.257612
1110,26.68819,1,18.586441,26.227674,0.129209,0.006174,0.102973,0.008281,12,0,4.32714,10.505374,3.17108,7.273311,0.293053
1111,8.550093,0,0,8.092082,0.114248,0.01045,0.089564,0.011685,12,0,4.32714,10.505374,3.17108,7.822363,0.257171
1112,26.027118,1,17.655045,25.504077,0.099753,0.006525,0.082966,0.009147,12,0,3.920693,9.892347,3.141452,7.408729,0.330369
1113,8.116183,0,0,7.589954,0.13746,0.020702,0.101461,0.012877,12,0,3.920693,9.892347,3.141452,7.281532,0.296735
1114,29.877519,1,21.164015,29.195506,0.139048,0.014618,0.109345,0.012669,12,0,4.659361,11.910413,3.686317,7.483475,0.429037
1115,9.121327,0,0,8.599289,0.119512,0.011485,0.091321,0.013201,12,0,4.659361,11.910413,3.686317,8.288822,0.296024
1116,28.121096,1,19.707147,27.654903,0.104674,0.007428,0.08461,0.010745,12,0,4.099781,10.996522,3.741196,7.546952,0.283897
1117,9.27094,0,0,8.569733,0.205512,0.01177,0.1764,0.01347,12,0,4.099781,10.996522,3.741196,8.216745,0.336888
1118,28.018612,1,19.47585,27.471366,0.119759,0.011112,0.092734,0.013127,12,0,4.337788,10.761591,3.463814,7.608646,0.287942
1119,8.595062,0,0,8.043177,0.150862,0.012116,0.112006,0.023397,12,0,4.337788,10.761591,3.463814,7.758763,0.269537
1120,27.440224,1,19.091994,26.950756,0.106216,0.007912,0.086371,0.010459,12,0,4.351851,10.73041,3.339815,7.517514,0.260575
1121,9.134172,0,0,8.568572,0.142847,0.016662,0.106195,0.016809,12,0,4.351851,10.73041,3.339815,8.256149,0.275583
1122,26.626177,1,18.571637,26.183259,0.113427,0.010337,0.088666,0.012317,12,0,4.123725,10.492065,3.373566,7.270031,0.268196
1123,8.682913,0,0,8.225558,0.113529,0.011027,0.088158,0.011412,12,0,4.123725,10.492065,3.373566,7.9562,0.25676
1124,25.797889,1,17.848113,25.363704,0.099028,0.006586,0.082314,0.00932,12,0,4.101307,10.089815,3.075861,7.18346,0.25915
1125,8.187132,0,0,7.643346,0.195084,0.015137,0.157612,0.019691,12,0,4.101307,10.089815,3.075861,7.265507,0.363548
1126,26.019353,1,17.836144,25.580299,0.104685,0.008317,0.084824,0.009793,12,0,4.170778,10.030166,3.055092,7.410468,0.259498
1127,8.003077,0,0,7.535421,0.108947,0.009388,0.086928,0.010808,12,0,4.170778,10.030166,3.055092,7.269116,0.255526
1128,26.891475,1,18.02185,26.388754,0.11104,0.009797,0.087712,0.011286,12,0,3.950159,10.126479,3.108387,7.947067,0.302772
1129,8.225287,0,0,7.704728,0.11367,0.010234,0.088942,0.012,12,0,3.950159,10.126479,3.108387,7.431928,0.261722
1130,25.783656,1,17.665912,25.279264,0.11347,0.010333,0.088737,0.012062,12,0,3.859,9.910335,3.239764,7.25089,0.287321
1131,8.667269,0,0,8.20317,0.114239,0.010761,0.08848,0.012982,12,0,3.859,9.910335,3.239764,7.922073,0.268621
1132,26.342722,1,17.600619,25.883765,0.111001,0.009333,0.087678,0.0117,12,0,4.083894,9.849292,3.080236,7.9466,0.259977
1133,8.022572,0,0,7.598768,0.109855,0.010083,0.086506,0.011149,12,0,4.083894,9.849292,3.080236,7.332418,0.255551
1134,26.434927,1,18.389202,25.943818,0.13112,0.006981,0.112807,0.01024,12,0,4.180706,10.370109,3.253315,7.213063,0.26274
1135,8.52933,0,0,8.065429,0.114923,0.010596,0.089849,0.01204,12,0,4.180706,10.370109,3.253315,7.795602,0.257342
1136,26.059873,1,18.03099,25.619169,0.098975,0.006622,0.081958,0.009106,12,0,4.087504,10.114848,3.217888,7.253515,0.2604
1137,8.471574,0,0,7.928514,0.16379,0.011786,0.112796,0.035323,12,0,4.087504,10.114848,3.217888,7.634337,0.270507
1138,26.218967,1,18.215054,25.767982,0.11651,0.010682,0.091554,0.012084,12,0,3.962985,10.246504,3.287081,7.212032,0.262756
1139,8.200769,0,0,7.671971,0.136443,0.010466,0.111201,0.012384,12,0,3.962985,10.246504,3.287081,7.402279,0.257725
1140,25.809582,1,17.673022,25.366434,0.104225,0.007826,0.084977,0.009907,12,0,3.976763,10.055005,3.050139,7.354983,0.261823
1141,8.63675,0,0,8.166637,0.118981,0.010401,0.093218,0.013009,12,0,3.976763,10.055005,3.050139,7.895874,0.257701
1142,25.714599,1,17.292439,25.194211,0.109927,0.009103,0.08733,0.011294,12,0,3.838491,9.769463,3.084712,7.515146,0.308199
1143,8.045634,0,0,7.594861,0.111087,0.009792,0.087962,0.01138,12,0,3.838491,9.769463,3.084712,7.302157,0.281773
1144,25.734472,1,17.565909,25.260137,0.112595,0.012761,0.087021,0.011291,12,0,4.034057,9.824316,3.067453,7.355055,0.2617
1145,7.985929,0,0,7.561675,0.111132,0.009727,0.087495,0.01207,12,0,4.034057,9.824316,3.067453,7.293982,0.256792
1146,25.827152,1,17.38136,25.358564,0.114259,0.010439,0.08924,0.011841,12,0,3.878473,9.598265,3.320039,7.638149,0.261341
1147,8.17561,0,0,7.679844,0.116828,0.010039,0.092174,0.01253,12,0,3.878473,9.598265,3.320039,7.352617,0.3147
1148,25.66161,1,17.61031,25.228695,0.098608,0.006687,0.081767,0.009007,12,0,4.00902,9.810065,3.205326,7.286807,0.259007
1149,8.264736,0,0,7.827884,0.112284,0.009983,0.088173,0.011661,12,0,4.00902,9.810065,3.205326,7.556038,0.259627
1150,25.246643,1,17.279217,24.846047,0.095307,0.005977,0.080084,0.00861,12,0,4.018667,9.614202,3.005463,7.243523,0.257401
1151,7.821364,0,0,7.417673,0.103634,0.006364,0.08745,0.008964,12,0,4.018667,9.614202,3.005463,7.152972,0.254894
1152,25.727456,1,17.274963,25.301592,0.108112,0.008413,0.087336,0.010492,12,0,3.935328,9.743999,3.017917,7.693958,0.264532
1153,8.171951,0,0,7.683574,0.162448,0.009581,0.13985,0.010552,12,0,3.935328,9.743999,3.017917,7.350777,0.321835
1154,26.617301,1,18.487598,26.180675,0.114512,0.010464,0.089354,0.012323,12,0,4.225413,10.522418,3.133864,7.355688,0.262612
1155,7.935077,0,0,7.52388,0.108219,0.009525,0.086283,0.010512,12,0,4.225413,10.522418,3.133864,7.254167,0.259066
1156,25.602374,1,17.63924,25.188422,0.09578,0.005933,0.080578,0.008562,12,0,4.163422,9.717338,3.175688,7.220022,0.260229
1157,7.975734,0,0,7.561606,0.107881,0.009472,0.086789,0.009991,12,0,4.163422,9.717338,3.175688,7.294993,0.256277
1158,25.670271,1,17.273994,25.243073,0.104657,0.007798,0.084974,0.010272,12,0,4.035034,9.54822,3.013033,7.637879,0.261116
1159,7.798166,0,0,7.397677,0.100134,0.007155,0.082798,0.008965,12,0,4.035034,9.54822,3.013033,7.125385,0.262314
1160,25.69114,1,17.202402,25.255914,0.114248,0.008626,0.09278,0.011063,12,0,3.901345,9.715573,3.006597,7.724706,0.259214
1161,7.879238,0,0,7.474637,0.09796,0.00645,0.081596,0.008923,12,0,3.901345,9.715573,3.006597,7.208995,0.255532
1162,26.72112,1,18.601129,26.286989,0.112327,0.010398,0.087971,0.011761,12,0,4.095142,10.857414,3.061402,7.34656,0.264759
1163,7.93972,0,0,7.529283,0.109856,0.009459,0.087837,0.010635,12,0,4.095142,10.857414,3.061402,7.257193,0.261657
1164,25.755289,1,17.869853,25.337192,0.094606,0.005702,0.079805,0.008481,12,0,3.956294,10.189231,3.130287,7.133909,0.262538
1165,7.975033,0,0,7.560165,0.108741,0.009024,0.087075,0.010885,12,0,3.956294,10.189231,3.130287,7.291994,0.257733
1166,26.397759,1,18.123858,25.808686,0.09753,0.006229,0.081772,0.008698,12,0,3.993917,10.11758,3.299171,7.287953,0.317429
1167,7.978505,0,0,7.518008,0.115091,0.009224,0.09216,0.011719,12,0,3.993917,10.11758,3.299171,7.249621,0.257171
1168,25.858798,1,17.826766,25.432769,0.098617,0.006334,0.083144,0.008539,12,0,4.13034,9.905454,3.191431,7.270668,0.263703
1169,7.949863,0,0,7.533576,0.10886,0.009042,0.087887,0.009867,12,0,4.13034,9.905454,3.191431,7.261569,0.261415
1170,26.014191,1,17.918059,25.574729,0.112772,0.010039,0.088551,0.012038,12,0,3.866461,9.95116,3.412227,7.321683,0.262
1171,8.156052,0,0,7.733685,0.10935,0.00981,0.087118,0.010617,12,0,3.866461,9.95116,3.412227,7.463432,0.25941
1172,25.713978,1,17.801691,25.280541,0.095422,0.006141,0.080209,0.008432,12,0,3.968183,10.134407,3.110701,7.143297,0.26252
1173,8.030606,0,0,7.611338,0.109291,0.009243,0.087564,0.010442,12,0,3.968183,10.134407,3.110701,7.342793,0.257317
1174,25.9297,1,17.913511,25.506957,0.09691,0.006402,0.081041,0.008749,12,0,4.253691,9.884441,3.189278,7.259565,0.261494
1175,7.840346,0,0,7.423811,0.112098,0.009548,0.089895,0.010819,12,0,4.253691,9.884441,3.189278,7.156032,0.257139
1176,26.071172,1,18.008918,25.647572,0.096808,0.00632,0.081113,0.008702,12,0,4.194762,10.125836,3.092193,7.297854,0.26413
1177,8.01761,0,0,7.5983,0.1093,0.009297,0.087634,0.010435,12,0,4.194762,10.125836,3.092193,7.328944,0.258652
1178,27.413099,1,18.745564,26.952641,0.118064,0.011412,0.090784,0.012959,12,0,4.099347,10.83382,3.176958,7.845699,0.267554
1179,8.313748,0,0,7.841827,0.11067,0.010215,0.087348,0.010909,12,0,4.099347,10.83382,3.176958,7.573651,0.257473
1180,25.920657,1,17.714588,25.482385,0.096775,0.006175,0.081334,0.008516,12,0,3.958679,9.884243,3.1552,7.424245,0.275098
1181,8.27348,0,0,7.852346,0.109169,0.008909,0.087321,0.011219,12,0,3.958679,9.884243,3.1552,7.57655,0.264967
1182,25.935808,1,17.889896,25.51104,0.096982,0.006239,0.081591,0.008402,12,0,4.056086,10.127205,3.119353,7.281629,0.267257
1183,8.046294,0,0,7.630109,0.107755,0.009344,0.085992,0.010582,12,0,4.056086,10.127205,3.119353,7.358033,0.26167
1184,27.360514,1,18.727834,26.763477,0.111079,0.008762,0.088764,0.011686,12,0,4.351309,10.198392,3.523565,7.657134,0.291445
1185,10.408903,0,0,9.878954,0.119281,0.010716,0.092307,0.013099,12,0,4.351309,10.198392,3.523565,9.596496,0.26754
1186,32.784289,1,21.809893,32.22637,0.189671,0.031844,0.135768,0.018623,12,0,4.752309,12.158755,4.241926,10.038065,0.278427
1187,8.667293,0,0,8.140962,0.125184,0.020392,0.090263,0.01225,12,0,4.752309,12.158755,4.241926,7.783334,0.344313
1188,27.460312,1,18.593235,27.010841,0.120437,0.011861,0.092536,0.012995,12,0,4.050781,10.502982,3.364364,8.061927,0.263879
1189,8.212477,0,0,7.707774,0.160689,0.010795,0.134355,0.012663,12,0,4.050781,10.502982,3.364364,7.43516,0.259143
1190,26.969174,1,18.201125,26.461396,0.135146,0.01283,0.088898,0.030566,12,0,4.242874,10.019532,3.303965,7.90141,0.261911
1191,8.481002,0,0,7.952006,0.116298,0.010988,0.090272,0.012314,12,0,4.242874,10.019532,3.303965,7.628793,0.309028
1192,27.697346,1,18.530101,27.213548,0.11741,0.010582,0.091461,0.012232,12,0,4.218788,10.312848,3.297875,8.301828,0.262219
1193,8.034422,0,0,7.578509,0.121232,0.010166,0.087315,0.01029,12,0,4.218788,10.312848,3.297875,7.312086,0.255765
1194,25.915235,1,17.532102,25.458805,0.129014,0.019737,0.092965,0.013475,12,0,4.15918,9.710772,3.072501,7.58741,0.264571
1195,7.972365,0,0,7.557786,0.105513,0.008486,0.085726,0.009634,12,0,4.15918,9.710772,3.072501,7.28697,0.260139
1196,25.797671,1,17.772242,25.37162,0.097597,0.006066,0.081681,0.009,12,0,4.014154,10.026627,3.142356,7.260294,0.267502
1197,8.003161,0,0,7.583406,0.108866,0.009427,0.086608,0.010573,12,0,4.014154,10.026627,3.142356,7.312869,0.260042
1198,25.785644,1,17.692553,25.341562,0.097429,0.006535,0.081132,0.008689,12,0,4.170192,9.820658,3.111232,7.308704,0.268327
1199,8.042401,0,0,7.625519,0.110758,0.009188,0.089204,0.010307,12,0,4.170192,9.820658,3.111232,7.354678,0.260383
1200,25.828526,1,17.175263,25.396321,0.110763,0.008989,0.088297,0.011302,12,0,3.887413,9.643202,3.059479,7.787884,0.361815
1201,7.826447,0,0,7.423834,0.09852,0.006764,0.081706,0.009131,12,0,3.887413,9.643202,3.059479,7.151589,0.262269
1202,26.855142,1,18.296462,26.349421,0.112438,0.009798,0.088514,0.011913,12,0,4.111758,10.38098,3.195283,7.705441,0.269247
1203,7.866401,0,0,7.438877,0.109281,0.010064,0.086726,0.010582,12,0,4.111758,10.38098,3.195283,7.166671,0.261469
1204,25.46236,1,17.502824,25.043637,0.095352,0.006024,0.080112,0.008633,12,0,3.971149,9.878728,3.057855,7.206556,0.260982
1205,7.859671,0,0,7.447736,0.106392,0.00928,0.085621,0.0101,12,0,3.971149,9.878728,3.057855,7.182187,0.255434
1206,25.703878,1,17.362082,25.275578,0.099507,0.005776,0.085155,0.008031,12,0,3.982215,9.766853,3.031337,7.575455,0.266582
1207,8.184453,0,0,7.755984,0.11383,0.008923,0.09282,0.010435,12,0,3.982215,9.766853,3.031337,7.481328,0.263995
1208,25.60634,1,17.473842,25.127188,0.095203,0.006046,0.080349,0.008213,12,0,3.96015,9.653251,3.273083,7.311551,0.271722
1209,7.799862,0,0,7.384556,0.106793,0.009144,0.08537,0.010681,12,0,3.96015,9.653251,3.273083,7.11853,0.25583
1210,25.005108,1,17.111108,24.581453,0.113064,0.010357,0.088931,0.011531,12,0,3.915326,9.490149,3.125627,7.137829,0.264657
1211,8.483049,0,0,8.028498,0.113087,0.010577,0.088468,0.011445,12,0,3.915326,9.490149,3.125627,7.75481,0.261297
1212,24.998743,1,17.052707,24.561747,0.097655,0.006267,0.081531,0.009003,12,0,3.972535,9.462196,3.028853,7.162373,0.269655
1213,8.232879,0,0,7.797047,0.109946,0.009134,0.087627,0.011042,12,0,3.972535,9.462196,3.028853,7.530682,0.255346
1214,25.441352,1,17.502695,25.017723,0.095677,0.006112,0.080677,0.008238,12,0,3.942362,9.8925,3.080604,7.174549,0.264343
1215,7.87663,0,0,7.460086,0.108633,0.009641,0.086746,0.010687,12,0,3.942362,9.8925,3.080604,7.189521,0.260008
1216,26.330685,1,17.229428,25.857364,0.153954,0.007365,0.135786,0.009747,12,0,3.999745,9.57986,3.043882,8.274613,0.26126
1217,8.687702,0,0,8.21907,0.111182,0.009808,0.088251,0.011396,12,0,3.999745,9.57986,3.043882,7.943995,0.262915
1218,25.631834,1,17.108407,25.135105,0.147516,0.010324,0.121211,0.013268,12,0,3.920929,9.463242,3.132431,7.686281,0.266447
1219,8.505883,0,0,8.062689,0.108283,0.009052,0.086443,0.010952,12,0,3.920929,9.463242,3.132431,7.791576,0.25875
1220,25.203704,1,17.161108,24.785818,0.097198,0.006503,0.081208,0.008652,12,0,3.891954,9.595757,3.087361,7.298669,0.259575
1221,7.850809,0,0,7.454323,0.095695,0.006391,0.080095,0.008441,12,0,3.891954,9.595757,3.087361,7.187534,0.256787
1222,25.70472,1,17.201614,25.276704,0.107472,0.008475,0.086336,0.011117,12,0,3.955275,9.602006,3.047842,7.742699,0.261316
1223,8.976936,0,0,8.490587,0.153151,0.009539,0.12035,0.011207,12,0,3.955275,9.602006,3.047842,8.219498,0.258662
1224,25.254973,1,17.126315,24.83251,0.105711,0.006514,0.08874,0.009424,12,0,3.896537,9.556761,3.0596,7.378555,0.260855
1225,8.502618,0,0,8.040582,0.107724,0.008775,0.086085,0.010995,12,0,3.896537,9.556761,3.0596,7.765868,0.262374
1226,25.922737,1,17.747463,25.474424,0.107929,0.008854,0.086324,0.010965,12,0,4.140805,9.833204,3.173043,7.327778,0.326961
1227,8.768955,0,0,8.331155,0.114064,0.009779,0.091685,0.010866,12,0,4.140805,9.833204,3.173043,8.037649,0.282316
1228,26.083621,1,17.518684,25.640427,0.109873,0.009094,0.087225,0.011605,12,0,3.947598,9.825008,3.156404,7.783945,0.264662
1229,7.957716,0,0,7.546065,0.100289,0.006911,0.082571,0.009421,12,0,3.947598,9.825008,3.156404,7.250432,0.2852
1230,26.475945,1,17.617225,26.008077,0.114739,0.010398,0.089174,0.012894,12,0,4.088686,9.838287,3.102529,8.056116,0.2596
1231,8.272625,0,0,7.855118,0.100171,0.007339,0.082805,0.009017,12,0,4.088686,9.838287,3.102529,7.582778,0.262267
1232,26.442931,1,17.47515,25.84344,0.109144,0.009075,0.087051,0.011559,12,0,4.003732,9.571707,3.049366,7.871876,0.412977
1233,7.894236,0,0,7.471543,0.102918,0.007925,0.08347,0.009927,12,0,4.003732,9.571707,3.049366,7.205511,0.25576
1234,27.035783,1,18.598904,26.583244,0.116332,0.01104,0.089976,0.013094,12,0,4.370056,10.285762,3.336553,7.588514,0.315005
1235,7.826691,0,0,7.402572,0.10718,0.009299,0.085906,0.010345,12,0,4.370056,10.285762,3.336553,7.13511,0.256899
1236,25.838739,1,17.945651,25.418782,0.096124,0.006248,0.080779,0.008412,12,0,3.973381,10.090265,3.283704,7.138977,0.261966
1237,7.98133,0,0,7.56709,0.108524,0.009584,0.086384,0.010884,12,0,3.973381,10.090265,3.283704,7.29913,0.25699
1238,25.575813,1,17.668276,25.15781,0.094799,0.006222,0.079577,0.00831,12,0,4.296385,9.622107,3.161993,7.156682,0.263038
1239,7.901636,0,0,7.485659,0.106161,0.008689,0.086155,0.009976,12,0,4.296385,9.622107,3.161993,7.21713,0.258151
1240,25.853739,1,17.329875,25.419579,0.110027,0.011517,0.08574,0.011393,12,0,3.925541,9.676308,3.136852,7.75744,0.2612
1241,7.779029,0,0,7.378742,0.097278,0.006368,0.080969,0.009188,12,0,3.925541,9.676308,3.136852,7.111027,0.257821
1242,25.845529,1,17.826552,25.398174,0.111414,0.009665,0.088387,0.011287,12,0,3.925348,9.984126,3.297015,7.236292,0.262375
1243,7.93077,0,0,7.507095,0.108383,0.00957,0.087121,0.010159,12,0,3.925348,9.984126,3.297015,7.237927,0.258558
1244,25.956245,1,17.967282,25.528902,0.096306,0.00617,0.080736,0.008702,12,0,4.250679,9.901005,3.216518,7.229815,0.26141
1245,7.90384,0,0,7.486784,0.10672,0.00891,0.086039,0.010285,12,0,4.250679,9.901005,3.216518,7.21957,0.256725
1246,25.739869,1,17.851127,25.3137,0.099238,0.005926,0.084727,0.007985,12,0,3.980787,10.221402,3.044015,7.129113,0.262697
1247,7.932479,0,0,7.518472,0.107056,0.009136,0.086438,0.010082,12,0,3.980787,10.221402,3.044015,7.251583,0.256318
1248,27.231527,1,18.985651,26.791764,0.101558,0.006793,0.084403,0.009582,12,0,4.196192,10.592323,3.567958,7.463152,0.266249
1249,8.627023,0,0,8.103186,0.140443,0.014319,0.105252,0.01786,12,0,4.196192,10.592323,3.567958,7.787388,0.299858
1250,25.607879,1,17.463762,25.139263,0.113278,0.010429,0.088795,0.011846,12,0,3.990149,9.689059,3.155999,7.339922,0.264762
1251,8.151341,0,0,7.680096,0.110403,0.009606,0.087648,0.011516,12,0,3.990149,9.689059,3.155999,7.410628,0.258177
1252,25.457716,1,17.414329,24.99109,0.094893,0.006053,0.079813,0.008417,12,0,3.938148,9.76922,3.084531,7.183833,0.30417
1253,8.452447,0,0,8.016547,0.11268,0.010525,0.088612,0.011537,12,0,3.938148,9.76922,3.084531,7.747842,0.257249
1254,26.568742,1,18.403846,26.081634,0.096477,0.006222,0.080889,0.00856,12,0,4.064625,10.112866,3.580811,7.324809,0.276257
1255,8.01851,0,0,7.54843,0.148189,0.010865,0.113676,0.021069,12,0,4.064625,10.112866,3.580811,7.279485,0.257487
1256,30.248853,1,19.915726,29.681616,0.213562,0.016203,0.173,0.020616,12,0,4.467531,11.181865,3.630788,9.406668,0.264101
1257,8.302112,0,0,7.812138,0.114516,0.011021,0.089559,0.011947,12,0,4.467531,11.181865,3.630788,7.541756,0.258701
1258,28.466797,1,19.395704,27.960225,0.113852,0.010712,0.088076,0.012485,12,0,4.610932,10.767451,3.341711,8.214287,0.267271
1259,8.443169,0,0,7.987238,0.118678,0.01159,0.091432,0.013026,12,0,4.610932,10.767451,3.341711,7.67958,0.29609
1260,27.735031,1,18.777927,27.235476,0.118933,0.011202,0.09215,0.012815,12,0,4.234914,10.469659,3.473818,8.102458,0.266442
1261,9.321777,0,0,8.818255,0.119469,0.010839,0.092583,0.012807,12,0,4.234914,10.469659,3.473818,8.521054,0.283618
1262,26.77802,1,18.295539,26.32206,0.108712,0.008765,0.086681,0.011291,12,0,4.094537,10.350459,3.2518,7.661251,0.289634
1263,8.027242,0,0,7.604215,0.110456,0.009882,0.087935,0.010658,12,0,4.094537,10.350459,3.2518,7.32931,0.26405
1264,26.073087,1,18.019466,25.622595,0.117148,0.006567,0.101303,0.008397,12,0,4.079325,10.205104,3.149079,7.263097,0.264281
1265,8.021996,0,0,7.597206,0.112081,0.00907,0.090576,0.010686,12,0,4.079325,10.205104,3.149079,7.327148,0.259034
1266,25.83999,1,17.893114,25.386804,0.113541,0.009904,0.08918,0.012146,12,0,4.175719,9.989241,3.060918,7.157136,0.263122
1267,7.946588,0,0,7.525893,0.108498,0.008962,0.087228,0.010238,12,0,4.175719,9.989241,3.060918,7.256598,0.258359
1268,26.903308,1,17.928359,26.452559,0.097703,0.006468,0.081504,0.008835,12,0,4.118178,10.061595,3.143589,8.177881,0.274168
1269,7.831484,0,0,7.411817,0.109249,0.008464,0.089062,0.010169,12,0,4.118178,10.061595,3.143589,7.143735,0.257513
1270,25.781973,1,17.773448,25.354292,0.099696,0.008967,0.081109,0.008788,12,0,3.984658,10.108912,3.062281,7.240709,0.267882
1271,7.986718,0,0,7.569508,0.107989,0.009138,0.087421,0.00991,12,0,3.984658,10.108912,3.062281,7.296544,0.262404
1272,25.894125,1,17.846121,25.451146,0.117179,0.006172,0.101177,0.008904,12,0,3.934829,9.970629,3.358252,7.266536,0.267976
1273,7.946218,0,0,7.529016,0.108235,0.009265,0.086489,0.010682,12,0,3.934829,9.970629,3.358252,7.25672,0.261684
1274,25.164793,1,17.199655,24.723308,0.12931,0.010162,0.100915,0.016095,12,0,3.926865,9.591464,3.086714,7.195032,0.260916
1275,9.564293,0,0,9.062766,0.149359,0.014725,0.105128,0.027062,12,0,3.926865,9.591464,3.086714,8.752847,0.292444
1276,26.237748,1,17.916475,25.6715,0.103424,0.006953,0.085093,0.009903,12,0,4.00202,10.059002,3.228228,7.365428,0.308114
1277,8.967082,0,0,8.444214,0.162293,0.011308,0.136046,0.012486,12,0,4.00202,10.059002,3.228228,8.17017,0.261334
1278,26.970527,1,18.645366,26.524974,0.100226,0.006371,0.0837,0.009199,12,0,4.37332,10.470935,3.192961,7.496295,0.266862
1279,8.516383,0,0,8.044566,0.114081,0.01014,0.089202,0.012379,12,0,4.37332,10.470935,3.192961,7.773144,0.259658
1280,26.32155,1,17.850505,25.752341,0.097418,0.006316,0.081816,0.008478,12,0,4.028923,9.998204,3.211609,7.440621,0.377592
1281,8.13166,0,0,7.71573,0.108929,0.009442,0.08722,0.010523,12,0,4.028923,9.998204,3.211609,7.446475,0.258572
1282,25.63708,1,17.419832,25.165151,0.111865,0.010081,0.088092,0.011503,12,0,3.916029,9.628619,3.269772,7.366381,0.307795
1283,8.403313,0,0,7.891597,0.18026,0.01034,0.148174,0.018651,12,0,3.916029,9.628619,3.269772,7.62129,0.2592
1284,25.13877,1,17.226955,24.727018,0.095087,0.005935,0.07972,0.008663,12,0,3.887179,9.726629,3.034656,7.174922,0.259507
1285,8.823474,0,0,8.374172,0.112051,0.009717,0.088884,0.011272,12,0,3.887179,9.726629,3.034656,7.973448,0.388236
1286,25.354417,1,17.145283,24.82558,0.098021,0.006482,0.081611,0.009007,12,0,4.027094,9.497315,3.036383,7.299675,0.314151
1287,8.491853,0,0,8.042169,0.107779,0.008672,0.086903,0.010331,12,0,4.027094,9.497315,3.036383,7.772235,0.258592
1288,25.84758,1,17.710531,25.307937,0.097773,0.006417,0.08213,0.008429,12,0,3.923417,9.854474,3.285494,7.255643,0.264019
1289,7.985537,0,0,7.57089,0.107128,0.008747,0.086434,0.010346,12,0,3.923417,9.854474,3.285494,7.303752,0.256376
1290,26.219966,1,17.331486,25.653107,0.244175,0.137641,0.091173,0.012662,12,0,3.934164,9.656987,3.147637,7.973804,0.26533
1291,7.844084,0,0,7.408835,0.098485,0.00675,0.081402,0.009163,12,0,3.934164,9.656987,3.147637,7.141103,0.257853
1292,26.26886,1,17.567894,25.819704,0.106989,0.008577,0.086645,0.010174,12,0,4.020044,9.816215,3.150304,7.917576,0.263348
1293,8.742574,0,0,8.295353,0.113109,0.009915,0.089102,0.011704,12,0,4.020044,9.816215,3.150304,8.02084,0.262012
1294,25.068579,1,17.087929,24.658961,0.097375,0.006294,0.081802,0.008462,12,0,3.905977,9.573492,3.025389,7.237281,0.266611
1295,7.883703,0,0,7.485869,0.097181,0.006226,0.081722,0.008571,12,0,3.905977,9.573492,3.025389,7.216736,0.259457
1296,25.819123,1,17.22356,25.3856,0.111145,0.008651,0.090694,0.010504,12,0,3.918682,9.685177,3.035452,7.828929,0.26269
1297,7.989199,0,0,7.571109,0.105757,0.007419,0.086426,0.01074,12,0,3.918682,9.685177,3.035452,7.291812,0.259737
1298,25.739513,1,17.288033,25.298957,0.120486,0.010624,0.0955,0.012114,12,0,4.008901,9.60614,3.08622,7.672713,0.264065
1299,7.893964,0,0,7.436758,0.098205,0.006461,0.082031,0.008911,12,0,4.008901,9.60614,3.08622,7.169643,0.257383
1300,25.779688,1,17.783631,25.343089,0.095718,0.005982,0.080458,0.008639,12,0,4.137261,9.980955,3.076126,7.226306,0.263834
1301,7.94399,0,0,7.506744,0.130934,0.011801,0.107549,0.010122,12,0,4.137261,9.980955,3.076126,7.236842,0.258923
1302,31.684452,1,23.318614,31.20812,0.132956,0.007111,0.115438,0.009335,12,0,5.274431,12.775586,4.407818,7.356686,0.427286
1303,8.402515,0,0,7.827077,0.151352,0.010981,0.101169,0.03677,12,0,5.274431,12.775586,4.407818,7.448826,0.357559
1304,27.049453,1,18.015462,26.572911,0.111072,0.009514,0.087901,0.011316,12,0,4.230304,10.112348,3.060082,8.22213,0.261737
1305,8.510954,0,0,8.07433,0.112051,0.010221,0.08853,0.011417,12,0,4.230304,10.112348,3.060082,7.793066,0.269464
1306,25.758114,1,17.648986,25.305588,0.136331,0.011178,0.110469,0.012421,12,0,3.957061,10.067552,3.041698,7.312386,0.261199
1307,8.53842,0,0,8.106085,0.110846,0.009846,0.088016,0.011129,12,0,3.957061,10.067552,3.041698,7.836041,0.257967
1308,26.755683,1,18.01669,26.247406,0.106097,0.008271,0.085165,0.010779,12,0,4.211523,9.850141,3.366911,7.560623,0.595253
1309,8.076965,0,0,7.62041,0.111001,0.01006,0.087966,0.011283,12,0,4.211523,9.850141,3.366911,7.350671,0.258738
1310,26.498255,1,18.134199,26.071395,0.102645,0.007773,0.083534,0.010028,12,0,4.176063,10.15542,3.212092,7.598896,0.266064
1311,8.290285,0,0,7.879574,0.108491,0.01001,0.086116,0.010755,12,0,4.176063,10.15542,3.212092,7.610761,0.258162
1312,25.989977,1,17.250621,25.440086,0.107853,0.008668,0.086702,0.010726,12,0,3.882139,9.559738,3.179234,7.824314,0.292153
1313,8.068824,0,0,7.613623,0.10856,0.009427,0.087131,0.010477,12,0,3.882139,9.559738,3.179234,7.314964,0.287946
1314,26.477291,1,17.781028,26.022051,0.13398,0.010446,0.108589,0.012329,12,0,4.114809,10.002286,3.06708,7.904185,0.261818
1315,7.875747,0,0,7.415489,0.118599,0.009559,0.086676,0.020771,12,0,4.114809,10.002286,3.06708,7.139474,0.265313
1316,29.284356,1,20.444532,28.658095,0.10743,0.008539,0.086895,0.010395,12,0,4.344498,11.446122,3.832337,7.754856,0.368138
1317,11.672794,0,0,11.156953,0.159755,0.012706,0.120418,0.013323,12,0,4.344498,11.446122,3.832337,10.867161,0.277102
1318,28.760903,1,19.911151,28.238796,0.195347,0.026978,0.142933,0.021606,12,0,4.354898,11.493104,3.341486,7.896183,0.289836
1319,8.106987,0,0,7.696084,0.110039,0.009792,0.087574,0.010873,12,0,4.354898,11.493104,3.341486,7.427839,0.257584
1320,26.852396,1,18.002319,26.427444,0.107242,0.008825,0.086045,0.010733,12,0,3.944309,10.282615,3.184493,8.083964,0.262758
1321,8.567674,0,0,8.128072,0.111992,0.009642,0.088626,0.011367,12,0,3.944309,10.282615,3.184493,7.857758,0.258402
1322,26.997667,1,18.191468,26.557412,0.114535,0.010823,0.089116,0.012045,12,0,4.042047,10.309846,3.214509,8.018827,0.261793
1323,8.412701,0,0,7.944044,0.113726,0.010879,0.088561,0.011625,12,0,4.042047,10.309846,3.214509,7.650406,0.282438
1324,29.947353,1,20.980445,29.308728,0.117847,0.010693,0.092297,0.012179,12,0,4.712715,12.228923,3.281551,7.846972,0.374212
1325,9.028615,0,0,8.441185,0.228242,0.022135,0.173155,0.028893,12,0,4.712715,12.228923,3.281551,8.119916,0.30774
1326,28.263303,1,19.312622,27.783128,0.127467,0.010898,0.101397,0.012235,12,0,4.26955,10.958191,3.262619,8.099341,0.276607
1327,8.877979,0,0,8.316557,0.116231,0.011458,0.090021,0.01225,12,0,4.26955,10.958191,3.262619,8.000852,0.30249
1328,29.631761,1,19.812414,29.133219,0.112848,0.0105,0.088711,0.011629,12,0,4.495108,10.85897,3.819638,8.972349,0.269429
1329,9.484627,0,0,8.912051,0.151954,0.011376,0.126449,0.011828,12,0,4.495108,10.85897,3.819638,8.631447,0.267094
1330,28.490714,1,18.924421,28.016404,0.114129,0.010804,0.088636,0.012316,12,0,4.3184,10.771725,3.214626,8.753272,0.261449
1331,8.658075,0,0,8.220322,0.1138,0.010477,0.088945,0.012095,12,0,4.3184,10.771725,3.214626,7.951296,0.256563
1332,25.991186,1,17.758416,25.559239,0.103405,0.006525,0.087038,0.008775,12,0,3.897492,9.808456,3.395915,7.347488,0.365604
1333,8.810382,0,0,8.352482,0.113441,0.010306,0.088977,0.011799,12,0,3.897492,9.808456,3.395915,8.082162,0.258067
1334,26.694109,1,17.980607,26.264454,0.106484,0.008468,0.085437,0.010805,12,0,4.256721,10.050467,3.089303,7.944496,0.262388
1335,8.024773,0,0,7.615048,0.109918,0.009432,0.088719,0.01002,12,0,4.256721,10.050467,3.089303,7.348308,0.25629
1336,26.461383,1,18.0761,25.955433,0.181895,0.009436,0.154026,0.016734,12,0,4.118161,9.958138,3.400108,7.538453,0.261838
1337,8.757128,0,0,8.256399,0.129256,0.010478,0.104684,0.012019,12,0,4.118161,9.958138,3.400108,7.979736,0.264556
1338,25.860292,1,17.752781,25.421373,0.112811,0.010191,0.088716,0.011891,12,0,3.91993,9.804172,3.430944,7.332851,0.263066
1339,8.80415,0,0,8.32244,0.111412,0.009131,0.089386,0.010886,12,0,3.91993,9.804172,3.430944,8.052936,0.258024
1340,26.975798,1,17.95293,26.53654,0.116397,0.009344,0.093211,0.011378,12,0,4.148329,10.076646,3.141566,8.246456,0.262472
1341,8.056572,0,0,7.646569,0.10812,0.00932,0.086898,0.010231,12,0,4.148329,10.076646,3.141566,7.378441,0.257616
1342,25.830048,1,17.628079,25.335528,0.176814,0.00985,0.149195,0.016177,12,0,4.047142,9.97107,3.023101,7.368305,0.261156
1343,8.727503,0,0,8.297325,0.110198,0.009379,0.087581,0.011179,12,0,4.047142,9.97107,3.023101,8.024385,0.261062
1344,26.568927,1,18.555345,26.151643,0.096385,0.00598,0.08084,0.008815,12,0,4.147805,10.499542,3.276337,7.262889,0.262191
1345,7.99132,0,0,7.574629,0.109051,0.009428,0.087006,0.010913,12,0,4.147805,10.499542,3.276337,7.307094,0.257124
1346,25.571453,1,17.328141,25.129559,0.112271,0.010043,0.088478,0.011626,12,0,3.934976,9.40927,3.147431,7.369074,0.334519
1347,8.437234,0,0,7.973697,0.115885,0.010204,0.091622,0.012161,12,0,3.934976,9.40927,3.147431,7.692061,0.270036
1348,25.310838,1,17.267661,24.879412,0.114565,0.007379,0.095729,0.010395,12,0,3.996952,9.671847,3.015691,7.279996,0.259159
1349,8.128358,0,0,7.687568,0.120841,0.010223,0.097105,0.011383,12,0,3.996952,9.671847,3.015691,7.417939,0.257179
1350,30.526924,1,18.349813,30.074238,0.118238,0.011055,0.091072,0.012506,12,0,3.962687,10.24458,3.271545,11.368292,0.267043
1351,8.024225,0,0,7.612523,0.108045,0.009435,0.086132,0.0107,12,0,3.962687,10.24458,3.271545,7.340519,0.261488
1352,25.927599,1,17.997794,25.50987,0.092672,0.005778,0.078489,0.007772,12,0,4.017953,10.274858,3.115883,7.174295,0.268257
1353,8.05876,0,0,7.645013,0.109403,0.009264,0.087308,0.010822,12,0,4.017953,10.274858,3.115883,7.368798,0.265821
1354,25.792537,1,17.139628,25.361221,0.114095,0.010301,0.089135,0.012371,12,0,3.949732,9.560714,3.046565,7.895438,0.258333
1355,8.712151,0,0,8.275446,0.110474,0.010082,0.087188,0.010966,12,0,3.949732,9.560714,3.046565,8.002805,0.259758
1356,25.075767,1,17.063715,24.675434,0.095607,0.005982,0.080423,0.008501,12,0,3.950649,9.481413,3.052107,7.286039,0.261284
1357,8.610186,0,0,8.177526,0.109098,0.0091,0.087011,0.010959,12,0,3.950649,9.481413,3.052107,7.91081,0.255245
1358,25.419715,1,17.162464,25.001334,0.098145,0.006355,0.081463,0.009277,12,0,3.901915,9.678477,3.004906,7.511684,0.257056
1359,8.173894,0,0,7.652088,0.141123,0.009089,0.118446,0.011631,12,0,3.901915,9.678477,3.004906,7.343187,0.287149
1360,25.838295,1,17.256802,25.388982,0.107397,0.008869,0.085876,0.010643,12,0,3.928676,9.629795,3.120356,7.802064,0.260121
1361,8.673636,0,0,8.234824,0.11149,0.00955,0.088121,0.011471,12,0,3.928676,9.629795,3.120356,7.960096,0.262737
1362,25.951358,1,17.162245,25.506625,0.11939,0.010341,0.094656,0.011922,12,0,4.017275,9.534954,3.030513,8.014958,0.25995
1363,7.890079,0,0,7.485839,0.102874,0.006209,0.08654,0.009322,12,0,4.017275,9.534954,3.030513,7.21899,0.256942
1364,25.885701,1,17.319873,25.454709,0.112927,0.00755,0.093841,0.010072,12,0,3.904859,9.792024,3.044578,7.803509,0.261446
1365,8.344384,0,0,7.934608,0.103889,0.008004,0.084566,0.009864,12,0,3.904859,9.792024,3.044578,7.666761,0.257525
1366,25.711406,1,17.084968,25.288753,0.102287,0.007952,0.083465,0.009512,12,0,3.986617,9.488977,3.022936,7.876225,0.259691
1367,8.490942,0,0,7.966216,0.189169,0.011812,0.158075,0.016651,12,0,3.986617,9.488977,3.022936,7.574868,0.376835
1368,25.553767,1,17.535744,25.132787,0.097878,0.006567,0.081347,0.009131,12,0,4.134611,9.807183,3.008277,7.272807,0.259656
1369,7.895532,0,0,7.498918,0.096522,0.006184,0.080888,0.008564,12,0,4.134611,9.807183,3.008277,7.232178,0.257004
1370,25.773996,1,17.801372,25.339768,0.113286,0.010228,0.089124,0.011805,12,0,4.133603,9.903531,3.177972,7.207752,0.260849
1371,7.98165,0,0,7.572232,0.107585,0.008846,0.08667,0.010385,12,0,4.133603,9.903531,3.177972,7.305593,0.256349
1372,25.782621,1,17.283403,25.341695,0.120773,0.007646,0.092957,0.018981,12,0,3.940212,9.736534,3.015127,7.728328,0.259236
1373,7.922621,0,0,7.520091,0.102221,0.007987,0.083587,0.009445,12,0,3.940212,9.736534,3.015127,7.25497,0.254911
1374,25.751747,1,17.736982,25.3372,0.093591,0.005734,0.07898,0.008185,12,0,4.090685,9.940358,3.110333,7.266596,0.264974
1375,7.984939,0,0,7.577026,0.10691,0.009477,0.085476,0.010212,12,0,4.090685,9.940358,3.110333,7.305299,0.261217
1376,25.5535,1,17.600314,25.139071,0.094037,0.00578,0.079206,0.008432,12,0,4.131834,9.888626,2.992287,7.209664,0.260503
1377,7.936044,0,0,7.525662,0.107254,0.00909,0.086304,0.010209,12,0,4.131834,9.888626,2.992287,7.25954,0.255855
1378,26.377228,1,18.191209,25.944344,0.112788,0.010367,0.088303,0.012118,12,0,4.371392,10.193928,3.045571,7.414816,0.261321
1379,8.125346,0,0,7.713097,0.10866,0.009566,0.086385,0.010782,12,0,4.371392,10.193928,3.045571,7.446008,0.256288
1380,25.692638,1,17.605373,25.282239,0.093544,0.005609,0.079174,0.008022,12,0,3.857578,9.757566,3.411938,7.341837,0.264792
1381,8.011299,0,0,7.604982,0.105811,0.008854,0.085512,0.009816,12,0,3.857578,9.757566,3.411938,7.336062,0.258219
1382,25.930975,1,17.898532,25.519303,0.093956,0.005662,0.079073,0.008484,12,0,4.329946,9.94113,3.028579,7.285809,0.263515
1383,7.927654,0,0,7.500311,0.127271,0.009198,0.106108,0.010056,12,0,4.329946,9.94113,3.028579,7.229305,0.260787
1384,25.720888,1,17.657122,25.288355,0.093745,0.00586,0.079022,0.008127,12,0,4.113163,9.927248,3.003871,7.302326,0.261161
1385,8.083683,0,0,7.669847,0.107135,0.00881,0.08614,0.010503,12,0,4.113163,9.927248,3.003871,7.404245,0.25531
1386,26.464652,1,18.245203,26.02884,0.112348,0.010301,0.088706,0.011205,12,0,4.414792,10.142461,3.085746,7.446796,0.261847
1387,8.511144,0,0,8.020219,0.129897,0.01132,0.103122,0.012419,12,0,4.414792,10.142461,3.085746,7.721801,0.284089
1388,26.339658,1,17.690381,25.871476,0.123101,0.01016,0.098291,0.012072,12,0,3.963874,9.991612,3.11443,7.848671,0.259623
1389,8.933183,0,0,8.46971,0.136822,0.009707,0.113412,0.01123,12,0,3.963874,9.991612,3.11443,8.17834,0.27935
1390,26.199777,1,17.846793,25.785597,0.0958,0.006012,0.079931,0.009028,12,0,4.097973,10.078888,3.084925,7.608259,0.261293
1391,8.123331,0,0,7.709453,0.107174,0.009512,0.08605,0.009961,12,0,4.097973,10.078888,3.084925,7.442595,0.256259
1392,25.849637,1,17.84582,25.441099,0.094776,0.005879,0.080012,0.008132,12,0,3.842015,10.027802,3.397687,7.265927,0.2608
1393,8.024136,0,0,7.616569,0.106016,0.008734,0.085299,0.010245,12,0,3.842015,10.027802,3.397687,7.34988,0.256401
1394,30.242919,1,20.635684,29.498473,0.212298,0.017192,0.169141,0.021202,12,0,4.591589,11.676246,3.58454,8.357224,0.394115
1395,11.0226,0,0,10.543833,0.115454,0.01104,0.089572,0.012038,12,0,4.591589,11.676246,3.58454,10.273194,0.257689
1396,31.21855,1,22.953214,30.73976,0.099824,0.006572,0.082197,0.010004,12,0,4.990746,13.771013,3.548315,7.448821,0.262092
1397,8.144793,0,0,7.72784,0.112585,0.010879,0.087569,0.011938,12,0,4.990746,13.771013,3.548315,7.454543,0.26257
1398,32.285924,1,22.975522,31.821287,0.127288,0.010826,0.100794,0.013468,12,0,4.879648,13.331782,3.967334,8.326245,0.408891
1399,8.370317,0,0,7.923084,0.116991,0.011609,0.090182,0.012355,12,0,4.879648,13.331782,3.967334,7.650848,0.259474
1400,28.091571,1,17.900612,27.588067,0.126127,0.011454,0.099173,0.012733,12,0,4.106224,9.901796,3.277442,9.325156,0.261992
1401,10.927813,0,0,10.225967,0.233418,0.015005,0.194399,0.020245,12,0,4.106224,9.901796,3.277442,9.772134,0.436371
1402,25.941626,1,17.73426,25.506555,0.11412,0.010253,0.089113,0.012571,12,0,3.858701,9.779081,3.510871,7.441254,0.260313
1403,8.062929,0,0,7.652307,0.106522,0.009145,0.085801,0.009878,12,0,3.858701,9.779081,3.510871,7.38553,0.256289
1404,26.187597,1,17.498487,25.712252,0.159166,0.009059,0.13373,0.0152,12,0,3.987597,9.91417,3.014933,7.872511,0.263698
1405,8.081487,0,0,7.673291,0.106942,0.010878,0.084284,0.010198,12,0,3.987597,9.91417,3.014933,7.405818,0.257099
1406,26.320104,1,17.482345,25.899555,0.102779,0.008273,0.083139,0.010017,12,0,3.892244,9.796078,3.196612,8.087882,0.25972
1407,7.931534,0,0,7.528916,0.101718,0.007867,0.083539,0.009063,12,0,3.892244,9.796078,3.196612,7.262575,0.256193
1408,26.010086,1,17.839224,25.592503,0.095712,0.005967,0.080651,0.008379,12,0,4.188293,10.035931,3.022566,7.365592,0.31938
1409,8.780996,0,0,8.360958,0.109379,0.008805,0.088816,0.010304,12,0,4.188293,10.035931,3.022566,8.087144,0.263219
1410,26.408202,1,17.405921,25.972108,0.115567,0.010099,0.090851,0.012036,12,0,4.089314,9.699839,3.021602,8.231672,0.261936
1411,7.97515,0,0,7.568162,0.105496,0.009104,0.085051,0.009692,12,0,4.089314,9.699839,3.021602,7.297773,0.259999
1412,25.236208,1,17.238203,24.827795,0.09427,0.005705,0.079753,0.008183,12,0,3.87377,9.616885,3.165294,7.263902,0.258723
1413,8.060849,0,0,7.652441,0.106557,0.008266,0.086267,0.010579,12,0,3.87377,9.616885,3.165294,7.385808,0.256118
1414,26.297602,1,17.843491,25.882042,0.096482,0.005991,0.081546,0.008251,12,0,4.053283,9.996874,3.206903,7.708208,0.260383
1415,7.944171,0,0,7.515467,0.12551,0.018875,0.095204,0.009888,12,0,4.053283,9.996874,3.206903,7.249888,0.255343
1416,27.266292,1,18.637698,26.814166,0.098403,0.006151,0.082722,0.008759,12,0,4.249813,10.651521,3.160884,7.845414,0.260929
1417,7.925849,0,0,7.514028,0.107878,0.009177,0.087109,0.010177,12,0,4.249813,10.651521,3.160884,7.248847,0.254781
1418,25.647403,1,17.576207,25.198985,0.113334,0.010068,0.088949,0.012063,12,0,4.082567,9.837718,3.075019,7.294159,0.258568
1419,8.101591,0,0,7.69024,0.107125,0.008863,0.085839,0.010493,12,0,4.082567,9.837718,3.075019,7.421387,0.258327
1420,25.714256,1,17.69755,25.302592,0.094118,0.005778,0.07947,0.008145,12,0,4.186242,9.764451,3.097157,7.275141,0.260048
1421,7.921673,0,0,7.51763,0.105026,0.008678,0.085075,0.009599,12,0,4.186242,9.764451,3.097157,7.249354,0.25803
1422,25.65746,1,17.581946,25.250586,0.093784,0.005632,0.079304,0.008117,12,0,3.866041,9.919164,3.207655,7.334326,0.266027
1423,8.081005,0,0,7.666781,0.110082,0.008877,0.088219,0.011139,12,0,3.866041,9.919164,3.207655,7.398819,0.257096
1424,25.740829,1,17.733303,25.296076,0.128021,0.005816,0.103268,0.018323,12,0,3.967714,10.101657,3.087198,7.218119,0.264446
1425,8.060518,0,0,7.65277,0.106741,0.009171,0.086047,0.009778,12,0,3.967714,10.101657,3.087198,7.377845,0.264557
1426,27.007057,1,18.920971,26.576544,0.113343,0.009961,0.088403,0.012672,12,0,4.09599,10.662455,3.557137,7.326004,0.258924
1427,8.939791,0,0,8.455555,0.136106,0.01073,0.101774,0.021017,12,0,4.09599,10.662455,3.557137,8.163307,0.279342
1428,25.553688,1,17.284649,25.080262,0.094584,0.005912,0.079401,0.008518,12,0,3.852605,9.543758,3.070781,7.304288,0.39217
1429,8.228949,0,0,7.792652,0.108695,0.008901,0.08697,0.011104,12,0,3.852605,9.543758,3.070781,7.426376,0.355201
1430,25.509803,1,17.556885,25.099056,0.095656,0.005965,0.080708,0.008204,12,0,4.137946,9.815549,3.01886,7.215453,0.2591
1431,8.28604,0,0,7.870686,0.108179,0.009028,0.086507,0.010924,12,0,4.137946,9.815549,3.01886,7.598231,0.261615
1432,25.052282,1,17.064479,24.65651,0.093745,0.005604,0.079066,0.0084,12,0,3.859522,9.607032,3.018594,7.264967,0.261843
1433,8.695001,0,0,8.261957,0.109604,0.009394,0.086943,0.010884,12,0,3.859522,9.607032,3.018594,7.993376,0.256274
1434,25.447401,1,17.069959,24.995765,0.116804,0.010111,0.091885,0.012153,12,0,3.89762,9.524857,3.062693,7.596629,0.261935
1435,8.679155,0,0,8.25207,0.107289,0.008546,0.085706,0.011279,12,0,3.89762,9.524857,3.062693,7.978151,0.262814
1436,25.064687,1,16.973102,24.665581,0.096566,0.006407,0.080589,0.008706,12,0,3.879211,9.460602,3.050935,7.360447,0.26609
1437,7.931672,0,0,7.538709,0.096384,0.006045,0.080303,0.009045,12,0,3.879211,9.460602,3.050935,7.267713,0.261216
1438,25.908525,1,17.118593,25.48437,0.107301,0.008621,0.086352,0.010627,12,0,3.945261,9.55006,3.042468,8.033149,0.262587
1439,8.738134,0,0,8.309498,0.10882,0.008919,0.087136,0.010785,12,0,3.945261,9.55006,3.042468,8.039449,0.258708
1440,25.216804,1,17.02901,24.812131,0.097254,0.006498,0.080657,0.009285,12,0,3.869936,9.524851,3.055946,7.454072,0.263317
1441,8.679292,0,0,8.24552,0.110874,0.009199,0.088147,0.011608,12,0,3.869936,9.524851,3.055946,7.975018,0.258491
1442,25.774046,1,17.765393,25.345929,0.109609,0.009514,0.08653,0.01166,12,0,4.018419,10.039027,3.106217,7.248272,0.260611
1443,7.970983,0,0,7.564067,0.106773,0.008868,0.085677,0.010685,12,0,4.018419,10.039027,3.106217,7.298672,0.255117
1444,26.018181,1,17.244733,25.600638,0.103364,0.007825,0.08395,0.00991,12,0,3.924861,9.648509,3.03918,8.025919,0.25979
1445,7.88712,0,0,7.489288,0.099,0.006732,0.081753,0.009711,12,0,3.924861,9.648509,3.03918,7.221776,0.257774
1446,26.070169,1,17.236796,25.648479,0.105925,0.008527,0.085232,0.010487,12,0,3.977745,9.643051,3.012058,8.082999,0.260089
1447,7.974362,0,0,7.573754,0.100537,0.007419,0.08232,0.009754,12,0,3.977745,9.643051,3.012058,7.306887,0.257027
1448,25.879573,1,17.817268,25.461063,0.100393,0.005771,0.085472,0.008451,12,0,3.865404,9.98081,3.380551,7.310188,0.262479
1449,7.986843,0,0,7.577528,0.10826,0.009722,0.085813,0.010889,12,0,3.865404,9.98081,3.380551,7.307984,0.259173
1450,25.848803,1,17.769026,25.416658,0.11235,0.010312,0.088168,0.011672,12,0,4.198147,9.889969,3.081604,7.313541,0.261919
1451,7.969178,0,0,7.55935,0.108213,0.009033,0.086438,0.01091,12,0,4.198147,9.889969,3.081604,7.289939,0.259003
1452,26.010932,1,17.878553,25.598631,0.098656,0.005649,0.084182,0.008175,12,0,3.92256,10.225259,3.102595,7.302578,0.290662
1453,7.917688,0,0,7.513537,0.105635,0.008771,0.08474,0.01042,12,0,3.92256,10.225259,3.102595,7.244688,0.258402
1454,25.869794,1,17.829699,25.460715,0.093573,0.005654,0.078935,0.00828,12,0,3.898725,9.909161,3.432607,7.297234,0.261425
1455,7.988699,0,0,7.579176,0.109704,0.008572,0.088569,0.010789,12,0,3.898725,9.909161,3.432607,7.312341,0.256547
1456,25.914135,1,17.840761,25.457407,0.138911,0.005988,0.110635,0.021626,12,0,4.140538,10.060966,3.061463,7.280125,0.266376
1457,7.980255,0,0,7.572287,0.10775,0.00895,0.086167,0.011039,12,0,4.140538,10.060966,3.061463,7.300162,0.261836
1458,28.837767,1,20.018559,28.254951,0.127677,0.011685,0.100122,0.01279,12,0,4.517537,11.149758,3.694483,7.710369,0.433419
1459,8.217361,0,0,7.764753,0.128773,0.010183,0.105101,0.011572,12,0,4.517537,11.149758,3.694483,7.494915,0.259045
1460,26.451974,1,17.789021,26.026435,0.1031,0.007123,0.084233,0.010405,12,0,4.02753,10.040676,3.142521,7.900967,0.26251
1461,8.01169,0,0,7.60156,0.105932,0.008491,0.085583,0.01023,12,0,4.02753,10.040676,3.142521,7.333705,0.257528
1462,25.662317,1,17.627928,25.248115,0.100594,0.005598,0.086427,0.007911,12,0,3.945167,9.942733,3.158132,7.289312,0.262327
1463,8.009505,0,0,7.603233,0.106176,0.008411,0.085702,0.010561,12,0,3.945167,9.942733,3.158132,7.333663,0.259017
1464,26.357539,1,18.244676,25.915979,0.093884,0.005523,0.079153,0.008562,12,0,4.247668,10.31035,3.10544,7.33484,0.264142
1465,8.625725,0,0,8.163215,0.118296,0.010932,0.090892,0.013347,12,0,4.247668,10.31035,3.10544,7.889978,0.259436
1466,27.481862,1,18.829204,27.039954,0.116754,0.011339,0.090332,0.012213,12,0,4.480487,10.417917,3.252783,7.864702,0.265554
1467,8.864201,0,0,8.318504,0.193346,0.011772,0.154971,0.022393,12,0,4.480487,10.417917,3.252783,7.995212,0.30094
1468,27.270142,1,18.890481,26.819796,0.121743,0.009343,0.089687,0.020708,12,0,4.327764,10.73827,3.192457,7.588021,0.262805
1469,8.812884,0,0,8.302679,0.151244,0.010949,0.124126,0.013425,12,0,4.327764,10.73827,3.192457,7.853474,0.436619
1470,27.869019,1,19.514377,27.43788,0.104262,0.007482,0.085251,0.009901,12,0,4.302462,11.333084,3.235626,7.583183,0.265125
1471,8.371869,0,0,7.90087,0.113366,0.010332,0.088536,0.012226,12,0,4.302462,11.333084,3.235626,7.628923,0.260133
1472,26.262536,1,18.053492,25.851316,0.094041,0.005914,0.078964,0.00847,12,0,4.129523,10.189987,3.152493,7.462228,0.26627
1473,8.008128,0,0,7.603212,0.106111,0.009071,0.085055,0.010411,12,0,4.129523,10.189987,3.152493,7.330299,0.262667
1474,26.271283,1,18.084595,25.837849,0.110807,0.009973,0.087339,0.011345,12,0,4.198133,10.132107,3.165201,7.41915,0.263298
1475,8.02137,0,0,7.594875,0.105972,0.008596,0.084825,0.010883,12,0,4.198133,10.132107,3.165201,7.305159,0.279464
1476,26.702936,1,18.0356,26.280954,0.099255,0.006831,0.082396,0.008834,12,0,4.226962,10.10782,3.117478,7.910295,0.261271
1477,8.059412,0,0,7.649412,0.106716,0.008431,0.085695,0.010772,12,0,4.226962,10.10782,3.117478,7.380002,0.258884
1478,27.03438,1,17.887416,26.618687,0.097061,0.006262,0.081211,0.008737,12,0,4.115881,10.03899,3.14102,8.400297,0.261906
1479,8.026385,0,0,7.583405,0.124324,0.008448,0.095135,0.019223,12,0,4.115881,10.03899,3.14102,7.271948,0.301001
1480,26.12451,1,18.053936,25.71148,0.093738,0.00567,0.078886,0.008581,12,0,3.990346,10.118127,3.351447,7.265134,0.324083
1481,8.491043,0,0,8.078705,0.106226,0.008665,0.085315,0.01049,12,0,3.990346,10.118127,3.351447,7.805103,0.263331
1482,26.020329,1,17.732433,25.58542,0.112899,0.010081,0.088681,0.011891,12,0,3.972457,10.073345,3.083783,7.481954,0.266697
1483,8.051366,0,0,7.639322,0.108531,0.00876,0.086667,0.01132,12,0,3.972457,10.073345,3.083783,7.36912,0.259124
1484,25.988309,1,17.847937,25.559103,0.107868,0.005926,0.092567,0.008675,12,0,3.936575,9.87406,3.445976,7.369793,0.265583
1485,8.013298,0,0,7.604319,0.106493,0.008962,0.085731,0.009974,12,0,3.936575,9.87406,3.445976,7.334148,0.259899
1486,25.654504,1,17.529708,25.184699,0.09436,0.005605,0.079408,0.008751,12,0,3.859897,9.528795,3.398567,7.263604,0.322985
1487,8.168227,0,0,7.757891,0.106836,0.008409,0.085846,0.010911,12,0,3.859897,9.528795,3.398567,7.478656,0.268499
1488,25.698596,1,17.734822,25.284982,0.093355,0.005732,0.078941,0.007992,12,0,4.062114,10.016703,3.072972,7.218508,0.261582
1489,8.053325,0,0,7.641719,0.105642,0.008284,0.085386,0.010313,12,0,4.062114,10.016703,3.072972,7.374289,0.257
1490,25.654073,1,17.448576,25.222459,0.112524,0.010137,0.088361,0.011857,12,0,3.873803,9.966356,3.025207,7.448079,0.259167
1491,8.815526,0,0,8.354044,0.130697,0.017682,0.100086,0.011169,12,0,3.873803,9.966356,3.025207,8.066199,0.276349
1492,25.273528,1,17.057696,24.84056,0.098177,0.006697,0.081315,0.009314,12,0,3.922975,9.519155,3.030811,7.456645,0.260219
1493,8.744269,0,0,8.318582,0.108071,0.008443,0.086324,0.011385,12,0,3.922975,9.519155,3.030811,8.05,0.257272
1494,25.969476,1,17.749546,25.554663,0.096038,0.005985,0.080399,0.008891,12,0,3.899937,9.998154,3.214433,7.412467,0.323411
1495,8.147218,0,0,7.73556,0.109025,0.009109,0.086472,0.011792,12,0,3.899937,9.998154,3.214433,7.467562,0.257339
1496,25.531077,1,17.509983,25.111364,0.093281,0.005806,0.078621,0.008185,12,0,3.867131,9.739339,3.149619,7.261046,0.267972
1497,15.685728,0,0,14.819075,0.270517,0.017189,0.216048,0.031121,12,0,3.867131,9.739339,3.149619,14.394185,0.404979
1498,26.285438,1,17.606334,25.791014,0.113417,0.010225,0.088121,0.0124,12,0,3.996796,9.790959,3.207387,7.802354,0.281963
1499,8.098917,0,0,7.684351,0.110893,0.009581,0.087632,0.011871,12,0,3.996796,9.790959,3.207387,7.413037,0.26039
1500,25.518681,1,17.469596,25.109348,0.093628,0.00575,0.079126,0.008037,12,0,4.057386,9.75363,3.069373,7.311037,0.258617
1501,8.284302,0,0,7.842146,0.112793,0.010755,0.088223,0.011576,12,0,4.057386,9.75363,3.069373,7.573388,0.25696
1502,25.747993,1,17.68785,25.330427,0.094114,0.005864,0.078922,0.008669,12,0,4.007982,9.855505,3.154501,7.312006,0.259048
1503,8.23855,0,0,7.775383,0.112949,0.010515,0.089256,0.011433,12,0,4.007982,9.855505,3.154501,7.485223,0.278857
1504,26.280704,1,17.908862,25.828381,0.13084,0.008662,0.092844,0.027754,12,0,4.049028,10.134538,3.138209,7.567017,0.263372
1505,8.344416,0,0,7.928735,0.110069,0.00962,0.08725,0.011374,12,0,4.049028,10.134538,3.138209,7.65838,0.259467
1506,26.038886,1,17.584863,25.591957,0.112892,0.010702,0.087739,0.011694,12,0,4.047346,9.788886,3.132334,7.668771,0.263013
1507,8.418046,0,0,7.937828,0.15653,0.010544,0.131816,0.01214,12,0,4.047346,9.788886,3.132334,7.624075,0.301498
1508,26.428621,1,18.150466,25.95139,0.131561,0.008159,0.110954,0.01112,12,0,4.098159,10.110689,3.311549,7.463361,0.260969
1509,8.408211,0,0,7.970634,0.113173,0.010095,0.089553,0.011769,12,0,4.098159,10.110689,3.311549,7.698175,0.260759
1510,26.024593,1,17.486364,25.546991,0.107403,0.008897,0.086391,0.010626,12,0,4.001487,9.729309,3.109075,7.711137,0.275066
1511,8.151543,0,0,7.716733,0.112424,0.009574,0.090225,0.011193,12,0,4.001487,9.729309,3.109075,7.448609,0.257482
1512,25.555227,1,17.398891,25.139675,0.093601,0.005601,0.079267,0.008148,12,0,3.974091,9.737532,3.102735,7.4126,0.259087
1513,8.247902,0,0,7.814443,0.112272,0.010343,0.08857,0.011547,12,0,3.974091,9.737532,3.102735,7.544389,0.258383
1514,25.918749,1,17.500119,25.45771,0.116732,0.010391,0.091948,0.01195,12,0,4.019,9.744995,3.139384,7.62666,0.258165
1515,8.357687,0,0,7.921977,0.112604,0.009834,0.089367,0.011191,12,0,4.019,9.744995,3.139384,7.63011,0.279931
1516,26.084412,1,17.847748,25.666133,0.098892,0.006426,0.082174,0.009437,12,0,4.105749,9.92101,3.158474,7.485357,0.259337
1517,7.95975,0,0,7.54886,0.111471,0.009458,0.089763,0.010744,12,0,4.105749,9.92101,3.158474,7.264454,0.273937
1518,25.758422,1,17.352772,25.33202,0.105966,0.008873,0.085526,0.010325,12,0,3.91347,9.765677,3.084653,7.580976,0.304542
1519,8.28953,0,0,7.849375,0.120561,0.009778,0.088153,0.011852,12,0,3.91347,9.765677,3.084653,7.563264,0.274461
1520,25.666724,1,17.38233,25.198089,0.127543,0.009277,0.105463,0.011084,12,0,4.001608,9.721749,3.073223,7.481953,0.261681
1521,8.230641,0,0,7.796655,0.113373,0.010133,0.087798,0.011547,12,0,4.001608,9.721749,3.073223,7.530256,0.254481
1522,26.187174,1,17.841936,25.750538,0.116837,0.010256,0.092015,0.012091,12,0,4.076581,9.889079,3.242407,7.571365,0.263137
1523,8.133059,0,0,7.723173,0.10858,0.009303,0.086809,0.010878,12,0,4.076581,9.889079,3.242407,7.457736,0.254976
1524,25.482636,1,17.2968,25.065499,0.096897,0.006076,0.081294,0.008667,12,0,3.999352,9.657124,3.060209,7.420622,0.278025
1525,8.652435,0,0,8.172667,0.134221,0.010185,0.110488,0.01175,12,0,3.999352,9.657124,3.060209,7.905511,0.254965
1526,26.105889,1,17.66046,25.676794,0.10986,0.009106,0.087761,0.011015,12,0,4.101978,9.869029,3.097562,7.68415,0.259302
1527,9.108112,0,0,8.565488,0.12979,0.011035,0.103543,0.01218,12,0,4.101978,9.869029,3.097562,8.239738,0.310697
1528,27.580673,1,18.75853,27.013849,0.128043,0.011563,0.101118,0.012914,12,0,4.168156,10.522224,3.357847,7.784636,0.362837
1529,8.746515,0,0,8.294763,0.110615,0.009908,0.087345,0.011385,12,0,4.168156,10.522224,3.357847,7.972478,0.311428
1530,26.276574,1,17.668957,25.829835,0.11649,0.010582,0.089961,0.012926,12,0,4.058635,9.799016,3.215488,7.825813,0.259302
1531,7.921901,0,0,7.513806,0.106375,0.009634,0.085017,0.010124,12,0,4.058635,9.799016,3.215488,7.247938,0.255575
1532,26.269962,1,17.904555,25.815065,0.107083,0.008602,0.086402,0.010368,12,0,4.068594,10.056011,3.160795,7.576954,0.259251
1533,8.40707,0,0,7.97158,0.115982,0.013663,0.088272,0.01148,12,0,4.068594,10.056011,3.160795,7.703301,0.256402
1534,28.587194,1,19.918248,27.966585,0.128881,0.011183,0.093177,0.02175,12,0,4.23309,10.99337,3.790528,7.521319,0.416806
1535,10.366344,0,0,9.834872,0.116667,0.01153,0.089688,0.012279,12,0,4.23309,10.99337,3.790528,9.523709,0.29619
1536,27.643082,1,18.838593,27.104639,0.117713,0.011011,0.091263,0.012592,12,0,4.263567,10.635432,3.293059,7.881102,0.30439
1537,8.280372,0,0,7.82553,0.116386,0.011665,0.090332,0.012018,12,0,4.263567,10.635432,3.293059,7.531652,0.28054
1538,27.770449,1,19.13782,27.286042,0.138294,0.011256,0.101987,0.022254,12,0,4.355235,10.836966,3.321843,7.776532,0.286445
1539,8.840334,0,0,8.30938,0.119958,0.011548,0.092072,0.013328,12,0,4.355235,10.836966,3.321843,7.974624,0.309319
1540,27.237021,1,18.652349,26.733457,0.113727,0.009922,0.089155,0.012234,12,0,4.144234,10.428057,3.473119,7.739305,0.264322
1541,8.179429,0,0,7.720542,0.132941,0.010562,0.108486,0.011963,12,0,4.144234,10.428057,3.473119,7.452918,0.255895
1542,26.129119,1,17.433447,25.696675,0.108035,0.008806,0.08697,0.010487,12,0,4.021754,9.761753,3.05546,7.932845,0.257171
1543,8.542218,0,0,7.991174,0.198085,0.013302,0.163268,0.018662,12,0,4.021754,9.761753,3.05546,7.677575,0.29815
1544,25.847265,1,17.49636,25.377026,0.106806,0.008468,0.085738,0.011138,12,0,3.951455,9.865619,3.091087,7.530255,0.279004
1545,8.619064,0,0,7.919933,0.201129,0.019603,0.165943,0.013269,12,0,3.951455,9.865619,3.091087,7.560511,0.346461
1546,26.022741,1,17.886477,25.582952,0.115926,0.010552,0.088574,0.012211,12,0,4.168716,9.91611,3.204921,7.342935,0.259597
1547,8.121606,0,0,7.710092,0.106159,0.008751,0.085734,0.010121,12,0,4.168716,9.91611,3.204921,7.445631,0.253731
1548,27.019497,1,17.391052,26.592219,0.107978,0.008409,0.087037,0.010586,12,0,3.960398,9.681419,3.158247,8.872886,0.257389
1549,8.3218,0,0,7.716762,0.156744,0.008812,0.130857,0.016103,12,0,3.960398,9.681419,3.158247,7.316402,0.38072
1550,25.553886,1,17.381313,25.114601,0.10564,0.008297,0.085637,0.010488,12,0,4.035848,9.638454,3.117532,7.407746,0.258006
1551,8.013841,0,0,7.614238,0.097306,0.006369,0.080826,0.009298,12,0,4.035848,9.638454,3.117532,7.349814,0.254504
1552,26.116769,1,17.521202,25.692489,0.105106,0.007672,0.085065,0.010646,12,0,3.999162,9.748071,3.067212,7.841383,0.258328
1553,8.017246,0,0,7.606627,0.100132,0.007061,0.0826,0.009299,12,0,3.999162,9.748071,3.067212,7.342521,0.254011
1554,26.407012,1,17.965347,25.874151,0.203469,0.01393,0.165604,0.02144,12,0,4.055314,10.175335,3.08412,7.460549,0.33864
1555,7.976641,0,0,7.564162,0.107875,0.009283,0.086736,0.010488,12,0,4.055314,10.175335,3.08412,7.296995,0.256459
1556,26.647571,1,18.244026,26.220533,0.097062,0.006149,0.081269,0.00878,12,0,4.048325,10.176344,3.411198,7.646731,0.257565
1557,8.473234,0,0,8.0367,0.112965,0.010062,0.08989,0.011101,12,0,4.048325,10.176344,3.411198,7.768791,0.256249
1558,26.031701,1,17.560877,25.60497,0.102328,0.006875,0.083957,0.00995,12,0,4.093607,9.788725,3.087624,7.704014,0.257687
1559,8.06673,0,0,7.656905,0.104367,0.007891,0.08519,0.00998,12,0,4.093607,9.788725,3.087624,7.391078,0.255389
1560,26.154795,1,17.427868,25.727888,0.10611,0.008529,0.085711,0.010439,12,0,4.119802,9.65872,3.056343,7.972425,0.256175
1561,8.111591,0,0,7.63504,0.098369,0.006623,0.081739,0.00906,12,0,4.119802,9.65872,3.056343,7.371545,0.253453
1562,26.351158,1,18.020034,25.913174,0.11147,0.009506,0.087782,0.01191,12,0,4.119285,10.079599,3.231144,7.558158,0.260665
1563,8.035251,0,0,7.613244,0.114668,0.009781,0.087093,0.016113,12,0,4.119285,10.079599,3.231144,7.349468,0.252993
1564,25.881251,1,17.867525,25.464468,0.093752,0.005739,0.079355,0.00798,12,0,4.088314,10.067707,3.11775,7.261341,0.265705
1565,8.07511,0,0,7.658657,0.110117,0.009087,0.086651,0.012649,12,0,4.088314,10.067707,3.11775,7.394063,0.25398
1566,25.856621,1,17.690503,25.436238,0.099099,0.006065,0.080726,0.011638,12,0,4.14112,9.846726,3.120948,7.314066,0.361796
1567,7.956998,0,0,7.545432,0.105796,0.008632,0.086152,0.00965,12,0,4.14112,9.846726,3.120948,7.279161,0.255703
1568,25.833813,1,17.737308,25.416439,0.096431,0.006385,0.08073,0.00858,12,0,4.07947,9.833782,3.240486,7.349938,0.259971
1569,8.112222,0,0,7.697804,0.10701,0.00858,0.086567,0.010207,12,0,4.07947,9.833782,3.240486,7.428265,0.258686
1570,25.855469,1,17.610136,25.422877,0.114313,0.010229,0.090513,0.01159,12,0,3.938426,9.692817,3.319464,7.418381,0.32232
1571,8.226772,0,0,7.807229,0.108925,0.008922,0.087463,0.010946,12,0,3.938426,9.692817,3.319464,7.425911,0.370636
1572,25.955857,1,17.896512,25.523938,0.106089,0.006341,0.089773,0.009146,12,0,4.246838,9.975502,3.089154,7.287669,0.263152
1573,8.11379,0,0,7.699469,0.107223,0.008819,0.086475,0.01007,12,0,4.246838,9.975502,3.089154,7.432527,0.256004
1574,26.515547,1,18.313267,26.065151,0.096755,0.006309,0.080705,0.00904,12,0,4.361557,10.138878,3.155844,7.376058,0.288795
1575,8.027907,0,0,7.613069,0.10841,0.009548,0.086405,0.010627,12,0,4.361557,10.138878,3.155844,7.342083,0.260396
1576,25.893252,1,17.706916,25.423548,0.117562,0.006294,0.101573,0.008841,12,0,4.136088,9.806795,3.174988,7.383458,0.261318
1577,8.106141,0,0,7.693178,0.106089,0.008545,0.08565,0.010377,12,0,4.136088,9.806795,3.174988,7.424774,0.257994
1578,26.42211,1,17.918019,25.935589,0.112468,0.010121,0.088137,0.011873,12,0,3.965363,10.154669,3.183463,7.66536,0.278466
1579,8.149261,0,0,7.728577,0.107461,0.009055,0.086037,0.010356,12,0,3.965363,10.154669,3.183463,7.461536,0.256125
1580,25.276266,1,17.251728,24.878171,0.094687,0.005763,0.079868,0.008431,12,0,3.999144,9.617588,3.043497,7.291656,0.260783
1581,8.59309,0,0,8.157774,0.108386,0.009136,0.087505,0.01025,12,0,3.999144,9.617588,3.043497,7.861669,0.284362
1582,25.607008,1,17.20608,25.095676,0.09777,0.006572,0.081429,0.00876,12,0,3.958796,9.593946,3.047425,7.465424,0.357224
1583,8.294647,0,0,7.848999,0.108221,0.008915,0.086605,0.011192,12,0,3.958796,9.593946,3.047425,7.576936,0.261127
1584,25.889569,1,17.751092,25.469293,0.096895,0.006184,0.081085,0.008883,12,0,3.959753,10.087654,3.063074,7.387199,0.260188
1585,8.098032,0,0,7.685936,0.105443,0.008465,0.085894,0.009814,12,0,3.959753,10.087654,3.063074,7.420436,0.254834
1586,26.211277,1,17.366183,25.774664,0.112623,0.010143,0.087922,0.012104,12,0,3.95958,9.654721,3.163391,8.078105,0.259155
1587,8.31013,0,0,7.76077,0.136909,0.009008,0.100546,0.026161,12,0,3.95958,9.654721,3.163391,7.360783,0.386977
1588,25.565156,1,17.359973,25.120561,0.106214,0.008246,0.086349,0.010154,12,0,4.008057,9.620796,3.122619,7.434051,0.258245
1589,8.60273,0,0,8.172329,0.108777,0.009308,0.08707,0.010841,12,0,4.008057,9.620796,3.122619,7.903544,0.257183
1590,25.429846,1,17.259212,25.031461,0.096349,0.006127,0.080487,0.009053,12,0,3.974842,9.59579,3.036888,7.448934,0.257378
1591,8.023802,0,0,7.602935,0.123881,0.00607,0.108635,0.008371,12,0,3.974842,9.59579,3.036888,7.339273,0.253856
1592,26.050877,1,17.352483,25.631291,0.106415,0.008348,0.086186,0.010475,12,0,3.947559,9.767943,3.04595,7.951253,0.25832
1593,8.721937,0,0,8.291241,0.104556,0.00782,0.08427,0.010916,12,0,3.947559,9.767943,3.04595,7.958705,0.321397
1594,26.744485,1,17.879783,26.271942,0.140202,0.021527,0.102582,0.013116,12,0,4.013832,10.103272,3.158661,8.055063,0.257719
1595,8.255019,0,0,7.842047,0.103086,0.008086,0.083716,0.009805,12,0,4.013832,10.103272,3.158661,7.572616,0.259009
1596,25.877885,1,17.502252,25.353471,0.201912,0.009941,0.175048,0.015279,12,0,3.924475,9.933102,3.059068,7.513765,0.260029
1597,8.114967,0,0,7.70648,0.10356,0.008105,0.084607,0.009464,12,0,3.924475,9.933102,3.059068,7.436913,0.259131
1598,27.532291,1,18.09876,27.085005,0.122775,0.010968,0.09692,0.01231,12,0,4.104265,10.095646,3.263592,8.645437,0.260518
1599,9.683518,0,0,9.153431,0.131772,0.011415,0.104492,0.013638,12,0,4.104265,10.095646,3.263592,8.874155,0.256141
1600,26.220035,1,17.748651,25.79366,0.097769,0.006616,0.080838,0.009441,12,0,4.110713,9.844049,3.195186,7.720476,0.259072
1601,8.147803,0,0,7.749325,0.096628,0.0065,0.08062,0.008562,12,0,4.110713,9.844049,3.195186,7.483689,0.255645
1602,26.001818,1,17.739287,25.546581,0.12627,0.011161,0.099628,0.013043,12,0,4.118928,9.912279,3.107533,7.462284,0.260456
1603,8.311778,0,0,7.902403,0.106924,0.009055,0.086261,0.010077,12,0,4.118928,9.912279,3.107533,7.632341,0.259738
1604,26.30425,1,17.573883,25.860037,0.114252,0.010097,0.089854,0.011709,12,0,4.0797,9.72405,3.175573,7.94294,0.264167
1605,11.69816,0,0,10.948458,0.241281,0.015722,0.201817,0.01993,12,0,4.0797,9.72405,3.175573,10.528737,0.401797
1606,27.458013,1,18.012751,26.82765,0.144133,0.020038,0.091976,0.02927,12,0,4.139679,10.064896,3.155172,8.362131,0.367945
1607,8.758348,0,0,8.211879,0.149507,0.01201,0.121282,0.013371,12,0,4.139679,10.064896,3.155172,7.930873,0.26677
1608,26.959984,1,18.282796,26.516944,0.112687,0.009952,0.089027,0.011725,12,0,4.260197,10.286936,3.106556,7.896113,0.261131
1609,9.683118,0,0,9.224226,0.114892,0.010984,0.089243,0.012026,12,0,4.260197,10.286936,3.106556,8.915831,0.294873
1610,27.249187,1,18.810777,26.772002,0.119251,0.011363,0.092219,0.013289,12,0,4.201005,10.78374,3.198265,7.613632,0.272061
1611,8.321899,0,0,7.860895,0.109994,0.010106,0.086385,0.01173,12,0,4.201005,10.78374,3.198265,7.577537,0.272767
1612,26.174071,1,17.582715,25.718898,0.133757,0.010111,0.109705,0.01193,12,0,4.000018,9.90377,3.095557,7.779167,0.282348
1613,8.297861,0,0,7.875681,0.110501,0.009651,0.087401,0.011686,12,0,4.000018,9.90377,3.095557,7.606867,0.257635
1614,25.331843,1,17.015778,24.924397,0.0992,0.006857,0.082677,0.008805,12,0,3.880291,9.473218,3.078241,7.583747,0.258778
1615,8.264362,0,0,7.869047,0.096151,0.006141,0.080541,0.00864,12,0,3.880291,9.473218,3.078241,7.598547,0.260743
1616,25.451732,1,17.144687,25.03377,0.10465,0.008522,0.084269,0.010568,12,0,3.903275,9.562184,3.07595,7.560963,0.258841
1617,7.98335,0,0,7.588136,0.096789,0.006194,0.08077,0.009023,12,0,3.903275,9.562184,3.07595,7.322979,0.255349
1618,25.518087,1,17.272836,25.003479,0.14837,0.011228,0.122692,0.012113,12,0,4.043043,9.622593,3.023096,7.396565,0.261043
1619,8.019065,0,0,7.615066,0.10187,0.00778,0.083698,0.009178,12,0,4.043043,9.622593,3.023096,7.347928,0.256756
1620,25.338359,1,17.231245,24.931218,0.094132,0.005593,0.079393,0.008574,12,0,3.963,9.655819,3.028224,7.367875,0.265188
1621,8.250072,0,0,7.842174,0.108914,0.009704,0.086696,0.010934,12,0,3.963,9.655819,3.028224,7.574741,0.256827
1622,25.665887,1,17.503729,25.25713,0.092731,0.005588,0.0789,0.007669,12,0,3.972458,9.812873,3.13767,7.419447,0.265493
1623,8.5198,0,0,8.099155,0.116954,0.009141,0.095465,0.010475,12,0,3.972458,9.812873,3.13767,7.828937,0.259249
1624,25.6246,1,17.304622,25.204009,0.100555,0.00708,0.083124,0.009118,12,0,3.953161,9.660416,3.112009,7.543872,0.262287
1625,8.063771,0,0,7.660691,0.103929,0.00794,0.085378,0.00929,12,0,3.953161,9.660416,3.112009,7.390562,0.260038
1626,25.814368,1,17.510052,25.371335,0.111891,0.009692,0.088491,0.011674,12,0,3.919573,9.745663,3.229378,7.507965,0.280389
1627,8.194096,0,0,7.78369,0.108961,0.009064,0.086692,0.011342,12,0,3.919573,9.745663,3.229378,7.510813,0.259235
1628,25.676845,1,17.454308,25.261846,0.094484,0.006027,0.079525,0.008223,12,0,3.949533,9.790379,3.124853,7.471136,0.265323
1629,8.134313,0,0,7.724069,0.10569,0.008665,0.085761,0.009756,12,0,3.949533,9.790379,3.124853,7.449428,0.263842
1630,25.377231,1,17.282523,24.966842,0.095,0.005927,0.079955,0.00847,12,0,3.94804,9.643009,3.114308,7.351879,0.263334
1631,8.212666,0,0,7.800987,0.10842,0.009343,0.086836,0.010651,12,0,3.94804,9.643009,3.114308,7.529572,0.260494
1632,25.553276,1,17.322337,25.131876,0.094521,0.005767,0.079864,0.008258,12,0,3.967086,9.744983,3.011955,7.420472,0.310366
1633,8.112215,0,0,7.696632,0.107695,0.008665,0.087244,0.010237,12,0,3.967086,9.744983,3.011955,7.426098,0.259936
1634,25.329746,1,17.065566,24.90451,0.112056,0.009789,0.087706,0.01232,12,0,3.878191,9.507823,3.096329,7.508684,0.261405
1635,8.809593,0,0,8.339844,0.139992,0.020069,0.09673,0.021248,12,0,3.878191,9.507823,3.096329,8.038606,0.280899
1636,25.554859,1,17.241496,25.115767,0.098746,0.006513,0.081857,0.00944,12,0,3.890133,9.638826,3.114688,7.485747,0.318447
1637,8.406323,0,0,7.935961,0.126868,0.01051,0.102664,0.011911,12,0,3.890133,9.638826,3.114688,7.507252,0.417572
1638,25.506764,1,17.360927,25.088867,0.095424,0.005951,0.080662,0.008019,12,0,4.060488,9.649661,3.069525,7.369304,0.268293
1639,8.242599,0,0,7.77784,0.113544,0.009547,0.090113,0.01207,12,0,4.060488,9.649661,3.069525,7.506647,0.259837
1640,25.241444,1,17.06229,24.845543,0.09425,0.006045,0.079365,0.008092,12,0,3.933384,9.52639,3.01999,7.45421,0.263967
1641,8.466281,0,0,8.034875,0.107893,0.008636,0.086722,0.011084,12,0,3.933384,9.52639,3.01999,7.755776,0.268194
1642,25.658212,1,17.298102,25.221964,0.115192,0.010063,0.090972,0.011741,12,0,3.939754,9.63066,3.139931,7.590361,0.262921
1643,8.419187,0,0,7.902776,0.124053,0.012823,0.095476,0.013374,12,0,3.939754,9.63066,3.139931,7.569057,0.319635
1644,25.701213,1,17.207428,25.269621,0.104383,0.008272,0.084605,0.009744,12,0,3.90743,9.63441,3.082106,7.729102,0.263235
1645,8.048173,0,0,7.64667,0.09646,0.006382,0.080778,0.008494,12,0,3.90743,9.63441,3.082106,7.376461,0.260636
1646,25.732411,1,17.269785,25.306369,0.107615,0.007875,0.087713,0.01037,12,0,4.084969,9.572765,3.027857,7.701686,0.265375
1647,8.290506,0,0,7.838829,0.106818,0.00867,0.08607,0.010363,12,0,4.084969,9.572765,3.027857,7.565262,0.262629
1648,25.665942,1,17.186879,25.232455,0.100669,0.006713,0.083071,0.009889,12,0,3.921966,9.654863,3.026694,7.713062,0.263806
1649,8.461476,0,0,8.029205,0.108462,0.008791,0.087456,0.010743,12,0,3.921966,9.654863,3.026694,7.752942,0.265172
1650,25.870001,1,17.685567,25.435433,0.108891,0.009155,0.086591,0.01086,12,0,4.138489,9.788372,3.172532,7.411199,0.266452
1651,8.139674,0,0,7.716449,0.109352,0.009545,0.087204,0.01077,12,0,4.138489,9.788372,3.172532,7.445625,0.260442
1652,26.960563,1,17.707582,26.531519,0.10334,0.008036,0.084366,0.009518,12,0,4.019508,9.968192,3.102218,8.478557,0.271829
1653,8.17641,0,0,7.757095,0.104626,0.008131,0.085226,0.009728,12,0,4.019508,9.968192,3.102218,7.46757,0.278964
1654,25.912805,1,17.365035,25.474575,0.112731,0.009795,0.089109,0.011272,12,0,4.02343,9.700831,3.05177,7.771584,0.263743
1655,8.158938,0,0,7.752801,0.102916,0.0077,0.083779,0.009994,12,0,4.02343,9.700831,3.05177,7.47769,0.264641
1656,26.204651,1,17.754691,25.678727,0.138169,0.007437,0.119596,0.009763,12,0,4.046054,9.850135,3.179103,7.529445,0.319531
1657,8.512408,0,0,8.08389,0.111134,0.010043,0.087836,0.011395,12,0,4.046054,9.850135,3.179103,7.811667,0.261083
1658,26.077702,1,17.349495,25.631565,0.119449,0.010188,0.094161,0.01234,12,0,4.104608,9.611915,3.048039,7.943654,0.26549
1659,8.166907,0,0,7.758735,0.103105,0.008007,0.08381,0.009712,12,0,4.104608,9.611915,3.048039,7.487349,0.260906
1660,25.979766,1,17.775625,25.562674,0.096717,0.006191,0.081201,0.008595,12,0,3.994118,10.031193,3.14395,7.449199,0.266276
1661,8.216588,0,0,7.804459,0.107043,0.00895,0.086456,0.009931,12,0,3.994118,10.031193,3.14395,7.534328,0.259525
1662,25.786671,1,17.636824,25.37371,0.094607,0.005812,0.079593,0.008485,12,0,4.155943,9.74312,3.148182,7.401003,0.264622
1663,8.182064,0,0,7.770634,0.106396,0.00922,0.085952,0.009844,12,0,4.155943,9.74312,3.148182,7.49916,0.261238
1664,26.285359,1,17.58909,25.825987,0.106187,0.009105,0.084931,0.010404,12,0,4.082763,9.779386,3.135415,7.891513,0.267584
1665,8.241075,0,0,7.798871,0.109103,0.009568,0.086985,0.010795,12,0,4.082763,9.779386,3.135415,7.485846,0.302495
1666,26.866858,1,18.336429,26.391762,0.112349,0.010401,0.087964,0.011914,12,0,4.366593,10.056593,3.177402,7.664559,0.309001
1667,8.354019,0,0,7.899992,0.11628,0.010773,0.089944,0.01294,12,0,4.366593,10.056593,3.177402,7.627578,0.261017
1668,27.451467,1,18.735313,26.940187,0.111893,0.00961,0.088215,0.012,12,0,4.43207,10.307959,3.364333,7.859247,0.266257
1669,8.555013,0,0,8.13415,0.10915,0.010094,0.086479,0.010828,12,0,4.43207,10.307959,3.364333,7.863108,0.260244
1670,26.514963,1,18.061949,26.088426,0.097329,0.006505,0.081371,0.008633,12,0,4.12053,10.111276,3.226715,7.685745,0.268882
1671,8.200172,0,0,7.776174,0.113127,0.009335,0.086121,0.015791,12,0,4.12053,10.111276,3.226715,7.504965,0.260244
1672,26.004338,1,17.830764,25.581738,0.094674,0.005959,0.079841,0.008174,12,0,4.05469,9.957651,3.222896,7.411776,0.265921
1673,8.476353,0,0,8.05167,0.109687,0.009848,0.087458,0.010616,12,0,4.05469,9.957651,3.222896,7.779089,0.261752
1674,29.169776,1,20.554122,28.63808,0.115493,0.010612,0.090427,0.012304,12,0,4.702672,11.673954,3.524919,7.730311,0.272023
1675,8.714864,0,0,8.260067,0.11587,0.011179,0.089382,0.012513,12,0,4.702672,11.673954,3.524919,7.983318,0.264589
1676,28.168743,1,19.448979,27.681741,0.103552,0.007411,0.08527,0.009417,12,0,4.386736,10.746307,3.658083,7.885767,0.26633
1677,8.710542,0,0,8.266617,0.120448,0.011988,0.093007,0.012899,12,0,4.386736,10.746307,3.658083,7.992533,0.262457
1678,27.928826,1,18.979907,27.421214,0.160639,0.033782,0.111444,0.012809,12,0,4.40076,10.53585,3.400456,8.087879,0.268156
1679,8.965266,0,0,8.454648,0.143839,0.012258,0.115304,0.01326,12,0,4.40076,10.53585,3.400456,8.162508,0.278991
1680,27.63173,1,18.407262,27.127326,0.150429,0.011102,0.114513,0.022235,12,0,4.178018,10.436572,3.190619,8.33451,0.301375
1681,8.912267,0,0,8.413049,0.114363,0.011089,0.089342,0.011742,12,0,4.178018,10.436572,3.190619,8.097823,0.302858
1682,26.178864,1,17.476824,25.653403,0.200119,0.0161,0.159367,0.021231,12,0,4.01791,9.762414,3.097468,7.830228,0.265729
1683,8.214523,0,0,7.803521,0.105134,0.008706,0.085087,0.009675,12,0,4.01791,9.762414,3.097468,7.531731,0.261286
1684,26.209111,1,17.29852,25.778759,0.103642,0.008379,0.083749,0.009851,12,0,3.964532,9.666195,3.082172,8.126873,0.284043
1685,8.208189,0,0,7.783472,0.115119,0.007693,0.096647,0.009359,12,0,3.964532,9.666195,3.082172,7.449576,0.323818
1686,26.104464,1,17.746735,25.686646,0.094371,0.006019,0.079818,0.007903,12,0,4.182942,9.819948,3.156038,7.601874,0.267535
1687,8.19742,0,0,7.785508,0.107728,0.008827,0.087127,0.009852,12,0,4.182942,9.819948,3.156038,7.513975,0.260926
1688,26.24019,1,17.269605,25.759344,0.163496,0.00937,0.140786,0.01055,12,0,3.954411,9.663971,3.064037,8.153926,0.265275
1689,8.609801,0,0,8.027396,0.162736,0.011119,0.131483,0.018629,12,0,3.954411,9.663971,3.064037,7.587661,0.426071
1690,26.273904,1,17.887412,25.839767,0.112625,0.009775,0.088154,0.012646,12,0,4.040351,9.906153,3.33691,7.611103,0.267597
1691,8.15409,0,0,7.74277,0.107825,0.009247,0.086757,0.00995,12,0,4.040351,9.906153,3.33691,7.47081,0.261356
1692,27.419591,1,19.034402,26.92685,0.105204,0.006535,0.088892,0.008799,12,0,4.471741,10.606557,3.322469,7.536005,0.266835
1693,8.957102,0,0,8.377956,0.114543,0.010729,0.089318,0.011972,12,0,4.471741,10.606557,3.322469,8.056149,0.308232
1694,27.634374,1,18.401654,27.17618,0.118835,0.010508,0.09379,0.012268,12,0,4.269178,10.396861,3.140399,8.41066,0.284641
1695,8.592476,0,0,8.077348,0.151127,0.010587,0.125659,0.012181,12,0,4.269178,10.396861,3.140399,7.778501,0.287226
1696,27.004698,1,18.50359,26.575213,0.100861,0.007153,0.083005,0.009403,12,0,4.081074,10.368449,3.448654,7.724002,0.26567
1697,8.269315,0,0,7.852174,0.108786,0.010104,0.086558,0.010304,12,0,4.081074,10.368449,3.448654,7.581501,0.260171
1698,26.849432,1,18.230889,26.35239,0.157808,0.016185,0.108079,0.031259,12,0,4.269048,10.012682,3.349892,7.745857,0.290023
1699,8.354338,0,0,7.927854,0.112438,0.010041,0.088867,0.011537,12,0,4.269048,10.012682,3.349892,7.656139,0.26061
1700,30.435644,1,21.81666,29.944848,0.112275,0.009966,0.088154,0.011927,12,0,5.053592,12.342627,3.624182,7.770857,0.27073
1701,9.481554,0,0,8.921181,0.159038,0.011051,0.123419,0.021231,12,0,5.053592,12.342627,3.624182,8.635869,0.272355
1702,28.578364,1,19.071568,28.054272,0.134333,0.020815,0.095925,0.01457,12,0,4.419732,10.64518,3.195153,8.603646,0.285104
1703,9.599212,0,0,9.118609,0.118981,0.010415,0.092815,0.013213,12,0,4.419732,10.64518,3.195153,8.84074,0.264091
1704,30.190605,1,20.612722,29.545222,0.178688,0.007235,0.157489,0.011911,12,0,4.498187,11.670952,3.677174,8.494018,0.297336
1705,11.767629,0,0,11.06613,0.207961,0.025646,0.158432,0.019457,12,0,4.498187,11.670952,3.677174,10.564326,0.464245
1706,27.355814,1,18.431818,26.754187,0.137262,0.010454,0.103661,0.020777,12,0,4.180071,10.138619,3.414148,7.841044,0.373154
1707,8.827212,0,0,8.257836,0.118503,0.010609,0.091962,0.013572,12,0,4.180071,10.138619,3.414148,7.920418,0.323598
1708,26.371766,1,17.654356,25.877705,0.11225,0.009966,0.088393,0.012113,12,0,3.961436,10.04305,3.059107,7.880651,0.265152
1709,8.678485,0,0,8.18785,0.113084,0.01031,0.088625,0.012139,12,0,3.961436,10.04305,3.059107,7.909496,0.265607
1710,26.051613,1,17.487105,25.583898,0.099235,0.006884,0.08256,0.008779,12,0,4.003004,9.683854,3.163595,7.710054,0.299487
1711,8.507641,0,0,8.071491,0.113579,0.010197,0.089133,0.012084,12,0,4.003004,9.683854,3.163595,7.796787,0.263254
1712,26.868706,1,18.020454,26.378095,0.111124,0.009531,0.088009,0.011235,12,0,3.964412,10.267575,3.186793,8.007643,0.270688
1713,8.445742,0,0,8.016093,0.110148,0.009564,0.087771,0.0109,12,0,3.964412,10.267575,3.186793,7.739443,0.265729
1714,26.660246,1,17.616125,26.136953,0.114291,0.010227,0.088951,0.012359,12,0,3.989431,9.822977,3.211443,8.012442,0.432071
1715,8.552716,0,0,8.082361,0.112819,0.00981,0.089573,0.011199,12,0,3.989431,9.822977,3.211443,7.748752,0.321541
1716,25.999636,1,17.338743,25.531967,0.109254,0.00892,0.087394,0.01111,12,0,4.033563,9.645194,3.067747,7.851494,0.266789
1717,8.610647,0,0,8.160108,0.11242,0.009908,0.088745,0.011782,12,0,4.033563,9.645194,3.067747,7.887069,0.260893
1718,26.317586,1,17.584441,25.80906,0.110834,0.008647,0.089357,0.01076,12,0,4.031228,9.772311,3.176509,7.880079,0.268946
1719,8.931969,0,0,8.399481,0.136125,0.010389,0.10984,0.012822,12,0,4.031228,9.772311,3.176509,8.11565,0.270649
1720,26.840833,1,17.982701,26.366839,0.109643,0.008976,0.087937,0.01069,12,0,4.190066,10.03765,3.104629,8.003946,0.30197
1721,8.647989,0,0,8.196706,0.114368,0.010157,0.089871,0.011962,12,0,4.190066,10.03765,3.104629,7.924826,0.260127
1722,26.117759,1,17.457975,25.673654,0.113057,0.010393,0.088186,0.011892,12,0,4.058763,9.647013,3.146649,7.877762,0.263173
1723,8.671923,0,0,8.206123,0.110839,0.009817,0.088086,0.01091,12,0,4.058763,9.647013,3.146649,7.908103,0.2853
1724,26.697883,1,18.022704,26.248171,0.111554,0.009436,0.088823,0.011551,12,0,4.199128,9.996202,3.23288,7.882455,0.26521
1725,8.475453,0,0,8.031887,0.117535,0.015671,0.088102,0.011893,12,0,4.199128,9.996202,3.23288,7.756735,0.262908
1726,25.957471,1,17.443113,25.492318,0.101984,0.006606,0.086137,0.008404,12,0,3.974481,9.697913,3.186211,7.668509,0.307394
1727,8.609231,0,0,8.154501,0.112854,0.010054,0.0887,0.0122,12,0,3.974481,9.697913,3.186211,7.878404,0.264188
1728,26.246893,1,17.561864,25.786286,0.111394,0.009663,0.088879,0.011146,12,0,4.089174,9.704396,3.160083,7.878311,0.270412
1729,8.61922,0,0,8.162761,0.112238,0.009535,0.089144,0.011353,12,0,4.089174,9.704396,3.160083,7.888648,0.262143
1730,26.888633,1,17.968116,26.436353,0.117444,0.011239,0.090093,0.013836,12,0,4.176286,10.020188,3.173887,8.12096,0.264556
1731,8.467753,0,0,8.030771,0.11212,0.010365,0.08863,0.011052,12,0,4.176286,10.020188,3.173887,7.758479,0.260822
1732,26.352246,1,17.594981,25.784969,0.167274,0.074166,0.082931,0.008991,12,0,4.042046,9.711847,3.249774,7.848453,0.268535
1733,8.263027,0,0,7.846848,0.106845,0.009304,0.086173,0.009748,12,0,4.042046,9.711847,3.249774,7.57482,0.26143
1734,26.904186,1,17.78973,26.43342,0.114157,0.010113,0.090025,0.011751,12,0,4.05712,9.796353,3.257829,8.28458,0.273869
1735,8.693052,0,0,8.172012,0.115145,0.010646,0.090257,0.011862,12,0,4.05712,9.796353,3.257829,7.895983,0.263615
1736,26.038818,1,17.424959,25.548095,0.101263,0.007365,0.082877,0.009578,12,0,3.956883,9.581584,3.296328,7.771584,0.273468
1737,9.263603,0,0,8.715526,0.154907,0.010821,0.129039,0.01267,12,0,3.956883,9.581584,3.296328,8.43398,0.267462
1738,26.983378,1,18.083359,26.537033,0.114823,0.010664,0.090474,0.011738,12,0,4.011406,10.266929,3.178338,8.043519,0.330439
1739,8.291026,0,0,7.853413,0.109645,0.009909,0.087387,0.010614,12,0,4.011406,10.266929,3.178338,7.578782,0.263539
1740,27.002427,1,18.189251,26.529972,0.123631,0.010015,0.098871,0.012189,12,0,4.472907,9.958252,3.152879,7.992458,0.267947
1741,8.661692,0,0,8.215844,0.117007,0.011079,0.092087,0.011495,12,0,4.472907,9.958252,3.152879,7.94119,0.262595
1742,26.120065,1,17.605902,25.671654,0.099973,0.006644,0.083335,0.009028,12,0,3.987931,9.791268,3.136187,7.720401,0.26936
1743,8.312857,0,0,7.817508,0.116905,0.010544,0.091175,0.012797,12,0,3.987931,9.791268,3.136187,7.540051,0.265001
1744,31.464465,1,21.759319,30.874155,0.214245,0.012107,0.176771,0.021337,12,0,4.522368,12.546891,3.81272,8.483357,0.504301
1745,9.294767,0,0,8.792324,0.144015,0.015578,0.108028,0.016781,12,0,4.522368,12.546891,3.81272,8.477361,0.281973
1746,27.728534,1,18.68285,27.229565,0.121191,0.010935,0.092879,0.01424,12,0,4.23669,10.411828,3.377037,8.193783,0.270201
1747,9.864737,0,0,9.28292,0.183856,0.011921,0.144297,0.024083,12,0,4.23669,10.411828,3.377037,8.987111,0.281905
1748,28.633241,1,19.1118,28.036287,0.124978,0.010731,0.099298,0.012697,12,0,4.105134,10.768572,3.636512,8.409225,0.426244
1749,9.713478,0,0,9.205858,0.122568,0.010863,0.095654,0.013037,12,0,4.105134,10.768572,3.636512,8.892693,0.299175
1750,27.61372,1,18.814499,27.081512,0.139356,0.008119,0.118534,0.010984,12,0,4.207449,10.38714,3.466082,7.899524,0.283062
1751,8.512942,0,0,8.032153,0.156517,0.010415,0.132388,0.011912,12,0,4.207449,10.38714,3.466082,7.758037,0.262724
1752,26.7771,1,18.231049,26.34511,0.098243,0.00645,0.081811,0.008893,12,0,4.206591,10.228134,3.193663,7.742931,0.297479
1753,8.456462,0,0,8.039518,0.109018,0.009741,0.086792,0.010753,12,0,4.206591,10.228134,3.193663,7.767753,0.261332
1754,25.963335,1,17.623946,25.499541,0.112361,0.009742,0.08873,0.011886,12,0,4.001129,9.827827,3.188299,7.520617,0.284647
1755,8.305653,0,0,7.884483,0.108375,0.009446,0.0862,0.010851,12,0,4.001129,9.827827,3.188299,7.606975,0.266574
1756,25.315288,1,17.034482,24.914875,0.095765,0.006029,0.080742,0.008334,12,0,3.929383,9.500256,3.023432,7.551349,0.264871
1757,8.587764,0,0,8.154313,0.10666,0.00869,0.085919,0.01036,12,0,3.929383,9.500256,3.023432,7.872202,0.269892
1758,26.022174,1,17.482639,25.594712,0.09882,0.006516,0.082213,0.009121,12,0,3.951135,9.761871,3.059269,7.767881,0.274291
1759,8.403659,0,0,7.986838,0.10955,0.009283,0.087364,0.011072,12,0,3.951135,9.761871,3.059269,7.712012,0.263987
1760,25.6493,1,17.385701,25.225423,0.1058,0.005649,0.091279,0.008225,12,0,3.957084,9.728807,3.116923,7.50014,0.271186
1761,8.275304,0,0,7.86881,0.104981,0.008535,0.085224,0.009795,12,0,3.957084,9.728807,3.116923,7.595753,0.262557
1762,25.928669,1,17.328613,25.462964,0.113891,0.010654,0.089051,0.012006,12,0,4.01764,9.610156,3.115874,7.782106,0.284222
1763,8.524824,0,0,8.043035,0.169698,0.009281,0.146426,0.011183,12,0,4.01764,9.610156,3.115874,7.765642,0.265898
1764,25.497518,1,17.095317,25.081636,0.09796,0.006329,0.081561,0.00926,12,0,3.914456,9.570775,3.025712,7.625163,0.296031
1765,8.60368,0,0,8.153548,0.116733,0.009185,0.094971,0.010762,12,0,3.914456,9.570775,3.025712,7.828396,0.313067
1766,25.457728,1,17.079294,25.056417,0.094679,0.006012,0.079915,0.008045,12,0,3.942055,9.511421,3.040276,7.64737,0.265697
1767,8.291488,0,0,7.885484,0.102635,0.007944,0.08381,0.009641,12,0,3.942055,9.511421,3.040276,7.611976,0.262952
1768,26.176701,1,17.717471,25.763831,0.099282,0.006805,0.08261,0.009027,12,0,4.003252,9.929895,3.148904,7.713551,0.265507
1769,8.77343,0,0,8.31531,0.112394,0.010405,0.088263,0.011494,12,0,4.003252,9.929895,3.148904,8.028165,0.275244
1770,25.822147,1,17.18084,25.393934,0.112109,0.010404,0.087492,0.012184,12,0,3.949363,9.597731,3.044532,7.87689,0.267252
1771,8.160075,0,0,7.761532,0.095759,0.006205,0.080089,0.008715,12,0,3.949363,9.597731,3.044532,7.484894,0.266795
1772,25.801352,1,17.451399,25.383601,0.098181,0.006685,0.082062,0.008454,12,0,3.948392,9.757039,3.132437,7.566509,0.286688
1773,8.086045,0,0,7.684014,0.10033,0.007647,0.082444,0.009019,12,0,3.948392,9.757039,3.132437,7.408344,0.265372
1774,26.198318,1,17.55964,25.768105,0.105573,0.008298,0.085143,0.010511,12,0,3.996214,9.871809,3.098003,7.868837,0.26579
1775,8.390577,0,0,7.966942,0.109522,0.009794,0.087231,0.010652,12,0,3.996214,9.871809,3.098003,7.69507,0.261121
1776,25.93218,1,17.308142,25.509534,0.102335,0.007126,0.084869,0.009233,12,0,3.931655,9.689571,3.079647,7.870819,0.263771
1777,8.199188,0,0,7.791939,0.096697,0.006385,0.081035,0.008444,12,0,3.931655,9.689571,3.079647,7.521978,0.260244
1778,25.848251,1,17.603899,25.414847,0.111894,0.009977,0.088153,0.011813,12,0,3.99238,9.856573,3.16882,7.475295,0.26544
1779,8.24908,0,0,7.831152,0.106691,0.008858,0.085399,0.010684,12,0,3.99238,9.856573,3.16882,7.561454,0.259308
1780,25.787002,1,17.440714,25.367542,0.098659,0.006399,0.08216,0.008964,12,0,3.989042,9.776998,3.085995,7.590252,0.264387
1781,8.122886,0,0,7.7159,0.101425,0.007523,0.0832,0.009731,12,0,3.989042,9.776998,3.085995,7.443789,0.26197
1782,25.640966,1,17.453628,25.229568,0.094048,0.005833,0.079332,0.008218,12,0,4.076795,9.711938,3.080097,7.443056,0.266067
1783,8.194614,0,0,7.783413,0.104871,0.008799,0.08452,0.009851,12,0,4.076795,9.711938,3.080097,7.509991,0.263041
1784,25.697577,1,17.400003,25.282486,0.097469,0.00645,0.081387,0.008688,12,0,3.97401,9.783496,3.056115,7.548496,0.26531
1785,8.110322,0,0,7.706358,0.101776,0.007668,0.083059,0.009613,12,0,3.97401,9.783496,3.056115,7.433941,0.262162
1786,25.676069,1,17.484253,25.249416,0.111471,0.009748,0.087872,0.01164,12,0,3.987365,9.834385,3.057706,7.426147,0.267428
1787,8.222346,0,0,7.804972,0.108017,0.009008,0.08727,0.009972,12,0,3.987365,9.834385,3.057706,7.531421,0.263012
1788,27.047178,1,18.097712,26.631914,0.094624,0.005907,0.079758,0.00826,12,0,4.126075,10.198765,3.148191,8.196122,0.265909
1789,8.261091,0,0,7.842098,0.11016,0.009886,0.08769,0.0109,12,0,4.126075,10.198765,3.148191,7.408342,0.423243
1790,26.414015,1,18.244211,25.996001,0.095805,0.006037,0.080591,0.00846,12,0,4.129496,10.353856,3.149627,7.405123,0.264295
1791,8.584216,0,0,8.152119,0.11041,0.009953,0.087343,0.011387,12,0,4.129496,10.353856,3.149627,7.881832,0.259663
1792,25.829735,1,17.588166,25.414167,0.094459,0.005846,0.079542,0.008361,12,0,3.98013,9.907441,3.108811,7.488365,0.266658
1793,8.066097,0,0,7.656782,0.105071,0.008449,0.085123,0.010068,12,0,3.98013,9.907441,3.108811,7.38607,0.260446
1794,25.758691,1,17.512317,25.331399,0.111597,0.009953,0.087837,0.011559,12,0,3.993479,9.814791,3.114733,7.481716,0.265806
1795,8.155759,0,0,7.743702,0.106687,0.008589,0.086504,0.010119,12,0,3.993479,9.814791,3.114733,7.472045,0.261339
1796,25.402371,1,17.220695,25.000744,0.095086,0.005832,0.080205,0.008372,12,0,3.900316,9.641458,3.094034,7.442379,0.271558
1797,8.419026,0,0,8.001753,0.108709,0.009272,0.08612,0.011384,12,0,3.900316,9.641458,3.094034,7.728903,0.261891
1798,25.445891,1,17.327137,25.03351,0.095388,0.005854,0.08043,0.008444,12,0,3.970188,9.721974,3.024426,7.346675,0.290847
1799,8.15785,0,0,7.752479,0.105104,0.008463,0.085186,0.010149,12,0,3.970188,9.721974,3.024426,7.476832,0.26519
1800,25.64634,1,17.387382,25.23075,0.097297,0.005886,0.082263,0.008504,12,0,3.968903,9.796505,3.031522,7.413051,0.350226
1801,8.015086,0,0,7.608185,0.104833,0.008484,0.085491,0.009413,12,0,3.968903,9.796505,3.031522,7.336454,0.26135
1802,25.403757,1,17.030203,24.973516,0.119542,0.010294,0.09508,0.011957,12,0,3.889601,9.477453,3.077741,7.609678,0.266337
1803,8.427503,0,0,7.950426,0.129306,0.008831,0.097445,0.021466,12,0,3.889601,9.477453,3.077741,7.665929,0.272788
1804,26.099038,1,17.494901,25.656086,0.114696,0.007641,0.095414,0.010282,12,0,4.000044,9.633711,3.238031,7.804449,0.275699
1805,8.27611,0,0,7.832481,0.136917,0.019324,0.095822,0.011227,12,0,4.000044,9.633711,3.238031,7.53995,0.281341
1806,25.281573,1,17.16633,24.862808,0.100001,0.005947,0.084867,0.008513,12,0,3.936811,9.586268,3.058846,7.369172,0.263977
1807,8.329067,0,0,7.891979,0.124107,0.008512,0.104155,0.009943,12,0,3.936811,9.586268,3.058846,7.619123,0.26141
1808,26.499283,1,17.413815,26.004443,0.10979,0.009531,0.086661,0.011569,12,0,3.951496,9.79866,3.070804,8.251476,0.264337
1809,9.160475,0,0,8.691744,0.118763,0.01103,0.093159,0.012168,12,0,3.951496,9.79866,3.070804,8.378965,0.298877
1810,25.76752,1,17.33163,25.331302,0.113288,0.01057,0.088151,0.012398,12,0,3.999054,9.65716,3.066371,7.646201,0.286674
1811,7.955781,0,0,7.559793,0.097288,0.006213,0.081765,0.008521,12,0,3.999054,9.65716,3.066371,7.291111,0.258972
1812,25.619029,1,17.211764,25.190374,0.11145,0.007839,0.091567,0.010384,12,0,3.904282,9.699452,3.024778,7.642526,0.267472
1813,8.974383,0,0,8.559457,0.104587,0.007947,0.084951,0.01002,12,0,3.904282,9.699452,3.024778,8.278968,0.269814
1814,25.799739,1,17.424646,25.368972,0.099067,0.006687,0.082364,0.009188,12,0,4.073914,9.746992,3.025342,7.607257,0.265153
1815,8.507183,0,0,7.97728,0.196413,0.011205,0.169761,0.012765,12,0,4.073914,9.746992,3.025342,7.700855,0.263112
1816,29.721248,1,19.104746,29.26878,0.122405,0.010799,0.096725,0.01208,12,0,4.326036,11.026401,3.16027,9.783846,0.30056
1817,8.626027,0,0,8.110793,0.115564,0.010996,0.089836,0.012223,12,0,4.326036,11.026401,3.16027,7.838084,0.260102
1818,28.306549,1,19.119683,27.81128,0.12345,0.011063,0.095976,0.012886,12,0,4.367832,10.794574,3.286887,8.347064,0.26574
1819,8.711976,0,0,8.257066,0.11791,0.01127,0.091288,0.012442,12,0,4.367832,10.794574,3.286887,7.980107,0.264203
1820,27.051591,1,18.020534,26.561537,0.154235,0.010459,0.129024,0.011772,12,0,4.15681,10.128456,3.102515,8.190218,0.264064
1821,9.355089,0,0,8.596314,0.224534,0.015639,0.186473,0.018669,12,0,4.15681,10.128456,3.102515,8.195755,0.383522
1822,26.199461,1,17.506622,25.747536,0.116467,0.010059,0.091977,0.01216,12,0,3.894848,9.89273,3.09566,7.879887,0.282782
1823,8.523091,0,0,8.016329,0.109202,0.009484,0.086897,0.010877,12,0,3.894848,9.89273,3.09566,7.742961,0.262136
1824,25.784139,1,17.661912,25.355575,0.095016,0.005922,0.080204,0.008179,12,0,3.970968,9.916159,3.175157,7.353392,0.263614
1825,8.200513,0,0,7.777898,0.10727,0.00834,0.086864,0.010363,12,0,3.970968,9.916159,3.175157,7.508054,0.259268
1826,25.791701,1,17.393044,25.342457,0.114537,0.012158,0.088525,0.01186,12,0,3.906351,9.754711,3.141617,7.596832,0.277965
1827,8.213132,0,0,7.765244,0.12861,0.008401,0.109019,0.010024,12,0,3.906351,9.754711,3.141617,7.485473,0.268986
1828,25.567738,1,17.135263,25.146994,0.104481,0.007686,0.084876,0.010273,12,0,3.854231,9.667884,3.038474,7.68281,0.262637
1829,8.57118,0,0,8.142174,0.109435,0.009424,0.08661,0.011206,12,0,3.854231,9.667884,3.038474,7.850851,0.279963
1830,25.461026,1,17.207145,25.05897,0.097503,0.006529,0.080989,0.009023,12,0,3.925923,9.636025,3.024195,7.517822,0.2698
1831,8.02437,0,0,7.609208,0.095429,0.006027,0.080035,0.008555,12,0,3.925923,9.636025,3.024195,7.335751,0.263647
1832,25.745206,1,17.269728,25.321005,0.106034,0.007899,0.085706,0.010872,12,0,3.94713,9.707325,3.03515,7.718922,0.262365
1833,8.274439,0,0,7.850376,0.114477,0.010613,0.086215,0.016199,12,0,3.94713,9.707325,3.03515,7.537665,0.29867
1834,25.683257,1,17.306833,25.252483,0.113478,0.010415,0.088871,0.01186,12,0,3.904026,9.79662,3.024471,7.612734,0.263879
1835,8.054731,0,0,7.614234,0.119799,0.016009,0.093095,0.009892,12,0,3.904026,9.79662,3.024471,7.344277,0.259907
1836,25.706909,1,17.298751,25.277186,0.106776,0.008371,0.085832,0.011188,12,0,3.976874,9.68644,3.054674,7.647815,0.262756
1837,8.692095,0,0,8.293315,0.097952,0.006615,0.081601,0.008871,12,0,3.976874,9.68644,3.054674,8.018872,0.26451
1838,28.099563,1,17.987366,27.595054,0.171638,0.010402,0.143399,0.015843,12,0,3.955761,10.304445,3.140125,9.256244,0.271836
1839,8.131527,0,0,7.702534,0.123067,0.009578,0.100488,0.011255,12,0,3.955761,10.304445,3.140125,7.418108,0.273325
1840,25.770114,1,17.357014,25.359231,0.102589,0.007786,0.083576,0.009775,12,0,3.902379,9.832307,3.033403,7.670741,0.265305
1841,8.356781,0,0,7.940652,0.106498,0.008699,0.085235,0.01081,12,0,3.902379,9.832307,3.033403,7.652289,0.276929
1842,25.670005,1,17.52995,25.232142,0.110116,0.009086,0.087423,0.011577,12,0,3.943143,9.834046,3.156844,7.368727,0.263913
1843,8.144752,0,0,7.731186,0.10639,0.008655,0.086049,0.010081,12,0,3.943143,9.834046,3.156844,7.461261,0.259247
1844,25.64342,1,17.507059,25.231721,0.095308,0.005926,0.080403,0.008325,12,0,4.101929,9.672334,3.152643,7.39458,0.262374
1845,8.093902,0,0,7.68293,0.10554,0.008051,0.085614,0.009853,12,0,4.101929,9.672334,3.152643,7.414113,0.258268
1846,25.88681,1,17.506661,25.466244,0.102546,0.008041,0.08326,0.009924,12,0,3.922244,9.875081,3.122179,7.626738,0.264095
1847,8.009986,0,0,7.60579,0.103107,0.008021,0.084285,0.00963,12,0,3.922244,9.875081,3.122179,7.338843,0.256742
1848,26.930328,1,18.216623,26.483569,0.118881,0.008626,0.096657,0.012826,12,0,4.018564,10.577191,3.039327,7.931899,0.262261
1849,8.202496,0,0,7.789843,0.107449,0.009239,0.08628,0.010117,12,0,4.018564,10.577191,3.039327,7.519902,0.259341
1850,25.867059,1,17.686577,25.42112,0.11301,0.010431,0.088211,0.012137,12,0,3.967635,9.914207,3.20472,7.397676,0.264491
1851,8.106496,0,0,7.69498,0.108372,0.009391,0.086354,0.01065,12,0,3.967635,9.914207,3.20472,7.420316,0.264107
1852,25.627492,1,17.524246,25.209858,0.095451,0.00576,0.080467,0.008633,12,0,3.996193,9.706154,3.182961,7.354307,0.262416
1853,8.063274,0,0,7.652578,0.106118,0.008482,0.086172,0.009945,12,0,3.996193,9.706154,3.182961,7.383058,0.258901
1854,25.873819,1,17.709831,25.461345,0.094954,0.00589,0.080175,0.008259,12,0,3.936828,10.122301,3.0659,7.412282,0.269027
1855,8.104869,0,0,7.693178,0.105657,0.008614,0.085914,0.009621,12,0,3.936828,10.122301,3.0659,7.423236,0.259338
1856,25.708792,1,17.633031,25.289788,0.094956,0.00572,0.079699,0.008803,12,0,3.953225,9.920674,3.174854,7.322044,0.264533
1857,8.166078,0,0,7.746917,0.106086,0.009008,0.085344,0.010126,12,0,3.953225,9.920674,3.174854,7.475853,0.260248
1858,25.85401,1,17.432246,25.400307,0.11367,0.010119,0.089282,0.012147,12,0,4.022495,9.740507,3.086851,7.629468,0.263483
1859,8.258992,0,0,7.848123,0.108484,0.009219,0.086624,0.01095,12,0,4.022495,9.740507,3.086851,7.569699,0.267876
1860,25.488102,1,17.29868,25.072344,0.095278,0.005817,0.080369,0.008424,12,0,3.882766,9.712269,3.094075,7.440692,0.264068
1861,8.110401,0,0,7.699202,0.105402,0.008361,0.085197,0.010254,12,0,3.882766,9.712269,3.094075,7.428458,0.260187
1862,25.335055,1,17.18303,24.932117,0.095238,0.005847,0.080486,0.008282,12,0,3.858596,9.504188,3.178369,7.411163,0.271747
1863,8.294243,0,0,7.883949,0.108029,0.008852,0.086226,0.011114,12,0,3.858596,9.504188,3.178369,7.614989,0.25811
1864,25.534812,1,17.3139,25.069236,0.09572,0.005932,0.08053,0.008401,12,0,3.958282,9.709863,3.051118,7.382839,0.304723
1865,8.141989,0,0,7.735562,0.105741,0.008589,0.08579,0.009953,12,0,3.958282,9.709863,3.051118,7.464338,0.257839
1866,26.077401,1,17.862456,25.649057,0.117583,0.009741,0.093776,0.012024,12,0,4.141055,10.091578,3.04658,7.45605,0.26287
1867,8.18444,0,0,7.738847,0.134317,0.012673,0.103108,0.016682,12,0,4.141055,10.091578,3.04658,7.444046,0.280948
1868,25.504642,1,17.102056,25.073537,0.118795,0.016988,0.091691,0.009222,12,0,3.850323,9.654323,3.014261,7.613457,0.279899
1869,8.365886,0,0,7.922016,0.122117,0.008839,0.100139,0.011052,12,0,3.850323,9.654323,3.014261,7.636174,0.273792
1870,25.561962,1,17.28479,25.139438,0.096712,0.006073,0.08106,0.008811,12,0,3.91125,9.615858,3.130812,7.52572,0.26141
1871,8.214536,0,0,7.805861,0.107108,0.008576,0.086181,0.010679,12,0,3.91125,9.615858,3.130812,7.533259,0.261889
1872,25.607261,1,17.205456,25.200422,0.097686,0.006226,0.081487,0.009008,12,0,3.908403,9.62694,3.082862,7.667719,0.261665
1873,8.249587,0,0,7.767145,0.109038,0.008473,0.088705,0.010414,12,0,3.908403,9.62694,3.082862,7.489959,0.265897
1874,26.014212,1,17.286777,25.476387,0.21133,0.021763,0.163742,0.023297,12,0,3.912874,9.726822,3.049821,7.849134,0.259347
1875,8.12929,0,0,7.685393,0.122358,0.008193,0.101717,0.010613,12,0,3.912874,9.726822,3.049821,7.417898,0.256253
1876,25.743335,1,17.199791,25.31805,0.098853,0.006401,0.081921,0.009596,12,0,3.848409,9.683123,3.0886,7.783829,0.268045
1877,7.944139,0,0,7.546467,0.096259,0.006333,0.080624,0.008532,12,0,3.848409,9.683123,3.0886,7.278372,0.258072
1878,25.756196,1,17.572522,25.326949,0.106604,0.007043,0.089448,0.009042,12,0,4.011557,9.821966,3.147092,7.42567,0.261172
1879,8.147991,0,0,7.736075,0.106202,0.009085,0.085049,0.010275,12,0,4.011557,9.821966,3.147092,7.470186,0.255384
1880,26.577228,1,17.884979,26.125474,0.112677,0.010023,0.088482,0.012004,12,0,4.037496,9.913084,3.316276,7.860476,0.29917
1881,9.336239,0,0,8.868397,0.113897,0.010669,0.088446,0.011825,12,0,4.037496,9.913084,3.316276,8.596473,0.258685
1882,26.494077,1,18.159705,26.027771,0.141913,0.020174,0.08831,0.031351,12,0,4.099389,10.265687,3.203506,7.536659,0.261669
1883,8.05688,0,0,7.644258,0.108175,0.009305,0.086951,0.010359,12,0,4.099389,10.265687,3.203506,7.375288,0.258248
1884,25.829279,1,17.323936,25.365573,0.101224,0.007328,0.083211,0.009517,12,0,4.031792,9.637459,3.070839,7.696413,0.277057
1885,7.924582,0,0,7.520725,0.101175,0.00749,0.083181,0.009391,12,0,4.031792,9.637459,3.070839,7.253505,0.256956
1886,26.739087,1,17.724434,26.170304,0.155535,0.012039,0.122507,0.018672,12,0,3.978772,9.864101,3.215535,8.085024,0.273439
1887,11.044332,0,0,10.530913,0.114271,0.010357,0.089719,0.01184,12,0,3.978772,9.864101,3.215535,10.224172,0.293482
1888,28.418057,1,19.686263,27.939368,0.131638,0.010885,0.105146,0.013103,12,0,4.294729,10.978023,3.716359,7.879499,0.288825
1889,8.789641,0,0,8.272292,0.12061,0.011285,0.093148,0.012965,12,0,4.294729,10.978023,3.716359,7.994244,0.263719
1890,28.182318,1,18.320055,27.537001,0.151971,0.011298,0.125717,0.01251,12,0,4.119817,10.262928,3.256745,8.805649,0.323241
1891,9.086176,0,0,8.587536,0.119796,0.011192,0.094166,0.011771,12,0,4.119817,10.262928,3.256745,8.280529,0.294466
1892,27.695689,1,19.064673,27.195786,0.123021,0.010605,0.09758,0.0122,12,0,4.247548,10.71794,3.397029,7.772279,0.273412
1893,8.465776,0,0,8.004827,0.130138,0.010413,0.10539,0.011947,12,0,4.247548,10.71794,3.397029,7.735143,0.257181
1894,25.844383,1,17.570078,25.405772,0.111933,0.006866,0.094881,0.009074,12,0,3.987841,9.853316,3.136592,7.500805,0.264134
1895,8.227816,0,0,7.757913,0.111635,0.009844,0.087668,0.011791,12,0,3.987841,9.853316,3.136592,7.488039,0.257225
1896,25.597459,1,17.498659,25.165886,0.105629,0.006084,0.090086,0.00871,12,0,3.888794,9.944193,3.074941,7.332766,0.26348
1897,8.102054,0,0,7.662019,0.128494,0.018839,0.097073,0.010749,12,0,3.888794,9.944193,3.074941,7.363159,0.288016
