x,y,z,vx,vy,vz,ax,ay,az,mass
-0.92800003290176392,0.071999989449977875,-0.92800003290176392,0,0,0,0,0,0,8
-0.53068947792053223,0.071999989449977875,-0.92800003290176392,0.00058843340957537293,0,0,0.034551423043012619,0,0,8
-0.53068947792053223,0.071999989449977875,-0.92800003290176392,0.00058843340957537293,0,0,0.034551423043012619,0,0,8
-0.1769663393497467,0.071999989449977875,-0.92800003290176392,-0.0020040534436702728,0,0,0.042472127825021744,0,0,8
-0.17696638405323029,0.071999989449977875,-0.92800003290176392,-0.0020041179377585649,0,0,0.042473301291465759,0,0,8
0.18036939203739166,0.071999989449977875,-0.92800003290176392,-0.0040680873207747936,0,0,0.11707714945077896,0,0,8
0.18036937713623047,0.071999989449977875,-0.92800003290176392,-0.0040680491365492344,0,0,0.11707644909620285,0,0,8
0.53278309106826782,0.071999989449977875,-0.92800003290176392,0.0038122739642858505,0,0,0.086040541529655457,0,0,8
0.53278309106826782,0.071999989449977875,-0.92800003290176392,0.0038129093591123819,0,0,0.086028769612312317,0,0,8
0.92800003290176392,0.071999989449977875,-0.92800003290176392,0,0,0,0,0,0,8
-0.92800003290176392,0.071999989449977875,-0.53637206554412842,0,0,-0.0019264809088781476,0,0,0.026620374992489815,8
-0.71148002147674561,0.071999989449977875,-0.74448949098587036,-0.047608640044927597,0,-0.04792998731136322,-0.5740513801574707,0,-0.42553043365478516,8
-0.43158441781997681,0.071999989449977875,-0.54923838376998901,-0.031325835734605789,0,-0.031988468021154404,-0.91850382089614868,0,-0.54827868938446045,8
-0.31032264232635498,0.071999989449977875,-0.72564482688903809,-0.019271276891231537,0,-0.048675514757633209,-0.54729163646697998,0,-0.42894107103347778,8
-0.098781555891036987,0.071999989449977875,-0.720511794090271,0.021627239882946014,0,-0.049492500722408295,0.076772637665271759,0,-0.50585567951202393,8
0.10113181173801422,0.071999989449977875,-0.72291660308837891,0.04092947393655777,0,-0.029437683522701263,0.43303284049034119,0,-0.37410911917686462,8
0.33401376008987427,0.071999989449977875,-0.73114752769470215,0.038997065275907516,0,-0.049530342221260071,0.68069082498550415,0,-0.43918275833129883,8
0.41802069544792175,0.071999989449977875,-0.56350964307785034,0.03101903572678566,0,-0.048430256545543671,0.59772920608520508,0,-0.45728844404220581,8
0.73425406217575073,0.071999989449977875,-0.73057365417480469,0.039170999079942703,0,-0.039799269288778305,0.25031819939613342,0,-0.40152531862258911,8
0.92800003290176392,0.071999989449977875,-0.53145211935043335,0,0,-0.0066353646107017994,0,0,-0.087199665606021881,8
-0.92800003290176392,0.071999989449977875,-0.53637218475341797,0,0,-0.0019269073382019997,0,0,0.026628181338310242,8
-0.53961068391799927,0.071999989449977875,-0.39532995223999023,-0.045624051243066788,0,-0.051175229251384735,-0.97815519571304321,0,0.086118794977664948,8
-0.36112344264984131,0.071999989449977875,-0.38181522488594055,-0.088109761476516724,0,-0.07963116466999054,-2.0145936012268066,0,-2.5577983856201172,8
-0.28059300780296326,0.071999989449977875,-0.55346852540969849,-0.0047227251343429089,0,-0.048979956656694412,-0.2031930536031723,0,-1.105581521987915,8
-0.17777793109416962,0.071999989449977875,-0.4011847972869873,-0.010924417525529861,0,-0.16529296338558197,0.57920080423355103,0,-2.2404775619506836,8
0.18769921362400055,0.071999989449977875,-0.40738058090209961,0.085782140493392944,0,-0.11628130823373795,0.50378119945526123,0,-2.2004294395446777,8
0.27658072113990784,0.071999989449977875,-0.55743604898452759,0.02483847551047802,0,-0.05580553412437439,0.36258956789970398,0,-0.90510529279708862,8
0.37099871039390564,0.071999989449977875,-0.37036910653114319,0.12214825302362442,0,-0.091222673654556274,2.0547652244567871,0,-1.8959885835647583,8
0.5574185848236084,0.071999989449977875,-0.42261818051338196,0.053670492023229599,0,-0.052638012915849686,0.74754947423934937,0,-0.28860512375831604,8
0.92800003290176392,0.071999989449977875,-0.53145211935043335,0,0,-0.0066353646107017994,0,0,-0.087199665606021881,8
-0.92800003290176392,0.071999989449977875,-0.17727814614772797,0,0,0.0034008801449090242,0,0,-0.035641588270664215,8
-0.72338742017745972,0.071999989449977875,-0.41144409775733948,-0.049694359302520752,0,-0.051986701786518097,-0.55544233322143555,0,-1.0948548316955566,8
-0.52710503339767456,0.071999989449977875,-0.22708272933959961,-0.14024195075035095,0,-0.024369306862354279,-1.2835819721221924,0,0.40249314904212952,8
-0.22031833231449127,0.071999989449977875,-0.23166972398757935,-0.044821009039878845,0,-0.095214791595935822,-0.043490450829267502,0,-0.25653114914894104,8
-0.070681340992450714,0.071999989449977875,-0.23971438407897949,-0.034583490341901779,0,-0.091724686324596405,-0.11326582729816437,0,-1.2377691268920898,8
0.11277974396944046,0.071999989449977875,-0.24197663366794586,0.018454171717166901,0,-0.052327685058116913,-1.1615996360778809,0,-0.83978241682052612,8
0.25226455926895142,0.071999989449977875,-0.21921610832214355,0.10590802878141403,0,-0.08148907870054245,0.92555451393127441,0,-0.84746479988098145,8
0.55547147989273071,0.071999989449977875,-0.27380970120429993,0.046312760561704636,0,-0.016903109848499298,1.0712510347366333,0,-0.47713971138000488,8
0.72993010282516479,0.071999989449977875,-0.33447086811065674,0.044428091496229172,0,-0.046271897852420807,0.45011565089225769,0,-0.64481991529464722,8
0.92800003290176392,0.071999989449977875,-0.36100572347640991,0,0,-0.0047866781242191792,0,0,-0.1573513001203537,8
-0.92800003290176392,0.071999989449977875,-0.18868447840213776,0,0,0.0038112900219857693,0,0,0.78461498022079468,8
-0.71921777725219727,0.071999989449977875,-0.071140147745609283,-0.045621488243341446,0,0.016298102214932442,-0.66374373435974121,0,0.6925087571144104,8
-0.37297430634498596,0.071999989449977875,-0.20061160624027252,-0.25509792566299438,0,-0.020018585026264191,-2.9115810394287109,0,-0.29499581456184387,8
-0.3869626522064209,0.071999989449977875,-0.038475662469863892,-0.16950979828834534,0,0.038418818265199661,-1.5321928262710571,0,0.19272586703300476,8
-0.18689490854740143,0.071999989449977875,-0.072899632155895233,-0.13545127213001251,0,-0.068876922130584717,-0.7780415415763855,0,-0.047465931624174118,8
0.0080275926738977432,0.071999989449977875,-0.088226065039634705,-0.013351356610655785,0,-0.028964200988411903,0.14065162837505341,0,-0.43904328346252441,8
0.22011926770210266,0.071999989449977875,-0.075965091586112976,0.10667947679758072,0,-0.032716765999794006,0.72893029451370239,0,0.42751279473304749,8
0.398774653673172,0.071999989449977875,-0.18263149261474609,0.20086891949176788,0,-0.024787886068224907,2.9399802684783936,0,-0.3316102921962738,8
0.72014617919921875,0.071999989449977875,-0.11731056869029999,0.045499540865421295,0,-0.013806664384901524,0.68279546499252319,0,-0.14962707459926605,8
0.92800003290176392,0.071999989449977875,-0.17901185154914856,0,0,0.0040574651211500168,0,0,-0.053017407655715942,8
-0.92800003290176392,0.071999989449977875,0.36161661148071289,0,0,0.0054227514192461967,0,0,0.054371662437915802,8
-0.72526580095291138,0.071999989449977875,0.10721284151077271,-0.060095489025115967,0,0.026784395799040794,-0.77282124757766724,0,0.76987987756729126,8
-0.4102027416229248,0.071999989449977875,0.15250402688980103,-0.24838948249816895,0,0.0472278892993927,-1.7172050476074219,0,0.95548301935195923,8
-0.27181488275527954,0.071999989449977875,0.07771533727645874,-0.08763846755027771,0,-0.05238012969493866,-1.0324779748916626,0,0.27724182605743408,8
-0.091538436710834503,0.071999989449977875,0.089391104876995087,-0.0048428699374198914,0,0.035806111991405487,-0.13006910681724548,0,1.3009837865829468,8
0.10575464367866516,0.071999989449977875,0.061107330024242401,0.13552841544151306,0,0.047599654644727707,0.73855245113372803,0,0.41454869508743286,8
0.26721704006195068,0.071999989449977875,0.11569701135158539,0.11418533325195312,0,0.016573883593082428,1.3657277822494507,0,-1.426134467124939,8
0.41401520371437073,0.071999989449977875,0.18193598091602325,0.16231545805931091,0,0.066353887319564819,2.4760806560516357,0,0.70539224147796631,8
0.72992402315139771,0.071999989449977875,0.085917241871356964,0.042928654700517654,0,-0.0032409497071057558,0.61001384258270264,0,0.15227176249027252,8
0.92800003290176392,0.071999989449977875,0.17928683757781982,0,0,-0.0040349047631025314,0,0,-0.14078529179096222,8
-0.92800003290176392,0.071999989449977875,0.18684233725070953,0,0,0.0090060336515307426,0,0,0.034595131874084473,8
-0.72682851552963257,0.071999989449977875,0.35568007826805115,-0.060060612857341766,0,0.055118422955274582,-0.65749055147171021,0,0.32103636860847473,8
-0.51454055309295654,0.071999989449977875,0.29121169447898865,-0.11325374990701675,0,0.13234736025333405,-1.4667035341262817,0,1.4419188499450684,8
-0.23600716888904572,0.071999989449977875,0.22035039961338043,-0.18733435869216919,0,0.031024664640426636,-1.2374755144119263,0,0.96445882320404053,8
-0.10921656340360641,0.071999989449977875,0.29724422097206116,-0.030801480636000633,0,-0.12444598972797394,1.0262768268585205,0,1.3779700994491577,8
0.037874482572078705,0.071999989449977875,0.22747123241424561,0.090299077332019806,0,0.12409534305334091,-0.17595289647579193,0,1.622707724571228,8
0.20691503584384918,0.071999989449977875,0.23727965354919434,0.099701367318630219,0,0.14034600555896759,0.049905624240636826,0,1.0716919898986816,8
0.55686032772064209,0.071999989449977875,0.27332368493080139,0.081743627786636353,0,0.027735993266105652,1.4686189889907837,0,0.39803889393806458,8
0.73255234956741333,0.071999989449977875,0.32332280278205872,0.042373701930046082,0,0.041832093149423599,0.35503795742988586,0,0.77467805147171021,8
0.92800003290176392,0.071999989449977875,0.17928683757781982,0,0,-0.0040348973125219345,0,0,-0.14078542590141296,8
-0.92800003290176392,0.071999989449977875,0.53667324781417847,0,0,0.001869116211310029,0,0,-0.030422262847423553,8
-0.55683422088623047,0.071999989449977875,0.45073333382606506,-0.04802154004573822,0,0.10532674193382263,-0.66288131475448608,0,0.9477241039276123,8
-0.36309483647346497,0.071999989449977875,0.3612903356552124,-0.10730679333209991,0,0.12474322319030762,-1.6371806859970093,0,1.7043434381484985,8
-0.24315221607685089,0.071999989449977875,0.5794033408164978,0.085288532078266144,0,0.04679672047495842,0.14660930633544922,0,0.25953879952430725,8
-0.2083476334810257,0.071999989449977875,0.43071797490119934,0.020737729966640472,0,0.043942466378211975,0.20378048717975616,0,1.3515149354934692,8
0.20294985175132751,0.071999989449977875,0.39365622401237488,-0.012336465530097485,0,0.20464867353439331,-0.095482140779495239,0,2.3891234397888184,8
0.29107221961021423,0.071999989449977875,0.55728608369827271,0.010197967290878296,0,0.042655646800994873,-0.032332185655832291,0,0.42938342690467834,8
0.37719237804412842,0.071999989449977875,0.36304512619972229,0.07450462132692337,0,0.11720146983861923,1.4678949117660522,0,2.3031711578369141,8
0.56236761808395386,0.071999989449977875,0.4109514057636261,0.016703005880117416,0,0.042080838233232498,0.77602607011795044,0,0.43671277165412903,8
0.92800003290176392,0.071999989449977875,0.53119611740112305,0,0,0.00093976373318582773,0,0,-0.061144288629293442,8
-0.92800003290176392,0.071999989449977875,0.53667318820953369,0,0,0.0018691141158342361,0,0,-0.03042227029800415,8
-0.72064012289047241,0.071999989449977875,0.73758280277252197,-0.026283640414476395,0,0.058239385485649109,-0.45837050676345825,0,0.46613192558288574,8
-0.39298194646835327,0.071999989449977875,0.54848814010620117,0.029217645525932312,0,0.05467749759554863,-0.4235573410987854,0,0.75268453359603882,8
-0.3210335373878479,0.071999989449977875,0.73191183805465698,-0.010869334451854229,0,0.040518626570701599,-0.48827317357063293,0,0.43247997760772705,8
-0.066076010465621948,0.071999989449977875,0.73241126537322998,0.037014424800872803,0,0.039812751114368439,0.23272174596786499,0,0.19385966658592224,8
0.14338265359401703,0.071999989449977875,0.71540099382400513,0.06486935168504715,0,0.031421549618244171,0.25033861398696899,0,0.07880033552646637,8
0.35003870725631714,0.071999989449977875,0.73486417531967163,0.093263573944568634,0,0.045714400708675385,0.55245232582092285,0,0.10755277425050735,8
0.43246880173683167,0.071999989449977875,0.55912315845489502,0.030394487082958221,0,0.03559267520904541,0.36972087621688843,0,0.53975868225097656,8
0.73167884349822998,0.071999989449977875,0.73411780595779419,0.051157049834728241,0,0.034916341304779053,0.44485059380531311,0,0.24840573966503143,8
0.92800003290176392,0.071999989449977875,0.5311959981918335,0,0,0.00094062014250084758,0,0,-0.061160188168287277,8
-0.92800003290176392,0.071999989449977875,0.92800003290176392,0,0,0,0,0,0,8
-0.53393346071243286,0.071999989449977875,0.92800003290176392,0.0028601088561117649,0,0,0.034762009978294373,0,0,8
-0.53393357992172241,0.071999989449977875,0.92800003290176392,0.0028601051308214664,0,0,0.034762024879455566,0,0,8
-0.18218009173870087,0.071999989449977875,0.92800003290176392,-2.7296424377709627e-05,0,0,-0.042449817061424255,0,0,8
-0.18218012154102325,0.071999989449977875,0.92800003290176392,-2.7302303351461887e-05,0,0,-0.042449723929166794,0,0,8
0.17445886135101318,0.071999989449977875,0.92800003290176392,-0.00028361077420413494,0,0,0.083319768309593201,0,0,8
0.17445887625217438,0.071999989449977875,0.92800003290176392,-0.00028372975066304207,0,0,0.083321966230869293,0,0,8
0.53190970420837402,0.071999989449977875,0.92800003290176392,0.0020226354245096445,0,0,0.12799011170864105,0,0,8
0.53190970420837402,0.071999989449977875,0.92800003290176392,0.0020226354245096445,0,0,0.12799011170864105,0,0,8
0.92800003290176392,0.071999989449977875,0.92800003290176392,0,0,0,0,0,0,8
-0.92800003290176392,0.071999989449977875,-0.92800003290176392,0,0,0,0,0,0,8
-0.92800003290176392,0.071999989449977875,-0.92800003290176392,0,0,0,0,0,0,8
-0.530689537525177,0.071999989449977875,-0.92800003290176392,0.00058844476006925106,0,0,0.034551177173852921,0,0,8
-0.35784614086151123,0.071999989449977875,-0.92800003290176392,-0.0035504552070051432,0,0,-0.011049059219658375,0,0,8
0.18036933243274689,0.071999989449977875,-0.92800003290176392,-0.0040681180544197559,0,0,0.11707770824432373,0,0,8
0.0006538761081174016,0.071999989449977875,-0.92800003290176392,-0.00074571120785549283,0,0,0.10795697569847107,0,0,8
0.35956862568855286,0.071999989449977875,-0.92800003290176392,0.0085770748555660248,0,0,0.21498408913612366,0,0,8
0.53278303146362305,0.071999989449977875,-0.92800003290176392,0.0038128409069031477,0,0,0.086030013859272003,0,0,8
0.71975040435791016,0.071999989449977875,-0.92800003290176392,0.011726255528628826,0,0,0.016463147476315498,0,0,8
0.92800003290176392,0.071999989449977875,-0.92800003290176392,0,0,0,0,0,0,8
-0.92800003290176392,0.071999989449977875,-0.72008681297302246,0,0,-0.016183862462639809,0,0,0.015451143495738506,8
-0.720753014087677,0.30577769875526428,-0.7136995792388916,-0.029672656208276749,0.034900330007076263,-0.0451359823346138,-0.35291966795921326,0.87315201759338379,-0.44622600078582764,8
-0.50748527050018311,0.071999989449977875,-0.70877528190612793,-0.015819700434803963,0,-0.047193359583616257,-0.48942527174949646,0,-0.46811193227767944,8
-0.38009953498840332,0.29603090882301331,-0.71037346124649048,-0.014705074951052666,0.0752154141664505,-0.073075577616691589,-0.2714712917804718,1.3320890665054321,-0.11123902350664139,8
-0.14306478202342987,0.071999989449977875,-0.55262017250061035,0.023819880560040474,0,-0.064016073942184448,0.039048098027706146,0,-0.69638502597808838,8
0.15017466247081757,0.071999989449977875,-0.55708366632461548,0.030018312856554985,0,-0.035107087343931198,0.64297330379486084,0,-0.6759827733039856,8
0.32298484444618225,0.27256715297698975,-0.66784626245498657,0.034884784370660782,0.059862334281206131,-0.042828675359487534,0.0073355059139430523,1.401305079460144,0.34325557947158813,8
0.54867780208587646,0.071999989449977875,-0.7133675217628479,0.030590400099754333,0,-0.037826526910066605,0.62090891599655151,0,-0.3205624520778656,8
0.70016676187515259,0.28781911730766296,-0.72418975830078125,0.051491532474756241,0.049053940922021866,-0.071572303771972656,0.58994734287261963,1.1406077146530151,-0.56712186336517334,8
0.92800003290176392,0.071999989449977875,-0.92800003290176392,0,0,0,0,0,0,8
-0.92800003290176392,0.071999989449977875,-0.53637212514877319,0,0,-0.0019241194240748882,0,0,0.026576561853289604,8
-0.71361154317855835,0.071999989449977875,-0.58926260471343994,-0.041403729468584061,0,-0.021965935826301575,-0.39072039723396301,0,-0.5299220085144043,8
-0.54319792985916138,0.071999989449977875,-0.53871738910675049,0.030046513304114342,0,-0.083548486232757568,0.2178741991519928,0,0.049493011087179184,8
-0.28525030612945557,0.30324256420135498,-0.54208052158355713,-0.040413364768028259,0.030591703951358795,-0.10420092940330505,-0.2110825777053833,1.2666025161743164,-1.2977278232574463,8
0.0009418827248737216,0.071999989449977875,-0.5601009726524353,0.0072178589180111885,0,-0.033260375261306763,0.36845201253890991,0,-0.15257845818996429,8
0.0054260464385151863,0.071999989449977875,-0.40072733163833618,0.018934551626443863,0,-0.072710543870925903,-0.03434373065829277,0,-1.2665075063705444,8
0.29671993851661682,0.31013807654380798,-0.48035463690757751,0.062600865960121155,0.06234017014503479,-0.044985894113779068,0.17916350066661835,1.5264790058135986,-0.59374433755874634,8
0.5287477970123291,0.071999989449977875,-0.5352170467376709,0.030916256830096245,0,-0.025098530575633049,0.51198482513427734,0,-0.45950496196746826,8
0.70948296785354614,0.071999989449977875,-0.54663187265396118,0.046575546264648438,0,-0.030146589502692223,0.39035972952842712,0,-0.46143555641174316,8
0.92800003290176392,0.071999989449977875,-0.5314520001411438,0,0,-0.0066354246810078621,0,0,-0.087198473513126373,8
-0.92800003290176392,0.071999989449977875,-0.35640782117843628,0,0,0.0038728797808289528,0,0,0.11278803646564484,8
-0.66058486700057983,0.27760827541351318,-0.39875367283821106,0.0091676991432905197,0.045472316443920135,-0.050412558019161224,0.82106059789657593,1.4799383878707886,-0.4316260814666748,8
-0.49507954716682434,0.30850949883460999,-0.26956963539123535,-0.06285993754863739,0.086968153715133667,-0.034961298108100891,-1.7389615774154663,1.763785719871521,0.10152037441730499,8
-0.2984212338924408,0.29460933804512024,-0.30771321058273315,-0.14757980406284332,-0.35570546984672546,-0.13951176404953003,-1.2548211812973022,-2.4169652462005615,-1.872870922088623,8
-0.12250892817974091,0.29619148373603821,-0.2376054972410202,-0.04980749636888504,-0.33944961428642273,-0.19170910120010376,1.7410825490951538,-2.3229126930236816,-0.89141690731048584,8
0.079015739262104034,0.29757905006408691,-0.2467816025018692,0.08170696347951889,-0.32352539896965027,-0.13689003884792328,-0.6079937219619751,-2.2146167755126953,-1.3523545265197754,8
0.25691726803779602,0.29865968227386475,-0.28526559472084045,0.083577640354633331,-0.31183731555938721,-0.13401365280151367,1.0153985023498535,-11.619028091430664,-1.3173118829727173,8
0.47196462750434875,0.30088937282562256,-0.28046071529388428,0.059121403843164444,0.11415694653987885,-0.029643597081303596,0.64897394180297852,2.4860508441925049,-0.22737994790077209,8
0.65993726253509521,0.27336046099662781,-0.39808005094528198,0.017852596938610077,0.058652885258197784,0.01369609497487545,-0.15239003300666809,1.1705731153488159,-0.28279405832290649,8
0.92800003290176392,0.071999989449977875,-0.17901194095611572,0,0,0.0040578157640993595,0,0,-0.053023930639028549,8
-0.92800003290176392,0.071999989449977875,0.18703524768352509,0,0,0.0041114781051874161,0,0,0.040254019200801849,8
-0.70720356702804565,0.071999989449977875,-0.23791462182998657,-0.052382815629243851,0,-0.051476925611495972,-0.36044952273368835,0,-0.86351627111434937,8
-0.54133427143096924,0.071999989449977875,-0.10727369040250778,-0.029474660754203796,0,-0.022499479353427887,-1.6310195922851562,0,-0.43551638722419739,8
-0.2648308277130127,0.2958366870880127,-0.099474504590034485,-0.1290501207113266,-0.34377667307853699,-0.019628271460533142,-0.49722722172737122,-2.3883800506591797,0.19671683013439178,8
-0.045299340039491653,0.29739290475845337,-0.10006581246852875,0.018577342852950096,-0.32598719000816345,0.03898794949054718,-0.16457787156105042,-2.264406681060791,-1.9490545988082886,8
0.10042902082204819,0.29861116409301758,-0.061448927968740463,0.013809259980916977,-0.31340846419334412,0.030095674097537994,1.1020269393920898,-2.1875054836273193,0.30109751224517822,8
0.2770349383354187,0.29969510436058044,-0.097294531762599945,0.18259003758430481,-0.30090814828872681,-0.049002278596162796,1.2774207592010498,-2.0876100063323975,0.65715157985687256,8
0.39615917205810547,0.071999989449977875,-0.0049794190563261509,0.094336338341236115,0,0.018553636968135834,1.3607739210128784,0,-0.0082114711403846741,8
0.54491263628005981,0.071999989449977875,-0.14585241675376892,0.093503437936306,0,-0.0035261455923318863,1.5247174501419067,0,-0.53704637289047241,8
0.92800003290176392,0.071999989449977875,-0.17901191115379333,0,0,0.0040580891072750092,0,0,-0.05302898958325386,8
-0.92800003290176392,0.071999989449977875,0.00355491042137146,0,0,0.0032791618723422289,0,0,-0.024253992363810539,8
-0.60626578330993652,0.071999989449977875,0.20645768940448761,0.0099992603063583374,0,0.027751058340072632,0.46936279535293579,0,0.13289065659046173,8
-0.54228001832962036,0.071999989449977875,0.052075862884521484,-0.11636593192815781,0,0.023920973762869835,-0.80081838369369507,0,-0.23443348705768585,8
-0.2715056836605072,0.2968420684337616,0.12223748117685318,-0.19212055206298828,-0.33494740724563599,-0.025547895580530167,-1.3720892667770386,-2.4075407981872559,-1.1214436292648315,8
-0.10409337282180786,0.29759716987609863,0.03088616207242012,0.066116601228713989,-0.32457727193832397,-0.024846296757459641,-0.71893322467803955,-2.2871990203857422,0.084900461137294769,8
0.040560517460107803,0.29893365502357483,0.096007935702800751,0.027830339968204498,-0.31104889512062073,-0.013043122366070747,1.1182330846786499,-2.2152936458587646,1.0112859010696411,8
0.22223447263240814,0.30024442076683044,0.10034610331058502,0.16041772067546844,-0.29587408900260925,0.069826230406761169,1.2849016189575195,-2.1064441204071045,-0.56367582082748413,8
0.56354808807373047,0.071999989449977875,-0.0050162156112492085,0.040388349443674088,0,0.010695819742977619,0.88044774532318115,0,0.26950961351394653,8
0.56701833009719849,0.071999989449977875,0.14638146758079529,0.069410361349582672,0,0.022064568474888802,0.97438806295394897,0,0.75893181562423706,8
0.92800003290176392,0.071999989449977875,-0.0016449418617412448,0,0,-0.001409230288118124,0,0,-0.12393514811992645,8
-0.92800003290176392,0.071999989449977875,0.18634128570556641,0,0,0.016212577000260353,0,0,0.099548950791358948,8
-0.66878914833068848,0.28143134713172913,0.33452984690666199,0.016163531690835953,0.039957929402589798,0.072140350937843323,0.80747520923614502,1.1793960332870483,0.52666604518890381,8
-0.4720771312713623,0.30927366018295288,0.29366874694824219,-0.060516197234392166,0.12978397309780121,0.020280478522181511,-1.4394892454147339,2.5436224937438965,-0.09162699431180954,8
-0.26346650719642639,0.29778388142585754,0.30855605006217957,-0.054697103798389435,-0.32467350363731384,0.13517959415912628,-0.93155241012573242,-2.363534688949585,1.768803596496582,8
-0.095503933727741241,0.29852783679962158,0.21403166651725769,-0.025280311703681946,-0.31578472256660461,0.12205497920513153,1.211355447769165,-2.2716574668884277,1.015943169593811,8
0.10076498240232468,0.30013591051101685,0.25915628671646118,0.018357444554567337,-0.29817068576812744,0.24090439081192017,-1.4457889795303345,-2.169677734375,2.1714169979095459,8
0.27437901496887207,0.3014352023601532,0.27313268184661865,0.15129786729812622,-0.28444790840148926,0.055828738957643509,2.3336002826690674,-10.51326847076416,0.41029772162437439,8
0.48195859789848328,0.30886596441268921,0.29890939593315125,0.034327026456594467,0.061829037964344025,0.082861296832561493,0.8500208854675293,1.4186474084854126,0.63521599769592285,8
0.6817055344581604,0.27655193209648132,0.38307479023933411,0.036612182855606079,0.039796542376279831,0.046408087015151978,0.010143443010747433,1.2366565465927124,0.39056670665740967,8
0.92800003290176392,0.071999989449977875,0.36126676201820374,0,0,0.006578727625310421,0,0,0.059461161494255066,8
-0.92800003290176392,0.071999989449977875,0.53667342662811279,0,0,0.0018692873418331146,0,0,-0.03042537160217762,8
-0.71680015325546265,0.071999989449977875,0.56237280368804932,-0.054941222071647644,0,0.056576997041702271,-0.58622515201568604,0,0.35508555173873901,8
-0.53332173824310303,0.071999989449977875,0.53848350048065186,0.012224562466144562,0,0.070075400173664093,0.015522166155278683,0,0.55578833818435669,8
-0.27481740713119507,0.31397053599357605,0.50499451160430908,-0.01169848907738924,0.048137281090021133,0.075833410024642944,-0.023325493559241295,1.2428585290908813,2.2137374877929688,8
0.024039749056100845,0.071999989449977875,0.55938899517059326,0.010823767632246017,0,0.026494316756725311,-0.18767035007476807,0,0.19636730849742889,8
0.022413825616240501,0.071999989449977875,0.40516582131385803,-0.16770100593566895,0,0.10341223329305649,-0.22184191644191742,0,1.7365244626998901,8
0.33537018299102783,0.3104572594165802,0.47295129299163818,0.03169526532292366,0.079406179487705231,0.074827417731285095,0.006458647083491087,1.3889071941375732,0.99761474132537842,8
0.54373949766159058,0.071999989449977875,0.52308940887451172,0.027057075873017311,0,0.03460494801402092,0.42506158351898193,0,0.67148721218109131,8
0.71331357955932617,0.071999989449977875,0.54882347583770752,0.03812779113650322,0,0.013251956552267075,0.33482009172439575,0,0.53631818294525146,8
0.92800003290176392,0.071999989449977875,0.53119605779647827,0,0,0.00093976594507694244,0,0,-0.061144351959228516,8
-0.92800003290176392,0.071999989449977875,0.72051918506622314,0,0,0.01686481200158596,0,0,0.1030937135219574,8
-0.72257810831069946,0.29872527718544006,0.70894479751586914,-0.047703273594379425,0.040166288614273071,0.042899347841739655,0.079283520579338074,0.91726154088973999,0.092800065875053406,8
-0.53036075830459595,0.071999989449977875,0.70796883106231689,-0.0014649478252977133,0,0.032749224454164505,-0.61919271945953369,0,0.29228124022483826,8
-0.39244019985198975,0.2734234631061554,0.6779448390007019,-0.026593819260597229,0.036398325115442276,0.042591113597154617,-0.30430218577384949,1.4656294584274292,-0.10818588733673096,8
-0.12636213004589081,0.071999989449977875,0.56949764490127563,-0.017257161438465118,0,0.015557829290628433,-0.1562536358833313,0,-0.051748581230640411,8
0.16000516712665558,0.071999989449977875,0.54026806354522705,-0.022930745035409927,0,0.064018197357654572,0.011761541478335857,0,0.87464326620101929,8
0.33436641097068787,0.27597180008888245,0.66715776920318604,0.044221453368663788,0.050285167992115021,-0.0014276541769504547,-0.024875586852431297,1.0917913913726807,-0.72744375467300415,8
0.54961478710174561,0.071999989449977875,0.71241259574890137,0.073782838881015778,0,0.041215509176254272,0.68640327453613281,0,0.40554362535476685,8
0.71462506055831909,0.29928985238075256,0.72208964824676514,0.052616365253925323,0.074641808867454529,0.045858461409807205,0.39636364579200745,1.4407558441162109,0.22712184488773346,8
0.92800003290176392,0.071999989449977875,0.92800003290176392,0,0,0,0,0,0,8
-0.92800003290176392,0.071999989449977875,0.92800003290176392,0,0,0,0,0,0,8
-0.92800003290176392,0.071999989449977875,0.92800003290176392,0,0,0,0,0,0,8
-0.53393340110778809,0.071999989449977875,0.92800003290176392,0.002860167296603322,0,0,0.0347609743475914,0,0,8
-0.36267641186714172,0.071999989449977875,0.92800003290176392,0.0023783121723681688,0,0,-0.020652567967772484,0,0,8
0.17445887625217438,0.071999989449977875,0.92800003290176392,-0.00028372276574373245,0,0,0.083321824669837952,0,0,8
-0.0015571441035717726,0.071999989449977875,0.92800003290176392,0.0074890381656587124,0,0,0.12882043421268463,0,0,8
0.35653945803642273,0.071999989449977875,0.92800003290176392,0.0052143028005957603,0,0,0.19422639906406403,0,0,8
0.53190970420837402,0.071999989449977875,0.92800003290176392,0.0020226344931870699,0,0,0.12799011170864105,0,0,8
0.71941566467285156,0.071999989449977875,0.92800003290176392,0.011330635286867619,0,0,0.063144788146018982,0,0,8
0.92800003290176392,0.071999989449977875,0.92800003290176392,0,0,0,0,0,0,8
-0.92800003290176392,0.071999989449977875,-0.92800003290176392,0,0,0,0,0,0,8
-0.72174763679504395,0.071999989449977875,-0.92800003290176392,-0.021572565659880638,0,0,-0.095554083585739136,0,0,8
-0.47660332918167114,0.28401941061019897,-0.92800003290176392,-0.0024846864398568869,-0.0093609727919101715,0,0.0013035464799031615,0.18106754124164581,0,8
-0.28996938467025757,0.26935982704162598,-0.92800003290176392,0.015369451604783535,-0.0076390188187360764,0,0.071272827684879303,0.25544071197509766,0,8
-0.17696636915206909,0.071999989449977875,-0.92800003290176392,-0.0020041009411215782,0,0,0.042472995817661285,0,0,8
0.084057912230491638,0.26992166042327881,-0.92800003290176392,0.024066757410764694,0.0055369548499584198,0,-0.13576336205005646,0.47222802042961121,0,8
0.27337664365768433,0.27655893564224243,-0.92800003290176392,0.02560335211455822,-0.0093367956578731537,0,-0.14951001107692719,0.43078610301017761,0,8
0.45173332095146179,0.27454787492752075,-0.92800003290176392,0.026103992015123367,-0.0082321856170892715,0,0.12798786163330078,0.11749522387981415,0,8
0.6856687068939209,0.25412321090698242,-0.92800003290176392,0.0062289321795105934,-0.010989872738718987,0,-0.27435791492462158,0.070260852575302124,0,8
0.92800003290176392,0.071999989449977875,-0.92800003290176392,0,0,0,0,0,0,8
-0.92800003290176392,0.25547194480895996,-0.68685537576675415,0,-0.011058645322918892,-0.00098466034978628159,0,0.24622565507888794,0.17553251981735229,8
-0.92800003290176392,0.42848914861679077,-0.92800003290176392,0,0.0066797859035432339,0,0,0.20074792206287384,0,8
-0.54446101188659668,0.3055286705493927,-0.68654042482376099,0.013644224032759666,0.039638154208660126,-0.022146072238683701,0.27696812152862549,0.62078803777694702,0.15079188346862793,8
-0.1962629109621048,0.32403063774108887,-0.71262896060943604,0.01617879793047905,0.0084319598972797394,-0.058023221790790558,0.026000745594501495,0.38161802291870117,-0.089130021631717682,8
-0.040983181446790695,0.280854731798172,-0.66795629262924194,0.026790555566549301,0.025509875267744064,-0.056306667625904083,0.014550312422215939,1.0308432579040527,0.025761386379599571,8
0.12739856541156769,0.30772793292999268,-0.7044796347618103,0.046699453145265579,0.029734404757618904,-0.068656131625175476,0.25748723745346069,0.38856205344200134,-0.15080897510051727,8
0.26496362686157227,0.43928700685501099,-0.7056884765625,0.059875495731830597,0.0018438408151268959,-0.027044337242841721,0.32512015104293823,-0.44202700257301331,0.024899838492274284,8
0.50764858722686768,0.30843386054039001,-0.7057875394821167,0.0077183805406093597,0.043345354497432709,-0.022225862368941307,-0.33622774481773376,0.9546363353729248,-0.11214913427829742,8
0.92800003290176392,0.52429425716400146,-0.92800003290176392,0,0.042559914290904999,0,0,-0.92779189348220825,0,8
0.92800003290176392,0.071999989449977875,-0.71920281648635864,0,0,-0.016848744824528694,0,0,0.018606370314955711,8
-0.92800003290176392,0.28196656703948975,-0.4653850793838501,0,-0.013115540146827698,0.015380550175905228,0,0.071624472737312317,0.072945572435855865,8
-0.69798457622528076,0.32250604033470154,-0.53454560041427612,-0.008965582586824894,-0.0029813442379236221,0.0097653847187757492,0.24858675897121429,0.409290611743927,-0.023249609395861626,8
-0.47384095191955566,0.31260475516319275,-0.47410506010055542,-0.040884636342525482,0.059381723403930664,-0.060280632227659225,-0.85178738832473755,1.3373309373855591,-0.73946988582611084,8
-0.21991850435733795,0.49385452270507812,-0.37136286497116089,0.10778910666704178,-0.086334757506847382,0.0041613131761550903,1.1531133651733398,-0.12394397705793381,-0.043624784797430038,8
-0.11304093897342682,0.30783012509346008,-0.4522121250629425,-0.01014932245016098,0.16148307919502258,-0.15696129202842712,0.93413794040679932,2.4624524116516113,-1.3298014402389526,8
0.098680458962917328,0.30720669031143188,-0.46637770533561707,-0.0039782640524208546,0.0640229731798172,-0.089681632816791534,-0.18417550623416901,1.2519744634628296,-0.69592034816741943,8
0.20049582421779633,0.47928518056869507,-0.37122735381126404,0.041423916816711426,-0.0026274151168763638,0.0052496939897537231,-0.13180363178253174,0.78012913465499878,-0.048032995313405991,8
0.49086695909500122,0.31889292597770691,-0.50532263517379761,0.079318806529045105,-0.0067426962777972221,-0.047958813607692719,0.31706926226615906,0.44215232133865356,-0.37977495789527893,8
0.70972424745559692,0.3123810887336731,-0.55547994375228882,0.027027910575270653,0.027253959327936172,0.0056711789220571518,0.18738587200641632,0.51564830541610718,-0.12544861435890198,8
0.92800003290176392,0.2852705717086792,-0.48380851745605469,0,-0.009129013866186142,0.016161754727363586,0,0.0075312512926757336,-0.022520048543810844,8
-0.92800003290176392,0.26763296127319336,-0.28396996855735779,0,-0.0099190566688776016,0.023273367434740067,0,0.19824965298175812,0.22821724414825439,8
-0.70755553245544434,0.31755626201629639,-0.23012031614780426,-0.026973748579621315,-0.0072301384061574936,-0.026394367218017578,0.27787867188453674,0.32086381316184998,-0.32010379433631897,8
-0.37045058608055115,0.46852856874465942,-0.21306456625461578,0.013712950050830841,-0.0014060568064451218,0.013241809792816639,0.026480553671717644,0.8069879412651062,0.37536096572875977,8
0.37351289391517639,0.47615703940391541,-0.20391377806663513,0.013554804027080536,-0.0029967927839607,0.026400310918688774,0.031287074089050293,0.47290036082267761,0.34066614508628845,8
0.69662928581237793,0.29972094297409058,-0.23873107135295868,0.030199097469449043,0.01051096897572279,-0.024076230823993683,0.34321898221969604,0.75475782155990601,-0.31747940182685852,8
0.92800003290176392,0.26676332950592041,-0.29733061790466309,0,-0.018629759550094604,0.016409533098340034,0,0.26233679056167603,0.44062644243240356,8
-0.92800003290176392,0.071999989449977875,-0.16569586098194122,0,0,0.0029033105820417404,0,0,-0.87764495611190796,8
-0.68646466732025146,0.2905518114566803,-0.040445953607559204,-0.090268656611442566,0.060671575367450714,0.012942496687173843,-0.4609907865524292,1.1204912662506104,-0.1465146541595459,8
-0.48982441425323486,0.31487992405891418,-0.070058584213256836,-0.17187434434890747,0.13388702273368835,-0.0085390275344252586,-1.1852524280548096,1.343414306640625,-0.78176218271255493,8
0.52092587947845459,0.31786441802978516,-0.093341946601867676,0.10350316762924194,0.1046200692653656,0.0061883069574832916,0.64336603879928589,1.4565221071243286,0.062004651874303818,8
0.70602327585220337,0.29764664173126221,-0.020784879103302956,0.041697259992361069,0.07657894492149353,0.047322183847427368,0.069676525890827179,1.2534185647964478,0.53545182943344116,8
0.92800003290176392,0.2719886302947998,-0.088807083666324615,0,-0.016832917928695679,-0.015983076766133308,0,0.16020184755325317,-0.21693892776966095,8
-0.92800003290176392,0.27001035213470459,0.081376805901527405,0,-0.0036477763205766678,0.01408353541046381,0,0.1201455220580101,-0.10154661536216736,8
-0.69488412141799927,0.30594396591186523,0.15586115419864655,-0.033507049083709717,0.022513542324304581,0.053832467645406723,-0.092365212738513947,0.52657103538513184,0.23568134009838104,8
-0.49716469645500183,0.32021999359130859,0.1148471012711525,-0.13974680006504059,0.16969087719917297,0.05261557549238205,-0.96200776100158691,2.3891189098358154,1.4289485216140747,8
0.43064263463020325,0.31431886553764343,0.082155831158161163,0.09583728015422821,0.15346965193748474,0.030158396810293198,0.47160831093788147,2.3297173976898193,0.11023940145969391,8
0.62300872802734375,0.28276386857032776,0.1274612694978714,-0.030252976343035698,0.023746799677610397,0.0056300144642591476,-0.19208376109600067,0.90671372413635254,-0.25956767797470093,8
0.92800003290176392,0.071999989449977875,0.17928686738014221,0,0,-0.0040349042974412441,0,0,-0.14078529179096222,8
-0.92800003290176392,0.27686560153961182,0.26598542928695679,0,-0.0040478948503732681,-0.0021881370339542627,0,0.22766438126564026,-0.08171343058347702,8
-0.69803881645202637,0.4738311767578125,0.27012506127357483,-0.065023422241210938,0.066848523914813995,0.050916455686092377,-0.7541046142578125,0.47500845789909363,0.41342830657958984,8
-0.37055748701095581,0.47586506605148315,0.22841393947601318,0.01267019659280777,-0.014046916738152504,0.010715510696172714,0.024813560768961906,0.25916150212287903,0.47568589448928833,8
0.37334716320037842,0.49153468012809753,0.25140982866287231,0.011598408222198486,0.024785293266177177,0.04929719865322113,0.017402619123458862,0.35010558366775513,-0.57611143589019775,8
0.72280550003051758,0.3660539984703064,0.23203387856483459,0.042219012975692749,-0.051233168691396713,0.013537025079131126,0.41233366727828979,-0.4034997820854187,0.52337050437927246,8
0.92800003290176392,0.2652963399887085,0.29117828607559204,0,-0.017626291140913963,-0.010179825127124786,0,0.18222463130950928,-0.073010772466659546,8
-0.92800003290176392,0.27567863464355469,0.44389563798904419,0,-0.0024337787181138992,-0.0026137384120374918,0,0.0664372518658638,-0.10922465473413467,8
-0.69301742315292358,0.29634556174278259,0.5147242546081543,-0.0307292640209198,0.024167019873857498,0.0022385921329259872,-0.23072807490825653,0.67420285940170288,0.24211986362934113,8
-0.48643091320991516,0.31548583507537842,0.48494091629981995,-0.064729444682598114,0.0007831500843167305,0.027522435411810875,-0.15785335004329681,0.97974461317062378,-0.15734770894050598,8
-0.17766408622264862,0.48741787672042847,0.37268278002738953,-0.030329648405313492,-0.067452192306518555,0.0045825541019439697,-0.1992068737745285,-0.39772307872772217,-0.0431688092648983,8
-0.069735787808895111,0.31072446703910828,0.42506936192512512,-6.7594693973660469e-05,0.14559340476989746,0.090738490223884583,0.75944024324417114,2.0025861263275146,1.0310417413711548,8
0.14566351473331451,0.3088047206401825,0.49869465827941895,0.021212680265307426,0.059037476778030396,0.11396977305412292,0.35443824529647827,0.8381081223487854,1.0605771541595459,8
0.20963567495346069,0.49067553877830505,0.37272843718528748,-0.11003253608942032,-0.022505596280097961,0.0049963146448135376,-0.86005520820617676,-0.1683432012796402,-0.043141093105077744,8
0.5137442946434021,0.32718813419342041,0.50759220123291016,0.04375777393579483,0.017366139218211174,0.03559812530875206,0.074152231216430664,0.26710635423660278,-0.026975756511092186,8
0.71058875322341919,0.31781360507011414,0.5505712628364563,0.039192508906126022,0.041498087346553802,-0.013636693358421326,0.29491233825683594,0.76726996898651123,-0.15623022615909576,8
0.92800003290176392,0.2842559814453125,0.48212572932243347,0,-0.0015737581998109818,-0.011404919438064098,0,0.00019686295127030462,-0.21013112366199493,8
-0.92800003290176392,0.25543475151062012,0.68289077281951904,0,-0.012213442474603653,-0.013182662427425385,0,0.21440510451793671,-0.29087519645690918,8
-0.92800003290176392,0.428047776222229,0.92800003290176392,0,0.0090262116864323616,0,0,0.021468594670295715,0,8
-0.55322957038879395,0.31240770220756531,0.70166373252868652,0.041762005537748337,0.035140912979841232,0.040346987545490265,0.13980801403522491,0.56551957130432129,0.13803485035896301,8
-0.22485484182834625,0.33840799331665039,0.72016787528991699,-0.0088439425453543663,0.023323461413383484,0.019993133842945099,0.10761982947587967,0.021451244130730629,-0.66861188411712646,8
-0.093726828694343567,0.2813059389591217,0.64597558975219727,0.0043714265339076519,0.01733044721186161,0.04688899964094162,-0.026259174570441246,0.3970605731010437,-0.57906186580657959,8
0.060687590390443802,0.30204764008522034,0.70653742551803589,-0.036165546625852585,0.040033478289842606,0.070328451693058014,-0.59873354434967041,0.6104617714881897,0.36537933349609375,8
0.22146104276180267,0.38111397624015808,0.72108972072601318,0.030566886067390442,-0.046859122812747955,0.050688497722148895,0.40563681721687317,-0.97584927082061768,0.40017417073249817,8
0.52761983871459961,0.30749103426933289,0.70394390821456909,0.0099704312160611153,0.03310830146074295,0.027869770303368568,0.15855777263641357,0.56532567739486694,0.18082486093044281,8
0.92800003290176392,0.5302661657333374,0.92800003290176392,0,0.014789184555411339,0,0,0.085531644523143768,0,8
0.92800003290176392,0.071999989449977875,0.71937298774719238,0,0,0.015288743190467358,0,0,0.050247803330421448,8
-0.92800003290176392,0.071999989449977875,0.92800003290176392,0,0,0,0,0,0,8
-0.72075700759887695,0.071999989449977875,0.92800003290176392,-0.015651144087314606,0,0,-0.03617497906088829,0,0,8
-0.47287681698799133,0.28254282474517822,0.92800003290176392,0.0033329930156469345,-0.012613985687494278,0,-0.11358167231082916,0.17558532953262329,0,8
-0.28771764039993286,0.26922124624252319,0.92800003290176392,0.017144139856100082,-0.010641103610396385,0,0.028414146974682808,0.02555999718606472,0,8
-0.18218010663986206,0.071999989449977875,0.92800003290176392,-2.7257716283202171e-05,0,0,-0.042450550943613052,0,0,8
0.085508950054645538,0.27173042297363281,0.92800003290176392,0.015640594065189362,-0.0070517268031835556,0,-0.0239847581833601,0.088514961302280426,0,8
0.28011742234230042,0.27285128831863403,0.92800003290176392,0.018393870443105698,-0.019024066627025604,0,0.031047852709889412,0.058045178651809692,0,8
0.46047791838645935,0.27713155746459961,0.92800003290176392,0.024532632902264595,0.00087346136569976807,0,-0.072994299232959747,0.14104703068733215,0,8
0.68432217836380005,0.25302034616470337,0.92800003290176392,0.0028427010402083397,-0.016627555713057518,0,-0.10661383718252182,0.18379545211791992,0,8
0.92800003290176392,0.071999989449977875,0.92800003290176392,0,0,0,0,0,0,8
-0.92800003290176392,0.26804518699645996,-0.92800003290176392,0,-0.019261967390775681,0,0,0.16369336843490601,0,8
-0.62137675285339355,0.52092653512954712,-0.92800003290176392,-0.0054655121639370918,0.0509786456823349,0,-0.14905375242233276,0.32961028814315796,0,8
-0.73323047161102295,0.40719425678253174,-0.92800003290176392,-0.029287930577993393,-0.0087967617437243462,0,0.10257615894079208,-0.21251851320266724,0,8
-0.094259761273860931,0.27740991115570068,-0.92800003290176392,0.013444356620311737,-0.0082192867994308472,0,-0.12220048904418945,0.3608073890209198,0,8
0.016845349222421646,0.45583224296569824,-0.92800003290176392,-0.0011417202185839415,-0.0021989187225699425,0,-0.16601961851119995,-0.076386161148548126,0,8
-0.13481108844280243,0.46387338638305664,-0.92800003290176392,-0.015806755051016808,0.0065433522686362267,0,0.3904208242893219,-0.056623023003339767,0,8
0.14240145683288574,0.45882284641265869,-0.92800003290176392,-0.018078530207276344,0.031751405447721481,0,0.37046998739242554,0.39113187789916992,0,8
0.42017173767089844,0.46673893928527832,-0.92800003290176392,0.014490353874862194,0.025102317333221436,0,-0.11234719306230545,0.34486216306686401,0,8
0.55733859539031982,0.41711556911468506,-0.92800003290176392,-0.0022372687235474586,0.029294742271304131,0,0.13669256865978241,0.017480067908763885,0,8
0.92800003290176392,0.26867002248764038,-0.92800003290176392,0,-0.021845392882823944,0,0,0.15823724865913391,0,8
-0.92800003290176392,0.43287158012390137,-0.58885425329208374,0,-0.026413582265377045,0.0093967355787754059,0,-0.12940742075443268,0.08471766859292984,8
-0.68361210823059082,0.50358039140701294,-0.68152737617492676,-0.028088001534342766,0.053982395678758621,-0.010709385387599468,-0.14158883690834045,0.85933941602706909,0.034951053559780121,8
-0.44765362143516541,0.48173359036445618,-0.69449299573898315,-0.024628031998872757,0.041353024542331696,-0.028304789215326309,-0.014666038565337658,0.6466706395149231,0.40226718783378601,8
-0.2277701199054718,0.53034877777099609,-0.56797391176223755,-0.016965016722679138,0.058468993753194809,0.017870334908366203,-0.99002164602279663,-0.19346672296524048,1.0379955768585205,8
-0.091290205717086792,0.50968551635742188,-0.70829004049301147,0.0082816965878009796,0.082591794431209564,-0.1278257817029953,0.099828824400901794,1.4735448360443115,-1.5362812280654907,8
0.041208896785974503,0.46919146180152893,-0.57958346605300903,-0.0020908601582050323,0.052301056683063507,-0.002911838237196207,0.61249995231628418,0.17820148169994354,0.15392178297042847,8
0.29306921362876892,0.56662124395370483,-0.55794030427932739,-0.010030185803771019,0.11007526516914368,-0.0079641500487923622,-0.22685235738754272,0.55372369289398193,0.72894692420959473,8
0.45177936553955078,0.50888824462890625,-0.69370198249816895,0.012686318717896938,0.06983330100774765,0.017002809792757034,0.3037971556186676,0.97100198268890381,0.2332121729850769,8
0.68737214803695679,0.48403111100196838,-0.68015873432159424,0.00051948148757219315,0.036429356783628464,0.0001645432785153389,-0.25443369150161743,0.10572507232427597,0.30638089776039124,8
0.92800003290176392,0.41837430000305176,-0.72523707151412964,0,0.015344113111495972,-0.027632413432002068,0,-0.46741423010826111,0.25971442461013794,8
-0.92800003290176392,0.46291625499725342,-0.43467599153518677,0,0.0034953313879668713,0.018801232799887657,0,-0.064339697360992432,0.21271070837974548,8
-0.69644153118133545,0.49194860458374023,-0.42514804005622864,-0.021990474313497543,0.037765320390462875,-0.020940735936164856,-0.18266378343105316,0.85094696283340454,-0.41433319449424744,8
-0.42063775658607483,0.50906252861022949,-0.46293327212333679,0.035974550992250443,0.043533626943826675,-0.005357423797249794,1.0178394317626953,-0.23817534744739532,1.1680892705917358,8
-0.20642596483230591,0.64932817220687866,-0.37209880352020264,-0.053386639803647995,-0.14822641015052795,-0.0024167969822883606,-1.1362221240997314,-2.7164714336395264,-0.030291302129626274,8
-0.050611238926649094,0.49018377065658569,-0.37131872773170471,-0.052116867154836655,0.058215085417032242,0.0039554387331008911,-1.4492377042770386,-0.24786393344402313,-0.055973228067159653,8
0.085145168006420135,0.56622433662414551,-0.37165826559066772,-0.0013993063475936651,-0.2237546294927597,0.0022157728672027588,1.0054187774658203,-2.9166240692138672,-0.019290892407298088,8
0.21189120411872864,0.84029090404510498,-0.3729393482208252,-0.034154985100030899,-0.050492685288190842,-0.010467313230037689,-0.024666374549269676,-0.078641243278980255,-0.041773166507482529,8
0.43191614747047424,0.48651063442230225,-0.40204361081123352,-0.029925363138318062,0.0074840076267719269,-0.016093311831355095,-1.0993015766143799,-0.53993064165115356,1.1427733898162842,8
0.70171529054641724,0.48180925846099854,-0.42259904742240906,0.016566231846809387,0.032671824097633362,-0.0083078136667609215,-0.33587229251861572,0.80126667022705078,-0.41194504499435425,8
0.92800003290176392,0.45923668146133423,-0.42768508195877075,0,0.0061738602817058563,-0.016977572813630104,0,0.26422345638275146,-0.24818852543830872,8
-0.92800003290176392,0.45445501804351807,-0.16232778131961823,0,0.02229258231818676,0.0023705910425633192,0,-0.03021368570625782,-0.21050791442394257,8
-0.5656772255897522,0.52003198862075806,-0.27100613713264465,0.05557660385966301,0.057267095893621445,-0.029315944761037827,1.12857985496521,0.34533596038818359,-0.36727350950241089,8
-0.37300071120262146,0.82755285501480103,-0.21059609949588776,-0.013125594705343246,-0.0211311224848032,0.066230945289134979,-0.1344013512134552,0.40919572114944458,0.64768135547637939,8
0.3722834587097168,0.64951455593109131,-0.21811619400978088,0.0013228729367256165,-0.11070036888122559,-0.031204802915453911,-0.026119796559214592,-1.4367095232009888,-0.60479360818862915,8
0.59770822525024414,0.55558681488037109,-0.2931683361530304,-0.025202849879860878,0.11464680731296539,-0.016432881355285645,-0.57896798849105835,0.76773470640182495,-0.29769036173820496,8
0.92800003290176392,0.4500272274017334,-0.15991537272930145,0,0.054408758878707886,0.05490986630320549,0,0.048299651592969894,0.25431475043296814,8
-0.92800003290176392,0.45799869298934937,-0.0089458338916301727,0,0.0066942926496267319,0.010625060647726059,0,-0.087588980793952942,-0.05644303560256958,8
-0.69492584466934204,0.47941333055496216,-0.1114715114235878,-0.061159286648035049,0.072744019329547882,-0.051645144820213318,-0.37090042233467102,0.89702630043029785,-0.18474920094013214,8
-0.37106803059577942,0.55344605445861816,-0.097314327955245972,0.0084502995014190674,-0.17840674519538879,-0.07310263067483902,0.024400947615504265,-2.1552481651306152,-1.3849509954452515,8
0.37344583868980408,0.48273313045501709,-0.039954889565706253,0.012065909802913666,0.10819447040557861,-0.063446894288063049,0.012520103715360165,-0.014298631809651852,-0.31423473358154297,8
0.70412778854370117,0.45771366357803345,-0.14381620287895203,0.03747626394033432,0.041608057916164398,-0.045988582074642181,0.15889573097229004,0.040546726435422897,-0.15832787752151489,8
0.92800003290176392,0.45472347736358643,0.14343354105949402,0,-0.019253389909863472,-0.041124522686004639,0,-0.144352987408638,-0.28380900621414185,8
-0.92800003290176392,0.27710878849029541,-0.094427734613418579,0,-0.012012569233775139,0.018253475427627563,0,-0.017977895215153694,0.03964734822511673,8
-0.68877583742141724,0.48449957370758057,0.059595312923192978,-0.038365669548511505,0.066307820379734039,0.00063560414128005505,-0.5089840292930603,0.9073033332824707,0.21448196470737457,8
-0.37048882246017456,0.47004330158233643,0.0083704963326454163,0.012871138751506805,0.06193893775343895,-0.094055034220218658,0.018550379201769829,0.096358686685562134,-0.90985757112503052,8
0.37309330701828003,0.53010678291320801,0.089548341929912567,0.010535493493080139,-0.20305889844894409,0.017285943031311035,0.039189752191305161,-1.1011133193969727,0.032072514295578003,8
0.70246720314025879,0.51302266120910645,0.066569745540618896,0.066003888845443726,0.064694926142692566,0.052072621881961823,0.96171003580093384,0.6755138635635376,0.10577167570590973,8
0.92800003290176392,0.45099920034408569,-0.011096438392996788,0,-0.014521393924951553,0.013430270366370678,0,0.2137247771024704,0.63695377111434937,8
-0.92800003290176392,0.44938111305236816,0.13856369256973267,0,0.0096864728257060051,0.018583297729492188,0,-0.28381046652793884,0.28030568361282349,8
-0.52660071849822998,0.5607914924621582,0.34627461433410645,0.03848961740732193,0.037527181208133698,0.029398173093795776,1.1619124412536621,-0.11995664983987808,0.28420847654342651,8
-0.37184789776802063,0.65761405229568481,0.22526757419109344,-0.00024025887250900269,-0.11847669631242752,0.030318932607769966,-0.035220198333263397,-1.9450982809066772,0.29301249980926514,8
0.37094601988792419,0.82952684164047241,0.25698155164718628,-0.013527486473321915,-0.012308866716921329,-0.029312532395124435,-0.13246390223503113,0.3172244131565094,0.21673667430877686,8
0.56901586055755615,0.51734644174575806,0.20712496340274811,0.019556941464543343,0.080886580049991608,0.035988565534353256,-0.34191390872001648,0.80347967147827148,0.29977434873580933,8
0.92800003290176392,0.2718815803527832,0.095681153237819672,0,0.0079892557114362717,0.0089901648461818695,0,0.2874893844127655,-0.084657192230224609,8
-0.92800003290176392,0.46229541301727295,0.41438660025596619,0,0.020028891041874886,0.0049590012058615685,0,-0.036213841289281845,-0.15737064182758331,8
-0.68945127725601196,0.47719615697860718,0.47326365113258362,-0.028466764837503433,0.048968419432640076,0.066707141697406769,-0.35766148567199707,0.59085243940353394,0.73004406690597534,8
-0.38402143120765686,0.50821661949157715,0.45907407999038696,0.01920170895755291,0.014959128573536873,0.014187553897500038,0.55882322788238525,0.019448136910796165,-0.72604638338088989,8
-0.23642435669898987,0.83702987432479858,0.37101379036903381,0.01615004800260067,-0.074641682207584381,-0.010947197675704956,-0.26822903752326965,-0.38752788305282593,-0.043333094567060471,8
-0.080085813999176025,0.58488547801971436,0.37223547697067261,-0.016578249633312225,-0.21205572783946991,0.0011603832244873047,-0.19626611471176147,-2.8941895961761475,-0.020682958886027336,8
0.04165177047252655,0.49070319533348083,0.37270179390907288,0.05322781577706337,0.081945985555648804,0.0041846930980682373,0.61850821971893311,0.5331234335899353,-0.056813653558492661,8
0.26984623074531555,0.63651776313781738,0.37204557657241821,0.022886108607053757,-0.070310942828655243,-0.0010760873556137085,0.13717548549175262,-2.2292461395263672,-0.030847189947962761,8
0.46597275137901306,0.53064179420471191,0.42649054527282715,-0.01147182285785675,0.082736477255821228,0.038939889520406723,-0.73423188924789429,0.48453053832054138,-0.65337669849395752,8
0.68516874313354492,0.495534747838974,0.44513294100761414,0.012257425114512444,0.034272700548171997,0.01188754104077816,0.22589485347270966,0.4921434223651886,0.14192909002304077,8
0.92800003290176392,0.45031195878982544,0.42069011926651001,0,0.030095877125859261,0.0087378006428480148,0,0.4045565128326416,0.26951506733894348,8
-0.92800003290176392,0.40516060590744019,0.55693900585174561,0,-0.00040941964834928513,0.0014380339998751879,0,-0.44508859515190125,0.21451829373836517,8
-0.68200945854187012,0.50100046396255493,0.69767481088638306,-0.012692216783761978,0.040032204240560532,0.024417877197265625,0.060813751071691513,0.49259290099143982,-0.050248388200998306,8
-0.43314895033836365,0.47439369559288025,0.69315230846405029,0.0048541538417339325,0.041335109621286392,0.0046567283570766449,0.34179991483688354,0.55785238742828369,-0.49381706118583679,8
-0.22186669707298279,0.53880214691162109,0.57218962907791138,0.00082136609125882387,0.10409781336784363,0.00059779942966997623,-0.8300822377204895,0.86539232730865479,-0.52921599149703979,8
-0.099386543035507202,0.52948659658432007,0.71281784772872925,-0.028420334681868553,0.086211152374744415,0.075315192341804504,-0.39217492938041687,1.2667632102966309,1.010921835899353,8
0.014340714551508427,0.47051805257797241,0.58102071285247803,-0.018894374370574951,0.020372394472360611,0.0012911944650113583,0.16759464144706726,-0.16098840534687042,-0.24728512763977051,8
0.27578696608543396,0.54001611471176147,0.56699031591415405,-0.0030713444575667381,0.072793170809745789,-0.018103986978530884,0.060304995626211166,0.13752847909927368,-0.62012714147567749,8
0.43111833930015564,0.47304847836494446,0.6914055347442627,0.018553495407104492,0.037165287882089615,0.016744084656238556,0.4398219883441925,0.36901330947875977,0.2690790593624115,8
0.69440698623657227,0.50827986001968384,0.68990933895111084,0.018348140642046928,0.071000076830387115,0.03559136763215065,0.25452789664268494,0.41598188877105713,-0.092529833316802979,8
0.92800003290176392,0.41734433174133301,0.72239774465560913,0,-0.010948757641017437,0.016631012782454491,0,-0.25929048657417297,0.031976848840713501,8
-0.92800003290176392,0.26787054538726807,0.92800003290176392,0,-0.018580997362732887,0,0,0.08454132080078125,0,8
-0.72807639837265015,0.42451727390289307,0.92800003290176392,0.0060101058334112167,-0.024709705263376236,0,0.034321323037147522,-0.39620107412338257,0,8
-0.57564669847488403,0.43186473846435547,0.92800003290176392,0.012572122737765312,0.028165675699710846,0,-0.15413905680179596,0.080466821789741516,0,8
-0.093830004334449768,0.27604663372039795,0.92800003290176392,0.0084473490715026855,-0.0065093226730823517,0,-0.099457703530788422,-0.00026598572731018066,0,8
0.0023525857832282782,0.45365011692047119,0.92800003290176392,-0.00071240070974454284,-0.0037963907234370708,0,-0.10311365127563477,-0.37956687808036804,0,8
-0.14614182710647583,0.46559315919876099,0.92800003290176392,-0.027567967772483826,0.01661045104265213,0,-0.15323509275913239,-0.090015597641468048,0,8
0.14658744633197784,0.45589256286621094,0.92800003290176392,0.0032437988556921482,0.025055697187781334,0,-0.29585713148117065,-0.078037917613983154,0,8
0.41559165716171265,0.46752488613128662,0.92800003290176392,-0.0095430314540863037,0.014403537847101688,0,0.19859476387500763,0.24888263642787933,0,8
0.55903303623199463,0.42863363027572632,0.92800003290176392,0.0024137194268405437,0.014709377661347389,0,-0.10433559119701385,-0.33741188049316406,0,8
0.92800003290176392,0.26873230934143066,0.92800003290176392,0,-0.019084157422184944,0,0,0.054543275386095047,0,8
-0.92800003290176392,0.42848914861679077,-0.92800003290176392,0,0.0066797859035432339,0,0,0.20074792206287384,0,8
-0.68251198530197144,0.24895942211151123,-0.92800003290176392,0.00078032910823822021,-0.010512212291359901,0,0.12605772912502289,0.29438707232475281,0,8
-0.56404250860214233,0.46016550064086914,-0.92800003290176392,-0.036827817559242249,0.0048614963889122009,0,0.020344888791441917,-0.0048549934290349483,0,8
-0.25975686311721802,0.45860171318054199,-0.92800003290176392,-0.016633046790957451,0.030211154371500015,0,-0.11480094492435455,-0.20486633479595184,0,8
-0.19509713351726532,0.61370348930358887,-0.92800003290176392,-0.0057847113348543644,0.03169192373752594,0,-0.047576170414686203,0.21211344003677368,0,8
-0.030787354335188866,0.62820571660995483,-0.92800003290176392,-0.0050860238261520863,0.048163548111915588,0,0.1182074174284935,0.22911204397678375,0,8
0.26578682661056519,0.4730948805809021,-0.92800003290176392,-0.0072015542536973953,0.007479062769562006,0,-0.31865665316581726,-0.11651625484228134,0,8
0.58222955465316772,0.52777701616287231,-0.92800003290176392,-0.01417518500238657,0.03272581472992897,0,0.10128465294837952,0.90534341335296631,0,8
0.72924178838729858,0.41974961757659912,-0.92800003290176392,0.023312687873840332,0.020545061677694321,0,-0.14094728231430054,-0.11933013051748276,0,8
0.92800003290176392,0.43044620752334595,-0.92800003290176392,0,0.00010913086589425802,0,0,0.6567501425743103,0,8
-0.92800003290176392,0.42252743244171143,-0.7324073314666748,0,-0.0018042190931737423,-0.022870687767863274,0,-0.25377529859542847,0.1264115571975708,8
-0.54850518703460693,0.61374008655548096,-0.53128671646118164,-0.01842077262699604,0.086218439042568207,-0.012263924814760685,0.19247715175151825,1.1524139642715454,-0.050990745425224304,8
-0.51674473285675049,0.69444137811660767,-0.70327579975128174,-0.014509635046124458,0.088130578398704529,-0.014842990785837173,-0.15677598118782043,0.71317183971405029,0.046160198748111725,8
-0.27745801210403442,0.74670159816741943,-0.54349279403686523,0.053024094551801682,0.058085251599550247,0.012730010785162449,0.56754755973815918,1.2543830871582031,0.57998460531234741,8
-0.044301193207502365,0.70787256956100464,-0.58761358261108398,0.014085135422646999,0.10804101079702377,0.024503758177161217,0.26360172033309937,1.6545934677124023,-0.050748396664857864,8
0.095682211220264435,0.58930504322052002,-0.69706505537033081,0.039116948843002319,0.1198112890124321,-0.068825565278530121,0.20543988049030304,2.2338716983795166,-0.79769998788833618,8
0.22134508192539215,0.7812807559967041,-0.56936943531036377,-0.053426787257194519,0.046207059174776077,0.034248210489749908,-0.71336221694946289,0.60144680738449097,0.26245647668838501,8
0.51507008075714111,0.68745911121368408,-0.69416230916976929,0.00083251867908984423,0.0702347531914711,-0.0052586686797440052,-0.8317795991897583,0.43121883273124695,0.034202396869659424,8
0.53936767578125,0.58964836597442627,-0.52069598436355591,0.02426506020128727,0.1139681488275528,-0.049478963017463684,0.22279410064220428,1.2914469242095947,-0.74504077434539795,8
0.92800003290176392,0.25379788875579834,-0.69280874729156494,0,-0.013582486659288406,-0.0050910934805870056,0,0.20586064457893372,-0.0013848858652636409,8
-0.92800003290176392,0.55171394348144531,-0.56894457340240479,0,-0.0081768296658992767,-0.0037843184545636177,0,0.32580199837684631,-0.080401383340358734,8
-0.70166045427322388,0.70150327682495117,-0.5084417462348938,-0.023878734558820724,0.091787606477737427,-0.005749136209487915,0.1461387574672699,0.70109677314758301,-0.04912291094660759,8
-0.4820915162563324,0.68381154537200928,-0.41730743646621704,-0.05920695886015892,-0.0074975048191845417,-0.058224599808454514,-0.099636457860469818,0.4797452986240387,-0.75962716341018677,8
-0.21117971837520599,0.82459515333175659,-0.37293159961700439,-0.074922822415828705,-0.026055887341499329,-0.010756902396678925,-0.13722538948059082,0.34250330924987793,-0.051368322223424911,8
-0.059929858893156052,0.65512901544570923,-0.3721032440662384,-0.016587577760219574,-0.14006213843822479,-0.0024081915616989136,-0.71765995025634766,-1.7706016302108765,-0.031636208295822144,8
0.23278698325157166,0.65691560506820679,-0.37206551432609558,0.0029372829012572765,-0.082425430417060852,-0.0021639242768287659,-0.81630402803421021,-2.2928299903869629,-0.032551959156990051,8
0.076687552034854889,0.72047626972198486,-0.37239187955856323,0.041846830397844315,-0.11850570142269135,-0.0051126182079315186,1.0458922386169434,-1.6200811862945557,-0.032444894313812256,8
0.45020744204521179,0.69301801919937134,-0.40402466058731079,0.044770315289497375,0.031440570950508118,0.018339589238166809,-0.1904844343662262,0.52739441394805908,0.33448216319084167,8
0.71535158157348633,0.68468683958053589,-0.53641766309738159,0.025355122983455658,0.032500375062227249,0.00013570091687142849,0.1309681236743927,0.46432092785835266,0.60123550891876221,8
0.92800003290176392,0.45590418577194214,-0.58294612169265747,0,-0.0095882555469870567,0.032925769686698914,0,0.77467477321624756,0.47260966897010803,8
-0.92800003290176392,0.45729410648345947,-0.29282638430595398,0,0.0012343171983957291,0.011191073805093765,0,-0.1148446649312973,-0.10521098226308823,8
-0.5864444375038147,0.78187650442123413,-0.21716499328613281,0.045236237347126007,0.067972742021083832,-0.012822373770177364,0.34899461269378662,0.70931506156921387,-0.29218950867652893,8
-0.3723386824131012,0.73147046566009521,-0.046601410955190659,-0.0060452893376350403,-0.032518133521080017,0.086431004106998444,-0.087235487997531891,-0.21900314092636108,0.66312140226364136,8
0.37105029821395874,0.82296550273895264,-0.20782408118247986,-0.012198802083730698,-0.043128479272127151,-0.053912118077278137,-0.12096773087978363,-0.13410988450050354,0.0783223956823349,8
0.57756930589675903,0.79540574550628662,-0.24382525682449341,0.010370701551437378,0.0625,0.04718393087387085,-0.69770044088363647,0.9297633171081543,0.37205779552459717,8
0.92800003290176392,0.45017659664154053,-0.28149533271789551,0,-0.00062419380992650986,-0.015834925696253777,0,-0.42476612329483032,-0.81276696920394897,8
-0.92800003290176392,0.63227826356887817,-0.10005514323711395,0,0.054154437035322189,0.012665783055126667,0,0.17341922223567963,0.059086937457323074,8
-0.5944402813911438,0.63118439912796021,-0.049656737595796585,0.044541783630847931,0.081721238791942596,-0.0071459379978477955,0.64850926399230957,1.3595210313796997,-0.023829875513911247,8
-0.37174728512763977,0.65174686908721924,-0.24944747984409332,0.00021044909954071045,-0.03056417778134346,-0.020609481260180473,-0.043700110167264938,-1.3603461980819702,0.30631589889526367,8
0.37240439653396606,0.62973421812057495,-0.060559727251529694,0.0025420784950256348,-0.10370515286922455,0.021021457388997078,-0.017807185649871826,-1.7460477352142334,-0.96790504455566406,8
0.59026086330413818,0.58573955297470093,-0.085958376526832581,-0.0011534933000802994,0.025077667087316513,0.063398838043212891,0.00071895768633112311,1.1673281192779541,0.21403512358665466,8
0.92800003290176392,0.61562740802764893,-0.072688661515712738,0,0.039199426770210266,-0.032493554055690765,0,0.16489280760288239,-0.60894328355789185,8
-0.92800003290176392,0.61795097589492798,0.054502300918102264,0,0.03234964981675148,0.0049278829246759415,0,0.14582252502441406,-0.37093144655227661,8
-0.5943838357925415,0.61496514081954956,0.14324335753917694,0.01160566508769989,0.076149985194206238,0.020190427079796791,0.030323656275868416,1.5533764362335205,-0.20881800353527069,8
-0.37132659554481506,0.58652281761169434,0.093142516911029816,0.0060385167598724365,-0.22681823372840881,0.089759491384029388,0.013383327983319759,-1.8974790573120117,1.5042626857757568,8
0.37204477190971375,0.67602097988128662,0.18816880881786346,-0.0014872997999191284,-0.07025446742773056,-0.072889767587184906,-0.044662576168775558,-1.7210654020309448,-0.33144402503967285,8
0.58743125200271606,0.69776445627212524,0.065687842667102814,-0.045297972857952118,0.11149249225854874,0.028696423396468163,-0.43817391991615295,1.0672140121459961,0.18358373641967773,8
0.92800003290176392,0.60844522714614868,0.08852078765630722,0,0.036951780319213867,0.040233615785837173,0,0.52658748626708984,-0.10894729942083359,8
-0.92800003290176392,0.46888619661331177,0.26582208275794983,0,0.0062508722767233849,0.01468327734619379,0,-0.061611063778400421,-0.2135150283575058,8
-0.51801538467407227,0.79406499862670898,0.30566936731338501,-0.027685536071658134,0.054518893361091614,0.010417690500617027,0.3232090175151825,0.99269688129425049,-0.036509387195110321,8
-0.37298208475112915,0.81818616390228271,0.17530235648155212,-0.012453220784664154,-0.087539203464984894,0.0089460229501128197,-0.1178160235285759,-0.97937840223312378,-0.34153646230697632,8
0.37151846289634705,0.75256651639938354,0.048722144216299057,-0.0073158815503120422,-0.035505171865224838,0.044907528907060623,-0.088432423770427704,-0.76781517267227173,1.1221549510955811,8
0.56296789646148682,0.76336181163787842,0.26573622226715088,-0.040619973093271255,0.047347798943519592,0.050623498857021332,-0.22844305634498596,0.53124529123306274,0.2953542172908783,8
0.92800003290176392,0.45605260133743286,0.27260562777519226,0,0.035034488886594772,0.030678516253829002,0,-0.20784078538417816,-0.33715584874153137,8
-0.92800003290176392,0.52124112844467163,0.59068554639816284,0,0.035504814237356186,0.0144471051171422,0,0.25273895263671875,0.20356746017932892,8
-0.69649463891983032,0.67972183227539062,0.43261778354644775,-0.031096445396542549,0.11051489412784576,0.0017406161641702056,-0.58200544118881226,1.0433042049407959,0.41764822602272034,8
-0.44000163674354553,0.77447134256362915,0.47980552911758423,-0.028879046440124512,0.063973061740398407,-0.0017382963560521603,-0.14705857634544373,0.54811197519302368,-0.32156264781951904,8
-0.050552748143672943,0.7559695839881897,0.37142795324325562,0.12860202789306641,0.074991464614868164,-0.0076798573136329651,0.18051935732364655,0.34707379341125488,-0.056411545723676682,8
-0.25031518936157227,0.65140622854232788,0.37189280986785889,0.0028155436739325523,-0.037249363958835602,-0.0029504075646400452,0.01648322120308876,-0.96614450216293335,-0.044966336339712143,8
0.099273286759853363,0.63749140501022339,0.37201404571533203,0.023674191907048225,-0.12981171905994415,-0.0011842399835586548,0.67066383361816406,-2.2991044521331787,-0.027396081015467644,8
0.18239055573940277,0.82358652353286743,0.37114372849464417,0.023446260020136833,-0.068592138588428497,-0.0095300599932670593,-0.52135789394378662,-0.22871686518192291,-0.038404088467359543,8
0.46737825870513916,0.75200140476226807,0.44898605346679688,-0.0044123060069978237,0.087546475231647491,0.021452236920595169,0.1140410527586937,0.39699149131774902,0.24929946660995483,8
0.71699440479278564,0.69360131025314331,0.54895895719528198,0.029210202395915985,0.064306691288948059,0.0067640938796103001,0.11527714878320694,0.20043721795082092,-0.37648779153823853,8
0.92800003290176392,0.46428442001342773,0.57833975553512573,0,0.0072716670110821724,-0.0083330404013395309,0,-0.10158508270978928,-0.10849039256572723,8
-0.92800003290176392,0.41922235488891602,0.73193109035491943,0,-0.017574256286025047,0.016421820968389511,0,-0.21849189698696136,0.12407749891281128,8
-0.50630700588226318,0.61645632982254028,0.56297224760055542,-0.025115277618169785,0.13337054848670959,0.054967582225799561,0.12547406554222107,1.3481850624084473,0.041016783565282822,8
-0.56620126962661743,0.68631356954574585,0.71090328693389893,0.03206479549407959,0.017841581255197525,0.02046109177172184,0.56285977363586426,0.32409760355949402,-0.19266809523105621,8
-0.24302372336387634,0.78400880098342896,0.58115208148956299,0.0020721887703984976,0.075515680015087128,-0.044527500867843628,-0.0070456806570291519,0.23510812222957611,-0.92405861616134644,8
-0.014864876866340637,0.70949214696884155,0.58796536922454834,-0.0072032189927995205,0.080082312226295471,-0.033214118331670761,0.024407695978879929,1.1126166582107544,-0.53881824016571045,8
0.11975281685590744,0.57088321447372437,0.69776761531829834,0.028017334640026093,0.081016026437282562,0.095734201371669769,0.063910000026226044,1.5757498741149902,1.5837169885635376,8
0.2619074285030365,0.77997153997421265,0.5410345196723938,-0.0025901314802467823,0.045421835035085678,0.053904935717582703,0.036423977464437485,0.81414318084716797,-0.10755456238985062,8
0.4133954644203186,0.68869411945343018,0.69618672132492065,-0.0019974582828581333,0.10679841041564941,0.013588265515863895,0.60509967803955078,1.239235520362854,0.24547626078128815,8
0.53919589519500732,0.61484688520431519,0.54945671558380127,0.021772108972072601,0.072962366044521332,0.0053103547543287277,0.31037861108779907,1.220787525177002,0.06926262378692627,8
0.92800003290176392,0.25314074754714966,0.6909593939781189,0,-0.018640449270606041,0.0072071859613060951,0,0.10676912218332291,-0.041701305657625198,8
-0.92800003290176392,0.52838492393493652,0.92800003290176392,0,-0.014397575519979,0,0,0.15786674618721008,0,8
-0.69067120552062988,0.25411796569824219,0.92800003290176392,0.0036943433806300163,-0.018885919824242592,0,0.20522670447826385,0.27207538485527039,0,8
-0.56256347894668579,0.55051791667938232,0.92800003290176392,-0.031469382345676422,0.020938068628311157,0,-0.005578323733061552,0.52680373191833496,0,8
-0.25977244973182678,0.4567791223526001,0.92800003290176392,0.020584117621183395,0.02540663443505764,0,-0.21353042125701904,0.014986450783908367,0,8
-0.15995903313159943,0.62383991479873657,0.92800003290176392,-0.0096906330436468124,0.051887039095163345,0,-0.29639130830764771,0.55994910001754761,0,8
-0.0023592591751366854,0.62611740827560425,0.92800003290176392,0.006032030563801527,0.038524765521287918,0,-0.11236690729856491,0.34000623226165771,0,8
0.26617234945297241,0.46928298473358154,0.92800003290176392,0.0043721012771129608,0.014851363375782967,0,0.48498466610908508,0.15362225472927094,0,8
0.58468049764633179,0.52966231107711792,0.92800003290176392,-0.0061959628947079182,0.031906276941299438,0,0.16905084252357483,0.42227628827095032,0,8
0.73011553287506104,0.41769051551818848,0.92800003290176392,0.023337427526712418,-0.0086273513734340668,0,-0.047315504401922226,-0.091416999697685242,0,8
0.92800003290176392,0.42760467529296875,0.92800003290176392,0,0.014745141379535198,0,0,0.23533198237419128,0,8
-0.92800003290176392,0.536141037940979,-0.92800003290176392,0,0.026462221518158913,0,0,0.053783707320690155,0,8
-0.70831036567687988,0.65794998407363892,-0.92800003290176392,-0.0067226449027657509,0.043741710484027863,0,-0.087749078869819641,0.19242814183235168,0,8
-0.52899044752120972,0.64106535911560059,-0.92800003290176392,0.0032161101698875427,0.034600786864757538,0,-0.02302374504506588,0.27111905813217163,0,8
-0.4039757251739502,0.45746350288391113,-0.92800003290176392,-0.023565066978335381,0.00077414605766534805,0,-0.15475976467132568,0.035689715296030045,0,8
-0.088013485074043274,0.79484409093856812,-0.92800003290176392,0.021125702187418938,0.041137658059597015,0,-0.16416917741298676,0.52140653133392334,0,8
0.061542313545942307,0.79672086238861084,-0.92800003290176392,-4.8054964281618595e-05,0.030508661642670631,0,0.31972900032997131,0.36883160471916199,0,8
0.32675933837890625,0.6336401104927063,-0.92800003290176392,-0.0084127923473715782,0.037658333778381348,0,0.18575014173984528,0.3098832368850708,0,8
0.49192532896995544,0.6505047082901001,-0.92800003290176392,-0.017418310046195984,0.034270234405994415,0,0.090879827737808228,0.45693612098693848,0,8
0.71295219659805298,0.62794071435928345,-0.92800003290176392,-0.0022880164906382561,0.023177484050393105,0,-0.090284772217273712,0.28020438551902771,0,8
0.92800003290176392,0.43044281005859375,-0.92800003290176392,0,7.6248659752309322e-05,0,0,0.65838867425918579,0,8
-0.92800003290176392,0.6402134895324707,-0.71687042713165283,0,0.027656218037009239,-0.0035737026482820511,0,0.26445689797401428,-0.034150220453739166,8
-0.70763522386550903,0.68791311979293823,-0.71280783414840698,-0.02837703563272953,0.0098184132948517799,-0.024267064407467842,-0.26386335492134094,0.39851269125938416,-0.20972280204296112,8
-0.71520876884460449,0.84604066610336304,-0.92800003290176392,-0.0039202533662319183,0.047787394374608994,0,0.12384691834449768,0.26613995432853699,0,8
-0.37950637936592102,0.82368141412734985,-0.68847954273223877,0.059813093394041061,0.045619074255228043,0.022739116102457047,0.23116695880889893,0.58257043361663818,0.22867685556411743,8
-0.29118624329566956,0.60929131507873535,-0.71655279397964478,-0.029825782403349876,0.11638280749320984,-0.058918945491313934,-0.33020690083503723,1.4400022029876709,-1.0576156377792358,8
0.24653938412666321,0.69437557458877563,-0.72741425037384033,0.027261730283498764,0.07576984167098999,0.01685105636715889,-0.37998148798942566,0.59285122156143188,-0.0034394857939332724,8
0.3849932849407196,0.81702166795730591,-0.69353228807449341,-0.0039166463539004326,0.072521515190601349,0.014420785009860992,0.58042263984680176,0.62516778707504272,-0.10169723629951477,8
0.71101289987564087,0.80771398544311523,-0.92800003290176392,-0.0035200933925807476,0.019832145422697067,0,0.22154305875301361,0.17695549130439758,0,8
0.69269198179244995,0.67182242870330811,-0.7296484112739563,0.044290788471698761,0.041994109749794006,-0.036254491657018661,0.28409945964813232,0.45585978031158447,-0.0035633144434541464,8
0.92800003290176392,0.60941016674041748,-0.70980685949325562,0,0.028752716258168221,0.012685146182775497,0,0.10215281695127487,0.075719200074672699,8
-0.92800003290176392,0.72459673881530762,-0.55817359685897827,0,-0.051154904067516327,0.015596243552863598,0,0.026480553671717644,-0.031912501901388168,8
-0.92800003290176392,0.83692973852157593,-0.68452191352844238,0,0.017461147159337997,-0.0032337037846446037,0,0.26764187216758728,-0.086305208504199982,8
-0.46651321649551392,0.85060465335845947,-0.47920218110084534,0.029601547867059708,-0.032255109399557114,-0.02050461620092392,-0.12365183979272842,0.15363055467605591,-0.0077440398745238781,8
-0.31910008192062378,1.0253840684890747,-0.44634351134300232,-0.061261292546987534,0.027411404997110367,-0.024231959134340286,0.025468355044722557,-0.074159160256385803,-0.63505744934082031,8
-0.018461905419826508,0.84684216976165771,-0.37300679087638855,0.037928331643342972,-0.0029009445570409298,-0.011439859867095947,-0.34768423438072205,0.34599757194519043,-0.050756778568029404,8
0.094605706632137299,1.00020432472229,-0.37391674518585205,-0.02381477877497673,0.077733010053634644,-0.021968577057123184,-0.16320833563804626,-0.49807992577552795,-0.18473105132579803,8
0.32428652048110962,1.0299595594406128,-0.44971942901611328,0.032623898237943649,0.057910997420549393,-0.10185639560222626,-0.1697331964969635,0.28414818644523621,-0.69079750776290894,8
0.47935229539871216,0.82858014106750488,-0.48913475871086121,-0.026014750823378563,0.023604659363627434,-0.0079442430287599564,0.09724096953868866,0.78055083751678467,-0.40553554892539978,8
0.92800003290176392,0.79020756483078003,-0.70898193120956421,0,-0.014539705589413643,0.00847620889544487,0,-0.068203374743461609,0.083460628986358643,8
0.92800003290176392,0.56852239370346069,-0.55209386348724365,0,0.00032011116854846478,-0.036622561514377594,0,0.12308338284492493,-0.5450783371925354,8
-0.92800003290176392,0.64321798086166382,-0.40323513746261597,0,0.020358836278319359,0.014963342808187008,0,0.28789487481117249,-0.018971625715494156,8
-0.69242268800735474,0.82907503843307495,-0.37138557434082031,-0.010532425716519356,0.038536261767148972,0.043543089181184769,0.1289747953414917,-0.098798155784606934,-0.1276015043258667,8
-0.43232536315917969,1.0285118818283081,-0.32540163397789001,-0.066699415445327759,0.016658119857311249,-0.059997178614139557,-0.15244591236114502,-0.034958906471729279,-0.23812851309776306,8
-0.29189729690551758,1.058308482170105,-0.34029698371887207,-0.087685286998748779,-0.10649006068706512,-0.13329988718032837,-0.077969126403331757,-0.16244395077228546,-0.38040202856063843,8
-0.10936308652162552,1.0539771318435669,-0.33601787686347961,0.02056242898106575,-0.14697824418544769,-0.092508666217327118,0.30790182948112488,-0.3523966372013092,-0.86803388595581055,8
0.26558700203895569,1.0490607023239136,-0.27466815710067749,-0.019643180072307587,-0.20291276276111603,-0.13010378181934357,-0.72250658273696899,-0.37967470288276672,-1.1303677558898926,8
0.34053739905357361,1.0547269582748413,-0.2765643298625946,0.11738697439432144,-0.11760313808917999,-0.14151227474212646,1.7159078121185303,0.074876092374324799,-0.57595562934875488,8
0.49129208922386169,1.0313200950622559,-0.35896041989326477,0.05863676592707634,0.051049243658781052,-0.090407796204090118,0.29227885603904724,0.072807997465133667,-0.27602165937423706,8
0.69256365299224854,0.80020743608474731,-0.39292275905609131,-0.0048661632463335991,0.037308912724256516,-0.0015090075321495533,0.16306206583976746,0.58136588335037231,-0.33173868060112,8
0.92800003290176392,0.63438332080841064,-0.41477376222610474,0,0.023963084444403648,0.033749423921108246,0,0.48171421885490417,0.29767310619354248,8
-0.92800003290176392,0.80701464414596558,-0.11863924562931061,0,0.045056723058223724,-0.017518037930130959,0,0.12981589138507843,-0.047215200960636139,8
-0.71911317110061646,0.64431148767471313,-0.2536589503288269,-0.0373077392578125,0.10926536470651627,-0.040828980505466461,-1.0102343559265137,1.5954777002334595,-0.30666413903236389,8
-0.37383338809013367,0.94183957576751709,-0.041310317814350128,-0.021851837635040283,-0.031287580728530884,-0.0051627210341393948,-0.18267127871513367,-0.9024842381477356,-0.21186336874961853,8
-0.28620123863220215,1.0515075922012329,-0.21988396346569061,-0.066752314567565918,-0.17206652462482452,-0.061915241181850433,-0.35045629739761353,-0.55548012256622314,-1.3173340559005737,8
-0.053685262799263,1.0415016412734985,-0.095244936645030975,-0.015983754768967628,-0.32599988579750061,0.056750945746898651,-0.022980913519859314,-2.2589519023895264,-0.089866064488887787,8
0.080249696969985962,1.0424468517303467,-0.087589092552661896,0.0073444289155304432,-0.31539702415466309,0.064306333661079407,-0.33612722158432007,-2.1914567947387695,0.46958592534065247,8
0.34197315573692322,1.0538465976715088,-0.1616465300321579,0.10881251096725464,-0.18761758506298065,0.013825017958879471,0.73350566625595093,-1.0773364305496216,-0.29519206285476685,8
0.37103360891342163,0.82213735580444336,-0.025985578075051308,-0.012710146605968475,0.0024947547353804111,0.013482588343322277,-0.13458855450153351,1.5354446172714233,-1.0952481031417847,8
0.72997170686721802,0.68233919143676758,-0.23318590223789215,0.033597990870475769,0.096409916877746582,0.0092692626640200615,0.71750372648239136,1.0931575298309326,0.21881286799907684,8
0.92800003290176392,0.7874901294708252,-0.066569618880748749,0,0.040279567241668701,0.074672892689704895,0,-0.096592150628566742,-0.046189870685338974,8
-0.92800003290176392,0.79168462753295898,0.043445244431495667,0,0.015067879110574722,-0.016628557816147804,0,0.11444269865751266,0.098084688186645508,8
-0.73544782400131226,0.7176511287689209,0.21510811150074005,-0.052937228232622147,0.11813150346279144,0.0013046578969806433,-0.57255345582962036,0.73054498434066772,0.28438058495521545,8
-0.37256300449371338,0.76215839385986328,0.0046494440175592899,-0.0071970447897911072,-0.20050494372844696,-0.12745335698127747,-0.075097821652889252,-0.64400279521942139,-0.91846656799316406,8
-0.3858720064163208,1.0561716556549072,0.18715357780456543,-0.12189113348722458,-0.14365936815738678,0.063937276601791382,-0.44305956363677979,-0.41500699520111084,0.71657377481460571,8
-0.13337785005569458,1.0415986776351929,0.027389064431190491,-0.02195119671523571,-0.32670924067497253,0.033340718597173691,0.45001682639122009,-2.2960171699523926,0.067978069186210632,8
-0.020652858540415764,1.0430119037628174,0.14612235128879547,-0.011284817010164261,-0.31332552433013916,-0.056458443403244019,0.21045270562171936,-2.254204273223877,-1.0032705068588257,8
0.20645307004451752,1.0456743240356445,0.19100303947925568,0.075839929282665253,-0.29179647564888,0.071813188493251801,1.8039977550506592,-2.0779922008514404,-0.16656471788883209,8
0.37010040879249573,0.96626806259155273,0.083679288625717163,-0.024263991042971611,0.094111748039722443,-0.021350618451833725,-0.20989049971103668,0.43612000346183777,-0.166086345911026,8
0.70502907037734985,0.61049574613571167,0.29875099658966064,0.03321480005979538,0.07444453239440918,0.047913346439599991,0.79001414775848389,1.0976927280426025,0.40551769733428955,8
0.92800003290176392,0.77464920282363892,0.08159201592206955,0,0.025072140619158745,-0.015767458826303482,0,0.87604314088821411,0.51415294408798218,8
-0.92800003290176392,0.64174741506576538,0.36143216490745544,0,0.01893758587539196,0.00026524419081397355,0,-0.037465594708919525,-0.016918769106268883,8
-0.677071213722229,0.85218334197998047,0.41946855187416077,0.00065741688013076782,0.050226226449012756,-0.0085687004029750824,0.48258021473884583,0.038080882281064987,-0.30712476372718811,8
-0.49331316351890564,1.0357115268707275,0.36688306927680969,-0.051502622663974762,0.040724202990531921,0.077999964356422424,-0.050984654575586319,0.26800397038459778,0.11884107440710068,8
-0.3544144332408905,1.058841347694397,0.29846078157424927,-0.135311558842659,-0.11226898431777954,0.07582884281873703,-0.48902970552444458,-0.49992150068283081,-0.134567990899086,8
-0.22793036699295044,1.0499939918518066,0.25413641333580017,-0.13012081384658813,-0.20283126831054688,0.093278393149375916,-1.3097639083862305,-0.66175723075866699,0.63918310403823853,8
0.20055095851421356,1.0585031509399414,0.36528581380844116,0.083148553967475891,-0.1398133784532547,0.10730378329753876,1.041836142539978,-0.81273031234741211,0.70971828699111938,8
0.30782100558280945,1.0588206052780151,0.32727992534637451,0.075577199459075928,-0.096023455262184143,0.070667825639247894,0.041117142885923386,-0.31224352121353149,0.80279004573822021,8
0.46980997920036316,1.0291498899459839,0.32402181625366211,0.056495755910873413,0.031656574457883835,-0.032597944140434265,0.14748392999172211,0.26850882172584534,-0.42275902628898621,8
0.68357014656066895,0.81131964921951294,0.40622895956039429,-0.010109878145158291,0.035874642431735992,0.0046314257197082043,-0.23506626486778259,0.4763759970664978,-0.14423671364784241,8
0.92800003290176392,0.62932372093200684,0.42240533232688904,0,0.034901048988103867,-0.014956568367779255,0,0.14865036308765411,-0.39647665619850159,8
-0.92800003290176392,0.64925819635391235,0.51722806692123413,0,0.04548388347029686,0.0056501929648220539,0,0.35877326130867004,0.050923187285661697,8
-0.92800003290176392,0.80968284606933594,0.71127778291702271,0,0.043289005756378174,0.01281523983925581,0,0.61837273836135864,0.24507510662078857,8
-0.55932247638702393,1.0045268535614014,0.53996986150741577,-0.039212934672832489,0.071313560009002686,0.010611691512167454,-0.38893464207649231,0.80886703729629517,0.40698540210723877,8
-0.33405360579490662,1.0230550765991211,0.45526182651519775,-0.025374045595526695,0.031636256724596024,0.056242834776639938,0.031575746834278107,0.11271988600492477,-0.11986109614372253,8
-0.067752480506896973,0.95783835649490356,0.3705543577671051,-0.013237365521490574,0.029791438952088356,-0.016423273831605911,-0.083024285733699799,-0.30689159035682678,-0.051848772913217545,8
0.0064257057383656502,0.79394054412841797,0.37125667929649353,-0.17205391824245453,-0.10453228652477264,-0.0084395036101341248,-0.66425526142120361,-0.11996670812368393,-0.038468461483716965,8
0.36176291108131409,1.0245230197906494,0.47618058323860168,0.052520044147968292,0.045746725052595139,0.059947703033685684,0.037245709449052811,0.50878483057022095,0.34667348861694336,8
0.567058265209198,0.96052443981170654,0.5453871488571167,0.070826500654220581,0.14527545869350433,-0.0004972945898771286,0.18414883315563202,0.36266905069351196,0.062512017786502838,8
0.92800003290176392,0.78898799419403076,0.71256595849990845,0,0.012366989627480507,-0.0084304250776767731,0,0.076335020363330841,-0.38722437620162964,8
0.92800003290176392,0.56158602237701416,0.56185299158096313,0,0.018535559996962547,0.0076889409683644772,0,0.70802390575408936,0.051260698586702347,8
-0.92800003290176392,0.63543367385864258,0.71737271547317505,0,0.03243013471364975,0.025983177125453949,0,0.1694435179233551,0.27781429886817932,8
-0.72397089004516602,0.67034238576889038,0.61054104566574097,-0.030235659331083298,0.019753418862819672,-0.047210924327373505,-0.10481686890125275,0.47044020891189575,-0.98635101318359375,8
-0.72214788198471069,0.80334073305130005,0.92800003290176392,-0.012409296818077564,0.0034852549433708191,0,-0.14713168144226074,0.10946369171142578,0,8
-0.42173591256141663,0.81143087148666382,0.68601405620574951,-3.1807925552129745e-05,0.065186679363250732,0.0059084109961986542,0.19107159972190857,0.46640685200691223,-0.33049815893173218,8
-0.31146356463432312,0.63565659523010254,0.70893704891204834,-0.0098993564024567604,0.074687875807285309,-0.011744000017642975,-0.077601432800292969,0.54490244388580322,0.0041129719465970993,8
0.23148958384990692,0.7066342830657959,0.72886323928833008,-0.015486814081668854,0.085711643099784851,-0.0015778457745909691,-0.072724848985671997,0.56152981519699097,0.15519760549068451,8
0.4177054762840271,0.87214744091033936,0.64562273025512695,0.034838937222957611,0.062910839915275574,-0.043260905891656876,-0.031916387379169464,0.1259617805480957,-0.044604908674955368,8
0.71848833560943604,0.80408388376235962,0.92800003290176392,0.010459974408149719,0.031625960022211075,0,0.016103703528642654,0.22814382612705231,0,8
0.59247541427612305,0.67234784364700317,0.72273093461990356,-0.012506206519901752,0.06231921911239624,0.032499503344297409,-0.52962428331375122,0.026120243594050407,0.17817433178424835,8
0.92800003290176392,0.61136364936828613,0.71135574579238892,0,0.035394132137298584,0.011664415709674358,0,0.39363628625869751,-0.062074862420558929,8
-0.92800003290176392,0.4280475378036499,0.92800003290176392,0,0.0090307425707578659,0,0,0.021495668217539787,0,8
-0.71337205171585083,0.62245982885360718,0.92800003290176392,-0.0090589486062526703,0.026188014075160027,0,-0.016465689986944199,0.075943894684314728,0,8
-0.49708825349807739,0.66740256547927856,0.92800003290176392,0.0010007530217990279,0.0037437307182699442,0,-0.34310495853424072,0.0057924394495785236,0,8
-0.40936461091041565,0.46066057682037354,0.92800003290176392,0.0090197501704096794,0.013566918671131134,0,0.018654454499483109,-0.29857540130615234,0,8
-0.071660667657852173,0.80272394418716431,0.92800003290176392,0.0039478866383433342,0.046646527945995331,0,-0.26661574840545654,0.63786959648132324,0,8
0.07426568865776062,0.79841142892837524,0.92800003290176392,-0.028578704223036766,0.023497618734836578,0,0.036252677440643311,0.43460530042648315,0,8
0.33884736895561218,0.63362801074981689,0.92800003290176392,-0.00049095996655523777,0.025744352489709854,0,-0.10224387794733047,0.23462091386318207,0,8
0.50057518482208252,0.65790003538131714,0.92800003290176392,-0.010318565182387829,0.035288557410240173,0,-0.10680949687957764,0.3272223174571991,0,8
0.71445959806442261,0.6258699893951416,0.92800003290176392,0.014863947406411171,0.02899416908621788,0,0.23865339159965515,0.31359034776687622,0,8
0.92800003290176392,0.42760467529296875,0.92800003290176392,0,0.014745141379535198,0,0,0.23533198237419128,0,8
-0.92800003290176392,0.75497263669967651,-0.92800003290176392,0,0.0015958100557327271,0,0,0.19878165423870087,0,8
-0.69878643751144409,1.0415300130844116,-0.92800003290176392,-0.0069654393009841442,0.044557236135005951,0,-0.10239137709140778,0.30788260698318481,0,8
-0.54975152015686035,0.85491746664047241,-0.92800003290176392,0.016247959807515144,0.034756109118461609,0,-0.057900507003068924,0.20630383491516113,0,8
-0.37056958675384521,0.63186746835708618,-0.92800003290176392,-0.0036535602994263172,0.038986947387456894,0,-0.079548798501491547,0.30021494626998901,0,8
-0.24636219441890717,0.78484785556793213,-0.92800003290176392,0.017527123913168907,0.015834234654903412,0,0.0070248167030513287,0.21366503834724426,0,8
0.22806379199028015,0.80271899700164795,-0.92800003290176392,0.00012437772238627076,0.0032331077381968498,0,0.16672496497631073,0.23145638406276703,0,8
0.14186052978038788,0.62583595514297485,-0.92800003290176392,0.0075373291037976742,0.018542774021625519,0,0.27268841862678528,0.12846484780311584,0,8
0.55024546384811401,0.82543301582336426,-0.92800003290176392,-0.017249917611479759,0.040387365967035294,0,0.024801323190331459,0.079304195940494537,0,8
0.73880308866500854,1.0237305164337158,-0.92800003290176392,0.0087619591504335403,0.028543401509523392,0,0.074218899011611938,0.10707198828458786,0,8
0.92800003290176392,0.76515370607376099,-0.92800003290176392,0,-0.0012605506926774979,0,0,0.04417022317647934,0,8
-0.92800003290176392,1.0253201723098755,-0.74544727802276611,0,0.021662056446075439,-0.020917400717735291,0,0.32336077094078064,-0.11266322433948517,8
-0.92800003290176392,1.0379297733306885,-0.92800003290176392,0,0.027899650856852531,0,0,0.2313748300075531,0,8
-0.52734178304672241,1.0634727478027344,-0.78435879945755005,0.0039766216650605202,0.056937195360660553,-0.00055447593331336975,-0.03913479670882225,0.34634760022163391,0.0654749795794487,8
-0.37961524724960327,1.0037660598754883,-0.92800003290176392,0.010745823383331299,0.035750545561313629,0,0.32595130801200867,0.31346225738525391,0,8
0.010003868490457535,1.0039142370223999,-0.92800003290176392,0.0075726089999079704,0.028166715055704117,0,-0.081468492746353149,0.2732832133769989,0,8
0.11121046543121338,1.0024400949478149,-0.92800003290176392,0.016019245609641075,0.028434129431843758,0,-0.1575632244348526,0.22055624425411224,0,8
0.44364359974861145,1.011192798614502,-0.92800003290176392,-0.0012130013201385736,0.029719503596425056,0,0.23839858174324036,0.23225051164627075,0,8
0.57737982273101807,1.0579004287719727,-0.80964231491088867,0.021849151700735092,0.057276006788015366,-0.015449925325810909,0.082252278923988342,0.48517817258834839,-0.18511152267456055,8
0.92800003290176392,1.0412575006484985,-0.92800003290176392,0,0.016527129337191582,0,0,0.14962953329086304,0,8
0.92800003290176392,1.0003185272216797,-0.7251543402671814,0,0.031656574457883835,-0.013846843503415585,0,0.39184540510177612,-0.59625673294067383,8
-0.92800003290176392,1.0124117136001587,-0.55770474672317505,0,0.041185170412063599,-0.033485408872365952,0,0.3805432915687561,-0.23010468482971191,8
-0.76809805631637573,1.0614240169525146,-0.54030442237854004,0.015128152444958687,0.054111111909151077,-0.016048340126872063,-0.23385469615459442,0.46747514605522156,-0.24445635080337524,8
-0.68782955408096313,0.84374523162841797,-0.67760962247848511,-0.036387894302606583,0.053189553320407867,-0.033132489770650864,0.13293127715587616,0.28016620874404907,0.074518576264381409,8
-0.23947784304618835,1.0222153663635254,-0.71522241830825806,0.0085645578801631927,0.071371220052242279,-0.04389108344912529,0.4508604109287262,0.029517261311411858,-0.13114102184772491,8
-0.16014595329761505,0.79793292284011841,-0.70267421007156372,0.028705894947052002,0.037393450736999512,0.040263548493385315,0.93344438076019287,0.82401818037033081,0.62558102607727051,8
0.053705766797065735,0.81091004610061646,-0.69069802761077881,-0.00073192641139030457,0.02237260527908802,0.030160041525959969,-0.89336317777633667,0.22806534171104431,0.47007080912590027,8
0.30734226107597351,1.0197920799255371,-0.65607988834381104,0.014502160251140594,0.075415819883346558,-0.016103319823741913,-0.41417416930198669,0.46110266447067261,0.059611979871988297,8
0.67830765247344971,0.83394837379455566,-0.68005174398422241,0.0089607881382107735,0.092729419469833374,-0.0039685177616775036,-0.31664523482322693,1.2848657369613647,0.51129400730133057,8
0.79134809970855713,1.0467396974563599,-0.5516660213470459,-0.0087323002517223358,0.060857299715280533,-0.021611062809824944,-0.17139738798141479,0.52607601881027222,-0.049620974808931351,8
0.92800003290176392,0.80189597606658936,-0.55182021856307983,0,0.023164253681898117,0.026743259280920029,0,0.10087938606739044,-0.38891872763633728,8
-0.92800003290176392,0.6139339804649353,-0.24591417610645294,0,0.025875020772218704,0.012679010629653931,0,0.20789237320423126,0.16785015165805817,8
-0.92800003290176392,1.021767258644104,-0.41716471314430237,0,0.031144110485911369,-0.062908776104450226,0,0.28709110617637634,-0.23336334526538849,8
-0.6402963399887085,1.0139064788818359,-0.28272977471351624,-0.0043995203450322151,0.078802071511745453,0.006002556998282671,0.082353785634040833,0.58690249919891357,0.054106481373310089,8
-0.59739422798156738,1.0127853155136108,-0.61725872755050659,0.028586952015757561,0.076490864157676697,-0.0043762414716184139,0.084667831659317017,0.93231940269470215,-0.14788424968719482,8
-0.22507795691490173,0.99779534339904785,-0.56124782562255859,-0.021006792783737183,0.066626138985157013,-0.048029281198978424,0.36598068475723267,0.051092948764562607,-0.49467116594314575,8
0.20180687308311462,0.99802494049072266,-0.57153451442718506,-0.010252119041979313,0.077050171792507172,-0.0040695127099752426,-0.50952237844467163,0.64364063739776611,-0.026490829885005951,8
0.59775710105895996,1.0118603706359863,-0.59229284524917603,-0.0036403362173587084,0.095585532486438751,0.020433148369193077,-0.0068150945007801056,0.86612367630004883,0.047046445310115814,8
0.68774795532226562,1.0131186246871948,-0.28633996844291687,0.039503611624240875,0.057472139596939087,-0.027359131723642349,0.30133408308029175,0.47716003656387329,-0.29157331585884094,8
0.92800003290176392,0.99538165330886841,-0.41237542033195496,0,0.030772710219025612,-0.053533539175987244,0,0.28295320272445679,-0.41657117009162903,8
0.92800003290176392,0.60543966293334961,-0.24331201612949371,0,0.015256678685545921,0.0049056569114327431,0,-0.15763799846172333,0.46528083086013794,8
-0.92800003290176392,0.81369102001190186,-0.26740884780883789,0,0.0093011772260069847,-0.024508876726031303,0,0.13975130021572113,-0.19755256175994873,8
-0.92800003290176392,1.0042281150817871,-0.062783583998680115,0,0.027176298201084137,-0.0636296346783638,0,0.26413342356681824,-0.22962121665477753,8
-0.70914071798324585,0.79249459505081177,-0.071876972913742065,-0.007894422858953476,0.013402475044131279,-0.026908250525593758,-0.0084845395758748055,-0.026013262569904327,-0.49610728025436401,8
-0.52427488565444946,1.0147666931152344,-0.25208309292793274,-0.0038689528591930866,0.045769911259412766,-0.019669955596327782,0.055514387786388397,0.09429573267698288,0.081236004829406738,8
-0.19323684275150299,1.0407062768936157,-0.15517301857471466,0.027664413675665855,-0.33928251266479492,-0.043511051684617996,-0.17209583520889282,-2.3275027275085449,-0.45516470074653625,8
0.17387169599533081,1.0433814525604248,-0.14184576272964478,-0.0022960626520216465,-0.31156641244888306,-0.093813426792621613,0.35629564523696899,-2.1655354499816895,-0.74349647760391235,8
0.56579935550689697,1.0008393526077271,-0.18406093120574951,0.038772467523813248,0.02043602243065834,0.002317346166819334,0.10763949900865555,0.2891528308391571,-0.36213210225105286,8
0.68733674287796021,0.80250519514083862,-0.079249918460845947,0.0092088188976049423,0.033447626978158951,-0.013822965323925018,-0.0074113062582910061,0.72877085208892822,0.24950717389583588,8
0.92800003290176392,0.98311620950698853,-0.061402380466461182,0,0.028272677212953568,-0.064047530293464661,0,0.22334401309490204,-0.23563753068447113,8
0.92800003290176392,0.78663045167922974,-0.22906398773193359,0,-0.029392452910542488,-0.030591452494263649,0,-0.41454225778579712,-0.060860380530357361,8
-0.92800003290176392,0.81781387329101562,0.20464040338993073,0,0.0077031766995787621,-0.043663013726472855,0,0.29126855731010437,-0.42010593414306641,8
-0.92800003290176392,1.0052132606506348,0.025342775508761406,0,0.034410953521728516,-0.041005142033100128,0,0.33150258660316467,-0.39081430435180664,8
-0.65071535110473633,0.81219953298568726,0.10315468907356262,0.037406343966722488,0.052880275994539261,0.048155367374420166,-0.06004985049366951,0.084050253033638,0.89486449956893921,8
-0.58170539140701294,1.0035738945007324,0.22312822937965393,-0.0079719778150320053,0.068704232573509216,-0.021812092512845993,-0.09262596070766449,0.46582937240600586,-0.002164989709854126,8
-0.24687828123569489,1.0435333251953125,0.079173922538757324,-0.014593416824936867,-0.31526550650596619,-0.022670555859804153,-0.22391487658023834,-1.9058122634887695,-0.3063601553440094,8
0.09479907900094986,1.0457489490509033,0.25178506970405579,-0.026463653892278671,-0.2887006402015686,0.081127971410751343,-1.0575435161590576,-1.8667056560516357,1.0463602542877197,8
0.56650245189666748,1.0004327297210693,0.20464538037776947,0.050836563110351562,0.029437219724059105,-0.019028164446353912,-0.2615511417388916,0.27023065090179443,-0.3051801323890686,8
0.71876662969589233,0.78231233358383179,0.14795172214508057,0.0033169486559927464,0.039880495518445969,0.059293016791343689,-0.39485964179039001,0.12630298733711243,-0.065524131059646606,8
0.92800003290176392,0.98508161306381226,0.02988620288670063,0,0.028719255700707436,0.0021527009084820747,0,0.13106557726860046,-0.10807688534259796,8
0.92800003290176392,0.7943529486656189,0.24069170653820038,0,-0.0094259083271026611,-0.041465435177087784,0,-0.31063753366470337,-0.6769980788230896,8
-0.92800003290176392,0.62751132249832153,0.20118845999240875,0,0.037224151194095612,-0.016491353511810303,0,0.19205878674983978,0.058363243937492371,8
-0.92800003290176392,1.0192906856536865,0.39664837718009949,0,0.050777088850736618,-0.0035982297267764807,0,0.58343851566314697,0.071000285446643829,8
-0.71655780076980591,1.026795506477356,0.27792128920555115,-0.11820774525403976,0.087073460221290588,0.027232829481363297,-0.4163040816783905,0.69622272253036499,-0.12640948593616486,8
-0.62528562545776367,1.0031270980834961,0.61671918630599976,-0.032584838569164276,0.097379632294178009,0.042690031230449677,0.096687145531177521,1.2796972990036011,-0.12197210639715195,8
-0.20381253957748413,0.98725879192352295,0.56813645362854004,-0.0010032935533672571,0.051750842481851578,0.048557374626398087,-0.015959197655320168,0.39605462551116943,-0.027701405808329582,8
0.20646668970584869,1.0133612155914307,0.54904139041900635,0.0073456135578453541,0.039396632462739944,0.014340035617351532,-0.010249543935060501,0.28319978713989258,-0.048402134329080582,8
0.64136999845504761,1.0088100433349609,0.67050164937973022,0.0062731592915952206,0.081733845174312592,-0.0069247633218765259,0.04501059278845787,0.81870806217193604,0.04700794443488121,8
0.67193931341171265,1.0271143913269043,0.2756512463092804,0.026977084577083588,0.079118415713310242,-0.042674746364355087,0.20758184790611267,0.57930159568786621,0.066664069890975952,8
0.92800003290176392,0.98819887638092041,0.38516655564308167,0,0.040268298238515854,-0.029665363952517509,0,0.40091204643249512,-0.17630046606063843,8
0.92800003290176392,0.61651778221130371,0.24786050617694855,0,0.025058014318346977,0.0052744699642062187,0,-0.11455848067998886,0.2315373569726944,8
-0.92800003290176392,0.8138347864151001,0.54316037893295288,0,0.029477102681994438,0.028979133814573288,0,0.46204477548599243,0.43135520815849304,8
-0.92800003290176392,1.0212136507034302,0.59287142753601074,0,0.018609082326292992,-0.043098252266645432,0,0.48848596215248108,-0.096851877868175507,8
-0.69387358427047729,0.82387614250183105,0.68854516744613647,-0.032907366752624512,0.075476132333278656,0.024095788598060608,0.096738666296005249,0.63946014642715454,-0.065834201872348785,8
-0.26023134589195251,1.0219321250915527,0.70432645082473755,-0.012852623127400875,0.092029772698879242,0.026481108739972115,0.032967615872621536,0.70388561487197876,0.35292080044746399,8
-0.13488142192363739,0.78861761093139648,0.71603965759277344,-0.006184727419167757,0.033336896449327469,-0.0044145914725959301,0.31199169158935547,-0.047127638012170792,-0.37634727358818054,8
0.10594303160905838,0.81791388988494873,0.67752808332443237,0.018536031246185303,0.0032919137738645077,-0.034303061664104462,-0.31377452611923218,-0.04779384657740593,-0.43276137113571167,8
0.26552480459213257,1.0195794105529785,0.69077432155609131,0.01984550803899765,0.052691087126731873,0.0085163228213787079,0.23375660181045532,0.48541978001594543,0.34574443101882935,8
0.68976283073425293,0.81248843669891357,0.69251447916030884,0.010571267455816269,0.05075136199593544,0.023950047791004181,-0.05897149071097374,0.44897907972335815,0.093663796782493591,8
0.82216304540634155,1.0424622297286987,0.55374807119369507,0.033150762319564819,0.047256845980882645,0.0094831343740224838,-0.0740518718957901,0.2948966920375824,-0.055561117827892303,8
0.92800003290176392,0.79647856950759888,0.56215953826904297,0,0.014825963415205479,-0.0073095974512398243,0,0.33342209458351135,0.47936263680458069,8
-0.92800003290176392,1.0332597494125366,0.75684034824371338,0,0.049035623669624329,0.095899112522602081,0,0.33120551705360413,0.20670352876186371,8
-0.92800003290176392,1.0500812530517578,0.92800003290176392,0,0.041556917130947113,0,0,0.16872334480285645,0,8
-0.59557646512985229,1.056637167930603,0.83541232347488403,-0.060631170868873596,0.060609497129917145,0.052591625601053238,-0.041443366557359695,0.46499207615852356,0.1241002157330513,8
-0.41361767053604126,1.0110447406768799,0.92800003290176392,-0.0046678278595209122,0.021038131788372993,0,-0.040226336568593979,0.25432983040809631,0,8
-0.029733316972851753,1.0027809143066406,0.92800003290176392,-0.011749017983675003,0.033085193485021591,0,-0.096971213817596436,0.30884423851966858,0,8
0.062832899391651154,1.0030088424682617,0.92800003290176392,0.0098862135782837868,0.028260167688131332,0,0.029342498630285263,0.35106849670410156,0,8
0.41313266754150391,1.0149155855178833,0.92800003290176392,0.009154144674539566,0.031224876642227173,0,-0.065588079392910004,0.26227068901062012,0,8
0.57713484764099121,1.0618876218795776,0.81592285633087158,0.023197824135422707,0.045932255685329437,0.033792376518249512,0.18982288241386414,0.3635944128036499,-0.23186276853084564,8
0.92800003290176392,1.0435909032821655,0.92800003290176392,0,0.016722545027732849,0,0,0.11508020013570786,0,8
0.92800003290176392,1.0022311210632324,0.74576550722122192,0,0.034827675670385361,0.01599746011197567,0,0.23485806584358215,0.36104518175125122,8
-0.92800003290176392,0.76188033819198608,0.92800003290176392,0,-0.0012118384474888444,0,0,-0.14360833168029785,0,8
-0.72139602899551392,1.0221186876296997,0.92800003290176392,-0.01106733363121748,0.020541613921523094,0,-0.098107248544692993,0.16074888408184052,0,8
-0.56806397438049316,0.82598155736923218,0.92800003290176392,0.00048572802916169167,0.018886612728238106,0,-0.24335518479347229,0.20871524512767792,0,8
-0.33424985408782959,0.62157869338989258,0.92800003290176392,-0.0059377904981374741,0.022341290488839149,0,-0.15383529663085938,0.38918447494506836,0,8
-0.23077026009559631,0.79880410432815552,0.92800003290176392,-0.015523391775786877,0.022052917629480362,0,0.05863523855805397,0.36085176467895508,0,8
0.2405313104391098,0.81037354469299316,0.92800003290176392,-0.0071123973466455936,0.019042614847421646,0,-0.083595424890518188,0.14102327823638916,0,8
0.16161945462226868,0.62307620048522949,0.92800003290176392,-0.015025733038783073,0.042814020067453384,0,0.22695270180702209,0.46161821484565735,0,8
0.55820280313491821,0.82655799388885498,0.92800003290176392,-0.010630286298692226,0.01092948392033577,0,0.24090412259101868,0.22242742776870728,0,8
0.74060136079788208,1.0258264541625977,0.92800003290176392,0.021311365067958832,0.049278948456048965,0,0.31136026978492737,0.4214378297328949,0,8
0.92800003290176392,0.7607342004776001,0.92800003290176392,0,0.011639183387160301,0,0,0.16153833270072937,0,8
-0.92800003290176392,0.64804798364639282,-0.92800003290176392,0,0.030167322605848312,0,0,-0.013623720966279507,0,8
-0.92800003290176392,0.89072012901306152,-0.92800003290176392,0,0.017331277951598167,0,0,0.21983012557029724,0,8
-0.45985311269760132,1.004774808883667,-0.92800003290176392,0.015051771886646748,0.026782969012856483,0,-0.58861911296844482,0.43617534637451172,0,8
-0.41600883007049561,0.81080830097198486,-0.92800003290176392,-0.017530433833599091,0.028304509818553925,0,-0.17429997026920319,0.11482240259647369,0,8
-0.083461925387382507,1.0001159906387329,-0.92800003290176392,-0.00544759351760149,0.027281615883111954,0,-0.099809758365154266,0.34742629528045654,0,8
0.21066123247146606,0.99900287389755249,-0.92800003290176392,0.022566379979252815,0.026710096746683121,0,0.0014386138645932078,0.17210851609706879,0,8
0.39623239636421204,0.80670839548110962,-0.92800003290176392,-0.0041922279633581638,0.016268078237771988,0,-0.058275207877159119,0.1191985085606575,0,8
0.52437639236450195,1.0093311071395874,-0.92800003290176392,0.041667569428682327,0.028296150267124176,0,0.22368940711021423,0.19465276598930359,0,8
0.92800003290176392,0.89929920434951782,-0.92800003290176392,0,0.0080711245536804199,0,0,-0.1158047616481781,0,8
0.92800003290176392,0.63845884799957275,-0.92800003290176392,0,0.038092836737632751,0,0,-0.56848186254501343,0,8
-0.92800003290176392,0.75497269630432129,-0.92800003290176392,0,0.0015958100557327271,0,0,0.19878165423870087,0,8
-0.92800003290176392,1.0379294157028198,-0.92800003290176392,0,0.027894549071788788,0,0,0.23146088421344757,0,8
-0.66365861892700195,1.0390087366104126,-0.92800003290176392,0.0090991687029600143,0.042256806045770645,0,-0.12329114228487015,0.27734431624412537,0,8
-0.2772509753704071,1.0086289644241333,-0.92800003290176392,0.0053296606056392193,0.032994210720062256,0,0.23948341608047485,0.2758980393409729,0,8
-0.17993180453777313,1.0026075839996338,-0.92800003290176392,-0.0040869349613785744,0.029299039393663406,0,-0.011756358668208122,0.31537184119224548,0,8
0.25720381736755371,1.0531526803970337,-0.80819100141525269,0.013646356761455536,0.045560978353023529,-0.016831224784255028,-0.23734703660011292,0.20726132392883301,0.37826085090637207,8
0.33604586124420166,1.0076473951339722,-0.92800003290176392,0.001164688728749752,0.030239153653383255,0,0.08070402592420578,0.20383726060390472,0,8
0.68893104791641235,1.0215581655502319,-0.92800003290176392,0.026531973853707314,0.030121568590402603,0,0.13295122981071472,0.15426719188690186,0,8
0.92800003290176392,1.0412576198577881,-0.92800003290176392,0,0.016527103260159492,0,0,0.14962990581989288,0,8
0.92800003290176392,0.76515370607376099,-0.92800003290176392,0,-0.0012605506926774979,0,0,0.04417022317647934,0,8
-0.92800003290176392,1.021770715713501,-0.44613730907440186,0,0.032218217849731445,-0.04233604297041893,0,0.30202671885490417,-0.21833795309066772,8
-0.92800003290176392,1.0264233350753784,-0.72453838586807251,0,0.022691424936056137,-0.0251905657351017,0,0.33078724145889282,-0.13558264076709747,8
-0.72820174694061279,1.0689313411712646,-0.73459327220916748,-0.022703135386109352,0.075442560017108917,-0.023523658514022827,-0.1233699843287468,0.54532438516616821,-0.18870417773723602,8
-0.39356786012649536,1.0353118181228638,-0.72307556867599487,-0.024619100615382195,0.056611984968185425,0.0050938799977302551,0.27641487121582031,0.4003128707408905,-0.055048510432243347,8
-0.083015695214271545,1.0264853239059448,-0.72530132532119751,0.025424614548683167,0.06028154119849205,-0.012372039258480072,-0.1571090966463089,-0.38368159532546997,-0.077510781586170197,8
0.092253468930721283,1.0322369337081909,-0.72649401426315308,0.017427714541554451,0.063446506857872009,-0.011099101975560188,-0.23261629045009613,-0.25007015466690063,0.15785720944404602,8
0.46829557418823242,1.0349797010421753,-0.68540060520172119,0.02595849335193634,0.091819189488887787,-0.0063795968890190125,-0.15504497289657593,0.62093579769134521,-0.085020251572132111,8
0.74752217531204224,1.0598453283309937,-0.72592169046401978,0.036648612469434738,0.089499771595001221,-0.030648369342088699,0.028146540746092796,0.61723792552947998,-0.23908963799476624,8
0.92800003290176392,0.98776388168334961,-0.66378933191299438,0,0.027117429301142693,-0.031205635517835617,0,-0.042939145117998123,0.024349650368094444,8
0.92800003290176392,0.99214309453964233,-0.54022204875946045,0,0.022572623565793037,-0.04422372579574585,0,0.11942540854215622,-0.25791192054748535,8
-0.92800003290176392,0.82144182920455933,-0.45024961233139038,0,0.032104704529047012,-0.035044528543949127,0,0.20355501770973206,-0.092746756970882416,8
-0.92800003290176392,1.0157302618026733,-0.2862122654914856,0,0.037283658981323242,-0.054859768599271774,0,0.33282452821731567,-0.083007432520389557,8
-0.67606246471405029,1.0276335477828979,-0.43258407711982727,0.020225333049893379,0.062510296702384949,-0.052715085446834564,0.061297524720430374,0.72753864526748657,-0.34657770395278931,8
-0.53172922134399414,1.0338841676712036,-0.59410184621810913,-0.043541397899389267,0.058663275092840195,-0.045325871556997299,0.08606034517288208,0.6692386269569397,-0.1560494601726532,8
-0.08668055385351181,1.0077708959579468,-0.51883977651596069,0.022562196478247643,0.033654402941465378,-0.062071561813354492,0.22161290049552917,2.9057262054266175e-06,-0.44528579711914062,8
0.051901616156101227,0.9904976487159729,-0.56101274490356445,-0.020164376124739647,0.07598491758108139,-0.01880103163421154,0.17433184385299683,0.40601801872253418,0.034251809120178223,8
0.48978760838508606,1.0289275646209717,-0.51879203319549561,0.039398137480020523,0.08236309140920639,-0.03838609904050827,0.063928216695785522,0.67193591594696045,-0.10787083953619003,8
0.6969456672668457,1.0242141485214233,-0.44070151448249817,-0.027258282527327538,0.052134174853563309,-0.04901740700006485,0.05726633220911026,0.54366016387939453,-0.083364389836788177,8
0.92800003290176392,0.99082565307617188,-0.32278957962989807,0,0.021740535274147987,0.012242682278156281,0,0.32409125566482544,0.47949120402336121,8
0.92800003290176392,0.79923129081726074,-0.40465864539146423,0,0.032379928976297379,-0.019162993878126144,0,0.74725377559661865,0.012746023945510387,8
-0.92800003290176392,1.0003732442855835,-0.16339331865310669,0,0.025763159617781639,-0.061371505260467529,0,0.30251505970954895,-0.017768740653991699,8
-0.78418058156967163,1.0560598373413086,-0.22886210680007935,-0.020474249497056007,0.070160239934921265,-0.028722057119011879,-0.16123606264591217,0.66138255596160889,0.13708697259426117,8
-0.71048694849014282,1.0275707244873047,-0.072022773325443268,0.007807108573615551,0.092332638800144196,-0.0047051357105374336,-0.076533026993274689,0.65461409091949463,-0.082259871065616608,8
-0.57015311717987061,0.97955244779586792,-0.083866596221923828,-0.11585790663957596,0.048341162502765656,-0.0079409210011363029,-0.13230666518211365,0.45116564631462097,-0.24085612595081329,8
-0.044724363833665848,1.0412753820419312,-0.23661451041698456,0.010766450315713882,-0.33203640580177307,-0.081411965191364288,0.27966848015785217,-2.2658934593200684,-1.2246904373168945,8
0.16767880320549011,1.043721079826355,0.015685243532061577,-0.032958436757326126,-0.30516377091407776,-0.069315358996391296,0.030949225649237633,-2.1691837310791016,0.14023080468177795,8
0.48065149784088135,0.99651366472244263,-0.066974364221096039,0.086388088762760162,-0.030958518385887146,-0.01870918832719326,-0.07318674772977829,-0.0016261449782177806,0.48701229691505432,8
0.7230905294418335,1.0194758176803589,-0.091890104115009308,0.038977663964033127,0.074154660105705261,0.0057403948158025742,0.30121427774429321,0.42214369773864746,0.12856112420558929,8
0.8556678295135498,1.0358666181564331,-0.23796787858009338,0.087897613644599915,0.0079247644171118736,-0.025553885847330093,0.13642564415931702,0.17953804135322571,0.27874889969825745,8
0.92800003290176392,0.98494976758956909,-0.17798666656017303,0,0.026797249913215637,-0.026474699378013611,0,0.21238020062446594,0.073038280010223389,8
-0.92800003290176392,1.005139946937561,0.11954817920923233,0,0.039020389318466187,-0.0093300864100456238,0,0.42196404933929443,0.055764380842447281,8
-0.88482242822647095,1.0437424182891846,0.20981279015541077,-0.11477593332529068,-0.007356635294854641,-0.025506982579827309,-0.18358109891414642,0.11541754007339478,0.035682041198015213,8
-0.70738005638122559,1.0274187326431274,0.10053879022598267,-0.03362487256526947,0.08491823822259903,-0.068966589868068695,-0.33330178260803223,0.49501281976699829,-0.12508191168308258,8
-0.53318703174591064,0.99014753103256226,0.084525503218173981,-0.13774764537811279,-0.016251355409622192,0.0033825973514467478,-0.2885994017124176,0.21994587779045105,-0.11962715536355972,8
-0.16982907056808472,1.0424783229827881,0.16635534167289734,0.063604764640331268,-0.32313743233680725,-0.056856878101825714,0.83016276359558105,-2.3069849014282227,0.24748808145523071,8
0.15282760560512543,1.0441612005233765,0.10433372855186462,-0.039732910692691803,-0.30245465040206909,-0.084313549101352692,-0.22553956508636475,-2.1818325519561768,-1.1432594060897827,8
0.57910937070846558,0.97559785842895508,0.050603441894054413,0.050077445805072784,0.050691131502389908,-0.01332432683557272,-0.36433079838752747,0.35160306096076965,0.34075421094894409,8
0.73414415121078491,1.0285089015960693,0.078518517315387726,0.014212467707693577,0.069884754717350006,-0.0043035685084760189,0.07779654860496521,0.24004574120044708,0.14224070310592651,8
0.84145379066467285,1.0427497625350952,0.21718597412109375,0.062456179410219193,0.043743818998336792,0.02144809253513813,0.14408189058303833,0.15369704365730286,0.44834545254707336,8
0.92800003290176392,0.98492300510406494,0.14187617599964142,0,0.038128294050693512,0.020213114097714424,0,0.18750350177288055,0.41026538610458374,8
-0.92800003290176392,0.81939530372619629,0.37492549419403076,0,0.008992241695523262,0.0076310262084007263,0,0.1169883981347084,0.0059015718288719654,8
-0.92800003290176392,1.0154188871383667,0.29796013236045837,0,0.051769338548183441,-0.055031836032867432,0,0.60228866338729858,0.015377885662019253,8
-0.76226210594177246,1.0475989580154419,0.47581389546394348,-0.031159806996583939,0.058598592877388,0.032750140875577927,-0.187932088971138,0.67731517553329468,0.26482376456260681,8
-0.42953255772590637,1.0128405094146729,0.55216681957244873,0.017691927030682564,0.072436243295669556,0.050140179693698883,-0.31753909587860107,0.63481122255325317,0.34229543805122375,8
-0.06387358158826828,0.98493176698684692,0.58005839586257935,0.013581054285168648,0.053154919296503067,0.062539845705032349,0.090004175901412964,0.36424922943115234,0.0085865333676338196,8
0.066143684089183807,1.0031973123550415,0.49286028742790222,0.03398258239030838,-0.0022665008436888456,0.11770617961883545,0.12468354403972626,-0.23819473385810852,0.28980797529220581,8
0.50337189435958862,1.0178239345550537,0.4142557680606842,0.087970554828643799,0.069577895104885101,0.042684029787778854,0.52937239408493042,0.48271200060844421,0.25673902034759521,8
0.72615152597427368,1.0313787460327148,0.43198025226593018,0.010227281600236893,0.076770491898059845,0.0026605888269841671,0.15110179781913757,0.4964977502822876,0.079609967768192291,8
0.92800003290176392,0.98857146501541138,0.28665256500244141,0,0.03803713247179985,0.0058778817765414715,0,0.27739304304122925,0.37948930263519287,8
0.92800003290176392,0.79511165618896484,0.4115123450756073,0,0.040824007242918015,0.026566455140709877,0,-0.027013195678591728,0.022816935554146767,8
-0.92800003290176392,1.0275940895080566,0.49416568875312805,0,0.023710018023848534,-0.0077890581451356411,0,0.45086613297462463,-0.095820724964141846,8
-0.92800003290176392,1.0209589004516602,0.67578941583633423,0,0.030532157048583031,-0.00089657632634043694,0,0.48408818244934082,0.27696746587753296,8
-0.73132199048995972,1.0584748983383179,0.70391243696212769,-0.013167643919587135,0.085433229804039001,0.028193267062306404,0.044496223330497742,0.62127691507339478,-0.027459671720862389,8
-0.43165922164916992,1.0375367403030396,0.73337763547897339,-0.029757276177406311,0.065849870443344116,0.041572291404008865,-0.20151229202747345,0.68496942520141602,0.3318408727645874,8
-0.10175706446170807,1.0349130630493164,0.74405622482299805,0.0090435734018683434,0.080516353249549866,0.0054239700548350811,0.0010525994002819061,0.44465568661689758,0.36519882082939148,8
0.061118870973587036,1.0287550687789917,0.69894552230834961,-0.034030362963676453,0.083726711571216583,0.0056449850089848042,-0.0075518707744777203,0.51641213893890381,0.41559407114982605,8
0.42263311147689819,1.0414865016937256,0.76309633255004883,0.014193608425557613,0.045861639082431793,0.043009035289287567,0.22795446217060089,0.33453446626663208,0.013601033948361874,8
0.77297794818878174,1.0648198127746582,0.73092865943908691,0.051503382623195648,0.061823096126317978,0.038684718310832977,-0.19041347503662109,0.32431861758232117,0.0038672981318086386,8
0.92800003290176392,0.97100025415420532,0.63457763195037842,0,0.020395822823047638,-0.0033237070310860872,0,0.038872133940458298,0.044197794049978256,8
0.92800003290176392,0.98796242475509644,0.50235044956207275,0,0.032577197998762131,-0.014619588851928711,0,0.22955723106861115,-0.31620904803276062,8
-0.92800003290176392,0.76188021898269653,0.92800003290176392,0,-0.0012111602118238807,0,0,-0.14362087845802307,0,8
-0.92800003290176392,1.0500816106796265,0.92800003290176392,0,0.04155794158577919,0,0,0.16870725154876709,0,8
-0.69100320339202881,1.0199621915817261,0.92800003290176392,-0.045813240110874176,0.016886495053768158,0,-0.090378813445568085,0.16704012453556061,0,8
-0.32756698131561279,1.0086550712585449,0.92800003290176392,0.0039880815893411636,0.019131185486912727,0,-0.012213228270411491,0.25956934690475464,0,8
-0.2389165461063385,1.0073937177658081,0.92800003290176392,-0.02032148651778698,0.022810859605669975,0,-0.091913819313049316,0.20642077922821045,0,8
0.20092460513114929,1.0569988489151001,0.8153458833694458,-0.023202577605843544,0.032167721539735794,0.061139624565839767,-0.021856425330042839,0.22041498124599457,0.35770964622497559,8
0.30615082383155823,1.0088005065917969,0.92800003290176392,-0.014664249494671822,0.02476545050740242,0,-0.045861579477787018,0.33568519353866577,0,8
0.66587913036346436,1.0178737640380859,0.92800003290176392,0.0026799584738910198,0.035728443413972855,0,-0.053773298859596252,0.16631500422954559,0,8
0.92800003290176392,1.0435903072357178,0.92800003290176392,0,0.016719833016395569,0,0,0.11512381583452225,0,8
0.92800003290176392,0.76073431968688965,0.92800003290176392,0,0.011640224605798721,0,0,0.16151911020278931,0,8
-0.92800003290176392,0.6414179801940918,0.92800003290176392,0,-0.019478302448987961,0,0,0.091844476759433746,0,8
-0.92800003290176392,0.90102940797805786,0.92800003290176392,0,0.0095686875283718109,0,0,-0.012228050269186497,0,8
-0.50329697132110596,1.0151673555374146,0.92800003290176392,-0.072743602097034454,0.032257087528705597,0,-0.064269527792930603,0.21428117156028748,0,8
-0.40269437432289124,0.80292212963104248,0.92800003290176392,0.00074507691897451878,0.036749698221683502,0,-0.14663593471050262,0.12019626051187515,0,8
-0.13235488533973694,1.0027995109558105,0.92800003290176392,-0.028724594041705132,0.035731103271245956,0,-0.13331544399261475,0.26434290409088135,0,8
0.17625325918197632,1.0062334537506104,0.92800003290176392,-0.0013686522142961621,0.025540711358189583,0,0.029916012659668922,0.35391959547996521,0,8
0.40136995911598206,0.82067525386810303,0.92800003290176392,-0.0031149231363087893,0.033325217664241791,0,0.049965422600507736,0.22264562547206879,0,8
0.53129065036773682,1.0172141790390015,0.92800003290176392,0.019000055268406868,0.030812455341219902,0,0.064464323222637177,0.27481308579444885,0,8
0.92800003290176392,0.89804363250732422,0.92800003290176392,0,0.0073721203953027725,0,0,0.065303586423397064,0,8
0.92800003290176392,0.64378374814987183,0.92800003290176392,0,0.012585957534611225,0,0,-0.019093051552772522,0,8
