step,phase,step_ms,fluid_ms,hydrostatic_ms,player_ms,cup_x,cup_y,cup_z,contained_particles,player_x,player_y,player_z,immersion,unresolved_geometry
0,rest,7.38143,7.04524,0.143865,0.018261,2,3.89728,4.7,0,0,3.71728,5.5,0,0
1,rest,0.258153,0,0.171683,0.011895,2,3.89183,4.7,0,0,3.71728,5.5,0,0
2,rest,7.16558,6.88274,0.140896,0.016234,2,3.88365,4.7,0,0,3.71728,5.5,0,0
3,rest,0.22651,0,0.142511,0.011707,2,3.87275,4.7,0,0,3.71728,5.5,0,0
4,rest,6.87219,6.54438,0.13979,0.06857,2,3.85913,4.7,0,0,3.71728,5.5,0,0
5,rest,0.279744,0,0.143573,0.064529,2,3.84278,4.7,0,0,3.71728,5.5,0,0
6,rest,7.24969,6.89519,0.139872,0.072811,2,3.8237,4.7,0,0,3.71728,5.5,0,0
7,rest,0.447427,0,0.281462,0.073482,2,3.8019,4.7,0,0,3.71728,5.5,0,0
8,rest,8.32395,7.2603,0.408567,0.074559,2,3.78,4.7,0,0,3.71728,5.5,0,0
9,rest,0.95931,0,0.63898,0.065564,2,3.78,4.7,0,0,3.71728,5.5,0,0
10,rest,8.08294,7.04188,0.67567,0.067857,2,3.78,4.7,0,0,3.71728,5.5,0,0
11,rest,1.13432,0,0.587808,0.066525,2,3.78,4.7,0,0,3.71728,5.5,0,0
12,rest,8.03703,6.97133,0.670946,0.073619,2,3.78,4.7,0,0,3.71728,5.5,0,0
13,rest,0.841846,0,0.540514,0.062664,2,3.78,4.7,0,0,3.71728,5.5,0,0
14,rest,8.84712,7.94246,0.537528,0.076068,2,3.78,4.7,0,0,3.71728,5.5,0,0
15,rest,1.11797,0,0.666334,0.124736,2,3.78,4.7,0,0,3.71728,5.5,0,0
16,rest,8.97614,8.06489,0.551378,0.068515,2,3.78,4.7,0,0,3.71728,5.5,0,0
17,rest,0.856305,0,0.554457,0.063253,2,3.78,4.7,0,0,3.71728,5.5,0,0
18,rest,8.92874,8.02302,0.550023,0.068085,2,3.78,4.7,0,0,3.71728,5.5,0,0
19,rest,0.840694,0,0.539582,0.063695,2,3.78,4.7,0,0,3.71728,5.5,0,0
20,rest,9.09718,8.20595,0.535354,0.070029,2,3.78,4.7,0,0,3.71728,5.5,0,0
21,rest,0.775486,0,0.473974,0.065666,2,3.78,4.7,0,0,3.71728,5.5,0,0
22,rest,10.2775,9.33913,0.441413,0.116671,2,3.78,4.7,0,0,3.71728,5.5,0,0
23,rest,0.776486,0,0.45996,0.066703,2,3.78,4.7,0,0,3.71728,5.5,0,0
24,rest,9.80938,9.13,0.348488,0.015586,2,3.78,4.7,0,0,3.71728,5.5,0,0
25,rest,0.382852,0,0.128803,0.017772,2,3.78,4.7,0,0,3.71728,5.5,0,0
26,rest,9.64483,9.19663,0.126868,0.015117,2,3.78,4.7,0,0,3.71728,5.5,0,0
27,rest,0.374494,0,0.128219,0.010789,2,3.78,4.7,0,0,3.71728,5.5,0,0
28,rest,10.6017,10.1539,0.132101,0.025923,2,3.78,4.7,0,0,3.71728,5.5,0,0
29,rest,0.462639,0,0.130753,0.011175,2,3.78,4.7,0,0,3.71728,5.5,0,0
30,rest,10.3366,9.78848,0.171087,0.015655,2,3.78,4.7,0,0,3.71728,5.5,0,0
31,rest,0.380819,0,0.131887,0.011008,2,3.78,4.7,0,0,3.71728,5.5,0,0
32,rest,10.9243,10.3581,0.12635,0.033973,2,3.78,4.7,0,0,3.71728,5.5,0,0
33,rest,0.528204,0,0.22016,0.012559,2,3.78,4.7,0,0,3.71728,5.5,0,0
34,rest,10.7494,10.2336,0.160619,0.02183,2,3.78,4.7,0,0,3.71728,5.5,0,0
35,rest,0.387916,0,0.134992,0.011199,2,3.78,4.7,0,0,3.71728,5.5,0,0
36,rest,10.2368,9.81881,0.124486,0.015626,2,3.78,4.7,0,0,3.71728,5.5,0,0
37,rest,0.401467,0,0.12649,0.01099,2,3.78,4.7,0,0,3.71728,5.5,0,0
38,rest,10.2381,9.8089,0.126817,0.022312,2,3.78,4.7,0,0,3.71728,5.5,0,0
39,rest,0.374988,0,0.128349,0.01086,2,3.78,4.7,0,0,3.71728,5.5,0,0
40,rest,10.8356,10.3579,0.125752,0.023945,2,3.78,4.7,0,0,3.71728,5.5,0,0
41,rest,0.40565,0,0.149518,0.010898,2,3.78,4.7,0,0,3.71728,5.5,0,0
42,rest,10.8332,10.4002,0.132313,0.018416,2,3.78,4.7,0,0,3.71728,5.5,0,0
43,rest,0.384904,0,0.12948,0.011741,2,3.78,4.7,0,0,3.71728,5.5,0,0
44,rest,10.5388,10.1155,0.126662,0.015762,2,3.78,4.7,0,0,3.71728,5.5,0,0
45,rest,0.398544,0,0.128322,0.01084,2,3.78,4.7,0,0,3.71728,5.5,0,0
46,rest,11.4323,10.9874,0.126395,0.027994,2,3.78,4.7,0,0,3.71728,5.5,0,0
47,rest,0.522044,0,0.20251,0.013645,2,3.78,4.7,0,0,3.71728,5.5,0,0
48,rest,10.6993,10.2679,0.129458,0.01628,2,3.78,4.7,0,0,3.71728,5.5,0,0
49,rest,0.402043,0,0.128516,0.012023,2,3.78,4.7,0,0,3.71728,5.5,0,0
50,rest,10.9278,10.4336,0.126962,0.022793,2,3.78,4.7,0,0,3.71728,5.5,0,0
51,rest,0.396465,0,0.140069,0.011475,2,3.78,4.7,0,0,3.71728,5.5,0,0
52,rest,10.9879,10.5555,0.12729,0.020094,2,3.78,4.7,0,0,3.71728,5.5,0,0
53,rest,0.432895,0,0.129493,0.011077,2,3.78,4.7,0,0,3.71728,5.5,0,0
54,rest,10.5807,10.1498,0.13175,0.015513,2,3.78,4.7,0,0,3.71728,5.5,0,0
55,rest,0.381502,0,0.128855,0.010875,2,3.78,4.7,0,0,3.71728,5.5,0,0
56,rest,10.6662,10.2227,0.127372,0.0153,2,3.78,4.7,0,0,3.71728,5.5,0,0
57,rest,0.442626,0,0.140241,0.014266,2,3.78,4.7,0,0,3.71728,5.5,0,0
58,rest,11.6811,11.084,0.181271,0.041543,2,3.78,4.7,0,0,3.71728,5.5,0,0
59,rest,0.405844,0,0.142619,0.011378,2,3.78,4.7,0,0,3.71728,5.5,0,0
60,rest,10.842,10.3934,0.127221,0.01612,2,3.78,4.7,0,0,3.71728,5.5,0,0
61,rest,0.376797,0,0.129439,0.011072,2,3.78,4.7,0,0,3.71728,5.5,0,0
62,rest,10.6845,10.2617,0.127205,0.015149,2,3.78,4.7,0,0,3.71728,5.5,0,0
63,rest,0.415118,0,0.12921,0.010821,2,3.78,4.7,0,0,3.71728,5.5,0,0
64,rest,12.3874,11.8342,0.150367,0.03249,2,3.78,4.7,0,0,3.71728,5.5,0,0
65,rest,0.523176,0,0.226284,0.011553,2,3.78,4.7,0,0,3.71728,5.5,0,0
66,rest,11.5011,10.9932,0.139354,0.028934,2,3.78,4.7,0,0,3.71728,5.5,0,0
67,rest,0.455843,0,0.132792,0.011087,2,3.78,4.7,0,0,3.71728,5.5,0,0
68,rest,11.6368,11.1777,0.132361,0.02932,2,3.78,4.7,0,0,3.71728,5.5,0,0
69,rest,0.392357,0,0.131443,0.011016,2,3.78,4.7,0,0,3.71728,5.5,0,0
70,rest,11.5086,11.0699,0.127421,0.026649,2,3.78,4.7,0,0,3.71728,5.5,0,0
71,rest,0.401507,0,0.130721,0.011191,2,3.78,4.7,0,0,3.71728,5.5,0,0
72,rest,11.7884,11.3406,0.126957,0.029341,2,3.78,4.7,0,0,3.71728,5.5,0,0
73,rest,0.394973,0,0.132897,0.011016,2,3.78,4.7,0,0,3.71728,5.5,0,0
74,rest,10.9771,10.533,0.126979,0.023647,2,3.78,4.7,0,0,3.71728,5.5,0,0
75,rest,0.390362,0,0.130458,0.011469,2,3.78,4.7,0,0,3.71728,5.5,0,0
76,rest,11.1396,10.7089,0.127313,0.019552,2,3.78,4.7,0,0,3.71728,5.5,0,0
77,rest,0.389929,0,0.138401,0.011332,2,3.78,4.7,0,0,3.71728,5.5,0,0
78,rest,10.9279,10.491,0.127396,0.023182,2,3.78,4.7,0,0,3.71728,5.5,0,0
79,rest,0.403715,0,0.13019,0.010882,2,3.78,4.7,0,0,3.71728,5.5,0,0
80,rest,11.4254,10.8864,0.145094,0.038095,2,3.78,4.7,0,0,3.71728,5.5,0,0
81,rest,0.50336,0,0.22598,0.011624,2,3.78,4.7,0,0,3.71728,5.5,0,0
82,rest,11.3595,10.9083,0.129581,0.02802,2,3.78,4.7,0,0,3.71728,5.5,0,0
83,rest,0.391224,0,0.131756,0.011102,2,3.78,4.7,0,0,3.71728,5.5,0,0
84,rest,11.0056,10.5249,0.126872,0.016405,2,3.78,4.7,0,0,3.71728,5.5,0,0
85,rest,0.44671,0,0.144374,0.011656,2,3.78,4.7,0,0,3.71728,5.5,0,0
86,rest,11.3794,10.781,0.158657,0.025855,2,3.78,4.7,0,0,3.71728,5.5,0,0
87,rest,0.419504,0,0.136883,0.011295,2,3.78,4.7,0,0,3.71728,5.5,0,0
88,rest,10.993,10.529,0.129104,0.022393,2,3.78,4.7,0,0,3.71728,5.5,0,0
89,rest,0.404581,0,0.131369,0.010897,2,3.78,4.7,0,0,3.71728,5.5,0,0
90,rest,11.3503,10.8666,0.148181,0.019442,2,3.78,4.7,0,0,3.71728,5.5,0,0
91,rest,0.436103,0,0.145668,0.011657,2,3.78,4.7,0,0,3.71728,5.5,0,0
92,rest,11.1884,10.5965,0.12837,0.032483,2,3.78,4.7,0,0,3.71728,5.5,0,0
93,rest,0.567322,0,0.207297,0.019206,2,3.78,4.7,0,0,3.71728,5.5,0,0
94,rest,11.0613,10.5449,0.128776,0.017731,2,3.78,4.7,0,0,3.71728,5.5,0,0
95,rest,1.05462,0,0.693743,0.021206,2,3.78,4.7,0,0,3.71728,5.5,0,0
96,rest,11.5189,11.0125,0.141126,0.02893,2,3.78,4.7,0,0,3.71728,5.5,0,0
97,rest,0.483091,0,0.158579,0.011797,2,3.78,4.7,0,0,3.71728,5.5,0,0
98,rest,11.7029,11.0913,0.275197,0.028747,2,3.78,4.7,0,0,3.71728,5.5,0,0
99,rest,0.392915,0,0.132382,0.010973,2,3.78,4.7,0,0,3.71728,5.5,0,0
100,rest,11.3879,10.8531,0.159759,0.019735,2,3.78,4.7,0,0,3.71728,5.5,0,0
101,rest,0.492735,0,0.172293,0.013208,2,3.78,4.7,0,0,3.71728,5.5,0,0
102,rest,11.4811,10.9278,0.165601,0.029842,2,3.78,4.7,0,0,3.71728,5.5,0,0
103,rest,0.499634,0,0.209699,0.012828,2,3.78,4.7,0,0,3.71728,5.5,0,0
104,rest,11.6985,11.1479,0.155073,0.019366,2,3.78,4.7,0,0,3.71728,5.5,0,0
105,rest,0.428468,0,0.147215,0.012868,2,3.78,4.7,0,0,3.71728,5.5,0,0
106,rest,11.5238,11.0098,0.145047,0.027335,2,3.78,4.7,0,0,3.71728,5.5,0,0
107,rest,0.53595,0,0.149419,0.013043,2,3.78,4.7,0,0,3.71728,5.5,0,0
108,rest,11.0774,10.579,0.147623,0.022899,2,3.78,4.7,0,0,3.71728,5.5,0,0
109,rest,0.444142,0,0.149118,0.013103,2,3.78,4.7,0,0,3.71728,5.5,0,0
110,rest,11.5754,11.0695,0.144232,0.029619,2,3.78,4.7,0,0,3.71728,5.5,0,0
111,rest,0.461977,0,0.149272,0.013318,2,3.78,4.7,0,0,3.71728,5.5,0,0
112,rest,11.2861,10.7963,0.154351,0.018199,2,3.78,4.7,0,0,3.71728,5.5,0,0
113,rest,0.433343,0,0.148235,0.013198,2,3.78,4.7,0,0,3.71728,5.5,0,0
114,rest,11.3824,10.8556,0.145986,0.027347,2,3.78,4.7,0,0,3.71728,5.5,0,0
115,rest,0.464052,0,0.170211,0.013369,2,3.78,4.7,0,0,3.71728,5.5,0,0
116,rest,11.2473,10.6227,0.176732,0.019284,2,3.78,4.7,0,0,3.71728,5.5,0,0
117,rest,0.487255,0,0.167377,0.013033,2,3.78,4.7,0,0,3.71728,5.5,0,0
118,rest,11.6593,11.1424,0.145027,0.029502,2,3.78,4.7,0,0,3.71728,5.5,0,0
119,rest,0.47221,0,0.149821,0.013035,2,3.78,4.7,0,0,3.71728,5.5,0,0
120,enter,11.4877,10.9241,0.153184,0.03795,2,3.78,4.7,0,0,3.71728,5.49444,0,0
121,enter,0.463533,0,0.174446,0.0133,2,3.78,4.7,0,0,3.71728,5.48333,0,0
122,enter,11.4203,10.9114,0.152502,0.018523,2,3.78,4.7,0,0,3.71728,5.46667,0,0
123,enter,0.426118,0,0.147159,0.012915,2,3.78,4.7,0,0,3.71728,5.44444,0,0
124,enter,11.4509,10.9482,0.144716,0.0258,2,3.78,4.7,0,0,3.71728,5.41667,0,0
125,enter,0.434603,0,0.149616,0.013078,2,3.78,4.7,0,0,3.71728,5.38333,0,0
126,enter,11.7537,11.1993,0.145479,0.0294,2,3.78,4.7,0,0,3.71728,5.34444,0,0
127,enter,0.480636,0,0.150197,0.012878,2,3.78,4.7,0,0,3.71728,5.3,0,0
128,enter,11.5266,10.9758,0.181972,0.024188,2,3.78,4.7,0,0,3.71728,5.25,0,0
129,enter,0.466743,0,0.155799,0.020505,2,3.78,4.7,0,0,3.71728,5.19444,0,0
130,enter,11.0012,10.5549,0.137132,0.019467,2,3.78,4.7,0,0,3.71728,5.13333,0,0
131,enter,0.387592,0,0.134817,0.0108,2,3.78,4.7,0,0,3.71728,5.06667,0,0
132,enter,11.5524,11.0081,0.162014,0.02368,2,3.78,4.7,0,0,3.71728,5,0,0
133,enter,0.435861,0,0.152953,0.013042,2,3.78,4.7,0,0,3.71728,4.93333,0,0
134,enter,11.3236,10.8237,0.146181,0.027242,2,3.78,4.7,0,0,3.71728,4.86667,0,0
135,enter,0.466692,0,0.148027,0.012949,2,3.78,4.7,0,0,3.71728,4.8,0,0
136,enter,11.5867,11.0836,0.145387,0.029029,2,3.78,4.7,0,0,3.71728,4.73333,0,0
137,enter,0.504444,0,0.17028,0.013459,2,3.78,4.7,0,0,3.71728,4.66667,0,0
138,enter,11.7836,11.2121,0.189734,0.027428,2,3.78,4.7,0,0,3.71728,4.6,0,0
139,enter,0.434187,0,0.149191,0.012928,2,3.78,4.7,0,0,3.71728,4.53333,0,0
140,enter,11.3686,10.8325,0.145577,0.028651,2,3.78,4.7,0,0,3.71728,4.46667,0,0
141,enter,0.498068,0,0.16315,0.012841,2,3.78,4.7,0,0,3.71728,4.4,0,0
142,enter,11.7902,11.2578,0.155227,0.029496,2,3.78,4.7,0,0,3.71728,4.33333,0,0
143,enter,0.613057,0,0.216654,0.02078,2,3.78,4.7,0,0,3.71728,4.26667,0,0
144,enter,11.5443,11.077,0.13986,0.028146,2,3.78,4.7,0,0,3.71728,4.2,0,0
145,enter,0.391186,0,0.131315,0.011112,2,3.78,4.7,0,0,3.71728,4.13333,0,0
146,enter,11.2012,10.6771,0.127545,0.019657,2,3.78,4.7,0,0,3.71728,4.06667,0,0
147,enter,0.456766,0,0.141491,0.011038,2,3.78,4.7,0,0,3.71728,4,0,0
148,enter,11.5205,11.0072,0.138164,0.025167,2,3.78,4.7,0,0,3.71728,3.93333,0,0
149,enter,0.431176,0,0.131851,0.010954,2,3.78,4.7,0,0,3.71728,3.86667,0,0
150,enter,11.0398,10.5278,0.138306,0.015164,2,3.78,4.7,0,0,3.71728,3.8,0,0
151,enter,0.423567,0,0.128842,0.010855,2,3.78,4.7,0,0,3.71728,3.73333,0,0
152,enter,11.1945,10.6854,0.127059,0.025442,2,3.78,4.7,0,0,3.71728,3.66667,0,0
153,enter,0.450498,0,0.130968,0.010843,2,3.78,4.7,0,0,3.71728,3.6,0,0
154,enter,11.2698,10.7985,0.127596,0.017591,2,3.78,4.7,0,0,3.71728,3.53333,0,0
155,enter,0.436507,0,0.143335,0.011226,2,3.78,4.7,0,0,3.71728,3.46667,0,0
156,enter,12.0743,11.5311,0.128398,0.027809,2,3.78,4.7,0,0,3.71728,3.4,0,0
157,enter,0.505692,0,0.158138,0.019054,2,3.78,4.7,0,0,3.71728,3.33333,0,0
158,enter,11.6449,11.1103,0.128583,0.033545,2,3.78,4.7,0,0,3.71728,3.26667,0,0
159,enter,0.565269,0,0.154521,0.013294,2,3.78,4.7,0,0,3.71728,3.2,0,0
160,enter,13.5018,12.8145,0.156358,0.055862,2,3.78,4.7,0,0,3.71728,3.13334,0,0
161,enter,0.684871,0,0.365794,0.013461,2,3.78,4.7,0,0,3.71728,3.06667,0,0
162,enter,12.0912,11.5666,0.138075,0.033315,2,3.78,4.7,0,0,3.71728,3,0,0
163,enter,0.475192,0,0.154019,0.009592,2,3.78,4.7,0,0,3.71728,2.93334,0,0
164,enter,12.4901,11.7834,0.129207,0.04421,2,3.78,4.7,0,0,3.70977,2.86667,0,0
165,enter,0.483438,0,0.161072,0.013668,2,3.78,4.7,0,0,3.68602,2.8,0,0
166,enter,12.6617,12.1256,0.14629,0.033605,2,3.78,4.7,0,0,3.64088,2.73334,0,0
167,enter,0.471517,0,0.132511,0.020186,2,3.78,4.7,0,0,3.63543,2.66667,0,0
168,enter,12.3842,11.9217,0.126321,0.033086,2,3.78,4.7,0,0,3.62726,2.6,0,0
169,enter,0.43273,0,0.14393,0.011678,2,3.78,4.7,0,0,3.61636,2.53334,0,0
170,enter,12.0992,11.6313,0.142388,0.028934,2,3.78,4.7,0,0,3.60273,2.46667,0,0
171,enter,0.42253,0,0.169639,0.013032,2,3.78,4.7,0,0,3.58638,2.4,0,0
172,enter,12.9973,12.5183,0.143273,0.027903,2,3.78,4.7,0,0,3.56731,2.33334,0,0
173,enter,0.393089,0,0.144698,0.012768,2,3.78,4.7,0,0,3.54551,2.26667,0,0
174,enter,12.2681,11.7917,0.140385,0.04357,2,3.78,4.7,0,0,3.52098,2.2,0,0
175,enter,0.340217,0,0.130988,0.009675,2,3.78,4.7,0,0,3.49373,2.13334,0,0
176,enter,12.443,11.9917,0.125849,0.064422,2,3.78,4.7,0,0,3.46376,2.06667,0,0
177,enter,0.278662,0,0.147259,0.01283,2,3.78,4.7,0,0,3.43106,2,0,0
178,enter,15.0295,14.3175,0.153067,0.358445,2,3.78,4.7,0,3.19924e-09,3.39564,1.93334,0.00269046,0
179,enter,0.804258,0,0.288785,0.345465,2,3.78,4.7,0,1.62426e-08,3.35753,1.86668,0.00595592,0
180,enter,14.4451,13.8024,0.188742,0.251318,2,3.78,4.7,0,-1.55777e-07,3.31673,1.80002,0.00929171,0
181,enter,0.537668,0,0.157416,0.234342,2,3.78,4.7,0,-5.93564e-07,3.27326,1.73337,0.0126592,0
182,enter,13.8473,12.9474,0.230915,0.403814,2,3.78,4.7,0,-6.51143e-07,3.22713,1.66672,0.016017,0
183,enter,0.540967,0,0.178069,0.244568,2,3.78,4.7,0,-2.43624e-07,3.17837,1.60008,0.0193236,0
184,enter,12.3497,11.701,0.166212,0.293418,2,3.78,4.7,0,5.13526e-07,3.12698,1.53344,0.0225352,0
185,enter,0.558948,0,0.179506,0.240815,2,3.78,4.7,0,1.68979e-06,3.07299,1.4668,0.0256086,0
186,enter,12.1219,11.4286,0.236823,0.258665,2,3.78,4.7,0,3.25866e-06,3.01641,1.40016,0.0284999,0
187,enter,0.620315,0,0.211109,0.267322,2,3.78,4.7,0,5.287e-06,2.95726,1.33353,0.0311667,0
188,enter,12.6418,11.7606,0.200558,0.492919,2,3.78,4.7,0,7.65997e-06,2.89554,1.2669,0.0335707,0
189,enter,0.673876,0,0.134086,0.43883,2,3.78,4.7,0,1.04299e-05,2.83128,1.20027,0.0356749,0
190,enter,12.4532,11.6031,0.163052,0.532832,2,3.78,4.7,0,1.34994e-05,2.76448,1.13365,0.0374449,0
191,enter,0.823586,0,0.163807,0.546778,2,3.78,4.7,0,1.70289e-05,2.69516,1.06703,0.0388508,0
192,enter,12.8474,11.9153,0.154653,0.595817,2,3.78,4.7,0,2.04673e-05,2.62332,1.0004,0.0398639,0
193,enter,1.02771,0,0.236312,0.66166,2,3.78,4.7,0,2.36552e-05,2.54902,0.933793,0.0492547,0
194,enter,14.6889,13.5287,0.242929,0.69,2,3.78,4.7,0,2.71237e-05,2.47239,0.867206,0.0717259,0
195,swim,0.911789,0,0.143212,0.663538,2,3.78,4.7,0,3.0973e-05,2.39366,0.800835,0.0967823,0
196,swim,12.591,11.577,0.131819,0.722207,2,3.78,4.7,0,3.62701e-05,2.31289,0.734733,0.121268,0
197,swim,0.995208,0,0.156424,0.716497,2,3.78,4.7,0,4.33104e-05,2.2302,0.668949,0.144616,0
198,swim,14.2229,13.1552,0.154361,0.733397,2,3.78,4.7,0,5.78864e-05,2.14575,0.603543,0.171678,0
199,swim,1.05524,0,0.210742,0.715298,2,3.78,4.7,0,8.22467e-05,2.05976,0.538593,0.207639,0
200,swim,12.9126,11.6643,0.133561,0.955117,2,3.78,4.7,0,0.000107304,1.97248,0.474173,0.247099,0
201,swim,1.28384,0,0.158989,1.00587,2,3.78,4.7,0,0.000132865,1.88416,0.410365,0.288295,0
202,swim,13.6076,12.273,0.177027,0.949779,2,3.78,4.7,0,0.000159831,1.79506,0.347256,0.330577,0
203,swim,1.22622,0,0.133759,0.988274,2,3.78,4.7,0,0.000188249,1.70544,0.284933,0.376785,0
204,swim,13.1355,11.6963,0.128171,1.09518,2,3.78,4.7,0,0.000218163,1.61555,0.223471,0.4176,0
205,swim,1.57142,0,0.175012,1.25885,2,3.78,4.7,0,0.000249638,1.52567,0.162953,0.464599,0
206,swim,13.6557,12.1622,0.168562,1.14363,2,3.78,4.7,0,0.00029753,1.43606,0.103469,0.510499,0
207,swim,1.29189,0,0.149377,1.02455,2,3.78,4.7,0,0.00036324,1.34697,0.0450966,0.557711,0
208,swim,13.0684,11.8078,0.143744,0.956896,2,3.78,4.7,0,0.000421,1.2587,-0.0121202,0.605501,0
209,swim,1.18149,0,0.141498,0.933238,2,3.78,4.7,0,0.000470255,1.17152,-0.068116,0.653967,0
210,swim,12.7602,11.0971,0.165125,1.33402,2,3.78,4.7,0,0.000516913,1.08565,-0.122829,0.700163,0
211,swim,1.41558,0,0.227081,1.04974,2,3.78,4.7,0,0.00056111,1.00131,-0.176211,0.743932,0
212,swim,12.6221,11.3321,0.152006,0.942784,2,3.78,4.7,0,0.000621528,0.919534,-0.226596,0.787533,0
213,swim,1.22839,0,0.153215,0.945574,2,3.78,4.7,0,0.000698418,0.919655,-0.274319,0.830761,0
214,swim,12.0848,10.8502,0.1546,0.899403,2,3.78,4.7,0,0.000768037,0.919686,-0.319494,0.833947,0
215,swim,1.2075,0,0.150711,0.926882,2,3.78,4.7,0,0.000830704,0.919695,-0.362213,0.837084,0
216,swim,13.9209,12.468,0.202332,1.03801,2,3.78,4.7,0,0.000898313,0.919694,-0.402553,0.839661,0
217,swim,1.17097,0,0.134491,0.908833,2,3.78,4.7,0,0.000970483,0.919702,-0.440596,0.842217,0
218,swim,12.5172,11.2672,0.127521,0.934741,2,3.78,4.7,0,0.00104552,0.919708,-0.476421,0.844255,0
219,swim,1.32446,0,0.198165,0.960839,2,3.78,4.7,0,0.0011234,0.919714,-0.510103,0.846322,0
220,swim,13.2476,11.8882,0.154849,0.994507,2,3.78,4.7,0,0.00119893,0.919718,-0.541711,0.847931,0
221,swim,1.23121,0,0.145615,0.913018,2,3.78,4.7,0,0.00127229,0.919723,-0.571315,0.849604,0
222,swim,13.6695,12.2597,0.170802,1.01301,2,3.78,4.7,0,0.00134382,0.919728,-0.598983,0.850862,0
223,swim,1.26382,0,0.157073,0.941995,2,3.78,4.7,0,0.00141342,0.919732,-0.624777,0.852191,0
224,swim,13.0322,11.3607,0.152832,1.29223,2,3.78,4.7,0,0.00148235,0.919736,-0.648757,0.853144,0
225,exit,1.40868,0,0.236959,1.00581,2,3.78,4.7,0,0.00155257,0.919739,-0.670058,0.854196,0
226,exit,13.3483,12.0595,0.161372,0.905113,2,3.78,4.7,0,0.00162254,0.919739,-0.688759,0.854857,0
227,exit,1.13862,0,0.133672,0.876306,2,3.78,4.7,0,0.00169193,0.919741,-0.704939,0.855618,0
228,exit,12.4978,11.2104,0.126957,0.929419,2,3.78,4.7,0,0.00176052,0.919733,-0.718658,0.855975,0
229,exit,1.32077,0,0.175847,0.975578,2,3.78,4.7,0,0.00182809,0.919734,-0.72999,0.856501,0
230,exit,13.3689,12.036,0.15504,0.910719,2,3.78,4.7,0,0.00189188,0.919733,-0.739,0.856626,0
231,exit,1.2153,0,0.13526,0.945111,2,3.78,4.7,0,0.00195182,0.919734,-0.745754,0.856952,0
232,exit,12.689,11.413,0.15825,0.910851,2,3.78,4.7,0,0.00201113,0.919735,-0.750304,0.856891,0
233,exit,1.18918,0,0.164783,0.894458,2,3.78,4.7,0,0.00206977,0.919736,-0.752713,0.857049,0
234,exit,13.4168,12.0648,0.164505,0.9636,2,3.78,4.7,0,0.00213214,0.919739,-0.753047,0.856834,0
235,exit,1.25469,0,0.182785,0.89932,2,3.78,4.7,0,0.00219817,0.91974,-0.751364,0.856842,0
236,exit,16.5609,14.469,0.23867,1.59103,2,3.78,4.7,0,0.0022645,0.919736,-0.748031,0.856497,0
237,exit,1.68985,0,0.180638,1.32901,2,3.78,4.7,0,0.00233113,0.919736,-0.743094,0.856381,0
238,exit,21.141,19.0417,0.236318,1.52456,2,3.78,4.7,0,0.00239855,0.919731,-0.736598,0.855904,0
239,exit,1.93094,0,0.228794,1.47902,2,3.78,4.7,0,0.00246679,0.91973,-0.728586,0.855675,0
240,exit,13.5633,12.1807,0.216657,0.879815,2,3.78,4.7,0,0.00253506,0.919728,-0.719091,0.855069,0
241,exit,1.22812,0,0.167077,0.922392,2,3.78,4.7,0,0.00260339,0.919727,-0.70815,0.854721,0
242,exit,12.758,11.5243,0.158561,0.883797,2,3.78,4.7,0,0.00267028,0.919731,-0.695809,0.854004,0
243,exit,1.18015,0,0.156345,0.8963,2,3.78,4.7,0,0.00273574,0.919729,-0.682103,0.853529,0
244,exit,12.1302,10.9586,0.134401,0.86918,2,3.78,4.7,0,0.00280456,0.919724,-0.66706,0.852697,0
245,exit,1.15138,0,0.146509,0.888148,2,3.78,4.7,0,0.00287677,0.919723,-0.650715,0.852094,0
246,exit,11.9428,10.7966,0.133891,0.847716,2,3.78,4.7,0,0.00294773,0.919718,-0.6331,0.850586,0
247,exit,1.23443,0,0.134591,0.985238,2,3.78,4.7,0,0.0030175,0.919716,-0.614247,0.849894,0
248,exit,12.2469,11.0483,0.138022,0.8815,2,3.78,4.7,0,0.00308612,0.919681,-0.594129,0.837919,0
249,exit,1.15568,0,0.163745,0.870783,2,3.78,4.7,0,0.00315364,0.919678,-0.572775,0.836687,0
250,exit,12.3359,11.1533,0.133572,0.878408,2,3.78,4.7,0,0.00321953,0.919648,-0.550161,0.825505,0
251,exit,1.13257,0,0.140437,0.875092,2,3.78,4.7,0,0.00328379,0.919643,-0.526313,0.823896,0
252,exit,14.3302,13.0499,0.134601,0.957368,2,3.78,4.7,0,0.00334553,0.919638,-0.501254,0.821909,0
253,exit,1.17727,0,0.157593,0.878123,2,3.78,4.7,0,0.00340475,0.919633,-0.475006,0.820021,0
254,exit,12.0049,10.7978,0.135867,0.90251,2,3.78,4.7,0,0.00345799,0.919629,-0.447589,0.817768,0
255,exit,1.15189,0,0.141066,0.893156,2,3.78,4.7,0,0.00350539,0.919623,-0.41902,0.815608,0
256,exit,12.2739,11.0123,0.134068,0.952474,2,3.78,4.7,0,0.00354928,0.919613,-0.389318,0.813081,0
257,exit,1.1412,0,0.141742,0.874109,2,3.78,4.7,0,0.00358976,0.919607,-0.358499,0.810642,0
258,exit,12.1186,10.8552,0.166091,0.909782,2,3.78,4.7,0,0.0036297,0.9196,-0.326578,0.807826,0
259,exit,1.17535,0,0.144469,0.911904,2,3.78,4.7,0,0.00366904,0.919592,-0.293568,0.805062,0
260,exit,11.8865,10.685,0.133659,0.900185,2,3.78,4.7,0,0.0037059,0.919582,-0.259481,0.801921,0
261,exit,1.14408,0,0.134958,0.895662,2,3.78,4.7,0,0.00374031,0.919574,-0.224328,0.798828,0
262,exit,12.3271,11.1149,0.13331,0.904509,2,3.78,4.7,0,0.0037735,0.919564,-0.188119,0.795331,0
263,exit,1.19394,0,0.142153,0.918336,2,3.78,4.7,0,0.00380552,0.919554,-0.150861,0.791862,0
264,exit,12.1247,10.7357,0.166202,1.02618,2,3.78,4.7,0,0.00383372,0.919543,-0.112559,0.787857,0
265,exit,1.15598,0,0.145731,0.89507,2,3.78,4.7,0,0.00385822,0.919532,-0.073218,0.784,0
266,exit,12.2069,10.9902,0.13418,0.910066,2,3.78,4.7,0,0.00388176,0.91952,-0.0328419,0.779623,0
267,exit,1.22273,0,0.169788,0.926555,2,3.78,4.7,0,0.00390436,0.919508,0.00856749,0.775322,0
268,exit,12.0859,10.8883,0.134559,0.895136,2,3.78,4.7,0,0.00392571,0.919493,0.0510105,0.770574,0
269,exit,1.23249,0,0.136084,0.980834,2,3.78,4.7,0,0.00394582,0.91948,0.0944885,0.765822,0
270,exit,12.0984,10.7575,0.143903,1.00517,2,3.78,4.7,0,0.00396251,0.919465,0.139005,0.760586,0
271,exit,1.18202,0,0.150788,0.911855,2,3.78,4.7,0,0.00397585,0.919451,0.184564,0.75532,0
272,exit,12.3101,11.0815,0.133647,0.908422,2,3.78,4.7,0,0.00398879,0.919433,0.231176,0.749564,0
273,exit,1.16099,0,0.133982,0.882341,2,3.78,4.7,0,0.00400127,0.919417,0.278848,0.743801,0
274,exit,12.0537,10.782,0.130865,0.884277,2,3.78,4.7,0,0.0040121,0.919398,0.280001,0.737553,0
275,exit,1.25452,0,0.134011,0.918082,2,3.78,4.7,0,0.00402132,0.919398,0.280001,0.737415,0
276,exit,12.1475,10.7569,0.130088,0.95786,2,3.78,4.7,0,0.00402786,0.919398,0.280001,0.737149,0
277,exit,1.26573,0,0.13286,0.876536,2,3.78,4.7,0,0.00403185,0.919398,0.280001,0.737149,0
278,exit,12.3663,10.9434,0.203693,0.885024,2,3.78,4.7,0,0.00403374,0.91939,0.280001,0.733496,0
279,exit,1.24399,0,0.131926,0.867774,2,3.78,4.7,0,0.00403367,0.91939,0.280001,0.7335,0
280,exit,12.0739,10.7887,0.129566,0.878993,2,3.78,4.7,0,0.00403107,0.919388,0.280001,0.733269,0
281,exit,1.38923,0,0.129945,0.991619,2,3.78,4.7,0,0.00402617,0.919388,0.280001,0.73327,0
282,exit,13.0523,11.61,0.209118,0.896007,2,3.78,4.7,0,0.00401626,0.919387,0.280001,0.733012,0
283,exit,1.25032,0,0.133983,0.876139,2,3.78,4.7,0,0.00400202,0.919387,0.280001,0.733013,0
284,exit,12.2115,10.8902,0.140367,0.880317,2,3.78,4.7,0,0.00398376,0.919384,0.280001,0.732737,0
285,exit,1.23582,0,0.132515,0.87705,2,3.78,4.7,0,0.00396226,0.919384,0.280001,0.732738,0
286,exit,13.7709,12.4338,0.12906,0.917284,2,3.78,4.7,0,0.00393744,0.919385,0.280001,0.732449,0
287,exit,1.2447,0,0.134054,0.904453,2,3.78,4.7,0,0.00389675,1.21386,0.371053,0.732449,0
288,exit,11.9927,10.7766,0.12915,0.875616,2,3.78,4.7,0,0.00387338,1.24576,0.400929,0.604043,0
289,exit,1.24842,0,0.173589,0.899877,2,3.78,4.7,0,0.0038559,1.27214,0.444374,0.58675,0
290,exit,11.9238,10.7123,0.149448,0.874371,2,3.78,4.7,0,0.00384699,1.29342,0.502419,0.57112,0
291,exit,1.13221,0,0.138309,0.858462,2,3.78,4.7,0,0.00383996,1.30258,0.568467,0.557555,0
292,exit,12.4536,11.2086,0.168625,0.848363,2,3.78,4.7,0,0.00383252,1.3172,0.634523,0.549067,0
293,exit,1.23593,0,0.151645,0.828155,2,3.78,4.7,0,0.00382512,1.31884,0.680003,0.538694,0
294,exit,11.9629,10.7791,0.128514,0.811281,2,3.78,4.7,0,0.00381547,1.623,0.779111,0.535151,0
295,exit,1.08513,0,0.129442,0.814468,2,3.78,4.7,0,0.00381094,1.65546,0.814577,0.40259,0
296,exit,12.2604,11.101,0.137516,0.817584,2,3.78,4.7,0,0.00380792,1.68146,0.863987,0.387718,0
297,exit,1.15636,0,0.183133,0.799699,2,3.78,4.7,0,0.00380513,1.69808,0.926376,0.375374,0
298,exit,11.9977,10.8698,0.151541,0.777789,2,3.78,4.7,0,0.0038018,1.70917,0.992636,0.367483,0
299,exit,1.0556,0,0.142172,0.783822,2,3.78,4.7,0,0.00379868,1.71824,1.0589,0.362652,0
300,exit,12.3994,11.1724,0.129696,0.831191,2,3.78,4.7,0,0.00379541,1.71832,1.08001,0.358838,0
301,exit,1.2134,0,0.132918,0.902163,2,3.78,4.7,0,0.00379052,2.02332,1.17941,0.359012,0
302,exit,12.3865,11.1737,0.136158,0.852374,2,3.78,4.7,0,0.00378921,2.05572,1.21474,0.235666,0
303,exit,1.16553,0,0.172799,0.820354,2,3.78,4.7,0,0.00378804,2.08163,1.264,0.223195,0
304,exit,13.2806,11.4319,0.171273,1.36912,2,3.78,4.7,0,0.00378782,2.09832,1.32631,0.213878,0
305,exit,1.79231,0,0.234226,1.33255,2,3.78,4.7,0,0.00378772,2.1087,1.39274,0.209032,0
306,exit,13.3138,11.9572,0.219783,0.867585,2,3.78,4.7,0,0.0037882,2.1178,1.45918,0.206965,0
307,exit,1.04886,0,0.132496,0.663338,2,3.78,4.7,0,0.00378878,2.11788,1.48001,0.205492,0
308,exit,12.2802,11.2025,0.164855,0.669223,2,3.78,4.7,0,0.00378997,2.4236,1.57967,0.206182,0
309,exit,0.984912,0,0.154047,0.64958,2,3.78,4.7,0,0.00379062,2.45595,1.61493,0.120998,0
310,exit,12.7518,11.7026,0.166756,0.660937,2,3.78,4.7,0,0.00379143,2.48178,1.66412,0.113913,0
311,exit,0.919996,0,0.143381,0.625275,2,3.78,4.7,0,0.00379226,2.49849,1.72639,0.109109,0
312,exit,12.0492,11.0678,0.167808,0.607767,2,3.78,4.7,0,0.00379266,2.50842,1.79293,0.107142,0
313,exit,1.20416,0,0.146607,0.608384,2,3.78,4.7,0,0.00379311,2.51751,1.85948,0.107031,0
314,exit,12.8585,11.7052,0.159446,0.62059,2,3.78,4.7,0,0.00379283,2.51759,1.88001,0.106995,0
315,exit,1.15768,0,0.147421,0.730035,2,3.78,4.7,0,0.00379241,2.82378,1.97983,0.107688,0
316,exit,12.0754,11.2595,0.15577,0.432564,2,3.78,4.7,0,0.00379203,2.8561,2.01507,0.06068,0
317,exit,0.850113,0,0.190466,0.467346,2,3.78,4.7,0,0.00379166,2.88189,2.06423,0.0582881,0
318,exit,12.5464,11.5688,0.150398,0.416822,2,3.78,4.7,0,0.0037915,2.89859,2.12649,0.0566772,0
319,exit,0.906032,0,0.156354,0.417084,2,3.78,4.7,0,0.00379132,2.9083,2.1931,0.0560438,0
320,exit,13.3156,12.105,0.138811,0.567834,2,3.78,4.7,0,0.0037912,2.91736,2.2597,0.0560309,0
321,exit,1.70716,0,0.210065,0.607441,2,3.78,4.7,0,0.00379108,2.91744,2.28001,0.0559496,0
322,exit,14.3591,13.1151,0.221028,0.400227,2,3.78,4.7,0,0.00379109,3.22388,2.37992,0.0561777,0
323,exit,0.902331,0,0.163493,0.303891,2,3.78,4.7,0,0.0037911,3.25617,2.41514,0.0248334,0
324,exit,12.6199,11.7198,0.173315,0.220113,2,3.78,4.7,0,0.00379109,3.28194,2.46428,0.0215361,0
325,exit,0.813474,0,0.155842,0.226596,2,3.78,4.7,0,0.00379109,3.29865,2.52652,0.018922,0
326,exit,15.531,14.7836,0.158136,0.209075,2,3.78,4.7,0,0.00379109,3.30819,2.59317,0.0172499,0
327,exit,0.790728,0,0.160031,0.280086,2,3.78,4.7,0,0.00379109,3.31725,2.65982,0.0163077,0
328,exit,12.8509,11.7761,0.173531,0.199814,2,3.78,4.7,0,0.00379111,3.31732,2.68002,0.015375,0
329,exit,0.797221,0,0.148725,0.191902,2,3.78,4.7,0,0.00379115,3.62395,2.77999,0.0153745,0
330,exit,12.115,11.5177,0.142197,0.030483,2,3.78,4.7,0,0.00379115,3.65623,2.8152,0,0
331,exit,0.56847,0,0.138259,0.010888,2,3.78,4.7,0,0.00379115,3.68198,2.86433,0,0
332,exit,11.7689,11.1465,0.132108,0.033443,2,3.78,4.7,0,0.00379115,3.69869,2.92658,0,0
333,exit,0.506692,0,0.153343,0.013029,2,3.78,4.7,0,0.00379115,3.70815,2.99324,0,0
334,exit,12.8464,12.0567,0.141495,0.064409,2,3.78,4.7,0,0.00379115,3.7172,3.05991,0,0
335,exit,0.810092,0,0.28444,0.04379,2,3.78,4.7,0,0.00379115,3.71728,3.12657,0,0
336,exit,12.734,12.1152,0.159705,0.034461,2,3.78,4.7,0,0.00379115,3.71728,3.19324,0,0
337,exit,0.458412,0,0.148445,0.011238,2,3.78,4.7,0,0.00379115,3.71728,3.25991,0,0
338,exit,12.0504,11.4958,0.134756,0.032837,2,3.78,4.7,0,0.00379115,3.71728,3.32657,0,0
339,exit,0.540872,0,0.151738,0.012697,2,3.78,4.7,0,0.00379115,3.71728,3.39324,0,0
340,exit,12.9117,12.3145,0.141907,0.025524,2,3.78,4.7,0,0.00379115,3.71728,3.45991,0,0
341,exit,0.544808,0,0.179145,0.012018,2,3.78,4.7,0,0.00379115,3.71728,3.52657,0,0
342,exit,11.8977,11.361,0.13342,0.021959,2,3.78,4.7,0,0.00379115,3.71728,3.59324,0,0
343,exit,0.506909,0,0.135238,0.021958,2,3.78,4.7,0,0.00379115,3.71728,3.65991,0,0
344,exit,12.3191,11.7723,0.130806,0.028479,2,3.78,4.7,0,0.00379115,3.71728,3.72657,0,0
345,exit,0.510332,0,0.136625,0.011513,2,3.78,4.7,0,0.00379115,3.71728,3.79324,0,0
346,exit,11.8651,11.2748,0.152953,0.03447,2,3.78,4.7,0,0.00379115,3.71728,3.85991,0,0
347,exit,1.03482,0,0.643797,0.011864,2,3.78,4.7,0,0.00379115,3.71728,3.92657,0,0
348,exit,12.1355,11.0163,0.486309,0.148653,2,3.78,4.7,0,0.00379115,3.71728,3.99324,0,0
349,exit,1.11702,0,0.614377,0.131747,2,3.78,4.7,0,0.00379115,3.71728,4.05991,0,0
350,exit,12.2753,11.1941,0.548415,0.136802,2,3.78,4.7,0,0.00379115,3.71728,4.12657,0,0
351,exit,1.22421,0,0.772923,0.137419,2,3.78,4.7,0,0.00379115,3.71728,4.19324,0,0
352,exit,12.527,11.2456,0.764496,0.168015,2,3.78,4.7,0,0.00379115,3.71728,4.25991,0,0
353,exit,2.90185,0,2.4711,0.106887,2,3.78,4.7,0,0.00379115,3.71728,4.32657,0,0
354,exit,13.9256,11.0972,2.31521,0.128743,2,3.78,4.7,0,0.00379115,3.71728,4.39324,0,0
355,exit,2.72256,0,2.3245,0.102996,2,3.78,4.7,0,0.00379115,3.71728,4.45991,0,0
356,exit,13.7244,10.8897,2.39107,0.103305,2,3.78,4.7,0,0.00379115,3.71728,4.52657,0,0
357,exit,2.68228,0,2.29869,0.093279,2,3.78,4.7,0,0.00379115,3.71728,4.59324,0,0
358,exit,14.2139,11.4629,2.29866,0.106263,2,3.78,4.7,0,0.00379115,3.71728,4.65991,0,0
359,exit,4.29076,0,3.70842,0.151417,2,3.78,4.7,0,0.00379115,3.71728,4.72657,0,0
360,exit,16.0936,12.6501,2.97975,0.097459,2,3.78,4.7,0,0.00379115,3.71728,4.79324,0,0
361,exit,3.61451,0,3.14161,0.087847,2,3.78,4.7,0,0.00379115,3.71728,4.85991,0,0
362,exit,14.5389,11.6235,2.4517,0.095309,2,3.78,4.7,0,0.00379115,3.71728,4.92657,0,0
363,exit,2.91388,0,2.53959,0.074924,2,3.78,4.7,0,0.00379115,3.71728,4.99324,0,0
364,exit,13.3944,10.6436,2.3441,0.076964,2,3.78,4.7,0,0.00379115,3.71728,5.05991,0,0
365,exit,2.70622,0,2.3503,0.078717,2,3.78,4.7,0,0.00379115,3.71728,5.12657,0,0
366,exit,14.1258,11.2941,2.38616,0.087642,2,3.78,4.7,0,0.00379115,3.71728,5.19324,0,0
367,exit,2.71482,0,2.35168,0.069373,2,3.78,4.7,0,0.00379115,3.71728,5.25991,0,0
368,exit,13.2831,10.5379,2.34611,0.071491,2,3.78,4.7,0,0.00379115,3.71728,5.32657,0,0
369,exit,3.14874,0,2.64689,0.123993,2,3.78,4.7,0,0.00379115,3.71728,5.39324,0,0
370,exit,13.9473,10.8064,2.67526,0.126881,2,3.78,4.7,0,0.00379115,3.71728,5.45991,0,0
371,exit,2.74919,0,2.34505,0.121682,2,3.78,4.7,0,0.00379115,3.71728,5.52657,0,0
372,exit,13.4616,10.6015,2.3867,0.120074,2,3.78,4.7,0,0.00379115,3.71728,5.59324,0,0
373,exit,2.65455,0,2.31012,0.105304,2,3.78,4.7,0,0.00379115,3.71728,5.65991,0,0
374,exit,13.9494,11.227,2.30759,0.118249,2,3.78,4.7,0,0.00379115,3.71728,5.72657,0,0
375,props,2.9251,0,2.5595,0.094638,2,3.78,4.7,0,0.00379115,3.71728,5.78546,0,0
376,props,13.2512,10.5768,2.31101,0.056309,2,3.78,4.7,0,0.00379115,3.71728,5.83657,0,0
377,props,2.59748,0,2.2864,0.057613,2,3.78,4.7,0,0.00379115,3.71728,5.87991,0,0
378,props,14.1153,11.4166,2.31226,0.063319,2,3.78,4.7,0,0.00379115,3.71728,5.91546,0,0
379,props,2.54469,0,2.2317,0.04735,2,3.78,4.7,0,0.00379115,3.71728,5.94324,0,0
380,props,13.1902,10.5676,2.23028,0.082142,2,3.78,4.7,0,0.00379115,3.71728,5.96324,0,0
381,props,2.66888,0,2.33289,0.078657,2,3.78,4.7,0,0.00379115,3.71728,5.97546,0,0
382,props,14.2375,10.7533,3.02619,0.087149,2,3.78,4.7,0,0.00379115,3.71728,5.97991,0,0
383,props,2.72185,0,2.33775,0.079041,2,3.78,4.7,0,0.00379115,3.71728,5.97991,0,0
384,props,13.4197,10.5777,2.36643,0.082766,2,3.78,4.7,0,0.00379115,3.71728,5.97991,0,0
385,props,3.0928,0,2.67105,0.079896,2,3.78,4.7,0,0.00379115,3.71728,5.97991,0,0
386,props,14.3053,11.0586,2.73729,0.094546,2,3.78,4.7,0,0.00379115,3.71728,5.97991,0,0
387,props,3.7658,0,3.32722,0.080494,2,3.78,4.7,0,0.00379115,3.71728,5.97991,0,0
388,props,15.7001,10.9634,3.12662,0.085161,2,3.78,4.7,0,0.00379115,3.71728,5.97991,0,0
389,props,3.95979,0,3.16247,0.147802,2,3.78,4.7,0,0.00379115,3.71728,5.97991,0,0
390,props,17.333,10.8326,5.87097,0.089477,2,3.78,4.7,0,0.00379115,3.71728,5.97991,0,0
391,props,3.725,0,3.33781,0.078571,2,3.78,4.7,0,0.00379115,3.71728,5.97991,0,0
392,props,14.276,10.5855,3.18421,0.120222,2,3.78,4.7,0,0.00379115,3.71728,5.97991,0,0
393,props,3.56211,0,3.17609,0.079138,2,3.78,4.7,0,0.00379115,3.71728,5.97991,0,0
394,props,14.2388,10.5465,3.26915,0.084111,2,3.78,4.7,0,0.00379115,3.71728,5.97991,0,0
395,props,3.49653,0,3.12952,0.079589,2,3.78,4.7,0,0.00379115,3.71728,5.97991,0,0
396,props,14.2658,10.5544,3.22348,0.086966,2,3.78,4.7,0,0.00379115,3.71728,5.97991,0,0
397,props,4.19373,0,3.22297,0.081334,2,3.78,4.7,0,0.00379115,3.71728,5.97991,0,0
398,props,14.2882,10.6703,3.18806,0.085766,2,3.78,4.7,0,0.00379115,3.71728,5.97991,0,0
399,props,3.50489,0,3.15428,0.079636,2,3.78,4.7,0,0.00379115,3.71728,5.97991,0,0
400,props,15.0643,10.7139,3.13084,0.096837,2,3.78,4.7,0,0.00379115,3.71728,5.97991,0,0
401,props,4.45669,0,3.30457,0.080856,2,3.78,4.7,0,0.00379115,3.71728,5.97991,0,0
402,props,14.7134,10.5105,3.15794,0.082635,2,3.78,4.7,0,0.00379115,3.71728,5.97991,0,0
403,props,4.52015,0,3.31202,0.092156,2,3.78,4.7,0,0.00379115,3.71728,5.97991,0,0
404,props,14.6555,10.6761,3.28408,0.084941,2,3.78,4.7,0,0.00379115,3.71728,5.97991,0,0
405,props,4.11807,0,3.28958,0.077798,2,3.78,4.7,0,0.00379115,3.71728,5.97991,0,0
406,props,14.8135,10.5327,3.22173,0.078998,2,3.78,4.7,0,0.00379115,3.71728,5.97991,0,0
407,props,3.97678,0,3.20948,0.07774,2,3.78,4.7,0,0.00379115,3.71728,5.97991,0,0
408,props,15.3062,10.8296,3.86047,0.086389,2,3.78,4.7,0,0.00379115,3.71728,5.97991,0,0
409,props,3.75426,0,3.31114,0.077729,2,3.78,4.7,0,0.00379115,3.71728,5.97991,0,0
410,props,15.5337,11.4232,3.52766,0.095363,2,3.78,4.7,0,0.00379115,3.71728,5.97991,0,0
411,props,3.73135,0,3.34856,0.077888,2,3.78,4.7,0,0.00379115,3.71728,5.97991,0,0
412,props,14.4382,10.5507,3.46963,0.082303,2,3.78,4.7,0,0.00379115,3.71728,5.97991,0,0
413,props,3.75611,0,3.37218,0.079305,2,3.78,4.7,0,0.00379115,3.71728,5.97991,0,0
414,props,15.0395,11.2259,3.3816,0.102435,2,3.78,4.7,0,0.00379115,3.71728,5.97991,0,0
415,props,3.39773,0,3.03358,0.079894,2,3.78,4.7,0,0.00379115,3.71728,5.97991,0,0
416,props,14.2878,10.7925,3.04255,0.098776,2,3.78,4.7,0,0.00379115,3.71728,5.97991,0,0
417,props,3.37008,0,2.98795,0.080851,2,3.78,4.7,0,0.00379115,3.71728,5.97991,0,0
418,props,14.8911,11.4509,2.93299,0.115886,2,3.78,4.7,0,0.00379115,3.71728,5.97991,0,0
419,props,3.89196,0,3.47527,0.080845,2,3.78,4.7,0,0.00379115,3.71728,5.97991,0,0
420,props,15.1046,11.4426,3.19748,0.081975,2,3.78,4.7,0,0.00379115,3.71728,5.97991,0,0
421,props,3.37432,0,3.05979,0.048229,2,3.78,4.7,0,0.00379115,3.71728,5.97991,0,0
422,props,15.4999,11.4024,3.68366,0.062561,2,3.78,4.7,0,0.00379115,3.71728,5.97991,0,0
423,props,3.677,0,3.34495,0.048817,2,3.78,4.7,0,0.00379115,3.71728,5.97991,0,0
424,props,15.5581,11.3474,3.76575,0.062938,2,3.78,4.7,0,0.00379115,3.71728,5.97991,0,0
425,props,1.97168,0,1.58923,0.048973,2,3.78,4.7,0,0.00379115,3.71728,5.97991,0,0
426,props,12.7375,10.7534,1.57056,0.052473,2,3.78,4.7,0,0.00379115,3.71728,5.97991,0,0
427,props,1.66138,0,1.36222,0.047817,2,3.78,4.7,0,0.00379115,3.71728,5.97991,0,0
428,props,12.2675,10.6227,1.30824,0.014193,2,3.78,4.7,0,0.00379115,3.71728,5.97991,0,0
429,props,1.4521,0,1.1725,0.012348,2,3.78,4.7,0,0.00379115,3.71728,5.97991,0,0
430,props,12.8422,11.3168,1.17578,0.026902,2,3.78,4.7,0,0.00379115,3.71728,5.97991,0,0
431,props,1.5277,0,1.1817,0.012332,2,3.78,4.7,0,0.00379115,3.71728,5.97991,0,0
432,props,12.5661,10.8426,1.34564,0.02873,2,3.78,4.7,0,0.00379115,3.71728,5.97991,0,0
433,props,1.496,0,1.17757,0.010556,2,3.78,4.7,0,0.00379115,3.71728,5.97991,0,0
434,props,12.9913,11.394,1.2086,0.032676,2,3.78,4.7,0,0.00379115,3.71728,5.97991,0,0
435,props,1.72548,0,1.35302,0.013096,2,3.78,4.7,0,0.00379115,3.71728,5.97991,0,0
436,props,17.2024,15.4114,1.33795,0.028536,2,3.78,4.7,0,0.00379115,3.71728,5.97991,0,0
437,props,1.72147,0,1.36005,0.013617,2,3.78,4.7,0,0.00379115,3.71728,5.97991,0,0
438,props,16.8865,15.1827,1.29928,0.033014,2,3.78,4.7,0,0.00379115,3.71728,5.97991,0,0
439,props,1.71273,0,1.35171,0.01344,2,3.78,4.7,0,0.00379115,3.71728,5.97991,0,0
440,props,17.139,15.0434,1.28288,0.03759,2,3.78,4.7,0,0.00379115,3.71728,5.97991,0,0
441,props,1.81182,0,1.26087,0.014334,2,3.78,4.7,0,0.00379115,3.71728,5.97991,0,0
442,props,17.241,15.4784,1.24127,0.029118,2,3.78,4.7,0,0.00379115,3.71728,5.97991,0,0
443,props,1.59267,0,1.2435,0.014148,2,3.78,4.7,0,0.00379115,3.71728,5.97991,0,0
444,props,13.9176,12.2724,1.24295,0.022121,2,3.78,4.7,0,0.00379115,3.71728,5.97991,0,0
445,props,1.59774,0,1.25515,0.013525,2,3.78,4.7,0,0.00379115,3.71728,5.97991,0,0
446,props,14.3892,12.6479,1.28276,0.058284,2,3.78,4.7,0,0.00379115,3.71728,5.97991,0,0
447,props,2.07909,0,1.22127,0.013996,2,3.78,4.7,0,0.00379115,3.71728,5.97991,0,0
448,props,13.886,11.5775,1.22468,0.051048,2,3.78,4.7,0,0.00379115,3.71728,5.97991,0,0
449,props,3.57867,0,1.3971,0.022602,2,3.78,4.7,0,0.00379115,3.71728,5.97991,0,0
450,props,14.4148,11.4501,1.23487,0.042884,2,3.78,4.7,0,0.00379115,3.71728,5.97991,0,0
451,props,1.63194,0,1.28614,0.013097,2,3.78,4.7,0,0.00379115,3.71728,5.97991,0,0
452,props,13.5364,11.6178,1.47176,0.032318,2,3.78,4.7,0,0.00379115,3.71728,5.97991,0,0
453,props,1.51695,0,1.21068,0.010818,2,3.78,4.7,0,0.00379115,3.71728,5.97991,0,0
454,props,13.2766,11.5865,1.22439,0.032711,2,3.78,4.7,0,0.00379115,3.71728,5.97991,0,0
455,props,1.77134,0,1.3813,0.013521,2,3.78,4.7,0,0.00379115,3.71728,5.97991,0,0
456,props,16.0129,13.9654,1.48566,0.032689,2,3.78,4.7,0,0.00379115,3.71728,5.97991,0,0
457,props,1.54865,0,1.22052,0.014317,2,3.78,4.7,0,0.00379115,3.71728,5.97991,0,0
458,props,12.616,10.9864,1.20609,0.026687,2,3.78,4.7,0,0.00379115,3.71728,5.97991,0,0
459,props,1.72612,0,1.35843,0.01213,2,3.78,4.7,0,0.00379115,3.71728,5.97991,0,0
460,props,12.5297,10.9212,1.23015,0.016134,2,3.78,4.7,0,0.00379115,3.71728,5.97991,0,0
461,props,1.52781,0,1.19992,0.012483,2,3.78,4.7,0,0.00379115,3.71728,5.97991,0,0
462,props,13.0451,11.4363,1.1908,0.025424,2,3.78,4.7,0,0.00379115,3.71728,5.97991,0,0
463,props,1.60586,0,1.21086,0.013661,2,3.78,4.7,0,0.00379115,3.71728,5.97991,0,0
464,props,15.4387,13.7631,1.29558,0.016365,2,3.78,4.7,0,0.00379115,3.71728,5.97991,0,0
465,props,1.51323,0,1.19096,0.011989,2,3.78,4.7,0,0.00379115,3.71728,5.97991,0,0
466,props,15.2203,13.6487,1.20473,0.019929,2,3.78,4.7,0,0.00379115,3.71728,5.97991,0,0
467,props,1.49956,0,1.19544,0.012155,2,3.78,4.7,0,0.00379115,3.71728,5.97991,0,0
468,props,14.8394,13.232,1.24285,0.020325,2,3.78,4.7,0,0.00379115,3.71728,5.97991,0,0
469,props,1.54091,0,1.19362,0.011757,2,3.78,4.7,0,0.00379115,3.71728,5.97991,0,0
470,props,15.0824,13.4399,1.26984,0.022779,2,3.78,4.7,0,0.00379115,3.71728,5.97991,0,0
471,props,1.52354,0,1.19649,0.011797,2,3.78,4.7,0,0.00379115,3.71728,5.97991,0,0
472,props,14.6794,12.8836,1.26927,0.018022,2,3.78,4.7,0,0.00379115,3.71728,5.97991,0,0
473,props,1.47216,0,1.17304,0.0119,2,3.78,4.7,0,0.00379115,3.71728,5.97991,0,0
474,props,14.7168,13.151,1.16504,0.026104,2,3.78,4.7,0,0.00379115,3.71728,5.97991,0,0
475,props,1.50683,0,1.19195,0.011854,2,3.78,4.7,0,0.00379115,3.71728,5.97991,0,0
476,props,13.6617,12.1195,1.18077,0.016707,2,3.78,4.7,0,0.00379115,3.71728,5.97991,0,0
477,props,1.47129,0,1.16493,0.012282,2,3.78,4.7,0,0.00379115,3.71728,5.97991,0,0
478,props,13.4751,11.9299,1.17341,0.014142,2,3.78,4.7,0,0.00379115,3.71728,5.97991,0,0
479,props,1.51642,0,1.23772,0.013364,2,3.78,4.7,0,0.00379115,3.71728,5.97991,0,0
480,props,14.4363,12.9095,1.1745,0.028559,2,3.78,4.7,0,0.00379115,3.71728,5.97991,0,0
481,props,1.46026,0,1.16854,0.018132,2,3.78,4.7,0,0.00379115,3.71728,5.97991,0,0
482,props,13.3184,11.8265,1.15847,0.01578,2,3.78,4.7,0,0.00379115,3.71728,5.97991,0,0
483,props,1.47684,0,1.18279,0.013142,2,3.78,4.7,0,0.00379115,3.71728,5.97991,0,0
484,props,14.8174,12.6741,1.70501,0.021604,2,3.78,4.7,0,0.00379115,3.71728,5.97991,0,0
485,props,1.51827,0,1.21502,0.01208,2,3.78,4.7,0,0.00379115,3.71728,5.97991,0,0
486,props,14.4546,12.8717,1.21145,0.015869,2,3.78,4.7,0,0.00379115,3.71728,5.97991,0,0
487,props,2.07215,0,1.69022,0.018864,2,3.78,4.7,0,0.00379115,3.71728,5.97991,0,0
488,props,15.1624,13.5877,1.21141,0.019264,2,3.78,4.7,0,0.00379115,3.71728,5.97991,0,0
489,props,1.51038,0,1.19712,0.014509,2,3.78,4.7,0,0.00379115,3.71728,5.97991,0,0
490,props,14.8652,13.2517,1.26265,0.015108,2,3.78,4.7,0,0.00379115,3.71728,5.97991,0,0
491,props,1.53292,0,1.2113,0.012021,2,3.78,4.7,0,0.00379115,3.71728,5.97991,0,0
492,props,15.8856,14.2867,1.20418,0.028626,2,3.78,4.7,0,0.00379115,3.71728,5.97991,0,0
493,props,1.52091,0,1.22033,0.011766,2,3.78,4.7,0,0.00379115,3.71728,5.97991,0,0
494,props,15.5161,13.9555,1.21761,0.015316,2,3.78,4.7,0,0.00379115,3.71728,5.97991,0,0
495,props,1.50342,0,1.21501,0.011511,2,3.78,4.7,0,0.00379115,3.71728,5.97991,0,0
496,props,16.1639,14.4768,1.33348,0.022394,2,3.78,4.7,0,0.00379115,3.71728,5.97991,0,0
497,props,1.48306,0,1.17578,0.0116,2,3.78,4.7,0,0.00379115,3.71728,5.97991,0,0
498,props,15.9463,14.3993,1.18001,0.02182,2,3.78,4.7,0,0.00379115,3.71728,5.97991,0,0
499,props,1.44335,0,1.17123,0.012992,2,3.78,4.7,0,0.00379115,3.71728,5.97991,0,0
500,props,15.9078,14.3863,1.17922,0.017108,2,3.78,4.7,0,0.00379115,3.71728,5.97991,0,0
501,props,1.49656,0,1.17862,0.018125,2,3.78,4.7,0,0.00379115,3.71728,5.97991,0,0
502,props,15.7388,14.2491,1.1763,0.014404,2,3.78,4.7,0,0.00379115,3.71728,5.97991,0,0
503,props,1.50802,0,1.23258,0.0207,2,3.78,4.7,0,0.00379115,3.71728,5.97991,0,0
504,props,16.0913,14.3965,1.31913,0.021564,2,3.78,4.7,0,0.00379115,3.71728,5.97991,0,0
505,props,1.45234,0,1.18813,0.012728,2,3.78,4.7,0,0.00379115,3.71728,5.97991,0,0
506,props,17.7475,16.0887,1.19968,0.042847,2,3.78,4.7,0,0.00379115,3.71728,5.97991,0,0
507,props,2.00358,0,1.65637,0.012072,2,3.78,4.7,0,0.00379115,3.71728,5.97991,0,0
508,props,12.3266,10.7517,1.21568,0.019839,2,3.78,4.7,0,0.00379115,3.71728,5.97991,0,0
509,props,1.60129,0,1.31148,0.011618,2,3.78,4.7,0,0.00379115,3.71728,5.97991,0,0
510,props,12.2724,10.6854,1.2366,0.019826,2,3.78,4.7,0,0.00379115,3.71728,5.97991,0,0
511,props,1.54897,0,1.25436,0.012171,2,3.78,4.7,0,0.00379115,3.71728,5.97991,0,0
512,props,12.3349,10.7194,1.27535,0.015255,2,3.78,4.7,0,0.00379115,3.71728,5.97991,0,0
513,props,1.51596,0,1.23445,0.013034,2,3.78,4.7,0,0.00379115,3.71728,5.97991,0,0
514,props,12.1735,10.6687,1.19112,0.016293,2,3.78,4.7,0,0.00379115,3.71728,5.97991,0,0
515,props,1.4508,0,1.18639,0.012788,2,3.78,4.7,0,0.00379115,3.71728,5.97991,0,0
516,props,12.2481,10.7324,1.18281,0.029532,2,3.78,4.7,0,0.00379115,3.71728,5.97991,0,0
517,props,1.53518,0,1.22438,0.01302,2,3.78,4.7,0,0.00379115,3.71728,5.97991,0,0
518,props,12.2408,10.6663,1.23478,0.015042,2,3.78,4.7,0,0.00379115,3.71728,5.97991,0,0
519,props,1.6715,0,1.1912,0.013154,2,3.78,4.7,0,0.00379115,3.71728,5.97991,0,0
520,props,12.4008,10.8297,1.21797,0.02611,2,3.78,4.7,0,0.00379115,3.71728,5.97991,0,0
521,props,1.5192,0,1.19747,0.01188,2,3.78,4.7,0,0.00379115,3.71728,5.97991,0,0
522,props,12.3422,10.7574,1.23528,0.015029,2,3.78,4.7,0,0.00379115,3.71728,5.97991,0,0
523,props,1.49778,0,1.20911,0.011547,2,3.78,4.7,0,0.00379115,3.71728,5.97991,0,0
524,props,12.3089,10.6895,1.23579,0.026229,2,3.78,4.7,0,0.00379115,3.71728,5.97991,0,0
525,props,1.66284,0,1.37005,0.011703,2,3.78,4.7,0,0.00379115,3.71728,5.97991,0,0
526,props,12.3077,10.7641,1.2027,0.016378,2,3.78,4.7,0,0.00379115,3.71728,5.97991,0,0
527,props,1.65997,0,1.22871,0.012235,2,3.78,4.7,0,0.00379115,3.71728,5.97991,0,0
528,props,12.2837,10.7255,1.21901,0.016709,2,3.78,4.7,0,0.00379115,3.71728,5.97991,0,0
529,props,1.4849,0,1.19322,0.019635,2,3.78,4.7,0,0.00379115,3.71728,5.97991,0,0
530,props,12.4091,10.7824,1.2546,0.017429,2,3.78,4.7,0,0.00379115,3.71728,5.97991,0,0
531,props,1.50907,0,1.22128,0.011828,2,3.78,4.7,0,0.00379115,3.71728,5.97991,0,0
532,props,12.3755,10.799,1.23723,0.016029,2,3.78,4.7,0,0.00379115,3.71728,5.97991,0,0
533,props,1.52767,0,1.21427,0.013759,2,3.78,4.7,0,0.00379115,3.71728,5.97991,0,0
534,props,12.9835,11.3095,1.22975,0.034813,2,3.78,4.7,0,0.00379115,3.71728,5.97991,0,0
535,props,1.68937,0,1.38644,0.012232,2,3.78,4.7,0,0.00379115,3.71728,5.97991,0,0
536,props,12.8674,11.1618,1.34708,0.02406,2,3.78,4.7,0,0.00379115,3.71728,5.97991,0,0
537,props,1.55096,0,1.25345,0.011936,2,3.78,4.7,0,0.00379115,3.71728,5.97991,0,0
538,props,12.5187,10.9743,1.19945,0.018129,2,3.78,4.7,0,0.00379115,3.71728,5.97991,0,0
539,props,2.00675,0,1.66932,0.015584,2,3.78,4.7,0,0.00379115,3.71728,5.97991,0,0
540,props,12.9472,11.2105,1.39633,0.024876,2,3.78,4.7,0,0.00379115,3.71728,5.97991,0,0
541,props,1.47048,0,1.19732,0.012993,2,3.78,4.7,0,0.00379115,3.71728,5.97991,0,0
542,props,12.3002,10.7802,1.20154,0.016772,2,3.78,4.7,0,0.00379115,3.71728,5.97991,0,0
543,props,1.4724,0,1.20166,0.013685,2,3.78,4.7,0,0.00379115,3.71728,5.97991,0,0
544,props,12.44,10.7871,1.25416,0.017942,2,3.78,4.7,0,0.00379115,3.71728,5.97991,0,0
545,props,1.71612,0,1.35388,0.012996,2,3.78,4.7,0,0.00379115,3.71728,5.97991,0,0
546,props,12.4476,10.9228,1.20654,0.015252,2,3.78,4.7,0,0.00379115,3.71728,5.97991,0,0
547,props,1.46814,0,1.20453,0.012689,2,3.78,4.7,0,0.00379115,3.71728,5.97991,0,0
548,props,12.9145,11.0908,1.45034,0.032729,2,3.78,4.7,0,0.00379115,3.71728,5.97991,0,0
549,props,1.70686,0,1.32538,0.013961,2,3.78,4.7,0,0.00379115,3.71728,5.97991,0,0
550,props,13.7958,12.1414,1.28653,0.029983,2,3.78,4.7,0,0.00379115,3.71728,5.97991,0,0
551,props,1.61639,0,1.30679,0.012523,2,3.78,4.7,0,0.00379115,3.71728,5.97991,0,0
552,props,14.1585,12.3787,1.31714,0.031256,2,3.78,4.7,0,0.00379115,3.71728,5.97991,0,0
553,props,1.66012,0,1.33667,0.013336,2,3.78,4.7,0,0.00379115,3.71728,5.97991,0,0
554,props,13.452,11.7981,1.26156,0.018755,2,3.78,4.7,0,0.00379115,3.71728,5.97991,0,0
555,over_pool,1.58742,0,1.2632,0.013519,1.99885,3.78,4.68223,0,0.00379115,3.71728,5.97991,0,0
556,over_pool,13.248,11.6767,1.2284,0.015831,1.99656,3.78,4.64668,0,0.00379115,3.71728,5.97991,0,0
557,over_pool,1.83387,0,1.22131,0.014144,1.99191,3.78178,4.59653,0,0.00379115,3.71728,5.97991,0,0
558,over_pool,13.2498,11.6692,1.19961,0.025771,1.97816,3.79326,4.54945,0,0.00379115,3.71728,5.97991,0,0
559,over_pool,1.59794,0,1.23691,0.013262,1.96376,3.80217,4.48293,0,0.00379115,3.71728,5.97991,0,0
560,over_pool,13.5869,11.9256,1.27308,0.01576,1.94877,3.80861,4.39698,0,0.00379115,3.71728,5.97991,0,0
561,over_pool,1.48826,0,1.18072,0.013308,1.93323,3.81273,4.2916,0,0.00379115,3.71728,5.97991,0,0
562,over_pool,14.0509,12.458,1.19388,0.03035,1.9172,3.81471,4.16679,0,0.00379115,3.71728,5.97991,0,0
563,over_pool,1.6081,0,1.2542,0.012721,1.90076,3.81476,4.02256,0,0.00379115,3.71728,5.97991,0,0
564,over_pool,13.9189,12.1935,1.30112,0.02284,1.88396,3.81313,3.85891,0,0.00379115,3.71728,5.97991,0,0
565,over_pool,1.50136,0,1.18548,0.010424,1.86691,3.81014,3.67587,0,0.00379115,3.71728,5.97991,0,0
566,over_pool,15.154,13.4968,1.21238,0.03049,1.84972,3.80623,3.47346,0,0.00379115,3.71728,5.97991,0,0
567,over_pool,1.80718,0,1.37046,0.012752,1.83253,3.80199,3.25176,0,0.00379115,3.71728,5.97991,0,0
568,over_pool,18.6456,16.908,1.31997,0.038637,1.81557,3.7983,3.0109,0,0.00379115,3.71728,5.97991,0,0
569,over_pool,1.65113,0,1.30314,0.010957,1.7992,3.79668,2.7512,0,0.00379115,3.71728,5.97991,0,0
570,over_pool,15.9825,14.3922,1.23687,0.03321,1.7836,3.79676,2.48242,0,0.00379115,3.71728,5.97991,0,0
571,over_pool,1.67787,0,1.31925,0.023686,1.76885,3.79803,2.21236,0,0.00379115,3.71728,5.97991,0,0
572,over_pool,16.4955,14.8059,1.27266,0.036138,1.75499,3.80015,1.94663,0,0.00379115,3.71728,5.97991,0,0
573,over_pool,1.50383,0,1.2958,0.013196,1.74205,3.80283,1.68918,0,0.00379115,3.71728,5.97991,0,0
574,over_pool,17.1171,15.5903,1.26838,0.030088,1.73001,3.80586,1.44266,0,0.00379115,3.71728,5.97991,0,0
575,over_pool,1.46189,0,1.31878,0.01329,1.71886,3.80908,1.20876,0,0.00379115,3.71728,5.97991,0,0
576,over_pool,16.3615,14.8914,1.25687,0.027318,1.70855,3.81238,0.98847,0,0.00379115,3.71728,5.97991,0,0
577,over_pool,1.47894,0,1.31877,0.013639,1.69905,3.81566,0.782206,0,0.00379115,3.71728,5.97991,0,0
578,over_pool,13.1768,11.5735,1.33262,0.034013,1.69032,3.81888,0.590007,0,0.00379115,3.71728,5.97991,0,0
579,over_pool,1.35265,0,1.2291,0.010108,1.68231,3.82198,0.411626,0,0.00379115,3.71728,5.97991,0,0
580,over_pool,13.0448,11.4341,1.35574,0.037145,1.67496,3.82493,0.246615,0,0.00379115,3.71728,5.97991,0,0
581,over_pool,1.47706,0,1.33417,0.013396,1.66824,3.82773,0.0943958,0,0.00379115,3.71728,5.97991,0,0
582,over_pool,13.1366,11.5973,1.30022,0.033379,1.6621,3.83036,-0.045697,0,0.00379115,3.71728,5.97991,0,0
583,over_pool,1.39268,0,1.26826,0.010033,1.65649,3.83282,-0.174375,0,0.00379115,3.71728,5.97991,0,0
584,over_pool,13.0042,11.4988,1.29752,0.031611,1.65137,3.83511,-0.29237,0,0.00379115,3.71728,5.97991,0,0
585,over_pool,1.46157,0,1.32161,0.013238,1.6467,3.83723,-0.400415,0,0.00379115,3.71728,5.97991,0,0
586,over_pool,14.4971,12.9792,1.3121,0.033223,1.64245,3.83919,-0.499228,0,0.00379115,3.71728,5.97991,0,0
587,over_pool,1.40306,0,1.30117,0.010454,1.63858,3.841,-0.589504,0,0.00379115,3.71728,5.97991,0,0
588,over_pool,14.1281,12.6434,1.2748,0.024726,1.63505,3.84266,-0.671905,0,0.00379115,3.71728,5.97991,0,0
589,over_pool,1.42146,0,1.28618,0.01218,1.63184,3.84418,-0.747061,0,0.00379115,3.71728,5.97991,0,0
590,over_pool,15.5599,13.9792,1.4061,0.030722,1.62892,3.84558,-0.815564,0,0.00379115,3.71728,5.97991,0,0
591,over_pool,2.0503,0,1.87143,0.01883,1.62627,3.84686,-0.877966,0,0.00379115,3.71728,5.97991,0,0
592,over_pool,14.5545,12.1193,2.20299,0.019776,1.62386,3.84803,-0.934782,0,0.00379115,3.71728,5.97991,0,0
593,over_pool,1.40671,0,1.27436,0.012362,1.62166,3.8491,-0.986491,0,0.00379115,3.71728,5.97991,0,0
594,over_pool,12.3573,10.8804,1.30214,0.015241,1.61967,3.85007,-1.03353,0,0.00379115,3.71728,5.97991,0,0
595,over_pool,1.64999,0,1.31895,0.014622,1.61786,3.85096,-1.07632,0,0.00379115,3.71728,5.97991,0,0
596,over_pool,12.4722,10.8927,1.36204,0.023165,1.61621,3.85177,-1.11522,0,0.00379115,3.71728,5.97991,0,0
597,over_pool,1.33194,0,1.20872,0.013662,1.61472,3.85251,-1.15058,0,0.00379115,3.71728,5.97991,0,0
598,over_pool,12.0427,10.6763,1.20509,0.017018,1.61336,3.85318,-1.18271,0,0.00379115,3.71728,5.97991,0,0
599,over_pool,1.34249,0,1.22756,0.012926,1.61213,3.85379,-1.21191,0,0.00379115,3.71728,5.97991,0,0
600,over_pool,12.1651,10.7529,1.22291,0.025148,1.61101,3.85435,-1.23844,0,0.00379115,3.71728,5.97991,0,0
601,over_pool,1.35152,0,1.22314,0.013144,1.61,3.85485,-1.26254,0,0.00379115,3.71728,5.97991,0,0
602,over_pool,11.9309,10.5483,1.21439,0.016212,1.60907,3.85531,-1.28443,0,0.00379115,3.71728,5.97991,0,0
603,over_pool,1.31102,0,1.19628,0.013454,1.60824,3.85573,-1.30431,0,0.00379115,3.71728,5.97991,0,0
604,over_pool,12.1809,10.7998,1.1996,0.024563,1.60747,3.85611,-1.32236,0,0.00379115,3.71728,5.97991,0,0
605,over_pool,1.35788,0,1.23099,0.01307,1.60678,3.85646,-1.33875,0,0.00379115,3.71728,5.97991,0,0
606,over_pool,12.3151,10.6847,1.22242,0.016986,1.60616,3.85677,-1.35363,0,0.00379115,3.71728,5.97991,0,0
607,over_pool,1.28082,0,1.1838,0.012945,1.60559,3.85705,-1.36714,0,0.00379115,3.71728,5.97991,0,0
608,over_pool,12.0215,10.6808,1.19136,0.015763,1.60507,3.85731,-1.37941,0,0.00379115,3.71728,5.97991,0,0
609,over_pool,1.30638,0,1.20932,0.012849,1.6046,3.85755,-1.39054,0,0.00379115,3.71728,5.97991,0,0
610,over_pool,15.3523,13.8893,1.19772,0.058952,1.60418,3.85776,-1.40065,0,0.00379115,3.71728,5.97991,0,0
611,over_pool,1.5368,0,1.37905,0.012679,1.60379,3.85795,-1.40983,0,0.00379115,3.71728,5.97991,0,0
612,over_pool,13.1561,11.695,1.27788,0.029012,1.60344,3.85813,-1.41816,0,0.00379115,3.71728,5.97991,0,0
613,over_pool,1.40715,0,1.28216,0.021577,1.60312,3.85829,-1.42572,0,0.00379115,3.71728,5.97991,0,0
614,over_pool,12.4583,10.9884,1.29828,0.023835,1.60284,3.85843,-1.43258,0,0.00379115,3.71728,5.97991,0,0
615,over_pool,1.48408,0,1.3409,0.011465,1.60257,3.85856,-1.43881,0,0.00379115,3.71728,5.97991,0,0
616,over_pool,12.3913,10.9392,1.22853,0.026755,1.60234,3.85868,-1.44447,0,0.00379115,3.71728,5.97991,0,0
617,over_pool,1.38903,0,1.2342,0.021445,1.60212,3.85879,-1.4496,0,0.00379115,3.71728,5.97991,0,0
618,over_pool,12.7022,11.2412,1.2758,0.026823,1.60192,3.85889,-1.45426,0,0.00379115,3.71728,5.97991,0,0
619,over_pool,1.32558,0,1.20044,0.01206,1.60175,3.85898,-1.45848,0,0.00379115,3.71728,5.97991,0,0
620,over_pool,12.7432,11.1282,1.44274,0.025617,1.60158,3.85906,-1.46232,0,0.00379115,3.71728,5.97991,0,0
621,over_pool,1.38586,0,1.24018,0.020835,1.60144,3.85913,-1.4658,0,0.00379115,3.71728,5.97991,0,0
622,over_pool,12.3251,10.9161,1.21683,0.026369,1.60131,3.8592,-1.46896,0,0.00379115,3.71728,5.97991,0,0
623,over_pool,1.40267,0,1.27954,0.011722,1.60118,3.85926,-1.47183,0,0.00379115,3.71728,5.97991,0,0
624,over_pool,12.4768,11.0202,1.22289,0.053034,1.60107,3.85932,-1.47444,0,0.00379115,3.71728,5.97991,0,0
625,over_pool,1.50969,0,1.35356,0.022915,1.60098,3.85937,-1.4768,0,0.00379115,3.71728,5.97991,0,0
626,over_pool,12.3607,10.9384,1.26137,0.024128,1.60089,3.85941,-1.47894,0,0.00379115,3.71728,5.97991,0,0
627,over_pool,1.26726,0,1.17025,0.01194,1.6008,3.85945,-1.48089,0,0.00379115,3.71728,5.97991,0,0
628,over_pool,12.3182,11.0026,1.15184,0.026669,1.60073,3.85949,-1.48266,0,0.00379115,3.71728,5.97991,0,0
629,over_pool,1.23739,0,1.13414,0.011412,1.60066,3.85952,-1.48426,0,0.00379115,3.71728,5.97991,0,0
630,over_pool,12.1826,10.8037,1.18913,0.020271,1.6006,3.85956,-1.48572,0,0.00379115,3.71728,5.97991,0,0
631,over_pool,1.44158,0,1.29042,0.011861,1.60055,3.85958,-1.48704,0,0.00379115,3.71728,5.97991,0,0
632,over_pool,12.5136,11.1373,1.1986,0.027131,1.60049,3.85961,-1.48823,0,0.00379115,3.71728,5.97991,0,0
633,over_pool,1.35181,0,1.23041,0.011506,1.60045,3.85963,-1.48932,0,0.00379115,3.71728,5.97991,0,0
634,over_pool,12.7662,11.3078,1.27582,0.02654,1.60041,3.85965,-1.49031,0,0.00379115,3.71728,5.97991,0,0
635,over_pool,1.38977,0,1.23581,0.012197,1.60037,3.85967,-1.4912,0,0.00379115,3.71728,5.97991,0,0
636,over_pool,12.3318,10.9433,1.22041,0.022645,1.60034,3.85969,-1.49202,0,0.00379115,3.71728,5.97991,0,0
637,over_pool,1.32531,0,1.20838,0.011672,1.6003,3.8597,-1.49276,0,0.00379115,3.71728,5.97991,0,0
638,over_pool,13.4407,12.0413,1.21272,0.033997,1.60028,3.85972,-1.49343,0,0.00379115,3.71728,5.97991,0,0
639,over_pool,1.40273,0,1.23813,0.012383,1.60025,3.85973,-1.49403,0,0.00379115,3.71728,5.97991,0,0
640,over_pool,13.2113,11.7138,1.25378,0.043773,1.60023,3.85974,-1.49458,0,0.00379115,3.71728,5.97991,0,0
641,over_pool,1.53469,0,1.42851,0.011527,1.60021,3.85975,-1.49509,0,0.00379115,3.71728,5.97991,0,0
642,over_pool,14.7488,13.4388,1.14015,0.031277,1.60019,3.85976,-1.49554,0,0.00379115,3.71728,5.97991,0,0
643,over_pool,1.27282,0,1.16714,0.01177,1.60017,3.85977,-1.49595,0,0.00379115,3.71728,5.97991,0,0
644,over_pool,12.5102,11.0248,1.29734,0.027511,1.60015,3.85978,-1.49633,0,0.00379115,3.71728,5.97991,0,0
645,over_pool,1.32512,0,1.22367,0.011443,1.60014,3.85979,-1.49667,0,0.00379115,3.71728,5.97991,0,0
646,over_pool,12.6237,11.2013,1.23004,0.02624,1.60013,3.85979,-1.49697,0,0.00379115,3.71728,5.97991,0,0
647,over_pool,1.38265,0,1.22026,0.012202,1.60012,3.8598,-1.49725,0,0.00379115,3.71728,5.97991,0,0
648,over_pool,12.2961,10.9571,1.19248,0.017536,1.6001,3.8598,-1.49751,0,0.00379115,3.71728,5.97991,0,0
649,over_pool,1.4306,0,1.29305,0.012401,1.6001,3.85981,-1.49774,0,0.00379115,3.71728,5.97991,0,0
650,over_pool,12.5725,11.1028,1.24402,0.026753,1.60009,3.85981,-1.49795,0,0.00379115,3.71728,5.97991,0,0
651,over_pool,1.32149,0,1.18713,0.020573,1.60008,3.85982,-1.49814,0,0.00379115,3.71728,5.97991,0,0
652,over_pool,12.74,11.3411,1.2356,0.026891,1.60007,3.85982,-1.49831,0,0.00379115,3.71728,5.97991,0,0
653,over_pool,1.25928,0,1.15719,0.01182,1.60006,3.85982,-1.49847,0,0.00379115,3.71728,5.97991,0,0
654,over_pool,12.3623,10.8804,1.27716,0.024775,1.60006,3.85983,-1.49861,0,0.00379115,3.71728,5.97991,0,0
655,over_pool,1.43064,0,1.32597,0.011671,1.60005,3.85983,-1.49874,0,0.00379115,3.71728,5.97991,0,0
656,over_pool,12.4508,11.1273,1.15844,0.028291,1.60005,3.85983,-1.49885,0,0.00379115,3.71728,5.97991,0,0
657,over_pool,1.36165,0,1.20663,0.021304,1.60004,3.85983,-1.49896,0,0.00379115,3.71728,5.97991,0,0
658,over_pool,12.5112,11.0705,1.26334,0.03216,1.60004,3.85984,-1.49906,0,0.00379115,3.71728,5.97991,0,0
659,over_pool,1.4886,0,1.36143,0.021292,1.60004,3.85984,-1.49914,0,0.00379115,3.71728,5.97991,0,0
660,over_pool,12.2026,10.8721,1.17677,0.021729,1.60003,3.85984,-1.49922,0,0.00379115,3.71728,5.97991,0,0
661,over_pool,1.30929,0,1.19015,0.011917,1.60003,3.85984,-1.49929,0,0.00379115,3.71728,5.97991,0,0
662,over_pool,12.3598,10.9688,1.24668,0.015502,1.60003,3.85984,-1.49936,0,0.00379115,3.71728,5.97991,0,0
663,over_pool,1.26048,0,1.1695,0.011325,1.60002,3.85984,-1.49942,0,0.00379115,3.71728,5.97991,0,0
664,over_pool,12.3253,11.0277,1.13895,0.024032,1.60002,3.85985,-1.49947,0,0.00379115,3.71728,5.97991,0,0
665,over_pool,1.48054,0,1.33261,0.021157,1.60002,3.85985,-1.49952,0,0.00379115,3.71728,5.97991,0,0
666,over_pool,12.7917,11.3044,1.30479,0.024584,1.60002,3.85985,-1.49957,0,0.00379115,3.71728,5.97991,0,0
667,over_pool,1.37226,0,1.23003,0.011757,1.60002,3.85985,-1.49961,0,0.00379115,3.71728,5.97991,0,0
668,over_pool,12.3775,10.9439,1.28124,0.020358,1.60002,3.85985,-1.49964,0,0.00379115,3.71728,5.97991,0,0
669,over_pool,1.36068,0,1.2459,0.020698,1.60001,3.85985,-1.49968,0,0.00379115,3.71728,5.97991,0,0
670,over_pool,12.8296,11.2686,1.3695,0.025062,1.60001,3.85985,-1.49971,0,0.00379115,3.71728,5.97991,0,0
671,over_pool,1.33871,0,1.20866,0.01887,1.60001,3.85985,-1.49973,0,0.00379115,3.71728,5.97991,0,0
672,over_pool,12.6256,11.1403,1.3155,0.023631,1.60001,3.85985,-1.49976,0,0.00379115,3.71728,5.97991,0,0
673,over_pool,1.4484,0,1.32511,0.011732,1.60001,3.85985,-1.49978,0,0.00379115,3.71728,5.97991,0,0
674,over_pool,12.3072,10.8707,1.24988,0.018709,1.60001,3.85985,-1.4998,0,0.00379115,3.71728,5.97991,0,0
675,over_pool,1.46246,0,1.3595,0.011582,1.60001,3.85985,-1.49982,0,0.00379115,3.71728,5.97991,0,0
676,over_pool,12.2803,10.9512,1.18049,0.018743,1.60001,3.85985,-1.49984,0,0.00379115,3.71728,5.97991,0,0
677,over_pool,1.28595,0,1.16601,0.021759,1.60001,3.85985,-1.49985,0,0.00379115,3.71728,5.97991,0,0
678,over_pool,12.4175,11.0826,1.17798,0.023358,1.60001,3.85985,-1.49986,0,0.00379115,3.71728,5.97991,0,0
679,over_pool,1.28549,0,1.18326,0.011701,1.60001,3.85985,-1.49988,0,0.00379115,3.71728,5.97991,0,0
680,over_pool,12.7534,11.3413,1.22311,0.025661,1.6,3.85985,-1.49989,0,0.00379115,3.71728,5.97991,0,0
681,over_pool,1.39077,0,1.28417,0.011579,1.6,3.85985,-1.4999,0,0.00379115,3.71728,5.97991,0,0
682,over_pool,12.4815,11.0924,1.21789,0.018696,1.6,3.85986,-1.49991,0,0.00379115,3.71728,5.97991,0,0
683,over_pool,1.51733,0,1.35437,0.030223,1.6,3.85986,-1.49992,0,0.00379115,3.71728,5.97991,0,0
684,over_pool,12.2621,10.8337,1.2827,0.020984,1.6,3.85986,-1.49992,0,0.00379115,3.71728,5.97991,0,0
685,over_pool,1.37749,0,1.23278,0.021736,1.6,3.85986,-1.49993,0,0.00379115,3.71728,5.97991,0,0
686,over_pool,12.5178,11.0294,1.31366,0.019083,1.6,3.85986,-1.49994,0,0.00379115,3.71728,5.97991,0,0
687,over_pool,1.24094,0,1.14664,0.011344,1.6,3.85986,-1.49994,0,0.00379115,3.71728,5.97991,0,0
688,over_pool,13.0317,11.7029,1.16081,0.029992,1.6,3.85986,-1.49995,0,0.00379115,3.71728,5.97991,0,0
689,over_pool,1.27111,0,1.16702,0.011569,1.6,3.85986,-1.49995,0,0.00379115,3.71728,5.97991,0,0
690,over_pool,13.4084,11.9577,1.26994,0.028728,1.6,3.85986,-1.49996,0,0.00379115,3.71728,5.97991,0,0
691,over_pool,1.25132,0,1.14687,0.011711,1.6,3.85986,-1.49996,0,0.00379115,3.71728,5.97991,0,0
692,over_pool,12.5089,11.0984,1.25644,0.019668,1.6,3.85986,-1.49997,0,0.00379115,3.71728,5.97991,0,0
693,over_pool,1.28679,0,1.192,0.011387,1.6,3.85986,-1.49997,0,0.00379115,3.71728,5.97991,0,0
694,over_pool,12.9875,11.667,1.15491,0.028141,1.6,3.85986,-1.49997,0,0.00379115,3.71728,5.97991,0,0
695,over_pool,1.25305,0,1.15036,0.01174,1.6,3.85986,-1.49997,0,0.00379115,3.71728,5.97991,0,0
696,over_pool,12.5447,11.2299,1.13461,0.024904,1.6,3.85986,-1.49998,0,0.00379115,3.71728,5.97991,0,0
697,over_pool,1.34635,0,1.22478,0.012082,1.6,3.85986,-1.49998,0,0.00379115,3.71728,5.97991,0,0
698,over_pool,12.4126,10.9206,1.33546,0.01673,1.6,3.85986,-1.49998,0,0.00379115,3.71728,5.97991,0,0
699,over_pool,1.34589,0,1.21658,0.020622,1.6,3.85986,-1.49998,0,0.00379115,3.71728,5.97991,0,0
700,over_pool,12.9095,11.2144,1.46926,0.026588,1.6,3.85986,-1.49998,0,0.00379115,3.71728,5.97991,0,0
701,over_pool,1.33837,0,1.21658,0.011975,1.6,3.85986,-1.49999,0,0.00379115,3.71728,5.97991,0,0
702,over_pool,12.7401,11.2849,1.25111,0.02815,1.6,3.85986,-1.49999,0,0.00379115,3.71728,5.97991,0,0
703,over_pool,1.451,0,1.32638,0.011691,1.6,3.85986,-1.49999,0,0.00379115,3.71728,5.97991,0,0
704,over_pool,12.6562,11.1932,1.24003,0.040442,1.6,3.85986,-1.49999,0,0.00379115,3.71728,5.97991,0,0
705,dip,1.47591,0,1.36644,0.012106,1.6,3.83769,-1.49999,0,0.00379115,3.71728,5.97991,0,0
706,dip,12.2552,10.8872,1.20839,0.019441,1.6,3.79335,-1.49999,0,0.00379115,3.71728,5.97991,0,0
707,dip,1.27538,0,1.14918,0.012128,1.6,3.72684,-1.49999,0,0.00379115,3.71728,5.97991,0,0
708,dip,12.4093,11.0533,1.16866,0.043214,1.6,3.63816,-1.49999,0,0.00379115,3.71728,5.97991,0,0
709,dip,1.48927,0,1.37362,0.012039,1.6,3.52731,-1.49999,0,0.00379115,3.71728,5.97991,0,0
710,dip,15.5041,11.5683,3.75276,0.024346,1.6,3.39795,-1.49999,0,0.00379115,3.71728,5.97991,0,0
711,dip,4.39916,0,4.27415,0.012025,1.6,3.25783,-1.5,0,0.00379115,3.71728,5.97991,0,0
712,dip,16.1745,11.2312,4.76773,0.022639,1.6,3.11273,-1.5,0,0.00379115,3.71728,5.97991,0,0
713,dip,5.37668,0,5.25417,0.011987,1.6,2.96688,-1.5,0,0.00379115,3.71728,5.97991,0,0
714,dip,17.3322,11.145,6.0086,0.024431,1.6,2.82335,-1.49999,0,0.00379115,3.71728,5.97991,0,0
715,dip,7.14198,0,6.96929,0.012079,1.6,2.68434,-1.49998,0,0.00379115,3.71728,5.97991,0,0
716,dip,18.8823,11.0218,7.67878,0.021556,1.59998,2.55152,-1.49993,0,0.00379115,3.71728,5.97991,0,0
717,dip,8.18993,0,8.03213,0.012137,1.59964,2.42702,-1.50001,0,0.00379115,3.71728,5.97991,0,0
718,dip,19.8439,11.3097,8.27649,0.025142,1.59888,2.3118,-1.50018,0,0.00379115,3.71728,5.97991,0,0
719,dip,9.25091,0,9.0937,0.013985,1.59809,2.20493,-1.50002,0,0.00379115,3.71728,5.97991,0,0
720,dip,20.6168,11.4992,8.85166,0.029861,1.59723,2.10677,-1.49949,0,0.00379115,3.71728,5.97991,0,0
721,dip,9.39833,0,9.25177,0.013062,1.59609,2.01625,-1.49798,0,0.00379115,3.71728,5.97991,0,0
722,dip,20.8016,11.4399,9.10148,0.02694,1.59469,1.93357,-1.49581,0,0.00379115,3.71728,5.97991,0,0
723,dip,10.6155,0,10.4651,0.013556,1.5919,1.85928,-1.4939,0,0.00379115,3.71728,5.97991,0,0
724,dip,22.4352,11.3676,10.7903,0.021579,1.58806,1.79254,-1.49227,0,0.00379115,3.71728,5.97991,0,0
725,dip,10.7536,0,10.5894,0.012294,1.58521,1.73406,-1.49126,0,0.00379115,3.71728,5.97991,0,0
726,dip,22.2902,11.3689,10.7181,0.027034,1.58309,1.68264,-1.49071,0,0.00379115,3.71728,5.97991,0,0
727,dip,10.9707,0,10.8308,0.013077,1.5824,1.63648,-1.49149,0,0.00379115,3.71728,5.97991,0,0
728,dip,23.0013,11.6147,11.1262,0.027318,1.58274,1.595,-1.49321,0,0.00379115,3.71728,5.97991,0,0
729,dip,11.1193,0,10.9709,0.013364,1.58373,1.55638,-1.49558,0,0.00379115,3.71728,5.97991,0,0
730,dip,25.5324,13.9738,11.3143,0.033791,1.58518,1.52058,-1.49839,0,0.00379115,3.71728,5.97991,0,0
731,dip,12.1227,0,11.9511,0.01094,1.58716,1.48689,-1.5004,0,0.00379115,3.71728,5.97991,0,0
732,dip,29.6774,17.3948,12.0097,0.0318,1.58949,1.45534,-1.50184,0,0.00379115,3.71728,5.97991,0,0
733,dip,11.8346,0,11.6732,0.012117,1.59127,1.42609,-1.50127,0,0.00379115,3.71728,5.97991,0,0
734,dip,26.6857,15.1754,11.3032,0.015874,1.59262,1.39907,-1.4993,0,0.00379115,3.71728,5.97991,0,0
735,dip,11.6786,0,11.4909,0.012259,1.5929,1.37623,-1.49548,0,0.00379115,3.71728,5.97991,0,0
736,dip,26.3155,15.1919,10.9219,0.015722,1.59238,1.35687,-1.49037,0,0.00379115,3.71728,5.97991,0,0
737,dip,11.3,0,11.1454,0.012028,1.59295,1.34057,-1.48649,0,0.00379115,3.71728,5.97991,0,0
738,dip,27.5223,16.0775,11.1908,0.032866,1.59427,1.32692,-1.48358,0,0.00379115,3.71728,5.97991,0,0
739,dip,14.1023,0,13.8957,0.016355,1.5976,1.3147,-1.4839,0,0.00379115,3.71728,5.97991,0,0
740,dip,27.3714,16.022,11.0681,0.030225,1.60241,1.30388,-1.4865,0,0.00379115,3.71728,5.97991,0,0
741,dip,10.8619,0,10.7145,0.010531,1.60658,1.29534,-1.48951,0,0.00379115,3.71728,5.97991,0,0
742,dip,27.1544,16.2991,10.5851,0.028372,1.61024,1.28858,-1.49276,0,0.00379115,3.71728,5.97991,0,0
743,dip,10.5029,0,10.3345,0.012034,1.61332,1.2824,-1.4945,0,0.00379115,3.71728,5.97991,0,0
744,dip,24.0432,12.9229,10.8306,0.036316,1.61597,1.27676,-1.49514,0,0.00379115,3.71728,5.97991,0,0
745,dip,10.8692,0,10.7152,0.01056,1.61641,1.27048,-1.49646,0,0.00379115,3.71728,5.97991,0,0
746,dip,22.032,11.5359,10.2352,0.031507,1.61531,1.26388,-1.49823,0,0.00379115,3.71728,5.97991,0,0
747,dip,10.199,0,10.0003,0.013288,1.6139,1.25658,-1.50055,0,0.00379115,3.71728,5.97991,0,0
748,dip,22.945,12.1591,10.4974,0.031765,1.61231,1.24895,-1.5032,0,0.00379115,3.71728,5.97991,0,0
749,dip,10.5103,0,10.3576,0.011578,1.61142,1.24119,-1.50528,0,0.00379115,3.71728,5.97991,0,0
750,dip,21.39,10.8029,10.373,0.016706,1.61107,1.23347,-1.50693,0,0.00379115,3.71728,5.97991,0,0
751,dip,10.088,0,9.94564,0.011803,1.6105,1.22585,-1.50765,0,0.00379115,3.71728,5.97991,0,0
752,dip,21.2216,10.782,10.1863,0.0224,1.60981,1.21835,-1.50772,0,0.00379115,3.71728,5.97991,0,0
753,dip,10.1369,0,10.0014,0.011636,1.60991,1.21148,-1.50764,0,0.00379115,3.71728,5.97991,0,0
754,dip,21.3846,11.048,10.0867,0.066938,1.61059,1.20516,-1.50748,0,0.00379115,3.71728,5.97991,0,0
755,dip,10.2762,0,10.092,0.048971,1.60992,1.19984,-1.50667,0,0.00379115,3.71728,5.97991,0,0
756,dip,21.5395,11.1098,10.1474,0.065329,1.60825,1.19524,-1.50544,0,0.00379115,3.71728,5.97991,0,0
757,dip,10.3342,0,10.1661,0.050091,1.6061,1.19176,-1.50432,0,0.00379115,3.71728,5.97991,0,0
758,dip,21.3876,10.9828,10.1743,0.056935,1.60365,1.18905,-1.50331,0,0.00379115,3.71728,5.97991,0,0
759,dip,10.2791,0,10.1176,0.049877,1.60179,1.18698,-1.50217,0,0.00379115,3.71728,5.97991,0,0
760,dip,21.6626,11.1818,10.2175,0.064182,1.60036,1.18532,-1.50098,0,0.00379115,3.71728,5.97991,0,0
761,dip,10.3891,0,10.2038,0.049392,1.5999,1.18424,-1.50037,0,0.00379115,3.71728,5.97991,0,0
762,dip,22.0646,11.3511,10.4673,0.067378,1.60012,1.1835,-1.50018,0,0.00379115,3.71728,5.97991,0,0
763,dip,10.3154,0,10.1451,0.050681,1.60131,1.18285,-1.50099,0,0.00379115,3.71728,5.97991,0,0
764,dip,21.7629,11.3379,10.192,0.065545,1.60317,1.18229,-1.50249,0,0.00379115,3.71728,5.97991,0,0
765,dip,10.3862,0,10.2172,0.050376,1.60504,1.18181,-1.50525,0,0.00379115,3.71728,5.97991,0,0
766,dip,21.6048,11.2577,10.1124,0.061056,1.60688,1.1814,-1.50885,0,0.00379115,3.71728,5.97991,0,0
767,dip,10.4258,0,10.2524,0.050842,1.60806,1.18155,-1.51226,0,0.00379115,3.71728,5.97991,0,0
768,dip,21.6323,11.3162,10.0787,0.061009,1.60875,1.18209,-1.51548,0,0.00379115,3.71728,5.97991,0,0
769,dip,10.3592,0,10.1888,0.05007,1.60883,1.18293,-1.51749,0,0.00379115,3.71728,5.97991,0,0
770,dip,21.7854,11.4345,10.1244,0.06194,1.60847,1.18415,-1.51861,0,0.00379115,3.71728,5.97991,0,0
771,dip,10.2876,0,10.1205,0.050148,1.60743,1.18484,-1.51794,0,0.00379115,3.71728,5.97991,0,0
772,dip,21.485,11.161,10.1091,0.051758,1.60592,1.18516,-1.51604,0,0.00379115,3.71728,5.97991,0,0
773,dip,10.4592,0,10.2831,0.050891,1.60451,1.18433,-1.51415,0,0.00379115,3.71728,5.97991,0,0
774,dip,21.7889,11.3573,10.1603,0.071607,1.6032,1.18272,-1.51231,0,0.00379115,3.71728,5.97991,0,0
775,dip,10.4096,0,10.2324,0.049909,1.60248,1.18076,-1.51109,0,0.00379115,3.71728,5.97991,0,0
776,dip,21.7736,11.4009,10.1499,0.05833,1.60219,1.17857,-1.51032,0,0.00379115,3.71728,5.97991,0,0
777,dip,10.5922,0,10.4214,0.050121,1.60129,1.17694,-1.50951,0,0.00379115,3.71728,5.97991,0,0
778,dip,22.787,12.2727,10.2963,0.056582,1.59998,1.17575,-1.50867,0,0.00379115,3.71728,5.97991,0,0
779,dip,10.7257,0,10.5503,0.050321,1.59858,1.17492,-1.50813,0,0.00379115,3.71728,5.97991,0,0
780,dip,21.7906,11.2374,10.3319,0.052123,1.59714,1.17438,-1.50781,0,0.00379115,3.71728,5.97991,0,0
781,dip,10.9701,0,10.7294,0.051089,1.59583,1.17415,-1.50757,0,0.00379115,3.71728,5.97991,0,0
782,dip,21.8518,11.3177,10.3101,0.057375,1.59464,1.17416,-1.5074,0,0.00379115,3.71728,5.97991,0,0
783,dip,10.6171,0,10.4419,0.05017,1.59401,1.17409,-1.50691,0,0.00379115,3.71728,5.97991,0,0
784,dip,21.9059,11.3204,10.357,0.051997,1.59378,1.17399,-1.50619,0,0.00379115,3.71728,5.97991,0,0
785,dip,10.6769,0,10.5029,0.049744,1.59396,1.17366,-1.50562,0,0.00379115,3.71728,5.97991,0,0
786,dip,21.8058,11.2361,10.3862,0.014869,1.59444,1.17319,-1.50517,0,0.00379115,3.71728,5.97991,0,0
787,dip,10.6579,0,10.5202,0.012982,1.59492,1.17265,-1.50477,0,0.00379115,3.71728,5.97991,0,0
788,dip,21.9152,11.3308,10.38,0.026256,1.59538,1.17208,-1.50443,0,0.00379115,3.71728,5.97991,0,0
789,dip,10.6907,0,10.5349,0.013029,1.59568,1.17168,-1.50403,0,0.00379115,3.71728,5.97991,0,0
790,dip,22.0864,11.3469,10.5586,0.015118,1.59585,1.17142,-1.5036,0,0.00379115,3.71728,5.97991,0,0
791,dip,11.146,0,10.9782,0.013243,1.5959,1.17134,-1.50324,0,0.00379115,3.71728,5.97991,0,0
792,dip,22.5157,11.8285,10.4618,0.034518,1.59586,1.17139,-1.50294,0,0.00379115,3.71728,5.97991,0,0
793,dip,11.6345,0,11.4484,0.013191,1.59575,1.17141,-1.5028,0,0.00379115,3.71728,5.97991,0,0
794,dip,24.1619,12.4387,11.4875,0.029345,1.59561,1.17141,-1.50279,0,0.00379115,3.71728,5.97991,0,0
795,dip,10.9895,0,10.8279,0.013034,1.59563,1.17139,-1.50275,0,0.00379115,3.71728,5.97991,0,0
796,dip,22.439,11.4836,10.7685,0.014632,1.59577,1.17136,-1.50269,0,0.00379115,3.71728,5.97991,0,0
797,dip,11.0904,0,10.943,0.012033,1.59604,1.17124,-1.5025,0,0.00379115,3.71728,5.97991,0,0
798,dip,21.9211,11.351,10.3805,0.015113,1.59641,1.17107,-1.50224,0,0.00379115,3.71728,5.97991,0,0
799,dip,11.1826,0,11.0309,0.012082,1.59677,1.17077,-1.50184,0,0.00379115,3.71728,5.97991,0,0
800,dip,22.9211,12.2238,10.4486,0.029771,1.59713,1.17038,-1.50136,0,0.00379115,3.71728,5.97991,0,0
801,dip,11.0921,0,10.8961,0.012032,1.59742,1.16993,-1.50085,0,0.00379115,3.71728,5.97991,0,0
802,dip,25.983,13.0575,12.6398,0.041199,1.59763,1.16945,-1.50031,0,0.00379115,3.71728,5.97991,0,0
803,dip,12.0766,0,11.9077,0.012599,1.59785,1.16902,-1.49965,0,0.00379115,3.71728,5.97991,0,0
804,dip,28.4599,13.2875,14.7987,0.071273,1.59807,1.16864,-1.49891,0,0.00379115,3.71728,5.97991,0,0
805,dip,13.0469,0,12.8212,0.013584,1.59814,1.16831,-1.49823,0,0.00379115,3.71728,5.97991,0,0
806,dip,23.4384,12.2805,10.8761,0.033361,1.59812,1.16803,-1.4976,0,0.00379115,3.71728,5.97991,0,0
807,dip,10.9098,0,10.7188,0.012129,1.59809,1.16789,-1.49711,0,0.00379115,3.71728,5.97991,0,0
808,dip,23.0592,11.881,10.9525,0.025628,1.59807,1.16786,-1.49672,0,0.00379115,3.71728,5.97991,0,0
809,dip,11.4932,0,11.3246,0.012408,1.59809,1.16793,-1.49644,0,0.00379115,3.71728,5.97991,0,0
810,dip,23.317,12.1606,10.859,0.024446,1.59815,1.16808,-1.49622,0,0.00379115,3.71728,5.97991,0,0
811,dip,11.2094,0,10.8277,0.014054,1.59827,1.16824,-1.49607,0,0.00379115,3.71728,5.97991,0,0
812,dip,22.9448,11.7627,10.7535,0.024703,1.59845,1.16841,-1.49596,0,0.00379115,3.71728,5.97991,0,0
813,dip,10.5212,0,10.3567,0.012238,1.59864,1.16853,-1.49599,0,0.00379115,3.71728,5.97991,0,0
814,dip,22.133,11.4937,10.3912,0.022456,1.59885,1.16861,-1.4961,0,0.00379115,3.71728,5.97991,0,0
815,dip,10.3786,0,10.2172,0.011645,1.59895,1.16864,-1.49624,0,0.00379115,3.71728,5.97991,0,0
816,dip,22.0158,11.4696,10.3207,0.017194,1.59899,1.16864,-1.4964,0,0.00379115,3.71728,5.97991,0,0
817,dip,10.4236,0,10.2643,0.011795,1.59894,1.16859,-1.49652,0,0.00379115,3.71728,5.97991,0,0
818,dip,22.1217,11.4644,10.4326,0.01654,1.59882,1.16851,-1.49661,0,0.00379115,3.71728,5.97991,0,0
819,dip,10.4263,0,10.2672,0.01185,1.59868,1.16837,-1.49663,0,0.00379115,3.71728,5.97991,0,0
820,dip,22.0326,11.5196,10.2308,0.042579,1.59854,1.16819,-1.49659,0,0.00379115,3.71728,5.97991,0,0
821,dip,10.5621,0,10.3516,0.01204,1.59845,1.16794,-1.49653,0,0.00379115,3.71728,5.97991,0,0
822,dip,22.145,11.5008,10.3855,0.022683,1.59838,1.16764,-1.49646,0,0.00379115,3.71728,5.97991,0,0
823,dip,10.3334,0,10.1658,0.012167,1.59836,1.16724,-1.49652,0,0.00379115,3.71728,5.97991,0,0
824,dip,21.9797,11.4511,10.2966,0.020613,1.59838,1.16678,-1.49668,0,0.00379115,3.71728,5.97991,0,0
825,dip,10.2197,0,10.0629,0.011813,1.59842,1.16631,-1.49698,0,0.00379115,3.71728,5.97991,0,0
826,dip,23.2646,12.936,10.0915,0.037201,1.59848,1.16583,-1.49737,0,0.00379115,3.71728,5.97991,0,0
827,dip,10.6537,0,10.4725,0.012125,1.59853,1.16544,-1.49773,0,0.00379115,3.71728,5.97991,0,0
828,dip,23.6305,12.723,10.6489,0.028071,1.59857,1.16512,-1.49807,0,0.00379115,3.71728,5.97991,0,0
829,dip,10.7573,0,10.5809,0.011791,1.59861,1.16497,-1.4983,0,0.00379115,3.71728,5.97991,0,0
830,dip,22.7383,12.1801,10.3137,0.019947,1.59865,1.16495,-1.49845,0,0.00379115,3.71728,5.97991,0,0
831,dip,10.2425,0,10.0846,0.011759,1.59862,1.165,-1.49858,0,0.00379115,3.71728,5.97991,0,0
832,dip,22.6839,12.3252,10.1395,0.022586,1.59853,1.16512,-1.49871,0,0.00379115,3.71728,5.97991,0,0
833,dip,10.4098,0,10.2696,0.011608,1.59831,1.16532,-1.49877,0,0.00379115,3.71728,5.97991,0,0
834,dip,22.6959,12.3429,10.148,0.025667,1.598,1.16556,-1.49877,0,0.00379115,3.71728,5.97991,0,0
835,dip,10.8192,0,10.6756,0.012979,1.59774,1.16593,-1.49865,0,0.00379115,3.71728,5.97991,0,0
836,dip,22.0455,11.4428,10.3961,0.018179,1.5975,1.16638,-1.49846,0,0.00379115,3.71728,5.97991,0,0
837,dip,10.4951,0,10.3515,0.011805,1.59759,1.16683,-1.49835,0,0.00379115,3.71728,5.97991,0,0
838,dip,21.973,11.4118,10.3564,0.027254,1.59789,1.16728,-1.49829,0,0.00379115,3.71728,5.97991,0,0
839,dip,10.4052,0,10.2548,0.019695,1.59834,1.16761,-1.49834,0,0.00379115,3.71728,5.97991,0,0
840,dip,21.9633,11.5164,10.1841,0.034065,1.59888,1.16785,-1.49845,0,0.00379115,3.71728,5.97991,0,0
841,dip,10.42,0,10.2517,0.012273,1.59938,1.16787,-1.49857,0,0.00379115,3.71728,5.97991,0,0
842,dip,21.9744,11.497,10.2819,0.025093,1.59984,1.16775,-1.4987,0,0.00379115,3.71728,5.97991,0,0
843,dip,10.8632,0,10.6781,0.012003,1.60022,1.16755,-1.49873,0,0.00379115,3.71728,5.97991,0,0
844,dip,21.8768,11.4507,10.2261,0.02419,1.60052,1.16731,-1.4987,0,0.00379115,3.71728,5.97991,0,0
845,dip,10.6282,0,10.4648,0.011676,1.60074,1.16699,-1.49866,0,0.00379115,3.71728,5.97991,0,0
846,dip,21.8949,11.4616,10.2305,0.023635,1.60088,1.16662,-1.4986,0,0.00379115,3.71728,5.97991,0,0
847,dip,10.4283,0,10.2852,0.011869,1.60095,1.16622,-1.49853,0,0.00379115,3.71728,5.97991,0,0
848,dip,22.1886,11.7405,10.2212,0.023638,1.60096,1.16581,-1.49844,0,0.00379115,3.71728,5.97991,0,0
849,dip,10.5106,0,10.3661,0.01207,1.60097,1.16545,-1.49841,0,0.00379115,3.71728,5.97991,0,0
850,dip,21.7832,11.3384,10.2478,0.019883,1.60099,1.16513,-1.49843,0,0.00379115,3.71728,5.97991,0,0
851,dip,10.9645,0,10.7846,0.01222,1.60109,1.16493,-1.49845,0,0.00379115,3.71728,5.97991,0,0
852,dip,21.9997,11.4035,10.3809,0.032287,1.60126,1.16481,-1.49848,0,0.00379115,3.71728,5.97991,0,0
853,dip,10.5487,0,10.4046,0.011946,1.60128,1.16486,-1.49841,0,0.00379115,3.71728,5.97991,0,0
854,dip,22.2338,11.7863,10.2217,0.026853,1.60118,1.16503,-1.49829,0,0.00379115,3.71728,5.97991,0,0
855,dip,10.6084,0,10.4636,0.011686,1.60108,1.16519,-1.49815,0,0.00379115,3.71728,5.97991,0,0
856,dip,21.8471,11.4018,10.2606,0.015225,1.60097,1.16534,-1.498,0,0.00379115,3.71728,5.97991,0,0
857,dip,10.7041,0,10.54,0.012727,1.60099,1.16547,-1.49791,0,0.00379115,3.71728,5.97991,0,0
858,dip,21.9597,11.3897,10.3679,0.021897,1.6011,1.16559,-1.49786,0,0.00379115,3.71728,5.97991,0,0
859,dip,10.6275,0,10.4808,0.012199,1.60125,1.16565,-1.49792,0,0.00379115,3.71728,5.97991,0,0
860,dip,22.1051,11.5534,10.2846,0.043217,1.60145,1.16568,-1.49807,0,0.00379115,3.71728,5.97991,0,0
861,dip,11.9725,0,11.8003,0.011805,1.60152,1.16554,-1.49832,0,0.00379115,3.71728,5.97991,0,0
862,dip,23.1535,12.4285,10.4555,0.032142,1.60151,1.16528,-1.49863,0,0.00379115,3.71728,5.97991,0,0
863,dip,10.6832,0,10.5328,0.01188,1.60139,1.16499,-1.49883,0,0.00379115,3.71728,5.97991,0,0
864,dip,22.5167,11.8178,10.4792,0.027562,1.60119,1.1647,-1.49895,0,0.00379115,3.71728,5.97991,0,0
865,dip,10.6498,0,10.5222,0.012057,1.60095,1.16445,-1.499,0,0.00379115,3.71728,5.97991,0,0
866,dip,22.386,11.9311,10.2664,0.026743,1.60068,1.16422,-1.49898,1,0.00379115,3.71728,5.97991,0,0
867,dip,10.4171,0,10.293,0.011667,1.60042,1.16405,-1.499,1,0.00379115,3.71728,5.97991,0,0
868,dip,21.7699,11.3827,10.197,0.014965,1.60017,1.16392,-1.49906,1,0.00379115,3.71728,5.97991,0,0
869,dip,11.0253,0,10.892,0.01185,1.60012,1.16395,-1.49916,1,0.00379115,3.71728,5.97991,0,0
870,dip,22.2261,11.7902,10.2543,0.023317,1.60021,1.16408,-1.49929,1,0.00379115,3.71728,5.97991,0,0
871,dip,10.486,0,10.3595,0.011658,1.60037,1.16416,-1.49939,1,0.00379115,3.71728,5.97991,0,0
872,dip,22.0807,11.7478,10.1497,0.024629,1.60056,1.16421,-1.49948,1,0.00379115,3.71728,5.97991,0,0
873,dip,10.5165,0,10.3565,0.011722,1.60068,1.1642,-1.49947,1,0.00379115,3.71728,5.97991,0,0
874,dip,22.1706,11.6251,10.3631,0.02302,1.60075,1.16416,-1.4994,1,0.00379115,3.71728,5.97991,0,0
875,dip,10.8482,0,10.7075,0.012194,1.6007,1.16401,-1.4993,1,0.00379115,3.71728,5.97991,0,0
876,dip,22.4138,11.8685,10.2868,0.041229,1.60059,1.16378,-1.49917,1,0.00379115,3.71728,5.97991,0,0
877,dip,10.7383,0,10.5732,0.011895,1.60045,1.16349,-1.49907,1,0.00379115,3.71728,5.97991,0,0
878,dip,22.4061,12.0151,10.181,0.02497,1.60028,1.16316,-1.499,1,0.00379115,3.71728,5.97991,0,0
879,dip,10.5298,0,10.3864,0.011931,1.60018,1.16286,-1.49892,1,0.00379115,3.71728,5.97991,0,0
880,dip,22.365,11.9532,10.2058,0.02809,1.60012,1.16257,-1.49883,2,0.00379115,3.71728,5.97991,0,0
881,dip,10.4176,0,10.2447,0.012349,1.60019,1.16231,-1.49876,2,0.00379115,3.71728,5.97991,0,0
882,dip,22.8929,11.9411,10.6405,0.057154,1.60035,1.16206,-1.4987,2,0.00379115,3.71728,5.97991,0,0
883,dip,11.8128,0,11.5151,0.022629,1.60051,1.16192,-1.49865,2,0.00379115,3.71728,5.97991,0,0
884,dip,23.5544,11.847,11.4282,0.034503,1.60066,1.16185,-1.49863,2,0.00379115,3.71728,5.97991,0,0
885,dip,10.6722,0,10.4724,0.01327,1.60064,1.16181,-1.49856,2,0.00379115,3.71728,5.97991,0,0
886,dip,22.6236,11.9181,10.4637,0.039463,1.60051,1.1618,-1.49847,2,0.00379115,3.71728,5.97991,0,0
887,dip,10.3535,0,10.1557,0.012479,1.6003,1.16174,-1.49833,2,0.00379115,3.71728,5.97991,0,0
888,dip,21.892,11.5681,10.0589,0.021553,1.60004,1.16164,-1.49816,2,0.00379115,3.71728,5.97991,0,0
889,dip,10.7528,0,10.3932,0.012647,1.59991,1.16148,-1.49792,2,0.00379115,3.71728,5.97991,0,0
890,dip,22.9875,12.2291,10.5146,0.03294,1.59987,1.16126,-1.49764,2,0.00379115,3.71728,5.97991,0,0
891,dip,14.6265,0,14.343,0.023431,1.59994,1.16098,-1.49733,2,0.00379115,3.71728,5.97991,0,0
892,dip,28.071,12.587,15.2307,0.031648,1.60007,1.16065,-1.497,2,0.00379115,3.71728,5.97991,0,0
893,dip,11.2521,0,11.1034,0.010224,1.60018,1.16038,-1.49679,2,0.00379115,3.71728,5.97991,0,0
894,dip,24.398,13.369,10.77,0.031511,1.60029,1.16018,-1.49667,2,0.00379115,3.71728,5.97991,0,0
895,dip,10.8192,0,10.5914,0.023647,1.60036,1.16009,-1.49672,2,0.00379115,3.71728,5.97991,0,0
896,dip,24.0397,12.6103,11.1765,0.035628,1.60041,1.16008,-1.4969,2,0.00379115,3.71728,5.97991,0,0
897,dip,11.5482,0,11.3888,0.011854,1.60045,1.1603,-1.49704,2,0.00379115,3.71728,5.97991,0,0
898,dip,23.9986,11.9736,11.7721,0.030865,1.60048,1.16066,-1.49714,2,0.00379115,3.71728,5.97991,0,0
899,dip,10.7492,0,10.537,0.01461,1.60028,1.16106,-1.49726,2,0.00379115,3.71728,5.97991,0,0
900,dip,26.3568,15.0828,10.9585,0.047091,1.59993,1.16149,-1.49739,2,0.00379115,3.71728,5.97991,0,0
901,dip,11.906,0,11.7373,0.012377,1.59953,1.16173,-1.49759,2,0.00379115,3.71728,5.97991,0,0
902,dip,22.9899,11.6206,11.1612,0.019255,1.59912,1.16184,-1.49783,3,0.00379115,3.71728,5.97991,0,0
903,dip,11.0182,0,10.8542,0.011971,1.59886,1.16191,-1.49808,3,0.00379115,3.71728,5.97991,0,0
904,dip,21.5331,11.1855,10.1516,0.015541,1.59872,1.16194,-1.49832,3,0.00379115,3.71728,5.97991,0,0
905,dip,10.1592,0,10.0207,0.011907,1.59866,1.16185,-1.49862,3,0.00379115,3.71728,5.97991,0,0
906,dip,22.3833,11.3545,10.7948,0.016801,1.59865,1.16169,-1.49894,3,0.00379115,3.71728,5.97991,0,0
907,dip,10.2588,0,10.0741,0.011871,1.5985,1.16144,-1.49923,3,0.00379115,3.71728,5.97991,0,0
908,dip,29.6488,13.0462,16.2507,0.036064,1.59826,1.16112,-1.49951,3,0.00379115,3.71728,5.97991,0,0
909,dip,10.7763,0,10.6155,0.012041,1.59797,1.16067,-1.49977,3,0.00379115,3.71728,5.97991,0,0
910,dip,22.2659,11.5414,10.5039,0.021742,1.59766,1.16014,-1.50003,3,0.00379115,3.71728,5.97991,0,0
911,dip,10.7266,0,10.5811,0.011936,1.59742,1.15967,-1.50031,3,0.00379115,3.71728,5.97991,0,0
912,dip,22.2092,11.5885,10.4093,0.028687,1.59723,1.15925,-1.50061,3,0.00379115,3.71728,5.97991,0,0
913,dip,10.8921,0,10.7424,0.012342,1.59722,1.15891,-1.5007,3,0.00379115,3.71728,5.97991,0,0
914,dip,22.2739,11.4014,10.6336,0.029546,1.59733,1.15863,-1.50065,3,0.00379115,3.71728,5.97991,0,0
915,upright,10.7908,0,10.6459,0.013192,1.59758,1.15829,-1.50047,3,0.00379115,3.71728,5.97991,0,0
916,upright,21.8646,11.5305,10.1106,0.027417,1.59793,1.15803,-1.50037,3,0.00379115,3.71728,5.97991,0,0
917,upright,10.2313,0,10.0967,0.011871,1.59792,1.15586,-1.50017,3,0.00379115,3.71728,5.97991,0,0
918,upright,21.9935,11.1751,10.5301,0.025662,1.59765,1.15511,-1.49993,4,0.00379115,3.71728,5.97991,0,0
919,upright,11.3483,0,10.8275,0.013251,1.59633,1.16292,-1.50503,4,0.00379115,3.71728,5.97991,0,0
920,upright,22.1284,11.0322,10.6875,0.020293,1.59489,1.1924,-1.52444,4,0.00379115,3.71728,5.97991,0,0
921,upright,10.9838,0,10.7396,0.01204,1.59367,1.21762,-1.54626,4,0.00379115,3.71728,5.97991,0,0
922,upright,22.2292,11.3519,10.5747,0.027809,1.59246,1.24172,-1.56881,5,0.00379115,3.71728,5.97991,0,0
923,upright,10.558,0,10.3484,0.012303,1.59209,1.26344,-1.59016,5,0.00379115,3.71728,5.97991,0,0
924,upright,22.3082,11.1634,10.8235,0.0213,1.59222,1.28306,-1.61018,5,0.00379115,3.71728,5.97991,0,0
925,upright,10.5697,0,10.377,0.012025,1.59262,1.2959,-1.6266,5,0.00379115,3.71728,5.97991,0,0
926,upright,24.2035,13.3345,10.4753,0.148454,1.59338,1.3086,-1.64154,5,0.00379115,3.71728,5.97991,0,0
927,upright,11.0044,0,10.7701,0.012224,1.59414,1.3178,-1.65431,5,0.00379115,3.71728,5.97991,0,0
928,upright,23.8207,12.8233,10.7477,0.025757,1.59494,1.32696,-1.66643,5,0.00379115,3.71728,5.97991,0,0
929,upright,10.9236,0,10.7481,0.012232,1.59566,1.33458,-1.67582,5,0.00379115,3.71728,5.97991,0,0
930,upright,23.3598,12.2694,10.871,0.01685,1.59628,1.34257,-1.68379,5,0.00379115,3.71728,5.97991,0,0
931,upright,10.6466,0,10.3752,0.107065,1.59689,1.34884,-1.69285,5,0.00379115,3.71728,5.97991,0,0
932,upright,23.3183,13.0335,10.0305,0.030489,1.59784,1.35277,-1.69782,5,0.00379115,3.71728,5.97991,0,0
933,upright,10.7557,0,10.5777,0.012217,1.59849,1.35777,-1.70509,5,0.00379115,3.71728,5.97991,0,0
934,upright,23.235,12.6178,10.3754,0.028694,1.59913,1.36033,-1.70942,5,0.00379115,3.71728,5.97991,0,0
935,upright,10.5529,0,10.3772,0.012044,1.59979,1.36299,-1.71409,5,0.00379115,3.71728,5.97991,0,0
936,upright,23.1326,12.3977,10.4756,0.021652,1.60057,1.36496,-1.71705,5,0.00379115,3.71728,5.97991,0,0
937,upright,10.6966,0,10.5392,0.01195,1.60081,1.36552,-1.71888,5,0.00379115,3.71728,5.97991,0,0
938,upright,22.0871,12.0881,9.79739,0.022315,1.60073,1.36479,-1.71812,5,0.00379115,3.71728,5.97991,0,0
939,upright,10.4555,0,10.3028,0.012968,1.60026,1.3623,-1.71729,5,0.00379115,3.71728,5.97991,0,0
940,upright,23.8282,13.5097,10.0749,0.027856,1.59954,1.35793,-1.71398,5,0.00379115,3.71728,5.97991,0,0
941,upright,11.2044,0,10.6938,0.013039,1.59892,1.35038,-1.7093,5,0.00379115,3.71728,5.97991,0,0
942,upright,24.8951,14.0638,10.5148,0.047108,1.59841,1.34191,-1.70289,5,0.00379115,3.71728,5.97991,0,0
943,upright,11.7218,0,11.5182,0.013059,1.59768,1.33208,-1.69612,5,0.00379115,3.71728,5.97991,0,0
944,upright,26.1241,14.6551,11.1972,0.030734,1.59682,1.3227,-1.68843,5,0.00379115,3.71728,5.97991,0,0
945,upright,11.1438,0,10.9283,0.012918,1.59516,1.31412,-1.68098,5,0.00379115,3.71728,5.97991,0,0
946,upright,25.7551,14.6187,10.8843,0.029534,1.59298,1.30743,-1.67275,5,0.00379115,3.71728,5.97991,0,0
947,upright,10.5401,0,10.3111,0.021779,1.59015,1.29902,-1.66599,5,0.00379115,3.71728,5.97991,0,0
948,upright,27.8683,16.3214,11.2544,0.030492,1.58694,1.29302,-1.65871,5,0.00379115,3.71728,5.97991,0,0
949,upright,10.7131,0,10.5057,0.012451,1.58446,1.28518,-1.65211,5,0.00379115,3.71728,5.97991,0,0
950,upright,30.8705,19.1963,11.2116,0.033231,1.58241,1.27812,-1.64537,5,0.00379115,3.71728,5.97991,0,0
951,upright,11.0259,0,10.8088,0.013622,1.58124,1.27048,-1.63852,5,0.00379115,3.71728,5.97991,0,0
952,upright,28.5573,16.5079,11.7384,0.033065,1.58071,1.26389,-1.63127,5,0.00379115,3.71728,5.97991,0,0
953,upright,11.8454,0,11.652,0.01262,1.58108,1.25911,-1.62399,5,0.00379115,3.71728,5.97991,0,0
954,upright,28.3017,17.4583,10.5533,0.071406,1.5821,1.25685,-1.61646,5,0.00379115,3.71728,5.97991,0,0
955,upright,11.5433,0,11.3018,0.053855,1.58262,1.25185,-1.60968,5,0.00379115,3.71728,5.97991,0,0
956,upright,28.052,16.8841,10.806,0.082507,1.58287,1.2475,-1.60297,5,0.00379115,3.71728,5.97991,0,0
957,upright,11.7986,0,11.5525,0.069458,1.58349,1.24115,-1.59711,5,0.00379115,3.71728,5.97991,0,0
958,upright,27.2501,16.3655,10.5163,0.090936,1.58439,1.2354,-1.59162,5,0.00379115,3.71728,5.97991,0,0
959,upright,10.5887,0,10.3759,0.049264,1.58551,1.2279,-1.58721,5,0.00379115,3.71728,5.97991,0,0
960,upright,25.684,15.0182,10.4061,0.053956,1.58679,1.2211,-1.58337,5,0.00379115,3.71728,5.97991,0,0
961,upright,10.0566,0,9.85733,0.052891,1.58904,1.21215,-1.57655,5,0.00379115,3.71728,5.97991,0,0
962,upright,25.0991,14.8993,9.88918,0.093669,1.59166,1.20369,-1.56751,5,0.00379115,3.71728,5.97991,0,0
963,upright,9.91667,0,9.69181,0.084748,1.59404,1.19416,-1.56026,5,0.00379115,3.71728,5.97991,0,0
964,upright,25.5652,15.0227,10.2064,0.098865,1.59624,1.18604,-1.55415,5,0.00379115,3.71728,5.97991,0,0
965,upright,10.2608,0,10.0299,0.079471,1.59866,1.17598,-1.55002,5,0.00379115,3.71728,5.97991,0,0
966,upright,25.0533,14.7794,9.98519,0.086771,1.60123,1.16822,-1.547,5,0.00379115,3.71728,5.97991,0,0
967,upright,9.91612,0,9.64064,0.099378,1.60298,1.15999,-1.54733,5,0.00379115,3.71728,5.97991,0,0
968,upright,25.3076,14.8744,10.1413,0.083726,1.60414,1.15472,-1.54981,5,0.00379115,3.71728,5.97991,0,0
969,upright,9.91087,0,9.68611,0.079021,1.60802,1.14938,-1.54971,5,0.00379115,3.71728,5.97991,0,0
970,upright,25.1435,14.6973,10.1723,0.082872,1.61384,1.14752,-1.54759,5,0.00379115,3.71728,5.97991,0,0
971,upright,10.352,0,10.0793,0.110793,1.61785,1.14184,-1.54401,5,0.00379115,3.71728,5.97991,0,0
972,upright,23.2811,12.2037,10.8066,0.086802,1.62058,1.13932,-1.53915,5,0.00379115,3.71728,5.97991,0,0
973,upright,9.87768,0,9.65789,0.080232,1.61947,1.13509,-1.53404,5,0.00379115,3.71728,5.97991,0,0
974,upright,21.036,10.7602,9.99941,0.085653,1.61563,1.13375,-1.52864,5,0.00379115,3.71728,5.97991,0,0
975,upright,10.3641,0,10.1413,0.079512,1.60924,1.12849,-1.5247,5,0.00379115,3.71728,5.97991,0,0
976,upright,20.9105,10.8059,9.83419,0.082185,1.60122,1.12557,-1.52163,5,0.00379115,3.71728,5.97991,0,0
977,upright,10.1296,0,9.87186,0.079903,1.59481,1.12025,-1.51966,5,0.00379115,3.71728,5.97991,0,0
978,upright,21.0523,10.813,9.96247,0.084792,1.58968,1.1167,-1.51835,5,0.00379115,3.71728,5.97991,0,0
979,upright,9.85998,0,9.64878,0.079737,1.5864,1.11167,-1.51779,5,0.00379115,3.71728,5.97991,0,0
980,upright,21.2539,10.9365,10.0303,0.08525,1.5845,1.10883,-1.51766,5,0.00379115,3.71728,5.97991,0,0
981,upright,9.77649,0,9.56618,0.080296,1.58384,1.10426,-1.51808,5,0.00379115,3.71728,5.97991,0,0
982,upright,21.5084,11.1489,10.0699,0.088915,1.58409,1.10201,-1.51879,5,0.00379115,3.71728,5.97991,0,0
983,upright,9.35064,0,9.13135,0.080685,1.5855,1.09912,-1.51814,5,0.00379115,3.71728,5.97991,0,0
984,upright,21.2546,11.1538,9.80309,0.084601,1.58774,1.09939,-1.51647,5,0.00379115,3.71728,5.97991,0,0
985,upright,10.4576,0,10.1848,0.111587,1.58931,1.0992,-1.51062,5,0.00379115,3.71728,5.97991,0,0
986,upright,22.123,11.5897,10.2223,0.094967,1.59045,1.10297,-1.50185,5,0.00379115,3.71728,5.97991,0,0
987,upright,9.30346,0,9.09446,0.081086,1.59145,1.10448,-1.49598,5,0.00379115,3.71728,5.97991,0,0
988,upright,20.7945,11.3527,9.14579,0.097445,1.59243,1.10925,-1.49219,5,0.00379115,3.71728,5.97991,0,0
989,upright,9.33295,0,9.11148,0.082529,1.59369,1.10972,-1.49097,5,0.00379115,3.71728,5.97991,0,0
990,upright,20.801,11.4144,9.08774,0.099614,1.59522,1.11157,-1.49155,5,0.00379115,3.71728,5.97991,0,0
991,upright,9.47006,0,9.25846,0.083073,1.59634,1.11014,-1.49261,5,0.00379115,3.71728,5.97991,0,0
992,upright,20.2871,10.9201,9.08794,0.09665,1.5972,1.10938,-1.49398,5,0.00379115,3.71728,5.97991,0,0
993,upright,9.88561,0,9.67084,0.082571,1.59743,1.10679,-1.49441,5,0.00379115,3.71728,5.97991,0,0
994,upright,20.4264,10.9873,9.2013,0.066632,1.59725,1.10527,-1.49417,5,0.00379115,3.71728,5.97991,0,0
995,upright,9.575,0,9.40128,0.050648,1.597,1.10263,-1.49372,5,0.00379115,3.71728,5.97991,0,0
996,upright,20.4782,11.0749,9.16541,0.057958,1.59675,1.10186,-1.49312,5,0.00379115,3.71728,5.97991,0,0
997,upright,9.93143,0,9.74754,0.049428,1.59638,1.09985,-1.4929,5,0.00379115,3.71728,5.97991,0,0
998,upright,20.5408,11.2468,9.0635,0.053196,1.59598,1.10028,-1.49296,5,0.00379115,3.71728,5.97991,0,0
999,upright,9.50719,0,9.2905,0.070289,1.59562,1.09892,-1.49397,5,0.00379115,3.71728,5.97991,0,0
1000,upright,21.8117,12.0024,9.5723,0.051995,1.59535,1.10006,-1.49564,5,0.00379115,3.71728,5.97991,0,0
1001,upright,9.39803,0,9.18255,0.049591,1.59526,1.09892,-1.49737,5,0.00379115,3.71728,5.97991,0,0
1002,upright,21.5536,12.3225,9.03405,0.016323,1.59534,1.10001,-1.49912,5,0.00379115,3.71728,5.97991,0,0
1003,upright,9.36706,0,9.19119,0.012548,1.59491,1.09891,-1.49975,5,0.00379115,3.71728,5.97991,0,0
1004,upright,21.212,11.8483,9.1617,0.018733,1.59417,1.1,-1.49955,5,0.00379115,3.71728,5.97991,0,0
1005,lift,9.16539,0,9.03155,0.01175,1.59326,1.11784,-1.49889,5,0.00379115,3.71728,5.97991,0,0
1006,lift,20.6792,11.1777,9.3022,0.016901,1.59229,1.15701,-1.49784,5,0.00379115,3.71728,5.97991,0,0
1007,lift,9.12453,0,8.98803,0.02171,1.59135,1.19376,-1.49722,5,0.00379115,3.71728,5.97991,0,0
1008,lift,20.5887,11.2033,9.18953,0.01799,1.59079,1.25067,-1.49708,5,0.00379115,3.71728,5.97991,0,0
1009,lift,9.19844,0,9.07027,0.012919,1.59067,1.3053,-1.49757,5,0.00379115,3.71728,5.97991,0,0
1010,lift,20.502,11.0632,9.24364,0.016495,1.59125,1.37925,-1.49872,5,0.00379115,3.71728,5.97991,0,0
1011,lift,9.12412,0,8.99637,0.013076,1.59158,1.4506,-1.50015,5,0.00379115,3.71728,5.97991,0,0
1012,lift,20.6589,11.3831,9.09221,0.021837,1.59202,1.54025,-1.50191,5,0.00379115,3.71728,5.97991,0,0
1013,lift,9.31133,0,9.1767,0.013342,1.59247,1.6281,-1.50336,5,0.00379115,3.71728,5.97991,0,0
1014,lift,20.3009,11.1182,8.99522,0.021634,1.59326,1.73412,-1.50464,5,0.00379115,3.71728,5.97991,0,0
1015,lift,9.30595,0,9.17023,0.013354,1.594,1.83772,-1.5056,5,0.00379115,3.71728,5.97991,0,0
1016,lift,22.8418,12.1068,10.4626,0.030862,1.59503,1.95876,-1.50636,5,0.00379115,3.71728,5.97991,0,0
1017,lift,9.44972,0,9.31051,0.013388,1.59571,2.07709,-1.50679,5,0.00379115,3.71728,5.97991,0,0
1018,lift,20.3631,10.9911,9.19743,0.015607,1.59651,2.20485,-1.50716,5,0.00379115,3.71728,5.97991,0,0
1019,lift,8.7683,0,8.56662,0.019237,1.59696,2.32603,-1.50723,5,0.00379115,3.71728,5.97991,0,0
1020,lift,19.0866,10.8382,8.06115,0.022864,1.59748,2.4508,-1.50725,5,0.00379115,3.71728,5.97991,0,0
1021,lift,8.26508,0,8.1308,0.013014,1.59777,2.56944,-1.50704,5,0.00379115,3.71728,5.97991,0,0
1022,lift,17.9097,10.808,6.91561,0.017953,1.59806,2.68741,-1.50679,5,0.00379115,3.71728,5.97991,0,0
1023,lift,6.86952,0,6.74552,0.013139,1.59825,2.80008,-1.50644,5,0.00379115,3.71728,5.97991,0,0
1024,lift,18.014,10.8556,6.96565,0.017744,1.59844,2.9093,-1.50607,5,0.00379115,3.71728,5.97991,0,0
1025,lift,6.24565,0,6.1277,0.012946,1.59861,3.01364,-1.50569,5,0.00379115,3.71728,5.97991,0,0
1026,lift,16.2422,10.6455,5.39627,0.0497,1.59877,3.11269,-1.50532,5,0.00379115,3.71728,5.97991,0,0
1027,lift,5.83902,0,5.59002,0.048517,1.59891,3.206,-1.50496,5,0.00379115,3.71728,5.97991,0,0
1028,lift,17.7568,11.714,5.83678,0.049632,1.59903,3.29337,-1.50461,5,0.00379115,3.71728,5.97991,0,0
1029,lift,5.01202,0,4.86823,0.047621,1.59914,3.37477,-1.50426,5,0.00379115,3.71728,5.97991,0,0
1030,lift,13.3726,11.1977,1.93171,0.09106,1.59923,3.45033,-1.50394,5,0.00379115,3.71728,5.97991,0,0
1031,lift,1.85452,0,1.64109,0.078101,1.59931,3.52021,-1.50362,5,0.00379115,3.71728,5.97991,0,0
1032,lift,12.1533,10.5368,1.35872,0.07763,1.59939,3.58468,-1.50333,5,0.00379115,3.71728,5.97991,0,0
1033,lift,1.48131,0,1.12215,0.077451,1.59945,3.64401,-1.50305,5,0.00379115,3.71728,5.97991,0,0
1034,lift,12.1668,10.8185,1.09057,0.088327,1.59951,3.69851,-1.5028,5,0.00379115,3.71728,5.97991,0,0
1035,lift,1.35875,0,1.13042,0.087497,1.59956,3.74848,-1.50256,5,0.00379115,3.71728,5.97991,0,0
1036,lift,11.7848,10.3586,1.15656,0.10738,1.5996,3.79423,-1.50234,5,0.00379115,3.71728,5.97991,0,0
1037,lift,1.32758,0,1.10609,0.11188,1.59964,3.83608,-1.50213,5,0.00379115,3.71728,5.97991,0,0
1038,lift,11.7605,10.4074,1.08404,0.107785,1.59968,3.8743,-1.50195,5,0.00379115,3.71728,5.97991,0,0
1039,lift,1.33243,0,1.09008,0.106639,1.59971,3.9092,-1.50178,5,0.00379115,3.71728,5.97991,0,0
1040,lift,13.0149,11.5867,1.08924,0.136251,1.59974,3.94103,-1.50162,5,0.00379115,3.71728,5.97991,0,0
1041,lift,1.4387,0,1.20937,0.102921,1.59976,3.97003,-1.50147,5,0.00379115,3.71728,5.97991,0,0
1042,lift,12.8907,11.2699,1.19439,0.150103,1.59978,3.99646,-1.50134,5,0.00379115,3.71728,5.97991,0,0
1043,lift,1.49939,0,1.17455,0.156639,1.5998,4.02052,-1.50122,5,0.00379115,3.71728,5.97991,0,0
1044,lift,13.3126,11.6675,1.29221,0.148812,1.59982,4.04241,-1.50111,5,0.00379115,3.71728,5.97991,0,0
1045,lift,1.4205,0,1.13644,0.142165,1.59984,4.06233,-1.50101,5,0.00379115,3.71728,5.97991,0,0
1046,lift,12.3465,10.8877,1.18695,0.135596,1.59985,4.08045,-1.50092,5,0.00379115,3.71728,5.97991,0,0
1047,lift,1.30501,0,1.09024,0.131163,1.59987,4.09692,-1.50083,5,0.00379115,3.71728,5.97991,0,0
1048,lift,12.2428,10.8754,1.08789,0.140955,1.59988,4.1119,-1.50076,5,0.00379115,3.71728,5.97991,0,0
1049,lift,1.44893,0,1.22116,0.131016,1.59989,4.1255,-1.50069,5,0.00379115,3.71728,5.97991,0,0
1050,lift,11.8189,10.4391,1.06883,0.176568,1.5999,4.13787,-1.50062,5,0.00379115,3.71728,5.97991,0,0
1051,lift,1.38413,0,1.16613,0.13243,1.59991,4.1491,-1.50057,5,0.00379115,3.71728,5.97991,0,0
1052,lift,11.7772,10.4388,1.07448,0.131692,1.59992,4.15931,-1.50052,5,0.00379115,3.71728,5.97991,0,0
1053,lift,1.28123,0,1.0698,0.130436,1.59993,4.16858,-1.50047,5,0.00379115,3.71728,5.97991,0,0
1054,lift,11.8869,10.5509,1.06131,0.137577,1.59993,4.17699,-1.50043,5,0.00379115,3.71728,5.97991,0,0
1055,lift,1.35161,0,1.09785,0.128714,1.59994,4.18464,-1.50039,5,0.00379115,3.71728,5.97991,0,0
1056,lift,12.9102,11.4879,1.13158,0.143511,1.59995,4.19158,-1.50035,5,0.00379115,3.71728,5.97991,0,0
1057,lift,1.46969,0,1.23646,0.13003,1.59995,4.19788,-1.50032,5,0.00379115,3.71728,5.97991,0,0
1058,lift,11.9298,10.5292,1.10344,0.143415,1.59996,4.2036,-1.50029,5,0.00379115,3.71728,5.97991,0,0
1059,lift,1.34082,0,1.10789,0.125473,1.59996,4.20879,-1.50026,5,0.00379115,3.71728,5.97991,0,0
1060,lift,11.8516,10.4912,1.04778,0.157198,1.59996,4.21351,-1.50024,5,0.00379115,3.71728,5.97991,0,0
1061,lift,1.44355,0,1.1634,0.139435,1.59997,4.21779,-1.50022,5,0.00379115,3.71728,5.97991,0,0
1062,lift,14.1877,12.5274,1.16821,0.275247,1.59997,4.22168,-1.5002,5,0.00379115,3.71728,5.97991,0,0
1063,lift,1.96812,0,1.69104,0.144702,1.59997,4.2252,-1.50018,5,0.00379115,3.71728,5.97991,0,0
1064,lift,15.3349,12.9359,2.0057,0.150246,1.59998,4.2284,-1.50016,5,0.00379115,3.71728,5.97991,0,0
1065,lift,1.45972,0,1.16977,0.152841,1.59998,4.23131,-1.50015,5,0.00379115,3.71728,5.97991,0,0
1066,lift,12.8604,11.2645,1.20964,0.154792,1.59998,4.23395,-1.50013,5,0.00379115,3.71728,5.97991,0,0
1067,lift,1.98785,0,1.6617,0.177665,1.59998,4.23634,-1.50091,5,0.00379115,3.71728,5.97991,0,0
1068,lift,12.8496,11.25,1.25659,0.152987,1.59998,4.23852,-1.50145,5,0.00379115,3.71728,5.97991,0,0
1069,lift,1.39471,0,1.12297,0.148769,1.59998,4.24049,-1.50206,5,0.00379115,3.71728,5.97991,0,0
1070,lift,12.7804,11.1964,1.18656,0.191683,1.59999,4.24228,-1.50245,5,0.00379115,3.71728,5.97991,0,0
1071,lift,1.54527,0,1.28501,0.127746,1.59999,4.2439,-1.50292,5,0.00379115,3.71728,5.97991,0,0
1072,lift,13.2544,11.7902,1.15474,0.14202,1.59999,4.24538,-1.5032,5,0.00379115,3.71728,5.97991,0,0
1073,lift,1.48691,0,1.2307,0.127483,1.59999,4.24671,-1.50394,5,0.00379115,3.71728,5.97991,0,0
1074,lift,13.7904,12.2494,1.17468,0.196923,1.59999,4.24793,-1.5044,5,0.00379115,3.71728,5.97991,0,0
1075,lift,1.28654,0,1.06909,0.123285,1.59999,4.24903,-1.50494,5,0.00379115,3.71728,5.97991,0,0
1076,lift,13.1688,11.804,1.05664,0.15325,1.59999,4.25003,-1.50523,5,0.00379115,3.71728,5.97991,0,0
1077,lift,1.4835,0,1.20382,0.147531,1.59999,4.25094,-1.50561,5,0.00379115,3.71728,5.97991,0,0
1078,lift,13.3957,11.9139,1.15257,0.148467,1.59999,4.25176,-1.50578,5,0.00379115,3.71728,5.97991,0,0
1079,lift,1.31503,0,1.09656,0.123415,1.60041,4.25251,-1.50627,5,0.00379115,3.71728,5.97991,0,0
1080,lift,13.024,11.626,1.08926,0.147925,1.60069,4.25319,-1.5065,5,0.00379115,3.71728,5.97991,0,0
1081,lift,1.51711,0,1.2593,0.126301,1.60101,4.2538,-1.50678,5,0.00379115,3.71728,5.97991,0,0
1082,lift,14.2703,12.6637,1.15652,0.244567,1.60122,4.25436,-1.50685,5,0.00379115,3.71728,5.97991,0,0
1083,lift,2.27179,0,1.98731,0.16644,1.60146,4.25487,-1.50698,5,0.00379115,3.71728,5.97991,0,0
1084,lift,12.7381,11.4013,1.08051,0.126852,1.6016,4.25533,-1.50693,5,0.00379115,3.71728,5.97991,0,0
1085,lift,1.32971,0,1.11885,0.1234,1.60178,4.25574,-1.50692,5,0.00379115,3.71728,5.97991,0,0
1086,lift,13.2483,11.8661,1.07163,0.141482,1.60187,4.25612,-1.50679,5,0.00379115,3.71728,5.97991,0,0
1087,lift,1.29721,0,1.08118,0.122657,1.602,4.25647,-1.50668,5,0.00379115,3.71728,5.97991,0,0
1088,lift,11.9016,10.5974,1.06669,0.106921,1.60205,4.25678,-1.50648,5,0.00379115,3.71728,5.97991,0,0
1089,lift,1.24649,0,1.06409,0.100659,1.60273,4.2378,-1.50806,5,0.00379115,3.71728,5.97991,0,0
1090,lift,12.1272,10.7503,1.06734,0.154083,1.60316,4.22462,-1.50904,5,0.00379115,3.71728,5.97991,0,0
1091,lift,1.4152,0,1.13275,0.134155,1.60337,4.209,-1.50951,5,0.00379115,3.71728,5.97991,0,0
1092,lift,11.9549,10.6509,1.06082,0.106712,1.60346,4.19879,-1.50966,5,0.00379115,3.71728,5.97991,0,0
1093,lift,1.24922,0,1.06102,0.101438,1.60335,4.18614,-1.50943,5,0.00379115,3.71728,5.97991,0,0
1094,lift,11.7755,10.4365,1.09664,0.102506,1.60321,4.1785,-1.50908,5,0.00379115,3.71728,5.97991,0,0
1095,lift,1.24659,0,1.06499,0.100749,1.60368,4.16833,-1.50843,5,0.00379115,3.71728,5.97991,0,0
1096,lift,12.2297,10.8465,1.1252,0.11625,1.60394,4.16282,-1.50781,5,0.00379115,3.71728,5.97991,0,0
1097,lift,1.36994,0,1.10927,0.121096,1.60387,4.1548,-1.50761,5,0.00379115,3.71728,5.97991,0,0
1098,lift,12.0092,10.6696,1.10272,0.104638,1.60374,4.15109,-1.50732,5,0.00379115,3.71728,5.97991,0,0
1099,lift,1.26636,0,1.08336,0.101628,1.60378,4.14496,-1.50668,5,0.00379115,3.71728,5.97991,0,0
1100,lift,11.9397,10.6131,1.08104,0.110165,1.60373,4.14281,-1.50609,5,0.00379115,3.71728,5.97991,0,0
1101,lift,1.34956,0,1.11081,0.116917,1.60341,4.13831,-1.50526,5,0.00379115,3.71728,5.97991,0,0
1102,lift,12.0347,10.6591,1.13914,0.102759,1.60312,4.13744,-1.50456,5,0.00379115,3.71728,5.97991,0,0
1103,lift,1.36759,0,1.09666,0.176323,1.60295,4.13414,-1.50404,5,0.00379115,3.71728,5.97991,0,0
1104,lift,11.9947,10.6708,1.08202,0.106728,1.60276,4.13421,-1.50359,5,0.00379115,3.71728,5.97991,0,0
1105,lift,1.27961,0,1.08814,0.100955,1.60268,4.13193,-1.50307,5,0.00379115,3.71728,5.97991,0,0
1106,lift,12.053,10.7059,1.10405,0.10415,1.60257,4.13278,-1.50264,5,0.00379115,3.71728,5.97991,0,0
1107,lift,1.25659,0,1.0713,0.100798,1.60224,4.13137,-1.50199,5,0.00379115,3.71728,5.97991,0,0
1108,lift,11.8511,10.5432,1.06821,0.106037,1.60196,4.13287,-1.50149,5,0.00379115,3.71728,5.97991,0,0
1109,lift,1.29726,0,1.11035,0.102243,1.60154,4.13211,-1.50084,5,0.00379115,3.71728,5.97991,0,0
1110,lift,12.9609,11.3033,1.35661,0.116267,1.6012,4.13405,-1.50035,5,0.00379115,3.71728,5.97991,0,0
1111,lift,1.38738,0,1.17593,0.099896,1.60102,4.13372,-1.49974,5,0.00379115,3.71728,5.97991,0,0
1112,lift,12.1368,10.7591,1.13486,0.104695,1.60088,4.13594,-1.4993,5,0.00379115,3.71728,5.97991,0,0
1113,lift,1.44616,0,1.21342,0.119307,1.60072,4.13584,-1.49926,5,0.00379115,3.71728,5.97991,0,0
1114,lift,11.9835,10.5557,1.19783,0.103152,1.6006,4.13818,-1.49925,5,0.00379115,3.71728,5.97991,0,0
1115,lift,1.385,0,1.17603,0.11424,1.6006,4.13834,-1.49902,5,0.00379115,3.71728,5.97991,0,0
1116,lift,12.2569,10.8068,1.17033,0.114684,1.60058,4.14081,-1.49888,5,0.00379115,3.71728,5.97991,0,0
1117,lift,1.2404,0,1.05809,0.100009,1.6004,4.14115,-1.49857,5,0.00379115,3.71728,5.97991,0,0
1118,lift,11.7979,10.517,1.05111,0.104484,1.60026,4.1437,-1.49838,5,0.00379115,3.71728,5.97991,0,0
1119,lift,1.24318,0,1.06626,0.09935,1.60001,4.14412,-1.49807,5,0.00379115,3.71728,5.97991,0,0
1120,lift,12.3311,10.9583,1.0611,0.137021,1.59982,4.14667,-1.49788,5,0.00379115,3.71728,5.97991,0,0
1121,lift,1.27476,0,1.06482,0.100103,1.5998,4.14699,-1.49791,5,0.00379115,3.71728,5.97991,0,0
1122,lift,11.8748,10.557,1.08968,0.100963,1.59979,4.14942,-1.49797,5,0.00379115,3.71728,5.97991,0,0
1123,lift,1.27088,0,1.07017,0.099959,1.59979,4.14972,-1.498,5,0.00379115,3.71728,5.97991,0,0
1124,lift,11.7643,10.4266,1.1099,0.101654,1.59979,4.15207,-1.49806,5,0.00379115,3.71728,5.97991,0,0
1125,lift,1.30397,0,1.128,0.099421,1.5999,4.15232,-1.49796,5,0.00379115,3.71728,5.97991,0,0
1126,lift,12.1921,10.8346,1.10845,0.115612,1.59998,4.15459,-1.49792,5,0.00379115,3.71728,5.97991,0,0
1127,lift,1.33125,0,1.14271,0.098819,1.59991,4.15472,-1.49811,5,0.00379115,3.71728,5.97991,0,0
1128,lift,11.7425,10.3946,1.08485,0.101522,1.59985,4.15686,-1.49829,5,0.00379115,3.71728,5.97991,0,0
1129,lift,1.22829,0,1.05137,0.09998,1.59992,4.15692,-1.49827,5,0.00379115,3.71728,5.97991,0,0
1130,lift,11.9793,10.6655,1.07295,0.111057,1.59996,4.15896,-1.49829,5,0.00379115,3.71728,5.97991,0,0
1131,lift,1.36942,0,1.15445,0.099353,1.59987,4.15889,-1.49852,5,0.00379115,3.71728,5.97991,0,0
1132,lift,11.8686,10.5431,1.08831,0.109038,1.5998,4.1608,-1.49872,5,0.00379115,3.71728,5.97991,0,0
1133,lift,1.27145,0,1.04591,0.133459,1.59984,4.16064,-1.49871,5,0.00379115,3.71728,5.97991,0,0
1134,lift,12.0692,10.7636,1.06167,0.107987,1.59987,4.16245,-1.49874,5,0.00379115,3.71728,5.97991,0,0
1135,lift,1.32412,0,1.13012,0.100458,1.59992,4.16214,-1.49898,5,0.00379115,3.71728,5.97991,0,0
1136,lift,12.7869,11.4043,1.11787,0.105004,1.59996,4.16381,-1.49918,5,0.00379115,3.71728,5.97991,0,0
1137,lift,1.32681,0,1.11879,0.100778,1.6001,4.16343,-1.49917,5,0.00379115,3.71728,5.97991,0,0
1138,lift,12.6119,11.2758,1.10092,0.1031,1.60021,4.16503,-1.49919,5,0.00379115,3.71728,5.97991,0,0
1139,lift,1.26845,0,1.08454,0.100364,1.60015,4.16453,-1.49941,5,0.00379115,3.71728,5.97991,0,0
1140,lift,12.7558,11.4171,1.06704,0.111193,1.60011,4.16603,-1.49958,5,0.00379115,3.71728,5.97991,0,0
1141,lift,1.27073,0,1.07753,0.100738,1.60019,4.16547,-1.49956,5,0.00379115,3.71728,5.97991,0,0
1142,lift,12.7011,11.2715,1.19238,0.102403,1.60024,4.1669,-1.49954,5,0.00379115,3.71728,5.97991,0,0
1143,lift,1.2609,0,1.078,0.100258,1.60015,4.16624,-1.49975,5,0.00379115,3.71728,5.97991,0,0
1144,lift,12.7653,11.383,1.13713,0.107744,1.60008,4.16758,-1.4999,5,0.00379115,3.71728,5.97991,0,0
1145,lift,1.32882,0,1.1315,0.105477,1.60011,4.16687,-1.49986,5,0.00379115,3.71728,5.97991,0,0
1146,lift,12.6839,11.343,1.10279,0.104266,1.60014,4.16816,-1.49983,5,0.00379115,3.71728,5.97991,0,0
1147,lift,1.29372,0,1.10169,0.108861,1.60018,4.16732,-1.50015,5,0.00379115,3.71728,5.97991,0,0
1148,lift,13.17,11.8031,1.07726,0.126513,1.6002,4.16851,-1.50037,5,0.00379115,3.71728,5.97991,0,0
1149,lift,1.42803,0,1.22198,0.109003,1.60034,4.16766,-1.50037,5,0.00379115,3.71728,5.97991,0,0
1150,lift,12.7271,11.4004,1.08612,0.106164,1.60043,4.16884,-1.50036,5,0.00379115,3.71728,5.97991,0,0
1151,lift,1.2968,0,1.11013,0.100291,1.60037,4.16791,-1.50068,5,0.00379115,3.71728,5.97991,0,0
1152,lift,12.6012,11.2434,1.12566,0.101251,1.60031,4.16903,-1.50089,5,0.00379115,3.71728,5.97991,0,0
1153,lift,1.39221,0,1.15833,0.11215,1.60042,4.16809,-1.50087,5,0.00379115,3.71728,5.97991,0,0
1154,lift,12.5755,11.1222,1.1841,0.106951,1.60049,4.1692,-1.50083,5,0.00379115,3.71728,5.97991,0,0
1155,lift,1.28587,0,1.09648,0.100625,1.60041,4.16828,-1.50064,5,0.00379115,3.71728,5.97991,0,0
1156,lift,11.767,10.4547,1.07919,0.102361,1.60035,4.1694,-1.50049,5,0.00379115,3.71728,5.97991,0,0
1157,lift,1.32092,0,1.11146,0.109784,1.60017,4.16839,-1.50067,5,0.00379115,3.71728,5.97991,0,0
1158,lift,11.7119,10.3934,1.0842,0.10279,1.60004,4.16945,-1.50078,5,0.00379115,3.71728,5.97991,0,0
1159,lift,1.31275,0,1.0953,0.113384,1.60007,4.16843,-1.50069,5,0.00379115,3.71728,5.97991,0,0
1160,lift,12.0902,10.6204,1.18561,0.108493,1.60009,4.16948,-1.50062,5,0.00379115,3.71728,5.97991,0,0
1161,lift,1.29489,0,1.1049,0.101718,1.60011,4.16842,-1.5007,5,0.00379115,3.71728,5.97991,0,0
1162,lift,12.473,11.1008,1.12287,0.113862,1.60012,4.16944,-1.50075,5,0.00379115,3.71728,5.97991,0,0
1163,lift,1.29633,0,1.10237,0.107042,1.60026,4.16835,-1.50081,5,0.00379115,3.71728,5.97991,0,0
1164,lift,12.8926,11.5425,1.09523,0.11513,1.60036,4.16935,-1.50084,5,0.00379115,3.71728,5.97991,0,0
1165,lift,1.32264,0,1.1246,0.100823,1.6003,4.16832,-1.50069,5,0.00379115,3.71728,5.97991,0,0
1166,lift,12.5813,11.2597,1.08803,0.102049,1.60025,4.16936,-1.50057,5,0.00379115,3.71728,5.97991,0,0
1167,lift,1.2738,0,1.08557,0.100822,1.60008,4.1683,-1.50058,5,0.00379115,3.71728,5.97991,0,0
1168,lift,12.8409,11.4792,1.09551,0.113858,1.59995,4.16933,-1.50057,5,0.00379115,3.71728,5.97991,0,0
1169,lift,1.31697,0,1.09392,0.099956,1.59999,4.16827,-1.50039,5,0.00379115,3.71728,5.97991,0,0
1170,lift,11.9113,10.5327,1.14347,0.103469,1.60001,4.16929,-1.50026,5,0.00379115,3.71728,5.97991,0,0
1171,lift,1.26104,0,1.07661,0.10127,1.60005,4.16819,-1.50026,5,0.00379115,3.71728,5.97991,0,0
1172,lift,11.7878,10.4932,1.06383,0.101015,1.60008,4.16918,-1.50026,5,0.00379115,3.71728,5.97991,0,0
1173,lift,1.25527,0,1.07409,0.100193,1.59997,4.1681,-1.50033,5,0.00379115,3.71728,5.97991,0,0
1174,lift,12.0578,10.7196,1.08628,0.113449,1.59989,4.1691,-1.50038,5,0.00379115,3.71728,5.97991,0,0
1175,lift,1.36139,0,1.12992,0.124491,1.59994,4.16803,-1.50025,5,0.00379115,3.71728,5.97991,0,0
1176,lift,11.9499,10.5349,1.17749,0.104645,1.59997,4.16905,-1.50014,5,0.00379115,3.71728,5.97991,0,0
1177,lift,1.28183,0,1.09959,0.100455,1.60008,4.16795,-1.50014,5,0.00379115,3.71728,5.97991,0,0
1178,lift,12.3992,11.0592,1.09499,0.110272,1.60015,4.16894,-1.50013,5,0.00379115,3.71728,5.97991,0,0
1179,lift,1.40728,0,1.15736,0.100282,1.60007,4.16786,-1.5002,5,0.00379115,3.71728,5.97991,0,0
1180,lift,11.9401,10.5691,1.1341,0.101571,1.60001,4.16887,-1.50026,5,0.00379115,3.71728,5.97991,0,0
1181,lift,1.31082,0,1.1279,0.100566,1.60009,4.1678,-1.50013,5,0.00379115,3.71728,5.97991,0,0
1182,lift,11.9454,10.6139,1.08454,0.111282,1.60014,4.16883,-1.50003,5,0.00379115,3.71728,5.97991,0,0
1183,lift,1.29435,0,1.10477,0.100455,1.60005,4.16776,-1.50003,5,0.00379115,3.71728,5.97991,0,0
1184,lift,12.0314,10.6273,1.15827,0.105525,1.59998,4.16879,-1.50003,5,0.00379115,3.71728,5.97991,0,0
1185,carry,1.39649,0,1.1883,0.101628,1.6001,4.16292,-1.48074,5,0.00379115,3.71728,5.97991,0,0
1186,carry,11.844,10.4849,1.12035,0.107191,1.60022,4.15533,-1.44203,5,0.00379115,3.71728,5.97991,0,0
1187,carry,1.48072,0,1.22822,0.134574,1.60022,4.14286,-1.39883,5,0.00379115,3.71728,5.97991,0,0
1188,carry,12.1142,10.6693,1.16713,0.12313,1.60022,4.12915,-1.33625,5,0.00379115,3.71728,5.97991,0,0
1189,carry,1.43768,0,1.18925,0.111605,1.60135,4.11189,-1.27065,5,0.00379115,3.71728,5.97991,0,0
1190,carry,12.3305,10.9196,1.12367,0.124598,1.60242,4.09388,-1.18572,5,0.00379115,3.71728,5.97991,0,0
1191,carry,1.41464,0,1.18172,0.102123,1.60316,4.07341,-1.09894,5,0.00379115,3.71728,5.97991,0,0
1192,carry,13.75,12.2646,1.18212,0.124302,1.60384,4.0527,-0.992874,5,0.00379115,3.71728,5.97991,0,0
1193,carry,1.56526,0,1.31253,0.111172,1.60394,4.02872,-0.885801,5,0.00379115,3.71728,5.97991,0,0
1194,carry,14.1759,12.4409,1.44421,0.116063,1.60402,4.00521,-0.759548,5,0.00379115,3.71728,5.97991,0,0
1195,carry,1.36172,0,1.17051,0.10164,1.60543,3.97937,-0.632996,5,0.00379115,3.71728,5.97991,0,0
1196,carry,13.2258,11.7534,1.16578,0.142101,1.60672,3.95481,-0.487416,5,0.00379115,3.71728,5.97991,0,0
1197,carry,1.3473,0,1.13463,0.121493,1.60689,3.92876,-0.341437,5,0.00379115,3.71728,5.97991,0,0
1198,carry,13.6094,12.2042,1.15734,0.11233,1.60701,3.90496,-0.176661,5,0.00379115,3.71728,5.97991,0,0
1199,carry,1.33071,0,1.13526,0.101947,1.60879,3.88003,-0.0122952,5,0.00379115,3.71728,5.97991,0,0
1200,carry,13.4825,12.1505,1.11826,0.077576,1.61033,3.85859,0.170493,5,0.00379115,3.71728,5.97991,0,0
1201,carry,1.31036,0,1.14171,0.075386,1.6103,3.83691,0.353269,5,0.00379115,3.71728,5.97991,0,0
1202,carry,13.7899,12.3692,1.17576,0.092271,1.61019,3.82038,0.553821,5,0.00379115,3.71728,5.97991,0,0
1203,carry,1.68527,0,1.50133,0.07463,1.61099,3.80382,0.753236,5,0.00379115,3.71728,5.97991,0,0
1204,carry,13.9107,12.1221,1.55643,0.079037,1.61151,3.79485,0.969143,5,0.00379115,3.71728,5.97991,0,0
1205,carry,2.082,0,1.89763,0.07535,1.61147,3.7872,1.18356,5,0.00379115,3.71728,5.97991,0,0
1206,carry,19.0978,16.4218,2.37446,0.117892,1.61121,3.79089,1.41142,5,0.00379115,3.71728,5.97991,0,0
1207,carry,3.01935,0,2.81769,0.072945,1.60957,3.79546,1.63377,5,0.00379115,3.71728,5.97991,0,0
1208,carry,15.4381,12.286,2.72304,0.160857,1.60821,3.80777,1.85858,5,0.00379115,3.71728,5.97991,0,0
1209,carry,4.45571,0,4.1322,0.078623,1.60822,3.81816,2.07457,5,0.00379115,3.71728,5.97991,0,0
1210,carry,15.7604,11.6035,3.79616,0.097753,1.60806,3.83419,2.28624,5,0.00379115,3.71728,5.97991,0,0
1211,carry,2.93741,0,2.63867,0.07551,1.60753,3.8482,2.49037,5,0.00379115,3.71728,5.97991,0,0
1212,carry,14.3404,11.2178,2.20152,0.12803,1.59137,3.90075,2.62078,5,0.00379115,3.71728,5.97991,0,0
1213,carry,2.32478,0,1.95152,0.14531,1.58271,3.92625,2.75434,5,0.00379115,3.71728,5.97991,0,0
1214,carry,13.1019,11.0222,1.70364,0.127483,1.57684,3.95101,2.89373,5,0.00379115,3.71728,5.97991,0,0
1215,carry,2.02931,0,1.66594,0.141255,1.57308,3.97476,3.03458,5,0.00379115,3.71728,5.97991,0,0
1216,carry,13.1563,11.2661,1.52541,0.123169,1.57091,3.99732,3.17373,5,0.00379115,3.71728,5.97991,0,0
1217,carry,2.47877,0,2.11976,0.106162,1.56992,4.0186,3.30897,5,0.00379115,3.71728,5.97991,0,0
1218,carry,13.0964,11.1186,1.39164,0.152652,1.56979,4.03854,3.43878,5,0.00379115,3.71728,5.97991,0,0
1219,carry,1.88904,0,1.38286,0.152651,1.57023,4.0555,3.56201,5,0.00379115,3.71728,5.97991,0,0
1220,carry,13.1281,11.203,1.35701,0.144428,1.57112,4.07164,3.6783,5,0.00379115,3.71728,5.97991,0,0
1221,carry,1.81242,0,1.32337,0.12321,1.57226,4.08529,3.78721,5,0.00379115,3.71728,5.97991,0,0
1222,carry,13.7255,11.8547,1.24915,0.159227,1.57361,4.09846,3.88884,5,0.00379115,3.71728,5.97991,0,0
1223,carry,1.75975,0,1.35647,0.116467,1.57904,4.1036,4.01665,5,0.00379115,3.71728,5.97991,0,0
1224,carry,12.7284,11.0876,1.15378,0.125123,1.58334,4.11032,4.12737,5,0.00368584,3.71755,5.9795,0.0679516,0
1225,carry,1.6605,0,1.21228,0.131811,1.58815,4.1133,4.23869,5,0.00357826,3.71756,5.97907,0.0679516,0
1226,carry,13.422,11.6469,1.2306,0.126891,1.59183,4.11829,4.33327,5,0.00349586,3.71748,5.97862,0.0679552,0
1227,carry,1.69444,0,1.24099,0.106608,1.59551,4.12145,4.42821,5,0.00341199,3.71748,5.97816,0.0679552,0
1228,carry,12.9863,11.2984,1.12892,0.139652,1.59823,4.1264,4.50737,5,0.00318913,3.71795,5.97646,0.249132,0
1229,carry,1.73053,0,1.2229,0.110557,1.60065,4.12975,4.58691,5,0.00296358,3.71795,5.97468,0.249132,0
1230,carry,16.0801,13.9115,1.2212,0.157275,1.60237,4.13469,4.65195,5,0.0027275,3.71815,5.97225,0.361149,0
1231,carry,2.18236,0,1.17061,0.217793,1.60366,4.1381,4.71772,5,0.00249032,3.71814,5.96971,0.361149,0
1232,carry,14.8272,11.3105,2.08461,0.146626,1.60452,4.14291,4.77034,5,0.00231974,3.71809,5.96741,0.361531,0
1233,carry,1.98889,0,1.15534,0.135865,1.60495,4.14627,4.82375,5,0.0021501,3.71808,5.965,0.361531,0
1234,carry,13.62,11.4287,1.14586,0.207909,1.60516,4.15089,4.86545,5,0.00201672,3.71805,5.96287,0.361494,0
1235,carry,2.1128,0,1.30724,0.112124,1.60499,4.15404,4.90792,5,0.00188534,3.71803,5.96065,0.361494,0
1236,carry,12.5204,10.5291,1.17245,0.112871,1.60477,4.15835,4.94015,5,0.00176901,3.718,5.95872,0.362019,0
1237,carry,1.60003,0,1.16803,0.116201,1.60426,4.1612,4.97311,5,0.00165509,3.71799,5.95671,0.362019,0
1238,carry,12.0361,10.4119,1.14453,0.112721,1.60381,4.16516,4.99725,5,0.00154333,3.71799,5.955,0.361941,0
1239,carry,2.16931,0,1.23452,0.123588,1.60316,4.16759,5.02208,5,0.00143395,3.71798,5.95322,0.361941,0
1240,carry,13.11,11.0103,1.27552,0.116211,1.60262,4.17112,5.03944,5,0.00131867,3.71799,5.95173,0.361867,0
1241,carry,2.3387,0,1.17719,0.111489,1.60196,4.17306,5.05743,5,0.00120554,3.71798,5.95017,0.361867,0
1242,carry,14.0055,11.3704,1.16296,0.128871,1.60144,4.17613,5.06921,5,0.00108275,3.71799,5.94888,0.361794,0
1243,carry,1.71037,0,1.27804,0.110948,1.60085,4.17754,5.08156,5,0.00096175,3.71798,5.94755,0.361794,0
1244,carry,12.9363,11.1889,1.21825,0.11928,1.60041,4.18015,5.08883,5,0.00083014,3.71801,5.94645,0.361719,0
1245,carry,1.65274,0,1.19641,0.112191,1.59993,4.18104,5.09661,5,0.000699946,3.718,5.94532,0.361719,0
1246,carry,12.1398,10.4714,1.14735,0.112879,1.59959,4.1832,5.10031,5,0.000559835,3.71803,5.94441,0.361639,0
1247,carry,2.68674,0,1.94997,0.236997,1.59923,4.18358,5.10447,5,0.000420798,3.71802,5.94346,0.361638,0
1248,carry,12.4006,10.7258,1.1804,0.115221,1.59899,4.18534,5.10542,5,0.000273242,3.71805,5.94271,0.361552,0
1249,carry,1.5345,0,1.14066,0.108325,1.59875,4.18525,5.10678,5,0.000126472,3.71804,5.94193,0.361552,0
1250,carry,12.1983,10.5771,1.15498,0.112189,1.59861,4.18663,5.10568,5,-2.72686e-05,3.71808,5.94131,0.361458,0
1251,carry,2.30994,0,1.86527,0.111852,1.59847,4.18613,5.10493,5,-0.000180457,3.71807,5.94068,0.361458,0
1252,carry,12.347,10.7549,1.14074,0.119041,1.5984,4.1872,5.10236,5,-0.000339195,3.7181,5.94019,0.361356,0
1253,carry,1.60256,0,1.21064,0.109063,1.59834,4.18634,5.1001,5,-0.000497565,3.7181,5.93968,0.361355,0
1254,carry,12.2565,10.7005,1.11943,0.112071,1.59833,4.18715,5.09653,5,-0.000660412,3.71812,5.9393,0.361245,0
1255,carry,1.52784,0,1.13951,0.108413,1.59833,4.186,5.09323,5,-0.000823038,3.71812,5.9389,0.361245,0
1256,carry,12.2842,10.6712,1.12599,0.127202,1.59837,4.18661,5.08905,5,-0.000989642,3.71814,5.93864,0.361126,0
1257,carry,1.61659,0,1.22642,0.108017,1.59841,4.18523,5.085,5,-0.00115615,3.71814,5.93837,0.361126,0
1258,carry,12.358,10.7272,1.18284,0.117856,1.59847,4.1857,5.08044,5,-0.00132587,3.71816,5.93816,0.361222,0
1259,carry,1.652,0,1.16978,0.120998,1.59855,4.18415,5.07605,5,-0.00149559,3.71816,5.93795,0.361222,0
1260,carry,12.3412,10.7818,1.11789,0.115683,1.59863,4.18451,5.07142,5,-0.00166878,3.71817,5.93786,0.361356,0
1261,carry,1.52192,0,1.10888,0.129548,1.59873,4.18285,5.06676,5,-0.00184207,3.71817,5.93776,0.361355,0
1262,carry,12.3804,10.7651,1.17951,0.119685,1.59882,4.18317,5.06212,5,-0.00201838,3.71819,5.93768,0.361494,0
1263,carry,1.48585,0,1.12805,0.114279,1.59894,4.18143,5.05759,5,-0.00219488,3.71819,5.93759,0.361495,0
1264,carry,12.1125,10.5866,1.07582,0.114139,1.59904,4.1817,5.05322,5,-0.00237466,3.71821,5.93752,0.361639,0
1265,carry,1.42656,0,1.08594,0.109664,1.59916,4.17991,5.04904,5,-0.00255472,3.71821,5.93744,0.361639,0
1266,carry,12.1348,10.6041,1.1128,0.113844,1.59926,4.18018,5.04509,5,-0.00273831,3.71822,5.93737,0.361789,0
1267,carry,1.60831,0,1.20732,0.120891,1.59939,4.17836,5.04134,5,-0.00292227,3.71822,5.93731,0.361789,0
1268,carry,12.2094,10.6287,1.17839,0.11786,1.5995,4.17864,5.03784,5,-0.00310996,3.71823,5.93725,0.361943,0
1269,carry,1.49437,0,1.1001,0.111372,1.59963,4.17684,5.03453,5,-0.00329813,3.71823,5.93719,0.361943,0
1270,carry,15.282,13.5633,1.11271,0.198252,1.59974,4.17716,5.03149,5,-0.0034902,3.71824,5.93713,0.362101,0
1271,carry,2.23606,0,1.71969,0.162001,1.59988,4.1754,5.02861,5,-0.00368284,3.71824,5.93708,0.362101,0
1272,carry,14.2866,12.142,1.63206,0.134203,1.59999,4.17577,5.02599,5,-0.00387952,3.71824,5.93704,0.362261,0
1273,carry,1.54877,0,1.14729,0.109987,1.60014,4.17407,5.0235,5,-0.00407687,3.71824,5.93699,0.362261,0
1274,carry,13.7621,11.5986,1.55387,0.141238,1.60024,4.17452,5.02126,5,-0.00363957,3.71833,5.93695,0.362065,0
1275,carry,1.4732,0,1.11531,0.10794,1.59835,4.1726,5.01912,5,-0.00318392,3.71833,5.93692,0.362065,0
1276,carry,12.7876,11.1761,1.14914,0.13207,1.59702,4.17292,5.01721,5,-0.00240105,3.71838,5.93689,0.361758,0
1277,carry,1.62567,0,1.19194,0.109629,1.59313,4.17081,5.01536,5,-0.00159059,3.71838,5.93686,0.361758,0
1278,carry,12.688,10.9987,1.16805,0.139387,1.59047,4.17103,5.01373,5,-0.00136112,3.71828,5.93684,0.361116,0
1279,carry,1.61927,0,1.19381,0.12094,1.58772,4.1692,5.01215,5,-0.00112227,3.71828,5.93681,0.361116,0
1280,carry,12.5985,10.9935,1.13631,0.123385,1.58599,4.16966,5.01079,5,-0.000872925,3.71829,5.93679,0.361113,0
1281,carry,1.69738,0,1.28053,0.109834,1.58399,4.16802,5.00944,5,-0.00061416,3.71829,5.93677,0.361113,0
1282,carry,12.3148,10.7163,1.17461,0.110205,1.58286,4.16864,5.00829,5,-0.000393338,3.71828,5.93676,0.361165,0
1283,carry,1.73987,0,1.19994,0.179799,1.58151,4.16716,5.00714,5,-0.000164506,3.71828,5.93674,0.361165,0
1284,carry,12.5618,10.563,1.55935,0.116623,1.5809,4.1679,5.00618,5,9.85467e-05,3.71829,5.93673,0.361114,0
1285,carry,1.63017,0,1.24747,0.106992,1.57987,4.16651,5.0052,5,0.000370395,3.71829,5.93672,0.361114,0
1286,carry,12.1057,10.4873,1.19546,0.109778,1.57953,4.16733,5.0044,5,0.000555752,3.71828,5.93671,0.361114,0
1287,carry,1.51379,0,1.13705,0.105706,1.57902,4.16605,5.00357,5,0.000747052,3.71828,5.93671,0.361114,0
1288,carry,12.1012,10.4692,1.15048,0.136265,1.57907,4.16695,5.0029,5,0.000859238,3.71827,5.9367,0.361114,0
1289,carry,1.62298,0,1.24686,0.105416,1.57914,4.16578,5.0022,5,0.000974819,3.71827,5.9367,0.361114,0
1290,carry,12.263,10.5979,1.22237,0.111798,1.5796,4.16677,5.00166,5,0.00109095,3.71827,5.9367,0.361114,0
1291,carry,1.65507,0,1.28201,0.105684,1.57996,4.16565,5.00107,5,0.00121038,3.71827,5.9367,0.361114,0
1292,carry,11.9893,10.3464,1.22172,0.108073,1.5806,4.16668,5.00063,5,0.0013045,3.71827,5.9367,0.361114,0
1293,carry,1.62039,0,1.25105,0.105634,1.58118,4.1656,5.00013,5,0.00140108,3.71827,5.9367,0.361114,0
1294,carry,12.0668,10.3322,1.30541,0.114315,1.58195,4.16665,4.99977,5,0.00149965,3.71827,5.9367,0.361114,0
1295,carry,1.75141,0,1.30364,0.132439,1.58259,4.16559,4.99936,5,0.00160067,3.71828,5.93671,0.361114,0
1296,carry,12.1154,10.3486,1.29728,0.123491,1.58339,4.16666,4.99907,5,0.00158348,3.71826,5.93671,0.361114,0
1297,carry,1.68058,0,1.3016,0.106516,1.58441,4.16566,4.99872,5,0.00156512,3.71826,5.93672,0.361114,0
1298,carry,12.0816,10.3633,1.29448,0.112012,1.58545,4.16678,4.9985,5,0.00169584,3.71829,5.93672,0.361114,0
1299,carry,1.8186,0,1.37305,0.106622,1.58611,4.16572,4.99821,5,0.00182988,3.71829,5.93673,0.361114,0
1300,carry,12.3809,10.6147,1.33704,0.112867,1.58685,4.16679,4.99803,5,0.00181366,3.71826,5.93674,0.361114,0
1301,carry,1.69594,0,1.25865,0.106416,1.58778,4.16579,4.99779,5,0.00179617,3.71826,5.93675,0.361114,0
1302,carry,12.0877,10.3909,1.27201,0.112408,1.58868,4.1669,4.99766,5,0.00177595,3.71826,5.93676,0.361114,0
1303,carry,1.53996,0,1.16892,0.106971,1.5897,4.16592,4.99746,5,0.00175442,3.71826,5.93678,0.361114,0
1304,carry,12.5497,10.8043,1.31345,0.116825,1.59062,4.16704,4.99736,5,0.00173011,3.71826,5.93679,0.361114,0
1305,carry,1.4536,0,1.11625,0.106512,1.59162,4.16606,4.99719,5,0.00170444,3.71826,5.93681,0.361114,0
1306,carry,12.1077,10.5869,1.11592,0.108827,1.59249,4.16718,4.99712,5,0.00167607,3.71826,5.93682,0.361114,0
1307,carry,1.44009,0,1.10746,0.106643,1.59342,4.16619,4.99698,5,0.0016463,3.71827,5.93684,0.361114,0
1308,carry,11.9614,10.4897,1.09364,0.107251,1.59421,4.1673,4.99694,5,0.00161393,3.71827,5.93686,0.361114,0
1309,carry,1.48426,0,1.13314,0.109533,1.59505,4.16631,4.99682,5,0.00158013,3.71827,5.93688,0.361114,0
1310,carry,18.1193,16.363,1.14689,0.213825,1.59575,4.16742,4.9968,5,0.00164496,3.71828,5.9369,0.361114,0
1311,carry,2.44579,0,1.9938,0.138233,1.59616,4.16636,4.99669,5,0.00171134,3.71828,5.93692,0.361114,0
1312,carry,13.2903,11.6917,1.13937,0.126612,1.59653,4.16742,4.99668,5,0.00167763,3.71826,5.93694,0.361114,0
1313,carry,1.57878,0,1.14155,0.127553,1.59702,4.1664,4.9966,5,0.00164243,3.71826,5.93697,0.361114,0
1314,carry,12.3633,10.8478,1.12397,0.115212,1.59744,4.16748,4.9966,5,0.00160527,3.71826,5.93699,0.361114,0
1315,carry,1.47187,0,1.1079,0.113583,1.59795,4.16647,4.99653,5,0.00156661,3.71826,5.93702,0.361114,0
1316,carry,13.5216,11.6789,1.32567,0.127296,1.59835,4.16757,4.99654,5,0.00152598,3.71826,5.93704,0.361114,0
1317,carry,1.56062,0,1.11815,0.11653,1.59884,4.16657,4.99648,5,0.00148383,3.71826,5.93707,0.361114,0
1318,carry,13.2531,11.6048,1.18923,0.124793,1.59921,4.16766,4.9965,5,0.00154103,3.71828,5.9371,0.361114,0
1319,carry,1.52974,0,1.14135,0.112215,1.59933,4.16661,4.99645,5,0.00159973,3.71828,5.93713,0.361114,0
1320,carry,12.8859,11.0587,1.25869,0.186879,1.59943,4.16767,4.99648,5,0.00155856,3.71826,5.93716,0.361114,0
1321,carry,2.45618,0,1.81275,0.194216,1.59967,4.16665,4.99643,5,0.00151586,3.71826,5.93719,0.361114,0
1322,carry,13.2225,11.4031,1.34055,0.12409,1.59986,4.16773,4.99647,5,0.00147153,3.71826,5.93722,0.361113,0
1323,carry,1.58682,0,1.12397,0.129097,1.60016,4.16674,4.99643,5,0.00142567,3.71826,5.93726,0.361113,0
1324,carry,13.1749,10.9626,1.67184,0.121091,1.60038,4.16783,4.99647,5,0.00148162,3.71828,5.93729,0.361113,0
1325,carry,1.56047,0,1.15349,0.112349,1.60035,4.16679,4.99643,5,0.00153914,3.71828,5.93733,0.361113,0
1326,carry,12.8726,11.2194,1.18452,0.124156,1.60033,4.16785,4.99647,5,0.0014948,3.71826,5.93736,0.361113,0
1327,carry,1.50643,0,1.12453,0.108323,1.60047,4.16684,4.99644,5,0.00144893,3.71826,5.9374,0.361114,0
1328,carry,12.6263,10.7928,1.18347,0.21675,1.60056,4.16793,4.99648,5,0.00140155,3.71826,5.93744,0.361113,0
1329,carry,1.68596,0,1.30034,0.10839,1.60079,4.16694,4.99645,5,0.00135265,3.71826,5.93748,0.361114,0
1330,carry,13.1753,11.4574,1.21033,0.133842,1.60093,4.16804,4.9965,5,0.0014455,3.71828,5.93752,0.361113,0
1331,carry,1.54355,0,1.1584,0.109364,1.60072,4.16698,4.99647,5,0.00154111,3.71828,5.93756,0.361114,0
1332,carry,13.2644,11.6568,1.14387,0.126888,1.60055,4.16803,4.99651,5,0.00149636,3.71825,5.93761,0.361113,0
1333,carry,1.57184,0,1.18494,0.108599,1.60058,4.16702,4.99648,5,0.00145009,3.71825,5.93765,0.361113,0
1334,carry,12.9001,11.291,1.14128,0.123968,1.6006,4.16811,4.99653,5,0.00140244,3.71825,5.9377,0.361114,0
1335,carry,1.58705,0,1.19946,0.108736,1.60076,4.16712,4.99651,5,0.00135326,3.71825,5.93774,0.361114,0
1336,carry,13.2471,11.6096,1.14758,0.128594,1.60087,4.16822,4.99656,5,0.00144455,3.71828,5.93779,0.361113,0
1337,carry,2.16061,0,1.80615,0.109813,1.60063,4.16717,4.99653,5,0.00153857,3.71828,5.93784,0.361113,0
1338,carry,12.7256,11.1076,1.13455,0.154794,1.60044,4.16822,4.99657,5,0.00149358,3.71825,5.93789,0.361113,0
1339,carry,1.45265,0,1.11146,0.107902,1.60047,4.16722,4.99655,5,0.00144707,3.71825,5.93794,0.361113,0
1340,carry,12.9795,11.4409,1.10434,0.149419,1.60047,4.1683,4.99659,5,0.00139919,3.71825,5.93799,0.361113,0
1341,carry,1.57053,0,1.21979,0.108938,1.60064,4.16733,4.99657,5,0.0013498,3.71825,5.93804,0.361113,0
1342,carry,12.879,11.3246,1.11924,0.130256,1.60074,4.16842,4.99662,5,0.00144497,3.71828,5.9381,0.361113,0
1343,carry,1.51069,0,1.15895,0.116391,1.60049,4.16737,4.99659,5,0.00154299,3.71828,5.93815,0.361113,0
1344,carry,12.9433,11.3676,1.14453,0.124723,1.6003,4.16841,4.99663,5,0.00149803,3.71825,5.93821,0.361113,0
1345,carry,1.62197,0,1.16884,0.14107,1.60032,4.16741,4.9966,5,0.00145156,3.71825,5.93826,0.361113,0
1346,carry,12.903,11.3405,1.14491,0.121792,1.60033,4.1685,4.99665,5,0.0014037,3.71825,5.93832,0.361113,0
1347,carry,1.5192,0,1.15486,0.107851,1.60049,4.16752,4.99662,5,0.00135434,3.71825,5.93838,0.361113,0
1348,carry,12.7009,11.1325,1.17394,0.115703,1.6006,4.16861,4.99666,5,0.00145188,3.71827,5.93844,0.361113,0
1349,carry,1.45911,0,1.11531,0.107466,1.60035,4.16756,4.99663,5,0.00155236,3.71827,5.93851,0.361113,0
1350,carry,13.0123,11.3815,1.18771,0.124919,1.60016,4.1686,4.99667,5,0.00150755,3.71825,5.93857,0.361113,0
1351,carry,1.43892,0,1.09533,0.108031,1.60018,4.16759,4.99664,5,0.00146124,3.71824,5.93864,0.361113,0
1352,carry,12.8613,11.3491,1.10823,0.122978,1.60019,4.16867,4.99668,5,0.00141354,3.71825,5.9387,0.361114,0
1353,carry,1.47393,0,1.13327,0.106887,1.60036,4.16769,4.99665,5,0.00136434,3.71824,5.93877,0.361114,0
1354,carry,13.2449,11.4975,1.07449,0.245665,1.60048,4.16878,4.99669,5,0.00146299,3.71827,5.93884,0.361114,0
1355,carry,1.71583,0,1.36493,0.107023,1.60023,4.16772,4.99665,5,0.00156462,3.71827,5.93891,0.361114,0
1356,carry,12.5229,10.9231,1.1643,0.115507,1.60004,4.16876,4.99669,5,0.00152001,3.71824,5.93898,0.361113,0
1357,carry,1.50444,0,1.12921,0.106644,1.60007,4.16775,4.99665,5,0.00147391,3.71824,5.93905,0.361113,0
1358,carry,12.9,11.2842,1.14711,0.145257,1.60009,4.16882,4.99669,5,0.00142641,3.71824,5.93913,0.361114,0
1359,carry,1.58115,0,1.19627,0.107757,1.60026,4.16784,4.99665,5,0.00137743,3.71824,5.9392,0.361114,0
1360,carry,12.8519,11.2414,1.16173,0.123512,1.60038,4.16893,4.99668,5,0.00147639,3.71827,5.93928,0.361114,0
1361,carry,1.59412,0,1.1824,0.10661,1.60014,4.16787,4.99664,5,0.00157835,3.71827,5.93936,0.361113,0
1362,carry,12.1629,10.5852,1.1472,0.112432,1.59995,4.1689,4.99667,5,0.00153395,3.71824,5.93944,0.361114,0
1363,carry,1.56049,0,1.13994,0.106682,1.59999,4.16789,4.99663,5,0.00148807,3.71824,5.93952,0.361114,0
1364,carry,12.9305,10.611,1.80081,0.114695,1.60001,4.16896,4.99666,5,0.00144079,3.71824,5.9396,0.361114,0
1365,return,1.54003,0,1.159,0.110963,1.60025,4.16326,4.97708,5,0.00139202,3.71824,5.93968,0.361113,0
1366,return,12.9613,11.309,1.20186,0.127287,1.60048,4.15583,4.93808,5,0.00183002,3.71805,5.93618,0.361111,0
1367,return,1.55427,0,1.1493,0.106924,1.59878,4.14296,4.89595,5,0.00228117,3.71804,5.93257,0.361111,0
1368,return,13.4458,11.7302,1.23886,0.131286,1.59717,4.12884,4.83443,5,0.00227465,3.71776,5.92888,0.361111,0
1369,return,1.57048,0,1.15733,0.120103,1.59578,4.11101,4.76966,5,0.00226717,3.71774,5.92509,0.361111,0
1370,return,12.455,10.726,1.29656,0.11525,1.59449,4.09244,4.68554,5,0.00223042,3.71738,5.92095,0.361298,0
1371,return,1.54988,0,1.17627,0.105388,1.59354,4.0722,4.59932,5,0.00219187,3.71735,5.9167,0.361298,0
1372,return,12.9442,11.3159,1.17913,0.124559,1.59268,4.05172,4.4938,5,0.00206472,3.71786,5.91209,0.361111,0
1373,return,1.5881,0,1.20166,0.10674,1.59253,4.02775,4.38742,5,0.00193316,3.71785,5.90736,0.361111,0
1374,return,13.0019,11.3581,1.1753,0.122304,1.59242,4.00425,4.26185,5,0.00272704,3.71778,5.90225,0.362157,0
1375,return,1.57969,0,1.19163,0.10568,1.58902,3.97827,4.13667,5,0.00357692,3.71777,5.8968,0.362157,0
1376,return,12.4527,10.812,1.14831,0.111212,1.58592,3.95356,3.99246,5,0.00344913,3.71771,5.89109,0.363307,0
1377,return,1.96982,0,1.24836,0.195066,1.58427,3.92744,3.84776,5,0.00321036,3.7177,5.88507,0.363307,0
1378,return,12.998,11.0441,1.44915,0.111265,1.58285,3.90355,3.68425,5,0.00310411,3.71745,5.88305,0.135421,0
1379,return,1.66609,0,1.2243,0.107392,1.58301,3.879,3.52049,5,0.00299422,3.71745,5.88098,0.135421,0
1380,return,12.4638,10.8227,1.17668,0.077313,1.58327,3.85788,3.33828,5,0.00325622,3.71759,5.87878,0.135417,0
1381,return,1.65024,0,1.16548,0.076283,1.58088,3.83569,3.15735,5,0.00352579,3.71759,5.87653,0.135417,0
1382,return,13.2484,11.0312,1.8522,0.083056,1.57897,3.81859,2.95863,5,0.00352579,3.71728,5.87653,0,0
1383,return,1.52724,0,1.21704,0.074104,1.57915,3.80202,2.76008,5,0.00352579,3.71728,5.87653,0,0
1384,return,13.0225,11.5207,1.17103,0.087023,1.57955,3.79291,2.54496,5,0.00352579,3.71728,5.87653,0,0
1385,return,1.60175,0,1.2149,0.157746,1.57821,3.7846,2.33227,5,0.00352579,3.71728,5.87653,0,0
1386,return,13.5399,11.3701,1.80288,0.08796,1.57764,3.78733,2.10587,5,0.00352579,3.71728,5.87653,0,0
1387,return,1.58891,0,1.25848,0.130402,1.57908,3.79157,1.88422,5,0.00352579,3.71728,5.87653,0,0
1388,return,12.5985,11.0459,1.27932,0.075781,1.58052,3.80372,1.65956,5,0.00352579,3.71728,5.87653,0,0
1389,return,2.02311,0,1.76142,0.0722,1.58091,3.81399,1.44372,5,0.00352579,3.71728,5.87653,0,0
1390,return,14.163,12.509,1.30694,0.104568,1.58157,3.83002,1.2318,5,0.00352579,3.71728,5.87653,0,0
1391,return,1.59266,0,1.34602,0.07188,1.58268,3.84405,1.02728,5,0.00352579,3.71728,5.87653,0,0
1392,return,13.5783,12.0093,1.26865,0.094361,1.58382,3.8622,0.831566,5,0.00352579,3.71728,5.87653,0,0
1393,return,1.55722,0,1.28574,0.07457,1.58523,3.87757,0.646198,5,0.00352579,3.71728,5.87653,0,0
1394,return,14.3413,12.4649,1.54741,0.09187,1.58653,3.89602,0.471619,5,0.00352579,3.71728,5.87653,0,0
1395,return,1.49617,0,1.27439,0.07043,1.58801,3.91105,0.308282,5,0.00352579,3.71728,5.87653,0,0
1396,return,12.3983,10.8763,1.25984,0.100378,1.58931,3.92861,0.156062,5,0.00352579,3.71728,5.87653,0,0
1397,return,1.44998,0,1.22046,0.095265,1.59075,3.94235,0.0147842,5,0.00352579,3.71728,5.87653,0,0
1398,return,12.8266,11.2805,1.26005,0.114258,1.59196,3.95837,-0.115919,5,0.00352579,3.71728,5.87653,0,0
1399,return,1.36698,0,1.13323,0.094851,1.59329,3.97048,-0.23657,5,0.00352579,3.71728,5.87653,0,0
1400,return,12.6777,11.1288,1.29116,0.112813,1.59438,3.98478,-0.347604,5,0.00352579,3.71728,5.87653,0,0
1401,return,1.34014,0,1.15144,0.095688,1.59556,3.99548,-0.449705,5,0.00352579,3.71728,5.87653,0,0
1402,return,12.2406,10.7192,1.22972,0.12198,1.5965,4.00829,-0.543299,5,0.00352579,3.71728,5.87653,0,0
1403,return,1.44386,0,1.25736,0.094644,1.59749,4.01817,-0.629106,5,0.00352579,3.71728,5.87653,0,0
1404,return,12.5888,11.1507,1.15335,0.11323,1.59825,4.02995,-0.707536,5,0.00352579,3.71728,5.87653,0,0
1405,return,1.33993,0,1.15349,0.095102,1.59776,4.03438,-0.82287,5,0.00352579,3.71728,5.87653,0,0
1406,return,12.4965,11.069,1.18248,0.112501,1.59745,4.04168,-0.91958,5,0.00352579,3.71728,5.87653,0,0
1407,return,1.48166,0,1.24157,0.126861,1.59711,4.04734,-1.01768,5,0.00352579,3.71728,5.87653,0,0
1408,return,12.5287,10.9388,1.3004,0.11766,1.59691,4.05554,-1.09737,5,0.00352579,3.71728,5.87653,0,0
1409,return,1.55277,0,1.36019,0.094087,1.59716,4.06205,-1.17789,5,0.00352579,3.71728,5.87653,0,0
1410,return,12.5632,10.9664,1.25128,0.137457,1.59739,4.07057,-1.24186,5,0.00352579,3.71728,5.87653,0,0
1411,return,1.59225,0,1.37147,0.095518,1.59824,4.07768,-1.30588,5,0.00352579,3.71728,5.87653,0,0
1412,return,15.3922,13.7773,1.2582,0.154791,1.59888,4.08632,-1.35553,5,0.00352579,3.71728,5.87653,0,0
1413,return,1.43694,0,1.15039,0.153978,1.60017,4.09341,-1.40599,5,0.00352579,3.71728,5.87653,0,0
1414,return,12.6832,11.1892,1.21684,0.121476,1.60109,4.10173,-1.44398,5,0.00352579,3.71728,5.87653,0,0
1415,return,1.53906,0,1.29299,0.104843,1.60261,4.10847,-1.4829,5,0.00352579,3.71728,5.87653,0,0
1416,return,14.4168,12.3728,1.70583,0.118996,1.60364,4.11624,-1.51112,5,0.00352579,3.71728,5.87653,0,0
1417,return,1.36794,0,1.1771,0.093405,1.60517,4.12243,-1.54029,5,0.00352579,3.71728,5.87653,0,0
1418,return,12.7101,11.3106,1.11974,0.117258,1.60617,4.12955,-1.56041,5,0.00352579,3.71728,5.87653,0,0
1419,return,1.76475,0,1.50024,0.097123,1.60755,4.13503,-1.58147,5,0.00352579,3.71728,5.87653,0,0
1420,return,14.1441,12.6527,1.20499,0.114155,1.6084,4.14139,-1.59498,5,0.00352579,3.71728,5.87653,0,0
1421,return,1.48454,0,1.26601,0.094465,1.60955,4.14607,-1.6094,5,0.00352579,3.71728,5.87653,0,0
1422,return,13.508,11.8997,1.30156,0.121279,1.61019,4.15163,-1.61761,5,0.00352579,3.71728,5.87653,0,0
1423,return,2.05364,0,1.82074,0.10997,1.61105,4.15548,-1.62668,5,0.00352579,3.71728,5.87653,0,0
1424,return,12.9996,11.3445,1.35676,0.121471,1.61146,4.16026,-1.63072,5,0.00352579,3.71728,5.87653,0,0
1425,return,1.41539,0,1.21887,0.09888,1.61203,4.16327,-1.63558,5,0.00352579,3.71728,5.87653,0,0
1426,return,13.4578,11.9209,1.20854,0.153082,1.61221,4.16731,-1.63642,5,0.00352579,3.71728,5.87653,0,0
1427,return,1.7148,0,1.45484,0.10851,1.61053,4.1692,-1.63844,5,0.00352579,3.71728,5.87653,0,0
1428,return,12.9663,11.5028,1.15777,0.152455,1.60912,4.17232,-1.63719,5,0.00352579,3.71728,5.87653,0,0
1429,return,1.49563,0,1.24447,0.118104,1.60826,4.1737,-1.63644,5,0.00352579,3.71728,5.87653,0,0
1430,return,13.5777,12.0983,1.19621,0.119282,1.60748,4.17636,-1.63324,5,0.00352579,3.71728,5.87653,0,0
1431,return,1.76944,0,1.52903,0.121212,1.60632,4.17707,-1.63067,5,0.00352579,3.71728,5.87653,0,0
1432,return,12.7742,11.2519,1.24429,0.118881,1.60537,4.17918,-1.62629,5,0.00352579,3.71728,5.87653,0,0
1433,return,1.46653,0,1.24063,0.097043,1.60478,4.17943,-1.62228,5,0.00352579,3.71728,5.87653,0,0
1434,return,13.8931,12.3851,1.21778,0.116511,1.60427,4.18117,-1.61703,5,0.00352579,3.71728,5.87653,0,0
1435,return,1.57771,0,1.32874,0.097518,1.60338,4.18088,-1.61224,5,0.00352579,3.71728,5.87653,0,0
1436,return,13.243,11.6149,1.30437,0.150876,1.60268,4.1822,-1.60661,5,0.00352579,3.71728,5.87653,0,0
1437,return,1.44056,0,1.23037,0.098334,1.60226,4.18158,-1.60123,5,0.00352579,3.71728,5.87653,0,0
1438,return,12.0257,10.6005,1.1873,0.100914,1.60192,4.18265,-1.5954,5,0.00352579,3.71728,5.87653,0,0
1439,return,1.50513,0,1.25223,0.156808,1.60115,4.18166,-1.58948,5,0.00352579,3.71728,5.87653,0,0
1440,return,12.8859,11.3419,1.24449,0.121866,1.60057,4.18247,-1.58349,5,0.00352579,3.71728,5.87653,0,0
1441,return,1.4579,0,1.23944,0.097425,1.60027,4.18124,-1.57788,5,0.00352579,3.71728,5.87653,0,0
1442,return,11.992,10.5723,1.1759,0.105541,1.60006,4.18189,-1.57234,5,0.00352579,3.71728,5.87653,0,0
1443,return,1.34531,0,1.16587,0.097724,1.59948,4.18038,-1.567,5,0.00352579,3.71728,5.87653,0,0
1444,return,11.8233,10.4378,1.15597,0.102372,1.59907,4.18085,-1.56187,5,0.00352579,3.71728,5.87653,0,0
1445,return,1.31979,0,1.13762,0.101734,1.59866,4.1792,-1.55699,5,0.00352579,3.71728,5.87653,0,0
1446,return,12.9726,11.4737,1.22313,0.122349,1.59839,4.17958,-1.55238,5,0.00352579,3.71728,5.87653,0,0
1447,return,1.34523,0,1.15232,0.09821,1.59786,4.17778,-1.54803,5,0.00352579,3.71728,5.87653,0,0
1448,return,12.0344,10.6382,1.16111,0.105339,1.59752,4.17808,-1.54398,5,0.00352579,3.71728,5.87653,0,0
1449,return,1.3171,0,1.13757,0.097927,1.59746,4.17628,-1.54015,5,0.00352579,3.71728,5.87653,0,0
1450,return,12.3732,10.9082,1.13069,0.153438,1.59747,4.17661,-1.53663,5,0.00352579,3.71728,5.87653,0,0
1451,return,1.32637,0,1.13728,0.097831,1.59712,4.17471,-1.53332,5,0.00352579,3.71728,5.87653,0,0
1452,return,11.7931,10.4291,1.13494,0.101375,1.59693,4.17501,-1.53029,5,0.00352579,3.71728,5.87653,0,0
1453,return,1.3607,0,1.16421,0.106751,1.597,4.17317,-1.52743,5,0.00352579,3.71728,5.87653,0,0
1454,return,12.3992,10.9588,1.14538,0.150154,1.5971,4.17355,-1.52485,5,0.00352579,3.71728,5.87653,0,0
1455,return,1.45143,0,1.24265,0.107536,1.59683,4.17168,-1.5224,5,0.00352579,3.71728,5.87653,0,0
1456,return,12.1079,10.6514,1.21516,0.101941,1.5967,4.17206,-1.52021,5,0.00352579,3.71728,5.87653,0,0
1457,return,1.38817,0,1.18653,0.105817,1.59682,4.17031,-1.51811,5,0.00352579,3.71728,5.87653,0,0
1458,return,11.9108,10.512,1.15905,0.103069,1.59697,4.1708,-1.51626,5,0.00352579,3.71728,5.87653,0,0
1459,return,1.3896,0,1.19526,0.104912,1.59678,4.16906,-1.51447,5,0.00352579,3.71728,5.87653,0,0
1460,return,12.1052,10.6551,1.1871,0.109575,1.59671,4.16957,-1.51291,5,0.00352579,3.71728,5.87653,0,0
1461,return,2.2121,0,1.89887,0.154686,1.59688,4.16797,-1.51139,5,0.00352579,3.71728,5.87653,0,0
1462,return,12.2463,10.3905,1.60087,0.101513,1.59707,4.16861,-1.51008,5,0.00352579,3.71728,5.87653,0,0
1463,return,1.39222,0,1.19608,0.104073,1.59695,4.16703,-1.50879,5,0.00352579,3.71728,5.87653,0,0
1464,return,12.1356,10.6565,1.21411,0.106051,1.59693,4.1677,-1.5077,5,0.00352579,3.71728,5.87653,0,0
1465,return,1.49601,0,1.25759,0.105023,1.59714,4.16627,-1.50661,5,0.00352579,3.71728,5.87653,0,0
1466,return,11.9554,10.4779,1.22362,0.096938,1.59734,4.16705,-1.5057,5,0.00352579,3.71728,5.87653,0,0
1467,return,1.45118,0,1.23336,0.094614,1.59771,4.16572,-1.50478,5,0.00352579,3.71728,5.87653,0,0
1468,return,12.153,10.6459,1.25185,0.102233,1.59802,4.16659,-1.50403,5,0.00352579,3.71728,5.87653,0,0
1469,return,1.50866,0,1.30267,0.09501,1.5979,4.16524,-1.50325,5,0.00352579,3.71728,5.87653,0,0
1470,return,12.1213,10.6354,1.23276,0.100017,1.59786,4.16611,-1.50264,5,0.00352579,3.71728,5.87653,0,0
1471,return,1.41345,0,1.21287,0.095713,1.59805,4.16488,-1.50199,5,0.00352579,3.71728,5.87653,0,0
1472,return,11.9644,10.455,1.26172,0.09757,1.59822,4.16585,-1.50148,5,0.00352579,3.71728,5.87653,0,0
1473,return,1.52354,0,1.32481,0.096292,1.59854,4.16471,-1.50094,5,0.00352579,3.71728,5.87653,0,0
1474,return,12.1286,10.634,1.23645,0.105232,1.59881,4.16574,-1.50053,5,0.00352579,3.71728,5.87653,0,0
1475,return,1.53509,0,1.32184,0.102229,1.59868,4.16457,-1.50008,5,0.00352579,3.71728,5.87653,0,0
1476,return,12.0991,10.6034,1.24025,0.101298,1.59862,4.16559,-1.49975,5,0.00352579,3.71728,5.87653,0,0
1477,return,1.42833,0,1.22606,0.097127,1.59877,4.16452,-1.49938,5,0.00352579,3.71728,5.87653,0,0
1478,return,14.4083,12.9004,1.22212,0.112323,1.59891,4.1656,-1.49912,5,0.00352579,3.71728,5.87653,0,0
1479,return,1.58382,0,1.3051,0.134343,1.5992,4.1646,-1.49881,5,0.00352579,3.71728,5.87653,0,0
1480,return,13.4198,11.7725,1.35808,0.110895,1.59942,4.16573,-1.49862,5,0.00352579,3.71728,5.87653,0,0
1481,return,1.35156,0,1.16579,0.09705,1.59927,4.16467,-1.49836,5,0.00352579,3.71728,5.87653,0,0
1482,return,11.9244,10.4677,1.16346,0.122388,1.59918,4.16576,-1.49821,5,0.00352579,3.71728,5.87653,0,0
1483,return,1.54959,0,1.32241,0.106329,1.5993,4.16479,-1.49801,5,0.00352579,3.71728,5.87653,0,0
1484,return,12.323,10.8016,1.26219,0.105593,1.59941,4.16593,-1.4979,5,0.00352579,3.71728,5.87653,0,0
1485,return,1.4826,0,1.27052,0.10453,1.59966,4.165,-1.49774,5,0.00352579,3.71728,5.87653,0,0
1486,return,12.0926,10.5559,1.24578,0.099127,1.59985,4.16617,-1.49767,5,0.00352579,3.71728,5.87653,0,0
1487,return,1.72468,0,1.23575,0.098186,1.59967,4.16517,-1.49753,5,0.00352579,3.71728,5.87653,0,0
1488,return,12.4342,10.6461,1.26734,0.109791,1.59956,4.16629,-1.49749,5,0.00352579,3.71728,5.87653,0,0
1489,return,1.4843,0,1.21199,0.118024,1.59965,4.16535,-1.49739,5,0.00352579,3.71728,5.87653,0,0
1490,return,12.1795,10.5783,1.30882,0.101116,1.59972,4.16651,-1.49736,5,0.00352579,3.71728,5.87653,0,0
1491,return,1.45844,0,1.22174,0.096141,1.59995,4.1656,-1.49729,5,0.00352579,3.71728,5.87653,0,0
1492,return,11.9574,10.4712,1.20521,0.09782,1.60011,4.16677,-1.49729,5,0.00352579,3.71728,5.87653,0,0
1493,return,1.59589,0,1.33443,0.097222,1.59992,4.16578,-1.49723,5,0.00352579,3.71728,5.87653,0,0
1494,return,12.3527,10.7501,1.31191,0.104497,1.59978,4.1669,-1.49724,5,0.00352579,3.71728,5.87653,0,0
1495,return,1.48846,0,1.24959,0.096796,1.59985,4.16596,-1.4972,5,0.00352579,3.71728,5.87653,0,0
1496,return,12.0013,10.4886,1.22392,0.097513,1.5999,4.16711,-1.49723,5,0.00352579,3.71728,5.87653,0,0
1497,return,1.46357,0,1.20243,0.096406,1.60011,4.16619,-1.4972,5,0.00352579,3.71728,5.87653,0,0
1498,return,12.4154,10.8615,1.23195,0.117905,1.60026,4.16736,-1.49724,5,0.00352579,3.71728,5.87653,0,0
1499,return,1.47076,0,1.19949,0.121383,1.60004,4.16635,-1.49722,5,0.00352579,3.71728,5.87653,0,0
1500,return,11.9669,10.4225,1.22869,0.100581,1.59988,4.16745,-1.49726,5,0.00352579,3.71728,5.87653,0,0
1501,return,1.43891,0,1.20673,0.095779,1.59994,4.16649,-1.49726,5,0.00352579,3.71728,5.87653,0,0
1502,return,11.8715,10.3875,1.20396,0.097021,1.59998,4.16762,-1.49731,5,0.00352579,3.71728,5.87653,0,0
1503,return,1.41208,0,1.21022,0.095639,1.60017,4.16668,-1.49731,5,0.00352579,3.71728,5.87653,0,0
1504,return,12.3468,10.8398,1.23195,0.111977,1.60031,4.16782,-1.49737,5,0.00352579,3.71728,5.87653,0,0
1505,return,1.45769,0,1.2433,0.096271,1.60008,4.1668,-1.49738,5,0.00352579,3.71728,5.87653,0,0
1506,return,12.1276,10.6077,1.25638,0.101745,1.59991,4.16787,-1.49744,5,0.00352579,3.71728,5.87653,0,0
1507,return,1.45945,0,1.25268,0.096324,1.59996,4.16689,-1.49745,5,0.00352579,3.71728,5.87653,0,0
1508,return,12.4053,10.891,1.23818,0.111829,1.6,4.168,-1.49751,5,0.00352579,3.71728,5.87653,0,0
1509,return,1.55059,0,1.25913,0.139746,1.60019,4.16704,-1.49753,5,0.00352579,3.71728,5.87653,0,0
1510,return,12.2789,10.6452,1.37437,0.100669,1.60032,4.16816,-1.49759,5,0.00352579,3.71728,5.87653,0,0
1511,return,1.47658,0,1.25686,0.109521,1.60008,4.16711,-1.49762,5,0.00352579,3.71728,5.87653,0,0
1512,return,12.2916,10.787,1.23059,0.110638,1.59991,4.16816,-1.49768,5,0.00352579,3.71728,5.87653,0,0
1513,return,1.54764,0,1.33143,0.096111,1.59995,4.16716,-1.49771,5,0.00352579,3.71728,5.87653,0,0
1514,return,12.2467,10.6981,1.28269,0.101765,1.59998,4.16825,-1.49777,5,0.00352579,3.71728,5.87653,0,0
1515,return,1.44931,0,1.24315,0.095476,1.60017,4.16727,-1.4978,5,0.00352579,3.71728,5.87653,0,0
1516,return,11.9964,10.5305,1.21855,0.097716,1.6003,4.16837,-1.49786,5,0.00352579,3.71728,5.87653,0,0
1517,return,1.42368,0,1.21585,0.095696,1.60006,4.16731,-1.49789,5,0.00352579,3.71728,5.87653,0,0
1518,return,12.3061,10.8286,1.20593,0.110062,1.59989,4.16834,-1.49795,5,0.00352579,3.71728,5.87653,0,0
1519,return,1.45804,0,1.24386,0.095411,1.59993,4.16733,-1.49799,5,0.00352579,3.71728,5.87653,0,0
1520,return,12.0486,10.4844,1.29828,0.09678,1.59996,4.1684,-1.49805,5,0.00352579,3.71728,5.87653,0,0
1521,return,1.40118,0,1.19892,0.095361,1.60015,4.16741,-1.49808,5,0.00352579,3.71728,5.87653,0,0
1522,return,12.2396,10.7664,1.21003,0.105527,1.60028,4.1685,-1.49814,5,0.00352579,3.71728,5.87653,0,0
1523,return,1.42131,0,1.20612,0.096045,1.60004,4.16742,-1.49818,5,0.00352579,3.71728,5.87653,0,0
1524,return,12.0591,10.5386,1.26533,0.098429,1.59986,4.16844,-1.49824,5,0.00352579,3.71728,5.87653,0,0
1525,return,1.41274,0,1.21001,0.09571,1.59991,4.16742,-1.49827,5,0.00352579,3.71728,5.87653,0,0
1526,return,12.7931,11.2696,1.25404,0.113789,1.59994,4.16848,-1.49833,5,0.00352579,3.71728,5.87653,0,0
1527,return,1.436,0,1.2168,0.095721,1.60013,4.16748,-1.49837,5,0.00352579,3.71728,5.87653,0,0
1528,return,12.5644,10.9959,1.30372,0.103499,1.60026,4.16856,-1.49842,5,0.00352579,3.71728,5.87653,0,0
1529,return,1.40655,0,1.19729,0.09576,1.60002,4.16747,-1.49846,5,0.00352579,3.71728,5.87653,0,0
1530,return,12.0109,10.5536,1.20173,0.100207,1.59985,4.16849,-1.49851,5,0.00352579,3.71728,5.87653,0,0
1531,return,1.43607,0,1.23643,0.096015,1.59989,4.16746,-1.49855,5,0.00352579,3.71728,5.87653,0,0
1532,return,12.2589,10.7693,1.22851,0.106841,1.59992,4.16852,-1.4986,5,0.00352579,3.71728,5.87653,0,0
1533,return,1.48913,0,1.27586,0.096913,1.60011,4.16751,-1.49864,5,0.00352579,3.71728,5.87653,0,0
1534,return,12.2304,10.7054,1.2679,0.102142,1.60024,4.16859,-1.49869,5,0.00352579,3.71728,5.87653,0,0
1535,return,2.21676,0,1.88114,0.154745,1.60001,4.1675,-1.49873,5,0.00352579,3.71728,5.87653,0,0
1536,return,13.1992,11.3539,1.54927,0.119199,1.59983,4.16851,-1.49878,5,0.00352579,3.71728,5.87653,0,0
1537,return,1.48466,0,1.24445,0.094835,1.59988,4.16748,-1.49882,5,0.00352579,3.71728,5.87653,0,0
1538,return,12.7057,11.0512,1.24578,0.160978,1.59991,4.16853,-1.49887,5,0.00352579,3.71728,5.87653,0,0
1539,return,1.67745,0,1.38835,0.096233,1.6001,4.16752,-1.49891,5,0.00352579,3.71728,5.87653,0,0
1540,return,14.6821,12.8856,1.45711,0.116319,1.60024,4.1686,-1.49895,5,0.00352579,3.71728,5.87653,0,0
1541,return,1.59504,0,1.30147,0.134915,1.6,4.16751,-1.49899,5,0.00352579,3.71728,5.87653,0,0
1542,return,12.338,10.8178,1.2281,0.101561,1.59983,4.16852,-1.49904,5,0.00352579,3.71728,5.87653,0,0
1543,return,1.42393,0,1.18429,0.097845,1.59987,4.16748,-1.49907,5,0.00352579,3.71728,5.87653,0,0
1544,return,12.0148,10.4751,1.25461,0.097901,1.59991,4.16854,-1.49912,5,0.00352579,3.71728,5.87653,0,0
1545,pour,1.42873,0,1.19108,0.097699,1.6001,4.16753,-1.49916,5,0.00352579,3.71728,5.87653,0,0
1546,pour,12.2963,10.7833,1.21199,0.107771,1.60023,4.1686,-1.4992,5,0.00352579,3.71728,5.87653,0,0
1547,pour,1.50698,0,1.20399,0.10829,1.59984,4.16913,-1.49929,5,0.00352579,3.71728,5.87653,0,0
1548,pour,12.0901,10.5739,1.22297,0.100204,1.59956,4.17128,-1.49938,5,0.00352579,3.71728,5.87653,0,0
1549,pour,1.42927,0,1.17179,0.0976,1.59937,4.17454,-1.49945,5,0.00352579,3.71728,5.87653,0,0
1550,pour,12.1326,10.5339,1.28402,0.104944,1.59924,4.17853,-1.49951,5,0.00352579,3.71728,5.87653,0,0
1551,pour,1.47301,0,1.19149,0.097921,1.59917,4.18297,-1.49956,5,0.00352579,3.71728,5.87653,0,0
1552,pour,12.1209,10.5732,1.23893,0.101112,1.59913,4.18765,-1.49961,5,0.00352579,3.71728,5.87653,0,0
1553,pour,1.43825,0,1.17517,0.102361,1.59912,4.19241,-1.49965,5,0.00352579,3.71728,5.87653,0,0
1554,pour,12.2083,10.7555,1.1834,0.104264,1.59913,4.19713,-1.49968,5,0.00352579,3.71728,5.87653,0,0
1555,pour,1.45945,0,1.23752,0.10691,1.59948,4.18689,-1.48625,5,0.00352579,3.71728,5.87653,0,0
1556,pour,16.5823,15.0985,1.19564,0.1203,1.59975,4.18097,-1.47689,5,0.00352579,3.71728,5.87653,0,0
1557,pour,1.51643,0,1.26112,0.097373,1.60011,4.17291,-1.46767,5,0.00352579,3.71728,5.87653,0,0
1558,pour,15.9,14.287,1.30231,0.117115,1.60036,4.16882,-1.46168,5,0.00352579,3.71728,5.87653,0,0
1559,pour,1.40669,0,1.21233,0.093344,1.60077,4.16219,-1.45632,5,0.00352579,3.71728,5.87653,0,0
1560,pour,12.8816,11.401,1.17462,0.123605,1.60105,4.15934,-1.45332,5,0.00352579,3.71728,5.87653,0,0
1561,pour,1.56668,0,1.31469,0.098391,1.60048,4.15373,-1.45118,5,0.00352579,3.71728,5.87653,0,0
1562,pour,13.6402,12.0421,1.27679,0.116052,1.60006,4.15177,-1.4506,5,0.00352579,3.71728,5.87653,0,0
1563,pour,1.37605,0,1.18252,0.092579,1.60003,4.14743,-1.451,5,0.00352579,3.71728,5.87653,0,0
1564,pour,12.6886,11.221,1.17593,0.115552,1.60001,4.14649,-1.45224,5,0.00352579,3.71728,5.87653,0,0
1565,pour,1.54879,0,1.28384,0.122896,1.60027,4.14332,-1.45446,5,0.00352579,3.71728,5.87653,0,0
1566,pour,13.0881,11.4957,1.28628,0.116526,1.60045,4.14331,-1.45694,5,0.00352579,3.71728,5.87653,0,0
1567,pour,1.37491,0,1.17831,0.096636,1.60082,4.1412,-1.46034,5,0.00352579,3.71728,5.87653,0,0
1568,pour,12.6943,11.2339,1.17858,0.117526,1.60107,4.142,-1.46354,5,0.00352579,3.71728,5.87653,0,0
1569,pour,1.457,0,1.22175,0.105061,1.60087,4.14072,-1.46763,5,0.00352579,3.71728,5.87653,0,0
1570,pour,13.6482,11.929,1.4379,0.118729,1.60071,4.14212,-1.47118,5,0.00352579,3.71728,5.87653,0,0
1571,pour,1.43319,0,1.23213,0.096899,1.6008,4.1417,-1.47553,5,0.00352579,3.71728,5.87653,0,0
1572,pour,12.7561,11.2784,1.20641,0.112603,1.60085,4.14369,-1.47912,5,0.00352579,3.71728,5.87653,0,0
1573,pour,1.47821,0,1.2591,0.097199,1.60068,4.14386,-1.48347,5,0.00352579,3.71728,5.87653,0,0
1574,pour,13.2123,11.6704,1.24899,0.117775,1.60054,4.14623,-1.48691,5,0.00352579,3.71728,5.87653,0,0
1575,pour,1.39682,0,1.19828,0.097132,1.60062,4.14693,-1.49105,5,0.00352579,3.71728,5.87653,0,0
1576,pour,13.3992,11.7976,1.21801,0.172204,1.60067,4.14962,-1.49419,5,0.00352579,3.71728,5.87653,0,0
1577,pour,1.50418,0,1.28806,0.093765,1.60041,4.15061,-1.49805,5,0.00352579,3.71728,5.87653,0,0
1578,pour,13.1907,11.6899,1.19813,0.116688,1.60022,4.15345,-1.50085,5,0.00352579,3.71728,5.87653,0,0
1579,pour,1.52995,0,1.28299,0.097509,1.60024,4.1547,-1.50432,5,0.00352579,3.71728,5.87653,0,0
1580,pour,13.4193,11.6084,1.31214,0.219615,1.60025,4.15765,-1.50673,5,0.00352579,3.71728,5.87653,0,0
1581,pour,1.68754,0,1.43296,0.121179,1.6004,4.15903,-1.50981,5,0.00352579,3.71728,5.87653,0,0
1582,pour,13.1002,11.5783,1.21039,0.13836,1.60051,4.16199,-1.51183,5,0.00352579,3.71728,5.87653,0,0
1583,pour,1.56496,0,1.30302,0.116809,1.60034,4.16335,-1.51458,5,0.00352579,3.71728,5.87653,0,0
1584,pour,12.1757,10.6676,1.23586,0.120991,1.60021,4.1662,-1.51626,5,0.00352579,3.71728,5.87653,0,0
1585,pour,1.4703,0,1.21087,0.12671,1.60024,4.16756,-1.51866,5,0.00352579,3.71728,5.87653,0,0
1586,pour,12.0975,10.6135,1.20767,0.119526,1.60027,4.17032,-1.52001,5,0.00352579,3.71728,5.87653,0,0
1587,pour,1.47856,0,1.25236,0.11636,1.6004,4.17159,-1.52209,5,0.00352579,3.71728,5.87653,0,0
1588,pour,12.9159,11.0766,1.54847,0.130779,1.60049,4.17422,-1.52316,5,0.00352579,3.71728,5.87653,0,0
1589,pour,1.49112,0,1.25603,0.117096,1.60029,4.17531,-1.52501,5,0.00352579,3.71728,5.87653,0,0
1590,pour,12.1429,10.6563,1.20889,0.120754,1.60014,4.17774,-1.52585,5,0.00352579,3.71728,5.87653,0,0
1591,pour,1.44631,0,1.21977,0.117389,1.60014,4.17871,-1.52747,5,0.00352579,3.71728,5.87653,0,0
1592,pour,12.8226,11.2773,1.24693,0.131995,1.60014,4.18099,-1.52809,5,0.00352579,3.71728,5.87653,0,0
1593,pour,1.46388,0,1.18984,0.117036,1.60025,4.1818,-1.52952,5,0.00352579,3.71728,5.87653,0,0
1594,pour,12.2833,10.7577,1.21471,0.121166,1.60032,4.18391,-1.52996,5,0.00352579,3.71728,5.87653,0,0
1595,pour,1.45783,0,1.19344,0.116555,1.6001,4.18451,-1.53127,5,0.00352579,3.71728,5.87653,0,0
1596,pour,12.5606,10.9944,1.20202,0.133254,1.59995,4.18641,-1.5316,5,0.00352579,3.71728,5.87653,0,0
1597,pour,2.02128,0,1.23259,0.120787,1.59994,4.18688,-1.53276,5,0.00352579,3.71728,5.87653,0,0
1598,pour,12.269,10.5942,1.26013,0.120754,1.59994,4.18863,-1.53296,5,0.00352579,3.71728,5.87653,0,0
1599,pour,1.5214,0,1.24125,0.116998,1.60004,4.18896,-1.53402,5,0.00352579,3.71728,5.87653,0,0
1600,pour,12.2056,10.698,1.21087,0.098709,1.60011,4.19057,-1.53411,5,0.00352579,3.71728,5.87653,0,0
1601,pour,1.47816,0,1.22808,0.100417,1.5999,4.19071,-1.53512,5,0.00352579,3.71728,5.87653,0,0
1602,pour,12.7072,11.1607,1.2267,0.111438,1.59975,4.19216,-1.53516,5,0.00352579,3.71728,5.87653,0,0
1603,pour,1.49578,0,1.23357,0.095348,1.59975,4.1922,-1.53607,5,0.00352579,3.71728,5.87653,0,0
1604,pour,12.1725,10.6403,1.22678,0.099409,1.59975,4.19355,-1.53603,5,0.00352579,3.71728,5.87653,0,0
1605,pour,2.29462,0,1.98206,0.097703,1.59986,4.19351,-1.53688,5,0.00352579,3.71728,5.87653,0,0
1606,pour,13.2252,11.1574,1.76327,0.114412,1.59993,4.19477,-1.53677,5,0.00352579,3.71728,5.87653,0,0
1607,pour,1.58476,0,1.32224,0.095968,1.59981,4.19461,-1.53758,5,0.00352579,3.71728,5.87653,0,0
1608,pour,12.2314,10.6652,1.23831,0.09854,1.59973,4.19577,-1.53743,5,0.00352579,3.71728,5.87653,0,0
1609,pour,1.45182,0,1.20932,0.094888,1.59977,4.19558,-1.53818,5,0.00352579,3.71728,5.87653,0,0
1610,pour,12.7637,11.195,1.21734,0.15179,1.5998,4.1967,-1.53797,5,0.00352579,3.71728,5.87653,0,0
1611,pour,1.43967,0,1.23468,0.095951,1.59964,4.19646,-1.53867,5,0.00352579,3.71728,5.87653,0,0
1612,pour,12.1901,10.5749,1.32105,0.099124,1.59954,4.19752,-1.53842,5,0.00352579,3.71728,5.87653,0,0
1613,pour,1.47365,0,1.26056,0.095882,1.59956,4.19729,-1.53905,5,0.00352579,3.71728,5.87653,0,0
1614,pour,12.4368,10.9431,1.2167,0.107331,1.59959,4.19835,-1.53874,5,0.00352579,3.71728,5.87653,0,0
1615,pour,1.55236,0,1.32817,0.095365,1.5997,4.19815,-1.5393,5,0.00352579,3.71728,5.87653,0,0
1616,pour,12.2092,10.7,1.24298,0.099532,1.59979,4.19921,-1.53893,5,0.00352579,3.71728,5.87653,0,0
1617,pour,1.52979,0,1.3092,0.101679,1.59994,4.19905,-1.53942,5,0.00352579,3.71728,5.87653,0,0
1618,pour,12.1975,10.7076,1.2247,0.099731,1.60005,4.20012,-1.53901,5,0.00352579,3.71728,5.87653,0,0
1619,pour,1.42609,0,1.21538,0.09489,1.59992,4.19997,-1.53945,5,0.00352579,3.71728,5.87653,0,0
1620,pour,12.7155,11.1755,1.22054,0.113909,1.59983,4.20103,-1.53901,5,0.00352579,3.71728,5.87653,0,0
1621,pour,1.49872,0,1.25242,0.095184,1.59985,4.20097,-1.53937,5,0.00352579,3.71728,5.87653,0,0
1622,pour,12.3679,10.846,1.27361,0.077177,1.59986,4.20207,-1.53886,5,0.00352579,3.71728,5.87653,0,0
1623,pour,1.45329,0,1.23722,0.07063,1.59995,4.20208,-1.53914,5,0.00352579,3.71728,5.87653,0,0
1624,pour,12.5056,10.9424,1.30151,0.08641,1.60002,4.20321,-1.53858,5,0.00352579,3.71728,5.87653,0,0
1625,pour,1.50933,0,1.27713,0.07007,1.60014,4.2033,-1.5388,5,0.00352579,3.71728,5.87653,0,0
1626,pour,12.3847,10.8634,1.28113,0.075202,1.60022,4.20446,-1.53819,0,0.00352579,3.71728,5.87653,0,0
1627,pour,3.46341,0,3.27322,0.070199,1.60012,4.20448,-1.53844,0,0.00352579,3.71728,5.87653,0,0
1628,pour,14.5185,10.9563,3.25476,0.105089,1.60005,4.20559,-1.53786,0,0.00352579,3.71728,5.87653,0,0
1629,pour,3.21778,0,3.01942,0.07069,1.6,4.20746,-1.53669,0,0.00352579,3.71728,5.87653,0,0
1630,pour,13.9783,10.5458,3.20417,0.074677,1.59996,4.20985,-1.53512,0,0.00352579,3.71728,5.87653,0,0
1631,pour,2.7667,0,2.59324,0.070367,1.59994,4.21253,-1.53331,0,0.00352579,3.71728,5.87653,0,0
1632,pour,13.3286,10.5142,2.58576,0.073508,1.59992,4.21538,-1.53137,0,0.00352579,3.71728,5.87653,0,0
1633,pour,2.85348,0,2.67109,0.070328,1.59991,4.21828,-1.52936,0,0.00352579,3.71728,5.87653,0,0
1634,pour,13.2682,10.7639,2.29007,0.050389,1.5999,4.22117,-1.52736,0,0.00352579,3.71728,5.87653,0,0
1635,pour,1.96078,0,1.81045,0.043557,1.5999,4.224,-1.52538,0,0.00352579,3.71728,5.87653,0,0
1636,pour,12.8313,10.7323,1.89183,0.051991,1.5999,4.22672,-1.52348,0,0.00352579,3.71728,5.87653,0,0
1637,pour,1.96628,0,1.8339,0.043807,1.5999,4.22932,-1.52165,0,0.00352579,3.71728,5.87653,0,0
1638,pour,12.772,10.8581,1.72833,0.05099,1.59991,4.23178,-1.51993,0,0.00352579,3.71728,5.87653,0,0
1639,pour,1.29745,0,1.16789,0.043385,1.59991,4.23408,-1.5183,0,0.00352579,3.71728,5.87653,0,0
1640,pour,12.0287,10.6851,1.18993,0.022618,1.59991,4.23624,-1.51678,0,0.00352579,3.71728,5.87653,0,0
1641,pour,1.62809,0,1.49974,0.026552,1.59992,4.23824,-1.51536,0,0.00352579,3.71728,5.87653,0,0
1642,pour,12.4564,10.946,1.32584,0.020978,1.59992,4.2401,-1.51405,0,0.00352579,3.71728,5.87653,0,0
1643,pour,1.36254,0,1.24225,0.01193,1.59993,4.24181,-1.51283,0,0.00352579,3.71728,5.87653,0,0
1644,pour,12.0893,10.6697,1.25211,0.016941,1.59994,4.24339,-1.51171,0,0.00352579,3.71728,5.87653,0,0
1645,pour,1.34537,0,1.22981,0.011424,1.59994,4.24484,-1.51068,0,0.00352579,3.71728,5.87653,0,0
1646,pour,12.0536,10.6522,1.2259,0.015387,1.59994,4.24618,-1.50974,0,0.00352579,3.71728,5.87653,0,0
1647,pour,1.72664,0,1.58418,0.02117,1.59995,4.2474,-1.50887,0,0.00352579,3.71728,5.87653,0,0
1648,pour,12.5537,11.0376,1.33341,0.022844,1.59995,4.24851,-1.50808,0,0.00352579,3.71728,5.87653,0,0
1649,pour,1.34866,0,1.22794,0.011634,1.59996,4.24954,-1.50735,0,0.00352579,3.71728,5.87653,0,0
1650,pour,12.0649,10.6742,1.22503,0.015289,1.59996,4.25047,-1.50669,0,0.00352579,3.71728,5.87653,0,0
1651,pour,1.33377,0,1.21909,0.012229,1.59996,4.25132,-1.50608,0,0.00352579,3.71728,5.87653,0,0
1652,pour,12.7232,11.0188,1.52664,0.023695,1.59997,4.2521,-1.50553,0,0.00352579,3.71728,5.87653,0,0
1653,pour,1.43461,0,1.28132,0.03032,1.59997,4.2528,-1.50503,0,0.00352579,3.71728,5.87653,0,0
1654,pour,12.3383,10.988,1.20241,0.015543,1.59997,4.25345,-1.50457,0,0.00352579,3.71728,5.87653,0,0
1655,pour,1.26472,0,1.1693,0.011717,1.59998,4.25403,-1.50415,0,0.00352579,3.71728,5.87653,0,0
1656,pour,12.76,11.3868,1.16445,0.026907,1.59998,4.25457,-1.50377,0,0.00352579,3.71728,5.87653,0,0
1657,pour,1.50532,0,1.34156,0.011874,1.59998,4.25505,-1.50342,0,0.00352579,3.71728,5.87653,0,0
1658,pour,12.2109,10.5963,1.20713,0.015835,1.59998,4.25549,-1.50311,0,0.00352579,3.71728,5.87653,0,0
1659,pour,1.4733,0,1.17572,0.012855,1.59998,4.25589,-1.50283,0,0.00352579,3.71728,5.87653,0,0
1660,pour,12.0955,10.482,1.18574,0.01518,1.59998,4.25626,-1.50257,0,0.00352579,3.71728,5.87653,0,0
1661,pour,1.58347,0,1.23244,0.012656,1.59999,4.25659,-1.50233,0,0.00352579,3.71728,5.87653,0,0
1662,pour,12.7384,11.0273,1.18524,0.02795,1.59999,4.25689,-1.50212,0,0.00352579,3.71728,5.87653,0,0
1663,pour,1.59604,0,1.24567,0.012538,1.59999,4.25716,-1.50192,0,0.00352579,3.71728,5.87653,0,0
1664,pour,12.0778,10.4344,1.19673,0.052118,1.59999,4.25741,-1.50174,0,0.00352579,3.71728,5.87653,0,0
1665,pour,2.19305,0,1.7975,0.049231,1.59999,4.25764,-1.50158,0,0.00352579,3.71728,5.87653,0,0
1666,pour,13.2702,11.0781,1.73246,0.103572,1.59999,4.25784,-1.50144,0,0.00352579,3.71728,5.87653,0,0
1667,pour,3.17024,0,2.74592,0.080427,1.59999,4.25803,-1.5013,0,0.00352579,3.71728,5.87653,0,0
1668,pour,13.7363,10.5536,2.65313,0.11258,1.59999,4.2582,-1.50118,0,0.00352579,3.71728,5.87653,0,0
1669,pour,4.86201,0,4.38163,0.110471,1.59999,4.25835,-1.50107,0,0.00352579,3.71728,5.87653,0,0
1670,pour,14.8719,10.6328,3.67335,0.119782,1.59999,4.25849,-1.50098,0,0.00352579,3.71728,5.87653,0,0
1671,pour,5.42708,0,4.99457,0.109293,1.59999,4.25862,-1.50089,0,0.00352579,3.71728,5.87653,0,0
1672,pour,15.875,10.4561,4.89715,0.137849,1.6,4.25873,-1.5008,0,0.00352579,3.71728,5.87653,0,0
1673,pour,7.43904,0,6.91034,0.13817,1.6,4.25883,-1.50073,0,0.00352579,3.71728,5.87653,0,0
1674,pour,16.6046,10.4765,5.76697,0.138588,1.6,4.25893,-1.50066,0,0.00352579,3.71728,5.87653,0,0
1675,pour,6.45878,0,5.95843,0.136931,1.6,4.25901,-1.5006,0,0.00352579,3.71728,5.87653,0,0
1676,pour,17.4121,10.5834,6.25683,0.14298,1.6,4.25909,-1.50055,0,0.00352579,3.71728,5.87653,0,0
1677,pour,6.67259,0,6.39101,0.140717,1.6,4.25916,-1.50049,0,0.00352579,3.71728,5.87653,0,0
1678,pour,17.5816,10.9517,6.2902,0.149624,1.6,4.25923,-1.50045,0,0.00352579,3.71728,5.87653,0,0
1679,pour,6.723,0,6.43601,0.136669,1.6,4.25928,-1.50041,0,0.00352579,3.71728,5.87653,0,0
1680,pour,17.2583,10.4915,6.44077,0.13658,1.6,4.25934,-1.50037,0,0.00352579,3.71728,5.87653,0,0
1681,pour,7.05797,0,6.71586,0.146179,1.6,4.25939,-1.50034,0,0.00352579,3.71728,5.87653,0,0
1682,pour,17.751,10.7275,6.70625,0.13775,1.6,4.25943,-1.5003,0,0.00352579,3.71728,5.87653,0,0
1683,pour,6.80272,0,6.55106,0.135107,1.6,4.25947,-1.50028,0,0.00352579,3.71728,5.87653,0,0
1684,pour,18.2934,10.8012,7.17351,0.141759,1.6,4.2595,-1.50025,0,0.00352579,3.71728,5.87653,0,0
1685,pour,6.7786,0,6.52193,0.134261,1.6,4.25954,-1.50023,0,0.00352579,3.71728,5.87653,0,0
1686,pour,17.8148,10.9956,6.49934,0.146711,1.6,4.25957,-1.50021,0,0.00352579,3.71728,5.87653,0,0
1687,pour,7.12604,0,6.86244,0.13449,1.6,4.25959,-1.50019,0,0.00352579,3.71728,5.87653,0,0
1688,pour,18.6404,11.7745,6.49681,0.170697,1.6,4.25962,-1.50017,0,0.00352579,3.71728,5.87653,0,0
1689,pour,7.52924,0,7.25782,0.134981,1.6,4.25964,-1.50015,0,0.00352579,3.71728,5.87653,0,0
1690,pour,17.5462,10.629,6.59872,0.138471,1.6,4.25966,-1.50014,0,0.00352579,3.71728,5.87653,0,0
1691,pour,6.70794,0,6.45942,0.133998,1.6,4.25968,-1.50013,0,0.00352579,3.71728,5.87653,0,0
1692,pour,18.1067,10.9029,6.88044,0.146524,1.6,4.25969,-1.50012,0,0.00352579,3.71728,5.87653,0,0
1693,pour,6.82894,0,6.53241,0.134696,1.6,4.25971,-1.5001,0,0.00352579,3.71728,5.87653,0,0
1694,pour,18.408,11.3622,6.68516,0.18872,1.6,4.25972,-1.5001,0,0.00352579,3.71728,5.87653,0,0
1695,pour,6.67006,0,6.40373,0.138385,1.6,4.25974,-1.50009,0,0.00352579,3.71728,5.87653,0,0
1696,pour,17.6695,10.8735,6.51681,0.139873,1.6,4.25975,-1.50008,0,0.00352579,3.71728,5.87653,0,0
1697,pour,7.20301,0,6.91662,0.137312,1.6,4.25976,-1.50007,0,0.00352579,3.71728,5.87653,0,0
1698,pour,17.6104,10.77,6.56333,0.136929,1.6,4.25977,-1.50006,0,0.00352579,3.71728,5.87653,0,0
1699,pour,6.74864,0,6.52943,0.132248,1.6,4.25978,-1.50006,0,0.00352579,3.71728,5.87653,0,0
1700,pour,18.1831,10.8464,7.01031,0.142454,1.6,4.25978,-1.50005,0,0.00352579,3.71728,5.87653,0,0
1701,pour,6.86966,0,6.62677,0.132371,1.6,4.25979,-1.50005,0,0.00352579,3.71728,5.87653,0,0
1702,pour,18.1392,11.2671,6.55591,0.148734,1.6,4.2598,-1.50004,0,0.00352579,3.71728,5.87653,0,0
1703,pour,7.1294,0,6.87971,0.132124,1.6,4.2598,-1.50004,0,0.00352579,3.71728,5.87653,0,0
1704,pour,17.6308,10.6112,6.72971,0.134631,1.6,4.25981,-1.50004,0,0.00352579,3.71728,5.87653,0,0
1705,pour,6.96215,0,6.62214,0.201172,1.6,4.25981,-1.50003,0,0.00352579,3.71728,5.87653,0,0
1706,pour,18.1205,10.667,7.13987,0.136406,1.6,4.25982,-1.50003,0,0.00352579,3.71728,5.87653,0,0
1707,pour,7.07974,0,6.83356,0.131561,1.6,4.25982,-1.50003,0,0.00352579,3.71728,5.87653,0,0
1708,pour,18.3401,10.8286,7.20161,0.139752,1.6,4.25982,-1.50002,0,0.00352579,3.71728,5.87653,0,0
1709,pour,6.90513,0,6.6387,0.130597,1.6,4.25983,-1.50002,0,0.00352579,3.71728,5.87653,0,0
1710,pour,18.5447,11.4144,6.80681,0.150488,1.6,4.25983,-1.50002,0,0.00352579,3.71728,5.87653,0,0
1711,pour,6.84774,0,6.5999,0.133043,1.6,4.25983,-1.50002,0,0.00352579,3.71728,5.87653,0,0
1712,pour,18.0477,10.9574,6.64546,0.220479,1.6,4.25983,-1.50002,0,0.00352579,3.71728,5.87653,0,0
1713,pour,7.93277,0,7.67844,0.133413,1.6,4.25984,-1.50002,0,0.00352579,3.71728,5.87653,0,0
1714,pour,19.9359,11.3227,8.2152,0.153131,1.6,4.25984,-1.50001,0,0.00352579,3.71728,5.87653,0,0
1715,pour,8.48854,0,8.07704,0.235958,1.6,4.25984,-1.50001,0,0.00352579,3.71728,5.87653,0,0
1716,pour,18.6171,10.9234,7.34401,0.159105,1.6,4.25984,-1.50001,0,0.00352579,3.71728,5.87653,0,0
1717,pour,6.93679,0,6.69527,0.134718,1.6,4.25984,-1.50001,0,0.00352579,3.71728,5.87653,0,0
1718,pour,18.4029,10.8714,7.20696,0.14299,1.6,4.25984,-1.50001,0,0.00352579,3.71728,5.87653,0,0
1719,pour,6.84972,0,6.60622,0.134814,1.6,4.25985,-1.50001,0,0.00352579,3.71728,5.87653,0,0
1720,pour,17.4737,10.6418,6.53992,0.13855,1.6,4.25985,-1.50001,0,0.00352579,3.71728,5.87653,0,0
1721,pour,7.6979,0,7.43246,0.134445,1.6,4.25985,-1.50001,0,0.00352579,3.71728,5.87653,0,0
1722,pour,17.8078,10.6228,6.88705,0.135911,1.6,4.25985,-1.50001,0,0.00352579,3.71728,5.87653,0,0
1723,pour,8.08825,0,7.84096,0.132662,1.6,4.25985,-1.50001,0,0.00352579,3.71728,5.87653,0,0
1724,pour,18.8565,11.4061,7.07207,0.15401,1.6,4.25985,-1.50001,0,0.00352579,3.71728,5.87653,0,0
1725,pour,10.5381,0,10.072,0.256506,1.6,4.25985,-1.5,0,0.00352579,3.71728,5.87653,0,0
1726,pour,19.2078,11.3165,7.54809,0.157352,1.6,4.25985,-1.5,0,0.00352579,3.71728,5.87653,0,0
1727,pour,7.63248,0,7.30372,0.181065,1.6,4.25985,-1.5,0,0.00352579,3.71728,5.87653,0,0
1728,pour,19.0709,11.3933,7.28464,0.205385,1.6,4.25985,-1.5,0,0.00352579,3.71728,5.87653,0,0
1729,pour,7.67266,0,7.35362,0.161306,1.6,4.25985,-1.5,0,0.00352579,3.71728,5.87653,0,0
1730,pour,18.7156,11.1025,7.23371,0.163748,1.6,4.25985,-1.5,0,0.00352579,3.71728,5.87653,0,0
1731,pour,8.54791,0,8.23646,0.137826,1.6,4.25985,-1.5,0,0.00352579,3.71728,5.87653,0,0
1732,pour,18.748,11.563,6.83233,0.157206,1.6,4.25985,-1.5,0,0.00352579,3.71728,5.87653,0,0
1733,pour,8.00971,0,7.68444,0.155426,1.6,4.25985,-1.5,0,0.00352579,3.71728,5.87653,0,0
1734,pour,18.3832,11.3151,6.72771,0.155889,1.6,4.25986,-1.5,0,0.00352579,3.71728,5.87653,0,0
1735,pour,7.83265,0,7.58425,0.133417,1.6,4.25986,-1.5,0,0.00352579,3.71728,5.87653,0,0
1736,pour,18.6945,11.4327,6.89139,0.156413,1.6,4.25986,-1.5,0,0.00352579,3.71728,5.87653,0,0
1737,pour,7.46942,0,7.16866,0.148746,1.6,4.25986,-1.5,0,0.00352579,3.71728,5.87653,0,0
1738,pour,19.4282,11.6365,7.44611,0.152238,1.6,4.25986,-1.5,0,0.00352579,3.71728,5.87653,0,0
1739,pour,6.84525,0,6.60522,0.136056,1.6,4.25986,-1.5,0,0.00352579,3.71728,5.87653,0,0
1740,pour,18.3517,11.3042,6.70426,0.159476,1.6,4.25986,-1.5,0,0.00352579,3.71728,5.87653,0,0
1741,pour,6.98285,0,6.71544,0.136903,1.6,4.25986,-1.5,0,0.00352579,3.71728,5.87653,0,0
1742,pour,17.6989,10.8661,6.55622,0.137671,1.6,4.25986,-1.5,0,0.00352579,3.71728,5.87653,0,0
1743,pour,6.64904,0,6.42275,0.136329,1.6,4.25986,-1.5,0,0.00352579,3.71728,5.87653,0,0
1744,pour,18.0558,11.0001,6.75962,0.140177,1.6,4.25986,-1.5,0,0.00352579,3.71728,5.87653,0,0
1745,pour,6.71186,0,6.48186,0.136234,1.6,4.25986,-1.5,0,0.00352579,3.71728,5.87653,0,0
1746,pour,19.2572,12.1294,6.7885,0.154559,1.6,4.25986,-1.5,0,0.00352579,3.71728,5.87653,0,0
1747,pour,6.67121,0,6.43189,0.136726,1.6,4.25986,-1.5,0,0.00352579,3.71728,5.87653,0,0
1748,pour,18.3017,11.4571,6.53423,0.151383,1.6,4.25986,-1.5,0,0.00352579,3.71728,5.87653,0,0
1749,pour,6.94271,0,6.70219,0.13767,1.6,4.25986,-1.5,0,0.00352579,3.71728,5.87653,0,0
1750,pour,17.7424,10.9218,6.54299,0.138548,1.6,4.25986,-1.5,0,0.00352579,3.71728,5.87653,0,0
1751,pour,6.62481,0,6.39351,0.141959,1.6,4.25986,-1.5,0,0.00352579,3.71728,5.87653,0,0
1752,pour,18.5744,11.0772,7.19235,0.142762,1.6,4.25986,-1.5,0,0.00352579,3.71728,5.87653,0,0
1753,pour,6.69829,0,6.46569,0.137541,1.6,4.25986,-1.5,0,0.00352579,3.71728,5.87653,0,0
1754,pour,18.3825,11.5873,6.47452,0.152542,1.6,4.25986,-1.5,0,0.00352579,3.71728,5.87653,0,0
1755,pour,6.6436,0,6.40616,0.137786,1.6,4.25986,-1.5,0,0.00352579,3.71728,5.87653,0,0
1756,pour,17.9287,11.1661,6.46771,0.149696,1.6,4.25986,-1.5,0,0.00352579,3.71728,5.87653,0,0
1757,pour,6.88417,0,6.62146,0.137303,1.6,4.25986,-1.5,0,0.00352579,3.71728,5.87653,0,0
1758,pour,17.6613,10.9182,6.46527,0.138712,1.6,4.25986,-1.5,0,0.00352579,3.71728,5.87653,0,0
1759,pour,6.60491,0,6.37722,0.137676,1.6,4.25986,-1.5,0,0.00352579,3.71728,5.87653,0,0
1760,pour,18.0144,11.0017,6.71549,0.142099,1.6,4.25986,-1.5,0,0.00352579,3.71728,5.87653,0,0
1761,pour,6.69822,0,6.466,0.137689,1.6,4.25986,-1.5,0,0.00352579,3.71728,5.87653,0,0
1762,pour,18.0604,11.385,6.34664,0.152352,1.6,4.25986,-1.5,0,0.00352579,3.71728,5.87653,0,0
1763,pour,6.56632,0,6.32746,0.138564,1.6,4.25986,-1.5,0,0.00352579,3.71728,5.87653,0,0
1764,pour,17.7489,11.0007,6.43742,0.166999,1.6,4.25986,-1.5,0,0.00352579,3.71728,5.87653,0,0
1765,pour,6.75123,0,6.51048,0.137534,1.6,4.25986,-1.5,0,0.00352579,3.71728,5.87653,0,0
1766,pour,18.1387,11.5093,6.33808,0.147384,1.6,4.25986,-1.5,0,0.00352579,3.71728,5.87653,0,0
1767,pour,6.50042,0,6.2626,0.137693,1.6,4.25986,-1.5,0,0.00352579,3.71728,5.87653,0,0
1768,pour,17.8923,11.1071,6.48437,0.147672,1.6,4.25986,-1.5,0,0.00352579,3.71728,5.87653,0,0
1769,pour,6.55098,0,6.31742,0.138059,1.6,4.25986,-1.5,0,0.00352579,3.71728,5.87653,0,0
1770,pour,17.9519,11.402,6.25184,0.151495,1.6,4.25986,-1.5,0,0.00352579,3.71728,5.87653,0,0
1771,pour,6.59249,0,6.32663,0.138369,1.6,4.25986,-1.5,0,0.00352579,3.71728,5.87653,0,0
1772,pour,17.6971,11.1548,6.25396,0.145352,1.6,4.25986,-1.5,0,0.00352579,3.71728,5.87653,0,0
1773,pour,6.49151,0,6.22639,0.153699,1.6,4.25986,-1.5,0,0.00352579,3.71728,5.87653,0,0
1774,pour,17.2971,11.1331,5.88436,0.139553,1.6,4.25986,-1.5,0,0.00352579,3.71728,5.87653,0,0
1775,pour,5.78167,0,5.55321,0.137532,1.6,4.25986,-1.5,0,0.00352579,3.71728,5.87653,0,0
1776,pour,17.1995,11.4944,5.4104,0.125255,1.6,4.25986,-1.5,0,0.00352579,3.71728,5.87653,0,0
1777,pour,5.06331,0,4.851,0.111235,1.6,4.25986,-1.5,0,0.00352579,3.71728,5.87653,0,0
1778,pour,16.344,11.1059,4.92973,0.139271,1.6,4.25986,-1.5,0,0.00352579,3.71728,5.87653,0,0
1779,pour,3.83096,0,3.61756,0.116036,1.6,4.25986,-1.5,0,0.00352579,3.71728,5.87653,0,0
1780,pour,15.1011,11.1313,3.74384,0.084433,1.6,4.25986,-1.5,0,0.00352579,3.71728,5.87653,0,0
1781,pour,2.75756,0,2.58555,0.081884,1.6,4.25986,-1.5,0,0.00352579,3.71728,5.87653,0,0
1782,pour,14.1502,11.3041,2.61021,0.085942,1.6,4.25986,-1.5,0,0.00352579,3.71728,5.87653,0,0
1783,pour,2.00841,0,1.72483,0.099225,1.6,4.25986,-1.5,0,0.00352579,3.71728,5.87653,0,0
1784,pour,18.412,16.3318,1.78871,0.045684,1.6,4.25986,-1.5,0,0.00352579,3.71728,5.87653,0,0
1785,destroyed,2.20667,0,2.00849,0.023446,0,0,0,6,0.00352579,3.71728,5.87653,0,0
1786,destroyed,12.474,10.8052,1.45808,0.041649,0,0,0,6,0.00352579,3.71728,5.87653,0,0
1787,destroyed,1.39656,0,1.26808,0.011628,0,0,0,6,0.00352579,3.71728,5.87653,0,0
1788,destroyed,11.2736,9.98542,1.13107,0.023763,0,0,0,6,0.00352579,3.71728,5.87653,0,0
1789,destroyed,1.23318,0,1.13641,0.022192,0,0,0,6,0.00352579,3.71728,5.87653,0,0
1790,destroyed,11.6775,10.4175,1.11029,0.027316,0,0,0,6,0.00352579,3.71728,5.87653,0,0
1791,destroyed,1.31383,0,1.15315,0.03125,0,0,0,6,0.00352579,3.71728,5.87653,0,0
1792,destroyed,12.3534,10.6207,1.47406,0.040607,0,0,0,6,0.00352579,3.71728,5.87653,0,0
1793,destroyed,1.25,0,1.12151,0.011794,0,0,0,6,0.00352579,3.71728,5.87653,0,0
1794,destroyed,11.2984,9.96345,1.18338,0.018805,0,0,0,6,0.00352579,3.71728,5.87653,0,0
