gamma_0_sphere 0.009999999776482582 0 1 1 1 sphere 1.0000002384185791 0 0 1 0 0 0 0.5 0.5 0.5 0.5 0 box 0 0 0 1 0 0 0 0.5 0.5 0.5 0.5 0
gamma_0_box 0.009999999776482582 0 1 1 1 box 1.0000002384185791 0 0 1 0 0 0 0.5 0.5 0.5 0.5 0 box 0 0 0 1 0 0 0 0.5 0.5 0.5 0.5 0
gamma_137_sphere 0.009999999776482582 0 1 1 1 sphere 138.00003051757812 0 0 1 0 0 0 0.5 0.5 0.5 0.5 0 box 137 0 0 1 0 0 0 0.5 0.5 0.5 0.5 0
gamma_137_box 0.009999999776482582 0 1 1 1 box 138.00003051757812 0 0 1 0 0 0 0.5 0.5 0.5 0.5 0 box 137 0 0 1 0 0 0 0.5 0.5 0.5 0.5 0
gamma_1024_sphere 0.009999999776482582 0 1 1 1 sphere 1025.000244140625 0 0 1 0 0 0 0.5 0.5 0.5 0.5 0 box 1024 0 0 1 0 0 0 0.5 0.5 0.5 0.5 0
gamma_1024_box 0.009999999776482582 0 1 1 1 box 1025.000244140625 0 0 1 0 0 0 0.5 0.5 0.5 0.5 0 box 1024 0 0 1 0 0 0 0.5 0.5 0.5 0.5 0
gamma_32768_sphere 1.0 0 1 1 1 sphere 32769.0078125 0 0 1 0 0 0 0.5 0.5 0.5 0.5 0 box 32768 0 0 1 0 0 0 0.5 0.5 0.5 0.5 0
gamma_32768_box 1.0 0 1 1 1 box 32769.0078125 0 0 1 0 0 0 0.5 0.5 0.5 0.5 0 box 32768 0 0 1 0 0 0 0.5 0.5 0.5 0.5 0
gamma_1048576_sphere 1.0 0 1 1 1 sphere 1048577.25 0 0 1 0 0 0 0.5 0.5 0.5 0.5 0 box 1048576 0 0 1 0 0 0 0.5 0.5 0.5 0.5 0
gamma_1048576_box 1.0 0 1 1 1 box 1048577.25 0 0 1 0 0 0 0.5 0.5 0.5 0.5 0 box 1048576 0 0 1 0 0 0 0.5 0.5 0.5 0.5 0
lost_input_gap 0.0 1 1 1 0 sphere 1000001 0 0 1 0 0 0 0.5 0.5 0.5 0.5 0 sphere 1000000 0 0 1 0 0 0 0.5 0.5 0.5 0.5 0
ss_s0.001_t0_r0_g0_m0 0.0 1 1 1 -1 sphere 0.00099902343936264515 0 0 1 0 0 0 0.00050000002374872565 0.00050000002374872565 0.00050000002374872565 0.00050000002374872565 0 sphere 0 0 0 1 0 0 0 0.00050000002374872565 0.00050000002374872565 0.00050000002374872565 0.00050000002374872565 0
ss_s0.001_t0_r0_g0_m1 7.812500371073838e-06 1 1 1 -1 sphere 0.00099902343936264515 0 0 1 0 0 0 0.00050000002374872565 0.00050000002374872565 0.00050000002374872565 0.00050000002374872565 0 sphere 0 0 0 1 0 0 0 0.00050000002374872565 0.00050000002374872565 0.00050000002374872565 0.00050000002374872565 0
sb_s0.001_t0_r0_g0_m0 0.0 1 1 1 -1 sphere 0.00099902343936264515 0 0 1 0 0 0 0.00050000002374872565 0.00050000002374872565 0.00050000002374872565 0.00050000002374872565 0 box 0 0 0 1 0 0 0 0.00050000002374872565 0.00050000002374872565 0.00050000002374872565 0.00050000002374872565 0
sb_s0.001_t0_r0_g0_m1 7.812500371073838e-06 1 1 1 -1 sphere 0.00099902343936264515 0 0 1 0 0 0 0.00050000002374872565 0.00050000002374872565 0.00050000002374872565 0.00050000002374872565 0 box 0 0 0 1 0 0 0 0.00050000002374872565 0.00050000002374872565 0.00050000002374872565 0.00050000002374872565 0
bb_s0.001_t0_r0_g0_m0 0.0 1 1 1 -1 box 0.00099902343936264515 0 0 1 0 0 0 0.00050000002374872565 0.00050000002374872565 0.00050000002374872565 0.00050000002374872565 0 box 0 0 0 1 0 0 0 0.00050000002374872565 0.00050000002374872565 0.00050000002374872565 0.00050000002374872565 0
bb_s0.001_t0_r0_g0_m1 7.812500371073838e-06 1 1 1 -1 box 0.00099902343936264515 0 0 1 0 0 0 0.00050000002374872565 0.00050000002374872565 0.00050000002374872565 0.00050000002374872565 0 box 0 0 0 1 0 0 0 0.00050000002374872565 0.00050000002374872565 0.00050000002374872565 0.00050000002374872565 0
ss_s0.001_t0_r0_g1_m0 0.0 1 1 1 0 sphere 0.0010000000474974513 0 0 1 0 0 0 0.00050000002374872565 0.00050000002374872565 0.00050000002374872565 0.00050000002374872565 0 sphere 0 0 0 1 0 0 0 0.00050000002374872565 0.00050000002374872565 0.00050000002374872565 0.00050000002374872565 0
ss_s0.001_t0_r0_g1_m1 7.812500371073838e-06 1 1 1 0 sphere 0.0010000000474974513 0 0 1 0 0 0 0.00050000002374872565 0.00050000002374872565 0.00050000002374872565 0.00050000002374872565 0 sphere 0 0 0 1 0 0 0 0.00050000002374872565 0.00050000002374872565 0.00050000002374872565 0.00050000002374872565 0
sb_s0.001_t0_r0_g1_m0 0.0 1 1 1 0 sphere 0.0010000000474974513 0 0 1 0 0 0 0.00050000002374872565 0.00050000002374872565 0.00050000002374872565 0.00050000002374872565 0 box 0 0 0 1 0 0 0 0.00050000002374872565 0.00050000002374872565 0.00050000002374872565 0.00050000002374872565 0
sb_s0.001_t0_r0_g1_m1 7.812500371073838e-06 1 1 1 0 sphere 0.0010000000474974513 0 0 1 0 0 0 0.00050000002374872565 0.00050000002374872565 0.00050000002374872565 0.00050000002374872565 0 box 0 0 0 1 0 0 0 0.00050000002374872565 0.00050000002374872565 0.00050000002374872565 0.00050000002374872565 0
bb_s0.001_t0_r0_g1_m0 0.0 1 1 1 0 box 0.0010000000474974513 0 0 1 0 0 0 0.00050000002374872565 0.00050000002374872565 0.00050000002374872565 0.00050000002374872565 0 box 0 0 0 1 0 0 0 0.00050000002374872565 0.00050000002374872565 0.00050000002374872565 0.00050000002374872565 0
bb_s0.001_t0_r0_g1_m1 7.812500371073838e-06 1 1 1 0 box 0.0010000000474974513 0 0 1 0 0 0 0.00050000002374872565 0.00050000002374872565 0.00050000002374872565 0.00050000002374872565 0 box 0 0 0 1 0 0 0 0.00050000002374872565 0.00050000002374872565 0.00050000002374872565 0.00050000002374872565 0
ss_s0.001_t0_r0_g2_m0 0.0 0 1 0 1 sphere 0.0010009765392169356 0 0 1 0 0 0 0.00050000002374872565 0.00050000002374872565 0.00050000002374872565 0.00050000002374872565 0 sphere 0 0 0 1 0 0 0 0.00050000002374872565 0.00050000002374872565 0.00050000002374872565 0.00050000002374872565 0
ss_s0.001_t0_r0_g2_m1 7.812500371073838e-06 0 1 1 1 sphere 0.0010009765392169356 0 0 1 0 0 0 0.00050000002374872565 0.00050000002374872565 0.00050000002374872565 0.00050000002374872565 0 sphere 0 0 0 1 0 0 0 0.00050000002374872565 0.00050000002374872565 0.00050000002374872565 0.00050000002374872565 0
sb_s0.001_t0_r0_g2_m0 0.0 0 1 0 1 sphere 0.0010009765392169356 0 0 1 0 0 0 0.00050000002374872565 0.00050000002374872565 0.00050000002374872565 0.00050000002374872565 0 box 0 0 0 1 0 0 0 0.00050000002374872565 0.00050000002374872565 0.00050000002374872565 0.00050000002374872565 0
sb_s0.001_t0_r0_g2_m1 7.812500371073838e-06 0 1 1 1 sphere 0.0010009765392169356 0 0 1 0 0 0 0.00050000002374872565 0.00050000002374872565 0.00050000002374872565 0.00050000002374872565 0 box 0 0 0 1 0 0 0 0.00050000002374872565 0.00050000002374872565 0.00050000002374872565 0.00050000002374872565 0
bb_s0.001_t0_r0_g2_m0 0.0 0 1 0 1 box 0.0010009765392169356 0 0 1 0 0 0 0.00050000002374872565 0.00050000002374872565 0.00050000002374872565 0.00050000002374872565 0 box 0 0 0 1 0 0 0 0.00050000002374872565 0.00050000002374872565 0.00050000002374872565 0.00050000002374872565 0
bb_s0.001_t0_r0_g2_m1 7.812500371073838e-06 0 1 1 1 box 0.0010009765392169356 0 0 1 0 0 0 0.00050000002374872565 0.00050000002374872565 0.00050000002374872565 0.00050000002374872565 0 box 0 0 0 1 0 0 0 0.00050000002374872565 0.00050000002374872565 0.00050000002374872565 0.00050000002374872565 0
ss_s0.001_t0_r1_g0_m0 0.0 1 1 1 -1 sphere 0.00035964843118563294 0.00079921877477318048 -0.00047953124158084393 4 1 2 2 0.00050000002374872565 0.00050000002374872565 0.00050000002374872565 0.00050000002374872565 0 sphere 0 0 0 4 1 2 2 0.00050000002374872565 0.00050000002374872565 0.00050000002374872565 0.00050000002374872565 0
ss_s0.001_t0_r1_g0_m1 7.812500371073838e-06 1 1 1 -1 sphere 0.00035964843118563294 0.00079921877477318048 -0.00047953124158084393 4 1 2 2 0.00050000002374872565 0.00050000002374872565 0.00050000002374872565 0.00050000002374872565 0 sphere 0 0 0 4 1 2 2 0.00050000002374872565 0.00050000002374872565 0.00050000002374872565 0.00050000002374872565 0
sb_s0.001_t0_r1_g0_m0 0.0 1 1 1 -1 sphere 0.00035964843118563294 0.00079921877477318048 -0.00047953124158084393 4 1 2 2 0.00050000002374872565 0.00050000002374872565 0.00050000002374872565 0.00050000002374872565 0 box 0 0 0 4 1 2 2 0.00050000002374872565 0.00050000002374872565 0.00050000002374872565 0.00050000002374872565 0
sb_s0.001_t0_r1_g0_m1 7.812500371073838e-06 1 1 1 -1 sphere 0.00035964843118563294 0.00079921877477318048 -0.00047953124158084393 4 1 2 2 0.00050000002374872565 0.00050000002374872565 0.00050000002374872565 0.00050000002374872565 0 box 0 0 0 4 1 2 2 0.00050000002374872565 0.00050000002374872565 0.00050000002374872565 0.00050000002374872565 0
bb_s0.001_t0_r1_g0_m0 0.0 1 1 1 -1 box 0.00035964843118563294 0.00079921877477318048 -0.00047953124158084393 4 1 2 2 0.00050000002374872565 0.00050000002374872565 0.00050000002374872565 0.00050000002374872565 0 box 0 0 0 4 1 2 2 0.00050000002374872565 0.00050000002374872565 0.00050000002374872565 0.00050000002374872565 0
bb_s0.001_t0_r1_g0_m1 7.812500371073838e-06 1 1 1 -1 box 0.00035964843118563294 0.00079921877477318048 -0.00047953124158084393 4 1 2 2 0.00050000002374872565 0.00050000002374872565 0.00050000002374872565 0.00050000002374872565 0 box 0 0 0 4 1 2 2 0.00050000002374872565 0.00050000002374872565 0.00050000002374872565 0.00050000002374872565 0
ss_s0.001_t0_r1_g1_m0 0.0 1 1 1 -1 sphere 0.00036000000545755029 0.00080000003799796104 -0.00048000001697801054 4 1 2 2 0.00050000002374872565 0.00050000002374872565 0.00050000002374872565 0.00050000002374872565 0 sphere 0 0 0 4 1 2 2 0.00050000002374872565 0.00050000002374872565 0.00050000002374872565 0.00050000002374872565 0
ss_s0.001_t0_r1_g1_m1 7.812500371073838e-06 1 1 1 -1 sphere 0.00036000000545755029 0.00080000003799796104 -0.00048000001697801054 4 1 2 2 0.00050000002374872565 0.00050000002374872565 0.00050000002374872565 0.00050000002374872565 0 sphere 0 0 0 4 1 2 2 0.00050000002374872565 0.00050000002374872565 0.00050000002374872565 0.00050000002374872565 0
sb_s0.001_t0_r1_g1_m0 0.0 1 1 1 -1 sphere 0.00036000000545755029 0.00080000003799796104 -0.00048000001697801054 4 1 2 2 0.00050000002374872565 0.00050000002374872565 0.00050000002374872565 0.00050000002374872565 0 box 0 0 0 4 1 2 2 0.00050000002374872565 0.00050000002374872565 0.00050000002374872565 0.00050000002374872565 0
sb_s0.001_t0_r1_g1_m1 7.812500371073838e-06 1 1 1 -1 sphere 0.00036000000545755029 0.00080000003799796104 -0.00048000001697801054 4 1 2 2 0.00050000002374872565 0.00050000002374872565 0.00050000002374872565 0.00050000002374872565 0 box 0 0 0 4 1 2 2 0.00050000002374872565 0.00050000002374872565 0.00050000002374872565 0.00050000002374872565 0
bb_s0.001_t0_r1_g1_m0 0.0 1 1 1 -1 box 0.00036000000545755029 0.00080000003799796104 -0.00048000001697801054 4 1 2 2 0.00050000002374872565 0.00050000002374872565 0.00050000002374872565 0.00050000002374872565 0 box 0 0 0 4 1 2 2 0.00050000002374872565 0.00050000002374872565 0.00050000002374872565 0.00050000002374872565 0
bb_s0.001_t0_r1_g1_m1 7.812500371073838e-06 1 1 1 -1 box 0.00036000000545755029 0.00080000003799796104 -0.00048000001697801054 4 1 2 2 0.00050000002374872565 0.00050000002374872565 0.00050000002374872565 0.00050000002374872565 0 box 0 0 0 4 1 2 2 0.00050000002374872565 0.00050000002374872565 0.00050000002374872565 0.00050000002374872565 0
ss_s0.001_t0_r1_g2_m0 0.0 0 1 0 1 sphere 0.00036035155062563717 0.00080078124301508069 -0.00048046873416751623 4 1 2 2 0.00050000002374872565 0.00050000002374872565 0.00050000002374872565 0.00050000002374872565 0 sphere 0 0 0 4 1 2 2 0.00050000002374872565 0.00050000002374872565 0.00050000002374872565 0.00050000002374872565 0
ss_s0.001_t0_r1_g2_m1 7.812500371073838e-06 0 1 1 1 sphere 0.00036035155062563717 0.00080078124301508069 -0.00048046873416751623 4 1 2 2 0.00050000002374872565 0.00050000002374872565 0.00050000002374872565 0.00050000002374872565 0 sphere 0 0 0 4 1 2 2 0.00050000002374872565 0.00050000002374872565 0.00050000002374872565 0.00050000002374872565 0
sb_s0.001_t0_r1_g2_m0 0.0 0 1 0 1 sphere 0.00036035155062563717 0.00080078124301508069 -0.00048046873416751623 4 1 2 2 0.00050000002374872565 0.00050000002374872565 0.00050000002374872565 0.00050000002374872565 0 box 0 0 0 4 1 2 2 0.00050000002374872565 0.00050000002374872565 0.00050000002374872565 0.00050000002374872565 0
sb_s0.001_t0_r1_g2_m1 7.812500371073838e-06 0 1 1 1 sphere 0.00036035155062563717 0.00080078124301508069 -0.00048046873416751623 4 1 2 2 0.00050000002374872565 0.00050000002374872565 0.00050000002374872565 0.00050000002374872565 0 box 0 0 0 4 1 2 2 0.00050000002374872565 0.00050000002374872565 0.00050000002374872565 0.00050000002374872565 0
bb_s0.001_t0_r1_g2_m0 0.0 0 1 0 1 box 0.00036035155062563717 0.00080078124301508069 -0.00048046873416751623 4 1 2 2 0.00050000002374872565 0.00050000002374872565 0.00050000002374872565 0.00050000002374872565 0 box 0 0 0 4 1 2 2 0.00050000002374872565 0.00050000002374872565 0.00050000002374872565 0.00050000002374872565 0
bb_s0.001_t0_r1_g2_m1 7.812500371073838e-06 0 1 1 1 box 0.00036035155062563717 0.00080078124301508069 -0.00048046873416751623 4 1 2 2 0.00050000002374872565 0.00050000002374872565 0.00050000002374872565 0.00050000002374872565 0 box 0 0 0 4 1 2 2 0.00050000002374872565 0.00050000002374872565 0.00050000002374872565 0.00050000002374872565 0
ss_s0.001_t10_r0_g0_m0 0.0 1 1 1 -1 sphere 10.000999450683594 -10 20 1 0 0 0 0.00050000002374872565 0.00050000002374872565 0.00050000002374872565 0.00050000002374872565 0 sphere 10 -10 20 1 0 0 0 0.00050000002374872565 0.00050000002374872565 0.00050000002374872565 0.00050000002374872565 0
ss_s0.001_t10_r0_g0_m1 7.812500371073838e-06 1 1 1 -1 sphere 10.000999450683594 -10 20 1 0 0 0 0.00050000002374872565 0.00050000002374872565 0.00050000002374872565 0.00050000002374872565 0 sphere 10 -10 20 1 0 0 0 0.00050000002374872565 0.00050000002374872565 0.00050000002374872565 0.00050000002374872565 0
sb_s0.001_t10_r0_g0_m0 0.0 1 1 1 -1 sphere 10.000999450683594 -10 20 1 0 0 0 0.00050000002374872565 0.00050000002374872565 0.00050000002374872565 0.00050000002374872565 0 box 10 -10 20 1 0 0 0 0.00050000002374872565 0.00050000002374872565 0.00050000002374872565 0.00050000002374872565 0
sb_s0.001_t10_r0_g0_m1 7.812500371073838e-06 1 1 1 -1 sphere 10.000999450683594 -10 20 1 0 0 0 0.00050000002374872565 0.00050000002374872565 0.00050000002374872565 0.00050000002374872565 0 box 10 -10 20 1 0 0 0 0.00050000002374872565 0.00050000002374872565 0.00050000002374872565 0.00050000002374872565 0
bb_s0.001_t10_r0_g0_m0 0.0 1 1 1 -1 box 10.000999450683594 -10 20 1 0 0 0 0.00050000002374872565 0.00050000002374872565 0.00050000002374872565 0.00050000002374872565 0 box 10 -10 20 1 0 0 0 0.00050000002374872565 0.00050000002374872565 0.00050000002374872565 0.00050000002374872565 0
bb_s0.001_t10_r0_g0_m1 7.812500371073838e-06 1 1 1 -1 box 10.000999450683594 -10 20 1 0 0 0 0.00050000002374872565 0.00050000002374872565 0.00050000002374872565 0.00050000002374872565 0 box 10 -10 20 1 0 0 0 0.00050000002374872565 0.00050000002374872565 0.00050000002374872565 0.00050000002374872565 0
ss_s0.001_t10_r0_g1_m0 0.0 0 1 0 1 sphere 10.00100040435791 -10 20 1 0 0 0 0.00050000002374872565 0.00050000002374872565 0.00050000002374872565 0.00050000002374872565 0 sphere 10 -10 20 1 0 0 0 0.00050000002374872565 0.00050000002374872565 0.00050000002374872565 0.00050000002374872565 0
ss_s0.001_t10_r0_g1_m1 7.812500371073838e-06 0 1 1 1 sphere 10.00100040435791 -10 20 1 0 0 0 0.00050000002374872565 0.00050000002374872565 0.00050000002374872565 0.00050000002374872565 0 sphere 10 -10 20 1 0 0 0 0.00050000002374872565 0.00050000002374872565 0.00050000002374872565 0.00050000002374872565 0
sb_s0.001_t10_r0_g1_m0 0.0 0 1 0 1 sphere 10.00100040435791 -10 20 1 0 0 0 0.00050000002374872565 0.00050000002374872565 0.00050000002374872565 0.00050000002374872565 0 box 10 -10 20 1 0 0 0 0.00050000002374872565 0.00050000002374872565 0.00050000002374872565 0.00050000002374872565 0
sb_s0.001_t10_r0_g1_m1 7.812500371073838e-06 0 1 1 1 sphere 10.00100040435791 -10 20 1 0 0 0 0.00050000002374872565 0.00050000002374872565 0.00050000002374872565 0.00050000002374872565 0 box 10 -10 20 1 0 0 0 0.00050000002374872565 0.00050000002374872565 0.00050000002374872565 0.00050000002374872565 0
bb_s0.001_t10_r0_g1_m0 0.0 0 1 0 1 box 10.00100040435791 -10 20 1 0 0 0 0.00050000002374872565 0.00050000002374872565 0.00050000002374872565 0.00050000002374872565 0 box 10 -10 20 1 0 0 0 0.00050000002374872565 0.00050000002374872565 0.00050000002374872565 0.00050000002374872565 0
bb_s0.001_t10_r0_g1_m1 7.812500371073838e-06 0 1 1 1 box 10.00100040435791 -10 20 1 0 0 0 0.00050000002374872565 0.00050000002374872565 0.00050000002374872565 0.00050000002374872565 0 box 10 -10 20 1 0 0 0 0.00050000002374872565 0.00050000002374872565 0.00050000002374872565 0.00050000002374872565 0
ss_s0.001_t10_r0_g2_m0 0.0 0 1 0 1 sphere 10.001001358032227 -10 20 1 0 0 0 0.00050000002374872565 0.00050000002374872565 0.00050000002374872565 0.00050000002374872565 0 sphere 10 -10 20 1 0 0 0 0.00050000002374872565 0.00050000002374872565 0.00050000002374872565 0.00050000002374872565 0
ss_s0.001_t10_r0_g2_m1 7.812500371073838e-06 0 1 1 1 sphere 10.001001358032227 -10 20 1 0 0 0 0.00050000002374872565 0.00050000002374872565 0.00050000002374872565 0.00050000002374872565 0 sphere 10 -10 20 1 0 0 0 0.00050000002374872565 0.00050000002374872565 0.00050000002374872565 0.00050000002374872565 0
sb_s0.001_t10_r0_g2_m0 0.0 0 1 0 1 sphere 10.001001358032227 -10 20 1 0 0 0 0.00050000002374872565 0.00050000002374872565 0.00050000002374872565 0.00050000002374872565 0 box 10 -10 20 1 0 0 0 0.00050000002374872565 0.00050000002374872565 0.00050000002374872565 0.00050000002374872565 0
sb_s0.001_t10_r0_g2_m1 7.812500371073838e-06 0 1 1 1 sphere 10.001001358032227 -10 20 1 0 0 0 0.00050000002374872565 0.00050000002374872565 0.00050000002374872565 0.00050000002374872565 0 box 10 -10 20 1 0 0 0 0.00050000002374872565 0.00050000002374872565 0.00050000002374872565 0.00050000002374872565 0
bb_s0.001_t10_r0_g2_m0 0.0 0 1 0 1 box 10.001001358032227 -10 20 1 0 0 0 0.00050000002374872565 0.00050000002374872565 0.00050000002374872565 0.00050000002374872565 0 box 10 -10 20 1 0 0 0 0.00050000002374872565 0.00050000002374872565 0.00050000002374872565 0.00050000002374872565 0
bb_s0.001_t10_r0_g2_m1 7.812500371073838e-06 0 1 1 1 box 10.001001358032227 -10 20 1 0 0 0 0.00050000002374872565 0.00050000002374872565 0.00050000002374872565 0.00050000002374872565 0 box 10 -10 20 1 0 0 0 0.00050000002374872565 0.00050000002374872565 0.00050000002374872565 0.00050000002374872565 0
ss_s0.001_t10_r1_g0_m0 0.0 1 1 1 -1 sphere 10.000359535217285 -9.9992008209228516 19.999521255493164 4 1 2 2 0.00050000002374872565 0.00050000002374872565 0.00050000002374872565 0.00050000002374872565 0 sphere 10 -10 20 4 1 2 2 0.00050000002374872565 0.00050000002374872565 0.00050000002374872565 0.00050000002374872565 0
ss_s0.001_t10_r1_g0_m1 7.812500371073838e-06 1 1 1 -1 sphere 10.000359535217285 -9.9992008209228516 19.999521255493164 4 1 2 2 0.00050000002374872565 0.00050000002374872565 0.00050000002374872565 0.00050000002374872565 0 sphere 10 -10 20 4 1 2 2 0.00050000002374872565 0.00050000002374872565 0.00050000002374872565 0.00050000002374872565 0
sb_s0.001_t10_r1_g0_m0 0.0 1 1 1 -1 sphere 10.000359535217285 -9.9992008209228516 19.999521255493164 4 1 2 2 0.00050000002374872565 0.00050000002374872565 0.00050000002374872565 0.00050000002374872565 0 box 10 -10 20 4 1 2 2 0.00050000002374872565 0.00050000002374872565 0.00050000002374872565 0.00050000002374872565 0
sb_s0.001_t10_r1_g0_m1 7.812500371073838e-06 1 1 1 -1 sphere 10.000359535217285 -9.9992008209228516 19.999521255493164 4 1 2 2 0.00050000002374872565 0.00050000002374872565 0.00050000002374872565 0.00050000002374872565 0 box 10 -10 20 4 1 2 2 0.00050000002374872565 0.00050000002374872565 0.00050000002374872565 0.00050000002374872565 0
bb_s0.001_t10_r1_g0_m0 0.0 1 1 1 -1 box 10.000359535217285 -9.9992008209228516 19.999521255493164 4 1 2 2 0.00050000002374872565 0.00050000002374872565 0.00050000002374872565 0.00050000002374872565 0 box 10 -10 20 4 1 2 2 0.00050000002374872565 0.00050000002374872565 0.00050000002374872565 0.00050000002374872565 0
bb_s0.001_t10_r1_g0_m1 7.812500371073838e-06 1 1 1 -1 box 10.000359535217285 -9.9992008209228516 19.999521255493164 4 1 2 2 0.00050000002374872565 0.00050000002374872565 0.00050000002374872565 0.00050000002374872565 0 box 10 -10 20 4 1 2 2 0.00050000002374872565 0.00050000002374872565 0.00050000002374872565 0.00050000002374872565 0
ss_s0.001_t10_r1_g1_m0 0.0 0 1 0 1 sphere 10.000359535217285 -9.9991998672485352 19.999519348144531 4 1 2 2 0.00050000002374872565 0.00050000002374872565 0.00050000002374872565 0.00050000002374872565 0 sphere 10 -10 20 4 1 2 2 0.00050000002374872565 0.00050000002374872565 0.00050000002374872565 0.00050000002374872565 0
ss_s0.001_t10_r1_g1_m1 7.812500371073838e-06 0 1 1 1 sphere 10.000359535217285 -9.9991998672485352 19.999519348144531 4 1 2 2 0.00050000002374872565 0.00050000002374872565 0.00050000002374872565 0.00050000002374872565 0 sphere 10 -10 20 4 1 2 2 0.00050000002374872565 0.00050000002374872565 0.00050000002374872565 0.00050000002374872565 0
sb_s0.001_t10_r1_g1_m0 0.0 0 1 0 1 sphere 10.000359535217285 -9.9991998672485352 19.999519348144531 4 1 2 2 0.00050000002374872565 0.00050000002374872565 0.00050000002374872565 0.00050000002374872565 0 box 10 -10 20 4 1 2 2 0.00050000002374872565 0.00050000002374872565 0.00050000002374872565 0.00050000002374872565 0
sb_s0.001_t10_r1_g1_m1 7.812500371073838e-06 0 1 1 1 sphere 10.000359535217285 -9.9991998672485352 19.999519348144531 4 1 2 2 0.00050000002374872565 0.00050000002374872565 0.00050000002374872565 0.00050000002374872565 0 box 10 -10 20 4 1 2 2 0.00050000002374872565 0.00050000002374872565 0.00050000002374872565 0.00050000002374872565 0
bb_s0.001_t10_r1_g1_m0 0.0 0 1 0 1 box 10.000359535217285 -9.9991998672485352 19.999519348144531 4 1 2 2 0.00050000002374872565 0.00050000002374872565 0.00050000002374872565 0.00050000002374872565 0 box 10 -10 20 4 1 2 2 0.00050000002374872565 0.00050000002374872565 0.00050000002374872565 0.00050000002374872565 0
bb_s0.001_t10_r1_g1_m1 7.812500371073838e-06 0 1 1 1 box 10.000359535217285 -9.9991998672485352 19.999519348144531 4 1 2 2 0.00050000002374872565 0.00050000002374872565 0.00050000002374872565 0.00050000002374872565 0 box 10 -10 20 4 1 2 2 0.00050000002374872565 0.00050000002374872565 0.00050000002374872565 0.00050000002374872565 0
ss_s0.001_t10_r1_g2_m0 0.0 0 1 0 1 sphere 10.000360488891602 -9.9991989135742188 19.999519348144531 4 1 2 2 0.00050000002374872565 0.00050000002374872565 0.00050000002374872565 0.00050000002374872565 0 sphere 10 -10 20 4 1 2 2 0.00050000002374872565 0.00050000002374872565 0.00050000002374872565 0.00050000002374872565 0
ss_s0.001_t10_r1_g2_m1 7.812500371073838e-06 0 1 1 1 sphere 10.000360488891602 -9.9991989135742188 19.999519348144531 4 1 2 2 0.00050000002374872565 0.00050000002374872565 0.00050000002374872565 0.00050000002374872565 0 sphere 10 -10 20 4 1 2 2 0.00050000002374872565 0.00050000002374872565 0.00050000002374872565 0.00050000002374872565 0
sb_s0.001_t10_r1_g2_m0 0.0 0 1 0 1 sphere 10.000360488891602 -9.9991989135742188 19.999519348144531 4 1 2 2 0.00050000002374872565 0.00050000002374872565 0.00050000002374872565 0.00050000002374872565 0 box 10 -10 20 4 1 2 2 0.00050000002374872565 0.00050000002374872565 0.00050000002374872565 0.00050000002374872565 0
sb_s0.001_t10_r1_g2_m1 7.812500371073838e-06 0 1 1 1 sphere 10.000360488891602 -9.9991989135742188 19.999519348144531 4 1 2 2 0.00050000002374872565 0.00050000002374872565 0.00050000002374872565 0.00050000002374872565 0 box 10 -10 20 4 1 2 2 0.00050000002374872565 0.00050000002374872565 0.00050000002374872565 0.00050000002374872565 0
bb_s0.001_t10_r1_g2_m0 0.0 0 1 0 1 box 10.000360488891602 -9.9991989135742188 19.999519348144531 4 1 2 2 0.00050000002374872565 0.00050000002374872565 0.00050000002374872565 0.00050000002374872565 0 box 10 -10 20 4 1 2 2 0.00050000002374872565 0.00050000002374872565 0.00050000002374872565 0.00050000002374872565 0
bb_s0.001_t10_r1_g2_m1 7.812500371073838e-06 0 1 1 1 box 10.000360488891602 -9.9991989135742188 19.999519348144531 4 1 2 2 0.00050000002374872565 0.00050000002374872565 0.00050000002374872565 0.00050000002374872565 0 box 10 -10 20 4 1 2 2 0.00050000002374872565 0.00050000002374872565 0.00050000002374872565 0.00050000002374872565 0
ss_s0.001_t137_r0_g0_m0 0.0 1 1 1 -1 sphere 137.00099182128906 -137 274 1 0 0 0 0.00050000002374872565 0.00050000002374872565 0.00050000002374872565 0.00050000002374872565 0 sphere 137 -137 274 1 0 0 0 0.00050000002374872565 0.00050000002374872565 0.00050000002374872565 0.00050000002374872565 0
ss_s0.001_t137_r0_g0_m1 7.812500371073838e-06 1 1 1 -1 sphere 137.00099182128906 -137 274 1 0 0 0 0.00050000002374872565 0.00050000002374872565 0.00050000002374872565 0.00050000002374872565 0 sphere 137 -137 274 1 0 0 0 0.00050000002374872565 0.00050000002374872565 0.00050000002374872565 0.00050000002374872565 0
sb_s0.001_t137_r0_g0_m0 0.0 1 1 1 -1 sphere 137.00099182128906 -137 274 1 0 0 0 0.00050000002374872565 0.00050000002374872565 0.00050000002374872565 0.00050000002374872565 0 box 137 -137 274 1 0 0 0 0.00050000002374872565 0.00050000002374872565 0.00050000002374872565 0.00050000002374872565 0
sb_s0.001_t137_r0_g0_m1 7.812500371073838e-06 1 1 1 -1 sphere 137.00099182128906 -137 274 1 0 0 0 0.00050000002374872565 0.00050000002374872565 0.00050000002374872565 0.00050000002374872565 0 box 137 -137 274 1 0 0 0 0.00050000002374872565 0.00050000002374872565 0.00050000002374872565 0.00050000002374872565 0
bb_s0.001_t137_r0_g0_m0 0.0 1 1 1 -1 box 137.00099182128906 -137 274 1 0 0 0 0.00050000002374872565 0.00050000002374872565 0.00050000002374872565 0.00050000002374872565 0 box 137 -137 274 1 0 0 0 0.00050000002374872565 0.00050000002374872565 0.00050000002374872565 0.00050000002374872565 0
bb_s0.001_t137_r0_g0_m1 7.812500371073838e-06 1 1 1 -1 box 137.00099182128906 -137 274 1 0 0 0 0.00050000002374872565 0.00050000002374872565 0.00050000002374872565 0.00050000002374872565 0 box 137 -137 274 1 0 0 0 0.00050000002374872565 0.00050000002374872565 0.00050000002374872565 0.00050000002374872565 0
ss_s0.001_t137_r0_g1_m0 0.0 0 1 0 1 sphere 137.00100708007812 -137 274 1 0 0 0 0.00050000002374872565 0.00050000002374872565 0.00050000002374872565 0.00050000002374872565 0 sphere 137 -137 274 1 0 0 0 0.00050000002374872565 0.00050000002374872565 0.00050000002374872565 0.00050000002374872565 0
ss_s0.001_t137_r0_g1_m1 7.812500371073838e-06 0 1 1 1 sphere 137.00100708007812 -137 274 1 0 0 0 0.00050000002374872565 0.00050000002374872565 0.00050000002374872565 0.00050000002374872565 0 sphere 137 -137 274 1 0 0 0 0.00050000002374872565 0.00050000002374872565 0.00050000002374872565 0.00050000002374872565 0
sb_s0.001_t137_r0_g1_m0 0.0 0 1 0 1 sphere 137.00100708007812 -137 274 1 0 0 0 0.00050000002374872565 0.00050000002374872565 0.00050000002374872565 0.00050000002374872565 0 box 137 -137 274 1 0 0 0 0.00050000002374872565 0.00050000002374872565 0.00050000002374872565 0.00050000002374872565 0
sb_s0.001_t137_r0_g1_m1 7.812500371073838e-06 0 1 1 1 sphere 137.00100708007812 -137 274 1 0 0 0 0.00050000002374872565 0.00050000002374872565 0.00050000002374872565 0.00050000002374872565 0 box 137 -137 274 1 0 0 0 0.00050000002374872565 0.00050000002374872565 0.00050000002374872565 0.00050000002374872565 0
bb_s0.001_t137_r0_g1_m0 0.0 0 1 0 1 box 137.00100708007812 -137 274 1 0 0 0 0.00050000002374872565 0.00050000002374872565 0.00050000002374872565 0.00050000002374872565 0 box 137 -137 274 1 0 0 0 0.00050000002374872565 0.00050000002374872565 0.00050000002374872565 0.00050000002374872565 0
bb_s0.001_t137_r0_g1_m1 7.812500371073838e-06 0 1 1 1 box 137.00100708007812 -137 274 1 0 0 0 0.00050000002374872565 0.00050000002374872565 0.00050000002374872565 0.00050000002374872565 0 box 137 -137 274 1 0 0 0 0.00050000002374872565 0.00050000002374872565 0.00050000002374872565 0.00050000002374872565 0
ss_s0.001_t137_r0_g2_m0 0.0 0 1 0 1 sphere 137.00100708007812 -137 274 1 0 0 0 0.00050000002374872565 0.00050000002374872565 0.00050000002374872565 0.00050000002374872565 0 sphere 137 -137 274 1 0 0 0 0.00050000002374872565 0.00050000002374872565 0.00050000002374872565 0.00050000002374872565 0
ss_s0.001_t137_r0_g2_m1 7.812500371073838e-06 0 1 1 1 sphere 137.00100708007812 -137 274 1 0 0 0 0.00050000002374872565 0.00050000002374872565 0.00050000002374872565 0.00050000002374872565 0 sphere 137 -137 274 1 0 0 0 0.00050000002374872565 0.00050000002374872565 0.00050000002374872565 0.00050000002374872565 0
sb_s0.001_t137_r0_g2_m0 0.0 0 1 0 1 sphere 137.00100708007812 -137 274 1 0 0 0 0.00050000002374872565 0.00050000002374872565 0.00050000002374872565 0.00050000002374872565 0 box 137 -137 274 1 0 0 0 0.00050000002374872565 0.00050000002374872565 0.00050000002374872565 0.00050000002374872565 0
sb_s0.001_t137_r0_g2_m1 7.812500371073838e-06 0 1 1 1 sphere 137.00100708007812 -137 274 1 0 0 0 0.00050000002374872565 0.00050000002374872565 0.00050000002374872565 0.00050000002374872565 0 box 137 -137 274 1 0 0 0 0.00050000002374872565 0.00050000002374872565 0.00050000002374872565 0.00050000002374872565 0
bb_s0.001_t137_r0_g2_m0 0.0 0 1 0 1 box 137.00100708007812 -137 274 1 0 0 0 0.00050000002374872565 0.00050000002374872565 0.00050000002374872565 0.00050000002374872565 0 box 137 -137 274 1 0 0 0 0.00050000002374872565 0.00050000002374872565 0.00050000002374872565 0.00050000002374872565 0
bb_s0.001_t137_r0_g2_m1 7.812500371073838e-06 0 1 1 1 box 137.00100708007812 -137 274 1 0 0 0 0.00050000002374872565 0.00050000002374872565 0.00050000002374872565 0.00050000002374872565 0 box 137 -137 274 1 0 0 0 0.00050000002374872565 0.00050000002374872565 0.00050000002374872565 0.00050000002374872565 0
ss_s0.001_t137_r1_g0_m0 0.0 0 1 0 1 sphere 137.0003662109375 -136.99920654296875 273.99951171875 4 1 2 2 0.00050000002374872565 0.00050000002374872565 0.00050000002374872565 0.00050000002374872565 0 sphere 137 -137 274 4 1 2 2 0.00050000002374872565 0.00050000002374872565 0.00050000002374872565 0.00050000002374872565 0
ss_s0.001_t137_r1_g0_m1 7.812500371073838e-06 0 1 1 1 sphere 137.0003662109375 -136.99920654296875 273.99951171875 4 1 2 2 0.00050000002374872565 0.00050000002374872565 0.00050000002374872565 0.00050000002374872565 0 sphere 137 -137 274 4 1 2 2 0.00050000002374872565 0.00050000002374872565 0.00050000002374872565 0.00050000002374872565 0
sb_s0.001_t137_r1_g0_m0 0.0 0 1 0 1 sphere 137.0003662109375 -136.99920654296875 273.99951171875 4 1 2 2 0.00050000002374872565 0.00050000002374872565 0.00050000002374872565 0.00050000002374872565 0 box 137 -137 274 4 1 2 2 0.00050000002374872565 0.00050000002374872565 0.00050000002374872565 0.00050000002374872565 0
sb_s0.001_t137_r1_g0_m1 7.812500371073838e-06 0 1 1 1 sphere 137.0003662109375 -136.99920654296875 273.99951171875 4 1 2 2 0.00050000002374872565 0.00050000002374872565 0.00050000002374872565 0.00050000002374872565 0 box 137 -137 274 4 1 2 2 0.00050000002374872565 0.00050000002374872565 0.00050000002374872565 0.00050000002374872565 0
bb_s0.001_t137_r1_g0_m0 0.0 0 1 0 1 box 137.0003662109375 -136.99920654296875 273.99951171875 4 1 2 2 0.00050000002374872565 0.00050000002374872565 0.00050000002374872565 0.00050000002374872565 0 box 137 -137 274 4 1 2 2 0.00050000002374872565 0.00050000002374872565 0.00050000002374872565 0.00050000002374872565 0
bb_s0.001_t137_r1_g0_m1 7.812500371073838e-06 0 1 1 1 box 137.0003662109375 -136.99920654296875 273.99951171875 4 1 2 2 0.00050000002374872565 0.00050000002374872565 0.00050000002374872565 0.00050000002374872565 0 box 137 -137 274 4 1 2 2 0.00050000002374872565 0.00050000002374872565 0.00050000002374872565 0.00050000002374872565 0
ss_s0.001_t137_r1_g1_m0 0.0 0 1 0 1 sphere 137.0003662109375 -136.99920654296875 273.99951171875 4 1 2 2 0.00050000002374872565 0.00050000002374872565 0.00050000002374872565 0.00050000002374872565 0 sphere 137 -137 274 4 1 2 2 0.00050000002374872565 0.00050000002374872565 0.00050000002374872565 0.00050000002374872565 0
ss_s0.001_t137_r1_g1_m1 7.812500371073838e-06 0 1 1 1 sphere 137.0003662109375 -136.99920654296875 273.99951171875 4 1 2 2 0.00050000002374872565 0.00050000002374872565 0.00050000002374872565 0.00050000002374872565 0 sphere 137 -137 274 4 1 2 2 0.00050000002374872565 0.00050000002374872565 0.00050000002374872565 0.00050000002374872565 0
sb_s0.001_t137_r1_g1_m0 0.0 0 1 0 1 sphere 137.0003662109375 -136.99920654296875 273.99951171875 4 1 2 2 0.00050000002374872565 0.00050000002374872565 0.00050000002374872565 0.00050000002374872565 0 box 137 -137 274 4 1 2 2 0.00050000002374872565 0.00050000002374872565 0.00050000002374872565 0.00050000002374872565 0
sb_s0.001_t137_r1_g1_m1 7.812500371073838e-06 0 1 1 1 sphere 137.0003662109375 -136.99920654296875 273.99951171875 4 1 2 2 0.00050000002374872565 0.00050000002374872565 0.00050000002374872565 0.00050000002374872565 0 box 137 -137 274 4 1 2 2 0.00050000002374872565 0.00050000002374872565 0.00050000002374872565 0.00050000002374872565 0
bb_s0.001_t137_r1_g1_m0 0.0 0 1 0 1 box 137.0003662109375 -136.99920654296875 273.99951171875 4 1 2 2 0.00050000002374872565 0.00050000002374872565 0.00050000002374872565 0.00050000002374872565 0 box 137 -137 274 4 1 2 2 0.00050000002374872565 0.00050000002374872565 0.00050000002374872565 0.00050000002374872565 0
bb_s0.001_t137_r1_g1_m1 7.812500371073838e-06 0 1 1 1 box 137.0003662109375 -136.99920654296875 273.99951171875 4 1 2 2 0.00050000002374872565 0.00050000002374872565 0.00050000002374872565 0.00050000002374872565 0 box 137 -137 274 4 1 2 2 0.00050000002374872565 0.00050000002374872565 0.00050000002374872565 0.00050000002374872565 0
ss_s0.001_t137_r1_g2_m0 0.0 0 1 0 1 sphere 137.0003662109375 -136.99920654296875 273.99951171875 4 1 2 2 0.00050000002374872565 0.00050000002374872565 0.00050000002374872565 0.00050000002374872565 0 sphere 137 -137 274 4 1 2 2 0.00050000002374872565 0.00050000002374872565 0.00050000002374872565 0.00050000002374872565 0
ss_s0.001_t137_r1_g2_m1 7.812500371073838e-06 0 1 1 1 sphere 137.0003662109375 -136.99920654296875 273.99951171875 4 1 2 2 0.00050000002374872565 0.00050000002374872565 0.00050000002374872565 0.00050000002374872565 0 sphere 137 -137 274 4 1 2 2 0.00050000002374872565 0.00050000002374872565 0.00050000002374872565 0.00050000002374872565 0
sb_s0.001_t137_r1_g2_m0 0.0 0 1 0 1 sphere 137.0003662109375 -136.99920654296875 273.99951171875 4 1 2 2 0.00050000002374872565 0.00050000002374872565 0.00050000002374872565 0.00050000002374872565 0 box 137 -137 274 4 1 2 2 0.00050000002374872565 0.00050000002374872565 0.00050000002374872565 0.00050000002374872565 0
sb_s0.001_t137_r1_g2_m1 7.812500371073838e-06 0 1 1 1 sphere 137.0003662109375 -136.99920654296875 273.99951171875 4 1 2 2 0.00050000002374872565 0.00050000002374872565 0.00050000002374872565 0.00050000002374872565 0 box 137 -137 274 4 1 2 2 0.00050000002374872565 0.00050000002374872565 0.00050000002374872565 0.00050000002374872565 0
bb_s0.001_t137_r1_g2_m0 0.0 0 1 0 1 box 137.0003662109375 -136.99920654296875 273.99951171875 4 1 2 2 0.00050000002374872565 0.00050000002374872565 0.00050000002374872565 0.00050000002374872565 0 box 137 -137 274 4 1 2 2 0.00050000002374872565 0.00050000002374872565 0.00050000002374872565 0.00050000002374872565 0
bb_s0.001_t137_r1_g2_m1 7.812500371073838e-06 0 1 1 1 box 137.0003662109375 -136.99920654296875 273.99951171875 4 1 2 2 0.00050000002374872565 0.00050000002374872565 0.00050000002374872565 0.00050000002374872565 0 box 137 -137 274 4 1 2 2 0.00050000002374872565 0.00050000002374872565 0.00050000002374872565 0.00050000002374872565 0
ss_s0.001_t1000_r0_g0_m0 0.0 1 1 1 -1 sphere 1000.0009765625 -1000 2000 1 0 0 0 0.00050000002374872565 0.00050000002374872565 0.00050000002374872565 0.00050000002374872565 0 sphere 1000 -1000 2000 1 0 0 0 0.00050000002374872565 0.00050000002374872565 0.00050000002374872565 0.00050000002374872565 0
ss_s0.001_t1000_r0_g0_m1 7.812500371073838e-06 1 1 1 -1 sphere 1000.0009765625 -1000 2000 1 0 0 0 0.00050000002374872565 0.00050000002374872565 0.00050000002374872565 0.00050000002374872565 0 sphere 1000 -1000 2000 1 0 0 0 0.00050000002374872565 0.00050000002374872565 0.00050000002374872565 0.00050000002374872565 0
sb_s0.001_t1000_r0_g0_m0 0.0 1 1 1 -1 sphere 1000.0009765625 -1000 2000 1 0 0 0 0.00050000002374872565 0.00050000002374872565 0.00050000002374872565 0.00050000002374872565 0 box 1000 -1000 2000 1 0 0 0 0.00050000002374872565 0.00050000002374872565 0.00050000002374872565 0.00050000002374872565 0
sb_s0.001_t1000_r0_g0_m1 7.812500371073838e-06 1 1 1 -1 sphere 1000.0009765625 -1000 2000 1 0 0 0 0.00050000002374872565 0.00050000002374872565 0.00050000002374872565 0.00050000002374872565 0 box 1000 -1000 2000 1 0 0 0 0.00050000002374872565 0.00050000002374872565 0.00050000002374872565 0.00050000002374872565 0
bb_s0.001_t1000_r0_g0_m0 0.0 1 1 1 -1 box 1000.0009765625 -1000 2000 1 0 0 0 0.00050000002374872565 0.00050000002374872565 0.00050000002374872565 0.00050000002374872565 0 box 1000 -1000 2000 1 0 0 0 0.00050000002374872565 0.00050000002374872565 0.00050000002374872565 0.00050000002374872565 0
bb_s0.001_t1000_r0_g0_m1 7.812500371073838e-06 1 1 1 -1 box 1000.0009765625 -1000 2000 1 0 0 0 0.00050000002374872565 0.00050000002374872565 0.00050000002374872565 0.00050000002374872565 0 box 1000 -1000 2000 1 0 0 0 0.00050000002374872565 0.00050000002374872565 0.00050000002374872565 0.00050000002374872565 0
ss_s0.001_t1000_r0_g1_m0 0.0 1 1 1 -1 sphere 1000.0009765625 -1000 2000 1 0 0 0 0.00050000002374872565 0.00050000002374872565 0.00050000002374872565 0.00050000002374872565 0 sphere 1000 -1000 2000 1 0 0 0 0.00050000002374872565 0.00050000002374872565 0.00050000002374872565 0.00050000002374872565 0
ss_s0.001_t1000_r0_g1_m1 7.812500371073838e-06 1 1 1 -1 sphere 1000.0009765625 -1000 2000 1 0 0 0 0.00050000002374872565 0.00050000002374872565 0.00050000002374872565 0.00050000002374872565 0 sphere 1000 -1000 2000 1 0 0 0 0.00050000002374872565 0.00050000002374872565 0.00050000002374872565 0.00050000002374872565 0
sb_s0.001_t1000_r0_g1_m0 0.0 1 1 1 -1 sphere 1000.0009765625 -1000 2000 1 0 0 0 0.00050000002374872565 0.00050000002374872565 0.00050000002374872565 0.00050000002374872565 0 box 1000 -1000 2000 1 0 0 0 0.00050000002374872565 0.00050000002374872565 0.00050000002374872565 0.00050000002374872565 0
sb_s0.001_t1000_r0_g1_m1 7.812500371073838e-06 1 1 1 -1 sphere 1000.0009765625 -1000 2000 1 0 0 0 0.00050000002374872565 0.00050000002374872565 0.00050000002374872565 0.00050000002374872565 0 box 1000 -1000 2000 1 0 0 0 0.00050000002374872565 0.00050000002374872565 0.00050000002374872565 0.00050000002374872565 0
bb_s0.001_t1000_r0_g1_m0 0.0 1 1 1 -1 box 1000.0009765625 -1000 2000 1 0 0 0 0.00050000002374872565 0.00050000002374872565 0.00050000002374872565 0.00050000002374872565 0 box 1000 -1000 2000 1 0 0 0 0.00050000002374872565 0.00050000002374872565 0.00050000002374872565 0.00050000002374872565 0
bb_s0.001_t1000_r0_g1_m1 7.812500371073838e-06 1 1 1 -1 box 1000.0009765625 -1000 2000 1 0 0 0 0.00050000002374872565 0.00050000002374872565 0.00050000002374872565 0.00050000002374872565 0 box 1000 -1000 2000 1 0 0 0 0.00050000002374872565 0.00050000002374872565 0.00050000002374872565 0.00050000002374872565 0
ss_s0.001_t1000_r0_g2_m0 0.0 1 1 1 -1 sphere 1000.0009765625 -1000 2000 1 0 0 0 0.00050000002374872565 0.00050000002374872565 0.00050000002374872565 0.00050000002374872565 0 sphere 1000 -1000 2000 1 0 0 0 0.00050000002374872565 0.00050000002374872565 0.00050000002374872565 0.00050000002374872565 0
ss_s0.001_t1000_r0_g2_m1 7.812500371073838e-06 1 1 1 -1 sphere 1000.0009765625 -1000 2000 1 0 0 0 0.00050000002374872565 0.00050000002374872565 0.00050000002374872565 0.00050000002374872565 0 sphere 1000 -1000 2000 1 0 0 0 0.00050000002374872565 0.00050000002374872565 0.00050000002374872565 0.00050000002374872565 0
sb_s0.001_t1000_r0_g2_m0 0.0 1 1 1 -1 sphere 1000.0009765625 -1000 2000 1 0 0 0 0.00050000002374872565 0.00050000002374872565 0.00050000002374872565 0.00050000002374872565 0 box 1000 -1000 2000 1 0 0 0 0.00050000002374872565 0.00050000002374872565 0.00050000002374872565 0.00050000002374872565 0
sb_s0.001_t1000_r0_g2_m1 7.812500371073838e-06 1 1 1 -1 sphere 1000.0009765625 -1000 2000 1 0 0 0 0.00050000002374872565 0.00050000002374872565 0.00050000002374872565 0.00050000002374872565 0 box 1000 -1000 2000 1 0 0 0 0.00050000002374872565 0.00050000002374872565 0.00050000002374872565 0.00050000002374872565 0
bb_s0.001_t1000_r0_g2_m0 0.0 1 1 1 -1 box 1000.0009765625 -1000 2000 1 0 0 0 0.00050000002374872565 0.00050000002374872565 0.00050000002374872565 0.00050000002374872565 0 box 1000 -1000 2000 1 0 0 0 0.00050000002374872565 0.00050000002374872565 0.00050000002374872565 0.00050000002374872565 0
bb_s0.001_t1000_r0_g2_m1 7.812500371073838e-06 1 1 1 -1 box 1000.0009765625 -1000 2000 1 0 0 0 0.00050000002374872565 0.00050000002374872565 0.00050000002374872565 0.00050000002374872565 0 box 1000 -1000 2000 1 0 0 0 0.00050000002374872565 0.00050000002374872565 0.00050000002374872565 0.00050000002374872565 0
ss_s0.001_t1000_r1_g0_m0 0.0 0 1 0 1 sphere 1000.0003662109375 -999.99920654296875 1999.99951171875 4 1 2 2 0.00050000002374872565 0.00050000002374872565 0.00050000002374872565 0.00050000002374872565 0 sphere 1000 -1000 2000 4 1 2 2 0.00050000002374872565 0.00050000002374872565 0.00050000002374872565 0.00050000002374872565 0
ss_s0.001_t1000_r1_g0_m1 7.812500371073838e-06 0 1 1 1 sphere 1000.0003662109375 -999.99920654296875 1999.99951171875 4 1 2 2 0.00050000002374872565 0.00050000002374872565 0.00050000002374872565 0.00050000002374872565 0 sphere 1000 -1000 2000 4 1 2 2 0.00050000002374872565 0.00050000002374872565 0.00050000002374872565 0.00050000002374872565 0
sb_s0.001_t1000_r1_g0_m0 0.0 0 1 0 1 sphere 1000.0003662109375 -999.99920654296875 1999.99951171875 4 1 2 2 0.00050000002374872565 0.00050000002374872565 0.00050000002374872565 0.00050000002374872565 0 box 1000 -1000 2000 4 1 2 2 0.00050000002374872565 0.00050000002374872565 0.00050000002374872565 0.00050000002374872565 0
sb_s0.001_t1000_r1_g0_m1 7.812500371073838e-06 0 1 1 1 sphere 1000.0003662109375 -999.99920654296875 1999.99951171875 4 1 2 2 0.00050000002374872565 0.00050000002374872565 0.00050000002374872565 0.00050000002374872565 0 box 1000 -1000 2000 4 1 2 2 0.00050000002374872565 0.00050000002374872565 0.00050000002374872565 0.00050000002374872565 0
bb_s0.001_t1000_r1_g0_m0 0.0 0 1 0 1 box 1000.0003662109375 -999.99920654296875 1999.99951171875 4 1 2 2 0.00050000002374872565 0.00050000002374872565 0.00050000002374872565 0.00050000002374872565 0 box 1000 -1000 2000 4 1 2 2 0.00050000002374872565 0.00050000002374872565 0.00050000002374872565 0.00050000002374872565 0
bb_s0.001_t1000_r1_g0_m1 7.812500371073838e-06 0 1 1 1 box 1000.0003662109375 -999.99920654296875 1999.99951171875 4 1 2 2 0.00050000002374872565 0.00050000002374872565 0.00050000002374872565 0.00050000002374872565 0 box 1000 -1000 2000 4 1 2 2 0.00050000002374872565 0.00050000002374872565 0.00050000002374872565 0.00050000002374872565 0
ss_s0.001_t1000_r1_g1_m0 0.0 0 1 0 1 sphere 1000.0003662109375 -999.99920654296875 1999.99951171875 4 1 2 2 0.00050000002374872565 0.00050000002374872565 0.00050000002374872565 0.00050000002374872565 0 sphere 1000 -1000 2000 4 1 2 2 0.00050000002374872565 0.00050000002374872565 0.00050000002374872565 0.00050000002374872565 0
ss_s0.001_t1000_r1_g1_m1 7.812500371073838e-06 0 1 1 1 sphere 1000.0003662109375 -999.99920654296875 1999.99951171875 4 1 2 2 0.00050000002374872565 0.00050000002374872565 0.00050000002374872565 0.00050000002374872565 0 sphere 1000 -1000 2000 4 1 2 2 0.00050000002374872565 0.00050000002374872565 0.00050000002374872565 0.00050000002374872565 0
sb_s0.001_t1000_r1_g1_m0 0.0 0 1 0 1 sphere 1000.0003662109375 -999.99920654296875 1999.99951171875 4 1 2 2 0.00050000002374872565 0.00050000002374872565 0.00050000002374872565 0.00050000002374872565 0 box 1000 -1000 2000 4 1 2 2 0.00050000002374872565 0.00050000002374872565 0.00050000002374872565 0.00050000002374872565 0
sb_s0.001_t1000_r1_g1_m1 7.812500371073838e-06 0 1 1 1 sphere 1000.0003662109375 -999.99920654296875 1999.99951171875 4 1 2 2 0.00050000002374872565 0.00050000002374872565 0.00050000002374872565 0.00050000002374872565 0 box 1000 -1000 2000 4 1 2 2 0.00050000002374872565 0.00050000002374872565 0.00050000002374872565 0.00050000002374872565 0
bb_s0.001_t1000_r1_g1_m0 0.0 0 1 0 1 box 1000.0003662109375 -999.99920654296875 1999.99951171875 4 1 2 2 0.00050000002374872565 0.00050000002374872565 0.00050000002374872565 0.00050000002374872565 0 box 1000 -1000 2000 4 1 2 2 0.00050000002374872565 0.00050000002374872565 0.00050000002374872565 0.00050000002374872565 0
bb_s0.001_t1000_r1_g1_m1 7.812500371073838e-06 0 1 1 1 box 1000.0003662109375 -999.99920654296875 1999.99951171875 4 1 2 2 0.00050000002374872565 0.00050000002374872565 0.00050000002374872565 0.00050000002374872565 0 box 1000 -1000 2000 4 1 2 2 0.00050000002374872565 0.00050000002374872565 0.00050000002374872565 0.00050000002374872565 0
ss_s0.001_t1000_r1_g2_m0 0.0 0 1 0 1 sphere 1000.0003662109375 -999.99920654296875 1999.99951171875 4 1 2 2 0.00050000002374872565 0.00050000002374872565 0.00050000002374872565 0.00050000002374872565 0 sphere 1000 -1000 2000 4 1 2 2 0.00050000002374872565 0.00050000002374872565 0.00050000002374872565 0.00050000002374872565 0
ss_s0.001_t1000_r1_g2_m1 7.812500371073838e-06 0 1 1 1 sphere 1000.0003662109375 -999.99920654296875 1999.99951171875 4 1 2 2 0.00050000002374872565 0.00050000002374872565 0.00050000002374872565 0.00050000002374872565 0 sphere 1000 -1000 2000 4 1 2 2 0.00050000002374872565 0.00050000002374872565 0.00050000002374872565 0.00050000002374872565 0
sb_s0.001_t1000_r1_g2_m0 0.0 0 1 0 1 sphere 1000.0003662109375 -999.99920654296875 1999.99951171875 4 1 2 2 0.00050000002374872565 0.00050000002374872565 0.00050000002374872565 0.00050000002374872565 0 box 1000 -1000 2000 4 1 2 2 0.00050000002374872565 0.00050000002374872565 0.00050000002374872565 0.00050000002374872565 0
sb_s0.001_t1000_r1_g2_m1 7.812500371073838e-06 0 1 1 1 sphere 1000.0003662109375 -999.99920654296875 1999.99951171875 4 1 2 2 0.00050000002374872565 0.00050000002374872565 0.00050000002374872565 0.00050000002374872565 0 box 1000 -1000 2000 4 1 2 2 0.00050000002374872565 0.00050000002374872565 0.00050000002374872565 0.00050000002374872565 0
bb_s0.001_t1000_r1_g2_m0 0.0 0 1 0 1 box 1000.0003662109375 -999.99920654296875 1999.99951171875 4 1 2 2 0.00050000002374872565 0.00050000002374872565 0.00050000002374872565 0.00050000002374872565 0 box 1000 -1000 2000 4 1 2 2 0.00050000002374872565 0.00050000002374872565 0.00050000002374872565 0.00050000002374872565 0
bb_s0.001_t1000_r1_g2_m1 7.812500371073838e-06 0 1 1 1 box 1000.0003662109375 -999.99920654296875 1999.99951171875 4 1 2 2 0.00050000002374872565 0.00050000002374872565 0.00050000002374872565 0.00050000002374872565 0 box 1000 -1000 2000 4 1 2 2 0.00050000002374872565 0.00050000002374872565 0.00050000002374872565 0.00050000002374872565 0
ss_s1_t0_r0_g0_m0 0.0 1 1 1 -1 sphere 0.9990234375 0 0 1 0 0 0 0.5 0.5 0.5 0.5 0 sphere 0 0 0 1 0 0 0 0.5 0.5 0.5 0.5 0
ss_s1_t0_r0_g0_m1 0.0078125 1 1 1 -1 sphere 0.9990234375 0 0 1 0 0 0 0.5 0.5 0.5 0.5 0 sphere 0 0 0 1 0 0 0 0.5 0.5 0.5 0.5 0
sb_s1_t0_r0_g0_m0 0.0 1 1 1 -1 sphere 0.9990234375 0 0 1 0 0 0 0.5 0.5 0.5 0.5 0 box 0 0 0 1 0 0 0 0.5 0.5 0.5 0.5 0
sb_s1_t0_r0_g0_m1 0.0078125 1 1 1 -1 sphere 0.9990234375 0 0 1 0 0 0 0.5 0.5 0.5 0.5 0 box 0 0 0 1 0 0 0 0.5 0.5 0.5 0.5 0
bb_s1_t0_r0_g0_m0 0.0 1 1 1 -1 box 0.9990234375 0 0 1 0 0 0 0.5 0.5 0.5 0.5 0 box 0 0 0 1 0 0 0 0.5 0.5 0.5 0.5 0
bb_s1_t0_r0_g0_m1 0.0078125 1 1 1 -1 box 0.9990234375 0 0 1 0 0 0 0.5 0.5 0.5 0.5 0 box 0 0 0 1 0 0 0 0.5 0.5 0.5 0.5 0
ss_s1_t0_r0_g1_m0 0.0 1 1 1 0 sphere 1 0 0 1 0 0 0 0.5 0.5 0.5 0.5 0 sphere 0 0 0 1 0 0 0 0.5 0.5 0.5 0.5 0
ss_s1_t0_r0_g1_m1 0.0078125 1 1 1 0 sphere 1 0 0 1 0 0 0 0.5 0.5 0.5 0.5 0 sphere 0 0 0 1 0 0 0 0.5 0.5 0.5 0.5 0
sb_s1_t0_r0_g1_m0 0.0 1 1 1 0 sphere 1 0 0 1 0 0 0 0.5 0.5 0.5 0.5 0 box 0 0 0 1 0 0 0 0.5 0.5 0.5 0.5 0
sb_s1_t0_r0_g1_m1 0.0078125 1 1 1 0 sphere 1 0 0 1 0 0 0 0.5 0.5 0.5 0.5 0 box 0 0 0 1 0 0 0 0.5 0.5 0.5 0.5 0
bb_s1_t0_r0_g1_m0 0.0 1 1 1 0 box 1 0 0 1 0 0 0 0.5 0.5 0.5 0.5 0 box 0 0 0 1 0 0 0 0.5 0.5 0.5 0.5 0
bb_s1_t0_r0_g1_m1 0.0078125 1 1 1 0 box 1 0 0 1 0 0 0 0.5 0.5 0.5 0.5 0 box 0 0 0 1 0 0 0 0.5 0.5 0.5 0.5 0
ss_s1_t0_r0_g2_m0 0.0 0 1 0 1 sphere 1.0009765625 0 0 1 0 0 0 0.5 0.5 0.5 0.5 0 sphere 0 0 0 1 0 0 0 0.5 0.5 0.5 0.5 0
ss_s1_t0_r0_g2_m1 0.0078125 0 1 1 1 sphere 1.0009765625 0 0 1 0 0 0 0.5 0.5 0.5 0.5 0 sphere 0 0 0 1 0 0 0 0.5 0.5 0.5 0.5 0
sb_s1_t0_r0_g2_m0 0.0 0 1 0 1 sphere 1.0009765625 0 0 1 0 0 0 0.5 0.5 0.5 0.5 0 box 0 0 0 1 0 0 0 0.5 0.5 0.5 0.5 0
sb_s1_t0_r0_g2_m1 0.0078125 0 1 1 1 sphere 1.0009765625 0 0 1 0 0 0 0.5 0.5 0.5 0.5 0 box 0 0 0 1 0 0 0 0.5 0.5 0.5 0.5 0
bb_s1_t0_r0_g2_m0 0.0 0 1 0 1 box 1.0009765625 0 0 1 0 0 0 0.5 0.5 0.5 0.5 0 box 0 0 0 1 0 0 0 0.5 0.5 0.5 0.5 0
bb_s1_t0_r0_g2_m1 0.0078125 0 1 1 1 box 1.0009765625 0 0 1 0 0 0 0.5 0.5 0.5 0.5 0 box 0 0 0 1 0 0 0 0.5 0.5 0.5 0.5 0
ss_s1_t0_r1_g0_m0 0.0 1 1 1 -1 sphere 0.3596484363079071 0.79921877384185791 -0.47953125834465027 4 1 2 2 0.5 0.5 0.5 0.5 0 sphere 0 0 0 4 1 2 2 0.5 0.5 0.5 0.5 0
ss_s1_t0_r1_g0_m1 0.0078125 1 1 1 -1 sphere 0.3596484363079071 0.79921877384185791 -0.47953125834465027 4 1 2 2 0.5 0.5 0.5 0.5 0 sphere 0 0 0 4 1 2 2 0.5 0.5 0.5 0.5 0
sb_s1_t0_r1_g0_m0 0.0 1 1 1 -1 sphere 0.3596484363079071 0.79921877384185791 -0.47953125834465027 4 1 2 2 0.5 0.5 0.5 0.5 0 box 0 0 0 4 1 2 2 0.5 0.5 0.5 0.5 0
sb_s1_t0_r1_g0_m1 0.0078125 1 1 1 -1 sphere 0.3596484363079071 0.79921877384185791 -0.47953125834465027 4 1 2 2 0.5 0.5 0.5 0.5 0 box 0 0 0 4 1 2 2 0.5 0.5 0.5 0.5 0
bb_s1_t0_r1_g0_m0 0.0 1 1 1 -1 box 0.3596484363079071 0.79921877384185791 -0.47953125834465027 4 1 2 2 0.5 0.5 0.5 0.5 0 box 0 0 0 4 1 2 2 0.5 0.5 0.5 0.5 0
bb_s1_t0_r1_g0_m1 0.0078125 1 1 1 -1 box 0.3596484363079071 0.79921877384185791 -0.47953125834465027 4 1 2 2 0.5 0.5 0.5 0.5 0 box 0 0 0 4 1 2 2 0.5 0.5 0.5 0.5 0
ss_s1_t0_r1_g1_m0 0.0 0 1 0 1 sphere 0.36000001430511475 0.80000001192092896 -0.47999998927116394 4 1 2 2 0.5 0.5 0.5 0.5 0 sphere 0 0 0 4 1 2 2 0.5 0.5 0.5 0.5 0
ss_s1_t0_r1_g1_m1 0.0078125 0 1 1 1 sphere 0.36000001430511475 0.80000001192092896 -0.47999998927116394 4 1 2 2 0.5 0.5 0.5 0.5 0 sphere 0 0 0 4 1 2 2 0.5 0.5 0.5 0.5 0
sb_s1_t0_r1_g1_m0 0.0 0 1 0 1 sphere 0.36000001430511475 0.80000001192092896 -0.47999998927116394 4 1 2 2 0.5 0.5 0.5 0.5 0 box 0 0 0 4 1 2 2 0.5 0.5 0.5 0.5 0
sb_s1_t0_r1_g1_m1 0.0078125 0 1 1 1 sphere 0.36000001430511475 0.80000001192092896 -0.47999998927116394 4 1 2 2 0.5 0.5 0.5 0.5 0 box 0 0 0 4 1 2 2 0.5 0.5 0.5 0.5 0
bb_s1_t0_r1_g1_m0 0.0 0 1 0 1 box 0.36000001430511475 0.80000001192092896 -0.47999998927116394 4 1 2 2 0.5 0.5 0.5 0.5 0 box 0 0 0 4 1 2 2 0.5 0.5 0.5 0.5 0
bb_s1_t0_r1_g1_m1 0.0078125 0 1 1 1 box 0.36000001430511475 0.80000001192092896 -0.47999998927116394 4 1 2 2 0.5 0.5 0.5 0.5 0 box 0 0 0 4 1 2 2 0.5 0.5 0.5 0.5 0
ss_s1_t0_r1_g2_m0 0.0 0 1 0 1 sphere 0.3603515625 0.80078125 -0.48046875 4 1 2 2 0.5 0.5 0.5 0.5 0 sphere 0 0 0 4 1 2 2 0.5 0.5 0.5 0.5 0
ss_s1_t0_r1_g2_m1 0.0078125 0 1 1 1 sphere 0.3603515625 0.80078125 -0.48046875 4 1 2 2 0.5 0.5 0.5 0.5 0 sphere 0 0 0 4 1 2 2 0.5 0.5 0.5 0.5 0
sb_s1_t0_r1_g2_m0 0.0 0 1 0 1 sphere 0.3603515625 0.80078125 -0.48046875 4 1 2 2 0.5 0.5 0.5 0.5 0 box 0 0 0 4 1 2 2 0.5 0.5 0.5 0.5 0
sb_s1_t0_r1_g2_m1 0.0078125 0 1 1 1 sphere 0.3603515625 0.80078125 -0.48046875 4 1 2 2 0.5 0.5 0.5 0.5 0 box 0 0 0 4 1 2 2 0.5 0.5 0.5 0.5 0
bb_s1_t0_r1_g2_m0 0.0 0 1 0 1 box 0.3603515625 0.80078125 -0.48046875 4 1 2 2 0.5 0.5 0.5 0.5 0 box 0 0 0 4 1 2 2 0.5 0.5 0.5 0.5 0
bb_s1_t0_r1_g2_m1 0.0078125 0 1 1 1 box 0.3603515625 0.80078125 -0.48046875 4 1 2 2 0.5 0.5 0.5 0.5 0 box 0 0 0 4 1 2 2 0.5 0.5 0.5 0.5 0
ss_s1_t10_r0_g0_m0 0.0 1 1 1 -1 sphere 10.9990234375 -10 20 1 0 0 0 0.5 0.5 0.5 0.5 0 sphere 10 -10 20 1 0 0 0 0.5 0.5 0.5 0.5 0
ss_s1_t10_r0_g0_m1 0.0078125 1 1 1 -1 sphere 10.9990234375 -10 20 1 0 0 0 0.5 0.5 0.5 0.5 0 sphere 10 -10 20 1 0 0 0 0.5 0.5 0.5 0.5 0
sb_s1_t10_r0_g0_m0 0.0 1 1 1 -1 sphere 10.9990234375 -10 20 1 0 0 0 0.5 0.5 0.5 0.5 0 box 10 -10 20 1 0 0 0 0.5 0.5 0.5 0.5 0
sb_s1_t10_r0_g0_m1 0.0078125 1 1 1 -1 sphere 10.9990234375 -10 20 1 0 0 0 0.5 0.5 0.5 0.5 0 box 10 -10 20 1 0 0 0 0.5 0.5 0.5 0.5 0
bb_s1_t10_r0_g0_m0 0.0 1 1 1 -1 box 10.9990234375 -10 20 1 0 0 0 0.5 0.5 0.5 0.5 0 box 10 -10 20 1 0 0 0 0.5 0.5 0.5 0.5 0
bb_s1_t10_r0_g0_m1 0.0078125 1 1 1 -1 box 10.9990234375 -10 20 1 0 0 0 0.5 0.5 0.5 0.5 0 box 10 -10 20 1 0 0 0 0.5 0.5 0.5 0.5 0
ss_s1_t10_r0_g1_m0 0.0 1 1 1 0 sphere 11 -10 20 1 0 0 0 0.5 0.5 0.5 0.5 0 sphere 10 -10 20 1 0 0 0 0.5 0.5 0.5 0.5 0
ss_s1_t10_r0_g1_m1 0.0078125 1 1 1 0 sphere 11 -10 20 1 0 0 0 0.5 0.5 0.5 0.5 0 sphere 10 -10 20 1 0 0 0 0.5 0.5 0.5 0.5 0
sb_s1_t10_r0_g1_m0 0.0 1 1 1 0 sphere 11 -10 20 1 0 0 0 0.5 0.5 0.5 0.5 0 box 10 -10 20 1 0 0 0 0.5 0.5 0.5 0.5 0
sb_s1_t10_r0_g1_m1 0.0078125 1 1 1 0 sphere 11 -10 20 1 0 0 0 0.5 0.5 0.5 0.5 0 box 10 -10 20 1 0 0 0 0.5 0.5 0.5 0.5 0
bb_s1_t10_r0_g1_m0 0.0 1 1 1 0 box 11 -10 20 1 0 0 0 0.5 0.5 0.5 0.5 0 box 10 -10 20 1 0 0 0 0.5 0.5 0.5 0.5 0
bb_s1_t10_r0_g1_m1 0.0078125 1 1 1 0 box 11 -10 20 1 0 0 0 0.5 0.5 0.5 0.5 0 box 10 -10 20 1 0 0 0 0.5 0.5 0.5 0.5 0
ss_s1_t10_r0_g2_m0 0.0 0 1 0 1 sphere 11.0009765625 -10 20 1 0 0 0 0.5 0.5 0.5 0.5 0 sphere 10 -10 20 1 0 0 0 0.5 0.5 0.5 0.5 0
ss_s1_t10_r0_g2_m1 0.0078125 0 1 1 1 sphere 11.0009765625 -10 20 1 0 0 0 0.5 0.5 0.5 0.5 0 sphere 10 -10 20 1 0 0 0 0.5 0.5 0.5 0.5 0
sb_s1_t10_r0_g2_m0 0.0 0 1 0 1 sphere 11.0009765625 -10 20 1 0 0 0 0.5 0.5 0.5 0.5 0 box 10 -10 20 1 0 0 0 0.5 0.5 0.5 0.5 0
sb_s1_t10_r0_g2_m1 0.0078125 0 1 1 1 sphere 11.0009765625 -10 20 1 0 0 0 0.5 0.5 0.5 0.5 0 box 10 -10 20 1 0 0 0 0.5 0.5 0.5 0.5 0
bb_s1_t10_r0_g2_m0 0.0 0 1 0 1 box 11.0009765625 -10 20 1 0 0 0 0.5 0.5 0.5 0.5 0 box 10 -10 20 1 0 0 0 0.5 0.5 0.5 0.5 0
bb_s1_t10_r0_g2_m1 0.0078125 0 1 1 1 box 11.0009765625 -10 20 1 0 0 0 0.5 0.5 0.5 0.5 0 box 10 -10 20 1 0 0 0 0.5 0.5 0.5 0.5 0
ss_s1_t10_r1_g0_m0 0.0 1 1 1 -1 sphere 10.359648704528809 -9.2007808685302734 19.520469665527344 4 1 2 2 0.5 0.5 0.5 0.5 0 sphere 10 -10 20 4 1 2 2 0.5 0.5 0.5 0.5 0
ss_s1_t10_r1_g0_m1 0.0078125 1 1 1 -1 sphere 10.359648704528809 -9.2007808685302734 19.520469665527344 4 1 2 2 0.5 0.5 0.5 0.5 0 sphere 10 -10 20 4 1 2 2 0.5 0.5 0.5 0.5 0
sb_s1_t10_r1_g0_m0 0.0 1 1 1 -1 sphere 10.359648704528809 -9.2007808685302734 19.520469665527344 4 1 2 2 0.5 0.5 0.5 0.5 0 box 10 -10 20 4 1 2 2 0.5 0.5 0.5 0.5 0
sb_s1_t10_r1_g0_m1 0.0078125 1 1 1 -1 sphere 10.359648704528809 -9.2007808685302734 19.520469665527344 4 1 2 2 0.5 0.5 0.5 0.5 0 box 10 -10 20 4 1 2 2 0.5 0.5 0.5 0.5 0
bb_s1_t10_r1_g0_m0 0.0 1 1 1 -1 box 10.359648704528809 -9.2007808685302734 19.520469665527344 4 1 2 2 0.5 0.5 0.5 0.5 0 box 10 -10 20 4 1 2 2 0.5 0.5 0.5 0.5 0
bb_s1_t10_r1_g0_m1 0.0078125 1 1 1 -1 box 10.359648704528809 -9.2007808685302734 19.520469665527344 4 1 2 2 0.5 0.5 0.5 0.5 0 box 10 -10 20 4 1 2 2 0.5 0.5 0.5 0.5 0
ss_s1_t10_r1_g1_m0 0.0 1 1 1 -1 sphere 10.359999656677246 -9.1999998092651367 19.520000457763672 4 1 2 2 0.5 0.5 0.5 0.5 0 sphere 10 -10 20 4 1 2 2 0.5 0.5 0.5 0.5 0
ss_s1_t10_r1_g1_m1 0.0078125 1 1 1 -1 sphere 10.359999656677246 -9.1999998092651367 19.520000457763672 4 1 2 2 0.5 0.5 0.5 0.5 0 sphere 10 -10 20 4 1 2 2 0.5 0.5 0.5 0.5 0
sb_s1_t10_r1_g1_m0 0.0 1 1 1 -1 sphere 10.359999656677246 -9.1999998092651367 19.520000457763672 4 1 2 2 0.5 0.5 0.5 0.5 0 box 10 -10 20 4 1 2 2 0.5 0.5 0.5 0.5 0
sb_s1_t10_r1_g1_m1 0.0078125 1 1 1 -1 sphere 10.359999656677246 -9.1999998092651367 19.520000457763672 4 1 2 2 0.5 0.5 0.5 0.5 0 box 10 -10 20 4 1 2 2 0.5 0.5 0.5 0.5 0
bb_s1_t10_r1_g1_m0 0.0 1 1 1 -1 box 10.359999656677246 -9.1999998092651367 19.520000457763672 4 1 2 2 0.5 0.5 0.5 0.5 0 box 10 -10 20 4 1 2 2 0.5 0.5 0.5 0.5 0
bb_s1_t10_r1_g1_m1 0.0078125 1 1 1 -1 box 10.359999656677246 -9.1999998092651367 19.520000457763672 4 1 2 2 0.5 0.5 0.5 0.5 0 box 10 -10 20 4 1 2 2 0.5 0.5 0.5 0.5 0
ss_s1_t10_r1_g2_m0 0.0 0 1 0 1 sphere 10.3603515625 -9.19921875 19.51953125 4 1 2 2 0.5 0.5 0.5 0.5 0 sphere 10 -10 20 4 1 2 2 0.5 0.5 0.5 0.5 0
ss_s1_t10_r1_g2_m1 0.0078125 0 1 1 1 sphere 10.3603515625 -9.19921875 19.51953125 4 1 2 2 0.5 0.5 0.5 0.5 0 sphere 10 -10 20 4 1 2 2 0.5 0.5 0.5 0.5 0
sb_s1_t10_r1_g2_m0 0.0 0 1 0 1 sphere 10.3603515625 -9.19921875 19.51953125 4 1 2 2 0.5 0.5 0.5 0.5 0 box 10 -10 20 4 1 2 2 0.5 0.5 0.5 0.5 0
sb_s1_t10_r1_g2_m1 0.0078125 0 1 1 1 sphere 10.3603515625 -9.19921875 19.51953125 4 1 2 2 0.5 0.5 0.5 0.5 0 box 10 -10 20 4 1 2 2 0.5 0.5 0.5 0.5 0
bb_s1_t10_r1_g2_m0 0.0 0 1 0 1 box 10.3603515625 -9.19921875 19.51953125 4 1 2 2 0.5 0.5 0.5 0.5 0 box 10 -10 20 4 1 2 2 0.5 0.5 0.5 0.5 0
bb_s1_t10_r1_g2_m1 0.0078125 0 1 1 1 box 10.3603515625 -9.19921875 19.51953125 4 1 2 2 0.5 0.5 0.5 0.5 0 box 10 -10 20 4 1 2 2 0.5 0.5 0.5 0.5 0
ss_s1_t137_r0_g0_m0 0.0 1 1 1 -1 sphere 137.9990234375 -137 274 1 0 0 0 0.5 0.5 0.5 0.5 0 sphere 137 -137 274 1 0 0 0 0.5 0.5 0.5 0.5 0
ss_s1_t137_r0_g0_m1 0.0078125 1 1 1 -1 sphere 137.9990234375 -137 274 1 0 0 0 0.5 0.5 0.5 0.5 0 sphere 137 -137 274 1 0 0 0 0.5 0.5 0.5 0.5 0
sb_s1_t137_r0_g0_m0 0.0 1 1 1 -1 sphere 137.9990234375 -137 274 1 0 0 0 0.5 0.5 0.5 0.5 0 box 137 -137 274 1 0 0 0 0.5 0.5 0.5 0.5 0
sb_s1_t137_r0_g0_m1 0.0078125 1 1 1 -1 sphere 137.9990234375 -137 274 1 0 0 0 0.5 0.5 0.5 0.5 0 box 137 -137 274 1 0 0 0 0.5 0.5 0.5 0.5 0
bb_s1_t137_r0_g0_m0 0.0 1 1 1 -1 box 137.9990234375 -137 274 1 0 0 0 0.5 0.5 0.5 0.5 0 box 137 -137 274 1 0 0 0 0.5 0.5 0.5 0.5 0
bb_s1_t137_r0_g0_m1 0.0078125 1 1 1 -1 box 137.9990234375 -137 274 1 0 0 0 0.5 0.5 0.5 0.5 0 box 137 -137 274 1 0 0 0 0.5 0.5 0.5 0.5 0
ss_s1_t137_r0_g1_m0 0.0 1 1 1 0 sphere 138 -137 274 1 0 0 0 0.5 0.5 0.5 0.5 0 sphere 137 -137 274 1 0 0 0 0.5 0.5 0.5 0.5 0
ss_s1_t137_r0_g1_m1 0.0078125 1 1 1 0 sphere 138 -137 274 1 0 0 0 0.5 0.5 0.5 0.5 0 sphere 137 -137 274 1 0 0 0 0.5 0.5 0.5 0.5 0
sb_s1_t137_r0_g1_m0 0.0 1 1 1 0 sphere 138 -137 274 1 0 0 0 0.5 0.5 0.5 0.5 0 box 137 -137 274 1 0 0 0 0.5 0.5 0.5 0.5 0
sb_s1_t137_r0_g1_m1 0.0078125 1 1 1 0 sphere 138 -137 274 1 0 0 0 0.5 0.5 0.5 0.5 0 box 137 -137 274 1 0 0 0 0.5 0.5 0.5 0.5 0
bb_s1_t137_r0_g1_m0 0.0 1 1 1 0 box 138 -137 274 1 0 0 0 0.5 0.5 0.5 0.5 0 box 137 -137 274 1 0 0 0 0.5 0.5 0.5 0.5 0
bb_s1_t137_r0_g1_m1 0.0078125 1 1 1 0 box 138 -137 274 1 0 0 0 0.5 0.5 0.5 0.5 0 box 137 -137 274 1 0 0 0 0.5 0.5 0.5 0.5 0
ss_s1_t137_r0_g2_m0 0.0 0 1 0 1 sphere 138.0009765625 -137 274 1 0 0 0 0.5 0.5 0.5 0.5 0 sphere 137 -137 274 1 0 0 0 0.5 0.5 0.5 0.5 0
ss_s1_t137_r0_g2_m1 0.0078125 0 1 1 1 sphere 138.0009765625 -137 274 1 0 0 0 0.5 0.5 0.5 0.5 0 sphere 137 -137 274 1 0 0 0 0.5 0.5 0.5 0.5 0
sb_s1_t137_r0_g2_m0 0.0 0 1 0 1 sphere 138.0009765625 -137 274 1 0 0 0 0.5 0.5 0.5 0.5 0 box 137 -137 274 1 0 0 0 0.5 0.5 0.5 0.5 0
sb_s1_t137_r0_g2_m1 0.0078125 0 1 1 1 sphere 138.0009765625 -137 274 1 0 0 0 0.5 0.5 0.5 0.5 0 box 137 -137 274 1 0 0 0 0.5 0.5 0.5 0.5 0
bb_s1_t137_r0_g2_m0 0.0 0 1 0 1 box 138.0009765625 -137 274 1 0 0 0 0.5 0.5 0.5 0.5 0 box 137 -137 274 1 0 0 0 0.5 0.5 0.5 0.5 0
bb_s1_t137_r0_g2_m1 0.0078125 0 1 1 1 box 138.0009765625 -137 274 1 0 0 0 0.5 0.5 0.5 0.5 0 box 137 -137 274 1 0 0 0 0.5 0.5 0.5 0.5 0
ss_s1_t137_r1_g0_m0 0.0 1 1 1 -1 sphere 137.35964965820312 -136.20077514648438 273.52047729492188 4 1 2 2 0.5 0.5 0.5 0.5 0 sphere 137 -137 274 4 1 2 2 0.5 0.5 0.5 0.5 0
ss_s1_t137_r1_g0_m1 0.0078125 1 1 1 -1 sphere 137.35964965820312 -136.20077514648438 273.52047729492188 4 1 2 2 0.5 0.5 0.5 0.5 0 sphere 137 -137 274 4 1 2 2 0.5 0.5 0.5 0.5 0
sb_s1_t137_r1_g0_m0 0.0 1 1 1 -1 sphere 137.35964965820312 -136.20077514648438 273.52047729492188 4 1 2 2 0.5 0.5 0.5 0.5 0 box 137 -137 274 4 1 2 2 0.5 0.5 0.5 0.5 0
sb_s1_t137_r1_g0_m1 0.0078125 1 1 1 -1 sphere 137.35964965820312 -136.20077514648438 273.52047729492188 4 1 2 2 0.5 0.5 0.5 0.5 0 box 137 -137 274 4 1 2 2 0.5 0.5 0.5 0.5 0
bb_s1_t137_r1_g0_m0 0.0 1 1 1 -1 box 137.35964965820312 -136.20077514648438 273.52047729492188 4 1 2 2 0.5 0.5 0.5 0.5 0 box 137 -137 274 4 1 2 2 0.5 0.5 0.5 0.5 0
bb_s1_t137_r1_g0_m1 0.0078125 1 1 1 -1 box 137.35964965820312 -136.20077514648438 273.52047729492188 4 1 2 2 0.5 0.5 0.5 0.5 0 box 137 -137 274 4 1 2 2 0.5 0.5 0.5 0.5 0
ss_s1_t137_r1_g1_m0 0.0 0 1 0 1 sphere 137.36000061035156 -136.19999694824219 273.51998901367188 4 1 2 2 0.5 0.5 0.5 0.5 0 sphere 137 -137 274 4 1 2 2 0.5 0.5 0.5 0.5 0
ss_s1_t137_r1_g1_m1 0.0078125 0 1 1 1 sphere 137.36000061035156 -136.19999694824219 273.51998901367188 4 1 2 2 0.5 0.5 0.5 0.5 0 sphere 137 -137 274 4 1 2 2 0.5 0.5 0.5 0.5 0
sb_s1_t137_r1_g1_m0 0.0 0 1 0 1 sphere 137.36000061035156 -136.19999694824219 273.51998901367188 4 1 2 2 0.5 0.5 0.5 0.5 0 box 137 -137 274 4 1 2 2 0.5 0.5 0.5 0.5 0
sb_s1_t137_r1_g1_m1 0.0078125 0 1 1 1 sphere 137.36000061035156 -136.19999694824219 273.51998901367188 4 1 2 2 0.5 0.5 0.5 0.5 0 box 137 -137 274 4 1 2 2 0.5 0.5 0.5 0.5 0
bb_s1_t137_r1_g1_m0 0.0 0 1 0 1 box 137.36000061035156 -136.19999694824219 273.51998901367188 4 1 2 2 0.5 0.5 0.5 0.5 0 box 137 -137 274 4 1 2 2 0.5 0.5 0.5 0.5 0
bb_s1_t137_r1_g1_m1 0.0078125 0 1 1 1 box 137.36000061035156 -136.19999694824219 273.51998901367188 4 1 2 2 0.5 0.5 0.5 0.5 0 box 137 -137 274 4 1 2 2 0.5 0.5 0.5 0.5 0
ss_s1_t137_r1_g2_m0 0.0 0 1 0 1 sphere 137.3603515625 -136.19921875 273.51953125 4 1 2 2 0.5 0.5 0.5 0.5 0 sphere 137 -137 274 4 1 2 2 0.5 0.5 0.5 0.5 0
ss_s1_t137_r1_g2_m1 0.0078125 0 1 1 1 sphere 137.3603515625 -136.19921875 273.51953125 4 1 2 2 0.5 0.5 0.5 0.5 0 sphere 137 -137 274 4 1 2 2 0.5 0.5 0.5 0.5 0
sb_s1_t137_r1_g2_m0 0.0 0 1 0 1 sphere 137.3603515625 -136.19921875 273.51953125 4 1 2 2 0.5 0.5 0.5 0.5 0 box 137 -137 274 4 1 2 2 0.5 0.5 0.5 0.5 0
sb_s1_t137_r1_g2_m1 0.0078125 0 1 1 1 sphere 137.3603515625 -136.19921875 273.51953125 4 1 2 2 0.5 0.5 0.5 0.5 0 box 137 -137 274 4 1 2 2 0.5 0.5 0.5 0.5 0
bb_s1_t137_r1_g2_m0 0.0 0 1 0 1 box 137.3603515625 -136.19921875 273.51953125 4 1 2 2 0.5 0.5 0.5 0.5 0 box 137 -137 274 4 1 2 2 0.5 0.5 0.5 0.5 0
bb_s1_t137_r1_g2_m1 0.0078125 0 1 1 1 box 137.3603515625 -136.19921875 273.51953125 4 1 2 2 0.5 0.5 0.5 0.5 0 box 137 -137 274 4 1 2 2 0.5 0.5 0.5 0.5 0
ss_s1_t1000_r0_g0_m0 0.0 1 1 1 -1 sphere 1000.9990234375 -1000 2000 1 0 0 0 0.5 0.5 0.5 0.5 0 sphere 1000 -1000 2000 1 0 0 0 0.5 0.5 0.5 0.5 0
ss_s1_t1000_r0_g0_m1 0.0078125 1 1 1 -1 sphere 1000.9990234375 -1000 2000 1 0 0 0 0.5 0.5 0.5 0.5 0 sphere 1000 -1000 2000 1 0 0 0 0.5 0.5 0.5 0.5 0
sb_s1_t1000_r0_g0_m0 0.0 1 1 1 -1 sphere 1000.9990234375 -1000 2000 1 0 0 0 0.5 0.5 0.5 0.5 0 box 1000 -1000 2000 1 0 0 0 0.5 0.5 0.5 0.5 0
sb_s1_t1000_r0_g0_m1 0.0078125 1 1 1 -1 sphere 1000.9990234375 -1000 2000 1 0 0 0 0.5 0.5 0.5 0.5 0 box 1000 -1000 2000 1 0 0 0 0.5 0.5 0.5 0.5 0
bb_s1_t1000_r0_g0_m0 0.0 1 1 1 -1 box 1000.9990234375 -1000 2000 1 0 0 0 0.5 0.5 0.5 0.5 0 box 1000 -1000 2000 1 0 0 0 0.5 0.5 0.5 0.5 0
bb_s1_t1000_r0_g0_m1 0.0078125 1 1 1 -1 box 1000.9990234375 -1000 2000 1 0 0 0 0.5 0.5 0.5 0.5 0 box 1000 -1000 2000 1 0 0 0 0.5 0.5 0.5 0.5 0
ss_s1_t1000_r0_g1_m0 0.0 1 1 1 0 sphere 1001 -1000 2000 1 0 0 0 0.5 0.5 0.5 0.5 0 sphere 1000 -1000 2000 1 0 0 0 0.5 0.5 0.5 0.5 0
ss_s1_t1000_r0_g1_m1 0.0078125 1 1 1 0 sphere 1001 -1000 2000 1 0 0 0 0.5 0.5 0.5 0.5 0 sphere 1000 -1000 2000 1 0 0 0 0.5 0.5 0.5 0.5 0
sb_s1_t1000_r0_g1_m0 0.0 1 1 1 0 sphere 1001 -1000 2000 1 0 0 0 0.5 0.5 0.5 0.5 0 box 1000 -1000 2000 1 0 0 0 0.5 0.5 0.5 0.5 0
sb_s1_t1000_r0_g1_m1 0.0078125 1 1 1 0 sphere 1001 -1000 2000 1 0 0 0 0.5 0.5 0.5 0.5 0 box 1000 -1000 2000 1 0 0 0 0.5 0.5 0.5 0.5 0
bb_s1_t1000_r0_g1_m0 0.0 1 1 1 0 box 1001 -1000 2000 1 0 0 0 0.5 0.5 0.5 0.5 0 box 1000 -1000 2000 1 0 0 0 0.5 0.5 0.5 0.5 0
bb_s1_t1000_r0_g1_m1 0.0078125 1 1 1 0 box 1001 -1000 2000 1 0 0 0 0.5 0.5 0.5 0.5 0 box 1000 -1000 2000 1 0 0 0 0.5 0.5 0.5 0.5 0
ss_s1_t1000_r0_g2_m0 0.0 0 1 0 1 sphere 1001.0009765625 -1000 2000 1 0 0 0 0.5 0.5 0.5 0.5 0 sphere 1000 -1000 2000 1 0 0 0 0.5 0.5 0.5 0.5 0
ss_s1_t1000_r0_g2_m1 0.0078125 0 1 1 1 sphere 1001.0009765625 -1000 2000 1 0 0 0 0.5 0.5 0.5 0.5 0 sphere 1000 -1000 2000 1 0 0 0 0.5 0.5 0.5 0.5 0
sb_s1_t1000_r0_g2_m0 0.0 0 1 0 1 sphere 1001.0009765625 -1000 2000 1 0 0 0 0.5 0.5 0.5 0.5 0 box 1000 -1000 2000 1 0 0 0 0.5 0.5 0.5 0.5 0
sb_s1_t1000_r0_g2_m1 0.0078125 0 1 1 1 sphere 1001.0009765625 -1000 2000 1 0 0 0 0.5 0.5 0.5 0.5 0 box 1000 -1000 2000 1 0 0 0 0.5 0.5 0.5 0.5 0
bb_s1_t1000_r0_g2_m0 0.0 0 1 0 1 box 1001.0009765625 -1000 2000 1 0 0 0 0.5 0.5 0.5 0.5 0 box 1000 -1000 2000 1 0 0 0 0.5 0.5 0.5 0.5 0
bb_s1_t1000_r0_g2_m1 0.0078125 0 1 1 1 box 1001.0009765625 -1000 2000 1 0 0 0 0.5 0.5 0.5 0.5 0 box 1000 -1000 2000 1 0 0 0 0.5 0.5 0.5 0.5 0
ss_s1_t1000_r1_g0_m0 0.0 1 1 1 -1 sphere 1000.359619140625 -999.2008056640625 1999.5205078125 4 1 2 2 0.5 0.5 0.5 0.5 0 sphere 1000 -1000 2000 4 1 2 2 0.5 0.5 0.5 0.5 0
ss_s1_t1000_r1_g0_m1 0.0078125 1 1 1 -1 sphere 1000.359619140625 -999.2008056640625 1999.5205078125 4 1 2 2 0.5 0.5 0.5 0.5 0 sphere 1000 -1000 2000 4 1 2 2 0.5 0.5 0.5 0.5 0
sb_s1_t1000_r1_g0_m0 0.0 1 1 1 -1 sphere 1000.359619140625 -999.2008056640625 1999.5205078125 4 1 2 2 0.5 0.5 0.5 0.5 0 box 1000 -1000 2000 4 1 2 2 0.5 0.5 0.5 0.5 0
sb_s1_t1000_r1_g0_m1 0.0078125 1 1 1 -1 sphere 1000.359619140625 -999.2008056640625 1999.5205078125 4 1 2 2 0.5 0.5 0.5 0.5 0 box 1000 -1000 2000 4 1 2 2 0.5 0.5 0.5 0.5 0
bb_s1_t1000_r1_g0_m0 0.0 1 1 1 -1 box 1000.359619140625 -999.2008056640625 1999.5205078125 4 1 2 2 0.5 0.5 0.5 0.5 0 box 1000 -1000 2000 4 1 2 2 0.5 0.5 0.5 0.5 0
bb_s1_t1000_r1_g0_m1 0.0078125 1 1 1 -1 box 1000.359619140625 -999.2008056640625 1999.5205078125 4 1 2 2 0.5 0.5 0.5 0.5 0 box 1000 -1000 2000 4 1 2 2 0.5 0.5 0.5 0.5 0
ss_s1_t1000_r1_g1_m0 0.0 1 1 1 -1 sphere 1000.3599853515625 -999.20001220703125 1999.52001953125 4 1 2 2 0.5 0.5 0.5 0.5 0 sphere 1000 -1000 2000 4 1 2 2 0.5 0.5 0.5 0.5 0
ss_s1_t1000_r1_g1_m1 0.0078125 1 1 1 -1 sphere 1000.3599853515625 -999.20001220703125 1999.52001953125 4 1 2 2 0.5 0.5 0.5 0.5 0 sphere 1000 -1000 2000 4 1 2 2 0.5 0.5 0.5 0.5 0
sb_s1_t1000_r1_g1_m0 0.0 1 1 1 -1 sphere 1000.3599853515625 -999.20001220703125 1999.52001953125 4 1 2 2 0.5 0.5 0.5 0.5 0 box 1000 -1000 2000 4 1 2 2 0.5 0.5 0.5 0.5 0
sb_s1_t1000_r1_g1_m1 0.0078125 1 1 1 -1 sphere 1000.3599853515625 -999.20001220703125 1999.52001953125 4 1 2 2 0.5 0.5 0.5 0.5 0 box 1000 -1000 2000 4 1 2 2 0.5 0.5 0.5 0.5 0
bb_s1_t1000_r1_g1_m0 0.0 1 1 1 -1 box 1000.3599853515625 -999.20001220703125 1999.52001953125 4 1 2 2 0.5 0.5 0.5 0.5 0 box 1000 -1000 2000 4 1 2 2 0.5 0.5 0.5 0.5 0
bb_s1_t1000_r1_g1_m1 0.0078125 1 1 1 -1 box 1000.3599853515625 -999.20001220703125 1999.52001953125 4 1 2 2 0.5 0.5 0.5 0.5 0 box 1000 -1000 2000 4 1 2 2 0.5 0.5 0.5 0.5 0
ss_s1_t1000_r1_g2_m0 0.0 0 1 0 1 sphere 1000.3603515625 -999.19921875 1999.51953125 4 1 2 2 0.5 0.5 0.5 0.5 0 sphere 1000 -1000 2000 4 1 2 2 0.5 0.5 0.5 0.5 0
ss_s1_t1000_r1_g2_m1 0.0078125 0 1 1 1 sphere 1000.3603515625 -999.19921875 1999.51953125 4 1 2 2 0.5 0.5 0.5 0.5 0 sphere 1000 -1000 2000 4 1 2 2 0.5 0.5 0.5 0.5 0
sb_s1_t1000_r1_g2_m0 0.0 0 1 0 1 sphere 1000.3603515625 -999.19921875 1999.51953125 4 1 2 2 0.5 0.5 0.5 0.5 0 box 1000 -1000 2000 4 1 2 2 0.5 0.5 0.5 0.5 0
sb_s1_t1000_r1_g2_m1 0.0078125 0 1 1 1 sphere 1000.3603515625 -999.19921875 1999.51953125 4 1 2 2 0.5 0.5 0.5 0.5 0 box 1000 -1000 2000 4 1 2 2 0.5 0.5 0.5 0.5 0
bb_s1_t1000_r1_g2_m0 0.0 0 1 0 1 box 1000.3603515625 -999.19921875 1999.51953125 4 1 2 2 0.5 0.5 0.5 0.5 0 box 1000 -1000 2000 4 1 2 2 0.5 0.5 0.5 0.5 0
bb_s1_t1000_r1_g2_m1 0.0078125 0 1 1 1 box 1000.3603515625 -999.19921875 1999.51953125 4 1 2 2 0.5 0.5 0.5 0.5 0 box 1000 -1000 2000 4 1 2 2 0.5 0.5 0.5 0.5 0
ss_s1000_t0_r0_g0_m0 0.0 1 1 1 -1 sphere 999.0234375 0 0 1 0 0 0 500 500 500 500 0 sphere 0 0 0 1 0 0 0 500 500 500 500 0
ss_s1000_t0_r0_g0_m1 7.8125 1 1 1 -1 sphere 999.0234375 0 0 1 0 0 0 500 500 500 500 0 sphere 0 0 0 1 0 0 0 500 500 500 500 0
sb_s1000_t0_r0_g0_m0 0.0 1 1 1 -1 sphere 999.0234375 0 0 1 0 0 0 500 500 500 500 0 box 0 0 0 1 0 0 0 500 500 500 500 0
sb_s1000_t0_r0_g0_m1 7.8125 1 1 1 -1 sphere 999.0234375 0 0 1 0 0 0 500 500 500 500 0 box 0 0 0 1 0 0 0 500 500 500 500 0
bb_s1000_t0_r0_g0_m0 0.0 1 1 1 -1 box 999.0234375 0 0 1 0 0 0 500 500 500 500 0 box 0 0 0 1 0 0 0 500 500 500 500 0
bb_s1000_t0_r0_g0_m1 7.8125 1 1 1 -1 box 999.0234375 0 0 1 0 0 0 500 500 500 500 0 box 0 0 0 1 0 0 0 500 500 500 500 0
ss_s1000_t0_r0_g1_m0 0.0 1 1 1 0 sphere 1000 0 0 1 0 0 0 500 500 500 500 0 sphere 0 0 0 1 0 0 0 500 500 500 500 0
ss_s1000_t0_r0_g1_m1 7.8125 1 1 1 0 sphere 1000 0 0 1 0 0 0 500 500 500 500 0 sphere 0 0 0 1 0 0 0 500 500 500 500 0
sb_s1000_t0_r0_g1_m0 0.0 1 1 1 0 sphere 1000 0 0 1 0 0 0 500 500 500 500 0 box 0 0 0 1 0 0 0 500 500 500 500 0
sb_s1000_t0_r0_g1_m1 7.8125 1 1 1 0 sphere 1000 0 0 1 0 0 0 500 500 500 500 0 box 0 0 0 1 0 0 0 500 500 500 500 0
bb_s1000_t0_r0_g1_m0 0.0 1 1 1 0 box 1000 0 0 1 0 0 0 500 500 500 500 0 box 0 0 0 1 0 0 0 500 500 500 500 0
bb_s1000_t0_r0_g1_m1 7.8125 1 1 1 0 box 1000 0 0 1 0 0 0 500 500 500 500 0 box 0 0 0 1 0 0 0 500 500 500 500 0
ss_s1000_t0_r0_g2_m0 0.0 0 1 0 1 sphere 1000.9765625 0 0 1 0 0 0 500 500 500 500 0 sphere 0 0 0 1 0 0 0 500 500 500 500 0
ss_s1000_t0_r0_g2_m1 7.8125 0 1 1 1 sphere 1000.9765625 0 0 1 0 0 0 500 500 500 500 0 sphere 0 0 0 1 0 0 0 500 500 500 500 0
sb_s1000_t0_r0_g2_m0 0.0 0 1 0 1 sphere 1000.9765625 0 0 1 0 0 0 500 500 500 500 0 box 0 0 0 1 0 0 0 500 500 500 500 0
sb_s1000_t0_r0_g2_m1 7.8125 0 1 1 1 sphere 1000.9765625 0 0 1 0 0 0 500 500 500 500 0 box 0 0 0 1 0 0 0 500 500 500 500 0
bb_s1000_t0_r0_g2_m0 0.0 0 1 0 1 box 1000.9765625 0 0 1 0 0 0 500 500 500 500 0 box 0 0 0 1 0 0 0 500 500 500 500 0
bb_s1000_t0_r0_g2_m1 7.8125 0 1 1 1 box 1000.9765625 0 0 1 0 0 0 500 500 500 500 0 box 0 0 0 1 0 0 0 500 500 500 500 0
ss_s1000_t0_r1_g0_m0 0.0 1 1 1 -1 sphere 359.6484375 799.21875 -479.53125 4 1 2 2 500 500 500 500 0 sphere 0 0 0 4 1 2 2 500 500 500 500 0
ss_s1000_t0_r1_g0_m1 7.8125 1 1 1 -1 sphere 359.6484375 799.21875 -479.53125 4 1 2 2 500 500 500 500 0 sphere 0 0 0 4 1 2 2 500 500 500 500 0
sb_s1000_t0_r1_g0_m0 0.0 1 1 1 -1 sphere 359.6484375 799.21875 -479.53125 4 1 2 2 500 500 500 500 0 box 0 0 0 4 1 2 2 500 500 500 500 0
sb_s1000_t0_r1_g0_m1 7.8125 1 1 1 -1 sphere 359.6484375 799.21875 -479.53125 4 1 2 2 500 500 500 500 0 box 0 0 0 4 1 2 2 500 500 500 500 0
bb_s1000_t0_r1_g0_m0 0.0 1 1 1 -1 box 359.6484375 799.21875 -479.53125 4 1 2 2 500 500 500 500 0 box 0 0 0 4 1 2 2 500 500 500 500 0
bb_s1000_t0_r1_g0_m1 7.8125 1 1 1 -1 box 359.6484375 799.21875 -479.53125 4 1 2 2 500 500 500 500 0 box 0 0 0 4 1 2 2 500 500 500 500 0
ss_s1000_t0_r1_g1_m0 0.0 1 1 1 0 sphere 360 800 -480 4 1 2 2 500 500 500 500 0 sphere 0 0 0 4 1 2 2 500 500 500 500 0
ss_s1000_t0_r1_g1_m1 7.8125 1 1 1 0 sphere 360 800 -480 4 1 2 2 500 500 500 500 0 sphere 0 0 0 4 1 2 2 500 500 500 500 0
sb_s1000_t0_r1_g1_m0 0.0 1 1 1 0 sphere 360 800 -480 4 1 2 2 500 500 500 500 0 box 0 0 0 4 1 2 2 500 500 500 500 0
sb_s1000_t0_r1_g1_m1 7.8125 1 1 1 0 sphere 360 800 -480 4 1 2 2 500 500 500 500 0 box 0 0 0 4 1 2 2 500 500 500 500 0
bb_s1000_t0_r1_g1_m0 0.0 1 1 1 0 box 360 800 -480 4 1 2 2 500 500 500 500 0 box 0 0 0 4 1 2 2 500 500 500 500 0
bb_s1000_t0_r1_g1_m1 7.8125 1 1 1 0 box 360 800 -480 4 1 2 2 500 500 500 500 0 box 0 0 0 4 1 2 2 500 500 500 500 0
ss_s1000_t0_r1_g2_m0 0.0 0 1 0 1 sphere 360.3515625 800.78125 -480.46875 4 1 2 2 500 500 500 500 0 sphere 0 0 0 4 1 2 2 500 500 500 500 0
ss_s1000_t0_r1_g2_m1 7.8125 0 1 1 1 sphere 360.3515625 800.78125 -480.46875 4 1 2 2 500 500 500 500 0 sphere 0 0 0 4 1 2 2 500 500 500 500 0
sb_s1000_t0_r1_g2_m0 0.0 0 1 0 1 sphere 360.3515625 800.78125 -480.46875 4 1 2 2 500 500 500 500 0 box 0 0 0 4 1 2 2 500 500 500 500 0
sb_s1000_t0_r1_g2_m1 7.8125 0 1 1 1 sphere 360.3515625 800.78125 -480.46875 4 1 2 2 500 500 500 500 0 box 0 0 0 4 1 2 2 500 500 500 500 0
bb_s1000_t0_r1_g2_m0 0.0 0 1 0 1 box 360.3515625 800.78125 -480.46875 4 1 2 2 500 500 500 500 0 box 0 0 0 4 1 2 2 500 500 500 500 0
bb_s1000_t0_r1_g2_m1 7.8125 0 1 1 1 box 360.3515625 800.78125 -480.46875 4 1 2 2 500 500 500 500 0 box 0 0 0 4 1 2 2 500 500 500 500 0
ss_s1000_t10_r0_g0_m0 0.0 1 1 1 -1 sphere 1009.0234375 -10 20 1 0 0 0 500 500 500 500 0 sphere 10 -10 20 1 0 0 0 500 500 500 500 0
ss_s1000_t10_r0_g0_m1 7.8125 1 1 1 -1 sphere 1009.0234375 -10 20 1 0 0 0 500 500 500 500 0 sphere 10 -10 20 1 0 0 0 500 500 500 500 0
sb_s1000_t10_r0_g0_m0 0.0 1 1 1 -1 sphere 1009.0234375 -10 20 1 0 0 0 500 500 500 500 0 box 10 -10 20 1 0 0 0 500 500 500 500 0
sb_s1000_t10_r0_g0_m1 7.8125 1 1 1 -1 sphere 1009.0234375 -10 20 1 0 0 0 500 500 500 500 0 box 10 -10 20 1 0 0 0 500 500 500 500 0
bb_s1000_t10_r0_g0_m0 0.0 1 1 1 -1 box 1009.0234375 -10 20 1 0 0 0 500 500 500 500 0 box 10 -10 20 1 0 0 0 500 500 500 500 0
bb_s1000_t10_r0_g0_m1 7.8125 1 1 1 -1 box 1009.0234375 -10 20 1 0 0 0 500 500 500 500 0 box 10 -10 20 1 0 0 0 500 500 500 500 0
ss_s1000_t10_r0_g1_m0 0.0 1 1 1 0 sphere 1010 -10 20 1 0 0 0 500 500 500 500 0 sphere 10 -10 20 1 0 0 0 500 500 500 500 0
ss_s1000_t10_r0_g1_m1 7.8125 1 1 1 0 sphere 1010 -10 20 1 0 0 0 500 500 500 500 0 sphere 10 -10 20 1 0 0 0 500 500 500 500 0
sb_s1000_t10_r0_g1_m0 0.0 1 1 1 0 sphere 1010 -10 20 1 0 0 0 500 500 500 500 0 box 10 -10 20 1 0 0 0 500 500 500 500 0
sb_s1000_t10_r0_g1_m1 7.8125 1 1 1 0 sphere 1010 -10 20 1 0 0 0 500 500 500 500 0 box 10 -10 20 1 0 0 0 500 500 500 500 0
bb_s1000_t10_r0_g1_m0 0.0 1 1 1 0 box 1010 -10 20 1 0 0 0 500 500 500 500 0 box 10 -10 20 1 0 0 0 500 500 500 500 0
bb_s1000_t10_r0_g1_m1 7.8125 1 1 1 0 box 1010 -10 20 1 0 0 0 500 500 500 500 0 box 10 -10 20 1 0 0 0 500 500 500 500 0
ss_s1000_t10_r0_g2_m0 0.0 0 1 0 1 sphere 1010.9765625 -10 20 1 0 0 0 500 500 500 500 0 sphere 10 -10 20 1 0 0 0 500 500 500 500 0
ss_s1000_t10_r0_g2_m1 7.8125 0 1 1 1 sphere 1010.9765625 -10 20 1 0 0 0 500 500 500 500 0 sphere 10 -10 20 1 0 0 0 500 500 500 500 0
sb_s1000_t10_r0_g2_m0 0.0 0 1 0 1 sphere 1010.9765625 -10 20 1 0 0 0 500 500 500 500 0 box 10 -10 20 1 0 0 0 500 500 500 500 0
sb_s1000_t10_r0_g2_m1 7.8125 0 1 1 1 sphere 1010.9765625 -10 20 1 0 0 0 500 500 500 500 0 box 10 -10 20 1 0 0 0 500 500 500 500 0
bb_s1000_t10_r0_g2_m0 0.0 0 1 0 1 box 1010.9765625 -10 20 1 0 0 0 500 500 500 500 0 box 10 -10 20 1 0 0 0 500 500 500 500 0
bb_s1000_t10_r0_g2_m1 7.8125 0 1 1 1 box 1010.9765625 -10 20 1 0 0 0 500 500 500 500 0 box 10 -10 20 1 0 0 0 500 500 500 500 0
ss_s1000_t10_r1_g0_m0 0.0 1 1 1 -1 sphere 369.6484375 789.21875 -459.53125 4 1 2 2 500 500 500 500 0 sphere 10 -10 20 4 1 2 2 500 500 500 500 0
ss_s1000_t10_r1_g0_m1 7.8125 1 1 1 -1 sphere 369.6484375 789.21875 -459.53125 4 1 2 2 500 500 500 500 0 sphere 10 -10 20 4 1 2 2 500 500 500 500 0
sb_s1000_t10_r1_g0_m0 0.0 1 1 1 -1 sphere 369.6484375 789.21875 -459.53125 4 1 2 2 500 500 500 500 0 box 10 -10 20 4 1 2 2 500 500 500 500 0
sb_s1000_t10_r1_g0_m1 7.8125 1 1 1 -1 sphere 369.6484375 789.21875 -459.53125 4 1 2 2 500 500 500 500 0 box 10 -10 20 4 1 2 2 500 500 500 500 0
bb_s1000_t10_r1_g0_m0 0.0 1 1 1 -1 box 369.6484375 789.21875 -459.53125 4 1 2 2 500 500 500 500 0 box 10 -10 20 4 1 2 2 500 500 500 500 0
bb_s1000_t10_r1_g0_m1 7.8125 1 1 1 -1 box 369.6484375 789.21875 -459.53125 4 1 2 2 500 500 500 500 0 box 10 -10 20 4 1 2 2 500 500 500 500 0
ss_s1000_t10_r1_g1_m0 0.0 1 1 1 0 sphere 370 790 -460 4 1 2 2 500 500 500 500 0 sphere 10 -10 20 4 1 2 2 500 500 500 500 0
ss_s1000_t10_r1_g1_m1 7.8125 1 1 1 0 sphere 370 790 -460 4 1 2 2 500 500 500 500 0 sphere 10 -10 20 4 1 2 2 500 500 500 500 0
sb_s1000_t10_r1_g1_m0 0.0 1 1 1 0 sphere 370 790 -460 4 1 2 2 500 500 500 500 0 box 10 -10 20 4 1 2 2 500 500 500 500 0
sb_s1000_t10_r1_g1_m1 7.8125 1 1 1 0 sphere 370 790 -460 4 1 2 2 500 500 500 500 0 box 10 -10 20 4 1 2 2 500 500 500 500 0
bb_s1000_t10_r1_g1_m0 0.0 1 1 1 0 box 370 790 -460 4 1 2 2 500 500 500 500 0 box 10 -10 20 4 1 2 2 500 500 500 500 0
bb_s1000_t10_r1_g1_m1 7.8125 1 1 1 0 box 370 790 -460 4 1 2 2 500 500 500 500 0 box 10 -10 20 4 1 2 2 500 500 500 500 0
ss_s1000_t10_r1_g2_m0 0.0 0 1 0 1 sphere 370.3515625 790.78125 -460.46875 4 1 2 2 500 500 500 500 0 sphere 10 -10 20 4 1 2 2 500 500 500 500 0
ss_s1000_t10_r1_g2_m1 7.8125 0 1 1 1 sphere 370.3515625 790.78125 -460.46875 4 1 2 2 500 500 500 500 0 sphere 10 -10 20 4 1 2 2 500 500 500 500 0
sb_s1000_t10_r1_g2_m0 0.0 0 1 0 1 sphere 370.3515625 790.78125 -460.46875 4 1 2 2 500 500 500 500 0 box 10 -10 20 4 1 2 2 500 500 500 500 0
sb_s1000_t10_r1_g2_m1 7.8125 0 1 1 1 sphere 370.3515625 790.78125 -460.46875 4 1 2 2 500 500 500 500 0 box 10 -10 20 4 1 2 2 500 500 500 500 0
bb_s1000_t10_r1_g2_m0 0.0 0 1 0 1 box 370.3515625 790.78125 -460.46875 4 1 2 2 500 500 500 500 0 box 10 -10 20 4 1 2 2 500 500 500 500 0
bb_s1000_t10_r1_g2_m1 7.8125 0 1 1 1 box 370.3515625 790.78125 -460.46875 4 1 2 2 500 500 500 500 0 box 10 -10 20 4 1 2 2 500 500 500 500 0
ss_s1000_t137_r0_g0_m0 0.0 1 1 1 -1 sphere 1136.0234375 -137 274 1 0 0 0 500 500 500 500 0 sphere 137 -137 274 1 0 0 0 500 500 500 500 0
ss_s1000_t137_r0_g0_m1 7.8125 1 1 1 -1 sphere 1136.0234375 -137 274 1 0 0 0 500 500 500 500 0 sphere 137 -137 274 1 0 0 0 500 500 500 500 0
sb_s1000_t137_r0_g0_m0 0.0 1 1 1 -1 sphere 1136.0234375 -137 274 1 0 0 0 500 500 500 500 0 box 137 -137 274 1 0 0 0 500 500 500 500 0
sb_s1000_t137_r0_g0_m1 7.8125 1 1 1 -1 sphere 1136.0234375 -137 274 1 0 0 0 500 500 500 500 0 box 137 -137 274 1 0 0 0 500 500 500 500 0
bb_s1000_t137_r0_g0_m0 0.0 1 1 1 -1 box 1136.0234375 -137 274 1 0 0 0 500 500 500 500 0 box 137 -137 274 1 0 0 0 500 500 500 500 0
bb_s1000_t137_r0_g0_m1 7.8125 1 1 1 -1 box 1136.0234375 -137 274 1 0 0 0 500 500 500 500 0 box 137 -137 274 1 0 0 0 500 500 500 500 0
ss_s1000_t137_r0_g1_m0 0.0 1 1 1 0 sphere 1137 -137 274 1 0 0 0 500 500 500 500 0 sphere 137 -137 274 1 0 0 0 500 500 500 500 0
ss_s1000_t137_r0_g1_m1 7.8125 1 1 1 0 sphere 1137 -137 274 1 0 0 0 500 500 500 500 0 sphere 137 -137 274 1 0 0 0 500 500 500 500 0
sb_s1000_t137_r0_g1_m0 0.0 1 1 1 0 sphere 1137 -137 274 1 0 0 0 500 500 500 500 0 box 137 -137 274 1 0 0 0 500 500 500 500 0
sb_s1000_t137_r0_g1_m1 7.8125 1 1 1 0 sphere 1137 -137 274 1 0 0 0 500 500 500 500 0 box 137 -137 274 1 0 0 0 500 500 500 500 0
bb_s1000_t137_r0_g1_m0 0.0 1 1 1 0 box 1137 -137 274 1 0 0 0 500 500 500 500 0 box 137 -137 274 1 0 0 0 500 500 500 500 0
bb_s1000_t137_r0_g1_m1 7.8125 1 1 1 0 box 1137 -137 274 1 0 0 0 500 500 500 500 0 box 137 -137 274 1 0 0 0 500 500 500 500 0
ss_s1000_t137_r0_g2_m0 0.0 0 1 0 1 sphere 1137.9765625 -137 274 1 0 0 0 500 500 500 500 0 sphere 137 -137 274 1 0 0 0 500 500 500 500 0
ss_s1000_t137_r0_g2_m1 7.8125 0 1 1 1 sphere 1137.9765625 -137 274 1 0 0 0 500 500 500 500 0 sphere 137 -137 274 1 0 0 0 500 500 500 500 0
sb_s1000_t137_r0_g2_m0 0.0 0 1 0 1 sphere 1137.9765625 -137 274 1 0 0 0 500 500 500 500 0 box 137 -137 274 1 0 0 0 500 500 500 500 0
sb_s1000_t137_r0_g2_m1 7.8125 0 1 1 1 sphere 1137.9765625 -137 274 1 0 0 0 500 500 500 500 0 box 137 -137 274 1 0 0 0 500 500 500 500 0
bb_s1000_t137_r0_g2_m0 0.0 0 1 0 1 box 1137.9765625 -137 274 1 0 0 0 500 500 500 500 0 box 137 -137 274 1 0 0 0 500 500 500 500 0
bb_s1000_t137_r0_g2_m1 7.8125 0 1 1 1 box 1137.9765625 -137 274 1 0 0 0 500 500 500 500 0 box 137 -137 274 1 0 0 0 500 500 500 500 0
ss_s1000_t137_r1_g0_m0 0.0 1 1 1 -1 sphere 496.6484375 662.21875 -205.53125 4 1 2 2 500 500 500 500 0 sphere 137 -137 274 4 1 2 2 500 500 500 500 0
ss_s1000_t137_r1_g0_m1 7.8125 1 1 1 -1 sphere 496.6484375 662.21875 -205.53125 4 1 2 2 500 500 500 500 0 sphere 137 -137 274 4 1 2 2 500 500 500 500 0
sb_s1000_t137_r1_g0_m0 0.0 1 1 1 -1 sphere 496.6484375 662.21875 -205.53125 4 1 2 2 500 500 500 500 0 box 137 -137 274 4 1 2 2 500 500 500 500 0
sb_s1000_t137_r1_g0_m1 7.8125 1 1 1 -1 sphere 496.6484375 662.21875 -205.53125 4 1 2 2 500 500 500 500 0 box 137 -137 274 4 1 2 2 500 500 500 500 0
bb_s1000_t137_r1_g0_m0 0.0 1 1 1 -1 box 496.6484375 662.21875 -205.53125 4 1 2 2 500 500 500 500 0 box 137 -137 274 4 1 2 2 500 500 500 500 0
bb_s1000_t137_r1_g0_m1 7.8125 1 1 1 -1 box 496.6484375 662.21875 -205.53125 4 1 2 2 500 500 500 500 0 box 137 -137 274 4 1 2 2 500 500 500 500 0
ss_s1000_t137_r1_g1_m0 0.0 1 1 1 0 sphere 497 663 -206 4 1 2 2 500 500 500 500 0 sphere 137 -137 274 4 1 2 2 500 500 500 500 0
ss_s1000_t137_r1_g1_m1 7.8125 1 1 1 0 sphere 497 663 -206 4 1 2 2 500 500 500 500 0 sphere 137 -137 274 4 1 2 2 500 500 500 500 0
sb_s1000_t137_r1_g1_m0 0.0 1 1 1 0 sphere 497 663 -206 4 1 2 2 500 500 500 500 0 box 137 -137 274 4 1 2 2 500 500 500 500 0
sb_s1000_t137_r1_g1_m1 7.8125 1 1 1 0 sphere 497 663 -206 4 1 2 2 500 500 500 500 0 box 137 -137 274 4 1 2 2 500 500 500 500 0
bb_s1000_t137_r1_g1_m0 0.0 1 1 1 0 box 497 663 -206 4 1 2 2 500 500 500 500 0 box 137 -137 274 4 1 2 2 500 500 500 500 0
bb_s1000_t137_r1_g1_m1 7.8125 1 1 1 0 box 497 663 -206 4 1 2 2 500 500 500 500 0 box 137 -137 274 4 1 2 2 500 500 500 500 0
ss_s1000_t137_r1_g2_m0 0.0 0 1 0 1 sphere 497.3515625 663.78125 -206.46875 4 1 2 2 500 500 500 500 0 sphere 137 -137 274 4 1 2 2 500 500 500 500 0
ss_s1000_t137_r1_g2_m1 7.8125 0 1 1 1 sphere 497.3515625 663.78125 -206.46875 4 1 2 2 500 500 500 500 0 sphere 137 -137 274 4 1 2 2 500 500 500 500 0
sb_s1000_t137_r1_g2_m0 0.0 0 1 0 1 sphere 497.3515625 663.78125 -206.46875 4 1 2 2 500 500 500 500 0 box 137 -137 274 4 1 2 2 500 500 500 500 0
sb_s1000_t137_r1_g2_m1 7.8125 0 1 1 1 sphere 497.3515625 663.78125 -206.46875 4 1 2 2 500 500 500 500 0 box 137 -137 274 4 1 2 2 500 500 500 500 0
bb_s1000_t137_r1_g2_m0 0.0 0 1 0 1 box 497.3515625 663.78125 -206.46875 4 1 2 2 500 500 500 500 0 box 137 -137 274 4 1 2 2 500 500 500 500 0
bb_s1000_t137_r1_g2_m1 7.8125 0 1 1 1 box 497.3515625 663.78125 -206.46875 4 1 2 2 500 500 500 500 0 box 137 -137 274 4 1 2 2 500 500 500 500 0
ss_s1000_t1000_r0_g0_m0 0.0 1 1 1 -1 sphere 1999.0234375 -1000 2000 1 0 0 0 500 500 500 500 0 sphere 1000 -1000 2000 1 0 0 0 500 500 500 500 0
ss_s1000_t1000_r0_g0_m1 7.8125 1 1 1 -1 sphere 1999.0234375 -1000 2000 1 0 0 0 500 500 500 500 0 sphere 1000 -1000 2000 1 0 0 0 500 500 500 500 0
sb_s1000_t1000_r0_g0_m0 0.0 1 1 1 -1 sphere 1999.0234375 -1000 2000 1 0 0 0 500 500 500 500 0 box 1000 -1000 2000 1 0 0 0 500 500 500 500 0
sb_s1000_t1000_r0_g0_m1 7.8125 1 1 1 -1 sphere 1999.0234375 -1000 2000 1 0 0 0 500 500 500 500 0 box 1000 -1000 2000 1 0 0 0 500 500 500 500 0
bb_s1000_t1000_r0_g0_m0 0.0 1 1 1 -1 box 1999.0234375 -1000 2000 1 0 0 0 500 500 500 500 0 box 1000 -1000 2000 1 0 0 0 500 500 500 500 0
bb_s1000_t1000_r0_g0_m1 7.8125 1 1 1 -1 box 1999.0234375 -1000 2000 1 0 0 0 500 500 500 500 0 box 1000 -1000 2000 1 0 0 0 500 500 500 500 0
ss_s1000_t1000_r0_g1_m0 0.0 1 1 1 0 sphere 2000 -1000 2000 1 0 0 0 500 500 500 500 0 sphere 1000 -1000 2000 1 0 0 0 500 500 500 500 0
ss_s1000_t1000_r0_g1_m1 7.8125 1 1 1 0 sphere 2000 -1000 2000 1 0 0 0 500 500 500 500 0 sphere 1000 -1000 2000 1 0 0 0 500 500 500 500 0
sb_s1000_t1000_r0_g1_m0 0.0 1 1 1 0 sphere 2000 -1000 2000 1 0 0 0 500 500 500 500 0 box 1000 -1000 2000 1 0 0 0 500 500 500 500 0
sb_s1000_t1000_r0_g1_m1 7.8125 1 1 1 0 sphere 2000 -1000 2000 1 0 0 0 500 500 500 500 0 box 1000 -1000 2000 1 0 0 0 500 500 500 500 0
bb_s1000_t1000_r0_g1_m0 0.0 1 1 1 0 box 2000 -1000 2000 1 0 0 0 500 500 500 500 0 box 1000 -1000 2000 1 0 0 0 500 500 500 500 0
bb_s1000_t1000_r0_g1_m1 7.8125 1 1 1 0 box 2000 -1000 2000 1 0 0 0 500 500 500 500 0 box 1000 -1000 2000 1 0 0 0 500 500 500 500 0
ss_s1000_t1000_r0_g2_m0 0.0 0 1 0 1 sphere 2000.9765625 -1000 2000 1 0 0 0 500 500 500 500 0 sphere 1000 -1000 2000 1 0 0 0 500 500 500 500 0
ss_s1000_t1000_r0_g2_m1 7.8125 0 1 1 1 sphere 2000.9765625 -1000 2000 1 0 0 0 500 500 500 500 0 sphere 1000 -1000 2000 1 0 0 0 500 500 500 500 0
sb_s1000_t1000_r0_g2_m0 0.0 0 1 0 1 sphere 2000.9765625 -1000 2000 1 0 0 0 500 500 500 500 0 box 1000 -1000 2000 1 0 0 0 500 500 500 500 0
sb_s1000_t1000_r0_g2_m1 7.8125 0 1 1 1 sphere 2000.9765625 -1000 2000 1 0 0 0 500 500 500 500 0 box 1000 -1000 2000 1 0 0 0 500 500 500 500 0
bb_s1000_t1000_r0_g2_m0 0.0 0 1 0 1 box 2000.9765625 -1000 2000 1 0 0 0 500 500 500 500 0 box 1000 -1000 2000 1 0 0 0 500 500 500 500 0
bb_s1000_t1000_r0_g2_m1 7.8125 0 1 1 1 box 2000.9765625 -1000 2000 1 0 0 0 500 500 500 500 0 box 1000 -1000 2000 1 0 0 0 500 500 500 500 0
ss_s1000_t1000_r1_g0_m0 0.0 1 1 1 -1 sphere 1359.6484375 -200.78125 1520.46875 4 1 2 2 500 500 500 500 0 sphere 1000 -1000 2000 4 1 2 2 500 500 500 500 0
ss_s1000_t1000_r1_g0_m1 7.8125 1 1 1 -1 sphere 1359.6484375 -200.78125 1520.46875 4 1 2 2 500 500 500 500 0 sphere 1000 -1000 2000 4 1 2 2 500 500 500 500 0
sb_s1000_t1000_r1_g0_m0 0.0 1 1 1 -1 sphere 1359.6484375 -200.78125 1520.46875 4 1 2 2 500 500 500 500 0 box 1000 -1000 2000 4 1 2 2 500 500 500 500 0
sb_s1000_t1000_r1_g0_m1 7.8125 1 1 1 -1 sphere 1359.6484375 -200.78125 1520.46875 4 1 2 2 500 500 500 500 0 box 1000 -1000 2000 4 1 2 2 500 500 500 500 0
bb_s1000_t1000_r1_g0_m0 0.0 1 1 1 -1 box 1359.6484375 -200.78125 1520.46875 4 1 2 2 500 500 500 500 0 box 1000 -1000 2000 4 1 2 2 500 500 500 500 0
bb_s1000_t1000_r1_g0_m1 7.8125 1 1 1 -1 box 1359.6484375 -200.78125 1520.46875 4 1 2 2 500 500 500 500 0 box 1000 -1000 2000 4 1 2 2 500 500 500 500 0
ss_s1000_t1000_r1_g1_m0 0.0 1 1 1 0 sphere 1360 -200 1520 4 1 2 2 500 500 500 500 0 sphere 1000 -1000 2000 4 1 2 2 500 500 500 500 0
ss_s1000_t1000_r1_g1_m1 7.8125 1 1 1 0 sphere 1360 -200 1520 4 1 2 2 500 500 500 500 0 sphere 1000 -1000 2000 4 1 2 2 500 500 500 500 0
sb_s1000_t1000_r1_g1_m0 0.0 1 1 1 0 sphere 1360 -200 1520 4 1 2 2 500 500 500 500 0 box 1000 -1000 2000 4 1 2 2 500 500 500 500 0
sb_s1000_t1000_r1_g1_m1 7.8125 1 1 1 0 sphere 1360 -200 1520 4 1 2 2 500 500 500 500 0 box 1000 -1000 2000 4 1 2 2 500 500 500 500 0
bb_s1000_t1000_r1_g1_m0 0.0 1 1 1 0 box 1360 -200 1520 4 1 2 2 500 500 500 500 0 box 1000 -1000 2000 4 1 2 2 500 500 500 500 0
bb_s1000_t1000_r1_g1_m1 7.8125 1 1 1 0 box 1360 -200 1520 4 1 2 2 500 500 500 500 0 box 1000 -1000 2000 4 1 2 2 500 500 500 500 0
ss_s1000_t1000_r1_g2_m0 0.0 0 1 0 1 sphere 1360.3515625 -199.21875 1519.53125 4 1 2 2 500 500 500 500 0 sphere 1000 -1000 2000 4 1 2 2 500 500 500 500 0
ss_s1000_t1000_r1_g2_m1 7.8125 0 1 1 1 sphere 1360.3515625 -199.21875 1519.53125 4 1 2 2 500 500 500 500 0 sphere 1000 -1000 2000 4 1 2 2 500 500 500 500 0
sb_s1000_t1000_r1_g2_m0 0.0 0 1 0 1 sphere 1360.3515625 -199.21875 1519.53125 4 1 2 2 500 500 500 500 0 box 1000 -1000 2000 4 1 2 2 500 500 500 500 0
sb_s1000_t1000_r1_g2_m1 7.8125 0 1 1 1 sphere 1360.3515625 -199.21875 1519.53125 4 1 2 2 500 500 500 500 0 box 1000 -1000 2000 4 1 2 2 500 500 500 500 0
bb_s1000_t1000_r1_g2_m0 0.0 0 1 0 1 box 1360.3515625 -199.21875 1519.53125 4 1 2 2 500 500 500 500 0 box 1000 -1000 2000 4 1 2 2 500 500 500 500 0
bb_s1000_t1000_r1_g2_m1 7.8125 0 1 1 1 box 1360.3515625 -199.21875 1519.53125 4 1 2 2 500 500 500 500 0 box 1000 -1000 2000 4 1 2 2 500 500 500 500 0
sb_feature_0_-1_1_-6.103515625e-05_0 0.0010000000474974513 1 1 1 -1 sphere 136.25006103515625 -137 274 1 0 0 0 0.25 0.5 0.5 0.5 0 box 137 -137 274 1 0 0 0 0.5 0.5 0.5 0.5 0
sb_feature_0_-1_1_-6.103515625e-05_1 0.0010000000474974513 1 1 1 -1 sphere 136.73002624511719 -137.59994506835938 274.3599853515625 4 1 2 2 0.25 0.5 0.5 0.5 0 box 137 -137 274 4 1 2 2 0.5 0.5 0.5 0.5 0
sb_feature_0_-1_1_0_0 0.0010000000474974513 1 1 1 0 sphere 136.25 -137 274 1 0 0 0 0.25 0.5 0.5 0.5 0 box 137 -137 274 1 0 0 0 0.5 0.5 0.5 0.5 0
sb_feature_0_-1_1_0_1 0.0010000000474974513 1 1 1 -1 sphere 136.72999572753906 -137.60000610351562 274.3599853515625 4 1 2 2 0.25 0.5 0.5 0.5 0 box 137 -137 274 4 1 2 2 0.5 0.5 0.5 0.5 0
sb_feature_0_-1_1_6.103515625e-05_0 0.0010000000474974513 0 1 1 1 sphere 136.24993896484375 -137 274 1 0 0 0 0.25 0.5 0.5 0.5 0 box 137 -137 274 1 0 0 0 0.5 0.5 0.5 0.5 0
sb_feature_0_-1_1_6.103515625e-05_1 0.0010000000474974513 0 1 1 1 sphere 136.72998046875 -137.60005187988281 274.36001586914062 4 1 2 2 0.25 0.5 0.5 0.5 0 box 137 -137 274 4 1 2 2 0.5 0.5 0.5 0.5 0
sb_feature_0_-1_2_-6.103515625e-05_0 0.0010000000474974513 1 1 1 -1 sphere 136.32327270507812 -137.67672729492188 274 1 0 0 0 0.25 0.5 0.5 0.5 0 box 137 -137 274 1 0 0 0 0.5 0.5 0.5 0.5 0
sb_feature_0_-1_2_-6.103515625e-05_1 0.0010000000474974513 1 1 1 -1 sphere 137.08120727539062 -137.94743347167969 273.8917236328125 4 1 2 2 0.25 0.5 0.5 0.5 0 box 137 -137 274 4 1 2 2 0.5 0.5 0.5 0.5 0
sb_feature_0_-1_2_0_0 0.0010000000474974513 1 1 1 -1 sphere 136.32322692871094 -137.67677307128906 274 1 0 0 0 0.25 0.5 0.5 0.5 0 box 137 -137 274 1 0 0 0 0.5 0.5 0.5 0.5 0
sb_feature_0_-1_2_0_1 0.0010000000474974513 0 1 1 1 sphere 137.08120727539062 -137.94749450683594 273.8917236328125 4 1 2 2 0.25 0.5 0.5 0.5 0 box 137 -137 274 4 1 2 2 0.5 0.5 0.5 0.5 0
sb_feature_0_-1_2_6.103515625e-05_0 0.0010000000474974513 0 1 1 1 sphere 136.32318115234375 -137.67681884765625 274 1 0 0 0 0.25 0.5 0.5 0.5 0 box 137 -137 274 1 0 0 0 0.5 0.5 0.5 0.5 0
sb_feature_0_-1_2_6.103515625e-05_1 0.0010000000474974513 0 1 1 1 sphere 137.08122253417969 -137.94754028320312 273.8917236328125 4 1 2 2 0.25 0.5 0.5 0.5 0 box 137 -137 274 4 1 2 2 0.5 0.5 0.5 0.5 0
sb_feature_0_-1_3_-6.103515625e-05_0 0.0010000000474974513 1 1 1 -1 sphere 136.35569763183594 -137.64430236816406 273.355712890625 1 0 0 0 0.25 0.5 0.5 0.5 0 box 137 -137 274 1 0 0 0 0.5 0.5 0.5 0.5 0
sb_feature_0_-1_3_-6.103515625e-05_1 0.0010000000474974513 1 1 1 -1 sphere 136.56187438964844 -137.90202331542969 273.51034545898438 4 1 2 2 0.25 0.5 0.5 0.5 0 box 137 -137 274 4 1 2 2 0.5 0.5 0.5 0.5 0
sb_feature_0_-1_3_0_0 0.0010000000474974513 0 1 1 1 sphere 136.35566711425781 -137.64433288574219 273.35565185546875 1 0 0 0 0.25 0.5 0.5 0.5 0 box 137 -137 274 1 0 0 0 0.5 0.5 0.5 0.5 0
sb_feature_0_-1_3_0_1 0.0010000000474974513 1 1 1 -1 sphere 136.56184387207031 -137.90206909179688 273.51031494140625 4 1 2 2 0.25 0.5 0.5 0.5 0 box 137 -137 274 4 1 2 2 0.5 0.5 0.5 0.5 0
sb_feature_0_-1_3_6.103515625e-05_0 0.0010000000474974513 0 1 1 1 sphere 136.35562133789062 -137.64437866210938 273.35562133789062 1 0 0 0 0.25 0.5 0.5 0.5 0 box 137 -137 274 1 0 0 0 0.5 0.5 0.5 0.5 0
sb_feature_0_-1_3_6.103515625e-05_1 0.0010000000474974513 0 1 1 1 sphere 136.56182861328125 -137.90211486816406 273.51028442382812 4 1 2 2 0.25 0.5 0.5 0.5 0 box 137 -137 274 4 1 2 2 0.5 0.5 0.5 0.5 0
sb_feature_0_1_1_-6.103515625e-05_0 0.0010000000474974513 1 1 1 -1 sphere 137.74993896484375 -137 274 1 0 0 0 0.25 0.5 0.5 0.5 0 box 137 -137 274 1 0 0 0 0.5 0.5 0.5 0.5 0
sb_feature_0_1_1_-6.103515625e-05_1 0.0010000000474974513 1 1 1 -1 sphere 137.26997375488281 -136.40005493164062 273.6400146484375 4 1 2 2 0.25 0.5 0.5 0.5 0 box 137 -137 274 4 1 2 2 0.5 0.5 0.5 0.5 0
sb_feature_0_1_1_0_0 0.0010000000474974513 1 1 1 0 sphere 137.75 -137 274 1 0 0 0 0.25 0.5 0.5 0.5 0 box 137 -137 274 1 0 0 0 0.5 0.5 0.5 0.5 0
sb_feature_0_1_1_0_1 0.0010000000474974513 1 1 1 -1 sphere 137.27000427246094 -136.39999389648438 273.6400146484375 4 1 2 2 0.25 0.5 0.5 0.5 0 box 137 -137 274 4 1 2 2 0.5 0.5 0.5 0.5 0
sb_feature_0_1_1_6.103515625e-05_0 0.0010000000474974513 0 1 1 1 sphere 137.75006103515625 -137 274 1 0 0 0 0.25 0.5 0.5 0.5 0 box 137 -137 274 1 0 0 0 0.5 0.5 0.5 0.5 0
sb_feature_0_1_1_6.103515625e-05_1 0.0010000000474974513 0 1 1 1 sphere 137.27001953125 -136.39994812011719 273.63998413085938 4 1 2 2 0.25 0.5 0.5 0.5 0 box 137 -137 274 4 1 2 2 0.5 0.5 0.5 0.5 0
sb_feature_0_1_2_-6.103515625e-05_0 0.0010000000474974513 1 1 1 -1 sphere 137.67672729492188 -136.32327270507812 274 1 0 0 0 0.25 0.5 0.5 0.5 0 box 137 -137 274 1 0 0 0 0.5 0.5 0.5 0.5 0
sb_feature_0_1_2_-6.103515625e-05_1 0.0010000000474974513 1 1 1 -1 sphere 136.91879272460938 -136.05256652832031 274.1082763671875 4 1 2 2 0.25 0.5 0.5 0.5 0 box 137 -137 274 4 1 2 2 0.5 0.5 0.5 0.5 0
sb_feature_0_1_2_0_0 0.0010000000474974513 1 1 1 -1 sphere 137.67677307128906 -136.32322692871094 274 1 0 0 0 0.25 0.5 0.5 0.5 0 box 137 -137 274 1 0 0 0 0.5 0.5 0.5 0.5 0
sb_feature_0_1_2_0_1 0.0010000000474974513 0 1 1 1 sphere 136.91879272460938 -136.05250549316406 274.1082763671875 4 1 2 2 0.25 0.5 0.5 0.5 0 box 137 -137 274 4 1 2 2 0.5 0.5 0.5 0.5 0
sb_feature_0_1_2_6.103515625e-05_0 0.0010000000474974513 0 1 1 1 sphere 137.67681884765625 -136.32318115234375 274 1 0 0 0 0.25 0.5 0.5 0.5 0 box 137 -137 274 1 0 0 0 0.5 0.5 0.5 0.5 0
sb_feature_0_1_2_6.103515625e-05_1 0.0010000000474974513 0 1 1 1 sphere 136.91877746582031 -136.05245971679688 274.1082763671875 4 1 2 2 0.25 0.5 0.5 0.5 0 box 137 -137 274 4 1 2 2 0.5 0.5 0.5 0.5 0
sb_feature_0_1_3_-6.103515625e-05_0 0.0010000000474974513 1 1 1 -1 sphere 137.64430236816406 -136.35569763183594 274.644287109375 1 0 0 0 0.25 0.5 0.5 0.5 0 box 137 -137 274 1 0 0 0 0.5 0.5 0.5 0.5 0
sb_feature_0_1_3_-6.103515625e-05_1 0.0010000000474974513 1 1 1 -1 sphere 137.43812561035156 -136.09797668457031 274.48965454101562 4 1 2 2 0.25 0.5 0.5 0.5 0 box 137 -137 274 4 1 2 2 0.5 0.5 0.5 0.5 0
sb_feature_0_1_3_0_0 0.0010000000474974513 0 1 1 1 sphere 137.64433288574219 -136.35566711425781 274.64434814453125 1 0 0 0 0.25 0.5 0.5 0.5 0 box 137 -137 274 1 0 0 0 0.5 0.5 0.5 0.5 0
sb_feature_0_1_3_0_1 0.0010000000474974513 1 1 1 -1 sphere 137.43815612792969 -136.09793090820312 274.48968505859375 4 1 2 2 0.25 0.5 0.5 0.5 0 box 137 -137 274 4 1 2 2 0.5 0.5 0.5 0.5 0
sb_feature_0_1_3_6.103515625e-05_0 0.0010000000474974513 0 1 1 1 sphere 137.64437866210938 -136.35562133789062 274.64437866210938 1 0 0 0 0.25 0.5 0.5 0.5 0 box 137 -137 274 1 0 0 0 0.5 0.5 0.5 0.5 0
sb_feature_0_1_3_6.103515625e-05_1 0.0010000000474974513 0 1 1 1 sphere 137.43817138671875 -136.09788513183594 274.48971557617188 4 1 2 2 0.25 0.5 0.5 0.5 0 box 137 -137 274 4 1 2 2 0.5 0.5 0.5 0.5 0
sb_feature_1_-1_1_-6.103515625e-05_0 0.0010000000474974513 1 1 1 -1 sphere 137 -137.74993896484375 274 1 0 0 0 0.25 0.5 0.5 0.5 0 box 137 -137 274 1 0 0 0 0.5 0.5 0.5 0.5 0
sb_feature_1_-1_1_-6.103515625e-05_1 0.0010000000474974513 1 1 1 -1 sphere 137.35997009277344 -137.44996643066406 273.52005004882812 4 1 2 2 0.25 0.5 0.5 0.5 0 box 137 -137 274 4 1 2 2 0.5 0.5 0.5 0.5 0
sb_feature_1_-1_1_0_0 0.0010000000474974513 1 1 1 0 sphere 137 -137.75 274 1 0 0 0 0.25 0.5 0.5 0.5 0 box 137 -137 274 1 0 0 0 0.5 0.5 0.5 0.5 0
sb_feature_1_-1_1_0_1 0.0010000000474974513 0 1 1 1 sphere 137.36000061035156 -137.44999694824219 273.51998901367188 4 1 2 2 0.25 0.5 0.5 0.5 0 box 137 -137 274 4 1 2 2 0.5 0.5 0.5 0.5 0
sb_feature_1_-1_1_6.103515625e-05_0 0.0010000000474974513 0 1 1 1 sphere 137 -137.75006103515625 274 1 0 0 0 0.25 0.5 0.5 0.5 0 box 137 -137 274 1 0 0 0 0.5 0.5 0.5 0.5 0
sb_feature_1_-1_1_6.103515625e-05_1 0.0010000000474974513 0 1 1 1 sphere 137.36003112792969 -137.45004272460938 273.51995849609375 4 1 2 2 0.25 0.5 0.5 0.5 0 box 137 -137 274 4 1 2 2 0.5 0.5 0.5 0.5 0
sb_feature_1_-1_2_-6.103515625e-05_0 0.0010000000474974513 1 1 1 -1 sphere 137 -137.67672729492188 273.32327270507812 1 0 0 0 0.25 0.5 0.5 0.5 0 box 137 -137 274 1 0 0 0 0.5 0.5 0.5 0.5 0
sb_feature_1_-1_2_-6.103515625e-05_1 0.0010000000474974513 1 1 1 -1 sphere 136.783447265625 -137.40603637695312 273.16085815429688 4 1 2 2 0.25 0.5 0.5 0.5 0 box 137 -137 274 4 1 2 2 0.5 0.5 0.5 0.5 0
sb_feature_1_-1_2_0_0 0.0010000000474974513 0 1 1 1 sphere 137 -137.67677307128906 273.32321166992188 1 0 0 0 0.25 0.5 0.5 0.5 0 box 137 -137 274 1 0 0 0 0.5 0.5 0.5 0.5 0
sb_feature_1_-1_2_0_1 0.0010000000474974513 0 1 1 1 sphere 136.78343200683594 -137.40606689453125 273.16079711914062 4 1 2 2 0.25 0.5 0.5 0.5 0 box 137 -137 274 4 1 2 2 0.5 0.5 0.5 0.5 0
sb_feature_1_-1_2_6.103515625e-05_0 0.0010000000474974513 0 1 1 1 sphere 137 -137.67681884765625 273.32318115234375 1 0 0 0 0.25 0.5 0.5 0.5 0 box 137 -137 274 1 0 0 0 0.5 0.5 0.5 0.5 0
sb_feature_1_-1_2_6.103515625e-05_1 0.0010000000474974513 0 1 1 1 sphere 136.78341674804688 -137.40609741210938 273.16073608398438 4 1 2 2 0.25 0.5 0.5 0.5 0 box 137 -137 274 4 1 2 2 0.5 0.5 0.5 0.5 0
sb_feature_1_-1_3_-6.103515625e-05_0 0.0010000000474974513 1 1 1 -1 sphere 136.35569763183594 -137.64430236816406 273.355712890625 1 0 0 0 0.25 0.5 0.5 0.5 0 box 137 -137 274 1 0 0 0 0.5 0.5 0.5 0.5 0
sb_feature_1_-1_3_-6.103515625e-05_1 0.0010000000474974513 1 1 1 -1 sphere 136.56187438964844 -137.90202331542969 273.51034545898438 4 1 2 2 0.25 0.5 0.5 0.5 0 box 137 -137 274 4 1 2 2 0.5 0.5 0.5 0.5 0
sb_feature_1_-1_3_0_0 0.0010000000474974513 0 1 1 1 sphere 136.35566711425781 -137.64433288574219 273.35565185546875 1 0 0 0 0.25 0.5 0.5 0.5 0 box 137 -137 274 1 0 0 0 0.5 0.5 0.5 0.5 0
sb_feature_1_-1_3_0_1 0.0010000000474974513 1 1 1 -1 sphere 136.56184387207031 -137.90206909179688 273.51031494140625 4 1 2 2 0.25 0.5 0.5 0.5 0 box 137 -137 274 4 1 2 2 0.5 0.5 0.5 0.5 0
sb_feature_1_-1_3_6.103515625e-05_0 0.0010000000474974513 0 1 1 1 sphere 136.35562133789062 -137.64437866210938 273.35562133789062 1 0 0 0 0.25 0.5 0.5 0.5 0 box 137 -137 274 1 0 0 0 0.5 0.5 0.5 0.5 0
sb_feature_1_-1_3_6.103515625e-05_1 0.0010000000474974513 0 1 1 1 sphere 136.56182861328125 -137.90211486816406 273.51028442382812 4 1 2 2 0.25 0.5 0.5 0.5 0 box 137 -137 274 4 1 2 2 0.5 0.5 0.5 0.5 0
sb_feature_1_1_1_-6.103515625e-05_0 0.0010000000474974513 1 1 1 -1 sphere 137 -136.25006103515625 274 1 0 0 0 0.25 0.5 0.5 0.5 0 box 137 -137 274 1 0 0 0 0.5 0.5 0.5 0.5 0
sb_feature_1_1_1_-6.103515625e-05_1 0.0010000000474974513 1 1 1 -1 sphere 136.64002990722656 -136.55003356933594 274.47994995117188 4 1 2 2 0.25 0.5 0.5 0.5 0 box 137 -137 274 4 1 2 2 0.5 0.5 0.5 0.5 0
sb_feature_1_1_1_0_0 0.0010000000474974513 1 1 1 0 sphere 137 -136.25 274 1 0 0 0 0.25 0.5 0.5 0.5 0 box 137 -137 274 1 0 0 0 0.5 0.5 0.5 0.5 0
sb_feature_1_1_1_0_1 0.0010000000474974513 0 1 1 1 sphere 136.63999938964844 -136.55000305175781 274.48001098632812 4 1 2 2 0.25 0.5 0.5 0.5 0 box 137 -137 274 4 1 2 2 0.5 0.5 0.5 0.5 0
sb_feature_1_1_1_6.103515625e-05_0 0.0010000000474974513 0 1 1 1 sphere 137 -136.24993896484375 274 1 0 0 0 0.25 0.5 0.5 0.5 0 box 137 -137 274 1 0 0 0 0.5 0.5 0.5 0.5 0
sb_feature_1_1_1_6.103515625e-05_1 0.0010000000474974513 0 1 1 1 sphere 136.63996887207031 -136.54995727539062 274.48004150390625 4 1 2 2 0.25 0.5 0.5 0.5 0 box 137 -137 274 4 1 2 2 0.5 0.5 0.5 0.5 0
sb_feature_1_1_2_-6.103515625e-05_0 0.0010000000474974513 1 1 1 -1 sphere 137 -136.32327270507812 274.67672729492188 1 0 0 0 0.25 0.5 0.5 0.5 0 box 137 -137 274 1 0 0 0 0.5 0.5 0.5 0.5 0
sb_feature_1_1_2_-6.103515625e-05_1 0.0010000000474974513 1 1 1 -1 sphere 137.216552734375 -136.59396362304688 274.83914184570312 4 1 2 2 0.25 0.5 0.5 0.5 0 box 137 -137 274 4 1 2 2 0.5 0.5 0.5 0.5 0
sb_feature_1_1_2_0_0 0.0010000000474974513 0 1 1 1 sphere 137 -136.32322692871094 274.67678833007812 1 0 0 0 0.25 0.5 0.5 0.5 0 box 137 -137 274 1 0 0 0 0.5 0.5 0.5 0.5 0
sb_feature_1_1_2_0_1 0.0010000000474974513 0 1 1 1 sphere 137.21656799316406 -136.59393310546875 274.83920288085938 4 1 2 2 0.25 0.5 0.5 0.5 0 box 137 -137 274 4 1 2 2 0.5 0.5 0.5 0.5 0
sb_feature_1_1_2_6.103515625e-05_0 0.0010000000474974513 0 1 1 1 sphere 137 -136.32318115234375 274.67681884765625 1 0 0 0 0.25 0.5 0.5 0.5 0 box 137 -137 274 1 0 0 0 0.5 0.5 0.5 0.5 0
sb_feature_1_1_2_6.103515625e-05_1 0.0010000000474974513 0 1 1 1 sphere 137.21658325195312 -136.59390258789062 274.83926391601562 4 1 2 2 0.25 0.5 0.5 0.5 0 box 137 -137 274 4 1 2 2 0.5 0.5 0.5 0.5 0
sb_feature_1_1_3_-6.103515625e-05_0 0.0010000000474974513 1 1 1 -1 sphere 137.64430236816406 -136.35569763183594 274.644287109375 1 0 0 0 0.25 0.5 0.5 0.5 0 box 137 -137 274 1 0 0 0 0.5 0.5 0.5 0.5 0
sb_feature_1_1_3_-6.103515625e-05_1 0.0010000000474974513 1 1 1 -1 sphere 137.43812561035156 -136.09797668457031 274.48965454101562 4 1 2 2 0.25 0.5 0.5 0.5 0 box 137 -137 274 4 1 2 2 0.5 0.5 0.5 0.5 0
sb_feature_1_1_3_0_0 0.0010000000474974513 0 1 1 1 sphere 137.64433288574219 -136.35566711425781 274.64434814453125 1 0 0 0 0.25 0.5 0.5 0.5 0 box 137 -137 274 1 0 0 0 0.5 0.5 0.5 0.5 0
sb_feature_1_1_3_0_1 0.0010000000474974513 1 1 1 -1 sphere 137.43815612792969 -136.09793090820312 274.48968505859375 4 1 2 2 0.25 0.5 0.5 0.5 0 box 137 -137 274 4 1 2 2 0.5 0.5 0.5 0.5 0
sb_feature_1_1_3_6.103515625e-05_0 0.0010000000474974513 0 1 1 1 sphere 137.64437866210938 -136.35562133789062 274.64437866210938 1 0 0 0 0.25 0.5 0.5 0.5 0 box 137 -137 274 1 0 0 0 0.5 0.5 0.5 0.5 0
sb_feature_1_1_3_6.103515625e-05_1 0.0010000000474974513 0 1 1 1 sphere 137.43817138671875 -136.09788513183594 274.48971557617188 4 1 2 2 0.25 0.5 0.5 0.5 0 box 137 -137 274 4 1 2 2 0.5 0.5 0.5 0.5 0
sb_feature_2_-1_1_-6.103515625e-05_0 0.0010000000474974513 1 1 1 -1 sphere 137 -137 273.25006103515625 1 0 0 0 0.25 0.5 0.5 0.5 0 box 137 -137 274 1 0 0 0 0.5 0.5 0.5 0.5 0
sb_feature_2_-1_1_-6.103515625e-05_1 0.0010000000474974513 1 1 1 -1 sphere 136.40005493164062 -137 273.550048828125 4 1 2 2 0.25 0.5 0.5 0.5 0 box 137 -137 274 4 1 2 2 0.5 0.5 0.5 0.5 0
sb_feature_2_-1_1_0_0 0.0010000000474974513 1 1 1 0 sphere 137 -137 273.25 1 0 0 0 0.25 0.5 0.5 0.5 0 box 137 -137 274 1 0 0 0 0.5 0.5 0.5 0.5 0
sb_feature_2_-1_1_0_1 0.0010000000474974513 0 1 1 1 sphere 136.39999389648438 -137 273.54998779296875 4 1 2 2 0.25 0.5 0.5 0.5 0 box 137 -137 274 4 1 2 2 0.5 0.5 0.5 0.5 0
sb_feature_2_-1_1_6.103515625e-05_0 0.0010000000474974513 0 1 1 1 sphere 137 -137 273.24993896484375 1 0 0 0 0.25 0.5 0.5 0.5 0 box 137 -137 274 1 0 0 0 0.5 0.5 0.5 0.5 0
sb_feature_2_-1_1_6.103515625e-05_1 0.0010000000474974513 0 1 1 1 sphere 136.39994812011719 -137 273.54995727539062 4 1 2 2 0.25 0.5 0.5 0.5 0 box 137 -137 274 4 1 2 2 0.5 0.5 0.5 0.5 0
sb_feature_2_-1_2_-6.103515625e-05_0 0.0010000000474974513 1 1 1 -1 sphere 136.32327270507812 -137 273.32327270507812 1 0 0 0 0.25 0.5 0.5 0.5 0 box 137 -137 274 1 0 0 0 0.5 0.5 0.5 0.5 0
sb_feature_2_-1_2_-6.103515625e-05_1 0.0010000000474974513 1 1 1 -1 sphere 136.21499633789062 -137.5413818359375 273.91879272460938 4 1 2 2 0.25 0.5 0.5 0.5 0 box 137 -137 274 4 1 2 2 0.5 0.5 0.5 0.5 0
sb_feature_2_-1_2_0_0 0.0010000000474974513 0 1 1 1 sphere 136.32322692871094 -137 273.32321166992188 1 0 0 0 0.25 0.5 0.5 0.5 0 box 137 -137 274 1 0 0 0 0.5 0.5 0.5 0.5 0
sb_feature_2_-1_2_0_1 0.0010000000474974513 0 1 1 1 sphere 136.21493530273438 -137.54142761230469 273.91879272460938 4 1 2 2 0.25 0.5 0.5 0.5 0 box 137 -137 274 4 1 2 2 0.5 0.5 0.5 0.5 0
sb_feature_2_-1_2_6.103515625e-05_0 0.0010000000474974513 0 1 1 1 sphere 136.32318115234375 -137 273.32318115234375 1 0 0 0 0.25 0.5 0.5 0.5 0 box 137 -137 274 1 0 0 0 0.5 0.5 0.5 0.5 0
sb_feature_2_-1_2_6.103515625e-05_1 0.0010000000474974513 0 1 1 1 sphere 136.21488952636719 -137.54145812988281 273.91879272460938 4 1 2 2 0.25 0.5 0.5 0.5 0 box 137 -137 274 4 1 2 2 0.5 0.5 0.5 0.5 0
sb_feature_2_-1_3_-6.103515625e-05_0 0.0010000000474974513 1 1 1 -1 sphere 136.35569763183594 -137.64430236816406 273.355712890625 1 0 0 0 0.25 0.5 0.5 0.5 0 box 137 -137 274 1 0 0 0 0.5 0.5 0.5 0.5 0
sb_feature_2_-1_3_-6.103515625e-05_1 0.0010000000474974513 1 1 1 -1 sphere 136.56187438964844 -137.90202331542969 273.51034545898438 4 1 2 2 0.25 0.5 0.5 0.5 0 box 137 -137 274 4 1 2 2 0.5 0.5 0.5 0.5 0
sb_feature_2_-1_3_0_0 0.0010000000474974513 0 1 1 1 sphere 136.35566711425781 -137.64433288574219 273.35565185546875 1 0 0 0 0.25 0.5 0.5 0.5 0 box 137 -137 274 1 0 0 0 0.5 0.5 0.5 0.5 0
sb_feature_2_-1_3_0_1 0.0010000000474974513 1 1 1 -1 sphere 136.56184387207031 -137.90206909179688 273.51031494140625 4 1 2 2 0.25 0.5 0.5 0.5 0 box 137 -137 274 4 1 2 2 0.5 0.5 0.5 0.5 0
sb_feature_2_-1_3_6.103515625e-05_0 0.0010000000474974513 0 1 1 1 sphere 136.35562133789062 -137.64437866210938 273.35562133789062 1 0 0 0 0.25 0.5 0.5 0.5 0 box 137 -137 274 1 0 0 0 0.5 0.5 0.5 0.5 0
sb_feature_2_-1_3_6.103515625e-05_1 0.0010000000474974513 0 1 1 1 sphere 136.56182861328125 -137.90211486816406 273.51028442382812 4 1 2 2 0.25 0.5 0.5 0.5 0 box 137 -137 274 4 1 2 2 0.5 0.5 0.5 0.5 0
sb_feature_2_1_1_-6.103515625e-05_0 0.0010000000474974513 1 1 1 -1 sphere 137 -137 274.74993896484375 1 0 0 0 0.25 0.5 0.5 0.5 0 box 137 -137 274 1 0 0 0 0.5 0.5 0.5 0.5 0
sb_feature_2_1_1_-6.103515625e-05_1 0.0010000000474974513 1 1 1 -1 sphere 137.59994506835938 -137 274.449951171875 4 1 2 2 0.25 0.5 0.5 0.5 0 box 137 -137 274 4 1 2 2 0.5 0.5 0.5 0.5 0
sb_feature_2_1_1_0_0 0.0010000000474974513 1 1 1 0 sphere 137 -137 274.75 1 0 0 0 0.25 0.5 0.5 0.5 0 box 137 -137 274 1 0 0 0 0.5 0.5 0.5 0.5 0
sb_feature_2_1_1_0_1 0.0010000000474974513 0 1 1 1 sphere 137.60000610351562 -137 274.45001220703125 4 1 2 2 0.25 0.5 0.5 0.5 0 box 137 -137 274 4 1 2 2 0.5 0.5 0.5 0.5 0
sb_feature_2_1_1_6.103515625e-05_0 0.0010000000474974513 0 1 1 1 sphere 137 -137 274.75006103515625 1 0 0 0 0.25 0.5 0.5 0.5 0 box 137 -137 274 1 0 0 0 0.5 0.5 0.5 0.5 0
sb_feature_2_1_1_6.103515625e-05_1 0.0010000000474974513 0 1 1 1 sphere 137.60005187988281 -137 274.45004272460938 4 1 2 2 0.25 0.5 0.5 0.5 0 box 137 -137 274 4 1 2 2 0.5 0.5 0.5 0.5 0
sb_feature_2_1_2_-6.103515625e-05_0 0.0010000000474974513 1 1 1 -1 sphere 137.67672729492188 -137 274.67672729492188 1 0 0 0 0.25 0.5 0.5 0.5 0 box 137 -137 274 1 0 0 0 0.5 0.5 0.5 0.5 0
sb_feature_2_1_2_-6.103515625e-05_1 0.0010000000474974513 1 1 1 -1 sphere 137.78500366210938 -136.4586181640625 274.08120727539062 4 1 2 2 0.25 0.5 0.5 0.5 0 box 137 -137 274 4 1 2 2 0.5 0.5 0.5 0.5 0
sb_feature_2_1_2_0_0 0.0010000000474974513 0 1 1 1 sphere 137.67677307128906 -137 274.67678833007812 1 0 0 0 0.25 0.5 0.5 0.5 0 box 137 -137 274 1 0 0 0 0.5 0.5 0.5 0.5 0
sb_feature_2_1_2_0_1 0.0010000000474974513 0 1 1 1 sphere 137.78506469726562 -136.45857238769531 274.08120727539062 4 1 2 2 0.25 0.5 0.5 0.5 0 box 137 -137 274 4 1 2 2 0.5 0.5 0.5 0.5 0
sb_feature_2_1_2_6.103515625e-05_0 0.0010000000474974513 0 1 1 1 sphere 137.67681884765625 -137 274.67681884765625 1 0 0 0 0.25 0.5 0.5 0.5 0 box 137 -137 274 1 0 0 0 0.5 0.5 0.5 0.5 0
sb_feature_2_1_2_6.103515625e-05_1 0.0010000000474974513 0 1 1 1 sphere 137.78511047363281 -136.45854187011719 274.08120727539062 4 1 2 2 0.25 0.5 0.5 0.5 0 box 137 -137 274 4 1 2 2 0.5 0.5 0.5 0.5 0
sb_feature_2_1_3_-6.103515625e-05_0 0.0010000000474974513 1 1 1 -1 sphere 137.64430236816406 -136.35569763183594 274.644287109375 1 0 0 0 0.25 0.5 0.5 0.5 0 box 137 -137 274 1 0 0 0 0.5 0.5 0.5 0.5 0
sb_feature_2_1_3_-6.103515625e-05_1 0.0010000000474974513 1 1 1 -1 sphere 137.43812561035156 -136.09797668457031 274.48965454101562 4 1 2 2 0.25 0.5 0.5 0.5 0 box 137 -137 274 4 1 2 2 0.5 0.5 0.5 0.5 0
sb_feature_2_1_3_0_0 0.0010000000474974513 0 1 1 1 sphere 137.64433288574219 -136.35566711425781 274.64434814453125 1 0 0 0 0.25 0.5 0.5 0.5 0 box 137 -137 274 1 0 0 0 0.5 0.5 0.5 0.5 0
sb_feature_2_1_3_0_1 0.0010000000474974513 1 1 1 -1 sphere 137.43815612792969 -136.09793090820312 274.48968505859375 4 1 2 2 0.25 0.5 0.5 0.5 0 box 137 -137 274 4 1 2 2 0.5 0.5 0.5 0.5 0
sb_feature_2_1_3_6.103515625e-05_0 0.0010000000474974513 0 1 1 1 sphere 137.64437866210938 -136.35562133789062 274.64437866210938 1 0 0 0 0.25 0.5 0.5 0.5 0 box 137 -137 274 1 0 0 0 0.5 0.5 0.5 0.5 0
sb_feature_2_1_3_6.103515625e-05_1 0.0010000000474974513 0 1 1 1 sphere 137.43817138671875 -136.09788513183594 274.48971557617188 4 1 2 2 0.25 0.5 0.5 0.5 0 box 137 -137 274 4 1 2 2 0.5 0.5 0.5 0.5 0
random_sat_0 0.014999999664723873 0 1 0 1 box 0 0 0 0 -4 -1 0 0.5 0.41971579194068909 1.0367664098739624 1.1268652677536011 0 box 0.92326080799102783 -1.5839142799377441 1.1694110631942749 -1 -1 1 -4 0.5 0.15497155487537384 0.80682849884033203 0.32631421089172363 0
random_sat_1 0.014999999664723873 1 1 1 -1 box 0 0 0 3 5 2 -5 0.5 1.1852389574050903 1.0631448030471802 1.0756882429122925 0 box -0.85454988479614258 -0.53547239303588867 -1.199782133102417 3 2 5 -2 0.5 0.44916805624961853 1.0275158882141113 0.15368130803108215 0
random_sat_2 0.014999999664723873 1 1 1 -1 box 0 0 0 4 -1 3 1 0.5 0.59820514917373657 0.13046082854270935 0.3904079794883728 0 box 1.3227956295013428 0.66632640361785889 -0.73664718866348267 -4 4 4 4 0.5 0.763816237449646 0.85484838485717773 0.69874840974807739 0
random_sat_3 0.014999999664723873 1 1 1 -1 box 0 0 0 0 3 3 -2 0.5 0.15375041961669922 0.5373188853263855 1.0799717903137207 0 box -0.56100457906723022 1.0839176177978516 0.37305125594139099 -5 0 -2 4 0.5 0.86909741163253784 0.76647210121154785 0.85189497470855713 0
random_sat_4 0.014999999664723873 0 1 0 1 box 0 0 0 -2 5 5 3 0.5 0.87736552953720093 0.33845570683479309 0.98917073011398315 0 box -1.4201810359954834 1.193545937538147 0.50169259309768677 5 3 0 2 0.5 0.24300867319107056 0.74028050899505615 0.10958303511142731 0
random_sat_5 0.014999999664723873 1 1 1 -1 box 0 0 0 -1 1 2 -2 0.5 0.54278481006622314 0.2700914740562439 0.97110474109649658 0 box -1.145466685295105 0.059088665992021561 0.18777437508106232 0 3 0 -2 0.5 0.98448318243026733 0.61919116973876953 0.33621981739997864 0
random_sat_6 0.014999999664723873 1 1 1 -1 box 0 0 0 2 5 -4 3 0.5 0.58154511451721191 0.74418610334396362 0.9033656120300293 0 box 0.49877837300300598 0.60337263345718384 0.21275506913661957 3 -3 -1 5 0.5 1.1124938726425171 0.69325369596481323 0.093036331236362457 0
random_sat_7 0.014999999664723873 1 1 1 -1 box 0 0 0 1 3 3 0 0.5 0.94323039054870605 0.66091978549957275 0.79887819290161133 0 box -0.63416475057601929 1.5797673463821411 0.63428497314453125 2 -1 0 -5 0.5 0.076272755861282349 1.0144904851913452 0.21746240556240082 0
random_sat_8 0.014999999664723873 0 1 0 1 box 0 0 0 1 3 2 5 0.5 0.27083790302276611 0.93707734346389771 0.78983718156814575 0 box 0.91824781894683838 -0.17621953785419464 -0.42370975017547607 0 2 5 4 0.5 0.18305100500583649 0.97019702196121216 1.0710403919219971 0
random_sat_9 0.014999999664723873 1 1 1 -1 box 0 0 0 2 1 4 -4 0.5 1.1414899826049805 0.23867622017860413 0.74418246746063232 0 box -0.24029083549976349 -1.4390038251876831 -0.32163518667221069 5 -3 -4 2 0.5 0.62940531969070435 0.062824942171573639 0.85992079973220825 0
random_sat_10 0.014999999664723873 0 1 0 1 box 0 0 0 -1 -1 -2 4 0.5 0.45233577489852905 0.93725067377090454 0.69544327259063721 0 box 1.1612294912338257 -0.18109665811061859 0.59414714574813843 1 3 -3 3 0.5 0.82081097364425659 0.32156470417976379 0.35901010036468506 0
random_sat_11 0.014999999664723873 1 1 1 -1 box 0 0 0 -3 -1 -3 -1 0.5 0.65523254871368408 0.61932998895645142 0.94569391012191772 0 box -1.2742536067962646 -0.73694276809692383 -0.70566272735595703 3 4 0 3 0.5 0.66670012474060059 0.61869722604751587 0.49118688702583313 0
random_sat_12 0.014999999664723873 0 1 0 1 box 0 0 0 5 -1 4 -1 0.5 0.9016539454460144 1.1525775194168091 1.0516302585601807 0 box -1.4539036750793457 1.4338067770004272 -0.65422689914703369 0 -3 -2 -3 0.5 0.50017905235290527 0.33496811985969543 0.3398137092590332 0
random_sat_13 0.014999999664723873 0 1 0 1 box 0 0 0 0 -4 -4 -3 0.5 0.13187304139137268 0.62655049562454224 1.1843162775039673 0 box -1.1876755952835083 0.67146563529968262 1.2864054441452026 -1 -4 -2 -1 0.5 0.77279204130172729 0.74624109268188477 0.31106793880462646 0
random_sat_14 0.014999999664723873 1 1 1 -1 box 0 0 0 2 -3 0 -2 0.5 0.86305081844329834 0.76164138317108154 0.076224789023399353 0 box 0.1883394867181778 -0.36229142546653748 0.78683358430862427 -2 4 -5 -3 0.5 0.90036261081695557 0.073599271476268768 0.83274734020233154 0
random_sat_15 0.014999999664723873 0 1 0 1 box 0 0 0 2 2 -5 -5 0.5 0.93359756469726562 0.11136350035667419 0.79810899496078491 0 box -1.2542575597763062 1.0760210752487183 -1.1259647607803345 0 5 5 4 0.5 0.97428816556930542 0.37008634209632874 0.92473912239074707 0
random_sat_16 0.014999999664723873 0 1 0 1 box 0 0 0 -2 1 1 0 0.5 0.88515818119049072 1.1693899631500244 0.11668244004249573 0 box 0.93971621990203857 -1.0100438594818115 -0.014044840820133686 -5 -3 5 0 0.5 0.687538743019104 0.76650512218475342 0.89384973049163818 0
random_sat_17 0.014999999664723873 0 1 0 1 box 0 0 0 5 -2 4 3 0.5 0.25450664758682251 0.090011328458786011 0.28380477428436279 0 box 1.5749220848083496 0.77511954307556152 1.336458683013916 -2 -3 3 5 0.5 0.54604601860046387 0.6988060474395752 0.091160416603088379 0
random_sat_18 0.014999999664723873 0 1 0 1 box 0 0 0 -2 3 -2 4 0.5 0.11376650631427765 0.78189367055892944 0.08800237625837326 0 box -0.95592164993286133 0.73107016086578369 -0.11151577532291412 -1 5 -5 0 0.5 0.82787936925888062 0.17885828018188477 0.22942888736724854 0
random_sat_19 0.014999999664723873 1 1 1 -1 box 0 0 0 2 -5 3 2 0.5 1.1899677515029907 0.061658605933189392 0.99139684438705444 0 box 0.52332001924514771 1.2412127256393433 1.4635164737701416 -1 1 4 -5 0.5 0.92777085304260254 0.87064439058303833 0.56286835670471191 0
random_sat_20 0.014999999664723873 0 1 0 1 box 0 0 0 4 4 5 5 0.5 0.58676910400390625 0.21727091073989868 0.39297562837600708 0 box -0.41341525316238403 -0.0010233687935397029 1.022788405418396 -4 0 5 3 0.5 0.36831557750701904 0.063599094748497009 0.54748827219009399 0
random_sat_21 0.014999999664723873 1 1 1 -1 box 0 0 0 -1 -1 -5 -1 0.5 0.68647533655166626 0.64535683393478394 0.26550328731536865 0 box 1.0877341032028198 -1.5283882617950439 0.10159730911254883 1 0 5 -4 0.5 1.1143121719360352 1.1554045677185059 1.1807055473327637 0
random_sat_22 0.014999999664723873 0 1 0 1 box 0 0 0 -5 4 -1 -5 0.5 0.18426299095153809 0.97448992729187012 0.54574501514434814 0 box -0.022947845980525017 0.015028459019958973 -0.88373869657516479 -4 -3 4 3 0.5 0.13011348247528076 0.21667809784412384 0.2233969122171402 0
random_sat_23 0.014999999664723873 1 1 1 -1 box 0 0 0 1 -1 5 -2 0.5 0.35616850852966309 1.1646773815155029 0.94528841972351074 0 box -0.28337064385414124 0.42923444509506226 -0.89968687295913696 2 0 2 -4 0.5 0.59903037548065186 0.5952225923538208 0.2507483959197998 0
random_sat_24 0.014999999664723873 0 1 0 1 box 0 0 0 5 -4 -4 0 0.5 0.65977245569229126 0.36496731638908386 0.25735101103782654 0 box 0.94562333822250366 -0.91080999374389648 -0.45930105447769165 5 1 -3 4 0.5 0.19312365353107452 0.74286419153213501 0.1323014497756958 0
random_sat_25 0.014999999664723873 0 1 0 1 box 0 0 0 5 -3 0 -2 0.5 0.053168885409832001 0.53552943468093872 0.89619278907775879 0 box -1.5585701465606689 0.10657007247209549 -0.78175985813140869 1 5 -2 -3 0.5 1.177888035774231 0.44677981734275818 0.31804385781288147 0
random_sat_26 0.014999999664723873 0 1 0 1 box 0 0 0 1 -2 -1 2 0.5 0.17007632553577423 0.46620729565620422 1.0468181371688843 0 box 1.34691321849823 1.4515366554260254 -0.14062990248203278 3 4 -2 0 0.5 0.093360662460327148 0.16917237639427185 0.28582391142845154 0
random_sat_27 0.014999999664723873 1 1 1 -1 box 0 0 0 -4 -2 -2 1 0.5 0.69522756338119507 0.52270400524139404 1.1900783777236938 0 box 1.0747588872909546 -0.051553525030612946 -0.68468260765075684 -2 4 2 1 0.5 0.26971951127052307 0.35769608616828918 0.88479024171829224 0
random_sat_28 0.014999999664723873 1 1 1 -1 box 0 0 0 5 5 5 -3 0.5 0.57361394166946411 0.29880580306053162 0.48211237788200378 0 box 0.14837896823883057 -1.1692737340927124 0.98137116432189941 -1 -1 1 -3 0.5 0.10549004375934601 0.38240531086921692 0.77817350625991821 0
random_sat_29 0.014999999664723873 0 1 0 1 box 0 0 0 0 -4 3 -4 0.5 0.55106496810913086 0.38558527827262878 0.38234379887580872 0 box -1.3065524101257324 -0.60915035009384155 -0.21141599118709564 4 -2 -3 -1 0.5 0.15137723088264465 0.49209216237068176 0.3260551393032074 0
random_sat_30 0.014999999664723873 1 1 1 -1 box 0 0 0 -5 -3 0 0 0.5 1.0801262855529785 0.95695245265960693 0.58249408006668091 0 box -1.5470734834671021 0.3345525860786438 1.3670713901519775 -3 -5 3 -4 0.5 0.3030393123626709 0.47573092579841614 1.0245984792709351 0
random_sat_31 0.014999999664723873 0 1 0 1 box 0 0 0 -3 3 3 3 0.5 1.0358260869979858 0.60424959659576416 0.080557540059089661 0 box 0.67510390281677246 -0.14039520919322968 -1.5559978485107422 -4 5 1 1 0.5 0.65527093410491943 0.26813015341758728 0.33852574229240417 0
random_sat_32 0.014999999664723873 1 1 1 -1 box 0 0 0 2 -4 0 -4 0.5 0.92991107702255249 0.75966066122055054 0.36461499333381653 0 box -0.3776828944683075 0.78464925289154053 -0.37875208258628845 2 -5 3 -1 0.5 0.064165659248828888 0.52569693326950073 1.0874983072280884 0
random_sat_33 0.014999999664723873 0 1 0 1 box 0 0 0 1 -1 -3 1 0.5 0.10305506736040115 0.23571106791496277 0.42114144563674927 0 box -0.61965590715408325 0.56517946720123291 -1.4428572654724121 -2 -4 -3 5 0.5 0.23071298003196716 0.46349659562110901 0.52693581581115723 0
random_sat_34 0.014999999664723873 1 1 1 -1 box 0 0 0 0 -4 -1 -2 0.5 1.0762099027633667 1.1551238298416138 0.32952231168746948 0 box 1.20401930809021 0.64563208818435669 0.24543918669223785 1 -2 2 -3 0.5 0.40255996584892273 0.33113536238670349 1.0378741025924683 0
random_sat_35 0.014999999664723873 0 1 0 1 box 0 0 0 -1 0 -3 -4 0.5 0.4520409107208252 0.28982061147689819 1.0804280042648315 0 box 0.51778823137283325 0.37201899290084839 -1.5320879220962524 -5 -1 1 -2 0.5 0.93127667903900146 0.17687299847602844 0.8072810173034668 0
random_sat_36 0.014999999664723873 0 1 0 1 box 0 0 0 -2 -2 2 5 0.5 0.74174684286117554 0.87963676452636719 0.62911421060562134 0 box -1.4226416349411011 -0.50773924589157104 -1.5936076641082764 4 5 -2 -4 0.5 1.1039600372314453 0.26787856221199036 1.0425848960876465 0
random_sat_37 0.014999999664723873 0 1 0 1 box 0 0 0 -3 1 4 1 0.5 0.47962623834609985 0.75584250688552856 0.21734069287776947 0 box 1.2275149822235107 -0.57235205173492432 -0.02342253178358078 4 -1 -3 -1 0.5 0.39921271800994873 0.32605183124542236 0.85864919424057007 0
random_sat_38 0.014999999664723873 1 1 1 -1 box 0 0 0 -5 2 -4 3 0.5 0.66314202547073364 0.14201754331588745 0.87908345460891724 0 box -0.031028758734464645 -0.15321366488933563 -0.43984362483024597 -3 -4 1 3 0.5 1.0664283037185669 0.71425288915634155 1.1973569393157959 0
random_sat_39 0.014999999664723873 0 1 0 1 box 0 0 0 5 -5 5 1 0.5 0.2183481752872467 0.74213171005249023 0.34329590201377869 0 box -0.41508707404136658 0.33511462807655334 -0.91713589429855347 -5 4 4 -3 0.5 1.0884387493133545 0.055115703493356705 0.66625380516052246 0
random_sat_40 0.014999999664723873 0 1 0 1 box 0 0 0 2 -5 -1 -5 0.5 1.132516622543335 0.39160969853401184 0.12132080644369125 0 box -1.4635088443756104 0.44354826211929321 0.062342274934053421 3 5 4 0 0.5 1.1392019987106323 0.13677962124347687 0.21500915288925171 0
random_sat_41 0.014999999664723873 0 1 0 1 box 0 0 0 3 -1 -4 2 0.5 0.284698486328125 0.2965676486492157 0.6215592622756958 0 box 1.2213088274002075 -0.18729618191719055 0.68364745378494263 -2 -1 -4 -4 0.5 0.060382585972547531 0.66692525148391724 0.96709007024765015 0
random_sat_42 0.014999999664723873 1 1 1 -1 box 0 0 0 -3 -3 -4 2 0.5 1.1982889175415039 0.17258845269680023 0.5501784086227417 0 box 0.29877620935440063 -0.38278645277023315 1.3484399318695068 2 -4 2 -1 0.5 0.69213956594467163 0.7218356728553772 0.92306894063949585 0
random_sat_43 0.014999999664723873 1 1 1 -1 box 0 0 0 -2 -2 -3 -2 0.5 0.82498186826705933 0.63335394859313965 1.0963675975799561 0 box -1.1700870990753174 1.0309853553771973 0.16922518610954285 2 4 1 -1 0.5 0.68101328611373901 0.72180336713790894 0.59307652711868286 0
random_sat_44 0.014999999664723873 0 1 0 1 box 0 0 0 -3 0 -1 2 0.5 0.65162241458892822 0.1236887127161026 0.64633995294570923 0 box -1.5683529376983643 0.78773248195648193 0.84680885076522827 -2 4 4 -2 0.5 0.068655475974082947 1.0047380924224854 0.11465121805667877 0
random_sat_45 0.014999999664723873 1 1 1 -1 box 0 0 0 -5 2 4 -3 0.5 0.7619432806968689 0.21079811453819275 0.37417969107627869 0 box 0.63214486837387085 -0.25560152530670166 -0.87333399057388306 -5 -1 5 -5 0.5 0.55675441026687622 0.069112010300159454 0.7172400951385498 0
random_sat_46 0.014999999664723873 1 1 1 -1 box 0 0 0 -2 -4 -5 1 0.5 1.1095080375671387 0.1678832471370697 1.1787073612213135 0 box 0.91441178321838379 0.80071002244949341 0.84774893522262573 -5 -1 2 -3 0.5 1.1082884073257446 1.049415111541748 1.0620766878128052 0
random_sat_47 0.014999999664723873 1 1 1 -1 box 0 0 0 -2 2 -2 5 0.5 0.27835601568222046 0.92621785402297974 1.161405086517334 0 box -1.5354940891265869 -0.41830521821975708 -1.3206452131271362 -5 -3 4 3 0.5 0.13470977544784546 0.99173098802566528 1.0132597684860229 0
random_sat_48 0.014999999664723873 0 1 0 1 box 0 0 0 -5 0 0 -1 0.5 0.44945922493934631 0.091928333044052124 0.21928305923938751 0 box 1.5526678562164307 0.64188873767852783 -0.079270653426647186 1 5 2 -1 0.5 0.92231553792953491 0.45127859711647034 0.98314815759658813 0
random_sat_49 0.014999999664723873 0 1 0 1 box 0 0 0 4 -1 0 0 0.5 0.59517836570739746 1.1422995328903198 1.1878492832183838 0 box -0.96571081876754761 -1.2557762861251831 1.3797564506530762 5 4 -4 2 0.5 0.050071679055690765 0.22349938750267029 0.23468534648418427 0
random_sat_50 0.014999999664723873 1 1 1 -1 box 0 0 0 1 -2 5 0 0.5 0.44949230551719666 0.6700969934463501 0.2144181877374649 0 box 1.1971925497055054 -1.1373311281204224 -0.36655056476593018 4 1 5 0 0.5 0.12817755341529846 0.79111200571060181 0.7431291937828064 0
random_sat_51 0.014999999664723873 0 1 0 1 box 0 0 0 -3 4 1 -1 0.5 0.8632315993309021 1.0010426044464111 0.39675378799438477 0 box -0.9880555272102356 -0.50800180435180664 1.5820246934890747 -2 0 -4 -2 0.5 0.076145447790622711 0.6967618465423584 0.24610602855682373 0
random_sat_52 0.014999999664723873 0 1 0 1 box 0 0 0 4 2 -2 3 0.5 0.97154521942138672 0.43771576881408691 0.11273221671581268 0 box 0.31077829003334045 1.5662895441055298 -1.3653343915939331 4 4 4 2 0.5 0.59203255176544189 0.92448776960372925 1.1458187103271484 0
random_sat_53 0.014999999664723873 0 1 0 1 box 0 0 0 1 1 1 0 0.5 0.22128532826900482 1.0682046413421631 1.044482946395874 0 box 1.3046692609786987 0.31517526507377625 -1.451801061630249 2 5 -2 -4 0.5 0.46194109320640564 0.60173463821411133 1.112177848815918 0
random_sat_54 0.014999999664723873 1 1 1 -1 box 0 0 0 -2 -4 -4 1 0.5 1.1021989583969116 0.5441441535949707 0.42142903804779053 0 box -0.58240610361099243 -0.55175739526748657 -0.057950694113969803 0 2 -2 -2 0.5 0.25419652462005615 0.24876809120178223 0.70820653438568115 0
random_sat_55 0.014999999664723873 0 1 0 1 box 0 0 0 -1 -1 3 -4 0.5 0.32193136215209961 1.0314120054244995 1.1743111610412598 0 box -1.3739619255065918 1.3294521570205688 1.4980572462081909 2 -3 3 -5 0.5 0.61856359243392944 0.42857363820075989 0.81308186054229736 0
random_sat_56 0.014999999664723873 1 1 1 -1 box 0 0 0 1 -5 -3 1 0.5 0.9786495566368103 0.077330172061920166 0.87993091344833374 0 box 0.57861995697021484 0.24382926523685455 0.46968036890029907 3 -4 3 -1 0.5 1.1571642160415649 0.091049179434776306 0.28738808631896973 0
random_sat_57 0.014999999664723873 1 1 1 -1 box 0 0 0 -3 -4 0 2 0.5 0.068024054169654846 0.16661030054092407 0.95424556732177734 0 box 0.023932682350277901 0.45489853620529175 -0.48691281676292419 0 -5 -5 2 0.5 0.34571406245231628 1.0093052387237549 0.27365699410438538 0
random_sat_58 0.014999999664723873 0 1 1 1 box 0 0 0 4 4 -1 -1 0.5 0.77052855491638184 0.99994778633117676 0.29769882559776306 0 box -0.048005644232034683 -0.84817063808441162 0.99812912940979004 -5 -1 1 -5 0.5 0.056572470813989639 1.139890193939209 0.40723168849945068 0
random_sat_59 0.014999999664723873 0 1 0 1 box 0 0 0 -3 -3 2 -3 0.5 0.24366042017936707 0.3487095832824707 0.47616392374038696 0 box 1.1816275119781494 1.0933104753494263 0.20758670568466187 -2 -4 3 -1 0.5 0.80612796545028687 0.079720877110958099 0.66682183742523193 0
random_sat_60 0.014999999664723873 0 1 0 1 box 0 0 0 5 -1 -1 -2 0.5 0.06082950159907341 0.16167347133159637 0.40383803844451904 0 box -0.51913368701934814 -1.1194614171981812 -0.13278727233409882 -4 2 5 -2 0.5 0.27005407214164734 0.65278810262680054 0.4760591983795166 0
random_sat_61 0.014999999664723873 1 1 1 -1 box 0 0 0 4 3 5 5 0.5 0.75860768556594849 0.98056811094284058 0.92362761497497559 0 box -0.39348229765892029 -0.98453491926193237 -1.5704584121704102 -2 2 4 1 0.5 0.82818996906280518 1.1192446947097778 0.94672256708145142 0
random_sat_62 0.014999999664723873 0 1 0 1 box 0 0 0 2 3 -2 -1 0.5 0.48082399368286133 0.85431855916976929 0.28206756711006165 0 box -1.5614949464797974 1.1069095134735107 0.89158207178115845 -4 -4 -5 5 0.5 0.31935086846351624 0.085520140826702118 1.1336095333099365 0
random_sat_63 0.014999999664723873 1 1 1 -1 box 0 0 0 3 -1 4 1 0.5 0.98565149307250977 0.94765204191207886 1.0624765157699585 0 box 1.1676094532012939 -0.60783445835113525 0.28932508826255798 3 3 -2 5 0.5 0.78584504127502441 0.30942347645759583 0.8509514331817627 0
random_sat_64 0.014999999664723873 0 1 0 1 box 0 0 0 5 -5 -2 -2 0.5 0.22552038729190826 0.39834576845169067 0.79105442762374878 0 box -1.4177354574203491 -0.82946562767028809 -1.0445913076400757 4 0 0 -5 0.5 0.7381700873374939 0.56548875570297241 0.76218599081039429 0
random_sat_65 0.014999999664723873 1 1 1 -1 box 0 0 0 3 4 0 5 0.5 0.49872678518295288 0.86613583564758301 1.0773515701293945 0 box -1.2790323495864868 -0.83487576246261597 -0.45452797412872314 1 3 5 -1 0.5 0.68899208307266235 0.61481094360351562 0.94442278146743774 0
random_sat_66 0.014999999664723873 1 1 1 -1 box 0 0 0 -4 3 2 -4 0.5 0.51135027408599854 1.0708779096603394 0.16082373261451721 0 box -1.4300260543823242 -1.2401188611984253 -1.0223976373672485 -3 1 5 5 0.5 1.0324454307556152 1.1930391788482666 1.1081305742263794 0
random_sat_67 0.014999999664723873 1 1 1 -1 box 0 0 0 0 0 3 -5 0.5 0.31627926230430603 0.48558700084686279 1.1730735301971436 0 box 0.026544936001300812 0.98484766483306885 -1.082221508026123 3 -4 1 -4 0.5 0.33778920769691467 0.30502146482467651 0.88682973384857178 0
random_sat_68 0.014999999664723873 1 1 1 -1 box 0 0 0 -3 3 5 -1 0.5 0.59083956480026245 0.58527529239654541 0.70335888862609863 0 box -0.43060335516929626 -0.20736123621463776 -0.89830702543258667 5 2 -4 -2 0.5 0.713886559009552 0.57129037380218506 0.80424851179122925 0
random_sat_69 0.014999999664723873 0 1 0 1 box 0 0 0 -5 4 -1 0 0.5 1.0275341272354126 0.71652352809906006 0.99662214517593384 0 box 1.0330307483673096 1.5583183765411377 1.2353832721710205 3 -2 4 1 0.5 0.068880923092365265 0.21271213889122009 0.16029947996139526 0
random_sat_70 0.014999999664723873 1 1 1 -1 box 0 0 0 -1 3 0 4 0.5 0.45386835932731628 0.56956833600997925 0.74465548992156982 0 box -0.64511340856552124 0.49889472126960754 0.81035631895065308 -5 -5 -3 4 0.5 0.5697791576385498 0.15946239233016968 1.112452507019043 0
random_sat_71 0.014999999664723873 1 1 1 -1 box 0 0 0 2 -5 -2 2 0.5 0.76097142696380615 0.90953761339187622 1.0726410150527954 0 box 0.75760871171951294 1.5575132369995117 -0.61350184679031372 4 -4 1 -4 0.5 0.66399115324020386 0.31593912839889526 0.97353947162628174 0
random_sat_72 0.014999999664723873 1 1 1 -1 box 0 0 0 -3 -4 -5 3 0.5 0.20296666026115417 0.57269543409347534 0.65472567081451416 0 box -0.36551257967948914 1.2650566101074219 0.56651604175567627 -4 5 -4 4 0.5 1.1803116798400879 0.83666342496871948 0.32889735698699951 0
random_sat_73 0.014999999664723873 1 1 1 -1 box 0 0 0 2 -1 -3 -5 0.5 0.79700165987014771 0.38573268055915833 0.40619206428527832 0 box -0.36264175176620483 0.78243684768676758 0.28045246005058289 -2 4 -5 -3 0.5 0.68562972545623779 0.26556432247161865 0.80460590124130249 0
random_sat_74 0.014999999664723873 0 1 1 1 box 0 0 0 -2 5 -3 -3 0.5 0.49789515137672424 1.0009611845016479 0.52183073759078979 0 box 1.5803928375244141 0.11081234365701675 -0.98163461685180664 4 4 -3 2 0.5 0.11574860662221909 0.82501590251922607 0.21213236451148987 0
random_sat_75 0.014999999664723873 1 1 1 -1 box 0 0 0 5 -2 4 1 0.5 1.1327188014984131 0.2851654589176178 0.99463808536529541 0 box 0.41774716973304749 0.14571741223335266 0.0752829909324646 4 -4 5 2 0.5 1.0764346122741699 0.26663225889205933 1.1869516372680664 0
random_sat_76 0.014999999664723873 1 1 1 -1 box 0 0 0 -1 -1 -4 2 0.5 0.33199024200439453 0.59683102369308472 0.61905944347381592 0 box 0.63235610723495483 0.82670068740844727 -0.25607067346572876 0 2 -5 3 0.5 0.84340584278106689 0.082589767873287201 0.18187379837036133 0
random_sat_77 0.014999999664723873 0 1 0 1 box 0 0 0 1 3 0 -2 0.5 1.0986729860305786 0.12394531816244125 0.2868538498878479 0 box -0.0069998535327613354 -1.0465074777603149 1.5539227724075317 -3 3 5 2 0.5 0.85876059532165527 0.64304971694946289 0.8435017466545105 0
random_sat_78 0.014999999664723873 1 1 1 -1 box 0 0 0 1 -2 -1 1 0.5 0.094591543078422546 0.58142322301864624 0.83305716514587402 0 box -0.38328394293785095 0.72845137119293213 0.2683899998664856 -2 -4 -1 0 0.5 0.55568736791610718 1.036033034324646 0.70455938577651978 0
random_sat_79 0.014999999664723873 0 1 0 1 box 0 0 0 1 0 -1 -3 0.5 0.83025342226028442 1.0733487606048584 0.41141703724861145 0 box 0.69292837381362915 -1.3598496913909912 -0.62777853012084961 0 -3 -3 5 0.5 1.0260453224182129 0.44762486219406128 0.25496116280555725 0
random_sat_80 0.014999999664723873 0 1 0 1 box 0 0 0 -5 4 5 -4 0.5 1.197681188583374 0.10587245970964432 0.50069445371627808 0 box -0.97608017921447754 1.1732242107391357 -1.5576202869415283 2 -3 2 5 0.5 0.79372066259384155 0.55714964866638184 0.49547630548477173 0
random_sat_81 0.014999999664723873 1 1 1 -1 box 0 0 0 -4 -4 1 4 0.5 0.41044002771377563 1.177503228187561 1.0423237085342407 0 box 0.67528587579727173 0.84104371070861816 -0.43144625425338745 -5 -5 -3 -3 0.5 0.52562206983566284 0.66774529218673706 0.9659956693649292 0
random_sat_82 0.014999999664723873 0 1 0 1 box 0 0 0 0 5 -5 4 0.5 0.91746997833251953 0.96895289421081543 0.77939742803573608 0 box -0.97692424058914185 -0.77739810943603516 1.1899296045303345 5 2 3 -4 0.5 0.88992893695831299 0.099745288491249084 0.41948148608207703 0
random_sat_83 0.014999999664723873 1 1 1 -1 box 0 0 0 3 -1 0 -5 0.5 0.66398799419403076 0.4672178328037262 1.1385012865066528 0 box 0.90981936454772949 -0.0073544876649975777 -0.81248939037322998 -3 -2 -3 -3 0.5 0.54312765598297119 0.84733337163925171 0.31944704055786133 0
random_sat_84 0.014999999664723873 1 1 1 -1 box 0 0 0 2 1 -4 5 0.5 0.65992897748947144 0.285869300365448 0.80259734392166138 0 box 0.9962775707244873 -0.15697702765464783 0.40211021900177002 2 1 -4 0 0.5 0.52777796983718872 0.05935337021946907 0.99882370233535767 0
random_sat_85 0.014999999664723873 0 1 0 1 box 0 0 0 0 -1 -5 3 0.5 0.31664296984672546 0.1593652218580246 1.1194592714309692 0 box 0.87202167510986328 -0.96481895446777344 1.4417417049407959 2 -2 -3 5 0.5 1.0483392477035522 0.3733040988445282 1.0548468828201294 0
random_sat_86 0.014999999664723873 1 1 1 -1 box 0 0 0 -5 -3 0 -4 0.5 0.51033633947372437 0.21451091766357422 0.19157344102859497 0 box 0.30209735035896301 0.46585488319396973 -1.2553541660308838 0 1 3 2 0.5 0.32522004842758179 0.70938795804977417 0.86719954013824463 0
random_sat_87 0.014999999664723873 0 1 0 1 box 0 0 0 2 4 2 -4 0.5 1.1412142515182495 0.4981766939163208 0.84540969133377075 0 box 0.30639734864234924 -1.5286619663238525 0.38900509476661682 -4 -5 1 3 0.5 0.15747630596160889 0.42990940809249878 0.36843279004096985 0
random_sat_88 0.014999999664723873 0 1 0 1 box 0 0 0 4 -3 0 0 0.5 0.21818707883358002 0.088461868464946747 0.7498852014541626 0 box 0.30861753225326538 1.155558705329895 -0.27994725108146667 -1 3 -5 5 0.5 0.15506303310394287 0.18471686542034149 0.61441898345947266 0
random_sat_89 0.014999999664723873 0 1 0 1 box 0 0 0 -3 0 1 -2 0.5 0.67839306592941284 0.93721628189086914 1.120452880859375 0 box -1.2621916532516479 0.29639378190040588 -1.3943250179290771 -5 -2 -5 -4 0.5 0.16741789877414703 0.21115702390670776 0.5858648419380188 0
random_sat_90 0.014999999664723873 1 1 1 -1 box 0 0 0 -5 1 3 0 0.5 0.10810568928718567 0.85725677013397217 0.75374174118041992 0 box -0.77072149515151978 1.1114132404327393 -0.061211433261632919 -3 1 -3 -3 0.5 0.61101227998733521 1.1149417161941528 1.1998996734619141 0
random_sat_91 0.014999999664723873 1 1 1 -1 box 0 0 0 -5 5 0 -1 0.5 0.54595309495925903 0.71914935111999512 0.66171485185623169 0 box -0.425222247838974 1.1280760765075684 0.58351743221282959 0 -3 4 1 0.5 0.71798694133758545 1.162583589553833 0.64975428581237793 0
random_sat_92 0.014999999664723873 1 1 1 -1 box 0 0 0 1 2 2 1 0.5 0.7967866063117981 0.54015856981277466 0.78120297193527222 0 box -0.99110281467437744 0.67389661073684692 0.8607221245765686 1 -4 5 0 0.5 0.33939921855926514 1.1650688648223877 1.0353509187698364 0
random_sat_93 0.014999999664723873 1 1 1 -1 box 0 0 0 -2 0 -2 -2 0.5 0.3404407799243927 0.31199592351913452 0.41496637463569641 0 box -0.5030255913734436 -0.20392930507659912 -0.30144539475440979 2 -1 -2 -3 0.5 0.45301821827888489 0.26095202565193176 0.70416402816772461 0
random_sat_94 0.014999999664723873 1 1 1 -1 box 0 0 0 5 1 3 -2 0.5 1.1887689828872681 1.1496677398681641 0.91737353801727295 0 box -0.21058003604412079 0.9837641716003418 -0.49846136569976807 -1 2 4 5 0.5 0.56963479518890381 0.79273545742034912 0.65921497344970703 0
random_sat_95 0.014999999664723873 0 1 0 1 box 0 0 0 -4 -5 -3 5 0.5 1.046937108039856 0.61872595548629761 1.0060428380966187 0 box 1.330482006072998 -0.91228288412094116 0.49019664525985718 -4 4 -3 -3 0.5 0.43634393811225891 0.40586724877357483 0.99357086420059204 0
random_sat_96 0.014999999664723873 1 1 1 -1 box 0 0 0 -1 -1 -5 -3 0.5 0.11951020359992981 0.10459268093109131 0.15050043165683746 0 box 1.1519147157669067 -0.16610488295555115 0.14208376407623291 1 1 4 4 0.5 1.1847418546676636 0.94539660215377808 1.0425873994827271 0
random_sat_97 0.014999999664723873 1 1 1 -1 box 0 0 0 4 -3 -3 1 0.5 0.67451465129852295 0.60861819982528687 0.50549274682998657 0 box -0.77963221073150635 1.5739424228668213 1.0839614868164062 -3 4 3 2 0.5 0.98584163188934326 0.78276306390762329 0.71461278200149536 0
random_sat_98 0.014999999664723873 1 1 1 -1 box 0 0 0 -2 -2 -1 2 0.5 0.39528310298919678 0.8353123664855957 0.74958270788192749 0 box 0.28605988621711731 -0.23852862417697906 -0.9822813868522644 -1 4 -1 2 0.5 0.64166021347045898 0.60344749689102173 0.79213744401931763 0
random_sat_99 0.014999999664723873 1 1 1 -1 box 0 0 0 -2 3 5 -3 0.5 0.67035555839538574 0.9961247444152832 0.34798163175582886 0 box 1.0948958396911621 -1.047040581703186 -0.64178019762039185 5 2 1 -4 0.5 1.137540340423584 0.49967250227928162 0.93053889274597168 0
random_sat_100 0.014999999664723873 0 1 0 1 box 0 0 0 0 -1 -3 -1 0.5 0.97979336977005005 0.86368268728256226 0.21722042560577393 0 box 0.47716209292411804 1.1531474590301514 -1.0129307508468628 4 4 -2 3 0.5 0.71666646003723145 0.70808827877044678 0.28550511598587036 0
random_sat_101 0.014999999664723873 1 1 1 -1 box 0 0 0 -3 -1 -5 -3 0.5 1.0820361375808716 0.52786892652511597 0.19381590187549591 0 box -0.10640975832939148 0.088662914931774139 -0.14063173532485962 5 3 -5 2 0.5 0.1043383926153183 0.91345375776290894 1.1537953615188599 0
random_sat_102 0.014999999664723873 1 1 1 -1 box 0 0 0 2 3 -5 -5 0.5 0.73033750057220459 0.13947239518165588 0.562888503074646 0 box -0.84778732061386108 -0.76591593027114868 -0.17721395194530487 4 1 -5 2 0.5 0.45604869723320007 1.1834688186645508 0.98812383413314819 0
random_sat_103 0.014999999664723873 0 1 0 1 box 0 0 0 1 -1 0 -5 0.5 0.4488615095615387 0.55543911457061768 1.133461594581604 0 box -1.5982497930526733 0.71563559770584106 -0.42951002717018127 -4 2 2 -3 0.5 0.77923846244812012 0.70120644569396973 0.27741208672523499 0
random_sat_104 0.014999999664723873 1 1 1 -1 box 0 0 0 -5 0 -5 -2 0.5 1.1101552248001099 1.1531299352645874 0.51953333616256714 0 box 1.4450304508209229 -0.27224355936050415 0.20390947163105011 0 3 5 -4 0.5 1.166838526725769 1.0930274724960327 0.71473395824432373 0
random_sat_105 0.014999999664723873 1 1 1 -1 box 0 0 0 1 -5 2 -4 0.5 0.49397450685501099 0.65714395046234131 0.8941161036491394 0 box -0.32512587308883667 1.2949932813644409 -0.61933815479278564 3 -3 -5 1 0.5 1.0414319038391113 0.61006712913513184 0.68604600429534912 0
random_sat_106 0.014999999664723873 0 1 0 1 box 0 0 0 -1 5 -5 0 0.5 0.73571610450744629 0.82552498579025269 0.6682007908821106 0 box -1.5024411678314209 1.3699996471405029 0.076996169984340668 0 0 3 -5 0.5 0.54227602481842041 0.73266923427581787 0.37934905290603638 0
random_sat_107 0.014999999664723873 1 1 1 -1 box 0 0 0 -1 4 0 -5 0.5 0.99237120151519775 0.15533608198165894 0.74979960918426514 0 box 0.87427878379821777 0.075328752398490906 -0.11146461963653564 -3 -1 2 3 0.5 0.29848530888557434 1.1316492557525635 0.70470768213272095 0
random_sat_108 0.014999999664723873 0 1 0 1 box 0 0 0 -5 1 -4 5 0.5 0.84056854248046875 0.070872940123081207 0.21654002368450165 0 box -0.36631500720977783 -0.72272974252700806 1.4551070928573608 3 3 0 -3 0.5 0.13542035222053528 0.73096829652786255 0.49460497498512268 0
random_sat_109 0.014999999664723873 1 1 1 -1 box 0 0 0 -2 -3 2 3 0.5 0.55314356088638306 0.69388669729232788 1.0434033870697021 0 box -1.3292673826217651 -0.96602213382720947 -0.0044394978322088718 2 2 1 -3 0.5 1.1892198324203491 0.7763744592666626 0.83442890644073486 0
random_sat_110 0.014999999664723873 1 1 1 -1 box 0 0 0 -3 -4 -1 5 0.5 0.96749114990234375 0.8365553617477417 0.44280120730400085 0 box -1.4624968767166138 1.5680071115493774 0.82380098104476929 3 -3 5 0 0.5 1.17128586769104 0.94034981727600098 0.68289005756378174 0
random_sat_111 0.014999999664723873 0 1 0 1 box 0 0 0 2 5 -1 -1 0.5 1.0023946762084961 0.1866876631975174 1.17380690574646 0 box 1.0082048177719116 -1.3628445863723755 1.2394422292709351 -2 5 -5 -1 0.5 0.42062863707542419 0.78531813621520996 0.61890506744384766 0
random_sat_112 0.014999999664723873 0 1 0 1 box 0 0 0 3 0 5 0 0.5 0.079122990369796753 1.1593433618545532 0.23340120911598206 0 box -0.022366037592291832 0.93231242895126343 -1.5095087289810181 -1 4 -1 3 0.5 0.43023255467414856 0.9648246169090271 0.51011061668395996 0
random_sat_113 0.014999999664723873 0 1 0 1 box 0 0 0 -5 5 3 4 0.5 0.27339762449264526 0.24787594377994537 0.39972546696662903 0 box -0.55517542362213135 -0.57857662439346313 -1.3594965934753418 -1 -2 -1 -3 0.5 0.12573845684528351 1.116172194480896 0.55804485082626343 0
random_sat_114 0.014999999664723873 1 1 1 -1 box 0 0 0 1 3 5 3 0.5 0.63205766677856445 1.1726680994033813 0.62018901109695435 0 box 0.20320776104927063 -0.24926447868347168 -0.37975189089775085 3 3 5 0 0.5 1.1978602409362793 0.49733841419219971 0.66394281387329102 0
random_sat_115 0.014999999664723873 1 1 1 -1 box 0 0 0 0 -1 2 -3 0.5 0.22388896346092224 0.68741810321807861 0.59274661540985107 0 box 0.32729580998420715 -0.92518562078475952 -0.79269760847091675 1 -2 -1 3 0.5 0.20310471951961517 0.83298134803771973 0.76374393701553345 0
random_sat_116 0.014999999664723873 1 1 1 -1 box 0 0 0 -1 -1 -4 -5 0.5 0.2896253764629364 0.6685253381729126 0.96187025308609009 0 box 0.9911845326423645 0.67218548059463501 0.40052938461303711 4 -5 -5 1 0.5 0.3288443386554718 0.91408157348632812 0.65023291110992432 0
random_sat_117 0.014999999664723873 1 1 1 -1 box 0 0 0 -1 5 -3 -4 0.5 0.88995397090911865 0.59907954931259155 0.58089619874954224 0 box -0.39622214436531067 -1.0124205350875854 -0.28729438781738281 0 1 5 -2 0.5 0.58917528390884399 0.71286135911941528 0.69985759258270264 0
random_sat_118 0.014999999664723873 1 1 1 -1 box 0 0 0 -3 -3 -4 -5 0.5 0.64575302600860596 0.33128738403320312 0.4959961473941803 0 box -0.96373867988586426 0.85688120126724243 0.23161359131336212 3 -4 1 2 0.5 0.32835578918457031 1.1817290782928467 1.1616222858428955 0
random_sat_119 0.014999999664723873 0 1 0 1 box 0 0 0 2 1 2 -4 0.5 1.0420119762420654 0.79044055938720703 0.13230496644973755 0 box -1.4151375293731689 0.73550444841384888 -1.2536835670471191 2 -3 4 -4 0.5 0.46632042527198792 0.84156441688537598 0.95877528190612793 0
random_sat_120 0.014999999664723873 1 1 1 -1 box 0 0 0 5 -2 -4 2 0.5 0.59868085384368896 1.0708168745040894 0.52670329809188843 0 box -0.045856330543756485 1.1994740962982178 -0.46890360116958618 -2 1 4 1 0.5 0.20485943555831909 0.22148717939853668 0.4040549099445343 0
random_sat_121 0.014999999664723873 1 1 1 -1 box 0 0 0 -4 1 3 5 0.5 1.1068539619445801 0.42876157164573669 0.92670708894729614 0 box -0.85241609811782837 0.89434313774108887 0.63036936521530151 1 5 -2 3 0.5 0.15779060125350952 0.21428140997886658 0.57385760545730591 0
random_sat_122 0.014999999664723873 0 1 0 1 box 0 0 0 2 1 -2 -2 0.5 0.28471580147743225 0.72889435291290283 0.40673667192459106 0 box 1.3956793546676636 0.94900697469711304 0.88187408447265625 4 -4 3 2 0.5 1.0817551612854004 0.3118615448474884 0.40125927329063416 0
random_sat_123 0.014999999664723873 1 1 1 -1 box 0 0 0 4 -2 5 1 0.5 0.24635636806488037 0.94021177291870117 0.84809446334838867 0 box 1.3269965648651123 -1.0578726530075073 -0.9710613489151001 0 4 5 -1 0.5 1.1805790662765503 0.2895350456237793 0.82655012607574463 0
random_sat_124 0.014999999664723873 0 1 0 1 box 0 0 0 0 -3 2 -2 0.5 0.56191092729568481 0.34717535972595215 0.87775200605392456 0 box 1.5467641353607178 0.13690106570720673 -1.113184928894043 0 0 -1 -5 0.5 0.29790890216827393 0.24240139126777649 0.71936780214309692 0
random_sat_125 0.014999999664723873 0 1 0 1 box 0 0 0 5 -1 -1 -1 0.5 0.70991045236587524 0.19199532270431519 0.4871651828289032 0 box -1.1678166389465332 0.061232779175043106 0.54476678371429443 -3 2 4 0 0.5 0.91252720355987549 0.11709962040185928 0.87140512466430664 0
random_sat_126 0.014999999664723873 0 1 0 1 box 0 0 0 -4 -1 4 0 0.5 0.1596653014421463 0.54703366756439209 0.079918719828128815 0 box 1.5047082901000977 0.45413929224014282 0.65931397676467896 -1 1 5 5 0.5 0.58459609746932983 0.72997528314590454 0.82194787263870239 0
random_sat_127 0.014999999664723873 0 1 0 1 box 0 0 0 -4 -5 -4 -3 0.5 0.66813695430755615 0.065402612090110779 0.052423551678657532 0 box 0.14495851099491119 -0.83362823724746704 1.2115362882614136 -4 1 -3 0 0.5 0.43481040000915527 1.1632645130157471 0.62175178527832031 0
random_sat_128 0.014999999664723873 1 1 1 -1 box 0 0 0 -3 -5 -4 -4 0.5 0.56253701448440552 0.31309950351715088 1.0323798656463623 0 box 1.4759742021560669 -0.051428023725748062 -0.33435770869255066 -5 0 -3 3 0.5 0.46247079968452454 1.1691585779190063 0.87905287742614746 0
random_sat_129 0.014999999664723873 0 1 0 1 box 0 0 0 3 2 5 -3 0.5 0.65120255947113037 0.84403258562088013 0.37533614039421082 0 box -0.68268871307373047 1.0490926504135132 0.19620297849178314 2 4 -4 -4 0.5 0.11481174826622009 0.079892024397850037 0.31739145517349243 0
random_sat_130 0.014999999664723873 0 1 0 1 box 0 0 0 4 -1 -4 -1 0.5 0.26590168476104736 0.58298146724700928 0.56828981637954712 0 box -1.5569283962249756 -1.3411945104598999 0.10259132087230682 5 -5 -1 -1 0.5 0.83975499868392944 0.40216755867004395 0.58701950311660767 0
random_sat_131 0.014999999664723873 1 1 1 -1 box 0 0 0 -1 1 2 -3 0.5 0.93055152893066406 0.25174203515052795 0.85083246231079102 0 box 1.2816742658615112 1.2925821542739868 -1.0989385843276978 0 0 -2 -4 0.5 1.0865103006362915 0.94209712743759155 1.1957492828369141 0
random_sat_132 0.014999999664723873 1 1 1 -1 box 0 0 0 3 0 4 3 0.5 0.60683286190032959 0.38075575232505798 0.35641124844551086 0 box -0.032484248280525208 1.110033392906189 0.72591477632522583 -2 1 -3 -5 0.5 1.1665586233139038 0.28349104523658752 0.92302292585372925 0
random_sat_133 0.014999999664723873 1 1 1 -1 box 0 0 0 5 -4 -2 -3 0.5 1.0294396877288818 1.1826690435409546 0.85351318120956421 0 box 0.78463035821914673 0.32925814390182495 0.64747005701065063 2 -3 5 5 0.5 0.47937417030334473 0.50795716047286987 0.70436346530914307 0
random_sat_134 0.014999999664723873 1 1 1 -1 box 0 0 0 2 -5 -1 -1 0.5 0.33306074142456055 1.0131851434707642 0.64481508731842041 0 box 1.4638240337371826 -0.72608202695846558 0.67579412460327148 0 1 5 -5 0.5 0.89525419473648071 1.1854020357131958 0.51145976781845093 0
random_sat_135 0.014999999664723873 1 1 1 -1 box 0 0 0 -3 0 0 -3 0.5 1.1871156692504883 0.184967041015625 1.1780326366424561 0 box 1.3300881385803223 0.16052241623401642 0.15969544649124146 3 -3 -1 4 0.5 0.76743227243423462 1.0443052053451538 0.80704963207244873 0
random_sat_136 0.014999999664723873 0 1 0 1 box 0 0 0 4 -4 4 -2 0.5 0.60450780391693115 0.46810397505760193 0.92057085037231445 0 box 0.95710289478302002 1.3118717670440674 -0.35642248392105103 2 -5 -3 -4 0.5 1.0939040184020996 0.17427046597003937 0.078044012188911438 0
random_sat_137 0.014999999664723873 0 1 0 1 box 0 0 0 -2 -1 -4 2 0.5 1.1898485422134399 0.23185308277606964 0.55212241411209106 0 box -0.48141160607337952 -1.4015592336654663 -0.94428610801696777 0 5 -1 2 0.5 0.24606114625930786 0.27343988418579102 0.074327468872070312 0
random_sat_138 0.014999999664723873 1 1 1 -1 box 0 0 0 4 3 4 4 0.5 0.98427790403366089 0.47734460234642029 1.0141154527664185 0 box 0.67868298292160034 -1.4416153430938721 -0.0034208237193524837 1 -4 -1 4 0.5 0.22407770156860352 0.82354402542114258 0.094592183828353882 0
random_sat_139 0.014999999664723873 0 1 0 1 box 0 0 0 1 -3 0 -2 0.5 0.5603979229927063 0.96449029445648193 0.46579188108444214 0 box -1.5299972295761108 -0.78531843423843384 0.77047663927078247 -3 -4 4 -4 0.5 0.76139354705810547 0.060798417776823044 1.0584083795547485 0
random_sat_140 0.014999999664723873 1 1 1 -1 box 0 0 0 -4 1 2 2 0.5 0.58476078510284424 0.40090307593345642 0.98915523290634155 0 box 1.3050434589385986 0.72409653663635254 1.0159288644790649 4 0 -5 -4 0.5 0.94680315256118774 0.83841222524642944 1.1578341722488403 0
random_sat_141 0.014999999664723873 0 1 0 1 box 0 0 0 2 0 -2 2 0.5 0.69478195905685425 0.73795884847640991 1.1321494579315186 0 box -1.4143209457397461 1.1410648822784424 -0.72039234638214111 -1 -5 -5 4 0.5 0.56904143095016479 0.22059156000614166 1.1533379554748535 0
random_sat_142 0.014999999664723873 1 1 1 -1 box 0 0 0 2 -5 -1 0 0.5 0.94927322864532471 1.032916784286499 0.63528448343276978 0 box -1.333818793296814 -1.4075509309768677 -1.1723579168319702 3 3 -2 -4 0.5 0.81305325031280518 0.38543558120727539 0.5778772234916687 0
random_sat_143 0.014999999664723873 0 1 0 1 box 0 0 0 3 -3 -3 0 0.5 0.78734111785888672 0.26467764377593994 0.5455557107925415 0 box 1.5085428953170776 1.2270060777664185 0.63670235872268677 3 -3 4 1 0.5 0.72715353965759277 0.11495522409677505 0.66853773593902588 0
random_sat_144 0.014999999664723873 1 1 1 -1 box 0 0 0 0 5 -3 4 0.5 0.86814939975738525 0.58907270431518555 0.54121685028076172 0 box -1.1293928623199463 -1.1648701429367065 -0.054028715938329697 -5 3 -4 0 0.5 0.23958677053451538 0.95909243822097778 0.82572072744369507 0
random_sat_145 0.014999999664723873 0 1 0 1 box 0 0 0 -1 -3 5 3 0.5 0.68931794166564941 0.56586199998855591 0.98122686147689819 0 box -1.5512715578079224 0.87030565738677979 -0.98273879289627075 -2 -2 4 -2 0.5 0.55390852689743042 0.17090418934822083 0.19698715209960938 0
random_sat_146 0.014999999664723873 1 1 1 -1 box 0 0 0 4 0 2 0 0.5 1.0883133411407471 0.55436426401138306 0.63083213567733765 0 box -0.30574855208396912 0.28146901726722717 0.93539619445800781 4 5 4 4 0.5 0.60070359706878662 1.1611508131027222 0.25126409530639648 0
random_sat_147 0.014999999664723873 1 1 1 -1 box 0 0 0 1 -1 -4 -4 0.5 1.1232153177261353 1.1153895854949951 0.18609054386615753 0 box 1.4567848443984985 -0.27064713835716248 1.3265327215194702 3 -4 2 4 0.5 1.1616524457931519 1.0075095891952515 0.75985431671142578 0
random_sat_148 0.014999999664723873 1 1 1 -1 box 0 0 0 0 1 -5 -3 0.5 1.1302940845489502 0.16007266938686371 1.0475852489471436 0 box -0.15934939682483673 0.83232003450393677 0.69492322206497192 4 -4 3 -5 0.5 0.10139480233192444 0.99936389923095703 0.47013360261917114 0
random_sat_149 0.014999999664723873 1 1 1 -1 box 0 0 0 -3 2 -2 -2 0.5 0.21885332465171814 0.94754940271377563 1.1171517372131348 0 box 1.1165004968643188 -0.46266192197799683 -0.56885361671447754 -2 -5 -2 -3 0.5 0.12633377313613892 0.71099710464477539 0.70152163505554199 0
random_sat_150 0.014999999664723873 0 1 0 1 box 0 0 0 3 1 4 0 0.5 0.39705991744995117 0.81724447011947632 0.1772930771112442 0 box 1.4950278997421265 -0.14033503830432892 -0.59837573766708374 -4 -1 5 3 0.5 0.053948607295751572 0.48721948266029358 0.62382328510284424 0
random_sat_151 0.014999999664723873 1 1 1 -1 box 0 0 0 -1 5 3 5 0.5 0.94281578063964844 1.0777866840362549 0.50579249858856201 0 box -0.34343460202217102 0.86754083633422852 0.24039502441883087 -5 -1 2 2 0.5 0.64832854270935059 0.76978480815887451 0.42603784799575806 0
random_sat_152 0.014999999664723873 1 1 1 -1 box 0 0 0 4 3 1 -1 0.5 1.0404486656188965 0.53347903490066528 0.37477570772171021 0 box -0.44344639778137207 0.87442535161972046 -0.84455561637878418 3 4 4 3 0.5 0.94075846672058105 1.1695958375930786 0.71464270353317261 0
random_sat_153 0.014999999664723873 0 1 0 1 box 0 0 0 0 2 2 -2 0.5 0.34972473978996277 0.56400567293167114 0.66370964050292969 0 box 1.2207227945327759 -1.5437332391738892 1.2093470096588135 -3 -2 1 4 0.5 0.55012679100036621 1.1973221302032471 0.30922475457191467 0
random_sat_154 0.014999999664723873 0 1 0 1 box 0 0 0 3 3 2 1 0.5 1.1983101367950439 0.55598163604736328 0.69901770353317261 0 box 1.5176591873168945 0.30669152736663818 -1.4923455715179443 -4 -2 -2 4 0.5 0.1662033349275589 0.89546233415603638 0.97866010665893555 0
random_sat_155 0.014999999664723873 0 1 0 1 box 0 0 0 2 5 2 -2 0.5 0.87035375833511353 0.97997665405273438 0.76426202058792114 0 box 0.91166871786117554 -0.8837050199508667 0.53737640380859375 1 -2 -1 -1 0.5 0.22273057699203491 0.12466835975646973 0.11634866893291473 0
random_sat_156 0.014999999664723873 1 1 1 -1 box 0 0 0 0 -2 -4 -3 0.5 0.28670758008956909 0.9114806056022644 1.1792342662811279 0 box -0.42003121972084045 0.97575539350509644 0.13466282188892365 -4 1 1 1 0.5 0.86860734224319458 0.26986998319625854 0.88323932886123657 0
random_sat_157 0.014999999664723873 1 1 1 -1 box 0 0 0 -2 0 -4 -5 0.5 0.44375315308570862 0.69970923662185669 0.57722002267837524 0 box 0.31684276461601257 0.022695628926157951 0.62629026174545288 1 -1 -4 -3 0.5 0.78397673368453979 0.61202317476272583 1.0759419202804565 0
random_sat_158 0.014999999664723873 0 1 0 1 box 0 0 0 1 -2 2 3 0.5 0.70271998643875122 0.56560736894607544 0.78160154819488525 0 box 1.284093976020813 -1.4881248474121094 -1.5634679794311523 -4 4 -3 2 0.5 1.1636854410171509 0.76802444458007812 0.62252146005630493 0
random_sat_159 0.014999999664723873 0 1 0 1 box 0 0 0 0 1 -2 -2 0.5 0.31138059496879578 1.035123348236084 0.32975712418556213 0 box -0.85794425010681152 -0.35336402058601379 -1.3541476726531982 -2 -5 4 3 0.5 0.1501120924949646 1.0997573137283325 0.98770850896835327 0
random_sat_160 0.014999999664723873 1 1 1 -1 box 0 0 0 1 5 -5 5 0.5 0.74722886085510254 0.36037313938140869 0.88328784704208374 0 box 0.24315968155860901 -0.17574852705001831 -0.8848801851272583 0 -1 5 5 0.5 0.60886383056640625 0.48416662216186523 0.80005860328674316 0
random_sat_161 0.014999999664723873 0 1 0 1 box 0 0 0 -1 4 3 2 0.5 0.96045929193496704 0.23773109912872314 0.85230648517608643 0 box -1.134479284286499 -0.57726877927780151 -0.65253782272338867 5 -3 -1 -1 0.5 0.40428069233894348 1.0282183885574341 0.62832540273666382 0
random_sat_162 0.014999999664723873 0 1 0 1 box 0 0 0 -5 2 2 1 0.5 0.63789808750152588 1.1965751647949219 0.93882536888122559 0 box -1.5842294692993164 1.19189453125 -1.3248723745346069 1 3 -4 -3 0.5 0.11480123549699783 0.99115777015686035 0.76813596487045288 0
random_sat_163 0.014999999664723873 0 1 0 1 box 0 0 0 3 0 -2 -3 0.5 1.1510766744613647 0.91477847099304199 0.58876359462738037 0 box 0.93177658319473267 -1.2381843328475952 -1.3667448759078979 -1 -5 1 4 0.5 0.35654616355895996 1.12903892993927 1.0827885866165161 0
random_sat_164 0.014999999664723873 1 1 1 -1 box 0 0 0 1 0 1 -5 0.5 0.084463141858577728 1.1464910507202148 0.24549755454063416 0 box 0.49789020419120789 -0.018709469586610794 -0.87670344114303589 3 -3 -3 -5 0.5 1.1799602508544922 0.16875401139259338 0.2604653537273407 0
random_sat_165 0.014999999664723873 0 1 0 1 box 0 0 0 5 -2 -2 -5 0.5 0.68260377645492554 0.53679633140563965 1.0711748600006104 0 box 1.5101248025894165 -0.70694029331207275 -0.49097591638565063 -5 5 -2 -4 0.5 1.0154992341995239 0.45444154739379883 0.41759014129638672 0
random_sat_166 0.014999999664723873 1 1 1 -1 box 0 0 0 -2 2 -1 5 0.5 0.7236628532409668 0.94996201992034912 0.57213890552520752 0 box 0.95206856727600098 -1.0586938858032227 0.41894260048866272 5 -3 4 4 0.5 0.94761753082275391 0.38165003061294556 0.58179324865341187 0
random_sat_167 0.014999999664723873 0 1 0 1 box 0 0 0 2 1 -2 -2 0.5 0.77408581972122192 0.21710880100727081 0.26544985175132751 0 box 0.17276425659656525 1.3937240839004517 -1.3264459371566772 0 -5 -1 -2 0.5 0.73477715253829956 0.50474756956100464 0.24830763041973114 0
random_sat_168 0.014999999664723873 1 1 1 -1 box 0 0 0 0 4 -5 0 0.5 0.05897795781493187 0.063172481954097748 1.1551798582077026 0 box -0.59926521778106689 -0.71279311180114746 0.25508081912994385 -2 -3 4 -4 0.5 0.9637380838394165 0.38098368048667908 0.59250199794769287 0
random_sat_169 0.014999999664723873 0 1 0 1 box 0 0 0 2 2 2 0 0.5 0.46727004647254944 0.4581274688243866 0.88295888900756836 0 box 0.94331765174865723 -1.1015802621841431 0.65643185377120972 4 5 2 -4 0.5 1.141198992729187 0.35163456201553345 1.1896802186965942 0
random_sat_170 0.014999999664723873 1 1 1 -1 box 0 0 0 -1 -3 -3 3 0.5 0.86258780956268311 0.29467850923538208 0.36123889684677124 0 box 0.72020494937896729 0.58356046676635742 0.98829805850982666 0 1 -2 -5 0.5 0.92090195417404175 0.11764445900917053 0.74157196283340454 0
random_sat_171 0.014999999664723873 0 1 0 1 box 0 0 0 3 4 -5 0 0.5 0.18491479754447937 0.33333578705787659 1.1621766090393066 0 box 1.5949383974075317 -1.1103570461273193 -0.86916637420654297 -2 -4 3 1 0.5 0.27167865633964539 0.35109615325927734 0.85925722122192383 0
random_sat_172 0.014999999664723873 0 1 0 1 box 0 0 0 1 -2 -3 -1 0.5 0.57947850227355957 0.085964642465114594 0.14002504944801331 0 box -0.54694873094558716 -0.70738840103149414 1.4074468612670898 3 -2 -5 -4 0.5 0.75874733924865723 0.63623994588851929 0.3899540901184082 0
random_sat_173 0.014999999664723873 0 1 0 1 box 0 0 0 1 -1 -2 1 0.5 0.66563552618026733 1.0684851408004761 0.24516622722148895 0 box 0.66543096303939819 0.42673489451408386 0.22649785876274109 5 0 -3 -5 0.5 0.83583009243011475 0.36351436376571655 1.1372365951538086 0
random_sat_174 0.014999999664723873 1 1 1 -1 box 0 0 0 5 -2 5 2 0.5 0.36383980512619019 1.0440521240234375 0.93192106485366821 0 box -0.21710647642612457 0.37933999300003052 -0.37843093276023865 4 3 -4 5 0.5 0.65034586191177368 0.37698030471801758 0.47385764122009277 0
random_sat_175 0.014999999664723873 1 1 1 -1 box 0 0 0 -5 -1 2 -1 0.5 0.38001388311386108 0.74696409702301025 0.41262349486351013 0 box 0.7206416130065918 -0.62568628787994385 -0.9219517707824707 1 -4 -1 0 0.5 0.5471159815788269 0.96151775121688843 0.15811644494533539 0
random_sat_176 0.014999999664723873 0 1 0 1 box 0 0 0 5 -2 -4 -5 0.5 0.46160677075386047 0.87686514854431152 0.63157778978347778 0 box 0.57980525493621826 -1.4341574907302856 1.3264644145965576 3 5 5 -1 0.5 0.37405133247375488 0.21270759403705597 1.1941511631011963 0
random_sat_177 0.014999999664723873 1 1 1 -1 box 0 0 0 -3 -2 4 1 0.5 0.91235268115997314 0.2392740398645401 0.11991539597511292 0 box -0.1778293251991272 -0.19371107220649719 -0.16917234659194946 -1 -5 5 2 0.5 1.0908808708190918 0.99549520015716553 0.97568929195404053 0
random_sat_178 0.014999999664723873 1 1 1 -1 box 0 0 0 -4 -2 -5 -3 0.5 0.55099928379058838 0.99193626642227173 0.98367935419082642 0 box 0.93473106622695923 0.23284360766410828 -0.25536900758743286 -4 -5 -1 4 0.5 0.88623827695846558 0.089930169284343719 0.15982192754745483 0
random_sat_179 0.014999999664723873 0 1 0 1 box 0 0 0 -2 -4 0 -1 0.5 0.67445200681686401 0.89649420976638794 0.33269527554512024 0 box -1.4114416837692261 1.4480980634689331 -1.568464994430542 -4 -3 4 -2 0.5 0.29721871018409729 1.0389978885650635 0.74100404977798462 0
near_parallel_10_0_0 0.0020000000949949026 1 1 1 -1 box 0 0 0 1 0 0 0 0.5 2 0.0099999997764825821 0.0099999997764825821 0 box 0 0 0 1 0.0009765625 0.00048828125 0 0.5 2 0.0099999997764825821 0.0099999997764825821 0
near_parallel_10_0_137 0.0020000000949949026 1 1 1 -1 box 137 0 0 1 0 0 0 0.5 2 0.0099999997764825821 0.0099999997764825821 0 box 137 0 0 1 0.0009765625 0.00048828125 0 0.5 2 0.0099999997764825821 0.0099999997764825821 0
near_parallel_10_0_1000 0.0020000000949949026 1 1 1 -1 box 1000 0 0 1 0 0 0 0.5 2 0.0099999997764825821 0.0099999997764825821 0 box 1000 0 0 1 0.0009765625 0.00048828125 0 0.5 2 0.0099999997764825821 0.0099999997764825821 0
near_parallel_10_0.019_0 0.0020000000949949026 1 1 1 -1 box 0 0 0 1 0 0 0 0.5 2 0.0099999997764825821 0.0099999997764825821 0 box 0 0.018999999389052391 0 1 0.0009765625 0.00048828125 0 0.5 2 0.0099999997764825821 0.0099999997764825821 0
near_parallel_10_0.019_137 0.0020000000949949026 1 1 1 -1 box 137 0 0 1 0 0 0 0.5 2 0.0099999997764825821 0.0099999997764825821 0 box 137 0.018999999389052391 0 1 0.0009765625 0.00048828125 0 0.5 2 0.0099999997764825821 0.0099999997764825821 0
near_parallel_10_0.019_1000 0.0020000000949949026 1 1 1 -1 box 1000 0 0 1 0 0 0 0.5 2 0.0099999997764825821 0.0099999997764825821 0 box 1000 0.018999999389052391 0 1 0.0009765625 0.00048828125 0 0.5 2 0.0099999997764825821 0.0099999997764825821 0
near_parallel_10_0.0200001_0 0.0020000000949949026 1 1 1 -1 box 0 0 0 1 0 0 0 0.5 2 0.0099999997764825821 0.0099999997764825821 0 box 0 0.020000100135803223 0 1 0.0009765625 0.00048828125 0 0.5 2 0.0099999997764825821 0.0099999997764825821 0
near_parallel_10_0.0200001_137 0.0020000000949949026 1 1 1 -1 box 137 0 0 1 0 0 0 0.5 2 0.0099999997764825821 0.0099999997764825821 0 box 137 0.020000100135803223 0 1 0.0009765625 0.00048828125 0 0.5 2 0.0099999997764825821 0.0099999997764825821 0
near_parallel_10_0.0200001_1000 0.0020000000949949026 1 1 1 -1 box 1000 0 0 1 0 0 0 0.5 2 0.0099999997764825821 0.0099999997764825821 0 box 1000 0.020000100135803223 0 1 0.0009765625 0.00048828125 0 0.5 2 0.0099999997764825821 0.0099999997764825821 0
near_parallel_10_0.1_0 0.0020000000949949026 0 1 0 1 box 0 0 0 1 0 0 0 0.5 2 0.0099999997764825821 0.0099999997764825821 0 box 0 0.10000000149011612 0 1 0.0009765625 0.00048828125 0 0.5 2 0.0099999997764825821 0.0099999997764825821 0
near_parallel_10_0.1_137 0.0020000000949949026 0 1 0 1 box 137 0 0 1 0 0 0 0.5 2 0.0099999997764825821 0.0099999997764825821 0 box 137 0.10000000149011612 0 1 0.0009765625 0.00048828125 0 0.5 2 0.0099999997764825821 0.0099999997764825821 0
near_parallel_10_0.1_1000 0.0020000000949949026 0 1 0 1 box 1000 0 0 1 0 0 0 0.5 2 0.0099999997764825821 0.0099999997764825821 0 box 1000 0.10000000149011612 0 1 0.0009765625 0.00048828125 0 0.5 2 0.0099999997764825821 0.0099999997764825821 0
near_parallel_20_0_0 0.0020000000949949026 1 1 1 -1 box 0 0 0 1 0 0 0 0.5 2 0.0099999997764825821 0.0099999997764825821 0 box 0 0 0 1 9.5367431640625e-07 4.76837158203125e-07 0 0.5 2 0.0099999997764825821 0.0099999997764825821 0
near_parallel_20_0_137 0.0020000000949949026 1 1 1 -1 box 137 0 0 1 0 0 0 0.5 2 0.0099999997764825821 0.0099999997764825821 0 box 137 0 0 1 9.5367431640625e-07 4.76837158203125e-07 0 0.5 2 0.0099999997764825821 0.0099999997764825821 0
near_parallel_20_0_1000 0.0020000000949949026 1 1 1 -1 box 1000 0 0 1 0 0 0 0.5 2 0.0099999997764825821 0.0099999997764825821 0 box 1000 0 0 1 9.5367431640625e-07 4.76837158203125e-07 0 0.5 2 0.0099999997764825821 0.0099999997764825821 0
near_parallel_20_0.019_0 0.0020000000949949026 1 1 1 -1 box 0 0 0 1 0 0 0 0.5 2 0.0099999997764825821 0.0099999997764825821 0 box 0 0.018999999389052391 0 1 9.5367431640625e-07 4.76837158203125e-07 0 0.5 2 0.0099999997764825821 0.0099999997764825821 0
near_parallel_20_0.019_137 0.0020000000949949026 1 1 1 -1 box 137 0 0 1 0 0 0 0.5 2 0.0099999997764825821 0.0099999997764825821 0 box 137 0.018999999389052391 0 1 9.5367431640625e-07 4.76837158203125e-07 0 0.5 2 0.0099999997764825821 0.0099999997764825821 0
near_parallel_20_0.019_1000 0.0020000000949949026 1 1 1 -1 box 1000 0 0 1 0 0 0 0.5 2 0.0099999997764825821 0.0099999997764825821 0 box 1000 0.018999999389052391 0 1 9.5367431640625e-07 4.76837158203125e-07 0 0.5 2 0.0099999997764825821 0.0099999997764825821 0
near_parallel_20_0.0200001_0 0.0020000000949949026 0 1 1 1 box 0 0 0 1 0 0 0 0.5 2 0.0099999997764825821 0.0099999997764825821 0 box 0 0.020000100135803223 0 1 9.5367431640625e-07 4.76837158203125e-07 0 0.5 2 0.0099999997764825821 0.0099999997764825821 0
near_parallel_20_0.0200001_137 0.0020000000949949026 0 1 1 1 box 137 0 0 1 0 0 0 0.5 2 0.0099999997764825821 0.0099999997764825821 0 box 137 0.020000100135803223 0 1 9.5367431640625e-07 4.76837158203125e-07 0 0.5 2 0.0099999997764825821 0.0099999997764825821 0
near_parallel_20_0.0200001_1000 0.0020000000949949026 0 1 1 1 box 1000 0 0 1 0 0 0 0.5 2 0.0099999997764825821 0.0099999997764825821 0 box 1000 0.020000100135803223 0 1 9.5367431640625e-07 4.76837158203125e-07 0 0.5 2 0.0099999997764825821 0.0099999997764825821 0
near_parallel_20_0.1_0 0.0020000000949949026 0 1 0 1 box 0 0 0 1 0 0 0 0.5 2 0.0099999997764825821 0.0099999997764825821 0 box 0 0.10000000149011612 0 1 9.5367431640625e-07 4.76837158203125e-07 0 0.5 2 0.0099999997764825821 0.0099999997764825821 0
near_parallel_20_0.1_137 0.0020000000949949026 0 1 0 1 box 137 0 0 1 0 0 0 0.5 2 0.0099999997764825821 0.0099999997764825821 0 box 137 0.10000000149011612 0 1 9.5367431640625e-07 4.76837158203125e-07 0 0.5 2 0.0099999997764825821 0.0099999997764825821 0
near_parallel_20_0.1_1000 0.0020000000949949026 0 1 0 1 box 1000 0 0 1 0 0 0 0.5 2 0.0099999997764825821 0.0099999997764825821 0 box 1000 0.10000000149011612 0 1 9.5367431640625e-07 4.76837158203125e-07 0 0.5 2 0.0099999997764825821 0.0099999997764825821 0
near_parallel_30_0_0 0.0020000000949949026 1 1 1 -1 box 0 0 0 1 0 0 0 0.5 2 0.0099999997764825821 0.0099999997764825821 0 box 0 0 0 1 9.3132257461547852e-10 4.6566128730773926e-10 0 0.5 2 0.0099999997764825821 0.0099999997764825821 0
near_parallel_30_0_137 0.0020000000949949026 1 1 1 -1 box 137 0 0 1 0 0 0 0.5 2 0.0099999997764825821 0.0099999997764825821 0 box 137 0 0 1 9.3132257461547852e-10 4.6566128730773926e-10 0 0.5 2 0.0099999997764825821 0.0099999997764825821 0
near_parallel_30_0_1000 0.0020000000949949026 1 1 1 -1 box 1000 0 0 1 0 0 0 0.5 2 0.0099999997764825821 0.0099999997764825821 0 box 1000 0 0 1 9.3132257461547852e-10 4.6566128730773926e-10 0 0.5 2 0.0099999997764825821 0.0099999997764825821 0
near_parallel_30_0.019_0 0.0020000000949949026 1 1 1 -1 box 0 0 0 1 0 0 0 0.5 2 0.0099999997764825821 0.0099999997764825821 0 box 0 0.018999999389052391 0 1 9.3132257461547852e-10 4.6566128730773926e-10 0 0.5 2 0.0099999997764825821 0.0099999997764825821 0
near_parallel_30_0.019_137 0.0020000000949949026 1 1 1 -1 box 137 0 0 1 0 0 0 0.5 2 0.0099999997764825821 0.0099999997764825821 0 box 137 0.018999999389052391 0 1 9.3132257461547852e-10 4.6566128730773926e-10 0 0.5 2 0.0099999997764825821 0.0099999997764825821 0
near_parallel_30_0.019_1000 0.0020000000949949026 1 1 1 -1 box 1000 0 0 1 0 0 0 0.5 2 0.0099999997764825821 0.0099999997764825821 0 box 1000 0.018999999389052391 0 1 9.3132257461547852e-10 4.6566128730773926e-10 0 0.5 2 0.0099999997764825821 0.0099999997764825821 0
near_parallel_30_0.0200001_0 0.0020000000949949026 0 1 1 1 box 0 0 0 1 0 0 0 0.5 2 0.0099999997764825821 0.0099999997764825821 0 box 0 0.020000100135803223 0 1 9.3132257461547852e-10 4.6566128730773926e-10 0 0.5 2 0.0099999997764825821 0.0099999997764825821 0
near_parallel_30_0.0200001_137 0.0020000000949949026 0 1 1 1 box 137 0 0 1 0 0 0 0.5 2 0.0099999997764825821 0.0099999997764825821 0 box 137 0.020000100135803223 0 1 9.3132257461547852e-10 4.6566128730773926e-10 0 0.5 2 0.0099999997764825821 0.0099999997764825821 0
near_parallel_30_0.0200001_1000 0.0020000000949949026 0 1 1 1 box 1000 0 0 1 0 0 0 0.5 2 0.0099999997764825821 0.0099999997764825821 0 box 1000 0.020000100135803223 0 1 9.3132257461547852e-10 4.6566128730773926e-10 0 0.5 2 0.0099999997764825821 0.0099999997764825821 0
near_parallel_30_0.1_0 0.0020000000949949026 0 1 0 1 box 0 0 0 1 0 0 0 0.5 2 0.0099999997764825821 0.0099999997764825821 0 box 0 0.10000000149011612 0 1 9.3132257461547852e-10 4.6566128730773926e-10 0 0.5 2 0.0099999997764825821 0.0099999997764825821 0
near_parallel_30_0.1_137 0.0020000000949949026 0 1 0 1 box 137 0 0 1 0 0 0 0.5 2 0.0099999997764825821 0.0099999997764825821 0 box 137 0.10000000149011612 0 1 9.3132257461547852e-10 4.6566128730773926e-10 0 0.5 2 0.0099999997764825821 0.0099999997764825821 0
near_parallel_30_0.1_1000 0.0020000000949949026 0 1 0 1 box 1000 0 0 1 0 0 0 0.5 2 0.0099999997764825821 0.0099999997764825821 0 box 1000 0.10000000149011612 0 1 9.3132257461547852e-10 4.6566128730773926e-10 0 0.5 2 0.0099999997764825821 0.0099999997764825821 0
near_parallel_40_0_0 0.0020000000949949026 1 1 1 -1 box 0 0 0 1 0 0 0 0.5 2 0.0099999997764825821 0.0099999997764825821 0 box 0 0 0 1 9.0949470177292824e-13 4.5474735088646412e-13 0 0.5 2 0.0099999997764825821 0.0099999997764825821 0
near_parallel_40_0_137 0.0020000000949949026 1 1 1 -1 box 137 0 0 1 0 0 0 0.5 2 0.0099999997764825821 0.0099999997764825821 0 box 137 0 0 1 9.0949470177292824e-13 4.5474735088646412e-13 0 0.5 2 0.0099999997764825821 0.0099999997764825821 0
near_parallel_40_0_1000 0.0020000000949949026 1 1 1 -1 box 1000 0 0 1 0 0 0 0.5 2 0.0099999997764825821 0.0099999997764825821 0 box 1000 0 0 1 9.0949470177292824e-13 4.5474735088646412e-13 0 0.5 2 0.0099999997764825821 0.0099999997764825821 0
near_parallel_40_0.019_0 0.0020000000949949026 1 1 1 -1 box 0 0 0 1 0 0 0 0.5 2 0.0099999997764825821 0.0099999997764825821 0 box 0 0.018999999389052391 0 1 9.0949470177292824e-13 4.5474735088646412e-13 0 0.5 2 0.0099999997764825821 0.0099999997764825821 0
near_parallel_40_0.019_137 0.0020000000949949026 1 1 1 -1 box 137 0 0 1 0 0 0 0.5 2 0.0099999997764825821 0.0099999997764825821 0 box 137 0.018999999389052391 0 1 9.0949470177292824e-13 4.5474735088646412e-13 0 0.5 2 0.0099999997764825821 0.0099999997764825821 0
near_parallel_40_0.019_1000 0.0020000000949949026 1 1 1 -1 box 1000 0 0 1 0 0 0 0.5 2 0.0099999997764825821 0.0099999997764825821 0 box 1000 0.018999999389052391 0 1 9.0949470177292824e-13 4.5474735088646412e-13 0 0.5 2 0.0099999997764825821 0.0099999997764825821 0
near_parallel_40_0.0200001_0 0.0020000000949949026 0 1 1 1 box 0 0 0 1 0 0 0 0.5 2 0.0099999997764825821 0.0099999997764825821 0 box 0 0.020000100135803223 0 1 9.0949470177292824e-13 4.5474735088646412e-13 0 0.5 2 0.0099999997764825821 0.0099999997764825821 0
near_parallel_40_0.0200001_137 0.0020000000949949026 0 1 1 1 box 137 0 0 1 0 0 0 0.5 2 0.0099999997764825821 0.0099999997764825821 0 box 137 0.020000100135803223 0 1 9.0949470177292824e-13 4.5474735088646412e-13 0 0.5 2 0.0099999997764825821 0.0099999997764825821 0
near_parallel_40_0.0200001_1000 0.0020000000949949026 0 1 1 1 box 1000 0 0 1 0 0 0 0.5 2 0.0099999997764825821 0.0099999997764825821 0 box 1000 0.020000100135803223 0 1 9.0949470177292824e-13 4.5474735088646412e-13 0 0.5 2 0.0099999997764825821 0.0099999997764825821 0
near_parallel_40_0.1_0 0.0020000000949949026 0 1 0 1 box 0 0 0 1 0 0 0 0.5 2 0.0099999997764825821 0.0099999997764825821 0 box 0 0.10000000149011612 0 1 9.0949470177292824e-13 4.5474735088646412e-13 0 0.5 2 0.0099999997764825821 0.0099999997764825821 0
near_parallel_40_0.1_137 0.0020000000949949026 0 1 0 1 box 137 0 0 1 0 0 0 0.5 2 0.0099999997764825821 0.0099999997764825821 0 box 137 0.10000000149011612 0 1 9.0949470177292824e-13 4.5474735088646412e-13 0 0.5 2 0.0099999997764825821 0.0099999997764825821 0
near_parallel_40_0.1_1000 0.0020000000949949026 0 1 0 1 box 1000 0 0 1 0 0 0 0.5 2 0.0099999997764825821 0.0099999997764825821 0 box 1000 0.10000000149011612 0 1 9.0949470177292824e-13 4.5474735088646412e-13 0 0.5 2 0.0099999997764825821 0.0099999997764825821 0
compound_0_0_opening 0.0010000000474974513 0 3 0 0 0 1 1 1 sphere 0 0 0 1 0 0 0 0.15000000596046448 0.5 0.5 0.5 0 compound 0 0 0 1 0 0 0 0.5 0.5 0.5 0.5 3 -1 0 0 0.20000000298023224 1 1 1 0 0 0.20000000298023224 1 1 0 -1.2000000476837158 0 1.2000000476837158 0.20000000298023224 1
compound_0_0_right 0.0010000000474974513 1 3 0 1 0 1 -1 1 sphere 0.89999997615814209 0 0 1 0 0 0 0.15000000596046448 0.5 0.5 0.5 0 compound 0 0 0 1 0 0 0 0.5 0.5 0.5 0.5 3 -1 0 0 0.20000000298023224 1 1 1 0 0 0.20000000298023224 1 1 0 -1.2000000476837158 0 1.2000000476837158 0.20000000298023224 1
compound_0_0_left 0.0010000000474974513 1 3 1 0 0 -1 1 1 sphere -0.89999997615814209 0 0 1 0 0 0 0.15000000596046448 0.5 0.5 0.5 0 compound 0 0 0 1 0 0 0 0.5 0.5 0.5 0.5 3 -1 0 0 0.20000000298023224 1 1 1 0 0 0.20000000298023224 1 1 0 -1.2000000476837158 0 1.2000000476837158 0.20000000298023224 1
compound_0_0_bottom 0.0010000000474974513 1 3 0 0 1 1 1 -1 sphere 0 -1.0499999523162842 0 1 0 0 0 0.15000000596046448 0.5 0.5 0.5 0 compound 0 0 0 1 0 0 0 0.5 0.5 0.5 0.5 3 -1 0 0 0.20000000298023224 1 1 1 0 0 0.20000000298023224 1 1 0 -1.2000000476837158 0 1.2000000476837158 0.20000000298023224 1
compound_0_1_opening 0.0010000000474974513 0 3 0 0 0 1 1 1 sphere 0 0 0 4 1 2 2 0.15000000596046448 0.5 0.5 0.5 0 compound 0 0 0 4 1 2 2 0.5 0.5 0.5 0.5 3 -1 0 0 0.20000000298023224 1 1 1 0 0 0.20000000298023224 1 1 0 -1.2000000476837158 0 1.2000000476837158 0.20000000298023224 1
compound_0_1_right 0.0010000000474974513 1 3 0 1 0 1 -1 1 sphere 0.32400000095367432 0.71999996900558472 -0.43199998140335083 4 1 2 2 0.15000000596046448 0.5 0.5 0.5 0 compound 0 0 0 4 1 2 2 0.5 0.5 0.5 0.5 3 -1 0 0 0.20000000298023224 1 1 1 0 0 0.20000000298023224 1 1 0 -1.2000000476837158 0 1.2000000476837158 0.20000000298023224 1
compound_0_1_left 0.0010000000474974513 1 3 1 0 0 -1 1 1 sphere -0.32400000095367432 -0.71999996900558472 0.43199998140335083 4 1 2 2 0.15000000596046448 0.5 0.5 0.5 0 compound 0 0 0 4 1 2 2 0.5 0.5 0.5 0.5 3 -1 0 0 0.20000000298023224 1 1 1 0 0 0.20000000298023224 1 1 0 -1.2000000476837158 0 1.2000000476837158 0.20000000298023224 1
compound_0_1_bottom 0.0010000000474974513 1 3 0 0 1 1 1 -1 sphere 0.50399994850158691 -0.62999999523162842 -0.67199999094009399 4 1 2 2 0.15000000596046448 0.5 0.5 0.5 0 compound 0 0 0 4 1 2 2 0.5 0.5 0.5 0.5 3 -1 0 0 0.20000000298023224 1 1 1 0 0 0.20000000298023224 1 1 0 -1.2000000476837158 0 1.2000000476837158 0.20000000298023224 1
compound_10_0_opening 0.0010000000474974513 0 3 0 0 0 1 1 1 sphere 10 -10 20 1 0 0 0 0.15000000596046448 0.5 0.5 0.5 0 compound 10 -10 20 1 0 0 0 0.5 0.5 0.5 0.5 3 -1 0 0 0.20000000298023224 1 1 1 0 0 0.20000000298023224 1 1 0 -1.2000000476837158 0 1.2000000476837158 0.20000000298023224 1
compound_10_0_right 0.0010000000474974513 1 3 0 1 0 1 -1 1 sphere 10.899999618530273 -10 20 1 0 0 0 0.15000000596046448 0.5 0.5 0.5 0 compound 10 -10 20 1 0 0 0 0.5 0.5 0.5 0.5 3 -1 0 0 0.20000000298023224 1 1 1 0 0 0.20000000298023224 1 1 0 -1.2000000476837158 0 1.2000000476837158 0.20000000298023224 1
compound_10_0_left 0.0010000000474974513 1 3 1 0 0 -1 1 1 sphere 9.1000003814697266 -10 20 1 0 0 0 0.15000000596046448 0.5 0.5 0.5 0 compound 10 -10 20 1 0 0 0 0.5 0.5 0.5 0.5 3 -1 0 0 0.20000000298023224 1 1 1 0 0 0.20000000298023224 1 1 0 -1.2000000476837158 0 1.2000000476837158 0.20000000298023224 1
compound_10_0_bottom 0.0010000000474974513 1 3 0 0 1 1 1 -1 sphere 10 -11.050000190734863 20 1 0 0 0 0.15000000596046448 0.5 0.5 0.5 0 compound 10 -10 20 1 0 0 0 0.5 0.5 0.5 0.5 3 -1 0 0 0.20000000298023224 1 1 1 0 0 0.20000000298023224 1 1 0 -1.2000000476837158 0 1.2000000476837158 0.20000000298023224 1
compound_10_1_opening 0.0010000000474974513 0 3 0 0 0 1 1 1 sphere 10 -10 20 4 1 2 2 0.15000000596046448 0.5 0.5 0.5 0 compound 10 -10 20 4 1 2 2 0.5 0.5 0.5 0.5 3 -1 0 0 0.20000000298023224 1 1 1 0 0 0.20000000298023224 1 1 0 -1.2000000476837158 0 1.2000000476837158 0.20000000298023224 1
compound_10_1_right 0.0010000000474974513 1 3 0 1 0 1 -1 1 sphere 10.324000358581543 -9.2799997329711914 19.568000793457031 4 1 2 2 0.15000000596046448 0.5 0.5 0.5 0 compound 10 -10 20 4 1 2 2 0.5 0.5 0.5 0.5 3 -1 0 0 0.20000000298023224 1 1 1 0 0 0.20000000298023224 1 1 0 -1.2000000476837158 0 1.2000000476837158 0.20000000298023224 1
compound_10_1_left 0.0010000000474974513 1 3 1 0 0 -1 1 1 sphere 9.675999641418457 -10.720000267028809 20.431999206542969 4 1 2 2 0.15000000596046448 0.5 0.5 0.5 0 compound 10 -10 20 4 1 2 2 0.5 0.5 0.5 0.5 3 -1 0 0 0.20000000298023224 1 1 1 0 0 0.20000000298023224 1 1 0 -1.2000000476837158 0 1.2000000476837158 0.20000000298023224 1
compound_10_1_bottom 0.0010000000474974513 1 3 0 0 1 1 1 -1 sphere 10.503999710083008 -10.630000114440918 19.327999114990234 4 1 2 2 0.15000000596046448 0.5 0.5 0.5 0 compound 10 -10 20 4 1 2 2 0.5 0.5 0.5 0.5 3 -1 0 0 0.20000000298023224 1 1 1 0 0 0.20000000298023224 1 1 0 -1.2000000476837158 0 1.2000000476837158 0.20000000298023224 1
compound_137_0_opening 0.0010000000474974513 0 3 0 0 0 1 1 1 sphere 137 -137 274 1 0 0 0 0.15000000596046448 0.5 0.5 0.5 0 compound 137 -137 274 1 0 0 0 0.5 0.5 0.5 0.5 3 -1 0 0 0.20000000298023224 1 1 1 0 0 0.20000000298023224 1 1 0 -1.2000000476837158 0 1.2000000476837158 0.20000000298023224 1
compound_137_0_right 0.0010000000474974513 1 3 0 1 0 1 -1 1 sphere 137.89999389648438 -137 274 1 0 0 0 0.15000000596046448 0.5 0.5 0.5 0 compound 137 -137 274 1 0 0 0 0.5 0.5 0.5 0.5 3 -1 0 0 0.20000000298023224 1 1 1 0 0 0.20000000298023224 1 1 0 -1.2000000476837158 0 1.2000000476837158 0.20000000298023224 1
compound_137_0_left 0.0010000000474974513 1 3 1 0 0 -1 1 1 sphere 136.10000610351562 -137 274 1 0 0 0 0.15000000596046448 0.5 0.5 0.5 0 compound 137 -137 274 1 0 0 0 0.5 0.5 0.5 0.5 3 -1 0 0 0.20000000298023224 1 1 1 0 0 0.20000000298023224 1 1 0 -1.2000000476837158 0 1.2000000476837158 0.20000000298023224 1
compound_137_0_bottom 0.0010000000474974513 1 3 0 0 1 1 1 -1 sphere 137 -138.05000305175781 274 1 0 0 0 0.15000000596046448 0.5 0.5 0.5 0 compound 137 -137 274 1 0 0 0 0.5 0.5 0.5 0.5 3 -1 0 0 0.20000000298023224 1 1 1 0 0 0.20000000298023224 1 1 0 -1.2000000476837158 0 1.2000000476837158 0.20000000298023224 1
compound_137_1_opening 0.0010000000474974513 0 3 0 0 0 1 1 1 sphere 137 -137 274 4 1 2 2 0.15000000596046448 0.5 0.5 0.5 0 compound 137 -137 274 4 1 2 2 0.5 0.5 0.5 0.5 3 -1 0 0 0.20000000298023224 1 1 1 0 0 0.20000000298023224 1 1 0 -1.2000000476837158 0 1.2000000476837158 0.20000000298023224 1
compound_137_1_right 0.0010000000474974513 1 3 0 1 0 1 -1 1 sphere 137.32400512695312 -136.27999877929688 273.5679931640625 4 1 2 2 0.15000000596046448 0.5 0.5 0.5 0 compound 137 -137 274 4 1 2 2 0.5 0.5 0.5 0.5 3 -1 0 0 0.20000000298023224 1 1 1 0 0 0.20000000298023224 1 1 0 -1.2000000476837158 0 1.2000000476837158 0.20000000298023224 1
compound_137_1_left 0.0010000000474974513 1 3 1 0 0 -1 1 1 sphere 136.67599487304688 -137.72000122070312 274.4320068359375 4 1 2 2 0.15000000596046448 0.5 0.5 0.5 0 compound 137 -137 274 4 1 2 2 0.5 0.5 0.5 0.5 3 -1 0 0 0.20000000298023224 1 1 1 0 0 0.20000000298023224 1 1 0 -1.2000000476837158 0 1.2000000476837158 0.20000000298023224 1
compound_137_1_bottom 0.0010000000474974513 1 3 0 0 1 1 1 -1 sphere 137.50399780273438 -137.6300048828125 273.3280029296875 4 1 2 2 0.15000000596046448 0.5 0.5 0.5 0 compound 137 -137 274 4 1 2 2 0.5 0.5 0.5 0.5 3 -1 0 0 0.20000000298023224 1 1 1 0 0 0.20000000298023224 1 1 0 -1.2000000476837158 0 1.2000000476837158 0.20000000298023224 1
compound_1000_0_opening 0.0010000000474974513 0 3 0 0 0 1 1 1 sphere 1000 -1000 2000 1 0 0 0 0.15000000596046448 0.5 0.5 0.5 0 compound 1000 -1000 2000 1 0 0 0 0.5 0.5 0.5 0.5 3 -1 0 0 0.20000000298023224 1 1 1 0 0 0.20000000298023224 1 1 0 -1.2000000476837158 0 1.2000000476837158 0.20000000298023224 1
compound_1000_0_right 0.0010000000474974513 1 3 0 1 0 1 -1 1 sphere 1000.9000244140625 -1000 2000 1 0 0 0 0.15000000596046448 0.5 0.5 0.5 0 compound 1000 -1000 2000 1 0 0 0 0.5 0.5 0.5 0.5 3 -1 0 0 0.20000000298023224 1 1 1 0 0 0.20000000298023224 1 1 0 -1.2000000476837158 0 1.2000000476837158 0.20000000298023224 1
compound_1000_0_left 0.0010000000474974513 1 3 1 0 0 -1 1 1 sphere 999.0999755859375 -1000 2000 1 0 0 0 0.15000000596046448 0.5 0.5 0.5 0 compound 1000 -1000 2000 1 0 0 0 0.5 0.5 0.5 0.5 3 -1 0 0 0.20000000298023224 1 1 1 0 0 0.20000000298023224 1 1 0 -1.2000000476837158 0 1.2000000476837158 0.20000000298023224 1
compound_1000_0_bottom 0.0010000000474974513 1 3 0 0 1 1 1 -1 sphere 1000 -1001.0499877929688 2000 1 0 0 0 0.15000000596046448 0.5 0.5 0.5 0 compound 1000 -1000 2000 1 0 0 0 0.5 0.5 0.5 0.5 3 -1 0 0 0.20000000298023224 1 1 1 0 0 0.20000000298023224 1 1 0 -1.2000000476837158 0 1.2000000476837158 0.20000000298023224 1
compound_1000_1_opening 0.0010000000474974513 0 3 0 0 0 1 1 1 sphere 1000 -1000 2000 4 1 2 2 0.15000000596046448 0.5 0.5 0.5 0 compound 1000 -1000 2000 4 1 2 2 0.5 0.5 0.5 0.5 3 -1 0 0 0.20000000298023224 1 1 1 0 0 0.20000000298023224 1 1 0 -1.2000000476837158 0 1.2000000476837158 0.20000000298023224 1
compound_1000_1_right 0.0010000000474974513 1 3 0 1 0 1 -1 1 sphere 1000.323974609375 -999.280029296875 1999.5679931640625 4 1 2 2 0.15000000596046448 0.5 0.5 0.5 0 compound 1000 -1000 2000 4 1 2 2 0.5 0.5 0.5 0.5 3 -1 0 0 0.20000000298023224 1 1 1 0 0 0.20000000298023224 1 1 0 -1.2000000476837158 0 1.2000000476837158 0.20000000298023224 1
compound_1000_1_left 0.0010000000474974513 1 3 1 0 0 -1 1 1 sphere 999.676025390625 -1000.719970703125 2000.4320068359375 4 1 2 2 0.15000000596046448 0.5 0.5 0.5 0 compound 1000 -1000 2000 4 1 2 2 0.5 0.5 0.5 0.5 3 -1 0 0 0.20000000298023224 1 1 1 0 0 0.20000000298023224 1 1 0 -1.2000000476837158 0 1.2000000476837158 0.20000000298023224 1
compound_1000_1_bottom 0.0010000000474974513 1 3 0 0 1 1 1 -1 sphere 1000.5040283203125 -1000.6300048828125 1999.3280029296875 4 1 2 2 0.15000000596046448 0.5 0.5 0.5 0 compound 1000 -1000 2000 4 1 2 2 0.5 0.5 0.5 0.5 3 -1 0 0 0.20000000298023224 1 1 1 0 0 0.20000000298023224 1 1 0 -1.2000000476837158 0 1.2000000476837158 0.20000000298023224 1
rotated_child_face_0_negative 0.009999999776482582 1 1 1 -1 compound 0 0 0 0.69999998807907104 0.10000000149011612 0.30000001192092896 0.40000000596046448 0.5 0.5 0.5 0.5 1 0 0 0 1 1 1 compound 0 0 0 0.69999998807907104 0.10000000149011612 0.30000001192092896 0.40000000596046448 0.5 0.5 0.5 0.5 1 1.9999998807907104 0 0 1 1 1
rotated_child_face_0_touch 0.009999999776482582 1 1 1 0 compound 0 0 0 0.69999998807907104 0.10000000149011612 0.30000001192092896 0.40000000596046448 0.5 0.5 0.5 0.5 1 0 0 0 1 1 1 compound 0 0 0 0.69999998807907104 0.10000000149011612 0.30000001192092896 0.40000000596046448 0.5 0.5 0.5 0.5 1 2 0 0 1 1 1
rotated_child_face_0_positive 0.009999999776482582 0 1 1 1 compound 0 0 0 0.69999998807907104 0.10000000149011612 0.30000001192092896 0.40000000596046448 0.5 0.5 0.5 0.5 1 0 0 0 1 1 1 compound 0 0 0 0.69999998807907104 0.10000000149011612 0.30000001192092896 0.40000000596046448 0.5 0.5 0.5 0.5 1 2.0000002384185791 0 0 1 1 1
rotated_child_face_137_negative 0.009999999776482582 1 1 1 -1 compound 137 -137 274 0.69999998807907104 0.10000000149011612 0.30000001192092896 0.40000000596046448 0.5 0.5 0.5 0.5 1 0 0 0 1 1 1 compound 137 -137 274 0.69999998807907104 0.10000000149011612 0.30000001192092896 0.40000000596046448 0.5 0.5 0.5 0.5 1 1.9999998807907104 0 0 1 1 1
rotated_child_face_137_touch 0.009999999776482582 1 1 1 0 compound 137 -137 274 0.69999998807907104 0.10000000149011612 0.30000001192092896 0.40000000596046448 0.5 0.5 0.5 0.5 1 0 0 0 1 1 1 compound 137 -137 274 0.69999998807907104 0.10000000149011612 0.30000001192092896 0.40000000596046448 0.5 0.5 0.5 0.5 1 2 0 0 1 1 1
rotated_child_face_137_positive 0.009999999776482582 0 1 1 1 compound 137 -137 274 0.69999998807907104 0.10000000149011612 0.30000001192092896 0.40000000596046448 0.5 0.5 0.5 0.5 1 0 0 0 1 1 1 compound 137 -137 274 0.69999998807907104 0.10000000149011612 0.30000001192092896 0.40000000596046448 0.5 0.5 0.5 0.5 1 2.0000002384185791 0 0 1 1 1
dense_parallel_fallback_0 0.009999999776482582 1 1 1 -1 box 0 0 0 0.7135699987411499 0.23711000382900238 -0.41396999359130859 0.13931000232696533 0.5 0.5 0.5 0.5 0 box 0.10000000149011612 0 0 0.7135699987411499 0.23711000382900238 -0.41396999359130859 0.13931000232696533 0.5 0.5 0.5 0.5 0
dense_parallel_fallback_137 0.009999999776482582 1 1 1 -1 box 137 0 0 0.7135699987411499 0.23711000382900238 -0.41396999359130859 0.13931000232696533 0.5 0.5 0.5 0.5 0 box 137.10000610351562 0 0 0.7135699987411499 0.23711000382900238 -0.41396999359130859 0.13931000232696533 0.5 0.5 0.5 0.5 0
dense_parallel_fallback_1000 0.009999999776482582 1 1 1 -1 box 1000 0 0 0.7135699987411499 0.23711000382900238 -0.41396999359130859 0.13931000232696533 0.5 0.5 0.5 0.5 0 box 1000.0999755859375 0 0 0.7135699987411499 0.23711000382900238 -0.41396999359130859 0.13931000232696533 0.5 0.5 0.5 0.5 0
quaternion_4_1_2_2 0.10000000149011612 1 1 1 -1 box 0 0 0 4 1 2 2 0.5 0.5 0.5 0.5 0 sphere 0.5 0.5 0.5 1 0 0 0 0.20000000298023224 0.5 0.5 0.5 0
quaternion_-4_-1_-2_-2 0.10000000149011612 1 1 1 -1 box 0 0 0 -4 -1 -2 -2 0.5 0.5 0.5 0.5 0 sphere 0.5 0.5 0.5 1 0 0 0 0.20000000298023224 0.5 0.5 0.5 0
quaternion_16_4_8_8 0.10000000149011612 1 1 1 -1 box 0 0 0 16 4 8 8 0.5 0.5 0.5 0.5 0 sphere 0.5 0.5 0.5 1 0 0 0 0.20000000298023224 0.5 0.5 0.5 0
