step,fixed_ms,particle_executed,particle_ms,coupling_ms,rigid_ms,broadphase_ms,narrowphase_ms,solver_ms,contacts,contained_mass,density_ms,boundary_ms,velocity_ms,hydrostatic_ms,player_ms,phase
0,7.909085,1,7.34997,7.58071,0.04978,0.011609,0.031257,0.00489,0,0,2.823253,2.553271,1.509619,0.058147,0.081268,view
1,1.016776,0,0,0.752462,0.046407,0.010839,0.028629,0.004929,0,0,2.823253,2.553271,1.509619,0.662292,0.079881,view
2,1.019368,0,0,0.750685,0.048682,0.010698,0.031008,0.005,0,0,2.823253,2.553271,1.509619,0.637169,0.089822,view
3,8.826065,1,7.679077,8.540905,0.045483,0.009719,0.028905,0.004836,0,0,2.834354,2.881255,1.506459,0.705321,0.080449,view
4,1.01175,0,0,0.724938,0.066368,0.011621,0.047256,0.005284,0,0,2.834354,2.881255,1.506459,0.625134,0.080007,view
5,1.015258,0,0,0.724527,0.04922,0.006097,0.039929,0.002704,0,0,2.834354,2.881255,1.506459,0.61432,0.100561,view
6,13.189307,1,11.658172,12.613635,0.049402,0.011181,0.030877,0.00514,0,0,3.096414,4.007999,3.983582,0.690445,0.146817,view
7,1.210912,0,0,0.866326,0.050957,0.011671,0.031491,0.005601,0,0,3.096414,4.007999,3.983582,0.772182,0.081259,view
8,1.479107,0,0,0.775696,0.394304,0.008562,0.05467,0.328842,0,0,3.096414,4.007999,3.983582,0.681411,0.081714,view
9,10.339552,1,9.035977,9.843314,0.173506,0.010802,0.14675,0.011862,4,0,2.776381,4.077465,1.739416,0.636462,0.081379,view
10,1.794002,0,0,1.159587,0.170262,0.015543,0.136763,0.015153,4,0,2.776381,4.077465,1.739416,1.015854,0.127003,view
11,2.869591,0,0,1.204702,1.195907,0.012466,0.185751,0.994542,4,0,2.776381,4.077465,1.739416,1.064865,0.124249,view
12,15.056461,1,12.897913,14.232393,0.20037,0.01569,0.156992,0.024089,12,0,3.344277,6.529174,2.408249,1.052908,0.141171,view
13,1.758498,0,0,1.061911,0.235237,0.026087,0.180038,0.025281,12,0,3.344277,6.529174,2.408249,0.896186,0.14808,view
14,1.82867,0,0,1.02089,0.271305,0.016615,0.226143,0.024758,12,0,3.344277,6.529174,2.408249,0.882941,0.119636,view
15,11.07117,1,9.467822,10.434404,0.126999,0.011114,0.098356,0.014371,12,0,2.87736,4.080683,2.061427,0.691179,0.140773,view
16,1.261319,0,0,0.763265,0.114814,0.010385,0.08842,0.013634,12,0,2.87736,4.080683,2.061427,0.670626,0.080883,view
17,1.348382,0,0,0.893905,0.123779,0.010284,0.097139,0.0137,12,0,2.87736,4.080683,2.061427,0.797827,0.082078,view
18,13.684422,1,11.860832,13.102633,0.191273,0.015308,0.152604,0.019991,12,0,3.199741,6.071124,2.167277,1.019614,0.11172,view
19,1.238861,0,0,0.78076,0.122558,0.011163,0.095081,0.013659,12,0,3.199741,6.071124,2.167277,0.656917,0.112343,view
20,1.147802,0,0,0.734632,0.094751,0.006206,0.078172,0.009395,12,0,3.199741,6.071124,2.167277,0.644378,0.079802,view
21,11.534144,1,10.106172,11.034004,0.124952,0.011325,0.096544,0.013908,12,0,2.700495,4.896832,2.092789,0.705982,0.102329,view
22,1.220588,0,0,0.768103,0.116663,0.01043,0.089857,0.014081,12,0,2.700495,4.896832,2.092789,0.672843,0.083004,view
23,1.131047,0,0,0.728933,0.099845,0.005626,0.08421,0.009343,12,0,2.700495,4.896832,2.092789,0.636655,0.082268,view
24,12.24143,1,10.650859,11.72675,0.160793,0.010807,0.122421,0.024317,12,0,2.91771,5.037334,2.275751,0.905898,0.083357,view
25,1.260435,0,0,0.773755,0.121985,0.010571,0.094831,0.014183,12,0,2.91771,5.037334,2.275751,0.679834,0.081961,view
26,1.144117,0,0,0.725414,0.094758,0.005871,0.078728,0.009435,12,0,2.91771,5.037334,2.275751,0.61856,0.096389,view
27,12.508132,1,10.971019,11.885393,0.131634,0.011113,0.102742,0.014677,12,0,2.892865,5.214452,2.346342,0.718531,0.097206,view
28,1.172064,0,0,0.741907,0.116734,0.010297,0.090596,0.013828,12,0,2.892865,5.214452,2.346342,0.647721,0.083009,view
29,1.170763,0,0,0.722352,0.100403,0.0058,0.084266,0.009615,12,0,2.892865,5.214452,2.346342,0.629754,0.082555,view
30,13.211691,1,11.844568,12.712649,0.1163,0.010005,0.090614,0.013394,12,0,3.093374,5.708022,2.596795,0.689787,0.093886,view
31,1.275302,0,0,0.816026,0.125283,0.011209,0.097094,0.014466,12,0,3.093374,5.708022,2.596795,0.720518,0.083232,view
32,1.262736,0,0,0.783586,0.108151,0.006245,0.080648,0.020438,12,0,3.093374,5.708022,2.596795,0.65974,0.112686,view
33,13.50346,1,12.051262,13.006284,0.142221,0.01111,0.112962,0.015555,12,0,3.301462,5.726583,2.591334,0.787682,0.082207,view
34,1.204445,0,0,0.770866,0.115326,0.010482,0.089256,0.013383,12,0,3.301462,5.726583,2.591334,0.678793,0.080545,view
35,1.101351,0,0,0.706835,0.096587,0.005735,0.081239,0.009052,12,0,3.301462,5.726583,2.591334,0.616991,0.080252,view
36,13.370666,1,12.10077,12.899286,0.126818,0.010141,0.101505,0.013031,12,0,3.172261,5.844296,2.602134,0.629697,0.081011,view
37,1.763525,0,0,1.127988,0.201015,0.014408,0.16201,0.021616,12,0,3.172261,5.844296,2.602134,0.975965,0.136091,view
38,1.49207,0,0,1.025383,0.129879,0.007638,0.110375,0.010526,12,0,3.172261,5.844296,2.602134,0.934174,0.080307,view
39,13.524851,1,12.214605,13.045137,0.120174,0.010005,0.094523,0.013593,12,0,3.221635,5.690349,2.83498,0.63267,0.115316,view
40,1.132418,0,0,0.718241,0.11139,0.009957,0.086711,0.012677,12,0,3.221635,5.690349,2.83498,0.621528,0.08606,view
41,1.093369,0,0,0.702787,0.096228,0.005431,0.080968,0.009281,12,0,3.221635,5.690349,2.83498,0.613371,0.079997,view
42,13.563935,1,12.329199,13.128161,0.113054,0.009945,0.08819,0.012794,12,0,3.22554,5.849496,2.821327,0.640485,0.080788,view
43,1.16166,0,0,0.751715,0.11274,0.009654,0.089957,0.011414,12,0,3.22554,5.849496,2.821327,0.661699,0.080029,view
44,1.130337,0,0,0.711158,0.118583,0.010048,0.093461,0.012927,12,0,3.22554,5.849496,2.821327,0.619798,0.08033,view
45,13.242986,1,11.977132,12.812089,0.11381,0.008896,0.090854,0.012175,12,0,3.096526,5.643785,2.806731,0.680842,0.080694,view
46,1.131555,0,0,0.717127,0.112289,0.01027,0.087158,0.01285,12,0,3.096526,5.643785,2.806731,0.62649,0.080151,view
47,1.123085,0,0,0.703373,0.110809,0.006723,0.09308,0.010311,12,0,3.096526,5.643785,2.806731,0.613549,0.079691,view
48,13.16751,1,11.945906,12.733602,0.109651,0.009427,0.086253,0.01203,12,0,3.084927,5.732796,2.700507,0.629731,0.080987,view
49,1.12431,0,0,0.714239,0.111843,0.010219,0.087081,0.012673,12,0,3.084927,5.732796,2.700507,0.623024,0.080121,view
50,1.145427,0,0,0.729537,0.110334,0.00924,0.086807,0.012353,12,0,3.084927,5.732796,2.700507,0.636815,0.081453,view
51,13.245225,1,12.01737,12.800339,0.133088,0.010051,0.108014,0.013038,12,0,3.122454,5.835669,2.629047,0.627505,0.080289,view
52,1.226889,0,0,0.775462,0.119832,0.010925,0.093707,0.013036,12,0,3.122454,5.835669,2.629047,0.676904,0.086946,view
53,1.107029,0,0,0.713706,0.098005,0.006532,0.080445,0.010244,12,0,3.122454,5.835669,2.629047,0.623249,0.080289,view
54,14.962304,1,13.584925,14.460979,0.127662,0.010599,0.10087,0.01442,12,0,3.593193,6.527204,2.958354,0.688831,0.095343,view
55,1.207319,0,0,0.773997,0.1167,0.010584,0.089518,0.014296,12,0,3.593193,6.527204,2.958354,0.682459,0.080378,view
56,1.693399,0,0,1.113934,0.230231,0.015457,0.177609,0.033881,12,0,3.593193,6.527204,2.958354,1.004037,0.091814,view
57,14.166826,1,12.863576,13.711235,0.115229,0.010089,0.089559,0.012878,12,0,3.361405,6.326427,2.710382,0.681173,0.083495,view
58,1.194193,0,0,0.776118,0.114713,0.010907,0.088478,0.013021,12,0,3.361405,6.326427,2.710382,0.684839,0.08053,view
59,1.225756,0,0,0.744268,0.177611,0.010885,0.141052,0.02324,12,0,3.361405,6.326427,2.710382,0.641387,0.090893,view
60,14.128872,1,12.804833,13.656204,0.140164,0.010601,0.114314,0.012838,12,0,3.249226,6.357158,2.735585,0.63656,0.100442,view
61,1.307858,0,0,0.814345,0.128636,0.011443,0.099645,0.015015,12,0,3.249226,6.357158,2.735585,0.710355,0.091709,view
62,1.245717,0,0,0.81715,0.101104,0.006063,0.084607,0.009795,12,0,3.249226,6.357158,2.735585,0.717595,0.088931,view
63,14.229095,1,12.882972,13.771696,0.127396,0.010807,0.100713,0.013202,12,0,3.395447,6.300409,2.760783,0.728587,0.081138,view
64,1.199079,0,0,0.785988,0.111733,0.010276,0.086615,0.012741,12,0,3.395447,6.300409,2.760783,0.694806,0.08018,view
65,1.165819,0,0,0.726127,0.091757,0.005456,0.076407,0.009287,12,0,3.395447,6.300409,2.760783,0.636342,0.08004,view
66,15.173057,1,13.762385,14.689965,0.140169,0.011307,0.100366,0.025816,12,0,3.373743,6.441269,3.356539,0.743726,0.083749,view
67,1.169949,0,0,0.757301,0.112126,0.010174,0.087318,0.012545,12,0,3.373743,6.441269,3.356539,0.638044,0.108581,view
68,1.242919,0,0,0.78541,0.10586,0.008795,0.085399,0.010463,12,0,3.373743,6.441269,3.356539,0.681423,0.092753,view
69,13.579793,1,12.311744,13.096369,0.121348,0.009454,0.097898,0.012243,12,0,3.155367,5.977493,2.722314,0.62594,0.081303,view
70,1.149504,0,0,0.734832,0.111063,0.01015,0.086827,0.012027,12,0,3.155367,5.977493,2.722314,0.644143,0.080109,view
71,1.150903,0,0,0.719638,0.091966,0.005272,0.0766,0.009557,12,0,3.155367,5.977493,2.722314,0.609184,0.10072,view
72,14.252283,1,12.850392,13.717913,0.11116,0.009817,0.087017,0.012271,12,0,3.396405,6.030267,2.918806,0.638622,0.135739,view
73,1.337838,0,0,0.852339,0.131361,0.01219,0.101634,0.015076,12,0,3.396405,6.030267,2.918806,0.747773,0.091941,view
74,1.159716,0,0,0.764335,0.093202,0.005837,0.077138,0.009379,12,0,3.396405,6.030267,2.918806,0.67418,0.080074,view
75,14.270734,1,12.907141,13.726367,0.131994,0.011119,0.10382,0.014379,12,0,3.459213,6.203127,2.807988,0.651411,0.081524,view
76,1.217202,0,0,0.773015,0.1168,0.010723,0.090012,0.013443,12,0,3.459213,6.203127,2.807988,0.67816,0.082581,view
77,1.126614,0,0,0.729798,0.096113,0.005774,0.08004,0.009563,12,0,3.459213,6.203127,2.807988,0.638159,0.080875,view
78,14.204928,1,12.626542,13.687213,0.138203,0.011409,0.110903,0.013302,12,0,3.307692,6.122799,2.740736,0.897551,0.08099,view
79,1.210795,0,0,0.777161,0.117504,0.011116,0.089926,0.014102,12,0,3.307692,6.122799,2.740736,0.682577,0.082394,view
80,1.184245,0,0,0.753898,0.09414,0.005938,0.077922,0.009219,12,0,3.307692,6.122799,2.740736,0.662182,0.080839,view
81,14.593058,1,13.238115,14.067532,0.128958,0.011725,0.092419,0.013655,12,0,3.269278,6.209541,3.270886,0.659215,0.081979,view
82,1.196717,0,0,0.71807,0.154999,0.010662,0.128333,0.013622,12,0,3.269278,6.209541,3.270886,0.625002,0.081165,view
83,1.116774,0,0,0.727207,0.092352,0.005554,0.077131,0.009061,12,0,3.269278,6.209541,3.270886,0.63702,0.080047,view
84,14.138284,1,12.688206,13.634452,0.16824,0.012182,0.13814,0.015708,12,0,3.09057,6.242066,2.917783,0.780041,0.080817,view
85,1.170484,0,0,0.761861,0.107639,0.009401,0.084742,0.011804,12,0,3.09057,6.242066,2.917783,0.670789,0.080672,view
86,1.103984,0,0,0.709833,0.097672,0.006639,0.080727,0.009431,12,0,3.09057,6.242066,2.917783,0.619142,0.080193,view
87,13.930619,1,12.707268,13.481556,0.133872,0.010029,0.10908,0.01294,12,0,3.094991,6.520007,2.666624,0.621448,0.080299,view
88,1.155881,0,0,0.731089,0.112143,0.010275,0.08743,0.012382,12,0,3.094991,6.520007,2.666624,0.639108,0.080922,view
89,1.111069,0,0,0.71321,0.099628,0.007165,0.081583,0.00988,12,0,3.094991,6.520007,2.666624,0.622153,0.080332,view
90,13.266171,1,12.05927,12.845273,0.10794,0.008876,0.086796,0.01063,12,0,3.164717,5.783494,2.679256,0.632885,0.080409,view
91,1.166476,0,0,0.742745,0.107337,0.009544,0.0842,0.011608,12,0,3.164717,5.783494,2.679256,0.652295,0.080266,view
92,1.128421,0,0,0.717246,0.105712,0.009056,0.084903,0.010213,12,0,3.164717,5.783494,2.679256,0.625789,0.080526,view
93,13.237935,1,12.012656,12.809019,0.112745,0.010046,0.087914,0.01232,12,0,3.088789,5.809761,2.685473,0.640004,0.081029,view
94,1.320322,0,0,0.854904,0.142436,0.015663,0.099668,0.024725,12,0,3.088789,5.809761,2.685473,0.719329,0.121449,view
95,1.182239,0,0,0.784504,0.09884,0.006968,0.081332,0.009497,12,0,3.088789,5.809761,2.685473,0.692736,0.08067,view
96,13.697734,1,12.441364,13.273989,0.118877,0.010019,0.0956,0.011308,12,0,3.128305,6.160487,2.721235,0.679003,0.08029,view
97,1.185508,0,0,0.75342,0.1102,0.010494,0.084993,0.012605,12,0,3.128305,6.160487,2.721235,0.662446,0.0804,view
98,1.147044,0,0,0.752292,0.097265,0.006837,0.080182,0.009184,12,0,3.128305,6.160487,2.721235,0.660981,0.080511,view
99,13.269335,1,12.054581,12.842917,0.119603,0.010231,0.09478,0.012423,12,0,3.149932,5.766947,2.709138,0.633362,0.080954,view
100,1.158867,0,0,0.731176,0.112756,0.010243,0.088416,0.011972,12,0,3.149932,5.766947,2.709138,0.640409,0.080165,view
101,1.125931,0,0,0.711294,0.096648,0.00634,0.079998,0.009551,12,0,3.149932,5.766947,2.709138,0.620934,0.080188,view
102,13.249556,1,12.004863,12.791588,0.108164,0.009398,0.085648,0.011292,12,0,3.115089,5.778131,2.688085,0.634444,0.08038,view
103,1.135985,0,0,0.725304,0.106954,0.009444,0.083989,0.011452,12,0,3.115089,5.778131,2.688085,0.635042,0.08004,view
104,1.362423,0,0,0.872797,0.165806,0.010109,0.132831,0.021095,12,0,3.115089,5.778131,2.688085,0.770409,0.090611,view
105,13.435501,1,12.192607,12.997588,0.111249,0.007492,0.091911,0.010597,12,0,3.092531,5.883345,2.771772,0.622607,0.094956,view
106,1.148471,0,0,0.737058,0.111344,0.009914,0.087393,0.011761,12,0,3.092531,5.883345,2.771772,0.645529,0.080434,view
107,1.101095,0,0,0.709468,0.096368,0.006333,0.079814,0.009435,12,0,3.092531,5.883345,2.771772,0.612591,0.086689,view
108,13.283597,1,11.976007,12.868877,0.107928,0.009194,0.085678,0.010934,12,0,3.097997,5.799719,2.657838,0.738688,0.080235,view
109,1.139608,0,0,0.729656,0.111898,0.009223,0.089835,0.011124,12,0,3.097997,5.799719,2.657838,0.638761,0.080441,view
110,1.170329,0,0,0.731606,0.10818,0.009733,0.085547,0.01087,12,0,3.097997,5.799719,2.657838,0.638889,0.080925,view
111,14.126688,1,12.851409,13.662768,0.127945,0.008467,0.106378,0.011306,12,0,3.36317,6.166673,2.89819,0.651885,0.080963,view
112,1.15737,0,0,0.732529,0.117757,0.01588,0.087789,0.011911,12,0,3.36317,6.166673,2.89819,0.640597,0.080926,view
113,1.092266,0,0,0.705399,0.091288,0.005504,0.076639,0.008606,12,0,3.36317,6.166673,2.89819,0.614854,0.080319,view
114,13.205257,1,11.981066,12.776522,0.112645,0.010018,0.088796,0.011699,12,0,3.087846,5.758847,2.709426,0.64069,0.080277,view
115,1.135001,0,0,0.734724,0.102387,0.008058,0.082592,0.010313,12,0,3.087846,5.758847,2.709426,0.644282,0.080262,view
116,1.089259,0,0,0.705623,0.090041,0.005391,0.07592,0.008114,12,0,3.087846,5.758847,2.709426,0.615622,0.080036,view
117,13.831147,1,12.59389,13.391542,0.111456,0.009743,0.08802,0.011817,12,0,3.168928,5.95936,2.98954,0.637579,0.081159,view
118,1.148508,0,0,0.728206,0.111178,0.010077,0.08723,0.011867,12,0,3.168928,5.95936,2.98954,0.637007,0.080448,view
119,1.130222,0,0,0.739827,0.096724,0.00569,0.081691,0.008717,12,0,3.168928,5.95936,2.98954,0.649996,0.079999,view
120,13.107951,1,11.901432,12.685475,0.11829,0.009868,0.09482,0.011686,12,0,3.087286,5.757904,2.632198,0.631444,0.080499,view
121,1.139814,0,0,0.735722,0.106807,0.008797,0.082936,0.013448,12,0,3.087286,5.757904,2.632198,0.645275,0.080156,over_pool
122,1.091248,0,0,0.704579,0.093055,0.005446,0.075943,0.011064,12,0,3.087286,5.757904,2.632198,0.614952,0.080005,over_pool
123,13.868178,1,12.201535,12.999437,0.548329,0.008133,0.094956,0.443008,12,0,3.270796,5.861559,2.64031,0.641208,0.081182,over_pool
124,1.205694,0,0,0.742135,0.159442,0.010329,0.099512,0.04734,8,0,3.270796,5.861559,2.64031,0.651008,0.080339,over_pool
125,1.13564,0,0,0.704979,0.137056,0.005519,0.091406,0.039631,8,0,3.270796,5.861559,2.64031,0.61086,0.084509,over_pool
126,14.665518,1,13.324842,14.150197,0.147215,0.010538,0.100428,0.034129,8,0,3.411468,6.25768,3.145391,0.639329,0.097634,over_pool
127,1.165448,0,0,0.71862,0.143941,0.010243,0.095666,0.035831,8,0,3.411468,6.25768,3.145391,0.627832,0.080276,over_pool
128,1.186427,0,0,0.768147,0.123444,0.005305,0.088,0.02961,8,0,3.411468,6.25768,3.145391,0.644023,0.114444,over_pool
129,13.701687,1,12.445414,13.248671,0.126573,0.00656,0.087533,0.031621,8,0,3.138259,5.79264,3.055556,0.618039,0.111453,over_pool
130,1.142787,0,0,0.707436,0.137443,0.009685,0.093171,0.033022,8,0,3.138259,5.79264,3.055556,0.617356,0.080023,over_pool
131,1.14382,0,0,0.710544,0.132736,0.00823,0.089204,0.033607,8,0,3.138259,5.79264,3.055556,0.619544,0.080138,over_pool
132,13.532217,1,12.193958,13.061918,0.152658,0.009333,0.105576,0.03639,8,0,3.133934,5.8666,2.767072,0.71018,0.08114,over_pool
133,1.399668,0,0,0.800838,0.213663,0.011455,0.162143,0.037726,8,0,3.133934,5.8666,2.767072,0.685159,0.103754,over_pool
134,1.29424,0,0,0.772319,0.201541,0.012691,0.10718,0.079136,8,0,3.133934,5.8666,2.767072,0.663462,0.08591,over_pool
135,15.389666,1,13.486298,14.718987,0.317818,0.017757,0.200661,0.095748,8,0,3.571492,6.652883,2.807108,1.061788,0.081232,over_pool
136,1.248361,0,0,0.774906,0.169523,0.011143,0.105859,0.050033,8,0,3.571492,6.652883,2.807108,0.683459,0.080346,over_pool
137,1.145749,0,0,0.804245,0.1652,0.01202,0.106592,0.044235,8,0,3.571492,6.652883,2.807108,0.711803,0.080659,over_pool
138,14.409823,1,13.184041,14.038735,0.145652,0.011259,0.097807,0.034241,8,0,3.459913,6.321449,2.930707,0.693201,0.08083,over_pool
139,1.071534,0,0,0.738435,0.131383,0.011432,0.091839,0.026096,8,0,3.459913,6.321449,2.930707,0.640908,0.086279,over_pool
140,1.266107,0,0,0.938734,0.150547,0.01112,0.126487,0.010329,8,0,3.459913,6.321449,2.930707,0.80892,0.117742,over_pool
141,14.946766,1,13.484441,14.585735,0.132811,0.012135,0.106419,0.011716,8,0,3.415212,6.391823,3.070107,0.886204,0.089237,over_pool
142,1.064349,0,0,0.782389,0.109425,0.011826,0.083953,0.011158,8,0,3.415212,6.391823,3.070107,0.690993,0.080262,over_pool
143,0.996539,0,0,0.74888,0.081207,0.005889,0.066887,0.007783,8,0,3.415212,6.391823,3.070107,0.6562,0.082374,over_pool
144,14.742776,1,12.889165,14.37474,0.110714,0.014734,0.079655,0.012786,8,0,3.412737,6.147702,2.875812,1.314618,0.083634,over_pool
145,1.086258,0,0,0.767495,0.10763,0.013539,0.078003,0.012995,8,0,3.412737,6.147702,2.875812,0.661669,0.093563,over_pool
146,1.01492,0,0,0.765052,0.070402,0.006327,0.056022,0.007269,8,0,3.412737,6.147702,2.875812,0.672573,0.082234,over_pool
147,14.626412,1,13.349927,14.299435,0.103184,0.01377,0.073955,0.012486,8,0,3.352353,6.529053,2.964415,0.748114,0.094176,over_pool
148,1.033924,0,0,0.75155,0.086131,0.011497,0.060701,0.011493,8,0,3.352353,6.529053,2.964415,0.659521,0.080572,over_pool
149,0.940366,0,0,0.699551,0.062193,0.005666,0.048537,0.007496,8,0,3.352353,6.529053,2.964415,0.610123,0.079465,over_pool
150,14.122684,1,12.968615,13.819579,0.08071,0.010548,0.057369,0.010564,8,0,3.451926,6.169814,2.842846,0.672932,0.090354,over_pool
151,1.06021,0,0,0.788254,0.083478,0.011283,0.058501,0.011523,8,0,3.451926,6.169814,2.842846,0.689571,0.086699,over_pool
152,0.988966,0,0,0.7585,0.058048,0.005377,0.045074,0.006945,8,0,3.451926,6.169814,2.842846,0.664267,0.084227,over_pool
153,14.444014,1,13.282473,14.163263,0.078895,0.010062,0.055632,0.010849,8,0,3.221461,6.71212,2.87925,0.685434,0.110544,over_pool
154,1.040967,0,0,0.773437,0.080595,0.010752,0.056117,0.011482,8,0,3.221461,6.71212,2.87925,0.668008,0.094217,over_pool
155,0.954191,0,0,0.708732,0.055707,0.005282,0.043171,0.006754,8,0,3.221461,6.71212,2.87925,0.618984,0.080267,over_pool
156,13.189228,1,12.095747,12.894663,0.113453,0.018715,0.082004,0.010489,8,0,3.184212,5.670653,2.792824,0.644835,0.080444,over_pool
157,0.99085,0,0,0.730792,0.079701,0.010154,0.057145,0.010341,8,0,3.184212,5.670653,2.792824,0.624335,0.096126,over_pool
158,0.945268,0,0,0.698518,0.058768,0.005265,0.046479,0.006471,8,0,3.184212,5.670653,2.792824,0.609248,0.079922,over_pool
159,16.283413,1,14.782341,15.946762,0.127078,0.014866,0.093943,0.01551,8,0,3.57131,7.743238,3.032886,0.996789,0.081075,over_pool
160,0.993534,0,0,0.740197,0.07715,0.01021,0.054249,0.010591,8,0,3.57131,7.743238,3.032886,0.649474,0.080172,over_pool
161,0.952862,0,0,0.733219,0.055646,0.005361,0.043194,0.006448,8,0,3.57131,7.743238,3.032886,0.643552,0.079973,over_pool
162,13.440792,1,12.399407,13.186564,0.079736,0.009467,0.057843,0.010409,8,0,3.12542,6.13701,2.706009,0.632804,0.083326,over_pool
163,1.118745,0,0,0.833335,0.078915,0.010197,0.05609,0.010849,8,0,3.12542,6.13701,2.706009,0.729732,0.092119,over_pool
164,1.090983,0,0,0.803985,0.065448,0.006631,0.050115,0.00788,8,0,3.12542,6.13701,2.706009,0.701416,0.091635,over_pool
165,14.320013,1,13.045234,13.967125,0.080475,0.009077,0.059098,0.010505,8,0,3.560543,6.200991,2.851261,0.738862,0.107488,over_pool
166,1.132249,0,0,0.841065,0.094258,0.011228,0.069606,0.011312,8,0,3.560543,6.200991,2.851261,0.735119,0.094235,over_pool
167,1.084561,0,0,0.827743,0.065578,0.006193,0.050755,0.007968,8,0,3.560543,6.200991,2.851261,0.722626,0.093994,over_pool
168,14.987318,1,13.904603,14.705259,0.07302,0.009455,0.051806,0.009889,8,0,3.613314,6.538927,3.239057,0.621961,0.097233,over_pool
169,1.130597,0,0,0.846459,0.072537,0.007199,0.05579,0.008753,8,0,3.613314,6.538927,3.239057,0.738337,0.096913,over_pool
170,0.976195,0,0,0.719172,0.07843,0.009749,0.055964,0.010496,8,0,3.613314,6.538927,3.239057,0.6281,0.080166,over_pool
171,13.596011,1,12.528763,13.327624,0.061538,0.006627,0.0466,0.00741,8,0,3.316306,5.928129,2.799144,0.629584,0.091568,over_pool
172,0.975691,0,0,0.720083,0.084573,0.010887,0.060228,0.011423,8,0,3.316306,5.928129,2.799144,0.629393,0.080416,over_pool
173,0.938003,0,0,0.70999,0.062928,0.00636,0.047428,0.008199,8,0,3.316306,5.928129,2.799144,0.62039,0.080037,over_pool
174,13.376407,1,12.111882,13.072174,0.123634,0.009247,0.094431,0.017983,8,0,3.131101,5.803334,2.739306,0.803639,0.080577,over_pool
175,1.031614,0,0,0.780911,0.065103,0.009509,0.042962,0.009783,8,0,3.131101,5.803334,2.739306,0.683547,0.086681,over_pool
176,0.997731,0,0,0.765777,0.054437,0.006789,0.038782,0.007998,8,0,3.131101,5.803334,2.739306,0.668656,0.086563,over_pool
177,13.917852,1,12.870599,13.662084,0.06386,0.009384,0.042221,0.010321,8,0,3.281198,6.168904,2.935309,0.622277,0.091641,over_pool
178,1.000471,0,0,0.752898,0.065709,0.010081,0.043171,0.010332,8,0,3.281198,6.168904,2.935309,0.662414,0.080245,over_pool
179,1.055961,0,0,0.812463,0.05671,0.007091,0.040403,0.008229,8,0,3.281198,6.168904,2.935309,0.709686,0.09149,over_pool
180,13.151446,1,12.140576,12.918758,0.056774,0.007473,0.03887,0.009022,8,0,3.138753,5.893138,2.678286,0.62589,0.080516,over_pool
181,1.023841,0,0,0.761895,0.065306,0.009903,0.0428,0.010476,8,0,3.138753,5.893138,2.678286,0.650798,0.100556,over_pool
182,1.05301,0,0,0.829276,0.050012,0.006254,0.035684,0.007274,8,0,3.138753,5.893138,2.678286,0.739253,0.080084,over_pool
183,13.351659,1,12.326306,13.106117,0.067027,0.009161,0.045324,0.010483,8,0,3.130221,6.076028,2.690874,0.628884,0.080346,over_pool
184,0.96676,0,0,0.729936,0.066288,0.009946,0.043655,0.010588,8,0,3.130221,6.076028,2.690874,0.638745,0.080531,over_pool
185,1.143975,0,0,0.849507,0.061374,0.007321,0.043817,0.009362,8,0,3.130221,6.076028,2.690874,0.740608,0.097048,over_pool
186,13.226694,1,12.141548,12.948198,0.06218,0.00867,0.042252,0.009368,8,0,3.242332,5.771906,2.696088,0.655088,0.080363,over_pool
187,1.141682,0,0,0.870157,0.068998,0.010123,0.046322,0.010519,8,0,3.242332,5.771906,2.696088,0.761204,0.09701,over_pool
188,1.106214,0,0,0.850628,0.057826,0.006419,0.04217,0.008456,8,0,3.242332,5.771906,2.696088,0.742077,0.097002,over_pool
189,15.455582,1,14.340815,15.134574,0.065528,0.009066,0.044543,0.010076,8,0,3.637744,6.921484,3.195188,0.632836,0.081633,over_pool
190,0.96251,0,0,0.726283,0.064903,0.009982,0.042515,0.010255,8,0,3.637744,6.921484,3.195188,0.628615,0.087177,over_pool
191,0.91301,0,0,0.701943,0.048162,0.005143,0.035855,0.006625,8,0,3.637744,6.921484,3.195188,0.609067,0.083328,over_pool
192,13.174519,1,12.113421,12.925525,0.074558,0.018172,0.044407,0.010083,8,0,3.131455,5.859785,2.690689,0.661504,0.080223,over_pool
193,0.953144,0,0,0.722581,0.061262,0.009662,0.040395,0.009244,8,0,3.131455,5.859785,2.690689,0.626325,0.086133,over_pool
194,0.912526,0,0,0.69939,0.045048,0.00502,0.03274,0.00679,8,0,3.131455,5.859785,2.690689,0.609852,0.080003,over_pool
195,13.508644,1,12.464579,13.257188,0.062555,0.009125,0.04188,0.009632,8,0,3.26709,6.016236,2.701187,0.635747,0.081372,over_pool
196,0.998953,0,0,0.72637,0.067183,0.010719,0.043687,0.01071,8,0,3.26709,6.016236,2.701187,0.635058,0.080667,over_pool
197,0.91771,0,0,0.700446,0.04616,0.005444,0.032941,0.007215,8,0,3.26709,6.016236,2.701187,0.610687,0.08022,over_pool
198,14.006821,1,12.700082,13.714414,0.092785,0.011382,0.066261,0.012581,8,0,3.345836,6.046009,2.802085,0.814366,0.089915,over_pool
199,0.992281,0,0,0.759264,0.064644,0.009867,0.043068,0.009871,8,0,3.345836,6.046009,2.802085,0.66883,0.08028,over_pool
200,0.955143,0,0,0.745908,0.045816,0.005337,0.032461,0.007362,8,0,3.345836,6.046009,2.802085,0.656412,0.079998,over_pool
201,13.448008,1,12.410219,13.187284,0.066919,0.009075,0.044723,0.010393,8,0,3.325363,5.961568,2.6891,0.618451,0.081158,over_pool
202,0.971799,0,0,0.738985,0.063328,0.010127,0.041702,0.00936,8,0,3.325363,5.961568,2.6891,0.648539,0.080147,over_pool
203,0.976226,0,0,0.765575,0.046039,0.005429,0.032945,0.006984,8,0,3.325363,5.961568,2.6891,0.675811,0.080062,over_pool
204,15.151923,1,14.053393,14.87569,0.067116,0.009409,0.045332,0.010411,8,0,3.59812,6.880155,3.035681,0.638533,0.097701,over_pool
205,1.081875,0,0,0.798713,0.075558,0.010327,0.051656,0.011067,8,0,3.59812,6.880155,3.035681,0.706984,0.080919,over_pool
206,0.960828,0,0,0.722423,0.055243,0.005541,0.041966,0.006698,8,0,3.59812,6.880155,3.035681,0.632578,0.08014,over_pool
207,13.797973,1,12.712893,13.531919,0.06724,0.010161,0.043896,0.010561,8,0,3.353042,6.059223,2.826892,0.658877,0.081144,over_pool
208,1.047137,0,0,0.795575,0.068396,0.010503,0.044473,0.011062,8,0,3.353042,6.059223,2.826892,0.702959,0.080567,over_pool
209,0.957082,0,0,0.732189,0.055448,0.005492,0.042126,0.006864,8,0,3.353042,6.059223,2.826892,0.641328,0.080164,over_pool
210,13.93435,1,12.792301,13.621453,0.058626,0.007962,0.040177,0.008875,8,0,3.312231,6.088143,2.877652,0.661489,0.082418,over_pool
211,1.020882,0,0,0.771963,0.065522,0.00961,0.042845,0.010817,8,0,3.312231,6.088143,2.877652,0.670196,0.090619,over_pool
212,0.968399,0,0,0.747488,0.053306,0.007105,0.037058,0.00784,8,0,3.312231,6.088143,2.877652,0.656589,0.08022,over_pool
213,13.344659,1,12.264873,13.052688,0.096027,0.010766,0.063223,0.019798,8,0,3.278432,5.823716,2.691494,0.628907,0.081409,over_pool
214,1.025055,0,0,0.777923,0.072898,0.010999,0.046843,0.011695,8,0,3.278432,5.823716,2.691494,0.67606,0.090409,over_pool
215,0.977587,0,0,0.747097,0.060696,0.008264,0.040167,0.010298,8,0,3.278432,5.823716,2.691494,0.656285,0.080135,over_pool
216,13.738025,1,12.585935,13.468477,0.067049,0.010837,0.043259,0.010537,8,0,3.259176,6.013432,2.837314,0.720089,0.0832,over_pool
217,0.997856,0,0,0.758077,0.066719,0.009811,0.044233,0.010573,8,0,3.259176,6.013432,2.837314,0.666629,0.080606,over_pool
218,1.240882,0,0,0.950418,0.080496,0.011112,0.055562,0.01147,8,0,3.259176,6.013432,2.837314,0.853542,0.083277,over_pool
219,13.210521,1,12.164779,12.958154,0.068412,0.009392,0.046781,0.010171,8,0,3.244193,5.810342,2.680392,0.639264,0.080219,over_pool
220,1.191648,0,0,0.893363,0.073126,0.010594,0.048421,0.01143,8,0,3.244193,5.810342,2.680392,0.776234,0.104592,over_pool
221,1.078048,0,0,0.829143,0.057785,0.007217,0.041186,0.008397,8,0,3.244193,5.810342,2.680392,0.725601,0.091595,over_pool
222,14.645234,1,13.562725,14.378248,0.064754,0.008707,0.045072,0.009504,8,0,3.578948,6.44606,3.024489,0.635615,0.098351,over_pool
223,1.112252,0,0,0.848414,0.06551,0.009115,0.045085,0.009759,8,0,3.578948,6.44606,3.024489,0.742666,0.094211,over_pool
224,0.929084,0,0,0.702279,0.050081,0.006301,0.035766,0.007318,8,0,3.578948,6.44606,3.024489,0.611822,0.080096,over_pool
225,15.28734,1,14.156611,14.995094,0.061507,0.008978,0.041729,0.009175,8,0,3.624452,6.600068,3.259121,0.620992,0.115292,over_pool
226,1.131801,0,0,0.852998,0.073651,0.011101,0.048283,0.01201,8,0,3.624452,6.600068,3.259121,0.74575,0.094864,over_pool
227,1.080259,0,0,0.832402,0.05288,0.006182,0.038162,0.007782,8,0,3.624452,6.600068,3.259121,0.726611,0.094251,over_pool
228,15.368312,1,14.260797,15.076568,0.081971,0.00864,0.061306,0.010136,8,0,3.617668,6.852347,3.273057,0.63499,0.097376,over_pool
229,1.153926,0,0,0.880601,0.070334,0.009936,0.047624,0.010772,8,0,3.617668,6.852347,3.273057,0.757801,0.110619,over_pool
230,1.072743,0,0,0.827734,0.052238,0.006161,0.037671,0.007653,8,0,3.617668,6.852347,3.273057,0.722049,0.094084,over_pool
231,16.631319,1,15.351141,16.307908,0.086947,0.01132,0.06065,0.012703,8,0,3.858103,7.634463,3.282982,0.769709,0.092761,over_pool
232,0.973664,0,0,0.721769,0.065574,0.009967,0.04328,0.010159,8,0,3.858103,7.634463,3.282982,0.630628,0.08062,over_pool
233,0.91199,0,0,0.701344,0.045677,0.005301,0.032917,0.006859,8,0,3.858103,7.634463,3.282982,0.610926,0.080495,over_pool
234,15.190408,1,14.119484,14.926893,0.061929,0.008744,0.04184,0.009386,8,0,3.684453,6.777369,3.156919,0.63204,0.09441,over_pool
235,1.108184,0,0,0.847401,0.063912,0.008724,0.044032,0.00956,8,0,3.684453,6.777369,3.156919,0.741191,0.094264,over_pool
236,1.092858,0,0,0.833796,0.064328,0.006477,0.048698,0.008121,8,0,3.684453,6.777369,3.156919,0.727902,0.094132,over_pool
237,16.76365,1,15.616719,16.457785,0.061769,0.009244,0.040984,0.009785,8,0,4.058802,7.756826,3.278438,0.655288,0.096091,over_pool
238,1.023704,0,0,0.766946,0.06821,0.010094,0.044388,0.011567,8,0,4.058802,7.756826,3.278438,0.67462,0.081206,over_pool
239,0.942994,0,0,0.726153,0.049188,0.005712,0.03602,0.006669,8,0,4.058802,7.756826,3.278438,0.635992,0.080122,over_pool
240,13.7641,1,12.531279,13.475147,0.070216,0.010594,0.045713,0.011113,8,0,3.275657,6.118234,2.69917,0.77636,0.080817,over_pool
241,0.996857,0,0,0.747966,0.068617,0.010344,0.045005,0.010908,8,0,3.275657,6.118234,2.69917,0.635838,0.100749,over_pool
242,0.968113,0,0,0.736625,0.046023,0.005334,0.032964,0.006938,8,0,3.275657,6.118234,2.69917,0.64625,0.080074,over_pool
243,13.873672,1,12.76851,13.556775,0.112321,0.010117,0.089564,0.010476,8,0,3.307364,6.121747,2.904816,0.624413,0.084546,over_pool
244,1.121307,0,0,0.840992,0.074177,0.011434,0.048753,0.011595,8,0,3.307364,6.121747,2.904816,0.733743,0.094814,over_pool
245,1.346836,0,0,1.04279,0.094058,0.010036,0.067781,0.014434,8,0,3.307364,6.121747,2.904816,0.915639,0.111436,over_pool
246,14.652327,1,13.506899,14.347346,0.066035,0.009636,0.044187,0.010003,8,0,3.367037,6.52306,3.10117,0.657618,0.09738,over_pool
247,1.333381,0,0,0.974336,0.134447,0.02594,0.084597,0.021151,8,0,3.367037,6.52306,3.10117,0.861463,0.095789,over_pool
248,1.094234,0,0,0.83945,0.055657,0.006507,0.03979,0.008228,8,0,3.367037,6.52306,3.10117,0.732408,0.09433,over_pool
249,14.870254,1,13.663909,14.584423,0.076011,0.010282,0.051321,0.01227,8,0,3.557342,6.566341,3.107212,0.75326,0.080951,over_pool
250,1.122568,0,0,0.84246,0.08128,0.010611,0.056874,0.011294,8,0,3.557342,6.566341,3.107212,0.748456,0.082219,over_pool
251,0.973067,0,0,0.72271,0.046307,0.005484,0.033217,0.006848,8,0,3.557342,6.566341,3.107212,0.632358,0.079986,over_pool
252,15.038688,1,13.98024,14.776233,0.065944,0.009534,0.044179,0.010104,8,0,3.739013,6.847264,2.923158,0.640088,0.080913,over_pool
253,0.978749,0,0,0.731607,0.06773,0.009932,0.044674,0.01088,8,0,3.739013,6.847264,2.923158,0.639843,0.080752,over_pool
254,0.92189,0,0,0.7078,0.047444,0.005164,0.035027,0.006663,8,0,3.739013,6.847264,2.923158,0.617742,0.080036,over_pool
255,15.203632,1,14.175443,14.953077,0.053369,0.006506,0.038713,0.007316,8,0,3.631957,6.953364,3.104231,0.619577,0.081517,over_pool
256,0.983837,0,0,0.727487,0.066945,0.009994,0.043887,0.010856,8,0,3.631957,6.953364,3.104231,0.629912,0.086825,over_pool
257,1.018602,0,0,0.773663,0.065621,0.008748,0.044936,0.009919,8,0,3.631957,6.953364,3.104231,0.6818,0.080548,over_pool
258,13.820037,1,12.560783,13.53239,0.07187,0.009414,0.042322,0.018136,8,0,3.324126,6.063607,2.732268,0.809904,0.083412,over_pool
259,1.001416,0,0,0.733185,0.088286,0.019598,0.05474,0.011527,8,0,3.324126,6.063607,2.732268,0.641169,0.080581,over_pool
260,0.971589,0,0,0.741473,0.053587,0.006667,0.037882,0.00806,8,0,3.324126,6.063607,2.732268,0.645729,0.084373,over_pool
261,14.391472,1,13.26267,14.111323,0.07441,0.015494,0.0461,0.010786,8,0,3.441523,6.452053,2.93551,0.688779,0.081086,over_pool
262,1.008952,0,0,0.764554,0.065603,0.009849,0.042913,0.010751,8,0,3.441523,6.452053,2.93551,0.668834,0.084695,over_pool
263,0.974724,0,0,0.725522,0.065723,0.008518,0.045344,0.009883,8,0,3.441523,6.452053,2.93551,0.633624,0.080152,over_pool
264,13.962837,1,12.682382,13.637691,0.080367,0.012148,0.052622,0.01223,8,0,3.235866,6.136942,2.804536,0.767602,0.093323,over_pool
265,1.078633,0,0,0.761368,0.130683,0.010584,0.078517,0.02056,8,0,3.235866,6.136942,2.804536,0.66853,0.081023,over_pool
266,0.933482,0,0,0.70625,0.05117,0.006311,0.036547,0.007237,8,0,3.235866,6.136942,2.804536,0.615514,0.080296,over_pool
267,13.850208,1,12.770094,13.587449,0.067405,0.00915,0.045962,0.010054,8,0,3.197336,6.242966,2.87322,0.659506,0.080996,over_pool
268,0.960359,0,0,0.721957,0.065594,0.009981,0.043412,0.010204,8,0,3.197336,6.242966,2.87322,0.631003,0.080274,over_pool
269,0.949786,0,0,0.732709,0.049717,0.006049,0.035587,0.007214,8,0,3.197336,6.242966,2.87322,0.625632,0.097091,over_pool
270,13.555399,1,12.498947,13.29363,0.064635,0.009747,0.042672,0.01031,8,0,3.230501,6.045091,2.792608,0.637671,0.08085,dip
271,1.177072,0,0,0.86491,0.095377,0.013129,0.066511,0.012936,8,0,3.230501,6.045091,2.792608,0.757281,0.094444,dip
272,1.369706,0,0,1.043278,0.093102,0.011718,0.066599,0.010839,8,0,3.230501,6.045091,2.792608,0.941165,0.089298,dip
273,15.559842,1,13.951372,15.189434,0.143154,0.018478,0.102824,0.018126,8,0,3.450416,6.973147,3.066498,1.062668,0.083454,dip
274,1.020961,0,0,0.766778,0.081531,0.010856,0.056942,0.0115,8,0,3.450416,6.973147,3.066498,0.67503,0.080614,dip
275,0.95027,0,0,0.698864,0.058063,0.005988,0.044568,0.0069,8,0,3.450416,6.973147,3.066498,0.609075,0.079998,dip
276,15.203369,1,14.135389,14.918588,0.08481,0.011013,0.061458,0.010209,8,0,3.600304,6.861523,3.189462,0.623071,0.081436,dip
277,1.568652,0,0,1.161028,0.124724,0.015763,0.08779,0.018381,8,0,3.600304,6.861523,3.189462,1.023426,0.123207,dip
278,1.20491,0,0,0.902266,0.065147,0.007071,0.04959,0.00759,8,0,3.600304,6.861523,3.189462,0.768931,0.122641,dip
279,14.320824,1,12.998079,13.96797,0.080681,0.010992,0.056852,0.010488,8,0,3.148873,6.19301,2.986383,0.777451,0.093909,dip
280,1.508937,0,0,1.248779,0.083321,0.011094,0.058772,0.011053,8,0,3.148873,6.19301,2.986383,1.154931,0.082641,dip
281,1.818677,0,0,1.592169,0.060944,0.005844,0.047684,0.006833,8,0,3.148873,6.19301,2.986383,1.50239,0.080034,dip
282,16.076728,1,13.602993,15.793438,0.086208,0.010644,0.062986,0.010387,8,0,3.4146,6.873206,2.817074,2.031862,0.081128,dip
283,3.000626,0,0,2.74148,0.086611,0.01004,0.063249,0.01089,8,0,3.4146,6.873206,2.817074,2.649983,0.080446,dip
284,4.05849,0,0,3.729747,0.134396,0.013062,0.105852,0.013628,8,0,3.4146,6.873206,2.817074,3.636612,0.080333,dip
285,17.534246,1,12.968108,17.245394,0.090734,0.010152,0.068039,0.00998,8,0,3.21942,6.33002,2.872885,4.116165,0.081375,dip
286,4.188493,0,0,3.926285,0.085675,0.010738,0.06201,0.01071,8,0,3.21942,6.33002,2.872885,3.835019,0.08024,dip
287,4.187305,0,0,3.952844,0.069211,0.005739,0.055868,0.006985,8,0,3.21942,6.33002,2.872885,3.863127,0.079988,dip
288,17.604572,1,12.976574,17.293876,0.08327,0.010242,0.06111,0.009888,8,0,3.259955,6.271223,3.006953,4.146179,0.095127,dip
289,5.024376,0,0,4.740895,0.085437,0.010459,0.062078,0.010436,8,0,3.259955,6.271223,3.006953,4.648277,0.080427,dip
290,4.772731,0,0,4.535634,0.067121,0.00655,0.052993,0.006895,8,0,3.259955,6.271223,3.006953,4.445645,0.080041,dip
291,17.221366,1,12.415085,16.977459,0.067729,0.006129,0.053729,0.007135,8,0,3.101368,6.103654,2.783855,4.410379,0.083286,dip
292,5.887082,0,0,5.581293,0.117103,0.010619,0.08342,0.020583,8,0,3.101368,6.103654,2.783855,5.462496,0.106034,dip
293,5.241334,0,0,5.005012,0.068926,0.006837,0.054223,0.007097,8,0,3.101368,6.103654,2.783855,4.91466,0.080031,dip
294,18.157966,1,12.5602,17.825652,0.084006,0.010094,0.061967,0.009891,8,0,3.146122,6.18384,2.713527,5.046574,0.116451,dip
295,5.804332,0,0,5.546356,0.085791,0.010326,0.062273,0.010997,8,0,3.146122,6.18384,2.713527,5.455194,0.080146,dip
296,5.959714,0,0,5.720557,0.069599,0.006867,0.0546,0.007114,8,0,3.146122,6.18384,2.713527,5.630356,0.080023,dip
297,22.53055,1,15.568636,22.200287,0.136956,0.010715,0.110176,0.01433,8,0,3.67855,8.384593,3.026485,6.462235,0.081788,dip
298,6.317438,0,0,6.059188,0.085851,0.010775,0.062229,0.010663,8,0,3.67855,8.384593,3.026485,5.96761,0.08018,dip
299,6.756089,0,0,6.463083,0.096571,0.027343,0.058785,0.009046,8,0,3.67855,8.384593,3.026485,6.313203,0.137441,dip
300,18.324915,1,11.692968,18.079026,0.07265,0.007122,0.056513,0.007978,8,0,2.928595,5.743181,2.604522,6.233155,0.082937,dip
301,6.698059,0,0,6.426261,0.097829,0.010655,0.072957,0.011815,8,0,2.928595,5.743181,2.604522,6.313898,0.09119,dip
302,6.292162,0,0,6.059524,0.06652,0.005769,0.053269,0.00688,8,0,2.928595,5.743181,2.604522,5.969651,0.079998,dip
303,17.815369,1,11.452927,17.576914,0.069491,0.006809,0.054617,0.007373,8,0,2.929681,5.54701,2.559207,5.971093,0.080085,dip
304,6.192684,0,0,5.933521,0.085702,0.010381,0.062577,0.010425,8,0,2.929681,5.54701,2.559207,5.841884,0.080382,dip
305,6.11265,0,0,5.869245,0.067251,0.005831,0.053666,0.007078,8,0,2.929681,5.54701,2.559207,5.779196,0.079993,dip
306,22.564028,1,16.033711,22.285835,0.083648,0.009773,0.061603,0.010204,8,0,3.148222,6.142425,6.32307,6.089716,0.083857,dip
307,6.076403,0,0,5.816263,0.088912,0.010197,0.066076,0.010379,8,0,3.148222,6.142425,6.32307,5.724885,0.080368,dip
308,5.993984,0,0,5.758516,0.069181,0.005599,0.056116,0.006836,8,0,3.148222,6.142425,6.32307,5.668633,0.080078,dip
309,21.882577,1,15.714894,21.634738,0.068544,0.006084,0.054471,0.007229,8,0,2.866467,5.937633,6.452511,5.756932,0.080602,dip
310,5.981349,0,0,5.723569,0.085942,0.010872,0.06227,0.010391,8,0,2.866467,5.937633,6.452511,5.632429,0.080185,dip
311,6.056555,0,0,5.817291,0.072134,0.005985,0.058391,0.007036,8,0,2.866467,5.937633,6.452511,5.727396,0.079974,dip
312,22.435951,1,15.816514,22.15922,0.087467,0.00988,0.065419,0.01024,8,0,2.901436,6.012029,6.483918,6.186094,0.080379,dip
313,6.165145,0,0,5.900275,0.091563,0.010845,0.067541,0.010799,8,0,2.901436,6.012029,6.483918,5.808382,0.080215,dip
314,5.887139,0,0,5.650459,0.071274,0.005844,0.057871,0.006937,8,0,2.901436,6.012029,6.483918,5.560584,0.079966,dip
315,22.336297,1,16.308273,22.069622,0.077098,0.006276,0.059187,0.00732,8,0,2.94344,6.210424,6.726924,5.604656,0.081103,dip
316,6.080609,0,0,5.821503,0.088764,0.010311,0.066255,0.010065,8,0,2.94344,6.210424,6.726924,5.730745,0.080171,dip
317,5.951205,0,0,5.714706,0.070917,0.005659,0.058109,0.006582,8,0,2.94344,6.210424,6.726924,5.624937,0.079978,dip
318,22.73352,1,16.295536,22.45758,0.08812,0.009662,0.066636,0.009749,8,0,2.929389,6.329275,6.556378,6.000913,0.080436,dip
319,6.106692,0,0,5.84309,0.090974,0.010875,0.067526,0.010349,8,0,2.929389,6.329275,6.556378,5.751312,0.080522,dip
320,5.986687,0,0,5.749436,0.071928,0.005615,0.058743,0.007001,8,0,2.929389,6.329275,6.556378,5.659538,0.080114,dip
321,22.647751,1,16.513227,22.306131,0.073718,0.006243,0.05965,0.007083,8,0,2.956478,6.130211,6.91572,5.618526,0.081294,dip
322,5.999305,0,0,5.719221,0.103318,0.013742,0.075708,0.011304,8,0,2.956478,6.130211,6.91572,5.561366,0.132244,dip
323,5.882315,0,0,5.644285,0.072615,0.006073,0.059114,0.006783,8,0,2.956478,6.130211,6.91572,5.554163,0.080005,dip
324,22.736953,1,16.407229,22.438405,0.09184,0.01033,0.065521,0.01405,8,0,3.124494,6.221657,6.64149,5.876878,0.080299,dip
325,6.039494,0,0,5.771964,0.096141,0.010512,0.073164,0.010353,8,0,3.124494,6.221657,6.64149,5.681028,0.08024,dip
326,5.877003,0,0,5.639976,0.070909,0.00567,0.057883,0.006817,8,0,3.124494,6.221657,6.64149,5.550351,0.079965,dip
327,22.791215,1,16.681316,22.493934,0.072451,0.006306,0.058482,0.006957,8,0,3.003024,6.247867,6.906014,5.654727,0.080996,dip
328,6.245084,0,0,5.868506,0.120155,0.011476,0.094732,0.011552,8,0,3.003024,6.247867,6.906014,5.771596,0.083606,dip
329,5.922572,0,0,5.643306,0.089568,0.010656,0.066933,0.009883,8,0,3.003024,6.247867,6.906014,5.550585,0.080481,dip
330,24.999411,1,18.260796,24.68748,0.095257,0.011896,0.069391,0.011489,8,0,3.226163,7.367427,7.193418,6.260478,0.081077,dip
331,6.246015,0,0,5.957123,0.090449,0.010816,0.067026,0.010284,8,0,3.226163,7.367427,7.193418,5.865704,0.080403,dip
332,6.024338,0,0,5.78856,0.071372,0.005731,0.058412,0.006559,8,0,3.226163,7.367427,7.193418,5.698789,0.079992,dip
333,23.353039,1,17.295964,23.091087,0.073336,0.006179,0.059242,0.007142,8,0,3.211814,6.812382,6.839402,5.638159,0.08131,dip
334,6.101444,0,0,5.840763,0.092365,0.010334,0.069697,0.010326,8,0,3.211814,6.812382,6.839402,5.749842,0.080213,dip
335,5.964683,0,0,5.729783,0.071018,0.005739,0.058258,0.00646,8,0,3.211814,6.812382,6.839402,5.63996,0.079965,dip
336,23.827453,1,16.783644,23.505376,0.093164,0.0096,0.071443,0.010224,8,0,3.015129,6.453366,6.887263,6.563373,0.080976,dip
337,7.091579,0,0,6.749351,0.108062,0.010867,0.082786,0.011659,8,0,3.015129,6.453366,6.887263,6.645837,0.080253,dip
338,8.321419,0,0,7.808049,0.096833,0.010678,0.072023,0.011317,8,0,3.015129,6.453366,6.887263,7.708226,0.084401,dip
339,25.255201,1,18.345259,24.88744,0.162316,0.014733,0.124743,0.018641,8,0,3.397796,7.128482,7.331318,6.371074,0.081399,dip
340,6.3644,0,0,6.067643,0.094005,0.01093,0.068987,0.011114,8,0,3.397796,7.128482,7.331318,5.972983,0.080769,dip
341,7.116513,0,0,6.805256,0.092137,0.010566,0.068272,0.010666,8,0,3.397796,7.128482,7.331318,6.578417,0.21266,dip
342,24.075867,1,17.198562,23.724851,0.153372,0.01128,0.123532,0.014788,8,0,3.137841,6.656767,6.929651,6.359868,0.081213,dip
343,6.417064,0,0,6.11428,0.098669,0.011102,0.074079,0.010718,8,0,3.137841,6.656767,6.929651,6.020912,0.08034,dip
344,6.387148,0,0,6.118248,0.098139,0.006587,0.083532,0.007201,8,0,3.137841,6.656767,6.929651,6.027564,0.080232,dip
345,24.834192,1,17.952499,24.520664,0.088323,0.009518,0.06688,0.009412,8,0,3.074671,6.995791,7.342489,6.37642,0.096177,dip
346,6.388209,0,0,6.092224,0.096957,0.011982,0.070706,0.011572,8,0,3.074671,6.995791,7.342489,5.99845,0.080567,dip
347,7.293541,0,0,6.99482,0.092967,0.010524,0.06844,0.011264,8,0,3.074671,6.995791,7.342489,6.900148,0.080645,dip
348,27.968816,1,21.028616,27.669464,0.101813,0.010865,0.077499,0.010637,8,0,3.963348,8.75545,7.822931,6.473741,0.081434,dip
349,6.201817,0,0,5.931649,0.095083,0.011024,0.071502,0.010346,8,0,3.963348,8.75545,7.822931,5.840237,0.080261,dip
350,5.94074,0,0,5.704722,0.071468,0.005629,0.05844,0.00681,8,0,3.963348,8.75545,7.822931,5.61485,0.079972,dip
351,23.925862,1,17.725549,23.641148,0.072057,0.005647,0.059162,0.006679,8,0,3.236497,7.136285,6.915931,5.758527,0.081086,dip
352,6.210652,0,0,5.874659,0.093121,0.011297,0.068192,0.011092,8,0,3.236497,7.136285,6.915931,5.772913,0.085625,dip
353,6.556318,0,0,6.279674,0.082859,0.008541,0.063523,0.00914,8,0,3.236497,7.136285,6.915931,6.188138,0.080231,dip
354,23.08767,1,16.937574,22.773674,0.074219,0.006371,0.059509,0.007417,8,0,3.007805,6.661497,6.762353,5.573778,0.148057,dip
355,5.732193,0,0,5.471451,0.08981,0.010176,0.067234,0.010284,8,0,3.007805,6.661497,6.762353,5.380406,0.08026,dip
356,5.722465,0,0,5.486901,0.071047,0.005784,0.057789,0.006934,8,0,3.007805,6.661497,6.762353,5.396944,0.080082,dip
357,23.694081,1,17.83738,23.426993,0.073447,0.006231,0.05937,0.007122,8,0,3.146571,7.097427,7.168379,5.43479,0.08146,dip
358,5.773551,0,0,5.515837,0.089638,0.010211,0.066512,0.010859,8,0,3.146571,7.097427,7.168379,5.401761,0.103412,dip
359,5.998551,0,0,5.649883,0.13022,0.009105,0.107639,0.012202,8,0,3.146571,7.097427,7.168379,5.510063,0.126483,dip
360,23.035904,1,16.927502,22.767691,0.080803,0.00771,0.063024,0.008686,8,0,3.122361,6.626908,6.752125,5.68855,0.08021,dip
361,5.89872,0,0,5.634787,0.090578,0.010457,0.067548,0.010345,8,0,3.122361,6.626908,6.752125,5.539689,0.0804,dip
362,5.707617,0,0,5.472953,0.070804,0.005583,0.057787,0.006867,8,0,3.122361,6.626908,6.752125,5.383197,0.080035,dip
363,22.942418,1,17.072321,22.675416,0.072572,0.005917,0.058613,0.007346,8,0,3.069054,6.545143,6.983976,5.439608,0.091536,dip
364,5.695711,0,0,5.435147,0.090256,0.010143,0.067469,0.010539,8,0,3.069054,6.545143,6.983976,5.343795,0.080251,dip
365,5.774371,0,0,5.53347,0.075539,0.005774,0.062294,0.006792,8,0,3.069054,6.545143,6.983976,5.443392,0.080007,dip
366,22.932461,1,16.766443,22.651562,0.0877,0.009614,0.065833,0.009814,8,0,3.063222,6.621541,6.656854,5.727674,0.083256,dip
367,5.78662,0,0,5.517552,0.089769,0.010204,0.066733,0.010512,8,0,3.063222,6.621541,6.656854,5.426255,0.080534,dip
368,5.647828,0,0,5.410666,0.07168,0.005735,0.058484,0.006839,8,0,3.063222,6.621541,6.656854,5.321008,0.079951,dip
369,22.628005,1,16.810386,22.373271,0.073738,0.00613,0.059637,0.007181,8,0,3.153273,6.434128,6.734458,5.383938,0.089458,dip
370,5.709683,0,0,5.442469,0.090586,0.010797,0.066812,0.010708,8,0,3.153273,6.434128,6.734458,5.350957,0.080282,dip
371,5.694485,0,0,5.457708,0.071689,0.005677,0.058437,0.006995,8,0,3.153273,6.434128,6.734458,5.367443,0.07997,dip
372,23.906559,1,17.166431,23.608038,0.087984,0.010012,0.065761,0.010041,8,0,3.130529,6.493429,6.990479,6.269528,0.090167,dip
373,6.138167,0,0,5.838911,0.122916,0.010415,0.087335,0.022846,8,0,3.130529,6.493429,6.990479,5.746311,0.080353,dip
374,5.950017,0,0,5.683278,0.099746,0.02759,0.059041,0.012348,8,0,3.130529,6.493429,6.990479,5.583944,0.080004,dip
375,23.305166,1,17.394933,23.023198,0.073524,0.006201,0.05897,0.007584,8,0,3.079184,6.574757,7.188058,5.462719,0.081634,dip
376,5.768146,0,0,5.504048,0.088309,0.009856,0.066047,0.010356,8,0,3.079184,6.574757,7.188058,5.413088,0.080163,dip
377,5.754156,0,0,5.517939,0.07128,0.005783,0.057844,0.007082,8,0,3.079184,6.574757,7.188058,5.42824,0.07998,dip
378,23.759672,1,17.275919,23.460892,0.095371,0.0094,0.073879,0.009972,8,0,3.093668,6.884187,6.863379,6.011874,0.080524,dip
379,5.916548,0,0,5.653057,0.09037,0.010132,0.067591,0.01037,8,0,3.093668,6.884187,6.863379,5.55845,0.080214,dip
380,5.760991,0,0,5.525054,0.071098,0.005822,0.057747,0.006977,8,0,3.093668,6.884187,6.863379,5.434845,0.080048,dip
381,23.593752,1,17.502135,23.223519,0.077652,0.006284,0.063204,0.007321,8,0,3.097448,6.615902,7.19977,5.489122,0.126054,dip
382,5.820207,0,0,5.552917,0.090437,0.010468,0.067338,0.010648,8,0,3.097448,6.615902,7.19977,5.461482,0.080198,dip
383,5.811659,0,0,5.574244,0.071331,0.005657,0.058491,0.006574,8,0,3.097448,6.615902,7.19977,5.484416,0.080071,dip
384,23.532957,1,17.057237,23.229167,0.089411,0.010287,0.066548,0.010284,8,0,3.15586,6.624917,6.837572,5.998316,0.100121,dip
385,5.984406,0,0,5.712803,0.097877,0.010154,0.074403,0.011,8,0,3.15586,6.624917,6.837572,5.62154,0.08034,dip
386,5.829462,0,0,5.583487,0.072636,0.005912,0.059058,0.006977,8,0,3.15586,6.624917,6.837572,5.493322,0.080011,dip
387,23.371598,1,17.354143,23.095547,0.073136,0.006118,0.05925,0.006994,8,0,3.125217,6.5224,7.119934,5.540343,0.095049,dip
388,5.876867,0,0,5.61128,0.089481,0.01013,0.066606,0.01073,8,0,3.125217,6.5224,7.119934,5.519536,0.080501,dip
389,5.871131,0,0,5.633496,0.071727,0.005581,0.058942,0.006623,8,0,3.125217,6.5224,7.119934,5.543762,0.079984,dip
390,23.570572,1,17.192156,23.258761,0.091803,0.00999,0.070306,0.009607,8,274.6249695,3.150771,6.704394,6.899829,5.911649,0.080537,dip
391,5.938247,0,0,5.666427,0.092227,0.010563,0.068785,0.010875,8,274.6249695,3.150771,6.704394,6.899829,5.573558,0.080766,dip
392,5.913976,0,0,5.6688,0.074659,0.006439,0.059826,0.007168,8,274.6249695,3.150771,6.704394,6.899829,5.577787,0.08028,dip
393,23.272224,1,17.237518,23.001006,0.074437,0.006352,0.060011,0.007157,8,549.249939,3.136149,6.609104,6.995348,5.605829,0.081197,dip
394,5.902707,0,0,5.636331,0.091426,0.010581,0.0677,0.010789,8,549.249939,3.136149,6.609104,6.995348,5.544415,0.080779,dip
395,5.920124,0,0,5.679454,0.072567,0.00584,0.059407,0.006615,8,549.249939,3.136149,6.609104,6.995348,5.589004,0.079959,dip
396,23.462243,1,17.194805,23.169036,0.094444,0.009616,0.072905,0.009775,8,823.8748779,3.113933,6.691869,6.954739,5.815503,0.080566,dip
397,6.268832,0,0,5.97916,0.091292,0.010258,0.068349,0.010384,8,823.8748779,3.113933,6.691869,6.954739,5.885282,0.080759,dip
398,5.889834,0,0,5.641168,0.074348,0.006012,0.059939,0.007246,8,823.8748779,3.113933,6.691869,6.954739,5.55034,0.080203,dip
399,23.143981,1,17.173622,22.847499,0.077749,0.006463,0.06305,0.00739,8,823.8748779,3.128615,6.53355,7.04126,5.506761,0.091632,dip
400,8.278198,0,0,7.879637,0.145628,0.01582,0.110284,0.016392,8,823.8748779,3.128615,6.53355,7.04126,7.74053,0.122821,dip
401,6.451745,0,0,6.157051,0.076343,0.006534,0.061171,0.007413,8,823.8748779,3.128615,6.53355,7.04126,6.065513,0.08025,dip
402,25.631495,1,19.311453,25.326646,0.096721,0.010968,0.071764,0.01132,8,823.8748779,3.55827,7.828771,7.448466,5.849106,0.081104,dip
403,6.132505,0,0,5.771369,0.123046,0.017183,0.085853,0.017748,8,823.8748779,3.55827,7.828771,7.448466,5.655479,0.100193,dip
404,6.003684,0,0,5.758001,0.074255,0.006275,0.059785,0.0073,8,823.8748779,3.55827,7.828771,7.448466,5.66157,0.085649,dip
405,23.366327,1,17.333714,23.070188,0.074876,0.006577,0.060335,0.006996,8,823.8748779,3.127099,6.594731,7.072016,5.572406,0.081544,dip
406,5.835405,0,0,5.553825,0.089576,0.010509,0.066923,0.010038,8,823.8748779,3.127099,6.594731,7.072016,5.461477,0.080813,dip
407,5.823505,0,0,5.583086,0.072575,0.005889,0.059328,0.006598,8,823.8748779,3.127099,6.594731,7.072016,5.492245,0.080126,dip
408,24.070806,1,17.66835,23.663758,0.123904,0.009092,0.104131,0.008837,8,823.8748779,3.245779,6.601243,7.275839,5.744496,0.142281,dip
409,6.165165,0,0,5.724705,0.131768,0.012999,0.096282,0.019416,8,823.8748779,3.245779,6.601243,7.275839,5.598594,0.109939,dip
410,6.60039,0,0,6.074954,0.174478,0.017896,0.134308,0.018726,8,823.8748779,3.245779,6.601243,7.275839,5.914868,0.1383,dip
411,26.413941,1,18.385582,26.07295,0.094191,0.011104,0.069514,0.010901,8,823.8748779,3.374194,6.971947,7.487096,7.517586,0.08212,dip
412,6.235417,0,0,5.944793,0.093045,0.011035,0.068895,0.010949,8,823.8748779,3.374194,6.971947,7.487096,5.850242,0.08166,dip
413,6.087202,0,0,5.837227,0.075306,0.006403,0.060625,0.007323,8,823.8748779,3.374194,6.971947,7.487096,5.743902,0.081881,dip
414,25.249397,1,18.53451,24.939702,0.09539,0.010691,0.071309,0.011001,8,823.8748779,3.551751,7.108884,7.419802,6.221867,0.081265,dip
415,6.268252,0,0,5.951201,0.094796,0.010719,0.069877,0.011371,8,823.8748779,3.551751,7.108884,7.419802,5.856042,0.081819,dip
416,6.1583,0,0,5.891518,0.078123,0.006435,0.062505,0.007834,8,823.8748779,3.551751,7.108884,7.419802,5.796939,0.082886,dip
417,24.732694,1,18.385724,24.41188,0.081043,0.007938,0.06301,0.008506,8,823.8748779,3.308697,6.948227,7.675084,5.855372,0.08298,dip
418,6.562912,0,0,6.205848,0.097062,0.010975,0.073181,0.010465,8,823.8748779,3.308697,6.948227,7.675084,6.066645,0.125711,dip
419,6.039356,0,0,5.779265,0.073159,0.005981,0.059454,0.006741,8,823.8748779,3.308697,6.948227,7.675084,5.688073,0.080187,dip
420,24.303069,1,17.783369,23.944652,0.128449,0.025425,0.089522,0.010744,8,1098.499878,3.184571,7.189433,6.969442,5.957178,0.123541,dip
421,6.070202,0,0,5.796572,0.090433,0.01014,0.067207,0.010912,8,1098.499878,3.184571,7.189433,6.969442,5.704031,0.08101,dip
422,5.901927,0,0,5.655442,0.074599,0.006122,0.060196,0.007145,8,1098.499878,3.184571,7.189433,6.969442,5.564173,0.080324,dip
423,23.242583,1,17.179198,22.977262,0.073924,0.0062,0.060015,0.006914,8,1373.124878,3.164099,6.571154,6.924188,5.616887,0.100503,dip
424,5.895975,0,0,5.627257,0.089626,0.009913,0.067151,0.010438,8,1373.124878,3.164099,6.571154,6.924188,5.534851,0.080975,dip
425,5.843373,0,0,5.598812,0.073838,0.00612,0.059983,0.006899,8,1373.124878,3.164099,6.571154,6.924188,5.50817,0.080311,dip
426,23.393733,1,17.104661,23.113533,0.090209,0.008822,0.069689,0.00992,8,1373.124878,3.124528,6.68891,6.856698,5.850424,0.080538,dip
427,5.962489,0,0,5.6927,0.089419,0.010071,0.066677,0.010602,8,1373.124878,3.124528,6.68891,6.856698,5.600393,0.080776,dip
428,5.895226,0,0,5.648626,0.074687,0.006088,0.060735,0.00693,8,1373.124878,3.124528,6.68891,6.856698,5.557878,0.080347,dip
429,22.873773,1,16.893912,22.618985,0.074116,0.006133,0.059908,0.007145,8,1373.124878,3.120982,6.554592,6.786616,5.566091,0.090526,dip
430,5.970111,0,0,5.701972,0.088845,0.00989,0.066303,0.010386,8,1373.124878,3.120982,6.554592,6.786616,5.609901,0.080599,dip
431,5.865209,0,0,5.620316,0.073541,0.005951,0.059687,0.006925,8,1373.124878,3.120982,6.554592,6.786616,5.526481,0.083634,dip
432,24.261773,1,17.787782,23.966735,0.09321,0.009018,0.072137,0.009928,8,1373.124878,3.1785,6.68954,7.366501,6.019119,0.081297,dip
433,5.954962,0,0,5.679942,0.094328,0.010297,0.071757,0.01004,8,1373.124878,3.1785,6.68954,7.366501,5.587709,0.080607,dip
434,5.875359,0,0,5.628661,0.074334,0.006306,0.060016,0.00699,8,1373.124878,3.1785,6.68954,7.366501,5.538251,0.080229,dip
435,23.067006,1,17.091681,22.816838,0.077858,0.006354,0.063464,0.007151,8,1373.124878,3.147088,6.635115,6.839778,5.566085,0.080196,dip
436,5.905869,0,0,5.630766,0.089523,0.01038,0.066427,0.010531,8,1373.124878,3.147088,6.635115,6.839778,5.538856,0.080093,dip
437,5.843108,0,0,5.603749,0.072246,0.005909,0.058579,0.007074,8,1373.124878,3.147088,6.635115,6.839778,5.513572,0.080016,dip
438,23.718929,1,17.263137,23.383155,0.086514,0.009185,0.065978,0.009555,8,1373.124878,3.146638,6.668415,7.009295,5.946024,0.099923,dip
439,5.818471,0,0,5.556984,0.08933,0.009642,0.067329,0.010341,8,1373.124878,3.146638,6.668415,7.009295,5.466074,0.080174,dip
440,5.934621,0,0,5.692966,0.073239,0.006071,0.059162,0.007138,8,1373.124878,3.146638,6.668415,7.009295,5.602801,0.080032,dip
441,23.539333,1,17.505578,23.221458,0.073279,0.006098,0.059608,0.006822,8,1647.749878,3.280789,6.804601,6.966173,5.530045,0.109958,dip
442,6.13373,0,0,5.827413,0.132917,0.010315,0.109725,0.010667,8,1647.749878,3.280789,6.804601,6.966173,5.735739,0.08034,dip
443,5.960394,0,0,5.696711,0.096776,0.005971,0.083129,0.006976,8,1647.749878,3.280789,6.804601,6.966173,5.606655,0.079967,dip
444,23.960802,1,17.639732,23.677926,0.091595,0.008691,0.071602,0.009341,8,1922.374878,3.226074,6.827458,7.14931,5.873883,0.084937,dip
445,5.923305,0,0,5.654337,0.09584,0.010081,0.072938,0.010613,8,1922.374878,3.226074,6.827458,7.14931,5.563056,0.080454,dip
446,5.851454,0,0,5.611573,0.072666,0.006174,0.058968,0.006742,8,1922.374878,3.226074,6.827458,7.14931,5.521396,0.079966,dip
447,23.490501,1,17.254637,23.173214,0.074572,0.006427,0.059463,0.007865,8,1922.374878,3.2433,6.653698,6.876804,5.728729,0.080463,dip
448,5.875094,0,0,5.612649,0.090386,0.010114,0.067468,0.010626,8,1922.374878,3.2433,6.653698,6.876804,5.521586,0.080132,dip
449,5.797957,0,0,5.558251,0.072778,0.00602,0.059178,0.006875,8,1922.374878,3.2433,6.653698,6.876804,5.468083,0.080037,dip
450,23.508017,1,17.315995,23.215414,0.086043,0.009249,0.065823,0.009088,8,1922.374878,3.135111,6.785435,6.961508,5.743552,0.080408,dip
451,6.109939,0,0,5.845812,0.090107,0.010227,0.067542,0.01028,8,1922.374878,3.135111,6.785435,6.961508,5.754281,0.080078,dip
452,5.903633,0,0,5.661944,0.073444,0.006175,0.059225,0.007322,8,1922.374878,3.135111,6.785435,6.961508,5.571572,0.07993,dip
453,23.248069,1,17.183401,22.969834,0.073797,0.00633,0.059166,0.00755,8,1922.374878,3.171047,6.594941,6.945628,5.609946,0.106043,dip
454,5.982224,0,0,5.695545,0.089742,0.009931,0.067328,0.010233,8,1922.374878,3.171047,6.594941,6.945628,5.604215,0.080177,dip
455,5.844709,0,0,5.600938,0.072619,0.00587,0.059321,0.00667,8,1922.374878,3.171047,6.594941,6.945628,5.510696,0.080021,dip
456,23.779554,1,17.393484,23.497432,0.091533,0.009123,0.071218,0.00937,8,1922.374878,3.137095,6.797794,7.023552,5.948446,0.080403,dip
457,6.421715,0,0,6.134445,0.090698,0.010205,0.067834,0.010282,8,1922.374878,3.137095,6.797794,7.023552,6.041226,0.080268,dip
458,5.997865,0,0,5.753368,0.073852,0.006242,0.059932,0.006974,8,1922.374878,3.137095,6.797794,7.023552,5.662765,0.080061,dip
459,23.638353,1,17.282302,23.391766,0.073897,0.0063,0.059489,0.007377,8,1922.374878,3.180769,6.687551,6.976607,5.96016,0.080119,dip
460,5.960171,0,0,5.652177,0.090216,0.010419,0.067191,0.010333,8,1922.374878,3.180769,6.687551,6.976607,5.560301,0.080124,dip
461,5.832786,0,0,5.590725,0.075873,0.006025,0.062173,0.006965,8,1922.374878,3.180769,6.687551,6.976607,5.50023,0.080014,dip
462,23.850532,1,17.458573,23.567719,0.092097,0.008998,0.071674,0.009325,8,1922.374878,3.135262,6.800554,7.088024,5.953682,0.080324,dip
463,5.969787,0,0,5.703922,0.089362,0.009831,0.067239,0.010217,8,1922.374878,3.135262,6.800554,7.088024,5.61285,0.080176,dip
464,5.871526,0,0,5.632281,0.072458,0.006092,0.05872,0.006861,8,1922.374878,3.135262,6.800554,7.088024,5.542256,0.080007,dip
465,23.346059,1,17.275608,23.063164,0.073143,0.00616,0.059121,0.007099,8,2196.999756,3.180131,6.695084,6.948114,5.606871,0.111569,dip
466,5.881532,0,0,5.612207,0.094397,0.014522,0.066332,0.011515,8,2196.999756,3.180131,6.695084,6.948114,5.514561,0.083498,dip
467,5.884594,0,0,5.642213,0.075135,0.008856,0.058553,0.006977,8,2196.999756,3.180131,6.695084,6.948114,5.552065,0.079947,dip
468,24.057763,1,17.71901,23.783481,0.083159,0.008577,0.06467,0.008304,8,2196.999756,3.198006,6.826638,7.254248,5.907309,0.080861,dip
469,6.155617,0,0,5.865881,0.096088,0.010917,0.071085,0.011143,8,2196.999756,3.198006,6.826638,7.254248,5.763959,0.082687,dip
470,6.159535,0,0,5.837974,0.089209,0.009668,0.067723,0.009469,8,2196.999756,3.198006,6.826638,7.254248,5.743827,0.081418,dip
471,25.694698,1,19.507613,25.381814,0.096585,0.011217,0.071222,0.011181,8,2196.999756,3.361125,7.782486,7.898843,5.70788,0.081453,dip
472,6.075143,0,0,5.81511,0.089471,0.010069,0.067064,0.01033,8,2196.999756,3.361125,7.782486,7.898843,5.693532,0.110447,dip
473,5.947726,0,0,5.708511,0.072164,0.0058,0.058957,0.006756,8,2196.999756,3.361125,7.782486,7.898843,5.614353,0.084167,dip
474,24.475072,1,17.880804,24.16183,0.084145,0.00785,0.066634,0.008112,8,2196.999756,3.139437,6.917865,7.331435,6.114642,0.080773,dip
475,5.932597,0,0,5.665465,0.089922,0.010239,0.067406,0.010255,8,2196.999756,3.139437,6.917865,7.331435,5.57414,0.080074,dip
476,6.055402,0,0,5.813693,0.074134,0.006189,0.059471,0.007581,8,2196.999756,3.139437,6.917865,7.331435,5.723309,0.079991,dip
477,24.142429,1,18.15444,23.861469,0.072927,0.006095,0.059278,0.006812,8,2196.999756,3.36714,6.986117,7.347049,5.515722,0.110879,dip
478,6.054929,0,0,5.787225,0.091796,0.011027,0.068108,0.010481,8,2196.999756,3.36714,6.986117,7.347049,5.695546,0.080226,dip
479,6.553142,0,0,6.204744,0.110024,0.011979,0.082987,0.011432,8,2196.999756,3.36714,6.986117,7.347049,6.079757,0.10992,dip
480,27.225137,1,19.342628,26.931191,0.094803,0.01094,0.070875,0.010369,8,2196.999756,3.376268,7.826428,7.690411,7.403013,0.092288,upright
481,6.231895,0,0,5.893874,0.096958,0.01093,0.072603,0.010778,8,2196.999756,3.376268,7.826428,7.690411,5.797689,0.081177,upright
482,5.629909,0,0,5.333035,0.078174,0.006826,0.062566,0.007558,8,2196.999756,3.376268,7.826428,7.690411,5.240424,0.080831,upright
483,25.895334,1,19.793601,25.476752,0.135496,0.011503,0.084503,0.034938,8,2196.999756,3.319421,7.718111,8.264982,5.468798,0.09261,upright
484,6.548447,0,0,6.080893,0.181953,0.035786,0.081458,0.061587,8,2196.999756,3.319421,7.718111,8.264982,5.914813,0.14586,upright
485,6.632037,0,0,5.944288,0.403647,0.008621,0.080618,0.311631,8,2196.999756,3.319421,7.718111,8.264982,5.845359,0.082892,upright
486,23.050706,1,15.961658,22.455302,0.397419,0.009102,0.082313,0.30319,8,2196.999756,3.425961,7.329011,4.73161,6.327394,0.081106,upright
487,6.973859,0,0,6.12489,0.568689,0.019633,0.145035,0.400303,8,2196.999756,3.425961,7.329011,4.73161,6.016445,0.092997,upright
488,6.279056,0,0,5.774765,0.301468,0.009622,0.085337,0.20422,9,2196.999756,3.425961,7.329011,4.73161,5.679825,0.082418,upright
489,22.215667,1,15.309005,21.449152,0.535493,0.008784,0.10914,0.414207,8,2196.999756,3.312263,6.960192,4.510705,5.966137,0.084061,upright
490,6.275404,0,0,5.627184,0.422007,0.008569,0.081407,0.329109,8,2196.999756,3.312263,6.960192,4.510705,5.531462,0.081716,upright
491,6.828105,0,0,6.187574,0.395974,0.009183,0.085288,0.29866,8,2196.999756,3.312263,6.960192,4.510705,6.070598,0.101025,upright
492,21.91703,1,15.017669,20.930193,0.762617,0.01032,0.148046,0.600926,8,2196.999756,3.40836,7.393023,3.739193,5.738078,0.08389,upright
493,8.085551,0,0,7.378686,0.424346,0.008248,0.077848,0.335586,8,2196.999756,3.40836,7.393023,3.739193,7.283333,0.081024,upright
494,6.952005,0,0,6.249268,0.477886,0.007819,0.077619,0.390033,8,2196.999756,3.40836,7.393023,3.739193,6.15451,0.080817,upright
495,21.468749,1,15.007072,20.87057,0.393458,0.006449,0.068712,0.316947,8,2471.624756,3.328801,6.762019,4.471793,5.70454,0.081044,upright
496,7.003756,0,0,6.273998,0.530917,0.00889,0.121616,0.396952,8,2471.624756,3.328801,6.762019,4.471793,6.180285,0.080628,upright
497,6.007033,0,0,5.499353,0.335684,0.005265,0.066564,0.262984,8,2471.624756,3.328801,6.762019,4.471793,5.4082,0.08005,upright
498,20.44986,1,13.916654,19.907578,0.353544,0.006848,0.07122,0.273524,8,2471.624756,3.101943,6.844427,3.52816,5.836031,0.080689,upright
499,6.263349,0,0,5.919418,0.151003,0.010655,0.074564,0.063262,8,2471.624756,3.101943,6.844427,3.52816,5.822531,0.084272,upright
500,6.292278,0,0,5.958267,0.114604,0.009207,0.073359,0.029574,8,2471.624756,3.101943,6.844427,3.52816,5.844882,0.100184,upright
501,19.387411,1,13.14743,19.09314,0.102945,0.008551,0.071874,0.020556,8,2471.624756,3.177541,6.396485,3.057377,5.779979,0.087254,upright
502,6.380828,0,0,6.079918,0.10981,0.01031,0.074342,0.02277,8,2471.624756,3.177541,6.396485,3.057377,5.986485,0.0804,upright
503,6.297635,0,0,6.03172,0.092812,0.006632,0.067292,0.018123,8,2471.624756,3.177541,6.396485,3.057377,5.90909,0.11198,upright
504,19.773996,1,13.053655,19.453309,0.106158,0.009202,0.073029,0.021445,8,2471.624756,3.090391,6.538656,2.976815,6.243383,0.080389,upright
505,6.654844,0,0,6.369571,0.109326,0.009979,0.07375,0.023349,8,2471.624756,3.090391,6.538656,2.976815,6.278012,0.080328,upright
506,6.632979,0,0,6.341183,0.101475,0.008712,0.069831,0.020773,8,2471.624756,3.090391,6.538656,2.976815,6.244139,0.084027,upright
507,24.061126,1,17.388017,23.743807,0.101952,0.007436,0.074529,0.018772,8,2471.624756,3.077609,6.692933,7.138029,6.176182,0.091158,upright
508,6.242197,0,0,5.970827,0.091752,0.010422,0.068689,0.010409,8,2471.624756,3.077609,6.692933,7.138029,5.875594,0.084196,upright
509,6.452425,0,0,6.181911,0.087066,0.007738,0.068229,0.00877,8,2471.624756,3.077609,6.692933,7.138029,6.089655,0.080335,upright
510,23.922224,1,17.212928,23.625557,0.097293,0.008075,0.078734,0.009071,8,2471.624756,3.120413,6.475169,7.156354,6.239464,0.081385,upright
511,6.735074,0,0,6.398485,0.096576,0.010651,0.072581,0.010756,8,2471.624756,3.120413,6.475169,7.156354,6.304993,0.080421,upright
512,6.640948,0,0,6.380022,0.081269,0.00684,0.064963,0.008126,8,2471.624756,3.120413,6.475169,7.156354,6.288699,0.080243,upright
513,24.596744,1,17.575246,24.230686,0.097116,0.009552,0.076263,0.009134,8,2471.624756,3.285898,7.064033,6.74657,6.482107,0.091942,upright
514,6.100557,0,0,5.832096,0.095625,0.010937,0.071872,0.010527,8,2471.624756,3.285898,7.064033,6.74657,5.732997,0.087786,upright
515,6.326132,0,0,6.055932,0.08734,0.007972,0.068623,0.008999,8,2471.624756,3.285898,7.064033,6.74657,5.963625,0.080176,upright
516,23.527859,1,17.048309,23.206794,0.11219,0.009119,0.081097,0.019553,8,2471.624756,3.195523,6.40661,7.009856,5.997188,0.081324,upright
517,6.856725,0,0,6.533735,0.096081,0.010569,0.073047,0.01006,8,2471.624756,3.195523,6.40661,7.009856,6.417065,0.103198,upright
518,6.182795,0,0,5.931531,0.077534,0.006228,0.063453,0.00695,8,2471.624756,3.195523,6.40661,7.009856,5.841351,0.080041,upright
519,23.798665,1,17.613468,23.504362,0.100414,0.007109,0.084676,0.007609,8,2471.624756,3.145111,6.657558,7.376486,5.729274,0.081029,upright
520,6.043754,0,0,5.775232,0.096061,0.010662,0.072546,0.010424,8,2471.624756,3.145111,6.657558,7.376486,5.683592,0.080294,upright
521,6.614202,0,0,6.342873,0.087993,0.008145,0.069264,0.008996,8,2471.624756,3.145111,6.657558,7.376486,6.250052,0.080205,upright
522,24.111745,1,17.622839,23.821254,0.094022,0.009664,0.072016,0.010022,8,2471.624756,3.425183,6.72397,6.978231,6.035862,0.081311,upright
523,6.423692,0,0,6.075783,0.097963,0.010459,0.075192,0.010218,8,2471.624756,3.425183,6.72397,6.978231,5.968563,0.095783,upright
524,6.492674,0,0,6.102439,0.188931,0.020172,0.145951,0.019525,8,2471.624756,3.425183,6.72397,6.978231,6.008737,0.080422,upright
525,23.387887,1,17.211436,23.118267,0.079943,0.006442,0.064615,0.007912,8,2471.624756,3.209268,6.568922,7.005805,5.71221,0.116641,upright
526,6.233744,0,0,5.94283,0.093618,0.010208,0.071399,0.009932,8,2471.624756,3.209268,6.568922,7.005805,5.851519,0.0802,upright
527,5.941179,0,0,5.694453,0.077362,0.006086,0.063218,0.007306,8,2471.624756,3.209268,6.568922,7.005805,5.604277,0.079948,upright
528,23.105741,1,17.219676,22.837217,0.077539,0.006208,0.063684,0.006867,8,2471.624756,3.194257,6.67053,6.9212,5.460161,0.080692,upright
529,6.28836,0,0,5.997817,0.095183,0.010206,0.07208,0.010429,8,2471.624756,3.194257,6.67053,6.9212,5.904272,0.080793,upright
530,6.386174,0,0,6.084537,0.102153,0.00956,0.080301,0.010035,8,2471.624756,3.194257,6.67053,6.9212,5.9715,0.100602,upright
531,23.274165,1,17.172832,22.977483,0.093799,0.008062,0.075194,0.0088,8,2471.624756,3.180378,6.595387,6.94541,5.603696,0.100972,upright
532,5.831634,0,0,5.571877,0.091602,0.010562,0.068974,0.010064,8,2471.624756,3.180378,6.595387,6.94541,5.480746,0.080334,upright
533,5.860801,0,0,5.620545,0.076199,0.005753,0.062769,0.007051,8,2471.624756,3.180378,6.595387,6.94541,5.530413,0.079954,upright
534,22.11349,1,15.80957,21.774603,0.088505,0.009149,0.068573,0.009036,8,2471.624756,3.113889,6.643328,5.619694,5.80756,0.080521,upright
535,6.467194,0,0,6.158825,0.095446,0.010499,0.072013,0.010538,8,2471.624756,3.113889,6.643328,5.619694,6.066316,0.080417,upright
536,8.597445,0,0,8.148364,0.168161,0.015963,0.132566,0.01604,8,2471.624756,3.113889,6.643328,5.619694,8.000713,0.127592,upright
537,26.638124,1,18.060704,26.204487,0.112664,0.011082,0.07254,0.025891,8,2471.624756,3.737615,8.492963,5.167799,7.886751,0.122805,upright
538,6.08837,0,0,5.819212,0.095175,0.010614,0.071738,0.01061,8,2471.624756,3.737615,8.492963,5.167799,5.727536,0.080425,upright
539,5.967558,0,0,5.6873,0.075658,0.005626,0.062762,0.006685,8,2471.624756,3.737615,8.492963,5.167799,5.597262,0.080084,upright
540,21.487461,1,14.748187,21.203867,0.086362,0.008278,0.067635,0.008985,8,2471.624756,3.174606,6.804862,4.338323,6.299933,0.080628,upright
541,6.095606,0,0,5.824926,0.094226,0.010071,0.0713,0.010737,8,2471.624756,3.174606,6.804862,4.338323,5.733092,0.080335,upright
542,5.938405,0,0,5.690916,0.078189,0.006158,0.063878,0.00738,8,2471.624756,3.174606,6.804862,4.338323,5.600496,0.080061,upright
543,20.578002,1,14.675862,20.316674,0.077745,0.0062,0.063357,0.007382,8,2471.624756,3.302155,6.807364,4.134202,5.484484,0.080945,upright
544,6.003808,0,0,5.67613,0.09751,0.010895,0.072751,0.010833,8,2471.624756,3.302155,6.807364,4.134202,5.58114,0.080911,upright
545,5.809572,0,0,5.513187,0.100616,0.011784,0.074698,0.011421,8,2471.624756,3.302155,6.807364,4.134202,5.418012,0.080325,upright
546,23.512057,1,17.64867,23.211068,0.099134,0.011476,0.073969,0.010942,8,2471.624756,3.666452,8.13615,5.402004,5.370855,0.091948,upright
547,7.167951,0,0,6.73976,0.201182,0.017761,0.160616,0.019142,8,2471.624756,3.666452,8.13615,5.402004,6.587893,0.122347,upright
548,6.083977,0,0,5.774867,0.097419,0.010787,0.073608,0.01021,8,2471.624756,3.666452,8.13615,5.402004,5.679609,0.080997,upright
549,22.121307,1,16.08459,21.822403,0.09689,0.010891,0.072714,0.010659,8,2471.624756,3.470456,7.487053,4.67203,5.540555,0.109638,upright
550,5.826227,0,0,5.555548,0.095653,0.010428,0.072281,0.010842,8,2471.624756,3.470456,7.487053,4.67203,5.463655,0.080347,upright
551,6.235293,0,0,5.901708,0.108191,0.010901,0.083071,0.01142,8,2471.624756,3.470456,7.487053,4.67203,5.803464,0.08327,upright
552,22.580023,1,15.497208,22.25466,0.115349,0.026885,0.074196,0.011189,8,2471.624756,3.370258,6.787882,4.783974,6.540525,0.094078,upright
553,6.748035,0,0,6.297104,0.179011,0.013752,0.134048,0.027019,8,2471.624756,3.370258,6.787882,4.783974,6.18833,0.093873,upright
554,5.776526,0,0,5.463181,0.084254,0.007039,0.067103,0.008614,8,2471.624756,3.370258,6.787882,4.783974,5.371407,0.080132,upright
555,22.858548,1,17.04496,22.577034,0.087724,0.008318,0.068471,0.009103,8,2471.624756,3.485204,7.134091,5.982902,5.347442,0.106313,upright
556,5.595878,0,0,5.333057,0.092007,0.010465,0.069011,0.010596,8,2471.624756,3.485204,7.134091,5.982902,5.238098,0.083612,upright
557,5.542658,0,0,5.298541,0.077268,0.005817,0.063317,0.007391,8,2471.624756,3.485204,7.134091,5.982902,5.208235,0.079989,upright
558,22.792927,1,16.339247,22.518632,0.085766,0.008005,0.067405,0.008782,8,2471.624756,3.276766,6.69684,5.789816,6.024838,0.080721,upright
559,6.068421,0,0,5.77743,0.09424,0.010442,0.071167,0.010379,8,2471.624756,3.276766,6.69684,5.789816,5.68622,0.080277,upright
560,5.641814,0,0,5.390267,0.077941,0.006132,0.06367,0.007344,8,2471.624756,3.276766,6.69684,5.789816,5.300068,0.080084,upright
561,22.27679,1,16.681873,22.009994,0.07851,0.006341,0.063888,0.007542,8,2471.624756,3.229497,6.777005,6.236599,5.169465,0.081466,upright
562,5.632707,0,0,5.363434,0.093675,0.010666,0.070156,0.010775,8,2471.624756,3.229497,6.777005,6.236599,5.272287,0.080157,upright
563,5.514377,0,0,5.272404,0.075419,0.005728,0.062414,0.006665,8,2471.624756,3.229497,6.777005,6.236599,5.182414,0.079976,upright
564,21.118809,1,15.483377,20.839586,0.088805,0.006427,0.074245,0.007409,8,2471.624756,3.368673,6.682397,4.99543,5.19752,0.081913,upright
565,5.926422,0,0,5.642648,0.096035,0.010617,0.071873,0.010894,8,2471.624756,3.368673,6.682397,4.99543,5.54824,0.081215,upright
566,5.927777,0,0,5.677234,0.079435,0.006442,0.065013,0.0071,8,2471.624756,3.368673,6.682397,4.99543,5.586657,0.080027,upright
567,22.093318,1,16.450586,21.819007,0.08366,0.006728,0.068202,0.00787,8,2471.624756,3.290158,6.594266,6.128409,5.210934,0.08118,upright
568,5.560266,0,0,5.295751,0.093416,0.01095,0.069474,0.010853,8,2471.624756,3.290158,6.594266,6.128409,5.204178,0.080325,upright
569,5.538955,0,0,5.27449,0.076494,0.005836,0.063019,0.006945,8,2471.624756,3.290158,6.594266,6.128409,5.18395,0.080146,upright
570,21.952779,1,16.085209,21.631316,0.131728,0.01185,0.10419,0.013221,8,2471.624756,3.322248,6.630739,5.697751,5.381529,0.080603,lift
571,6.499246,0,0,6.196965,0.095019,0.010023,0.071794,0.010636,8,2471.624756,3.322248,6.630739,5.697751,6.098706,0.080434,lift
572,5.687811,0,0,5.438078,0.078182,0.00634,0.063857,0.007189,8,2471.624756,3.322248,6.630739,5.697751,5.347546,0.080051,lift
573,19.637455,1,13.90332,19.369759,0.07911,0.006544,0.064207,0.007444,8,2471.624756,3.376192,6.861637,3.227762,5.310298,0.08117,lift
574,5.648822,0,0,5.385749,0.091045,0.01064,0.068109,0.010107,8,2471.624756,3.376192,6.861637,3.227762,5.293882,0.080397,lift
575,5.426251,0,0,5.182293,0.076906,0.006086,0.06278,0.007166,8,2471.624756,3.376192,6.861637,3.227762,5.091813,0.08003,lift
576,19.145371,1,12.874097,18.818894,0.138482,0.01133,0.113715,0.010298,8,2471.624756,3.173819,6.251789,3.013459,5.788256,0.080239,lift
577,5.327295,0,0,5.02612,0.100094,0.011223,0.07504,0.011318,8,2471.624756,3.173819,6.251789,3.013459,4.929077,0.082849,lift
578,5.936784,0,0,5.626992,0.105346,0.010895,0.081754,0.010206,8,2471.624756,3.173819,6.251789,3.013459,5.533225,0.080266,lift
579,17.983024,1,13.069593,17.724119,0.069336,0.006621,0.054208,0.0076,8,2471.624756,3.238629,6.31324,3.060061,4.497323,0.081192,lift
580,4.961531,0,0,4.654776,0.08726,0.01195,0.061579,0.010691,8,2471.624756,3.238629,6.31324,3.060061,4.560431,0.08094,lift
581,4.843454,0,0,4.562568,0.083251,0.010499,0.060735,0.009887,8,2471.624756,3.238629,6.31324,3.060061,4.468664,0.080401,lift
582,17.25338,1,12.408306,16.931511,0.08459,0.010722,0.061255,0.010454,8,2471.624756,3.143759,6.009791,2.787211,4.366086,0.080494,lift
583,4.307903,0,0,4.045303,0.086575,0.010247,0.063624,0.010597,8,2471.624756,3.143759,6.009791,2.787211,3.953721,0.080156,lift
584,4.028981,0,0,3.728257,0.090228,0.00675,0.075187,0.007508,8,2471.624756,3.143759,6.009791,2.787211,3.599694,0.117615,lift
585,16.620534,1,12.710638,16.362834,0.068653,0.006564,0.053208,0.008059,8,2471.624756,3.259066,5.994904,3.003346,3.496045,0.081,lift
586,3.891603,0,0,3.639515,0.08109,0.010768,0.058286,0.010078,8,2471.624756,3.259066,5.994904,3.003346,3.54863,0.080076,lift
587,3.471379,0,0,3.224155,0.075772,0.016216,0.052184,0.006733,8,2471.624756,3.259066,5.994904,3.003346,3.124746,0.089254,lift
588,15.443713,1,12.382005,15.180491,0.080925,0.010197,0.059404,0.009573,8,2471.624756,3.170798,5.882458,2.795002,2.642715,0.080678,lift
589,4.226483,0,0,3.96655,0.085809,0.009996,0.063072,0.010611,8,2471.624756,3.170798,5.882458,2.795002,3.875334,0.080182,lift
590,3.373327,0,0,3.102324,0.077941,0.016924,0.052895,0.007245,8,2471.624756,3.170798,5.882458,2.795002,2.990969,0.100858,lift
591,16.214124,1,13.119775,15.926228,0.09117,0.007237,0.065245,0.01771,8,2471.624756,3.23415,6.47525,2.976033,2.646813,0.081223,lift
592,3.489231,0,0,3.239979,0.079646,0.010152,0.057514,0.00996,8,2471.624756,3.23415,6.47525,2.976033,3.149021,0.080128,lift
593,3.030066,0,0,2.793516,0.065568,0.006315,0.051746,0.006841,8,2471.624756,3.23415,6.47525,2.976033,2.703703,0.079997,lift
594,15.241916,1,12.062206,14.993329,0.075191,0.009658,0.054184,0.009489,8,2471.624756,3.057641,5.842148,2.733294,2.778801,0.080413,lift
595,3.38579,0,0,3.115266,0.079464,0.011215,0.055272,0.011059,8,2471.624756,3.057641,5.842148,2.733294,3.01402,0.089372,lift
596,3.062721,0,0,2.832994,0.063705,0.005863,0.05012,0.007037,8,2471.624756,3.057641,5.842148,2.733294,2.742827,0.080005,lift
597,15.054552,1,12.06486,14.824843,0.063118,0.006635,0.04808,0.007662,8,2471.624756,3.091645,5.788481,2.750897,2.608373,0.080297,lift
598,3.003118,0,0,2.728,0.081208,0.010184,0.05785,0.011135,8,2471.624756,3.091645,5.788481,2.750897,2.636271,0.080174,lift
599,2.992586,0,0,2.76429,0.061829,0.006229,0.047583,0.007237,8,2471.624756,3.091645,5.788481,2.750897,2.669782,0.083877,lift
600,15.988955,1,12.972884,15.734064,0.063553,0.007005,0.048391,0.007294,8,2471.624756,3.245601,5.948053,3.271467,2.60115,0.081324,lift
601,2.945248,0,0,2.696919,0.07886,0.010769,0.055676,0.010406,8,2471.624756,3.245601,5.948053,3.271467,2.605852,0.080091,lift
602,3.13612,0,0,2.867038,0.068665,0.008368,0.050694,0.008116,8,2471.624756,3.245601,5.948053,3.271467,2.753418,0.100635,lift
603,15.076933,1,12.051496,14.808419,0.071561,0.008908,0.051856,0.009058,8,2471.624756,3.061149,5.844545,2.698497,2.567557,0.114618,lift
604,2.919566,0,0,2.663422,0.079443,0.010905,0.056029,0.010376,8,2471.624756,3.061149,5.844545,2.698497,2.570938,0.080973,lift
605,2.946168,0,0,2.714845,0.065115,0.006489,0.050743,0.007141,8,2471.624756,3.061149,5.844545,2.698497,2.624074,0.08031,lift
606,15.884764,1,12.929673,15.629972,0.061594,0.006322,0.047477,0.007052,8,2471.624756,3.650782,6.159667,2.694001,2.538885,0.082771,lift
607,2.892815,0,0,2.640723,0.078028,0.011154,0.054488,0.010411,8,2471.624756,3.650782,6.159667,2.694001,2.548352,0.081416,lift
608,3.897016,0,0,3.120722,0.100768,0.009487,0.079303,0.009807,8,2471.624756,3.650782,6.159667,2.694001,2.988752,0.119208,lift
609,15.239392,1,12.062231,14.802864,0.087985,0.007592,0.070019,0.009068,8,2471.624756,3.020777,5.773732,2.719557,2.558753,0.093133,lift
610,2.872817,0,0,2.619325,0.077301,0.010365,0.054412,0.010493,8,2471.624756,3.020777,5.773732,2.719557,2.516835,0.091117,lift
611,2.868976,0,0,2.641216,0.062173,0.006321,0.047661,0.007421,8,2471.624756,3.020777,5.773732,2.719557,2.539812,0.090873,lift
612,15.776203,1,12.713766,15.51044,0.076937,0.008181,0.059842,0.007688,8,2471.624756,3.059619,6.439567,2.778312,2.610878,0.0978,lift
613,2.897158,0,0,2.648766,0.077533,0.010751,0.054407,0.010262,8,2471.624756,3.059619,6.439567,2.778312,2.54238,0.095334,lift
614,3.289617,0,0,2.870636,0.066433,0.007978,0.04945,0.007876,8,2471.624756,3.059619,6.439567,2.778312,2.75364,0.105352,lift
615,15.625152,1,12.611482,15.362876,0.07044,0.008124,0.051464,0.009241,8,2471.624756,3.220064,5.836461,3.129372,2.573293,0.098255,lift
616,2.867797,0,0,2.620854,0.076564,0.010463,0.053792,0.010383,8,2471.624756,3.220064,5.836461,3.129372,2.514384,0.09491,lift
617,2.855497,0,0,2.631101,0.059275,0.005923,0.045911,0.006789,8,2471.624756,3.220064,5.836461,3.129372,2.525998,0.094902,lift
618,15.57524,1,12.444554,15.320257,0.071728,0.008741,0.052002,0.009295,8,2471.624756,3.074559,6.281017,2.668065,2.704333,0.096925,lift
619,2.912046,0,0,2.6403,0.092023,0.011122,0.066883,0.011698,8,2471.624756,3.074559,6.281017,2.668065,2.530687,0.097671,lift
620,3.643454,0,0,3.391576,0.068681,0.008056,0.05089,0.008246,8,2471.624756,3.074559,6.281017,2.668065,3.285211,0.095333,lift
621,15.570033,1,12.75591,15.315697,0.063826,0.00656,0.048417,0.007909,8,2471.624756,3.109754,6.288625,2.932691,2.380528,0.098892,lift
622,2.809042,0,0,2.559796,0.076864,0.010233,0.054019,0.010478,8,2471.624756,3.109754,6.288625,2.932691,2.453369,0.09537,lift
623,2.688423,0,0,2.460903,0.060158,0.006004,0.046443,0.007031,8,2471.624756,3.109754,6.288625,2.932691,2.35589,0.094831,lift
624,14.790908,1,11.95248,14.516409,0.074285,0.009241,0.05336,0.009587,8,2471.624756,3.086872,5.739745,2.700593,2.396085,0.095819,lift
625,3.077044,0,0,2.735413,0.115991,0.014482,0.082636,0.015773,8,2471.624756,3.086872,5.739745,2.700593,2.573408,0.148234,lift
626,2.617609,0,0,2.38974,0.059959,0.005987,0.046282,0.006939,8,2471.624756,3.086872,5.739745,2.700593,2.275291,0.104298,lift
627,15.186471,1,12.493183,14.932302,0.063535,0.007047,0.047652,0.008032,8,2471.624756,3.09731,6.156022,2.808423,2.265072,0.09727,lift
628,2.605662,0,0,2.358145,0.076437,0.010366,0.053597,0.010493,8,2471.624756,3.09731,6.156022,2.808423,2.251507,0.095354,lift
629,2.570043,0,0,2.339395,0.059303,0.005604,0.045576,0.007591,8,2471.624756,3.09731,6.156022,2.808423,2.23448,0.094782,lift
630,14.679248,1,11.988291,14.426335,0.074582,0.009516,0.053257,0.009825,8,2471.624756,3.056345,5.795397,2.644349,2.269109,0.096099,lift
631,2.789251,0,0,2.537933,0.077654,0.009809,0.054634,0.011108,8,2471.624756,3.056345,5.795397,2.644349,2.431208,0.095391,lift
632,2.421485,0,0,2.190486,0.063831,0.005783,0.050353,0.007082,8,2471.624756,3.056345,5.795397,2.644349,2.085609,0.094728,lift
633,15.366942,1,12.793982,15.113191,0.06335,0.006745,0.047425,0.008337,8,2471.624756,3.186116,6.399759,2.77896,2.145541,0.09757,lift
634,2.237486,0,0,1.979302,0.08011,0.011106,0.056998,0.010132,8,2471.624756,3.186116,6.399759,2.77896,1.868448,0.099547,lift
635,2.292,0,0,2.063862,0.059617,0.005709,0.046015,0.007397,8,2471.624756,3.186116,6.399759,2.77896,1.959886,0.09385,lift
636,14.944602,1,12.647493,14.685756,0.074623,0.009832,0.053014,0.009834,8,2471.624756,3.287947,6.078799,2.833912,1.858338,0.10027,lift
637,2.007081,0,0,1.633072,0.120381,0.018515,0.081315,0.017837,8,2471.624756,3.287947,6.078799,2.833912,1.479455,0.138853,lift
638,1.713786,0,0,1.428274,0.090589,0.006421,0.075843,0.007578,8,2471.624756,3.287947,6.078799,2.833912,1.323165,0.094632,lift
639,14.081056,1,12.44182,13.849114,0.061953,0.006403,0.047012,0.007772,8,2471.624756,3.172678,6.04798,2.772477,1.242355,0.094314,lift
640,1.154611,0,0,0.897431,0.08096,0.010526,0.057802,0.010535,8,2471.624756,3.172678,6.04798,2.772477,0.792615,0.093376,lift
641,1.154889,0,0,0.928437,0.061048,0.006322,0.046682,0.007271,8,2471.624756,3.172678,6.04798,2.772477,0.824133,0.093428,lift
642,14.156629,1,12.890267,13.869727,0.064603,0.006239,0.050705,0.006977,8,2471.624756,3.261304,6.211553,2.990565,0.80363,0.095909,lift
643,1.079982,0,0,0.766678,0.075547,0.010806,0.05241,0.010387,8,2471.624756,3.261304,6.211553,2.990565,0.66149,0.094049,lift
644,1.021708,0,0,0.791653,0.060674,0.006132,0.046416,0.007414,8,2471.624756,3.261304,6.211553,2.990565,0.687584,0.093344,lift
645,13.561044,1,12.445706,13.303153,0.074502,0.009263,0.052982,0.010263,8,2471.624756,3.18379,6.019988,2.798822,0.681428,0.098698,lift
646,1.026182,0,0,0.776088,0.077854,0.010475,0.05399,0.011073,8,2471.624756,3.18379,6.019988,2.798822,0.671658,0.093119,lift
647,0.988334,0,0,0.756829,0.061054,0.0063,0.04663,0.007479,8,2471.624756,3.18379,6.019988,2.798822,0.652915,0.093275,lift
648,14.466677,1,13.172177,14.143054,0.068437,0.007256,0.052344,0.008095,8,2471.624756,3.214277,6.549185,2.981433,0.735965,0.150762,lift
649,1.094782,0,0,0.844257,0.075234,0.010428,0.052661,0.010209,8,2471.624756,3.214277,6.549185,2.981433,0.73961,0.093426,lift
650,1.039243,0,0,0.789379,0.060494,0.006158,0.046538,0.007129,8,2471.624756,3.214277,6.549185,2.981433,0.685719,0.092874,lift
651,14.80014,1,13.554503,14.508294,0.081469,0.010046,0.058553,0.010979,8,2471.624756,3.397914,6.408279,3.107418,0.759022,0.108134,lift
652,1.164112,0,0,0.881245,0.087576,0.011863,0.061618,0.011792,8,2471.624756,3.397914,6.408279,3.107418,0.761772,0.106687,lift
653,1.127891,0,0,0.869585,0.069727,0.007141,0.053581,0.008053,8,2471.624756,3.397914,6.408279,3.107418,0.75134,0.10619,lift
654,14.327366,1,13.204816,14.064164,0.061019,0.006405,0.046484,0.007463,8,2471.624756,3.36786,6.431237,2.975695,0.688384,0.095657,lift
655,1.17524,0,0,0.899266,0.082741,0.010879,0.058871,0.011005,8,2471.624756,3.36786,6.431237,2.975695,0.779864,0.107045,lift
656,1.359123,0,0,1.032703,0.147299,0.022121,0.087183,0.035491,8,2471.624756,3.36786,6.431237,2.975695,0.926384,0.094585,lift
657,15.367596,1,14.251916,15.11842,0.063332,0.00671,0.047826,0.00799,8,2471.624756,3.611779,6.924436,3.194671,0.659659,0.130226,lift
658,1.16552,0,0,0.887815,0.083813,0.010868,0.059477,0.011444,8,2471.624756,3.611779,6.924436,3.194671,0.768713,0.106403,lift
659,1.029239,0,0,0.803866,0.055749,0.005249,0.043646,0.006372,8,2471.624756,3.611779,6.924436,3.194671,0.700788,0.092737,lift
660,15.080388,1,13.445897,14.765127,0.116672,0.011496,0.089666,0.011944,8,2471.624756,3.592191,6.573289,2.837003,1.104474,0.095824,lift
661,1.075215,0,0,0.825038,0.077807,0.010623,0.054189,0.01074,8,2471.624756,3.592191,6.573289,2.837003,0.720308,0.0934,lift
662,0.999414,0,0,0.778343,0.057006,0.005453,0.043996,0.006914,8,2471.624756,3.592191,6.573289,2.837003,0.675952,0.092282,lift
663,15.668538,1,14.429894,15.374464,0.097819,0.010608,0.073828,0.011314,8,2471.624756,3.436698,7.616607,2.943424,0.769902,0.094849,lift
664,1.028459,0,0,0.775608,0.078764,0.010758,0.055377,0.010556,8,2471.624756,3.436698,7.616607,2.943424,0.671621,0.092796,lift
665,1.050293,0,0,0.794012,0.090879,0.006031,0.077103,0.007162,8,2471.624756,3.436698,7.616607,2.943424,0.690514,0.092934,lift
666,13.95662,1,12.614672,13.624973,0.082856,0.008962,0.055882,0.016589,8,2471.624756,3.206225,6.243688,2.730428,0.840596,0.094097,lift
667,1.1684,0,0,0.879801,0.089282,0.012749,0.062296,0.011984,8,2471.624756,3.206225,6.243688,2.730428,0.760933,0.10626,lift
668,1.162375,0,0,0.889225,0.082377,0.008229,0.06048,0.012989,8,2471.624756,3.206225,6.243688,2.730428,0.735733,0.139581,lift
669,14.843533,1,13.672667,14.563164,0.079,0.009883,0.056126,0.010752,8,2471.624756,3.355442,6.63932,3.182198,0.712213,0.095804,lift
670,1.214346,0,0,0.941961,0.091235,0.012318,0.062886,0.012552,8,2471.624756,3.355442,6.63932,3.182198,0.835254,0.094257,lift
671,1.204978,0,0,0.854826,0.088879,0.005821,0.074632,0.007743,8,2471.624756,3.355442,6.63932,3.182198,0.734474,0.109635,lift
672,14.915419,1,13.580002,14.562557,0.084087,0.010146,0.061113,0.010586,8,2471.624756,3.278402,6.444159,3.262098,0.702215,0.163902,lift
673,1.510817,0,0,1.168197,0.148902,0.02584,0.094692,0.02508,8,2471.624756,3.278402,6.444159,3.262098,1.018227,0.11657,lift
674,1.011423,0,0,0.779393,0.063968,0.005809,0.050471,0.007009,8,2471.624756,3.278402,6.444159,3.262098,0.677018,0.091729,lift
675,14.894693,1,13.556417,14.55499,0.078921,0.01066,0.055325,0.01076,8,2471.624756,3.529185,6.463173,3.122887,0.820246,0.095806,lift
676,1.133831,0,0,0.851335,0.085509,0.011994,0.059358,0.011751,8,2471.624756,3.529185,6.463173,3.122887,0.734448,0.103607,lift
677,1.082685,0,0,0.822051,0.063595,0.00594,0.049499,0.007583,8,2471.624756,3.529185,6.463173,3.122887,0.708319,0.102191,lift
678,18.652565,1,17.095372,18.269077,0.180347,0.030213,0.1302,0.016705,8,2471.624756,4.233049,9.063315,3.3522,0.922923,0.142743,lift
679,1.101887,0,0,0.805927,0.0934,0.011309,0.067294,0.012452,8,2471.624756,4.233049,9.063315,3.3522,0.68175,0.112662,lift
680,0.980654,0,0,0.761714,0.056827,0.005464,0.044345,0.006426,8,2471.624756,4.233049,9.063315,3.3522,0.660238,0.091184,lift
681,13.584644,1,12.55329,13.356079,0.061252,0.006364,0.046411,0.007824,8,2471.624756,3.190607,6.06092,2.805432,0.641409,0.092267,lift
682,1.010524,0,0,0.76351,0.075912,0.010247,0.053174,0.010532,8,2471.624756,3.190607,6.06092,2.805432,0.661191,0.091397,lift
683,1.008398,0,0,0.767449,0.066961,0.00664,0.052211,0.007185,8,2471.624756,3.190607,6.06092,2.805432,0.654237,0.102452,lift
684,13.470978,1,12.354168,13.225826,0.071559,0.009137,0.051538,0.008972,8,2471.624756,3.121456,6.041342,2.758443,0.70408,0.093446,lift
685,1.002488,0,0,0.760122,0.069662,0.009138,0.049499,0.009323,8,2471.624756,3.121456,6.041342,2.758443,0.656027,0.092889,lift
686,0.976977,0,0,0.751315,0.060473,0.006166,0.046595,0.007072,8,2471.624756,3.121456,6.041342,2.758443,0.647694,0.092817,lift
687,13.772621,1,12.669573,13.515418,0.078606,0.009217,0.057537,0.010048,8,2471.624756,3.240788,6.150087,2.845841,0.678744,0.093261,lift
688,1.136184,0,0,0.87106,0.094294,0.010174,0.062826,0.010058,8,2471.624756,3.240788,6.150087,2.845841,0.766791,0.09289,lift
689,1.020221,0,0,0.772513,0.073776,0.013639,0.05179,0.007634,8,2471.624756,3.240788,6.150087,2.845841,0.65265,0.109209,lift
690,14.144123,1,13.006977,13.884558,0.072211,0.008624,0.05212,0.009444,8,2471.624756,3.300865,6.329332,2.935745,0.6622,0.135379,lift
691,1.124417,0,0,0.857798,0.081563,0.009527,0.06083,0.009626,8,2471.624756,3.300865,6.329332,2.935745,0.743069,0.102712,lift
692,1.202628,0,0,0.899696,0.072953,0.008347,0.054356,0.008932,8,2471.624756,3.300865,6.329332,2.935745,0.78158,0.105428,lift
693,14.362734,1,13.229352,14.07951,0.076455,0.00977,0.054501,0.010232,8,2471.624756,3.297854,6.454132,2.981447,0.669459,0.106539,lift
694,1.023778,0,0,0.776881,0.076654,0.01035,0.054228,0.010197,8,2471.624756,3.297854,6.454132,2.981447,0.668155,0.09211,lift
695,0.972169,0,0,0.747147,0.060531,0.006087,0.04675,0.006983,8,2471.624756,3.297854,6.454132,2.981447,0.644989,0.091715,lift
696,14.445792,1,13.349898,14.200479,0.072822,0.009379,0.052506,0.009283,8,2471.624756,3.438263,6.44069,3.041772,0.685729,0.092599,lift
697,1.011705,0,0,0.772594,0.071275,0.009499,0.050626,0.009263,8,2471.624756,3.438263,6.44069,3.041772,0.670015,0.091708,lift
698,1.744785,0,0,1.340738,0.125057,0.011699,0.096678,0.015087,8,2471.624756,3.438263,6.44069,3.041772,1.150469,0.172621,lift
699,13.773327,1,12.634641,13.497762,0.077158,0.009867,0.054353,0.01078,8,2471.624756,3.168143,6.04411,2.900781,0.660992,0.103537,lift
700,1.021647,0,0,0.775334,0.075864,0.010003,0.053629,0.010302,8,2471.624756,3.168143,6.04411,2.900781,0.672282,0.09172,lift
701,0.972092,0,0,0.740749,0.060102,0.006115,0.046492,0.00687,8,2471.624756,3.168143,6.04411,2.900781,0.638384,0.091766,lift
702,15.800724,1,14.520279,15.506081,0.085919,0.011016,0.062203,0.010774,8,2471.624756,3.625565,7.014533,3.359803,0.78785,0.112276,lift
703,1.153787,0,0,0.87939,0.077761,0.009932,0.056511,0.009925,8,2471.624756,3.625565,7.014533,3.359803,0.758306,0.108083,lift
704,1.125478,0,0,0.867976,0.065694,0.00648,0.051234,0.007451,8,2471.624756,3.625565,7.014533,3.359803,0.748483,0.107484,lift
705,15.266899,1,14.00488,14.973406,0.092139,0.010683,0.068288,0.011253,8,2471.624756,3.480898,7.012454,2.960808,0.793095,0.094239,lift
706,0.993977,0,0,0.75151,0.074652,0.010029,0.052315,0.010375,8,2471.624756,3.480898,7.012454,2.960808,0.648517,0.091883,lift
707,0.956529,0,0,0.73797,0.055916,0.005343,0.043739,0.006269,8,2471.624756,3.480898,7.012454,2.960808,0.63653,0.09115,lift
708,15.020909,1,13.849414,14.748654,0.074378,0.009661,0.053023,0.009953,8,2471.624756,3.49925,6.688811,3.15285,0.708575,0.108737,lift
709,1.175163,0,0,0.876445,0.082639,0.01075,0.05901,0.010828,8,2471.624756,3.49925,6.688811,3.15285,0.754938,0.108601,lift
710,1.47708,0,0,1.152279,0.108203,0.008709,0.084877,0.013424,8,2471.624756,3.49925,6.688811,3.15285,0.965007,0.17236,lift
711,14.497151,1,13.363405,14.207036,0.075798,0.009939,0.053829,0.009871,8,2471.624756,3.365145,6.288625,3.253977,0.66848,0.094526,lift
712,0.998799,0,0,0.753577,0.075646,0.010086,0.05267,0.010821,8,2471.624756,3.365145,6.288625,3.253977,0.650605,0.091628,lift
713,0.994779,0,0,0.774679,0.056483,0.005308,0.04426,0.006442,8,2471.624756,3.365145,6.288625,3.253977,0.673494,0.090704,lift
714,14.223137,1,12.969438,13.937426,0.08305,0.010147,0.060147,0.010698,8,2471.624756,3.270252,6.273396,2.917268,0.772995,0.108844,lift
715,1.173806,0,0,0.889242,0.084854,0.011044,0.059861,0.01193,8,2471.624756,3.270252,6.273396,2.917268,0.767588,0.108022,lift
716,1.12256,0,0,0.865165,0.079333,0.006013,0.05653,0.016122,8,2471.624756,3.270252,6.273396,2.917268,0.76074,0.093709,lift
717,15.688375,1,14.388767,15.372824,0.08287,0.008715,0.063054,0.009725,8,2471.624756,3.56944,7.037288,3.26947,0.780179,0.110116,lift
718,1.051174,0,0,0.800155,0.076719,0.010259,0.054053,0.010449,8,2471.624756,3.56944,7.037288,3.26947,0.697467,0.09142,lift
719,1.090404,0,0,0.866036,0.059684,0.006137,0.045782,0.006987,8,2471.624756,3.56944,7.037288,3.26947,0.764193,0.091441,lift
720,14.260221,1,13.020997,13.971149,0.093558,0.018748,0.061514,0.011309,8,2471.624756,3.36822,6.408125,2.811817,0.776786,0.094145,lift
721,1.120443,0,0,0.851972,0.07761,0.010703,0.054309,0.010495,8,2471.624756,3.36822,6.408125,2.811817,0.707456,0.133051,lift
722,1.079561,0,0,0.818873,0.057551,0.00553,0.044776,0.006404,8,2471.624756,3.36822,6.408125,2.811817,0.717101,0.091245,lift
723,14.429526,1,13.165779,14.108957,0.081157,0.009418,0.060087,0.009633,8,2471.624756,3.458605,6.31487,2.941312,0.76364,0.095714,lift
724,1.097979,0,0,0.835631,0.080227,0.011274,0.055213,0.011364,8,2471.624756,3.458605,6.31487,2.941312,0.702245,0.12009,lift
725,0.988321,0,0,0.763172,0.05709,0.005727,0.043896,0.006606,8,2471.624756,3.458605,6.31487,2.941312,0.635407,0.116256,lift
726,14.261356,1,13.108298,13.986369,0.083848,0.009992,0.061115,0.01052,8,2471.624756,3.254122,6.356016,3.018373,0.706031,0.093612,lift
727,1.083554,0,0,0.831877,0.077407,0.010354,0.054575,0.010324,8,2471.624756,3.254122,6.356016,3.018373,0.698605,0.12156,lift
728,1.065648,0,0,0.832031,0.068987,0.006032,0.055363,0.006986,8,2471.624756,3.254122,6.356016,3.018373,0.72104,0.100035,lift
729,13.669921,1,12.596407,13.41385,0.062166,0.006675,0.047183,0.007448,8,2471.624756,3.247171,6.09755,2.81895,0.647784,0.093402,lift
730,1.017002,0,0,0.767584,0.077783,0.010318,0.054611,0.010534,8,2471.624756,3.247171,6.09755,2.81895,0.664893,0.091444,lift
731,1.03681,0,0,0.791314,0.07395,0.009092,0.052928,0.009965,8,2471.624756,3.247171,6.09755,2.81895,0.680197,0.099164,lift
732,13.920597,1,12.799742,13.654196,0.07972,0.009309,0.058349,0.009967,8,2471.624756,3.136202,6.381807,2.845821,0.684045,0.093399,lift
733,1.203802,0,0,0.938417,0.078508,0.010522,0.054087,0.011497,8,2471.624756,3.136202,6.381807,2.845821,0.834541,0.092221,lift
734,1.352412,0,0,1.074188,0.083241,0.010607,0.059886,0.010413,8,2471.624756,3.136202,6.381807,2.845821,0.969141,0.092729,lift
735,14.43082,1,13.288808,14.140589,0.084602,0.010344,0.06096,0.010799,8,2471.624756,3.388562,6.504437,2.937259,0.674978,0.094949,lift
736,1.477461,0,0,1.136924,0.11584,0.01511,0.08219,0.015687,8,2471.624756,3.388562,6.504437,2.937259,0.984098,0.137747,lift
737,1.458086,0,0,1.112379,0.087794,0.00843,0.068549,0.009939,8,2471.624756,3.388562,6.504437,2.937259,0.961426,0.138086,lift
738,14.765905,1,13.29178,14.444087,0.078747,0.010365,0.054796,0.01128,8,2471.624756,3.521968,6.346413,2.985021,0.976445,0.094617,lift
739,1.69725,0,0,1.355641,0.088019,0.010473,0.064783,0.010309,8,2471.624756,3.521968,6.346413,2.985021,1.180102,0.153227,lift
740,1.577321,0,0,1.167871,0.160082,0.014458,0.117774,0.02529,8,2471.624756,3.521968,6.346413,2.985021,0.996845,0.146661,lift
741,19.135603,1,17.835533,18.778949,0.083997,0.010223,0.060619,0.010695,8,2471.624756,3.950513,9.309962,3.993091,0.688305,0.149967,lift
742,1.371548,0,0,0.983926,0.129559,0.017794,0.090521,0.018066,8,2471.624756,3.950513,9.309962,3.993091,0.814965,0.151108,lift
743,1.301448,0,0,0.926723,0.11472,0.011831,0.087922,0.013867,8,2471.624756,3.950513,9.309962,3.993091,0.743003,0.166117,lift
744,14.343587,1,13.192982,14.070312,0.082706,0.010196,0.059848,0.010419,8,2471.624756,3.343333,6.479511,2.933784,0.703693,0.094479,lift
745,1.024373,0,0,0.77276,0.076629,0.009845,0.05481,0.010203,8,2471.624756,3.343333,6.479511,2.933784,0.669411,0.09212,lift
746,0.970575,0,0,0.753115,0.055367,0.005529,0.043126,0.00622,8,2471.624756,3.343333,6.479511,2.933784,0.651684,0.091254,lift
747,13.800836,1,12.675843,13.516198,0.096059,0.013725,0.064188,0.016202,8,2471.624756,3.187508,6.142762,2.875668,0.663839,0.094553,lift
748,0.996117,0,0,0.752239,0.074808,0.010056,0.053,0.010103,8,2471.624756,3.187508,6.142762,2.875668,0.648651,0.092538,lift
749,0.970473,0,0,0.740115,0.062382,0.005738,0.04958,0.006548,8,2471.624756,3.187508,6.142762,2.875668,0.634012,0.095695,lift
750,13.868843,1,12.773123,13.605655,0.073964,0.009077,0.053044,0.009907,8,2471.624756,3.260329,6.249673,2.806619,0.657223,0.094249,carry
751,0.984882,0,0,0.742644,0.074258,0.0098,0.05275,0.009703,8,2471.624756,3.260329,6.249673,2.806619,0.634141,0.096919,carry
752,0.970478,0,0,0.74185,0.056142,0.005519,0.043526,0.006567,8,2471.624756,3.260329,6.249673,2.806619,0.625789,0.105518,carry
753,14.450158,1,13.249408,14.151879,0.078393,0.010267,0.054803,0.011068,8,2471.624756,3.33827,6.549608,2.923517,0.731484,0.091391,carry
754,1.062803,0,0,0.815987,0.075272,0.010326,0.053025,0.009889,8,2471.624756,3.33827,6.549608,2.923517,0.715391,0.089239,carry
755,1.159047,0,0,0.901987,0.067788,0.007433,0.051793,0.007711,8,2471.624756,3.33827,6.549608,2.923517,0.788713,0.101348,carry
756,14.174713,1,13.095871,13.915088,0.074055,0.00953,0.052295,0.010216,8,2471.624756,3.290105,6.45495,2.911059,0.65529,0.086962,carry
757,1.170781,0,0,0.875293,0.092313,0.012157,0.065926,0.01187,8,2471.624756,3.290105,6.45495,2.911059,0.761318,0.100469,carry
758,1.087798,0,0,0.835351,0.065668,0.006689,0.05085,0.00753,8,2471.624756,3.290105,6.45495,2.911059,0.726926,0.096752,carry
759,14.612379,1,13.493814,14.3285,0.096097,0.010421,0.070928,0.010016,8,2471.624756,3.380974,6.816414,2.862363,0.672187,0.084005,carry
760,0.989822,0,0,0.726473,0.09256,0.010358,0.069273,0.010674,8,2471.624756,3.380974,6.816414,2.862363,0.634804,0.080294,carry
761,0.940119,0,0,0.709564,0.068472,0.006354,0.054801,0.006779,8,2471.624756,3.380974,6.816414,2.862363,0.619092,0.080002,carry
762,14.817,1,13.729083,14.552565,0.075713,0.009941,0.053832,0.009709,8,2471.624756,3.379984,6.603388,3.215536,0.651611,0.081096,carry
763,1.22326,0,0,0.910376,0.094985,0.02143,0.060206,0.011033,8,2471.624756,3.379984,6.603388,3.215536,0.789596,0.100142,carry
764,1.006919,0,0,0.77298,0.068711,0.005704,0.055596,0.006698,8,2471.624756,3.379984,6.603388,3.215536,0.682315,0.080051,carry
765,14.40735,1,13.33734,14.133505,0.08555,0.009858,0.063985,0.009751,8,2471.624756,3.225751,6.402503,3.265846,0.63541,0.080933,carry
766,0.965576,0,0,0.712304,0.086253,0.009777,0.066448,0.00859,8,2471.624756,3.225751,6.402503,3.265846,0.621687,0.079916,carry
767,1.027199,0,0,0.761325,0.095423,0.009715,0.072478,0.011082,8,2471.624756,3.225751,6.402503,3.265846,0.668973,0.08012,carry
768,14.956976,1,13.543824,14.657789,0.086669,0.008794,0.067938,0.008296,8,2471.624756,3.458657,6.688743,2.95334,0.940077,0.085088,carry
769,0.991474,0,0,0.723158,0.100756,0.010124,0.078764,0.010135,8,2471.624756,3.458657,6.688743,2.95334,0.631984,0.080069,carry
770,1.046836,0,0,0.763348,0.111154,0.010649,0.089085,0.009564,8,2471.624756,3.458657,6.688743,2.95334,0.639076,0.111746,carry
771,13.902163,1,12.716446,13.572595,0.152032,0.020335,0.118644,0.011096,8,2471.624756,3.220343,6.135472,2.902341,0.689917,0.080403,carry
772,1.009215,0,0,0.730132,0.109661,0.011206,0.085746,0.01048,8,2471.624756,3.220343,6.135472,2.902341,0.638351,0.08026,carry
773,0.981051,0,0,0.716468,0.100008,0.007036,0.084503,0.007591,8,2471.624756,3.220343,6.135472,2.902341,0.625042,0.080244,carry
774,14.325532,1,13.189263,14.025927,0.125663,0.01085,0.103124,0.009701,8,2471.624756,3.194465,6.256474,3.303465,0.679007,0.084972,carry
775,1.099187,0,0,0.760628,0.159766,0.010105,0.115568,0.03264,8,2471.624756,3.194465,6.256474,3.303465,0.65745,0.091644,carry
776,1.043507,0,0,0.716972,0.140103,0.007067,0.106826,0.025539,8,2471.624756,3.194465,6.256474,3.303465,0.621739,0.084513,carry
777,15.513771,1,13.216124,14.069393,1.265861,0.008234,0.138775,1.116752,8,2471.624756,3.162511,6.08755,3.527635,0.685809,0.094122,carry
778,2.455466,0,0,0.866797,1.416142,0.008434,0.142104,1.263374,8,2471.624756,3.162511,6.08755,3.527635,0.760304,0.094947,carry
779,2.577297,0,0,0.763807,1.602636,0.005941,0.128705,1.46732,8,2471.624756,3.162511,6.08755,3.527635,0.637475,0.11587,carry
780,15.744852,1,13.087391,13.914435,1.651032,0.008068,0.19332,1.447445,8,2471.624756,3.175182,6.256763,3.195803,0.652283,0.099442,carry
781,4.212143,0,0,0.797425,3.244865,0.007688,0.179308,3.056378,8,2471.624756,3.175182,6.256763,3.195803,0.691652,0.094466,carry
782,2.294947,0,0,0.768925,1.331744,0.005797,0.143802,1.181482,8,2471.624756,3.175182,6.256763,3.195803,0.664422,0.094047,carry
783,15.601625,1,13.287244,14.18751,1.228878,0.007913,0.150586,1.068238,8,2471.624756,3.283087,6.085821,3.323802,0.691801,0.097896,carry
784,3.643945,0,0,0.871988,2.45419,0.008319,0.153147,2.290629,8,2471.624756,3.283087,6.085821,3.323802,0.753014,0.106841,carry
785,3.098675,0,0,0.786557,2.004737,0.006028,0.149405,1.848648,8,2471.624756,3.283087,6.085821,3.323802,0.65629,0.119826,carry
786,15.647355,1,12.898753,13.755483,1.588478,0.008081,0.156027,1.422245,8,2471.624756,3.188086,6.133925,3.139672,0.674626,0.110376,carry
787,3.815556,0,0,0.78212,2.733902,0.007295,0.1511,2.573964,8,2471.624756,3.188086,6.133925,3.139672,0.660169,0.1108,carry
788,3.226293,0,0,0.850184,2.03344,0.00953,0.145553,1.877728,8,2471.624756,3.188086,6.133925,3.139672,0.65018,0.185733,carry
789,16.940253,1,14.330069,15.223122,1.316303,0.009354,0.158741,1.14587,8,2471.624756,3.252193,6.891718,3.723722,0.694572,0.104048,carry
790,2.943955,0,0,0.796137,1.797516,0.00869,0.195261,1.591359,8,2471.624756,3.252193,6.891718,3.723722,0.680263,0.103264,carry
791,3.341005,0,0,0.78496,2.253891,0.006273,0.16754,2.079184,8,2471.624756,3.252193,6.891718,3.723722,0.670977,0.102284,carry
792,16.425219,1,13.46178,14.415688,1.642034,0.022776,0.139906,1.477163,8,2471.624756,3.2708,6.131724,3.403712,0.675825,0.166244,carry
793,3.512069,0,0,0.814107,2.333405,0.019457,0.125199,2.187081,8,2471.624756,3.2708,6.131724,3.403712,0.651269,0.140721,carry
794,1.930905,0,0,0.784807,0.822425,0.006001,0.151775,0.663286,8,2471.624756,3.2708,6.131724,3.403712,0.663651,0.109892,carry
795,15.1162,1,13.228058,14.040753,0.753831,0.006458,0.122215,0.624344,8,2471.624756,3.256335,6.321263,3.21403,0.619603,0.11651,carry
796,1.957605,0,0,0.821561,0.798406,0.008932,0.148307,0.638827,8,2471.624756,3.256335,6.321263,3.21403,0.692655,0.116559,carry
797,1.834708,0,0,0.734155,0.799069,0.005874,0.12082,0.671642,8,2471.624756,3.256335,6.321263,3.21403,0.608914,0.113931,carry
798,15.944411,1,13.742378,14.685471,0.843525,0.008266,0.1838,0.648594,8,2471.624756,3.395059,6.519023,3.390275,0.741613,0.116693,carry
799,2.025024,0,0,0.851754,0.837237,0.009137,0.139626,0.685758,8,2471.624756,3.395059,6.519023,3.390275,0.708616,0.130078,carry
800,1.840597,0,0,0.773713,0.760842,0.005959,0.125554,0.628085,8,2471.624756,3.395059,6.519023,3.390275,0.648575,0.114257,carry
801,16.14976,1,14.448553,15.291039,0.481645,0.01101,0.139067,0.328887,9,2471.624756,3.333871,7.005398,3.605869,0.642356,0.118827,carry
802,1.36493,0,0,0.773275,0.262226,0.01173,0.180657,0.067441,8,2471.624756,3.333871,7.005398,3.605869,0.637439,0.123695,carry
803,1.425555,0,0,0.808265,0.262469,0.006096,0.13631,0.119333,8,2471.624756,3.333871,7.005398,3.605869,0.665102,0.132573,carry
804,15.25346,1,13.790762,14.66926,0.254862,0.01118,0.136432,0.10472,8,2471.624756,3.335509,6.698246,3.19542,0.678366,0.121331,carry
805,1.319344,0,0,0.775625,0.239448,0.010915,0.159606,0.066564,8,2471.624756,3.335509,6.698246,3.19542,0.643876,0.120383,carry
806,1.235421,0,0,0.759958,0.180895,0.006228,0.102712,0.071351,8,2471.624756,3.335509,6.698246,3.19542,0.631983,0.117757,carry
807,15.072022,1,13.52822,14.552337,0.192718,0.009785,0.11573,0.064983,8,2471.624756,3.490997,6.448038,3.102853,0.823788,0.120706,carry
808,1.332729,0,0,0.794402,0.18529,0.011218,0.137183,0.034737,8,2471.624756,3.490997,6.448038,3.102853,0.663734,0.119115,carry
809,1.238544,0,0,0.793629,0.141312,0.010228,0.095932,0.032943,8,2471.624756,3.490997,6.448038,3.102853,0.660855,0.120311,carry
810,14.526496,1,13.121022,14.072761,0.14466,0.01161,0.096645,0.033929,8,2471.624756,3.188036,6.313624,3.186462,0.743106,0.122903,carry
811,1.193415,0,0,0.760027,0.133686,0.009516,0.08952,0.03295,8,2471.624756,3.188036,6.313624,3.186462,0.627064,0.121986,carry
812,1.165693,0,0,0.741639,0.128588,0.006361,0.093615,0.027914,8,2471.624756,3.188036,6.313624,3.186462,0.60997,0.121292,carry
813,14.069992,1,12.762917,13.616001,0.149431,0.010579,0.104279,0.032677,8,2471.624756,3.247204,6.091789,2.990496,0.657248,0.122329,carry
814,1.354421,0,0,0.894067,0.14765,0.009706,0.101523,0.0343,8,2471.624756,3.247204,6.091789,2.990496,0.762205,0.120025,carry
815,1.15851,0,0,0.736344,0.121539,0.006317,0.086148,0.028348,8,2471.624756,3.247204,6.091789,2.990496,0.609933,0.115822,carry
816,14.547898,1,13.267955,14.091242,0.149419,0.009774,0.10377,0.034096,8,2471.624756,3.284553,6.603909,2.950896,0.63235,0.117901,carry
817,1.313649,0,0,0.850703,0.121152,0.011156,0.092421,0.01533,8,2471.624756,3.284553,6.603909,2.950896,0.708267,0.129862,carry
818,1.415238,0,0,0.88018,0.126088,0.026891,0.084666,0.012454,8,2471.624756,3.284553,6.603909,2.950896,0.669696,0.193897,carry
819,14.554711,1,13.061884,14.001053,0.118602,0.01014,0.093939,0.012678,8,2471.624756,3.156412,6.54692,2.927246,0.665218,0.198415,carry
820,1.251665,0,0,0.830223,0.112864,0.010143,0.087702,0.012879,8,2471.624756,3.156412,6.54692,2.927246,0.698458,0.120327,carry
821,1.258788,0,0,0.799317,0.112276,0.006395,0.09538,0.009822,8,2471.624756,3.156412,6.54692,2.927246,0.624764,0.163873,carry
822,14.653657,1,13.391619,14.230287,0.119817,0.009024,0.098082,0.010982,8,2471.624756,3.23027,6.554943,3.167754,0.642361,0.123866,carry
823,1.196299,0,0,0.7688,0.128588,0.010009,0.104519,0.012416,8,2471.624756,3.23027,6.554943,3.167754,0.632004,0.125959,carry
824,1.142268,0,0,0.751755,0.097166,0.005595,0.082118,0.008943,8,2471.624756,3.23027,6.554943,3.167754,0.621119,0.12028,carry
825,14.180822,1,12.839414,13.711819,0.123261,0.009017,0.100088,0.012194,8,2471.624756,3.246264,6.054175,3.090672,0.639787,0.156857,carry
826,1.191468,0,0,0.774549,0.111232,0.010243,0.086124,0.01271,8,2471.624756,3.246264,6.054175,3.090672,0.642638,0.12042,carry
827,1.138641,0,0,0.752049,0.092302,0.005591,0.076989,0.009111,8,2471.624756,3.246264,6.054175,3.090672,0.623062,0.118659,carry
828,14.447548,1,12.943438,13.99481,0.13223,0.009929,0.107361,0.012992,8,2471.624756,3.250705,6.436396,2.826815,0.832422,0.132491,carry
829,1.181528,0,0,0.763434,0.116943,0.010757,0.091389,0.013035,8,2471.624756,3.250705,6.436396,2.826815,0.631189,0.12092,carry
830,1.127418,0,0,0.744966,0.087086,0.005486,0.07222,0.008799,8,2471.624756,3.250705,6.436396,2.826815,0.616603,0.118164,carry
831,14.635726,1,13.284274,14.198895,0.10595,0.009855,0.081448,0.012472,8,2471.624756,3.251733,6.581442,3.02202,0.709013,0.126187,carry
832,1.175658,0,0,0.754206,0.113988,0.011216,0.079759,0.021064,8,2471.624756,3.251733,6.581442,3.02202,0.623006,0.11969,carry
833,1.144009,0,0,0.757178,0.089238,0.006263,0.073084,0.009135,8,2471.624756,3.251733,6.581442,3.02202,0.62818,0.118229,carry
834,14.256562,1,12.869056,13.829813,0.103531,0.009205,0.080986,0.011318,8,2471.624756,3.234105,6.302719,2.902229,0.765559,0.119999,carry
835,1.177321,0,0,0.779056,0.098775,0.007972,0.078171,0.011417,8,2471.624756,3.234105,6.302719,2.902229,0.649877,0.118493,carry
836,1.122886,0,0,0.739186,0.087326,0.005745,0.072165,0.00881,8,2471.624756,3.234105,6.302719,2.902229,0.611812,0.11689,carry
837,14.615361,1,13.328415,14.161524,0.116296,0.009281,0.092643,0.012358,8,2471.624756,3.273765,6.583896,3.040101,0.63208,0.122774,carry
838,1.158185,0,0,0.748156,0.100872,0.009759,0.07709,0.012153,8,2471.624756,3.273765,6.583896,3.040101,0.617807,0.119212,carry
839,1.221535,0,0,0.82543,0.096594,0.006217,0.08037,0.009247,8,2471.624756,3.273765,6.583896,3.040101,0.696586,0.117878,carry
840,14.077276,1,12.790971,13.645129,0.116658,0.009214,0.093798,0.011777,8,2471.624756,3.222368,6.269416,2.867844,0.657715,0.120867,carry
841,1.396218,0,0,0.886543,0.123697,0.011884,0.094702,0.014695,8,2471.624756,3.222368,6.269416,2.867844,0.73545,0.137454,carry
842,1.294077,0,0,0.840743,0.092615,0.006459,0.075403,0.009577,8,2471.624756,3.222368,6.269416,2.867844,0.696905,0.132414,carry
843,14.360409,1,13.129516,13.941253,0.094088,0.007098,0.075971,0.009903,8,2471.624756,3.365712,6.479728,2.855394,0.621235,0.113005,carry
844,1.162933,0,0,0.758392,0.101906,0.010161,0.078003,0.011855,8,2471.624756,3.365712,6.479728,2.855394,0.63769,0.10931,carry
845,1.132293,0,0,0.748627,0.087211,0.005651,0.071561,0.009385,8,2471.624756,3.365712,6.479728,2.855394,0.608413,0.129675,carry
846,14.572531,1,13.339481,14.159999,0.090746,0.006345,0.074395,0.009314,8,2471.624756,3.278405,6.763461,2.848337,0.612027,0.113261,carry
847,1.167729,0,0,0.760344,0.103105,0.010476,0.078171,0.01271,8,2471.624756,3.278405,6.763461,2.848337,0.638901,0.110246,carry
848,1.152165,0,0,0.759442,0.091356,0.006425,0.075186,0.0089,8,2471.624756,3.278405,6.763461,2.848337,0.637283,0.110746,carry
849,13.838527,1,12.612301,13.423581,0.103637,0.009058,0.080993,0.011587,8,2471.624756,3.190949,6.162939,2.827743,0.624275,0.112218,carry
850,1.188029,0,0,0.76948,0.107683,0.010379,0.082049,0.012997,8,2471.624756,3.190949,6.162939,2.827743,0.64534,0.112439,carry
851,1.130019,0,0,0.739258,0.092759,0.006689,0.075868,0.009294,8,2471.624756,3.190949,6.162939,2.827743,0.616974,0.110622,carry
852,14.556366,1,13.138495,14.08318,0.129918,0.011161,0.102123,0.013575,8,2471.624756,3.199475,6.445177,3.036167,0.730689,0.127617,carry
853,1.370533,0,0,0.876999,0.114201,0.015392,0.082309,0.014432,8,2471.624756,3.199475,6.445177,3.036167,0.64589,0.216358,carry
854,1.20522,0,0,0.770367,0.098533,0.006337,0.082554,0.008898,8,2471.624756,3.199475,6.445177,3.036167,0.64826,0.111335,carry
855,13.823622,1,12.530133,13.410212,0.10673,0.00997,0.082186,0.012314,8,2471.624756,3.12814,6.094736,2.873165,0.692073,0.114208,carry
856,1.176828,0,0,0.76837,0.105735,0.010397,0.080459,0.012759,8,2471.624756,3.12814,6.094736,2.873165,0.644895,0.112126,carry
857,1.157652,0,0,0.754728,0.102533,0.006484,0.085866,0.009465,8,2471.624756,3.12814,6.094736,2.873165,0.616842,0.126896,carry
858,13.824752,1,12.594436,13.411506,0.102546,0.008756,0.080673,0.011236,8,2471.624756,3.215842,6.146289,2.796873,0.625163,0.117962,carry
859,1.323455,0,0,0.85614,0.121381,0.011104,0.093379,0.014534,8,2471.624756,3.215842,6.146289,2.796873,0.714708,0.128737,carry
860,1.349662,0,0,0.869606,0.127894,0.011511,0.100654,0.013519,8,2471.624756,3.215842,6.146289,2.796873,0.726665,0.128802,carry
861,17.178244,1,15.278835,16.582009,0.199334,0.01613,0.16002,0.019865,8,2471.624756,3.633542,7.600285,3.314928,1.082908,0.116745,carry
862,1.344956,0,0,0.895073,0.109824,0.0107,0.083992,0.013014,8,2471.624756,3.633542,7.600285,3.314928,0.770564,0.112602,carry
863,1.150217,0,0,0.765886,0.087841,0.005742,0.073119,0.00828,8,2471.624756,3.633542,7.600285,3.314928,0.644764,0.110422,carry
864,16.227616,1,14.137665,15.736606,0.133459,0.011927,0.104559,0.014274,8,2471.624756,3.508176,6.733029,3.377478,1.36621,0.127511,carry
865,1.208379,0,0,0.79692,0.107349,0.010555,0.082656,0.011946,8,2471.624756,3.508176,6.733029,3.377478,0.671712,0.113626,carry
866,1.168643,0,0,0.730531,0.086443,0.00569,0.072103,0.008093,8,2471.624756,3.508176,6.733029,3.377478,0.607392,0.112602,carry
867,15.300021,1,13.879126,14.768907,0.116915,0.010559,0.091183,0.012528,8,2471.624756,3.507259,6.658562,3.211928,0.659727,0.14159,carry
868,1.231262,0,0,0.811702,0.111966,0.010861,0.085998,0.012891,8,2471.624756,3.507259,6.658562,3.211928,0.686916,0.113094,carry
869,1.13573,0,0,0.753267,0.085296,0.00559,0.071284,0.007857,8,2471.624756,3.507259,6.658562,3.211928,0.632231,0.110554,carry
870,14.214743,1,12.919145,13.784307,0.11267,0.00994,0.088936,0.011586,8,2471.624756,3.318912,6.287334,2.881586,0.67606,0.115727,carry
871,1.219232,0,0,0.798574,0.105233,0.010062,0.08052,0.012698,8,2471.624756,3.318912,6.287334,2.881586,0.672391,0.114605,carry
872,1.184206,0,0,0.799574,0.086442,0.005814,0.071975,0.00805,8,2471.624756,3.318912,6.287334,2.881586,0.611899,0.177265,carry
873,14.067232,1,12.810553,13.646505,0.101995,0.00939,0.079927,0.010878,8,2471.624756,3.285641,6.273018,2.816873,0.64092,0.1177,carry
874,1.167786,0,0,0.763984,0.10306,0.01036,0.079036,0.01181,8,2471.624756,3.285641,6.273018,2.816873,0.63221,0.120484,carry
875,1.12189,0,0,0.740633,0.086438,0.005679,0.072144,0.008099,8,2471.624756,3.285641,6.273018,2.816873,0.618066,0.112082,carry
876,13.80617,1,12.543906,13.38637,0.113525,0.012468,0.087735,0.011167,8,2471.624756,3.204403,6.039732,2.85423,0.644644,0.120057,carry
877,1.252387,0,0,0.800256,0.109461,0.009907,0.084464,0.012955,8,2471.624756,3.204403,6.039732,2.85423,0.674,0.114943,carry
878,1.234679,0,0,0.844661,0.087679,0.00587,0.072909,0.008286,8,2471.624756,3.204403,6.039732,2.85423,0.69375,0.140541,carry
879,15.268155,1,13.896628,14.833951,0.106787,0.008085,0.087401,0.010484,8,2471.624756,3.524134,6.768938,3.152478,0.741127,0.11671,carry
880,1.242963,0,0,0.79716,0.138628,0.024745,0.089549,0.022594,8,2471.624756,3.524134,6.768938,3.152478,0.635383,0.150333,carry
881,1.138679,0,0,0.748149,0.094152,0.005865,0.079423,0.008193,8,2471.624756,3.524134,6.768938,3.152478,0.623836,0.11393,carry
882,13.784112,1,12.540589,13.376694,0.102511,0.009361,0.080634,0.010739,8,2471.624756,3.142676,6.146176,2.814372,0.646979,0.116637,carry
883,1.286156,0,0,0.833711,0.145384,0.011056,0.108917,0.013206,8,2471.624756,3.142676,6.146176,2.814372,0.670108,0.152363,carry
884,1.179986,0,0,0.79102,0.091435,0.006076,0.075858,0.008704,8,2471.624756,3.142676,6.146176,2.814372,0.666356,0.114196,carry
885,14.153723,1,12.917605,13.736932,0.090077,0.006502,0.074125,0.008694,8,2471.624756,3.376397,6.254408,2.853748,0.629367,0.115485,carry
886,1.240856,0,0,0.736365,0.096689,0.008838,0.075625,0.010788,8,2471.624756,3.376397,6.254408,2.853748,0.612913,0.1124,carry
887,1.169939,0,0,0.769789,0.098551,0.009156,0.076847,0.011165,8,2471.624756,3.376397,6.254408,2.853748,0.645707,0.11277,carry
888,14.119895,1,12.864064,13.710536,0.089473,0.006073,0.07372,0.008905,8,2471.624756,3.370504,6.17185,2.884828,0.623549,0.143451,carry
889,1.164741,0,0,0.759863,0.104413,0.010518,0.080152,0.011979,8,2471.624756,3.370504,6.17185,2.884828,0.629033,0.119121,carry
890,1.228712,0,0,0.822411,0.101731,0.009276,0.079534,0.01082,8,2471.624756,3.370504,6.17185,2.884828,0.6966,0.114043,carry
891,14.025717,1,12.730565,13.605294,0.099908,0.007845,0.0804,0.010514,8,2471.624756,3.221486,6.225944,2.845671,0.688449,0.114436,carry
892,1.168716,0,0,0.761283,0.105771,0.010255,0.08111,0.012288,8,2471.624756,3.221486,6.225944,2.845671,0.636489,0.113674,carry
893,1.147342,0,0,0.749835,0.094386,0.007083,0.075954,0.010157,8,2471.624756,3.221486,6.225944,2.845671,0.625674,0.113312,carry
894,14.165202,1,12.880806,13.749572,0.101147,0.007428,0.082847,0.009609,8,2471.624756,3.261217,6.361944,2.82085,0.679662,0.115386,carry
895,1.162936,0,0,0.748874,0.100919,0.009753,0.078132,0.011451,8,2471.624756,3.261217,6.361944,2.82085,0.625691,0.112096,carry
896,1.153942,0,0,0.742869,0.109849,0.008628,0.088809,0.010824,8,2471.624756,3.261217,6.361944,2.82085,0.618387,0.11296,carry
897,14.541739,1,13.275479,14.109562,0.094444,0.00736,0.076283,0.009829,8,2471.624756,3.311839,6.394352,3.078603,0.622914,0.133335,carry
898,1.286277,0,0,0.823425,0.127159,0.010993,0.101421,0.012641,8,2471.624756,3.311839,6.394352,3.078603,0.658757,0.152984,carry
899,1.131844,0,0,0.74488,0.090389,0.006491,0.074152,0.008988,8,2471.624756,3.311839,6.394352,3.078603,0.623383,0.110762,carry
900,13.828033,1,12.609745,13.423949,0.097665,0.008045,0.078,0.010034,8,2471.624756,3.201266,6.145915,2.826781,0.628315,0.113468,carry
901,1.261577,0,0,0.811096,0.102325,0.010339,0.078718,0.011616,8,2471.624756,3.201266,6.145915,2.826781,0.647269,0.15254,carry
902,1.224554,0,0,0.803891,0.11537,0.008921,0.093041,0.011744,8,2471.624756,3.201266,6.145915,2.826781,0.664055,0.127559,carry
903,15.31277,1,14.024388,14.862563,0.104893,0.007305,0.086797,0.009851,8,2471.624756,3.426384,6.935847,3.153204,0.625332,0.133027,carry
904,1.205121,0,0,0.76491,0.106326,0.009952,0.081562,0.012752,8,2471.624756,3.426384,6.935847,3.153204,0.632102,0.121392,carry
905,1.154722,0,0,0.742093,0.116838,0.006055,0.101182,0.008813,8,2471.624756,3.426384,6.935847,3.153204,0.620225,0.111324,carry
906,13.871292,1,12.653697,13.462704,0.100347,0.008756,0.078826,0.011193,8,2471.624756,3.188915,6.14431,2.886893,0.62175,0.11298,carry
907,1.267118,0,0,0.844924,0.107289,0.010129,0.081922,0.013242,8,2471.624756,3.188915,6.14431,2.886893,0.721286,0.111805,carry
908,1.123332,0,0,0.735513,0.091884,0.005586,0.077862,0.007916,8,2471.624756,3.188915,6.14431,2.886893,0.615259,0.109944,carry
909,16.173858,1,14.706538,15.670532,0.115204,0.00843,0.094556,0.011079,8,2471.624756,3.73033,7.133946,3.329922,0.725544,0.152538,carry
910,1.172479,0,0,0.759292,0.105481,0.010159,0.080655,0.012822,8,2471.624756,3.73033,7.133946,3.329922,0.636983,0.111216,carry
911,1.114973,0,0,0.727921,0.087127,0.005771,0.072168,0.008702,8,2471.624756,3.73033,7.133946,3.329922,0.607824,0.109846,carry
912,14.2378,1,12.902606,13.783396,0.101733,0.009143,0.078898,0.011668,8,2471.624756,3.2001,6.17699,3.015446,0.667803,0.132471,carry
913,1.176856,0,0,0.762431,0.105848,0.009952,0.080881,0.013018,8,2471.624756,3.2001,6.17699,3.015446,0.638753,0.112223,carry
914,1.314903,0,0,0.785157,0.090523,0.006174,0.074984,0.008715,8,2471.624756,3.2001,6.17699,3.015446,0.632746,0.14143,carry
915,16.374753,1,14.931819,15.912642,0.123864,0.011325,0.096068,0.014114,8,2471.624756,3.801306,7.21875,3.467338,0.737513,0.134103,carry
916,1.182706,0,0,0.761567,0.116673,0.010409,0.091089,0.013164,8,2471.624756,3.801306,7.21875,3.467338,0.637049,0.112376,carry
917,1.125668,0,0,0.741261,0.087596,0.00583,0.07249,0.008638,8,2471.624756,3.801306,7.21875,3.467338,0.621313,0.109084,carry
918,13.956983,1,12.617116,13.504376,0.110845,0.009218,0.088127,0.011755,8,2471.624756,3.200913,6.10944,2.821937,0.66472,0.142675,carry
919,1.188436,0,0,0.766862,0.10858,0.011297,0.081924,0.013245,8,2471.624756,3.200913,6.10944,2.821937,0.644645,0.110314,carry
920,1.147468,0,0,0.753623,0.089774,0.005619,0.07456,0.009098,8,2471.624756,3.200913,6.10944,2.821937,0.610135,0.132959,carry
921,14.511182,1,13.183762,14.037392,0.098548,0.006747,0.081338,0.009776,8,2471.624756,3.498825,6.205938,2.970742,0.629893,0.13499,carry
922,1.381731,0,0,0.879425,0.125668,0.012343,0.094766,0.015755,8,2471.624756,3.498825,6.205938,2.970742,0.723888,0.141957,carry
923,1.312573,0,0,0.869431,0.102043,0.006821,0.084687,0.009669,8,2471.624756,3.498825,6.205938,2.970742,0.730963,0.126433,carry
924,17.408715,1,15.578597,16.78629,0.165002,0.014919,0.130052,0.016996,8,2471.624756,3.770714,7.960852,3.382894,0.968696,0.136043,carry
925,1.808929,0,0,1.176287,0.214104,0.015561,0.177113,0.01867,8,2471.624756,3.770714,7.960852,3.382894,0.998379,0.162788,carry
926,1.655281,0,0,1.09887,0.131999,0.007712,0.111504,0.011883,8,2471.624756,3.770714,7.960852,3.382894,0.92239,0.162551,carry
927,15.813975,1,14.092487,15.287973,0.15695,0.018802,0.124716,0.012459,8,2471.624756,3.377917,7.304221,2.958305,0.995708,0.113942,carry
928,1.826874,0,0,1.217217,0.177894,0.0156,0.141122,0.01878,8,2471.624756,3.377917,7.304221,2.958305,1.02599,0.175283,carry
929,1.812413,0,0,1.218898,0.161387,0.00931,0.137863,0.013269,8,2471.624756,3.377917,7.304221,2.958305,0.997769,0.205963,carry
930,19.502962,1,17.906567,18.99971,0.157951,0.010029,0.114722,0.031085,8,2471.624756,4.124281,9.75128,3.55576,0.876422,0.114075,return
931,1.973025,0,0,1.335273,0.234339,0.015732,0.187168,0.01893,8,2471.624756,4.124281,9.75128,3.55576,1.152498,0.168431,return
932,1.668844,0,0,1.137543,0.130972,0.008516,0.109935,0.011711,8,2471.624756,4.124281,9.75128,3.55576,0.944023,0.181204,return
933,20.101646,1,18.615398,19.633057,0.124033,0.010913,0.097621,0.013001,8,2471.624756,4.057305,10.147757,3.964464,0.740673,0.174656,return
934,1.938239,0,0,1.338693,0.198836,0.016564,0.150966,0.028082,8,2471.624756,4.057305,10.147757,3.964464,1.033796,0.275616,return
935,1.55208,0,0,1.034831,0.211248,0.026352,0.169452,0.014188,8,2471.624756,4.057305,10.147757,3.964464,0.790988,0.228222,return
936,14.274591,1,12.947781,13.840731,0.114438,0.010111,0.089326,0.012815,8,2471.624756,3.277707,6.122159,3.09695,0.696094,0.121298,return
937,1.262191,0,0,0.835585,0.121005,0.010908,0.095375,0.012751,8,2471.624756,3.277707,6.122159,3.09695,0.673015,0.142737,return
938,1.410202,0,0,0.893676,0.169909,0.011213,0.109059,0.047246,8,2471.624756,3.277707,6.122159,3.09695,0.757232,0.122287,return
939,14.091739,1,12.782299,13.616281,0.173107,0.007559,0.104313,0.060107,8,2471.624756,3.244846,6.051075,3.04974,0.655368,0.107622,return
940,1.4777,0,0,0.930957,0.188997,0.011537,0.110734,0.064645,8,2471.624756,3.244846,6.051075,3.04974,0.788338,0.13059,return
941,1.243949,0,0,0.771555,0.169041,0.007095,0.102866,0.058251,8,2471.624756,3.244846,6.051075,3.04974,0.653588,0.106792,return
942,14.904607,1,13.506713,14.360799,0.214825,0.009272,0.137412,0.066645,8,2471.624756,3.172968,6.192586,3.703477,0.656237,0.120738,return
943,2.030793,0,0,0.870855,0.850216,0.008311,0.144756,0.695033,8,2471.624756,3.172968,6.192586,3.703477,0.751342,0.107656,return
944,1.502104,0,0,0.77298,0.430502,0.006286,0.116175,0.307462,8,2471.624756,3.172968,6.192586,3.703477,0.655823,0.106565,return
945,14.902626,1,13.45559,14.336173,0.219197,0.008002,0.125026,0.085152,8,2471.624756,3.189493,6.243168,3.556443,0.667457,0.13446,return
946,1.329391,0,0,0.815293,0.208271,0.010883,0.116064,0.079319,8,2471.624756,3.189493,6.243168,3.556443,0.697174,0.106532,return
947,1.263771,0,0,0.768651,0.201265,0.006013,0.122401,0.072326,8,2471.624756,3.189493,6.243168,3.556443,0.653057,0.105318,return
948,14.991978,1,13.614195,14.475849,0.189439,0.010331,0.128247,0.048697,8,2471.624756,3.26828,6.240056,3.667507,0.684771,0.102595,return
949,1.224029,0,0,0.827771,0.215388,0.011102,0.129669,0.07272,8,2471.624756,3.26828,6.240056,3.667507,0.689834,0.12658,return
950,1.14715,0,0,0.808576,0.173992,0.006236,0.125143,0.042062,8,2471.624756,3.26828,6.240056,3.667507,0.697031,0.101237,return
951,15.503457,1,14.166347,15.113517,0.186892,0.009736,0.133947,0.04165,8,2471.624756,3.381989,6.477056,3.78555,0.767926,0.096993,return
952,1.145565,0,0,0.798115,0.176205,0.010946,0.118719,0.044452,8,2471.624756,3.381989,6.477056,3.78555,0.692137,0.094698,return
953,1.047467,0,0,0.753955,0.130599,0.006087,0.103962,0.020041,8,2471.624756,3.381989,6.477056,3.78555,0.649965,0.093839,return
954,14.675808,1,13.401973,14.350123,0.153192,0.010349,0.111357,0.029515,8,2471.624756,3.26321,6.219943,3.482485,0.779986,0.09524,return
955,1.120866,0,0,0.820639,0.128045,0.011345,0.103614,0.011167,8,2471.624756,3.26321,6.219943,3.482485,0.715228,0.093852,return
956,1.020207,0,0,0.749006,0.107976,0.005983,0.094024,0.007412,8,2471.624756,3.26321,6.219943,3.482485,0.645545,0.0932,return
957,17.056909,1,15.743804,16.700107,0.134184,0.009651,0.112507,0.01044,8,2471.624756,3.660691,7.220959,4.343831,0.755602,0.102327,return
958,1.132811,0,0,0.800007,0.144826,0.021075,0.099474,0.022341,8,2471.624756,3.660691,7.220959,4.343831,0.683386,0.105028,return
959,1.151384,0,0,0.857997,0.095305,0.007047,0.079472,0.00796,8,2471.624756,3.660691,7.220959,4.343831,0.724391,0.122964,return
960,14.633894,1,13.39487,14.335314,0.115846,0.011818,0.088989,0.012824,8,2471.624756,3.367038,6.449605,3.138216,0.767871,0.093594,return
961,1.020949,0,0,0.754963,0.096166,0.010922,0.07233,0.010868,8,2471.624756,3.367038,6.449605,3.138216,0.645394,0.098066,return
962,0.986648,0,0,0.754663,0.070096,0.005936,0.056798,0.006821,8,2471.624756,3.367038,6.449605,3.138216,0.648628,0.095976,return
963,14.354568,1,13.23633,14.074593,0.089065,0.010152,0.066166,0.01062,8,2471.624756,3.394516,6.262644,3.091366,0.664161,0.094579,return
964,1.119108,0,0,0.83072,0.104969,0.011615,0.080049,0.011366,8,2471.624756,3.394516,6.262644,3.091366,0.712768,0.105517,return
965,1.092401,0,0,0.835532,0.071176,0.00646,0.05647,0.007608,8,2471.624756,3.394516,6.262644,3.091366,0.719321,0.104817,return
966,13.693469,1,12.587904,13.405894,0.109817,0.010223,0.086924,0.010583,8,2471.624756,3.208817,6.19538,2.749232,0.652921,0.090492,return
967,0.958278,0,0,0.726134,0.067542,0.007135,0.051721,0.007807,8,2471.624756,3.208817,6.19538,2.749232,0.626925,0.089229,return
968,1.049038,0,0,0.79226,0.076754,0.010032,0.054489,0.010271,8,2471.624756,3.208817,6.19538,2.749232,0.69111,0.089407,return
969,14.14909,1,12.979097,13.879089,0.075292,0.008222,0.058227,0.008061,8,2471.624756,3.357328,6.419612,2.76511,0.735029,0.086017,return
970,1.054234,0,0,0.804426,0.080439,0.010258,0.057298,0.010767,8,2471.624756,3.357328,6.419612,2.76511,0.709474,0.083955,return
971,0.953776,0,0,0.720984,0.063488,0.007187,0.047904,0.007635,8,2471.624756,3.357328,6.419612,2.76511,0.626618,0.083811,return
972,14.196683,1,13.041649,13.921189,0.082003,0.010703,0.057989,0.011241,8,2471.624756,3.35408,6.33144,2.917325,0.714892,0.08125,return
973,1.069444,0,0,0.8084,0.077418,0.011411,0.05252,0.010943,8,2471.624756,3.35408,6.33144,2.917325,0.692762,0.103278,return
974,1.014148,0,0,0.767968,0.074633,0.009016,0.054022,0.009664,8,2471.624756,3.35408,6.33144,2.917325,0.674348,0.081321,return
975,14.128408,1,13.047449,13.860766,0.076574,0.010587,0.054318,0.009788,8,2471.624756,3.301217,6.48954,2.82089,0.653209,0.080916,return
976,0.989553,0,0,0.736523,0.081652,0.010817,0.057928,0.010556,8,2471.624756,3.301217,6.48954,2.82089,0.645277,0.080217,return
977,1.058995,0,0,0.786361,0.101785,0.018325,0.070962,0.010538,8,2471.624756,3.301217,6.48954,2.82089,0.685511,0.080224,return
978,13.905826,1,12.744748,13.644953,0.074903,0.009537,0.053572,0.009845,8,2471.624756,3.305042,6.199306,2.804486,0.744577,0.080577,return
979,1.000648,0,0,0.730145,0.099393,0.010175,0.075843,0.010998,8,2471.624756,3.305042,6.199306,2.804486,0.638748,0.080195,return
980,0.983714,0,0,0.729492,0.082935,0.00949,0.061523,0.009952,8,2471.624756,3.305042,6.199306,2.804486,0.636237,0.081003,return
981,14.896546,1,13.75653,14.62631,0.079577,0.009849,0.056966,0.010091,8,2471.624756,3.605064,6.702887,3.009215,0.690686,0.100421,return
982,1.095253,0,0,0.839116,0.079222,0.010683,0.055586,0.010921,8,2471.624756,3.605064,6.702887,3.009215,0.700045,0.127714,return
983,1.123855,0,0,0.8014,0.057729,0.005457,0.04486,0.006914,8,2471.624756,3.605064,6.702887,3.009215,0.685188,0.106169,return
984,15.885679,1,14.664421,15.575236,0.079308,0.010474,0.055879,0.010536,8,2471.624756,3.628032,7.45511,3.085598,0.735741,0.084815,return
985,1.041997,0,0,0.727597,0.081106,0.011467,0.056273,0.011426,8,2471.624756,3.628032,7.45511,3.085598,0.634987,0.080699,return
986,0.977643,0,0,0.71147,0.059359,0.005651,0.045857,0.007005,8,2471.624756,3.628032,7.45511,3.085598,0.620106,0.080205,return
987,14.176794,1,13.091218,13.891218,0.085352,0.010043,0.063102,0.010002,8,2471.624756,3.274469,6.296787,3.031345,0.634862,0.083344,return
988,0.976273,0,0,0.722912,0.077404,0.01005,0.054908,0.010501,8,2471.624756,3.274469,6.296787,3.031345,0.631003,0.080284,return
989,0.923159,0,0,0.70467,0.05768,0.005292,0.044519,0.007355,8,2471.624756,3.274469,6.296787,3.031345,0.61456,0.080023,return
990,17.202906,1,15.922909,16.828321,0.075897,0.009487,0.05421,0.010141,8,2471.624756,3.643756,7.965061,3.703793,0.660416,0.136139,return
991,1.167968,0,0,0.853782,0.109828,0.020505,0.06416,0.022764,8,2471.624756,3.643756,7.965061,3.703793,0.734147,0.102636,return
992,1.2743,0,0,0.954276,0.129719,0.019038,0.091257,0.018067,8,2471.624756,3.643756,7.965061,3.703793,0.831366,0.101904,return
993,18.269667,1,16.665823,17.892065,0.120136,0.015196,0.08555,0.016176,8,2471.624756,4.018166,8.719861,3.440965,1.048491,0.08166,return
994,1.668248,0,0,1.230249,0.124696,0.015202,0.08941,0.016444,8,2471.624756,4.018166,8.719861,3.440965,1.060091,0.154038,return
995,1.393184,0,0,1.079873,0.088468,0.008452,0.068133,0.010523,8,2471.624756,4.018166,8.719861,3.440965,0.94832,0.117255,return
996,20.402527,1,19.064325,20.031901,0.112455,0.010576,0.069748,0.011699,8,2471.624756,4.117158,10.601034,3.724928,0.729619,0.128183,return
997,1.222085,0,0,0.953991,0.079869,0.01073,0.055439,0.011302,8,2471.624756,4.117158,10.601034,3.724928,0.849283,0.092359,return
998,1.081929,0,0,0.800764,0.070695,0.005682,0.057256,0.007153,8,2471.624756,4.117158,10.601034,3.724928,0.697014,0.092535,return
999,15.413319,1,14.294419,15.124628,0.069713,0.007749,0.051516,0.009169,8,2471.624756,3.705616,7.102511,3.046594,0.666714,0.081581,return
1000,1.041793,0,0,0.789699,0.079792,0.010681,0.055554,0.011568,8,2471.624756,3.705616,7.102511,3.046594,0.697867,0.080303,return
1001,1.008741,0,0,0.741427,0.095216,0.008834,0.058328,0.026307,8,2471.624756,3.705616,7.102511,3.046594,0.640528,0.080208,return
1002,16.764598,1,15.151642,16.39943,0.117176,0.014279,0.08415,0.015701,8,2471.624756,3.94076,7.505321,3.237865,1.034989,0.085604,return
1003,1.044881,0,0,0.746886,0.079114,0.010108,0.055966,0.010946,8,2471.624756,3.94076,7.505321,3.237865,0.654108,0.081259,return
1004,1.329763,0,0,1.029721,0.112648,0.012028,0.08454,0.01431,8,2471.624756,3.94076,7.505321,3.237865,0.887072,0.126623,return
1005,14.330446,1,13.173014,14.039742,0.076468,0.00966,0.055122,0.009718,8,2471.624756,3.296392,6.212216,3.154848,0.704869,0.084495,return
1006,1.066413,0,0,0.789749,0.105835,0.037159,0.055995,0.010762,8,2471.624756,3.296392,6.212216,3.154848,0.651788,0.125713,return
1007,1.17635,0,0,0.849684,0.123456,0.027203,0.07502,0.019181,8,2471.624756,3.296392,6.212216,3.154848,0.731234,0.096605,return
1008,14.497371,1,13.414367,14.238155,0.065538,0.00725,0.048632,0.008505,8,2471.624756,3.576786,6.503679,2.890868,0.65959,0.086561,return
1009,1.088376,0,0,0.837515,0.078408,0.010428,0.055458,0.010557,8,2471.624756,3.576786,6.503679,2.890868,0.741545,0.084626,return
1010,1.028814,0,0,0.772939,0.075388,0.00911,0.054106,0.010192,8,2471.624756,3.576786,6.503679,2.890868,0.675365,0.085074,return
1011,13.768053,1,12.584052,13.458902,0.136566,0.026558,0.081482,0.026284,8,2471.624756,3.272331,6.082439,2.798876,0.710599,0.08665,return
1012,1.000904,0,0,0.739187,0.087475,0.009784,0.065123,0.010482,8,2471.624756,3.272331,6.082439,2.798876,0.641968,0.086011,return
1013,0.967656,0,0,0.736643,0.065593,0.006934,0.049287,0.00812,8,2471.624756,3.272331,6.082439,2.798876,0.639547,0.086097,return
1014,14.499044,1,13.175715,14.19839,0.114282,0.010588,0.08794,0.014389,8,2471.624756,3.485222,6.415053,2.831038,0.848279,0.087645,return
1015,1.106617,0,0,0.83384,0.083009,0.010791,0.059663,0.010758,8,2471.624756,3.485222,6.415053,2.831038,0.72305,0.097968,return
1016,1.066616,0,0,0.816714,0.07784,0.010131,0.055355,0.009929,8,2471.624756,3.485222,6.415053,2.831038,0.71792,0.086684,return
1017,15.889341,1,14.753436,15.586426,0.084056,0.008735,0.064592,0.009159,8,2471.624756,3.637437,7.419345,3.185719,0.63572,0.107932,return
1018,0.989071,0,0,0.733162,0.077604,0.011068,0.054463,0.010164,8,2471.624756,3.637437,7.419345,3.185719,0.635467,0.086085,return
1019,0.939432,0,0,0.715079,0.057129,0.005491,0.04417,0.006949,8,2471.624756,3.637437,7.419345,3.185719,0.619489,0.085248,return
1020,14.154177,1,13.01089,13.87266,0.082506,0.009965,0.060578,0.009916,8,2471.624756,3.275357,6.22023,3.002438,0.672858,0.103705,return
1021,1.618615,0,0,1.266727,0.141112,0.012772,0.107843,0.017747,8,2471.624756,3.275357,6.22023,3.002438,1.145447,0.107825,return
1022,1.145014,0,0,0.865637,0.105863,0.005884,0.083329,0.015892,8,2471.624756,3.275357,6.22023,3.002438,0.74783,0.096909,return
1023,14.25898,1,13.095652,14.003751,0.078632,0.008786,0.058074,0.010378,8,2471.624756,3.359537,6.463958,2.837469,0.744252,0.089151,return
1024,0.990128,0,0,0.734792,0.07927,0.010607,0.05554,0.011036,8,2471.624756,3.359537,6.463958,2.837469,0.63474,0.088734,return
1025,0.943967,0,0,0.718005,0.059825,0.00546,0.04717,0.006593,8,2471.624756,3.359537,6.463958,2.837469,0.62012,0.087741,return
1026,14.157798,1,13.09523,13.907686,0.075875,0.009348,0.054657,0.009995,8,2471.624756,3.27477,6.352374,3.022638,0.650574,0.089255,return
1027,1.408728,0,0,1.086481,0.088485,0.011235,0.063351,0.011915,8,2471.624756,3.27477,6.352374,3.022638,0.950986,0.121899,return
1028,1.077619,0,0,0.813873,0.059056,0.00569,0.045551,0.007158,8,2471.624756,3.27477,6.352374,3.022638,0.715686,0.087917,return
1029,15.641373,1,14.534626,15.362241,0.070091,0.008062,0.051285,0.00929,8,2471.624756,3.568402,6.963442,3.340695,0.63681,0.107156,return
1030,0.989422,0,0,0.736113,0.083736,0.016227,0.055157,0.010272,8,2471.624756,3.568402,6.963442,3.340695,0.634852,0.089551,return
1031,0.942237,0,0,0.724187,0.056746,0.005318,0.044115,0.006754,8,2471.624756,3.568402,6.963442,3.340695,0.620172,0.093741,return
1032,13.953146,1,12.819363,13.683193,0.074806,0.009411,0.053883,0.009509,8,2471.624756,3.197956,6.219205,2.883903,0.674947,0.107844,return
1033,1.004806,0,0,0.74497,0.080254,0.009958,0.057396,0.010685,8,2471.624756,3.197956,6.219205,2.883903,0.643445,0.090524,return
1034,0.940467,0,0,0.721503,0.056921,0.005308,0.044318,0.006757,8,2471.624756,3.197956,6.219205,2.883903,0.6215,0.089921,return
1035,15.858621,1,14.680007,15.591175,0.072472,0.007109,0.055646,0.008941,8,2471.624756,3.868534,7.0974,3.272867,0.738383,0.09262,return
1036,0.98742,0,0,0.742749,0.077319,0.010133,0.054542,0.0107,8,2471.624756,3.868534,7.0974,3.272867,0.641923,0.089876,return
1037,0.946858,0,0,0.728353,0.056458,0.005218,0.044192,0.006489,8,2471.624756,3.868534,7.0974,3.272867,0.628746,0.08927,return
1038,14.192485,1,12.993294,13.903354,0.090634,0.011334,0.065668,0.011445,8,2471.624756,3.279626,6.24803,2.960457,0.701434,0.108899,return
1039,0.998339,0,0,0.750082,0.077748,0.00997,0.055423,0.010433,8,2471.624756,3.279626,6.24803,2.960457,0.647306,0.091686,return
1040,0.968439,0,0,0.750141,0.056539,0.005136,0.044179,0.006686,8,2471.624756,3.279626,6.24803,2.960457,0.648939,0.091126,return
1041,14.317607,1,13.260691,14.060611,0.062109,0.006332,0.047495,0.007579,8,2471.624756,3.390727,6.517227,2.915175,0.627852,0.095767,return
1042,0.98883,0,0,0.744237,0.075794,0.009996,0.053648,0.01034,8,2471.624756,3.390727,6.517227,2.915175,0.640612,0.092748,return
1043,0.949379,0,0,0.729269,0.058176,0.006108,0.044955,0.006557,8,2471.624756,3.390727,6.517227,2.915175,0.627152,0.092076,return
1044,15.490751,1,14.415485,15.239967,0.076623,0.009604,0.055229,0.009961,8,2471.624756,3.578929,7.045564,3.350417,0.657202,0.09399,return
1045,1.135489,0,0,0.816002,0.121796,0.012327,0.093909,0.012445,8,2471.624756,3.578929,7.045564,3.350417,0.678684,0.12387,return
1046,1.120408,0,0,0.860524,0.069042,0.006646,0.053454,0.008242,8,2471.624756,3.578929,7.045564,3.350417,0.739596,0.108845,return
1047,14.216654,1,13.055237,13.959379,0.070324,0.007016,0.05431,0.008234,8,2471.624756,3.314755,6.258888,2.937659,0.721498,0.105101,return
1048,1.067353,0,0,0.817351,0.07822,0.010222,0.055395,0.010657,8,2471.624756,3.314755,6.258888,2.937659,0.711794,0.094282,return
1049,0.969724,0,0,0.741374,0.062837,0.006723,0.04818,0.00726,8,2471.624756,3.314755,6.258888,2.937659,0.636798,0.093847,return
1050,14.395832,1,13.310408,14.141106,0.06451,0.006455,0.049579,0.007796,8,2471.624756,3.399595,6.590451,2.868127,0.658396,0.096229,return
1051,1.035235,0,0,0.782275,0.077614,0.010753,0.054623,0.010416,8,2471.624756,3.399595,6.590451,2.868127,0.671685,0.098947,return
1052,1.112957,0,0,0.834308,0.099135,0.008239,0.070145,0.019124,8,2471.624756,3.399595,6.590451,2.868127,0.690221,0.122601,return
1053,13.740126,1,12.662942,13.490922,0.075768,0.009027,0.055383,0.009568,8,2471.624756,3.330976,6.087903,2.810851,0.655607,0.099062,return
1054,0.999818,0,0,0.745678,0.077181,0.010345,0.054683,0.010401,8,2471.624756,3.330976,6.087903,2.810851,0.639094,0.095311,return
1055,0.998169,0,0,0.756969,0.067684,0.006457,0.053027,0.007513,8,2471.624756,3.330976,6.087903,2.810851,0.647674,0.098778,return
1056,14.440884,1,13.071941,14.109151,0.128785,0.011821,0.099207,0.016264,8,2471.624756,3.374291,6.441581,2.811783,0.854292,0.097723,return
1057,1.089922,0,0,0.83971,0.075281,0.010452,0.052936,0.009885,8,2471.624756,3.374291,6.441581,2.811783,0.727585,0.100981,return
1058,1.139526,0,0,0.863008,0.084,0.010183,0.060551,0.011208,8,2471.624756,3.374291,6.441581,2.811783,0.739773,0.109753,return
1059,14.752467,1,13.628752,14.471115,0.083633,0.00938,0.062345,0.009921,8,2471.624756,3.498994,6.452062,3.168574,0.64796,0.112662,return
1060,1.002241,0,0,0.753843,0.078419,0.010641,0.055272,0.010485,8,2471.624756,3.498994,6.452062,3.168574,0.647255,0.095375,return
1061,1.117679,0,0,0.840908,0.076242,0.007149,0.059954,0.008354,8,2471.624756,3.498994,6.452062,3.168574,0.720423,0.108518,return
1062,14.159938,1,13.023254,13.862605,0.102149,0.00869,0.073857,0.018183,8,2471.624756,3.244545,6.199639,3.066187,0.644095,0.112032,return
1063,1.127074,0,0,0.857366,0.082245,0.010634,0.059592,0.010151,8,2471.624756,3.244545,6.199639,3.066187,0.73455,0.110158,return
1064,1.404825,0,0,1.043573,0.114374,0.009513,0.089572,0.014241,8,2471.624756,3.244545,6.199639,3.066187,0.836683,0.191085,return
1065,15.059556,1,13.857845,14.794698,0.084796,0.009897,0.06207,0.01093,8,2471.624756,3.638346,6.773247,2.971555,0.768076,0.093949,return
1066,1.017254,0,0,0.762661,0.079322,0.010339,0.056119,0.010774,8,2471.624756,3.638346,6.773247,2.971555,0.658201,0.093065,return
1067,1.045008,0,0,0.800143,0.065316,0.006111,0.050843,0.007762,8,2471.624756,3.638346,6.773247,2.971555,0.682564,0.105854,return
1068,13.642274,1,12.572932,13.388748,0.072566,0.008396,0.052491,0.009916,8,2471.624756,3.241576,6.03177,2.8642,0.647623,0.094268,return
1069,1.562831,0,0,1.182682,0.147607,0.01599,0.109441,0.019271,8,2471.624756,3.241576,6.03177,2.8642,0.976679,0.188701,return
1070,1.18023,0,0,0.903535,0.071673,0.007164,0.055486,0.008295,8,2471.624756,3.241576,6.03177,2.8642,0.761015,0.113981,return
1071,15.356013,1,14.19024,15.056596,0.076829,0.008806,0.056368,0.0099,8,2471.624756,3.673406,6.830994,3.15725,0.665775,0.112131,return
1072,1.162986,0,0,0.879968,0.087444,0.01131,0.062327,0.01193,8,2471.624756,3.673406,6.830994,3.15725,0.746263,0.114471,return
1073,1.087497,0,0,0.835222,0.065302,0.00635,0.050922,0.00743,8,2471.624756,3.673406,6.830994,3.15725,0.718192,0.105274,return
1074,13.749171,1,12.676589,13.501326,0.075121,0.009402,0.05397,0.009895,8,2471.624756,3.196128,6.169319,2.868499,0.658589,0.093002,return
1075,1.090609,0,0,0.834937,0.077574,0.010036,0.055238,0.010442,8,2471.624756,3.196128,6.169319,2.868499,0.731045,0.092631,return
1076,0.946267,0,0,0.726461,0.056682,0.00541,0.044131,0.006607,8,2471.624756,3.196128,6.169319,2.868499,0.62475,0.091677,return
1077,15.148457,1,13.955419,14.879156,0.073165,0.00748,0.055873,0.008959,8,2471.624756,3.670271,6.853341,2.938972,0.750355,0.094345,return
1078,1.126568,0,0,0.855426,0.085531,0.011546,0.060692,0.011399,8,2471.624756,3.670271,6.853341,2.938972,0.734385,0.108282,return
1079,1.114311,0,0,0.859099,0.066598,0.006327,0.051692,0.008003,8,2471.624756,3.670271,6.853341,2.938972,0.739495,0.107476,return
1080,13.863502,1,12.69396,13.611441,0.080488,0.00865,0.059309,0.010421,8,2471.624756,3.25594,6.147759,2.851561,0.752312,0.092351,return
1081,1.018198,0,0,0.757517,0.090361,0.02053,0.057004,0.010767,8,2471.624756,3.25594,6.147759,2.851561,0.645201,0.091759,return
1082,0.970146,0,0,0.729742,0.057692,0.005389,0.045193,0.006599,8,2471.624756,3.25594,6.147759,2.851561,0.628799,0.090833,return
1083,14.331278,1,12.879723,14.031537,0.081962,0.009794,0.059732,0.010829,8,2471.624756,3.242779,6.3575,2.838735,0.981429,0.092145,return
1084,1.136715,0,0,0.861895,0.082324,0.01112,0.058451,0.010932,8,2471.624756,3.242779,6.3575,2.838735,0.74512,0.103886,return
1085,1.112412,0,0,0.848832,0.071255,0.006213,0.056793,0.007688,8,2471.624756,3.242779,6.3575,2.838735,0.728987,0.107887,return
1086,13.670781,1,12.6144,13.423049,0.073746,0.008737,0.053211,0.009741,8,2471.624756,3.204762,6.156932,2.814128,0.644527,0.091664,return
1087,1.038153,0,0,0.786961,0.079465,0.010635,0.055988,0.010798,8,2471.624756,3.204762,6.156932,2.814128,0.684916,0.090385,return
1088,0.971599,0,0,0.74549,0.062865,0.005413,0.050028,0.006871,8,2471.624756,3.204762,6.156932,2.814128,0.645396,0.089746,return
1089,15.240542,1,14.105524,14.945159,0.063298,0.006725,0.047698,0.007963,8,2471.624756,3.534582,6.800158,3.241654,0.63296,0.117553,return
1090,1.038884,0,0,0.790264,0.077878,0.010192,0.054855,0.010714,8,2471.624756,3.534582,6.800158,3.241654,0.688014,0.0911,return
1091,1.056474,0,0,0.829921,0.061582,0.006219,0.047501,0.007117,8,2471.624756,3.534582,6.800158,3.241654,0.689365,0.112873,return
1092,14.701551,1,13.612713,14.433433,0.06147,0.006155,0.047334,0.007302,8,2471.624756,3.2785,6.775153,3.094535,0.652359,0.093051,return
1093,1.220935,0,0,0.949188,0.097399,0.009998,0.074168,0.011093,8,2471.624756,3.2785,6.775153,3.094535,0.771417,0.16604,return
1094,1.273271,0,0,1.003268,0.073029,0.009386,0.052972,0.009007,8,2471.624756,3.2785,6.775153,3.094535,0.900272,0.090425,return
1095,14.724866,1,13.572963,14.409996,0.070044,0.007758,0.05113,0.009199,8,2471.624756,3.37111,6.426417,3.232311,0.649454,0.099879,return
1096,1.071872,0,0,0.804089,0.083919,0.010939,0.059453,0.011369,8,2471.624756,3.37111,6.426417,3.232311,0.69375,0.097967,return
1097,1.190488,0,0,0.921364,0.081783,0.009167,0.060966,0.010383,8,2471.624756,3.37111,6.426417,3.232311,0.783901,0.123597,return
1098,19.397557,1,17.811994,19.078852,0.090902,0.010724,0.066561,0.010977,8,2471.624756,4.207153,9.456917,3.65321,1.0875,0.094681,return
1099,1.163167,0,0,0.880038,0.092267,0.015614,0.060765,0.01352,8,2471.624756,4.207153,9.456917,3.65321,0.771377,0.095075,return
1100,1.348591,0,0,0.97734,0.10958,0.019155,0.077034,0.012254,8,2471.624756,4.207153,9.456917,3.65321,0.8161,0.147667,return
1101,15.737925,1,14.534214,15.451603,0.083007,0.010237,0.059728,0.010806,8,2471.624756,3.538559,7.152079,3.400867,0.706403,0.129855,return
1102,1.038159,0,0,0.759234,0.078095,0.010211,0.055152,0.010578,8,2471.624756,3.538559,7.152079,3.400867,0.656325,0.091392,return
1103,1.207581,0,0,0.870201,0.104989,0.012032,0.076023,0.014462,8,2471.624756,3.538559,7.152079,3.400867,0.70171,0.153112,return
1104,16.528773,1,15.276768,16.200062,0.087982,0.010492,0.063767,0.011188,8,2471.624756,4.023682,7.398912,3.287249,0.678976,0.141181,return
1105,1.1078,0,0,0.816396,0.109567,0.019923,0.075866,0.011258,8,2471.624756,4.023682,7.398912,3.287249,0.688847,0.114818,return
1106,1.013978,0,0,0.788863,0.05937,0.005832,0.045596,0.007207,8,2471.624756,4.023682,7.398912,3.287249,0.686917,0.091288,return
1107,15.675644,1,13.885406,15.25255,0.110551,0.011915,0.083718,0.012013,8,2471.624756,3.509449,6.773612,3.093558,1.095148,0.151902,return
1108,1.082671,0,0,0.765227,0.105959,0.010627,0.082944,0.010588,8,2471.624756,3.509449,6.773612,3.093558,0.650211,0.103236,return
1109,1.013712,0,0,0.75964,0.064351,0.006806,0.049311,0.007443,8,2471.624756,3.509449,6.773612,3.093558,0.651838,0.096491,return
1110,14.181622,1,13.104561,13.932288,0.075902,0.009514,0.054357,0.01,8,2471.624756,3.355018,6.417166,2.898395,0.659534,0.092597,pour
1111,1.276776,0,0,0.977292,0.1137,0.011354,0.082274,0.01771,8,2471.624756,3.355018,6.417166,2.898395,0.854406,0.101547,pour
1112,1.027792,0,0,0.803814,0.059697,0.005689,0.046231,0.007025,8,2471.624756,3.355018,6.417166,2.898395,0.702667,0.090763,pour
1113,14.53373,1,13.461466,14.271828,0.074159,0.008974,0.05361,0.009911,8,2471.624756,3.536129,6.483016,2.959246,0.643525,0.089475,pour
1114,1.076229,0,0,0.812283,0.080144,0.010476,0.057337,0.010512,8,2471.624756,3.536129,6.483016,2.959246,0.703657,0.096062,pour
1115,1.045047,0,0,0.798364,0.067747,0.005769,0.054107,0.007314,8,2471.624756,3.536129,6.483016,2.959246,0.69128,0.09569,pour
1116,13.896945,1,12.837833,13.648352,0.075547,0.008596,0.054946,0.010058,8,2471.624756,3.19846,6.225685,2.976013,0.642385,0.094813,pour
1117,1.138519,0,0,0.849487,0.090424,0.011438,0.065045,0.011737,8,2471.624756,3.19846,6.225685,2.976013,0.720841,0.115352,pour
1118,1.090157,0,0,0.827771,0.07028,0.006868,0.054877,0.007715,8,2471.624756,3.19846,6.225685,2.976013,0.707747,0.107706,pour
1119,14.154825,1,13.072804,13.892489,0.074706,0.008782,0.054949,0.009281,8,2471.624756,3.31716,6.275854,3.042961,0.640447,0.099869,pour
1120,1.153113,0,0,0.869923,0.08595,0.011252,0.061644,0.011191,8,2471.624756,3.31716,6.275854,3.042961,0.741854,0.114815,pour
1121,1.115953,0,0,0.854674,0.068526,0.006224,0.053733,0.007952,8,2471.624756,3.31716,6.275854,3.042961,0.728119,0.113934,pour
1122,15.19843,1,14.087487,14.923405,0.075611,0.008832,0.055082,0.009812,8,2471.624756,3.553214,6.870788,3.157333,0.641628,0.11138,pour
1123,1.005504,0,0,0.747162,0.080862,0.009949,0.058373,0.010639,8,2471.624756,3.553214,6.870788,3.157333,0.641855,0.093809,pour
1124,0.930578,0,0,0.708768,0.058762,0.005288,0.046156,0.006809,8,2471.624756,3.553214,6.870788,3.157333,0.605328,0.093071,pour
1125,14.952548,1,13.690278,14.654623,0.08473,0.009294,0.063087,0.01062,8,2471.624756,3.474751,6.600244,3.094267,0.761666,0.113675,pour
1126,0.966658,0,0,0.728535,0.064188,0.00674,0.048755,0.007705,8,2471.624756,3.474751,6.600244,3.094267,0.624538,0.093447,pour
1127,1.121433,0,0,0.842773,0.080752,0.00827,0.061496,0.009607,8,2471.624756,3.474751,6.600244,3.094267,0.724864,0.104759,pour
1128,14.345542,1,13.191554,14.080641,0.073203,0.007226,0.056525,0.008638,8,2471.624756,3.463294,6.423364,2.869582,0.721401,0.090483,pour
1129,0.984508,0,0,0.733413,0.077081,0.00986,0.054877,0.010481,8,2471.624756,3.463294,6.423364,2.869582,0.631468,0.09043,pour
1130,0.943721,0,0,0.710021,0.068883,0.00594,0.047856,0.014375,8,2471.624756,3.463294,6.423364,2.869582,0.610776,0.088379,pour
1131,14.405638,1,13.329928,14.138122,0.08045,0.008976,0.059087,0.010465,8,2471.624756,3.29149,6.638054,2.96281,0.648364,0.087121,pour
1132,1.025312,0,0,0.759252,0.080902,0.010006,0.057756,0.011183,8,2471.624756,3.29149,6.638054,2.96281,0.656765,0.090229,pour
1133,0.98823,0,0,0.741436,0.083139,0.016585,0.058222,0.007617,8,2471.624756,3.29149,6.638054,2.96281,0.624116,0.105928,pour
1134,14.428697,1,13.279012,14.14718,0.078163,0.006659,0.062804,0.007982,8,2471.624756,3.29808,6.372533,3.12851,0.684441,0.100452,pour
1135,1.075732,0,0,0.80585,0.08326,0.010477,0.059969,0.010932,8,2471.624756,3.29808,6.372533,3.12851,0.695109,0.098169,pour
1136,1.154026,0,0,0.853941,0.081606,0.008995,0.060279,0.010501,8,2471.624756,3.29808,6.372533,3.12851,0.724749,0.117009,pour
1137,14.781711,1,13.595819,14.487694,0.074744,0.007645,0.056934,0.009055,8,2471.624756,3.545472,6.645345,2.972628,0.721313,0.092071,pour
1138,0.994204,0,0,0.750157,0.076033,0.009617,0.054208,0.010415,8,2471.624756,3.545472,6.645345,2.972628,0.643618,0.095374,pour
1139,1.02011,0,0,0.786025,0.063476,0.006717,0.048467,0.007576,8,2471.624756,3.545472,6.645345,2.972628,0.685832,0.089413,pour
1140,13.954733,1,12.800212,13.703645,0.076583,0.009008,0.055756,0.009941,8,2471.624756,3.200227,6.168813,2.910661,0.704897,0.11379,pour
1141,1.14485,0,0,0.863774,0.083618,0.010039,0.0613,0.010616,8,2471.624756,3.200227,6.168813,2.910661,0.745459,0.105436,pour
1142,1.104471,0,0,0.832039,0.068911,0.006042,0.054541,0.007767,8,2471.624756,3.200227,6.168813,2.910661,0.714876,0.104919,pour
1143,14.752091,1,13.516308,14.460446,0.090542,0.009945,0.067106,0.011491,8,2471.624756,3.41808,6.643658,3.020378,0.770796,0.091844,pour
1144,1.136234,0,0,0.848053,0.090627,0.010958,0.066258,0.011498,8,2471.624756,3.41808,6.643658,3.020378,0.723688,0.111295,pour
1145,1.098215,0,0,0.831913,0.074506,0.006413,0.059422,0.008134,8,2471.624756,3.41808,6.643658,3.020378,0.714145,0.105292,pour
1146,14.196426,1,13.074404,13.883724,0.11789,0.008794,0.088653,0.018573,8,2471.624756,3.3616,6.226032,2.981103,0.620178,0.106754,pour
1147,1.210885,0,0,0.902986,0.097902,0.020174,0.064307,0.011299,8,2471.624756,3.3616,6.226032,2.981103,0.733541,0.148111,pour
1148,1.018727,0,0,0.793107,0.059948,0.005341,0.04708,0.007014,8,2471.624756,3.3616,6.226032,2.981103,0.662099,0.120701,pour
1149,14.922052,1,13.67783,14.622188,0.079214,0.007713,0.060669,0.009826,8,2471.624756,3.471809,6.523538,3.158285,0.74419,0.110783,pour
1150,1.119327,0,0,0.83923,0.085543,0.011274,0.061567,0.010705,8,2471.624756,3.471809,6.523538,3.158285,0.720948,0.105761,pour
1151,1.082902,0,0,0.824902,0.06779,0.006368,0.052939,0.007872,8,2471.624756,3.471809,6.523538,3.158285,0.708014,0.104801,pour
1152,14.344916,1,13.25115,14.067077,0.075161,0.009448,0.054324,0.009508,8,2471.624756,3.212053,6.255787,3.253028,0.619428,0.110611,pour
1153,0.996442,0,0,0.730988,0.079089,0.009788,0.0563,0.010976,8,2471.624756,3.212053,6.255787,3.253028,0.629252,0.090261,pour
1154,0.943193,0,0,0.721991,0.059186,0.005696,0.046129,0.006711,8,2471.624756,3.212053,6.255787,3.253028,0.62268,0.089017,pour
1155,14.365328,1,13.198073,14.086866,0.08154,0.013877,0.057738,0.009148,8,2471.624756,3.419663,6.536962,2.802632,0.718689,0.092089,pour
1156,1.113768,0,0,0.821494,0.084665,0.010913,0.061199,0.010603,8,2471.624756,3.419663,6.536962,2.802632,0.7026,0.105517,pour
1157,0.927241,0,0,0.689554,0.058286,0.005871,0.045389,0.006529,8,2471.624756,3.419663,6.536962,2.802632,0.589896,0.089204,pour
1158,14.347566,1,13.256329,14.072819,0.075852,0.009193,0.055094,0.009631,8,2471.624756,3.414198,6.256623,3.064819,0.620094,0.110434,pour
1159,1.008843,0,0,0.737962,0.078312,0.010177,0.055551,0.010711,8,2471.624756,3.414198,6.256623,3.064819,0.636712,0.089884,pour
1160,0.907795,0,0,0.690021,0.057118,0.005154,0.045042,0.006479,8,2471.624756,3.414198,6.256623,3.064819,0.590742,0.089046,pour
1161,14.947495,1,13.743381,14.644327,0.088677,0.009152,0.067447,0.01039,8,2471.624756,3.513495,6.659702,3.065723,0.705059,0.108277,pour
1162,0.92818,0,0,0.694874,0.06492,0.007268,0.048763,0.00772,8,2471.624756,3.513495,6.659702,3.065723,0.594938,0.089552,pour
1163,1.10038,0,0,0.82136,0.083847,0.014479,0.058662,0.009474,8,2471.624756,3.513495,6.659702,3.065723,0.70266,0.105685,pour
1164,14.492258,1,13.32062,14.217538,0.078828,0.007369,0.061852,0.00878,8,2471.624756,3.401986,6.508487,2.941765,0.724799,0.092642,pour
1165,0.980368,0,0,0.730268,0.078302,0.010064,0.055943,0.010322,8,2471.624756,3.401986,6.508487,2.941765,0.626568,0.092182,pour
1166,0.949572,0,0,0.72494,0.06224,0.006314,0.048087,0.007205,8,2471.624756,3.401986,6.508487,2.941765,0.6248,0.089408,pour
1167,14.387807,1,13.225237,14.098195,0.080761,0.01082,0.056937,0.010789,8,2471.624756,3.325366,6.388211,3.047097,0.687822,0.098409,pour
1168,1.031619,0,0,0.78242,0.078306,0.010458,0.055337,0.010484,8,2471.624756,3.325366,6.388211,3.047097,0.624815,0.14583,pour
1169,0.992146,0,0,0.756016,0.062005,0.00626,0.047728,0.007261,8,2471.624756,3.325366,6.388211,3.047097,0.635109,0.110057,pour
1170,14.160021,1,13.105214,13.870423,0.099988,0.006532,0.085322,0.007427,8,2471.624756,3.38897,6.373792,2.908682,0.593396,0.093081,pour
1171,0.980614,0,0,0.724607,0.077287,0.010176,0.054962,0.010356,8,2471.624756,3.38897,6.373792,2.908682,0.623272,0.08988,pour
1172,1.045014,0,0,0.801555,0.063511,0.006585,0.04848,0.007515,8,2471.624756,3.38897,6.373792,2.908682,0.68014,0.09988,pour
1173,14.731582,1,13.631325,14.446419,0.078213,0.009803,0.056035,0.010323,8,2471.624756,3.41169,6.40166,3.17388,0.622278,0.105392,pour
1174,1.128601,0,0,0.80142,0.089306,0.011698,0.063026,0.012358,8,2471.624756,3.41169,6.40166,3.17388,0.684668,0.103206,pour
1175,1.099513,0,0,0.821719,0.088396,0.011563,0.06288,0.011604,8,2471.624756,3.41169,6.40166,3.17388,0.703842,0.103532,pour
1176,16.087856,1,14.425245,15.685547,0.149015,0.017278,0.110413,0.018003,8,2471.624756,3.703604,7.261975,3.017919,1.063908,0.093924,pour
1177,1.043141,0,0,0.727564,0.082503,0.011135,0.057891,0.010859,8,2471.624756,3.703604,7.261975,3.017919,0.6237,0.090654,pour
1178,1.112693,0,0,0.812528,0.086989,0.011774,0.061101,0.011578,8,2471.624756,3.703604,7.261975,3.017919,0.656359,0.13997,pour
1179,15.744691,1,14.43816,15.377568,0.148966,0.022601,0.091853,0.030225,8,2471.624756,3.66332,7.179167,3.145895,0.754164,0.089313,pour
1180,1.010666,0,0,0.752491,0.080785,0.011304,0.055761,0.011468,8,2471.624756,3.66332,7.179167,3.145895,0.653149,0.087494,pour
1181,0.946169,0,0,0.717878,0.059888,0.006027,0.046109,0.006964,8,2471.624756,3.66332,7.179167,3.145895,0.621041,0.085663,pour
1182,15.580911,1,14.358967,15.213641,0.146595,0.018153,0.095697,0.028883,8,2471.624756,3.592951,6.996625,3.281191,0.674344,0.081782,pour
1183,0.996518,0,0,0.728561,0.083661,0.011324,0.058383,0.011583,8,2471.624756,3.592951,6.996625,3.281191,0.634699,0.081207,pour
1184,0.992346,0,0,0.710725,0.059243,0.005836,0.04613,0.006683,8,2471.624756,3.592951,6.996625,3.281191,0.607553,0.092063,pour
1185,15.615759,1,14.453941,15.274666,0.083439,0.0104,0.059872,0.010591,8,2196.999756,3.490103,7.334699,3.177177,0.652105,0.081764,pour
1186,2.50141,0,0,2.218871,0.103317,0.010618,0.078855,0.011105,8,2196.999756,3.490103,7.334699,3.177177,2.125307,0.080558,pour
1187,2.333286,0,0,2.104306,0.0608,0.005702,0.047235,0.00704,8,2196.999756,3.490103,7.334699,3.177177,2.013386,0.080024,pour
1188,15.40034,1,12.822677,15.121863,0.07855,0.009316,0.057192,0.00995,8,2196.999756,3.264029,6.20068,2.889446,2.134279,0.086729,pour
1189,2.300399,0,0,2.018281,0.08622,0.01066,0.061607,0.011581,8,2196.999756,3.264029,6.20068,2.889446,1.911309,0.089422,pour
1190,2.77825,0,0,2.491058,0.082246,0.008247,0.054373,0.00832,8,2196.999756,3.264029,6.20068,2.889446,2.396682,0.081498,pour
1191,15.804066,1,13.551164,15.463148,0.081979,0.009014,0.061283,0.009807,8,0,3.377086,6.593088,3.139188,1.749176,0.081166,pour
1192,2.447247,0,0,2.181006,0.081233,0.010495,0.057567,0.01106,8,0,3.377086,6.593088,3.139188,2.084352,0.084897,pour
1193,2.331525,0,0,2.10115,0.06033,0.005755,0.047239,0.006542,8,0,3.377086,6.593088,3.139188,2.010491,0.08026,pour
1194,14.883909,1,12.475964,14.631397,0.075101,0.00882,0.054582,0.009697,8,0,3.212984,6.00603,2.822899,2.002309,0.080234,pour
1195,2.610018,0,0,2.298959,0.101148,0.010157,0.068036,0.020852,8,0,3.212984,6.00603,2.822899,2.156221,0.119977,pour
1196,1.986349,0,0,1.754382,0.06347,0.005979,0.049539,0.007302,8,0,3.212984,6.00603,2.822899,1.660015,0.083507,pour
1197,15.526608,1,13.446301,15.22676,0.068235,0.007042,0.0522,0.008154,8,0,3.390834,6.353237,3.22887,1.60647,0.087925,pour
1198,1.677681,0,0,1.426481,0.079393,0.010911,0.056105,0.010287,8,0,3.390834,6.353237,3.22887,1.33467,0.080208,pour
1199,1.594731,0,0,1.367314,0.059437,0.005624,0.04651,0.006694,8,0,3.390834,6.353237,3.22887,1.277359,0.079974,pour
1200,14.901336,1,13.237736,14.625684,0.082519,0.009307,0.061036,0.010365,8,0,3.324274,6.392148,3.082243,1.230777,0.080853,pour
1201,1.494096,0,0,1.214703,0.080434,0.009861,0.057854,0.010687,8,0,3.324274,6.392148,3.082243,1.123495,0.080217,pour
1202,1.386713,0,0,1.129941,0.093393,0.01591,0.070413,0.006585,8,0,3.324274,6.392148,3.082243,1.030331,0.08932,pour
1203,14.560705,1,13.079603,14.27984,0.075713,0.009353,0.054565,0.00987,8,0,3.292008,6.193422,3.109725,0.999068,0.116235,pour
1204,0.934527,0,0,0.69028,0.076959,0.009866,0.054486,0.010431,8,0,3.292008,6.193422,3.109725,0.598943,0.080197,pour
1205,0.919369,0,0,0.701357,0.057091,0.005388,0.044491,0.006551,8,0,3.292008,6.193422,3.109725,0.611395,0.080061,pour
1206,14.331966,1,13.323915,14.063702,0.076291,0.00922,0.054982,0.009978,8,0,3.552223,6.312219,3.021839,0.581664,0.081043,pour
1207,0.983844,0,0,0.734356,0.079962,0.010256,0.056955,0.010633,8,0,3.552223,6.312219,3.021839,0.642744,0.080285,pour
1208,0.893794,0,0,0.657005,0.05634,0.005136,0.044289,0.00643,8,0,3.552223,6.312219,3.021839,0.562057,0.079945,pour
1209,14.748839,1,13.723491,14.457145,0.087985,0.009118,0.05971,0.017265,8,0,3.39845,6.730078,3.030124,0.572331,0.081158,pour
1210,0.931707,0,0,0.679937,0.07749,0.009715,0.055299,0.010402,8,0,3.39845,6.730078,3.030124,0.588712,0.080171,pour
1211,0.876355,0,0,0.648742,0.06041,0.005242,0.048241,0.006451,8,0,3.39845,6.730078,3.030124,0.558905,0.080043,pour
1212,14.095732,1,13.094861,13.825159,0.080212,0.008844,0.059385,0.010159,8,0,3.328397,6.337072,2.984079,0.573066,0.080887,pour
1213,1.15716,0,0,0.842055,0.110465,0.011393,0.084705,0.011944,8,0,3.328397,6.337072,2.984079,0.735882,0.094027,pour
1214,0.946931,0,0,0.710355,0.070312,0.007783,0.051489,0.009358,8,0,3.328397,6.337072,2.984079,0.57268,0.12643,pour
1215,14.032061,1,13.029507,13.770972,0.081757,0.009451,0.059951,0.010437,8,0,3.23804,6.419788,2.92305,0.586709,0.080531,pour
1216,0.936779,0,0,0.682829,0.0796,0.010561,0.056237,0.010601,8,0,3.23804,6.419788,2.92305,0.591262,0.080415,pour
1217,0.914122,0,0,0.664133,0.062357,0.006049,0.048057,0.0075,8,0,3.23804,6.419788,2.92305,0.57322,0.080199,pour
1218,14.132135,1,13.083908,13.831178,0.075445,0.008585,0.054862,0.010048,8,0,3.38566,6.340986,2.916787,0.587914,0.080806,pour
1219,1.065925,0,0,0.803702,0.089139,0.010488,0.056852,0.010589,8,0,3.38566,6.340986,2.916787,0.711768,0.080405,pour
1220,1.315868,0,0,1.000662,0.083233,0.009553,0.060658,0.010849,8,0,3.38566,6.340986,2.916787,0.895731,0.091558,pour
1221,14.003754,1,12.821933,13.667516,0.075502,0.009187,0.054726,0.009621,8,0,3.245628,6.162034,2.85136,0.581251,0.149634,pour
1222,0.980543,0,0,0.732891,0.079317,0.010011,0.056733,0.01052,8,0,3.245628,6.162034,2.85136,0.600989,0.120929,pour
1223,1.351248,0,0,1.017555,0.14115,0.012918,0.109064,0.017009,8,0,3.245628,6.162034,2.85136,0.871101,0.12951,pour
1224,14.371145,1,13.358261,14.10152,0.076017,0.007796,0.057736,0.008981,8,0,3.424486,6.655565,2.838145,0.582783,0.0839,pour
1225,0.963928,0,0,0.716399,0.078633,0.009721,0.056411,0.010435,8,0,3.424486,6.655565,2.838145,0.624702,0.080263,pour
1226,1.029157,0,0,0.767742,0.079767,0.008614,0.053808,0.015531,8,0,3.424486,6.655565,2.838145,0.674683,0.080367,pour
1227,14.301489,1,13.217783,14.00285,0.076806,0.009052,0.055088,0.010625,8,0,3.378614,6.343732,3.054507,0.624454,0.081204,pour
1228,0.940918,0,0,0.688284,0.084569,0.009994,0.061895,0.010701,8,0,3.378614,6.343732,3.054507,0.596576,0.080459,pour
1229,0.915197,0,0,0.679855,0.072559,0.006289,0.047882,0.017699,8,0,3.378614,6.343732,3.054507,0.579701,0.089391,pour
1230,15.081485,1,14.003416,14.813284,0.075144,0.008736,0.054848,0.009636,8,0,3.644317,7.083628,2.831138,0.649806,0.081228,pour
1231,0.944782,0,0,0.697409,0.078216,0.010374,0.055587,0.010036,8,0,3.644317,7.083628,2.831138,0.606419,0.0802,pour
1232,0.881485,0,0,0.663904,0.056961,0.00527,0.04459,0.006629,8,0,3.644317,7.083628,2.831138,0.573871,0.080059,pour
1233,14.756372,1,13.615583,14.463842,0.09493,0.011432,0.069122,0.012033,8,0,3.508187,6.851983,2.790368,0.684944,0.081529,pour
1234,1.014318,0,0,0.734644,0.106181,0.019683,0.056457,0.027796,8,0,3.508187,6.851983,2.790368,0.643144,0.080257,pour
1235,0.93869,0,0,0.685721,0.057404,0.005304,0.044697,0.006936,8,0,3.508187,6.851983,2.790368,0.571855,0.104,pour
1236,14.123947,1,12.977456,13.850764,0.077849,0.009674,0.056116,0.010132,8,0,3.490628,6.166208,2.882721,0.680511,0.114631,pour
1237,0.982353,0,0,0.729429,0.07793,0.010415,0.05495,0.010542,8,0,3.490628,6.166208,2.882721,0.638034,0.080207,pour
1238,1.027304,0,0,0.771913,0.062426,0.007546,0.045763,0.008526,8,0,3.490628,6.166208,2.882721,0.637411,0.122129,pour
1239,13.794466,1,12.724443,13.520129,0.078457,0.009803,0.05627,0.010188,8,0,3.32781,6.132517,2.825847,0.636649,0.08077,pour
1240,1.073203,0,0,0.800488,0.081611,0.010428,0.057576,0.010708,8,0,3.32781,6.132517,2.825847,0.708051,0.080172,pour
1241,0.999214,0,0,0.743912,0.059001,0.005496,0.045631,0.007135,8,0,3.32781,6.132517,2.825847,0.653169,0.080082,pour
1242,14.580371,1,13.539103,14.298801,0.079606,0.010039,0.056466,0.010905,8,0,3.40092,6.521158,3.080964,0.586821,0.081751,pour
1243,1.11583,0,0,0.774636,0.093674,0.010801,0.059109,0.021146,8,0,3.40092,6.521158,3.080964,0.657981,0.103825,pour
1244,1.057985,0,0,0.784151,0.061747,0.006272,0.046766,0.007569,8,0,3.40092,6.521158,3.080964,0.692319,0.080629,pour
1245,14.808632,1,13.660104,14.501218,0.085023,0.011104,0.059567,0.011512,8,0,3.595113,6.582159,3.035443,0.64413,0.081917,pour
1246,1.098976,0,0,0.797312,0.083979,0.011017,0.059475,0.01109,8,0,3.595113,6.582159,3.035443,0.703056,0.08119,pour
1247,0.9495,0,0,0.714978,0.062672,0.005385,0.049517,0.007101,8,0,3.595113,6.582159,3.035443,0.622861,0.080889,pour
1248,14.656433,1,13.550378,14.312917,0.079829,0.009913,0.057535,0.010477,8,0,3.552624,6.437065,3.048541,0.588985,0.084137,pour
1249,1.013405,0,0,0.708997,0.079776,0.01027,0.055937,0.01125,8,0,3.552624,6.437065,3.048541,0.614088,0.082158,pour
1250,0.91662,0,0,0.668972,0.059535,0.005868,0.046338,0.00668,8,0,3.552624,6.437065,3.048541,0.5776,0.080366,pour
1251,14.672356,1,13.417386,14.340268,0.110327,0.015402,0.074206,0.018005,8,0,3.490088,6.467993,3.006238,0.698266,0.081364,pour
1252,1.100079,0,0,0.775671,0.08249,0.010631,0.058108,0.011577,8,0,3.490088,6.467993,3.006238,0.668155,0.095451,pour
1253,1.047944,0,0,0.717926,0.100953,0.011075,0.076436,0.010846,8,0,3.490088,6.467993,3.006238,0.621719,0.082502,pour
1254,14.020506,1,12.916336,13.707301,0.079128,0.009469,0.057244,0.010322,8,0,3.405078,6.208192,2.862702,0.603304,0.101324,pour
1255,1.011052,0,0,0.727079,0.084356,0.010848,0.059485,0.011397,8,0,3.405078,6.208192,2.862702,0.631185,0.08382,pour
1256,1.023495,0,0,0.737978,0.089445,0.010641,0.06554,0.010598,8,0,3.405078,6.208192,2.862702,0.631973,0.091813,pour
1257,13.981652,1,12.916516,13.697465,0.079749,0.009785,0.057224,0.010359,8,0,3.364826,6.085413,2.98639,0.609242,0.087399,pour
1258,1.19969,0,0,0.875081,0.083185,0.010533,0.059273,0.011184,8,0,3.364826,6.085413,2.98639,0.750098,0.111863,pour
1259,1.045575,0,0,0.761932,0.071534,0.007407,0.055097,0.007981,8,0,3.364826,6.085413,2.98639,0.658842,0.090314,pour
1260,13.978146,1,12.982043,13.726174,0.063576,0.006451,0.048755,0.00745,8,0,3.375872,6.138961,2.992698,0.585727,0.080901,pour
1261,0.921909,0,0,0.671322,0.082514,0.010046,0.054706,0.015903,8,0,3.375872,6.138961,2.992698,0.579833,0.08032,pour
1262,1.048461,0,0,0.786881,0.074881,0.010161,0.053843,0.009114,8,0,3.375872,6.138961,2.992698,0.691682,0.082324,pour
1263,13.563687,1,12.537988,13.312789,0.068962,0.007563,0.051465,0.008745,8,0,3.3184,5.867432,2.892734,0.593275,0.104657,pour
1264,0.938848,0,0,0.688936,0.079118,0.01085,0.055745,0.010349,8,0,3.3184,5.867432,2.892734,0.595756,0.081184,pour
1265,0.923889,0,0,0.697227,0.061966,0.00626,0.047766,0.007219,8,0,3.3184,5.867432,2.892734,0.606359,0.080274,pour
1266,13.923532,1,12.896264,13.633245,0.062339,0.006145,0.048272,0.007194,8,0,3.415642,6.095692,2.931939,0.580547,0.080871,pour
1267,0.919423,0,0,0.676014,0.075881,0.010172,0.05409,0.009615,8,0,3.415642,6.095692,2.931939,0.578842,0.086261,pour
1268,0.936846,0,0,0.68299,0.08253,0.009397,0.061144,0.010179,8,0,3.415642,6.095692,2.931939,0.589764,0.08097,pour
1269,13.797568,1,12.801341,13.545976,0.063277,0.006506,0.048285,0.00761,8,0,3.258533,6.13936,2.958534,0.58662,0.08191,pour
1270,0.930639,0,0,0.685148,0.076883,0.009945,0.05473,0.010153,8,0,3.258533,6.13936,2.958534,0.593193,0.081094,pour
1271,0.886536,0,0,0.667432,0.056573,0.005314,0.044201,0.006531,8,0,3.258533,6.13936,2.958534,0.577447,0.08013,pour
1272,13.569984,1,12.523952,13.318669,0.07688,0.010243,0.054607,0.01006,8,0,3.283096,5.999877,2.797468,0.639889,0.080922,pour
1273,1.098324,0,0,0.805055,0.096845,0.011387,0.071902,0.01135,8,0,3.283096,5.999877,2.797468,0.694439,0.097549,pour
1274,1.079794,0,0,0.817063,0.067495,0.006228,0.05256,0.008074,8,0,3.283096,5.999877,2.797468,0.711159,0.094144,pour
1275,14.69257,1,13.663287,14.406525,0.081491,0.00952,0.060146,0.009842,8,0,3.336333,7.030076,2.853247,0.58206,0.081817,pour
1276,0.944205,0,0,0.668932,0.077347,0.009927,0.0549,0.010511,8,0,3.336333,7.030076,2.853247,0.577296,0.080685,pour
1277,1.022724,0,0,0.761161,0.070913,0.006517,0.056487,0.007312,8,0,3.336333,7.030076,2.853247,0.651836,0.09728,pour
1278,14.382683,1,13.369252,14.114273,0.08436,0.009306,0.063128,0.009853,8,0,3.339156,6.696689,2.89772,0.588082,0.082761,pour
1279,1.060075,0,0,0.786088,0.082261,0.009649,0.060594,0.01031,8,0,3.339156,6.696689,2.89772,0.677055,0.095944,pour
1280,1.050943,0,0,0.783329,0.070732,0.006734,0.054768,0.008375,8,0,3.339156,6.696689,2.89772,0.676092,0.094652,pour
1281,13.73918,1,12.733589,13.472849,0.072785,0.008962,0.05267,0.009501,8,0,3.341291,5.960121,2.9928,0.58383,0.08083,pour
1282,1.072629,0,0,0.774278,0.103798,0.011918,0.07694,0.012339,8,0,3.341291,5.960121,2.9928,0.658141,0.102306,pour
1283,1.044772,0,0,0.77612,0.074202,0.006522,0.058796,0.008144,8,0,3.341291,5.960121,2.9928,0.669026,0.094728,pour
1284,13.400931,1,12.394978,13.139124,0.077623,0.009671,0.055789,0.010132,8,0,3.241939,5.941052,2.770438,0.589377,0.080186,pour
1285,0.985893,0,0,0.723812,0.071504,0.009119,0.051619,0.00919,8,0,3.241939,5.941052,2.770438,0.612184,0.10068,pour
1286,0.979773,0,0,0.705842,0.059109,0.005601,0.045987,0.006872,8,0,3.241939,5.941052,2.770438,0.583836,0.108752,pour
1287,14.40339,1,13.309484,14.102233,0.080606,0.009248,0.059255,0.010264,8,0,3.424996,6.570992,2.87283,0.583833,0.101564,pour
1288,0.920895,0,0,0.673508,0.077556,0.010427,0.054921,0.010088,8,0,3.424996,6.570992,2.87283,0.58128,0.081036,pour
1289,0.881446,0,0,0.662737,0.057213,0.005441,0.044348,0.006828,8,0,3.424996,6.570992,2.87283,0.572047,0.08031,pour
1290,14.044623,1,12.994469,13.760246,0.082011,0.00957,0.060421,0.010166,8,0,3.27375,6.210085,2.97921,0.583944,0.097288,pour
1291,0.926126,0,0,0.665781,0.078612,0.010294,0.055811,0.010573,8,0,3.27375,6.210085,2.97921,0.573753,0.080672,pour
1292,0.883494,0,0,0.655715,0.059818,0.005426,0.047554,0.006313,8,0,3.27375,6.210085,2.97921,0.565176,0.080358,pour
1293,13.510145,1,12.504982,13.26953,0.066507,0.006953,0.049801,0.008758,8,0,3.238847,5.98391,2.847545,0.613676,0.080273,pour
1294,1.009555,0,0,0.754902,0.078521,0.010216,0.055402,0.010967,8,0,3.238847,5.98391,2.847545,0.662666,0.08045,pour
1295,0.910138,0,0,0.664812,0.070044,0.007197,0.054241,0.007562,8,0,3.238847,5.98391,2.847545,0.573703,0.079588,pour
1296,13.609453,1,12.580612,13.345369,0.080005,0.009754,0.058598,0.009699,8,0,3.320127,5.984906,2.835693,0.60982,0.08025,pour
1297,0.899434,0,0,0.659145,0.0672,0.00634,0.051476,0.007731,8,0,3.320127,5.984906,2.835693,0.568118,0.080621,pour
1298,0.890404,0,0,0.664373,0.061784,0.005077,0.049126,0.006594,8,0,3.320127,5.984906,2.835693,0.57295,0.080197,pour
1299,14.6422,1,13.498696,14.323651,0.080339,0.008474,0.058851,0.010501,8,0,3.538052,6.412878,3.038385,0.628344,0.099056,pour
1300,1.071322,0,0,0.802612,0.075698,0.00864,0.055253,0.00958,8,0,3.538052,6.412878,3.038385,0.674376,0.115534,pour
1301,0.935204,0,0,0.705052,0.061882,0.005691,0.048925,0.006396,8,0,3.538052,6.412878,3.038385,0.612073,0.081195,pour
1302,13.826912,1,12.770643,13.568114,0.073357,0.007633,0.055425,0.008476,8,0,3.283712,6.228819,2.817201,0.64077,0.080366,pour
1303,1.056423,0,0,0.785213,0.082061,0.008503,0.061852,0.009969,8,0,3.283712,6.228819,2.817201,0.678055,0.094482,pour
1304,0.906699,0,0,0.670917,0.061004,0.005203,0.048243,0.006777,8,0,3.283712,6.228819,2.817201,0.568555,0.091353,pour
1305,14.818843,1,13.739703,14.531602,0.074892,0.007829,0.056112,0.008944,8,0,3.581885,6.608594,3.017484,0.592871,0.100313,pour
1306,0.985954,0,0,0.705516,0.095958,0.025974,0.057362,0.010451,8,0,3.581885,6.608594,3.017484,0.601317,0.090847,pour
1307,1.042359,0,0,0.741154,0.07723,0.008374,0.056503,0.009717,8,0,3.581885,6.608594,3.017484,0.647003,0.081478,pour
1308,15.236599,1,13.648619,14.814851,0.165706,0.013281,0.133668,0.015916,8,0,3.412365,6.571567,3.221892,0.995851,0.081443,pour
1309,0.976829,0,0,0.725846,0.077425,0.009136,0.056163,0.010061,8,0,3.412365,6.571567,3.221892,0.633844,0.08046,pour
1310,0.905445,0,0,0.689353,0.054751,0.003833,0.044489,0.005886,8,0,3.412365,6.571567,3.221892,0.598723,0.080373,pour
1311,15.608559,1,14.424102,15.277876,0.081683,0.008723,0.059515,0.010855,8,0,3.710645,7.146901,3.073235,0.686857,0.081386,pour
1312,0.986376,0,0,0.694254,0.077007,0.008433,0.056256,0.009827,8,0,3.710645,7.146901,3.073235,0.599434,0.082132,pour
1313,0.922836,0,0,0.67211,0.056495,0.004231,0.045608,0.005961,8,0,3.710645,7.146901,3.073235,0.568201,0.092805,pour
1314,14.801313,1,13.667851,14.47411,0.082946,0.009445,0.060293,0.010408,8,0,3.417755,6.720222,3.061009,0.636345,0.082061,pour
1315,1.070044,0,0,0.771768,0.089137,0.007235,0.067651,0.011696,8,0,3.417755,6.720222,3.061009,0.665658,0.092475,pour
1316,1.012789,0,0,0.754791,0.0624,0.003467,0.051416,0.006894,8,0,3.417755,6.720222,3.061009,0.64957,0.092393,pour
1317,15.889538,1,14.742736,15.553506,0.094634,0.007678,0.07258,0.011889,8,0,3.68096,7.386765,3.232752,0.643121,0.080923,pour
1318,0.961281,0,0,0.683672,0.081719,0.006271,0.06362,0.00958,8,0,3.68096,7.386765,3.232752,0.589157,0.082878,pour
1319,1.03618,0,0,0.759557,0.064348,0.003878,0.052135,0.007461,8,0,3.68096,7.386765,3.232752,0.655514,0.091533,pour
1320,13.906006,1,12.906376,13.638462,0.075041,0.005959,0.058126,0.009221,8,0,3.265471,6.416446,2.791732,0.577453,0.080293,pour
1321,0.914297,0,0,0.682733,0.063525,0.004651,0.049927,0.007814,8,0,3.265471,6.416446,2.791732,0.59163,0.080332,pour
1322,0.874438,0,0,0.657595,0.052758,0.002666,0.043657,0.005934,8,0,3.265471,6.416446,2.791732,0.566902,0.080077,pour
1323,14.797124,1,13.781817,14.524441,0.072169,0.005762,0.055229,0.009303,8,0,3.390156,7.164955,2.785672,0.582583,0.081071,pour
1324,0.997152,0,0,0.752297,0.07236,0.00653,0.054388,0.009432,8,0,3.390156,7.164955,2.785672,0.660287,0.080578,pour
1325,0.879207,0,0,0.660147,0.054198,0.002996,0.044745,0.005848,8,0,3.390156,7.164955,2.785672,0.569641,0.080029,pour
1326,15.587293,1,14.541287,15.327716,0.078039,0.005647,0.060805,0.009631,8,0,3.611254,7.287799,3.167928,0.632054,0.080278,pour
1327,0.943648,0,0,0.693329,0.07288,0.006212,0.055031,0.009559,8,0,3.611254,7.287799,3.167928,0.600998,0.080821,pour
1328,0.880414,0,0,0.661707,0.053962,0.003073,0.044349,0.005904,8,0,3.611254,7.287799,3.167928,0.570893,0.08009,pour
1329,14.81214,1,13.756785,14.512289,0.068347,0.004266,0.055183,0.007665,8,0,3.450884,6.754503,3.084837,0.568909,0.081003,pour
1330,0.930726,0,0,0.683022,0.078951,0.006244,0.061123,0.009679,8,0,3.450884,6.754503,3.084837,0.591084,0.080367,pour
1331,0.877944,0,0,0.658472,0.055898,0.00286,0.046709,0.005819,8,0,3.450884,6.754503,3.084837,0.563472,0.084344,pour
1332,14.366651,1,13.16983,14.052141,0.120879,0.006372,0.099675,0.012899,8,0,3.225218,6.568416,2.936534,0.709886,0.084497,pour
1333,0.968917,0,0,0.68015,0.075348,0.006603,0.057076,0.009648,8,0,3.225218,6.568416,2.936534,0.585235,0.083262,pour
1334,0.895903,0,0,0.66663,0.061305,0.004056,0.049212,0.00702,8,0,3.225218,6.568416,2.936534,0.574606,0.080219,pour
1335,13.872161,1,12.875505,13.616069,0.072862,0.005712,0.055852,0.00926,8,0,3.208807,6.452873,2.775336,0.584724,0.080279,pour
1336,0.917874,0,0,0.667888,0.073648,0.006222,0.055778,0.009641,8,0,3.208807,6.452873,2.775336,0.575935,0.080494,pour
1337,0.895477,0,0,0.667429,0.061327,0.003971,0.049556,0.006759,8,0,3.208807,6.452873,2.775336,0.575593,0.080375,pour
1338,14.000599,1,13.016078,13.74119,0.0716,0.005048,0.056597,0.008643,8,0,3.251706,6.557678,2.773246,0.569808,0.080502,pour
1339,1.001291,0,0,0.739866,0.074763,0.006259,0.057749,0.009038,8,0,3.251706,6.557678,2.773246,0.6334,0.094155,pour
1340,1.018429,0,0,0.759273,0.068886,0.004251,0.055992,0.00773,8,0,3.251706,6.557678,2.773246,0.654776,0.091659,pour
1341,13.876111,1,12.879034,13.613557,0.081671,0.005822,0.065017,0.00895,8,0,3.228537,6.419259,2.799279,0.57597,0.080176,pour
1342,0.948453,0,0,0.673779,0.073279,0.005882,0.055177,0.010115,8,0,3.228537,6.419259,2.799279,0.580457,0.081831,pour
1343,0.893923,0,0,0.659938,0.061539,0.004555,0.048771,0.00718,8,0,3.228537,6.419259,2.799279,0.567854,0.080362,pour
1344,14.124363,1,13.131006,13.867898,0.069379,0.005188,0.054387,0.008145,8,0,3.294768,6.612852,2.788326,0.581469,0.080585,pour
1345,1.03712,0,0,0.767499,0.080025,0.006195,0.062172,0.009649,8,0,3.294768,6.612852,2.788326,0.660344,0.094401,pour
1346,0.889422,0,0,0.656771,0.05978,0.003649,0.048539,0.006528,8,0,3.294768,6.612852,2.788326,0.565362,0.080199,pour
1347,14.284461,1,13.265509,14.024025,0.077264,0.005689,0.060484,0.008989,8,0,3.242994,6.829462,2.760054,0.583674,0.089684,pour
1348,0.924727,0,0,0.66757,0.080687,0.006132,0.062306,0.01023,8,0,3.242994,6.829462,2.760054,0.57517,0.080592,pour
1349,0.954661,0,0,0.71513,0.060883,0.003824,0.049362,0.006947,8,0,3.242994,6.829462,2.760054,0.623048,0.080313,pour
1350,14.006653,1,13.015648,13.751651,0.072216,0.005617,0.056283,0.008496,8,0,3.251357,6.471959,2.855273,0.581099,0.080272,pour
