step,time,executed,fluid_dt,contained_mass,liquid_mass,retained_mass,tank_y,tank_vy,liquid_y,contained_Ix,contained_Iy,contained_Iz,body_Px,body_Py,body_Pz,liquid_Px,liquid_Py,liquid_Pz,gravity_Iy,residual_x,residual_y,residual_z,kinetic_J,hydro_Fy,drag_Fy,particle_ms,coupling_ms,batch_support_Ix,batch_support_Iy,batch_support_Iz,batch_iterations,batch_closing_speed,batch_speed_scale,batch_cap,batch_rigid_rows,pre_step_body_y,pre_step_tank_vy,liquid_mean_vy
0,0.01666666753590107,1,0.01666666753590107,496.12503051757812,496.12503504753113,496.12503504753113,2.2386389617046198e-12,1.3431833423283024e-10,0.22318333488743308,0,0,0,-0.00013393040489972918,2.6863666846566048e-08,-2.315766778338002e-06,5.5953191139018754e-05,-81.116472170068178,3.6876266012786374e-05,-113.81645403468984,-7.7977213760710429e-05,32.699981891485336,3.4560499234448372e-05,31.41147732527563,0,0,2.742604,2.824506,0,0,0,0,0,1,0,0,0,0,-0.16350005833165995
1,0.033333335071802139,0,0,496.12503051757812,496.12503504753113,496.12503504753113,1.9623379310385047e-11,1.0430842856123945e-09,0.22318333488743308,0,0,0,-3.8608919794569374e-05,2.086168571224789e-07,3.9543957086607406e-05,5.5953191139018754e-05,-81.116472170068178,3.6876266012786374e-05,-146.51645713885014,1.734427134444938e-05,65.399985177398818,7.642022309939378e-05,31.41147732523855,0,0,0,0.031285,0,0,0,0,0,1,0,0,2.2386389617046198e-12,1.3431833423283024e-10,-0.16350005833165995
2,0.050000002607703209,1,0.033333335071802139,496.12503051757812,496.12503504753113,496.12503504753113,3.3295963208779256e-10,1.8800173862132397e-08,0.21268285291434144,-7.9230453309264703e-09,-77.711082458496094,2.0190977778611341e-09,-1.4427523353788274e-05,3.7600347724264793e-06,0.00013541542784878402,5.6503397493135044e-05,-165.63825874563099,3.6705641822010193e-05,-341.44936210406951,4.2075874139346769e-05,175.81110711847327,0.00017212106967079421,44.335230658540127,0,0,3.4543759999999999,3.5346899999999999,2.5272369384765625e-05,110.41110229492188,9.9211931228637695e-05,10,1.5576021894503356e-07,1,0,4,1.9623379310385047e-11,1.0430842856123945e-09,-0.33386393962111199
3,0.066666670143604279,0,0,496.12503051757812,496.12503504753113,496.12503504753113,3.5601777081950559e-10,1.3834875467466645e-09,0.21268285291434144,0,0,0,5.9722719925048295e-05,2.766975093493329e-07,-3.1769616271049017e-05,5.6503397493135044e-05,-165.63825874563099,3.6705641822010193e-05,-374.14936520822982,0.00011622611741818334,208.51110673929634,4.9360255509611761e-06,44.335230658517844,0,0,0,0.032543999999999997,0,0,0,10,1.5576021894503356e-07,1,0,4,3.3295963208779256e-10,1.8800173862132397e-08,-0.33386393962111199
4,0.083333337679505348,1,0.033333335071802139,496.12503051757812,496.12503504753113,496.12503504753113,1.4594745856300051e-08,8.5432367313842406e-07,0.19934231711893674,-7.4185986242980562e-09,-108.43320465087891,3.1501031116931699e-08,-3.4628476441866951e-05,0.00017086473462768481,5.125154416418809e-05,5.6665900037777828e-05,-219.43793099724894,3.6676606175234383e-05,-569.08227017344916,2.2037423595910877e-05,349.64451004093485,8.7928150339422473e-05,77.609865344203982,0,0,2.8947690000000001,2.9735559999999999,-0.00010690093040466309,141.13330078125,9.7304582595825195e-05,10,1.1060465112677775e-06,1,0,4,3.5601777081950559e-10,1.3834875467466645e-09,-0.44230368454642838
5,0.10000000521540642,0,0,496.12503051757812,496.12503504753113,496.12503504753113,4.0912571108719931e-09,-6.3020928564583301e-07,0.19934231711893674,0,0,0,1.9903836800949648e-06,-0.0001260418571291666,-0.00015189294799711206,5.6665900037777828e-05,-219.43793099724894,3.6676606175234383e-05,-601.78227327760942,5.8656283717872792e-05,382.34421623850335,-0.00011521634182187768,77.609865344171482,0,0,0,0.050115,0,0,0,10,1.1060465112677775e-06,1,0,4,1.4594745856300051e-08,8.5432367313842406e-07,-0.44230368454642838
6,0.11666667275130749,1,0.033333335071802139,496.12503051757812,496.12503504753113,496.12503504753113,5.987240925264814e-09,1.1375902886356926e-07,0.18059341424480582,9.3975192072548452e-09,-76.141220092773438,5.5938039622560609e-07,-4.5576527440971404e-05,2.2751805772713851e-05,-1.6185538243007613e-05,6.5529197946612161e-05,-305.52970970235077,5.9198948856753475e-05,-796.71517824282898,1.9952670505640757e-05,491.18549129228398,4.3013410613745862e-05,141.38543884406758,0,0,3.2622019999999998,3.3182420000000001,-2.5987625122070312e-05,108.84130859375,0.00010097026824951172,20,3.200267428837833e-07,1,0,3,4.0912571108719931e-09,-6.3020928564583301e-07,-0.61583207481775148
7,0.13333334028720856,0,0,496.12503051757812,496.12503504753113,496.12503504753113,5.5090492168119454e-09,-2.8691506059885796e-08,0.18059341424480582,0,0,0,0.00015993205124686938,-5.7383012119771593e-06,-3.814236606558552e-05,6.5529197946612161e-05,-305.52970970235077,5.9198948856753475e-05,-829.41518134698924,0.00022546124919348154,523.88546590633723,2.1056582791167955e-05,141.38543884412846,0,0,0,0.032099999999999997,0,0,0,20,3.200267428837833e-07,1,0,3,5.987240925264814e-09,1.1375902886356926e-07,-0.61583207481775148
8,0.15000000782310963,1,0.033333335071802139,496.12503051757812,496.12503504753113,496.12503504753113,4.5508784296544036e-08,2.3999841687327716e-06,0.15980145978887064,9.7355910000374024e-09,-162.96708679199219,4.4417649291972339e-07,-0.00011175800409546355,0.00047999683374655433,-0.00012352124940662179,0.00012821821292774427,-304.79561511083534,6.0081678055823318e-05,-1024.3480863122086,1.6460208832280721e-05,719.55295119820698,-6.3439571350798474e-05,178.61824019674779,0,0,2.9107660000000002,2.9637159999999998,-0.00043463706970214844,195.66667175292969,-2.7418136596679688e-05,20,2.9440363960020477e-06,1,0,3,5.5090492168119454e-09,-2.8691506059885796e-08,-0.61435241840120902
9,0.1666666753590107,0,0,496.12503051757812,496.12503504753113,496.12503504753113,7.4752790624188492e-09,-2.2820102003606735e-06,0.15980145978887064,0,0,0,2.6276404696545796e-05,-0.0004564020400721347,-9.3584509386346326e-05,0.00012821821292774427,-304.79561511083534,6.0081678055823318e-05,-1057.0480894163688,0.00015449461762429006,752.25201790349342,-3.3502831330523009e-05,178.61824019659051,0,0,0,0.032096,0,0,0,20,2.9440363960020477e-06,1,0,3,4.5508784296544036e-08,2.3999841687327716e-06,-0.61435241840120902
10,0.18333334289491177,1,0.033333335071802139,496.12503051757812,496.12503504753113,496.12503504753113,2.5491075916761474e-07,1.4846128578938078e-05,0.13841039251510789,-1.0911646768363426e-06,-82.084442138671875,-1.9707256342371693e-06,-0.00069345433075795881,0.0029692257157876156,-0.0002950245288957376,0.00021915254162396813,-384.94405563708142,0.00018879419067552305,-1251.9809943815883,-0.00047430178913399068,867.03990797022266,-0.00010623033822021455,243.65355838350513,0,0,2.5622159999999998,2.6142319999999999,-4.7192549705505371,48.716991424560547,-4.7191739082336426,10,2.2136376287562598e-08,1,0,1,7.4752790624188492e-09,-2.2820102003606735e-06,-0.77590129189953483
11,0.20000001043081284,0,0,496.12503051757812,496.12503504753113,496.12503504753113,-2.8879071578558069e-08,-1.7027388821588829e-05,0.13841039251510789,0,0,0,0.00053582439250021707,-0.0034054777643177658,0.00021725898022850743,0.00021915254162396813,-384.94405563708142,0.00018879419067552305,-1284.6809974857488,0.00075497693412418521,899.73353637090304,0.00040605317090403048,243.65355836539814,0,0,0,0.032959000000000002,0,0,0,10,2.2136376287562598e-08,1,0,1,2.5491075916761474e-07,1.4846128578938078e-05,-0.77590129189953483
12,0.21666667796671391,1,0.033333335071802139,496.12503051757812,496.12503504753113,496.12503504753113,0.00091151532251387835,0.054692648351192474,0.11764283534012687,0.024995232000946999,-202.01387023925781,-1.9319756031036377,-0.000122711344374693,10.938529670238495,1.5625491738319397,-0.024749019278089257,-345.16291149309325,1.9322887789124188,-1479.6139024509678,-0.02487173062246395,1145.3895206281131,3.4948379527443585,212.46318073893357,0,0,3.2815370000000001,3.3360669999999999,-0.02609550952911377,147.60093688964844,14.377304077148438,10,5.9604644775390625e-07,1.4253712892532349,0,2,-2.8879071578558069e-08,-1.7027388821588829e-05,-0.69571758550750218
13,0.23333334550261497,0,0,496.12503051757812,496.12503504753113,496.12503504753113,0.00063182320445775986,-0.016781523823738098,0.11764283534012687,0,0,0,0.00016968931504379725,-3.3563047647476196,-0.48362468369305134,-0.024749019278089257,-345.16291149309325,1.9322887789124188,-1512.313905555128,-0.02457932996304546,1163.7946892972873,1.4486640952193675,211.84342017595995,0,0,0,0.033149999999999999,0,0,0,10,5.9604644775390625e-07,1.4253712892532349,0,2,0.00091151532251387835,0.054692648351192474,-0.69571758550750218
14,0.25000001303851604,1,0.033333335071802139,496.12503051757812,496.12503504753113,496.12503504753113,0.00063182314625009894,-2.5093473965398516e-09,0.1020194662316721,-0.015774942934513092,-100.76645660400391,1.3229902982711792,-3.6067811493012414e-05,-5.0186947930797032e-07,-6.2797050759400008e-05,-0.0090908622097298775,-406.62940079680743,0.60923380637919244,-1707.2468105203475,-0.0091269300212228899,1300.6174092216706,0.60917100932843304,233.31837746475253,0,0,2.5870929999999999,2.6644600000000001,0,0,0,10,6.0583261074498296e-08,1.3263756036758423,0,0,0.00063182320445775986,-0.016781523823738098,-0.81961072727936501
15,0.26666668057441711,0,0,496.12503051757812,496.12503504753113,496.12503504753113,2.805609256029129e-08,-0.037907704710960388,0.1020194662316721,0,0,0,-0.00036838177948084194,-7.5815409421920776,-1.0874039493501186,-0.0090908622097298775,-406.62940079680743,0.60923380637919244,-1739.9468136245077,-0.0094592439892107194,1325.7358718855082,-0.47817014297092619,233.6470858755988,0,0,0,0.037200999999999998,0,0,0,10,6.0583261074498296e-08,1.3263756036758423,0,0,0.00063182314625009894,-2.5093473965398516e-09,-0.81961072727936501
16,0.28333334811031818,1,0.033333335071802139,496.12503051757812,496.12503504753113,496.12503504753113,8.2354233654768905e-07,4.7729172365507111e-05,0.088580608089156701,7.8603763580322266,-210.87925720214844,10.640758514404297,-0.0016708952898625284,0.0095458344731014222,-0.00075764774010167457,-7.8695104163843101,-357.98301962453218,-10.031474284740021,-1934.8797185897272,-7.8711813116741727,1576.906244799668,-10.032231932480123,199.05865202526869,0,0,2.8898830000000002,2.9391530000000001,-18.08875846862793,115.15116119384766,-18.744733810424805,10,1.6608930309303105e-05,1.7412104606628418,0,1,2.805609256029129e-08,-0.037907704710960388,-0.72155806366480923
17,0.30000001564621925,0,0,496.12503051757812,496.12503504753113,496.12503504753113,-1.0136579930986045e-07,-5.5494485422968864e-05,0.088580608089156701,0,0,0,0.0015862457075854763,-0.011098897084593773,0.00022267186068347655,-7.8695104163843101,-357.98301962453218,-10.031474284740021,-1967.5797216938874,-7.8679241706767247,1609.5856031722706,-10.031251612879338,199.05865186218327,0,0,0,0.031279000000000001,0,0,0,10,1.6608930309303105e-05,1.7412104606628418,0,1,8.2354233654768905e-07,4.7729172365507111e-05,-0.72155806366480923
18,0.31666668318212032,1,0.033333335071802139,496.12503051757812,496.12503504753113,496.12503504753113,-1.0136579220443309e-07,4.9348242506241924e-13,0.083042181800214637,-9.5542888641357422,-475.64031982421875,-11.308933258056641,2.3047793717978493e-05,9.8696485012483848e-11,2.1760487811661733e-05,1.6846998362220766,-44.575735324120132,1.277394658724164,-2162.5126266591069,1.6847228840157946,2117.9368913350854,1.2774164192119757,70.829652218067309,0,0,4.1799999999999997,4.2305720000000004,9.5527238845825195,508.3509521484375,11.30863094329834,30,3.0237119972298387e-06,1.5341336727142334,0,3,-1.0136579930986045e-07,-5.5494485422968864e-05,-0.089847784681636886
19,0.33333335071802139,0,0,496.12503051757812,496.12503504753113,496.12503504753113,-1.480539424392191e-07,-2.8012893835693831e-06,0.083042181800214637,0,0,0,7.8226742061815457e-05,-0.00056025787671387661,0.00017417767139704665,1.6846998362220766,-44.575735324120132,1.277394658724164,-2195.2126297632672,1.6847780629641385,2150.6363341812703,1.2775688363955611,70.829652221525365,0,0,0,0.031281000000000003,0,0,0,30,3.0237119972298387e-06,1.5341336727142334,0,3,-1.0136579220443309e-07,4.9348242506241924e-13,-0.089847784681636886
20,0.35000001825392246,1,0.033333335071802139,496.12503051757812,496.12503504753113,496.12503504753113,1.8077307686326094e-06,0.00011734707368304953,0.07932852239024879,-1.3508009910583496,-162.11709594726562,1.5249553918838501,0.0018477250705473125,0.023469414736609906,0.0018073555111186579,3.0353419225011393,-44.691586880822747,-0.24762961735174011,-2390.1455347284864,3.0371896475716866,2345.4774172624002,-0.24582226184062145,31.86007967038384,0,0,3.8261400000000001,3.8967830000000001,1.355128288269043,194.817626953125,-1.5206798315048218,30,1.7009455177685595e-07,1.0238451957702637,0,3,-1.480539424392191e-07,-2.8012893835693831e-06,-0.090081297503039892
21,0.36666668578982353,0,0,496.12503051757812,496.12503504753113,496.12503504753113,7.450921657436993e-09,-0.00010801678581628948,0.07932852239024879,0,0,0,-0.0016281679563689977,-0.021603357163257897,-0.0014867328900436405,3.0353419225011393,-44.691586880822747,-0.24762961735174011,-2422.8455378326466,3.0337137545447703,2378.1323475946606,-0.24911635024178375,31.860079186262631,0,0,0,0.046442999999999998,0,0,0,30,1.7009455177685595e-07,1.0238451957702637,0,3,1.8077307686326094e-06,0.00011734707368304953,-0.090081297503039892
22,0.3833333533257246,1,0.033333335071802139,496.12503051757812,496.12503504753113,496.12503504753113,0.00047404220094904304,0.028442082926630974,0.077034690626421737,0.10693581402301788,-97.143707275390625,5.5205488204956055,-0.00013208982636569999,5.6884165853261948,-0.81267263740301132,2.928290707327549,-109.78078697791825,-5.7681312548874981,-2617.7784427978659,2.9281586175011833,2513.686072405274,-6.5808038922905094,32.84755062080535,0,0,3.8409200000000001,3.9075920000000002,-0.10549443960189819,84.560531616210938,-11.991225242614746,20,4.2008252876257757e-08,1,0,2,7.450921657436993e-09,-0.00010801678581628948,-0.22127645094023674
23,0.40000002086162567,0,0,496.12503051757812,496.12503504753113,496.12503504753113,2.1912273950874805e-07,-0.028429383412003517,0.077034690626421737,0,0,0,0.00064196701714536175,-5.6858766824007034,0.8156641386449337,2.928290707327549,-109.78078697791825,-5.7681312548874981,-2650.4784459020261,2.9289326743446944,2535.0117822417074,-4.9524671162425644,32.847366429633148,0,0,0,0.031960000000000002,0,0,0,20,4.2008252876257757e-08,1,0,2,0.00047404220094904304,0.028442082926630974,-0.22127645094023674
24,0.41666668839752674,1,0.033333335071802139,496.12503051757812,496.12503504753113,496.12503504753113,2.2042017917556223e-06,0.00011910474131582305,0.075192905328914456,12.146333694458008,-118.3966064453125,-14.613876342773438,-0.0024342141841771081,0.02382094826316461,0.0017694885173114017,-9.2180859102266819,-153.61706615345378,8.8457656864183072,-2845.4113508672463,-9.220520124410859,2691.8181056620556,8.8475351749356186,60.236162917434264,0,0,3.0319889999999998,3.0821969999999999,-18.475992202758789,78.519561767578125,18.647485733032227,10,7.1534223025082611e-06,1.6487001180648804,0,1,2.1912273950874805e-07,-0.028429383412003517,-0.30963377233873418
25,0.43333335593342781,0,0,496.12503051757812,496.12503504753113,496.12503504753113,1.0152461982215755e-08,-0.00013164295523893088,0.075192905328914456,0,0,0,0.0018055940017802641,-0.026328591047786176,-0.0010492227374925278,-9.2180859102266819,-153.61706615345378,8.8457656864183072,-2878.1113539714065,-9.2162803162249016,2724.4679592269049,8.8447164636808147,60.236162935626908,0,0,0,0.032057000000000002,0,0,0,10,7.1534223025082611e-06,1.6487001180648804,0,1,2.2042017917556223e-06,0.00011910474131582305,-0.30963377233873418
26,0.45000002346932888,1,0.033333335071802139,496.12503051757812,496.12503504753113,496.12503504753113,0.00075554836075752974,0.045332290232181549,0.075632524277482682,-22.626991271972656,-194.44998168945312,9.1760492324829102,1.2952371500432491,9.0664580464363098,0.000193924893210351,13.408915193006722,-121.39996786686756,-0.33028886884771474,-3073.0442589366257,14.704152343049971,2960.7107491161946,-0.33009494395450439,60.322725352139472,0,0,3.516194,3.5652870000000001,32.940868377685547,154.96754455566406,-9.1744461059570312,20,9.1174911176494788e-07,1.1269123554229736,0,2,1.0152461982215755e-08,-0.00013164295523893088,-0.24469631502316117
27,0.46666669100522995,0,0,496.12503051757812,496.12503504753113,496.12503504753113,0.00031987481634132564,-0.026140410453081131,0.075632524277482682,0,0,0,-0.75240791775286198,-5.2280820906162262,0.00020463701275730273,13.408915193006722,-121.39996786686756,-0.33028886884771474,-3105.744262040786,12.65650727525386,2979.1162120833023,-0.33008423183495744,60.009014232600094,0,0,0,0.032071000000000002,0,0,0,20,9.1174911176494788e-07,1.1269123554229736,0,2,0.00075554836075752974,0.045332290232181549,-0.24469631502316117
28,0.48333335854113102,1,0.033333335071802139,496.12503051757812,496.12503504753113,496.12503504753113,0.0002213669940829277,-0.0059104692190885544,0.075634341839016697,6.5342316627502441,-73.848892211914062,0.43840843439102173,-0.27399365790188313,-1.1820938438177109,-0.43759457767009735,6.8747442404065939,-209.78403341025694,-0.76862597559460499,-3300.6771670060048,6.6007505825047108,3089.71103975193,-1.2062205532647023,68.113443807989952,0,0,3.4073289999999998,3.459174,0,0,0,10,6.4996970650099684e-07,1,0,0,0.00031987481634132564,-0.026140410453081131,-0.42284508660232928
29,0.50000002607703209,0,0,496.12503051757812,496.12503504753113,496.12503504753113,-6.7083921749144793e-05,-0.017307054251432419,0.075634341839016697,0,0,0,-0.16532756853848696,-3.4614108502864838,0.38161580450832844,6.8747442404065939,-209.78403341025694,-0.76862597559460499,-3333.377170110165,6.709416671868107,3120.1317258496215,-0.38701017108627656,68.129358063109805,0,0,0,0.031254999999999998,0,0,0,10,6.4996970650099684e-07,1,0,0,0.0002213669940829277,-0.0059104692190885544,-0.42284508660232928
30,0.51666669361293316,1,0.033333335071802139,496.12503051757812,496.12503504753113,496.12503504753113,-6.7083921749144793e-05,1.8514179772610717e-11,0.074343020894697742,6.3702206611633301,-352.28939819335938,0.44569540023803711,-0.00015563365423076903,3.7028359545221434e-09,0.00012910179520986276,0.50457379905438171,-19.727521873655682,-1.2144077151741191,-3528.3100750753847,0.50441816540015094,3508.5825532054319,-1.2142786133789092,10.833987868085499,0,0,4.0327529999999996,4.0815429999999999,-6.2050485610961914,388.45046997070312,-0.82704758644104004,30,3.1789058994036168e-06,1,0,3,-6.7083921749144793e-05,-0.017307054251432419,-0.039763205805096478
31,0.53333336114883423,0,0,496.12503051757812,496.12503504753113,496.12503504753113,-6.7240376665722579e-05,-9.3871021817903966e-06,0.074343020894697742,0,0,0,-0.00016012846799640101,-0.0018774204363580793,0.00016517308267793851,0.50457379905438171,-19.727521873655682,-1.2144077151741191,-3561.010078179545,0.50441367058638531,3541.2806788854527,-1.2142425420914411,10.833987897341352,0,0,0,0.031081000000000001,0,0,0,30,3.1789058994036168e-06,1,0,3,-6.7083921749144793e-05,1.8514179772610717e-11,-0.039763205805096478
32,0.5500000286847353,1,0.033333335071802139,496.12503051757812,496.12503504753113,496.12503504753113,-6.7234526795800775e-05,3.5090576488983061e-07,0.073758831006937253,7.2999844551086426,-174.93035888671875,-1.0828074216842651,0.00010672450798665523,7.0181152977966121e-05,7.4779836722882465e-05,-6.7952093026828821,-7.0301971202511737,-0.13161522998858086,-3755.9429831447646,-6.7951025781748955,3748.9128562056662,-0.13154045015185797,7.8605246744717947,0,0,3.8679670000000002,3.9161359999999998,-7.299896240234375,207.63157653808594,1.0829830169677734,30,4.1516614146530628e-06,1,0,3,-6.7240376665722579e-05,-9.3871021817903966e-06,-0.014170212393288412
33,0.56666669622063637,0,0,496.12503051757812,496.12503504753113,496.12503504753113,-6.7234519519843161e-05,4.3985082243125362e-10,0.073758831006937253,0,0,0,1.1157339940837119e-06,8.7970164486250724e-08,-0.00012987330819669296,-6.7952093026828821,-7.0301971202511737,-0.13161522998858086,-3788.6429862489249,-6.7952081869488881,3781.6127892166437,-0.13174510329677755,7.8605246744226402,0,0,0,0.030931,0,0,0,30,4.1516614146530628e-06,1,0,3,-6.7234526795800775e-05,3.5090576488983061e-07,-0.014170212393288412
34,0.58333336375653744,1,0.033333335071802139,496.12503051757812,496.12503504753113,496.12503504753113,-6.7234504967927933e-05,7.5252748477083742e-10,0.07364208978556451,-6.2716879844665527,-168.59931945800781,-1.7320497035980225,-0.00010137665640286286,1.5050549695416748e-07,6.6956744149138103e-05,-0.52358659848975608,-0.66384884196387262,1.6004529742993769,-3983.5758912141446,-0.52368797514615895,3982.9120425226861,1.6005199310435261,12.860837958050029,0,0,3.965894,4.0175270000000003,6.2715749740600586,201.29916381835938,1.7322510480880737,20,1.97121011069612e-07,1.0322970151901245,0,4,-6.7234519519843161e-05,4.3985082243125362e-10,-0.0013380676141454397
35,0.60000003129243851,0,0,496.12503051757812,496.12503504753113,496.12503504753113,-6.7234534071758389e-05,-1.575107599904868e-09,0.07364208978556451,0,0,0,2.164370016544126e-06,-3.1502151998097361e-07,-0.00013191163361625513,-0.52358659848975608,-0.66384884196387262,1.6004529742993769,-4016.2758943183048,-0.52358443411973954,4015.6120451613197,1.6003210626657607,12.860837958055246,0,0,0,0.031458,0,0,0,20,1.97121011069612e-07,1.0322970151901245,0,4,-6.7234504967927933e-05,7.5252748477083742e-10,-0.0013380676141454397
36,0.61666669882833958,1,0.033333335071802139,496.12503051757812,496.12503504753113,496.12503504753113,-6.7234519519843161e-05,8.1932938211792816e-10,0.073528378213546713,-8.056121826171875,-160.74592590332031,0.093560114502906799,-6.3179265907820081e-05,1.6386587642358563e-07,6.7622488586494001e-05,7.5324977291523778,-2.1508577354982648,1.5068559490654965,-4211.2087992835241,7.53243454988647,4209.0579417118915,1.506923571554083,13.606014852006501,0,0,3.519069,3.568632,8.0560579299926758,193.44584655761719,-0.093359380960464478,20,1.928210195956126e-07,1.2455027103424072,0,4,-6.7234534071758389e-05,-1.575107599904868e-09,-0.0043353138494456392
37,0.63333336636424065,0,0,496.12503051757812,496.12503504753113,496.12503504753113,-6.7234468588139862e-05,3.251524827163621e-09,0.073528378213546713,0,0,0,1.9696813069458585e-06,6.503049654327242e-07,-0.00013187535614633816,7.5324977291523778,-2.1508577354982648,1.5068559490654965,-4243.9088023876839,7.5324996988336848,4241.757945302491,1.5067240737093501,13.606014852025881,0,0,0,0.031276999999999999,0,0,0,20,1.928210195956126e-07,1.2455027103424072,0,4,-6.7234519519843161e-05,8.1932938211792816e-10,-0.0043353138494456392
38,0.65000003390014172,1,0.033333335071802139,496.12503051757812,496.12503504753113,496.12503504753113,-6.7234454036224633e-05,8.9050200546836322e-10,0.073421491905540023,3.7030887603759766,-163.67314147949219,0.69598245620727539,-1.5824853960566543e-05,1.7810040109367264e-07,6.7057158048555721e-05,3.8297807802362946,-0.71067812055502866,0.81086530572385129,-4438.8417073529035,3.8297649553823341,4438.1310294104487,0.81093236288189985,5.6805535704521786,0,0,3.9206349999999999,3.9707720000000002,-3.703101634979248,196.373046875,-0.69578135013580322,20,1.7919832373536337e-07,1,0,4,-6.7234468588139862e-05,3.251524827163621e-09,-0.0014324576877821583
39,0.66666670143604279,0,0,496.12503051757812,496.12503504753113,496.12503504753113,-6.7234424932394177e-05,1.667641136293696e-09,0.073421491905540023,0,0,0,1.9882122614944819e-06,3.3352822725873921e-07,-0.00013174018249628716,3.8297807802362946,-0.71067812055502866,0.81086530572385129,-4471.5417104570643,3.8297827684485561,4470.8310326700375,0.81073356554135501,5.6805535704828536,0,0,0,0.031134999999999999,0,0,0,20,1.7919832373536337e-07,1,0,4,-6.7234454036224633e-05,8.9050200546836322e-10,-0.0014324576877821583
40,0.68333336897194386,1,0.033333335071802139,496.12503051757812,496.12503504753113,496.12503504753113,-6.7234410380478948e-05,9.8611341314835954e-10,0.073341988736674898,4.4976449012756348,-160.75996398925781,0.41141259670257568,-1.6469772390337312e-05,1.9722268262967191e-07,6.7962702132717823e-05,-0.66808552570704083,-2.1836385277784589,0.39950732496449692,-4666.474615422283,-0.66810199547943117,4664.2909770917277,0.39957528766662964,5.5112282872915896,0,0,3.5723090000000002,3.621747,-4.4976611137390137,193.45988464355469,-0.41120946407318115,20,1.8370047882854124e-07,1,0,4,-6.7234424932394177e-05,1.667641136293696e-09,-0.0044013875001676864
41,0.70000003650784492,0,0,496.12503051757812,496.12503504753113,496.12503504753113,-6.7234417656436563e-05,-4.2368819563876059e-10,0.073341988736674898,0,0,0,2.0255470190022606e-06,-8.4737639127752118e-08,-0.00013176719448892982,-0.66808552570704083,-2.1836385277784589,0.39950732496449692,-4699.1746185264437,-0.66808350016002183,4696.9909799139277,0.39937555777000799,5.5112282873222078,0,0,0,0.031088000000000001,0,0,0,20,1.8370047882854124e-07,1,0,4,-6.7234410380478948e-05,9.8611341314835954e-10,-0.0044013875001676864
42,0.71666670404374599,1,0.033333335071802139,496.12503051757812,496.12503504753113,496.12503504753113,-6.7234403104521334e-05,9.2907403992370519e-10,0.072965578106390386,-0.15746483206748962,-157.16184997558594,0.94883531332015991,-1.5774523376421712e-05,1.8581480798474104e-07,7.1858619321574224e-05,-0.51076563897580618,-7.2545710813348867,-0.54903215480552281,-4894.1075234916625,-0.5107814134991826,4886.8529525961421,-0.54896029618620124,5.1013948356732675,0,0,3.499876,3.5618099999999999,0.15745124220848083,189.86192321777344,-0.94862717390060425,20,1.8333759044253384e-07,1,0,4,-6.7234417656436563e-05,-4.2368819563876059e-10,-0.014622465243343071
43,0.73333337157964706,0,0,496.12503051757812,496.12503504753113,496.12503504753113,-6.7234424932394177e-05,-1.1949357059393151e-09,0.072965578106390386,0,0,0,1.963735485333018e-06,-2.3898714118786302e-07,-0.00013166176131562679,-0.51076563897580618,-7.2545710813348867,-0.54903215480552281,-4926.8075265958232,-0.51076367524032085,4919.5529552755015,-0.54916381656683844,5.1013948357029246,0,0,0,0.038507,0,0,0,20,1.8333759044253384e-07,1,0,4,-6.7234403104521334e-05,9.2907403992370519e-10,-0.014622465243343071
44,0.75000003911554813,1,0.033333335071802139,496.12503051757812,496.12503504753113,496.12503504753113,-6.7234403104521334e-05,1.2952048322745213e-09,0.072455867820856529,1.1129616498947144,-164.447998046875,0.1288687139749527,-2.8327323775556579e-05,2.5904096645490426e-07,3.0664025985061016e-05,-1.6235890196061327,-5.0394428005058147,-0.67785367933806639,-5121.7404315610429,-1.6236173469299082,5116.7009890195777,-0.67782301531208133,2.7842721711128511,0,0,3.7042579999999998,3.7550560000000002,-1.1129884719848633,197.14801025390625,-0.12870693206787109,20,2.3384330916087492e-07,1,0,4,-6.7234424932394177e-05,-1.1949357059393151e-09,-0.010157606338134121
45,0.7666667066514492,0,0,496.12503051757812,496.12503504753113,496.12503504753113,-6.7234432208351791e-05,-1.5745955650459109e-09,0.072455867820856529,0,0,0,2.0713855519716162e-06,-3.1491911300918218e-07,-0.00013167177712603007,-1.6235890196061327,-5.0394428005058147,-0.67785367933806639,-5154.4404346652027,-1.6235869482205807,5149.4009915497782,-0.67798535111519243,2.7842721711516667,0,0,0,0.031300000000000001,0,0,0,20,2.3384330916087492e-07,1,0,4,-6.7234403104521334e-05,1.2952048322745213e-09,-0.010157606338134121
46,0.78333337418735027,1,0.033333335071802139,496.12503051757812,496.12503504753113,496.12503504753113,-6.7234410380478948e-05,1.2331470289339563e-09,0.072262452395797594,1.4416540861129761,-166.98771667480469,0.42670243978500366,-5.0511164317867951e-05,2.4662940578679127e-07,7.4397655680513708e-05,-3.0652132470560307,-0.28479203379829376,-1.1043842896584077,-5349.3733396304233,-3.0652637582203486,5349.0885478432547,-1.1043098920027272,1.9536443890259796,0,0,3.5126390000000001,3.5616099999999999,-1.4417005777359009,199.68753051757812,-0.42650318145751953,20,2.2995625670318987e-07,1,0,4,-6.7234432208351791e-05,-1.5745955650459109e-09,-0.00057403278141569564
47,0.80000004172325134,0,0,496.12503051757812,496.12503504753113,496.12503504753113,-6.7234424932394177e-05,-6.5788174907766006e-10,0.072262452395797594,0,0,0,2.1597770683001727e-06,-1.3157634981553201e-07,-0.00013172659691917943,-3.0652132470560307,-0.28479203379829376,-1.1043842896584077,-5382.0733427345831,-3.0652110872789624,5381.7885505692084,-1.1045160162553269,1.9536443890485613,0,0,0,0.030890999999999998,0,0,0,20,2.2995625670318987e-07,1,0,4,-6.7234410380478948e-05,1.2331470289339563e-09,-0.00057403278141569564
48,0.81666670925915241,1,0.033333335071802139,496.12503051757812,496.12503504753113,496.12503504753113,-6.7234403104521334e-05,1.3982000002243922e-09,0.072254262332405367,0.029387719929218292,-162.26687622070312,0.059642285108566284,-6.5932715642702533e-05,2.7964000004487843e-07,7.2055888722388772e-05,-3.0947842976602127,-0.250784304495759,-1.1640857280107912,-5577.006247699801,-3.0948502303758554,5576.7554636749455,-1.1640136721220689,2.283354078018951,0,0,3.9712200000000002,4.020912,-0.029452383518218994,194.96685791015625,-0.059442400932312012,20,2.2801894772328524e-07,1,0,4,-6.7234424932394177e-05,-6.5788174907766006e-10,-0.0005054860907628511
49,0.83333337679505348,0,0,496.12503051757812,496.12503504753113,496.12503504753113,-6.7234417656436563e-05,-9.3482332985672656e-10,0.072254262332405367,0,0,0,2.1279902284732088e-06,-1.8696466597134531e-07,-0.00013202220543462317,-3.0947842976602127,-0.250784304495759,-1.1640857280107912,-5609.7062508039617,-3.0947821696699842,5609.4554663125009,-1.1642177502162259,2.2833540780344865,0,0,0,0.031365999999999998,0,0,0,20,2.2801894772328524e-07,1,0,4,-6.7234403104521334e-05,1.3982000002243922e-09,-0.0005054860907628511
50,0.85000004433095455,1,0.033333335071802139,496.12503051757812,496.12503504753113,496.12503504753113,-6.723439582856372e-05,1.2786811609544202e-09,0.072222091840440733,-0.47810894250869751,-161.974365234375,-0.26615485548973083,-7.3523153787391493e-05,2.5573623219088404e-07,7.1539147938892711e-05,-2.61639873025086,-0.50950887477651707,-0.89803899880166393,-5804.6391557691813,-2.6164722534046474,5804.129647150141,-0.89796745965372504,1.9888269033701058,0,0,3.623075,3.6740879999999998,0.47803685069084167,194.67413330078125,0.26635617017745972,20,2.2235880692278442e-07,1,0,4,-6.7234417656436563e-05,-9.3482332985672656e-10,-0.0010269767473590678
51,0.86666671186685562,0,0,496.12503051757812,496.12503504753113,496.12503504753113,-6.7234374000690877e-05,1.1583241033008562e-09,0.072222091840440733,0,0,0,2.0414063328644261e-06,2.3166482066017124e-07,-0.00013192964161135023,-2.61639873025086,-0.50950887477651707,-0.89803899880166393,-5837.3391588733421,-2.6163966888445271,5836.8296502302301,-0.89817092844327528,1.9888269033831052,0,0,0,0.030964999999999999,0,0,0,20,2.2235880692278442e-07,1,0,4,-6.723439582856372e-05,1.2786811609544202e-09,-0.0010269767473590678
52,0.88333337940275669,1,0.033333335071802139,496.12503051757812,496.12503504753113,496.12503504753113,-6.7234279413241893e-05,5.6316982188775455e-09,0.072188054572562763,-0.59663456678390503,-162.21900939941406,-0.15996286273002625,-7.4792842497117817e-05,1.1263396437755091e-06,7.1446316951551125e-05,-2.020067895275806,-0.52340490459138356,-0.73811428925094102,-6032.2720638385617,-2.0201426881183031,6031.7486600603097,-0.73804284293398947,1.5827678559108673,0,0,4.0504990000000003,4.1475790000000003,0.59656256437301636,194.91893005371094,0.16016197204589844,20,2.3144083627357759e-07,1,0,4,-6.7234374000690877e-05,1.1583241033008562e-09,-0.0010549858757706893
53,0.90000004693865776,0,0,496.12503051757812,496.12503504753113,496.12503504753113,-6.7234272137284279e-05,2.2700064050695801e-10,0.072188054572562763,0,0,0,2.1085384105390403e-06,4.5400128101391601e-08,-0.00013185492662159959,-2.020067895275806,-0.52340490459138356,-0.73811428925094102,-6064.9720669427224,-2.0200657867373955,6064.4486620835314,-0.73824614417756262,1.5827678559233458,0,0,0,0.047613000000000003,0,0,0,20,2.3144083627357759e-07,1,0,4,-6.7234279413241893e-05,5.6316982188775455e-09,-0.0010549858757706893
54,0.91666671447455883,1,0.033333335071802139,496.12503051757812,496.12503504753113,496.12503504753113,-6.4348103478550911e-05,0.00017317026504315436,0.072143261479277188,-0.79165369272232056,-161.98667907714844,0.013673573732376099,-0.0024235883756773546,0.034634053008630872,0.0023773076463839971,-1.2286217633990117,-0.76959835071008176,-0.75165573285659937,-6259.9049719079403,-1.2310453517746891,6259.1700076102388,-0.74927842521021537,1.3216965652237216,0,0,4.592403,4.6510600000000002,0.7852785587310791,194.6866455078125,-0.0072423219680786133,30,1.5569682432214904e-07,1,0,3,-6.7234272137284279e-05,2.2700064050695801e-10,-0.0015512185363440701
55,0.9333333820104599,0,0,496.12503051757812,496.12503504753113,496.12503504753113,-6.434806709876284e-05,2.2834258928128293e-09,0.072143261479277188,0,0,0,1.3058865988568868e-06,4.5668517856256585e-07,-0.00013006925883018994,-1.2286217633990117,-0.76959835071008176,-0.75165573285659937,-6292.6049750121001,-1.2286204575124129,6291.8353771180755,-0.75178580211542956,1.3216916382457264,0,0,0,0.044948000000000002,0,0,0,30,1.5569682432214904e-07,1,0,3,-6.4348103478550911e-05,0.00017317026504315436,-0.0015512185363440701
56,0.95000004954636097,1,0.033333335071802139,496.12503051757812,496.12503504753113,496.12503504753113,-6.0231854149606079e-05,0.00024697286426089704,0.072072092621099357,-0.73426026105880737,-161.72273254394531,0.023845449090003967,-0.0034381038858555257,0.049394572852179408,0.0035277014831081033,-0.49433259429583337,-1.2797433392371176,-0.77532548873960638,-6487.5378799773207,-0.4977706981816889,6486.3075312109358,-0.77179778725649828,1.1884212479359992,0,0,4.1666470000000002,4.2267099999999997,0.72528040409088135,194.42269897460938,-0.014667034149169922,30,1.1730688953548452e-07,1,0,3,-6.434806709876284e-05,2.2834258928128293e-09,-0.0025794774478867248
57,0.96666671708226204,0,0,496.12503051757812,496.12503504753113,496.12503504753113,-6.0231843235669658e-05,6.6813177213020936e-10,0.072072092621099357,0,0,0,2.003764620894799e-06,1.3362635442604187e-07,-0.00013082319583190838,-0.49433259429583337,-1.2797433392371176,-0.77532548873960638,-6520.2378830814805,-0.49433059053121248,6518.9581398758701,-0.77545631193543829,1.1884112243891161,0,0,0,0.031350000000000003,0,0,0,30,1.1730688953548452e-07,1,0,3,-6.0231854149606079e-05,0.00024697286426089704,-0.0025794774478867248
58,0.98333338461816311,1,0.033333335071802139,496.12503051757812,496.12503504753113,496.12503504753113,-5.6094137107720599e-05,0.000248262396780774,0.071957272331730854,-0.5796625018119812,-161.48294067382812,0.012156873941421509,-0.0034443575714249164,0.049652479356154799,0.0035229393688496202,0.085489015539794849,-2.0296868628196805,-0.78738849750631568,-6715.1707880467011,0.082044657968369933,6713.190753663238,-0.78386555813746606,1.1886262025686245,0,0,4.3106049999999998,4.3626050000000003,0.57060766220092773,194.18292236328125,-0.002928614616394043,30,1.1724728921080896e-07,1,0,3,-6.0231843235669658e-05,6.6813177213020936e-10,-0.0040910793034768479
59,1.0000000521540642,0,0,496.12503051757812,496.12503504753113,496.12503504753113,-5.6094078900059685e-05,3.543454862864337e-09,0.071957272331730854,0,0,0,1.8477180674381088e-06,7.0869097257286739e-07,-0.00013073508853267413,0.085489015539794849,-2.0296868628196805,-0.78738849750631568,-6747.8707911508609,0.085490863257862287,6745.8411049967326,-0.78751923259484835,1.1886160746889727,0,0,0,0.031431000000000001,0,0,0,30,1.1724728921080896e-07,1,0,3,-5.6094137107720599e-05,0.000248262396780774,-0.0040910793034768479
60,1.0166667196899652,1,0.033333335071802139,496.12503051757812,496.12503504753113,496.12503504753113,-5.1757066103164107e-05,0.00026022063684649765,0.071784215060626572,-0.42705294489860535,-161.33586120605469,0.044060885906219482,-0.0036405916034709662,0.052044127369299531,0.0036716864997288212,0.51244747054849427,-2.9266992717015796,-0.83149554467369324,-6942.8036961160788,0.5088068789450233,6939.9290409717469,-0.82782385817396442,1.3552084775004571,0,0,3.9678810000000002,4.0167840000000004,0.41755425930023193,194.03582763671875,-0.034404158592224121,30,1.1218786255540181e-07,1,0,3,-5.6094078900059685e-05,3.543454862864337e-09,-0.005899116281082627
61,1.0333333872258663,0,0,496.12503051757812,496.12503504753113,496.12503504753113,-5.1757058827206492e-05,3.620903576972978e-10,0.071784215060626572,0,0,0,2.1124947124917526e-06,7.2418071539459561e-08,-0.0001311248183810676,0.51244747054849427,-2.9266992717015796,-0.83149554467369324,-6975.5036992202395,0.51244958304320676,6972.5770000209559,-0.83162666949207431,1.3551973503232446,0,0,0,0.031226,0,0,0,30,1.1218786255540181e-07,1,0,3,-5.1757066103164107e-05,0.00026022063684649765,-0.005899116281082627
62,1.0500000547617674,1,0.033333335071802139,496.12503051757812,496.12503504753113,496.12503504753113,-4.6887300413800403e-05,0.00029218540294095874,0.071548451599823343,-0.31395775079727173,-161.2677001953125,0.11643511056900024,-0.0041047496779356152,0.058437080588191748,0.0040998231270350516,0.82630758496380008,-3.8918699032369219,-0.94789815287951662,-7170.4366041854591,0.82220283528586446,7166.6031713628108,-0.94379832975248157,1.6718161027412279,0,0,4.1993799999999997,4.2505680000000003,0.30329334735870361,193.96772766113281,-0.10567903518676758,30,1.0365598512862562e-07,1,0,3,-5.1757058827206492e-05,3.620903576972978e-10,-0.0078445343981967414
63,1.0666667222976685,0,0,496.12503051757812,496.12503504753113,496.12503504753113,-4.6887311327736825e-05,-7.4977046793378577e-10,0.071548451599823343,0,0,0,2.1243522496661171e-06,-1.4995409358675715e-07,-0.00013114521379975486,0.82630758496380008,-3.8918699032369219,-0.94789815287951662,-7203.1366072896199,0.82630970931604975,7199.2447372364286,-0.94802929809331637,1.6718020740198896,0,0,0,0.031308000000000002,0,0,0,30,1.0365598512862562e-07,1,0,3,-4.6887300413800403e-05,0.00029218540294095874,-0.0078445343981967414
64,1.0833333898335695,1,0.033333335071802139,496.12503051757812,496.12503504753113,496.12503504753113,-4.6881796151865274e-05,3.3100681662290299e-07,0.071245653744862997,1.6635326147079468,-161.30171203613281,-1.8707411289215088,0.00017688702200757689,6.6201363324580598e-05,-1.2385336844999983e-05,-0.83720273866716122,-4.8229881161214836,0.92286132335948712,-7398.0695122548386,-0.83702585164515364,7393.2465903400807,0.92284893802264212,1.6700399467539511,0,0,4.5528519999999997,4.6033090000000003,-1.6635332107543945,194.001220703125,1.8710687160491943,30,4.3209674913669005e-06,1,0,3,-4.6887311327736825e-05,-7.4977046793378577e-10,-0.0097213157478727476
65,1.1000000573694706,0,0,496.12503051757812,496.12503504753113,496.12503504753113,-4.6881799789844081e-05,-1.5407852771431862e-10,0.071245653744862997,0,0,0,1.8321770767215639e-06,-3.0815705542863725e-08,-0.0001314561359322397,-0.83720273866716122,-4.8229881161214836,0.92286132335948712,-7430.7695153589993,-0.8372009064900845,7425.9465272120624,0.92272986722355488,1.6700399466936779,0,0,0,0.031095999999999999,0,0,0,30,4.3209674913669005e-06,1,0,3,-4.6881796151865274e-05,3.3100681662290299e-07,-0.0097213157478727476
66,1.1166667249053717,1,0.033333335071802139,496.12503051757812,496.12503504753113,496.12503504753113,-4.6881723392289132e-05,4.5627217559740529e-09,0.070950683282346133,2.06351637840271,-163.10725402832031,-1.2669222354888916,-8.9018237758864416e-05,9.1254435119481059e-07,6.524319360323716e-05,-2.9006039384681155,-3.9486132260537561,2.1897174981665999,-7625.702420324219,-2.9006929567058743,7621.7538080107097,2.1897827413602031,1.0161782868951097,0,0,3.6535679999999999,3.713425,-2.0635995864868164,195.80723571777344,1.2671287059783936,20,2.2639940766566724e-07,1,0,4,-4.6881799789844081e-05,-1.5407852771431862e-10,-0.0079589074267849835
67,1.1333333924412727,0,0,496.12503051757812,496.12503504753113,496.12503504753113,-4.6881741582183167e-05,-9.9263131048132891e-10,0.070950683282346133,0,0,0,1.6106696421047673e-06,-1.9852626209626578e-07,-0.00013147322306394926,-2.9006039384681155,-3.9486132260537561,2.1897174981665999,-7658.4024234283797,-2.9006023277984734,7654.4538100037998,2.1895860249435359,1.016178286903338,0,0,0,0.045232000000000001,0,0,0,20,2.2639940766566724e-07,1,0,4,-4.6881723392289132e-05,4.5627217559740529e-09,-0.0079589074267849835
68,1.1500000599771738,1,0.033333335071802139,496.12503051757812,496.12503504753113,496.12503504753113,-4.6881719754310325e-05,1.3072416482629023e-09,0.070707568987494432,0.32615652680397034,-162.50346374511719,-0.74756169319152832,-8.2586086591618368e-05,2.6144832965258047e-07,6.8038144718229887e-05,-3.2266046348556965,-3.6780073244618761,2.9373133890038474,-7853.3353283935985,-3.2266872209422881,7849.6573213305846,2.9373814271485656,1.2189773338418426,0,0,3.9173239999999998,3.9672869999999998,-0.32623898983001709,195.20347595214844,0.74776959419250488,20,2.2064588733883284e-07,1,0,4,-4.6881741582183167e-05,-9.9263131048132891e-10,-0.0074134685102305014
69,1.1666667275130749,0,0,496.12503051757812,496.12503504753113,496.12503504753113,-4.6881712478352711e-05,4.0298564485397037e-10,0.070707568987494432,0,0,0,1.8824493963620625e-06,8.0597128970794074e-08,-0.00013133280845067929,-3.2266046348556965,-3.6780073244618761,2.9373133890038474,-7886.0353314977592,-3.2266027524063001,7882.3573242538941,2.9371820561953967,1.2189773338515142,0,0,0,0.043645999999999997,0,0,0,20,2.2064588733883284e-07,1,0,4,-4.6881719754310325e-05,1.3072416482629023e-09,-0.0074134685102305014
70,1.1833333950489759,1,0.033333335071802139,496.12503051757812,496.12503504753113,496.12503504753113,-4.6881690650479868e-05,1.3807857079939367e-09,0.070421767097954863,-1.6545828580856323,-161.38973999023438,1.4819296598434448,-7.5565139923128299e-05,2.7615714159878735e-07,7.5969461477143341e-05,-1.57205186046246,-4.5212131158245761,1.4556067173374987,-8080.968236462978,-1.5721274256023832,8076.447023623311,1.4556826867989758,1.0316173519867551,0,0,3.6373340000000001,3.6865199999999998,1.6545113325119019,194.08969116210938,-1.4817180633544922,20,2.2143490241433028e-07,1,0,4,-4.6881712478352711e-05,4.0298564485397037e-10,-0.0091130517438843262
71,1.200000062584877,0,0,496.12503051757812,496.12503504753113,496.12503504753113,-4.6881614252924919e-05,4.5912176283025019e-09,0.070421767097954863,0,0,0,1.7970023691304959e-06,9.1824352566050038e-07,-0.00013144876902515534,-1.57205186046246,-4.5212131158245761,1.4556067173374987,-8113.6682395671378,-1.5720500634600909,8109.1470273695568,1.4554752685684735,1.0316173519969492,0,0,0,0.031097,0,0,0,20,2.2143490241433028e-07,1,0,4,-4.6881690650479868e-05,1.3807857079939367e-09,-0.0091130517438843262
72,1.2166667301207781,1,0.033333335071802139,496.12503051757812,496.12503504753113,496.12503504753113,-4.688156332122162e-05,3.0553888308304522e-09,0.070100572948553111,-1.7613331079483032,-161.79237365722656,1.6337345838546753,-6.0606481611102936e-05,6.1107776616609044e-07,7.4169099661958171e-05,0.18936720894324449,-4.961754695116027,-0.17836179038728811,-8308.6011445323584,0.18930660246163339,8303.6393904483193,-0.17828762128762615,1.245408330197135,0,0,3.8739849999999998,3.9250099999999999,1.7612782716751099,194.49234008789062,-1.6335257291793823,20,2.267740342176694e-07,1,0,4,-4.6881614252924919e-05,4.5912176283025019e-09,-0.010001016567609145
73,1.2333333976566792,0,0,496.12503051757812,496.12503504753113,496.12503504753113,-4.6881574235158041e-05,-7.6020123529474404e-10,0.070100572948553111,0,0,0,1.8280616131960414e-06,-1.5204024705894881e-07,-0.00013160877188056475,0.18936720894324449,-4.961754695116027,-0.17836179038728811,-8341.3011476365191,0.18936903700485769,8336.339392789363,-0.17849339915916868,1.2454083302171057,0,0,0,0.031512999999999999,0,0,0,20,2.267740342176694e-07,1,0,4,-4.688156332122162e-05,3.0553888308304522e-09,-0.010001016567609145
74,1.2500000651925802,1,0.033333335071802139,496.12503051757812,496.12503504753113,496.12503504753113,-3.7965524825267494e-05,0.00053496292093768716,0.069726239965886491,-0.24250021576881409,-161.2708740234375,0.061472386121749878,-0.0076234937296248972,0.10699258418753743,0.007569704030174762,0.43190766647899914,-5.9237907926239144,-0.23995362455729954,-8536.2340526017379,0.42428417274937424,8530.4172543933018,-0.23238392052712478,1.6102615456731817,0,0,4.0254479999999999,4.0747879999999999,0.2230154275894165,193.97085571289062,-0.041840791702270508,30,6.3193922983373341e-08,1,0,3,-4.6881574235158041e-05,-7.6020123529474404e-10,-0.011940116652360402
75,1.2666667327284813,0,0,496.12503051757812,496.12503504753113,496.12503504753113,-3.7965528463246301e-05,-2.0764634456327258e-10,0.069726239965886491,0,0,0,2.005174337682547e-06,-4.1529268912654516e-08,-0.00013019129028180032,0.43190766647899914,-5.9237907926239144,-0.23995362455729954,-8568.9340557058986,0.43190967165333682,8563.0102648717457,-0.24008381584758134,1.6102145121464986,0,0,0,0.031021,0,0,0,30,6.3193922983373341e-08,1,0,3,-3.7965524825267494e-05,0.00053496292093768716,-0.011940116652360402
76,1.2833334002643824,1,0.033333335071802139,496.12503051757812,496.12503504753113,496.12503504753113,-3.7965502997394651e-05,1.5048005064244308e-09,0.06929838735939696,-0.29954960942268372,-162.86859130859375,0.13162419199943542,-6.287371547841758e-05,3.0096010128488615e-07,4.7095898025872884e-05,0.73144029444769654,-5.2881476622981864,-0.37162841019856391,-8763.8669606711173,0.73137742073221812,8758.5788133097794,-0.37158131430053803,1.7038165889852808,0,0,3.531374,3.609559,0.29949104785919189,195.56849670410156,-0.13144510984420776,20,2.4989384428408812e-07,1,0,4,-3.7965528463246301e-05,-2.0764634456327258e-10,-0.010658901060680312
77,1.3000000678002834,0,0,496.12503051757812,496.12503504753113,496.12503504753113,-3.7965495721437037e-05,4.3436321206513639e-10,0.06929838735939696,0,0,0,1.3776798368780874e-06,8.6872642413027279e-08,-0.00013080294820611016,0.73144029444769654,-5.2881476622981864,-0.37162841019856391,-8796.5669637752781,0.73144167212753342,8791.2788161998524,-0.37175921314677002,1.7038165890118493,0,0,0,0.032721,0,0,0,20,2.4989384428408812e-07,1,0,4,-3.7965502997394651e-05,1.5048005064244308e-09,-0.010658901060680312
78,1.3166667353361845,1,0.033333335071802139,496.12503051757812,496.12503504753113,496.12503504753113,-3.7965124647598714e-05,2.2177635727871348e-08,0.069133996279263976,-0.04201957955956459,-165.68302917480469,0.18028371036052704,-3.5226534578214341e-05,4.4355271455742695e-06,8.3047905263811117e-05,0.77338395902751589,-1.8379349410547487,-0.55171800074113042,-8991.4998687404968,0.77334873249293767,8989.6619382349691,-0.55163495283586661,0.95014050109698656,0,0,4.0157870000000004,4.0667679999999997,0.041988775134086609,198.38302612304688,-0.18006765842437744,20,2.4810157128740684e-07,1,0,4,-3.7965495721437037e-05,4.3436321206513639e-10,-0.0037045801183539667
79,1.3333334028720856,0,0,496.12503051757812,496.12503504753113,496.12503504753113,-3.7965368392178789e-05,-1.4586340135736009e-08,0.069133996279263976,0,0,0,8.0503923527430743e-07,-2.9172680271472018e-06,-0.00012988413118364406,0.77338395902751589,-1.8379349410547487,-0.55171800074113042,-9024.1998718446575,0.77338476406675116,9022.3619339863344,-0.55184788487231407,0.95014050111881909,0,0,0,0.031203999999999999,0,0,0,20,2.4810157128740684e-07,1,0,4,-3.7965124647598714e-05,2.2177635727871348e-08,-0.0037045801183539667
80,1.3500000704079866,1,0.033333335071802139,496.12503051757812,496.12503504753113,496.12503504753113,-3.7965044612064958e-05,1.9451315225182952e-08,0.068993873970240954,0.023876471444964409,-161.87100219726562,0.026827573776245117,-3.6051648066859343e-05,3.8902630450365905e-06,8.4384492993194726e-05,0.74956696514053556,-2.199746052846848,-0.57860923020180466,-9219.1327768098763,0.7495309134924687,9216.9330346472925,-0.57852484570881146,1.0627439682214199,0,0,3.5646360000000001,3.6138840000000001,-0.023908093571662903,194.57101440429688,-0.02661287784576416,20,2.5105322265517316e-07,1,0,4,-3.7965368392178789e-05,-1.4586340135736009e-08,-0.0044338541646786718
81,1.3666667379438877,0,0,496.12503051757812,496.12503504753113,496.12503504753113,-3.7965241062920541e-05,-1.169789864974291e-08,0.068993873970240954,0,0,0,8.5892679635435343e-07,-2.3395797299485821e-06,-0.00012993007203476736,0.74956696514053556,-2.199746052846848,-0.57860923020180466,-9251.832779914037,0.74956782406733191,9249.633031521611,-0.57873916027383943,1.0627439682425421,0,0,0,0.030932999999999999,0,0,0,20,2.5105322265517316e-07,1,0,4,-3.7965044612064958e-05,1.9451315225182952e-08,-0.0044338541646786718
82,1.3833334054797888,1,0.033333335071802139,496.12503051757812,496.12503504753113,496.12503504753113,-3.7964990042382851e-05,1.5099995920309084e-08,0.068830581850746045,-0.10707235336303711,-161.87713623046875,0.0016658585518598557,-3.7463010471583402e-05,3.0199991840618168e-06,8.5414939121619682e-05,0.856640053999975,-2.5554730276412481,-0.58029599646071728,-9446.7656848792558,0.85660259098950342,9444.2102148716131,-0.58021058152159566,1.1489217775448302,0,0,3.7903159999999998,3.8406009999999999,0.10703960061073303,194.5771484375,-0.0014479756355285645,20,2.5590122731955489e-07,1,0,4,-3.7965241062920541e-05,-1.169789864974291e-08,-0.005150864897185488
83,1.4000000730156898,0,0,496.12503051757812,496.12503504753113,496.12503504753113,-3.7965113733662292e-05,-7.4528276883256694e-09,0.068830581850746045,0,0,0,1.0063104127766564e-06,-1.4905655376651339e-06,-0.00013002902505832026,0.856640053999975,-2.5554730276412481,-0.58029599646071728,-9479.4656879834165,0.85664106031038778,9476.9102134652094,-0.5804260254857756,1.148921777565316,0,0,0,0.053208999999999999,0,0,0,20,2.5590122731955489e-07,1,0,4,-3.7964990042382851e-05,1.5099995920309084e-08,-0.005150864897185488
84,1.4166667405515909,1,0.033333335071802139,496.12503051757812,496.12503504753113,496.12503504753113,-3.7957517633913085e-05,4.5586435248878843e-07,0.068636956871772292,-0.1320444643497467,-161.71806335449219,-0.042802762240171432,-4.801563591172453e-05,9.1172870497757685e-05,0.00015399303947560838,0.98854820312413161,-3.0702641296714228,-0.53743720583971799,-9674.3985929486371,0.98850018748821988,9671.3284199918362,-0.53728321280024238,1.2725536447612711,0,0,4.1463530000000004,4.1954089999999997,0.13173937797546387,194.41757202148438,0.043346047401428223,30,4.4954449549550191e-06,1,0,3,-3.7965113733662292e-05,-7.4528276883256694e-09,-0.0061884886123057207
85,1.433333408087492,0,0,496.12503051757812,496.12503504753113,496.12503504753113,-3.7957495806040242e-05,1.2533951654347675e-09,0.068636956871772292,0,0,0,2.0475340534176212e-06,2.506790330869535e-07,-0.00013184272802391206,0.98854820312413161,-3.0702641296714228,-0.53743720583971799,-9707.098596052796,0.98855025065818503,9704.0283321738043,-0.5375690485677419,1.272553644692223,0,0,0,0.030991999999999999,0,0,0,30,4.4954449549550191e-06,1,0,3,-3.7957517633913085e-05,4.5586435248878843e-07,-0.0061884886123057207
86,1.4500000756233931,1,0.033333335071802139,496.12503051757812,496.12503504753113,496.12503504753113,7.5483440014068037e-06,0.0027303502429276705,0.06841993088624912,0.2145790159702301,-163.35749816894531,-0.47254621982574463,-0.038880069041624665,0.5460700485855341,0.038963838596828282,0.77412097582123318,-1.9457900298339297,-0.064908885785936732,-9902.0315010180148,0.73524090677960852,9900.6317810367655,-0.02594504718910845,1.028796261725355,0,0,4.4647579999999998,4.5156320000000001,-0.31416678428649902,196.05735778808594,0.57230269908905029,30,3.5464690739672733e-08,1,0,3,-3.7957495806040242e-05,1.2533951654347675e-09,-0.0039219750917175826
87,1.4666667431592941,0,0,496.12503051757812,496.12503504753113,496.12503504753113,-3.2935022318270057e-06,-0.00065051071578636765,0.06841993088624912,0,0,0,-0.0092166446847841144,-0.13010214315727353,-0.027625577058643103,0.77412097582123318,-1.9457900298339297,-0.064908885785936732,-9934.7315041221755,0.76490433113644907,9932.6556119491834,-0.092534462844579835,1.0277467262507849,0,0,0,0.031272000000000001,0,0,0,30,3.5464690739672733e-08,1,0,3,7.5483440014068037e-06,0.0027303502429276705,-0.0039219750917175826
88,1.4833334106951952,1,0.033333335071802139,496.12503051757812,496.12503504753113,496.12503504753113,1.2258055903657805e-06,0.00027115846751257777,0.068281274491629629,0.19511081278324127,-161.59440612792969,-0.34026429057121277,-0.0076035248639527708,0.054231693502515554,-0.0075177937105763704,0.57894280587771774,-2.5843280188201074,0.27529310300146415,-10129.664409087394,0.57133928101376497,10127.134312762077,0.26777530929088778,1.0688966866600058,0,0,4.1798359999999999,4.2293159999999999,-0.19949841499328613,194.42445373535156,0.35442519187927246,30,1.1761115814579171e-07,1,0,3,-3.2935022318270057e-06,-0.00065051071578636765,-0.0052090256210765833
89,1.5000000782310963,0,0,496.12503051757812,496.12503504753113,496.12503504753113,-6.7728649355558446e-07,-0.00011418551730457693,0.068281274491629629,0,0,0,-0.00084823277575196698,-0.022837103460915387,0.003442745583015494,0.57894280587771774,-2.5843280188201074,0.27529310300146415,-10162.364412191555,0.57809457310196577,10159.757247069274,0.27873584858447964,1.0688749199883365,0,0,0,0.031012000000000001,0,0,0,30,1.1761115814579171e-07,1,0,3,1.2258055903657805e-06,0.00027115846751257777,-0.0052090256210765833
90,1.5166667457669973,1,0.033333335071802139,496.12503051757812,496.12503504753113,496.12503504753113,2.4848868633853272e-06,0.00018973040278069675,0.068103271124719755,0.066203087568283081,-161.92367553710938,-0.40713709592819214,-0.0026882888050749898,0.03794608055613935,0.0026207662813249044,0.51268994427009829,-2.893522942078846,0.68237522179619803,-10357.297317156776,0.5100016554650233,10354.441740295253,0.68499598807752293,1.0149005661314348,0,0,4.104959,4.1549180000000003,-0.07233738899230957,194.646484375,0.41057133674621582,30,2.0088469909751439e-07,1,0,3,-6.7728649355558446e-07,-0.00011418551730457693,-0.0058322453770179783
91,1.5333334133028984,0,0,496.12503051757812,496.12503504753113,496.12503504753113,7.4701347330119461e-09,-0.00014864499098621309,0.068103271124719755,0,0,0,0.0019164366676704958,-0.029728998197242618,-0.0024518829377484508,0.51268994427009829,-2.893522942078846,0.68237522179619803,-10389.997320260936,0.51460638093776878,10387.07406832066,0.67992333885844958,1.0148982904984754,0,0,0,0.032719999999999999,0,0,0,30,2.0088469909751439e-07,1,0,3,2.4848868633853272e-06,0.00018973040278069675,-0.0058322453770179783
92,1.5500000808387995,1,0.033333335071802139,496.12503051757812,496.12503504753113,496.12503504753113,0.00040874557453207672,0.024524284526705742,0.067866236579661496,0.55224138498306274,-82.723274230957031,6.2323594093322754,-0.00013663013760378817,4.9048569053411484,-0.70077073760330677,-0.039445133846851353,-82.403182868783816,-5.5502185056886333,-10584.930225226155,-0.039581763984455141,10507.431899262712,-6.2509892432919401,11.127307237621107,0,0,3.6511930000000001,3.7020789999999999,-0.55435812473297119,76.38873291015625,-11.810554504394531,20,8.2733336626006349e-08,1,0,2,7.4701347330119461e-09,-0.00014864499098621309,-0.16609357933507468
93,1.5666667483747005,0,0,496.12503051757812,496.12503504753113,496.12503504753113,2.1565938368439674e-08,-0.024523438885807991,0.067866236579661496,0,0,0,-0.00063576808315701783,-4.9046877771615982,0.70295762270689011,-0.039445133846851353,-82.403182868783816,-5.5502185056886333,-10617.630228330316,-0.040080901930008371,10530.32235768437,-4.8472608829817432,11.127310669241931,0,0,0,0.031310999999999999,0,0,0,20,8.2733336626006349e-08,1,0,2,0.00040874557453207672,0.024524284526705742,-0.16609357933507468
94,1.5833334159106016,1,0.033333335071802139,496.12503051757812,496.12503504753113,496.12503504753113,7.421898651216452e-09,-8.4864234395354288e-07,0.067140064221255638,0.2770727276802063,-54.287303924560547,-4.3493857383728027,-2.931460585386958e-06,-0.00016972846879070858,-0.00014868846847093664,-0.31647851244416536,-190.34879340958551,-1.2007999521491757,-10812.563133295533,-0.31648144390475075,10622.214170157478,-1.2009486406176466,42.612021923071701,0,0,2.9567939999999999,3.005385,0,0,0,10,1.1302199709462002e-07,1,0,0,2.1565938368439674e-08,-0.024523438885807991,-0.3836710102552055
95,1.6000000834465027,0,0,496.12503051757812,496.12503504753113,496.12503504753113,7.2772059489523144e-09,-8.6815514777072167e-09,0.067140064221255638,0,0,0,-5.5037719448591815e-05,-1.7363102955414433e-06,3.5257943409305881e-05,-0.31647851244416536,-190.34879340958551,-1.2007999521491757,-10845.263136399693,-0.31653355016361395,10654.914341253798,-1.2007646942057664,42.612021922942048,0,0,0,0.051188999999999998,0,0,0,10,1.1302199709462002e-07,1,0,0,7.421898651216452e-09,-8.4864234395354288e-07,-0.3836710102552055
96,1.6166667509824038,1,0.033333335071802139,496.12503051757812,496.12503504753113,496.12503504753113,7.9105575423454866e-09,3.8001097379947169e-08,0.067144473393758147,1.3189361095428467,-351.72314453125,-0.84652751684188843,-4.2920129317280953e-05,7.6002194759894337e-06,0.00013500999784810119,-1.6351468277658556,-0.85880589490563941,-0.3543597176175638,-11040.196041364916,-1.6351897478951729,11039.337243070229,-0.3542247076197157,2.2277586633793507,0,0,4.0224589999999996,4.076702,-1.3189274072647095,384.42294311523438,0.84663152694702148,20,2.6406530651001958e-07,1,0,4,7.2772059489523144e-09,-8.6815514777072167e-09,-0.0017310271287224233
97,1.6333334185183048,0,0,496.12503051757812,496.12503504753113,496.12503504753113,7.3160375535508138e-09,-3.5671209985821406e-08,0.067144473393758147,0,0,0,2.7048002948504291e-05,-7.1342419971642812e-06,-9.3037442638888024e-06,-1.6351468277658556,-0.85880589490563941,-0.3543597176175638,-11072.896044469077,-1.6351197797629071,11072.037231439928,-0.35436902136182769,2.2277586633325597,0,0,0,0.043605999999999999,0,0,0,20,2.6406530651001958e-07,1,0,4,7.9105575423454866e-09,3.8001097379947169e-08,-0.0017310271287224233
98,1.6500000860542059,1,0.033333335071802139,496.12503051757812,496.12503504753113,496.12503504753113,2.2220210667001083e-05,0.00133277359418571,0.067216730796966426,0.39801013469696045,-165.30094909667969,2.8839085102081299,-0.018975755665451288,0.26655471883714199,0.018945227202493697,-2.0332251627089653,2.2091999267477491,-3.2379880550888172,-11267.828949434293,-2.0522009183744165,11270.304704079879,-3.2190428278863235,4.0019562938503501,0,0,4.5899700000000001,4.6566850000000004,-0.44666051864624023,198.00091552734375,-2.8352901935577393,30,5.5982887658956315e-08,1,0,3,7.3160375535508138e-09,-3.5671209985821406e-08,0.0044529095906964203
99,1.666666753590107,0,0,496.12503051757812,496.12503504753113,496.12503504753113,7.5342541094869375e-09,-0.0013327605556696653,0.067216730796966426,0,0,0,0.019067343964707106,-0.26655211113393307,-0.019051018171012402,-2.0332251627089653,2.2091999267477491,-3.2379880550888172,-11300.528952538454,-2.0141578187442581,11302.471600354069,-3.2570390732598296,4.0019563075963349,0,0,0,0.061865999999999997,0,0,0,30,5.5982887658956315e-08,1,0,3,2.2220210667001083e-05,0.00133277359418571,0.0044529095906964203
100,1.683333421126008,1,0.033333335071802139,496.12503051757812,496.12503504753113,496.12503504753113,7.4576469444309623e-09,-4.5964378969642894e-09,0.067455587693217661,-2.2766091823577881,-30.925609588623047,-2.1545681953430176,3.0416561003221432e-05,-9.1928757939285788e-07,3.6304669492892572e-06,0.24362805227715212,-129.09809246422134,-1.0832743551767654,-11495.461857503671,0.24365846883815534,11366.363764120162,-1.0832707247098161,28.957894364029507,0,0,3.2368060000000001,3.2891309999999998,0,0,0,10,2.1190107872826047e-06,1,0,0,7.5342541094869375e-09,-0.0013327605556696653,-0.26021281601290919
101,1.7000000886619091,0,0,496.12503051757812,496.12503504753113,496.12503504753113,7.4174519859582233e-09,-2.4116939556506622e-09,0.067455587693217661,0,0,0,-0.00013062639254712849,-4.8233879113013245e-07,5.2769371450267499e-05,0.24362805227715212,-129.09809246422134,-1.0832743551767654,-11528.161860607832,0.24349742588460499,11399.063767661271,-1.0832215858053151,28.957894364078431,0,0,0,0.033118000000000002,0,0,0,10,2.1190107872826047e-06,1,0,0,7.4576469444309623e-09,-4.5964378969642894e-09,-0.26021281601290919
102,1.7166667561978102,1,0.033333335071802139,496.12503051757812,496.12503504753113,496.12503504753113,0.00067346892319619656,0.040407691150903702,0.067832252302137366,-3.2264318466186523,-162.145751953125,-21.400421142578125,-5.0701044074230595e-05,8.0815382301807404,1.1545057408511639,3.4699396510644971,-129.18540067151301,20.31714559700708,-11723.094765573054,3.4698889500204229,11601.990903131722,21.471651337858244,35.926550113678339,0,0,4.0571190000000001,4.1110309999999997,3.226125955581665,130.4815673828125,30.595319747924805,20,7.2156944952439517e-07,1,0,2,7.4174519859582233e-09,-2.4116939556506622e-09,-0.26038879626208833
103,1.7333334237337112,0,0,496.12503051757812,496.12503504753113,496.12503504753113,0.0001557067153044045,-0.031065730378031731,0.067832252302137366,0,0,0,0.00045307538130145986,-6.2131460756063461,-0.89331241324543953,3.4699396510644971,-129.18540067151301,20.31714559700708,-11755.794768677215,3.4703927264457985,11620.396221930096,19.423833183761641,35.77387030079538,0,0,0,0.031314000000000002,0,0,0,20,7.2156944952439517e-07,1,0,2,0.00067346892319619656,0.040407691150903702,-0.26038879626208833
104,1.7500000912696123,1,0.033333335071802139,496.12503051757812,496.12503504753113,496.12503504753113,2.2366293705999851e-08,-0.009341060183942318,0.067587866796319979,2.0616052150726318,-68.614089965820312,12.204438209533691,-3.2651783499204612e-05,-1.8682120367884636,-0.26716103311628103,1.408401937560307,-222.80428191564613,8.1125750832236854,-11950.727673642432,1.4083692857768078,11726.055179689998,7.8454140501074043,62.384168235471329,0,0,3.0268280000000001,3.0761579999999999,0,0,0,10,9.8776354207075201e-08,1,0,0,0.0001557067153044045,-0.031065730378031731,-0.44908897188447749
105,1.7666667588055134,0,0,496.12503051757812,496.12503504753113,496.12503504753113,5.5201354598466423e-09,-1.0107694379257737e-06,0.067587866796319979,0,0,0,-3.3319895464956062e-05,-0.00020215388758515473,0.00019272190456831595,1.408401937560307,-222.80428191564613,8.1125750832236854,-11983.427676746593,1.408368617664842,11760.62319267706,8.1127678051282537,62.364209807908878,0,0,0,0.050176999999999999,0,0,0,10,9.8776354207075201e-08,1,0,0,2.2366293705999851e-08,-0.009341060183942318,-0.44908897188447749
106,1.7833334263414145,1,0.033333335071802139,496.12503051757812,496.12503504753113,496.12503504753113,6.9253403012226045e-09,8.4312297587985086e-08,0.067699144385298948,3.584277868270874,-383.32247924804688,8.8168191909790039,-1.3846103286141442e-05,1.6862459517597017e-05,8.5263832261261996e-05,-2.1759560836148761,-1.7151338614150269,-0.70398444554694206,-12178.360581711811,-2.1759699297181623,12176.645464712856,-0.7038991817146808,3.6713620386493075,0,0,3.7867540000000002,3.8509190000000002,-3.5842490196228027,416.02218627929688,-8.8169155120849609,20,2.7008408665096795e-07,1,0,4,5.5201354598466423e-09,-1.0107694379257737e-06,-0.0034570596931289888
107,1.8000000938773155,0,0,496.12503051757812,496.12503504753113,496.12503504753113,5.9657967454995742e-09,-5.7572616896095496e-08,0.067699144385298948,0,0,0,0.00016041626622609328,-1.1514523379219099e-05,-3.6391929825185798e-05,-2.1759560836148761,-1.7151338614150269,-0.70398444554694206,-12211.06058481597,-2.17579566734865,12209.345439440032,-0.70402083747676725,3.6713620386978918,0,0,0,0.032263,0,0,0,20,2.7008408665096795e-07,1,0,4,6.9253403012226045e-09,8.4312297587985086e-08,-0.0034570596931289888
108,1.8166667614132166,1,0.033333335071802139,496.12503051757812,496.12503504753113,496.12503504753113,2.4118633064063033e-06,0.0001443538349121809,0.067692154727014564,-0.9791254997253418,-164.25021362304688,-4.2385954856872559,-0.0020334004148025997,0.02887076698243618,0.0020605917598004453,-1.1972266666192237,0.30218948863559086,3.5343717341190777,-12405.993489781193,-1.1992600670340263,12406.32455003681,3.5364323258788781,4.7541205905417607,0,0,4.3300939999999999,4.3803700000000001,0.97379255294799805,196.9501953125,4.243896484375,30,3.3542409028086695e-07,1,0,3,5.9657967454995742e-09,-5.7572616896095496e-08,0.00060909945535532126
109,1.8333334289491177,0,0,496.12503051757812,496.12503504753113,496.12503504753113,7.4762738222489133e-09,-0.00014426322013605386,0.067692154727014564,0,0,0,0.0020733587007271126,-0.028852644027210772,-0.0021372916307882406,-1.1972266666192237,0.30218948863559086,3.5343717341190777,-12438.693492885353,-1.1951533079184966,12438.966829729961,3.5322344424882894,4.7541205874963035,0,0,0,0.031257,0,0,0,30,3.3542409028086695e-07,1,0,3,2.4118633064063033e-06,0.0001443538349121809,0.00060909945535532126
110,1.8500000964850187,1,0.033333335071802139,496.12503051757812,496.12503504753113,496.12503504753113,7.4358355028891765e-09,-2.4262956088705323e-09,0.067729109099933085,-5.8855495452880859,-63.131553649902344,-5.4225597381591797,-9.9513692930486286e-05,-4.8525912177410646e-07,-3.9967346765479306e-05,4.6885696497155962,-98.799145700500929,8.957046337151322,-12633.626397850572,4.6884701360226657,12534.827251664812,8.9570063698045566,19.277714449766908,0,0,3.1165600000000002,3.1749649999999998,9.1341781616210938,46.459880828857422,9.2283849716186523,10,9.0254525275668129e-06,1,0,1,7.4762738222489133e-09,-0.00014426322013605386,-0.19914162503618771
111,1.8666667640209198,0,0,496.12503051757812,496.12503504753113,496.12503504753113,7.3961201607630755e-09,-2.3829334061531426e-09,0.067729109099933085,0,0,0,3.0861127697789925e-05,-4.7658668123062853e-07,-4.3134002680744743e-05,4.6885696497155962,-98.799145700500929,8.957046337151322,-12666.326400954731,4.688600510843294,12567.527254777644,8.9570032031486413,19.277714449741918,0,0,0,0.031115,0,0,0,10,9.0254525275668129e-06,1,0,1,7.4358355028891765e-09,-2.4262956088705323e-09,-0.19914162503618771
112,1.8833334315568209,1,0.033333335071802139,496.12503051757812,496.12503504753113,496.12503504753113,3.0732618228057618e-08,1.4001898307469673e-06,0.067837283724830263,4.1954126358032227,-263.45498657226562,4.8646445274353027,-0.0001596242441337381,0.00028003796614939347,-4.3308122599228227e-05,0.49330792657415934,2.4228909301389954,4.0923995836434743,-12861.25930591995,0.4931483023300256,12863.682476888054,4.0923562755208751,5.3923633266739737,0,0,4.5015169999999998,4.5633249999999999,-4.1957435607910156,296.1546630859375,-4.864598274230957,30,2.0763513930432964e-06,1,0,3,7.3961201607630755e-09,-2.3829334061531426e-09,0.0048836296477295709
113,1.9000000990927219,0,0,496.12503051757812,496.12503504753113,496.12503504753113,7.4562134244615663e-09,-1.3965842526886263e-06,0.067837283724830263,0,0,0,4.3620229916996323e-05,-0.00027931685053772526,1.5046444445943052e-05,0.49330792657415934,2.4228909301389954,4.0923995836434743,-12893.959309024111,0.49335154680407634,12896.381920637399,4.0924146300879203,5.3923633265920605,0,0,0,0.031301000000000002,0,0,0,30,2.0763513930432964e-06,1,0,3,3.0732618228057618e-08,1.4001898307469673e-06,0.0048836296477295709
114,1.916666766628623,1,0.033333335071802139,496.12503051757812,496.12503504753113,496.12503504753113,7.3706019065866712e-09,-5.1366946252073831e-09,0.067883396483197481,-5.0914573669433594,-60.734546661376953,-2.879000186920166,-0.00013424848930299049,-1.0273389250414766e-06,2.4563291844970081e-06,5.5847424737473768,-99.075464415882607,6.9713941623450904,-13088.892213989333,5.5846082252580738,12989.816748546111,6.9713966186742748,16.359900819635691,0,0,3.2827959999999998,3.341297,7.891474723815918,45.234142303466797,6.964012622833252,10,4.5249635149957612e-06,1,0,1,7.4562134244615663e-09,-1.3965842526886263e-06,-0.19969857881973382
115,1.9333334341645241,0,0,496.12503051757812,496.12503504753113,496.12503504753113,7.3604859984754967e-09,-6.0694915759995638e-10,0.067883396483197481,0,0,0,0.00014363577065523714,-1.2138983151999128e-07,1.0252870197291486e-05,5.5847424737473768,-99.075464415882607,6.9713941623450904,-13121.592217093492,5.584886109518032,13022.516752556219,6.9714044152152876,16.359900819642469,0,0,0,0.031084000000000001,0,0,0,10,4.5249635149957612e-06,1,0,1,7.3706019065866712e-09,-5.1366946252073831e-09,-0.19969857881973382
116,1.9500001017004251,1,0.033333335071802139,496.12503051757812,496.12503504753113,496.12503504753113,3.2740135793574154e-06,0.00019599917868617922,0.067757291199804157,4.635869026184082,-259.24383544921875,6.3531689643859863,-0.0027180711185792461,0.039199835737235844,0.002661769394762814,0.94873662932927516,-2.0644306807875759,0.61821958209068795,-13316.525122058711,0.94601855821069591,13314.49989121366,0.62088135148545076,2.8895521830875404,0,0,4.4586309999999996,4.5083469999999997,-4.6431608200073242,291.94390869140625,-6.3460397720336914,30,2.7274634817331389e-07,1,0,3,7.3604859984754967e-09,-6.0694915759995638e-10,-0.0041611096698431953
117,1.9666667692363262,0,0,496.12503051757812,496.12503504753113,496.12503504753113,7.4360286816954613e-09,-0.00019599463848862797,0.067757291199804157,0,0,0,0.0028450884201447479,-0.039198927697725594,-0.0028764237868017517,0.94873662932927516,-2.0644306807875759,0.61821958209068795,-13349.225125162871,0.95158171774941991,13347.121495554386,0.6153431583038862,2.8895521875102279,0,0,0,0.031226,0,0,0,30,2.7274634817331389e-07,1,0,3,3.2740135793574154e-06,0.00019599917868617922,-0.0041611096698431953
118,1.9833334367722273,1,0.033333335071802139,496.12503051757812,496.12503504753113,496.12503504753113,8.7468405851609532e-09,7.8648717760643194e-08,0.067622028620672875,-0.1554090827703476,-162.44442749023438,-0.50941920280456543,-1.344344440212808e-05,1.5729743552128639e-05,9.4616837031935574e-05,1.1040893586955689,-1.8529049302564049,1.1276170242860848,-13544.158030128088,1.1040759152511668,13542.305140927576,1.1277116411231167,2.7415897270054561,0,0,3.806794,3.8571740000000001,0.15255796909332275,195.18359375,0.51238447427749634,20,2.6678299036575481e-07,1,0,4,7.4360286816954613e-09,-0.00019599463848862797,-0.0037347539417737462
119,2.0000001043081284,0,0,496.12503051757812,496.12503504753113,496.12503504753113,7.4810904138189471e-09,-7.5944988964238291e-08,0.067622028620672875,0,0,0,9.3148793212094461e-05,-1.5188997792847658e-05,-1.2137067528783518e-05,1.1040893586955689,-1.8529049302564049,1.1276170242860848,-13576.858033232249,1.104182507488781,13575.005113112995,1.127604887218556,2.7415897270192788,0,0,0,0.031032000000000001,0,0,0,20,2.6678299036575481e-07,1,0,4,8.7468405851609532e-09,7.8648717760643194e-08,-0.0037347539417737462
120,2.0166667718440294,1,0.033333335071802139,496.12503051757812,496.12503504753113,496.12503504753113,7.4744122002812219e-09,-4.006954767987736e-10,0.067511935978114182,-4.4579329490661621,-62.313705444335938,-3.9393322467803955,-2.7955564974035951e-05,-8.013909535975472e-08,-8.4711672343473765e-06,5.5619226342744472,-101.77212725775667,5.0669087292830319,-13771.790938197471,5.5618946787094732,13670.018810859576,5.0669002581157976,15.381724912313006,0,0,3.106096,3.1929690000000002,7.9155821800231934,45.713096618652344,7.5226263999938965,10,6.4000432757893577e-06,1,0,1,7.4810904138189471e-09,-7.5944988964238291e-08,-0.20513402886029811
121,2.0333334393799305,0,0,496.12503051757812,496.12503504753113,496.12503504753113,7.4542851891123973e-09,-1.2076282196460397e-09,0.067511935978114182,0,0,0,2.8086037673347164e-05,-2.4152564392920794e-07,8.6099902318892418e-06,5.5619226342744472,-101.77212725775667,5.0669087292830319,-13804.490941301632,5.5619507203121206,13702.71881380235,5.0669173392732638,15.381724912313024,0,0,0,0.031022000000000001,0,0,0,10,6.4000432757893577e-06,1,0,1,7.4744122002812219e-09,-4.006954767987736e-10,-0.20513402886029811
122,2.0500001069158316,1,0.033333335071802139,496.12503051757812,496.12503504753113,496.12503504753113,0.00063293054699897766,0.037975382059812546,0.067421435194761598,-4.3938207626342773,-133.86720275878906,5.9811549186706543,1.0850126855075359,7.5950764119625092,-8.3307531895115972e-05,9.9558559815178711,-130.13782892999669,-0.91437442799002056,-13999.423846266849,11.040868667025407,13876.881093748814,-0.91445773552191567,27.927502950177701,0,0,3.7669130000000002,3.8474080000000002,13.035280227661133,106.07748413085938,-5.9809918403625488,20,5.9624980508488079e-08,1,0,2,7.4542851891123973e-09,-1.2076282196460397e-09,-0.26230853058549819
123,2.0666667744517326,0,0,496.12503051757812,496.12503504753113,496.12503504753113,7.4628624133765697e-05,-0.033498112112283707,0.067421435194761598,0,0,0,-0.96310973167419434,-6.6996224224567413,0.00015439944718309562,9.9558559815178711,-130.13782892999669,-0.91437442799002056,-14032.12384937101,8.9927462498436768,13895.286398018556,-0.91422002854283746,27.854355941061819,0,0,0,0.031397000000000001,0,0,0,20,5.9624980508488079e-08,1,0,2,0.00063293054699897766,0.037975382059812546,-0.26230853058549819
124,2.0833334419876337,1,0.033333335071802139,496.12503051757812,496.12503504753113,496.12503504753113,2.4017936084419489e-08,-0.0044762762263417244,0.066848037802443208,6.6439523696899414,-68.070381164550781,-0.8596959114074707,-0.12789155589416623,-0.89525524526834488,-4.1613662915551686e-05,3.3120184990730777,-224.30035562426434,-0.054793663177360008,-14227.05675433623,3.1841269431789114,14001.861143466698,-0.05483527684027556,59.509494292074272,0,0,3.1271390000000001,3.1760969999999999,0,0,0,10,1.7890485537463974e-07,1,0,0,7.4628624133765697e-05,-0.033498112112283707,-0.4521044893507043
125,2.1000001095235348,0,0,496.12503051757812,496.12503504753113,496.12503504753113,7.3358954466584692e-09,-1.0009223387896782e-06,0.066848037802443208,0,0,0,-2.8625095183087979e-05,-0.00020018446775793564,5.7964621191786136e-05,3.3120184990730777,-224.30035562426434,-0.054793663177360008,-14259.756757440391,3.3119898739778946,14035.456201631659,-0.054735698556168222,59.504911332281075,0,0,0,0.031019999999999999,0,0,0,10,1.7890485537463974e-07,1,0,0,2.4017936084419489e-08,-0.0044762762263417244,-0.4521044893507043
126,2.1166667770594358,1,0.033333335071802139,496.12503051757812,496.12503504753113,496.12503504753113,7.8345938163693063e-06,0.0004696354444604367,0.067183557061516505,3.9314470291137695,-386.40625,-1.2063366174697876,-0.0066098655224777758,0.09392708889208734,0.0066546781454235315,-0.61925263875561654,-0.12716504510007459,1.1515838049973828,-14454.689662405608,-0.62586250427809431,14454.6564244494,1.1582384831428063,2.0528453253484944,0,0,4.7158579999999999,4.7681469999999999,-3.9484977722167969,419.1063232421875,1.2233816385269165,30,1.4277750892688346e-07,1,0,3,7.3358954466584692e-09,-1.0009223387896782e-06,-0.00025631652530473811
127,2.1333334445953369,0,0,496.12503051757812,496.12503504753113,496.12503504753113,7.4560375651344657e-09,-0.00046962822671048343,0.067183557061516505,0,0,0,0.0067100008891429752,-0.093925645342096686,-0.0068395027483347803,-0.61925263875561654,-0.12716504510007459,1.1515838049973828,-14487.389665509769,-0.61254263786647356,14487.168574819327,1.144744302249048,2.0528453335942025,0,0,0,0.059694999999999998,0,0,0,30,1.4277750892688346e-07,1,0,3,7.8345938163693063e-06,0.0004696354444604367,-0.00025631652530473811
128,2.150000112131238,1,0.033333335071802139,496.12503051757812,496.12503504753113,496.12503504753113,0.00039725075475871563,0.023834597319364548,0.067090245635331072,-7.1265978813171387,-80.080612182617188,0.85356110334396362,0.68097589537501335,4.7669194638729095,-0.00012168600278528174,6.5074169805502473,-82.279445494336869,0.29795811559597085,-14682.322570474989,7.1883928759252607,14604.810044444526,0.29783642959318557,12.020038766171393,0,0,3.6847590000000001,3.7347709999999998,12.543598175048828,74.909194946289062,-0.84647649526596069,20,4.6242044504651858e-07,1,0,2,7.4560375651344657e-09,-0.00046962822671048343,-0.16584417169444818
129,2.1666667796671391,0,0,496.12503051757812,496.12503504753113,496.12503504753113,2.2409949451684952e-08,-0.023833699524402618,0.067090245635331072,0,0,0,-0.68123866803944111,-4.7667399048805237,0.00032349080356652848,6.5074169805502473,-82.279445494336869,0.29795811559597085,-14715.022573579148,5.8261783125108062,14627.97638817993,0.29828160639953738,12.020039113695617,0,0,0,0.031282999999999998,0,0,0,20,4.6242044504651858e-07,1,0,2,0.00039725075475871563,0.023834597319364548,-0.16584417169444818
130,2.1833334472030401,1,0.033333335071802139,496.12503051757812,496.12503504753113,496.12503504753113,1.2005731520048357e-08,-6.2425306168734096e-07,0.066611875760920189,0.95698755979537964,-91.983680725097656,-5.3183526992797852,6.4926126697173459e-05,-0.00012485061233746819,6.0893432873854181e-05,5.5505510548719172,-152.52871871212025,5.6163677617843391,-14909.955478544369,5.5506159809986144,14757.426634981637,5.6164286552172129,32.030848676755753,0,0,3.01722,3.065137,6.7264485359191895,59.173568725585938,8.3531703948974609,10,8.7915277617867105e-06,1,0,1,2.2409949451684952e-08,-0.023833699524402618,-0.30744007646682714
131,2.2000001147389412,0,0,496.12503051757812,496.12503504753113,496.12503504753113,5.910286482446736e-09,-3.6572669159795623e-07,0.066611875760920189,0,0,0,0.00012708734402622213,-7.3145338319591247e-05,5.8862497098743916e-07,5.5505510548719172,-152.52871871212025,5.6163677617843391,-14942.65548164853,5.5506781422159435,14790.126689791072,5.61636835040931,32.03084867675971,0,0,0,0.030939000000000001,0,0,0,10,8.7915277617867105e-06,1,0,1,1.2005731520048357e-08,-6.2425306168734096e-07,-0.30744007646682714
132,2.2166667822748423,1,0.033333335071802139,496.12503051757812,496.12503504753113,496.12503504753113,0.00079835124779492617,0.047900717705488205,0.066903211885974534,4.7377471923828125,-314.76434326171875,2.4503393173217773,0.68474523723125458,9.580143541097641,0.68445587530732155,0.81268416148945177,0.0029399257351545582,3.1663584803994276,-15137.588386613746,1.4974293987207064,15147.171470080579,3.8508143557067491,2.6391825897426777,0,0,4.2769110000000001,4.3264069999999997,-2.9901590347290039,347.46359252929688,-0.70262002944946289,20,6.4048194872157183e-06,1,0,3,5.910286482446736e-09,-3.6572669159795623e-07,5.9257758175273288e-06
133,2.2333334498107433,0,0,496.12503051757812,496.12503504753113,496.12503504753113,2.5902409106492996e-08,-0.0478995181620121,0.066903211885974534,0,0,0,-0.68663679994642735,-9.57990363240242,-0.68572526797652245,0.81268416148945177,0.0029399257351545582,3.1663584803994276,-15170.288389717907,0.12604736154302443,15160.711426011239,2.4806332124229051,2.6391858878137455,0,0,0,0.031220999999999999,0,0,0,20,6.4048194872157183e-06,1,0,3,0.00079835124779492617,0.047900717705488205,5.9257758175273288e-06
134,2.2500001173466444,1,0.033333335071802139,496.12503051757812,496.12503504753113,496.12503504753113,7.4399029159621932e-09,-1.1077503359047114e-06,0.06609192482975064,1.9247211217880249,-24.26350212097168,1.9913049936294556,5.2967197916586883e-05,-0.00022155006718094228,-8.6156865108932834e-05,-1.1118470632861395,-137.96644250956317,1.1750816438391514,-15365.221294683128,-1.1117940960882229,15227.254630623498,1.1749954869740424,22.55763871302738,0,0,3.0808810000000002,3.1296490000000001,0,0,0,10,4.4810985855292529e-07,1,0,0,2.5902409106492996e-08,-0.0478995181620121,-0.27808804789773472
135,2.2666667848825455,0,0,496.12503051757812,496.12503504753113,496.12503504753113,7.3749957252289278e-09,-3.8944207858548907e-09,0.06609192482975064,0,0,0,-3.1861952720646514e-05,-7.7888415717097814e-07,2.816709070430079e-05,-1.1118470632861395,-137.96644250956317,1.1750816438391514,-15397.921297787288,-1.1118789252388601,15259.954854498841,1.1751098109298557,22.557638712793249,0,0,0,0.031234999999999999,0,0,0,10,4.4810985855292529e-07,1,0,0,7.4399029159621932e-09,-1.1077503359047114e-06,-0.27808804789773472
136,2.2833334524184465,1,0.033333335071802139,496.12503051757812,496.12503504753113,496.12503504753113,9.9792341643478721e-05,0.0059870975092053413,0.066781321401093274,-1.1485012769699097,-301.50604248046875,-1.2844882011413574,0.08551249629817903,1.1974195018410683,0.085559318540617824,0.036789675324633314,1.3064218053107202,2.4596914915545058,-15592.854202752507,0.12230217162281234,15595.35804405966,2.5452508100951237,1.3712924011089362,0,0,4.4929129999999997,4.5541150000000004,1.3669555187225342,334.20571899414062,1.5029520988464355,30,6.4979090552697016e-08,1,0,3,7.3749957252289278e-09,-3.8944207858548907e-09,0.0026332511222409058
137,2.3000001199543476,0,0,496.12503051757812,496.12503504753113,496.12503504753113,7.9453457146883011e-09,-0.0059870635159313679,0.066781321401093274,0,0,0,-0.085500819841399789,-1.1974127031862736,-0.085546687478199601,0.036789675324633314,1.3064218053107202,2.4596914915545058,-15625.554205856668,-0.048711144516766475,15625.663214958793,2.3741448040763062,1.3712923438369482,0,0,0,0.031504999999999998,0,0,0,30,6.4979090552697016e-08,1,0,3,9.9792341643478721e-05,0.0059870975092053413,0.0026332511222409058
138,2.3166667874902487,1,0.033333335071802139,496.12503051757812,496.12503504753113,496.12503504753113,7.4292865193115176e-09,-3.0963537511752293e-08,0.066711733155712785,0.49736732244491577,-27.956840515136719,0.3997688889503479,-1.6151903992067673e-05,-6.1927075023504585e-06,-4.7999714070101618e-05,-0.46054255089565704,-132.96964518608814,2.0599406795502642,-15820.487110821887,-0.46055870279964911,15687.517459443092,2.0598926798361941,21.612505574407553,0,0,3.1025309999999999,3.1510690000000001,0,0,0,10,6.6647116909734905e-06,1,0,0,7.9453457146883011e-09,-0.0059870635159313679,-0.2680163986752836
139,2.3333334550261497,0,0,496.12503051757812,496.12503504753113,496.12503504753113,7.3887314044895902e-09,-2.4333104420293239e-09,0.066711733155712785,0,0,0,-4.8795163820614107e-05,-4.8666208840586478e-07,1.8504914578443277e-05,-0.46054255089565704,-132.96964518608814,2.0599406795502642,-15853.187113926046,-0.46059134605947766,15720.217468253295,2.0599591844648426,21.612505574410356,0,0,0,0.030922999999999999,0,0,0,10,6.6647116909734905e-06,1,0,0,7.4292865193115176e-09,-3.0963537511752293e-08,-0.2680163986752836
140,2.3500001225620508,1,0.033333335071802139,496.12503051757812,496.12503504753113,496.12503504753113,1.615449036762584e-05,0.00096882600337266922,0.066803567010123716,0.38947656750679016,-295.82583618164062,0.78611522912979126,0.013900690828450024,0.19376520067453384,0.013982728705741465,-0.85038243701560712,0.62360528586016828,1.2738830945212787,-16048.120018891266,-0.83648174618715709,16048.937389377801,1.2878658232270201,1.8605147810041136,0,0,4.1206620000000003,4.1690620000000003,-0.35408484935760498,328.5260009765625,-0.75076520442962646,30,1.5876436521011783e-07,1,0,3,7.3887314044895902e-09,-2.4333104420293239e-09,0.001256951860533351
141,2.3666667900979519,0,0,496.12503051757812,496.12503504753113,496.12503504753113,7.4687704909592867e-09,-0.00096882123034447432,0.066803567010123716,0,0,0,-0.013811977987643331,-0.19376424606889486,-0.013851991388946772,-0.85038243701560712,0.62360528586016828,1.2738830945212787,-16080.820021995427,-0.86419441500325045,16081.249863035218,1.2600311031323319,1.8605147644260858,0,0,0,0.045301000000000001,0,0,0,30,1.5876436521011783e-07,1,0,3,1.615449036762584e-05,0.00096882600337266922,0.001256951860533351
142,2.383333457633853,1,0.033333335071802139,496.12503051757812,496.12503504753113,496.12503504753113,7.4551032014369412e-09,-8.2001694323707852e-10,0.066813356008659397,-4.9624967575073242,-61.269569396972656,-4.7171850204467773,-0.00011593940598686459,-1.640033886474157e-07,-1.15328134597803e-05,4.1122051949027068,-100.33972011071445,5.9910948127636026,-16275.752926960648,4.1120892554967199,16175.413206685929,5.9910832799501428,15.426349437550405,0,0,3.613858,3.6744669999999999,8.3446798324584961,45.809719085693359,8.2676782608032227,10,8.5880719780107029e-06,1,0,1,7.4687704909592867e-09,-0.00096882123034447432,-0.20224683904754259
143,2.400000125169754,0,0,496.12503051757812,496.12503504753113,496.12503504753113,7.4546822048660033e-09,-2.5275781467826164e-11,0.066813356008659397,0,0,0,0.0001037905008161033,-5.0551562935652328e-09,1.0162466423935257e-05,4.1122051949027068,-100.33972011071445,5.9910948127636026,-16308.452930064806,4.1123089854035229,16208.113209949037,5.9911049752300265,15.426349437543658,0,0,0,0.031213999999999999,0,0,0,10,8.5880719780107029e-06,1,0,1,7.4551032014369412e-09,-8.2001694323707852e-10,-0.20224683904754259
144,2.4166667927056551,1,0.033333335071802139,496.12503051757812,496.12503504753113,496.12503504753113,0.00058217416517436504,0.034930001944303513,0.06680487917394054,13.736477851867676,-145.91532897949219,4.7406082153320312,-0.99801560863852501,6.9860003888607025,0.000105974402231368,-9.6243123866210105,-116.65732292451275,1.2505784198537908,-16503.385835030025,-10.622327995259536,16393.714512494375,1.2506843942560222,22.714075820441387,0,0,3.6174729999999999,3.667157,-21.685127258300781,122.9764404296875,-4.7409119606018066,20,5.3318115078582196e-07,1,0,2,7.4546822048660033e-09,-2.5275781467826164e-11,-0.23513694065718016
145,2.4333334602415562,0,0,496.12503051757812,496.12503504753113,496.12503504753113,4.8649962991476059e-07,-0.03490125760436058,0.06680487917394054,0,0,0,1.0026615113019943,-6.9802515208721161,-0.001843529571488034,-9.6243123866210105,-116.65732292451275,1.2505784198537908,-16536.085838134186,-8.6216508753190162,16412.448263688802,1.2487348902823028,22.713548370618362,0,0,0,0.031357000000000003,0,0,0,20,5.3318115078582196e-07,1,0,2,0.00058217416517436504,0.034930001944303513,-0.23513694065718016
146,2.4500001277774572,1,0.033333335071802139,496.12503051757812,496.12503504753113,496.12503504753113,1.55171051119396e-07,-1.9879713363479823e-05,0.066194672948446401,-17.946331024169922,-122.14032745361328,-9.5141506195068359,0.00039917808862810489,-0.0039759426726959646,-0.00010936173566733487,8.3219478017278981,-156.74994212228114,10.764683490849734,-16731.018743099405,8.3223469798165262,16574.26482503445,10.764574129114067,32.408778348876524,0,0,3.2543880000000001,3.3117429999999999,20.391998291015625,83.079330444335938,17.315147399902344,10,4.2154638322244864e-06,1,0,1,4.8649962991476059e-07,-0.03490125760436058,-0.31594846268393562
147,2.4666667953133583,0,0,496.12503051757812,496.12503504753113,496.12503504753113,-8.4166373426342034e-08,-1.4360244676936418e-05,0.066194672948446401,0,0,0,0.00042041961023642216,-0.0028720489353872836,0.00017506105223219492,8.3219478017278981,-156.74994212228114,10.764683490849734,-16763.718746203565,8.3223682213381345,16606.965932032348,10.764858551901966,32.408778347619702,0,0,0,0.031043999999999999,0,0,0,10,4.2154638322244864e-06,1,0,1,1.55171051119396e-07,-1.9879713363479823e-05,-0.31594846268393562
148,2.4833334628492594,1,0.033333335071802139,496.12503051757812,496.12503504753113,496.12503504753113,0.00066651881206780672,0.039996176958084106,0.066697078978731533,7.3638262748718262,-320.08206176757812,9.0554227828979492,0.57319165207445621,7.9992353916168213,0.57240505702793598,0.95806385714878628,1.0991310573913573,1.7092943910682257,-16958.651651168788,1.5312555092232425,16967.750017617796,2.2816994480961617,1.8517499900617618,0,0,4.0284240000000002,4.0801980000000002,-5.9046926498413086,352.78378295898438,-7.5959677696228027,20,6.4791647673700936e-06,1,0,3,-8.4166373426342034e-08,-1.4360244676936418e-05,0.0022154315540356784
149,2.5000001303851604,0,0,496.12503051757812,496.12503504753113,496.12503504753113,2.0314473658800125e-08,-0.039989907294511795,0.066697078978731533,0,0,0,-0.57301144115626812,-7.997981458902359,-0.57223099283874035,0.95806385714878628,1.0991310573913573,1.7092943910682257,-16991.351654272945,0.38505241599251816,16984.452803871434,1.1370633982294853,1.8515847285841014,0,0,0,0.031352999999999999,0,0,0,20,6.4791647673700936e-06,1,0,3,0.00066651881206780672,0.039996176958084106,0.0022154315540356784
150,2.5166667979210615,1,0.033333335071802139,496.12503051757812,496.12503504753113,496.12503504753113,7.5466655147238271e-09,-7.6606846732829581e-07,0.066078095842583645,2.4394643306732178,-24.33160400390625,1.7301216125488281,-2.2188899606589985e-05,-0.00015321369346565916,-5.1928304856119212e-05,-1.481538042399237,-136.80216283416061,-0.020821980100018511,-17186.284559238164,-1.4815602312988436,17049.482243190309,-0.02087390840487463,22.01164269528217,0,0,3.0958139999999998,3.1469109999999998,0,0,0,10,1.1449752435055416e-07,1,0,0,2.0314473658800125e-08,-0.039989907294511795,-0.27574130142627112
151,2.5333334654569626,0,0,496.12503051757812,496.12503504753113,496.12503504753113,7.4583459408472663e-09,-5.2991646626310285e-09,0.066078095842583645,0,0,0,-4.7623910859329044e-05,-1.0598329325262057e-06,7.7717396607113187e-05,-1.481538042399237,-136.80216283416061,-0.020821980100018511,-17218.984562342324,-1.4815856663100964,17082.182398448331,-0.020744262703411398,22.011642695193423,0,0,0,0.031113999999999999,0,0,0,10,1.1449752435055416e-07,1,0,0,7.5466655147238271e-09,-7.6606846732829581e-07,-0.27574130142627112
152,2.5500001329928637,1,0.033333335071802139,496.12503051757812,496.12503504753113,496.12503504753113,3.5027170497414772e-07,2.05688011192251e-05,0.066624035032428044,-8.6812591552734375,-127.9539794921875,7.6247200965881348,0.00036317246667749714,0.0041137602238450199,-0.0006273714461713098,7.1996142002140271,-171.08102998795169,-7.6456424868870885,-17413.917467307543,7.1999773726807046,17242.840551079815,-7.6462698583332598,39.780630973725287,0,0,4.1446350000000001,4.1982100000000004,14.60451602935791,80.125686645507812,-13.202482223510742,10,8.8997448983718641e-06,1,0,1,7.4583459408472663e-09,-5.2991646626310285e-09,-0.34483450320454262
153,2.5666668005287647,0,0,496.12503051757812,496.12503504753113,496.12503504753113,-1.0617927159728424e-07,-2.7387057343730703e-05,0.066624035032428044,0,0,0,-0.00012998530110053252,-0.0054774114687461406,0.00073694291131687351,7.1996142002140271,-171.08102998795169,-7.6456424868870885,-17446.617470411704,7.1994842149129266,17275.530963012283,-7.6449055439757716,39.780630982931065,0,0,0,0.031276999999999999,0,0,0,10,8.8997448983718641e-06,1,0,1,3.5027170497414772e-07,2.05688011192251e-05,-0.34483450320454262
154,2.5833334680646658,1,0.033333335071802139,496.12503051757812,496.12503504753113,496.12503504753113,-1.0450067833289722e-07,1.0071543243839187e-07,0.066655596224020952,9.554814338684082,-333.86871337890625,-8.5982027053833008,-3.5006780763069401e-05,2.0143086487678374e-05,0.00011599655636018724,-2.3553718737472344,0.55472220305482534,0.95272381261940231,-17641.550375376926,-2.3554068805279975,17642.105117723069,0.9528398091757625,1.030529085806043,0,0,3.759973,3.8102670000000001,-9.5547189712524414,366.57415771484375,8.5976295471191406,20,2.7630994736682624e-07,1,0,4,-1.0617927159728424e-07,-2.7387057343730703e-05,0.001118109677738154
155,2.6000001356005669,0,0,496.12503051757812,496.12503504753113,496.12503504753113,-1.0567964636720717e-07,-7.073812469116092e-08,0.066655596224020952,0,0,0,3.0235673875722568e-05,-1.4147624938232184e-05,-9.4940929784570471e-06,-2.3553718737472344,0.55472220305482534,0.95272381261940231,-17674.250378481087,-2.3553416380733587,17674.805086536519,0.95271431852642385,1.0305290857662055,0,0,0,0.044971999999999998,0,0,0,20,2.7630994736682624e-07,1,0,4,-1.0450067833289722e-07,1.0071543243839187e-07,0.001118109677738154
156,2.6166668031364679,1,0.033333335071802139,496.12503051757812,496.12503504753113,496.12503504753113,-1.0414093765120924e-07,9.2322302691627556e-08,0.066692105969604176,-0.74465596675872803,-162.22171020507812,0.90712106227874756,-1.1556340950846788e-05,1.8464460538325511e-05,9.3299678383118589e-05,-1.6107195899410549,0.54360594263755113,0.045590429910010222,-17869.183283446302,-1.6107311462820058,17869.726907853401,0.04568372958839334,1.1976611118046085,0,0,3.5966140000000002,3.6455890000000002,0.74461674690246582,194.92182922363281,-0.9070279598236084,20,2.6800276486937946e-07,1,0,4,-1.0567964636720717e-07,-7.073812469116092e-08,0.0010957035106794622
157,2.633333470672369,0,0,496.12503051757812,496.12503504753113,496.12503504753113,-1.0525274518613514e-07,-6.6708260249015439e-08,0.066692105969604176,0,0,0,5.682587698174757e-05,-1.3341652049803088e-05,-2.8682214292530261e-05,-1.6107195899410549,0.54360594263755113,0.045590429910010222,-17901.883286550463,-1.6106627640640732,17902.426879151448,0.045561747695717691,1.1976611118061937,0,0,0,0.031149,0,0,0,20,2.6800276486937946e-07,1,0,4,-1.0414093765120924e-07,9.2322302691627556e-08,0.0010957035106794622
158,2.6500001382082701,1,0.033333335071802139,496.12503051757812,496.12503504753113,496.12503504753113,-1.035804402249596e-07,1.0033823372168627e-07,0.066722525017602119,-0.94345951080322266,-162.0616455078125,1.0207189321517944,-1.171167340885404e-05,2.0067646744337253e-05,9.1814808911294676e-05,-0.6672849365877932,0.37244291775091742,-0.97490936269509199,-18096.816191515685,-0.66729664826120205,18097.188654501082,-0.97481754788618069,1.5127630396952376,0,0,4.0660270000000001,4.1168909999999999,0.94339603185653687,194.76173400878906,-1.0206080675125122,20,2.7081080133939395e-07,1,0,4,-1.0525274518613514e-07,-6.6708260249015439e-08,0.00075070373684173316
159,2.6666668057441711,0,0,496.12503051757812,496.12503504753113,496.12503504753113,-1.04707716275243e-07,-6.7636690914696374e-08,0.066722525017602119,0,0,0,9.1378961997179431e-05,-1.3527338182939275e-05,-1.2850372854700254e-05,-0.6672849365877932,0.37244291775091742,-0.97490936269509199,-18129.516194619842,-0.66719355762579602,18129.888624010255,-0.97492221306794669,1.5127630397092611,0,0,0,0.031460000000000002,0,0,0,20,2.7081080133939395e-07,1,0,4,-1.035804402249596e-07,1.0033823372168627e-07,0.00075070373684173316
160,2.6833334732800722,1,0.033333335071802139,496.12503051757812,496.12503504753113,496.12503504753113,8.9415152615401894e-06,0.00054277334129437804,0.066743151417800364,0.21504810452461243,-162.10157775878906,0.0071673691272735596,-0.0077212251198943704,0.10855466825887561,0.0077369128121063113,-0.8821582862513011,0.24118001207288858,-0.98228751938360992,-18324.449099585065,-0.88987951137119548,18324.798834265395,-0.97455060657150361,1.5894531414553821,0,0,4.1158210000000004,4.1651220000000002,-0.23493826389312744,194.8016357421875,0.012621641159057617,30,1.3758636896454846e-07,1,0,3,-1.04707716275243e-07,-6.7636690914696374e-08,0.00048612747802533767
161,2.7000001408159733,0,0,496.12503051757812,496.12503504753113,496.12503504753113,7.4478521128185093e-09,-0.00053604401182383299,0.066743151417800364,0,0,0,0.0076430835179053247,-0.1072088023647666,-0.0077074262662790716,-0.8821582862513011,0.24118001207288858,-0.98228751938360992,-18357.149102689225,-0.87451520273339578,18357.283073898932,-0.98999494564988899,1.5894519521121533,0,0,0,0.035901000000000002,0,0,0,30,1.3758636896454846e-07,1,0,3,8.9415152615401894e-06,0.00054277334129437804,0.00048612747802533767
162,2.7166668083518744,1,0.033333335071802139,496.12503051757812,496.12503504753113,496.12503504753113,0.00040027988143265247,0.024016344919800758,0.066732633149340068,-0.28704360127449036,-80.436775207519531,-6.8655366897583008,-0.00011861404800583841,4.8032689839601517,0.68619144149124622,-0.59511658960511793,-81.554906126952488,5.8832943638344242,-18552.082007654441,-0.59523520365312377,18475.330370511449,6.5694858053256704,11.668841758906977,0,0,4.0216839999999996,4.0799469999999998,0.27898260951042175,74.989166259765625,12.338289260864258,20,7.1205602125701262e-07,1,0,2,7.4478521128185093e-09,-0.00053604401182383299,-0.16438377498756768
163,2.7333334758877754,0,0,496.12503051757812,496.12503504753113,496.12503504753113,6.4406776800751686e-08,-0.02401292696595192,0.066732633149340068,0,0,0,0.0013782905625703279,-4.8025853931903839,-0.68735182285308838,-0.59511658960511793,-81.554906126952488,5.8832943638344242,-18584.782010758601,-0.5937382990425476,18498.424519238459,5.1959425409813358,11.668740557682845,0,0,0,0.031282999999999998,0,0,0,20,7.1205602125701262e-07,1,0,2,0.00040027988143265247,0.024016344919800758,-0.16438377498756768
164,2.7500001434236765,1,0.033333335071802139,496.12503051757812,496.12503504753113,496.12503504753113,5.1030315262323711e-07,2.6753783458843827e-05,0.066325698047876358,7.2814397811889648,-104.62332153320312,14.154463768005371,-0.00082071528595406562,0.0053507566917687654,-0.00052258023970352951,-7.8764387119636368,-139.16451204569097,-8.2712030840878388,-18779.714915723824,-7.8772594272495908,18640.555754434823,-8.2717256643275423,25.784610599932943,0,0,3.3506559999999999,3.3995470000000001,-13.886619567871094,73.023056030273438,-16.732589721679688,10,9.2983245849609375e-06,1,0,1,6.4406776800751686e-08,-0.02401292696595192,-0.28050290191938881
165,2.7666668109595776,0,0,496.12503051757812,496.12503504753113,496.12503504753113,7.4290369411755819e-09,-3.0172444894560613e-05,0.066325698047876358,0,0,0,0.00078822868090355769,-0.0060344889789121225,0.0001274638407267048,-7.8764387119636368,-139.16451204569097,-8.2712030840878388,-18812.414918827984,-7.8756504832827332,18673.244372293313,-8.2710756202471121,25.784610488102562,0,0,0,0.030995000000000002,0,0,0,10,9.2983245849609375e-06,1,0,1,5.1030315262323711e-07,2.6753783458843827e-05,-0.28050290191938881
166,2.7833334784954786,1,0.033333335071802139,496.12503051757812,496.12503504753113,496.12503504753113,1.657313219993739e-08,5.4864574394741794e-07,0.066669389884285349,-9.8496780395507812,-302.13705444335938,-8.3692111968994141,0.00015823013654880924,0.00010972914878948359,-0.00016965644817901193,1.9732339236387499,0.73968348374582527,0.098087041268759362,-19007.347823793203,1.9733921537752988,19008.087617006098,0.09791738482058035,1.0234809227194723,0,0,4.8336030000000001,4.9037639999999998,9.8495311737060547,334.8421630859375,8.3692102432250977,30,7.4443532867007889e-06,1,0,3,7.4290369411755819e-09,-3.0172444894560613e-05,0.0014909215046464246
167,2.8000001460313797,0,0,496.12503051757812,496.12503504753113,496.12503504753113,7.4374595371295982e-09,-5.481403491103265e-07,0.066669389884285349,0,0,0,3.1026735314299003e-05,-0.0001096280698220653,-7.5352340900280979e-05,1.9732339236387499,0.73968348374582527,0.098087041268759362,-19040.047826897364,1.9732649503740642,19040.787400753041,0.098011688927859081,1.0234809225660231,0,0,0,0.031130999999999999,0,0,0,30,7.4443532867007889e-06,1,0,3,1.657313219993739e-08,5.4864574394741794e-07,0.0014909215046464246
168,2.8166668135672808,1,0.033333335071802139,496.12503051757812,496.12503504753113,496.12503504753113,7.554591320513282e-06,0.00045282920473255217,0.066713871142896675,-0.4924418032169342,-161.9617919921875,-0.88319295644760132,-0.006363198917824775,0.090565840946510434,0.0065014348365366459,2.4656121020495814,0.46864645582230224,0.98117401977109098,-19234.980731862583,2.4592489031317566,19235.539944159351,0.98767545460762762,0.95817208931490538,0,0,4.2194839999999996,4.2686279999999996,0.47595739364624023,194.66195678710938,0.89982259273529053,30,1.6279703629606956e-07,1,0,3,7.4374595371295982e-09,-5.481403491103265e-07,0.00094461360083835256
169,2.8333334811031818,0,0,496.12503051757812,496.12503504753113,496.12503504753113,7.4664967542048544e-09,-0.00045282745850272477,0.066713871142896675,0,0,0,0.0064731808379292488,-0.090565491700544953,-0.0066057793446816504,2.4656121020495814,0.46864645582230224,0.98117401977109098,-19267.680734966743,2.4720852828875106,19268.058815930865,0.97456824042640933,0.95817209612634968,0,0,0,0.044447,0,0,0,30,1.6279703629606956e-07,1,0,3,7.554591320513282e-06,0.00045282920473255217,0.00094461360083835256
170,2.8500001486390829,1,0.033333335071802139,496.12503051757812,496.12503504753113,496.12503504753113,0.00040018846630118787,0.024010857567191124,0.066698950772382762,0.479725182056427,-80.021469116210938,-4.6688485145568848,-0.00012292625797272194,4.8021715134382248,0.6860608235001564,1.9858370664512801,-81.742796835226045,5.6498803594141913,-19462.613639931962,1.9857141401933074,19385.673014610173,6.3359411829143477,10.931382349487146,0,0,3.6048800000000001,3.6533570000000002,-0.48648923635482788,74.565879821777344,10.139255523681641,20,5.0015199803965515e-07,1,0,2,7.4664967542048544e-09,-0.00045282745850272477,-0.16476249142999747
171,2.866666816174984,0,0,496.12503051757812,496.12503504753113,496.12503504753113,6.4494088292121887e-08,-0.024007437750697136,0.066698950772382762,0,0,0,0.0013726770703215152,-4.8014875501394272,-0.68719233386218548,1.9858370664512801,-81.742796835226045,5.6498803594141913,-19495.313643036123,1.9872097435216016,19408.769358650756,4.9626880255520058,10.931281190231022,0,0,0,0.030979,0,0,0,20,5.0015199803965515e-07,1,0,2,0.00040018846630118787,0.024010857567191124,-0.16476249142999747
172,2.883333483710885,1,0.033333335071802139,496.12503051757812,496.12503504753113,496.12503504753113,5.1270262702018954e-07,2.6892508685705252e-05,0.066274830399930082,8.2847728729248047,-104.61913299560547,14.319650650024414,-0.00082545329860295169,0.0053785017371410504,-0.00052025948207301553,-6.2989551261473693,-139.35654720252057,-8.6696872392808189,-19690.246548001342,-6.2997805794459723,19550.895379300557,-8.6702074987628919,25.266050921514108,0,0,4.018249,4.0676620000000003,-15.080083847045898,72.993515014648438,-16.713666915893555,20,1.9292201614007354e-08,1,0,1,6.4494088292121887e-08,-0.024007437750697136,-0.28088997199903359
173,2.9000001512467861,0,0,496.12503051757812,496.12503504753113,496.12503504753113,7.4475678957242053e-09,-3.031530104635749e-05,0.066274830399930082,0,0,0,0.00083500226537580602,-0.006063060209271498,0.00013286838793646893,-6.2989551261473693,-139.35654720252057,-8.6696872392808189,-19722.946551105502,-6.2981201238819935,19583.583940842771,-8.6695543708928824,25.266050809317711,0,0,0,0.031452000000000001,0,0,0,20,1.9292201614007354e-08,1,0,1,5.1270262702018954e-07,2.6892508685705252e-05,-0.28088997199903359
174,2.9166668187826872,1,0.033333335071802139,496.12503051757812,496.12503504753113,496.12503504753113,0.00070975656853988767,0.042584944516420364,0.066592102426858188,-8.5701971054077148,-156.21237182617188,4.6263971328735352,-0.00039925139390106779,8.5169889032840729,-1.2164058163762093,2.2710954588853256,-145.37699283798082,-13.296106138007437,-19917.879456070721,2.2706962074914245,19781.019452136024,-14.512511954383646,33.252359412875215,0,0,3.6467679999999998,3.6957520000000001,8.5691928863525391,121.08631896972656,-14.31688117980957,20,3.8091485521363211e-07,1,0,2,7.4475678957242053e-09,-3.031530104635749e-05,-0.29302490817471649
175,2.9333334863185883,0,0,496.12503051757812,496.12503504753113,496.12503504753113,0.00022828066721558571,-0.028888553380966187,0.066592102426858188,0,0,0,0.0014602672308683395,-5.7777106761932373,0.83074541762471199,2.2710954588853256,-145.37699283798082,-13.296106138007437,-19950.579459174882,2.2725557261161939,19799.424755660708,-12.465360720382725,33.028488299473537,0,0,0,0.030908999999999999,0,0,0,20,3.8091485521363211e-07,1,0,2,0.00070975656853988767,0.042584944516420364,-0.29302490817471649
176,2.9500001538544893,1,0.033333335071802139,496.12503051757812,496.12503504753113,496.12503504753113,0.000155526606249623,-0.0043652434833347797,0.066363345628895745,11.523612976074219,-141.34207153320312,-20.838109970092773,0.011452496983110905,-0.87304869666695595,0.21451069042086601,-9.2526725256941713,-166.26786211293597,7.5418401280621783,-20145.512364140101,-9.2412200287110604,19978.371453330499,7.7563508184830443,36.26762909431411,0,0,3.5336829999999999,3.5841829999999999,-20.231000900268555,95.271492004394531,23.404943466186523,10,8.567748409404885e-06,1,0,1,0.00022828066721558571,-0.028888553380966187,-0.33513298134009045
177,2.9666668213903904,0,0,496.12503051757812,496.12503504753113,496.12503504753113,-4.8951158532872796e-05,-0.012268665246665478,0.066363345628895745,0,0,0,-0.11182581074535847,-2.4537330493330956,0.27704639360308647,-9.2526725256941713,-166.26786211293597,7.5418401280621783,-20178.212367244261,-9.3644983364395298,20009.490772081994,7.8188865216652648,36.290308207916418,0,0,0,0.031260000000000003,0,0,0,10,8.567748409404885e-06,1,0,1,0.000155526606249623,-0.0043652434833347797,-0.33513298134009045
178,2.9833334889262915,1,0.033333335071802139,496.12503051757812,496.12503504753113,496.12503504753113,0.0007095725741237402,0.04551142081618309,0.06639101485512694,-9.2570152282714844,-329.4283447265625,5.9310846328735352,-0.65013975836336613,9.102284163236618,0.65023698844015598,0.0042761684709511361,0.92757992011048096,1.610698020924797,-20373.14527220948,-0.64586358989241499,20383.175136292826,2.2609350093649532,1.4409968176695032,0,0,3.8819979999999998,3.9319229999999998,7.7085413932800293,364.5814208984375,-4.5477743148803711,20,4.4700736907543615e-06,1,0,3,-4.8951158532872796e-05,-0.012268665246665478,0.001869649492736472
179,3.0000001564621925,0,0,496.12503051757812,496.12503504753113,496.12503504753113,1.1880183592438698e-07,-0.042567223310470581,0.06639101485512694,0,0,0,0.59363320469856262,-8.5134446620941162,-0.63098999671638012,0.0042761684709511361,0.92757992011048096,1.610698020924797,-20405.845275313641,0.59790937316951376,20398.259410571656,0.97970802420841685,1.3983760482055538,0,0,0,0.031068999999999999,0,0,0,20,4.4700736907543615e-06,1,0,3,0.0007095725741237402,0.04551142081618309,0.001869649492736472
180,3.0166668239980936,1,0.033333335071802139,496.12503051757812,496.12503504753113,496.12503504753113,8.4742190153974661e-08,-2.0435786609596107e-06,0.0659918282307735,-8.1354522705078125,-60.019084930419922,9.3850488662719727,0.00011249718454564572,-0.00040871573219192214,1.4030547390575521e-05,8.1396379530491032,-101.28622001944748,-7.7742438954768076,-20600.778180278863,8.1397504502336488,20499.491551543684,-7.774229864929417,13.471964416014155,0,0,3.4779580000000001,3.5268969999999999,11.87132740020752,48.662071228027344,-11.934443473815918,20,1.6170815797522664e-08,1,0,1,1.1880183592438698e-07,-0.042567223310470581,-0.20415462406516893
181,3.0333334915339947,0,0,496.12503051757812,496.12503504753113,496.12503504753113,4.9041020133699931e-09,-4.7902849473757669e-06,0.0659918282307735,0,0,0,7.7074139426258625e-05,-0.00095805698947515339,-5.486331815518497e-05,8.1396379530491032,-101.28622001944748,-7.7742438954768076,-20633.47818338302,8.1397150271885295,20532.191005306584,-7.7742987587949628,13.471964419306525,0,0,0,0.031106000000000002,0,0,0,20,1.6170815797522664e-08,1,0,1,8.4742190153974661e-08,-2.0435786609596107e-06,-0.20415462406516893
182,3.0500001590698957,1,0.033333335071802139,496.12503051757812,496.12503504753113,496.12503504753113,0.00040258734952658415,0.024154944345355034,0.066642268326412263,7.9752297401428223,-264.56646728515625,-6.4929652214050293,0.34482688643038273,4.8309888690710068,-0.34492455888539553,0.16443466737475076,1.0475072294528092,-1.2813392663561494,-20828.411088348239,0.50926155380513349,20834.289584446764,-1.6262638252415449,0.98758750589275912,0,0,4.3510850000000003,4.4016359999999999,-7.0940380096435547,297.266845703125,5.6117124557495117,20,4.4684766180580482e-06,1,0,3,4.9041020133699931e-09,-4.7902849473757669e-06,0.0021113774864283015
183,3.0666668266057968,0,0,496.12503051757812,496.12503504753113,496.12503504753113,1.1670636013150215e-08,-0.024154540151357651,0.066642268326412263,0,0,0,-0.3451027674600482,-4.8309080302715302,0.34542069770395756,0.16443466737475076,1.0475072294528092,-1.2813392663561494,-20861.1110914524,-0.18066810008529743,20857.327690651582,-0.93591856865219181,0.98758770465615053,0,0,0,0.044528999999999999,0,0,0,20,4.4684766180580482e-06,1,0,3,0.00040258734952658415,0.024154944345355034,0.0021113774864283015
184,3.0833334941416979,1,0.033333335071802139,496.12503051757812,496.12503504753113,496.12503504753113,1.395823971961363e-07,7.6747055572923273e-06,0.066278221123680744,-1.7924537658691406,-57.417751312255859,2.4385542869567871,0.00017386008721587132,0.0015349411114584655,-0.00025317881409137044,1.9567766439680092,-103.7676597455573,-3.7198523099727496,-21056.043996417618,1.9569505040552251,20952.277871613172,-3.720105488786841,14.724780015171424,0,0,3.1151010000000001,3.1643699999999999,5.474848747253418,46.1741943359375,-6.4110221862792969,10,9.9754597613355145e-06,1,0,1,1.1670636013150215e-08,-0.024154540151357651,-0.20915626589094796
185,3.100000161677599,0,0,496.12503051757812,496.12503504753113,496.12503504753113,-3.6402454384187877e-08,-1.0559090696915518e-05,0.066278221123680744,0,0,0,-5.8909415656671626e-05,-0.0021118181393831037,0.00024794035198283382,1.9567766439680092,-103.7676597455573,-3.7198523099727496,-21088.743999521779,1.9567177345523525,20984.974227958082,-3.7196043696207668,14.724780015912124,0,0,0,0.030986,0,0,0,10,9.9754597613355145e-06,1,0,1,1.395823971961363e-07,7.6747055572923273e-06,-0.20915626589094796
186,3.1166668292135,1,0.033333335071802139,496.12503051757812,496.12503504753113,496.12503504753113,-3.4862363662568896e-08,9.2405450402566203e-08,0.066624862148242758,1.8565444946289062,-266.46151733398438,-3.1834845542907715,-1.3434997470085364e-05,1.8481090080513241e-05,9.510233098808385e-05,0.09994267037179852,0.46109955750538451,-0.53622143035232739,-21283.676904487002,0.099929235374328435,21284.138022525596,-0.5361263280213393,1.0220099002260299,0,0,3.9036330000000001,3.9538669999999998,-1.8564889430999756,299.16375732421875,3.1833450794219971,20,2.7128996293868113e-07,1,0,4,-3.6402454384187877e-08,-1.0559090696915518e-05,0.000929401914703234
187,3.1333334967494011,0,0,496.12503051757812,496.12503504753113,496.12503504753113,-3.5874329284979467e-08,-6.0717979977198411e-08,0.066624862148242758,0,0,0,0.00016405180076617398,-1.2143595995439682e-05,-3.7937661545583978e-05,0.09994267037179852,0.46109955750538451,-0.53622143035232739,-21316.376907591162,0.10010672217256469,21316.837995005073,-0.53625936801387297,1.0220099002740264,0,0,0,0.031164000000000001,0,0,0,20,2.7128996293868113e-07,1,0,4,-3.4862363662568896e-08,9.2405450402566203e-08,0.000929401914703234
188,3.1500001642853022,1,0.033333335071802139,496.12503051757812,496.12503504753113,496.12503504753113,1.3197080079407897e-05,0.00079397723311558366,0.066637973396145564,-0.70152378082275391,-161.78941345214844,1.333702564239502,-0.011323673970764503,0.15879544662311673,0.011307468230370432,0.80148322680182704,0.017579207200138624,-1.8700325626357086,-21511.309812556377,0.79015955283106254,21511.486187210201,-1.8587250944053382,1.046897884981937,0,0,4.242591,4.2949669999999998,0.67245841026306152,194.4893798828125,-1.3047093152999878,30,9.9285273336136015e-08,1,0,3,-3.5874329284979467e-08,-6.0717979977198411e-08,3.5433017804583177e-05
189,3.1666668318212032,0,0,496.12503051757812,496.12503504753113,496.12503504753113,7.4351191869936883e-09,-0.00079137866850942373,0.066637973396145564,0,0,0,0.011312115384498611,-0.15827573370188475,-0.011402003292459995,0.80148322680182704,0.017579207200138624,-1.8700325626357086,-21544.009815660538,0.81279534218632565,21543.869119134037,-1.8814345659281686,1.0468972167785187,0,0,0,0.030932999999999999,0,0,0,30,9.9285273336136015e-08,1,0,3,1.3197080079407897e-05,0.00079397723311558366,3.5433017804583177e-05
190,3.1833334993571043,1,0.033333335071802139,496.12503051757812,496.12503504753113,496.12503504753113,8.2129308793810196e-06,0.00049232970923185349,0.06660525531184916,0.025323500856757164,-161.76992797851562,0.35850384831428528,-0.0069130393967498094,0.098465941846370697,0.0070019945269450545,0.77589391346142045,-0.44546303885034344,-2.2283568024536877,-21738.942720625757,0.76898087406467064,21738.595723528753,-2.2213548079267427,0.91530832848725208,0,0,4.4651519999999998,4.514138,-0.054543495178222656,194.62812805175781,-0.32919764518737793,30,1.548589239064313e-07,1,0,3,7.4351191869936883e-09,-0.00079137866850942373,-0.00089788462057284804
191,3.2000001668930054,0,0,496.12503051757812,496.12503504753113,496.12503504753113,7.4714989750646055e-09,-0.00049232755554839969,0.06660525531184916,0,0,0,0.0070334092015400529,-0.098465511109679937,-0.0071615279011894017,0.77589391346142045,-0.44546303885034344,-2.2283568024536877,-21771.642723729918,0.7829273226629605,21771.098795179958,-2.2355183303548771,0.91530833813953927,0,0,0,0.031136,0,0,0,30,1.548589239064313e-07,1,0,3,8.2129308793810196e-06,0.00049232970923185349,-0.00089788462057284804
192,3.2166668344289064,1,0.033333335071802139,496.12503051757812,496.12503504753113,496.12503504753113,1.2063966323694331e-06,7.1935501182451844e-05,0.066565272658049637,4.2002720832824707,-61.267391204833984,-3.8809266090393066,-0.0015116122995095793,0.014387100236490369,0.00093909748102305457,-3.4240844269920507,-101.41095118698007,1.6525125910433767,-21966.57562869514,-3.4255960392915603,21865.179064608397,1.6534516885243997,14.022781153861997,0,0,3.6562160000000001,3.7063350000000002,-7.723393440246582,45.621925354003906,7.2905068397521973,10,6.9247194005583879e-06,1,0,1,7.4714989750646055e-09,-0.00049232755554839969,-0.20440603481592987
193,3.2333335019648075,0,0,496.12503051757812,496.12503504753113,496.12503504753113,4.5879460230935365e-09,-7.2108516178559512e-05,0.066565272658049637,0,0,0,0.0012526405953394715,-0.014421703235711902,-0.0007418554559990298,-3.4240844269920507,-101.41095118698007,1.6525125910433767,-21999.275631799301,-3.4228317863967113,21897.850258909086,1.6517707355873776,14.022781150658075,0,0,0,0.031108,0,0,0,10,6.9247194005583879e-06,1,0,1,1.2063966323694331e-06,7.1935501182451844e-05,-0.20440603481592987
194,3.2500001695007086,1,0.033333335071802139,496.12503051757812,496.12503504753113,496.12503504753113,3.6898182287359305e-09,-5.3887671214170041e-08,0.06651230663263881,-5.888430118560791,-262.97097778320312,5.1397614479064941,-9.4217415380626335e-05,-1.0777534242834008e-05,-7.615232675561856e-05,2.4644239793403422,-0.67277133637319808,-3.4872781762708858,-22194.208536764516,2.4643297619249616,22193.535754650609,-3.4873543285976414,0.77693570705663495,0,0,4.0945619999999998,4.14351,5.8870658874511719,295.68533325195312,-5.1390824317932129,30,1.0011073072746512e-06,1,0,3,4.5879460230935365e-09,-7.2108516178559512e-05,-0.001356051980543057
195,3.2666668370366096,0,0,496.12503051757812,496.12503504753113,496.12503504753113,3.4322205078041179e-09,-1.5455865920444012e-08,0.06651230663263881,0,0,0,2.6171164790866897e-06,-3.0911731840888024e-06,-0.00013446677940009977,2.4644239793403422,-0.67277133637319808,-3.4872781762708858,-22226.908539868677,2.4644265964568213,22226.235765441132,-3.4874126430502859,0.77693570706096993,0,0,0,0.030988999999999999,0,0,0,30,1.0011073072746512e-06,1,0,3,3.6898182287359305e-09,-5.3887671214170041e-08,-0.001356051980543057
196,3.2833335045725107,1,0.033333335071802139,496.12503051757812,496.12503504753113,496.12503504753113,1.1741776972939988e-07,6.8391327658900991e-06,0.066480520707206628,-0.21009993553161621,-162.50498962402344,-0.16171285510063171,3.5439143175608478e-06,0.0013678265531780198,-4.9845652938529383e-05,2.6747693737815679,-0.40077381301064879,-3.3254337680498867,-22421.841444833895,2.6747729176958854,22421.442038847439,-3.3254836137028252,0.75601174849190178,0,0,4.4266079999999999,4.4869700000000003,0.21029052138328552,195.20489501953125,0.16155070066452026,30,2.1631385038745066e-07,1,0,3,3.4322205078041179e-09,-1.5455865920444012e-08,-0.00080780808203370093
197,3.3000001721084118,0,0,496.12503051757812,496.12503504753113,496.12503504753113,7.4511561365397938e-09,-6.5979966166196391e-06,0.066480520707206628,0,0,0,-7.1667659540253226e-05,-0.0013195993233239278,1.439028665117803e-05,2.6747693737815679,-0.40077381301064879,-3.3254337680498867,-22454.541447938056,2.6746977061220276,22454.139354525723,-3.3254193777632355,0.75601174793732018,0,0,0,0.044388999999999998,0,0,0,30,2.1631385038745066e-07,1,0,3,1.1741776972939988e-07,6.8391327658900991e-06,-0.00080780808203370093
198,3.3166668396443129,1,0.033333335071802139,496.12503051757812,496.12503504753113,496.12503504753113,0.00039775547338649631,0.023864880204200745,0.066418111070889199,0.23046968877315521,-80.562896728515625,-8.2057743072509766,-0.00014291595107351895,4.7729760408401489,0.68185478448867798,2.4442811962749551,-82.070778797469188,4.8802971703770366,-22649.474352903278,2.4441382803238816,22572.176550146651,5.5621519548657146,10.857311185357343,0,0,3.6076700000000002,3.6574149999999999,-0.23074042797088623,75.250656127929688,13.636416435241699,20,8.441525096714031e-07,1,0,2,7.4511561365397938e-09,-6.5979966166196391e-06,-0.16542357873475669
199,3.3333335071802139,0,0,496.12503051757812,496.12503504753113,496.12503504753113,6.2544131651520729e-08,-0.02386157400906086,0.066418111070889199,0,0,0,0.001343523217656184,-4.7723148018121719,-0.68301660940051079,2.4442811962749551,-82.070778797469188,4.8802971703770366,-22682.174356007439,2.4456247194926113,22595.331262408159,4.1972805609765258,10.857214025407673,0,0,0,0.030929000000000002,0,0,0,20,8.441525096714031e-07,1,0,2,0.00039775547338649631,0.023864880204200745,-0.16542357873475669
200,3.350000174716115,1,0.033333335071802139,496.12503051757812,496.12503504753113,496.12503504753113,5.1106599130434915e-07,2.6911309760180302e-05,0.06589583102233558,8.6228084564208984,-103.92314910888672,14.814933776855469,-0.00082740234574885108,0.0053822619520360604,-0.00051105967031617183,-6.1787593744701494,-140.38059529673987,-9.934718387920233,-22877.107260972658,-6.1795867768158983,22736.732047937869,-9.9352294475905492,25.571228524802869,0,0,3.6871049999999999,3.7570589999999999,-15.207865715026855,72.865447998046875,-17.337936401367188,20,1.2993950804229826e-08,1,0,1,6.2544131651520729e-08,-0.02386157400906086,-0.28295406476170015
201,3.3666668422520161,0,0,496.12503051757812,496.12503504753113,496.12503504753113,6.7295218286744785e-09,-3.0260187486419454e-05,0.06589583102233558,0,0,0,0.00081690459410310723,-0.0060520374972838908,0.00014305943523140741,-6.1787593744701494,-140.38059529673987,-9.934718387920233,-22909.807264076819,-6.1779424698760463,22769.42061674258,-9.9345753284850016,25.571228414532079,0,0,0,0.045298999999999999,0,0,0,20,1.2993950804229826e-08,1,0,1,5.1106599130434915e-07,2.6911309760180302e-05,-0.28295406476170015
202,3.3833335097879171,1,0.033333335071802139,496.12503051757812,496.12503504753113,496.12503504753113,1.1967501450271811e-05,0.00071764626773074269,0.066177394899989486,-9.3943367004394531,-304.00360107421875,-7.5962996482849121,0.010307077900506556,0.14352925354614854,0.010261410352541134,3.2157706111622884,1.390094066143895,-2.3384120764247411,-23104.740169042034,3.2260776890627949,23106.273792361724,-2.3281506660722,0.73786080216508942,0,0,4.5596759999999996,4.6509090000000004,9.4197902679443359,336.7095947265625,7.6223645210266113,30,2.2632183060977695e-07,1,0,3,6.7295218286744785e-09,-3.0260187486419454e-05,0.0028019026816711989
203,3.4000001773238182,0,0,496.12503051757812,496.12503504753113,496.12503504753113,7.4387571658007801e-09,-0.00071760371793061495,0.066177394899989486,0,0,0,-0.01025374440359883,-0.14352074358612299,-0.010375933925388381,3.2157706111622884,1.390094066143895,-2.3384120764247411,-23137.440172146195,3.2055168667586895,23138.686745468753,-2.3487880103501295,0.73786078184061388,0,0,0,0.031189999999999999,0,0,0,30,2.2632183060977695e-07,1,0,3,1.1967501450271811e-05,0.00071764626773074269,0.0028019026816711989
204,3.4166668448597193,1,0.033333335071802139,496.12503051757812,496.12503504753113,496.12503504753113,3.4873782084332561e-08,1.6461013956359238e-06,0.066251289124796997,0.58445751667022705,-161.96713256835938,-1.4910941123962402,-8.9591435425973032e-05,0.00032922027912718477,-0.00012165144198661437,2.6311823192779293,1.1244015756104446,-0.84732790257376023,-23332.373077111417,2.6310927278425034,23333.497807907308,-0.84744955401574684,0.68822562273942012,0,0,4.1128770000000001,4.167287,-0.57429313659667969,194.81027221679688,1.501347541809082,30,2.9482575882866513e-06,1,0,3,7.4387571658007801e-09,-0.00071760371793061495,0.0022663673392388306
205,3.4333335123956203,0,0,496.12503051757812,496.12503504753113,496.12503504753113,7.500970511387095e-09,-1.6423686020061723e-06,0.066251289124796997,0,0,0,1.39489202410914e-05,-0.00032847372040123446,-9.9214173587824916e-05,2.6311823192779293,1.1244015756104446,-0.84732790257376023,-23365.073080215578,2.6311962681981704,23366.197153317469,-0.84742711674734805,0.6882256227038368,0,0,0,0.043756999999999997,0,0,0,30,2.9482575882866513e-06,1,0,3,3.4873782084332561e-08,1.6461013956359238e-06,0.0022663673392388306
206,3.4500001799315214,1,0.033333335071802139,496.12503051757812,496.12503504753113,496.12503504753113,2.0617225970909203e-07,1.1920276847376954e-05,0.066319250660080459,-2.7585570812225342,-60.648166656494141,4.3388853073120117,0.00024664450393174775,0.0023840553694753908,-0.00037308591345208697,5.3897096446154107,-100.46029739847782,-5.1863455207379392,-23560.005985180796,5.3899562891193424,23459.548071837689,-5.1867186066513913,13.753325970910016,0,0,3.6192289999999998,3.6706259999999999,6.5253796577453613,45.567253112792969,-7.3946962356567383,10,9.3619200924877077e-06,1,0,1,7.500970511387095e-09,-1.6423686020061723e-06,-0.20248987715133795
207,3.4666668474674225,0,0,496.12503051757812,496.12503504753113,496.12503504753113,-5.8591140827957133e-08,-1.5885803804849274e-05,0.066319250660080459,0,0,0,-0.00014625270523538347,-0.0031771607609698549,0.00039325345824181568,5.3897096446154107,-100.46029739847782,-5.1863455207379392,-23592.705988284957,5.3895633919101753,23492.24251372572,-5.1859522672796974,13.753325973941223,0,0,0,0.031111,0,0,0,10,9.3619200924877077e-06,1,0,1,2.0617225970909203e-07,1.1920276847376954e-05,-0.20248987715133795
208,3.4833335150033236,1,0.033333335071802139,496.12503051757812,496.12503504753113,496.12503504753113,-4.9780581434788473e-08,5.2863362043353845e-07,0.066353624673927733,6.1323714256286621,-263.29800415039062,-5.6355113983154297,-1.6589800111432851e-05,0.00010572672408670769,0.00016475971733598271,-0.74276269166944187,0.60468090051662804,0.44932982937994187,-23787.638893250172,-0.7427792814695533,23788.243679877414,0.44949458909727785,0.79072674590717595,0,0,4.2848550000000003,4.3342970000000003,-6.1326112747192383,296.00027465820312,5.6356363296508789,30,6.2288836488733068e-06,1,0,3,-5.8591140827957133e-08,-1.5885803804849274e-05,0.0012188074735206553
209,3.5000001825392246,0,0,496.12503051757812,496.12503504753113,496.12503504753113,-4.9722544304131588e-08,3.4821421301955979e-09,0.066353624673927733,0,0,0,-7.3159753810614347e-07,6.9642842603911959e-07,-0.00012667059081650223,-0.74276269166944187,0.60468090051662804,0.44932982937994187,-23820.338896354333,-0.74276342326697997,23820.943577951279,0.44920315878912537,0.79072674579893443,0,0,0,0.031108,0,0,0,30,6.2288836488733068e-06,1,0,3,-4.9780581434788473e-08,5.2863362043353845e-07,0.0012188074735206553
210,3.5166668500751257,1,0.033333335071802139,496.12503051757812,496.12503504753113,496.12503504753113,-4.132160213998759e-08,5.0405645879436634e-07,0.06639844483258775,-0.52809435129165649,-162.30274963378906,-1.1081682443618774,0.00015511276387769612,0.00010081129175887327,0.0001005283934318868,-0.21444475541071784,0.67455671316416654,1.5572379932855187,-24015.271801319555,-0.21428964264684014,24015.94645884401,1.5573385216789506,0.87726026378949995,0,0,4.5161199999999999,4.5664619999999996,0.52797067165374756,195.00192260742188,1.1088056564331055,30,6.7821761149389204e-06,1,0,3,-4.9722544304131588e-08,3.4821421301955979e-09,0.0013596506233545357
211,3.5333335176110268,0,0,496.12503051757812,496.12503504753113,496.12503504753113,-4.1325531441316343e-08,-2.3582025221458025e-10,0.06639844483258775,0,0,0,-5.0617927627172321e-07,-4.716405044291605e-08,-0.00012733153198496439,-0.21444475541071784,0.67455671316416654,1.5572379932855187,-24047.971804423716,-0.21444526158999411,24048.646361089715,1.5571106617535337,0.87726026365988419,0,0,0,0.063200000000000006,0,0,0,30,6.7821761149389204e-06,1,0,3,-4.132160213998759e-08,5.0405645879436634e-07,0.0013596506233545357
212,3.5500001851469278,1,0.033333335071802139,496.12503051757812,496.12503504753113,496.12503504753113,-3.9161314191460406e-08,1.2985310604562983e-07,0.066438898494859969,-0.58122348785400391,-162.09762573242188,-0.68212854862213135,4.3454342346649355e-06,2.5970621209125966e-05,0.00011057055644414504,0.36692454864791146,0.53936014463629456,2.2393467898184052,-24242.904709388935,0.36692889408214613,24243.444095504194,2.2394573603748493,0.79087769716968137,0,0,3.6295220000000001,3.6877460000000002,0.58123683929443359,194.79771423339844,0.68236321210861206,20,3.4698263107202365e-07,1,0,4,-4.1325531441316343e-08,-2.3582025221458025e-10,0.00108714559140242
213,3.5666668526828289,0,0,496.12503051757812,496.12503504753113,496.12503504753113,-4.0652899713222723e-08,-8.9495060251465475e-08,0.066438898494859969,0,0,0,2.3308149366130237e-05,-1.7899012050293095e-05,-7.1207125529326731e-06,0.36692454864791146,0.53936014463629456,2.2393467898184052,-24275.604712493096,0.36694785679727759,24276.144054738721,2.2393396691058522,0.79087769713848111,0,0,0,0.030942999999999998,0,0,0,20,3.4698263107202365e-07,1,0,4,-3.9161314191460406e-08,1.2985310604562983e-07,0.00108714559140242
214,3.58333352021873,1,0.033333335071802139,496.12503051757812,496.12503504753113,496.12503504753113,-3.8368490606899286e-08,1.3706453216855152e-07,0.066463942227720438,0.017732830718159676,-161.97567749023438,-0.44098952412605286,6.6521678832032194e-06,2.7412906433710305e-05,0.00011554933507795795,0.34900598633768787,0.28215667619007023,2.6801142535331803,-24470.537617458314,0.34901263850557107,24470.819801547412,2.6802298028682583,0.61423443346549511,0,0,3.7143489999999999,3.7855219999999998,-0.017748504877090454,194.67568969726562,0.44110345840454102,20,3.4965324857694213e-07,1,0,4,-4.0652899713222723e-08,-8.9495060251465475e-08,0.00056872089948663501
215,3.600000187754631,0,0,496.12503051757812,496.12503504753113,496.12503504753113,-3.9924731964902094e-08,-9.3374438847604324e-08,0.066463942227720438,0,0,0,2.4998217895699781e-05,-1.8674887769520865e-05,-8.569270448788302e-06,0.34900598633768787,0.28215667619007023,2.6801142535331803,-24503.237620562471,0.34903098455558357,24503.519758563772,2.6801056842627315,0.61423443342990769,0,0,0,0.045376,0,0,0,20,3.4965324857694213e-07,1,0,4,-3.8368490606899286e-08,1.3706453216855152e-07,0.00056872089948663501
216,3.6166668552905321,1,0.033333335071802139,496.12503051757812,496.12503504753113,496.12503504753113,-2.363917417369521e-08,9.7713336799643002e-07,0.066470711561692861,0.10022244602441788,-161.9862060546875,0.18081294000148773,0.00014109560879660421,0.000195426673599286,9.0039850419998402e-05,0.24898950407159401,0.035434081982128399,2.4993473071012029,-24698.170525527694,0.24913059968039061,24698.206155036351,2.4994373469516229,0.50033017261064605,0,0,4.3781619999999997,4.4293300000000002,-0.10041904449462891,194.68545532226562,-0.18036186695098877,30,5.2996238082414493e-06,1,0,3,-3.9924731964902094e-08,-9.3374438847604324e-08,7.1421676954346088e-05
217,3.6333335228264332,0,0,496.12503051757812,496.12503504753113,496.12503504753113,-2.7982336447962552e-08,-2.6058975777232263e-07,0.066470711561692861,0,0,0,-9.4768779490550514e-06,-5.2117951554464526e-05,-0.00014602810551878065,0.24898950407159401,0.035434081982128399,2.4993473071012029,-24730.870528631855,0.24898002719364495,24730.905910595884,2.4992012789956841,0.50033017242041811,0,0,0,0.031445000000000001,0,0,0,30,5.2996238082414493e-06,1,0,3,-2.363917417369521e-08,9.7713336799643002e-07,7.1421676954346088e-05
218,3.6500001903623343,1,0.033333335071802139,496.12503051757812,496.12503504753113,496.12503504753113,0.00039526453474536538,0.023717548698186874,0.066461250033913816,7.3479561805725098,-80.370315551757812,0.31069111824035645,-0.67767063155770302,4.7435097396373749,0.00011332115263940068,-7.0987649272513718,-81.827182450790829,2.1883821536870567,-24925.803433597073,-7.7764355588090748,24848.719760885921,2.1884954748396961,10.516324080884791,0,0,3.5058419999999999,3.5550609999999998,-12.74509334564209,75.291168212890625,-0.31081867218017578,20,7.801206720614573e-07,1,0,2,-2.7982336447962552e-08,-2.6058975777232263e-07,-0.16493258084214879
219,3.6666668578982353,0,0,496.12503051757812,496.12503504753113,496.12503504753113,2.2322637960314751e-08,-0.02371453121304512,0.066461250033913816,0,0,0,0.68001402541995049,-4.742906242609024,0.00029746638574579265,-7.0987649272513718,-81.827182450790829,2.1883821536870567,-24958.503436701234,-6.4187509018314213,24871.933348007835,2.1886796200728025,10.516300252113959,0,0,0,0.040210000000000003,0,0,0,20,7.801206720614573e-07,1,0,2,0.00039526453474536538,0.023717548698186874,-0.16493258084214879
220,3.6833335254341364,1,0.033333335071802139,496.12503051757812,496.12503504753113,496.12503504753113,1.1961802215409989e-08,-6.2165008785086684e-07,0.066061634671728639,-13.516952514648438,-104.00925445556641,-8.3857059478759766,-0.00016276921996905003,-0.00012433001757017337,1.1988390724582132e-06,6.4182009868057985,-140.05083003837063,10.574015791786259,-25153.436341666453,6.4180382175858295,25013.385387298065,10.574016990625331,24.998091304633771,0,0,3.629235,3.6798250000000001,16.037014007568359,72.49468994140625,15.033992767333984,10,8.1656926340656355e-06,1,0,1,2.2322637960314751e-08,-0.02371453121304512,-0.28228938300796108
221,3.7000001929700375,0,0,496.12503051757812,496.12503504753113,496.12503504753113,6.0143205971030511e-09,-3.5684888644027524e-07,0.066061634671728639,0,0,0,8.316281423503824e-05,-7.1369777288055047e-05,2.8946797669959778e-05,6.4182009868057985,-140.05083003837063,10.574015791786259,-25186.136344770614,6.4182841496200336,25046.085443362466,10.574044738583929,24.998091304583845,0,0,0,0.04095,0,0,0,10,8.1656926340656355e-06,1,0,1,1.1961802215409989e-08,-6.2165008785086684e-07,-0.28228938300796108
222,3.7166668605059385,1,0.033333335071802139,496.12503051757812,496.12503504753113,496.12503504753113,0.00060318235773593187,0.036190580576658249,0.066434004122302645,5.4616498947143555,-303.36700439453125,7.9100122451782227,0.51708538085222244,7.2381161153316498,0.51701921038329601,0.95639047297576241,1.0835708424694341,2.6639231037706947,-25381.069249735836,1.4734758538279848,25389.390936693639,3.1809423141539908,1.0497498243942163,0,0,3.7955230000000002,3.8448120000000001,-4.1412343978881836,336.0662841796875,-6.5896310806274414,20,7.0432356551464181e-06,1,0,3,6.0143205971030511e-09,-3.5684888644027524e-07,0.0021840680593061038
223,3.7333335280418396,0,0,496.12503051757812,496.12503504753113,496.12503504753113,1.7986167222261429e-08,-0.036189861595630646,0.066434004122302645,0,0,0,-0.51836231723427773,-7.2379723191261292,-0.51779886707663536,0.95639047297576241,1.0835708424694341,2.6639231037706947,-25413.769252839997,0.43802815574148468,25407.614851363342,2.1461242366940594,1.0497507477996115,0,0,0,0.031257,0,0,0,20,7.0432356551464181e-06,1,0,3,0.00060318235773593187,0.036190580576658249,0.0021840680593061038
224,3.7500001955777407,1,0.033333335071802139,496.12503051757812,496.12503504753113,496.12503504753113,7.4854851206396233e-09,-6.3004091543916729e-07,0.065892430237766822,2.0800514221191406,-24.196561813354492,1.7383158206939697,1.9175854504283052e-05,-0.00012600818308783346,-6.7692042193812085e-05,-1.1240355549474921,-136.95275022705925,0.92550568718993143,-25608.702157805212,-1.1240163790929878,25471.74928156997,0.92543799514773761,21.478903074866782,0,0,2.9724469999999998,3.0195539999999998,0,0,0,10,4.5252136260387488e-08,1,0,0,1.7986167222261429e-08,-0.036189861595630646,-0.27604482852581413
225,3.7666668631136417,0,0,496.12503051757812,496.12503504753113,496.12503504753113,7.4462440657896423e-09,-2.3544615146420256e-09,0.065892430237766822,0,0,0,-0.00012442698107406613,-4.7089230292840512e-07,-5.1857227845175657e-06,-1.1240355549474921,-136.95275022705925,0.92550568718993143,-25641.402160909372,-1.1241599819285661,25504.449410211422,0.92550050146714691,21.478903074827667,0,0,0,0.044918,0,0,0,10,4.5252136260387488e-08,1,0,0,7.4854851206396233e-09,-6.3004091543916729e-07,-0.27604482852581413
226,3.7833335306495428,1,0.033333335071802139,496.12503051757812,496.12503504753113,496.12503504753113,0.00066979241091758013,0.040187094360589981,0.066425973105998293,10.362855911254883,-160.89096069335938,-1.2165656089782715,-1.1482418514788151,8.0374188721179962,0.00010998682000717963,-11.486769706094233,-138.2947107934479,2.1421691476493243,-25836.335065874591,-12.635011557573048,25706.07777395326,2.1422791344693315,29.86472005133308,0,0,4.0877749999999997,4.1509429999999998,-19.507568359375,129.57809448242188,1.2165971994400024,20,4.2998732396881678e-07,1,0,2,7.4462440657896423e-09,-2.3544615146420256e-09,-0.27874971231838486
227,3.8000001981854439,0,0,496.12503051757812,496.12503504753113,496.12503504753113,0.00014835858019068837,-0.031286027282476425,0.066425973105998293,0,0,0,0.89983725920319557,-6.257205456495285,-0.00026356560738349799,-11.486769706094233,-138.2947107934479,2.1421691476493243,-25869.035068978752,-10.586932446891037,25724.483152728808,2.1419055820419408,29.71925139684415,0,0,0,0.031576,0,0,0,20,4.2998732396881678e-07,1,0,2,0.00066979241091758013,0.040187094360589981,-0.27874971231838486
228,3.8166668657213449,1,0.033333335071802139,496.12503051757812,496.12503504753113,496.12503504753113,2.3894244804978371e-08,-0.0089000808075070381,0.066066411279496709,-6.9752354621887207,-69.630714416503906,0.027388807386159897,0.25463812053203583,-1.7800161615014076,3.8763107568229316e-05,-4.5114286654397793,-230.89692203137824,2.1148084756732883,-26063.967973943974,-4.2567905449077434,25831.291035751095,2.1148472387808566,61.405079242559871,0,0,3.0701489999999998,3.1197240000000002,0,0,0,10,3.0101179504526954e-07,1,0,0,0.00014835858019068837,-0.031286027282476425,-0.46540066660666946
229,3.833333533257246,0,0,496.12503051757812,496.12503504753113,496.12503504753113,7.4732469101945753e-09,-9.8525981684360886e-07,0.066066411279496709,0,0,0,-1.7363504412060138e-05,-0.00019705196336872177,0.00013067465260974132,-4.5114286654397793,-230.89692203137824,2.1148084756732883,-26096.667977048135,-4.5114460289441913,25865.770857964795,2.1149391503258981,61.386961288618622,0,0,0,0.031175000000000001,0,0,0,10,3.0101179504526954e-07,1,0,0,2.3894244804978371e-08,-0.0089000808075070381,-0.46540066660666946
230,3.8500002007931471,1,0.033333335071802139,496.12503051757812,496.12503504753113,496.12503504753113,3.8685908521074452e-07,2.2763149900129065e-05,0.06638212253650029,6.5182700157165527,-167.60359191894531,9.0297689437866211,-0.00075368302532297093,0.004552629980025813,-0.00030003193387528881,-11.029435414582181,-225.52625668196285,-6.9149874674030034,-26291.60088201335,-11.030189097607504,26066.079177961368,-6.9152874993368787,67.907452893484901,0,0,4.1137040000000002,4.1649659999999997,-14.991205215454102,96.321418762207031,-15.41126823425293,20,5.8885625264792907e-09,1,0,1,7.4732469101945753e-09,-9.8525981684360886e-07,-0.45457544116949544
231,3.8666668683290482,0,0,496.12503051757812,496.12503504753113,496.12503504753113,-4.8303206767741358e-08,-2.6109735699719749e-05,0.06638212253650029,0,0,0,0.00084552693806472234,-0.0052219471399439499,0.00022138024178275373,-11.029435414582181,-225.52625668196285,-6.9149874674030034,-26324.300885117511,-11.028589887644117,26098.769406488409,-6.9147660871612207,67.907452852399345,0,0,0,0.031073,0,0,0,20,5.8885625264792907e-09,1,0,1,3.8685908521074452e-07,2.2763149900129065e-05,-0.45457544116949544
232,3.8833335358649492,1,0.033333335071802139,496.12503051757812,496.12503504753113,496.12503504753113,0.00080805184552446008,0.048486005514860153,0.066423919305306681,-12.04612922668457,-227.26788330078125,-22.501537322998047,-6.6701340983854607e-05,9.6972011029720306,1.3852681033313274,1.0164680944657498,-160.49131114344331,15.586509067266766,-26519.23379008273,1.016401393124766,26368.439680042258,16.971777170598095,39.277672857738096,0,0,3.8137430000000001,3.8636819999999998,12.045138359069824,182.74137878417969,33.53460693359375,20,8.0486108799959766e-07,1,0,2,-4.8303206767741358e-08,-2.6109735699719749e-05,-0.32348964435561589
233,3.9000002034008503,0,0,496.12503051757812,496.12503504753113,496.12503504753113,0.00042488693725317717,-0.022989893332123756,0.066423919305306681,0,0,0,0.00079339661169797182,-4.5979786664247513,-0.66166589967906475,1.0164680944657498,-160.49131114344331,15.586509067266766,-26551.93379318689,1.0172614910774478,26386.844503377022,14.924843167587701,38.860846297229124,0,0,0,0.030915999999999999,0,0,0,20,8.0486108799959766e-07,1,0,2,0.00080805184552446008,0.048486005514860153,-0.32348964435561589
234,3.9166668709367514,1,0.033333335071802139,496.12503051757812,496.12503504753113,496.12503504753113,0.00041808656533248723,-0.00040802202420309186,0.066448980321486786,11.482946395874023,-148.325927734375,20.41948127746582,0.0087767162767704576,-0.081604404840618372,-0.0045322645746637136,-10.466604719481584,-174.39819705176672,-4.8330790593793802,-26746.866698152113,-10.457828003204813,26572.386896695505,-4.8376113239540439,39.574393522622408,0,0,3.493045,3.541677,-20.910432815551758,98.100448608398438,-22.887439727783203,20,2.9255147637741175e-08,1,0,1,0.00042488693725317717,-0.022989893332123756,-0.3515206545363278
235,3.9333335384726524,0,0,496.12503051757812,496.12503504753113,496.12503504753113,-1.2900272849947214e-06,-0.025162594392895699,0.066448980321486786,0,0,0,-0.004286148032406345,-5.0325188785791397,-0.72331279516220093,-10.466604719481584,-174.39819705176672,-4.8330790593793802,-26779.566701256274,-10.47089086751399,26600.135985325927,-5.5563918545415811,39.719986578143057,0,0,0,0.031008999999999998,0,0,0,20,2.9255147637741175e-08,1,0,1,0.00041808656533248723,-0.00040802202420309186,-0.3515206545363278
236,3.9500002060085535,1,0.033333335071802139,496.12503051757812,496.12503504753113,496.12503504753113,0.00078248081263154745,0.047026246786117554,0.066013536916500859,-7.7853298187255859,-336.34661865234375,-2.5240716934204102,-0.67322291433811188,9.4052493572235107,-0.67319180816411972,-2.6812471234976396,-0.28428188827275691,-2.3090418351244524,-26974.499606221492,-3.3544700378357515,26983.620573690441,-2.9822336432885721,1.6901030189576343,0,0,4.2940019999999999,4.345485,6.0723714828491211,374.0782470703125,1.5302565097808838,20,6.9200073085085023e-06,1,0,3,-1.2900272849947214e-06,-0.025162594392895699,-0.00057300452142174476
237,3.9666668735444546,0,0,496.12503051757812,496.12503504753113,496.12503504753113,4.6624336391687393e-08,-0.046946048736572266,0.066013536916500859,0,0,0,0.67416708916425705,-9.3892097473144531,0.67572132684290409,-2.6812471234976396,-0.28428188827275691,-2.3090418351244524,-27007.199609325649,-2.0070800343333826,26997.52611769006,-1.6333205082815483,1.6882859712407812,0,0,0,0.031226,0,0,0,20,6.9200073085085023e-06,1,0,3,0.00078248081263154745,0.047026246786117554,-0.00057300452142174476
238,3.9833335410803556,1,0.033333335071802139,496.12503051757812,496.12503504753113,496.12503504753113,7.5513497677093255e-09,-2.3443790269084275e-06,0.065655417537608091,-1.5239166021347046,-24.428098678588867,-3.9606392383575439,5.3866961025050841e-05,-0.0004688758053816855,-2.1867191435376299e-05,-1.1572985051698437,-138.08905338129,1.6513980115158731,-27202.132514290868,-1.1572446382088186,27064.042992033774,1.6513761443244377,22.521164643651026,0,0,3.0457510000000001,3.0943580000000002,0,0,0,10,2.7375773470339482e-07,1,0,0,4.6624336391687393e-08,-0.046946048736572266,-0.2783351849359112
239,4.0000002086162567,0,0,496.12503051757812,496.12503504753113,496.12503504753113,7.4414843176384693e-09,-6.5919247838053252e-09,0.065655417537608091,0,0,0,-8.5170097463560523e-05,-1.318384956761065e-06,-4.6113467533359653e-05,-1.1572985051698437,-138.08905338129,1.6513980115158731,-27234.832517395029,-1.1573836752673072,27096.743462695355,1.6513518980483397,22.521164642823948,0,0,0,0.031151000000000002,0,0,0,10,2.7375773470339482e-07,1,0,0,7.5513497677093255e-09,-2.3443790269084275e-06,-0.2783351849359112
240,4.0166668761521578,1,0.033333335071802139,496.12503051757812,496.12503504753113,496.12503504753113,0.00067047780612483621,0.040228217840194702,0.066365681081807543,1.4775879383087158,-162.20558166503906,-12.515707015991211,-0.00071830227170721628,8.0456435680389404,1.1490595526993275,-2.6348066837256443,-138.11640543701071,14.167132602460372,-27429.765422360251,-2.6355249859973515,27299.694660491281,15.316192155159699,30.527456654744373,0,0,4.0089230000000002,4.0621859999999996,-1.477419376373291,130.82818603515625,21.669750213623047,20,3.0332805067700974e-07,1,0,2,7.4414843176384693e-09,-6.5919247838053252e-09,-0.27839031631165018
241,4.0333335436880589,0,0,496.12503051757812,496.12503504753113,496.12503504753113,0.00014969083713367581,-0.0312472153455019,0.066365681081807543,0,0,0,0.0018220463971374556,-6.2494430691003799,-0.89843766763806343,-2.6348066837256443,-138.11640543701071,14.167132602460372,-27462.465425464412,-2.6329846373285068,27318.099576958302,13.268694934822308,30.380662273767555,0,0,0,0.031137000000000001,0,0,0,20,3.0332805067700974e-07,1,0,2,0.00067047780612483621,0.040228217840194702,-0.27839031631165018
242,4.0500002112239599,1,0.033333335071802139,496.12503051757812,496.12503504753113,496.12503504753113,4.5445645810104907e-05,-0.0062547111883759499,0.066011140667865037,10.281970024108887,-135.49870300292969,20.051637649536133,0.073251425055786967,-1.25094223767519,-0.11237937724217772,-12.916885856848353,-164.85065080525939,-5.8844380520766046,-27657.398330429631,-12.843634431792566,27491.296737386696,-5.9968174293187824,35.294196383009734,0,0,3.5439240000000001,3.5934680000000001,-19.183713912963867,92.337501525878906,-21.998298645019531,10,9.6857547760009766e-06,1,0,1,0.00014969083713367581,-0.0312472153455019,-0.3322764205790702
243,4.066666878759861,0,0,496.12503051757812,496.12503504753113,496.12503504753113,-2.2784086468163878e-05,-0.0040937839075922966,0.066011140667865037,0,0,0,-0.08035280043259263,-0.81875678151845932,-0.1784083666279912,-12.916885856848353,-164.85065080525939,-5.8844380520766046,-27690.098333533791,-12.997238657280946,27524.428925947013,-6.0628464187045958,35.294674985363912,0,0,0,0.031244000000000001,0,0,0,10,9.6857547760009766e-06,1,0,1,4.5445645810104907e-05,-0.0062547111883759499,-0.3322764205790702
244,4.0833335462957621,1,0.033333335071802139,496.12503051757812,496.12503504753113,496.12503504753113,0.00066773651633411646,0.041431237012147903,0.06622931607016902,-10.181730270385742,-327.25860595703125,-5.6987910270690918,-0.61687547713518143,8.2862474024295807,-0.6170875858515501,-2.7350748564126928,0.17543555416521572,-0.18577717789206782,-27885.031238499007,-3.3519503335478742,27893.4929214556,-0.80286476374361793,1.6956145638568545,0,0,3.7492749999999999,3.7996620000000001,8.7254304885864258,360.7767333984375,4.3407468795776367,20,7.0007795329729561e-06,1,0,3,-2.2784086468163878e-05,-0.0040937839075922966,0.0003536115732365898
245,4.1000002138316631,0,0,496.12503051757812,496.12503504753113,496.12503504753113,2.066371962428093e-08,-0.040062949061393738,0.06622931607016902,0,0,0,0.55545773357152939,-8.0125898122787476,0.59409593231976032,-2.7350748564126928,0.17543555416521572,-0.18577717789206782,-27917.731241603167,-2.1796171228411634,27909.894087345052,0.4083187544276925,1.6678599199451722,0,0,0,0.037013999999999998,0,0,0,20,7.0007795329729561e-06,1,0,3,0.00066773651633411646,0.041431237012147903,0.0003536115732365898
246,4.1166668813675642,1,0.033333335071802139,496.12503051757812,496.12503504753113,496.12503504753113,7.482556796389872e-09,-7.9086970572461723e-07,0.065637699854211751,-2.108726978302002,-24.159452438354492,-2.7058308124542236,4.4695946144202026e-05,-0.00015817394114492345,-4.888348712484003e-05,-0.62621086391957903,-137.89800106344561,2.5200138998400279,-28112.66414656839,-0.62616616797343483,27974.765987331004,2.519965016352903,21.938946776046677,0,0,3.670582,3.7223350000000002,0,0,0,10,4.2866304283961654e-08,1,0,0,2.066371962428093e-08,-0.040062949061393738,-0.27795009588708686
247,4.1333335489034653,0,0,496.12503051757812,496.12503504753113,496.12503504753113,7.4121477844357742e-09,-4.2245349440861446e-09,0.065637699854211751,0,0,0,-5.4562758577958448e-05,-8.4490698881722892e-07,4.4079047256673221e-05,-0.62621086391957903,-137.89800106344561,2.5200138998400279,-28145.36414967255,-0.62626542667815699,28007.466147764197,2.5200579788872846,21.938946775954008,0,0,0,0.031496000000000003,0,0,0,10,4.2866304283961654e-08,1,0,0,7.482556796389872e-09,-7.9086970572461723e-07,-0.27795009588708686
248,4.1500002164393663,1,0.033333335071802139,496.12503051757812,496.12503504753113,496.12503504753113,2.0294975911383517e-05,0.0012172537390142679,0.066188805058699896,0.21806533634662628,-300.75967407226562,0.89008605480194092,0.017462125106249005,0.24345074780285358,0.017477449728175998,-0.84445299681519759,0.62885348098409688,1.6300367904775079,-28340.297054637769,-0.82699087170894858,28341.169358866555,1.6475142402056839,0.86053291598641035,0,0,4.3419290000000004,4.3917210000000004,-0.17361021041870117,333.459716796875,-0.84570378065109253,30,1.5659570351544971e-07,1,0,3,7.4121477844357742e-09,-4.2245349440861446e-09,0.0012675302324218526
249,4.1666668839752674,0,0,496.12503051757812,496.12503504753113,496.12503504753113,7.3559931479394436e-09,-0.0012172571150586009,0.066188805058699896,0,0,0,-0.017389081767760217,-0.24345142301172018,-0.017519426182843745,-0.84445299681519759,0.62885348098409688,1.6300367904775079,-28372.99705774193,-0.8618420785829578,28373.382459799901,1.6125173642946642,0.86053290996113729,0,0,0,0.030939999999999999,0,0,0,30,1.5659570351544971e-07,1,0,3,2.0294975911383517e-05,0.0012172537390142679,0.0012675302324218526
250,4.1833335515111685,1,0.033333335071802139,496.12503051757812,496.12503504753113,496.12503504753113,0.0003957279259338975,0.02374323271214962,0.066197080778426856,7.8448553085327148,-80.188369750976562,1.9742896556854248,-0.67839222028851509,4.748646542429924,0.00016929964203882264,-8.6895545459498038,-81.415693952905229,-0.34427597402925919,-28567.929962707149,-9.3679467662383189,28491.262915296673,-0.34410667438722037,10.885800782526799,0,0,3.9811619999999999,4.0316039999999997,-13.230441093444824,75.311782836914062,-1.9569700956344604,20,6.7828716510121012e-07,1,0,2,7.3559931479394436e-09,-0.0012172571150586009,-0.16410317601712079
251,4.2000002190470695,0,0,496.12503051757812,496.12503504753113,496.12503504753113,2.2322637960314751e-08,-0.023742334917187691,0.066197080778426856,0,0,0,0.68081407807767391,-4.7484669834375381,0.0002950721864181105,-8.6895545459498038,-81.415693952905229,-0.34427597402925919,-28600.629965811306,-8.0087404678721299,28514.465804874962,-0.34398090184284108,10.885800952993939,0,0,0,0.031511999999999998,0,0,0,20,6.7828716510121012e-07,1,0,2,0.0003957279259338975,0.02374323271214962,-0.16410317601712079
252,4.2166668865829706,1,0.033333335071802139,496.12503051757812,496.12503504753113,496.12503504753113,1.1977915548300189e-08,-6.2068329498288222e-07,0.065826330460658694,-14.377862930297852,-103.81705474853516,-8.5002050399780273,-0.00018996753397004795,-0.00012413665899657644,-1.3054591363470536e-05,5.6884327547973985,-139.83147334014117,8.1558755030105523,-28795.562870776528,5.6882427872634285,28655.731273299727,8.1558624484191888,25.48136155669992,0,0,3.7194129999999999,3.7693490000000001,16.645296096801758,72.331108093261719,15.399358749389648,20,1.6236331390473424e-08,1,0,1,2.2322637960314751e-08,-0.023742334917187691,-0.28184724305788089
253,4.2333335541188717,0,0,496.12503051757812,496.12503504753113,496.12503504753113,6.0408535951239628e-09,-3.5622369409793464e-07,0.065826330460658694,0,0,0,9.8239195267524337e-05,-7.1244738819586928e-05,2.625602917305514e-05,5.6884327547973985,-139.83147334014117,8.1558755030105523,-28828.262873880689,5.688530993992666,28688.43132929581,8.1559017590397254,25.481361556634088,0,0,0,0.031066,0,0,0,20,1.6236331390473424e-08,1,0,1,1.1977915548300189e-08,-6.2068329498288222e-07,-0.28184724305788089
254,4.2500002216547728,1,0.033333335071802139,496.12503051757812,496.12503504753113,496.12503504753113,0.00060124386800453067,0.036074265837669373,0.066154033553843597,4.9708585739135742,-303.62203979492188,7.9021148681640625,0.5154123529791832,7.2148531675338745,0.51538851112127304,0.71752033046090913,1.5575741354140065,0.25360207705112259,-29023.195778845908,1.2329326834400924,29031.968206148857,0.76899058817239563,1.3999936312222032,0,0,4.474869,4.5293520000000003,-3.654693603515625,336.32080078125,-6.5859723091125488,20,7.5013967943959869e-06,1,0,3,6.0408535951239628e-09,-3.5622369409793464e-07,0.003139479013117698
255,4.2666668891906738,0,0,496.12503051757812,496.12503504753113,496.12503504753113,1.7927959561347961e-08,-0.036073554307222366,0.066154033553843597,0,0,0,-0.51669571548700333,-7.2147108614444733,-0.51612895913422108,0.71752033046090913,1.5575741354140065,0.25360207705112259,-29055.895781950068,0.2008246149739058,29050.238645224039,-0.26252688208309849,1.3999945268542344,0,0,0,0.041869999999999997,0,0,0,20,7.5013967943959869e-06,1,0,3,0.00060124386800453067,0.036074265837669373,0.003139479013117698
256,4.2833335567265749,1,0.033333335071802139,496.12503051757812,496.12503504753113,496.12503504753113,7.4638748515098996e-09,-6.2784505416857428e-07,0.06561277900524691,1.7926633358001709,-23.589468002319336,1.6521987915039062,1.8656436395758647e-05,-0.00012556901083371486,-3.8535301882802742e-05,-1.0753524534348693,-137.08585441039429,-1.3986828627957046,-29250.828686915287,-1.0753337969984735,29113.742706935882,-1.3987213980975874,21.567539455341418,0,0,3.252758,3.3024429999999998,0,0,0,10,4.6561581257265061e-08,1,0,0,1.7927959561347961e-08,-0.036073554307222366,-0.27631311610239706
257,4.300000224262476,0,0,496.12503051757812,496.12503504753113,496.12503504753113,7.3994734783866534e-09,-3.8640841637516132e-09,0.06561277900524691,0,0,0,-2.6718834078565123e-05,-7.7281683275032265e-07,-2.5651132773418794e-06,-1.0753524534348693,-137.08585441039429,-1.3986828627957046,-29283.528690019448,-1.0753791722689479,29146.442834836238,-1.398685427908982,21.567539455273756,0,0,0,0.031156,0,0,0,10,4.6561581257265061e-08,1,0,0,7.4638748515098996e-09,-6.2784505416857428e-07,-0.27631311610239706
258,4.316666891798377,1,0.033333335071802139,496.12503051757812,496.12503504753113,496.12503504753113,5.490176408784464e-05,0.0032936616335064173,0.066141367972302592,-2.2135405540466309,-300.12301635742188,-1.4269289970397949,0.047128970618359745,0.65873232670128345,0.047097521019168198,1.1382149545677416,0.80420739855981271,0.028265914322653768,-29478.46159498467,1.1853439251861013,29479.924534709931,0.075363435341821966,0.6495399184182501,0,0,4.1671469999999999,4.2159680000000002,2.3336894512176514,332.8228759765625,1.5470576286315918,30,1.0795188387646704e-07,1,0,3,7.3994734783866534e-09,-3.8640841637516132e-09,0.0016209772572407394
259,4.3333335593342781,0,0,496.12503051757812,496.12503504753113,496.12503504753113,7.6252035796642303e-09,-0.0032936481293290854,0.066141367972302592,0,0,0,-0.047046522377058864,-0.65872962586581707,-0.047138184891082346,1.1382149545677416,0.80420739855981271,0.028265914322653768,-29511.161598088827,1.0911684321906827,29511.307075861521,-0.018872270568428579,0.64953989656362898,0,0,0,0.030993,0,0,0,30,1.0795188387646704e-07,1,0,3,5.490176408784464e-05,0.0032936616335064173,0.0016209772572407394
260,4.3500002268701792,1,0.033333335071802139,496.12503051757812,496.12503504753113,496.12503504753113,7.42978301104813e-09,-1.1725235893322861e-08,0.066103457669619795,-0.19669055938720703,-27.504358291625977,0.052951186895370483,0.00012224436432006769,-2.3450471786645721e-06,-8.2394456057954812e-05,1.3351095218231557,-133.92433921146062,-0.024928228489655067,-29706.094503054046,1.3352317661874757,29572.170161497539,-0.025010622945713021,20.710866401380692,0,0,3.0912250000000001,3.1492610000000001,0,0,0,10,9.9742073871311732e-06,1,0,0,7.6252035796642303e-09,-0.0032936481293290854,-0.2699406999258363
261,4.3666668944060802,0,0,496.12503051757812,496.12503504753113,496.12503504753113,7.4112493919642475e-09,-1.1120215859250493e-09,0.066103457669619795,0,0,0,-1.9542403606465086e-05,-2.2240431718500986e-07,6.5850093733388348e-05,1.3351095218231557,-133.92433921146062,-0.024928228489655067,-29738.794506158207,1.3350899794195492,29604.87016672434,-0.024862378395921678,20.710866401336052,0,0,0,0.031094,0,0,0,10,9.9742073871311732e-06,1,0,0,7.42978301104813e-09,-1.1725235893322861e-08,-0.2699406999258363
262,4.3833335619419813,1,0.033333335071802139,496.12503051757812,496.12503504753113,496.12503504753113,9.9456611835080366e-09,1.5206468617634528e-07,0.066133220787761973,0.20739266276359558,-296.321533203125,0.2025570273399353,-9.612219997734428e-06,3.0412937235269055e-05,9.8938596693187719e-05,1.1279482798465346,0.16399510026497852,-0.22746756995802769,-29933.727411123426,1.1279386676265368,29933.891436636626,-0.22736863136133451,0.78682278333408739,0,0,4.1266910000000001,4.1781329999999999,-0.20737995207309723,329.02120971679688,-0.20251643657684326,20,4.0986435578815872e-07,1,0,4,7.4112493919642475e-09,-1.1120215859250493e-09,0.00033055195501123421
263,4.4000002294778824,0,0,496.12503051757812,496.12503504753113,496.12503504753113,7.3930244148812108e-09,-1.5315819723582536e-07,0.066133220787761973,0,0,0,8.6167011659199488e-05,-3.0631639447165071e-05,-2.2008612177160103e-05,1.1279482798465346,0.16399510026497852,-0.22746756995802769,-29966.427414227586,1.1280344468581938,29966.591378696212,-0.22748957857020485,0.78682278334086642,0,0,0,0.031201,0,0,0,20,4.0986435578815872e-07,1,0,4,9.9456611835080366e-09,1.5206468617634528e-07,0.00033055195501123421
264,4.4166668970137835,1,0.033333335071802139,496.12503051757812,496.12503504753113,496.12503504753113,9.9426156197068849e-09,1.5297547406589729e-07,0.066152975672767289,0.15359669923782349,-162.33384704589844,0.18970572948455811,-9.3228933906175371e-06,3.0595094813179458e-05,0.00011600956213442259,0.97436914417424647,0.26489075722682154,-0.41718596485672099,-30161.360319192809,0.97435982128085585,30161.625240545131,-0.41706995529458657,0.76634004576023751,0,0,3.5257109999999998,3.574322,-0.15368595719337463,195.03384399414062,-0.18957865238189697,20,4.0065617668005871e-07,1,0,4,7.3930244148812108e-09,-1.5315819723582536e-07,0.00053391935200658392
265,4.4333335645496845,0,0,496.12503051757812,496.12503504753113,496.12503504753113,7.3586354787380515e-09,-1.5503880490541633e-07,0.066152975672767289,0,0,0,2.930910909526574e-05,-3.1007760981083266e-05,-6.6869574766315054e-06,0.97436914417424647,0.26489075722682154,-0.41718596485672099,-30194.060322296969,0.97439845328334174,30194.325182046436,-0.41719265181419762,0.76634004572555114,0,0,0,0.031064000000000001,0,0,0,20,4.0065617668005871e-07,1,0,4,9.9426156197068849e-09,1.5297547406589729e-07,0.00053391935200658392
266,4.4500002320855856,1,0.033333335071802139,496.12503051757812,496.12503504753113,496.12503504753113,9.813624579635416e-09,1.4729933184298716e-07,0.066162071057728367,0.52596604824066162,-162.0401611328125,-0.014917761087417603,-8.5036376162861416e-06,2.9459866368597432e-05,9.8801876902143704e-05,0.44803262354682399,0.072196326995983856,-0.4023816424509315,-30388.993227262185,0.44802411990920771,30389.065453049046,-0.40228284057402935,0.63660727361266145,0,0,3.811798,3.861917,-0.5259975790977478,194.74026489257812,0.015032351016998291,20,3.9622324266019859e-07,1,0,4,7.3586354787380515e-09,-1.5503880490541633e-07,0.00014552042710174281
267,4.4666668996214867,0,0,496.12503051757812,496.12503504753113,496.12503504753113,7.3992598714767155e-09,-1.4486187183138099e-07,0.066162071057728367,0,0,0,5.8959074067388428e-05,-2.8972374366276199e-05,-2.6512068984629877e-05,0.44803262354682399,0.072196326995983856,-0.4023816424509315,-30421.693230366345,0.44809158262089138,30421.765397720967,-0.40240815451991613,0.63660727361113534,0,0,0,0.031433000000000003,0,0,0,20,3.9622324266019859e-07,1,0,4,9.813624579635416e-09,1.4729933184298716e-07,0.00014552042710174281
268,4.4833335671573877,1,0.033333335071802139,496.12503051757812,496.12503504753113,496.12503504753113,0.00039532597293145955,0.023719113320112228,0.066155905626258088,0.97680014371871948,-79.654655456542969,-7.3956737518310547,-0.00015020382306829561,4.7438226640224457,0.67771240137517452,-0.52860026379593672,-82.506008965995306,6.9931556372961667,-30616.626135331564,-0.52875046761900502,30538.86394902959,7.6708680386713413,10.656810922321931,0,0,3.5356350000000001,3.5920839999999998,-0.97714924812316895,74.573379516601562,12.793191909790039,20,7.901397793830256e-07,1,0,2,7.3992598714767155e-09,-1.4486187183138099e-07,-0.16630083776782367
269,4.5000002346932888,0,0,496.12503051757812,496.12503504753113,496.12503504753113,6.0768797993659973e-08,-0.0237159114331007,0.066155905626258088,0,0,0,0.0013238694009487517,-4.7431822866201401,-0.67884437739849091,-0.52860026379593672,-82.506008965995306,6.9931556372961667,-30649.326138435725,-0.52727639439498797,30562.076947183108,6.3143112598976758,10.656717363735359,0,0,0,0.044357000000000001,0,0,0,20,7.901397793830256e-07,1,0,2,0.00039532597293145955,0.023719113320112228,-0.16630083776782367
270,4.5166669022291899,1,0.033333335071802139,496.12503051757812,496.12503504753113,496.12503504753113,5.1177937621105229e-07,2.7060634238296188e-05,0.065748771867987249,9.1095752716064453,-103.81354522705078,13.850984573364258,-0.00083295408330741338,0.0054121268476592377,-0.00053556459533865564,-9.6381594776120636,-140.9253274062149,-6.8578471899460958,-30844.259043400947,-9.638992431695371,30703.339128121581,-6.8583827545414344,25.264093761027791,0,0,3.8146939999999998,3.8752420000000001,-15.425861358642578,72.983917236328125,-16.610103607177734,20,1.6156263882294297e-08,1,0,1,6.0768797993659973e-08,-0.0237159114331007,-0.2840520381978176
271,4.5333335697650909,0,0,496.12503051757812,496.12503504753113,496.12503504753113,4.5121169023332186e-09,-3.0436034649028443e-05,0.065748771867987249,0,0,0,0.00080778863775776699,-0.0060872069298056886,0.00014302435147328652,-9.6381594776120636,-140.9253274062149,-6.8578471899460958,-30876.959046505108,-9.6373516889743058,30736.027631891964,-6.8577041655946225,25.264093651561545,0,0,0,0.041329999999999999,0,0,0,20,1.6156263882294297e-08,1,0,1,5.1177937621105229e-07,2.7060634238296188e-05,-0.2840520381978176
272,4.550000237300992,1,0.033333335071802139,496.12503051757812,496.12503504753113,496.12503504753113,1.3323035119583437e-08,5.2865505040244898e-07,0.066111502396006161,-8.9325046539306641,-303.9822998046875,-7.9703788757324219,4.2073713757417863e-05,0.0001057310100804898,-7.0361932102969149e-05,-0.705832402285831,0.82390198419695637,1.1123305043410108,-31071.891951470323,-0.70579032857207358,31072.715959185531,1.1122601424089078,0.54695635030449385,0,0,4.4913360000000004,4.5510229999999998,8.9322528839111328,336.68719482421875,7.9704947471618652,30,7.9585242929169908e-06,1,0,3,4.5121169023332186e-09,-3.0436034649028443e-05,0.0016606740760784682
273,4.5666669048368931,0,0,496.12503051757812,496.12503504753113,496.12503504753113,5.4090465440026492e-09,-4.7483928256042418e-07,0.066111502396006161,0,0,0,-1.2006296401523286e-05,-9.4967856512084836e-05,-0.00012837250551456236,-0.705832402285831,0.82390198419695637,1.1123305043410108,-31104.591954574484,-0.70584440858223252,31105.415761590823,1.1122021318354962,0.54695635025476896,0,0,0,0.031008000000000001,0,0,0,30,7.9585242929169908e-06,1,0,3,1.3323035119583437e-08,5.2865505040244898e-07,0.0016606740760784682
274,4.5833335723727942,1,0.033333335071802139,496.12503051757812,496.12503504753113,496.12503504753113,1.1533076758496463e-05,0.0006916600395925343,0.066156002990648041,-0.061496198177337646,-161.89857482910156,-0.11730717122554779,-0.0097628500952851027,0.13833200791850686,0.009799451072467491,-0.64423489260952893,0.48969341153083334,1.2298275443831899,-31299.524859539702,-0.65399774270481403,31300.152884959152,1.2396269954556574,0.55514393359899272,0,0,4.2047869999999996,4.2668619999999997,0.036330938339233398,194.59877014160156,0.14268016815185547,30,1.4228291433937557e-07,1,0,3,5.4090465440026492e-09,-4.7483928256042418e-07,0.00098703628508470319
275,4.6000002399086952,0,0,496.12503051757812,496.12503504753113,496.12503504753113,7.4760464485734701e-09,-0.0006915359990671277,0.066156002990648041,0,0,0,0.0098793760116677731,-0.13830719981342554,-0.010012170969275758,-0.64423489260952893,0.48969341153083334,1.2298275443831899,-31332.224862643863,-0.63435551659786116,31332.576248855581,1.2198153734139141,0.55514392173799887,0,0,0,0.032549000000000002,0,0,0,30,1.4228291433937557e-07,1,0,3,1.1533076758496463e-05,0.0006916600395925343,0.00098703628508470319
276,4.6166669074445963,1,0.033333335071802139,496.12503051757812,496.12503504753113,496.12503504753113,2.002900885145209e-07,1.1568841728148982e-05,0.066159894094377975,-4.2784199714660645,-60.578441619873047,4.7796764373779297,0.00020110771856707288,0.0023137683456297964,-0.00036136898415861651,3.6339699024999987,-101.16478825526868,-3.5496352050361546,-31527.157767609086,3.6341710102185658,31425.995293122163,-3.5499965740203132,13.587630250648143,0,0,3.6367409999999998,3.686267,7.8379054069519043,45.707347869873047,-8.0157251358032227,20,1.4786721180826135e-08,1,0,1,7.4760464485734701e-09,-0.0006915359990671277,-0.20390986366083422
277,4.6333335749804974,0,0,496.12503051757812,496.12503504753113,496.12503504753113,-5.6271716175615438e-08,-1.5393707144539803e-05,0.066159894094377975,0,0,0,-0.0001234644400938123,-0.0030787414289079607,0.00042036299419123679,3.6339699024999987,-101.16478825526868,-3.5496352050361546,-31559.857770713246,3.6338464380599049,31458.689903716549,-3.5492148420419634,13.587630253586408,0,0,0,0.030966,0,0,0,20,1.4786721180826135e-08,1,0,1,2.002900885145209e-07,1.1568841728148982e-05,-0.20390986366083422
278,4.6500002425163984,1,0.033333335071802139,496.12503051757812,496.12503504753113,496.12503504753113,-5.3967255553288851e-08,1.3826773681557825e-07,0.066168905723662588,5.1977400779724121,-263.432373046875,-5.0691232681274414,-1.2402277604905976e-05,2.7653547363115649e-05,9.715582791613997e-05,-1.5637078868269547,0.034620646062385171,1.5194042534753713,-31754.790675678465,-1.5637202891045596,31754.825323978075,1.5195014093032875,0.61438951347817861,0,0,3.560791,3.6097079999999999,-5.1976137161254883,296.1353759765625,5.0688304901123047,20,3.9921133065945469e-07,1,0,4,-5.6271716175615438e-08,-1.5393707144539803e-05,6.9782098496739536e-05
279,4.6666669100522995,0,0,496.12503051757812,496.12503504753113,496.12503504753113,-5.5570545498540014e-08,-9.6197439347633917e-08,0.066168905723662588,0,0,0,5.6176247653638711e-05,-1.9239487869526783e-05,-2.8703345833491767e-05,-1.5637078868269547,0.034620646062385171,1.5194042534753713,-31787.490678782626,-1.5636517105793011,31787.525280189202,1.5193755501295378,0.61438951347530768,0,0,0,0.031005999999999999,0,0,0,20,3.9921133065945469e-07,1,0,4,-5.3967255553288851e-08,1.3826773681557825e-07,6.9782098496739536e-05
280,4.6833335775882006,1,0.033333335071802139,496.12503051757812,496.12503504753113,496.12503504753113,1.3459025467454921e-05,0.00081087567377835512,0.066165766089546441,-0.50068396329879761,-162.11212158203125,-0.31010431051254272,-0.011567769979592413,0.16217513475567102,0.011529600305948406,-1.0631071850166065,-0.08612057169939874,1.8295976362042337,-31982.423583747841,-1.0746749549961989,31982.499638310896,1.8411272365101821,0.66095097141907133,0,0,4.3212000000000002,4.399502,0.47104358673095703,194.81216430664062,0.33970880508422852,30,1.3203663229433005e-07,1,0,3,-5.5570545498540014e-08,-9.6197439347633917e-08,-0.00017358642603300191
281,4.7000002451241016,0,0,496.12503051757812,496.12503504753113,496.12503504753113,7.4887793743982911e-09,-0.00080709217581897974,0.066165766089546441,0,0,0,0.011536345846252516,-0.16141843516379595,-0.011565905879251659,-1.0631071850166065,-0.08612057169939874,1.8295976362042337,-32015.123586852002,-1.051570839170354,32014.876047845137,1.818031730324982,0.66094997197825456,0,0,0,0.032231999999999997,0,0,0,30,1.3203663229433005e-07,1,0,3,1.3459025467454921e-05,0.00081087567377835512,-0.00017358642603300191
282,4.7166669126600027,1,0.033333335071802139,496.12503051757812,496.12503504753113,496.12503504753113,7.3983055237647477e-09,-5.4284212680499877e-09,0.066127972385915779,-0.31134095788002014,-28.040687561035156,0.0014575580134987831,7.292929922186886e-05,-1.0856842536099975e-06,-1.4703027773066424e-05,-0.75177430125771227,-134.27829841594848,1.8280586703954265,-32210.056491817224,-0.75170137195849041,32075.778192315593,1.8280439673676534,20.789538024505294,0,0,3.0936979999999998,3.142236,0,0,0,10,9.5886434792191721e-06,1,0,0,7.4887793743982911e-09,-0.00080709217581897974,-0.27065414750353001
283,4.7333335801959038,0,0,496.12503051757812,496.12503504753113,496.12503504753113,7.3953581036789728e-09,-1.7685763964436774e-10,0.066127972385915779,0,0,0,-6.3909828895702958e-05,-3.5371527928873547e-08,1.7751628433870792e-05,-0.75177430125771227,-134.27829841594848,1.8280586703954265,-32242.756494921385,-0.75183821108660798,32108.478196470063,1.8280764220238603,20.78953802449951,0,0,0,0.044065,0,0,0,10,9.5886434792191721e-06,1,0,0,7.3983055237647477e-09,-5.4284212680499877e-09,-0.27065414750353001
284,4.7500002477318048,1,0.033333335071802139,496.12503051757812,496.12503504753113,496.12503504753113,7.6053606790082995e-06,0.00045587788918055594,0.066114397073278625,-0.26294618844985962,-296.53805541992188,-0.86684662103652954,0.0066170447098556906,0.091175577836111188,0.0065891072154045105,-0.48899161842664296,0.026501888815248224,2.6948872195117151,-32437.689399886603,-0.48237457371678727,32437.807077353256,2.7014763267271196,0.7729629923002459,0,0,4.1301969999999999,4.1894020000000003,0.27956283092498779,329.23773193359375,0.88337743282318115,30,3.1340903206000803e-07,1,0,3,7.3953581036789728e-09,-1.7685763964436774e-10,5.3417761538095368e-05
285,4.7666669152677059,0,0,496.12503051757812,496.12503504753113,496.12503504753113,7.4774106906261295e-09,-0.00045587297063320875,0.066114397073278625,0,0,0,-0.0065135442127939314,-0.09117459412664175,-0.0066395637986715883,-0.48899161842664296,0.026501888815248224,2.6948872195117151,-32470.389402990764,-0.49550516263943689,32470.324730285454,2.6882476557130435,0.77296298964412313,0,0,0,0.031810999999999999,0,0,0,30,3.1340903206000803e-07,1,0,3,7.6053606790082995e-06,0.00045587788918055594,5.3417761538095368e-05
286,4.783333582803607,1,0.033333335071802139,496.12503051757812,496.12503504753113,496.12503504753113,1.7671902696747566e-07,1.0154496521863621e-05,0.066105031668126146,4.7344913482666016,-60.789741516113281,4.6426291465759277,-0.00031131112336879596,0.0020308993043727241,-0.00020931036033289274,-5.2233100137622879,-101.41662482953475,-1.9475064388127854,-32665.322307955979,-5.2236213248856567,32563.90771402575,-1.9477157491731183,15.518788384914727,0,0,3.263738,3.3136830000000002,-8.1015157699584961,45.982601165771484,-8.0595836639404297,10,9.5963478088378906e-06,1,0,1,7.4774106906261295e-09,-0.00045587297063320875,-0.20441747072856051
287,4.8000002503395081,0,0,496.12503051757812,496.12503504753113,496.12503504753113,-1.7324140344499028e-08,-1.1642589015536942e-05,0.066105031668126146,0,0,0,0.00031185004445433151,-0.0023285178031073883,0.00010306816875527147,-5.2233100137622879,-101.41662482953475,-1.9475064388127854,-32698.02231106014,-5.2229981637178335,32596.603357712804,-1.9474033706440301,15.51878837667646,0,0,0,0.031092999999999999,0,0,0,10,9.5963478088378906e-06,1,0,1,1.7671902696747566e-07,1.0154496521863621e-05,-0.20441747072856051
288,4.8166669178754091,1,0.033333335071802139,496.12503051757812,496.12503504753113,496.12503504753113,0.00057974935043603182,0.034786000847816467,0.066103605844942084,-5.0534191131591797,-145.12661743164062,-15.612896919250488,-4.6939521780586801e-05,6.9572001695632935,0.99390102550387383,-0.16975180307145993,-118.52294403494723,13.665441356382992,-32892.955216025366,-0.16979874259324051,32781.389472159979,14.659342381886866,22.693875939638822,0,0,3.6633490000000002,3.7124799999999998,5.0527877807617188,122.41930389404297,23.528591156005859,20,9.7618317340675276e-07,1,0,2,-1.7324140344499028e-08,-1.1642589015536942e-05,-0.23889732559775415
289,4.8333335854113102,0,0,496.12503051757812,496.12503504753113,496.12503504753113,2.5372719392180443e-07,-0.034769736230373383,0.066103605844942084,0,0,0,0.0011932963388971984,-6.9539472460746765,-0.99889282137155533,-0.16975180307145993,-118.52294403494723,13.665441356382992,-32925.655219129527,-0.16855850673256273,32800.178327848502,12.666548535011437,22.693306306867875,0,0,0,0.030894999999999999,0,0,0,20,9.7618317340675276e-07,1,0,2,0.00057974935043603182,0.034786000847816467,-0.23889732559775415
290,4.8500002529472113,1,0.033333335071802139,496.12503051757812,496.12503504753113,496.12503504753113,4.484809892346675e-07,1.1685226127156056e-05,0.065521323964709346,8.9751424789428711,-121.88676452636719,18.395502090454102,-0.00050490389185142703,0.0023370452254312113,-0.00027879905246663839,-9.1446117310360364,-158.86904931535074,-4.7301190600766718,-33120.588124094742,-9.1451166349278878,32961.721411824619,-4.7303978591291385,33.060123550298748,0,0,3.68418,3.7339739999999999,-17.020092010498047,83.545196533203125,-20.494728088378906,20,1.7895217752084136e-08,1,0,1,2.5372719392180443e-07,-0.034769736230373383,-0.32021977947581365
291,4.8666669204831123,0,0,496.12503051757812,496.12503504753113,496.12503504753113,-6.4237212882289896e-08,-3.0763090762775391e-05,0.065521323964709346,0,0,0,-0.00026876380161411362,-0.0061526181525550783,-0.0010128909707418643,-9.1446117310360364,-158.86904931535074,-4.7301190600766718,-33153.288127198903,-9.1448804948376505,32994.412925265402,-4.7311319510474137,33.060123713647435,0,0,0,0.031206000000000001,0,0,0,20,1.7895217752084136e-08,1,0,1,4.484809892346675e-07,1.1685226127156056e-05,-0.32021977947581365
292,4.8833335880190134,1,0.033333335071802139,496.12503051757812,496.12503504753113,496.12503504753113,0.00064068532083183527,0.038444973528385162,0.066053991845878637,-8.1380233764648438,-322.37203979492188,-6.4186258316040039,-0.54932013154029846,7.6889947056770325,-0.54922937415540218,-1.0067810485843354,1.2701038053207834,1.6885339053699653,-33348.221032164118,-1.5561011801246338,33357.180130675115,1.1393045312145631,2.0394968505070512,0,0,3.8920210000000002,3.9541300000000001,6.735438346862793,355.07699584960938,5.0169072151184082,20,7.3818541750370059e-06,1,0,3,-6.4237212882289896e-08,-3.0763090762775391e-05,0.002560047801657704
293,4.9000002555549145,0,0,496.12503051757812,496.12503504753113,496.12503504753113,1.9324943423271179e-08,-0.038439959287643433,0.066053991845878637,0,0,0,0.55112065747380257,-7.6879918575286865,0.55180033668875694,-1.0067810485843354,1.2701038053207834,1.6885339053699653,-33380.921035268279,-0.4556603911105328,33374.50314721607,2.2403342420587222,2.0394194708565712,0,0,0,0.031033999999999999,0,0,0,20,7.3818541750370059e-06,1,0,3,0.00064068532083183527,0.038444973528385162,0.002560047801657704
294,4.9166669230908155,1,0.033333335071802139,496.12503051757812,496.12503504753113,496.12503504753113,7.4306489850073376e-09,-7.1365764142683474e-07,0.06546500353079264,-1.4923160076141357,-23.731889724731445,-1.5201833248138428,5.1925496791227488e-05,-0.00014273152828536695,-4.9572270199860213e-05,0.48540344751963693,-137.2309155711842,3.2088827713244217,-33575.853940233501,0.48545537301642816,33438.622881930787,3.2088331990542218,22.348491646398088,0,0,2.972728,3.0207190000000002,0,0,0,10,5.4806150728836656e-08,1,0,0,1.9324943423271179e-08,-0.038439959287643433,-0.27660550441288823
295,4.9333335906267166,0,0,496.12503051757812,496.12503504753113,496.12503504753113,7.4608514921692404e-09,1.8121741884868925e-09,0.06546500353079264,0,0,0,-3.5789940966424183e-05,3.624348376973785e-07,5.2465759381448152e-05,0.48540344751963693,-137.2309155711842,3.2088827713244217,-33608.553943337662,0.48536765757867051,33471.323028128914,3.2089352370838031,22.348491646308915,0,0,0,0.030911000000000001,0,0,0,10,5.4806150728836656e-08,1,0,0,7.4306489850073376e-09,-7.1365764142683474e-07,-0.27660550441288823
296,4.9500002581626177,1,0.033333335071802139,496.12503051757812,496.12503504753113,496.12503504753113,5.2955527962694759e-07,3.1325664167525247e-05,0.066034501000326498,-6.4763212203979492,-126.59169006347656,8.9074325561523438,0.00063634652178734541,0.0062651328335050493,-0.00095489976956741884,6.9613587344944596,-172.87206991195268,-5.6984023843760649,-33803.486848302884,6.961995081016247,33630.621043523766,-5.6993572841456324,40.265552366551738,0,0,3.754397,3.8040319999999999,12.458356857299805,79.524940490722656,-14.320659637451172,20,9.2396703621488996e-09,1,0,1,7.4608514921692404e-09,1.8121741884868925e-09,-0.34844456074543934
297,4.9666669256985188,0,0,496.12503051757812,496.12503504753113,496.12503504753113,-1.6567940974709927e-07,-4.1714079998200759e-05,0.066034501000326498,0,0,0,-0.0001803045165615913,-0.0083428159996401519,0.0011479878594400361,6.9613587344944596,-172.87206991195268,-5.6984023843760649,-33836.186851407037,6.961178429977898,33663.306438679087,-5.6972543965166249,40.26555238773021,0,0,0,0.044463999999999997,0,0,0,20,9.2396703621488996e-09,1,0,1,5.2955527962694759e-07,3.1325664167525247e-05,-0.34844456074543934
298,4.9833335932344198,1,0.033333335071802139,496.12503051757812,496.12503504753113,496.12503504753113,5.2427583341341233e-07,4.139731390750967e-05,0.066104231262896343,10.141290664672852,-336.18734741210938,-7.5581421852111816,-0.00052910186241206247,0.0082794627815019339,0.00054976717365207151,-3.1799094941061234,1.0825459998341715,1.8601477818052126,-34031.11975637226,-3.1804385959685355,34032.210581834879,1.8606975489788646,1.0094434295605044,0,0,4.3250510000000002,4.381005,-10.142620086669922,368.89569091796875,7.5586004257202148,30,1.1776827477660845e-06,1,0,3,-1.6567940974709927e-07,-4.1714079998200759e-05,0.002182002365049888
299,5.0000002607703209,0,0,496.12503051757812,496.12503504753113,496.12503504753113,7.4830381890933495e-09,-3.1007566576590762e-05,0.066104231262896343,0,0,0,0.00037206034448900027,-0.0062015133153181523,-0.00064038235905172769,-3.1799094941061234,1.0825459998341715,1.8601477818052126,-34063.819759476421,-3.1795374337616344,34064.896103962943,1.8595073994461608,1.0094433080897638,0,0,0,0.030967999999999999,0,0,0,30,1.1776827477660845e-06,1,0,3,5.2427583341341233e-07,4.139731390750967e-05,0.002182002365049888
300,5.016666928306222,1,0.033333335071802139,496.12503051757812,496.12503504753113,496.12503504753113,1.7289977449763683e-07,9.9250037237652577e-06,0.066165299744022119,5.0356206893920898,-60.908031463623047,5.3125715255737305,-0.00030164185318426462,0.0019850007447530515,-0.00018574510249891318,-8.2154610425511052,-100.24230569118076,-3.4523089565816432,-34258.752664441643,-8.2157626844042895,34158.512343751208,-3.4524947016841421,14.022185228799362,0,0,3.093845,3.1432600000000002,-9.0484895706176758,46.058399200439453,-8.0909347534179688,10,6.8843364715576172e-06,1,0,1,7.4830381890933495e-09,-3.1007566576590762e-05,-0.20205048850553786
301,5.033333595842123,0,0,496.12503051757812,496.12503504753113,496.12503504753113,-1.6678654901625123e-08,-1.1374705536582042e-05,0.066165299744022119,0,0,0,0.00028385475161485374,-0.0022749411073164083,0.00012244936442584731,-8.2154610425511052,-100.24230569118076,-3.4523089565816432,-34291.452667545804,-8.2151771877994904,34191.208086913517,-3.4521865072172173,14.022185220957333,0,0,0,0.031927999999999998,0,0,0,10,6.8843364715576172e-06,1,0,1,1.7289977449763683e-07,9.9250037237652577e-06,-0.20205048850553786
302,5.0500002633780241,1,0.033333335071802139,496.12503051757812,496.12503504753113,496.12503504753113,0.00058030697982758284,0.034819420427083969,0.066230945441187641,-6.0208892822265625,-144.79508972167969,-13.974492073059082,-9.756138297234429e-05,6.9638840854167938,0.99473996087908745,-2.194568286474369,-117.68007927411358,10.522105610012702,-34486.385572511019,-2.1946658478573413,34375.669377322323,11.516845570891789,21.906494917508304,0,0,3.7270159999999999,3.7764280000000001,6.0202598571777344,122.03524017333984,21.897705078125,20,1.0347862371418159e-06,1,0,2,-1.6678654901625123e-08,-1.1374705536582042e-05,-0.23719842975236932
303,5.0666669309139252,0,0,496.12503051757812,496.12503504753113,496.12503504753113,2.5657936930656433e-07,-0.03480302169919014,0.066230945441187641,0,0,0,0.0011005580745404586,-6.960604339838028,-0.9997200220823288,-2.194568286474369,-117.68007927411358,10.522105610012702,-34519.08557561518,-2.1934677283998285,34394.444892001229,9.5223855879303727,21.905923665977618,0,0,0,0.03117,0,0,0,20,1.0347862371418159e-06,1,0,2,0.00058030697982758284,0.034819420427083969,-0.23719842975236932
304,5.0833335984498262,1,0.033333335071802139,496.12503051757812,496.12503504753113,496.12503504753113,4.5377845481198165e-07,1.1831943993456662e-05,0.065718431507243574,8.9618349075317383,-121.95923614501953,17.715131759643555,-0.00058193768381897826,0.0023663887986913323,-0.00037625122786266729,-11.156376236741652,-157.95365749923667,-7.1930138156620718,-34714.018480580395,-11.156958174425471,34556.067189469955,-7.1933900668899344,32.250488919828861,0,0,3.3352620000000002,3.3838080000000001,-17.577510833740234,83.503768920898438,-19.257015228271484,10,9.5367431640625e-06,1,0,1,2.5657936930656433e-07,-0.03480302169919014,-0.31837469658047785
305,5.1000002659857273,0,0,496.12503051757812,496.12503504753113,496.12503504753113,-6.3211302858690033e-08,-3.1019382731756195e-05,0.065718431507243574,0,0,0,-0.00026170134788117139,-0.0062038765463512391,-0.0010131912858923897,-11.156376236741652,-157.95365749923667,-7.1930138156620718,-34746.718483684555,-11.156637938089533,34588.758622308771,-7.1940270069479642,32.250489084104352,0,0,0,0.030943999999999999,0,0,0,10,9.5367431640625e-06,1,0,1,4.5377845481198165e-07,1.1831943993456662e-05,-0.31837469658047785
306,5.1166669335216284,1,0.033333335071802139,496.12503051757812,496.12503504753113,496.12503504753113,0.00064313627080991864,0.038591966032981873,0.066295211209731864,-9.8901758193969727,-322.04510498046875,-5.8078470230102539,-0.5522663239389658,7.7183932065963745,-0.55175838060677052,-1.2663018981116414,1.8585131376853243,-1.3850816681792515,-34941.651388649778,-1.8185682220506072,34951.228294994056,-1.936840048786022,1.4429188904217218,0,0,3.9357859999999998,3.995276,8.4822320938110352,354.75006103515625,4.4007744789123535,20,7.3690971476025879e-06,1,0,3,-6.3211302858690033e-08,-3.1019382731756195e-05,0.0037460579619959513
307,5.1333336010575294,0,0,496.12503051757812,496.12503504753113,496.12503504753113,1.9383151084184647e-08,-0.038587011396884918,0.066295211209731864,0,0,0,0.5532476119697094,-7.7174022793769836,0.55393478833138943,-1.2663018981116414,1.8585131376853243,-1.3850816681792515,-34974.351391753939,-0.713054286141932,34968.492502612244,-0.83114687984786206,1.4428390518021195,0,0,0,0.031192000000000001,0,0,0,20,7.3690971476025879e-06,1,0,3,0.00064313627080991864,0.038591966032981873,0.0037460579619959513
308,5.1500002685934305,1,0.033333335071802139,496.12503051757812,496.12503504753113,496.12503504753113,7.3864230287767896e-09,-7.1980366556090303e-07,0.065738708946575117,-2.3613667488098145,-23.695991516113281,-1.5037285089492798,4.3981424369121669e-05,-0.00014396073311218061,-5.1317397264938336e-05,1.0948654739265378,-136.67837109468576,0.11864123458429876,-35169.284296719161,1.0949094553509069,35032.60578166374,0.11858991718703382,21.55260833738183,0,0,3.0069170000000001,3.0556830000000001,0,0,0,10,5.3747498895972967e-08,1,0,0,1.9383151084184647e-08,-0.038587011396884918,-0.275491784206357
309,5.1666669361293316,0,0,496.12503051757812,496.12503504753113,496.12503504753113,7.3526216226582619e-09,-2.028084145067055e-09,0.065738708946575117,0,0,0,-3.8672010305162985e-05,-4.0561682901341101e-07,-7.959340564411832e-06,1.0948654739265378,-136.67837109468576,0.11864123458429876,-35201.984299823322,1.0948268019162326,35065.305928323018,0.11863327524373435,21.552608337300899,0,0,0,0.031021,0,0,0,10,5.3747498895972967e-08,1,0,0,7.3864230287767896e-09,-7.1980366556090303e-07,-0.275491784206357
310,5.1833336036652327,1,0.033333335071802139,496.12503051757812,496.12503504753113,496.12503504753113,9.9476009651766617e-09,1.5569877120924502e-07,0.066310082771340192,-0.087811686098575592,-299.73373413085938,1.0555438995361328,-1.5972182154655457e-05,3.1139754241849005e-05,0.00010231742635369301,1.1824398835603935,0.82266460336917735,-0.93694506824583201,-35396.917204788537,1.1824239113782389,35397.739900531662,-0.93684275081947832,0.67528991881430789,0,0,3.5530179999999998,3.6015790000000001,0.087832808494567871,332.43392944335938,-1.0554298162460327,20,4.0925135635916376e-07,1,0,4,7.3526216226582619e-09,-2.028084145067055e-09,0.0016581799853949361
311,5.2000002712011337,0,0,496.12503051757812,496.12503504753113,496.12503504753113,7.4259589588621111e-09,-1.5129850794437516e-07,0.066310082771340192,0,0,0,2.6862932145377272e-05,-3.0259701588875032e-05,-5.9500621318875346e-06,1.1824398835603935,0.82266460336917735,-0.93694506824583201,-35429.617207892697,1.1824667464925389,35430.439842236367,-0.9369510183079639,0.67528991878660261,0,0,0,0.043666999999999997,0,0,0,20,4.0925135635916376e-07,1,0,4,9.9476009651766617e-09,1.5569877120924502e-07,0.0016581799853949361
312,5.2166669387370348,1,0.033333335071802139,496.12503051757812,496.12503504753113,496.12503504753113,0.00039282551733776927,0.023569084703922272,0.066339885397833212,7.0911870002746582,-79.568885803222656,1.014504075050354,-0.67341788671910763,4.7138169407844543,0.00015710927527834428,-5.9089459203981898,-81.841359099902405,-1.9513846448230796,-35624.55011285792,-6.5823638071172974,35547.4225706988,-1.9512275355478013,10.699526583253146,0,0,3.7078440000000001,3.7576890000000001,-12.454574584960938,74.726287841796875,-1.0147479772567749,20,7.6217628475205856e-07,1,0,2,7.4259589588621111e-09,-1.5129850794437516e-07,-0.16496115559268565
313,5.2333336062729359,0,0,496.12503051757812,496.12503504753113,496.12503504753113,2.2206222638487816e-08,-0.023568198084831238,0.066339885397833212,0,0,0,0.67580263130366802,-4.7136396169662476,0.00029106217880325858,-5.9089459203981898,-81.841359099902405,-1.9513846448230796,-35657.250115962081,-5.2331432890945218,35570.69511724521,-1.9510935826442763,10.699526804443957,0,0,0,0.031196999999999999,0,0,0,20,7.6217628475205856e-07,1,0,2,0.00039282551733776927,0.023569084703922272,-0.16496115559268565
314,5.2500002738088369,1,0.033333335071802139,496.12503051757812,496.12503504753113,496.12503504753113,1.1996243109990701e-08,-6.125987397354038e-07,0.065947078877971271,-14.009093284606934,-103.53130340576172,-9.0626716613769531,-0.0001283137635255116,-0.00012251974794708076,5.7767806538322475e-06,8.0999381645567627,-140.54297867482015,7.1115047542015111,-35852.183020927296,8.0998098507932372,35711.639919732726,7.1115105309821649,25.243117834112024,0,0,3.56779,3.6174729999999999,16.769397735595703,72.225982666015625,15.443115234375,20,1.5179002943455089e-08,1,0,1,2.2206222638487816e-08,-0.023568198084831238,-0.28328136809575727
315,5.266666941344738,0,0,496.12503051757812,496.12503504753113,496.12503504753113,5.977709882643012e-09,-3.6111197232457926e-07,0.065947078877971271,0,0,0,0.00011615007906584651,-7.2222394464915851e-05,6.6035954660037532e-05,8.0999381645567627,-140.54297867482015,7.1115047542015111,-35884.883024031456,8.1000543146358286,35744.339973134243,7.1115707901561711,25.243117834113828,0,0,0,0.031164000000000001,0,0,0,20,1.5179002943455089e-08,1,0,1,1.1996243109990701e-08,-6.125987397354038e-07,-0.28328136809575727
316,5.2833336088806391,1,0.033333335071802139,496.12503051757812,496.12503504753113,496.12503504753113,0.00059637351660057902,0.035782050341367722,0.06630257846546822,5.1618285179138184,-303.42633056640625,6.5601606369018555,0.51127024926245213,7.1564100682735443,0.51114172674715519,2.9379618331497346,0.65006891998686323,0.55141756908948603,-36079.815928996679,3.4492320824121867,36087.622407984942,1.0625592958366412,1.2823828171283178,0,0,3.9615339999999999,4.0213390000000002,-3.8563432693481445,336.12481689453125,-5.2547211647033691,20,7.3287446866743267e-06,1,0,3,5.977709882643012e-09,-3.6111197232457926e-07,0.0013102925151208778
317,5.3000002764165401,0,0,496.12503051757812,496.12503504753113,496.12503504753113,1.7695128917694092e-08,-0.035781346261501312,0.06630257846546822,0,0,0,-0.51249917596578598,-7.1562692523002625,-0.51194196566939354,2.9379618331497346,0.65006891998686323,0.55141756908948603,-36112.51593210084,2.4254626571839486,36106.009731768529,0.039475603420092487,1.2823837842375729,0,0,0,0.031064000000000001,0,0,0,20,7.3287446866743267e-06,1,0,3,0.00059637351660057902,0.035782050341367722,0.0013102925151208778
318,5.3166669439524412,1,0.033333335071802139,496.12503051757812,496.12503504753113,496.12503504753113,7.4611996581097628e-09,-6.1403574136420502e-07,0.065743031449058423,2.0984134674072266,-24.085945129394531,1.9074015617370605,-2.9293801162566524e-06,-0.000122807148272841,-1.2328473530942574e-05,0.83958599690283076,-137.49689367228967,-1.355731778427792,-36307.448837066062,0.8395830675227145,36169.951820586626,-1.355744106901323,21.79397294721592,0,0,3.0999349999999999,3.1534840000000002,0,0,0,10,4.4177795643918216e-08,1,0,0,1.7695128917694092e-08,-0.035781346261501312,-0.27714161543796478
319,5.3333336114883423,0,0,496.12503051757812,496.12503504753113,496.12503504753113,7.4109705039404616e-09,-3.0137501383364906e-09,0.065743031449058423,0,0,0,-7.504194172724965e-05,-6.0275002766729813e-07,2.9935674206171825e-05,0.83958599690283076,-137.49689367228967,-1.355731778427792,-36340.148840170215,0.83951095496110351,36202.651945895173,-1.3557018427535859,21.793972947186436,0,0,0,0.031208,0,0,0,10,4.4177795643918216e-08,1,0,0,7.4611996581097628e-09,-6.1403574136420502e-07,-0.27714161543796478
320,5.3500002790242434,1,0.033333335071802139,496.12503051757812,496.12503504753113,496.12503504753113,9.8452250796299268e-09,1.4605527098865423e-07,0.066273447506281793,-0.22254557907581329,-300.63241577148438,-1.5632719993591309,-2.1286666651576525e-05,2.9211054197730846e-05,0.00010573206736808061,1.0620146694756045,0.90252111394116352,0.20754812166454761,-36535.081745135438,1.0619933828089529,36535.984295460432,0.20765385373191569,0.93556360615967582,0,0,3.5595829999999999,3.6078429999999999,0.22261005640029907,333.33230590820312,1.5633481740951538,20,4.0660108879819745e-07,1,0,4,7.4109705039404616e-09,-3.0137501383364906e-09,0.0018191404387700326
321,5.3666669465601444,0,0,496.12503051757812,496.12503504753113,496.12503504753113,7.4152395335147503e-09,-1.4579912033241271e-07,0.066273447506281793,0,0,0,2.6783357043314027e-05,-2.9159824066482543e-05,-6.0342841834426508e-06,1.0620146694756045,0.90252111394116352,0.20754812166454761,-36567.781748239599,1.0620414528326478,36568.684240193717,0.20754208738036417,0.93556360613146561,0,0,0,0.030991999999999999,0,0,0,20,4.0660108879819745e-07,1,0,4,9.8452250796299268e-09,1.4605527098865423e-07,0.0018191404387700326
322,5.3833336140960455,1,0.033333335071802139,496.12503051757812,496.12503504753113,496.12503504753113,9.9263948172279015e-09,1.5066929393015016e-07,0.066306938524959849,-0.28048047423362732,-161.49359130859375,0.16690480709075928,-1.3522212327643501e-05,3.0133858786030032e-05,0.00010997341632901225,1.3424774670691479,0.16329548684392889,0.04062325059503679,-36762.714653204814,1.3424639448568203,36762.87797882552,0.040733224011365803,0.99800899247696029,0,0,3.7181169999999999,3.7676959999999999,0.28044533729553223,194.19369506835938,-0.1667981743812561,20,3.9605885149285314e-07,1,0,4,7.4152395335147503e-09,-1.4579912033241271e-07,0.00032914179956325808
323,5.4000002816319466,0,0,496.12503051757812,496.12503504753113,496.12503504753113,7.4218875489862057e-09,-1.5027042366000387e-07,0.066306938524959849,0,0,0,2.8946971042387304e-05,-3.0054084732000774e-05,-6.8192832713975804e-06,1.3424774670691479,0.16329548684392889,0.04062325059503679,-36795.414656308974,1.3425064140401903,36795.577921741737,0.040616431311765393,0.9980089924455593,0,0,0,0.031461999999999997,0,0,0,20,3.9605885149285314e-07,1,0,4,9.9263948172279015e-09,1.5066929393015016e-07,0.00032914179956325808
324,5.4166669491678476,1,0.033333335071802139,496.12503051757812,496.12503504753113,496.12503504753113,0.00039536875556223094,0.023721678182482719,0.066295411817881539,0.44068616628646851,-79.382110595703125,-6.4937076568603516,-0.00014076435945753474,4.7443356364965439,0.67776641808450222,0.90224260340460194,-82.687495236051433,6.5345509681442717,-36990.347561274197,0.9021018390451444,36912.404401674641,7.2123173862287739,11.463344005252431,0,0,3.702007,3.7510889999999999,-0.44104567170143127,74.296722412109375,11.891782760620117,20,8.5482781742030056e-07,1,0,2,7.4218875489862057e-09,-1.5027042366000387e-07,-0.1666666452905961
325,5.4333336167037487,0,0,496.12503051757812,496.12503504753113,496.12503504753113,6.0768797993659973e-08,-0.023718478158116341,0.066295411817881539,0,0,0,0.0013243363355286419,-4.7436956316232681,-0.67891711369156837,0.90224260340460194,-82.687495236051433,6.5345509681442717,-37023.047564378357,0.90356693974013058,36935.616373510682,5.8556338544527033,11.463250430601159,0,0,0,0.031001000000000001,0,0,0,20,8.5482781742030056e-07,1,0,2,0.00039536875556223094,0.023721678182482719,-0.1666666452905961
326,5.4500002842396498,1,0.033333335071802139,496.12503051757812,496.12503504753113,496.12503504753113,5.1460710892570205e-07,2.7230295017943718e-05,0.065881216581784141,8.0216846466064453,-103.85265350341797,13.523275375366211,-0.0008381521183764562,0.0054460590035887435,-0.00050854614528361708,-7.1194122542775027,-141.06778378249317,-6.9886243580208056,-37217.980469343573,-7.1202504063958791,37076.918131620085,-6.9891329041660892,27.093457892262087,0,0,3.386333,3.4364780000000001,-14.626235961914062,72.8070068359375,-16.022539138793945,10,8.8810920715332031e-06,1,0,1,6.0768797993659973e-08,-0.023718478158116341,-0.28433917625015276
327,5.4666669517755508,0,0,496.12503051757812,496.12503504753113,496.12503504753113,4.0482746044290252e-09,-3.0633527785539627e-05,0.065881216581784141,0,0,0,0.00086805157479830086,-0.0061267055571079254,0.00014780952142245951,-7.1194122542775027,-141.06778378249317,-6.9886243580208056,-37250.680472447733,-7.1185442027027044,37109.606561959685,-6.9884765484993832,27.093457781859094,0,0,0,0.031227999999999999,0,0,0,10,8.8810920715332031e-06,1,0,1,5.1460710892570205e-07,2.7230295017943718e-05,-0.28433917625015276
328,5.4833336193114519,1,0.033333335071802139,496.12503051757812,496.12503504753113,496.12503504753113,0.00066589697962626815,0.039953570812940598,0.066237909858729571,-14.142351150512695,-168.80357360839844,-18.875297546386719,-0.0010155486961593851,7.9907141625881195,1.1410516686737537,7.0229243390969005,-134.49712284233431,11.886418206731225,-37445.613377412956,7.0219087904007411,37319.106968733213,13.027469875404979,32.004826818548558,0,0,3.8062490000000002,3.8558599999999998,14.140956878662109,137.86984252929688,27.966894149780273,20,1.4406011814571684e-06,1.0486352443695068,0,2,4.0482746044290252e-09,-3.0633527785539627e-05,-0.27109521459534658
329,5.500000286847353,0,0,496.12503051757812,496.12503504753113,496.12503504753113,0.0001405330840498209,-0.031521830707788467,0.066237909858729571,0,0,0,0.0015236553736031055,-6.3043661415576935,-0.90597011148929596,7.0229243390969005,-134.49712284233431,11.886418206731225,-37478.313380517116,7.0244479944705036,37337.511891533228,10.980448095241929,31.867011339663964,0,0,0,0.031078000000000001,0,0,0,20,1.4406011814571684e-06,1.0486352443695068,0,2,0.00066589697962626815,0.039953570812940598,-0.27109521459534658
330,5.5166669543832541,1,0.033333335071802139,496.12503051757812,496.12503504753113,496.12503504753113,4.2272396967746317e-05,-0.0058956407010555267,0.065973608950976592,11.190374374389648,-132.90609741210938,19.873809814453125,0.071865186328068376,-1.1791281402111053,-0.084358069580048323,-4.1676842177999607,-163.82407197436163,-7.9875063726284807,-37673.246285482339,-4.0958190314718923,37508.243085367765,-8.0718644422085291,37.262689257079408,0,0,3.5944929999999999,3.6443530000000002,-20.001516342163086,89.644927978515625,-21.924491882324219,10,6.9439411163330078e-06,1,0,1,0.0001405330840498209,-0.031521830707788467,-0.33020722681060938
331,5.5333336219191551,0,0,496.12503051757812,496.12503504753113,496.12503504753113,-2.1477564587257802e-05,-0.0038249976933002472,0.065973608950976592,0,0,0,-0.077805109322071075,-0.76499953866004944,-0.1505486317910254,-4.1676842177999607,-163.82407197436163,-7.9875063726284807,-37705.9462885865,-4.2454893271220318,37541.357217073477,-8.1380550044195061,37.263062161195229,0,0,0,0.031321000000000002,0,0,0,10,6.9439411163330078e-06,1,0,1,4.2272396967746317e-05,-0.0058956407010555267,-0.33020722681060938
332,5.5500002894550562,1,0.033333335071802139,496.12503051757812,496.12503504753113,496.12503504753113,0.00061575364088639617,0.038233872503042221,0.06626920744168513,-3.2280406951904297,-326.59136962890625,-5.0613741874694824,-0.57069663889706135,7.6467745006084442,-0.5701886024326086,-0.94001529262926953,0.53394786468830124,-2.9262658838940978,-37900.879193551715,-1.5107119315263309,37909.059915917009,-3.4964544863267064,3.3073222764175827,0,0,3.850285,3.9064429999999999,1.8873476982116699,360.05487060546875,3.7936344146728516,20,7.2805505624273792e-06,1,0,3,-2.1477564587257802e-05,-0.0038249976933002472,0.0010762364867097395
333,5.5666669569909573,0,0,496.12503051757812,496.12503504753113,496.12503504753113,1.8742866814136505e-08,-0.036944091320037842,0.06626920744168513,0,0,0,0.51148319616913795,-7.3888182640075684,0.54825139231979847,-0.94001529262926953,0.53394786468830124,-2.9262658838940978,-37933.579196655875,-0.42853209646013157,37926.724326256553,-2.3780144915742993,3.283222960243239,0,0,0,0.031260000000000003,0,0,0,20,7.2805505624273792e-06,1,0,3,0.00061575364088639617,0.038233872503042221,0.0010762364867097395
334,5.5833336245268583,1,0.033333335071802139,496.12503051757812,496.12503504753113,496.12503504753113,7.4367791924601079e-09,-6.7836521111530601e-07,0.065714994762219536,-1.1676691770553589,-23.926891326904297,-2.4628267288208008,3.1366761277240585e-05,-0.0001356730422230612,-2.4297145273521892e-05,0.2277389456512588,-137.77204599442337,-0.46349773166087382,-38128.512101621091,0.22777031241253604,37990.739919953623,-0.46352202880614735,22.943478498743698,0,0,3.1306120000000002,3.1793559999999998,0,0,0,10,4.2313331505283713e-08,1,0,0,1.8742866814136505e-08,-0.036944091320037842,-0.27769621821487833
335,5.6000002920627594,0,0,496.12503051757812,496.12503504753113,496.12503504753113,7.4106183411970505e-09,-1.5696435262668729e-09,0.065714994762219536,0,0,0,-4.5092485834175022e-05,-3.1392870525337457e-07,-6.0822003433713689e-06,0.2277389456512588,-137.77204599442337,-0.46349773166087382,-38161.212104725251,0.22769385316542462,38023.440058416898,-0.4635038138612172,22.943478498675287,0,0,0,0.031191,0,0,0,10,4.2313331505283713e-08,1,0,0,7.4367791924601079e-09,-6.7836521111530601e-07,-0.27769621821487833
336,5.6166669595986605,1,0.033333335071802139,496.12503051757812,496.12503504753113,496.12503504753113,6.8469678808469325e-05,0.0041077355854213238,0.066177118189480855,-0.87185561656951904,-299.490966796875,-1.2341469526290894,-0.058714981423690915,0.82154711708426476,-0.058666575932875276,1.0996804637167765,-0.51371908746795125,0.77089098094153885,-38356.145009690474,1.0409654822930856,38356.452837720091,0.71222440500866357,1.9426788327069469,0,0,4.1130579999999997,4.1617040000000003,0.72198724746704102,332.19122314453125,1.0842832326889038,30,6.7711965812122799e-08,1,0,3,7.4106183411970505e-09,-1.5696435262668729e-09,-0.0010354629401411572
337,5.6333336271345615,0,0,496.12503051757812,496.12503504753113,496.12503504753113,7.7416189014911652e-09,-0.0041077160276472569,0.066177118189480855,0,0,0,0.058821303537115455,-0.82154320552945137,0.058782240375876427,1.0996804637167765,-0.51371908746795125,0.77089098094153885,-38388.845012794634,1.158501767253892,38387.509750501638,0.82967322131741528,1.9426788799777235,0,0,0,0.030886,0,0,0,30,6.7711965812122799e-08,1,0,3,6.8469678808469325e-05,0.0041077355854213238,-0.0010354629401411572
338,5.6500002946704626,1,0.033333335071802139,496.12503051757812,496.12503504753113,496.12503504753113,7.3633148467422416e-09,-2.2698252166719612e-08,0.066089499893845341,-0.93206852674484253,-27.795721054077148,0.22248603403568268,7.3820535817503696e-05,-4.5396504333439225e-06,-4.9083536168836872e-05,2.0315800278271841,-134.95090653819534,0.54845740908053209,-38583.777917759857,2.0316538483630016,38448.827006682011,0.54840832554436325,21.814725669231542,0,0,3.3444759999999998,3.4123190000000001,0,0,0,10,9.3820481197326444e-06,1,0,0,7.7416189014911652e-09,-0.0041077160276472569,-0.27200987050626541
339,5.6666669622063637,0,0,496.12503051757812,496.12503504753113,496.12503504753113,7.3653563248399223e-09,1.2249756764504127e-10,0.066089499893845341,0,0,0,-4.8258311835525092e-05,2.4499513529008254e-08,3.9375493088300573e-05,2.0315800278271841,-134.95090653819534,0.54845740908053209,-38616.477920864018,2.0315317695153485,38481.527014350322,0.54849678457362039,21.814725669225112,0,0,0,0.031290999999999999,0,0,0,10,9.3820481197326444e-06,1,0,0,7.3633148467422416e-09,-2.2698252166719612e-08,-0.27200987050626541
340,5.6833336297422647,1,0.033333335071802139,496.12503051757812,496.12503504753113,496.12503504753113,9.9895682836859123e-09,1.574527175307594e-07,0.066160310085127974,1.4101858139038086,-297.84893798828125,0.061729013919830322,-2.1187410936818196e-05,3.149054350615188e-05,9.6002520422189264e-05,0.62154814856382445,0.66507913535316032,0.4866613629486462,-38811.410825829233,0.62152696115288764,38812.075936455127,0.48675736546906839,1.2496826978585887,0,0,3.759258,3.8203459999999998,-1.4101499319076538,330.54885864257812,-0.061667859554290771,20,4.0094943187796162e-07,1,0,4,7.3653563248399223e-09,1.2249756764504127e-10,0.0013405474192396732
341,5.7000002972781658,0,0,496.12503051757812,496.12503504753113,496.12503504753113,7.3614598861126979e-09,-1.576865145125339e-07,0.066160310085127974,0,0,0,2.4598563186373212e-05,-3.1537302902506781e-05,-3.8504765598190716e-06,0.62154814856382445,0.66507913535316032,0.4866613629486462,-38844.110828933393,0.62157274712701083,38844.775876531443,0.48665751247208638,1.2496826978354061,0,0,0,0.030898999999999999,0,0,0,20,4.0094943187796162e-07,1,0,4,9.9895682836859123e-09,1.574527175307594e-07,0.0013405474192396732
342,5.7166669648140669,1,0.033333335071802139,496.12503051757812,496.12503504753113,496.12503504753113,9.8789687541511739e-09,1.5105050010788545e-07,0.066199795628080566,2.6071579456329346,-161.98309326171875,-1.0978658199310303,-1.3066035364772688e-05,3.0210100021577091e-05,0.00011028139397240011,-1.9854497619414193,0.415218664575013,1.5845935215485352,-39039.043733898616,-1.9854628279767841,39039.458982773293,1.5847038029425076,1.1329756628074357,0,0,3.5487060000000001,3.5969180000000001,-2.6071891784667969,194.68307495117188,1.0979764461517334,20,3.9040241972543299e-07,1,0,4,7.3614598861126979e-09,-1.576865145125339e-07,0.00083692342704542837
343,5.733333632349968,0,0,496.12503051757812,496.12503504753113,496.12503504753113,7.3996844207613321e-09,-1.4875703868710843e-07,0.066199795628080566,0,0,0,2.8994401191084762e-05,-2.9751407737421687e-05,-6.9230281951604411e-06,-1.9854497619414193,0.415218664575013,1.5845935215485352,-39071.743737002776,-1.9854207675402282,39072.158925915945,1.58458659852034,1.1329756627757592,0,0,0,0.035864,0,0,0,20,3.9040241972543299e-07,1,0,4,9.8789687541511739e-09,1.5105050010788545e-07,0.00083692342704542837
344,5.750000299885869,1,0.033333335071802139,496.12503051757812,496.12503504753113,496.12503504753113,0.00039365995326079428,0.0236191526055336,0.0661959768760772,0.46532097458839417,-79.356040954589844,-7.3215765953063965,-0.00014726724657521117,4.72383052110672,0.67485575564205647,-2.4509094911084088,-82.461644994204931,8.9063083043414473,-39266.676641967992,-2.451056758354984,39188.938827494894,9.5811640599835037,11.358328895487579,0,0,3.740615,3.7916810000000001,-0.46570080518722534,74.433853149414062,12.696335792541504,20,9.1240121946611907e-07,1,0,2,7.3996844207613321e-09,-1.4875703868710843e-07,-0.16621141681815094
345,5.7666669674217701,0,0,496.12503051757812,496.12503504753113,496.12503504753113,5.9633748605847359e-08,-0.023616017773747444,0.0661959768760772,0,0,0,0.0013085093087283894,-4.7232035547494888,-0.67598293535411358,-2.4509094911084088,-82.461644994204931,8.9063083043414473,-39299.376645072152,-2.4496009817996804,39212.191796523199,8.2303253689873337,11.358237730925625,0,0,0,0.031075999999999999,0,0,0,20,9.1240121946611907e-07,1,0,2,0.00039365995326079428,0.0236191526055336,-0.16621141681815094
346,5.7833336349576712,1,0.033333335071802139,496.12503051757812,496.12503504753113,496.12503504753113,5.1805591283482499e-07,2.7505326215759851e-05,0.065787805535760857,7.814356803894043,-104.07708740234375,14.171281814575195,-0.00087660346252960153,0.0055010652431519702,-0.0005184780548006529,-10.265203895536528,-140.617449015815,-5.2652797299727698,-39494.309550037367,-10.266080498999058,39353.697602086795,-5.2657982080275705,26.39465706134818,0,0,3.4613559999999999,3.5106700000000002,-14.682400703430176,72.889259338378906,-16.429805755615234,20,1.6043486539274454e-08,1,0,1,5.9633748605847359e-08,-0.023616017773747444,-0.28343147207304947
347,5.8000003024935722,0,0,496.12503051757812,496.12503504753113,496.12503504753113,2.2689050638291519e-09,-3.0947219784138724e-05,0.065787805535760857,0,0,0,0.00091039910330437124,-0.0061894439568277448,0.00018156663372792536,-10.265203895536528,-140.617449015815,-5.2652797299727698,-39527.009553141528,-10.264293496433224,39386.385914681756,-5.2650981633390419,26.394656950843409,0,0,0,0.031047999999999999,0,0,0,20,1.6043486539274454e-08,1,0,1,5.1805591283482499e-07,2.7505326215759851e-05,-0.28343147207304947
348,5.8166669700294733,1,0.033333335071802139,496.12503051757812,496.12503504753113,496.12503504753113,0.00066404178505763412,0.039842367172241211,0.066151241714857076,-11.132472991943359,-168.36456298828125,-18.051300048828125,-0.00046907189243938774,7.9684734344482422,1.1382021009922028,0.86719812197681245,-134.48579928534687,12.786066900039357,-39721.942458106751,0.86672905008437306,39595.425132255848,13.92426900103156,28.937592842852723,0,0,3.6400960000000002,3.700482,11.131218910217285,137.60848999023438,27.117395401000977,20,1.1740697800632915e-06,1,0,2,2.2689050638291519e-09,-3.0947219784138724e-05,-0.27107239059698429
349,5.8333336375653744,0,0,496.12503051757812,496.12503504753113,496.12503504753113,0.00013682706048712134,-0.031632881611585617,0.066151241714857076,0,0,0,0.000210427015190362,-6.3265763223171234,-0.90969689190387726,0.86719812197681245,-134.48579928534687,12.786066900039357,-39754.642461210911,0.86740854899200281,39613.830085603244,11.876370008135479,28.803424428609627,0,0,0,0.041950000000000001,0,0,0,20,1.1740697800632915e-06,1,0,2,0.00066404178505763412,0.039842367172241211,-0.27107239059698429
350,5.8500003051012754,1,0.033333335071802139,496.12503051757812,496.12503504753113,496.12503504753113,2.1478626877069473e-08,-0.0082083344459533691,0.065784666433829048,0.35670924186706543,-67.833580017089844,7.6663608551025391,-2.9746075824732543e-05,-1.6416668891906738,-0.23473098408430815,0.51054749496997354,-228.88508419213471,5.1196918800798779,-39949.575366176134,0.5105177488941488,39719.048615094805,4.8849608959955697,60.772650190145875,0,0,3.061401,3.1223939999999999,0,0,0,10,4.9453183237346821e-07,1,0,0,0.00013682706048712134,-0.031632881611585617,-0.46134556416852951
351,5.8666669726371765,0,0,496.12503051757812,496.12503504753113,496.12503504753113,7.006558000455243e-09,-8.6832409351700335e-07,0.065784666433829048,0,0,0,4.7148193971224828e-05,-0.00017366481870340067,0.00016552111219425569,0.51054749496997354,-228.88508419213471,5.1196918800798779,-39982.275369280294,0.51059464316394476,39753.390111423338,5.1198574011920721,60.757239167493225,0,0,0,0.031019000000000001,0,0,0,10,4.9453183237346821e-07,1,0,0,2.1478626877069473e-08,-0.0082083344459533691,-0.46134556416852951
352,5.8833336401730776,1,0.033333335071802139,496.12503051757812,496.12503504753113,496.12503504753113,0.00027044359012506902,0.016226192936301231,0.066133463666552594,2.7357919216156006,-392.06210327148438,5.3977599143981934,-0.2318384125828743,3.2452385872602463,0.23182278964668512,-2.2252371458009899,0.94421332053226426,-0.2777501247814948,-40177.20827424551,-2.4570755583838642,40181.3977261533,-0.045927335134809677,1.4204299962213096,0,0,3.772834,3.8216709999999998,-3.3278529644012451,424.76153564453125,-4.8058266639709473,20,6.1335731516010128e-06,1,0,3,7.006558000455243e-09,-8.6832409351700335e-07,0.0019031761226115189
353,5.9000003077089787,0,0,496.12503051757812,496.12503504753113,496.12503504753113,9.3132257461547852e-09,-0.016226055100560188,0.066133463666552594,0,0,0,0.23238230496644974,-3.2452110201120377,-0.23229627404361963,-2.2252371458009899,0.94421332053226426,-0.2777501247814948,-40209.90827734967,-1.9928548408345401,40207.607279650088,-0.51004639882511449,1.4204301559490771,0,0,0,0.031032000000000001,0,0,0,20,6.1335731516010128e-06,1,0,3,0.00027044359012506902,0.016226192936301231,0.0019031761226115189
354,5.9166669752448797,1,0.033333335071802139,496.12503051757812,496.12503504753113,496.12503504753113,4.3110841119187171e-08,2.0278569081710884e-06,0.065911170602047528,-5.8813414573669434,-59.537479400634766,5.1382551193237305,0.00011760673714888981,0.00040557138163421769,-0.00017049586631401326,3.6563586961544901,-101.75122805989214,-5.4162066972359586,-40404.841182314893,3.6564763028916389,40303.090359826383,-5.4163771931022726,14.147393935209109,0,0,3.7530760000000001,3.8199730000000001,9.1716508865356445,46.422035217285156,-8.3917255401611328,20,1.4901161193847656e-08,1,0,1,9.3132257461547852e-09,-0.016226055100560188,-0.20509190399985336
355,5.9333336427807808,0,0,496.12503051757812,496.12503504753113,496.12503504753113,-4.2516106191214931e-09,-2.8417468911356991e-06,0.065911170602047528,0,0,0,-8.478351674057194e-05,-0.00056834937822713982,-2.3024347228783881e-05,3.6563586961544901,-101.75122805989214,-5.4162066972359586,-40437.541185419053,3.6562739126377495,40335.789389009784,-5.4162297215831874,14.147393935153104,0,0,0,0.03109,0,0,0,20,1.4901161193847656e-08,1,0,1,4.3110841119187171e-08,2.0278569081710884e-06,-0.20509190399985336
356,5.9500003103166819,1,0.033333335071802139,496.12503051757812,496.12503504753113,496.12503504753113,2.0535144358291291e-06,0.00012346595758572221,0.066146546886080793,5.5330510139465332,-264.17013549804688,-5.182835578918457,-0.0017929580280906521,0.024693191517144442,0.0016899546608328819,-1.8766980393599495,0.18599772009482801,-0.23307075880633379,-40632.474090384276,-1.8784909973880402,40632.684781295888,-0.23138080414550091,1.3955556149615749,0,0,4.6822119999999998,4.7335089999999997,-5.5374870300292969,296.87066650390625,5.1873664855957031,30,5.0788912631105632e-07,1,0,3,-4.2516106191214931e-09,-2.8417468911356991e-06,0.00037490089585382152
357,5.9666669778525829,0,0,496.12503051757812,496.12503504753113,496.12503504753113,7.4319359555374831e-09,-0.00012276494817342609,0.066146546886080793,0,0,0,0.0019092392903985456,-0.024552989634685218,-0.0017990518244914711,-1.8766980393599495,0.18599772009482801,-0.23307075880633379,-40665.174093488436,-1.874788800069551,40665.335538218897,-0.23486981063082527,1.3955555887416347,0,0,0,0.031355000000000001,0,0,0,30,5.0788912631105632e-07,1,0,3,2.0535144358291291e-06,0.00012346595758572221,0.00037490089585382152
358,5.983333645388484,1,0.033333335071802139,496.12503051757812,496.12503504753113,496.12503504753113,1.3322218364919536e-05,0.00079888716572895646,0.066160489557957142,-0.25004911422729492,-162.32554626464844,1.1447913646697998,0.011470155732240528,0.15977743314579129,0.011471183825051412,-1.6266879369037075,0.27859498673400784,-1.3780624447747571,-40860.106998453652,-1.615217781171467,40860.545370873529,-1.3665912609497057,1.6228343013844371,0,0,4.3015119999999998,4.3849640000000001,0.27727508544921875,195.050048828125,-1.1138182878494263,30,2.3052254505273595e-07,1,0,3,7.4319359555374831e-09,-0.00012276494817342609,0.00056154188370541942
359,6.0000003129243851,0,0,496.12503051757812,496.12503504753113,496.12503504753113,7.5197021942585707e-09,-0.00079888186883181334,0.066160489557957142,0,0,0,-0.011413826723583043,-0.15977637376636267,-0.011539359547896311,-1.6266879369037075,0.27859498673400784,-1.3780624447747571,-40892.807001557812,-1.6381017636272905,40892.925820170778,-1.3896018043226535,1.6228343007561106,0,0,0,0.031281000000000003,0,0,0,30,2.3052254505273595e-07,1,0,3,1.3322218364919536e-05,0.00079888716572895646,0.00056154188370541942
